time_seconds,generation,best_fitness,best_f1,best_f2
0.0000000000,0,0.1110050424,2348.5571553867,220.5396957014
0.0074854000,1,0.0949456801,1547.9872957145,226.5062711247
0.0134899000,2,0.0873185950,1589.4362654278,194.6838168581
0.0193699000,3,0.0869093698,1551.2114634147,196.3008476708
0.0251313000,4,0.0860073375,1551.5479076610,192.9125443803
0.0320259000,5,0.0858757993,1627.9337495627,186.1444032187
0.0396198000,6,0.0844241803,1617.5618119330,181.5886467904
0.0476665000,7,0.0831967502,1506.6601903094,186.1305734490
0.0544740000,8,0.0828248395,1506.6601903094,184.7449665346
0.0607630000,9,0.0826430162,1506.6601903094,184.0675577394
0.0671502000,10,0.0826430162,1506.6601903094,184.0675577394
0.0734148000,11,0.0826430162,1506.6601903094,184.0675577394
0.0800903000,12,0.0800450113,1468.2156190650,177.5480371629
0.0864616000,13,0.0776929899,1446.1084711652,170.6022071245
0.0922943000,14,0.0754580818,1445.0579755462,162.3620741610
0.0980214000,15,0.0754580818,1445.0579755462,162.3620741610
0.1036815000,16,0.0754580818,1445.0579755462,162.3620741610
0.1090364000,17,0.0754580818,1445.0579755462,162.3620741610
0.1143182000,18,0.0754580818,1445.0579755462,162.3620741610
0.1194737000,19,0.0754095993,1385.7467215306,167.0561787489
0.1247253000,20,0.0754095993,1385.7467215306,167.0561787489
0.1301642000,21,0.0754095993,1385.7467215306,167.0561787489
0.1355463000,22,0.0735442069,1385.7467215306,160.1063907372
0.1406553000,23,0.0735442069,1385.7467215306,160.1063907372
0.1461472000,24,0.0735442069,1385.7467215306,160.1063907372
0.1514535000,25,0.0735442069,1385.7467215306,160.1063907372
0.1567135000,26,0.0726776375,1385.7467215306,156.8778614821
0.1619367000,27,0.0726776375,1385.7467215306,156.8778614821
0.1674175000,28,0.0717922359,1352.3777839406,156.3217299764
0.1727773000,29,0.0717305321,1265.1297014831,163.2626772362
0.1783008000,30,0.0717305321,1265.1297014831,163.2626772362
0.1856469000,31,0.0716983957,1312.1913691288,159.2749967069
0.1912647000,32,0.0716983957,1312.1913691288,159.2749967069
0.1973382000,33,0.0702560770,1265.1297014831,157.7693822727
0.2034598000,34,0.0697948692,1259.9817014831,156.4741952832
0.2088847000,35,0.0697948692,1259.9817014831,156.4741952832
0.2142677000,36,0.0697948692,1259.9817014831,156.4741952832
0.2209046000,37,0.0693252532,1266.2524713005,154.2091848546
0.2263737000,38,0.0690660265,1233.9284233754,155.9000798167
0.2318406000,39,0.0690660265,1233.9284233754,155.9000798167
0.2377815000,40,0.0690660265,1233.9284233754,155.9000798167
0.2445576000,41,0.0689259043,1233.9284233754,155.3780345089
0.2507897000,42,0.0689259043,1233.9284233754,155.3780345089
0.2568112000,43,0.0689259043,1233.9284233754,155.3780345089
0.2629332000,44,0.0689259043,1233.9284233754,155.3780345089
0.2691140000,45,0.0689259043,1233.9284233754,155.3780345089
0.2753157000,46,0.0689259043,1233.9284233754,155.3780345089
0.2814728000,47,0.0684732767,1241.5377163220,153.0663047265
0.2871255000,48,0.0681323136,1241.5377163220,151.7959975345
0.2933303000,49,0.0681323136,1241.5377163220,151.7959975345
0.2989601000,50,0.0672945178,1231.4797163220,149.5013256555
0.3048367000,51,0.0672945178,1231.4797163220,149.5013256555
0.3106305000,52,0.0672945178,1231.4797163220,149.5013256555
0.3163354000,53,0.0672945178,1231.4797163220,149.5013256555
0.3228699000,54,0.0669131606,1216.6701657035,149.2977068433
0.3298130000,55,0.0669131606,1216.6701657035,149.2977068433
0.3360495000,56,0.0669131606,1216.6701657035,149.2977068433
0.3417109000,57,0.0669131606,1216.6701657035,149.2977068433
0.3480653000,58,0.0668650553,1220.3884713005,148.8128795763
0.3536196000,59,0.0664579549,1216.2076283434,147.6397877046
0.3586766000,60,0.0664579549,1216.2076283434,147.6397877046
0.3638952000,61,0.0664579549,1216.2076283434,147.6397877046
0.3699120000,62,0.0664454308,1216.2076283434,147.5931273315
0.3758527000,63,0.0664350039,1216.2076283434,147.5542806362
0.3807620000,64,0.0663256530,1216.2076283434,147.1468779353
0.3857851000,65,0.0663256530,1216.2076283434,147.1468779353
0.3910142000,66,0.0663256530,1216.2076283434,147.1468779353
0.3965101000,67,0.0652578569,1220.3884713005,142.8250304688
0.4019430000,68,0.0652040982,1220.3884713005,142.6247445104
0.4077707000,69,0.0652040982,1220.3884713005,142.6247445104
0.4130679000,70,0.0647261178,1220.3884713005,140.8439596690
0.4194300000,71,0.0645866594,1214.3303873498,140.8222953976
0.4249972000,72,0.0645611718,1216.2024146662,140.5734774611
0.4323803000,73,0.0644576730,1214.3303873498,140.3417377312
0.4382056000,74,0.0644576730,1214.3303873498,140.3417377312
0.4436379000,75,0.0644576730,1214.3303873498,140.3417377312
0.4490889000,76,0.0644576730,1214.3303873498,140.3417377312
0.4540613000,77,0.0644542195,1216.1972009242,140.1754396647
0.4590045000,78,0.0643035619,1216.1972009242,139.6141430496
0.4638924000,79,0.0641199557,1216.1972009242,138.9300917500
0.4688017000,80,0.0640726303,1216.1972009242,138.7537742677
0.4738733000,81,0.0640147117,1216.1972009242,138.5379900044
0.4795605000,82,0.0634362967,1216.1972009242,136.3830217664
0.4858203000,83,0.0634362967,1216.1972009242,136.3830217664
0.4919970000,84,0.0634211419,1216.1972009242,136.3265603817
0.4981027000,85,0.0634211419,1216.1972009242,136.3265603817
0.5038582000,86,0.0634211419,1216.1972009242,136.3265603817
0.5102861000,87,0.0634012277,1216.1972009242,136.2523672394
0.5160940000,88,0.0633739225,1216.1972009242,136.1506375680
0.5214194000,89,0.0631909804,1216.1972009242,135.4690603903
0.5273711000,90,0.0631909804,1216.1972009242,135.4690603903
0.5331981000,91,0.0631909804,1216.1972009242,135.4690603903
0.5389779000,92,0.0631909804,1216.1972009242,135.4690603903
0.5447101000,93,0.0630878768,1213.2386717495,135.3280918504
0.5500941000,94,0.0628826988,1213.2386717495,134.5636715526
0.5553559000,95,0.0628826988,1213.2386717495,134.5636715526
0.5606179000,96,0.0628826988,1213.2386717495,134.5636715526
0.5657706000,97,0.0628826988,1213.2386717495,134.5636715526
0.5709938000,98,0.0628826988,1213.2386717495,134.5636715526
0.5783087000,99,0.0627501068,1196.2826717495,135.4632778896
0.5838121000,100,0.0625939643,1203.9126717495,134.2544444533
0.5890699000,101,0.0625883277,1203.9126717495,134.2334444533
0.5945335000,102,0.0625536078,1212.3374581691,133.4116655421
0.5995742000,103,0.0624592855,1215.6792093825,132.7855989066
0.6052319000,104,0.0624592855,1215.6792093825,132.7855989066
0.6110565000,105,0.0620004430,1212.3374581691,131.3507704263
0.6162225000,106,0.0620004430,1212.3374581691,131.3507704263
0.6219490000,107,0.0616840931,1198.9814581691,131.2698794922
0.6272331000,108,0.0615020653,1198.9814581691,130.5917087632
0.6334561000,109,0.0615020653,1198.9814581691,130.5917087632
0.6414411000,110,0.0615020653,1198.9814581691,130.5917087632
0.6479764000,111,0.0615020653,1198.9814581691,130.5917087632
0.6548935000,112,0.0613992414,1198.9814581691,130.2086234968
0.6609215000,113,0.0613322232,1198.9814581691,129.9589373992
0.6664679000,114,0.0613322232,1198.9814581691,129.9589373992
0.6719541000,115,0.0612756277,1198.9814581691,129.7480826643
0.6770556000,116,0.0611916324,1195.6334581691,129.7103150075
0.6820931000,117,0.0611916324,1195.6334581691,129.7103150075
0.6869027000,118,0.0610176175,1198.9814581691,128.7868287618
0.6920384000,119,0.0609362104,1198.9814581691,128.4835348785
0.6978781000,120,0.0606864876,1171.1967215306,129.8367565403
0.7039802000,121,0.0604398548,1171.1967215306,128.9178904412
0.7088537000,122,0.0603693095,1171.1967215306,128.6550637429
0.7134215000,123,0.0603693095,1171.1967215306,128.6550637429
0.7183707000,124,0.0603286670,1168.2147215306,128.7487317311
0.7237216000,125,0.0603175064,1171.1967215306,128.4620637429
0.7303021000,126,0.0603175064,1171.1967215306,128.4620637429
0.7363729000,127,0.0602921632,1168.2147215306,128.6127317311
0.7415915000,128,0.0601609225,1168.2147215306,128.1237755050
0.7467163000,129,0.0601609225,1168.2147215306,128.1237755050
0.7517962000,130,0.0601609225,1168.2147215306,128.1237755050
0.7569893000,131,0.0600458041,1160.5467215306,128.3251108389
0.7622586000,132,0.0600439253,1160.5467215306,128.3181108389
0.7676951000,133,0.0598809292,1149.6867215306,128.6034180884
0.7730115000,134,0.0597829497,1149.6867215306,128.2383814621
0.7794914000,135,0.0593040793,1149.6867215306,126.4542809190
0.7864374000,136,0.0592670920,1149.6867215306,126.3164793643
0.7926069000,137,0.0592670920,1149.6867215306,126.3164793643
0.7976980000,138,0.0592670920,1149.6867215306,126.3164793643
0.8040157000,139,0.0592670920,1149.6867215306,126.3164793643
0.8097418000,140,0.0592670920,1149.6867215306,126.3164793643
0.8155620000,141,0.0590724425,1149.6867215306,125.5912844315
0.8205877000,142,0.0590724425,1149.6867215306,125.5912844315
0.8267769000,143,0.0590724425,1149.6867215306,125.5912844315
0.8321636000,144,0.0590313094,1149.6867215306,125.4380371213
0.8371590000,145,0.0590313094,1149.6867215306,125.4380371213
0.8418755000,146,0.0588294185,1149.6867215306,124.6858634298
0.8470240000,147,0.0586361070,1137.3662128723,124.9782642247
0.8522325000,148,0.0586361070,1137.3662128723,124.9782642247
0.8582155000,149,0.0585355088,1149.6867215306,123.5908604348
0.8637495000,150,0.0585355088,1149.6867215306,123.5908604348
0.8696359000,151,0.0585355088,1149.6867215306,123.5908604348
0.8756788000,152,0.0585270681,1137.3662128723,124.5720240594
0.8808809000,153,0.0584819382,1137.3662128723,124.4038858827
0.8868307000,154,0.0584819382,1137.3662128723,124.4038858827
0.8923167000,155,0.0584819382,1137.3662128723,124.4038858827
0.8972882000,156,0.0584819382,1137.3662128723,124.4038858827
0.9028540000,157,0.0584819382,1137.3662128723,124.4038858827
0.9086975000,158,0.0582602862,1134.1239126516,123.8445709484
0.9137849000,159,0.0582367132,1130.0919126516,124.0881325998
0.9192752000,160,0.0582367132,1130.0919126516,124.0881325998
0.9239910000,161,0.0582367132,1130.0919126516,124.0881325998
0.9287513000,162,0.0582367132,1130.0919126516,124.0881325998
0.9343590000,163,0.0582348065,1130.0919126516,124.0810286371
0.9392910000,164,0.0582348065,1130.0919126516,124.0810286371
0.9450985000,165,0.0582080608,1114.7582128723,125.2416454160
0.9513704000,166,0.0581520929,1125.7022128723,124.1336525595
0.9576663000,167,0.0576706303,1104.1582957460,124.1105674727
0.9627985000,168,0.0576706303,1104.1582957460,124.1105674727
0.9680221000,169,0.0576706303,1104.1582957460,124.1105674727
0.9735836000,170,0.0576706303,1104.1582957460,124.1105674727
0.9786114000,171,0.0573048472,1104.1582957460,122.7477897551
0.9835339000,172,0.0571940231,1103.5773134493,122.3826487048
0.9891611000,173,0.0571675383,1103.5773134493,122.2839758912
0.9945621000,174,0.0571237326,1103.5773134493,122.1207715260
1.0004117000,175,0.0569227814,1103.5773134493,121.3720988841
1.0064423000,176,0.0569227814,1103.5773134493,121.3720988841
1.0116572000,177,0.0567029133,1103.5773134493,120.5529484005
1.0171773000,178,0.0566963218,1103.5773134493,120.5283910227
1.0224151000,179,0.0566963218,1103.5773134493,120.5283910227
1.0278551000,180,0.0566823645,1103.5773134493,120.4763910227
1.0330783000,181,0.0564601338,1103.5773134493,119.6484387099
1.0390242000,182,0.0564573965,1103.5773134493,119.6382403025
1.0442881000,183,0.0563716223,1103.5773134493,119.3186759976
1.0497219000,184,0.0563482809,1103.5773134493,119.2317145046
1.0545899000,185,0.0563404970,1103.5773134493,119.2027145046
1.0599674000,186,0.0563404970,1103.5773134493,119.2027145046
1.0654887000,187,0.0562986850,1103.3349830092,119.0668548259
1.0718372000,188,0.0562599057,1103.3349830092,118.9223767168
1.0772092000,189,0.0562599057,1103.3349830092,118.9223767168
1.0824456000,190,0.0562220225,1103.3349830092,118.7812372781
1.0875844000,191,0.0562220225,1103.3349830092,118.7812372781
1.0931678000,192,0.0560442439,1103.3349830092,118.1188977894
1.1004211000,193,0.0558458208,1091.7534581691,118.3315178232
1.1070700000,194,0.0556429572,1097.5414581691,117.1000103812
1.1131263000,195,0.0556429572,1097.5414581691,117.1000103812
1.1189677000,196,0.0556429572,1097.5414581691,117.1000103812
1.1246082000,197,0.0556429572,1097.5414581691,117.1000103812
1.1295781000,198,0.0556429572,1097.5414581691,117.1000103812
1.1346811000,199,0.0556429572,1097.5414581691,117.1000103812
1.1406228000,200,0.0556381714,1097.5414581691,117.0821799640
1.1461343000,201,0.0555180115,1097.5414581691,116.6345071125
1.1512087000,202,0.0555180115,1097.5414581691,116.6345071125
1.1566955000,203,0.0554890330,1097.5414581691,116.5265433579
1.1616844000,204,0.0554890330,1097.5414581691,116.5265433579
1.1674264000,205,0.0552036470,1091.8092009242,115.9344253290
1.1745779000,206,0.0551522648,1091.8092009242,115.7429934963
1.1815110000,207,0.0551522648,1091.8092009242,115.7429934963
1.1883674000,208,0.0551424495,1091.8092009242,115.7064253290
1.1939619000,209,0.0551424495,1091.8092009242,115.7064253290
1.2001534000,210,0.0550975544,1091.8092009242,115.5391620117
1.2055626000,211,0.0549568831,1090.0813423034,115.1570818574
1.2114541000,212,0.0549568831,1090.0813423034,115.1570818574
1.2165463000,213,0.0549568831,1090.0813423034,115.1570818574
1.2216636000,214,0.0549568831,1090.0813423034,115.1570818574
1.2267533000,215,0.0549568831,1090.0813423034,115.1570818574
1.2319604000,216,0.0549568831,1090.0813423034,115.1570818574
1.2376939000,217,0.0548742688,1090.0813423034,114.8492902558
1.2433613000,218,0.0548366443,1090.8013423034,114.6499387218
1.2484298000,219,0.0548366443,1090.8013423034,114.6499387218
1.2537982000,220,0.0548280810,1090.0813423034,114.6772112161
1.2588665000,221,0.0548280810,1090.0813423034,114.6772112161
1.2642379000,222,0.0545590525,1068.1834581691,115.4746722249
1.2693325000,223,0.0545590525,1068.1834581691,115.4746722249
1.2746665000,224,0.0542283617,1067.3742128723,114.3091470264
1.2806860000,225,0.0542283617,1067.3742128723,114.3091470264
1.2860910000,226,0.0542283617,1067.3742128723,114.3091470264
1.2914104000,227,0.0542283617,1067.3742128723,114.3091470264
1.2971553000,228,0.0542283617,1067.3742128723,114.3091470264
1.3031482000,229,0.0542283617,1067.3742128723,114.3091470264
1.3094639000,230,0.0542283617,1067.3742128723,114.3091470264
1.3152483000,231,0.0542283617,1067.3742128723,114.3091470264
1.3205312000,232,0.0542283617,1067.3742128723,114.3091470264
1.3254318000,233,0.0542283617,1067.3742128723,114.3091470264
1.3310504000,234,0.0542283617,1067.3742128723,114.3091470264
1.3377126000,235,0.0542235217,1067.4027547622,114.2887691291
1.3441423000,236,0.0542235217,1067.4027547622,114.2887691291
1.3495747000,237,0.0541423656,1067.4027547622,113.9864102420
1.3547403000,238,0.0541125495,1067.4027547622,113.8753259261
1.3600944000,239,0.0540144683,1067.3742128723,113.5122561188
1.3655477000,240,0.0539917525,1067.4027547622,113.4252794375
1.3710535000,241,0.0539776109,1067.4027547622,113.3725929954
1.3765655000,242,0.0539259203,1067.3742128723,113.1823577912
1.3823027000,243,0.0539259203,1067.3742128723,113.1823577912
1.3873013000,244,0.0539259203,1067.3742128723,113.1823577912
1.3928066000,245,0.0538741689,1067.3742128723,112.9895505378
1.3980094000,246,0.0537447231,1064.8354581691,112.7159394594
1.4044469000,247,0.0537345885,1064.8354581691,112.6781813711
1.4096798000,248,0.0537177572,1064.8354581691,112.6154738791
1.4148731000,249,0.0537177572,1064.8354581691,112.6154738791
1.4196123000,250,0.0536013645,1064.8354581691,112.1818360965
1.4255575000,251,0.0535997944,1064.8354581691,112.1759867204
1.4312071000,252,0.0535011748,1064.8354581691,111.8085649371
1.4363272000,253,0.0535011748,1064.8354581691,111.8085649371
1.4421765000,254,0.0535011748,1064.8354581691,111.8085649371
1.4469873000,255,0.0533761513,1064.8354581691,111.3427720314
1.4528077000,256,0.0533761513,1064.8354581691,111.3427720314
1.4581685000,257,0.0533761513,1064.8354581691,111.3427720314
1.4629632000,258,0.0533423328,1060.6549816652,111.5603654291
1.4676599000,259,0.0533247740,1060.6549816652,111.4949476832
1.4727366000,260,0.0533247740,1060.6549816652,111.4949476832
1.4778978000,261,0.0532336066,1060.6549816652,111.1552905545
1.4826720000,262,0.0532287753,1060.6549816652,111.1372905545
1.4875302000,263,0.0532287753,1060.6549816652,111.1372905545
1.4922580000,264,0.0531911979,1060.6549816652,110.9972905545
1.4973388000,265,0.0531776091,1061.7280939663,110.8584655237
1.5025186000,266,0.0531459251,1061.7280939663,110.7404221550
1.5080069000,267,0.0531021373,1061.7280939663,110.5772843629
1.5137722000,268,0.0531021373,1061.7280939663,110.5772843629
1.5201620000,269,0.0530157231,1060.6549816652,110.3435342043
1.5254823000,270,0.0530157231,1060.6549816652,110.3435342043
1.5308317000,271,0.0530157231,1060.6549816652,110.3435342043
1.5358366000,272,0.0530157231,1060.6549816652,110.3435342043
1.5415966000,273,0.0530157231,1060.6549816652,110.3435342043
1.5477685000,274,0.0530157231,1060.6549816652,110.3435342043
1.5530216000,275,0.0529866625,1060.6549816652,110.2352647008
1.5584642000,276,0.0529522170,1060.6549816652,110.1069328616
1.5641350000,277,0.0529464451,1060.6549816652,110.0854286693
1.5692927000,278,0.0529323482,1061.7280939663,109.9447106680
1.5743862000,279,0.0528224007,1060.6549816652,109.6232834290
1.5795650000,280,0.0528224007,1060.6549816652,109.6232834290
1.5845217000,281,0.0528224007,1060.6549816652,109.6232834290
1.5894084000,282,0.0527586592,1060.6549816652,109.3858054693
1.5947488000,283,0.0527511607,1060.6549816652,109.3578685891
1.5999266000,284,0.0527373950,1060.6549816652,109.3065825458
1.6050760000,285,0.0527373950,1060.6549816652,109.3065825458
1.6096053000,286,0.0527252386,1060.6549816652,109.2612922729
1.6153397000,287,0.0526926378,1064.1273326789,108.8544439256
1.6212628000,288,0.0526533941,1060.6549816652,108.9936251656
1.6270258000,289,0.0525286621,1063.4553134493,108.2987616057
1.6323837000,290,0.0524580502,1063.4553134493,108.0356867118
1.6380771000,291,0.0524491881,1063.4553134493,108.0026696676
1.6433973000,292,0.0524308560,1063.4553134493,107.9343707627
1.6488884000,293,0.0524308560,1063.4553134493,107.9343707627
1.6545460000,294,0.0524308560,1063.4553134493,107.9343707627
1.6604582000,295,0.0524308560,1063.4553134493,107.9343707627
1.6663110000,296,0.0524308560,1063.4553134493,107.9343707627
1.6720334000,297,0.0523524298,1063.4553134493,107.6421826353
1.6777265000,298,0.0522354690,1063.4553134493,107.2064285433
1.6830656000,299,0.0522354690,1063.4553134493,107.2064285433
1.6883019000,300,0.0522203688,1063.4553134493,107.1501704403
1.6934962000,301,0.0522203688,1063.4553134493,107.1501704403
1.6999838000,302,0.0522203688,1063.4553134493,107.1501704403
1.7065313000,303,0.0520598022,1063.1958222706,106.5732839160
1.7117984000,304,0.0520598022,1063.1958222706,106.5732839160
1.7169554000,305,0.0520598022,1063.1958222706,106.5732839160
1.7231394000,306,0.0520598022,1063.1958222706,106.5732839160
1.7287198000,307,0.0520598022,1063.1958222706,106.5732839160
1.7343558000,308,0.0520598022,1063.1958222706,106.5732839160
1.7402989000,309,0.0520278588,1063.1958222706,106.4542739128
1.7460994000,310,0.0520134331,1063.4553134493,106.3792016071
1.7535701000,311,0.0520134331,1063.4553134493,106.3792016071
1.7593775000,312,0.0519132723,1064.9151925085,105.8860521219
1.7650338000,313,0.0519061379,1064.9151925085,105.8594719145
1.7705332000,314,0.0519061379,1064.9151925085,105.8594719145
1.7760876000,315,0.0518794148,1062.7053076307,105.9415393056
1.7814045000,316,0.0518794148,1062.7053076307,105.9415393056
1.7866578000,317,0.0518479363,1062.7053076307,105.8242617540
1.7916098000,318,0.0517954729,1062.7053076307,105.6288017824
1.7967157000,319,0.0516868878,1062.7053076307,105.2242522273
1.8017412000,320,0.0516868878,1062.7053076307,105.2242522273
1.8068756000,321,0.0516364286,1062.7053076307,105.0362592674
1.8122011000,322,0.0514866172,1062.7053076307,104.4781155259
1.8173981000,323,0.0514866172,1062.7053076307,104.4781155259
1.8223227000,324,0.0514445136,1062.7053076307,104.3212522151
1.8270708000,325,0.0514445136,1062.7053076307,104.3212522151
1.8318633000,326,0.0513724222,1062.7053076307,104.0526655375
1.8368210000,327,0.0512325644,1060.9773076307,103.6736275706
1.8417528000,328,0.0511936971,1060.6549816652,103.5553137061
1.8493526000,329,0.0511928516,1060.6549816652,103.5521635989
1.8550580000,330,0.0511928516,1060.6549816652,103.5521635989
1.8604165000,331,0.0511771464,1060.6549816652,103.4936515835
1.8656515000,332,0.0511771464,1060.6549816652,103.4936515835
1.8708473000,333,0.0511416690,1060.5874581691,103.3670249338
1.8761668000,334,0.0511303846,1060.6549816652,103.3194338744
1.8814738000,335,0.0511274220,1060.6549816652,103.3083961575
1.8871041000,336,0.0510835662,1060.5874581691,103.1505547668
1.8926950000,337,0.0510835662,1060.5874581691,103.1505547668
1.8988441000,338,0.0509874557,1060.5874581691,102.7924811556
1.9047546000,339,0.0509767776,1060.5874581691,102.7526985298
1.9109005000,340,0.0509767776,1060.5874581691,102.7526985298
1.9168743000,341,0.0508976247,1060.5874581691,102.4578027213
1.9223882000,342,0.0508255826,1060.5874581691,102.1893997843
1.9281614000,343,0.0507956506,1060.5874581691,102.0778835027
1.9336334000,344,0.0507956506,1060.5874581691,102.0778835027
1.9391071000,345,0.0507956506,1060.5874581691,102.0778835027
1.9453313000,346,0.0507956506,1060.5874581691,102.0778835027
1.9508137000,347,0.0507956506,1060.5874581691,102.0778835027
1.9563158000,348,0.0507560117,1060.5874581691,101.9302030787
1.9621788000,349,0.0506699128,1057.3114416411,101.8786818255
1.9680882000,350,0.0506699128,1057.3114416411,101.8786818255
1.9736767000,351,0.0506538479,1056.7941548725,101.8613452164
1.9788559000,352,0.0505919568,1057.4365479295,101.5779633087
1.9845029000,353,0.0505919568,1057.4365479295,101.5779633087
1.9904617000,354,0.0505866205,1056.9453076307,101.5984565592
1.9962597000,355,0.0505774945,1056.9453076307,101.5644565592
2.0014312000,356,0.0505774945,1056.9453076307,101.5644565592
2.0065109000,357,0.0504674568,1057.4365479295,101.1141204545
2.0119922000,358,0.0504674568,1057.4365479295,101.1141204545
2.0173053000,359,0.0504674568,1057.4365479295,101.1141204545
2.0224548000,360,0.0501683167,1034.2354416411,101.9065069244
2.0285003000,361,0.0500499441,1031.1039291006,101.7228687083
2.0344366000,362,0.0499720200,1031.1039291006,101.4325514173
2.0400082000,363,0.0499720200,1031.1039291006,101.4325514173
2.0456261000,364,0.0499720200,1031.1039291006,101.4325514173
2.0511993000,365,0.0499720200,1031.1039291006,101.4325514173
2.0580438000,366,0.0499720200,1031.1039291006,101.4325514173
2.0637237000,367,0.0499720200,1031.1039291006,101.4325514173
2.0695413000,368,0.0499609022,1031.1039291006,101.3911301440
2.0748882000,369,0.0499335365,1031.1811041384,101.2828323109
2.0808790000,370,0.0499335365,1031.1811041384,101.2828323109
2.0870941000,371,0.0499335365,1031.1811041384,101.2828323109
2.0928241000,372,0.0498962935,1031.1811041384,101.1440781672
2.0984387000,373,0.0498962935,1031.1811041384,101.1440781672
2.1034649000,374,0.0498674799,1031.1811041384,101.0367289244
2.1087247000,375,0.0498674799,1031.1811041384,101.0367289244
2.1140807000,376,0.0496230966,1022.1537329996,100.8681946576
2.1197385000,377,0.0496230966,1022.1537329996,100.8681946576
2.1258055000,378,0.0495808431,1022.1537329996,100.7107732458
2.1313845000,379,0.0495808431,1022.1537329996,100.7107732458
2.1364539000,380,0.0495413631,1022.1537329996,100.5636847608
2.1415036000,381,0.0495413631,1022.1537329996,100.5636847608
2.1468751000,382,0.0495413631,1022.1537329996,100.5636847608
2.1519849000,383,0.0495297360,1022.1537329996,100.5203663043
2.1578966000,384,0.0494807796,1022.1537329996,100.3379721334
2.1634892000,385,0.0494793522,1031.1039291006,99.5970462875
2.1692501000,386,0.0492847211,1022.1537329996,99.6075277951
2.1747623000,387,0.0491553621,1022.1537329996,99.1255822736
2.1806288000,388,0.0491553621,1022.1537329996,99.1255822736
2.1869456000,389,0.0491553621,1022.1537329996,99.1255822736
2.1947177000,390,0.0491553621,1022.1537329996,99.1255822736
2.2009761000,391,0.0491553621,1022.1537329996,99.1255822736
2.2067225000,392,0.0491553621,1022.1537329996,99.1255822736
2.2115645000,393,0.0491553621,1022.1537329996,99.1255822736
2.2170147000,394,0.0491463247,1022.1537329996,99.0919121038
2.2223513000,395,0.0490350830,1022.1537329996,98.6774651104
2.2271406000,396,0.0489200455,1022.1537329996,98.2488762411
2.2317577000,397,0.0488937516,1022.1537329996,98.1509147623
2.2364832000,398,0.0488878559,1022.1537329996,98.1289494961
2.2411581000,399,0.0488267320,1012.2177329996,98.7178535924
2.2467831000,400,0.0487169870,1012.2177329996,98.3089826871
2.2520776000,401,0.0487169870,1012.2177329996,98.3089826871
2.2569434000,402,0.0487169870,1012.2177329996,98.3089826871
2.2621254000,403,0.0486913718,1012.2177329996,98.2135495186
2.2687532000,404,0.0486913718,1012.2177329996,98.2135495186
2.2748685000,405,0.0486874913,1012.2177329996,98.1990923297
2.2804797000,406,0.0486874913,1012.2177329996,98.1990923297
2.2860715000,407,0.0485881135,1012.2177329996,97.8288457070
2.2910227000,408,0.0485881135,1012.2177329996,97.8288457070
2.2966037000,409,0.0484721780,1012.2177329996,97.3969114276
2.3021950000,410,0.0484267278,1012.2177329996,97.2275802802
2.3072145000,411,0.0484267278,1012.2177329996,97.2275802802
2.3125926000,412,0.0484267278,1012.2177329996,97.2275802802
2.3183839000,413,0.0484267278,1012.2177329996,97.2275802802
2.3242959000,414,0.0484267278,1012.2177329996,97.2275802802
2.3294358000,415,0.0483591290,1012.2177329996,96.9757310077
2.3345681000,416,0.0483591290,1012.2177329996,96.9757310077
2.3392830000,417,0.0483377258,1012.2177329996,96.8959904152
2.3439956000,418,0.0482960852,1012.2177329996,96.7408521954
2.3504274000,419,0.0482834152,1012.2177329996,96.6936484396
2.3564286000,420,0.0482834152,1012.2177329996,96.6936484396
2.3628582000,421,0.0482834152,1012.2177329996,96.6936484396
2.3680816000,422,0.0481764612,1012.2177329996,96.2951759481
2.3731657000,423,0.0481764612,1012.2177329996,96.2951759481
2.3782081000,424,0.0481623755,1012.2177329996,96.2426976798
2.3833770000,425,0.0481623755,1012.2177329996,96.2426976798
2.3887684000,426,0.0481284535,1012.2177329996,96.1163162296
2.3936679000,427,0.0481073223,1009.2842872632,96.2786860673
2.3984215000,428,0.0480195390,1009.2842872632,95.9516364807
2.4031389000,429,0.0480195390,1009.2842872632,95.9516364807
2.4088602000,430,0.0477872838,976.9947360657,97.7401826655
2.4150356000,431,0.0477744127,976.9947360657,97.6922295294
2.4218512000,432,0.0477623343,976.9947360657,97.6472295294
2.4269192000,433,0.0477461410,976.9947360657,97.5868993267
2.4321634000,434,0.0476606216,974.3879126516,97.4825365246
2.4371305000,435,0.0476606216,974.3879126516,97.4825365246
2.4419685000,436,0.0476606216,974.3879126516,97.4825365246
2.4468151000,437,0.0476606216,974.3879126516,97.4825365246
2.4521433000,438,0.0476606216,974.3879126516,97.4825365246
2.4593345000,439,0.0476606216,974.3879126516,97.4825365246
2.4647850000,440,0.0476465707,976.9947360657,97.2159358632
2.4705990000,441,0.0476385227,974.3879126516,97.4002040430
2.4761979000,442,0.0475971010,974.3879126516,97.2458815574
2.4810336000,443,0.0475769058,974.3879126516,97.1706413378
2.4868785000,444,0.0475569379,976.9947360657,96.8819956973
2.4919181000,445,0.0475177635,974.3879126516,96.9502982003
2.4975477000,446,0.0475177635,974.3879126516,96.9502982003
2.5043875000,447,0.0475013091,974.3879126516,96.8889949598
2.5106677000,448,0.0474581530,974.3879126516,96.7282106121
2.5166014000,449,0.0474436814,974.3879126516,96.6742945779
2.5219937000,450,0.0474436814,974.3879126516,96.6742945779
2.5275884000,451,0.0474436814,974.3879126516,96.6742945779
2.5323285000,452,0.0474436814,974.3879126516,96.6742945779
2.5368989000,453,0.0474436814,974.3879126516,96.6742945779
2.5421283000,454,0.0474299595,974.3879126516,96.6231717809
2.5475159000,455,0.0474299595,974.3879126516,96.6231717809
2.5528415000,456,0.0474299595,974.3879126516,96.6231717809
2.5580367000,457,0.0473091467,970.2727215306,96.5112895678
2.5635034000,458,0.0472964564,970.2727215306,96.4640103375
2.5688058000,459,0.0472964564,970.2727215306,96.4640103375
2.5743370000,460,0.0472964564,970.2727215306,96.4640103375
2.5794540000,461,0.0472531385,970.2727215306,96.3026231240
2.5847502000,462,0.0472531385,970.2727215306,96.3026231240
2.5906093000,463,0.0472531385,970.2727215306,96.3026231240
2.5962513000,464,0.0472528917,970.2727215306,96.3017036667
2.6014438000,465,0.0472447582,970.2727215306,96.2714011476
2.6071427000,466,0.0472447582,970.2727215306,96.2714011476
2.6120265000,467,0.0472126703,970.2727215306,96.1518529877
2.6177315000,468,0.0472032268,970.2727215306,96.1166699713
2.6238910000,469,0.0472016081,966.4454581691,96.4251980650
2.6292433000,470,0.0472016081,966.4454581691,96.4251980650
2.6342674000,471,0.0471823904,966.4454581691,96.3535999781
2.6391607000,472,0.0471563826,966.4454581691,96.2567038804
2.6458060000,473,0.0471563826,966.4454581691,96.2567038804
2.6519981000,474,0.0471157505,966.4454581691,96.1053231329
2.6588960000,475,0.0471157505,966.4454581691,96.1053231329
2.6640941000,476,0.0471157505,966.4454581691,96.1053231329
2.6690215000,477,0.0471082015,966.4454581691,96.0771984817
2.6737200000,478,0.0470836093,966.4454581691,95.9855765033
2.6785033000,479,0.0470836093,966.4454581691,95.9855765033
2.6835049000,480,0.0470589974,970.2727215306,95.5793223805
2.6882581000,481,0.0470319551,970.2727215306,95.4785723169
2.6930088000,482,0.0469881919,970.2727215306,95.3155263966
2.6977502000,483,0.0469872920,970.2727215306,95.3121735229
2.7032733000,484,0.0469872920,970.2727215306,95.3121735229
2.7086501000,485,0.0469872920,970.2727215306,95.3121735229
2.7137270000,486,0.0469761109,970.2727215306,95.2705167226
2.7197548000,487,0.0468987324,966.4454581691,95.2967909188
2.7248036000,488,0.0468875447,966.4454581691,95.2551096536
2.7295206000,489,0.0468729364,966.4454581691,95.2006842126
2.7347548000,490,0.0468729364,966.4454581691,95.2006842126
2.7400148000,491,0.0468263806,966.4454581691,95.0272339833
2.7454155000,492,0.0468222626,966.4454581691,95.0118916541
2.7515842000,493,0.0468195293,966.4454581691,95.0017083880
2.7586211000,494,0.0467973737,966.4454581691,94.9191645559
2.7646639000,495,0.0467662694,964.5291925085,94.9607769719
2.7695570000,496,0.0467662694,964.5291925085,94.9607769719
2.7745205000,497,0.0467368000,970.2727215306,94.3789295470
2.7795357000,498,0.0467322549,970.2727215306,94.3619963371
2.7855341000,499,0.0467257248,970.2727215306,94.3376671643
2.7920257000,500,0.0467257248,970.2727215306,94.3376671643
2.7972863000,501,0.0467145897,970.2727215306,94.2961818505
2.8023095000,502,0.0466624320,970.2727215306,94.1018607452
2.8078114000,503,0.0466471896,970.2727215306,94.0450730182
2.8130001000,504,0.0466141143,970.2727215306,93.9218462333
2.8180824000,505,0.0466021205,970.2727215306,93.8771616729
2.8229009000,506,0.0465889488,970.2727215306,93.8280884772
2.8290871000,507,0.0465889488,970.2727215306,93.8280884772
2.8342032000,508,0.0465889488,970.2727215306,93.8280884772
2.8391676000,509,0.0465889488,970.2727215306,93.8280884772
2.8442739000,510,0.0465889488,970.2727215306,93.8280884772
2.8498851000,511,0.0465235930,970.2727215306,93.5845962567
2.8551945000,512,0.0465153690,970.2727215306,93.5539565955
2.8604124000,513,0.0464789538,970.2727215306,93.4182865431
2.8666221000,514,0.0463818610,970.2727215306,93.0565532307
2.8716227000,515,0.0463818610,970.2727215306,93.0565532307
2.8778837000,516,0.0463773401,970.2727215306,93.0397099659
2.8837511000,517,0.0463672299,970.2727215306,93.0020429367
2.8890282000,518,0.0463643929,970.2727215306,92.9914734251
2.8945758000,519,0.0463565915,970.2727215306,92.9624079245
2.8998882000,520,0.0463501091,970.2727215306,92.9382567967
2.9057139000,521,0.0463454913,970.2727215306,92.9210527430
2.9130326000,522,0.0463419196,970.2727215306,92.9077456534
2.9250564000,523,0.0463419196,970.2727215306,92.9077456534
2.9366189000,524,0.0463390765,970.2727215306,92.8971533328
2.9488611000,525,0.0462981012,970.2727215306,92.7444939229
2.9622354000,526,0.0462875694,970.2727215306,92.7052562191
2.9757658000,527,0.0462589673,970.2727215306,92.5986951161
2.9879357000,528,0.0462589673,970.2727215306,92.5986951161
2.9998079000,529,0.0462589673,970.2727215306,92.5986951161
3.0113049000,530,0.0462149160,970.2727215306,92.4345755508
3.0226772000,531,0.0462134067,970.2727215306,92.4289524375
3.0391010000,532,0.0461692559,970.2727215306,92.2644621402
3.0538960000,533,0.0461586446,970.2727215306,92.2249283061
3.0672955000,534,0.0461402042,970.2727215306,92.1562259215
3.0796369000,535,0.0461389248,970.2727215306,92.1514592114
3.0917598000,536,0.0461389248,970.2727215306,92.1514592114
3.1063550000,537,0.0461389248,970.2727215306,92.1514592114
3.1210963000,538,0.0460968618,970.2727215306,91.9947477400
3.1330862000,539,0.0460943181,970.2727215306,91.9852706846
3.1466813000,540,0.0460943181,970.2727215306,91.9852706846
3.1592238000,541,0.0460772986,970.2727215306,91.9218622390
3.1718595000,542,0.0460772986,970.2727215306,91.9218622390
3.1852698000,543,0.0460772986,970.2727215306,91.9218622390
3.1978160000,544,0.0460710107,970.2727215306,91.8984355156
3.2098327000,545,0.0459108442,970.2727215306,91.3017122974
3.2234372000,546,0.0459108442,970.2727215306,91.3017122974
3.2354869000,547,0.0459044510,970.2727215306,91.2778933001
3.2473310000,548,0.0459044510,970.2727215306,91.2778933001
3.2600955000,549,0.0458998630,970.2727215306,91.2608000833
3.2719076000,550,0.0458998630,970.2727215306,91.2608000833
3.2846220000,551,0.0458998630,970.2727215306,91.2608000833
3.2980060000,552,0.0458998630,970.2727215306,91.2608000833
3.3096222000,553,0.0458998630,970.2727215306,91.2608000833
3.3210857000,554,0.0458935667,970.2727215306,91.2373425392
3.3307382000,555,0.0458935667,970.2727215306,91.2373425392
3.3437021000,556,0.0458930344,970.2727215306,91.2353591203
3.3561832000,557,0.0458852481,970.2727215306,91.2063501330
3.3688957000,558,0.0458846192,970.2727215306,91.2040072799
3.3806652000,559,0.0458846192,970.2727215306,91.2040072799
3.3949287000,560,0.0458846192,970.2727215306,91.2040072799
3.4078974000,561,0.0458846192,970.2727215306,91.2040072799
3.4197975000,562,0.0458359696,970.2727215306,91.0227560169
3.4309764000,563,0.0458235175,970.2727215306,90.9763640884
3.4416105000,564,0.0458193040,970.2727215306,90.9606659058
3.4500738000,565,0.0458193040,970.2727215306,90.9606659058
3.4615006000,566,0.0458193040,970.2727215306,90.9606659058
3.4733833000,567,0.0457891032,970.2727215306,90.8481486832
3.4841198000,568,0.0457877783,970.2727215306,90.8432125021
3.4953901000,569,0.0457767880,970.2727215306,90.8022665883
3.5075670000,570,0.0457767880,970.2727215306,90.8022665883
3.5199133000,571,0.0457767880,970.2727215306,90.8022665883
3.5313506000,572,0.0457767880,970.2727215306,90.8022665883
3.5437388000,573,0.0457760394,970.2727215306,90.7994775409
3.5558302000,574,0.0457743391,970.2727215306,90.7931427749
3.5684721000,575,0.0457398798,970.2727215306,90.6647595752
3.5810913000,576,0.0457318002,970.2727215306,90.6346580950
3.5962331000,577,0.0457209831,970.2727215306,90.5943574567
3.6065169000,578,0.0456785437,970.2727215306,90.4362433267
3.6182474000,579,0.0456734218,970.2727215306,90.4171609509
3.6315862000,580,0.0456728745,970.2727215306,90.4151216488
3.6452476000,581,0.0456728745,970.2727215306,90.4151216488
3.6575483000,582,0.0456688033,970.2727215306,90.3999538874
3.6704004000,583,0.0456678339,970.2727215306,90.3963422815
3.6814857000,584,0.0456678339,970.2727215306,90.3963422815
3.6958428000,585,0.0456591372,970.2727215306,90.3639414225
3.7094112000,586,0.0456540709,970.2727215306,90.3450661583
3.7236677000,587,0.0456462595,970.2727215306,90.3159638196
3.7364734000,588,0.0456462595,970.2727215306,90.3159638196
3.7484125000,589,0.0456462595,970.2727215306,90.3159638196
3.7613684000,590,0.0456462595,970.2727215306,90.3159638196
3.7736830000,591,0.0456374068,970.2727215306,90.2829818025
3.7890540000,592,0.0456374068,970.2727215306,90.2829818025
3.8002213000,593,0.0456208536,970.2727215306,90.2213103335
3.8117108000,594,0.0456155448,970.2727215306,90.2015317869
3.8215688000,595,0.0456155448,970.2727215306,90.2015317869
3.8325382000,596,0.0455858202,970.2727215306,90.0907885540
3.8442027000,597,0.0455858202,970.2727215306,90.0907885540
3.8558971000,598,0.0455471366,970.2727215306,89.9466669993
3.8683870000,599,0.0455471366,970.2727215306,89.9466669993
3.8806088000,600,0.0455471366,970.2727215306,89.9466669993
3.8910520000,601,0.0454336427,964.5291925085,89.9958841095
3.9016207000,602,0.0454287364,964.5291925085,89.9776050589
3.9091081000,603,0.0454287364,964.5291925085,89.9776050589
3.9208902000,604,0.0454287364,964.5291925085,89.9776050589
3.9311344000,605,0.0454287364,964.5291925085,89.9776050589
3.9410981000,606,0.0454287364,964.5291925085,89.9776050589
3.9531877000,607,0.0454287364,964.5291925085,89.9776050589
3.9661572000,608,0.0454287364,964.5291925085,89.9776050589
3.9791167000,609,0.0454253447,964.5291925085,89.9649689463
3.9908498000,610,0.0454194805,964.5291925085,89.9431209453
4.0024512000,611,0.0454194805,964.5291925085,89.9431209453
4.0137375000,612,0.0454194805,964.5291925085,89.9431209453
4.0255624000,613,0.0453453980,964.5291925085,89.6671160533
4.0363740000,614,0.0453453980,964.5291925085,89.6671160533
4.0492698000,615,0.0453453980,964.5291925085,89.6671160533
4.0625576000,616,0.0453218777,964.5291925085,89.5794877494
4.0755322000,617,0.0453218777,964.5291925085,89.5794877494
4.0887995000,618,0.0453218777,964.5291925085,89.5794877494
4.0988561000,619,0.0453218777,964.5291925085,89.5794877494
4.1106391000,620,0.0453218777,964.5291925085,89.5794877494
4.1249204000,621,0.0453218777,964.5291925085,89.5794877494
4.1380164000,622,0.0453218777,964.5291925085,89.5794877494
4.1492181000,623,0.0453218777,964.5291925085,89.5794877494
4.1628192000,624,0.0452877512,964.5291925085,89.4523444678
4.1755230000,625,0.0452858463,964.5291925085,89.4452475036
4.1876506000,626,0.0452545630,964.5291925085,89.3286970836
4.1994945000,627,0.0452469899,964.0870544351,89.3368213666
4.2096603000,628,0.0452469899,964.0870544351,89.3368213666
4.2203697000,629,0.0452384364,964.0870544351,89.3049537914
4.2319514000,630,0.0452384364,964.0870544351,89.3049537914
4.2444659000,631,0.0452384364,964.0870544351,89.3049537914
4.2574176000,632,0.0452188707,964.5291925085,89.1957203457
4.2682955000,633,0.0452188707,964.5291925085,89.1957203457
4.2798097000,634,0.0451715412,964.5291925085,89.0193872466
4.2920017000,635,0.0451260128,964.5291925085,88.8497646935
4.3018274000,636,0.0451260128,964.5291925085,88.8497646935
4.3120657000,637,0.0451260128,964.5291925085,88.8497646935
4.3234757000,638,0.0451028426,964.5291925085,88.7634408348
4.3346873000,639,0.0451028426,964.5291925085,88.7634408348
4.3457850000,640,0.0450962103,964.5291925085,88.7387311686
4.3557068000,641,0.0450938504,964.5291925085,88.7299391464
4.3664028000,642,0.0450938504,964.5291925085,88.7299391464
4.3773202000,643,0.0450582339,964.5291925085,88.5972447566
4.3902084000,644,0.0450399852,964.5291925085,88.5292565518
4.4025156000,645,0.0450399852,964.5291925085,88.5292565518
4.4173982000,646,0.0450399852,964.5291925085,88.5292565518
4.4288428000,647,0.0450327115,964.5291925085,88.5021574278
4.4412381000,648,0.0450065655,964.5291925085,88.4047466546
4.4541317000,649,0.0450065655,964.5291925085,88.4047466546
4.4659165000,650,0.0450065655,964.5291925085,88.4047466546
4.4763887000,651,0.0449640567,964.5291925085,88.2463738556
4.4863317000,652,0.0449540003,964.5291925085,88.2089074488
4.4976465000,653,0.0449540003,964.5291925085,88.2089074488
4.5081784000,654,0.0449509232,964.5291925085,88.1974430732
4.5192518000,655,0.0449509232,964.5291925085,88.1974430732
4.5324720000,656,0.0449509232,964.5291925085,88.1974430732
4.5444368000,657,0.0449509232,964.5291925085,88.1974430732
4.5554420000,658,0.0449509232,964.5291925085,88.1974430732
4.5671249000,659,0.0449509232,964.5291925085,88.1974430732
4.5792145000,660,0.0449478952,964.5291925085,88.1861620452
4.5882401000,661,0.0449478952,964.5291925085,88.1861620452
4.5988791000,662,0.0449477572,964.5291925085,88.1856478743
4.6092526000,663,0.0449147038,964.5291925085,88.0625026305
4.6234585000,664,0.0448691690,964.5291925085,87.8928562757
4.6371299000,665,0.0448213928,964.5291925085,87.7148589869
4.6508299000,666,0.0448213928,964.5291925085,87.7148589869
4.6634603000,667,0.0448213928,964.5291925085,87.7148589869
4.6769667000,668,0.0448140272,964.5291925085,87.6874175266
4.6912857000,669,0.0448140272,964.5291925085,87.6874175266
4.7031136000,670,0.0448140272,964.5291925085,87.6874175266
4.7155569000,671,0.0448133471,964.5291925085,87.6848836836
4.7264622000,672,0.0448129837,964.5291925085,87.6835298775
4.7388091000,673,0.0448066933,964.5291925085,87.6600938057
4.7496366000,674,0.0448066933,964.5291925085,87.6600938057
4.7609753000,675,0.0447955756,964.5291925085,87.6186734338
4.7711184000,676,0.0447936691,964.5291925085,87.6115702926
4.7829440000,677,0.0447895876,964.5291925085,87.5963642483
4.7925208000,678,0.0447816404,964.5291925085,87.5667555521
4.8043374000,679,0.0447816404,964.5291925085,87.5667555521
4.8165138000,680,0.0447509735,964.5291925085,87.4525019308
4.8277211000,681,0.0447506543,964.5291925085,87.4513124733
4.8402523000,682,0.0447505304,964.5291925085,87.4508507874
4.8535075000,683,0.0447505304,964.5291925085,87.4508507874
4.8637967000,684,0.0447186358,964.5291925085,87.3320231272
4.8737740000,685,0.0446818334,964.5291925085,87.1949103303
4.8874318000,686,0.0446818334,964.5291925085,87.1949103303
4.9002698000,687,0.0446783569,964.5291925085,87.1819580565
4.9136051000,688,0.0446209685,964.5291925085,86.9681493657
4.9277159000,689,0.0445594607,964.5291925085,86.7389930399
4.9419890000,690,0.0445594607,964.5291925085,86.7389930399
4.9551280000,691,0.0445509280,964.5291925085,86.7072032538
4.9675562000,692,0.0445453874,964.5291925085,86.6865609397
4.9819845000,693,0.0445453874,964.5291925085,86.6865609397
4.9937379000,694,0.0445453874,964.5291925085,86.6865609397
5.0056692000,695,0.0445453874,964.5291925085,86.6865609397
5.0182679000,696,0.0445453874,964.5291925085,86.6865609397
5.0298217000,697,0.0445453874,964.5291925085,86.6865609397
5.0418383000,698,0.0444966603,964.5291925085,86.5050213405
5.0536671000,699,0.0444749261,964.5291925085,86.4240475297
5.0650794000,700,0.0444749261,964.5291925085,86.4240475297
5.0763022000,701,0.0444749261,964.5291925085,86.4240475297
5.0869100000,702,0.0444689284,964.5291925085,86.4017022239
5.0964027000,703,0.0444689284,964.5291925085,86.4017022239
5.1072089000,704,0.0444689284,964.5291925085,86.4017022239
5.1192388000,705,0.0444601429,964.5291925085,86.3689705157
5.1322064000,706,0.0444598666,964.5291925085,86.3679411135
5.1447520000,707,0.0444598666,964.5291925085,86.3679411135
5.1563316000,708,0.0444598666,964.5291925085,86.3679411135
5.1672457000,709,0.0444598666,964.5291925085,86.3679411135
5.1792466000,710,0.0444320861,964.5291925085,86.2644407048
5.1907402000,711,0.0444284802,964.5291925085,86.2510064032
5.2025505000,712,0.0444234537,964.5291925085,86.2322795295
5.2143334000,713,0.0444234537,964.5291925085,86.2322795295
5.2252241000,714,0.0444192833,964.5291925085,86.2167422295
5.2343550000,715,0.0444192833,964.5291925085,86.2167422295
5.2480500000,716,0.0444192833,964.5291925085,86.2167422295
5.2602460000,717,0.0444192833,964.5291925085,86.2167422295
5.2722172000,718,0.0443484782,964.5291925085,85.9529476006
5.2843540000,719,0.0443457941,964.5291925085,85.9429476006
5.2956836000,720,0.0443457941,964.5291925085,85.9429476006
5.3072218000,721,0.0443457941,964.5291925085,85.9429476006
5.3185417000,722,0.0443441066,964.5291925085,85.9366605628
5.3302913000,723,0.0443281562,964.5291925085,85.8772351235
5.3421702000,724,0.0443281562,964.5291925085,85.8772351235
5.3537470000,725,0.0443281562,964.5291925085,85.8772351235
5.3660455000,726,0.0443281562,964.5291925085,85.8772351235
5.3770258000,727,0.0443281562,964.5291925085,85.8772351235
5.3890031000,728,0.0442659664,964.5291925085,85.6455378167
5.4000176000,729,0.0442615093,964.5291925085,85.6289323873
5.4132539000,730,0.0442615093,964.5291925085,85.6289323873
5.4241460000,731,0.0442615093,964.5291925085,85.6289323873
5.4364804000,732,0.0441951503,964.5291925085,85.3817022928
5.4484568000,733,0.0441951503,964.5291925085,85.3817022928
5.4614876000,734,0.0441926518,964.5291925085,85.3723939142
5.4734892000,735,0.0441926518,964.5291925085,85.3723939142
5.4843535000,736,0.0441926518,964.5291925085,85.3723939142
5.4955258000,737,0.0440777027,964.5291925085,84.9441343516
5.5073715000,738,0.0440777027,964.5291925085,84.9441343516
5.5179214000,739,0.0440768576,964.5291925085,84.9409857202
5.5282919000,740,0.0440768576,964.5291925085,84.9409857202
5.5384533000,741,0.0440768576,964.5291925085,84.9409857202
5.5510062000,742,0.0440768576,964.5291925085,84.9409857202
5.5641641000,743,0.0440738900,964.5291925085,84.9299296453
5.5781601000,744,0.0440696072,964.5291925085,84.9139732265
5.5894693000,745,0.0440411906,964.5291925085,84.8081032920
5.6008703000,746,0.0440398612,964.5291925085,84.8031502653
5.6125066000,747,0.0440398612,964.5291925085,84.8031502653
5.6241739000,748,0.0440398612,964.5291925085,84.8031502653
5.6354036000,749,0.0440392907,964.5291925085,84.8010249615
5.6475714000,750,0.0440389055,964.5291925085,84.7995899417
5.6588282000,751,0.0440382839,964.5291925085,84.7972741199
5.6698759000,752,0.0439935440,964.5291925085,84.6305891078
5.6832944000,753,0.0439935440,964.5291925085,84.6305891078
5.6970503000,754,0.0439935440,964.5291925085,84.6305891078
5.7109201000,755,0.0439935440,964.5291925085,84.6305891078
5.7230687000,756,0.0439732097,964.5291925085,84.5548304791
5.7349967000,757,0.0439504609,964.5291925085,84.4700766398
5.7460618000,758,0.0439504609,964.5291925085,84.4700766398
5.7595085000,759,0.0439280459,964.5291925085,84.3865663108
5.7711338000,760,0.0439221138,964.5291925085,84.3644655113
5.7832336000,761,0.0439221138,964.5291925085,84.3644655113
5.7951186000,762,0.0439043495,964.5291925085,84.2982819664
5.8061469000,763,0.0438684196,964.5291925085,84.1644200722
5.8166219000,764,0.0438651640,964.5291925085,84.1522909736
5.8272250000,765,0.0438623077,964.5291925085,84.1416490793
5.8411328000,766,0.0438623077,964.5291925085,84.1416490793
5.8530151000,767,0.0438623077,964.5291925085,84.1416490793
5.8654968000,768,0.0438581090,964.5291925085,84.1260063154
5.8788207000,769,0.0438581090,964.5291925085,84.1260063154
5.8911320000,770,0.0438323224,964.5291925085,84.0299345716
5.9026810000,771,0.0438323224,964.5291925085,84.0299345716
5.9151696000,772,0.0438323224,964.5291925085,84.0299345716
5.9287936000,773,0.0437876973,964.5291925085,83.8636774623
5.9435638000,774,0.0437876973,964.5291925085,83.8636774623
5.9563650000,775,0.0437876973,964.5291925085,83.8636774623
5.9684060000,776,0.0437823534,964.5291925085,83.8437678719
5.9797489000,777,0.0437798511,964.5291925085,83.8344452688
5.9930895000,778,0.0437769656,964.5291925085,83.8236947971
6.0071260000,779,0.0437588973,964.5291925085,83.7563789750
6.0178958000,780,0.0437584662,964.5291925085,83.7547728570
6.0326958000,781,0.0437565807,964.5291925085,83.7477480365
6.0449113000,782,0.0437261859,964.5291925085,83.6345077597
6.0577297000,783,0.0437175223,964.5291925085,83.6022304969
6.0728314000,784,0.0437175223,964.5291925085,83.6022304969
6.0858699000,785,0.0437170056,964.5291925085,83.6003054752
6.0990491000,786,0.0437161293,964.5291925085,83.5970405299
6.1103518000,787,0.0437161293,964.5291925085,83.5970405299
6.1223832000,788,0.0437161293,964.5291925085,83.5970405299
6.1339432000,789,0.0436584412,964.5291925085,83.3821151017
6.1463187000,790,0.0435926094,964.5291925085,83.1368492162
6.1589317000,791,0.0435911372,964.5291925085,83.1313644243
6.1715201000,792,0.0435911372,964.5291925085,83.1313644243
6.1839807000,793,0.0435911372,964.5291925085,83.1313644243
6.1955604000,794,0.0435742983,964.5291925085,83.0686286349
6.2089990000,795,0.0435714324,964.5291925085,83.0579512788
6.2209944000,796,0.0435714324,964.5291925085,83.0579512788
6.2329244000,797,0.0435714324,964.5291925085,83.0579512788
6.2439236000,798,0.0435714324,964.5291925085,83.0579512788
6.2555376000,799,0.0435633736,964.5291925085,83.0279271080
6.2701524000,800,0.0435566873,964.5291925085,83.0030163215
6.2841679000,801,0.0435566873,964.5291925085,83.0030163215
6.2957804000,802,0.0435566873,964.5291925085,83.0030163215
6.3099631000,803,0.0435472367,964.5291925085,82.9678067199
6.3219521000,804,0.0435472367,964.5291925085,82.9678067199
6.3350549000,805,0.0435457121,964.5291925085,82.9621266540
6.3457962000,806,0.0435248526,964.5291925085,82.8844117377
6.3573083000,807,0.0435209148,964.5291925085,82.8697406880
6.3703544000,808,0.0435155329,964.5291925085,82.8496897094
6.3820308000,809,0.0435105550,964.5291925085,82.8311439025
6.3939271000,810,0.0435105550,964.5291925085,82.8311439025
6.4075836000,811,0.0435105550,964.5291925085,82.8311439025
6.4199061000,812,0.0435105550,964.5291925085,82.8311439025
6.4319830000,813,0.0435094228,964.5291925085,82.8269255427
6.4461415000,814,0.0435042101,964.5291925085,82.8075051462
6.4571546000,815,0.0434941955,964.5291925085,82.7701940526
6.4695510000,816,0.0434563587,964.5291925085,82.6292278402
6.4820024000,817,0.0434496217,964.5291925085,82.6041281767
6.4966486000,818,0.0434496217,964.5291925085,82.6041281767
6.5106976000,819,0.0434496217,964.5291925085,82.6041281767
6.5237945000,820,0.0433352548,964.5291925085,82.1780375902
6.5364554000,821,0.0433352548,964.5291925085,82.1780375902
6.5478446000,822,0.0433345925,964.5291925085,82.1755704043
6.5595016000,823,0.0433287906,964.5291925085,82.1539543667
6.5721283000,824,0.0432590106,964.5291925085,81.8939789980
6.5844863000,825,0.0432508547,964.5291925085,81.8635928322
6.5988782000,826,0.0432508547,964.5291925085,81.8635928322
6.6120448000,827,0.0432508547,964.5291925085,81.8635928322
6.6245080000,828,0.0432182500,964.5291925085,81.7421195072
6.6389921000,829,0.0432103167,964.5291925085,81.7125627450
6.6513476000,830,0.0432103167,964.5291925085,81.7125627450
6.6636328000,831,0.0432103167,964.5291925085,81.7125627450
6.6754088000,832,0.0432103167,964.5291925085,81.7125627450
6.6865759000,833,0.0432103167,964.5291925085,81.7125627450
6.6989225000,834,0.0431853173,964.5291925085,81.6194240209
6.7093808000,835,0.0431853173,964.5291925085,81.6194240209
6.7209944000,836,0.0431853173,964.5291925085,81.6194240209
6.7323345000,837,0.0431853173,964.5291925085,81.6194240209
6.7443144000,838,0.0431645963,964.5291925085,81.5422248516
6.7560804000,839,0.0431625084,964.5291925085,81.5344460917
6.7657440000,840,0.0431625084,964.5291925085,81.5344460917
6.7775197000,841,0.0431625084,964.5291925085,81.5344460917
6.7895291000,842,0.0431609072,964.5291925085,81.5284807490
6.8006450000,843,0.0431589879,964.5291925085,81.5213298973
6.8118620000,844,0.0431589879,964.5291925085,81.5213298973
6.8236299000,845,0.0431548279,964.5291925085,81.5058311440
6.8365722000,846,0.0431548279,964.5291925085,81.5058311440
6.8480532000,847,0.0431461773,964.5291925085,81.4736022629
6.8604507000,848,0.0431461773,964.5291925085,81.4736022629
6.8706675000,849,0.0430871149,964.5291925085,81.2535565855
6.8799345000,850,0.0430794966,964.5291925085,81.2251738322
6.8914566000,851,0.0430739478,964.5291925085,81.2045009717
6.9025391000,852,0.0430739478,964.5291925085,81.2045009717
6.9136150000,853,0.0430054847,959.1847215306,81.3886886313
6.9244003000,854,0.0430054847,959.1847215306,81.3886886313
6.9338287000,855,0.0430006680,959.1847215306,81.3707429692
6.9441604000,856,0.0430006680,959.1847215306,81.3707429692
6.9546490000,857,0.0430006680,959.1847215306,81.3707429692
6.9637374000,858,0.0429523859,959.1847215306,81.1908612335
6.9757846000,859,0.0429523859,959.1847215306,81.1908612335
6.9855670000,860,0.0429523859,959.1847215306,81.1908612335
6.9979832000,861,0.0429523859,959.1847215306,81.1908612335
7.0097489000,862,0.0429523052,959.1847215306,81.1905604406
7.0210200000,863,0.0429523052,959.1847215306,81.1905604406
7.0317502000,864,0.0429523052,959.1847215306,81.1905604406
7.0423096000,865,0.0429511769,959.1847215306,81.1863569093
7.0527975000,866,0.0429511769,959.1847215306,81.1863569093
7.0632904000,867,0.0429507525,959.1847215306,81.1847759005
7.0733834000,868,0.0429507525,959.1847215306,81.1847759005
7.0856343000,869,0.0429507525,959.1847215306,81.1847759005
7.0961714000,870,0.0429487738,959.1847215306,81.1774039127
7.1063867000,871,0.0429397905,959.1847215306,81.1439350786
7.1196609000,872,0.0429203289,959.1847215306,81.0714282731
7.1336691000,873,0.0429202880,959.1847215306,81.0712758392
7.1493302000,874,0.0429202880,959.1847215306,81.0712758392
7.1617638000,875,0.0429033732,959.1847215306,81.0082573851
7.1730130000,876,0.0429027664,959.1847215306,81.0059967191
7.1839472000,877,0.0429027664,959.1847215306,81.0059967191
7.1949549000,878,0.0429027664,959.1847215306,81.0059967191
7.2075594000,879,0.0429024412,959.1847215306,81.0047849256
7.2182219000,880,0.0429016104,959.1847215306,81.0016898730
7.2284453000,881,0.0429001171,959.1847215306,80.9961261892
7.2385315000,882,0.0428995042,959.1847215306,80.9938428345
7.2494812000,883,0.0428324381,959.1847215306,80.7439785339
7.2609215000,884,0.0428324381,959.1847215306,80.7439785339
7.2714130000,885,0.0428320735,959.1847215306,80.7426198972
7.2805557000,886,0.0428320735,959.1847215306,80.7426198972
7.2909951000,887,0.0428320735,959.1847215306,80.7426198972
7.3041753000,888,0.0428127109,959.1847215306,80.6704820578
7.3175598000,889,0.0428104779,959.1847215306,80.6621624509
7.3296077000,890,0.0428104779,959.1847215306,80.6621624509
7.3406015000,891,0.0428104779,959.1847215306,80.6621624509
7.3510862000,892,0.0428104779,959.1847215306,80.6621624509
7.3621565000,893,0.0428104779,959.1847215306,80.6621624509
7.3736456000,894,0.0427665062,959.1847215306,80.4983395756
7.3875600000,895,0.0427665062,959.1847215306,80.4983395756
7.4003202000,896,0.0427603157,959.1847215306,80.4752758429
7.4118602000,897,0.0427534330,959.1847215306,80.4496335705
7.4207271000,898,0.0427534330,959.1847215306,80.4496335705
7.4310961000,899,0.0427434224,959.1847215306,80.4123377310
7.4417600000,900,0.0427424737,959.1847215306,80.4088032353
7.4540047000,901,0.0427424737,959.1847215306,80.4088032353
7.4647186000,902,0.0427424737,959.1847215306,80.4088032353
7.4766516000,903,0.0427132734,959.1847215306,80.3000130491
7.4881993000,904,0.0427132734,959.1847215306,80.3000130491
7.5001678000,905,0.0427132734,959.1847215306,80.3000130491
7.5112160000,906,0.0427127382,959.1847215306,80.2980190373
7.5235512000,907,0.0427127382,959.1847215306,80.2980190373
7.5354046000,908,0.0426510079,959.1847215306,80.0680341008
7.5466322000,909,0.0426510079,959.1847215306,80.0680341008
7.5597353000,910,0.0426510079,959.1847215306,80.0680341008
7.5708266000,911,0.0426504896,959.1847215306,80.0661031267
7.5819177000,912,0.0426468803,959.1847215306,80.0526560405
7.5925714000,913,0.0426468803,959.1847215306,80.0526560405
7.6032351000,914,0.0426430132,959.1847215306,80.0382484934
7.6171986000,915,0.0426430132,959.1847215306,80.0382484934
7.6305421000,916,0.0426424370,959.1847215306,80.0361020478
7.6452218000,917,0.0426117034,959.1847215306,79.9215994159
7.6616177000,918,0.0426055935,959.1847215306,79.8988362778
7.6709389000,919,0.0426052289,959.1847215306,79.8974776411
7.6857632000,920,0.0426051440,959.1847215306,79.8971615935
7.7020501000,921,0.0426051440,959.1847215306,79.8971615935
7.7181857000,922,0.0425924246,959.1847215306,79.8497735913
7.7351660000,923,0.0425790490,959.1847215306,79.7999406602
7.7506400000,924,0.0425790490,959.1847215306,79.7999406602
7.7640067000,925,0.0425790490,959.1847215306,79.7999406602
7.7772443000,926,0.0425790490,959.1847215306,79.7999406602
7.7922751000,927,0.0425786843,959.1847215306,79.7985820235
7.8045841000,928,0.0425786843,959.1847215306,79.7985820235
7.8184179000,929,0.0425786843,959.1847215306,79.7985820235
7.8333868000,930,0.0425632051,959.1847215306,79.7409118943
7.8446603000,931,0.0425593616,959.1847215306,79.7265925281
7.8559546000,932,0.0425593616,959.1847215306,79.7265925281
7.8692881000,933,0.0425357206,959.1847215306,79.6385145743
7.8823564000,934,0.0425349064,959.1847215306,79.6354812534
7.8947942000,935,0.0425349064,959.1847215306,79.6354812534
7.9078932000,936,0.0425147056,959.1847215306,79.5602203751
7.9205928000,937,0.0425030456,959.1847215306,79.5167793317
7.9324568000,938,0.0425030456,959.1847215306,79.5167793317
7.9441659000,939,0.0424547008,959.1847215306,79.3366637560
7.9578527000,940,0.0424547008,959.1847215306,79.3366637560
7.9710314000,941,0.0424547008,959.1847215306,79.3366637560
7.9836241000,942,0.0424547008,959.1847215306,79.3366637560
7.9956758000,943,0.0424547008,959.1847215306,79.3366637560
8.0084329000,944,0.0424547008,959.1847215306,79.3366637560
8.0205248000,945,0.0424500900,959.1847215306,79.3194856217
8.0317200000,946,0.0424500900,959.1847215306,79.3194856217
8.0456335000,947,0.0424500900,959.1847215306,79.3194856217
8.0567477000,948,0.0424500900,959.1847215306,79.3194856217
8.0649628000,949,0.0424484043,959.1847215306,79.3132052435
8.0751355000,950,0.0424484043,959.1847215306,79.3132052435
8.0858484000,951,0.0424484043,959.1847215306,79.3132052435
8.0969731000,952,0.0424484043,959.1847215306,79.3132052435
8.1085160000,953,0.0424483019,959.1847215306,79.3128236318
8.1201200000,954,0.0424391847,959.1847215306,79.2788562712
8.1324640000,955,0.0424122720,959.1847215306,79.1785889671
8.1434251000,956,0.0424103027,959.1847215306,79.1712521569
8.1535872000,957,0.0424103027,959.1847215306,79.1712521569
8.1635135000,958,0.0424103027,959.1847215306,79.1712521569
8.1749285000,959,0.0424103027,959.1847215306,79.1712521569
8.1869337000,960,0.0424004704,959.1847215306,79.1346204897
8.1986209000,961,0.0423974075,959.1847215306,79.1232092215
8.2094480000,962,0.0423974075,959.1847215306,79.1232092215
8.2204322000,963,0.0423966232,959.1847215306,79.1202870526
8.2312635000,964,0.0423927209,959.1847215306,79.1057485609
8.2436120000,965,0.0423829559,959.1847215306,79.0693675936
8.2561271000,966,0.0423823430,959.1847215306,79.0670842389
8.2666918000,967,0.0423823430,959.1847215306,79.0670842389
8.2775887000,968,0.0423823430,959.1847215306,79.0670842389
8.2893831000,969,0.0423823430,959.1847215306,79.0670842389
8.3018575000,970,0.0423823430,959.1847215306,79.0670842389
8.3136743000,971,0.0423823430,959.1847215306,79.0670842389
8.3252784000,972,0.0423823430,959.1847215306,79.0670842389
8.3365129000,973,0.0423823430,959.1847215306,79.0670842389
8.3480240000,974,0.0423698472,959.1847215306,79.0205291791
8.3606121000,975,0.0423652028,959.1847215306,79.0032260371
8.3744347000,976,0.0423648254,959.1847215306,79.0018200546
8.3867956000,977,0.0423648254,959.1847215306,79.0018200546
8.3982049000,978,0.0423324610,959.1847215306,78.8812417174
8.4083446000,979,0.0423324610,959.1847215306,78.8812417174
8.4212094000,980,0.0423319943,959.1847215306,78.8795027997
8.4342354000,981,0.0423193045,959.1847215306,78.8322251953
8.4467077000,982,0.0423002671,959.1847215306,78.7612987107
8.4589461000,983,0.0423001864,959.1847215306,78.7609979178
8.4707974000,984,0.0423001864,959.1847215306,78.7609979178
8.4827108000,985,0.0423001864,959.1847215306,78.7609979178
8.4946990000,986,0.0422998246,959.1847215306,78.7596502192
8.5069772000,987,0.0422611632,959.1847215306,78.6156115899
8.5197402000,988,0.0422431878,959.1847215306,78.5486416857
8.5326620000,989,0.0422431878,959.1847215306,78.5486416857
8.5444131000,990,0.0422431878,959.1847215306,78.5486416857
8.5565951000,991,0.0422423157,959.1847215306,78.5453923842
8.5693371000,992,0.0422423157,959.1847215306,78.5453923842
8.5812367000,993,0.0422423157,959.1847215306,78.5453923842
8.5929978000,994,0.0422423157,959.1847215306,78.5453923842
8.6045468000,995,0.0422423157,959.1847215306,78.5453923842
8.6167507000,996,0.0422423157,959.1847215306,78.5453923842
8.6301774000,997,0.0422423157,959.1847215306,78.5453923842
8.6419892000,998,0.0422177426,959.1847215306,78.4538418614
8.6533879000,999,0.0422174713,959.1847215306,78.4528310838
8.6666737000,1000,0.0422019712,959.1847215306,78.3950829366
8.6805338000,1001,0.0422012858,959.1847215306,78.3925294339
8.6931100000,1002,0.0422003151,959.1847215306,78.3889131162
8.7055709000,1003,0.0421488625,959.1847215306,78.1972190028
8.7171581000,1004,0.0421488625,959.1847215306,78.1972190028
8.7274771000,1005,0.0421488625,959.1847215306,78.1972190028
8.7389478000,1006,0.0421488625,959.1847215306,78.1972190028
8.7495859000,1007,0.0421488625,959.1847215306,78.1972190028
8.7597070000,1008,0.0421488625,959.1847215306,78.1972190028
8.7700821000,1009,0.0421482784,959.1847215306,78.1950428998
8.7809163000,1010,0.0421482784,959.1847215306,78.1950428998
8.7915029000,1011,0.0421482784,959.1847215306,78.1950428998
8.8014108000,1012,0.0421482784,959.1847215306,78.1950428998
8.8130561000,1013,0.0421482784,959.1847215306,78.1950428998
8.8238580000,1014,0.0421466100,959.1847215306,78.1888270229
8.8346196000,1015,0.0421455473,959.1847215306,78.1848677367
8.8464142000,1016,0.0421424802,959.1847215306,78.1734407955
8.8576833000,1017,0.0421372356,959.1847215306,78.1539014382
8.8681578000,1018,0.0421372356,959.1847215306,78.1539014382
8.8790648000,1019,0.0421372356,959.1847215306,78.1539014382
8.8903311000,1020,0.0421372356,959.1847215306,78.1539014382
8.9025494000,1021,0.0421264936,959.1847215306,78.1138805713
8.9149707000,1022,0.0421227282,959.1847215306,78.0998519562
8.9261188000,1023,0.0421217527,959.1847215306,78.0962176823
8.9366605000,1024,0.0421217527,959.1847215306,78.0962176823
8.9490004000,1025,0.0421205104,959.1847215306,78.0915890455
8.9613208000,1026,0.0420745265,959.1847215306,77.9202693379
8.9728149000,1027,0.0420745265,959.1847215306,77.9202693379
8.9855095000,1028,0.0420745265,959.1847215306,77.9202693379
8.9973409000,1029,0.0420745265,959.1847215306,77.9202693379
9.0082242000,1030,0.0420745265,959.1847215306,77.9202693379
9.0194605000,1031,0.0420745265,959.1847215306,77.9202693379
9.0309479000,1032,0.0420739014,959.1847215306,77.9179408011
9.0405078000,1033,0.0420570706,959.1847215306,77.8552349299
9.0507586000,1034,0.0420570706,959.1847215306,77.8552349299
9.0639056000,1035,0.0420570706,959.1847215306,77.8552349299
9.0762157000,1036,0.0420565263,959.1847215306,77.8532071860
9.0870200000,1037,0.0420438638,959.1847215306,77.8060310631
9.0994700000,1038,0.0420438638,959.1847215306,77.8060310631
9.1096123000,1039,0.0420438638,959.1847215306,77.8060310631
9.1204310000,1040,0.0420438638,959.1847215306,77.8060310631
9.1328483000,1041,0.0420283274,959.1847215306,77.7481479667
9.1440265000,1042,0.0420021094,959.1847215306,77.6504692556
9.1556799000,1043,0.0420006162,959.1847215306,77.6449060531
9.1666311000,1044,0.0419946234,959.1847215306,77.6225789304
9.1786972000,1045,0.0419930095,959.1847215306,77.6165663571
9.1889134000,1046,0.0419930095,959.1847215306,77.6165663571
9.1998805000,1047,0.0419930095,959.1847215306,77.6165663571
9.2119025000,1048,0.0419887733,959.1847215306,77.6007835217
9.2219315000,1049,0.0419647110,959.1847215306,77.5111359682
9.2344961000,1050,0.0419631040,959.1847215306,77.5051489381
9.2430746000,1051,0.0419631040,959.1847215306,77.5051489381
9.2517851000,1052,0.0419631040,959.1847215306,77.5051489381
9.2623842000,1053,0.0419630000,959.1847215306,77.5047614574
9.2747745000,1054,0.0419629602,959.1847215306,77.5046130984
9.2865229000,1055,0.0419568224,959.1847215306,77.4817459206
9.2991722000,1056,0.0419138556,959.1847215306,77.3216669625
9.3099537000,1057,0.0419128654,959.1847215306,77.3179779004
9.3202134000,1058,0.0419128654,959.1847215306,77.3179779004
9.3327772000,1059,0.0419124682,959.1847215306,77.3164979789
9.3455029000,1060,0.0419041786,959.1847215306,77.2856137126
9.3585184000,1061,0.0419041786,959.1847215306,77.2856137126
9.3729243000,1062,0.0418202482,959.1847215306,76.9729190636
9.3869881000,1063,0.0418202482,959.1847215306,76.9729190636
9.4027577000,1064,0.0418202482,959.1847215306,76.9729190636
9.4131844000,1065,0.0418202482,959.1847215306,76.9729190636
9.4261915000,1066,0.0418202482,959.1847215306,76.9729190636
9.4380369000,1067,0.0418202084,959.1847215306,76.9727707045
9.4493997000,1068,0.0418200574,959.1847215306,76.9722083009
9.4618394000,1069,0.0418200574,959.1847215306,76.9722083009
9.4746033000,1070,0.0418039803,959.1847215306,76.9123107704
9.4864971000,1071,0.0417976385,959.1847215306,76.8886833993
9.4969002000,1072,0.0417976385,959.1847215306,76.8886833993
9.5093261000,1073,0.0417974477,959.1847215306,76.8879726366
9.5205451000,1074,0.0417940727,959.1847215306,76.8753983325
9.5298260000,1075,0.0417940727,959.1847215306,76.8753983325
9.5425103000,1076,0.0417940727,959.1847215306,76.8753983325
9.5546937000,1077,0.0417931403,959.1847215306,76.8719245452
9.5650793000,1078,0.0417931403,959.1847215306,76.8719245452
9.5764415000,1079,0.0417931403,959.1847215306,76.8719245452
9.5880794000,1080,0.0417931403,959.1847215306,76.8719245452
9.6007214000,1081,0.0417652339,959.1847215306,76.7679552119
9.6128759000,1082,0.0417652339,959.1847215306,76.7679552119
9.6265171000,1083,0.0417386138,959.1847215306,76.6687783183
9.6384398000,1084,0.0417386138,959.1847215306,76.6687783183
9.6499723000,1085,0.0417386138,959.1847215306,76.6687783183
9.6620773000,1086,0.0417386138,959.1847215306,76.6687783183
9.6742151000,1087,0.0417386138,959.1847215306,76.6687783183
9.6863551000,1088,0.0417386138,959.1847215306,76.6687783183
9.6978212000,1089,0.0417386138,959.1847215306,76.6687783183
9.7093164000,1090,0.0417386138,959.1847215306,76.6687783183
9.7204134000,1091,0.0417386138,959.1847215306,76.6687783183
9.7326587000,1092,0.0417386138,959.1847215306,76.6687783183
9.7474216000,1093,0.0417386138,959.1847215306,76.6687783183
9.7619993000,1094,0.0417386138,959.1847215306,76.6687783183
9.7765381000,1095,0.0417242963,959.1847215306,76.6154363379
9.7896845000,1096,0.0417242963,959.1847215306,76.6154363379
9.8017734000,1097,0.0417242963,959.1847215306,76.6154363379
9.8127832000,1098,0.0417242963,959.1847215306,76.6154363379
9.8243779000,1099,0.0417242963,959.1847215306,76.6154363379
9.8368540000,1100,0.0417242963,959.1847215306,76.6154363379
9.8498689000,1101,0.0417065963,959.1847215306,76.5494927086
9.8623700000,1102,0.0417065963,959.1847215306,76.5494927086
9.8755030000,1103,0.0417065963,959.1847215306,76.5494927086
9.8871669000,1104,0.0417065963,959.1847215306,76.5494927086
9.9003307000,1105,0.0417064923,959.1847215306,76.5491052279
9.9122982000,1106,0.0417064923,959.1847215306,76.5491052279
9.9242026000,1107,0.0417064923,959.1847215306,76.5491052279
9.9347286000,1108,0.0416503396,959.1847215306,76.3399001943
9.9450855000,1109,0.0416503396,959.1847215306,76.3399001943
9.9569869000,1110,0.0416503396,959.1847215306,76.3399001943
9.9687168000,1111,0.0416502356,959.1847215306,76.3395127136
9.9821363000,1112,0.0416502356,959.1847215306,76.3395127136
9.9936304000,1113,0.0416502356,959.1847215306,76.3395127136
10.0072928000,1114,0.0416502356,959.1847215306,76.3395127136
10.0182884000,1115,0.0416502356,959.1847215306,76.3395127136
10.0306461000,1116,0.0416502356,959.1847215306,76.3395127136
10.0441880000,1117,0.0416502356,959.1847215306,76.3395127136
10.0537979000,1118,0.0416502356,959.1847215306,76.3395127136
10.0643196000,1119,0.0416502356,959.1847215306,76.3395127136
10.0770270000,1120,0.0416502356,959.1847215306,76.3395127136
10.0883738000,1121,0.0416502356,959.1847215306,76.3395127136
10.0998351000,1122,0.0416502356,959.1847215306,76.3395127136
10.1135163000,1123,0.0416502356,959.1847215306,76.3395127136
10.1255639000,1124,0.0416456976,959.1847215306,76.3226055005
10.1347663000,1125,0.0416456976,959.1847215306,76.3226055005
10.1456213000,1126,0.0416456976,959.1847215306,76.3226055005
10.1583894000,1127,0.0416456976,959.1847215306,76.3226055005
10.1712688000,1128,0.0416456976,959.1847215306,76.3226055005
10.1825042000,1129,0.0416456976,959.1847215306,76.3226055005
10.1936293000,1130,0.0416456976,959.1847215306,76.3226055005
10.2041795000,1131,0.0416456976,959.1847215306,76.3226055005
10.2159008000,1132,0.0416456976,959.1847215306,76.3226055005
10.2292797000,1133,0.0416456976,959.1847215306,76.3226055005
10.2421955000,1134,0.0416456976,959.1847215306,76.3226055005
10.2544237000,1135,0.0416456976,959.1847215306,76.3226055005
10.2668530000,1136,0.0416456976,959.1847215306,76.3226055005
10.2793943000,1137,0.0416456976,959.1847215306,76.3226055005
10.2909817000,1138,0.0416456976,959.1847215306,76.3226055005
10.3030319000,1139,0.0416359988,959.1847215306,76.2864714563
10.3130505000,1140,0.0416134214,959.1847215306,76.2023561143
10.3249641000,1141,0.0415678824,959.1847215306,76.0326940018
10.3377531000,1142,0.0415678824,959.1847215306,76.0326940018
10.3489451000,1143,0.0415678824,959.1847215306,76.0326940018
10.3596467000,1144,0.0415678824,959.1847215306,76.0326940018
10.3696853000,1145,0.0415678824,959.1847215306,76.0326940018
10.3814826000,1146,0.0415618094,959.1847215306,76.0100680561
10.3926985000,1147,0.0415618094,959.1847215306,76.0100680561
10.4036678000,1148,0.0415561072,959.1847215306,75.9888237772
10.4138991000,1149,0.0415561072,959.1847215306,75.9888237772
10.4256505000,1150,0.0415561072,959.1847215306,75.9888237772
10.4367557000,1151,0.0415561072,959.1847215306,75.9888237772
10.4485501000,1152,0.0415561072,959.1847215306,75.9888237772
10.4612796000,1153,0.0415361319,959.1847215306,75.9144026771
10.4719318000,1154,0.0415361319,959.1847215306,75.9144026771
10.4849621000,1155,0.0415326501,959.1847215306,75.9014308418
10.4975090000,1156,0.0415326501,959.1847215306,75.9014308418
10.5077491000,1157,0.0415326501,959.1847215306,75.9014308418
10.5195611000,1158,0.0415326501,959.1847215306,75.9014308418
10.5301162000,1159,0.0415326501,959.1847215306,75.9014308418
10.5410640000,1160,0.0415326501,959.1847215306,75.9014308418
10.5520387000,1161,0.0415326501,959.1847215306,75.9014308418
10.5648538000,1162,0.0415246548,959.1847215306,75.8716431412
10.5778368000,1163,0.0414604768,959.1847215306,75.6325389499
10.5897470000,1164,0.0414604768,959.1847215306,75.6325389499
10.6027752000,1165,0.0414604768,959.1847215306,75.6325389499
10.6128642000,1166,0.0414604768,959.1847215306,75.6325389499
10.6235820000,1167,0.0414604768,959.1847215306,75.6325389499
10.6344269000,1168,0.0414604768,959.1847215306,75.6325389499
10.6466976000,1169,0.0414604768,959.1847215306,75.6325389499
10.6577324000,1170,0.0414583625,959.1847215306,75.6246617814
10.6700210000,1171,0.0414583625,959.1847215306,75.6246617814
10.6823176000,1172,0.0414583625,959.1847215306,75.6246617814
10.6950506000,1173,0.0414583625,959.1847215306,75.6246617814
10.7083568000,1174,0.0414583625,959.1847215306,75.6246617814
10.7196400000,1175,0.0414583625,959.1847215306,75.6246617814
10.7305755000,1176,0.0414583625,959.1847215306,75.6246617814
10.7415117000,1177,0.0414583625,959.1847215306,75.6246617814
10.7521659000,1178,0.0414583625,959.1847215306,75.6246617814
10.7614846000,1179,0.0414583625,959.1847215306,75.6246617814
10.7727064000,1180,0.0414583625,959.1847215306,75.6246617814
10.7862593000,1181,0.0414583625,959.1847215306,75.6246617814
10.7992204000,1182,0.0414583625,959.1847215306,75.6246617814
10.8131145000,1183,0.0414583625,959.1847215306,75.6246617814
10.8267762000,1184,0.0414583625,959.1847215306,75.6246617814
10.8395338000,1185,0.0414583625,959.1847215306,75.6246617814
10.8542869000,1186,0.0414583625,959.1847215306,75.6246617814
10.8671891000,1187,0.0414583625,959.1847215306,75.6246617814
10.8803106000,1188,0.0414522124,959.1847215306,75.6017484888
10.8928016000,1189,0.0414522124,959.1847215306,75.6017484888
10.9039697000,1190,0.0414522124,959.1847215306,75.6017484888
10.9160743000,1191,0.0414522124,959.1847215306,75.6017484888
10.9247981000,1192,0.0414522124,959.1847215306,75.6017484888
10.9344510000,1193,0.0414522124,959.1847215306,75.6017484888
10.9413772000,1194,0.0414522124,959.1847215306,75.6017484888
10.9534719000,1195,0.0414522124,959.1847215306,75.6017484888
10.9653472000,1196,0.0414522124,959.1847215306,75.6017484888
10.9771078000,1197,0.0414522124,959.1847215306,75.6017484888
10.9881232000,1198,0.0414522124,959.1847215306,75.6017484888
10.9985636000,1199,0.0414522124,959.1847215306,75.6017484888
11.0084016000,1200,0.0414522124,959.1847215306,75.6017484888
11.0181351000,1201,0.0414522124,959.1847215306,75.6017484888
11.0280311000,1202,0.0414522124,959.1847215306,75.6017484888
11.0377908000,1203,0.0414522124,959.1847215306,75.6017484888
11.0477911000,1204,0.0414522124,959.1847215306,75.6017484888
11.0576795000,1205,0.0414522124,959.1847215306,75.6017484888
11.0671430000,1206,0.0414522124,959.1847215306,75.6017484888
11.0768653000,1207,0.0414522124,959.1847215306,75.6017484888
11.0863545000,1208,0.0414522124,959.1847215306,75.6017484888
11.0971817000,1209,0.0414522124,959.1847215306,75.6017484888
11.1083889000,1210,0.0414522124,959.1847215306,75.6017484888
11.1209179000,1211,0.0414456696,959.1847215306,75.5773726414
11.1339953000,1212,0.0414456696,959.1847215306,75.5773726414
11.1464440000,1213,0.0414456696,959.1847215306,75.5773726414
11.1592349000,1214,0.0414396650,959.1847215306,75.5550013831
11.1699314000,1215,0.0414396650,959.1847215306,75.5550013831
11.1815014000,1216,0.0414396650,959.1847215306,75.5550013831
11.1944804000,1217,0.0414396650,959.1847215306,75.5550013831
11.2048931000,1218,0.0414396650,959.1847215306,75.5550013831
11.2176018000,1219,0.0414396650,959.1847215306,75.5550013831
11.2310879000,1220,0.0414370234,959.1847215306,75.5451597640
11.2432425000,1221,0.0414161646,959.1847215306,75.4674473781
11.2559330000,1222,0.0414116016,959.1847215306,75.4504473781
11.2684885000,1223,0.0414116016,959.1847215306,75.4504473781
11.2790792000,1224,0.0414116016,959.1847215306,75.4504473781
11.2925180000,1225,0.0414116016,959.1847215306,75.4504473781
11.3061097000,1226,0.0414116016,959.1847215306,75.4504473781
11.3180865000,1227,0.0414113418,959.1847215306,75.4494794939
11.3306554000,1228,0.0414060249,959.1847215306,75.4296705804
11.3424419000,1229,0.0414060249,959.1847215306,75.4296705804
11.3544766000,1230,0.0413861746,959.1847215306,75.3557152184
11.3678731000,1231,0.0413861746,959.1847215306,75.3557152184
11.3777803000,1232,0.0413630949,959.1847215306,75.2697286937
11.3884845000,1233,0.0413605055,959.1847215306,75.2600814933
11.4005215000,1234,0.0413605055,959.1847215306,75.2600814933
11.4117592000,1235,0.0413516567,959.1847215306,75.2271140817
11.4220394000,1236,0.0413516567,959.1847215306,75.2271140817
11.4321180000,1237,0.0413377805,959.1847215306,75.1754162124
11.4433264000,1238,0.0412754067,959.1847215306,74.9430333610
11.4537083000,1239,0.0412754067,959.1847215306,74.9430333610
11.4646648000,1240,0.0412754067,959.1847215306,74.9430333610
11.4760748000,1241,0.0412754067,959.1847215306,74.9430333610
11.4874817000,1242,0.0412754067,959.1847215306,74.9430333610
11.4983086000,1243,0.0412651794,959.1847215306,74.9049303734
11.5086341000,1244,0.0412651794,959.1847215306,74.9049303734
11.5226148000,1245,0.0412651794,959.1847215306,74.9049303734
11.5360674000,1246,0.0412651794,959.1847215306,74.9049303734
11.5467244000,1247,0.0412651794,959.1847215306,74.9049303734
11.5608833000,1248,0.0412651794,959.1847215306,74.9049303734
11.5736354000,1249,0.0412651794,959.1847215306,74.9049303734
11.5849093000,1250,0.0412651794,959.1847215306,74.9049303734
11.5985004000,1251,0.0412651794,959.1847215306,74.9049303734
11.6125356000,1252,0.0412651794,959.1847215306,74.9049303734
11.6239271000,1253,0.0412651794,959.1847215306,74.9049303734
11.6377943000,1254,0.0412651794,959.1847215306,74.9049303734
11.6495918000,1255,0.0412651794,959.1847215306,74.9049303734
11.6625383000,1256,0.0412594003,959.1847215306,74.8833995223
11.6742725000,1257,0.0412594003,959.1847215306,74.8833995223
11.6860208000,1258,0.0412594003,959.1847215306,74.8833995223
11.6981877000,1259,0.0412594003,959.1847215306,74.8833995223
11.7088517000,1260,0.0411738767,959.4367215306,74.5440572407
11.7230234000,1261,0.0411738767,959.4367215306,74.5440572407
11.7343729000,1262,0.0411738767,959.4367215306,74.5440572407
11.7463076000,1263,0.0411738767,959.4367215306,74.5440572407
11.7578139000,1264,0.0411734461,959.4367215306,74.5424531300
11.7685477000,1265,0.0411734461,959.4367215306,74.5424531300
11.7796568000,1266,0.0411734461,959.4367215306,74.5424531300
11.7916285000,1267,0.0411734461,959.4367215306,74.5424531300
11.8023466000,1268,0.0411734461,959.4367215306,74.5424531300
11.8137619000,1269,0.0411723725,959.4367215306,74.5384531300
11.8251756000,1270,0.0411723725,959.4367215306,74.5384531300
11.8362272000,1271,0.0411723725,959.4367215306,74.5384531300
11.8456111000,1272,0.0411502255,959.4367215306,74.4559414055
11.8580611000,1273,0.0411416528,959.4367215306,74.4240023742
11.8663329000,1274,0.0411405901,959.4367215306,74.4200430880
11.8780995000,1275,0.0411405901,959.4367215306,74.4200430880
11.8878241000,1276,0.0411405901,959.4367215306,74.4200430880
11.8972316000,1277,0.0411405901,959.4367215306,74.4200430880
11.9081682000,1278,0.0411405901,959.4367215306,74.4200430880
11.9196687000,1279,0.0411405901,959.4367215306,74.4200430880
11.9310238000,1280,0.0411396169,959.4367215306,74.4164173815
11.9427431000,1281,0.0411364890,959.4367215306,74.4047641483
11.9539633000,1282,0.0411364890,959.4367215306,74.4047641483
11.9653936000,1283,0.0411325085,959.4367215306,74.3899340411
11.9759367000,1284,0.0411199272,959.4367215306,74.3430607707
11.9861271000,1285,0.0411110203,959.4367215306,74.3098766864
11.9989991000,1286,0.0411110203,959.4367215306,74.3098766864
12.0086516000,1287,0.0410750621,959.4367215306,74.1759092350
12.0190029000,1288,0.0409658756,959.4367215306,73.7691190758
12.0293727000,1289,0.0409658756,959.4367215306,73.7691190758
12.0395312000,1290,0.0409257580,959.4367215306,73.6196554327
12.0515346000,1291,0.0409257580,959.4367215306,73.6196554327
12.0631896000,1292,0.0409257580,959.4367215306,73.6196554327
12.0736786000,1293,0.0409257580,959.4367215306,73.6196554327
12.0861674000,1294,0.0408967294,959.4367215306,73.5115049508
12.0998826000,1295,0.0408967294,959.4367215306,73.5115049508
12.1114527000,1296,0.0408948357,959.4367215306,73.5044498739
12.1224383000,1297,0.0408799087,959.4367215306,73.4488371210
12.1335376000,1298,0.0408799087,959.4367215306,73.4488371210
12.1451696000,1299,0.0408799087,959.4367215306,73.4488371210
12.1566210000,1300,0.0408788351,959.4367215306,73.4448371210
12.1675737000,1301,0.0408788351,959.4367215306,73.4448371210
12.1794721000,1302,0.0408680934,959.4367215306,73.4048175884
12.1915968000,1303,0.0408680934,959.4367215306,73.4048175884
12.2019917000,1304,0.0408680934,959.4367215306,73.4048175884
12.2134102000,1305,0.0408680934,959.4367215306,73.4048175884
12.2280340000,1306,0.0408680934,959.4367215306,73.4048175884
12.2399756000,1307,0.0408680934,959.4367215306,73.4048175884
12.2524420000,1308,0.0408680934,959.4367215306,73.4048175884
12.2624039000,1309,0.0408680934,959.4367215306,73.4048175884
12.2730107000,1310,0.0408680934,959.4367215306,73.4048175884
12.2846363000,1311,0.0408680934,959.4367215306,73.4048175884
12.2994208000,1312,0.0408668302,959.4367215306,73.4001112218
12.3135132000,1313,0.0408613454,959.4367215306,73.3796769948
12.3257576000,1314,0.0408613454,959.4367215306,73.3796769948
12.3367253000,1315,0.0408587090,959.4367215306,73.3698545715
12.3492771000,1316,0.0408587090,959.4367215306,73.3698545715
12.3614748000,1317,0.0408587090,959.4367215306,73.3698545715
12.3735914000,1318,0.0408587090,959.4367215306,73.3698545715
12.3871797000,1319,0.0408162387,959.4367215306,73.2116254986
12.4012729000,1320,0.0408162387,959.4367215306,73.2116254986
12.4144287000,1321,0.0408153738,959.4367215306,73.2084032053
12.4282013000,1322,0.0408153738,959.4367215306,73.2084032053
12.4407586000,1323,0.0408153738,959.4367215306,73.2084032053
12.4518979000,1324,0.0408153738,959.4367215306,73.2084032053
12.4630367000,1325,0.0408088608,959.4367215306,73.1841377532
12.4756881000,1326,0.0408088608,959.4367215306,73.1841377532
12.4867826000,1327,0.0408088608,959.4367215306,73.1841377532
12.4986134000,1328,0.0408088608,959.4367215306,73.1841377532
12.5098835000,1329,0.0407994634,959.4367215306,73.1491265911
12.5241060000,1330,0.0407994634,959.4367215306,73.1491265911
12.5376793000,1331,0.0407994634,959.4367215306,73.1491265911
12.5520277000,1332,0.0407884788,959.4367215306,73.1082017379
12.5653816000,1333,0.0407884788,959.4367215306,73.1082017379
12.5812449000,1334,0.0407812039,959.4367215306,73.0810982253
12.5930367000,1335,0.0407812039,959.4367215306,73.0810982253
12.6072597000,1336,0.0407812039,959.4367215306,73.0810982253
12.6196583000,1337,0.0407812039,959.4367215306,73.0810982253
12.6312624000,1338,0.0407812039,959.4367215306,73.0810982253
12.6421964000,1339,0.0407462997,959.4367215306,72.9510575985
12.6552361000,1340,0.0407462997,959.4367215306,72.9510575985
12.6654733000,1341,0.0406696071,959.4367215306,72.6653282961
12.6765914000,1342,0.0406696071,959.4367215306,72.6653282961
12.6872265000,1343,0.0406696071,959.4367215306,72.6653282961
12.6974911000,1344,0.0406696071,959.4367215306,72.6653282961
12.7084307000,1345,0.0406696071,959.4367215306,72.6653282961
12.7195313000,1346,0.0406696071,959.4367215306,72.6653282961
12.7321683000,1347,0.0406696071,959.4367215306,72.6653282961
12.7450666000,1348,0.0406696071,959.4367215306,72.6653282961
12.7557516000,1349,0.0406696071,959.4367215306,72.6653282961
12.7678973000,1350,0.0406696071,959.4367215306,72.6653282961
12.7805894000,1351,0.0406696071,959.4367215306,72.6653282961
12.7922949000,1352,0.0406696071,959.4367215306,72.6653282961
12.8045466000,1353,0.0406639506,959.4367215306,72.6442541786
12.8163285000,1354,0.0406639506,959.4367215306,72.6442541786
12.8294685000,1355,0.0406639506,959.4367215306,72.6442541786
12.8414548000,1356,0.0406639506,959.4367215306,72.6442541786
12.8547863000,1357,0.0406584188,959.4367215306,72.6236444906
12.8658200000,1358,0.0406584188,959.4367215306,72.6236444906
12.8767847000,1359,0.0406584188,959.4367215306,72.6236444906
12.8890971000,1360,0.0406584188,959.4367215306,72.6236444906
12.9026197000,1361,0.0406584188,959.4367215306,72.6236444906
12.9137373000,1362,0.0406584188,959.4367215306,72.6236444906
12.9243781000,1363,0.0406584188,959.4367215306,72.6236444906
12.9359393000,1364,0.0406506306,959.4367215306,72.5946283416
12.9483696000,1365,0.0406506306,959.4367215306,72.5946283416
12.9616248000,1366,0.0406506306,959.4367215306,72.5946283416
12.9727046000,1367,0.0406506306,959.4367215306,72.5946283416
12.9845918000,1368,0.0405903503,959.4367215306,72.3700455990
12.9962444000,1369,0.0405903503,959.4367215306,72.3700455990
13.0100194000,1370,0.0405697660,959.4367215306,72.2933557682
13.0220866000,1371,0.0405697660,959.4367215306,72.2933557682
13.0340089000,1372,0.0405697660,959.4367215306,72.2933557682
13.0462038000,1373,0.0405697660,959.4367215306,72.2933557682
13.0580517000,1374,0.0405697660,959.4367215306,72.2933557682
13.0731408000,1375,0.0405697660,959.4367215306,72.2933557682
13.0893683000,1376,0.0405697660,959.4367215306,72.2933557682
13.1070741000,1377,0.0405697660,959.4367215306,72.2933557682
13.1242334000,1378,0.0405697660,959.4367215306,72.2933557682
13.1415390000,1379,0.0405697660,959.4367215306,72.2933557682
13.1573249000,1380,0.0405697660,959.4367215306,72.2933557682
13.1674981000,1381,0.0405697660,959.4367215306,72.2933557682
13.1808644000,1382,0.0405697660,959.4367215306,72.2933557682
13.1925146000,1383,0.0405407974,959.4367215306,72.1854289838
13.2050525000,1384,0.0405407974,959.4367215306,72.1854289838
13.2166561000,1385,0.0405407974,959.4367215306,72.1854289838
13.2270549000,1386,0.0405407974,959.4367215306,72.1854289838
13.2403425000,1387,0.0405407974,959.4367215306,72.1854289838
13.2543995000,1388,0.0405407974,959.4367215306,72.1854289838
13.2686260000,1389,0.0405407974,959.4367215306,72.1854289838
13.2809906000,1390,0.0405407974,959.4367215306,72.1854289838
13.2938775000,1391,0.0405207877,959.4367215306,72.1108799438
13.3092562000,1392,0.0405207877,959.4367215306,72.1108799438
13.3258912000,1393,0.0405207877,959.4367215306,72.1108799438
13.3432328000,1394,0.0405207877,959.4367215306,72.1108799438
13.3598855000,1395,0.0405207877,959.4367215306,72.1108799438
13.3766801000,1396,0.0405207877,959.4367215306,72.1108799438
13.3906771000,1397,0.0405207877,959.4367215306,72.1108799438
13.4084268000,1398,0.0405207877,959.4367215306,72.1108799438
13.4232398000,1399,0.0405204126,959.4367215306,72.1094824310
13.4405464000,1400,0.0405204126,959.4367215306,72.1094824310
13.4580465000,1401,0.0405204126,959.4367215306,72.1094824310
13.4741551000,1402,0.0405204126,959.4367215306,72.1094824310
13.4902501000,1403,0.0405076944,959.4367215306,72.0620990624
13.5050798000,1404,0.0405076944,959.4367215306,72.0620990624
13.5223839000,1405,0.0405076944,959.4367215306,72.0620990624
13.5349446000,1406,0.0405076944,959.4367215306,72.0620990624
13.5520100000,1407,0.0405076944,959.4367215306,72.0620990624
13.5645895000,1408,0.0405076944,959.4367215306,72.0620990624
13.5805473000,1409,0.0404005117,959.4367215306,71.6627746383
13.5964119000,1410,0.0403997568,959.4367215306,71.6599620612
13.6125346000,1411,0.0403997568,959.4367215306,71.6599620612
13.6262505000,1412,0.0403997568,959.4367215306,71.6599620612
13.6402178000,1413,0.0403997568,959.4367215306,71.6599620612
13.6519445000,1414,0.0403997568,959.4367215306,71.6599620612
13.6667951000,1415,0.0403997568,959.4367215306,71.6599620612
13.6813016000,1416,0.0403997568,959.4367215306,71.6599620612
13.6974875000,1417,0.0403997568,959.4367215306,71.6599620612
13.7127904000,1418,0.0403733454,959.4367215306,71.5615624674
13.7276388000,1419,0.0403733454,959.4367215306,71.5615624674
13.7411080000,1420,0.0403733454,959.4367215306,71.5615624674
13.7563197000,1421,0.0403733454,959.4367215306,71.5615624674
13.7702009000,1422,0.0403733454,959.4367215306,71.5615624674
13.7867511000,1423,0.0403631414,959.4367215306,71.5235458879
13.8015520000,1424,0.0403578678,959.4367215306,71.5038984162
13.8170215000,1425,0.0403578678,959.4367215306,71.5038984162
13.8329185000,1426,0.0403380714,959.4367215306,71.4301440954
13.8464070000,1427,0.0403380714,959.4367215306,71.4301440954
13.8600306000,1428,0.0403380714,959.4367215306,71.4301440954
13.8738762000,1429,0.0403380714,959.4367215306,71.4301440954
13.8883419000,1430,0.0403380714,959.4367215306,71.4301440954
13.9017109000,1431,0.0403292555,959.4367215306,71.3972992795
13.9176833000,1432,0.0403292555,959.4367215306,71.3972992795
13.9322401000,1433,0.0403292555,959.4367215306,71.3972992795
13.9463478000,1434,0.0403292555,959.4367215306,71.3972992795
13.9615621000,1435,0.0403292555,959.4367215306,71.3972992795
13.9754689000,1436,0.0403292555,959.4367215306,71.3972992795
13.9907113000,1437,0.0403292555,959.4367215306,71.3972992795
14.0070116000,1438,0.0403292555,959.4367215306,71.3972992795
14.0205233000,1439,0.0402972702,959.4367215306,71.2781332912
14.0320197000,1440,0.0402972702,959.4367215306,71.2781332912
14.0458419000,1441,0.0402972702,959.4367215306,71.2781332912
14.0585502000,1442,0.0402972702,959.4367215306,71.2781332912
14.0703370000,1443,0.0402966269,959.4367215306,71.2757365767
14.0827052000,1444,0.0402678810,959.4367215306,71.1686396219
14.0954284000,1445,0.0402678810,959.4367215306,71.1686396219
14.1081149000,1446,0.0402678810,959.4367215306,71.1686396219
14.1210508000,1447,0.0402678810,959.4367215306,71.1686396219
14.1345329000,1448,0.0402678810,959.4367215306,71.1686396219
14.1510973000,1449,0.0402678810,959.4367215306,71.1686396219
14.1676203000,1450,0.0402678810,959.4367215306,71.1686396219
14.1834634000,1451,0.0402678810,959.4367215306,71.1686396219
14.2005205000,1452,0.0402678810,959.4367215306,71.1686396219
14.2184216000,1453,0.0402678810,959.4367215306,71.1686396219
14.2367128000,1454,0.0402678810,959.4367215306,71.1686396219
14.2521554000,1455,0.0402678810,959.4367215306,71.1686396219
14.2654912000,1456,0.0402678810,959.4367215306,71.1686396219
14.2815201000,1457,0.0402495309,959.4367215306,71.1002738150
14.2963997000,1458,0.0402488001,959.4367215306,71.0975512313
14.3103102000,1459,0.0402332785,959.4367215306,71.0397231015
14.3267229000,1460,0.0402332785,959.4367215306,71.0397231015
14.3391459000,1461,0.0402332785,959.4367215306,71.0397231015
14.3514484000,1462,0.0401569812,959.4367215306,70.7554663849
14.3639231000,1463,0.0401569812,959.4367215306,70.7554663849
14.3772251000,1464,0.0401569812,959.4367215306,70.7554663849
14.3887489000,1465,0.0401569812,959.4367215306,70.7554663849
14.4026549000,1466,0.0401569812,959.4367215306,70.7554663849
14.4155295000,1467,0.0401569812,959.4367215306,70.7554663849
14.4272782000,1468,0.0401569812,959.4367215306,70.7554663849
14.4378631000,1469,0.0401569812,959.4367215306,70.7554663849
14.4522863000,1470,0.0401436172,959.4367215306,70.7056770475
14.4638548000,1471,0.0401436172,959.4367215306,70.7056770475
14.4760639000,1472,0.0401427748,959.4367215306,70.7025384505
14.4895078000,1473,0.0401427748,959.4367215306,70.7025384505
14.5016129000,1474,0.0401376750,959.4367215306,70.6835384505
14.5116297000,1475,0.0401376750,959.4367215306,70.6835384505
14.5245399000,1476,0.0401200774,959.4367215306,70.6179760344
14.5390489000,1477,0.0401200774,959.4367215306,70.6179760344
14.5549085000,1478,0.0401200774,959.4367215306,70.6179760344
14.5682214000,1479,0.0401185169,959.4367215306,70.6121621437
14.5798009000,1480,0.0401185169,959.4367215306,70.6121621437
14.5958929000,1481,0.0401185169,959.4367215306,70.6121621437
14.6092296000,1482,0.0401185169,959.4367215306,70.6121621437
14.6223542000,1483,0.0401020397,959.4367215306,70.5507742021
14.6346191000,1484,0.0401003123,959.4367215306,70.5443384478
14.6494571000,1485,0.0400953859,959.4367215306,70.5259844625
14.6627565000,1486,0.0400916891,959.4367215306,70.5122113583
14.6745545000,1487,0.0400916891,959.4367215306,70.5122113583
14.6860995000,1488,0.0400916891,959.4367215306,70.5122113583
14.6976246000,1489,0.0400916891,959.4367215306,70.5122113583
14.7115177000,1490,0.0400897457,959.4367215306,70.5049710450
14.7225632000,1491,0.0400897457,959.4367215306,70.5049710450
14.7361748000,1492,0.0400897457,959.4367215306,70.5049710450
14.7481708000,1493,0.0400897457,959.4367215306,70.5049710450
14.7590862000,1494,0.0400737506,959.4367215306,70.4453789779
14.7716977000,1495,0.0400737506,959.4367215306,70.4453789779
14.7850065000,1496,0.0400737506,959.4367215306,70.4453789779
14.7970446000,1497,0.0400737506,959.4367215306,70.4453789779
14.8100712000,1498,0.0400737506,959.4367215306,70.4453789779
14.8208054000,1499,0.0400480934,959.4367215306,70.3497893292
14.8357860000,1500,0.0400436847,959.4367215306,70.3333640158
14.8500272000,1501,0.0400390278,959.4367215306,70.3160140288
14.8628403000,1502,0.0400390278,959.4367215306,70.3160140288
14.8749443000,1503,0.0400365141,959.4367215306,70.3066489692
14.8883246000,1504,0.0400365141,959.4367215306,70.3066489692
14.9028410000,1505,0.0400337785,959.4367215306,70.2964570018
14.9161204000,1506,0.0400337785,959.4367215306,70.2964570018
14.9292345000,1507,0.0400337785,959.4367215306,70.2964570018
14.9411985000,1508,0.0400337785,959.4367215306,70.2964570018
14.9533383000,1509,0.0400193515,959.4367215306,70.2427074059
14.9667805000,1510,0.0400193515,959.4367215306,70.2427074059
14.9780621000,1511,0.0400193515,959.4367215306,70.2427074059
14.9930629000,1512,0.0400193515,959.4367215306,70.2427074059
15.0052220000,1513,0.0400063594,959.4367215306,70.1943031260
15.0181995000,1514,0.0400063594,959.4367215306,70.1943031260
15.0292423000,1515,0.0400063594,959.4367215306,70.1943031260
15.0420099000,1516,0.0400063594,959.4367215306,70.1943031260
15.0527628000,1517,0.0400063594,959.4367215306,70.1943031260
15.0651471000,1518,0.0400063594,959.4367215306,70.1943031260
15.0768500000,1519,0.0400063594,959.4367215306,70.1943031260
15.0888547000,1520,0.0400063594,959.4367215306,70.1943031260
15.0999447000,1521,0.0400063594,959.4367215306,70.1943031260
15.1116747000,1522,0.0400063594,959.4367215306,70.1943031260
15.1242393000,1523,0.0400063594,959.4367215306,70.1943031260
15.1366648000,1524,0.0400063594,959.4367215306,70.1943031260
15.1484624000,1525,0.0400000293,959.4367215306,70.1707197063
15.1587259000,1526,0.0400000293,959.4367215306,70.1707197063
15.1694420000,1527,0.0400000293,959.4367215306,70.1707197063
15.1820214000,1528,0.0399672487,959.4367215306,70.0485906296
15.1952088000,1529,0.0399672487,959.4367215306,70.0485906296
15.2073657000,1530,0.0399672487,959.4367215306,70.0485906296
15.2202897000,1531,0.0399672487,959.4367215306,70.0485906296
15.2340752000,1532,0.0399672487,959.4367215306,70.0485906296
15.2462047000,1533,0.0399672487,959.4367215306,70.0485906296
15.2592754000,1534,0.0399672487,959.4367215306,70.0485906296
15.2716484000,1535,0.0399672487,959.4367215306,70.0485906296
15.2840554000,1536,0.0399672487,959.4367215306,70.0485906296
15.2974563000,1537,0.0399664510,959.4367215306,70.0456188947
15.3090357000,1538,0.0398294635,954.7161371910,69.9232321134
15.3211782000,1539,0.0398294635,954.7161371910,69.9232321134
15.3331898000,1540,0.0398294635,954.7161371910,69.9232321134
15.3458330000,1541,0.0398294635,954.7161371910,69.9232321134
15.3579107000,1542,0.0398294635,954.7161371910,69.9232321134
15.3693115000,1543,0.0398294635,954.7161371910,69.9232321134
15.3816769000,1544,0.0398294635,954.7161371910,69.9232321134
15.3918434000,1545,0.0398294635,954.7161371910,69.9232321134
15.4033576000,1546,0.0398294635,954.7161371910,69.9232321134
15.4150378000,1547,0.0398294635,954.7161371910,69.9232321134
15.4275487000,1548,0.0398294635,954.7161371910,69.9232321134
15.4411078000,1549,0.0398294635,954.7161371910,69.9232321134
15.4512718000,1550,0.0398294635,954.7161371910,69.9232321134
15.4627187000,1551,0.0398294635,954.7161371910,69.9232321134
15.4760938000,1552,0.0398294635,954.7161371910,69.9232321134
15.4874253000,1553,0.0398294635,954.7161371910,69.9232321134
15.5002400000,1554,0.0398294635,954.7161371910,69.9232321134
15.5108541000,1555,0.0398294635,954.7161371910,69.9232321134
15.5247832000,1556,0.0398224260,955.1669035045,69.8599649643
15.5377275000,1557,0.0398224260,955.1669035045,69.8599649643
15.5501910000,1558,0.0398224260,955.1669035045,69.8599649643
15.5634356000,1559,0.0398224260,955.1669035045,69.8599649643
15.5759204000,1560,0.0398224260,955.1669035045,69.8599649643
15.5874158000,1561,0.0398224260,955.1669035045,69.8599649643
15.6019235000,1562,0.0398224260,955.1669035045,69.8599649643
15.6143922000,1563,0.0398172686,955.1669035045,69.8407503691
15.6277185000,1564,0.0398172686,955.1669035045,69.8407503691
15.6378160000,1565,0.0398172686,955.1669035045,69.8407503691
15.6490288000,1566,0.0398140395,955.1669035045,69.8287200949
15.6611838000,1567,0.0398140395,955.1669035045,69.8287200949
15.6749390000,1568,0.0398140395,955.1669035045,69.8287200949
15.6896348000,1569,0.0397007832,948.1109035045,69.9866930177
15.7027822000,1570,0.0396954970,948.1109035045,69.9669982933
15.7139837000,1571,0.0396954970,948.1109035045,69.9669982933
15.7247079000,1572,0.0396954970,948.1109035045,69.9669982933
15.7355229000,1573,0.0396938911,948.1109035045,69.9610155523
15.7467858000,1574,0.0396938911,948.1109035045,69.9610155523
15.7582692000,1575,0.0396938911,948.1109035045,69.9610155523
15.7679631000,1576,0.0396938911,948.1109035045,69.9610155523
15.7764730000,1577,0.0396938911,948.1109035045,69.9610155523
15.7892626000,1578,0.0396938911,948.1109035045,69.9610155523
15.7996882000,1579,0.0396938911,948.1109035045,69.9610155523
15.8114264000,1580,0.0396931850,948.1109035045,69.9583848548
15.8207559000,1581,0.0396931850,948.1109035045,69.9583848548
15.8340474000,1582,0.0396930962,948.1109035045,69.9580539607
15.8488967000,1583,0.0396930962,948.1109035045,69.9580539607
15.8601771000,1584,0.0396930962,948.1109035045,69.9580539607
15.8734670000,1585,0.0396326641,948.1109035045,69.7329052923
15.8841905000,1586,0.0396326641,948.1109035045,69.7329052923
15.8944248000,1587,0.0396326641,948.1109035045,69.7329052923
15.9047985000,1588,0.0395898962,948.1109035045,69.5735675220
15.9180664000,1589,0.0395898962,948.1109035045,69.5735675220
15.9298780000,1590,0.0395796717,948.1109035045,69.5354744472
15.9422642000,1591,0.0395796717,948.1109035045,69.5354744472
15.9539477000,1592,0.0395796717,948.1109035045,69.5354744472
15.9650294000,1593,0.0395796717,948.1109035045,69.5354744472
15.9776630000,1594,0.0395796717,948.1109035045,69.5354744472
15.9889359000,1595,0.0395691490,948.1109035045,69.4962706719
16.0018007000,1596,0.0395691490,948.1109035045,69.4962706719
16.0136905000,1597,0.0395691490,948.1109035045,69.4962706719
16.0249976000,1598,0.0395691490,948.1109035045,69.4962706719
16.0366958000,1599,0.0395675320,948.1109035045,69.4902462584
16.0479215000,1600,0.0395675320,948.1109035045,69.4902462584
16.0600162000,1601,0.0395675320,948.1109035045,69.4902462584
16.0712948000,1602,0.0395675320,948.1109035045,69.4902462584
16.0823890000,1603,0.0395675320,948.1109035045,69.4902462584
16.0924689000,1604,0.0395675320,948.1109035045,69.4902462584
16.1041131000,1605,0.0395675320,948.1109035045,69.4902462584
16.1154204000,1606,0.0395675320,948.1109035045,69.4902462584
16.1261309000,1607,0.0395675320,948.1109035045,69.4902462584
16.1376110000,1608,0.0395675320,948.1109035045,69.4902462584
16.1497805000,1609,0.0395675320,948.1109035045,69.4902462584
16.1606565000,1610,0.0395675320,948.1109035045,69.4902462584
16.1726874000,1611,0.0395675320,948.1109035045,69.4902462584
16.1820931000,1612,0.0395675320,948.1109035045,69.4902462584
16.1922504000,1613,0.0395675320,948.1109035045,69.4902462584
16.2024777000,1614,0.0395675320,948.1109035045,69.4902462584
16.2113829000,1615,0.0395675320,948.1109035045,69.4902462584
16.2219984000,1616,0.0395675320,948.1109035045,69.4902462584
16.2341604000,1617,0.0395675320,948.1109035045,69.4902462584
16.2446230000,1618,0.0395675320,948.1109035045,69.4902462584
16.2552962000,1619,0.0395574767,948.1109035045,69.4527839503
16.2657882000,1620,0.0395548015,948.1109035045,69.4428169956
16.2762921000,1621,0.0395548015,948.1109035045,69.4428169956
16.2883205000,1622,0.0395548015,948.1109035045,69.4428169956
16.3012016000,1623,0.0395417982,948.1109035045,69.3943713708
16.3139106000,1624,0.0395309806,948.1109035045,69.3540690016
16.3248405000,1625,0.0395309806,948.1109035045,69.3540690016
16.3366076000,1626,0.0395309806,948.1109035045,69.3540690016
16.3461631000,1627,0.0395309806,948.1109035045,69.3540690016
16.3570136000,1628,0.0395297563,948.1109035045,69.3495076882
16.3673092000,1629,0.0395297563,948.1109035045,69.3495076882
16.3787705000,1630,0.0395297563,948.1109035045,69.3495076882
16.3915082000,1631,0.0395211651,948.1109035045,69.3174996372
16.4043956000,1632,0.0395186187,948.1109035045,69.3080129600
16.4159406000,1633,0.0394987919,948.1109035045,69.2341452697
16.4257675000,1634,0.0394987919,948.1109035045,69.2341452697
16.4368789000,1635,0.0394964103,948.1109035045,69.2252721468
16.4495919000,1636,0.0394964103,948.1109035045,69.2252721468
16.4580124000,1637,0.0394964103,948.1109035045,69.2252721468
16.4680007000,1638,0.0394964103,948.1109035045,69.2252721468
16.4781270000,1639,0.0394964103,948.1109035045,69.2252721468
16.4899805000,1640,0.0394964103,948.1109035045,69.2252721468
16.5014698000,1641,0.0394964103,948.1109035045,69.2252721468
16.5121461000,1642,0.0394092470,948.1109035045,68.9005326319
16.5234827000,1643,0.0394092470,948.1109035045,68.9005326319
16.5363786000,1644,0.0394088356,948.1109035045,68.8990000474
16.5473384000,1645,0.0394088356,948.1109035045,68.8990000474
16.5586503000,1646,0.0394030211,948.1109035045,68.8773371618
16.5708710000,1647,0.0394030211,948.1109035045,68.8773371618
16.5824892000,1648,0.0394030211,948.1109035045,68.8773371618
16.5952971000,1649,0.0394030211,948.1109035045,68.8773371618
16.6066814000,1650,0.0394030211,948.1109035045,68.8773371618
16.6183593000,1651,0.0393937173,948.1109035045,68.8426745267
16.6310156000,1652,0.0393934300,948.1109035045,68.8416044165
16.6442019000,1653,0.0393934300,948.1109035045,68.8416044165
16.6566929000,1654,0.0393921650,948.1109035045,68.8368914728
16.6689917000,1655,0.0393921650,948.1109035045,68.8368914728
16.6808075000,1656,0.0393921650,948.1109035045,68.8368914728
16.6938292000,1657,0.0393921650,948.1109035045,68.8368914728
16.7068903000,1658,0.0393805941,948.1109035045,68.7937823206
16.7193204000,1659,0.0393805941,948.1109035045,68.7937823206
16.7317407000,1660,0.0393805941,948.1109035045,68.7937823206
16.7447801000,1661,0.0393805941,948.1109035045,68.7937823206
16.7564203000,1662,0.0393617878,948.1109035045,68.7237167443
16.7691527000,1663,0.0393617878,948.1109035045,68.7237167443
16.7820654000,1664,0.0393617878,948.1109035045,68.7237167443
16.7944477000,1665,0.0393617878,948.1109035045,68.7237167443
16.8057812000,1666,0.0393617878,948.1109035045,68.7237167443
16.8168644000,1667,0.0393617878,948.1109035045,68.7237167443
16.8282376000,1668,0.0393617878,948.1109035045,68.7237167443
16.8411584000,1669,0.0393617878,948.1109035045,68.7237167443
16.8562776000,1670,0.0393447972,948.1109035045,68.6604157505
16.8714027000,1671,0.0393447972,948.1109035045,68.6604157505
16.8847013000,1672,0.0393445100,948.1109035045,68.6593456403
16.8974911000,1673,0.0393445100,948.1109035045,68.6593456403
16.9093340000,1674,0.0393445100,948.1109035045,68.6593456403
16.9207487000,1675,0.0393445100,948.1109035045,68.6593456403
16.9319919000,1676,0.0393405128,948.1109035045,68.6444535146
16.9413098000,1677,0.0393405128,948.1109035045,68.6444535146
16.9538550000,1678,0.0393405128,948.1109035045,68.6444535146
16.9649406000,1679,0.0393405128,948.1109035045,68.6444535146
16.9755068000,1680,0.0393387437,948.1109035045,68.6378624475
16.9861959000,1681,0.0393387437,948.1109035045,68.6378624475
16.9976102000,1682,0.0393387437,948.1109035045,68.6378624475
17.0094213000,1683,0.0393386033,948.1109035045,68.6373396420
17.0213545000,1684,0.0393386033,948.1109035045,68.6373396420
17.0331143000,1685,0.0393386033,948.1109035045,68.6373396420
17.0464738000,1686,0.0393386033,948.1109035045,68.6373396420
17.0573235000,1687,0.0393386033,948.1109035045,68.6373396420
17.0695982000,1688,0.0393386033,948.1109035045,68.6373396420
17.0805069000,1689,0.0393380665,948.1109035045,68.6353396420
17.0914359000,1690,0.0393380665,948.1109035045,68.6353396420
17.1043681000,1691,0.0393109301,948.1109035045,68.5342391813
17.1161101000,1692,0.0393109301,948.1109035045,68.5342391813
17.1291289000,1693,0.0393095077,948.1109035045,68.5289396353
17.1427532000,1694,0.0393095077,948.1109035045,68.5289396353
17.1547311000,1695,0.0393095077,948.1109035045,68.5289396353
17.1668269000,1696,0.0393095077,948.1109035045,68.5289396353
17.1775375000,1697,0.0393095077,948.1109035045,68.5289396353
17.1894393000,1698,0.0393095077,948.1109035045,68.5289396353
17.2028339000,1699,0.0393095077,948.1109035045,68.5289396353
17.2141458000,1700,0.0393095077,948.1109035045,68.5289396353
17.2294754000,1701,0.0393095077,948.1109035045,68.5289396353
17.2425193000,1702,0.0393095077,948.1109035045,68.5289396353
17.2558157000,1703,0.0393095077,948.1109035045,68.5289396353
17.2679596000,1704,0.0393095077,948.1109035045,68.5289396353
17.2800663000,1705,0.0393095077,948.1109035045,68.5289396353
17.2930356000,1706,0.0393095077,948.1109035045,68.5289396353
17.3063236000,1707,0.0393095077,948.1109035045,68.5289396353
17.3166725000,1708,0.0393095077,948.1109035045,68.5289396353
17.3287133000,1709,0.0393095077,948.1109035045,68.5289396353
17.3408137000,1710,0.0393095077,948.1109035045,68.5289396353
17.3520065000,1711,0.0393095077,948.1109035045,68.5289396353
17.3639485000,1712,0.0393095077,948.1109035045,68.5289396353
17.3754806000,1713,0.0393048559,948.1109035045,68.5116087081
17.3869712000,1714,0.0393042646,948.1109035045,68.5094057286
17.3991143000,1715,0.0393042646,948.1109035045,68.5094057286
17.4083007000,1716,0.0393042646,948.1109035045,68.5094057286
17.4174271000,1717,0.0393042646,948.1109035045,68.5094057286
17.4272905000,1718,0.0393042646,948.1109035045,68.5094057286
17.4369590000,1719,0.0393042646,948.1109035045,68.5094057286
17.4455857000,1720,0.0393042646,948.1109035045,68.5094057286
17.4567404000,1721,0.0393042646,948.1109035045,68.5094057286
17.4666929000,1722,0.0393042646,948.1109035045,68.5094057286
17.4769897000,1723,0.0393042646,948.1109035045,68.5094057286
17.4865687000,1724,0.0393042646,948.1109035045,68.5094057286
17.4973092000,1725,0.0393042646,948.1109035045,68.5094057286
17.5102866000,1726,0.0393042646,948.1109035045,68.5094057286
17.5222137000,1727,0.0393042646,948.1109035045,68.5094057286
17.5333163000,1728,0.0393042646,948.1109035045,68.5094057286
17.5424452000,1729,0.0393042646,948.1109035045,68.5094057286
17.5540438000,1730,0.0393042646,948.1109035045,68.5094057286
17.5653924000,1731,0.0393042646,948.1109035045,68.5094057286
17.5758543000,1732,0.0393042646,948.1109035045,68.5094057286
17.5862682000,1733,0.0393042646,948.1109035045,68.5094057286
17.5968370000,1734,0.0393029132,948.1109035045,68.5043707238
17.6076327000,1735,0.0393029132,948.1109035045,68.5043707238
17.6192620000,1736,0.0393029132,948.1109035045,68.5043707238
17.6305756000,1737,0.0393029132,948.1109035045,68.5043707238
17.6427568000,1738,0.0393029132,948.1109035045,68.5043707238
17.6545178000,1739,0.0393029132,948.1109035045,68.5043707238
17.6675039000,1740,0.0393029132,948.1109035045,68.5043707238
17.6785339000,1741,0.0393029132,948.1109035045,68.5043707238
17.6901470000,1742,0.0392901483,948.1109035045,68.4568133672
17.7036421000,1743,0.0392792816,948.1109035045,68.4163278835
17.7149244000,1744,0.0392792816,948.1109035045,68.4163278835
17.7242340000,1745,0.0392776711,948.1109035045,68.4103278835
17.7337015000,1746,0.0392776711,948.1109035045,68.4103278835
17.7439796000,1747,0.0392776711,948.1109035045,68.4103278835
17.7538651000,1748,0.0392776711,948.1109035045,68.4103278835
17.7648316000,1749,0.0392776711,948.1109035045,68.4103278835
17.7754403000,1750,0.0392776711,948.1109035045,68.4103278835
17.7854128000,1751,0.0392380529,948.1109035045,68.2627244255
17.7943754000,1752,0.0392338687,948.1109035045,68.2471354928
17.8051417000,1753,0.0392338687,948.1109035045,68.2471354928
17.8145340000,1754,0.0392338687,948.1109035045,68.2471354928
17.8263167000,1755,0.0392338687,948.1109035045,68.2471354928
17.8393867000,1756,0.0392338687,948.1109035045,68.2471354928
17.8517572000,1757,0.0392338687,948.1109035045,68.2471354928
17.8629517000,1758,0.0392338687,948.1109035045,68.2471354928
17.8744170000,1759,0.0392324429,948.1109035045,68.2418235881
17.8864793000,1760,0.0392321557,948.1109035045,68.2407534779
17.8971270000,1761,0.0392321557,948.1109035045,68.2407534779
17.9075813000,1762,0.0392321557,948.1109035045,68.2407534779
17.9191406000,1763,0.0392321557,948.1109035045,68.2407534779
17.9308121000,1764,0.0392321557,948.1109035045,68.2407534779
17.9442798000,1765,0.0392321557,948.1109035045,68.2407534779
17.9577262000,1766,0.0392271551,948.1109035045,68.2221230730
17.9686765000,1767,0.0392271551,948.1109035045,68.2221230730
17.9805210000,1768,0.0392271551,948.1109035045,68.2221230730
17.9923752000,1769,0.0392271551,948.1109035045,68.2221230730
18.0032275000,1770,0.0392271551,948.1109035045,68.2221230730
18.0163701000,1771,0.0392271551,948.1109035045,68.2221230730
18.0261994000,1772,0.0392271551,948.1109035045,68.2221230730
18.0384149000,1773,0.0392271551,948.1109035045,68.2221230730
18.0496034000,1774,0.0392271551,948.1109035045,68.2221230730
18.0624206000,1775,0.0392271551,948.1109035045,68.2221230730
18.0745432000,1776,0.0392271551,948.1109035045,68.2221230730
18.0852770000,1777,0.0392271551,948.1109035045,68.2221230730
18.0986492000,1778,0.0392271551,948.1109035045,68.2221230730
18.1123523000,1779,0.0392271551,948.1109035045,68.2221230730
18.1251185000,1780,0.0392271551,948.1109035045,68.2221230730
18.1383869000,1781,0.0392271551,948.1109035045,68.2221230730
18.1482612000,1782,0.0392271551,948.1109035045,68.2221230730
18.1581658000,1783,0.0392106097,948.1109035045,68.1604809469
18.1676770000,1784,0.0392106097,948.1109035045,68.1604809469
18.1778691000,1785,0.0391766008,948.1109035045,68.0337758158
18.1898692000,1786,0.0391766008,948.1109035045,68.0337758158
18.2026908000,1787,0.0391766008,948.1109035045,68.0337758158
18.2165953000,1788,0.0391766008,948.1109035045,68.0337758158
18.2286861000,1789,0.0391766008,948.1109035045,68.0337758158
18.2409182000,1790,0.0391766008,948.1109035045,68.0337758158
18.2521639000,1791,0.0391766008,948.1109035045,68.0337758158
18.2639066000,1792,0.0391766008,948.1109035045,68.0337758158
18.2783547000,1793,0.0391766008,948.1109035045,68.0337758158
18.2906228000,1794,0.0391766008,948.1109035045,68.0337758158
18.3025595000,1795,0.0391766008,948.1109035045,68.0337758158
18.3130445000,1796,0.0391766008,948.1109035045,68.0337758158
18.3259461000,1797,0.0391766008,948.1109035045,68.0337758158
18.3389062000,1798,0.0391766008,948.1109035045,68.0337758158
18.3496569000,1799,0.0391766008,948.1109035045,68.0337758158
18.3593376000,1800,0.0391766008,948.1109035045,68.0337758158
18.3724669000,1801,0.0391766008,948.1109035045,68.0337758158
18.3823621000,1802,0.0391766008,948.1109035045,68.0337758158
18.3944891000,1803,0.0391766008,948.1109035045,68.0337758158
18.4062935000,1804,0.0391766008,948.1109035045,68.0337758158
18.4165306000,1805,0.0391766008,948.1109035045,68.0337758158
18.4296374000,1806,0.0391766008,948.1109035045,68.0337758158
18.4418195000,1807,0.0391766008,948.1109035045,68.0337758158
18.4533203000,1808,0.0391766008,948.1109035045,68.0337758158
18.4631642000,1809,0.0391766008,948.1109035045,68.0337758158
18.4744686000,1810,0.0391658010,948.1109035045,67.9935396490
18.4863137000,1811,0.0391658010,948.1109035045,67.9935396490
18.4974769000,1812,0.0391658010,948.1109035045,67.9935396490
18.5068311000,1813,0.0391658010,948.1109035045,67.9935396490
18.5170540000,1814,0.0391658010,948.1109035045,67.9935396490
18.5268480000,1815,0.0391658010,948.1109035045,67.9935396490
18.5372003000,1816,0.0391658010,948.1109035045,67.9935396490
18.5489763000,1817,0.0391658010,948.1109035045,67.9935396490
18.5629171000,1818,0.0391658010,948.1109035045,67.9935396490
18.5743023000,1819,0.0391658010,948.1109035045,67.9935396490
18.5871252000,1820,0.0391658010,948.1109035045,67.9935396490
18.5976172000,1821,0.0391658010,948.1109035045,67.9935396490
18.6108731000,1822,0.0391658010,948.1109035045,67.9935396490
18.6218713000,1823,0.0391658010,948.1109035045,67.9935396490
18.6326908000,1824,0.0391475491,948.1109035045,67.9255396490
18.6436390000,1825,0.0391475491,948.1109035045,67.9255396490
18.6574799000,1826,0.0391475491,948.1109035045,67.9255396490
18.6690382000,1827,0.0391000335,947.4269035045,67.8047304369
18.6803391000,1828,0.0391000335,947.4269035045,67.8047304369
18.6923341000,1829,0.0390896431,947.4269035045,67.7660196582
18.7043284000,1830,0.0390888923,947.4269035045,67.7632225396
18.7159930000,1831,0.0390888923,947.4269035045,67.7632225396
18.7264341000,1832,0.0390888923,947.4269035045,67.7632225396
18.7387389000,1833,0.0390888923,947.4269035045,67.7632225396
18.7507796000,1834,0.0390888923,947.4269035045,67.7632225396
18.7618906000,1835,0.0390888923,947.4269035045,67.7632225396
18.7726694000,1836,0.0390888923,947.4269035045,67.7632225396
18.7831003000,1837,0.0390888923,947.4269035045,67.7632225396
18.7948703000,1838,0.0390815569,948.1109035045,67.6796760701
18.8064655000,1839,0.0390815569,948.1109035045,67.6796760701
18.8206828000,1840,0.0390815569,948.1109035045,67.6796760701
18.8334604000,1841,0.0390815569,948.1109035045,67.6796760701
18.8475061000,1842,0.0390815569,948.1109035045,67.6796760701
18.8608035000,1843,0.0390688727,948.1109035045,67.6324192561
18.8725117000,1844,0.0390688727,948.1109035045,67.6324192561
18.8842300000,1845,0.0390688727,948.1109035045,67.6324192561
18.8977915000,1846,0.0390688727,948.1109035045,67.6324192561
18.9100122000,1847,0.0390598051,948.1109035045,67.5986367338
18.9219962000,1848,0.0390598051,948.1109035045,67.5986367338
18.9350910000,1849,0.0390598051,948.1109035045,67.5986367338
18.9491014000,1850,0.0390598051,948.1109035045,67.5986367338
18.9603867000,1851,0.0390598051,948.1109035045,67.5986367338
18.9729364000,1852,0.0390598051,948.1109035045,67.5986367338
18.9868735000,1853,0.0390598051,948.1109035045,67.5986367338
18.9987135000,1854,0.0390598051,948.1109035045,67.5986367338
19.0106577000,1855,0.0390598051,948.1109035045,67.5986367338
19.0237557000,1856,0.0390598051,948.1109035045,67.5986367338
19.0370413000,1857,0.0390598051,948.1109035045,67.5986367338
19.0502501000,1858,0.0390598051,948.1109035045,67.5986367338
19.0638054000,1859,0.0390545252,948.1109035045,67.5789655822
19.0777470000,1860,0.0390545252,948.1109035045,67.5789655822
19.0908873000,1861,0.0390545252,948.1109035045,67.5789655822
19.1035933000,1862,0.0390545252,948.1109035045,67.5789655822
19.1159231000,1863,0.0390507546,948.1109035045,67.5649175916
19.1278362000,1864,0.0390507546,948.1109035045,67.5649175916
19.1387967000,1865,0.0390507546,948.1109035045,67.5649175916
19.1508511000,1866,0.0390507546,948.1109035045,67.5649175916
19.1596561000,1867,0.0390507546,948.1109035045,67.5649175916
19.1687102000,1868,0.0390479450,948.1109035045,67.5544501865
19.1789434000,1869,0.0390479450,948.1109035045,67.5544501865
19.1901056000,1870,0.0390479450,948.1109035045,67.5544501865
19.1999770000,1871,0.0390444043,948.1109035045,67.5412585706
19.2110997000,1872,0.0390444043,948.1109035045,67.5412585706
19.2222049000,1873,0.0390444043,948.1109035045,67.5412585706
19.2311063000,1874,0.0390444043,948.1109035045,67.5412585706
19.2459837000,1875,0.0390384367,948.1109035045,67.5190254560
19.2592215000,1876,0.0390384367,948.1109035045,67.5190254560
19.2714836000,1877,0.0390380189,948.1109035045,67.5174691401
19.2831534000,1878,0.0390380189,948.1109035045,67.5174691401
19.2952973000,1879,0.0390380189,948.1109035045,67.5174691401
19.3074391000,1880,0.0390380189,948.1109035045,67.5174691401
19.3211411000,1881,0.0390380189,948.1109035045,67.5174691401
19.3339989000,1882,0.0390377251,948.1109035045,67.5163744850
19.3440006000,1883,0.0390377251,948.1109035045,67.5163744850
19.3561319000,1884,0.0389669894,948.1109035045,67.2528385184
19.3688715000,1885,0.0389640177,948.1109035045,67.2417667737
19.3819155000,1886,0.0389640177,948.1109035045,67.2417667737
19.3925501000,1887,0.0389612102,948.1109035045,67.2313072882
19.4038304000,1888,0.0389500502,948.1109035045,67.1897289038
19.4152716000,1889,0.0389500502,948.1109035045,67.1897289038
19.4257943000,1890,0.0389500502,948.1109035045,67.1897289038
19.4373931000,1891,0.0389500502,948.1109035045,67.1897289038
19.4485689000,1892,0.0389500502,948.1109035045,67.1897289038
19.4604159000,1893,0.0389500502,948.1109035045,67.1897289038
19.4721877000,1894,0.0389493091,948.1109035045,67.1869680177
19.4841914000,1895,0.0389493091,948.1109035045,67.1869680177
19.4970553000,1896,0.0389493091,948.1109035045,67.1869680177
19.5114984000,1897,0.0389493091,948.1109035045,67.1869680177
19.5271596000,1898,0.0389372055,948.1109035045,67.1418740786
19.5398284000,1899,0.0389372055,948.1109035045,67.1418740786
19.5519632000,1900,0.0389372055,948.1109035045,67.1418740786
19.5654987000,1901,0.0389372055,948.1109035045,67.1418740786
19.5773639000,1902,0.0389372055,948.1109035045,67.1418740786
19.5884761000,1903,0.0389372055,948.1109035045,67.1418740786
19.5989870000,1904,0.0389345778,948.1109035045,67.1320841137
19.6104379000,1905,0.0389345778,948.1109035045,67.1320841137
19.6240470000,1906,0.0389345778,948.1109035045,67.1320841137
19.6364978000,1907,0.0389345778,948.1109035045,67.1320841137
19.6470123000,1908,0.0389156794,948.1109035045,67.0616756262
19.6603009000,1909,0.0389156794,948.1109035045,67.0616756262
19.6720996000,1910,0.0389156794,948.1109035045,67.0616756262
19.6837225000,1911,0.0389156794,948.1109035045,67.0616756262
19.6999668000,1912,0.0389155026,948.1109035045,67.0610167998
19.7135485000,1913,0.0389155026,948.1109035045,67.0610167998
19.7263635000,1914,0.0389155026,948.1109035045,67.0610167998
19.7389405000,1915,0.0389155026,948.1109035045,67.0610167998
19.7521994000,1916,0.0389155026,948.1109035045,67.0610167998
19.7663526000,1917,0.0389155026,948.1109035045,67.0610167998
19.7779109000,1918,0.0389155026,948.1109035045,67.0610167998
19.7906364000,1919,0.0389155026,948.1109035045,67.0610167998
19.8045401000,1920,0.0389155026,948.1109035045,67.0610167998
19.8166228000,1921,0.0389155026,948.1109035045,67.0610167998
19.8302613000,1922,0.0389062692,947.8094645377,67.0513913396
19.8446205000,1923,0.0389062692,947.8094645377,67.0513913396
19.8575790000,1924,0.0389062692,947.8094645377,67.0513913396
19.8691707000,1925,0.0388975086,948.1109035045,66.9939775430
19.8832054000,1926,0.0388910986,948.1109035045,66.9700963100
19.8952178000,1927,0.0388910986,948.1109035045,66.9700963100
19.9080086000,1928,0.0388762460,948.1109035045,66.9147606004
19.9197015000,1929,0.0388680877,948.1109035045,66.8843659086
19.9310777000,1930,0.0388623891,948.1109035045,66.8631348919
19.9424552000,1931,0.0388623891,948.1109035045,66.8631348919
19.9538530000,1932,0.0388623891,948.1109035045,66.8631348919
19.9658242000,1933,0.0388623891,948.1109035045,66.8631348919
19.9787362000,1934,0.0388623891,948.1109035045,66.8631348919
19.9901881000,1935,0.0388564729,948.1109035045,66.8410932509
20.0030526000,1936,0.0388333937,948.1109035045,66.7551082992
20.0152443000,1937,0.0388333937,948.1109035045,66.7551082992
20.0281123000,1938,0.0388333937,948.1109035045,66.7551082992
20.0422578000,1939,0.0388333937,948.1109035045,66.7551082992
20.0543635000,1940,0.0388333937,948.1109035045,66.7551082992
20.0661513000,1941,0.0388333937,948.1109035045,66.7551082992
20.0775031000,1942,0.0388333937,948.1109035045,66.7551082992
20.0884352000,1943,0.0387841479,948.1109035045,66.5716360094
20.0996506000,1944,0.0387841479,948.1109035045,66.5716360094
20.1099322000,1945,0.0387841479,948.1109035045,66.5716360094
20.1215501000,1946,0.0387841479,948.1109035045,66.5716360094
20.1316457000,1947,0.0387841479,948.1109035045,66.5716360094
20.1408942000,1948,0.0387841479,948.1109035045,66.5716360094
20.1521484000,1949,0.0387822090,948.1109035045,66.5644124694
20.1642059000,1950,0.0387822090,948.1109035045,66.5644124694
20.1768278000,1951,0.0387822090,948.1109035045,66.5644124694
20.1885483000,1952,0.0387822090,948.1109035045,66.5644124694
20.2002306000,1953,0.0387822090,948.1109035045,66.5644124694
20.2098544000,1954,0.0387822090,948.1109035045,66.5644124694
20.2233538000,1955,0.0387822090,948.1109035045,66.5644124694
20.2386923000,1956,0.0387822090,948.1109035045,66.5644124694
20.2538952000,1957,0.0387486893,948.1109035045,66.4395298018
20.2686289000,1958,0.0387486893,948.1109035045,66.4395298018
20.2854391000,1959,0.0387486893,948.1109035045,66.4395298018
20.3016243000,1960,0.0387486893,948.1109035045,66.4395298018
20.3172247000,1961,0.0387486893,948.1109035045,66.4395298018
20.3332318000,1962,0.0387486893,948.1109035045,66.4395298018
20.3481741000,1963,0.0387486893,948.1109035045,66.4395298018
20.3605963000,1964,0.0387486893,948.1109035045,66.4395298018
20.3728378000,1965,0.0387486893,948.1109035045,66.4395298018
20.3835319000,1966,0.0387486893,948.1109035045,66.4395298018
20.3953324000,1967,0.0387486893,948.1109035045,66.4395298018
20.4055273000,1968,0.0387486893,948.1109035045,66.4395298018
20.4178002000,1969,0.0387486893,948.1109035045,66.4395298018
20.4277468000,1970,0.0387486893,948.1109035045,66.4395298018
20.4372768000,1971,0.0387486893,948.1109035045,66.4395298018
20.4474721000,1972,0.0387486893,948.1109035045,66.4395298018
20.4572897000,1973,0.0387486893,948.1109035045,66.4395298018
20.4673826000,1974,0.0387486893,948.1109035045,66.4395298018
20.4761623000,1975,0.0387486893,948.1109035045,66.4395298018
20.4873878000,1976,0.0387486893,948.1109035045,66.4395298018
20.4986684000,1977,0.0387486893,948.1109035045,66.4395298018
20.5088543000,1978,0.0387486893,948.1109035045,66.4395298018
20.5199161000,1979,0.0387486893,948.1109035045,66.4395298018
20.5319202000,1980,0.0387486893,948.1109035045,66.4395298018
20.5428871000,1981,0.0387486893,948.1109035045,66.4395298018
20.5534283000,1982,0.0387486893,948.1109035045,66.4395298018
20.5645523000,1983,0.0387486893,948.1109035045,66.4395298018
20.5779131000,1984,0.0387115565,948.1109035045,66.3011862555
20.5893321000,1985,0.0387115565,948.1109035045,66.3011862555
20.6012682000,1986,0.0387115565,948.1109035045,66.3011862555
20.6128863000,1987,0.0387115565,948.1109035045,66.3011862555
20.6244765000,1988,0.0387115565,948.1109035045,66.3011862555
20.6371675000,1989,0.0387079134,948.1109035045,66.2876134011
20.6475547000,1990,0.0387079134,948.1109035045,66.2876134011
20.6606604000,1991,0.0387079134,948.1109035045,66.2876134011
20.6743236000,1992,0.0387079134,948.1109035045,66.2876134011
20.6855022000,1993,0.0387079134,948.1109035045,66.2876134011
20.6966155000,1994,0.0387079134,948.1109035045,66.2876134011
20.7095086000,1995,0.0387079134,948.1109035045,66.2876134011
20.7220952000,1996,0.0387079134,948.1109035045,66.2876134011
20.7349211000,1997,0.0387079134,948.1109035045,66.2876134011
20.7484685000,1998,0.0387079134,948.1109035045,66.2876134011
20.7595953000,1999,0.0387079134,948.1109035045,66.2876134011
20.7703858000,2000,0.0387079134,948.1109035045,66.2876134011
20.7830324000,2001,0.0387079134,948.1109035045,66.2876134011
20.7947814000,2002,0.0387079134,948.1109035045,66.2876134011
20.8071782000,2003,0.0387079134,948.1109035045,66.2876134011
20.8172744000,2004,0.0387079134,948.1109035045,66.2876134011
20.8296609000,2005,0.0387079134,948.1109035045,66.2876134011
20.8408748000,2006,0.0387079134,948.1109035045,66.2876134011
20.8537170000,2007,0.0387079134,948.1109035045,66.2876134011
20.8645073000,2008,0.0387040968,948.1109035045,66.2733940269
20.8776721000,2009,0.0387040968,948.1109035045,66.2733940269
20.8894386000,2010,0.0387040968,948.1109035045,66.2733940269
20.9019607000,2011,0.0387040968,948.1109035045,66.2733940269
20.9138184000,2012,0.0387040968,948.1109035045,66.2733940269
20.9234463000,2013,0.0387040968,948.1109035045,66.2733940269
20.9358613000,2014,0.0387040968,948.1109035045,66.2733940269
20.9461547000,2015,0.0387040968,948.1109035045,66.2733940269
20.9560818000,2016,0.0387040968,948.1109035045,66.2733940269
20.9671492000,2017,0.0386996374,948.1109035045,66.2567800486
20.9788786000,2018,0.0386996374,948.1109035045,66.2567800486
20.9884810000,2019,0.0386996374,948.1109035045,66.2567800486
20.9996636000,2020,0.0386996374,948.1109035045,66.2567800486
21.0099398000,2021,0.0386996374,948.1109035045,66.2567800486
21.0208988000,2022,0.0386996374,948.1109035045,66.2567800486
21.0312716000,2023,0.0386996374,948.1109035045,66.2567800486
21.0406951000,2024,0.0386996374,948.1109035045,66.2567800486
21.0512144000,2025,0.0386996374,948.1109035045,66.2567800486
21.0620838000,2026,0.0386996374,948.1109035045,66.2567800486
21.0718974000,2027,0.0386996374,948.1109035045,66.2567800486
21.0829460000,2028,0.0386996374,948.1109035045,66.2567800486
21.0946636000,2029,0.0386988990,948.1109035045,66.2540290801
21.1047873000,2030,0.0386988990,948.1109035045,66.2540290801
21.1171912000,2031,0.0386960113,947.8745679917,66.2626946146
21.1303925000,2032,0.0386960113,947.8745679917,66.2626946146
21.1423250000,2033,0.0386960113,947.8745679917,66.2626946146
21.1550446000,2034,0.0386741128,948.1109035045,66.1616845313
21.1671522000,2035,0.0386741128,948.1109035045,66.1616845313
21.1780043000,2036,0.0386741128,948.1109035045,66.1616845313
21.1877589000,2037,0.0386741128,948.1109035045,66.1616845313
21.1984887000,2038,0.0386741128,948.1109035045,66.1616845313
21.2102188000,2039,0.0386286777,948.1109035045,65.9924093045
21.2222901000,2040,0.0386286777,948.1109035045,65.9924093045
21.2344132000,2041,0.0386286777,948.1109035045,65.9924093045
21.2464837000,2042,0.0386286777,948.1109035045,65.9924093045
21.2587416000,2043,0.0386286777,948.1109035045,65.9924093045
21.2722036000,2044,0.0386286777,948.1109035045,65.9924093045
21.2857342000,2045,0.0386286777,948.1109035045,65.9924093045
21.2975328000,2046,0.0386286777,948.1109035045,65.9924093045
21.3091800000,2047,0.0386286777,948.1109035045,65.9924093045
21.3208181000,2048,0.0386286777,948.1109035045,65.9924093045
21.3326106000,2049,0.0386286777,948.1109035045,65.9924093045
21.3443054000,2050,0.0386286777,948.1109035045,65.9924093045
21.3549973000,2051,0.0386286777,948.1109035045,65.9924093045
21.3658672000,2052,0.0386286777,948.1109035045,65.9924093045
21.3767752000,2053,0.0386286777,948.1109035045,65.9924093045
21.3892701000,2054,0.0386286777,948.1109035045,65.9924093045
21.3996423000,2055,0.0386286777,948.1109035045,65.9924093045
21.4109347000,2056,0.0386286777,948.1109035045,65.9924093045
21.4228083000,2057,0.0386286777,948.1109035045,65.9924093045
21.4355354000,2058,0.0386286777,948.1109035045,65.9924093045
21.4466333000,2059,0.0386286777,948.1109035045,65.9924093045
21.4588871000,2060,0.0386286777,948.1109035045,65.9924093045
21.4694864000,2061,0.0386286777,948.1109035045,65.9924093045
21.4794389000,2062,0.0386286777,948.1109035045,65.9924093045
21.4892818000,2063,0.0386286777,948.1109035045,65.9924093045
21.4992119000,2064,0.0386286777,948.1109035045,65.9924093045
21.5112365000,2065,0.0386286777,948.1109035045,65.9924093045
21.5225889000,2066,0.0386286777,948.1109035045,65.9924093045
21.5327381000,2067,0.0386286777,948.1109035045,65.9924093045
21.5433798000,2068,0.0386286777,948.1109035045,65.9924093045
21.5555140000,2069,0.0386286777,948.1109035045,65.9924093045
21.5657905000,2070,0.0386131037,948.1109035045,65.9343860867
21.5771334000,2071,0.0386131037,948.1109035045,65.9343860867
21.5875208000,2072,0.0386131037,948.1109035045,65.9343860867
21.6025203000,2073,0.0386131037,948.1109035045,65.9343860867
21.6116867000,2074,0.0386131037,948.1109035045,65.9343860867
21.6245119000,2075,0.0386131037,948.1109035045,65.9343860867
21.6361187000,2076,0.0386131037,948.1109035045,65.9343860867
21.6477524000,2077,0.0386131037,948.1109035045,65.9343860867
21.6590336000,2078,0.0385798031,948.1109035045,65.8103201570
21.6696198000,2079,0.0385798031,948.1109035045,65.8103201570
21.6808708000,2080,0.0385798031,948.1109035045,65.8103201570
21.6943494000,2081,0.0385798031,948.1109035045,65.8103201570
21.7049489000,2082,0.0385798031,948.1109035045,65.8103201570
21.7150789000,2083,0.0385798031,948.1109035045,65.8103201570
21.7274693000,2084,0.0385798031,948.1109035045,65.8103201570
21.7377968000,2085,0.0385798031,948.1109035045,65.8103201570
21.7484589000,2086,0.0385798031,948.1109035045,65.8103201570
21.7592067000,2087,0.0385798031,948.1109035045,65.8103201570
21.7693726000,2088,0.0385798031,948.1109035045,65.8103201570
21.7795530000,2089,0.0385798031,948.1109035045,65.8103201570
21.7898372000,2090,0.0385798031,948.1109035045,65.8103201570
21.7995210000,2091,0.0385798031,948.1109035045,65.8103201570
21.8089379000,2092,0.0385595482,948.1109035045,65.7348574212
21.8198361000,2093,0.0385595482,948.1109035045,65.7348574212
21.8330290000,2094,0.0385451561,948.1109035045,65.6812374668
21.8436224000,2095,0.0385451561,948.1109035045,65.6812374668
21.8538885000,2096,0.0385451561,948.1109035045,65.6812374668
21.8637088000,2097,0.0385451561,948.1109035045,65.6812374668
21.8780208000,2098,0.0385451561,948.1109035045,65.6812374668
21.8882316000,2099,0.0385451561,948.1109035045,65.6812374668
21.8999306000,2100,0.0385451561,948.1109035045,65.6812374668
21.9111731000,2101,0.0385451561,948.1109035045,65.6812374668
21.9215840000,2102,0.0385451561,948.1109035045,65.6812374668
21.9322856000,2103,0.0385451561,948.1109035045,65.6812374668
21.9425165000,2104,0.0385451561,948.1109035045,65.6812374668
21.9542017000,2105,0.0385451561,948.1109035045,65.6812374668
21.9645626000,2106,0.0385451561,948.1109035045,65.6812374668
21.9774753000,2107,0.0385451561,948.1109035045,65.6812374668
21.9891148000,2108,0.0385451561,948.1109035045,65.6812374668
22.0019915000,2109,0.0385451561,948.1109035045,65.6812374668
22.0143309000,2110,0.0385451561,948.1109035045,65.6812374668
22.0241195000,2111,0.0385451561,948.1109035045,65.6812374668
22.0357847000,2112,0.0385451561,948.1109035045,65.6812374668
22.0456648000,2113,0.0385451561,948.1109035045,65.6812374668
22.0553725000,2114,0.0385451561,948.1109035045,65.6812374668
22.0656800000,2115,0.0385451561,948.1109035045,65.6812374668
22.0762593000,2116,0.0385451561,948.1109035045,65.6812374668
22.0861204000,2117,0.0385451561,948.1109035045,65.6812374668
22.0969393000,2118,0.0385426566,948.1109035045,65.6719252377
22.1089030000,2119,0.0385426566,948.1109035045,65.6719252377
22.1204638000,2120,0.0385420743,948.1109035045,65.6697558960
22.1334296000,2121,0.0385420743,948.1109035045,65.6697558960
22.1433569000,2122,0.0385420743,948.1109035045,65.6697558960
22.1539930000,2123,0.0385420743,948.1109035045,65.6697558960
22.1644011000,2124,0.0385420743,948.1109035045,65.6697558960
22.1746079000,2125,0.0385420743,948.1109035045,65.6697558960
22.1878395000,2126,0.0385420743,948.1109035045,65.6697558960
22.1996754000,2127,0.0385420743,948.1109035045,65.6697558960
22.2105028000,2128,0.0385420743,948.1109035045,65.6697558960
22.2223954000,2129,0.0385420743,948.1109035045,65.6697558960
22.2339501000,2130,0.0385420743,948.1109035045,65.6697558960
22.2467761000,2131,0.0385420743,948.1109035045,65.6697558960
22.2588127000,2132,0.0385420743,948.1109035045,65.6697558960
22.2697238000,2133,0.0385420743,948.1109035045,65.6697558960
22.2808977000,2134,0.0385420743,948.1109035045,65.6697558960
22.2906699000,2135,0.0385420743,948.1109035045,65.6697558960
22.3018512000,2136,0.0385415170,948.1109035045,65.6676795076
22.3127338000,2137,0.0385415170,948.1109035045,65.6676795076
22.3230893000,2138,0.0385396448,948.1109035045,65.6607043896
22.3342202000,2139,0.0385396448,948.1109035045,65.6607043896
22.3456020000,2140,0.0385396448,948.1109035045,65.6607043896
22.3569216000,2141,0.0385396448,948.1109035045,65.6607043896
22.3679333000,2142,0.0385396448,948.1109035045,65.6607043896
22.3789952000,2143,0.0385396448,948.1109035045,65.6607043896
22.3907475000,2144,0.0385216826,948.1109035045,65.5937837326
22.4038386000,2145,0.0385216826,948.1109035045,65.5937837326
22.4153671000,2146,0.0385143084,948.1109035045,65.5663100112
22.4255437000,2147,0.0385143084,948.1109035045,65.5663100112
22.4380474000,2148,0.0385143084,948.1109035045,65.5663100112
22.4495638000,2149,0.0385143084,948.1109035045,65.5663100112
22.4604452000,2150,0.0385143084,948.1109035045,65.5663100112
22.4732262000,2151,0.0385143084,948.1109035045,65.5663100112
22.4851052000,2152,0.0385139441,948.1109035045,65.5649529788
22.4975617000,2153,0.0385139441,948.1109035045,65.5649529788
22.5078281000,2154,0.0385139441,948.1109035045,65.5649529788
22.5176657000,2155,0.0385139441,948.1109035045,65.5649529788
22.5319766000,2156,0.0385139441,948.1109035045,65.5649529788
22.5446797000,2157,0.0385139441,948.1109035045,65.5649529788
22.5572722000,2158,0.0385139441,948.1109035045,65.5649529788
22.5711321000,2159,0.0385139441,948.1109035045,65.5649529788
22.5847581000,2160,0.0385136109,948.1109035045,65.5637114003
22.6018904000,2161,0.0385136109,948.1109035045,65.5637114003
22.6161752000,2162,0.0385136109,948.1109035045,65.5637114003
22.6275490000,2163,0.0385136109,948.1109035045,65.5637114003
22.6393609000,2164,0.0385136109,948.1109035045,65.5637114003
22.6511321000,2165,0.0385136109,948.1109035045,65.5637114003
22.6633900000,2166,0.0385136109,948.1109035045,65.5637114003
22.6755465000,2167,0.0385134878,948.1109035045,65.5632526261
22.6875782000,2168,0.0385134878,948.1109035045,65.5632526261
22.7004790000,2169,0.0385134878,948.1109035045,65.5632526261
22.7129459000,2170,0.0385134878,948.1109035045,65.5632526261
22.7254594000,2171,0.0385134878,948.1109035045,65.5632526261
22.7366948000,2172,0.0385106065,948.1109035045,65.5525179749
22.7475285000,2173,0.0385106065,948.1109035045,65.5525179749
22.7594294000,2174,0.0385061679,948.1109035045,65.5359815434
22.7718868000,2175,0.0385061679,948.1109035045,65.5359815434
22.7853175000,2176,0.0385061679,948.1109035045,65.5359815434
22.7982961000,2177,0.0385061679,948.1109035045,65.5359815434
22.8109845000,2178,0.0385061679,948.1109035045,65.5359815434
22.8216615000,2179,0.0385061679,948.1109035045,65.5359815434
22.8338930000,2180,0.0385061679,948.1109035045,65.5359815434
22.8468003000,2181,0.0385061679,948.1109035045,65.5359815434
22.8571154000,2182,0.0384664973,948.1109035045,65.3881828060
22.8707726000,2183,0.0384664973,948.1109035045,65.3881828060
22.8852577000,2184,0.0384664973,948.1109035045,65.3881828060
22.8981355000,2185,0.0384664973,948.1109035045,65.3881828060
22.9102328000,2186,0.0384664973,948.1109035045,65.3881828060
22.9239226000,2187,0.0384664973,948.1109035045,65.3881828060
22.9356005000,2188,0.0384664973,948.1109035045,65.3881828060
22.9474489000,2189,0.0384664973,948.1109035045,65.3881828060
22.9584029000,2190,0.0384664973,948.1109035045,65.3881828060
22.9682509000,2191,0.0384640472,948.1109035045,65.3790547823
22.9784253000,2192,0.0384640472,948.1109035045,65.3790547823
22.9886783000,2193,0.0384640472,948.1109035045,65.3790547823
22.9983990000,2194,0.0384640472,948.1109035045,65.3790547823
23.0093205000,2195,0.0384627118,948.1109035045,65.3740795878
23.0210071000,2196,0.0384627118,948.1109035045,65.3740795878
23.0313863000,2197,0.0384627118,948.1109035045,65.3740795878
23.0419005000,2198,0.0384627118,948.1109035045,65.3740795878
23.0552042000,2199,0.0384627118,948.1109035045,65.3740795878
23.0653927000,2200,0.0384536341,948.1109035045,65.3402590542
23.0760015000,2201,0.0384536341,948.1109035045,65.3402590542
23.0866495000,2202,0.0384499287,948.1109035045,65.3264541417
23.0977303000,2203,0.0384499287,948.1109035045,65.3264541417
23.1090434000,2204,0.0384141336,948.1109035045,65.1930944248
23.1224168000,2205,0.0384141336,948.1109035045,65.1930944248
23.1345171000,2206,0.0384141336,948.1109035045,65.1930944248
23.1470447000,2207,0.0384141336,948.1109035045,65.1930944248
23.1597375000,2208,0.0384001443,948.1109035045,65.1409751619
23.1734421000,2209,0.0384001443,948.1109035045,65.1409751619
23.1860479000,2210,0.0384001443,948.1109035045,65.1409751619
23.1971671000,2211,0.0384001443,948.1109035045,65.1409751619
23.2072055000,2212,0.0384001443,948.1109035045,65.1409751619
23.2207749000,2213,0.0383991203,948.1109035045,65.1371600675
23.2356490000,2214,0.0383991203,948.1109035045,65.1371600675
23.2494641000,2215,0.0383991203,948.1109035045,65.1371600675
23.2655721000,2216,0.0383991203,948.1109035045,65.1371600675
23.2821636000,2217,0.0383962304,948.1109035045,65.1263934084
23.2954846000,2218,0.0383962304,948.1109035045,65.1263934084
23.3095212000,2219,0.0383962304,948.1109035045,65.1263934084
23.3215966000,2220,0.0383962304,948.1109035045,65.1263934084
23.3360191000,2221,0.0383962304,948.1109035045,65.1263934084
23.3489482000,2222,0.0383962304,948.1109035045,65.1263934084
23.3602587000,2223,0.0383962304,948.1109035045,65.1263934084
23.3714967000,2224,0.0383962304,948.1109035045,65.1263934084
23.3843554000,2225,0.0383962304,948.1109035045,65.1263934084
23.3953829000,2226,0.0383962304,948.1109035045,65.1263934084
23.4090949000,2227,0.0383746094,948.1109035045,65.0458412833
23.4226204000,2228,0.0383746094,948.1109035045,65.0458412833
23.4346018000,2229,0.0383746094,948.1109035045,65.0458412833
23.4456989000,2230,0.0383746094,948.1109035045,65.0458412833
23.4581357000,2231,0.0383746094,948.1109035045,65.0458412833
23.4725712000,2232,0.0383746094,948.1109035045,65.0458412833
23.4871251000,2233,0.0383656451,948.1109035045,65.0124433230
23.4999092000,2234,0.0383656451,948.1109035045,65.0124433230
23.5121376000,2235,0.0383656451,948.1109035045,65.0124433230
23.5247102000,2236,0.0383656451,948.1109035045,65.0124433230
23.5380284000,2237,0.0383652381,948.1109035045,65.0109272464
23.5542558000,2238,0.0383652381,948.1109035045,65.0109272464
23.5692596000,2239,0.0383643457,948.1109035045,65.0076023040
23.5842967000,2240,0.0383643457,948.1109035045,65.0076023040
23.6005964000,2241,0.0383643457,948.1109035045,65.0076023040
23.6123562000,2242,0.0383643457,948.1109035045,65.0076023040
23.6237389000,2243,0.0383643457,948.1109035045,65.0076023040
23.6378656000,2244,0.0383643457,948.1109035045,65.0076023040
23.6494932000,2245,0.0383643457,948.1109035045,65.0076023040
23.6629902000,2246,0.0383643457,948.1109035045,65.0076023040
23.6765974000,2247,0.0383643457,948.1109035045,65.0076023040
23.6887474000,2248,0.0383643457,948.1109035045,65.0076023040
23.7003437000,2249,0.0383643457,948.1109035045,65.0076023040
23.7145736000,2250,0.0383643457,948.1109035045,65.0076023040
23.7284342000,2251,0.0383629253,948.1109035045,65.0023106595
23.7422580000,2252,0.0383596697,948.1109035045,64.9901813105
23.7531652000,2253,0.0383596697,948.1109035045,64.9901813105
23.7644889000,2254,0.0383400583,948.1109035045,64.9171160877
23.7767677000,2255,0.0383400583,948.1109035045,64.9171160877
23.7905138000,2256,0.0383400583,948.1109035045,64.9171160877
23.8024929000,2257,0.0383400583,948.1109035045,64.9171160877
23.8138035000,2258,0.0383400583,948.1109035045,64.9171160877
23.8323520000,2259,0.0383400583,948.1109035045,64.9171160877
23.8478139000,2260,0.0383400583,948.1109035045,64.9171160877
23.8623704000,2261,0.0383399130,948.1109035045,64.9165750005
23.8786888000,2262,0.0383237903,948.1109035045,64.8565072365
23.8958218000,2263,0.0383237903,948.1109035045,64.8565072365
23.9123463000,2264,0.0383237903,948.1109035045,64.8565072365
23.9284768000,2265,0.0383237903,948.1109035045,64.8565072365
23.9433895000,2266,0.0383237903,948.1109035045,64.8565072365
23.9584890000,2267,0.0383237903,948.1109035045,64.8565072365
23.9740454000,2268,0.0383237903,948.1109035045,64.8565072365
23.9877271000,2269,0.0383237903,948.1109035045,64.8565072365
24.0058315000,2270,0.0383237903,948.1109035045,64.8565072365
24.0208675000,2271,0.0383237903,948.1109035045,64.8565072365
24.0355671000,2272,0.0383237903,948.1109035045,64.8565072365
24.0503214000,2273,0.0383237903,948.1109035045,64.8565072365
24.0642639000,2274,0.0383237903,948.1109035045,64.8565072365
24.0772827000,2275,0.0383237903,948.1109035045,64.8565072365
24.0909614000,2276,0.0383237903,948.1109035045,64.8565072365
24.1042035000,2277,0.0383146016,948.1109035045,64.8222736621
24.1185122000,2278,0.0383146016,948.1109035045,64.8222736621
24.1316763000,2279,0.0383146016,948.1109035045,64.8222736621
24.1464368000,2280,0.0383146016,948.1109035045,64.8222736621
24.1616004000,2281,0.0383146016,948.1109035045,64.8222736621
24.1741366000,2282,0.0383146016,948.1109035045,64.8222736621
24.1869326000,2283,0.0383146016,948.1109035045,64.8222736621
24.2000287000,2284,0.0383146016,948.1109035045,64.8222736621
24.2143151000,2285,0.0383146016,948.1109035045,64.8222736621
24.2282059000,2286,0.0383146016,948.1109035045,64.8222736621
24.2426026000,2287,0.0383146016,948.1109035045,64.8222736621
24.2571888000,2288,0.0383146016,948.1109035045,64.8222736621
24.2698721000,2289,0.0383146016,948.1109035045,64.8222736621
24.2824307000,2290,0.0382859113,948.1109035045,64.7153838595
24.2980840000,2291,0.0382859113,948.1109035045,64.7153838595
24.3105334000,2292,0.0382859113,948.1109035045,64.7153838595
24.3238281000,2293,0.0382859113,948.1109035045,64.7153838595
24.3378158000,2294,0.0382859113,948.1109035045,64.7153838595
24.3500017000,2295,0.0382859113,948.1109035045,64.7153838595
24.3642356000,2296,0.0382859113,948.1109035045,64.7153838595
24.3762997000,2297,0.0382859113,948.1109035045,64.7153838595
24.3919843000,2298,0.0382859113,948.1109035045,64.7153838595
24.4049930000,2299,0.0382859113,948.1109035045,64.7153838595
24.4192026000,2300,0.0382859113,948.1109035045,64.7153838595
24.4319278000,2301,0.0382859113,948.1109035045,64.7153838595
24.4459638000,2302,0.0382859113,948.1109035045,64.7153838595
24.4582684000,2303,0.0382859113,948.1109035045,64.7153838595
24.4712107000,2304,0.0382859113,948.1109035045,64.7153838595
24.4847642000,2305,0.0382859113,948.1109035045,64.7153838595
24.4969078000,2306,0.0382859113,948.1109035045,64.7153838595
24.5091088000,2307,0.0382859113,948.1109035045,64.7153838595
24.5230218000,2308,0.0382859113,948.1109035045,64.7153838595
24.5349920000,2309,0.0382859113,948.1109035045,64.7153838595
24.5489293000,2310,0.0382859113,948.1109035045,64.7153838595
24.5631780000,2311,0.0382859113,948.1109035045,64.7153838595
24.5745154000,2312,0.0382859113,948.1109035045,64.7153838595
24.5865602000,2313,0.0382859113,948.1109035045,64.7153838595
24.5969950000,2314,0.0382859113,948.1109035045,64.7153838595
24.6112264000,2315,0.0382859113,948.1109035045,64.7153838595
24.6232813000,2316,0.0382859113,948.1109035045,64.7153838595
24.6357972000,2317,0.0382859113,948.1109035045,64.7153838595
24.6494155000,2318,0.0382859113,948.1109035045,64.7153838595
24.6614692000,2319,0.0382859113,948.1109035045,64.7153838595
24.6750958000,2320,0.0382859113,948.1109035045,64.7153838595
24.6890215000,2321,0.0382859113,948.1109035045,64.7153838595
24.7036437000,2322,0.0382859113,948.1109035045,64.7153838595
24.7149148000,2323,0.0382859113,948.1109035045,64.7153838595
24.7273340000,2324,0.0382859113,948.1109035045,64.7153838595
24.7410919000,2325,0.0382807361,948.1109035045,64.6961028833
24.7584593000,2326,0.0382807361,948.1109035045,64.6961028833
24.7737001000,2327,0.0382807361,948.1109035045,64.6961028833
24.7887657000,2328,0.0382807361,948.1109035045,64.6961028833
24.8033407000,2329,0.0382807361,948.1109035045,64.6961028833
24.8156851000,2330,0.0382807361,948.1109035045,64.6961028833
24.8291242000,2331,0.0382807361,948.1109035045,64.6961028833
24.8414915000,2332,0.0382807361,948.1109035045,64.6961028833
24.8549561000,2333,0.0382807361,948.1109035045,64.6961028833
24.8677176000,2334,0.0382693647,948.1109035045,64.6537368660
24.8806981000,2335,0.0382693647,948.1109035045,64.6537368660
24.8938040000,2336,0.0382693647,948.1109035045,64.6537368660
24.9073190000,2337,0.0382693647,948.1109035045,64.6537368660
24.9224105000,2338,0.0382693647,948.1109035045,64.6537368660
24.9365264000,2339,0.0382693647,948.1109035045,64.6537368660
24.9478685000,2340,0.0382693647,948.1109035045,64.6537368660
24.9600605000,2341,0.0382693647,948.1109035045,64.6537368660
24.9755308000,2342,0.0382693647,948.1109035045,64.6537368660
24.9914977000,2343,0.0382693647,948.1109035045,64.6537368660
25.0047463000,2344,0.0382693647,948.1109035045,64.6537368660
25.0188018000,2345,0.0382623560,948.1109035045,64.6276249612
25.0341514000,2346,0.0382465793,947.8094645377,64.5936215857
25.0470946000,2347,0.0382465793,947.8094645377,64.5936215857
25.0611973000,2348,0.0382465793,947.8094645377,64.5936215857
25.0772048000,2349,0.0382465793,947.8094645377,64.5936215857
25.0885789000,2350,0.0382465793,947.8094645377,64.5936215857
25.1008207000,2351,0.0382465793,947.8094645377,64.5936215857
25.1141355000,2352,0.0382465793,947.8094645377,64.5936215857
25.1261847000,2353,0.0382465793,947.8094645377,64.5936215857
25.1393693000,2354,0.0382465793,947.8094645377,64.5936215857
25.1544130000,2355,0.0382465793,947.8094645377,64.5936215857
25.1689290000,2356,0.0382465793,947.8094645377,64.5936215857
25.1833650000,2357,0.0382452840,947.8094645377,64.5887957703
25.1983222000,2358,0.0382452840,947.8094645377,64.5887957703
25.2119079000,2359,0.0382452840,947.8094645377,64.5887957703
25.2243465000,2360,0.0382452840,947.8094645377,64.5887957703
25.2379535000,2361,0.0382452840,947.8094645377,64.5887957703
25.2529708000,2362,0.0382452840,947.8094645377,64.5887957703
25.2687844000,2363,0.0382452840,947.8094645377,64.5887957703
25.2821191000,2364,0.0382452840,947.8094645377,64.5887957703
25.2936378000,2365,0.0382452840,947.8094645377,64.5887957703
25.3053991000,2366,0.0382452840,947.8094645377,64.5887957703
25.3164484000,2367,0.0382452840,947.8094645377,64.5887957703
25.3302231000,2368,0.0382452840,947.8094645377,64.5887957703
25.3428593000,2369,0.0382452840,947.8094645377,64.5887957703
25.3557337000,2370,0.0382452840,947.8094645377,64.5887957703
25.3710731000,2371,0.0382452840,947.8094645377,64.5887957703
25.3836725000,2372,0.0382204741,947.8094645377,64.4963630120
25.3973042000,2373,0.0382204741,947.8094645377,64.4963630120
25.4069040000,2374,0.0382204741,947.8094645377,64.4963630120
25.4192363000,2375,0.0382204741,947.8094645377,64.4963630120
25.4306956000,2376,0.0382204741,947.8094645377,64.4963630120
25.4452924000,2377,0.0382204741,947.8094645377,64.4963630120
25.4597222000,2378,0.0382204287,947.8094645377,64.4961938492
25.4709529000,2379,0.0382204287,947.8094645377,64.4961938492
25.4826111000,2380,0.0382204287,947.8094645377,64.4961938492
25.4931045000,2381,0.0382204287,947.8094645377,64.4961938492
25.5058180000,2382,0.0382204287,947.8094645377,64.4961938492
25.5194327000,2383,0.0382204287,947.8094645377,64.4961938492
25.5322994000,2384,0.0382204287,947.8094645377,64.4961938492
25.5451026000,2385,0.0382204287,947.8094645377,64.4961938492
25.5595968000,2386,0.0382204287,947.8094645377,64.4961938492
25.5733819000,2387,0.0382149035,947.8094645377,64.4756091043
25.5891283000,2388,0.0382086880,942.5534645377,64.8844377005
25.6040360000,2389,0.0382086880,942.5534645377,64.8844377005
25.6178397000,2390,0.0382086880,942.5534645377,64.8844377005
25.6333172000,2391,0.0382086880,942.5534645377,64.8844377005
25.6474399000,2392,0.0382086880,942.5534645377,64.8844377005
25.6618805000,2393,0.0382086880,942.5534645377,64.8844377005
25.6761923000,2394,0.0382086880,942.5534645377,64.8844377005
25.6900382000,2395,0.0382086880,942.5534645377,64.8844377005
25.7026621000,2396,0.0382086880,942.5534645377,64.8844377005
25.7158190000,2397,0.0382086880,942.5534645377,64.8844377005
25.7295529000,2398,0.0382085969,942.5534645377,64.8840982707
25.7401612000,2399,0.0382085969,942.5534645377,64.8840982707
25.7544168000,2400,0.0382085969,942.5534645377,64.8840982707
25.7669974000,2401,0.0382085969,942.5534645377,64.8840982707
25.7801135000,2402,0.0382085969,942.5534645377,64.8840982707
25.7923585000,2403,0.0382085969,942.5534645377,64.8840982707
25.8070402000,2404,0.0382085969,942.5534645377,64.8840982707
25.8232096000,2405,0.0382085969,942.5534645377,64.8840982707
25.8353229000,2406,0.0382085969,942.5534645377,64.8840982707
25.8499094000,2407,0.0382085969,942.5534645377,64.8840982707
25.8626073000,2408,0.0382061194,942.5534645377,64.8748680557
25.8739379000,2409,0.0382061194,942.5534645377,64.8748680557
25.8867272000,2410,0.0381936783,942.5534645377,64.8285166750
25.8975213000,2411,0.0381936783,942.5534645377,64.8285166750
25.9099257000,2412,0.0381936783,942.5534645377,64.8285166750
25.9222309000,2413,0.0381936783,942.5534645377,64.8285166750
25.9330514000,2414,0.0381936783,942.5534645377,64.8285166750
25.9470008000,2415,0.0381936783,942.5534645377,64.8285166750
25.9580286000,2416,0.0381936783,942.5534645377,64.8285166750
25.9721377000,2417,0.0381936783,942.5534645377,64.8285166750
25.9847214000,2418,0.0381936783,942.5534645377,64.8285166750
25.9979469000,2419,0.0381936783,942.5534645377,64.8285166750
26.0091467000,2420,0.0381885802,947.1254645377,64.4337551229
26.0247308000,2421,0.0381885802,947.1254645377,64.4337551229
26.0379586000,2422,0.0381885802,947.1254645377,64.4337551229
26.0531653000,2423,0.0381885802,947.1254645377,64.4337551229
26.0693690000,2424,0.0381885802,947.1254645377,64.4337551229
26.0836245000,2425,0.0381885169,947.1254645377,64.4335191757
26.0983304000,2426,0.0381885169,947.1254645377,64.4335191757
26.1116356000,2427,0.0381885169,947.1254645377,64.4335191757
26.1250198000,2428,0.0381885169,947.1254645377,64.4335191757
26.1366580000,2429,0.0381885169,947.1254645377,64.4335191757
26.1502413000,2430,0.0381885169,947.1254645377,64.4335191757
26.1636022000,2431,0.0381885169,947.1254645377,64.4335191757
26.1768554000,2432,0.0381885169,947.1254645377,64.4335191757
26.1925840000,2433,0.0381834340,947.1254645377,64.4145821057
26.2056974000,2434,0.0381834340,947.1254645377,64.4145821057
26.2194159000,2435,0.0381834340,947.1254645377,64.4145821057
26.2339605000,2436,0.0381834340,947.1254645377,64.4145821057
26.2458774000,2437,0.0381834340,947.1254645377,64.4145821057
26.2577756000,2438,0.0381834340,947.1254645377,64.4145821057
26.2695947000,2439,0.0381821050,947.1254645377,64.4096306999
26.2827082000,2440,0.0381622018,947.1254645377,64.3354783422
26.2947305000,2441,0.0381622018,947.1254645377,64.3354783422
26.3070277000,2442,0.0381622018,947.1254645377,64.3354783422
26.3201055000,2443,0.0381622018,947.1254645377,64.3354783422
26.3340118000,2444,0.0381622018,947.1254645377,64.3354783422
26.3457067000,2445,0.0381622018,947.1254645377,64.3354783422
26.3591750000,2446,0.0381622018,947.1254645377,64.3354783422
26.3716016000,2447,0.0381622018,947.1254645377,64.3354783422
26.3838424000,2448,0.0381583040,947.1254645377,64.3209567943
26.3961919000,2449,0.0381583040,947.1254645377,64.3209567943
26.4087449000,2450,0.0381583040,947.1254645377,64.3209567943
26.4205245000,2451,0.0381583040,947.1254645377,64.3209567943
26.4351221000,2452,0.0381583040,947.1254645377,64.3209567943
26.4490206000,2453,0.0381583040,947.1254645377,64.3209567943
26.4629102000,2454,0.0381583040,947.1254645377,64.3209567943
26.4749616000,2455,0.0381583040,947.1254645377,64.3209567943
26.4855545000,2456,0.0381583040,947.1254645377,64.3209567943
26.4981435000,2457,0.0381583040,947.1254645377,64.3209567943
26.5103673000,2458,0.0381576309,947.1254645377,64.3184489729
26.5238268000,2459,0.0381576309,947.1254645377,64.3184489729
26.5374238000,2460,0.0381576309,947.1254645377,64.3184489729
26.5492575000,2461,0.0381576309,947.1254645377,64.3184489729
26.5616372000,2462,0.0381576309,947.1254645377,64.3184489729
26.5748300000,2463,0.0381576309,947.1254645377,64.3184489729
26.5886828000,2464,0.0381576309,947.1254645377,64.3184489729
26.6027482000,2465,0.0381576309,947.1254645377,64.3184489729
26.6182487000,2466,0.0381576309,947.1254645377,64.3184489729
26.6331755000,2467,0.0381576309,947.1254645377,64.3184489729
26.6451413000,2468,0.0381482237,947.1254645377,64.2834008746
26.6590892000,2469,0.0381386200,947.1254645377,64.2476210471
26.6698683000,2470,0.0381386200,947.1254645377,64.2476210471
26.6833273000,2471,0.0381386200,947.1254645377,64.2476210471
26.6956409000,2472,0.0381386200,947.1254645377,64.2476210471
26.7118371000,2473,0.0381386200,947.1254645377,64.2476210471
26.7245769000,2474,0.0381386200,947.1254645377,64.2476210471
26.7387515000,2475,0.0381386200,947.1254645377,64.2476210471
26.7514948000,2476,0.0381386200,947.1254645377,64.2476210471
26.7670436000,2477,0.0381386200,947.1254645377,64.2476210471
26.7803468000,2478,0.0380770223,947.1254645377,64.0181297804
26.7920637000,2479,0.0380770223,947.1254645377,64.0181297804
26.8046220000,2480,0.0380770223,947.1254645377,64.0181297804
26.8195035000,2481,0.0380770223,947.1254645377,64.0181297804
26.8303082000,2482,0.0380770223,947.1254645377,64.0181297804
26.8421069000,2483,0.0380770223,947.1254645377,64.0181297804
26.8573927000,2484,0.0380770223,947.1254645377,64.0181297804
26.8722881000,2485,0.0380770223,947.1254645377,64.0181297804
26.8862144000,2486,0.0380770223,947.1254645377,64.0181297804
26.9019811000,2487,0.0380770223,947.1254645377,64.0181297804
26.9155672000,2488,0.0380770223,947.1254645377,64.0181297804
26.9305014000,2489,0.0380770223,947.1254645377,64.0181297804
26.9446498000,2490,0.0380714490,947.1254645377,63.9973658890
26.9589352000,2491,0.0380714490,947.1254645377,63.9973658890
26.9736458000,2492,0.0380714490,947.1254645377,63.9973658890
26.9875630000,2493,0.0380714490,947.1254645377,63.9973658890
27.0031081000,2494,0.0380714490,947.1254645377,63.9973658890
27.0163050000,2495,0.0380714490,947.1254645377,63.9973658890
27.0330014000,2496,0.0380714490,947.1254645377,63.9973658890
27.0467343000,2497,0.0380714490,947.1254645377,63.9973658890
27.0612492000,2498,0.0380714490,947.1254645377,63.9973658890
27.0756396000,2499,0.0380714490,947.1254645377,63.9973658890
27.0945470000,2500,0.0380714490,947.1254645377,63.9973658890
27.1093345000,2501,0.0380714490,947.1254645377,63.9973658890
27.1231021000,2502,0.0380714490,947.1254645377,63.9973658890
27.1344957000,2503,0.0380714490,947.1254645377,63.9973658890
27.1486903000,2504,0.0380714490,947.1254645377,63.9973658890
27.1608660000,2505,0.0380714490,947.1254645377,63.9973658890
27.1732701000,2506,0.0380714490,947.1254645377,63.9973658890
27.1851819000,2507,0.0380714490,947.1254645377,63.9973658890
27.1966486000,2508,0.0380714490,947.1254645377,63.9973658890
27.2082464000,2509,0.0380714490,947.1254645377,63.9973658890
27.2194819000,2510,0.0380714490,947.1254645377,63.9973658890
27.2332250000,2511,0.0380714490,947.1254645377,63.9973658890
27.2462199000,2512,0.0380714490,947.1254645377,63.9973658890
27.2571253000,2513,0.0380714490,947.1254645377,63.9973658890
27.2700004000,2514,0.0380714490,947.1254645377,63.9973658890
27.2804038000,2515,0.0380714490,947.1254645377,63.9973658890
27.2942383000,2516,0.0380714490,947.1254645377,63.9973658890
27.3082851000,2517,0.0380714490,947.1254645377,63.9973658890
27.3190080000,2518,0.0380714490,947.1254645377,63.9973658890
27.3341092000,2519,0.0380564110,947.1254645377,63.9413394567
27.3497742000,2520,0.0380401356,947.1254645377,63.8807033202
27.3626734000,2521,0.0380401356,947.1254645377,63.8807033202
27.3778734000,2522,0.0380401356,947.1254645377,63.8807033202
27.3910977000,2523,0.0380401356,947.1254645377,63.8807033202
27.4046740000,2524,0.0380401356,947.1254645377,63.8807033202
27.4200586000,2525,0.0380401356,947.1254645377,63.8807033202
27.4344139000,2526,0.0380379144,947.1254645377,63.8724276528
27.4519837000,2527,0.0380379144,947.1254645377,63.8724276528
27.4660291000,2528,0.0380379144,947.1254645377,63.8724276528
27.4793202000,2529,0.0380379144,947.1254645377,63.8724276528
27.4962594000,2530,0.0380379144,947.1254645377,63.8724276528
27.5077499000,2531,0.0380379144,947.1254645377,63.8724276528
27.5216935000,2532,0.0380366605,947.1254645377,63.8677561915
27.5342794000,2533,0.0380291718,947.1254645377,63.8398561660
27.5454147000,2534,0.0380291718,947.1254645377,63.8398561660
27.5607074000,2535,0.0380264160,947.1254645377,63.8295889838
27.5747406000,2536,0.0380264160,947.1254645377,63.8295889838
27.5888395000,2537,0.0380264160,947.1254645377,63.8295889838
27.6038767000,2538,0.0380264160,947.1254645377,63.8295889838
27.6178913000,2539,0.0380264160,947.1254645377,63.8295889838
27.6306527000,2540,0.0380264160,947.1254645377,63.8295889838
27.6442216000,2541,0.0380264160,947.1254645377,63.8295889838
27.6586962000,2542,0.0380264160,947.1254645377,63.8295889838
27.6708036000,2543,0.0380264160,947.1254645377,63.8295889838
27.6846513000,2544,0.0380264160,947.1254645377,63.8295889838
27.6982172000,2545,0.0380264160,947.1254645377,63.8295889838
27.7111960000,2546,0.0380264160,947.1254645377,63.8295889838
27.7246112000,2547,0.0380264160,947.1254645377,63.8295889838
27.7378798000,2548,0.0380264160,947.1254645377,63.8295889838
27.7526780000,2549,0.0380264160,947.1254645377,63.8295889838
27.7697231000,2550,0.0380264160,947.1254645377,63.8295889838
27.7825568000,2551,0.0380264160,947.1254645377,63.8295889838
27.7951835000,2552,0.0380264160,947.1254645377,63.8295889838
27.8103809000,2553,0.0380218773,947.1254645377,63.8126792188
27.8234098000,2554,0.0380218773,947.1254645377,63.8126792188
27.8381280000,2555,0.0380172879,947.1254645377,63.7955806431
27.8535327000,2556,0.0380172879,947.1254645377,63.7955806431
27.8700737000,2557,0.0380172879,947.1254645377,63.7955806431
27.8830187000,2558,0.0379949050,947.1254645377,63.7121902665
27.8955608000,2559,0.0379949050,947.1254645377,63.7121902665
27.9084124000,2560,0.0379949050,947.1254645377,63.7121902665
27.9231698000,2561,0.0379949050,947.1254645377,63.7121902665
27.9354209000,2562,0.0379949050,947.1254645377,63.7121902665
27.9486484000,2563,0.0379949050,947.1254645377,63.7121902665
27.9639549000,2564,0.0379947599,947.1254645377,63.7116496217
27.9783599000,2565,0.0379947599,947.1254645377,63.7116496217
27.9907180000,2566,0.0379947599,947.1254645377,63.7116496217
28.0048711000,2567,0.0379947599,947.1254645377,63.7116496217
28.0174208000,2568,0.0379947599,947.1254645377,63.7116496217
28.0306966000,2569,0.0379947599,947.1254645377,63.7116496217
28.0423363000,2570,0.0379947599,947.1254645377,63.7116496217
28.0556347000,2571,0.0379947599,947.1254645377,63.7116496217
28.0697317000,2572,0.0379947599,947.1254645377,63.7116496217
28.0808420000,2573,0.0379947599,947.1254645377,63.7116496217
28.0966382000,2574,0.0379947599,947.1254645377,63.7116496217
28.1087688000,2575,0.0379947599,947.1254645377,63.7116496217
28.1243395000,2576,0.0379947599,947.1254645377,63.7116496217
28.1383171000,2577,0.0379947599,947.1254645377,63.7116496217
28.1551460000,2578,0.0379947599,947.1254645377,63.7116496217
28.1700942000,2579,0.0379947599,947.1254645377,63.7116496217
28.1834579000,2580,0.0379907452,947.1254645377,63.6966922279
28.1999419000,2581,0.0379904678,947.1254645377,63.6956586910
28.2150197000,2582,0.0379750178,947.1254645377,63.6380973814
28.2304830000,2583,0.0379750178,947.1254645377,63.6380973814
28.2464373000,2584,0.0379750178,947.1254645377,63.6380973814
28.2622260000,2585,0.0379750178,947.1254645377,63.6380973814
28.2756358000,2586,0.0379750178,947.1254645377,63.6380973814
28.2896033000,2587,0.0379750178,947.1254645377,63.6380973814
28.3039853000,2588,0.0379750178,947.1254645377,63.6380973814
28.3176658000,2589,0.0379750178,947.1254645377,63.6380973814
28.3319735000,2590,0.0379727085,947.1254645377,63.6294936916
28.3466621000,2591,0.0379727085,947.1254645377,63.6294936916
28.3594364000,2592,0.0379727085,947.1254645377,63.6294936916
28.3749198000,2593,0.0379727085,947.1254645377,63.6294936916
28.3905566000,2594,0.0379727085,947.1254645377,63.6294936916
28.4055793000,2595,0.0379727085,947.1254645377,63.6294936916
28.4201249000,2596,0.0379638803,947.1254645377,63.5966030440
28.4342368000,2597,0.0379638803,947.1254645377,63.5966030440
28.4511684000,2598,0.0379638803,947.1254645377,63.5966030440
28.4643190000,2599,0.0379638803,947.1254645377,63.5966030440
28.4783980000,2600,0.0379566596,947.1254645377,63.5697013120
28.4926326000,2601,0.0379566596,947.1254645377,63.5697013120
28.5076422000,2602,0.0379566596,947.1254645377,63.5697013120
28.5212525000,2603,0.0379566596,947.1254645377,63.5697013120
28.5362938000,2604,0.0379566596,947.1254645377,63.5697013120
28.5496097000,2605,0.0379272849,947.1254645377,63.4602617466
28.5659867000,2606,0.0379272849,947.1254645377,63.4602617466
28.5833872000,2607,0.0379272849,947.1254645377,63.4602617466
28.5992649000,2608,0.0379272849,947.1254645377,63.4602617466
28.6144398000,2609,0.0379252801,947.1254645377,63.4527924641
28.6337177000,2610,0.0379252801,947.1254645377,63.4527924641
28.6506959000,2611,0.0379252801,947.1254645377,63.4527924641
28.6662113000,2612,0.0379252801,947.1254645377,63.4527924641
28.6782452000,2613,0.0379252801,947.1254645377,63.4527924641
28.6929488000,2614,0.0379252801,947.1254645377,63.4527924641
28.7059610000,2615,0.0379252801,947.1254645377,63.4527924641
28.7183346000,2616,0.0379252801,947.1254645377,63.4527924641
28.7335304000,2617,0.0379252801,947.1254645377,63.4527924641
28.7485433000,2618,0.0379252801,947.1254645377,63.4527924641
28.7614604000,2619,0.0379252801,947.1254645377,63.4527924641
28.7795706000,2620,0.0379252801,947.1254645377,63.4527924641
28.7923966000,2621,0.0379252801,947.1254645377,63.4527924641
28.8067888000,2622,0.0379252801,947.1254645377,63.4527924641
28.8220114000,2623,0.0379252801,947.1254645377,63.4527924641
28.8345980000,2624,0.0379231749,947.1254645377,63.4449493752
28.8484601000,2625,0.0379042687,947.1254645377,63.3745114995
28.8611519000,2626,0.0379042687,947.1254645377,63.3745114995
28.8746658000,2627,0.0379042687,947.1254645377,63.3745114995
28.8887272000,2628,0.0379042687,947.1254645377,63.3745114995
28.9017246000,2629,0.0379042687,947.1254645377,63.3745114995
28.9141136000,2630,0.0379042687,947.1254645377,63.3745114995
28.9265790000,2631,0.0379042687,947.1254645377,63.3745114995
28.9381708000,2632,0.0378683018,947.1254645377,63.2405114995
28.9502643000,2633,0.0378683018,947.1254645377,63.2405114995
28.9627188000,2634,0.0378683018,947.1254645377,63.2405114995
28.9758530000,2635,0.0378683018,947.1254645377,63.2405114995
28.9900421000,2636,0.0378683018,947.1254645377,63.2405114995
29.0028102000,2637,0.0378683018,947.1254645377,63.2405114995
29.0155650000,2638,0.0378683018,947.1254645377,63.2405114995
29.0293618000,2639,0.0378683018,947.1254645377,63.2405114995
29.0433622000,2640,0.0378683018,947.1254645377,63.2405114995
29.0579389000,2641,0.0378628335,947.1254645377,63.2201386034
29.0734806000,2642,0.0378628335,947.1254645377,63.2201386034
29.0893062000,2643,0.0378628335,947.1254645377,63.2201386034
29.1031215000,2644,0.0378628335,947.1254645377,63.2201386034
29.1165067000,2645,0.0378628335,947.1254645377,63.2201386034
29.1345019000,2646,0.0378628335,947.1254645377,63.2201386034
29.1492648000,2647,0.0378612713,947.1254645377,63.2143184015
29.1639871000,2648,0.0378564385,947.1254645377,63.1963131764
29.1766843000,2649,0.0378564385,947.1254645377,63.1963131764
29.1905632000,2650,0.0378564385,947.1254645377,63.1963131764
29.2040067000,2651,0.0378564385,947.1254645377,63.1963131764
29.2190394000,2652,0.0378530130,947.1254645377,63.1835508155
29.2345339000,2653,0.0378530130,947.1254645377,63.1835508155
29.2491081000,2654,0.0378530130,947.1254645377,63.1835508155
29.2616645000,2655,0.0378530130,947.1254645377,63.1835508155
29.2773934000,2656,0.0378530130,947.1254645377,63.1835508155
29.2949850000,2657,0.0378530130,947.1254645377,63.1835508155
29.3081748000,2658,0.0378408803,947.1254645377,63.1383487059
29.3248022000,2659,0.0378402776,947.1254645377,63.1361035644
29.3406856000,2660,0.0378402776,947.1254645377,63.1361035644
29.3595680000,2661,0.0378402776,947.1254645377,63.1361035644
29.3769302000,2662,0.0378402776,947.1254645377,63.1361035644
29.3941317000,2663,0.0378402776,947.1254645377,63.1361035644
29.4103443000,2664,0.0378402776,947.1254645377,63.1361035644
29.4281918000,2665,0.0378402776,947.1254645377,63.1361035644
29.4423053000,2666,0.0378251460,947.1254645377,63.0797283302
29.4579129000,2667,0.0378245433,947.1254645377,63.0774831886
29.4749593000,2668,0.0378245433,947.1254645377,63.0774831886
29.4918693000,2669,0.0378245433,947.1254645377,63.0774831886
29.5059076000,2670,0.0378238235,947.1254645377,63.0748011381
29.5197649000,2671,0.0378238235,947.1254645377,63.0748011381
29.5319057000,2672,0.0378238235,947.1254645377,63.0748011381
29.5482808000,2673,0.0378238235,947.1254645377,63.0748011381
29.5617238000,2674,0.0378238235,947.1254645377,63.0748011381
29.5775347000,2675,0.0378238235,947.1254645377,63.0748011381
29.5935808000,2676,0.0378238235,947.1254645377,63.0748011381
29.6086389000,2677,0.0378238235,947.1254645377,63.0748011381
29.6235762000,2678,0.0378238235,947.1254645377,63.0748011381
29.6383543000,2679,0.0378228619,947.1254645377,63.0712186395
29.6525593000,2680,0.0378228619,947.1254645377,63.0712186395
29.6681023000,2681,0.0378228619,947.1254645377,63.0712186395
29.6838465000,2682,0.0378228619,947.1254645377,63.0712186395
29.6991554000,2683,0.0378228619,947.1254645377,63.0712186395
29.7137355000,2684,0.0378228619,947.1254645377,63.0712186395
29.7293925000,2685,0.0378065675,947.1254645377,63.0105117506
29.7447449000,2686,0.0378065675,947.1254645377,63.0105117506
29.7612629000,2687,0.0378061039,947.1254645377,63.0087844685
29.7758759000,2688,0.0378061039,947.1254645377,63.0087844685
29.7889380000,2689,0.0378010447,947.1254645377,62.9899356369
29.8034741000,2690,0.0378010447,947.1254645377,62.9899356369
29.8175695000,2691,0.0378010447,947.1254645377,62.9899356369
29.8342267000,2692,0.0378010447,947.1254645377,62.9899356369
29.8521131000,2693,0.0378010447,947.1254645377,62.9899356369
29.8700641000,2694,0.0378010447,947.1254645377,62.9899356369
29.8855688000,2695,0.0377972013,947.1254645377,62.9756164907
29.9025828000,2696,0.0377972013,947.1254645377,62.9756164907
29.9190606000,2697,0.0377972013,947.1254645377,62.9756164907
29.9374139000,2698,0.0377972013,947.1254645377,62.9756164907
29.9520364000,2699,0.0377972013,947.1254645377,62.9756164907
29.9671641000,2700,0.0377967171,947.1254645377,62.9738124113
29.9844537000,2701,0.0377904230,947.1254645377,62.9503628763
29.9973154000,2702,0.0377904230,947.1254645377,62.9503628763
30.0115311000,2703,0.0377904230,947.1254645377,62.9503628763
30.0268298000,2704,0.0377904230,947.1254645377,62.9503628763
30.0408891000,2705,0.0377904230,947.1254645377,62.9503628763
30.0574022000,2706,0.0377904230,947.1254645377,62.9503628763
30.0751154000,2707,0.0377904230,947.1254645377,62.9503628763
30.0895294000,2708,0.0377882357,947.1254645377,62.9422138348
30.1019732000,2709,0.0377882357,947.1254645377,62.9422138348
30.1178422000,2710,0.0377882357,947.1254645377,62.9422138348
30.1319673000,2711,0.0377882357,947.1254645377,62.9422138348
30.1455585000,2712,0.0377882357,947.1254645377,62.9422138348
30.1603665000,2713,0.0377882357,947.1254645377,62.9422138348
30.1773032000,2714,0.0377882357,947.1254645377,62.9422138348
30.1914033000,2715,0.0377882357,947.1254645377,62.9422138348
30.2046330000,2716,0.0377882357,947.1254645377,62.9422138348
30.2187339000,2717,0.0377882357,947.1254645377,62.9422138348
30.2339842000,2718,0.0377793611,947.1254645377,62.9091503087
30.2484811000,2719,0.0377793611,947.1254645377,62.9091503087
30.2605010000,2720,0.0377782174,947.1254645377,62.9048892703
30.2753982000,2721,0.0377782174,947.1254645377,62.9048892703
30.2894513000,2722,0.0377782174,947.1254645377,62.9048892703
30.3061301000,2723,0.0377758281,947.1254645377,62.8959876452
30.3221779000,2724,0.0377758281,947.1254645377,62.8959876452
30.3351136000,2725,0.0377758281,947.1254645377,62.8959876452
30.3507700000,2726,0.0377758281,947.1254645377,62.8959876452
30.3645426000,2727,0.0377749407,947.1254645377,62.8926815326
30.3765843000,2728,0.0377738671,947.1254645377,62.8886815326
30.3941359000,2729,0.0377733022,947.1254645377,62.8865770333
30.4055853000,2730,0.0377721588,947.1254645377,62.8823170447
30.4228189000,2731,0.0377721588,947.1254645377,62.8823170447
30.4386266000,2732,0.0377721588,947.1254645377,62.8823170447
30.4527097000,2733,0.0377721588,947.1254645377,62.8823170447
30.4650587000,2734,0.0377710151,947.1254645377,62.8780560064
30.4806934000,2735,0.0377710151,947.1254645377,62.8780560064
30.4927118000,2736,0.0377710151,947.1254645377,62.8780560064
30.5083979000,2737,0.0377658250,947.1254645377,62.8587196734
30.5242108000,2738,0.0377501492,947.1254645377,62.8003171512
30.5361740000,2739,0.0377483499,947.1254645377,62.7936135215
30.5509509000,2740,0.0377463889,947.1254645377,62.7863074090
30.5637459000,2741,0.0377463889,947.1254645377,62.7863074090
30.5770460000,2742,0.0377463889,947.1254645377,62.7863074090
30.5893768000,2743,0.0377463889,947.1254645377,62.7863074090
30.6045018000,2744,0.0377275778,947.1254645377,62.7162239819
30.6152483000,2745,0.0377256167,947.1254645377,62.7089178693
30.6225443000,2746,0.0377256167,947.1254645377,62.7089178693
30.6345638000,2747,0.0377256167,947.1254645377,62.7089178693
30.6489858000,2748,0.0376927885,947.1254645377,62.5866116718
30.6619992000,2749,0.0376927885,947.1254645377,62.5866116718
30.6768492000,2750,0.0376927885,947.1254645377,62.5866116718
30.6916360000,2751,0.0376927885,947.1254645377,62.5866116718
30.7063102000,2752,0.0376927885,947.1254645377,62.5866116718
30.7200702000,2753,0.0376927885,947.1254645377,62.5866116718
30.7367515000,2754,0.0376927885,947.1254645377,62.5866116718
30.7509416000,2755,0.0376927885,947.1254645377,62.5866116718
30.7654243000,2756,0.0376927885,947.1254645377,62.5866116718
30.7798025000,2757,0.0376927885,947.1254645377,62.5866116718
30.7928230000,2758,0.0376927885,947.1254645377,62.5866116718
30.8101252000,2759,0.0376927885,947.1254645377,62.5866116718
30.8239142000,2760,0.0376864501,947.1254645377,62.5629969815
30.8367173000,2761,0.0376864501,947.1254645377,62.5629969815
30.8489551000,2762,0.0376864501,947.1254645377,62.5629969815
30.8653349000,2763,0.0376864501,947.1254645377,62.5629969815
30.8829503000,2764,0.0376864501,947.1254645377,62.5629969815
30.9006045000,2765,0.0376864501,947.1254645377,62.5629969815
30.9176828000,2766,0.0376864501,947.1254645377,62.5629969815
30.9316006000,2767,0.0376861056,947.1254645377,62.5617133376
30.9477599000,2768,0.0376861056,947.1254645377,62.5617133376
30.9594174000,2769,0.0376773788,947.1254645377,62.5292004879
30.9741732000,2770,0.0376773788,947.1254645377,62.5292004879
30.9871901000,2771,0.0376773788,947.1254645377,62.5292004879
30.9988267000,2772,0.0376773788,947.1254645377,62.5292004879
31.0114228000,2773,0.0376773788,947.1254645377,62.5292004879
31.0255830000,2774,0.0376682517,947.1254645377,62.4951960043
31.0400717000,2775,0.0376682517,947.1254645377,62.4951960043
31.0536161000,2776,0.0376682517,947.1254645377,62.4951960043
31.0683598000,2777,0.0376682517,947.1254645377,62.4951960043
31.0830822000,2778,0.0376682517,947.1254645377,62.4951960043
31.0953924000,2779,0.0376682517,947.1254645377,62.4951960043
31.1073969000,2780,0.0376682517,947.1254645377,62.4951960043
31.1245039000,2781,0.0376682517,947.1254645377,62.4951960043
31.1387080000,2782,0.0376682517,947.1254645377,62.4951960043
31.1536317000,2783,0.0376682517,947.1254645377,62.4951960043
31.1716222000,2784,0.0376682517,947.1254645377,62.4951960043
31.1880492000,2785,0.0376682517,947.1254645377,62.4951960043
31.2040562000,2786,0.0376682517,947.1254645377,62.4951960043
31.2211816000,2787,0.0376682517,947.1254645377,62.4951960043
31.2366046000,2788,0.0376682517,947.1254645377,62.4951960043
31.2508880000,2789,0.0376521790,947.1254645377,62.4353148068
31.2662046000,2790,0.0376521790,947.1254645377,62.4353148068
31.2811823000,2791,0.0376521790,947.1254645377,62.4353148068
31.2951529000,2792,0.0376521790,947.1254645377,62.4353148068
31.3092321000,2793,0.0376509702,947.1254645377,62.4308113066
31.3248812000,2794,0.0376509702,947.1254645377,62.4308113066
31.3390230000,2795,0.0376509702,947.1254645377,62.4308113066
31.3513546000,2796,0.0376509702,947.1254645377,62.4308113066
31.3650110000,2797,0.0376509702,947.1254645377,62.4308113066
31.3813822000,2798,0.0376509702,947.1254645377,62.4308113066
31.3943097000,2799,0.0376509702,947.1254645377,62.4308113066
31.4095760000,2800,0.0376509702,947.1254645377,62.4308113066
31.4246540000,2801,0.0376494243,947.1254645377,62.4250520098
31.4412313000,2802,0.0376494243,947.1254645377,62.4250520098
31.4552205000,2803,0.0376494243,947.1254645377,62.4250520098
31.4683291000,2804,0.0376494243,947.1254645377,62.4250520098
31.4796041000,2805,0.0376494243,947.1254645377,62.4250520098
31.4935856000,2806,0.0376494243,947.1254645377,62.4250520098
31.5089060000,2807,0.0376494243,947.1254645377,62.4250520098
31.5251621000,2808,0.0376494243,947.1254645377,62.4250520098
31.5401042000,2809,0.0376494243,947.1254645377,62.4250520098
31.5536746000,2810,0.0376469361,947.1254645377,62.4157816738
31.5652554000,2811,0.0376469361,947.1254645377,62.4157816738
31.5755635000,2812,0.0376469361,947.1254645377,62.4157816738
31.5842287000,2813,0.0376469361,947.1254645377,62.4157816738
31.5968947000,2814,0.0376469361,947.1254645377,62.4157816738
31.6119193000,2815,0.0376469361,947.1254645377,62.4157816738
31.6249988000,2816,0.0376469361,947.1254645377,62.4157816738
31.6367587000,2817,0.0376469361,947.1254645377,62.4157816738
31.6528374000,2818,0.0376463867,947.3024504355,62.3991887310
31.6642508000,2819,0.0376457621,947.1254645377,62.4114077394
31.6778980000,2820,0.0376457621,947.1254645377,62.4114077394
31.6939784000,2821,0.0376457621,947.1254645377,62.4114077394
31.7085991000,2822,0.0376457621,947.1254645377,62.4114077394
31.7226975000,2823,0.0376457621,947.1254645377,62.4114077394
31.7368525000,2824,0.0376457621,947.1254645377,62.4114077394
31.7495031000,2825,0.0376457621,947.1254645377,62.4114077394
31.7650476000,2826,0.0376457621,947.1254645377,62.4114077394
31.7809142000,2827,0.0376457621,947.1254645377,62.4114077394
31.7956671000,2828,0.0376457621,947.1254645377,62.4114077394
31.8101951000,2829,0.0376457621,947.1254645377,62.4114077394
31.8231819000,2830,0.0376457621,947.1254645377,62.4114077394
31.8361993000,2831,0.0376457621,947.1254645377,62.4114077394
31.8513843000,2832,0.0376043763,947.1254645377,62.2572192565
31.8656345000,2833,0.0376043763,947.1254645377,62.2572192565
31.8807398000,2834,0.0376043763,947.1254645377,62.2572192565
31.8991537000,2835,0.0376043763,947.1254645377,62.2572192565
31.9144925000,2836,0.0376043763,947.1254645377,62.2572192565
31.9289396000,2837,0.0376043763,947.1254645377,62.2572192565
31.9443837000,2838,0.0376043763,947.1254645377,62.2572192565
31.9601883000,2839,0.0376043763,947.1254645377,62.2572192565
31.9755204000,2840,0.0376043763,947.1254645377,62.2572192565
31.9905076000,2841,0.0376043763,947.1254645377,62.2572192565
32.0046999000,2842,0.0376043763,947.1254645377,62.2572192565
32.0166314000,2843,0.0376043763,947.1254645377,62.2572192565
32.0311014000,2844,0.0376043763,947.1254645377,62.2572192565
32.0442456000,2845,0.0376043763,947.1254645377,62.2572192565
32.0601797000,2846,0.0376043763,947.1254645377,62.2572192565
32.0738086000,2847,0.0376043763,947.1254645377,62.2572192565
32.0893027000,2848,0.0376043763,947.1254645377,62.2572192565
32.1052777000,2849,0.0376043763,947.1254645377,62.2572192565
32.1165182000,2850,0.0376043763,947.1254645377,62.2572192565
32.1331104000,2851,0.0376013178,947.1254645377,62.2458241319
32.1487532000,2852,0.0376013178,947.1254645377,62.2458241319
32.1648839000,2853,0.0376013178,947.1254645377,62.2458241319
32.1807986000,2854,0.0376013178,947.1254645377,62.2458241319
32.1974065000,2855,0.0376013178,947.1254645377,62.2458241319
32.2132179000,2856,0.0376013178,947.1254645377,62.2458241319
32.2280584000,2857,0.0375830124,947.1254645377,62.1776247936
32.2390426000,2858,0.0375830124,947.1254645377,62.1776247936
32.2515353000,2859,0.0375830124,947.1254645377,62.1776247936
32.2653842000,2860,0.0375830124,947.1254645377,62.1776247936
32.2803716000,2861,0.0375629010,947.1254645377,62.1026968265
32.2963910000,2862,0.0375629010,947.1254645377,62.1026968265
32.3080987000,2863,0.0375629010,947.1254645377,62.1026968265
32.3212310000,2864,0.0375629010,947.1254645377,62.1026968265
32.3337522000,2865,0.0375541742,947.1254645377,62.0701839768
32.3476698000,2866,0.0375514672,947.1254645377,62.0600988149
32.3601011000,2867,0.0375514672,947.1254645377,62.0600988149
32.3749854000,2868,0.0375514377,947.1254645377,62.0599886129
32.3894490000,2869,0.0375514377,947.1254645377,62.0599886129
32.4007882000,2870,0.0375514377,947.1254645377,62.0599886129
32.4148875000,2871,0.0375514377,947.1254645377,62.0599886129
32.4274246000,2872,0.0375514377,947.1254645377,62.0599886129
32.4403676000,2873,0.0375514377,947.1254645377,62.0599886129
32.4531831000,2874,0.0375514377,947.1254645377,62.0599886129
32.4687353000,2875,0.0375498272,947.1254645377,62.0539886129
32.4829832000,2876,0.0375498272,947.1254645377,62.0539886129
32.4978772000,2877,0.0375498272,947.1254645377,62.0539886129
32.5109743000,2878,0.0375498272,947.1254645377,62.0539886129
32.5252841000,2879,0.0375498272,947.1254645377,62.0539886129
32.5395257000,2880,0.0375498272,947.1254645377,62.0539886129
32.5543895000,2881,0.0375386063,947.1254645377,62.0121834430
32.5689139000,2882,0.0375386063,947.1254645377,62.0121834430
32.5830580000,2883,0.0375386063,947.1254645377,62.0121834430
32.5965286000,2884,0.0375386063,947.1254645377,62.0121834430
32.6099986000,2885,0.0375386063,947.1254645377,62.0121834430
32.6227988000,2886,0.0375386063,947.1254645377,62.0121834430
32.6372272000,2887,0.0375386063,947.1254645377,62.0121834430
32.6526365000,2888,0.0375386063,947.1254645377,62.0121834430
32.6677666000,2889,0.0375386063,947.1254645377,62.0121834430
32.6821980000,2890,0.0375386063,947.1254645377,62.0121834430
32.6958399000,2891,0.0375386063,947.1254645377,62.0121834430
32.7104337000,2892,0.0375386063,947.1254645377,62.0121834430
32.7252018000,2893,0.0375129162,947.1254645377,61.9164712822
32.7400866000,2894,0.0375129162,947.1254645377,61.9164712822
32.7523746000,2895,0.0375129162,947.1254645377,61.9164712822
32.7667908000,2896,0.0375129162,947.1254645377,61.9164712822
32.7806566000,2897,0.0375129162,947.1254645377,61.9164712822
32.7980262000,2898,0.0375129162,947.1254645377,61.9164712822
32.8136645000,2899,0.0375129162,947.1254645377,61.9164712822
32.8290852000,2900,0.0375042602,947.1254645377,61.8842221724
32.8450361000,2901,0.0375042602,947.1254645377,61.8842221724
32.8607061000,2902,0.0375042602,947.1254645377,61.8842221724
32.8738303000,2903,0.0375042602,947.1254645377,61.8842221724
32.8880707000,2904,0.0375042602,947.1254645377,61.8842221724
32.9029186000,2905,0.0375042602,947.1254645377,61.8842221724
32.9163257000,2906,0.0375042602,947.1254645377,61.8842221724
32.9308946000,2907,0.0375042602,947.1254645377,61.8842221724
32.9467442000,2908,0.0375042602,947.1254645377,61.8842221724
32.9635014000,2909,0.0375024102,947.1254645377,61.8773297462
32.9811994000,2910,0.0375024102,947.1254645377,61.8773297462
32.9967163000,2911,0.0375024102,947.1254645377,61.8773297462
33.0108639000,2912,0.0375024102,947.1254645377,61.8773297462
33.0271978000,2913,0.0375024102,947.1254645377,61.8773297462
33.0386959000,2914,0.0374886180,947.1254645377,61.8259447799
33.0536575000,2915,0.0374886180,947.1254645377,61.8259447799
33.0682800000,2916,0.0374886180,947.1254645377,61.8259447799
33.0836513000,2917,0.0374886180,947.1254645377,61.8259447799
33.0987165000,2918,0.0374886180,947.1254645377,61.8259447799
33.1141297000,2919,0.0374878687,947.1254645377,61.8231531422
33.1272604000,2920,0.0374878687,947.1254645377,61.8231531422
33.1412642000,2921,0.0374878687,947.1254645377,61.8231531422
33.1553154000,2922,0.0374878687,947.1254645377,61.8231531422
33.1694774000,2923,0.0374878687,947.1254645377,61.8231531422
33.1859755000,2924,0.0374878687,947.1254645377,61.8231531422
33.2031453000,2925,0.0374878687,947.1254645377,61.8231531422
33.2205448000,2926,0.0374878687,947.1254645377,61.8231531422
33.2366883000,2927,0.0374878687,947.1254645377,61.8231531422
33.2529292000,2928,0.0374878687,947.1254645377,61.8231531422
33.2689131000,2929,0.0374584814,947.1254645377,61.7136665851
33.2855931000,2930,0.0374584814,947.1254645377,61.7136665851
33.3032378000,2931,0.0374584814,947.1254645377,61.7136665851
33.3198107000,2932,0.0374584814,947.1254645377,61.7136665851
33.3349645000,2933,0.0374584814,947.1254645377,61.7136665851
33.3507259000,2934,0.0374525992,947.1254645377,61.6917514987
33.3664359000,2935,0.0374525992,947.1254645377,61.6917514987
33.3823094000,2936,0.0374525992,947.1254645377,61.6917514987
33.3963250000,2937,0.0374525992,947.1254645377,61.6917514987
33.4138402000,2938,0.0374525992,947.1254645377,61.6917514987
33.4299970000,2939,0.0374214240,947.1254645377,61.5756039845
33.4484827000,2940,0.0374214240,947.1254645377,61.5756039845
33.4613128000,2941,0.0374214240,947.1254645377,61.5756039845
33.4760968000,2942,0.0374214240,947.1254645377,61.5756039845
33.4931696000,2943,0.0374214240,947.1254645377,61.5756039845
33.5066107000,2944,0.0374214240,947.1254645377,61.5756039845
33.5198277000,2945,0.0374214240,947.1254645377,61.5756039845
33.5362017000,2946,0.0374211155,947.1254645377,61.5744546929
33.5478233000,2947,0.0374211155,947.1254645377,61.5744546929
33.5637748000,2948,0.0374211155,947.1254645377,61.5744546929
33.5801923000,2949,0.0374211155,947.1254645377,61.5744546929
33.5953247000,2950,0.0374211155,947.1254645377,61.5744546929
33.6116210000,2951,0.0374211155,947.1254645377,61.5744546929
33.6286050000,2952,0.0374211155,947.1254645377,61.5744546929
33.6430347000,2953,0.0374211155,947.1254645377,61.5744546929
33.6600001000,2954,0.0374211155,947.1254645377,61.5744546929
33.6742434000,2955,0.0374211155,947.1254645377,61.5744546929
33.6917418000,2956,0.0374211155,947.1254645377,61.5744546929
33.7079808000,2957,0.0374177024,947.1254645377,61.5617384680
33.7263382000,2958,0.0374177024,947.1254645377,61.5617384680
33.7394585000,2959,0.0373838934,947.1254645377,61.4357784094
33.7537710000,2960,0.0373838934,947.1254645377,61.4357784094
33.7685635000,2961,0.0373838934,947.1254645377,61.4357784094
33.7819387000,2962,0.0373838934,947.1254645377,61.4357784094
33.7954283000,2963,0.0373838934,947.1254645377,61.4357784094
33.8084217000,2964,0.0373838934,947.1254645377,61.4357784094
33.8215776000,2965,0.0373838934,947.1254645377,61.4357784094
33.8320907000,2966,0.0373838934,947.1254645377,61.4357784094
33.8424499000,2967,0.0373838934,947.1254645377,61.4357784094
33.8558017000,2968,0.0373838934,947.1254645377,61.4357784094
33.8714106000,2969,0.0373838934,947.1254645377,61.4357784094
33.8858732000,2970,0.0373838934,947.1254645377,61.4357784094
33.9007460000,2971,0.0373838934,947.1254645377,61.4357784094
33.9159558000,2972,0.0373838629,947.1254645377,61.4356646661
33.9322427000,2973,0.0373838629,947.1254645377,61.4356646661
33.9449982000,2974,0.0373838629,947.1254645377,61.4356646661
33.9582639000,2975,0.0373838629,947.1254645377,61.4356646661
33.9733970000,2976,0.0373838629,947.1254645377,61.4356646661
33.9887164000,2977,0.0373838629,947.1254645377,61.4356646661
34.0026759000,2978,0.0373838629,947.1254645377,61.4356646661
34.0154560000,2979,0.0373838629,947.1254645377,61.4356646661
34.0299161000,2980,0.0373838629,947.1254645377,61.4356646661
34.0432409000,2981,0.0373717421,947.1254645377,61.3905069863
34.0573348000,2982,0.0373717421,947.1254645377,61.3905069863
34.0740997000,2983,0.0373717421,947.1254645377,61.3905069863
34.0876380000,2984,0.0373717421,947.1254645377,61.3905069863
34.1027610000,2985,0.0373717421,947.1254645377,61.3905069863
34.1156683000,2986,0.0373717421,947.1254645377,61.3905069863
34.1315022000,2987,0.0373571703,947.1254645377,61.3362176299
34.1455621000,2988,0.0372930203,947.1254645377,61.0972176299
34.1578364000,2989,0.0372930203,947.1254645377,61.0972176299
34.1738152000,2990,0.0372930203,947.1254645377,61.0972176299
34.1876398000,2991,0.0372930203,947.1254645377,61.0972176299
34.2009207000,2992,0.0372930203,947.1254645377,61.0972176299
34.2155692000,2993,0.0372930203,947.1254645377,61.0972176299
34.2276962000,2994,0.0372930203,947.1254645377,61.0972176299
34.2408949000,2995,0.0372930203,947.1254645377,61.0972176299
34.2535504000,2996,0.0372930203,947.1254645377,61.0972176299
34.2673082000,2997,0.0372930203,947.1254645377,61.0972176299
34.2821320000,2998,0.0372930203,947.1254645377,61.0972176299
34.2962427000,2999,0.0372930203,947.1254645377,61.0972176299
34.3094859000,3000,0.0372930203,947.1254645377,61.0972176299
34.3248725000,3001,0.0372923678,947.1254645377,61.0947863900
34.3384612000,3002,0.0372923678,947.1254645377,61.0947863900
34.3526486000,3003,0.0372923678,947.1254645377,61.0947863900
34.3682324000,3004,0.0372923678,947.1254645377,61.0947863900
34.3848437000,3005,0.0372923678,947.1254645377,61.0947863900
34.4017944000,3006,0.0372923678,947.1254645377,61.0947863900
34.4163726000,3007,0.0372907868,947.1254645377,61.0888963295
34.4291919000,3008,0.0372907868,947.1254645377,61.0888963295
34.4441642000,3009,0.0372907868,947.1254645377,61.0888963295
34.4578163000,3010,0.0372907868,947.1254645377,61.0888963295
34.4705419000,3011,0.0372907868,947.1254645377,61.0888963295
34.4825887000,3012,0.0372907868,947.1254645377,61.0888963295
34.4956867000,3013,0.0372907868,947.1254645377,61.0888963295
34.5097322000,3014,0.0372907868,947.1254645377,61.0888963295
34.5238592000,3015,0.0372907868,947.1254645377,61.0888963295
34.5370208000,3016,0.0372907868,947.1254645377,61.0888963295
34.5505783000,3017,0.0372907868,947.1254645377,61.0888963295
34.5635074000,3018,0.0372907868,947.1254645377,61.0888963295
34.5778743000,3019,0.0372890447,947.1254645377,61.0824057612
34.5932386000,3020,0.0372890447,947.1254645377,61.0824057612
34.6097133000,3021,0.0372890447,947.1254645377,61.0824057612
34.6241575000,3022,0.0372890447,947.1254645377,61.0824057612
34.6387341000,3023,0.0372890447,947.1254645377,61.0824057612
34.6535742000,3024,0.0372890447,947.1254645377,61.0824057612
34.6692926000,3025,0.0372890447,947.1254645377,61.0824057612
34.6825827000,3026,0.0372890447,947.1254645377,61.0824057612
34.6957916000,3027,0.0372846545,947.1254645377,61.0660495584
34.7079828000,3028,0.0372846545,947.1254645377,61.0660495584
34.7228296000,3029,0.0372846545,947.1254645377,61.0660495584
34.7379700000,3030,0.0372846545,947.1254645377,61.0660495584
34.7532625000,3031,0.0372846545,947.1254645377,61.0660495584
34.7680890000,3032,0.0372846545,947.1254645377,61.0660495584
34.7800720000,3033,0.0372846545,947.1254645377,61.0660495584
34.7921075000,3034,0.0372846545,947.1254645377,61.0660495584
34.8089398000,3035,0.0372846545,947.1254645377,61.0660495584
34.8221485000,3036,0.0372846545,947.1254645377,61.0660495584
34.8353735000,3037,0.0372846545,947.1254645377,61.0660495584
34.8490695000,3038,0.0372846545,947.1254645377,61.0660495584
34.8615291000,3039,0.0372846545,947.1254645377,61.0660495584
34.8739446000,3040,0.0372846545,947.1254645377,61.0660495584
34.8870040000,3041,0.0372846545,947.1254645377,61.0660495584
34.9008759000,3042,0.0372795761,947.1254645377,61.0471292958
34.9168187000,3043,0.0372795761,947.1254645377,61.0471292958
34.9302457000,3044,0.0372795761,947.1254645377,61.0471292958
34.9469888000,3045,0.0372795761,947.1254645377,61.0471292958
34.9611751000,3046,0.0372795761,947.1254645377,61.0471292958
34.9737933000,3047,0.0372738188,947.1254645377,61.0256796657
34.9880432000,3048,0.0372738188,947.1254645377,61.0256796657
34.9999967000,3049,0.0372738188,947.1254645377,61.0256796657
35.0154397000,3050,0.0372738188,947.1254645377,61.0256796657
35.0288489000,3051,0.0372738188,947.1254645377,61.0256796657
35.0438961000,3052,0.0372617232,947.1254645377,60.9806156747
35.0596668000,3053,0.0372617232,947.1254645377,60.9806156747
35.0714387000,3054,0.0372617232,947.1254645377,60.9806156747
35.0876764000,3055,0.0372617232,947.1254645377,60.9806156747
35.1017582000,3056,0.0372617232,947.1254645377,60.9806156747
35.1153853000,3057,0.0372617232,947.1254645377,60.9806156747
35.1297640000,3058,0.0372617232,947.1254645377,60.9806156747
35.1431617000,3059,0.0372617232,947.1254645377,60.9806156747
35.1581538000,3060,0.0372617232,947.1254645377,60.9806156747
35.1723436000,3061,0.0372617232,947.1254645377,60.9806156747
35.1878894000,3062,0.0372617232,947.1254645377,60.9806156747
35.2020306000,3063,0.0372617232,947.1254645377,60.9806156747
35.2171911000,3064,0.0372617232,947.1254645377,60.9806156747
35.2328672000,3065,0.0372510729,947.1254645377,60.9409364272
35.2477271000,3066,0.0372510729,947.1254645377,60.9409364272
35.2626509000,3067,0.0372510729,947.1254645377,60.9409364272
35.2768500000,3068,0.0372510729,947.1254645377,60.9409364272
35.2946789000,3069,0.0372510729,947.1254645377,60.9409364272
35.3113754000,3070,0.0372510729,947.1254645377,60.9409364272
35.3265257000,3071,0.0372510729,947.1254645377,60.9409364272
35.3433695000,3072,0.0372510729,947.1254645377,60.9409364272
35.3601124000,3073,0.0372510729,947.1254645377,60.9409364272
35.3766373000,3074,0.0372510729,947.1254645377,60.9409364272
35.3923019000,3075,0.0372510729,947.1254645377,60.9409364272
35.4078218000,3076,0.0372510729,947.1254645377,60.9409364272
35.4245035000,3077,0.0372510729,947.1254645377,60.9409364272
35.4364812000,3078,0.0372510729,947.1254645377,60.9409364272
35.4500667000,3079,0.0372510729,947.1254645377,60.9409364272
35.4668292000,3080,0.0372510729,947.1254645377,60.9409364272
35.4813361000,3081,0.0372510729,947.1254645377,60.9409364272
35.4972426000,3082,0.0372500059,947.1254645377,60.9369611724
35.5128962000,3083,0.0372500059,947.1254645377,60.9369611724
35.5290035000,3084,0.0372500059,947.1254645377,60.9369611724
35.5430914000,3085,0.0372353052,947.0509920885,60.8883123180
35.5567432000,3086,0.0372353052,947.0509920885,60.8883123180
35.5719788000,3087,0.0372353052,947.0509920885,60.8883123180
35.5853011000,3088,0.0372353052,947.0509920885,60.8883123180
35.5981294000,3089,0.0372353052,947.0509920885,60.8883123180
35.6131238000,3090,0.0372353052,947.0509920885,60.8883123180
35.6280797000,3091,0.0372353052,947.0509920885,60.8883123180
35.6429986000,3092,0.0372353052,947.0509920885,60.8883123180
35.6582635000,3093,0.0372353052,947.0509920885,60.8883123180
35.6751869000,3094,0.0372353052,947.0509920885,60.8883123180
35.6926638000,3095,0.0372353052,947.0509920885,60.8883123180
35.7055399000,3096,0.0372353052,947.0509920885,60.8883123180
35.7186578000,3097,0.0372353052,947.0509920885,60.8883123180
35.7318652000,3098,0.0372353052,947.0509920885,60.8883123180
35.7473664000,3099,0.0372353052,947.0509920885,60.8883123180
35.7625763000,3100,0.0372353052,947.0509920885,60.8883123180
35.7765020000,3101,0.0372353052,947.0509920885,60.8883123180
35.7920988000,3102,0.0372353052,947.0509920885,60.8883123180
35.8044065000,3103,0.0372353052,947.0509920885,60.8883123180
35.8187865000,3104,0.0372353052,947.0509920885,60.8883123180
35.8319611000,3105,0.0372353052,947.0509920885,60.8883123180
35.8490735000,3106,0.0372353052,947.0509920885,60.8883123180
35.8628253000,3107,0.0372353052,947.0509920885,60.8883123180
35.8769799000,3108,0.0372353052,947.0509920885,60.8883123180
35.8907711000,3109,0.0372353052,947.0509920885,60.8883123180
35.9039059000,3110,0.0372353052,947.0509920885,60.8883123180
35.9197005000,3111,0.0372353052,947.0509920885,60.8883123180
35.9335215000,3112,0.0372353052,947.0509920885,60.8883123180
35.9491248000,3113,0.0372353052,947.0509920885,60.8883123180
35.9635657000,3114,0.0372353052,947.0509920885,60.8883123180
35.9788505000,3115,0.0372353052,947.0509920885,60.8883123180
35.9925862000,3116,0.0372353052,947.0509920885,60.8883123180
36.0047185000,3117,0.0372332000,947.0509920885,60.8804692290
36.0148575000,3118,0.0372332000,947.0509920885,60.8804692290
36.0286757000,3119,0.0372332000,947.0509920885,60.8804692290
36.0385196000,3120,0.0372332000,947.0509920885,60.8804692290
36.0497553000,3121,0.0372332000,947.0509920885,60.8804692290
36.0630393000,3122,0.0372332000,947.0509920885,60.8804692290
36.0796385000,3123,0.0372331896,947.0509920885,60.8804302400
36.0946508000,3124,0.0372331896,947.0509920885,60.8804302400
36.1082566000,3125,0.0372331896,947.0509920885,60.8804302400
36.1206208000,3126,0.0372331896,947.0509920885,60.8804302400
36.1338108000,3127,0.0372331896,947.0509920885,60.8804302400
36.1465499000,3128,0.0372331896,947.0509920885,60.8804302400
36.1602518000,3129,0.0372331896,947.0509920885,60.8804302400
36.1761148000,3130,0.0372331896,947.0509920885,60.8804302400
36.1894981000,3131,0.0372331896,947.0509920885,60.8804302400
36.2041146000,3132,0.0372331896,947.0509920885,60.8804302400
36.2198118000,3133,0.0372160742,947.0509920885,60.8166646876
36.2353147000,3134,0.0372160742,947.0509920885,60.8166646876
36.2492330000,3135,0.0372160742,947.0509920885,60.8166646876
36.2633421000,3136,0.0372160742,947.0509920885,60.8166646876
36.2812121000,3137,0.0372160742,947.0509920885,60.8166646876
36.2963476000,3138,0.0372073512,947.0509920885,60.7841656804
36.3098510000,3139,0.0372073512,947.0509920885,60.7841656804
36.3257845000,3140,0.0372073512,947.0509920885,60.7841656804
36.3382233000,3141,0.0372073512,947.0509920885,60.7841656804
36.3526905000,3142,0.0372073512,947.0509920885,60.7841656804
36.3694355000,3143,0.0372073512,947.0509920885,60.7841656804
36.3843130000,3144,0.0372073512,947.0509920885,60.7841656804
36.4002009000,3145,0.0372059781,947.0509920885,60.7790500483
36.4138400000,3146,0.0372059781,947.0509920885,60.7790500483
36.4281053000,3147,0.0372059781,947.0509920885,60.7790500483
36.4409839000,3148,0.0372059781,947.0509920885,60.7790500483
36.4539381000,3149,0.0372056950,947.0509920885,60.7779953523
36.4684604000,3150,0.0372056950,947.0509920885,60.7779953523
36.4816878000,3151,0.0372056950,947.0509920885,60.7779953523
36.4963776000,3152,0.0372056950,947.0509920885,60.7779953523
36.5106042000,3153,0.0372056950,947.0509920885,60.7779953523
36.5247523000,3154,0.0372056950,947.0509920885,60.7779953523
36.5386962000,3155,0.0371807935,947.0509920885,60.6852213210
36.5546027000,3156,0.0371807935,947.0509920885,60.6852213210
36.5691232000,3157,0.0371807935,947.0509920885,60.6852213210
36.5863316000,3158,0.0371807935,947.0509920885,60.6852213210
36.6021554000,3159,0.0371807935,947.0509920885,60.6852213210
36.6200719000,3160,0.0371807935,947.0509920885,60.6852213210
36.6368993000,3161,0.0371633811,947.0509920885,60.6203486197
36.6495320000,3162,0.0371633811,947.0509920885,60.6203486197
36.6642724000,3163,0.0371633811,947.0509920885,60.6203486197
36.6768546000,3164,0.0371633811,947.0509920885,60.6203486197
36.6936823000,3165,0.0371633811,947.0509920885,60.6203486197
36.7105108000,3166,0.0371633811,947.0509920885,60.6203486197
36.7255734000,3167,0.0371633811,947.0509920885,60.6203486197
36.7405606000,3168,0.0371633811,947.0509920885,60.6203486197
36.7547035000,3169,0.0371633811,947.0509920885,60.6203486197
36.7701756000,3170,0.0371633811,947.0509920885,60.6203486197
36.7850338000,3171,0.0371633811,947.0509920885,60.6203486197
36.8017260000,3172,0.0371633811,947.0509920885,60.6203486197
36.8184306000,3173,0.0371633811,947.0509920885,60.6203486197
36.8346444000,3174,0.0371631813,947.0509920885,60.6196042389
36.8508154000,3175,0.0371631813,947.0509920885,60.6196042389
36.8680288000,3176,0.0371631813,947.0509920885,60.6196042389
36.8831946000,3177,0.0371631813,947.0509920885,60.6196042389
36.8967731000,3178,0.0371615192,947.0509920885,60.6134119309
36.9148656000,3179,0.0371615192,947.0509920885,60.6134119309
36.9317726000,3180,0.0371609267,947.0509920885,60.6112045910
36.9463478000,3181,0.0371609267,947.0509920885,60.6112045910
36.9608529000,3182,0.0371609267,947.0509920885,60.6112045910
36.9778941000,3183,0.0371609267,947.0509920885,60.6112045910
36.9915693000,3184,0.0371609267,947.0509920885,60.6112045910
37.0096644000,3185,0.0371609267,947.0509920885,60.6112045910
37.0224507000,3186,0.0371609267,947.0509920885,60.6112045910
37.0366184000,3187,0.0371609267,947.0509920885,60.6112045910
37.0493792000,3188,0.0371609267,947.0509920885,60.6112045910
37.0644046000,3189,0.0371609267,947.0509920885,60.6112045910
37.0788441000,3190,0.0371609267,947.0509920885,60.6112045910
37.0943530000,3191,0.0371609267,947.0509920885,60.6112045910
37.1084633000,3192,0.0371609267,947.0509920885,60.6112045910
37.1221762000,3193,0.0371609267,947.0509920885,60.6112045910
37.1361734000,3194,0.0371609267,947.0509920885,60.6112045910
37.1537138000,3195,0.0371609267,947.0509920885,60.6112045910
37.1705916000,3196,0.0371147044,945.1208844715,60.5976303510
37.1884705000,3197,0.0371147044,945.1208844715,60.5976303510
37.2054374000,3198,0.0371147044,945.1208844715,60.5976303510
37.2193170000,3199,0.0371147044,945.1208844715,60.5976303510
37.2341292000,3200,0.0371056927,945.1208844715,60.5640560194
37.2492416000,3201,0.0371056927,945.1208844715,60.5640560194
37.2639889000,3202,0.0371056927,945.1208844715,60.5640560194
37.2797744000,3203,0.0371056927,945.1208844715,60.5640560194
37.2928928000,3204,0.0371056927,945.1208844715,60.5640560194
37.3067650000,3205,0.0371056927,945.1208844715,60.5640560194
37.3209908000,3206,0.0371056927,945.1208844715,60.5640560194
37.3363694000,3207,0.0371056927,945.1208844715,60.5640560194
37.3502213000,3208,0.0371056927,945.1208844715,60.5640560194
37.3641849000,3209,0.0371056927,945.1208844715,60.5640560194
37.3778307000,3210,0.0371056927,945.1208844715,60.5640560194
37.3894363000,3211,0.0371056927,945.1208844715,60.5640560194
37.4073747000,3212,0.0371056927,945.1208844715,60.5640560194
37.4211325000,3213,0.0371056927,945.1208844715,60.5640560194
37.4357118000,3214,0.0371035410,945.1208844715,60.5560395129
37.4524562000,3215,0.0371035410,945.1208844715,60.5560395129
37.4673038000,3216,0.0371035410,945.1208844715,60.5560395129
37.4833319000,3217,0.0371035410,945.1208844715,60.5560395129
37.4986740000,3218,0.0371032217,945.1208844715,60.5548498350
37.5121479000,3219,0.0371032217,945.1208844715,60.5548498350
37.5272284000,3220,0.0371032217,945.1208844715,60.5548498350
37.5420261000,3221,0.0371032217,945.1208844715,60.5548498350
37.5568332000,3222,0.0370898984,945.1208844715,60.5052121140
37.5723106000,3223,0.0370898984,945.1208844715,60.5052121140
37.5864941000,3224,0.0370861855,945.1208844715,60.4913789514
37.6018809000,3225,0.0370840338,945.1208844715,60.4833624449
37.6178802000,3226,0.0370840338,945.1208844715,60.4833624449
37.6309227000,3227,0.0370840338,945.1208844715,60.4833624449
37.6450117000,3228,0.0370840338,945.1208844715,60.4833624449
37.6569796000,3229,0.0370840338,945.1208844715,60.4833624449
37.6720749000,3230,0.0370840338,945.1208844715,60.4833624449
37.6867516000,3231,0.0370740586,945.1208844715,60.4461983948
37.6969079000,3232,0.0370740586,945.1208844715,60.4461983948
37.7130480000,3233,0.0370740586,945.1208844715,60.4461983948
37.7290307000,3234,0.0370740586,945.1208844715,60.4461983948
37.7420084000,3235,0.0370740586,945.1208844715,60.4461983948
37.7584810000,3236,0.0370740586,945.1208844715,60.4461983948
37.7735824000,3237,0.0370740586,945.1208844715,60.4461983948
37.7899200000,3238,0.0370740586,945.1208844715,60.4461983948
37.8061659000,3239,0.0370369118,945.1208844715,60.3078027478
37.8233440000,3240,0.0370369118,945.1208844715,60.3078027478
37.8393228000,3241,0.0370369118,945.1208844715,60.3078027478
37.8530793000,3242,0.0370369118,945.1208844715,60.3078027478
37.8671701000,3243,0.0370369118,945.1208844715,60.3078027478
37.8822618000,3244,0.0370369118,945.1208844715,60.3078027478
37.8988189000,3245,0.0370369118,945.1208844715,60.3078027478
37.9136025000,3246,0.0370369118,945.1208844715,60.3078027478
37.9290712000,3247,0.0370250579,945.1208844715,60.2636393259
37.9409784000,3248,0.0370250579,945.1208844715,60.2636393259
37.9542238000,3249,0.0370250579,945.1208844715,60.2636393259
37.9708360000,3250,0.0370175352,945.1208844715,60.2356124013
37.9855440000,3251,0.0370175352,945.1208844715,60.2356124013
38.0004582000,3252,0.0370168399,945.1208844715,60.2330221113
38.0140188000,3253,0.0370168399,945.1208844715,60.2330221113
38.0285953000,3254,0.0370168399,945.1208844715,60.2330221113
38.0414499000,3255,0.0370168399,945.1208844715,60.2330221113
38.0555257000,3256,0.0370168399,945.1208844715,60.2330221113
38.0689235000,3257,0.0370168399,945.1208844715,60.2330221113
38.0805196000,3258,0.0370168399,945.1208844715,60.2330221113
38.0936003000,3259,0.0370168399,945.1208844715,60.2330221113
38.1081124000,3260,0.0370168399,945.1208844715,60.2330221113
38.1245039000,3261,0.0370168399,945.1208844715,60.2330221113
38.1416887000,3262,0.0369982757,945.1208844715,60.1638585128
38.1570826000,3263,0.0369982757,945.1208844715,60.1638585128
38.1712287000,3264,0.0369982757,945.1208844715,60.1638585128
38.1864224000,3265,0.0369982757,945.1208844715,60.1638585128
38.2015267000,3266,0.0369982757,945.1208844715,60.1638585128
38.2143526000,3267,0.0369982757,945.1208844715,60.1638585128
38.2286247000,3268,0.0369982757,945.1208844715,60.1638585128
38.2436775000,3269,0.0369960015,945.1208844715,60.1553855514
38.2578217000,3270,0.0369960015,945.1208844715,60.1553855514
38.2726741000,3271,0.0369960015,945.1208844715,60.1553855514
38.2878122000,3272,0.0369960015,945.1208844715,60.1553855514
38.3010209000,3273,0.0369960015,945.1208844715,60.1553855514
38.3171854000,3274,0.0369959266,945.1208844715,60.1551064422
38.3325733000,3275,0.0369959266,945.1208844715,60.1551064422
38.3480160000,3276,0.0369959266,945.1208844715,60.1551064422
38.3621796000,3277,0.0369959266,945.1208844715,60.1551064422
38.3749954000,3278,0.0369959266,945.1208844715,60.1551064422
38.3904586000,3279,0.0369959266,945.1208844715,60.1551064422
38.4042167000,3280,0.0369959266,945.1208844715,60.1551064422
38.4192769000,3281,0.0369959266,945.1208844715,60.1551064422
38.4330592000,3282,0.0369959266,945.1208844715,60.1551064422
38.4485371000,3283,0.0369733801,945.1208844715,60.0711064422
38.4609927000,3284,0.0369733801,945.1208844715,60.0711064422
38.4723586000,3285,0.0369675303,945.1208844715,60.0493121159
38.4866997000,3286,0.0369675303,945.1208844715,60.0493121159
38.5000034000,3287,0.0369675303,945.1208844715,60.0493121159
38.5140232000,3288,0.0369675303,945.1208844715,60.0493121159
38.5297253000,3289,0.0369307847,945.1208844715,59.9124111313
38.5449083000,3290,0.0369307847,945.1208844715,59.9124111313
38.5580023000,3291,0.0369307472,945.1208844715,59.9122712319
38.5740069000,3292,0.0369307472,945.1208844715,59.9122712319
38.5886843000,3293,0.0369307472,945.1208844715,59.9122712319
38.6046810000,3294,0.0369307472,945.1208844715,59.9122712319
38.6192300000,3295,0.0369307472,945.1208844715,59.9122712319
38.6362818000,3296,0.0369307472,945.1208844715,59.9122712319
38.6508293000,3297,0.0369307472,945.1208844715,59.9122712319
38.6675487000,3298,0.0369307472,945.1208844715,59.9122712319
38.6832461000,3299,0.0369307472,945.1208844715,59.9122712319
38.7003285000,3300,0.0369307472,945.1208844715,59.9122712319
38.7160838000,3301,0.0369307472,945.1208844715,59.9122712319
38.7322744000,3302,0.0369307472,945.1208844715,59.9122712319
38.7475227000,3303,0.0369307472,945.1208844715,59.9122712319
38.7632010000,3304,0.0369307472,945.1208844715,59.9122712319
38.7783616000,3305,0.0369307472,945.1208844715,59.9122712319
38.7932930000,3306,0.0369307472,945.1208844715,59.9122712319
38.8079554000,3307,0.0369307472,945.1208844715,59.9122712319
38.8215472000,3308,0.0369307472,945.1208844715,59.9122712319
38.8362563000,3309,0.0369307472,945.1208844715,59.9122712319
38.8496183000,3310,0.0369307472,945.1208844715,59.9122712319
38.8629097000,3311,0.0369307472,945.1208844715,59.9122712319
38.8763310000,3312,0.0369307472,945.1208844715,59.9122712319
38.8892909000,3313,0.0369307472,945.1208844715,59.9122712319
38.9042864000,3314,0.0369307472,945.1208844715,59.9122712319
38.9202824000,3315,0.0369296954,945.1208844715,59.9083525243
38.9359873000,3316,0.0369296954,945.1208844715,59.9083525243
38.9508764000,3317,0.0369296954,945.1208844715,59.9083525243
38.9643272000,3318,0.0369296954,945.1208844715,59.9083525243
38.9804845000,3319,0.0369294057,945.1208844715,59.9072732607
38.9935830000,3320,0.0369294057,945.1208844715,59.9072732607
39.0065775000,3321,0.0369126273,945.1208844715,59.8447631088
39.0192433000,3322,0.0369126273,945.1208844715,59.8447631088
39.0343016000,3323,0.0369113064,945.1208844715,59.8398419070
39.0483493000,3324,0.0369113064,945.1208844715,59.8398419070
39.0598152000,3325,0.0369113064,945.1208844715,59.8398419070
39.0759580000,3326,0.0369113064,945.1208844715,59.8398419070
39.0902608000,3327,0.0369113064,945.1208844715,59.8398419070
39.1038075000,3328,0.0369113064,945.1208844715,59.8398419070
39.1190968000,3329,0.0369113064,945.1208844715,59.8398419070
39.1320378000,3330,0.0369113064,945.1208844715,59.8398419070
39.1480449000,3331,0.0369113064,945.1208844715,59.8398419070
39.1607819000,3332,0.0369113064,945.1208844715,59.8398419070
39.1756748000,3333,0.0369113064,945.1208844715,59.8398419070
39.1891193000,3334,0.0369113064,945.1208844715,59.8398419070
39.2044566000,3335,0.0369113064,945.1208844715,59.8398419070
39.2171042000,3336,0.0369113064,945.1208844715,59.8398419070
39.2297713000,3337,0.0369113064,945.1208844715,59.8398419070
39.2459432000,3338,0.0369113064,945.1208844715,59.8398419070
39.2608798000,3339,0.0368908821,945.1208844715,59.7637481191
39.2751157000,3340,0.0368908821,945.1208844715,59.7637481191
39.2911286000,3341,0.0368908821,945.1208844715,59.7637481191
39.3055001000,3342,0.0368886326,945.1208844715,59.7553673091
39.3239617000,3343,0.0368886326,945.1208844715,59.7553673091
39.3398962000,3344,0.0368886326,945.1208844715,59.7553673091
39.3578837000,3345,0.0368886326,945.1208844715,59.7553673091
39.3758177000,3346,0.0368886326,945.1208844715,59.7553673091
39.3894861000,3347,0.0368886326,945.1208844715,59.7553673091
39.4046447000,3348,0.0368886326,945.1208844715,59.7553673091
39.4166351000,3349,0.0368886326,945.1208844715,59.7553673091
39.4310821000,3350,0.0368886326,945.1208844715,59.7553673091
39.4444039000,3351,0.0368886326,945.1208844715,59.7553673091
39.4583084000,3352,0.0368886326,945.1208844715,59.7553673091
39.4710913000,3353,0.0368886326,945.1208844715,59.7553673091
39.4831243000,3354,0.0368886326,945.1208844715,59.7553673091
39.4979854000,3355,0.0368886326,945.1208844715,59.7553673091
39.5121748000,3356,0.0368886326,945.1208844715,59.7553673091
39.5281258000,3357,0.0368886326,945.1208844715,59.7553673091
39.5423522000,3358,0.0368581797,945.1208844715,59.6419105459
39.5567341000,3359,0.0368581797,945.1208844715,59.6419105459
39.5715393000,3360,0.0368581797,945.1208844715,59.6419105459
39.5900295000,3361,0.0368581797,945.1208844715,59.6419105459
39.6037442000,3362,0.0368581797,945.1208844715,59.6419105459
39.6174166000,3363,0.0368581797,945.1208844715,59.6419105459
39.6339414000,3364,0.0368581797,945.1208844715,59.6419105459
39.6480190000,3365,0.0368581797,945.1208844715,59.6419105459
39.6620167000,3366,0.0368581797,945.1208844715,59.6419105459
39.6777637000,3367,0.0368581797,945.1208844715,59.6419105459
39.6905420000,3368,0.0368581797,945.1208844715,59.6419105459
39.7026498000,3369,0.0368581797,945.1208844715,59.6419105459
39.7146723000,3370,0.0368581797,945.1208844715,59.6419105459
39.7287437000,3371,0.0368581797,945.1208844715,59.6419105459
39.7419563000,3372,0.0368543176,945.1208844715,59.6275216451
39.7541771000,3373,0.0368543176,945.1208844715,59.6275216451
39.7669468000,3374,0.0368543176,945.1208844715,59.6275216451
39.7793939000,3375,0.0368543176,945.1208844715,59.6275216451
39.7927716000,3376,0.0368543176,945.1208844715,59.6275216451
39.8066915000,3377,0.0368543176,945.1208844715,59.6275216451
39.8210251000,3378,0.0368543176,945.1208844715,59.6275216451
39.8359947000,3379,0.0368443302,945.1208844715,59.5903123188
39.8511963000,3380,0.0368443302,945.1208844715,59.5903123188
39.8675937000,3381,0.0368443302,945.1208844715,59.5903123188
39.8810719000,3382,0.0368443302,945.1208844715,59.5903123188
39.8974540000,3383,0.0368443302,945.1208844715,59.5903123188
39.9136632000,3384,0.0368443302,945.1208844715,59.5903123188
39.9305689000,3385,0.0368443302,945.1208844715,59.5903123188
39.9450036000,3386,0.0368443302,945.1208844715,59.5903123188
39.9588676000,3387,0.0368443302,945.1208844715,59.5903123188
39.9738213000,3388,0.0368443302,945.1208844715,59.5903123188
39.9882897000,3389,0.0368443302,945.1208844715,59.5903123188
40.0027234000,3390,0.0368443302,945.1208844715,59.5903123188
40.0152984000,3391,0.0368443302,945.1208844715,59.5903123188
40.0290099000,3392,0.0368443302,945.1208844715,59.5903123188
40.0433419000,3393,0.0368443302,945.1208844715,59.5903123188
40.0592377000,3394,0.0368443302,945.1208844715,59.5903123188
40.0698198000,3395,0.0368443302,945.1208844715,59.5903123188
40.0849038000,3396,0.0368433907,945.1208844715,59.5868121826
40.0985718000,3397,0.0368425448,945.1208844715,59.5836605876
40.1109222000,3398,0.0368425448,945.1208844715,59.5836605876
40.1252894000,3399,0.0368425448,945.1208844715,59.5836605876
40.1365038000,3400,0.0368425448,945.1208844715,59.5836605876
40.1496306000,3401,0.0368425448,945.1208844715,59.5836605876
40.1637242000,3402,0.0368425448,945.1208844715,59.5836605876
40.1780633000,3403,0.0368425448,945.1208844715,59.5836605876
40.1932764000,3404,0.0368425448,945.1208844715,59.5836605876
40.2077107000,3405,0.0368354928,945.1208844715,59.5573873444
40.2221466000,3406,0.0368354928,945.1208844715,59.5573873444
40.2349948000,3407,0.0368354928,945.1208844715,59.5573873444
40.2509583000,3408,0.0368354928,945.1208844715,59.5573873444
40.2647074000,3409,0.0368354928,945.1208844715,59.5573873444
40.2802259000,3410,0.0368354928,945.1208844715,59.5573873444
40.2948937000,3411,0.0368354928,945.1208844715,59.5573873444
40.3097653000,3412,0.0367955290,945.1208844715,59.4084965331
40.3240281000,3413,0.0367955290,945.1208844715,59.4084965331
40.3384265000,3414,0.0367955290,945.1208844715,59.4084965331
40.3555510000,3415,0.0367955290,945.1208844715,59.4084965331
40.3709493000,3416,0.0367955290,945.1208844715,59.4084965331
40.3877101000,3417,0.0367955290,945.1208844715,59.4084965331
40.4040563000,3418,0.0367947024,945.1208844715,59.4054168417
40.4182544000,3419,0.0367947024,945.1208844715,59.4054168417
40.4328862000,3420,0.0367947024,945.1208844715,59.4054168417
40.4484040000,3421,0.0367947024,945.1208844715,59.4054168417
40.4623598000,3422,0.0367947024,945.1208844715,59.4054168417
40.4763699000,3423,0.0367947024,945.1208844715,59.4054168417
40.4923221000,3424,0.0367947024,945.1208844715,59.4054168417
40.5031063000,3425,0.0367947024,945.1208844715,59.4054168417
40.5166406000,3426,0.0367947024,945.1208844715,59.4054168417
40.5325165000,3427,0.0367947024,945.1208844715,59.4054168417
40.5486301000,3428,0.0367896657,945.1208844715,59.3866516914
40.5632248000,3429,0.0367896657,945.1208844715,59.3866516914
40.5771435000,3430,0.0367896657,945.1208844715,59.3866516914
40.5908201000,3431,0.0367896657,945.1208844715,59.3866516914
40.6063929000,3432,0.0367896657,945.1208844715,59.3866516914
40.6231390000,3433,0.0367896657,945.1208844715,59.3866516914
40.6376542000,3434,0.0367896657,945.1208844715,59.3866516914
40.6505418000,3435,0.0367896657,945.1208844715,59.3866516914
40.6651690000,3436,0.0367891166,945.1208844715,59.3846060572
40.6783439000,3437,0.0367891166,945.1208844715,59.3846060572
40.6974305000,3438,0.0367875859,945.1208844715,59.3789032832
40.7137388000,3439,0.0367875859,945.1208844715,59.3789032832
40.7265309000,3440,0.0367875859,945.1208844715,59.3789032832
40.7405552000,3441,0.0367875859,945.1208844715,59.3789032832
40.7562983000,3442,0.0367875859,945.1208844715,59.3789032832
40.7728974000,3443,0.0367875859,945.1208844715,59.3789032832
40.7882833000,3444,0.0367875859,945.1208844715,59.3789032832
40.8033729000,3445,0.0367799489,945.1208844715,59.3504504925
40.8203023000,3446,0.0367799489,945.1208844715,59.3504504925
40.8352781000,3447,0.0367729673,945.1208844715,59.3244396811
40.8510078000,3448,0.0367729673,945.1208844715,59.3244396811
40.8663837000,3449,0.0367729673,945.1208844715,59.3244396811
40.8808079000,3450,0.0367729673,945.1208844715,59.3244396811
40.8962116000,3451,0.0367729673,945.1208844715,59.3244396811
40.9113137000,3452,0.0367729673,945.1208844715,59.3244396811
40.9245722000,3453,0.0367729673,945.1208844715,59.3244396811
40.9402948000,3454,0.0367729673,945.1208844715,59.3244396811
40.9545994000,3455,0.0367729673,945.1208844715,59.3244396811
40.9687758000,3456,0.0367729673,945.1208844715,59.3244396811
40.9822511000,3457,0.0367729673,945.1208844715,59.3244396811
40.9977558000,3458,0.0367718397,945.1208844715,59.3202384089
41.0094218000,3459,0.0367718397,945.1208844715,59.3202384089
41.0229962000,3460,0.0367718397,945.1208844715,59.3202384089
41.0368790000,3461,0.0367718397,945.1208844715,59.3202384089
41.0525384000,3462,0.0367718397,945.1208844715,59.3202384089
41.0660265000,3463,0.0367718397,945.1208844715,59.3202384089
41.0803885000,3464,0.0367718397,945.1208844715,59.3202384089
41.0947092000,3465,0.0367718397,945.1208844715,59.3202384089
41.1069591000,3466,0.0367718397,945.1208844715,59.3202384089
41.1206342000,3467,0.0367718397,945.1208844715,59.3202384089
41.1347741000,3468,0.0367718397,945.1208844715,59.3202384089
41.1488765000,3469,0.0367715408,945.1208844715,59.3191247853
41.1619751000,3470,0.0367702988,945.1208844715,59.3144976058
41.1748783000,3471,0.0367597779,945.1208844715,59.2753005449
41.1890922000,3472,0.0367597779,945.1208844715,59.2753005449
41.2034668000,3473,0.0367589560,945.1208844715,59.2722384089
41.2154800000,3474,0.0367589560,945.1208844715,59.2722384089
41.2279739000,3475,0.0367463574,945.1208844715,59.2253005449
41.2425549000,3476,0.0367455355,945.1208844715,59.2222384089
41.2562151000,3477,0.0367455355,945.1208844715,59.2222384089
41.2681950000,3478,0.0367455355,945.1208844715,59.2222384089
41.2815115000,3479,0.0367455355,945.1208844715,59.2222384089
41.2955443000,3480,0.0367455355,945.1208844715,59.2222384089
41.3084095000,3481,0.0367449208,945.1208844715,59.2199483978
41.3202432000,3482,0.0367424580,945.1208844715,59.2107725846
41.3325018000,3483,0.0367424580,945.1208844715,59.2107725846
41.3463516000,3484,0.0367424580,945.1208844715,59.2107725846
41.3600180000,3485,0.0367418514,945.1208844715,59.2085128108
41.3726852000,3486,0.0367418514,945.1208844715,59.2085128108
41.3864807000,3487,0.0367383072,945.1208844715,59.1953085250
41.4015792000,3488,0.0367383072,945.1208844715,59.1953085250
41.4161597000,3489,0.0367383072,945.1208844715,59.1953085250
41.4280011000,3490,0.0367383072,945.1208844715,59.1953085250
41.4428673000,3491,0.0367383072,945.1208844715,59.1953085250
41.4566487000,3492,0.0367383072,945.1208844715,59.1953085250
41.4697037000,3493,0.0367383072,945.1208844715,59.1953085250
41.4824100000,3494,0.0367383072,945.1208844715,59.1953085250
41.4971350000,3495,0.0367381667,945.1208844715,59.1947850688
41.5090868000,3496,0.0367381667,945.1208844715,59.1947850688
41.5229124000,3497,0.0367380159,945.1208844715,59.1942230289
41.5359044000,3498,0.0367380159,945.1208844715,59.1942230289
41.5508531000,3499,0.0367380159,945.1208844715,59.1942230289
41.5652264000,3500,0.0367380159,945.1208844715,59.1942230289
41.5779731000,3501,0.0366978366,945.1208844715,59.0445293358
41.5923806000,3502,0.0366978366,945.1208844715,59.0445293358
41.6064844000,3503,0.0366961683,945.1208844715,59.0383137876
41.6199227000,3504,0.0366961683,945.1208844715,59.0383137876
41.6321508000,3505,0.0366961683,945.1208844715,59.0383137876
41.6459950000,3506,0.0366961683,945.1208844715,59.0383137876
41.6620752000,3507,0.0366961683,945.1208844715,59.0383137876
41.6739589000,3508,0.0366961683,945.1208844715,59.0383137876
41.6875582000,3509,0.0366961683,945.1208844715,59.0383137876
41.7033001000,3510,0.0366961683,945.1208844715,59.0383137876
41.7169043000,3511,0.0366961683,945.1208844715,59.0383137876
41.7316951000,3512,0.0366961683,945.1208844715,59.0383137876
41.7457219000,3513,0.0366961683,945.1208844715,59.0383137876
41.7617745000,3514,0.0366961683,945.1208844715,59.0383137876
41.7783833000,3515,0.0366961683,945.1208844715,59.0383137876
41.7937995000,3516,0.0366951438,945.1208844715,59.0344968951
41.8072725000,3517,0.0366951438,945.1208844715,59.0344968951
41.8219341000,3518,0.0366951438,945.1208844715,59.0344968951
41.8348449000,3519,0.0366951438,945.1208844715,59.0344968951
41.8507452000,3520,0.0366951438,945.1208844715,59.0344968951
41.8640972000,3521,0.0366951438,945.1208844715,59.0344968951
41.8778332000,3522,0.0366943478,945.1208844715,59.0315313179
41.8916402000,3523,0.0366943478,945.1208844715,59.0315313179
41.9017752000,3524,0.0366943478,945.1208844715,59.0315313179
41.9138898000,3525,0.0366943478,945.1208844715,59.0315313179
41.9291860000,3526,0.0366943478,945.1208844715,59.0315313179
41.9433739000,3527,0.0366943478,945.1208844715,59.0315313179
41.9573376000,3528,0.0366943478,945.1208844715,59.0315313179
41.9692867000,3529,0.0366943478,945.1208844715,59.0315313179
41.9842084000,3530,0.0366943478,945.1208844715,59.0315313179
41.9995955000,3531,0.0366943478,945.1208844715,59.0315313179
42.0130075000,3532,0.0366943478,945.1208844715,59.0315313179
42.0288359000,3533,0.0366930872,945.1208844715,59.0268347617
42.0457875000,3534,0.0366930872,945.1208844715,59.0268347617
42.0607486000,3535,0.0366930872,945.1208844715,59.0268347617
42.0740949000,3536,0.0366930872,945.1208844715,59.0268347617
42.0877758000,3537,0.0366927045,945.1208844715,59.0254089314
42.1006416000,3538,0.0366927045,945.1208844715,59.0254089314
42.1138856000,3539,0.0366916849,945.1208844715,59.0216102735
42.1273097000,3540,0.0366916849,945.1208844715,59.0216102735
42.1391870000,3541,0.0366916849,945.1208844715,59.0216102735
42.1521686000,3542,0.0366916849,945.1208844715,59.0216102735
42.1645888000,3543,0.0366916849,945.1208844715,59.0216102735
42.1808500000,3544,0.0366835587,945.1208844715,58.9913350418
42.1941470000,3545,0.0366835587,945.1208844715,58.9913350418
42.2057692000,3546,0.0366835587,945.1208844715,58.9913350418
42.2182070000,3547,0.0366835587,945.1208844715,58.9913350418
42.2322764000,3548,0.0366835587,945.1208844715,58.9913350418
42.2464716000,3549,0.0366835587,945.1208844715,58.9913350418
42.2585715000,3550,0.0366835587,945.1208844715,58.9913350418
42.2733187000,3551,0.0366835587,945.1208844715,58.9913350418
42.2858541000,3552,0.0366835587,945.1208844715,58.9913350418
42.2968778000,3553,0.0366835587,945.1208844715,58.9913350418
42.3109249000,3554,0.0366835587,945.1208844715,58.9913350418
42.3241325000,3555,0.0366835587,945.1208844715,58.9913350418
42.3349699000,3556,0.0366835587,945.1208844715,58.9913350418
42.3477959000,3557,0.0366835587,945.1208844715,58.9913350418
42.3605657000,3558,0.0366835587,945.1208844715,58.9913350418
42.3723153000,3559,0.0366827662,945.1208844715,58.9883824810
42.3858049000,3560,0.0366827662,945.1208844715,58.9883824810
42.3986530000,3561,0.0366827662,945.1208844715,58.9883824810
42.4114385000,3562,0.0366827662,945.1208844715,58.9883824810
42.4279797000,3563,0.0366827662,945.1208844715,58.9883824810
42.4417181000,3564,0.0366827662,945.1208844715,58.9883824810
42.4562886000,3565,0.0366827662,945.1208844715,58.9883824810
42.4711722000,3566,0.0366827662,945.1208844715,58.9883824810
42.4836861000,3567,0.0366827662,945.1208844715,58.9883824810
42.4966503000,3568,0.0366812988,945.1208844715,58.9829154194
42.5085052000,3569,0.0366812988,945.1208844715,58.9829154194
42.5260125000,3570,0.0366691602,945.1208844715,58.9376912771
42.5391103000,3571,0.0366691602,945.1208844715,58.9376912771
42.5528955000,3572,0.0366691602,945.1208844715,58.9376912771
42.5652719000,3573,0.0366691602,945.1208844715,58.9376912771
42.5810723000,3574,0.0366691602,945.1208844715,58.9376912771
42.5965070000,3575,0.0366691602,945.1208844715,58.9376912771
42.6111475000,3576,0.0366691602,945.1208844715,58.9376912771
42.6265505000,3577,0.0366691602,945.1208844715,58.9376912771
42.6430957000,3578,0.0366691602,945.1208844715,58.9376912771
42.6568490000,3579,0.0366691602,945.1208844715,58.9376912771
42.6697522000,3580,0.0366597887,945.1208844715,58.9027763760
42.6853082000,3581,0.0366597887,945.1208844715,58.9027763760
42.7000922000,3582,0.0366597887,945.1208844715,58.9027763760
42.7155228000,3583,0.0366597887,945.1208844715,58.9027763760
42.7305621000,3584,0.0366597887,945.1208844715,58.9027763760
42.7433523000,3585,0.0366597887,945.1208844715,58.9027763760
42.7581236000,3586,0.0366580323,945.1208844715,58.8962327976
42.7709821000,3587,0.0366580323,945.1208844715,58.8962327976
42.7842228000,3588,0.0366580323,945.1208844715,58.8962327976
42.7976418000,3589,0.0366580323,945.1208844715,58.8962327976
42.8100096000,3590,0.0366580323,945.1208844715,58.8962327976
42.8230982000,3591,0.0366580323,945.1208844715,58.8962327976
42.8357243000,3592,0.0366580323,945.1208844715,58.8962327976
42.8496217000,3593,0.0366580323,945.1208844715,58.8962327976
42.8633648000,3594,0.0366580323,945.1208844715,58.8962327976
42.8770233000,3595,0.0366580323,945.1208844715,58.8962327976
42.8905337000,3596,0.0366501010,945.1208844715,58.8666834437
42.9038829000,3597,0.0366501010,945.1208844715,58.8666834437
42.9176327000,3598,0.0366501010,945.1208844715,58.8666834437
42.9277643000,3599,0.0366484873,945.1208844715,58.8606714237
42.9405986000,3600,0.0366484873,945.1208844715,58.8606714237
42.9542554000,3601,0.0366484873,945.1208844715,58.8606714237
42.9680494000,3602,0.0366322656,945.1208844715,58.8002349945
42.9778026000,3603,0.0366286282,945.1208844715,58.7866834437
42.9888217000,3604,0.0366286282,945.1208844715,58.7866834437
43.0021326000,3605,0.0366286282,945.1208844715,58.7866834437
43.0161982000,3606,0.0366286282,945.1208844715,58.7866834437
43.0305357000,3607,0.0366270145,945.1208844715,58.7806714237
43.0437452000,3608,0.0366270145,945.1208844715,58.7806714237
43.0573976000,3609,0.0366251536,945.1208844715,58.7737384088
43.0712026000,3610,0.0366235399,945.1208844715,58.7677263888
43.0849519000,3611,0.0366221751,945.1208844715,58.7626414909
43.0966513000,3612,0.0366217402,945.1208844715,58.7610211322
43.1077020000,3613,0.0366217402,945.1208844715,58.7610211322
43.1200956000,3614,0.0366217402,945.1208844715,58.7610211322
43.1319540000,3615,0.0366217402,945.1208844715,58.7610211322
43.1443209000,3616,0.0366217402,945.1208844715,58.7610211322
43.1564396000,3617,0.0366189710,945.1208844715,58.7507042194
43.1694266000,3618,0.0366173573,945.1208844715,58.7446921995
43.1809526000,3619,0.0366173573,945.1208844715,58.7446921995
43.1957444000,3620,0.0366173573,945.1208844715,58.7446921995
43.2068448000,3621,0.0366173573,945.1208844715,58.7446921995
43.2198668000,3622,0.0366173573,945.1208844715,58.7446921995
43.2344369000,3623,0.0366173573,945.1208844715,58.7446921995
43.2498316000,3624,0.0366173573,945.1208844715,58.7446921995
43.2635305000,3625,0.0366173573,945.1208844715,58.7446921995
43.2793764000,3626,0.0366173573,945.1208844715,58.7446921995
43.2928275000,3627,0.0366173573,945.1208844715,58.7446921995
43.3063254000,3628,0.0366173573,945.1208844715,58.7446921995
43.3199987000,3629,0.0366173573,945.1208844715,58.7446921995
43.3333949000,3630,0.0366173573,945.1208844715,58.7446921995
43.3446234000,3631,0.0366173573,945.1208844715,58.7446921995
43.3600797000,3632,0.0366173573,945.1208844715,58.7446921995
43.3769822000,3633,0.0366173573,945.1208844715,58.7446921995
43.3886057000,3634,0.0366173573,945.1208844715,58.7446921995
43.4025677000,3635,0.0366173573,945.1208844715,58.7446921995
43.4154172000,3636,0.0366166501,945.1208844715,58.7420573728
43.4317876000,3637,0.0366166501,945.1208844715,58.7420573728
43.4473639000,3638,0.0366125515,945.1208844715,58.7267871870
43.4636678000,3639,0.0366125515,945.1208844715,58.7267871870
43.4811761000,3640,0.0366125515,945.1208844715,58.7267871870
43.4951619000,3641,0.0366125515,945.1208844715,58.7267871870
43.5108607000,3642,0.0366125515,945.1208844715,58.7267871870
43.5274308000,3643,0.0366125515,945.1208844715,58.7267871870
43.5439028000,3644,0.0366125515,945.1208844715,58.7267871870
43.5573805000,3645,0.0366125515,945.1208844715,58.7267871870
43.5735236000,3646,0.0366125515,945.1208844715,58.7267871870
43.5878433000,3647,0.0366125515,945.1208844715,58.7267871870
43.6035550000,3648,0.0366123556,945.1208844715,58.7260573728
43.6189423000,3649,0.0366123556,945.1208844715,58.7260573728
43.6333736000,3650,0.0366082569,945.1208844715,58.7107871870
43.6459748000,3651,0.0366082569,945.1208844715,58.7107871870
43.6597471000,3652,0.0366082569,945.1208844715,58.7107871870
43.6744603000,3653,0.0366082569,945.1208844715,58.7107871870
43.6894292000,3654,0.0366058432,945.1208844715,58.7017944480
43.7044500000,3655,0.0365960526,945.1208844715,58.6653182518
43.7169365000,3656,0.0365960526,945.1208844715,58.6653182518
43.7292050000,3657,0.0365960526,945.1208844715,58.6653182518
43.7428268000,3658,0.0365960526,945.1208844715,58.6653182518
43.7587786000,3659,0.0365960526,945.1208844715,58.6653182518
43.7728286000,3660,0.0365960526,945.1208844715,58.6653182518
43.7905706000,3661,0.0365960526,945.1208844715,58.6653182518
43.8051721000,3662,0.0365960526,945.1208844715,58.6653182518
43.8198894000,3663,0.0365955983,945.1208844715,58.6636256064
43.8317449000,3664,0.0365955983,945.1208844715,58.6636256064
43.8439030000,3665,0.0365955983,945.1208844715,58.6636256064
43.8632235000,3666,0.0365955983,945.1208844715,58.6636256064
43.8831397000,3667,0.0365955983,945.1208844715,58.6636256064
43.8980940000,3668,0.0365955983,945.1208844715,58.6636256064
43.9133777000,3669,0.0365955983,945.1208844715,58.6636256064
43.9292142000,3670,0.0365955983,945.1208844715,58.6636256064
43.9457563000,3671,0.0365955983,945.1208844715,58.6636256064
43.9615724000,3672,0.0365955983,945.1208844715,58.6636256064
43.9791552000,3673,0.0365955983,945.1208844715,58.6636256064
43.9955993000,3674,0.0365949666,945.1208844715,58.6612722927
44.0102599000,3675,0.0365949666,945.1208844715,58.6612722927
44.0234714000,3676,0.0365949666,945.1208844715,58.6612722927
44.0390774000,3677,0.0365949666,945.1208844715,58.6612722927
44.0529091000,3678,0.0365949666,945.1208844715,58.6612722927
44.0692135000,3679,0.0365949666,945.1208844715,58.6612722927
44.0834557000,3680,0.0365949666,945.1208844715,58.6612722927
44.0969858000,3681,0.0365949666,945.1208844715,58.6612722927
44.1130084000,3682,0.0365949666,945.1208844715,58.6612722927
44.1269703000,3683,0.0365848761,945.1208844715,58.6236787892
44.1417994000,3684,0.0365848761,945.1208844715,58.6236787892
44.1560632000,3685,0.0365848761,945.1208844715,58.6236787892
44.1701088000,3686,0.0365848761,945.1208844715,58.6236787892
44.1838114000,3687,0.0365848761,945.1208844715,58.6236787892
44.2006411000,3688,0.0365848761,945.1208844715,58.6236787892
44.2169545000,3689,0.0365754858,945.1208844715,58.5886938382
44.2330756000,3690,0.0365754858,945.1208844715,58.5886938382
44.2446147000,3691,0.0365754858,945.1208844715,58.5886938382
44.2604015000,3692,0.0365754858,945.1208844715,58.5886938382
44.2738828000,3693,0.0365754858,945.1208844715,58.5886938382
44.2871997000,3694,0.0365754858,945.1208844715,58.5886938382
44.3007089000,3695,0.0365729775,945.1208844715,58.5793488464
44.3142564000,3696,0.0365729775,945.1208844715,58.5793488464
44.3277179000,3697,0.0365676305,945.1208844715,58.5594276718
44.3415512000,3698,0.0365676305,945.1208844715,58.5594276718
44.3561460000,3699,0.0365676305,945.1208844715,58.5594276718
44.3682658000,3700,0.0365676305,945.1208844715,58.5594276718
44.3804940000,3701,0.0365676305,945.1208844715,58.5594276718
44.3917952000,3702,0.0365676305,945.1208844715,58.5594276718
44.4048645000,3703,0.0365676305,945.1208844715,58.5594276718
44.4176217000,3704,0.0365676305,945.1208844715,58.5594276718
44.4319837000,3705,0.0365676305,945.1208844715,58.5594276718
44.4471833000,3706,0.0365676305,945.1208844715,58.5594276718
44.4622428000,3707,0.0365676305,945.1208844715,58.5594276718
44.4768296000,3708,0.0365676305,945.1208844715,58.5594276718
44.4919377000,3709,0.0365676305,945.1208844715,58.5594276718
44.5068975000,3710,0.0365676305,945.1208844715,58.5594276718
44.5204159000,3711,0.0365676305,945.1208844715,58.5594276718
44.5358731000,3712,0.0365676305,945.1208844715,58.5594276718
44.5488004000,3713,0.0365676305,945.1208844715,58.5594276718
44.5638954000,3714,0.0365676305,945.1208844715,58.5594276718
44.5772983000,3715,0.0365676305,945.1208844715,58.5594276718
44.5924200000,3716,0.0365676305,945.1208844715,58.5594276718
44.6089730000,3717,0.0365662617,945.1208844715,58.5543280428
44.6209663000,3718,0.0365651452,945.1208844715,58.5501684702
44.6331579000,3719,0.0365651452,945.1208844715,58.5501684702
44.6466406000,3720,0.0365651452,945.1208844715,58.5501684702
44.6641672000,3721,0.0365651452,945.1208844715,58.5501684702
44.6770965000,3722,0.0365324513,945.1208844715,58.4283623573
44.6934620000,3723,0.0365324513,945.1208844715,58.4283623573
44.7065579000,3724,0.0365324513,945.1208844715,58.4283623573
44.7207834000,3725,0.0365324513,945.1208844715,58.4283623573
44.7359541000,3726,0.0365324513,945.1208844715,58.4283623573
44.7511006000,3727,0.0365324513,945.1208844715,58.4283623573
44.7664386000,3728,0.0365324513,945.1208844715,58.4283623573
44.7817512000,3729,0.0365324513,945.1208844715,58.4283623573
44.7981823000,3730,0.0365324513,945.1208844715,58.4283623573
44.8132645000,3731,0.0365324513,945.1208844715,58.4283623573
44.8276295000,3732,0.0365324513,945.1208844715,58.4283623573
44.8421348000,3733,0.0365324513,945.1208844715,58.4283623573
44.8575939000,3734,0.0365324513,945.1208844715,58.4283623573
44.8728306000,3735,0.0365324513,945.1208844715,58.4283623573
44.8881368000,3736,0.0365313906,945.1208844715,58.4244108497
44.9011848000,3737,0.0365313906,945.1208844715,58.4244108497
44.9154540000,3738,0.0365313906,945.1208844715,58.4244108497
44.9294119000,3739,0.0365293329,945.1208844715,58.4167444930
44.9447624000,3740,0.0365293329,945.1208844715,58.4167444930
44.9572044000,3741,0.0365293329,945.1208844715,58.4167444930
44.9700500000,3742,0.0365293329,945.1208844715,58.4167444930
44.9832737000,3743,0.0365293329,945.1208844715,58.4167444930
44.9962642000,3744,0.0365293329,945.1208844715,58.4167444930
45.0099377000,3745,0.0365293329,945.1208844715,58.4167444930
45.0249666000,3746,0.0365150127,945.1208844715,58.3633924355
45.0395775000,3747,0.0365150127,945.1208844715,58.3633924355
45.0554712000,3748,0.0365150127,945.1208844715,58.3633924355
45.0687462000,3749,0.0365150127,945.1208844715,58.3633924355
45.0834366000,3750,0.0365150127,945.1208844715,58.3633924355
45.0997534000,3751,0.0365150127,945.1208844715,58.3633924355
45.1164250000,3752,0.0365150127,945.1208844715,58.3633924355
45.1302036000,3753,0.0365150127,945.1208844715,58.3633924355
45.1482995000,3754,0.0365150127,945.1208844715,58.3633924355
45.1645078000,3755,0.0365150127,945.1208844715,58.3633924355
45.1806811000,3756,0.0364911049,945.1208844715,58.2743206084
45.1982860000,3757,0.0364911049,945.1208844715,58.2743206084
45.2142670000,3758,0.0364911049,945.1208844715,58.2743206084
45.2310295000,3759,0.0364911049,945.1208844715,58.2743206084
45.2483640000,3760,0.0364911049,945.1208844715,58.2743206084
45.2636334000,3761,0.0364911049,945.1208844715,58.2743206084
45.2784378000,3762,0.0364911049,945.1208844715,58.2743206084
45.2931806000,3763,0.0364911049,945.1208844715,58.2743206084
45.3069452000,3764,0.0364911049,945.1208844715,58.2743206084
45.3205272000,3765,0.0364908416,945.1208844715,58.2733395488
45.3350275000,3766,0.0364908416,945.1208844715,58.2733395488
45.3524765000,3767,0.0364908416,945.1208844715,58.2733395488
45.3651331000,3768,0.0364908416,945.1208844715,58.2733395488
45.3798542000,3769,0.0364908416,945.1208844715,58.2733395488
45.3930865000,3770,0.0364902386,945.1208844715,58.2710929800
45.4070889000,3771,0.0364902386,945.1208844715,58.2710929800
45.4207397000,3772,0.0364902386,945.1208844715,58.2710929800
45.4332531000,3773,0.0364902386,945.1208844715,58.2710929800
45.4479895000,3774,0.0364902386,945.1208844715,58.2710929800
45.4609419000,3775,0.0364902386,945.1208844715,58.2710929800
45.4738549000,3776,0.0364902386,945.1208844715,58.2710929800
45.4900813000,3777,0.0364893565,945.1208844715,58.2678064997
45.5031653000,3778,0.0364890837,945.1208844715,58.2667903210
45.5182450000,3779,0.0364890837,945.1208844715,58.2667903210
45.5327180000,3780,0.0364890837,945.1208844715,58.2667903210
45.5482259000,3781,0.0364890837,945.1208844715,58.2667903210
45.5647143000,3782,0.0364890837,945.1208844715,58.2667903210
45.5819113000,3783,0.0364890837,945.1208844715,58.2667903210
45.5980333000,3784,0.0364890837,945.1208844715,58.2667903210
45.6124313000,3785,0.0364890837,945.1208844715,58.2667903210
45.6274311000,3786,0.0364750949,945.1492924877,58.2123380118
45.6435089000,3787,0.0364682055,945.1492924877,58.1866707169
45.6617201000,3788,0.0364682055,945.1492924877,58.1866707169
45.6755373000,3789,0.0364682055,945.1492924877,58.1866707169
45.6910082000,3790,0.0364682055,945.1492924877,58.1866707169
45.7048097000,3791,0.0364682055,945.1492924877,58.1866707169
45.7186761000,3792,0.0364682055,945.1492924877,58.1866707169
45.7319160000,3793,0.0364682055,945.1492924877,58.1866707169
45.7455606000,3794,0.0364682055,945.1492924877,58.1866707169
45.7607910000,3795,0.0364682055,945.1492924877,58.1866707169
45.7742715000,3796,0.0364682055,945.1492924877,58.1866707169
45.7903861000,3797,0.0364682055,945.1492924877,58.1866707169
45.8030777000,3798,0.0364682055,945.1492924877,58.1866707169
45.8196330000,3799,0.0364578917,945.1492924877,58.1482450440
45.8346693000,3800,0.0364578917,945.1492924877,58.1482450440
45.8493434000,3801,0.0364578917,945.1492924877,58.1482450440
45.8647071000,3802,0.0364578917,945.1492924877,58.1482450440
45.8765396000,3803,0.0364578917,945.1492924877,58.1482450440
45.8906292000,3804,0.0364578917,945.1492924877,58.1482450440
45.9036588000,3805,0.0364578917,945.1492924877,58.1482450440
45.9188291000,3806,0.0364578917,945.1492924877,58.1482450440
45.9334607000,3807,0.0364578917,945.1492924877,58.1482450440
45.9491632000,3808,0.0364578917,945.1492924877,58.1482450440
45.9630400000,3809,0.0364562945,945.1492924877,58.1422943978
45.9776765000,3810,0.0364562945,945.1492924877,58.1422943978
45.9916657000,3811,0.0364562945,945.1492924877,58.1422943978
46.0067052000,3812,0.0364562945,945.1492924877,58.1422943978
46.0195533000,3813,0.0364562945,945.1492924877,58.1422943978
46.0344656000,3814,0.0364562945,945.1492924877,58.1422943978
46.0470809000,3815,0.0364562945,945.1492924877,58.1422943978
46.0613620000,3816,0.0364562945,945.1492924877,58.1422943978
46.0755446000,3817,0.0364560880,945.1492924877,58.1415252733
46.0896076000,3818,0.0364558119,945.1492924877,58.1404966357
46.1024659000,3819,0.0364558119,945.1492924877,58.1404966357
46.1169835000,3820,0.0364556055,945.1492924877,58.1397275112
46.1305324000,3821,0.0364556055,945.1492924877,58.1397275112
46.1441576000,3822,0.0364550747,945.1492924877,58.1377501756
46.1583629000,3823,0.0364550747,945.1492924877,58.1377501756
46.1705111000,3824,0.0364550747,945.1492924877,58.1377501756
46.1840485000,3825,0.0364550747,945.1492924877,58.1377501756
46.1950747000,3826,0.0364550747,945.1492924877,58.1377501756
46.2077821000,3827,0.0364273077,945.1492924877,58.0343001659
46.2213405000,3828,0.0364273077,945.1492924877,58.0343001659
46.2342723000,3829,0.0364273077,945.1492924877,58.0343001659
46.2467125000,3830,0.0364273077,945.1492924877,58.0343001659
46.2614999000,3831,0.0364273077,945.1492924877,58.0343001659
46.2750246000,3832,0.0364273077,945.1492924877,58.0343001659
46.2856947000,3833,0.0364273077,945.1492924877,58.0343001659
46.2972336000,3834,0.0364273077,945.1492924877,58.0343001659
46.3080975000,3835,0.0364273077,945.1492924877,58.0343001659
46.3216356000,3836,0.0364273077,945.1492924877,58.0343001659
46.3336189000,3837,0.0364234160,945.1492924877,58.0198010785
46.3475249000,3838,0.0364234160,945.1492924877,58.0198010785
46.3636235000,3839,0.0364234160,945.1492924877,58.0198010785
46.3782080000,3840,0.0364194794,945.1492924877,58.0051344900
46.3886632000,3841,0.0364194794,945.1492924877,58.0051344900
46.4001912000,3842,0.0364194794,945.1492924877,58.0051344900
46.4160627000,3843,0.0364194794,945.1492924877,58.0051344900
46.4306048000,3844,0.0364194794,945.1492924877,58.0051344900
46.4427748000,3845,0.0364194794,945.1492924877,58.0051344900
46.4564321000,3846,0.0364194794,945.1492924877,58.0051344900
46.4681949000,3847,0.0364194794,945.1492924877,58.0051344900
46.4816813000,3848,0.0364194794,945.1492924877,58.0051344900
46.4960163000,3849,0.0364194794,945.1492924877,58.0051344900
46.5086507000,3850,0.0364194794,945.1492924877,58.0051344900
46.5229970000,3851,0.0364194794,945.1492924877,58.0051344900
46.5385757000,3852,0.0364194794,945.1492924877,58.0051344900
46.5520657000,3853,0.0364194794,945.1492924877,58.0051344900
46.5694150000,3854,0.0364194794,945.1492924877,58.0051344900
46.5828261000,3855,0.0364194794,945.1492924877,58.0051344900
46.5987018000,3856,0.0364194794,945.1492924877,58.0051344900
46.6151644000,3857,0.0364194794,945.1492924877,58.0051344900
46.6328816000,3858,0.0364194794,945.1492924877,58.0051344900
46.6492140000,3859,0.0364194794,945.1492924877,58.0051344900
46.6639845000,3860,0.0364167193,945.1492924877,57.9948512965
46.6775641000,3861,0.0364167193,945.1492924877,57.9948512965
46.6914180000,3862,0.0364167193,945.1492924877,57.9948512965
46.7058760000,3863,0.0364167193,945.1492924877,57.9948512965
46.7184194000,3864,0.0364167193,945.1492924877,57.9948512965
46.7340800000,3865,0.0364167193,945.1492924877,57.9948512965
46.7491793000,3866,0.0364167193,945.1492924877,57.9948512965
46.7624699000,3867,0.0364167193,945.1492924877,57.9948512965
46.7762864000,3868,0.0364167193,945.1492924877,57.9948512965
46.7906355000,3869,0.0364167193,945.1492924877,57.9948512965
46.8050490000,3870,0.0364167193,945.1492924877,57.9948512965
46.8173884000,3871,0.0364167193,945.1492924877,57.9948512965
46.8296368000,3872,0.0364167193,945.1492924877,57.9948512965
46.8465822000,3873,0.0364146078,945.1492924877,57.9869847526
46.8633314000,3874,0.0364146078,945.1492924877,57.9869847526
46.8795730000,3875,0.0364146078,945.1492924877,57.9869847526
46.8954742000,3876,0.0364146078,945.1492924877,57.9869847526
46.9110509000,3877,0.0364146078,945.1492924877,57.9869847526
46.9244068000,3878,0.0364115587,945.1492924877,57.9756250234
46.9420784000,3879,0.0364115587,945.1492924877,57.9756250234
46.9576342000,3880,0.0364115587,945.1492924877,57.9756250234
46.9745071000,3881,0.0364115587,945.1492924877,57.9756250234
46.9886177000,3882,0.0364115587,945.1492924877,57.9756250234
47.0045236000,3883,0.0364115587,945.1492924877,57.9756250234
47.0198086000,3884,0.0364115587,945.1492924877,57.9756250234
47.0361443000,3885,0.0364115587,945.1492924877,57.9756250234
47.0528354000,3886,0.0364115587,945.1492924877,57.9756250234
47.0690914000,3887,0.0364115587,945.1492924877,57.9756250234
47.0839393000,3888,0.0364085612,945.1492924877,57.9644572201
47.0973468000,3889,0.0364085612,945.1492924877,57.9644572201
47.1108763000,3890,0.0364085612,945.1492924877,57.9644572201
47.1259507000,3891,0.0364085612,945.1492924877,57.9644572201
47.1394108000,3892,0.0364085612,945.1492924877,57.9644572201
47.1548465000,3893,0.0363901068,945.1492924877,57.8957025881
47.1680532000,3894,0.0363901068,945.1492924877,57.8957025881
47.1839825000,3895,0.0363896761,945.1492924877,57.8940982335
47.1983297000,3896,0.0363896761,945.1492924877,57.8940982335
47.2128282000,3897,0.0363896761,945.1492924877,57.8940982335
47.2275252000,3898,0.0363896761,945.1492924877,57.8940982335
47.2442367000,3899,0.0363896761,945.1492924877,57.8940982335
47.2594516000,3900,0.0363896761,945.1492924877,57.8940982335
47.2764803000,3901,0.0363896761,945.1492924877,57.8940982335
47.2905569000,3902,0.0363896761,945.1492924877,57.8940982335
47.3065897000,3903,0.0363896761,945.1492924877,57.8940982335
47.3200951000,3904,0.0363896761,945.1492924877,57.8940982335
47.3372989000,3905,0.0363896761,945.1492924877,57.8940982335
47.3529240000,3906,0.0363896761,945.1492924877,57.8940982335
47.3684736000,3907,0.0363896761,945.1492924877,57.8940982335
47.3826477000,3908,0.0363896761,945.1492924877,57.8940982335
47.3983747000,3909,0.0363856669,945.1492924877,57.8791610779
47.4128794000,3910,0.0363856669,945.1492924877,57.8791610779
47.4273543000,3911,0.0363856669,945.1492924877,57.8791610779
47.4432688000,3912,0.0363856669,945.1492924877,57.8791610779
47.4574193000,3913,0.0363856669,945.1492924877,57.8791610779
47.4737036000,3914,0.0363856669,945.1492924877,57.8791610779
47.4902864000,3915,0.0363769367,945.1492924877,57.8466356662
47.5074891000,3916,0.0363769367,945.1492924877,57.8466356662
47.5231020000,3917,0.0363769367,945.1492924877,57.8466356662
47.5384567000,3918,0.0363769367,945.1492924877,57.8466356662
47.5535245000,3919,0.0363769367,945.1492924877,57.8466356662
47.5703644000,3920,0.0363769367,945.1492924877,57.8466356662
47.5851436000,3921,0.0363769367,945.1492924877,57.8466356662
47.5986871000,3922,0.0363769367,945.1492924877,57.8466356662
47.6167509000,3923,0.0363769367,945.1492924877,57.8466356662
47.6347803000,3924,0.0363769367,945.1492924877,57.8466356662
47.6490376000,3925,0.0363769367,945.1492924877,57.8466356662
47.6644739000,3926,0.0363769367,945.1492924877,57.8466356662
47.6774429000,3927,0.0363769367,945.1492924877,57.8466356662
47.6929332000,3928,0.0363769367,945.1492924877,57.8466356662
47.7067453000,3929,0.0363769367,945.1492924877,57.8466356662
47.7207151000,3930,0.0363769367,945.1492924877,57.8466356662
47.7343322000,3931,0.0363769367,945.1492924877,57.8466356662
47.7450395000,3932,0.0363769367,945.1492924877,57.8466356662
47.7568345000,3933,0.0363769367,945.1492924877,57.8466356662
47.7715944000,3934,0.0363755536,945.1492924877,57.8414826388
47.7843770000,3935,0.0363755536,945.1492924877,57.8414826388
47.7959229000,3936,0.0363755536,945.1492924877,57.8414826388
47.8085840000,3937,0.0363755536,945.1492924877,57.8414826388
47.8221437000,3938,0.0363730897,945.1492924877,57.8323029176
47.8361777000,3939,0.0363730897,945.1492924877,57.8323029176
47.8483674000,3940,0.0363730897,945.1492924877,57.8323029176
47.8621398000,3941,0.0363730897,945.1492924877,57.8323029176
47.8789252000,3942,0.0363730897,945.1492924877,57.8323029176
47.8906613000,3943,0.0363730897,945.1492924877,57.8323029176
47.9031711000,3944,0.0363730897,945.1492924877,57.8323029176
47.9147585000,3945,0.0363730897,945.1492924877,57.8323029176
47.9279470000,3946,0.0363730897,945.1492924877,57.8323029176
47.9418452000,3947,0.0363730897,945.1492924877,57.8323029176
47.9534342000,3948,0.0363730897,945.1492924877,57.8323029176
47.9670636000,3949,0.0363730897,945.1492924877,57.8323029176
47.9774291000,3950,0.0363730897,945.1492924877,57.8323029176
47.9877129000,3951,0.0363730897,945.1492924877,57.8323029176
47.9983822000,3952,0.0363730145,945.1492924877,57.8320228299
48.0088573000,3953,0.0363463047,945.1492924877,57.7325116014
48.0222162000,3954,0.0363463047,945.1492924877,57.7325116014
48.0330154000,3955,0.0363463047,945.1492924877,57.7325116014
48.0447624000,3956,0.0363463047,945.1492924877,57.7325116014
48.0543174000,3957,0.0363454180,945.1492924877,57.7292083207
48.0653172000,3958,0.0363454180,945.1492924877,57.7292083207
48.0761776000,3959,0.0363454180,945.1492924877,57.7292083207
48.0871850000,3960,0.0363454180,945.1492924877,57.7292083207
48.0973350000,3961,0.0363454180,945.1492924877,57.7292083207
48.1067091000,3962,0.0363454180,945.1492924877,57.7292083207
48.1180330000,3963,0.0363453615,945.1492924877,57.7289978352
48.1335589000,3964,0.0363453615,945.1492924877,57.7289978352
48.1472863000,3965,0.0363453615,945.1492924877,57.7289978352
48.1637414000,3966,0.0363453615,945.1492924877,57.7289978352
48.1790511000,3967,0.0363453615,945.1492924877,57.7289978352
48.1947812000,3968,0.0363453615,945.1492924877,57.7289978352
48.2087077000,3969,0.0363453615,945.1492924877,57.7289978352
48.2247102000,3970,0.0363453615,945.1492924877,57.7289978352
48.2424494000,3971,0.0363453615,945.1492924877,57.7289978352
48.2583079000,3972,0.0363453615,945.1492924877,57.7289978352
48.2719196000,3973,0.0363453615,945.1492924877,57.7289978352
48.2857519000,3974,0.0363453615,945.1492924877,57.7289978352
48.2975362000,3975,0.0363453615,945.1492924877,57.7289978352
48.3101245000,3976,0.0363453615,945.1492924877,57.7289978352
48.3260272000,3977,0.0363453615,945.1492924877,57.7289978352
48.3393010000,3978,0.0363453615,945.1492924877,57.7289978352
48.3518688000,3979,0.0363453615,945.1492924877,57.7289978352
48.3648679000,3980,0.0363453615,945.1492924877,57.7289978352
48.3757390000,3981,0.0363453615,945.1492924877,57.7289978352
48.3901700000,3982,0.0363453615,945.1492924877,57.7289978352
48.4020853000,3983,0.0363424726,945.1492924877,57.7182346101
48.4151989000,3984,0.0363424726,945.1492924877,57.7182346101
48.4293919000,3985,0.0363424726,945.1492924877,57.7182346101
48.4432514000,3986,0.0363424726,945.1492924877,57.7182346101
48.4589617000,3987,0.0363424726,945.1492924877,57.7182346101
48.4731952000,3988,0.0363424726,945.1492924877,57.7182346101
48.4884982000,3989,0.0363424726,945.1492924877,57.7182346101
48.5038188000,3990,0.0363424726,945.1492924877,57.7182346101
48.5182852000,3991,0.0363424726,945.1492924877,57.7182346101
48.5330090000,3992,0.0363424726,945.1492924877,57.7182346101
48.5486234000,3993,0.0363424726,945.1492924877,57.7182346101
48.5642243000,3994,0.0363264390,945.1492924877,57.6584990010
48.5778298000,3995,0.0363264390,945.1492924877,57.6584990010
48.5929651000,3996,0.0363264390,945.1492924877,57.6584990010
48.6069903000,3997,0.0363264390,945.1492924877,57.6584990010
48.6219766000,3998,0.0363264390,945.1492924877,57.6584990010
48.6370408000,3999,0.0363264390,945.1492924877,57.6584990010
48.6525885000,4000,0.0363210874,945.1492924877,57.6385608972
48.6670096000,4001,0.0363210874,945.1492924877,57.6385608972
48.6811611000,4002,0.0363210874,945.1492924877,57.6385608972
48.6976932000,4003,0.0363210874,945.1492924877,57.6385608972
48.7113245000,4004,0.0363210874,945.1492924877,57.6385608972
48.7254636000,4005,0.0363210874,945.1492924877,57.6385608972
48.7391241000,4006,0.0363210874,945.1492924877,57.6385608972
48.7558510000,4007,0.0363210874,945.1492924877,57.6385608972
48.7701092000,4008,0.0363192792,945.1492924877,57.6318243394
48.7887000000,4009,0.0363156679,945.1492924877,57.6183699983
48.8042699000,4010,0.0363156679,945.1492924877,57.6183699983
48.8191712000,4011,0.0363156679,945.1492924877,57.6183699983
48.8345085000,4012,0.0363156679,945.1492924877,57.6183699983
48.8481662000,4013,0.0363156679,945.1492924877,57.6183699983
48.8632941000,4014,0.0363156679,945.1492924877,57.6183699983
48.8748157000,4015,0.0363156679,945.1492924877,57.6183699983
48.8885976000,4016,0.0363156679,945.1492924877,57.6183699983
48.9008617000,4017,0.0363156679,945.1492924877,57.6183699983
48.9120227000,4018,0.0363156679,945.1492924877,57.6183699983
48.9255116000,4019,0.0363156679,945.1492924877,57.6183699983
48.9401633000,4020,0.0363156679,945.1492924877,57.6183699983
48.9574117000,4021,0.0363153979,945.1492924877,57.6173638032
48.9735575000,4022,0.0363059331,945.1492924877,57.5821016262
48.9871511000,4023,0.0363059331,945.1492924877,57.5821016262
49.0027061000,4024,0.0363059331,945.1492924877,57.5821016262
49.0166980000,4025,0.0363059331,945.1492924877,57.5821016262
49.0305600000,4026,0.0363059331,945.1492924877,57.5821016262
49.0419030000,4027,0.0363059331,945.1492924877,57.5821016262
49.0563569000,4028,0.0363059331,945.1492924877,57.5821016262
49.0693613000,4029,0.0363059331,945.1492924877,57.5821016262
49.0842855000,4030,0.0363050602,945.1492924877,57.5788494392
49.0984014000,4031,0.0363050602,945.1492924877,57.5788494392
49.1130000000,4032,0.0363050602,945.1492924877,57.5788494392
49.1263500000,4033,0.0363050602,945.1492924877,57.5788494392
49.1405056000,4034,0.0363050602,945.1492924877,57.5788494392
49.1520866000,4035,0.0363050602,945.1492924877,57.5788494392
49.1686660000,4036,0.0363050602,945.1492924877,57.5788494392
49.1854618000,4037,0.0363027684,945.1492924877,57.5703110297
49.2007359000,4038,0.0363027684,945.1492924877,57.5703110297
49.2145394000,4039,0.0363027684,945.1492924877,57.5703110297
49.2262904000,4040,0.0363027684,945.1492924877,57.5703110297
49.2413511000,4041,0.0363027684,945.1492924877,57.5703110297
49.2565538000,4042,0.0363027684,945.1492924877,57.5703110297
49.2712584000,4043,0.0363027684,945.1492924877,57.5703110297
49.2849334000,4044,0.0363027684,945.1492924877,57.5703110297
49.2972106000,4045,0.0363027684,945.1492924877,57.5703110297
49.3130207000,4046,0.0363027684,945.1492924877,57.5703110297
49.3260422000,4047,0.0363027684,945.1492924877,57.5703110297
49.3397360000,4048,0.0363025766,945.1492924877,57.5695962761
49.3529326000,4049,0.0363025766,945.1492924877,57.5695962761
49.3655980000,4050,0.0363018003,945.1492924877,57.5667042345
49.3800720000,4051,0.0362814389,945.1492924877,57.4908446506
49.3931030000,4052,0.0362814389,945.1492924877,57.4908446506
49.4067225000,4053,0.0362814389,945.1492924877,57.4908446506
49.4189858000,4054,0.0362814389,945.1492924877,57.4908446506
49.4320668000,4055,0.0362814389,945.1492924877,57.4908446506
49.4457250000,4056,0.0362814389,945.1492924877,57.4908446506
49.4599353000,4057,0.0362814389,945.1492924877,57.4908446506
49.4752474000,4058,0.0362814389,945.1492924877,57.4908446506
49.4930309000,4059,0.0362814389,945.1492924877,57.4908446506
49.5105001000,4060,0.0362814389,945.1492924877,57.4908446506
49.5242398000,4061,0.0362814389,945.1492924877,57.4908446506
49.5420113000,4062,0.0362757075,945.1492924877,57.4694917275
49.5591584000,4063,0.0362757075,945.1492924877,57.4694917275
49.5746927000,4064,0.0362757075,945.1492924877,57.4694917275
49.5900581000,4065,0.0362757075,945.1492924877,57.4694917275
49.6054833000,4066,0.0362757075,945.1492924877,57.4694917275
49.6192269000,4067,0.0362757075,945.1492924877,57.4694917275
49.6367294000,4068,0.0362757075,945.1492924877,57.4694917275
49.6525794000,4069,0.0362757075,945.1492924877,57.4694917275
49.6680571000,4070,0.0362757075,945.1492924877,57.4694917275
49.6820746000,4071,0.0362757075,945.1492924877,57.4694917275
49.6999202000,4072,0.0362757075,945.1492924877,57.4694917275
49.7141801000,4073,0.0362757075,945.1492924877,57.4694917275
49.7297966000,4074,0.0362757075,945.1492924877,57.4694917275
49.7446795000,4075,0.0362757075,945.1492924877,57.4694917275
49.7598819000,4076,0.0362757075,945.1492924877,57.4694917275
49.7765505000,4077,0.0362757075,945.1492924877,57.4694917275
49.7893271000,4078,0.0362757075,945.1492924877,57.4694917275
49.8032353000,4079,0.0362587721,945.1492924877,57.4063962360
49.8187715000,4080,0.0362587721,945.1492924877,57.4063962360
49.8317045000,4081,0.0362587721,945.1492924877,57.4063962360
49.8470516000,4082,0.0362587721,945.1492924877,57.4063962360
49.8610919000,4083,0.0362587721,945.1492924877,57.4063962360
49.8751264000,4084,0.0362587721,945.1492924877,57.4063962360
49.8877867000,4085,0.0362587721,945.1492924877,57.4063962360
49.9032078000,4086,0.0362587721,945.1492924877,57.4063962360
49.9161429000,4087,0.0362587721,945.1492924877,57.4063962360
49.9314241000,4088,0.0362587721,945.1492924877,57.4063962360
49.9432222000,4089,0.0362587721,945.1492924877,57.4063962360
49.9577229000,4090,0.0362587721,945.1492924877,57.4063962360
49.9715263000,4091,0.0362587721,945.1492924877,57.4063962360
49.9860605000,4092,0.0362587721,945.1492924877,57.4063962360
50.0019373000,4093,0.0362580336,945.1492924877,57.4036450681
50.0161356000,4094,0.0362570819,945.1492924877,57.4000994465
50.0294330000,4095,0.0362570819,945.1492924877,57.4000994465
50.0421055000,4096,0.0362570819,945.1492924877,57.4000994465
50.0566714000,4097,0.0362570819,945.1492924877,57.4000994465
50.0701088000,4098,0.0362570819,945.1492924877,57.4000994465
50.0829102000,4099,0.0362570819,945.1492924877,57.4000994465
50.0942535000,4100,0.0362567679,945.1492924877,57.3989295990
50.1070710000,4101,0.0362567679,945.1492924877,57.3989295990
50.1200355000,4102,0.0362562019,945.1492924877,57.3968205988
50.1328717000,4103,0.0362539351,945.1492924877,57.3883754961
50.1475425000,4104,0.0362539351,945.1492924877,57.3883754961
50.1611973000,4105,0.0362539351,945.1492924877,57.3883754961
50.1726677000,4106,0.0362539351,945.1492924877,57.3883754961
50.1864751000,4107,0.0362539351,945.1492924877,57.3883754961
50.1991932000,4108,0.0362539351,945.1492924877,57.3883754961
50.2121161000,4109,0.0362539351,945.1492924877,57.3883754961
50.2247382000,4110,0.0362523045,945.1492924877,57.3823005602
50.2383236000,4111,0.0362523045,945.1492924877,57.3823005602
50.2527077000,4112,0.0362523045,945.1492924877,57.3823005602
50.2658097000,4113,0.0362523045,945.1492924877,57.3823005602
50.2806060000,4114,0.0362523045,945.1492924877,57.3823005602
50.2951439000,4115,0.0362523045,945.1492924877,57.3823005602
50.3106361000,4116,0.0362523045,945.1492924877,57.3823005602
50.3240563000,4117,0.0362523045,945.1492924877,57.3823005602
50.3406222000,4118,0.0362523045,945.1492924877,57.3823005602
50.3565185000,4119,0.0362523045,945.1492924877,57.3823005602
50.3694721000,4120,0.0362523045,945.1492924877,57.3823005602
50.3838203000,4121,0.0362523045,945.1492924877,57.3823005602
50.3975121000,4122,0.0362523045,945.1492924877,57.3823005602
50.4109446000,4123,0.0362523045,945.1492924877,57.3823005602
50.4241154000,4124,0.0362523045,945.1492924877,57.3823005602
50.4393539000,4125,0.0362523045,945.1492924877,57.3823005602
50.4529848000,4126,0.0362523045,945.1492924877,57.3823005602
50.4653337000,4127,0.0362523045,945.1492924877,57.3823005602
50.4810500000,4128,0.0362508711,945.1492924877,57.3769602577
50.4944124000,4129,0.0362508711,945.1492924877,57.3769602577
50.5072475000,4130,0.0362508711,945.1492924877,57.3769602577
50.5220760000,4131,0.0362508711,945.1492924877,57.3769602577
50.5374984000,4132,0.0362508711,945.1492924877,57.3769602577
50.5524817000,4133,0.0362508711,945.1492924877,57.3769602577
50.5685593000,4134,0.0362478169,945.1492924877,57.3655811537
50.5819222000,4135,0.0362478169,945.1492924877,57.3655811537
50.5935335000,4136,0.0362478169,945.1492924877,57.3655811537
50.6093515000,4137,0.0362477112,945.1492924877,57.3651874515
50.6235627000,4138,0.0362477112,945.1492924877,57.3651874515
50.6399695000,4139,0.0362477112,945.1492924877,57.3651874515
50.6535337000,4140,0.0362477112,945.1492924877,57.3651874515
50.6694665000,4141,0.0362477112,945.1492924877,57.3651874515
50.6829698000,4142,0.0362477112,945.1492924877,57.3651874515
50.6991239000,4143,0.0362477112,945.1492924877,57.3651874515
50.7149568000,4144,0.0362412726,945.1492924877,57.3411993188
50.7294620000,4145,0.0362412726,945.1492924877,57.3411993188
50.7430338000,4146,0.0362412726,945.1492924877,57.3411993188
50.7574117000,4147,0.0362411669,945.1492924877,57.3408056166
50.7709476000,4148,0.0362411669,945.1492924877,57.3408056166
50.7865853000,4149,0.0362269522,945.1492924877,57.2878467312
50.7987759000,4150,0.0362269522,945.1492924877,57.2878467312
50.8129573000,4151,0.0362269522,945.1492924877,57.2878467312
50.8249647000,4152,0.0362269522,945.1492924877,57.2878467312
50.8398686000,4153,0.0362269522,945.1492924877,57.2878467312
50.8533020000,4154,0.0362269522,945.1492924877,57.2878467312
50.8673174000,4155,0.0362269522,945.1492924877,57.2878467312
50.8816492000,4156,0.0362269522,945.1492924877,57.2878467312
50.8991895000,4157,0.0362269522,945.1492924877,57.2878467312
50.9118851000,4158,0.0362269522,945.1492924877,57.2878467312
50.9247888000,4159,0.0362269522,945.1492924877,57.2878467312
50.9398740000,4160,0.0362269522,945.1492924877,57.2878467312
50.9538746000,4161,0.0362269522,945.1492924877,57.2878467312
50.9662275000,4162,0.0362269522,945.1492924877,57.2878467312
50.9804344000,4163,0.0362269522,945.1492924877,57.2878467312
50.9920965000,4164,0.0362269522,945.1492924877,57.2878467312
51.0064583000,4165,0.0362269522,945.1492924877,57.2878467312
51.0195276000,4166,0.0362264904,945.1492924877,57.2861261838
51.0353937000,4167,0.0362264904,945.1492924877,57.2861261838
51.0481373000,4168,0.0362264904,945.1492924877,57.2861261838
51.0630627000,4169,0.0362264904,945.1492924877,57.2861261838
51.0754719000,4170,0.0362264904,945.1492924877,57.2861261838
51.0878859000,4171,0.0362264904,945.1492924877,57.2861261838
51.1026405000,4172,0.0362264904,945.1492924877,57.2861261838
51.1151570000,4173,0.0362264904,945.1492924877,57.2861261838
51.1283498000,4174,0.0362264904,945.1492924877,57.2861261838
51.1399988000,4175,0.0362264904,945.1492924877,57.2861261838
51.1529785000,4176,0.0362264904,945.1492924877,57.2861261838
51.1669211000,4177,0.0362264904,945.1492924877,57.2861261838
51.1801105000,4178,0.0362264904,945.1492924877,57.2861261838
51.1939106000,4179,0.0362264904,945.1492924877,57.2861261838
51.2077498000,4180,0.0362233596,945.1492924877,57.2744619842
51.2228180000,4181,0.0362233596,945.1492924877,57.2744619842
51.2367977000,4182,0.0362233596,945.1492924877,57.2744619842
51.2491544000,4183,0.0362233596,945.1492924877,57.2744619842
51.2640018000,4184,0.0362233596,945.1492924877,57.2744619842
51.2797264000,4185,0.0362198399,945.1492924877,57.2613486961
51.2953956000,4186,0.0362198399,945.1492924877,57.2613486961
51.3108404000,4187,0.0362198399,945.1492924877,57.2613486961
51.3251738000,4188,0.0362198399,945.1492924877,57.2613486961
51.3394016000,4189,0.0362198399,945.1492924877,57.2613486961
51.3514475000,4190,0.0362198399,945.1492924877,57.2613486961
51.3705953000,4191,0.0362198399,945.1492924877,57.2613486961
51.3864279000,4192,0.0362198399,945.1492924877,57.2613486961
51.4045840000,4193,0.0362198399,945.1492924877,57.2613486961
51.4195813000,4194,0.0362198399,945.1492924877,57.2613486961
51.4359655000,4195,0.0362186037,945.1208844715,57.2590780556
51.4514142000,4196,0.0362186037,945.1208844715,57.2590780556
51.4670272000,4197,0.0362186037,945.1208844715,57.2590780556
51.4834706000,4198,0.0362182582,945.1492924877,57.2554559984
51.4975786000,4199,0.0362182582,945.1492924877,57.2554559984
51.5111280000,4200,0.0362182582,945.1492924877,57.2554559984
51.5276493000,4201,0.0362178472,945.1492924877,57.2539246882
51.5427893000,4202,0.0362178472,945.1492924877,57.2539246882
51.5555632000,4203,0.0362178472,945.1492924877,57.2539246882
51.5714443000,4204,0.0362178472,945.1492924877,57.2539246882
51.5900412000,4205,0.0362178472,945.1492924877,57.2539246882
51.6075133000,4206,0.0362147164,945.1492924877,57.2422604886
51.6226380000,4207,0.0362147164,945.1492924877,57.2422604886
51.6372980000,4208,0.0362147164,945.1492924877,57.2422604886
51.6525595000,4209,0.0362147164,945.1492924877,57.2422604886
51.6694539000,4210,0.0362123207,945.1492924877,57.2333349296
51.6819375000,4211,0.0362123207,945.1492924877,57.2333349296
51.6975021000,4212,0.0362111050,945.1208844715,57.2311407292
51.7142224000,4213,0.0362111050,945.1208844715,57.2311407292
51.7275520000,4214,0.0362111050,945.1208844715,57.2311407292
51.7412309000,4215,0.0362111050,945.1208844715,57.2311407292
51.7556375000,4216,0.0362111050,945.1208844715,57.2311407292
51.7712713000,4217,0.0362111050,945.1208844715,57.2311407292
51.7850997000,4218,0.0362111050,945.1208844715,57.2311407292
51.7990228000,4219,0.0362040193,945.1208844715,57.2047418116
51.8150797000,4220,0.0362040193,945.1208844715,57.2047418116
51.8296901000,4221,0.0362040193,945.1208844715,57.2047418116
51.8439647000,4222,0.0362040193,945.1208844715,57.2047418116
51.8596696000,4223,0.0361959633,945.1208844715,57.1747281104
51.8734940000,4224,0.0361959633,945.1208844715,57.1747281104
51.8877340000,4225,0.0361959633,945.1208844715,57.1747281104
51.9024242000,4226,0.0361959633,945.1208844715,57.1747281104
51.9149611000,4227,0.0361959633,945.1208844715,57.1747281104
51.9284243000,4228,0.0361959633,945.1208844715,57.1747281104
51.9420780000,4229,0.0361959633,945.1208844715,57.1747281104
51.9582193000,4230,0.0361959633,945.1208844715,57.1747281104
51.9722590000,4231,0.0361959633,945.1208844715,57.1747281104
51.9880571000,4232,0.0361959633,945.1208844715,57.1747281104
52.0016416000,4233,0.0361959633,945.1208844715,57.1747281104
52.0154264000,4234,0.0361952890,945.1208844715,57.1722159132
52.0291906000,4235,0.0361952890,945.1208844715,57.1722159132
52.0426243000,4236,0.0361952890,945.1208844715,57.1722159132
52.0568584000,4237,0.0361952890,945.1208844715,57.1722159132
52.0719791000,4238,0.0361952890,945.1208844715,57.1722159132
52.0848876000,4239,0.0361952890,945.1208844715,57.1722159132
52.0981898000,4240,0.0361952890,945.1208844715,57.1722159132
52.1112299000,4241,0.0361952890,945.1208844715,57.1722159132
52.1245596000,4242,0.0361952890,945.1208844715,57.1722159132
52.1388370000,4243,0.0361952890,945.1208844715,57.1722159132
52.1524328000,4244,0.0361952890,945.1208844715,57.1722159132
52.1653030000,4245,0.0361952890,945.1208844715,57.1722159132
52.1797753000,4246,0.0361952890,945.1208844715,57.1722159132
52.1939640000,4247,0.0361938099,945.1492924877,57.1643702017
52.2094329000,4248,0.0361938099,945.1492924877,57.1643702017
52.2246299000,4249,0.0361938099,945.1492924877,57.1643702017
52.2395420000,4250,0.0361922954,945.1492924877,57.1587280253
52.2528579000,4251,0.0361922954,945.1492924877,57.1587280253
52.2681210000,4252,0.0361922954,945.1492924877,57.1587280253
52.2796252000,4253,0.0361922954,945.1492924877,57.1587280253
52.2919277000,4254,0.0361922954,945.1492924877,57.1587280253
52.3045400000,4255,0.0361922954,945.1492924877,57.1587280253
52.3176184000,4256,0.0361922954,945.1492924877,57.1587280253
52.3308418000,4257,0.0361922954,945.1492924877,57.1587280253
52.3423185000,4258,0.0361922954,945.1492924877,57.1587280253
52.3592066000,4259,0.0361922954,945.1492924877,57.1587280253
52.3733216000,4260,0.0361922954,945.1492924877,57.1587280253
52.3881759000,4261,0.0361918415,945.1492924877,57.1570366158
52.4007603000,4262,0.0361918415,945.1492924877,57.1570366158
52.4146619000,4263,0.0361918415,945.1492924877,57.1570366158
52.4271610000,4264,0.0361918415,945.1492924877,57.1570366158
52.4392429000,4265,0.0361918415,945.1492924877,57.1570366158
52.4522144000,4266,0.0361918415,945.1492924877,57.1570366158
52.4651640000,4267,0.0361881268,945.1492924877,57.1431969919
52.4784461000,4268,0.0361881268,945.1492924877,57.1431969919
52.4917717000,4269,0.0361881268,945.1492924877,57.1431969919
52.5021446000,4270,0.0361881268,945.1492924877,57.1431969919
52.5161608000,4271,0.0361881268,945.1492924877,57.1431969919
52.5321966000,4272,0.0361881268,945.1492924877,57.1431969919
52.5493371000,4273,0.0361881268,945.1492924877,57.1431969919
52.5637423000,4274,0.0361881268,945.1492924877,57.1431969919
52.5789568000,4275,0.0361881268,945.1492924877,57.1431969919
52.5943018000,4276,0.0361881268,945.1492924877,57.1431969919
52.6091313000,4277,0.0361881268,945.1492924877,57.1431969919
52.6271537000,4278,0.0361881268,945.1492924877,57.1431969919
52.6445702000,4279,0.0361881268,945.1492924877,57.1431969919
52.6585985000,4280,0.0361881268,945.1492924877,57.1431969919
52.6712684000,4281,0.0361881268,945.1492924877,57.1431969919
52.6833415000,4282,0.0361881268,945.1492924877,57.1431969919
52.6959635000,4283,0.0361881268,945.1492924877,57.1431969919
52.7081618000,4284,0.0361881268,945.1492924877,57.1431969919
52.7209867000,4285,0.0361881268,945.1492924877,57.1431969919
52.7330062000,4286,0.0361850522,945.1492924877,57.1317422973
52.7477144000,4287,0.0361618087,945.1492924877,57.0451453186
52.7595032000,4288,0.0361618087,945.1492924877,57.0451453186
52.7749827000,4289,0.0361618087,945.1492924877,57.0451453186
52.7873822000,4290,0.0361618087,945.1492924877,57.0451453186
52.8000839000,4291,0.0361618087,945.1492924877,57.0451453186
52.8113528000,4292,0.0361618087,945.1492924877,57.0451453186
52.8270066000,4293,0.0361618087,945.1492924877,57.0451453186
52.8389360000,4294,0.0361618087,945.1492924877,57.0451453186
52.8498691000,4295,0.0361618087,945.1492924877,57.0451453186
52.8657974000,4296,0.0361618087,945.1492924877,57.0451453186
52.8798137000,4297,0.0361618087,945.1492924877,57.0451453186
52.8923439000,4298,0.0361618087,945.1492924877,57.0451453186
52.9066715000,4299,0.0361618087,945.1492924877,57.0451453186
52.9202007000,4300,0.0361618087,945.1492924877,57.0451453186
52.9345350000,4301,0.0361593185,945.1492924877,57.0358677748
52.9476102000,4302,0.0361593185,945.1492924877,57.0358677748
52.9621390000,4303,0.0361593185,945.1492924877,57.0358677748
52.9785627000,4304,0.0361593185,945.1492924877,57.0358677748
52.9889923000,4305,0.0361593185,945.1492924877,57.0358677748
53.0027430000,4306,0.0361593185,945.1492924877,57.0358677748
53.0155696000,4307,0.0361593185,945.1492924877,57.0358677748
53.0276455000,4308,0.0361593185,945.1492924877,57.0358677748
53.0429917000,4309,0.0361593185,945.1492924877,57.0358677748
53.0581382000,4310,0.0361559813,945.1492924877,57.0234346089
53.0694710000,4311,0.0361559813,945.1492924877,57.0234346089
53.0814909000,4312,0.0361559813,945.1492924877,57.0234346089
53.0963589000,4313,0.0361559813,945.1492924877,57.0234346089
53.1089818000,4314,0.0361554656,945.1492924877,57.0215129722
53.1237723000,4315,0.0361554656,945.1492924877,57.0215129722
53.1358483000,4316,0.0361554656,945.1492924877,57.0215129722
53.1494959000,4317,0.0361525009,945.1492924877,57.0104678698
53.1619968000,4318,0.0361525009,945.1492924877,57.0104678698
53.1775109000,4319,0.0361525009,945.1492924877,57.0104678698
53.1883993000,4320,0.0361517264,945.1492924877,57.0075820313
53.2031722000,4321,0.0361512106,945.1492924877,57.0056603945
53.2194487000,4322,0.0361512106,945.1492924877,57.0056603945
53.2349103000,4323,0.0361338413,945.4003171849,56.9203171031
53.2481568000,4324,0.0361338413,945.4003171849,56.9203171031
53.2640157000,4325,0.0361333255,945.4003171849,56.9183954664
53.2809719000,4326,0.0361333255,945.4003171849,56.9183954664
53.2943839000,4327,0.0361333255,945.4003171849,56.9183954664
53.3098875000,4328,0.0361333255,945.4003171849,56.9183954664
53.3248980000,4329,0.0361333255,945.4003171849,56.9183954664
53.3399279000,4330,0.0361333255,945.4003171849,56.9183954664
53.3536635000,4331,0.0361298473,945.4003171849,56.9054368517
53.3656819000,4332,0.0361298473,945.4003171849,56.9054368517
53.3807986000,4333,0.0361298473,945.4003171849,56.9054368517
53.3960398000,4334,0.0361298473,945.4003171849,56.9054368517
53.4099607000,4335,0.0361298473,945.4003171849,56.9054368517
53.4245080000,4336,0.0361298473,945.4003171849,56.9054368517
53.4409894000,4337,0.0361298473,945.4003171849,56.9054368517
53.4555513000,4338,0.0361298473,945.4003171849,56.9054368517
53.4708991000,4339,0.0361298473,945.4003171849,56.9054368517
53.4832710000,4340,0.0361282840,945.4003171849,56.8996126127
53.4983975000,4341,0.0361282840,945.4003171849,56.8996126127
53.5122773000,4342,0.0361282840,945.4003171849,56.8996126127
53.5265531000,4343,0.0361282840,945.4003171849,56.8996126127
53.5406546000,4344,0.0361282840,945.4003171849,56.8996126127
53.5563708000,4345,0.0361282840,945.4003171849,56.8996126127
53.5693612000,4346,0.0361282840,945.4003171849,56.8996126127
53.5831101000,4347,0.0361282840,945.4003171849,56.8996126127
53.5976090000,4348,0.0361282840,945.4003171849,56.8996126127
53.6131072000,4349,0.0361277352,945.4003171849,56.8975681326
53.6270992000,4350,0.0361277352,945.4003171849,56.8975681326
53.6406884000,4351,0.0361277352,945.4003171849,56.8975681326
53.6549023000,4352,0.0361277352,945.4003171849,56.8975681326
53.6678215000,4353,0.0361272740,945.4003171849,56.8958498001
53.6797727000,4354,0.0361272740,945.4003171849,56.8958498001
53.6931303000,4355,0.0361272740,945.4003171849,56.8958498001
53.7081133000,4356,0.0361272740,945.4003171849,56.8958498001
53.7225594000,4357,0.0361272740,945.4003171849,56.8958498001
53.7344465000,4358,0.0361272740,945.4003171849,56.8958498001
53.7469759000,4359,0.0361272740,945.4003171849,56.8958498001
53.7623190000,4360,0.0361272740,945.4003171849,56.8958498001
53.7774905000,4361,0.0361272740,945.4003171849,56.8958498001
53.7948775000,4362,0.0361272740,945.4003171849,56.8958498001
53.8126673000,4363,0.0361272740,945.4003171849,56.8958498001
53.8267459000,4364,0.0361272740,945.4003171849,56.8958498001
53.8403135000,4365,0.0361272740,945.4003171849,56.8958498001
53.8532229000,4366,0.0361225173,945.4003171849,56.8781280656
53.8675474000,4367,0.0361225173,945.4003171849,56.8781280656
53.8831865000,4368,0.0361225173,945.4003171849,56.8781280656
53.8969591000,4369,0.0361225173,945.4003171849,56.8781280656
53.9122347000,4370,0.0361224015,945.4003171849,56.8776967339
53.9229664000,4371,0.0361224015,945.4003171849,56.8776967339
53.9372927000,4372,0.0361224015,945.4003171849,56.8776967339
53.9495034000,4373,0.0361224015,945.4003171849,56.8776967339
53.9633769000,4374,0.0361196274,945.4003171849,56.8673612623
53.9753934000,4375,0.0361196274,945.4003171849,56.8673612623
53.9890775000,4376,0.0361196274,945.4003171849,56.8673612623
54.0034221000,4377,0.0361196274,945.4003171849,56.8673612623
54.0156951000,4378,0.0361196274,945.4003171849,56.8673612623
54.0293517000,4379,0.0361196274,945.4003171849,56.8673612623
54.0449686000,4380,0.0361196274,945.4003171849,56.8673612623
54.0599454000,4381,0.0361196274,945.4003171849,56.8673612623
54.0753158000,4382,0.0361196274,945.4003171849,56.8673612623
54.0898299000,4383,0.0361196274,945.4003171849,56.8673612623
54.1061134000,4384,0.0361196274,945.4003171849,56.8673612623
54.1208631000,4385,0.0361196274,945.4003171849,56.8673612623
54.1359211000,4386,0.0361196274,945.4003171849,56.8673612623
54.1503610000,4387,0.0361196274,945.4003171849,56.8673612623
54.1647580000,4388,0.0361196274,945.4003171849,56.8673612623
54.1787083000,4389,0.0361193876,945.4003171849,56.8664679778
54.1928243000,4390,0.0361193876,945.4003171849,56.8664679778
54.2068083000,4391,0.0361193876,945.4003171849,56.8664679778
54.2212225000,4392,0.0361193876,945.4003171849,56.8664679778
54.2376800000,4393,0.0361071325,945.4003171849,56.8208097147
54.2522643000,4394,0.0361071325,945.4003171849,56.8208097147
54.2663882000,4395,0.0361071325,945.4003171849,56.8208097147
54.2791440000,4396,0.0361071325,945.4003171849,56.8208097147
54.2960575000,4397,0.0361071325,945.4003171849,56.8208097147
54.3084530000,4398,0.0361071325,945.4003171849,56.8208097147
54.3212238000,4399,0.0361071325,945.4003171849,56.8208097147
54.3364069000,4400,0.0361071325,945.4003171849,56.8208097147
54.3493072000,4401,0.0361071325,945.4003171849,56.8208097147
54.3612430000,4402,0.0361071325,945.4003171849,56.8208097147
54.3733235000,4403,0.0361071325,945.4003171849,56.8208097147
54.3844536000,4404,0.0361071325,945.4003171849,56.8208097147
54.3984225000,4405,0.0361071325,945.4003171849,56.8208097147
54.4141766000,4406,0.0361071325,945.4003171849,56.8208097147
54.4274442000,4407,0.0361071325,945.4003171849,56.8208097147
54.4406691000,4408,0.0361071325,945.4003171849,56.8208097147
54.4532111000,4409,0.0360939955,945.4003171849,56.7718657812
54.4684859000,4410,0.0360939955,945.4003171849,56.7718657812
54.4810834000,4411,0.0360939955,945.4003171849,56.7718657812
54.4951930000,4412,0.0360939955,945.4003171849,56.7718657812
54.5084587000,4413,0.0360939955,945.4003171849,56.7718657812
54.5225811000,4414,0.0360939955,945.4003171849,56.7718657812
54.5369023000,4415,0.0360937735,945.4003171849,56.7710388930
54.5521186000,4416,0.0360937735,945.4003171849,56.7710388930
54.5669045000,4417,0.0360937735,945.4003171849,56.7710388930
54.5798792000,4418,0.0360937735,945.4003171849,56.7710388930
54.5926329000,4419,0.0360937735,945.4003171849,56.7710388930
54.6095618000,4420,0.0360937735,945.4003171849,56.7710388930
54.6243527000,4421,0.0360937735,945.4003171849,56.7710388930
54.6395449000,4422,0.0360937735,945.4003171849,56.7710388930
54.6529726000,4423,0.0360937735,945.4003171849,56.7710388930
54.6676080000,4424,0.0360936711,945.4003171849,56.7706572011
54.6809983000,4425,0.0360936711,945.4003171849,56.7706572011
54.6977947000,4426,0.0360936711,945.4003171849,56.7706572011
54.7113673000,4427,0.0360936711,945.4003171849,56.7706572011
54.7249326000,4428,0.0360936711,945.4003171849,56.7706572011
54.7391602000,4429,0.0360936711,945.4003171849,56.7706572011
54.7527683000,4430,0.0360936711,945.4003171849,56.7706572011
54.7659715000,4431,0.0360936711,945.4003171849,56.7706572011
54.7798000000,4432,0.0360936711,945.4003171849,56.7706572011
54.7938325000,4433,0.0360936711,945.4003171849,56.7706572011
54.8077386000,4434,0.0360936711,945.4003171849,56.7706572011
54.8219227000,4435,0.0360936711,945.4003171849,56.7706572011
54.8350943000,4436,0.0360936711,945.4003171849,56.7706572011
54.8484535000,4437,0.0360932111,945.4003171849,56.7689436480
54.8618016000,4438,0.0360932111,945.4003171849,56.7689436480
54.8755633000,4439,0.0360932111,945.4003171849,56.7689436480
54.8896822000,4440,0.0360932111,945.4003171849,56.7689436480
54.9027822000,4441,0.0360932111,945.4003171849,56.7689436480
54.9166822000,4442,0.0360932111,945.4003171849,56.7689436480
54.9294828000,4443,0.0360932111,945.4003171849,56.7689436480
54.9418547000,4444,0.0360932111,945.4003171849,56.7689436480
54.9552654000,4445,0.0360916615,945.4003171849,56.7631703703
54.9694837000,4446,0.0360916615,945.4003171849,56.7631703703
54.9820474000,4447,0.0360916615,945.4003171849,56.7631703703
54.9943200000,4448,0.0360916615,945.4003171849,56.7631703703
55.0055892000,4449,0.0360916615,945.4003171849,56.7631703703
55.0181606000,4450,0.0360916615,945.4003171849,56.7631703703
55.0315004000,4451,0.0360884885,945.4003171849,56.7513488078
55.0442530000,4452,0.0360884885,945.4003171849,56.7513488078
55.0567362000,4453,0.0360884885,945.4003171849,56.7513488078
55.0691584000,4454,0.0360884885,945.4003171849,56.7513488078
55.0817522000,4455,0.0360884885,945.4003171849,56.7513488078
55.0946558000,4456,0.0360884885,945.4003171849,56.7513488078
55.1160853000,4457,0.0360884885,945.4003171849,56.7513488078
55.1296195000,4458,0.0360884885,945.4003171849,56.7513488078
55.1450487000,4459,0.0360882378,945.4003171849,56.7504149745
55.1600496000,4460,0.0360882378,945.4003171849,56.7504149745
55.1757500000,4461,0.0360882378,945.4003171849,56.7504149745
55.1925908000,4462,0.0360869357,945.4003171849,56.7455636761
55.2072305000,4463,0.0360869153,945.4003171849,56.7454876757
55.2214913000,4464,0.0360869153,945.4003171849,56.7454876757
55.2346242000,4465,0.0360869153,945.4003171849,56.7454876757
55.2450759000,4466,0.0360869153,945.4003171849,56.7454876757
55.2567165000,4467,0.0360860414,945.4003171849,56.7422317426
55.2691763000,4468,0.0360860414,945.4003171849,56.7422317426
55.2817043000,4469,0.0360860414,945.4003171849,56.7422317426
55.2947212000,4470,0.0360765214,945.4003171849,56.7067635800
55.3077791000,4471,0.0360765214,945.4003171849,56.7067635800
55.3193197000,4472,0.0360579537,945.4003171849,56.6375869848
55.3349289000,4473,0.0360579537,945.4003171849,56.6375869848
55.3478714000,4474,0.0360579537,945.4003171849,56.6375869848
55.3598225000,4475,0.0360579537,945.4003171849,56.6375869848
55.3719516000,4476,0.0360579537,945.4003171849,56.6375869848
55.3855342000,4477,0.0360579537,945.4003171849,56.6375869848
55.3972879000,4478,0.0360579537,945.4003171849,56.6375869848
55.4117013000,4479,0.0360579537,945.4003171849,56.6375869848
55.4244118000,4480,0.0360579537,945.4003171849,56.6375869848
55.4388367000,4481,0.0360579537,945.4003171849,56.6375869848
55.4527410000,4482,0.0360579537,945.4003171849,56.6375869848
55.4658580000,4483,0.0360569321,945.4003171849,56.6337809757
55.4822626000,4484,0.0360563209,945.4003171849,56.6315038741
55.4947451000,4485,0.0360563209,945.4003171849,56.6315038741
55.5094056000,4486,0.0360563209,945.4003171849,56.6315038741
55.5234730000,4487,0.0360563209,945.4003171849,56.6315038741
55.5410994000,4488,0.0360563209,945.4003171849,56.6315038741
55.5570772000,4489,0.0360563209,945.4003171849,56.6315038741
55.5734285000,4490,0.0360540567,945.4003171849,56.6230681993
55.5884691000,4491,0.0360540567,945.4003171849,56.6230681993
55.6019846000,4492,0.0360540567,945.4003171849,56.6230681993
55.6174542000,4493,0.0360536579,945.4003171849,56.6215824882
55.6342986000,4494,0.0360530467,945.4003171849,56.6193053867
55.6482899000,4495,0.0360517169,945.4003171849,56.6143508378
55.6601320000,4496,0.0360517169,945.4003171849,56.6143508378
55.6723705000,4497,0.0360517169,945.4003171849,56.6143508378
55.6862612000,4498,0.0360517169,945.4003171849,56.6143508378
55.6973900000,4499,0.0360517169,945.4003171849,56.6143508378
55.7090332000,4500,0.0360517169,945.4003171849,56.6143508378
55.7227703000,4501,0.0360517169,945.4003171849,56.6143508378
55.7358775000,4502,0.0360517169,945.4003171849,56.6143508378
55.7486477000,4503,0.0360517169,945.4003171849,56.6143508378
55.7608036000,4504,0.0360517169,945.4003171849,56.6143508378
55.7743005000,4505,0.0360517169,945.4003171849,56.6143508378
55.7865997000,4506,0.0360513245,945.4003171849,56.6128889355
55.7991522000,4507,0.0360511631,945.4003171849,56.6122877904
55.8109044000,4508,0.0360511631,945.4003171849,56.6122877904
55.8251194000,4509,0.0360511631,945.4003171849,56.6122877904
55.8391776000,4510,0.0360511631,945.4003171849,56.6122877904
55.8528060000,4511,0.0360511631,945.4003171849,56.6122877904
55.8659995000,4512,0.0360511631,945.4003171849,56.6122877904
55.8802645000,4513,0.0360511631,945.4003171849,56.6122877904
55.8967960000,4514,0.0360509799,945.4003171849,56.6116050931
55.9114435000,4515,0.0360509799,945.4003171849,56.6116050931
55.9276756000,4516,0.0360509799,945.4003171849,56.6116050931
55.9427120000,4517,0.0360498285,945.4003171849,56.6073153454
55.9597227000,4518,0.0360498285,945.4003171849,56.6073153454
55.9759795000,4519,0.0360498285,945.4003171849,56.6073153454
55.9917750000,4520,0.0360407819,945.4003171849,56.5736110316
56.0063473000,4521,0.0360407819,945.4003171849,56.5736110316
56.0232618000,4522,0.0360407819,945.4003171849,56.5736110316
56.0358428000,4523,0.0360407819,945.4003171849,56.5736110316
56.0524861000,4524,0.0360407819,945.4003171849,56.5736110316
56.0682883000,4525,0.0360407819,945.4003171849,56.5736110316
56.0829037000,4526,0.0360407819,945.4003171849,56.5736110316
56.0967968000,4527,0.0360407819,945.4003171849,56.5736110316
56.1119110000,4528,0.0360407819,945.4003171849,56.5736110316
56.1276299000,4529,0.0360035878,945.4003171849,56.4350391787
56.1407965000,4530,0.0360035878,945.4003171849,56.4350391787
56.1546960000,4531,0.0360035878,945.4003171849,56.4350391787
56.1681872000,4532,0.0360035878,945.4003171849,56.4350391787
56.1809858000,4533,0.0359973721,945.4003171849,56.4118816609
56.1946270000,4534,0.0359973721,945.4003171849,56.4118816609
56.2080220000,4535,0.0359973721,945.4003171849,56.4118816609
56.2220176000,4536,0.0359973721,945.4003171849,56.4118816609
56.2365427000,4537,0.0359973721,945.4003171849,56.4118816609
56.2508806000,4538,0.0359973721,945.4003171849,56.4118816609
56.2633762000,4539,0.0359973721,945.4003171849,56.4118816609
56.2777922000,4540,0.0359973721,945.4003171849,56.4118816609
56.2943858000,4541,0.0359968837,945.4003171849,56.4100619014
56.3072039000,4542,0.0359968837,945.4003171849,56.4100619014
56.3207607000,4543,0.0359968837,945.4003171849,56.4100619014
56.3350836000,4544,0.0359968837,945.4003171849,56.4100619014
56.3485426000,4545,0.0359968837,945.4003171849,56.4100619014
56.3618729000,4546,0.0359968837,945.4003171849,56.4100619014
56.3797615000,4547,0.0359942173,945.4003171849,56.4001279611
56.3923045000,4548,0.0359942173,945.4003171849,56.4001279611
56.4090370000,4549,0.0359942173,945.4003171849,56.4001279611
56.4244083000,4550,0.0359942173,945.4003171849,56.4001279611
56.4427153000,4551,0.0359942173,945.4003171849,56.4001279611
56.4592402000,4552,0.0359942173,945.4003171849,56.4001279611
56.4745505000,4553,0.0359942173,945.4003171849,56.4001279611
56.4912283000,4554,0.0359942173,945.4003171849,56.4001279611
56.5071681000,4555,0.0359942173,945.4003171849,56.4001279611
56.5257432000,4556,0.0359942173,945.4003171849,56.4001279611
56.5392631000,4557,0.0359942173,945.4003171849,56.4001279611
56.5517382000,4558,0.0359912856,945.4003171849,56.3892054027
56.5669568000,4559,0.0359912856,945.4003171849,56.3892054027
56.5802345000,4560,0.0359912856,945.4003171849,56.3892054027
56.5970212000,4561,0.0359912856,945.4003171849,56.3892054027
56.6129514000,4562,0.0359902885,945.4003171849,56.3854904775
56.6281534000,4563,0.0359902885,945.4003171849,56.3854904775
56.6431633000,4564,0.0359902885,945.4003171849,56.3854904775
56.6571400000,4565,0.0359902885,945.4003171849,56.3854904775
56.6700340000,4566,0.0359902885,945.4003171849,56.3854904775
56.6850563000,4567,0.0359902885,945.4003171849,56.3854904775
56.6994121000,4568,0.0359902885,945.4003171849,56.3854904775
56.7142155000,4569,0.0359902885,945.4003171849,56.3854904775
56.7252342000,4570,0.0359902885,945.4003171849,56.3854904775
56.7383306000,4571,0.0359893295,945.4003171849,56.3819176777
56.7499231000,4572,0.0359893295,945.4003171849,56.3819176777
56.7616541000,4573,0.0359893295,945.4003171849,56.3819176777
56.7711410000,4574,0.0359893295,945.4003171849,56.3819176777
56.7834051000,4575,0.0359893295,945.4003171849,56.3819176777
56.7959983000,4576,0.0359893295,945.4003171849,56.3819176777
56.8092952000,4577,0.0359893295,945.4003171849,56.3819176777
56.8204732000,4578,0.0359866696,945.4003171849,56.3720078347
56.8324425000,4579,0.0359866696,945.4003171849,56.3720078347
56.8450143000,4580,0.0359866696,945.4003171849,56.3720078347
56.8583035000,4581,0.0359866696,945.4003171849,56.3720078347
56.8724182000,4582,0.0359866696,945.4003171849,56.3720078347
56.8880892000,4583,0.0359866696,945.4003171849,56.3720078347
56.9024550000,4584,0.0359866696,945.4003171849,56.3720078347
56.9166689000,4585,0.0359866696,945.4003171849,56.3720078347
56.9311315000,4586,0.0359866696,945.4003171849,56.3720078347
56.9441293000,4587,0.0359866696,945.4003171849,56.3720078347
56.9543516000,4588,0.0359866696,945.4003171849,56.3720078347
56.9675043000,4589,0.0359866696,945.4003171849,56.3720078347
56.9812309000,4590,0.0359866696,945.4003171849,56.3720078347
56.9942151000,4591,0.0359866696,945.4003171849,56.3720078347
57.0095741000,4592,0.0359866696,945.4003171849,56.3720078347
57.0237906000,4593,0.0359799902,945.4003171849,56.3471227708
57.0372922000,4594,0.0359799902,945.4003171849,56.3471227708
57.0524504000,4595,0.0359799902,945.4003171849,56.3471227708
57.0646399000,4596,0.0359799902,945.4003171849,56.3471227708
57.0778601000,4597,0.0359774695,945.3818528957,56.3392491898
57.0912528000,4598,0.0359774695,945.3818528957,56.3392491898
57.1015730000,4599,0.0359774695,945.3818528957,56.3392491898
57.1126535000,4600,0.0359774695,945.3818528957,56.3392491898
57.1233235000,4601,0.0359774695,945.3818528957,56.3392491898
57.1345350000,4602,0.0359774695,945.3818528957,56.3392491898
57.1465738000,4603,0.0359774695,945.3818528957,56.3392491898
57.1607456000,4604,0.0359774695,945.3818528957,56.3392491898
57.1748974000,4605,0.0359774695,945.3818528957,56.3392491898
57.1873997000,4606,0.0359774695,945.3818528957,56.3392491898
57.2008262000,4607,0.0359774695,945.3818528957,56.3392491898
57.2135728000,4608,0.0359770693,945.3818528957,56.3377582439
57.2240570000,4609,0.0359770693,945.3818528957,56.3377582439
57.2362860000,4610,0.0359770693,945.3818528957,56.3377582439
57.2487922000,4611,0.0359756553,945.4003171849,56.3309723572
57.2619954000,4612,0.0359756553,945.4003171849,56.3309723572
57.2729767000,4613,0.0359756553,945.4003171849,56.3309723572
57.2852533000,4614,0.0359756553,945.4003171849,56.3309723572
57.2964238000,4615,0.0359756553,945.4003171849,56.3309723572
57.3088389000,4616,0.0359756553,945.4003171849,56.3309723572
57.3220406000,4617,0.0359756553,945.4003171849,56.3309723572
57.3343821000,4618,0.0359756553,945.4003171849,56.3309723572
57.3480174000,4619,0.0359756553,945.4003171849,56.3309723572
57.3619054000,4620,0.0359756553,945.4003171849,56.3309723572
57.3738528000,4621,0.0359756553,945.4003171849,56.3309723572
57.3866366000,4622,0.0359756553,945.4003171849,56.3309723572
57.3985941000,4623,0.0359756553,945.4003171849,56.3309723572
57.4110187000,4624,0.0359756553,945.4003171849,56.3309723572
57.4219557000,4625,0.0359756553,945.4003171849,56.3309723572
57.4325838000,4626,0.0359756553,945.4003171849,56.3309723572
57.4465466000,4627,0.0359756553,945.4003171849,56.3309723572
57.4601920000,4628,0.0359756553,945.4003171849,56.3309723572
57.4746284000,4629,0.0359756553,945.4003171849,56.3309723572
57.4869803000,4630,0.0359756553,945.4003171849,56.3309723572
57.5005232000,4631,0.0359756553,945.4003171849,56.3309723572
57.5141813000,4632,0.0359745385,945.4003171849,56.3268117738
57.5286696000,4633,0.0359745385,945.4003171849,56.3268117738
57.5447470000,4634,0.0359745385,945.4003171849,56.3268117738
57.5610389000,4635,0.0359745385,945.4003171849,56.3268117738
57.5770099000,4636,0.0359745385,945.4003171849,56.3268117738
57.5893222000,4637,0.0359745385,945.4003171849,56.3268117738
57.6015782000,4638,0.0359745385,945.4003171849,56.3268117738
57.6124944000,4639,0.0359745385,945.4003171849,56.3268117738
57.6276180000,4640,0.0359745385,945.4003171849,56.3268117738
57.6408899000,4641,0.0359745385,945.4003171849,56.3268117738
57.6547982000,4642,0.0359745385,945.4003171849,56.3268117738
57.6689974000,4643,0.0359745385,945.4003171849,56.3268117738
57.6836910000,4644,0.0359745385,945.4003171849,56.3268117738
57.6963982000,4645,0.0359745385,945.4003171849,56.3268117738
57.7069018000,4646,0.0359745385,945.4003171849,56.3268117738
57.7217274000,4647,0.0359739898,945.4003171849,56.3247672962
57.7369045000,4648,0.0359739898,945.4003171849,56.3247672962
57.7488340000,4649,0.0359714221,945.4003171849,56.3152012380
57.7614090000,4650,0.0359714221,945.4003171849,56.3152012380
57.7764401000,4651,0.0359714221,945.4003171849,56.3152012380
57.7923337000,4652,0.0359714221,945.4003171849,56.3152012380
57.8061792000,4653,0.0359714221,945.4003171849,56.3152012380
57.8207751000,4654,0.0359714221,945.4003171849,56.3152012380
57.8357111000,4655,0.0359714221,945.4003171849,56.3152012380
57.8495959000,4656,0.0359687325,945.4003171849,56.3051804681
57.8639738000,4657,0.0359687325,945.4003171849,56.3051804681
57.8795354000,4658,0.0359687325,945.4003171849,56.3051804681
57.8921652000,4659,0.0359687325,945.4003171849,56.3051804681
57.9061709000,4660,0.0359660318,945.4003171849,56.2951186759
57.9186350000,4661,0.0359660318,945.4003171849,56.2951186759
57.9321930000,4662,0.0359660318,945.4003171849,56.2951186759
57.9467006000,4663,0.0359660318,945.4003171849,56.2951186759
57.9599231000,4664,0.0359660318,945.4003171849,56.2951186759
57.9746142000,4665,0.0359660318,945.4003171849,56.2951186759
57.9910068000,4666,0.0359660318,945.4003171849,56.2951186759
58.0049727000,4667,0.0359660318,945.4003171849,56.2951186759
58.0189450000,4668,0.0359660318,945.4003171849,56.2951186759
58.0311582000,4669,0.0359660318,945.4003171849,56.2951186759
58.0448677000,4670,0.0359660318,945.4003171849,56.2951186759
58.0583742000,4671,0.0359660318,945.4003171849,56.2951186759
58.0723115000,4672,0.0359660318,945.4003171849,56.2951186759
58.0876522000,4673,0.0359660318,945.4003171849,56.2951186759
58.1034874000,4674,0.0359657460,945.4003171849,56.2940537921
58.1186491000,4675,0.0359657460,945.4003171849,56.2940537921
58.1347490000,4676,0.0359657460,945.4003171849,56.2940537921
58.1488546000,4677,0.0359653428,945.3229420299,56.2989110204
58.1611839000,4678,0.0359653428,945.3229420299,56.2989110204
58.1746611000,4679,0.0359653428,945.3229420299,56.2989110204
58.1896921000,4680,0.0359653428,945.3229420299,56.2989110204
58.2070142000,4681,0.0359653428,945.3229420299,56.2989110204
58.2204585000,4682,0.0359653428,945.3229420299,56.2989110204
58.2340634000,4683,0.0359653428,945.3229420299,56.2989110204
58.2474352000,4684,0.0359469112,945.4003171849,56.2238823365
58.2598173000,4685,0.0359469112,945.4003171849,56.2238823365
58.2713435000,4686,0.0359181924,945.4003171849,56.1168860189
58.2829361000,4687,0.0359181924,945.4003171849,56.1168860189
58.2972486000,4688,0.0359181924,945.4003171849,56.1168860189
58.3134481000,4689,0.0359181924,945.4003171849,56.1168860189
58.3291602000,4690,0.0359177452,945.4003171849,56.1152199900
58.3429557000,4691,0.0359177452,945.4003171849,56.1152199900
58.3562724000,4692,0.0359177452,945.4003171849,56.1152199900
58.3708825000,4693,0.0359177452,945.4003171849,56.1152199900
58.3869923000,4694,0.0359177452,945.4003171849,56.1152199900
58.4019756000,4695,0.0359177452,945.4003171849,56.1152199900
58.4158026000,4696,0.0359177452,945.4003171849,56.1152199900
58.4282001000,4697,0.0359177452,945.4003171849,56.1152199900
58.4434885000,4698,0.0359160568,945.4003171849,56.1089296046
58.4561612000,4699,0.0359160568,945.4003171849,56.1089296046
58.4707795000,4700,0.0359160568,945.4003171849,56.1089296046
58.4852875000,4701,0.0359160568,945.4003171849,56.1089296046
58.5001099000,4702,0.0359160568,945.4003171849,56.1089296046
58.5110491000,4703,0.0359160568,945.4003171849,56.1089296046
58.5212356000,4704,0.0359160568,945.4003171849,56.1089296046
58.5369579000,4705,0.0359160568,945.4003171849,56.1089296046
58.5516797000,4706,0.0359134751,945.4003171849,56.0993111079
58.5669634000,4707,0.0359134751,945.4003171849,56.0993111079
58.5779497000,4708,0.0359134751,945.4003171849,56.0993111079
58.5907806000,4709,0.0359134751,945.4003171849,56.0993111079
58.6037479000,4710,0.0359118934,945.4003171849,56.0934184103
58.6200846000,4711,0.0359118934,945.4003171849,56.0934184103
58.6372080000,4712,0.0359118934,945.4003171849,56.0934184103
58.6536625000,4713,0.0359118934,945.4003171849,56.0934184103
58.6708089000,4714,0.0359118934,945.4003171849,56.0934184103
58.6846847000,4715,0.0359118934,945.4003171849,56.0934184103
58.6999666000,4716,0.0359118934,945.4003171849,56.0934184103
58.7172508000,4717,0.0359118934,945.4003171849,56.0934184103
58.7314954000,4718,0.0359092901,945.4003171849,56.0837195203
58.7454257000,4719,0.0359092901,945.4003171849,56.0837195203
58.7580247000,4720,0.0359092901,945.4003171849,56.0837195203
58.7697868000,4721,0.0359092901,945.4003171849,56.0837195203
58.7816361000,4722,0.0359092901,945.4003171849,56.0837195203
58.7960892000,4723,0.0359092778,945.4003171849,56.0836733696
58.8075953000,4724,0.0359092778,945.4003171849,56.0836733696
58.8206590000,4725,0.0359092778,945.4003171849,56.0836733696
58.8340848000,4726,0.0359092778,945.4003171849,56.0836733696
58.8454382000,4727,0.0359092778,945.4003171849,56.0836733696
58.8575339000,4728,0.0359092778,945.4003171849,56.0836733696
58.8738337000,4729,0.0359092778,945.4003171849,56.0836733696
58.8873960000,4730,0.0359089044,945.4003171849,56.0822825236
58.8998765000,4731,0.0359089044,945.4003171849,56.0822825236
58.9124966000,4732,0.0359089044,945.4003171849,56.0822825236
58.9264870000,4733,0.0359089044,945.4003171849,56.0822825236
58.9398831000,4734,0.0359089044,945.4003171849,56.0822825236
58.9524913000,4735,0.0359088920,945.4003171849,56.0822363729
58.9650510000,4736,0.0359088920,945.4003171849,56.0822363729
58.9770826000,4737,0.0359088920,945.4003171849,56.0822363729
58.9900206000,4738,0.0359088920,945.4003171849,56.0822363729
59.0058926000,4739,0.0359088920,945.4003171849,56.0822363729
59.0174969000,4740,0.0359088920,945.4003171849,56.0822363729
59.0323173000,4741,0.0359088920,945.4003171849,56.0822363729
59.0459184000,4742,0.0359088920,945.4003171849,56.0822363729
59.0612372000,4743,0.0359088920,945.4003171849,56.0822363729
59.0743576000,4744,0.0359088920,945.4003171849,56.0822363729
59.0869474000,4745,0.0359088920,945.4003171849,56.0822363729
59.1036466000,4746,0.0359088920,945.4003171849,56.0822363729
59.1184841000,4747,0.0359088920,945.4003171849,56.0822363729
59.1347597000,4748,0.0359088920,945.4003171849,56.0822363729
59.1523524000,4749,0.0359088920,945.4003171849,56.0822363729
59.1670426000,4750,0.0359088920,945.4003171849,56.0822363729
59.1797297000,4751,0.0359088920,945.4003171849,56.0822363729
59.1922308000,4752,0.0359088920,945.4003171849,56.0822363729
59.2065365000,4753,0.0359088920,945.4003171849,56.0822363729
59.2220049000,4754,0.0359088920,945.4003171849,56.0822363729
59.2356276000,4755,0.0359088920,945.4003171849,56.0822363729
59.2497122000,4756,0.0359088920,945.4003171849,56.0822363729
59.2648610000,4757,0.0359088920,945.4003171849,56.0822363729
59.2756810000,4758,0.0359088920,945.4003171849,56.0822363729
59.2883975000,4759,0.0359088920,945.4003171849,56.0822363729
59.3009293000,4760,0.0359088920,945.4003171849,56.0822363729
59.3155924000,4761,0.0359088920,945.4003171849,56.0822363729
59.3285114000,4762,0.0359088920,945.4003171849,56.0822363729
59.3445557000,4763,0.0359088920,945.4003171849,56.0822363729
59.3580916000,4764,0.0359088920,945.4003171849,56.0822363729
59.3714905000,4765,0.0359088878,945.4003171849,56.0822206833
59.3845677000,4766,0.0359088878,945.4003171849,56.0822206833
59.3973598000,4767,0.0359088878,945.4003171849,56.0822206833
59.4114350000,4768,0.0359088878,945.4003171849,56.0822206833
59.4243028000,4769,0.0359088878,945.4003171849,56.0822206833
59.4373452000,4770,0.0359088878,945.4003171849,56.0822206833
59.4543003000,4771,0.0359088878,945.4003171849,56.0822206833
59.4683592000,4772,0.0359088878,945.4003171849,56.0822206833
59.4805582000,4773,0.0359088878,945.4003171849,56.0822206833
59.4940697000,4774,0.0359088878,945.4003171849,56.0822206833
59.5059536000,4775,0.0359088878,945.4003171849,56.0822206833
59.5217116000,4776,0.0359088878,945.4003171849,56.0822206833
59.5367711000,4777,0.0359088878,945.4003171849,56.0822206833
59.5486906000,4778,0.0358997402,945.4003171849,56.0481399340
59.5653275000,4779,0.0358997402,945.4003171849,56.0481399340
59.5830622000,4780,0.0358997402,945.4003171849,56.0481399340
59.5966204000,4781,0.0358997402,945.4003171849,56.0481399340
59.6137295000,4782,0.0358997402,945.4003171849,56.0481399340
59.6268222000,4783,0.0358997402,945.4003171849,56.0481399340
59.6441742000,4784,0.0358997402,945.4003171849,56.0481399340
59.6582458000,4785,0.0358997402,945.4003171849,56.0481399340
59.6725209000,4786,0.0358997402,945.4003171849,56.0481399340
59.6856759000,4787,0.0358995327,945.4003171849,56.0473669252
59.6997652000,4788,0.0358995327,945.4003171849,56.0473669252
59.7151277000,4789,0.0358995327,945.4003171849,56.0473669252
59.7313897000,4790,0.0358995327,945.4003171849,56.0473669252
59.7451936000,4791,0.0358995327,945.4003171849,56.0473669252
59.7594171000,4792,0.0358995327,945.4003171849,56.0473669252
59.7747650000,4793,0.0358995327,945.4003171849,56.0473669252
59.7898967000,4794,0.0358995327,945.4003171849,56.0473669252
59.8055439000,4795,0.0358995327,945.4003171849,56.0473669252
59.8225292000,4796,0.0358995327,945.4003171849,56.0473669252
59.8365321000,4797,0.0358995327,945.4003171849,56.0473669252
59.8507135000,4798,0.0358919689,945.4003171849,56.0191867091
59.8665900000,4799,0.0358919689,945.4003171849,56.0191867091
59.8813109000,4800,0.0358919689,945.4003171849,56.0191867091
59.8973516000,4801,0.0358919689,945.4003171849,56.0191867091
59.9120768000,4802,0.0358919689,945.4003171849,56.0191867091
59.9273650000,4803,0.0358919689,945.4003171849,56.0191867091
59.9381803000,4804,0.0358919689,945.4003171849,56.0191867091
59.9511891000,4805,0.0358919689,945.4003171849,56.0191867091
59.9627100000,4806,0.0358919689,945.4003171849,56.0191867091
59.9780811000,4807,0.0358919689,945.4003171849,56.0191867091
59.9914078000,4808,0.0358919689,945.4003171849,56.0191867091
60.0080392000,4809,0.0358919689,945.4003171849,56.0191867091
