0.0942582365
0.0908404663
0.0877657476
0.0867666719
0.0867666719
0.0849451619
0.0828309794
0.0828309794
0.0828309794
0.0828309794
0.0828309794
0.0828274464
0.0828274464
0.0828271544
0.0828257734
0.0828205591
0.0827200500
0.0819399590
0.0819399590
0.0817996390
0.0817924558
0.0817403817
0.0810138841
0.0810138841
0.0810138841
0.0810138841
0.0810138583
0.0810126693
0.0806365307
0.0805520492
0.0805520492
0.0804137404
0.0804137404
0.0803863201
0.0803839969
0.0803791782
0.0801179525
0.0801179525
0.0801179525
0.0798626251
0.0798063152
0.0797162503
0.0797162503
0.0797162503
0.0789179053
0.0782779178
0.0781612501
0.0781612501
0.0781504228
0.0780774161
0.0780262851
0.0780226041
0.0769137497
0.0769137497
0.0767884271
0.0766873086
0.0766864278
0.0765768004
0.0765607605
0.0765603937
0.0762231219
0.0760563285
0.0755326949
0.0751685191
0.0751150984
0.0751011273
0.0751011273
0.0750521591
0.0747177710
0.0746610517
0.0740229987
0.0740001411
0.0734818151
0.0734818151
0.0734458270
0.0732948192
0.0730997478
0.0730224362
0.0725138691
0.0725138691
0.0724680996
0.0724096185
0.0723958788
0.0722555159
0.0721006359
0.0720392680
0.0720065445
0.0718401620
0.0716644072
0.0715984094
0.0714685066
0.0714215555
0.0714215555
0.0712392856
0.0712392856
0.0710591559
0.0710001856
0.0709830524
0.0709716026
0.0708537811
0.0708248697
0.0707237615
0.0707017555
0.0706949178
0.0706270945
0.0705230846
0.0702666401
0.0702666401
0.0699118206
0.0696971037
0.0694708958
0.0694668736
0.0694316538
0.0694048768
0.0692631036
0.0691903851
0.0691260398
0.0690453398
0.0690328021
0.0690328021
0.0689686978
0.0689418679
0.0687407502
0.0686543859
0.0685326183
0.0685299221
0.0684841211
0.0680278719
0.0678249772
0.0678071371
0.0677929615
0.0677540256
0.0677531507
0.0677326238
0.0677246391
0.0676751502
0.0675606435
0.0673430828
0.0673281703
0.0673210344
0.0673026287
0.0671866055
0.0669840164
0.0669840164
0.0669433815
0.0668523477
0.0667778752
0.0667123865
0.0657316850
0.0657316850
0.0656980728
0.0655756380
0.0655003838
0.0655003838
0.0654562106
0.0652967976
0.0652967976
0.0652416224
0.0651468479
0.0649604213
0.0649029264
0.0645046150
0.0644800993
0.0644419882
0.0643262249
0.0643060516
0.0643014010
0.0642756897
0.0642586191
0.0642586191
0.0642586191
0.0642200394
0.0640407209
0.0640252491
0.0640033596
0.0639757437
0.0639273399
0.0639273399
0.0639019762
0.0638547398
0.0638337332
0.0638337332
0.0637236978
0.0636782611
0.0636627604
0.0636313952
0.0635652519
0.0635634057
0.0635389761
0.0633745655
0.0632623008
0.0632570253
0.0632186596
0.0631743508
0.0631707375
0.0631439620
0.0630769907
0.0630769907
0.0629419701
0.0629397764
0.0629345606
0.0629272392
0.0629042646
0.0628152719
0.0628152719
0.0627389104
0.0626983475
0.0626229176
0.0625868169
0.0625702715
0.0625595576
0.0625595576
0.0625579887
0.0624211650
0.0623625514
0.0622970700
0.0622492913
0.0622492913
0.0621954668
0.0621588089
0.0621410011
0.0621140245
0.0620989450
0.0620954885
0.0620440690
0.0620370617
0.0620370617
0.0614793617
0.0614793617
0.0614624790
0.0613503992
0.0612456184
0.0612434724
0.0612113338
0.0611975315
0.0611950542
0.0611121444
0.0611000892
0.0610456732
0.0610355473
0.0609550363
0.0609550363
0.0609296552
0.0608794804
0.0607674025
0.0605789934
0.0605414390
0.0605233335
0.0604636333
0.0604636333
0.0604269222
0.0604087613
0.0601941164
0.0601924206
0.0599193855
0.0599193855
0.0598400746
0.0598214080
0.0597882607
0.0597882607
0.0597442728
0.0597265389
0.0596682160
0.0596222963
0.0596045624
0.0596045304
0.0595073143
0.0595016419
0.0594957288
0.0594039995
0.0593900789
0.0593292266
0.0592794832
0.0592306134
0.0592299942
0.0592204193
0.0592063630
0.0591419013
0.0589841368
0.0587611096
0.0587526421
0.0587240940
0.0586987348
0.0586975866
0.0586841786
0.0585703883
0.0583061423
0.0582946534
0.0582466415
0.0582272574
0.0581792967
0.0581633767
0.0581573433
0.0581508753
0.0581272385
0.0581013285
0.0580977819
0.0580839758
0.0580432317
0.0580011115
0.0579084482
0.0578946575
0.0578423345
0.0578289208
0.0578067032
0.0577878152
0.0577878152
0.0577760791
0.0577752562
0.0577448367
0.0577123711
0.0576937384
0.0576937384
0.0576820779
0.0576698326
0.0576609589
0.0576410696
0.0576059669
0.0576011405
0.0575948206
0.0575926750
0.0575752348
0.0575552958
0.0575552958
0.0575552958
0.0575552958
0.0575284414
0.0575144714
0.0575027155
0.0574868475
0.0574674854
0.0572320228
0.0572129082
0.0571990737
0.0571839335
0.0571646143
0.0571627947
0.0570832902
0.0570832902
0.0570805954
0.0570788749
0.0570724162
0.0570230265
0.0569619186
0.0569514184
0.0569357069
0.0569159298
0.0569139159
0.0569134349
0.0569134349
0.0569121105
0.0569055335
0.0568654353
0.0568558033
0.0568558033
0.0568363369
0.0567845233
0.0567378341
0.0567377441
0.0567231105
0.0567143787
0.0567083353
0.0566532705
0.0566437428
0.0566154974
0.0565674381
0.0565601937
0.0565284501
0.0565144883
0.0564558569
0.0564558569
0.0561583955
0.0561412801
0.0561412801
0.0561039916
0.0559315073
0.0558954754
0.0558954754
0.0558799659
0.0558752866
0.0558227385
0.0557996645
0.0557862333
0.0557245175
0.0557245175
0.0557053136
0.0556649500
0.0556182935
0.0556138947
0.0555969376
0.0555969376
0.0555936780
0.0555644536
0.0555385304
0.0554442532
0.0554442532
0.0554399212
0.0554154564
0.0554154564
0.0554145613
0.0553920457
0.0553288071
0.0553136906
0.0552681735
0.0552535824
0.0552502155
0.0552222600
0.0551910090
0.0551043890
0.0550968404
0.0550769545
0.0550735876
0.0550490694
0.0550445452
0.0550429271
0.0550363010
0.0550140414
0.0549869999
0.0549793025
0.0549777494
0.0549216488
0.0549161513
0.0548909197
0.0548688572
0.0548451786
0.0548350179
0.0548004987
0.0547910189
0.0547859924
0.0547793051
0.0547732389
0.0547431227
0.0547254324
0.0547254324
0.0546787146
0.0546787146
0.0546721627
0.0546565849
0.0546565849
0.0546565734
0.0546187363
0.0546187363
0.0546186450
0.0546179261
0.0545736461
0.0545736461
0.0545579935
0.0545156367
0.0545156367
0.0544364053
0.0544342227
0.0544296193
0.0544243943
0.0543666863
0.0543578159
0.0543234559
0.0542738096
0.0542651472
0.0542528908
0.0542528908
0.0542472288
0.0542472288
0.0542257919
0.0542005059
0.0541732677
0.0541605757
0.0541586708
0.0541580341
0.0540954316
0.0540831079
0.0540617417
0.0540412433
0.0540283910
0.0540283910
0.0540276080
0.0540145772
0.0540023810
0.0539877975
0.0539848097
0.0539512488
0.0539512488
0.0539406637
0.0539044090
0.0539032053
0.0538974153
0.0538890565
0.0538852829
0.0538544661
0.0538273966
0.0538021405
0.0538021405
0.0538021405
0.0537900197
0.0537438965
0.0537206344
0.0537075851
0.0537054641
0.0537054641
0.0537054641
0.0536871365
0.0536871365
0.0536863502
0.0536692964
0.0536597908
0.0536582390
0.0536339063
0.0535795880
0.0535795529
0.0535777148
0.0535724376
0.0535720697
0.0535620395
0.0534991561
0.0534991561
0.0534402519
0.0534393464
0.0534108999
0.0534099379
0.0534099379
0.0534097715
0.0533700164
0.0533643770
0.0533479332
0.0533319515
0.0533184709
0.0533092396
0.0532791675
0.0532176426
0.0532140506
0.0532064006
0.0532064006
0.0532064006
0.0531983984
0.0531953777
0.0531949534
0.0531949534
0.0531812370
0.0531491300
0.0531483869
0.0531443572
0.0531443572
0.0531359776
0.0531166035
0.0530999283
0.0530137694
0.0530128638
0.0529804706
0.0529795423
0.0529741496
0.0529741496
0.0529105965
0.0529026896
0.0529026896
0.0529026896
0.0528895324
0.0528679677
0.0528679677
0.0528629010
0.0528397719
0.0528397719
0.0528355524
0.0528343438
0.0528273147
0.0528032742
0.0527737613
0.0527483833
0.0527441043
0.0527364129
0.0527364129
0.0527225673
0.0526941068
0.0526734058
0.0526136349
0.0526090532
0.0526090532
0.0526021977
0.0525970259
0.0525938130
0.0525322841
0.0525298545
0.0525270481
0.0525257305
0.0525249515
0.0524248571
0.0524199540
0.0524199540
0.0524197484
0.0524172089
0.0523651611
0.0523571831
0.0523479476
0.0523393799
0.0523018286
0.0522913188
0.0522901642
0.0522901642
0.0522789372
0.0522789372
0.0522789372
0.0522642802
0.0522642802
0.0522576596
0.0522517968
0.0522508119
0.0522508119
0.0522508119
0.0522431607
0.0522429457
0.0522143852
0.0522126664
0.0522095237
0.0522091305
0.0522091305
0.0522091305
0.0522074147
0.0521882086
0.0521740486
0.0521542133
0.0521285838
0.0521285838
0.0521120642
0.0520935986
0.0520935986
0.0520857086
0.0520770790
0.0520515224
0.0520359597
0.0520339060
0.0520339060
0.0519866515
0.0519839202
0.0519621990
0.0519502001
0.0519003504
0.0519003504
0.0518972978
0.0518972978
0.0518972978
0.0518941602
0.0518326384
0.0518313644
0.0518301979
0.0518147532
0.0518147532
0.0518147532
0.0517873561
0.0517745393
0.0517666164
0.0517589989
0.0517545410
0.0517545410
0.0517496826
0.0517400739
0.0517191375
0.0517179184
0.0517142792
0.0517082230
0.0516563446
0.0516563446
0.0516563446
0.0516491060
0.0516304142
0.0515548426
0.0515545386
0.0513687357
0.0513074450
0.0513002964
0.0512966162
0.0512966162
0.0512917958
0.0512917958
0.0512905636
0.0512783161
0.0511925112
0.0511924670
0.0511793934
0.0511748704
0.0511603376
0.0511537278
0.0511518716
0.0511490221
0.0511487611
0.0511398519
0.0510995964
0.0510966139
0.0510966139
0.0510777486
0.0510494431
0.0509628492
0.0509536340
0.0509500673
0.0509197913
0.0508987999
0.0508987999
0.0508935307
0.0508878086
0.0508821558
0.0508481412
0.0508446906
0.0508195919
0.0508187885
0.0507976162
0.0507960788
0.0507960788
0.0507954482
0.0507731688
0.0507568304
0.0507397284
0.0507102243
0.0507102243
0.0506833359
0.0506555827
0.0506431349
0.0506377667
0.0506330592
0.0506099458
0.0506094128
0.0505987422
0.0505981541
0.0505940463
0.0505832189
0.0505826860
0.0504956620
0.0504813919
0.0504675313
0.0504202552
0.0504196671
0.0504099977
0.0504095929
0.0504049526
0.0504049526
0.0503697213
0.0503543671
0.0503543671
0.0503390090
0.0503294054
0.0503024934
0.0503024934
0.0503024934
0.0502959513
0.0502905742
0.0502681816
0.0502636605
0.0502635458
0.0502260989
0.0502212733
0.0502072410
0.0502050434
0.0502030275
0.0502030275
0.0502030275
0.0501550300
0.0501530857
0.0501525238
0.0501432529
0.0501432529
0.0501307280
0.0501307280
0.0501267463
0.0501254705
0.0501193239
0.0501173441
0.0501173441
0.0500045550
0.0500018391
0.0499919033
0.0499893913
0.0499416642
0.0499416642
0.0499394533
0.0499373779
0.0499174175
0.0499096063
0.0499056148
0.0499025635
0.0499020229
0.0498487253
0.0498396886
0.0498384213
0.0497856109
0.0497425631
0.0497425631
0.0497363556
0.0497332517
0.0496998079
0.0496939146
0.0496809194
0.0496748291
0.0496742599
0.0496742599
0.0492645691
0.0492539701
0.0492428628
0.0492412307
0.0492185139
0.0492172465
0.0492112887
0.0492100213
0.0492100213
0.0492042334
0.0492021561
0.0491957931
0.0491957931
0.0491957931
0.0491862429
0.0491837223
0.0491837223
0.0491733132
0.0491691388
0.0491691388
0.0491691388
0.0491690104
0.0491493133
0.0491451389
0.0491451389
0.0491424740
0.0491409479
0.0491397566
0.0491347817
0.0491327536
0.0491311632
0.0491031760
0.0491000209
0.0490689327
0.0490678056
0.0490586211
0.0490352121
0.0490316528
0.0490316528
0.0490133642
0.0490133642
0.0490128069
0.0490128069
0.0490094398
0.0489782245
0.0489782245
0.0489770215
0.0489684875
0.0489513659
0.0489452292
0.0489452292
0.0489452292
0.0489440261
0.0489423943
0.0489411913
0.0489392900
0.0489381959
0.0488911999
0.0488880864
0.0488817774
0.0488677904
0.0488666962
0.0488666962
0.0488508318
0.0488466430
0.0488451295
0.0488186382
0.0488135355
0.0488101207
0.0488101207
0.0487895500
0.0487746012
0.0487741300
0.0487738412
0.0487732325
0.0487731637
0.0487731637
0.0487682372
0.0487581741
0.0487553275
0.0487473110
0.0487473110
0.0487472422
0.0487457789
0.0487439467
0.0487431296
0.0487363386
0.0487360312
0.0487244119
0.0487161582
0.0487043922
0.0486929187
0.0486898987
0.0486890923
0.0486844386
0.0486844386
0.0486810307
0.0486776547
0.0486776547
0.0486745977
0.0486712216
0.0486712216
0.0486712216
0.0486645340
0.0486640926
0.0486631824
0.0486627293
0.0486627293
0.0486588562
0.0486570515
0.0486518133
0.0486504500
0.0486254307
0.0486213804
0.0486185520
0.0486185520
0.0486074076
0.0486042317
0.0486012650
0.0486010199
0.0485973363
0.0485897156
0.0485897156
0.0485887338
0.0484879929
0.0484879929
0.0484861717
0.0484798462
0.0484740741
0.0484676916
0.0484676916
0.0484668251
0.0484655710
0.0484586660
0.0484527952
0.0484475979
0.0484259035
0.0478134537
0.0478067814
0.0477833819
0.0477820480
0.0477798320
0.0477760230
0.0477750726
0.0477640099
0.0477631348
0.0477593903
0.0477127698
0.0477079895
0.0477063383
0.0477057750
0.0477047786
0.0477047786
0.0477030572
0.0476950100
0.0476950100
0.0476950100
0.0476860670
0.0476860670
0.0476610636
0.0476605229
0.0476460323
0.0476425955
0.0476412615
0.0475811265
0.0475747563
0.0475724042
0.0475591098
0.0475539205
0.0475520219
0.0475520219
0.0475507748
0.0475458586
0.0475458586
0.0475456329
0.0475371338
0.0475364047
0.0475263988
0.0475256697
0.0475192205
0.0475192205
0.0475179039
0.0475025956
0.0475025956
0.0474990678
0.0474904119
0.0474904119
0.0474765336
0.0474743282
0.0474385826
0.0474353600
0.0474340933
0.0474331546
0.0474321931
0.0474308489
0.0474303413
0.0474192427
0.0474165920
0.0474165920
0.0474133661
0.0474133661
0.0474090350
0.0474081461
0.0474081461
0.0474070403
0.0474015124
0.0473895358
0.0473832987
0.0473760958
0.0473760958
0.0473713418
0.0473562895
0.0473562895
0.0473520009
0.0473452713
0.0473305919
0.0473271333
0.0473160636
0.0467920223
0.0467920223
0.0467866891
0.0467744289
0.0467615859
0.0465469062
0.0465173781
0.0465150023
0.0465115437
0.0463347590
0.0463347590
0.0463289246
0.0463265769
0.0463202748
0.0463202748
0.0463193909
0.0463167924
0.0463049038
0.0463040200
0.0462842522
0.0462832616
0.0462314199
0.0461473778
0.0461244489
0.0461244489
0.0461203557
0.0461136963
0.0460939458
0.0460678521
0.0460441972
0.0460441972
0.0460063264
0.0460046466
0.0460043071
0.0460034403
0.0460034403
0.0459977533
0.0459932973
0.0459929986
0.0459914365
0.0459914365
0.0459846147
0.0459765848
0.0459734862
0.0459734862
0.0459734862
0.0459717088
0.0459702343
0.0459427334
0.0459412484
0.0459412484
0.0458588150
0.0458546459
0.0458546459
0.0458546459
0.0458546459
0.0458545610
0.0458529857
0.0458502728
0.0458502728
0.0458451384
0.0458396420
0.0458396420
0.0458391090
0.0458391090
0.0457458766
0.0457328039
0.0457328039
0.0457298986
0.0457290431
0.0457244681
0.0457226770
0.0457193576
0.0457159269
0.0457121661
0.0456935071
0.0456935071
0.0456929083
0.0456868944
0.0456844980
0.0456844980
0.0456832667
0.0456726836
0.0456562715
0.0456562715
0.0456524762
0.0456495157
0.0456446930
0.0456387084
0.0456331759
0.0456000299
0.0455918279
0.0455871380
0.0455871380
0.0455827544
0.0455827544
0.0455747559
0.0455562283
0.0455562283
0.0455562283
0.0455524073
0.0455524073
0.0455515183
0.0455515183
0.0455505629
0.0455505629
0.0454822113
0.0454822113
0.0454813519
0.0454813519
0.0454775739
0.0454775739
0.0454775739
0.0454745248
0.0454745248
0.0454745248
0.0454725121
0.0454671333
0.0454671333
0.0454669390
0.0454669390
0.0454657467
0.0454657467
0.0454481473
0.0454407053
0.0454407053
0.0454395213
0.0454387009
0.0454357521
0.0454139791
0.0454139791
0.0454127646
0.0454002129
0.0453888131
0.0453774457
0.0453721790
0.0453715145
0.0453699247
0.0453661082
0.0453661082
0.0453586132
0.0453526677
0.0453510482
0.0452604937
0.0452582698
0.0452570529
0.0452570529
0.0452372207
0.0452264456
0.0452257140
0.0452257140
0.0452254424
0.0452171508
0.0452171116
0.0452093268
0.0452078557
0.0452078557
0.0452074797
0.0452061595
0.0452052685
0.0452025063
0.0452025063
0.0452020305
0.0451966476
0.0451958878
0.0451958878
0.0451952552
0.0451886527
0.0451886527
0.0451884959
0.0451847803
0.0451557898
0.0451029962
0.0450981202
0.0450965653
0.0450941498
0.0450925949
0.0450684222
0.0450603767
0.0450597181
0.0450597181
0.0450537395
0.0450498800
0.0450498800
0.0450498800
0.0450498800
0.0450498800
0.0450429059
0.0450429059
0.0450342758
0.0449776530
0.0449776530
0.0449700458
0.0449698973
0.0449698973
0.0449687401
0.0449687401
0.0449545572
0.0449543382
0.0449543382
0.0449364086
0.0449364086
0.0449360136
0.0449360136
0.0449360136
0.0449360136
0.0449360136
0.0449264199
0.0449262177
0.0449262177
0.0449258227
0.0449258227
0.0449109976
0.0449063166
0.0448894242
0.0448894242
0.0448843482
0.0448843482
0.0448843482
0.0448843482
0.0448820078
0.0448820078
0.0448743865
0.0448743865
0.0448743865
0.0448731095
0.0448685794
0.0448674644
0.0448563460
0.0448536231
0.0448536231
0.0448490276
0.0448479126
0.0448479126
0.0448479126
0.0448431036
0.0448418007
0.0448393501
0.0448393501
0.0448288756
0.0448283427
0.0448270397
0.0448269839
0.0448269839
0.0448265951
0.0448145648
0.0448145648
0.0448144230
0.0448144230
0.0448144230
0.0447993933
0.0447992515
0.0447992515
0.0447992515
0.0447985438
0.0447954578
0.0447928701
0.0447928701
0.0447913679
0.0447881331
0.0447860092
0.0447860092
0.0447860092
0.0447803938
0.0447803938
0.0447775540
0.0447775540
0.0447768418
0.0447768418
0.0447668821
0.0447643184
0.0447428620
0.0447428620
0.0447428620
0.0447117061
0.0446626244
0.0446618154
0.0446606574
0.0446606574
0.0446605920
0.0446605535
0.0446585709
0.0446370950
0.0446369737
0.0446359898
0.0446359898
0.0446346075
0.0446346075
0.0446340537
0.0446340537
0.0446303338
0.0446234066
0.0446233412
0.0446233412
0.0446233412
0.0446233412
0.0446223100
0.0446218937
0.0446067094
0.0446057046
0.0446037119
0.0445983459
0.0445963319
0.0445941172
0.0445878213
0.0445878213
0.0445873056
0.0445860154
0.0445807425
0.0445770850
0.0445569708
0.0445567942
0.0445560640
0.0445560640
0.0445496830
0.0445438393
0.0445438393
0.0445403339
0.0445395072
0.0445395072
0.0445153502
0.0445153502
0.0445153502
0.0445153502
0.0445142103
0.0445142103
0.0445142103
0.0445097557
0.0445066327
0.0445038322
0.0444590585
0.0444493919
0.0444473421
0.0444244335
0.0444244335
0.0444244335
0.0444176898
0.0444173340
0.0444032995
0.0444032995
0.0444032995
0.0444032995
0.0444026445
0.0443958897
0.0443886795
0.0443882537
0.0443839334
0.0443823004
0.0443756732
0.0443756732
0.0443752474
0.0443709719
0.0443705461
0.0443705461
0.0443642307
0.0443632252
0.0443621261
0.0443620765
0.0443613480
0.0443592624
0.0443587722
0.0443530746
0.0443526185
0.0443494776
0.0443492231
0.0443429216
0.0443415242
0.0443415242
0.0443414900
0.0443260384
0.0443125326
0.0442973874
0.0442973874
0.0442971482
0.0442971482
0.0442901316
0.0442870518
0.0442867237
0.0442867237
0.0442835756
0.0442835756
0.0442835006
0.0442835006
0.0442819497
0.0442816216
0.0442789567
0.0442789567
0.0442723929
0.0442720649
0.0442712214
0.0442326048
0.0442086985
0.0442083705
0.0442083705
0.0442071035
0.0442071035
0.0442071035
0.0442039173
0.0441999710
0.0441984191
0.0441984191
0.0441978324
0.0441955877
0.0441529539
0.0441529539
0.0441521334
0.0441488636
0.0441488636
0.0441219851
0.0441219851
0.0441219851
0.0441219851
0.0441219851
0.0441219851
0.0441219851
0.0441140262
0.0441140262
0.0441116642
0.0441101892
0.0441078272
0.0440853714
0.0440853714
0.0440853714
0.0440853714
0.0440816179
0.0440814806
0.0440809604
0.0440798029
0.0440798029
0.0440685742
0.0440685742
0.0440685742
0.0440685742
0.0440685742
0.0440497304
0.0440497304
0.0440497304
0.0440497304
0.0440475466
0.0439000235
0.0439000235
0.0438999435
0.0438968401
0.0438847840
0.0438816007
0.0438816007
0.0438815207
0.0438815207
0.0438752138
0.0438752138
0.0438752138
0.0438734341
0.0438712573
0.0438708206
0.0438692192
0.0438657901
0.0438589287
0.0438589287
0.0438589287
0.0438589036
0.0438345991
0.0438343965
0.0438321607
0.0438321607
0.0438317537
0.0438315510
0.0438273051
0.0438180697
0.0438152725
0.0438130367
0.0438130367
0.0438129360
0.0438115546
0.0438114539
0.0437846122
0.0437846122
0.0437828989
0.0437810735
0.0437240951
0.0437195511
0.0437195433
0.0436194877
0.0436193947
0.0436193947
0.0436095457
0.0436095457
0.0436038286
0.0436038286
0.0436038286
0.0435931445
0.0435931445
0.0435927717
0.0435927717
0.0435927717
0.0435927717
0.0435834870
0.0435796941
0.0435796941
0.0435796941
0.0435796941
0.0435796941
0.0435637809
0.0435637809
0.0435637809
0.0435591146
0.0435591146
0.0435591146
0.0435591048
0.0435591048
0.0435578564
0.0435578564
0.0435563078
0.0435563078
0.0435542882
0.0435009094
0.0434861112
0.0434847371
0.0434734609
0.0434734609
0.0434716534
0.0434716534
0.0434716534
0.0434683376
0.0434547295
0.0434547295
0.0434546074
0.0434546074
0.0434546074
0.0434519533
0.0434519533
0.0434519533
0.0434519533
0.0434519533
0.0434519533
0.0434496016
0.0434458102
0.0434458102
0.0434427778
0.0434427778
0.0434427778
0.0434312141
0.0434312141
0.0433792912
0.0433763155
0.0433751524
0.0433695659
0.0433679689
0.0433679689
0.0433575398
0.0433571059
0.0433535690
0.0433535690
0.0433344526
0.0433211971
0.0433146614
0.0433065815
0.0432978113
0.0432949692
0.0432949692
0.0432941269
0.0432926994
0.0432896264
0.0432885351
0.0432885351
0.0432885351
0.0432602214
0.0432538165
0.0432500069
0.0432425721
0.0432402228
0.0432402228
0.0432389939
0.0432374956
0.0432374956
0.0432358547
0.0432358547
0.0432231236
0.0432225390
0.0432222813
0.0432222813
0.0432187953
0.0432160679
0.0432133189
0.0432133189
0.0431997254
0.0431994090
0.0431963144
0.0431925199
0.0431925199
0.0431925199
0.0431818567
0.0431818567
0.0431744153
0.0431743567
0.0431742363
0.0431742363
0.0431742363
0.0431721482
0.0431706379
0.0431706379
0.0431644685
0.0431642496
0.0431642496
0.0431642496
0.0431600886
0.0431571247
0.0431549707
0.0431549707
0.0431526784
0.0431526065
0.0431465534
0.0431465534
0.0431458308
0.0431458308
0.0431266417
0.0430862082
0.0430629905
0.0430629905
0.0430606686
0.0430606686
0.0430600574
0.0430585756
0.0430558825
0.0430558825
0.0430556980
0.0430556980
0.0430550980
0.0430549135
0.0430056987
0.0430051420
0.0430051149
0.0430051149
0.0430044895
0.0430044895
0.0430007123
0.0430007123
0.0430000065
0.0430000065
0.0429911160
0.0429911160
0.0429911160
0.0429911160
0.0429911130
0.0429911130
0.0429888598
0.0429888598
0.0429888598
0.0429887615
0.0429875424
0.0429875424
0.0429875424
0.0429859850
0.0429844634
0.0429837709
0.0429653349
0.0429651199
0.0429597489
0.0429597489
0.0429597489
0.0429595921
0.0429595339
0.0429584700
0.0429515666
0.0429509881
0.0429502656
0.0429502074
0.0429502074
0.0429502074
0.0429496782
0.0429496782
0.0429496448
0.0429496448
0.0429496448
0.0429495392
0.0429492301
0.0429491967
0.0429489581
0.0429489581
0.0429489581
0.0429489581
0.0429489581
0.0429489581
0.0429464971
0.0429464971
0.0429391986
0.0429391986
0.0429391986
0.0429391986
0.0429377056
0.0429377056
0.0429367961
0.0429318319
0.0429318319
0.0429317642
0.0429283467
0.0429283467
0.0429283467
0.0429283467
0.0429282790
0.0429274228
0.0429274228
0.0429267868
0.0429244647
0.0429236667
0.0429236667
0.0429236667
0.0429236667
0.0429232136
0.0429228486
0.0429228486
0.0429209140
0.0429209140
0.0429209140
0.0429209140
0.0429206750
0.0429206750
0.0429193769
0.0429193769
0.0429170592
0.0429170305
0.0429158087
0.0429134910
0.0429042850
0.0429042850
0.0429042850
0.0429040233
0.0429039328
0.0429015313
0.0429015313
0.0428951817
0.0428948306
0.0428948306
0.0428916463
0.0428912952
0.0428905132
0.0428904912
0.0428897093
0.0428874703
0.0428727236
0.0428727236
0.0428698668
0.0428698668
0.0428695212
0.0428690822
0.0428648405
0.0428648405
0.0428648405
0.0428642094
0.0428634249
0.0428634249
0.0428634249
0.0428634249
0.0428613356
0.0428591292
0.0428570399
0.0428570399
0.0428570399
0.0428570399
0.0427443410
0.0427443410
0.0427443275
0.0427346156
0.0427338592
0.0427338592
0.0427323331
0.0427323331
0.0427311556
0.0427311556
0.0427305944
0.0427299375
0.0427271766
0.0427233795
0.0427201834
0.0427201834
0.0427197792
0.0427182293
0.0427178250
0.0427178250
0.0427176067
0.0427176067
0.0427170195
0.0427168974
0.0427166790
0.0427107641
0.0427107641
0.0427101792
0.0427101792
0.0427101792
0.0427006595
0.0426990021
0.0426984172
0.0426913869
0.0426913869
0.0426913869
0.0426913869
0.0426883128
0.0426883128
0.0426808004
0.0426808004
0.0426808004
0.0426808004
0.0426808004
0.0426804556
0.0426804556
0.0426794178
0.0426794178
0.0426794178
0.0426790730
0.0426779362
0.0426779362
0.0426779362
0.0426765522
0.0426756537
0.0426729484
0.0426723333
0.0426723333
0.0426720359
0.0426594014
0.0426594014
0.0426594014
0.0426517800
0.0426517800
0.0426517800
0.0426516260
0.0426445907
0.0426440143
0.0426420699
0.0426412614
0.0426412614
0.0426386332
0.0426178139
0.0426178139
0.0426169238
0.0426169238
0.0426141287
0.0426141287
0.0426141287
0.0426141287
0.0426141287
0.0426132025
0.0426132025
0.0426132025
0.0426125897
0.0426071049
0.0426071049
0.0426063528
0.0426057762
0.0426037253
0.0426037253
0.0426028290
0.0426028290
0.0426028290
0.0425944398
0.0425930320
0.0425930320
0.0425930320
0.0425930320
0.0425928038
0.0425928038
0.0425896741
0.0425896741
0.0425896741
0.0425896741
0.0425896741
0.0425737002
0.0425735973
0.0425735973
0.0425735973
0.0425735973
0.0425733714
0.0425705716
0.0425695619
0.0425695619
0.0425539057
0.0425530650
0.0425336107
0.0425336107
0.0425334418
0.0425334418
0.0425328930
0.0425201173
0.0425201173
0.0425195684
0.0425183845
0.0424690837
0.0424690837
0.0424690837
0.0424690837
0.0424648979
0.0424648005
0.0424648005
0.0424648005
0.0424647496
0.0424647496
0.0424647496
0.0424647496
0.0424602098
0.0424535646
0.0424535646
0.0424535646
0.0424535646
0.0424535646
0.0424499439
0.0424496904
0.0424480149
0.0424456751
0.0424456751
0.0424456751
0.0424456751
0.0424456751
0.0424387694
0.0424380865
0.0424380865
0.0424308680
0.0424301851
0.0424299339
0.0424298162
0.0424267091
0.0424267091
0.0424245252
0.0424245252
0.0424245252
0.0424245252
0.0424241415
0.0424241415
0.0424241415
0.0424241415
0.0424231621
0.0424231621
0.0424231621
0.0424231621
0.0424231621
0.0424231621
0.0424212890
0.0424183531
0.0424182486
0.0424182486
0.0424182486
0.0424146418
0.0424146418
0.0424113120
0.0424113120
0.0424113120
0.0424090237
0.0424090237
0.0424041599
0.0424041599
0.0424041599
0.0424041599
0.0424037884
0.0424037884
0.0423994114
0.0423994114
0.0423994114
0.0423986836
0.0423986836
0.0423986836
0.0423983539
0.0423983539
0.0423958964
0.0423955549
0.0423952252
0.0423952252
0.0423952252
0.0423889395
0.0423889395
0.0423889395
0.0423696577
0.0423696577
0.0423696577
0.0423696577
0.0423696577
0.0423690262
0.0423677027
0.0423657937
0.0423657937
0.0423657937
0.0423657937
0.0423657937
0.0423657803
0.0423657803
0.0423657803
0.0423657803
0.0423657803
0.0423654412
0.0423646728
0.0423646728
0.0423645685
0.0423642293
0.0423642041
0.0423642041
0.0423630189
0.0423630189
0.0423578560
0.0423514687
0.0423510252
0.0423504569
0.0423501776
0.0423501776
0.0423501776
0.0423240615
0.0423208804
0.0423130870
0.0423048859
0.0423048859
0.0423048859
0.0423045264
0.0422361894
0.0422361894
0.0422087288
0.0422087288
0.0422026541
0.0422026541
0.0422006764
0.0421998792
0.0421998792
0.0421998792
0.0421966711
0.0421964352
0.0421964352
0.0421958853
0.0421958853
0.0421958853
0.0421937439
0.0421937439
0.0421923403
0.0421921045
0.0421921045
0.0421921045
0.0421921045
0.0421921045
0.0421917408
0.0421844754
0.0421844754
0.0421844754
0.0421844754
0.0421844754
0.0421844754
0.0421844555
0.0421811673
0.0421002817
0.0420994657
0.0420994657
0.0420994657
0.0420994657
0.0420994657
0.0420955137
0.0420925738
0.0420925738
0.0420912875
0.0420912676
0.0420912676
0.0420912676
0.0420909725
0.0420556796
0.0420556796
0.0420519737
0.0420519737
0.0420519737
0.0420519737
0.0420509000
0.0420509000
0.0420509000
0.0420503876
0.0420503876
0.0420502774
0.0420501157
0.0420501025
0.0420499027
0.0420495489
0.0420493537
0.0420490227
0.0420490227
0.0420490227
0.0420490227
0.0420490227
0.0420490227
0.0420479248
0.0420479248
0.0420479248
0.0420431010
0.0420421396
0.0420409995
0.0420409995
0.0420409995
0.0420405635
0.0420404313
0.0420404313
0.0420382403
0.0420366641
0.0420355397
0.0420355397
0.0420347795
0.0420310123
0.0420298869
0.0420294273
0.0420294273
0.0420294273
0.0420290902
0.0420290902
0.0420290902
0.0420210327
0.0420202855
0.0420202855
0.0420198259
0.0420195304
0.0420195304
0.0420189048
0.0420189048
0.0420182433
0.0420182433
0.0420179568
0.0420179568
0.0420179568
0.0420179568
0.0420168417
0.0420155623
0.0420144472
0.0420144472
0.0420144472
0.0420144472
0.0420121546
0.0420121546
0.0420121546
0.0420121546
0.0420117450
0.0420117450
0.0419960787
0.0419426547
0.0419414951
0.0419413521
0.0419413521
0.0419413521
0.0419413521
0.0419413521
0.0419413521
0.0419413521
0.0419408797
0.0419408797
0.0419315947
0.0419315947
0.0419315947
0.0419255183
0.0419250459
0.0419248006
0.0419248006
0.0419241581
0.0419241581
0.0419241162
0.0419240365
0.0419240365
0.0419240365
0.0419231402
0.0419221660
0.0419220465
0.0419210286
0.0419209502
0.0419209502
0.0419209502
0.0419205222
0.0419205222
0.0419205222
0.0419205222
0.0419205222
0.0419205222
0.0418820719
0.0418784371
0.0418784371
0.0418784371
0.0418784371
0.0418782827
0.0418782827
0.0418779919
0.0418776766
0.0418776592
0.0418775160
0.0418775160
0.0418775160
0.0418775160
0.0418774466
0.0418770284
0.0418766875
0.0418766875
0.0418766875
0.0418766875
0.0418766074
0.0418763488
0.0418763488
0.0418753731
0.0418749393
0.0418749349
0.0418612076
0.0418610818
0.0418610268
0.0418610268
0.0418610268
0.0418610192
0.0418609492
0.0418609492
0.0418607820
0.0418606603
0.0418606603
0.0418605904
0.0418605904
0.0418602687
0.0418547472
0.0418535354
0.0418535354
0.0418535354
0.0418535354
0.0418532441
0.0418523551
0.0418523551
0.0418523551
0.0418523551
0.0418523551
0.0418523551
0.0418523551
0.0418517940
0.0418517673
0.0418517673
0.0418515850
0.0418508272
0.0418508272
0.0418508272
0.0418508272
0.0418508272
0.0418508272
0.0418497662
0.0418497662
0.0418497662
0.0418497662
0.0418454692
0.0418454692
0.0418454692
0.0418449931
0.0418449931
0.0418425465
0.0418425465
0.0418425465
0.0418425465
0.0418424976
0.0418424976
0.0418424976
0.0418424976
0.0418399717
0.0418390460
0.0418390460
0.0418390460
0.0418390460
0.0418390460
0.0418390460
0.0418377802
0.0418377802
0.0418365631
0.0418293898
0.0418293898
0.0418293898
0.0418293898
0.0418289815
0.0418289815
0.0418281279
0.0418281279
0.0418278537
0.0418278537
0.0418278537
0.0418278537
0.0418278537
0.0418278537
0.0418278537
0.0418278537
0.0418278537
0.0418278537
0.0418278537
0.0418274393
0.0418264681
0.0418264681
0.0418264681
0.0418264681
0.0418264681
0.0418264681
0.0418264681
0.0418261537
0.0418261537
0.0418261537
0.0418257781
0.0418227321
0.0418227321
0.0418227321
0.0418217127
0.0418217127
0.0418206321
0.0418206321
0.0418206321
0.0418202422
0.0418202422
0.0418199010
0.0418199010
0.0418199010
0.0418199010
0.0418199010
0.0418137596
0.0418137596
0.0418137596
0.0418137596
0.0418136188
0.0418136188
0.0418119673
0.0418118265
0.0418109347
0.0418107939
0.0418107939
0.0418104370
0.0418104370
0.0418104370
0.0418101920
0.0418100333
0.0418094314
0.0418094314
0.0418083147
0.0418083147
0.0418083147
0.0418083147
0.0418083147
0.0418083147
0.0418066725
0.0418066725
0.0418058837
0.0418058837
0.0418058837
0.0418058837
0.0418056523
0.0418056523
0.0418054033
0.0418053253
0.0418038971
0.0418038971
0.0418038971
0.0418038971
0.0418035860
0.0418035860
0.0417667812
0.0417665758
0.0417665758
0.0417662646
0.0417646597
0.0417646597
0.0417611278
0.0417609110
0.0417609110
0.0417609110
0.0417609110
0.0417609110
0.0417605853
0.0417604535
0.0417568171
0.0417566003
0.0417563309
0.0417563309
0.0417563309
0.0417563309
0.0417561574
0.0417560415
0.0417558880
0.0417558880
0.0417558880
0.0417558880
0.0417558880
0.0417534579
0.0417534579
0.0417534579
0.0417533368
0.0417533368
0.0417533368
0.0417533368
0.0417531139
0.0417531139
0.0417531139
0.0417528823
0.0417526594
0.0417526594
0.0417526594
0.0417524216
0.0417518421
0.0417518421
0.0417518421
0.0417518421
0.0417518421
0.0417518421
0.0417518421
0.0417518421
0.0417517738
0.0417517738
0.0417517461
0.0417517461
0.0417517461
0.0417517461
0.0417507050
0.0417507050
0.0417507050
0.0417507050
0.0417507050
0.0417507050
0.0417507050
0.0417507050
0.0417507050
0.0417507050
0.0417501029
0.0417501029
0.0417501029
0.0417501029
0.0417501029
0.0417501029
0.0417501029
0.0417499397
0.0417491402
0.0417491402
0.0417491402
0.0417474572
0.0417472940
0.0417471979
0.0417467682
0.0417467682
0.0417467135
0.0417467135
0.0417465625
0.0417463728
0.0417413550
0.0417410143
0.0417407823
0.0417407823
0.0417407823
0.0417407823
0.0417388473
0.0417384802
0.0417384802
0.0417371280
0.0417365354
0.0417365354
0.0417365354
0.0417364835
0.0417364835
0.0417364835
0.0417362162
0.0417362162
0.0417362162
0.0417360559
0.0417360559
0.0417357118
0.0417353121
0.0417348130
0.0417341851
0.0417341851
0.0417337184
0.0417239438
0.0417234772
0.0417234772
0.0417234772
0.0417234772
0.0417206435
0.0417206435
0.0417206435
0.0417206435
0.0417206435
0.0417206435
0.0417194813
0.0417194251
0.0417194251
0.0417194251
0.0417194251
0.0417154002
0.0417154002
0.0417154002
0.0417149403
0.0417110440
0.0417110440
0.0417110440
0.0417106484
0.0417106429
0.0417100243
0.0417097712
0.0417097712
0.0417097712
0.0417097712
0.0417094355
0.0417094355
0.0417094355
0.0417094355
0.0417094355
0.0417086835
0.0417080441
0.0417072921
0.0417029898
0.0417022267
0.0417022267
0.0417022267
0.0416981705
0.0416981705
0.0416981705
0.0416923919
0.0416918685
0.0416918685
0.0416917664
0.0416916494
0.0416914468
0.0416913298
0.0416913298
0.0416913298
0.0416913298
0.0416910470
0.0416910470
0.0416910470
0.0416910470
0.0416906415
0.0416895487
0.0416892602
0.0416877271
0.0416873379
0.0416873379
0.0416873379
0.0416873379
0.0416872648
0.0416816548
0.0416812990
0.0416810792
0.0416796425
0.0416752792
0.0416745714
0.0416740539
0.0416740539
0.0416740539
0.0416740539
0.0416740539
0.0416740539
0.0416740539
0.0416564561
0.0416564561
0.0416564561
0.0416564561
0.0416564561
0.0416564561
0.0416562615
0.0416520995
0.0416520995
0.0416497382
0.0416497382
0.0416425077
0.0416419206
0.0416419206
0.0416419206
0.0416419206
0.0416419206
0.0416419206
0.0416419206
0.0416411382
0.0416400047
0.0416400047
0.0416344706
0.0416344706
0.0416344706
0.0416344706
0.0416344706
0.0416250161
0.0416250161
0.0416250161
0.0416249140
0.0416249140
0.0416240689
0.0415465234
0.0415462518
0.0415462518
0.0415462518
0.0415439920
0.0415439920
0.0415439920
0.0415439920
0.0415426898
0.0415426898
0.0415426898
0.0415426898
0.0415426898
0.0415426898
0.0415426898
0.0415426898
0.0415426898
0.0415426898
0.0415426898
0.0415426898
0.0415423307
0.0415423307
0.0415419804
0.0415419804
0.0415419804
0.0415419804
0.0415419804
0.0415419804
0.0415419804
0.0415419804
0.0415419804
0.0415342697
0.0415342697
0.0415342697
0.0415342399
0.0415342399
0.0415342399
0.0415342399
0.0415054588
0.0415054588
0.0415054588
0.0415054277
0.0415054277
0.0415054277
0.0415053788
0.0415053788
0.0415053788
0.0415053788
0.0415048084
0.0415038727
0.0415038727
0.0415003349
0.0415003349
0.0415003349
0.0415003349
0.0415003349
0.0415003349
0.0415003349
0.0415003349
0.0414995321
0.0414995321
0.0414995321
0.0414994474
0.0414994474
0.0414991302
0.0414988076
0.0414986089
0.0414986089
0.0414986089
0.0414974433
0.0414974264
0.0414968051
0.0414906313
0.0414906313
0.0414896993
0.0414890442
0.0414890442
0.0414766320
0.0414766151
0.0414761931
0.0414757464
0.0414753150
0.0414748032
0.0414748032
0.0414748032
0.0414748032
0.0414748032
0.0414748032
0.0414748032
0.0414748032
0.0414748032
0.0414746781
0.0414746781
0.0414746781
0.0414746781
0.0414740719
0.0414740719
0.0414740719
0.0414740719
0.0414739010
0.0414737535
0.0414735826
0.0414735826
0.0414735826
0.0414735826
0.0414735544
0.0414735273
0.0414735273
0.0414735273
0.0414735273
0.0414728008
0.0414727737
0.0414727737
0.0414727737
0.0414723073
0.0414658299
0.0414653636
0.0414652000
0.0414652000
0.0414646618
0.0414641699
0.0414636930
0.0414636930
0.0414636930
0.0414636930
0.0414636930
0.0414636930
0.0414636930
0.0414636930
0.0414636930
0.0414636930
0.0414634428
0.0414623966
0.0414623966
0.0414623966
0.0414052468
0.0414049966
0.0414046896
0.0414046896
0.0414046896
0.0414045716
0.0414045716
0.0414045716
0.0414037377
0.0414032264
0.0414020842
0.0414020149
0.0414020149
0.0414020149
0.0414020149
0.0414020149
0.0414018708
0.0414018708
0.0413981797
0.0413980356
0.0413973515
0.0413972074
0.0413823521
0.0413816754
0.0413816754
0.0413816754
0.0413816754
0.0413806747
0.0413806747
0.0413805622
0.0413800577
0.0413798912
0.0413798912
0.0413791840
0.0413791840
0.0413791840
0.0413791840
0.0413783696
0.0413783696
0.0413783696
0.0413783696
0.0413778987
0.0413778987
0.0413778987
0.0413767622
0.0413767622
0.0413722871
0.0413711506
0.0413711506
0.0413711506
0.0413711506
0.0413711506
0.0413711506
0.0413711506
0.0413711506
0.0413711506
0.0413706608
0.0413706608
0.0413706608
0.0413706608
0.0413702061
0.0413702061
0.0413702061
0.0413702061
0.0413702061
0.0413702061
0.0413691273
0.0413690612
0.0413690612
0.0413690612
0.0413689112
0.0413681492
0.0413681492
0.0413681492
0.0413679456
0.0413679456
0.0413679456
0.0413677158
0.0413677158
0.0413677158
0.0413677158
0.0413677158
0.0413677158
0.0413677158
0.0413677158
0.0413673608
0.0413673608
0.0413673608
0.0413673608
0.0413673608
0.0413673608
0.0413673608
0.0413673608
0.0413673608
0.0413673608
0.0413673608
0.0413673608
0.0413673608
0.0413673608
0.0413673608
0.0413673608
0.0413673608
0.0413668337
0.0413668337
0.0413668337
0.0413668254
0.0413668254
0.0413668254
0.0413668254
0.0413668254
0.0413668254
0.0413668254
0.0413668254
0.0413667532
0.0413667532
0.0413660325
0.0413660325
0.0413655023
0.0413655023
0.0413648628
0.0413648628
0.0413648628
0.0413643360
0.0413641259
0.0413638244
0.0413638244
0.0413638244
0.0413638244
0.0413638244
0.0413638244
0.0413638244
0.0413501112
0.0413501112
0.0413501112
0.0413501112
0.0413501112
0.0413501112
0.0413501112
0.0413499171
0.0412755661
0.0412755661
0.0412697595
0.0412695654
0.0412695654
0.0412691725
0.0412691725
0.0412691725
0.0412691725
0.0412690517
0.0412686587
0.0412684691
0.0412589312
0.0412508323
0.0412508323
0.0412508323
0.0412508323
0.0412508323
0.0412508323
0.0412508323
0.0412508323
0.0412341995
0.0412336129
0.0412336129
0.0412336129
0.0412336129
0.0412336129
0.0412333323
0.0412333323
0.0412268862
0.0412268862
0.0412268862
0.0412258158
0.0412258158
0.0412258158
0.0412120212
0.0412112359
0.0412112359
0.0412096346
0.0412096346
0.0412096346
0.0412093432
0.0412093432
0.0412087910
0.0412086339
0.0412083425
0.0412082740
0.0412082740
0.0412082740
0.0412082740
0.0412082740
0.0412081702
0.0412081702
0.0412081702
0.0412078810
0.0412078810
0.0412078810
0.0412078810
0.0412077193
0.0412076045
0.0412074428
0.0412074428
0.0412074428
0.0412074428
0.0412074428
0.0412074428
0.0412071435
0.0412071435
0.0412071435
0.0412071435
0.0412068146
0.0412066192
0.0412066192
0.0412061630
0.0412061630
0.0412061630
0.0412061630
0.0412061630
0.0412061498
0.0412061498
0.0412061498
0.0412061498
0.0412061498
0.0412058633
0.0412058633
0.0412058633
0.0412058633
0.0412058633
0.0412058633
0.0412058633
0.0412058633
0.0412058633
0.0412058633
0.0411491164
0.0411491164
0.0411489096
0.0411489096
0.0411486913
0.0411486913
0.0411486913
0.0411486913
0.0411486913
0.0411486913
0.0411486913
0.0411485476
0.0411485476
0.0411485476
0.0411485476
0.0411483810
0.0411482391
0.0411480806
0.0411479139
0.0411479139
0.0411479139
0.0411479139
0.0411479139
0.0411476491
0.0411474823
0.0411473424
0.0411471757
0.0411468862
0.0411468252
0.0411468252
0.0411465725
0.0411465725
0.0411465725
0.0411465725
0.0411465725
0.0411462158
0.0411461678
0.0411461678
0.0411461678
0.0411461678
0.0411461171
0.0411461171
0.0411461171
0.0411461171
0.0411458343
0.0411458343
0.0411458343
0.0411458343
0.0411447049
0.0411444968
0.0411444968
0.0411444968
0.0411442509
0.0411442509
0.0411442509
0.0411442509
0.0411442509
0.0411432184
0.0411432184
0.0411430051
0.0411430051
0.0411430051
0.0411423897
0.0411423897
0.0411423897
0.0411416357
0.0411414184
0.0411403631
0.0411401458
0.0411401458
0.0411401458
0.0411398757
0.0411398757
0.0411398757
0.0411398757
0.0411397222
0.0411386320
0.0411386320
0.0411386320
0.0411386320
0.0411384461
0.0411384461
0.0411384461
0.0411384461
0.0411384461
0.0411384461
0.0411384461
0.0411384461
0.0411384461
0.0411384461
0.0410974527
0.0410972828
0.0410972828
0.0410972828
0.0410972828
0.0410972828
0.0410972828
0.0410972828
0.0410962439
0.0410962439
0.0410962439
0.0410962439
0.0410962439
0.0410931143
0.0410931143
0.0410931143
0.0410929293
0.0410929293
0.0410929293
0.0410929293
0.0410929293
0.0410929293
0.0410929293
0.0410929293
0.0410929293
0.0410929293
0.0410874684
0.0410874684
0.0410852250
0.0410852250
0.0410852250
0.0410852250
0.0410835183
0.0410835183
0.0410835183
0.0410835183
0.0410835183
0.0410835183
0.0410835183
0.0410835183
0.0410827617
0.0410825033
0.0410825033
0.0410825033
0.0410817658
0.0410817658
0.0410816678
0.0410816678
0.0410766045
0.0410766045
0.0410766045
0.0410766045
0.0410766045
0.0410753518
0.0410742057
0.0410737656
0.0410737656
0.0410735871
0.0410735871
0.0410735871
0.0410735871
0.0410735871
0.0410735871
0.0410711249
0.0410711249
0.0410711249
0.0410711249
0.0410711249
0.0410711249
0.0410711249
0.0410711249
0.0410711249
0.0410711249
0.0410711249
0.0410711249
0.0410711249
0.0410707906
0.0410707906
0.0410707906
0.0410707906
0.0410707906
0.0410674553
0.0410674553
0.0410674553
0.0410674553
0.0410670838
0.0410670838
0.0410670838
0.0410670838
0.0410670838
0.0410670838
0.0410670838
0.0410670838
0.0410465640
0.0410465640
0.0410465640
0.0410465640
0.0410462027
0.0410444435
0.0410444435
0.0410444435
0.0410439075
0.0410438610
0.0410438610
0.0410438610
0.0410433171
0.0410433171
0.0410433171
0.0410431332
0.0410431332
0.0410431332
0.0410431332
0.0410431332
0.0410431332
0.0410430661
0.0410430661
0.0410430661
0.0410418551
0.0410417880
0.0410417880
0.0410417880
0.0410417880
0.0410417880
0.0410414950
0.0410414950
0.0410322905
0.0410290914
0.0410290914
0.0410290914
0.0410290914
0.0410283809
0.0410279451
0.0410279451
0.0410279451
0.0410270367
0.0410270367
0.0410270367
0.0410261817
0.0410261817
0.0410261817
0.0410261817
0.0410261817
0.0410261817
0.0410261817
0.0410261817
0.0410258487
0.0410258487
0.0410258487
0.0410258487
0.0410258487
0.0410219081
0.0410219081
0.0410218491
0.0410216445
0.0410216445
0.0410006989
0.0410004353
0.0410003957
0.0410003957
0.0410003517
0.0410003517
0.0410000000
0.0410000000
0.0410000000
0.0410000000
0.0410000000
0.0410000000
0.0410000000
0.0410000000
0.0410000000
0.0410000000
0.0410000000
0.0410000000
0.0410000000
0.0410000000
0.0410000000
0.0410000000
0.0410000000
0.0410000000
0.0410000000
0.0410000000
0.0410000000
0.0410000000
0.0410000000
0.0410000000
0.0410000000
0.0410000000
0.0410000000
0.0410000000
0.0410000000
0.0410000000
0.0410000000
0.0410000000
0.0410000000
0.0410000000
0.0410000000
0.0410000000
0.0410000000
0.0410000000
0.0410000000
0.0410000000
0.0410000000
0.0410000000
0.0410000000
0.0410000000
0.0410000000
0.0410000000
0.0410000000
0.0410000000
0.0410000000
0.0410000000
0.0410000000
0.0410000000
0.0410000000
0.0410000000
0.0410000000
0.0410000000
0.0410000000
0.0410000000
0.0410000000
0.0410000000
0.0410000000
0.0410000000
0.0410000000
0.0410000000
0.0410000000
0.0410000000
0.0410000000
0.0410000000
0.0410000000
0.0410000000
0.0410000000
0.0410000000
0.0410000000
0.0410000000
0.0410000000
0.0410000000
0.0410000000
0.0410000000
0.0410000000
0.0410000000
0.0410000000
0.0410000000
0.0410000000
0.0410000000
0.0410000000
0.0410000000
0.0410000000
0.0410000000
0.0410000000
0.0410000000
0.0410000000
0.0410000000
0.0410000000
0.0410000000
0.0410000000
0.0410000000
0.0410000000
0.0410000000
0.0410000000
0.0410000000
0.0410000000
0.0410000000
0.0410000000
0.0410000000
0.0410000000
0.0410000000
0.0410000000
0.0410000000
0.0410000000
0.0410000000
0.0410000000
0.0410000000
0.0410000000
0.0410000000
0.0410000000
0.0410000000
0.0410000000
0.0410000000
0.0410000000
0.0410000000
0.0410000000
0.0410000000
0.0410000000
0.0410000000
0.0410000000
0.0410000000
0.0410000000
0.0410000000
0.0410000000
0.0410000000
0.0410000000
0.0410000000
0.0410000000
0.0410000000
0.0410000000
0.0410000000
0.0410000000
0.0410000000
0.0410000000
0.0410000000
0.0410000000
0.0410000000
0.0410000000
0.0410000000
0.0410000000
0.0410000000
0.0410000000
0.0410000000
0.0410000000
0.0410000000
0.0410000000
0.0410000000
0.0410000000
0.0410000000
0.0410000000
0.0410000000
0.0410000000
0.0410000000
0.0410000000
0.0410000000
0.0410000000
0.0410000000
0.0410000000
0.0410000000
0.0410000000
0.0410000000
0.0410000000
0.0410000000
0.0410000000
0.0410000000
0.0410000000
0.0410000000
0.0410000000
0.0410000000
0.0410000000
0.0410000000
0.0410000000
0.0410000000
0.0410000000
0.0410000000
0.0410000000
0.0410000000
0.0410000000
0.0410000000
0.0410000000
0.0410000000
0.0410000000
0.0410000000
0.0410000000
0.0410000000
0.0410000000
0.0410000000
0.0410000000
0.0410000000
0.0410000000
0.0410000000
0.0410000000
0.0410000000
0.0410000000
0.0410000000
0.0410000000
0.0410000000
0.0410000000
0.0410000000
0.0410000000
0.0410000000
0.0410000000
0.0410000000
0.0410000000
0.0410000000
0.0410000000
0.0410000000
0.0410000000
0.0410000000
0.0410000000
0.0410000000
0.0410000000
0.0410000000
0.0410000000
0.0410000000
0.0410000000
0.0410000000
0.0410000000
0.0410000000
0.0410000000
0.0410000000
0.0410000000
0.0410000000
0.0410000000
0.0410000000
0.0410000000
0.0410000000
0.0410000000
0.0410000000
0.0410000000
0.0410000000
0.0410000000
0.0410000000
0.0410000000
0.0410000000
0.0410000000
0.0410000000
0.0410000000
0.0410000000
0.0410000000
0.0410000000
0.0410000000
0.0410000000
0.0410000000
0.0410000000
0.0410000000
0.0410000000
0.0410000000
0.0410000000
0.0410000000
0.0410000000
0.0410000000
0.0410000000
0.0410000000
0.0410000000
0.0410000000
0.0410000000
0.0410000000
0.0410000000
0.0410000000
0.0410000000
0.0410000000
0.0410000000
0.0410000000
0.0410000000
0.0410000000
0.0410000000
0.0410000000
0.0410000000
0.0410000000
0.0410000000
0.0410000000
0.0410000000
0.0410000000
0.0410000000
0.0410000000
0.0410000000
0.0410000000
0.0410000000
0.0410000000
0.0410000000
0.0410000000
0.0410000000
0.0410000000
0.0410000000
0.0410000000
0.0410000000
0.0410000000
0.0410000000
0.0410000000
0.0410000000
0.0410000000
0.0410000000
0.0410000000
0.0410000000
0.0410000000
0.0410000000
0.0410000000
0.0410000000
0.0410000000
0.0410000000
0.0410000000
0.0410000000
0.0410000000
0.0410000000
0.0410000000
0.0410000000
0.0410000000
0.0410000000
0.0410000000
0.0410000000
0.0410000000
0.0410000000
0.0410000000
0.0410000000
0.0410000000
0.0410000000
0.0410000000
0.0410000000
0.0410000000
0.0410000000
0.0410000000
0.0410000000
0.0410000000
0.0410000000
0.0410000000
0.0410000000
0.0410000000
0.0410000000
0.0410000000
0.0410000000
0.0410000000
0.0410000000
0.0410000000
0.0410000000
0.0410000000
0.0410000000
0.0410000000
0.0410000000
0.0410000000
0.0410000000
0.0410000000
0.0410000000
0.0410000000
0.0410000000
0.0410000000
0.0410000000
0.0410000000
0.0410000000
0.0410000000
0.0410000000
0.0410000000
0.0410000000
0.0410000000
0.0410000000
0.0410000000
0.0410000000
0.0410000000
0.0410000000
0.0410000000
0.0410000000
0.0410000000
0.0410000000
0.0410000000
0.0410000000
0.0410000000
0.0410000000
0.0410000000
0.0410000000
0.0410000000
0.0410000000
0.0410000000
0.0410000000
0.0410000000
0.0410000000
0.0410000000
0.0410000000
0.0410000000
0.0410000000
0.0410000000
0.0410000000
0.0410000000
0.0410000000
0.0410000000
0.0410000000
0.0410000000
0.0410000000
0.0410000000
0.0410000000
0.0410000000
0.0410000000
0.0410000000
0.0410000000
0.0410000000
0.0410000000
0.0410000000
0.0410000000
0.0410000000
0.0410000000
0.0410000000
0.0410000000
0.0410000000
0.0410000000
0.0410000000
0.0410000000
0.0410000000
0.0410000000
0.0410000000
0.0410000000
0.0410000000
0.0410000000
0.0410000000
0.0410000000
0.0410000000
0.0410000000
0.0410000000
0.0410000000
0.0410000000
0.0410000000
0.0410000000
0.0410000000
0.0410000000
0.0410000000
0.0410000000
0.0410000000
0.0410000000
0.0410000000
0.0410000000
0.0410000000
0.0410000000
0.0410000000
0.0410000000
0.0410000000
0.0410000000
0.0410000000
0.0410000000
0.0410000000
0.0410000000
0.0410000000
0.0410000000
0.0410000000
0.0410000000
0.0410000000
0.0410000000
0.0410000000
0.0410000000
0.0410000000
0.0410000000
0.0410000000
0.0410000000
0.0410000000
0.0410000000
0.0410000000
0.0410000000
0.0410000000
0.0410000000
0.0410000000
0.0410000000
0.0410000000
0.0410000000
0.0410000000
0.0410000000
0.0410000000
0.0410000000
0.0410000000
0.0410000000
0.0410000000
0.0410000000
0.0410000000
0.0410000000
0.0410000000
0.0410000000
0.0410000000
0.0410000000
0.0410000000
0.0410000000
0.0410000000
0.0410000000
0.0410000000
0.0410000000
0.0410000000
0.0410000000
0.0410000000
0.0410000000
0.0410000000
0.0410000000
0.0410000000
0.0410000000
0.0410000000
0.0410000000
0.0410000000
0.0410000000
0.0410000000
0.0410000000
0.0410000000
0.0410000000
0.0410000000
0.0410000000
0.0410000000
0.0410000000
0.0410000000
0.0410000000
0.0410000000
0.0410000000
0.0410000000
0.0410000000
0.0410000000
0.0410000000
0.0410000000
0.0410000000
0.0410000000
0.0410000000
0.0410000000
0.0410000000
0.0410000000
0.0410000000
0.0410000000
0.0410000000
0.0410000000
0.0410000000
0.0410000000
0.0410000000
0.0410000000
0.0410000000
0.0410000000
0.0410000000
0.0410000000
0.0410000000
0.0410000000
0.0410000000
0.0410000000
0.0410000000
0.0410000000
0.0410000000
0.0410000000
0.0410000000
0.0410000000
0.0410000000
0.0410000000
0.0410000000
0.0410000000
0.0410000000
0.0410000000
0.0410000000
0.0410000000
0.0410000000
0.0410000000
0.0410000000
0.0410000000
0.0410000000
0.0410000000
0.0410000000
0.0410000000
0.0410000000
0.0410000000
0.0410000000
0.0410000000
0.0410000000
0.0410000000
0.0410000000
0.0410000000
0.0410000000
0.0410000000
0.0410000000
0.0410000000
0.0410000000
0.0410000000
0.0410000000
0.0410000000
0.0410000000
0.0410000000
0.0410000000
0.0410000000
0.0410000000
0.0410000000
0.0410000000
0.0410000000
0.0410000000
0.0410000000
0.0410000000
0.0410000000
0.0410000000
0.0410000000
0.0410000000
0.0410000000
0.0410000000
0.0410000000
0.0410000000
0.0410000000
0.0410000000
0.0410000000
0.0410000000
0.0410000000
0.0410000000
0.0410000000
0.0410000000
0.0410000000
0.0410000000
0.0410000000
0.0410000000
0.0410000000
0.0410000000
0.0410000000
0.0410000000
0.0410000000
0.0410000000
0.0410000000
0.0410000000
0.0410000000
0.0410000000
0.0410000000
0.0410000000
0.0410000000
0.0410000000
0.0410000000
0.0410000000
0.0410000000
0.0410000000
0.0410000000
0.0410000000
0.0410000000
0.0410000000
0.0410000000
0.0410000000
0.0410000000
0.0410000000
0.0410000000
0.0410000000
0.0410000000
0.0410000000
0.0410000000
0.0410000000
0.0410000000
0.0410000000
0.0410000000
0.0410000000
0.0410000000
0.0410000000
0.0410000000
0.0410000000
0.0410000000
0.0410000000
0.0410000000
0.0410000000
0.0410000000
0.0410000000
0.0410000000
0.0410000000
0.0410000000
0.0410000000
0.0410000000
0.0410000000
0.0410000000
0.0410000000
0.0410000000
0.0410000000
0.0410000000
0.0410000000
0.0410000000
0.0410000000
0.0410000000
0.0410000000
0.0410000000
0.0410000000
0.0410000000
0.0410000000
0.0410000000
0.0410000000
0.0410000000
0.0410000000
0.0410000000
0.0410000000
0.0410000000
0.0410000000
0.0410000000
0.0410000000
0.0410000000
0.0410000000
0.0410000000
0.0410000000
0.0410000000
0.0410000000
0.0410000000
0.0410000000
0.0410000000
0.0410000000
0.0410000000
0.0410000000
0.0410000000
0.0410000000
0.0410000000
0.0410000000
0.0410000000
0.0410000000
0.0410000000
0.0410000000
0.0410000000
0.0410000000
0.0410000000
0.0410000000
0.0410000000
0.0410000000
0.0410000000
0.0410000000
0.0410000000
0.0410000000
0.0410000000
0.0410000000
0.0410000000
0.0410000000
0.0410000000
0.0410000000
0.0410000000
0.0410000000
0.0410000000
0.0410000000
0.0410000000
0.0410000000
0.0410000000
0.0410000000
0.0410000000
0.0410000000
0.0410000000
0.0410000000
0.0410000000
0.0410000000
0.0410000000
0.0410000000
0.0410000000
0.0410000000
0.0410000000
0.0410000000
0.0410000000
0.0410000000
0.0410000000
0.0410000000
0.0410000000
0.0410000000
0.0410000000
0.0410000000
0.0410000000
0.0410000000
0.0410000000
0.0410000000
0.0410000000
0.0410000000
0.0410000000
0.0410000000
0.0410000000
0.0410000000
0.0410000000
0.0410000000
0.0410000000
0.0410000000
0.0410000000
0.0410000000
0.0410000000
0.0410000000
0.0410000000
0.0410000000
0.0410000000
0.0410000000
0.0410000000
0.0410000000
0.0410000000
0.0410000000
0.0410000000
0.0410000000
0.0410000000
0.0410000000
0.0410000000
0.0410000000
0.0410000000
0.0410000000
0.0410000000
0.0410000000
0.0410000000
0.0410000000
0.0410000000
0.0410000000
0.0410000000
0.0410000000
0.0410000000
0.0410000000
0.0410000000
0.0410000000
0.0410000000
0.0410000000
0.0410000000
0.0410000000
0.0410000000
0.0410000000
0.0410000000
0.0410000000
0.0410000000
0.0410000000
0.0410000000
0.0410000000
0.0410000000
0.0410000000
0.0410000000
0.0410000000
0.0410000000
0.0410000000
0.0410000000
0.0410000000
0.0410000000
0.0410000000
0.0410000000
0.0410000000
0.0410000000
0.0410000000
0.0410000000
0.0410000000
0.0410000000
0.0410000000
0.0410000000
0.0410000000
0.0410000000
0.0410000000
0.0410000000
0.0410000000
0.0410000000
0.0410000000
0.0410000000
0.0410000000
0.0410000000
0.0410000000
0.0410000000
0.0410000000
0.0410000000
0.0410000000
0.0410000000
0.0410000000
0.0410000000
0.0410000000
0.0410000000
0.0410000000
0.0410000000
0.0410000000
0.0410000000
0.0410000000
0.0410000000
0.0410000000
0.0410000000
0.0410000000
0.0410000000
0.0410000000
0.0410000000
0.0410000000
0.0410000000
0.0410000000
0.0410000000
0.0410000000
0.0410000000
0.0410000000
0.0410000000
0.0410000000
0.0410000000
0.0410000000
0.0410000000
0.0410000000
0.0410000000
0.0410000000
0.0410000000
0.0410000000
0.0410000000
0.0410000000
0.0410000000
0.0410000000
0.0410000000
0.0410000000
0.0410000000
0.0410000000
0.0410000000
0.0410000000
0.0410000000
0.0410000000
0.0410000000
0.0410000000
0.0410000000
0.0410000000
0.0410000000
0.0410000000
0.0410000000
0.0410000000
0.0410000000
0.0410000000
0.0410000000
0.0410000000
0.0410000000
0.0410000000
0.0410000000
0.0410000000
0.0410000000
0.0410000000
0.0410000000
0.0410000000
0.0410000000
0.0410000000
0.0410000000
0.0410000000
0.0410000000
0.0410000000
0.0410000000
0.0410000000
0.0410000000
0.0410000000
0.0410000000
0.0410000000
0.0410000000
0.0410000000
0.0410000000
0.0410000000
0.0410000000
0.0410000000
0.0410000000
0.0410000000
0.0410000000
0.0410000000
0.0410000000
0.0410000000
0.0410000000
0.0410000000
0.0410000000
0.0410000000
0.0410000000
0.0410000000
0.0410000000
0.0410000000
0.0410000000
0.0410000000
0.0410000000
0.0410000000
0.0410000000
0.0410000000
0.0410000000
0.0410000000
0.0410000000
0.0410000000
0.0410000000
0.0410000000
0.0410000000
0.0410000000
0.0410000000
0.0410000000
0.0410000000
0.0410000000
0.0410000000
0.0410000000
0.0410000000
0.0410000000
0.0410000000
0.0410000000
0.0410000000
0.0410000000
0.0410000000
0.0410000000
0.0410000000
0.0410000000
0.0410000000
0.0410000000
0.0410000000
0.0410000000
0.0410000000
0.0410000000
0.0410000000
0.0410000000
0.0410000000
0.0410000000
0.0410000000
0.0410000000
0.0410000000
0.0410000000
0.0410000000
0.0410000000
0.0410000000
0.0410000000
0.0410000000
0.0410000000
0.0410000000
0.0410000000
0.0410000000
0.0410000000
0.0410000000
0.0410000000
0.0410000000
0.0410000000
0.0410000000
0.0410000000
0.0410000000
0.0410000000
0.0410000000
0.0410000000
0.0410000000
0.0410000000
0.0410000000
0.0410000000
0.0410000000
0.0410000000
0.0410000000
0.0410000000
0.0410000000
0.0410000000
0.0410000000
0.0410000000
0.0410000000
0.0410000000
0.0410000000
0.0410000000
0.0410000000
0.0410000000
0.0410000000
0.0410000000
0.0410000000
0.0410000000
0.0410000000
0.0410000000
0.0410000000
0.0410000000
0.0410000000
0.0410000000
0.0410000000
0.0410000000
0.0410000000
0.0410000000
0.0410000000
0.0410000000
0.0410000000
0.0410000000
0.0410000000
0.0410000000
0.0410000000
0.0410000000
0.0410000000
0.0410000000
0.0410000000
0.0410000000
0.0410000000
0.0410000000
0.0410000000
0.0410000000
0.0410000000
0.0410000000
0.0410000000
0.0410000000
0.0410000000
0.0410000000
0.0410000000
0.0410000000
0.0410000000
0.0410000000
0.0410000000
0.0410000000
0.0410000000
0.0410000000
0.0410000000
0.0410000000
0.0410000000
0.0410000000
0.0410000000
0.0410000000
0.0410000000
0.0410000000
0.0410000000
0.0410000000
0.0410000000
0.0410000000
0.0410000000
0.0410000000
0.0410000000
0.0410000000
0.0410000000
0.0410000000
0.0410000000
0.0410000000
0.0410000000
0.0410000000
0.0410000000
0.0410000000
0.0410000000
0.0410000000
0.0410000000
0.0410000000
0.0410000000
0.0410000000
0.0410000000
0.0410000000
0.0410000000
0.0410000000
0.0410000000
0.0410000000
0.0410000000
0.0410000000
0.0410000000
0.0410000000
0.0410000000
0.0410000000
0.0410000000
0.0410000000
0.0410000000
0.0410000000
0.0410000000
0.0410000000
0.0410000000
0.0410000000
0.0410000000
0.0410000000
0.0410000000
0.0410000000
0.0410000000
0.0410000000
0.0410000000
0.0410000000
0.0410000000
0.0410000000
0.0410000000
0.0410000000
0.0410000000
0.0410000000
0.0410000000
0.0410000000
0.0410000000
0.0410000000
0.0410000000
0.0410000000
0.0410000000
0.0410000000
0.0410000000
0.0410000000
0.0410000000
0.0410000000
0.0410000000
0.0410000000
0.0410000000
0.0410000000
0.0410000000
0.0410000000
0.0410000000
0.0410000000
0.0410000000
0.0410000000
0.0410000000
0.0410000000
0.0410000000
0.0410000000
0.0410000000
0.0410000000
0.0410000000
0.0410000000
0.0410000000
0.0410000000
0.0410000000
0.0410000000
0.0410000000
0.0410000000
0.0410000000
0.0410000000
0.0410000000
0.0410000000
0.0410000000
0.0410000000
0.0410000000
0.0410000000
0.0410000000
0.0410000000
0.0410000000
0.0410000000
0.0410000000
0.0410000000
0.0410000000
0.0410000000
0.0410000000
0.0410000000
0.0410000000
0.0410000000
0.0410000000
0.0410000000
0.0410000000
0.0410000000
0.0410000000
0.0410000000
0.0410000000
0.0410000000
0.0410000000
0.0410000000
0.0410000000
0.0410000000
0.0410000000
0.0410000000
0.0410000000
0.0410000000
0.0410000000
0.0410000000
0.0410000000
0.0410000000
0.0410000000
0.0410000000
0.0410000000
0.0410000000
0.0410000000
0.0410000000
0.0410000000
0.0410000000
0.0410000000
0.0410000000
0.0410000000
0.0410000000
0.0410000000
0.0410000000
0.0410000000
0.0410000000
0.0410000000
0.0410000000
0.0410000000
0.0410000000
0.0410000000
0.0410000000
0.0410000000
0.0410000000
0.0410000000
0.0410000000
0.0410000000
0.0410000000
0.0410000000
0.0410000000
0.0410000000
0.0410000000
0.0410000000
0.0410000000
0.0410000000
0.0410000000
0.0410000000
0.0410000000
0.0410000000
0.0410000000
0.0410000000
0.0410000000
0.0410000000
0.0410000000
0.0410000000
0.0410000000
0.0410000000
0.0410000000
0.0410000000
0.0410000000
0.0410000000
0.0410000000
0.0410000000
0.0410000000
0.0410000000
0.0410000000
0.0410000000
0.0410000000
0.0410000000
0.0410000000
0.0410000000
0.0410000000
0.0410000000
0.0410000000
0.0410000000
0.0410000000
0.0410000000
0.0410000000
0.0410000000
0.0410000000
0.0410000000
0.0410000000
0.0410000000
0.0410000000
0.0410000000
0.0410000000
0.0410000000
0.0410000000
0.0410000000
0.0410000000
0.0410000000
0.0410000000
0.0410000000
0.0410000000
0.0410000000
0.0410000000
0.0410000000
0.0410000000
0.0410000000
0.0410000000
0.0410000000
0.0410000000
0.0410000000
0.0410000000
0.0410000000
0.0410000000
0.0410000000
0.0410000000
0.0410000000
0.0410000000
0.0410000000
0.0410000000
0.0410000000
0.0410000000
0.0410000000
0.0410000000
0.0410000000
0.0410000000
0.0410000000
0.0410000000
0.0410000000
0.0410000000
0.0410000000
0.0410000000
0.0410000000
0.0410000000
0.0410000000
0.0410000000
0.0410000000
0.0410000000
0.0410000000
0.0410000000
0.0410000000
0.0410000000
0.0410000000
0.0410000000
0.0410000000
0.0410000000
0.0410000000
0.0410000000
0.0410000000
0.0410000000
0.0410000000
0.0410000000
0.0410000000
0.0410000000
0.0410000000
0.0410000000
0.0410000000
0.0410000000
0.0410000000
0.0410000000
0.0410000000
0.0410000000
0.0410000000
0.0410000000
0.0410000000
0.0410000000
0.0410000000
0.0410000000
0.0410000000
0.0410000000
0.0410000000
0.0410000000
0.0410000000
0.0410000000
0.0410000000
0.0410000000
0.0410000000
0.0410000000
0.0410000000
0.0410000000
0.0410000000
0.0410000000
0.0410000000
0.0410000000
0.0410000000
0.0410000000
0.0410000000
0.0410000000
0.0410000000
0.0410000000
0.0410000000
0.0410000000
0.0410000000
0.0410000000
0.0410000000
0.0410000000
0.0410000000
0.0410000000
0.0410000000
0.0410000000
0.0410000000
0.0410000000
0.0410000000
0.0410000000
0.0410000000
0.0410000000
0.0410000000
0.0410000000
0.0410000000
0.0410000000
0.0410000000
0.0410000000
0.0410000000
0.0410000000
0.0410000000
0.0410000000
0.0410000000
0.0410000000
0.0410000000
0.0410000000
0.0410000000
0.0410000000
0.0410000000
0.0410000000
0.0410000000
0.0410000000
0.0410000000
0.0410000000
0.0410000000
0.0410000000
0.0410000000
0.0410000000
0.0410000000
0.0410000000
0.0410000000
0.0410000000
0.0410000000
0.0410000000
0.0410000000
0.0410000000
0.0410000000
0.0410000000
0.0410000000
0.0410000000
0.0410000000
0.0410000000
0.0410000000
0.0410000000
0.0410000000
0.0410000000
0.0410000000
0.0410000000
0.0410000000
0.0410000000
0.0410000000
0.0410000000
0.0410000000
0.0410000000
0.0410000000
0.0410000000
0.0410000000
0.0410000000
0.0410000000
0.0410000000
0.0410000000
0.0410000000
0.0410000000
0.0410000000
0.0410000000
0.0410000000
0.0410000000
0.0410000000
0.0410000000
0.0410000000
0.0410000000
0.0410000000
0.0410000000
0.0410000000
0.0410000000
0.0410000000
0.0410000000
0.0410000000
0.0410000000
0.0410000000
0.0410000000
0.0410000000
0.0410000000
0.0410000000
0.0410000000
0.0410000000
0.0410000000
0.0410000000
0.0410000000
0.0410000000
0.0410000000
0.0410000000
0.0410000000
0.0410000000
0.0410000000
0.0410000000
0.0410000000
0.0410000000
0.0410000000
0.0410000000
0.0410000000
0.0410000000
0.0410000000
0.0410000000
0.0410000000
0.0410000000
0.0410000000
0.0410000000
0.0410000000
0.0410000000
0.0410000000
0.0410000000
0.0410000000
0.0410000000
0.0410000000
0.0410000000
0.0410000000
0.0410000000
0.0410000000
0.0410000000
0.0410000000
0.0410000000
0.0410000000
0.0410000000
0.0410000000
0.0410000000
0.0410000000
0.0410000000
0.0410000000
0.0410000000
0.0410000000
0.0410000000
0.0410000000
0.0410000000
0.0410000000
0.0410000000
0.0410000000
0.0410000000
0.0410000000
0.0410000000
0.0410000000
0.0410000000
0.0410000000
0.0410000000
0.0410000000
0.0410000000
0.0410000000
0.0410000000
0.0410000000
0.0410000000
0.0410000000
0.0410000000
0.0410000000
0.0410000000
0.0410000000
0.0410000000
0.0410000000
0.0410000000
0.0410000000
0.0410000000
0.0410000000
0.0410000000
0.0410000000
0.0410000000
0.0410000000
0.0410000000
0.0410000000
0.0410000000
0.0410000000
0.0410000000
0.0410000000
0.0410000000
0.0410000000
0.0410000000
0.0410000000
0.0410000000
0.0410000000
0.0410000000
0.0410000000
0.0410000000
0.0410000000
0.0410000000
0.0410000000
0.0410000000
0.0410000000
0.0410000000
0.0410000000
0.0410000000
0.0410000000
0.0410000000
0.0410000000
0.0410000000
0.0410000000
0.0410000000
0.0410000000
0.0410000000
0.0410000000
0.0410000000
0.0410000000
0.0410000000
0.0410000000
0.0410000000
0.0410000000
0.0410000000
0.0410000000
0.0410000000
0.0410000000
0.0410000000
0.0410000000
0.0410000000
0.0410000000
0.0410000000
0.0410000000
0.0410000000
0.0410000000
0.0410000000
0.0410000000
0.0410000000
0.0410000000
0.0410000000
0.0410000000
0.0410000000
0.0410000000
0.0410000000
0.0410000000
0.0410000000
0.0410000000
0.0410000000
0.0410000000
0.0410000000
0.0410000000
0.0410000000
0.0410000000
0.0410000000
0.0410000000
0.0410000000
0.0410000000
0.0410000000
0.0410000000
0.0410000000
0.0410000000
0.0410000000
0.0410000000
0.0410000000
0.0410000000
0.0410000000
0.0410000000
0.0410000000
0.0410000000
0.0410000000
0.0410000000
0.0410000000
0.0410000000
0.0410000000
0.0410000000
0.0410000000
0.0410000000
0.0410000000
0.0410000000
0.0410000000
0.0410000000
0.0410000000
0.0410000000
0.0410000000
0.0410000000
0.0410000000
0.0410000000
0.0410000000
0.0410000000
0.0410000000
0.0410000000
0.0410000000
0.0410000000
0.0410000000
0.0410000000
0.0410000000
0.0410000000
0.0410000000
0.0410000000
0.0410000000
0.0410000000
0.0410000000
0.0410000000
0.0410000000
0.0410000000
0.0410000000
0.0410000000
0.0410000000
0.0410000000
0.0410000000
0.0410000000
0.0410000000
0.0410000000
0.0410000000
0.0410000000
0.0410000000
0.0410000000
0.0410000000
0.0410000000
0.0410000000
0.0410000000
0.0410000000
0.0410000000
0.0410000000
0.0410000000
0.0410000000
0.0410000000
0.0410000000
0.0410000000
0.0410000000
0.0410000000
0.0410000000
0.0410000000
0.0410000000
0.0410000000
0.0410000000
0.0410000000
0.0410000000
0.0410000000
0.0410000000
0.0410000000
0.0410000000
0.0410000000
0.0410000000
0.0410000000
0.0410000000
0.0410000000
0.0410000000
0.0410000000
0.0410000000
0.0410000000
0.0410000000
0.0410000000
0.0410000000
0.0410000000
0.0410000000
0.0410000000
0.0410000000
0.0410000000
0.0410000000
0.0410000000
0.0410000000
0.0410000000
0.0410000000
0.0410000000
0.0410000000
0.0410000000
0.0410000000
0.0410000000
0.0410000000
0.0410000000
0.0410000000
0.0410000000
0.0410000000
0.0410000000
0.0410000000
0.0410000000
0.0410000000
0.0410000000
0.0410000000
0.0410000000
0.0410000000
0.0410000000
0.0410000000
0.0410000000
0.0410000000
0.0410000000
0.0410000000
0.0410000000
0.0410000000
0.0410000000
0.0410000000
0.0410000000
0.0410000000
0.0410000000
0.0410000000
0.0410000000
0.0410000000
0.0410000000
0.0410000000
0.0410000000
0.0410000000
0.0410000000
0.0410000000
0.0410000000
0.0410000000
0.0410000000
0.0410000000
0.0410000000
0.0410000000
0.0410000000
0.0410000000
0.0410000000
0.0410000000
0.0410000000
0.0410000000
0.0410000000
0.0410000000
0.0410000000
0.0410000000
0.0410000000
0.0410000000
0.0410000000
0.0410000000
0.0410000000
0.0410000000
0.0410000000
0.0410000000
0.0410000000
0.0410000000
0.0410000000
0.0410000000
0.0410000000
0.0410000000
0.0410000000
0.0410000000
0.0410000000
0.0410000000
0.0410000000
0.0410000000
0.0410000000
0.0410000000
0.0410000000
0.0410000000
0.0410000000
0.0410000000
0.0410000000
0.0410000000
0.0410000000
0.0410000000
0.0410000000
0.0410000000
0.0410000000
0.0410000000
0.0410000000
0.0410000000
0.0410000000
0.0410000000
0.0410000000
0.0410000000
0.0410000000
0.0410000000
0.0410000000
0.0410000000
0.0410000000
0.0410000000
0.0410000000
0.0410000000
0.0410000000
0.0410000000
0.0410000000
0.0410000000
0.0410000000
0.0410000000
0.0410000000
0.0410000000
0.0410000000
0.0410000000
0.0410000000
0.0410000000
0.0410000000
0.0410000000
0.0410000000
0.0410000000
0.0410000000
0.0410000000
0.0410000000
0.0410000000
0.0410000000
0.0410000000
0.0410000000
0.0410000000
0.0410000000
0.0410000000
0.0410000000
0.0410000000
0.0410000000
0.0410000000
0.0410000000
0.0410000000
0.0410000000
0.0410000000
0.0410000000
0.0410000000
0.0410000000
0.0410000000
0.0410000000
0.0410000000
0.0410000000
0.0410000000
0.0410000000
0.0410000000
0.0410000000
0.0410000000
0.0410000000
0.0410000000
0.0410000000
0.0410000000
0.0410000000
0.0410000000
0.0410000000
0.0410000000
0.0410000000
0.0410000000
0.0410000000
0.0410000000
0.0410000000
0.0410000000
0.0410000000
0.0410000000
0.0410000000
0.0410000000
0.0410000000
0.0410000000
0.0410000000
0.0410000000
0.0410000000
0.0410000000
0.0410000000
0.0410000000
0.0410000000
0.0410000000
0.0410000000
0.0410000000
0.0410000000
0.0410000000
0.0410000000
0.0410000000
0.0410000000
0.0410000000
0.0410000000
0.0410000000
0.0410000000
0.0410000000
0.0410000000
0.0410000000
0.0410000000
0.0410000000
0.0410000000
0.0410000000
0.0410000000
0.0410000000
0.0410000000
0.0410000000
0.0410000000
0.0410000000
0.0410000000
0.0410000000
0.0410000000
0.0410000000
0.0410000000
0.0410000000
0.0410000000
0.0410000000
0.0410000000
0.0410000000
0.0410000000
0.0410000000
0.0410000000
0.0410000000
0.0410000000
0.0410000000
0.0410000000
0.0410000000
0.0410000000
0.0410000000
0.0410000000
0.0410000000
0.0410000000
0.0410000000
0.0410000000
0.0410000000
0.0410000000
0.0410000000
0.0410000000
0.0410000000
0.0410000000
0.0410000000
0.0410000000
0.0410000000
0.0410000000
0.0410000000
0.0410000000
0.0410000000
0.0410000000
0.0410000000
0.0410000000
0.0410000000
0.0410000000
0.0410000000
0.0410000000
0.0410000000
0.0410000000
0.0410000000
0.0410000000
0.0410000000
0.0410000000
0.0410000000
0.0410000000
0.0410000000
0.0410000000
0.0410000000
0.0410000000
0.0410000000
0.0410000000
0.0410000000
0.0410000000
0.0410000000
0.0410000000
0.0410000000
0.0410000000
0.0410000000
0.0410000000
0.0410000000
0.0410000000
0.0410000000
0.0410000000
0.0410000000
0.0410000000
0.0410000000
0.0410000000
0.0410000000
0.0410000000
0.0410000000
0.0410000000
0.0410000000
0.0410000000
0.0410000000
0.0410000000
0.0410000000
0.0410000000
0.0410000000
0.0410000000
0.0410000000
0.0410000000
0.0410000000
0.0410000000
0.0410000000
0.0410000000
0.0410000000
0.0410000000
0.0410000000
0.0410000000
0.0410000000
0.0410000000
0.0410000000
0.0410000000
0.0410000000
0.0410000000
0.0410000000
0.0410000000
0.0410000000
0.0410000000
0.0410000000
0.0410000000
0.0410000000
0.0410000000
0.0410000000
0.0410000000
0.0410000000
0.0410000000
0.0410000000
0.0410000000
0.0410000000
0.0410000000
0.0410000000
0.0410000000
0.0410000000
0.0410000000
0.0410000000
0.0410000000
0.0410000000
0.0410000000
0.0410000000
0.0410000000
0.0410000000
0.0410000000
0.0410000000
0.0410000000
0.0410000000
0.0410000000
0.0410000000
0.0410000000
0.0410000000
0.0410000000
0.0410000000
0.0410000000
0.0410000000
0.0410000000
0.0410000000
0.0410000000
0.0410000000
0.0410000000
0.0410000000
0.0410000000
0.0410000000
0.0410000000
0.0410000000
0.0410000000
0.0410000000
0.0410000000
0.0410000000
0.0410000000
0.0410000000
0.0410000000
0.0410000000
0.0410000000
0.0410000000
0.0410000000
0.0410000000
0.0410000000
0.0410000000
0.0410000000
0.0410000000
0.0410000000
0.0410000000
0.0410000000
0.0410000000
0.0410000000
0.0410000000
0.0410000000
0.0410000000
0.0410000000
0.0410000000
0.0410000000
0.0410000000
0.0410000000
0.0410000000
0.0410000000
0.0410000000
0.0410000000
0.0410000000
0.0410000000
0.0410000000
0.0410000000
0.0410000000
0.0410000000
0.0410000000
0.0410000000
0.0410000000
0.0410000000
0.0410000000
0.0410000000
0.0410000000
0.0410000000
0.0410000000
0.0410000000
0.0410000000
0.0410000000
0.0410000000
0.0410000000
0.0410000000
0.0410000000
0.0410000000
0.0410000000
0.0410000000
0.0410000000
0.0410000000
0.0410000000
0.0410000000
0.0410000000
0.0410000000
0.0410000000
0.0410000000
0.0410000000
0.0410000000
0.0410000000
0.0410000000
0.0410000000
0.0410000000
0.0410000000
0.0410000000
0.0410000000
0.0410000000
0.0410000000
0.0410000000
0.0410000000
0.0410000000
0.0410000000
0.0410000000
0.0410000000
0.0410000000
0.0410000000
0.0410000000
0.0410000000
0.0410000000
0.0410000000
0.0410000000
0.0410000000
0.0410000000
0.0410000000
0.0410000000
0.0410000000
0.0410000000
0.0410000000
0.0410000000
0.0410000000
0.0410000000
0.0410000000
0.0410000000
0.0410000000
0.0410000000
0.0410000000
0.0410000000
0.0410000000
0.0410000000
0.0410000000
0.0410000000
0.0410000000
0.0410000000
0.0410000000
0.0410000000
0.0410000000
0.0410000000
0.0410000000
0.0410000000
0.0410000000
0.0410000000
0.0410000000
0.0410000000
0.0410000000
0.0410000000
0.0410000000
0.0410000000
0.0410000000
0.0410000000
0.0410000000
0.0410000000
0.0410000000
0.0410000000
0.0410000000
0.0410000000
0.0410000000
0.0410000000
0.0410000000
0.0410000000
0.0410000000
0.0410000000
0.0410000000
0.0410000000
0.0410000000
0.0410000000
0.0410000000
0.0410000000
0.0410000000
0.0410000000
0.0410000000
0.0410000000
0.0410000000
0.0410000000
0.0410000000
0.0410000000
0.0410000000
0.0410000000
0.0410000000
0.0410000000
0.0410000000
0.0410000000
0.0410000000
0.0410000000
0.0410000000
0.0410000000
0.0410000000
0.0410000000
0.0410000000
0.0410000000
0.0410000000
0.0410000000
0.0410000000
0.0410000000
0.0410000000
0.0410000000
0.0410000000
0.0410000000
0.0410000000
0.0410000000
0.0410000000
0.0410000000
0.0410000000
0.0410000000
0.0410000000
0.0410000000
0.0410000000
0.0410000000
0.0410000000
0.0410000000
0.0410000000
0.0410000000
0.0410000000
0.0410000000
0.0410000000
0.0410000000
0.0410000000
0.0410000000
0.0410000000
0.0410000000
0.0410000000
0.0410000000
0.0410000000
0.0410000000
0.0410000000
0.0410000000
0.0410000000
0.0410000000
0.0410000000
0.0410000000
0.0410000000
0.0410000000
0.0410000000
0.0410000000
0.0410000000
0.0410000000
0.0410000000
0.0410000000
0.0410000000
0.0410000000
0.0410000000
0.0410000000
0.0410000000
0.0410000000
0.0410000000
0.0410000000
0.0410000000
0.0410000000
0.0410000000
0.0410000000
0.0410000000
0.0410000000
0.0410000000
0.0410000000
0.0410000000
0.0410000000
0.0410000000
0.0410000000
0.0410000000
0.0410000000
0.0410000000
0.0410000000
0.0410000000
0.0410000000
0.0410000000
0.0410000000
0.0410000000
0.0410000000
0.0410000000
0.0410000000
0.0410000000
0.0410000000
0.0410000000
0.0410000000
0.0410000000
0.0410000000
0.0410000000
0.0410000000
0.0410000000
0.0410000000
0.0410000000
0.0410000000
0.0410000000
0.0410000000
0.0410000000
0.0410000000
0.0410000000
0.0410000000
0.0410000000
0.0410000000
0.0410000000
0.0410000000
0.0410000000
0.0410000000
0.0410000000
0.0410000000
0.0410000000
0.0410000000
0.0410000000
0.0410000000
0.0410000000
0.0410000000
0.0410000000
0.0410000000
0.0410000000
0.0410000000
0.0410000000
0.0410000000
0.0410000000
0.0410000000
0.0410000000
0.0410000000
0.0410000000
0.0410000000
0.0410000000
0.0410000000
0.0410000000
0.0410000000
0.0410000000
0.0410000000
0.0410000000
0.0410000000
0.0410000000
0.0410000000
0.0410000000
0.0410000000
0.0410000000
0.0410000000
0.0410000000
0.0410000000
0.0410000000
0.0410000000
0.0410000000
0.0410000000
0.0410000000
0.0410000000
0.0410000000
0.0410000000
0.0410000000
0.0410000000
0.0410000000
0.0410000000
0.0410000000
0.0410000000
0.0410000000
0.0410000000
0.0410000000
0.0410000000
0.0410000000
0.0410000000
0.0410000000
0.0410000000
0.0410000000
0.0410000000
0.0410000000
0.0410000000
0.0410000000
0.0410000000
0.0410000000
0.0410000000
0.0410000000
0.0410000000
0.0410000000
0.0410000000
0.0410000000
0.0410000000
0.0410000000
0.0410000000
0.0410000000
0.0410000000
0.0410000000
0.0410000000
0.0410000000
0.0410000000
0.0410000000
0.0410000000
0.0410000000
0.0410000000
0.0410000000
0.0410000000
0.0410000000
0.0410000000
0.0410000000
0.0410000000
0.0410000000
0.0410000000
0.0410000000
0.0410000000
0.0410000000
0.0410000000
0.0410000000
0.0410000000
0.0410000000
0.0410000000
0.0410000000
0.0410000000
0.0410000000
0.0410000000
0.0410000000
0.0410000000
0.0410000000
0.0410000000
0.0410000000
0.0410000000
0.0410000000
0.0410000000
0.0410000000
0.0410000000
0.0410000000
0.0410000000
0.0410000000
0.0410000000
0.0410000000
0.0410000000
0.0410000000
0.0410000000
0.0410000000
0.0410000000
0.0410000000
0.0410000000
0.0410000000
0.0410000000
0.0410000000
0.0410000000
0.0410000000
0.0410000000
0.0410000000
0.0410000000
0.0410000000
0.0410000000
0.0410000000
0.0410000000
0.0410000000
0.0410000000
0.0410000000
0.0410000000
0.0410000000
0.0410000000
0.0410000000
0.0410000000
0.0410000000
0.0410000000
0.0410000000
0.0410000000
0.0410000000
0.0410000000
0.0410000000
0.0410000000
0.0410000000
0.0410000000
0.0410000000
0.0410000000
0.0410000000
0.0410000000
0.0410000000
0.0410000000
0.0410000000
0.0410000000
0.0410000000
0.0410000000
0.0410000000
0.0410000000
0.0410000000
0.0410000000
0.0410000000
0.0410000000
0.0410000000
0.0410000000
0.0410000000
0.0410000000
0.0410000000
0.0410000000
0.0410000000
0.0410000000
0.0410000000
0.0410000000
0.0410000000
0.0410000000
0.0410000000
0.0410000000
0.0410000000
0.0410000000
0.0410000000
0.0410000000
0.0410000000
0.0410000000
0.0410000000
0.0410000000
0.0410000000
0.0410000000
0.0410000000
0.0410000000
0.0410000000
0.0410000000
0.0410000000
0.0410000000
0.0410000000
0.0410000000
0.0410000000
0.0410000000
0.0410000000
0.0410000000
0.0410000000
0.0410000000
0.0410000000
0.0410000000
0.0410000000
0.0410000000
0.0410000000
0.0410000000
0.0410000000
0.0410000000
0.0410000000
0.0410000000
0.0410000000
0.0410000000
0.0410000000
0.0410000000
0.0410000000
0.0410000000
0.0410000000
0.0410000000
0.0410000000
0.0410000000
0.0410000000
0.0410000000
0.0410000000
0.0410000000
0.0410000000
0.0410000000
0.0410000000
0.0410000000
0.0410000000
0.0410000000
0.0410000000
0.0410000000
0.0410000000
0.0410000000
0.0410000000
0.0410000000
0.0410000000
0.0410000000
0.0410000000
0.0410000000
0.0410000000
0.0410000000
0.0410000000
0.0410000000
0.0410000000
0.0410000000
0.0410000000
0.0410000000
0.0410000000
0.0410000000
0.0410000000
0.0410000000
0.0410000000
0.0410000000
0.0410000000
0.0410000000
0.0410000000
0.0410000000
0.0410000000
0.0410000000
0.0410000000
0.0410000000
0.0410000000
0.0410000000
0.0410000000
0.0410000000
0.0410000000
0.0410000000
0.0410000000
0.0410000000
0.0410000000
0.0410000000
0.0410000000
0.0410000000
0.0410000000
0.0410000000
0.0410000000
0.0410000000
0.0410000000
0.0410000000
0.0410000000
0.0410000000
0.0410000000
0.0410000000
0.0410000000
0.0410000000
0.0410000000
0.0410000000
0.0410000000
0.0410000000
0.0410000000
0.0410000000
0.0410000000
0.0410000000
0.0410000000
0.0410000000
0.0410000000
0.0410000000
0.0410000000
0.0410000000
0.0410000000
0.0410000000
0.0410000000
0.0410000000
0.0410000000
0.0410000000
0.0410000000
0.0410000000
0.0410000000
0.0410000000
0.0410000000
0.0410000000
0.0410000000
0.0410000000
0.0410000000
0.0410000000
0.0410000000
0.0410000000
0.0410000000
0.0410000000
0.0410000000
0.0410000000
0.0410000000
0.0410000000
0.0410000000
0.0410000000
0.0410000000
0.0410000000
0.0410000000
0.0410000000
0.0410000000
0.0410000000
0.0410000000
0.0410000000
0.0410000000
0.0410000000
0.0410000000
0.0410000000
0.0410000000
0.0410000000
0.0410000000
0.0410000000
0.0410000000
0.0410000000
0.0410000000
0.0410000000
0.0410000000
0.0410000000
0.0410000000
0.0410000000
0.0410000000
0.0410000000
0.0410000000
0.0410000000
0.0410000000
0.0410000000
0.0410000000
0.0410000000
0.0410000000
0.0410000000
0.0410000000
0.0410000000
0.0410000000
0.0410000000
0.0410000000
0.0410000000
0.0410000000
0.0410000000
0.0410000000
0.0410000000
0.0410000000
0.0410000000
0.0410000000
0.0410000000
0.0410000000
0.0410000000
0.0410000000
0.0410000000
0.0410000000
0.0410000000
0.0410000000
0.0410000000
0.0410000000
0.0410000000
0.0410000000
0.0410000000
0.0410000000
0.0410000000
0.0410000000
0.0410000000
0.0410000000
0.0410000000
0.0410000000
0.0410000000
0.0410000000
0.0410000000
0.0410000000
0.0410000000
0.0410000000
0.0410000000
0.0410000000
0.0410000000
0.0410000000
0.0410000000
0.0410000000
0.0410000000
0.0410000000
0.0410000000
0.0410000000
0.0410000000
0.0410000000
0.0410000000
0.0410000000
0.0410000000
0.0410000000
0.0410000000
0.0410000000
0.0410000000
0.0410000000
0.0410000000
0.0410000000
0.0410000000
0.0410000000
0.0410000000
0.0410000000
0.0410000000
0.0410000000
0.0410000000
0.0410000000
0.0410000000
0.0410000000
0.0410000000
0.0410000000
0.0410000000
0.0410000000
0.0410000000
0.0410000000
0.0410000000
0.0410000000
0.0410000000
0.0410000000
0.0410000000
0.0410000000
0.0410000000
0.0410000000
0.0410000000
0.0410000000
0.0410000000
0.0410000000
0.0410000000
0.0410000000
0.0410000000
0.0410000000
0.0410000000
0.0410000000
0.0410000000
0.0410000000
0.0410000000
0.0410000000
0.0410000000
0.0410000000
0.0410000000
0.0410000000
0.0410000000
0.0410000000
0.0410000000
0.0410000000
0.0410000000
0.0410000000
0.0410000000
0.0410000000
0.0410000000
0.0410000000
0.0410000000
0.0410000000
0.0410000000
0.0410000000
0.0410000000
0.0410000000
0.0410000000
0.0410000000
0.0410000000
0.0410000000
0.0410000000
0.0410000000
0.0410000000
0.0410000000
0.0410000000
0.0410000000
0.0410000000
0.0410000000
0.0410000000
0.0410000000
0.0410000000
0.0410000000
0.0410000000
0.0410000000
0.0410000000
0.0410000000
0.0410000000
0.0410000000
0.0410000000
0.0410000000
0.0410000000
0.0410000000
0.0410000000
0.0410000000
0.0410000000
0.0410000000
0.0410000000
0.0410000000
0.0410000000
0.0410000000
0.0410000000
0.0410000000
0.0410000000
0.0410000000
0.0410000000
0.0410000000
0.0410000000
0.0410000000
0.0410000000
0.0410000000
0.0410000000
0.0410000000
0.0410000000
0.0410000000
0.0410000000
0.0410000000
0.0410000000
0.0410000000
0.0410000000
0.0410000000
0.0410000000
0.0410000000
0.0410000000
0.0410000000
0.0410000000
0.0410000000
0.0410000000
0.0410000000
0.0410000000
0.0410000000
0.0410000000
0.0410000000
0.0410000000
0.0410000000
0.0410000000
0.0410000000
0.0410000000
0.0410000000
0.0410000000
0.0410000000
0.0410000000
0.0410000000
0.0410000000
0.0410000000
0.0410000000
0.0410000000
0.0410000000
0.0410000000
0.0410000000
0.0410000000
0.0410000000
0.0410000000
0.0410000000
0.0410000000
0.0410000000
0.0410000000
0.0410000000
0.0410000000
0.0410000000
0.0410000000
0.0410000000
0.0410000000
0.0410000000
0.0410000000
0.0410000000
0.0410000000
0.0410000000
0.0410000000
0.0410000000
0.0410000000
0.0410000000
0.0410000000
0.0410000000
0.0410000000
0.0410000000
0.0410000000
0.0410000000
0.0410000000
0.0410000000
0.0410000000
0.0410000000
0.0410000000
0.0410000000
0.0410000000
0.0410000000
0.0410000000
0.0410000000
0.0410000000
0.0410000000
0.0410000000
0.0410000000
0.0410000000
0.0410000000
0.0410000000
0.0410000000
0.0410000000
0.0410000000
0.0410000000
0.0410000000
0.0410000000
0.0410000000
0.0410000000
0.0410000000
0.0410000000
0.0410000000
0.0410000000
0.0410000000
0.0410000000
0.0410000000
0.0410000000
0.0410000000
0.0410000000
0.0410000000
0.0410000000
0.0410000000
0.0410000000
0.0410000000
0.0410000000
0.0410000000
0.0410000000
0.0410000000
0.0410000000
0.0410000000
0.0410000000
0.0410000000
0.0410000000
0.0410000000
0.0410000000
0.0410000000
0.0410000000
0.0410000000
0.0410000000
0.0410000000
0.0410000000
0.0410000000
0.0410000000
0.0410000000
0.0410000000
0.0410000000
0.0410000000
0.0410000000
0.0410000000
0.0410000000
0.0410000000
0.0410000000
0.0410000000
0.0410000000
0.0410000000
0.0410000000
0.0410000000
0.0410000000
0.0410000000
0.0410000000
0.0410000000
0.0410000000
0.0410000000
0.0410000000
0.0410000000
0.0410000000
0.0410000000
0.0410000000
0.0410000000
0.0410000000
0.0410000000
0.0410000000
0.0410000000
0.0410000000
0.0410000000
0.0410000000
0.0410000000
0.0410000000
0.0410000000
0.0410000000
0.0410000000
0.0410000000
0.0410000000
0.0410000000
0.0410000000
0.0410000000
0.0410000000
0.0410000000
0.0410000000
0.0410000000
0.0410000000
0.0410000000
0.0410000000
0.0410000000
0.0410000000
0.0410000000
0.0410000000
0.0410000000
0.0410000000
0.0410000000
0.0410000000
0.0410000000
0.0410000000
0.0410000000
0.0410000000
0.0410000000
0.0410000000
0.0410000000
0.0410000000
0.0410000000
0.0410000000
0.0410000000
0.0410000000
0.0410000000
0.0410000000
0.0410000000
0.0410000000
0.0410000000
0.0410000000
0.0410000000
0.0410000000
0.0410000000
0.0410000000
0.0410000000
0.0410000000
0.0410000000
0.0410000000
0.0410000000
0.0410000000
0.0410000000
0.0410000000
0.0410000000
0.0410000000
0.0410000000
0.0410000000
0.0410000000
0.0410000000
0.0410000000
0.0410000000
0.0410000000
0.0410000000
0.0410000000
0.0410000000
0.0410000000
0.0410000000
0.0410000000
0.0410000000
0.0410000000
0.0410000000
0.0410000000
0.0410000000
0.0410000000
0.0410000000
0.0410000000
0.0410000000
0.0410000000
0.0410000000
0.0410000000
0.0410000000
0.0410000000
0.0410000000
0.0410000000
0.0410000000
0.0410000000
0.0410000000
0.0410000000
0.0410000000
0.0410000000
0.0410000000
0.0410000000
0.0410000000
0.0410000000
0.0410000000
0.0410000000
0.0410000000
0.0410000000
0.0410000000
0.0410000000
0.0410000000
0.0410000000
0.0410000000
0.0410000000
0.0410000000
0.0410000000
0.0410000000
0.0410000000
0.0410000000
0.0410000000
0.0410000000
0.0410000000
0.0410000000
0.0410000000
0.0410000000
0.0410000000
0.0410000000
0.0410000000
0.0410000000
0.0410000000
0.0410000000
0.0410000000
0.0410000000
0.0410000000
0.0410000000
0.0410000000
0.0410000000
0.0410000000
0.0410000000
0.0410000000
0.0410000000
0.0410000000
0.0410000000
0.0410000000
0.0410000000
0.0410000000
0.0410000000
0.0410000000
0.0410000000
0.0410000000
0.0410000000
0.0410000000
0.0410000000
0.0410000000
0.0410000000
0.0410000000
0.0410000000
0.0410000000
0.0410000000
0.0410000000
0.0410000000
0.0410000000
0.0410000000
0.0410000000
0.0410000000
0.0410000000
0.0410000000
0.0410000000
0.0410000000
0.0410000000
0.0410000000
0.0410000000
0.0410000000
0.0410000000
0.0410000000
0.0410000000
0.0410000000
0.0410000000
0.0410000000
0.0410000000
0.0410000000
0.0410000000
0.0410000000
0.0410000000
0.0410000000
0.0410000000
0.0410000000
0.0410000000
0.0410000000
0.0410000000
0.0410000000
0.0410000000
0.0410000000
0.0410000000
0.0410000000
0.0410000000
0.0410000000
0.0410000000
0.0410000000
0.0410000000
0.0410000000
0.0410000000
0.0410000000
0.0410000000
0.0410000000
0.0410000000
0.0410000000
0.0410000000
0.0410000000
0.0410000000
0.0410000000
0.0410000000
0.0410000000
0.0410000000
0.0410000000
0.0410000000
0.0410000000
0.0410000000
0.0410000000
0.0410000000
0.0410000000
0.0410000000
0.0410000000
0.0410000000
0.0410000000
0.0410000000
0.0410000000
0.0410000000
0.0410000000
0.0410000000
0.0410000000
0.0410000000
0.0410000000
0.0410000000
0.0410000000
0.0410000000
0.0410000000
0.0410000000
0.0410000000
0.0410000000
0.0410000000
0.0410000000
0.0410000000
0.0410000000
0.0410000000
0.0410000000
0.0410000000
0.0410000000
0.0410000000
0.0410000000
0.0410000000
0.0410000000
0.0410000000
0.0410000000
0.0410000000
0.0410000000
0.0410000000
0.0410000000
0.0410000000
0.0410000000
0.0410000000
0.0410000000
0.0410000000
0.0410000000
0.0410000000
0.0410000000
0.0410000000
0.0410000000
0.0410000000
0.0410000000
0.0410000000
0.0410000000
0.0410000000
0.0410000000
0.0410000000
0.0410000000
0.0410000000
0.0410000000
0.0410000000
0.0410000000
0.0410000000
0.0410000000
0.0410000000
0.0410000000
0.0410000000
0.0410000000
0.0410000000
0.0410000000
0.0410000000
0.0410000000
0.0410000000
0.0410000000
0.0410000000
0.0410000000
0.0410000000
0.0410000000
0.0410000000
0.0410000000
0.0410000000
0.0410000000
0.0410000000
0.0410000000
0.0410000000
0.0410000000
0.0410000000
0.0410000000
0.0410000000
0.0410000000
0.0410000000
0.0410000000
0.0410000000
0.0410000000
0.0410000000
0.0410000000
0.0410000000
0.0410000000
0.0410000000
0.0410000000
0.0410000000
0.0410000000
0.0410000000
0.0410000000
0.0410000000
0.0410000000
0.0410000000
0.0410000000
0.0410000000
0.0410000000
0.0410000000
0.0410000000
0.0410000000
0.0410000000
0.0410000000
0.0410000000
0.0410000000
0.0410000000
0.0410000000
0.0410000000
0.0410000000
0.0410000000
0.0410000000
0.0410000000
0.0410000000
0.0410000000
0.0410000000
0.0410000000
0.0410000000
0.0410000000
0.0410000000
0.0410000000
0.0410000000
0.0410000000
0.0410000000
0.0410000000
0.0410000000
0.0410000000
0.0410000000
0.0410000000
0.0410000000
0.0410000000
0.0410000000
0.0410000000
0.0410000000
0.0410000000
0.0410000000
0.0410000000
0.0410000000
0.0410000000
0.0410000000
0.0410000000
0.0410000000
0.0410000000
0.0410000000
0.0410000000
0.0410000000
0.0410000000
0.0410000000
0.0410000000
0.0410000000
0.0410000000
0.0410000000
0.0410000000
0.0410000000
0.0410000000
0.0410000000
0.0410000000
0.0410000000
0.0410000000
0.0410000000
0.0410000000
0.0410000000
0.0410000000
0.0410000000
0.0410000000
0.0410000000
0.0410000000
0.0410000000
0.0410000000
0.0410000000
0.0410000000
0.0410000000
0.0410000000
0.0410000000
0.0410000000
0.0410000000
0.0410000000
0.0410000000
0.0410000000
0.0410000000
0.0410000000
0.0410000000
0.0410000000
0.0410000000
0.0410000000
0.0410000000
0.0410000000
0.0410000000
0.0410000000
0.0410000000
0.0410000000
0.0410000000
0.0410000000
0.0410000000
0.0410000000
0.0410000000
0.0410000000
0.0410000000
0.0410000000
0.0410000000
0.0410000000
0.0410000000
0.0410000000
0.0410000000
0.0410000000
0.0410000000
0.0410000000
0.0410000000
0.0410000000
0.0410000000
0.0410000000
0.0410000000
0.0410000000
0.0410000000
0.0410000000
0.0410000000
0.0410000000
0.0410000000
0.0410000000
0.0410000000
0.0410000000
0.0410000000
0.0410000000
0.0410000000
0.0410000000
0.0410000000
0.0410000000
0.0410000000
0.0410000000
0.0410000000
0.0410000000
0.0410000000
0.0410000000
0.0410000000
0.0410000000
0.0410000000
0.0410000000
0.0410000000
0.0410000000
0.0410000000
0.0410000000
0.0410000000
0.0410000000
0.0410000000
0.0410000000
0.0410000000
0.0410000000
0.0410000000
0.0410000000
0.0410000000
0.0410000000
0.0410000000
0.0410000000
0.0410000000
0.0410000000
0.0410000000
0.0410000000
0.0410000000
0.0410000000
0.0410000000
0.0410000000
0.0410000000
0.0410000000
0.0410000000
0.0410000000
0.0410000000
0.0410000000
0.0410000000
0.0410000000
0.0410000000
0.0410000000
0.0410000000
0.0410000000
0.0410000000
0.0410000000
0.0410000000
0.0410000000
0.0410000000
0.0410000000
0.0410000000
0.0410000000
0.0410000000
0.0410000000
0.0410000000
0.0410000000
0.0410000000
0.0410000000
0.0410000000
0.0410000000
0.0410000000
0.0410000000
0.0410000000
0.0410000000
0.0410000000
0.0410000000
0.0410000000
0.0410000000
0.0410000000
0.0410000000
0.0410000000
0.0410000000
0.0410000000
0.0410000000
0.0410000000
0.0410000000
0.0410000000
0.0410000000
0.0410000000
0.0410000000
0.0410000000
0.0410000000
0.0410000000
0.0410000000
0.0410000000
0.0410000000
0.0410000000
0.0410000000
0.0410000000
0.0410000000
0.0410000000
0.0410000000
0.0410000000
0.0410000000
0.0410000000
0.0410000000
0.0410000000
0.0410000000
0.0410000000
0.0410000000
0.0410000000
0.0410000000
0.0410000000
0.0410000000
0.0410000000
0.0410000000
0.0410000000
0.0410000000
0.0410000000
0.0410000000
0.0410000000
0.0410000000
0.0410000000
0.0410000000
0.0410000000
0.0410000000
0.0410000000
0.0410000000
0.0410000000
0.0410000000
0.0410000000
0.0410000000
0.0410000000
0.0410000000
0.0410000000
0.0410000000
0.0410000000
0.0410000000
0.0410000000
0.0410000000
0.0410000000
0.0410000000
0.0410000000
0.0410000000
0.0410000000
0.0410000000
0.0410000000
0.0410000000
0.0410000000
0.0410000000
0.0410000000
0.0410000000
0.0410000000
0.0410000000
0.0410000000
0.0410000000
0.0410000000
0.0410000000
0.0410000000
0.0410000000
0.0410000000
0.0410000000
0.0410000000
0.0410000000
0.0410000000
0.0410000000
0.0410000000
0.0410000000
0.0410000000
0.0410000000
0.0410000000
0.0410000000
0.0410000000
0.0410000000
0.0410000000
0.0410000000
0.0410000000
0.0410000000
0.0410000000
0.0410000000
0.0410000000
0.0410000000
0.0410000000
0.0410000000
0.0410000000
0.0410000000
0.0410000000
0.0410000000
0.0410000000
0.0410000000
0.0410000000
0.0410000000
0.0410000000
0.0410000000
0.0410000000
0.0410000000
0.0410000000
0.0410000000
0.0410000000
0.0410000000
0.0410000000
0.0410000000
0.0410000000
0.0410000000
0.0410000000
0.0410000000
0.0410000000
0.0410000000
0.0410000000
0.0410000000
0.0410000000
0.0410000000
0.0410000000
0.0410000000
0.0410000000
0.0410000000
0.0410000000
0.0410000000
0.0410000000
0.0410000000
0.0410000000
0.0410000000
0.0410000000
0.0410000000
0.0410000000
0.0410000000
0.0410000000
0.0410000000
0.0410000000
0.0410000000
0.0410000000
0.0410000000
0.0410000000
0.0410000000
0.0410000000
0.0410000000
0.0410000000
0.0410000000
0.0410000000
0.0410000000
0.0410000000
0.0410000000
0.0410000000
0.0410000000
0.0410000000
0.0410000000
0.0410000000
0.0410000000
0.0410000000
0.0410000000
0.0410000000
0.0410000000
0.0410000000
0.0410000000
0.0410000000
0.0410000000
0.0410000000
0.0410000000
0.0410000000
0.0410000000
0.0410000000
0.0410000000
0.0410000000
0.0410000000
0.0410000000
0.0410000000
0.0410000000
0.0410000000
0.0410000000
0.0410000000
0.0410000000
0.0410000000
0.0410000000
0.0410000000
0.0410000000
0.0410000000
0.0410000000
0.0410000000
0.0410000000
0.0410000000
0.0410000000
0.0410000000
0.0410000000
0.0410000000
0.0410000000
0.0410000000
0.0410000000
0.0410000000
0.0410000000
0.0410000000
0.0410000000
0.0410000000
0.0410000000
0.0410000000
0.0410000000
0.0410000000
0.0410000000
0.0410000000
0.0410000000
0.0410000000
0.0410000000
0.0410000000
0.0410000000
0.0410000000
0.0410000000
0.0410000000
0.0410000000
0.0410000000
0.0410000000
0.0410000000
0.0410000000
0.0410000000
0.0410000000
0.0410000000
0.0410000000
0.0410000000
0.0410000000
0.0410000000
0.0410000000
0.0410000000
0.0410000000
0.0410000000
0.0410000000
0.0410000000
0.0410000000
0.0410000000
0.0410000000
0.0410000000
0.0410000000
0.0410000000
0.0410000000
0.0410000000
0.0410000000
0.0410000000
0.0410000000
0.0410000000
0.0410000000
0.0410000000
0.0410000000
0.0410000000
0.0410000000
0.0410000000
0.0410000000
0.0410000000
0.0410000000
0.0410000000
0.0410000000
0.0410000000
0.0410000000
0.0410000000
0.0410000000
0.0410000000
0.0410000000
0.0410000000
0.0410000000
0.0410000000
0.0410000000
0.0410000000
0.0410000000
0.0410000000
0.0410000000
0.0410000000
0.0410000000
0.0410000000
0.0410000000
0.0410000000
0.0410000000
0.0410000000
0.0410000000
0.0410000000
0.0410000000
0.0410000000
0.0410000000
0.0410000000
0.0410000000
0.0410000000
0.0410000000
0.0410000000
0.0410000000
0.0410000000
0.0410000000
0.0410000000
0.0410000000
0.0410000000
0.0410000000
0.0410000000
0.0410000000
0.0410000000
0.0410000000
0.0410000000
0.0410000000
0.0410000000
0.0410000000
0.0410000000
0.0410000000
0.0410000000
0.0410000000
0.0410000000
0.0410000000
0.0410000000
0.0410000000
0.0410000000
0.0410000000
0.0410000000
0.0410000000
0.0410000000
0.0410000000
0.0410000000
0.0410000000
0.0410000000
0.0410000000
0.0410000000
0.0410000000
0.0410000000
0.0410000000
0.0410000000
0.0410000000
0.0410000000
0.0410000000
0.0410000000
0.0410000000
0.0410000000
0.0410000000
0.0410000000
0.0410000000
0.0410000000
0.0410000000
0.0410000000
0.0410000000
0.0410000000
0.0410000000
0.0410000000
0.0410000000
0.0410000000
0.0410000000
0.0410000000
0.0410000000
0.0410000000
0.0410000000
0.0410000000
0.0410000000
0.0410000000
0.0410000000
0.0410000000
0.0410000000
0.0410000000
0.0410000000
0.0410000000
0.0410000000
0.0410000000
0.0410000000
0.0410000000
0.0410000000
0.0410000000
0.0410000000
0.0410000000
0.0410000000
0.0410000000
0.0410000000
0.0410000000
0.0410000000
0.0410000000
0.0410000000
0.0410000000
0.0410000000
0.0410000000
0.0410000000
0.0410000000
0.0410000000
0.0410000000
0.0410000000
0.0410000000
0.0410000000
0.0410000000
0.0410000000
0.0410000000
0.0410000000
0.0410000000
0.0410000000
0.0410000000
0.0410000000
0.0410000000
0.0410000000
0.0410000000
0.0410000000
0.0410000000
0.0410000000
0.0410000000
0.0410000000
0.0410000000
0.0410000000
0.0410000000
0.0410000000
0.0410000000
0.0410000000
0.0410000000
0.0410000000
0.0410000000
0.0410000000
0.0410000000
0.0410000000
0.0410000000
0.0410000000
0.0410000000
0.0410000000
0.0410000000
0.0410000000
0.0410000000
0.0410000000
0.0410000000
0.0410000000
0.0410000000
0.0410000000
0.0410000000
0.0410000000
0.0410000000
0.0410000000
0.0410000000
0.0410000000
0.0410000000
0.0410000000
0.0410000000
0.0410000000
0.0410000000
0.0410000000
0.0410000000
0.0410000000
0.0410000000
0.0410000000
0.0410000000
0.0410000000
0.0410000000
0.0410000000
0.0410000000
0.0410000000
0.0410000000
0.0410000000
0.0410000000
0.0410000000
0.0410000000
0.0410000000
0.0410000000
0.0410000000
0.0410000000
0.0410000000
0.0410000000
0.0410000000
0.0410000000
0.0410000000
0.0410000000
0.0410000000
0.0410000000
0.0410000000
0.0410000000
0.0410000000
0.0410000000
0.0410000000
0.0410000000
0.0410000000
0.0410000000
0.0410000000
0.0410000000
0.0410000000
0.0410000000
0.0410000000
0.0410000000
0.0410000000
0.0410000000
0.0410000000
0.0410000000
0.0410000000
0.0410000000
0.0410000000
0.0410000000
0.0410000000
0.0410000000
0.0410000000
0.0410000000
0.0410000000
0.0410000000
0.0410000000
0.0410000000
0.0410000000
0.0410000000
0.0410000000
0.0410000000
0.0410000000
0.0410000000
0.0410000000
0.0410000000
0.0410000000
0.0410000000
0.0410000000
0.0410000000
0.0410000000
0.0410000000
0.0410000000
0.0410000000
0.0410000000
0.0410000000
0.0410000000
0.0410000000
0.0410000000
0.0410000000
0.0410000000
0.0410000000
0.0410000000
0.0410000000
0.0410000000
0.0410000000
0.0410000000
0.0410000000
0.0410000000
0.0410000000
0.0410000000
0.0410000000
0.0410000000
0.0410000000
0.0410000000
0.0410000000
0.0410000000
0.0410000000
0.0410000000
0.0410000000
0.0410000000
0.0410000000
0.0410000000
0.0410000000
0.0410000000
0.0410000000
0.0410000000
0.0410000000
0.0410000000
0.0410000000
0.0410000000
0.0410000000
0.0410000000
0.0410000000
0.0410000000
0.0410000000
0.0410000000
0.0410000000
0.0410000000
0.0410000000
0.0410000000
0.0410000000
0.0410000000
0.0410000000
0.0410000000
0.0410000000
0.0410000000
0.0410000000
0.0410000000
0.0410000000
0.0410000000
0.0410000000
0.0410000000
0.0410000000
0.0410000000
0.0410000000
0.0410000000
0.0410000000
0.0410000000
0.0410000000
0.0410000000
0.0410000000
0.0410000000
0.0410000000
0.0410000000
0.0410000000
0.0410000000
0.0410000000
0.0410000000
0.0410000000
0.0410000000
0.0410000000
0.0410000000
0.0410000000
0.0410000000
0.0410000000
0.0410000000
0.0410000000
0.0410000000
0.0410000000
0.0410000000
0.0410000000
0.0410000000
0.0410000000
0.0410000000
0.0410000000
0.0410000000
0.0410000000
0.0410000000
0.0410000000
0.0410000000
0.0410000000
0.0410000000
0.0410000000
0.0410000000
0.0410000000
0.0410000000
0.0410000000
0.0410000000
0.0410000000
0.0410000000
0.0410000000
0.0410000000
0.0410000000
0.0410000000
0.0410000000
0.0410000000
0.0410000000
0.0410000000
0.0410000000
0.0410000000
0.0410000000
0.0410000000
0.0410000000
0.0410000000
0.0410000000
0.0410000000
0.0410000000
0.0410000000
0.0410000000
0.0410000000
0.0410000000
0.0410000000
0.0410000000
0.0410000000
0.0410000000
0.0410000000
0.0410000000
0.0410000000
0.0410000000
0.0410000000
0.0410000000
0.0410000000
0.0410000000
0.0410000000
0.0410000000
0.0410000000
0.0410000000
0.0410000000
0.0410000000
0.0410000000
0.0410000000
0.0410000000
0.0410000000
0.0410000000
0.0410000000
0.0410000000
0.0410000000
0.0410000000
0.0410000000
0.0410000000
0.0410000000
0.0410000000
0.0410000000
0.0410000000
0.0410000000
0.0410000000
0.0410000000
0.0410000000
0.0410000000
0.0410000000
0.0410000000
0.0410000000
0.0410000000
0.0410000000
0.0410000000
0.0410000000
0.0410000000
0.0410000000
0.0410000000
0.0410000000
0.0410000000
0.0410000000
0.0410000000
0.0410000000
0.0410000000
0.0410000000
0.0410000000
0.0410000000
0.0410000000
0.0410000000
0.0410000000
0.0410000000
0.0410000000
0.0410000000
0.0410000000
0.0410000000
0.0410000000
0.0410000000
0.0410000000
0.0410000000
0.0410000000
0.0410000000
0.0410000000
0.0410000000
0.0410000000
0.0410000000
0.0410000000
0.0410000000
0.0410000000
0.0410000000
0.0410000000
0.0410000000
0.0410000000
0.0410000000
0.0410000000
0.0410000000
0.0410000000
0.0410000000
0.0410000000
0.0410000000
0.0410000000
0.0410000000
0.0410000000
0.0410000000
0.0410000000
0.0410000000
0.0410000000
0.0410000000
0.0410000000
0.0410000000
0.0410000000
0.0410000000
0.0410000000
0.0410000000
0.0410000000
0.0410000000
0.0410000000
0.0410000000
0.0410000000
0.0410000000
0.0410000000
0.0410000000
0.0410000000
0.0410000000
0.0410000000
0.0410000000
0.0410000000
0.0410000000
0.0410000000
0.0410000000
0.0410000000
0.0410000000
0.0410000000
0.0410000000
0.0410000000
0.0410000000
0.0410000000
0.0410000000
0.0410000000
0.0410000000
0.0410000000
0.0410000000
0.0410000000
0.0410000000
0.0410000000
0.0410000000
0.0410000000
0.0410000000
0.0410000000
0.0410000000
0.0410000000
0.0410000000
0.0410000000
0.0410000000
0.0410000000
0.0410000000
0.0410000000
0.0410000000
0.0410000000
0.0410000000
0.0410000000
0.0410000000
0.0410000000
0.0410000000
0.0410000000
0.0410000000
0.0410000000
0.0410000000
0.0410000000
0.0410000000
0.0410000000
0.0410000000
0.0410000000
0.0410000000
0.0410000000
0.0410000000
0.0410000000
0.0410000000
0.0410000000
0.0410000000
0.0410000000
0.0410000000
0.0410000000
0.0410000000
0.0410000000
0.0410000000
0.0410000000
0.0410000000
0.0410000000
0.0410000000
0.0410000000
0.0410000000
0.0410000000
0.0410000000
0.0410000000
0.0410000000
0.0410000000
0.0410000000
0.0410000000
0.0410000000
0.0410000000
0.0410000000
0.0410000000
0.0410000000
0.0410000000
0.0410000000
0.0410000000
0.0410000000
0.0410000000
0.0410000000
0.0410000000
0.0410000000
0.0410000000
0.0410000000
0.0410000000
0.0410000000
0.0410000000
0.0410000000
0.0410000000
0.0410000000
0.0410000000
0.0410000000
0.0410000000
0.0410000000
0.0410000000
0.0410000000
0.0410000000
0.0410000000
0.0410000000
0.0410000000
0.0410000000
0.0410000000
0.0410000000
0.0410000000
0.0410000000
0.0410000000
0.0410000000
0.0410000000
0.0410000000
0.0410000000
0.0410000000
0.0410000000
0.0410000000
0.0410000000
0.0410000000
0.0410000000
0.0410000000
0.0410000000
0.0410000000
0.0410000000
0.0410000000
0.0410000000
0.0410000000
0.0410000000
0.0410000000
0.0410000000
0.0410000000
0.0410000000
0.0410000000
0.0410000000
0.0410000000
0.0410000000
0.0410000000
0.0410000000
0.0410000000
0.0410000000
0.0410000000
0.0410000000
0.0410000000
0.0410000000
0.0410000000
0.0410000000
0.0410000000
0.0410000000
0.0410000000
0.0410000000
0.0410000000
0.0410000000
0.0410000000
0.0410000000
0.0410000000
0.0410000000
0.0410000000
0.0410000000
0.0410000000
0.0410000000
0.0410000000
0.0410000000
0.0410000000
0.0410000000
0.0410000000
0.0410000000
0.0410000000
0.0410000000
0.0410000000
0.0410000000
0.0410000000
0.0410000000
0.0410000000
0.0410000000
0.0410000000
0.0410000000
0.0410000000
0.0410000000
0.0410000000
0.0410000000
0.0410000000
0.0410000000
0.0410000000
0.0410000000
0.0410000000
0.0410000000
0.0410000000
0.0410000000
0.0410000000
0.0410000000
0.0410000000
0.0410000000
0.0410000000
0.0410000000
0.0410000000
0.0410000000
0.0410000000
0.0410000000
0.0410000000
0.0410000000
0.0410000000
0.0410000000
0.0410000000
0.0410000000
0.0410000000
0.0410000000
0.0410000000
0.0410000000
0.0410000000
0.0410000000
0.0410000000
0.0410000000
0.0410000000
0.0410000000
0.0410000000
0.0410000000
0.0410000000
0.0410000000
0.0410000000
0.0410000000
0.0410000000
0.0410000000
0.0410000000
0.0410000000
0.0410000000
0.0410000000
0.0410000000
0.0410000000
0.0410000000
0.0410000000
0.0410000000
0.0410000000
0.0410000000
0.0410000000
0.0410000000
0.0410000000
0.0410000000
0.0410000000
0.0410000000
0.0410000000
0.0410000000
0.0410000000
0.0410000000
0.0410000000
0.0410000000
0.0410000000
0.0410000000
0.0410000000
0.0410000000
0.0410000000
0.0410000000
0.0410000000
0.0410000000
0.0410000000
0.0410000000
0.0410000000
0.0410000000
0.0410000000
0.0410000000
0.0410000000
0.0410000000
0.0410000000
0.0410000000
0.0410000000
0.0410000000
0.0410000000
0.0410000000
0.0410000000
0.0410000000
0.0410000000
0.0410000000
0.0410000000
0.0410000000
0.0410000000
0.0410000000
0.0410000000
0.0410000000
0.0410000000
0.0410000000
0.0410000000
0.0410000000
0.0410000000
0.0410000000
0.0410000000
0.0410000000
0.0410000000
0.0410000000
0.0410000000
0.0410000000
0.0410000000
0.0410000000
0.0410000000
0.0410000000
0.0410000000
0.0410000000
0.0410000000
0.0410000000
0.0410000000
0.0410000000
0.0410000000
0.0410000000
0.0410000000
0.0410000000
0.0410000000
0.0410000000
0.0410000000
0.0410000000
0.0410000000
0.0410000000
0.0410000000
0.0410000000
0.0410000000
0.0410000000
0.0410000000
0.0410000000
0.0410000000
0.0410000000
0.0410000000
0.0410000000
0.0410000000
0.0410000000
0.0410000000
0.0410000000
0.0410000000
0.0410000000
0.0410000000
0.0410000000
0.0410000000
0.0410000000
0.0410000000
0.0410000000
0.0410000000
0.0410000000
0.0410000000
0.0410000000
0.0410000000
0.0410000000
0.0410000000
0.0410000000
0.0410000000
0.0410000000
0.0410000000
0.0410000000
0.0410000000
0.0410000000
0.0410000000
0.0410000000
0.0410000000
0.0410000000
0.0410000000
0.0410000000
0.0410000000
0.0410000000
0.0410000000
0.0410000000
0.0410000000
0.0410000000
0.0410000000
0.0410000000
0.0410000000
0.0410000000
0.0410000000
0.0410000000
0.0410000000
0.0410000000
0.0410000000
0.0410000000
0.0410000000
0.0410000000
0.0410000000
0.0410000000
0.0410000000
0.0410000000
0.0410000000
0.0410000000
0.0410000000
0.0410000000
0.0410000000
0.0410000000
0.0410000000
0.0410000000
0.0410000000
0.0410000000
0.0410000000
0.0410000000
0.0410000000
0.0410000000
0.0410000000
0.0410000000
0.0410000000
0.0410000000
0.0410000000
0.0410000000
0.0410000000
0.0410000000
0.0410000000
0.0410000000
0.0410000000
0.0410000000
0.0410000000
0.0410000000
0.0410000000
0.0410000000
0.0410000000
0.0410000000
0.0410000000
0.0410000000
0.0410000000
0.0410000000
0.0410000000
0.0410000000
0.0410000000
0.0410000000
0.0410000000
0.0410000000
0.0410000000
0.0410000000
0.0410000000
0.0410000000
0.0410000000
0.0410000000
0.0410000000
0.0410000000
0.0410000000
0.0410000000
0.0410000000
0.0410000000
0.0410000000
0.0410000000
0.0410000000
0.0410000000
0.0410000000
0.0410000000
0.0410000000
0.0410000000
0.0410000000
0.0410000000
0.0410000000
0.0410000000
0.0410000000
0.0410000000
0.0410000000
0.0410000000
0.0410000000
0.0410000000
0.0410000000
0.0410000000
0.0410000000
0.0410000000
0.0410000000
0.0410000000
0.0410000000
0.0410000000
0.0410000000
0.0410000000
0.0410000000
0.0410000000
0.0410000000
0.0410000000
0.0410000000
0.0410000000
0.0410000000
0.0410000000
0.0410000000
0.0410000000
0.0410000000
0.0410000000
0.0410000000
0.0410000000
0.0410000000
0.0410000000
0.0410000000
0.0410000000
0.0410000000
0.0410000000
0.0410000000
0.0410000000
0.0410000000
0.0410000000
0.0410000000
0.0410000000
0.0410000000
0.0410000000
0.0410000000
0.0410000000
0.0410000000
0.0410000000
0.0410000000
0.0410000000
0.0410000000
0.0410000000
0.0410000000
0.0410000000
0.0410000000
0.0410000000
0.0410000000
0.0410000000
0.0410000000
0.0410000000
0.0410000000
0.0410000000
0.0410000000
0.0410000000
0.0410000000
0.0410000000
0.0410000000
0.0410000000
0.0410000000
0.0410000000
0.0410000000
0.0410000000
0.0410000000
0.0410000000
0.0410000000
0.0410000000
0.0410000000
0.0410000000
0.0410000000
0.0410000000
0.0410000000
0.0410000000
0.0410000000
0.0410000000
0.0410000000
0.0410000000
0.0410000000
0.0410000000
0.0410000000
0.0410000000
0.0410000000
0.0410000000
0.0410000000
0.0410000000
0.0410000000
0.0410000000
0.0410000000
0.0410000000
0.0410000000
0.0410000000
0.0410000000
0.0410000000
0.0410000000
0.0410000000
0.0410000000
0.0410000000
0.0410000000
0.0410000000
0.0410000000
0.0410000000
0.0410000000
0.0410000000
0.0410000000
0.0410000000
0.0410000000
0.0410000000
0.0410000000
0.0410000000
0.0410000000
0.0410000000
0.0410000000
0.0410000000
0.0410000000
0.0410000000
0.0410000000
0.0410000000
0.0410000000
0.0410000000
0.0410000000
0.0410000000
0.0410000000
0.0410000000
0.0410000000
0.0410000000
0.0410000000
0.0410000000
0.0410000000
0.0410000000
0.0410000000
0.0410000000
0.0410000000
0.0410000000
0.0410000000
0.0410000000
0.0410000000
0.0410000000
0.0410000000
0.0410000000
0.0410000000
0.0410000000
0.0410000000
0.0410000000
0.0410000000
0.0410000000
0.0410000000
0.0410000000
0.0410000000
0.0410000000
0.0410000000
0.0410000000
0.0410000000
0.0410000000
0.0410000000
0.0410000000
0.0410000000
0.0410000000
0.0410000000
0.0410000000
0.0410000000
0.0410000000
0.0410000000
0.0410000000
0.0410000000
0.0410000000
0.0410000000
0.0410000000
0.0410000000
0.0410000000
0.0410000000
0.0410000000
0.0410000000
0.0410000000
0.0410000000
0.0410000000
0.0410000000
0.0410000000
0.0410000000
0.0410000000
0.0410000000
0.0410000000
0.0410000000
0.0410000000
0.0410000000
0.0410000000
0.0410000000
0.0410000000
0.0410000000
0.0410000000
0.0410000000
0.0410000000
0.0410000000
0.0410000000
0.0410000000
0.0410000000
0.0410000000
0.0410000000
0.0410000000
0.0410000000
0.0410000000
0.0410000000
0.0410000000
0.0410000000
0.0410000000
0.0410000000
0.0410000000
0.0410000000
0.0410000000
0.0410000000
0.0410000000
0.0410000000
0.0410000000
0.0410000000
0.0410000000
0.0410000000
0.0410000000
0.0410000000
0.0410000000
0.0410000000
0.0410000000
0.0410000000
0.0410000000
0.0410000000
0.0410000000
0.0410000000
0.0410000000
0.0410000000
0.0410000000
0.0410000000
0.0410000000
0.0410000000
0.0410000000
0.0410000000
0.0410000000
0.0410000000
0.0410000000
0.0410000000
0.0410000000
0.0410000000
0.0410000000
0.0410000000
0.0410000000
0.0410000000
0.0410000000
0.0410000000
0.0410000000
0.0410000000
0.0410000000
0.0410000000
0.0410000000
0.0410000000
0.0410000000
0.0410000000
0.0410000000
0.0410000000
0.0410000000
0.0410000000
0.0410000000
0.0410000000
0.0410000000
0.0410000000
0.0410000000
0.0410000000
0.0410000000
0.0410000000
0.0410000000
0.0410000000
0.0410000000
0.0410000000
0.0410000000
0.0410000000
0.0410000000
0.0410000000
0.0410000000
0.0410000000
0.0410000000
0.0410000000
0.0410000000
0.0410000000
0.0410000000
0.0410000000
0.0410000000
0.0410000000
0.0410000000
0.0410000000
0.0410000000
0.0410000000
0.0410000000
0.0410000000
0.0410000000
0.0410000000
0.0410000000
0.0410000000
0.0410000000
0.0410000000
0.0410000000
0.0410000000
0.0410000000
0.0410000000
0.0410000000
0.0410000000
0.0410000000
0.0410000000
0.0410000000
0.0410000000
0.0410000000
0.0410000000
0.0410000000
0.0410000000
0.0410000000
0.0410000000
0.0410000000
0.0410000000
0.0410000000
0.0410000000
0.0410000000
0.0410000000
0.0410000000
0.0410000000
0.0410000000
0.0410000000
0.0410000000
0.0410000000
0.0410000000
0.0410000000
0.0410000000
0.0410000000
0.0410000000
0.0410000000
0.0410000000
0.0410000000
0.0410000000
0.0410000000
0.0410000000
0.0410000000
0.0410000000
0.0410000000
0.0410000000
0.0410000000
0.0410000000
0.0410000000
0.0410000000
0.0410000000
0.0410000000
0.0410000000
0.0410000000
0.0410000000
0.0410000000
0.0410000000
0.0410000000
0.0410000000
0.0410000000
0.0410000000
0.0410000000
0.0410000000
0.0410000000
0.0410000000
0.0410000000
0.0410000000
0.0410000000
0.0410000000
0.0410000000
0.0410000000
0.0410000000
0.0410000000
0.0410000000
0.0410000000
0.0410000000
0.0410000000
0.0410000000
0.0410000000
0.0410000000
0.0410000000
0.0410000000
0.0410000000
0.0410000000
0.0410000000
0.0410000000
0.0410000000
0.0410000000
0.0410000000
0.0410000000
0.0410000000
0.0410000000
0.0410000000
0.0410000000
0.0410000000
0.0410000000
0.0410000000
0.0410000000
0.0410000000
0.0410000000
0.0410000000
0.0410000000
0.0410000000
0.0410000000
0.0410000000
0.0410000000
0.0410000000
0.0410000000
0.0410000000
0.0410000000
0.0410000000
0.0410000000
0.0410000000
0.0410000000
0.0410000000
0.0410000000
0.0410000000
0.0410000000
0.0410000000
0.0410000000
0.0410000000
0.0410000000
0.0410000000
0.0410000000
0.0410000000
0.0410000000
0.0410000000
0.0410000000
0.0410000000
0.0410000000
0.0410000000
0.0410000000
0.0410000000
0.0410000000
0.0410000000
0.0410000000
0.0410000000
0.0410000000
0.0410000000
0.0410000000
0.0410000000
0.0410000000
0.0410000000
0.0410000000
0.0410000000
0.0410000000
0.0410000000
0.0410000000
0.0410000000
0.0410000000
0.0410000000
0.0410000000
0.0410000000
0.0410000000
0.0410000000
0.0410000000
0.0410000000
0.0410000000
0.0410000000
0.0410000000
0.0410000000
0.0410000000
0.0410000000
0.0410000000
0.0410000000
0.0410000000
0.0410000000
0.0410000000
0.0410000000
0.0410000000
0.0410000000
0.0410000000
0.0410000000
0.0410000000
0.0410000000
0.0410000000
0.0410000000
0.0410000000
0.0410000000
0.0410000000
0.0410000000
0.0410000000
0.0410000000
0.0410000000
0.0410000000
0.0410000000
0.0410000000
0.0410000000
0.0410000000
0.0410000000
0.0410000000
0.0410000000
0.0410000000
0.0410000000
0.0410000000
0.0410000000
0.0410000000
0.0410000000
0.0410000000
0.0410000000
0.0410000000
0.0410000000
0.0410000000
0.0410000000
0.0410000000
0.0410000000
0.0410000000
0.0410000000
0.0410000000
0.0410000000
0.0410000000
0.0410000000
0.0410000000
0.0410000000
0.0410000000
0.0410000000
0.0410000000
0.0410000000
0.0410000000
0.0410000000
0.0410000000
0.0410000000
0.0410000000
0.0410000000
0.0410000000
0.0410000000
0.0410000000
0.0410000000
0.0410000000
0.0410000000
0.0410000000
0.0410000000
0.0410000000
0.0410000000
0.0410000000
0.0410000000
0.0410000000
0.0410000000
0.0410000000
0.0410000000
0.0410000000
0.0410000000
0.0410000000
0.0410000000
0.0410000000
0.0410000000
0.0410000000
0.0410000000
0.0410000000
0.0410000000
0.0410000000
0.0410000000
0.0410000000
0.0410000000
0.0410000000
0.0410000000
0.0410000000
0.0410000000
0.0410000000
0.0410000000
0.0410000000
0.0410000000
0.0410000000
0.0410000000
0.0410000000
0.0410000000
0.0410000000
0.0410000000
0.0410000000
0.0410000000
0.0410000000
0.0410000000
0.0410000000
0.0410000000
0.0410000000
0.0410000000
0.0410000000
0.0410000000
0.0410000000
0.0410000000
0.0410000000
0.0410000000
0.0410000000
0.0410000000
0.0410000000
0.0410000000
0.0410000000
0.0410000000
0.0410000000
0.0410000000
0.0410000000
0.0410000000
0.0410000000
0.0410000000
0.0410000000
0.0410000000
0.0410000000
0.0410000000
0.0410000000
0.0410000000
0.0410000000
0.0410000000
0.0410000000
0.0410000000
0.0410000000
0.0410000000
0.0410000000
0.0410000000
0.0410000000
0.0410000000
0.0410000000
0.0410000000
0.0410000000
0.0410000000
0.0410000000
0.0410000000
0.0410000000
0.0410000000
0.0410000000
0.0410000000
0.0410000000
0.0410000000
0.0410000000
0.0410000000
0.0410000000
0.0410000000
0.0410000000
0.0410000000
0.0410000000
0.0410000000
0.0410000000
0.0410000000
0.0410000000
0.0410000000
0.0410000000
0.0410000000
0.0410000000
0.0410000000
0.0410000000
0.0410000000
0.0410000000
0.0410000000
0.0410000000
0.0410000000
0.0410000000
0.0410000000
0.0410000000
0.0410000000
0.0410000000
0.0410000000
0.0410000000
0.0410000000
0.0410000000
0.0410000000
0.0410000000
0.0410000000
0.0410000000
0.0410000000
0.0410000000
0.0410000000
0.0410000000
0.0410000000
0.0410000000
0.0410000000
0.0410000000
0.0410000000
0.0410000000
0.0410000000
0.0410000000
0.0410000000
0.0410000000
0.0410000000
0.0410000000
0.0410000000
0.0410000000
0.0410000000
0.0410000000
0.0410000000
0.0410000000
0.0410000000
0.0410000000
0.0410000000
0.0410000000
0.0410000000
0.0410000000
0.0410000000
0.0410000000
0.0410000000
0.0410000000
0.0410000000
0.0410000000
0.0410000000
0.0410000000
0.0410000000
0.0410000000
0.0410000000
0.0410000000
0.0410000000
0.0410000000
0.0410000000
0.0410000000
0.0410000000
0.0410000000
0.0410000000
0.0410000000
0.0410000000
0.0410000000
0.0410000000
0.0410000000
0.0410000000
0.0410000000
0.0410000000
0.0410000000
0.0410000000
0.0410000000
0.0410000000
0.0410000000
0.0410000000
0.0410000000
0.0410000000
0.0410000000
0.0410000000
0.0410000000
0.0410000000
0.0410000000
0.0410000000
0.0410000000
0.0410000000
0.0410000000
0.0410000000
0.0410000000
0.0410000000
0.0410000000
0.0410000000
0.0410000000
0.0410000000
0.0410000000
0.0410000000
0.0410000000
0.0410000000
0.0410000000
0.0410000000
0.0410000000
0.0410000000
0.0410000000
0.0410000000
0.0410000000
0.0410000000
0.0410000000
0.0410000000
0.0410000000
0.0410000000
0.0410000000
0.0410000000
0.0410000000
0.0410000000
0.0410000000
0.0410000000
0.0410000000
0.0410000000
0.0410000000
0.0410000000
0.0410000000
0.0410000000
0.0410000000
0.0410000000
0.0410000000
0.0410000000
0.0410000000
0.0410000000
0.0410000000
0.0410000000
0.0410000000
0.0410000000
0.0410000000
0.0410000000
0.0410000000
0.0410000000
0.0410000000
0.0410000000
0.0410000000
0.0410000000
0.0410000000
0.0410000000
0.0410000000
0.0410000000
0.0410000000
0.0410000000
0.0410000000
0.0410000000
0.0410000000
0.0410000000
0.0410000000
0.0410000000
0.0410000000
0.0410000000
0.0410000000
0.0410000000
0.0410000000
0.0410000000
0.0410000000
0.0410000000
0.0410000000
0.0410000000
0.0410000000
0.0410000000
0.0410000000
0.0410000000
0.0410000000
0.0410000000
0.0410000000
0.0410000000
0.0410000000
0.0410000000
0.0410000000
0.0410000000
0.0410000000
0.0410000000
0.0410000000
0.0410000000
0.0410000000
0.0410000000
0.0410000000
0.0410000000
0.0410000000
0.0410000000
0.0410000000
0.0410000000
0.0410000000
0.0410000000
0.0410000000
0.0410000000
0.0410000000
0.0410000000
0.0410000000
0.0410000000
0.0410000000
0.0410000000
0.0410000000
0.0410000000
0.0410000000
0.0410000000
0.0410000000
0.0410000000
0.0410000000
0.0410000000
0.0410000000
0.0410000000
0.0410000000
0.0410000000
0.0410000000
0.0410000000
0.0410000000
0.0410000000
0.0410000000
0.0410000000
0.0410000000
0.0410000000
0.0410000000
0.0410000000
0.0410000000
0.0410000000
0.0410000000
0.0410000000
0.0410000000
0.0410000000
0.0410000000
0.0410000000
0.0410000000
0.0410000000
0.0410000000
0.0410000000
0.0410000000
0.0410000000
0.0410000000
0.0410000000
0.0410000000
0.0410000000
0.0410000000
0.0410000000
0.0410000000
0.0410000000
0.0410000000
0.0410000000
0.0410000000
0.0410000000
0.0410000000
0.0410000000
0.0410000000
0.0410000000
0.0410000000
0.0410000000
0.0410000000
0.0410000000
0.0410000000
0.0410000000
0.0410000000
0.0410000000
0.0410000000
0.0410000000
0.0410000000
0.0410000000
0.0410000000
0.0410000000
0.0410000000
0.0410000000
0.0410000000
0.0410000000
0.0410000000
0.0410000000
0.0410000000
0.0410000000
0.0410000000
0.0410000000
0.0410000000
0.0410000000
0.0410000000
0.0410000000
0.0410000000
0.0410000000
0.0410000000
0.0410000000
0.0410000000
0.0410000000
0.0410000000
0.0410000000
0.0410000000
0.0410000000
0.0410000000
0.0410000000
0.0410000000
0.0410000000
0.0410000000
0.0410000000
0.0410000000
0.0410000000
0.0410000000
0.0410000000
0.0410000000
0.0410000000
0.0410000000
0.0410000000
0.0410000000
0.0410000000
0.0410000000
0.0410000000
0.0410000000
0.0410000000
0.0410000000
0.0410000000
0.0410000000
0.0410000000
0.0410000000
0.0410000000
0.0410000000
0.0410000000
0.0410000000
0.0410000000
0.0410000000
0.0410000000
0.0410000000
0.0410000000
0.0410000000
0.0410000000
0.0410000000
0.0410000000
0.0410000000
0.0410000000
0.0410000000
0.0410000000
0.0410000000
0.0410000000
0.0410000000
0.0410000000
0.0410000000
0.0410000000
0.0410000000
0.0410000000
0.0410000000
0.0410000000
0.0410000000
0.0410000000
0.0410000000
0.0410000000
0.0410000000
0.0410000000
0.0410000000
0.0410000000
0.0410000000
0.0410000000
0.0410000000
0.0410000000
0.0410000000
0.0410000000
0.0410000000
0.0410000000
0.0410000000
0.0410000000
0.0410000000
0.0410000000
0.0410000000
0.0410000000
0.0410000000
0.0410000000
0.0410000000
0.0410000000
0.0410000000
0.0410000000
0.0410000000
0.0410000000
0.0410000000
0.0410000000
0.0410000000
0.0410000000
0.0410000000
0.0410000000
0.0410000000
0.0410000000
0.0410000000
0.0410000000
0.0410000000
0.0410000000
0.0410000000
0.0410000000
0.0410000000
0.0410000000
0.0410000000
0.0410000000
0.0410000000
0.0410000000
0.0410000000
0.0410000000
0.0410000000
0.0410000000
0.0410000000
0.0410000000
0.0410000000
0.0410000000
0.0410000000
0.0410000000
0.0410000000
0.0410000000
0.0410000000
0.0410000000
0.0410000000
0.0410000000
0.0410000000
0.0410000000
0.0410000000
0.0410000000
0.0410000000
0.0410000000
0.0410000000
0.0410000000
0.0410000000
0.0410000000
0.0410000000
0.0410000000
0.0410000000
0.0410000000
0.0410000000
0.0410000000
0.0410000000
0.0410000000
0.0410000000
0.0410000000
0.0410000000
0.0410000000
0.0410000000
0.0410000000
0.0410000000
0.0410000000
0.0410000000
0.0410000000
0.0410000000
0.0410000000
0.0410000000
0.0410000000
0.0410000000
0.0410000000
0.0410000000
0.0410000000
0.0410000000
0.0410000000
0.0410000000
0.0410000000
0.0410000000
0.0410000000
0.0410000000
0.0410000000
0.0410000000
0.0410000000
0.0410000000
0.0410000000
0.0410000000
0.0410000000
0.0410000000
0.0410000000
0.0410000000
0.0410000000
0.0410000000
0.0410000000
0.0410000000
0.0410000000
0.0410000000
0.0410000000
0.0410000000
0.0410000000
0.0410000000
0.0410000000
0.0410000000
0.0410000000
0.0410000000
0.0410000000
0.0410000000
0.0410000000
0.0410000000
0.0410000000
0.0410000000
0.0410000000
0.0410000000
0.0410000000
0.0410000000
0.0410000000
0.0410000000
0.0410000000
0.0410000000
0.0410000000
0.0410000000
0.0410000000
0.0410000000
0.0410000000
0.0410000000
0.0410000000
0.0410000000
0.0410000000
0.0410000000
0.0410000000
0.0410000000
0.0410000000
0.0410000000
0.0410000000
0.0410000000
0.0410000000
0.0410000000
0.0410000000
0.0410000000
0.0410000000
0.0410000000
0.0410000000
0.0410000000
0.0410000000
0.0410000000
0.0410000000
0.0410000000
0.0410000000
0.0410000000
0.0410000000
0.0410000000
0.0410000000
0.0410000000
0.0410000000
0.0410000000
0.0410000000
0.0410000000
0.0410000000
0.0410000000
0.0410000000
0.0410000000
0.0410000000
0.0410000000
0.0410000000
0.0410000000
0.0410000000
0.0410000000
0.0410000000
0.0410000000
0.0410000000
0.0410000000
0.0410000000
0.0410000000
0.0410000000
0.0410000000
0.0410000000
0.0410000000
0.0410000000
0.0410000000
0.0410000000
0.0410000000
0.0410000000
0.0410000000
0.0410000000
0.0410000000
0.0410000000
0.0410000000
0.0410000000
0.0410000000
0.0410000000
0.0410000000
0.0410000000
0.0410000000
0.0410000000
0.0410000000
0.0410000000
0.0410000000
0.0410000000
0.0410000000
0.0410000000
0.0410000000
0.0410000000
0.0410000000
0.0410000000
0.0410000000
0.0410000000
0.0410000000
0.0410000000
0.0410000000
0.0410000000
0.0410000000
0.0410000000
0.0410000000
0.0410000000
0.0410000000
0.0410000000
0.0410000000
0.0410000000
0.0410000000
0.0410000000
0.0410000000
0.0410000000
0.0410000000
0.0410000000
0.0410000000
0.0410000000
0.0410000000
0.0410000000
0.0410000000
0.0410000000
0.0410000000
0.0410000000
0.0410000000
0.0410000000
0.0410000000
0.0410000000
0.0410000000
0.0410000000
0.0410000000
0.0410000000
0.0410000000
0.0410000000
0.0410000000
0.0410000000
0.0410000000
0.0410000000
0.0410000000
0.0410000000
0.0410000000
0.0410000000
0.0410000000
0.0410000000
0.0410000000
0.0410000000
0.0410000000
0.0410000000
0.0410000000
0.0410000000
0.0410000000
0.0410000000
0.0410000000
0.0410000000
0.0410000000
0.0410000000
0.0410000000
0.0410000000
0.0410000000
0.0410000000
0.0410000000
0.0410000000
0.0410000000
0.0410000000
0.0410000000
0.0410000000
0.0410000000
0.0410000000
0.0410000000
0.0410000000
0.0410000000
0.0410000000
0.0410000000
0.0410000000
0.0410000000
0.0410000000
0.0410000000
0.0410000000
0.0410000000
0.0410000000
0.0410000000
0.0410000000
0.0410000000
0.0410000000
0.0410000000
0.0410000000
0.0410000000
0.0410000000
0.0410000000
0.0410000000
0.0410000000
0.0410000000
0.0410000000
0.0410000000
0.0410000000
0.0410000000
0.0410000000
0.0410000000
0.0410000000
0.0410000000
0.0410000000
0.0410000000
0.0410000000
0.0410000000
0.0410000000
0.0410000000
0.0410000000
0.0410000000
0.0410000000
0.0410000000
0.0410000000
0.0410000000
0.0410000000
0.0410000000
0.0410000000
0.0410000000
0.0410000000
0.0410000000
0.0410000000
0.0410000000
0.0410000000
0.0410000000
0.0410000000
0.0410000000
0.0410000000
0.0410000000
0.0410000000
0.0410000000
0.0410000000
0.0410000000
0.0410000000
0.0410000000
0.0410000000
0.0410000000
0.0410000000
0.0410000000
0.0410000000
0.0410000000
0.0410000000
0.0410000000
0.0410000000
0.0410000000
0.0410000000
0.0410000000
0.0410000000
0.0410000000
0.0410000000
0.0410000000
0.0410000000
0.0410000000
0.0410000000
0.0410000000
0.0410000000
0.0410000000
0.0410000000
0.0410000000
0.0410000000
0.0410000000
0.0410000000
0.0410000000
0.0410000000
0.0410000000
0.0410000000
0.0410000000
0.0410000000
0.0410000000
0.0410000000
0.0410000000
0.0410000000
0.0410000000
0.0410000000
0.0410000000
0.0410000000
0.0410000000
0.0410000000
0.0410000000
0.0410000000
0.0410000000
0.0410000000
0.0410000000
0.0410000000
0.0410000000
0.0410000000
0.0410000000
0.0410000000
0.0410000000
0.0410000000
0.0410000000
0.0410000000
0.0410000000
0.0410000000
0.0410000000
0.0410000000
0.0410000000
0.0410000000
0.0410000000
0.0410000000
0.0410000000
0.0410000000
0.0410000000
0.0410000000
0.0410000000
0.0410000000
0.0410000000
0.0410000000
0.0410000000
0.0410000000
0.0410000000
0.0410000000
0.0410000000
0.0410000000
0.0410000000
0.0410000000
0.0410000000
0.0410000000
0.0410000000
0.0410000000
0.0410000000
0.0410000000
0.0410000000
0.0410000000
0.0410000000
0.0410000000
0.0410000000
0.0410000000
0.0410000000
0.0410000000
0.0410000000
0.0410000000
0.0410000000
0.0410000000
0.0410000000
0.0410000000
0.0410000000
0.0410000000
0.0410000000
0.0410000000
0.0410000000
0.0410000000
0.0410000000
0.0410000000
0.0410000000
0.0410000000
0.0410000000
0.0410000000
0.0410000000
0.0410000000
0.0410000000
0.0410000000
0.0410000000
0.0410000000
0.0410000000
0.0410000000
0.0410000000
0.0410000000
0.0410000000
0.0410000000
0.0410000000
0.0410000000
0.0410000000
0.0410000000
0.0410000000
0.0410000000
0.0410000000
0.0410000000
0.0410000000
0.0410000000
0.0410000000
0.0410000000
0.0410000000
0.0410000000
0.0410000000
0.0410000000
0.0410000000
0.0410000000
0.0410000000
0.0410000000
0.0410000000
0.0410000000
0.0410000000
0.0410000000
0.0410000000
0.0410000000
0.0410000000
0.0410000000
0.0410000000
0.0410000000
0.0410000000
0.0410000000
0.0410000000
0.0410000000
0.0410000000
0.0410000000
0.0410000000
0.0410000000
0.0410000000
0.0410000000
0.0410000000
0.0410000000
0.0410000000
0.0410000000
0.0410000000
0.0410000000
0.0410000000
0.0410000000
0.0410000000
0.0410000000
0.0410000000
0.0410000000
0.0410000000
0.0410000000
0.0410000000
0.0410000000
0.0410000000
0.0410000000
0.0410000000
0.0410000000
0.0410000000
0.0410000000
0.0410000000
0.0410000000
0.0410000000
0.0410000000
0.0410000000
0.0410000000
0.0410000000
0.0410000000
0.0410000000
0.0410000000
0.0410000000
0.0410000000
0.0410000000
0.0410000000
0.0410000000
0.0410000000
0.0410000000
0.0410000000
0.0410000000
0.0410000000
0.0410000000
0.0410000000
0.0410000000
0.0410000000
0.0410000000
0.0410000000
0.0410000000
0.0410000000
0.0410000000
0.0410000000
0.0410000000
0.0410000000
0.0410000000
0.0410000000
0.0410000000
0.0410000000
0.0410000000
0.0410000000
0.0410000000
0.0410000000
0.0410000000
0.0410000000
0.0410000000
0.0410000000
0.0410000000
0.0410000000
0.0410000000
0.0410000000
0.0410000000
0.0410000000
0.0410000000
0.0410000000
0.0410000000
0.0410000000
0.0410000000
0.0410000000
0.0410000000
0.0410000000
0.0410000000
0.0410000000
0.0410000000
0.0410000000
0.0410000000
0.0410000000
0.0410000000
0.0410000000
0.0410000000
0.0410000000
0.0410000000
0.0410000000
0.0410000000
0.0410000000
0.0410000000
0.0410000000
0.0410000000
0.0410000000
0.0410000000
0.0410000000
0.0410000000
0.0410000000
0.0410000000
0.0410000000
0.0410000000
0.0410000000
0.0410000000
0.0410000000
0.0410000000
0.0410000000
0.0410000000
0.0410000000
0.0410000000
0.0410000000
0.0410000000
0.0410000000
0.0410000000
0.0410000000
0.0410000000
0.0410000000
0.0410000000
0.0410000000
0.0410000000
0.0410000000
0.0410000000
0.0410000000
0.0410000000
0.0410000000
0.0410000000
0.0410000000
0.0410000000
0.0410000000
0.0410000000
0.0410000000
0.0410000000
0.0410000000
0.0410000000
0.0410000000
0.0410000000
0.0410000000
0.0410000000
0.0410000000
0.0410000000
0.0410000000
0.0410000000
0.0410000000
0.0410000000
0.0410000000
0.0410000000
0.0410000000
0.0410000000
0.0410000000
0.0410000000
0.0410000000
0.0410000000
0.0410000000
0.0410000000
0.0410000000
0.0410000000
0.0410000000
0.0410000000
0.0410000000
0.0410000000
0.0410000000
0.0410000000
0.0410000000
0.0410000000
0.0410000000
0.0410000000
0.0410000000
0.0410000000
0.0410000000
0.0410000000
0.0410000000
0.0410000000
0.0410000000
0.0410000000
0.0410000000
0.0410000000
0.0410000000
0.0410000000
0.0410000000
0.0410000000
0.0410000000
0.0410000000
0.0410000000
0.0410000000
0.0410000000
0.0410000000
0.0410000000
0.0410000000
0.0410000000
0.0410000000
0.0410000000
0.0410000000
0.0410000000
0.0410000000
0.0410000000
0.0410000000
0.0410000000
0.0410000000
0.0410000000
0.0410000000
0.0410000000
0.0410000000
0.0410000000
0.0410000000
0.0410000000
0.0410000000
0.0410000000
0.0410000000
0.0410000000
0.0410000000
0.0410000000
0.0410000000
0.0410000000
0.0410000000
0.0410000000
0.0410000000
0.0410000000
0.0410000000
0.0410000000
0.0410000000
0.0410000000
0.0410000000
0.0410000000
0.0410000000
0.0410000000
0.0410000000
0.0410000000
0.0410000000
0.0410000000
0.0410000000
0.0410000000
0.0410000000
0.0410000000
0.0410000000
0.0410000000
0.0410000000
0.0410000000
0.0410000000
0.0410000000
0.0410000000
0.0410000000
0.0410000000
0.0410000000
0.0410000000
0.0410000000
0.0410000000
0.0410000000
0.0410000000
0.0410000000
0.0410000000
0.0410000000
0.0410000000
0.0410000000
0.0410000000
0.0410000000
0.0410000000
0.0410000000
0.0410000000
0.0410000000
0.0410000000
0.0410000000
0.0410000000
0.0410000000
0.0410000000
0.0410000000
0.0410000000
0.0410000000
0.0410000000
0.0410000000
0.0410000000
0.0410000000
0.0410000000
0.0410000000
0.0410000000
0.0410000000
0.0410000000
0.0410000000
0.0410000000
0.0410000000
0.0410000000
0.0410000000
0.0410000000
0.0410000000
0.0410000000
0.0410000000
0.0410000000
0.0410000000
0.0410000000
0.0410000000
0.0410000000
0.0410000000
0.0410000000
0.0410000000
0.0410000000
0.0410000000
0.0410000000
0.0410000000
0.0410000000
0.0410000000
0.0410000000
0.0410000000
0.0410000000
0.0410000000
0.0410000000
0.0410000000
0.0410000000
0.0410000000
0.0410000000
0.0410000000
0.0410000000
0.0410000000
0.0410000000
0.0410000000
0.0410000000
0.0410000000
0.0410000000
0.0410000000
0.0410000000
0.0410000000
0.0410000000
0.0410000000
0.0410000000
0.0410000000
0.0410000000
0.0410000000
0.0410000000
0.0410000000
0.0410000000
0.0410000000
0.0410000000
0.0410000000
0.0410000000
0.0410000000
0.0410000000
0.0410000000
0.0410000000
0.0410000000
0.0410000000
0.0410000000
0.0410000000
0.0410000000
0.0410000000
0.0410000000
0.0410000000
0.0410000000
0.0410000000
0.0410000000
0.0410000000
0.0410000000
0.0410000000
0.0410000000
0.0410000000
0.0410000000
0.0410000000
0.0410000000
0.0410000000
0.0410000000
0.0410000000
0.0410000000
0.0410000000
0.0410000000
0.0410000000
0.0410000000
0.0410000000
0.0410000000
0.0410000000
0.0410000000
0.0410000000
0.0410000000
0.0410000000
0.0410000000
0.0410000000
0.0410000000
0.0410000000
0.0410000000
0.0410000000
0.0410000000
0.0410000000
0.0410000000
0.0410000000
0.0410000000
0.0410000000
0.0410000000
0.0410000000
0.0410000000
0.0410000000
0.0410000000
0.0410000000
0.0410000000
0.0410000000
0.0410000000
0.0410000000
0.0410000000
0.0410000000
0.0410000000
0.0410000000
0.0410000000
0.0410000000
0.0410000000
0.0410000000
0.0410000000
0.0410000000
0.0410000000
0.0410000000
0.0410000000
0.0410000000
0.0410000000
0.0410000000
0.0410000000
0.0410000000
0.0410000000
0.0410000000
0.0410000000
0.0410000000
0.0410000000
0.0410000000
0.0410000000
0.0410000000
0.0410000000
0.0410000000
0.0410000000
0.0410000000
0.0410000000
0.0410000000
0.0410000000
0.0410000000
0.0410000000
0.0410000000
0.0410000000
0.0410000000
0.0410000000
0.0410000000
0.0410000000
0.0410000000
0.0410000000
0.0410000000
0.0410000000
0.0410000000
0.0410000000
0.0410000000
0.0410000000
0.0410000000
0.0410000000
0.0410000000
0.0410000000
0.0410000000
0.0410000000
0.0410000000
0.0410000000
0.0410000000
0.0410000000
0.0410000000
0.0410000000
0.0410000000
0.0410000000
0.0410000000
0.0410000000
0.0410000000
0.0410000000
0.0410000000
0.0410000000
0.0410000000
0.0410000000
0.0410000000
0.0410000000
0.0410000000
0.0410000000
0.0410000000
0.0410000000
0.0410000000
0.0410000000
0.0410000000
0.0410000000
0.0410000000
0.0410000000
0.0410000000
0.0410000000
0.0410000000
0.0410000000
0.0410000000
0.0410000000
0.0410000000
0.0410000000
0.0410000000
0.0410000000
0.0410000000
0.0410000000
0.0410000000
0.0410000000
0.0410000000
0.0410000000
0.0410000000
0.0410000000
0.0410000000
0.0410000000
0.0410000000
0.0410000000
0.0410000000
0.0410000000
0.0410000000
0.0410000000
0.0410000000
0.0410000000
0.0410000000
0.0410000000
0.0410000000
0.0410000000
0.0410000000
0.0410000000
0.0410000000
0.0410000000
0.0410000000
0.0410000000
0.0410000000
0.0410000000
0.0410000000
0.0410000000
0.0410000000
0.0410000000
0.0410000000
