0.0629467502
0.0611916529
0.0604464628
0.0595443434
0.0595443434
0.0595443434
0.0595341419
0.0585545203
0.0584690747
0.0581735226
0.0580330116
0.0580330116
0.0580330116
0.0579504372
0.0579504372
0.0579225712
0.0566640748
0.0566640748
0.0566640748
0.0566640748
0.0566640748
0.0566640748
0.0566360368
0.0566358623
0.0566358623
0.0566358623
0.0566293283
0.0566289793
0.0565568805
0.0565471519
0.0565471519
0.0565310085
0.0565028588
0.0565028588
0.0565028588
0.0565028588
0.0564607158
0.0562418393
0.0561801669
0.0561801669
0.0561789934
0.0561505782
0.0559552201
0.0557879568
0.0557678640
0.0554342525
0.0554342525
0.0553009581
0.0551607699
0.0548554417
0.0548423153
0.0548423153
0.0547876668
0.0547876668
0.0545487117
0.0545301622
0.0544932468
0.0544903331
0.0544712166
0.0544409677
0.0544206012
0.0543055863
0.0542630101
0.0542362835
0.0541312282
0.0539998776
0.0538442068
0.0538343425
0.0535098040
0.0534854811
0.0533774406
0.0533602059
0.0533602059
0.0533522548
0.0529925821
0.0529114377
0.0528517645
0.0528467234
0.0528282375
0.0524911181
0.0523648332
0.0523625263
0.0523000859
0.0523000859
0.0522714643
0.0519651252
0.0519416774
0.0519416774
0.0518177951
0.0517968696
0.0517968696
0.0517746072
0.0516968373
0.0516081429
0.0515700606
0.0515685283
0.0515659251
0.0514562814
0.0511658585
0.0510991715
0.0510163651
0.0510163651
0.0510077028
0.0508923126
0.0508330799
0.0508167665
0.0507349172
0.0507146059
0.0507145444
0.0506815181
0.0506809573
0.0506652908
0.0506631414
0.0506257827
0.0506164912
0.0506111227
0.0506111227
0.0505957341
0.0503450696
0.0501675657
0.0500061610
0.0498241381
0.0494209905
0.0493766032
0.0493473430
0.0493273730
0.0493200099
0.0493148211
0.0492797434
0.0492301062
0.0490098352
0.0489806235
0.0489289728
0.0489168635
0.0489007776
0.0487879215
0.0487622405
0.0486002100
0.0485826792
0.0485803151
0.0485778626
0.0484873527
0.0484826264
0.0484379720
0.0484273888
0.0484257578
0.0484152765
0.0483982092
0.0483854027
0.0482209022
0.0482049429
0.0481892180
0.0481542014
0.0481514580
0.0481121953
0.0480820363
0.0480764891
0.0480683905
0.0480091524
0.0480009339
0.0479798818
0.0479615868
0.0479400720
0.0479388847
0.0479171035
0.0479160797
0.0478953918
0.0478778395
0.0478778395
0.0478249330
0.0477414624
0.0476210050
0.0475861113
0.0475543813
0.0475394641
0.0475354345
0.0474358646
0.0474358646
0.0474069915
0.0472737245
0.0471968639
0.0471878599
0.0471677979
0.0470837507
0.0470702477
0.0470702477
0.0470506491
0.0470506491
0.0470255833
0.0469893017
0.0469851586
0.0469546108
0.0468500265
0.0468499510
0.0468282852
0.0467958672
0.0467784822
0.0467732062
0.0467372286
0.0466927916
0.0466839194
0.0466768536
0.0466673067
0.0466615594
0.0466198228
0.0466198228
0.0466162314
0.0465979268
0.0465607172
0.0465557259
0.0463151671
0.0462925112
0.0462774626
0.0462591809
0.0462298714
0.0462176438
0.0461914330
0.0461589955
0.0461254988
0.0461254988
0.0461114997
0.0461099097
0.0460630523
0.0460289926
0.0460289926
0.0460280921
0.0460166738
0.0459928511
0.0459928511
0.0459805323
0.0459217041
0.0459192081
0.0459172476
0.0458480426
0.0458480426
0.0458469236
0.0458178710
0.0458162165
0.0458074353
0.0457999515
0.0457848083
0.0456464003
0.0456256340
0.0455835432
0.0455665091
0.0454716887
0.0454716887
0.0453107489
0.0452900534
0.0452900534
0.0451888441
0.0450904795
0.0450368117
0.0450347191
0.0450336529
0.0450336529
0.0449704135
0.0449702008
0.0449702008
0.0449678708
0.0449468667
0.0449468667
0.0449468667
0.0449438687
0.0449297370
0.0448895900
0.0448842585
0.0447958948
0.0447935064
0.0446697566
0.0446617035
0.0446382382
0.0446323989
0.0446000707
0.0446000707
0.0445831760
0.0445633837
0.0445633837
0.0445519200
0.0445390538
0.0445302050
0.0445300767
0.0445095379
0.0444931356
0.0444882206
0.0444877035
0.0444437380
0.0444256887
0.0444225796
0.0443923197
0.0443811208
0.0443442485
0.0443278235
0.0442995933
0.0442713983
0.0442663784
0.0442631768
0.0442238244
0.0441465852
0.0441252185
0.0440972665
0.0440932444
0.0440932444
0.0440897878
0.0440243920
0.0440178207
0.0440140243
0.0439803059
0.0439616361
0.0439613074
0.0439496129
0.0439192430
0.0439185184
0.0438982448
0.0438970067
0.0438634528
0.0438512679
0.0438156467
0.0438068193
0.0437696877
0.0437696877
0.0437502098
0.0436973426
0.0436894747
0.0436776312
0.0436654518
0.0436288090
0.0435822063
0.0435751894
0.0435727777
0.0435727777
0.0435493719
0.0435493719
0.0435493719
0.0435192844
0.0435045875
0.0434989296
0.0434881061
0.0433670075
0.0433613848
0.0433224374
0.0433224374
0.0433222519
0.0433027109
0.0432871925
0.0431327737
0.0431022842
0.0430592929
0.0430569595
0.0430547357
0.0430476969
0.0429039119
0.0429039119
0.0429012111
0.0429008802
0.0428840485
0.0428840485
0.0428686454
0.0428624956
0.0428291276
0.0428135311
0.0427513493
0.0427468278
0.0426851728
0.0426764565
0.0426764565
0.0426577112
0.0426424588
0.0425988332
0.0425987452
0.0425987452
0.0425145066
0.0425145066
0.0424837642
0.0424780486
0.0424766491
0.0424766491
0.0424503365
0.0424503365
0.0423783370
0.0423696143
0.0423602260
0.0421732878
0.0421591071
0.0421120330
0.0420896556
0.0420574196
0.0420498631
0.0420204095
0.0419988030
0.0419988030
0.0419988030
0.0419882410
0.0419752724
0.0419508892
0.0419070644
0.0419033168
0.0418845038
0.0417989510
0.0417582423
0.0417577970
0.0417451378
0.0417451378
0.0417439922
0.0417243106
0.0417240894
0.0417132082
0.0417074070
0.0416659959
0.0416608196
0.0416601919
0.0416307007
0.0416307007
0.0416086460
0.0415971216
0.0415367700
0.0415367700
0.0415019319
0.0415015523
0.0415013345
0.0414859540
0.0414794366
0.0414763457
0.0414629218
0.0414281855
0.0414255456
0.0414067252
0.0413923597
0.0413890955
0.0413588014
0.0413550773
0.0413427732
0.0413420143
0.0413328313
0.0413215271
0.0413160008
0.0413160008
0.0413160008
0.0412466378
0.0412441205
0.0412421644
0.0412070443
0.0412051048
0.0411778867
0.0411727922
0.0411682111
0.0411524636
0.0411426421
0.0411370836
0.0410772082
0.0410678944
0.0410640309
0.0410552172
0.0410493688
0.0410402337
0.0410378044
0.0410107558
0.0409254131
0.0408973844
0.0408796863
0.0408476543
0.0408297975
0.0408250434
0.0408141443
0.0408021554
0.0407908560
0.0407893288
0.0407462799
0.0407462799
0.0407462799
0.0407433563
0.0407308982
0.0405569655
0.0405562582
0.0405026986
0.0405006230
0.0404766067
0.0404600496
0.0404539763
0.0404460971
0.0404106767
0.0403633871
0.0402689351
0.0402588947
0.0402576998
0.0402573910
0.0402431781
0.0402394222
0.0402389888
0.0402354710
0.0402216299
0.0402053533
0.0402032383
0.0402003194
0.0401975019
0.0401955516
0.0401924443
0.0401808091
0.0401805321
0.0401711694
0.0401646930
0.0401635682
0.0401541070
0.0401514014
0.0401395655
0.0401370955
0.0401197647
0.0401095896
0.0401059276
0.0401059276
0.0400792813
0.0400668562
0.0400660899
0.0400660899
0.0400551840
0.0400516759
0.0400516759
0.0400437914
0.0400278440
0.0399776385
0.0399776385
0.0399776385
0.0399726604
0.0399605246
0.0399375932
0.0399308073
0.0399300683
0.0399162989
0.0398980621
0.0398980621
0.0398943252
0.0398885647
0.0398565365
0.0398465450
0.0398463869
0.0398431986
0.0398370683
0.0398289323
0.0398075518
0.0397796005
0.0397514753
0.0397462315
0.0397291187
0.0397236779
0.0397057865
0.0396886123
0.0396882861
0.0396698862
0.0396687867
0.0396511223
0.0396478611
0.0396449067
0.0396323588
0.0396141095
0.0396140305
0.0395684761
0.0395476725
0.0395418378
0.0395375804
0.0395358150
0.0395336432
0.0395331538
0.0395263432
0.0395211921
0.0395048940
0.0395048940
0.0395037114
0.0394791177
0.0394698906
0.0394591133
0.0394591133
0.0394588596
0.0394369210
0.0394369210
0.0394170694
0.0394077174
0.0394077174
0.0394008080
0.0393817892
0.0393790645
0.0393771314
0.0393771314
0.0393572834
0.0393515317
0.0393328339
0.0393316356
0.0392990181
0.0392875345
0.0392863126
0.0391833633
0.0391552074
0.0391501684
0.0391362859
0.0391275912
0.0391197731
0.0391178808
0.0391085982
0.0391064167
0.0390977264
0.0390729817
0.0390604992
0.0390604992
0.0390514982
0.0390429453
0.0390127739
0.0390068562
0.0389903617
0.0389853063
0.0389848202
0.0389804284
0.0389741089
0.0389484492
0.0389471846
0.0389347224
0.0389279257
0.0389214080
0.0388873120
0.0388858748
0.0388858748
0.0388834188
0.0388678403
0.0388676890
0.0388521340
0.0388475039
0.0388385632
0.0388183283
0.0388183283
0.0388085573
0.0388055265
0.0387923270
0.0387868462
0.0387736550
0.0387675549
0.0387471203
0.0387426466
0.0387414005
0.0386897190
0.0386890592
0.0386820187
0.0386737245
0.0386737245
0.0386661458
0.0386596465
0.0386498296
0.0386235026
0.0386195156
0.0386163991
0.0386121516
0.0386012162
0.0385952806
0.0385698459
0.0385533765
0.0385438977
0.0385382968
0.0385334363
0.0385098081
0.0385098081
0.0384953549
0.0384800406
0.0384651817
0.0384650750
0.0384631170
0.0384631170
0.0384561108
0.0384501574
0.0384365081
0.0384365081
0.0384346992
0.0384346992
0.0384343060
0.0384327447
0.0384320342
0.0384232309
0.0384232309
0.0384154886
0.0384066822
0.0383990272
0.0383990272
0.0383971263
0.0383913143
0.0383864166
0.0383765523
0.0383661257
0.0383655612
0.0383620174
0.0383567924
0.0383141828
0.0383141828
0.0383099624
0.0383098844
0.0383074527
0.0382996738
0.0382996738
0.0382932597
0.0382915674
0.0382862269
0.0382856132
0.0382686005
0.0382544808
0.0382446470
0.0382419168
0.0382413399
0.0382398303
0.0382289869
0.0381820164
0.0381799970
0.0381787720
0.0381765301
0.0381763716
0.0381744664
0.0381744664
0.0381371791
0.0381371791
0.0381224979
0.0381074007
0.0381069391
0.0381008816
0.0380922326
0.0380717267
0.0380552954
0.0380552954
0.0380547805
0.0380502429
0.0380428482
0.0380260064
0.0380235115
0.0380235115
0.0380222860
0.0380193683
0.0380166391
0.0379976214
0.0379692443
0.0379467533
0.0379436174
0.0379375961
0.0379366850
0.0379338813
0.0379313401
0.0379242320
0.0379118443
0.0379097124
0.0379072056
0.0377950442
0.0377950442
0.0377941627
0.0377903223
0.0377874127
0.0377698286
0.0377682443
0.0377637067
0.0377552590
0.0377544440
0.0377487197
0.0377487197
0.0377487197
0.0377391866
0.0377232168
0.0377232168
0.0377066545
0.0377031500
0.0377017863
0.0376778989
0.0376778989
0.0376655915
0.0376601471
0.0376522465
0.0376321317
0.0376265455
0.0376183076
0.0376182914
0.0375691043
0.0375661897
0.0375642922
0.0375612588
0.0375607526
0.0375418901
0.0375418837
0.0375307893
0.0375112361
0.0375100186
0.0375071907
0.0374957903
0.0374948416
0.0374901026
0.0374901026
0.0374792888
0.0374717788
0.0374688566
0.0374686520
0.0374584429
0.0374554267
0.0374434752
0.0374363033
0.0374343398
0.0374341235
0.0374273688
0.0374022817
0.0373950686
0.0373884616
0.0373712146
0.0373308740
0.0373229929
0.0373137483
0.0372826816
0.0372826816
0.0372687613
0.0372653028
0.0372563911
0.0372527695
0.0372527695
0.0372396036
0.0372337305
0.0372317745
0.0372268656
0.0372268656
0.0371941527
0.0371941197
0.0371920166
0.0371890086
0.0371821399
0.0371726147
0.0371632381
0.0371478004
0.0371478004
0.0369857923
0.0369809607
0.0369795613
0.0369795613
0.0369795613
0.0369609035
0.0369603792
0.0369498738
0.0369223142
0.0369223142
0.0369057456
0.0369029789
0.0369006682
0.0368959046
0.0368923619
0.0368784129
0.0368724612
0.0368613054
0.0368438106
0.0368438106
0.0368401775
0.0368373315
0.0368288602
0.0368202642
0.0368181006
0.0368165806
0.0368160063
0.0368143510
0.0368120058
0.0368111140
0.0367885314
0.0367885314
0.0367847387
0.0367839318
0.0367785744
0.0367780442
0.0367629132
0.0367481780
0.0367403092
0.0367191912
0.0367097125
0.0366935194
0.0366898589
0.0366759435
0.0366759435
0.0366680997
0.0366662028
0.0366640089
0.0366498194
0.0366310970
0.0366141876
0.0365934998
0.0365934998
0.0365592621
0.0365592621
0.0365563222
0.0365541443
0.0365524664
0.0365487259
0.0365033097
0.0364871257
0.0364761937
0.0364462074
0.0364387652
0.0364345450
0.0364345450
0.0364300454
0.0364263236
0.0364201880
0.0364200406
0.0364171980
0.0364161345
0.0364161345
0.0363395005
0.0363103014
0.0363081202
0.0363066776
0.0363046125
0.0363046125
0.0362908151
0.0362899999
0.0362685709
0.0362557469
0.0362465278
0.0362465278
0.0362446048
0.0362444542
0.0361982800
0.0361955230
0.0361940986
0.0361940986
0.0361935017
0.0361927763
0.0361814594
0.0361745748
0.0361745748
0.0361743194
0.0361731374
0.0361589806
0.0361525551
0.0361321058
0.0361176815
0.0360996622
0.0360908709
0.0360905159
0.0360849624
0.0360849624
0.0360819736
0.0360755235
0.0360703047
0.0360692655
0.0360685994
0.0360586768
0.0360310029
0.0360153948
0.0360023830
0.0360023830
0.0359876712
0.0359875105
0.0359747702
0.0359747702
0.0359396871
0.0359323588
0.0359301616
0.0359301616
0.0359144033
0.0359144033
0.0359014922
0.0359006227
0.0358732003
0.0358506680
0.0358506680
0.0358427208
0.0358418007
0.0358177306
0.0358065984
0.0358062892
0.0357857522
0.0357764901
0.0357737839
0.0357608759
0.0357308653
0.0357287569
0.0357278398
0.0357275457
0.0357123834
0.0357109556
0.0357109556
0.0357109556
0.0357065651
0.0357065651
0.0356919444
0.0356904573
0.0356904573
0.0356707555
0.0356700692
0.0356691482
0.0356496728
0.0356470125
0.0356462709
0.0356462709
0.0356441218
0.0356416049
0.0356394558
0.0356394558
0.0356386073
0.0356386073
0.0356261533
0.0356155564
0.0356134113
0.0356134113
0.0356085913
0.0355988326
0.0355836114
0.0355836114
0.0355836114
0.0355804537
0.0355790338
0.0355634380
0.0355018900
0.0354950833
0.0354826938
0.0354657137
0.0354394677
0.0354262753
0.0354262753
0.0354257056
0.0354254301
0.0354172439
0.0354151835
0.0354148898
0.0354014788
0.0353991281
0.0353785056
0.0353357359
0.0353338740
0.0353138466
0.0352914746
0.0352905575
0.0352742915
0.0352717398
0.0352704268
0.0352627235
0.0352627235
0.0352611309
0.0352603862
0.0352598020
0.0352546403
0.0352363650
0.0352358790
0.0352342669
0.0352301871
0.0352278865
0.0352156943
0.0352115833
0.0352042046
0.0352042046
0.0352042046
0.0352037592
0.0352037592
0.0352015475
0.0352011021
0.0351795948
0.0351635047
0.0351613234
0.0351580106
0.0351560720
0.0351505063
0.0350873667
0.0350864770
0.0350815456
0.0350662388
0.0350637954
0.0350590202
0.0350590202
0.0350589803
0.0350589803
0.0350496330
0.0350456571
0.0350246859
0.0350246859
0.0350168411
0.0350001055
0.0349952526
0.0349952526
0.0349944892
0.0349837450
0.0349753908
0.0349656490
0.0349639154
0.0349542333
0.0349539154
0.0349391267
0.0349340712
0.0349320197
0.0349283040
0.0349120826
0.0349120826
0.0349120826
0.0348961042
0.0348961042
0.0348797349
0.0348797349
0.0348565772
0.0348539699
0.0348388505
0.0348388505
0.0348366829
0.0348363436
0.0348219179
0.0348219179
0.0348216826
0.0348045401
0.0348032593
0.0347853785
0.0347838476
0.0347838476
0.0347838476
0.0347811184
0.0347789771
0.0347707537
0.0347707537
0.0347686236
0.0347680973
0.0347570391
0.0347464012
0.0347441981
0.0347438904
0.0347421608
0.0347419921
0.0347416290
0.0347328984
0.0347320998
0.0347268632
0.0347190094
0.0347190094
0.0347174285
0.0347081386
0.0346999862
0.0346932715
0.0346907280
0.0346875632
0.0346579527
0.0346500058
0.0346481783
0.0346406371
0.0346324876
0.0346244964
0.0346112815
0.0346019816
0.0345982510
0.0345949394
0.0345821447
0.0345821447
0.0345814446
0.0345702219
0.0345615627
0.0345615627
0.0345615627
0.0345592293
0.0345576038
0.0345413891
0.0345413891
0.0345186188
0.0345186188
0.0345151127
0.0345151127
0.0343676070
0.0343673718
0.0343673718
0.0343434712
0.0342857679
0.0342821070
0.0342820811
0.0342403682
0.0342384509
0.0342383832
0.0342383832
0.0342361680
0.0342358581
0.0342246686
0.0342246686
0.0342176062
0.0342165996
0.0342165996
0.0342055925
0.0342050129
0.0342033917
0.0341979819
0.0341962284
0.0341767540
0.0341767540
0.0341763875
0.0341472983
0.0341472983
0.0341439382
0.0341346877
0.0341299950
0.0341289708
0.0341221073
0.0341218542
0.0341218542
0.0341173213
0.0341173213
0.0341173213
0.0341170092
0.0341124885
0.0341120814
0.0341044470
0.0341042292
0.0341042292
0.0341042292
0.0341034964
0.0340991816
0.0340989349
0.0340825559
0.0340779653
0.0340723370
0.0340669014
0.0340667508
0.0340545711
0.0340355186
0.0340354183
0.0340298019
0.0340298019
0.0340254063
0.0340127675
0.0340124917
0.0340048495
0.0340035610
0.0340035610
0.0340033434
0.0339829540
0.0339827365
0.0339693703
0.0339693703
0.0339687970
0.0339593258
0.0339592080
0.0339587124
0.0339550600
0.0339487457
0.0339484604
0.0339484604
0.0339339358
0.0339271414
0.0339065710
0.0338984404
0.0338926798
0.0338779429
0.0338771770
0.0338698131
0.0338626784
0.0338602242
0.0338408247
0.0338408247
0.0338210916
0.0338011058
0.0337822433
0.0337700363
0.0337700363
0.0337444365
0.0337375089
0.0337360940
0.0337360940
0.0337325203
0.0337207014
0.0336976475
0.0336963890
0.0336958500
0.0336958500
0.0336323380
0.0336323380
0.0336136914
0.0336136914
0.0336096319
0.0336079311
0.0336073609
0.0336073609
0.0335962677
0.0335962677
0.0335790578
0.0335774697
0.0335643574
0.0335575817
0.0335396773
0.0335359045
0.0335254591
0.0335206525
0.0335192454
0.0335186834
0.0335186834
0.0335040167
0.0334941570
0.0334941570
0.0334909321
0.0334837936
0.0334837936
0.0334825225
0.0334817857
0.0334769602
0.0334769602
0.0334769602
0.0334745813
0.0334745813
0.0334712721
0.0334712721
0.0334711130
0.0334634171
0.0334616004
0.0334459193
0.0334359440
0.0334359440
0.0334345773
0.0334224704
0.0334155395
0.0334155395
0.0334150940
0.0334140853
0.0334137347
0.0334137347
0.0334109905
0.0334099817
0.0331464302
0.0331460656
0.0331460656
0.0331460656
0.0331421361
0.0331236828
0.0330938722
0.0330669785
0.0330656056
0.0330492897
0.0330484797
0.0330484797
0.0330474425
0.0330474425
0.0330474425
0.0330474425
0.0330458063
0.0330453865
0.0330446082
0.0330420411
0.0330344384
0.0330317083
0.0330295063
0.0330268156
0.0330268156
0.0330256175
0.0330218913
0.0330106998
0.0330068481
0.0329986428
0.0329983957
0.0329972216
0.0329937206
0.0329915317
0.0329882374
0.0329835125
0.0328397577
0.0328259372
0.0328240051
0.0328043176
0.0328013725
0.0327801194
0.0327601914
0.0327581932
0.0327572937
0.0327513420
0.0327499575
0.0327444657
0.0327444657
0.0327427317
0.0327423315
0.0327414020
0.0327414020
0.0327414020
0.0327402373
0.0327300890
0.0327279106
0.0327279106
0.0327279106
0.0327278093
0.0327271357
0.0327129113
0.0327129113
0.0327031020
0.0327016605
0.0327005077
0.0326997978
0.0326916340
0.0326809945
0.0326806610
0.0326806610
0.0326700504
0.0326697182
0.0326624015
0.0326624015
0.0326534141
0.0326534141
0.0326520377
0.0326488540
0.0326475532
0.0326373325
0.0326372500
0.0326363745
0.0326349203
0.0326330340
0.0326318889
0.0326313430
0.0326225025
0.0326152116
0.0326098458
0.0325906680
0.0325842120
0.0325732527
0.0325732345
0.0325731941
0.0325696759
0.0325688001
0.0325623439
0.0325623439
0.0325603703
0.0325563682
0.0325492876
0.0325422581
0.0325422581
0.0325397584
0.0325397584
0.0325397584
0.0325397584
0.0325362331
0.0325355969
0.0325304396
0.0325298130
0.0325289246
0.0325237239
0.0325190634
0.0325186405
0.0325186405
0.0325158480
0.0325158480
0.0325000785
0.0324975272
0.0324972737
0.0324909388
0.0324835815
0.0324796332
0.0324790577
0.0324578155
0.0324552810
0.0324541640
0.0324520393
0.0324520393
0.0324309273
0.0324243029
0.0324238435
0.0324238435
0.0324235567
0.0324222763
0.0324169460
0.0323999816
0.0323958989
0.0323958989
0.0323812791
0.0323778842
0.0323762550
0.0323718128
0.0323699620
0.0323647623
0.0323637256
0.0323631509
0.0323626051
0.0323562777
0.0323562777
0.0323544259
0.0323539617
0.0323350462
0.0323347408
0.0323343865
0.0323114764
0.0323086765
0.0323065738
0.0323034685
0.0323001782
0.0322980899
0.0322968603
0.0322962760
0.0322962760
0.0322935515
0.0322915499
0.0322875592
0.0322875592
0.0322875592
0.0322791861
0.0322786346
0.0322730296
0.0322702144
0.0322684692
0.0322627432
0.0322546877
0.0322538628
0.0322538628
0.0322459201
0.0322420066
0.0322419270
0.0322351204
0.0322346181
0.0322318318
0.0322318318
0.0322203296
0.0322191161
0.0322119856
0.0322114767
0.0322114767
0.0322105686
0.0322059586
0.0321890082
0.0321886726
0.0321644811
0.0321609171
0.0321469014
0.0321454073
0.0321380613
0.0321380613
0.0321254758
0.0321189884
0.0321154086
0.0321083788
0.0321064934
0.0321042897
0.0320862779
0.0320861484
0.0320850462
0.0320848196
0.0320758180
0.0320473327
0.0320409389
0.0320393743
0.0320375921
0.0320366061
0.0320272374
0.0320243057
0.0320217913
0.0320200037
0.0320196716
0.0319835491
0.0319805965
0.0319804539
0.0319792335
0.0319704186
0.0319691982
0.0319656512
0.0319636758
0.0319636758
0.0319615170
0.0319493974
0.0319441376
0.0319441376
0.0319432769
0.0319407412
0.0319396130
0.0319396130
0.0319259939
0.0319259939
0.0319259675
0.0319257303
0.0319252220
0.0319249848
0.0319204831
0.0319029206
0.0318990582
0.0318962574
0.0318936833
0.0318922362
0.0318912535
0.0318901591
0.0318901591
0.0318899489
0.0318899489
0.0318851605
0.0318793344
0.0318781853
0.0318703220
0.0318699944
0.0318396314
0.0318298058
0.0318294698
0.0318293789
0.0318277726
0.0318277726
0.0318204933
0.0318180865
0.0318176596
0.0318155236
0.0318154409
0.0318147847
0.0318147847
0.0318128674
0.0318128674
0.0318102789
0.0318094462
0.0318067821
0.0318067821
0.0317996963
0.0317996963
0.0317992232
0.0317791147
0.0317779779
0.0317724960
0.0317717704
0.0317717704
0.0317693644
0.0317673141
0.0317612925
0.0317612925
0.0317589334
0.0317575709
0.0317553075
0.0317549172
0.0317522447
0.0317301237
0.0317279478
0.0317251859
0.0317240537
0.0317170278
0.0317170278
0.0317161178
0.0317147150
0.0316963915
0.0316881795
0.0316844183
0.0316741231
0.0316741231
0.0316741231
0.0316741231
0.0316724971
0.0316662007
0.0316657887
0.0316578177
0.0316516727
0.0316516317
0.0316370770
0.0316370770
0.0316321846
0.0316321846
0.0316214653
0.0316184242
0.0316183428
0.0316148314
0.0316145044
0.0316144229
0.0316142424
0.0316087893
0.0316087893
0.0316081036
0.0316081036
0.0316057891
0.0315925403
0.0315844720
0.0315834283
0.0315767782
0.0315676572
0.0315676572
0.0315676572
0.0315676572
0.0315676572
0.0315670690
0.0315653568
0.0315648199
0.0315622462
0.0315618258
0.0315618258
0.0315611182
0.0315577470
0.0315553513
0.0315536128
0.0315536128
0.0315505145
0.0315466213
0.0315465686
0.0315461481
0.0314761359
0.0314736704
0.0314425527
0.0314394275
0.0314348797
0.0314333384
0.0314315326
0.0314298226
0.0314292133
0.0314277488
0.0314272631
0.0314271565
0.0314271565
0.0314267735
0.0314248677
0.0314203614
0.0314183047
0.0314170036
0.0314020147
0.0314013351
0.0314011195
0.0314011195
0.0314011195
0.0314010334
0.0313892043
0.0313759878
0.0313759878
0.0313713057
0.0313703293
0.0313703293
0.0313701196
0.0313666156
0.0313666156
0.0313666156
0.0313642727
0.0313635308
0.0313588506
0.0313568484
0.0313469327
0.0313436489
0.0313425581
0.0313381097
0.0313365985
0.0313352924
0.0313347399
0.0313342976
0.0313342976
0.0313310462
0.0313310462
0.0313308365
0.0313194096
0.0313194096
0.0313157692
0.0313157692
0.0313142928
0.0313142928
0.0313119884
0.0313113173
0.0313113173
0.0312907603
0.0312907603
0.0312882737
0.0312837998
0.0312731673
0.0312698776
0.0312651541
0.0312651541
0.0312651541
0.0312584687
0.0312584687
0.0312517408
0.0312516402
0.0312505315
0.0312503297
0.0312471381
0.0312469762
0.0312427102
0.0312427102
0.0312386372
0.0312343099
0.0312325349
0.0312234737
0.0312233977
0.0312233977
0.0312233559
0.0312128190
0.0312127430
0.0312119518
0.0312087135
0.0312040345
0.0312030495
0.0311998250
0.0311984530
0.0311984530
0.0311983549
0.0311983549
0.0311967984
0.0311967984
0.0311963073
0.0311875167
0.0311873146
0.0311814959
0.0311814959
0.0311786178
0.0311709299
0.0311654650
0.0311570388
0.0311475518
0.0311464967
0.0311433284
0.0311421354
0.0311226378
0.0311194696
0.0311194696
0.0311116891
0.0311116891
0.0311111954
0.0311109131
0.0311109131
0.0311065659
0.0311064250
0.0310899549
0.0310899549
0.0310817918
0.0310817918
0.0310812247
0.0310743334
0.0310658932
0.0310638233
0.0310634507
0.0310624703
0.0310568436
0.0310564204
0.0310564204
0.0310556669
0.0310547267
0.0310546018
0.0310536373
0.0310534486
0.0310476689
0.0310474450
0.0310464854
0.0310404014
0.0310401318
0.0310390793
0.0310390793
0.0310359294
0.0310351586
0.0310351586
0.0310351586
0.0310336912
0.0310323823
0.0310323823
0.0310323823
0.0310002138
0.0310002138
0.0310000000
0.0310000000
0.0310000000
0.0310000000
0.0310000000
0.0310000000
0.0310000000
0.0310000000
0.0310000000
0.0310000000
0.0310000000
0.0310000000
0.0310000000
0.0310000000
0.0310000000
0.0310000000
0.0310000000
0.0310000000
0.0310000000
0.0310000000
0.0310000000
0.0310000000
0.0310000000
0.0310000000
0.0310000000
0.0310000000
0.0310000000
0.0310000000
0.0310000000
0.0310000000
0.0310000000
0.0310000000
0.0310000000
0.0310000000
0.0310000000
0.0310000000
0.0310000000
0.0310000000
0.0310000000
0.0310000000
0.0310000000
0.0310000000
0.0310000000
0.0310000000
0.0310000000
0.0310000000
0.0310000000
0.0310000000
0.0310000000
0.0310000000
0.0310000000
0.0310000000
0.0310000000
0.0310000000
0.0310000000
0.0310000000
0.0310000000
0.0310000000
0.0310000000
0.0310000000
0.0310000000
0.0310000000
0.0310000000
0.0310000000
0.0310000000
0.0310000000
0.0310000000
0.0310000000
0.0310000000
0.0310000000
0.0310000000
0.0310000000
0.0310000000
0.0310000000
0.0310000000
0.0310000000
0.0310000000
0.0310000000
0.0310000000
0.0310000000
0.0310000000
0.0310000000
0.0310000000
0.0310000000
0.0310000000
0.0310000000
0.0310000000
0.0310000000
0.0310000000
0.0310000000
0.0310000000
0.0310000000
0.0310000000
0.0310000000
0.0310000000
0.0310000000
0.0310000000
0.0310000000
0.0310000000
0.0310000000
0.0310000000
0.0310000000
0.0310000000
0.0310000000
0.0310000000
0.0310000000
0.0310000000
0.0310000000
0.0310000000
0.0310000000
0.0310000000
0.0310000000
0.0310000000
0.0310000000
0.0310000000
0.0310000000
0.0310000000
0.0310000000
0.0310000000
0.0310000000
0.0310000000
0.0310000000
0.0310000000
0.0310000000
0.0310000000
0.0310000000
0.0310000000
0.0310000000
0.0310000000
0.0310000000
0.0310000000
0.0310000000
0.0310000000
0.0310000000
0.0310000000
0.0310000000
0.0310000000
0.0310000000
0.0310000000
0.0310000000
0.0310000000
0.0310000000
0.0310000000
0.0310000000
0.0310000000
0.0310000000
0.0310000000
0.0310000000
0.0310000000
0.0310000000
0.0310000000
0.0310000000
0.0310000000
0.0310000000
0.0310000000
0.0310000000
0.0310000000
0.0310000000
0.0310000000
0.0310000000
0.0310000000
0.0310000000
0.0310000000
0.0310000000
0.0310000000
0.0310000000
0.0310000000
0.0310000000
0.0310000000
0.0310000000
0.0310000000
0.0310000000
0.0310000000
0.0310000000
0.0310000000
0.0310000000
0.0310000000
0.0310000000
0.0310000000
0.0310000000
0.0310000000
0.0310000000
0.0310000000
0.0310000000
0.0310000000
0.0310000000
0.0310000000
0.0310000000
0.0310000000
0.0310000000
0.0310000000
0.0310000000
0.0310000000
0.0310000000
0.0310000000
0.0310000000
0.0310000000
0.0310000000
0.0310000000
0.0310000000
0.0310000000
0.0310000000
0.0310000000
0.0310000000
0.0310000000
0.0310000000
0.0310000000
0.0310000000
0.0310000000
0.0310000000
0.0310000000
0.0310000000
0.0310000000
0.0310000000
0.0310000000
0.0310000000
0.0310000000
0.0310000000
0.0310000000
0.0310000000
0.0310000000
0.0310000000
0.0310000000
0.0310000000
0.0310000000
0.0310000000
0.0310000000
0.0310000000
0.0310000000
0.0310000000
0.0310000000
0.0310000000
0.0310000000
0.0310000000
0.0310000000
0.0310000000
0.0310000000
0.0310000000
0.0310000000
0.0310000000
0.0310000000
0.0310000000
0.0310000000
0.0310000000
0.0310000000
0.0310000000
0.0310000000
0.0310000000
0.0310000000
0.0310000000
0.0310000000
0.0310000000
0.0310000000
0.0310000000
0.0310000000
0.0310000000
0.0310000000
0.0310000000
0.0310000000
0.0310000000
0.0310000000
0.0310000000
0.0310000000
0.0310000000
0.0310000000
0.0310000000
0.0310000000
0.0310000000
0.0310000000
0.0310000000
0.0310000000
0.0310000000
0.0310000000
0.0310000000
0.0310000000
0.0310000000
0.0310000000
0.0310000000
0.0310000000
0.0310000000
0.0310000000
0.0310000000
0.0310000000
0.0310000000
0.0310000000
0.0310000000
0.0310000000
0.0310000000
0.0310000000
0.0310000000
0.0310000000
0.0310000000
0.0310000000
0.0310000000
0.0310000000
0.0310000000
0.0310000000
0.0310000000
0.0310000000
0.0310000000
0.0310000000
0.0310000000
0.0310000000
0.0310000000
0.0310000000
0.0310000000
0.0310000000
0.0310000000
0.0310000000
0.0310000000
0.0310000000
0.0310000000
0.0310000000
0.0310000000
0.0310000000
0.0310000000
0.0310000000
0.0310000000
0.0310000000
0.0310000000
0.0310000000
0.0310000000
0.0310000000
0.0310000000
0.0310000000
0.0310000000
0.0310000000
0.0310000000
0.0310000000
0.0310000000
0.0310000000
0.0310000000
0.0310000000
0.0310000000
0.0310000000
0.0310000000
0.0310000000
0.0310000000
0.0310000000
0.0310000000
0.0310000000
0.0310000000
0.0310000000
0.0310000000
0.0310000000
0.0310000000
0.0310000000
0.0310000000
0.0310000000
0.0310000000
0.0310000000
0.0310000000
0.0310000000
0.0310000000
0.0310000000
0.0310000000
0.0310000000
0.0310000000
0.0310000000
0.0310000000
0.0310000000
0.0310000000
0.0310000000
0.0310000000
0.0310000000
0.0310000000
0.0310000000
0.0310000000
0.0310000000
0.0310000000
0.0310000000
0.0310000000
0.0310000000
0.0310000000
0.0310000000
0.0310000000
0.0310000000
0.0310000000
0.0310000000
0.0310000000
0.0310000000
0.0310000000
0.0310000000
0.0310000000
0.0310000000
0.0310000000
0.0310000000
0.0310000000
0.0310000000
0.0310000000
0.0310000000
0.0310000000
0.0310000000
0.0310000000
0.0310000000
0.0310000000
0.0310000000
0.0310000000
0.0310000000
0.0310000000
0.0310000000
0.0310000000
0.0310000000
0.0310000000
0.0310000000
0.0310000000
0.0310000000
0.0310000000
0.0310000000
0.0310000000
0.0310000000
0.0310000000
0.0310000000
0.0310000000
0.0310000000
0.0310000000
0.0310000000
0.0310000000
0.0310000000
0.0310000000
0.0310000000
0.0310000000
0.0310000000
0.0310000000
0.0310000000
0.0310000000
0.0310000000
0.0310000000
0.0310000000
0.0310000000
0.0310000000
0.0310000000
0.0310000000
0.0310000000
0.0310000000
0.0310000000
0.0310000000
0.0310000000
0.0310000000
0.0310000000
0.0310000000
0.0310000000
0.0310000000
0.0310000000
0.0310000000
0.0310000000
0.0310000000
0.0310000000
0.0310000000
0.0310000000
0.0310000000
0.0310000000
0.0310000000
0.0310000000
0.0310000000
0.0310000000
0.0310000000
0.0310000000
0.0310000000
0.0310000000
0.0310000000
0.0310000000
0.0310000000
0.0310000000
0.0310000000
0.0310000000
0.0310000000
0.0310000000
0.0310000000
0.0310000000
0.0310000000
0.0310000000
0.0310000000
0.0310000000
0.0310000000
0.0310000000
0.0310000000
0.0310000000
0.0310000000
0.0310000000
0.0310000000
0.0310000000
0.0310000000
0.0310000000
0.0310000000
0.0310000000
0.0310000000
0.0310000000
0.0310000000
0.0310000000
0.0310000000
0.0310000000
0.0310000000
0.0310000000
0.0310000000
0.0310000000
0.0310000000
0.0310000000
0.0310000000
0.0310000000
0.0310000000
0.0310000000
0.0310000000
0.0310000000
0.0310000000
0.0310000000
0.0310000000
0.0310000000
0.0310000000
0.0310000000
0.0310000000
0.0310000000
0.0310000000
0.0310000000
0.0310000000
0.0310000000
0.0310000000
0.0310000000
0.0310000000
0.0310000000
0.0310000000
0.0310000000
0.0310000000
0.0310000000
0.0310000000
0.0310000000
0.0310000000
0.0310000000
0.0310000000
0.0310000000
0.0310000000
0.0310000000
0.0310000000
0.0310000000
0.0310000000
0.0310000000
0.0310000000
0.0310000000
0.0310000000
0.0310000000
0.0310000000
0.0310000000
0.0310000000
0.0310000000
0.0310000000
0.0310000000
0.0310000000
0.0310000000
0.0310000000
0.0310000000
0.0310000000
0.0310000000
0.0310000000
0.0310000000
0.0310000000
0.0310000000
0.0310000000
0.0310000000
0.0310000000
0.0310000000
0.0310000000
0.0310000000
0.0310000000
0.0310000000
0.0310000000
0.0310000000
0.0310000000
0.0310000000
0.0310000000
0.0310000000
0.0310000000
0.0310000000
0.0310000000
0.0310000000
0.0310000000
0.0310000000
0.0310000000
0.0310000000
0.0310000000
0.0310000000
0.0310000000
0.0310000000
0.0310000000
0.0310000000
0.0310000000
0.0310000000
0.0310000000
0.0310000000
0.0310000000
0.0310000000
0.0310000000
0.0310000000
0.0310000000
0.0310000000
0.0310000000
0.0310000000
0.0310000000
0.0310000000
0.0310000000
0.0310000000
0.0310000000
0.0310000000
0.0310000000
0.0310000000
0.0310000000
0.0310000000
0.0310000000
0.0310000000
0.0310000000
0.0310000000
0.0310000000
0.0310000000
0.0310000000
0.0310000000
0.0310000000
0.0310000000
0.0310000000
0.0310000000
0.0310000000
0.0310000000
0.0310000000
0.0310000000
0.0310000000
0.0310000000
0.0310000000
0.0310000000
0.0310000000
0.0310000000
0.0310000000
0.0310000000
0.0310000000
0.0310000000
0.0310000000
0.0310000000
0.0310000000
0.0310000000
0.0310000000
0.0310000000
0.0310000000
0.0310000000
0.0310000000
0.0310000000
0.0310000000
0.0310000000
0.0310000000
0.0310000000
0.0310000000
0.0310000000
0.0310000000
0.0310000000
0.0310000000
0.0310000000
0.0310000000
0.0310000000
0.0310000000
0.0310000000
0.0310000000
0.0310000000
0.0310000000
0.0310000000
0.0310000000
0.0310000000
0.0310000000
0.0310000000
0.0310000000
0.0310000000
0.0310000000
0.0310000000
0.0310000000
0.0310000000
0.0310000000
0.0310000000
0.0310000000
0.0310000000
0.0310000000
0.0310000000
0.0310000000
0.0310000000
0.0310000000
0.0310000000
0.0310000000
0.0310000000
0.0310000000
0.0310000000
0.0310000000
0.0310000000
0.0310000000
0.0310000000
0.0310000000
0.0310000000
0.0310000000
0.0310000000
0.0310000000
0.0310000000
0.0310000000
0.0310000000
0.0310000000
0.0310000000
0.0310000000
0.0310000000
0.0310000000
0.0310000000
0.0310000000
0.0310000000
0.0310000000
0.0310000000
0.0310000000
0.0310000000
0.0310000000
0.0310000000
0.0310000000
0.0310000000
0.0310000000
0.0310000000
0.0310000000
0.0310000000
0.0310000000
0.0310000000
0.0310000000
0.0310000000
0.0310000000
0.0310000000
0.0310000000
0.0310000000
0.0310000000
0.0310000000
0.0310000000
0.0310000000
0.0310000000
0.0310000000
0.0310000000
0.0310000000
0.0310000000
0.0310000000
0.0310000000
0.0310000000
0.0310000000
0.0310000000
0.0310000000
0.0310000000
0.0310000000
0.0310000000
0.0310000000
0.0310000000
0.0310000000
0.0310000000
0.0310000000
0.0310000000
0.0310000000
0.0310000000
0.0310000000
0.0310000000
0.0310000000
0.0310000000
0.0310000000
0.0310000000
0.0310000000
0.0310000000
0.0310000000
0.0310000000
0.0310000000
0.0310000000
0.0310000000
0.0310000000
0.0310000000
0.0310000000
0.0310000000
0.0310000000
0.0310000000
0.0310000000
0.0310000000
0.0310000000
0.0310000000
0.0310000000
0.0310000000
0.0310000000
0.0310000000
0.0310000000
0.0310000000
0.0310000000
0.0310000000
0.0310000000
0.0310000000
0.0310000000
0.0310000000
0.0310000000
0.0310000000
0.0310000000
0.0310000000
0.0310000000
0.0310000000
0.0310000000
0.0310000000
0.0310000000
0.0310000000
0.0310000000
0.0310000000
0.0310000000
0.0310000000
0.0310000000
0.0310000000
0.0310000000
0.0310000000
0.0310000000
0.0310000000
0.0310000000
0.0310000000
0.0310000000
0.0310000000
0.0310000000
0.0310000000
0.0310000000
0.0310000000
0.0310000000
0.0310000000
0.0310000000
0.0310000000
0.0310000000
0.0310000000
0.0310000000
0.0310000000
0.0310000000
0.0310000000
0.0310000000
0.0310000000
0.0310000000
0.0310000000
0.0310000000
0.0310000000
0.0310000000
0.0310000000
0.0310000000
0.0310000000
0.0310000000
0.0310000000
0.0310000000
0.0310000000
0.0310000000
0.0310000000
0.0310000000
0.0310000000
0.0310000000
0.0310000000
0.0310000000
0.0310000000
0.0310000000
0.0310000000
0.0310000000
0.0310000000
0.0310000000
0.0310000000
0.0310000000
0.0310000000
0.0310000000
0.0310000000
0.0310000000
0.0310000000
0.0310000000
0.0310000000
0.0310000000
0.0310000000
0.0310000000
0.0310000000
0.0310000000
0.0310000000
0.0310000000
0.0310000000
0.0310000000
0.0310000000
0.0310000000
0.0310000000
0.0310000000
0.0310000000
0.0310000000
0.0310000000
0.0310000000
0.0310000000
0.0310000000
0.0310000000
0.0310000000
0.0310000000
0.0310000000
0.0310000000
0.0310000000
0.0310000000
0.0310000000
0.0310000000
0.0310000000
0.0310000000
0.0310000000
0.0310000000
0.0310000000
0.0310000000
0.0310000000
0.0310000000
0.0310000000
0.0310000000
0.0310000000
0.0310000000
0.0310000000
0.0310000000
0.0310000000
0.0310000000
0.0310000000
0.0310000000
0.0310000000
0.0310000000
0.0310000000
0.0310000000
0.0310000000
0.0310000000
0.0310000000
0.0310000000
0.0310000000
0.0310000000
0.0310000000
0.0310000000
0.0310000000
0.0310000000
0.0310000000
0.0310000000
0.0310000000
0.0310000000
0.0310000000
0.0310000000
0.0310000000
0.0310000000
0.0310000000
0.0310000000
0.0310000000
0.0310000000
0.0310000000
0.0310000000
0.0310000000
0.0310000000
0.0310000000
0.0310000000
0.0310000000
0.0310000000
0.0310000000
0.0310000000
0.0310000000
0.0310000000
0.0310000000
0.0310000000
0.0310000000
0.0310000000
0.0310000000
0.0310000000
0.0310000000
0.0310000000
0.0310000000
0.0310000000
0.0310000000
0.0310000000
0.0310000000
0.0310000000
0.0310000000
0.0310000000
0.0310000000
0.0310000000
0.0310000000
0.0310000000
0.0310000000
0.0310000000
0.0310000000
0.0310000000
0.0310000000
0.0310000000
0.0310000000
0.0310000000
0.0310000000
0.0310000000
0.0310000000
0.0310000000
0.0310000000
0.0310000000
0.0310000000
0.0310000000
0.0310000000
0.0310000000
0.0310000000
0.0310000000
0.0310000000
0.0310000000
0.0310000000
0.0310000000
0.0310000000
0.0310000000
0.0310000000
0.0310000000
0.0310000000
0.0310000000
0.0310000000
0.0310000000
0.0310000000
0.0310000000
0.0310000000
0.0310000000
0.0310000000
0.0310000000
0.0310000000
0.0310000000
0.0310000000
0.0310000000
0.0310000000
0.0310000000
0.0310000000
0.0310000000
0.0310000000
0.0310000000
0.0310000000
0.0310000000
0.0310000000
0.0310000000
0.0310000000
0.0310000000
0.0310000000
0.0310000000
0.0310000000
0.0310000000
0.0310000000
0.0310000000
0.0310000000
0.0310000000
0.0310000000
0.0310000000
0.0310000000
0.0310000000
0.0310000000
0.0310000000
0.0310000000
0.0310000000
0.0310000000
0.0310000000
0.0310000000
0.0310000000
0.0310000000
0.0310000000
0.0310000000
0.0310000000
0.0310000000
0.0310000000
0.0310000000
0.0310000000
0.0310000000
0.0310000000
0.0310000000
0.0310000000
0.0310000000
0.0310000000
0.0310000000
0.0310000000
0.0310000000
0.0310000000
0.0310000000
0.0310000000
0.0310000000
0.0310000000
0.0310000000
0.0310000000
0.0310000000
0.0310000000
0.0310000000
0.0310000000
0.0310000000
0.0310000000
0.0310000000
0.0310000000
0.0310000000
0.0310000000
0.0310000000
0.0310000000
0.0310000000
0.0310000000
0.0310000000
0.0310000000
0.0310000000
0.0310000000
0.0310000000
0.0310000000
0.0310000000
0.0310000000
0.0310000000
0.0310000000
0.0310000000
0.0310000000
0.0310000000
0.0310000000
0.0310000000
0.0310000000
0.0310000000
0.0310000000
0.0310000000
0.0310000000
0.0310000000
0.0310000000
0.0310000000
0.0310000000
0.0310000000
0.0310000000
0.0310000000
0.0310000000
0.0310000000
0.0310000000
0.0310000000
0.0310000000
0.0310000000
0.0310000000
0.0310000000
0.0310000000
0.0310000000
0.0310000000
0.0310000000
0.0310000000
0.0310000000
0.0310000000
0.0310000000
0.0310000000
0.0310000000
0.0310000000
0.0310000000
0.0310000000
0.0310000000
0.0310000000
0.0310000000
0.0310000000
0.0310000000
0.0310000000
0.0310000000
0.0310000000
0.0310000000
0.0310000000
0.0310000000
0.0310000000
0.0310000000
0.0310000000
0.0310000000
0.0310000000
0.0310000000
0.0310000000
0.0310000000
0.0310000000
0.0310000000
0.0310000000
0.0310000000
0.0310000000
0.0310000000
0.0310000000
0.0310000000
0.0310000000
0.0310000000
0.0310000000
0.0310000000
0.0310000000
0.0310000000
0.0310000000
0.0310000000
0.0310000000
0.0310000000
0.0310000000
0.0310000000
0.0310000000
0.0310000000
0.0310000000
0.0310000000
0.0310000000
0.0310000000
0.0310000000
0.0310000000
0.0310000000
0.0310000000
0.0310000000
0.0310000000
0.0310000000
0.0310000000
0.0310000000
0.0310000000
0.0310000000
0.0310000000
0.0310000000
0.0310000000
0.0310000000
0.0310000000
0.0310000000
0.0310000000
0.0310000000
0.0310000000
0.0310000000
0.0310000000
0.0310000000
0.0310000000
0.0310000000
0.0310000000
0.0310000000
0.0310000000
0.0310000000
0.0310000000
0.0310000000
0.0310000000
0.0310000000
0.0310000000
0.0310000000
0.0310000000
0.0310000000
0.0310000000
0.0310000000
0.0310000000
0.0310000000
0.0310000000
0.0310000000
0.0310000000
0.0310000000
0.0310000000
0.0310000000
0.0310000000
0.0310000000
0.0310000000
0.0310000000
0.0310000000
0.0310000000
0.0310000000
0.0310000000
0.0310000000
0.0310000000
0.0310000000
0.0310000000
0.0310000000
0.0310000000
0.0310000000
0.0310000000
0.0310000000
0.0310000000
0.0310000000
0.0310000000
0.0310000000
0.0310000000
0.0310000000
0.0310000000
0.0310000000
0.0310000000
0.0310000000
0.0310000000
0.0310000000
0.0310000000
0.0310000000
0.0310000000
0.0310000000
0.0310000000
0.0310000000
0.0310000000
0.0310000000
0.0310000000
0.0310000000
0.0310000000
0.0310000000
0.0310000000
0.0310000000
0.0310000000
0.0310000000
0.0310000000
0.0310000000
0.0310000000
0.0310000000
0.0310000000
0.0310000000
0.0310000000
0.0310000000
0.0310000000
0.0310000000
0.0310000000
0.0310000000
0.0310000000
0.0310000000
0.0310000000
0.0310000000
0.0310000000
0.0310000000
0.0310000000
0.0310000000
0.0310000000
0.0310000000
0.0310000000
0.0310000000
0.0310000000
0.0310000000
0.0310000000
0.0310000000
0.0310000000
0.0310000000
0.0310000000
0.0310000000
0.0310000000
0.0310000000
0.0310000000
0.0310000000
0.0310000000
0.0310000000
0.0310000000
0.0310000000
0.0310000000
0.0310000000
0.0310000000
0.0310000000
0.0310000000
0.0310000000
0.0310000000
0.0310000000
0.0310000000
0.0310000000
0.0310000000
0.0310000000
0.0310000000
0.0310000000
0.0310000000
0.0310000000
0.0310000000
0.0310000000
0.0310000000
0.0310000000
0.0310000000
0.0310000000
0.0310000000
0.0310000000
0.0310000000
0.0310000000
0.0310000000
0.0310000000
0.0310000000
0.0310000000
0.0310000000
0.0310000000
0.0310000000
0.0310000000
0.0310000000
0.0310000000
0.0310000000
0.0310000000
0.0310000000
0.0310000000
0.0310000000
0.0310000000
0.0310000000
0.0310000000
0.0310000000
0.0310000000
0.0310000000
0.0310000000
0.0310000000
0.0310000000
0.0310000000
0.0310000000
0.0310000000
0.0310000000
0.0310000000
0.0310000000
0.0310000000
0.0310000000
0.0310000000
0.0310000000
0.0310000000
0.0310000000
0.0310000000
0.0310000000
0.0310000000
0.0310000000
0.0310000000
0.0310000000
0.0310000000
0.0310000000
0.0310000000
0.0310000000
0.0310000000
0.0310000000
0.0310000000
0.0310000000
0.0310000000
0.0310000000
0.0310000000
0.0310000000
0.0310000000
0.0310000000
0.0310000000
0.0310000000
0.0310000000
0.0310000000
0.0310000000
0.0310000000
0.0310000000
0.0310000000
0.0310000000
0.0310000000
0.0310000000
0.0310000000
0.0310000000
0.0310000000
0.0310000000
0.0310000000
0.0310000000
0.0310000000
0.0310000000
0.0310000000
0.0310000000
0.0310000000
0.0310000000
0.0310000000
0.0310000000
0.0310000000
0.0310000000
0.0310000000
0.0310000000
0.0310000000
0.0310000000
0.0310000000
0.0310000000
0.0310000000
0.0310000000
0.0310000000
0.0310000000
0.0310000000
0.0310000000
0.0310000000
0.0310000000
0.0310000000
0.0310000000
0.0310000000
0.0310000000
0.0310000000
0.0310000000
0.0310000000
0.0310000000
0.0310000000
0.0310000000
0.0310000000
0.0310000000
0.0310000000
0.0310000000
0.0310000000
0.0310000000
0.0310000000
0.0310000000
0.0310000000
0.0310000000
0.0310000000
0.0310000000
0.0310000000
0.0310000000
0.0310000000
0.0310000000
0.0310000000
0.0310000000
0.0310000000
0.0310000000
0.0310000000
0.0310000000
0.0310000000
0.0310000000
0.0310000000
0.0310000000
0.0310000000
0.0310000000
0.0310000000
0.0310000000
0.0310000000
0.0310000000
0.0310000000
0.0310000000
0.0310000000
0.0310000000
0.0310000000
0.0310000000
0.0310000000
0.0310000000
0.0310000000
0.0310000000
0.0310000000
0.0310000000
0.0310000000
0.0310000000
0.0310000000
0.0310000000
0.0310000000
0.0310000000
0.0310000000
0.0310000000
0.0310000000
0.0310000000
0.0310000000
0.0310000000
0.0310000000
0.0310000000
0.0310000000
0.0310000000
0.0310000000
0.0310000000
0.0310000000
0.0310000000
0.0310000000
0.0310000000
0.0310000000
0.0310000000
0.0310000000
0.0310000000
0.0310000000
0.0310000000
0.0310000000
0.0310000000
0.0310000000
0.0310000000
0.0310000000
0.0310000000
0.0310000000
0.0310000000
0.0310000000
0.0310000000
0.0310000000
0.0310000000
0.0310000000
0.0310000000
0.0310000000
0.0310000000
0.0310000000
0.0310000000
0.0310000000
0.0310000000
0.0310000000
0.0310000000
0.0310000000
0.0310000000
0.0310000000
0.0310000000
0.0310000000
0.0310000000
0.0310000000
0.0310000000
0.0310000000
0.0310000000
0.0310000000
0.0310000000
0.0310000000
0.0310000000
0.0310000000
0.0310000000
0.0310000000
0.0310000000
0.0310000000
0.0310000000
0.0310000000
0.0310000000
0.0310000000
0.0310000000
0.0310000000
0.0310000000
0.0310000000
0.0310000000
0.0310000000
0.0310000000
0.0310000000
0.0310000000
0.0310000000
0.0310000000
0.0310000000
0.0310000000
0.0310000000
0.0310000000
0.0310000000
0.0310000000
0.0310000000
0.0310000000
0.0310000000
0.0310000000
0.0310000000
0.0310000000
0.0310000000
0.0310000000
0.0310000000
0.0310000000
0.0310000000
0.0310000000
0.0310000000
0.0310000000
0.0310000000
0.0310000000
0.0310000000
0.0310000000
0.0310000000
0.0310000000
0.0310000000
0.0310000000
0.0310000000
0.0310000000
0.0310000000
0.0310000000
0.0310000000
0.0310000000
0.0310000000
0.0310000000
0.0310000000
0.0310000000
0.0310000000
0.0310000000
0.0310000000
0.0310000000
0.0310000000
0.0310000000
0.0310000000
0.0310000000
0.0310000000
0.0310000000
0.0310000000
0.0310000000
0.0310000000
0.0310000000
0.0310000000
0.0310000000
0.0310000000
0.0310000000
0.0310000000
0.0310000000
0.0310000000
0.0310000000
0.0310000000
0.0310000000
0.0310000000
0.0310000000
0.0310000000
0.0310000000
0.0310000000
0.0310000000
0.0310000000
0.0310000000
0.0310000000
0.0310000000
0.0310000000
0.0310000000
0.0310000000
0.0310000000
0.0310000000
0.0310000000
0.0310000000
0.0310000000
0.0310000000
0.0310000000
0.0310000000
0.0310000000
0.0310000000
0.0310000000
0.0310000000
0.0310000000
0.0310000000
0.0310000000
0.0310000000
0.0310000000
0.0310000000
0.0310000000
0.0310000000
0.0310000000
0.0310000000
0.0310000000
0.0310000000
0.0310000000
0.0310000000
0.0310000000
0.0310000000
0.0310000000
0.0310000000
0.0310000000
0.0310000000
0.0310000000
0.0310000000
0.0310000000
0.0310000000
0.0310000000
0.0310000000
0.0310000000
0.0310000000
0.0310000000
0.0310000000
0.0310000000
0.0310000000
0.0310000000
0.0310000000
0.0310000000
0.0310000000
0.0310000000
0.0310000000
0.0310000000
0.0310000000
0.0310000000
0.0310000000
0.0310000000
0.0310000000
0.0310000000
0.0310000000
0.0310000000
0.0310000000
0.0310000000
0.0310000000
0.0310000000
0.0310000000
0.0310000000
0.0310000000
0.0310000000
0.0310000000
0.0310000000
0.0310000000
0.0310000000
0.0310000000
0.0310000000
0.0310000000
0.0310000000
0.0310000000
0.0310000000
0.0310000000
0.0310000000
0.0310000000
0.0310000000
0.0310000000
0.0310000000
0.0310000000
0.0310000000
0.0310000000
0.0310000000
0.0310000000
0.0310000000
0.0310000000
0.0310000000
0.0310000000
0.0310000000
0.0310000000
0.0310000000
0.0310000000
0.0310000000
0.0310000000
0.0310000000
0.0310000000
0.0310000000
0.0310000000
0.0310000000
0.0310000000
0.0310000000
0.0310000000
0.0310000000
0.0310000000
0.0310000000
0.0310000000
0.0310000000
0.0310000000
0.0310000000
0.0310000000
0.0310000000
0.0310000000
0.0310000000
0.0310000000
0.0310000000
0.0310000000
0.0310000000
0.0310000000
0.0310000000
0.0310000000
0.0310000000
0.0310000000
0.0310000000
0.0310000000
0.0310000000
0.0310000000
0.0310000000
0.0310000000
0.0310000000
0.0310000000
0.0310000000
0.0310000000
0.0310000000
0.0310000000
0.0310000000
0.0310000000
0.0310000000
0.0310000000
0.0310000000
0.0310000000
0.0310000000
0.0310000000
0.0310000000
0.0310000000
0.0310000000
0.0310000000
0.0310000000
0.0310000000
0.0310000000
0.0310000000
0.0310000000
0.0310000000
0.0310000000
0.0310000000
0.0310000000
0.0310000000
0.0310000000
0.0310000000
0.0310000000
0.0310000000
0.0310000000
0.0310000000
0.0310000000
0.0310000000
0.0310000000
0.0310000000
0.0310000000
0.0310000000
0.0310000000
0.0310000000
0.0310000000
0.0310000000
0.0310000000
0.0310000000
0.0310000000
0.0310000000
0.0310000000
0.0310000000
0.0310000000
0.0310000000
0.0310000000
0.0310000000
0.0310000000
0.0310000000
0.0310000000
0.0310000000
0.0310000000
0.0310000000
0.0310000000
0.0310000000
0.0310000000
0.0310000000
0.0310000000
0.0310000000
0.0310000000
0.0310000000
0.0310000000
0.0310000000
0.0310000000
0.0310000000
0.0310000000
0.0310000000
0.0310000000
0.0310000000
0.0310000000
0.0310000000
0.0310000000
0.0310000000
0.0310000000
0.0310000000
0.0310000000
0.0310000000
0.0310000000
0.0310000000
0.0310000000
0.0310000000
0.0310000000
0.0310000000
0.0310000000
0.0310000000
0.0310000000
0.0310000000
0.0310000000
0.0310000000
0.0310000000
0.0310000000
0.0310000000
0.0310000000
0.0310000000
0.0310000000
0.0310000000
0.0310000000
0.0310000000
0.0310000000
0.0310000000
0.0310000000
0.0310000000
0.0310000000
0.0310000000
0.0310000000
0.0310000000
0.0310000000
0.0310000000
0.0310000000
0.0310000000
0.0310000000
0.0310000000
0.0310000000
0.0310000000
0.0310000000
0.0310000000
0.0310000000
0.0310000000
0.0310000000
0.0310000000
0.0310000000
0.0310000000
0.0310000000
0.0310000000
0.0310000000
0.0310000000
0.0310000000
0.0310000000
0.0310000000
0.0310000000
0.0310000000
0.0310000000
0.0310000000
0.0310000000
0.0310000000
0.0310000000
0.0310000000
0.0310000000
0.0310000000
0.0310000000
0.0310000000
0.0310000000
0.0310000000
0.0310000000
0.0310000000
0.0310000000
0.0310000000
0.0310000000
0.0310000000
0.0310000000
0.0310000000
0.0310000000
0.0310000000
0.0310000000
0.0310000000
0.0310000000
0.0310000000
0.0310000000
0.0310000000
0.0310000000
0.0310000000
0.0310000000
0.0310000000
0.0310000000
0.0310000000
0.0310000000
0.0310000000
0.0310000000
0.0310000000
0.0310000000
0.0310000000
0.0310000000
0.0310000000
0.0310000000
0.0310000000
0.0310000000
0.0310000000
0.0310000000
0.0310000000
0.0310000000
0.0310000000
0.0310000000
0.0310000000
0.0310000000
0.0310000000
0.0310000000
0.0310000000
0.0310000000
0.0310000000
0.0310000000
0.0310000000
0.0310000000
0.0310000000
0.0310000000
0.0310000000
0.0310000000
0.0310000000
0.0310000000
0.0310000000
0.0310000000
0.0310000000
0.0310000000
0.0310000000
0.0310000000
0.0310000000
0.0310000000
0.0310000000
0.0310000000
0.0310000000
0.0310000000
0.0310000000
0.0310000000
0.0310000000
0.0310000000
0.0310000000
0.0310000000
0.0310000000
0.0310000000
0.0310000000
0.0310000000
0.0310000000
0.0310000000
0.0310000000
0.0310000000
0.0310000000
0.0310000000
0.0310000000
0.0310000000
0.0310000000
0.0310000000
0.0310000000
0.0310000000
0.0310000000
0.0310000000
0.0310000000
0.0310000000
0.0310000000
0.0310000000
0.0310000000
0.0310000000
0.0310000000
0.0310000000
0.0310000000
0.0310000000
0.0310000000
0.0310000000
0.0310000000
0.0310000000
0.0310000000
0.0310000000
0.0310000000
0.0310000000
0.0310000000
0.0310000000
0.0310000000
0.0310000000
0.0310000000
0.0310000000
0.0310000000
0.0310000000
0.0310000000
0.0310000000
0.0310000000
0.0310000000
0.0310000000
0.0310000000
0.0310000000
0.0310000000
0.0310000000
0.0310000000
0.0310000000
0.0310000000
0.0310000000
0.0310000000
0.0310000000
0.0310000000
0.0310000000
0.0310000000
0.0310000000
0.0310000000
0.0310000000
0.0310000000
0.0310000000
0.0310000000
0.0310000000
0.0310000000
0.0310000000
0.0310000000
0.0310000000
0.0310000000
0.0310000000
0.0310000000
0.0310000000
0.0310000000
0.0310000000
0.0310000000
0.0310000000
0.0310000000
0.0310000000
0.0310000000
0.0310000000
0.0310000000
0.0310000000
0.0310000000
0.0310000000
0.0310000000
0.0310000000
0.0310000000
0.0310000000
0.0310000000
0.0310000000
0.0310000000
0.0310000000
0.0310000000
0.0310000000
0.0310000000
0.0310000000
0.0310000000
0.0310000000
0.0310000000
0.0310000000
0.0310000000
0.0310000000
0.0310000000
0.0310000000
0.0310000000
0.0310000000
0.0310000000
0.0310000000
0.0310000000
0.0310000000
0.0310000000
0.0310000000
0.0310000000
0.0310000000
0.0310000000
0.0310000000
0.0310000000
0.0310000000
0.0310000000
0.0310000000
0.0310000000
0.0310000000
0.0310000000
0.0310000000
0.0310000000
0.0310000000
0.0310000000
0.0310000000
0.0310000000
0.0310000000
0.0310000000
0.0310000000
0.0310000000
0.0310000000
0.0310000000
0.0310000000
0.0310000000
0.0310000000
0.0310000000
0.0310000000
0.0310000000
0.0310000000
0.0310000000
0.0310000000
0.0310000000
0.0310000000
0.0310000000
0.0310000000
0.0310000000
0.0310000000
0.0310000000
0.0310000000
0.0310000000
0.0310000000
0.0310000000
0.0310000000
0.0310000000
0.0310000000
0.0310000000
0.0310000000
0.0310000000
0.0310000000
0.0310000000
0.0310000000
0.0310000000
0.0310000000
0.0310000000
0.0310000000
0.0310000000
0.0310000000
0.0310000000
0.0310000000
0.0310000000
0.0310000000
0.0310000000
0.0310000000
0.0310000000
0.0310000000
0.0310000000
0.0310000000
0.0310000000
0.0310000000
0.0310000000
0.0310000000
0.0310000000
0.0310000000
0.0310000000
0.0310000000
0.0310000000
0.0310000000
0.0310000000
0.0310000000
0.0310000000
0.0310000000
0.0310000000
0.0310000000
0.0310000000
0.0310000000
0.0310000000
0.0310000000
0.0310000000
0.0310000000
0.0310000000
0.0310000000
0.0310000000
0.0310000000
0.0310000000
0.0310000000
0.0310000000
0.0310000000
0.0310000000
0.0310000000
0.0310000000
0.0310000000
0.0310000000
0.0310000000
0.0310000000
0.0310000000
0.0310000000
0.0310000000
0.0310000000
0.0310000000
0.0310000000
0.0310000000
0.0310000000
0.0310000000
0.0310000000
0.0310000000
0.0310000000
0.0310000000
0.0310000000
0.0310000000
0.0310000000
0.0310000000
0.0310000000
0.0310000000
0.0310000000
0.0310000000
0.0310000000
0.0310000000
0.0310000000
0.0310000000
0.0310000000
0.0310000000
0.0310000000
0.0310000000
0.0310000000
0.0310000000
0.0310000000
0.0310000000
0.0310000000
0.0310000000
0.0310000000
0.0310000000
0.0310000000
0.0310000000
0.0310000000
0.0310000000
0.0310000000
0.0310000000
0.0310000000
0.0310000000
0.0310000000
0.0310000000
0.0310000000
0.0310000000
0.0310000000
0.0310000000
0.0310000000
0.0310000000
0.0310000000
0.0310000000
0.0310000000
0.0310000000
0.0310000000
0.0310000000
0.0310000000
0.0310000000
0.0310000000
0.0310000000
0.0310000000
0.0310000000
0.0310000000
0.0310000000
0.0310000000
0.0310000000
0.0310000000
0.0310000000
0.0310000000
0.0310000000
0.0310000000
0.0310000000
0.0310000000
0.0310000000
0.0310000000
0.0310000000
0.0310000000
0.0310000000
0.0310000000
0.0310000000
0.0310000000
0.0310000000
0.0310000000
0.0310000000
0.0310000000
0.0310000000
0.0310000000
0.0310000000
0.0310000000
0.0310000000
0.0310000000
0.0310000000
0.0310000000
0.0310000000
0.0310000000
0.0310000000
0.0310000000
0.0310000000
0.0310000000
0.0310000000
0.0310000000
0.0310000000
0.0310000000
0.0310000000
0.0310000000
0.0310000000
0.0310000000
0.0310000000
0.0310000000
0.0310000000
0.0310000000
0.0310000000
0.0310000000
0.0310000000
0.0310000000
0.0310000000
0.0310000000
0.0310000000
0.0310000000
0.0310000000
0.0310000000
0.0310000000
0.0310000000
0.0310000000
0.0310000000
0.0310000000
0.0310000000
0.0310000000
0.0310000000
0.0310000000
0.0310000000
0.0310000000
0.0310000000
0.0310000000
0.0310000000
0.0310000000
0.0310000000
0.0310000000
0.0310000000
0.0310000000
0.0310000000
0.0310000000
0.0310000000
0.0310000000
0.0310000000
0.0310000000
0.0310000000
0.0310000000
0.0310000000
0.0310000000
0.0310000000
0.0310000000
0.0310000000
0.0310000000
0.0310000000
0.0310000000
0.0310000000
0.0310000000
0.0310000000
0.0310000000
0.0310000000
0.0310000000
0.0310000000
0.0310000000
0.0310000000
0.0310000000
0.0310000000
0.0310000000
0.0310000000
0.0310000000
0.0310000000
0.0310000000
0.0310000000
0.0310000000
0.0310000000
0.0310000000
0.0310000000
0.0310000000
0.0310000000
0.0310000000
0.0310000000
0.0310000000
0.0310000000
0.0310000000
0.0310000000
0.0310000000
0.0310000000
0.0310000000
0.0310000000
0.0310000000
0.0310000000
0.0310000000
0.0310000000
0.0310000000
0.0310000000
0.0310000000
0.0310000000
0.0310000000
0.0310000000
0.0310000000
0.0310000000
0.0310000000
0.0310000000
0.0310000000
0.0310000000
0.0310000000
0.0310000000
0.0310000000
0.0310000000
0.0310000000
0.0310000000
0.0310000000
0.0310000000
0.0310000000
0.0310000000
0.0310000000
0.0310000000
0.0310000000
0.0310000000
0.0310000000
0.0310000000
0.0310000000
0.0310000000
0.0310000000
0.0310000000
0.0310000000
0.0310000000
0.0310000000
0.0310000000
0.0310000000
0.0310000000
0.0310000000
0.0310000000
0.0310000000
0.0310000000
0.0310000000
0.0310000000
0.0310000000
0.0310000000
0.0310000000
0.0310000000
0.0310000000
0.0310000000
0.0310000000
0.0310000000
0.0310000000
0.0310000000
0.0310000000
0.0310000000
0.0310000000
0.0310000000
0.0310000000
0.0310000000
0.0310000000
0.0310000000
0.0310000000
0.0310000000
0.0310000000
0.0310000000
0.0310000000
0.0310000000
0.0310000000
0.0310000000
0.0310000000
0.0310000000
0.0310000000
0.0310000000
0.0310000000
0.0310000000
0.0310000000
0.0310000000
0.0310000000
0.0310000000
0.0310000000
0.0310000000
0.0310000000
0.0310000000
0.0310000000
0.0310000000
0.0310000000
0.0310000000
0.0310000000
0.0310000000
0.0310000000
0.0310000000
0.0310000000
0.0310000000
0.0310000000
0.0310000000
0.0310000000
0.0310000000
0.0310000000
0.0310000000
0.0310000000
0.0310000000
0.0310000000
0.0310000000
0.0310000000
0.0310000000
0.0310000000
0.0310000000
0.0310000000
0.0310000000
0.0310000000
0.0310000000
0.0310000000
0.0310000000
0.0310000000
0.0310000000
0.0310000000
0.0310000000
0.0310000000
0.0310000000
0.0310000000
0.0310000000
0.0310000000
0.0310000000
0.0310000000
0.0310000000
0.0310000000
0.0310000000
0.0310000000
0.0310000000
0.0310000000
0.0310000000
0.0310000000
0.0310000000
0.0310000000
0.0310000000
0.0310000000
0.0310000000
0.0310000000
0.0310000000
0.0310000000
0.0310000000
0.0310000000
0.0310000000
0.0310000000
0.0310000000
0.0310000000
0.0310000000
0.0310000000
0.0310000000
0.0310000000
0.0310000000
0.0310000000
0.0310000000
0.0310000000
0.0310000000
0.0310000000
0.0310000000
0.0310000000
0.0310000000
0.0310000000
0.0310000000
0.0310000000
0.0310000000
0.0310000000
0.0310000000
0.0310000000
0.0310000000
0.0310000000
0.0310000000
0.0310000000
0.0310000000
0.0310000000
0.0310000000
0.0310000000
0.0310000000
0.0310000000
0.0310000000
0.0310000000
0.0310000000
0.0310000000
0.0310000000
0.0310000000
0.0310000000
0.0310000000
0.0310000000
0.0310000000
0.0310000000
0.0310000000
0.0310000000
0.0310000000
0.0310000000
0.0310000000
0.0310000000
0.0310000000
0.0310000000
0.0310000000
0.0310000000
0.0310000000
0.0310000000
0.0310000000
0.0310000000
0.0310000000
0.0310000000
0.0310000000
0.0310000000
0.0310000000
0.0310000000
0.0310000000
0.0310000000
0.0310000000
0.0310000000
0.0310000000
0.0310000000
0.0310000000
0.0310000000
0.0310000000
0.0310000000
0.0310000000
0.0310000000
0.0310000000
0.0310000000
0.0310000000
0.0310000000
0.0310000000
0.0310000000
0.0310000000
0.0310000000
0.0310000000
0.0310000000
0.0310000000
0.0310000000
0.0310000000
0.0310000000
0.0310000000
0.0310000000
0.0310000000
0.0310000000
0.0310000000
0.0310000000
0.0310000000
0.0310000000
0.0310000000
0.0310000000
0.0310000000
0.0310000000
0.0310000000
0.0310000000
0.0310000000
0.0310000000
0.0310000000
0.0310000000
0.0310000000
0.0310000000
0.0310000000
0.0310000000
0.0310000000
0.0310000000
0.0310000000
0.0310000000
0.0310000000
0.0310000000
0.0310000000
0.0310000000
0.0310000000
0.0310000000
0.0310000000
0.0310000000
0.0310000000
0.0310000000
0.0310000000
0.0310000000
0.0310000000
0.0310000000
0.0310000000
0.0310000000
0.0310000000
0.0310000000
0.0310000000
0.0310000000
0.0310000000
0.0310000000
0.0310000000
0.0310000000
0.0310000000
0.0310000000
0.0310000000
0.0310000000
0.0310000000
0.0310000000
0.0310000000
0.0310000000
0.0310000000
0.0310000000
0.0310000000
0.0310000000
0.0310000000
0.0310000000
0.0310000000
0.0310000000
0.0310000000
0.0310000000
0.0310000000
0.0310000000
0.0310000000
0.0310000000
0.0310000000
0.0310000000
0.0310000000
0.0310000000
0.0310000000
0.0310000000
0.0310000000
0.0310000000
0.0310000000
0.0310000000
0.0310000000
0.0310000000
0.0310000000
0.0310000000
0.0310000000
0.0310000000
0.0310000000
0.0310000000
0.0310000000
0.0310000000
0.0310000000
0.0310000000
0.0310000000
0.0310000000
0.0310000000
0.0310000000
0.0310000000
0.0310000000
0.0310000000
0.0310000000
0.0310000000
0.0310000000
0.0310000000
0.0310000000
0.0310000000
0.0310000000
0.0310000000
0.0310000000
0.0310000000
0.0310000000
0.0310000000
0.0310000000
0.0310000000
0.0310000000
0.0310000000
0.0310000000
0.0310000000
0.0310000000
0.0310000000
0.0310000000
0.0310000000
0.0310000000
0.0310000000
0.0310000000
0.0310000000
0.0310000000
0.0310000000
0.0310000000
0.0310000000
0.0310000000
0.0310000000
0.0310000000
0.0310000000
0.0310000000
0.0310000000
0.0310000000
0.0310000000
0.0310000000
0.0310000000
0.0310000000
0.0310000000
0.0310000000
0.0310000000
0.0310000000
0.0310000000
0.0310000000
0.0310000000
0.0310000000
0.0310000000
0.0310000000
0.0310000000
0.0310000000
0.0310000000
0.0310000000
0.0310000000
0.0310000000
0.0310000000
0.0310000000
0.0310000000
0.0310000000
0.0310000000
0.0310000000
0.0310000000
0.0310000000
0.0310000000
0.0310000000
0.0310000000
0.0310000000
0.0310000000
0.0310000000
0.0310000000
0.0310000000
0.0310000000
0.0310000000
0.0310000000
0.0310000000
0.0310000000
0.0310000000
0.0310000000
0.0310000000
0.0310000000
0.0310000000
0.0310000000
0.0310000000
0.0310000000
0.0310000000
0.0310000000
0.0310000000
0.0310000000
0.0310000000
0.0310000000
0.0310000000
0.0310000000
0.0310000000
0.0310000000
0.0310000000
0.0310000000
0.0310000000
0.0310000000
0.0310000000
0.0310000000
0.0310000000
0.0310000000
0.0310000000
0.0310000000
0.0310000000
0.0310000000
0.0310000000
0.0310000000
0.0310000000
0.0310000000
0.0310000000
0.0310000000
0.0310000000
0.0310000000
0.0310000000
0.0310000000
0.0310000000
0.0310000000
0.0310000000
0.0310000000
0.0310000000
0.0310000000
0.0310000000
0.0310000000
0.0310000000
0.0310000000
0.0310000000
0.0310000000
0.0310000000
0.0310000000
0.0310000000
0.0310000000
0.0310000000
0.0310000000
0.0310000000
0.0310000000
0.0310000000
0.0310000000
0.0310000000
0.0310000000
0.0310000000
0.0310000000
0.0310000000
0.0310000000
0.0310000000
0.0310000000
0.0310000000
0.0310000000
0.0310000000
0.0310000000
0.0310000000
0.0310000000
0.0310000000
0.0310000000
0.0310000000
0.0310000000
0.0310000000
0.0310000000
0.0310000000
0.0310000000
0.0310000000
0.0310000000
0.0310000000
0.0310000000
0.0310000000
0.0310000000
0.0310000000
0.0310000000
0.0310000000
0.0310000000
0.0310000000
0.0310000000
0.0310000000
0.0310000000
0.0310000000
0.0310000000
0.0310000000
0.0310000000
0.0310000000
0.0310000000
0.0310000000
0.0310000000
0.0310000000
0.0310000000
0.0310000000
0.0310000000
0.0310000000
0.0310000000
0.0310000000
0.0310000000
0.0310000000
0.0310000000
0.0310000000
0.0310000000
0.0310000000
0.0310000000
0.0310000000
0.0310000000
0.0310000000
0.0310000000
0.0310000000
0.0310000000
0.0310000000
0.0310000000
0.0310000000
0.0310000000
0.0310000000
0.0310000000
0.0310000000
0.0310000000
0.0310000000
0.0310000000
0.0310000000
0.0310000000
0.0310000000
0.0310000000
0.0310000000
0.0310000000
0.0310000000
0.0310000000
0.0310000000
0.0310000000
0.0310000000
0.0310000000
0.0310000000
0.0310000000
0.0310000000
0.0310000000
0.0310000000
0.0310000000
0.0310000000
0.0310000000
0.0310000000
0.0310000000
0.0310000000
0.0310000000
0.0310000000
0.0310000000
0.0310000000
0.0310000000
0.0310000000
0.0310000000
0.0310000000
0.0310000000
0.0310000000
0.0310000000
0.0310000000
0.0310000000
0.0310000000
0.0310000000
0.0310000000
0.0310000000
0.0310000000
0.0310000000
0.0310000000
0.0310000000
0.0310000000
0.0310000000
0.0310000000
0.0310000000
0.0310000000
0.0310000000
0.0310000000
0.0310000000
0.0310000000
0.0310000000
0.0310000000
0.0310000000
0.0310000000
0.0310000000
0.0310000000
0.0310000000
0.0310000000
0.0310000000
0.0310000000
0.0310000000
0.0310000000
0.0310000000
0.0310000000
0.0310000000
0.0310000000
0.0310000000
0.0310000000
0.0310000000
0.0310000000
0.0310000000
0.0310000000
0.0310000000
0.0310000000
0.0310000000
0.0310000000
0.0310000000
0.0310000000
0.0310000000
0.0310000000
0.0310000000
0.0310000000
0.0310000000
0.0310000000
0.0310000000
0.0310000000
0.0310000000
0.0310000000
0.0310000000
0.0310000000
0.0310000000
0.0310000000
0.0310000000
0.0310000000
0.0310000000
0.0310000000
0.0310000000
0.0310000000
0.0310000000
0.0310000000
0.0310000000
0.0310000000
0.0310000000
0.0310000000
0.0310000000
0.0310000000
0.0310000000
0.0310000000
0.0310000000
0.0310000000
0.0310000000
0.0310000000
0.0310000000
0.0310000000
0.0310000000
0.0310000000
0.0310000000
0.0310000000
0.0310000000
0.0310000000
0.0310000000
0.0310000000
0.0310000000
0.0310000000
0.0310000000
0.0310000000
0.0310000000
0.0310000000
0.0310000000
0.0310000000
0.0310000000
0.0310000000
0.0310000000
0.0310000000
0.0310000000
0.0310000000
0.0310000000
0.0310000000
0.0310000000
0.0310000000
0.0310000000
0.0310000000
0.0310000000
0.0310000000
0.0310000000
0.0310000000
0.0310000000
0.0310000000
0.0310000000
0.0310000000
0.0310000000
0.0310000000
0.0310000000
0.0310000000
0.0310000000
0.0310000000
0.0310000000
0.0310000000
0.0310000000
0.0310000000
0.0310000000
0.0310000000
0.0310000000
0.0310000000
0.0310000000
0.0310000000
0.0310000000
0.0310000000
0.0310000000
0.0310000000
0.0310000000
0.0310000000
0.0310000000
0.0310000000
0.0310000000
0.0310000000
0.0310000000
0.0310000000
0.0310000000
0.0310000000
0.0310000000
0.0310000000
0.0310000000
0.0310000000
0.0310000000
0.0310000000
0.0310000000
0.0310000000
0.0310000000
0.0310000000
0.0310000000
0.0310000000
0.0310000000
0.0310000000
0.0310000000
0.0310000000
0.0310000000
0.0310000000
0.0310000000
0.0310000000
0.0310000000
0.0310000000
0.0310000000
0.0310000000
0.0310000000
0.0310000000
0.0310000000
0.0310000000
0.0310000000
0.0310000000
0.0310000000
0.0310000000
0.0310000000
0.0310000000
0.0310000000
0.0310000000
0.0310000000
0.0310000000
0.0310000000
0.0310000000
0.0310000000
0.0310000000
0.0310000000
0.0310000000
0.0310000000
0.0310000000
0.0310000000
0.0310000000
0.0310000000
0.0310000000
0.0310000000
0.0310000000
0.0310000000
0.0310000000
0.0310000000
0.0310000000
0.0310000000
0.0310000000
0.0310000000
0.0310000000
0.0310000000
0.0310000000
0.0310000000
0.0310000000
0.0310000000
0.0310000000
0.0310000000
0.0310000000
0.0310000000
0.0310000000
0.0310000000
0.0310000000
0.0310000000
0.0310000000
0.0310000000
0.0310000000
0.0310000000
0.0310000000
0.0310000000
0.0310000000
0.0310000000
0.0310000000
0.0310000000
0.0310000000
0.0310000000
0.0310000000
0.0310000000
0.0310000000
0.0310000000
0.0310000000
0.0310000000
0.0310000000
0.0310000000
0.0310000000
0.0310000000
0.0310000000
0.0310000000
0.0310000000
0.0310000000
0.0310000000
0.0310000000
0.0310000000
0.0310000000
0.0310000000
0.0310000000
0.0310000000
0.0310000000
0.0310000000
0.0310000000
0.0310000000
0.0310000000
0.0310000000
0.0310000000
0.0310000000
0.0310000000
0.0310000000
0.0310000000
0.0310000000
0.0310000000
0.0310000000
0.0310000000
0.0310000000
0.0310000000
0.0310000000
0.0310000000
0.0310000000
0.0310000000
0.0310000000
0.0310000000
0.0310000000
0.0310000000
0.0310000000
0.0310000000
0.0310000000
0.0310000000
0.0310000000
0.0310000000
0.0310000000
0.0310000000
0.0310000000
0.0310000000
0.0310000000
0.0310000000
0.0310000000
0.0310000000
0.0310000000
0.0310000000
0.0310000000
0.0310000000
0.0310000000
0.0310000000
0.0310000000
0.0310000000
0.0310000000
0.0310000000
0.0310000000
0.0310000000
0.0310000000
0.0310000000
0.0310000000
0.0310000000
0.0310000000
0.0310000000
0.0310000000
0.0310000000
0.0310000000
0.0310000000
0.0310000000
0.0310000000
0.0310000000
0.0310000000
0.0310000000
0.0310000000
0.0310000000
0.0310000000
0.0310000000
0.0310000000
0.0310000000
0.0310000000
0.0310000000
0.0310000000
0.0310000000
0.0310000000
0.0310000000
0.0310000000
0.0310000000
0.0310000000
0.0310000000
0.0310000000
0.0310000000
0.0310000000
0.0310000000
0.0310000000
0.0310000000
0.0310000000
0.0310000000
0.0310000000
0.0310000000
0.0310000000
0.0310000000
0.0310000000
0.0310000000
0.0310000000
0.0310000000
0.0310000000
0.0310000000
0.0310000000
0.0310000000
0.0310000000
0.0310000000
0.0310000000
0.0310000000
0.0310000000
0.0310000000
0.0310000000
0.0310000000
0.0310000000
0.0310000000
0.0310000000
0.0310000000
0.0310000000
0.0310000000
0.0310000000
0.0310000000
0.0310000000
0.0310000000
0.0310000000
0.0310000000
0.0310000000
0.0310000000
0.0310000000
0.0310000000
0.0310000000
0.0310000000
0.0310000000
0.0310000000
0.0310000000
0.0310000000
0.0310000000
0.0310000000
0.0310000000
0.0310000000
0.0310000000
0.0310000000
0.0310000000
0.0310000000
0.0310000000
0.0310000000
0.0310000000
0.0310000000
0.0310000000
0.0310000000
0.0310000000
0.0310000000
0.0310000000
0.0310000000
0.0310000000
0.0310000000
0.0310000000
0.0310000000
0.0310000000
0.0310000000
0.0310000000
0.0310000000
0.0310000000
0.0310000000
0.0310000000
0.0310000000
0.0310000000
0.0310000000
0.0310000000
0.0310000000
0.0310000000
0.0310000000
0.0310000000
0.0310000000
0.0310000000
0.0310000000
0.0310000000
0.0310000000
0.0310000000
0.0310000000
0.0310000000
0.0310000000
0.0310000000
0.0310000000
0.0310000000
0.0310000000
0.0310000000
0.0310000000
0.0310000000
0.0310000000
0.0310000000
0.0310000000
0.0310000000
0.0310000000
0.0310000000
0.0310000000
0.0310000000
0.0310000000
0.0310000000
0.0310000000
0.0310000000
0.0310000000
0.0310000000
0.0310000000
0.0310000000
0.0310000000
0.0310000000
0.0310000000
0.0310000000
0.0310000000
0.0310000000
0.0310000000
0.0310000000
0.0310000000
0.0310000000
0.0310000000
0.0310000000
0.0310000000
0.0310000000
0.0310000000
0.0310000000
0.0310000000
0.0310000000
0.0310000000
0.0310000000
0.0310000000
0.0310000000
0.0310000000
0.0310000000
0.0310000000
0.0310000000
0.0310000000
0.0310000000
0.0310000000
0.0310000000
0.0310000000
0.0310000000
0.0310000000
0.0310000000
0.0310000000
0.0310000000
0.0310000000
0.0310000000
0.0310000000
0.0310000000
0.0310000000
0.0310000000
0.0310000000
0.0310000000
0.0310000000
0.0310000000
0.0310000000
0.0310000000
0.0310000000
0.0310000000
0.0310000000
0.0310000000
0.0310000000
0.0310000000
0.0310000000
0.0310000000
0.0310000000
0.0310000000
0.0310000000
0.0310000000
0.0310000000
0.0310000000
0.0310000000
0.0310000000
0.0310000000
0.0310000000
0.0310000000
0.0310000000
0.0310000000
0.0310000000
0.0310000000
0.0310000000
0.0310000000
0.0310000000
0.0310000000
0.0310000000
0.0310000000
0.0310000000
0.0310000000
0.0310000000
0.0310000000
0.0310000000
0.0310000000
0.0310000000
0.0310000000
0.0310000000
0.0310000000
0.0310000000
0.0310000000
0.0310000000
0.0310000000
0.0310000000
0.0310000000
0.0310000000
0.0310000000
0.0310000000
0.0310000000
0.0310000000
0.0310000000
0.0310000000
0.0310000000
0.0310000000
0.0310000000
0.0310000000
0.0310000000
0.0310000000
0.0310000000
0.0310000000
0.0310000000
0.0310000000
0.0310000000
0.0310000000
0.0310000000
0.0310000000
0.0310000000
0.0310000000
0.0310000000
0.0310000000
0.0310000000
0.0310000000
0.0310000000
0.0310000000
0.0310000000
0.0310000000
0.0310000000
0.0310000000
0.0310000000
0.0310000000
0.0310000000
0.0310000000
0.0310000000
0.0310000000
0.0310000000
0.0310000000
0.0310000000
0.0310000000
0.0310000000
0.0310000000
0.0310000000
0.0310000000
0.0310000000
0.0310000000
0.0310000000
0.0310000000
0.0310000000
0.0310000000
0.0310000000
0.0310000000
0.0310000000
0.0310000000
0.0310000000
0.0310000000
0.0310000000
0.0310000000
0.0310000000
0.0310000000
0.0310000000
0.0310000000
0.0310000000
0.0310000000
0.0310000000
0.0310000000
0.0310000000
0.0310000000
0.0310000000
0.0310000000
0.0310000000
0.0310000000
0.0310000000
0.0310000000
0.0310000000
0.0310000000
0.0310000000
0.0310000000
0.0310000000
0.0310000000
0.0310000000
0.0310000000
0.0310000000
0.0310000000
0.0310000000
0.0310000000
0.0310000000
0.0310000000
0.0310000000
0.0310000000
0.0310000000
0.0310000000
0.0310000000
0.0310000000
0.0310000000
0.0310000000
0.0310000000
0.0310000000
0.0310000000
0.0310000000
0.0310000000
0.0310000000
0.0310000000
0.0310000000
0.0310000000
0.0310000000
0.0310000000
0.0310000000
0.0310000000
0.0310000000
0.0310000000
0.0310000000
0.0310000000
0.0310000000
0.0310000000
0.0310000000
0.0310000000
0.0310000000
0.0310000000
0.0310000000
0.0310000000
0.0310000000
0.0310000000
0.0310000000
0.0310000000
0.0310000000
0.0310000000
0.0310000000
0.0310000000
0.0310000000
0.0310000000
0.0310000000
0.0310000000
0.0310000000
0.0310000000
0.0310000000
0.0310000000
0.0310000000
0.0310000000
0.0310000000
0.0310000000
0.0310000000
0.0310000000
0.0310000000
0.0310000000
0.0310000000
0.0310000000
0.0310000000
0.0310000000
0.0310000000
0.0310000000
0.0310000000
0.0310000000
0.0310000000
0.0310000000
0.0310000000
0.0310000000
0.0310000000
0.0310000000
0.0310000000
0.0310000000
0.0310000000
0.0310000000
0.0310000000
0.0310000000
0.0310000000
0.0310000000
0.0310000000
0.0310000000
0.0310000000
0.0310000000
0.0310000000
0.0310000000
0.0310000000
0.0310000000
0.0310000000
0.0310000000
0.0310000000
0.0310000000
0.0310000000
0.0310000000
0.0310000000
0.0310000000
0.0310000000
0.0310000000
0.0310000000
0.0310000000
0.0310000000
0.0310000000
0.0310000000
0.0310000000
0.0310000000
0.0310000000
0.0310000000
0.0310000000
0.0310000000
0.0310000000
0.0310000000
0.0310000000
0.0310000000
0.0310000000
0.0310000000
0.0310000000
0.0310000000
0.0310000000
0.0310000000
0.0310000000
0.0310000000
0.0310000000
0.0310000000
0.0310000000
0.0310000000
0.0310000000
0.0310000000
0.0310000000
0.0310000000
0.0310000000
0.0310000000
0.0310000000
0.0310000000
0.0310000000
0.0310000000
0.0310000000
0.0310000000
0.0310000000
0.0310000000
0.0310000000
0.0310000000
0.0310000000
0.0310000000
0.0310000000
0.0310000000
0.0310000000
0.0310000000
0.0310000000
0.0310000000
0.0310000000
0.0310000000
0.0310000000
0.0310000000
0.0310000000
0.0310000000
0.0310000000
0.0310000000
0.0310000000
0.0310000000
0.0310000000
0.0310000000
0.0310000000
0.0310000000
0.0310000000
0.0310000000
0.0310000000
0.0310000000
0.0310000000
0.0310000000
0.0310000000
0.0310000000
0.0310000000
0.0310000000
0.0310000000
0.0310000000
0.0310000000
0.0310000000
0.0310000000
0.0310000000
0.0310000000
0.0310000000
0.0310000000
0.0310000000
0.0310000000
0.0310000000
0.0310000000
0.0310000000
0.0310000000
0.0310000000
0.0310000000
0.0310000000
0.0310000000
0.0310000000
0.0310000000
0.0310000000
0.0310000000
0.0310000000
0.0310000000
0.0310000000
0.0310000000
0.0310000000
0.0310000000
0.0310000000
0.0310000000
0.0310000000
0.0310000000
0.0310000000
0.0310000000
0.0310000000
0.0310000000
0.0310000000
0.0310000000
0.0310000000
0.0310000000
0.0310000000
0.0310000000
0.0310000000
0.0310000000
0.0310000000
0.0310000000
0.0310000000
0.0310000000
0.0310000000
0.0310000000
0.0310000000
0.0310000000
0.0310000000
0.0310000000
0.0310000000
0.0310000000
0.0310000000
0.0310000000
0.0310000000
0.0310000000
0.0310000000
0.0310000000
0.0310000000
0.0310000000
0.0310000000
0.0310000000
0.0310000000
0.0310000000
0.0310000000
0.0310000000
0.0310000000
0.0310000000
0.0310000000
0.0310000000
0.0310000000
0.0310000000
0.0310000000
0.0310000000
0.0310000000
0.0310000000
0.0310000000
0.0310000000
0.0310000000
0.0310000000
0.0310000000
0.0310000000
0.0310000000
0.0310000000
0.0310000000
0.0310000000
0.0310000000
0.0310000000
0.0310000000
0.0310000000
0.0310000000
0.0310000000
0.0310000000
0.0310000000
0.0310000000
0.0310000000
0.0310000000
0.0310000000
0.0310000000
0.0310000000
0.0310000000
0.0310000000
0.0310000000
0.0310000000
0.0310000000
0.0310000000
0.0310000000
0.0310000000
0.0310000000
0.0310000000
0.0310000000
0.0310000000
0.0310000000
0.0310000000
0.0310000000
0.0310000000
0.0310000000
0.0310000000
0.0310000000
0.0310000000
0.0310000000
0.0310000000
0.0310000000
0.0310000000
0.0310000000
0.0310000000
0.0310000000
0.0310000000
0.0310000000
0.0310000000
0.0310000000
0.0310000000
0.0310000000
0.0310000000
0.0310000000
0.0310000000
0.0310000000
0.0310000000
0.0310000000
0.0310000000
0.0310000000
0.0310000000
0.0310000000
0.0310000000
0.0310000000
0.0310000000
0.0310000000
0.0310000000
0.0310000000
0.0310000000
0.0310000000
0.0310000000
0.0310000000
0.0310000000
0.0310000000
0.0310000000
0.0310000000
0.0310000000
0.0310000000
0.0310000000
0.0310000000
0.0310000000
0.0310000000
0.0310000000
0.0310000000
0.0310000000
0.0310000000
0.0310000000
0.0310000000
0.0310000000
0.0310000000
0.0310000000
0.0310000000
0.0310000000
0.0310000000
0.0310000000
0.0310000000
0.0310000000
0.0310000000
0.0310000000
0.0310000000
0.0310000000
0.0310000000
0.0310000000
0.0310000000
0.0310000000
0.0310000000
0.0310000000
0.0310000000
0.0310000000
0.0310000000
0.0310000000
0.0310000000
0.0310000000
0.0310000000
0.0310000000
0.0310000000
0.0310000000
0.0310000000
0.0310000000
0.0310000000
0.0310000000
0.0310000000
0.0310000000
0.0310000000
0.0310000000
0.0310000000
0.0310000000
0.0310000000
0.0310000000
0.0310000000
0.0310000000
0.0310000000
0.0310000000
0.0310000000
0.0310000000
0.0310000000
0.0310000000
0.0310000000
0.0310000000
0.0310000000
0.0310000000
0.0310000000
0.0310000000
0.0310000000
0.0310000000
0.0310000000
0.0310000000
0.0310000000
0.0310000000
0.0310000000
0.0310000000
0.0310000000
0.0310000000
0.0310000000
0.0310000000
0.0310000000
0.0310000000
0.0310000000
0.0310000000
0.0310000000
0.0310000000
0.0310000000
0.0310000000
0.0310000000
0.0310000000
0.0310000000
0.0310000000
0.0310000000
0.0310000000
0.0310000000
0.0310000000
0.0310000000
0.0310000000
0.0310000000
0.0310000000
0.0310000000
0.0310000000
0.0310000000
0.0310000000
0.0310000000
0.0310000000
0.0310000000
0.0310000000
0.0310000000
0.0310000000
0.0310000000
0.0310000000
0.0310000000
0.0310000000
0.0310000000
0.0310000000
0.0310000000
0.0310000000
0.0310000000
0.0310000000
0.0310000000
0.0310000000
0.0310000000
0.0310000000
0.0310000000
0.0310000000
0.0310000000
0.0310000000
0.0310000000
0.0310000000
0.0310000000
0.0310000000
0.0310000000
0.0310000000
0.0310000000
0.0310000000
0.0310000000
0.0310000000
0.0310000000
0.0310000000
0.0310000000
0.0310000000
0.0310000000
0.0310000000
0.0310000000
0.0310000000
0.0310000000
0.0310000000
0.0310000000
0.0310000000
0.0310000000
0.0310000000
0.0310000000
0.0310000000
0.0310000000
0.0310000000
0.0310000000
0.0310000000
0.0310000000
0.0310000000
0.0310000000
0.0310000000
0.0310000000
0.0310000000
0.0310000000
0.0310000000
0.0310000000
0.0310000000
0.0310000000
0.0310000000
0.0310000000
0.0310000000
0.0310000000
0.0310000000
0.0310000000
0.0310000000
0.0310000000
0.0310000000
0.0310000000
0.0310000000
0.0310000000
0.0310000000
0.0310000000
0.0310000000
0.0310000000
0.0310000000
0.0310000000
0.0310000000
0.0310000000
0.0310000000
0.0310000000
0.0310000000
0.0310000000
0.0310000000
0.0310000000
0.0310000000
0.0310000000
0.0310000000
0.0310000000
0.0310000000
0.0310000000
0.0310000000
0.0310000000
0.0310000000
0.0310000000
0.0310000000
0.0310000000
0.0310000000
0.0310000000
0.0310000000
0.0310000000
0.0310000000
0.0310000000
0.0310000000
0.0310000000
0.0310000000
0.0310000000
0.0310000000
0.0310000000
0.0310000000
0.0310000000
0.0310000000
0.0310000000
0.0310000000
0.0310000000
0.0310000000
0.0310000000
0.0310000000
0.0310000000
0.0310000000
0.0310000000
0.0310000000
0.0310000000
0.0310000000
0.0310000000
0.0310000000
0.0310000000
0.0310000000
0.0310000000
0.0310000000
0.0310000000
0.0310000000
0.0310000000
0.0310000000
0.0310000000
0.0310000000
0.0310000000
0.0310000000
0.0310000000
0.0310000000
0.0310000000
0.0310000000
0.0310000000
0.0310000000
0.0310000000
0.0310000000
0.0310000000
0.0310000000
0.0310000000
0.0310000000
0.0310000000
0.0310000000
0.0310000000
0.0310000000
0.0310000000
0.0310000000
0.0310000000
0.0310000000
0.0310000000
0.0310000000
0.0310000000
0.0310000000
0.0310000000
0.0310000000
0.0310000000
0.0310000000
0.0310000000
0.0310000000
0.0310000000
0.0310000000
0.0310000000
0.0310000000
0.0310000000
0.0310000000
0.0310000000
0.0310000000
0.0310000000
0.0310000000
0.0310000000
0.0310000000
0.0310000000
0.0310000000
0.0310000000
0.0310000000
0.0310000000
0.0310000000
0.0310000000
0.0310000000
0.0310000000
0.0310000000
0.0310000000
0.0310000000
0.0310000000
0.0310000000
0.0310000000
0.0310000000
0.0310000000
0.0310000000
0.0310000000
0.0310000000
0.0310000000
0.0310000000
0.0310000000
0.0310000000
0.0310000000
0.0310000000
0.0310000000
0.0310000000
0.0310000000
0.0310000000
0.0310000000
0.0310000000
0.0310000000
0.0310000000
0.0310000000
0.0310000000
0.0310000000
0.0310000000
0.0310000000
0.0310000000
0.0310000000
0.0310000000
0.0310000000
0.0310000000
0.0310000000
0.0310000000
0.0310000000
0.0310000000
0.0310000000
0.0310000000
0.0310000000
0.0310000000
0.0310000000
0.0310000000
0.0310000000
0.0310000000
0.0310000000
0.0310000000
0.0310000000
0.0310000000
0.0310000000
0.0310000000
0.0310000000
0.0310000000
0.0310000000
0.0310000000
0.0310000000
0.0310000000
0.0310000000
0.0310000000
0.0310000000
0.0310000000
0.0310000000
0.0310000000
0.0310000000
0.0310000000
0.0310000000
0.0310000000
0.0310000000
0.0310000000
0.0310000000
0.0310000000
0.0310000000
0.0310000000
0.0310000000
0.0310000000
0.0310000000
0.0310000000
0.0310000000
0.0310000000
0.0310000000
0.0310000000
0.0310000000
0.0310000000
0.0310000000
0.0310000000
0.0310000000
0.0310000000
0.0310000000
0.0310000000
0.0310000000
0.0310000000
0.0310000000
0.0310000000
0.0310000000
0.0310000000
0.0310000000
0.0310000000
0.0310000000
0.0310000000
0.0310000000
0.0310000000
0.0310000000
0.0310000000
0.0310000000
0.0310000000
0.0310000000
0.0310000000
0.0310000000
0.0310000000
0.0310000000
0.0310000000
0.0310000000
0.0310000000
0.0310000000
0.0310000000
0.0310000000
0.0310000000
0.0310000000
0.0310000000
0.0310000000
0.0310000000
0.0310000000
0.0310000000
0.0310000000
0.0310000000
0.0310000000
0.0310000000
0.0310000000
0.0310000000
0.0310000000
0.0310000000
0.0310000000
0.0310000000
0.0310000000
0.0310000000
0.0310000000
0.0310000000
0.0310000000
0.0310000000
0.0310000000
0.0310000000
0.0310000000
0.0310000000
0.0310000000
0.0310000000
0.0310000000
0.0310000000
0.0310000000
0.0310000000
0.0310000000
0.0310000000
0.0310000000
0.0310000000
0.0310000000
0.0310000000
0.0310000000
0.0310000000
0.0310000000
0.0310000000
0.0310000000
0.0310000000
0.0310000000
0.0310000000
0.0310000000
0.0310000000
0.0310000000
0.0310000000
0.0310000000
0.0310000000
0.0310000000
0.0310000000
0.0310000000
0.0310000000
0.0310000000
0.0310000000
0.0310000000
0.0310000000
0.0310000000
0.0310000000
0.0310000000
0.0310000000
0.0310000000
0.0310000000
0.0310000000
0.0310000000
0.0310000000
0.0310000000
0.0310000000
0.0310000000
0.0310000000
0.0310000000
0.0310000000
0.0310000000
0.0310000000
0.0310000000
0.0310000000
0.0310000000
0.0310000000
0.0310000000
0.0310000000
0.0310000000
0.0310000000
0.0310000000
0.0310000000
0.0310000000
0.0310000000
0.0310000000
0.0310000000
0.0310000000
0.0310000000
0.0310000000
0.0310000000
0.0310000000
0.0310000000
0.0310000000
0.0310000000
0.0310000000
0.0310000000
0.0310000000
0.0310000000
0.0310000000
0.0310000000
0.0310000000
0.0310000000
0.0310000000
0.0310000000
0.0310000000
0.0310000000
0.0310000000
0.0310000000
0.0310000000
0.0310000000
0.0310000000
0.0310000000
0.0310000000
0.0310000000
0.0310000000
0.0310000000
0.0310000000
0.0310000000
0.0310000000
0.0310000000
0.0310000000
0.0310000000
0.0310000000
0.0310000000
0.0310000000
0.0310000000
0.0310000000
0.0310000000
0.0310000000
0.0310000000
0.0310000000
0.0310000000
0.0310000000
0.0310000000
0.0310000000
0.0310000000
0.0310000000
0.0310000000
0.0310000000
0.0310000000
0.0310000000
0.0310000000
0.0310000000
0.0310000000
0.0310000000
0.0310000000
0.0310000000
0.0310000000
0.0310000000
0.0310000000
0.0310000000
0.0310000000
0.0310000000
0.0310000000
0.0310000000
0.0310000000
0.0310000000
0.0310000000
0.0310000000
0.0310000000
0.0310000000
0.0310000000
0.0310000000
0.0310000000
0.0310000000
0.0310000000
0.0310000000
0.0310000000
0.0310000000
0.0310000000
0.0310000000
0.0310000000
0.0310000000
0.0310000000
0.0310000000
0.0310000000
0.0310000000
0.0310000000
0.0310000000
0.0310000000
0.0310000000
0.0310000000
0.0310000000
0.0310000000
0.0310000000
0.0310000000
0.0310000000
0.0310000000
0.0310000000
0.0310000000
0.0310000000
0.0310000000
0.0310000000
0.0310000000
0.0310000000
0.0310000000
0.0310000000
0.0310000000
0.0310000000
0.0310000000
0.0310000000
0.0310000000
0.0310000000
0.0310000000
0.0310000000
0.0310000000
0.0310000000
0.0310000000
0.0310000000
0.0310000000
0.0310000000
0.0310000000
0.0310000000
0.0310000000
0.0310000000
0.0310000000
0.0310000000
0.0310000000
0.0310000000
0.0310000000
0.0310000000
0.0310000000
0.0310000000
0.0310000000
0.0310000000
0.0310000000
0.0310000000
0.0310000000
0.0310000000
0.0310000000
0.0310000000
0.0310000000
0.0310000000
0.0310000000
0.0310000000
0.0310000000
0.0310000000
0.0310000000
0.0310000000
0.0310000000
0.0310000000
0.0310000000
0.0310000000
0.0310000000
0.0310000000
0.0310000000
0.0310000000
0.0310000000
0.0310000000
0.0310000000
0.0310000000
0.0310000000
0.0310000000
0.0310000000
0.0310000000
0.0310000000
0.0310000000
0.0310000000
0.0310000000
0.0310000000
0.0310000000
0.0310000000
0.0310000000
0.0310000000
0.0310000000
0.0310000000
0.0310000000
0.0310000000
0.0310000000
0.0310000000
0.0310000000
0.0310000000
0.0310000000
0.0310000000
0.0310000000
0.0310000000
0.0310000000
0.0310000000
0.0310000000
0.0310000000
0.0310000000
0.0310000000
0.0310000000
0.0310000000
0.0310000000
0.0310000000
0.0310000000
0.0310000000
0.0310000000
0.0310000000
0.0310000000
0.0310000000
0.0310000000
0.0310000000
0.0310000000
0.0310000000
0.0310000000
0.0310000000
0.0310000000
0.0310000000
0.0310000000
0.0310000000
0.0310000000
0.0310000000
0.0310000000
0.0310000000
0.0310000000
0.0310000000
0.0310000000
0.0310000000
0.0310000000
0.0310000000
0.0310000000
0.0310000000
0.0310000000
0.0310000000
0.0310000000
0.0310000000
0.0310000000
0.0310000000
0.0310000000
0.0310000000
0.0310000000
0.0310000000
0.0310000000
0.0310000000
0.0310000000
0.0310000000
0.0310000000
0.0310000000
0.0310000000
0.0310000000
0.0310000000
0.0310000000
0.0310000000
0.0310000000
0.0310000000
0.0310000000
0.0310000000
0.0310000000
0.0310000000
0.0310000000
0.0310000000
0.0310000000
0.0310000000
0.0310000000
0.0310000000
0.0310000000
0.0310000000
0.0310000000
0.0310000000
0.0310000000
0.0310000000
0.0310000000
0.0310000000
0.0310000000
0.0310000000
0.0310000000
0.0310000000
0.0310000000
0.0310000000
0.0310000000
0.0310000000
0.0310000000
0.0310000000
0.0310000000
0.0310000000
0.0310000000
0.0310000000
0.0310000000
0.0310000000
0.0310000000
0.0310000000
0.0310000000
0.0310000000
0.0310000000
0.0310000000
0.0310000000
0.0310000000
0.0310000000
0.0310000000
0.0310000000
0.0310000000
0.0310000000
0.0310000000
0.0310000000
0.0310000000
0.0310000000
0.0310000000
0.0310000000
0.0310000000
0.0310000000
0.0310000000
0.0310000000
0.0310000000
0.0310000000
0.0310000000
0.0310000000
0.0310000000
0.0310000000
0.0310000000
0.0310000000
0.0310000000
0.0310000000
0.0310000000
0.0310000000
0.0310000000
0.0310000000
0.0310000000
0.0310000000
0.0310000000
0.0310000000
0.0310000000
0.0310000000
0.0310000000
0.0310000000
0.0310000000
0.0310000000
0.0310000000
0.0310000000
0.0310000000
0.0310000000
0.0310000000
0.0310000000
0.0310000000
0.0310000000
0.0310000000
0.0310000000
0.0310000000
0.0310000000
0.0310000000
0.0310000000
0.0310000000
0.0310000000
0.0310000000
0.0310000000
0.0310000000
0.0310000000
0.0310000000
0.0310000000
0.0310000000
0.0310000000
0.0310000000
0.0310000000
0.0310000000
0.0310000000
0.0310000000
0.0310000000
0.0310000000
0.0310000000
0.0310000000
0.0310000000
0.0310000000
0.0310000000
0.0310000000
0.0310000000
0.0310000000
0.0310000000
0.0310000000
0.0310000000
0.0310000000
0.0310000000
0.0310000000
0.0310000000
0.0310000000
0.0310000000
0.0310000000
0.0310000000
0.0310000000
0.0310000000
0.0310000000
0.0310000000
0.0310000000
0.0310000000
0.0310000000
0.0310000000
0.0310000000
0.0310000000
0.0310000000
0.0310000000
0.0310000000
0.0310000000
0.0310000000
0.0310000000
0.0310000000
0.0310000000
0.0310000000
0.0310000000
0.0310000000
0.0310000000
0.0310000000
0.0310000000
0.0310000000
0.0310000000
0.0310000000
0.0310000000
0.0310000000
0.0310000000
0.0310000000
0.0310000000
0.0310000000
0.0310000000
0.0310000000
0.0310000000
0.0310000000
0.0310000000
0.0310000000
0.0310000000
0.0310000000
0.0310000000
0.0310000000
0.0310000000
0.0310000000
0.0310000000
0.0310000000
0.0310000000
0.0310000000
0.0310000000
0.0310000000
0.0310000000
0.0310000000
0.0310000000
0.0310000000
0.0310000000
0.0310000000
0.0310000000
0.0310000000
0.0310000000
0.0310000000
0.0310000000
0.0310000000
0.0310000000
0.0310000000
0.0310000000
0.0310000000
0.0310000000
0.0310000000
0.0310000000
0.0310000000
0.0310000000
0.0310000000
0.0310000000
0.0310000000
0.0310000000
0.0310000000
0.0310000000
0.0310000000
0.0310000000
0.0310000000
0.0310000000
0.0310000000
0.0310000000
0.0310000000
0.0310000000
0.0310000000
0.0310000000
0.0310000000
0.0310000000
0.0310000000
0.0310000000
0.0310000000
0.0310000000
0.0310000000
0.0310000000
0.0310000000
0.0310000000
0.0310000000
0.0310000000
0.0310000000
0.0310000000
0.0310000000
0.0310000000
0.0310000000
0.0310000000
0.0310000000
0.0310000000
0.0310000000
0.0310000000
0.0310000000
0.0310000000
0.0310000000
0.0310000000
0.0310000000
0.0310000000
0.0310000000
0.0310000000
0.0310000000
0.0310000000
0.0310000000
0.0310000000
0.0310000000
0.0310000000
0.0310000000
0.0310000000
0.0310000000
0.0310000000
0.0310000000
0.0310000000
0.0310000000
0.0310000000
0.0310000000
0.0310000000
0.0310000000
0.0310000000
0.0310000000
0.0310000000
0.0310000000
0.0310000000
0.0310000000
0.0310000000
0.0310000000
0.0310000000
0.0310000000
0.0310000000
0.0310000000
0.0310000000
0.0310000000
0.0310000000
0.0310000000
0.0310000000
0.0310000000
0.0310000000
0.0310000000
0.0310000000
0.0310000000
0.0310000000
0.0310000000
0.0310000000
0.0310000000
0.0310000000
0.0310000000
0.0310000000
0.0310000000
0.0310000000
0.0310000000
0.0310000000
0.0310000000
0.0310000000
0.0310000000
0.0310000000
0.0310000000
0.0310000000
0.0310000000
0.0310000000
0.0310000000
0.0310000000
0.0310000000
0.0310000000
0.0310000000
0.0310000000
0.0310000000
0.0310000000
0.0310000000
0.0310000000
0.0310000000
0.0310000000
0.0310000000
0.0310000000
0.0310000000
0.0310000000
0.0310000000
0.0310000000
0.0310000000
0.0310000000
0.0310000000
0.0310000000
0.0310000000
0.0310000000
0.0310000000
0.0310000000
0.0310000000
0.0310000000
0.0310000000
0.0310000000
0.0310000000
0.0310000000
0.0310000000
0.0310000000
0.0310000000
0.0310000000
0.0310000000
0.0310000000
0.0310000000
0.0310000000
0.0310000000
0.0310000000
0.0310000000
0.0310000000
0.0310000000
0.0310000000
0.0310000000
0.0310000000
0.0310000000
0.0310000000
0.0310000000
0.0310000000
0.0310000000
0.0310000000
0.0310000000
0.0310000000
0.0310000000
0.0310000000
0.0310000000
0.0310000000
0.0310000000
0.0310000000
0.0310000000
0.0310000000
0.0310000000
0.0310000000
0.0310000000
0.0310000000
0.0310000000
0.0310000000
0.0310000000
0.0310000000
0.0310000000
0.0310000000
0.0310000000
0.0310000000
0.0310000000
0.0310000000
0.0310000000
0.0310000000
0.0310000000
0.0310000000
0.0310000000
0.0310000000
0.0310000000
0.0310000000
0.0310000000
0.0310000000
0.0310000000
0.0310000000
0.0310000000
0.0310000000
0.0310000000
0.0310000000
0.0310000000
0.0310000000
0.0310000000
0.0310000000
0.0310000000
0.0310000000
0.0310000000
0.0310000000
0.0310000000
0.0310000000
0.0310000000
0.0310000000
0.0310000000
0.0310000000
0.0310000000
0.0310000000
0.0310000000
0.0310000000
0.0310000000
0.0310000000
0.0310000000
0.0310000000
0.0310000000
0.0310000000
0.0310000000
0.0310000000
0.0310000000
0.0310000000
0.0310000000
0.0310000000
0.0310000000
0.0310000000
0.0310000000
0.0310000000
0.0310000000
0.0310000000
0.0310000000
0.0310000000
0.0310000000
0.0310000000
0.0310000000
0.0310000000
0.0310000000
0.0310000000
0.0310000000
0.0310000000
0.0310000000
0.0310000000
0.0310000000
0.0310000000
0.0310000000
0.0310000000
0.0310000000
0.0310000000
0.0310000000
0.0310000000
0.0310000000
0.0310000000
0.0310000000
0.0310000000
0.0310000000
0.0310000000
0.0310000000
0.0310000000
0.0310000000
0.0310000000
0.0310000000
0.0310000000
0.0310000000
0.0310000000
0.0310000000
0.0310000000
0.0310000000
0.0310000000
0.0310000000
0.0310000000
0.0310000000
0.0310000000
0.0310000000
0.0310000000
0.0310000000
0.0310000000
0.0310000000
0.0310000000
0.0310000000
0.0310000000
0.0310000000
0.0310000000
0.0310000000
0.0310000000
0.0310000000
0.0310000000
0.0310000000
0.0310000000
0.0310000000
0.0310000000
0.0310000000
0.0310000000
0.0310000000
0.0310000000
0.0310000000
0.0310000000
0.0310000000
0.0310000000
0.0310000000
0.0310000000
0.0310000000
0.0310000000
0.0310000000
0.0310000000
0.0310000000
0.0310000000
0.0310000000
0.0310000000
0.0310000000
0.0310000000
0.0310000000
0.0310000000
0.0310000000
0.0310000000
0.0310000000
0.0310000000
0.0310000000
0.0310000000
0.0310000000
0.0310000000
0.0310000000
0.0310000000
0.0310000000
0.0310000000
0.0310000000
0.0310000000
0.0310000000
0.0310000000
0.0310000000
0.0310000000
0.0310000000
0.0310000000
0.0310000000
0.0310000000
0.0310000000
0.0310000000
0.0310000000
0.0310000000
0.0310000000
0.0310000000
0.0310000000
0.0310000000
0.0310000000
0.0310000000
0.0310000000
0.0310000000
0.0310000000
0.0310000000
0.0310000000
0.0310000000
0.0310000000
0.0310000000
0.0310000000
0.0310000000
0.0310000000
0.0310000000
0.0310000000
0.0310000000
0.0310000000
0.0310000000
0.0310000000
0.0310000000
0.0310000000
0.0310000000
0.0310000000
0.0310000000
0.0310000000
0.0310000000
0.0310000000
0.0310000000
0.0310000000
0.0310000000
0.0310000000
0.0310000000
0.0310000000
0.0310000000
0.0310000000
0.0310000000
0.0310000000
0.0310000000
0.0310000000
0.0310000000
0.0310000000
0.0310000000
0.0310000000
0.0310000000
0.0310000000
0.0310000000
0.0310000000
0.0310000000
0.0310000000
0.0310000000
0.0310000000
0.0310000000
0.0310000000
0.0310000000
0.0310000000
0.0310000000
0.0310000000
0.0310000000
0.0310000000
0.0310000000
0.0310000000
0.0310000000
0.0310000000
0.0310000000
0.0310000000
0.0310000000
0.0310000000
0.0310000000
0.0310000000
0.0310000000
0.0310000000
0.0310000000
0.0310000000
0.0310000000
0.0310000000
0.0310000000
0.0310000000
0.0310000000
0.0310000000
0.0310000000
0.0310000000
0.0310000000
0.0310000000
0.0310000000
0.0310000000
0.0310000000
0.0310000000
0.0310000000
0.0310000000
0.0310000000
0.0310000000
0.0310000000
0.0310000000
0.0310000000
0.0310000000
0.0310000000
0.0310000000
0.0310000000
0.0310000000
0.0310000000
0.0310000000
0.0310000000
0.0310000000
0.0310000000
0.0310000000
0.0310000000
0.0310000000
0.0310000000
0.0310000000
0.0310000000
0.0310000000
0.0310000000
0.0310000000
0.0310000000
0.0310000000
0.0310000000
0.0310000000
0.0310000000
0.0310000000
0.0310000000
0.0310000000
0.0310000000
0.0310000000
0.0310000000
0.0310000000
0.0310000000
0.0310000000
0.0310000000
0.0310000000
0.0310000000
0.0310000000
0.0310000000
0.0310000000
0.0310000000
0.0310000000
0.0310000000
0.0310000000
0.0310000000
0.0310000000
0.0310000000
0.0310000000
0.0310000000
0.0310000000
0.0310000000
0.0310000000
0.0310000000
0.0310000000
0.0310000000
0.0310000000
0.0310000000
0.0310000000
0.0310000000
0.0310000000
0.0310000000
0.0310000000
0.0310000000
0.0310000000
0.0310000000
0.0310000000
0.0310000000
0.0310000000
0.0310000000
0.0310000000
0.0310000000
0.0310000000
0.0310000000
0.0310000000
0.0310000000
0.0310000000
0.0310000000
0.0310000000
0.0310000000
0.0310000000
0.0310000000
0.0310000000
0.0310000000
0.0310000000
0.0310000000
0.0310000000
0.0310000000
0.0310000000
0.0310000000
0.0310000000
0.0310000000
0.0310000000
0.0310000000
0.0310000000
0.0310000000
0.0310000000
0.0310000000
0.0310000000
0.0310000000
0.0310000000
0.0310000000
0.0310000000
0.0310000000
0.0310000000
0.0310000000
0.0310000000
0.0310000000
0.0310000000
0.0310000000
0.0310000000
0.0310000000
0.0310000000
0.0310000000
0.0310000000
0.0310000000
0.0310000000
0.0310000000
0.0310000000
0.0310000000
0.0310000000
0.0310000000
0.0310000000
0.0310000000
0.0310000000
0.0310000000
0.0310000000
0.0310000000
0.0310000000
0.0310000000
0.0310000000
0.0310000000
0.0310000000
0.0310000000
0.0310000000
0.0310000000
0.0310000000
0.0310000000
0.0310000000
0.0310000000
0.0310000000
0.0310000000
0.0310000000
0.0310000000
0.0310000000
0.0310000000
0.0310000000
0.0310000000
0.0310000000
0.0310000000
0.0310000000
0.0310000000
0.0310000000
0.0310000000
0.0310000000
0.0310000000
0.0310000000
0.0310000000
0.0310000000
0.0310000000
0.0310000000
0.0310000000
0.0310000000
0.0310000000
0.0310000000
0.0310000000
0.0310000000
0.0310000000
0.0310000000
0.0310000000
0.0310000000
0.0310000000
0.0310000000
0.0310000000
0.0310000000
0.0310000000
0.0310000000
0.0310000000
0.0310000000
0.0310000000
0.0310000000
0.0310000000
0.0310000000
0.0310000000
0.0310000000
0.0310000000
0.0310000000
0.0310000000
0.0310000000
0.0310000000
0.0310000000
0.0310000000
0.0310000000
0.0310000000
0.0310000000
0.0310000000
0.0310000000
0.0310000000
0.0310000000
0.0310000000
0.0310000000
0.0310000000
0.0310000000
0.0310000000
0.0310000000
0.0310000000
0.0310000000
0.0310000000
0.0310000000
0.0310000000
0.0310000000
0.0310000000
0.0310000000
0.0310000000
0.0310000000
0.0310000000
0.0310000000
0.0310000000
0.0310000000
0.0310000000
0.0310000000
0.0310000000
0.0310000000
0.0310000000
0.0310000000
0.0310000000
0.0310000000
0.0310000000
0.0310000000
0.0310000000
0.0310000000
0.0310000000
0.0310000000
0.0310000000
0.0310000000
0.0310000000
0.0310000000
0.0310000000
0.0310000000
0.0310000000
0.0310000000
0.0310000000
0.0310000000
0.0310000000
0.0310000000
0.0310000000
0.0310000000
0.0310000000
0.0310000000
0.0310000000
0.0310000000
0.0310000000
0.0310000000
0.0310000000
0.0310000000
0.0310000000
0.0310000000
0.0310000000
0.0310000000
0.0310000000
0.0310000000
0.0310000000
0.0310000000
0.0310000000
0.0310000000
0.0310000000
0.0310000000
0.0310000000
0.0310000000
0.0310000000
0.0310000000
0.0310000000
0.0310000000
0.0310000000
0.0310000000
0.0310000000
0.0310000000
0.0310000000
0.0310000000
0.0310000000
0.0310000000
0.0310000000
0.0310000000
0.0310000000
0.0310000000
0.0310000000
0.0310000000
0.0310000000
0.0310000000
0.0310000000
0.0310000000
0.0310000000
0.0310000000
0.0310000000
0.0310000000
0.0310000000
0.0310000000
0.0310000000
0.0310000000
0.0310000000
0.0310000000
0.0310000000
0.0310000000
0.0310000000
0.0310000000
0.0310000000
0.0310000000
0.0310000000
0.0310000000
0.0310000000
0.0310000000
0.0310000000
0.0310000000
0.0310000000
0.0310000000
0.0310000000
0.0310000000
0.0310000000
0.0310000000
0.0310000000
0.0310000000
0.0310000000
0.0310000000
0.0310000000
0.0310000000
0.0310000000
0.0310000000
0.0310000000
0.0310000000
0.0310000000
0.0310000000
0.0310000000
0.0310000000
0.0310000000
0.0310000000
0.0310000000
0.0310000000
0.0310000000
0.0310000000
0.0310000000
0.0310000000
0.0310000000
0.0310000000
0.0310000000
0.0310000000
0.0310000000
0.0310000000
0.0310000000
0.0310000000
0.0310000000
0.0310000000
0.0310000000
0.0310000000
0.0310000000
0.0310000000
0.0310000000
0.0310000000
0.0310000000
0.0310000000
0.0310000000
0.0310000000
0.0310000000
0.0310000000
0.0310000000
0.0310000000
0.0310000000
0.0310000000
0.0310000000
0.0310000000
0.0310000000
0.0310000000
0.0310000000
0.0310000000
0.0310000000
0.0310000000
0.0310000000
0.0310000000
0.0310000000
0.0310000000
0.0310000000
0.0310000000
0.0310000000
0.0310000000
0.0310000000
0.0310000000
0.0310000000
0.0310000000
0.0310000000
0.0310000000
0.0310000000
0.0310000000
0.0310000000
0.0310000000
0.0310000000
0.0310000000
0.0310000000
0.0310000000
0.0310000000
0.0310000000
0.0310000000
0.0310000000
0.0310000000
0.0310000000
0.0310000000
0.0310000000
0.0310000000
0.0310000000
0.0310000000
0.0310000000
0.0310000000
0.0310000000
0.0310000000
0.0310000000
0.0310000000
0.0310000000
0.0310000000
0.0310000000
0.0310000000
0.0310000000
0.0310000000
0.0310000000
0.0310000000
0.0310000000
0.0310000000
0.0310000000
0.0310000000
0.0310000000
0.0310000000
0.0310000000
0.0310000000
0.0310000000
0.0310000000
0.0310000000
0.0310000000
0.0310000000
0.0310000000
0.0310000000
0.0310000000
0.0310000000
0.0310000000
0.0310000000
0.0310000000
0.0310000000
0.0310000000
0.0310000000
0.0310000000
0.0310000000
0.0310000000
0.0310000000
0.0310000000
0.0310000000
0.0310000000
0.0310000000
0.0310000000
0.0310000000
0.0310000000
0.0310000000
0.0310000000
0.0310000000
0.0310000000
0.0310000000
0.0310000000
0.0310000000
0.0310000000
0.0310000000
0.0310000000
0.0310000000
0.0310000000
0.0310000000
0.0310000000
0.0310000000
0.0310000000
0.0310000000
0.0310000000
0.0310000000
0.0310000000
0.0310000000
0.0310000000
0.0310000000
0.0310000000
0.0310000000
0.0310000000
0.0310000000
0.0310000000
0.0310000000
0.0310000000
0.0310000000
0.0310000000
0.0310000000
0.0310000000
0.0310000000
0.0310000000
0.0310000000
0.0310000000
0.0310000000
0.0310000000
0.0310000000
0.0310000000
0.0310000000
0.0310000000
0.0310000000
0.0310000000
0.0310000000
0.0310000000
0.0310000000
0.0310000000
0.0310000000
0.0310000000
0.0310000000
0.0310000000
0.0310000000
0.0310000000
0.0310000000
0.0310000000
0.0310000000
0.0310000000
0.0310000000
0.0310000000
0.0310000000
0.0310000000
0.0310000000
0.0310000000
0.0310000000
0.0310000000
0.0310000000
0.0310000000
0.0310000000
0.0310000000
0.0310000000
0.0310000000
0.0310000000
0.0310000000
0.0310000000
0.0310000000
0.0310000000
0.0310000000
0.0310000000
0.0310000000
0.0310000000
0.0310000000
0.0310000000
0.0310000000
0.0310000000
0.0310000000
0.0310000000
0.0310000000
0.0310000000
0.0310000000
0.0310000000
0.0310000000
0.0310000000
0.0310000000
0.0310000000
0.0310000000
0.0310000000
0.0310000000
0.0310000000
0.0310000000
0.0310000000
0.0310000000
0.0310000000
0.0310000000
0.0310000000
0.0310000000
0.0310000000
0.0310000000
0.0310000000
0.0310000000
0.0310000000
0.0310000000
0.0310000000
0.0310000000
0.0310000000
0.0310000000
0.0310000000
0.0310000000
0.0310000000
0.0310000000
0.0310000000
0.0310000000
0.0310000000
0.0310000000
0.0310000000
0.0310000000
0.0310000000
0.0310000000
0.0310000000
0.0310000000
0.0310000000
0.0310000000
0.0310000000
0.0310000000
0.0310000000
0.0310000000
0.0310000000
0.0310000000
0.0310000000
0.0310000000
0.0310000000
0.0310000000
0.0310000000
0.0310000000
0.0310000000
0.0310000000
0.0310000000
0.0310000000
0.0310000000
0.0310000000
0.0310000000
0.0310000000
0.0310000000
0.0310000000
0.0310000000
0.0310000000
0.0310000000
0.0310000000
0.0310000000
0.0310000000
0.0310000000
0.0310000000
0.0310000000
0.0310000000
0.0310000000
0.0310000000
0.0310000000
0.0310000000
0.0310000000
0.0310000000
0.0310000000
0.0310000000
0.0310000000
0.0310000000
0.0310000000
0.0310000000
0.0310000000
0.0310000000
0.0310000000
0.0310000000
0.0310000000
0.0310000000
0.0310000000
0.0310000000
0.0310000000
0.0310000000
0.0310000000
0.0310000000
0.0310000000
0.0310000000
0.0310000000
0.0310000000
0.0310000000
0.0310000000
0.0310000000
0.0310000000
0.0310000000
0.0310000000
0.0310000000
0.0310000000
0.0310000000
0.0310000000
0.0310000000
0.0310000000
0.0310000000
0.0310000000
0.0310000000
0.0310000000
0.0310000000
0.0310000000
0.0310000000
0.0310000000
0.0310000000
0.0310000000
0.0310000000
0.0310000000
0.0310000000
0.0310000000
0.0310000000
0.0310000000
0.0310000000
0.0310000000
0.0310000000
0.0310000000
0.0310000000
0.0310000000
0.0310000000
0.0310000000
0.0310000000
0.0310000000
0.0310000000
0.0310000000
0.0310000000
0.0310000000
0.0310000000
0.0310000000
0.0310000000
0.0310000000
0.0310000000
0.0310000000
0.0310000000
0.0310000000
0.0310000000
0.0310000000
0.0310000000
0.0310000000
0.0310000000
0.0310000000
0.0310000000
0.0310000000
0.0310000000
0.0310000000
0.0310000000
0.0310000000
0.0310000000
0.0310000000
0.0310000000
0.0310000000
0.0310000000
0.0310000000
0.0310000000
0.0310000000
0.0310000000
0.0310000000
0.0310000000
0.0310000000
0.0310000000
0.0310000000
0.0310000000
0.0310000000
0.0310000000
0.0310000000
0.0310000000
0.0310000000
0.0310000000
0.0310000000
0.0310000000
0.0310000000
0.0310000000
0.0310000000
0.0310000000
0.0310000000
0.0310000000
0.0310000000
0.0310000000
0.0310000000
0.0310000000
0.0310000000
0.0310000000
0.0310000000
0.0310000000
0.0310000000
0.0310000000
0.0310000000
0.0310000000
0.0310000000
0.0310000000
0.0310000000
0.0310000000
0.0310000000
0.0310000000
0.0310000000
0.0310000000
0.0310000000
0.0310000000
0.0310000000
0.0310000000
0.0310000000
0.0310000000
0.0310000000
0.0310000000
0.0310000000
0.0310000000
0.0310000000
0.0310000000
0.0310000000
0.0310000000
0.0310000000
0.0310000000
0.0310000000
0.0310000000
0.0310000000
0.0310000000
0.0310000000
0.0310000000
0.0310000000
0.0310000000
0.0310000000
0.0310000000
0.0310000000
0.0310000000
0.0310000000
0.0310000000
0.0310000000
0.0310000000
0.0310000000
0.0310000000
0.0310000000
0.0310000000
0.0310000000
0.0310000000
0.0310000000
0.0310000000
0.0310000000
0.0310000000
0.0310000000
0.0310000000
0.0310000000
0.0310000000
0.0310000000
0.0310000000
0.0310000000
0.0310000000
0.0310000000
0.0310000000
0.0310000000
0.0310000000
0.0310000000
0.0310000000
0.0310000000
0.0310000000
0.0310000000
0.0310000000
0.0310000000
0.0310000000
0.0310000000
0.0310000000
0.0310000000
0.0310000000
0.0310000000
0.0310000000
0.0310000000
0.0310000000
0.0310000000
0.0310000000
0.0310000000
0.0310000000
0.0310000000
0.0310000000
0.0310000000
0.0310000000
0.0310000000
0.0310000000
0.0310000000
0.0310000000
0.0310000000
0.0310000000
0.0310000000
0.0310000000
0.0310000000
0.0310000000
0.0310000000
0.0310000000
0.0310000000
0.0310000000
0.0310000000
0.0310000000
0.0310000000
0.0310000000
0.0310000000
0.0310000000
0.0310000000
0.0310000000
0.0310000000
0.0310000000
0.0310000000
0.0310000000
0.0310000000
0.0310000000
0.0310000000
0.0310000000
0.0310000000
0.0310000000
0.0310000000
0.0310000000
0.0310000000
0.0310000000
0.0310000000
0.0310000000
0.0310000000
0.0310000000
0.0310000000
0.0310000000
0.0310000000
0.0310000000
0.0310000000
0.0310000000
0.0310000000
0.0310000000
0.0310000000
0.0310000000
0.0310000000
0.0310000000
0.0310000000
0.0310000000
0.0310000000
0.0310000000
0.0310000000
0.0310000000
0.0310000000
0.0310000000
0.0310000000
0.0310000000
0.0310000000
0.0310000000
0.0310000000
0.0310000000
0.0310000000
0.0310000000
0.0310000000
0.0310000000
0.0310000000
0.0310000000
0.0310000000
0.0310000000
0.0310000000
0.0310000000
0.0310000000
0.0310000000
0.0310000000
0.0310000000
0.0310000000
0.0310000000
0.0310000000
0.0310000000
0.0310000000
0.0310000000
0.0310000000
0.0310000000
0.0310000000
0.0310000000
0.0310000000
0.0310000000
0.0310000000
0.0310000000
0.0310000000
0.0310000000
0.0310000000
0.0310000000
0.0310000000
0.0310000000
0.0310000000
0.0310000000
0.0310000000
0.0310000000
0.0310000000
0.0310000000
0.0310000000
0.0310000000
0.0310000000
0.0310000000
0.0310000000
0.0310000000
0.0310000000
0.0310000000
0.0310000000
0.0310000000
0.0310000000
0.0310000000
0.0310000000
0.0310000000
0.0310000000
0.0310000000
0.0310000000
0.0310000000
0.0310000000
0.0310000000
0.0310000000
0.0310000000
0.0310000000
0.0310000000
0.0310000000
0.0310000000
0.0310000000
0.0310000000
0.0310000000
0.0310000000
0.0310000000
0.0310000000
0.0310000000
0.0310000000
0.0310000000
0.0310000000
0.0310000000
0.0310000000
0.0310000000
0.0310000000
0.0310000000
0.0310000000
0.0310000000
0.0310000000
0.0310000000
0.0310000000
0.0310000000
0.0310000000
0.0310000000
0.0310000000
0.0310000000
0.0310000000
0.0310000000
0.0310000000
0.0310000000
0.0310000000
0.0310000000
0.0310000000
0.0310000000
0.0310000000
0.0310000000
0.0310000000
0.0310000000
0.0310000000
0.0310000000
0.0310000000
0.0310000000
0.0310000000
0.0310000000
0.0310000000
0.0310000000
0.0310000000
0.0310000000
0.0310000000
0.0310000000
0.0310000000
0.0310000000
0.0310000000
0.0310000000
0.0310000000
0.0310000000
0.0310000000
0.0310000000
0.0310000000
0.0310000000
0.0310000000
0.0310000000
0.0310000000
0.0310000000
0.0310000000
0.0310000000
0.0310000000
0.0310000000
0.0310000000
0.0310000000
0.0310000000
0.0310000000
0.0310000000
0.0310000000
0.0310000000
0.0310000000
0.0310000000
0.0310000000
0.0310000000
0.0310000000
0.0310000000
0.0310000000
0.0310000000
0.0310000000
0.0310000000
0.0310000000
0.0310000000
0.0310000000
0.0310000000
0.0310000000
0.0310000000
0.0310000000
0.0310000000
0.0310000000
0.0310000000
0.0310000000
0.0310000000
0.0310000000
0.0310000000
0.0310000000
0.0310000000
0.0310000000
0.0310000000
0.0310000000
0.0310000000
0.0310000000
0.0310000000
0.0310000000
0.0310000000
0.0310000000
0.0310000000
0.0310000000
0.0310000000
0.0310000000
0.0310000000
0.0310000000
0.0310000000
0.0310000000
0.0310000000
0.0310000000
0.0310000000
0.0310000000
0.0310000000
0.0310000000
0.0310000000
0.0310000000
0.0310000000
0.0310000000
0.0310000000
0.0310000000
0.0310000000
0.0310000000
0.0310000000
0.0310000000
0.0310000000
0.0310000000
0.0310000000
0.0310000000
0.0310000000
0.0310000000
0.0310000000
0.0310000000
0.0310000000
0.0310000000
0.0310000000
0.0310000000
0.0310000000
0.0310000000
0.0310000000
0.0310000000
0.0310000000
0.0310000000
0.0310000000
0.0310000000
0.0310000000
0.0310000000
0.0310000000
0.0310000000
0.0310000000
0.0310000000
0.0310000000
0.0310000000
0.0310000000
0.0310000000
0.0310000000
0.0310000000
0.0310000000
0.0310000000
0.0310000000
0.0310000000
0.0310000000
0.0310000000
0.0310000000
0.0310000000
0.0310000000
0.0310000000
0.0310000000
0.0310000000
0.0310000000
0.0310000000
0.0310000000
0.0310000000
0.0310000000
0.0310000000
0.0310000000
0.0310000000
0.0310000000
0.0310000000
0.0310000000
0.0310000000
0.0310000000
0.0310000000
0.0310000000
0.0310000000
0.0310000000
0.0310000000
0.0310000000
0.0310000000
0.0310000000
0.0310000000
0.0310000000
0.0310000000
0.0310000000
0.0310000000
0.0310000000
0.0310000000
0.0310000000
0.0310000000
0.0310000000
0.0310000000
0.0310000000
0.0310000000
0.0310000000
0.0310000000
0.0310000000
0.0310000000
0.0310000000
0.0310000000
0.0310000000
0.0310000000
0.0310000000
0.0310000000
0.0310000000
0.0310000000
0.0310000000
0.0310000000
0.0310000000
0.0310000000
0.0310000000
0.0310000000
0.0310000000
0.0310000000
0.0310000000
0.0310000000
0.0310000000
0.0310000000
0.0310000000
0.0310000000
0.0310000000
0.0310000000
0.0310000000
0.0310000000
0.0310000000
0.0310000000
0.0310000000
0.0310000000
0.0310000000
0.0310000000
0.0310000000
0.0310000000
0.0310000000
0.0310000000
0.0310000000
0.0310000000
0.0310000000
0.0310000000
0.0310000000
0.0310000000
0.0310000000
0.0310000000
0.0310000000
0.0310000000
0.0310000000
0.0310000000
0.0310000000
0.0310000000
0.0310000000
0.0310000000
0.0310000000
0.0310000000
0.0310000000
0.0310000000
0.0310000000
0.0310000000
0.0310000000
0.0310000000
0.0310000000
0.0310000000
0.0310000000
0.0310000000
0.0310000000
0.0310000000
0.0310000000
0.0310000000
0.0310000000
0.0310000000
0.0310000000
0.0310000000
0.0310000000
0.0310000000
0.0310000000
0.0310000000
0.0310000000
0.0310000000
0.0310000000
0.0310000000
0.0310000000
0.0310000000
0.0310000000
0.0310000000
0.0310000000
0.0310000000
0.0310000000
0.0310000000
0.0310000000
0.0310000000
0.0310000000
0.0310000000
0.0310000000
0.0310000000
0.0310000000
0.0310000000
0.0310000000
0.0310000000
0.0310000000
0.0310000000
0.0310000000
0.0310000000
0.0310000000
0.0310000000
0.0310000000
0.0310000000
0.0310000000
0.0310000000
0.0310000000
0.0310000000
0.0310000000
0.0310000000
0.0310000000
0.0310000000
0.0310000000
0.0310000000
0.0310000000
0.0310000000
0.0310000000
0.0310000000
0.0310000000
0.0310000000
0.0310000000
0.0310000000
0.0310000000
0.0310000000
0.0310000000
0.0310000000
0.0310000000
0.0310000000
0.0310000000
0.0310000000
0.0310000000
0.0310000000
0.0310000000
0.0310000000
0.0310000000
0.0310000000
0.0310000000
0.0310000000
0.0310000000
0.0310000000
0.0310000000
0.0310000000
0.0310000000
0.0310000000
0.0310000000
0.0310000000
0.0310000000
0.0310000000
0.0310000000
0.0310000000
0.0310000000
0.0310000000
0.0310000000
0.0310000000
0.0310000000
0.0310000000
0.0310000000
0.0310000000
0.0310000000
0.0310000000
0.0310000000
0.0310000000
0.0310000000
0.0310000000
0.0310000000
0.0310000000
0.0310000000
0.0310000000
0.0310000000
0.0310000000
0.0310000000
0.0310000000
0.0310000000
0.0310000000
0.0310000000
0.0310000000
0.0310000000
0.0310000000
0.0310000000
0.0310000000
0.0310000000
0.0310000000
0.0310000000
0.0310000000
0.0310000000
0.0310000000
0.0310000000
0.0310000000
0.0310000000
0.0310000000
0.0310000000
0.0310000000
0.0310000000
0.0310000000
0.0310000000
0.0310000000
0.0310000000
0.0310000000
0.0310000000
0.0310000000
0.0310000000
0.0310000000
0.0310000000
0.0310000000
0.0310000000
0.0310000000
0.0310000000
0.0310000000
0.0310000000
0.0310000000
0.0310000000
0.0310000000
0.0310000000
0.0310000000
0.0310000000
0.0310000000
0.0310000000
0.0310000000
0.0310000000
0.0310000000
0.0310000000
0.0310000000
0.0310000000
0.0310000000
0.0310000000
0.0310000000
0.0310000000
0.0310000000
0.0310000000
0.0310000000
0.0310000000
0.0310000000
0.0310000000
0.0310000000
0.0310000000
0.0310000000
0.0310000000
0.0310000000
0.0310000000
0.0310000000
0.0310000000
0.0310000000
0.0310000000
0.0310000000
0.0310000000
0.0310000000
0.0310000000
0.0310000000
0.0310000000
0.0310000000
0.0310000000
0.0310000000
0.0310000000
0.0310000000
0.0310000000
0.0310000000
0.0310000000
0.0310000000
0.0310000000
0.0310000000
0.0310000000
0.0310000000
0.0310000000
0.0310000000
0.0310000000
0.0310000000
0.0310000000
0.0310000000
0.0310000000
0.0310000000
0.0310000000
0.0310000000
0.0310000000
0.0310000000
0.0310000000
0.0310000000
0.0310000000
0.0310000000
0.0310000000
0.0310000000
0.0310000000
0.0310000000
0.0310000000
0.0310000000
0.0310000000
0.0310000000
0.0310000000
0.0310000000
0.0310000000
0.0310000000
0.0310000000
0.0310000000
0.0310000000
0.0310000000
0.0310000000
0.0310000000
0.0310000000
0.0310000000
0.0310000000
0.0310000000
0.0310000000
0.0310000000
0.0310000000
0.0310000000
0.0310000000
0.0310000000
0.0310000000
0.0310000000
0.0310000000
0.0310000000
0.0310000000
0.0310000000
0.0310000000
0.0310000000
0.0310000000
0.0310000000
0.0310000000
0.0310000000
0.0310000000
0.0310000000
0.0310000000
0.0310000000
0.0310000000
0.0310000000
0.0310000000
0.0310000000
0.0310000000
0.0310000000
0.0310000000
0.0310000000
0.0310000000
0.0310000000
0.0310000000
0.0310000000
0.0310000000
0.0310000000
0.0310000000
0.0310000000
0.0310000000
0.0310000000
0.0310000000
0.0310000000
0.0310000000
0.0310000000
0.0310000000
0.0310000000
0.0310000000
0.0310000000
0.0310000000
0.0310000000
0.0310000000
0.0310000000
0.0310000000
0.0310000000
0.0310000000
0.0310000000
0.0310000000
0.0310000000
0.0310000000
0.0310000000
0.0310000000
0.0310000000
0.0310000000
0.0310000000
0.0310000000
0.0310000000
0.0310000000
0.0310000000
0.0310000000
0.0310000000
0.0310000000
0.0310000000
0.0310000000
0.0310000000
0.0310000000
0.0310000000
0.0310000000
0.0310000000
0.0310000000
0.0310000000
0.0310000000
0.0310000000
0.0310000000
0.0310000000
0.0310000000
0.0310000000
0.0310000000
0.0310000000
0.0310000000
0.0310000000
0.0310000000
0.0310000000
0.0310000000
0.0310000000
0.0310000000
0.0310000000
0.0310000000
0.0310000000
0.0310000000
0.0310000000
0.0310000000
0.0310000000
0.0310000000
0.0310000000
0.0310000000
0.0310000000
0.0310000000
0.0310000000
0.0310000000
0.0310000000
0.0310000000
0.0310000000
0.0310000000
0.0310000000
0.0310000000
0.0310000000
0.0310000000
0.0310000000
0.0310000000
0.0310000000
0.0310000000
0.0310000000
0.0310000000
0.0310000000
0.0310000000
0.0310000000
0.0310000000
0.0310000000
0.0310000000
0.0310000000
0.0310000000
0.0310000000
0.0310000000
0.0310000000
0.0310000000
0.0310000000
0.0310000000
0.0310000000
0.0310000000
0.0310000000
0.0310000000
0.0310000000
0.0310000000
0.0310000000
0.0310000000
0.0310000000
0.0310000000
0.0310000000
0.0310000000
0.0310000000
0.0310000000
0.0310000000
0.0310000000
0.0310000000
0.0310000000
0.0310000000
0.0310000000
0.0310000000
0.0310000000
0.0310000000
0.0310000000
0.0310000000
0.0310000000
0.0310000000
0.0310000000
0.0310000000
0.0310000000
0.0310000000
0.0310000000
0.0310000000
0.0310000000
0.0310000000
0.0310000000
0.0310000000
0.0310000000
0.0310000000
0.0310000000
0.0310000000
0.0310000000
0.0310000000
0.0310000000
0.0310000000
0.0310000000
0.0310000000
0.0310000000
0.0310000000
0.0310000000
0.0310000000
0.0310000000
0.0310000000
0.0310000000
0.0310000000
0.0310000000
0.0310000000
0.0310000000
0.0310000000
0.0310000000
0.0310000000
0.0310000000
0.0310000000
0.0310000000
0.0310000000
0.0310000000
0.0310000000
0.0310000000
0.0310000000
0.0310000000
0.0310000000
0.0310000000
0.0310000000
0.0310000000
0.0310000000
0.0310000000
0.0310000000
0.0310000000
0.0310000000
0.0310000000
0.0310000000
0.0310000000
0.0310000000
0.0310000000
0.0310000000
0.0310000000
0.0310000000
0.0310000000
0.0310000000
0.0310000000
0.0310000000
0.0310000000
0.0310000000
0.0310000000
0.0310000000
0.0310000000
0.0310000000
0.0310000000
0.0310000000
0.0310000000
0.0310000000
0.0310000000
0.0310000000
0.0310000000
0.0310000000
0.0310000000
0.0310000000
0.0310000000
0.0310000000
0.0310000000
0.0310000000
0.0310000000
0.0310000000
0.0310000000
0.0310000000
0.0310000000
0.0310000000
0.0310000000
0.0310000000
0.0310000000
0.0310000000
0.0310000000
0.0310000000
0.0310000000
0.0310000000
0.0310000000
0.0310000000
0.0310000000
0.0310000000
0.0310000000
0.0310000000
0.0310000000
0.0310000000
0.0310000000
0.0310000000
0.0310000000
0.0310000000
0.0310000000
0.0310000000
0.0310000000
0.0310000000
0.0310000000
0.0310000000
0.0310000000
0.0310000000
0.0310000000
0.0310000000
0.0310000000
0.0310000000
0.0310000000
0.0310000000
0.0310000000
0.0310000000
0.0310000000
0.0310000000
0.0310000000
0.0310000000
0.0310000000
0.0310000000
0.0310000000
0.0310000000
0.0310000000
0.0310000000
0.0310000000
0.0310000000
0.0310000000
0.0310000000
0.0310000000
0.0310000000
0.0310000000
0.0310000000
0.0310000000
0.0310000000
0.0310000000
0.0310000000
0.0310000000
0.0310000000
0.0310000000
0.0310000000
0.0310000000
0.0310000000
0.0310000000
0.0310000000
0.0310000000
0.0310000000
0.0310000000
0.0310000000
0.0310000000
0.0310000000
0.0310000000
0.0310000000
0.0310000000
0.0310000000
0.0310000000
0.0310000000
0.0310000000
0.0310000000
0.0310000000
0.0310000000
0.0310000000
0.0310000000
0.0310000000
0.0310000000
0.0310000000
0.0310000000
0.0310000000
0.0310000000
0.0310000000
0.0310000000
0.0310000000
0.0310000000
0.0310000000
0.0310000000
0.0310000000
0.0310000000
0.0310000000
0.0310000000
0.0310000000
0.0310000000
0.0310000000
0.0310000000
0.0310000000
0.0310000000
0.0310000000
0.0310000000
0.0310000000
0.0310000000
0.0310000000
0.0310000000
0.0310000000
0.0310000000
0.0310000000
0.0310000000
0.0310000000
0.0310000000
0.0310000000
0.0310000000
0.0310000000
0.0310000000
0.0310000000
0.0310000000
0.0310000000
0.0310000000
0.0310000000
0.0310000000
0.0310000000
0.0310000000
0.0310000000
0.0310000000
0.0310000000
0.0310000000
0.0310000000
0.0310000000
0.0310000000
0.0310000000
0.0310000000
0.0310000000
0.0310000000
0.0310000000
0.0310000000
0.0310000000
0.0310000000
0.0310000000
0.0310000000
0.0310000000
0.0310000000
0.0310000000
0.0310000000
0.0310000000
0.0310000000
0.0310000000
0.0310000000
0.0310000000
0.0310000000
0.0310000000
0.0310000000
0.0310000000
0.0310000000
0.0310000000
0.0310000000
0.0310000000
0.0310000000
0.0310000000
0.0310000000
0.0310000000
0.0310000000
0.0310000000
0.0310000000
0.0310000000
0.0310000000
0.0310000000
0.0310000000
0.0310000000
0.0310000000
0.0310000000
0.0310000000
0.0310000000
0.0310000000
0.0310000000
0.0310000000
0.0310000000
0.0310000000
0.0310000000
0.0310000000
0.0310000000
0.0310000000
0.0310000000
0.0310000000
0.0310000000
0.0310000000
0.0310000000
0.0310000000
0.0310000000
0.0310000000
0.0310000000
0.0310000000
0.0310000000
0.0310000000
0.0310000000
0.0310000000
0.0310000000
0.0310000000
0.0310000000
0.0310000000
0.0310000000
0.0310000000
0.0310000000
0.0310000000
0.0310000000
0.0310000000
0.0310000000
0.0310000000
0.0310000000
0.0310000000
0.0310000000
0.0310000000
0.0310000000
0.0310000000
0.0310000000
0.0310000000
0.0310000000
0.0310000000
0.0310000000
0.0310000000
0.0310000000
0.0310000000
0.0310000000
0.0310000000
0.0310000000
0.0310000000
0.0310000000
0.0310000000
0.0310000000
0.0310000000
0.0310000000
0.0310000000
0.0310000000
0.0310000000
0.0310000000
0.0310000000
0.0310000000
0.0310000000
0.0310000000
0.0310000000
0.0310000000
0.0310000000
0.0310000000
0.0310000000
0.0310000000
0.0310000000
0.0310000000
0.0310000000
0.0310000000
0.0310000000
0.0310000000
0.0310000000
0.0310000000
0.0310000000
0.0310000000
0.0310000000
0.0310000000
0.0310000000
0.0310000000
0.0310000000
0.0310000000
0.0310000000
0.0310000000
0.0310000000
0.0310000000
0.0310000000
0.0310000000
0.0310000000
0.0310000000
0.0310000000
0.0310000000
0.0310000000
0.0310000000
0.0310000000
0.0310000000
0.0310000000
0.0310000000
0.0310000000
0.0310000000
0.0310000000
0.0310000000
0.0310000000
0.0310000000
0.0310000000
0.0310000000
0.0310000000
0.0310000000
0.0310000000
0.0310000000
0.0310000000
0.0310000000
0.0310000000
0.0310000000
0.0310000000
0.0310000000
0.0310000000
0.0310000000
0.0310000000
0.0310000000
0.0310000000
0.0310000000
0.0310000000
0.0310000000
0.0310000000
0.0310000000
0.0310000000
0.0310000000
0.0310000000
0.0310000000
0.0310000000
0.0310000000
0.0310000000
0.0310000000
0.0310000000
0.0310000000
0.0310000000
0.0310000000
0.0310000000
0.0310000000
0.0310000000
0.0310000000
0.0310000000
0.0310000000
0.0310000000
0.0310000000
0.0310000000
0.0310000000
0.0310000000
0.0310000000
0.0310000000
0.0310000000
0.0310000000
0.0310000000
0.0310000000
0.0310000000
0.0310000000
0.0310000000
0.0310000000
0.0310000000
0.0310000000
0.0310000000
0.0310000000
0.0310000000
0.0310000000
0.0310000000
0.0310000000
0.0310000000
0.0310000000
0.0310000000
0.0310000000
0.0310000000
0.0310000000
0.0310000000
0.0310000000
0.0310000000
0.0310000000
0.0310000000
0.0310000000
0.0310000000
0.0310000000
0.0310000000
0.0310000000
0.0310000000
0.0310000000
0.0310000000
0.0310000000
0.0310000000
0.0310000000
0.0310000000
0.0310000000
0.0310000000
0.0310000000
0.0310000000
0.0310000000
0.0310000000
0.0310000000
0.0310000000
0.0310000000
0.0310000000
0.0310000000
0.0310000000
0.0310000000
0.0310000000
0.0310000000
0.0310000000
0.0310000000
0.0310000000
0.0310000000
0.0310000000
0.0310000000
0.0310000000
0.0310000000
0.0310000000
0.0310000000
0.0310000000
0.0310000000
0.0310000000
0.0310000000
0.0310000000
0.0310000000
0.0310000000
0.0310000000
0.0310000000
0.0310000000
0.0310000000
0.0310000000
0.0310000000
0.0310000000
0.0310000000
0.0310000000
0.0310000000
0.0310000000
0.0310000000
0.0310000000
0.0310000000
0.0310000000
0.0310000000
0.0310000000
0.0310000000
0.0310000000
0.0310000000
0.0310000000
0.0310000000
0.0310000000
0.0310000000
0.0310000000
0.0310000000
0.0310000000
0.0310000000
0.0310000000
0.0310000000
0.0310000000
0.0310000000
0.0310000000
0.0310000000
0.0310000000
0.0310000000
0.0310000000
0.0310000000
0.0310000000
0.0310000000
0.0310000000
0.0310000000
0.0310000000
0.0310000000
0.0310000000
0.0310000000
0.0310000000
0.0310000000
0.0310000000
0.0310000000
0.0310000000
0.0310000000
0.0310000000
0.0310000000
0.0310000000
0.0310000000
0.0310000000
0.0310000000
0.0310000000
0.0310000000
0.0310000000
0.0310000000
0.0310000000
0.0310000000
0.0310000000
0.0310000000
0.0310000000
0.0310000000
0.0310000000
0.0310000000
0.0310000000
0.0310000000
0.0310000000
0.0310000000
0.0310000000
0.0310000000
0.0310000000
0.0310000000
0.0310000000
0.0310000000
0.0310000000
0.0310000000
0.0310000000
0.0310000000
0.0310000000
0.0310000000
0.0310000000
0.0310000000
0.0310000000
0.0310000000
0.0310000000
0.0310000000
0.0310000000
0.0310000000
0.0310000000
0.0310000000
0.0310000000
0.0310000000
0.0310000000
0.0310000000
0.0310000000
0.0310000000
0.0310000000
0.0310000000
0.0310000000
0.0310000000
0.0310000000
0.0310000000
0.0310000000
0.0310000000
0.0310000000
0.0310000000
0.0310000000
0.0310000000
0.0310000000
0.0310000000
0.0310000000
0.0310000000
0.0310000000
0.0310000000
0.0310000000
0.0310000000
0.0310000000
0.0310000000
0.0310000000
0.0310000000
0.0310000000
0.0310000000
0.0310000000
0.0310000000
0.0310000000
0.0310000000
0.0310000000
0.0310000000
0.0310000000
0.0310000000
0.0310000000
0.0310000000
0.0310000000
0.0310000000
0.0310000000
0.0310000000
0.0310000000
0.0310000000
0.0310000000
0.0310000000
0.0310000000
0.0310000000
0.0310000000
0.0310000000
0.0310000000
0.0310000000
0.0310000000
0.0310000000
0.0310000000
0.0310000000
0.0310000000
0.0310000000
0.0310000000
0.0310000000
0.0310000000
0.0310000000
0.0310000000
0.0310000000
0.0310000000
0.0310000000
0.0310000000
0.0310000000
0.0310000000
0.0310000000
0.0310000000
0.0310000000
0.0310000000
0.0310000000
0.0310000000
0.0310000000
0.0310000000
0.0310000000
0.0310000000
0.0310000000
0.0310000000
0.0310000000
0.0310000000
0.0310000000
0.0310000000
0.0310000000
0.0310000000
0.0310000000
0.0310000000
0.0310000000
0.0310000000
0.0310000000
0.0310000000
0.0310000000
0.0310000000
0.0310000000
0.0310000000
0.0310000000
0.0310000000
0.0310000000
0.0310000000
0.0310000000
0.0310000000
0.0310000000
0.0310000000
0.0310000000
0.0310000000
0.0310000000
0.0310000000
0.0310000000
0.0310000000
0.0310000000
0.0310000000
0.0310000000
0.0310000000
0.0310000000
0.0310000000
0.0310000000
0.0310000000
0.0310000000
0.0310000000
0.0310000000
0.0310000000
0.0310000000
0.0310000000
0.0310000000
0.0310000000
0.0310000000
0.0310000000
0.0310000000
0.0310000000
0.0310000000
0.0310000000
0.0310000000
0.0310000000
0.0310000000
0.0310000000
0.0310000000
0.0310000000
0.0310000000
0.0310000000
0.0310000000
0.0310000000
0.0310000000
0.0310000000
0.0310000000
0.0310000000
0.0310000000
0.0310000000
0.0310000000
0.0310000000
0.0310000000
0.0310000000
0.0310000000
0.0310000000
0.0310000000
0.0310000000
0.0310000000
0.0310000000
0.0310000000
0.0310000000
0.0310000000
0.0310000000
0.0310000000
0.0310000000
0.0310000000
0.0310000000
0.0310000000
0.0310000000
0.0310000000
0.0310000000
0.0310000000
0.0310000000
0.0310000000
0.0310000000
0.0310000000
0.0310000000
0.0310000000
0.0310000000
0.0310000000
0.0310000000
0.0310000000
0.0310000000
0.0310000000
0.0310000000
0.0310000000
0.0310000000
0.0310000000
0.0310000000
0.0310000000
0.0310000000
0.0310000000
0.0310000000
0.0310000000
0.0310000000
0.0310000000
0.0310000000
0.0310000000
0.0310000000
0.0310000000
0.0310000000
0.0310000000
0.0310000000
0.0310000000
0.0310000000
0.0310000000
0.0310000000
0.0310000000
0.0310000000
0.0310000000
0.0310000000
0.0310000000
0.0310000000
0.0310000000
0.0310000000
0.0310000000
0.0310000000
0.0310000000
0.0310000000
0.0310000000
0.0310000000
0.0310000000
0.0310000000
0.0310000000
0.0310000000
0.0310000000
0.0310000000
0.0310000000
0.0310000000
0.0310000000
0.0310000000
0.0310000000
0.0310000000
0.0310000000
0.0310000000
0.0310000000
0.0310000000
0.0310000000
0.0310000000
0.0310000000
0.0310000000
0.0310000000
0.0310000000
0.0310000000
0.0310000000
0.0310000000
0.0310000000
0.0310000000
0.0310000000
0.0310000000
0.0310000000
0.0310000000
0.0310000000
0.0310000000
0.0310000000
0.0310000000
0.0310000000
0.0310000000
0.0310000000
0.0310000000
0.0310000000
0.0310000000
0.0310000000
0.0310000000
0.0310000000
0.0310000000
0.0310000000
0.0310000000
0.0310000000
0.0310000000
0.0310000000
0.0310000000
0.0310000000
0.0310000000
0.0310000000
0.0310000000
0.0310000000
0.0310000000
0.0310000000
0.0310000000
0.0310000000
0.0310000000
0.0310000000
0.0310000000
0.0310000000
0.0310000000
0.0310000000
0.0310000000
0.0310000000
0.0310000000
0.0310000000
0.0310000000
0.0310000000
0.0310000000
0.0310000000
0.0310000000
0.0310000000
0.0310000000
0.0310000000
0.0310000000
0.0310000000
0.0310000000
0.0310000000
0.0310000000
0.0310000000
0.0310000000
0.0310000000
0.0310000000
0.0310000000
0.0310000000
0.0310000000
0.0310000000
0.0310000000
0.0310000000
0.0310000000
0.0310000000
0.0310000000
0.0310000000
0.0310000000
0.0310000000
0.0310000000
0.0310000000
0.0310000000
0.0310000000
0.0310000000
0.0310000000
0.0310000000
0.0310000000
0.0310000000
0.0310000000
0.0310000000
0.0310000000
0.0310000000
0.0310000000
0.0310000000
0.0310000000
0.0310000000
0.0310000000
0.0310000000
0.0310000000
0.0310000000
0.0310000000
0.0310000000
0.0310000000
0.0310000000
0.0310000000
0.0310000000
0.0310000000
0.0310000000
0.0310000000
0.0310000000
0.0310000000
0.0310000000
0.0310000000
0.0310000000
0.0310000000
0.0310000000
0.0310000000
0.0310000000
0.0310000000
0.0310000000
0.0310000000
0.0310000000
0.0310000000
0.0310000000
0.0310000000
0.0310000000
0.0310000000
0.0310000000
0.0310000000
0.0310000000
0.0310000000
0.0310000000
0.0310000000
0.0310000000
0.0310000000
0.0310000000
0.0310000000
0.0310000000
0.0310000000
0.0310000000
0.0310000000
0.0310000000
0.0310000000
0.0310000000
0.0310000000
0.0310000000
0.0310000000
0.0310000000
0.0310000000
0.0310000000
0.0310000000
0.0310000000
0.0310000000
0.0310000000
0.0310000000
0.0310000000
0.0310000000
0.0310000000
0.0310000000
0.0310000000
0.0310000000
0.0310000000
0.0310000000
0.0310000000
0.0310000000
0.0310000000
0.0310000000
0.0310000000
0.0310000000
0.0310000000
0.0310000000
0.0310000000
0.0310000000
0.0310000000
0.0310000000
0.0310000000
0.0310000000
0.0310000000
0.0310000000
0.0310000000
0.0310000000
0.0310000000
0.0310000000
0.0310000000
0.0310000000
0.0310000000
0.0310000000
0.0310000000
0.0310000000
0.0310000000
0.0310000000
0.0310000000
0.0310000000
0.0310000000
0.0310000000
0.0310000000
0.0310000000
0.0310000000
0.0310000000
0.0310000000
0.0310000000
0.0310000000
0.0310000000
0.0310000000
0.0310000000
0.0310000000
0.0310000000
0.0310000000
0.0310000000
0.0310000000
0.0310000000
0.0310000000
0.0310000000
0.0310000000
0.0310000000
0.0310000000
0.0310000000
0.0310000000
0.0310000000
0.0310000000
0.0310000000
0.0310000000
0.0310000000
0.0310000000
0.0310000000
0.0310000000
0.0310000000
0.0310000000
0.0310000000
0.0310000000
0.0310000000
0.0310000000
0.0310000000
0.0310000000
0.0310000000
0.0310000000
0.0310000000
0.0310000000
0.0310000000
0.0310000000
0.0310000000
0.0310000000
0.0310000000
0.0310000000
0.0310000000
0.0310000000
0.0310000000
0.0310000000
0.0310000000
0.0310000000
0.0310000000
0.0310000000
0.0310000000
0.0310000000
0.0310000000
0.0310000000
0.0310000000
0.0310000000
0.0310000000
0.0310000000
0.0310000000
0.0310000000
0.0310000000
0.0310000000
0.0310000000
0.0310000000
0.0310000000
0.0310000000
0.0310000000
0.0310000000
0.0310000000
0.0310000000
0.0310000000
0.0310000000
0.0310000000
0.0310000000
0.0310000000
0.0310000000
0.0310000000
0.0310000000
0.0310000000
0.0310000000
0.0310000000
0.0310000000
0.0310000000
0.0310000000
0.0310000000
0.0310000000
0.0310000000
0.0310000000
0.0310000000
0.0310000000
0.0310000000
0.0310000000
0.0310000000
0.0310000000
0.0310000000
0.0310000000
0.0310000000
0.0310000000
0.0310000000
0.0310000000
0.0310000000
0.0310000000
0.0310000000
0.0310000000
0.0310000000
0.0310000000
0.0310000000
0.0310000000
0.0310000000
0.0310000000
0.0310000000
0.0310000000
0.0310000000
0.0310000000
0.0310000000
0.0310000000
0.0310000000
0.0310000000
0.0310000000
