gen,op_id,w0,w1,w2,w3,w4,w5,w6,norm
50,0,-1.563366544040566e-05,-1.644652241002019e-05,-1.009631522872073e-06,0.0004686924404478057,-0.0006578187018571925,0.002663223244177683,0.005326155607527763,0.006009459673807956
50,1,-3.631578929270634e-06,-4.19231375520427e-06,0.001767990009026701,-2.328938446341002e-05,0.002237311530902968,0.000493568638866994,0.0002888024997314785,0.002908425966522547
50,2,8.53650446607087e-08,4.249812700992509e-09,1.945340680214317e-05,3.920740020259774e-06,6.886636534657061e-05,4.190539174607292e-05,7.967750711513918e-05,0.0001150693608972003
50,3,-1.601396051460985e-09,-4.518460884155644e-09,-9.234420405110133e-25,-4.770136749124545e-08,0,-3.827650825551332e-07,-7.655051453046357e-07,8.572080478681469e-07
100,0,-4.59186765976234e-05,-2.24930259337381e-05,-2.135080088250415e-06,0.0004603039670686321,-0.001530376559644119,0.0004510363642626302,0.0009021418889923582,0.001890461574804513
100,1,-6.20393531644351e-06,-4.409683457213011e-06,0.001767902397183427,-2.373917359971967e-05,0.002151965630165827,0.0003273665149885575,-4.349020678966198e-05,0.002804659814503191
100,2,2.809082699204332e-07,4.917415737118813e-08,1.94567360929629e-05,3.923039007805573e-06,7.368571698240569e-05,5.367155442669574e-05,0.0001032024186191984,0.0001391222339981754
100,3,-1.601396051460985e-09,-4.518460884155644e-09,-9.234420405110133e-25,-4.770136749124545e-08,0,-3.827650825551332e-07,-7.655051453046357e-07,8.572080478681469e-07
150,0,-5.087706810878152e-05,-2.29532643997702e-05,-2.20147357530278e-06,0.0004602189049066446,-0.001612871259744026,0.0002393835033356912,0.0004789244793381718,0.001761518786278538
150,1,-9.909919405201273e-06,-4.626557220594958e-06,0.001767854174691562,-2.387470937567015e-05,0.002067894632846534,0.0001721022863641022,-0.0003539583303687081,0.002749016534221129
150,2,7.280358978255549e-08,3.955164828558439e-08,1.945212419476409e-05,3.893617211867789e-06,6.908841933089967e-05,4.556398069686911e-05,8.699669915919508e-05,0.0001217015363196333
150,3,-1.601396051460985e-09,-4.518460884155644e-09,-9.234420405110133e-25,-4.770136749124545e-08,0,-3.827650825551332e-07,-7.655051453046357e-07,8.572080478681469e-07
200,0,-5.318188779215287e-05,-2.308455693277756e-05,-2.216197534350798e-06,0.0004600873866531569,-0.001632089419414284,0.0001709462464023423,0.0003420670923392678,0.001739251250576325
200,1,-1.164441224560879e-05,-4.673707697271747e-06,0.001767839473253503,-2.398608059577629e-05,0.002035111839254651,0.0001205217687373248,-0.0004571004319726753,0.002736993911403418
200,2,-2.997944017678934e-07,2.694082765707122e-08,1.944812318377638e-05,3.843438448813377e-06,6.332706112738097e-05,3.514044402381775e-05,6.615213718903016e-05,0.0001000717984692544
200,3,-1.601396051460985e-09,-4.518460884155644e-09,-9.234420405110133e-25,-4.770136749124545e-08,0,-3.827650825551332e-07,-7.655051453046357e-07,8.572080478681469e-07
250,0,-5.57272058182441e-05,-2.351521352359171e-05,-2.219199517812877e-06,0.00045999074008254,-0.001636933928704775,0.0001170841929999194,0.0002343452808052369,0.001721462749633151
250,1,-1.320030423426559e-05,-4.711754315318505e-06,0.001767831367671463,-2.414991957171138e-05,0.002010616662497289,8.371088982596967e-05,-0.0005307161973376827,0.002730797314064675
250,2,-5.924465313960016e-07,2.708931105188569e-08,1.944567818285567e-05,3.810148415705152e-06,5.933868863460669e-05,2.85972508542135e-05,5.306943781760347e-05,8.688067284059397e-05
250,3,-1.601396051460985e-09,-4.518460884155644e-09,-9.234420405110133e-25,-4.770136749124545e-08,0,-3.827650825551332e-07,-7.655051453046357e-07,8.572080478681469e-07
300,0,-5.701590702567565e-05,-2.359995176696774e-05,-2.222036447152334e-06,0.0004599410077204516,-0.001640177065506609,9.354723273538381e-05,0.000187273684150469,0.001717370595750331
300,1,-1.315691069216446e-05,-4.70575968088911e-06,0.001767831875983339,-2.414916042909882e-05,0.002010219115241687,8.44562167331442e-05,-0.0005292263593270017,0.00273023849789717
300,2,-8.070182039195284e-07,4.900433455634005e-08,1.9443245433435e-05,3.766239723229445e-06,5.561172576054478e-05,2.461899447532817e-05,4.511639327731602e-05,7.827595996115033e-05
300,3,-1.601396051460985e-09,-4.518460884155644e-09,-9.234420405110133e-25,-4.770136749124545e-08,0,-3.827650825551332e-07,-7.655051453046357e-07,8.572080478681469e-07
350,0,-5.871790181376303e-05,-2.38170372720321e-05,-2.222909816598809e-06,0.0004598545856038445,-0.001640833870839282,6.787107202303334e-05,0.0001359216352325333,0.001711988081010504
350,1,-1.32499989523827e-05,-4.693255497225324e-06,0.001767831506439056,-2.417096867706241e-05,0.002008433897853193,8.291516777399659e-05,-0.000532307592725856,0.002729476704493213
350,2,-1.378515087306883e-06,1.908448513459753e-08,1.944169977383264e-05,3.724897482473814e-06,5.348908895964426e-05,1.596694783364008e-05,2.781278575867682e-05,6.544717206974849e-05
350,3,-1.601396051460985e-09,-4.518460884155644e-09,-9.234420405110133e-25,-4.770136749124545e-08,0,-3.827650825551332e-07,-7.655051453046357e-07,8.572080478681469e-07
400,0,-6.000837286130188e-05,-2.401330953330888e-05,-2.222926851846474e-06,0.0004598188592863725,-0.00164085345910575,5.066973923160108e-05,0.0001015183492224433,0.001709060982109581
400,1,-1.262928995469299e-05,-4.654294170224587e-06,0.001767832122929273,-2.417173527232223e-05,0.002009223345178769,9.130647917482969e-05,-0.0005155250577448521,0.002727100522199205
400,2,-8.686998103355594e-07,3.221021506334924e-08,1.944152854147663e-05,3.731387902595433e-06,5.426289836765403e-05,2.265061723356806e-05,4.118006176425794e-05,7.447121626370269e-05
400,3,-1.601396051460985e-09,-4.518460884155644e-09,-9.234420405110133e-25,-4.770136749124545e-08,0,-3.827650825551332e-07,-7.655051453046357e-07,8.572080478681469e-07
450,0,-6.054786460947394e-05,-2.407419367556945e-05,-2.222915152937501e-06,0.0004597875866356933,-0.001640823825719052,4.466839801756418e-05,8.951554784120762e-05,0.001708205579846882
450,1,-1.253168415874027e-05,-4.642262297369311e-06,0.001767831783522158,-2.418138884155657e-05,0.002008023945213319,9.243828064297727e-05,-0.0005132610463750498,0.002725827296456772
450,2,-1.200071191116447e-06,4.14083104940539e-08,1.944095608317018e-05,3.695358684267332e-06,5.235578933167016e-05,1.900759310855488e-05,3.389556447163261e-05,6.814965075419154e-05
450,3,-1.601396051460985e-09,-4.518460884155644e-09,-9.234420405110133e-25,-4.770136749124545e-08,0,-3.827650825551332e-07,-7.655051453046357e-07,8.572080478681469e-07
500,0,-6.18467922136682e-05,-2.42333744756435e-05,-2.222915152937501e-06,0.0004597435810987764,-0.001640823825719052,3.065743650921612e-05,6.14932933651103e-05,0.001706694323670297
500,1,-1.227566569746431e-05,-4.614828530729407e-06,0.001767831941225137,-2.417965668707346e-05,0.002008312152141995,9.514120583402397e-05,-0.0005078553290791937,0.002725118896779905
500,2,-1.707598782391308e-06,1.479921744407624e-08,1.943998666728755e-05,3.686951809461372e-06,5.098712118229493e-05,1.368262326430449e-05,2.324475813692049e-05,6.100526448252573e-05
500,3,-6.021402325947493e-10,-4.32555733834256e-09,-9.234420405110133e-25,-4.767562713698223e-08,0,-3.717846095303713e-07,-7.4354185103077e-07,8.326886084005029e-07
550,0,-6.343656373240324e-05,-2.449214699421593e-05,-2.222912662649785e-06,0.0004597177986547662,-0.001640809365403354,1.553333794381622e-05,3.124478771107057e-05,0.001705708754027309
550,1,-1.213881985973214e-05,-4.599924385189634e-06,0.001767831993562723,-2.417916988865097e-05,0.002008481521523752,9.642765543029912e-05,-0.000505282840764424,0.002724810115251613
550,2,-2.038320962522291e-06,-1.35471426639735e-08,1.943981506033393e-05,3.679627624751655e-06,5.037363909082136e-05,1.052439399713846e-05,1.692839565636955e-05,5.770994687803893e-05
550,3,-6.021402325947493e-10,-4.32555733834256e-09,-9.234420405110133e-25,-4.767562713698223e-08,0,-3.717846095303713e-07,-7.4354185103077e-07,8.326886084005029e-07
600,0,-6.374349962006464e-05,-2.451845385391563e-05,-2.222912662649785e-06,0.0004597083475350765,-0.001640809365403354,1.282482943721138e-05,2.58277052194942e-05,0.00170560488233931
600,1,-1.195658791541509e-05,-4.56513976546288e-06,0.001767832032708762,-2.417784350534417e-05,0.002008655477793616,9.805511015797813e-05,-0.0005020279679641643,0.002724393910248671
600,2,-1.960583894741156e-06,1.013103038518567e-08,1.943953800748507e-05,3.673812013836014e-06,4.991752641739605e-05,1.119273775406902e-05,1.826479027706856e-05,5.784354683481685e-05
600,3,-6.021402325947493e-10,-4.32555733834256e-09,-9.234420405110133e-25,-4.767562713698223e-08,0,-3.717846095303713e-07,-7.4354185103077e-07,8.326886084005029e-07
650,0,-6.427817077491826e-05,-2.461734787549829e-05,-2.222864071786404e-06,0.000459692137454319,-0.001640720549381575,8.636187668547914e-06,1.745048938066395e-05,0.001705403918107568
650,1,-1.188215052931339e-05,-4.560622782546314e-06,0.001767832049305086,-2.417614630797001e-05,0.002008673742246017,9.86544704824654e-05,-0.0005008291016006733,0.002724208017337667
650,2,-2.371935085299728e-06,-5.493445613298349e-09,1.943930588809919e-05,3.665284099735147e-06,4.94144486269791e-05,7.853410561787825e-06,1.158637663639599e-05,5.50877022691132e-05
650,3,-6.021402325947493e-10,-4.32555733834256e-09,-9.234420405110133e-25,-4.767562713698223e-08,0,-3.717846095303713e-07,-7.4354185103077e-07,8.326886084005029e-07
700,0,-6.466961155953665e-05,-2.474380753287266e-05,-2.222833381603367e-06,0.0004596778993517685,-0.001640700101392901,5.68995341754577e-06,1.155807549467557e-05,0.001705334546123104
700,1,-1.163097272257856e-05,-4.503886210676703e-06,0.00176783208362071,-2.417519460795039e-05,0.002008729437706761,0.0001004901590798934,-0.0004971577244058173,0.002723642470910699
700,2,-2.43224673680729e-06,4.151414071314755e-08,1.94391842118496e-05,3.662463257362329e-06,4.930492575839731e-05,7.385869201299057e-06,1.065147680721859e-05,5.473749897118816e-05
700,3,-6.021402325947493e-10,-4.32555733834256e-09,-9.234420405110133e-25,-4.767562713698223e-08,0,-3.717846095303713e-07,-7.4354185103077e-07,8.326886084005029e-07
750,0,-6.422775112794333e-05,-2.463908338239017e-05,-2.222778833618053e-06,0.0004596850180648271,-0.001640574384135597,8.743779947817384e-06,1.7665227037131e-05,0.00170526255129227
750,1,-1.166378617130346e-05,-4.502269336722185e-06,0.00176783194469585,-2.417639983954065e-05,0.002008377109091437,0.0001002633609199859,-0.0004976109829262329,0.002723457112114601
750,2,-1.828450011544289e-06,8.932424050715813e-08,1.943918775159938e-05,3.678105645337924e-06,4.993222882310262e-05,1.158518692563533e-05,1.905010240729091e-05,5.818171639714421e-05
750,3,-6.021402325947493e-10,-4.32555733834256e-09,-9.234420405110133e-25,-4.767562713698223e-08,0,-3.717846095303713e-07,-7.4354185103077e-07,8.326886084005029e-07
800,0,-6.447818842208679e-05,-2.467753255541007e-05,-2.222778833618053e-06,0.0004596843755952486,-0.001640574384135597,7.120057274203976e-06,1.441776991160427e-05,0.001705234283168755
800,1,-1.154203014890784e-05,-4.481866180361985e-06,0.001767831951217616,-2.417588449893877e-05,0.002008408100271944,0.0001010436092170797,-0.0004960504748361764,0.002723223561977307
800,2,-2.496183797461675e-06,-2.159521074416847e-08,1.943918154919584e-05,3.67232412542989e-06,4.989306550628166e-05,7.250698007189551e-06,1.038113219670438e-05,5.520197149178348e-05
800,3,-6.021402325947493e-10,-4.32555733834256e-09,-9.234420405110133e-25,-4.767562713698223e-08,0,-3.717846095303713e-07,-7.4354185103077e-07,8.326886084005029e-07
850,0,-6.464706536453196e-05,-2.474268645698707e-05,-2.222778833618053e-06,0.0004596833754718418,-0.001640574384135597,6.090503766924066e-06,1.235866479889128e-05,0.001705221197011673
850,1,-1.140050618224981e-05,-4.431243045155194e-06,0.001767831951217616,-2.417509228426375e-05,0.002008408100271944,0.0001019180208556324,-0.000494301651559071,0.002722937449380005
850,2,-2.709805112836092e-06,-7.252728643423729e-08,1.943912705281655e-05,3.66985843791128e-06,4.980965850663299e-05,5.952239174658968e-06,7.784276960031742e-06,5.455017896411436e-05
850,3,-2.869646543278447e-10,-4.16503208713562e-09,-9.128244969180105e-25,-4.76697011860178e-08,0,-3.699086186065651e-07,-7.397897608133069e-07,8.284993099428575e-07
900,0,-6.476428273412159e-05,-2.477576654019007e-05,-2.222778833618053e-06,0.0004596824570827979,-0.001640574384135597,5.430713072859415e-06,1.103908370508963e-05,0.001705214595561673
900,1,-1.112234547823331e-05,-4.296010031706385e-06,0.001767831951217616,-2.417330152579339e-05,0.002008408100271944,0.0001035237707720836,-0.0004910901707950374,0.002722415497812191
900,2,-2.809769516849803e-06,-1.190109226202036e-07,1.943911769113023e-05,3.669277835166463e-06,4.982080463065508e-05,5.378098144491103e-06,6.636059856344238e-06,5.435370887891131e-05
900,3,-2.869646543278447e-10,-4.16503208713562e-09,-9.128244969180105e-25,-4.76697011860178e-08,0,-3.699086186065651e-07,-7.397897608133069e-07,8.284993099428575e-07
950,0,-6.480798982914326e-05,-2.476051473285614e-05,-2.222778833618053e-06,0.0004596816972599281,-0.001640574384135597,5.195045052359958e-06,1.056774714303863e-05,0.001705212109337636
950,1,-1.106869254360592e-05,-4.275558952581164e-06,0.001767831931435478,-2.417285603602189e-05,0.002008334607556241,0.0001038215335147447,-0.0004904945345654317,0.002722264968054874
950,2,-2.764300885478066e-06,-1.353920556415577e-07,1.94390684273831e-05,3.668341647959951e-06,4.998654374839251e-05,5.62662198396763e-06,7.133176448663527e-06,5.459111135773863e-05
950,3,-2.869646543278447e-10,-4.16503208713562e-09,-9.128244969180105e-25,-4.76697011860178e-08,0,-3.699086186065651e-07,-7.397897608133069e-07,8.284993099428575e-07
1000,0,-6.491327442757666e-05,-2.478024278467903e-05,-2.222778833618053e-06,0.000459680064781253,-0.001640574384135597,4.655552938862978e-06,9.488779550063527e-06,0.001705208056902391
1000,1,-1.10279302367866e-05,-4.273919274174084e-06,0.001767831931435478,-2.417277559352589e-05,0.002008334607556241,0.0001040265752995502,-0.0004900844509958209,0.0027221987686241
1000,2,-2.930155768512863e-06,-1.480313061894384e-07,1.943904156457664e-05,3.665204441902061e-06,4.99320174125342e-05,4.770289414150809e-06,5.420530714123922e-06,5.427026777019602e-05
1000,3,-2.869646543278447e-10,-4.16503208713562e-09,-9.128244969180105e-25,-4.76697011860178e-08,0,-3.699086186065651e-07,-7.397897608133069e-07,8.284993099428575e-07
1050,0,-6.493570204354519e-05,-2.477324485670164e-05,-2.222778833618053e-06,0.0004596797021186194,-0.001640574384135597,4.549155967614378e-06,9.27598187655179e-06,0.001705207253353066
1050,1,-1.09461293386499e-05,-4.265330656004363e-06,0.001767831931435478,-2.417089077738018e-05,0.002008334607556241,0.0001044236306562167,-0.0004892903402824878,0.002722070757382737
1050,2,-3.076443819060243e-06,-1.603752422596853e-07,1.943902582219192e-05,3.662577782770201e-06,4.989795873813043e-05,4.055517186836691e-06,3.991002835365168e-06,5.406442487660105e-05
1050,3,-2.307118894712691e-11,-4.065723682354204e-09,-9.055033479306769e-25,-4.766381933772988e-08,0,-3.686150231880321e-07,-7.37202569976241e-07,8.256107041546207e-07
1100,0,-6.496699841213331e-05,-2.47809628909617e-05,-2.222778833618053e-06,0.0004596791165397777,-0.001640574384135597,4.401937338355323e-06,8.981544640641166e-06,0.001705206437066015
1100,1,-1.086830627086248e-05,-4.238541571729075e-06,0.00176783191927359,-2.416888653740793e-05,0.002008234450564883,0.0001047959651765227,-0.0004885456019942218,0.002721877022052184
1100,2,-2.857115411487139e-06,-1.207672091030335e-07,1.943899832727761e-05,3.666083843937454e-06,4.993020174105981e-05,5.071682752398523e-06,6.023402343126483e-06,5.435550485041164e-05
1100,3,-2.307118894712691e-11,-4.065723682354204e-09,-9.055033479306769e-25,-4.766381933772988e-08,0,-3.686150231880321e-07,-7.37202569976241e-07,8.256107041546207e-07
1150,0,-6.491322364321268e-05,-2.478107746970144e-05,-2.222772602458442e-06,0.000459680149995885,-0.001640518291994532,4.646899419606308e-06,9.471458352406913e-06,0.00170515400418519
1150,1,-1.083086612072114e-05,-4.232302737581849e-06,0.001767831914405412,-2.41682927562858e-05,0.002008211378657965,0.000104965304303927,-0.0004882069466515974,0.002721805592479055
1150,2,-2.94107644307305e-06,-1.23774298710644e-07,1.943898860060669e-05,3.66526804681491e-06,4.989655320019186e-05,4.704924553423371e-06,5.289910058439094e-06,5.421954631984574e-05
1150,3,2.800143678890686e-10,-4.009824250961162e-09,-9.055033479306769e-25,-4.766346887315838e-08,0,-3.672961130190321e-07,-7.34564749638241e-07,8.226662563965861e-07
1200,0,-6.492653925733069e-05,-2.478378704547367e-05,-2.222772602458442e-06,0.0004596801236072669,-0.001640518291994532,4.589916959165273e-06,9.357493334922351e-06,0.001705153759854444
1200,1,-1.077304573079681e-05,-4.223261650365831e-06,0.001767831914405412,-2.41681618876304e-05,0.002008211378657965,0.0001052163645051786,-0.0004877048262490943,0.002721725021814343
1200,2,-3.031384163713556e-06,-1.324405793326005e-07,1.943897988051478e-05,3.664934986894335e-06,4.987482703553211e-05,4.317438154610422e-06,4.514950352708792e-06,5.410208811532919e-05
1200,3,5.051971174214076e-10,-3.96865112323136e-09,-9.000053767097066e-25,-4.766280439228368e-08,0,-3.663246602600488e-07,-7.326218441202743e-07,8.2049757558157e-07
1250,0,-6.489129752677217e-05,-2.476691391154883e-05,-2.222772602458442e-06,0.00045968014689344,-0.001640518291994532,4.730033573772131e-06,9.637726033783452e-06,0.001705154123249507
1250,1,-1.065543819204747e-05,-4.176868510585119e-06,0.001767831914405412,-2.41676990154744e-05,0.002008211378657965,0.0001056988959502288,-0.0004867397633589939,0.002721570417070045
1250,2,-3.054314448332743e-06,-1.303587093715101e-07,1.943898047471129e-05,3.664515727892247e-06,4.989392014025315e-05,4.213903251697495e-06,4.307840315899402e-06,5.409589821162501e-05
1250,3,5.051971174214076e-10,-3.96865112323136e-09,-9.000053767097066e-25,-4.766280439228368e-08,0,-3.663246602600488e-07,-7.326218441202743e-07,8.2049757558157e-07
1300,0,-6.488712030002948e-05,-2.476711383507311e-05,-2.222772139284443e-06,0.000459680289543859,-0.001640510407821597,4.745662977195572e-06,9.668984840630335e-06,0.001705146640724951
1300,1,-1.060320554450216e-05,-4.17327060092373e-06,0.001767831926690352,-2.416723950832975e-05,0.002008228827423591,0.0001059039724824355,-0.0004863296102945804,0.002721517735598736
1300,2,-3.03896558807217e-06,-1.066356187066247e-07,1.943895069640865e-05,3.663617265846622e-06,4.987914594910744e-05,4.280595735087828e-06,4.441260813833227e-06,5.409731117832738e-05
1300,3,5.051971174214076e-10,-3.96865112323136e-09,-9.000053767097066e-25,-4.766280439228368e-08,0,-3.663246602600488e-07,-7.326218441202743e-07,8.2049757558157e-07
1350,0,-6.487840357810745e-05,-2.476655235890403e-05,-2.222772139284443e-06,0.0004596806311881077,-0.001640510407821597,4.779900815505284e-06,9.73745397684556e-06,0.001705146878249733
1350,1,-1.049320867159154e-05,-4.168379821507086e-06,0.001767831937113324,-2.416621186933967e-05,0.002008250563716611,0.000106319315465195,-0.0004854989243290614,0.00272140121546351
1350,2,-3.064127889062192e-06,-1.031164519443797e-07,1.94389357092976e-05,3.663186285162275e-06,4.984640995694877e-05,4.188176621566556e-06,4.256444253043244e-06,5.404640038598408e-05
1350,3,5.051971174214076e-10,-3.96865112323136e-09,-9.000053767097066e-25,-4.766280439228368e-08,0,-3.663246602600488e-07,-7.326218441202743e-07,8.2049757558157e-07
1400,0,-6.488869012854079e-05,-2.476808430401795e-05,-2.222772139284443e-06,0.0004596806306529007,-0.001640510407821597,4.742416293701446e-06,9.662484930968643e-06,0.001705146760639227
1400,1,-1.046379741138777e-05,-4.130974356326118e-06,0.001767831937113324,-2.41662054301796e-05,0.002008250563716611,0.0001064278444336041,-0.0004852818663922432,0.002721366572506568
1400,2,-3.192804245079158e-06,-1.258038348161202e-07,1.94389349587348e-05,3.663140435823136e-06,4.984513347072635e-05,3.719595828106913e-06,3.31928266612396e-06,5.395267349252825e-05
1400,3,5.051971174214076e-10,-3.96865112323136e-09,-9.000053767097066e-25,-4.766280439228368e-08,0,-3.663246602600488e-07,-7.326218441202743e-07,8.2049757558157e-07
1450,0,-6.49002776656584e-05,-2.477130450377385e-05,-2.222772139284443e-06,0.000459680600121531,-0.001640510407821597,4.701605573732121e-06,9.580863695853877e-06,0.00170514666660293
1450,1,-1.046379741138777e-05,-4.130974356326118e-06,0.001767831937113324,-2.41662054301796e-05,0.002008250563716611,0.0001064278444336041,-0.0004852818663922432,0.002721366572506568
1450,2,-3.255899644152862e-06,-1.366128896512809e-07,1.943893364528969e-05,3.662892298211976e-06,4.984011117403737e-05,3.496889167160602e-06,2.873871837330402e-06,5.391133945520089e-05
1450,3,5.051971174214076e-10,-3.96865112323136e-09,-9.000053767097066e-25,-4.766280439228368e-08,0,-3.663246602600488e-07,-7.326218441202743e-07,8.2049757558157e-07
1500,0,-6.490400246655951e-05,-2.477279086697432e-05,-2.222772139284443e-06,0.0004596805982831498,-0.001640510407821597,4.688939391236958e-06,9.555531338951381e-06,0.001705146652449643
1500,1,-1.045099427236235e-05,-4.112224993959743e-06,0.001767831937113324,-2.416619298665664e-05,0.002008250563716611,0.000106471750946037,-0.0004851940533673775,0.002721352554572388
1500,2,-3.337494507883625e-06,-1.620609358703853e-07,1.943893276708951e-05,3.662820816203318e-06,4.983861866805595e-05,3.220040439044503e-06,2.320174503601559e-06,5.387108016077148e-05
1500,3,5.051971174214076e-10,-3.96865112323136e-09,-9.000053767097066e-25,-4.766280439228368e-08,0,-3.663246602600488e-07,-7.326218441202743e-07,8.2049757558157e-07
1550,0,-6.489816788653574e-05,-2.477243665930249e-05,-2.222769784953809e-06,0.0004596806025435339,-0.001640506408978244,4.708192342386936e-06,9.594037241251339e-06,0.001705142848384787
1550,1,-1.045099427236235e-05,-4.112224993959743e-06,0.001767831937113324,-2.416619298665664e-05,0.002008250563716611,0.000106471750946037,-0.0004851940533673775,0.002721352554572388
1550,2,-3.38029932054413e-06,-1.844175513366033e-07,1.943893125578679e-05,3.662790249996537e-06,4.98360517121981e-05,3.080640316414e-06,2.041376018349335e-06,5.385200205359757e-05
1550,3,5.051971174214076e-10,-3.96865112323136e-09,-9.000053767097066e-25,-4.766280439228368e-08,0,-3.663246602600488e-07,-7.326218441202743e-07,8.2049757558157e-07
1600,0,-6.489792474125063e-05,-2.477226894547252e-05,-2.222769784953809e-06,0.0004596806025435339,-0.001640506408978244,4.70896063348927e-06,9.595573823456005e-06,0.001705142847461958
1600,1,-1.04265607770236e-05,-4.108066443434093e-06,0.001767831937113324,-2.416619298665664e-05,0.002008250563716611,0.0001065493668778627,-0.0004850388215037259,0.002721327820156318
1600,2,-3.436934491078773e-06,-2.119853271309321e-07,1.943893125578679e-05,3.662790249996537e-06,4.98360517121981e-05,2.900662828402492e-06,1.681421042326318e-06,5.383324817512034e-05
1600,3,6.775518472456818e-10,-3.837839517246649e-09,-9.000053767097066e-25,-4.766280439228368e-08,0,-3.657830049180492e-07,-7.315385334362751e-07,8.192879613421504e-07
1650,0,-6.489850791195319e-05,-2.477232313645104e-05,-2.222769784953809e-06,0.0004596806024241064,-0.001640506408978244,4.707165631129413e-06,9.591983819971136e-06,0.001705142845257797
1650,1,-1.038194124467975e-05,-4.093852973936037e-06,0.001767831937113324,-2.416616938287194e-05,0.002008250563716611,0.0001066856135388527,-0.0004847663281817459,0.002721284411027214
1650,2,-3.416833999277131e-06,-1.716197662122299e-07,1.943892713552872e-05,3.66278044640224e-06,4.982940795949014e-05,2.963887963615648e-06,1.807876185097712e-06,5.383321467696798e-05
1650,3,6.775518472456818e-10,-3.837839517246649e-09,-9.000053767097066e-25,-4.766280439228368e-08,0,-3.657830049180492e-07,-7.315385334362751e-07,8.192879613421504e-07
1700,0,-6.489788993763437e-05,-2.477127426810639e-05,-2.222769784953809e-06,0.0004596806026487352,-0.001640506408978244,4.709018027545499e-06,9.595688612803308e-06,0.001705142832519809
1700,1,-1.036426959461406e-05,-4.079503121662068e-06,0.001767831937113324,-2.416616418730148e-05,0.002008250563716611,0.000106738082808644,-0.0004846613896421634,0.002721267687934972
1700,2,-3.416952167037689e-06,-1.726775017951053e-07,1.943892511908103e-05,3.662772434299416e-06,4.982620392347324e-05,2.962489708037782e-06,1.805081557504491e-06,5.38300878082617e-05
1700,3,6.775518472456818e-10,-3.837839517246649e-09,-9.000053767097066e-25,-4.766280439228368e-08,0,-3.657830049180492e-07,-7.315385334362751e-07,8.192879613421504e-07
1750,0,-6.489788993763437e-05,-2.477127426810639e-05,-2.222769784953809e-06,0.0004596806026487352,-0.001640506408978244,4.709018027545499e-06,9.595688612803308e-06,0.001705142832519809
1750,1,-1.03552550685389e-05,-4.062901563631917e-06,0.001767831937113324,-2.416615295083494e-05,0.002008250563716611,0.0001067643949104395,-0.0004846087654385723,0.002721259288919657
1750,2,-3.459717148752827e-06,-1.869741667924812e-07,1.943892511908103e-05,3.662703514590326e-06,4.982620392347324e-05,2.838438473406538e-06,1.556979088242004e-06,5.381842921510745e-05
1750,3,7.866104132512952e-10,-3.8309704299174e-09,-8.982048492637343e-25,-4.766263005119116e-08,0,-3.654648644104482e-07,-7.309022524210732e-07,8.185778466990903e-07
1800,0,-6.489779690384399e-05,-2.477114849202488e-05,-2.222769784953809e-06,0.0004596806028458392,-0.001640506408978244,4.70927987457112e-06,9.596212306854552e-06,0.001705142830875199
1800,1,-1.032856348115516e-05,-4.043157842041419e-06,0.001767831937113324,-2.416611064710967e-05,0.002008250563716611,0.0001068397544669459,-0.0004844580463255594,0.002721235278983204
1800,2,-3.495435012171158e-06,-2.025532068959817e-07,1.943892511908103e-05,3.662647152967266e-06,4.982620392347324e-05,2.737752018444612e-06,1.355606178318151e-06,5.381012394825946e-05
1800,3,7.866104132512952e-10,-3.8309704299174e-09,-8.982048492637343e-25,-4.766263005119116e-08,0,-3.654648644104482e-07,-7.309022524210732e-07,8.185778466990903e-07
1850,0,-6.489779690384399e-05,-2.477114849202488e-05,-2.222769784953809e-06,0.0004596806028458392,-0.001640506408978244,4.70927987457112e-06,9.596212306854552e-06,0.001705142830875199
1850,1,-1.026915331798069e-05,-3.990545691818724e-06,0.001767831937113324,-2.416603135744588e-05,0.002008250563716611,0.000107002874463711,-0.0004841318063320294,0.002721183323965531
1850,2,-3.525499910539193e-06,-2.186159974240755e-07,1.943892511908103e-05,3.66260008625151e-06,4.982620392347324e-05,2.655319045224511e-06,1.190740231877947e-06,5.380411295343392e-05
1850,3,8.802477157062335e-10,-3.80380125597279e-09,-8.967481598123296e-25,-4.76624684091863e-08,0,-3.652074776527381e-07,-7.303874789056528e-07,8.180032553178034e-07
1900,0,-6.489680484900213e-05,-2.47691699712057e-05,-2.222769784953809e-06,0.000459680604136569,-0.001640506408978244,4.711929992229161e-06,9.601512542170635e-06,0.001705142801882468
1900,1,-1.025599914794568e-05,-3.983200245031187e-06,0.001767831937113324,-2.416600933991314e-05,0.002008250563716611,0.0001070379335522905,-0.0004840616881548705,0.002721172168223567
1900,2,-3.550998121072998e-06,-2.345632198197267e-07,1.943892511908103e-05,3.662562698365424e-06,4.982620392347324e-05,2.587285892869062e-06,1.054673927167048e-06,5.379970042362949e-05
1900,3,8.802477157062335e-10,-3.80380125597279e-09,-8.967481598123296e-25,-4.76624684091863e-08,0,-3.652074776527381e-07,-7.303874789056528e-07,8.180032553178034e-07
1950,0,-6.490130606587153e-05,-2.476932506460789e-05,-2.222769784953809e-06,0.0004596805453196533,-0.001640506408978244,4.700350378870995e-06,9.578352627227657e-06,0.001705142797385466
1950,1,-1.02288840673052e-05,-3.982588955957092e-06,0.001767831937995494,-2.416570502941686e-05,0.002008254300157733,0.0001071079027402372,-0.0004839217507719738,0.002721152684283294
1950,2,-3.467023324259566e-06,-1.773536207624494e-07,1.943892276413521e-05,3.662692805582174e-06,4.983572304855472e-05,2.805633138684038e-06,1.49136391447913e-06,5.382410033862503e-05
1950,3,8.802477157062335e-10,-3.80380125597279e-09,-8.967481598123296e-25,-4.76624684091863e-08,0,-3.652074776527381e-07,-7.303874789056528e-07,8.180032553178034e-07
2000,0,-6.490134497640241e-05,-2.476932824043963e-05,-2.222769784953809e-06,0.0004596805453196533,-0.001640506408978244,4.700251519975875e-06,9.578154909437415e-06,0.001705142797529472
2000,1,-1.021473452362538e-05,-3.981892641563228e-06,0.001767831937995494,-2.416548339904817e-05,0.002008254300157733,0.0001071441836214675,-0.0004838491890095132,0.002721141153219787
2000,2,-3.491630458701785e-06,-1.798239712462328e-07,1.943892276413521e-05,3.662634893728005e-06,4.983572304855472e-05,2.743330157572534e-06,1.36675797285336e-06,5.381917513300989e-05
2000,3,9.768596320855838e-10,-3.791189977903088e-09,-8.967481598123296e-25,-4.76624684091863e-08,0,-3.649648560646433e-07,-7.299022357294632e-07,8.174617166303269e-07
2050,0,-6.490135976752845e-05,-2.476933162736043e-05,-2.222769784953809e-06,0.0004596805453196533,-0.001640506408978244,4.700215320450546e-06,9.578082510386758e-06,0.001705142797635189
2050,1,-1.020589978004476e-05,-3.98031642143699e-06,0.001767831937995494,-2.416548339904817e-05,0.002008254300157733,0.0001071660843244438,-0.0004838053876035608,0.00272113419215217
2050,2,-3.514239282941887e-06,-1.842154356351306e-07,1.943892276413521e-05,3.662619417300415e-06,4.983572304855472e-05,2.687473678009245e-06,1.25504501372678e-06,5.3815121079667e-05
2050,3,1.069666171584723e-09,-3.774448246049629e-09,-8.967481598123296e-25,-4.76624684091863e-08,0,-3.647347952329648e-07,-7.294421140661061e-07,8.169482053147557e-07
2100,0,-6.489862808042239e-05,-2.476928980435123e-05,-2.22276971119158e-06,0.0004596805494572637,-0.001640505161138617,4.706761190132786e-06,9.591174249751238e-06,0.001705141585278326
2100,1,-1.018007271744866e-05,-3.963211297707673e-06,0.001767831937995494,-2.416546181443557e-05,0.002008254300157733,0.0001072281672191031,-0.0004836812218142421,0.002721114442604141
2100,2,-3.478845696661831e-06,-1.845734699824011e-07,1.943892325507762e-05,3.662673437397085e-06,4.985097334521786e-05,2.771832246616524e-06,1.423758952214146e-06,5.383542547241389e-05
2100,3,1.069666171584723e-09,-3.774448246049629e-09,-8.967481598123296e-25,-4.76624684091863e-08,0,-3.647347952329648e-07,-7.294421140661061e-07,8.169482053147557e-07
2150,0,-6.489861215876404e-05,-2.476928920149925e-05,-2.22276971119158e-06,0.0004596805495541574,-0.001640505161138617,4.706798883452741e-06,9.59124963639115e-06,0.00170514158521779
2150,1,-1.016498143824488e-05,-3.951791756592864e-06,0.001767831937995494,-2.416535716481921e-05,0.002008254300157733,0.0001072637339199102,-0.000483610088412628,0.002721103127285049
2150,2,-3.498279216628753e-06,-1.857912650619857e-07,1.943892314115023e-05,3.662544744430421e-06,4.985071853151932e-05,2.726090582208994e-06,1.332275632826635e-06,5.383176672836557e-05
2150,3,1.069666171584723e-09,-3.774448246049629e-09,-8.967481598123296e-25,-4.76624684091863e-08,0,-3.647347952329648e-07,-7.294421140661061e-07,8.169482053147557e-07
2200,0,-6.489830965676228e-05,-2.476867404058372e-05,-2.22276971119158e-06,0.0004596805514931911,-0.001640505161138617,4.707493295435135e-06,9.592638460355936e-06,0.001705141575020826
2200,1,-1.015191230245087e-05,-3.94046990464666e-06,0.001767831937995494,-2.416527347014235e-05,0.002008254300157733,0.0001072939514159496,-0.0004835496534205491,0.002721093512450622
2200,2,-3.515640565071896e-06,-1.884368848544358e-07,1.943892314115023e-05,3.662438550916658e-06,4.985071853151932e-05,2.686158122527871e-06,1.252410713464389e-06,5.382897493202268e-05
2200,3,1.213588562899268e-09,-3.750742193657131e-09,-8.967481598123296e-25,-4.766170927060651e-08,0,-3.644051404130623e-07,-7.287828044263012e-07,8.162123876674056e-07
2250,0,-6.489622122299028e-05,-2.476872508291208e-05,-2.222769618575069e-06,0.0004596805712065999,-0.001640503595636697,4.712258037234522e-06,9.602167943954712e-06,0.001705140062230321
2250,1,-1.012678146187005e-05,-3.926577407022347e-06,0.001767831938132456,-2.416506526503692e-05,0.002008256615247325,0.000107350611281102,-0.0004834363336902443,0.002721077205213454
2250,2,-3.521837529148576e-06,-1.887249067159098e-07,1.94389228947517e-05,3.66241619312285e-06,4.984914623380195e-05,2.672232949320432e-06,1.224560737616313e-06,5.382658943799431e-05
2250,3,1.279396548643492e-09,-3.733474504474945e-09,-8.967481598123296e-25,-4.766124023781389e-08,0,-3.642582475877404e-07,-7.284890187756574e-07,8.158844838093335e-07
2300,0,-6.489596559909591e-05,-2.476812087588185e-05,-2.222769618575069e-06,0.0004596805720872556,-0.001640503595636697,4.712823576823828e-06,9.603299023133323e-06,0.001705140051895189
2300,1,-1.011210856932712e-05,-3.907283120819795e-06,0.001767831938132456,-2.416506526503692e-05,0.002008256615247325,0.0001073827604896901,-0.000483372035273068,0.002721066968650456
2300,2,-3.53507997033742e-06,-1.921019344139838e-07,1.94389228947517e-05,3.662406614276059e-06,4.984914623380195e-05,2.643120774362433e-06,1.166336398933427e-06,5.382473824672624e-05
2300,3,1.279396548643492e-09,-3.733474504474945e-09,-8.967481598123296e-25,-4.766124023781389e-08,0,-3.642582475877404e-07,-7.284890187756574e-07,8.158844838093335e-07
2350,0,-6.489591617655663e-05,-2.476811327545444e-05,-2.222769618575069e-06,0.0004596805720872556,-0.001640503595636697,4.712930367098855e-06,9.603512603683378e-06,0.001705140051401869
2350,1,-1.01001497377505e-05,-3.904903192282776e-06,0.001767831938132456,-2.416503876805047e-05,0.002008256615247325,0.0001074084256639505,-0.0004833207049245474,0.002721058815658069
2350,2,-3.545845421974242e-06,-1.958181738998108e-07,1.94389228812463e-05,3.662388185444338e-06,4.984891809984178e-05,2.619966740109426e-06,1.120028359035966e-06,5.382313163953531e-05
2350,3,1.279396548643492e-09,-3.733474504474945e-09,-8.967481598123296e-25,-4.766124023781389e-08,0,-3.642582475877404e-07,-7.284890187756574e-07,8.158844838093335e-07
2400,0,-6.489546831380235e-05,-2.476721048676669e-05,-2.222769618575069e-06,0.0004596805720872556,-0.001640503595636697,4.713876573436682e-06,9.60540501635903e-06,0.001705140034518284
2400,1,-1.008587406490715e-05,-3.884915107392227e-06,0.001767831938132456,-2.416503876805047e-05,0.002008256615247325,0.0001074383182101895,-0.0004832609198320693,0.002721049295683979
2400,2,-3.55704869012251e-06,-2.002139297600242e-07,1.94389228812463e-05,3.662386708148152e-06,4.984891809984178e-05,2.596369154467165e-06,1.072833187751446e-06,5.382178201940526e-05
2400,3,1.279396548643492e-09,-3.733474504474945e-09,-8.967481598123296e-25,-4.766124023781389e-08,0,-3.642582475877404e-07,-7.284890187756574e-07,8.158844838093335e-07
2450,0,-6.489530885243029e-05,-2.476691695554142e-05,-2.222769618575069e-06,0.0004596805720872556,-0.001640503595636697,4.714202270683535e-06,9.606056410852735e-06,0.001705140028755857
2450,1,-1.008125175283153e-05,-3.876492803210263e-06,0.001767831938132456,-2.416503876805047e-05,0.002008256615247325,0.0001074478408967894,-0.0004832418744588695,0.002721046260143646
2450,2,-3.567018370063654e-06,-2.047957143226367e-07,1.94389228812463e-05,3.662386708148152e-06,4.984891809984178e-05,2.575804259770141e-06,1.031703398357395e-06,5.382066680868608e-05
2450,3,1.279396548643492e-09,-3.733474504474945e-09,-8.967481598123296e-25,-4.766124023781389e-08,0,-3.642582475877404e-07,-7.284890187756574e-07,8.158844838093335e-07
2500,0,-6.489517012954489e-05,-2.476683312828862e-05,-2.222769618575069e-06,0.0004596805722313828,-0.001640503595636697,4.714481604543336e-06,9.606615078572338e-06,0.001705140026217229
2500,1,-1.00517840414138e-05,-3.863358822402602e-06,0.001767831938132456,-2.416498965318184e-05,0.002008256615247325,0.0001075073788140949,-0.0004831227986242586,0.002721027339047617
2500,2,-3.568550263900436e-06,-2.043204734949928e-07,1.943892278872128e-05,3.662375741476857e-06,4.984876181533041e-05,2.57274379157513e-06,1.025582565765948e-06,5.382035765244722e-05
2500,3,1.279396548643492e-09,-3.733474504474945e-09,-8.967481598123296e-25,-4.766124023781389e-08,0,-3.642582475877404e-07,-7.284890187756574e-07,8.158844838093335e-07
2550,0,-6.489517012954489e-05,-2.476683312828862e-05,-2.222769618575069e-06,0.0004596805722313828,-0.001640503595636697,4.714481604543336e-06,9.606615078572338e-06,0.001705140026217229
2550,1,-1.004757237800658e-05,-3.86313007402046e-06,0.001767831938132456,-2.416497885263306e-05,0.002008256615247325,0.0001075157920450322,-0.0004831059721623841,0.002721024667975548
2550,2,-3.570402886688664e-06,-2.073401309473175e-07,1.943892276402295e-05,3.662371641306548e-06,4.984872012193528e-05,2.56896670338872e-06,1.018028479339402e-06,5.382012932603166e-05
2550,3,1.279396548643492e-09,-3.733474504474945e-09,-8.967481598123296e-25,-4.766124023781389e-08,0,-3.642582475877404e-07,-7.284890187756574e-07,8.158844838093335e-07
2600,0,-6.489531665528265e-05,-2.476677365846773e-05,-2.222769618575069e-06,0.0004596805714976261,-0.001640503595636697,4.714196133785291e-06,9.606044137056249e-06,0.001705140026726392
2600,1,-1.003907961507348e-05,-3.859635330368354e-06,0.001767831938132456,-2.416496125054998e-05,0.002008256615247325,0.0001075323788677346,-0.0004830727985169791,0.002721019397320501
2600,2,-3.576871018791377e-06,-2.099918669943774e-07,1.943892270130411e-05,3.662361921753348e-06,4.984852581145137e-05,2.556399634375411e-06,9.9289434713279e-07,5.381932048393583e-05
2600,3,1.279396548643492e-09,-3.733474504474945e-09,-8.967481598123296e-25,-4.766124023781389e-08,0,-3.642582475877404e-07,-7.284890187756574e-07,8.158844838093335e-07
2650,0,-6.489524504955062e-05,-2.476673059411645e-05,-2.222769618575069e-06,0.0004596805716115812,-0.001640503595636697,4.714333144030205e-06,9.606318157546077e-06,0.001705140025328934
2650,1,-1.001816827924351e-05,-3.847319047698998e-06,0.001767831938646004,-2.416494590594193e-05,0.002008257481605543,0.0001075722310158334,-0.0004829930942207814,0.002721007368575539
2650,2,-3.578194548299571e-06,-2.081951973823775e-07,1.94389226095031e-05,3.662355791256303e-06,4.984837094264927e-05,2.553821658876514e-06,9.877385109654126e-07,5.381904032675652e-05
2650,3,1.279396548643492e-09,-3.733474504474945e-09,-8.967481598123296e-25,-4.766124023781389e-08,0,-3.642582475877404e-07,-7.284890187756574e-07,8.158844838093335e-07
2700,0,-6.489531351969764e-05,-2.476697135573327e-05,-2.222769618575069e-06,0.0004596805712624557,-0.001640503595636697,4.714204262223739e-06,9.606060393933147e-06,0.001705140029529234
2700,1,-1.000799509002401e-05,-3.843566483342827e-06,0.001767831938646004,-2.416493604946492e-05,0.002008257481605543,0.0001075913017136821,-0.0004829549528250841,0.00272100130971809
2700,2,-3.584307202257539e-06,-2.106637237397561e-07,1.94389226095031e-05,3.662346670406465e-06,4.984837094264927e-05,2.542391709923475e-06,9.648786130593335e-07,5.38185002081787e-05
2700,3,1.304047033435585e-09,-3.728618120798395e-09,-8.964877822650391e-25,-4.766124023781389e-08,0,-3.642122407105622e-07,-7.283970050213009e-07,8.15781803033245e-07
2750,0,-6.489504458007561e-05,-2.476642284074332e-05,-2.222769618575069e-06,0.0004596805712624557,-0.001640503595636697,4.714699700842731e-06,9.607051271171129e-06,0.001705140018279044
2750,1,-9.995161614102867e-06,-3.839885857967463e-06,0.001767831938646004,-2.416493604946492e-05,0.002008257481605543,0.0001076148333872868,-0.0004829078894778746,0.002720993834965424
2750,2,-3.589770890576956e-06,-2.131940336855032e-07,1.94389226095031e-05,3.662346670406465e-06,4.984837094264927e-05,2.532362238000369e-06,9.448196692131206e-07,5.381804558364288e-05
2750,3,1.304047033435585e-09,-3.728618120798395e-09,-8.964877822650391e-25,-4.766124023781389e-08,0,-3.642122407105622e-07,-7.283970050213009e-07,8.15781803033245e-07
2800,0,-6.489501872927842e-05,-2.476641554286095e-05,-2.222769618575069e-06,0.0004596805712624557,-0.001640503595636697,4.714746262076879e-06,9.607144393639425e-06,0.001705140017842616
2800,1,-9.995161614102867e-06,-3.839885857967463e-06,0.001767831938646004,-2.416493604946492e-05,0.002008257481605543,0.0001076148333872868,-0.0004829078894778746,0.002720993834965424
2800,2,-3.594772082617623e-06,-2.158649057224537e-07,1.94389226095031e-05,3.662346670406465e-06,4.984837094264927e-05,2.523347632987609e-06,9.267904591876004e-07,5.381765313355909e-05
2800,3,1.352393232285976e-09,-3.713496632477772e-09,-8.96271635784434e-25,-4.766124023781389e-08,0,-3.641253872630544e-07,-7.282232981262854e-07,8.155879366623165e-07
2850,0,-6.489498794651769e-05,-2.476640732000407e-05,-2.222769618575069e-06,0.0004596805712624557,-0.001640503595636697,4.714800667804573e-06,9.607253205094813e-06,0.001705140017315143
2850,1,-9.993610570405274e-06,-3.835699060254237e-06,0.001767831938646004,-2.416493604946492e-05,0.002008257481605543,0.00010761756025736,-0.0004829024357377283,0.002720992963315505
2850,2,-3.599287205577994e-06,-2.184993649136429e-07,1.94389226095031e-05,3.662346670406465e-06,4.984837094264927e-05,2.515353284029409e-06,9.108017612712036e-07,5.381731834029791e-05
2850,3,1.352393232285976e-09,-3.713496632477772e-09,-8.96271635784434e-25,-4.766124023781389e-08,0,-3.641253872630544e-07,-7.282232981262854e-07,8.155879366623165e-07
2900,0,-6.489486415352416e-05,-2.476631340832256e-05,-2.222769618575069e-06,0.0004596805712624557,-0.001640503595636697,4.715016750704148e-06,9.607685370893962e-06,0.001705140014272252
2900,1,-9.98401693804174e-06,-3.820113861231247e-06,0.001767831938646004,-2.416493604946492e-05,0.002008257481605543,0.0001076341914625593,-0.0004828691733273296,0.002720987661023392
2900,2,-3.597997715516832e-06,-2.174752013788277e-07,1.943892259875911e-05,3.662346583194124e-06,4.984831056125213e-05,2.517519238210711e-06,9.151337705329095e-07,5.381734679509788e-05
2900,3,1.352393232285976e-09,-3.713496632477772e-09,-8.96271635784434e-25,-4.766124023781389e-08,0,-3.641253872630544e-07,-7.282232981262854e-07,8.155879366623165e-07
2950,0,-6.489484418609171e-05,-2.476631259087074e-05,-2.222769618575069e-06,0.0004596805713502408,-0.001640503595636697,4.715050824820961e-06,9.607753519127585e-06,0.001705140014002323
2950,1,-9.979451820071913e-06,-3.816303089504108e-06,0.001767831938715285,-2.416491999543666e-05,0.002008257870965641,0.0001076420063721064,-0.0004828535435082356,0.002720985461710123
2950,2,-3.593592372603194e-06,-2.163867290661972e-07,1.943892252521065e-05,3.662339693921904e-06,4.98488843293237e-05,2.525084307450324e-06,9.302640579243004e-07,5.381819284579571e-05
2950,3,1.368809408581533e-09,-3.713137707256707e-09,-8.961128730880933e-25,-4.766118024129133e-08,0,-3.640973350137455e-07,-7.281671936276677e-07,8.155253401167421e-07
3000,0,-6.489478325604809e-05,-2.476630628104197e-05,-2.222769618575069e-06,0.0004596805714214498,-0.001640503595636697,4.715153157194196e-06,9.607958183874056e-06,0.001705140013047161
3000,1,-9.972908681496932e-06,-3.811567722609588e-06,0.001767831938715285,-2.416491797289083e-05,0.002008257870965641,0.000107653006359422,-0.0004828315435336043,0.002720981962318616
3000,2,-3.592690792409062e-06,-2.164258278929933e-07,1.943892249128968e-05,3.66233699610886e-06,4.984883805830857e-05,2.526583266544853e-06,9.332620237541439e-07,5.381821200983469e-05
3000,3,1.368809408581533e-09,-3.713137707256707e-09,-8.961128730880933e-25,-4.766118024129133e-08,0,-3.640973350137455e-07,-7.281671936276677e-07,8.155253401167421e-07
3050,0,-6.4894517321555e-05,-2.476563348060241e-05,-2.222769618575069e-06,0.0004596805717686329,-0.001640503595636697,4.715592223579137e-06,9.608836316643942e-06,0.001705139999410229
3050,1,-9.972908681496932e-06,-3.811567722609588e-06,0.001767831938715285,-2.416491797289083e-05,0.002008257870965641,0.000107653006359422,-0.0004828315435336043,0.002720981962318616
3050,2,-3.595876733317481e-06,-2.16768940475342e-07,1.943892249128968e-05,3.662333626237201e-06,4.984883805830857e-05,2.521315589029952e-06,9.227266687243416e-07,5.381799723173595e-05
3050,3,1.368809408581533e-09,-3.713137707256707e-09,-8.961128730880933e-25,-4.766118024129133e-08,0,-3.640973350137455e-07,-7.281671936276677e-07,8.155253401167421e-07
3100,0,-6.489413029814476e-05,-2.476474674381625e-05,-2.222769618575069e-06,0.0004596805717686329,-0.001640503595636697,4.716224098808212e-06,9.610100067102094e-06,0.001705139980671596
3100,1,-9.966972944788262e-06,-3.810321424891326e-06,0.001767831938715285,-2.416491797289083e-05,0.002008257870965641,0.0001076626629014826,-0.0004828122304494831,0.002720978893900432
3100,2,-3.598738237983891e-06,-2.172990468160555e-07,1.943892249128968e-05,3.662333626237201e-06,4.984883805830857e-05,2.516661396387316e-06,9.134182834390707e-07,5.381781400523037e-05
3100,3,1.368809408581533e-09,-3.713137707256707e-09,-8.961128730880933e-25,-4.766118024129133e-08,0,-3.640973350137455e-07,-7.281671936276677e-07,8.155253401167421e-07
3150,0,-6.4894004794008e-05,-2.476471450108197e-05,-2.222769618575069e-06,0.0004596805717686329,-0.001640503595636697,4.716424793905476e-06,9.61050145729662e-06,0.001705139978244269
3150,1,-9.960419521946461e-06,-3.799435179093405e-06,0.001767831938715285,-2.416491797289083e-05,0.002008257870965641,0.0001076731354830883,-0.0004827912852862716,0.00272097555263104
3150,2,-3.60132363338681e-06,-2.179365422961296e-07,1.943892249128968e-05,3.662333626237201e-06,4.984883805830857e-05,2.512523212823454e-06,9.051419163113472e-07,5.381765634072342e-05
3150,3,1.380138203978321e-09,-3.71084983146917e-09,-8.960110374497325e-25,-4.766118024129133e-08,0,-3.64079341374297e-07,-7.281312063487707e-07,8.15485183044048e-07
3200,0,-6.489396646455336e-05,-2.476470123107509e-05,-2.222769618575069e-06,0.0004596805717686329,-0.001640503595636697,4.716485136245886e-06,9.610622141977441e-06,0.001705139977439919
3200,1,-9.957355929409938e-06,-3.798618887593001e-06,0.001767831938715285,-2.416491797289083e-05,0.002008257870965641,0.0001076779644033219,-0.0004827816274458045,0.002720974017766019
3200,2,-3.603654560845389e-06,-2.186420493837358e-07,1.943892249128968e-05,3.662333626237201e-06,4.984883805830857e-05,2.508851298890065e-06,8.977980884445694e-07,5.381752091803306e-05
3200,3,1.394164218518317e-09,-3.70640058366297e-09,-8.960110374497325e-25,-4.766118024129133e-08,0,-3.640573501316818e-07,-7.280872238635401e-07,8.154360973978074e-07
3250,0,-6.489388364637777e-05,-2.476467210243752e-05,-2.222769618575069e-06,0.0004596805717686329,-0.001640503595636697,4.716613725117754e-06,9.610879319721177e-06,0.001705139975670216
3250,1,-9.95578801498025e-06,-3.797999375561094e-06,0.001767831938715285,-2.416491797289083e-05,0.002008257870965641,0.0001076804005662021,-0.0004827767551200442,0.002720973243080961
3250,2,-3.605776662817151e-06,-2.193791008428349e-07,1.943892249128968e-05,3.662333626237201e-06,4.984883805830857e-05,2.505560353451488e-06,8.912161975674147e-07,5.381740334225822e-05
3250,3,1.394164218518317e-09,-3.70640058366297e-09,-8.960110374497325e-25,-4.766118024129133e-08,0,-3.640573501316818e-07,-7.280872238635401e-07,8.154360973978074e-07
3300,0,-6.489385070979378e-05,-2.476465694258737e-05,-2.222769618575069e-06,0.0004596805717686329,-0.001640503595636697,4.716664009978789e-06,9.610979889443246e-06,0.001705139974902498
3300,1,-9.953260052241523e-06,-3.794599695049508e-06,0.001767831938715285,-2.416491797289083e-05,0.002008257870965641,0.0001076842484421379,-0.0004827690593681725,0.002720972015937728
3300,2,-3.607678637554604e-06,-2.201452278457596e-07,1.943892249128968e-05,3.662333626237201e-06,4.984883805830857e-05,2.502655556621829e-06,8.854066039080961e-07,5.381730288427927e-05
3300,3,1.394164218518317e-09,-3.70640058366297e-09,-8.960110374497325e-25,-4.766118024129133e-08,0,-3.640573501316818e-07,-7.280872238635401e-07,8.154360973978074e-07
3350,0,-6.489381242463888e-05,-2.476463815058366e-05,-2.222769618575069e-06,0.0004596805717686329,-0.001640503595636697,4.716721186136046e-06,9.611094241757759e-06,0.001705139973975231
3350,1,-9.950743781705098e-06,-3.791316560013689e-06,0.001767831938715285,-2.416491797289083e-05,0.002008257870965641,0.0001076880099879475,-0.0004827615362765533,0.002720970816250013
3350,2,-3.60942190980507e-06,-2.209678819953697e-07,1.943892249128968e-05,3.662333626237201e-06,4.984883805830857e-05,2.500033181343502e-06,8.801618533514398e-07,5.381721522988231e-05
3350,3,1.405007985865655e-09,-3.701144708430696e-09,-8.960110374497325e-25,-4.766118024129133e-08,0,-3.640411218058102e-07,-7.280547672117972e-07,8.153998669653085e-07
3400,0,-6.489378500168599e-05,-2.476462520895458e-05,-2.222769618575069e-06,0.0004596805717686329,-0.001640503595636697,4.716761644903961e-06,9.611175159293589e-06,0.00170513997331163
3400,1,-9.949730949883338e-06,-3.790770640614154e-06,0.001767831938715285,-2.416491797289083e-05,0.002008257870965641,0.0001076895203246934,-0.0004827585156030617,0.002720970335626794
3400,2,-3.610969556573824e-06,-2.217559046912551e-07,1.943892249128968e-05,3.662333626237201e-06,4.984883805830857e-05,2.49773955797807e-06,8.75574606620578e-07,5.381714096444296e-05
3400,3,1.425457076965523e-09,-3.690498936261359e-09,-8.960110374497325e-25,-4.766118024129133e-08,0,-3.640108313026081e-07,-7.279941862053928e-07,8.153322391925501e-07
3450,0,-6.489310873561875e-05,-2.476446884849367e-05,-2.22276949030822e-06,0.0004596805736395195,-0.001640503236010925,4.717751543455146e-06,9.613154956395962e-06,0.001705139613713388
3450,1,-9.949730949883338e-06,-3.790770640614154e-06,0.001767831938715285,-2.416491797289083e-05,0.002008257870965641,0.0001076895203246934,-0.0004827585156030617,0.002720970335626794
3450,2,-3.604324135632819e-06,-2.18426576640833e-07,1.943892242067978e-05,3.66233104322824e-06,4.984920064088673e-05,2.507490044959942e-06,8.950751773839926e-07,5.381779172936784e-05
3450,3,1.425457076965523e-09,-3.690498936261359e-09,-8.960110374497325e-25,-4.766118024129133e-08,0,-3.640108313026081e-07,-7.279941862053928e-07,8.153322391925501e-07
3500,0,-6.489299264355813e-05,-2.476426880261285e-05,-2.22276949030822e-06,0.000459680574044756,-0.001640503236010925,4.717918486064018e-06,9.613488841613704e-06,0.001705139608843438
3500,1,-9.946931961722575e-06,-3.790513097338443e-06,0.001767831938715285,-2.416490522191581e-05,0.002008257870965641,0.0001076935299677835,-0.0004827504963168813,0.002720969060834354
3500,2,-3.605647990574865e-06,-2.185212820342614e-07,1.943892242067978e-05,3.662324885445345e-06,4.984920064088673e-05,2.505584475735391e-06,8.912640389348887e-07,5.381772837192151e-05
3500,3,1.433931459000139e-09,-3.689789171514716e-09,-8.960110374497325e-25,-4.766113754826739e-08,0,-3.6399867293527e-07,-7.279698694707167e-07,8.153051082213358e-07
3550,0,-6.489291599898077e-05,-2.476412775322339e-05,-2.22276949030822e-06,0.0004596805744011803,-0.001640503236010925,4.718026663413584e-06,9.613705196312834e-06,0.001705139605493271
3550,1,-9.945525074897232e-06,-3.78905511706801e-06,0.001767831938715285,-2.416489934434924e-05,0.002008257870965641,0.0001076955219299385,-0.0004827465123925713,0.002720968425630159
3550,2,-3.606861572626561e-06,-2.186761133594433e-07,1.943892242067978e-05,3.662319283123495e-06,4.984920064088673e-05,2.503862554566059e-06,8.878201965962237e-07,5.381767287782345e-05
3550,3,1.439929666224266e-09,-3.689026501898744e-09,-8.959628445681826e-25,-4.7661107330829e-08,0,-3.639901575928167e-07,-7.279528387858101e-07,8.152861054787695e-07
3600,0,-6.489285785145353e-05,-2.476396542065154e-05,-2.22276949030822e-06,0.0004596805745513244,-0.001640503236010925,4.718107829699508e-06,9.613867528884683e-06,0.001705139602103065
3600,1,-9.943820121816871e-06,-3.787102370625821e-06,0.001767831938715285,-2.416489293823187e-05,0.002008257870965641,0.0001076979083290347,-0.0004827417395943789,0.002720967664305485
3600,2,-3.607955774727345e-06,-2.18853994121703e-07,1.943892242067978e-05,3.662314281276485e-06,4.984920064088673e-05,2.502331732105647e-06,8.847585516753986e-07,5.381762498515545e-05
3600,3,1.445568117710141e-09,-3.688088719822243e-09,-8.959180005329812e-25,-4.766108296413869e-08,0,-3.639822339679068e-07,-7.279369915359903e-07,8.152684225367981e-07
3650,0,-6.489283478539878e-05,-2.476396048446898e-05,-2.22276949030822e-06,0.0004596805746496781,-0.001640503236010925,4.718139812581869e-06,9.613931494649405e-06,0.001705139601629209
3650,1,-9.943069999957466e-06,-3.786920745715566e-06,0.001767831938715285,-2.416488927476765e-05,0.002008257870965641,0.000107698940701536,-0.0004827396748493765,0.00272096733582427
3650,2,-3.608956543381691e-06,-2.190887194319687e-07,1.943892242067978e-05,3.662309852521438e-06,4.984920064088673e-05,2.500950997657854e-06,8.819970827798118e-07,5.381758323089381e-05
3650,3,1.445568117710141e-09,-3.688088719822243e-09,-8.959180005329812e-25,-4.766108296413869e-08,0,-3.639822339679068e-07,-7.279369915359903e-07,8.152684225367981e-07
3700,0,-6.489278622813151e-05,-2.476394715386975e-05,-2.22276949030822e-06,0.0004596805748875165,-0.001640503236010925,4.718206063436206e-06,9.61406399635808e-06,0.001705139600582167
3700,1,-9.940960172673574e-06,-3.786290733569181e-06,0.001767831938715285,-2.416488118326695e-05,0.002008257870965641,0.0001077018027071475,-0.0004827339508381534,0.002720966424931544
3700,2,-3.60983529148522e-06,-2.193210351904784e-07,1.943892242067978e-05,3.662305957336004e-06,4.984920064088673e-05,2.499755121774634e-06,8.796053310133734e-07,5.381754814271124e-05
3700,3,1.445568117710141e-09,-3.688088719822243e-09,-8.959180005329812e-25,-4.766108296413869e-08,0,-3.639822339679068e-07,-7.279369915359903e-07,8.152684225367981e-07
3750,0,-6.489273473051471e-05,-2.476392949639102e-05,-2.22276949030822e-06,0.0004596805750925743,-0.001640503236010925,4.718275075271279e-06,9.614202020028225e-06,0.001705139599390337
3750,1,-9.940411011936098e-06,-3.784877647040295e-06,0.001767831938715285,-2.416487917229453e-05,0.002008257870965641,0.0001077025436147803,-0.0004827324690228877,0.002720966187375841
3750,2,-3.610545719531829e-06,-2.195285322285606e-07,1.943892242008436e-05,3.662302899375644e-06,4.984919063055082e-05,2.49880065996826e-06,8.776964080219181e-07,5.381751167411992e-05
3750,3,1.449723295224331e-09,-3.686643051565196e-09,-8.958865194433063e-25,-4.766106585840859e-08,0,-3.639766714812747e-07,-7.279258665627261e-07,8.152560056982503e-07
3800,0,-6.489266133631496e-05,-2.4763809374945e-05,-2.22276949030822e-06,0.00045968057516355,-0.001640503236010925,4.718372245939038e-06,9.614396361363742e-06,0.001705139596236428
3800,1,-9.940411011936098e-06,-3.784877647040295e-06,0.001767831938715285,-2.416487917229453e-05,0.002008257870965641,0.0001077025436147803,-0.0004827324690228877,0.002720966187375841
3800,2,-3.611279479910599e-06,-2.197197608094758e-07,1.943892242008436e-05,3.66230172402795e-06,4.984919063055082e-05,2.497828576101764e-06,8.757522402669478e-07,5.381748480865776e-05
3800,3,1.449723295224331e-09,-3.686643051565196e-09,-8.958865194433063e-25,-4.766106585840859e-08,0,-3.639766714812747e-07,-7.279258665627261e-07,8.152560056982503e-07
3850,0,-6.489258093815294e-05,-2.476359933537788e-05,-2.22276949030822e-06,0.00045968057516355,-0.001640503236010925,4.718477265722599e-06,9.614606400930863e-06,0.001705139591601235
3850,1,-9.938686838078791e-06,-3.783661484110065e-06,0.001767831938715285,-2.416487917229453e-05,0.002008257870965641,0.0001077047931560022,-0.0004827279699404441,0.002720965470241142
3850,2,-3.611948691823718e-06,-2.199442824521117e-07,1.943892242008436e-05,3.66230172402795e-06,4.984919063055082e-05,2.496953541165301e-06,8.740021703940215e-07,5.381746157998549e-05
3850,3,1.449723295224331e-09,-3.686643051565196e-09,-8.958865194433063e-25,-4.766106585840859e-08,0,-3.639766714812747e-07,-7.279258665627261e-07,8.152560056982503e-07
3900,0,-6.489258093815294e-05,-2.476359933537788e-05,-2.22276949030822e-06,0.00045968057516355,-0.001640503236010925,4.718477265722599e-06,9.614606400930863e-06,0.001705139591601235
3900,1,-9.937258914450028e-06,-3.782288423002543e-06,0.001767831938715285,-2.416487881656413e-05,0.002008257870965641,0.0001077066349751566,-0.0004827242863021351,0.002720964882505751
3900,2,-3.612498784993287e-06,-2.200938549213933e-07,1.943892241930319e-05,3.662301515351213e-06,4.984917749836667e-05,2.49624394218061e-06,8.725829734351912e-07,5.381743098771672e-05
3900,3,1.460700015033135e-09,-3.683693414466465e-09,-8.958386547034378e-25,-4.766106378937909e-08,0,-3.639624800794362e-07,-7.27897483759049e-07,8.152243335497107e-07
3950,0,-6.489252422602311e-05,-2.476350652020448e-05,-2.22276949030822e-06,0.00045968057516355,-0.001640503236010925,4.718549485896243e-06,9.614750841278153e-06,0.001705139589109293
3950,1,-9.936800371563612e-06,-3.782049197634744e-06,0.001767831938715285,-2.416487881656413e-05,0.002008257870965641,0.0001077072192550833,-0.0004827231177422819,0.002720964696313747
3950,2,-3.613035819028581e-06,-2.202802474418375e-07,1.943892241930319e-05,3.662301505653419e-06,4.984917749836667e-05,2.495559685385706e-06,8.712144598453834e-07,5.381741389551367e-05
3950,3,1.470606986077785e-09,-3.68051146021733e-09,-8.957953549514133e-25,-4.766106378937909e-08,0,-3.639498639094947e-07,-7.278722514191661e-07,8.151961749645278e-07
4000,0,-6.489249720555117e-05,-2.476349522849468e-05,-2.22276949030822e-06,0.00045968057516355,-0.001640503236010925,4.718583361933502e-06,9.61481859335267e-06,0.001705139588392764
4000,1,-9.936440916830854e-06,-3.781852548918992e-06,0.001767831938715285,-2.416487881656413e-05,0.002008257870965641,0.0001077076738007746,-0.0004827222086508991,0.002720964551439927
4000,2,-3.613536953220338e-06,-2.204889037618658e-07,1.943892241930319e-05,3.662301505653419e-06,4.984917749836667e-05,2.49492918208506e-06,8.69953453244092e-07,5.381739876386695e-05
4000,3,1.470606986077785e-09,-3.68051146021733e-09,-8.957953549514133e-25,-4.766106378937909e-08,0,-3.639498639094947e-07,-7.278722514191661e-07,8.151961749645278e-07
4050,0,-6.489249720555117e-05,-2.476349522849468e-05,-2.22276949030822e-06,0.00045968057516355,-0.001640503236010925,4.718583361933502e-06,9.61481859335267e-06,0.001705139588392764
4050,1,-9.936069391587258e-06,-3.7816226227842e-06,0.001767831938715285,-2.416487881656413e-05,0.002008257870965641,0.0001077081338369851,-0.000482721288578478,0.002720964404745428
4050,2,-3.613989374094128e-06,-2.206969823243149e-07,1.943892241930319e-05,3.662301505653419e-06,4.984917749836667e-05,2.494367017321413e-06,8.68829123716799e-07,5.381738577470163e-05
4050,3,1.473795873529648e-09,-3.678505523834821e-09,-8.957953549514133e-25,-4.766106378937909e-08,0,-3.639459260390923e-07,-7.278643756783613e-07,8.151873814901726e-07
4100,0,-6.489240120087329e-05,-2.476332956953303e-05,-2.22276949030822e-06,0.00045968057516355,-0.001640503236010925,4.718701264706031e-06,9.61505439889773e-06,0.001705139583989217
4100,1,-9.936069391587258e-06,-3.7816226227842e-06,0.001767831938715285,-2.416487881656413e-05,0.002008257870965641,0.0001077081338369851,-0.000482721288578478,0.002720964404745428
4100,2,-3.614400182235571e-06,-2.209042272357287e-07,1.943892241930319e-05,3.662301505653419e-06,4.984917749836667e-05,2.493862820298014e-06,8.6782072967e-07,5.381737457685882e-05
4100,3,1.473795873529648e-09,-3.678505523834821e-09,-8.957953549514133e-25,-4.766106378937909e-08,0,-3.639459260390923e-07,-7.278643756783613e-07,8.151873814901726e-07
4150,0,-6.489237538958215e-05,-2.476326676833802e-05,-2.22276949030822e-06,0.00045968057516355,-0.001640503236010925,4.718732665303541e-06,9.615117200092749e-06,0.001705139582535898
4150,1,-9.935892533292068e-06,-3.781192833488475e-06,0.001767831938715285,-2.416487881656413e-05,0.002008257870965641,0.000107708348731633,-0.0004827208587891823,0.002720964335760734
4150,2,-3.614763322890242e-06,-2.210956873941882e-07,1.943892241930319e-05,3.662301505653419e-06,4.984917749836667e-05,2.493422538201674e-06,8.669401654773196e-07,5.38173651602686e-05
4150,3,1.478648731896081e-09,-3.675783406742413e-09,-8.957813246943368e-25,-4.766106378937909e-08,0,-3.639400505535062e-07,-7.27852624707189e-07,8.151742626440641e-07
4200,0,-6.48923484816274e-05,-2.47632472071681e-05,-2.22276949030822e-06,0.00045968057516355,-0.001640503236010925,4.718764918022773e-06,9.615181705531212e-06,0.001705139581680779
4200,1,-9.935651792155896e-06,-3.781015643379721e-06,0.001767831938715285,-2.416487881656413e-05,0.002008257870965641,0.000107708636492972,-0.0004827202832665044,0.002720964243924093
4200,2,-3.61509716334653e-06,-2.212921933022859e-07,1.943892241930319e-05,3.662301505653419e-06,4.984917749836667e-05,2.493022634663811e-06,8.661403584015945e-07,5.381735698748421e-05
4200,3,1.478648731896081e-09,-3.675783406742413e-09,-8.957813246943368e-25,-4.766106378937909e-08,0,-3.639400505535062e-07,-7.27852624707189e-07,8.151742626440641e-07
4250,0,-6.489229262910503e-05,-2.476320692020565e-05,-2.22276949030822e-06,0.00045968057516355,-0.001640503236010925,4.71883090664832e-06,9.615313682782308e-06,0.001705139579896963
4250,1,-9.933853747957231e-06,-3.780470436894693e-06,0.001767831938719324,-2.416487859387202e-05,0.002008257938851058,0.000107710755731675,-0.0004827160447890983,0.002720963618660861
4250,2,-3.615307525299078e-06,-2.212965505010334e-07,1.943892241711647e-05,3.662301434894751e-06,4.984914073942197e-05,2.492773586427566e-06,8.656422651574187e-07,5.381731753206927e-05
4250,3,1.481026813419646e-09,-3.673970111619337e-09,-8.957813246943368e-25,-4.766106378937909e-08,0,-3.63937230248094e-07,-7.278469840963646e-07,8.15167963254915e-07
4300,0,-6.489228673396669e-05,-2.47632067441375e-05,-2.22276949030822e-06,0.0004596805751839837,-0.001640503236010925,4.718837787061882e-06,9.61532744360943e-06,0.001705139579772203
4300,1,-9.932307204549816e-06,-3.779007869954926e-06,0.001767831938740042,-2.416487466715369e-05,0.002008257973676316,0.000107712565548195,-0.0004827124253727684,0.002720963066203706
4300,2,-3.614178872884148e-06,-2.212780727401015e-07,1.943892241130834e-05,3.662301782181567e-06,4.984913097650711e-05,2.494102122293722e-06,8.682993254147298e-07,5.38173369834965e-05
4300,3,1.483122254033894e-09,-3.673903662825974e-09,-8.957813246943368e-25,-4.766105584730727e-08,0,-3.639347863005616e-07,-7.278420962012999e-07,8.151625108814573e-07
4350,0,-6.48922685692981e-05,-2.476316476431638e-05,-2.22276949030822e-06,0.0004596805752381582,-0.001640503236010925,4.718858776972439e-06,9.615369423430543e-06,0.001705139578780672
4350,1,-9.932307204549816e-06,-3.779007869954926e-06,0.001767831938740042,-2.416487466715369e-05,0.002008257973676316,0.000107712565548195,-0.0004827124253727684,0.002720963066203706
4350,2,-3.614434883795151e-06,-2.212963132443757e-07,1.943892241130834e-05,3.662300823159956e-06,4.984913097650711e-05,2.493806102632981e-06,8.677072860932495e-07,5.381733091992266e-05
4350,3,1.483122254033894e-09,-3.673903662825974e-09,-8.957813246943368e-25,-4.766105584730727e-08,0,-3.639347863005616e-07,-7.278420962012999e-07,8.151625108814573e-07
4400,0,-6.48922592351575e-05,-2.47631636110817e-05,-2.22276949030822e-06,0.0004596805752768457,-0.001640503236010925,4.71886943894128e-06,9.615390747368227e-06,0.001705139578568879
4400,1,-9.9316282473039e-06,-3.778937381262093e-06,0.001767831938740042,-2.416487216887236e-05,0.002008257973676316,0.0001077133430915492,-0.0004827108702860601,0.002720962818505698
4400,2,-3.614660011392523e-06,-2.213171408138588e-07,1.943892241130834e-05,3.662299982564845e-06,4.984913097650711e-05,2.493548751086803e-06,8.671925830008914e-07,5.381732584784343e-05
4400,3,1.486755870852937e-09,-3.673523251074551e-09,-8.957813246943368e-25,-4.766104228850225e-08,0,-3.639306263242625e-07,-7.278337762487017e-07,8.151532290271182e-07
4450,0,-6.489225435899154e-05,-2.476316282837698e-05,-2.22276949030822e-06,0.0004596805752989125,-0.001640503236010925,4.718874968728032e-06,9.615401806941732e-06,0.001705139578455558
4450,1,-9.931221809571138e-06,-3.778868394930404e-06,0.001767831938740042,-2.416487071680762e-05,0.002008257973676316,0.0001077138006324041,-0.0004827099552043503,0.002720962672686576
4450,2,-3.614868755264904e-06,-2.213504822298003e-07,1.943892241130834e-05,3.6622992239854e-06,4.984913097650711e-05,2.493312828159602e-06,8.667207371464915e-07,5.381732142239029e-05
4450,3,1.486755870852937e-09,-3.673523251074551e-09,-8.957813246943368e-25,-4.766104228850225e-08,0,-3.639306263242625e-07,-7.278337762487017e-07,8.151532290271182e-07
4500,0,-6.489225435899154e-05,-2.476316282837698e-05,-2.22276949030822e-06,0.0004596805752989125,-0.001640503236010925,4.718874968728032e-06,9.615401806941732e-06,0.001705139578455558
4500,1,-9.931221809571138e-06,-3.778868394930404e-06,0.001767831938740042,-2.416487071680762e-05,0.002008257973676316,0.0001077138006324041,-0.0004827099552043503,0.002720962672686576
4500,2,-3.615060270631723e-06,-2.213893033803122e-07,1.943892241130834e-05,3.662298537601173e-06,4.984913097650711e-05,2.493098798107212e-06,8.66292677041711e-07,5.381731759208845e-05
4500,3,1.486755870852937e-09,-3.673523251074551e-09,-8.957813246943368e-25,-4.766104228850225e-08,0,-3.639306263242625e-07,-7.278337762487017e-07,8.151532290271182e-07
4550,0,-6.48922381536376e-05,-2.476315900065087e-05,-2.22276949030822e-06,0.0004596805753525884,-0.001640503236010925,4.718892929163238e-06,9.615437727812144e-06,0.00170513957804998
4550,1,-9.930546111274503e-06,-3.778453111434524e-06,0.001767831938740042,-2.416486834372845e-05,0.002008257973676316,0.0001077145460532446,-0.0004827084643626693,0.002720962434650422
4550,2,-3.615229837549495e-06,-2.214308028697895e-07,1.943892241130834e-05,3.662297938351937e-06,4.984913097650711e-05,2.492911393871032e-06,8.659178685693519e-07,5.381731439942587e-05
4550,3,1.486755870852937e-09,-3.673523251074551e-09,-8.957813246943368e-25,-4.766104228850225e-08,0,-3.639306263242625e-07,-7.278337762487017e-07,8.151532290271182e-07
4600,0,-6.489222668602857e-05,-2.476315579057132e-05,-2.22276949030822e-06,0.0004596805753855271,-0.001640503236010925,4.71890552584916e-06,9.615462921183986e-06,0.001705139577752748
4600,1,-9.930225381135562e-06,-3.778362911094133e-06,0.001767831938740042,-2.416486712808005e-05,0.002008257973676316,0.0001077148965952547,-0.0004827077632786491,0.002720962322846019
4600,2,-3.615383568016811e-06,-2.214747244404102e-07,1.943892241130834e-05,3.662297397993957e-06,4.984913097650711e-05,2.492743347683485e-06,8.655817761942568e-07,5.381731168000991e-05
4600,3,1.486755870852937e-09,-3.673523251074551e-09,-8.957813246943368e-25,-4.766104228850225e-08,0,-3.639306263242625e-07,-7.278337762487017e-07,8.151532290271182e-07
4650,0,-6.489222227539968e-05,-2.476315434728913e-05,-2.22276949030822e-06,0.0004596805753996697,-0.001640503236010925,4.718910287918784e-06,9.615472445323233e-06,0.001705139577634633
4650,1,-9.929985358167106e-06,-3.77828450815442e-06,0.001767831938740042,-2.41648662285617e-05,0.002008257973676316,0.0001077151556678114,-0.0004827072451335357,0.002720962240188516
4650,2,-3.615523009960095e-06,-2.215201673488475e-07,1.943892241130834e-05,3.662296906833603e-06,4.984913097650711e-05,2.492592566385167e-06,8.652802135976214e-07,5.381730936817415e-05
4650,3,1.486755870852937e-09,-3.673523251074551e-09,-8.957813246943368e-25,-4.766104228850225e-08,0,-3.639306263242625e-07,-7.278337762487017e-07,8.151532290271182e-07
4700,0,-6.489220055203338e-05,-2.476314646684706e-05,-2.22276949030822e-06,0.0004596805754709756,-0.001640503236010925,4.718933531101594e-06,9.615518931688854e-06,0.001705139577039156
4700,1,-9.929800638968927e-06,-3.778094077378558e-06,0.001767831938740042,-2.416486573882609e-05,0.002008257973676316,0.0001077153530753312,-0.0004827068503184961,0.002720962177019038
4700,2,-3.615648949720154e-06,-2.215661798343233e-07,1.943892241130834e-05,3.662296475493435e-06,4.984913097650711e-05,2.492457847922498e-06,8.650107766722816e-07,5.381730741840701e-05
4700,3,1.486755870852937e-09,-3.673523251074551e-09,-8.957813246943368e-25,-4.766104228850225e-08,0,-3.639306263242625e-07,-7.278337762487017e-07,8.151532290271182e-07
4750,0,-6.489219120765937e-05,-2.476314268095129e-05,-2.22276949030822e-06,0.0004596805754991877,-0.001640503236010925,4.718943429562596e-06,9.61553872861086e-06,0.001705139576775194
4750,1,-9.929550055512111e-06,-3.777995108802693e-06,0.001767831938740042,-2.416486484291391e-05,0.002008257973676316,0.000107715618600024,-0.0004827063192691105,0.002720962092260901
4750,2,-3.615763430975044e-06,-2.216123983364959e-07,1.943892241130834e-05,3.662296087698267e-06,4.984913097650711e-05,2.492336681195047e-06,8.647684432173804e-07,5.3817305767722e-05
4750,3,1.486755870852937e-09,-3.673523251074551e-09,-8.957813246943368e-25,-4.766104228850225e-08,0,-3.639306263242625e-07,-7.278337762487017e-07,8.151532290271182e-07
4800,0,-6.489219120765937e-05,-2.476314268095129e-05,-2.22276949030822e-06,0.0004596805754991877,-0.001640503236010925,4.718943429562596e-06,9.61553872861086e-06,0.001705139576775194
4800,1,-9.929450016470312e-06,-3.777949738094647e-06,0.001767831938740042,-2.416486449887127e-05,0.002008257973676316,0.0001077157228942711,-0.0004827061106806164,0.002720962058954336
4800,2,-3.615867417047756e-06,-2.216582773485021e-07,1.943892241130834e-05,3.662295731579349e-06,4.984913097650711e-05,2.492227770642076e-06,8.645506221114377e-07,5.381730437563654e-05
4800,3,1.486755870852937e-09,-3.673523251074551e-09,-8.957813246943368e-25,-4.766104228850225e-08,0,-3.639306263242625e-07,-7.278337762487017e-07,8.151532290271182e-07
4850,0,-6.489218000910119e-05,-2.476313727770339e-05,-2.22276949030822e-06,0.0004596805755352619,-0.001640503236010925,4.71895502778821e-06,9.615561925062086e-06,0.001705139576443175
4850,1,-9.929280305755138e-06,-3.777739892591883e-06,0.001767831938740042,-2.41648640701252e-05,0.002008257973676316,0.0001077158989080543,-0.0004827057586530499,0.002720962002557161
4850,2,-3.615958596998754e-06,-2.216998840867193e-07,1.943892241130834e-05,3.662295425798776e-06,4.984913097650711e-05,2.492133273308805e-06,8.643616274448971e-07,5.381730324069014e-05
4850,3,1.488215563527697e-09,-3.672840452015235e-09,-8.957776425660878e-25,-4.766103688539776e-08,0,-3.639291077994851e-07,-7.278307391991468e-07,8.151498386225973e-07
4900,0,-6.489217659676182e-05,-2.476313555644706e-05,-2.22276949030822e-06,0.000459680575546654,-0.001640503236010925,4.718958533376219e-06,9.615568936238104e-06,0.001705139576340625
4900,1,-9.929234217382972e-06,-3.777645294126846e-06,0.001767831938740042,-2.416486398870464e-05,0.002008257973676316,0.0001077159462072868,-0.0004827056640545849,0.002720961987347359
4900,2,-3.616042146365011e-06,-2.217428468120104e-07,1.943892241130834e-05,3.662295147747051e-06,4.984913097650711e-05,2.49204756658823e-06,8.64190214003746e-07,5.381730229089485e-05
4900,3,1.489328311906775e-09,-3.672254889967385e-09,-8.957711813124258e-25,-4.76610328789381e-08,0,-3.639279661415091e-07,-7.278284558831948e-07,8.151472893551789e-07
4950,0,-6.48921824883993e-05,-2.476313894980005e-05,-2.22276949030822e-06,0.0004596805755322961,-0.001640503236010925,4.718952566130309e-06,9.615557001746283e-06,0.001705139576526437
4950,1,-9.92903909968543e-06,-3.777473689940578e-06,0.001767831938740042,-2.416486359937827e-05,0.002008257973676316,0.0001077161439300269,-0.0004827052686091048,0.002720961924067978
4950,2,-3.61595985580269e-06,-2.216750358734734e-07,1.943892241054205e-05,3.662295354256864e-06,4.984912788876238e-05,2.492131176808892e-06,8.643574352724404e-07,5.381730019328089e-05
4950,3,1.490633910052693e-09,-3.672228478879253e-09,-8.957711813124258e-25,-4.766103092222631e-08,0,-3.639266449528061e-07,-7.278258135057888e-07,8.151443423296228e-07
5000,0,-6.489217937336835e-05,-2.4763137122646e-05,-2.22276949030822e-06,0.0004596805755322961,-0.001640503236010925,4.718955691788497e-06,9.615563253062659e-06,0.001705139576425256
5000,1,-9.928952694805515e-06,-3.777469936219921e-06,0.001767831938740042,-2.416486359937827e-05,0.002008257973676316,0.0001077162308564654,-0.0004827050947562277,0.002720961896346755
5000,2,-3.616030608145771e-06,-2.216811146666895e-07,1.943892241054205e-05,3.662295328457582e-06,4.984912788876238e-05,2.492060054321272e-06,8.642151902972016e-07,5.381729939258597e-05
5000,3,1.491083881248293e-09,-3.672203245146906e-09,-8.957686300923459e-25,-4.766103092222631e-08,0,-3.639261941702018e-07,-7.278249119405802e-07,8.151433367947657e-07
5050,0,-6.489216470379519e-05,-2.476312365314772e-05,-2.22276949030822e-06,0.0004596805755322961,-0.001640503236010925,4.718970271919411e-06,9.61559241332449e-06,0.001705139575876156
5050,1,-9.928952694805515e-06,-3.777469936219921e-06,0.001767831938740042,-2.416486359937827e-05,0.002008257973676316,0.0001077162308564654,-0.0004827050947562277,0.002720961896346755
5050,2,-3.616094319555631e-06,-2.216892435907912e-07,1.943892241054205e-05,3.662295328457582e-06,4.984912788876238e-05,2.491996646991511e-06,8.640883756376801e-07,5.381729873455448e-05
5050,3,1.491668864421623e-09,-3.672163030482746e-09,-8.957686300923459e-25,-4.766103092222631e-08,0,-3.639256094209282e-07,-7.27823742442033e-07,8.151420323971852e-07
5100,0,-6.489216470379519e-05,-2.476312365314772e-05,-2.22276949030822e-06,0.0004596805755322961,-0.001640503236010925,4.718970271919411e-06,9.61559241332449e-06,0.001705139575876156
5100,1,-9.928952694805515e-06,-3.777469936219921e-06,0.001767831938740042,-2.416486359937827e-05,0.002008257973676316,0.0001077162308564654,-0.0004827050947562277,0.002720961896346755
5100,2,-3.616151566581636e-06,-2.216969602386742e-07,1.943892241054205e-05,3.662295328457582e-06,4.984912788876238e-05,2.491940234222393e-06,8.639755500994422e-07,5.381729818936361e-05
5100,3,1.492160989033101e-09,-3.672092782646777e-09,-8.957686300923459e-25,-4.766103092222631e-08,0,-3.639251267565387e-07,-7.278227771132541e-07,8.151409555702641e-07
5150,0,-6.489215821582159e-05,-2.476312258128868e-05,-2.22276949030822e-06,0.0004596805755322961,-0.001640503236010925,4.718976592161355e-06,9.61560505380838e-06,0.001705139575702452
5150,1,-9.92892394513681e-06,-3.777413937644337e-06,0.001767831938740042,-2.416486359937827e-05,0.002008257973676316,0.0001077162588557532,-0.0004827050387576521,0.002720961887338248
5150,2,-3.616203599530963e-06,-2.217072172983555e-07,1.943892241054205e-05,3.662295328457582e-06,4.984912788876238e-05,2.491889459702753e-06,8.638740010601619e-07,5.381729774671571e-05
5150,3,1.492160989033101e-09,-3.672092782646777e-09,-8.957686300923459e-25,-4.766103092222631e-08,0,-3.639251267565387e-07,-7.278227771132541e-07,8.151409555702641e-07
5200,0,-6.489215266884869e-05,-2.476312149502514e-05,-2.22276949030822e-06,0.0004596805755322961,-0.001640503236010925,4.718981957599101e-06,9.615615784683869e-06,0.001705139575550939
5200,1,-9.928822823574294e-06,-3.777341636376272e-06,0.001767831938740042,-2.416486359937827e-05,0.002008257973676316,0.0001077163566989941,-0.0004827048430711702,0.002720961856027023
5200,2,-3.616249217574576e-06,-2.217168244952298e-07,1.943892241054205e-05,3.662295328457582e-06,4.984912788876238e-05,2.49184537995032e-06,8.63785841555297e-07,5.381729739551798e-05
5200,3,1.492825998172708e-09,-3.671970195909412e-09,-8.957649823303506e-25,-4.766103092222631e-08,0,-3.639244822227076e-07,-7.278214880455918e-07,8.151395174969224e-07
5250,0,-6.489215082881817e-05,-2.476312106125577e-05,-2.22276949030822e-06,0.0004596805755322961,-0.001640503236010925,4.718983718730911e-06,9.61561930694749e-06,0.00170513957549935
5250,1,-9.928652374365189e-06,-3.777191184826614e-06,0.001767831938740042,-2.416486359937827e-05,0.002008257973676316,0.0001077165201928358,-0.000482704516083487,0.002720961803660191
5250,2,-3.616291419497741e-06,-2.217281929336069e-07,1.943892241054205e-05,3.662295328457582e-06,4.984912788876238e-05,2.491804988241069e-06,8.637050581367939e-07,5.381729711138652e-05
5250,3,1.492825998172708e-09,-3.671970195909412e-09,-8.957649823303506e-25,-4.766103092222631e-08,0,-3.639244822227076e-07,-7.278214880455918e-07,8.151395174969224e-07
5300,0,-6.48921472903833e-05,-2.476312009407679e-05,-2.22276949030822e-06,0.0004596805755322961,-0.001640503236010925,4.718987071602557e-06,9.615626012690779e-06,0.001705139575397737
5300,1,-9.928585246043604e-06,-3.777172519295458e-06,0.001767831938740042,-2.416486359937827e-05,0.002008257973676316,0.0001077165836175374,-0.0004827043892340838,0.002720961783396813
5300,2,-3.616328867330255e-06,-2.217387145813853e-07,1.943892241054205e-05,3.662295328457582e-06,4.984912788876238e-05,2.491769483198891e-06,8.636340480524387e-07,5.381729688758708e-05
5300,3,1.492825998172708e-09,-3.671970195909412e-09,-8.957649823303506e-25,-4.766103092222631e-08,0,-3.639244822227076e-07,-7.278214880455918e-07,8.151395174969224e-07
5350,0,-6.48921472903833e-05,-2.476312009407679e-05,-2.22276949030822e-06,0.0004596805755322961,-0.001640503236010925,4.718987071602557e-06,9.615626012690779e-06,0.001705139575397737
5350,1,-9.928446570556742e-06,-3.777060867886233e-06,0.001767831938740042,-2.416486357334399e-05,0.002008257973676316,0.0001077167138100359,-0.0004827041288490867,0.002720961741696764
5350,2,-3.616313395071832e-06,-2.217333182461478e-07,1.943892241033628e-05,3.662295321776259e-06,4.984912754335126e-05,2.491784155535856e-06,8.636633929394551e-07,5.381729665546348e-05
5350,3,1.493071233095173e-09,-3.671966882627175e-09,-8.957636796123946e-25,-4.766103081991812e-08,0,-3.639242520416278e-07,-7.278210276834321e-07,8.151390041112846e-07
5400,0,-6.489214335971462e-05,-2.476311835349976e-05,-2.22276949030822e-06,0.0004596805755325282,-0.001640503236010925,4.718990732469631e-06,9.61563333442493e-06,0.001705139575274353
5400,1,-9.928446570556742e-06,-3.777060867886233e-06,0.001767831938740042,-2.416486357334399e-05,0.002008257973676316,0.0001077167138100359,-0.0004827041288490867,0.002720961741696764
5400,2,-3.616343896649194e-06,-2.217409691949518e-07,1.943892241033628e-05,3.662295321449719e-06,4.984912754335126e-05,2.491755775732586e-06,8.636066333317731e-07,5.381729651170868e-05
5400,3,1.493300151417103e-09,-3.671957328628809e-09,-8.957624721833797e-25,-4.766103081991812e-08,0,-3.639240386974321e-07,-7.278206009950409e-07,8.151385282572621e-07
5450,0,-6.489214106961743e-05,-2.47631163485129e-05,-2.22276949030822e-06,0.0004596805755325282,-0.001640503236010925,4.718992844715702e-06,9.615637558917072e-06,0.00170513957518775
5450,1,-9.928421126116345e-06,-3.777014051988541e-06,0.001767831938740042,-2.416486357334399e-05,0.002008257973676316,0.0001077167372179847,-0.0004827040820331891,0.002720961734160367
5450,2,-3.616372345474169e-06,-2.217498228953351e-07,1.943892241033628e-05,3.662295321449719e-06,4.984912754335126e-05,2.491729551316357e-06,8.635541844993165e-07,5.381729640405046e-05
5450,3,1.493511134935207e-09,-3.671941579412541e-09,-8.957613686078927e-25,-4.766103081991812e-08,0,-3.639238437034228e-07,-7.278202110070222e-07,8.151380933041159e-07
5500,0,-6.489213632059052e-05,-2.476310924183096e-05,-2.22276949030822e-06,0.0004596805755325282,-0.001640503236010925,4.71899718704582e-06,9.615646243577305e-06,0.001705139574964802
5500,1,-9.928397166283364e-06,-3.777004510403878e-06,0.001767831938740042,-2.416486357334399e-05,0.002008257973676316,0.000107716759111107,-0.0004827040382469446,0.002720961727158628
5500,2,-3.616397966238623e-06,-2.21758472155349e-07,1.943892241033628e-05,3.662295321449719e-06,4.984912754335126e-05,2.491706149126002e-06,8.635073801186047e-07,5.381729632682403e-05
5500,3,1.493511134935207e-09,-3.671941579412541e-09,-8.957613686078927e-25,-4.766103081991812e-08,0,-3.639238437034228e-07,-7.278202110070222e-07,8.151380933041159e-07
5550,0,-6.489213632059052e-05,-2.476310924183096e-05,-2.22276949030822e-06,0.0004596805755325282,-0.001640503236010925,4.71899718704582e-06,9.615646243577305e-06,0.001705139574964802
5550,1,-9.928346465841775e-06,-3.776989528707619e-06,0.001767831938740042,-2.416486357334399e-05,0.002008257973676316,0.000107716805186396,-0.0004827039460963665,0.002720961712429156
5550,2,-3.616420624680416e-06,-2.21766455877434e-07,1.943892241033628e-05,3.662295321449719e-06,4.984912754335126e-05,2.491685640131262e-06,8.634663621291243e-07,5.38172962746478e-05
5550,3,1.493511134935207e-09,-3.671941579412541e-09,-8.957613686078927e-25,-4.766103081991812e-08,0,-3.639238437034228e-07,-7.278202110070222e-07,8.151380933041159e-07
5600,0,-6.489213246058497e-05,-2.476310414644834e-05,-2.22276949030822e-06,0.0004596805755325282,-0.001640503236010925,4.719000643354127e-06,9.615653156193922e-06,0.001705139574792451
5600,1,-9.928283503197498e-06,-3.77691689045012e-06,0.001767831938740042,-2.416486357334399e-05,0.002008257973676316,0.0001077168617738808,-0.000482703832921397,0.002720961694261301
5600,2,-3.616441286100917e-06,-2.217747769370306e-07,1.943892241033628e-05,3.662295321449719e-06,4.984912754335126e-05,2.491667106784601e-06,8.634292954358035e-07,5.381729624457771e-05
5600,3,1.493511134935207e-09,-3.671941579412541e-09,-8.957613686078927e-25,-4.766103081991812e-08,0,-3.639238437034228e-07,-7.278202110070222e-07,8.151380933041159e-07
5650,0,-6.489213053587053e-05,-2.476310374070955e-05,-2.22276949030822e-06,0.0004596805755325282,-0.001640503236010925,4.71900236047522e-06,9.61565659043611e-06,0.001705139574737429
5650,1,-9.928264788299308e-06,-3.776912749520486e-06,0.001767831938740042,-2.416486357334399e-05,0.002008257973676316,0.0001077168784241461,-0.0004827037996208664,0.002720961688938836
5650,2,-3.616459755340568e-06,-2.21782854603548e-07,1.943892241033628e-05,3.662295321449719e-06,4.984912754335126e-05,2.491650687726616e-06,8.63396457319833e-07,5.3817296231961e-05
5650,3,1.493511134935207e-09,-3.671941579412541e-09,-8.957613686078927e-25,-4.766103081991812e-08,0,-3.639238437034228e-07,-7.278202110070222e-07,8.151380933041159e-07
5700,0,-6.489212316106044e-05,-2.476309203413354e-05,-2.22276949030822e-06,0.0004596805755325282,-0.001640503236010925,4.719008837948075e-06,9.615669545381818e-06,0.00170513957437774
5700,1,-9.92821838134838e-06,-3.776845242247821e-06,0.001767831938740042,-2.416486357334399e-05,0.002008257973676316,0.0001077169192558068,-0.000482703717957545,0.002720961675805009
5700,2,-3.616476556174618e-06,-2.217906041151514e-07,1.943892241033628e-05,3.662295321449719e-06,4.984912754335126e-05,2.491635882606526e-06,8.633668470796531e-07,5.381729623241446e-05
5700,3,1.493688195270548e-09,-3.671848301986554e-09,-8.957613686078927e-25,-4.766103081991812e-08,0,-3.639236873449493e-07,-7.278198982900753e-07,8.151377441824877e-07
5750,0,-6.489212227964706e-05,-2.476309178606035e-05,-2.22276949030822e-06,0.0004596805755325282,-0.001640503236010925,4.719009609628496e-06,9.61567108874266e-06,0.001705139574351432
5750,1,-9.928202834744881e-06,-3.776836718168458e-06,0.001767831938740042,-2.416486357334399e-05,0.002008257973676316,0.000107716932869295,-0.0004827036907305686,0.002720961671445263
5750,2,-3.616491502753095e-06,-2.21797981482347e-07,1.943892241033628e-05,3.662295321449719e-06,4.984912754335126e-05,2.491622826806915e-06,8.633407354804299e-07,5.381729624387097e-05
5750,3,1.493963862802555e-09,-3.67172430897505e-09,-8.95760789918277e-25,-4.766103081991812e-08,0,-3.639234466818083e-07,-7.278194169637932e-07,8.151372069170468e-07
5800,0,-6.489211711110715e-05,-2.476308777556552e-05,-2.22276949030822e-06,0.0004596805755325282,-0.001640503236010925,4.719014080883861e-06,9.615680031253388e-06,0.001705139574159295
5800,1,-9.928140800915037e-06,-3.776782057245676e-06,0.001767831938740042,-2.416486357334399e-05,0.002008257973676316,0.0001077169864987526,-0.0004827035834716532,0.002720961654238187
5800,2,-3.616504759424346e-06,-2.218048412092181e-07,1.943892241033628e-05,3.662295321449719e-06,4.984912754335126e-05,2.49161134668046e-06,8.633177752275218e-07,5.381729626315634e-05
5800,3,1.493963862802555e-09,-3.67172430897505e-09,-8.95760789918277e-25,-4.766103081991812e-08,0,-3.639234466818083e-07,-7.278194169637932e-07,8.151372069170468e-07
5850,0,-6.489211579219293e-05,-2.476308634574331e-05,-2.22276949030822e-06,0.0004596805755325282,-0.001640503236010925,4.719015216117302e-06,9.615682301720269e-06,0.001705139574104282
5850,1,-9.928117130410052e-06,-3.776751419747444e-06,0.001767831938740042,-2.416486357334399e-05,0.002008257973676316,0.000107717006806101,-0.0004827035428569565,0.002720961647708096
5850,2,-3.616516729419837e-06,-2.218111735506802e-07,1.943892241033628e-05,3.662295321449719e-06,4.984912754335126e-05,2.491601070255484e-06,8.63297222377569e-07,5.381729628816592e-05
5850,3,1.494165389575841e-09,-3.67165407514393e-09,-8.957598093801023e-25,-4.766103081991812e-08,0,-3.639232734276247e-07,-7.278190704554261e-07,8.151368202293123e-07
5900,0,-6.489211579219293e-05,-2.476308634574331e-05,-2.22276949030822e-06,0.0004596805755325282,-0.001640503236010925,4.719015216117302e-06,9.615682301720269e-06,0.001705139574104282
5900,1,-9.928088701139914e-06,-3.776733022294553e-06,0.001767831938740042,-2.416486357334399e-05,0.002008257973676316,0.0001077170310413198,-0.0004827034943865188,0.002720961639939506
5900,2,-3.616527678952222e-06,-2.218174503715206e-07,1.943892241033628e-05,3.662295321449719e-06,4.984912754335126e-05,2.491591750030291e-06,8.632785819271834e-07,5.381729631933063e-05
5900,3,1.494165389575841e-09,-3.67165407514393e-09,-8.957598093801023e-25,-4.766103081991812e-08,0,-3.639232734276247e-07,-7.278190704554261e-07,8.151368202293123e-07
5950,0,-6.489211389100042e-05,-2.476308507425345e-05,-2.22276949030822e-06,0.0004596805755325282,-0.001640503236010925,4.719016824539613e-06,9.615685518564894e-06,0.001705139574036055
5950,1,-9.92806751528648e-06,-3.776724118005049e-06,0.001767831938740042,-2.416486357334399e-05,0.002008257973676316,0.0001077170488967452,-0.0004827034586756682,0.002720961634221534
5950,2,-3.616537345982329e-06,-2.21823266540698e-07,1.943892241033628e-05,3.662295321449719e-06,4.984912754335126e-05,2.49158359090619e-06,8.632622636789813e-07,5.381729635342821e-05
5950,3,1.494385135939649e-09,-3.671504677286698e-09,-8.957598093801023e-25,-4.766103081991812e-08,0,-3.63923087929293e-07,-7.278186994587626e-07,8.151364058868819e-07
6000,0,-6.489210992031135e-05,-2.476308070130169e-05,-2.22276949030822e-06,0.0004596805755325282,-0.001640503236010925,4.719020151790699e-06,9.615692173067068e-06,0.001705139573868171
6000,1,-9.928057971871399e-06,-3.776708140414086e-06,0.001767831938740042,-2.416486357334399e-05,0.002008257973676316,0.0001077170568855407,-0.0004827034426980772,0.002720961631646342
6000,2,-3.616545884813859e-06,-2.218282885121773e-07,1.943892241033628e-05,3.662295321449719e-06,4.984912754335126e-05,2.491576444120825e-06,8.632479701082514e-07,5.381729638778997e-05
6000,3,1.494385135939649e-09,-3.671504677286698e-09,-8.957598093801023e-25,-4.766103081991812e-08,0,-3.63923087929293e-07,-7.278186994587626e-07,8.151364058868819e-07
6050,0,-6.489210992031135e-05,-2.476308070130169e-05,-2.22276949030822e-06,0.0004596805755325282,-0.001640503236010925,4.719020151790699e-06,9.615692173067068e-06,0.001705139573868171
6050,1,-9.928038719038169e-06,-3.776696174310264e-06,0.001767831938740042,-2.416486357334399e-05,0.002008257973676316,0.0001077170728389442,-0.0004827034107912702,0.002720961626530721
6050,2,-3.616553574897447e-06,-2.218331659585227e-07,1.943892241033628e-05,3.662295321449719e-06,4.984912754335126e-05,2.491570061155352e-06,8.632352041773046e-07,5.381729642439211e-05
6050,3,1.49454942255913e-09,-3.671403218662134e-09,-8.957594826388543e-25,-4.766103081991812e-08,0,-3.639229512592223e-07,-7.278184261186213e-07,8.151361006539933e-07
6100,0,-6.4892107127987e-05,-2.476307873852989e-05,-2.22276949030822e-06,0.0004596805755325282,-0.001640503236010925,4.719022449749803e-06,9.615696768985274e-06,0.001705139573765677
6100,1,-9.928030663776811e-06,-3.776690109412512e-06,0.001767831938740042,-2.416486357334399e-05,0.002008257973676316,0.0001077170794742501,-0.0004827033975206583,0.00272096162440136
6100,2,-3.616560581659154e-06,-2.21837890528766e-07,1.943892241033628e-05,3.662295321449719e-06,4.984912754335126e-05,2.491564293415573e-06,8.63223668697745e-07,5.381729646266892e-05
6100,3,1.494634651355941e-09,-3.671338795601833e-09,-8.957594826388543e-25,-4.766103081991812e-08,0,-3.639228809616334e-07,-7.278182855234435e-07,8.151359436007041e-07
6150,0,-6.489210510422222e-05,-2.476307677604686e-05,-2.22276949030822e-06,0.0004596805755325282,-0.001640503236010925,4.71902409993213e-06,9.615700069349928e-06,0.001705139573683337
6150,1,-9.928022287501165e-06,-3.776679682749354e-06,0.001767831938740042,-2.416486357334399e-05,0.002008257973676316,0.0001077170862864456,-0.0004827033838962672,0.002720961622209014
6150,2,-3.616567009737118e-06,-2.218423910886124e-07,1.943892241033628e-05,3.662295321449719e-06,4.984912754335126e-05,2.491559045175948e-06,8.632131722184955e-07,5.381729650185505e-05
6150,3,1.494634651355941e-09,-3.671338795601833e-09,-8.957594826388543e-25,-4.766103081991812e-08,0,-3.639228809616334e-07,-7.278182855234435e-07,8.151359436007041e-07
6200,0,-6.489210419293019e-05,-2.47630753040843e-05,-2.22276949030822e-06,0.0004596805755325282,-0.001640503236010925,4.719024835913414e-06,9.615701541312495e-06,0.001705139573637617
6200,1,-9.927995255310364e-06,-3.776654026783925e-06,0.001767831938740042,-2.416486357334399e-05,0.002008257973676316,0.0001077171081480456,-0.0004827033401730672,0.002720961615183653
6200,2,-3.616572821040621e-06,-2.218466285925199e-07,1.943892241033628e-05,3.662295321449719e-06,4.984912754335126e-05,2.491554338849347e-06,8.632037595652959e-07,5.381729654098544e-05
6200,3,1.494634651355941e-09,-3.671338795601833e-09,-8.957594826388543e-25,-4.766103081991812e-08,0,-3.639228809616334e-07,-7.278182855234435e-07,8.151359436007041e-07
6250,0,-6.489210296090787e-05,-2.476307395794443e-05,-2.22276949030822e-06,0.0004596805755325282,-0.001640503236010925,4.719025824471889e-06,9.615703518429444e-06,0.001705139573585066
6250,1,-9.927982236481578e-06,-3.77663543045741e-06,0.001767831938740042,-2.416486357334399e-05,0.002008257973676316,0.0001077171185864908,-0.000482703319296177,0.002720961611819979
6250,2,-3.616578038851691e-06,-2.218505695997419e-07,1.943892241033628e-05,3.662295321449719e-06,4.984912754335126e-05,2.491550147147652e-06,8.631953761619054e-07,5.381729657934708e-05
6250,3,1.494695670542891e-09,-3.671286905095851e-09,-8.957594826388543e-25,-4.766103081991812e-08,0,-3.639228320993761e-07,-7.278181877989288e-07,8.151358344077701e-07
6300,0,-6.489210176996099e-05,-2.476307264258577e-05,-2.22276949030822e-06,0.0004596805755325282,-0.001640503236010925,4.71902677025811e-06,9.615705410001887e-06,0.001705139573533925
6300,1,-9.927976732917407e-06,-3.776626657040912e-06,0.001767831938740042,-2.416486357334399e-05,0.002008257973676316,0.000107717122973199,-0.0004827033105227605,0.002720961610404962
6300,2,-3.616582746137014e-06,-2.218542470196854e-07,1.943892241033628e-05,3.662295321449719e-06,4.984912754335126e-05,2.491546395743526e-06,8.631878733536532e-07,5.38172966168249e-05
6300,3,1.494695670542891e-09,-3.671286905095851e-09,-8.957594826388543e-25,-4.766103081991812e-08,0,-3.639228320993761e-07,-7.278181877989288e-07,8.151358344077701e-07
6350,0,-6.489209996365976e-05,-2.476307007483899e-05,-2.22276949030822e-06,0.0004596805755325282,-0.001640503236010925,4.719028196670393e-06,9.615708262826453e-06,0.001705139573447928
6350,1,-9.92797343691378e-06,-3.776621442670356e-06,0.001767831938740042,-2.416486357334399e-05,0.002008257973676316,0.0001077171255803843,-0.00048270330530839,0.002720961609563873
6350,2,-3.616587027693808e-06,-2.218577048804263e-07,1.943892241033628e-05,3.662295321449719e-06,4.984912754335126e-05,2.491543010579946e-06,8.631811030264922e-07,5.381729665349402e-05
6350,3,1.494695670542891e-09,-3.671286905095851e-09,-8.957594826388543e-25,-4.766103081991812e-08,0,-3.639228320993761e-07,-7.278181877989288e-07,8.151358344077701e-07
6400,0,-6.489209927895492e-05,-2.47630689984283e-05,-2.22276949030822e-06,0.0004596805755325282,-0.001640503236010925,4.719028734875738e-06,9.615709339237142e-06,0.001705139573413798
6400,1,-9.927963669576075e-06,-3.77661063575481e-06,0.001767831938740042,-2.416486357334399e-05,0.002008257973676316,0.0001077171332443346,-0.0004827032899804893,0.002720961607097439
6400,2,-3.616590869868588e-06,-2.218608961132002e-07,1.943892241033628e-05,3.662295321449719e-06,4.984912754335126e-05,2.491539996636742e-06,8.631750751400859e-07,5.381729668863267e-05
6400,3,1.494695670542891e-09,-3.671286905095851e-09,-8.957594826388543e-25,-4.766103081991812e-08,0,-3.639228320993761e-07,-7.278181877989288e-07,8.151358344077701e-07
6450,0,-6.489209785023428e-05,-2.476306726168352e-05,-2.22276949030822e-06,0.0004596805755325282,-0.001640503236010925,4.719029849118018e-06,9.615711567721705e-06,0.001705139573349854
6450,1,-9.927950482297337e-06,-3.776596710163973e-06,0.001767831938740042,-2.416486357334399e-05,0.002008257973676316,0.0001077171435153713,-0.0004827032694384159,0.002720961603792404
6450,2,-3.61659426611421e-06,-2.218638014904323e-07,1.943892241033628e-05,3.662295321449719e-06,4.984912754335126e-05,2.491537353262665e-06,8.631697883919302e-07,5.381729672167013e-05
6450,3,1.494727316436379e-09,-3.671264569977291e-09,-8.957593437362233e-25,-4.766103081991812e-08,0,-3.639228075562603e-07,-7.278181387126973e-07,8.151357795796701e-07
6500,0,-6.489209742944736e-05,-2.476306685885576e-05,-2.22276949030822e-06,0.0004596805755325282,-0.001640503236010925,4.719030173899522e-06,9.615712217284713e-06,0.001705139573332552
6500,1,-9.927946021814039e-06,-3.776590508786381e-06,0.001767831938740042,-2.416486357334399e-05,0.002008257973676316,0.0001077171469512697,-0.0004827032625666191,0.002720961602684473
6500,2,-3.616597288756904e-06,-2.218663971673247e-07,1.943892241033628e-05,3.662295321449719e-06,4.984912754335126e-05,2.491535018904922e-06,8.631651196764459e-07,5.381729675254397e-05
6500,3,1.494727316436379e-09,-3.671264569977291e-09,-8.957593437362233e-25,-4.766103081991812e-08,0,-3.639228075562603e-07,-7.278181387126973e-07,8.151357795796701e-07
6550,0,-6.48920970002803e-05,-2.476306644068418e-05,-2.22276949030822e-06,0.0004596805755325282,-0.001640503236010925,4.719030504028033e-06,9.615712877541734e-06,0.001705139573314783
6550,1,-9.927938915651797e-06,-3.776583581550624e-06,0.001767831938740042,-2.416486357334399e-05,0.002008257973676316,0.0001077171524045482,-0.0004827032516600622,0.002720961600929972
6550,2,-3.616600065117387e-06,-2.218689046470186e-07,1.943892241033628e-05,3.662295321449719e-06,4.984912754335126e-05,2.491532891176912e-06,8.631608642204244e-07,5.38172967826988e-05
6550,3,1.494763215259062e-09,-3.671229059076045e-09,-8.957593437362233e-25,-4.766103081991812e-08,0,-3.639227800770636e-07,-7.278180837543037e-07,8.151357181460622e-07
6600,0,-6.48920962032917e-05,-2.476306548515323e-05,-2.22276949030822e-06,0.0004596805755325282,-0.001640503236010925,4.719031109445683e-06,9.615714088377033e-06,0.001705139573279079
6600,1,-9.927935660172276e-06,-3.776578617415948e-06,0.001767831938740042,-2.416486357334399e-05,0.002008257973676316,0.0001077171548866155,-0.0004827032466959275,0.002720961600128818
6600,2,-3.616602601997912e-06,-2.218712667318868e-07,1.943892241033628e-05,3.662295321449719e-06,4.984912754335126e-05,2.491530961735791e-06,8.631570053381837e-07,5.381729681170191e-05
6600,3,1.494763215259062e-09,-3.671229059076045e-09,-8.957593437362233e-25,-4.766103081991812e-08,0,-3.639227800770636e-07,-7.278180837543037e-07,8.151357181460622e-07
6650,0,-6.489209468921495e-05,-2.476306356263186e-05,-2.22276949030822e-06,0.0004596805755325282,-0.001640503236010925,4.719032251959988e-06,9.615716373405642e-06,0.001705139573209586
6650,1,-9.92790550643161e-06,-3.776543651224535e-06,0.001767831938740042,-2.416486357334399e-05,0.002008257973676316,0.0001077171776725849,-0.0004827032011239887,0.002720961592787774
6650,2,-3.616604802999034e-06,-2.218733686756979e-07,1.943892241033628e-05,3.662295321449719e-06,4.984912754335126e-05,2.491529300476763e-06,8.631536828201267e-07,5.381729683807978e-05
6650,3,1.494794820213401e-09,-3.671196801506077e-09,-8.957593437362233e-25,-4.766103081991812e-08,0,-3.639227561375435e-07,-7.278180358752636e-07,8.151356646205585e-07
6700,0,-6.489209437779513e-05,-2.476306323669066e-05,-2.22276949030822e-06,0.0004596805755325282,-0.001640503236010925,4.719032485268208e-06,9.615716840022083e-06,0.001705139573196278
6700,1,-9.92789431006913e-06,-3.776529006859518e-06,0.001767831938740042,-2.416486357334399e-05,0.002008257973676316,0.0001077171860566681,-0.0004827031843558222,0.002720961590083804
6700,2,-3.616606819763132e-06,-2.21875335869543e-07,1.943892241033628e-05,3.662295321449719e-06,4.984912754335126e-05,2.491527789608923e-06,8.631506610844463e-07,5.381729686330814e-05
6700,3,1.494821336066552e-09,-3.671168617905795e-09,-8.957593437362233e-25,-4.766103081991812e-08,0,-3.639227363377726e-07,-7.278179962757218e-07,8.15135620344887e-07
6750,0,-6.489209311319324e-05,-2.476306164778752e-05,-2.22276949030822e-06,0.0004596805755325282,-0.001640503236010925,4.719033426070806e-06,9.615718721627279e-06,0.001705139573138291
6750,1,-9.927890207192127e-06,-3.776524524459215e-06,0.001767831938740042,-2.416486357334399e-05,0.002008257973676316,0.0001077171891109214,-0.0004827031782473157,0.002720961589099865
6750,2,-3.61660864217938e-06,-2.218771586706936e-07,1.943892241033628e-05,3.662295321449719e-06,4.984912754335126e-05,2.491526434448641e-06,8.631479507638832e-07,5.381729688708435e-05
6750,3,1.494846143853023e-09,-3.671141860373378e-09,-8.957593437362233e-25,-4.766103081991812e-08,0,-3.639227179125004e-07,-7.278179594251776e-07,8.151355791406855e-07
6800,0,-6.489209257639497e-05,-2.476306111630665e-05,-2.22276949030822e-06,0.0004596805755325282,-0.001640503236010925,4.719033821963409e-06,9.615719513412486e-06,0.001705139573115704
6800,1,-9.927885309812845e-06,-3.776519169958719e-06,0.001767831938740042,-2.416486357334399e-05,0.002008257973676316,0.0001077171927262907,-0.0004827031710165771,0.002720961587934944
6800,2,-3.61661027705752e-06,-2.218788242983148e-07,1.943892241033628e-05,3.662295321449719e-06,4.984912754335126e-05,2.491525227724288e-06,8.631455373151754e-07,5.381729690924334e-05
6800,3,1.494846143853023e-09,-3.671141860373378e-09,-8.957593437362233e-25,-4.766103081991812e-08,0,-3.639227179125004e-07,-7.278179594251776e-07,8.151355791406855e-07
6850,0,-6.489209230365661e-05,-2.476306071704102e-05,-2.22276949030822e-06,0.0004596805755325282,-0.001640503236010925,4.719034021596223e-06,9.615719912678113e-06,0.00170513957310233
6850,1,-9.92788336187215e-06,-3.776516990822487e-06,0.001767831938740042,-2.416486357334399e-05,0.002008257973676316,0.0001077171941500158,-0.0004827031681691269,0.002720961587476032
6850,2,-3.616611779166951e-06,-2.218803906362642e-07,1.943892241033628e-05,3.662295321449719e-06,4.984912754335126e-05,2.491524127109776e-06,8.631433360861519e-07,5.381729693038704e-05
6850,3,1.494846143853023e-09,-3.671141860373378e-09,-8.957593437362233e-25,-4.766103081991812e-08,0,-3.639227179125004e-07,-7.278179594251776e-07,8.151355791406855e-07
6900,0,-6.489209171646847e-05,-2.476305986163297e-05,-2.22276949030822e-06,0.0004596805755325282,-0.001640503236010925,4.719034449300248e-06,9.615720768086163e-06,0.001705139573073569
6900,1,-9.927876316731223e-06,-3.776508661919214e-06,0.001767831938740042,-2.416486357334399e-05,0.002008257973676316,0.0001077171992645238,-0.000482703157940111,0.002720961585826594
6900,2,-3.616613109040078e-06,-2.218818068759102e-07,1.943892241033628e-05,3.662295321449719e-06,4.984912754335126e-05,2.491523159725657e-06,8.631414013179147e-07,5.381729694977916e-05
6900,3,1.494864454233495e-09,-3.671120839458464e-09,-8.957593437362233e-25,-4.766103081991812e-08,0,-3.639227046364125e-07,-7.278179328730017e-07,8.151355494444972e-07
6950,0,-6.489209144747355e-05,-2.476305947240575e-05,-2.22276949030822e-06,0.0004596805755325282,-0.001640503236010925,4.719034643913857e-06,9.615721157313381e-06,0.001705139573060413
6950,1,-9.927870509545241e-06,-3.776501498446034e-06,0.001767831938740042,-2.416486357334399e-05,0.002008257973676316,0.0001077172034600272,-0.000482703149549104,0.002720961584472976
6950,2,-3.616614309172283e-06,-2.218831063171286e-07,1.943892241033628e-05,3.662295321449719e-06,4.984912754335126e-05,2.491522293097794e-06,8.631396680621877e-07,5.381729696786762e-05
6950,3,1.494864454233495e-09,-3.671120839458464e-09,-8.957593437362233e-25,-4.766103081991812e-08,0,-3.639227046364125e-07,-7.278179328730017e-07,8.151355494444972e-07
7000,0,-6.48920909994228e-05,-2.476305883086686e-05,-2.22276949030822e-06,0.0004596805755325282,-0.001640503236010925,4.719034964683302e-06,9.615721798852269e-06,0.00170513957303855
7000,1,-9.927862921180044e-06,-3.776492181872988e-06,0.001767831938740042,-2.416486357334399e-05,0.002008257973676316,0.0001077172088915186,-0.0004827031386861213,0.002720961582720268
7000,2,-3.616615352803093e-06,-2.218842511802131e-07,1.943892241033628e-05,3.662295321449719e-06,4.984912754335126e-05,2.491521544848886e-06,8.631381715643718e-07,5.381729698407937e-05
7000,3,1.494864454233495e-09,-3.671120839458464e-09,-8.957593437362233e-25,-4.766103081991812e-08,0,-3.639227046364125e-07,-7.278179328730017e-07,8.151355494444972e-07
7050,0,-6.489209036083809e-05,-2.476305796390809e-05,-2.22276949030822e-06,0.0004596805755325282,-0.001640503236010925,4.719035420102965e-06,9.615722709691597e-06,0.001705139573008054
7050,1,-9.927859264143682e-06,-3.776487909407334e-06,0.001767831938740042,-2.416486357334399e-05,0.002008257973676316,0.0001077172114918385,-0.0004827031334854815,0.002720961581881334
7050,2,-3.61661631772828e-06,-2.218853407016184e-07,1.943892241033628e-05,3.662295321449719e-06,4.984912754335126e-05,2.49152085796314e-06,8.631367977928807e-07,5.381729699958309e-05
7050,3,1.49487505739542e-09,-3.671110424262809e-09,-8.957593011041049e-25,-4.766103081991812e-08,0,-3.639226971036177e-07,-7.278179178074121e-07,8.151355326022109e-07
7100,0,-6.48920898664316e-05,-2.476305726594383e-05,-2.22276949030822e-06,0.0004596805755325282,-0.001640503236010925,4.719035769085099e-06,9.615723407655863e-06,0.001705139572984004
7100,1,-9.927857699970614e-06,-3.77648569887445e-06,0.001767831938740042,-2.416486357334399e-05,0.002008257973676316,0.000107717212597105,-0.0004827031312749486,0.002720961581524162
7100,2,-3.616617171510992e-06,-2.218863124706989e-07,1.943892241033628e-05,3.662295321449719e-06,4.984912754335126e-05,2.491520254553917e-06,8.631355909744343e-07,5.381729701367468e-05
7100,3,1.49487505739542e-09,-3.671110424262809e-09,-8.957593011041049e-25,-4.766103081991812e-08,0,-3.639226971036177e-07,-7.278179178074121e-07,8.151355326022109e-07
7150,0,-6.489208938286014e-05,-2.476305667188515e-05,-2.22276949030822e-06,0.0004596805755325282,-0.001640503236010925,4.719036107979073e-06,9.615724085443812e-06,0.001705139572961733
7150,1,-9.927857699970614e-06,-3.77648569887445e-06,0.001767831938740042,-2.416486357334399e-05,0.002008257973676316,0.000107717212597105,-0.0004827031312749486,0.002720961581524162
7150,2,-3.616617950111606e-06,-2.218872218636602e-07,1.943892241033628e-05,3.662295321449719e-06,4.984912754335126e-05,2.491519708093931e-06,8.631344980544639e-07,5.381729702692004e-05
7150,3,1.49487505739542e-09,-3.671110424262809e-09,-8.957593011041049e-25,-4.766103081991812e-08,0,-3.639226971036177e-07,-7.278179178074121e-07,8.151355326022109e-07
7200,0,-6.489208880408347e-05,-2.476305592697016e-05,-2.22276949030822e-06,0.0004596805755325282,-0.001640503236010925,4.719036512314026e-06,9.615724894113719e-06,0.001705139572934569
7200,1,-9.927855181262722e-06,-3.776482192605136e-06,0.001767831938740042,-2.416486357334399e-05,0.002008257973676316,0.0001077172143502396,-0.0004827031277686792,0.00272096158095749
7200,2,-3.616618641571463e-06,-2.218880423712298e-07,1.943892241033628e-05,3.662295321449719e-06,4.984912754335126e-05,2.491519226188355e-06,8.631335342433098e-07,5.381729703900224e-05
7200,3,1.494882977751439e-09,-3.671102123043226e-09,-8.95759269953629e-25,-4.766103081991812e-08,0,-3.639226915995482e-07,-7.278179067992731e-07,8.151355202930782e-07
7250,0,-6.489208836692493e-05,-2.476305532072945e-05,-2.22276949030822e-06,0.0004596805755325282,-0.001640503236010925,4.719036815434382e-06,9.615725500354429e-06,0.001705139572913385
7250,1,-9.92785378112435e-06,-3.776480402942012e-06,0.001767831938740042,-2.416486357334399e-05,0.002008257973676316,0.0001077172153190594,-0.0004827031258310397,0.002720961580644511
7250,2,-3.616619276358712e-06,-2.218888082063334e-07,1.943892241033628e-05,3.662295321449719e-06,4.984912754335126e-05,2.491518786831807e-06,8.631326555302147e-07,5.381729705038524e-05
7250,3,1.494882977751439e-09,-3.671102123043226e-09,-8.95759269953629e-25,-4.766103081991812e-08,0,-3.639226915995482e-07,-7.278179067992731e-07,8.151355202930782e-07
7300,0,-6.489208785682942e-05,-2.476305466863592e-05,-2.22276949030822e-06,0.0004596805755325282,-0.001640503236010925,4.719037166238831e-06,9.615726201963329e-06,0.00170513957288943
7300,1,-9.92785146345231e-06,-3.776477316615881e-06,0.001767831938740042,-2.416486357334399e-05,0.002008257973676316,0.0001077172169098769,-0.0004827031226494046,0.002720961580130321
7300,2,-3.616619844110737e-06,-2.218895052904928e-07,1.943892241033628e-05,3.662295321449719e-06,4.984912754335126e-05,2.491518396578036e-06,8.631318750226735e-07,5.381729706082821e-05
7300,3,1.494882977751439e-09,-3.671102123043226e-09,-8.95759269953629e-25,-4.766103081991812e-08,0,-3.639226915995482e-07,-7.278179067992731e-07,8.151355202930782e-07
7350,0,-6.489208785682942e-05,-2.476305466863592e-05,-2.22276949030822e-06,0.0004596805755325282,-0.001640503236010925,4.719037166238831e-06,9.615726201963329e-06,0.00170513957288943
7350,1,-9.927849879662121e-06,-3.776475204419725e-06,0.001767831938740042,-2.416486357334399e-05,0.002008257973676316,0.0001077172179912179,-0.0004827031204867227,0.002720961579780756
7350,2,-3.61662033515772e-06,-2.218901145100189e-07,1.943892241033628e-05,3.662295321449719e-06,4.984912754335126e-05,2.491518061354249e-06,8.63131204575098e-07,5.381729707006706e-05
7350,3,1.494891107697713e-09,-3.671091408616249e-09,-8.95759269953629e-25,-4.766103081991812e-08,0,-3.63922686056151e-07,-7.278178957124787e-07,8.151355078856742e-07
7400,0,-6.489208761982493e-05,-2.476305434781748e-05,-2.22276949030822e-06,0.0004596805755325282,-0.001640503236010925,4.719037326648052e-06,9.615726522781774e-06,0.001705139572878004
7400,1,-9.927848085661353e-06,-3.776472800038031e-06,0.001767831938740042,-2.416486357334399e-05,0.002008257973676316,0.0001077172192082727,-0.0004827031180526133,0.002720961579387238
7400,2,-3.61662079383297e-06,-2.21890694530765e-07,1.943892241033628e-05,3.662295321449719e-06,4.984912754335126e-05,2.491517750353744e-06,8.631305825740886e-07,5.381729707890852e-05
7400,3,1.494898824549905e-09,-3.671081159922026e-09,-8.95759269953629e-25,-4.766103081991812e-08,0,-3.639226808144365e-07,-7.278178852290496e-07,8.151354961530308e-07
7450,0,-6.489208740759173e-05,-2.476305406269815e-05,-2.22276949030822e-06,0.0004596805755325282,-0.001640503236010925,4.719037469925766e-06,9.615726809337197e-06,0.001705139572867799
7450,1,-9.927848085661353e-06,-3.776472800038031e-06,0.001767831938740042,-2.416486357334399e-05,0.002008257973676316,0.0001077172192082727,-0.0004827031180526133,0.002720961579387238
7450,2,-3.616621200729749e-06,-2.218912150915467e-07,1.943892241033628e-05,3.662295321449719e-06,4.984912754335126e-05,2.491517476313963e-06,8.631300344945268e-07,5.381729708692193e-05
7450,3,1.494905648326948e-09,-3.671071972124741e-09,-8.95759269953629e-25,-4.766103081991812e-08,0,-3.639226762205379e-07,-7.278178760412523e-07,8.151354858695928e-07
7500,0,-6.489208704643241e-05,-2.476305359531551e-05,-2.22276949030822e-06,0.0004596805755325282,-0.001640503236010925,4.719037711279275e-06,9.615727292044216e-06,0.001705139572850657
7500,1,-9.927846484217073e-06,-3.776470657577959e-06,0.001767831938740042,-2.416486357334399e-05,0.002008257973676316,0.0001077172202795027,-0.0004827031159101532,0.002720961579040753
7500,2,-3.61662156613416e-06,-2.218916836750999e-07,1.943892241033628e-05,3.662295321449719e-06,4.984912754335126e-05,2.491517231863116e-06,8.631295455928322e-07,5.381729709425164e-05
7500,3,1.494905648326948e-09,-3.671071972124741e-09,-8.95759269953629e-25,-4.766103081991812e-08,0,-3.639226762205379e-07,-7.278178760412523e-07,8.151354858695928e-07
7550,0,-6.489208680046352e-05,-2.476305326795148e-05,-2.22276949030822e-06,0.0004596805755325282,-0.001640503236010925,4.719037874961288e-06,9.615727619408241e-06,0.001705139572838841
7550,1,-9.927845152629704e-06,-3.776468889185141e-06,0.001767831938740042,-2.416486357334399e-05,0.002008257973676316,0.0001077172211636991,-0.0004827031141417604,0.002720961578754728
7550,2,-3.616621900773832e-06,-2.218921127942628e-07,1.943892241033628e-05,3.662295321449719e-06,4.984912754335126e-05,2.491517009482372e-06,8.631291008313442e-07,5.381729710108087e-05
7550,3,1.494905648326948e-09,-3.671071972124741e-09,-8.95759269953629e-25,-4.766103081991812e-08,0,-3.639226762205379e-07,-7.278178760412523e-07,8.151354858695928e-07
7600,0,-6.489208672633883e-05,-2.476305316998071e-05,-2.22276949030822e-06,0.0004596805755325282,-0.001640503236010925,4.719037923946674e-06,9.615727717379016e-06,0.001705139572835285
7600,1,-9.927843676997364e-06,-3.776467005316692e-06,0.001767831938740042,-2.416486357334399e-05,0.002008257973676316,0.0001077172221366568,-0.000482703112195845,0.002720961578440038
7600,2,-3.616622187411913e-06,-2.218924799682295e-07,1.943892241033628e-05,3.662295321449719e-06,4.984912754335126e-05,2.491516820280003e-06,8.631287224266063e-07,5.381729710702917e-05
7600,3,1.49491093222823e-09,-3.671064986533411e-09,-8.95759269953629e-25,-4.766103081991812e-08,0,-3.639226727277422e-07,-7.27817869055661e-07,8.151354780511486e-07
7650,0,-6.489208666016407e-05,-2.476305308304592e-05,-2.22276949030822e-06,0.0004596805755325282,-0.001640503236010925,4.719037967414071e-06,9.615727804313807e-06,0.001705139572832115
7650,1,-9.927843676997364e-06,-3.776467005316692e-06,0.001767831938740042,-2.416486357334399e-05,0.002008257973676316,0.0001077172221366568,-0.000482703112195845,0.002720961578440038
7650,2,-3.616622455148167e-06,-2.218928232802952e-07,1.943892241033628e-05,3.662295321449719e-06,4.984912754335126e-05,2.491516644692331e-06,8.631283712512617e-07,5.381729711267588e-05
7650,3,1.494914394562923e-09,-3.671060763983743e-09,-8.957592571278628e-25,-4.766103081991812e-08,0,-3.639226704615197e-07,-7.278178645232161e-07,8.151354729797835e-07
7700,0,-6.489208653041817e-05,-2.476305291415143e-05,-2.22276949030822e-06,0.0004596805755325282,-0.001640503236010925,4.719038051861313e-06,9.615727973208294e-06,0.001705139572825911
7700,1,-9.927843272840457e-06,-3.776466479549933e-06,0.001767831938740042,-2.416486357334399e-05,0.002008257973676316,0.0001077172223995402,-0.0004827031116700783,0.002720961578354969
7700,2,-3.616622687817549e-06,-2.21893121292602e-07,1.943892241033628e-05,3.662295321449719e-06,4.984912754335126e-05,2.491516493091505e-06,8.6312806804961e-07,5.381729711765915e-05
7700,3,1.494914394562923e-09,-3.671060763983743e-09,-8.957592571278628e-25,-4.766103081991812e-08,0,-3.639226704615197e-07,-7.278178645232161e-07,8.151354729797835e-07
7750,0,-6.489208631678388e-05,-2.476305263762673e-05,-2.22276949030822e-06,0.0004596805755325282,-0.001640503236010925,4.719038190123664e-06,9.615728249732996e-06,0.001705139572815707
7750,1,-9.927843272840457e-06,-3.776466479549933e-06,0.001767831938740042,-2.416486357334399e-05,0.002008257973676316,0.0001077172223995402,-0.0004827031116700783,0.002720961578354969
7750,2,-3.616622898883388e-06,-2.218933916470353e-07,1.943892241033628e-05,3.662295321449719e-06,4.984912754335126e-05,2.491516356460266e-06,8.631277947871317e-07,5.381729712224979e-05
7750,3,1.494918431536852e-09,-3.671055526601894e-09,-8.957592571278628e-25,-4.766103081991812e-08,0,-3.639226678428288e-07,-7.278178592858342e-07,8.151354671181164e-07
7800,0,-6.489208604098926e-05,-2.476305228450101e-05,-2.22276949030822e-06,0.0004596805755325282,-0.001640503236010925,4.719038367216296e-06,9.615728603918257e-06,0.00170513957280257
7800,1,-9.927842471928928e-06,-3.776465451277248e-06,0.001767831938740042,-2.416486357334399e-05,0.002008257973676316,0.0001077172229136765,-0.0004827031106418055,0.002720961578188556
7800,2,-3.616623086450463e-06,-2.218936318398529e-07,1.943892241033628e-05,3.662295321449719e-06,4.984912754335126e-05,2.491516235835446e-06,8.631275535374921e-07,5.381729712639137e-05
7800,3,1.494918431536852e-09,-3.671055526601894e-09,-8.957592571278628e-25,-4.766103081991812e-08,0,-3.639226678428288e-07,-7.278178592858342e-07,8.151354671181164e-07
7850,0,-6.489208584727977e-05,-2.476305203713876e-05,-2.22276949030822e-06,0.0004596805755325282,-0.001640503236010925,4.71903849089742e-06,9.615728851280506e-06,0.001705139572793343
7850,1,-9.927841451188227e-06,-3.776464145747063e-06,0.001767831938740042,-2.416486357334399e-05,0.002008257973676316,0.0001077172235664416,-0.0004827031093362753,0.002720961577977258
7850,2,-3.616623257606015e-06,-2.218938505682818e-07,1.943892241033628e-05,3.662295321449719e-06,4.984912754335126e-05,2.491516126455871e-06,8.631273347783425e-07,5.381729713022289e-05
7850,3,1.49492175456839e-09,-3.671051272849285e-09,-8.957592571278628e-25,-4.766103081991812e-08,0,-3.639226657159525e-07,-7.278178550320816e-07,8.151354623574062e-07
7900,0,-6.489208567742481e-05,-2.476305182157951e-05,-2.22276949030822e-06,0.0004596805755325282,-0.001640503236010925,4.719038598677045e-06,9.615729066839757e-06,0.001705139572785262
7900,1,-9.927840968555141e-06,-3.776463532369675e-06,0.001767831938740042,-2.416486357334399e-05,0.002008257973676316,0.0001077172238731303,-0.0004827031087228979,0.002720961577877973
7900,2,-3.616623412822421e-06,-2.218940476917791e-07,1.943892241033628e-05,3.662295321449719e-06,4.984912754335126e-05,2.491516027894123e-06,8.631271376548452e-07,5.381729713374199e-05
7900,3,1.494924774924621e-09,-3.671047431622996e-09,-8.957592571278628e-25,-4.766103081991812e-08,0,-3.639226637953393e-07,-7.278178511908553e-07,8.151354580584227e-07
7950,0,-6.489208554493981e-05,-2.476305165428418e-05,-2.22276949030822e-06,0.0004596805755325282,-0.001640503236010925,4.71903868232471e-06,9.615729234135087e-06,0.001705139572778966
7950,1,-9.927840137586602e-06,-3.776462483798158e-06,0.001767831938740042,-2.416486357334399e-05,0.002008257973676316,0.0001077172243974161,-0.0004827031076743264,0.002720961577708222
7950,2,-3.616623551235483e-06,-2.218942223687335e-07,1.943892241033628e-05,3.662295321449719e-06,4.984912754335126e-05,2.491515940555645e-06,8.631269629778907e-07,5.381729713691893e-05
7950,3,1.494926780000129e-09,-3.671044903473319e-09,-8.957592499737866e-25,-4.766103081991812e-08,0,-3.639226625312645e-07,-7.278178486627057e-07,8.151354552290262e-07
8000,0,-6.48920854784129e-05,-2.476305157085385e-05,-2.22276949030822e-06,0.0004596805755325282,-0.001640503236010925,4.719038724039876e-06,9.615729317565418e-06,0.001705139572775808
8000,1,-9.927838640978118e-06,-3.776460608535842e-06,0.001767831938740042,-2.416486357334399e-05,0.002008257973676316,0.0001077172253350472,-0.0004827031057990641,0.002720961577404603
8000,2,-3.616623671720145e-06,-2.218943734534577e-07,1.943892241033628e-05,3.662295321449719e-06,4.984912754335126e-05,2.491515865013283e-06,8.631268118931664e-07,5.381729713971826e-05
8000,3,1.494926780000129e-09,-3.671044903473319e-09,-8.957592499737866e-25,-4.766103081991812e-08,0,-3.639226625312645e-07,-7.278178486627057e-07,8.151354552290262e-07
8050,0,-6.489208541184057e-05,-2.476305148790701e-05,-2.22276949030822e-06,0.0004596805755325282,-0.001640503236010925,4.719038765513298e-06,9.615729400512259e-06,0.001705139572772652
8050,1,-9.927837847323828e-06,-3.776459618875193e-06,0.001767831938740042,-2.416486357334399e-05,0.002008257973676316,0.0001077172258298775,-0.0004827031048094035,0.002720961577244356
8050,2,-3.616623784493742e-06,-2.218945139984041e-07,1.943892241033628e-05,3.662295321449719e-06,4.984912754335126e-05,2.49151579474081e-06,8.631266713482202e-07,5.381729714236895e-05
8050,3,1.494926780000129e-09,-3.671044903473319e-09,-8.957592499737866e-25,-4.766103081991812e-08,0,-3.639226625312645e-07,-7.278178486627057e-07,8.151354552290262e-07
8100,0,-6.489208541184057e-05,-2.476305148790701e-05,-2.22276949030822e-06,0.0004596805755325282,-0.001640503236010925,4.719038765513298e-06,9.615729400512259e-06,0.001705139572772652
8100,1,-9.927836919538822e-06,-3.776458469347717e-06,0.001767831938740042,-2.416486357334399e-05,0.002008257973676316,0.0001077172264046413,-0.0004827031036598759,0.002720961577058201
8100,2,-3.616623885983869e-06,-2.218946396971196e-07,1.943892241033628e-05,3.662295321449719e-06,4.984912754335126e-05,2.491515731891452e-06,8.631265456495045e-07,5.381729714478191e-05
8100,3,1.494926780000129e-09,-3.671044903473319e-09,-8.957592499737866e-25,-4.766103081991812e-08,0,-3.639226625312645e-07,-7.278178486627057e-07,8.151354552290262e-07
8150,0,-6.489208538007083e-05,-2.476305144889222e-05,-2.22276949030822e-06,0.0004596805755325282,-0.001640503236010925,4.719038785020688e-06,9.615729439527042e-06,0.001705139572771151
8150,1,-9.927836130926898e-06,-3.776457499041302e-06,0.001767831938740042,-2.416486357334399e-05,0.002008257973676316,0.0001077172268897945,-0.0004827031026895695,0.002720961576901049
8150,2,-3.616623976511945e-06,-2.218947511301076e-07,1.943892241033628e-05,3.662295321449719e-06,4.984912754335126e-05,2.491515676174958e-06,8.631264342165167e-07,5.381729714695841e-05
8150,3,1.494926780000129e-09,-3.671044903473319e-09,-8.957592499737866e-25,-4.766103081991812e-08,0,-3.639226625312645e-07,-7.278178486627057e-07,8.151354552290262e-07
8200,0,-6.489208535435195e-05,-2.476305141742412e-05,-2.22276949030822e-06,0.0004596805755325282,-0.001640503236010925,4.719038800754739e-06,9.615729470995143e-06,0.001705139572769936
8200,1,-9.92783559820671e-06,-3.776456846931545e-06,0.001767831938740042,-2.416486357334399e-05,0.002008257973676316,0.0001077172272158494,-0.0004827031020374598,0.002720961576795423
8200,2,-3.61662405696277e-06,-2.218948495513779e-07,1.943892241033628e-05,3.662295321449719e-06,4.984912754335126e-05,2.491515626964323e-06,8.631263357952464e-07,5.381729714891392e-05
8200,3,1.494928025048256e-09,-3.671043382339383e-09,-8.957592456693309e-25,-4.766103081991812e-08,0,-3.639226617706976e-07,-7.278178471415717e-07,8.151354535267092e-07
8250,0,-6.489208533258962e-05,-2.476305139099427e-05,-2.22276949030822e-06,0.0004596805755325282,-0.001640503236010925,4.719038813969667e-06,9.615729497425e-06,0.00170513957276891
8250,1,-9.92783537643728e-06,-3.776456576909107e-06,0.001767831938740042,-2.416486357334399e-05,0.002008257973676316,0.0001077172273508606,-0.0004827031017674373,0.002720961576751681
8250,2,-3.616624130443131e-06,-2.218949388985342e-07,1.943892241033628e-05,3.662295321449719e-06,4.984912754335126e-05,2.491515582290745e-06,8.631262464480899e-07,5.381729715071917e-05
8250,3,1.494929621271953e-09,-3.671041436437034e-09,-8.957592456693309e-25,-4.766103081991812e-08,0,-3.639226607977464e-07,-7.278178451956694e-07,8.15135451349036e-07
8300,0,-6.489208531189011e-05,-2.476305136604007e-05,-2.22276949030822e-06,0.0004596805755325282,-0.001640503236010925,4.719038826446764e-06,9.615729522379194e-06,0.001705139572767935
8300,1,-9.927834989778517e-06,-3.776456109283441e-06,0.001767831938740042,-2.416486357334399e-05,0.002008257973676316,0.0001077172275846734,-0.0004827031012998117,0.00272096157667592
8300,2,-3.616624196228765e-06,-2.218950184059597e-07,1.943892241033628e-05,3.662295321449719e-06,4.984912754335126e-05,2.491515542537032e-06,8.631261669406647e-07,5.381729715235234e-05
8300,3,1.494929621271953e-09,-3.671041436437034e-09,-8.957592456693309e-25,-4.766103081991812e-08,0,-3.639226607977464e-07,-7.278178451956694e-07,8.15135451349036e-07
8350,0,-6.489208528959383e-05,-2.476305133918033e-05,-2.22276949030822e-06,0.0004596805755325282,-0.001640503236010925,4.719038839876638e-06,9.615729549238943e-06,0.001705139572766885
8350,1,-9.927834716566193e-06,-3.776455781471106e-06,0.001767831938740042,-2.416486357334399e-05,0.002008257973676316,0.0001077172277485796,-0.0004827031009719993,0.002720961576622802
8350,2,-3.616624255293506e-06,-2.218950893629066e-07,1.943892241033628e-05,3.662295321449719e-06,4.984912754335126e-05,2.491515507058559e-06,8.631260959837178e-07,5.381729715383364e-05
8350,3,1.494930848228132e-09,-3.671039965795564e-09,-8.957592456693309e-25,-4.766103081991812e-08,0,-3.639226600624256e-07,-7.278178437250279e-07,8.151354497032684e-07
8400,0,-6.489208525283784e-05,-2.476305129536472e-05,-2.22276949030822e-06,0.0004596805755325282,-0.001640503236010925,4.719038861784438e-06,9.615729593054542e-06,0.001705139572765157
8400,1,-9.927834225698678e-06,-3.776455195268694e-06,0.001767831938740042,-2.416486357334399e-05,0.002008257973676316,0.0001077172280416808,-0.0004827031003857969,0.002720961576527808
8400,2,-3.616624308611105e-06,-2.218951530342146e-07,1.943892241033628e-05,3.662295321449719e-06,4.984912754335126e-05,2.491515475222905e-06,8.631260323124101e-07,5.381729715518418e-05
8400,3,1.494930848228132e-09,-3.671039965795564e-09,-8.957592456693309e-25,-4.766103081991812e-08,0,-3.639226600624256e-07,-7.278178437250279e-07,8.151354497032684e-07
8450,0,-6.489208522006741e-05,-2.476305125647197e-05,-2.22276949030822e-06,0.0004596805755325282,-0.001640503236010925,4.719038881230816e-06,9.615729631947302e-06,0.001705139572763618
8450,1,-9.92783411871917e-06,-3.77645506810893e-06,0.001767831938740042,-2.416486357334399e-05,0.002008257973676316,0.0001077172281052607,-0.0004827031002586371,0.0027209615765072
8450,2,-3.616624356087187e-06,-2.218952093927887e-07,1.943892241033628e-05,3.662295321449719e-06,4.984912754335126e-05,2.491515447043618e-06,8.631259759538365e-07,5.381729715639858e-05
8450,3,1.494930848228132e-09,-3.671039965795564e-09,-8.957592456693309e-25,-4.766103081991812e-08,0,-3.639226600624256e-07,-7.278178437250279e-07,8.151354497032684e-07
8500,0,-6.489208520430138e-05,-2.47630512379215e-05,-2.22276949030822e-06,0.0004596805755325282,-0.001640503236010925,4.719038890506052e-06,9.615729650497772e-06,0.001705139572762879
8500,1,-9.927833796340308e-06,-3.776454687647233e-06,0.001767831938740042,-2.416486357334399e-05,0.002008257973676316,0.0001077172282954915,-0.0004827030998781755,0.002720961576445532
8500,2,-3.616624398540328e-06,-2.218952594910675e-07,1.943892241033628e-05,3.662295321449719e-06,4.984912754335126e-05,2.491515421994479e-06,8.631259258555576e-07,5.381729715749492e-05
8500,3,1.494930848228132e-09,-3.671039965795564e-09,-8.957592456693309e-25,-4.766103081991812e-08,0,-3.639226600624256e-07,-7.278178437250279e-07,8.151354497032684e-07
8550,0,-6.489208518923494e-05,-2.476305122024618e-05,-2.22276949030822e-06,0.0004596805755325282,-0.001640503236010925,4.719038899343711e-06,9.615729668173088e-06,0.001705139572762173
8550,1,-9.927833538101687e-06,-3.776454384395005e-06,0.001767831938740042,-2.416486357334399e-05,0.002008257973676316,0.0001077172284471176,-0.0004827030995749232,0.002720961576396373
8550,2,-3.616624434464427e-06,-2.218953016350699e-07,1.943892241033628e-05,3.662295321449719e-06,4.984912754335126e-05,2.491515400922478e-06,8.631258837115556e-07,5.38172971584314e-05
8550,3,1.494930848228132e-09,-3.671039965795564e-09,-8.957592456693309e-25,-4.766103081991812e-08,0,-3.639226600624256e-07,-7.278178437250279e-07,8.151354497032684e-07
8600,0,-6.489208516754202e-05,-2.476305119488324e-05,-2.22276949030822e-06,0.0004596805755325282,-0.001640503236010925,4.719038912025183e-06,9.615729693536031e-06,0.001705139572761158
8600,1,-9.927833239975427e-06,-3.776454036785675e-06,0.001767831938740042,-2.416486357334399e-05,0.002008257973676316,0.0001077172286209223,-0.0004827030992273139,0.002720961576340017
8600,2,-3.616624468858611e-06,-2.218953417497704e-07,1.943892241033628e-05,3.662295321449719e-06,4.984912754335126e-05,2.491515380865128e-06,8.631258435968549e-07,5.381729715933621e-05
8600,3,1.494931619021058e-09,-3.67103906848133e-09,-8.957592456693309e-25,-4.766103081991812e-08,0,-3.639226596137685e-07,-7.278178428277136e-07,8.151354486991412e-07
8650,0,-6.489208516754202e-05,-2.476305119488324e-05,-2.22276949030822e-06,0.0004596805755325282,-0.001640503236010925,4.719038912025183e-06,9.615729693536031e-06,0.001705139572761158
8650,1,-9.927832992888312e-06,-3.776453750024517e-06,0.001767831938740042,-2.416486357334399e-05,0.002008257973676316,0.0001077172287643029,-0.0004827030989405527,0.002720961576293522
8650,2,-3.616624499578539e-06,-2.21895377370641e-07,1.943892241033628e-05,3.662295321449719e-06,4.984912754335126e-05,2.491515363054692e-06,8.631258079759846e-07,5.381729716015168e-05
8650,3,1.494931619021058e-09,-3.67103906848133e-09,-8.957592456693309e-25,-4.766103081991812e-08,0,-3.639226596137685e-07,-7.278178428277136e-07,8.151354486991412e-07
8700,0,-6.489208515775453e-05,-2.476305118360473e-05,-2.22276949030822e-06,0.0004596805755325282,-0.001640503236010925,4.719038917664435e-06,9.615729704814536e-06,0.001705139572760701
8700,1,-9.927832701565378e-06,-3.776453413999039e-06,0.001767831938740042,-2.416486357334399e-05,0.002008257973676316,0.0001077172289323156,-0.0004827030986045272,0.002720961576239033
8700,2,-3.616624527311927e-06,-2.218954093438261e-07,1.943892241033628e-05,3.662295321449719e-06,4.984912754335126e-05,2.4915153470681e-06,8.631257760027992e-07,5.381729716089434e-05
8700,3,1.494931619021058e-09,-3.67103906848133e-09,-8.957592456693309e-25,-4.766103081991812e-08,0,-3.639226596137685e-07,-7.278178428277136e-07,8.151354486991412e-07
8750,0,-6.489208515775453e-05,-2.476305118360473e-05,-2.22276949030822e-06,0.0004596805755325282,-0.001640503236010925,4.719038917664435e-06,9.615729704814536e-06,0.001705139572760701
8750,1,-9.927832361922114e-06,-3.776453024873641e-06,0.001767831938740042,-2.416486357334399e-05,0.002008257973676316,0.0001077172291268783,-0.0004827030982154018,0.002720961576175924
8750,2,-3.616624551168219e-06,-2.218954366904143e-07,1.943892241033628e-05,3.662295321449719e-06,4.984912754335126e-05,2.491515333394805e-06,8.631257486562111e-07,5.381729716153869e-05
8750,3,1.494932064628429e-09,-3.671038558107523e-09,-8.957592442250915e-25,-4.766103081991812e-08,0,-3.639226593585816e-07,-7.278178423173398e-07,8.151354481280276e-07
8800,0,-6.489208513927306e-05,-2.476305116255395e-05,-2.22276949030822e-06,0.0004596805755325282,-0.001640503236010925,4.719038928189824e-06,9.615729725865317e-06,0.00170513957275984
8800,1,-9.927832224139388e-06,-3.776452868161355e-06,0.001767831938740042,-2.416486357334399e-05,0.002008257973676316,0.0001077172292052345,-0.0004827030980586895,0.002720961576150505
8800,2,-3.616624572912504e-06,-2.218954614725725e-07,1.943892241033628e-05,3.662295321449719e-06,4.984912754335126e-05,2.491515321003727e-06,8.631257238740538e-07,5.381729716213101e-05
8800,3,1.494932064628429e-09,-3.671038558107523e-09,-8.957592442250915e-25,-4.766103081991812e-08,0,-3.639226593585816e-07,-7.278178423173398e-07,8.151354481280276e-07
8850,0,-6.489208512158094e-05,-2.476305114249582e-05,-2.22276949030822e-06,0.0004596805755325282,-0.001640503236010925,4.719038938218891e-06,9.61572974592345e-06,0.001705139572759016
8850,1,-9.927832175277621e-06,-3.776452812680752e-06,0.001767831938740042,-2.416486357334399e-05,0.002008257973676316,0.0001077172292329748,-0.000482703098003209,0.002720961576141505
8850,2,-3.616624592559249e-06,-2.218954837373267e-07,1.943892241033628e-05,3.662295321449719e-06,4.984912754335126e-05,2.49151530987135e-06,8.631257016092998e-07,5.381729716267065e-05
8850,3,1.494933078188666e-09,-3.671037407949388e-09,-8.957592442250915e-25,-4.766103081991812e-08,0,-3.639226587835026e-07,-7.278178411671817e-07,8.151354468410061e-07
8900,0,-6.489208510715533e-05,-2.476305112622527e-05,-2.22276949030822e-06,0.0004596805755325282,-0.001640503236010925,4.719038946354164e-06,9.615729762193995e-06,0.001705139572758345
8900,1,-9.927832175277621e-06,-3.776452812680752e-06,0.001767831938740042,-2.416486357334399e-05,0.002008257973676316,0.0001077172292329748,-0.000482703098003209,0.002720961576141505
8900,2,-3.616624609361536e-06,-2.21895502670571e-07,1.943892241033628e-05,3.662295321449719e-06,4.984912754335126e-05,2.491515300404727e-06,8.631256826760549e-07,5.381729716313593e-05
8900,3,1.494933424262652e-09,-3.671037017567001e-09,-8.957592431204001e-25,-4.766103081991812e-08,0,-3.639226585883113e-07,-7.278178407767993e-07,8.151354464041737e-07
8950,0,-6.489208508196348e-05,-2.476305109804866e-05,-2.22276949030822e-06,0.0004596805755325282,-0.001640503236010925,4.71903896044247e-06,9.615729790370608e-06,0.001705139572757175
8950,1,-9.927832134145242e-06,-3.776452766573388e-06,0.001767831938740042,-2.416486357334399e-05,0.002008257973676316,0.0001077172292560285,-0.0004827030979571016,0.002720961576134024
8950,2,-3.616624625100061e-06,-2.218955203068542e-07,1.943892241033628e-05,3.662295321449719e-06,4.984912754335126e-05,2.491515291586586e-06,8.631256650397719e-07,5.381729716357521e-05
8950,3,1.494933424262652e-09,-3.671037017567001e-09,-8.957592431204001e-25,-4.766103081991812e-08,0,-3.639226585883113e-07,-7.278178407767993e-07,8.151354464041737e-07
9000,0,-6.489208507477433e-05,-2.476305109004561e-05,-2.22276949030822e-06,0.0004596805755325282,-0.001640503236010925,4.719038964443998e-06,9.615729798373662e-06,0.001705139572756841
9000,1,-9.927832006403995e-06,-3.776452624113824e-06,0.001767831938740042,-2.416486357334399e-05,0.002008257973676316,0.0001077172293272582,-0.000482703097814642,0.002720961576110908
9000,2,-3.616624638800356e-06,-2.218955355731902e-07,1.943892241033628e-05,3.662295321449719e-06,4.984912754335126e-05,2.491515283953418e-06,8.631256497734358e-07,5.381729716396062e-05
9000,3,1.494935210633129e-09,-3.671035026238982e-09,-8.957592421884207e-25,-4.766103081991812e-08,0,-3.639226575926473e-07,-7.278178387854713e-07,8.151354441759446e-07
9050,0,-6.489208507477433e-05,-2.476305109004561e-05,-2.22276949030822e-06,0.0004596805755325282,-0.001640503236010925,4.719038964443998e-06,9.615729798373662e-06,0.001705139572756841
9050,1,-9.927831886077292e-06,-3.776452490766855e-06,0.001767831938740042,-2.416486357334399e-05,0.002008257973676316,0.0001077172293939317,-0.0004827030976812951,0.002720961576089267
9050,2,-3.61662465146642e-06,-2.218955496094015e-07,1.943892241033628e-05,3.662295321449719e-06,4.984912754335126e-05,2.491515276935312e-06,8.631256357372244e-07,5.381729716431966e-05
9050,3,1.494935210633129e-09,-3.671035026238982e-09,-8.957592421884207e-25,-4.766103081991812e-08,0,-3.639226575926473e-07,-7.278178387854713e-07,8.151354441759446e-07
9100,0,-6.489208506921886e-05,-2.476305108392184e-05,-2.22276949030822e-06,0.0004596805755325282,-0.001640503236010925,4.71903896750588e-06,9.615729804497427e-06,0.001705139572756584
9100,1,-9.927831886077292e-06,-3.776452490766855e-06,0.001767831938740042,-2.416486357334399e-05,0.002008257973676316,0.0001077172293939317,-0.0004827030976812951,0.002720961576089267
9100,2,-3.616624662769812e-06,-2.218955620663119e-07,1.943892241033628e-05,3.662295321449719e-06,4.984912754335126e-05,2.491515270706856e-06,8.63125623280314e-07,5.381729716464249e-05
9100,3,1.494935526376443e-09,-3.671034677851787e-09,-8.957592421884207e-25,-4.766103081991812e-08,0,-3.639226574184537e-07,-7.278178384370841e-07,8.15135443786117e-07
9150,0,-6.48920850537735e-05,-2.476305106702265e-05,-2.22276949030822e-06,0.0004596805755325282,-0.001640503236010925,4.719038975955473e-06,9.615729821396614e-06,0.001705139572755869
9150,1,-9.927831852318412e-06,-3.776452453689557e-06,0.001767831938740042,-2.416486357334399e-05,0.002008257973676316,0.0001077172294124704,-0.0004827030976442178,0.002720961576083249
9150,2,-3.616624672899275e-06,-2.218955731683632e-07,1.943892241033628e-05,3.662295321449719e-06,4.984912754335126e-05,2.491515265155831e-06,8.631256121782626e-07,5.381729716493394e-05
9150,3,1.494935799866603e-09,-3.671034378595676e-09,-8.957592421884207e-25,-4.766103081991812e-08,0,-3.639226572688256e-07,-7.27817838137828e-07,8.151354434512686e-07
9200,0,-6.489208504039432e-05,-2.47630510524424e-05,-2.22276949030822e-06,0.0004596805755325282,-0.001640503236010925,4.719038983245598e-06,9.615729835976863e-06,0.001705139572755251
9200,1,-9.927831852318412e-06,-3.776452453689557e-06,0.001767831938740042,-2.416486357334399e-05,0.002008257973676316,0.0001077172294124704,-0.0004827030976442178,0.002720961576083249
9200,2,-3.616624681158099e-06,-2.218955821714018e-07,1.943892241033628e-05,3.662295321449719e-06,4.984912754335126e-05,2.491515260654311e-06,8.631256031752239e-07,5.381729716517328e-05
9200,3,1.494935799866603e-09,-3.671034378595676e-09,-8.957592421884207e-25,-4.766103081991812e-08,0,-3.639226572688256e-07,-7.27817838137828e-07,8.151354434512686e-07
9250,0,-6.489208503553867e-05,-2.476305104716623e-05,-2.22276949030822e-06,0.0004596805755325282,-0.001640503236010925,4.719038985883684e-06,9.615729841253034e-06,0.001705139572755026
9250,1,-9.927831837867559e-06,-3.776452438024676e-06,0.001767831938740042,-2.416486357334399e-05,0.002008257973676316,0.0001077172294203028,-0.0004827030976285529,0.002720961576080706
9250,2,-3.616624689166324e-06,-2.218955908536458e-07,1.943892241033628e-05,3.662295321449719e-06,4.984912754335126e-05,2.491515256313189e-06,8.6312559449298e-07,5.381729716540702e-05
9250,3,1.494936027085271e-09,-3.671034132608161e-09,-8.957592421884207e-25,-4.766103081991812e-08,0,-3.639226571458319e-07,-7.278178378918404e-07,8.15135443176029e-07
9300,0,-6.489208502845111e-05,-2.476305103951492e-05,-2.22276949030822e-06,0.0004596805755325282,-0.001640503236010925,4.719038989709337e-06,9.615729848904342e-06,0.001705139572754699
9300,1,-9.92783181224699e-06,-3.776452410386521e-06,0.001767831938740042,-2.416486357334399e-05,0.002008257973676316,0.0001077172294341219,-0.0004827030976009147,0.002720961576076218
9300,2,-3.616624696267057e-06,-2.218955985100103e-07,1.943892241033628e-05,3.662295321449719e-06,4.984912754335126e-05,2.491515252485008e-06,8.631255868366161e-07,5.381729716561575e-05
9300,3,1.494936243396581e-09,-3.671033899086288e-09,-8.957592421884207e-25,-4.766103081991812e-08,0,-3.63922657029071e-07,-7.278178376583186e-07,8.151354429147384e-07
9350,0,-6.489208502456862e-05,-2.476305103535363e-05,-2.22276949030822e-06,0.0004596805755325282,-0.001640503236010925,4.719038991789986e-06,9.615729853065639e-06,0.00170513957275452
9350,1,-9.927831773323068e-06,-3.776452368573417e-06,0.001767831938740042,-2.416486357334399e-05,0.002008257973676316,0.0001077172294550284,-0.0004827030975591017,0.002720961576069428
9350,2,-3.616624702432116e-06,-2.218956051218868e-07,1.943892241033628e-05,3.662295321449719e-06,4.984912754335126e-05,2.491515249179069e-06,8.631255802247398e-07,5.381729716579822e-05
9350,3,1.494936386011331e-09,-3.671033746295684e-09,-8.957592417560588e-25,-4.766103081991812e-08,0,-3.639226569526757e-07,-7.27817837505528e-07,8.15135442743781e-07
9400,0,-6.4892085018255e-05,-2.476305102862077e-05,-2.22276949030822e-06,0.0004596805755325282,-0.001640503236010925,4.719038995156413e-06,9.615729859798494e-06,0.00170513957275423
9400,1,-9.927831700032065e-06,-3.776452290366677e-06,0.001767831938740042,-2.416486357334399e-05,0.002008257973676316,0.0001077172294941318,-0.0004827030974808949,0.002720961576056726
9400,2,-3.616624707886722e-06,-2.218956109405451e-07,1.943892241033628e-05,3.662295321449719e-06,4.984912754335126e-05,2.49151524626974e-06,8.631255744060814e-07,5.381729716596076e-05
9400,3,1.494936522033602e-09,-3.671033600957218e-09,-8.957592413447847e-25,-4.766103081991812e-08,0,-3.639226568800064e-07,-7.278178373601896e-07,8.151354425811626e-07
9450,0,-6.4892085018255e-05,-2.476305102862077e-05,-2.22276949030822e-06,0.0004596805755325282,-0.001640503236010925,4.719038995156413e-06,9.615729859798494e-06,0.00170513957275423
9450,1,-9.927831700032065e-06,-3.776452290366677e-06,0.001767831938740042,-2.416486357334399e-05,0.002008257973676316,0.0001077172294941318,-0.0004827030974808949,0.002720961576056726
9450,2,-3.616624712963663e-06,-2.218956163277567e-07,1.943892241033628e-05,3.662295321449719e-06,4.984912754335126e-05,2.491515243576135e-06,8.631255690188702e-07,5.381729716611305e-05
9450,3,1.494936522033602e-09,-3.671033600957218e-09,-8.957592413447847e-25,-4.766103081991812e-08,0,-3.639226568800064e-07,-7.278178373601896e-07,8.151354425811626e-07
9500,0,-6.4892085018255e-05,-2.476305102862077e-05,-2.22276949030822e-06,0.0004596805755325282,-0.001640503236010925,4.719038995156413e-06,9.615729859798494e-06,0.00170513957275423
9500,1,-9.927831669551545e-06,-3.776452258213778e-06,0.001767831938740042,-2.416486357334399e-05,0.002008257973676316,0.0001077172295102083,-0.000482703097448742,0.002720961576051502
9500,2,-3.616624717542597e-06,-2.218956211609202e-07,1.943892241033628e-05,3.662295321449719e-06,4.984912754335126e-05,2.491515241159553e-06,8.631255641857069e-07,5.38172971662513e-05
9500,3,1.494936522033602e-09,-3.671033600957218e-09,-8.957592413447847e-25,-4.766103081991812e-08,0,-3.639226568800064e-07,-7.278178373601896e-07,8.151354425811626e-07
9550,0,-6.489208501589457e-05,-2.476305102614653e-05,-2.22276949030822e-06,0.0004596805755325282,-0.001640503236010925,4.719038996393535e-06,9.615729862272736e-06,0.001705139572754121
9550,1,-9.927831637698869e-06,-3.776452224759962e-06,0.001767831938740042,-2.416486357334399e-05,0.002008257973676316,0.0001077172295269352,-0.0004827030974152882,0.002720961576046067
9550,2,-3.616624721342353e-06,-2.218956251505066e-07,1.943892241033628e-05,3.662295321449719e-06,4.984912754335126e-05,2.49151523916476e-06,8.631255601961205e-07,5.381729716636677e-05
9550,3,1.494936522033602e-09,-3.671033600957218e-09,-8.957592413447847e-25,-4.766103081991812e-08,0,-3.639226568800064e-07,-7.278178373601896e-07,8.151354425811626e-07
9600,0,-6.489208501589457e-05,-2.476305102614653e-05,-2.22276949030822e-06,0.0004596805755325282,-0.001640503236010925,4.719038996393535e-06,9.615729862272736e-06,0.001705139572754121
9600,1,-9.927831606774354e-06,-3.776452192460999e-06,0.001767831938740042,-2.416486357334399e-05,0.002008257973676316,0.0001077172295430847,-0.0004827030973829892,0.002720961576040819
9600,2,-3.616624724946235e-06,-2.218956289147331e-07,1.943892241033628e-05,3.662295321449719e-06,4.984912754335126e-05,2.491515237282647e-06,8.631255564318943e-07,5.381729716647697e-05
9600,3,1.494936522033602e-09,-3.671033600957218e-09,-8.957592413447847e-25,-4.766103081991812e-08,0,-3.639226568800064e-07,-7.278178373601896e-07,8.151354425811626e-07
9650,0,-6.489208501589457e-05,-2.476305102614653e-05,-2.22276949030822e-06,0.0004596805755325282,-0.001640503236010925,4.719038996393535e-06,9.615729862272736e-06,0.001705139572754121
9650,1,-9.927831606774354e-06,-3.776452192460999e-06,0.001767831938740042,-2.416486357334399e-05,0.002008257973676316,0.0001077172295430847,-0.0004827030973829892,0.002720961576040819
9650,2,-3.61662472816657e-06,-2.218956322609346e-07,1.943892241033628e-05,3.662295321449719e-06,4.984912754335126e-05,2.491515235609546e-06,8.631255530856928e-07,5.381729716657605e-05
9650,3,1.494936600698329e-09,-3.671033519422468e-09,-8.957592411140603e-25,-4.766103081991812e-08,0,-3.639226568392391e-07,-7.278178372786548e-07,8.15135442489938e-07
9700,0,-6.489208501291334e-05,-2.476305102306101e-05,-2.22276949030822e-06,0.0004596805755325282,-0.001640503236010925,4.719038997936297e-06,9.615729865358261e-06,0.001705139572753984
9700,1,-9.927831597030126e-06,-3.776452182380068e-06,0.001767831938740042,-2.416486357334399e-05,0.002008257973676316,0.0001077172295481251,-0.0004827030973729083,0.002720961576039181
9700,2,-3.616624730906891e-06,-2.218956350936729e-07,1.943892241033628e-05,3.662295321449719e-06,4.984912754335126e-05,2.491515234193177e-06,8.631255502529545e-07,5.381729716666088e-05
9700,3,1.494936780141286e-09,-3.671033333630487e-09,-8.957592408869983e-25,-4.766103081991812e-08,0,-3.639226567463431e-07,-7.278178370928628e-07,8.151354422820665e-07
9750,0,-6.489208500601721e-05,-2.476305101596249e-05,-2.22276949030822e-06,0.0004596805755325282,-0.001640503236010925,4.719039001485556e-06,9.61572987245678e-06,0.001705139572753669
9750,1,-9.92783158834588e-06,-3.776452173467665e-06,0.001767831938740042,-2.416486357334399e-05,0.002008257973676316,0.0001077172295525813,-0.0004827030973639959,0.002720961576037732
9750,2,-3.616624733416788e-06,-2.218956376748586e-07,1.943892241033628e-05,3.662295321449719e-06,4.984912754335126e-05,2.491515232902585e-06,8.63125547671769e-07,5.381729716673905e-05
9750,3,1.494936867249114e-09,-3.671033244224936e-09,-8.957592408869983e-25,-4.766103081991812e-08,0,-3.639226567016403e-07,-7.278178370034572e-07,8.151354421820373e-07
9800,0,-6.489208500448052e-05,-2.476305101439027e-05,-2.22276949030822e-06,0.0004596805755325282,-0.001640503236010925,4.719039002271665e-06,9.615729874028996e-06,0.001705139572753599
9800,1,-9.927831559718804e-06,-3.77645214423033e-06,0.001767831938740042,-2.416486357334399e-05,0.002008257973676316,0.0001077172295672,-0.0004827030973347585,0.002720961576032979
9800,2,-3.616624735644765e-06,-2.218956399544147e-07,1.943892241033628e-05,3.662295321449719e-06,4.984912754335126e-05,2.491515231762806e-06,8.631255453922128e-07,5.381729716680884e-05
9800,3,1.494936867249114e-09,-3.671033244224936e-09,-8.957592408869983e-25,-4.766103081991812e-08,0,-3.639226567016403e-07,-7.278178370034572e-07,8.151354421820373e-07
9850,0,-6.48920849998521e-05,-2.476305100967411e-05,-2.22276949030822e-06,0.0004596805755325282,-0.001640503236010925,4.719039004629747e-06,9.615729878745161e-06,0.001705139572753387
9850,1,-9.927831545729287e-06,-3.776452130010289e-06,0.001767831938740042,-2.416486357334399e-05,0.002008257973676316,0.00010771722957431,-0.0004827030973205385,0.002720961576030667
9850,2,-3.616624737622349e-06,-2.218956419674857e-07,1.943892241033628e-05,3.662295321449719e-06,4.984912754335126e-05,2.491515230756271e-06,8.63125543379142e-07,5.381729716687116e-05
9850,3,1.494936922521136e-09,-3.671033188019911e-09,-8.957592407279512e-25,-4.766103081991812e-08,0,-3.639226566735378e-07,-7.278178369472522e-07,8.151354421191547e-07
9900,0,-6.489208499755507e-05,-2.47630510073441e-05,-2.22276949030822e-06,0.0004596805755325282,-0.001640503236010925,4.719039005794748e-06,9.615729881075164e-06,0.001705139572753282
9900,1,-9.927831513114323e-06,-3.776452096978267e-06,0.001767831938740042,-2.416486357334399e-05,0.002008257973676316,0.000107717229590826,-0.0004827030972875065,0.002720961576025296
9900,2,-3.616624739356976e-06,-2.218956437241922e-07,1.943892241033628e-05,3.662295321449719e-06,4.984912754335126e-05,2.491515229877918e-06,8.631255416224352e-07,5.381729716692613e-05
9900,3,1.494936922521136e-09,-3.671033188019911e-09,-8.957592407279512e-25,-4.766103081991812e-08,0,-3.639226566735378e-07,-7.278178369472522e-07,8.151354421191547e-07
9950,0,-6.489208499270636e-05,-2.476305100246077e-05,-2.22276949030822e-06,0.0004596805755325282,-0.001640503236010925,4.719039008236414e-06,9.615729885958495e-06,0.001705139572753061
9950,1,-9.927831500333009e-06,-3.776452084117823e-06,0.001767831938740042,-2.416486357334399e-05,0.002008257973676316,0.0001077172295972562,-0.000482703097274646,0.002720961576023204
9950,2,-3.616624740783326e-06,-2.21895645161283e-07,1.943892241033628e-05,3.662295321449719e-06,4.984912754335126e-05,2.491515229159372e-06,8.631255401853445e-07,5.38172971669716e-05
9950,3,1.494936922521136e-09,-3.671033188019911e-09,-8.957592407279512e-25,-4.766103081991812e-08,0,-3.639226566735378e-07,-7.278178369472522e-07,8.151354421191547e-07
10000,0,-6.489208498935506e-05,-2.476305099909782e-05,-2.22276949030822e-06,0.0004596805755325282,-0.001640503236010925,4.71903900991789e-06,9.615729889321448e-06,0.001705139572752908
10000,1,-9.927831493537453e-06,-3.776452077302504e-06,0.001767831938740042,-2.416486357334399e-05,0.002008257973676316,0.0001077172296006639,-0.0004827030972678307,0.002720961576022096
10000,2,-3.616624742155351e-06,-2.21895646536854e-07,1.943892241033628e-05,3.662295321449719e-06,4.984912754335126e-05,2.491515228471587e-06,8.63125538809774e-07,5.381729716701557e-05
10000,3,1.494936979451789e-09,-3.671033130900765e-09,-8.957592407279512e-25,-4.766103081991812e-08,0,-3.639226566449783e-07,-7.278178368901331e-07,8.151354420552508e-07
