gen,op_id,w0,w1,w2,w3,w4,w5,w6,norm
50,0,-5.588373178898954e-06,-6.325828679076642e-06,-5.67847234766739e-07,0.0005611955867887149,-5.991390872081568e-05,0.004348909077958399,0.00870038760421293,0.009743118410624705
50,1,-3.463445106549271e-06,3.058253524267194e-07,0.001407818037627932,3.031958706689858e-05,0.00129134674726086,0.0005426250189329058,0.0007590666645815676,0.002126283971515505
50,2,5.23951240082856e-07,1.471194667371199e-08,0.001076669614790767,0.000138564576925838,0.00241370656008094,0.001252104897982482,0.002421985340272905,0.003799760110633304
50,3,0,0,0,0,0,0,0,0
100,0,-5.397961034855049e-05,-2.637301565419027e-05,-7.891794649506515e-06,0.0004348387287003123,-0.00133869258531956,0.0009031623313139805,0.00181518145221473,0.002468894504398075
100,1,-4.560189005249662e-06,-3.485103802255713e-07,0.001407491579805026,2.412234960803012e-05,0.001265890699530053,0.0004609520809370478,0.00059611182957032,0.002037631161222871
100,2,-6.669327965189532e-06,-4.992529984767025e-07,0.00107520532386423,0.0001297940816051364,0.001976484940811382,0.0007991623365966101,0.001517392815319432,0.002832064942536898
100,3,0,0,0,0,0,0,0,0
150,0,-6.685510390338143e-05,-2.821288780624499e-05,-8.226791185627466e-06,0.0004341278732459226,-0.001515645332481124,0.0003998923578266002,0.000808955916446122,0.001818049671722877
150,1,-7.471493056814258e-06,-5.832791042721472e-07,0.001407418210673499,2.393496566975201e-05,0.001193203433256446,0.0003464091857245955,0.0003670691066143607,0.00191309397360925
150,2,-1.945328472736095e-05,-1.156556464665481e-06,0.001074686073652187,0.0001288323453718911,0.001612853502626583,0.0002452031268594807,0.000410296743403925,0.002000422982778863
150,3,0,0,0,0,0,0,0,0
200,0,-7.138338842631918e-05,-2.892956553750273e-05,-8.275232277756736e-06,0.0004339004074082613,-0.001539499749956065,0.0002723346613697317,0.0005539403535828508,0.001716201070431248
200,1,-1.188273921828112e-05,-8.033036521783762e-07,0.00140733872537512,2.368321753624826e-05,0.001106325142569914,0.0002171996831829135,0.000108707216104121,0.001806724469810388
200,2,-2.519851346815622e-05,-1.299606211958061e-06,0.001074477578177148,0.0001284375368472394,0.001463603512962367,7.578019827293267e-05,7.174072610123024e-05,0.001823364893355612
200,3,0,0,0,0,0,0,0,0
250,0,-7.460673921302393e-05,-2.933599283794537e-05,-8.303817528743204e-06,0.0004337944926558468,-0.00155449418897755,0.0001984211311449237,0.000406139132595373,0.001677928933277869
250,1,-1.503066106002505e-05,-9.285048559704702e-07,0.001407298898026048,2.359139849374252e-05,0.001060198220809081,0.0001465363869861015,-3.25906339151195e-05,0.001768566892966749
250,2,-2.562398195870334e-05,-1.175311186128201e-06,0.001074443991832851,0.0001283842478433182,0.001439916296579477,6.264210891714208e-05,4.548941266025415e-05,0.001803031513345435
250,3,0,0,0,0,0,0,0,0
300,0,-7.544424862353957e-05,-2.940182487873475e-05,-8.314078337095754e-06,0.0004337401692702791,-0.001556939382283324,0.0001828800582335874,0.0003750741020649649,0.001671209710999165
300,1,-1.650799492077304e-05,-9.743846874415788e-07,0.001407281458833535,2.351686215323105e-05,0.001041986953667574,0.0001195009794399893,-8.665292295014406e-05,0.001757496411165711
300,2,-2.923442388140578e-05,-1.154004658250448e-06,0.001074316186954301,0.000128195357454119,0.001360072997113297,-6.194011491392135e-06,-9.2095670964718e-05,0.001740621681571498
300,3,0,0,0,0,0,0,0,0
350,0,-7.612345054644656e-05,-2.95052902868944e-05,-8.319686721213863e-06,0.0004337125920008991,-0.001559948692705114,0.0001708762309103408,0.0003510986207486467,0.001667558101890129
350,1,-1.765498113274113e-05,-1.002049142936889e-06,0.00140727019710526,2.347550894755193e-05,0.001028190956934902,0.0001017948964857257,-0.000122059193703472,0.001750345823339804
350,2,-3.079902783292865e-05,-1.181658151834911e-06,0.001074274547648525,0.0001280933094963226,0.001316687653056712,-3.018915655438534e-05,-0.0001400453491888183,0.001710442672763248
350,3,0,0,0,0,0,0,0,0
400,0,-7.639661540970657e-05,-2.948787052016222e-05,-8.321461423223266e-06,0.0004337189521120912,-0.001560177266461164,0.0001668098636857911,0.000342972362149847,0.001665681850804363
400,1,-1.99566065709977e-05,-1.03796897337965e-06,0.001407252083414664,2.338623845196808e-05,0.001000651124430495,7.098460697580589e-05,-0.0001836717656119083,0.001738212153531262
400,2,-3.309748679490421e-05,-1.175883679114734e-06,0.001074235261290079,0.0001279524568574055,0.001271088513456804,-6.101055353661637e-05,-0.0002016592661888294,0.001682707583174767
400,3,0,0,0,0,0,0,0,0
450,0,-7.908743843148546e-05,-2.96648573622024e-05,-8.326334257645974e-06,0.0004336480595555389,-0.001566742711048989,0.0001347149593782546,0.000278788926956933,0.001657048249984788
450,1,-2.129980119168259e-05,-1.053037666012104e-06,0.001407245110134767,2.332574289949656e-05,0.0009852571903222098,5.488724088821469e-05,-0.0002158607141222367,0.001732535098892503
450,2,-3.365560475924763e-05,-1.143684517283127e-06,0.001074226159592899,0.0001278978505413827,0.001258033346116091,-6.768565431166601e-05,-0.0002149942581417717,0.001674785206719471
450,3,0,0,0,0,0,0,0,0
500,0,-8.016348953960862e-05,-2.974800192450058e-05,-8.327214178546843e-06,0.0004336285137488227,-0.001567625803957525,0.0001231948104969962,0.00025574936869381,0.001653314707265318
500,1,-2.250424317320743e-05,-1.067528271112477e-06,0.001407241143417355,2.328858377493187e-05,0.0009740973889615856,4.227802610957449e-05,-0.0002410772744307496,0.00172920472511461
500,2,-3.458481911369509e-05,-1.130545048530839e-06,0.001074216948087844,0.0001278491529104115,0.001240443057948791,-7.729221664940595e-05,-0.0002341950953993763,0.001664633669844916
500,3,0,0,0,0,0,0,0,0
550,0,-8.124084601898893e-05,-2.980669938477564e-05,-8.327808384847108e-06,0.0004336025681919926,-0.001567704910108515,0.0001130929150594645,0.0002355476232923853,0.00164970919539747
550,1,-2.395677657795957e-05,-1.080231260184357e-06,0.001407235666398359,2.323316504539938e-05,0.0009574805995965621,2.821781622269678e-05,-0.0002691942628077167,0.001723791747767114
550,2,-3.576695328875537e-05,-1.133428746579843e-06,0.001074209169925392,0.0001277951810101198,0.001221807831313642,-8.889992771532909e-05,-0.0002573974859260068,0.001654843964915622
550,3,0,0,0,0,0,0,0,0
600,0,-8.133631688332353e-05,-2.98180857215376e-05,-8.327680077262609e-06,0.0004336035529004432,-0.001567011256857932,0.0001123366197814365,0.0002340345073899364,0.001648788055492956
600,1,-2.407233324187829e-05,-1.081882862793113e-06,0.001407235388174827,2.322975152443378e-05,0.0009568185907636954,2.721238898813802e-05,-0.0002712047928868223,0.001723724478046283
600,2,-3.597534760322262e-05,-1.115725444767606e-06,0.001074203735673925,0.0001277814323759511,0.001213658444378778,-9.050357607098913e-05,-0.0002605963436798935,0.001649425779447862
600,3,0,0,0,0,0,0,0,0
650,0,-8.149871652776504e-05,-2.982269728969398e-05,-8.328207572428649e-06,0.000433599293686428,-0.00156648988310282,0.0001108825346301307,0.0002311273977927696,0.001647790795263765
650,1,-2.432385953185658e-05,-1.083577982432636e-06,0.00140723468902485,2.322266538957651e-05,0.000954798137853951,2.517566988877835e-05,-0.0002752771631564328,0.001723221518385145
650,2,-3.636058252466805e-05,-1.110043359217922e-06,0.0010741996406643,0.000127757737062053,0.001207522478155894,-9.363588450255702e-05,-0.000266852665082059,0.001646098050093021
650,3,0,0,0,0,0,0,0,0
700,0,-8.230710450835967e-05,-2.989206984906059e-05,-8.328252945003194e-06,0.0004335729764583404,-0.001566548467233662,0.0001046654248200276,0.0002186927869871559,0.001645775916529822
700,1,-2.470721213624291e-05,-1.085126878729627e-06,0.001407233848613374,2.32124548177923e-05,0.0009509569803558467,2.235605642619618e-05,-0.0002809160088425865,0.001721972799536699
700,2,-3.652325732034562e-05,-1.104492173784846e-06,0.001074196960076878,0.0001277461293435329,0.001201401050311429,-9.479970819302271e-05,-0.0002691838402326324,0.00164206113133287
700,3,0,0,0,0,0,0,0,0
750,0,-8.182890728342581e-05,-2.988652550787122e-05,-8.327294363957658e-06,0.0004335830112344717,-0.001564899127407525,0.0001078515658743285,0.000225064520323996,0.001645250140090483
750,1,-2.460346326437368e-05,-1.08050394149636e-06,0.001407233452834247,2.320748498231324e-05,0.0009493908462649241,2.304989128611636e-05,-0.0002795277965018745,0.001720889636643063
750,2,-3.657253067448802e-05,-1.091818541253946e-06,0.001074195431294509,0.000127744404219514,0.00119677410916751,-9.510564188261831e-05,-0.0002697933524017515,0.001638796815954567
750,3,0,0,0,0,0,0,0,0
800,0,-8.193501231420754e-05,-2.989909670110907e-05,-8.326894734465066e-06,0.0004335818809563179,-0.00156424405445655,0.0001072749129205519,0.0002239103486090098,0.00164443701611068
800,1,-2.420304396059443e-05,-1.071354095280829e-06,0.001407233522998366,2.320827607129472e-05,0.0009492946472642166,2.562891391086987e-05,-0.0002743699536957218,0.001720037147130517
800,2,-3.677966517088625e-05,-1.082028116625835e-06,0.001074193878462173,0.0001277395275867234,0.001193432338714009,-9.641518878167687e-05,-0.000272407416529358,0.001636870864266637
800,3,0,0,0,0,0,0,0,0
850,0,-8.395159691936028e-05,-3.001676339773273e-05,-8.327019836025253e-06,0.0004335616607165607,-0.00156490604565499,9.501742396229752e-05,0.0001993956923269346,0.00164125312317002
850,1,-2.387379993500711e-05,-1.065108972229145e-06,0.001407233717784492,2.321087711229891e-05,0.0009497048701903451,2.763892345314855e-05,-0.00027035011699603,0.001719653747234896
850,2,-3.729935940844032e-05,-1.083975750512618e-06,0.001074192770029425,0.0001277299283234631,0.001190114915062185,-9.959009052952336e-05,-0.0002787558399394451,0.001635724296595917
850,3,0,0,0,0,0,0,0,0
900,0,-8.59940910166001e-05,-3.014271292311186e-05,-8.326989823185146e-06,0.0004335457650404487,-0.001565467345750254,8.34627268804404e-05,0.0001762865622572383,0.001638617046596703
900,1,-2.365424369231347e-05,-1.06145189544025e-06,0.001407233673821886,2.321091984631938e-05,0.0009498699537709344,2.890692581517321e-05,-0.0002678140919615402,0.001719365853084561
900,2,-3.739092264193865e-05,-1.078927039190379e-06,0.001074192550109997,0.0001277261478129135,0.00118897589576881,-0.0001001169052827044,-0.0002798075896295625,0.001635109235306146
900,3,0,0,0,0,0,0,0,0
950,0,-8.684681458486283e-05,-3.019250862921489e-05,-8.327126731483231e-06,0.0004335445829576681,-0.001565549823158667,7.883261067376746e-05,0.0001670265317178964,0.001637541723080022
950,1,-2.282557950783812e-05,-1.047181236940573e-06,0.001407233894023552,2.321190936356947e-05,0.0009512128301685657,3.339497385179586e-05,-0.0002588383008431796,0.001718803789684163
950,2,-3.713596882759375e-05,-1.076990504540172e-06,0.00107419259520896,0.000127726881411144,0.001189761602567128,-9.873710449602732e-05,-0.0002770472559985629,0.001635121095432929
950,3,0,0,0,0,0,0,0,0
1000,0,-8.670661147062253e-05,-3.020713692520922e-05,-8.326974679795401e-06,0.0004335448980024138,-0.001564878731927389,7.949996929667525e-05,0.0001683612659894426,0.001637062073144323
1000,1,-2.227463440318788e-05,-1.039290370426249e-06,0.001407234153316452,2.321314877420293e-05,0.0009520903431585743,3.622153386823106e-05,-0.0002531854943015912,0.001718497881166828
1000,2,-3.723721682037717e-05,-1.07697271400815e-06,0.001074192309565419,0.0001277256832999006,0.001189324534430777,-9.926172771063573e-05,-0.0002780960100934629,0.001635014944245972
1000,3,0,0,0,0,0,0,0,0
1050,0,-8.713871765999585e-05,-3.022742249928036e-05,-8.326930027366579e-06,0.0004335437124431134,-0.001564799034300059,7.737745224357886e-05,0.0001641163450578964,0.001636476032249261
1050,1,-2.187798848483296e-05,-1.034348591071541e-06,0.001407234305939503,2.321578233330871e-05,0.000952710918979235,3.815463707266786e-05,-0.0002493194134089954,0.001718313452777037
1050,2,-3.741763624205134e-05,-1.076436466308385e-06,0.001074191807579473,0.0001277214406068108,0.001188124307298443,-0.0001001403480879906,-0.0002798527469502791,0.00163449902507256
1050,3,0,0,0,0,0,0,0,0
1100,0,-8.741651672263922e-05,-3.024632563757818e-05,-8.326922241979583e-06,0.0004335400098335354,-0.001564642728114773,7.607286118764332e-05,0.0001615070908580632,0.001636019942610764
1100,1,-2.151446716965075e-05,-1.029505524028736e-06,0.001407234374494089,2.321835810380219e-05,0.0009532653093519831,3.984682708913133e-05,-0.000245935087322032,0.00171816710360463
1100,2,-3.722567624520462e-05,-1.074927279547985e-06,0.001074191709559459,0.0001277209008092638,0.001188299411302724,-9.925885473815215e-05,-0.0002780894849980163,0.001634267094646149
1100,3,0,0,0,0,0,0,0,0
1150,0,-8.746232333447807e-05,-3.025059141560178e-05,-8.326974491833508e-06,0.0004335404520790263,-0.001564482619563286,7.590444547301249e-05,0.0001611703126612177,0.001635828426155571
1150,1,-2.115313547517374e-05,-1.025668093129924e-06,0.001407234527274607,2.321866617489357e-05,0.0009538407442706849,4.145729149326579e-05,-0.00024271428355684,0.001718062200340697
1150,2,-3.720182065580396e-05,-1.072255627995717e-06,0.001074191720260415,0.000127721050728823,0.001188171683576978,-9.914354830251774e-05,-0.0002778587552999863,0.001634127450533943
1150,3,0,0,0,0,0,0,0,0
1200,0,-8.634529697879736e-05,-3.022979898636613e-05,-8.326891293460404e-06,0.0004335413701141551,-0.001563459427244875,8.070523080465366e-05,0.0001707717343362757,0.001635994654008536
1200,1,-2.107716988076447e-05,-1.024616859780512e-06,0.001407234519346205,2.321868794159846e-05,0.0009538716106866534,4.178042005459169e-05,-0.0002420681202587525,0.001717995059614159
1200,2,-3.705967767127131e-05,-1.071357718837454e-06,0.001074191724101795,0.0001277210009057462,0.001188527430036841,-9.853350657610143e-05,-0.0002766388617689836,0.001634139053271358
1200,3,0,0,0,0,0,0,0,0
1250,0,-8.640361185684125e-05,-3.024193953844625e-05,-8.326749409256596e-06,0.0004335398337738363,-0.001562943424801859,8.047157323066488e-05,0.0001703044723547086,0.001635444195870627
1250,1,-2.100873270507638e-05,-1.024044554424261e-06,0.001407234527280999,2.321859527945998e-05,0.0009539495865731934,4.206182835087666e-05,-0.000241505350331327,0.001717965185567418
1250,2,-3.708797442059146e-05,-1.070976702660505e-06,0.001074191615678402,0.0001277204068488903,0.001188135865141613,-9.864703477172783e-05,-0.0002768659769033039,0.001633900130065735
1250,3,0,0,0,0,0,0,0,0
1300,0,-8.7681230481893e-05,-3.028939420148352e-05,-8.326776743586598e-06,0.0004335377498219332,-0.001563198567275073,7.546453528202611e-05,0.0001602904609771095,0.001634505261541835
1300,1,-2.080543290631922e-05,-1.022020730696089e-06,0.001407234585351188,2.321890167446713e-05,0.0009542380485910941,4.286163567965896e-05,-0.0002399057652118187,0.001717918611442997
1300,2,-3.712090085829409e-05,-1.071132017810088e-06,0.001074191604253876,0.0001277199764752182,0.001188043885026618,-9.87784465748552e-05,-0.0002771287953506644,0.00163388644865978
1300,3,0,0,0,0,0,0,0,0
1350,0,-8.845079667861047e-05,-3.031984809189275e-05,-8.326763473714353e-06,0.0004335375027829747,-0.001563301042649715,7.251015269390951e-05,0.0001543817115570882,0.001633942631485977
1350,1,-2.054416617972935e-05,-1.019582118509033e-06,0.001407234614890001,2.321890271826739e-05,0.0009546101136315036,4.384635515377771e-05,-0.0002379363648812897,0.001717873152110048
1350,2,-3.707791239435225e-05,-1.07002011746246e-06,0.001074191606656728,0.000127719976475406,0.001188076215504235,-9.861679418677473e-05,-0.0002768054905744942,0.001633844411897273
1350,3,0,0,0,0,0,0,0,0
1400,0,-8.958957655404252e-05,-3.038555227845431e-05,-8.326803362605224e-06,0.0004335375021657293,-0.001563251540620413,6.834508406933018e-05,0.0001460516115730641,0.001633012914359335
1400,1,-2.029443938559369e-05,-1.017365625597187e-06,0.001407234749202301,2.321890459445495e-05,0.0009549423972890954,4.47517221799824e-05,-0.0002361258667940299,0.001717828507140155
1400,2,-3.706401979092206e-05,-1.07002011746246e-06,0.001074191616537045,0.0001277199764773974,0.001188086333933536,-9.856615263868056e-05,-0.0002767043062814849,0.001633831265576807
1400,3,0,0,0,0,0,0,0,0
1450,0,-8.852832280507343e-05,-3.03718818754828e-05,-8.326761985826614e-06,0.0004335375599950257,-0.001562467074131718,7.204495812560275e-05,0.0001534513614686387,0.00163304164677836
1450,1,-1.988192693441656e-05,-1.014409941269007e-06,0.001407234962555587,2.321889998661279e-05,0.0009555066320782523,4.62002984023423e-05,-0.0002332289419740132,0.00171778019784077
1450,2,-3.704477928696251e-05,-1.069905817184369e-06,0.001074191619263366,0.0001277199767699617,0.001188099788266902,-9.849888097184851e-05,-0.0002765697629478208,0.001633813777008331
1450,3,0,0,0,0,0,0,0,0
1500,0,-8.829806281591512e-05,-3.0370823933485e-05,-8.326718999970569e-06,0.0004335376195916439,-0.001562232161760287,7.28317735674428e-05,0.0001550249935034185,0.001632987960697772
1500,1,-1.960483740764426e-05,-1.012511393777265e-06,0.001407235096274879,2.321892139677173e-05,0.0009558730409295188,4.714176523764218e-05,-0.0002313461348300066,0.001717751949448479
1500,2,-3.703358787222787e-05,-1.069897716220541e-06,0.001074191624644632,0.0001277199767699787,0.001188114459763975,-9.846049082940905e-05,-0.0002764930287106998,0.001633808894245235
1500,3,0,0,0,0,0,0,0,0
1550,0,-8.956857698201068e-05,-3.042521603555155e-05,-8.326736841698555e-06,0.0004335376149109628,-0.001562342125791334,6.86625864235871e-05,0.0001466866270931886,0.001632212258625406
1550,1,-1.949667451155642e-05,-1.010584381136826e-06,0.001407235117635778,2.321892158644632e-05,0.0009559486085983645,4.749523288505645e-05,-0.0002306392409291317,0.001717707464939575
1550,2,-3.701726473250187e-05,-1.069897716220541e-06,0.001074191624674325,0.0001277199767701026,0.001188125052327068,-9.840752786548117e-05,-0.0002763871030797718,0.00163379511378038
1550,3,0,0,0,0,0,0,0,0
1600,0,-9.132361355385261e-05,-3.052566087316636e-05,-8.326743742026817e-06,0.0004335376104323788,-0.001562405929972286,6.308131858635344e-05,0.0001355241026668759,0.001631181883744378
1600,1,-1.941478293575833e-05,-1.009597426109925e-06,0.001407235133333918,2.321892158746314e-05,0.000956015780224853,4.775486643196584e-05,-0.0002301199837235693,0.001717681489132437
1600,2,-3.701392996953085e-05,-1.069753430279903e-06,0.001074191624674325,0.0001277199767701065,0.001188125052327068,-9.839691436143594e-05,-0.0002763658760716813,0.001633790808075113
1600,3,0,0,0,0,0,0,0,0
1650,0,-9.236931226569758e-05,-3.058332734753383e-05,-8.326737944559515e-06,0.0004335376090729012,-0.001562401968281858,5.984885482828583e-05,0.000129059164738006,0.001630591821003553
1650,1,-1.91949009823201e-05,-1.00733015520058e-06,0.001407235140284486,2.321892159650878e-05,0.0009561628105811796,4.842949441154852e-05,-0.0002287707436309943,0.001717599518723239
1650,2,-3.698288156021898e-05,-1.069600171418308e-06,0.001074191631435135,0.0001277199767701278,0.001188144217347711,-9.830108925822378e-05,-0.000276174225865257,0.00163376587046091
1650,3,0,0,0,0,0,0,0,0
1700,0,-9.346072064508145e-05,-3.064482033200773e-05,-8.326727204773681e-06,0.0004335376090643916,-0.001562372447116438,5.659292920603411e-05,0.0001225473146370259,0.001630008120116389
1700,1,-1.88942106849854e-05,-1.003017883145762e-06,0.001407235176610997,2.321892159987098e-05,0.0009563637661506609,4.932971481620816e-05,-0.0002269703455016902,0.001717494852848418
1700,2,-3.695223332461152e-05,-1.067960889617719e-06,0.001074191631435135,0.000127719976770129,0.001188144217347711,-9.820962226387188e-05,-0.0002759912918765532,0.001633728761426842
1700,3,0,0,0,0,0,0,0,0
1750,0,-9.448537383386259e-05,-3.071985037281983e-05,-8.326731442680808e-06,0.0004335376090594873,-0.001562371075958656,5.361388637771842e-05,0.0001165892308614156,0.001629529461089481
1750,1,-1.873134553247342e-05,-1.001740929707902e-06,0.001407235205280664,2.321892160091473e-05,0.0009564926892967837,4.980000082867583e-05,-0.0002260298031405452,0.001717454419995026
1750,2,-3.694587976090972e-05,-1.067186641809779e-06,0.001074191631435135,0.000127719976770129,0.001188144217347711,-9.819135439813926e-05,-0.0002759547561450879,0.001633721347465508
1750,3,0,0,0,0,0,0,0,0
1800,0,-9.544477254401372e-05,-3.076543618536283e-05,-8.326730173064404e-06,0.0004335376090353718,-0.00156236442915137,5.09174721599071e-05,0.0001111964031263184,0.001629116401019279
1800,1,-1.855217558264229e-05,-9.995121226042676e-07,0.001407235246661366,2.321892161030986e-05,0.0009566118641815588,5.030756257512326e-05,-0.0002250147179508055,0.001717400382220116
1800,2,-3.694587976090972e-05,-1.067186641809779e-06,0.001074191631435135,0.000127719976770129,0.001188144217347711,-9.819135439813926e-05,-0.0002759547561450879,0.001633721347465508
1800,3,0,0,0,0,0,0,0,0
1850,0,-9.637886282698287e-05,-3.084020585914184e-05,-8.326725609930237e-06,0.0004335376075961304,-0.001562351257297467,4.835758439105631e-05,0.0001060765803544059,0.001628740723105926
1850,1,-1.834946439741939e-05,-9.970228396161372e-07,0.001407235272042108,2.321892161101524e-05,0.000956736256411958,5.086278339524055e-05,-0.0002239042986652954,0.001717338740064725
1850,2,-3.692812318995674e-05,-1.066719550463344e-06,0.001074191631435135,0.000127719976770129,0.001188144217347711,-9.81426795874129e-05,-0.0002758574065236352,0.001633701580213387
1850,3,0,0,0,0,0,0,0,0
1900,0,-9.689869035089908e-05,-3.088039267705713e-05,-8.326725478366708e-06,0.0004335376042617122,-0.001562350485866947,4.696363366191488e-05,0.0001032886790279389,0.001628551601362554
1900,1,-1.801145651035254e-05,-9.93431038279043e-07,0.001407235345387458,2.321893143515982e-05,0.000956912245045775,5.176141697372707e-05,-0.0002221070963300574,0.001717226742978761
1900,2,-3.690141557616647e-05,-1.063595441046547e-06,0.001074191631435135,0.000127719976770129,0.001188144217347711,-9.807164869967283e-05,-0.000275715344748155,0.001633672727336567
1900,3,0,0,0,0,0,0,0,0
1950,0,-9.717634699647456e-05,-3.08915979517458e-05,-8.326720999389208e-06,0.0004335375071050798,-0.00156234591317583,4.623741739405661e-05,0.0001018362470588968,0.001628451691020833
1950,1,-1.758399187946273e-05,-9.893072957156902e-07,0.001407235406970679,2.3218988353435e-05,0.0009571493578292451,5.287076151865553e-05,-0.0002198884702745385,0.001717102774305489
1950,2,-3.68587938528152e-05,-1.062633795701144e-06,0.001074191636719319,0.0001277199784779151,0.001188152232017633,-9.796103028821144e-05,-0.000275494108008914,0.00163363363659856
1950,3,0,0,0,0,0,0,0,0
2000,0,-9.745696366701848e-05,-3.090594499837823e-05,-8.326718709856485e-06,0.0004335375071475087,-0.00156231796169315,4.553266416992688e-05,0.0001004267406282756,0.001628334519906845
2000,1,-1.721666954238781e-05,-9.859457212860683e-07,0.001407235464604907,2.321898858957527e-05,0.0009573450414795681,5.380410251586058e-05,-0.0002180218267927382,0.001716999151695511
2000,2,-3.684458815725691e-05,-1.062230549823398e-06,0.001074191636719319,0.0001277199784779178,0.001188152232017633,-9.792501179034558e-05,-0.0002754220710131824,0.001633619009712534
2000,3,0,0,0,0,0,0,0,0
2050,0,-9.790246035092022e-05,-3.09230236085474e-05,-8.326718114513991e-06,0.0004335374873658405,-0.001562316998627691,4.443217979088723e-05,9.822577169270169e-05,0.001628195976332252
2050,1,-1.690568285548616e-05,-9.831201618366857e-07,0.001407235493590364,2.32190099115553e-05,0.0009574989826670119,5.457206435369734e-05,-0.0002164859315119136,0.001716911819529069
2050,2,-3.682911453949421e-05,-1.061797348699567e-06,0.001074191638417651,0.0001277199766053523,0.00118815947053268,-9.788680154656811e-05,-0.0002753456463614117,0.001633608752996121
2050,3,0,0,0,0,0,0,0,0
2100,0,-9.800797099534379e-05,-3.092712069454401e-05,-8.326709743646539e-06,0.0004335374478305012,-0.001562289014748513,4.417681162231556e-05,9.771499428850543e-05,0.001628137856060541
2100,1,-1.652427555098376e-05,-9.799190519153662e-07,0.001407235575532335,2.321911313831317e-05,0.0009577095815251322,5.549133529549517e-05,-0.000214647470110375,0.001716824269238204
2100,2,-3.681938666261743e-05,-1.061740895943214e-06,0.001074191638520507,0.0001277199816245586,0.001188164176810801,-9.786327015596151e-05,-0.0002752985835801984,0.001633602615486662
2100,3,0,0,0,0,0,0,0,0
2150,0,-9.849778182895588e-05,-3.095018989554649e-05,-8.326709097364991e-06,0.0004335374147957231,-0.0015622870215799,4.302675562463371e-05,9.541488190046023e-05,0.001627998707179033
2150,1,-1.636517869332049e-05,-9.782647595166763e-07,0.001407235590684096,2.32191198111683e-05,0.0009577848563108744,5.586813712362714e-05,-0.0002138938754056854,0.001716782916081295
2150,2,-3.6812844023008e-05,-1.061531970010141e-06,0.001074191638520507,0.0001277199816245649,0.001188164176810801,-9.784790593330254e-05,-0.0002752678551348805,0.001633596369404424
2150,3,0,0,0,0,0,0,0,0
2200,0,-9.890322288600333e-05,-3.098082307533652e-05,-8.326709097364991e-06,0.0004335374048487593,-0.0015622870215799,4.209343834578128e-05,9.354824726496578e-05,0.001627891134043725
2200,1,-1.622224080822413e-05,-9.760809164468699e-07,0.001407235607259398,2.321912399610535e-05,0.0009578469522363161,5.619624673037141e-05,-0.0002132376747241378,0.001716745293823579
2200,2,-3.678249613111386e-05,-1.060961024829636e-06,0.001074191639035649,0.0001277199816245928,0.001188170373270018,-9.777819013862977e-05,-0.000275128423545535,0.001633572529325301
2200,3,0,0,0,0,0,0,0,0
2250,0,-9.930129036287333e-05,-3.100141200710471e-05,-8.326709087940828e-06,0.0004335374046097747,-0.001562286240210604,4.119961869856196e-05,9.176060797051893e-05,0.001627790392895102
2250,1,-1.606827164296428e-05,-9.745617051434097e-07,0.001407235612322648,2.321912399667944e-05,0.0009579136320444426,5.654378369609978e-05,-0.000212542604189918,0.001716706270728764
2250,2,-3.678249613111386e-05,-1.060961024829636e-06,0.001074191639035649,0.0001277199816245928,0.001188170373270018,-9.777819013862977e-05,-0.000275128423545535,0.001633572529325301
2250,3,0,0,0,0,0,0,0,0
2300,0,-9.970007401942298e-05,-3.103178882422953e-05,-8.326709087940828e-06,0.0004335374046089325,-0.001562286240210604,4.032312780806024e-05,9.00076261895093e-05,0.001627695523037486
2300,1,-1.59970159618658e-05,-9.738912144436909e-07,0.001407235622672359,2.321912429643322e-05,0.0009579430975153454,5.670052594114383e-05,-0.0002122291301551386,0.001716688442857538
2300,2,-3.678035647468158e-05,-1.060853013986892e-06,0.001074191639035649,0.0001277199816245928,0.001188170373270018,-9.777353263660041e-05,-0.0002751191085414763,0.001633570633488896
2300,3,0,0,0,0,0,0,0,0
2350,0,-9.986871039873954e-05,-3.103510430521276e-05,-8.326709087940828e-06,0.0004335373785026192,-0.001562286240210604,3.996256309358938e-05,8.9286496628506e-05,0.001627657307586486
2350,1,-1.577504557349379e-05,-9.721162917913349e-07,0.001407235666669259,2.321915765331896e-05,0.0009580370318457511,5.717894004488788e-05,-0.0002112723466020728,0.001716636693628664
2350,2,-3.675965047719185e-05,-1.06035447441304e-06,0.001074191639035649,0.0001277199855189168,0.001188170373270018,-9.772911058072294e-05,-0.0002750302642720529,0.001633552548762032
2350,3,0,0,0,0,0,0,0,0
2400,0,-0.0001001006521441514,-3.104668798508456e-05,-8.326709087940828e-06,0.0004335373620250325,-0.001562286240210604,3.947387496211898e-05,8.830912027089273e-05,0.001627606524817751
2400,1,-1.568719823883421e-05,-9.708862739260395e-07,0.001407235676610455,2.321915886718002e-05,0.0009580695071223234,5.73639029478898e-05,-0.0002109024308075723,0.001716614704245567
2400,2,-3.674374679692496e-05,-1.059746810963047e-06,0.001074191639049718,0.0001277199872914841,0.001188172945303728,-9.769563232635963e-05,-0.0002749633077633262,0.001633540787275778
2400,3,0,0,0,0,0,0,0,0
2450,0,-0.0001002850700497822,-3.105729197537005e-05,-8.326709087940828e-06,0.000433537293348506,-0.001562286240210604,3.909247693821948e-05,8.754632417007442e-05,0.001627567647272505
2450,1,-1.548435612461173e-05,-9.693950844601137e-07,0.001407235691526498,2.321927235838982e-05,0.0009581529505202792,5.778112699706759e-05,-0.0002100679968280143,0.001716571125717032
2450,2,-3.671144396069134e-05,-1.058821877061522e-06,0.001074191639049718,0.0001277199924991586,0.001188172945303728,-9.762880274480643e-05,-0.0002748296486002199,0.001633513572620868
2450,3,0,0,0,0,0,0,0,0
2500,0,-0.0001001453526519831,-3.10543059513619e-05,-8.326707901097058e-06,0.000433537325101885,-0.001562285628660148,3.937454301729785e-05,8.811045613341307e-05,0.001627595650194719
2500,1,-1.523813437696321e-05,-9.676298034540121e-07,0.001407235772751421,2.321939315639949e-05,0.0009582510614042208,5.827814207697126e-05,-0.0002090740498028032,0.001716519208807106
2500,2,-3.666353935023633e-05,-1.058019910932878e-06,0.001074191645980139,0.0001277199990126579,0.00118818223228053,-9.753172110805173e-05,-0.0002746354853267104,0.00163348080138556
2500,3,0,0,0,0,0,0,0,0
2550,0,-0.0001004229896038156,-3.10679090621195e-05,-8.326707901097058e-06,0.0004335372519961077,-0.001562285628660148,3.88250220884028e-05,8.701141393194696e-05,0.001627540668849753
2550,1,-1.519056718064208e-05,-9.668739353375674e-07,0.001407235773990878,2.321941837255617e-05,0.0009582678931608816,5.837296558500579e-05,-0.0002088844034564653,0.001716508317878853
2550,2,-3.666084452078455e-05,-1.057943050102797e-06,0.001074191645990955,0.0001277199990126583,0.001188182665013995,-9.75263600382627e-05,-0.0002746247631871324,0.001633478932868951
2550,3,0,0,0,0,0,0,0,0
2600,0,-0.0001003640043606302,-3.106714039492957e-05,-8.326707347663581e-06,0.0004335372529099587,-0.001562284855962492,3.893986055829659e-05,8.724109084675433e-05,0.001627551312905913
2600,1,-1.495012591067493e-05,-9.652880081871354e-07,0.001407235831660171,2.321942747234469e-05,0.0009583630724443623,5.884019318733288e-05,-0.0002079500056230798,0.001716461889342166
2600,2,-3.662507274569511e-05,-1.05749866070193e-06,0.001074191658595,0.0001277200009449402,0.001188191514792048,-9.745686358901716e-05,-0.0002744857702886413,0.001633457066001086
2600,3,0,0,0,0,0,0,0,0
2650,0,-0.0001003501149488224,-3.106684031079473e-05,-8.326707347482285e-06,0.0004335372570721878,-0.001562284714853946,3.896504973176251e-05,8.729146919625004e-05,0.001627553620444924
2650,1,-1.479248886267016e-05,-9.641247998056563e-07,0.001407235871935867,2.321943542209534e-05,0.0009584230830690145,5.914018091613184e-05,-0.0002073500803269381,0.001716431796395563
2650,2,-3.659818176167984e-05,-1.056868616913963e-06,0.001074191665289737,0.000127720001959168,0.001188197297564428,-9.740580801828994e-05,-0.0002743836591471869,0.001633440472848652
2650,3,0,0,0,0,0,0,0,0
2700,0,-0.0001004514873862127,-3.107031826796588e-05,-8.326707053202514e-06,0.000433537241598694,-0.001562284029487208,3.877463080030947e-05,8.691063128798615e-05,0.001627534349411432
2700,1,-1.470997001284522e-05,-9.635872878333486e-07,0.001407235889268183,2.321944374024884e-05,0.0009584538833298392,5.929418992288076e-05,-0.0002070420777186912,0.001716416433067743
2700,2,-3.659286618764948e-05,-1.056450017466178e-06,0.001074191665289737,0.000127720001959168,0.001188197297564428,-9.739593144075307e-05,-0.0002743639059921131,0.001633436446554541
2700,3,0,0,0,0,0,0,0,0
2750,0,-0.0001005173761846663,-3.107188128996382e-05,-8.326706958336303e-06,0.0004335372412150341,-0.001562282870911088,3.865400252210033e-05,8.666937471559775e-05,0.001627521600304531
2750,1,-1.457216422206037e-05,-9.62534694869896e-07,0.001407235905524495,2.321944753224934e-05,0.0009585026762047102,5.954732653487563e-05,-0.0002065358166067248,0.001716390287468048
2750,2,-3.658142507596848e-05,-1.056124799878617e-06,0.001074191665560015,0.0001277200019591774,0.001188197514168385,-9.737493945663182e-05,-0.0002743219220238706,0.001633428044859099
2750,3,0,0,0,0,0,0,0,0
2800,0,-0.0001005818050082714,-3.10733400016815e-05,-8.326706958336303e-06,0.0004335372382867084,-0.001562282870911088,3.853759182965411e-05,8.64365532835081e-05,0.001627510465544652
2800,1,-1.44646214509869e-05,-9.618323367820581e-07,0.001407235915230969,2.321944785882043e-05,0.0009585414085215684,5.974099278260609e-05,-0.0002061484934381426,0.001716371181791968
2800,2,-3.657620558028704e-05,-1.055997977496847e-06,0.001074191665560015,0.0001277200019591786,0.001188197514168385,-9.736549832883042e-05,-0.0002743030397682678,0.001633424194069715
2800,3,0,0,0,0,0,0,0,0
2850,0,-0.000100692774615317,-3.107625610351574e-05,-8.326706958336303e-06,0.0004335372382863439,-0.001562282870911088,3.834117379837581e-05,8.60437172209491e-05,0.001627491927846799
2850,1,-1.439108392946886e-05,-9.613569446440317e-07,0.001407235917066082,2.321944808089972e-05,0.0009585672033775379,5.987139566422919e-05,-0.0002058876904122323,0.001716358209997825
2850,2,-3.657459237769458e-05,-1.05592534999196e-06,0.001074191665560015,0.0001277200019591786,0.001188197514168385,-9.736266018211604e-05,-0.000274297363474839,0.00163342303550792
2850,3,0,0,0,0,0,0,0,0
2900,0,-0.0001007816909943036,-3.107946284352053e-05,-8.326706650358923e-06,0.0004335372387827667,-0.001562282129510551,3.818648788714417e-05,8.573434539151319e-05,0.001627476817570753
2900,1,-1.432149664537024e-05,-9.608887697976759e-07,0.001407235919351874,2.321944821273593e-05,0.0009585911611926405,5.99924438631513e-05,-0.00020564559578341,0.001716346212966735
2900,2,-3.657459237769458e-05,-1.05592534999196e-06,0.001074191665560015,0.0001277200019591786,0.001188197514168385,-9.736266018211604e-05,-0.000274297363474839,0.00163342303550792
2900,3,0,0,0,0,0,0,0,0
2950,0,-0.0001009016078761156,-3.108625904788917e-05,-8.326706647211593e-06,0.0004335372387825595,-0.001562282102386078,3.798144901727668e-05,8.532426765177727e-05,0.001627458002525411
2950,1,-1.428988263407423e-05,-9.606037807605859e-07,0.001407235920999701,2.321944988075268e-05,0.0009586011110862283,6.004650801355899e-05,-0.0002055374689965498,0.001716340446465048
2950,2,-3.65698317512434e-05,-1.055470706055612e-06,0.001074191665560015,0.0001277200019592198,0.001188197514168385,-9.735456509557877e-05,-0.0002742811733017645,0.001633419727418663
2950,3,0,0,0,0,0,0,0,0
3000,0,-0.0001009260731441458,-3.108824701896764e-05,-8.326706273653735e-06,0.0004335372354092415,-0.001562281893636872,3.793991242084917e-05,8.524119444919837e-05,0.001627454034139798
3000,1,-1.423395122926848e-05,-9.602613582726048e-07,0.001407235936729202,2.321945029342127e-05,0.0009586193622705864,6.014035503505072e-05,-0.0002053497914480215,0.001716331009110734
3000,2,-3.656620779173634e-05,-1.055318294992368e-06,0.001074191665560015,0.0001277200019592257,0.001188197514168385,-9.734847086461954e-05,-0.0002742689848398459,0.001633417236351058
3000,3,0,0,0,0,0,0,0,0
3050,0,-0.0001009363220049769,-3.108938790651214e-05,-8.326706034613443e-06,0.0004335372440245654,-0.001562279804798347,3.792224174122391e-05,8.520585309168237e-05,0.001627450426105391
3050,1,-1.415132652821229e-05,-9.597115492291023e-07,0.001407235946897321,2.321946310034714e-05,0.000958645569655286,6.027669021204664e-05,-0.0002050771339675695,0.00171631715404654
3050,2,-3.656496654663004e-05,-1.055280459761933e-06,0.001074191665560015,0.0001277200019592258,0.001188197514168385,-9.734641377959087e-05,-0.0002742648706697886,0.001633416395133116
3050,3,0,0,0,0,0,0,0,0
3100,0,-0.0001010036463744325,-3.109128909601636e-05,-8.326705953882523e-06,0.000433537239089236,-0.00156227974494289,3.78128897394827e-05,8.498714903302506e-05,0.001627440600494463
3100,1,-1.409139144079979e-05,-9.593177446135181e-07,0.001407235955554071,2.321946980016563e-05,0.0009586648653959136,6.037430111030569e-05,-0.0002048819169858666,0.001716307561677737
3100,2,-3.656437812735815e-05,-1.055262067037556e-06,0.001074191665560015,0.0001277200020932209,0.001188197514168385,-9.73454554420145e-05,-0.0002742629539946358,0.001633416003020715
3100,3,0,0,0,0,0,0,0,0
3150,0,-0.0001010872037034824,-3.109554132582652e-05,-8.326705953882523e-06,0.0004335372380569937,-0.00156227974494289,3.767918432099124e-05,8.471973820186152e-05,0.001627428825690382
3150,1,-1.40711249224366e-05,-9.590648555351482e-07,0.001407235958387485,2.321947403581449e-05,0.0009586703915112758,6.040668222099904e-05,-0.0002048171576489304,0.001716303894361352
3150,2,-3.656171922531261e-05,-1.055087481678806e-06,0.001074191665560015,0.0001277200020932255,0.001188197514168385,-9.734121300835752e-05,-0.0002742544691273219,0.001633414265909838
3150,3,0,0,0,0,0,0,0,0
3200,0,-0.0001011468961078109,-3.109894112514651e-05,-8.326705953882523e-06,0.0004335372364456387,-0.00156227974494289,3.75852540051403e-05,8.453187749665477e-05,0.001627420658354464
3200,1,-1.403850024354723e-05,-9.587728112939996e-07,0.001407235961900045,2.321948277506184e-05,0.0009586802373539094,6.045806035652391e-05,-0.0002047144052941348,0.001716298679679452
3200,2,-3.655512376679425e-05,-1.054717271164908e-06,0.001074191665560015,0.0001277200020932319,0.001188197514168385,-9.733086263558175e-05,-0.0002742337683817702,0.001633410025686633
3200,3,0,0,0,0,0,0,0,0
3250,0,-0.0001012138073167305,-3.110190839576874e-05,-8.326705953882523e-06,0.0004335372359250316,-0.00156227974494289,3.748154346565045e-05,8.432445641591834e-05,0.001627411722328494
3250,1,-1.402242092413346e-05,-9.586312245936111e-07,0.001407235966120638,2.321948292890832e-05,0.0009586847372839293,6.048303581150108e-05,-0.0002046644583491048,0.001716295988350155
3250,2,-3.654541641819068e-05,-1.05394529396408e-06,0.001074191665560015,0.0001277200021190391,0.001188197514168385,-9.731579205554078e-05,-0.0002742036272216883,0.001633403849879939
3250,3,0,0,0,0,0,0,0,0
3300,0,-0.0001012768072091726,-3.110532582859609e-05,-8.326705953882523e-06,0.0004335372356307048,-0.00156227974494289,3.738539006228947e-05,8.413214960677255e-05,0.001627403542189254
3300,1,-1.400671086735909e-05,-9.583740867765433e-07,0.001407235967751429,2.321948311733772e-05,0.0009586888764858341,6.050702519172663e-05,-0.000204616481187467,0.001716293298398765
3300,2,-3.654169711560758e-05,-1.053669090106966e-06,0.001074191665560015,0.0001277200021190402,0.001188197514168385,-9.731010701873326e-05,-0.0002741922571480733,0.001633401519109864
3300,3,0,0,0,0,0,0,0,0
3350,0,-0.0001013202835552305,-3.110751133791884e-05,-8.326705923277615e-06,0.0004335372354377223,-0.001562279635182123,3.731995591608103e-05,8.400128100666998e-05,0.001627397922601904
3350,1,-1.397710209159949e-05,-9.581602763707801e-07,0.001407235968885505,2.32194831709791e-05,0.0009586972387745509,6.055144425455629e-05,-0.000204527644092792,0.001716288706544228
3350,2,-3.654100238632583e-05,-1.053667421755012e-06,0.001074191665564009,0.0001277200021190406,0.001188197722795797,-9.730906388167356e-05,-0.0002741901708739539,0.001633401242975355
3350,3,0,0,0,0,0,0,0,0
3400,0,-0.0001013439811009203,-3.110805532334011e-05,-8.326705923277615e-06,0.0004335372349106475,-0.001562279635182123,3.728491494555463e-05,8.393119904880585e-05,0.001627394989318187
3400,1,-1.394404154030356e-05,-9.579713240116003e-07,0.001407235974432387,2.321948532784962e-05,0.0009587067940435976,6.060046718652845e-05,-0.0002044296033224007,0.001716283829243354
3400,2,-3.65310953937535e-05,-1.053418459227317e-06,0.001074191665750237,0.0001277200021191074,0.001188197917470617,-9.729432487242854e-05,-0.0002741606947177378,0.001633395337201529
3400,3,0,0,0,0,0,0,0,0
3450,0,-0.0001013872815671632,-3.110972707744224e-05,-8.326705923277615e-06,0.00043353723398563,-0.001562279635182123,3.722164297856958e-05,8.38046551078675e-05,0.001627389748245458
3450,1,-1.393190828828811e-05,-9.578632558962989e-07,0.001407235975281307,2.321948589693919e-05,0.0009587097267582889,6.061818119874386e-05,-0.0002043941758655517,0.001716281775648269
3450,2,-3.65286861179816e-05,-1.053346441399211e-06,0.00107419166579797,0.0001277200021191084,0.00118819833675022,-9.729080973415614e-05,-0.0002741536644411931,0.001633394198930744
3450,3,0,0,0,0,0,0,0,0
3500,0,-0.0001014209713059974,-3.111147362376428e-05,-8.326705923277615e-06,0.0004335372336347993,-0.001562279635182123,3.717305009747791e-05,8.370746933961259e-05,0.001627385768271469
3500,1,-1.391358096895866e-05,-9.577507499414605e-07,0.001407235976919498,2.321948605008676e-05,0.0009587148814650464,6.064446159459139e-05,-0.0002043416167349283,0.001716279177548152
3500,2,-3.65286861179816e-05,-1.053346441399211e-06,0.00107419166579797,0.0001277200021191084,0.00118819833675022,-9.729080973415614e-05,-0.0002741536644411931,0.001633394198930744
3500,3,0,0,0,0,0,0,0,0
3550,0,-0.0001014524468169186,-3.111232573310273e-05,-8.326705923277615e-06,0.0004335372334899195,-0.001562279635182123,3.712840178180767e-05,8.361817270721372e-05,0.001627382136488489
3550,1,-1.389020216251324e-05,-9.576177938880366e-07,0.00140723597788587,2.321948641754555e-05,0.0009587212430612959,6.067767926125357e-05,-0.0002042751823832537,0.001716275808123242
3550,2,-3.652682115925369e-05,-1.053320969658235e-06,0.00107419166579797,0.0001277200021191084,0.00118819833675022,-9.728815536648192e-05,-0.0002741483557058446,0.001633393108081153
3550,3,0,0,0,0,0,0,0,0
3600,0,-0.0001014823224152526,-3.111333971091466e-05,-8.326705923277615e-06,0.0004335372334898082,-0.001562279635182123,3.708660257235232e-05,8.353457428830173e-05,0.001627378772204235
3600,1,-1.387601735829713e-05,-9.575376804202103e-07,0.001407235979122394,2.321948641764092e-05,0.0009587251817818989,6.069753171518094e-05,-0.0002042354787115568,0.001716273871363714
3600,2,-3.652558499481625e-05,-1.05328258930194e-06,0.00107419166579797,0.0001277200021191131,0.00118819833675022,-9.728642978204748e-05,-0.0002741449045369758,0.001633392398394784
3600,3,0,0,0,0,0,0,0,0
3650,0,-0.0001015173247602297,-3.111522146167143e-05,-8.326705909097191e-06,0.0004335372329483493,-0.001562279547036607,3.703827359797716e-05,8.343791633468336e-05,0.001627374847199989
3650,1,-1.386957581684921e-05,-9.574789884327993e-07,0.001407235979204611,2.321948643394776e-05,0.0009587267921123202,6.070637254166001e-05,-0.0002042177971592099,0.001716272927559972
3650,2,-3.65251817245635e-05,-1.05324240119801e-06,0.00107419166579797,0.0001277200021191131,0.00118819833675022,-9.72858713906701e-05,-0.000274143787754221,0.0016333921686549
3650,3,0,0,0,0,0,0,0,0
3700,0,-0.0001015417525065239,-3.111585698313332e-05,-8.326705909085222e-06,0.000433537231890957,-0.001562279523395766,3.700506323239592e-05,8.337149560192815e-05,0.001627372200736604
3700,1,-1.385678352637244e-05,-9.574057648397706e-07,0.00140723597936225,2.321948673371541e-05,0.0009587301882253902,6.072381369847539e-05,-0.0002041829150103231,0.001716271188186237
3700,2,-3.652475958475022e-05,-1.053232766632615e-06,0.00107419166579797,0.0001277200021191131,0.00118819833675022,-9.728529767524027e-05,-0.0002741426403233613,0.001633391932457217
3700,3,0,0,0,0,0,0,0,0
3750,0,-0.0001015466267502421,-3.111575666341246e-05,-8.326705869704297e-06,0.0004335372315613849,-0.001562279503289783,3.699841202449642e-05,8.335819317809439e-05,0.001627371650901927
3750,1,-1.384683951809548e-05,-9.573579569637663e-07,0.001407235983962594,2.321948673371849e-05,0.0009587328493525006,6.073712167262698e-05,-0.0002041563037392207,0.001716269903411275
3750,2,-3.652376873389774e-05,-1.053198734850977e-06,0.00107419166579797,0.0001277200021191141,0.00118819833675022,-9.728396713906165e-05,-0.0002741399792510041,0.001633391384409527
3750,3,0,0,0,0,0,0,0,0
3800,0,-0.0001015687640821423,-3.111634932051425e-05,-8.326705867493414e-06,0.000433537231561374,-0.001562279476093432,3.696911637199003e-05,8.329960187308157e-05,0.001627369351706312
3800,1,-1.383732687887989e-05,-9.572992348122835e-07,0.001407235984017413,2.321948673371999e-05,0.0009587351386020912,6.07497642725202e-05,-0.0002041310185633739,0.001716268545392553
3800,2,-3.652376873389774e-05,-1.053198734850977e-06,0.00107419166579797,0.0001277200021191141,0.00118819833675022,-9.728396713906165e-05,-0.0002741399792510041,0.001633391384409527
3800,3,0,0,0,0,0,0,0,0
3850,0,-0.0001015789170151291,-3.111666409520203e-05,-8.326705867493414e-06,0.0004335372315406102,-0.001562279476093432,3.695582619810641e-05,8.327302152436425e-05,0.001627368329222192
3850,1,-1.382176088913411e-05,-9.572113920231549e-07,0.00140723598518162,2.32194868001443e-05,0.0009587390901378942,6.077008887093156e-05,-0.0002040903706519678,0.001716266513667895
3850,2,-3.65229765298652e-05,-1.053183813133105e-06,0.00107419166579797,0.0001277200021191141,0.00118819833675022,-9.728293049416171e-05,-0.0002741379059612041,0.001633390956975147
3850,3,0,0,0,0,0,0,0,0
3900,0,-0.0001015897999920672,-3.111689697197772e-05,-8.326705867493414e-06,0.0004335372315371323,-0.001562279476093432,3.694175383373339e-05,8.324487679561821e-05,0.00162736725357581
3900,1,-1.380686833895753e-05,-9.571371266423435e-07,0.001407235985950288,2.321948680771355e-05,0.0009587428071979737,6.078929049327189e-05,-0.0002040519681403885,0.001716264584596557
3900,2,-3.652184366486692e-05,-1.053174583842009e-06,0.001074191665868066,0.0001277200021191142,0.001188198484786269,-9.728146863665814e-05,-0.0002741349829471571,0.001633390461728925
3900,3,0,0,0,0,0,0,0,0
3950,0,-0.0001015936350697018,-3.111696711101199e-05,-8.326705863384139e-06,0.0004335372315602828,-0.001562279442455506,3.693684089274138e-05,8.323505091571224e-05,0.001627366847930581
3950,1,-1.378839301262857e-05,-9.570487922620011e-07,0.001407235987312564,2.321948714447427e-05,0.0009587473188615749,6.081282796501424e-05,-0.0002040048946694949,0.001716262195241029
3950,2,-3.652013430798166e-05,-1.053172690773537e-06,0.001074191665901684,0.0001277200021220284,0.001188198920751056,-9.727928881271822e-05,-0.0002741306232992773,0.001633389879163456
3950,3,0,0,0,0,0,0,0,0
4000,0,-0.0001016087036151258,-3.111741518508688e-05,-8.326705862672699e-06,0.0004335372311842985,-0.001562279424549661,3.69178908505447e-05,8.319715083072897e-05,0.001627365411938586
4000,1,-1.377878154671934e-05,-9.57005319857364e-07,0.001407235987782461,2.321948741640221e-05,0.0009587497175947044,6.082493365207412e-05,-0.0002039806836102981,0.001716261009699248
4000,2,-3.652013430798166e-05,-1.053172690773537e-06,0.001074191665901684,0.0001277200021220284,0.001188198920751056,-9.727928881271822e-05,-0.0002741306232992773,0.001633389879163456
4000,3,0,0,0,0,0,0,0,0
4050,0,-0.0001016211616887185,-3.111779509401686e-05,-8.326705861612564e-06,0.0004335372303393255,-0.001562279408181776,3.690242366151554e-05,8.31662164402481e-05,0.001627364249162786
4050,1,-1.377392397758132e-05,-9.569767573729081e-07,0.001407235987973789,2.32194875469905e-05,0.0009587508536223147,6.083098602494771e-05,-0.0002039685789968873,0.00171626038136323
4050,2,-3.651877706270125e-05,-1.053153838687375e-06,0.001074191665901684,0.0001277200021220284,0.001188198920751056,-9.727759855157878e-05,-0.0002741272427769984,0.001633389180793208
4050,3,0,0,0,0,0,0,0,0
4100,0,-0.0001016318879636835,-3.111829683147203e-05,-8.326705861612564e-06,0.0004335372298181948,-0.001562279408181776,3.688925164554563e-05,8.313987240566676e-05,0.00162736328372527
4100,1,-1.376736939900982e-05,-9.569144666273319e-07,0.001407235988310206,2.321948816454267e-05,0.0009587523356130075,6.083901936430534e-05,-0.000203952512659118,0.001716259532329556
4100,2,-3.651810683252884e-05,-1.05313341203342e-06,0.001074191665901684,0.0001277200021912069,0.001188198920751056,-9.727677726946482e-05,-0.0002741256002127705,0.001633388841222718
4100,3,0,0,0,0,0,0,0,0
4150,0,-0.000101643507826165,-3.111884422431103e-05,-8.326705861612564e-06,0.0004335372297241454,-0.001562279408181776,3.687516770313497e-05,8.311170451831589e-05,0.001627362261878507
4150,1,-1.376291725992876e-05,-9.568741651711475e-07,0.001407235988372699,2.321948820339937e-05,0.0009587533443550123,6.084442316507971e-05,-0.0002039417051176602,0.001716258967443986
4150,2,-3.651805152322193e-05,-1.053133304392257e-06,0.001074191665902788,0.000127720002191207,0.001188198934211584,-9.727670996682803e-05,-0.0002741254656074969,0.001633388823180072
4150,3,0,0,0,0,0,0,0,0
4200,0,-0.0001016510980213077,-3.11190756388826e-05,-8.326705856747466e-06,0.0004335372297241408,-0.00156227937819955,3.686607104029772e-05,8.309351119264133e-05,0.001627361576457029
4200,1,-1.375446431308516e-05,-9.56837510869596e-07,0.001407235988736296,2.321948820340722e-05,0.0009587553279682014,6.08545466764951e-05,-0.000203921458493953,0.001716257961218688
4200,2,-3.651735456333961e-05,-1.053108070957735e-06,0.001074191665902788,0.0001277200021912071,0.001188198934211584,-9.727587481455523e-05,-0.0002741237953029513,0.001633388477524382
4200,3,0,0,0,0,0,0,0,0
4250,0,-0.0001016549228781791,-3.111913083450316e-05,-8.326705856747466e-06,0.0004335372297241404,-0.00156227937819955,3.686153028621359e-05,8.308442968447307e-05,0.001627361249893575
4250,1,-1.374608158966497e-05,-9.568010900197467e-07,0.001407235988990998,2.321948820995927e-05,0.0009587572347633435,6.086446887448132e-05,-0.000203901614862148,0.001716256953634105
4250,2,-3.65163898735953e-05,-1.053093301884342e-06,0.001074191665908309,0.0001277200021912072,0.001188198968824593,-9.72747368101717e-05,-0.0002741215192941843,0.001633388031387202
4250,3,0,0,0,0,0,0,0,0
4300,0,-0.0001016625268355252,-3.111933122735297e-05,-8.326705856747466e-06,0.0004335372293396069,-0.00156227937819955,3.685264551408997e-05,8.306666013856022e-05,0.001627360620283054
4300,1,-1.374037310128368e-05,-9.567730576596732e-07,0.001407235989589932,2.321948858095617e-05,0.0009587585434679767,6.087116148627111e-05,-0.0002038882297332742,0.00171625628666352
4300,2,-3.65163898735953e-05,-1.053093301884342e-06,0.001074191665908309,0.0001277200021912072,0.001188198968824593,-9.72747368101717e-05,-0.0002741215192941843,0.001633388031387202
4300,3,0,0,0,0,0,0,0,0
4350,0,-0.0001016716128196466,-3.111978377548472e-05,-8.326705856747466e-06,0.0004335372292434616,-0.00156227937819955,3.684214070110328e-05,8.304565051260948e-05,0.001627359886415472
4350,1,-1.373903764797943e-05,-9.567583980057011e-07,0.001407235989677724,2.321948858419817e-05,0.0009587588251078567,6.087270550612183e-05,-0.000203885141882116,0.001716256121304336
4350,2,-3.651566780118147e-05,-1.053039489423293e-06,0.001074191665908309,0.0001277200021912076,0.001188198968824593,-9.72739029505373e-05,-0.0002741198515749155,0.001633387685668113
4350,3,0,0,0,0,0,0,0,0
4400,0,-0.0001016790640618968,-3.11202256229169e-05,-8.326705856747466e-06,0.0004335372291772848,-0.00156227937819955,3.683362282052235e-05,8.302861475070357e-05,0.001627359298314157
4400,1,-1.37363412103696e-05,-9.567464448217115e-07,0.001407235989918873,2.321948862169705e-05,0.0009587594421092748,6.087579057652252e-05,-0.000203878971867938,0.001716255821050679
4400,2,-3.651526943366077e-05,-1.053024859942441e-06,0.001074191665908309,0.0001277200021912076,0.001188198968824593,-9.727344666433723e-05,-0.0002741189390025153,0.001633387496429249
4400,3,0,0,0,0,0,0,0,0
4450,0,-0.0001016840216577543,-3.112033631952588e-05,-8.326705856747466e-06,0.0004335372291743119,-0.00156227937819955,3.682802294039605e-05,8.301741499044074e-05,0.001627358912077071
4450,1,-1.373162527039388e-05,-9.567201181778854e-07,0.001407235990007104,2.321948862479279e-05,0.0009587604448318196,6.088112903170149e-05,-0.0002038682950811142,0.001716255264596379
4450,2,-3.65149384937187e-05,-1.052988792785803e-06,0.001074191665908309,0.0001277200021912078,0.001188198968824593,-9.727307101639695e-05,-0.0002741181877066347,0.001633387340552615
4450,3,0,0,0,0,0,0,0,0
4500,0,-0.0001016909836644988,-3.112060848920459e-05,-8.326705856747466e-06,0.0004335372291743101,-0.00156227937819955,3.682024229263146e-05,8.300185369491152e-05,0.001627358382486417
4500,1,-1.37301580642653e-05,-9.567053290898012e-07,0.001407235990093164,2.321948862479379e-05,0.0009587607353542148,6.08827717857831e-05,-0.0002038650096251548,0.00171625508322562
4500,2,-3.651488389535504e-05,-1.052987666739371e-06,0.001074191665908309,0.0001277200021912079,0.001188198968824593,-9.727300979374202e-05,-0.0002741180652613249,0.001633387315136333
4500,3,0,0,0,0,0,0,0,0
4550,0,-0.0001016968202238463,-3.112091398832971e-05,-8.326705856383738e-06,0.0004335372289415355,-0.001562279371834061,3.681379187405628e-05,8.298895285746106e-05,0.001627357943006574
4550,1,-1.372830783425638e-05,-9.566945342576972e-07,0.001407235990240513,2.321948883584068e-05,0.0009587611221511356,6.088481622313821e-05,-0.0002038609208927179,0.001716254871472381
4550,2,-3.651432993961181e-05,-1.052973803665467e-06,0.001074191665928468,0.0001277200022171462,0.001188199031452444,-9.727239654345701e-05,-0.0002741168387607548,0.001633387105963348
4550,3,0,0,0,0,0,0,0,0
4600,0,-0.0001016998090034715,-3.11210826281386e-05,-8.326705851096931e-06,0.0004335372288050027,-0.00156227935182183,3.681051792899018e-05,8.298240496629798e-05,0.001627357705797521
4600,1,-1.372532359801877e-05,-9.566809696818837e-07,0.001407235990332763,2.321948888888126e-05,0.0009587617638321734,6.088807143633175e-05,-0.0002038544106013442,0.001716254548326057
4600,2,-3.651359244223154e-05,-1.052962134752248e-06,0.001074191665950554,0.0001277200022340891,0.001188199086413172,-9.727159150950918e-05,-0.0002741152289038761,0.00163338681135716
4600,3,0,0,0,0,0,0,0,0
4650,0,-0.0001017032123002133,-3.112115626406359e-05,-8.32670584939873e-06,0.0004335372287607892,-0.001562279342709781,3.680684504368272e-05,8.29750591950761e-05,0.001627357453499225
4650,1,-1.372243699276514e-05,-9.566691080122837e-07,0.001407235990570777,2.321948900996518e-05,0.0009587623896760036,6.089120073760707e-05,-0.0002038481521630425,0.001716254242717319
4650,2,-3.651356973027606e-05,-1.052961352400343e-06,0.001074191665950554,0.0001277200022340891,0.001188199086413172,-9.727156705123276e-05,-0.0002741151799873232,0.001633386801183217
4650,3,0,0,0,0,0,0,0,0
4700,0,-0.0001017056370859679,-3.112123074098709e-05,-8.32670584939873e-06,0.000433537228760787,-0.001562279342709781,3.680424825440488e-05,8.296986561652041e-05,0.001627357282933739
4700,1,-1.371986780113872e-05,-9.566583515832613e-07,0.001407235990742117,2.321948900996879e-05,0.000958762908123645,6.089394529595479e-05,-0.0002038426632313269,0.001716253957372909
4700,2,-3.6513310184658e-05,-1.052954800131967e-06,0.001074191665951095,0.0001277200022340897,0.001188199107958841,-9.727128921244895e-05,-0.0002741146243097556,0.001633386701251002
4700,3,0,0,0,0,0,0,0,0
4750,0,-0.0001017073773413574,-3.112125770294902e-05,-8.326705849080573e-06,0.0004335372286653978,-0.001562279335184263,3.68024076676273e-05,8.296618444296746e-05,0.001627357155657843
4750,1,-1.371588248884268e-05,-9.566420856837303e-07,0.001407235990856776,2.321948958080484e-05,0.0009587637330416756,6.089816372561739e-05,-0.0002038342264828367,0.001716253534091799
4750,2,-3.651309904645782e-05,-1.052951220620507e-06,0.001074191665951095,0.0001277200022340902,0.001188199107958841,-9.727106540349493e-05,-0.0002741141766918476,0.001633386608081528
4750,3,0,0,0,0,0,0,0,0
4800,0,-0.0001017098644992673,-3.112130895021307e-05,-8.326705849080573e-06,0.0004335372286258266,-0.001562279335184263,3.679980168715608e-05,8.296097248157292e-05,0.001627356987432438
4800,1,-1.371383597860658e-05,-9.566335197870889e-07,0.001407235990927386,2.321948958280486e-05,0.0009587641483977144,6.090030296717549e-05,-0.0002038299480651234,0.001716253317603589
4800,2,-3.651297585493189e-05,-1.052948869073021e-06,0.001074191665951095,0.0001277200022340903,0.001188199107958841,-9.727093597268367e-05,-0.000274113917830225,0.001633386554176319
4800,3,0,0,0,0,0,0,0,0
4850,0,-0.0001017118845164036,-3.112135070406408e-05,-8.326705847916651e-06,0.0004335372286100998,-0.001562279325510425,3.679770528615579e-05,8.295677967895811e-05,0.001627356844047754
4850,1,-1.371131068540964e-05,-9.566234723192566e-07,0.001407235991022922,2.321948966283454e-05,0.0009587646547599426,6.090291752012597e-05,-0.0002038247190671156,0.001716253052140579
4850,2,-3.651291157904139e-05,-1.052946845864207e-06,0.001074191665951095,0.0001277200022340903,0.001188199107958841,-9.727086939314098e-05,-0.0002741137846711397,0.00163338652642659
4850,3,0,0,0,0,0,0,0,0
4900,0,-0.0001017129915071103,-3.112136957954702e-05,-8.326705841254004e-06,0.0004335372285485904,-0.001562279308399904,3.679657025974372e-05,8.295450962575347e-05,0.00162735675577244
4900,1,-1.370859024226853e-05,-9.566131996819424e-07,0.001407235991133851,2.321948970243713e-05,0.0009587651813404958,6.090570935873364e-05,-0.000203819135463055,0.001716252760628233
4900,2,-3.651276636851827e-05,-1.052946268050826e-06,0.001074191665958255,0.0001277200022806384,0.001188199160605655,-9.727072098945715e-05,-0.000274113487863772,0.001633386502838534
4900,3,0,0,0,0,0,0,0,0
4950,0,-0.0001017130539655188,-3.112136368726666e-05,-8.326705840687127e-06,0.0004335372285722607,-0.001562279305501159,3.679650331848843e-05,8.295437574274104e-05,0.001627356748448704
4950,1,-1.370578856930479e-05,-9.566021650895991e-07,0.001407235991352794,2.321948994581667e-05,0.0009587657417682938,6.090855556966313e-05,-0.0002038134433269203,0.001716252476534527
4950,2,-3.651273903527726e-05,-1.052946000894382e-06,0.001074191665958255,0.0001277200022872962,0.001188199160605655,-9.727069314952945e-05,-0.0002741134321839166,0.001633386491225821
4950,3,0,0,0,0,0,0,0,0
5000,0,-0.0001017154084032088,-3.112141952863017e-05,-8.326705840687127e-06,0.0004335372285722606,-0.001562279305501159,3.679413695527377e-05,8.29496430163117e-05,0.001627356601927304
5000,1,-1.370507243962661e-05,-9.565977921354934e-07,0.001407235991456746,2.321948994581686e-05,0.0009587658762981416,6.090927642146339e-05,-0.0002038120016498552,0.00171625240042919
5000,2,-3.651273903527726e-05,-1.052946000894382e-06,0.001074191665958255,0.0001277200022872962,0.001188199160605655,-9.727069314952945e-05,-0.0002741134321839166,0.001633386491225821
5000,3,0,0,0,0,0,0,0,0
5050,0,-0.0001017172624789377,-3.112149170374212e-05,-8.326705840687127e-06,0.0004335372285224228,-0.001562279305501159,3.679229151527983e-05,8.29459521361943e-05,0.001627356489330179
5050,1,-1.370407116888822e-05,-9.565880411994265e-07,0.001407235991489079,2.321949000467749e-05,0.0009587660449972386,6.091027270899732e-05,-0.0002038100091114976,0.001716252285434974
5050,2,-3.651238916922172e-05,-1.052932440101624e-06,0.001074191665958613,0.0001277200022872963,0.001188199168167211,-9.727034543221461e-05,-0.0002741127367492869,0.001633386351482929
5050,3,0,0,0,0,0,0,0,0
5100,0,-0.0001017191002583075,-3.112156945181931e-05,-8.326705840687127e-06,0.0004335372284439244,-0.001562279305501159,3.679048027143885e-05,8.294232964712636e-05,0.001627356380084762
5100,1,-1.370342027202134e-05,-9.565822139825417e-07,0.001407235991500069,2.321949007423074e-05,0.0009587661650769015,6.091091402977436e-05,-0.0002038087264810281,0.001716252217770804
5100,2,-3.651236881056862e-05,-1.052930338471992e-06,0.001074191665958613,0.0001277200022872963,0.001188199168167211,-9.727032537047525e-05,-0.0002741126966258082,0.001633386343098309
5100,3,0,0,0,0,0,0,0,0
5150,0,-0.0001017207029022833,-3.112161898517573e-05,-8.326705840687127e-06,0.0004335372283134166,-0.001562279305501159,3.678891684626072e-05,8.293920279611402e-05,0.001627356286463228
5150,1,-1.370266753636748e-05,-9.565793949380277e-07,0.001407235991585092,2.321949015822143e-05,0.0009587663119774524,6.091164857578879e-05,-0.0002038072574755196,0.001716252145517142
5150,2,-3.651199365102872e-05,-1.052904785534791e-06,0.001074191665961145,0.0001277200022895926,0.001188199170308355,-9.726995941070933e-05,-0.0002741119647062763,0.001633386191632111
5150,3,0,0,0,0,0,0,0,0
5200,0,-0.0001017210999647357,-3.112161702536305e-05,-8.326705840078264e-06,0.0004335372282924196,-0.0015622793012627,3.678853405871711e-05,8.293843721987418e-05,0.001627356259498965
5200,1,-1.37012966022438e-05,-9.565746959395098e-07,0.001407235991722163,2.321949041193865e-05,0.000958766576353656,6.091297281650091e-05,-0.0002038046091385005,0.001716252014883983
5200,2,-3.651193165943934e-05,-1.052904297023329e-06,0.001074191665967507,0.0001277200022942978,0.001188199178513881,-9.726989959634133e-05,-0.0002741118450775403,0.001633386172581801
5200,3,0,0,0,0,0,0,0,0
5250,0,-0.0001017221964032661,-3.112164598326099e-05,-8.32670583982704e-06,0.0004335372282924196,-0.001562279299966086,3.678748444220457e-05,8.29363379868491e-05,0.001627356196629431
5250,1,-1.37005897499138e-05,-9.565719085107389e-07,0.001407235991747608,2.321949041193937e-05,0.0009587667036112195,6.091364917300286e-05,-0.0002038032564525332,0.001716251943726191
5250,2,-3.651193165943934e-05,-1.052904297023329e-06,0.001074191665967507,0.0001277200022942978,0.001188199178513881,-9.726989959634133e-05,-0.0002741118450775403,0.001633386172581801
5250,3,0,0,0,0,0,0,0,0
5300,0,-0.0001017235027318703,-3.112169506315055e-05,-8.326705839797747e-06,0.0004335372282666945,-0.001562279299350545,3.678624619235036e-05,8.293386148705406e-05,0.001627356124425217
5300,1,-1.37001404139143e-05,-9.565688910853701e-07,0.001407235991752742,2.321949043812808e-05,0.0009587667850537581,6.091407577890516e-05,-0.0002038024032451919,0.00171625189946312
5300,2,-3.651187031064252e-05,-1.052899870071792e-06,0.001074191665967507,0.0001277200022942978,0.001188199178513881,-9.726984148788823e-05,-0.0002741117288606341,0.001633386148243864
5300,3,0,0,0,0,0,0,0,0
5350,0,-0.0001017242607352232,-3.112172598701989e-05,-8.326705839244786e-06,0.0004335372281598261,-0.00156227929523661,3.678553348923388e-05,8.293243607880356e-05,0.001627356079668561
5350,1,-1.36993032701135e-05,-9.565645812945612e-07,0.00140723599178871,2.321949054450056e-05,0.0009587669358859583,6.09148606066944e-05,-0.0002038008336263023,0.001716251818536616
5350,2,-3.651180821757947e-05,-1.052894274137689e-06,0.001074191665967507,0.0001277200023076733,0.001188199178513881,-9.726978317359159e-05,-0.0002741116122320408,0.001633386123808249
5350,3,0,0,0,0,0,0,0,0
5400,0,-0.0001017255058990549,-3.112175800892501e-05,-8.326705839244786e-06,0.0004335372281530588,-0.00156227929523661,3.678437507335713e-05,8.293011924686464e-05,0.001627356013861009
5400,1,-1.369902965420684e-05,-9.565634710563824e-07,0.001407235991796002,2.321949056925859e-05,0.0009587669829860563,6.091511518285729e-05,-0.0002038003244812543,0.001716251791246292
5400,2,-3.651176585833279e-05,-1.052892660012206e-06,0.001074191665967507,0.0001277200023076733,0.001188199178513881,-9.726974386438459e-05,-0.0002741115336136269,0.001633386107325848
5400,3,0,0,0,0,0,0,0,0
5450,0,-0.0001017265414421979,-3.112180696494161e-05,-8.326705839244786e-06,0.0004335372281035098,-0.00156227929523661,3.67834205840083e-05,8.292821026797408e-05,0.001627355960660565
5450,1,-1.369891428528471e-05,-9.565612782196318e-07,0.001407235991797836,2.321949057895105e-05,0.0009587669971725034,6.091522166772252e-05,-0.0002038001115133469,0.001716251776741082
5450,2,-3.651166073083124e-05,-1.052886569352032e-06,0.001074191665967507,0.0001277200023187477,0.001188199178513881,-9.726964713305684e-05,-0.0002741113401512168,0.001633386066745932
5450,3,0,0,0,0,0,0,0,0
5500,0,-0.0001017273095095346,-3.11218408942052e-05,-8.326705838668104e-06,0.0004335372280917878,-0.001562279293510995,3.678271896499937e-05,8.292680702394253e-05,0.001627355920296228
5500,1,-1.369858096906184e-05,-9.565601889283867e-07,0.001407235991804298,2.321949059014667e-05,0.0009587670580916123,6.091552626609498e-05,-0.000203799502322258,0.001716251746588878
5500,2,-3.651162212571521e-05,-1.05288559227748e-06,0.001074191665967934,0.0001277200023223256,0.001188199182863845,-9.726961182015516e-05,-0.0002741112695254135,0.001633386055092086
5500,3,0,0,0,0,0,0,0,0
5550,0,-0.0001017280104371257,-3.112186595568056e-05,-8.326705838668104e-06,0.0004335372280917878,-0.001562279293510995,3.678208436675139e-05,8.292553782744656e-05,0.001627355885572434
5550,1,-1.369818147298323e-05,-9.565555270547577e-07,0.001407235991809488,2.321949059014681e-05,0.0009587671237779821,6.091588758661797e-05,-0.0002037987796861533,0.001716251707110871
5550,2,-3.651158722110483e-05,-1.052883892460118e-06,0.001074191665967934,0.0001277200023223256,0.001188199182863845,-9.726958009445949e-05,-0.0002741112060740221,0.001633386041773191
5550,3,0,0,0,0,0,0,0,0
5600,0,-0.0001017284491253148,-3.112187405547989e-05,-8.326705837708381e-06,0.0004335372280906068,-0.001562279292119481,3.678169019572082e-05,8.292474948537722e-05,0.001627355862733463
5600,1,-1.369776516901496e-05,-9.565539982093453e-07,0.00140723599184423,2.321949059259485e-05,0.00095876719508788,6.091626032099863e-05,-0.0002037980342532893,0.001716251668364827
5600,2,-3.651153460675768e-05,-1.052883094898649e-06,0.001074191665970961,0.0001277200023223256,0.00118819918659412,-9.726953286558837e-05,-0.0002741111116162799,0.00163338602464793
5600,3,0,0,0,0,0,0,0,0
5650,0,-0.0001017285616600137,-3.112187180969516e-05,-8.326705837708381e-06,0.0004335372280904857,-0.001562279292119481,3.678158873391894e-05,8.292454656176436e-05,0.001627355857091637
5650,1,-1.369736844575552e-05,-9.565524802704401e-07,0.001407235991909382,2.321949059292938e-05,0.0009587672608631138,6.091661223250846e-05,-0.0002037973304994052,0.001716251630918698
5650,2,-3.651152024025066e-05,-1.052882899870222e-06,0.00107419166597243,0.0001277200023223256,0.001188199187776396,-9.726952010120973e-05,-0.0002741110860875225,0.001633386020143366
5650,3,0,0,0,0,0,0,0,0
5700,0,-0.0001017292578574657,-3.11218888257117e-05,-8.326705837708381e-06,0.0004335372280889897,-0.001562279292119481,3.678097524205826e-05,8.29233195780339e-05,0.00162735582454866
5700,1,-1.369733217279236e-05,-9.565519519237326e-07,0.001407235991909433,2.32194905929826e-05,0.0009587672631563929,6.091664421516009e-05,-0.0002037972665341341,0.001716251625449669
5700,2,-3.651152024025066e-05,-1.052882899870222e-06,0.00107419166597243,0.0001277200023223256,0.001188199187776396,-9.726952010120973e-05,-0.0002741110860875225,0.001633386020143366
5700,3,0,0,0,0,0,0,0,0
5750,0,-0.0001017296579319807,-3.112190485477099e-05,-8.32670583743233e-06,0.0004335372280885627,-0.001562279291023815,3.678062570226085e-05,8.292262049843154e-05,0.001627355805290538
5750,1,-1.369698905515906e-05,-9.565501882829747e-07,0.001407235991923137,2.321949059363622e-05,0.0009587673197299193,6.091694380127063e-05,-0.0002037966673764063,0.001716251593812129
5750,2,-3.651146856825022e-05,-1.052880492355861e-06,0.00107419166597243,0.0001277200023223581,0.001188199187776396,-9.726947481043189e-05,-0.0002741109955059669,0.001633386001088489
5750,3,0,0,0,0,0,0,0,0
5800,0,-0.0001017301494473601,-3.112192648943756e-05,-8.32670583743233e-06,0.0004335372280885627,-0.001562279291023815,3.678020008941549e-05,8.292176927274081e-05,0.001627355783436316
5800,1,-1.3696841137025e-05,-9.565487021694751e-07,0.001407235991925045,2.321949059363622e-05,0.000958767338537518,6.091707197364445e-05,-0.0002037964110329832,0.001716251577248897
5800,2,-3.651146856825022e-05,-1.052880492355861e-06,0.00107419166597243,0.0001277200023223581,0.001188199187776396,-9.726947481043189e-05,-0.0002741109955059669,0.001633386001088489
5800,3,0,0,0,0,0,0,0,0
5850,0,-0.0001017304661185321,-3.112194331496878e-05,-8.326705837360769e-06,0.0004335372280805424,-0.001562279290800088,3.677992797300368e-05,8.292122503987604e-05,0.001627355769455744
5850,1,-1.369645746650456e-05,-9.565475842963767e-07,0.001407235991936871,2.321949060861533e-05,0.0009587674039447831,6.091740082013439e-05,-0.0002037957533493806,0.001716251544311039
5850,2,-3.651141052420069e-05,-1.052878033685545e-06,0.001074191665973923,0.0001277200023258441,0.001188199190402058,-9.726942490556607e-05,-0.0002741108957098914,0.001633385981981299
5850,3,0,0,0,0,0,0,0,0
5900,0,-0.0001017307027654705,-3.11219472417667e-05,-8.326705837360769e-06,0.0004335372280793282,-0.001562279290800088,3.677972638882039e-05,8.292082187149297e-05,0.001627355759224759
5900,1,-1.369607662503335e-05,-9.565463379380936e-07,0.001407235991947516,2.32194906166976e-05,0.0009587674669776218,6.091772485976076e-05,-0.000203795105280385,0.001716251511039638
5900,2,-3.651137764582523e-05,-1.052877188460233e-06,0.001074191665974197,0.0001277200023258441,0.001188199191407465,-9.726939696657287e-05,-0.0002741108398319049,0.001633385970936279
5900,3,0,0,0,0,0,0,0,0
5950,0,-0.0001017309425724628,-3.112195060557191e-05,-8.326705837322224e-06,0.0004335372280768601,-0.001562279289802374,3.677952415662851e-05,8.292041740710527e-05,0.001627355748141878
5950,1,-1.369573101126689e-05,-9.56544718861486e-07,0.001407235991956226,2.321949061898674e-05,0.0009587675171969909,6.091801668646346e-05,-0.0002037945216352167,0.0017162514773963
5950,2,-3.651134459652382e-05,-1.052876567146395e-06,0.001074191665974315,0.0001277200023258441,0.001188199193079045,-9.726936911541383e-05,-0.0002741107841295869,0.001633385960406799
5950,3,0,0,0,0,0,0,0,0
6000,0,-0.0001017312651122153,-3.112195942006279e-05,-8.326705837322224e-06,0.0004335372280765392,-0.001562279289802374,3.677925426149393e-05,8.291987761683256e-05,0.001627355734869084
6000,1,-1.369568201931105e-05,-9.565444975267152e-07,0.001407235991957615,2.321949061918306e-05,0.0009587675242572675,6.091805771341859e-05,-0.0002037944395827199,0.001716251472663524
6000,2,-3.651131472637738e-05,-1.052876307146816e-06,0.001074191665974315,0.0001277200023258441,0.001188199193079045,-9.72693440901237e-05,-0.0002741107340790066,0.001633385949849301
6000,3,0,0,0,0,0,0,0,0
6050,0,-0.000101731588129072,-3.112197597085575e-05,-8.326705837322224e-06,0.0004335372280765392,-0.001562279289802374,3.67789861632239e-05,8.291934142029248e-05,0.001627355721998163
6050,1,-1.369557270426415e-05,-9.565432398298518e-07,0.001407235991959634,2.321949061918307e-05,0.0009587675395866197,6.091814852277377e-05,-0.0002037942579660334,0.001716251462013142
6050,2,-3.651130028654397e-05,-1.052875457663384e-06,0.001074191665974315,0.0001277200023258441,0.001188199193079045,-9.726933215440425e-05,-0.0002741107102075677,0.001633385944809152
6050,3,0,0,0,0,0,0,0,0
6100,0,-0.0001017318186513458,-3.112198816456341e-05,-8.326705837322224e-06,0.0004335372280698874,-0.001562279289802374,3.677879646554978e-05,8.291896202487725e-05,0.001627355713021648
6100,1,-1.36955192368245e-05,-9.565429738645375e-07,0.001407235991962985,2.32194906211711e-05,0.0009587675478780048,6.091819256109599e-05,-0.0002037941698915991,0.001716251457325848
6100,2,-3.651126653015209e-05,-1.052875317585102e-06,0.001074191665976466,0.0001277200023286777,0.001188199197683925,-9.726930432156839e-05,-0.000274110654541896,0.001633385936406799
6100,3,0,0,0,0,0,0,0,0
6150,0,-0.0001017320701574322,-3.112200310963237e-05,-8.326705837313927e-06,0.0004335372280694641,-0.001562279289576003,3.67785910879882e-05,8.291855126975469e-05,0.001627355703241772
6150,1,-1.369548097857742e-05,-9.565425774143554e-07,0.001407235991964126,2.321949062189416e-05,0.0009587675531097383,6.091822379231587e-05,-0.0002037941074309262,0.001716251453635669
6150,2,-3.651122113833829e-05,-1.05287340394674e-06,0.001074191665976579,0.0001277200023287587,0.001188199198035273,-9.726926727882981e-05,-0.0002741105804564189,0.001633385921007829
6150,3,0,0,0,0,0,0,0,0
6200,0,-0.0001017322589745338,-3.112201213767488e-05,-8.326705837313927e-06,0.0004335372280672395,-0.001562279289576003,3.677843811551887e-05,8.291824532477853e-05,0.001627355696171536
6200,1,-1.36953601293906e-05,-9.56542117877133e-07,0.001407235991967255,2.321949062385632e-05,0.0009587675720906157,6.091832150307877e-05,-0.0002037939120120821,0.001716251443540621
6200,2,-3.651120884002568e-05,-1.052872743500965e-06,0.001074191665976579,0.0001277200023287587,0.001188199198035273,-9.726925731621247e-05,-0.0002741105605311842,0.001633385916795416
6200,3,0,0,0,0,0,0,0,0
6250,0,-0.0001017323868612677,-3.112201513703544e-05,-8.326705837313927e-06,0.0004335372280641619,-0.001562279289576003,3.677833534537425e-05,8.291803978446769e-05,0.001627355691427328
6250,1,-1.369521059178858e-05,-9.565416449696604e-07,0.001407235991970065,2.321949062758653e-05,0.0009587675951088334,6.091844155018198e-05,-0.0002037936719208602,0.001716251430960136
6250,2,-3.65111889240287e-05,-1.052872589374251e-06,0.001074191665976579,0.0001277200023287587,0.001188199198035273,-9.726924125492459e-05,-0.0002741105284086084,0.001633385910002946
6250,3,0,0,0,0,0,0,0,0
6300,0,-0.0001017325730108754,-3.112202022540522e-05,-8.326705837233792e-06,0.0004335372280641619,-0.001562279289400996,3.677818703795992e-05,8.291774316963901e-05,0.001627355684528556
6300,1,-1.369517263152167e-05,-9.565412752369678e-07,0.001407235991971292,2.321949062758654e-05,0.0009587675988969842,6.09184718827315e-05,-0.0002037936112569763,0.001716251426647455
6300,2,-3.65111889240287e-05,-1.052872589374251e-06,0.001074191665976579,0.0001277200023287587,0.001188199198035273,-9.726924125492459e-05,-0.0002741105284086084,0.001633385910002946
6300,3,0,0,0,0,0,0,0,0
6350,0,-0.000101732729479564,-3.112202887162855e-05,-8.326705837233792e-06,0.0004335372280641617,-0.001562279289400996,3.677806333164798e-05,8.291749575701513e-05,0.001627355679073394
6350,1,-1.369514652792499e-05,-9.56541059753283e-07,0.001407235991972221,2.321949062758656e-05,0.0009587676024710413,6.091849255656293e-05,-0.0002037935699103611,0.001716251424260591
6350,2,-3.651117857938216e-05,-1.052872518012088e-06,0.001074191665976855,0.0001277200023287587,0.001188199198879479,-9.726923307174148e-05,-0.0002741105120422421,0.001633385907152087
6350,3,0,0,0,0,0,0,0,0
6400,0,-0.0001017328402614642,-3.112203359211937e-05,-8.326705837206865e-06,0.0004335372280641617,-0.001562279288983514,3.677797647977165e-05,8.291732205326251e-05,0.001627355674874886
6400,1,-1.369506857509081e-05,-9.565408381045766e-07,0.001407235991973989,2.321949062758662e-05,0.0009587676147133787,6.091855376909688e-05,-0.0002037934474869886,0.001716251418114725
6400,2,-3.651116443391405e-05,-1.052872217193917e-06,0.00107419166597686,0.0001277200023287587,0.001188199199586128,-9.726922195793877e-05,-0.0002741104898146368,0.001633385902957738
6400,3,0,0,0,0,0,0,0,0
6450,0,-0.0001017329821317911,-3.112203885708373e-05,-8.326705837206865e-06,0.0004335372280641617,-0.001562279288983514,3.677786605141131e-05,8.291710119654182e-05,0.001627355670095715
6450,1,-1.369504853206559e-05,-9.565406510331896e-07,0.001407235991974347,2.321949062758662e-05,0.0009587676173182647,6.091856932025903e-05,-0.0002037934163851157,0.001716251416269024
6450,2,-3.651114687983963e-05,-1.052871462630774e-06,0.00107419166597686,0.0001277200023287587,0.001188199199586128,-9.726920831674749e-05,-0.0002741104625322542,0.001633385897174065
6450,3,0,0,0,0,0,0,0,0
6500,0,-0.0001017331105888097,-3.112204682457327e-05,-8.326705837206865e-06,0.0004335372280626795,-0.001562279288983514,3.677776683930773e-05,8.291690277233408e-05,0.001627355665925822
6500,1,-1.3695039027082e-05,-9.565404530057073e-07,0.001407235991974533,2.321949062763806e-05,0.0009587676183063235,6.091857666859267e-05,-0.000203793401688548,0.0017162514152609
6500,2,-3.651113238537363e-05,-1.052870524082496e-06,0.001074191665976864,0.0001277200023289759,0.001188199199633678,-9.726919711838396e-05,-0.0002741104401355272,0.001633385892458646
6500,3,0,0,0,0,0,0,0,0
6550,0,-0.0001017332088554002,-3.112205429046632e-05,-8.32670583717081e-06,0.0004335372280626795,-0.001562279288847653,3.677769150604056e-05,8.291675210579974e-05,0.001627355662701998
6550,1,-1.369501555133007e-05,-9.56539957063453e-07,0.001407235991975082,2.321949062763807e-05,0.0009587676210894383,6.091859462635617e-05,-0.0002037933657735956,0.00171625141300126
6550,2,-3.651113238537363e-05,-1.052870524082496e-06,0.001074191665976864,0.0001277200023289759,0.001188199199633678,-9.726919711838396e-05,-0.0002741104401355272,0.001633385892458646
6550,3,0,0,0,0,0,0,0,0
6600,0,-0.0001017333119208656,-3.112206123315773e-05,-8.32670583717081e-06,0.0004335372280626795,-0.001562279288847653,3.677761311671282e-05,8.291659532714425e-05,0.001627355659518132
6600,1,-1.369501210215874e-05,-9.565398674952125e-07,0.001407235991975092,2.321949062763807e-05,0.0009587676211282821,6.091859724630266e-05,-0.0002037933605337026,0.001716251412466188
6600,2,-3.651113045168129e-05,-1.052870442469658e-06,0.001074191665976864,0.0001277200023289759,0.001188199199633678,-9.726919564777711e-05,-0.0002741104371943134,0.001633385891834207
6600,3,0,0,0,0,0,0,0,0
6650,0,-0.0001017333829953856,-3.112206764626629e-05,-8.326705837115546e-06,0.0004335372280626795,-0.001562279288795792,3.677755945991559e-05,8.291648801354984e-05,0.001627355657353748
6650,1,-1.369497282770261e-05,-9.565396270535563e-07,0.001407235991977858,2.321949062763814e-05,0.0009587676266478715,6.091862686006704e-05,-0.000203793301309208,0.001716251409257028
6650,2,-3.651112017271672e-05,-1.05286948132836e-06,0.001074191665976864,0.0001277200023289759,0.001188199199633678,-9.726918787985505e-05,-0.0002741104216584693,0.001633385888534053
6650,3,0,0,0,0,0,0,0,0
6700,0,-0.0001017334342901287,-3.112206922785627e-05,-8.326705837115546e-06,0.0004335372280626795,-0.001562279288795792,3.677752104575267e-05,8.291641118522395e-05,0.001627355655807989
6700,1,-1.369490384754927e-05,-9.565394230336647e-07,0.001407235991979446,2.321949062763815e-05,0.0009587676367402756,6.091867852582431e-05,-0.0002037931979792956,0.001716251403909969
6700,2,-3.651112017271672e-05,-1.05286948132836e-06,0.001074191665976864,0.0001277200023289759,0.001188199199633678,-9.726918787985505e-05,-0.0002741104216584693,0.001633385888534053
6700,3,0,0,0,0,0,0,0,0
6750,0,-0.0001017335080684788,-3.112207155264292e-05,-8.326705837115546e-06,0.0004335372280626795,-0.001562279288795792,3.677746617746926e-05,8.291630144865712e-05,0.001627355653633422
6750,1,-1.369489357917976e-05,-9.565392868151901e-07,0.001407235991979682,2.321949062763815e-05,0.000958767637739384,6.091868614589717e-05,-0.000203793182739388,0.001716251402847132
6750,2,-3.651111785840026e-05,-1.052869389273599e-06,0.001074191665976864,0.0001277200023289759,0.001188199199633678,-9.72691861617285e-05,-0.0002741104182222162,0.001633385887803283
6750,3,0,0,0,0,0,0,0,0
6800,0,-0.000101733567900731,-3.112207467106355e-05,-8.326705837115546e-06,0.0004335372280626795,-0.001562279288795792,3.677742200305945e-05,8.29162130998375e-05,0.001627355651933623
6800,1,-1.369487358640568e-05,-9.565389288758893e-07,0.001407235991979779,2.321949062763816e-05,0.000958767639994368,6.091870087327198e-05,-0.0002037931532847369,0.001716251400972417
6800,2,-3.651111222823337e-05,-1.052869153312453e-06,0.001074191665976864,0.0001277200023289759,0.001188199199633678,-9.726918200163893e-05,-0.0002741104099020371,0.001633385886033274
6800,3,0,0,0,0,0,0,0,0
6850,0,-0.0001017336191206723,-3.112207735702447e-05,-8.326705837115546e-06,0.0004335372280625259,-0.001562279288795792,3.677738446228405e-05,8.291613801828714e-05,0.001627355650513028
6850,1,-1.369485029471174e-05,-9.565388468976514e-07,0.001407235991980249,2.321949062779152e-05,0.0009587676428012603,6.091871791048994e-05,-0.0002037931192107797,0.001716251398913636
6850,2,-3.651110862351902e-05,-1.052868847548245e-06,0.001074191665976864,0.0001277200023289759,0.001188199199633678,-9.726917936468622e-05,-0.0002741104046281317,0.001633385884910416
6850,3,0,0,0,0,0,0,0,0
6900,0,-0.0001017336516445016,-3.112207843110152e-05,-8.326705837115546e-06,0.0004335372280623321,-0.001562279288795792,3.67773608106434e-05,8.291609071500974e-05,0.00162735564962205
6900,1,-1.369481172098026e-05,-9.565386795110098e-07,0.001407235991980902,2.321949062796613e-05,0.0009587676481049889,6.091874598607951e-05,-0.0002037930630602512,0.001716251395898218
6900,2,-3.651110265013552e-05,-1.052868770588908e-06,0.001074191665976864,0.0001277200023290089,0.001188199199633678,-9.726917502525107e-05,-0.0002741103959492614,0.001633385883061965
6900,3,0,0,0,0,0,0,0,0
6950,0,-0.0001017336823418866,-3.112207918311121e-05,-8.326705837115546e-06,0.0004335372280622309,-0.001562279288795792,3.677733864261582e-05,8.291604637895268e-05,0.001627355648795473
6950,1,-1.36947730666863e-05,-9.565385344647912e-07,0.001407235991982989,2.321949062829292e-05,0.0009587676534135446,6.091877390476174e-05,-0.0002037930072250353,0.001716251392917919
6950,2,-3.651110228463403e-05,-1.052868748273917e-06,0.001074191665976864,0.0001277200023290089,0.001188199199633678,-9.726917476199733e-05,-0.0002741103954227539,0.001633385882949747
6950,3,0,0,0,0,0,0,0,0
7000,0,-0.0001017337243672006,-3.112208064588308e-05,-8.326705837115546e-06,0.0004335372280622309,-0.001562279288795792,3.677730851361146e-05,8.291598612094398e-05,0.001627355647699522
7000,1,-1.369476651485254e-05,-9.565384232592306e-07,0.001407235991983101,2.321949062829292e-05,0.0009587676538724354,6.091877860428842e-05,-0.0002037929978260532,0.00171625139217277
7000,2,-3.651110130944045e-05,-1.052868700720728e-06,0.001074191665976864,0.0001277200023290089,0.001188199199633678,-9.726917406374612e-05,-0.0002741103940262515,0.001633385882651979
7000,3,0,0,0,0,0,0,0,0
7050,0,-0.0001017337608103504,-3.112208278560755e-05,-8.326705837100322e-06,0.0004335372280621817,-0.001562279288711139,3.677728256788991e-05,8.291593422949982e-05,0.0016273556467071
7050,1,-1.369476095928325e-05,-9.565383314669797e-07,0.001407235991983202,2.321949062837851e-05,0.0009587676544906481,6.091878255415631e-05,-0.0002037929899264296,0.001716251391676008
7050,2,-3.651109875294463e-05,-1.052868620782694e-06,0.001074191665976864,0.0001277200023290089,0.001188199199633678,-9.726917224624589e-05,-0.0002741103903912511,0.001633385881876533
7050,3,0,0,0,0,0,0,0,0
7100,0,-0.0001017337959326041,-3.112208534566763e-05,-8.326705837100322e-06,0.000433537228061908,-0.001562279288711139,3.677725774247035e-05,8.291588457865894e-05,0.001627355645860831
7100,1,-1.369475824363795e-05,-9.56538261015829e-07,0.001407235991983234,2.321949062844214e-05,0.0009587676545493211,6.091878447169746e-05,-0.0002037929860913799,0.001716251391299781
7100,2,-3.651109549919268e-05,-1.052868235128545e-06,0.001074191665976864,0.0001277200023290089,0.001188199199633678,-9.726916994734498e-05,-0.0002741103857934492,0.001633385880895061
7100,3,0,0,0,0,0,0,0,0
7150,0,-0.0001017338165597821,-3.112208731143455e-05,-8.326705837100322e-06,0.0004335372280619018,-0.001562279288711139,3.677724325233787e-05,8.291585559840186e-05,0.001627355645383877
7150,1,-1.369473901318619e-05,-9.565381816806822e-07,0.001407235991983959,2.32194906298982e-05,0.000958767657032813,6.091879795667913e-05,-0.000203792959122347,0.001716251389810549
7150,2,-3.651109236166147e-05,-1.052868141875998e-06,0.001074191665976864,0.0001277200023290089,0.001188199199633678,-9.72691677471127e-05,-0.0002741103813929847,0.001633385879955369
7150,3,0,0,0,0,0,0,0,0
7200,0,-0.0001017338232806499,-3.11220869581565e-05,-8.326705837100322e-06,0.0004335372280616204,-0.001562279288711139,3.677723858582614e-05,8.291584626537657e-05,0.00162735564521621
7200,1,-1.369470724852152e-05,-9.565379858700688e-07,0.001407235991986135,2.321949063011379e-05,0.0009587676613009186,6.091882010133432e-05,-0.0002037929148350676,0.001716251387470323
7200,2,-3.651109205227231e-05,-1.052868141530739e-06,0.001074191665976898,0.0001277200023290089,0.001188199199676853,-9.726916753123973e-05,-0.0002741103809612387,0.001633385879894572
7200,3,0,0,0,0,0,0,0,0
7250,0,-0.0001017338336993641,-3.112208722061561e-05,-8.326705837094725e-06,0.0004335372280616204,-0.001562279288682645,3.677723135874149e-05,8.291583181120726e-05,0.001627355644945412
7250,1,-1.369467793812002e-05,-9.565379140040056e-07,0.001407235991987094,2.321949063011379e-05,0.0009587676652628238,6.091884035277078e-05,-0.0002037928743331504,0.001716251385359981
7250,2,-3.651109093858359e-05,-1.052868128417615e-06,0.001074191665976923,0.0001277200023290089,0.001188199199801621,-9.726916676215884e-05,-0.0002741103794233273,0.001633385879656561
7250,3,0,0,0,0,0,0,0,0
7300,0,-0.0001017338489822853,-3.112208750404815e-05,-8.326705837094725e-06,0.0004335372280615314,-0.001562279288682645,3.677722085524418e-05,8.291581080421156e-05,0.001627355644598513
7300,1,-1.369465291838024e-05,-9.56537848396743e-07,0.001407235991988096,2.321949063053962e-05,0.0009587676687032838,6.091885755558339e-05,-0.0002037928399285485,0.001716251383608422
7300,2,-3.651108828658006e-05,-1.052868088238268e-06,0.001074191665976923,0.0001277200023290098,0.001188199199801621,-9.7269164935859e-05,-0.0002741103757707277,0.001633385878875528
7300,3,0,0,0,0,0,0,0,0
7350,0,-0.0001017338362956942,-3.112208735643915e-05,-8.326705836992469e-06,0.0004335372280617054,-0.001562279288519723,3.677722953632744e-05,8.291582816637832e-05,0.001627355644727039
7350,1,-1.369460888830611e-05,-9.565377418483271e-07,0.001407235991990741,2.32194906308834e-05,0.000958767674669409,6.091888762352579e-05,-0.0002037927797953531,0.001716251380518998
7350,2,-3.651108681246729e-05,-1.052868068161647e-06,0.001074191665976993,0.0001277200023290104,0.001188199199977894,-9.72691639295768e-05,-0.0002741103737581633,0.001633385878573172
7350,3,0,0,0,0,0,0,0,0
7400,0,-0.0001017338506542972,-3.112208763677319e-05,-8.326705836985088e-06,0.000433537228061652,-0.001562279288492376,3.677721980346469e-05,8.29158087006527e-05,0.001627355644391999
7400,1,-1.369460210405248e-05,-9.565377178096049e-07,0.001407235991990991,2.321949063106486e-05,0.00095876767556575,6.091889223042804e-05,-0.0002037927705817223,0.001716251380035261
7400,2,-3.65110823246939e-05,-1.05286797905293e-06,0.001074191665976993,0.0001277200023290104,0.001188199199977894,-9.72691608898821e-05,-0.0002741103676787739,0.001633385877271557
7400,3,0,0,0,0,0,0,0,0
7450,0,-0.0001017338630988019,-3.11220879799591e-05,-8.326705836984102e-06,0.0004335372280613431,-0.001562279288480088,3.677721142646845e-05,8.291579194664914e-05,0.001627355644121697
7450,1,-1.369459017329184e-05,-9.565376484054015e-07,0.001407235991991222,2.321949063150896e-05,0.0009587676770625886,6.091890027043945e-05,-0.0002037927545019088,0.001716251379152431
7450,2,-3.651108009668161e-05,-1.052867945493486e-06,0.001074191665976993,0.000127720002329138,0.001188199199977894,-9.726915938825029e-05,-0.0002741103646755102,0.00163338587662832
7450,3,0,0,0,0,0,0,0,0
7500,0,-0.0001017338776504963,-3.112208859188198e-05,-8.326705836984102e-06,0.0004335372280613431,-0.001562279288480088,3.677720169261975e-05,8.291577247895172e-05,0.001627355643831215
7500,1,-1.369458321534218e-05,-9.565376166542044e-07,0.001407235991991301,2.321949063150896e-05,0.0009587676779465615,6.091890493265487e-05,-0.0002037927451775469,0.001716251378649066
7500,2,-3.651108009668161e-05,-1.052867945493486e-06,0.001074191665976993,0.000127720002329138,0.001188199199977894,-9.726915938825029e-05,-0.0002741103646755102,0.00163338587662832
7500,3,0,0,0,0,0,0,0,0
7550,0,-0.0001017338909596028,-3.112208947770688e-05,-8.326705836984102e-06,0.0004335372280613431,-0.001562279288480088,3.677719284813056e-05,8.291575478997336e-05,0.001627355643579017
7550,1,-1.369458196483914e-05,-9.565375707823164e-07,0.001407235991991301,2.321949063150896e-05,0.0009587676779465615,6.091890576424922e-05,-0.0002037927435143582,0.001716251378471088
7550,2,-3.651107944839769e-05,-1.052867886244818e-06,0.001074191665976993,0.000127720002329138,0.001188199199977894,-9.726915895816445e-05,-0.0002741103638153386,0.001633385876443827
7550,3,0,0,0,0,0,0,0,0
7600,0,-0.0001017339019126538,-3.112209031654014e-05,-8.326705836984102e-06,0.0004335372280613431,-0.001562279288480088,3.677718561792289e-05,8.291574032955802e-05,0.001627355643379614
7600,1,-1.369458109009133e-05,-9.56537528747434e-07,0.001407235991991304,2.321949063150896e-05,0.0009587676780211471,6.091890634156593e-05,-0.0002037927423597273,0.001716251378389141
7600,2,-3.651107944839769e-05,-1.052867886244818e-06,0.001074191665976993,0.000127720002329138,0.001188199199977894,-9.726915895816445e-05,-0.0002741103638153386,0.001633385876443827
7600,3,0,0,0,0,0,0,0,0
7650,0,-0.0001017339100086401,-3.112209105880178e-05,-8.326705836984102e-06,0.0004335372280613431,-0.001562279288480088,3.677718030583891e-05,8.291572970539007e-05,0.001627355643238565
7650,1,-1.369457349636111e-05,-9.565375155137548e-07,0.0014072359919914,2.321949063150896e-05,0.000958767679015484,6.091891131330069e-05,-0.0002037927324163556,0.001716251377879864
7650,2,-3.651107944839769e-05,-1.052867886244818e-06,0.001074191665976993,0.000127720002329138,0.001188199199977894,-9.726915895816445e-05,-0.0002741103638153386,0.001633385876443827
7650,3,0,0,0,0,0,0,0,0
7700,0,-0.0001017339107828628,-3.112209109265428e-05,-8.326705836984102e-06,0.0004335372280611614,-0.001562279288480088,3.677717981214903e-05,8.29157287180093e-05,0.001627355643226099
7700,1,-1.36945602755012e-05,-9.5653747653435e-07,0.001407235991992174,2.321949063154756e-05,0.0009587676806309935,6.091891994025804e-05,-0.0002037927151632214,0.001716251376935002
7700,2,-3.651107862994314e-05,-1.052867878571878e-06,0.001074191665976993,0.000127720002329138,0.001188199199977894,-9.726915842510819e-05,-0.000274110362749226,0.001633385876214871
7700,3,0,0,0,0,0,0,0,0
7750,0,-0.000101733916545339,-3.112209120637319e-05,-8.326705836983936e-06,0.000433537228060805,-0.001562279288469138,3.677717608026894e-05,8.291572125424468e-05,0.001627355643113281
7750,1,-1.36945504609015e-05,-9.565374333323571e-07,0.001407235991992278,2.321949063192743e-05,0.0009587676818264424,6.091892628927954e-05,-0.0002037927024652828,0.001716251376242151
7750,2,-3.651107642128922e-05,-1.052867747595488e-06,0.001074191665976993,0.000127720002329278,0.001188199199977894,-9.726915699353397e-05,-0.0002741103598860718,0.00163338587559969
7750,3,0,0,0,0,0,0,0,0
7800,0,-0.0001017339207435276,-3.112209126411223e-05,-8.326705836983936e-06,0.000433537228060801,-0.001562279288469138,3.677717337938531e-05,8.291571585247744e-05,0.001627355643040569
7800,1,-1.369454775234587e-05,-9.565374043711523e-07,0.001407235991992514,2.321949063193289e-05,0.0009587676821156019,6.091892803054509e-05,-0.0002037926989830052,0.001716251376030563
7800,2,-3.651107378777642e-05,-1.052867716719809e-06,0.001074191665976993,0.000127720002329278,0.001188199199977894,-9.726915530219186e-05,-0.0002741103565033876,0.00163338587487241
7800,3,0,0,0,0,0,0,0,0
7850,0,-0.0001017339271232039,-3.112209146546673e-05,-8.326705836983936e-06,0.0004335372280607648,-0.001562279288469138,3.677716930261195e-05,8.291570769893053e-05,0.001627355642935669
7850,1,-1.369454673568157e-05,-9.565373725800923e-07,0.001407235991992539,2.321949063193949e-05,0.0009587676821615787,6.091892868042638e-05,-0.0002037926976832516,0.00171625137591687
7850,2,-3.651107299422349e-05,-1.052867659596052e-06,0.001074191665976993,0.0001277200023292804,0.001188199199977894,-9.726915479520491e-05,-0.0002741103554894134,0.001633385874654281
7850,3,0,0,0,0,0,0,0,0
7900,0,-0.0001017339328355485,-3.11220917682791e-05,-8.326705836983936e-06,0.0004335372280607648,-0.001562279288469138,3.677716567501284e-05,8.291570044373231e-05,0.001627355642846925
7900,1,-1.369454566065599e-05,-9.565373694259627e-07,0.001407235991992546,2.321949063193949e-05,0.0009587676822914623,6.091892936211232e-05,-0.0002037926963198863,0.00171625137584316
7900,2,-3.651107243616012e-05,-1.052867550227569e-06,0.001074191665976993,0.0001277200023292804,0.001188199199977894,-9.726915444085184e-05,-0.0002741103547807072,0.001633385874501701
7900,3,0,0,0,0,0,0,0,0
7950,0,-0.0001017339379326254,-3.112209211549911e-05,-8.326705836983936e-06,0.0004335372280607648,-0.001562279288469138,3.677716245867596e-05,8.291569401105856e-05,0.001627355642771769
7950,1,-1.369454540917003e-05,-9.565373668363632e-07,0.001407235991992554,2.321949063193949e-05,0.0009587676823174554,6.091892952063613e-05,-0.0002037926960028472,0.00171625137582366
7950,2,-3.651107192126586e-05,-1.052867501092496e-06,0.001074191665976993,0.0001277200023292804,0.001188199199977894,-9.726915411579325e-05,-0.0002741103541305901,0.001633385874361702
7950,3,0,0,0,0,0,0,0,0
8000,0,-0.0001017339420284249,-3.112209244535411e-05,-8.326705836983936e-06,0.0004335372280607001,-0.001562279288469138,3.677715989106011e-05,8.29156888758266e-05,0.001627355642714435
8000,1,-1.369454083085538e-05,-9.565373497976612e-07,0.001407235991992691,2.321949063203619e-05,0.0009587676828363644,6.091893239254687e-05,-0.0002037926902591633,0.001716251375497034
8000,2,-3.651107153020931e-05,-1.052867369184921e-06,0.001074191665976993,0.0001277200023292804,0.001188199199977894,-9.726915387005498e-05,-0.0002741103536391135,0.001633385874255763
8000,3,0,0,0,0,0,0,0,0
8050,0,-0.0001017339462557951,-3.112209285436778e-05,-8.326705836983936e-06,0.0004335372280607001,-0.001562279288469138,3.677715725685378e-05,8.291568360741395e-05,0.001627355642658568
8050,1,-1.369454050465346e-05,-9.565373460673815e-07,0.001407235991992696,2.321949063203619e-05,0.0009587676828580473,6.091893259593235e-05,-0.0002037926898523966,0.001716251375465464
8050,2,-3.651107107502545e-05,-1.052867339863528e-06,0.001074191665976993,0.0001277200023292804,0.001188199199977894,-9.726915358597011e-05,-0.0002741103530709438,0.001633385874133303
8050,3,0,0,0,0,0,0,0,0
8100,0,-0.000101733948752712,-3.112209315002724e-05,-8.326705836983936e-06,0.0004335372280607001,-0.001562279288469138,3.677715570994428e-05,8.291568051359495e-05,0.001627355642627724
8100,1,-1.369453507796118e-05,-9.565373184698502e-07,0.001407235991992755,2.321949063203621e-05,0.0009587676835233668,6.091893595370013e-05,-0.0002037926831369367,0.001716251375115642
8100,2,-3.651107076523519e-05,-1.0528673083339e-06,0.001074191665976993,0.0001277200023292804,0.001188199199977894,-9.726915339402962e-05,-0.0002741103526870628,0.001633385874050506
8100,3,0,0,0,0,0,0,0,0
8150,0,-0.000101733951620921,-3.112209325395049e-05,-8.326705836983936e-06,0.0004335372280607001,-0.001562279288469138,3.677715394501627e-05,8.291567698373894e-05,0.00162735564258928
8150,1,-1.369453292719057e-05,-9.565373110397428e-07,0.001407235991992812,2.321949063203621e-05,0.0009587676837680354,6.091893727928336e-05,-0.0002037926804858124,0.001716251374967455
8150,2,-3.651107076523519e-05,-1.0528673083339e-06,0.001074191665976993,0.0001277200023292804,0.001188199199977894,-9.726915339402962e-05,-0.0002741103526870628,0.001633385874050506
8150,3,0,0,0,0,0,0,0,0
8200,0,-0.0001017339544507667,-3.112209334979292e-05,-8.326705836983936e-06,0.0004335372280606694,-0.001562279288469138,3.677715221361624e-05,8.291567352093865e-05,0.001627355642552451
8200,1,-1.369453205651644e-05,-9.565373021721051e-07,0.001407235991992866,2.321949063204911e-05,0.000958767683844363,6.091893781131015e-05,-0.0002037926794218456,0.001716251374895733
8200,2,-3.651107010447656e-05,-1.052867287718418e-06,0.001074191665976993,0.0001277200023292804,0.001188199199977894,-9.726915298884428e-05,-0.0002741103518766921,0.0016333858738756
8200,3,0,0,0,0,0,0,0,0
8250,0,-0.0001017339557852132,-3.112209343251635e-05,-8.326705836983936e-06,0.0004335372280606694,-0.001562279288469138,3.677715140358896e-05,8.291567190088408e-05,0.001627355642536606
8250,1,-1.36945284481574e-05,-9.565372936652406e-07,0.00140723599199305,2.321949063204911e-05,0.0009587676842832873,6.091894000598849e-05,-0.0002037926750326026,0.001716251374668997
8250,2,-3.651106960830633e-05,-1.052867105022057e-06,0.001074191665976995,0.0001277200023292804,0.001188199199982272,-9.726915268741781e-05,-0.0002741103512738604,0.001633385873748462
8250,3,0,0,0,0,0,0,0,0
8300,0,-0.0001017339578487962,-3.112209349709632e-05,-8.326705836983936e-06,0.0004335372280606201,-0.001562279288469138,3.677715015677347e-05,8.291566940725242e-05,0.001627355642511602
8300,1,-1.369452659263535e-05,-9.565372853544087e-07,0.001407235991993082,2.321949063208986e-05,0.0009587676844936282,6.091894112861468e-05,-0.0002037926727873823,0.001716251374544962
8300,2,-3.651106918978001e-05,-1.052867093558209e-06,0.001074191665976995,0.0001277200023292804,0.001188199199982272,-9.726915243411956e-05,-0.0002741103507672639,0.001633385873638999
8300,3,0,0,0,0,0,0,0,0
8350,0,-0.000101733959895826,-3.112209355647856e-05,-8.326705836983936e-06,0.0004335372280606201,-0.001562279288469138,3.677714892691914e-05,8.291566694754376e-05,0.001627355642487588
8350,1,-1.369452630582211e-05,-9.565372667415978e-07,0.001407235991993086,2.321949063208945e-05,0.0009587676845196694,6.091894130054181e-05,-0.0002037926724435227,0.001716251374522486
8350,2,-3.651106870488905e-05,-1.052867088539468e-06,0.001074191665977001,0.0001277200023292804,0.001188199200011696,-9.726915214287995e-05,-0.0002741103501847847,0.001633385873534472
8350,3,0,0,0,0,0,0,0,0
8400,0,-0.0001017339587813891,-3.112209354627083e-05,-8.326705836983208e-06,0.0004335372280606813,-0.001562279288464983,3.677714959065376e-05,8.291566827501299e-05,0.001627355642496388
8400,1,-1.369452241919606e-05,-9.565372580281716e-07,0.001407235991993277,2.321949063222174e-05,0.0009587676849625103,6.091894362011192e-05,-0.0002037926678045887,0.001716251374270509
8400,2,-3.651106833669468e-05,-1.052866933909837e-06,0.001074191665977002,0.0001277200023292819,0.001188199200014844,-9.72691519226718e-05,-0.0002741103497443684,0.00163338587344141
8400,3,0,0,0,0,0,0,0,0
8450,0,-0.0001017339595252208,-3.112209356316656e-05,-8.326705836983208e-06,0.0004335372280606812,-0.001562279288464983,3.677714915087465e-05,8.29156673954546e-05,0.001627355642488458
8450,1,-1.369452138090133e-05,-9.565372490027179e-07,0.001407235991993386,2.321949063225943e-05,0.0009587676850760546,6.091894423752109e-05,-0.0002037926665698429,0.001716251374201037
8450,2,-3.651106833669468e-05,-1.052866933909837e-06,0.001074191665977002,0.0001277200023292819,0.001188199200014844,-9.72691519226718e-05,-0.0002741103497443684,0.00163338587344141
8450,3,0,0,0,0,0,0,0,0
8500,0,-0.0001017339609926785,-3.112209361559903e-05,-8.326705836983208e-06,0.0004335372280606812,-0.001562279288464983,3.677714828505523e-05,8.291566566381576e-05,0.001627355642473403
8500,1,-1.369452082708209e-05,-9.56537247109475e-07,0.001407235991993401,2.321949063225943e-05,0.0009587676851395333,6.091894456400336e-05,-0.0002037926659168945,0.001716251374166147
8500,2,-3.651106833669468e-05,-1.052866933909837e-06,0.001074191665977002,0.0001277200023292819,0.001188199200014844,-9.72691519226718e-05,-0.0002741103497443684,0.00163338587344141
8500,3,0,0,0,0,0,0,0,0
8550,0,-0.0001017339620973739,-3.112209367589651e-05,-8.326705836981312e-06,0.000433537228060668,-0.00156227928846039,3.677714763683465e-05,8.291566436737462e-05,0.001627355642458498
8550,1,-1.369452048960422e-05,-9.565372433775012e-07,0.001407235991993416,2.321949063227208e-05,0.0009587676851698542,6.091894476171395e-05,-0.0002037926655214769,0.001716251374140468
8550,2,-3.651106789930565e-05,-1.052866917962157e-06,0.001074191665977009,0.0001277200023292872,0.001188199200031578,-9.726915166604456e-05,-0.000274110349231114,0.001633385873342385
8550,3,0,0,0,0,0,0,0,0
8600,0,-0.0001017339631538708,-3.112209372647846e-05,-8.326705836981312e-06,0.0004335372280606542,-0.00156227928846039,3.677714702080763e-05,8.291566313532047e-05,0.001627355642448812
8600,1,-1.369451972895788e-05,-9.565372300459217e-07,0.001407235991993428,2.321949063228032e-05,0.0009587676852394209,6.091894520496444e-05,-0.000203792664634988,0.001716251374083733
8600,2,-3.651106767462039e-05,-1.052866901633168e-06,0.00107419166597701,0.0001277200023292872,0.001188199200040091,-9.726915153519129e-05,-0.0002741103489694075,0.001633385873291835
8600,3,0,0,0,0,0,0,0,0
8650,0,-0.0001017339642842043,-3.112209379167801e-05,-8.326705836981312e-06,0.0004335372280606536,-0.00156227928846039,3.677714636550278e-05,8.291566182471079e-05,0.001627355642439135
8650,1,-1.369451882807989e-05,-9.565372272213425e-07,0.001407235991993437,2.321949063229576e-05,0.0009587676853120413,6.091894572680228e-05,-0.0002037926635913221,0.001716251374011714
8650,2,-3.651106761055759e-05,-1.052866890325942e-06,0.00107419166597701,0.0001277200023292872,0.001188199200040091,-9.726915149807925e-05,-0.0002741103488951833,0.00163338587327573
8650,3,0,0,0,0,0,0,0,0
8700,0,-0.0001017339651689698,-3.112209383211933e-05,-8.326705836981234e-06,0.000433537228060602,-0.001562279288458584,3.677714585552647e-05,8.291566080475805e-05,0.00162735564242998
8700,1,-1.369451837112079e-05,-9.565372236342198e-07,0.001407235991993442,2.321949063232797e-05,0.0009587676853473945,6.091894599001479e-05,-0.0002037926630649015,0.001716251373974654
8700,2,-3.651106727062683e-05,-1.052866825274974e-06,0.00107419166597701,0.0001277200023293107,0.001188199200040091,-9.726915130216574e-05,-0.0002741103485033563,0.001633385873190669
8700,3,0,0,0,0,0,0,0,0
8750,0,-0.0001017339657764393,-3.112209386443278e-05,-8.326705836981234e-06,0.0004335372280605982,-0.001562279288458584,3.677714550729089e-05,8.291566010828688e-05,0.001627355642425217
8750,1,-1.369451764597226e-05,-9.565372221673671e-07,0.00140723599199346,2.321949063232797e-05,0.000958767685430456,6.091894640533174e-05,-0.0002037926622342859,0.001716251373931395
8750,2,-3.651106727062683e-05,-1.052866825274974e-06,0.00107419166597701,0.0001277200023293107,0.001188199200040091,-9.726915130216574e-05,-0.0002741103485033563,0.001633385873190669
8750,3,0,0,0,0,0,0,0,0
8800,0,-0.0001017339662172396,-3.112209386500791e-05,-8.326705836981234e-06,0.0004335372280605919,-0.001562279288458584,3.677714525613161e-05,8.291565960596833e-05,0.001627355642421513
8800,1,-1.369451693832748e-05,-9.565372207951738e-07,0.001407235991993475,2.321949063234882e-05,0.0009587676855070616,6.091894680854882e-05,-0.0002037926614278677,0.001716251373887111
8800,2,-3.651106713328919e-05,-1.052866823714188e-06,0.00107419166597701,0.0001277200023293107,0.001188199200044151,-9.726915122404744e-05,-0.0002741103483471197,0.00163338587315968
8800,3,0,0,0,0,0,0,0,0
8850,0,-0.0001017339667726503,-3.112209387150254e-05,-8.326705836980872e-06,0.0004335372280605649,-0.001562279288457153,3.677714494155585e-05,8.291565897681672e-05,0.001627355642415812
8850,1,-1.369451637620633e-05,-9.565372134250296e-07,0.001407235991993477,2.321949063240466e-05,0.0009587676855596165,6.091894712756153e-05,-0.0002037926607898424,0.001716251373847546
8850,2,-3.651106698675324e-05,-1.052866820382506e-06,0.001074191665977012,0.0001277200023293148,0.001188199200049735,-9.726915114101819e-05,-0.0002741103481810612,0.001633385873127654
8850,3,0,0,0,0,0,0,0,0
8900,0,-0.0001017339672979581,-3.112209388367148e-05,-8.326705836980872e-06,0.0004335372280605649,-0.001562279288457153,3.677714464553042e-05,8.291565838476586e-05,0.001627355642412028
8900,1,-1.369451609753427e-05,-9.565372085472798e-07,0.00140723599199348,2.321949063240466e-05,0.0009587676855854655,6.091894728447601e-05,-0.0002037926604760162,0.001716251373828068
8900,2,-3.651106688981089e-05,-1.052866816908276e-06,0.001074191665977012,0.0001277200023293148,0.001188199200050832,-9.726915108639553e-05,-0.0002741103480718159,0.001633385873104696
8900,3,0,0,0,0,0,0,0,0
8950,0,-0.0001017339676448586,-3.112209388867794e-05,-8.326705836980872e-06,0.0004335372280605649,-0.001562279288457153,3.677714445121149e-05,8.2915657996128e-05,0.001627355642409618
8950,1,-1.36945157096071e-05,-9.56537207095878e-07,0.001407235991993484,2.321949063240471e-05,0.0009587676856245535,6.091894750190764e-05,-0.000203792660041158,0.001716251373802893
8950,2,-3.651106684897809e-05,-1.052866816743213e-06,0.001074191665977012,0.0001277200023293148,0.001188199200055418,-9.72691510634609e-05,-0.0002741103480259467,0.001633385873098057
8950,3,0,0,0,0,0,0,0,0
9000,0,-0.000101733968156298,-3.112209390046766e-05,-8.326705836980872e-06,0.0004335372280605649,-0.001562279288457153,3.677714416625039e-05,8.29156574262058e-05,0.001627355642406337
9000,1,-1.369451567406795e-05,-9.565372015771729e-07,0.001407235991993484,2.321949063240471e-05,0.0009587676856245535,6.091894752167705e-05,-0.0002037926600016192,0.001716251373798613
9000,2,-3.651106673426464e-05,-1.052866812457016e-06,0.001074191665977012,0.0001277200023293148,0.001188199200055418,-9.726915099961275e-05,-0.0002741103478982504,0.001633385873070258
9000,3,0,0,0,0,0,0,0,0
9050,0,-0.000101733968608562,-3.112209392128506e-05,-8.326705836980872e-06,0.0004335372280605649,-0.001562279288457153,3.677714391565744e-05,8.291565692501989e-05,0.001627355642403809
9050,1,-1.369451565924611e-05,-9.565372000739609e-07,0.001407235991993484,2.321949063240471e-05,0.0009587676856245535,6.091894752986939e-05,-0.0002037926599852345,0.001716251373796839
9050,2,-3.651106667575069e-05,-1.052866809423605e-06,0.001074191665977012,0.0001277200023293148,0.001188199200055418,-9.726915096716353e-05,-0.0002741103478333519,0.001633385873056124
9050,3,0,0,0,0,0,0,0,0
9100,0,-0.0001017339689978876,-3.112209394728967e-05,-8.326705836980872e-06,0.0004335372280605649,-0.001562279288457153,3.677714370110573e-05,8.291565649591647e-05,0.001627355642401933
9100,1,-1.369451550269878e-05,-9.56537194848678e-07,0.001407235991993487,2.321949063240748e-05,0.0009587676856399964,6.091894761596512e-05,-0.0002037926598130498,0.001716251373786827
9100,2,-3.651106660065706e-05,-1.05286680315111e-06,0.001074191665977012,0.0001277200023293148,0.001188199200055418,-9.726915092588061e-05,-0.0002741103477507861,0.001633385873038127
9100,3,0,0,0,0,0,0,0,0
9150,0,-0.000101733969246941,-3.112209396193921e-05,-8.326705836980872e-06,0.0004335372280605561,-0.001562279288457153,3.677714356456495e-05,8.291565622283479e-05,0.001627355642400781
9150,1,-1.369451509570989e-05,-9.565371929630433e-07,0.001407235991993508,2.321949063242683e-05,0.000958767685680027,6.091894783882074e-05,-0.0002037926593673575,0.001716251373760946
9150,2,-3.651106642764368e-05,-1.052866798892607e-06,0.001074191665977012,0.0001277200023293148,0.001188199200057375,-9.726915083114958e-05,-0.000274110347561324,0.001633385872998244
9150,3,0,0,0,0,0,0,0,0
9200,0,-0.0001017339695414822,-3.112209397186506e-05,-8.326705836980872e-06,0.0004335372280605497,-0.001562279288457153,3.677714340403218e-05,8.291565590176919e-05,0.001627355642399396
9200,1,-1.369451467363436e-05,-9.565371906689626e-07,0.001407235991993525,2.321949063245627e-05,0.0009587676857125919,6.091894806865391e-05,-0.0002037926589077073,0.001716251373729361
9200,2,-3.651106631116366e-05,-1.052866773203391e-06,0.001074191665977012,0.0001277200023293148,0.001188199200057375,-9.726915076770917e-05,-0.0002741103474344432,0.001633385872970553
9200,3,0,0,0,0,0,0,0,0
9250,0,-0.0001017339698391325,-3.112209398070917e-05,-8.326705836980872e-06,0.0004335372280605477,-0.001562279288457153,3.677714324268724e-05,8.291565557907928e-05,0.001627355642398084
9250,1,-1.369451467363436e-05,-9.565371906689626e-07,0.001407235991993525,2.321949063245627e-05,0.0009587676857125919,6.091894806865391e-05,-0.0002037926589077073,0.001716251373729361
9250,2,-3.651106630208741e-05,-1.052866772900248e-06,0.001074191665977012,0.0001277200023293148,0.001188199200057375,-9.726915076278608e-05,-0.000274110347424597,0.001633385872968405
9250,3,0,0,0,0,0,0,0,0
9300,0,-0.0001017339700575573,-3.11220939891616e-05,-8.326705836980872e-06,0.0004335372280605454,-0.001562279288457153,3.677714312493901e-05,8.291565534358284e-05,0.00162735564239724
9300,1,-1.369451459964893e-05,-9.565371885103821e-07,0.001407235991993527,2.321949063245861e-05,0.0009587676857161209,6.091894810853047e-05,-0.0002037926588279557,0.001716251373722688
9300,2,-3.651106624312834e-05,-1.052866766600437e-06,0.001074191665977012,0.0001277200023293148,0.001188199200057375,-9.72691507309964e-05,-0.0002741103473610177,0.00163338587295452
9300,3,0,0,0,0,0,0,0,0
9350,0,-0.0001017339702762532,-3.112209399882654e-05,-8.326705836980772e-06,0.0004335372280605402,-0.001562279288456623,3.677714300766165e-05,8.291565510902806e-05,0.001627355642395986
9350,1,-1.36945145123228e-05,-9.565371873851691e-07,0.001407235991993529,2.321949063246492e-05,0.0009587676857243117,6.091894815533133e-05,-0.0002037926587343556,0.001716251373717115
9350,2,-3.651106615305506e-05,-1.052866751889809e-06,0.001074191665977013,0.0001277200023293194,0.001188199200060261,-9.726915068271406e-05,-0.000274110347264453,0.001633385872935517
9350,3,0,0,0,0,0,0,0,0
9400,0,-0.0001017339704502453,-3.112209400738679e-05,-8.326705836980772e-06,0.0004335372280605377,-0.001562279288456623,3.677714291487466e-05,8.291565492345405e-05,0.001627355642395474
9400,1,-1.369451447251025e-05,-9.565371873089819e-07,0.001407235991993532,2.321949063246707e-05,0.0009587676857285611,6.091894817658049e-05,-0.000203792658691861,0.001716251373714882
9400,2,-3.651106607751867e-05,-1.052866751438593e-06,0.001074191665977013,0.0001277200023293194,0.001188199200060261,-9.72691506424108e-05,-0.0002741103471838464,0.001633385872917901
9400,3,0,0,0,0,0,0,0,0
9450,0,-0.0001017339706151059,-3.112209401747799e-05,-8.326705836980745e-06,0.0004335372280605374,-0.001562279288455763,3.677714282742326e-05,8.291565474855125e-05,0.00162735564239426
9450,1,-1.369451443807874e-05,-9.565371824790705e-07,0.001407235991993532,2.321949063246727e-05,0.0009587676857303184,6.091894819485747e-05,-0.0002037926586553072,0.001716251373711895
9450,2,-3.651106602442173e-05,-1.052866739011928e-06,0.001074191665977013,0.0001277200023293212,0.001188199200060261,-9.726915061423073e-05,-0.0002741103471274864,0.00163338587290557
9450,3,0,0,0,0,0,0,0,0
9500,0,-0.0001017339707772832,-3.112209402902937e-05,-8.326705836980745e-06,0.000433537228060537,-0.001562279288455763,3.677714274182645e-05,8.291565457735762e-05,0.001627355642393962
9500,1,-1.369451437448672e-05,-9.565371815791589e-07,0.00140723599199354,2.321949063247431e-05,0.0009587676857356831,6.09189482283819e-05,-0.0002037926585882661,0.001716251373707619
9500,2,-3.651106593350125e-05,-1.052866731868135e-06,0.001074191665977013,0.0001277200023293212,0.001188199200060261,-9.726915056625825e-05,-0.0002741103470315414,0.001633385872884575
9500,3,0,0,0,0,0,0,0,0
9550,0,-0.0001017339709300128,-3.112209404135646e-05,-8.326705836980745e-06,0.000433537228060537,-0.001562279288455763,3.677714266164449e-05,8.291565441699371e-05,0.001627355642393763
9550,1,-1.369451436234409e-05,-9.565371798119786e-07,0.00140723599199354,2.321949063247431e-05,0.0009587676857356831,6.09189482347559e-05,-0.0002037926585755181,0.001716251373706234
9550,2,-3.651106591052213e-05,-1.052866730738336e-06,0.001074191665977013,0.0001277200023293212,0.001188199200060261,-9.726915055419509e-05,-0.0002741103470074151,0.001633385872879293
9550,3,0,0,0,0,0,0,0,0
9600,0,-0.0001017339710516202,-3.112209405162485e-05,-8.326705836980745e-06,0.0004335372280605368,-0.001562279288455763,3.677714259814804e-05,8.291565429000082e-05,0.001627355642393656
9600,1,-1.369451434063982e-05,-9.565371785454619e-07,0.00140723599199354,2.321949063247439e-05,0.0009587676857371457,6.091894824610748e-05,-0.000203792658552815,0.001716251373704584
9600,2,-3.65110658890589e-05,-1.052866729952429e-06,0.001074191665977013,0.0001277200023293212,0.001188199200060261,-9.726915054295981e-05,-0.0002741103469849445,0.001633385872874373
9600,3,0,0,0,0,0,0,0,0
9650,0,-0.0001017339711467737,-3.11220940586747e-05,-8.326705836980678e-06,0.0004335372280605368,-0.001562279288455573,3.67771425486896e-05,8.29156541910839e-05,0.001627355642393399
9650,1,-1.3694514271493e-05,-9.56537176507867e-07,0.001407235991993542,2.321949063247439e-05,0.0009587676857432147,6.091894828196817e-05,-0.000203792658481094,0.001716251373700179
9650,2,-3.651106588142318e-05,-1.052866729206256e-06,0.001074191665977013,0.0001277200023293212,0.001188199200060534,-9.72691505389977e-05,-0.0002741103469770212,0.001633385872872835
9650,3,0,0,0,0,0,0,0,0
9700,0,-0.0001017339712525025,-3.112209406197843e-05,-8.326705836980678e-06,0.0004335372280605367,-0.001562279288455573,3.677714249404054e-05,8.291565408178578e-05,0.001627355642393268
9700,1,-1.369451417405051e-05,-9.565371761670379e-07,0.001407235991993542,2.321949063247508e-05,0.0009587676857482125,6.091894833234465e-05,-0.0002037926583803416,0.001716251373692019
9700,2,-3.651106583571988e-05,-1.052866720306881e-06,0.001074191665977013,0.0001277200023293212,0.001188199200060802,-9.726915051538461e-05,-0.000274110346929795,0.001633385872862671
9700,3,0,0,0,0,0,0,0,0
9750,0,-0.0001017339713400203,-3.112209406379045e-05,-8.326705836980678e-06,0.0004335372280605365,-0.001562279288455573,3.677714244905324e-05,8.291565399181119e-05,0.001627355642393173
9750,1,-1.369451415129627e-05,-9.565371760998053e-07,0.001407235991993542,2.321949063247529e-05,0.0009587676857497101,6.091894834404208e-05,-0.0002037926583569469,0.001716251373690311
9750,2,-3.651106582459598e-05,-1.052866717843286e-06,0.001074191665977013,0.0001277200023293213,0.001188199200060802,-9.726915050966322e-05,-0.0002741103469183522,0.00163338587286016
9750,3,0,0,0,0,0,0,0,0
9800,0,-0.0001017339714280392,-3.112209406746164e-05,-8.326705836980678e-06,0.0004335372280605365,-0.001562279288455573,3.677714240402473e-05,8.291565390175416e-05,0.001627355642393139
9800,1,-1.369451413098042e-05,-9.565371757447291e-07,0.001407235991993543,2.321949063247531e-05,0.0009587676857511109,6.091894835442164e-05,-0.0002037926583361882,0.001716251373688835
9800,2,-3.651106580798753e-05,-1.052866714903274e-06,0.001074191665977013,0.0001277200023293213,0.001188199200061338,-9.726915050118341e-05,-0.0002741103469013926,0.001633385872856826
9800,3,0,0,0,0,0,0,0,0
9850,0,-0.0001017339714974539,-3.112209407163818e-05,-8.326705836980678e-06,0.0004335372280605363,-0.001562279288455573,3.677714236868835e-05,8.291565383108141e-05,0.001627355642393159
9850,1,-1.369451407625238e-05,-9.565371751328365e-07,0.001407235991993545,2.321949063247742e-05,0.0009587676857536514,6.091894838228895e-05,-0.0002037926582804556,0.001716251373684191
9850,2,-3.651106577010264e-05,-1.052866712025621e-06,0.001074191665977013,0.0001277200023293213,0.001188199200061338,-9.726915048192692e-05,-0.0002741103468628796,0.001633385872848367
9850,3,0,0,0,0,0,0,0,0
9900,0,-0.0001017339715394405,-3.112209407161733e-05,-8.326705836980678e-06,0.0004335372280605354,-0.001562279288455384,3.677714234744917e-05,8.291565378860304e-05,0.001627355642392957
9900,1,-1.369451398317119e-05,-9.565371748575796e-07,0.001407235991993545,2.321949063249031e-05,0.0009587676857617495,6.091894842948689e-05,-0.0002037926581860598,0.001716251373678438
9900,2,-3.651106573357709e-05,-1.052866710279102e-06,0.001074191665977013,0.0001277200023293254,0.001188199200062203,-9.726915046340833e-05,-0.0002741103468258424,0.00163338587284086
9900,3,0,0,0,0,0,0,0,0
9950,0,-0.000101733971588029,-3.112209407256273e-05,-8.326705836980678e-06,0.0004335372280605354,-0.001562279288455384,3.677714232298299e-05,8.291565373967065e-05,0.001627355642392967
9950,1,-1.369451396302786e-05,-9.565371746122128e-07,0.001407235991993546,2.32194906324904e-05,0.0009587676857633729,6.091894843964889e-05,-0.0002037926581657369,0.001716251373677133
9950,2,-3.651106573357709e-05,-1.052866710279102e-06,0.001074191665977013,0.0001277200023293254,0.001188199200062203,-9.726915046340833e-05,-0.0002741103468258424,0.00163338587284086
9950,3,0,0,0,0,0,0,0,0
10000,0,-0.0001017339716284736,-3.112209407382535e-05,-8.326705836980678e-06,0.0004335372280605354,-0.001562279288455384,3.677714230269288e-05,8.291565369909045e-05,0.001627355642392993
10000,1,-1.369451394984444e-05,-9.565371745413663e-07,0.001407235991993548,2.32194906324904e-05,0.0009587676857645362,6.091894844624685e-05,-0.0002037926581525432,0.001716251373676346
10000,2,-3.65110657251066e-05,-1.052866709875179e-06,0.001074191665977013,0.0001277200023293254,0.001188199200062203,-9.726915045916374e-05,-0.0002741103468173533,0.001633385872838993
10000,3,0,0,0,0,0,0,0,0
