gen,op_id,w0,w1,w2,w3,w4,w5,w6,norm
50,0,-1.649263331173443e-05,-1.474181898718235e-05,-5.368556361729326e-07,0.0005177976655487092,-0.0003684918265951934,0.002762260131524691,0.00552315688786896,0.006208037798478266
50,1,-1.401267414735654e-07,-1.033992290824328e-08,3.689089201902887e-05,4.504275556001594e-06,7.263656882348454e-05,5.238258026936864e-05,9.876359206537504e-05,0.0001384033927273576
50,2,8.561292190187407e-10,1.371781006472612e-11,2.274784108020624e-08,5.437679648304381e-09,6.204777225108862e-08,1.372482272294087e-07,2.738883883074228e-07,3.134479493436858e-07
50,3,0,0,0,0,0,0,0,0
100,0,-4.855158123532754e-05,-2.710824277672627e-05,-1.589116234917062e-06,0.0004914112454328322,-0.001137798688327437,0.0003594682480277165,0.0007180681469951354,0.001477837876941827
100,1,-2.789252409320691e-07,-6.822557893568598e-08,3.688823273819183e-05,4.116739152583315e-06,6.987321093028233e-05,4.280755671707988e-05,7.960733786886838e-05,0.0001201243208937265
100,2,5.905074006553694e-08,1.288718451841431e-09,2.592405591927368e-08,1.277534952784047e-08,2.828757828046568e-06,4.760584710774093e-06,9.501481473770264e-06,1.099761391173189e-05
100,3,0,0,0,0,0,0,0,0
150,0,-5.250363479303983e-05,-2.748663070091707e-05,-1.63854181916395e-06,0.0004913907850727776,-0.001198758016438258,0.0001884864408003713,0.0003761764571053748,0.001363464844515044
150,1,-5.613360909732563e-07,-8.196305961051917e-08,3.68833446957467e-05,4.114713110580656e-06,6.21798288658933e-05,3.136215854268282e-05,5.672131267752715e-05,9.718465524036072e-05
150,2,2.662320898400771e-07,1.148930904323325e-08,2.825915865803554e-08,7.758296308209343e-09,9.280167006731184e-06,1.351984199948803e-05,2.702766151600462e-05,3.161445847533612e-05
150,3,0,0,0,0,0,0,0,0
200,0,-5.458235026303801e-05,-2.759806834548412e-05,-1.663297215526582e-06,0.0004913805423635818,-0.001217789004942122,0.000129206124365632,0.0002576557197477384,0.001345841462936118
200,1,-6.984843037765892e-07,-8.669180748141951e-08,3.688184859939724e-05,4.113465148923595e-06,6.031113262659061e-05,2.757041628002257e-05,4.914008099253919e-05,9.049859048593864e-05
200,2,4.19925348230422e-07,1.6962312860638e-08,2.98052750134035e-08,-1.11966858727825e-09,1.043827672924022e-05,1.740497794101898e-05,3.480316487482294e-05,4.029055321206058e-05
200,3,0,0,0,0,0,0,0,0
250,0,-5.619583396444573e-05,-2.77461172820044e-05,-1.667072221704096e-06,0.0004913312256608985,-0.001223167854976849,9.316568615935111e-05,0.0001855802390940399,0.001335887885597751
250,1,-1.147534331866846e-06,-1.035056288589147e-07,3.687914596631634e-05,4.10312028516622e-06,5.624011468799091e-05,1.735953859793633e-05,2.872070544639024e-05,7.528225258005601e-05
250,2,3.273138146956668e-07,2.298458827521019e-08,2.890364501636041e-08,-2.237972533547816e-08,8.013069851130194e-06,1.547925608788276e-05,3.095409833159535e-05,3.552579147454439e-05
250,3,0,0,0,0,0,0,0,0
300,0,-5.573354028629754e-05,-2.767569753565247e-05,-1.666861988997891e-06,0.0004913297604112023,-0.001221415180898332,0.0001019318659009634,0.0002031146033877566,0.001337453017928432
300,1,-1.444968604193182e-06,-1.149677208050374e-07,3.687812448144983e-05,4.096112693962684e-06,5.402429451090577e-05,1.179324955097778e-05,1.758911402969682e-05,6.889090956749868e-05
300,2,6.869494880025078e-07,5.677836838258167e-08,2.881945620194571e-08,-7.792410100156242e-09,1.031793631110765e-05,2.198504055644721e-05,4.396780410507296e-05,5.023390916975969e-05
300,3,0,0,0,0,0,0,0,0
350,0,-5.98600581384811e-05,-2.842051546182428e-05,-1.668086759539324e-06,0.0004912625604658762,-0.001223754954551352,3.814515089600295e-05,7.554118914863003e-05,0.001323053419432576
350,1,-1.498391737327431e-06,-1.242939345532273e-07,3.68780357494348e-05,4.095583714622163e-06,5.387326891721788e-05,1.098518091674591e-05,1.597297676123308e-05,6.824341172374175e-05
350,2,3.261061999183743e-07,3.029969306668645e-08,2.740794198990465e-08,-2.455201025015971e-08,8.533296564106427e-06,1.642833102331931e-05,3.285684111863079e-05,3.771455734963901e-05
350,3,0,0,0,0,0,0,0,0
400,0,-6.090034903411571e-05,-2.867419756742289e-05,-1.668075052645402e-06,0.0004912577762284849,-0.001223740183750688,2.406708551976244e-05,4.73849593150707e-05,0.001321450961480911
400,1,-1.598958515187942e-06,-1.342537464241366e-07,3.687790927760282e-05,4.093437481435646e-06,5.36443408373084e-05,9.633304969300704e-06,1.326968630779941e-05,6.727489545671188e-05
400,2,4.305756024274819e-07,6.707463627854505e-08,2.658432296832492e-08,-3.322785528070841e-08,8.050463657035069e-06,1.778005174404404e-05,3.556225977528234e-05,4.056853744728323e-05
400,3,0,0,0,0,0,0,0,0
450,0,-6.1814099187065e-05,-2.896219192958009e-05,-1.668075052645402e-06,0.0004912306448295978,-0.001223740183750688,1.319854713745603e-05,2.564785128014321e-05,0.001320735466155791
450,1,-1.70385210030101e-06,-1.497500446281253e-07,3.687790358318336e-05,4.089240161544851e-06,5.354446610563034e-05,8.394820280236525e-06,1.07927281613889e-05,6.658523135114145e-05
450,2,8.953208994743568e-08,1.369857994976953e-07,2.539201877181795e-08,-4.720806609748659e-08,6.61803404565547e-06,1.370982370055913e-05,2.742246425889271e-05,3.136524893924217e-05
450,3,0,0,0,0,0,0,0,0
500,0,-6.206018074868741e-05,-2.905106439001105e-05,-1.66805386622787e-06,0.0004912247967436725,-0.001223693827725473,1.057371558515579e-05,2.039821214372653e-05,0.001320588690035498
500,1,-1.866409579137282e-06,-2.02837746547643e-07,3.68778736981638e-05,4.086963545288818e-06,5.346677135949968e-05,6.673202249949504e-06,7.349522806783967e-06,6.585930625774876e-05
500,2,-3.561568336376582e-07,1.648249390922215e-07,2.510515461715136e-08,-6.180248313238948e-08,6.032223245531167e-06,9.054532395140955e-06,1.811117151486781e-05,2.113161784118636e-05
500,3,0,0,0,0,0,0,0,0
550,0,-6.22640423392925e-05,-2.902099896397469e-05,-1.66805386622787e-06,0.0004912197889343821,-0.001223693827725473,8.583118020771344e-06,1.641701881326995e-05,0.001320525829065388
550,1,-1.948828226497761e-06,-2.205284843708627e-07,3.687784699902803e-05,4.085945868069973e-06,5.337454876365284e-05,5.888712951390616e-06,5.780539806968815e-06,6.555494759052679e-05
550,2,-3.505294641551947e-07,2.297990786533219e-07,2.498153307005872e-08,-6.303593660486859e-08,5.709196385637867e-06,9.107274666989205e-06,1.821705883467577e-05,2.115606021791135e-05
550,3,0,0,0,0,0,0,0,0
600,0,-6.243611035027054e-05,-2.906028957505319e-05,-1.66805386622787e-06,0.0004912161680888282,-0.001223693827725473,7.062668987876837e-06,1.337611836169295e-05,0.001320490159126719
600,1,-1.985606957785416e-06,-2.294470149437423e-07,3.687784061716255e-05,4.085195318225345e-06,5.335049283660882e-05,5.565129430572981e-06,5.133372920746875e-06,6.545423209638856e-05
600,2,-3.457993135157733e-07,2.908742018985717e-07,2.48748712870974e-08,-7.138229354807915e-08,5.483996436589589e-06,9.160053585987951e-06,1.832278433806099e-05,2.121120278700392e-05
600,3,0,0,0,0,0,0,0,0
650,0,-6.244654275206125e-05,-2.906402764750599e-05,-1.668035087018614e-06,0.0004912153991588217,-0.001223666665079328,6.971658490097983e-06,1.319409736613524e-05,0.001320462962210741
650,1,-1.987076644719214e-06,-2.296408779026516e-07,3.687784061716255e-05,4.085151960415203e-06,5.335049283660882e-05,5.553393492020661e-06,5.109901043642234e-06,6.545144121798544e-05
650,2,-3.129107636083773e-07,3.081178404012272e-07,2.470343135812218e-08,-7.415841754039995e-08,5.509428372326605e-06,9.513576079538439e-06,1.903014077752449e-05,2.198197325772489e-05
650,3,0,0,0,0,0,0,0,0
700,0,-6.256306647526953e-05,-2.909934598536033e-05,-1.668021892711539e-06,0.0004912125368479927,-0.001223649094267036,6.108028035305138e-06,1.146683882985975e-05,0.001320431501508884
700,1,-2.038149667706687e-06,-2.45066686021836e-07,3.687784037982714e-05,4.084286593518878e-06,5.334638146258689e-05,5.17478313625333e-06,4.352676827287235e-06,6.536383718103205e-05
700,2,-7.302827794966057e-07,2.345984180485508e-07,2.458330727689775e-08,-8.614669521789884e-08,5.305821721853552e-06,6.427757439277952e-06,1.285867783892338e-05,1.53430694632912e-05
700,3,0,0,0,0,0,0,0,0
750,0,-6.268774072032135e-05,-2.913125238831463e-05,-1.668021892711539e-06,0.0004912080228041453,-0.001223649094267036,5.245911211869039e-06,9.742621228070045e-06,0.001320418884604388
750,1,-2.123396937349972e-06,-2.784465457482262e-07,3.687783704671586e-05,4.082394482687804e-06,5.331758662379107e-05,4.58266126754673e-06,3.168436362197189e-06,6.52306061113081e-05
750,2,-9.655445749275094e-07,1.593596759898807e-07,2.455897846446837e-08,-9.402514180717059e-08,5.222569442499233e-06,4.779275395631294e-06,9.561837381407745e-06,1.193786223327772e-05
750,3,0,0,0,0,0,0,0,0
800,0,-6.274442110472445e-05,-2.915040610248041e-05,-1.668021892711539e-06,0.0004912073372345516,-0.001223649094267036,4.883354958768013e-06,9.017509435924523e-06,0.001320415202706488
800,1,-2.175138695786889e-06,-2.960824364186568e-07,3.687783504491566e-05,4.08189152232625e-06,5.32830315941472e-05,4.248085201378237e-06,2.499287529338742e-06,6.515235660396698e-05
800,2,-1.12559478173814e-06,1.199502142251131e-07,2.455917425427277e-08,-9.521235312208207e-08,5.248787241068695e-06,3.731168685566008e-06,7.465650073842148e-06,9.924632915075955e-06
800,3,0,0,0,0,0,0,0,0
850,0,-6.284186848700341e-05,-2.918564536289867e-05,-1.668021892711539e-06,0.00049120474480908,-0.001223649094267036,4.285521599111432e-06,7.821857294369343e-06,0.001320409951112768
850,1,-2.24835704058776e-06,-3.249533533955319e-07,3.687782961453291e-05,4.081282590992989e-06,5.32530113174459e-05,3.804738285805867e-06,1.612589825684269e-06,6.507496893948782e-05
850,2,-1.195077001035845e-06,1.093818975720174e-07,2.454411263661776e-08,-9.72610405878262e-08,5.210550113493405e-06,3.29549636936655e-06,6.59432184726446e-06,9.107438991969491e-06
850,3,0,0,0,0,0,0,0,0
900,0,-6.288206181690313e-05,-2.918991617917159e-05,-1.668021892711539e-06,0.0004912040340993317,-0.001223649094267036,4.05452391537134e-06,7.359862951803451e-06,0.001320408309184993
900,1,-2.278974355196881e-06,-3.25736814333552e-07,3.687782756899774e-05,4.080824547736344e-06,5.321777742776076e-05,3.628568065753902e-06,1.2602509288329e-06,6.502932951172195e-05
900,2,-9.841078892601837e-07,1.247688865157117e-07,2.44927554748439e-08,-9.356934784453068e-08,5.447300944642099e-06,4.537460493620152e-06,9.078346382399072e-06,1.156163479280305e-05
900,3,0,0,0,0,0,0,0,0
950,0,-6.291836288721802e-05,-2.91965453931563e-05,-1.668021892711539e-06,0.000491203118773599,-0.001223649094267036,3.8565820990701e-06,6.963979570624184e-06,0.001320407104259414
950,1,-2.295242310412828e-06,-3.291188369671736e-07,3.687782722347049e-05,4.080564694769934e-06,5.321183088499284e-05,3.540185460077398e-06,1.083485717479892e-06,6.501697782848342e-05
950,2,-1.12956311700818e-06,1.201784569602317e-07,2.445787234969855e-08,-9.723230832368756e-08,5.354123974683603e-06,3.744947755547777e-06,7.493350262613475e-06,1.000709665149677e-05
950,3,0,0,0,0,0,0,0,0
1000,0,-6.291743458262856e-05,-2.919645408846253e-05,-1.668021892711539e-06,0.0004912031209370687,-0.001223649094267036,3.861413845524542e-06,6.973643063533067e-06,0.001320407123934187
1000,1,-2.32566131861887e-06,-3.350813772126456e-07,3.687782524909585e-05,4.080348582719809e-06,5.32005268963645e-05,3.384906548596393e-06,7.729306412972877e-07,6.499611754503047e-05
1000,2,-1.273304050250293e-06,1.083002818950666e-07,2.44449254136217e-08,-9.882408121894893e-08,5.311935233535223e-06,3.009760881029225e-06,6.022991452772733e-06,8.671513041867015e-06
1000,3,0,0,0,0,0,0,0,0
1050,0,-6.291710322781243e-05,-2.919686370564255e-05,-1.66802159458133e-06,0.0004912031204852031,-0.001223643973566386,3.863539933450499e-06,6.977895239384981e-06,0.001320402400258114
1050,1,-2.358671192339839e-06,-3.40508499102643e-07,3.687782008343109e-05,4.080115369698861e-06,5.318324482885219e-05,3.222598687556634e-06,4.483234430463407e-07,6.497187005238314e-05
1050,2,-1.318990714461065e-06,1.075690250074076e-07,2.444121501244341e-08,-9.836370093530374e-08,5.30421897914457e-06,2.782597219080267e-06,5.568671612824222e-06,8.285485512898658e-06
1050,3,0,0,0,0,0,0,0,0
1100,0,-6.292477767631441e-05,-2.919862144032685e-05,-1.66802159458133e-06,0.0004912030840750043,-0.001223643973566386,3.827110500530561e-06,6.905036373545106e-06,0.001320402302174569
1100,1,-2.38130962131805e-06,-3.488333631316757e-07,3.687781989518589e-05,4.080010725089189e-06,5.318297587267779e-05,3.11737789472544e-06,2.37881857383953e-07,6.496626788847308e-05
1100,2,-1.397656313907325e-06,7.988512764531658e-08,2.442597023795892e-08,-9.868282661405419e-08,5.270431041976714e-06,2.416440007691437e-06,4.836369190363045e-06,7.679664859758593e-06
1100,3,0,0,0,0,0,0,0,0
1150,0,-6.291543938325279e-05,-2.919855482438225e-05,-1.668016246231801e-06,0.0004912030955839708,-0.001223635643242513,3.868762119895476e-06,6.988339612274937e-06,0.001320394699750983
1150,1,-2.402891141186753e-06,-3.611773074109039e-07,3.687781973743697e-05,4.079956451216963e-06,5.31827301707845e-05,3.02131322741417e-06,4.575252276141364e-08,6.496196720731649e-05
1150,2,-1.405657954227043e-06,7.506978664208471e-08,2.444179100373236e-08,-9.919567203897055e-08,5.29535242555092e-06,2.380660901317876e-06,4.764826116323932e-06,7.642239102272399e-06
1150,3,0,0,0,0,0,0,0,0
1200,0,-6.291543938325279e-05,-2.919855482438225e-05,-1.668016246231801e-06,0.0004912030955839708,-0.001223635643242513,3.868762119895476e-06,6.988339612274937e-06,0.001320394699750983
1200,1,-2.424946248184607e-06,-3.720564887349217e-07,3.687781618700961e-05,4.079798951790715e-06,5.317665537031172e-05,2.927484253253618e-06,-1.419009699039629e-07,6.495370545903063e-05
1200,2,-1.412125240873927e-06,9.88792549959815e-08,2.443688553793459e-08,-9.995408349356753e-08,5.286959146961278e-06,2.351311254658496e-06,4.706131944214523e-06,7.592281758301732e-06
1200,3,0,0,0,0,0,0,0,0
1250,0,-6.291829180133181e-05,-2.919891878205747e-05,-1.668016246231801e-06,0.0004912030541604065,-0.001223635643242513,3.857276352650168e-06,6.965368077784319e-06,0.001320394673324149
1250,1,-2.43411553908121e-06,-3.799916310414391e-07,3.687781618700961e-05,4.079685035932056e-06,5.317665537031172e-05,2.890005556194345e-06,-2.168583640225088e-07,6.495261584301527e-05
1250,2,-1.495165454594935e-06,6.679358368149848e-08,2.44338317793357e-08,-1.009085870522253e-07,5.282211925352926e-06,2.012432171807595e-06,4.02837698818154e-06,7.101424357401046e-06
1250,3,0,0,0,0,0,0,0,0
1300,0,-6.291819963284474e-05,-2.919882798240587e-05,-1.668016246231801e-06,0.0004912030538340796,-0.001223635643242513,3.857630030623712e-06,6.966075433731407e-06,0.001320394671567796
1300,1,-2.445215485809617e-06,-3.876430458029721e-07,3.687781436952484e-05,4.079652287777594e-06,5.317406877836539e-05,2.846666197939719e-06,-3.035332687994996e-07,6.494939054909906e-05
1300,2,-1.477378646475991e-06,6.360583357712816e-08,2.442895955529579e-08,-1.010673709743529e-07,5.274258408625798e-06,2.078855464114554e-06,4.161228836159016e-06,7.186986293516156e-06
1300,3,0,0,0,0,0,0,0,0
1350,0,-6.291735886655791e-05,-2.919850500126507e-05,-1.668016246231801e-06,0.0004912030561672539,-0.001223635643242513,3.860795378791912e-06,6.972406130067807e-06,0.001320394667896314
1350,1,-2.457393592159658e-06,-3.911677475762732e-07,3.687781094754835e-05,4.079588670373058e-06,5.316683222996531e-05,2.800180684576345e-06,-3.965023740241831e-07,6.494242107316484e-05
1350,2,-1.515685674890167e-06,6.918047406771543e-08,2.442719599144636e-08,-1.013638327865356e-07,5.270823569761837e-06,1.936596064871088e-06,3.876712152715824e-06,6.990982967695339e-06
1350,3,0,0,0,0,0,0,0,0
1400,0,-6.291700793021156e-05,-2.919847026636839e-05,-1.668016246231801e-06,0.0004912030568132846,-0.001223635643242513,3.862049423386758e-06,6.974914219257499e-06,0.00132039466756017
1400,1,-2.458958098803551e-06,-3.930966442134769e-07,3.687781094754835e-05,4.079585542828448e-06,5.316683222996531e-05,2.79450555871488e-06,-4.078526257471126e-07,6.494231758136624e-05
1400,2,-1.579346037535906e-06,6.528258931618387e-08,2.442525793036343e-08,-1.014909037598839e-07,5.265523050520616e-06,1.705645531741821e-06,3.414813019065081e-06,6.693683615933031e-06
1400,3,0,0,0,0,0,0,0,0
1450,0,-6.291835300795332e-05,-2.91986223718393e-05,-1.668015638959622e-06,0.0004912029890869712,-0.001223632192711013,3.857583178034659e-06,6.965981649493648e-06,0.001320391451935703
1450,1,-2.481882290628096e-06,-3.94019327254311e-07,3.687780686257922e-05,4.079426114229005e-06,5.315123818948684e-05,2.714272674926509e-06,-5.683137661729706e-07,6.492821979013572e-05
1450,2,-1.37194070963208e-06,1.552135400136998e-07,2.445428003318746e-08,-1.011940913459762e-07,5.371826611160595e-06,2.432494324930959e-06,4.868523647635943e-06,7.771307682653511e-06
1450,3,0,0,0,0,0,0,0,0
1500,0,-6.29182020146836e-05,-2.919859663386059e-05,-1.668015638959622e-06,0.0004912029905451991,-0.001223632192711013,3.858090392775892e-06,6.966996078976113e-06,0.001320391451548166
1500,1,-2.494466506900184e-06,-3.941500220600794e-07,3.687780208966964e-05,4.079373994923452e-06,5.314272984054016e-05,2.67216030457371e-06,-6.525322018196679e-07,6.492077687783493e-05
1500,2,-1.242745696505329e-06,1.799718380405047e-07,2.445986507524281e-08,-1.005850042185396e-07,5.378342197584417e-06,2.862400915050807e-06,5.728345217516951e-06,8.457030511981941e-06
1500,3,0,0,0,0,0,0,0,0
1550,0,-6.291790624403901e-05,-2.919856762511268e-05,-1.668015638959622e-06,0.0004912029911029963,-0.001223632192711013,3.859055973621751e-06,6.968927240667834e-06,0.001320391450033228
1550,1,-2.501933688362317e-06,-3.942583765459955e-07,3.687779889240871e-05,4.079342680246542e-06,5.313782900004706e-05,2.647655119134855e-06,-7.015406067506708e-07,6.491655649671588e-05
1550,2,-1.287616325917438e-06,1.76719070617064e-07,2.445858236246227e-08,-1.008917187915385e-07,5.376219059252788e-06,2.713056525833177e-06,5.429657685518237e-06,8.212524122412485e-06
1550,3,0,0,0,0,0,0,0,0
1600,0,-6.291418202864773e-05,-2.919851897355264e-05,-1.668014245022136e-06,0.0004912030092780952,-0.001223629824543056,3.870916507105192e-06,6.992648307634715e-06,0.001320389243761926
1600,1,-2.506461996414696e-06,-3.943091767629697e-07,3.687779719403915e-05,4.079325308373851e-06,5.313494363077031e-05,2.633227247935952e-06,-7.303942995181735e-07,6.491409899659511e-05
1600,2,-1.36471368330521e-06,1.629192849513271e-07,2.445802825311812e-08,-1.011470132445792e-07,5.375362655342094e-06,2.468629117893369e-06,4.940802869638623e-06,7.829431744324137e-06
1600,3,0,0,0,0,0,0,0,0
1650,0,-6.291418202864773e-05,-2.919851897355264e-05,-1.668014245022136e-06,0.0004912030092780952,-0.001223629824543056,3.870916507105192e-06,6.992648307634715e-06,0.001320389243761926
1650,1,-2.506435000238347e-06,-3.943005978090817e-07,3.687779719403915e-05,4.079325308373851e-06,5.313494363077031e-05,2.633310378131174e-06,-7.302280391277294e-07,6.491409940382685e-05
1650,2,-1.452127602577041e-06,1.374097175329006e-07,2.445802825311812e-08,-1.011493769203035e-07,5.375362655342094e-06,2.199421843996398e-06,4.402388321844679e-06,7.433127770787029e-06
1650,3,0,0,0,0,0,0,0,0
1700,0,-6.288923312414626e-05,-2.918587603031518e-05,-1.668012851382372e-06,0.0004912030165686811,-0.001223627458274541,3.945420234242946e-06,7.141655780465102e-06,0.001320386603607887
1700,1,-2.51661628274262e-06,-3.944731552750117e-07,3.687779366863212e-05,4.079310102564277e-06,5.312895782305853e-05,2.60298114885726e-06,-7.908826010247172e-07,6.490907924842352e-05
1700,2,-1.406622319157813e-06,1.582632729721945e-07,2.445637660620691e-08,-1.012458358253298e-07,5.372558315092216e-06,2.335341718462172e-06,4.674230654083017e-06,7.627654845663847e-06
1700,3,0,0,0,0,0,0,0,0
1750,0,-6.28902457747954e-05,-2.918594964532281e-05,-1.668012851382372e-06,0.0004912030129494037,-0.001223627458274541,3.942452355031836e-06,7.135720022042881e-06,0.001320386611164312
1750,1,-2.518813996594107e-06,-3.947929698739523e-07,3.687779366863212e-05,4.079300501752049e-06,5.312895782305853e-05,2.596625312785888e-06,-8.03594273167461e-07,6.490906739449812e-05
1750,2,-1.46842912296896e-06,1.441462207808822e-07,2.445597399026977e-08,-1.015606503027203e-07,5.370850312172926e-06,2.156060559871682e-06,4.315668750652878e-06,7.369369163060466e-06
1750,3,0,0,0,0,0,0,0,0
1800,0,-6.289022495021823e-05,-2.91859532568522e-05,-1.668012851382372e-06,0.0004912030129618222,-0.001223627458274541,3.942516992274953e-06,7.135849296529117e-06,0.001320386611148521
1800,1,-2.522335845065849e-06,-3.952564230090074e-07,3.687779314201297e-05,4.079292718040826e-06,5.312814567798309e-05,2.586749964758261e-06,-8.233440466882484e-07,6.490839464845962e-05
1800,2,-1.504070932408416e-06,1.324108175256684e-07,2.445588646864495e-08,-1.016346781137395e-07,5.36936550306013e-06,2.05496980696063e-06,4.113487336550419e-06,7.229415922010893e-06
1800,3,0,0,0,0,0,0,0,0
1850,0,-6.289006504259662e-05,-2.918589971315506e-05,-1.668012851382372e-06,0.0004912030131938789,-0.001223627458274541,3.942954615760452e-06,7.136724543500114e-06,0.001320386608472107
1850,1,-2.533457795984663e-06,-3.95706702629639e-07,3.68777895244922e-05,4.079268173146509e-06,5.31211962651129e-05,2.556296835293092e-06,-8.842476180005794e-07,6.490273354209704e-05
1850,2,-1.413567714705171e-06,1.73414135020385e-07,2.445580419254509e-08,-1.015012163858371e-07,5.368768209519252e-06,2.302817685698622e-06,4.609181284916111e-06,7.576961147313612e-06
1850,3,0,0,0,0,0,0,0,0
1900,0,-6.289006504259662e-05,-2.918589971315506e-05,-1.668012851382372e-06,0.0004912030131938789,-0.001223627458274541,3.942954615760452e-06,7.136724543500114e-06,0.001320386608472107
1900,1,-2.535837722772901e-06,-3.957293144784688e-07,3.687778937507105e-05,4.079263862299521e-06,5.311993133620249e-05,2.549972110587435e-06,-8.968969071047153e-07,6.490171572837313e-05
1900,2,-1.448677500767699e-06,1.688411692171859e-07,2.445496119417065e-08,-1.016403595693352e-07,5.367470677591445e-06,2.20929590264431e-06,4.422138631717997e-06,7.442052310206587e-06
1900,3,0,0,0,0,0,0,0,0
1950,0,-6.288992281544982e-05,-2.918586558706642e-05,-1.668012851382372e-06,0.0004912030131938789,-0.001223627458274541,3.943320695201985e-06,7.137456702383179e-06,0.001320386605994288
1950,1,-2.53582865387498e-06,-3.957334225032687e-07,3.687778937507105e-05,4.079263862299521e-06,5.311993133620249e-05,2.549996177532902e-06,-8.968487732137804e-07,6.490171567951174e-05
1950,2,-1.500007744216326e-06,1.586854390516452e-07,2.445496119417065e-08,-1.016801318923604e-07,5.367470677591445e-06,2.075890680584143e-06,4.155328187597662e-06,7.257544842080436e-06
1950,3,0,0,0,0,0,0,0,0
2000,0,-6.288987366255696e-05,-2.918585678559044e-05,-1.668012851382372e-06,0.0004912030131938789,-0.001223627458274541,3.94344576617618e-06,7.137706844331569e-06,0.001320386605184308
2000,1,-2.535800915059648e-06,-3.957300793315953e-07,3.687778937507105e-05,4.079263862299521e-06,5.311993133620249e-05,2.55006665465148e-06,-8.967078189766241e-07,6.490171539678683e-05
2000,2,-1.530286017900273e-06,1.505728410828943e-07,2.445485790809421e-08,-1.016807193376705e-07,5.367295916989838e-06,1.998773801913748e-06,4.001094976965084e-06,7.15451659249323e-06
2000,3,0,0,0,0,0,0,0,0
2050,0,-6.288980576315967e-05,-2.918583748030645e-05,-1.668012851382372e-06,0.0004912030133073741,-0.001223627458274541,3.943614586159474e-06,7.138044484298158e-06,0.001320386603895219
2050,1,-2.535800915059648e-06,-3.957300793315953e-07,3.687778937507105e-05,4.079263862299521e-06,5.311993133620249e-05,2.55006665465148e-06,-8.967078189766241e-07,6.490171539678683e-05
2050,2,-1.557328770293343e-06,1.382444032077912e-07,2.445790609971499e-08,-1.017134041969922e-07,5.372454014184665e-06,1.932248981073885e-06,3.86804589149162e-06,7.072054545720146e-06
2050,3,0,0,0,0,0,0,0,0
2100,0,-6.288854736055518e-05,-2.918523315330203e-05,-1.668012851382372e-06,0.0004912030148791624,-0.001223627458274541,3.946640594738336e-06,7.144096501455881e-06,0.001320386572957634
2100,1,-2.536647495503963e-06,-3.957630962649472e-07,3.687778915642954e-05,4.079260760865945e-06,5.311955052885977e-05,2.548035307698932e-06,-9.007702787990438e-07,6.490141315702269e-05
2100,2,-1.576247377034113e-06,1.359518734435985e-07,2.445782145804844e-08,-1.017287700330969e-07,5.371738789806651e-06,1.886614871980826e-06,3.776777798628177e-06,7.01376713859863e-06
2100,3,0,0,0,0,0,0,0,0
2150,0,-6.28883216209903e-05,-2.918511349372785e-05,-1.668012851382372e-06,0.0004912030148791624,-0.001223627458274541,3.947170847498172e-06,7.145157006975553e-06,0.001320386566884473
2150,1,-2.537581127441848e-06,-3.962863068911963e-07,3.687778915642954e-05,4.079260576356833e-06,5.311955052885977e-05,2.545840728802649e-06,-9.051594365916119e-07,6.490142777891283e-05
2150,2,-1.595455509482999e-06,1.314390684771109e-07,2.445759284671313e-08,-1.017604836204499e-07,5.371352709743485e-06,1.841231820062413e-06,3.686011952438306e-06,6.957151467557207e-06
2150,3,0,0,0,0,0,0,0,0
2200,0,-6.288908653840004e-05,-2.918560233525066e-05,-1.668012851382372e-06,0.0004912030117369329,-0.001223627458274541,3.945410773307927e-06,7.141636858595062e-06,0.00132038658864827
2200,1,-2.538654507578015e-06,-3.96936393586128e-07,3.687778915642954e-05,4.079257825064516e-06,5.311955052885977e-05,2.543370908784568e-06,-9.100990766277727e-07,6.490144580035054e-05
2200,2,-1.612767483530919e-06,1.209356958449477e-07,2.445735498344613e-08,-1.017903591181827e-07,5.370951242831148e-06,1.801564266188175e-06,3.606677073751531e-06,6.908507393807062e-06
2200,3,0,0,0,0,0,0,0,0
2250,0,-6.288919095767427e-05,-2.91856658240755e-05,-1.668012851382372e-06,0.0004912030116757213,-0.001223627458274541,3.945173779948329e-06,7.141162871875869e-06,0.001320386591730546
2250,1,-2.539526370545289e-06,-3.975554454332391e-07,3.687778915642954e-05,4.079257678575429e-06,5.311955052885977e-05,2.541411630564234e-06,-9.14017633068442e-07,6.490146200580377e-05
2250,2,-1.627283774338793e-06,1.129418297428063e-07,2.445702002113269e-08,-1.017965046165085e-07,5.370437591697223e-06,1.768785798698272e-06,3.541120491959016e-06,6.868879565101999e-06
2250,3,0,0,0,0,0,0,0,0
2300,0,-6.288892428653832e-05,-2.918546221103226e-05,-1.668012851382372e-06,0.0004912030116757213,-0.001223627458274541,3.945757976142836e-06,7.142331264264882e-06,0.001320386582593852
2300,1,-2.540321794997164e-06,-3.981558204626835e-07,3.687778915642954e-05,4.079256671507719e-06,5.311955052885977e-05,2.539661335474519e-06,-9.175182232478701e-07,6.490147763121115e-05
2300,2,-1.649978555896354e-06,1.022461780665866e-07,2.445702002113269e-08,-1.018173046285867e-07,5.370437591697223e-06,1.718883121743391e-06,3.441315138049253e-06,6.810481437981687e-06
2300,3,0,0,0,0,0,0,0,0
2350,0,-6.28886842105978e-05,-2.91852517670774e-05,-1.668012851382372e-06,0.0004912030116757213,-0.001223627458274541,3.946270958921691e-06,7.143357229822592e-06,0.001320386573590866
2350,1,-2.541002193994275e-06,-3.987393292596135e-07,3.687778915642954e-05,4.079256671507719e-06,5.311955052885977e-05,2.538197233763495e-06,-9.204464266699186e-07,6.49014920357817e-05
2350,2,-1.670388298014846e-06,9.100862074092861e-08,2.445702002113269e-08,-1.018173046285867e-07,5.370437591697223e-06,1.674968231911482e-06,3.353485358385436e-06,6.760357024423864e-06
2350,3,0,0,0,0,0,0,0,0
2400,0,-6.288857450913423e-05,-2.91852104215221e-05,-1.668012851382372e-06,0.0004912030116757213,-0.001223627458274541,3.946500748330114e-06,7.143816808639439e-06,0.001320386570625238
2400,1,-2.541560325533456e-06,-3.992593391249485e-07,3.687778915642954e-05,4.079256671507719e-06,5.311955052885977e-05,2.537021895118888e-06,-9.227971039591323e-07,6.490150451218979e-05
2400,2,-1.688509158770937e-06,7.973935224745516e-08,2.445702002113269e-08,-1.018173046285867e-07,5.370437591697223e-06,1.636805702756007e-06,3.277160300074487e-06,6.717804620571655e-06
2400,3,0,0,0,0,0,0,0,0
2450,0,-6.288842818508315e-05,-2.918506662892048e-05,-1.668012851382372e-06,0.0004912030116757213,-0.001223627458274541,3.946802447404506e-06,7.144420206788221e-06,0.001320386564644218
2450,1,-2.542058562166939e-06,-3.997569133200582e-07,3.687778915642954e-05,4.079256671507719e-06,5.311955052885977e-05,2.535994551132441e-06,-9.248517919320267e-07,6.490151618390625e-05
2450,2,-1.705007350609949e-06,6.834591046171552e-08,2.445702002113269e-08,-1.018173046285867e-07,5.370437591697223e-06,1.602775174489448e-06,3.209099243541368e-06,6.680680525188514e-06
2450,3,0,0,0,0,0,0,0,0
2500,0,-6.288821957222605e-05,-2.918497209701268e-05,-1.668012851382372e-06,0.0004912030116757213,-0.001223627458274541,3.947223126056796e-06,7.145261564092802e-06,0.001320386558429038
2500,1,-2.542454510947493e-06,-4.001822252836379e-07,3.687778915642954e-05,4.079256632428795e-06,5.311955052885977e-05,2.535194709423632e-06,-9.26451475349645e-07,6.490152587907245e-05
2500,2,-1.713098270423874e-06,6.484623573978487e-08,2.445693038922989e-08,-1.018185462437706e-07,5.370286498712457e-06,1.586407634876924e-06,3.176364256574382e-06,6.663019737995271e-06
2500,3,0,0,0,0,0,0,0,0
2550,0,-6.28878707129164e-05,-2.918466110421559e-05,-1.668012851382372e-06,0.0004912030117227702,-0.001223627458274541,3.947914439687589e-06,7.146644191354389e-06,0.00132038654450657
2550,1,-2.542836323439903e-06,-4.006026967116809e-07,3.687778915642954e-05,4.079256564227804e-06,5.311955052885977e-05,2.534438614618395e-06,-9.279636649601185e-07,6.490153550043425e-05
2550,2,-1.726587288678725e-06,5.543086839365921e-08,2.445693038922989e-08,-1.018209639750948e-07,5.370286498712457e-06,1.559687189065586e-06,3.122923364951706e-06,6.63478661647054e-06
2550,3,0,0,0,0,0,0,0,0
2600,0,-6.288659166774469e-05,-2.918420351837969e-05,-1.66801263808585e-06,0.0004912030130540052,-0.001223627131600172,3.950387041802059e-06,7.151589395583328e-06,0.001320386205404619
2600,1,-2.544035142202003e-06,-4.009728176768922e-07,3.687778893328495e-05,4.07925517152862e-06,5.311920877167159e-05,2.53211975656881e-06,-9.326011148341327e-07,6.490128079781677e-05
2600,2,-1.732360265943325e-06,5.388592372993863e-08,2.445693038922989e-08,-1.01821287424474e-07,5.370286498712457e-06,1.548423460919514e-06,3.100395908659563e-06,6.623064893448087e-06
2600,3,0,0,0,0,0,0,0,0
2650,0,-6.2886222388671e-05,-2.918386800468194e-05,-1.66801263808585e-06,0.0004912030137289859,-0.001223627131600172,3.95109285385698e-06,7.153001019693171e-06,0.001320386190410602
2650,1,-2.544331985852889e-06,-4.013358066535699e-07,3.687778893328495e-05,4.079254783193094e-06,5.311920877167159e-05,2.531553357622709e-06,-9.337339127263356e-07,6.49012888456674e-05
2650,2,-1.743519494217828e-06,4.594667091733528e-08,2.445693038922989e-08,-1.018330017106773e-07,5.370286498712457e-06,1.527162471604752e-06,3.057873930030039e-06,6.60119191433305e-06
2650,3,0,0,0,0,0,0,0,0
2700,0,-6.288611793984651e-05,-2.918374102835185e-05,-1.66801263808585e-06,0.0004912030140821709,-0.001223627131600172,3.951286492760369e-06,7.153388297499949e-06,0.001320386185438439
2700,1,-2.545371031068981e-06,-4.016851599851255e-07,3.687778876113727e-05,4.079252803306547e-06,5.311891894291044e-05,2.529606937248094e-06,-9.376265416401503e-07,6.490107454002557e-05
2700,2,-1.743744608689608e-06,4.495585305972035e-08,2.44568749339727e-08,-1.018309884876223e-07,5.370193182786595e-06,1.526745664485848e-06,3.057040365683778e-06,6.600686094634426e-06
2700,3,0,0,0,0,0,0,0,0
2750,0,-6.288581689504726e-05,-2.91835133412381e-05,-1.66801263808585e-06,0.0004912030141401816,-0.001223627131600172,3.951839410084517e-06,7.154494132148241e-06,0.001320386173735976
2750,1,-2.545377575986039e-06,-4.016830532860709e-07,3.687778876113727e-05,4.079252820968256e-06,5.311891894291044e-05,2.529595022146615e-06,-9.376503718431075e-07,6.490107466465748e-05
2750,2,-1.75323816015851e-06,3.80210725551711e-08,2.44568749339727e-08,-1.018332961555862e-07,5.370193182786595e-06,1.5093199243478e-06,3.022188885710188e-06,6.583077162127355e-06
2750,3,0,0,0,0,0,0,0,0
2800,0,-6.288572380710111e-05,-2.918342966564812e-05,-1.66801263808585e-06,0.0004912030141813712,-0.001223627131600172,3.952006294175863e-06,7.154827900330935e-06,0.001320386169776447
2800,1,-2.545327084402742e-06,-4.016735414433325e-07,3.687778875795829e-05,4.07925281437124e-06,5.311891359712302e-05,2.529686437412814e-06,-9.374675413107115e-07,6.490106916994437e-05
2800,2,-1.757834398177604e-06,3.178774577707526e-08,2.445683698473876e-08,-1.018348084014376e-07,5.370129367148938e-06,1.501035464107764e-06,3.005620008691382e-06,6.574732634742352e-06
2800,3,0,0,0,0,0,0,0,0
2850,0,-6.288540477034207e-05,-2.918311466119118e-05,-1.66801263808585e-06,0.0004912030141813712,-0.001223627131600172,3.952572456274479e-06,7.155960224528167e-06,0.001320386155450482
2850,1,-2.5453337418307e-06,-4.016836790545763e-07,3.687778875795829e-05,4.07925281437124e-06,5.311891359712302e-05,2.529674624771993e-06,-9.374911665923534e-07,6.490106937461622e-05
2850,2,-1.761691850672811e-06,2.570287688131513e-08,2.445682560330669e-08,-1.01835839830187e-07,5.370110239452476e-06,1.494151820193209e-06,2.991852763508005e-06,6.56787211304917e-06
2850,3,0,0,0,0,0,0,0,0
2900,0,-6.288520242301618e-05,-2.918296478087793e-05,-1.66801263808585e-06,0.0004912030144655394,-0.001223627131600172,3.952924957017283e-06,7.156665226013776e-06,0.001320386147482742
2900,1,-2.545344355719033e-06,-4.016972214702125e-07,3.687778875795829e-05,4.079252774482194e-06,5.311891359712302e-05,2.52965619671311e-06,-9.375280227101184e-07,6.490106968630949e-05
2900,2,-1.768981376264119e-06,1.939174124556617e-08,2.445679935270361e-08,-1.01847797941369e-07,5.370066122546551e-06,1.481469648134171e-06,2.966488419389928e-06,6.555383915486369e-06
2900,3,0,0,0,0,0,0,0,0
2950,0,-6.288504469372496e-05,-2.918281758955713e-05,-1.66801263808585e-06,0.0004912030144655394,-0.001223627131600172,3.95319510165957e-06,7.157205515298349e-06,0.001320386140454812
2950,1,-2.545360539956309e-06,-4.017141016556312e-07,3.687778875795829e-05,4.079252774482194e-06,5.311891359712302e-05,2.529628531350244e-06,-9.375833534358487e-07,6.490107014651171e-05
2950,2,-1.77548189234561e-06,1.339620296122296e-08,2.445679935270361e-08,-1.018480276470617e-07,5.370066122546551e-06,1.47035341944061e-06,2.944255962002806e-06,6.544591589430391e-06
2950,3,0,0,0,0,0,0,0,0
3000,0,-6.288479528239471e-05,-2.918252195204781e-05,-1.66801263808585e-06,0.0004912030144655394,-0.001223627131600172,3.953616211260179e-06,7.158047734499566e-06,0.001320386127868649
3000,1,-2.545360003700474e-06,-4.017288655838058e-07,3.687778875795829e-05,4.079252774482194e-06,5.311891359712302e-05,2.529629764288722e-06,-9.375808875588948e-07,6.49010702292983e-05
3000,2,-1.781402919752163e-06,7.660501267985973e-09,2.445679935270361e-08,-1.018480276470617e-07,5.370066122546551e-06,1.460399269132909e-06,2.924347661387404e-06,6.535029581571873e-06
3000,3,0,0,0,0,0,0,0,0
3050,0,-6.288451803608212e-05,-2.918230202180861e-05,-1.66801263808585e-06,0.0004912030144655394,-0.001223627131600172,3.954076519701212e-06,7.158968351381634e-06,0.001320386116173281
3050,1,-2.545368648332661e-06,-4.017308994737594e-07,3.687778875795829e-05,4.079252774482194e-06,5.311891359712302e-05,2.52961547564048e-06,-9.376094648553784e-07,6.490107043684279e-05
3050,2,-1.786840580537863e-06,2.078970748034356e-09,2.445679935270361e-08,-1.018480276470617e-07,5.370066122546551e-06,1.451409097211677e-06,2.90636731754494e-06,6.52648023444726e-06
3050,3,0,0,0,0,0,0,0,0
3100,0,-6.288448861748503e-05,-2.91823016382829e-05,-1.66801263808585e-06,0.0004912030145164215,-0.001223627131600172,3.95412447959211e-06,7.159064271163431e-06,0.00132038611544634
3100,1,-2.546609730696414e-06,-4.017551866762879e-07,3.687778851994994e-05,4.079251760498539e-06,5.311851383699679e-05,2.527588816311863e-06,-9.416625353609943e-07,6.490077160715616e-05
3100,2,-1.78024811258094e-06,1.094517091396399e-08,2.445679935270361e-08,-1.01854716260832e-07,5.370066122546551e-06,1.462237509161141e-06,2.928024105774323e-06,6.536776691542166e-06
3100,3,0,0,0,0,0,0,0,0
3150,0,-6.288313045234183e-05,-2.91809892526117e-05,-1.668012612054397e-06,0.0004912030169800897,-0.001223627022358826,3.956298030045437e-06,7.163411372070083e-06,0.001320385951526666
3150,1,-2.547680415274116e-06,-4.017609095963185e-07,3.687778836332425e-05,4.079250128953745e-06,5.311816955484791e-05,2.525877708209442e-06,-9.450845935580298e-07,6.490051481656316e-05
3150,2,-1.771536127220196e-06,1.466994903929359e-08,2.445700407450006e-08,-1.018357190132739e-07,5.370873688664541e-06,1.476168387857306e-06,2.955885124246639e-06,6.550735704698156e-06
3150,3,0,0,0,0,0,0,0,0
3200,0,-6.288313045234183e-05,-2.91809892526117e-05,-1.668012612054397e-06,0.0004912030169800897,-0.001223627022358826,3.956298030045437e-06,7.163411372070083e-06,0.001320385951526666
3200,1,-2.547677489142364e-06,-4.017607290317496e-07,3.687778836332425e-05,4.079250137294784e-06,5.311816955484791e-05,2.525882316290939e-06,-9.450753773950349e-07,6.490051474624149e-05
3200,2,-1.77581910751028e-06,1.436446507478466e-08,2.445700407450006e-08,-1.01840464595243e-07,5.370873688664541e-06,1.469421370523157e-06,2.942391093435315e-06,6.544299668887377e-06
3200,3,0,0,0,0,0,0,0,0
3250,0,-6.288309767805857e-05,-2.918098491284553e-05,-1.668012612054397e-06,0.0004912030169969904,-0.001223627022358826,3.956348748527737e-06,7.163512809034683e-06,0.001320385950578468
3250,1,-2.547677489142364e-06,-4.017607290317496e-07,3.687778836332425e-05,4.079250137294784e-06,5.311816955484791e-05,2.525882316290939e-06,-9.450753773950349e-07,6.490051474624149e-05
3250,2,-1.779726996546493e-06,1.384815875467855e-08,2.445700407450006e-08,-1.018446759377635e-07,5.370873688664541e-06,1.463360593918995e-06,2.930269540226991e-06,6.538560883146119e-06
3250,3,0,0,0,0,0,0,0,0
3300,0,-6.288294960311114e-05,-2.91809511241748e-05,-1.668012612054397e-06,0.0004912030170543479,-0.001223627022358826,3.956574295837634e-06,7.163963903654476e-06,0.001320385945924284
3300,1,-2.547674009278797e-06,-4.01759811310747e-07,3.687778836332425e-05,4.079250139070876e-06,5.311816955484791e-05,2.52588764632848e-06,-9.450647173199537e-07,6.490051465628106e-05
3300,2,-1.783279271137403e-06,1.317006311176443e-08,2.445700407450006e-08,-1.018483272519899e-07,5.370873688664541e-06,1.45793565454324e-06,2.919419661475482e-06,6.533460135979259e-06
3300,3,0,0,0,0,0,0,0,0
3350,0,-6.288281554757869e-05,-2.918091566236829e-05,-1.668012612054397e-06,0.0004912030171219865,-0.001223627022358826,3.956776503167547e-06,7.164368318314303e-06,0.001320385941581599
3350,1,-2.547674009278797e-06,-4.01759811310747e-07,3.687778836332425e-05,4.079250139070876e-06,5.311816955484791e-05,2.52588764632848e-06,-9.450647173199537e-07,6.490051465628106e-05
3350,2,-1.786521776186317e-06,1.236416427678709e-08,2.445700407450006e-08,-1.018517182655754e-07,5.370873688664541e-06,1.453058496877277e-06,2.909665346143554e-06,6.528904996122483e-06
3350,3,0,0,0,0,0,0,0,0
3400,0,-6.288278409271453e-05,-2.918090679906519e-05,-1.668012612054397e-06,0.0004912030172066373,-0.001223627022358826,3.956823269245703e-06,7.164461850470614e-06,0.001320385940566834
3400,1,-2.547668774010218e-06,-4.01758061897868e-07,3.687778836332425e-05,4.079250145991384e-06,5.311816955484791e-05,2.525895428665308e-06,-9.450491526462986e-07,6.490051451661313e-05
3400,2,-1.789223668298738e-06,1.156891870362774e-08,2.445700271297656e-08,-1.01854395312489e-07,5.370850853118625e-06,1.449053215423745e-06,2.901654785501247e-06,6.525168368686266e-06
3400,3,0,0,0,0,0,0,0,0
3450,0,-6.28826783811629e-05,-2.918086931952034e-05,-1.668012612054397e-06,0.0004912030172572602,-0.001223627022358826,3.956977459254426e-06,7.164770230488061e-06,0.001320385936858288
3450,1,-2.547668774010218e-06,-4.01758061897868e-07,3.687778836332425e-05,4.079250145991384e-06,5.311816955484791e-05,2.525895428665308e-06,-9.450491526462986e-07,6.490051451661313e-05
3450,2,-1.791918685671357e-06,1.071072613469029e-08,2.445700271297656e-08,-1.01857431648448e-07,5.370850853118625e-06,1.445117703481487e-06,2.893783761616731e-06,6.52153731105125e-06
3450,3,0,0,0,0,0,0,0,0
3500,0,-6.288252966804702e-05,-2.918081491725035e-05,-1.668012612054397e-06,0.000491203017286504,-0.001223627022358826,3.957191273513022e-06,7.165197859005252e-06,0.001320385931545769
3500,1,-2.547833277034139e-06,-4.017581830535413e-07,3.687778836048634e-05,4.079249997428997e-06,5.311812196018509e-05,2.525659988446416e-06,-9.455200287188659e-07,6.490047970567401e-05
3500,2,-1.794119361089868e-06,9.906889860241955e-09,2.445700271297656e-08,-1.018575585656953e-07,5.370850853118625e-06,1.441948746645902e-06,2.887445847945559e-06,6.518629774326786e-06
3500,3,0,0,0,0,0,0,0,0
3550,0,-6.288246537001042e-05,-2.918080517685473e-05,-1.668012612054397e-06,0.0004912030173294093,-0.001223627022358826,3.957282542270277e-06,7.165380396519763e-06,0.001320385929548419
3550,1,-2.547833277034139e-06,-4.017581830535413e-07,3.687778836048634e-05,4.079249997428997e-06,5.311812196018509e-05,2.525659988446416e-06,-9.455200287188659e-07,6.490047970567401e-05
3550,2,-1.796360126289913e-06,9.079343271447674e-09,2.445700271297656e-08,-1.018585994985626e-07,5.370850853118625e-06,1.43876951385809e-06,2.881087382369936e-06,6.515729165824483e-06
3550,3,0,0,0,0,0,0,0,0
3600,0,-6.28824083071003e-05,-2.918078411695003e-05,-1.668012612054397e-06,0.0004912030173294093,-0.001223627022358826,3.957361852051125e-06,7.165539016081459e-06,0.001320385927463905
3600,1,-2.547825740184232e-06,-4.017524884935336e-07,3.687778836048634e-05,4.079249997428997e-06,5.311812196018509e-05,2.525670459402638e-06,-9.454990868064204e-07,6.4900479476938e-05
3600,2,-1.798369898087911e-06,8.240685272249098e-09,2.445700271297656e-08,-1.018585994985626e-07,5.370850853118625e-06,1.435957764068987e-06,2.87546388279173e-06,6.513177538374856e-06
3600,3,0,0,0,0,0,0,0,0
3650,0,-6.288225757076714e-05,-2.918069846780716e-05,-1.668012612054397e-06,0.0004912030173294093,-0.001223627022358826,3.957570106564396e-06,7.165955525108001e-06,0.001320385921276927
3650,1,-2.547807089620198e-06,-4.017427324094183e-07,3.687778836048634e-05,4.079249997428997e-06,5.311812196018509e-05,2.525696104164734e-06,-9.454477972822273e-07,6.490047893518495e-05
3650,2,-1.80021122136199e-06,7.383079922697291e-09,2.445700271297656e-08,-1.018585994985626e-07,5.370850853118625e-06,1.43341725525384e-06,2.870382865161436e-06,6.510883962825415e-06
3650,3,0,0,0,0,0,0,0,0
3700,0,-6.288220377152007e-05,-2.918066577830184e-05,-1.668012612054397e-06,0.0004912030173294093,-0.001223627022358826,3.957643114943926e-06,7.166101541867061e-06,0.001320385919003637
3700,1,-2.547816204928251e-06,-4.017470068278814e-07,3.687778836048634e-05,4.079249997428997e-06,5.311812196018509e-05,2.525683733933576e-06,-9.45472537744545e-07,6.490047919849683e-05
3700,2,-1.801913484012283e-06,6.506912044041e-09,2.445700271297656e-08,-1.018585994985626e-07,5.370850853118625e-06,1.431100611014514e-06,2.865749576682785e-06,6.508802988614104e-06
3700,3,0,0,0,0,0,0,0,0
3750,0,-6.288206929992454e-05,-2.91805731330044e-05,-1.668012612054397e-06,0.0004912030173294093,-0.001223627022358826,3.957823473242219e-06,7.166462258463646e-06,0.001320385913050452
3750,1,-2.547835061779854e-06,-4.017526923828805e-07,3.687778836048634e-05,4.079249997428997e-06,5.311812196018509e-05,2.525658527497146e-06,-9.455229506174038e-07,6.49004797274641e-05
3750,2,-1.803433960619163e-06,5.651168328605382e-09,2.445700271297656e-08,-1.018585994985626e-07,5.370850853118625e-06,1.429058980850951e-06,2.861666316355659e-06,6.506977936696259e-06
3750,3,0,0,0,0,0,0,0,0
3800,0,-6.288206929992454e-05,-2.91805731330044e-05,-1.668012612054397e-06,0.0004912030173294093,-0.001223627022358826,3.957823473242219e-06,7.166462258463646e-06,0.001320385913050452
3800,1,-2.547894456553222e-06,-4.017747478059767e-07,3.687778836048634e-05,4.079249997428997e-06,5.311812196018509e-05,2.525579859315378e-06,-9.456802869809413e-07,6.490048142672069e-05
3800,2,-1.804789898959775e-06,4.814921098164983e-09,2.445700271297656e-08,-1.018585994985626e-07,5.370850853118625e-06,1.42726254660019e-06,2.858073447854136e-06,6.505379633720654e-06
3800,3,0,0,0,0,0,0,0,0
3850,0,-6.288199638476811e-05,-2.918052653678977e-05,-1.668012612054397e-06,0.0004912030173294093,-0.001223627022358826,3.957918839157286e-06,7.166652990293779e-06,0.001320385909869246
3850,1,-2.547949271281565e-06,-4.017996617031458e-07,3.687778836048634e-05,4.079249997428997e-06,5.311812196018509e-05,2.525508180704193e-06,-9.458236442033106e-07,6.490048303266587e-05
3850,2,-1.80602913317701e-06,3.996343051141088e-09,2.445700271297656e-08,-1.018585994985626e-07,5.370850853118625e-06,1.425642293231958e-06,2.854832941117672e-06,6.503944685827419e-06
3850,3,0,0,0,0,0,0,0,0
3900,0,-6.288192556872381e-05,-2.918047799939176e-05,-1.668012612054397e-06,0.0004912030173294093,-0.001223627022358826,3.958010168495265e-06,7.166835648969739e-06,0.001320385906689228
3900,1,-2.547996192340801e-06,-4.018221187641292e-07,3.687778836048634e-05,4.079249997428997e-06,5.311812196018509e-05,2.525447609638654e-06,-9.459447863343881e-07,6.49004844223722e-05
3900,2,-1.80715506721311e-06,3.204847415202761e-09,2.445700271297656e-08,-1.018585994985626e-07,5.370850853118625e-06,1.42418912818122e-06,2.851926611016197e-06,6.502663452860794e-06
3900,3,0,0,0,0,0,0,0,0
3950,0,-6.288190395016214e-05,-2.918046634758012e-05,-1.668012612054397e-06,0.0004912030173294093,-0.001223627022358826,3.958037764310515e-06,7.166890840600239e-06,0.001320385905784457
3950,1,-2.548063368996252e-06,-4.018494336777439e-07,3.687778835768986e-05,4.079249982817489e-06,5.311811727046587e-05,2.525362155100927e-06,-9.461156806800888e-07,6.490048255391679e-05
3950,2,-1.807607838696224e-06,2.917760956245951e-09,2.445700271297656e-08,-1.018585994985626e-07,5.370850853118625e-06,1.423607905370484e-06,2.850764165394724e-06,6.502152152364294e-06
3950,3,0,0,0,0,0,0,0,0
4000,0,-6.288187617328602e-05,-2.918044055643722e-05,-1.668012612054397e-06,0.0004912030173501683,-0.001223627022358826,3.95807275990725e-06,7.166960831793711e-06,0.001320385904384165
4000,1,-2.548174242977906e-06,-4.018718864522372e-07,3.687778834662179e-05,4.079249901248578e-06,5.311809870926193e-05,2.525222118767779e-06,-9.463957533463846e-07,6.490047047779182e-05
4000,2,-1.808520009378706e-06,2.272134493642343e-09,2.445700271297656e-08,-1.018589782232004e-07,5.370850853118625e-06,1.422460454912738e-06,2.848469264455072e-06,6.501148588220817e-06
4000,3,0,0,0,0,0,0,0,0
4050,0,-6.288177710882694e-05,-2.918038372763132e-05,-1.668012612054397e-06,0.0004912030173501683,-0.001223627022358826,3.958195910717081e-06,7.167207133413372e-06,0.001320385900116526
4050,1,-2.548205351593685e-06,-4.018915149099863e-07,3.687778834662179e-05,4.079249901248578e-06,5.311809870926193e-05,2.525183464978319e-06,-9.46473060925304e-07,6.490047144414645e-05
4050,2,-1.809377567565186e-06,1.638109233606336e-09,2.445700271297656e-08,-1.018589782232006e-07,5.370850853118625e-06,1.421394942723289e-06,2.846338240076173e-06,6.500220543058572e-06
4050,3,0,0,0,0,0,0,0,0
4100,0,-6.288175496680817e-05,-2.91803809076221e-05,-1.668012612054397e-06,0.0004912030173501683,-0.001223627022358826,3.958223059570251e-06,7.167261431119712e-06,0.001320385899375839
4100,1,-2.548234909118133e-06,-4.01911628974324e-07,3.687778834662179e-05,4.079249901248578e-06,5.311809870926193e-05,2.525147177200687e-06,-9.465456364805684e-07,6.490047237578461e-05
4100,2,-1.810162922232729e-06,1.027825246929508e-09,2.445700271297656e-08,-1.018589782232007e-07,5.370850853118625e-06,1.420431133016465e-06,2.844410620662527e-06,6.499384549855666e-06
4100,3,0,0,0,0,0,0,0,0
4150,0,-6.288168514051797e-05,-2.918031789909261e-05,-1.668012612054397e-06,0.0004912030173501683,-0.001223627022358826,3.958307582761481e-06,7.167430477502172e-06,0.001320385895828975
4150,1,-2.548259229142913e-06,-4.019290429871087e-07,3.687778834662179e-05,4.079249901248578e-06,5.311809870926193e-05,2.525117690977251e-06,-9.466046089274395e-07,6.490047315139853e-05
4150,2,-1.810876459686517e-06,4.485303330460247e-10,2.445700271297656e-08,-1.018589782232009e-07,5.370850853118625e-06,1.419566034455529e-06,2.842680423540654e-06,6.498637222745915e-06
4150,3,0,0,0,0,0,0,0,0
4200,0,-6.288168514051797e-05,-2.918031789909261e-05,-1.668012612054397e-06,0.0004912030173501683,-0.001223627022358826,3.958307582761481e-06,7.167430477502172e-06,0.001320385895828975
4200,1,-2.548276558734073e-06,-4.019417539863928e-07,3.687778834662179e-05,4.079249901248578e-06,5.311809870926193e-05,2.525096925604859e-06,-9.466461396722238e-07,6.490047370838529e-05
4200,2,-1.811538502629035e-06,-1.153278833845107e-10,2.445700271297656e-08,-1.01858978223201e-07,5.370850853118625e-06,1.418772978965814e-06,2.841094312561224e-06,6.497954886069206e-06
4200,3,0,0,0,0,0,0,0,0
4250,0,-6.288165542462553e-05,-2.918028661582302e-05,-1.668012612054397e-06,0.0004912030173501683,-0.001223627022358826,3.95834262108848e-06,7.167500554156169e-06,0.001320385894207877
4250,1,-2.548290687968852e-06,-4.019526346669926e-07,3.687778834662179e-05,4.079249901248578e-06,5.311809870926193e-05,2.525080199166768e-06,-9.466795925484057e-07,6.490047416772885e-05
4250,2,-1.812141873648299e-06,-6.504929842238501e-10,2.445700271297656e-08,-1.018589782232011e-07,5.370850853118625e-06,1.418058766348822e-06,2.839665887327241e-06,6.497342833244285e-06
4250,3,0,0,0,0,0,0,0,0
4300,0,-6.288165542462553e-05,-2.918028661582302e-05,-1.668012612054397e-06,0.0004912030173501683,-0.001223627022358826,3.95834262108848e-06,7.167500554156169e-06,0.001320385894207877
4300,1,-2.548300090152803e-06,-4.019618292778153e-07,3.687778834662179e-05,4.079249901248578e-06,5.311809870926193e-05,2.52506918546953e-06,-9.467016199428825e-07,6.490047448664952e-05
4300,2,-1.812693830409941e-06,-1.161050506208418e-09,2.445700271297656e-08,-1.018589782232012e-07,5.370850853118625e-06,1.417413063492713e-06,2.838374481615022e-06,6.496791673138298e-06
4300,3,0,0,0,0,0,0,0,0
4350,0,-6.288163267751652e-05,-2.918027191727834e-05,-1.668012612054397e-06,0.0004912030173501683,-0.001223627022358826,3.958368864449074e-06,7.167553040877357e-06,0.001320385893163332
4350,1,-2.5483035706861e-06,-4.019660228734224e-07,3.687778834662179e-05,4.079249901248578e-06,5.311809870926193e-05,2.525065164418522e-06,-9.467096620448975e-07,6.490047461014942e-05
4350,2,-1.813197803439168e-06,-1.645149335376717e-09,2.445700271297656e-08,-1.018589782232013e-07,5.370850853118625e-06,1.416830308470662e-06,2.83720897157092e-06,6.496296185916094e-06
4350,3,0,0,0,0,0,0,0,0
4400,0,-6.288158454394164e-05,-2.918022388661502e-05,-1.668012612054397e-06,0.0004912030173501683,-0.001223627022358826,3.95842380386316e-06,7.167662919705528e-06,0.001320385890570739
4400,1,-2.548309182988032e-06,-4.01971191638622e-07,3.687778834662179e-05,4.079249901248578e-06,5.311809870926193e-05,2.525058747494983e-06,-9.467224958919757e-07,6.490047480007756e-05
4400,2,-1.813656165890748e-06,-2.099703132145147e-09,2.445700271297656e-08,-1.018589782232014e-07,5.370850853118625e-06,1.416306330167183e-06,2.836161014963962e-06,6.495852392363242e-06
4400,3,0,0,0,0,0,0,0,0
4450,0,-6.288158454394164e-05,-2.918022388661502e-05,-1.668012612054397e-06,0.0004912030173501683,-0.001223627022358826,3.95842380386316e-06,7.167662919705528e-06,0.001320385890570739
4450,1,-2.548313204133498e-06,-4.019750639219715e-07,3.687778834662179e-05,4.079249901248578e-06,5.311809870926193e-05,2.525054197887681e-06,-9.467315951065805e-07,6.490047493767502e-05
4450,2,-1.814078826089835e-06,-2.533782320739168e-09,2.445700271297656e-08,-1.018589782232014e-07,5.370850853118625e-06,1.415828667471777e-06,2.83520568957315e-06,6.495449392306481e-06
4450,3,0,0,0,0,0,0,0,0
4500,0,-6.288154542058555e-05,-2.918018977443362e-05,-1.668012612054397e-06,0.0004912030173535634,-0.001223627022358826,3.958467421280707e-06,7.167750154540623e-06,0.001320385888559251
4500,1,-2.548314441247373e-06,-4.019771701864639e-07,3.687778834655818e-05,4.079249900925615e-06,5.311809860262919e-05,2.525052815770016e-06,-9.467343593419088e-07,6.49004748985151e-05
4500,2,-1.814232449731513e-06,-2.58950186032285e-09,2.445700040485062e-08,-1.018590054187673e-07,5.370846984687015e-06,1.415657702598312e-06,2.834863762438061e-06,6.495302618390033e-06
4500,3,0,0,0,0,0,0,0,0
4550,0,-6.288152367579558e-05,-2.918016793014645e-05,-1.668012612054397e-06,0.0004912030173535634,-0.001223627022358826,3.958491360890599e-06,7.167798033760406e-06,0.001320385887372618
4550,1,-2.548314441247373e-06,-4.019771701864639e-07,3.687778834655818e-05,4.079249900925615e-06,5.311809860262919e-05,2.525052815770016e-06,-9.467343593419088e-07,6.49004748985151e-05
4550,2,-1.81458412081347e-06,-2.871877950998398e-09,2.445700040485062e-08,-1.018590085679796e-07,5.370846984687015e-06,1.415269023983984e-06,2.834086405209405e-06,6.494977034374299e-06
4550,3,0,0,0,0,0,0,0,0
4600,0,-6.288152367579558e-05,-2.918016793014645e-05,-1.668012612054397e-06,0.0004912030173535634,-0.001223627022358826,3.958491360890599e-06,7.167798033760406e-06,0.001320385887372618
4600,1,-2.548314441247373e-06,-4.019771701864639e-07,3.687778834655818e-05,4.079249900925615e-06,5.311809860262919e-05,2.525052815770016e-06,-9.467343593419088e-07,6.49004748985151e-05
4600,2,-1.814906498386785e-06,-3.142174090711662e-09,2.445700040485062e-08,-1.018590085679796e-07,5.370846984687015e-06,1.414916626342523e-06,2.833381609926482e-06,6.49468294942344e-06
4600,3,0,0,0,0,0,0,0,0
4650,0,-6.28814915249306e-05,-2.918012906850233e-05,-1.668012612054397e-06,0.0004912030173535634,-0.001223627022358826,3.958526211622116e-06,7.167867735223441e-06,0.00132038588546551
4650,1,-2.548314764586866e-06,-4.019775877830153e-07,3.687778834655818e-05,4.079249900925615e-06,5.311809860262919e-05,2.525052465532265e-06,-9.467350598174119e-07,6.490047491038914e-05
4650,2,-1.81519876751205e-06,-3.396130476620358e-09,2.445700040485062e-08,-1.018590085679796e-07,5.370846984687015e-06,1.414600600641837e-06,2.83274955852511e-06,6.494420201631305e-06
4650,3,0,0,0,0,0,0,0,0
4700,0,-6.28814759319126e-05,-2.918011551069274e-05,-1.668012612054397e-06,0.0004912030173535634,-0.001223627022358826,3.958542889831601e-06,7.167901091642411e-06,0.001320385884654373
4700,1,-2.548314764586866e-06,-4.019775877830153e-07,3.687778834655818e-05,4.079249900925615e-06,5.311809860262919e-05,2.525052465532265e-06,-9.467350598174119e-07,6.490047491038914e-05
4700,2,-1.815464610100864e-06,-3.635945926509135e-09,2.445700040485062e-08,-1.018590085679796e-07,5.370846984687015e-06,1.414316221165632e-06,2.832180799572699e-06,6.494184641736699e-06
4700,3,0,0,0,0,0,0,0,0
4750,0,-6.28814759319126e-05,-2.918011551069274e-05,-1.668012612054397e-06,0.0004912030173535634,-0.001223627022358826,3.958542889831601e-06,7.167901091642411e-06,0.001320385884654373
4750,1,-2.548313280553272e-06,-4.019766562974995e-07,3.687778834655818e-05,4.079249900925615e-06,5.311809860262919e-05,2.525054035255275e-06,-9.467319203713918e-07,6.490047486162518e-05
4750,2,-1.815705948785682e-06,-3.862004987272572e-09,2.445700040485062e-08,-1.018590085679796e-07,5.370846984687015e-06,1.41406078037158e-06,2.831669917984597e-06,6.493973834098738e-06
4750,3,0,0,0,0,0,0,0,0
4800,0,-6.288146141207677e-05,-2.918010006168683e-05,-1.668012612054397e-06,0.0004912030173535634,-0.001223627022358826,3.958558100911556e-06,7.167931513802323e-06,0.001320385883832223
4800,1,-2.548313280553272e-06,-4.019766562974995e-07,3.687778834655818e-05,4.079249900925615e-06,5.311809860262919e-05,2.525054035255275e-06,-9.467319203713918e-07,6.490047486162518e-05
4800,2,-1.81592707450567e-06,-4.075206692075749e-09,2.445700040485062e-08,-1.018590085679796e-07,5.370846984687015e-06,1.413829193240525e-06,2.831206743722487e-06,6.493783419240898e-06
4800,3,0,0,0,0,0,0,0,0
4850,0,-6.288146141207677e-05,-2.918010006168683e-05,-1.668012612054397e-06,0.0004912030173535634,-0.001223627022358826,3.958558100911556e-06,7.167931513802323e-06,0.001320385883832223
4850,1,-2.548313280553272e-06,-4.019766562974995e-07,3.687778834655818e-05,4.079249900925615e-06,5.311809860262919e-05,2.525054035255275e-06,-9.467319203713918e-07,6.490047486162518e-05
4850,2,-1.816128388077438e-06,-4.275359769462466e-09,2.445700040485062e-08,-1.018590085679796e-07,5.370846984687015e-06,1.413620532995085e-06,2.830789423231605e-06,6.49361248505668e-06
4850,3,0,0,0,0,0,0,0,0
4900,0,-6.288141289557444e-05,-2.918003758394958e-05,-1.668012612054397e-06,0.0004912030173535634,-0.001223627022358826,3.958607813789571e-06,7.168030939558352e-06,0.001320385880829754
4900,1,-2.548313280553272e-06,-4.019766562974995e-07,3.687778834655818e-05,4.079249900925615e-06,5.311809860262919e-05,2.525054035255275e-06,-9.467319203713918e-07,6.490047486162518e-05
4900,2,-1.816309139617475e-06,-4.46037333657694e-09,2.445700040485062e-08,-1.018590085679796e-07,5.370846984687015e-06,1.41343511258634e-06,2.830418582414116e-06,6.493461148738185e-06
4900,3,0,0,0,0,0,0,0,0
4950,0,-6.288138892081977e-05,-2.918000906902813e-05,-1.668012612054397e-06,0.0004912030173535634,-0.001223627022358826,3.95863210452236e-06,7.16807952102393e-06,0.001320385879394386
4950,1,-2.548313758960833e-06,-4.019774164777862e-07,3.687778834655818e-05,4.079249900925615e-06,5.311809860262919e-05,2.525053548781616e-06,-9.467328933187096e-07,6.4900474880384e-05
4950,2,-1.816472434664837e-06,-4.632824536478878e-09,2.445700040485062e-08,-1.018590085679796e-07,5.370846984687015e-06,1.413269300937416e-06,2.83008695911627e-06,6.493326313801683e-06
4950,3,0,0,0,0,0,0,0,0
5000,0,-6.288138892081977e-05,-2.918000906902813e-05,-1.668012612054397e-06,0.0004912030173535634,-0.001223627022358826,3.95863210452236e-06,7.16807952102393e-06,0.001320385879394386
5000,1,-2.548313758960833e-06,-4.019774164777862e-07,3.687778834655818e-05,4.079249900925615e-06,5.311809860262919e-05,2.525053548781616e-06,-9.467328933187096e-07,6.4900474880384e-05
5000,2,-1.816624594514454e-06,-4.797039607114189e-09,2.445700040485062e-08,-1.018590085679796e-07,5.370846984687015e-06,1.413116345471196e-06,2.829781048183829e-06,6.493202387951488e-06
5000,3,0,0,0,0,0,0,0,0
5050,0,-6.288137096074977e-05,-2.917998183328031e-05,-1.668012612054397e-06,0.0004912030173535634,-0.001223627022358826,3.958649947687296e-06,7.168115207353801e-06,0.001320385878184395
5050,1,-2.548311810584773e-06,-4.019751642566402e-07,3.687778834655818e-05,4.079249900925615e-06,5.311809860262919e-05,2.525055492332025e-06,-9.467290062178927e-07,6.490047480884555e-05
5050,2,-1.816760506153681e-06,-4.947424271756169e-09,2.445700040485062e-08,-1.018590085679796e-07,5.370846984687015e-06,1.412981090126447e-06,2.82951053749433e-06,6.493093206784417e-06
5050,3,0,0,0,0,0,0,0,0
5100,0,-6.288136511131527e-05,-2.917997285051819e-05,-1.668012612054397e-06,0.0004912030173535634,-0.001223627022358826,3.958655714085667e-06,7.168126740150543e-06,0.001320385877787207
5100,1,-2.548311450997863e-06,-4.01974609008171e-07,3.687778834655818e-05,4.079249900925615e-06,5.311809860262919e-05,2.525055845595898e-06,-9.467282996901459e-07,6.490047479472524e-05
5100,2,-1.81688622452303e-06,-5.08987585756975e-09,2.445700040485062e-08,-1.018590085679796e-07,5.370846984687015e-06,1.412857204420458e-06,2.829262766082353e-06,6.492993568049905e-06
5100,3,0,0,0,0,0,0,0,0
5150,0,-6.288136511131527e-05,-2.917997285051819e-05,-1.668012612054397e-06,0.0004912030173535634,-0.001223627022358826,3.958655714085667e-06,7.168126740150543e-06,0.001320385877787207
5150,1,-2.548311541419342e-06,-4.019746891521603e-07,3.687778834655818e-05,4.079249900925615e-06,5.311809860262919e-05,2.525055759208096e-06,-9.467284724657506e-07,6.490047479793132e-05
5150,2,-1.817000210023833e-06,-5.222411200790081e-09,2.445700040485062e-08,-1.018590085679796e-07,5.370846984687015e-06,1.412745980385344e-06,2.829040318012125e-06,6.492904442409064e-06
5150,3,0,0,0,0,0,0,0,0
5200,0,-6.288136511131527e-05,-2.917997285051819e-05,-1.668012612054397e-06,0.0004912030173535634,-0.001223627022358826,3.958655714085667e-06,7.168126740150543e-06,0.001320385877787207
5200,1,-2.548311494206997e-06,-4.01974614392679e-07,3.687778834655818e-05,4.079249900925615e-06,5.311809860262919e-05,2.525055804846698e-06,-9.467283811885452e-07,6.490047479605864e-05
5200,2,-1.817104631960033e-06,-5.346149824349734e-09,2.445700040485062e-08,-1.018590085679796e-07,5.370846984687015e-06,1.41264507169946e-06,2.828838500640356e-06,6.492823878831719e-06
5200,3,0,0,0,0,0,0,0,0
5250,0,-6.288135881027721e-05,-2.917996759804827e-05,-1.668012612054397e-06,0.0004912030173535634,-0.001223627022358826,3.958661741423114e-06,7.168138794825437e-06,0.001320385877454565
5250,1,-2.548311494206997e-06,-4.01974614392679e-07,3.687778834655818e-05,4.079249900925615e-06,5.311809860262919e-05,2.525055804846698e-06,-9.467283811885452e-07,6.490047479605864e-05
5250,2,-1.817198593375243e-06,-5.460588893919443e-09,2.445700040485062e-08,-1.018590085679796e-07,5.370846984687015e-06,1.412555140359778e-06,2.828658637960993e-06,6.492752343642953e-06
5250,3,0,0,0,0,0,0,0,0
5300,0,-6.288135881027721e-05,-2.917996759804827e-05,-1.668012612054397e-06,0.0004912030173535634,-0.001223627022358826,3.958661741423114e-06,7.168138794825437e-06,0.001320385877454565
5300,1,-2.548310945405114e-06,-4.019740614448512e-07,3.687778834655818e-05,4.079249900925615e-06,5.311809860262919e-05,2.525056324742381e-06,-9.467273413971788e-07,6.490047477614471e-05
5300,2,-1.817285551823517e-06,-5.568262883123994e-09,2.445700040485062e-08,-1.018590085679796e-07,5.370846984687015e-06,1.412472700582083e-06,2.828493758405603e-06,6.492687008401375e-06
5300,3,0,0,0,0,0,0,0,0
5350,0,-6.288135550170133e-05,-2.91799630564112e-05,-1.668012612054397e-06,0.0004912030173535634,-0.001223627022358826,3.958664855083834e-06,7.168145022146877e-06,0.001320385877239773
5350,1,-2.548311171301741e-06,-4.019743890720506e-07,3.687778834655818e-05,4.079249900925615e-06,5.311809860262919e-05,2.525056112353676e-06,-9.467277661745897e-07,6.490047478497683e-05
5350,2,-1.817363745104078e-06,-5.666733142684796e-09,2.445700040485062e-08,-1.018590085679796e-07,5.370846984687015e-06,1.412399268369209e-06,2.828346893979855e-06,6.49262902646343e-06
5350,3,0,0,0,0,0,0,0,0
5400,0,-6.288135550170133e-05,-2.91799630564112e-05,-1.668012612054397e-06,0.0004912030173535634,-0.001223627022358826,3.958664855083834e-06,7.168145022146877e-06,0.001320385877239773
5400,1,-2.548311152107825e-06,-4.019743569984606e-07,3.687778834655818e-05,4.079249900925615e-06,5.311809860262919e-05,2.525056130235096e-06,-9.467277304117505e-07,6.490047478419853e-05
5400,2,-1.817435664389904e-06,-5.759129402770371e-09,2.445700040485062e-08,-1.018590085679796e-07,5.370846984687015e-06,1.412332355185916e-06,2.828213067613267e-06,6.492576386497749e-06
5400,3,0,0,0,0,0,0,0,0
5450,0,-6.288134275361489e-05,-2.917994492589387e-05,-1.668012612054397e-06,0.0004912030173535634,-0.001223627022358826,3.95867659560826e-06,7.168168503195728e-06,0.001320385876394663
5450,1,-2.548311152107825e-06,-4.019743569984606e-07,3.687778834655818e-05,4.079249900925615e-06,5.311809860262919e-05,2.525056130235096e-06,-9.467277304117505e-07,6.490047478419853e-05
5450,2,-1.817499936968313e-06,-5.84332358356842e-09,2.445700040485062e-08,-1.018590085679796e-07,5.370846984687015e-06,1.412273107316348e-06,2.828094571874132e-06,6.492529948936708e-06
5450,3,0,0,0,0,0,0,0,0
5500,0,-6.288134275361489e-05,-2.917994492589387e-05,-1.668012612054397e-06,0.0004912030173535634,-0.001223627022358826,3.95867659560826e-06,7.168168503195728e-06,0.001320385876394663
5500,1,-2.548310385701174e-06,-4.019735180687312e-07,3.687778834655818e-05,4.079249900925615e-06,5.311809860262919e-05,2.525056830550876e-06,-9.467263297801913e-07,6.490047475572496e-05
5500,2,-1.817558691900693e-06,-5.921727405148651e-09,2.445700040485062e-08,-1.018590085679796e-07,5.370846984687015e-06,1.412219440794564e-06,2.827987238830564e-06,6.492488041785115e-06
5500,3,0,0,0,0,0,0,0,0
5550,0,-6.288133617677599e-05,-2.917993352513054e-05,-1.668012612054397e-06,0.0004912030173535634,-0.001223627022358826,3.958682557248356e-06,7.168180426475921e-06,0.001320385875912102
5550,1,-2.548310525740241e-06,-4.019737309172308e-07,3.687778834655818e-05,4.079249900925615e-06,5.311809860262919e-05,2.525056703647049e-06,-9.467265835878432e-07,6.490047476130689e-05
5550,2,-1.81761225570241e-06,-5.994085154629671e-09,2.445700040485062e-08,-1.018590085679796e-07,5.370846984687015e-06,1.412170958963718e-06,2.827890275168872e-06,6.492450323436328e-06
5550,3,0,0,0,0,0,0,0,0
5600,0,-6.288133327188755e-05,-2.917992831830417e-05,-1.668012612054397e-06,0.0004912030173535634,-0.001223627022358826,3.958685160661541e-06,7.16818563330229e-06,0.001320385875694766
5600,1,-2.548310708680534e-06,-4.019739960258912e-07,3.687778834655818e-05,4.079249900925615e-06,5.311809860262919e-05,2.525056539146882e-06,-9.467269125881781e-07,6.490047476853112e-05
5600,2,-1.817661185561591e-06,-6.06127402159069e-09,2.445700040485062e-08,-1.018590085679796e-07,5.370846984687015e-06,1.412127067925942e-06,2.82780249309332e-06,6.492416303339667e-06
5600,3,0,0,0,0,0,0,0,0
5650,0,-6.288132874661162e-05,-2.91799206714599e-05,-1.668012612054397e-06,0.0004912030173535634,-0.001223627022358826,3.958689185113167e-06,7.168193682205542e-06,0.001320385875366027
5650,1,-2.548310607097904e-06,-4.019738108547992e-07,3.687778834655818e-05,4.079249900925615e-06,5.311809860262919e-05,2.525056628887106e-06,-9.467267331077303e-07,6.490047476426893e-05
5650,2,-1.817705452824675e-06,-6.122787985406013e-09,2.445700040485062e-08,-1.018590085679796e-07,5.370846984687015e-06,1.412087713307035e-06,2.827723783855507e-06,6.492385913131853e-06
5650,3,0,0,0,0,0,0,0,0
5700,0,-6.288132153387581e-05,-2.917990825744143e-05,-1.668012612054397e-06,0.0004912030173535634,-0.001223627022358826,3.95869555216408e-06,7.16820641630737e-06,0.001320385874836408
5700,1,-2.548310399597007e-06,-4.01973522681451e-07,3.687778834655818e-05,4.079249900925615e-06,5.311809860262919e-05,2.525056812398704e-06,-9.467263660845335e-07,6.49004747561225e-05
5700,2,-1.817745467909612e-06,-6.178975267573136e-09,2.445700040485062e-08,-1.018590085679796e-07,5.370846984687015e-06,1.412052453744338e-06,2.827653264730113e-06,6.492358786983543e-06
5700,3,0,0,0,0,0,0,0,0
5750,0,-6.288131531714236e-05,-2.917989978776283e-05,-1.668012612054397e-06,0.0004912030173535634,-0.001223627022358826,3.958700975951357e-06,7.168217263881925e-06,0.001320385874428322
5750,1,-2.548310434272205e-06,-4.019735838682858e-07,3.687778834655818e-05,4.079249900925615e-06,5.311809860262919e-05,2.525056781955861e-06,-9.467264269702208e-07,6.490047475756672e-05
5750,2,-1.817781979427805e-06,-6.230728598811485e-09,2.445700040485062e-08,-1.018590085679796e-07,5.370846984687015e-06,1.412020560166426e-06,2.827589477574288e-06,6.492334341217321e-06
5750,3,0,0,0,0,0,0,0,0
5800,0,-6.288131053856062e-05,-2.917989272413971e-05,-1.668012612054397e-06,0.0004912030173535634,-0.001223627022358826,3.958705109598356e-06,7.168225531175922e-06,0.001320385874101922
5800,1,-2.548310216784229e-06,-4.019733186782556e-07,3.687778834655818e-05,4.079249900925615e-06,5.311809860262919e-05,2.525056970144615e-06,-9.467260505927115e-07,6.490047474921601e-05
5800,2,-1.817814780402501e-06,-6.277382645307918e-09,2.445700040485062e-08,-1.018590085679796e-07,5.370846984687015e-06,1.411992156443925e-06,2.827532670129286e-06,6.492312651691009e-06
5800,3,0,0,0,0,0,0,0,0
5850,0,-6.288130351493206e-05,-2.917988073735666e-05,-1.668012612054397e-06,0.0004912030173535634,-0.001223627022358826,3.958711135554039e-06,7.168237583087289e-06,0.001320385873586026
5850,1,-2.54831000026566e-06,-4.019730438341082e-07,3.687778834655818e-05,4.079249900925615e-06,5.311809860262919e-05,2.525057156510445e-06,-9.467256778610519e-07,6.490047474082583e-05
5850,2,-1.81784511191261e-06,-6.320722085367155e-09,2.445700040485062e-08,-1.018590085679796e-07,5.370846984687015e-06,1.411966116801511e-06,2.827480590844458e-06,6.492292841858473e-06
5850,3,0,0,0,0,0,0,0,0
5900,0,-6.28812997226493e-05,-2.917987427924799e-05,-1.668012612054397e-06,0.0004912030173535634,-0.001223627022358826,3.958714364608376e-06,7.168244041195963e-06,0.001320385873307445
5900,1,-2.548310014696768e-06,-4.019730683268231e-07,3.687778834655818e-05,4.079249900925615e-06,5.311809860262919e-05,2.525057144264088e-06,-9.467257023537668e-07,6.490047474142498e-05
5900,2,-1.817872915959533e-06,-6.360762105587911e-09,2.445700040485062e-08,-1.018590085679796e-07,5.370846984687015e-06,1.411942450234631e-06,2.827433257710698e-06,6.492274905060147e-06
5900,3,0,0,0,0,0,0,0,0
5950,0,-6.28812997226493e-05,-2.917987427924799e-05,-1.668012612054397e-06,0.0004912030173535634,-0.001223627022358826,3.958714364608376e-06,7.168244041195963e-06,0.001320385873307445
5950,1,-2.548309886480236e-06,-4.019728519941944e-07,3.687778834655818e-05,4.079249900925615e-06,5.311809860262919e-05,2.525057252430402e-06,-9.467254860211381e-07,6.490047473610334e-05
5950,2,-1.817898133153397e-06,-6.397188434446191e-09,2.445700040485062e-08,-1.018590085679796e-07,5.370846984687015e-06,1.411921166096325e-06,2.827390689434087e-06,6.492258834329443e-06
5950,3,0,0,0,0,0,0,0,0
6000,0,-6.28812997226493e-05,-2.917987427924799e-05,-1.668012612054397e-06,0.0004912030173535634,-0.001223627022358826,3.958714364608376e-06,7.168244041195963e-06,0.001320385873307445
6000,1,-2.548309871221897e-06,-4.019728427813851e-07,3.687778834655818e-05,4.079249900925615e-06,5.311809860262919e-05,2.525057264962396e-06,-9.467254609571512e-07,6.490047473556913e-05
6000,2,-1.817920911267538e-06,-6.430255055006972e-09,2.445700040485062e-08,-1.018590085679796e-07,5.370846984687015e-06,1.41190210173996e-06,2.827352560721356e-06,6.492244494066444e-06
6000,3,0,0,0,0,0,0,0,0
6050,0,-6.288129658907187e-05,-2.917986909161549e-05,-1.668012612054397e-06,0.0004912030173535634,-0.001223627022358826,3.958716958424626e-06,7.168249228828461e-06,0.001320385873079509
6050,1,-2.548309721386471e-06,-4.019726352129991e-07,3.687778834655818e-05,4.079249900925615e-06,5.311809860262919e-05,2.525057388977812e-06,-9.467252129263183e-07,6.490047472960715e-05
6050,2,-1.817941946547959e-06,-6.460820484676236e-09,2.445700040485062e-08,-1.018590085679796e-07,5.370846984687015e-06,1.411884642143148e-06,2.827317641527733e-06,6.492231410497504e-06
6050,3,0,0,0,0,0,0,0,0
6100,0,-6.288129462510403e-05,-2.917986659308214e-05,-1.668012612054397e-06,0.0004912030173535634,-0.001223627022358826,3.958718575689774e-06,7.168252463358759e-06,0.00132038587295317
6100,1,-2.548311449159062e-06,-4.01975509052585e-07,3.687778834655818e-05,4.079249900925615e-06,5.311809860262919e-05,2.525055968441618e-06,-9.467280539987068e-07,6.490047480142319e-05
6100,2,-1.817958997742031e-06,-6.485279051870449e-09,2.445700040485062e-08,-1.018590085679796e-07,5.370846984687015e-06,1.411870604078304e-06,2.827289565398045e-06,6.492220929774459e-06
6100,3,0,0,0,0,0,0,0,0
6150,0,-6.2881293641757e-05,-2.917986498578066e-05,-1.668012612054397e-06,0.0004912030173535634,-0.001223627022358826,3.958719379340512e-06,7.168254070660236e-06,0.001320385872881955
6150,1,-2.548313835149897e-06,-4.019794330041745e-07,3.687778834655818e-05,4.079249900925615e-06,5.311809860262919e-05,2.525054020454108e-06,-9.46731949973726e-07,6.490047490045561e-05
6150,2,-1.817973825777644e-06,-6.506383216938355e-09,2.445700040485062e-08,-1.018590085679796e-07,5.370846984687015e-06,1.411858497749757e-06,2.827265352740952e-06,6.492211926002543e-06
6150,3,0,0,0,0,0,0,0,0
6200,0,-6.288129272151094e-05,-2.917986349622733e-05,-1.668012612054397e-06,0.0004912030173535634,-0.001223627022358826,3.958720124117179e-06,7.168255560213568e-06,0.001320385872815531
6200,1,-2.548316133919078e-06,-4.019831562569142e-07,3.687778834655818e-05,4.079249900925615e-06,5.311809860262919e-05,2.525052158827738e-06,-9.467356732264659e-07,6.490047499566123e-05
6200,2,-1.817987206968499e-06,-6.525527683133551e-09,2.445700040485062e-08,-1.018590085679796e-07,5.370846984687015e-06,1.411847661466164e-06,2.827243680173764e-06,6.492203897668303e-06
6200,3,0,0,0,0,0,0,0,0
6250,0,-6.288129272151094e-05,-2.917986349622733e-05,-1.668012612054397e-06,0.0004912030173535634,-0.001223627022358826,3.958720124117179e-06,7.168255560213568e-06,0.001320385872815531
6250,1,-2.548318188812052e-06,-4.019864578714623e-07,3.687778834655818e-05,4.079249900925615e-06,5.311809860262919e-05,2.525050508020464e-06,-9.467389748410139e-07,6.490047508073158e-05
6250,2,-1.817999516279441e-06,-6.543120098043544e-09,2.445700040485062e-08,-1.018590085679796e-07,5.370846984687015e-06,1.411837773069192e-06,2.82722390337982e-06,6.492196599482871e-06
6250,3,0,0,0,0,0,0,0,0
6300,0,-6.288129196788045e-05,-2.917986229483964e-05,-1.668012612054397e-06,0.0004912030173535634,-0.001223627022358826,3.958720724811021e-06,7.168256761601253e-06,0.001320385872761414
6300,1,-2.548319964912495e-06,-4.019892946576629e-07,3.687778834655818e-05,4.079249900925615e-06,5.311809860262919e-05,2.525049092627516e-06,-9.467418056269105e-07,6.490047515426734e-05
6300,2,-1.818010610647817e-06,-6.559019984011571e-09,2.445700040485062e-08,-1.018590085679796e-07,5.370846984687015e-06,1.41182893157081e-06,2.827206220383057e-06,6.492190098971309e-06
6300,3,0,0,0,0,0,0,0,0
6350,0,-6.288128862047887e-05,-2.917986176686044e-05,-1.668012612029311e-06,0.0004912030173550904,-0.00122362702193863,3.958723373984988e-06,7.168262059571404e-06,0.0013203858722382
6350,1,-2.548324159283956e-06,-4.019919858141243e-07,3.687778834633157e-05,4.079249900139257e-06,5.311809820737044e-05,2.525045774237646e-06,-9.467484421796675e-07,6.490047497965388e-05
6350,2,-1.817984442081973e-06,-6.513268859111435e-09,2.445700031614875e-08,-1.018590096721875e-07,5.370846849617816e-06,1.411849681679453e-06,2.827247720696185e-06,6.492205198307348e-06
6350,3,0,0,0,0,0,0,0,0
6400,0,-6.288128757938593e-05,-2.917986075553464e-05,-1.668012612029311e-06,0.0004912030173551544,-0.00122362702193863,3.958724188284264e-06,7.168263688169954e-06,0.001320385872177576
6400,1,-2.548325641647236e-06,-4.019943683947884e-07,3.687778834633157e-05,4.079249900046345e-06,5.311809820737044e-05,2.525044611398095e-06,-9.467507678587718e-07,6.490047504129533e-05
6400,2,-1.817993498702535e-06,-6.516570710734841e-09,2.445700031614875e-08,-1.018590105084817e-07,5.370846849617816e-06,1.411842577380414e-06,2.827233512098108e-06,6.492200005174604e-06
6400,3,0,0,0,0,0,0,0,0
6450,0,-6.28812866156385e-05,-2.917985979447365e-05,-1.668012612029311e-06,0.0004912030173551968,-0.00122362702193863,3.958724938265028e-06,7.168265188131482e-06,0.001320385872120848
6450,1,-2.548327053598083e-06,-4.019965662873898e-07,3.687778834633157e-05,4.079249899961864e-06,5.311809820737044e-05,2.525043512451794e-06,-9.46752965751373e-07,6.490047509965053e-05
6450,2,-1.818001840857143e-06,-6.519746022730539e-09,2.445700031614875e-08,-1.018590112983916e-07,5.370846849617816e-06,1.41183608451239e-06,2.82722052636206e-06,6.49219527738955e-06
6450,3,0,0,0,0,0,0,0,0
6500,0,-6.288128604859837e-05,-2.917985891575038e-05,-1.668012612029311e-06,0.0004912030173552268,-0.00122362702193863,3.958725377626663e-06,7.168266066854753e-06,0.001320385872080523
6500,1,-2.548328283187679e-06,-4.019985765351926e-07,3.687778834633157e-05,4.07924989989074e-06,5.311809820737044e-05,2.525042562622379e-06,-9.467548654102026e-07,6.490047515113508e-05
6500,2,-1.818009303984448e-06,-6.522802859787256e-09,2.445700031614875e-08,-1.018590119837783e-07,5.370846849617816e-06,1.411830320586936e-06,2.827208998511151e-06,6.492191096768378e-06
6500,3,0,0,0,0,0,0,0,0
6550,0,-6.288128575871351e-05,-2.917985887896279e-05,-1.668012612029311e-06,0.0004912030173552937,-0.00122362702193863,3.95872559986284e-06,7.168266511327106e-06,0.001320385872069009
6550,1,-2.548329418039645e-06,-4.020003926713351e-07,3.687778834633157e-05,4.079249899823011e-06,5.311809820737044e-05,2.525041692726394e-06,-9.467566052021732e-07,6.490047519847556e-05
6550,2,-1.818016074796994e-06,-6.52574660561658e-09,2.445700031614875e-08,-1.018590125977288e-07,5.370846849617816e-06,1.411825131567694e-06,2.827198620472666e-06,6.492187347934375e-06
6550,3,0,0,0,0,0,0,0,0
6600,0,-6.288128467030264e-05,-2.917985805742477e-05,-1.668012612029311e-06,0.0004912030173553517,-0.00122362702193863,3.95872642989414e-06,7.168268171389705e-06,0.001320385872010542
6600,1,-2.548330455530449e-06,-4.020019710080514e-07,3.687778834633157e-05,4.079249899764554e-06,5.311809820737044e-05,2.525040903558036e-06,-9.467581835388898e-07,6.490047524130641e-05
6600,2,-1.818022292425735e-06,-6.528501913550334e-09,2.445700031614875e-08,-1.018590131890343e-07,5.370846849617816e-06,1.411820402693809e-06,2.827189162724899e-06,6.492183944857671e-06
6600,3,0,0,0,0,0,0,0,0
6650,0,-6.288128358608082e-05,-2.917985667546434e-05,-1.668012612029311e-06,0.0004912030173554118,-0.00122362702193863,3.958727247422831e-06,7.16826980644709e-06,0.001320385871939717
6650,1,-2.54833137206798e-06,-4.020034199354255e-07,3.687778834633157e-05,4.079249899712614e-06,5.311809820737044e-05,2.525040211836502e-06,-9.467595669819569e-07,6.490047527953516e-05
6650,2,-1.818027948952304e-06,-6.531127534211188e-09,2.445700031614875e-08,-1.018590137030943e-07,5.370846849617816e-06,1.411816132946981e-06,2.827180623231241e-06,6.492180884264455e-06
6650,3,0,0,0,0,0,0,0,0
6700,0,-6.28812833964101e-05,-2.917985663539386e-05,-1.668012612029311e-06,0.0004912030173554267,-0.00122362702193863,3.958727389775522e-06,7.168270091152472e-06,0.001320385871931777
6700,1,-2.548332269850067e-06,-4.020047651132818e-07,3.687778834633157e-05,4.079249899661788e-06,5.311809820737044e-05,2.525039539247574e-06,-9.467609121598132e-07,6.490047531657114e-05
6700,2,-1.818033097520022e-06,-6.533614059103246e-09,2.445700031614875e-08,-1.018590141657911e-07,5.370846849617816e-06,1.411812275850245e-06,2.82717290903777e-06,6.492178130435915e-06
6700,3,0,0,0,0,0,0,0,0
6750,0,-6.288128275860486e-05,-2.917985647981594e-05,-1.668012612029311e-06,0.0004912030173554985,-0.00122362702193863,3.958727864091931e-06,7.168271039785289e-06,0.001320385871904563
6750,1,-2.54833308925131e-06,-4.020059809990343e-07,3.687778834633157e-05,4.079249899611901e-06,5.311809820737044e-05,2.52503892994931e-06,-9.467621307563414e-07,6.490047535034462e-05
6750,2,-1.818037739579039e-06,-6.535977210961532e-09,2.445700031614875e-08,-1.018590146087031e-07,5.370846849617816e-06,1.411808824004543e-06,2.827166005346365e-06,6.492175675736611e-06
6750,3,0,0,0,0,0,0,0,0
6800,0,-6.288128220726318e-05,-2.917985597230444e-05,-1.668012612029311e-06,0.0004912030173555204,-0.00122362702193863,3.958728270183185e-06,7.168271851967795e-06,0.001320385871872725
6800,1,-2.548333762107733e-06,-4.020070186181732e-07,3.687778834633157e-05,4.079249899573199e-06,5.311809820737044e-05,2.525038433195458e-06,-9.467631242640439e-07,6.490047537835562e-05
6800,2,-1.818042001082678e-06,-6.538206677103661e-09,2.445700031614875e-08,-1.018590149881821e-07,5.370846849617816e-06,1.41180567852543e-06,2.82715971438814e-06,6.492173447796323e-06
6800,3,0,0,0,0,0,0,0,0
6850,0,-6.288128162297243e-05,-2.917985579587048e-05,-1.668012612029311e-06,0.0004912030173555579,-0.00122362702193863,3.958728698065308e-06,7.168272707732042e-06,0.001320385871846943
6850,1,-2.548334427434733e-06,-4.020079936053253e-07,3.687778834633157e-05,4.079249899534193e-06,5.311809820737044e-05,2.525037945701882e-06,-9.467640992511958e-07,6.490047540577316e-05
6850,2,-1.818045847336169e-06,-6.540278252236903e-09,2.445700031614875e-08,-1.018590153221453e-07,5.370846849617816e-06,1.411802860319709e-06,2.827154077976697e-06,6.492171459627323e-06
6850,3,0,0,0,0,0,0,0,0
6900,0,-6.288128121456911e-05,-2.917985536593289e-05,-1.668012612029311e-06,0.0004912030173555892,-0.00122362702193863,3.958728995109609e-06,7.168273301820645e-06,0.00132038587182212
6900,1,-2.548335031022291e-06,-4.020088716526765e-07,3.687778834633157e-05,4.079249899497847e-06,5.311809820737044e-05,2.525037506678207e-06,-9.467649772985472e-07,6.490047543063784e-05
6900,2,-1.818049330230582e-06,-6.542235592339522e-09,2.445700031614875e-08,-1.018590156256269e-07,5.370846849617816e-06,1.411800327001108e-06,2.827149011339496e-06,6.49216967966912e-06
6900,3,0,0,0,0,0,0,0,0
6950,0,-6.288128105502296e-05,-2.917985530773066e-05,-1.668012612029311e-06,0.0004912030173556217,-0.00122362702193863,3.958729109907533e-06,7.168273531416494e-06,0.001320385871814838
6950,1,-2.548335587351891e-06,-4.020096797824162e-07,3.687778834633157e-05,4.079249899467854e-06,5.311809820737044e-05,2.52503710493866e-06,-9.467657807776408e-07,6.490047545357707e-05
6950,2,-1.818052496503858e-06,-6.544065908163139e-09,2.445700031614875e-08,-1.018590159074267e-07,5.370846849617816e-06,1.41179804055684e-06,2.827144438450958e-06,6.49216807962198e-06
6950,3,0,0,0,0,0,0,0,0
7000,0,-6.288128086336472e-05,-2.917985523377533e-05,-1.668012612029311e-06,0.0004912030173556293,-0.00122362702193863,3.958729247119902e-06,7.16827380584123e-06,0.00132038587180598
7000,1,-2.548336049706016e-06,-4.02010361463035e-07,3.687778834633157e-05,4.079249899443035e-06,5.311809820737044e-05,2.525036773493659e-06,-9.467664436676428e-07,6.49004754727274e-05
7000,2,-1.818055357797669e-06,-6.545783830529978e-09,2.445700031614875e-08,-1.018590161551361e-07,5.370846849617816e-06,1.411795989254366e-06,2.827140335846011e-06,6.492166649989135e-06
7000,3,0,0,0,0,0,0,0,0
7050,0,-6.288128072125901e-05,-2.917985517472107e-05,-1.668012612029311e-06,0.0004912030173556399,-0.00122362702193863,3.958729348004261e-06,7.168274007609949e-06,0.001320385871799309
7050,1,-2.548336492992303e-06,-4.020109917262909e-07,3.687778834633157e-05,4.079249899415756e-06,5.311809820737044e-05,2.525036457956655e-06,-9.467670747416501e-07,6.490047549096518e-05
7050,2,-1.818057984130563e-06,-6.547384006606879e-09,2.445700031614875e-08,-1.018590163849876e-07,5.370846849617816e-06,1.411794119718035e-06,2.82713659677335e-06,6.492165352277839e-06
7050,3,0,0,0,0,0,0,0,0
7100,0,-6.288127983306512e-05,-2.917985461626569e-05,-1.668012612029311e-06,0.0004912030173557179,-0.00122362702193863,3.958729976628897e-06,7.168275264859221e-06,0.001320385871753408
7100,1,-2.548336875869212e-06,-4.020115393138653e-07,3.687778834633157e-05,4.079249899395378e-06,5.311809820737044e-05,2.525036187339153e-06,-9.467676159766549e-07,6.49004755067564e-05
7100,2,-1.818060339227073e-06,-6.548869312185377e-09,2.445700031614875e-08,-1.018590165836488e-07,5.370846849617816e-06,1.411792455164917e-06,2.827133267667114e-06,6.492164201600566e-06
7100,3,0,0,0,0,0,0,0,0
7150,0,-6.288127983306512e-05,-2.917985461626569e-05,-1.668012612029311e-06,0.0004912030173557179,-0.00122362702193863,3.958729976628897e-06,7.168275264859221e-06,0.001320385871753408
7150,1,-2.548337253154596e-06,-4.020120688988016e-07,3.687778834633157e-05,4.079249899374299e-06,5.311809820737044e-05,2.525035922546685e-06,-9.467681455615914e-07,6.490047552227319e-05
7150,2,-1.818062513254782e-06,-6.550273425531453e-09,2.445700031614875e-08,-1.018590167643441e-07,5.370846849617816e-06,1.411790929337239e-06,2.827130216011758e-06,6.492163151126142e-06
7150,3,0,0,0,0,0,0,0,0
7200,0,-6.288127983306512e-05,-2.917985461626569e-05,-1.668012612029311e-06,0.0004912030173557179,-0.00122362702193863,3.958729976628897e-06,7.168275264859221e-06,0.001320385871753408
7200,1,-2.548337583081011e-06,-4.020125350637905e-07,3.687778834633157e-05,4.079249899355834e-06,5.311809820737044e-05,2.525035692567285e-06,-9.467686055203906e-07,6.49004755358765e-05
7200,2,-1.818064482512393e-06,-6.551580771659962e-09,2.445700031614875e-08,-1.018590169284964e-07,5.370846849617816e-06,1.411789556834943e-06,2.827127471007165e-06,6.492162210091409e-06
7200,3,0,0,0,0,0,0,0,0
7250,0,-6.288127969287603e-05,-2.917985454650056e-05,-1.668012612029311e-06,0.0004912030173557234,-0.00122362702193863,3.958730073887869e-06,7.168275459377166e-06,0.00132038587174654
7250,1,-2.548337887393383e-06,-4.020129575453892e-07,3.687778834633157e-05,4.079249899339031e-06,5.311809820737044e-05,2.525035481953808e-06,-9.467690267473442e-07,6.490047554839201e-05
7250,2,-1.818066274633178e-06,-6.552804024064242e-09,2.445700031614875e-08,-1.018590170760964e-07,5.370846849617816e-06,1.411788316459298e-06,2.827124990255875e-06,6.492161363174301e-06
7250,3,0,0,0,0,0,0,0,0
7300,0,-6.288127943695808e-05,-2.917985441133414e-05,-1.668012612029311e-06,0.0004912030173557299,-0.00122362702193863,3.95873024988853e-06,7.168275811378487e-06,0.001320385871733806
7300,1,-2.548338163386893e-06,-4.020133388761066e-07,3.687778834633157e-05,4.079249899324678e-06,5.311809820737044e-05,2.525035292238087e-06,-9.46769406178787e-07,6.490047555974418e-05
7300,2,-1.81806788554915e-06,-6.553931009991318e-09,2.445700031614875e-08,-1.018590172075514e-07,5.370846849617816e-06,1.411787209139559e-06,2.827122775616397e-06,6.492160610234195e-06
7300,3,0,0,0,0,0,0,0,0
7350,0,-6.288127943695808e-05,-2.917985441133414e-05,-1.668012612029311e-06,0.0004912030173557299,-0.00122362702193863,3.95873024988853e-06,7.168275811378487e-06,0.001320385871733806
7350,1,-2.54833842134294e-06,-4.020136909529911e-07,3.687778834633157e-05,4.079249899310661e-06,5.311809820737044e-05,2.525035116142472e-06,-9.467697583700159e-07,6.490047557033945e-05
7350,2,-1.818069366533216e-06,-6.554989002499592e-09,2.445700031614875e-08,-1.018590173270189e-07,5.370846849617816e-06,1.411786198097076e-06,2.827120753531431e-06,6.492159925627045e-06
7350,3,0,0,0,0,0,0,0,0
7400,0,-6.288127930674509e-05,-2.91798542345104e-05,-1.668012612029311e-06,0.0004912030173557332,-0.00122362702193863,3.958730338300398e-06,7.168275988202223e-06,0.001320385871724923
7400,1,-2.548338656922539e-06,-4.020140133774076e-07,3.687778834633157e-05,4.079249899299084e-06,5.311809820737044e-05,2.525034956401221e-06,-9.467700778525172e-07,6.490047558003171e-05
7400,2,-1.818070704820654e-06,-6.555964679368577e-09,2.445700031614875e-08,-1.01859017435113e-07,5.370846849617816e-06,1.41178529066601e-06,2.827118938669299e-06,6.492159313746884e-06
7400,3,0,0,0,0,0,0,0,0
7450,0,-6.288127930674509e-05,-2.91798542345104e-05,-1.668012612029311e-06,0.0004912030173557332,-0.00122362702193863,3.958730338300398e-06,7.168275988202223e-06,0.001320385871724923
7450,1,-2.548338853350345e-06,-4.020142907227125e-07,3.687778834633157e-05,4.079249899288829e-06,5.311809820737044e-05,2.525034824087387e-06,-9.467703424801868e-07,6.49004755881744e-05
7450,2,-1.81807189778738e-06,-6.556859231722117e-09,2.445700031614875e-08,-1.018590175305621e-07,5.370846849617816e-06,1.411784487207941e-06,2.827117331753162e-06,6.492158774253266e-06
7450,3,0,0,0,0,0,0,0,0
7500,0,-6.288127887791972e-05,-2.917985382299836e-05,-1.668012612029311e-06,0.0004912030173557556,-0.00122362702193863,3.95873062503039e-06,7.168276561662208e-06,0.001320385871699388
7500,1,-2.548339041387184e-06,-4.020145423043079e-07,3.687778834633157e-05,4.079249899279383e-06,5.311809820737044e-05,2.525034698296589e-06,-9.467705940617822e-07,6.490047559589155e-05
7500,2,-1.818072985422544e-06,-6.557687131091214e-09,2.445700031614875e-08,-1.018590176172927e-07,5.370846849617816e-06,1.411783759604218e-06,2.827115876545716e-06,6.492158287755072e-06
7500,3,0,0,0,0,0,0,0,0
7550,0,-6.2881278731826e-05,-2.917985372846247e-05,-1.668012612029311e-06,0.0004912030173557634,-0.00122362702193863,3.958730722021001e-06,7.168276755643431e-06,0.001320385871691688
7550,1,-2.548339219174431e-06,-4.020147801863457e-07,3.687778834633157e-05,4.079249899270478e-06,5.311809820737044e-05,2.525034580150267e-06,-9.46770830354427e-07,6.49004756031958e-05
7550,2,-1.818073975984181e-06,-6.55845890412296e-09,2.445700031614875e-08,-1.018590176965462e-07,5.370846849617816e-06,1.411783101333161e-06,2.827114560003601e-06,6.49215784947721e-06
7550,3,0,0,0,0,0,0,0,0
7600,0,-6.288127866088509e-05,-2.917985368180677e-05,-1.668012612029311e-06,0.000491203017355766,-0.00122362702193863,3.95873076895822e-06,7.168276849517867e-06,0.00132038587168793
7600,1,-2.548339382168344e-06,-4.020149959207385e-07,3.687778834633157e-05,4.079249899259797e-06,5.311809820737044e-05,2.525034472551131e-06,-9.467710455526978e-07,6.490047560988452e-05
7600,2,-1.818074880672406e-06,-6.559175374663844e-09,2.445700031614875e-08,-1.018590177718519e-07,5.370846849617816e-06,1.411782504115431e-06,2.827113365568141e-06,6.492157453545745e-06
7600,3,0,0,0,0,0,0,0,0
7650,0,-6.288127852298335e-05,-2.917985353632685e-05,-1.668012612029311e-06,0.0004912030173557794,-0.00122362702193863,3.958730859283118e-06,7.168277030167662e-06,0.001320385871679404
7650,1,-2.548339522492702e-06,-4.020151815848085e-07,3.687778834633157e-05,4.079249899252984e-06,5.311809820737044e-05,2.525034380524929e-06,-9.467712296051018e-07,6.49004756156486e-05
7650,2,-1.818075699520941e-06,-6.559836795209137e-09,2.445700031614875e-08,-1.018590178378418e-07,5.370846849617816e-06,1.411781967093426e-06,2.827112291524132e-06,6.492157099036754e-06
7650,3,0,0,0,0,0,0,0,0
7700,0,-6.288127838744386e-05,-2.917985336008497e-05,-1.668012612029311e-06,0.0004912030173557849,-0.00122362702193863,3.95873094740406e-06,7.168277206409547e-06,0.001320385871670278
7700,1,-2.548339656789143e-06,-4.020153572794285e-07,3.687778834633157e-05,4.079249899245704e-06,5.311809820737044e-05,2.525034293026161e-06,-9.46771404602639e-07,6.490047562115827e-05
7700,2,-1.818076442150586e-06,-6.560448103511176e-09,2.445700031614875e-08,-1.018590178961202e-07,5.370846849617816e-06,1.411781483238348e-06,2.827111323813975e-06,6.492156780999284e-06
7700,3,0,0,0,0,0,0,0,0
7750,0,-6.288127832754272e-05,-2.9179853282533e-05,-1.668012612029311e-06,0.0004912030173557875,-0.00122362702193863,3.958730986180046e-06,7.16827728396152e-06,0.001320385871666249
7750,1,-2.54833977749695e-06,-4.020155135541287e-07,3.687778834633157e-05,4.079249899239504e-06,5.311809820737044e-05,2.525034214888811e-06,-9.467715608773391e-07,6.490047562610525e-05
7750,2,-1.818077118226612e-06,-6.561015973177544e-09,2.445700031614875e-08,-1.018590179487246e-07,5.370846849617816e-06,1.41178104559659e-06,2.827110448530459e-06,6.492156494578457e-06
7750,3,0,0,0,0,0,0,0,0
7800,0,-6.288127832754272e-05,-2.9179853282533e-05,-1.668012612029311e-06,0.0004912030173557875,-0.00122362702193863,3.958730986180046e-06,7.16827728396152e-06,0.001320385871666249
7800,1,-2.54833988728788e-06,-4.020156547799686e-07,3.687778834633157e-05,4.079249899233884e-06,5.311809820737044e-05,2.525034144275891e-06,-9.467717021031792e-07,6.490047563060359e-05
7800,2,-1.818077732003803e-06,-6.561538728092939e-09,2.445700031614875e-08,-1.018590179962368e-07,5.370846849617816e-06,1.411780650836201e-06,2.827109659009681e-06,6.492156237337571e-06
7800,3,0,0,0,0,0,0,0,0
7850,0,-6.288127828652518e-05,-2.917985325053057e-05,-1.668012612029311e-06,0.0004912030173557949,-0.00122362702193863,3.958731012319188e-06,7.168277336239802e-06,0.001320385871663954
7850,1,-2.548339986245808e-06,-4.020157817068089e-07,3.687778834633157e-05,4.079249899229105e-06,5.311809820737044e-05,2.525034081036543e-06,-9.467718285818755e-07,6.490047563465982e-05
7850,2,-1.818078283651241e-06,-6.562018058337626e-09,2.445700031614875e-08,-1.01859018038139e-07,5.370846849617816e-06,1.411780298304207e-06,2.827108953945694e-06,6.492156008614923e-06
7850,3,0,0,0,0,0,0,0,0
7900,0,-6.2881278205045e-05,-2.917985318552959e-05,-1.668012612029311e-06,0.0004912030173558052,-0.00122362702193863,3.958731063977825e-06,7.168277439557077e-06,0.001320385871659357
7900,1,-2.548340075787331e-06,-4.020158954157551e-07,3.687778834633157e-05,4.079249899224577e-06,5.311809820737044e-05,2.525034024182069e-06,-9.467719422908216e-07,6.490047563832657e-05
7900,2,-1.818078783554411e-06,-6.562459931994561e-09,2.445700031614875e-08,-1.018590180761622e-07,5.370846849617816e-06,1.411779980864828e-06,2.827108319066935e-06,6.492155803558379e-06
7900,3,0,0,0,0,0,0,0,0
7950,0,-6.2881278205045e-05,-2.917985318552959e-05,-1.668012612029311e-06,0.0004912030173558052,-0.00122362702193863,3.958731063977825e-06,7.168277439557077e-06,0.001320385871659357
7950,1,-2.548340152733108e-06,-4.020159927284372e-07,3.687778834633157e-05,4.079249899220861e-06,5.311809820737044e-05,2.525033975631813e-06,-9.467720393913362e-07,6.490047564147803e-05
7950,2,-1.818079243173488e-06,-6.562873550168009e-09,2.445700031614875e-08,-1.018590181106959e-07,5.370846849617816e-06,1.411779690852931e-06,2.827107739043142e-06,6.492155617043888e-06
7950,3,0,0,0,0,0,0,0,0
8000,0,-6.288127805650069e-05,-2.917985304566972e-05,-1.668012612029311e-06,0.0004912030173558126,-0.00122362702193863,3.958731157059087e-06,7.168277625719601e-06,0.001320385871650484
8000,1,-2.548340226266083e-06,-4.020160855305529e-07,3.687778834633157e-05,4.079249899217413e-06,5.311809820737044e-05,2.525033929526344e-06,-9.467721316022731e-07,6.490047564449134e-05
8000,2,-1.818079656351831e-06,-6.563251280972629e-09,2.445700031614875e-08,-1.018590181408672e-07,5.370846849617816e-06,1.411779431774211e-06,2.827107220885701e-06,6.49215545115513e-06
8000,3,0,0,0,0,0,0,0,0
8050,0,-6.288127799763931e-05,-2.91798529816503e-05,-1.668012612029311e-06,0.0004912030173558157,-0.00122362702193863,3.95873119374137e-06,7.168277699084166e-06,0.001320385871646775
8050,1,-2.548340288866577e-06,-4.020161642892795e-07,3.687778834633157e-05,4.079249899214428e-06,5.311809820737044e-05,2.52503389051957e-06,-9.467722096158204e-07,6.49004756470575e-05
8050,2,-1.818080027416081e-06,-6.563596149329303e-09,2.445700031614875e-08,-1.018590181676575e-07,5.370846849617816e-06,1.411779200554128e-06,2.827106758445536e-06,6.492155303760494e-06
8050,3,0,0,0,0,0,0,0,0
8100,0,-6.288127782740141e-05,-2.917985281082264e-05,-1.668012612029311e-06,0.000491203017355824,-0.00122362702193863,3.958731299149026e-06,7.168277909899481e-06,0.001320385871636356
8100,1,-2.548340350467805e-06,-4.020162407075778e-07,3.687778834633157e-05,4.079249899211535e-06,5.311809820737044e-05,2.525033852372455e-06,-9.46772285910051e-07,6.49004756495783e-05
8100,2,-1.818080364453242e-06,-6.563913785637571e-09,2.445700031614875e-08,-1.018590181930608e-07,5.370846849617816e-06,1.411778991837136e-06,2.827106341011551e-06,6.492155171301465e-06
8100,3,0,0,0,0,0,0,0,0
8150,0,-6.288127779165446e-05,-2.917985277901723e-05,-1.668012612029311e-06,0.0004912030173558253,-0.00122362702193863,3.958731321171544e-06,7.168277953944518e-06,0.001320385871634257
8150,1,-2.548340406763588e-06,-4.02016310001654e-07,3.687778834633157e-05,4.079249899207792e-06,5.311809820737044e-05,2.525033817725417e-06,-9.467723552041274e-07,6.490047565188065e-05
8150,2,-1.818080675001542e-06,-6.56420994936476e-09,2.445700031614875e-08,-1.01859018216052e-07,5.370846849617816e-06,1.411778800709104e-06,2.827105958755487e-06,6.492155050546371e-06
8150,3,0,0,0,0,0,0,0,0
8200,0,-6.288127771613639e-05,-2.917985269229926e-05,-1.668012612029311e-06,0.0004912030173558289,-0.00122362702193863,3.95873136729244e-06,7.168278046186308e-06,0.001320385871629384
8200,1,-2.548340454744901e-06,-4.02016368846344e-07,3.687778834633157e-05,4.079249899205553e-06,5.311809820737044e-05,2.525033788375754e-06,-9.467724139034523e-07,6.490047565384344e-05
8200,2,-1.81808095364266e-06,-6.5644798601858e-09,2.445700031614875e-08,-1.018590182365777e-07,5.370846849617816e-06,1.411778630262883e-06,2.827105617863046e-06,6.492154943339228e-06
8200,3,0,0,0,0,0,0,0,0
8250,0,-6.288127764120611e-05,-2.917985260814613e-05,-1.668012612029311e-06,0.0004912030173558331,-0.00122362702193863,3.958731412822588e-06,7.168278137246605e-06,0.001320385871624589
8250,1,-2.548340498446917e-06,-4.020164222589095e-07,3.687778834633157e-05,4.079249899203563e-06,5.311809820737044e-05,2.525033761807194e-06,-9.467724670405713e-07,6.490047565563164e-05
8250,2,-1.818081208275414e-06,-6.564729975949915e-09,2.445700031614875e-08,-1.018590182548731e-07,5.370846849617816e-06,1.411778475453732e-06,2.827105308244743e-06,6.49215484640792e-06
8250,3,0,0,0,0,0,0,0,0
8300,0,-6.288127757349907e-05,-2.917985253244099e-05,-1.668012612029311e-06,0.0004912030173558355,-0.00122362702193863,3.958731453788865e-06,7.168278219179159e-06,0.00132038587162026
8300,1,-2.548340541237518e-06,-4.020164740699836e-07,3.687778834633157e-05,4.079249899201426e-06,5.311809820737044e-05,2.525033735948557e-06,-9.467725187578472e-07,6.490047565738101e-05
8300,2,-1.81808143804058e-06,-6.56495871983613e-09,2.445700031614875e-08,-1.018590182715618e-07,5.370846849617816e-06,1.411778336605955e-06,2.827105030549189e-06,6.492154759863203e-06
8300,3,0,0,0,0,0,0,0,0
8350,0,-6.288127754963922e-05,-2.917985250375294e-05,-1.668012612029311e-06,0.0004912030173558362,-0.00122362702193863,3.958731468132889e-06,7.168278247867208e-06,0.001320385871618688
8350,1,-2.548340574792516e-06,-4.020165151035053e-07,3.687778834633157e-05,4.079249899199835e-06,5.311809820737044e-05,2.525033715797126e-06,-9.467725590607088e-07,6.490047565875657e-05
8350,2,-1.818081644846247e-06,-6.56516732475402e-09,2.445700031614875e-08,-1.018590182864365e-07,5.370846849617816e-06,1.41177821238558e-06,2.827104782108438e-06,6.492154682788775e-06
8350,3,0,0,0,0,0,0,0,0
8400,0,-6.288127753040612e-05,-2.917985248077434e-05,-1.668012612029311e-06,0.000491203017355837,-0.00122362702193863,3.958731479622189e-06,7.168278270845808e-06,0.001320385871617424
8400,1,-2.548340603461377e-06,-4.020165503398886e-07,3.687778834633157e-05,4.079249899198609e-06,5.311809820737044e-05,2.525033698678312e-06,-9.467725932983373e-07,6.490047565993388e-05
8400,2,-1.818081833568314e-06,-6.565360318887998e-09,2.445700031614875e-08,-1.018590182997818e-07,5.370846849617816e-06,1.411778099704438e-06,2.827104556746156e-06,6.492154613193549e-06
8400,3,0,0,0,0,0,0,0,0
8450,0,-6.28812775111659e-05,-2.917985245796976e-05,-1.668012612029311e-06,0.0004912030173558376,-0.00122362702193863,3.958731491024481e-06,7.168278293650391e-06,0.001320385871616162
8450,1,-2.548340634122499e-06,-4.020165867382293e-07,3.687778834633157e-05,4.079249899197196e-06,5.311809820737044e-05,2.525033680479142e-06,-9.467726296966781e-07,6.490047566118609e-05
8450,2,-1.818082003750719e-06,-6.565536496061264e-09,2.445700031614875e-08,-1.018590183117761e-07,5.370846849617816e-06,1.411777998696765e-06,2.82710435473081e-06,6.492154551094682e-06
8450,3,0,0,0,0,0,0,0,0
8500,0,-6.288127744693836e-05,-2.917985238984294e-05,-1.668012612029311e-06,0.0004912030173558408,-0.00122362702193863,3.958731528901663e-06,7.168278369404755e-06,0.001320385871612124
8500,1,-2.548340662677892e-06,-4.020166204777205e-07,3.687778834633157e-05,4.079249899195792e-06,5.311809820737044e-05,2.525033663630242e-06,-9.467726633944772e-07,6.49004756623523e-05
8500,2,-1.818082155713544e-06,-6.565695890867004e-09,2.445700031614875e-08,-1.018590183223362e-07,5.370846849617816e-06,1.411777909034845e-06,2.827104175406969e-06,6.492154496225158e-06
8500,3,0,0,0,0,0,0,0,0
8550,0,-6.288127744693836e-05,-2.917985238984294e-05,-1.668012612029311e-06,0.0004912030173558408,-0.00122362702193863,3.958731528901663e-06,7.168278369404755e-06,0.001320385871612124
8550,1,-2.548340688775019e-06,-4.020166511078962e-07,3.687778834633157e-05,4.079249899194622e-06,5.311809820737044e-05,2.525033648322723e-06,-9.467726940095141e-07,6.490047566341773e-05
8550,2,-1.81808229740565e-06,-6.565846329567174e-09,2.445700031614875e-08,-1.018590183320232e-07,5.370846849617816e-06,1.411777825921624e-06,2.827104009180527e-06,6.492154445597861e-06
8550,3,0,0,0,0,0,0,0,0
8600,0,-6.288127740533172e-05,-2.917985234287802e-05,-1.668012612029311e-06,0.0004912030173558427,-0.00122362702193863,3.958731553126964e-06,7.168278417855355e-06,0.001320385871609441
8600,1,-2.548340711523004e-06,-4.020166778110304e-07,3.687778834633157e-05,4.079249899193643e-06,5.311809820737044e-05,2.525033635056853e-06,-9.467727205412546e-07,6.49004756643472e-05
8600,2,-1.818082423346283e-06,-6.565981660369191e-09,2.445700031614875e-08,-1.018590183407687e-07,5.370846849617816e-06,1.411777752478856e-06,2.82710386229499e-06,6.492154401069401e-06
8600,3,0,0,0,0,0,0,0,0
8650,0,-6.288127739129489e-05,-2.917985232789662e-05,-1.668012612029311e-06,0.0004912030173558436,-0.00122362702193863,3.958731561279375e-06,7.168278434160176e-06,0.001320385871608555
8650,1,-2.548340733614726e-06,-4.02016703427363e-07,3.687778834633157e-05,4.079249899192307e-06,5.311809820737044e-05,2.525033622248686e-06,-9.467727461575871e-07,6.490047566524862e-05
8650,2,-1.818082537948234e-06,-6.56610626633852e-09,2.445700031614875e-08,-1.01859018348597e-07,5.370846849617816e-06,1.411777686035473e-06,2.827103729408225e-06,6.492154360972818e-06
8650,3,0,0,0,0,0,0,0,0
8700,0,-6.288127737634132e-05,-2.917985231165666e-05,-1.668012612029311e-06,0.0004912030173558441,-0.00122362702193863,3.958731569910089e-06,7.168278451421606e-06,0.001320385871607603
8700,1,-2.548340751818857e-06,-4.020167245344962e-07,3.687778834633157e-05,4.079249899191568e-06,5.311809820737044e-05,2.525033611755384e-06,-9.467727671441935e-07,6.490047566599201e-05
8700,2,-1.818082642080702e-06,-6.566220834559154e-09,2.445700031614875e-08,-1.018590183562317e-07,5.370846849617816e-06,1.411777626009363e-06,2.827103609356005e-06,6.492154324918668e-06
8700,3,0,0,0,0,0,0,0,0
8750,0,-6.288127735769196e-05,-2.917985229055086e-05,-1.668012612029311e-06,0.0004912030173558448,-0.00122362702193863,3.958731580573425e-06,7.168278472748278e-06,0.001320385871606397
8750,1,-2.548340769704137e-06,-4.020167450499734e-07,3.687778834633157e-05,4.07924989919075e-06,5.311809820737044e-05,2.52503360150493e-06,-9.467727876451015e-07,6.490047566672157e-05
8750,2,-1.818082735234601e-06,-6.566324489896369e-09,2.445700031614875e-08,-1.01859018362438e-07,5.370846849617816e-06,1.41177757261926e-06,2.827103502575798e-06,6.492154293001542e-06
8750,3,0,0,0,0,0,0,0,0
8800,0,-6.288127734896166e-05,-2.917985228060746e-05,-1.668012612029311e-06,0.0004912030173558451,-0.00122362702193863,3.958731585545125e-06,7.168278482691677e-06,0.00132038587160583
8800,1,-2.548340785143165e-06,-4.02016762654193e-07,3.687778834633157e-05,4.079249899190082e-06,5.311809820737044e-05,2.525033592706643e-06,-9.467728052416744e-07,6.490047566735118e-05
8800,2,-1.818082821848019e-06,-6.566421950170242e-09,2.445700031614875e-08,-1.018590183683827e-07,5.370846849617816e-06,1.411777523261083e-06,2.827103403859446e-06,6.492154263634838e-06
8800,3,0,0,0,0,0,0,0,0
8850,0,-6.288127734896166e-05,-2.917985228060746e-05,-1.668012612029311e-06,0.0004912030173558451,-0.00122362702193863,3.958731585545125e-06,7.168278482691677e-06,0.00132038587160583
8850,1,-2.548340800030953e-06,-4.020167795260956e-07,3.687778834633157e-05,4.079249899189389e-06,5.311809820737044e-05,2.525033584270826e-06,-9.46772822113308e-07,6.490047566795814e-05
8850,2,-1.818082899776174e-06,-6.566510210800667e-09,2.445700031614875e-08,-1.018590183736448e-07,5.370846849617816e-06,1.411777479104589e-06,2.827103315546456e-06,6.492154237488022e-06
8850,3,0,0,0,0,0,0,0,0
8900,0,-6.288127729377008e-05,-2.917985221841782e-05,-1.668012612029311e-06,0.0004912030173558484,-0.00122362702193863,3.958731616639942e-06,7.168278544881312e-06,0.00132038587160226
8900,1,-2.548340813128656e-06,-4.020167942856493e-07,3.687778834633157e-05,4.07924989918878e-06,5.311809820737044e-05,2.525033576891049e-06,-9.467728368728618e-07,6.490047566849201e-05
8900,2,-1.818082969443208e-06,-6.566588715977504e-09,2.445700031614875e-08,-1.01859018378629e-07,5.370846849617816e-06,1.411777439852e-06,2.827103237041279e-06,6.492154214355222e-06
8900,3,0,0,0,0,0,0,0,0
8950,0,-6.288127728577516e-05,-2.917985220945993e-05,-1.668012612029311e-06,0.0004912030173558486,-0.00122362702193863,3.958731621118889e-06,7.168278553839206e-06,0.001320385871601743
8950,1,-2.548340829287662e-06,-4.02016807159095e-07,3.687778834633154e-05,4.079249899182401e-06,5.311809820684665e-05,2.525033567840017e-06,-9.467728549748707e-07,6.490047566868905e-05
8950,2,-1.818083022075022e-06,-6.566646941064214e-09,2.445700031614875e-08,-1.018590183862773e-07,5.370846849617816e-06,1.411777410362833e-06,2.827103178062945e-06,6.492154197057752e-06
8950,3,0,0,0,0,0,0,0,0
9000,0,-6.288127727849586e-05,-2.917985220135109e-05,-1.668012612029311e-06,0.0004912030173558486,-0.00122362702193863,3.958731625173312e-06,7.168278561948052e-06,0.001320385871601273
9000,1,-2.548340839530021e-06,-4.020168188887192e-07,3.687778834633154e-05,4.07924989918007e-06,5.311809820684665e-05,2.525033562133088e-06,-9.467728663887295e-07,6.490047566910821e-05
9000,2,-1.818083081291815e-06,-6.566710559118867e-09,2.445700031614875e-08,-1.018590183998605e-07,5.370846849617816e-06,1.41177737737029e-06,2.827103112077858e-06,6.492154177796875e-06
9000,3,0,0,0,0,0,0,0,0
9050,0,-6.288127727156297e-05,-2.917985219365129e-05,-1.668012612029311e-06,0.0004912030173558486,-0.00122362702193863,3.958731629023208e-06,7.168278569647844e-06,0.001320385871600826
9050,1,-2.548340849782615e-06,-4.020168302500969e-07,3.687778834633154e-05,4.07924989918007e-06,5.311809820684665e-05,2.525033556452399e-06,-9.467728777501071e-07,6.490047566952588e-05
9050,2,-1.818083134466383e-06,-6.566767454197993e-09,2.445700031614875e-08,-1.018590183998605e-07,5.370846849617816e-06,1.411777347907257e-06,2.827103053151795e-06,6.492154160678382e-06
9050,3,0,0,0,0,0,0,0,0
9100,0,-6.288127725933154e-05,-2.917985218015639e-05,-1.668012612029311e-06,0.0004912030173558486,-0.00122362702193863,3.958731635770658e-06,7.168278583142745e-06,0.001320385871600039
9100,1,-2.548340858623261e-06,-4.020168399919329e-07,3.687778834633154e-05,4.07924989918007e-06,5.311809820684665e-05,2.525033551581481e-06,-9.46772887491943e-07,6.490047566988596e-05
9100,2,-1.818083182862525e-06,-6.566819085942412e-09,2.445700031614875e-08,-1.018590183998605e-07,5.370846849617816e-06,1.411777321240315e-06,2.827102999817909e-06,6.49215414525963e-06
9100,3,0,0,0,0,0,0,0,0
9150,0,-6.288127725449711e-05,-2.917985217486361e-05,-1.668012612029311e-06,0.0004912030173558486,-0.00122362702193863,3.95873163841705e-06,7.168278588435527e-06,0.001320385871599728
9150,1,-2.548340866948881e-06,-4.020168491169767e-07,3.687778834633154e-05,4.07924989918007e-06,5.311809820684665e-05,2.525033547018959e-06,-9.467728966169868e-07,6.4900475670225e-05
9150,2,-1.818083226537248e-06,-6.566865532936307e-09,2.445700031614875e-08,-1.018590183998605e-07,5.370846849617816e-06,1.4117772973062e-06,2.82710295194968e-06,6.492154131487812e-06
9150,3,0,0,0,0,0,0,0,0
9200,0,-6.288127724470103e-05,-2.917985216416757e-05,-1.668012612029311e-06,0.0004912030173558486,-0.00122362702193863,3.958731643765073e-06,7.168278599131573e-06,0.0013203858715991
9200,1,-2.54834087431907e-06,-4.020168571503066e-07,3.687778834633154e-05,4.07924989918007e-06,5.311809820684665e-05,2.525033543002294e-06,-9.467729046503167e-07,6.490047567052507e-05
9200,2,-1.818083266250124e-06,-6.566907639962716e-09,2.445700031614875e-08,-1.018590183998605e-07,5.370846849617816e-06,1.411777275661804e-06,2.827102908660886e-06,6.49215411909422e-06
9200,3,0,0,0,0,0,0,0,0
9250,0,-6.28812772319468e-05,-2.917985215032579e-05,-1.668012612029311e-06,0.0004912030173558486,-0.00122362702193863,3.958731650685959e-06,7.168278612973344e-06,0.001320385871598282
9250,1,-2.548340880849267e-06,-4.020168642296773e-07,3.687778834633154e-05,4.07924989918007e-06,5.311809820684665e-05,2.525033539462609e-06,-9.467729117296872e-07,6.490047567079089e-05
9250,2,-1.81808330182805e-06,-6.566945251420923e-09,2.445700031614875e-08,-1.018590183998605e-07,5.370846849617816e-06,1.411777256376207e-06,2.827102870089693e-06,6.492154108105405e-06
9250,3,0,0,0,0,0,0,0,0
9300,0,-6.288127722803833e-05,-2.917985214610134e-05,-1.668012612029311e-06,0.0004912030173558486,-0.00122362702193863,3.958731652798184e-06,7.168278617197797e-06,0.001320385871598032
9300,1,-2.548340886381575e-06,-4.020168703593253e-07,3.687778834633154e-05,4.07924989918007e-06,5.311809820684665e-05,2.525033536479736e-06,-9.467729176954326e-07,6.490047567101707e-05
9300,2,-1.81808333397821e-06,-6.56697912843131e-09,2.445700031614875e-08,-1.018590183998605e-07,5.370846849617816e-06,1.411777239042934e-06,2.827102835423147e-06,6.492154098277778e-06
9300,3,0,0,0,0,0,0,0,0
9350,0,-6.288127722248283e-05,-2.917985214013023e-05,-1.668012612029311e-06,0.0004912030173558486,-0.00122362702193863,3.958731655783737e-06,7.1682786231689e-06,0.001320385871597677
9350,1,-2.548340892052349e-06,-4.020168764411787e-07,3.687778834633154e-05,4.07924989918007e-06,5.311809820684665e-05,2.525033533438809e-06,-9.467729237772863e-07,6.490047567124783e-05
9350,2,-1.818083363018991e-06,-6.56700961436164e-09,2.445700031614875e-08,-1.018590183998605e-07,5.370846849617816e-06,1.411777223470518e-06,2.827102804278315e-06,6.492154089492457e-06
9350,3,0,0,0,0,0,0,0,0
9400,0,-6.288127721598364e-05,-2.917985213320622e-05,-1.668012612029311e-06,0.0004912030173558486,-0.00122362702193863,3.958731659245741e-06,7.16827863009291e-06,0.001320385871597263
9400,1,-2.548340896896287e-06,-4.020168816087607e-07,3.687778834633154e-05,4.07924989918007e-06,5.311809820684665e-05,2.525033530855019e-06,-9.467729289448679e-07,6.490047567144488e-05
9400,2,-1.818083389465136e-06,-6.567037290972385e-09,2.445700031614875e-08,-1.018590183998605e-07,5.370846849617816e-06,1.411777209364503e-06,2.827102776066286e-06,6.492154081573697e-06
9400,3,0,0,0,0,0,0,0,0
9450,0,-6.288127721433665e-05,-2.917985213286685e-05,-1.668012612029311e-06,0.0004912030173558486,-0.00122362702193863,3.958731660120783e-06,7.168278631842992e-06,0.001320385871597189
9450,1,-2.548340901644432e-06,-4.02016886647074e-07,3.687778834633154e-05,4.07924989918007e-06,5.311809820684665e-05,2.525033528335862e-06,-9.467729339831813e-07,6.490047567163803e-05
9450,2,-1.818083413600973e-06,-6.56706247954519e-09,2.445700031614875e-08,-1.018590183998605e-07,5.370846849617816e-06,1.411777196559026e-06,2.82710275045533e-06,6.492154074420923e-06
9450,3,0,0,0,0,0,0,0,0
9500,0,-6.288127721234951e-05,-2.917985213077248e-05,-1.668012612029311e-06,0.0004912030173558486,-0.00122362702193863,3.958731661167969e-06,7.168278633937364e-06,0.001320385871597062
9500,1,-2.548340905829876e-06,-4.020168910649756e-07,3.687778834633154e-05,4.07924989918007e-06,5.311809820684665e-05,2.525033526126911e-06,-9.46772938401083e-07,6.490047567180824e-05
9500,2,-1.818083434966973e-06,-6.567084687660345e-09,2.445700031614875e-08,-1.018590183998605e-07,5.370846849617816e-06,1.411777185282761e-06,2.827102727902801e-06,6.492154068153839e-06
9500,3,0,0,0,0,0,0,0,0
9550,0,-6.288127721004691e-05,-2.917985212836012e-05,-1.668012612029311e-06,0.0004912030173558486,-0.00122362702193863,3.958731662374146e-06,7.168278636349721e-06,0.001320385871596916
9550,1,-2.548340909745579e-06,-4.020168951763491e-07,3.687778834633154e-05,4.07924989918007e-06,5.311809820684665e-05,2.525033524071224e-06,-9.467729425124566e-07,6.490047567196745e-05
9550,2,-1.818083454408659e-06,-6.567104835001488e-09,2.445700031614875e-08,-1.018590183998605e-07,5.370846849617816e-06,1.411777175076034e-06,2.827102707489346e-06,6.492154062509851e-06
9550,3,0,0,0,0,0,0,0,0
9600,0,-6.288127719978312e-05,-2.917985211763065e-05,-1.668012612029311e-06,0.0004912030173558486,-0.00122362702193863,3.958731667738883e-06,7.168278647079194e-06,0.001320385871596264
9600,1,-2.548340913227531e-06,-4.02016898813049e-07,3.687778834633154e-05,4.07924989918007e-06,5.311809820684665e-05,2.525033522252874e-06,-9.467729461491564e-07,6.490047567210901e-05
9600,2,-1.81808347220412e-06,-6.567123211020681e-09,2.445700031614875e-08,-1.018590183998605e-07,5.370846849617816e-06,1.411777165782448e-06,2.827102688902176e-06,6.49215405739691e-06
9600,3,0,0,0,0,0,0,0,0
9650,0,-6.288127719446722e-05,-2.917985211300147e-05,-1.668012612029311e-06,0.0004912030173558486,-0.00122362702193863,3.958731670500728e-06,7.168278652602884e-06,0.001320385871595947
9650,1,-2.548340916296061e-06,-4.020169020014836e-07,3.687778834633154e-05,4.07924989918007e-06,5.311809820684665e-05,2.525033520658657e-06,-9.46772949337591e-07,6.490047567223373e-05
9650,2,-1.818083488187911e-06,-6.567139661373678e-09,2.445700031614875e-08,-1.018590183998605e-07,5.370846849617816e-06,1.411777157478309e-06,2.827102672293898e-06,6.492154052851577e-06
9650,3,0,0,0,0,0,0,0,0
9700,0,-6.288127719121422e-05,-2.917985210963802e-05,-1.668012612029311e-06,0.0004912030173558486,-0.00122362702193863,3.958731672182455e-06,7.168278655966336e-06,0.001320385871595741
9700,1,-2.548340923038923e-06,-4.020169050390617e-07,3.687778834633147e-05,4.079249899179935e-06,5.311809820645337e-05,2.525033517176927e-06,-9.467729563009802e-07,6.490047567216152e-05
9700,2,-1.81808343026695e-06,-6.567120211831611e-09,2.445700031611574e-08,-1.018590183936756e-07,5.370846849431876e-06,1.411777187337722e-06,2.82710273201276e-06,6.492154068956254e-06
9700,3,0,0,0,0,0,0,0,0
9750,0,-6.288127718814056e-05,-2.917985210959828e-05,-1.668012612029311e-06,0.000491203017355853,-0.00122362702193863,3.958731673761643e-06,7.168278659124713e-06,0.001320385871595617
9750,1,-2.548340930173332e-06,-4.020169077279497e-07,3.687778834633119e-05,4.07924989917365e-06,5.311809820596263e-05,2.525033513503223e-06,-9.46772963648084e-07,6.490047567202035e-05
9750,2,-1.818083410371042e-06,-6.567120166335602e-09,2.445700031602545e-08,-1.018590184043236e-07,5.370846849279679e-06,1.411777197610049e-06,2.827102752557537e-06,6.492154074439082e-06
9750,3,0,0,0,0,0,0,0,0
9800,0,-6.288127718686922e-05,-2.917985210956238e-05,-1.668012612029311e-06,0.0004912030173558547,-0.00122362702193863,3.958731674412413e-06,7.168278660426252e-06,0.001320385871595566
9800,1,-2.548340932292575e-06,-4.020169101941827e-07,3.687778834633119e-05,4.079249899170717e-06,5.311809820596263e-05,2.52503351241912e-06,-9.46772965816288e-07,6.49004756721081e-05
9800,2,-1.818083422527764e-06,-6.567120532498903e-09,2.445700031602545e-08,-1.018590184223213e-07,5.370846849279679e-06,1.411777191391201e-06,2.827102740119842e-06,6.492154071075622e-06
9800,3,0,0,0,0,0,0,0,0
9850,0,-6.28812771820883e-05,-2.917985210659826e-05,-1.668012612029311e-06,0.0004912030173558629,-0.00122362702193863,3.958731676847184e-06,7.168278665295795e-06,0.001320385871595309
9850,1,-2.548340934319276e-06,-4.020169122935264e-07,3.687778834633119e-05,4.079249899167596e-06,5.311809820596263e-05,2.525033511387683e-06,-9.467729678791631e-07,6.490047567219044e-05
9850,2,-1.818083433454302e-06,-6.567121117795691e-09,2.445700031602545e-08,-1.018590184389855e-07,5.370846849279679e-06,1.411777185830198e-06,2.827102728997835e-06,6.492154068083849e-06
9850,3,0,0,0,0,0,0,0,0
9900,0,-6.288127717866913e-05,-2.917985210397177e-05,-1.668012612029311e-06,0.0004912030173558683,-0.00122362702193863,3.95873167857712e-06,7.168278668755667e-06,0.001320385871595115
9900,1,-2.548340936187906e-06,-4.020169142311113e-07,3.687778834633119e-05,4.079249899164864e-06,5.311809820596263e-05,2.525033510441405e-06,-9.467729697717192e-07,6.490047567226645e-05
9900,2,-1.818083443324705e-06,-6.567121811789558e-09,2.445700031602545e-08,-1.018590184530398e-07,5.370846849279679e-06,1.411777180832076e-06,2.827102719001591e-06,6.492154065409014e-06
9900,3,0,0,0,0,0,0,0,0
9950,0,-6.288127717866913e-05,-2.917985210397177e-05,-1.668012612029311e-06,0.0004912030173558683,-0.00122362702193863,3.95873167857712e-06,7.168278668755667e-06,0.001320385871595115
9950,1,-2.548340937867639e-06,-4.020169160118074e-07,3.687778834633119e-05,4.07924989916236e-06,5.311809820596263e-05,2.525033509595119e-06,-9.467729714642901e-07,6.490047567233504e-05
9950,2,-1.818083452351851e-06,-6.567122650502392e-09,2.445700031602545e-08,-1.018590184670877e-07,5.370846849279679e-06,1.411777176284007e-06,2.827102709905452e-06,6.49215406298801e-06
9950,3,0,0,0,0,0,0,0,0
10000,0,-6.288127717713446e-05,-2.91798521038014e-05,-1.668012612029311e-06,0.0004912030173558712,-0.00122362702193863,3.958731679346232e-06,7.168278670293892e-06,0.001320385871595049
10000,1,-2.548340939511459e-06,-4.020169176598992e-07,3.687778834633119e-05,4.079249899160019e-06,5.311809820596263e-05,2.525033508771073e-06,-9.46772973112382e-07,6.490047567240163e-05
10000,2,-1.818083460500231e-06,-6.567123544128408e-09,2.445700031602545e-08,-1.018590184789746e-07,5.370846849279679e-06,1.411777172199219e-06,2.827102701735877e-06,6.492154060825164e-06
10000,3,0,0,0,0,0,0,0,0
