time_seconds,generation,best_fitness,best_f1,best_f2
0.0000000000,0,0.0793400531,1936.0056581782,516.3929036847
0.0238674000,1,0.0793400531,1936.0056581782,516.3929036847
0.0448699000,2,0.0746319713,1672.8740964586,490.4287457852
0.0642298000,3,0.0706064588,1687.9013167586,460.6538171534
0.0853774000,4,0.0706064588,1687.9013167586,460.6538171534
0.1081037000,5,0.0705078424,1687.9013167586,459.9360141127
0.1339304000,6,0.0705078424,1687.9013167586,459.9360141127
0.1599881000,7,0.0702622980,1834.7685115392,453.5134608652
0.1850916000,8,0.0702622980,1834.7685115392,453.5134608652
0.2099671000,9,0.0700018658,1834.5015562004,451.6262689717
0.2341694000,10,0.0700018658,1834.5015562004,451.6262689717
0.2578772000,11,0.0693758274,1856.9537548070,446.3608812332
0.2829676000,12,0.0676363436,1678.2624253871,439.3393401244
0.3077343000,13,0.0676363436,1678.2624253871,439.3393401244
0.3323521000,14,0.0674342293,1675.8866896564,437.9431839006
0.3594188000,15,0.0673368569,1693.8008928706,436.6690422109
0.3831160000,16,0.0673368569,1693.8008928706,436.6690422109
0.4060143000,17,0.0673368569,1693.8008928706,436.6690422109
0.4284783000,18,0.0657527077,1734.0863621783,423.8669785330
0.4533614000,19,0.0657527077,1734.0863621783,423.8669785330
0.4774858000,20,0.0657527077,1734.0863621783,423.8669785330
0.5020698000,21,0.0657243765,1734.0863621783,423.6607629705
0.5248206000,22,0.0654180963,1718.9431591277,421.9093671298
0.5489659000,23,0.0654180963,1718.9431591277,421.9093671298
0.5719806000,24,0.0654180963,1718.9431591277,421.9093671298
0.5982236000,25,0.0654180963,1718.9431591277,421.9093671298
0.6233600000,26,0.0654180963,1718.9431591277,421.9093671298
0.6491871000,27,0.0649616721,1718.9431591277,418.5871743261
0.6724542000,28,0.0646652025,1649.6586823484,418.6159487354
0.6967249000,29,0.0646652025,1649.6586823484,418.6159487354
0.7209939000,30,0.0646652025,1649.6586823484,418.6159487354
0.7462865000,31,0.0646652025,1649.6586823484,418.6159487354
0.7729756000,32,0.0646652025,1649.6586823484,418.6159487354
0.7971593000,33,0.0646652025,1649.6586823484,418.6159487354
0.8212336000,34,0.0646652025,1649.6586823484,418.6159487354
0.8450324000,35,0.0645784840,1798.9259859219,413.2736977811
0.8701972000,36,0.0645509370,1701.4528540680,416.1495552969
0.8928751000,37,0.0645509370,1701.4528540680,416.1495552969
0.9177061000,38,0.0645509370,1701.4528540680,416.1495552969
0.9409627000,39,0.0645509370,1701.4528540680,416.1495552969
0.9651897000,40,0.0637041952,1701.4528540680,409.9863430930
0.9889304000,41,0.0637041952,1701.4528540680,409.9863430930
1.0115032000,42,0.0631821611,1703.9848249705,406.1066816566
1.0360892000,43,0.0631821611,1703.9848249705,406.1066816566
1.0610121000,44,0.0631821611,1703.9848249705,406.1066816566
1.0847502000,45,0.0631821611,1703.9848249705,406.1066816566
1.1084310000,46,0.0630566572,1703.9848249705,405.1931720547
1.1316366000,47,0.0628095225,1612.2360076189,406.2900424721
1.1567971000,48,0.0627566464,1649.6586823484,404.7240681451
1.1796647000,49,0.0625957205,1700.8020676543,401.9385857107
1.2044179000,50,0.0625957205,1700.8020676543,401.9385857107
1.2292756000,51,0.0625957205,1700.8020676543,401.9385857107
1.2527909000,52,0.0622125634,1651.5443932415,400.7043144897
1.2771011000,53,0.0622125634,1651.5443932415,400.7043144897
1.3031348000,54,0.0622125634,1651.5443932415,400.7043144897
1.3274215000,55,0.0622125634,1651.5443932415,400.7043144897
1.3514032000,56,0.0622125634,1651.5443932415,400.7043144897
1.3748618000,57,0.0620367420,1761.0985788939,395.9668996696
1.3994251000,58,0.0620358237,1764.2946407788,395.8593440267
1.4225999000,59,0.0604966565,1757.7354593815,384.8631641121
1.4469949000,60,0.0604966565,1757.7354593815,384.8631641121
1.4712582000,61,0.0602807914,1667.3015151970,386.1461384664
1.4953639000,62,0.0600352634,1667.3015151970,384.3590043262
1.5184299000,63,0.0600352634,1667.3015151970,384.3590043262
1.5416071000,64,0.0600352634,1667.3015151970,384.3590043262
1.5654519000,65,0.0600352634,1667.3015151970,384.3590043262
1.5902455000,66,0.0600352634,1667.3015151970,384.3590043262
1.6130653000,67,0.0593553349,1613.8726122881,381.0962610902
1.6361613000,68,0.0593553349,1613.8726122881,381.0962610902
1.6575079000,69,0.0593086098,1615.6726122881,380.6993512967
1.6807290000,70,0.0593086098,1615.6726122881,380.6993512967
1.7025474000,71,0.0592271218,1843.1380149860,372.9271488732
1.7246897000,72,0.0590092949,1843.1380149860,371.3416441419
1.7493403000,73,0.0590039539,1843.1380149860,371.3027680543
1.7741776000,74,0.0589231265,1744.7159234394,373.8207626287
1.7989238000,75,0.0588739471,1744.7159234394,373.4627979828
1.8223200000,76,0.0588739471,1744.7159234394,373.4627979828
1.8474070000,77,0.0588739471,1744.7159234394,373.4627979828
1.8719343000,78,0.0588739471,1744.7159234394,373.4627979828
1.8997999000,79,0.0588739471,1744.7159234394,373.4627979828
1.9230420000,80,0.0588739471,1744.7159234394,373.4627979828
1.9469560000,81,0.0582360023,1598.5009864526,373.4340782564
1.9713676000,82,0.0582360023,1598.5009864526,373.4340782564
1.9956273000,83,0.0574449267,1626.2862233310,366.7991115646
2.0179339000,84,0.0574433087,1716.6514810162,363.9353018745
2.0414748000,85,0.0574433087,1716.6514810162,363.9353018745
2.0644943000,86,0.0574433087,1716.6514810162,363.9353018745
2.0875054000,87,0.0569700922,1645.9608715739,362.7219606487
2.1098474000,88,0.0569277462,1645.9608715739,362.4137351296
2.1323454000,89,0.0569277462,1645.9608715739,362.4137351296
2.1541505000,90,0.0569277462,1645.9608715739,362.4137351296
2.1771745000,91,0.0568976970,1645.9608715739,362.1950152667
2.1997902000,92,0.0568976970,1645.9608715739,362.1950152667
2.2227349000,93,0.0568714008,1645.9608715739,362.0036114677
2.2462994000,94,0.0568714008,1645.9608715739,362.0036114677
2.2708108000,95,0.0568714008,1645.9608715739,362.0036114677
2.2951610000,96,0.0563469958,1645.9608715739,358.1866049913
2.3185297000,97,0.0562831968,1645.9608715739,357.7222284743
2.3407435000,98,0.0562831968,1645.9608715739,357.7222284743
2.3634535000,99,0.0562831968,1645.9608715739,357.7222284743
2.3849980000,100,0.0562831968,1645.9608715739,357.7222284743
2.4075604000,101,0.0562831968,1645.9608715739,357.7222284743
2.4290098000,102,0.0556346387,1622.2388715739,353.7502376354
2.4505356000,103,0.0556043216,1622.2388715739,353.5295675476
2.4848426000,104,0.0556043216,1622.2388715739,353.5295675476
2.5357976000,105,0.0556043216,1622.2388715739,353.5295675476
2.5817317000,106,0.0556043216,1622.2388715739,353.5295675476
2.6308128000,107,0.0556043216,1622.2388715739,353.5295675476
2.6744636000,108,0.0556043216,1622.2388715739,353.5295675476
2.7209490000,109,0.0556043216,1622.2388715739,353.5295675476
2.7721766000,110,0.0555208844,1621.5223070993,352.9448654278
2.8208266000,111,0.0553045925,1621.5223070993,351.3705338186
2.8691171000,112,0.0553045925,1621.5223070993,351.3705338186
2.9167409000,113,0.0553045925,1621.5223070993,351.3705338186
2.9682990000,114,0.0553045925,1621.5223070993,351.3705338186
3.0203802000,115,0.0553045925,1621.5223070993,351.3705338186
3.0659962000,116,0.0552664176,1653.8610810194,350.0720194868
3.1149002000,117,0.0552306040,1653.8610810194,349.8113416430
3.1606818000,118,0.0547713494,1447.9031309284,352.9688192172
3.2066364000,119,0.0547713494,1447.9031309284,352.9688192172
3.2537924000,120,0.0547529666,1447.9031309284,352.8350160598
3.2986550000,121,0.0547245615,1447.9031309284,352.6282622203
3.3470845000,122,0.0547245615,1447.9031309284,352.6282622203
3.3965816000,123,0.0547245615,1447.9031309284,352.6282622203
3.4461954000,124,0.0547245615,1447.9031309284,352.6282622203
3.4940464000,125,0.0547245615,1447.9031309284,352.6282622203
3.5374849000,126,0.0547029845,1641.2354878526,346.3694157635
3.5814776000,127,0.0544010925,1567.9910810194,346.4837007918
3.6275960000,128,0.0543123265,1567.9910810194,345.8375963878
3.6746554000,129,0.0543097030,1567.9910810194,345.8185007475
3.7194663000,130,0.0543009507,1567.9910810194,345.7547948734
3.7662142000,131,0.0543009507,1567.9910810194,345.7547948734
3.8126359000,132,0.0542868217,1433.1309699616,349.9082958111
3.8606296000,133,0.0541988451,1433.1309699616,349.2679369549
3.9070576000,134,0.0541581787,1433.1309699616,348.9719369549
3.9584761000,135,0.0541063960,1433.1309699616,348.5950245168
4.0068739000,136,0.0541063960,1433.1309699616,348.5950245168
4.0555509000,137,0.0539239546,1433.1309699616,347.2670807444
4.1036418000,138,0.0539239546,1433.1309699616,347.2670807444
4.1496144000,139,0.0539239546,1433.1309699616,347.2670807444
4.1981716000,140,0.0539239546,1433.1309699616,347.2670807444
4.2490449000,141,0.0539239546,1433.1309699616,347.2670807444
4.2987902000,142,0.0539239546,1433.1309699616,347.2670807444
4.3452804000,143,0.0536316523,1582.3828441420,340.4289263470
4.3936244000,144,0.0536316523,1582.3828441420,340.4289263470
4.4438321000,145,0.0534723743,1582.3828441420,339.2695833561
4.4916809000,146,0.0534723743,1582.3828441420,339.2695833561
4.5390093000,147,0.0534723743,1582.3828441420,339.2695833561
4.5860009000,148,0.0534723743,1582.3828441420,339.2695833561
4.6373587000,149,0.0533931044,1577.2348441420,338.8550756187
4.6841036000,150,0.0532198131,1577.2348441420,337.5937337948
4.7325204000,151,0.0532198131,1577.2348441420,337.5937337948
4.7831823000,152,0.0532198131,1577.2348441420,337.5937337948
4.8323993000,153,0.0532198131,1577.2348441420,337.5937337948
4.8826362000,154,0.0532198131,1577.2348441420,337.5937337948
4.9294179000,155,0.0532198131,1577.2348441420,337.5937337948
4.9787297000,156,0.0532198131,1577.2348441420,337.5937337948
5.0274546000,157,0.0532198131,1577.2348441420,337.5937337948
5.0773483000,158,0.0532198131,1577.2348441420,337.5937337948
5.1299233000,159,0.0532198131,1577.2348441420,337.5937337948
5.1816604000,160,0.0529965749,1598.9866787457,335.2823278848
5.2339160000,161,0.0529965749,1598.9866787457,335.2823278848
5.2842696000,162,0.0529965749,1598.9866787457,335.2823278848
5.3328363000,163,0.0529864524,1598.9866787457,335.2086487879
5.3826250000,164,0.0528494533,1598.9866787457,334.2114685431
5.4277175000,165,0.0526207957,1622.0926493541,331.8178778548
5.4767371000,166,0.0525036146,1605.3166493541,331.4944175609
5.5250005000,167,0.0525036146,1605.3166493541,331.4944175609
5.5748584000,168,0.0524975342,1605.3166493541,331.4501600022
5.6224627000,169,0.0524798783,1575.1103070993,332.2749943359
5.6750563000,170,0.0524798783,1575.1103070993,332.2749943359
5.7230158000,171,0.0524798783,1575.1103070993,332.2749943359
5.7686570000,172,0.0524798783,1575.1103070993,332.2749943359
5.8158810000,173,0.0524702103,1605.3166493541,331.2512763477
5.8675117000,174,0.0524702103,1605.3166493541,331.2512763477
5.9138543000,175,0.0522998417,1557.3023459056,331.5265950748
5.9633041000,176,0.0522525741,1538.1503459056,331.7870059650
6.0131032000,177,0.0521469595,1539.0103459056,330.9911223806
6.0593860000,178,0.0521469595,1539.0103459056,330.9911223806
6.1068175000,179,0.0521153108,1539.0103459056,330.7607596315
6.1527076000,180,0.0521153108,1539.0103459056,330.7607596315
6.1997889000,181,0.0520882457,1539.0103459056,330.5637596315
6.2443527000,182,0.0520882457,1539.0103459056,330.5637596315
6.2895976000,183,0.0520882457,1539.0103459056,330.5637596315
6.3377429000,184,0.0520882457,1539.0103459056,330.5637596315
6.3818860000,185,0.0520882457,1539.0103459056,330.5637596315
6.4263559000,186,0.0520882457,1539.0103459056,330.5637596315
6.4791938000,187,0.0520882457,1539.0103459056,330.5637596315
6.5397622000,188,0.0520882457,1539.0103459056,330.5637596315
6.5956742000,189,0.0520882457,1539.0103459056,330.5637596315
6.6433496000,190,0.0520403681,1538.6371330461,330.2270505787
6.6906075000,191,0.0520403681,1538.6371330461,330.2270505787
6.7392439000,192,0.0520403681,1538.6371330461,330.2270505787
6.7873360000,193,0.0520403681,1538.6371330461,330.2270505787
6.8351132000,194,0.0520403681,1538.6371330461,330.2270505787
6.8856601000,195,0.0520403681,1538.6371330461,330.2270505787
6.9335952000,196,0.0520403681,1538.6371330461,330.2270505787
6.9868829000,197,0.0520403681,1538.6371330461,330.2270505787
7.0372974000,198,0.0520403681,1538.6371330461,330.2270505787
7.0903197000,199,0.0520403681,1538.6371330461,330.2270505787
7.1423255000,200,0.0520403681,1538.6371330461,330.2270505787
7.1965894000,201,0.0520403681,1538.6371330461,330.2270505787
7.2482752000,202,0.0519511029,1568.6494211803,328.6300897799
7.2993785000,203,0.0519511029,1568.6494211803,328.6300897799
7.3493527000,204,0.0519511029,1568.6494211803,328.6300897799
7.3992574000,205,0.0519511029,1568.6494211803,328.6300897799
7.4504088000,206,0.0519511029,1568.6494211803,328.6300897799
7.4997256000,207,0.0519511029,1568.6494211803,328.6300897799
7.5495178000,208,0.0519511029,1568.6494211803,328.6300897799
7.5973045000,209,0.0517745831,1545.9197228239,328.0626236273
7.6481569000,210,0.0516779327,1545.9197228239,327.3591312554
7.6922648000,211,0.0516779327,1545.9197228239,327.3591312554
7.7397040000,212,0.0516779327,1545.9197228239,327.3591312554
7.7870669000,213,0.0516779327,1545.9197228239,327.3591312554
7.8352690000,214,0.0516779327,1545.9197228239,327.3591312554
7.8836276000,215,0.0516508367,1612.2626383870,325.0680468031
7.9333300000,216,0.0516508367,1612.2626383870,325.0680468031
7.9722409000,217,0.0516142192,1538.5422852342,327.1282173381
8.0192524000,218,0.0515492751,1538.6371330461,326.6525130151
8.0652394000,219,0.0515492751,1538.6371330461,326.6525130151
8.1082436000,220,0.0512595666,1538.5422852342,324.5467944530
8.1530078000,221,0.0511243979,1538.5422852342,323.5629368344
8.1947663000,222,0.0511174973,1543.2879479501,323.3629305099
8.2386861000,223,0.0511150598,1543.2879479501,323.3451885282
8.2808242000,224,0.0511150598,1543.2879479501,323.3451885282
8.3265503000,225,0.0511150598,1543.2879479501,323.3451885282
8.3742368000,226,0.0511150598,1543.2879479501,323.3451885282
8.4193793000,227,0.0511150598,1543.2879479501,323.3451885282
8.4613007000,228,0.0511150598,1543.2879479501,323.3451885282
8.5066105000,229,0.0510116462,1528.1874878526,323.0690556692
8.5530746000,230,0.0510116462,1528.1874878526,323.0690556692
8.5948535000,231,0.0509376415,1528.1874878526,322.5303947615
8.6402898000,232,0.0509234876,1528.1874878526,322.4273721493
8.6827623000,233,0.0509234876,1528.1874878526,322.4273721493
8.7287610000,234,0.0508319701,1555.0902852342,320.9121571559
8.7762295000,235,0.0508319701,1555.0902852342,320.9121571559
8.8201779000,236,0.0508319701,1555.0902852342,320.9121571559
8.8670799000,237,0.0508319701,1555.0902852342,320.9121571559
8.9154377000,238,0.0508319701,1555.0902852342,320.9121571559
8.9631875000,239,0.0507773204,1511.0453310338,321.9044857193
9.0064214000,240,0.0507399416,1511.0453310338,321.6324156411
9.0511856000,241,0.0507110981,1511.0453310338,321.4224712614
9.0947612000,242,0.0506809681,1511.0453310338,321.2031628988
9.1411993000,243,0.0506704266,1511.0453310338,321.1264339899
9.1864297000,244,0.0505676094,1562.3830757448,318.7577757077
9.2331248000,245,0.0504577237,1501.2674878526,319.8868249985
9.2795579000,246,0.0504577237,1501.2674878526,319.8868249985
9.3265765000,247,0.0504577237,1501.2674878526,319.8868249985
9.3746527000,248,0.0504577237,1501.2674878526,319.8868249985
9.4215749000,249,0.0504407141,1501.2674878526,319.7630169467
9.4714263000,250,0.0503791638,1512.3601370761,318.9649116225
9.5207296000,251,0.0503791638,1512.3601370761,318.9649116225
9.5693120000,252,0.0503791638,1512.3601370761,318.9649116225
9.6152713000,253,0.0503791638,1512.3601370761,318.9649116225
9.6605948000,254,0.0503791638,1512.3601370761,318.9649116225
9.7064669000,255,0.0503791638,1512.3601370761,318.9649116225
9.7515978000,256,0.0503791638,1512.3601370761,318.9649116225
9.7962796000,257,0.0503791638,1512.3601370761,318.9649116225
9.8441968000,258,0.0503791638,1512.3601370761,318.9649116225
9.8923255000,259,0.0503628148,1512.3601370761,318.8459116225
9.9404982000,260,0.0503558081,1512.3601370761,318.7949116225
9.9925915000,261,0.0503093890,1512.3601370761,318.4570387955
10.0443080000,262,0.0502980973,1512.3601370761,318.3748497434
10.0915116000,263,0.0502760602,1579.6071435231,316.0920537113
10.1386570000,264,0.0501352012,1579.6071435231,315.0667779192
10.1842081000,265,0.0501165928,1579.6071435231,314.9313324171
10.2326987000,266,0.0501165928,1579.6071435231,314.9313324171
10.2756535000,267,0.0501006378,1579.6071435231,314.8151995545
10.3199891000,268,0.0501006378,1579.6071435231,314.8151995545
10.3660477000,269,0.0500796531,1579.6071435231,314.6624578618
10.4139764000,270,0.0500182980,1579.6071435231,314.2158697019
10.4600012000,271,0.0500182980,1579.6071435231,314.2158697019
10.5087747000,272,0.0499678339,1579.6071435231,313.8485553375
10.5560626000,273,0.0499678339,1579.6071435231,313.8485553375
10.6039323000,274,0.0499678339,1579.6071435231,313.8485553375
10.6552843000,275,0.0499678339,1579.6071435231,313.8485553375
10.7028891000,276,0.0499678339,1579.6071435231,313.8485553375
10.7528311000,277,0.0499678339,1579.6071435231,313.8485553375
10.7991783000,278,0.0499678339,1579.6071435231,313.8485553375
10.8447216000,279,0.0499678339,1579.6071435231,313.8485553375
10.8916116000,280,0.0499678339,1579.6071435231,313.8485553375
10.9321832000,281,0.0499313188,1518.1074878526,315.5237718324
10.9770213000,282,0.0499281919,1518.1074878526,315.5010116487
11.0249212000,283,0.0498094534,1508.4693957711,314.9409345704
11.0692624000,284,0.0497358711,1508.4693957711,314.4053485597
11.1136218000,285,0.0496681738,1534.6362952204,313.0867397800
11.1580190000,286,0.0496681738,1534.6362952204,313.0867397800
11.2036443000,287,0.0496496337,1534.3290597464,312.9614882562
11.2505154000,288,0.0496496337,1534.3290597464,312.9614882562
11.2987633000,289,0.0496022914,1527.1497074704,312.8434845094
11.3436188000,290,0.0495456870,1505.1772205062,313.1249530114
11.3911379000,291,0.0493815901,1527.1497074704,311.2370573000
11.4406377000,292,0.0493612802,1522.3879137190,311.2395149429
11.4887502000,293,0.0493349614,1522.3879137190,311.0479466922
11.5396350000,294,0.0492518271,1527.1497074704,310.2925465983
11.5865261000,295,0.0492518271,1527.1497074704,310.2925465983
11.6289490000,296,0.0492518271,1527.1497074704,310.2925465983
11.6774471000,297,0.0492518271,1527.1497074704,310.2925465983
11.7299502000,298,0.0491583752,1527.1497074704,309.6123347574
11.7804118000,299,0.0491523015,1527.1497074704,309.5681254763
11.8280017000,300,0.0491356671,1527.1497074704,309.4470482107
11.8759302000,301,0.0491011538,1527.1497074704,309.1958350399
11.9218079000,302,0.0489752019,1527.1497074704,308.2790636842
11.9672880000,303,0.0489752019,1527.1497074704,308.2790636842
12.0139302000,304,0.0487942280,1500.9398142795,307.7890172167
12.0594088000,305,0.0487942280,1500.9398142795,307.7890172167
12.1045520000,306,0.0487789057,1500.9398142795,307.6774897904
12.1526693000,307,0.0487789057,1500.9398142795,307.6774897904
12.2014137000,308,0.0487789057,1500.9398142795,307.6774897904
12.2505733000,309,0.0486031717,1500.9398142795,306.3983679111
12.2981261000,310,0.0486031717,1500.9398142795,306.3983679111
12.3458197000,311,0.0485672016,1500.9398142795,306.1365515674
12.3911526000,312,0.0485058969,1500.9398142795,305.6903303568
12.4372047000,313,0.0483526426,1500.9398142795,304.5748321016
12.4846414000,314,0.0482839276,1488.9878142795,304.4518925504
12.5312315000,315,0.0481999732,1500.9398142795,303.4635919258
12.5763527000,316,0.0481399426,1500.9398142795,303.0266450980
12.6203301000,317,0.0480307304,1500.9398142795,302.2317177115
12.6686280000,318,0.0480207291,1500.9398142795,302.1589207625
12.7167760000,319,0.0480207291,1500.9398142795,302.1589207625
12.7619562000,320,0.0480207291,1500.9398142795,302.1589207625
12.8066873000,321,0.0480207291,1500.9398142795,302.1589207625
12.8530395000,322,0.0479971829,1500.9398142795,301.9875340470
12.8990497000,323,0.0479629594,1523.1097895765,301.0387202074
12.9429930000,324,0.0478525932,1441.3913336610,302.8145225369
12.9908339000,325,0.0478517066,1441.3913336610,302.8080697122
13.0357961000,326,0.0478056446,1495.3598142795,300.7694885840
13.0792379000,327,0.0478056446,1495.3598142795,300.7694885840
13.1272512000,328,0.0478056446,1495.3598142795,300.7694885840
13.1743704000,329,0.0478056446,1495.3598142795,300.7694885840
13.2224446000,330,0.0478051844,1476.4196344776,301.3639124035
13.2698078000,331,0.0478051844,1476.4196344776,301.3639124035
13.3131547000,332,0.0476446855,1480.2716344776,300.0741096462
13.3584638000,333,0.0474957195,1448.6670069104,299.9873037015
13.4026158000,334,0.0474735431,1443.7210045213,299.9819893983
13.4501572000,335,0.0474735431,1443.7210045213,299.9819893983
13.4959806000,336,0.0474735431,1443.7210045213,299.9819893983
13.5438186000,337,0.0470713900,1443.5213336610,297.0611240745
13.5924294000,338,0.0470033394,1424.1079689480,297.1785100320
13.6390003000,339,0.0467801153,1424.2456774790,295.5493738026
13.6860450000,340,0.0467801153,1424.2456774790,295.5493738026
13.7317416000,341,0.0467801153,1424.2456774790,295.5493738026
13.7782133000,342,0.0467801153,1424.2456774790,295.5493738026
13.8235581000,343,0.0467801153,1424.2456774790,295.5493738026
13.8688221000,344,0.0467801153,1424.2456774790,295.5493738026
13.9142608000,345,0.0467460905,1424.2456774790,295.3017163335
13.9583430000,346,0.0467460905,1424.2456774790,295.3017163335
14.0035797000,347,0.0467302399,1424.2456774790,295.1863438451
14.0482304000,348,0.0467283131,1424.2456774790,295.1723191028
14.0932615000,349,0.0466927702,1424.2456774790,294.9136115491
14.1397485000,350,0.0466927702,1424.2456774790,294.9136115491
14.1849712000,351,0.0466927702,1424.2456774790,294.9136115491
14.2248850000,352,0.0466927702,1424.2456774790,294.9136115491
14.2676228000,353,0.0466927702,1424.2456774790,294.9136115491
14.3125379000,354,0.0466927702,1424.2456774790,294.9136115491
14.3606988000,355,0.0466927702,1424.2456774790,294.9136115491
14.4075141000,356,0.0466927702,1424.2456774790,294.9136115491
14.4559820000,357,0.0466927702,1424.2456774790,294.9136115491
14.5055985000,358,0.0466912007,1425.7011617115,294.8562508209
14.5481756000,359,0.0466470908,1425.2465898408,294.5495331533
14.5914489000,360,0.0466470908,1425.2465898408,294.5495331533
14.6373818000,361,0.0466214791,1425.2465898408,294.3631120619
14.6802984000,362,0.0465953246,1425.2465898408,294.1727404918
14.7253401000,363,0.0465765487,1425.2465898408,294.0360758929
14.7693183000,364,0.0465471988,1424.1052587783,293.8584668848
14.8138891000,365,0.0465399093,1425.6185738199,293.7576469979
14.8590196000,366,0.0465018020,1425.6185738199,293.4802734669
14.9034260000,367,0.0464055337,1425.7011617115,292.7769552423
14.9477077000,368,0.0464055337,1425.7011617115,292.7769552423
14.9917618000,369,0.0464055337,1425.7011617115,292.7769552423
15.0326548000,370,0.0463927567,1425.7011617115,292.6839552423
15.0764260000,371,0.0463759333,1424.0998383884,292.6120412866
15.1237799000,372,0.0463582580,1424.0998383884,292.4833876758
15.1638124000,373,0.0463582580,1424.0998383884,292.4833876758
15.2077911000,374,0.0463582580,1424.0998383884,292.4833876758
15.2528937000,375,0.0463582580,1424.0998383884,292.4833876758
15.2976929000,376,0.0463465738,1424.2483714041,292.3936532348
15.3414122000,377,0.0463117773,1437.0332123225,291.7368742375
15.3863848000,378,0.0463117773,1437.0332123225,291.7368742375
15.4332822000,379,0.0463117773,1437.0332123225,291.7368742375
15.4821824000,380,0.0462996029,1428.6092123225,291.9141313870
15.5314491000,381,0.0461934771,1433.9785440356,290.9722068973
15.5801050000,382,0.0461934771,1433.9785440356,290.9722068973
15.6218494000,383,0.0461143901,1448.6670069104,289.9329686324
15.6691748000,384,0.0460058901,1429.5509800437,289.7465497333
15.7159187000,385,0.0459943338,1420.3918383884,289.9515072974
15.7605980000,386,0.0459943338,1420.3918383884,289.9515072974
15.8081588000,387,0.0459943338,1420.3918383884,289.9515072974
15.8535552000,388,0.0458905010,1443.4503714041,288.4679813128
15.8995652000,389,0.0458893833,1443.4503714041,288.4598460971
15.9443641000,390,0.0458526181,1443.4503714041,288.1922414875
15.9889653000,391,0.0458202611,1443.4503714041,287.9567235497
16.0382218000,392,0.0456987674,1443.4503714041,287.0724025460
16.0833578000,393,0.0456987674,1443.4503714041,287.0724025460
16.1322942000,394,0.0456987674,1443.4503714041,287.0724025460
16.1776948000,395,0.0456860723,1443.4503714041,286.9799980110
16.2224396000,396,0.0456860723,1443.4503714041,286.9799980110
16.2670934000,397,0.0456738930,1443.4503714041,286.8913481231
16.3093007000,398,0.0456463663,1420.2172587783,287.4242528726
16.3530368000,399,0.0455124826,1443.4503714041,285.7164846170
16.3983762000,400,0.0455124826,1443.4503714041,285.7164846170
16.4440860000,401,0.0455124826,1443.4503714041,285.7164846170
16.4906349000,402,0.0454500072,1448.6670069104,285.0970989207
16.5403848000,403,0.0454022988,1401.6333509547,286.2342790158
16.5870871000,404,0.0454022988,1401.6333509547,286.2342790158
16.6324142000,405,0.0453352459,1385.5613509547,286.2534692779
16.6737778000,406,0.0453352459,1385.5613509547,286.2534692779
16.7149946000,407,0.0453352459,1385.5613509547,286.2534692779
16.7570913000,408,0.0453352459,1385.5613509547,286.2534692779
16.7985640000,409,0.0453352459,1385.5613509547,286.2534692779
16.8421528000,410,0.0453236400,1385.1041455390,286.1834233562
16.8852456000,411,0.0452419128,1385.1041455390,285.5885520900
16.9328232000,412,0.0451791329,1403.6096774790,284.5475374101
16.9770826000,413,0.0451791329,1403.6096774790,284.5475374101
17.0200842000,414,0.0451791329,1403.6096774790,284.5475374101
17.0657271000,415,0.0451588866,1403.6096774790,284.4001698387
17.1117168000,416,0.0451436821,1403.6096774790,284.2895007191
17.1593702000,417,0.0451436821,1403.6096774790,284.2895007191
17.2050523000,418,0.0451436821,1403.6096774790,284.2895007191
17.2499555000,419,0.0451436821,1403.6096774790,284.2895007191
17.2965079000,420,0.0451436821,1403.6096774790,284.2895007191
17.3455097000,421,0.0451436821,1403.6096774790,284.2895007191
17.3895468000,422,0.0451436821,1403.6096774790,284.2895007191
17.4321907000,423,0.0451436821,1403.6096774790,284.2895007191
17.4785888000,424,0.0451436821,1403.6096774790,284.2895007191
17.5258367000,425,0.0451436821,1403.6096774790,284.2895007191
17.5729646000,426,0.0450638391,1385.1041455390,284.2924004536
17.6207241000,427,0.0450638391,1385.1041455390,284.2924004536
17.6670665000,428,0.0447066440,1389.8005078611,281.5442480016
17.7136185000,429,0.0446830927,1403.6096774790,280.9369910398
17.7588212000,430,0.0446830927,1403.6096774790,280.9369910398
17.8021982000,431,0.0446395895,1365.8998142795,281.8105092556
17.8485445000,432,0.0446395895,1365.8998142795,281.8105092556
17.8935048000,433,0.0446395895,1365.8998142795,281.8105092556
17.9382850000,434,0.0446332010,1378.6532123225,281.3614971192
17.9842658000,435,0.0446040129,1378.6532123225,281.1490447495
18.0326495000,436,0.0446040129,1378.6532123225,281.1490447495
18.0815765000,437,0.0446040129,1378.6532123225,281.1490447495
18.1282842000,438,0.0446040129,1378.6532123225,281.1490447495
18.1762973000,439,0.0445749441,1378.6532123225,280.9374603642
18.2237081000,440,0.0445385757,1378.6532123225,280.6727442086
18.2700640000,441,0.0445055131,1378.6532123225,280.4320906397
18.3175581000,442,0.0444936944,1378.6532123225,280.3460649757
18.3638921000,443,0.0444802276,1377.4361455390,280.2864560719
18.4122026000,444,0.0444679105,1365.8998142795,280.5609032259
18.4590294000,445,0.0444541930,1365.8998142795,280.4610571836
18.5052712000,446,0.0444541930,1365.8998142795,280.4610571836
18.5512465000,447,0.0444541930,1365.8998142795,280.4610571836
18.5970588000,448,0.0444499913,1365.8998142795,280.4304738717
18.6418112000,449,0.0444499913,1365.8998142795,280.4304738717
18.6891349000,450,0.0442486249,1365.8998142795,278.9647801751
18.7372365000,451,0.0442486249,1365.8998142795,278.9647801751
18.7831170000,452,0.0442486249,1365.8998142795,278.9647801751
18.8304396000,453,0.0442273840,1392.0325078611,277.9853950483
18.8805671000,454,0.0442273840,1392.0325078611,277.9853950483
18.9302937000,455,0.0442079469,1403.6096774790,277.4785290381
18.9774401000,456,0.0440842904,1392.0325078611,276.9438545544
19.0251312000,457,0.0440842904,1392.0325078611,276.9438545544
19.0738609000,458,0.0440754173,1392.0325078611,276.8792697202
19.1213677000,459,0.0440754173,1392.0325078611,276.8792697202
19.1713300000,460,0.0440719339,1392.0325078611,276.8539147517
19.2189838000,461,0.0440615631,1392.0325078611,276.7784286491
19.2648821000,462,0.0439979336,1387.5176774790,276.4577793254
19.3110696000,463,0.0439902485,1387.5176774790,276.4018413459
19.3583565000,464,0.0439842046,1387.5176774790,276.3578492600
19.4051195000,465,0.0439842046,1387.5176774790,276.3578492600
19.4500774000,466,0.0439842046,1387.5176774790,276.3578492600
19.4941925000,467,0.0439842046,1387.5176774790,276.3578492600
19.5381232000,468,0.0439686432,1392.0325078611,276.1020888804
19.5819052000,469,0.0439343065,1392.0325078611,275.8521609505
19.6262758000,470,0.0439076214,1392.0325078611,275.6579268096
19.6759297000,471,0.0438862260,1392.0325078611,275.5021954328
19.7245873000,472,0.0438494224,1392.0325078611,275.2343115513
19.7723934000,473,0.0438494224,1392.0325078611,275.2343115513
19.8203100000,474,0.0438494224,1392.0325078611,275.2343115513
19.8650266000,475,0.0438256446,1392.0325078611,275.0612395242
19.9081774000,476,0.0438132298,1399.3976774790,274.7384220194
19.9516194000,477,0.0438132298,1399.3976774790,274.7384220194
19.9968459000,478,0.0437582562,1392.0325078611,274.5707365348
20.0413074000,479,0.0437582562,1392.0325078611,274.5707365348
20.0899891000,480,0.0437582562,1392.0325078611,274.5707365348
20.1390890000,481,0.0437449049,1392.0325078611,274.4735564179
20.1872122000,482,0.0436960081,1392.0325078611,274.1176489075
20.2344033000,483,0.0436705315,1389.8365078611,274.0015199568
20.2821268000,484,0.0436245990,1392.0325078611,273.5978807393
20.3281279000,485,0.0436035646,1392.0325078611,273.4447773375
20.3751946000,486,0.0436035646,1392.0325078611,273.4447773375
20.4191572000,487,0.0436017672,1392.0325078611,273.4316944045
20.4646270000,488,0.0435817692,1392.0325078611,273.2861340506
20.5130413000,489,0.0435424525,1392.0325078611,272.9999579045
20.5619435000,490,0.0435424525,1392.0325078611,272.9999579045
20.6102691000,491,0.0435424525,1392.0325078611,272.9999579045
20.6576332000,492,0.0435424525,1392.0325078611,272.9999579045
20.7056251000,493,0.0435424525,1392.0325078611,272.9999579045
20.7538203000,494,0.0435424525,1392.0325078611,272.9999579045
20.8004791000,495,0.0435111034,1389.9656774790,272.8370075468
20.8453583000,496,0.0435068972,1389.9656774790,272.8063916974
20.8884901000,497,0.0434615896,1392.0325078611,272.4113785402
20.9347752000,498,0.0434483158,1392.0325078611,272.3147614765
20.9868959000,499,0.0434324360,1392.0325078611,272.1991764771
21.0374062000,500,0.0433823490,1392.0325078611,271.8346068916
21.0817670000,501,0.0433646592,1392.0325078611,271.7058475133
21.1268918000,502,0.0433646592,1392.0325078611,271.7058475133
21.1731043000,503,0.0433646592,1392.0325078611,271.7058475133
21.2163509000,504,0.0433412817,1392.0325078611,271.5356887499
21.2602890000,505,0.0433412817,1392.0325078611,271.5356887499
21.3073673000,506,0.0433267799,1392.0325078611,271.4301336385
21.3540444000,507,0.0433267799,1392.0325078611,271.4301336385
21.3957065000,508,0.0433267799,1392.0325078611,271.4301336385
21.4377616000,509,0.0433267799,1392.0325078611,271.4301336385
21.4777336000,510,0.0433267799,1392.0325078611,271.4301336385
21.5200846000,511,0.0433267799,1392.0325078611,271.4301336385
21.5615230000,512,0.0432809803,1392.0325078611,271.0967705139
21.6045018000,513,0.0432676506,1392.0325078611,270.9997466352
21.6491002000,514,0.0432364881,1392.0325078611,270.7729233433
21.6941548000,515,0.0432231215,1389.9656774790,270.7408629325
21.7364906000,516,0.0431789378,1389.9656774790,270.4192614479
21.7813574000,517,0.0431741731,1392.0325078611,270.3193490222
21.8243972000,518,0.0431741731,1392.0325078611,270.3193490222
21.8708497000,519,0.0431741731,1392.0325078611,270.3193490222
21.9144216000,520,0.0431741731,1392.0325078611,270.3193490222
21.9565143000,521,0.0431677266,1392.9322541485,270.2440290538
22.0008024000,522,0.0431677266,1392.9322541485,270.2440290538
22.0490819000,523,0.0431463534,1392.0325078611,270.1168565426
22.0940988000,524,0.0431101524,1389.9656774790,269.9185906879
22.1370314000,525,0.0430917175,1392.9322541485,269.6907791410
22.1837667000,526,0.0430888026,1392.0325078611,269.6979591732
22.2336645000,527,0.0430713439,1392.0325078611,269.5708818455
22.2775727000,528,0.0430654106,1392.0325078611,269.5276951802
22.3245062000,529,0.0430215777,1392.0325078611,269.2086467003
22.3678051000,530,0.0429879966,1392.0325078611,268.9642187781
22.4113817000,531,0.0429879966,1392.0325078611,268.9642187781
22.4563538000,532,0.0429879966,1392.0325078611,268.9642187781
22.5024008000,533,0.0429463385,1392.0325078611,268.6610000688
22.5495169000,534,0.0428841402,1392.0325078611,268.2082748032
22.5970803000,535,0.0428727326,1392.0325078611,268.1252419125
22.6431707000,536,0.0428727326,1392.0325078611,268.1252419125
22.6886969000,537,0.0428727326,1392.0325078611,268.1252419125
22.7330991000,538,0.0428700723,1389.9656774790,268.1711102229
22.7790576000,539,0.0428617565,1392.0325078611,268.0453496544
22.8247461000,540,0.0428617565,1392.0325078611,268.0453496544
22.8677371000,541,0.0428283551,1392.0325078611,267.8022297163
22.9118866000,542,0.0428225848,1392.0325078611,267.7602297163
22.9562282000,543,0.0428225848,1392.0325078611,267.7602297163
22.9999407000,544,0.0428225848,1392.0325078611,267.7602297163
23.0480722000,545,0.0428046937,1392.0325078611,267.6300047943
23.0980272000,546,0.0427844757,1392.0325078611,267.4828430537
23.1488764000,547,0.0427844757,1392.0325078611,267.4828430537
23.1953448000,548,0.0427749554,1392.0325078611,267.4135471881
23.2413699000,549,0.0427535231,1392.0325078611,267.2575471881
23.2826198000,550,0.0427535231,1392.0325078611,267.2575471881
23.3278351000,551,0.0427535231,1392.0325078611,267.2575471881
23.3725629000,552,0.0427267122,1392.0325078611,267.0623975045
23.4196273000,553,0.0427267122,1392.0325078611,267.0623975045
23.4624067000,554,0.0427267122,1392.0325078611,267.0623975045
23.5076144000,555,0.0427267122,1392.0325078611,267.0623975045
23.5513968000,556,0.0427267122,1392.0325078611,267.0623975045
23.6013624000,557,0.0427108110,1389.9656774790,267.0118887805
23.6478118000,558,0.0427094428,1389.9656774790,267.0019302660
23.6948883000,559,0.0427094428,1389.9656774790,267.0019302660
23.7425261000,560,0.0426694275,1392.0325078611,266.6454376293
23.7868522000,561,0.0426694275,1392.0325078611,266.6454376293
23.8335266000,562,0.0426464395,1389.9656774790,266.5433452384
23.8823516000,563,0.0426354076,1392.0325078611,266.3978158813
23.9329967000,564,0.0426354076,1392.0325078611,266.3978158813
23.9797948000,565,0.0425365868,1389.9656774790,265.7437563892
24.0246686000,566,0.0425365868,1389.9656774790,265.7437563892
24.0699487000,567,0.0425365868,1389.9656774790,265.7437563892
24.1129049000,568,0.0424853346,1389.9656774790,265.3707047784
24.1549531000,569,0.0424853346,1389.9656774790,265.3707047784
24.1981437000,570,0.0424245982,1389.9656774790,264.9286203071
24.2429258000,571,0.0424245982,1389.9656774790,264.9286203071
24.2843773000,572,0.0424226715,1389.9656774790,264.9145967329
24.3296422000,573,0.0424226715,1389.9656774790,264.9145967329
24.3750325000,574,0.0424191731,1389.9656774790,264.8891330537
24.4246476000,575,0.0423982524,1389.9656774790,264.7368567881
24.4684992000,576,0.0423818652,1389.9656774790,264.6175780219
24.5145528000,577,0.0423281885,1389.9656774790,264.2268795626
24.5621268000,578,0.0423278089,1389.9656774790,264.2241166814
24.6109958000,579,0.0422579694,1389.9656774790,263.7157728934
24.6572187000,580,0.0422281824,1389.9656774790,263.4989612652
24.7007760000,581,0.0422281824,1389.9656774790,263.4989612652
24.7459208000,582,0.0422163718,1389.9656774790,263.4129953910
24.7959186000,583,0.0422109625,1389.9656774790,263.3736220991
24.8451544000,584,0.0421988458,1389.9656774790,263.2854283135
24.8952332000,585,0.0421988458,1389.9656774790,263.2854283135
24.9396596000,586,0.0421988458,1389.9656774790,263.2854283135
24.9871388000,587,0.0421988458,1389.9656774790,263.2854283135
25.0365919000,588,0.0421988458,1389.9656774790,263.2854283135
25.0845199000,589,0.0421916919,1389.9656774790,263.2333564867
25.1352777000,590,0.0421588536,1389.8365078611,262.9984119506
25.1828939000,591,0.0421361602,1389.8365078611,262.8332327110
25.2314143000,592,0.0421168165,1389.8365078611,262.6924346629
25.2789883000,593,0.0421168165,1389.8365078611,262.6924346629
25.3287453000,594,0.0421168165,1389.8365078611,262.6924346629
25.3788301000,595,0.0421168165,1389.8365078611,262.6924346629
25.4300365000,596,0.0420885371,1389.9656774790,262.4825196594
25.4807415000,597,0.0420885371,1389.9656774790,262.4825196594
25.5303497000,598,0.0420603989,1389.8365078611,262.2817856772
25.5791532000,599,0.0420603989,1389.8365078611,262.2817856772
25.6281448000,600,0.0420603989,1389.8365078611,262.2817856772
25.6791942000,601,0.0420387154,1389.8365078611,262.1239575883
25.7289803000,602,0.0420263743,1389.8365078611,262.0341298527
25.7750763000,603,0.0420027707,1392.0325078611,261.7930170734
25.8209170000,604,0.0419449634,1387.2433336610,261.5234050426
25.8647269000,605,0.0419449634,1387.2433336610,261.5234050426
25.9077214000,606,0.0419449634,1387.2433336610,261.5234050426
25.9495587000,607,0.0419449634,1387.2433336610,261.5234050426
25.9957123000,608,0.0418621585,1387.2433336610,260.9206892445
26.0407883000,609,0.0418621585,1387.2433336610,260.9206892445
26.0816983000,610,0.0418621585,1387.2433336610,260.9206892445
26.1289807000,611,0.0418428111,1387.2433336610,260.7798647970
26.1770119000,612,0.0418277226,1387.2433336610,260.6700394539
26.2267161000,613,0.0418277226,1387.2433336610,260.6700394539
26.2740947000,614,0.0418237505,1387.2433336610,260.6411276767
26.3182704000,615,0.0418237505,1387.2433336610,260.6411276767
26.3656001000,616,0.0418219139,1387.2433336610,260.6277596559
26.4125462000,617,0.0418210503,1387.2433336610,260.6214735383
26.4659218000,618,0.0417757679,1387.2433336610,260.2918750062
26.5270480000,619,0.0417705991,1387.2433336610,260.2542528628
26.5782231000,620,0.0417683972,1387.2433336610,260.2382253553
26.6230472000,621,0.0417683972,1387.2433336610,260.2382253553
26.6734077000,622,0.0417683972,1387.2433336610,260.2382253553
26.7209691000,623,0.0417683972,1387.2433336610,260.2382253553
26.7707862000,624,0.0417649173,1387.2433336610,260.2128960670
26.8265255000,625,0.0417525342,1387.2433336610,260.1227626376
26.8740259000,626,0.0417525342,1387.2433336610,260.1227626376
26.9201608000,627,0.0417147761,1387.2433336610,259.8479313816
26.9667299000,628,0.0417100135,1387.2433336610,259.8132662092
27.0098380000,629,0.0417003590,1387.2433336610,259.7429934757
27.0547551000,630,0.0417003590,1387.2433336610,259.7429934757
27.1027494000,631,0.0416878236,1387.2433336610,259.6517515804
27.1511769000,632,0.0416780810,1387.2433336610,259.5808375722
27.1978094000,633,0.0416780810,1387.2433336610,259.5808375722
27.2443385000,634,0.0416780810,1387.2433336610,259.5808375722
27.2939571000,635,0.0416636357,1387.2433336610,259.4756937829
27.3438832000,636,0.0416305249,1387.2433336610,259.2346894085
27.3919267000,637,0.0416271793,1387.2433336610,259.2103370806
27.4371906000,638,0.0415934758,1387.2433336610,258.9650187405
27.4886583000,639,0.0415732046,1387.2433336610,258.8174696168
27.5382800000,640,0.0415074408,1387.2433336610,258.3387923074
27.5862485000,641,0.0415028503,1387.2433336610,258.3053790336
27.6313462000,642,0.0414985054,1387.2433336610,258.2737534579
27.6779175000,643,0.0414781761,1387.2433336610,258.1257819819
27.7216217000,644,0.0414603850,1387.2433336610,257.9962853301
27.7656675000,645,0.0414535020,1387.2433336610,257.9461855123
27.8115467000,646,0.0414535020,1387.2433336610,257.9461855123
27.8526306000,647,0.0414535020,1387.2433336610,257.9461855123
27.8962656000,648,0.0414471025,1387.2433336610,257.8996056269
27.9389511000,649,0.0414378562,1387.2433336610,257.8323040677
27.9833902000,650,0.0414373312,1387.2433336610,257.8284827608
28.0292942000,651,0.0413934985,1387.2433336610,257.5094361786
28.0749201000,652,0.0413934985,1387.2433336610,257.5094361786
28.1197550000,653,0.0413611539,1387.2433336610,257.2740081823
28.1652600000,654,0.0413611539,1387.2433336610,257.2740081823
28.2132323000,655,0.0413611539,1387.2433336610,257.2740081823
28.2593852000,656,0.0413611539,1387.2433336610,257.2740081823
28.3033194000,657,0.0413344731,1387.2433336610,257.0798052352
28.3503100000,658,0.0413344731,1387.2433336610,257.0798052352
28.3980268000,659,0.0413146160,1387.2433336610,256.9352711912
28.4446492000,660,0.0413115236,1387.2433336610,256.9127619148
28.4924046000,661,0.0412637606,1387.2433336610,256.5651078693
28.5384271000,662,0.0412637606,1387.2433336610,256.5651078693
28.5824586000,663,0.0412617613,1387.2433336610,256.5505551330
28.6314868000,664,0.0412617613,1387.2433336610,256.5505551330
28.6750661000,665,0.0412551441,1387.2433336610,256.5023902867
28.7219431000,666,0.0412427756,1387.2433336610,256.4123632271
28.7662749000,667,0.0412358367,1387.2433336610,256.3618569465
28.8106683000,668,0.0412343135,1387.2433336610,256.3507701797
28.8564359000,669,0.0412276505,1387.2433336610,256.3022717479
28.8986509000,670,0.0412276505,1387.2433336610,256.3022717479
28.9418399000,671,0.0412276505,1387.2433336610,256.3022717479
28.9872143000,672,0.0412275041,1387.2433336610,256.3012062713
29.0300968000,673,0.0412275041,1387.2433336610,256.3012062713
29.0778819000,674,0.0412166461,1387.2433336610,256.2221737109
29.1228418000,675,0.0412166461,1387.2433336610,256.2221737109
29.1693134000,676,0.0412166461,1387.2433336610,256.2221737109
29.2180092000,677,0.0412033966,1387.2433336610,256.1257338325
29.2651239000,678,0.0411954384,1387.2433336610,256.0678086584
29.3122528000,679,0.0411672388,1387.2433336610,255.8625511543
29.3610448000,680,0.0411564105,1387.2433336610,255.7837345781
29.4066239000,681,0.0411497180,1383.3056774790,255.8592986903
29.4535003000,682,0.0411297202,1387.2433336610,255.5894626368
29.4984666000,683,0.0411266752,1387.2433336610,255.5672990162
29.5425135000,684,0.0411133617,1383.3056774790,255.5946706495
29.5879596000,685,0.0411133617,1383.3056774790,255.5946706495
29.6352640000,686,0.0411133617,1383.3056774790,255.5946706495
29.6825006000,687,0.0411052881,1383.3056774790,255.5359046235
29.7312324000,688,0.0411052881,1383.3056774790,255.5359046235
29.7751278000,689,0.0410513078,1383.3056774790,255.1429962429
29.8207652000,690,0.0410511394,1383.3056774790,255.1417706310
29.8636952000,691,0.0410503863,1383.3056774790,255.1362893385
29.9090481000,692,0.0410176697,1383.3056774790,254.8981533377
29.9516773000,693,0.0409808220,1383.3056774790,254.6299488281
29.9950688000,694,0.0409773807,1383.3056774790,254.6049003009
30.0375386000,695,0.0409773807,1383.3056774790,254.6049003009
30.0813154000,696,0.0409773807,1383.3056774790,254.6049003009
30.1252045000,697,0.0409716468,1383.3056774790,254.5631650666
30.1741125000,698,0.0409716468,1383.3056774790,254.5631650666
30.2205739000,699,0.0409716468,1383.3056774790,254.5631650666
30.2686684000,700,0.0409716468,1383.3056774790,254.5631650666
30.3175866000,701,0.0409716468,1383.3056774790,254.5631650666
30.3658977000,702,0.0409259785,1383.3056774790,254.2307571633
30.4126509000,703,0.0409040408,1383.3056774790,254.0710787847
30.4601090000,704,0.0408438520,1372.1778060243,253.9841886566
30.5055231000,705,0.0408438520,1372.1778060243,253.9841886566
30.5535656000,706,0.0408438520,1372.1778060243,253.9841886566
30.5985723000,707,0.0408438520,1372.1778060243,253.9841886566
30.6476472000,708,0.0408438520,1372.1778060243,253.9841886566
30.6954558000,709,0.0408438520,1372.1778060243,253.9841886566
30.7397213000,710,0.0408340676,1372.1778060243,253.9129704996
30.7805545000,711,0.0407915434,1372.1778060243,253.6034476246
30.8287584000,712,0.0407806105,1372.1778060243,253.5238699308
30.8733589000,713,0.0407694719,1372.1778060243,253.4427953718
30.9189563000,714,0.0406943079,1372.1778060243,252.8956960813
30.9574409000,715,0.0406924392,1372.1778060243,252.8820939924
31.0022269000,716,0.0406659180,1372.1778060243,252.6890537058
31.0487843000,717,0.0406411906,1372.1778060243,252.5090691457
31.0966098000,718,0.0406213124,1372.1778060243,252.3643810838
31.1435271000,719,0.0406213124,1372.1778060243,252.3643810838
31.1901058000,720,0.0406213124,1372.1778060243,252.3643810838
31.2367857000,721,0.0406213124,1372.1778060243,252.3643810838
31.2837991000,722,0.0406213124,1372.1778060243,252.3643810838
31.3304411000,723,0.0405951456,1372.1778060243,252.1739193089
31.3770312000,724,0.0405725826,1372.1778060243,252.0096891544
31.4239398000,725,0.0405725826,1372.1778060243,252.0096891544
31.4706414000,726,0.0405478554,1372.1778060243,251.8297068566
31.5203701000,727,0.0405236546,1372.1778060243,251.6535555258
31.5665340000,728,0.0405197599,1372.1778060243,251.6252071585
31.6112934000,729,0.0404159265,1372.1778060243,250.8694303250
31.6578862000,730,0.0404159265,1372.1778060243,250.8694303250
31.7025270000,731,0.0404159265,1372.1778060243,250.8694303250
31.7502017000,732,0.0404159265,1372.1778060243,250.8694303250
31.7969617000,733,0.0404159265,1372.1778060243,250.8694303250
31.8427892000,734,0.0404045067,1372.1778060243,250.7863090640
31.8908142000,735,0.0403877142,1372.1778060243,250.6640810172
31.9369426000,736,0.0403863223,1372.1778060243,250.6539496073
31.9844472000,737,0.0403863223,1372.1778060243,250.6539496073
32.0312826000,738,0.0403520302,1366.9438142795,250.5695368665
32.0767965000,739,0.0403520302,1366.9438142795,250.5695368665
32.1216105000,740,0.0403334996,1366.9438142795,250.4346577634
32.1668267000,741,0.0403334996,1366.9438142795,250.4346577634
32.2096783000,742,0.0403334996,1366.9438142795,250.4346577634
32.2549818000,743,0.0403009020,1366.9438142795,250.1973881879
32.2993200000,744,0.0403009020,1366.9438142795,250.1973881879
32.3457192000,745,0.0403009020,1366.9438142795,250.1973881879
32.3895515000,746,0.0403009020,1366.9438142795,250.1973881879
32.4321842000,747,0.0402966485,1366.9438142795,250.1664280232
32.4734693000,748,0.0402957634,1366.9438142795,250.1599855939
32.5177963000,749,0.0402692512,1353.9916344776,250.3757961552
32.5631150000,750,0.0402676998,1353.9916344776,250.3645043289
32.6071922000,751,0.0402523567,1353.9916344776,250.2528257896
32.6545295000,752,0.0402491919,1353.9916344776,250.2297897701
32.7021364000,753,0.0402447769,1353.9916344776,250.1976545374
32.7462925000,754,0.0402173190,1353.9916344776,249.9977955479
32.7953116000,755,0.0401804378,1353.9916344776,249.7293470405
32.8414891000,756,0.0401804378,1353.9916344776,249.7293470405
32.8861673000,757,0.0401804378,1353.9916344776,249.7293470405
32.9277283000,758,0.0401721038,1353.9916344776,249.6686856464
32.9739257000,759,0.0401232766,1353.9916344776,249.3132852906
33.0184765000,760,0.0401232766,1353.9916344776,249.3132852906
33.0604249000,761,0.0401232766,1353.9916344776,249.3132852906
33.1036853000,762,0.0401232766,1353.9916344776,249.3132852906
33.1476368000,763,0.0400884430,1353.9916344776,249.0597408632
33.1943095000,764,0.0400884430,1353.9916344776,249.0597408632
33.2411190000,765,0.0400702052,1353.9916344776,248.9269925205
33.2881032000,766,0.0400702052,1353.9916344776,248.9269925205
33.3352961000,767,0.0400506698,1353.9916344776,248.7847995949
33.3811212000,768,0.0400506698,1353.9916344776,248.7847995949
33.4267719000,769,0.0400141756,1353.9916344776,248.5191677482
33.4702283000,770,0.0400141756,1353.9916344776,248.5191677482
33.5168941000,771,0.0400130687,1353.9916344776,248.5111107559
33.5590858000,772,0.0399834991,1353.9916344776,248.2958817491
33.6024547000,773,0.0399834991,1353.9916344776,248.2958817491
33.6489085000,774,0.0399572785,1353.9916344776,248.1050285216
33.6942336000,775,0.0399572785,1353.9916344776,248.1050285216
33.7419632000,776,0.0399304097,1353.9916344776,247.9094577273
33.7902671000,777,0.0399304097,1353.9916344776,247.9094577273
33.8397553000,778,0.0399304097,1353.9916344776,247.9094577273
33.8866453000,779,0.0399304097,1353.9916344776,247.9094577273
33.9298483000,780,0.0399180292,1353.9916344776,247.8193429870
33.9724432000,781,0.0399141509,1353.9916344776,247.7911140854
34.0165051000,782,0.0399133176,1353.9916344776,247.7850488802
34.0618508000,783,0.0399133176,1353.9916344776,247.7850488802
34.1044891000,784,0.0399133176,1353.9916344776,247.7850488802
34.1515640000,785,0.0399133176,1353.9916344776,247.7850488802
34.1962960000,786,0.0398985447,1353.9916344776,247.6775204420
34.2409227000,787,0.0398985447,1353.9916344776,247.6775204420
34.2816132000,788,0.0398917721,1353.9916344776,247.6282244551
34.3255332000,789,0.0398885373,1347.5538060243,247.8078645026
34.3728186000,790,0.0398358780,1342.6751680634,247.5785471333
34.4174058000,791,0.0398358780,1342.6751680634,247.5785471333
34.4610791000,792,0.0398117197,1342.6751680634,247.4027052498
34.5026055000,793,0.0398100599,1342.6751680634,247.3906237388
34.5451065000,794,0.0398100599,1342.6751680634,247.3906237388
34.5885378000,795,0.0398023595,1342.6751680634,247.3345745801
34.6311341000,796,0.0398023595,1342.6751680634,247.3345745801
34.6718253000,797,0.0397890744,1342.6751680634,247.2378757317
34.7156014000,798,0.0397884431,1342.6751680634,247.2332808409
34.7589186000,799,0.0397782270,1342.6751680634,247.1589203212
34.8035272000,800,0.0397735488,1342.6751680634,247.1248692938
34.8481545000,801,0.0397735488,1342.6751680634,247.1248692938
34.8943532000,802,0.0397609516,1347.5538060243,246.8792015434
34.9404153000,803,0.0396929746,1342.6751680634,246.5383903074
34.9841968000,804,0.0396566440,1342.6751680634,246.2739494544
35.0248976000,805,0.0396482871,1342.6751680634,246.2131221653
35.0694963000,806,0.0396070334,1342.6751680634,245.9128471788
35.1133329000,807,0.0395750945,1342.6751680634,245.6803723923
35.1544472000,808,0.0395750945,1342.6751680634,245.6803723923
35.1998748000,809,0.0395669215,1342.6751680634,245.6208826638
35.2398833000,810,0.0395602740,1342.6751680634,245.5724976447
35.2826475000,811,0.0395161517,1342.6751680634,245.2513431171
35.3256723000,812,0.0395161517,1342.6751680634,245.2513431171
35.3723127000,813,0.0394997818,1342.6751680634,245.1321904653
35.4162306000,814,0.0394997818,1342.6751680634,245.1321904653
35.4589996000,815,0.0394997818,1342.6751680634,245.1321904653
35.5048694000,816,0.0394997818,1342.6751680634,245.1321904653
35.5498529000,817,0.0394997818,1342.6751680634,245.1321904653
35.5948982000,818,0.0394997818,1342.6751680634,245.1321904653
35.6411385000,819,0.0394311696,1342.6751680634,244.6327804142
35.6876651000,820,0.0394311696,1342.6751680634,244.6327804142
35.7349783000,821,0.0394311696,1342.6751680634,244.6327804142
35.7834755000,822,0.0394122313,1342.6751680634,244.4949336278
35.8275759000,823,0.0394059189,1342.6751680634,244.4489874123
35.8714094000,824,0.0394059189,1342.6751680634,244.4489874123
35.9156212000,825,0.0393825033,1342.6751680634,244.2785507559
35.9592155000,826,0.0393666560,1342.6751680634,244.1632027986
36.0042949000,827,0.0393563997,1342.6751680634,244.0885497711
36.0485572000,828,0.0393563997,1342.6751680634,244.0885497711
36.0947051000,829,0.0393087603,1330.9336774790,244.1123699682
36.1420974000,830,0.0392881364,1330.9336774790,243.9622539509
36.1914292000,831,0.0392685882,1342.6751680634,243.4493929167
36.2386784000,832,0.0392685882,1342.6751680634,243.4493929167
36.2854612000,833,0.0392685882,1342.6751680634,243.4493929167
36.3327203000,834,0.0392685882,1342.6751680634,243.4493929167
36.3795091000,835,0.0392625985,1342.6751680634,243.4057957109
36.4270649000,836,0.0392625985,1342.6751680634,243.4057957109
36.4730983000,837,0.0392625985,1342.6751680634,243.4057957109
36.5182538000,838,0.0392625985,1342.6751680634,243.4057957109
36.5661764000,839,0.0392235166,1342.6751680634,243.1213281626
36.6105023000,840,0.0391978800,1342.6751680634,242.9347263393
36.6575058000,841,0.0391737887,1342.6751680634,242.7593718602
36.7047616000,842,0.0391718445,1342.6751680634,242.7452208614
36.7511355000,843,0.0391590840,1342.6751680634,242.6523405479
36.7976071000,844,0.0391590840,1342.6751680634,242.6523405479
36.8454118000,845,0.0391471088,1342.6751680634,242.5651761116
36.8933804000,846,0.0391471088,1342.6751680634,242.5651761116
36.9404372000,847,0.0391255861,1342.6751680634,242.4085176638
36.9883895000,848,0.0391242848,1342.6751680634,242.3990458583
37.0353824000,849,0.0391074214,1342.6751680634,242.2763019325
37.0772804000,850,0.0390936012,1342.6751680634,242.1757079523
37.1210644000,851,0.0390929134,1342.6751680634,242.1707017439
37.1664000000,852,0.0390929134,1342.6751680634,242.1707017439
37.2107318000,853,0.0390851789,1342.6751680634,242.1144046548
37.2555616000,854,0.0390605282,1342.6751680634,241.9349788760
37.2997516000,855,0.0390605282,1342.6751680634,241.9349788760
37.3481320000,856,0.0390491855,1342.6751680634,241.8524182333
37.3931130000,857,0.0389874431,1301.1216344776,242.7144887473
37.4417036000,858,0.0389874431,1301.1216344776,242.7144887473
37.4879689000,859,0.0389874431,1301.1216344776,242.7144887473
37.5354929000,860,0.0389874431,1301.1216344776,242.7144887473
37.5814180000,861,0.0389680393,1342.6751680634,241.2617760816
37.6242646000,862,0.0389680393,1342.6751680634,241.2617760816
37.6721391000,863,0.0389519491,1287.1438598234,242.8972923991
37.7219370000,864,0.0389417289,1342.6751680634,241.0702697677
37.7668600000,865,0.0389381297,1301.1216344776,242.3555497893
37.8095790000,866,0.0389104387,1301.1216344776,242.1539939376
37.8561035000,867,0.0388538405,1301.1216344776,241.7420303852
37.8980611000,868,0.0388538405,1301.1216344776,241.7420303852
37.9430721000,869,0.0388538405,1301.1216344776,241.7420303852
37.9898056000,870,0.0388432634,1287.1438598234,242.1061972258
38.0388930000,871,0.0388261152,1287.1438598234,241.9813801569
38.0855795000,872,0.0388239433,1287.1438598234,241.9655711952
38.1349282000,873,0.0388209123,1287.1438598234,241.9435093869
38.1863030000,874,0.0388209123,1287.1438598234,241.9435093869
38.2400815000,875,0.0388209123,1287.1438598234,241.9435093869
38.2895313000,876,0.0388094260,1287.1438598234,241.8599040527
38.3386305000,877,0.0387755118,1287.1438598234,241.6130514538
38.3886949000,878,0.0387480187,1287.1438598234,241.4129364202
38.4392132000,879,0.0387480187,1287.1438598234,241.4129364202
38.4905789000,880,0.0387480187,1287.1438598234,241.4129364202
38.5436377000,881,0.0387480187,1287.1438598234,241.4129364202
38.5879911000,882,0.0387480187,1287.1438598234,241.4129364202
38.6366210000,883,0.0387436903,1287.1438598234,241.3814312157
38.6883429000,884,0.0387436903,1287.1438598234,241.3814312157
38.7370567000,885,0.0387093550,1287.1438598234,241.1315131369
38.7846306000,886,0.0387093550,1287.1438598234,241.1315131369
38.8338359000,887,0.0386989186,1287.1438598234,241.0555495390
38.8819725000,888,0.0386371470,1287.1438598234,240.6059302892
38.9326074000,889,0.0386211008,1287.1438598234,240.4891339291
38.9804346000,890,0.0386090656,1287.1438598234,240.4015331487
39.0278585000,891,0.0386090656,1287.1438598234,240.4015331487
39.0770794000,892,0.0384457521,1287.1438598234,239.2128169251
39.1252970000,893,0.0384457521,1287.1438598234,239.2128169251
39.1818320000,894,0.0384339088,1287.1438598234,239.1266126349
39.2283513000,895,0.0383744115,1286.9374167727,238.7000624421
39.2739581000,896,0.0383744115,1286.9374167727,238.7000624421
39.3208314000,897,0.0383744115,1286.9374167727,238.7000624421
39.3535259000,898,0.0383653178,1286.9374167727,238.6338720519
39.3767664000,899,0.0383453214,1286.9374167727,238.4883232295
39.3988287000,900,0.0383453214,1286.9374167727,238.4883232295
39.4200802000,901,0.0382513681,1286.0385427207,237.8328319064
39.4429789000,902,0.0382513681,1286.0385427207,237.8328319064
39.4661830000,903,0.0382513681,1286.0385427207,237.8328319064
39.4910148000,904,0.0382513681,1286.0385427207,237.8328319064
39.5166546000,905,0.0382513681,1286.0385427207,237.8328319064
39.5545779000,906,0.0382513681,1286.0385427207,237.8328319064
39.6026599000,907,0.0382513681,1286.0385427207,237.8328319064
39.6511984000,908,0.0382513681,1286.0385427207,237.8328319064
39.6968594000,909,0.0382513681,1286.0385427207,237.8328319064
39.7463721000,910,0.0382492487,1286.0385427207,237.8174047479
39.7927335000,911,0.0382295707,1286.0385427207,237.6741741161
39.8403534000,912,0.0382218741,1286.9374167727,237.5897826175
39.8859160000,913,0.0382218741,1286.9374167727,237.5897826175
39.9274077000,914,0.0382084133,1286.0385427207,237.5201749413
39.9706529000,915,0.0382084133,1286.0385427207,237.5201749413
40.0138211000,916,0.0382081892,1286.0385427207,237.5185436436
40.0580920000,917,0.0381844494,1286.9374167727,237.3173783791
40.0999733000,918,0.0381324482,1286.0385427207,236.9672446987
40.1445880000,919,0.0381324482,1286.0385427207,236.9672446987
40.1873194000,920,0.0381324482,1286.0385427207,236.9672446987
40.2308237000,921,0.0381284819,1286.0385427207,236.9383753564
40.2726850000,922,0.0381284819,1286.0385427207,236.9383753564
40.3151950000,923,0.0381284819,1286.0385427207,236.9383753564
40.3611048000,924,0.0381268264,1286.0385427207,236.9263250495
40.4051402000,925,0.0381268264,1286.0385427207,236.9263250495
40.4488644000,926,0.0381264988,1286.0385427207,236.9239404475
40.4901110000,927,0.0381115787,1286.0385427207,236.8153409348
40.5312305000,928,0.0381115787,1286.0385427207,236.8153409348
40.5695670000,929,0.0381115787,1286.0385427207,236.8153409348
40.6078452000,930,0.0381112836,1286.0385427207,236.8131933687
40.6523039000,931,0.0381013429,1286.0385427207,236.7408376004
40.6965580000,932,0.0380760445,1279.8871199427,236.7508430231
40.7398748000,933,0.0380760445,1279.8871199427,236.7508430231
40.7821668000,934,0.0380760445,1279.8871199427,236.7508430231
40.8237104000,935,0.0380760445,1279.8871199427,236.7508430231
40.8682940000,936,0.0380386018,1281.0108644060,236.4428403891
40.9088067000,937,0.0380386018,1281.0108644060,236.4428403891
40.9501324000,938,0.0380386018,1281.0108644060,236.4428403891
40.9921280000,939,0.0380372311,1286.0385427207,236.2741844601
41.0349605000,940,0.0380347026,1286.0385427207,236.2557798642
41.0768158000,941,0.0380347026,1286.0385427207,236.2557798642
41.1172494000,942,0.0380347026,1286.0385427207,236.2557798642
41.1608700000,943,0.0380347026,1286.0385427207,236.2557798642
41.2007895000,944,0.0380315946,1286.0385427207,236.2331580682
41.2457978000,945,0.0380108491,1286.0385427207,236.0821568581
41.2905461000,946,0.0380108491,1286.0385427207,236.0821568581
41.3393818000,947,0.0380065046,1286.0385427207,236.0505339245
41.3850968000,948,0.0380065046,1286.0385427207,236.0505339245
41.4296944000,949,0.0380065046,1286.0385427207,236.0505339245
41.4738265000,950,0.0379896668,1286.0385427207,235.9279765614
41.5164733000,951,0.0379896668,1286.0385427207,235.9279765614
41.5585039000,952,0.0379645410,1286.0385427207,235.7450918132
41.5989683000,953,0.0379460516,1286.0385427207,235.6105124675
41.6419233000,954,0.0379460516,1286.0385427207,235.6105124675
41.6875965000,955,0.0378699083,1286.0385427207,235.0562852744
41.7434250000,956,0.0378699083,1286.0385427207,235.0562852744
41.7795676000,957,0.0378699083,1286.0385427207,235.0562852744
41.8289106000,958,0.0378645815,1286.0385427207,235.0175127997
41.8766387000,959,0.0378645815,1286.0385427207,235.0175127997
41.9203480000,960,0.0378541824,1286.0385427207,234.9418204181
41.9650336000,961,0.0378520734,1286.0385427207,234.9264696432
42.0064857000,962,0.0378520734,1286.0385427207,234.9264696432
42.0484887000,963,0.0378359746,1286.0385427207,234.8092908742
42.0913433000,964,0.0378359746,1286.0385427207,234.8092908742
42.1386659000,965,0.0378359746,1286.0385427207,234.8092908742
42.1892257000,966,0.0378163662,1286.0385427207,234.6665664667
42.2359389000,967,0.0378085277,1286.0385427207,234.6095120182
42.2852200000,968,0.0377820747,1286.0385427207,234.4169674987
42.3386252000,969,0.0377820747,1286.0385427207,234.4169674987
42.3947605000,970,0.0377820747,1286.0385427207,234.4169674987
42.4436843000,971,0.0377619434,1283.2665427207,234.3579244585
42.4929828000,972,0.0377569777,1283.2665427207,234.3217810281
42.5414208000,973,0.0377554148,1283.2665427207,234.3104048835
42.5891906000,974,0.0377554148,1283.2665427207,234.3104048835
42.6368223000,975,0.0377550201,1283.2665427207,234.3075317576
42.6853127000,976,0.0377535067,1283.2665427207,234.2965160030
42.7350359000,977,0.0377100789,1292.9547699687,233.6746448298
42.7865913000,978,0.0377100789,1292.9547699687,233.6746448298
42.8391029000,979,0.0377008092,1283.2665427207,233.9129445667
42.8884562000,980,0.0377008092,1283.2665427207,233.9129445667
42.9372995000,981,0.0377008092,1283.2665427207,233.9129445667
42.9827367000,982,0.0377008092,1283.2665427207,233.9129445667
43.0333624000,983,0.0376805236,1283.2665427207,233.7652916042
43.0818790000,984,0.0376769963,1283.2665427207,233.7396173141
43.1267774000,985,0.0376769963,1283.2665427207,233.7396173141
43.1820457000,986,0.0376769963,1283.2665427207,233.7396173141
43.2428907000,987,0.0376718801,1279.8871199427,233.8090359311
43.2964758000,988,0.0376528168,1283.2665427207,233.5636206902
43.3485824000,989,0.0376440165,1283.2665427207,233.4995657266
43.4002462000,990,0.0376440165,1283.2665427207,233.4995657266
43.4503730000,991,0.0376440165,1283.2665427207,233.4995657266
43.5040074000,992,0.0376440165,1283.2665427207,233.4995657266
43.5532630000,993,0.0375825309,1280.9282950878,233.1258258429
43.6009629000,994,0.0375825309,1280.9282950878,233.1258258429
43.6453808000,995,0.0375825309,1280.9282950878,233.1258258429
43.6915406000,996,0.0375825309,1280.9282950878,233.1258258429
43.7370772000,997,0.0375821867,1280.9282950878,233.1233202551
43.7843064000,998,0.0375765049,1280.9282950878,233.0819638987
43.8320009000,999,0.0375764172,1280.9282950878,233.0813259452
43.8812638000,1000,0.0375764172,1280.9282950878,233.0813259452
43.9256504000,1001,0.0375710807,1280.9282950878,233.0424828101
43.9737237000,1002,0.0375697529,1280.9282950878,233.0328184305
44.0192665000,1003,0.0375665750,1280.9282950878,233.0096873191
44.0658586000,1004,0.0375665750,1280.9282950878,233.0096873191
44.1128428000,1005,0.0375638714,1280.9282950878,232.9900081736
44.1565349000,1006,0.0375638714,1280.9282950878,232.9900081736
44.2054576000,1007,0.0375245600,1283.2665427207,232.6300731536
44.2552945000,1008,0.0375245600,1283.2665427207,232.6300731536
44.3041245000,1009,0.0375245600,1283.2665427207,232.6300731536
44.3503903000,1010,0.0375203171,1280.9282950878,232.6729876721
44.4004257000,1011,0.0375170387,1280.9282950878,232.6491254450
44.4470350000,1012,0.0375113100,1280.9282950878,232.6074273744
44.4933393000,1013,0.0374953322,1283.2665427207,232.4173314121
44.5411110000,1014,0.0374629316,1280.9282950878,232.2552939533
44.5883668000,1015,0.0374628561,1280.9282950878,232.2547442495
44.6329973000,1016,0.0374628561,1280.9282950878,232.2547442495
44.6799050000,1017,0.0374628561,1280.9282950878,232.2547442495
44.7279892000,1018,0.0374600024,1280.9282950878,232.2339732242
44.7765296000,1019,0.0374442758,1280.9282950878,232.1195028563
44.8243782000,1020,0.0374442758,1280.9282950878,232.1195028563
44.8689922000,1021,0.0374442758,1280.9282950878,232.1195028563
44.9153166000,1022,0.0374341235,1280.9282950878,232.0456071740
44.9619145000,1023,0.0374341235,1280.9282950878,232.0456071740
45.0104148000,1024,0.0374313149,1279.8871199427,232.0580247010
45.0577284000,1025,0.0374245427,1280.9282950878,231.9758709515
45.1049049000,1026,0.0373904589,1279.8871199427,231.7606445696
45.1491698000,1027,0.0373904589,1279.8871199427,231.7606445696
45.1954115000,1028,0.0373902462,1280.9282950878,231.7262355936
45.2440056000,1029,0.0373833667,1280.9282950878,231.6761614253
45.2913071000,1030,0.0373820173,1279.8871199427,231.6992004931
45.3385127000,1031,0.0373616615,1279.8871199427,231.5510362783
45.3874581000,1032,0.0373328930,1279.8871199427,231.3416376069
45.4373401000,1033,0.0373328930,1279.8871199427,231.3416376069
45.4866597000,1034,0.0373328930,1279.8871199427,231.3416376069
45.5356050000,1035,0.0373328930,1279.8871199427,231.3416376069
45.5843154000,1036,0.0373328930,1279.8871199427,231.3416376069
45.6367133000,1037,0.0373051489,1280.9282950878,231.1068346621
45.6960661000,1038,0.0373051489,1280.9282950878,231.1068346621
45.7565924000,1039,0.0373051489,1280.9282950878,231.1068346621
45.8021119000,1040,0.0373051489,1280.9282950878,231.1068346621
45.8461321000,1041,0.0373051489,1280.9282950878,231.1068346621
45.8933817000,1042,0.0373018340,1280.9282950878,231.0827064966
45.9442543000,1043,0.0373018340,1280.9282950878,231.0827064966
45.9964355000,1044,0.0373005157,1280.9282950878,231.0731109688
46.0426672000,1045,0.0373005157,1280.9282950878,231.0731109688
46.0897962000,1046,0.0373005157,1280.9282950878,231.0731109688
46.1359651000,1047,0.0372801631,1279.8871199427,230.9578301372
46.1799315000,1048,0.0372450157,1280.9282950878,230.6691411448
46.2279165000,1049,0.0372384150,1280.9282950878,230.6210965689
46.2754774000,1050,0.0372384150,1280.9282950878,230.6210965689
46.3206592000,1051,0.0372326765,1279.8871199427,230.6121879340
46.3688916000,1052,0.0372280712,1280.9282950878,230.5458067481
46.4157027000,1053,0.0372276367,1280.9282950878,230.5426440064
46.4618516000,1054,0.0372266399,1280.9282950878,230.5353882611
46.5068459000,1055,0.0372266399,1280.9282950878,230.5353882611
46.5548066000,1056,0.0372266399,1280.9282950878,230.5353882611
46.5998198000,1057,0.0372265739,1280.9282950878,230.5349082819
46.6478291000,1058,0.0372265739,1280.9282950878,230.5349082819
46.6954024000,1059,0.0372040593,1279.8871199427,230.4038910164
46.7437779000,1060,0.0372018079,1279.8871199427,230.3875031855
46.7933617000,1061,0.0372017717,1279.8871199427,230.3872399351
46.8428410000,1062,0.0372012853,1279.8871199427,230.3836992970
46.8861305000,1063,0.0371954282,1279.8871199427,230.3410673052
46.9320199000,1064,0.0371954282,1279.8871199427,230.3410673052
46.9768137000,1065,0.0371954282,1279.8871199427,230.3410673052
47.0222401000,1066,0.0371682410,1279.8871199427,230.1431785091
47.0666572000,1067,0.0371647122,1279.8871199427,230.1174934959
47.1114914000,1068,0.0371582550,1279.8871199427,230.0704934959
47.1585203000,1069,0.0371582550,1279.8871199427,230.0704934959
47.2047031000,1070,0.0371453051,1287.7823894131,229.7270508448
47.2503659000,1071,0.0371453051,1287.7823894131,229.7270508448
47.2931876000,1072,0.0371154489,1280.9282950878,229.7260580662
47.3373260000,1073,0.0370910351,1279.8871199427,229.5812173307
47.3823865000,1074,0.0370910351,1279.8871199427,229.5812173307
47.4266074000,1075,0.0370910351,1279.8871199427,229.5812173307
47.4664905000,1076,0.0370845780,1279.8871199427,229.5342173307
47.5092087000,1077,0.0370845780,1279.8871199427,229.5342173307
47.5528120000,1078,0.0370618667,1287.7823894131,229.1197241869
47.5981766000,1079,0.0370618667,1287.7823894131,229.1197241869
47.6431839000,1080,0.0370614628,1287.7823894131,229.1167841213
47.6898453000,1081,0.0370560354,1279.8871199427,229.3264634786
47.7363763000,1082,0.0370291353,1280.9282950878,229.0978038245
47.7854308000,1083,0.0370291353,1280.9282950878,229.0978038245
47.8298504000,1084,0.0370291353,1280.9282950878,229.0978038245
47.8745641000,1085,0.0370215213,1279.8871199427,229.0752444102
47.9191752000,1086,0.0370215213,1279.8871199427,229.0752444102
47.9625820000,1087,0.0370207652,1279.8871199427,229.0697411851
48.0080211000,1088,0.0370176559,1279.8871199427,229.0471093629
48.0561073000,1089,0.0370176559,1279.8871199427,229.0471093629
48.1159865000,1090,0.0370011481,1287.7823894131,228.6777696840
48.1743243000,1091,0.0369910610,1287.7823894131,228.6043483250
48.2272750000,1092,0.0369910610,1287.7823894131,228.6043483250
48.2754108000,1093,0.0369910610,1287.7823894131,228.6043483250
48.3225165000,1094,0.0369910610,1287.7823894131,228.6043483250
48.3726101000,1095,0.0369910610,1287.7823894131,228.6043483250
48.4178669000,1096,0.0369747503,1287.7823894131,228.4856269613
48.4603163000,1097,0.0369747503,1287.7823894131,228.4856269613
48.5066559000,1098,0.0369747503,1287.7823894131,228.4856269613
48.5560931000,1099,0.0369413352,1287.7823894131,228.2424066679
48.6016438000,1100,0.0369360291,1287.7823894131,228.2037849409
48.6479172000,1101,0.0369360291,1287.7823894131,228.2037849409
48.7002029000,1102,0.0369144616,1287.7823894131,228.0468009738
48.7452948000,1103,0.0369144616,1287.7823894131,228.0468009738
48.7910056000,1104,0.0369113289,1287.7823894131,228.0239987827
48.8403608000,1105,0.0369113289,1287.7823894131,228.0239987827
48.8932322000,1106,0.0369113289,1287.7823894131,228.0239987827
48.9509700000,1107,0.0369070722,1287.7823894131,227.9930158701
49.0019885000,1108,0.0369025111,1287.7823894131,227.9598167894
49.0581021000,1109,0.0368893662,1287.7823894131,227.8641384146
49.1093244000,1110,0.0368802105,1287.7823894131,227.7974963827
49.1562906000,1111,0.0368802105,1287.7823894131,227.7974963827
49.2037433000,1112,0.0368802105,1287.7823894131,227.7974963827
49.2517580000,1113,0.0368718310,1287.7823894131,227.7365043760
49.2975095000,1114,0.0368716864,1287.7823894131,227.7354513242
49.3469036000,1115,0.0368716864,1287.7823894131,227.7354513242
49.3959817000,1116,0.0368669045,1287.7823894131,227.7006449833
49.4396661000,1117,0.0368386289,1287.7823894131,227.4948349496
49.4795511000,1118,0.0368279350,1287.7823894131,227.4169966502
49.5247039000,1119,0.0368278806,1287.7823894131,227.4166007860
49.5692116000,1120,0.0368278806,1287.7823894131,227.4166007860
49.6153950000,1121,0.0368037104,1287.7823894131,227.2406718708
49.6590460000,1122,0.0367575402,1287.7823894131,226.9046109804
49.7028921000,1123,0.0367575402,1287.7823894131,226.9046109804
49.7474730000,1124,0.0367575402,1287.7823894131,226.9046109804
49.7914942000,1125,0.0367575402,1287.7823894131,226.9046109804
49.8388507000,1126,0.0367413766,1287.7823894131,226.7869606457
49.8854425000,1127,0.0367314920,1287.7823894131,226.7150132788
49.9350596000,1128,0.0366947419,1287.7823894131,226.4475185781
49.9866517000,1129,0.0366806582,1287.7823894131,226.3450073189
50.0491122000,1130,0.0366806582,1287.7823894131,226.3450073189
50.1001785000,1131,0.0366806582,1287.7823894131,226.3450073189
50.1459920000,1132,0.0366781253,1287.7823894131,226.3265706734
50.1895552000,1133,0.0366760623,1287.7823894131,226.3115547637
50.2474629000,1134,0.0366760623,1287.7823894131,226.3115547637
50.2915422000,1135,0.0366760623,1287.7823894131,226.3115547637
50.3348728000,1136,0.0366637586,1287.7823894131,226.2219992303
50.3947087000,1137,0.0366616135,1287.7823894131,226.2063855326
50.4436250000,1138,0.0366386256,1287.7823894131,226.0390626409
50.4924360000,1139,0.0366384601,1287.7823894131,226.0378586136
50.5401124000,1140,0.0366299409,1287.7823894131,225.9758490305
50.5892242000,1141,0.0366299409,1287.7823894131,225.9758490305
50.6363050000,1142,0.0366290774,1287.7823894131,225.9695642450
50.6808010000,1143,0.0366268955,1287.7823894131,225.9536823814
50.7280908000,1144,0.0366268955,1287.7823894131,225.9536823814
50.7752604000,1145,0.0366268955,1287.7823894131,225.9536823814
50.8220830000,1146,0.0366268094,1287.7823894131,225.9530561146
50.8704426000,1147,0.0366225332,1287.7823894131,225.9219304676
50.9175727000,1148,0.0366138453,1287.7823894131,225.8586932975
50.9657327000,1149,0.0366138453,1287.7823894131,225.8586932975
51.0131457000,1150,0.0366118567,1287.7823894131,225.8442188833
51.0614901000,1151,0.0366118567,1287.7823894131,225.8442188833
51.1102982000,1152,0.0366118567,1287.7823894131,225.8442188833
51.1601505000,1153,0.0366099720,1287.7823894131,225.8305012343
51.2087340000,1154,0.0366099720,1287.7823894131,225.8305012343
51.2561450000,1155,0.0365996280,1287.7823894131,225.7552092639
51.3047928000,1156,0.0365996280,1287.7823894131,225.7552092639
51.3630032000,1157,0.0365978172,1280.9282950878,225.9583522859
51.4151476000,1158,0.0365915392,1280.9282950878,225.9126565445
51.4688973000,1159,0.0365775996,1280.9282950878,225.8111937229
51.5274131000,1160,0.0365750957,1280.9282950878,225.7929685910
51.5783041000,1161,0.0365445536,1280.9282950878,225.5706603227
51.6280589000,1162,0.0365413937,1280.9282950878,225.5476603227
51.6740696000,1163,0.0365407411,1280.9282950878,225.5429104080
51.7199723000,1164,0.0365402082,1280.9282950878,225.5390313830
51.7679584000,1165,0.0365296682,1280.9282950878,225.4623135814
51.8123376000,1166,0.0365296682,1280.9282950878,225.4623135814
51.8670766000,1167,0.0365226662,1280.9282950878,225.4113476455
51.9022777000,1168,0.0365147229,1280.9282950878,225.3535311482
51.9406943000,1169,0.0365081876,1280.9282950878,225.3059620385
51.9800227000,1170,0.0365056401,1287.7823894131,225.0710964762
52.0248292000,1171,0.0365041424,1280.9282950878,225.2765180302
52.0756976000,1172,0.0364847332,1280.9282950878,225.1352438292
52.1254659000,1173,0.0364796297,1280.9282950878,225.0980968952
52.1848759000,1174,0.0364796297,1280.9282950878,225.0980968952
52.2400560000,1175,0.0364796297,1280.9282950878,225.0980968952
52.2880849000,1176,0.0364796297,1280.9282950878,225.0980968952
52.3380315000,1177,0.0364626257,1280.9282950878,224.9743292400
52.3874706000,1178,0.0364626257,1280.9282950878,224.9743292400
52.4365077000,1179,0.0364626257,1280.9282950878,224.9743292400
52.4818534000,1180,0.0364622451,1280.9282950878,224.9715587878
52.5230918000,1181,0.0364622451,1280.9282950878,224.9715587878
52.5647827000,1182,0.0364607885,1280.9282950878,224.9609563654
52.6242443000,1183,0.0364563603,1280.9282950878,224.9287244034
52.6689080000,1184,0.0364512108,1280.9282950878,224.8912428561
52.7277298000,1185,0.0364397484,1280.9282950878,224.8078108471
52.7740137000,1186,0.0364194144,1280.9282950878,224.6598051219
52.8209486000,1187,0.0363854352,1287.7823894131,224.1961560407
52.8650507000,1188,0.0363854352,1287.7823894131,224.1961560407
52.9135074000,1189,0.0363851865,1287.7823894131,224.1943459924
52.9566706000,1190,0.0363840414,1287.7823894131,224.1860109324
53.0116950000,1191,0.0363823019,1287.7823894131,224.1733501070
53.0531376000,1192,0.0363823019,1287.7823894131,224.1733501070
53.1029411000,1193,0.0363823019,1287.7823894131,224.1733501070
53.1536217000,1194,0.0363821083,1287.7823894131,224.1719404406
53.2022473000,1195,0.0363788580,1287.7823894131,224.1482826738
53.2478366000,1196,0.0363760424,1280.9282950878,224.3441115553
53.2960937000,1197,0.0363618387,1280.9282950878,224.2407263574
53.3517014000,1198,0.0363465888,1280.9282950878,224.1297263574
53.4088498000,1199,0.0363438407,1287.7823894131,223.8934009372
53.4618751000,1200,0.0363438407,1287.7823894131,223.8934009372
53.5020777000,1201,0.0363438407,1287.7823894131,223.8934009372
53.5615433000,1202,0.0363432227,1287.7823894131,223.8889028116
53.6091195000,1203,0.0363432227,1287.7823894131,223.8889028116
53.6661955000,1204,0.0363427758,1287.7823894131,223.8856498821
53.7201260000,1205,0.0363147372,1280.9282950878,223.8978870816
53.7722967000,1206,0.0363079349,1280.9282950878,223.8483749672
53.8228129000,1207,0.0363079349,1280.9282950878,223.8483749672
53.8733643000,1208,0.0363079349,1280.9282950878,223.8483749672
53.9269492000,1209,0.0362923342,1280.9282950878,223.7348219049
53.9790413000,1210,0.0362828368,1280.9282950878,223.6656926329
54.0281749000,1211,0.0362828368,1280.9282950878,223.6656926329
54.0814034000,1212,0.0362828368,1280.9282950878,223.6656926329
54.1398821000,1213,0.0362828368,1280.9282950878,223.6656926329
54.1933889000,1214,0.0362828368,1280.9282950878,223.6656926329
54.2437056000,1215,0.0362621516,1280.9282950878,223.5151302012
54.3054773000,1216,0.0362550081,1280.9282950878,223.4631346424
54.3581351000,1217,0.0362541747,1280.9282950878,223.4570688760
54.4012143000,1218,0.0362541747,1280.9282950878,223.4570688760
54.4472293000,1219,0.0362359901,1280.9282950878,223.3247073757
54.4945819000,1220,0.0362252460,1280.9282950878,223.2465040236
54.5385204000,1221,0.0362252460,1280.9282950878,223.2465040236
54.5907019000,1222,0.0362177045,1280.9282950878,223.1916113180
54.6429080000,1223,0.0362177045,1280.9282950878,223.1916113180
54.7030171000,1224,0.0362138754,1280.9282950878,223.1637407119
54.7439369000,1225,0.0362138754,1280.9282950878,223.1637407119
54.7892105000,1226,0.0362138754,1280.9282950878,223.1637407119
54.8328812000,1227,0.0362138754,1280.9282950878,223.1637407119
54.8778978000,1228,0.0362001725,1280.9282950878,223.0640010604
54.9312344000,1229,0.0361853007,1280.9282950878,222.9557525945
54.9759385000,1230,0.0361853007,1280.9282950878,222.9557525945
55.0346822000,1231,0.0361714273,1280.9282950878,222.8547720372
55.0703145000,1232,0.0361558767,1280.9282950878,222.7415834230
55.1060404000,1233,0.0361551019,1280.9282950878,222.7359434450
55.1629464000,1234,0.0361551019,1280.9282950878,222.7359434450
55.2154082000,1235,0.0361551019,1280.9282950878,222.7359434450
55.2613005000,1236,0.0361479856,1280.9282950878,222.6841460703
55.3097492000,1237,0.0361479856,1280.9282950878,222.6841460703
55.3612183000,1238,0.0361479856,1280.9282950878,222.6841460703
55.4016587000,1239,0.0361348631,1280.9282950878,222.5886310226
55.4454858000,1240,0.0361348016,1280.9282950878,222.5881828206
55.4866777000,1241,0.0361098158,1280.9282950878,222.4063177565
55.5368861000,1242,0.0361098158,1280.9282950878,222.4063177565
55.5867802000,1243,0.0361098158,1280.9282950878,222.4063177565
55.6375150000,1244,0.0360812962,1280.9282950878,222.1987313694
55.6801172000,1245,0.0360812962,1280.9282950878,222.1987313694
55.7190897000,1246,0.0360812962,1280.9282950878,222.1987313694
55.7636101000,1247,0.0360812962,1280.9282950878,222.1987313694
55.8043279000,1248,0.0360765654,1280.9282950878,222.1642967894
55.8391941000,1249,0.0360759221,1280.9282950878,222.1596147023
55.8820653000,1250,0.0360644228,1280.9282950878,222.0759140066
55.9355352000,1251,0.0360628928,1280.9282950878,222.0647774855
55.9795640000,1252,0.0360592182,1280.9282950878,222.0380310653
56.0396223000,1253,0.0360592182,1280.9282950878,222.0380310653
56.0974134000,1254,0.0360579612,1280.9282950878,222.0288820254
56.1574854000,1255,0.0360514340,1280.9282950878,221.9813724238
56.2102366000,1256,0.0360514340,1280.9282950878,221.9813724238
56.2689214000,1257,0.0360491251,1280.9282950878,221.9645661796
56.3158190000,1258,0.0360391298,1280.9282950878,221.8918133080
56.3678206000,1259,0.0360089412,1280.9282950878,221.6720778393
56.4255811000,1260,0.0360071771,1280.9282950878,221.6592377901
56.4833980000,1261,0.0360051030,1280.9282950878,221.6441408166
56.5359890000,1262,0.0360037779,1280.9282950878,221.6344957602
56.5983416000,1263,0.0360037779,1280.9282950878,221.6344957602
56.6517406000,1264,0.0360016389,1280.9282950878,221.6189266695
56.7150036000,1265,0.0360016389,1280.9282950878,221.6189266695
56.7754577000,1266,0.0360016389,1280.9282950878,221.6189266695
56.8343642000,1267,0.0360014550,1280.9282950878,221.6175881876
56.8928252000,1268,0.0360010509,1280.9282950878,221.6146466101
56.9529201000,1269,0.0360010509,1280.9282950878,221.6146466101
57.0103143000,1270,0.0359933833,1280.9282950878,221.5588362923
57.0682978000,1271,0.0359932371,1280.9282950878,221.5577724275
57.1244156000,1272,0.0359873114,1280.9282950878,221.5146407432
57.1750951000,1273,0.0359873114,1280.9282950878,221.5146407432
57.2228263000,1274,0.0359723093,1280.9282950878,221.4054438554
57.2769537000,1275,0.0359723093,1280.9282950878,221.4054438554
57.3287802000,1276,0.0359723093,1280.9282950878,221.4054438554
57.3794743000,1277,0.0359723093,1280.9282950878,221.4054438554
57.4325273000,1278,0.0359723093,1280.9282950878,221.4054438554
57.4845976000,1279,0.0359723093,1280.9282950878,221.4054438554
57.5377575000,1280,0.0359572765,1280.9282950878,221.2960243170
57.5920397000,1281,0.0359568466,1280.9282950878,221.2928954266
57.6457713000,1282,0.0359568466,1280.9282950878,221.2928954266
57.6981815000,1283,0.0359546664,1280.9282950878,221.2770263300
57.7504811000,1284,0.0359546664,1280.9282950878,221.2770263300
57.7981984000,1285,0.0359507447,1280.9282950878,221.2484813038
57.8445561000,1286,0.0359506788,1280.9282950878,221.2480013247
57.8916959000,1287,0.0359496908,1280.9282950878,221.2408102212
57.9400162000,1288,0.0359490342,1280.9282950878,221.2360304442
57.9805181000,1289,0.0359449924,1280.9282950878,221.2066112967
58.0259721000,1290,0.0359449924,1280.9282950878,221.2066112967
58.0748382000,1291,0.0359449924,1280.9282950878,221.2066112967
58.1262252000,1292,0.0359420062,1280.9282950878,221.1848758240
58.1767027000,1293,0.0359420062,1280.9282950878,221.1848758240
58.2298794000,1294,0.0359420062,1280.9282950878,221.1848758240
58.2766217000,1295,0.0359420062,1280.9282950878,221.1848758240
58.3337310000,1296,0.0359420062,1280.9282950878,221.1848758240
58.3994023000,1297,0.0359420062,1280.9282950878,221.1848758240
58.4548966000,1298,0.0359398966,1280.9282950878,221.1695205660
58.5062514000,1299,0.0359398966,1280.9282950878,221.1695205660
58.5596423000,1300,0.0359106603,1280.9282950878,220.9567168163
58.6147742000,1301,0.0359106603,1280.9282950878,220.9567168163
58.6693289000,1302,0.0358960128,1280.9282950878,220.8501015588
58.7221401000,1303,0.0358960128,1280.9282950878,220.8501015588
58.7726617000,1304,0.0358942927,1280.9282950878,220.8375816658
58.8227684000,1305,0.0358867207,1280.9282950878,220.7824667912
58.8714433000,1306,0.0358748819,1280.9282950878,220.6962955553
58.9174231000,1307,0.0358674773,1280.9282950878,220.6423994825
58.9640222000,1308,0.0358674773,1280.9282950878,220.6423994825
59.0140105000,1309,0.0358674773,1280.9282950878,220.6423994825
59.0641339000,1310,0.0358658087,1280.9282950878,220.6302541017
59.1154871000,1311,0.0358501838,1280.9282950878,220.5165247063
59.1619416000,1312,0.0358501838,1280.9282950878,220.5165247063
59.2069461000,1313,0.0358483610,1280.9282950878,220.5032570037
59.2558835000,1314,0.0358413776,1280.9282950878,220.4524268374
59.3011414000,1315,0.0358413776,1280.9282950878,220.4524268374
59.3482095000,1316,0.0358326745,1280.9282950878,220.3890787701
59.3961438000,1317,0.0358326745,1280.9282950878,220.3890787701
59.4464661000,1318,0.0358266423,1280.9282950878,220.3451719699
59.4958857000,1319,0.0358266423,1280.9282950878,220.3451719699
59.5465809000,1320,0.0358266423,1280.9282950878,220.3451719699
59.5946760000,1321,0.0358262377,1280.9282950878,220.3422269103
59.6477726000,1322,0.0358262377,1280.9282950878,220.3422269103
59.6975359000,1323,0.0358261088,1280.9282950878,220.3412890260
59.7499352000,1324,0.0358261088,1280.9282950878,220.3412890260
59.8005404000,1325,0.0358199320,1280.9282950878,220.2963294661
59.8504360000,1326,0.0358199320,1280.9282950878,220.2963294661
59.8994073000,1327,0.0358027576,1280.9282950878,220.1713215054
59.9450595000,1328,0.0358027576,1280.9282950878,220.1713215054
59.9935888000,1329,0.0358001450,1280.9282950878,220.1523051674
60.0440441000,1330,0.0357948759,1280.9282950878,220.1139531167
60.0927284000,1331,0.0357796083,1280.9282950878,220.0028241370
60.1423908000,1332,0.0357708461,1280.9282950878,219.9390457925
60.1933953000,1333,0.0357708461,1280.9282950878,219.9390457925
60.2410755000,1334,0.0357690626,1280.9282950878,219.9260645445
60.2877277000,1335,0.0357690626,1280.9282950878,219.9260645445
60.3368657000,1336,0.0357667667,1280.9282950878,219.9093532415
60.3854954000,1337,0.0357355461,1280.9282950878,219.6821069163
60.4318326000,1338,0.0357334024,1280.9282950878,219.6665031637
60.4779876000,1339,0.0357334024,1280.9282950878,219.6665031637
60.5253796000,1340,0.0357334024,1280.9282950878,219.6665031637
60.5704071000,1341,0.0357179469,1280.9282950878,219.5540070468
60.6129899000,1342,0.0357106178,1280.9282950878,219.5006600411
60.6572047000,1343,0.0357052473,1280.9282950878,219.4615695443
60.7022696000,1344,0.0356728274,1280.9282950878,219.2255933375
60.7481741000,1345,0.0356617576,1280.9282950878,219.1450198384
60.7941071000,1346,0.0356617576,1280.9282950878,219.1450198384
60.8430701000,1347,0.0356550158,1280.9282950878,219.0959474353
60.8921203000,1348,0.0356550158,1280.9282950878,219.0959474353
60.9402785000,1349,0.0356550158,1280.9282950878,219.0959474353
60.9856588000,1350,0.0356549268,1280.9282950878,219.0953001373
61.0326973000,1351,0.0356549268,1280.9282950878,219.0953001373
61.0805569000,1352,0.0356533297,1280.9282950878,219.0836753479
61.1272643000,1353,0.0356334043,1280.9282950878,218.9386431318
61.1713985000,1354,0.0356302735,1280.9282950878,218.9158547182
61.2142712000,1355,0.0356302735,1280.9282950878,218.9158547182
61.2623581000,1356,0.0356057994,1280.9282950878,218.7377145878
61.3039337000,1357,0.0356020091,1274.8162950878,218.9030279247
61.3520952000,1358,0.0356020091,1274.8162950878,218.9030279247
61.3979692000,1359,0.0355827137,1274.8162950878,218.7625811082
61.4450333000,1360,0.0355787010,1274.8162950878,218.7333740732
61.4915147000,1361,0.0355787010,1274.8162950878,218.7333740732
61.5369550000,1362,0.0355715111,1274.8162950878,218.6810407827
61.5818777000,1363,0.0355715111,1274.8162950878,218.6810407827
61.6276075000,1364,0.0355715111,1274.8162950878,218.6810407827
61.6729611000,1365,0.0355715111,1274.8162950878,218.6810407827
61.7202867000,1366,0.0355715111,1274.8162950878,218.6810407827
61.7653224000,1367,0.0355715111,1274.8162950878,218.6810407827
61.8129653000,1368,0.0355715111,1274.8162950878,218.6810407827
61.8596794000,1369,0.0355715111,1274.8162950878,218.6810407827
61.9060551000,1370,0.0355541534,1274.8162950878,218.5546987225
61.9544179000,1371,0.0355540687,1274.8162950878,218.5540818793
62.0020079000,1372,0.0355540687,1274.8162950878,218.5540818793
62.0506424000,1373,0.0355525821,1274.8162950878,218.5432610624
62.0956471000,1374,0.0355525821,1274.8162950878,218.5432610624
62.1421216000,1375,0.0355195001,1280.9282950878,218.1095640840
62.1872303000,1376,0.0355195001,1280.9282950878,218.1095640840
62.2320004000,1377,0.0354920635,1285.1665427207,217.7760964816
62.2763291000,1378,0.0354754329,1274.8162950878,217.9817126404
62.3213834000,1379,0.0354699767,1274.8162950878,217.9419983489
62.3679925000,1380,0.0354606672,1274.8162950878,217.8742371601
62.4170645000,1381,0.0354582518,1274.8162950878,217.8566561686
62.4667629000,1382,0.0354409205,1274.8162950878,217.7305059523
62.5158925000,1383,0.0354409205,1274.8162950878,217.7305059523
62.5606016000,1384,0.0354408466,1274.8162950878,217.7299681603
62.6054664000,1385,0.0354295193,1274.8162950878,217.6475195910
62.6495908000,1386,0.0354212990,1274.8162950878,217.5876862938
62.6927760000,1387,0.0354212990,1274.8162950878,217.5876862938
62.7373841000,1388,0.0354168257,1274.8162950878,217.5551258024
62.7856015000,1389,0.0354168257,1274.8162950878,217.5551258024
62.8312556000,1390,0.0354168257,1274.8162950878,217.5551258024
62.8783805000,1391,0.0354141834,1274.8988644060,217.5332871439
62.9258189000,1392,0.0354141834,1274.8988644060,217.5332871439
62.9775864000,1393,0.0354112476,1274.8988644060,217.5119182518
63.0282306000,1394,0.0353986750,1274.8988644060,217.4204055768
63.0744585000,1395,0.0353982973,1274.8988644060,217.4176569554
63.1252489000,1396,0.0353942751,1274.8988644060,217.3883800079
63.1765051000,1397,0.0353942751,1274.8988644060,217.3883800079
63.2257918000,1398,0.0353942751,1274.8988644060,217.3883800079
63.2729517000,1399,0.0353914492,1274.8988644060,217.3678112868
63.3175834000,1400,0.0353914492,1274.8988644060,217.3678112868
63.3648693000,1401,0.0353914492,1274.8988644060,217.3678112868
63.4112001000,1402,0.0353914492,1274.8988644060,217.3678112868
63.4564220000,1403,0.0353914492,1274.8988644060,217.3678112868
63.5005239000,1404,0.0353914492,1274.8988644060,217.3678112868
63.5447947000,1405,0.0353661902,1274.8162950878,217.1865633018
63.5908868000,1406,0.0353497079,1274.8162950878,217.0665933536
63.6359229000,1407,0.0353397296,1274.8162950878,216.9939634606
63.6796520000,1408,0.0353397296,1274.8162950878,216.9939634606
63.7238324000,1409,0.0353389053,1274.8162950878,216.9879638494
63.7678846000,1410,0.0353387314,1274.8162950878,216.9866980322
63.8143054000,1411,0.0353387314,1274.8162950878,216.9866980322
63.8591839000,1412,0.0353276996,1274.8162950878,216.9064002801
63.9080753000,1413,0.0353276996,1274.8162950878,216.9064002801
63.9568588000,1414,0.0353276996,1274.8162950878,216.9064002801
64.0070349000,1415,0.0353276996,1274.8162950878,216.9064002801
64.0564647000,1416,0.0353154428,1274.8162950878,216.8171865098
64.1033415000,1417,0.0353154428,1274.8162950878,216.8171865098
64.1532675000,1418,0.0352904345,1274.8162950878,216.6351575098
64.2023948000,1419,0.0352838120,1274.8162950878,216.5869545126
64.2510897000,1420,0.0352766908,1274.8162950878,216.5351211398
64.2990575000,1421,0.0352674128,1274.8162950878,216.4675883856
64.3488343000,1422,0.0352674128,1274.8162950878,216.4675883856
64.3954869000,1423,0.0352674128,1274.8162950878,216.4675883856
64.4417523000,1424,0.0352342093,1274.8162950878,216.2259089363
64.5011249000,1425,0.0352342093,1274.8162950878,216.2259089363
64.5613677000,1426,0.0352342093,1274.8162950878,216.2259089363
64.6139322000,1427,0.0352280924,1274.8162950878,216.1813858496
64.6603989000,1428,0.0352153816,1274.8162950878,216.0888674750
64.7071632000,1429,0.0352114897,1274.7678220224,216.0620688193
64.7547677000,1430,0.0352055812,1274.7678220224,216.0190624790
64.8008128000,1431,0.0352055812,1274.7678220224,216.0190624790
64.8462269000,1432,0.0351968068,1274.8162950878,215.9536663257
64.8934999000,1433,0.0351957263,1274.8162950878,215.9458016042
64.9389294000,1434,0.0351690196,1274.7678220224,215.7529402326
64.9853514000,1435,0.0351690196,1274.7678220224,215.7529402326
65.0332780000,1436,0.0351690196,1274.7678220224,215.7529402326
65.0806330000,1437,0.0351690196,1274.7678220224,215.7529402326
65.1278422000,1438,0.0351644711,1274.7678220224,215.7198324834
65.1765613000,1439,0.0351644711,1274.7678220224,215.7198324834
65.2224584000,1440,0.0351644711,1274.7678220224,215.7198324834
65.2691091000,1441,0.0351624649,1274.7678220224,215.7052303297
65.3143427000,1442,0.0351614921,1274.7678220224,215.6981491865
65.3643188000,1443,0.0351583031,1274.7678220224,215.6749372376
65.4132506000,1444,0.0351439391,1274.7678220224,215.5703857239
65.4587694000,1445,0.0351439391,1274.7678220224,215.5703857239
65.5020891000,1446,0.0351439391,1274.7678220224,215.5703857239
65.5471935000,1447,0.0351439391,1274.7678220224,215.5703857239
65.5944668000,1448,0.0351401568,1274.7678220224,215.5428556806
65.6423363000,1449,0.0351401568,1274.7678220224,215.5428556806
65.6906488000,1450,0.0351401568,1274.7678220224,215.5428556806
65.7324811000,1451,0.0351360409,1274.7678220224,215.5128968138
65.7785967000,1452,0.0351360409,1274.7678220224,215.5128968138
65.8233246000,1453,0.0351355472,1274.7678220224,215.5093035376
65.8687032000,1454,0.0351355472,1274.7678220224,215.5093035376
65.9143309000,1455,0.0351331140,1274.7678220224,215.4915927682
65.9592234000,1456,0.0351208153,1274.7678220224,215.4020738246
66.0065138000,1457,0.0351191969,1274.7678220224,215.3902938389
66.0539011000,1458,0.0350934126,1274.7678220224,215.2026165891
66.1019010000,1459,0.0350802001,1274.7678220224,215.1064459541
66.1473927000,1460,0.0350802001,1274.7678220224,215.1064459541
66.1927619000,1461,0.0350780019,1274.7678220224,215.0904463297
66.2422460000,1462,0.0350780019,1274.7678220224,215.0904463297
66.2914787000,1463,0.0350743064,1274.7678220224,215.0635472484
66.3374225000,1464,0.0350743064,1274.7678220224,215.0635472484
66.3833206000,1465,0.0350661490,1274.7678220224,215.0041717746
66.4327101000,1466,0.0350654016,1274.7678220224,214.9987321471
66.4797709000,1467,0.0350654016,1274.7678220224,214.9987321471
66.5286135000,1468,0.0350633410,1274.7678220224,214.9837336266
66.5759957000,1469,0.0350633410,1274.7678220224,214.9837336266
66.6226599000,1470,0.0350621592,1274.7678220224,214.9751312666
66.6725183000,1471,0.0350597477,1274.7678220224,214.9575783684
66.7203532000,1472,0.0350597477,1274.7678220224,214.9575783684
66.7635788000,1473,0.0350572081,1274.7678220224,214.9390934102
66.8085698000,1474,0.0350572081,1274.7678220224,214.9390934102
66.8543159000,1475,0.0350525845,1274.7678220224,214.9054392849
66.9070341000,1476,0.0350246244,1274.7678220224,214.7019252255
66.9541607000,1477,0.0350246244,1274.7678220224,214.7019252255
67.0021330000,1478,0.0350204324,1274.7678220224,214.6714128607
67.0455979000,1479,0.0350184208,1274.7678220224,214.6567707624
67.0901085000,1480,0.0350184208,1274.7678220224,214.6567707624
67.1340318000,1481,0.0350184208,1274.7678220224,214.6567707624
67.1787858000,1482,0.0350140898,1274.7678220224,214.6252464861
67.2241619000,1483,0.0350140898,1274.7678220224,214.6252464861
67.2666132000,1484,0.0350140898,1274.7678220224,214.6252464861
67.3125680000,1485,0.0350140898,1274.7678220224,214.6252464861
67.3605681000,1486,0.0350121567,1274.7678220224,214.6111758685
67.4058874000,1487,0.0350121567,1274.7678220224,214.6111758685
67.4529853000,1488,0.0350121567,1274.7678220224,214.6111758685
67.4998778000,1489,0.0350113714,1274.7678220224,214.6054602017
67.5489763000,1490,0.0350113714,1274.7678220224,214.6054602017
67.5940817000,1491,0.0350085185,1274.7678220224,214.5846946322
67.6389180000,1492,0.0350085185,1274.7678220224,214.5846946322
67.6854476000,1493,0.0350053602,1274.7678220224,214.5617059967
67.7311964000,1494,0.0349815692,1274.7678220224,214.3885380388
67.7756954000,1495,0.0349815692,1274.7678220224,214.3885380388
67.8210574000,1496,0.0349744725,1274.7678220224,214.3368826737
67.8666952000,1497,0.0349738171,1274.7678220224,214.3321123652
67.9111461000,1498,0.0349738171,1274.7678220224,214.3321123652
67.9543448000,1499,0.0349738171,1274.7678220224,214.3321123652
68.0020895000,1500,0.0349733946,1274.7678220224,214.3290368255
68.0463723000,1501,0.0349733946,1274.7678220224,214.3290368255
68.0926499000,1502,0.0349722172,1274.7678220224,214.3204672300
68.1404093000,1503,0.0349694373,1274.7678220224,214.3002328728
68.1842304000,1504,0.0349694347,1274.7678220224,214.3002141453
68.2310158000,1505,0.0349656733,1274.7678220224,214.2728359954
68.2783883000,1506,0.0349656733,1274.7678220224,214.2728359954
68.3242856000,1507,0.0349656733,1274.7678220224,214.2728359954
68.3724963000,1508,0.0349656733,1274.7678220224,214.2728359954
68.4166272000,1509,0.0349468973,1274.7678220224,214.1361701133
68.4592261000,1510,0.0349441979,1274.7678220224,214.1165217762
68.5077699000,1511,0.0349426511,1274.7678220224,214.1052627757
68.5567327000,1512,0.0349426511,1274.7678220224,214.1052627757
68.6040959000,1513,0.0349426511,1274.7678220224,214.1052627757
68.6498526000,1514,0.0349422820,1274.7678220224,214.1025766907
68.6963340000,1515,0.0349218913,1274.7678220224,213.9541576179
68.7453506000,1516,0.0349214612,1274.7678220224,213.9510274783
68.7899310000,1517,0.0349202379,1274.7678220224,213.9421229370
68.8393144000,1518,0.0349192937,1274.7678220224,213.9352505518
68.8871078000,1519,0.0349184228,1274.7678220224,213.9289119127
68.9394628000,1520,0.0349184228,1274.7678220224,213.9289119127
68.9893258000,1521,0.0349175543,1274.7678220224,213.9225901983
69.0399589000,1522,0.0349156801,1274.7678220224,213.9089479304
69.0931528000,1523,0.0349156801,1274.7678220224,213.9089479304
69.1405517000,1524,0.0349152377,1274.7678220224,213.9057282653
69.1876991000,1525,0.0349152377,1274.7678220224,213.9057282653
69.2340977000,1526,0.0349152377,1274.7678220224,213.9057282653
69.2826998000,1527,0.0349152377,1274.7678220224,213.9057282653
69.3317387000,1528,0.0349070692,1274.7678220224,213.8462716713
69.3839376000,1529,0.0349070692,1274.7678220224,213.8462716713
69.4360972000,1530,0.0349070692,1274.7678220224,213.8462716713
69.4866761000,1531,0.0349070692,1274.7678220224,213.8462716713
69.5379226000,1532,0.0348530925,1274.7678220224,213.4533892245
69.5874163000,1533,0.0348527495,1274.7678220224,213.4508932228
69.6365024000,1534,0.0348527495,1274.7678220224,213.4508932228
69.6855409000,1535,0.0348527495,1274.7678220224,213.4508932228
69.7327101000,1536,0.0348527495,1274.7678220224,213.4508932228
69.7806106000,1537,0.0348457741,1274.7678220224,213.4001206785
69.8270263000,1538,0.0348420905,1274.7678220224,213.3733088634
69.8738796000,1539,0.0348420905,1274.7678220224,213.3733088634
69.9190930000,1540,0.0348417469,1274.7678220224,213.3708080931
69.9628964000,1541,0.0348417469,1274.7678220224,213.3708080931
70.0076939000,1542,0.0348379128,1274.7678220224,213.3429004680
70.0528495000,1543,0.0348379128,1274.7678220224,213.3429004680
70.0977604000,1544,0.0348378138,1274.7678220224,213.3421797598
70.1447692000,1545,0.0348378138,1274.7678220224,213.3421797598
70.1882261000,1546,0.0348371714,1274.7678220224,213.3375035884
70.2311436000,1547,0.0348164855,1274.7678220224,213.1869366741
70.2761406000,1548,0.0348164855,1274.7678220224,213.1869366741
70.3209986000,1549,0.0348164855,1274.7678220224,213.1869366741
70.3675025000,1550,0.0348164855,1274.7678220224,213.1869366741
70.4130546000,1551,0.0348164855,1274.7678220224,213.1869366741
70.4610880000,1552,0.0348164855,1274.7678220224,213.1869366741
70.5116820000,1553,0.0348164855,1274.7678220224,213.1869366741
70.5619104000,1554,0.0348164855,1274.7678220224,213.1869366741
70.6117229000,1555,0.0348119192,1274.7678220224,213.1536997409
70.6615860000,1556,0.0347931635,1274.7678220224,213.0171817711
70.7085949000,1557,0.0347931276,1274.7678220224,213.0169202966
70.7594979000,1558,0.0347931276,1274.7678220224,213.0169202966
70.8098701000,1559,0.0347927700,1274.7678220224,213.0143178719
70.8600999000,1560,0.0347927700,1274.7678220224,213.0143178719
70.9086122000,1561,0.0347915550,1274.7678220224,213.0054741826
70.9565908000,1562,0.0347582408,1274.7678220224,212.7629888054
71.0043051000,1563,0.0347582408,1274.7678220224,212.7629888054
71.0516918000,1564,0.0347582408,1274.7678220224,212.7629888054
71.0986133000,1565,0.0347582408,1274.7678220224,212.7629888054
71.1484005000,1566,0.0347569275,1274.7678220224,212.7534292546
71.1925926000,1567,0.0347568615,1274.7678220224,212.7529492754
71.2389293000,1568,0.0347566330,1274.7678220224,212.7512860635
71.2836789000,1569,0.0347419715,1274.7678220224,212.6445684932
71.3296484000,1570,0.0347419715,1274.7678220224,212.6445684932
71.3767023000,1571,0.0347419715,1274.7678220224,212.6445684932
71.4223900000,1572,0.0347399877,1274.7678220224,212.6301291066
71.4749867000,1573,0.0346832229,1274.7678220224,212.2169528226
71.5244204000,1574,0.0346832229,1274.7678220224,212.2169528226
71.5711045000,1575,0.0346831566,1274.7678220224,212.2164703925
71.6218685000,1576,0.0346831566,1274.7678220224,212.2164703925
71.6727406000,1577,0.0346829930,1274.7678220224,212.2152800327
71.7197763000,1578,0.0346829930,1274.7678220224,212.2152800327
71.7660426000,1579,0.0346829930,1274.7678220224,212.2152800327
71.8112918000,1580,0.0346829930,1274.7678220224,212.2152800327
71.8588386000,1581,0.0346827631,1274.7678220224,212.2136064933
71.9056819000,1582,0.0346826972,1274.7678220224,212.2131265141
71.9502146000,1583,0.0346821237,1274.7678220224,212.2089526499
71.9929004000,1584,0.0346819222,1274.7678220224,212.2074854613
72.0390073000,1585,0.0346768763,1274.7678220224,212.1707578056
72.0834261000,1586,0.0346768763,1274.7678220224,212.1707578056
72.1281860000,1587,0.0346749159,1274.7678220224,212.1564885514
72.1763604000,1588,0.0346683269,1274.7678220224,212.1085291939
72.2219112000,1589,0.0346683269,1274.7678220224,212.1085291939
72.2627454000,1590,0.0346683269,1274.7678220224,212.1085291939
72.3080093000,1591,0.0346683269,1274.7678220224,212.1085291939
72.3513145000,1592,0.0346563995,1274.7678220224,212.0217122847
72.3973248000,1593,0.0346563995,1274.7678220224,212.0217122847
72.4399751000,1594,0.0346522824,1274.7678220224,211.9917455496
72.4857298000,1595,0.0346512580,1274.7678220224,211.9842890759
72.5342909000,1596,0.0346396597,1274.7771014964,211.8995753781
72.5796569000,1597,0.0346310179,1274.7678220224,211.8369667078
72.6293179000,1598,0.0346227835,1274.7678220224,211.7770307711
72.6789708000,1599,0.0346227835,1274.7678220224,211.7770307711
72.7285937000,1600,0.0346227835,1274.7678220224,211.7770307711
72.7764227000,1601,0.0346227835,1274.7678220224,211.7770307711
72.8233248000,1602,0.0345981995,1274.7678220224,211.5980898736
72.8698249000,1603,0.0345894831,1274.7678220224,211.5346452516
72.9156009000,1604,0.0345894831,1274.7678220224,211.5346452516
72.9608238000,1605,0.0345864279,1274.7678220224,211.5124077425
73.0091076000,1606,0.0345755347,1274.7678220224,211.4331186253
73.0575334000,1607,0.0345704637,1274.7678220224,211.3962083990
73.1059964000,1608,0.0345687496,1274.7678220224,211.3837321217
73.1567071000,1609,0.0345687496,1274.7678220224,211.3837321217
73.2028990000,1610,0.0345683333,1274.7678220224,211.3807016469
73.2502700000,1611,0.0345671736,1274.7678220224,211.3722602250
73.2976388000,1612,0.0345559411,1274.7678220224,211.2905018497
73.3430020000,1613,0.0345501953,1274.7678220224,211.2486798915
73.3891810000,1614,0.0345501953,1274.7678220224,211.2486798915
73.4385245000,1615,0.0345501953,1274.7678220224,211.2486798915
73.4870297000,1616,0.0345501953,1274.7678220224,211.2486798915
73.5351532000,1617,0.0345501953,1274.7678220224,211.2486798915
73.5823379000,1618,0.0345498949,1274.7678220224,211.2464935025
73.6269473000,1619,0.0345498949,1274.7678220224,211.2464935025
73.6754467000,1620,0.0345379386,1274.7678220224,211.1594663219
73.7243387000,1621,0.0345379386,1274.7678220224,211.1594663219
73.7701576000,1622,0.0345379386,1274.7678220224,211.1594663219
73.8149757000,1623,0.0345379386,1274.7678220224,211.1594663219
73.8629404000,1624,0.0345336553,1274.7678220224,211.1282895053
73.9062138000,1625,0.0345336553,1274.7678220224,211.1282895053
73.9505499000,1626,0.0345336553,1274.7678220224,211.1282895053
73.9984685000,1627,0.0344890558,1274.7678220224,210.8036613405
74.0436754000,1628,0.0344787531,1274.7678220224,210.7286712509
74.0891646000,1629,0.0344783880,1274.7678220224,210.7260132861
74.1328308000,1630,0.0344783880,1274.7678220224,210.7260132861
74.1782703000,1631,0.0344761721,1274.7678220224,210.7098843853
74.2222189000,1632,0.0344761014,1274.7678220224,210.7093698188
74.2651375000,1633,0.0344761014,1274.7678220224,210.7093698188
74.3089154000,1634,0.0344757433,1274.7678220224,210.7067637060
74.3549322000,1635,0.0344757433,1274.7678220224,210.7067637060
74.4010577000,1636,0.0344685119,1274.7678220224,210.6541277430
74.4479997000,1637,0.0344685119,1274.7678220224,210.6541277430
74.4912327000,1638,0.0344685119,1274.7678220224,210.6541277430
74.5384161000,1639,0.0344573458,1274.7678220224,210.5728528339
74.5841417000,1640,0.0344388655,1274.7678220224,210.4383391698
74.6280135000,1641,0.0344388655,1274.7678220224,210.4383391698
74.6723888000,1642,0.0344388655,1274.7678220224,210.4383391698
74.7161419000,1643,0.0344388655,1274.7678220224,210.4383391698
74.7626535000,1644,0.0344388655,1274.7678220224,210.4383391698
74.8068489000,1645,0.0344383955,1274.7678220224,210.4349184366
74.8519915000,1646,0.0344379586,1274.7678220224,210.4317383296
74.8953459000,1647,0.0344379586,1274.7678220224,210.4317383296
74.9378018000,1648,0.0344322764,1274.7678220224,210.3903788457
74.9842696000,1649,0.0344316120,1274.7678220224,210.3855431025
75.0285186000,1650,0.0344316120,1274.7678220224,210.3855431025
75.0786950000,1651,0.0344316120,1274.7678220224,210.3855431025
75.1285782000,1652,0.0344121283,1274.7678220224,210.2437262385
75.1748097000,1653,0.0343929625,1274.7678220224,210.1042234037
75.2199565000,1654,0.0343908016,1274.7678220224,210.0884948699
75.2653005000,1655,0.0343903729,1274.7678220224,210.0853741906
75.3115357000,1656,0.0343903729,1274.7678220224,210.0853741906
75.3578994000,1657,0.0343903729,1274.7678220224,210.0853741906
75.4041317000,1658,0.0343903729,1274.7678220224,210.0853741906
75.4505584000,1659,0.0343659849,1274.7678220224,209.9078609898
75.4942638000,1660,0.0343659849,1274.7678220224,209.9078609898
75.5437127000,1661,0.0343659849,1274.7678220224,209.9078609898
75.5878307000,1662,0.0343588408,1274.7678220224,209.8558609898
75.6353716000,1663,0.0343588408,1274.7678220224,209.8558609898
75.6797274000,1664,0.0343588408,1274.7678220224,209.8558609898
75.7228930000,1665,0.0343588408,1274.7678220224,209.8558609898
75.7654506000,1666,0.0343444693,1274.7678220224,209.7512541523
75.8108037000,1667,0.0343441574,1274.7678220224,209.7489841514
75.8611451000,1668,0.0343441574,1274.7678220224,209.7489841514
75.9100463000,1669,0.0343367553,1274.7678220224,209.6951059239
75.9585272000,1670,0.0343362870,1274.7678220224,209.6916975556
76.0050438000,1671,0.0343361236,1274.7678220224,209.6905082119
76.0527433000,1672,0.0342849583,1274.7678220224,209.3180890591
76.1017062000,1673,0.0342833131,1274.7678220224,209.3061144841
76.1518561000,1674,0.0342833131,1274.7678220224,209.3061144841
76.2000862000,1675,0.0342833131,1274.7678220224,209.3061144841
76.2491072000,1676,0.0342833131,1274.7678220224,209.3061144841
76.2970207000,1677,0.0342753181,1274.7678220224,209.2479205928
76.3445370000,1678,0.0342687387,1274.7678220224,209.2000311192
76.3952109000,1679,0.0342687387,1274.7678220224,209.2000311192
76.4418875000,1680,0.0342687387,1274.7678220224,209.2000311192
76.4894258000,1681,0.0342687387,1274.7678220224,209.2000311192
76.5369107000,1682,0.0342677977,1274.7678220224,209.1931819061
76.5842983000,1683,0.0342651810,1274.7678220224,209.1741355313
76.6450019000,1684,0.0342651810,1274.7678220224,209.1741355313
76.7076414000,1685,0.0342651810,1274.7678220224,209.1741355313
76.7526362000,1686,0.0342574024,1274.7678220224,209.1175172459
76.8004843000,1687,0.0342574024,1274.7678220224,209.1175172459
76.8480768000,1688,0.0342567433,1274.7678220224,209.1127193690
76.8949460000,1689,0.0342435446,1274.7678220224,209.0166497041
76.9425053000,1690,0.0342435446,1274.7678220224,209.0166497041
76.9880866000,1691,0.0342426016,1274.7678220224,209.0097859129
77.0356377000,1692,0.0341997358,1274.7678220224,208.6977770900
77.0849090000,1693,0.0341997358,1274.7678220224,208.6977770900
77.1377647000,1694,0.0341974969,1274.7678220224,208.6814802978
77.1854428000,1695,0.0341971767,1274.7678220224,208.6791498653
77.2345833000,1696,0.0341971767,1274.7678220224,208.6791498653
77.2826184000,1697,0.0341959626,1274.7678220224,208.6703131869
77.3325192000,1698,0.0341959626,1274.7678220224,208.6703131869
77.3822653000,1699,0.0341923439,1274.7678220224,208.6439734030
77.4326513000,1700,0.0341923439,1274.7678220224,208.6439734030
77.4800719000,1701,0.0341923439,1274.7678220224,208.6439734030
77.5298169000,1702,0.0341922780,1274.7678220224,208.6434934239
77.5780441000,1703,0.0341919243,1274.7678220224,208.6409187982
77.6289668000,1704,0.0341919243,1274.7678220224,208.6409187982
77.6805350000,1705,0.0341426991,1274.7678220224,208.2826217347
77.7290902000,1706,0.0341426991,1274.7678220224,208.2826217347
77.7774240000,1707,0.0341426991,1274.7678220224,208.2826217347
77.8249846000,1708,0.0340941494,1274.7678220224,207.9292413761
77.8714078000,1709,0.0340941494,1274.7678220224,207.9292413761
77.9189355000,1710,0.0340936803,1274.7678220224,207.9258269128
77.9662489000,1711,0.0340936803,1274.7678220224,207.9258269128
78.0124612000,1712,0.0340936803,1274.7678220224,207.9258269128
78.0583112000,1713,0.0340936803,1274.7678220224,207.9258269128
78.1039270000,1714,0.0340936803,1274.7678220224,207.9258269128
78.1543417000,1715,0.0340936803,1274.7678220224,207.9258269128
78.2034774000,1716,0.0340936803,1274.7678220224,207.9258269128
78.2541859000,1717,0.0340758036,1274.7678220224,207.7957066345
78.3016693000,1718,0.0340634337,1274.7678220224,207.7056698659
78.3502760000,1719,0.0340534711,1274.7678220224,207.6331542034
78.3971664000,1720,0.0340534711,1274.7678220224,207.6331542034
78.4464083000,1721,0.0340534711,1274.7678220224,207.6331542034
78.4944108000,1722,0.0340187798,1274.7678220224,207.3806458447
78.5433750000,1723,0.0340187798,1274.7678220224,207.3806458447
78.5893647000,1724,0.0340187798,1274.7678220224,207.3806458447
78.6378916000,1725,0.0340187798,1274.7678220224,207.3806458447
78.6867517000,1726,0.0339844292,1274.7678220224,207.1306167706
78.7354047000,1727,0.0339844096,1274.7678220224,207.1304735796
78.7855600000,1728,0.0339832608,1274.7678220224,207.1221120620
78.8310635000,1729,0.0339832608,1274.7678220224,207.1221120620
78.8763957000,1730,0.0339832608,1274.7678220224,207.1221120620
78.9200655000,1731,0.0339832608,1274.7678220224,207.1221120620
78.9640383000,1732,0.0339832608,1274.7678220224,207.1221120620
79.0100913000,1733,0.0339830255,1274.7678220224,207.1203993874
79.0558762000,1734,0.0339830255,1274.7678220224,207.1203993874
79.1035125000,1735,0.0339782839,1274.7678220224,207.0858862233
79.1507451000,1736,0.0339782839,1274.7678220224,207.0858862233
79.1997193000,1737,0.0339769195,1274.7678220224,207.0759556009
79.2465783000,1738,0.0339511082,1274.7678220224,206.8880818219
79.2953112000,1739,0.0339511082,1274.7678220224,206.8880818219
79.3432914000,1740,0.0339511082,1274.7678220224,206.8880818219
79.3916750000,1741,0.0339511082,1274.7678220224,206.8880818219
79.4390111000,1742,0.0339499618,1274.7678220224,206.8797373171
79.4832902000,1743,0.0339499618,1274.7678220224,206.8797373171
79.5307816000,1744,0.0339358483,1274.7678220224,206.7770090233
79.5788219000,1745,0.0339358483,1274.7678220224,206.7770090233
79.6245901000,1746,0.0339355301,1274.7678220224,206.7746926858
79.6726168000,1747,0.0339306110,1274.7678220224,206.7388879202
79.7189088000,1748,0.0339298328,1274.7678220224,206.7332239026
79.7647419000,1749,0.0339286285,1274.7678220224,206.7244576445
79.8141005000,1750,0.0339279257,1274.7678220224,206.7193422690
79.8613360000,1751,0.0339279257,1274.7678220224,206.7193422690
79.9065611000,1752,0.0339279257,1274.7678220224,206.7193422690
79.9528118000,1753,0.0339171351,1274.7678220224,206.6408000401
80.0022290000,1754,0.0339072072,1274.7678220224,206.5685380996
80.0511456000,1755,0.0338999954,1274.7678220224,206.5160448924
80.1001832000,1756,0.0338972897,1274.7678220224,206.4963507812
80.1471598000,1757,0.0338972897,1274.7678220224,206.4963507812
80.1916250000,1758,0.0338961659,1274.7678220224,206.4881710052
80.2375262000,1759,0.0338961659,1274.7678220224,206.4881710052
80.2803543000,1760,0.0338951960,1274.7678220224,206.4811116839
80.3240722000,1761,0.0338867246,1274.7678220224,206.4194506397
80.3683877000,1762,0.0338804778,1274.7678220224,206.3739811979
80.4129706000,1763,0.0338659315,1274.7678220224,206.2681029186
80.4537676000,1764,0.0338652887,1274.7678220224,206.2634240267
80.4974180000,1765,0.0338647343,1274.7678220224,206.2593887342
80.5433207000,1766,0.0338646672,1274.7678220224,206.2589006087
80.5875249000,1767,0.0338635652,1274.7678220224,206.2508791372
80.6324170000,1768,0.0338635652,1274.7678220224,206.2508791372
80.6790235000,1769,0.0338635652,1274.7678220224,206.2508791372
80.7233916000,1770,0.0338632115,1274.7678220224,206.2483045115
80.7673025000,1771,0.0338632115,1274.7678220224,206.2483045115
80.8124739000,1772,0.0338578815,1274.7678220224,206.2095088021
80.8573043000,1773,0.0338476611,1274.7678220224,206.1351171888
80.8997600000,1774,0.0338476611,1274.7678220224,206.1351171888
80.9442315000,1775,0.0338476611,1274.7678220224,206.1351171888
80.9912486000,1776,0.0338476611,1274.7678220224,206.1351171888
81.0354376000,1777,0.0338476611,1274.7678220224,206.1351171888
81.0825629000,1778,0.0338476611,1274.7678220224,206.1351171888
81.1291745000,1779,0.0338476611,1274.7678220224,206.1351171888
81.1737043000,1780,0.0338476611,1274.7678220224,206.1351171888
81.2199767000,1781,0.0338307235,1274.7678220224,206.0118330828
81.2685501000,1782,0.0338305702,1274.7678220224,206.0107170486
81.3155503000,1783,0.0338305702,1274.7678220224,206.0107170486
81.3650614000,1784,0.0338298871,1274.7678220224,206.0057448642
81.4121253000,1785,0.0337970684,1276.1298929026,205.7238778983
81.4588440000,1786,0.0337970684,1276.1298929026,205.7238778983
81.5099429000,1787,0.0337970684,1276.1298929026,205.7238778983
81.5565433000,1788,0.0337970684,1276.1298929026,205.7238778983
81.6016848000,1789,0.0337969401,1276.1298929026,205.7229440778
81.6518723000,1790,0.0337969401,1276.1298929026,205.7229440778
81.7023612000,1791,0.0337965683,1276.1298929026,205.7202374869
81.7489741000,1792,0.0337708076,1276.1298929026,205.5327325687
81.7945238000,1793,0.0337706134,1276.1298929026,205.5313187690
81.8410569000,1794,0.0337699538,1276.1298929026,205.5265175316
81.8878971000,1795,0.0337699538,1276.1298929026,205.5265175316
81.9339990000,1796,0.0337699538,1276.1298929026,205.5265175316
81.9804248000,1797,0.0337693848,1276.1298929026,205.5223758320
82.0272865000,1798,0.0337693848,1276.1298929026,205.5223758320
82.0747238000,1799,0.0337627414,1276.1298929026,205.4740206420
82.1239039000,1800,0.0337623877,1276.1298929026,205.4714460163
82.1712547000,1801,0.0337623877,1276.1298929026,205.4714460163
82.2199338000,1802,0.0337620249,1276.1298929026,205.4688053161
82.2695209000,1803,0.0337620249,1276.1298929026,205.4688053161
82.3181003000,1804,0.0337497342,1276.1298929026,205.3793445860
82.3677844000,1805,0.0337497342,1276.1298929026,205.3793445860
82.4176846000,1806,0.0337361265,1276.1298929026,205.2802976210
82.4665986000,1807,0.0337358837,1276.1298929026,205.2785300344
82.5314708000,1808,0.0337357315,1276.1298929026,205.2774228250
82.5927651000,1809,0.0337357315,1276.1298929026,205.2774228250
82.6438553000,1810,0.0337357315,1276.1298929026,205.2774228250
82.6931677000,1811,0.0337354258,1276.1298929026,205.2751974235
82.7417743000,1812,0.0337354258,1276.1298929026,205.2751974235
82.7934615000,1813,0.0337349421,1276.1298929026,205.2716767196
82.8425543000,1814,0.0337349421,1276.1298929026,205.2716767196
82.8907738000,1815,0.0337345134,1276.1298929026,205.2685560403
82.9412958000,1816,0.0337247699,1276.1298929026,205.1976357028
82.9866833000,1817,0.0337247699,1276.1298929026,205.1976357028
83.0336202000,1818,0.0337139678,1276.1298929026,205.1190099561
83.0774576000,1819,0.0337136911,1276.1298929026,205.1169964862
83.1195477000,1820,0.0337026531,1276.1298929026,205.0366537430
83.1643478000,1821,0.0337026531,1276.1298929026,205.0366537430
83.2092639000,1822,0.0337023765,1276.1298929026,205.0346402730
83.2582101000,1823,0.0337017587,1276.1298929026,205.0301433640
83.3033190000,1824,0.0337011926,1276.1298929026,205.0260229734
83.3507418000,1825,0.0337011926,1276.1298929026,205.0260229734
83.3993848000,1826,0.0336913555,1276.1298929026,204.9544209676
83.4445876000,1827,0.0336913555,1276.1298929026,204.9544209676
83.4890321000,1828,0.0336913555,1276.1298929026,204.9544209676
83.5363937000,1829,0.0336913555,1276.1298929026,204.9544209676
83.5833464000,1830,0.0336901743,1276.1298929026,204.9458232660
83.6331978000,1831,0.0336901743,1276.1298929026,204.9458232660
83.6825110000,1832,0.0336775303,1274.7678220224,204.8967794474
83.7323397000,1833,0.0336775303,1274.7678220224,204.8967794474
83.7785460000,1834,0.0336775303,1274.7678220224,204.8967794474
83.8246320000,1835,0.0336682246,1276.1298929026,204.7860574452
83.8695975000,1836,0.0336682246,1276.1298929026,204.7860574452
83.9188558000,1837,0.0336607116,1276.1298929026,204.7313720335
83.9650055000,1838,0.0336576138,1276.1298929026,204.7088241753
84.0143898000,1839,0.0336462916,1276.1298929026,204.6264125954
84.0628243000,1840,0.0336462916,1276.1298929026,204.6264125954
84.1090393000,1841,0.0336462916,1276.1298929026,204.6264125954
84.1557745000,1842,0.0336270212,1274.7678220224,204.5291372988
84.2037029000,1843,0.0336020434,1274.7678220224,204.3473303238
84.2498705000,1844,0.0336020434,1274.7678220224,204.3473303238
84.2965801000,1845,0.0336020434,1274.7678220224,204.3473303238
84.3433048000,1846,0.0336003851,1274.7678220224,204.3352599804
84.3915551000,1847,0.0335981798,1274.7678220224,204.3192080256
84.4420184000,1848,0.0335981798,1274.7678220224,204.3192080256
84.4919172000,1849,0.0335981798,1274.7678220224,204.3192080256
84.5437510000,1850,0.0335981798,1274.7678220224,204.3192080256
84.5919790000,1851,0.0335981798,1274.7678220224,204.3192080256
84.6409075000,1852,0.0335905242,1274.7678220224,204.2634853647
84.6879738000,1853,0.0335905242,1274.7678220224,204.2634853647
84.7342255000,1854,0.0335905242,1274.7678220224,204.2634853647
84.7822823000,1855,0.0335693972,1274.7678220224,204.1097068520
84.8295812000,1856,0.0335693972,1274.7678220224,204.1097068520
84.8732291000,1857,0.0335691582,1274.7678220224,204.1079678008
84.9170649000,1858,0.0335684931,1274.7678220224,204.1031268195
84.9607834000,1859,0.0335620767,1274.7678220224,204.0564232671
85.0064814000,1860,0.0335620264,1274.7678220224,204.0560571532
85.0507759000,1861,0.0335561595,1274.7678220224,204.0133530971
85.0945282000,1862,0.0335561595,1274.7678220224,204.0133530971
85.1410090000,1863,0.0335532227,1274.7678220224,203.9919774760
85.1865964000,1864,0.0335521729,1274.7678220224,203.9843362107
85.2313315000,1865,0.0335521729,1274.7678220224,203.9843362107
85.2787728000,1866,0.0335521729,1274.7678220224,203.9843362107
85.3284293000,1867,0.0335521729,1274.7678220224,203.9843362107
85.3737365000,1868,0.0335521729,1274.7678220224,203.9843362107
85.4177140000,1869,0.0335509523,1274.7678220224,203.9754515418
85.4659663000,1870,0.0335509523,1274.7678220224,203.9754515418
85.5124434000,1871,0.0335503756,1274.7678220224,203.9712536934
85.5568514000,1872,0.0335503756,1274.7678220224,203.9712536934
85.5989543000,1873,0.0335503756,1274.7678220224,203.9712536934
85.6448338000,1874,0.0335386795,1274.7678220224,203.8861210616
85.6957444000,1875,0.0335386795,1274.7678220224,203.8861210616
85.7435590000,1876,0.0335386795,1274.7678220224,203.8861210616
85.7927131000,1877,0.0335386130,1274.7678220224,203.8856370934
85.8431854000,1878,0.0335329681,1274.7678220224,203.8445491247
85.8920139000,1879,0.0335329681,1274.7678220224,203.8445491247
85.9381913000,1880,0.0335329681,1274.7678220224,203.8445491247
85.9888517000,1881,0.0335329681,1274.7678220224,203.8445491247
86.0319976000,1882,0.0335326310,1274.7678220224,203.8420953640
86.0806070000,1883,0.0335326310,1274.7678220224,203.8420953640
86.1282245000,1884,0.0335326310,1274.7678220224,203.8420953640
86.1776405000,1885,0.0335293972,1274.7678220224,203.8185576441
86.2325799000,1886,0.0335158671,1274.7678220224,203.7200759414
86.2817160000,1887,0.0335158671,1274.7678220224,203.7200759414
86.3317230000,1888,0.0334929646,1274.7678220224,203.5533744826
86.3829414000,1889,0.0334923281,1274.7678220224,203.5487417259
86.4296911000,1890,0.0334923281,1274.7678220224,203.5487417259
86.4771141000,1891,0.0334923281,1274.7678220224,203.5487417259
86.5257574000,1892,0.0334923281,1274.7678220224,203.5487417259
86.5805974000,1893,0.0334885718,1274.7678220224,203.5214002046
86.6302046000,1894,0.0334885718,1274.7678220224,203.5214002046
86.6796611000,1895,0.0334854850,1274.7678220224,203.4989321799
86.7291334000,1896,0.0334716751,1274.7678220224,203.3984136086
86.7783567000,1897,0.0334710386,1274.7678220224,203.3937808520
86.8238006000,1898,0.0334710386,1274.7678220224,203.3937808520
86.8698670000,1899,0.0334710386,1274.7678220224,203.3937808520
86.9167976000,1900,0.0334710386,1274.7678220224,203.3937808520
86.9601964000,1901,0.0334615305,1274.7678220224,203.3245736033
87.0085293000,1902,0.0334521428,1274.7678220224,203.2562432214
87.0506716000,1903,0.0334521428,1274.7678220224,203.2562432214
87.0942767000,1904,0.0334521428,1274.7678220224,203.2562432214
87.1382040000,1905,0.0334521428,1274.7678220224,203.2562432214
87.1830292000,1906,0.0334297972,1274.7678220224,203.0935955829
87.2282579000,1907,0.0334297972,1274.7678220224,203.0935955829
87.2775298000,1908,0.0334292087,1274.7678220224,203.0893115331
87.3245056000,1909,0.0334292087,1274.7678220224,203.0893115331
87.3735822000,1910,0.0334292087,1274.7678220224,203.0893115331
87.4202711000,1911,0.0334292087,1274.7678220224,203.0893115331
87.4654783000,1912,0.0334292087,1274.7678220224,203.0893115331
87.5138524000,1913,0.0334291608,1274.7678220224,203.0889628262
87.5620652000,1914,0.0334291608,1274.7678220224,203.0889628262
87.6077860000,1915,0.0334291608,1274.7678220224,203.0889628262
87.6548950000,1916,0.0334115270,1274.7678220224,202.9606115552
87.7021632000,1917,0.0334115270,1274.7678220224,202.9606115552
87.7492911000,1918,0.0334115270,1274.7678220224,202.9606115552
87.7955902000,1919,0.0334115270,1274.7678220224,202.9606115552
87.8439098000,1920,0.0334112756,1274.7678220224,202.9587812661
87.8890349000,1921,0.0334112756,1274.7678220224,202.9587812661
87.9356837000,1922,0.0333922027,1274.7678220224,202.8199550320
87.9803243000,1923,0.0333922027,1274.7678220224,202.8199550320
88.0287507000,1924,0.0333860278,1274.7678220224,202.7750095810
88.0760681000,1925,0.0333860278,1274.7678220224,202.7750095810
88.1194520000,1926,0.0333860278,1274.7678220224,202.7750095810
88.1678952000,1927,0.0333857764,1274.7678220224,202.7731792918
88.2182899000,1928,0.0333857764,1274.7678220224,202.7731792918
88.2689660000,1929,0.0333857764,1274.7678220224,202.7731792918
88.3164351000,1930,0.0333857764,1274.7678220224,202.7731792918
88.3659847000,1931,0.0333857764,1274.7678220224,202.7731792918
88.4137025000,1932,0.0333857764,1274.7678220224,202.7731792918
88.4596667000,1933,0.0333857764,1274.7678220224,202.7731792918
88.5062528000,1934,0.0333857764,1274.7678220224,202.7731792918
88.5535044000,1935,0.0333857764,1274.7678220224,202.7731792918
88.6000452000,1936,0.0333543844,1274.7678220224,202.5446854493
88.6493146000,1937,0.0333524544,1274.7678220224,202.5306374380
88.6993590000,1938,0.0333315432,1274.7678220224,202.3784299548
88.7488879000,1939,0.0333315432,1274.7678220224,202.3784299548
88.7991139000,1940,0.0333315432,1274.7678220224,202.3784299548
88.8477063000,1941,0.0333302276,1274.7678220224,202.3688542960
88.8944547000,1942,0.0333293377,1274.7678220224,202.3623772076
88.9367509000,1943,0.0333167487,1274.7678220224,202.2707450571
88.9799570000,1944,0.0333167487,1274.7678220224,202.2707450571
89.0266113000,1945,0.0333167487,1274.7678220224,202.2707450571
89.0728589000,1946,0.0332972700,1274.7678220224,202.1289647499
89.1184933000,1947,0.0332710541,1274.7678220224,201.9381457791
89.1665414000,1948,0.0332710541,1274.7678220224,201.9381457791
89.2166705000,1949,0.0332710541,1274.7678220224,201.9381457791
89.2697952000,1950,0.0332710541,1274.7678220224,201.9381457791
89.3203714000,1951,0.0332710541,1274.7678220224,201.9381457791
89.3711885000,1952,0.0332710541,1274.7678220224,201.9381457791
89.4209497000,1953,0.0332710541,1274.7678220224,201.9381457791
89.4712793000,1954,0.0332710541,1274.7678220224,201.9381457791
89.5192875000,1955,0.0332648033,1274.7678220224,201.8926481128
89.5687784000,1956,0.0332645519,1274.7678220224,201.8908178236
89.6124422000,1957,0.0332645519,1274.7678220224,201.8908178236
89.6575691000,1958,0.0332645519,1274.7678220224,201.8908178236
89.7055001000,1959,0.0332644950,1274.7678220224,201.8904041609
89.7520000000,1960,0.0332644950,1274.7678220224,201.8904041609
89.7981470000,1961,0.0332596321,1274.7678220224,201.8550078288
89.8408178000,1962,0.0332528693,1274.7678220224,201.8057836555
89.8848662000,1963,0.0332528693,1274.7678220224,201.8057836555
89.9253986000,1964,0.0332463018,1274.7678220224,201.7579803235
89.9688793000,1965,0.0332463018,1274.7678220224,201.7579803235
90.0138087000,1966,0.0332460503,1274.7678220224,201.7561500343
90.0563073000,1967,0.0332460503,1274.7678220224,201.7561500343
90.0992016000,1968,0.0332456942,1274.7678220224,201.7535573757
90.1456910000,1969,0.0331938744,1274.7678220224,201.3763747406
90.1923526000,1970,0.0331938744,1274.7678220224,201.3763747406
90.2389486000,1971,0.0331938744,1274.7678220224,201.3763747406
90.2846774000,1972,0.0331739781,1274.7678220224,201.2315550402
90.3337882000,1973,0.0331739781,1274.7678220224,201.2315550402
90.3815969000,1974,0.0331644718,1274.7678220224,201.1623614145
90.4332221000,1975,0.0331583891,1274.7678220224,201.1180867078
90.4814008000,1976,0.0331583891,1274.7678220224,201.1180867078
90.5310227000,1977,0.0331583891,1274.7678220224,201.1180867078
90.5794893000,1978,0.0331580897,1274.7678220224,201.1159077118
90.6248961000,1979,0.0331580897,1274.7678220224,201.1159077118
90.6730604000,1980,0.0331580897,1274.7678220224,201.1159077118
90.7205020000,1981,0.0331524564,1274.7678220224,201.0749044854
90.7693547000,1982,0.0331512197,1274.7678220224,201.0659027623
90.8174457000,1983,0.0331403743,1274.7678220224,200.9869615342
90.8662114000,1984,0.0331255821,1274.7678220224,200.8792932445
90.9143902000,1985,0.0331255821,1274.7678220224,200.8792932445
90.9643437000,1986,0.0331255821,1274.7678220224,200.8792932445
91.0156332000,1987,0.0331243004,1274.7678220224,200.8699639654
91.0643406000,1988,0.0331243004,1274.7678220224,200.8699639654
91.1100822000,1989,0.0331243004,1274.7678220224,200.8699639654
91.1579448000,1990,0.0331243004,1274.7678220224,200.8699639654
91.2048184000,1991,0.0331243004,1274.7678220224,200.8699639654
91.2539433000,1992,0.0331123285,1274.7678220224,200.7828240197
91.3025641000,1993,0.0331123285,1274.7678220224,200.7828240197
91.3488676000,1994,0.0331123285,1274.7678220224,200.7828240197
91.3992203000,1995,0.0331123285,1274.7678220224,200.7828240197
91.4418496000,1996,0.0330917638,1274.7678220224,200.6331388575
91.4857764000,1997,0.0330904396,1274.7678220224,200.6235000851
91.5311589000,1998,0.0330742835,1274.7678220224,200.5059037993
91.5742329000,1999,0.0330714340,1274.7678220224,200.4851633865
91.6185500000,2000,0.0330660878,1274.7678220224,200.4462497013
91.6619147000,2001,0.0330660878,1274.7678220224,200.4462497013
91.7074803000,2002,0.0330660878,1274.7678220224,200.4462497013
91.7487299000,2003,0.0330625897,1274.7678220224,200.4207877348
91.7950742000,2004,0.0330625897,1274.7678220224,200.4207877348
91.8422109000,2005,0.0330600666,1274.7678220224,200.4024231187
91.8872316000,2006,0.0330600666,1274.7678220224,200.4024231187
91.9314940000,2007,0.0330600666,1274.7678220224,200.4024231187
91.9737649000,2008,0.0330597673,1274.7678220224,200.4002441227
92.0186430000,2009,0.0330587708,1274.7678220224,200.3929910764
92.0626630000,2010,0.0330587708,1274.7678220224,200.3929910764
92.1106422000,2011,0.0330587708,1274.7678220224,200.3929910764
92.1574749000,2012,0.0330587708,1274.7678220224,200.3929910764
92.2022351000,2013,0.0330541148,1274.7678220224,200.3591017382
92.2499459000,2014,0.0330402640,1274.7678220224,200.2582853569
92.2957380000,2015,0.0330402640,1274.7678220224,200.2582853569
92.3445539000,2016,0.0330402640,1274.7678220224,200.2582853569
92.3902536000,2017,0.0330402640,1274.7678220224,200.2582853569
92.4381742000,2018,0.0330259588,1274.7678220224,200.1541609947
92.4861473000,2019,0.0330258540,1274.7678220224,200.1533986252
92.5365720000,2020,0.0330258540,1274.7678220224,200.1533986252
92.5836161000,2021,0.0330258540,1274.7678220224,200.1533986252
92.6326279000,2022,0.0330256594,1274.7678220224,200.1519819987
92.6810411000,2023,0.0330256594,1274.7678220224,200.1519819987
92.7292291000,2024,0.0330256594,1274.7678220224,200.1519819987
92.7765794000,2025,0.0330010735,1274.7678220224,199.9730273866
92.8256522000,2026,0.0330010735,1274.7678220224,199.9730273866
92.8741135000,2027,0.0329992362,1274.7678220224,199.9596545305
92.9191343000,2028,0.0329928699,1274.7678220224,199.9133160441
92.9620788000,2029,0.0329928699,1274.7678220224,199.9133160441
93.0103425000,2030,0.0329928699,1274.7678220224,199.9133160441
93.0575307000,2031,0.0329833856,1274.7678220224,199.8442820330
93.1053907000,2032,0.0329816610,1274.7678220224,199.8317291824
93.1534558000,2033,0.0329815483,1274.7678220224,199.8309091768
93.1994994000,2034,0.0329815483,1274.7678220224,199.8309091768
93.2458274000,2035,0.0329799073,1274.7678220224,199.8189646575
93.2911285000,2036,0.0329799073,1274.7678220224,199.8189646575
93.3367831000,2037,0.0329720756,1274.7678220224,199.7619593504
93.3845170000,2038,0.0329502319,1274.7678220224,199.6029647978
93.4341448000,2039,0.0329502319,1274.7678220224,199.6029647978
93.4796784000,2040,0.0329502319,1274.7678220224,199.6029647978
93.5275723000,2041,0.0329501192,1274.7678220224,199.6021447922
93.5734760000,2042,0.0329501192,1274.7678220224,199.6021447922
93.6198810000,2043,0.0329501192,1274.7678220224,199.6021447922
93.6688139000,2044,0.0329499474,1274.7678220224,199.6008938321
93.7135838000,2045,0.0329499474,1274.7678220224,199.6008938321
93.7584237000,2046,0.0329499474,1274.7678220224,199.6008938321
93.8041841000,2047,0.0329496698,1274.7678220224,199.5988735556
93.8496898000,2048,0.0329496698,1274.7678220224,199.5988735556
93.8956952000,2049,0.0329361773,1274.7678220224,199.5006654849
93.9395674000,2050,0.0329328802,1274.7678220224,199.4766664814
93.9840828000,2051,0.0329328802,1274.7678220224,199.4766664814
94.0305456000,2052,0.0329328802,1274.7678220224,199.4766664814
94.0783442000,2053,0.0329328802,1274.7678220224,199.4766664814
94.1235365000,2054,0.0329300707,1274.7678220224,199.4562167262
94.1696050000,2055,0.0329300707,1274.7678220224,199.4562167262
94.2153938000,2056,0.0329300707,1274.7678220224,199.4562167262
94.2616728000,2057,0.0329300707,1274.7678220224,199.4562167262
94.3061625000,2058,0.0329300707,1274.7678220224,199.4562167262
94.3538574000,2059,0.0329052786,1274.7678220224,199.2757618112
94.4024446000,2060,0.0329052786,1274.7678220224,199.2757618112
94.4481367000,2061,0.0329037976,1274.7678220224,199.2649816138
94.4941697000,2062,0.0329020115,1274.7678220224,199.2519816138
94.5419650000,2063,0.0329020115,1274.7678220224,199.2519816138
94.5875326000,2064,0.0329020115,1274.7678220224,199.2519816138
94.6322347000,2065,0.0329020115,1274.7678220224,199.2519816138
94.6787990000,2066,0.0329020115,1274.7678220224,199.2519816138
94.7222064000,2067,0.0329020115,1274.7678220224,199.2519816138
94.7708584000,2068,0.0329019866,1274.7678220224,199.2517997484
94.8213650000,2069,0.0328882522,1274.7678220224,199.1518309453
94.8685152000,2070,0.0328758928,1274.7678220224,199.0618699181
94.9155109000,2071,0.0328755981,1274.7678220224,199.0597250329
94.9620478000,2072,0.0328755981,1274.7678220224,199.0597250329
95.0103103000,2073,0.0328729340,1274.7678220224,199.0403338076
95.0527993000,2074,0.0328728102,1274.7678220224,199.0394328672
95.0965452000,2075,0.0328728102,1274.7678220224,199.0394328672
95.1410825000,2076,0.0328721631,1274.7678220224,199.0347222449
95.1863668000,2077,0.0328721631,1274.7678220224,199.0347222449
95.2369472000,2078,0.0328721631,1274.7678220224,199.0347222449
95.2859340000,2079,0.0328721631,1274.7678220224,199.0347222449
95.3358114000,2080,0.0328679566,1274.7678220224,199.0041046469
95.3848497000,2081,0.0328646715,1274.7678220224,198.9801928865
95.4307406000,2082,0.0328604530,1274.7678220224,198.9494876988
95.4791191000,2083,0.0328604530,1274.7678220224,198.9494876988
95.5282827000,2084,0.0328565981,1274.7678220224,198.9214286486
95.5748655000,2085,0.0328565981,1274.7678220224,198.9214286486
95.6192408000,2086,0.0328565981,1274.7678220224,198.9214286486
95.6657275000,2087,0.0328563350,1274.7678220224,198.9195140872
95.7158529000,2088,0.0328556841,1274.7678220224,198.9147765434
95.7627629000,2089,0.0328556841,1274.7678220224,198.9147765434
95.8117339000,2090,0.0328556841,1274.7678220224,198.9147765434
95.8631622000,2091,0.0328429869,1274.7678220224,198.8223569375
95.9107698000,2092,0.0328429869,1274.7678220224,198.8223569375
95.9544398000,2093,0.0328429869,1274.7678220224,198.8223569375
96.0038618000,2094,0.0328398053,1274.7678220224,198.7991987346
96.0514723000,2095,0.0328398053,1274.7678220224,198.7991987346
96.0981637000,2096,0.0328398053,1274.7678220224,198.7991987346
96.1415898000,2097,0.0328308183,1274.7678220224,198.7337847643
96.1866911000,2098,0.0328308183,1274.7678220224,198.7337847643
96.2310282000,2099,0.0328304621,1274.7678220224,198.7311921056
96.2763203000,2100,0.0328304621,1274.7678220224,198.7311921056
96.3228184000,2101,0.0328304621,1274.7678220224,198.7311921056
96.3701933000,2102,0.0328304621,1274.7678220224,198.7311921056
96.4170131000,2103,0.0327650869,1274.7678220224,198.2553428252
96.4618671000,2104,0.0327479102,1274.7678220224,198.1303184219
96.5139440000,2105,0.0327479102,1274.7678220224,198.1303184219
96.5582552000,2106,0.0327479102,1274.7678220224,198.1303184219
96.6018578000,2107,0.0327479102,1274.7678220224,198.1303184219
96.6488156000,2108,0.0327470750,1274.7678220224,198.1242389908
96.6976633000,2109,0.0327470750,1274.7678220224,198.1242389908
96.7486238000,2110,0.0327470750,1274.7678220224,198.1242389908
96.7955195000,2111,0.0327470750,1274.7678220224,198.1242389908
96.8441209000,2112,0.0327455557,1274.7678220224,198.1131805201
96.8903348000,2113,0.0327407475,1274.7678220224,198.0781827884
96.9401566000,2114,0.0327407475,1274.7678220224,198.0781827884
96.9888290000,2115,0.0327407475,1274.7678220224,198.0781827884
97.0378229000,2116,0.0327392282,1274.7678220224,198.0671243177
97.0842171000,2117,0.0327392282,1274.7678220224,198.0671243177
97.1317456000,2118,0.0327330548,1274.7678220224,198.0221899925
97.1781349000,2119,0.0327326037,1274.7678220224,198.0189058815
97.2273398000,2120,0.0327293788,1274.7678220224,197.9954326892
97.2781929000,2121,0.0327270785,1274.7678220224,197.9786896033
97.3281759000,2122,0.0327270785,1274.7678220224,197.9786896033
97.3746255000,2123,0.0327270785,1274.7678220224,197.9786896033
97.4260822000,2124,0.0327262353,1274.7678220224,197.9725523250
97.4753409000,2125,0.0327259871,1274.7678220224,197.9707459707
97.5251202000,2126,0.0327259871,1274.7678220224,197.9707459707
97.5732159000,2127,0.0327259871,1274.7678220224,197.9707459707
97.6207624000,2128,0.0327259871,1274.7678220224,197.9707459707
97.6709744000,2129,0.0327259871,1274.7678220224,197.9707459707
97.7185663000,2130,0.0327051955,1274.7678220224,197.8194088642
97.7673565000,2131,0.0326999196,1274.7678220224,197.7810071460
97.8164424000,2132,0.0326994106,1274.7678220224,197.7773020749
97.8639711000,2133,0.0326994106,1274.7678220224,197.7773020749
97.9101292000,2134,0.0326994106,1274.7678220224,197.7773020749
97.9576464000,2135,0.0326994106,1274.7678220224,197.7773020749
98.0049603000,2136,0.0326994106,1274.7678220224,197.7773020749
98.0504788000,2137,0.0326990635,1274.7678220224,197.7747757038
98.0960689000,2138,0.0326986296,1274.7678220224,197.7716174596
98.1425523000,2139,0.0326986296,1274.7678220224,197.7716174596
98.1865905000,2140,0.0326986296,1274.7678220224,197.7716174596
98.2316916000,2141,0.0326986296,1274.7678220224,197.7716174596
98.2784583000,2142,0.0326829508,1274.7678220224,197.6574960084
98.3259992000,2143,0.0326826663,1274.7678220224,197.6554250427
98.3740624000,2144,0.0326822844,1274.7678220224,197.6526453705
98.4238179000,2145,0.0326822844,1274.7678220224,197.6526453705
98.4708744000,2146,0.0326822844,1274.7678220224,197.6526453705
98.5179669000,2147,0.0326822844,1274.7678220224,197.6526453705
98.5604896000,2148,0.0326814725,1274.7678220224,197.6467358815
98.6077131000,2149,0.0326742305,1274.7678220224,197.5940230593
98.6504764000,2150,0.0326700196,1274.7678220224,197.5633730581
98.6948473000,2151,0.0326700196,1274.7678220224,197.5633730581
98.7402416000,2152,0.0326043442,1274.7678220224,197.0853387974
98.7877111000,2153,0.0325926847,1274.7678220224,197.0004721388
98.8369435000,2154,0.0325926847,1274.7678220224,197.0004721388
98.8875228000,2155,0.0325926847,1274.7678220224,197.0004721388
98.9365539000,2156,0.0325587403,1274.7678220224,196.7533998131
98.9839032000,2157,0.0325587403,1274.7678220224,196.7533998131
99.0296788000,2158,0.0325587403,1274.7678220224,196.7533998131
99.0771685000,2159,0.0325541822,1274.7678220224,196.7202230394
99.1254687000,2160,0.0325541822,1274.7678220224,196.7202230394
99.1732839000,2161,0.0325498941,1274.7678220224,196.6890107246
99.2198908000,2162,0.0325493481,1274.7678220224,196.6850364970
99.2667064000,2163,0.0325483869,1274.7678220224,196.6780400864
99.3141651000,2164,0.0325483869,1274.7678220224,196.6780400864
99.3608176000,2165,0.0325483869,1274.7678220224,196.6780400864
99.4089791000,2166,0.0325483869,1274.7678220224,196.6780400864
99.4578257000,2167,0.0325482826,1274.7678220224,196.6772809160
99.5065465000,2168,0.0325432303,1274.7678220224,196.6405066581
99.5547646000,2169,0.0325403831,1274.7678220224,196.6197826393
99.6000902000,2170,0.0325228633,1274.7678220224,196.4922610056
99.6509415000,2171,0.0325228633,1274.7678220224,196.4922610056
99.6985212000,2172,0.0325228633,1274.7678220224,196.4922610056
99.7463385000,2173,0.0325214564,1274.7678220224,196.4820199935
99.7959099000,2174,0.0325208762,1274.7678220224,196.4777971033
99.8395591000,2175,0.0325208762,1274.7678220224,196.4777971033
99.8847560000,2176,0.0325208762,1274.7678220224,196.4777971033
99.9304525000,2177,0.0325148106,1274.7678220224,196.4336473757
99.9737495000,2178,0.0325110075,1274.7678220224,196.4059653330
100.0203970000,2179,0.0325110075,1274.7678220224,196.4059653330
100.0645863000,2180,0.0325110075,1274.7678220224,196.4059653330
100.1121881000,2181,0.0325105360,1274.7678220224,196.4025337865
100.1566938000,2182,0.0325105360,1274.7678220224,196.4025337865
100.2002164000,2183,0.0325105360,1274.7678220224,196.4025337865
100.2450551000,2184,0.0325105360,1274.7678220224,196.4025337865
100.2899196000,2185,0.0325099512,1274.7678220224,196.3982767489
100.3379736000,2186,0.0325099512,1274.7678220224,196.3982767489
100.3855236000,2187,0.0325070931,1274.7678220224,196.3774732450
100.4293810000,2188,0.0325070931,1274.7678220224,196.3774732450
100.4755764000,2189,0.0325070931,1274.7678220224,196.3774732450
100.5225792000,2190,0.0325067481,1274.7678220224,196.3749626546
100.5680925000,2191,0.0325034280,1274.7678220224,196.3507961444
100.6136404000,2192,0.0325014944,1274.7678220224,196.3367220962
100.6574096000,2193,0.0324564048,1274.7678220224,196.0085270102
100.7026176000,2194,0.0324564048,1274.7678220224,196.0085270102
100.7455314000,2195,0.0324564048,1274.7678220224,196.0085270102
100.7910467000,2196,0.0324564048,1274.7678220224,196.0085270102
100.8381091000,2197,0.0324564048,1274.7678220224,196.0085270102
100.8825337000,2198,0.0324525913,1274.7678220224,195.9807693851
100.9274335000,2199,0.0324525913,1274.7678220224,195.9807693851
100.9701566000,2200,0.0324525913,1274.7678220224,195.9807693851
101.0165564000,2201,0.0324452414,1274.7678220224,195.9272711702
101.0617593000,2202,0.0324452414,1274.7678220224,195.9272711702
101.1079207000,2203,0.0324393479,1274.7678220224,195.8843738270
101.1510028000,2204,0.0324393479,1274.7678220224,195.8843738270
101.2148577000,2205,0.0324385361,1274.7678220224,195.8784650246
101.2701676000,2206,0.0324270257,1274.7678220224,195.7946839470
101.3190297000,2207,0.0324270257,1274.7678220224,195.7946839470
101.3661955000,2208,0.0324256465,1274.7678220224,195.7846453372
101.4141703000,2209,0.0324256465,1274.7678220224,195.7846453372
101.4630230000,2210,0.0324256465,1274.7678220224,195.7846453372
101.5104337000,2211,0.0324173044,1274.7678220224,195.7239253440
101.5602148000,2212,0.0324155987,1274.7678220224,195.7115098171
101.6039574000,2213,0.0324026837,1274.7678220224,195.6175050499
101.6563064000,2214,0.0324022239,1274.7678220224,195.6141577666
101.7029343000,2215,0.0324002665,1274.7678220224,195.5999108069
101.7491830000,2216,0.0324002665,1274.7678220224,195.5999108069
101.7970697000,2217,0.0324002665,1274.7678220224,195.5999108069
101.8440065000,2218,0.0324002665,1274.7678220224,195.5999108069
101.8886251000,2219,0.0323960189,1274.7678220224,195.5689932195
101.9318822000,2220,0.0323951956,1274.7678220224,195.5630008462
101.9764287000,2221,0.0323948070,1274.7678220224,195.5601723438
102.0178568000,2222,0.0323948070,1274.7678220224,195.5601723438
102.0612428000,2223,0.0323922419,1274.7678220224,195.5415014772
102.1066151000,2224,0.0323915598,1274.7678220224,195.5365368788
102.1513510000,2225,0.0323915598,1274.7678220224,195.5365368788
102.1948042000,2226,0.0323865018,1274.7678220224,195.4997208576
102.2393240000,2227,0.0323865018,1274.7678220224,195.4997208576
102.2860397000,2228,0.0323865018,1274.7678220224,195.4997208576
102.3367804000,2229,0.0323865018,1274.7678220224,195.4997208576
102.3851079000,2230,0.0323859032,1274.7678220224,195.4953639906
102.4339769000,2231,0.0323859032,1274.7678220224,195.4953639906
102.4832647000,2232,0.0323854824,1274.7678220224,195.4923010980
102.5321896000,2233,0.0323458341,1274.7678220224,195.2037116579
102.5839010000,2234,0.0323458341,1274.7678220224,195.2037116579
102.6316915000,2235,0.0323458341,1274.7678220224,195.2037116579
102.6766525000,2236,0.0323458341,1274.7678220224,195.2037116579
102.7230589000,2237,0.0323452965,1274.7678220224,195.1997980677
102.7679764000,2238,0.0323443818,1274.7678220224,195.1931402943
102.8167406000,2239,0.0323443818,1274.7678220224,195.1931402943
102.8632034000,2240,0.0323443818,1274.7678220224,195.1931402943
102.9095982000,2241,0.0323443818,1274.7678220224,195.1931402943
102.9541109000,2242,0.0323443818,1274.7678220224,195.1931402943
103.0012695000,2243,0.0323443818,1274.7678220224,195.1931402943
103.0472030000,2244,0.0323433810,1274.7678220224,195.1858557147
103.0906717000,2245,0.0323420116,1274.7678220224,195.1758884082
103.1377426000,2246,0.0323420116,1274.7678220224,195.1758884082
103.1825261000,2247,0.0323420116,1274.7678220224,195.1758884082
103.2303407000,2248,0.0323367465,1274.7678220224,195.1375648801
103.2786687000,2249,0.0323367465,1274.7678220224,195.1375648801
103.3278780000,2250,0.0323367465,1274.7678220224,195.1375648801
103.3787995000,2251,0.0323277697,1274.7678220224,195.0722250694
103.4286009000,2252,0.0323274860,1274.7678220224,195.0701603719
103.4801211000,2253,0.0323246889,1274.7678220224,195.0498010823
103.5278107000,2254,0.0323226668,1274.7678220224,195.0350826673
103.5746783000,2255,0.0323226546,1274.7678220224,195.0349942885
103.6232158000,2256,0.0323226546,1274.7678220224,195.0349942885
103.6724543000,2257,0.0322829278,1274.7678220224,194.7458327781
103.7187576000,2258,0.0322829278,1274.7678220224,194.7458327781
103.7677415000,2259,0.0322829278,1274.7678220224,194.7458327781
103.8163218000,2260,0.0322829278,1274.7678220224,194.7458327781
103.8628763000,2261,0.0322744027,1274.7678220224,194.6837811649
103.9102695000,2262,0.0322744027,1274.7678220224,194.6837811649
103.9579460000,2263,0.0322744027,1274.7678220224,194.6837811649
104.0059205000,2264,0.0322744027,1274.7678220224,194.6837811649
104.0511107000,2265,0.0322744027,1274.7678220224,194.6837811649
104.1017867000,2266,0.0322744027,1274.7678220224,194.6837811649
104.1499559000,2267,0.0322744027,1274.7678220224,194.6837811649
104.1964408000,2268,0.0322744027,1274.7678220224,194.6837811649
104.2428245000,2269,0.0322705697,1274.7678220224,194.6558816994
104.2953941000,2270,0.0322704815,1274.7678220224,194.6552396096
104.3468667000,2271,0.0322704815,1274.7678220224,194.6552396096
104.3968712000,2272,0.0322704815,1274.7678220224,194.6552396096
104.4460959000,2273,0.0322464026,1274.7678220224,194.4799754607
104.4936932000,2274,0.0322448537,1274.7678220224,194.4687014368
104.5430633000,2275,0.0322253196,1274.7678220224,194.3265180994
104.5874036000,2276,0.0322175521,1274.7678220224,194.2699801941
104.6317755000,2277,0.0322135234,1272.5184842023,194.3116480640
104.6769807000,2278,0.0322112777,1272.5184842023,194.2953023753
104.7219630000,2279,0.0322107213,1272.5184842023,194.2912528074
104.7665165000,2280,0.0322105810,1272.5184842023,194.2902309238
104.8093630000,2281,0.0322105810,1272.5184842023,194.2902309238
104.8524893000,2282,0.0322014519,1272.5184842023,194.2237828241
104.8981455000,2283,0.0322014519,1272.5184842023,194.2237828241
104.9451384000,2284,0.0321870480,1274.7678220224,194.0479490227
104.9952588000,2285,0.0321823759,1274.7678220224,194.0139421475
105.0431158000,2286,0.0321823759,1274.7678220224,194.0139421475
105.0889961000,2287,0.0321822391,1274.7678220224,194.0129459232
105.1309691000,2288,0.0321734407,1274.7678220224,193.9489049525
105.1768591000,2289,0.0321633433,1274.7678220224,193.8754084396
105.2189201000,2290,0.0321633433,1274.7678220224,193.8754084396
105.2633211000,2291,0.0321581149,1274.7678220224,193.8373522140
105.3133886000,2292,0.0321581149,1274.7678220224,193.8373522140
105.3602515000,2293,0.0321581149,1274.7678220224,193.8373522140
105.4073597000,2294,0.0321540466,1274.7678220224,193.8077403736
105.4561573000,2295,0.0321517792,1274.7678220224,193.7912363878
105.5028513000,2296,0.0321508809,1274.7678220224,193.7846980213
105.5489190000,2297,0.0321361544,1274.7678220224,193.6775078572
105.5977563000,2298,0.0321361544,1274.7678220224,193.6775078572
105.6421881000,2299,0.0321361544,1274.7678220224,193.6775078572
105.6870969000,2300,0.0321238460,1274.7678220224,193.5879183104
105.7360385000,2301,0.0321238460,1274.7678220224,193.5879183104
105.7827091000,2302,0.0321116804,1274.7678220224,193.4993677608
105.8289169000,2303,0.0321116804,1274.7678220224,193.4993677608
105.8739082000,2304,0.0321116804,1274.7678220224,193.4993677608
105.9207487000,2305,0.0320966017,1274.7678220224,193.3896137790
105.9701712000,2306,0.0320966017,1274.7678220224,193.3896137790
106.0225676000,2307,0.0320966017,1274.7678220224,193.3896137790
106.0737775000,2308,0.0320894657,1274.7678220224,193.3376731747
106.1208938000,2309,0.0320734289,1274.7678220224,193.2209450961
106.1658320000,2310,0.0320734289,1274.7678220224,193.2209450961
106.2137578000,2311,0.0320734289,1274.7678220224,193.2209450961
106.2601342000,2312,0.0320734289,1274.7678220224,193.2209450961
106.3088760000,2313,0.0320677982,1274.7678220224,193.1799609756
106.3548045000,2314,0.0320655517,1274.7678220224,193.1636091462
106.4002639000,2315,0.0320565963,1274.7678220224,193.0984251229
106.4450243000,2316,0.0320486953,1274.7678220224,193.0409156212
106.4892158000,2317,0.0320486953,1274.7678220224,193.0409156212
106.5354891000,2318,0.0320486953,1274.7678220224,193.0409156212
106.5783684000,2319,0.0320482938,1274.7678220224,193.0379932559
106.6194667000,2320,0.0320328084,1274.7678220224,192.9252790457
106.6659151000,2321,0.0320328084,1274.7678220224,192.9252790457
106.7127201000,2322,0.0320328084,1274.7678220224,192.9252790457
106.7577182000,2323,0.0320321725,1274.7678220224,192.9206510617
106.8017298000,2324,0.0320311294,1274.7678220224,192.9130580884
106.8449993000,2325,0.0320311294,1274.7678220224,192.9130580884
106.8911958000,2326,0.0320019542,1274.7678220224,192.7006992654
106.9331601000,2327,0.0320001580,1274.7678220224,192.6876254839
106.9814055000,2328,0.0319949095,1274.7678220224,192.6494231388
107.0278766000,2329,0.0319949095,1274.7678220224,192.6494231388
107.0742228000,2330,0.0319921209,1274.7678220224,192.6291254619
107.1203405000,2331,0.0319905265,1274.7678220224,192.6175207336
107.1632282000,2332,0.0319738881,1274.7678220224,192.4964139883
107.2072251000,2333,0.0319738881,1274.7678220224,192.4964139883
107.2505530000,2334,0.0319604560,1275.8304142580,192.3651086016
107.2957734000,2335,0.0319597396,1275.8304142580,192.3598935897
107.3423908000,2336,0.0319597396,1275.8304142580,192.3598935897
107.3905431000,2337,0.0319422535,1275.8304142580,192.2326169690
107.4376688000,2338,0.0319394026,1274.7678220224,192.2454027614
107.4828723000,2339,0.0319326887,1275.8304142580,192.1629973544
107.5281037000,2340,0.0319284179,1275.8304142580,192.1319114348
107.5730889000,2341,0.0319274883,1274.7678220224,192.1586818531
107.6190206000,2342,0.0319274883,1274.7678220224,192.1586818531
107.6658096000,2343,0.0319274883,1274.7678220224,192.1586818531
107.7146763000,2344,0.0319264300,1275.8304142580,192.1174421737
107.7604903000,2345,0.0319264300,1275.8304142580,192.1174421737
107.8041521000,2346,0.0319264300,1275.8304142580,192.1174421737
107.8487847000,2347,0.0319264300,1275.8304142580,192.1174421737
107.8978738000,2348,0.0319075377,1274.7678220224,192.0134668003
107.9461656000,2349,0.0318988995,1274.7678220224,191.9505911179
107.9935173000,2350,0.0318988995,1274.7678220224,191.9505911179
108.0412902000,2351,0.0318988995,1274.7678220224,191.9505911179
108.0864506000,2352,0.0318988995,1274.7678220224,191.9505911179
108.1350534000,2353,0.0318988995,1274.7678220224,191.9505911179
108.1865142000,2354,0.0318988995,1274.7678220224,191.9505911179
108.2316810000,2355,0.0318988995,1274.7678220224,191.9505911179
108.2771381000,2356,0.0318988995,1274.7678220224,191.9505911179
108.3260283000,2357,0.0318988995,1274.7678220224,191.9505911179
108.3739043000,2358,0.0318988995,1274.7678220224,191.9505911179
108.4261128000,2359,0.0318951257,1274.7678220224,191.9231227517
108.4709277000,2360,0.0318951257,1274.7678220224,191.9231227517
108.5190525000,2361,0.0318950266,1274.7678220224,191.9224018101
108.5663311000,2362,0.0318748935,1275.8304142580,191.7423216775
108.6123183000,2363,0.0318748935,1275.8304142580,191.7423216775
108.6566089000,2364,0.0318748935,1275.8304142580,191.7423216775
108.7030449000,2365,0.0318705185,1274.7678220224,191.7440134346
108.7489790000,2366,0.0318517999,1274.7678220224,191.6077654193
108.7950206000,2367,0.0318489664,1274.7678220224,191.5871417299
108.8413717000,2368,0.0318489664,1274.7678220224,191.5871417299
108.8894978000,2369,0.0318469709,1274.7678220224,191.5726169720
108.9374133000,2370,0.0318469709,1274.7678220224,191.5726169720
108.9850799000,2371,0.0318469709,1274.7678220224,191.5726169720
109.0327614000,2372,0.0318460652,1274.7678220224,191.5660245573
109.0839756000,2373,0.0318460652,1274.7678220224,191.5660245573
109.1329259000,2374,0.0318460648,1274.7678220224,191.5660218117
109.1803260000,2375,0.0318093343,1275.8304142580,191.2651332154
109.2229625000,2376,0.0318093343,1275.8304142580,191.2651332154
109.2687350000,2377,0.0318093343,1275.8304142580,191.2651332154
109.3142655000,2378,0.0318093343,1275.8304142580,191.2651332154
109.3604120000,2379,0.0317715068,1274.7678220224,191.0233329760
109.4064848000,2380,0.0317715068,1274.7678220224,191.0233329760
109.4498804000,2381,0.0317713777,1274.7678220224,191.0223935943
109.4973013000,2382,0.0317695021,1274.7678220224,191.0087413338
109.5440659000,2383,0.0317695021,1274.7678220224,191.0087413338
109.5850426000,2384,0.0317686488,1274.7678220224,191.0025305293
109.6272115000,2385,0.0317686488,1274.7678220224,191.0025305293
109.6724757000,2386,0.0317686488,1274.7678220224,191.0025305293
109.7172452000,2387,0.0317686488,1274.7678220224,191.0025305293
109.7603110000,2388,0.0317686488,1274.7678220224,191.0025305293
109.8088450000,2389,0.0317686488,1274.7678220224,191.0025305293
109.8581514000,2390,0.0317655156,1274.7678220224,190.9797252646
109.9060158000,2391,0.0317655156,1274.7678220224,190.9797252646
109.9522903000,2392,0.0317655156,1274.7678220224,190.9797252646
109.9997134000,2393,0.0317655156,1274.7678220224,190.9797252646
110.0489649000,2394,0.0317647185,1275.8304142580,190.9403861182
110.0995449000,2395,0.0317647185,1275.8304142580,190.9403861182
110.1455422000,2396,0.0317611093,1274.7678220224,190.9476524910
110.1931232000,2397,0.0317373660,1274.7678220224,190.7748315417
110.2408208000,2398,0.0317373660,1274.7678220224,190.7748315417
110.2909578000,2399,0.0317373660,1274.7678220224,190.7748315417
110.3393391000,2400,0.0317373660,1274.7678220224,190.7748315417
110.3854425000,2401,0.0317373660,1274.7678220224,190.7748315417
110.4315775000,2402,0.0317287936,1274.7678220224,190.7124349869
110.4767934000,2403,0.0317287936,1274.7678220224,190.7124349869
110.5244162000,2404,0.0317287936,1274.7678220224,190.7124349869
110.5718213000,2405,0.0317287936,1274.7678220224,190.7124349869
110.6165748000,2406,0.0317287936,1274.7678220224,190.7124349869
110.6672767000,2407,0.0317287936,1274.7678220224,190.7124349869
110.7150218000,2408,0.0317273052,1274.7678220224,190.7016017131
110.7649150000,2409,0.0317270839,1274.7678220224,190.6999905114
110.8122885000,2410,0.0317269627,1274.7678220224,190.6991086838
110.8638341000,2411,0.0317269627,1274.7678220224,190.6991086838
110.9147676000,2412,0.0317065187,1274.7678220224,190.5503019350
110.9620489000,2413,0.0317065187,1274.7678220224,190.5503019350
111.0109730000,2414,0.0317065187,1274.7678220224,190.5503019350
111.0576387000,2415,0.0317065187,1274.7678220224,190.5503019350
111.1039323000,2416,0.0317065187,1274.7678220224,190.5503019350
111.1477646000,2417,0.0316873989,1274.7678220224,190.4111340957
111.1902929000,2418,0.0316873989,1274.7678220224,190.4111340957
111.2353294000,2419,0.0316873120,1274.7678220224,190.4105016249
111.2779222000,2420,0.0316873120,1274.7678220224,190.4105016249
111.3245347000,2421,0.0316873120,1274.7678220224,190.4105016249
111.3745476000,2422,0.0316867831,1274.7678220224,190.4066513401
111.4219528000,2423,0.0316867831,1274.7678220224,190.4066513401
111.4670173000,2424,0.0316861948,1274.7678220224,190.4023696886
111.5149348000,2425,0.0316861948,1274.7678220224,190.4023696886
111.5642161000,2426,0.0316858304,1274.7678220224,190.3997170687
111.6126892000,2427,0.0316858304,1274.7678220224,190.3997170687
111.6572147000,2428,0.0316858304,1274.7678220224,190.3997170687
111.7018799000,2429,0.0316858304,1274.7678220224,190.3997170687
111.7479275000,2430,0.0316844513,1274.7678220224,190.3896791762
111.7917610000,2431,0.0316844513,1274.7678220224,190.3896791762
111.8405612000,2432,0.0316844513,1274.7678220224,190.3896791762
111.8870870000,2433,0.0316844513,1274.7678220224,190.3896791762
111.9333231000,2434,0.0316844513,1274.7678220224,190.3896791762
111.9794554000,2435,0.0316844513,1274.7678220224,190.3896791762
112.0286786000,2436,0.0316594650,1274.4914641093,190.2165322035
112.0821987000,2437,0.0316594650,1274.4914641093,190.2165322035
112.1309482000,2438,0.0316536563,1274.7678220224,190.1655303204
112.1803302000,2439,0.0316448575,1274.7678220224,190.1014864830
112.2278897000,2440,0.0316448575,1274.7678220224,190.1014864830
112.2753358000,2441,0.0316448575,1274.7678220224,190.1014864830
112.3230374000,2442,0.0316428833,1274.7678220224,190.0871163493
112.3706958000,2443,0.0316415310,1274.7678220224,190.0772731809
112.4203684000,2444,0.0316373036,1274.4914641093,190.0552256373
112.4654726000,2445,0.0316149283,1274.7678220224,189.8836394632
112.5100321000,2446,0.0316142594,1274.7678220224,189.8787707383
112.5562548000,2447,0.0316133129,1274.7678220224,189.8718814534
112.6053435000,2448,0.0316116749,1274.7678220224,189.8599585269
112.6563602000,2449,0.0316113268,1274.7678220224,189.8574247083
112.7005338000,2450,0.0316113268,1274.7678220224,189.8574247083
112.7498985000,2451,0.0316113268,1274.7678220224,189.8574247083
112.7995994000,2452,0.0316050823,1274.7678220224,189.8119727936
112.8517906000,2453,0.0315850447,1274.7678220224,189.6661247588
112.8991937000,2454,0.0315845790,1274.7678220224,189.6627349775
112.9412462000,2455,0.0315844579,1274.7678220224,189.6618530291
112.9852263000,2456,0.0315841098,1274.7678220224,189.6593192105
113.0289597000,2457,0.0315841098,1274.7678220224,189.6593192105
113.0742235000,2458,0.0315841098,1274.7678220224,189.6593192105
113.1201719000,2459,0.0315841098,1274.7678220224,189.6593192105
113.1653524000,2460,0.0315841098,1274.7678220224,189.6593192105
113.2113626000,2461,0.0315841098,1274.7678220224,189.6593192105
113.2561450000,2462,0.0315841098,1274.7678220224,189.6593192105
113.3036981000,2463,0.0315821989,1274.7678220224,189.6454104921
113.3487761000,2464,0.0315821989,1274.7678220224,189.6454104921
113.3947298000,2465,0.0315439296,1274.7678220224,189.3668582709
113.4430785000,2466,0.0315439296,1274.7678220224,189.3668582709
113.4867666000,2467,0.0315118854,1274.7678220224,189.1336167079
113.5345139000,2468,0.0315089750,1274.7678220224,189.1124330093
113.5815019000,2469,0.0315049768,1274.7678220224,189.0833313602
113.6273207000,2470,0.0315049768,1274.7678220224,189.0833313602
113.6719104000,2471,0.0315049768,1274.7678220224,189.0833313602
113.7158140000,2472,0.0315049768,1274.7678220224,189.0833313602
113.7629236000,2473,0.0315049768,1274.7678220224,189.0833313602
113.8073567000,2474,0.0314996738,1274.7678220224,189.0447317789
113.8512385000,2475,0.0314996738,1274.7678220224,189.0447317789
113.8974980000,2476,0.0314974368,1274.7678220224,189.0284494036
113.9401400000,2477,0.0314974368,1274.7678220224,189.0284494036
113.9827812000,2478,0.0314974368,1274.7678220224,189.0284494036
114.0295326000,2479,0.0314954079,1274.7678220224,189.0136816037
114.0739469000,2480,0.0314954079,1274.7678220224,189.0136816037
114.1193603000,2481,0.0314954079,1274.7678220224,189.0136816037
114.1643772000,2482,0.0314954079,1274.7678220224,189.0136816037
114.2092478000,2483,0.0314954079,1274.7678220224,189.0136816037
114.2566611000,2484,0.0314887259,1274.7678220224,188.9650448652
114.3029577000,2485,0.0314887259,1274.7678220224,188.9650448652
114.3489750000,2486,0.0314781239,1274.7678220224,188.8878760763
114.3998481000,2487,0.0314781239,1274.7678220224,188.8878760763
114.4477273000,2488,0.0314722320,1274.7678220224,188.8449899546
114.4970124000,2489,0.0314691980,1274.7678220224,188.8229068229
114.5450751000,2490,0.0314691980,1274.7678220224,188.8229068229
114.5917476000,2491,0.0314691980,1274.7678220224,188.8229068229
114.6359339000,2492,0.0314691980,1274.7678220224,188.8229068229
114.6807388000,2493,0.0314690410,1274.7678220224,188.8217638685
114.7247215000,2494,0.0314690410,1274.7678220224,188.8217638685
114.7674985000,2495,0.0314690410,1274.7678220224,188.8217638685
114.8136493000,2496,0.0314690410,1274.7678220224,188.8217638685
114.8600728000,2497,0.0314638153,1274.7678220224,188.7837275566
114.9103892000,2498,0.0314635964,1274.7678220224,188.7821337359
114.9592843000,2499,0.0314632447,1274.7678220224,188.7795739297
115.0067166000,2500,0.0314632447,1274.7678220224,188.7795739297
115.0502454000,2501,0.0314632447,1274.7678220224,188.7795739297
115.0936206000,2502,0.0314384025,1274.7678220224,188.5987539276
115.1325010000,2503,0.0314384025,1274.7678220224,188.5987539276
115.1748627000,2504,0.0314384025,1274.7678220224,188.5987539276
115.2181968000,2505,0.0314383772,1274.7678220224,188.5985697184
115.2614078000,2506,0.0314383772,1274.7678220224,188.5985697184
115.3052193000,2507,0.0314383772,1274.7678220224,188.5985697184
115.3513019000,2508,0.0314383772,1274.7678220224,188.5985697184
115.3996446000,2509,0.0314383772,1274.7678220224,188.5985697184
115.4482817000,2510,0.0314338323,1274.7678220224,188.5654890259
115.4990385000,2511,0.0314330273,1274.7678220224,188.5596296808
115.5488657000,2512,0.0314330273,1274.7678220224,188.5596296808
115.5972596000,2513,0.0314328682,1274.7678220224,188.5584714403
115.6459571000,2514,0.0314328152,1274.7678220224,188.5580854710
115.6915557000,2515,0.0314328152,1274.7678220224,188.5580854710
115.7381195000,2516,0.0314281306,1274.7678220224,188.5239880649
115.7827799000,2517,0.0314281306,1274.7678220224,188.5239880649
115.8259659000,2518,0.0314279355,1274.7678220224,188.5225676799
115.8690664000,2519,0.0314240761,1274.7678220224,188.4944762925
115.9145524000,2520,0.0314179503,1274.7678220224,188.4498876628
115.9560878000,2521,0.0314167463,1274.7678220224,188.4411243091
115.9997931000,2522,0.0314035033,1274.7678220224,188.3447323459
116.0444398000,2523,0.0314035033,1274.7678220224,188.3447323459
116.0938627000,2524,0.0314030445,1274.7678220224,188.3413924750
116.1383482000,2525,0.0314027288,1274.7678220224,188.3390945300
116.1802543000,2526,0.0314027288,1274.7678220224,188.3390945300
116.2264218000,2527,0.0314027288,1274.7678220224,188.3390945300
116.2697018000,2528,0.0314027288,1274.7678220224,188.3390945300
116.3139973000,2529,0.0314027288,1274.7678220224,188.3390945300
116.3634067000,2530,0.0314026288,1274.7678220224,188.3383670658
116.4127029000,2531,0.0314026288,1274.7678220224,188.3383670658
116.4605217000,2532,0.0314023807,1274.7678220224,188.3365607115
116.5095639000,2533,0.0314023807,1274.7678220224,188.3365607115
116.5588200000,2534,0.0314023807,1274.7678220224,188.3365607115
116.6103077000,2535,0.0314023807,1274.7678220224,188.3365607115
116.6599782000,2536,0.0314008762,1274.7678220224,188.3256099673
116.7073713000,2537,0.0314008762,1274.7678220224,188.3256099673
116.7588178000,2538,0.0313888937,1274.7678220224,188.2383926106
116.8081639000,2539,0.0313881168,1274.7678220224,188.2327377754
116.8563620000,2540,0.0313871914,1274.7678220224,188.2260019565
116.9050364000,2541,0.0313871914,1274.7678220224,188.2260019565
116.9526089000,2542,0.0313871914,1274.7678220224,188.2260019565
117.0017597000,2543,0.0313871914,1274.7678220224,188.2260019565
117.0501335000,2544,0.0313871914,1274.7678220224,188.2260019565
117.0990392000,2545,0.0313871914,1274.7678220224,188.2260019565
117.1468258000,2546,0.0313871914,1274.7678220224,188.2260019565
117.1941693000,2547,0.0313871914,1274.7678220224,188.2260019565
117.2457872000,2548,0.0313871914,1274.7678220224,188.2260019565
117.2947799000,2549,0.0313871914,1274.7678220224,188.2260019565
117.3443222000,2550,0.0313871914,1274.7678220224,188.2260019565
117.3948513000,2551,0.0313871914,1274.7678220224,188.2260019565
117.4453633000,2552,0.0313871914,1274.7678220224,188.2260019565
117.4935613000,2553,0.0313871914,1274.7678220224,188.2260019565
117.5413280000,2554,0.0313871914,1274.7678220224,188.2260019565
117.5902441000,2555,0.0313871750,1274.7678220224,188.2258823912
117.6379840000,2556,0.0313871750,1274.7678220224,188.2258823912
117.6841991000,2557,0.0313871750,1274.7678220224,188.2258823912
117.7316040000,2558,0.0313871750,1274.7678220224,188.2258823912
117.7767783000,2559,0.0313871750,1274.7678220224,188.2258823912
117.8222743000,2560,0.0313871750,1274.7678220224,188.2258823912
117.8677476000,2561,0.0313871750,1274.7678220224,188.2258823912
117.9148244000,2562,0.0313871750,1274.7678220224,188.2258823912
117.9600834000,2563,0.0313690400,1274.7678220224,188.0938823912
118.0042232000,2564,0.0313690400,1274.7678220224,188.0938823912
118.0535448000,2565,0.0313682378,1274.7678220224,188.0880439520
118.1023226000,2566,0.0313578960,1274.7678220224,188.0127686901
118.1494457000,2567,0.0313578960,1274.7678220224,188.0127686901
118.1930175000,2568,0.0313539173,1274.7678220224,187.9838088398
118.2383183000,2569,0.0313147626,1274.7678220224,187.6988115253
118.2803821000,2570,0.0313147626,1274.7678220224,187.6988115253
118.3262662000,2571,0.0313140995,1274.7678220224,187.6939850870
118.3722106000,2572,0.0313140995,1274.7678220224,187.6939850870
118.4182683000,2573,0.0313140995,1274.7678220224,187.6939850870
118.4657732000,2574,0.0313132974,1274.7678220224,187.6881466477
118.5140393000,2575,0.0313132974,1274.7678220224,187.6881466477
118.5621810000,2576,0.0313071008,1277.8872784260,187.5445895409
118.6146680000,2577,0.0313071008,1277.8872784260,187.5445895409
118.6622027000,2578,0.0313071008,1277.8872784260,187.5445895409
118.7107361000,2579,0.0313071008,1277.8872784260,187.5445895409
118.7599481000,2580,0.0313071008,1277.8872784260,187.5445895409
118.8088181000,2581,0.0313071008,1277.8872784260,187.5445895409
118.8566266000,2582,0.0313071008,1277.8872784260,187.5445895409
118.9078050000,2583,0.0313058435,1277.8872784260,187.5354380826
118.9564453000,2584,0.0313058435,1277.8872784260,187.5354380826
119.0056132000,2585,0.0313058435,1277.8872784260,187.5354380826
119.0566330000,2586,0.0313058435,1277.8872784260,187.5354380826
119.1068195000,2587,0.0313058435,1277.8872784260,187.5354380826
119.1558723000,2588,0.0313058435,1277.8872784260,187.5354380826
119.2023462000,2589,0.0313058435,1277.8872784260,187.5354380826
119.2475799000,2590,0.0313058435,1277.8872784260,187.5354380826
119.2927343000,2591,0.0313058435,1277.8872784260,187.5354380826
119.3427330000,2592,0.0313058435,1277.8872784260,187.5354380826
119.3974440000,2593,0.0313058435,1277.8872784260,187.5354380826
119.4495217000,2594,0.0313058435,1277.8872784260,187.5354380826
119.4970280000,2595,0.0313058435,1277.8872784260,187.5354380826
119.5461526000,2596,0.0313058435,1277.8872784260,187.5354380826
119.5912545000,2597,0.0313058435,1277.8872784260,187.5354380826
119.6367697000,2598,0.0313058435,1277.8872784260,187.5354380826
119.6796234000,2599,0.0313058435,1277.8872784260,187.5354380826
119.7278569000,2600,0.0313058435,1277.8872784260,187.5354380826
119.7691734000,2601,0.0313058435,1277.8872784260,187.5354380826
119.8174644000,2602,0.0313058435,1277.8872784260,187.5354380826
119.8610520000,2603,0.0313058435,1277.8872784260,187.5354380826
119.9051173000,2604,0.0313058435,1277.8872784260,187.5354380826
119.9474805000,2605,0.0313058435,1277.8872784260,187.5354380826
119.9930249000,2606,0.0313058435,1277.8872784260,187.5354380826
120.0392587000,2607,0.0313058435,1277.8872784260,187.5354380826
120.0824329000,2608,0.0313055122,1277.8872784260,187.5330269273
120.1264333000,2609,0.0312788497,1277.8872784260,187.3389572908
120.1718197000,2610,0.0312780527,1277.8872784260,187.3331563542
120.2150481000,2611,0.0312780527,1277.8872784260,187.3331563542
120.2598603000,2612,0.0312780527,1277.8872784260,187.3331563542
120.3060216000,2613,0.0312780527,1277.8872784260,187.3331563542
120.3536905000,2614,0.0312780527,1277.8872784260,187.3331563542
120.3976046000,2615,0.0312780527,1277.8872784260,187.3331563542
120.4435280000,2616,0.0312780527,1277.8872784260,187.3331563542
120.4884917000,2617,0.0312780527,1277.8872784260,187.3331563542
120.5324282000,2618,0.0312780527,1277.8872784260,187.3331563542
120.5786794000,2619,0.0312780527,1277.8872784260,187.3331563542
120.6258459000,2620,0.0312780527,1277.8872784260,187.3331563542
120.6729800000,2621,0.0312774291,1277.8872784260,187.3286173779
120.7177165000,2622,0.0312758671,1277.8872784260,187.3172480837
120.7635145000,2623,0.0312758671,1277.8872784260,187.3172480837
120.8057858000,2624,0.0312758671,1277.8872784260,187.3172480837
120.8507914000,2625,0.0312758671,1277.8872784260,187.3172480837
120.8968249000,2626,0.0312758671,1277.8872784260,187.3172480837
120.9420288000,2627,0.0312758671,1277.8872784260,187.3172480837
120.9913357000,2628,0.0312758671,1277.8872784260,187.3172480837
121.0433158000,2629,0.0312758671,1277.8872784260,187.3172480837
121.0947907000,2630,0.0312758671,1277.8872784260,187.3172480837
121.1429177000,2631,0.0312758671,1277.8872784260,187.3172480837
121.2000823000,2632,0.0312743139,1277.8872784260,187.3059425824
121.2597095000,2633,0.0312743139,1277.8872784260,187.3059425824
121.3134540000,2634,0.0312743139,1277.8872784260,187.3059425824
121.3647890000,2635,0.0312743139,1277.8872784260,187.3059425824
121.4156223000,2636,0.0312740001,1277.8872784260,187.3036581371
121.4680452000,2637,0.0312734882,1277.8872784260,187.2999322968
121.5169136000,2638,0.0312734882,1277.8872784260,187.2999322968
121.5649379000,2639,0.0312730515,1277.8872784260,187.2967540263
121.6078698000,2640,0.0312730515,1277.8872784260,187.2967540263
121.6551513000,2641,0.0312457724,1277.8872784260,187.0981962818
121.7020700000,2642,0.0312410102,1277.8872784260,187.0635339742
121.7493444000,2643,0.0312410102,1277.8872784260,187.0635339742
121.7966816000,2644,0.0312410102,1277.8872784260,187.0635339742
121.8438602000,2645,0.0312384536,1277.8872784260,187.0449245789
121.8911199000,2646,0.0312384536,1277.8872784260,187.0449245789
121.9383426000,2647,0.0312384536,1277.8872784260,187.0449245789
121.9866594000,2648,0.0312384536,1277.8872784260,187.0449245789
122.0362283000,2649,0.0312384536,1277.8872784260,187.0449245789
122.0854224000,2650,0.0312384536,1277.8872784260,187.0449245789
122.1347193000,2651,0.0312384536,1277.8872784260,187.0449245789
122.1806858000,2652,0.0312376610,1277.8872784260,187.0391558596
122.2299695000,2653,0.0312376610,1277.8872784260,187.0391558596
122.2777817000,2654,0.0312376610,1277.8872784260,187.0391558596
122.3268050000,2655,0.0312266126,1277.8872784260,186.9587374861
122.3762503000,2656,0.0312266126,1277.8872784260,186.9587374861
122.4227090000,2657,0.0312216675,1277.8872784260,186.9227428908
122.4696174000,2658,0.0312216675,1277.8872784260,186.9227428908
122.5149928000,2659,0.0312216675,1277.8872784260,186.9227428908
122.5584084000,2660,0.0312216675,1277.8872784260,186.9227428908
122.6059132000,2661,0.0312212834,1277.8872784260,186.9199477653
122.6510418000,2662,0.0312212834,1277.8872784260,186.9199477653
122.6977651000,2663,0.0312174697,1277.8872784260,186.8921882758
122.7435722000,2664,0.0312174697,1277.8872784260,186.8921882758
122.7869212000,2665,0.0312174697,1277.8872784260,186.8921882758
122.8351950000,2666,0.0312174697,1277.8872784260,186.8921882758
122.8808868000,2667,0.0311929561,1277.8872784260,186.7137602745
122.9281240000,2668,0.0311928601,1277.8872784260,186.7130619971
122.9793043000,2669,0.0311928601,1277.8872784260,186.7130619971
123.0294007000,2670,0.0311838348,1277.8872784260,186.6473689266
123.0782983000,2671,0.0311812722,1277.8872784260,186.6287160733
123.1290679000,2672,0.0311812722,1277.8872784260,186.6287160733
123.1797507000,2673,0.0311812722,1277.8872784260,186.6287160733
123.2291124000,2674,0.0311804860,1277.8872784260,186.6229936588
123.2808724000,2675,0.0311714392,1277.8872784260,186.5571442370
123.3277544000,2676,0.0311714392,1277.8872784260,186.5571442370
123.3741314000,2677,0.0311711585,1277.8872784260,186.5551013579
123.4248797000,2678,0.0311676897,1277.8872784260,186.5298531513
123.4705718000,2679,0.0311657432,1277.8872784260,186.5156848224
123.5166692000,2680,0.0311657432,1277.8872784260,186.5156848224
123.5644912000,2681,0.0311657432,1277.8872784260,186.5156848224
123.6149395000,2682,0.0311657432,1277.8872784260,186.5156848224
123.6651736000,2683,0.0311654003,1277.8872784260,186.5131890063
123.7120755000,2684,0.0311654003,1277.8872784260,186.5131890063
123.7630759000,2685,0.0311654003,1277.8872784260,186.5131890063
123.8148406000,2686,0.0311647041,1277.8872784260,186.5081215216
123.8636244000,2687,0.0311624937,1277.8872784260,186.4920322521
123.9098513000,2688,0.0311568701,1277.8872784260,186.4511001505
123.9551513000,2689,0.0311568701,1277.8872784260,186.4511001505
124.0032064000,2690,0.0311568701,1277.8872784260,186.4511001505
124.0527350000,2691,0.0311479513,1277.8872784260,186.3861821639
124.1017825000,2692,0.0311479513,1277.8872784260,186.3861821639
124.1483071000,2693,0.0311479513,1277.8872784260,186.3861821639
124.1941425000,2694,0.0311479513,1277.8872784260,186.3861821639
124.2385677000,2695,0.0311324985,1277.8872784260,186.2737056261
124.2864398000,2696,0.0311324985,1277.8872784260,186.2737056261
124.3347009000,2697,0.0311320489,1277.8872784260,186.2704327229
124.3816659000,2698,0.0311320489,1277.8872784260,186.2704327229
124.4301220000,2699,0.0311320489,1277.8872784260,186.2704327229
124.4753508000,2700,0.0311087359,1277.8872784260,186.1007433128
124.5234554000,2701,0.0310945283,1277.8872784260,185.9973305157
124.5690498000,2702,0.0310945283,1277.8872784260,185.9973305157
124.6179042000,2703,0.0310945283,1277.8872784260,185.9973305157
124.6642046000,2704,0.0310945283,1277.8872784260,185.9973305157
124.7119302000,2705,0.0310945283,1277.8872784260,185.9973305157
124.7568328000,2706,0.0310945283,1277.8872784260,185.9973305157
124.7988809000,2707,0.0310945283,1277.8872784260,185.9973305157
124.8407115000,2708,0.0310945283,1277.8872784260,185.9973305157
124.8853474000,2709,0.0310814653,1277.8872784260,185.9022483323
124.9276850000,2710,0.0310814653,1277.8872784260,185.9022483323
124.9717503000,2711,0.0310735507,1277.8872784260,185.8446400420
125.0168636000,2712,0.0310716516,1277.8872784260,185.8308170081
125.0655445000,2713,0.0310715485,1277.8872784260,185.8300660942
125.1143124000,2714,0.0310614637,1277.8872784260,185.7566618844
125.1653131000,2715,0.0310614637,1277.8872784260,185.7566618844
125.2139972000,2716,0.0310614637,1277.8872784260,185.7566618844
125.2643579000,2717,0.0310609508,1277.8872784260,185.7529281986
125.3140496000,2718,0.0310609508,1277.8872784260,185.7529281986
125.3622101000,2719,0.0310517594,1277.8872784260,185.6860265613
125.4087521000,2720,0.0310339373,1277.8872784260,185.5563041713
125.4569769000,2721,0.0310177704,1277.8872784260,185.4386295114
125.5070694000,2722,0.0310177704,1277.8872784260,185.4386295114
125.5541572000,2723,0.0310177704,1277.8872784260,185.4386295114
125.5996352000,2724,0.0310177704,1277.8872784260,185.4386295114
125.6480837000,2725,0.0310066819,1277.8872784260,185.3579190467
125.6984815000,2726,0.0310038774,1277.8872784260,185.3375062495
125.7452367000,2727,0.0310038774,1277.8872784260,185.3375062495
125.7927796000,2728,0.0310036173,1277.8872784260,185.3356128376
125.8383419000,2729,0.0309948569,1277.8872784260,185.2718485065
125.8844930000,2730,0.0309948569,1277.8872784260,185.2718485065
125.9322679000,2731,0.0309917686,1277.8872784260,185.2493695114
125.9813130000,2732,0.0309917686,1277.8872784260,185.2493695114
126.0269662000,2733,0.0309917686,1277.8872784260,185.2493695114
126.0753574000,2734,0.0309912545,1277.8872784260,185.2456274305
126.1182297000,2735,0.0309912381,1277.8872784260,185.2455078652
126.1660158000,2736,0.0309808278,1277.8872784260,185.1697336663
126.2120643000,2737,0.0309798297,1277.8872784260,185.1624693637
126.2567892000,2738,0.0309793801,1277.8872784260,185.1591964605
126.2981587000,2739,0.0309793801,1277.8872784260,185.1591964605
126.3461616000,2740,0.0309775565,1277.8872784260,185.1459227642
126.3920905000,2741,0.0309717105,1277.8872784260,185.1033718746
126.4400217000,2742,0.0309662273,1277.8872784260,185.0634607632
126.4820194000,2743,0.0309657428,1277.8872784260,185.0599341560
126.5277564000,2744,0.0309657428,1277.8872784260,185.0599341560
126.5729854000,2745,0.0309657428,1277.8872784260,185.0599341560
126.6175806000,2746,0.0309616027,1277.8872784260,185.0297996859
126.6616732000,2747,0.0309616027,1277.8872784260,185.0297996859
126.7060395000,2748,0.0309616027,1277.8872784260,185.0297996859
126.7506370000,2749,0.0309510302,1277.8872784260,184.9528450823
126.7918209000,2750,0.0309510302,1277.8872784260,184.9528450823
126.8353799000,2751,0.0309510302,1277.8872784260,184.9528450823
126.8832229000,2752,0.0309506923,1277.8872784260,184.9503859425
126.9242968000,2753,0.0309455294,1277.8872784260,184.9128060458
126.9695008000,2754,0.0309249611,1277.8872784260,184.7630950114
127.0167813000,2755,0.0309248710,1277.8872784260,184.7624394045
127.0616015000,2756,0.0309215411,1277.8872784260,184.7382016939
127.1109230000,2757,0.0309131548,1277.8872784260,184.6771601072
127.1564577000,2758,0.0309129034,1277.8872784260,184.6753298425
127.2021987000,2759,0.0309128091,1277.8872784260,184.6746436803
127.2479691000,2760,0.0308994750,1277.8872784260,184.5775885631
127.2905171000,2761,0.0308994722,1277.8872784260,184.5775679524
127.3392513000,2762,0.0308939773,1277.8872784260,184.5375721454
127.3872243000,2763,0.0308939773,1277.8872784260,184.5375721454
127.4340036000,2764,0.0308939773,1277.8872784260,184.5375721454
127.4795686000,2765,0.0308939773,1277.8872784260,184.5375721454
127.5293779000,2766,0.0308939773,1277.8872784260,184.5375721454
127.5782596000,2767,0.0308902095,1277.8872784260,184.5101468225
127.6280723000,2768,0.0308902095,1277.8872784260,184.5101468225
127.6734409000,2769,0.0308902095,1277.8872784260,184.5101468225
127.7193988000,2770,0.0308902095,1277.8872784260,184.5101468225
127.7648041000,2771,0.0308874574,1277.8872784260,184.4901151933
127.8084956000,2772,0.0308874574,1277.8872784260,184.4901151933
127.8566570000,2773,0.0308874574,1277.8872784260,184.4901151933
127.9022748000,2774,0.0308874574,1277.8872784260,184.4901151933
127.9484905000,2775,0.0308874574,1277.8872784260,184.4901151933
127.9965687000,2776,0.0308869736,1277.8872784260,184.4865938517
128.0474221000,2777,0.0308869736,1277.8872784260,184.4865938517
128.0983572000,2778,0.0308840223,1277.8872784260,184.4651121936
128.1479262000,2779,0.0308840223,1277.8872784260,184.4651121936
128.1951802000,2780,0.0308812550,1277.8872784260,184.4449692831
128.2402037000,2781,0.0308719714,1277.8872784260,184.3773967751
128.2840228000,2782,0.0308719714,1277.8872784260,184.3773967751
128.3303717000,2783,0.0308719714,1277.8872784260,184.3773967751
128.3757463000,2784,0.0308676763,1274.7678220224,184.4445872876
128.4193005000,2785,0.0308676763,1274.7678220224,184.4445872876
128.4650894000,2786,0.0308676763,1274.7678220224,184.4445872876
128.5151712000,2787,0.0308471307,1277.8872784260,184.1965879813
128.5633412000,2788,0.0308471307,1277.8872784260,184.1965879813
128.6141243000,2789,0.0308471307,1277.8872784260,184.1965879813
128.6626616000,2790,0.0308400811,1277.8872784260,184.1452758055
128.7114101000,2791,0.0308396233,1277.8872784260,184.1419432022
128.7602425000,2792,0.0308396233,1277.8872784260,184.1419432022
128.8080130000,2793,0.0308396233,1277.8872784260,184.1419432022
128.8559837000,2794,0.0308396233,1277.8872784260,184.1419432022
128.9018108000,2795,0.0308396233,1277.8872784260,184.1419432022
128.9473646000,2796,0.0308396233,1277.8872784260,184.1419432022
128.9945806000,2797,0.0308396233,1277.8872784260,184.1419432022
129.0418601000,2798,0.0308396233,1277.8872784260,184.1419432022
129.0870953000,2799,0.0308283949,1277.8872784260,184.0602150220
129.1321764000,2800,0.0308283949,1277.8872784260,184.0602150220
129.1772311000,2801,0.0308190614,1277.8872784260,183.9922790565
129.2181375000,2802,0.0308190614,1277.8872784260,183.9922790565
129.2618874000,2803,0.0308190614,1277.8872784260,183.9922790565
129.3062836000,2804,0.0308190614,1277.8872784260,183.9922790565
129.3522388000,2805,0.0307872276,1277.8872784260,183.7605686659
129.3986342000,2806,0.0307872276,1277.8872784260,183.7605686659
129.4439146000,2807,0.0307872276,1277.8872784260,183.7605686659
129.4936979000,2808,0.0307845480,1277.8872784260,183.7410647246
129.5424397000,2809,0.0307840823,1277.8872784260,183.7376749433
129.5902550000,2810,0.0307831676,1277.8872784260,183.7310171251
129.6402441000,2811,0.0307820703,1277.8872784260,183.7230301314
129.6897676000,2812,0.0307818223,1277.8872784260,183.7212249365
129.7398679000,2813,0.0307628373,1277.8872784260,183.5830380698
129.7887111000,2814,0.0307621280,1277.8872784260,183.5778753108
129.8388983000,2815,0.0307621280,1277.8872784260,183.5778753108
129.8899141000,2816,0.0307621280,1277.8872784260,183.5778753108
129.9403417000,2817,0.0307621280,1277.8872784260,183.5778753108
129.9923127000,2818,0.0307621280,1277.8872784260,183.5778753108
130.0436729000,2819,0.0307621280,1277.8872784260,183.5778753108
130.0935729000,2820,0.0307621280,1277.8872784260,183.5778753108
130.1434309000,2821,0.0307621280,1277.8872784260,183.5778753108
130.1950779000,2822,0.0307621280,1277.8872784260,183.5778753108
130.2469275000,2823,0.0307621280,1277.8872784260,183.5778753108
130.2976415000,2824,0.0307621280,1277.8872784260,183.5778753108
130.3488411000,2825,0.0307621280,1277.8872784260,183.5778753108
130.3988687000,2826,0.0307621280,1277.8872784260,183.5778753108
130.4478413000,2827,0.0307621280,1277.8872784260,183.5778753108
130.4974462000,2828,0.0307621280,1277.8872784260,183.5778753108
130.5454547000,2829,0.0307621280,1277.8872784260,183.5778753108
130.5928212000,2830,0.0307621280,1277.8872784260,183.5778753108
130.6415197000,2831,0.0307621280,1277.8872784260,183.5778753108
130.6896298000,2832,0.0307621280,1277.8872784260,183.5778753108
130.7364692000,2833,0.0307621280,1277.8872784260,183.5778753108
130.7821471000,2834,0.0307621280,1277.8872784260,183.5778753108
130.8253411000,2835,0.0307621280,1277.8872784260,183.5778753108
130.8677680000,2836,0.0307621280,1277.8872784260,183.5778753108
130.9104915000,2837,0.0307621280,1277.8872784260,183.5778753108
130.9539209000,2838,0.0307621280,1277.8872784260,183.5778753108
130.9987594000,2839,0.0307621280,1277.8872784260,183.5778753108
131.0436719000,2840,0.0307621280,1277.8872784260,183.5778753108
131.0886004000,2841,0.0307621280,1277.8872784260,183.5778753108
131.1351101000,2842,0.0307621280,1277.8872784260,183.5778753108
131.1831284000,2843,0.0307621280,1277.8872784260,183.5778753108
131.2326769000,2844,0.0307621280,1277.8872784260,183.5778753108
131.2813039000,2845,0.0307621280,1277.8872784260,183.5778753108
131.3288630000,2846,0.0307621280,1277.8872784260,183.5778753108
131.3788184000,2847,0.0307621280,1277.8872784260,183.5778753108
131.4257174000,2848,0.0307621280,1277.8872784260,183.5778753108
131.4708685000,2849,0.0307621280,1277.8872784260,183.5778753108
131.5150934000,2850,0.0307621280,1277.8872784260,183.5778753108
131.5578737000,2851,0.0307621280,1277.8872784260,183.5778753108
131.6036971000,2852,0.0307621280,1277.8872784260,183.5778753108
131.6538462000,2853,0.0307621280,1277.8872784260,183.5778753108
131.7039598000,2854,0.0307621280,1277.8872784260,183.5778753108
131.7520457000,2855,0.0307621280,1277.8872784260,183.5778753108
131.7998821000,2856,0.0307621280,1277.8872784260,183.5778753108
131.8478290000,2857,0.0307621280,1277.8872784260,183.5778753108
131.8933409000,2858,0.0307621280,1277.8872784260,183.5778753108
131.9376829000,2859,0.0307621280,1277.8872784260,183.5778753108
131.9809786000,2860,0.0307621280,1277.8872784260,183.5778753108
132.0296989000,2861,0.0307621280,1277.8872784260,183.5778753108
132.0766027000,2862,0.0307621280,1277.8872784260,183.5778753108
132.1251603000,2863,0.0307621280,1277.8872784260,183.5778753108
132.1735655000,2864,0.0307621280,1277.8872784260,183.5778753108
132.2231888000,2865,0.0307621280,1277.8872784260,183.5778753108
132.2736390000,2866,0.0307621280,1277.8872784260,183.5778753108
132.3185262000,2867,0.0307621280,1277.8872784260,183.5778753108
132.3686145000,2868,0.0307621280,1277.8872784260,183.5778753108
132.4163994000,2869,0.0307621280,1277.8872784260,183.5778753108
132.4645570000,2870,0.0307621280,1277.8872784260,183.5778753108
132.5162821000,2871,0.0307621280,1277.8872784260,183.5778753108
132.5632494000,2872,0.0307621280,1277.8872784260,183.5778753108
132.6080195000,2873,0.0307621280,1277.8872784260,183.5778753108
132.6570271000,2874,0.0307621280,1277.8872784260,183.5778753108
132.7014469000,2875,0.0307621280,1277.8872784260,183.5778753108
132.7465624000,2876,0.0307621280,1277.8872784260,183.5778753108
132.7909195000,2877,0.0307621280,1277.8872784260,183.5778753108
132.8363228000,2878,0.0307345113,1277.8872784260,183.3768609531
132.8816783000,2879,0.0307345113,1277.8872784260,183.3768609531
132.9267934000,2880,0.0307345113,1277.8872784260,183.3768609531
132.9716109000,2881,0.0307345113,1277.8872784260,183.3768609531
133.0173861000,2882,0.0307345113,1277.8872784260,183.3768609531
133.0638847000,2883,0.0307288440,1277.8872784260,183.3356101334
133.1100212000,2884,0.0307286739,1277.8872784260,183.3343719927
133.1542395000,2885,0.0307286739,1277.8872784260,183.3343719927
133.2009482000,2886,0.0307242663,1277.8872784260,183.3022899964
133.2459937000,2887,0.0307242663,1277.8872784260,183.3022899964
133.2929576000,2888,0.0307242663,1277.8872784260,183.3022899964
133.3400681000,2889,0.0307242663,1277.8872784260,183.3022899964
133.3880377000,2890,0.0307141587,1277.8872784260,183.2287196207
133.4309510000,2891,0.0306945734,1277.8872784260,183.0861628802
133.4770206000,2892,0.0306945734,1277.8872784260,183.0861628802
133.5260254000,2893,0.0306945734,1277.8872784260,183.0861628802
133.5728868000,2894,0.0306945734,1277.8872784260,183.0861628802
133.6207698000,2895,0.0306945734,1277.8872784260,183.0861628802
133.6650663000,2896,0.0306945734,1277.8872784260,183.0861628802
133.7124980000,2897,0.0306945734,1277.8872784260,183.0861628802
133.7599665000,2898,0.0306945734,1277.8872784260,183.0861628802
133.8057294000,2899,0.0306703790,1277.8872784260,182.9100586040
133.8525046000,2900,0.0306703790,1277.8872784260,182.9100586040
133.9016611000,2901,0.0306703790,1277.8872784260,182.9100586040
133.9476896000,2902,0.0306703790,1277.8872784260,182.9100586040
133.9933610000,2903,0.0306703790,1277.8872784260,182.9100586040
134.0373045000,2904,0.0306703790,1277.8872784260,182.9100586040
134.0835211000,2905,0.0306703790,1277.8872784260,182.9100586040
134.1328492000,2906,0.0306703790,1277.8872784260,182.9100586040
134.1812083000,2907,0.0306703790,1277.8872784260,182.9100586040
134.2285586000,2908,0.0306703790,1277.8872784260,182.9100586040
134.2728843000,2909,0.0306703790,1277.8872784260,182.9100586040
134.3212386000,2910,0.0306703790,1277.8872784260,182.9100586040
134.3718395000,2911,0.0306674275,1277.8872784260,182.8885750549
134.4193413000,2912,0.0306674275,1277.8872784260,182.8885750549
134.4671227000,2913,0.0306674275,1277.8872784260,182.8885750549
134.5155720000,2914,0.0306674275,1277.8872784260,182.8885750549
134.5662061000,2915,0.0306674275,1277.8872784260,182.8885750549
134.6139952000,2916,0.0306674275,1277.8872784260,182.8885750549
134.6623234000,2917,0.0306674275,1277.8872784260,182.8885750549
134.7066412000,2918,0.0306674275,1277.8872784260,182.8885750549
134.7517372000,2919,0.0306674275,1277.8872784260,182.8885750549
134.7945998000,2920,0.0306674275,1277.8872784260,182.8885750549
134.8390835000,2921,0.0306673058,1277.8872784260,182.8876896185
134.8829336000,2922,0.0306673058,1277.8872784260,182.8876896185
134.9258847000,2923,0.0306673058,1277.8872784260,182.8876896185
134.9685040000,2924,0.0306673058,1277.8872784260,182.8876896185
135.0132233000,2925,0.0306673058,1277.8872784260,182.8876896185
135.0586508000,2926,0.0306673058,1277.8872784260,182.8876896185
135.1044146000,2927,0.0306673058,1277.8872784260,182.8876896185
135.1512689000,2928,0.0306673058,1277.8872784260,182.8876896185
135.1974024000,2929,0.0306673058,1277.8872784260,182.8876896185
135.2460421000,2930,0.0306673058,1277.8872784260,182.8876896185
135.2942021000,2931,0.0306673058,1277.8872784260,182.8876896185
135.3436362000,2932,0.0306522251,1277.8872784260,182.7779212004
135.3935789000,2933,0.0306522251,1277.8872784260,182.7779212004
135.4394432000,2934,0.0306522251,1277.8872784260,182.7779212004
135.4827466000,2935,0.0306522251,1277.8872784260,182.7779212004
135.5299296000,2936,0.0306522251,1277.8872784260,182.7779212004
135.5758061000,2937,0.0306522251,1277.8872784260,182.7779212004
135.6197414000,2938,0.0306522251,1277.8872784260,182.7779212004
135.6666809000,2939,0.0306522251,1277.8872784260,182.7779212004
135.7112582000,2940,0.0306522251,1277.8872784260,182.7779212004
135.7547618000,2941,0.0306485550,1277.8872784260,182.7512070957
135.7971981000,2942,0.0306485550,1277.8872784260,182.7512070957
135.8391310000,2943,0.0306446795,1277.8872784260,182.7229985522
135.8841035000,2944,0.0306446795,1277.8872784260,182.7229985522
135.9294141000,2945,0.0306446795,1277.8872784260,182.7229985522
135.9736800000,2946,0.0306446795,1277.8872784260,182.7229985522
136.0168120000,2947,0.0306439253,1277.8872784260,182.7175087753
136.0669189000,2948,0.0306439253,1277.8872784260,182.7175087753
136.1183600000,2949,0.0306214915,1277.8872784260,182.5542194004
136.1665701000,2950,0.0306214915,1277.8872784260,182.5542194004
136.2141288000,2951,0.0306214915,1277.8872784260,182.5542194004
136.2636975000,2952,0.0306214915,1277.8872784260,182.5542194004
136.3126616000,2953,0.0306214915,1277.8872784260,182.5542194004
136.3631535000,2954,0.0306214287,1277.8872784260,182.5537620930
136.4134630000,2955,0.0306176161,1277.8872784260,182.5260108568
136.4604365000,2956,0.0306176161,1277.8872784260,182.5260108568
136.5106299000,2957,0.0306176161,1277.8872784260,182.5260108568
136.5619871000,2958,0.0306176161,1277.8872784260,182.5260108568
136.6119730000,2959,0.0306176161,1277.8872784260,182.5260108568
136.6636924000,2960,0.0306176161,1277.8872784260,182.5260108568
136.7154120000,2961,0.0306165009,1277.8872784260,182.5178940702
136.7645842000,2962,0.0306165009,1277.8872784260,182.5178940702
136.8132601000,2963,0.0306165009,1277.8872784260,182.5178940702
136.8637674000,2964,0.0306165009,1277.8872784260,182.5178940702
136.9121558000,2965,0.0306165009,1277.8872784260,182.5178940702
136.9615840000,2966,0.0306165009,1277.8872784260,182.5178940702
137.0110558000,2967,0.0306165009,1277.8872784260,182.5178940702
137.0617793000,2968,0.0306165009,1277.8872784260,182.5178940702
137.1105743000,2969,0.0306165009,1277.8872784260,182.5178940702
137.1604815000,2970,0.0306165009,1277.8872784260,182.5178940702
137.2110432000,2971,0.0306101765,1274.9352784260,182.5650285973
137.2614724000,2972,0.0306101765,1274.9352784260,182.5650285973
137.3110549000,2973,0.0306101765,1274.9352784260,182.5650285973
137.3593708000,2974,0.0306101765,1274.9352784260,182.5650285973
137.4056974000,2975,0.0306101765,1274.9352784260,182.5650285973
137.4538111000,2976,0.0306101765,1274.9352784260,182.5650285973
137.5008647000,2977,0.0306101765,1274.9352784260,182.5650285973
137.5502443000,2978,0.0305789495,1274.9352784260,182.3377358361
137.5998219000,2979,0.0305789495,1274.9352784260,182.3377358361
137.6471022000,2980,0.0305789495,1274.9352784260,182.3377358361
137.6928542000,2981,0.0305789495,1274.9352784260,182.3377358361
137.7409647000,2982,0.0305789495,1274.9352784260,182.3377358361
137.7894228000,2983,0.0305789495,1274.9352784260,182.3377358361
137.8376735000,2984,0.0305789495,1274.9352784260,182.3377358361
137.8843804000,2985,0.0305750741,1274.9352784260,182.3095272925
137.9338268000,2986,0.0305660703,1274.9352784260,182.2439913801
137.9858360000,2987,0.0305660703,1274.9352784260,182.2439913801
138.0360178000,2988,0.0305651107,1274.9352784260,182.2370065659
138.0858161000,2989,0.0305626892,1274.9352784260,182.2193812936
138.1353521000,2990,0.0305622764,1274.9352784260,182.2163763943
138.1846318000,2991,0.0305622764,1274.9352784260,182.2163763943
138.2373047000,2992,0.0305622764,1274.9352784260,182.2163763943
138.2890632000,2993,0.0305622764,1274.9352784260,182.2163763943
138.3388181000,2994,0.0305561065,1274.9352784260,182.1714676083
138.3892123000,2995,0.0305561065,1274.9352784260,182.1714676083
138.4403855000,2996,0.0305561065,1274.9352784260,182.1714676083
138.4916509000,2997,0.0305561065,1274.9352784260,182.1714676083
138.5426961000,2998,0.0305561065,1274.9352784260,182.1714676083
138.5932958000,2999,0.0305561065,1274.9352784260,182.1714676083
138.6436603000,3000,0.0305561065,1274.9352784260,182.1714676083
138.6948041000,3001,0.0305561065,1274.9352784260,182.1714676083
138.7445227000,3002,0.0305561065,1274.9352784260,182.1714676083
138.7953242000,3003,0.0305561065,1274.9352784260,182.1714676083
138.8429965000,3004,0.0305561065,1274.9352784260,182.1714676083
138.8930073000,3005,0.0305561065,1274.9352784260,182.1714676083
138.9428969000,3006,0.0305561065,1274.9352784260,182.1714676083
138.9906372000,3007,0.0305561065,1274.9352784260,182.1714676083
139.0408784000,3008,0.0305561065,1274.9352784260,182.1714676083
139.0902764000,3009,0.0305561065,1274.9352784260,182.1714676083
139.1395076000,3010,0.0305561065,1274.9352784260,182.1714676083
139.1840722000,3011,0.0305561065,1274.9352784260,182.1714676083
139.2279285000,3012,0.0305561065,1274.9352784260,182.1714676083
139.2737287000,3013,0.0305561065,1274.9352784260,182.1714676083
139.3232990000,3014,0.0305532709,1274.9352784260,182.1508274238
139.3713163000,3015,0.0305532709,1274.9352784260,182.1508274238
139.4154588000,3016,0.0305532709,1274.9352784260,182.1508274238
139.4609667000,3017,0.0305522311,1274.9352784260,182.1432590647
139.5074412000,3018,0.0305522311,1274.9352784260,182.1432590647
139.5530566000,3019,0.0305522311,1274.9352784260,182.1432590647
139.5995299000,3020,0.0305522311,1274.9352784260,182.1432590647
139.6469964000,3021,0.0305522311,1274.9352784260,182.1432590647
139.6932525000,3022,0.0305522311,1274.9352784260,182.1432590647
139.7372718000,3023,0.0305522311,1274.9352784260,182.1432590647
139.7801089000,3024,0.0305522311,1274.9352784260,182.1432590647
139.8269166000,3025,0.0305522311,1274.9352784260,182.1432590647
139.8700851000,3026,0.0305522311,1274.9352784260,182.1432590647
139.9144830000,3027,0.0305522311,1274.9352784260,182.1432590647
139.9579625000,3028,0.0305522311,1274.9352784260,182.1432590647
139.9981638000,3029,0.0305522311,1274.9352784260,182.1432590647
140.0421765000,3030,0.0305522311,1274.9352784260,182.1432590647
140.0856479000,3031,0.0305387181,1274.9352784260,182.0449017474
140.1333782000,3032,0.0305387181,1274.9352784260,182.0449017474
140.1790649000,3033,0.0305387181,1274.9352784260,182.0449017474
140.2256440000,3034,0.0305387181,1274.9352784260,182.0449017474
140.2719148000,3035,0.0305387181,1274.9352784260,182.0449017474
140.3192748000,3036,0.0305387181,1274.9352784260,182.0449017474
140.3672410000,3037,0.0305387181,1274.9352784260,182.0449017474
140.4149794000,3038,0.0305387181,1274.9352784260,182.0449017474
140.4603133000,3039,0.0305387181,1274.9352784260,182.0449017474
140.5292680000,3040,0.0305387181,1274.9352784260,182.0449017474
140.5908241000,3041,0.0305387181,1274.9352784260,182.0449017474
140.6366244000,3042,0.0305387181,1274.9352784260,182.0449017474
140.6841349000,3043,0.0305354267,1274.9352784260,182.0209441558
140.7353941000,3044,0.0305354267,1274.9352784260,182.0209441558
140.7805827000,3045,0.0305354267,1274.9352784260,182.0209441558
140.8258607000,3046,0.0305354267,1274.9352784260,182.0209441558
140.8713048000,3047,0.0305354267,1274.9352784260,182.0209441558
140.9155974000,3048,0.0305354267,1274.9352784260,182.0209441558
140.9614810000,3049,0.0305354267,1274.9352784260,182.0209441558
141.0072461000,3050,0.0305354267,1274.9352784260,182.0209441558
141.0531404000,3051,0.0305255815,1274.9352784260,181.9492836654
141.0971865000,3052,0.0305255815,1274.9352784260,181.9492836654
141.1445043000,3053,0.0305255815,1274.9352784260,181.9492836654
141.1917019000,3054,0.0305255815,1274.9352784260,181.9492836654
141.2399799000,3055,0.0305255815,1274.9352784260,181.9492836654
141.2847960000,3056,0.0305255815,1274.9352784260,181.9492836654
141.3285771000,3057,0.0305139842,1274.9352784260,181.8648699861
141.3762513000,3058,0.0305139842,1274.9352784260,181.8648699861
141.4225783000,3059,0.0305128618,1274.9352784260,181.8567008176
141.4704118000,3060,0.0305110530,1274.9352784260,181.8435348022
141.5166642000,3061,0.0305110530,1274.9352784260,181.8435348022
141.5647033000,3062,0.0305110530,1274.9352784260,181.8435348022
141.6119482000,3063,0.0305110530,1274.9352784260,181.8435348022
141.6627201000,3064,0.0305101087,1274.9352784260,181.8366614425
141.7126118000,3065,0.0305101087,1274.9352784260,181.8366614425
141.7586764000,3066,0.0305033594,1274.9352784260,181.7875348022
141.8063071000,3067,0.0305033594,1274.9352784260,181.7875348022
141.8540259000,3068,0.0305004911,1274.9352784260,181.7666570699
141.9025905000,3069,0.0305004911,1274.9352784260,181.7666570699
141.9493644000,3070,0.0304903077,1274.9352784260,181.6925348022
141.9969921000,3071,0.0304891554,1274.9352784260,181.6841479918
142.0408607000,3072,0.0304890192,1274.9352784260,181.6831561782
142.0851750000,3073,0.0304875100,1274.9352784260,181.6721713812
142.1299846000,3074,0.0304875100,1274.9352784260,181.6721713812
142.1752609000,3075,0.0304849582,1274.9352784260,181.6535976080
142.2199202000,3076,0.0304849582,1274.9352784260,181.6535976080
142.2615877000,3077,0.0304849582,1274.9352784260,181.6535976080
142.3040212000,3078,0.0304747658,1274.9352784260,181.5794096110
142.3492785000,3079,0.0304536475,1274.9352784260,181.4256952764
142.3969369000,3080,0.0304536475,1274.9352784260,181.4256952764
142.4456766000,3081,0.0304536475,1274.9352784260,181.4256952764
142.4946520000,3082,0.0304536475,1274.9352784260,181.4256952764
142.5415265000,3083,0.0304536475,1274.9352784260,181.4256952764
142.5867147000,3084,0.0304536475,1274.9352784260,181.4256952764
142.6363846000,3085,0.0304479775,1274.9352784260,181.3844248355
142.6859589000,3086,0.0304479775,1274.9352784260,181.3844248355
142.7351185000,3087,0.0304479775,1274.9352784260,181.3844248355
142.7856563000,3088,0.0304479775,1274.9352784260,181.3844248355
142.8350299000,3089,0.0304479775,1274.9352784260,181.3844248355
142.8848749000,3090,0.0304455621,1274.9352784260,181.3668433965
142.9322646000,3091,0.0304455621,1274.9352784260,181.3668433965
142.9788484000,3092,0.0304398921,1274.9352784260,181.3255729555
143.0273267000,3093,0.0304398921,1274.9352784260,181.3255729555
143.0763028000,3094,0.0304398921,1274.9352784260,181.3255729555
143.1225471000,3095,0.0304398921,1274.9352784260,181.3255729555
143.1716836000,3096,0.0304395767,1274.9352784260,181.3232771505
143.2209270000,3097,0.0304395767,1274.9352784260,181.3232771505
143.2653655000,3098,0.0304395767,1274.9352784260,181.3232771505
143.3108456000,3099,0.0304395767,1274.9352784260,181.3232771505
143.3588616000,3100,0.0304261887,1274.9352784260,181.2258296759
143.4085602000,3101,0.0304261887,1274.9352784260,181.2258296759
143.4601954000,3102,0.0304215493,1274.9352784260,181.1920606443
143.5097941000,3103,0.0304215493,1274.9352784260,181.1920606443
143.5585190000,3104,0.0304209068,1274.9352784260,181.1873837963
143.6076345000,3105,0.0304209068,1274.9352784260,181.1873837963
143.6553488000,3106,0.0304209068,1274.9352784260,181.1873837963
143.7022770000,3107,0.0304209068,1274.9352784260,181.1873837963
143.7509304000,3108,0.0304209068,1274.9352784260,181.1873837963
143.7994631000,3109,0.0304109653,1274.9352784260,181.1150228481
143.8485095000,3110,0.0304109653,1274.9352784260,181.1150228481
143.8942655000,3111,0.0304109653,1274.9352784260,181.1150228481
143.9412069000,3112,0.0304109653,1274.9352784260,181.1150228481
143.9862023000,3113,0.0304109653,1274.9352784260,181.1150228481
144.0334054000,3114,0.0304109653,1274.9352784260,181.1150228481
144.0796057000,3115,0.0304109653,1274.9352784260,181.1150228481
144.1243896000,3116,0.0304109653,1274.9352784260,181.1150228481
144.1703059000,3117,0.0304109653,1274.9352784260,181.1150228481
144.2145013000,3118,0.0304109653,1274.9352784260,181.1150228481
144.2617803000,3119,0.0304109653,1274.9352784260,181.1150228481
144.3128182000,3120,0.0304109653,1274.9352784260,181.1150228481
144.3645466000,3121,0.0304109653,1274.9352784260,181.1150228481
144.4134439000,3122,0.0304109653,1274.9352784260,181.1150228481
144.4606696000,3123,0.0304109653,1274.9352784260,181.1150228481
144.5054685000,3124,0.0304109653,1274.9352784260,181.1150228481
144.5507201000,3125,0.0304109653,1274.9352784260,181.1150228481
144.5976945000,3126,0.0304109653,1274.9352784260,181.1150228481
144.6463991000,3127,0.0304099479,1274.9352784260,181.1076168085
144.6952827000,3128,0.0304099479,1274.9352784260,181.1076168085
144.7453051000,3129,0.0304099479,1274.9352784260,181.1076168085
144.7900991000,3130,0.0304099479,1274.9352784260,181.1076168085
144.8361668000,3131,0.0304036839,1274.9352784260,181.0620228481
144.8848940000,3132,0.0304036839,1274.9352784260,181.0620228481
144.9335824000,3133,0.0303939256,1274.9352784260,180.9909952282
144.9811947000,3134,0.0303939256,1274.9352784260,180.9909952282
145.0314702000,3135,0.0303939256,1274.9352784260,180.9909952282
145.0757759000,3136,0.0303939256,1274.9352784260,180.9909952282
145.1229186000,3137,0.0303939256,1274.9352784260,180.9909952282
145.1687435000,3138,0.0303888749,1274.9352784260,180.9542324619
145.2156344000,3139,0.0303577529,1274.9352784260,180.7277030792
145.2634867000,3140,0.0303577529,1274.9352784260,180.7277030792
145.3064098000,3141,0.0303577529,1274.9352784260,180.7277030792
145.3543198000,3142,0.0303577529,1274.9352784260,180.7277030792
145.3999019000,3143,0.0303577529,1274.9352784260,180.7277030792
145.4513133000,3144,0.0303577529,1274.9352784260,180.7277030792
145.4983454000,3145,0.0303577529,1274.9352784260,180.7277030792
145.5473499000,3146,0.0303577529,1274.9352784260,180.7277030792
145.5980781000,3147,0.0303489385,1274.9352784260,180.6635459722
145.6467690000,3148,0.0303489385,1274.9352784260,180.6635459722
145.6943571000,3149,0.0303489385,1274.9352784260,180.6635459722
145.7392784000,3150,0.0303489385,1274.9352784260,180.6635459722
145.7843076000,3151,0.0303489385,1274.9352784260,180.6635459722
145.8293667000,3152,0.0303240932,1274.9352784260,180.4827030792
145.8752078000,3153,0.0303240932,1274.9352784260,180.4827030792
145.9180099000,3154,0.0303240932,1274.9352784260,180.4827030792
145.9641637000,3155,0.0303240932,1274.9352784260,180.4827030792
146.0119681000,3156,0.0303240932,1274.9352784260,180.4827030792
146.0564416000,3157,0.0303240932,1274.9352784260,180.4827030792
146.0999304000,3158,0.0303240932,1274.9352784260,180.4827030792
146.1468143000,3159,0.0303240932,1274.9352784260,180.4827030792
146.1922942000,3160,0.0303240932,1274.9352784260,180.4827030792
146.2399192000,3161,0.0303240932,1274.9352784260,180.4827030792
146.2849895000,3162,0.0303076068,1274.9352784260,180.3627030792
146.3328978000,3163,0.0303076068,1274.9352784260,180.3627030792
146.3791807000,3164,0.0303076068,1274.9352784260,180.3627030792
146.4259212000,3165,0.0303062937,1274.9352784260,180.3531455004
146.4744352000,3166,0.0303062937,1274.9352784260,180.3531455004
146.5240409000,3167,0.0303062937,1274.9352784260,180.3531455004
146.5690542000,3168,0.0303062937,1274.9352784260,180.3531455004
146.6153461000,3169,0.0303062937,1274.9352784260,180.3531455004
146.6591257000,3170,0.0303062937,1274.9352784260,180.3531455004
146.7069457000,3171,0.0303062937,1274.9352784260,180.3531455004
146.7564748000,3172,0.0303062937,1274.9352784260,180.3531455004
146.8047776000,3173,0.0303062937,1274.9352784260,180.3531455004
146.8517058000,3174,0.0303062937,1274.9352784260,180.3531455004
146.8982696000,3175,0.0303062937,1274.9352784260,180.3531455004
146.9430432000,3176,0.0303062937,1274.9352784260,180.3531455004
146.9937520000,3177,0.0303062937,1274.9352784260,180.3531455004
147.0418566000,3178,0.0303062937,1274.9352784260,180.3531455004
147.0913973000,3179,0.0302968425,1274.9352784260,180.2843527406
147.1409729000,3180,0.0302968425,1274.9352784260,180.2843527406
147.1892561000,3181,0.0302968425,1274.9352784260,180.2843527406
147.2396105000,3182,0.0302968425,1274.9352784260,180.2843527406
147.2917277000,3183,0.0302968425,1274.9352784260,180.2843527406
147.3404598000,3184,0.0302968425,1274.9352784260,180.2843527406
147.3885816000,3185,0.0302968425,1274.9352784260,180.2843527406
147.4344100000,3186,0.0302968425,1274.9352784260,180.2843527406
147.4800634000,3187,0.0302968425,1274.9352784260,180.2843527406
147.5289057000,3188,0.0302931331,1274.9352784260,180.2573527406
147.5770014000,3189,0.0302829137,1274.9352784260,180.1829683741
147.6232869000,3190,0.0302816006,1274.9352784260,180.1734107953
147.6706151000,3191,0.0302816006,1274.9352784260,180.1734107953
147.7200587000,3192,0.0302535899,1274.9352784260,179.9695279733
147.7684591000,3193,0.0302485991,1274.9352784260,179.9332014647
147.8141912000,3194,0.0302469505,1274.9352784260,179.9212014647
147.8574599000,3195,0.0302469505,1274.9352784260,179.9212014647
147.8989136000,3196,0.0302469505,1274.9352784260,179.9212014647
147.9414328000,3197,0.0302469505,1274.9352784260,179.9212014647
147.9846225000,3198,0.0302469505,1274.9352784260,179.9212014647
148.0267536000,3199,0.0302469505,1274.9352784260,179.9212014647
148.0723229000,3200,0.0302469505,1274.9352784260,179.9212014647
148.1143904000,3201,0.0302469505,1274.9352784260,179.9212014647
148.1604147000,3202,0.0302469505,1274.9352784260,179.9212014647
148.2084639000,3203,0.0302439280,1274.9352784260,179.8992014647
148.2586716000,3204,0.0302263228,1274.9352784260,179.7710580240
148.3056495000,3205,0.0302263228,1274.9352784260,179.7710580240
148.3575636000,3206,0.0302263228,1274.9352784260,179.7710580240
148.4062547000,3207,0.0302263228,1274.9352784260,179.7710580240
148.4549346000,3208,0.0302263228,1274.9352784260,179.7710580240
148.5043413000,3209,0.0302263228,1274.9352784260,179.7710580240
148.5566580000,3210,0.0302263228,1274.9352784260,179.7710580240
148.6035314000,3211,0.0302263228,1274.9352784260,179.7710580240
148.6511869000,3212,0.0302263228,1274.9352784260,179.7710580240
148.6948828000,3213,0.0302263228,1274.9352784260,179.7710580240
148.7445747000,3214,0.0302263228,1274.9352784260,179.7710580240
148.7905616000,3215,0.0302263228,1274.9352784260,179.7710580240
148.8393994000,3216,0.0302263228,1274.9352784260,179.7710580240
148.8886743000,3217,0.0302263228,1274.9352784260,179.7710580240
148.9384622000,3218,0.0302263228,1274.9352784260,179.7710580240
148.9856226000,3219,0.0302256111,1274.9352784260,179.7658776777
149.0327757000,3220,0.0302256111,1274.9352784260,179.7658776777
149.0780386000,3221,0.0302256111,1274.9352784260,179.7658776777
149.1249934000,3222,0.0302256111,1274.9352784260,179.7658776777
149.1729941000,3223,0.0302256111,1274.9352784260,179.7658776777
149.2223707000,3224,0.0302256111,1274.9352784260,179.7658776777
149.2697298000,3225,0.0302256111,1274.9352784260,179.7658776777
149.3173366000,3226,0.0302256111,1274.9352784260,179.7658776777
149.3656824000,3227,0.0302256111,1274.9352784260,179.7658776777
149.4164114000,3228,0.0302256111,1274.9352784260,179.7658776777
149.4662844000,3229,0.0302256111,1274.9352784260,179.7658776777
149.5163082000,3230,0.0302256111,1274.9352784260,179.7658776777
149.5649026000,3231,0.0302256111,1274.9352784260,179.7658776777
149.6144843000,3232,0.0302256111,1274.9352784260,179.7658776777
149.6619480000,3233,0.0302256111,1274.9352784260,179.7658776777
149.7103511000,3234,0.0302121202,1274.9352784260,179.6676806751
149.7608838000,3235,0.0302121202,1274.9352784260,179.6676806751
149.8099223000,3236,0.0302121202,1274.9352784260,179.6676806751
149.8589954000,3237,0.0302121202,1274.9352784260,179.6676806751
149.9076123000,3238,0.0302121202,1274.9352784260,179.6676806751
149.9559174000,3239,0.0302121202,1274.9352784260,179.6676806751
150.0025643000,3240,0.0302121202,1274.9352784260,179.6676806751
150.0487427000,3241,0.0302121202,1274.9352784260,179.6676806751
150.0955145000,3242,0.0302121202,1274.9352784260,179.6676806751
150.1402446000,3243,0.0302121202,1274.9352784260,179.6676806751
150.1865046000,3244,0.0302121202,1274.9352784260,179.6676806751
150.2327299000,3245,0.0302121202,1274.9352784260,179.6676806751
150.2800177000,3246,0.0302121202,1274.9352784260,179.6676806751
150.3278031000,3247,0.0302121202,1274.9352784260,179.6676806751
150.3761017000,3248,0.0302121202,1274.9352784260,179.6676806751
150.4231543000,3249,0.0302121202,1274.9352784260,179.6676806751
150.4667225000,3250,0.0302121202,1274.9352784260,179.6676806751
150.5145518000,3251,0.0302121202,1274.9352784260,179.6676806751
150.5597883000,3252,0.0302121202,1274.9352784260,179.6676806751
150.6042720000,3253,0.0302121202,1274.9352784260,179.6676806751
150.6481730000,3254,0.0302121202,1274.9352784260,179.6676806751
150.6912977000,3255,0.0302121202,1274.9352784260,179.6676806751
150.7352700000,3256,0.0302121202,1274.9352784260,179.6676806751
150.7789219000,3257,0.0302121202,1274.9352784260,179.6676806751
150.8262528000,3258,0.0302121202,1274.9352784260,179.6676806751
150.8726078000,3259,0.0302083771,1274.9352784260,179.6404357503
150.9191122000,3260,0.0302083771,1274.9352784260,179.6404357503
150.9633336000,3261,0.0302083771,1274.9352784260,179.6404357503
151.0104560000,3262,0.0302083771,1274.9352784260,179.6404357503
151.0554812000,3263,0.0302083771,1274.9352784260,179.6404357503
151.1042974000,3264,0.0302083771,1274.9352784260,179.6404357503
151.1499885000,3265,0.0302083771,1274.9352784260,179.6404357503
151.1976541000,3266,0.0302083771,1274.9352784260,179.6404357503
151.2450616000,3267,0.0302083771,1274.9352784260,179.6404357503
151.2925027000,3268,0.0302083771,1274.9352784260,179.6404357503
151.3429355000,3269,0.0302083771,1274.9352784260,179.6404357503
151.3913454000,3270,0.0301906542,1274.9352784260,179.5114357503
151.4419750000,3271,0.0301906542,1274.9352784260,179.5114357503
151.4899403000,3272,0.0301897915,1274.9352784260,179.5051560011
151.5393118000,3273,0.0301828751,1274.9352784260,179.4548134175
151.5880173000,3274,0.0301828751,1274.9352784260,179.4548134175
151.6366386000,3275,0.0301828751,1274.9352784260,179.4548134175
151.6850498000,3276,0.0301828751,1274.9352784260,179.4548134175
151.7376193000,3277,0.0301828751,1274.9352784260,179.4548134175
151.7890296000,3278,0.0301828751,1274.9352784260,179.4548134175
151.8375036000,3279,0.0301828751,1274.9352784260,179.4548134175
151.8839722000,3280,0.0301828751,1274.9352784260,179.4548134175
151.9320182000,3281,0.0301654132,1274.9352784260,179.3277132224
151.9785276000,3282,0.0301654132,1274.9352784260,179.3277132224
152.0250385000,3283,0.0301654132,1274.9352784260,179.3277132224
152.0667422000,3284,0.0301652758,1274.9352784260,179.3267132224
152.1143485000,3285,0.0301652758,1274.9352784260,179.3267132224
152.1592866000,3286,0.0301652758,1274.9352784260,179.3267132224
152.2062130000,3287,0.0301652758,1274.9352784260,179.3267132224
152.2561198000,3288,0.0301652758,1274.9352784260,179.3267132224
152.3030749000,3289,0.0301652758,1274.9352784260,179.3267132224
152.3494685000,3290,0.0301652758,1274.9352784260,179.3267132224
152.3957383000,3291,0.0301652758,1274.9352784260,179.3267132224
152.4450737000,3292,0.0301639457,1274.9352784260,179.3170311399
152.4914917000,3293,0.0301621801,1274.9352784260,179.3041798472
152.5355737000,3294,0.0301621801,1274.9352784260,179.3041798472
152.5797928000,3295,0.0301621801,1274.9352784260,179.3041798472
152.6273618000,3296,0.0301621801,1274.9352784260,179.3041798472
152.6749336000,3297,0.0301621801,1274.9352784260,179.3041798472
152.7209954000,3298,0.0301621801,1274.9352784260,179.3041798472
152.7632232000,3299,0.0301621801,1274.9352784260,179.3041798472
152.8075050000,3300,0.0301621801,1274.9352784260,179.3041798472
152.8527774000,3301,0.0301621801,1274.9352784260,179.3041798472
152.8958752000,3302,0.0301621801,1274.9352784260,179.3041798472
152.9424837000,3303,0.0301417838,1274.9352784260,179.1557206178
152.9862764000,3304,0.0301417838,1274.9352784260,179.1557206178
153.0318247000,3305,0.0301417838,1274.9352784260,179.1557206178
153.0763881000,3306,0.0301417838,1274.9352784260,179.1557206178
153.1180588000,3307,0.0301411556,1274.9352784260,179.1511484240
153.1651119000,3308,0.0301411556,1274.9352784260,179.1511484240
153.2131982000,3309,0.0301411556,1274.9352784260,179.1511484240
153.2616264000,3310,0.0301411556,1274.9352784260,179.1511484240
153.3111867000,3311,0.0301411556,1274.9352784260,179.1511484240
153.3596580000,3312,0.0301411556,1274.9352784260,179.1511484240
153.4085285000,3313,0.0301380813,1274.9352784260,179.1287713117
153.4541719000,3314,0.0301380813,1274.9352784260,179.1287713117
153.4991062000,3315,0.0301380813,1274.9352784260,179.1287713117
153.5459884000,3316,0.0301380813,1274.9352784260,179.1287713117
153.5907333000,3317,0.0301380813,1274.9352784260,179.1287713117
153.6398750000,3318,0.0301380813,1274.9352784260,179.1287713117
153.6861326000,3319,0.0301380813,1274.9352784260,179.1287713117
153.7330407000,3320,0.0301380813,1274.9352784260,179.1287713117
153.7798464000,3321,0.0301380813,1274.9352784260,179.1287713117
153.8261733000,3322,0.0301380813,1274.9352784260,179.1287713117
153.8771120000,3323,0.0301380813,1274.9352784260,179.1287713117
153.9221760000,3324,0.0301380813,1274.9352784260,179.1287713117
153.9690760000,3325,0.0301380813,1274.9352784260,179.1287713117
154.0173563000,3326,0.0301380813,1274.9352784260,179.1287713117
154.0607427000,3327,0.0301380813,1274.9352784260,179.1287713117
154.1079998000,3328,0.0301343041,1274.9352784260,179.1012777566
154.1542213000,3329,0.0301343041,1274.9352784260,179.1012777566
154.2004767000,3330,0.0301343041,1274.9352784260,179.1012777566
154.2445854000,3331,0.0301343041,1274.9352784260,179.1012777566
154.2928775000,3332,0.0301343041,1274.9352784260,179.1012777566
154.3409918000,3333,0.0301343041,1274.9352784260,179.1012777566
154.3887813000,3334,0.0301343041,1274.9352784260,179.1012777566
154.4359139000,3335,0.0301322056,1274.9352784260,179.0860036041
154.4808864000,3336,0.0301322056,1274.9352784260,179.0860036041
154.5245058000,3337,0.0301322056,1274.9352784260,179.0860036041
154.5713272000,3338,0.0301322056,1274.9352784260,179.0860036041
154.6163952000,3339,0.0301322056,1274.9352784260,179.0860036041
154.6625426000,3340,0.0301322056,1274.9352784260,179.0860036041
154.7082485000,3341,0.0301322056,1274.9352784260,179.0860036041
154.7562635000,3342,0.0301262316,1274.9352784260,179.0425206843
154.8051480000,3343,0.0301262316,1274.9352784260,179.0425206843
154.8551735000,3344,0.0301262316,1274.9352784260,179.0425206843
154.9039568000,3345,0.0301262316,1274.9352784260,179.0425206843
154.9501335000,3346,0.0301262316,1274.9352784260,179.0425206843
154.9982183000,3347,0.0301262316,1274.9352784260,179.0425206843
155.0507935000,3348,0.0301071203,1274.9352784260,178.9034139256
155.0981855000,3349,0.0301071203,1274.9352784260,178.9034139256
155.1434698000,3350,0.0301071203,1274.9352784260,178.9034139256
155.1884236000,3351,0.0301071203,1274.9352784260,178.9034139256
155.2301281000,3352,0.0301071203,1274.9352784260,178.9034139256
155.2731030000,3353,0.0301071203,1274.9352784260,178.9034139256
155.3146697000,3354,0.0301065043,1274.9352784260,178.8989306486
155.3641536000,3355,0.0301065043,1274.9352784260,178.8989306486
155.4124912000,3356,0.0301065043,1274.9352784260,178.8989306486
155.4595825000,3357,0.0300833857,1274.9352784260,178.7306559586
155.5050289000,3358,0.0300833857,1274.9352784260,178.7306559586
155.5487973000,3359,0.0300820644,1274.9352784260,178.7210392035
155.5938159000,3360,0.0300820644,1274.9352784260,178.7210392035
155.6363884000,3361,0.0300820644,1274.9352784260,178.7210392035
155.6825094000,3362,0.0300820644,1274.9352784260,178.7210392035
155.7273122000,3363,0.0300820644,1274.9352784260,178.7210392035
155.7750429000,3364,0.0300820644,1274.9352784260,178.7210392035
155.8259992000,3365,0.0300820644,1274.9352784260,178.7210392035
155.8721188000,3366,0.0300820644,1274.9352784260,178.7210392035
155.9241844000,3367,0.0300820644,1274.9352784260,178.7210392035
155.9698410000,3368,0.0300820644,1274.9352784260,178.7210392035
156.0180620000,3369,0.0300820644,1274.9352784260,178.7210392035
156.0657487000,3370,0.0300820644,1274.9352784260,178.7210392035
156.1154856000,3371,0.0300820644,1274.9352784260,178.7210392035
156.1642222000,3372,0.0300820644,1274.9352784260,178.7210392035
156.2117228000,3373,0.0300812193,1274.9352784260,178.7148873472
156.2619786000,3374,0.0300677641,1274.9352784260,178.6169507462
156.3151662000,3375,0.0300677641,1274.9352784260,178.6169507462
156.3646664000,3376,0.0300677641,1274.9352784260,178.6169507462
156.4149407000,3377,0.0300677641,1274.9352784260,178.6169507462
156.4672951000,3378,0.0300677641,1274.9352784260,178.6169507462
156.5170543000,3379,0.0300677641,1274.9352784260,178.6169507462
156.5666357000,3380,0.0300677641,1274.9352784260,178.6169507462
156.6087966000,3381,0.0300677641,1274.9352784260,178.6169507462
156.6592238000,3382,0.0300669189,1274.9352784260,178.6107988899
156.7098154000,3383,0.0300669189,1274.9352784260,178.6107988899
156.7598381000,3384,0.0300571796,1274.9352784260,178.5399092771
156.8118181000,3385,0.0300571796,1274.9352784260,178.5399092771
156.8611031000,3386,0.0300571796,1274.9352784260,178.5399092771
156.9113415000,3387,0.0300571796,1274.9352784260,178.5399092771
156.9632966000,3388,0.0300571796,1274.9352784260,178.5399092771
157.0079077000,3389,0.0300571796,1274.9352784260,178.5399092771
157.0513176000,3390,0.0300528903,1274.9352784260,178.5086884854
157.0976369000,3391,0.0300528903,1274.9352784260,178.5086884854
157.1428460000,3392,0.0300526381,1274.9352784260,178.5068523091
157.1882886000,3393,0.0300526381,1274.9352784260,178.5068523091
157.2321085000,3394,0.0300526381,1274.9352784260,178.5068523091
157.2767094000,3395,0.0300526381,1274.9352784260,178.5068523091
157.3234068000,3396,0.0300526381,1274.9352784260,178.5068523091
157.3704498000,3397,0.0300526381,1274.9352784260,178.5068523091
157.4183882000,3398,0.0300526381,1274.9352784260,178.5068523091
157.4681530000,3399,0.0300526381,1274.9352784260,178.5068523091
157.5166183000,3400,0.0300520452,1274.9352784260,178.5025366291
157.5645880000,3401,0.0300520452,1274.9352784260,178.5025366291
157.6086481000,3402,0.0300520452,1274.9352784260,178.5025366291
157.6568663000,3403,0.0300520452,1274.9352784260,178.5025366291
157.7026787000,3404,0.0300520452,1274.9352784260,178.5025366291
157.7496017000,3405,0.0300520452,1274.9352784260,178.5025366291
157.7919786000,3406,0.0300520452,1274.9352784260,178.5025366291
157.8396131000,3407,0.0300520452,1274.9352784260,178.5025366291
157.8861011000,3408,0.0300520452,1274.9352784260,178.5025366291
157.9324410000,3409,0.0300508094,1274.9352784260,178.4935419574
157.9803197000,3410,0.0300508094,1274.9352784260,178.4935419574
158.0301182000,3411,0.0300508094,1274.9352784260,178.4935419574
158.0789212000,3412,0.0300508094,1274.9352784260,178.4935419574
158.1268551000,3413,0.0300508094,1274.9352784260,178.4935419574
158.1742851000,3414,0.0300500977,1274.9352784260,178.4883616111
158.2213758000,3415,0.0300441020,1274.9352784260,178.4447202647
158.2726851000,3416,0.0300410951,1274.9352784260,178.4228342815
158.3198122000,3417,0.0300410951,1274.9352784260,178.4228342815
158.3679486000,3418,0.0300399179,1274.9352784260,178.4142653569
158.4135096000,3419,0.0300399179,1274.9352784260,178.4142653569
158.4595986000,3420,0.0300399179,1274.9352784260,178.4142653569
158.5047272000,3421,0.0300368954,1274.9352784260,178.3922653569
158.5507902000,3422,0.0300368954,1274.9352784260,178.3922653569
158.5956188000,3423,0.0300368954,1274.9352784260,178.3922653569
158.6387954000,3424,0.0300368954,1274.9352784260,178.3922653569
158.6903693000,3425,0.0300222550,1274.9352784260,178.2857017559
158.7368238000,3426,0.0300042169,1274.9352784260,178.1544073958
158.7862177000,3427,0.0300042169,1274.9352784260,178.1544073958
158.8340077000,3428,0.0300042169,1274.9352784260,178.1544073958
158.8794161000,3429,0.0299989198,1274.9352784260,178.1158511600
158.9259571000,3430,0.0299984926,1274.9352784260,178.1127413257
158.9737372000,3431,0.0299984926,1274.9352784260,178.1127413257
159.0193232000,3432,0.0299932961,1274.7678220224,178.0802028596
159.0621107000,3433,0.0299845464,1274.9352784260,178.0112309941
159.1072656000,3434,0.0299651323,1274.9352784260,177.8699206671
159.1521692000,3435,0.0299651323,1274.9352784260,177.8699206671
159.1985278000,3436,0.0299260396,1274.9352784260,177.5853753873
159.2449697000,3437,0.0299260396,1274.9352784260,177.5853753873
159.2889636000,3438,0.0299260396,1274.9352784260,177.5853753873
159.3354964000,3439,0.0299260396,1274.9352784260,177.5853753873
159.3795251000,3440,0.0299260396,1274.9352784260,177.5853753873
159.4238836000,3441,0.0299260396,1274.9352784260,177.5853753873
159.4762254000,3442,0.0299260396,1274.9352784260,177.5853753873
159.5327120000,3443,0.0299260396,1274.9352784260,177.5853753873
159.5832262000,3444,0.0299260396,1274.9352784260,177.5853753873
159.6324859000,3445,0.0299260396,1274.9352784260,177.5853753873
159.6788934000,3446,0.0299260396,1274.9352784260,177.5853753873
159.7265084000,3447,0.0299260396,1274.9352784260,177.5853753873
159.7723066000,3448,0.0299260396,1274.9352784260,177.5853753873
159.8188002000,3449,0.0299260396,1274.9352784260,177.5853753873
159.8638419000,3450,0.0299260396,1274.9352784260,177.5853753873
159.9086069000,3451,0.0299260396,1274.9352784260,177.5853753873
159.9534060000,3452,0.0299260396,1274.9352784260,177.5853753873
159.9975486000,3453,0.0299260396,1274.9352784260,177.5853753873
160.0417049000,3454,0.0299260396,1274.9352784260,177.5853753873
160.0866666000,3455,0.0299260396,1274.9352784260,177.5853753873
160.1307368000,3456,0.0299260396,1274.9352784260,177.5853753873
160.1768410000,3457,0.0299260396,1274.9352784260,177.5853753873
160.2215248000,3458,0.0299260396,1274.9352784260,177.5853753873
160.2651932000,3459,0.0299260396,1274.9352784260,177.5853753873
160.3157846000,3460,0.0299260396,1274.9352784260,177.5853753873
160.3672027000,3461,0.0299260396,1274.9352784260,177.5853753873
160.4152519000,3462,0.0299260396,1274.9352784260,177.5853753873
160.4586800000,3463,0.0299260396,1274.9352784260,177.5853753873
160.5036135000,3464,0.0299260396,1274.9352784260,177.5853753873
160.5469446000,3465,0.0299260396,1274.9352784260,177.5853753873
160.5915608000,3466,0.0299260396,1274.9352784260,177.5853753873
160.6354531000,3467,0.0299260396,1274.9352784260,177.5853753873
160.6785733000,3468,0.0299260396,1274.9352784260,177.5853753873
160.7197862000,3469,0.0299260396,1274.9352784260,177.5853753873
160.7661021000,3470,0.0299260396,1274.9352784260,177.5853753873
160.8146058000,3471,0.0299260052,1274.9352784260,177.5851251292
160.8624377000,3472,0.0299260052,1274.9352784260,177.5851251292
160.9079431000,3473,0.0299260052,1274.9352784260,177.5851251292
160.9525522000,3474,0.0299260052,1274.9352784260,177.5851251292
161.0006467000,3475,0.0299227379,1274.9352784260,177.5613429669
161.0455737000,3476,0.0299227379,1274.9352784260,177.5613429669
161.0910071000,3477,0.0299227379,1274.9352784260,177.5613429669
161.1358308000,3478,0.0299227379,1274.9352784260,177.5613429669
161.1814014000,3479,0.0299227379,1274.9352784260,177.5613429669
161.2273834000,3480,0.0299227379,1274.9352784260,177.5613429669
161.2689662000,3481,0.0299227379,1274.9352784260,177.5613429669
161.3183248000,3482,0.0299227379,1274.9352784260,177.5613429669
161.3687685000,3483,0.0299227379,1274.9352784260,177.5613429669
161.4173653000,3484,0.0299227379,1274.9352784260,177.5613429669
161.4658616000,3485,0.0299227379,1274.9352784260,177.5613429669
161.5149650000,3486,0.0299227379,1274.9352784260,177.5613429669
161.5638285000,3487,0.0299227379,1274.9352784260,177.5613429669
161.6133344000,3488,0.0299227379,1274.9352784260,177.5613429669
161.6651747000,3489,0.0299227379,1274.9352784260,177.5613429669
161.7113767000,3490,0.0299227379,1274.9352784260,177.5613429669
161.7555925000,3491,0.0299227379,1274.9352784260,177.5613429669
161.8032798000,3492,0.0299227379,1274.9352784260,177.5613429669
161.8499686000,3493,0.0299227379,1274.9352784260,177.5613429669
161.8959651000,3494,0.0299074807,1274.9352784260,177.4502898247
161.9422545000,3495,0.0299074807,1274.9352784260,177.4502898247
161.9867942000,3496,0.0299074807,1274.9352784260,177.4502898247
162.0328674000,3497,0.0299074807,1274.9352784260,177.4502898247
162.0798088000,3498,0.0299074807,1274.9352784260,177.4502898247
162.1254959000,3499,0.0299074807,1274.9352784260,177.4502898247
162.1741143000,3500,0.0299074807,1274.9352784260,177.4502898247
162.2190564000,3501,0.0299074807,1274.9352784260,177.4502898247
162.2650658000,3502,0.0299074807,1274.9352784260,177.4502898247
162.3135296000,3503,0.0299074807,1274.9352784260,177.4502898247
162.3639074000,3504,0.0299074807,1274.9352784260,177.4502898247
162.4161728000,3505,0.0299074807,1274.9352784260,177.4502898247
162.4670795000,3506,0.0299074807,1274.9352784260,177.4502898247
162.5191368000,3507,0.0299074807,1274.9352784260,177.4502898247
162.5684718000,3508,0.0299074807,1274.9352784260,177.4502898247
162.6161400000,3509,0.0299074807,1274.9352784260,177.4502898247
162.6647486000,3510,0.0299074807,1274.9352784260,177.4502898247
162.7125784000,3511,0.0299074807,1274.9352784260,177.4502898247
162.7608645000,3512,0.0299074807,1274.9352784260,177.4502898247
162.8083734000,3513,0.0299074807,1274.9352784260,177.4502898247
162.8587107000,3514,0.0299074807,1274.9352784260,177.4502898247
162.9062667000,3515,0.0299074807,1274.9352784260,177.4502898247
162.9526380000,3516,0.0299074807,1274.9352784260,177.4502898247
163.0056629000,3517,0.0299074807,1274.9352784260,177.4502898247
163.0566816000,3518,0.0299062196,1274.9352784260,177.4411102225
163.1053407000,3519,0.0299062196,1274.9352784260,177.4411102225
163.1550976000,3520,0.0299062196,1274.9352784260,177.4411102225
163.2049794000,3521,0.0299062196,1274.9352784260,177.4411102225
163.2523721000,3522,0.0299062196,1274.9352784260,177.4411102225
163.3076085000,3523,0.0299062196,1274.9352784260,177.4411102225
163.3564342000,3524,0.0299062196,1274.9352784260,177.4411102225
163.4062411000,3525,0.0299062196,1274.9352784260,177.4411102225
163.4551490000,3526,0.0299062196,1274.9352784260,177.4411102225
163.5053580000,3527,0.0299062196,1274.9352784260,177.4411102225
163.5517942000,3528,0.0299062196,1274.9352784260,177.4411102225
163.5967562000,3529,0.0299062196,1274.9352784260,177.4411102225
163.6420227000,3530,0.0299062196,1274.9352784260,177.4411102225
163.6869964000,3531,0.0299062196,1274.9352784260,177.4411102225
163.7322882000,3532,0.0299062196,1274.9352784260,177.4411102225
163.7763343000,3533,0.0299062196,1274.9352784260,177.4411102225
163.8219692000,3534,0.0299062196,1274.9352784260,177.4411102225
163.8658559000,3535,0.0299062196,1274.9352784260,177.4411102225
163.9153611000,3536,0.0299062196,1274.9352784260,177.4411102225
163.9608748000,3537,0.0298987284,1274.9352784260,177.3865837390
164.0090420000,3538,0.0298987284,1274.9352784260,177.3865837390
164.0550549000,3539,0.0298987284,1274.9352784260,177.3865837390
164.1011625000,3540,0.0298987284,1274.9352784260,177.3865837390
164.1433021000,3541,0.0298987284,1274.9352784260,177.3865837390
164.1884545000,3542,0.0298987284,1274.9352784260,177.3865837390
164.2310044000,3543,0.0298983573,1274.9352784260,177.3838831055
164.2758676000,3544,0.0298983573,1274.9352784260,177.3838831055
164.3212869000,3545,0.0298983573,1274.9352784260,177.3838831055
164.3674238000,3546,0.0298983573,1274.9352784260,177.3838831055
164.4173044000,3547,0.0298983573,1274.9352784260,177.3838831055
164.4640487000,3548,0.0298983573,1274.9352784260,177.3838831055
164.5132485000,3549,0.0298983573,1274.9352784260,177.3838831055
164.5597475000,3550,0.0298983573,1274.9352784260,177.3838831055
164.6105741000,3551,0.0298983573,1274.9352784260,177.3838831055
164.6598526000,3552,0.0298983573,1274.9352784260,177.3838831055
164.7075987000,3553,0.0298983573,1274.9352784260,177.3838831055
164.7521823000,3554,0.0298983573,1274.9352784260,177.3838831055
164.7992107000,3555,0.0298983573,1274.9352784260,177.3838831055
164.8489918000,3556,0.0298983573,1274.9352784260,177.3838831055
164.8974751000,3557,0.0298983573,1274.9352784260,177.3838831055
164.9424319000,3558,0.0298983573,1274.9352784260,177.3838831055
164.9886003000,3559,0.0298983573,1274.9352784260,177.3838831055
165.0382892000,3560,0.0298983573,1274.9352784260,177.3838831055
165.0845473000,3561,0.0298983573,1274.9352784260,177.3838831055
165.1322881000,3562,0.0298983573,1274.9352784260,177.3838831055
165.1782459000,3563,0.0298983573,1274.9352784260,177.3838831055
165.2249020000,3564,0.0298983573,1274.9352784260,177.3838831055
165.2757373000,3565,0.0298983573,1274.9352784260,177.3838831055
165.3219512000,3566,0.0298983573,1274.9352784260,177.3838831055
165.3714055000,3567,0.0298983573,1274.9352784260,177.3838831055
165.4145701000,3568,0.0298983573,1274.9352784260,177.3838831055
165.4590745000,3569,0.0298983573,1274.9352784260,177.3838831055
165.5015491000,3570,0.0298983573,1274.9352784260,177.3838831055
165.5470116000,3571,0.0298973487,1274.9352784260,177.3765415151
165.5877925000,3572,0.0298973487,1274.9352784260,177.3765415151
165.6301923000,3573,0.0298973487,1274.9352784260,177.3765415151
165.6775791000,3574,0.0298946118,1274.9352784260,177.3566205748
165.7227471000,3575,0.0298946118,1274.9352784260,177.3566205748
165.7655087000,3576,0.0298946118,1274.9352784260,177.3566205748
165.8079520000,3577,0.0298946118,1274.9352784260,177.3566205748
165.8527563000,3578,0.0298946118,1274.9352784260,177.3566205748
165.8973115000,3579,0.0298946118,1274.9352784260,177.3566205748
165.9412146000,3580,0.0298946118,1274.9352784260,177.3566205748
165.9834527000,3581,0.0298946118,1274.9352784260,177.3566205748
166.0283028000,3582,0.0298733713,1274.9352784260,177.2020166697
166.0766727000,3583,0.0298733713,1274.9352784260,177.2020166697
166.1229817000,3584,0.0298733713,1274.9352784260,177.2020166697
166.1704231000,3585,0.0298733713,1274.9352784260,177.2020166697
166.2166043000,3586,0.0298733713,1274.9352784260,177.2020166697
166.2600914000,3587,0.0298733713,1274.9352784260,177.2020166697
166.3063785000,3588,0.0298733713,1274.9352784260,177.2020166697
166.3507516000,3589,0.0298733713,1274.9352784260,177.2020166697
166.3989631000,3590,0.0298733713,1274.9352784260,177.2020166697
166.4426632000,3591,0.0298733713,1274.9352784260,177.2020166697
166.4889596000,3592,0.0298733713,1274.9352784260,177.2020166697
166.5364866000,3593,0.0298733713,1274.9352784260,177.2020166697
166.5809993000,3594,0.0298733713,1274.9352784260,177.2020166697
166.6273144000,3595,0.0298733713,1274.9352784260,177.2020166697
166.6781874000,3596,0.0298733713,1274.9352784260,177.2020166697
166.7243141000,3597,0.0298733713,1274.9352784260,177.2020166697
166.7721377000,3598,0.0298730347,1274.9352784260,177.1995662942
166.8161061000,3599,0.0298730347,1274.9352784260,177.1995662942
166.8615875000,3600,0.0298730347,1274.9352784260,177.1995662942
166.9081598000,3601,0.0298730347,1274.9352784260,177.1995662942
166.9553460000,3602,0.0298730347,1274.9352784260,177.1995662942
167.0046096000,3603,0.0298730347,1274.9352784260,177.1995662942
167.0481606000,3604,0.0298730347,1274.9352784260,177.1995662942
167.0906350000,3605,0.0298730347,1274.9352784260,177.1995662942
167.1387007000,3606,0.0298730347,1274.9352784260,177.1995662942
167.1827310000,3607,0.0298730347,1274.9352784260,177.1995662942
167.2265902000,3608,0.0298730347,1274.9352784260,177.1995662942
167.2726474000,3609,0.0298730347,1274.9352784260,177.1995662942
167.3205030000,3610,0.0298730347,1274.9352784260,177.1995662942
167.3689653000,3611,0.0298730347,1274.9352784260,177.1995662942
167.4172137000,3612,0.0298730347,1274.9352784260,177.1995662942
167.4621528000,3613,0.0298730347,1274.9352784260,177.1995662942
167.5096381000,3614,0.0298730347,1274.9352784260,177.1995662942
167.5540035000,3615,0.0298730347,1274.9352784260,177.1995662942
167.5993121000,3616,0.0298693972,1274.9352784260,177.1730902087
167.6466554000,3617,0.0298693972,1274.9352784260,177.1730902087
167.6927377000,3618,0.0298693972,1274.9352784260,177.1730902087
167.7387031000,3619,0.0298693972,1274.9352784260,177.1730902087
167.7831799000,3620,0.0298693972,1274.9352784260,177.1730902087
167.8275965000,3621,0.0298693972,1274.9352784260,177.1730902087
167.8763652000,3622,0.0298693972,1274.9352784260,177.1730902087
167.9216788000,3623,0.0298693972,1274.9352784260,177.1730902087
167.9714578000,3624,0.0298693972,1274.9352784260,177.1730902087
168.0196226000,3625,0.0298693972,1274.9352784260,177.1730902087
168.0685840000,3626,0.0298693972,1274.9352784260,177.1730902087
168.1156738000,3627,0.0298693972,1274.9352784260,177.1730902087
168.1636963000,3628,0.0298693972,1274.9352784260,177.1730902087
168.2136360000,3629,0.0298693972,1274.9352784260,177.1730902087
168.2640527000,3630,0.0298693972,1274.9352784260,177.1730902087
168.3133801000,3631,0.0298693972,1274.9352784260,177.1730902087
168.3594621000,3632,0.0298693972,1274.9352784260,177.1730902087
168.4072789000,3633,0.0298693972,1274.9352784260,177.1730902087
168.4530763000,3634,0.0298693972,1274.9352784260,177.1730902087
168.5003071000,3635,0.0298693972,1274.9352784260,177.1730902087
168.5468943000,3636,0.0298693972,1274.9352784260,177.1730902087
168.5898366000,3637,0.0298693972,1274.9352784260,177.1730902087
168.6361146000,3638,0.0298693972,1274.9352784260,177.1730902087
168.6828655000,3639,0.0298647043,1274.9352784260,177.1389312804
168.7271221000,3640,0.0298647043,1274.9352784260,177.1389312804
168.7700055000,3641,0.0298647043,1274.9352784260,177.1389312804
168.8148616000,3642,0.0298647043,1274.9352784260,177.1389312804
168.8617979000,3643,0.0298647043,1274.9352784260,177.1389312804
168.9097661000,3644,0.0298647043,1274.9352784260,177.1389312804
168.9581267000,3645,0.0298647043,1274.9352784260,177.1389312804
169.0087641000,3646,0.0298647043,1274.9352784260,177.1389312804
169.0561499000,3647,0.0298647043,1274.9352784260,177.1389312804
169.1046942000,3648,0.0298647043,1274.9352784260,177.1389312804
169.1520831000,3649,0.0298647043,1274.9352784260,177.1389312804
169.2016733000,3650,0.0298647043,1274.9352784260,177.1389312804
169.2520190000,3651,0.0298647043,1274.9352784260,177.1389312804
169.3013868000,3652,0.0298647043,1274.9352784260,177.1389312804
169.3542324000,3653,0.0298647043,1274.9352784260,177.1389312804
169.4066519000,3654,0.0298647043,1274.9352784260,177.1389312804
169.4554149000,3655,0.0298647043,1274.9352784260,177.1389312804
169.5028974000,3656,0.0298647043,1274.9352784260,177.1389312804
169.5513099000,3657,0.0298647043,1274.9352784260,177.1389312804
169.5997409000,3658,0.0298647043,1274.9352784260,177.1389312804
169.6473947000,3659,0.0298647043,1274.9352784260,177.1389312804
169.6943999000,3660,0.0298647043,1274.9352784260,177.1389312804
169.7480368000,3661,0.0298643676,1274.9352784260,177.1364809049
169.7976444000,3662,0.0298643676,1274.9352784260,177.1364809049
169.8465509000,3663,0.0298643676,1274.9352784260,177.1364809049
169.8968211000,3664,0.0298643676,1274.9352784260,177.1364809049
169.9404586000,3665,0.0298643676,1274.9352784260,177.1364809049
169.9881217000,3666,0.0298643676,1274.9352784260,177.1364809049
170.0367918000,3667,0.0298643676,1274.9352784260,177.1364809049
170.0837925000,3668,0.0298643676,1274.9352784260,177.1364809049
170.1312829000,3669,0.0298643676,1274.9352784260,177.1364809049
170.1748171000,3670,0.0298643676,1274.9352784260,177.1364809049
170.2172520000,3671,0.0298643676,1274.9352784260,177.1364809049
170.2616692000,3672,0.0298643676,1274.9352784260,177.1364809049
170.3120901000,3673,0.0298643676,1274.9352784260,177.1364809049
170.3626795000,3674,0.0298566529,1274.9352784260,177.0803274681
170.4087206000,3675,0.0298566529,1274.9352784260,177.0803274681
170.4568737000,3676,0.0298566529,1274.9352784260,177.0803274681
170.5030394000,3677,0.0298566529,1274.9352784260,177.0803274681
170.5532745000,3678,0.0298566529,1274.9352784260,177.0803274681
170.6048324000,3679,0.0298566529,1274.9352784260,177.0803274681
170.6550894000,3680,0.0298566529,1274.9352784260,177.0803274681
170.7004101000,3681,0.0298566529,1274.9352784260,177.0803274681
170.7466792000,3682,0.0298566529,1274.9352784260,177.0803274681
170.7897769000,3683,0.0298566529,1274.9352784260,177.0803274681
170.8355459000,3684,0.0298566529,1274.9352784260,177.0803274681
170.8791096000,3685,0.0298566529,1274.9352784260,177.0803274681
170.9258431000,3686,0.0298566411,1274.9352784260,177.0802419607
170.9777944000,3687,0.0298566411,1274.9352784260,177.0802419607
171.0271782000,3688,0.0298566411,1274.9352784260,177.0802419607
171.0791073000,3689,0.0298566411,1274.9352784260,177.0802419607
171.1284724000,3690,0.0298566411,1274.9352784260,177.0802419607
171.1781149000,3691,0.0298566411,1274.9352784260,177.0802419607
171.2272254000,3692,0.0298566411,1274.9352784260,177.0802419607
171.2735282000,3693,0.0298566411,1274.9352784260,177.0802419607
171.3189346000,3694,0.0298566411,1274.9352784260,177.0802419607
171.3667587000,3695,0.0298566411,1274.9352784260,177.0802419607
171.4145986000,3696,0.0298566411,1274.9352784260,177.0802419607
171.4630160000,3697,0.0298518611,1274.9352784260,177.0454493178
171.5095579000,3698,0.0298518611,1274.9352784260,177.0454493178
171.5545962000,3699,0.0298518611,1274.9352784260,177.0454493178
171.6051698000,3700,0.0298518611,1274.9352784260,177.0454493178
171.6525581000,3701,0.0298518611,1274.9352784260,177.0454493178
171.7010086000,3702,0.0298518611,1274.9352784260,177.0454493178
171.7462607000,3703,0.0298518611,1274.9352784260,177.0454493178
171.7944597000,3704,0.0298518611,1274.9352784260,177.0454493178
171.8422156000,3705,0.0298518611,1274.9352784260,177.0454493178
171.8909060000,3706,0.0298518611,1274.9352784260,177.0454493178
171.9349183000,3707,0.0298518611,1274.9352784260,177.0454493178
171.9758537000,3708,0.0298518611,1274.9352784260,177.0454493178
172.0208547000,3709,0.0298518611,1274.9352784260,177.0454493178
172.0645352000,3710,0.0298518611,1274.9352784260,177.0454493178
172.1070765000,3711,0.0298518611,1274.9352784260,177.0454493178
172.1466773000,3712,0.0298518611,1274.9352784260,177.0454493178
172.1858060000,3713,0.0298518611,1274.9352784260,177.0454493178
172.2273760000,3714,0.0298518611,1274.9352784260,177.0454493178
172.2718815000,3715,0.0298518611,1274.9352784260,177.0454493178
172.3128136000,3716,0.0298518611,1274.9352784260,177.0454493178
172.3599739000,3717,0.0298474868,1274.9352784260,177.0136095632
172.4063292000,3718,0.0298474868,1274.9352784260,177.0136095632
172.4537549000,3719,0.0298474868,1274.9352784260,177.0136095632
172.4976699000,3720,0.0298402037,1274.9352784260,176.9605978900
172.5464303000,3721,0.0298402037,1274.9352784260,176.9605978900
172.5963319000,3722,0.0298402037,1274.9352784260,176.9605978900
172.6442144000,3723,0.0298402037,1274.9352784260,176.9605978900
172.6912549000,3724,0.0298402037,1274.9352784260,176.9605978900
172.7375030000,3725,0.0298402037,1274.9352784260,176.9605978900
172.7842811000,3726,0.0298402037,1274.9352784260,176.9605978900
172.8277235000,3727,0.0298402037,1274.9352784260,176.9605978900
172.8725169000,3728,0.0298357313,1274.9352784260,176.9280444212
172.9154134000,3729,0.0298357313,1274.9352784260,176.9280444212
172.9606039000,3730,0.0298357313,1274.9352784260,176.9280444212
173.0056956000,3731,0.0298357313,1274.9352784260,176.9280444212
173.0493487000,3732,0.0298357313,1274.9352784260,176.9280444212
173.0964967000,3733,0.0298357313,1274.9352784260,176.9280444212
173.1411855000,3734,0.0298344018,1274.9352784260,176.9183678136
173.1846334000,3735,0.0298323685,1274.9352784260,176.9035680770
173.2319237000,3736,0.0298323685,1274.9352784260,176.9035680770
173.2747582000,3737,0.0298123665,1274.9352784260,176.7579784249
173.3244868000,3738,0.0298123665,1274.9352784260,176.7579784249
173.3721975000,3739,0.0298123665,1274.9352784260,176.7579784249
173.4179879000,3740,0.0298123665,1274.9352784260,176.7579784249
173.4652432000,3741,0.0297995927,1274.9352784260,176.6650010589
173.5138766000,3742,0.0297995927,1274.9352784260,176.6650010589
173.5629177000,3743,0.0297995927,1274.9352784260,176.6650010589
173.6090313000,3744,0.0297995927,1274.9352784260,176.6650010589
173.6562437000,3745,0.0297995927,1274.9352784260,176.6650010589
173.7009429000,3746,0.0297995927,1274.9352784260,176.6650010589
173.7480834000,3747,0.0297995927,1274.9352784260,176.6650010589
173.7906847000,3748,0.0297995927,1274.9352784260,176.6650010589
173.8368128000,3749,0.0297995927,1274.9352784260,176.6650010589
173.8819765000,3750,0.0297995927,1274.9352784260,176.6650010589
173.9283313000,3751,0.0297992216,1274.9352784260,176.6623004254
173.9785627000,3752,0.0297992216,1274.9352784260,176.6623004254
174.0272834000,3753,0.0297992216,1274.9352784260,176.6623004254
174.0714338000,3754,0.0297992216,1274.9352784260,176.6623004254
174.1159066000,3755,0.0297992216,1274.9352784260,176.6623004254
174.1600575000,3756,0.0297992216,1274.9352784260,176.6623004254
174.2052984000,3757,0.0297992216,1274.9352784260,176.6623004254
174.2488618000,3758,0.0297986152,1274.9352784260,176.6578862856
174.2957036000,3759,0.0297857062,1274.9352784260,176.5639254010
174.3390225000,3760,0.0297857062,1274.9352784260,176.5639254010
174.3868257000,3761,0.0297857062,1274.9352784260,176.5639254010
174.4341499000,3762,0.0297857062,1274.9352784260,176.5639254010
174.4822448000,3763,0.0297857062,1274.9352784260,176.5639254010
174.5301860000,3764,0.0297857062,1274.9352784260,176.5639254010
174.5762181000,3765,0.0297848266,1274.9352784260,176.5575228399
174.6261460000,3766,0.0297848266,1274.9352784260,176.5575228399
174.6765097000,3767,0.0297838989,1274.9352784260,176.5507699259
174.7262644000,3768,0.0297838989,1274.9352784260,176.5507699259
174.7752875000,3769,0.0297838989,1274.9352784260,176.5507699259
174.8202120000,3770,0.0297838989,1274.9352784260,176.5507699259
174.8648882000,3771,0.0297838989,1274.9352784260,176.5507699259
174.9113255000,3772,0.0297838989,1274.9352784260,176.5507699259
174.9580395000,3773,0.0297838989,1274.9352784260,176.5507699259
175.0059761000,3774,0.0297838989,1274.9352784260,176.5507699259
175.0514709000,3775,0.0297838989,1274.9352784260,176.5507699259
175.0938782000,3776,0.0297817208,1274.9352784260,176.5349161966
175.1409325000,3777,0.0297817208,1274.9352784260,176.5349161966
175.1885939000,3778,0.0297817208,1274.9352784260,176.5349161966
175.2345957000,3779,0.0297817208,1274.9352784260,176.5349161966
175.2804018000,3780,0.0297817208,1274.9352784260,176.5349161966
175.3280431000,3781,0.0297817208,1274.9352784260,176.5349161966
175.3753621000,3782,0.0297817208,1274.9352784260,176.5349161966
175.4272727000,3783,0.0297817208,1274.9352784260,176.5349161966
175.4781010000,3784,0.0297770020,1274.9352784260,176.5005692543
175.5255162000,3785,0.0297770020,1274.9352784260,176.5005692543
175.5725310000,3786,0.0297770020,1274.9352784260,176.5005692543
175.6225341000,3787,0.0297770020,1274.9352784260,176.5005692543
175.6711757000,3788,0.0297770020,1274.9352784260,176.5005692543
175.7211871000,3789,0.0297770020,1274.9352784260,176.5005692543
175.7724777000,3790,0.0297770020,1274.9352784260,176.5005692543
175.8232091000,3791,0.0297743084,1274.9352784260,176.4809632258
175.8741423000,3792,0.0297743084,1274.9352784260,176.4809632258
175.9240927000,3793,0.0297743084,1274.9352784260,176.4809632258
175.9699605000,3794,0.0297743084,1274.9352784260,176.4809632258
176.0156226000,3795,0.0297743084,1274.9352784260,176.4809632258
176.0694425000,3796,0.0297743084,1274.9352784260,176.4809632258
176.1185416000,3797,0.0297743084,1274.9352784260,176.4809632258
176.1689989000,3798,0.0297743084,1274.9352784260,176.4809632258
176.2188976000,3799,0.0297743084,1274.9352784260,176.4809632258
176.2704936000,3800,0.0297743084,1274.9352784260,176.4809632258
176.3165947000,3801,0.0297719620,1274.9352784260,176.4638844498
176.3644887000,3802,0.0297715606,1274.9352784260,176.4609632258
176.4108835000,3803,0.0297715606,1274.9352784260,176.4609632258
176.4545507000,3804,0.0297715606,1274.9352784260,176.4609632258
176.5021407000,3805,0.0297703747,1274.9352784260,176.4523310466
176.5491391000,3806,0.0297611726,1274.9352784260,176.3853511969
176.5961503000,3807,0.0297611726,1274.9352784260,176.3853511969
176.6435546000,3808,0.0297611726,1274.9352784260,176.3853511969
176.6914419000,3809,0.0297611726,1274.9352784260,176.3853511969
176.7371632000,3810,0.0297611726,1274.9352784260,176.3853511969
176.7828898000,3811,0.0297611726,1274.9352784260,176.3853511969
176.8300806000,3812,0.0297517643,1274.9352784260,176.3168709031
176.8743201000,3813,0.0297517643,1274.9352784260,176.3168709031
176.9150935000,3814,0.0297510413,1274.9352784260,176.3116081440
176.9569685000,3815,0.0297502464,1274.9352784260,176.3058224670
176.9993428000,3816,0.0297502464,1274.9352784260,176.3058224670
177.0427034000,3817,0.0297502464,1274.9352784260,176.3058224670
177.0908284000,3818,0.0297502464,1274.9352784260,176.3058224670
177.1397578000,3819,0.0297451050,1274.6523261738,176.2773296712
177.1865315000,3820,0.0297451050,1274.6523261738,176.2773296712
177.2304339000,3821,0.0297151390,1274.9352784260,176.0502847426
177.2765077000,3822,0.0297151390,1274.9352784260,176.0502847426
177.3253920000,3823,0.0297134696,1274.9352784260,176.0381339373
177.3740159000,3824,0.0297134696,1274.9352784260,176.0381339373
177.4201195000,3825,0.0297134696,1274.9352784260,176.0381339373
177.4670991000,3826,0.0297134385,1274.9352784260,176.0379076172
177.5140581000,3827,0.0297101411,1274.9352784260,176.0139066202
177.5627592000,3828,0.0297101411,1274.9352784260,176.0139066202
177.6094801000,3829,0.0297101411,1274.9352784260,176.0139066202
177.6591629000,3830,0.0297101411,1274.9352784260,176.0139066202
177.7086472000,3831,0.0297101411,1274.9352784260,176.0139066202
177.7597313000,3832,0.0297101411,1274.9352784260,176.0139066202
177.8071303000,3833,0.0297101411,1274.9352784260,176.0139066202
177.8539961000,3834,0.0297101411,1274.9352784260,176.0139066202
177.8976243000,3835,0.0297101411,1274.9352784260,176.0139066202
177.9434269000,3836,0.0297101411,1274.9352784260,176.0139066202
177.9925133000,3837,0.0297101411,1274.9352784260,176.0139066202
178.0402850000,3838,0.0297101411,1274.9352784260,176.0139066202
178.0886350000,3839,0.0296857147,1274.9352784260,175.8361130074
178.1364691000,3840,0.0296857147,1274.9352784260,175.8361130074
178.1868834000,3841,0.0296848477,1274.9352784260,175.8298024349
178.2380715000,3842,0.0296829872,1274.9352784260,175.8162600839
178.2836332000,3843,0.0296829872,1274.9352784260,175.8162600839
178.3295159000,3844,0.0296829872,1274.9352784260,175.8162600839
178.3779942000,3845,0.0296829872,1274.9352784260,175.8162600839
178.4253426000,3846,0.0296829872,1274.9352784260,175.8162600839
178.4717687000,3847,0.0296703274,1274.9352784260,175.7241130074
178.5188467000,3848,0.0296652701,1274.9352784260,175.6873018492
178.5600224000,3849,0.0296645139,1274.9352784260,175.6817981409
178.6037294000,3850,0.0296645139,1274.9352784260,175.6817981409
178.6489239000,3851,0.0296453536,1274.9352784260,175.5423348502
178.6943259000,3852,0.0296453536,1274.9352784260,175.5423348502
178.7361642000,3853,0.0296453536,1274.9352784260,175.5423348502
178.7792889000,3854,0.0296312728,1274.9352784260,175.4398450809
178.8235212000,3855,0.0296312728,1274.9352784260,175.4398450809
178.8773797000,3856,0.0296312728,1274.9352784260,175.4398450809
178.9207733000,3857,0.0296224391,1274.5454184868,175.3878512101
178.9665282000,3858,0.0296224391,1274.5454184868,175.3878512101
179.0143025000,3859,0.0296224391,1274.5454184868,175.3878512101
179.0590164000,3860,0.0296224391,1274.5454184868,175.3878512101
179.1027555000,3861,0.0296224391,1274.5454184868,175.3878512101
179.1472451000,3862,0.0296224391,1274.5454184868,175.3878512101
179.1937491000,3863,0.0296224391,1274.5454184868,175.3878512101
179.2372334000,3864,0.0296186301,1274.9352784260,175.3478221849
179.2845618000,3865,0.0296186301,1274.9352784260,175.3478221849
179.3302314000,3866,0.0296186301,1274.9352784260,175.3478221849
179.3759135000,3867,0.0296186301,1274.9352784260,175.3478221849
179.4221170000,3868,0.0296152492,1274.5454184868,175.3355175084
179.4689306000,3869,0.0296152492,1274.5454184868,175.3355175084
179.5174467000,3870,0.0296152492,1274.5454184868,175.3355175084
179.5632317000,3871,0.0296147276,1274.5454184868,175.3317208083
179.6089594000,3872,0.0296122178,1274.9352784260,175.3011486003
179.6547173000,3873,0.0296122178,1274.9352784260,175.3011486003
179.6991001000,3874,0.0296119105,1274.9352784260,175.2989116698
179.7445989000,3875,0.0296119105,1274.9352784260,175.2989116698
179.7926728000,3876,0.0296119105,1274.9352784260,175.2989116698
179.8369896000,3877,0.0296119105,1274.9352784260,175.2989116698
179.8838347000,3878,0.0296119105,1274.9352784260,175.2989116698
179.9290686000,3879,0.0296098822,1274.9352784260,175.2841480760
179.9773346000,3880,0.0296098822,1274.9352784260,175.2841480760
180.0251529000,3881,0.0295842310,1274.9352784260,175.0974401489
180.0714575000,3882,0.0295842310,1274.9352784260,175.0974401489
180.1226258000,3883,0.0295842310,1274.9352784260,175.0974401489
180.1673239000,3884,0.0295842310,1274.9352784260,175.0974401489
180.2088957000,3885,0.0295842310,1274.9352784260,175.0974401489
180.2529956000,3886,0.0295842310,1274.9352784260,175.0974401489
180.2956825000,3887,0.0295842310,1274.9352784260,175.0974401489
180.3432269000,3888,0.0295842310,1274.9352784260,175.0974401489
180.3900554000,3889,0.0295842310,1274.9352784260,175.0974401489
180.4344112000,3890,0.0295842310,1274.9352784260,175.0974401489
180.4814187000,3891,0.0295842310,1274.9352784260,175.0974401489
180.5304478000,3892,0.0295842310,1274.9352784260,175.0974401489
180.5774395000,3893,0.0295842310,1274.9352784260,175.0974401489
180.6229168000,3894,0.0295842310,1274.9352784260,175.0974401489
180.6685731000,3895,0.0295842310,1274.9352784260,175.0974401489
180.7160624000,3896,0.0295842310,1274.9352784260,175.0974401489
180.7589128000,3897,0.0295842310,1274.9352784260,175.0974401489
180.8053039000,3898,0.0295823455,1274.9352784260,175.0837154964
180.8484125000,3899,0.0295823455,1274.9352784260,175.0837154964
180.8928184000,3900,0.0295823455,1274.9352784260,175.0837154964
180.9340015000,3901,0.0295823455,1274.9352784260,175.0837154964
180.9781728000,3902,0.0295823455,1274.9352784260,175.0837154964
181.0253444000,3903,0.0295823455,1274.9352784260,175.0837154964
181.0765920000,3904,0.0295823455,1274.9352784260,175.0837154964
181.1254947000,3905,0.0295823455,1274.9352784260,175.0837154964
181.1760228000,3906,0.0295823455,1274.9352784260,175.0837154964
181.2276496000,3907,0.0295823455,1274.9352784260,175.0837154964
181.2755166000,3908,0.0295818810,1274.9352784260,175.0803351204
181.3226523000,3909,0.0295818810,1274.9352784260,175.0803351204
181.3745297000,3910,0.0295818810,1274.9352784260,175.0803351204
181.4228025000,3911,0.0295818810,1274.9352784260,175.0803351204
181.4640104000,3912,0.0295818810,1274.9352784260,175.0803351204
181.5085564000,3913,0.0295818810,1274.9352784260,175.0803351204
181.5515302000,3914,0.0295818810,1274.9352784260,175.0803351204
181.5929058000,3915,0.0295818810,1274.9352784260,175.0803351204
181.6382354000,3916,0.0295818810,1274.9352784260,175.0803351204
181.6871512000,3917,0.0295818810,1274.9352784260,175.0803351204
181.7355292000,3918,0.0295818810,1274.9352784260,175.0803351204
181.7820805000,3919,0.0295818810,1274.9352784260,175.0803351204
181.8281294000,3920,0.0295818810,1274.9352784260,175.0803351204
181.8754549000,3921,0.0295818810,1274.9352784260,175.0803351204
181.9209866000,3922,0.0295818810,1274.9352784260,175.0803351204
181.9684713000,3923,0.0295818810,1274.9352784260,175.0803351204
182.0157751000,3924,0.0295818810,1274.9352784260,175.0803351204
182.0641932000,3925,0.0295818810,1274.9352784260,175.0803351204
182.1093358000,3926,0.0295818810,1274.9352784260,175.0803351204
182.1577067000,3927,0.0295818810,1274.9352784260,175.0803351204
182.2034456000,3928,0.0295818810,1274.9352784260,175.0803351204
182.2515507000,3929,0.0295818810,1274.9352784260,175.0803351204
182.2982472000,3930,0.0295818810,1274.9352784260,175.0803351204
182.3477007000,3931,0.0295818810,1274.9352784260,175.0803351204
182.3961360000,3932,0.0295818810,1274.9352784260,175.0803351204
182.4433811000,3933,0.0295750117,1274.9352784260,175.0303351204
182.4923005000,3934,0.0295750117,1274.9352784260,175.0303351204
182.5402701000,3935,0.0295750117,1274.9352784260,175.0303351204
182.5869919000,3936,0.0295750117,1274.9352784260,175.0303351204
182.6341182000,3937,0.0295750117,1274.9352784260,175.0303351204
182.6822953000,3938,0.0295750117,1274.9352784260,175.0303351204
182.7318247000,3939,0.0295750117,1274.9352784260,175.0303351204
182.7821644000,3940,0.0295750117,1274.9352784260,175.0303351204
182.8287402000,3941,0.0295750117,1274.9352784260,175.0303351204
182.8781991000,3942,0.0295750117,1274.9352784260,175.0303351204
182.9278190000,3943,0.0295750117,1274.9352784260,175.0303351204
182.9729976000,3944,0.0295750117,1274.9352784260,175.0303351204
183.0205698000,3945,0.0295750117,1274.9352784260,175.0303351204
183.0728196000,3946,0.0295750117,1274.9352784260,175.0303351204
183.1185741000,3947,0.0295750117,1274.9352784260,175.0303351204
183.1689292000,3948,0.0295622414,1274.9352784260,174.9373831412
183.2174114000,3949,0.0295622414,1274.9352784260,174.9373831412
183.2640179000,3950,0.0295622414,1274.9352784260,174.9373831412
183.3087279000,3951,0.0295622414,1274.9352784260,174.9373831412
183.3548549000,3952,0.0295622414,1274.9352784260,174.9373831412
183.3995180000,3953,0.0295622414,1274.9352784260,174.9373831412
183.4434608000,3954,0.0295622414,1274.9352784260,174.9373831412
183.4867828000,3955,0.0295622414,1274.9352784260,174.9373831412
183.5345322000,3956,0.0295616958,1274.9352784260,174.9334121568
183.5783323000,3957,0.0295616958,1274.9352784260,174.9334121568
183.6228632000,3958,0.0295616958,1274.9352784260,174.9334121568
183.6681407000,3959,0.0295274682,1274.9352784260,174.6842781323
183.7155516000,3960,0.0295181259,1274.9352784260,174.6162781323
183.7611565000,3961,0.0295181259,1274.9352784260,174.6162781323
183.8062320000,3962,0.0295181259,1274.9352784260,174.6162781323
183.8505563000,3963,0.0295181259,1274.9352784260,174.6162781323
183.8963474000,3964,0.0295181259,1274.9352784260,174.6162781323
183.9397732000,3965,0.0295181259,1274.9352784260,174.6162781323
183.9807631000,3966,0.0295181259,1274.9352784260,174.6162781323
184.0234684000,3967,0.0295181259,1274.9352784260,174.6162781323
184.0719732000,3968,0.0295181259,1274.9352784260,174.6162781323
184.1201241000,3969,0.0295181259,1274.9352784260,174.6162781323
184.1695359000,3970,0.0295181259,1274.9352784260,174.6162781323
184.2173869000,3971,0.0295181259,1274.9352784260,174.6162781323
184.2655692000,3972,0.0295181259,1274.9352784260,174.6162781323
184.3117204000,3973,0.0295181259,1274.9352784260,174.6162781323
184.3614839000,3974,0.0295181259,1274.9352784260,174.6162781323
184.4076023000,3975,0.0295181259,1274.9352784260,174.6162781323
184.4521791000,3976,0.0295181259,1274.9352784260,174.6162781323
184.5007274000,3977,0.0295127443,1274.9352784260,174.5771064444
184.5502779000,3978,0.0295127443,1274.9352784260,174.5771064444
184.5987008000,3979,0.0295127443,1274.9352784260,174.5771064444
184.6503361000,3980,0.0295127443,1274.9352784260,174.5771064444
184.6993145000,3981,0.0295127443,1274.9352784260,174.5771064444
184.7493004000,3982,0.0295127443,1274.9352784260,174.5771064444
184.7997275000,3983,0.0295127443,1274.9352784260,174.5771064444
184.8493574000,3984,0.0295121766,1274.9352784260,174.5729747021
184.8950899000,3985,0.0295121766,1274.9352784260,174.5729747021
184.9456821000,3986,0.0295121766,1274.9352784260,174.5729747021
184.9936517000,3987,0.0295121766,1274.9352784260,174.5729747021
185.0423570000,3988,0.0295121766,1274.9352784260,174.5729747021
185.0873771000,3989,0.0295121766,1274.9352784260,174.5729747021
185.1318456000,3990,0.0295121766,1274.9352784260,174.5729747021
185.1762017000,3991,0.0295121766,1274.9352784260,174.5729747021
185.2231519000,3992,0.0295121766,1274.9352784260,174.5729747021
185.2682286000,3993,0.0295121766,1274.9352784260,174.5729747021
185.3150996000,3994,0.0295121766,1274.9352784260,174.5729747021
185.3620335000,3995,0.0295121766,1274.9352784260,174.5729747021
185.4122076000,3996,0.0294941874,1274.9352784260,174.4420362160
185.4619782000,3997,0.0294941874,1274.9352784260,174.4420362160
185.5074092000,3998,0.0294941874,1274.9352784260,174.4420362160
185.5510761000,3999,0.0294941874,1274.9352784260,174.4420362160
185.5968060000,4000,0.0294941874,1274.9352784260,174.4420362160
185.6431361000,4001,0.0294941874,1274.9352784260,174.4420362160
185.6878809000,4002,0.0294941874,1274.9352784260,174.4420362160
185.7348956000,4003,0.0294941874,1274.9352784260,174.4420362160
185.7798941000,4004,0.0294941874,1274.9352784260,174.4420362160
185.8277529000,4005,0.0294941874,1274.9352784260,174.4420362160
185.8741159000,4006,0.0294938732,1274.9352784260,174.4397488162
185.9209868000,4007,0.0294938732,1274.9352784260,174.4397488162
185.9663775000,4008,0.0294938732,1274.9352784260,174.4397488162
186.0133317000,4009,0.0294938732,1274.9352784260,174.4397488162
186.0615950000,4010,0.0294938732,1274.9352784260,174.4397488162
186.1079010000,4011,0.0294921050,1274.9352784260,174.4268784052
186.1508423000,4012,0.0294921050,1274.9352784260,174.4268784052
186.1967833000,4013,0.0294850804,1274.9352784260,174.3757488162
186.2413925000,4014,0.0294850804,1274.9352784260,174.3757488162
186.2884823000,4015,0.0294726900,1274.9352784260,174.2855620675
186.3355076000,4016,0.0294726900,1274.9352784260,174.2855620675
186.3842060000,4017,0.0294726900,1274.9352784260,174.2855620675
186.4303449000,4018,0.0294504556,1274.9352784260,174.1237238299
186.4777168000,4019,0.0294504556,1274.9352784260,174.1237238299
186.5247101000,4020,0.0294504556,1274.9352784260,174.1237238299
186.5721527000,4021,0.0294499024,1274.9352784260,174.1196971023
186.6206255000,4022,0.0294459147,1274.9352784260,174.0906717419
186.6693991000,4023,0.0294459147,1274.9352784260,174.0906717419
186.7159718000,4024,0.0294459147,1274.9352784260,174.0906717419
186.7613426000,4025,0.0294459147,1274.9352784260,174.0906717419
186.8086096000,4026,0.0294459147,1274.9352784260,174.0906717419
186.8529040000,4027,0.0294459147,1274.9352784260,174.0906717419
186.8987503000,4028,0.0294459147,1274.9352784260,174.0906717419
186.9428805000,4029,0.0294428257,1274.9352784260,174.0681875796
186.9903731000,4030,0.0294152511,1274.9352784260,173.8674790408
187.0394716000,4031,0.0294152511,1274.9352784260,173.8674790408
187.0873614000,4032,0.0294152511,1274.9352784260,173.8674790408
187.1390575000,4033,0.0294152511,1274.9352784260,173.8674790408
187.1865820000,4034,0.0294152511,1274.9352784260,173.8674790408
187.2346610000,4035,0.0294152511,1274.9352784260,173.8674790408
187.2794051000,4036,0.0294152511,1274.9352784260,173.8674790408
187.3247923000,4037,0.0294152511,1274.9352784260,173.8674790408
187.3751804000,4038,0.0294103052,1274.9352784260,173.8314790408
187.4189925000,4039,0.0294103052,1274.9352784260,173.8314790408
187.4638085000,4040,0.0293997970,1274.9352784260,173.7549929457
187.5134890000,4041,0.0293997970,1274.9352784260,173.7549929457
187.5613519000,4042,0.0293997970,1274.9352784260,173.7549929457
187.6095361000,4043,0.0293997970,1274.9352784260,173.7549929457
187.6600683000,4044,0.0293997970,1274.9352784260,173.7549929457
187.7106413000,4045,0.0293997970,1274.9352784260,173.7549929457
187.7579435000,4046,0.0293997970,1274.9352784260,173.7549929457
187.8086406000,4047,0.0293997970,1274.9352784260,173.7549929457
187.8586905000,4048,0.0293997970,1274.9352784260,173.7549929457
187.9079949000,4049,0.0293997970,1274.9352784260,173.7549929457
187.9515330000,4050,0.0293958443,1274.9352784260,173.7262225756
187.9971723000,4051,0.0293958443,1274.9352784260,173.7262225756
188.0410756000,4052,0.0293958443,1274.9352784260,173.7262225756
188.0838981000,4053,0.0293958443,1274.9352784260,173.7262225756
188.1300561000,4054,0.0293958443,1274.9352784260,173.7262225756
188.1718378000,4055,0.0293958443,1274.9352784260,173.7262225756
188.2157064000,4056,0.0293958443,1274.9352784260,173.7262225756
188.2609100000,4057,0.0293809772,1274.9352784260,173.6180084146
188.3059724000,4058,0.0293809772,1274.9352784260,173.6180084146
188.3551443000,4059,0.0293809772,1274.9352784260,173.6180084146
188.4011531000,4060,0.0293809772,1274.9352784260,173.6180084146
188.4452952000,4061,0.0293809772,1274.9352784260,173.6180084146
188.4900266000,4062,0.0293809772,1274.9352784260,173.6180084146
188.5410803000,4063,0.0293809772,1274.9352784260,173.6180084146
188.5925940000,4064,0.0293809772,1274.9352784260,173.6180084146
188.6422707000,4065,0.0293809772,1274.9352784260,173.6180084146
188.6904432000,4066,0.0293809772,1274.9352784260,173.6180084146
188.7423309000,4067,0.0293809772,1274.9352784260,173.6180084146
188.7933371000,4068,0.0293757565,1274.9352784260,173.5800084146
188.8431499000,4069,0.0293757565,1274.9352784260,173.5800084146
188.8933762000,4070,0.0293757565,1274.9352784260,173.5800084146
188.9418129000,4071,0.0293757565,1274.9352784260,173.5800084146
188.9918613000,4072,0.0293757565,1274.9352784260,173.5800084146
189.0408829000,4073,0.0293757565,1274.9352784260,173.5800084146
189.0893402000,4074,0.0293757565,1274.9352784260,173.5800084146
189.1377282000,4075,0.0293757565,1274.9352784260,173.5800084146
189.1892680000,4076,0.0293757565,1274.9352784260,173.5800084146
189.2387562000,4077,0.0293757565,1274.9352784260,173.5800084146
189.2895871000,4078,0.0293636058,1275.0472063123,173.4880338200
189.3394256000,4079,0.0293636058,1275.0472063123,173.4880338200
189.3900857000,4080,0.0293636058,1275.0472063123,173.4880338200
189.4360039000,4081,0.0293636058,1275.0472063123,173.4880338200
189.4833698000,4082,0.0293636058,1275.0472063123,173.4880338200
189.5313891000,4083,0.0293636058,1275.0472063123,173.4880338200
189.5803329000,4084,0.0293636058,1275.0472063123,173.4880338200
189.6290411000,4085,0.0293636058,1275.0472063123,173.4880338200
189.6752126000,4086,0.0293636058,1275.0472063123,173.4880338200
189.7226313000,4087,0.0293636058,1275.0472063123,173.4880338200
189.7704946000,4088,0.0293636058,1275.0472063123,173.4880338200
189.8194993000,4089,0.0293614740,1275.0472063123,173.4725175045
189.8649783000,4090,0.0293614740,1275.0472063123,173.4725175045
189.9104238000,4091,0.0293614740,1275.0472063123,173.4725175045
189.9553837000,4092,0.0293614740,1275.0472063123,173.4725175045
189.9987219000,4093,0.0293614740,1275.0472063123,173.4725175045
190.0440573000,4094,0.0293614740,1275.0472063123,173.4725175045
190.0903650000,4095,0.0293614740,1275.0472063123,173.4725175045
190.1384446000,4096,0.0293614740,1275.0472063123,173.4725175045
190.1818325000,4097,0.0293614740,1275.0472063123,173.4725175045
190.2290205000,4098,0.0293614740,1275.0472063123,173.4725175045
190.2768235000,4099,0.0293614740,1275.0472063123,173.4725175045
190.3230481000,4100,0.0293614740,1275.0472063123,173.4725175045
190.3718526000,4101,0.0293614740,1275.0472063123,173.4725175045
190.4158625000,4102,0.0293614740,1275.0472063123,173.4725175045
190.4609108000,4103,0.0293601002,1275.0472063123,173.4625175045
190.5048261000,4104,0.0293601002,1275.0472063123,173.4625175045
190.5504434000,4105,0.0293601002,1275.0472063123,173.4625175045
190.5963648000,4106,0.0293601002,1275.0472063123,173.4625175045
190.6460377000,4107,0.0293601002,1275.0472063123,173.4625175045
190.6925451000,4108,0.0293533748,1275.0472063123,173.4135656708
190.7382021000,4109,0.0293533748,1275.0472063123,173.4135656708
190.7829014000,4110,0.0293533748,1275.0472063123,173.4135656708
190.8277131000,4111,0.0293533748,1275.0472063123,173.4135656708
190.8756242000,4112,0.0293533748,1275.0472063123,173.4135656708
190.9200659000,4113,0.0293484180,1275.0472063123,173.3774859935
190.9628442000,4114,0.0293484180,1275.0472063123,173.3774859935
191.0068640000,4115,0.0293484180,1275.0472063123,173.3774859935
191.0529637000,4116,0.0293484180,1275.0472063123,173.3774859935
191.0998521000,4117,0.0293484180,1275.0472063123,173.3774859935
191.1486549000,4118,0.0293475583,1275.0472063123,173.3712286522
191.1987100000,4119,0.0293475583,1275.0472063123,173.3712286522
191.2477984000,4120,0.0293475583,1275.0472063123,173.3712286522
191.2905726000,4121,0.0293229949,1275.0472063123,173.1924377116
191.3400367000,4122,0.0293229949,1275.0472063123,173.1924377116
191.3885027000,4123,0.0293229949,1275.0472063123,173.1924377116
191.4315357000,4124,0.0293229949,1275.0472063123,173.1924377116
191.4804350000,4125,0.0293229949,1275.0472063123,173.1924377116
191.5282245000,4126,0.0293229949,1275.0472063123,173.1924377116
191.5758142000,4127,0.0293229949,1275.0472063123,173.1924377116
191.6244122000,4128,0.0293229949,1275.0472063123,173.1924377116
191.6702119000,4129,0.0293229949,1275.0472063123,173.1924377116
191.7148779000,4130,0.0293229949,1275.0472063123,173.1924377116
191.7614981000,4131,0.0293229949,1275.0472063123,173.1924377116
191.8052162000,4132,0.0293229949,1275.0472063123,173.1924377116
191.8527927000,4133,0.0293229949,1275.0472063123,173.1924377116
191.9026667000,4134,0.0293229949,1275.0472063123,173.1924377116
191.9468773000,4135,0.0293229949,1275.0472063123,173.1924377116
191.9920803000,4136,0.0293229949,1275.0472063123,173.1924377116
192.0389725000,4137,0.0293229949,1275.0472063123,173.1924377116
192.0864109000,4138,0.0293204127,1275.0472063123,173.1736427756
192.1322686000,4139,0.0293204127,1275.0472063123,173.1736427756
192.1770897000,4140,0.0293204127,1275.0472063123,173.1736427756
192.2195656000,4141,0.0293204127,1275.0472063123,173.1736427756
192.2635048000,4142,0.0293204127,1275.0472063123,173.1736427756
192.3050571000,4143,0.0293204127,1275.0472063123,173.1736427756
192.3526106000,4144,0.0293204127,1275.0472063123,173.1736427756
192.3993071000,4145,0.0293204127,1275.0472063123,173.1736427756
192.4446126000,4146,0.0293204127,1275.0472063123,173.1736427756
192.4870092000,4147,0.0293204127,1275.0472063123,173.1736427756
192.5321069000,4148,0.0293084218,1275.0472063123,173.0863638530
192.5752759000,4149,0.0293084218,1275.0472063123,173.0863638530
192.6244341000,4150,0.0293084218,1275.0472063123,173.0863638530
192.6770987000,4151,0.0292802959,1275.0472063123,172.8816427756
192.7227350000,4152,0.0292802959,1275.0472063123,172.8816427756
192.7655340000,4153,0.0292802959,1275.0472063123,172.8816427756
192.8109371000,4154,0.0292777819,1275.0472063123,172.8633446948
192.8569723000,4155,0.0292777819,1275.0472063123,172.8633446948
192.9030842000,4156,0.0292777819,1275.0472063123,172.8633446948
192.9487385000,4157,0.0292777819,1275.0472063123,172.8633446948
192.9956340000,4158,0.0292777819,1275.0472063123,172.8633446948
193.0386278000,4159,0.0292777819,1275.0472063123,172.8633446948
193.0824237000,4160,0.0292777819,1275.0472063123,172.8633446948
193.1253140000,4161,0.0292771660,1275.0472063123,172.8588617409
193.1734924000,4162,0.0292771660,1275.0472063123,172.8588617409
193.2219886000,4163,0.0292715844,1275.0472063123,172.8182344963
193.2681023000,4164,0.0292715844,1275.0472063123,172.8182344963
193.3157003000,4165,0.0292715844,1275.0472063123,172.8182344963
193.3650488000,4166,0.0292715844,1275.0472063123,172.8182344963
193.4123519000,4167,0.0292715844,1275.0472063123,172.8182344963
193.4565903000,4168,0.0292715844,1275.0472063123,172.8182344963
193.4989265000,4169,0.0292715844,1275.0472063123,172.8182344963
193.5438546000,4170,0.0292715844,1275.0472063123,172.8182344963
193.5876581000,4171,0.0292715844,1275.0472063123,172.8182344963
193.6360804000,4172,0.0292715844,1275.0472063123,172.8182344963
193.6816746000,4173,0.0292654792,1275.0472063123,172.7737963092
193.7281869000,4174,0.0292654792,1275.0472063123,172.7737963092
193.7716208000,4175,0.0292654792,1275.0472063123,172.7737963092
193.8142801000,4176,0.0292654792,1275.0472063123,172.7737963092
193.8590578000,4177,0.0292654792,1275.0472063123,172.7737963092
193.9022025000,4178,0.0292654792,1275.0472063123,172.7737963092
193.9464841000,4179,0.0292654792,1275.0472063123,172.7737963092
193.9935658000,4180,0.0292654792,1275.0472063123,172.7737963092
194.0420014000,4181,0.0292654792,1275.0472063123,172.7737963092
194.0922187000,4182,0.0292654792,1275.0472063123,172.7737963092
194.1419441000,4183,0.0292654792,1275.0472063123,172.7737963092
194.1903794000,4184,0.0292654792,1275.0472063123,172.7737963092
194.2388388000,4185,0.0292654792,1275.0472063123,172.7737963092
194.2898015000,4186,0.0292654792,1275.0472063123,172.7737963092
194.3379956000,4187,0.0292654792,1275.0472063123,172.7737963092
194.3889617000,4188,0.0292654792,1275.0472063123,172.7737963092
194.4390038000,4189,0.0292654792,1275.0472063123,172.7737963092
194.4889072000,4190,0.0292654792,1275.0472063123,172.7737963092
194.5338717000,4191,0.0292654792,1275.0472063123,172.7737963092
194.5761639000,4192,0.0292654792,1275.0472063123,172.7737963092
194.6202770000,4193,0.0292654792,1275.0472063123,172.7737963092
194.6648414000,4194,0.0292654792,1275.0472063123,172.7737963092
194.7078686000,4195,0.0292617130,1275.0472063123,172.7463830266
194.7557344000,4196,0.0292617130,1275.0472063123,172.7463830266
194.8002151000,4197,0.0292617130,1275.0472063123,172.7463830266
194.8451344000,4198,0.0292617130,1275.0472063123,172.7463830266
194.8908157000,4199,0.0292617130,1275.0472063123,172.7463830266
194.9337164000,4200,0.0292617130,1275.0472063123,172.7463830266
194.9735826000,4201,0.0292617130,1275.0472063123,172.7463830266
195.0162398000,4202,0.0292617130,1275.0472063123,172.7463830266
195.0610725000,4203,0.0292617130,1275.0472063123,172.7463830266
195.1109919000,4204,0.0292617130,1275.0472063123,172.7463830266
195.1584454000,4205,0.0292617130,1275.0472063123,172.7463830266
195.2063026000,4206,0.0292617130,1275.0472063123,172.7463830266
195.2554129000,4207,0.0292605834,1275.0472063123,172.7381611747
195.3044934000,4208,0.0292605834,1275.0472063123,172.7381611747
195.3523816000,4209,0.0292605834,1275.0472063123,172.7381611747
195.4016881000,4210,0.0292605834,1275.0472063123,172.7381611747
195.4528727000,4211,0.0292584628,1275.0472063123,172.7227255014
195.5041715000,4212,0.0292584628,1275.0472063123,172.7227255014
195.5522128000,4213,0.0292584628,1275.0472063123,172.7227255014
195.6006559000,4214,0.0292584628,1275.0472063123,172.7227255014
195.6484649000,4215,0.0292307141,1275.0472063123,172.5207502217
195.7005542000,4216,0.0292307141,1275.0472063123,172.5207502217
195.7522136000,4217,0.0292307141,1275.0472063123,172.5207502217
195.8000347000,4218,0.0292307141,1275.0472063123,172.5207502217
195.8490894000,4219,0.0292307141,1275.0472063123,172.5207502217
195.9011204000,4220,0.0292307141,1275.0472063123,172.5207502217
195.9505758000,4221,0.0292307141,1275.0472063123,172.5207502217
196.0010700000,4222,0.0292029093,1275.0472063123,172.3183662166
196.0490469000,4223,0.0292029093,1275.0472063123,172.3183662166
196.0974801000,4224,0.0292029093,1275.0472063123,172.3183662166
196.1449313000,4225,0.0292029093,1275.0472063123,172.3183662166
196.1933246000,4226,0.0292029093,1275.0472063123,172.3183662166
196.2435802000,4227,0.0292029093,1275.0472063123,172.3183662166
196.2911969000,4228,0.0292029093,1275.0472063123,172.3183662166
196.3432390000,4229,0.0292029093,1275.0472063123,172.3183662166
196.3901166000,4230,0.0292029093,1275.0472063123,172.3183662166
196.4396914000,4231,0.0292029093,1275.0472063123,172.3183662166
196.4840327000,4232,0.0292009859,1275.0472063123,172.3043662166
196.5285710000,4233,0.0292009859,1275.0472063123,172.3043662166
196.5754836000,4234,0.0292009859,1275.0472063123,172.3043662166
196.6200743000,4235,0.0292009859,1275.0472063123,172.3043662166
196.6652938000,4236,0.0292009859,1275.0472063123,172.3043662166
196.7105197000,4237,0.0292009859,1275.0472063123,172.3043662166
196.7535115000,4238,0.0292009859,1275.0472063123,172.3043662166
196.8016066000,4239,0.0292009859,1275.0472063123,172.3043662166
196.8501405000,4240,0.0292009859,1275.0472063123,172.3043662166
196.8948971000,4241,0.0291958698,1275.0472063123,172.2671275045
196.9402163000,4242,0.0291958698,1275.0472063123,172.2671275045
196.9868053000,4243,0.0291958698,1275.0472063123,172.2671275045
197.0292732000,4244,0.0291958698,1275.0472063123,172.2671275045
197.0731224000,4245,0.0291958698,1275.0472063123,172.2671275045
197.1150711000,4246,0.0291958698,1275.0472063123,172.2671275045
197.1599035000,4247,0.0291958698,1275.0472063123,172.2671275045
197.2069623000,4248,0.0291958698,1275.0472063123,172.2671275045
197.2559242000,4249,0.0291958698,1275.0472063123,172.2671275045
197.3067871000,4250,0.0291949081,1275.0472063123,172.2601275045
197.3557821000,4251,0.0291949081,1275.0472063123,172.2601275045
197.4031772000,4252,0.0291949081,1275.0472063123,172.2601275045
197.4533637000,4253,0.0291949081,1275.0472063123,172.2601275045
197.5033506000,4254,0.0291949081,1275.0472063123,172.2601275045
197.5460564000,4255,0.0291949081,1275.0472063123,172.2601275045
197.5965774000,4256,0.0291949081,1275.0472063123,172.2601275045
197.6451523000,4257,0.0291949081,1275.0472063123,172.2601275045
197.6935605000,4258,0.0291757333,1275.0472063123,172.1205594511
197.7486073000,4259,0.0291757333,1275.0472063123,172.1205594511
197.7941642000,4260,0.0291757333,1275.0472063123,172.1205594511
197.8444550000,4261,0.0291676353,1275.0472063123,172.0616161680
197.8940291000,4262,0.0291676353,1275.0472063123,172.0616161680
197.9436089000,4263,0.0291676353,1275.0472063123,172.0616161680
197.9917901000,4264,0.0291676353,1275.0472063123,172.0616161680
198.0399719000,4265,0.0291676353,1275.0472063123,172.0616161680
198.0918556000,4266,0.0291676353,1275.0472063123,172.0616161680
198.1429456000,4267,0.0291676353,1275.0472063123,172.0616161680
198.1912999000,4268,0.0291676353,1275.0472063123,172.0616161680
198.2407145000,4269,0.0291676353,1275.0472063123,172.0616161680
198.2907005000,4270,0.0291676353,1275.0472063123,172.0616161680
198.3403240000,4271,0.0291676353,1275.0472063123,172.0616161680
198.3897807000,4272,0.0291676353,1275.0472063123,172.0616161680
198.4367538000,4273,0.0291676353,1275.0472063123,172.0616161680
198.4898810000,4274,0.0291676353,1275.0472063123,172.0616161680
198.5404541000,4275,0.0291652049,1275.0472063123,172.0439261555
198.5869421000,4276,0.0291652049,1275.0472063123,172.0439261555
198.6353459000,4277,0.0291652049,1275.0472063123,172.0439261555
198.6854561000,4278,0.0291652049,1275.0472063123,172.0439261555
198.7344062000,4279,0.0291652049,1275.0472063123,172.0439261555
198.7810405000,4280,0.0291652049,1275.0472063123,172.0439261555
198.8312450000,4281,0.0291652049,1275.0472063123,172.0439261555
198.8895173000,4282,0.0291652049,1275.0472063123,172.0439261555
198.9436217000,4283,0.0291652049,1275.0472063123,172.0439261555
198.9980427000,4284,0.0291652049,1275.0472063123,172.0439261555
199.0469513000,4285,0.0291652049,1275.0472063123,172.0439261555
199.0933759000,4286,0.0291652049,1275.0472063123,172.0439261555
199.1383765000,4287,0.0291652049,1275.0472063123,172.0439261555
199.1847704000,4288,0.0291652049,1275.0472063123,172.0439261555
199.2322884000,4289,0.0291652049,1275.0472063123,172.0439261555
199.2789079000,4290,0.0291652049,1275.0472063123,172.0439261555
199.3279778000,4291,0.0291652049,1275.0472063123,172.0439261555
199.3755366000,4292,0.0291652049,1275.0472063123,172.0439261555
199.4182959000,4293,0.0291652049,1275.0472063123,172.0439261555
199.4628539000,4294,0.0291652049,1275.0472063123,172.0439261555
199.5062301000,4295,0.0291652049,1275.0472063123,172.0439261555
199.5508874000,4296,0.0291652049,1275.0472063123,172.0439261555
199.5959259000,4297,0.0291487417,1275.0472063123,171.9240944297
199.6423539000,4298,0.0291444189,1275.0472063123,171.8926297139
199.6886206000,4299,0.0291444189,1275.0472063123,171.8926297139
199.7378567000,4300,0.0291444189,1275.0472063123,171.8926297139
199.7834514000,4301,0.0291444189,1275.0472063123,171.8926297139
199.8277480000,4302,0.0291444189,1275.0472063123,171.8926297139
199.8741945000,4303,0.0291141082,1275.0472063123,171.6720061432
199.9228329000,4304,0.0291141082,1275.0472063123,171.6720061432
199.9680197000,4305,0.0291109827,1275.0472063123,171.6492564288
200.0129691000,4306,0.0291109827,1275.0472063123,171.6492564288
200.0555028000,4307,0.0291109827,1275.0472063123,171.6492564288
200.0976922000,4308,0.0291109827,1275.0472063123,171.6492564288
200.1409947000,4309,0.0291109827,1275.0472063123,171.6492564288
200.1894901000,4310,0.0291109827,1275.0472063123,171.6492564288
200.2383738000,4311,0.0291109827,1275.0472063123,171.6492564288
200.2852820000,4312,0.0291109827,1275.0472063123,171.6492564288
200.3303895000,4313,0.0291109827,1275.0472063123,171.6492564288
200.3786744000,4314,0.0291109827,1275.0472063123,171.6492564288
200.4231275000,4315,0.0291109827,1275.0472063123,171.6492564288
200.4702092000,4316,0.0291109827,1275.0472063123,171.6492564288
200.5193893000,4317,0.0291109827,1275.0472063123,171.6492564288
200.5670407000,4318,0.0291109827,1275.0472063123,171.6492564288
200.6105700000,4319,0.0291109827,1275.0472063123,171.6492564288
200.6600398000,4320,0.0291109827,1275.0472063123,171.6492564288
200.7086970000,4321,0.0291109827,1275.0472063123,171.6492564288
200.7546653000,4322,0.0291109827,1275.0472063123,171.6492564288
200.8016231000,4323,0.0291109827,1275.0472063123,171.6492564288
200.8506104000,4324,0.0291109827,1275.0472063123,171.6492564288
200.8992749000,4325,0.0291109827,1275.0472063123,171.6492564288
200.9479236000,4326,0.0291109827,1275.0472063123,171.6492564288
200.9991811000,4327,0.0291109827,1275.0472063123,171.6492564288
201.0468886000,4328,0.0291109827,1275.0472063123,171.6492564288
201.0928899000,4329,0.0291109827,1275.0472063123,171.6492564288
201.1350802000,4330,0.0291109827,1275.0472063123,171.6492564288
201.1799961000,4331,0.0291109827,1275.0472063123,171.6492564288
201.2239234000,4332,0.0291109827,1275.0472063123,171.6492564288
201.2670952000,4333,0.0291109827,1275.0472063123,171.6492564288
201.3143190000,4334,0.0291109827,1275.0472063123,171.6492564288
201.3645293000,4335,0.0291109827,1275.0472063123,171.6492564288
201.4094707000,4336,0.0291109827,1275.0472063123,171.6492564288
201.4572615000,4337,0.0291109827,1275.0472063123,171.6492564288
201.5050943000,4338,0.0291109827,1275.0472063123,171.6492564288
201.5486276000,4339,0.0291109827,1275.0472063123,171.6492564288
201.5916255000,4340,0.0291109827,1275.0472063123,171.6492564288
201.6384673000,4341,0.0291109827,1275.0472063123,171.6492564288
201.6870841000,4342,0.0291109827,1275.0472063123,171.6492564288
201.7327931000,4343,0.0291109827,1275.0472063123,171.6492564288
201.7822510000,4344,0.0291109827,1275.0472063123,171.6492564288
201.8313780000,4345,0.0291109827,1275.0472063123,171.6492564288
201.8769869000,4346,0.0291044806,1275.0472063123,171.6019292863
201.9262106000,4347,0.0291044806,1275.0472063123,171.6019292863
201.9725553000,4348,0.0291044806,1275.0472063123,171.6019292863
202.0189004000,4349,0.0291044806,1275.0472063123,171.6019292863
202.0682919000,4350,0.0291044806,1275.0472063123,171.6019292863
202.1147333000,4351,0.0291044806,1275.0472063123,171.6019292863
202.1646271000,4352,0.0291044806,1275.0472063123,171.6019292863
202.2147945000,4353,0.0291044806,1275.0472063123,171.6019292863
202.2616220000,4354,0.0291044806,1275.0472063123,171.6019292863
202.3071415000,4355,0.0291044806,1275.0472063123,171.6019292863
202.3570309000,4356,0.0291044806,1275.0472063123,171.6019292863
202.4054682000,4357,0.0291044806,1275.0472063123,171.6019292863
202.4520411000,4358,0.0291044806,1275.0472063123,171.6019292863
202.4963821000,4359,0.0291044806,1275.0472063123,171.6019292863
202.5453232000,4360,0.0291044806,1275.0472063123,171.6019292863
202.5932253000,4361,0.0291044806,1275.0472063123,171.6019292863
202.6407139000,4362,0.0291002176,1275.0472063123,171.5709005365
202.6892523000,4363,0.0291002176,1275.0472063123,171.5709005365
202.7363784000,4364,0.0291002176,1275.0472063123,171.5709005365
202.7852076000,4365,0.0291002176,1275.0472063123,171.5709005365
202.8322781000,4366,0.0291002176,1275.0472063123,171.5709005365
202.8800965000,4367,0.0291002176,1275.0472063123,171.5709005365
202.9256242000,4368,0.0291002176,1275.0472063123,171.5709005365
202.9716924000,4369,0.0291002176,1275.0472063123,171.5709005365
203.0141599000,4370,0.0291002176,1275.0472063123,171.5709005365
203.0591270000,4371,0.0291002176,1275.0472063123,171.5709005365
203.1049396000,4372,0.0291002176,1275.0472063123,171.5709005365
203.1517863000,4373,0.0291002176,1275.0472063123,171.5709005365
203.1932202000,4374,0.0291002176,1275.0472063123,171.5709005365
203.2369471000,4375,0.0291002176,1275.0472063123,171.5709005365
203.2813442000,4376,0.0291002176,1275.0472063123,171.5709005365
203.3294895000,4377,0.0291002176,1275.0472063123,171.5709005365
203.3786215000,4378,0.0290796097,1275.0472063123,171.4209005365
203.4253202000,4379,0.0290796097,1275.0472063123,171.4209005365
203.4671384000,4380,0.0290796097,1275.0472063123,171.4209005365
203.5201231000,4381,0.0290796097,1275.0472063123,171.4209005365
203.5674858000,4382,0.0290796097,1275.0472063123,171.4209005365
203.6153360000,4383,0.0290796097,1275.0472063123,171.4209005365
203.6630776000,4384,0.0290796097,1275.0472063123,171.4209005365
203.7096802000,4385,0.0290796097,1275.0472063123,171.4209005365
203.7581201000,4386,0.0290796097,1275.0472063123,171.4209005365
203.8079620000,4387,0.0290796097,1275.0472063123,171.4209005365
203.8586904000,4388,0.0290796097,1275.0472063123,171.4209005365
203.9064423000,4389,0.0290796097,1275.0472063123,171.4209005365
203.9587165000,4390,0.0290796097,1275.0472063123,171.4209005365
204.0098517000,4391,0.0290796097,1275.0472063123,171.4209005365
204.0609576000,4392,0.0290796097,1275.0472063123,171.4209005365
204.1073794000,4393,0.0290796097,1275.0472063123,171.4209005365
204.1577229000,4394,0.0290796097,1275.0472063123,171.4209005365
204.2071619000,4395,0.0290796097,1275.0472063123,171.4209005365
204.2599587000,4396,0.0290796097,1275.0472063123,171.4209005365
204.3089005000,4397,0.0290796097,1275.0472063123,171.4209005365
204.3601196000,4398,0.0290796097,1275.0472063123,171.4209005365
204.4065056000,4399,0.0290796097,1275.0472063123,171.4209005365
204.4553108000,4400,0.0290796097,1275.0472063123,171.4209005365
204.5013379000,4401,0.0290796097,1275.0472063123,171.4209005365
204.5467743000,4402,0.0290796097,1275.0472063123,171.4209005365
204.5940217000,4403,0.0290719539,1275.0472063123,171.3651762276
204.6451083000,4404,0.0290719539,1275.0472063123,171.3651762276
204.6933285000,4405,0.0290719539,1275.0472063123,171.3651762276
204.7438729000,4406,0.0290719539,1275.0472063123,171.3651762276
204.7904450000,4407,0.0290719539,1275.0472063123,171.3651762276
204.8356075000,4408,0.0290719539,1275.0472063123,171.3651762276
204.8811728000,4409,0.0290719539,1275.0472063123,171.3651762276
204.9269161000,4410,0.0290719539,1275.0472063123,171.3651762276
204.9723655000,4411,0.0290719539,1275.0472063123,171.3651762276
205.0174023000,4412,0.0290719539,1275.0472063123,171.3651762276
205.0608931000,4413,0.0290719539,1275.0472063123,171.3651762276
205.1064354000,4414,0.0290719539,1275.0472063123,171.3651762276
205.1539393000,4415,0.0290719539,1275.0472063123,171.3651762276
205.1957508000,4416,0.0290719539,1275.0472063123,171.3651762276
205.2409095000,4417,0.0290719539,1275.0472063123,171.3651762276
205.2852091000,4418,0.0290719539,1275.0472063123,171.3651762276
205.3335010000,4419,0.0290719141,1275.0472063123,171.3648864399
205.3835210000,4420,0.0290719141,1275.0472063123,171.3648864399
205.4297870000,4421,0.0290719141,1275.0472063123,171.3648864399
205.4760622000,4422,0.0290719141,1275.0472063123,171.3648864399
205.5245724000,4423,0.0290719141,1275.0472063123,171.3648864399
205.5746689000,4424,0.0290719141,1275.0472063123,171.3648864399
205.6172086000,4425,0.0290719141,1275.0472063123,171.3648864399
205.6641990000,4426,0.0290719141,1275.0472063123,171.3648864399
205.7154190000,4427,0.0290719141,1275.0472063123,171.3648864399
205.7622429000,4428,0.0290719141,1275.0472063123,171.3648864399
205.8088724000,4429,0.0290719141,1275.0472063123,171.3648864399
205.8558121000,4430,0.0290690298,1275.0472063123,171.3438921802
205.9013286000,4431,0.0290690298,1275.0472063123,171.3438921802
205.9500445000,4432,0.0290690298,1275.0472063123,171.3438921802
206.0009560000,4433,0.0290690298,1275.0472063123,171.3438921802
206.0472489000,4434,0.0290690298,1275.0472063123,171.3438921802
206.0973487000,4435,0.0290690298,1275.0472063123,171.3438921802
206.1466364000,4436,0.0290690298,1275.0472063123,171.3438921802
206.1938283000,4437,0.0290690298,1275.0472063123,171.3438921802
206.2398226000,4438,0.0290690298,1275.0472063123,171.3438921802
206.2921217000,4439,0.0290690298,1275.0472063123,171.3438921802
206.3448435000,4440,0.0290690298,1275.0472063123,171.3438921802
206.3924668000,4441,0.0290690298,1275.0472063123,171.3438921802
206.4379485000,4442,0.0290690298,1275.0472063123,171.3438921802
206.4833222000,4443,0.0290690298,1275.0472063123,171.3438921802
206.5312054000,4444,0.0290690298,1275.0472063123,171.3438921802
206.5795416000,4445,0.0290690298,1275.0472063123,171.3438921802
206.6253175000,4446,0.0290690298,1275.0472063123,171.3438921802
206.6752189000,4447,0.0290690298,1275.0472063123,171.3438921802
206.7239918000,4448,0.0290689138,1275.0472063123,171.3430477698
206.7753406000,4449,0.0290689138,1275.0472063123,171.3430477698
206.8290512000,4450,0.0290689138,1275.0472063123,171.3430477698
206.8768482000,4451,0.0290689138,1275.0472063123,171.3430477698
206.9263233000,4452,0.0290689138,1275.0472063123,171.3430477698
206.9727746000,4453,0.0290689138,1275.0472063123,171.3430477698
207.0224431000,4454,0.0290689138,1275.0472063123,171.3430477698
207.0671654000,4455,0.0290689138,1275.0472063123,171.3430477698
207.1136072000,4456,0.0290689138,1275.0472063123,171.3430477698
207.1583821000,4457,0.0290689138,1275.0472063123,171.3430477698
207.2045768000,4458,0.0290689138,1275.0472063123,171.3430477698
207.2528917000,4459,0.0290689138,1275.0472063123,171.3430477698
207.3002728000,4460,0.0290689138,1275.0472063123,171.3430477698
207.3520396000,4461,0.0290689138,1275.0472063123,171.3430477698
207.4026532000,4462,0.0290689138,1275.0472063123,171.3430477698
207.4533128000,4463,0.0290689138,1275.0472063123,171.3430477698
207.5031310000,4464,0.0290689138,1275.0472063123,171.3430477698
207.5537450000,4465,0.0290689138,1275.0472063123,171.3430477698
207.6016722000,4466,0.0290689138,1275.0472063123,171.3430477698
207.6479561000,4467,0.0290472067,1275.0472063123,171.1850477698
207.6901650000,4468,0.0290472067,1275.0472063123,171.1850477698
207.7302751000,4469,0.0290472067,1275.0472063123,171.1850477698
207.7762043000,4470,0.0290354636,1275.0472063123,171.0995726057
207.8230692000,4471,0.0290354636,1275.0472063123,171.0995726057
207.8721285000,4472,0.0290354636,1275.0472063123,171.0995726057
207.9134687000,4473,0.0290354636,1275.0472063123,171.0995726057
207.9574022000,4474,0.0290354636,1275.0472063123,171.0995726057
208.0036007000,4475,0.0290354636,1275.0472063123,171.0995726057
208.0527537000,4476,0.0290354636,1275.0472063123,171.0995726057
208.1004876000,4477,0.0290354636,1275.0472063123,171.0995726057
208.1452974000,4478,0.0290354636,1275.0472063123,171.0995726057
208.1925276000,4479,0.0290354636,1275.0472063123,171.0995726057
208.2388488000,4480,0.0290354636,1275.0472063123,171.0995726057
208.2824103000,4481,0.0290354636,1275.0472063123,171.0995726057
208.3298667000,4482,0.0290354636,1275.0472063123,171.0995726057
208.3787219000,4483,0.0290354636,1275.0472063123,171.0995726057
208.4328243000,4484,0.0290354636,1275.0472063123,171.0995726057
208.4843204000,4485,0.0290354636,1275.0472063123,171.0995726057
208.5343019000,4486,0.0290333930,1275.0472063123,171.0845018176
208.5838373000,4487,0.0290333930,1275.0472063123,171.0845018176
208.6277289000,4488,0.0290333930,1275.0472063123,171.0845018176
208.6799575000,4489,0.0290333930,1275.0472063123,171.0845018176
208.7273881000,4490,0.0290333930,1275.0472063123,171.0845018176
208.7769988000,4491,0.0290333930,1275.0472063123,171.0845018176
208.8276871000,4492,0.0290316012,1274.9748665436,171.0737425884
208.8759957000,4493,0.0290316012,1274.9748665436,171.0737425884
208.9240300000,4494,0.0290316012,1274.9748665436,171.0737425884
208.9731380000,4495,0.0290260827,1274.9748665436,171.0335747739
209.0220298000,4496,0.0290260827,1274.9748665436,171.0335747739
209.0712042000,4497,0.0290260827,1274.9748665436,171.0335747739
209.1232657000,4498,0.0290260827,1274.9748665436,171.0335747739
209.1753870000,4499,0.0290260827,1274.9748665436,171.0335747739
209.2234717000,4500,0.0290257348,1274.9748665436,171.0310425873
209.2742914000,4501,0.0290257348,1274.9748665436,171.0310425873
209.3248617000,4502,0.0290257348,1274.9748665436,171.0310425873
209.3760917000,4503,0.0290256144,1274.9748665436,171.0301663956
209.4264779000,4504,0.0290181288,1275.0472063123,170.9733974101
209.4767048000,4505,0.0290181288,1275.0472063123,170.9733974101
209.5218421000,4506,0.0290181288,1275.0472063123,170.9733974101
209.5658327000,4507,0.0290181288,1275.0472063123,170.9733974101
209.6123107000,4508,0.0290181288,1275.0472063123,170.9733974101
209.6570621000,4509,0.0290181288,1275.0472063123,170.9733974101
209.7014511000,4510,0.0290181288,1275.0472063123,170.9733974101
209.7514389000,4511,0.0290181288,1275.0472063123,170.9733974101
209.7966500000,4512,0.0290181288,1275.0472063123,170.9733974101
209.8424882000,4513,0.0290181288,1275.0472063123,170.9733974101
209.8915653000,4514,0.0290181288,1275.0472063123,170.9733974101
209.9399609000,4515,0.0290181288,1275.0472063123,170.9733974101
209.9898988000,4516,0.0290181288,1275.0472063123,170.9733974101
210.0356564000,4517,0.0290181288,1275.0472063123,170.9733974101
210.0826147000,4518,0.0290181288,1275.0472063123,170.9733974101
210.1273499000,4519,0.0290181288,1275.0472063123,170.9733974101
210.1703233000,4520,0.0290181288,1275.0472063123,170.9733974101
210.2193924000,4521,0.0290181288,1275.0472063123,170.9733974101
210.2673963000,4522,0.0290181288,1275.0472063123,170.9733974101
210.3114657000,4523,0.0290181288,1275.0472063123,170.9733974101
210.3620125000,4524,0.0290181288,1275.0472063123,170.9733974101
210.4129264000,4525,0.0290181288,1275.0472063123,170.9733974101
210.4621934000,4526,0.0290181288,1275.0472063123,170.9733974101
210.5134193000,4527,0.0290181288,1275.0472063123,170.9733974101
210.5625803000,4528,0.0290181288,1275.0472063123,170.9733974101
210.6101588000,4529,0.0290181288,1275.0472063123,170.9733974101
210.6560811000,4530,0.0290181288,1275.0472063123,170.9733974101
210.7028760000,4531,0.0290181288,1275.0472063123,170.9733974101
210.7523790000,4532,0.0290181288,1275.0472063123,170.9733974101
210.8014755000,4533,0.0290181288,1275.0472063123,170.9733974101
210.8513394000,4534,0.0290181288,1275.0472063123,170.9733974101
210.9019659000,4535,0.0290181288,1275.0472063123,170.9733974101
210.9512450000,4536,0.0290181288,1275.0472063123,170.9733974101
211.0017926000,4537,0.0290181288,1275.0472063123,170.9733974101
211.0504212000,4538,0.0290181288,1275.0472063123,170.9733974101
211.0959200000,4539,0.0290181288,1275.0472063123,170.9733974101
211.1394979000,4540,0.0290181288,1275.0472063123,170.9733974101
211.1882555000,4541,0.0290164151,1275.0472063123,170.9609239497
211.2351874000,4542,0.0290164151,1275.0472063123,170.9609239497
211.2823139000,4543,0.0290164151,1275.0472063123,170.9609239497
211.3326135000,4544,0.0290164151,1275.0472063123,170.9609239497
211.3828786000,4545,0.0290164151,1275.0472063123,170.9609239497
211.4305625000,4546,0.0290164151,1275.0472063123,170.9609239497
211.4773970000,4547,0.0290164151,1275.0472063123,170.9609239497
211.5215970000,4548,0.0290164151,1275.0472063123,170.9609239497
211.5674963000,4549,0.0290164151,1275.0472063123,170.9609239497
211.6102163000,4550,0.0290164151,1275.0472063123,170.9609239497
211.6570000000,4551,0.0290164151,1275.0472063123,170.9609239497
211.7001908000,4552,0.0290164151,1275.0472063123,170.9609239497
211.7461938000,4553,0.0290164151,1275.0472063123,170.9609239497
211.7921194000,4554,0.0290164151,1275.0472063123,170.9609239497
211.8367215000,4555,0.0290164151,1275.0472063123,170.9609239497
211.8849847000,4556,0.0290164151,1275.0472063123,170.9609239497
211.9290042000,4557,0.0290164151,1275.0472063123,170.9609239497
211.9733521000,4558,0.0290164151,1275.0472063123,170.9609239497
212.0218268000,4559,0.0290164151,1275.0472063123,170.9609239497
212.0672909000,4560,0.0290164151,1275.0472063123,170.9609239497
212.1118351000,4561,0.0290164151,1275.0472063123,170.9609239497
212.1588063000,4562,0.0290164151,1275.0472063123,170.9609239497
212.2024389000,4563,0.0290164151,1275.0472063123,170.9609239497
212.2479405000,4564,0.0290164151,1275.0472063123,170.9609239497
212.2924519000,4565,0.0290164151,1275.0472063123,170.9609239497
212.3428505000,4566,0.0290164151,1275.0472063123,170.9609239497
212.3893717000,4567,0.0290164151,1275.0472063123,170.9609239497
212.4365459000,4568,0.0290164151,1275.0472063123,170.9609239497
212.4833291000,4569,0.0290164151,1275.0472063123,170.9609239497
212.5300372000,4570,0.0290164151,1275.0472063123,170.9609239497
212.5744920000,4571,0.0290164151,1275.0472063123,170.9609239497
212.6206268000,4572,0.0290164151,1275.0472063123,170.9609239497
212.6665864000,4573,0.0290164151,1275.0472063123,170.9609239497
212.7112542000,4574,0.0290164151,1275.0472063123,170.9609239497
212.7570892000,4575,0.0290164151,1275.0472063123,170.9609239497
212.8006183000,4576,0.0290164151,1275.0472063123,170.9609239497
212.8506871000,4577,0.0290164151,1275.0472063123,170.9609239497
212.9006793000,4578,0.0290164151,1275.0472063123,170.9609239497
212.9491545000,4579,0.0290164151,1275.0472063123,170.9609239497
212.9960654000,4580,0.0290147544,1275.0472063123,170.9488360609
213.0401242000,4581,0.0290147544,1275.0472063123,170.9488360609
213.0865211000,4582,0.0290147544,1275.0472063123,170.9488360609
213.1279405000,4583,0.0290147544,1275.0472063123,170.9488360609
213.1739813000,4584,0.0290147544,1275.0472063123,170.9488360609
213.2160067000,4585,0.0290147544,1275.0472063123,170.9488360609
213.2576306000,4586,0.0290147544,1275.0472063123,170.9488360609
213.3056653000,4587,0.0290147544,1275.0472063123,170.9488360609
213.3571755000,4588,0.0290147544,1275.0472063123,170.9488360609
213.4065269000,4589,0.0290147544,1275.0472063123,170.9488360609
213.4551827000,4590,0.0290147544,1275.0472063123,170.9488360609
213.5119101000,4591,0.0290147544,1275.0472063123,170.9488360609
213.5756875000,4592,0.0290147544,1275.0472063123,170.9488360609
213.6298634000,4593,0.0290147544,1275.0472063123,170.9488360609
213.6745815000,4594,0.0290147544,1275.0472063123,170.9488360609
213.7246314000,4595,0.0290147544,1275.0472063123,170.9488360609
213.7730872000,4596,0.0290147544,1275.0472063123,170.9488360609
213.8239949000,4597,0.0290147544,1275.0472063123,170.9488360609
213.8705937000,4598,0.0290147544,1275.0472063123,170.9488360609
213.9188933000,4599,0.0290147544,1275.0472063123,170.9488360609
213.9664646000,4600,0.0290147544,1275.0472063123,170.9488360609
214.0161365000,4601,0.0290147544,1275.0472063123,170.9488360609
214.0638192000,4602,0.0290147544,1275.0472063123,170.9488360609
214.1139366000,4603,0.0290147544,1275.0472063123,170.9488360609
214.1610066000,4604,0.0290147544,1275.0472063123,170.9488360609
214.2040955000,4605,0.0290147544,1275.0472063123,170.9488360609
214.2449254000,4606,0.0290147544,1275.0472063123,170.9488360609
214.2882162000,4607,0.0290147544,1275.0472063123,170.9488360609
214.3363088000,4608,0.0290121441,1275.0472063123,170.9298360609
214.3831382000,4609,0.0290121441,1275.0472063123,170.9298360609
214.4275618000,4610,0.0290121441,1275.0472063123,170.9298360609
214.4718694000,4611,0.0290080974,1275.0472063123,170.9003810999
214.5133066000,4612,0.0290080974,1275.0472063123,170.9003810999
214.5576976000,4613,0.0289999167,1275.0472063123,170.8408360609
214.6037342000,4614,0.0289818676,1275.0472063123,170.7094617055
214.6461273000,4615,0.0289554560,1275.0472063123,170.5172181928
214.6879569000,4616,0.0289554560,1275.0472063123,170.5172181928
214.7282294000,4617,0.0289261926,1275.0472063123,170.3042181928
214.7722736000,4618,0.0289261926,1275.0472063123,170.3042181928
214.8197874000,4619,0.0289261926,1275.0472063123,170.3042181928
214.8643673000,4620,0.0289261926,1275.0472063123,170.3042181928
214.9092145000,4621,0.0289261926,1275.0472063123,170.3042181928
214.9557333000,4622,0.0289261926,1275.0472063123,170.3042181928
215.0013615000,4623,0.0289261926,1275.0472063123,170.3042181928
215.0476958000,4624,0.0289232289,1275.0472063123,170.2826461636
215.0947285000,4625,0.0289232289,1275.0472063123,170.2826461636
215.1428416000,4626,0.0289152717,1275.0472063123,170.2247277088
215.1903005000,4627,0.0289152717,1275.0472063123,170.2247277088
215.2375991000,4628,0.0289152717,1275.0472063123,170.2247277088
215.2798589000,4629,0.0289031840,1275.0472063123,170.1367441721
215.3282891000,4630,0.0289031840,1275.0472063123,170.1367441721
215.3762369000,4631,0.0289031840,1275.0472063123,170.1367441721
215.4226729000,4632,0.0289031840,1275.0472063123,170.1367441721
215.4709629000,4633,0.0288683052,1275.0472063123,169.8828705230
215.5180109000,4634,0.0288683052,1275.0472063123,169.8828705230
215.5647652000,4635,0.0288683052,1275.0472063123,169.8828705230
215.6137846000,4636,0.0288683052,1275.0472063123,169.8828705230
215.6609862000,4637,0.0288683052,1275.0472063123,169.8828705230
215.7089473000,4638,0.0288683052,1275.0472063123,169.8828705230
215.7565014000,4639,0.0288683052,1275.0472063123,169.8828705230
215.8075000000,4640,0.0288674014,1275.0472063123,169.8762917450
215.8555850000,4641,0.0288674014,1275.0472063123,169.8762917450
215.9040298000,4642,0.0288674014,1275.0472063123,169.8762917450
215.9560312000,4643,0.0288674014,1275.0472063123,169.8762917450
216.0095799000,4644,0.0288674014,1275.0472063123,169.8762917450
216.0570166000,4645,0.0288674014,1275.0472063123,169.8762917450
216.0993630000,4646,0.0288674014,1275.0472063123,169.8762917450
216.1433690000,4647,0.0288674014,1275.0472063123,169.8762917450
216.1867586000,4648,0.0288668027,1275.0472063123,169.8719345294
216.2304189000,4649,0.0288668027,1275.0472063123,169.8719345294
216.2720886000,4650,0.0288668027,1275.0472063123,169.8719345294
216.3169982000,4651,0.0288668027,1275.0472063123,169.8719345294
216.3637674000,4652,0.0288668027,1275.0472063123,169.8719345294
216.4108236000,4653,0.0288666782,1275.0472063123,169.8710278065
216.4594312000,4654,0.0288666782,1275.0472063123,169.8710278065
216.5074317000,4655,0.0288660944,1275.0472063123,169.8667789592
216.5537002000,4656,0.0288660944,1275.0472063123,169.8667789592
216.5969703000,4657,0.0288660944,1275.0472063123,169.8667789592
216.6409907000,4658,0.0288660944,1275.0472063123,169.8667789592
216.6837371000,4659,0.0288660944,1275.0472063123,169.8667789592
216.7310603000,4660,0.0288660944,1275.0472063123,169.8667789592
216.7799112000,4661,0.0288625045,1275.0472063123,169.8406491133
216.8278785000,4662,0.0288625045,1275.0472063123,169.8406491133
216.8730053000,4663,0.0288625045,1275.0472063123,169.8406491133
216.9207208000,4664,0.0288625045,1275.0472063123,169.8406491133
216.9677737000,4665,0.0288625045,1275.0472063123,169.8406491133
217.0185954000,4666,0.0288625045,1275.0472063123,169.8406491133
217.0657747000,4667,0.0288625045,1275.0472063123,169.8406491133
217.1126701000,4668,0.0288625045,1275.0472063123,169.8406491133
217.1616686000,4669,0.0288603664,1275.0472063123,169.8250858735
217.2098837000,4670,0.0288603664,1275.0472063123,169.8250858735
217.2581967000,4671,0.0288603664,1275.0472063123,169.8250858735
217.3056711000,4672,0.0288603664,1275.0472063123,169.8250858735
217.3562155000,4673,0.0288603664,1275.0472063123,169.8250858735
217.4046722000,4674,0.0288603664,1275.0472063123,169.8250858735
217.4521906000,4675,0.0288603664,1275.0472063123,169.8250858735
217.4970902000,4676,0.0288603664,1275.0472063123,169.8250858735
217.5458602000,4677,0.0288603664,1275.0472063123,169.8250858735
217.5923043000,4678,0.0288603664,1275.0472063123,169.8250858735
217.6388684000,4679,0.0288597784,1275.0472063123,169.8208064162
217.6886064000,4680,0.0288597784,1275.0472063123,169.8208064162
217.7390517000,4681,0.0288597784,1275.0472063123,169.8208064162
217.7889729000,4682,0.0288597784,1275.0472063123,169.8208064162
217.8396357000,4683,0.0288597784,1275.0472063123,169.8208064162
217.8873591000,4684,0.0288597784,1275.0472063123,169.8208064162
217.9340555000,4685,0.0288597784,1275.0472063123,169.8208064162
217.9804093000,4686,0.0288597784,1275.0472063123,169.8208064162
218.0288903000,4687,0.0288597532,1274.9352784260,169.8241552555
218.0771882000,4688,0.0288597532,1274.9352784260,169.8241552555
218.1262943000,4689,0.0288597532,1274.9352784260,169.8241552555
218.1710989000,4690,0.0288597532,1274.9352784260,169.8241552555
218.2178515000,4691,0.0288597532,1274.9352784260,169.8241552555
218.2654099000,4692,0.0288597532,1274.9352784260,169.8241552555
218.3114494000,4693,0.0288597532,1274.9352784260,169.8241552555
218.3610543000,4694,0.0288597532,1274.9352784260,169.8241552555
218.4097147000,4695,0.0288597532,1274.9352784260,169.8241552555
218.4565062000,4696,0.0288597532,1274.9352784260,169.8241552555
218.5025934000,4697,0.0288597532,1274.9352784260,169.8241552555
218.5498262000,4698,0.0288578323,1275.0472063123,169.8066413828
218.5977267000,4699,0.0288578323,1275.0472063123,169.8066413828
218.6455360000,4700,0.0288546815,1275.0472063123,169.7837070356
218.6934593000,4701,0.0288546815,1275.0472063123,169.7837070356
218.7385994000,4702,0.0288546815,1275.0472063123,169.7837070356
218.7841326000,4703,0.0288546815,1275.0472063123,169.7837070356
218.8293436000,4704,0.0288546815,1275.0472063123,169.7837070356
218.8764445000,4705,0.0288546815,1275.0472063123,169.7837070356
218.9204845000,4706,0.0288546815,1275.0472063123,169.7837070356
218.9681373000,4707,0.0288546815,1275.0472063123,169.7837070356
219.0179652000,4708,0.0288546815,1275.0472063123,169.7837070356
219.0644798000,4709,0.0288546815,1275.0472063123,169.7837070356
219.1132392000,4710,0.0288546815,1275.0472063123,169.7837070356
219.1587628000,4711,0.0288546815,1275.0472063123,169.7837070356
219.2054004000,4712,0.0288546815,1275.0472063123,169.7837070356
219.2530734000,4713,0.0288546815,1275.0472063123,169.7837070356
219.2991981000,4714,0.0288546815,1275.0472063123,169.7837070356
219.3464031000,4715,0.0288546815,1275.0472063123,169.7837070356
219.3980369000,4716,0.0288546815,1275.0472063123,169.7837070356
219.4476751000,4717,0.0288546815,1275.0472063123,169.7837070356
219.4968909000,4718,0.0288546815,1275.0472063123,169.7837070356
219.5411123000,4719,0.0288546815,1275.0472063123,169.7837070356
219.5874794000,4720,0.0288546815,1275.0472063123,169.7837070356
219.6290823000,4721,0.0288546815,1275.0472063123,169.7837070356
219.6765138000,4722,0.0288546815,1275.0472063123,169.7837070356
219.7212453000,4723,0.0288546815,1275.0472063123,169.7837070356
219.7661115000,4724,0.0288546815,1275.0472063123,169.7837070356
219.8145116000,4725,0.0288546815,1275.0472063123,169.7837070356
219.8658537000,4726,0.0288546815,1275.0472063123,169.7837070356
219.9167992000,4727,0.0288546815,1275.0472063123,169.7837070356
219.9626873000,4728,0.0288535834,1275.0472063123,169.7757144595
220.0081663000,4729,0.0288535834,1275.0472063123,169.7757144595
220.0571219000,4730,0.0288535834,1275.0472063123,169.7757144595
220.1051229000,4731,0.0288535834,1275.0472063123,169.7757144595
220.1525948000,4732,0.0288535834,1275.0472063123,169.7757144595
220.1973135000,4733,0.0288535834,1275.0472063123,169.7757144595
220.2416377000,4734,0.0288535834,1275.0472063123,169.7757144595
220.2816460000,4735,0.0288535834,1275.0472063123,169.7757144595
220.3279724000,4736,0.0288535834,1275.0472063123,169.7757144595
220.3776888000,4737,0.0288535834,1275.0472063123,169.7757144595
220.4244194000,4738,0.0288535834,1275.0472063123,169.7757144595
220.4707965000,4739,0.0288535834,1275.0472063123,169.7757144595
220.5186279000,4740,0.0288535834,1275.0472063123,169.7757144595
220.5650679000,4741,0.0288535834,1275.0472063123,169.7757144595
220.6084185000,4742,0.0288498740,1275.0472063123,169.7487144595
220.6562696000,4743,0.0288498740,1275.0472063123,169.7487144595
220.7033503000,4744,0.0288498740,1275.0472063123,169.7487144595
220.7469157000,4745,0.0288498740,1275.0472063123,169.7487144595
220.7920854000,4746,0.0288498740,1275.0472063123,169.7487144595
220.8359696000,4747,0.0288498740,1275.0472063123,169.7487144595
220.8805301000,4748,0.0288498740,1275.0472063123,169.7487144595
220.9258621000,4749,0.0288498740,1275.0472063123,169.7487144595
220.9707962000,4750,0.0288486903,1275.0472063123,169.7400991407
221.0151011000,4751,0.0288486903,1275.0472063123,169.7400991407
221.0604479000,4752,0.0288486903,1275.0472063123,169.7400991407
221.1072594000,4753,0.0288289102,1275.0472063123,169.5961250009
221.1525928000,4754,0.0288289102,1275.0472063123,169.5961250009
221.1998906000,4755,0.0288289102,1275.0472063123,169.5961250009
221.2428543000,4756,0.0288289102,1275.0472063123,169.5961250009
221.2936640000,4757,0.0288282177,1275.0472063123,169.5910844418
221.3408368000,4758,0.0288282177,1275.0472063123,169.5910844418
221.3899276000,4759,0.0288282177,1275.0472063123,169.5910844418
221.4382959000,4760,0.0288282177,1275.0472063123,169.5910844418
221.4889601000,4761,0.0288282177,1275.0472063123,169.5910844418
221.5383481000,4762,0.0288282177,1275.0472063123,169.5910844418
221.5853054000,4763,0.0288282177,1275.0472063123,169.5910844418
221.6343097000,4764,0.0288282177,1275.0472063123,169.5910844418
221.6823370000,4765,0.0288282177,1275.0472063123,169.5910844418
221.7317881000,4766,0.0288282177,1275.0472063123,169.5910844418
221.7784400000,4767,0.0288282177,1275.0472063123,169.5910844418
221.8260140000,4768,0.0288282177,1275.0472063123,169.5910844418
221.8734035000,4769,0.0288282177,1275.0472063123,169.5910844418
221.9247122000,4770,0.0288282177,1275.0472063123,169.5910844418
221.9730489000,4771,0.0288282177,1275.0472063123,169.5910844418
222.0223202000,4772,0.0288282177,1275.0472063123,169.5910844418
222.0721737000,4773,0.0288282177,1275.0472063123,169.5910844418
222.1192741000,4774,0.0288282177,1275.0472063123,169.5910844418
222.1679906000,4775,0.0288282177,1275.0472063123,169.5910844418
222.2151518000,4776,0.0288282177,1275.0472063123,169.5910844418
222.2610319000,4777,0.0288282177,1275.0472063123,169.5910844418
222.3138742000,4778,0.0288282177,1275.0472063123,169.5910844418
222.3626168000,4779,0.0288268310,1275.0472063123,169.5809905937
222.4092744000,4780,0.0288268310,1275.0472063123,169.5809905937
222.4555551000,4781,0.0288268310,1275.0472063123,169.5809905937
222.5035031000,4782,0.0288268310,1275.0472063123,169.5809905937
222.5490948000,4783,0.0288268310,1275.0472063123,169.5809905937
222.5947198000,4784,0.0288268310,1275.0472063123,169.5809905937
222.6399908000,4785,0.0288268310,1275.0472063123,169.5809905937
222.6841289000,4786,0.0288268310,1275.0472063123,169.5809905937
222.7291266000,4787,0.0288268310,1275.0472063123,169.5809905937
222.7701293000,4788,0.0288220067,1275.0472063123,169.5458761771
222.8154936000,4789,0.0288220067,1275.0472063123,169.5458761771
222.8626222000,4790,0.0288220067,1275.0472063123,169.5458761771
222.9073536000,4791,0.0288220067,1275.0472063123,169.5458761771
222.9538879000,4792,0.0288220067,1275.0472063123,169.5458761771
223.0020383000,4793,0.0288220067,1275.0472063123,169.5458761771
223.0508349000,4794,0.0288220067,1275.0472063123,169.5458761771
223.0991711000,4795,0.0288220067,1275.0472063123,169.5458761771
223.1398073000,4796,0.0288220067,1275.0472063123,169.5458761771
223.1832007000,4797,0.0288220067,1275.0472063123,169.5458761771
223.2260611000,4798,0.0288220067,1275.0472063123,169.5458761771
223.2682347000,4799,0.0288204176,1275.0472063123,169.5343092875
223.3095884000,4800,0.0288204176,1275.0472063123,169.5343092875
223.3565410000,4801,0.0288204176,1275.0472063123,169.5343092875
223.4014242000,4802,0.0288204176,1275.0472063123,169.5343092875
223.4509709000,4803,0.0288204176,1275.0472063123,169.5343092875
223.4987554000,4804,0.0288204176,1275.0472063123,169.5343092875
223.5462551000,4805,0.0288204176,1275.0472063123,169.5343092875
223.5936113000,4806,0.0288204176,1275.0472063123,169.5343092875
223.6419602000,4807,0.0288204176,1275.0472063123,169.5343092875
223.6915247000,4808,0.0288204176,1275.0472063123,169.5343092875
223.7378035000,4809,0.0288204176,1275.0472063123,169.5343092875
223.7856567000,4810,0.0288204176,1275.0472063123,169.5343092875
223.8370040000,4811,0.0288204176,1275.0472063123,169.5343092875
223.8840704000,4812,0.0288204176,1275.0472063123,169.5343092875
223.9342609000,4813,0.0288204176,1275.0472063123,169.5343092875
223.9825070000,4814,0.0288204176,1275.0472063123,169.5343092875
224.0338273000,4815,0.0288204176,1275.0472063123,169.5343092875
224.0799889000,4816,0.0288182945,1275.0472063123,169.5188558494
224.1301214000,4817,0.0288178073,1275.0472063123,169.5153092875
224.1779432000,4818,0.0288178073,1275.0472063123,169.5153092875
224.2244316000,4819,0.0288136193,1275.0472063123,169.4848262475
224.2715793000,4820,0.0288136193,1275.0472063123,169.4848262475
224.3178770000,4821,0.0288136193,1275.0472063123,169.4848262475
224.3654530000,4822,0.0288136193,1275.0472063123,169.4848262475
224.4114675000,4823,0.0288136193,1275.0472063123,169.4848262475
224.4564168000,4824,0.0288136193,1275.0472063123,169.4848262475
224.5011988000,4825,0.0288136193,1275.0472063123,169.4848262475
224.5467598000,4826,0.0288136193,1275.0472063123,169.4848262475
224.5909289000,4827,0.0288136193,1275.0472063123,169.4848262475
224.6332906000,4828,0.0288136193,1275.0472063123,169.4848262475
224.6792024000,4829,0.0288136193,1275.0472063123,169.4848262475
224.7243024000,4830,0.0288136193,1275.0472063123,169.4848262475
224.7692742000,4831,0.0288136193,1275.0472063123,169.4848262475
224.8116935000,4832,0.0288136193,1275.0472063123,169.4848262475
224.8578687000,4833,0.0288136193,1275.0472063123,169.4848262475
224.9003355000,4834,0.0288136193,1275.0472063123,169.4848262475
224.9459455000,4835,0.0288136193,1275.0472063123,169.4848262475
224.9916968000,4836,0.0288136193,1275.0472063123,169.4848262475
225.0370031000,4837,0.0288136193,1275.0472063123,169.4848262475
225.0818782000,4838,0.0288136193,1275.0472063123,169.4848262475
225.1274562000,4839,0.0288136193,1275.0472063123,169.4848262475
225.1719801000,4840,0.0288136193,1275.0472063123,169.4848262475
225.2167629000,4841,0.0288136193,1275.0472063123,169.4848262475
225.2578799000,4842,0.0288136193,1275.0472063123,169.4848262475
225.3044369000,4843,0.0288136193,1275.0472063123,169.4848262475
225.3510650000,4844,0.0288136193,1275.0472063123,169.4848262475
225.3964590000,4845,0.0288136193,1275.0472063123,169.4848262475
225.4453121000,4846,0.0288131918,1275.0472063123,169.4817146216
225.4868546000,4847,0.0288131918,1275.0472063123,169.4817146216
225.5324994000,4848,0.0288131918,1275.0472063123,169.4817146216
225.5771471000,4849,0.0288131918,1275.0472063123,169.4817146216
225.6214509000,4850,0.0288131918,1275.0472063123,169.4817146216
225.6663864000,4851,0.0288131918,1275.0472063123,169.4817146216
225.7102801000,4852,0.0288131918,1275.0472063123,169.4817146216
225.7550784000,4853,0.0288131918,1275.0472063123,169.4817146216
225.8028510000,4854,0.0288131918,1275.0472063123,169.4817146216
225.8440594000,4855,0.0288131918,1275.0472063123,169.4817146216
225.8881532000,4856,0.0288131918,1275.0472063123,169.4817146216
225.9329257000,4857,0.0288131918,1275.0472063123,169.4817146216
225.9825648000,4858,0.0288131918,1275.0472063123,169.4817146216
226.0290792000,4859,0.0288131918,1275.0472063123,169.4817146216
226.0752013000,4860,0.0288131918,1275.0472063123,169.4817146216
226.1184115000,4861,0.0288131918,1275.0472063123,169.4817146216
226.1651252000,4862,0.0288131918,1275.0472063123,169.4817146216
226.2106807000,4863,0.0288131918,1275.0472063123,169.4817146216
226.2581872000,4864,0.0288131918,1275.0472063123,169.4817146216
226.3055874000,4865,0.0288131918,1275.0472063123,169.4817146216
226.3545850000,4866,0.0288131918,1275.0472063123,169.4817146216
226.4017411000,4867,0.0288131918,1275.0472063123,169.4817146216
226.4507489000,4868,0.0288131918,1275.0472063123,169.4817146216
226.5005297000,4869,0.0288131918,1275.0472063123,169.4817146216
226.5477791000,4870,0.0288131918,1275.0472063123,169.4817146216
226.5961340000,4871,0.0288131918,1275.0472063123,169.4817146216
226.6406600000,4872,0.0288131918,1275.0472063123,169.4817146216
226.6877290000,4873,0.0288131918,1275.0472063123,169.4817146216
226.7321504000,4874,0.0288131918,1275.0472063123,169.4817146216
226.7753467000,4875,0.0288131918,1275.0472063123,169.4817146216
226.8199175000,4876,0.0288131918,1275.0472063123,169.4817146216
226.8651471000,4877,0.0288131918,1275.0472063123,169.4817146216
226.9098565000,4878,0.0288131918,1275.0472063123,169.4817146216
226.9585701000,4879,0.0288131918,1275.0472063123,169.4817146216
227.0054773000,4880,0.0288131918,1275.0472063123,169.4817146216
227.0548267000,4881,0.0288131918,1275.0472063123,169.4817146216
227.1036293000,4882,0.0288131918,1275.0472063123,169.4817146216
227.1475828000,4883,0.0288131918,1275.0472063123,169.4817146216
227.1964517000,4884,0.0288131918,1275.0472063123,169.4817146216
227.2427206000,4885,0.0288131918,1275.0472063123,169.4817146216
227.2872965000,4886,0.0288131918,1275.0472063123,169.4817146216
227.3347406000,4887,0.0288131918,1275.0472063123,169.4817146216
227.3828312000,4888,0.0288131918,1275.0472063123,169.4817146216
227.4275967000,4889,0.0288131918,1275.0472063123,169.4817146216
227.4751933000,4890,0.0288131918,1275.0472063123,169.4817146216
227.5194510000,4891,0.0288115244,1275.0472063123,169.4695779602
227.5653319000,4892,0.0288115244,1275.0472063123,169.4695779602
227.6103684000,4893,0.0288115244,1275.0472063123,169.4695779602
227.6577683000,4894,0.0288115244,1275.0472063123,169.4695779602
227.7027258000,4895,0.0288115244,1275.0472063123,169.4695779602
227.7498430000,4896,0.0288115244,1275.0472063123,169.4695779602
227.7987414000,4897,0.0288115244,1275.0472063123,169.4695779602
227.8445203000,4898,0.0288115244,1275.0472063123,169.4695779602
227.8897260000,4899,0.0288115244,1275.0472063123,169.4695779602
227.9348834000,4900,0.0288115244,1275.0472063123,169.4695779602
227.9823999000,4901,0.0288115244,1275.0472063123,169.4695779602
228.0309409000,4902,0.0288115244,1275.0472063123,169.4695779602
228.0763736000,4903,0.0288115244,1275.0472063123,169.4695779602
228.1285970000,4904,0.0288115244,1275.0472063123,169.4695779602
228.1775949000,4905,0.0288115244,1275.0472063123,169.4695779602
228.2260663000,4906,0.0288115244,1275.0472063123,169.4695779602
228.2712274000,4907,0.0288115244,1275.0472063123,169.4695779602
228.3213386000,4908,0.0288115244,1275.0472063123,169.4695779602
228.3705978000,4909,0.0288115244,1275.0472063123,169.4695779602
228.4180543000,4910,0.0288115244,1275.0472063123,169.4695779602
228.4655897000,4911,0.0288081933,1275.0472063123,169.4453321676
228.5135549000,4912,0.0288081933,1275.0472063123,169.4453321676
228.5613809000,4913,0.0288081933,1275.0472063123,169.4453321676
228.6103586000,4914,0.0288081933,1275.0472063123,169.4453321676
228.6571295000,4915,0.0288081933,1275.0472063123,169.4453321676
228.7051196000,4916,0.0288081933,1275.0472063123,169.4453321676
228.7513182000,4917,0.0288081933,1275.0472063123,169.4453321676
228.7986967000,4918,0.0288081933,1275.0472063123,169.4453321676
228.8438846000,4919,0.0288081933,1275.0472063123,169.4453321676
228.8900304000,4920,0.0288081933,1275.0472063123,169.4453321676
228.9376494000,4921,0.0288081933,1275.0472063123,169.4453321676
228.9841212000,4922,0.0288081933,1275.0472063123,169.4453321676
229.0284705000,4923,0.0288081933,1275.0472063123,169.4453321676
229.0767684000,4924,0.0288081933,1275.0472063123,169.4453321676
229.1232883000,4925,0.0288081933,1275.0472063123,169.4453321676
229.1693315000,4926,0.0288081933,1275.0472063123,169.4453321676
229.2122641000,4927,0.0288081933,1275.0472063123,169.4453321676
229.2563908000,4928,0.0288081933,1275.0472063123,169.4453321676
229.3025922000,4929,0.0288081933,1275.0472063123,169.4453321676
229.3480731000,4930,0.0288081933,1275.0472063123,169.4453321676
229.3954797000,4931,0.0288081933,1275.0472063123,169.4453321676
229.4412251000,4932,0.0288081933,1275.0472063123,169.4453321676
229.4854258000,4933,0.0288081933,1275.0472063123,169.4453321676
229.5303148000,4934,0.0288081933,1275.0472063123,169.4453321676
229.5770093000,4935,0.0288081933,1275.0472063123,169.4453321676
229.6233047000,4936,0.0288081933,1275.0472063123,169.4453321676
229.6717101000,4937,0.0288081933,1275.0472063123,169.4453321676
229.7132852000,4938,0.0288081933,1275.0472063123,169.4453321676
229.7581219000,4939,0.0288081933,1275.0472063123,169.4453321676
229.8050353000,4940,0.0288081933,1275.0472063123,169.4453321676
229.8505838000,4941,0.0288081933,1275.0472063123,169.4453321676
229.9006196000,4942,0.0288081933,1275.0472063123,169.4453321676
229.9436696000,4943,0.0288081933,1275.0472063123,169.4453321676
229.9898583000,4944,0.0288049575,1275.0472063123,169.4217791843
230.0375860000,4945,0.0288049575,1275.0472063123,169.4217791843
230.0841508000,4946,0.0288049575,1275.0472063123,169.4217791843
230.1327257000,4947,0.0288049575,1275.0472063123,169.4217791843
230.1797850000,4948,0.0288049575,1275.0472063123,169.4217791843
230.2279582000,4949,0.0288049575,1275.0472063123,169.4217791843
230.2753156000,4950,0.0288049575,1275.0472063123,169.4217791843
230.3224827000,4951,0.0288049575,1275.0472063123,169.4217791843
230.3711618000,4952,0.0288049575,1275.0472063123,169.4217791843
230.4182948000,4953,0.0288049575,1275.0472063123,169.4217791843
230.4658563000,4954,0.0288049575,1275.0472063123,169.4217791843
230.5120515000,4955,0.0288049575,1275.0472063123,169.4217791843
230.5618457000,4956,0.0288049575,1275.0472063123,169.4217791843
230.6095348000,4957,0.0288049575,1275.0472063123,169.4217791843
230.6568199000,4958,0.0288049575,1275.0472063123,169.4217791843
230.7035080000,4959,0.0288049575,1275.0472063123,169.4217791843
230.7500930000,4960,0.0288049575,1275.0472063123,169.4217791843
230.7964394000,4961,0.0288049575,1275.0472063123,169.4217791843
230.8435477000,4962,0.0287965996,1275.0472063123,169.3609443484
230.8929880000,4963,0.0287965996,1275.0472063123,169.3609443484
230.9385401000,4964,0.0287965996,1275.0472063123,169.3609443484
230.9857964000,4965,0.0287965996,1275.0472063123,169.3609443484
231.0311319000,4966,0.0287965996,1275.0472063123,169.3609443484
231.0745491000,4967,0.0287965996,1275.0472063123,169.3609443484
231.1198514000,4968,0.0287965996,1275.0472063123,169.3609443484
231.1643536000,4969,0.0287965996,1275.0472063123,169.3609443484
231.2082635000,4970,0.0287965996,1275.0472063123,169.3609443484
231.2526149000,4971,0.0287965996,1275.0472063123,169.3609443484
231.2965570000,4972,0.0287965996,1275.0472063123,169.3609443484
231.3432586000,4973,0.0287965996,1275.0472063123,169.3609443484
231.3915822000,4974,0.0287965996,1275.0472063123,169.3609443484
231.4346403000,4975,0.0287965996,1275.0472063123,169.3609443484
231.4793398000,4976,0.0287965996,1275.0472063123,169.3609443484
231.5235530000,4977,0.0287965996,1275.0472063123,169.3609443484
231.5674521000,4978,0.0287965996,1275.0472063123,169.3609443484
231.6097032000,4979,0.0287965996,1275.0472063123,169.3609443484
231.6545659000,4980,0.0287965996,1275.0472063123,169.3609443484
231.7000421000,4981,0.0287965996,1275.0472063123,169.3609443484
231.7427053000,4982,0.0287965996,1275.0472063123,169.3609443484
231.7868685000,4983,0.0287965996,1275.0472063123,169.3609443484
231.8322248000,4984,0.0287965996,1275.0472063123,169.3609443484
231.8762643000,4985,0.0287965996,1275.0472063123,169.3609443484
231.9185034000,4986,0.0287965996,1275.0472063123,169.3609443484
231.9616120000,4987,0.0287965996,1275.0472063123,169.3609443484
232.0123495000,4988,0.0287957342,1275.0472063123,169.3546454115
232.0553871000,4989,0.0287957342,1275.0472063123,169.3546454115
232.1018162000,4990,0.0287957342,1275.0472063123,169.3546454115
232.1485998000,4991,0.0287957342,1275.0472063123,169.3546454115
232.1927042000,4992,0.0287957342,1275.0472063123,169.3546454115
232.2382834000,4993,0.0287957342,1275.0472063123,169.3546454115
232.2848262000,4994,0.0287957342,1275.0472063123,169.3546454115
232.3327917000,4995,0.0287957342,1275.0472063123,169.3546454115
232.3824495000,4996,0.0287957342,1275.0472063123,169.3546454115
232.4277904000,4997,0.0287957342,1275.0472063123,169.3546454115
232.4760588000,4998,0.0287957342,1275.0472063123,169.3546454115
232.5258276000,4999,0.0287957342,1275.0472063123,169.3546454115
232.5734778000,5000,0.0287745618,1275.0472063123,169.2005367421
232.6226283000,5001,0.0287745618,1275.0472063123,169.2005367421
232.6717102000,5002,0.0287745618,1275.0472063123,169.2005367421
232.7181584000,5003,0.0287745618,1275.0472063123,169.2005367421
232.7665083000,5004,0.0287745618,1275.0472063123,169.2005367421
232.8136262000,5005,0.0287745618,1275.0472063123,169.2005367421
232.8680904000,5006,0.0287745618,1275.0472063123,169.2005367421
232.9312257000,5007,0.0287745618,1275.0472063123,169.2005367421
232.9925398000,5008,0.0287745618,1275.0472063123,169.2005367421
233.0417169000,5009,0.0287745618,1275.0472063123,169.2005367421
233.0911491000,5010,0.0287745618,1275.0472063123,169.2005367421
233.1385078000,5011,0.0287745618,1275.0472063123,169.2005367421
233.1832881000,5012,0.0287737861,1275.0472063123,169.1948906669
233.2280992000,5013,0.0287737861,1275.0472063123,169.1948906669
233.2738287000,5014,0.0287737861,1275.0472063123,169.1948906669
233.3205582000,5015,0.0287737861,1275.0472063123,169.1948906669
233.3693315000,5016,0.0287737861,1275.0472063123,169.1948906669
233.4174416000,5017,0.0287737861,1275.0472063123,169.1948906669
233.4625522000,5018,0.0287737861,1275.0472063123,169.1948906669
233.5111618000,5019,0.0287737861,1275.0472063123,169.1948906669
233.5602507000,5020,0.0287737861,1275.0472063123,169.1948906669
233.6085509000,5021,0.0287737861,1275.0472063123,169.1948906669
233.6583393000,5022,0.0287737861,1275.0472063123,169.1948906669
233.7066015000,5023,0.0287737861,1275.0472063123,169.1948906669
233.7560903000,5024,0.0287737861,1275.0472063123,169.1948906669
233.8058466000,5025,0.0287737861,1275.0472063123,169.1948906669
233.8525956000,5026,0.0287737861,1275.0472063123,169.1948906669
233.8971155000,5027,0.0287737861,1275.0472063123,169.1948906669
233.9393753000,5028,0.0287737861,1275.0472063123,169.1948906669
233.9842774000,5029,0.0287737861,1275.0472063123,169.1948906669
234.0302089000,5030,0.0287737861,1275.0472063123,169.1948906669
234.0763797000,5031,0.0287618318,1275.0472063123,169.1078784295
234.1211928000,5032,0.0287618318,1275.0472063123,169.1078784295
234.1683904000,5033,0.0287618318,1275.0472063123,169.1078784295
234.2140530000,5034,0.0287618318,1275.0472063123,169.1078784295
234.2588732000,5035,0.0287618318,1275.0472063123,169.1078784295
234.3037546000,5036,0.0287618318,1275.0472063123,169.1078784295
234.3533081000,5037,0.0287618318,1275.0472063123,169.1078784295
234.4010616000,5038,0.0287618318,1275.0472063123,169.1078784295
234.4487694000,5039,0.0287618318,1275.0472063123,169.1078784295
234.4971632000,5040,0.0287618318,1275.0472063123,169.1078784295
234.5465037000,5041,0.0287618318,1275.0472063123,169.1078784295
234.5937021000,5042,0.0287550798,1275.0472063123,169.0587325976
234.6434486000,5043,0.0287550798,1275.0472063123,169.0587325976
234.6892228000,5044,0.0287550798,1275.0472063123,169.0587325976
234.7381766000,5045,0.0287550798,1275.0472063123,169.0587325976
234.7850833000,5046,0.0287550798,1275.0472063123,169.0587325976
234.8341284000,5047,0.0287550798,1275.0472063123,169.0587325976
234.8796780000,5048,0.0287550798,1275.0472063123,169.0587325976
234.9254329000,5049,0.0287550798,1275.0472063123,169.0587325976
234.9722927000,5050,0.0287534907,1275.0472063123,169.0471657080
235.0213692000,5051,0.0287534907,1275.0472063123,169.0471657080
235.0694165000,5052,0.0287534907,1275.0472063123,169.0471657080
235.1176741000,5053,0.0287534907,1275.0472063123,169.0471657080
235.1690324000,5054,0.0287526870,1275.0472063123,169.0413161925
235.2165382000,5055,0.0287526870,1275.0472063123,169.0413161925
235.2639126000,5056,0.0287526870,1275.0472063123,169.0413161925
235.3096955000,5057,0.0287526870,1275.0472063123,169.0413161925
235.3573769000,5058,0.0287526870,1275.0472063123,169.0413161925
235.4052169000,5059,0.0287526870,1275.0472063123,169.0413161925
235.4541655000,5060,0.0287515204,1275.0472063123,169.0328244274
235.5001690000,5061,0.0287515204,1275.0472063123,169.0328244274
235.5475741000,5062,0.0287515204,1275.0472063123,169.0328244274
235.5941496000,5063,0.0287515204,1275.0472063123,169.0328244274
235.6423037000,5064,0.0287515204,1275.0472063123,169.0328244274
235.6900006000,5065,0.0287515204,1275.0472063123,169.0328244274
235.7356985000,5066,0.0287515204,1275.0472063123,169.0328244274
235.7814661000,5067,0.0287515204,1275.0472063123,169.0328244274
235.8243012000,5068,0.0287515204,1275.0472063123,169.0328244274
235.8685341000,5069,0.0287515204,1275.0472063123,169.0328244274
235.9114681000,5070,0.0287515204,1275.0472063123,169.0328244274
235.9563587000,5071,0.0287515204,1275.0472063123,169.0328244274
236.0029924000,5072,0.0287515204,1275.0472063123,169.0328244274
236.0473552000,5073,0.0287515204,1275.0472063123,169.0328244274
236.0925463000,5074,0.0287515204,1275.0472063123,169.0328244274
236.1393884000,5075,0.0287515204,1275.0472063123,169.0328244274
236.1873655000,5076,0.0287515204,1275.0472063123,169.0328244274
236.2328818000,5077,0.0287515204,1275.0472063123,169.0328244274
236.2749535000,5078,0.0287515204,1275.0472063123,169.0328244274
236.3186450000,5079,0.0287515204,1275.0472063123,169.0328244274
236.3654789000,5080,0.0287515204,1275.0472063123,169.0328244274
236.4093594000,5081,0.0287515204,1275.0472063123,169.0328244274
236.4535220000,5082,0.0287515204,1275.0472063123,169.0328244274
236.4976303000,5083,0.0287515204,1275.0472063123,169.0328244274
236.5428331000,5084,0.0287515204,1275.0472063123,169.0328244274
236.5885993000,5085,0.0287505305,1275.0472063123,169.0256196726
236.6347842000,5086,0.0287505305,1275.0472063123,169.0256196726
236.6845166000,5087,0.0287505305,1275.0472063123,169.0256196726
236.7311128000,5088,0.0287505305,1275.0472063123,169.0256196726
236.7783834000,5089,0.0287505305,1275.0472063123,169.0256196726
236.8257892000,5090,0.0287347614,1275.0472063123,168.9108400502
236.8725509000,5091,0.0287347614,1275.0472063123,168.9108400502
236.9184955000,5092,0.0287280294,1275.0472063123,168.8618400502
236.9673019000,5093,0.0287280294,1275.0472063123,168.8618400502
237.0117935000,5094,0.0287280294,1275.0472063123,168.8618400502
237.0585294000,5095,0.0287280294,1275.0472063123,168.8618400502
237.1087972000,5096,0.0287280294,1275.0472063123,168.8618400502
237.1578022000,5097,0.0287280294,1275.0472063123,168.8618400502
237.2065033000,5098,0.0287280294,1275.0472063123,168.8618400502
237.2558733000,5099,0.0287280294,1275.0472063123,168.8618400502
237.3029468000,5100,0.0287280294,1275.0472063123,168.8618400502
237.3509054000,5101,0.0287280294,1275.0472063123,168.8618400502
237.4005398000,5102,0.0287280294,1275.0472063123,168.8618400502
237.4483813000,5103,0.0287280294,1275.0472063123,168.8618400502
237.4959973000,5104,0.0287280294,1275.0472063123,168.8618400502
237.5429056000,5105,0.0287280294,1275.0472063123,168.8618400502
237.5888040000,5106,0.0287280294,1275.0472063123,168.8618400502
237.6342342000,5107,0.0287280294,1275.0472063123,168.8618400502
237.6790945000,5108,0.0287280294,1275.0472063123,168.8618400502
237.7247105000,5109,0.0287280294,1275.0472063123,168.8618400502
237.7669449000,5110,0.0287280294,1275.0472063123,168.8618400502
237.8134794000,5111,0.0287240840,1275.0472063123,168.8331220826
237.8555896000,5112,0.0287240840,1275.0472063123,168.8331220826
237.8969977000,5113,0.0287240840,1275.0472063123,168.8331220826
237.9424868000,5114,0.0287240840,1275.0472063123,168.8331220826
237.9898766000,5115,0.0287185692,1275.0472063123,168.7929813272
238.0359601000,5116,0.0287185692,1275.0472063123,168.7929813272
238.0847998000,5117,0.0287172180,1275.0472063123,168.7831465483
238.1313341000,5118,0.0287172180,1275.0472063123,168.7831465483
238.1754690000,5119,0.0287172180,1275.0472063123,168.7831465483
238.2225072000,5120,0.0287172180,1275.0472063123,168.7831465483
238.2687117000,5121,0.0287172180,1275.0472063123,168.7831465483
238.3129897000,5122,0.0287172180,1275.0472063123,168.7831465483
238.3606006000,5123,0.0287172180,1275.0472063123,168.7831465483
238.4089387000,5124,0.0287172180,1275.0472063123,168.7831465483
238.4553097000,5125,0.0287172180,1275.0472063123,168.7831465483
238.5020311000,5126,0.0287172180,1275.0472063123,168.7831465483
238.5485349000,5127,0.0287172180,1275.0472063123,168.7831465483
238.5940958000,5128,0.0287172180,1275.0472063123,168.7831465483
238.6417470000,5129,0.0287172180,1275.0472063123,168.7831465483
238.6871248000,5130,0.0287172180,1275.0472063123,168.7831465483
238.7332758000,5131,0.0287165584,1275.0472063123,168.7783450689
238.7794087000,5132,0.0287165584,1275.0472063123,168.7783450689
238.8234467000,5133,0.0287165584,1275.0472063123,168.7783450689
238.8685659000,5134,0.0287165584,1275.0472063123,168.7783450689
238.9149786000,5135,0.0287165584,1275.0472063123,168.7783450689
238.9606371000,5136,0.0287165584,1275.0472063123,168.7783450689
239.0062837000,5137,0.0287165584,1275.0472063123,168.7783450689
239.0523750000,5138,0.0287165584,1275.0472063123,168.7783450689
239.1029555000,5139,0.0287165584,1275.0472063123,168.7783450689
239.1520259000,5140,0.0287165584,1275.0472063123,168.7783450689
239.2027812000,5141,0.0287165584,1275.0472063123,168.7783450689
239.2501538000,5142,0.0287165584,1275.0472063123,168.7783450689
239.2983138000,5143,0.0287165584,1275.0472063123,168.7783450689
239.3470236000,5144,0.0287165584,1275.0472063123,168.7783450689
239.3946231000,5145,0.0287026451,1275.0472063123,168.6770743973
239.4420660000,5146,0.0287026451,1275.0472063123,168.6770743973
239.4883845000,5147,0.0287026451,1275.0472063123,168.6770743973
239.5375580000,5148,0.0287026451,1275.0472063123,168.6770743973
239.5873515000,5149,0.0287026451,1275.0472063123,168.6770743973
239.6377064000,5150,0.0287026451,1275.0472063123,168.6770743973
239.6820810000,5151,0.0287026451,1275.0472063123,168.6770743973
239.7273990000,5152,0.0287026451,1275.0472063123,168.6770743973
239.7716757000,5153,0.0287026451,1275.0472063123,168.6770743973
239.8168845000,5154,0.0286879440,1275.0472063123,168.5700682654
239.8636596000,5155,0.0286879440,1275.0472063123,168.5700682654
239.9088296000,5156,0.0286879440,1275.0472063123,168.5700682654
239.9547845000,5157,0.0286879440,1275.0472063123,168.5700682654
240.0029677000,5158,0.0286879440,1275.0472063123,168.5700682654
240.0524820000,5159,0.0286879440,1275.0472063123,168.5700682654
240.1005183000,5160,0.0286879440,1275.0472063123,168.5700682654
240.1477275000,5161,0.0286879440,1275.0472063123,168.5700682654
240.1987216000,5162,0.0286879440,1275.0472063123,168.5700682654
240.2484027000,5163,0.0286879440,1275.0472063123,168.5700682654
240.2951053000,5164,0.0286879440,1275.0472063123,168.5700682654
240.3433797000,5165,0.0286879440,1275.0472063123,168.5700682654
240.3949793000,5166,0.0286879440,1275.0472063123,168.5700682654
240.4394798000,5167,0.0286879440,1275.0472063123,168.5700682654
240.4829125000,5168,0.0286879440,1275.0472063123,168.5700682654
240.5271392000,5169,0.0286879440,1275.0472063123,168.5700682654
240.5732404000,5170,0.0286879440,1275.0472063123,168.5700682654
240.6135406000,5171,0.0286879440,1275.0472063123,168.5700682654
240.6587927000,5172,0.0286879440,1275.0472063123,168.5700682654
240.7044696000,5173,0.0286879440,1275.0472063123,168.5700682654
240.7483937000,5174,0.0286879440,1275.0472063123,168.5700682654
240.7896171000,5175,0.0286879440,1275.0472063123,168.5700682654
240.8316384000,5176,0.0286879440,1275.0472063123,168.5700682654
240.8759482000,5177,0.0286879440,1275.0472063123,168.5700682654
240.9209310000,5178,0.0286879440,1275.0472063123,168.5700682654
240.9652743000,5179,0.0286879440,1275.0472063123,168.5700682654
241.0134715000,5180,0.0286879440,1275.0472063123,168.5700682654
241.0639674000,5181,0.0286879440,1275.0472063123,168.5700682654
241.1123709000,5182,0.0286879440,1275.0472063123,168.5700682654
241.1624161000,5183,0.0286879440,1275.0472063123,168.5700682654
241.2104755000,5184,0.0286879440,1275.0472063123,168.5700682654
241.2605918000,5185,0.0286879440,1275.0472063123,168.5700682654
241.3099382000,5186,0.0286879440,1275.0472063123,168.5700682654
241.3586798000,5187,0.0286879440,1275.0472063123,168.5700682654
241.4072221000,5188,0.0286870318,1275.0472063123,168.5634290459
241.4540232000,5189,0.0286870318,1275.0472063123,168.5634290459
241.4991090000,5190,0.0286870318,1275.0472063123,168.5634290459
241.5463883000,5191,0.0286870318,1275.0472063123,168.5634290459
241.5947046000,5192,0.0286870318,1275.0472063123,168.5634290459
241.6403947000,5193,0.0286870318,1275.0472063123,168.5634290459
241.6877191000,5194,0.0286870318,1275.0472063123,168.5634290459
241.7342330000,5195,0.0286870318,1275.0472063123,168.5634290459
241.7813283000,5196,0.0286870318,1275.0472063123,168.5634290459
241.8301561000,5197,0.0286870318,1275.0472063123,168.5634290459
241.8794560000,5198,0.0286870318,1275.0472063123,168.5634290459
241.9284982000,5199,0.0286870318,1275.0472063123,168.5634290459
241.9755667000,5200,0.0286870318,1275.0472063123,168.5634290459
242.0226287000,5201,0.0286870318,1275.0472063123,168.5634290459
242.0735495000,5202,0.0286870318,1275.0472063123,168.5634290459
242.1215832000,5203,0.0286870318,1275.0472063123,168.5634290459
242.1695463000,5204,0.0286870318,1275.0472063123,168.5634290459
242.2193440000,5205,0.0286870318,1275.0472063123,168.5634290459
242.2663247000,5206,0.0286870318,1275.0472063123,168.5634290459
242.3099219000,5207,0.0286870318,1275.0472063123,168.5634290459
242.3573396000,5208,0.0286870318,1275.0472063123,168.5634290459
242.4055935000,5209,0.0286870318,1275.0472063123,168.5634290459
242.4484554000,5210,0.0286870318,1275.0472063123,168.5634290459
242.4934581000,5211,0.0286870318,1275.0472063123,168.5634290459
242.5400035000,5212,0.0286870318,1275.0472063123,168.5634290459
242.5878005000,5213,0.0286870318,1275.0472063123,168.5634290459
242.6307194000,5214,0.0286870318,1275.0472063123,168.5634290459
242.6771269000,5215,0.0286870318,1275.0472063123,168.5634290459
242.7236164000,5216,0.0286870318,1275.0472063123,168.5634290459
242.7698163000,5217,0.0286870318,1275.0472063123,168.5634290459
242.8157780000,5218,0.0286789464,1275.0472063123,168.5045773464
242.8611100000,5219,0.0286789464,1275.0472063123,168.5045773464
242.9084141000,5220,0.0286789464,1275.0472063123,168.5045773464
242.9535411000,5221,0.0286789464,1275.0472063123,168.5045773464
242.9997277000,5222,0.0286789464,1275.0472063123,168.5045773464
243.0447869000,5223,0.0286789464,1275.0472063123,168.5045773464
243.0920445000,5224,0.0286788423,1275.0472063123,168.5038196469
243.1401626000,5225,0.0286788423,1275.0472063123,168.5038196469
243.1909339000,5226,0.0286788423,1275.0472063123,168.5038196469
243.2380866000,5227,0.0286788423,1275.0472063123,168.5038196469
243.2836192000,5228,0.0286788423,1275.0472063123,168.5038196469
243.3343831000,5229,0.0286788423,1275.0472063123,168.5038196469
243.3818667000,5230,0.0286788423,1275.0472063123,168.5038196469
243.4317774000,5231,0.0286788423,1275.0472063123,168.5038196469
243.4778950000,5232,0.0286788423,1275.0472063123,168.5038196469
243.5283057000,5233,0.0286788423,1275.0472063123,168.5038196469
243.5768501000,5234,0.0286788423,1275.0472063123,168.5038196469
243.6281919000,5235,0.0286788423,1275.0472063123,168.5038196469
243.6789163000,5236,0.0286788423,1275.0472063123,168.5038196469
243.7298047000,5237,0.0286788423,1275.0472063123,168.5038196469
243.7811501000,5238,0.0286788423,1275.0472063123,168.5038196469
243.8288160000,5239,0.0286788423,1275.0472063123,168.5038196469
243.8780469000,5240,0.0286788423,1275.0472063123,168.5038196469
243.9268478000,5241,0.0286788423,1275.0472063123,168.5038196469
243.9743699000,5242,0.0286788423,1275.0472063123,168.5038196469
244.0226570000,5243,0.0286788423,1275.0472063123,168.5038196469
244.0721049000,5244,0.0286788423,1275.0472063123,168.5038196469
244.1190961000,5245,0.0286788423,1275.0472063123,168.5038196469
244.1645641000,5246,0.0286788423,1275.0472063123,168.5038196469
244.2119845000,5247,0.0286788423,1275.0472063123,168.5038196469
244.2576495000,5248,0.0286788423,1275.0472063123,168.5038196469
244.3018649000,5249,0.0286788423,1275.0472063123,168.5038196469
244.3536174000,5250,0.0286788423,1275.0472063123,168.5038196469
244.4016822000,5251,0.0286788423,1275.0472063123,168.5038196469
244.4478340000,5252,0.0286788423,1275.0472063123,168.5038196469
244.4921881000,5253,0.0286788423,1275.0472063123,168.5038196469
244.5357276000,5254,0.0286788423,1275.0472063123,168.5038196469
244.5767646000,5255,0.0286788423,1275.0472063123,168.5038196469
244.6232415000,5256,0.0286788423,1275.0472063123,168.5038196469
244.6700770000,5257,0.0286782557,1275.0472063123,168.4995497168
244.7135729000,5258,0.0286782557,1275.0472063123,168.4995497168
244.7586150000,5259,0.0286782557,1275.0472063123,168.4995497168
244.8049148000,5260,0.0286782557,1275.0472063123,168.4995497168
244.8517661000,5261,0.0286782557,1275.0472063123,168.4995497168
244.8976061000,5262,0.0286782557,1275.0472063123,168.4995497168
244.9396023000,5263,0.0286782557,1275.0472063123,168.4995497168
244.9847434000,5264,0.0286768818,1275.0472063123,168.4895497168
245.0286086000,5265,0.0286768818,1275.0472063123,168.4895497168
245.0719224000,5266,0.0286683255,1275.0472063123,168.4272708373
245.1187964000,5267,0.0286639830,1275.0472063123,168.3956630830
245.1644258000,5268,0.0286639830,1275.0472063123,168.3956630830
245.2092462000,5269,0.0286621568,1275.0472063123,168.3823701201
245.2541558000,5270,0.0286398083,1275.0472063123,168.2197012270
245.2989595000,5271,0.0286398083,1275.0472063123,168.2197012270
245.3436263000,5272,0.0286398083,1275.0472063123,168.2197012270
245.3876436000,5273,0.0286398083,1275.0472063123,168.2197012270
245.4329330000,5274,0.0286288915,1275.0472063123,168.1402409553
245.4823713000,5275,0.0286215246,1275.0472063123,168.0866191316
245.5277996000,5276,0.0286065608,1275.0472063123,167.9777012270
245.5729102000,5277,0.0286065608,1275.0472063123,167.9777012270
245.6221215000,5278,0.0285950255,1275.0472063123,167.8937388194
245.6693715000,5279,0.0285950255,1275.0472063123,167.8937388194
245.7191142000,5280,0.0285950255,1275.0472063123,167.8937388194
245.7638534000,5281,0.0285950255,1275.0472063123,167.8937388194
245.8082173000,5282,0.0285948835,1275.0472063123,167.8927057567
245.8529496000,5283,0.0285925518,1275.0472063123,167.8757336763
245.8953724000,5284,0.0285925518,1275.0472063123,167.8757336763
245.9389474000,5285,0.0285925518,1275.0472063123,167.8757336763
245.9860174000,5286,0.0285925518,1275.0472063123,167.8757336763
246.0332379000,5287,0.0285925518,1275.0472063123,167.8757336763
246.0789324000,5288,0.0285917479,1275.0472063123,167.8698821751
246.1277810000,5289,0.0285917479,1275.0472063123,167.8698821751
246.1746558000,5290,0.0285917479,1275.0472063123,167.8698821751
246.2235232000,5291,0.0285917479,1275.0472063123,167.8698821751
246.2687838000,5292,0.0285917479,1275.0472063123,167.8698821751
246.3178182000,5293,0.0285917479,1275.0472063123,167.8698821751
246.3655166000,5294,0.0285917479,1275.0472063123,167.8698821751
246.4138783000,5295,0.0285872338,1275.0472063123,167.8370255470
246.4607124000,5296,0.0285872338,1275.0472063123,167.8370255470
246.5096528000,5297,0.0285837468,1275.0472063123,167.8116445529
246.5539063000,5298,0.0285837468,1275.0472063123,167.8116445529
246.5989670000,5299,0.0285837468,1275.0472063123,167.8116445529
246.6498674000,5300,0.0285837468,1275.0472063123,167.8116445529
246.6974610000,5301,0.0285837468,1275.0472063123,167.8116445529
246.7429111000,5302,0.0285837468,1275.0472063123,167.8116445529
246.7892206000,5303,0.0285837468,1275.0472063123,167.8116445529
246.8380650000,5304,0.0285837468,1275.0472063123,167.8116445529
246.8845154000,5305,0.0285837468,1275.0472063123,167.8116445529
246.9314672000,5306,0.0285837468,1275.0472063123,167.8116445529
246.9772530000,5307,0.0285837468,1275.0472063123,167.8116445529
247.0238343000,5308,0.0285837468,1275.0472063123,167.8116445529
247.0698324000,5309,0.0285837468,1275.0472063123,167.8116445529
247.1163944000,5310,0.0285837468,1275.0472063123,167.8116445529
247.1629715000,5311,0.0285837468,1275.0472063123,167.8116445529
247.2096980000,5312,0.0285837468,1275.0472063123,167.8116445529
247.2547981000,5313,0.0285837468,1275.0472063123,167.8116445529
247.2987005000,5314,0.0285809417,1275.0472063123,167.7912265739
247.3475239000,5315,0.0285809417,1275.0472063123,167.7912265739
247.3972680000,5316,0.0285809417,1275.0472063123,167.7912265739
247.4445966000,5317,0.0285809417,1275.0472063123,167.7912265739
247.4937084000,5318,0.0285809417,1275.0472063123,167.7912265739
247.5415331000,5319,0.0285809417,1275.0472063123,167.7912265739
247.5902628000,5320,0.0285809417,1275.0472063123,167.7912265739
247.6418284000,5321,0.0285809417,1275.0472063123,167.7912265739
247.6896568000,5322,0.0285809417,1275.0472063123,167.7912265739
247.7398147000,5323,0.0285809417,1275.0472063123,167.7912265739
247.7901483000,5324,0.0285809417,1275.0472063123,167.7912265739
247.8406257000,5325,0.0285809417,1275.0472063123,167.7912265739
247.8908331000,5326,0.0285809417,1275.0472063123,167.7912265739
247.9417032000,5327,0.0285809417,1275.0472063123,167.7912265739
247.9907169000,5328,0.0285809417,1275.0472063123,167.7912265739
248.0397039000,5329,0.0285809417,1275.0472063123,167.7912265739
248.0894789000,5330,0.0285809417,1275.0472063123,167.7912265739
248.1387692000,5331,0.0285809417,1275.0472063123,167.7912265739
248.1860755000,5332,0.0285809417,1275.0472063123,167.7912265739
248.2373726000,5333,0.0285809417,1275.0472063123,167.7912265739
248.2851370000,5334,0.0285809417,1275.0472063123,167.7912265739
248.3371032000,5335,0.0285809417,1275.0472063123,167.7912265739
248.3872975000,5336,0.0285809417,1275.0472063123,167.7912265739
248.4363254000,5337,0.0285809417,1275.0472063123,167.7912265739
248.4865328000,5338,0.0285795185,1275.0472063123,167.7808680738
248.5340489000,5339,0.0285795185,1275.0472063123,167.7808680738
248.5812449000,5340,0.0285795185,1275.0472063123,167.7808680738
248.6231371000,5341,0.0285795185,1275.0472063123,167.7808680738
248.6679662000,5342,0.0285795185,1275.0472063123,167.7808680738
248.7140790000,5343,0.0285795185,1275.0472063123,167.7808680738
248.7627495000,5344,0.0285795185,1275.0472063123,167.7808680738
248.8086440000,5345,0.0285795185,1275.0472063123,167.7808680738
248.8552022000,5346,0.0285725161,1275.0472063123,167.7298988558
248.9009438000,5347,0.0285725161,1275.0472063123,167.7298988558
248.9440956000,5348,0.0285725161,1275.0472063123,167.7298988558
248.9873791000,5349,0.0285725161,1275.0472063123,167.7298988558
249.0304117000,5350,0.0285725161,1275.0472063123,167.7298988558
249.0741915000,5351,0.0285725161,1275.0472063123,167.7298988558
249.1186246000,5352,0.0285725161,1275.0472063123,167.7298988558
249.1657728000,5353,0.0285719932,1275.0472063123,167.7260933899
249.2093628000,5354,0.0285719932,1275.0472063123,167.7260933899
249.2598941000,5355,0.0285682970,1275.0472063123,167.6991895900
249.3050851000,5356,0.0285682970,1275.0472063123,167.6991895900
249.3525027000,5357,0.0285682970,1275.0472063123,167.6991895900
249.3994604000,5358,0.0285682970,1275.0472063123,167.6991895900
249.4459828000,5359,0.0285682970,1275.0472063123,167.6991895900
249.4924008000,5360,0.0285682970,1275.0472063123,167.6991895900
249.5363350000,5361,0.0285682970,1275.0472063123,167.6991895900
249.5803511000,5362,0.0285682970,1275.0472063123,167.6991895900
249.6258202000,5363,0.0285682970,1275.0472063123,167.6991895900
249.6711174000,5364,0.0285682970,1275.0472063123,167.6991895900
249.7180755000,5365,0.0285682970,1275.0472063123,167.6991895900
249.7664494000,5366,0.0285682970,1275.0472063123,167.6991895900
249.8146904000,5367,0.0285682970,1275.0472063123,167.6991895900
249.8604334000,5368,0.0285682970,1275.0472063123,167.6991895900
249.9100557000,5369,0.0285682970,1275.0472063123,167.6991895900
249.9549726000,5370,0.0285682970,1275.0472063123,167.6991895900
250.0028116000,5371,0.0285682970,1275.0472063123,167.6991895900
250.0473291000,5372,0.0285682970,1275.0472063123,167.6991895900
250.0966079000,5373,0.0285682970,1275.0472063123,167.6991895900
250.1434765000,5374,0.0285682970,1275.0472063123,167.6991895900
250.1912570000,5375,0.0285682970,1275.0472063123,167.6991895900
250.2401061000,5376,0.0285682970,1275.0472063123,167.6991895900
250.2861449000,5377,0.0285682970,1275.0472063123,167.6991895900
250.3344941000,5378,0.0285682970,1275.0472063123,167.6991895900
250.3816953000,5379,0.0285682970,1275.0472063123,167.6991895900
250.4283382000,5380,0.0285682970,1275.0472063123,167.6991895900
250.4751261000,5381,0.0285682970,1275.0472063123,167.6991895900
250.5213272000,5382,0.0285682970,1275.0472063123,167.6991895900
250.5673845000,5383,0.0285682970,1275.0472063123,167.6991895900
250.6165484000,5384,0.0285682970,1275.0472063123,167.6991895900
250.6615932000,5385,0.0285682970,1275.0472063123,167.6991895900
250.7046796000,5386,0.0285682970,1275.0472063123,167.6991895900
250.7487555000,5387,0.0285682970,1275.0472063123,167.6991895900
250.7941009000,5388,0.0285682970,1275.0472063123,167.6991895900
250.8345425000,5389,0.0285682970,1275.0472063123,167.6991895900
250.8781022000,5390,0.0285682970,1275.0472063123,167.6991895900
250.9188782000,5391,0.0285682970,1275.0472063123,167.6991895900
250.9626823000,5392,0.0285682970,1275.0472063123,167.6991895900
251.0070565000,5393,0.0285682970,1275.0472063123,167.6991895900
251.0522021000,5394,0.0285682970,1275.0472063123,167.6991895900
251.0971796000,5395,0.0285682970,1275.0472063123,167.6991895900
251.1416087000,5396,0.0285682970,1275.0472063123,167.6991895900
251.1850936000,5397,0.0285682970,1275.0472063123,167.6991895900
251.2296559000,5398,0.0285682970,1275.0472063123,167.6991895900
251.2730481000,5399,0.0285682970,1275.0472063123,167.6991895900
251.3170640000,5400,0.0285682970,1275.0472063123,167.6991895900
251.3645826000,5401,0.0285682970,1275.0472063123,167.6991895900
251.4075802000,5402,0.0285682970,1275.0472063123,167.6991895900
251.4518507000,5403,0.0285682970,1275.0472063123,167.6991895900
251.5002396000,5404,0.0285682970,1275.0472063123,167.6991895900
251.5456902000,5405,0.0285682970,1275.0472063123,167.6991895900
251.5911083000,5406,0.0285682970,1275.0472063123,167.6991895900
251.6368938000,5407,0.0285682970,1275.0472063123,167.6991895900
251.6821631000,5408,0.0285682970,1275.0472063123,167.6991895900
251.7249622000,5409,0.0285682970,1275.0472063123,167.6991895900
251.7649234000,5410,0.0285682970,1275.0472063123,167.6991895900
251.8093159000,5411,0.0285682970,1275.0472063123,167.6991895900
251.8533127000,5412,0.0285682970,1275.0472063123,167.6991895900
251.8971204000,5413,0.0285682970,1275.0472063123,167.6991895900
251.9407934000,5414,0.0285682970,1275.0472063123,167.6991895900
251.9852767000,5415,0.0285682970,1275.0472063123,167.6991895900
252.0337009000,5416,0.0285682970,1275.0472063123,167.6991895900
252.0803970000,5417,0.0285682970,1275.0472063123,167.6991895900
252.1306539000,5418,0.0285682970,1275.0472063123,167.6991895900
252.1881599000,5419,0.0285669089,1275.0472063123,167.6890861109
252.2435106000,5420,0.0285669089,1275.0472063123,167.6890861109
252.2924249000,5421,0.0285669089,1275.0472063123,167.6890861109
252.3393672000,5422,0.0285669089,1275.0472063123,167.6890861109
252.3879592000,5423,0.0285669089,1275.0472063123,167.6890861109
252.4337568000,5424,0.0285669089,1275.0472063123,167.6890861109
252.4796298000,5425,0.0285669089,1275.0472063123,167.6890861109
252.5272747000,5426,0.0285669089,1275.0472063123,167.6890861109
252.5737412000,5427,0.0285669089,1275.0472063123,167.6890861109
252.6177308000,5428,0.0285669089,1275.0472063123,167.6890861109
252.6703806000,5429,0.0285669089,1275.0472063123,167.6890861109
252.7181864000,5430,0.0285669089,1275.0472063123,167.6890861109
252.7661035000,5431,0.0285669089,1275.0472063123,167.6890861109
252.8095573000,5432,0.0285669089,1275.0472063123,167.6890861109
252.8533062000,5433,0.0285669089,1275.0472063123,167.6890861109
252.8980130000,5434,0.0285669089,1275.0472063123,167.6890861109
252.9388969000,5435,0.0285669089,1275.0472063123,167.6890861109
252.9838701000,5436,0.0285669089,1275.0472063123,167.6890861109
253.0291126000,5437,0.0285669089,1275.0472063123,167.6890861109
253.0729250000,5438,0.0285669089,1275.0472063123,167.6890861109
253.1172866000,5439,0.0285669089,1275.0472063123,167.6890861109
253.1623196000,5440,0.0285669089,1275.0472063123,167.6890861109
253.2107829000,5441,0.0285669089,1275.0472063123,167.6890861109
253.2580961000,5442,0.0285669089,1275.0472063123,167.6890861109
253.3078850000,5443,0.0285669089,1275.0472063123,167.6890861109
253.3581169000,5444,0.0285669089,1275.0472063123,167.6890861109
253.4097532000,5445,0.0285669089,1275.0472063123,167.6890861109
253.4562053000,5446,0.0285669089,1275.0472063123,167.6890861109
253.5040362000,5447,0.0285669089,1275.0472063123,167.6890861109
253.5495461000,5448,0.0285669089,1275.0472063123,167.6890861109
253.5940826000,5449,0.0285669089,1275.0472063123,167.6890861109
253.6376912000,5450,0.0285669089,1275.0472063123,167.6890861109
253.6820481000,5451,0.0285669089,1275.0472063123,167.6890861109
253.7218042000,5452,0.0285669089,1275.0472063123,167.6890861109
253.7654643000,5453,0.0285669089,1275.0472063123,167.6890861109
253.8079906000,5454,0.0285592519,1275.0472063123,167.6333521247
253.8518181000,5455,0.0285592519,1275.0472063123,167.6333521247
253.8949623000,5456,0.0285592519,1275.0472063123,167.6333521247
253.9382577000,5457,0.0285592519,1275.0472063123,167.6333521247
253.9816160000,5458,0.0285592519,1275.0472063123,167.6333521247
254.0251053000,5459,0.0285592519,1275.0472063123,167.6333521247
254.0716740000,5460,0.0285592519,1275.0472063123,167.6333521247
254.1165982000,5461,0.0285592519,1275.0472063123,167.6333521247
254.1606405000,5462,0.0285592519,1275.0472063123,167.6333521247
254.2088079000,5463,0.0285592519,1275.0472063123,167.6333521247
254.2580314000,5464,0.0285592519,1275.0472063123,167.6333521247
254.3069554000,5465,0.0285592519,1275.0472063123,167.6333521247
254.3555965000,5466,0.0285592519,1275.0472063123,167.6333521247
254.4063497000,5467,0.0285592519,1275.0472063123,167.6333521247
254.4560315000,5468,0.0285592519,1275.0472063123,167.6333521247
254.5055858000,5469,0.0285592519,1275.0472063123,167.6333521247
254.5541666000,5470,0.0285592519,1275.0472063123,167.6333521247
254.6018991000,5471,0.0285592519,1275.0472063123,167.6333521247
254.6523757000,5472,0.0285592519,1275.0472063123,167.6333521247
254.6963573000,5473,0.0285592519,1275.0472063123,167.6333521247
254.7435924000,5474,0.0285592519,1275.0472063123,167.6333521247
254.7907073000,5475,0.0285592519,1275.0472063123,167.6333521247
254.8398914000,5476,0.0285592519,1275.0472063123,167.6333521247
254.8876146000,5477,0.0285592519,1275.0472063123,167.6333521247
254.9329003000,5478,0.0285592519,1275.0472063123,167.6333521247
254.9807327000,5479,0.0285592519,1275.0472063123,167.6333521247
255.0246775000,5480,0.0285592519,1275.0472063123,167.6333521247
255.0677434000,5481,0.0285592519,1275.0472063123,167.6333521247
255.1143278000,5482,0.0285592519,1275.0472063123,167.6333521247
255.1608589000,5483,0.0285570931,1275.0472063123,167.6176388641
255.2087619000,5484,0.0285570931,1275.0472063123,167.6176388641
255.2558205000,5485,0.0285570931,1275.0472063123,167.6176388641
255.3046418000,5486,0.0285570931,1275.0472063123,167.6176388641
255.3515575000,5487,0.0285570931,1275.0472063123,167.6176388641
255.4005306000,5488,0.0285570931,1275.0472063123,167.6176388641
255.4461703000,5489,0.0285570931,1275.0472063123,167.6176388641
255.4882858000,5490,0.0285467649,1275.0472063123,167.5424631984
255.5346519000,5491,0.0285467649,1275.0472063123,167.5424631984
255.5756564000,5492,0.0285467649,1275.0472063123,167.5424631984
255.6164567000,5493,0.0285467649,1275.0472063123,167.5424631984
255.6596756000,5494,0.0285467649,1275.0472063123,167.5424631984
255.7016725000,5495,0.0285467649,1275.0472063123,167.5424631984
255.7453317000,5496,0.0285467649,1275.0472063123,167.5424631984
255.7898108000,5497,0.0285467649,1275.0472063123,167.5424631984
255.8359128000,5498,0.0285467649,1275.0472063123,167.5424631984
255.8831123000,5499,0.0285467649,1275.0472063123,167.5424631984
255.9258345000,5500,0.0285467649,1275.0472063123,167.5424631984
255.9652409000,5501,0.0285467649,1275.0472063123,167.5424631984
256.0084107000,5502,0.0285467649,1275.0472063123,167.5424631984
256.0497220000,5503,0.0285467649,1275.0472063123,167.5424631984
256.0927086000,5504,0.0285467649,1275.0472063123,167.5424631984
256.1364640000,5505,0.0285467649,1275.0472063123,167.5424631984
256.1830927000,5506,0.0285467649,1275.0472063123,167.5424631984
256.2304622000,5507,0.0285467649,1275.0472063123,167.5424631984
256.2754955000,5508,0.0285467649,1275.0472063123,167.5424631984
256.3215493000,5509,0.0285467649,1275.0472063123,167.5424631984
256.3710770000,5510,0.0285467649,1275.0472063123,167.5424631984
256.4175807000,5511,0.0285467649,1275.0472063123,167.5424631984
256.4657316000,5512,0.0285467649,1275.0472063123,167.5424631984
256.5118464000,5513,0.0285467649,1275.0472063123,167.5424631984
256.5595644000,5514,0.0285467649,1275.0472063123,167.5424631984
256.6029766000,5515,0.0285467649,1275.0472063123,167.5424631984
256.6493831000,5516,0.0285340155,1275.0472063123,167.4496631232
256.6986817000,5517,0.0285340155,1275.0472063123,167.4496631232
256.7468737000,5518,0.0285340155,1275.0472063123,167.4496631232
256.7929057000,5519,0.0285340155,1275.0472063123,167.4496631232
256.8407142000,5520,0.0285340155,1275.0472063123,167.4496631232
256.8860839000,5521,0.0285340155,1275.0472063123,167.4496631232
256.9298129000,5522,0.0285340155,1275.0472063123,167.4496631232
256.9769019000,5523,0.0285340155,1275.0472063123,167.4496631232
257.0203327000,5524,0.0285340155,1275.0472063123,167.4496631232
257.0652327000,5525,0.0285340155,1275.0472063123,167.4496631232
257.1120438000,5526,0.0285340155,1275.0472063123,167.4496631232
257.1594534000,5527,0.0285340155,1275.0472063123,167.4496631232
257.2077049000,5528,0.0285340155,1275.0472063123,167.4496631232
257.2527224000,5529,0.0285340155,1275.0472063123,167.4496631232
257.2958357000,5530,0.0285340155,1275.0472063123,167.4496631232
257.3419608000,5531,0.0285340155,1275.0472063123,167.4496631232
257.3879731000,5532,0.0285340155,1275.0472063123,167.4496631232
257.4339531000,5533,0.0285340155,1275.0472063123,167.4496631232
257.4774360000,5534,0.0285340155,1275.0472063123,167.4496631232
257.5226470000,5535,0.0285340155,1275.0472063123,167.4496631232
257.5673561000,5536,0.0285340155,1275.0472063123,167.4496631232
257.6134147000,5537,0.0285340155,1275.0472063123,167.4496631232
257.6567419000,5538,0.0285340155,1275.0472063123,167.4496631232
257.7010368000,5539,0.0285340155,1275.0472063123,167.4496631232
257.7435964000,5540,0.0285340155,1275.0472063123,167.4496631232
257.7842142000,5541,0.0285333086,1275.0472063123,167.4445178609
257.8313722000,5542,0.0285333086,1275.0472063123,167.4445178609
257.8756359000,5543,0.0285333086,1275.0472063123,167.4445178609
257.9189717000,5544,0.0285333086,1275.0472063123,167.4445178609
257.9663592000,5545,0.0285333086,1275.0472063123,167.4445178609
258.0158291000,5546,0.0285333086,1275.0472063123,167.4445178609
258.0653026000,5547,0.0285333086,1275.0472063123,167.4445178609
258.1150389000,5548,0.0285333086,1275.0472063123,167.4445178609
258.1646225000,5549,0.0285333086,1275.0472063123,167.4445178609
258.2140997000,5550,0.0285333086,1275.0472063123,167.4445178609
258.2603643000,5551,0.0285333086,1275.0472063123,167.4445178609
258.3078298000,5552,0.0285333086,1275.0472063123,167.4445178609
258.3642424000,5553,0.0285333086,1275.0472063123,167.4445178609
258.4198508000,5554,0.0285326383,1275.0472063123,167.4396391622
258.4708680000,5555,0.0285326383,1275.0472063123,167.4396391622
258.5218693000,5556,0.0285326383,1275.0472063123,167.4396391622
258.5708669000,5557,0.0285326383,1275.0472063123,167.4396391622
258.6192235000,5558,0.0285326383,1275.0472063123,167.4396391622
258.6697210000,5559,0.0285326383,1275.0472063123,167.4396391622
258.7215466000,5560,0.0285326383,1275.0472063123,167.4396391622
258.7716793000,5561,0.0285326383,1275.0472063123,167.4396391622
258.8222368000,5562,0.0285326383,1275.0472063123,167.4396391622
258.8668419000,5563,0.0285266008,1275.0472063123,167.3956936500
258.9120226000,5564,0.0285266008,1275.0472063123,167.3956936500
258.9550105000,5565,0.0285266008,1275.0472063123,167.3956936500
258.9989475000,5566,0.0285266008,1275.0472063123,167.3956936500
259.0428919000,5567,0.0285266008,1275.0472063123,167.3956936500
259.0844566000,5568,0.0285266008,1275.0472063123,167.3956936500
259.1275620000,5569,0.0285266008,1275.0472063123,167.3956936500
259.1718695000,5570,0.0285266008,1275.0472063123,167.3956936500
259.2183815000,5571,0.0285266008,1275.0472063123,167.3956936500
259.2685764000,5572,0.0285266008,1275.0472063123,167.3956936500
259.3142770000,5573,0.0285266008,1275.0472063123,167.3956936500
259.3625526000,5574,0.0285266008,1275.0472063123,167.3956936500
259.4103817000,5575,0.0285266008,1275.0472063123,167.3956936500
259.4533961000,5576,0.0285266008,1275.0472063123,167.3956936500
259.4983940000,5577,0.0285266008,1275.0472063123,167.3956936500
259.5433082000,5578,0.0285266008,1275.0472063123,167.3956936500
259.5870499000,5579,0.0285266008,1275.0472063123,167.3956936500
259.6329345000,5580,0.0285266008,1275.0472063123,167.3956936500
259.6786209000,5581,0.0285266008,1275.0472063123,167.3956936500
259.7237615000,5582,0.0285266008,1275.0472063123,167.3956936500
259.7687870000,5583,0.0285266008,1275.0472063123,167.3956936500
259.8165943000,5584,0.0285266008,1275.0472063123,167.3956936500
259.8642395000,5585,0.0285266008,1275.0472063123,167.3956936500
259.9111375000,5586,0.0285266008,1275.0472063123,167.3956936500
259.9549592000,5587,0.0285266008,1275.0472063123,167.3956936500
260.0023540000,5588,0.0285266008,1275.0472063123,167.3956936500
260.0465874000,5589,0.0285266008,1275.0472063123,167.3956936500
260.0891171000,5590,0.0285217335,1275.0472063123,167.3602659138
260.1334967000,5591,0.0285217335,1275.0472063123,167.3602659138
260.1791733000,5592,0.0285217335,1275.0472063123,167.3602659138
260.2228857000,5593,0.0285217335,1275.0472063123,167.3602659138
260.2670287000,5594,0.0285217335,1275.0472063123,167.3602659138
260.3153195000,5595,0.0285217335,1275.0472063123,167.3602659138
260.3629148000,5596,0.0285217335,1275.0472063123,167.3602659138
260.4097977000,5597,0.0285217335,1275.0472063123,167.3602659138
260.4527646000,5598,0.0285217335,1275.0472063123,167.3602659138
260.4979757000,5599,0.0285217335,1275.0472063123,167.3602659138
260.5441237000,5600,0.0285217335,1275.0472063123,167.3602659138
260.5882157000,5601,0.0285217335,1275.0472063123,167.3602659138
260.6345085000,5602,0.0285217335,1275.0472063123,167.3602659138
260.6820451000,5603,0.0285217335,1275.0472063123,167.3602659138
260.7311065000,5604,0.0285217335,1275.0472063123,167.3602659138
260.7781079000,5605,0.0285217335,1275.0472063123,167.3602659138
260.8266829000,5606,0.0285217335,1275.0472063123,167.3602659138
260.8754765000,5607,0.0285217335,1275.0472063123,167.3602659138
260.9204304000,5608,0.0285217335,1275.0472063123,167.3602659138
260.9644394000,5609,0.0285217335,1275.0472063123,167.3602659138
261.0112645000,5610,0.0285217335,1275.0472063123,167.3602659138
261.0550473000,5611,0.0285139322,1275.0472063123,167.3034825946
261.1034070000,5612,0.0285139322,1275.0472063123,167.3034825946
261.1516367000,5613,0.0285139322,1275.0472063123,167.3034825946
261.1950084000,5614,0.0285139322,1275.0472063123,167.3034825946
261.2430930000,5615,0.0285139322,1275.0472063123,167.3034825946
261.2927390000,5616,0.0285139322,1275.0472063123,167.3034825946
261.3401757000,5617,0.0285139322,1275.0472063123,167.3034825946
261.3867577000,5618,0.0285139322,1275.0472063123,167.3034825946
261.4352379000,5619,0.0285139322,1275.0472063123,167.3034825946
261.4865248000,5620,0.0285139322,1275.0472063123,167.3034825946
261.5348017000,5621,0.0285139322,1275.0472063123,167.3034825946
261.5818969000,5622,0.0285139322,1275.0472063123,167.3034825946
261.6296561000,5623,0.0285139322,1275.0472063123,167.3034825946
261.6757728000,5624,0.0285139322,1275.0472063123,167.3034825946
261.7228947000,5625,0.0285024026,1275.0472063123,167.2195616018
261.7712553000,5626,0.0285024026,1275.0472063123,167.2195616018
261.8199630000,5627,0.0285024026,1275.0472063123,167.2195616018
261.8680421000,5628,0.0285024026,1275.0472063123,167.2195616018
261.9171999000,5629,0.0285024026,1275.0472063123,167.2195616018
261.9623603000,5630,0.0285024026,1275.0472063123,167.2195616018
262.0061630000,5631,0.0285024026,1275.0472063123,167.2195616018
262.0518551000,5632,0.0285024026,1275.0472063123,167.2195616018
262.0962443000,5633,0.0285024026,1275.0472063123,167.2195616018
262.1387218000,5634,0.0285024026,1275.0472063123,167.2195616018
262.1841809000,5635,0.0285024026,1275.0472063123,167.2195616018
262.2293818000,5636,0.0285024026,1275.0472063123,167.2195616018
262.2754851000,5637,0.0285024026,1275.0472063123,167.2195616018
262.3203925000,5638,0.0285024026,1275.0472063123,167.2195616018
262.3696387000,5639,0.0285024026,1275.0472063123,167.2195616018
262.4173975000,5640,0.0285024026,1275.0472063123,167.2195616018
262.4623027000,5641,0.0285024026,1275.0472063123,167.2195616018
262.5080609000,5642,0.0285024026,1275.0472063123,167.2195616018
262.5542197000,5643,0.0285024026,1275.0472063123,167.2195616018
262.5969477000,5644,0.0285024026,1275.0472063123,167.2195616018
262.6407831000,5645,0.0285024026,1275.0472063123,167.2195616018
262.6845702000,5646,0.0285024026,1275.0472063123,167.2195616018
262.7289851000,5647,0.0285024026,1275.0472063123,167.2195616018
262.7739506000,5648,0.0285024026,1275.0472063123,167.2195616018
262.8220673000,5649,0.0285024026,1275.0472063123,167.2195616018
262.8721173000,5650,0.0285024026,1275.0472063123,167.2195616018
262.9220926000,5651,0.0285024026,1275.0472063123,167.2195616018
262.9707460000,5652,0.0285024026,1275.0472063123,167.2195616018
263.0191563000,5653,0.0285024026,1275.0472063123,167.2195616018
263.0669943000,5654,0.0285024026,1275.0472063123,167.2195616018
263.1119378000,5655,0.0284800087,1275.0472063123,167.0565616018
263.1564546000,5656,0.0284800087,1275.0472063123,167.0565616018
263.2052346000,5657,0.0284800087,1275.0472063123,167.0565616018
263.2520503000,5658,0.0284800087,1275.0472063123,167.0565616018
263.2988377000,5659,0.0284800087,1275.0472063123,167.0565616018
263.3474832000,5660,0.0284800087,1275.0472063123,167.0565616018
263.3962925000,5661,0.0284800087,1275.0472063123,167.0565616018
263.4452757000,5662,0.0284800087,1275.0472063123,167.0565616018
263.4923533000,5663,0.0284800087,1275.0472063123,167.0565616018
263.5404685000,5664,0.0284800087,1275.0472063123,167.0565616018
263.5854518000,5665,0.0284757178,1275.0472063123,167.0253297503
263.6318811000,5666,0.0284757178,1275.0472063123,167.0253297503
263.6785547000,5667,0.0284757178,1275.0472063123,167.0253297503
263.7280433000,5668,0.0284757178,1275.0472063123,167.0253297503
263.7754656000,5669,0.0284757178,1275.0472063123,167.0253297503
263.8197620000,5670,0.0284757178,1275.0472063123,167.0253297503
263.8655730000,5671,0.0284757178,1275.0472063123,167.0253297503
263.9112702000,5672,0.0284757178,1275.0472063123,167.0253297503
263.9551599000,5673,0.0284716979,1275.0472063123,166.9960697386
263.9987780000,5674,0.0284716979,1275.0472063123,166.9960697386
264.0406165000,5675,0.0284716979,1275.0472063123,166.9960697386
264.0872027000,5676,0.0284716979,1275.0472063123,166.9960697386
264.1294143000,5677,0.0284716979,1275.0472063123,166.9960697386
264.1744041000,5678,0.0284716979,1275.0472063123,166.9960697386
264.2195397000,5679,0.0284716979,1275.0472063123,166.9960697386
264.2638234000,5680,0.0284716979,1275.0472063123,166.9960697386
264.3046852000,5681,0.0284716979,1275.0472063123,166.9960697386
264.3487625000,5682,0.0284716979,1275.0472063123,166.9960697386
264.3967324000,5683,0.0284716979,1275.0472063123,166.9960697386
264.4419358000,5684,0.0284716979,1275.0472063123,166.9960697386
264.4853064000,5685,0.0284716979,1275.0472063123,166.9960697386
264.5312184000,5686,0.0284716979,1275.0472063123,166.9960697386
264.5764081000,5687,0.0284716979,1275.0472063123,166.9960697386
264.6213213000,5688,0.0284716979,1275.0472063123,166.9960697386
264.6677899000,5689,0.0284716979,1275.0472063123,166.9960697386
264.7117969000,5690,0.0284716979,1275.0472063123,166.9960697386
264.7563245000,5691,0.0284716979,1275.0472063123,166.9960697386
264.8026717000,5692,0.0284716979,1275.0472063123,166.9960697386
264.8466515000,5693,0.0284716979,1275.0472063123,166.9960697386
264.8900758000,5694,0.0284716979,1275.0472063123,166.9960697386
264.9334830000,5695,0.0284716979,1275.0472063123,166.9960697386
264.9785427000,5696,0.0284716979,1275.0472063123,166.9960697386
265.0241676000,5697,0.0284716979,1275.0472063123,166.9960697386
265.0697144000,5698,0.0284716979,1275.0472063123,166.9960697386
265.1164447000,5699,0.0284716979,1275.0472063123,166.9960697386
265.1650513000,5700,0.0284716979,1275.0472063123,166.9960697386
265.2110731000,5701,0.0284716979,1275.0472063123,166.9960697386
265.2550132000,5702,0.0284716979,1275.0472063123,166.9960697386
265.3038380000,5703,0.0284716979,1275.0472063123,166.9960697386
265.3521713000,5704,0.0284716979,1275.0472063123,166.9960697386
265.4003533000,5705,0.0284716979,1275.0472063123,166.9960697386
265.4453124000,5706,0.0284716979,1275.0472063123,166.9960697386
265.4903932000,5707,0.0284716979,1275.0472063123,166.9960697386
265.5376662000,5708,0.0284716979,1275.0472063123,166.9960697386
265.5823321000,5709,0.0284716979,1275.0472063123,166.9960697386
265.6269171000,5710,0.0284716979,1275.0472063123,166.9960697386
265.6728846000,5711,0.0284716979,1275.0472063123,166.9960697386
265.7195201000,5712,0.0284716979,1275.0472063123,166.9960697386
265.7671427000,5713,0.0284716979,1275.0472063123,166.9960697386
265.8155535000,5714,0.0284716979,1275.0472063123,166.9960697386
265.8604372000,5715,0.0284716979,1275.0472063123,166.9960697386
265.9018063000,5716,0.0284716979,1275.0472063123,166.9960697386
265.9458680000,5717,0.0284716979,1275.0472063123,166.9960697386
265.9883460000,5718,0.0284716979,1275.0472063123,166.9960697386
266.0333025000,5719,0.0284716979,1275.0472063123,166.9960697386
266.0792061000,5720,0.0284716979,1275.0472063123,166.9960697386
266.1250072000,5721,0.0284716979,1275.0472063123,166.9960697386
266.1718084000,5722,0.0284712228,1275.0472063123,166.9926116019
266.2160308000,5723,0.0284712228,1275.0472063123,166.9926116019
266.2631804000,5724,0.0284712228,1275.0472063123,166.9926116019
266.3109345000,5725,0.0284712228,1275.0472063123,166.9926116019
266.3591632000,5726,0.0284712228,1275.0472063123,166.9926116019
266.4086313000,5727,0.0284712228,1275.0472063123,166.9926116019
266.4593409000,5728,0.0284706037,1275.0472063123,166.9881052855
266.5076882000,5729,0.0284706037,1275.0472063123,166.9881052855
266.5561761000,5730,0.0284706037,1275.0472063123,166.9881052855
266.6005494000,5731,0.0284706037,1275.0472063123,166.9881052855
266.6454661000,5732,0.0284706037,1275.0472063123,166.9881052855
266.6897768000,5733,0.0284706037,1275.0472063123,166.9881052855
266.7341638000,5734,0.0284706037,1275.0472063123,166.9881052855
266.7789302000,5735,0.0284706037,1275.0472063123,166.9881052855
266.8206024000,5736,0.0284706037,1275.0472063123,166.9881052855
266.8637309000,5737,0.0284640365,1275.0472063123,166.9403045565
266.9067079000,5738,0.0284640365,1275.0472063123,166.9403045565
266.9485600000,5739,0.0284640365,1275.0472063123,166.9403045565
266.9893024000,5740,0.0284640365,1275.0472063123,166.9403045565
267.0338004000,5741,0.0284564790,1271.1687847700,167.0077025974
267.0764822000,5742,0.0284564790,1271.1687847700,167.0077025974
267.1220582000,5743,0.0284564790,1271.1687847700,167.0077025974
267.1656520000,5744,0.0284564790,1271.1687847700,167.0077025974
267.2124087000,5745,0.0284564790,1271.1687847700,167.0077025974
267.2627738000,5746,0.0284564790,1271.1687847700,167.0077025974
267.3080155000,5747,0.0284564790,1271.1687847700,167.0077025974
267.3582621000,5748,0.0284564790,1271.1687847700,167.0077025974
267.4072164000,5749,0.0284564790,1271.1687847700,167.0077025974
267.4572957000,5750,0.0284564790,1271.1687847700,167.0077025974
267.5049862000,5751,0.0284564790,1271.1687847700,167.0077025974
267.5534852000,5752,0.0284564790,1271.1687847700,167.0077025974
267.6026895000,5753,0.0284564790,1271.1687847700,167.0077025974
267.6514247000,5754,0.0284564790,1271.1687847700,167.0077025974
267.7015935000,5755,0.0284564790,1271.1687847700,167.0077025974
267.7484249000,5756,0.0284564790,1271.1687847700,167.0077025974
267.7947667000,5757,0.0284564790,1271.1687847700,167.0077025974
267.8432672000,5758,0.0284564790,1271.1687847700,167.0077025974
267.8874543000,5759,0.0284564790,1271.1687847700,167.0077025974
267.9360191000,5760,0.0284564790,1271.1687847700,167.0077025974
267.9816557000,5761,0.0284564790,1271.1687847700,167.0077025974
268.0264274000,5762,0.0284564790,1271.1687847700,167.0077025974
268.0721925000,5763,0.0284564790,1271.1687847700,167.0077025974
268.1169550000,5764,0.0284564790,1271.1687847700,167.0077025974
268.1635222000,5765,0.0284564790,1271.1687847700,167.0077025974
268.2115688000,5766,0.0284564790,1271.1687847700,167.0077025974
268.2594348000,5767,0.0284564790,1271.1687847700,167.0077025974
268.3075389000,5768,0.0284564790,1271.1687847700,167.0077025974
268.3575739000,5769,0.0284564790,1271.1687847700,167.0077025974
268.4067401000,5770,0.0284564790,1271.1687847700,167.0077025974
268.4544484000,5771,0.0284564790,1271.1687847700,167.0077025974
268.5029039000,5772,0.0284564790,1271.1687847700,167.0077025974
268.5483933000,5773,0.0284564790,1271.1687847700,167.0077025974
268.5884827000,5774,0.0284564790,1271.1687847700,167.0077025974
268.6322663000,5775,0.0284564790,1271.1687847700,167.0077025974
268.6756257000,5776,0.0284564790,1271.1687847700,167.0077025974
268.7170131000,5777,0.0284373883,1271.1687847700,166.8687468585
268.7636744000,5778,0.0284373883,1271.1687847700,166.8687468585
268.8077247000,5779,0.0284373883,1271.1687847700,166.8687468585
268.8516357000,5780,0.0284373883,1271.1687847700,166.8687468585
268.8972662000,5781,0.0284373883,1271.1687847700,166.8687468585
268.9422293000,5782,0.0284373883,1271.1687847700,166.8687468585
268.9884241000,5783,0.0284373883,1271.1687847700,166.8687468585
269.0348288000,5784,0.0284373883,1271.1687847700,166.8687468585
269.0815346000,5785,0.0284373883,1271.1687847700,166.8687468585
269.1293639000,5786,0.0284373883,1271.1687847700,166.8687468585
269.1745089000,5787,0.0284373883,1271.1687847700,166.8687468585
269.2194449000,5788,0.0284373883,1271.1687847700,166.8687468585
269.2646655000,5789,0.0284373883,1271.1687847700,166.8687468585
269.3114294000,5790,0.0284373883,1271.1687847700,166.8687468585
269.3596404000,5791,0.0284373883,1271.1687847700,166.8687468585
269.4093668000,5792,0.0284373883,1271.1687847700,166.8687468585
269.4564900000,5793,0.0284304756,1271.1687847700,166.8184312644
269.5061982000,5794,0.0284149208,1271.1687847700,166.7052114433
269.5548404000,5795,0.0284149208,1271.1687847700,166.7052114433
269.6001495000,5796,0.0284149208,1271.1687847700,166.7052114433
269.6460631000,5797,0.0284149208,1271.1687847700,166.7052114433
269.6935300000,5798,0.0284149208,1271.1687847700,166.7052114433
269.7409963000,5799,0.0284149208,1271.1687847700,166.7052114433
269.7890376000,5800,0.0284149208,1271.1687847700,166.7052114433
269.8380229000,5801,0.0284149208,1271.1687847700,166.7052114433
269.8849845000,5802,0.0284149208,1271.1687847700,166.7052114433
269.9325206000,5803,0.0284149208,1271.1687847700,166.7052114433
269.9790926000,5804,0.0284149208,1271.1687847700,166.7052114433
270.0270354000,5805,0.0284149208,1271.1687847700,166.7052114433
270.0737218000,5806,0.0284149208,1271.1687847700,166.7052114433
270.1195247000,5807,0.0284149208,1271.1687847700,166.7052114433
270.1635680000,5808,0.0284149208,1271.1687847700,166.7052114433
270.2087902000,5809,0.0284149208,1271.1687847700,166.7052114433
270.2540410000,5810,0.0284149208,1271.1687847700,166.7052114433
270.3045768000,5811,0.0284149208,1271.1687847700,166.7052114433
270.3532916000,5812,0.0284149208,1271.1687847700,166.7052114433
270.3986935000,5813,0.0284149208,1271.1687847700,166.7052114433
270.4431829000,5814,0.0284149208,1271.1687847700,166.7052114433
270.4874896000,5815,0.0284149208,1271.1687847700,166.7052114433
270.5326983000,5816,0.0284149208,1271.1687847700,166.7052114433
270.5749573000,5817,0.0284149208,1271.1687847700,166.7052114433
270.6202002000,5818,0.0284149208,1271.1687847700,166.7052114433
270.6645317000,5819,0.0284149208,1271.1687847700,166.7052114433
270.7087484000,5820,0.0284149208,1271.1687847700,166.7052114433
270.7529131000,5821,0.0284149208,1271.1687847700,166.7052114433
270.7982689000,5822,0.0284149208,1271.1687847700,166.7052114433
270.8420328000,5823,0.0284149208,1271.1687847700,166.7052114433
270.8873831000,5824,0.0284149208,1271.1687847700,166.7052114433
270.9301255000,5825,0.0284149208,1271.1687847700,166.7052114433
270.9744007000,5826,0.0284149208,1271.1687847700,166.7052114433
271.0179926000,5827,0.0284149208,1271.1687847700,166.7052114433
271.0631654000,5828,0.0284149208,1271.1687847700,166.7052114433
271.1077136000,5829,0.0284149208,1271.1687847700,166.7052114433
271.1537567000,5830,0.0284149208,1271.1687847700,166.7052114433
271.1983499000,5831,0.0284149208,1271.1687847700,166.7052114433
271.2454107000,5832,0.0284122844,1271.1687847700,166.6860222178
271.2897217000,5833,0.0284122844,1271.1687847700,166.6860222178
271.3373515000,5834,0.0284122844,1271.1687847700,166.6860222178
271.3845816000,5835,0.0284122844,1271.1687847700,166.6860222178
271.4299032000,5836,0.0284122844,1271.1687847700,166.6860222178
271.4721377000,5837,0.0284122844,1271.1687847700,166.6860222178
271.5168393000,5838,0.0284122844,1271.1687847700,166.6860222178
271.5638609000,5839,0.0284122844,1271.1687847700,166.6860222178
271.6107507000,5840,0.0284122844,1271.1687847700,166.6860222178
271.6577810000,5841,0.0284122844,1271.1687847700,166.6860222178
271.7054097000,5842,0.0284122844,1271.1687847700,166.6860222178
271.7530359000,5843,0.0284122844,1271.1687847700,166.6860222178
271.7965709000,5844,0.0284122844,1271.1687847700,166.6860222178
271.8391188000,5845,0.0284122844,1271.1687847700,166.6860222178
271.8873080000,5846,0.0284122844,1271.1687847700,166.6860222178
271.9308326000,5847,0.0284122844,1271.1687847700,166.6860222178
271.9766182000,5848,0.0284122844,1271.1687847700,166.6860222178
272.0209971000,5849,0.0284122844,1271.1687847700,166.6860222178
272.0634774000,5850,0.0284122844,1271.1687847700,166.6860222178
272.1087890000,5851,0.0284122844,1271.1687847700,166.6860222178
272.1538051000,5852,0.0283963400,1271.1687847700,166.5699667283
272.2005157000,5853,0.0283963400,1271.1687847700,166.5699667283
272.2654651000,5854,0.0283963400,1271.1687847700,166.5699667283
272.3189737000,5855,0.0283963400,1271.1687847700,166.5699667283
272.3708174000,5856,0.0283963400,1271.1687847700,166.5699667283
272.4213108000,5857,0.0283963400,1271.1687847700,166.5699667283
272.4702507000,5858,0.0283963400,1271.1687847700,166.5699667283
272.5174265000,5859,0.0283963400,1271.1687847700,166.5699667283
272.5630732000,5860,0.0283963400,1271.1687847700,166.5699667283
272.6087132000,5861,0.0283963400,1271.1687847700,166.5699667283
272.6543568000,5862,0.0283963400,1271.1687847700,166.5699667283
272.7003316000,5863,0.0283963400,1271.1687847700,166.5699667283
272.7482318000,5864,0.0283963400,1271.1687847700,166.5699667283
272.7913479000,5865,0.0283963400,1271.1687847700,166.5699667283
272.8377808000,5866,0.0283963400,1271.1687847700,166.5699667283
272.8845717000,5867,0.0283963400,1271.1687847700,166.5699667283
272.9309986000,5868,0.0283963400,1271.1687847700,166.5699667283
272.9785637000,5869,0.0283963400,1271.1687847700,166.5699667283
273.0261506000,5870,0.0283963400,1271.1687847700,166.5699667283
273.0725213000,5871,0.0283963400,1271.1687847700,166.5699667283
273.1206472000,5872,0.0283963400,1271.1687847700,166.5699667283
273.1662003000,5873,0.0283963400,1271.1687847700,166.5699667283
273.2087502000,5874,0.0283963400,1271.1687847700,166.5699667283
273.2544687000,5875,0.0283963400,1271.1687847700,166.5699667283
273.2980933000,5876,0.0283963400,1271.1687847700,166.5699667283
273.3444217000,5877,0.0283963400,1271.1687847700,166.5699667283
273.3920625000,5878,0.0283963400,1271.1687847700,166.5699667283
273.4377756000,5879,0.0283963400,1271.1687847700,166.5699667283
273.4830113000,5880,0.0283963400,1271.1687847700,166.5699667283
273.5278723000,5881,0.0283963400,1271.1687847700,166.5699667283
273.5764573000,5882,0.0283963400,1271.1687847700,166.5699667283
273.6230258000,5883,0.0283963400,1271.1687847700,166.5699667283
273.6707659000,5884,0.0283963400,1271.1687847700,166.5699667283
273.7178427000,5885,0.0283963400,1271.1687847700,166.5699667283
273.7623051000,5886,0.0283963400,1271.1687847700,166.5699667283
273.8098022000,5887,0.0283948067,1271.1687847700,166.5588061776
273.8569589000,5888,0.0283948067,1271.1687847700,166.5588061776
273.9028143000,5889,0.0283948067,1271.1687847700,166.5588061776
273.9512343000,5890,0.0283948067,1271.1687847700,166.5588061776
273.9978653000,5891,0.0283948067,1271.1687847700,166.5588061776
274.0460594000,5892,0.0283948067,1271.1687847700,166.5588061776
274.0920043000,5893,0.0283948067,1271.1687847700,166.5588061776
274.1371712000,5894,0.0283948067,1271.1687847700,166.5588061776
274.1814371000,5895,0.0283948067,1271.1687847700,166.5588061776
274.2295157000,5896,0.0283948067,1271.1687847700,166.5588061776
274.2780824000,5897,0.0283948067,1271.1687847700,166.5588061776
274.3301649000,5898,0.0283927782,1271.1687847700,166.5440415874
274.3768476000,5899,0.0283927782,1271.1687847700,166.5440415874
274.4263387000,5900,0.0283927782,1271.1687847700,166.5440415874
274.4750095000,5901,0.0283927782,1271.1687847700,166.5440415874
274.5235428000,5902,0.0283927782,1271.1687847700,166.5440415874
274.5681384000,5903,0.0283927782,1271.1687847700,166.5440415874
274.6108517000,5904,0.0283927782,1271.1687847700,166.5440415874
274.6568899000,5905,0.0283927782,1271.1687847700,166.5440415874
274.7035277000,5906,0.0283927782,1271.1687847700,166.5440415874
274.7483792000,5907,0.0283927782,1271.1687847700,166.5440415874
274.7956539000,5908,0.0283927782,1271.1687847700,166.5440415874
274.8425161000,5909,0.0283927782,1271.1687847700,166.5440415874
274.8895544000,5910,0.0283927782,1271.1687847700,166.5440415874
274.9361842000,5911,0.0283927782,1271.1687847700,166.5440415874
274.9816095000,5912,0.0283927782,1271.1687847700,166.5440415874
275.0279312000,5913,0.0283927782,1271.1687847700,166.5440415874
275.0745265000,5914,0.0283927782,1271.1687847700,166.5440415874
275.1184456000,5915,0.0283927782,1271.1687847700,166.5440415874
275.1625609000,5916,0.0283927782,1271.1687847700,166.5440415874
275.2067960000,5917,0.0283927782,1271.1687847700,166.5440415874
275.2513563000,5918,0.0283927782,1271.1687847700,166.5440415874
275.2970529000,5919,0.0283927782,1271.1687847700,166.5440415874
275.3457281000,5920,0.0283927782,1271.1687847700,166.5440415874
275.3932425000,5921,0.0283927782,1271.1687847700,166.5440415874
275.4370572000,5922,0.0283927782,1271.1687847700,166.5440415874
275.4840173000,5923,0.0283927782,1271.1687847700,166.5440415874
275.5314498000,5924,0.0283927782,1271.1687847700,166.5440415874
275.5777075000,5925,0.0283927782,1271.1687847700,166.5440415874
275.6189192000,5926,0.0283927782,1271.1687847700,166.5440415874
275.6589622000,5927,0.0283927782,1271.1687847700,166.5440415874
275.7044657000,5928,0.0283927782,1271.1687847700,166.5440415874
275.7500581000,5929,0.0283927782,1271.1687847700,166.5440415874
275.7980383000,5930,0.0283923770,1271.1687847700,166.5411210997
275.8474264000,5931,0.0283768730,1271.1687847700,166.4282719831
275.8961991000,5932,0.0283768730,1271.1687847700,166.4282719831
275.9428210000,5933,0.0283724767,1271.1687847700,166.3962719831
275.9920206000,5934,0.0283724767,1271.1687847700,166.3962719831
276.0418664000,5935,0.0283704159,1271.1687847700,166.3812719831
276.0857764000,5936,0.0283704159,1271.1687847700,166.3812719831
276.1333563000,5937,0.0283704159,1271.1687847700,166.3812719831
276.1776405000,5938,0.0283704159,1271.1687847700,166.3812719831
276.2232599000,5939,0.0283704159,1271.1687847700,166.3812719831
276.2667158000,5940,0.0283704159,1271.1687847700,166.3812719831
276.3126971000,5941,0.0283704159,1271.1687847700,166.3812719831
276.3608413000,5942,0.0283566401,1271.1687847700,166.2810014767
276.4089301000,5943,0.0283266172,1271.1687847700,166.0624728921
276.4563187000,5944,0.0283266172,1271.1687847700,166.0624728921
276.5026516000,5945,0.0283266172,1271.1687847700,166.0624728921
276.5517363000,5946,0.0283266172,1271.1687847700,166.0624728921
276.5962328000,5947,0.0283266172,1271.1687847700,166.0624728921
276.6466485000,5948,0.0283266172,1271.1687847700,166.0624728921
276.6931660000,5949,0.0283266172,1271.1687847700,166.0624728921
276.7386282000,5950,0.0283266172,1271.1687847700,166.0624728921
276.7848553000,5951,0.0283266172,1271.1687847700,166.0624728921
276.8316735000,5952,0.0283266172,1271.1687847700,166.0624728921
276.8795445000,5953,0.0283266172,1271.1687847700,166.0624728921
276.9245371000,5954,0.0283266172,1271.1687847700,166.0624728921
276.9725298000,5955,0.0283266172,1271.1687847700,166.0624728921
277.0193919000,5956,0.0283266172,1271.1687847700,166.0624728921
277.0636560000,5957,0.0283266172,1271.1687847700,166.0624728921
277.1107514000,5958,0.0283266172,1271.1687847700,166.0624728921
277.1570450000,5959,0.0283266172,1271.1687847700,166.0624728921
277.2016429000,5960,0.0283266172,1271.1687847700,166.0624728921
277.2496716000,5961,0.0283263424,1271.1687847700,166.0604728921
277.2951722000,5962,0.0283263424,1271.1687847700,166.0604728921
277.3458344000,5963,0.0283263424,1271.1687847700,166.0604728921
277.3931248000,5964,0.0283263424,1271.1687847700,166.0604728921
277.4410311000,5965,0.0283263424,1271.1687847700,166.0604728921
277.4862461000,5966,0.0283263424,1271.1687847700,166.0604728921
277.5331176000,5967,0.0283259721,1271.1687847700,166.0577774887
277.5780669000,5968,0.0283259721,1271.1687847700,166.0577774887
277.6230950000,5969,0.0283259721,1271.1687847700,166.0577774887
277.6695482000,5970,0.0283258347,1271.1687847700,166.0567774887
277.7136735000,5971,0.0283258347,1271.1687847700,166.0567774887
277.7587785000,5972,0.0283258347,1271.1687847700,166.0567774887
277.8035852000,5973,0.0283258347,1271.1687847700,166.0567774887
277.8507757000,5974,0.0283258347,1271.1687847700,166.0567774887
277.8993047000,5975,0.0283254528,1271.1687847700,166.0539973866
277.9479806000,5976,0.0283245056,1271.1687847700,166.0471033043
277.9951568000,5977,0.0283245056,1271.1687847700,166.0471033043
278.0443002000,5978,0.0283245056,1271.1687847700,166.0471033043
278.0884251000,5979,0.0283245056,1271.1687847700,166.0471033043
278.1362757000,5980,0.0283245056,1271.1687847700,166.0471033043
278.1846349000,5981,0.0283245056,1271.1687847700,166.0471033043
278.2285470000,5982,0.0283245056,1271.1687847700,166.0471033043
278.2760636000,5983,0.0282983036,1271.1687847700,165.8563858744
278.3269948000,5984,0.0282977329,1271.1687847700,165.8522312479
278.3745099000,5985,0.0282977329,1271.1687847700,165.8522312479
278.4244107000,5986,0.0282977329,1271.1687847700,165.8522312479
278.4769253000,5987,0.0282927869,1271.1687847700,165.8162312479
278.5275714000,5988,0.0282927869,1271.1687847700,165.8162312479
278.5729157000,5989,0.0282927869,1271.1687847700,165.8162312479
278.6194368000,5990,0.0282927869,1271.1687847700,165.8162312479
278.6662185000,5991,0.0282927869,1271.1687847700,165.8162312479
278.7117857000,5992,0.0282927869,1271.1687847700,165.8162312479
278.7587949000,5993,0.0282927869,1271.1687847700,165.8162312479
278.8073807000,5994,0.0282927869,1271.1687847700,165.8162312479
278.8558119000,5995,0.0282927869,1271.1687847700,165.8162312479
278.9066852000,5996,0.0282927869,1271.1687847700,165.8162312479
278.9562907000,5997,0.0282869188,1271.1687847700,165.7735184518
279.0058765000,5998,0.0282869188,1271.1687847700,165.7735184518
279.0524884000,5999,0.0282869188,1271.1687847700,165.7735184518
279.1002401000,6000,0.0282869188,1271.1687847700,165.7735184518
279.1486521000,6001,0.0282869188,1271.1687847700,165.7735184518
279.1953882000,6002,0.0282869188,1271.1687847700,165.7735184518
279.2410911000,6003,0.0282869188,1271.1687847700,165.7735184518
279.2870719000,6004,0.0282869188,1271.1687847700,165.7735184518
279.3324525000,6005,0.0282869188,1271.1687847700,165.7735184518
279.3818182000,6006,0.0282869188,1271.1687847700,165.7735184518
279.4320595000,6007,0.0282869188,1271.1687847700,165.7735184518
279.4860064000,6008,0.0282869188,1271.1687847700,165.7735184518
279.5362823000,6009,0.0282503740,1271.1687847700,165.5075184518
279.5817503000,6010,0.0282503740,1271.1687847700,165.5075184518
279.6305916000,6011,0.0282503740,1271.1687847700,165.5075184518
279.6830969000,6012,0.0282503740,1271.1687847700,165.5075184518
279.7348533000,6013,0.0282503740,1271.1687847700,165.5075184518
279.7821099000,6014,0.0282503740,1271.1687847700,165.5075184518
279.8270394000,6015,0.0282496655,1271.1687847700,165.5023613576
279.8711475000,6016,0.0282496655,1271.1687847700,165.5023613576
279.9183387000,6017,0.0282496655,1271.1687847700,165.5023613576
279.9651716000,6018,0.0282496655,1271.1687847700,165.5023613576
280.0123919000,6019,0.0282425668,1271.1687847700,165.4506917208
280.0618126000,6020,0.0282425668,1271.1687847700,165.4506917208
280.1095533000,6021,0.0282425668,1271.1687847700,165.4506917208
280.1557984000,6022,0.0282425668,1271.1687847700,165.4506917208
280.2035770000,6023,0.0282425668,1271.1687847700,165.4506917208
280.2495466000,6024,0.0282425668,1271.1687847700,165.4506917208
280.2931596000,6025,0.0282425668,1271.1687847700,165.4506917208
280.3401085000,6026,0.0282425668,1271.1687847700,165.4506917208
280.3888617000,6027,0.0282425668,1271.1687847700,165.4506917208
280.4387018000,6028,0.0282425668,1271.1687847700,165.4506917208
280.4877762000,6029,0.0282425668,1271.1687847700,165.4506917208
280.5350595000,6030,0.0282425668,1271.1687847700,165.4506917208
280.5867958000,6031,0.0282425668,1271.1687847700,165.4506917208
280.6333660000,6032,0.0282425668,1271.1687847700,165.4506917208
280.6837991000,6033,0.0282425668,1271.1687847700,165.4506917208
280.7334348000,6034,0.0282425668,1271.1687847700,165.4506917208
280.7807882000,6035,0.0282425668,1271.1687847700,165.4506917208
280.8285013000,6036,0.0282425668,1271.1687847700,165.4506917208
280.8772491000,6037,0.0282425668,1271.1687847700,165.4506917208
280.9251799000,6038,0.0282425668,1271.1687847700,165.4506917208
280.9733115000,6039,0.0282425668,1271.1687847700,165.4506917208
281.0204256000,6040,0.0282425668,1271.1687847700,165.4506917208
281.0668000000,6041,0.0282425668,1271.1687847700,165.4506917208
281.1167788000,6042,0.0282425668,1271.1687847700,165.4506917208
281.1640764000,6043,0.0282425668,1271.1687847700,165.4506917208
281.2144105000,6044,0.0282425668,1271.1687847700,165.4506917208
281.2638195000,6045,0.0282425668,1271.1687847700,165.4506917208
281.3131462000,6046,0.0282425668,1271.1687847700,165.4506917208
281.3630561000,6047,0.0282425668,1271.1687847700,165.4506917208
281.4110151000,6048,0.0282425668,1271.1687847700,165.4506917208
281.4593509000,6049,0.0282425668,1271.1687847700,165.4506917208
281.5092927000,6050,0.0282425668,1271.1687847700,165.4506917208
281.5576546000,6051,0.0282425668,1271.1687847700,165.4506917208
281.6042916000,6052,0.0282425668,1271.1687847700,165.4506917208
281.6512681000,6053,0.0282425668,1271.1687847700,165.4506917208
281.6942520000,6054,0.0282425668,1271.1687847700,165.4506917208
281.7386017000,6055,0.0282425668,1271.1687847700,165.4506917208
281.7817565000,6056,0.0282425668,1271.1687847700,165.4506917208
281.8237530000,6057,0.0282425668,1271.1687847700,165.4506917208
281.8654941000,6058,0.0282342163,1271.1687847700,165.3899108340
281.9058053000,6059,0.0282342163,1271.1687847700,165.3899108340
281.9521455000,6060,0.0282342163,1271.1687847700,165.3899108340
281.9972897000,6061,0.0282342163,1271.1687847700,165.3899108340
282.0426519000,6062,0.0282342163,1271.1687847700,165.3899108340
282.0882592000,6063,0.0282342163,1271.1687847700,165.3899108340
282.1360026000,6064,0.0282342163,1271.1687847700,165.3899108340
282.1807390000,6065,0.0282342163,1271.1687847700,165.3899108340
282.2291651000,6066,0.0282342163,1271.1687847700,165.3899108340
282.2727200000,6067,0.0282342163,1271.1687847700,165.3899108340
282.3219322000,6068,0.0282342163,1271.1687847700,165.3899108340
282.3854720000,6069,0.0282342163,1271.1687847700,165.3899108340
282.4329189000,6070,0.0282342163,1271.1687847700,165.3899108340
282.4831773000,6071,0.0282342163,1271.1687847700,165.3899108340
282.5307375000,6072,0.0282342163,1271.1687847700,165.3899108340
282.5795711000,6073,0.0282342163,1271.1687847700,165.3899108340
282.6263916000,6074,0.0282342163,1271.1687847700,165.3899108340
282.6734070000,6075,0.0282342163,1271.1687847700,165.3899108340
282.7199772000,6076,0.0282342163,1271.1687847700,165.3899108340
282.7638135000,6077,0.0282342163,1271.1687847700,165.3899108340
282.8125569000,6078,0.0282342163,1271.1687847700,165.3899108340
282.8609805000,6079,0.0282342163,1271.1687847700,165.3899108340
282.9100569000,6080,0.0282342163,1271.1687847700,165.3899108340
282.9573694000,6081,0.0282342163,1271.1687847700,165.3899108340
283.0038437000,6082,0.0282342163,1271.1687847700,165.3899108340
283.0541784000,6083,0.0282342163,1271.1687847700,165.3899108340
283.1015228000,6084,0.0282342163,1271.1687847700,165.3899108340
283.1499322000,6085,0.0282342163,1271.1687847700,165.3899108340
283.2004419000,6086,0.0282342163,1271.1687847700,165.3899108340
283.2467922000,6087,0.0282342163,1271.1687847700,165.3899108340
283.2942406000,6088,0.0282342163,1271.1687847700,165.3899108340
283.3418627000,6089,0.0282342163,1271.1687847700,165.3899108340
283.3912656000,6090,0.0282342163,1271.1687847700,165.3899108340
283.4370177000,6091,0.0282301529,1271.1687847700,165.3603344293
283.4838237000,6092,0.0282301529,1271.1687847700,165.3603344293
283.5294167000,6093,0.0282301529,1271.1687847700,165.3603344293
283.5721052000,6094,0.0282301529,1271.1687847700,165.3603344293
283.6135801000,6095,0.0282187203,1271.1687847700,165.2771197691
283.6594750000,6096,0.0282187203,1271.1687847700,165.2771197691
283.7022641000,6097,0.0282187203,1271.1687847700,165.2771197691
283.7432983000,6098,0.0282187203,1271.1687847700,165.2771197691
283.7871260000,6099,0.0282187203,1271.1687847700,165.2771197691
283.8280666000,6100,0.0282187203,1271.1687847700,165.2771197691
283.8723366000,6101,0.0282187203,1271.1687847700,165.2771197691
283.9148742000,6102,0.0282187203,1271.1687847700,165.2771197691
283.9601144000,6103,0.0282187203,1271.1687847700,165.2771197691
284.0044104000,6104,0.0282187203,1271.1687847700,165.2771197691
284.0499285000,6105,0.0282187203,1271.1687847700,165.2771197691
284.0910071000,6106,0.0282187203,1271.1687847700,165.2771197691
284.1372607000,6107,0.0282187203,1271.1687847700,165.2771197691
284.1833471000,6108,0.0282187203,1271.1687847700,165.2771197691
284.2274698000,6109,0.0282187203,1271.1687847700,165.2771197691
284.2724250000,6110,0.0282187203,1271.1687847700,165.2771197691
284.3183709000,6111,0.0282187203,1271.1687847700,165.2771197691
284.3690113000,6112,0.0282187203,1271.1687847700,165.2771197691
284.4191529000,6113,0.0282187203,1271.1687847700,165.2771197691
284.4654966000,6114,0.0282141520,1271.1687847700,165.2438682316
284.5134308000,6115,0.0282141520,1271.1687847700,165.2438682316
284.5629934000,6116,0.0282141520,1271.1687847700,165.2438682316
284.6093962000,6117,0.0282141520,1271.1687847700,165.2438682316
284.6527759000,6118,0.0282141520,1271.1687847700,165.2438682316
284.6966444000,6119,0.0282141520,1271.1687847700,165.2438682316
284.7403018000,6120,0.0282141520,1271.1687847700,165.2438682316
284.7894893000,6121,0.0282141520,1271.1687847700,165.2438682316
284.8377194000,6122,0.0282141520,1271.1687847700,165.2438682316
284.8815570000,6123,0.0282141520,1271.1687847700,165.2438682316
284.9285226000,6124,0.0282141520,1271.1687847700,165.2438682316
284.9743133000,6125,0.0282141520,1271.1687847700,165.2438682316
285.0245884000,6126,0.0282141520,1271.1687847700,165.2438682316
285.0764260000,6127,0.0282126231,1271.1687847700,165.2327394375
285.1228076000,6128,0.0282109787,1271.1687847700,165.2207701316
285.1684189000,6129,0.0282109787,1271.1687847700,165.2207701316
285.2128952000,6130,0.0282109787,1271.1687847700,165.2207701316
285.2561170000,6131,0.0282109787,1271.1687847700,165.2207701316
285.3029383000,6132,0.0282102174,1271.1687847700,165.2152288308
285.3505994000,6133,0.0282102174,1271.1687847700,165.2152288308
285.4012012000,6134,0.0282102174,1271.1687847700,165.2152288308
285.4511843000,6135,0.0282102174,1271.1687847700,165.2152288308
285.5017200000,6136,0.0282102174,1271.1687847700,165.2152288308
285.5509142000,6137,0.0282087260,1271.1687847700,165.2043739293
285.5975654000,6138,0.0282087260,1271.1687847700,165.2043739293
285.6426625000,6139,0.0282087260,1271.1687847700,165.2043739293
285.6867181000,6140,0.0282087260,1271.1687847700,165.2043739293
285.7306141000,6141,0.0282087260,1271.1687847700,165.2043739293
285.7768983000,6142,0.0282087260,1271.1687847700,165.2043739293
285.8209909000,6143,0.0282034923,1271.1687847700,165.1662787072
285.8671537000,6144,0.0282034923,1271.1687847700,165.1662787072
285.9113372000,6145,0.0282034923,1271.1687847700,165.1662787072
285.9616277000,6146,0.0282034923,1271.1687847700,165.1662787072
286.0110449000,6147,0.0282034923,1271.1687847700,165.1662787072
286.0636195000,6148,0.0282034923,1271.1687847700,165.1662787072
286.1120872000,6149,0.0282034923,1271.1687847700,165.1662787072
286.1632369000,6150,0.0282034923,1271.1687847700,165.1662787072
286.2133706000,6151,0.0281982353,1271.1687847700,165.1280142694
286.2661452000,6152,0.0281982353,1271.1687847700,165.1280142694
286.3131389000,6153,0.0281982353,1271.1687847700,165.1280142694
286.3606632000,6154,0.0281982353,1271.1687847700,165.1280142694
286.4095586000,6155,0.0281982353,1271.1687847700,165.1280142694
286.4568982000,6156,0.0281973657,1271.1687847700,165.1216847784
286.5043329000,6157,0.0281973657,1271.1687847700,165.1216847784
286.5545972000,6158,0.0281973657,1271.1687847700,165.1216847784
286.6015807000,6159,0.0281973657,1271.1687847700,165.1216847784
286.6497001000,6160,0.0281973657,1271.1687847700,165.1216847784
286.6978044000,6161,0.0281919144,1271.1687847700,165.0820061534
286.7477950000,6162,0.0281919144,1271.1687847700,165.0820061534
286.7957626000,6163,0.0281919144,1271.1687847700,165.0820061534
286.8440045000,6164,0.0281919144,1271.1687847700,165.0820061534
286.8921453000,6165,0.0281919144,1271.1687847700,165.0820061534
286.9401343000,6166,0.0281919144,1271.1687847700,165.0820061534
286.9898650000,6167,0.0281919144,1271.1687847700,165.0820061534
287.0386458000,6168,0.0281919144,1271.1687847700,165.0820061534
287.0882525000,6169,0.0281919144,1271.1687847700,165.0820061534
287.1369797000,6170,0.0281919144,1271.1687847700,165.0820061534
287.1893285000,6171,0.0281919144,1271.1687847700,165.0820061534
287.2415692000,6172,0.0281919144,1271.1687847700,165.0820061534
287.2912077000,6173,0.0281919144,1271.1687847700,165.0820061534
287.3413146000,6174,0.0281919144,1271.1687847700,165.0820061534
287.3921930000,6175,0.0281919144,1271.1687847700,165.0820061534
287.4392342000,6176,0.0281919144,1271.1687847700,165.0820061534
287.4861325000,6177,0.0281919144,1271.1687847700,165.0820061534
287.5342076000,6178,0.0281919144,1271.1687847700,165.0820061534
287.5828681000,6179,0.0281919144,1271.1687847700,165.0820061534
287.6342836000,6180,0.0281919144,1271.1687847700,165.0820061534
287.6855266000,6181,0.0281919144,1271.1687847700,165.0820061534
287.7372072000,6182,0.0281919144,1271.1687847700,165.0820061534
287.7870004000,6183,0.0281919144,1271.1687847700,165.0820061534
287.8332059000,6184,0.0281919144,1271.1687847700,165.0820061534
287.8836759000,6185,0.0281919144,1271.1687847700,165.0820061534
287.9296070000,6186,0.0281919144,1271.1687847700,165.0820061534
287.9785502000,6187,0.0281919144,1271.1687847700,165.0820061534
288.0282457000,6188,0.0281919144,1271.1687847700,165.0820061534
288.0751374000,6189,0.0281919144,1271.1687847700,165.0820061534
288.1239076000,6190,0.0281919144,1271.1687847700,165.0820061534
288.1715699000,6191,0.0281919144,1271.1687847700,165.0820061534
288.2167038000,6192,0.0281919144,1271.1687847700,165.0820061534
288.2593592000,6193,0.0281919144,1271.1687847700,165.0820061534
288.3060784000,6194,0.0281919144,1271.1687847700,165.0820061534
288.3527366000,6195,0.0281919144,1271.1687847700,165.0820061534
288.3994465000,6196,0.0281919144,1271.1687847700,165.0820061534
288.4416245000,6197,0.0281919144,1271.1687847700,165.0820061534
288.4878057000,6198,0.0281919144,1271.1687847700,165.0820061534
288.5336530000,6199,0.0281919144,1271.1687847700,165.0820061534
288.5779917000,6200,0.0281919144,1271.1687847700,165.0820061534
288.6261566000,6201,0.0281919144,1271.1687847700,165.0820061534
288.6736667000,6202,0.0281877682,1271.1687847700,165.0518272504
288.7175672000,6203,0.0281877682,1271.1687847700,165.0518272504
288.7638176000,6204,0.0281877682,1271.1687847700,165.0518272504
288.8112915000,6205,0.0281877682,1271.1687847700,165.0518272504
288.8566667000,6206,0.0281877682,1271.1687847700,165.0518272504
288.8977385000,6207,0.0281877682,1271.1687847700,165.0518272504
288.9383621000,6208,0.0281877682,1271.1687847700,165.0518272504
288.9800990000,6209,0.0281877682,1271.1687847700,165.0518272504
289.0248223000,6210,0.0281877682,1271.1687847700,165.0518272504
289.0708680000,6211,0.0281877682,1271.1687847700,165.0518272504
289.1230735000,6212,0.0281877682,1271.1687847700,165.0518272504
289.1715095000,6213,0.0281877682,1271.1687847700,165.0518272504
289.2199006000,6214,0.0281877682,1271.1687847700,165.0518272504
289.2681356000,6215,0.0281877682,1271.1687847700,165.0518272504
289.3165360000,6216,0.0281877682,1271.1687847700,165.0518272504
289.3650597000,6217,0.0281877682,1271.1687847700,165.0518272504
289.4108182000,6218,0.0281877682,1271.1687847700,165.0518272504
289.4596029000,6219,0.0281877682,1271.1687847700,165.0518272504
289.5090239000,6220,0.0281877682,1271.1687847700,165.0518272504
289.5591340000,6221,0.0281877682,1271.1687847700,165.0518272504
289.6080803000,6222,0.0281877682,1271.1687847700,165.0518272504
289.6577382000,6223,0.0281877682,1271.1687847700,165.0518272504
289.7069997000,6224,0.0281877682,1271.1687847700,165.0518272504
289.7591709000,6225,0.0281831596,1271.1687847700,165.0182828140
289.8067713000,6226,0.0281831596,1271.1687847700,165.0182828140
289.8508557000,6227,0.0281831596,1271.1687847700,165.0182828140
289.8999569000,6228,0.0281831596,1271.1687847700,165.0182828140
289.9457092000,6229,0.0281831596,1271.1687847700,165.0182828140
289.9933936000,6230,0.0281831596,1271.1687847700,165.0182828140
290.0402050000,6231,0.0281831596,1271.1687847700,165.0182828140
290.0805551000,6232,0.0281784072,1271.1687847700,164.9836910250
290.1211608000,6233,0.0281784072,1271.1687847700,164.9836910250
290.1620713000,6234,0.0281784072,1271.1687847700,164.9836910250
290.2055750000,6235,0.0281662597,1265.1567847700,165.0850181397
290.2486526000,6236,0.0281662597,1265.1567847700,165.0850181397
290.2917680000,6237,0.0281662597,1265.1567847700,165.0850181397
290.3368718000,6238,0.0281662597,1265.1567847700,165.0850181397
290.3835811000,6239,0.0281662597,1265.1567847700,165.0850181397
290.4311403000,6240,0.0281662597,1265.1567847700,165.0850181397
290.4757831000,6241,0.0281662597,1265.1567847700,165.0850181397
290.5208586000,6242,0.0281658358,1265.1567847700,165.0819329689
290.5647160000,6243,0.0281658358,1265.1567847700,165.0819329689
290.6073931000,6244,0.0281654618,1265.1567847700,165.0792104334
290.6532770000,6245,0.0281654618,1265.1567847700,165.0792104334
290.6987801000,6246,0.0281654618,1265.1567847700,165.0792104334
290.7453443000,6247,0.0281654618,1265.1567847700,165.0792104334
290.7917300000,6248,0.0281654618,1265.1567847700,165.0792104334
290.8370461000,6249,0.0281654618,1265.1567847700,165.0792104334
290.8816621000,6250,0.0281654618,1265.1567847700,165.0792104334
290.9302246000,6251,0.0281654618,1265.1567847700,165.0792104334
290.9750773000,6252,0.0281654618,1265.1567847700,165.0792104334
291.0216086000,6253,0.0281654618,1265.1567847700,165.0792104334
291.0663137000,6254,0.0281654618,1265.1567847700,165.0792104334
291.1099804000,6255,0.0281654618,1265.1567847700,165.0792104334
291.1554253000,6256,0.0281654618,1265.1567847700,165.0792104334
291.2008588000,6257,0.0281654618,1265.1567847700,165.0792104334
291.2483556000,6258,0.0281654618,1265.1567847700,165.0792104334
291.2982756000,6259,0.0281654618,1265.1567847700,165.0792104334
291.3460455000,6260,0.0281654618,1265.1567847700,165.0792104334
291.3951085000,6261,0.0281654618,1265.1567847700,165.0792104334
291.4407943000,6262,0.0281654618,1265.1567847700,165.0792104334
291.5015426000,6263,0.0281654618,1265.1567847700,165.0792104334
291.5651294000,6264,0.0281654618,1265.1567847700,165.0792104334
291.6225839000,6265,0.0281654618,1265.1567847700,165.0792104334
291.6746670000,6266,0.0281654618,1265.1567847700,165.0792104334
291.7210218000,6267,0.0281654618,1265.1567847700,165.0792104334
291.7665167000,6268,0.0281654618,1265.1567847700,165.0792104334
291.8102964000,6269,0.0281654618,1265.1567847700,165.0792104334
291.8555115000,6270,0.0281654618,1265.1567847700,165.0792104334
291.8968505000,6271,0.0281654618,1265.1567847700,165.0792104334
291.9410283000,6272,0.0281654618,1265.1567847700,165.0792104334
291.9836406000,6273,0.0281654618,1265.1567847700,165.0792104334
292.0356391000,6274,0.0281654618,1265.1567847700,165.0792104334
292.0820125000,6275,0.0281654618,1265.1567847700,165.0792104334
292.1312978000,6276,0.0281654618,1265.1567847700,165.0792104334
292.1781845000,6277,0.0281654618,1265.1567847700,165.0792104334
292.2210069000,6278,0.0281654618,1265.1567847700,165.0792104334
292.2642940000,6279,0.0281654618,1265.1567847700,165.0792104334
292.3099013000,6280,0.0281654618,1265.1567847700,165.0792104334
292.3571664000,6281,0.0281654618,1265.1567847700,165.0792104334
292.4044208000,6282,0.0281654618,1265.1567847700,165.0792104334
292.4498226000,6283,0.0281654618,1265.1567847700,165.0792104334
292.4958225000,6284,0.0281654618,1265.1567847700,165.0792104334
292.5442461000,6285,0.0281654618,1265.1567847700,165.0792104334
292.5921001000,6286,0.0281654618,1265.1567847700,165.0792104334
292.6410262000,6287,0.0281654618,1265.1567847700,165.0792104334
292.6911948000,6288,0.0281654618,1265.1567847700,165.0792104334
292.7389011000,6289,0.0281654618,1265.1567847700,165.0792104334
292.7857344000,6290,0.0281654618,1265.1567847700,165.0792104334
292.8307101000,6291,0.0281654618,1265.1567847700,165.0792104334
292.8763287000,6292,0.0281654618,1265.1567847700,165.0792104334
292.9230573000,6293,0.0281651236,1265.1567847700,165.0767486988
292.9692330000,6294,0.0281585750,1265.1567847700,165.0290835628
293.0167780000,6295,0.0281585750,1265.1567847700,165.0290835628
293.0633320000,6296,0.0281585750,1265.1567847700,165.0290835628
293.1082047000,6297,0.0281585750,1265.1567847700,165.0290835628
293.1520938000,6298,0.0281585750,1265.1567847700,165.0290835628
293.1969868000,6299,0.0281585750,1265.1567847700,165.0290835628
293.2409323000,6300,0.0281574092,1265.1567847700,165.0205976620
293.2883465000,6301,0.0281574092,1265.1567847700,165.0205976620
293.3350305000,6302,0.0281550971,1265.1567847700,165.0037688554
293.3798607000,6303,0.0281484259,1265.1567847700,164.9552104034
293.4236385000,6304,0.0281484259,1265.1567847700,164.9552104034
293.4687331000,6305,0.0281484259,1265.1567847700,164.9552104034
293.5171697000,6306,0.0281484259,1265.1567847700,164.9552104034
293.5663418000,6307,0.0281484259,1265.1567847700,164.9552104034
293.6123621000,6308,0.0281484259,1265.1567847700,164.9552104034
293.6584994000,6309,0.0281484259,1265.1567847700,164.9552104034
293.7053116000,6310,0.0281484259,1265.1567847700,164.9552104034
293.7561851000,6311,0.0281484259,1265.1567847700,164.9552104034
293.8023672000,6312,0.0281484259,1265.1567847700,164.9552104034
293.8544331000,6313,0.0281484259,1265.1567847700,164.9552104034
293.9038416000,6314,0.0281484259,1265.1567847700,164.9552104034
293.9512810000,6315,0.0281484259,1265.1567847700,164.9552104034
293.9999016000,6316,0.0281484259,1265.1567847700,164.9552104034
294.0466778000,6317,0.0281484259,1265.1567847700,164.9552104034
294.0961014000,6318,0.0281484259,1265.1567847700,164.9552104034
294.1467082000,6319,0.0281484259,1265.1567847700,164.9552104034
294.1932686000,6320,0.0281484259,1265.1567847700,164.9552104034
294.2400602000,6321,0.0281484259,1265.1567847700,164.9552104034
294.2902069000,6322,0.0281484259,1265.1567847700,164.9552104034
294.3417975000,6323,0.0281453792,1265.1567847700,164.9330343890
294.3894655000,6324,0.0281453792,1265.1567847700,164.9330343890
294.4383568000,6325,0.0281453792,1265.1567847700,164.9330343890
294.4875391000,6326,0.0281453792,1265.1567847700,164.9330343890
294.5365969000,6327,0.0281453792,1265.1567847700,164.9330343890
294.5843158000,6328,0.0281453792,1265.1567847700,164.9330343890
294.6306715000,6329,0.0281453792,1265.1567847700,164.9330343890
294.6781967000,6330,0.0281453792,1265.1567847700,164.9330343890
294.7269402000,6331,0.0281453792,1265.1567847700,164.9330343890
294.7729611000,6332,0.0281453792,1265.1567847700,164.9330343890
294.8151898000,6333,0.0281453792,1265.1567847700,164.9330343890
294.8553130000,6334,0.0281453792,1265.1567847700,164.9330343890
294.9012924000,6335,0.0281453792,1265.1567847700,164.9330343890
294.9426064000,6336,0.0281453792,1265.1567847700,164.9330343890
294.9850701000,6337,0.0281453792,1265.1567847700,164.9330343890
295.0310154000,6338,0.0281453792,1265.1567847700,164.9330343890
295.0768230000,6339,0.0281453792,1265.1567847700,164.9330343890
295.1239022000,6340,0.0281453792,1265.1567847700,164.9330343890
295.1750296000,6341,0.0281453792,1265.1567847700,164.9330343890
295.2234159000,6342,0.0281453792,1265.1567847700,164.9330343890
295.2701091000,6343,0.0281453792,1265.1567847700,164.9330343890
295.3171090000,6344,0.0281453792,1265.1567847700,164.9330343890
295.3663186000,6345,0.0281453792,1265.1567847700,164.9330343890
295.4124201000,6346,0.0281453792,1265.1567847700,164.9330343890
295.4581354000,6347,0.0281453792,1265.1567847700,164.9330343890
295.5023697000,6348,0.0281453792,1265.1567847700,164.9330343890
295.5467658000,6349,0.0281453792,1265.1567847700,164.9330343890
295.5968470000,6350,0.0281453792,1265.1567847700,164.9330343890
295.6456233000,6351,0.0281453792,1265.1567847700,164.9330343890
295.6921943000,6352,0.0281453792,1265.1567847700,164.9330343890
295.7376147000,6353,0.0281453792,1265.1567847700,164.9330343890
295.7832962000,6354,0.0281453792,1265.1567847700,164.9330343890
295.8307937000,6355,0.0281453792,1265.1567847700,164.9330343890
295.8788758000,6356,0.0281453792,1265.1567847700,164.9330343890
295.9257652000,6357,0.0281453792,1265.1567847700,164.9330343890
295.9693914000,6358,0.0281453792,1265.1567847700,164.9330343890
296.0131090000,6359,0.0281453792,1265.1567847700,164.9330343890
296.0625864000,6360,0.0281453792,1265.1567847700,164.9330343890
296.1105363000,6361,0.0281453792,1265.1567847700,164.9330343890
296.1555867000,6362,0.0281453792,1265.1567847700,164.9330343890
296.2024321000,6363,0.0281453792,1265.1567847700,164.9330343890
296.2475887000,6364,0.0281453792,1265.1567847700,164.9330343890
296.2960574000,6365,0.0281453792,1265.1567847700,164.9330343890
296.3422872000,6366,0.0281453792,1265.1567847700,164.9330343890
296.3870420000,6367,0.0281453792,1265.1567847700,164.9330343890
296.4334434000,6368,0.0281453792,1265.1567847700,164.9330343890
296.4788402000,6369,0.0281453792,1265.1567847700,164.9330343890
296.5291916000,6370,0.0281453792,1265.1567847700,164.9330343890
296.5770136000,6371,0.0281453792,1265.1567847700,164.9330343890
296.6214067000,6372,0.0281453792,1265.1567847700,164.9330343890
296.6667180000,6373,0.0281453792,1265.1567847700,164.9330343890
296.7114954000,6374,0.0281453792,1265.1567847700,164.9330343890
296.7547738000,6375,0.0281453792,1265.1567847700,164.9330343890
296.7970356000,6376,0.0281453792,1265.1567847700,164.9330343890
296.8417787000,6377,0.0281453792,1265.1567847700,164.9330343890
296.8846327000,6378,0.0281453792,1265.1567847700,164.9330343890
296.9252017000,6379,0.0281453792,1265.1567847700,164.9330343890
296.9675706000,6380,0.0281453792,1265.1567847700,164.9330343890
297.0111541000,6381,0.0281453792,1265.1567847700,164.9330343890
297.0562365000,6382,0.0281453792,1265.1567847700,164.9330343890
297.0996846000,6383,0.0281453792,1265.1567847700,164.9330343890
297.1429141000,6384,0.0280897587,1263.9863483015,164.5651278619
297.1891310000,6385,0.0280897587,1263.9863483015,164.5651278619
297.2317454000,6386,0.0280897587,1263.9863483015,164.5651278619
297.2773088000,6387,0.0280897587,1263.9863483015,164.5651278619
297.3225873000,6388,0.0280897587,1263.9863483015,164.5651278619
297.3718981000,6389,0.0280897587,1263.9863483015,164.5651278619
297.4167915000,6390,0.0280897587,1263.9863483015,164.5651278619
297.4658881000,6391,0.0280891037,1263.9863483015,164.5603604555
297.5145433000,6392,0.0280891037,1263.9863483015,164.5603604555
297.5601486000,6393,0.0280891037,1263.9863483015,164.5603604555
297.6049581000,6394,0.0280891037,1263.9863483015,164.5603604555
297.6519022000,6395,0.0280878210,1263.9863483015,164.5510240400
297.6938979000,6396,0.0280878210,1263.9863483015,164.5510240400
297.7399482000,6397,0.0280823256,1263.9863483015,164.5110240400
297.7846431000,6398,0.0280823256,1263.9863483015,164.5110240400
297.8315321000,6399,0.0280817083,1263.9863483015,164.5065314071
297.8804595000,6400,0.0280817083,1263.9863483015,164.5065314071
297.9253611000,6401,0.0280812650,1263.9863483015,164.5033047474
297.9733919000,6402,0.0280743566,1263.9863483015,164.4530201101
298.0172389000,6403,0.0280611069,1263.9863483015,164.3565786798
298.0632475000,6404,0.0280611069,1263.9863483015,164.3565786798
298.1092416000,6405,0.0280611069,1263.9863483015,164.3565786798
298.1623018000,6406,0.0280611069,1263.9863483015,164.3565786798
298.2115892000,6407,0.0280611069,1263.9863483015,164.3565786798
298.2583936000,6408,0.0280611069,1263.9863483015,164.3565786798
298.3037288000,6409,0.0280611069,1263.9863483015,164.3565786798
298.3533935000,6410,0.0280611069,1263.9863483015,164.3565786798
298.4020322000,6411,0.0280611069,1263.9863483015,164.3565786798
298.4521144000,6412,0.0280567502,1263.9863483015,164.3248677043
298.5000989000,6413,0.0280567502,1263.9863483015,164.3248677043
298.5497120000,6414,0.0280562959,1263.9863483015,164.3215610531
298.5992844000,6415,0.0280562959,1263.9863483015,164.3215610531
298.6512974000,6416,0.0280562959,1263.9863483015,164.3215610531
298.7007454000,6417,0.0280550054,1263.9863483015,164.3121677902
298.7458903000,6418,0.0280550054,1263.9863483015,164.3121677902
298.7912890000,6419,0.0280550054,1263.9863483015,164.3121677902
298.8365143000,6420,0.0280550054,1263.9863483015,164.3121677902
298.8806214000,6421,0.0280550054,1263.9863483015,164.3121677902
298.9244762000,6422,0.0280550054,1263.9863483015,164.3121677902
298.9679766000,6423,0.0280550054,1263.9863483015,164.3121677902
299.0104622000,6424,0.0280550054,1263.9863483015,164.3121677902
299.0567724000,6425,0.0280550054,1263.9863483015,164.3121677902
299.1057810000,6426,0.0280550054,1263.9863483015,164.3121677902
299.1516421000,6427,0.0280550054,1263.9863483015,164.3121677902
299.1994571000,6428,0.0280550054,1263.9863483015,164.3121677902
299.2502094000,6429,0.0280550054,1263.9863483015,164.3121677902
299.3035853000,6430,0.0280550054,1263.9863483015,164.3121677902
299.3537469000,6431,0.0280550054,1263.9863483015,164.3121677902
299.4030763000,6432,0.0280550054,1263.9863483015,164.3121677902
299.4483440000,6433,0.0280550054,1263.9863483015,164.3121677902
299.4956503000,6434,0.0280550054,1263.9863483015,164.3121677902
299.5416705000,6435,0.0280550054,1263.9863483015,164.3121677902
299.5853646000,6436,0.0280550054,1263.9863483015,164.3121677902
299.6283282000,6437,0.0280550054,1263.9863483015,164.3121677902
299.6740738000,6438,0.0280550054,1263.9863483015,164.3121677902
299.7171374000,6439,0.0280550054,1263.9863483015,164.3121677902
299.7613679000,6440,0.0280550054,1263.9863483015,164.3121677902
299.8077273000,6441,0.0280550054,1263.9863483015,164.3121677902
299.8526731000,6442,0.0280550054,1263.9863483015,164.3121677902
299.8988346000,6443,0.0280550054,1263.9863483015,164.3121677902
299.9407795000,6444,0.0280550054,1263.9863483015,164.3121677902
299.9851910000,6445,0.0280550054,1263.9863483015,164.3121677902
300.0325098000,6446,0.0280550054,1263.9863483015,164.3121677902
