0.0624133451
0.0623273592
0.0614148544
0.0614148544
0.0595778059
0.0589965432
0.0587225039
0.0587225039
0.0587159679
0.0587159679
0.0583439335
0.0583439335
0.0576412916
0.0576412916
0.0576412916
0.0576177274
0.0576177274
0.0576177274
0.0570943171
0.0570943171
0.0570876663
0.0570876663
0.0570876663
0.0570587615
0.0570182468
0.0568609086
0.0568609086
0.0568367362
0.0568367362
0.0568367362
0.0567937378
0.0565899071
0.0565899071
0.0564235243
0.0564235243
0.0564235243
0.0564028405
0.0564028405
0.0563986783
0.0563986783
0.0563463629
0.0562927181
0.0560773795
0.0558202167
0.0557851111
0.0557516342
0.0557508017
0.0556410592
0.0555920393
0.0555825919
0.0555797873
0.0553233041
0.0553233041
0.0553027877
0.0552933884
0.0552564262
0.0552564262
0.0548513414
0.0548328034
0.0546774266
0.0546457234
0.0546349610
0.0545995791
0.0545995791
0.0544823120
0.0543565792
0.0543544273
0.0541146187
0.0540024733
0.0539516102
0.0539409271
0.0533312250
0.0531679840
0.0529881199
0.0529634417
0.0528798133
0.0527388597
0.0527388597
0.0527277111
0.0526466716
0.0526026864
0.0526018647
0.0525806090
0.0525016906
0.0522825630
0.0522393814
0.0520575500
0.0519137644
0.0518790226
0.0518700581
0.0518536609
0.0517909296
0.0517894198
0.0517799057
0.0517750858
0.0517620572
0.0517607443
0.0517068480
0.0515309054
0.0515309054
0.0514570108
0.0513977710
0.0513024578
0.0511181733
0.0510396178
0.0510263717
0.0509220922
0.0508964059
0.0508936964
0.0507118935
0.0506997534
0.0506574990
0.0506522723
0.0506247315
0.0504711454
0.0504695588
0.0503655731
0.0502990717
0.0502506081
0.0502438883
0.0502291674
0.0500131518
0.0499493918
0.0499411277
0.0499411277
0.0499276643
0.0499273369
0.0499038363
0.0498824201
0.0498434044
0.0497345611
0.0497332040
0.0497183324
0.0496509890
0.0495561746
0.0495087961
0.0494048015
0.0493708208
0.0493236970
0.0493202628
0.0493134058
0.0492274804
0.0492215466
0.0491900704
0.0488209843
0.0487653978
0.0487492194
0.0487188692
0.0486883993
0.0485385362
0.0484735470
0.0484590213
0.0484052418
0.0484015352
0.0483938179
0.0483444835
0.0483323300
0.0483323300
0.0483322067
0.0483213123
0.0483077903
0.0483037653
0.0482639470
0.0482616777
0.0482616777
0.0482614886
0.0482543779
0.0482354672
0.0481748847
0.0481747306
0.0481392996
0.0481392996
0.0481024120
0.0480831240
0.0480249662
0.0480036167
0.0478078823
0.0477877655
0.0477877655
0.0475829557
0.0475216171
0.0474388538
0.0474254142
0.0474119621
0.0474052548
0.0473859402
0.0473318926
0.0473199647
0.0472919202
0.0472912184
0.0472912184
0.0472690872
0.0472690872
0.0472605139
0.0471641550
0.0471235039
0.0471125599
0.0469318714
0.0469232604
0.0469007832
0.0468905755
0.0468346978
0.0467249833
0.0467181217
0.0466861315
0.0466843441
0.0466697722
0.0466697722
0.0466696925
0.0463809639
0.0463661960
0.0463656713
0.0463656713
0.0463643142
0.0462641718
0.0462641718
0.0462531840
0.0462141707
0.0461034229
0.0460962380
0.0460804253
0.0460418971
0.0460134679
0.0460134679
0.0460078310
0.0459967161
0.0459754395
0.0459748332
0.0459444568
0.0459444568
0.0459444568
0.0459436828
0.0459359909
0.0459359909
0.0459236041
0.0459232268
0.0459156215
0.0459027984
0.0458887918
0.0458750812
0.0458001624
0.0457528757
0.0457528757
0.0457464919
0.0457464919
0.0457447964
0.0457363313
0.0457163981
0.0455480664
0.0455480664
0.0455317660
0.0455144296
0.0455104271
0.0454960225
0.0454886678
0.0454886678
0.0451932309
0.0451728862
0.0450774297
0.0450511453
0.0450060756
0.0450019144
0.0449976433
0.0449910964
0.0449803284
0.0449745597
0.0449633685
0.0449610628
0.0449588082
0.0449586139
0.0449358824
0.0449303714
0.0449191179
0.0447785495
0.0446802574
0.0445389895
0.0445356510
0.0444965729
0.0444763628
0.0444763628
0.0444302914
0.0444302914
0.0444245219
0.0444145743
0.0443923917
0.0443565180
0.0443556307
0.0443205770
0.0443196684
0.0442884187
0.0442599129
0.0441550544
0.0441507667
0.0441285032
0.0441276045
0.0441166213
0.0440867484
0.0440638168
0.0440543634
0.0440077444
0.0440006645
0.0439993628
0.0439678047
0.0439529136
0.0439172920
0.0438649428
0.0438630774
0.0438585484
0.0438507066
0.0438470426
0.0438470426
0.0438282118
0.0436404958
0.0435857014
0.0435773758
0.0435765228
0.0435494034
0.0435494034
0.0435439465
0.0435355877
0.0435355877
0.0435235298
0.0435042659
0.0435042659
0.0434765160
0.0434463385
0.0434271199
0.0434057788
0.0433904869
0.0433652745
0.0433652745
0.0432221787
0.0432153772
0.0432097010
0.0430905787
0.0430743574
0.0430674725
0.0430624729
0.0430617400
0.0430485726
0.0430430112
0.0428140765
0.0427978219
0.0427524662
0.0427401370
0.0427401370
0.0427401370
0.0427267077
0.0427267077
0.0427267077
0.0426808878
0.0426568513
0.0425609173
0.0425543735
0.0425523265
0.0425515134
0.0425377845
0.0425233902
0.0425233902
0.0425061193
0.0424948127
0.0424946013
0.0424272676
0.0424168804
0.0424069404
0.0423752349
0.0423641490
0.0423639302
0.0423388089
0.0423204058
0.0423050810
0.0422933420
0.0422922368
0.0422720875
0.0422663590
0.0422568987
0.0422406261
0.0422406261
0.0422226361
0.0422226361
0.0421780018
0.0421754332
0.0421629195
0.0421539420
0.0421503244
0.0421197469
0.0421143756
0.0421080785
0.0420950772
0.0420878369
0.0420873646
0.0420723167
0.0420714866
0.0420714866
0.0420506837
0.0420421554
0.0420286825
0.0420269062
0.0420155247
0.0420054205
0.0418961219
0.0418884902
0.0418761382
0.0418656951
0.0418634687
0.0418522397
0.0418522397
0.0418496835
0.0418294856
0.0418225049
0.0418225049
0.0418203673
0.0418187807
0.0418089196
0.0418089196
0.0418089196
0.0418085612
0.0418078409
0.0418058047
0.0417844671
0.0417637155
0.0417595491
0.0417539562
0.0417381872
0.0417046724
0.0416946850
0.0416462707
0.0416212380
0.0415424221
0.0415071280
0.0415007613
0.0414084864
0.0413984145
0.0413688799
0.0413622933
0.0413588203
0.0413412666
0.0413412666
0.0412660822
0.0412607973
0.0412497167
0.0412384941
0.0412330826
0.0412310041
0.0411907622
0.0411602242
0.0411602242
0.0411516207
0.0411320879
0.0411320879
0.0411305689
0.0411183879
0.0411107048
0.0411009012
0.0410959592
0.0410736769
0.0410719389
0.0410335266
0.0410335266
0.0410335266
0.0410177349
0.0409975232
0.0409785891
0.0409635612
0.0409615115
0.0409614849
0.0409614849
0.0409574371
0.0409331887
0.0409265642
0.0409183560
0.0409107879
0.0409039961
0.0408983187
0.0408944027
0.0408773933
0.0408758360
0.0408758360
0.0408499990
0.0408390288
0.0408233536
0.0408193242
0.0407915779
0.0407753514
0.0407648567
0.0407264840
0.0407261922
0.0407065950
0.0407065950
0.0405840283
0.0405826755
0.0405800079
0.0405774003
0.0405771261
0.0405723637
0.0405557596
0.0405460531
0.0405273221
0.0405167671
0.0404437070
0.0404363475
0.0404363475
0.0404363475
0.0404333267
0.0404054851
0.0403849345
0.0403667687
0.0403622352
0.0403619731
0.0403570431
0.0403314678
0.0402879325
0.0402870642
0.0402833849
0.0402701368
0.0402686191
0.0402591602
0.0402427523
0.0402379489
0.0402359696
0.0402345777
0.0401509705
0.0401409389
0.0401312152
0.0401281275
0.0401031820
0.0401012647
0.0400897682
0.0400897682
0.0400806154
0.0400642203
0.0400541910
0.0400380323
0.0400223336
0.0399691006
0.0399649832
0.0399555312
0.0399419347
0.0399369232
0.0399339199
0.0399302543
0.0399262425
0.0399229174
0.0399055435
0.0398954109
0.0398663318
0.0398622813
0.0398622813
0.0398550151
0.0398246848
0.0398246848
0.0398153456
0.0397488837
0.0397405683
0.0397329864
0.0397329864
0.0397183639
0.0396430929
0.0395843035
0.0395769426
0.0395576146
0.0395576146
0.0395539905
0.0395418694
0.0395098248
0.0395014326
0.0394616125
0.0394440341
0.0394358689
0.0394342889
0.0394238979
0.0394164307
0.0393973353
0.0393973353
0.0393932448
0.0393932448
0.0393930399
0.0393759295
0.0393603588
0.0393575305
0.0393575305
0.0393398213
0.0393309514
0.0393247970
0.0393187706
0.0393185804
0.0393168229
0.0393037553
0.0393037325
0.0392975744
0.0392920150
0.0392788158
0.0392759959
0.0392690930
0.0392690930
0.0392569948
0.0392349485
0.0392271624
0.0392207197
0.0392195946
0.0392195534
0.0391979239
0.0391493244
0.0391306066
0.0390623130
0.0390611619
0.0390611619
0.0390454579
0.0390347028
0.0390322355
0.0390305929
0.0390159454
0.0390152199
0.0390107198
0.0389554281
0.0389554281
0.0389554281
0.0389543334
0.0389084378
0.0388999843
0.0388925950
0.0388925950
0.0388880573
0.0388790896
0.0388700833
0.0388474446
0.0388474446
0.0388474446
0.0388366981
0.0387972923
0.0387972923
0.0387966848
0.0387927655
0.0387918106
0.0387910477
0.0387858844
0.0387733848
0.0387598840
0.0387516293
0.0387470494
0.0387371122
0.0387354766
0.0387354766
0.0387354766
0.0387307889
0.0387223634
0.0387154820
0.0386323766
0.0386074547
0.0385982064
0.0385875046
0.0385726534
0.0385695643
0.0385673300
0.0385551539
0.0385538768
0.0385501957
0.0385496922
0.0385269282
0.0385028998
0.0384758565
0.0384757702
0.0384234945
0.0384123710
0.0384123710
0.0384086492
0.0383830249
0.0383830249
0.0383733383
0.0383649340
0.0383416765
0.0383393853
0.0383206841
0.0383206841
0.0382623421
0.0382430789
0.0382381802
0.0380770282
0.0380651878
0.0380651878
0.0380189457
0.0380165265
0.0380130909
0.0380102212
0.0380083312
0.0379992101
0.0379917280
0.0379746809
0.0379609887
0.0379496907
0.0379479946
0.0379473880
0.0379435268
0.0379402477
0.0379296133
0.0379296133
0.0379296133
0.0379215328
0.0379215105
0.0379115061
0.0379115035
0.0379104997
0.0379093095
0.0379062001
0.0379050292
0.0378979677
0.0378718819
0.0378650417
0.0378522235
0.0378497915
0.0378469617
0.0378447489
0.0378382821
0.0378147422
0.0378147422
0.0378144986
0.0378125484
0.0377993885
0.0377830211
0.0377713154
0.0377712416
0.0377646506
0.0377391788
0.0377361725
0.0377361725
0.0377278975
0.0377278975
0.0377208175
0.0377142032
0.0377124396
0.0377103693
0.0377094888
0.0376951087
0.0376874447
0.0376775033
0.0376689957
0.0376345423
0.0376257474
0.0376146703
0.0376142396
0.0376039921
0.0376003593
0.0376003593
0.0375956758
0.0375956758
0.0375904455
0.0375880962
0.0375795722
0.0375619363
0.0375604296
0.0375378312
0.0375350452
0.0375330479
0.0375109583
0.0375109583
0.0375109583
0.0375045275
0.0374997892
0.0374907611
0.0374907582
0.0374812842
0.0374812813
0.0374747089
0.0374744027
0.0374595512
0.0374584258
0.0374492495
0.0374241022
0.0374232490
0.0374139795
0.0374126341
0.0374058362
0.0374056838
0.0373979422
0.0373697624
0.0373652734
0.0373638784
0.0373553915
0.0373422578
0.0373382927
0.0373382927
0.0373341892
0.0373126244
0.0373126244
0.0371648879
0.0371608875
0.0371586468
0.0371559187
0.0371559187
0.0371450097
0.0371249943
0.0371119185
0.0371008895
0.0371008895
0.0370978463
0.0370791245
0.0370647656
0.0370584378
0.0370489196
0.0370210753
0.0370160053
0.0370117348
0.0370102058
0.0370062195
0.0370052789
0.0370049284
0.0369971241
0.0369659119
0.0369475037
0.0369321192
0.0369316766
0.0369002540
0.0368912396
0.0368912396
0.0368899429
0.0368899429
0.0368866244
0.0368840537
0.0368706171
0.0368672986
0.0368622542
0.0368622542
0.0368574755
0.0368574755
0.0368479284
0.0368365140
0.0368324122
0.0368276334
0.0368273719
0.0368142794
0.0368142794
0.0368142794
0.0368142794
0.0367810005
0.0367790455
0.0367790455
0.0367752379
0.0367752379
0.0367546218
0.0367371999
0.0367342156
0.0367319319
0.0367266976
0.0367264206
0.0367241369
0.0367221914
0.0367122262
0.0366789926
0.0366782788
0.0366686026
0.0366686026
0.0366635730
0.0366624970
0.0366508631
0.0365966342
0.0365924083
0.0365869501
0.0365869501
0.0365869501
0.0365790650
0.0365569806
0.0365510634
0.0365381866
0.0365373021
0.0365364175
0.0365253273
0.0365118423
0.0365096166
0.0365061901
0.0365061901
0.0365052369
0.0365001402
0.0364937319
0.0364789487
0.0364770767
0.0364675774
0.0364675774
0.0364326879
0.0364275227
0.0364238708
0.0364217473
0.0364216748
0.0364216748
0.0364204906
0.0363978629
0.0363778678
0.0363748119
0.0363616177
0.0363394867
0.0363327443
0.0363215012
0.0363136223
0.0363105040
0.0363105040
0.0363093778
0.0363090143
0.0363090143
0.0363007416
0.0362998641
0.0362872823
0.0362842313
0.0362628579
0.0362560917
0.0362542539
0.0362312222
0.0362203785
0.0362187481
0.0362182965
0.0362031694
0.0361801200
0.0361756024
0.0361741451
0.0361740396
0.0361587871
0.0361544906
0.0361544906
0.0361449310
0.0361193682
0.0360916856
0.0360688566
0.0360688566
0.0360688566
0.0360604200
0.0360599973
0.0360426727
0.0360383729
0.0360359435
0.0360296517
0.0360239404
0.0360116650
0.0360097468
0.0360073390
0.0360041678
0.0359779045
0.0359728315
0.0359678664
0.0359659180
0.0359659180
0.0359596827
0.0359418860
0.0359327605
0.0359327605
0.0359263519
0.0359082077
0.0359006456
0.0358986972
0.0358891054
0.0358730233
0.0358608319
0.0358599539
0.0358599539
0.0358372729
0.0358217858
0.0358212863
0.0358212863
0.0358212863
0.0358205792
0.0358164156
0.0358150388
0.0358150388
0.0357845516
0.0357829794
0.0357718871
0.0357634230
0.0357491741
0.0357491741
0.0357484962
0.0357149541
0.0357149541
0.0357126791
0.0357126791
0.0357119034
0.0357082722
0.0357078360
0.0356968279
0.0356968279
0.0356868559
0.0356844655
0.0356716150
0.0356716150
0.0356597875
0.0356539709
0.0356433662
0.0356366916
0.0356312495
0.0356307943
0.0356251702
0.0356251374
0.0356234013
0.0356206291
0.0356146018
0.0356092804
0.0356077817
0.0354881740
0.0354881740
0.0354881740
0.0354833000
0.0354808018
0.0354687201
0.0354647792
0.0354591401
0.0354395641
0.0354359185
0.0354193336
0.0353944612
0.0353926228
0.0353804981
0.0353616730
0.0353616730
0.0353616730
0.0353566924
0.0353566924
0.0353557178
0.0353379172
0.0353197391
0.0353197391
0.0353099069
0.0353089199
0.0352921175
0.0352878630
0.0352830359
0.0352729957
0.0352729957
0.0352717917
0.0352673717
0.0352531116
0.0352531116
0.0352444260
0.0352444260
0.0352354560
0.0352343366
0.0352226218
0.0352226218
0.0352183688
0.0352166212
0.0352166212
0.0352142564
0.0352139831
0.0352116360
0.0351733713
0.0351733713
0.0351706084
0.0351668203
0.0351643637
0.0351502257
0.0351472034
0.0351431358
0.0351322270
0.0351288943
0.0351286136
0.0351256294
0.0351248896
0.0350991190
0.0350916980
0.0350906747
0.0350695467
0.0350590536
0.0350520595
0.0350507085
0.0350488978
0.0350466494
0.0350343412
0.0350342916
0.0350339546
0.0350330229
0.0350330229
0.0350292213
0.0350140543
0.0350070351
0.0350005490
0.0349992513
0.0349901940
0.0349853328
0.0349797832
0.0349510346
0.0349274397
0.0349247578
0.0349231975
0.0349203498
0.0349074329
0.0348960107
0.0348955523
0.0348955335
0.0348947490
0.0348893425
0.0348493656
0.0348493469
0.0348424046
0.0348368177
0.0348323087
0.0348094003
0.0347801723
0.0347757364
0.0347750368
0.0347749235
0.0347724249
0.0347585305
0.0347559743
0.0347521504
0.0347507117
0.0347435977
0.0347423045
0.0347416686
0.0347416686
0.0347416498
0.0347405773
0.0347405585
0.0347308952
0.0347291493
0.0347291493
0.0346763586
0.0346742120
0.0346584261
0.0346564967
0.0346551313
0.0346529918
0.0346519544
0.0346489672
0.0346460419
0.0346358553
0.0346358553
0.0346299792
0.0346215613
0.0346091463
0.0346028868
0.0345897744
0.0345865510
0.0345823120
0.0345820431
0.0345661213
0.0345486973
0.0345485392
0.0345463889
0.0345423594
0.0345415899
0.0345265938
0.0345258126
0.0345099749
0.0345075290
0.0345030547
0.0344990864
0.0344968309
0.0344956742
0.0344880713
0.0344821820
0.0344636568
0.0344588593
0.0344534452
0.0344506800
0.0344465970
0.0344425927
0.0344360205
0.0344322634
0.0344322634
0.0344274611
0.0344066642
0.0344038789
0.0344028280
0.0343997189
0.0343865941
0.0343865941
0.0343865941
0.0343680709
0.0343680398
0.0343667121
0.0343560732
0.0343548274
0.0343548274
0.0343526353
0.0343526353
0.0343453893
0.0343407353
0.0343397578
0.0343312008
0.0343308991
0.0343297252
0.0343235626
0.0343235626
0.0343225606
0.0343222898
0.0343222898
0.0343188912
0.0343188912
0.0343152630
0.0343152630
0.0343149373
0.0342958578
0.0342954974
0.0342947069
0.0342932252
0.0342932252
0.0342916409
0.0342911088
0.0342901570
0.0342900312
0.0342887792
0.0342732344
0.0342732344
0.0342723450
0.0342718322
0.0342718322
0.0342437566
0.0342430275
0.0342353450
0.0341970945
0.0341818413
0.0341814310
0.0341651477
0.0341588297
0.0341588297
0.0341548244
0.0341548244
0.0341544217
0.0341471156
0.0341450371
0.0341442194
0.0341436443
0.0341434031
0.0341343272
0.0341264068
0.0341217071
0.0340869042
0.0340869042
0.0340843078
0.0340838874
0.0340696877
0.0340677845
0.0340660139
0.0340651791
0.0340602393
0.0340584324
0.0340584076
0.0340578042
0.0340551286
0.0340516597
0.0340465835
0.0340458323
0.0340387884
0.0340387884
0.0340385665
0.0340384435
0.0340377394
0.0340303796
0.0340096961
0.0340059677
0.0340058842
0.0340022472
0.0339942184
0.0339878735
0.0339878735
0.0339834792
0.0339830770
0.0339738838
0.0339589611
0.0339472685
0.0339472685
0.0339442841
0.0339315376
0.0339315376
0.0339279173
0.0339279173
0.0339134751
0.0339102586
0.0339066418
0.0338868229
0.0338860004
0.0338804637
0.0338763998
0.0338762556
0.0338688491
0.0338561810
0.0338477347
0.0338391809
0.0338356355
0.0338327497
0.0338327497
0.0338301186
0.0338242221
0.0338241361
0.0338181767
0.0338171517
0.0338136605
0.0338041534
0.0337938371
0.0337911264
0.0337908825
0.0337874126
0.0337826395
0.0337826395
0.0337787218
0.0337730955
0.0337635884
0.0337624196
0.0337604453
0.0337479715
0.0337386392
0.0337367996
0.0337341692
0.0337062814
0.0337062814
0.0336774960
0.0336764188
0.0336737773
0.0336734485
0.0336732030
0.0336654393
0.0336652824
0.0336619334
0.0336526584
0.0336433863
0.0336413832
0.0336390273
0.0336193659
0.0336193659
0.0336193151
0.0336091345
0.0336080365
0.0336078796
0.0336021542
0.0336019259
0.0336016314
0.0336014364
0.0335810459
0.0335808381
0.0335763317
0.0335752858
0.0335739094
0.0335720874
0.0335712025
0.0335711517
0.0335656724
0.0335656724
0.0335634852
0.0335625496
0.0335542971
0.0335523674
0.0335334341
0.0335315553
0.0335315553
0.0335106986
0.0335106986
0.0334935845
0.0334929232
0.0334921884
0.0334918103
0.0334918103
0.0334913360
0.0334912127
0.0334802298
0.0334624326
0.0334599146
0.0334594402
0.0334577098
0.0333699794
0.0333593594
0.0333593594
0.0333471026
0.0333403397
0.0333365113
0.0333248713
0.0333154982
0.0333154982
0.0333149466
0.0333109540
0.0333075808
0.0332932536
0.0332929024
0.0332903385
0.0332858957
0.0332774858
0.0332763534
0.0332584634
0.0332573173
0.0332564847
0.0332554370
0.0332551399
0.0332551110
0.0332538070
0.0332517694
0.0332517694
0.0332433917
0.0332368449
0.0332368449
0.0332283820
0.0332283134
0.0332132999
0.0332132999
0.0332115909
0.0332090459
0.0332007315
0.0332005957
0.0332001763
0.0331586031
0.0331582085
0.0331507528
0.0331507528
0.0331114773
0.0330938432
0.0330897243
0.0330893816
0.0330883869
0.0330826657
0.0330678519
0.0330678519
0.0330464508
0.0330448521
0.0330444245
0.0330372914
0.0330372914
0.0330350960
0.0330350960
0.0330294953
0.0330127430
0.0330102653
0.0330054319
0.0330049853
0.0330046038
0.0330046038
0.0330021665
0.0330021665
0.0330001018
0.0329948235
0.0329863447
0.0329856811
0.0329856811
0.0329751939
0.0329743236
0.0329743236
0.0329734274
0.0329719071
0.0329601725
0.0329513543
0.0329466636
0.0329466636
0.0329449153
0.0329435940
0.0329407078
0.0329346112
0.0329165574
0.0329129600
0.0329093193
0.0329093193
0.0329087794
0.0329087794
0.0329087258
0.0329081859
0.0329041204
0.0329029555
0.0329029555
0.0329024255
0.0328739911
0.0328714969
0.0328597673
0.0328501229
0.0328491977
0.0328491977
0.0328448120
0.0328328214
0.0328308391
0.0328219596
0.0328208254
0.0328197014
0.0328197014
0.0328197014
0.0328184979
0.0328100378
0.0328100378
0.0327859263
0.0327830617
0.0327830617
0.0327830617
0.0327830617
0.0327830617
0.0327824688
0.0327805427
0.0327796398
0.0327758759
0.0327757308
0.0327757308
0.0327753855
0.0327750663
0.0327720354
0.0327659846
0.0327647601
0.0327616036
0.0327521118
0.0327521118
0.0327486771
0.0327474388
0.0327425401
0.0327339022
0.0327304167
0.0327299836
0.0327281776
0.0327227597
0.0327188936
0.0327188936
0.0326972516
0.0326868483
0.0326868483
0.0326868483
0.0326833966
0.0326827653
0.0326603986
0.0326552316
0.0326552316
0.0326392716
0.0326392716
0.0326169462
0.0326169462
0.0326169462
0.0326156626
0.0326061293
0.0326061293
0.0326004055
0.0326003871
0.0325999858
0.0325949058
0.0325942043
0.0325941449
0.0325912016
0.0325908677
0.0325908677
0.0325901496
0.0325901496
0.0325842717
0.0325796103
0.0325739596
0.0325677104
0.0325668238
0.0325668238
0.0325600770
0.0325485684
0.0325478536
0.0325383533
0.0325380560
0.0325370892
0.0325145445
0.0325142471
0.0325105144
0.0325084500
0.0325082663
0.0325081293
0.0325081293
0.0325081293
0.0324921742
0.0324868380
0.0324854306
0.0324824084
0.0324703028
0.0324703028
0.0324703028
0.0324703028
0.0324606386
0.0324606386
0.0324397900
0.0324258746
0.0324225403
0.0324221137
0.0324207615
0.0324047037
0.0323803655
0.0323796928
0.0323796928
0.0323761415
0.0323761415
0.0323761415
0.0323737667
0.0323696878
0.0323632415
0.0323632415
0.0323567229
0.0323478155
0.0323311208
0.0323275744
0.0323182093
0.0323182093
0.0323182093
0.0323138486
0.0323124277
0.0323038245
0.0323021513
0.0322826142
0.0322826142
0.0322780373
0.0322718297
0.0322691343
0.0322689891
0.0322689891
0.0322322812
0.0322292451
0.0322292451
0.0322265451
0.0322160153
0.0322160153
0.0322160153
0.0322153013
0.0322093784
0.0322066476
0.0322017364
0.0321995549
0.0321992074
0.0321987018
0.0321885380
0.0321880324
0.0321707163
0.0321687313
0.0321529654
0.0321487566
0.0321431749
0.0321420019
0.0321405968
0.0321405968
0.0321385932
0.0321332486
0.0321332486
0.0321301195
0.0321259052
0.0321186016
0.0321186016
0.0321183895
0.0321127673
0.0320882114
0.0320882114
0.0320882114
0.0320882114
0.0320881360
0.0320816969
0.0320757546
0.0320748705
0.0320682348
0.0320601851
0.0320601456
0.0320601456
0.0320597025
0.0320552346
0.0320551352
0.0320551352
0.0320507239
0.0320491706
0.0320491026
0.0320473532
0.0320312097
0.0320311416
0.0320190908
0.0320187027
0.0320068527
0.0320068527
0.0319928870
0.0319922001
0.0319909988
0.0319907541
0.0319907541
0.0319800247
0.0319798007
0.0319798007
0.0319798007
0.0319717018
0.0319696849
0.0319615953
0.0319601781
0.0319553511
0.0319429036
0.0319428370
0.0319389749
0.0319389749
0.0319324308
0.0319296121
0.0319283701
0.0319123017
0.0319077953
0.0319057645
0.0318948009
0.0318894532
0.0318870275
0.0318845547
0.0318843283
0.0318818406
0.0318787956
0.0318750393
0.0318695065
0.0318655792
0.0318583411
0.0318425044
0.0318327509
0.0318324039
0.0318322432
0.0318292606
0.0318048487
0.0318041436
0.0318006550
0.0318006550
0.0317881665
0.0317806779
0.0317792468
0.0317792468
0.0317792468
0.0317782848
0.0317685884
0.0317616472
0.0317616472
0.0317616472
0.0317614204
0.0317605793
0.0317571892
0.0317501169
0.0317426415
0.0317426415
0.0317426415
0.0317426415
0.0317181496
0.0317166591
0.0317001117
0.0316988009
0.0316988009
0.0316980870
0.0316967737
0.0316926030
0.0316904875
0.0316858023
0.0316858023
0.0316841575
0.0316841575
0.0316841575
0.0316840340
0.0316837024
0.0316785239
0.0316773676
0.0316480756
0.0316480756
0.0316480756
0.0316480756
0.0316172595
0.0315990970
0.0315990970
0.0315927844
0.0315927844
0.0315927844
0.0315927321
0.0315906130
0.0315887927
0.0315886428
0.0315855475
0.0315850030
0.0315828849
0.0315803273
0.0315801549
0.0315764258
0.0315764258
0.0315755992
0.0315752290
0.0315751744
0.0315751130
0.0315684631
0.0315684631
0.0315673486
0.0315663018
0.0315644259
0.0315411356
0.0315385314
0.0315362511
0.0315353136
0.0315347781
0.0315304327
0.0315229936
0.0315216463
0.0315131931
0.0315122841
0.0315119340
0.0315080059
0.0315080059
0.0315072444
0.0314903419
0.0314852265
0.0314804429
0.0314801578
0.0314778959
0.0314600735
0.0314597880
0.0314536134
0.0314530181
0.0314414598
0.0314341704
0.0314289914
0.0314273334
0.0314264506
0.0314221996
0.0314128748
0.0314113247
0.0314041081
0.0314040341
0.0314019893
0.0314019893
0.0314019893
0.0313574454
0.0313564863
0.0313420182
0.0313351446
0.0313340612
0.0313297012
0.0313287924
0.0313287924
0.0313244958
0.0313218922
0.0313158031
0.0313156133
0.0313148943
0.0313148943
0.0313148943
0.0313118886
0.0313101409
0.0313090101
0.0313086881
0.0313086881
0.0313084411
0.0313012558
0.0312973232
0.0312918307
0.0312884561
0.0312795386
0.0312757935
0.0312748657
0.0312748657
0.0312480074
0.0312464441
0.0312448387
0.0312350236
0.0312342491
0.0312316524
0.0312306571
0.0312295807
0.0312282432
0.0312282432
0.0312266248
0.0312266248
0.0312265255
0.0312264865
0.0312251513
0.0312251513
0.0312106644
0.0312106644
0.0312089056
0.0312045944
0.0312045633
0.0312037169
0.0312024463
0.0312021622
0.0312009424
0.0312006234
0.0312005923
0.0311994513
0.0311994513
0.0311966112
0.0311957673
0.0311957673
0.0311769426
0.0311769426
0.0311739674
0.0311739674
0.0311725064
0.0311715677
0.0311714892
0.0311641091
0.0311618883
0.0311618883
0.0311618883
0.0311604273
0.0311567022
0.0311567022
0.0311541048
0.0311537486
0.0311499992
0.0311453776
0.0311353500
0.0311334961
0.0311334961
0.0311330789
0.0311330789
0.0311319855
0.0311304229
0.0311294982
0.0311270325
0.0311268709
0.0311268709
0.0311238122
0.0311238122
0.0311236272
0.0311226004
0.0311213975
0.0311134736
0.0311132710
0.0310984519
0.0310894361
0.0310874160
0.0310786000
0.0310755816
0.0310747630
0.0310712231
0.0310712231
0.0310712071
0.0310712071
0.0310650687
0.0310606927
0.0310604242
0.0310603720
0.0310603310
0.0310436464
0.0310436464
0.0310392579
0.0310362842
0.0310348397
0.0310284837
0.0310249135
0.0310248725
0.0310246779
0.0310239828
0.0310239828
0.0310208150
0.0310208150
0.0310166556
0.0310166194
0.0310166194
0.0310134479
0.0310134479
0.0310134479
0.0310127126
0.0310105527
0.0310105527
0.0310082183
0.0310053196
0.0310053196
0.0310053196
0.0310000000
0.0310000000
0.0310000000
0.0310000000
0.0310000000
0.0310000000
0.0310000000
0.0310000000
0.0310000000
0.0310000000
0.0310000000
0.0310000000
0.0310000000
0.0310000000
0.0310000000
0.0310000000
0.0310000000
0.0310000000
0.0310000000
0.0310000000
0.0310000000
0.0310000000
0.0310000000
0.0310000000
0.0310000000
0.0310000000
0.0310000000
0.0310000000
0.0310000000
0.0310000000
0.0310000000
0.0310000000
0.0310000000
0.0310000000
0.0310000000
0.0310000000
0.0310000000
0.0310000000
0.0310000000
0.0310000000
0.0310000000
0.0310000000
0.0310000000
0.0310000000
0.0310000000
0.0310000000
0.0310000000
0.0310000000
0.0310000000
0.0310000000
0.0310000000
0.0310000000
0.0310000000
0.0310000000
0.0310000000
0.0310000000
0.0310000000
0.0310000000
0.0310000000
0.0310000000
0.0310000000
0.0310000000
0.0310000000
0.0310000000
0.0310000000
0.0310000000
0.0310000000
0.0310000000
0.0310000000
0.0310000000
0.0310000000
0.0310000000
0.0310000000
0.0310000000
0.0310000000
0.0310000000
0.0310000000
0.0310000000
0.0310000000
0.0310000000
0.0310000000
0.0310000000
0.0310000000
0.0310000000
0.0310000000
0.0310000000
0.0310000000
0.0310000000
0.0310000000
0.0310000000
0.0310000000
0.0310000000
0.0310000000
0.0310000000
0.0310000000
0.0310000000
0.0310000000
0.0310000000
0.0310000000
0.0310000000
0.0310000000
0.0310000000
0.0310000000
0.0310000000
0.0310000000
0.0310000000
0.0310000000
0.0310000000
0.0310000000
0.0310000000
0.0310000000
0.0310000000
0.0310000000
0.0310000000
0.0310000000
0.0310000000
0.0310000000
0.0310000000
0.0310000000
0.0310000000
0.0310000000
0.0310000000
0.0310000000
0.0310000000
0.0310000000
0.0310000000
0.0310000000
0.0310000000
0.0310000000
0.0310000000
0.0310000000
0.0310000000
0.0310000000
0.0310000000
0.0310000000
0.0310000000
0.0310000000
0.0310000000
0.0310000000
0.0310000000
0.0310000000
0.0310000000
0.0310000000
0.0310000000
0.0310000000
0.0310000000
0.0310000000
0.0310000000
0.0310000000
0.0310000000
0.0310000000
0.0310000000
0.0310000000
0.0310000000
0.0310000000
0.0310000000
0.0310000000
0.0310000000
0.0310000000
0.0310000000
0.0310000000
0.0310000000
0.0310000000
0.0310000000
0.0310000000
0.0310000000
0.0310000000
0.0310000000
0.0310000000
0.0310000000
0.0310000000
0.0310000000
0.0310000000
0.0310000000
0.0310000000
0.0310000000
0.0310000000
0.0310000000
0.0310000000
0.0310000000
0.0310000000
0.0310000000
0.0310000000
0.0310000000
0.0310000000
0.0310000000
0.0310000000
0.0310000000
0.0310000000
0.0310000000
0.0310000000
0.0310000000
0.0310000000
0.0310000000
0.0310000000
0.0310000000
0.0310000000
0.0310000000
0.0310000000
0.0310000000
0.0310000000
0.0310000000
0.0310000000
0.0310000000
0.0310000000
0.0310000000
0.0310000000
0.0310000000
0.0310000000
0.0310000000
0.0310000000
0.0310000000
0.0310000000
0.0310000000
0.0310000000
0.0310000000
0.0310000000
0.0310000000
0.0310000000
0.0310000000
0.0310000000
0.0310000000
0.0310000000
0.0310000000
0.0310000000
0.0310000000
0.0310000000
0.0310000000
0.0310000000
0.0310000000
0.0310000000
0.0310000000
0.0310000000
0.0310000000
0.0310000000
0.0310000000
0.0310000000
0.0310000000
0.0310000000
0.0310000000
0.0310000000
0.0310000000
0.0310000000
0.0310000000
0.0310000000
0.0310000000
0.0310000000
0.0310000000
0.0310000000
0.0310000000
0.0310000000
0.0310000000
0.0310000000
0.0310000000
0.0310000000
0.0310000000
0.0310000000
0.0310000000
0.0310000000
0.0310000000
0.0310000000
0.0310000000
0.0310000000
0.0310000000
0.0310000000
0.0310000000
0.0310000000
0.0310000000
0.0310000000
0.0310000000
0.0310000000
0.0310000000
0.0310000000
0.0310000000
0.0310000000
0.0310000000
0.0310000000
0.0310000000
0.0310000000
0.0310000000
0.0310000000
0.0310000000
0.0310000000
0.0310000000
0.0310000000
0.0310000000
0.0310000000
0.0310000000
0.0310000000
0.0310000000
0.0310000000
0.0310000000
0.0310000000
0.0310000000
0.0310000000
0.0310000000
0.0310000000
0.0310000000
0.0310000000
0.0310000000
0.0310000000
0.0310000000
0.0310000000
0.0310000000
0.0310000000
0.0310000000
0.0310000000
0.0310000000
0.0310000000
0.0310000000
0.0310000000
0.0310000000
0.0310000000
0.0310000000
0.0310000000
0.0310000000
0.0310000000
0.0310000000
0.0310000000
0.0310000000
0.0310000000
0.0310000000
0.0310000000
0.0310000000
0.0310000000
0.0310000000
0.0310000000
0.0310000000
0.0310000000
0.0310000000
0.0310000000
0.0310000000
0.0310000000
0.0310000000
0.0310000000
0.0310000000
0.0310000000
0.0310000000
0.0310000000
0.0310000000
0.0310000000
0.0310000000
0.0310000000
0.0310000000
0.0310000000
0.0310000000
0.0310000000
0.0310000000
0.0310000000
0.0310000000
0.0310000000
0.0310000000
0.0310000000
0.0310000000
0.0310000000
0.0310000000
0.0310000000
0.0310000000
0.0310000000
0.0310000000
0.0310000000
0.0310000000
0.0310000000
0.0310000000
0.0310000000
0.0310000000
0.0310000000
0.0310000000
0.0310000000
0.0310000000
0.0310000000
0.0310000000
0.0310000000
0.0310000000
0.0310000000
0.0310000000
0.0310000000
0.0310000000
0.0310000000
0.0310000000
0.0310000000
0.0310000000
0.0310000000
0.0310000000
0.0310000000
0.0310000000
0.0310000000
0.0310000000
0.0310000000
0.0310000000
0.0310000000
0.0310000000
0.0310000000
0.0310000000
0.0310000000
0.0310000000
0.0310000000
0.0310000000
0.0310000000
0.0310000000
0.0310000000
0.0310000000
0.0310000000
0.0310000000
0.0310000000
0.0310000000
0.0310000000
0.0310000000
0.0310000000
0.0310000000
0.0310000000
0.0310000000
0.0310000000
0.0310000000
0.0310000000
0.0310000000
0.0310000000
0.0310000000
0.0310000000
0.0310000000
0.0310000000
0.0310000000
0.0310000000
0.0310000000
0.0310000000
0.0310000000
0.0310000000
0.0310000000
0.0310000000
0.0310000000
0.0310000000
0.0310000000
0.0310000000
0.0310000000
0.0310000000
0.0310000000
0.0310000000
0.0310000000
0.0310000000
0.0310000000
0.0310000000
0.0310000000
0.0310000000
0.0310000000
0.0310000000
0.0310000000
0.0310000000
0.0310000000
0.0310000000
0.0310000000
0.0310000000
0.0310000000
0.0310000000
0.0310000000
0.0310000000
0.0310000000
0.0310000000
0.0310000000
0.0310000000
0.0310000000
0.0310000000
0.0310000000
0.0310000000
0.0310000000
0.0310000000
0.0310000000
0.0310000000
0.0310000000
0.0310000000
0.0310000000
0.0310000000
0.0310000000
0.0310000000
0.0310000000
0.0310000000
0.0310000000
0.0310000000
0.0310000000
0.0310000000
0.0310000000
0.0310000000
0.0310000000
0.0310000000
0.0310000000
0.0310000000
0.0310000000
0.0310000000
0.0310000000
0.0310000000
0.0310000000
0.0310000000
0.0310000000
0.0310000000
0.0310000000
0.0310000000
0.0310000000
0.0310000000
0.0310000000
0.0310000000
0.0310000000
0.0310000000
0.0310000000
0.0310000000
0.0310000000
0.0310000000
0.0310000000
0.0310000000
0.0310000000
0.0310000000
0.0310000000
0.0310000000
0.0310000000
0.0310000000
0.0310000000
0.0310000000
0.0310000000
0.0310000000
0.0310000000
0.0310000000
0.0310000000
0.0310000000
0.0310000000
0.0310000000
0.0310000000
0.0310000000
0.0310000000
0.0310000000
0.0310000000
0.0310000000
0.0310000000
0.0310000000
0.0310000000
0.0310000000
0.0310000000
0.0310000000
0.0310000000
0.0310000000
0.0310000000
0.0310000000
0.0310000000
0.0310000000
0.0310000000
0.0310000000
0.0310000000
0.0310000000
0.0310000000
0.0310000000
0.0310000000
0.0310000000
0.0310000000
0.0310000000
0.0310000000
0.0310000000
0.0310000000
0.0310000000
0.0310000000
0.0310000000
0.0310000000
0.0310000000
0.0310000000
0.0310000000
0.0310000000
0.0310000000
0.0310000000
0.0310000000
0.0310000000
0.0310000000
0.0310000000
0.0310000000
0.0310000000
0.0310000000
0.0310000000
0.0310000000
0.0310000000
0.0310000000
0.0310000000
0.0310000000
0.0310000000
0.0310000000
0.0310000000
0.0310000000
0.0310000000
0.0310000000
0.0310000000
0.0310000000
0.0310000000
0.0310000000
0.0310000000
0.0310000000
0.0310000000
0.0310000000
0.0310000000
0.0310000000
0.0310000000
0.0310000000
0.0310000000
0.0310000000
0.0310000000
0.0310000000
0.0310000000
0.0310000000
0.0310000000
0.0310000000
0.0310000000
0.0310000000
0.0310000000
0.0310000000
0.0310000000
0.0310000000
0.0310000000
0.0310000000
0.0310000000
0.0310000000
0.0310000000
0.0310000000
0.0310000000
0.0310000000
0.0310000000
0.0310000000
0.0310000000
0.0310000000
0.0310000000
0.0310000000
0.0310000000
0.0310000000
0.0310000000
0.0310000000
0.0310000000
0.0310000000
0.0310000000
0.0310000000
0.0310000000
0.0310000000
0.0310000000
0.0310000000
0.0310000000
0.0310000000
0.0310000000
0.0310000000
0.0310000000
0.0310000000
0.0310000000
0.0310000000
0.0310000000
0.0310000000
0.0310000000
0.0310000000
0.0310000000
0.0310000000
0.0310000000
0.0310000000
0.0310000000
0.0310000000
0.0310000000
0.0310000000
0.0310000000
0.0310000000
0.0310000000
0.0310000000
0.0310000000
0.0310000000
0.0310000000
0.0310000000
0.0310000000
0.0310000000
0.0310000000
0.0310000000
0.0310000000
0.0310000000
0.0310000000
0.0310000000
0.0310000000
0.0310000000
0.0310000000
0.0310000000
0.0310000000
0.0310000000
0.0310000000
0.0310000000
0.0310000000
0.0310000000
0.0310000000
0.0310000000
0.0310000000
0.0310000000
0.0310000000
0.0310000000
0.0310000000
0.0310000000
0.0310000000
0.0310000000
0.0310000000
0.0310000000
0.0310000000
0.0310000000
0.0310000000
0.0310000000
0.0310000000
0.0310000000
0.0310000000
0.0310000000
0.0310000000
0.0310000000
0.0310000000
0.0310000000
0.0310000000
0.0310000000
0.0310000000
0.0310000000
0.0310000000
0.0310000000
0.0310000000
0.0310000000
0.0310000000
0.0310000000
0.0310000000
0.0310000000
0.0310000000
0.0310000000
0.0310000000
0.0310000000
0.0310000000
0.0310000000
0.0310000000
0.0310000000
0.0310000000
0.0310000000
0.0310000000
0.0310000000
0.0310000000
0.0310000000
0.0310000000
0.0310000000
0.0310000000
0.0310000000
0.0310000000
0.0310000000
0.0310000000
0.0310000000
0.0310000000
0.0310000000
0.0310000000
0.0310000000
0.0310000000
0.0310000000
0.0310000000
0.0310000000
0.0310000000
0.0310000000
0.0310000000
0.0310000000
0.0310000000
0.0310000000
0.0310000000
0.0310000000
0.0310000000
0.0310000000
0.0310000000
0.0310000000
0.0310000000
0.0310000000
0.0310000000
0.0310000000
0.0310000000
0.0310000000
0.0310000000
0.0310000000
0.0310000000
0.0310000000
0.0310000000
0.0310000000
0.0310000000
0.0310000000
0.0310000000
0.0310000000
0.0310000000
0.0310000000
0.0310000000
0.0310000000
0.0310000000
0.0310000000
0.0310000000
0.0310000000
0.0310000000
0.0310000000
0.0310000000
0.0310000000
0.0310000000
0.0310000000
0.0310000000
0.0310000000
0.0310000000
0.0310000000
0.0310000000
0.0310000000
0.0310000000
0.0310000000
0.0310000000
0.0310000000
0.0310000000
0.0310000000
0.0310000000
0.0310000000
0.0310000000
0.0310000000
0.0310000000
0.0310000000
0.0310000000
0.0310000000
0.0310000000
0.0310000000
0.0310000000
0.0310000000
0.0310000000
0.0310000000
0.0310000000
0.0310000000
0.0310000000
0.0310000000
0.0310000000
0.0310000000
0.0310000000
0.0310000000
0.0310000000
0.0310000000
0.0310000000
0.0310000000
0.0310000000
0.0310000000
0.0310000000
0.0310000000
0.0310000000
0.0310000000
0.0310000000
0.0310000000
0.0310000000
0.0310000000
0.0310000000
0.0310000000
0.0310000000
0.0310000000
0.0310000000
0.0310000000
0.0310000000
0.0310000000
0.0310000000
0.0310000000
0.0310000000
0.0310000000
0.0310000000
0.0310000000
0.0310000000
0.0310000000
0.0310000000
0.0310000000
0.0310000000
0.0310000000
0.0310000000
0.0310000000
0.0310000000
0.0310000000
0.0310000000
0.0310000000
0.0310000000
0.0310000000
0.0310000000
0.0310000000
0.0310000000
0.0310000000
0.0310000000
0.0310000000
0.0310000000
0.0310000000
0.0310000000
0.0310000000
0.0310000000
0.0310000000
0.0310000000
0.0310000000
0.0310000000
0.0310000000
0.0310000000
0.0310000000
0.0310000000
0.0310000000
0.0310000000
0.0310000000
0.0310000000
0.0310000000
0.0310000000
0.0310000000
0.0310000000
0.0310000000
0.0310000000
0.0310000000
0.0310000000
0.0310000000
0.0310000000
0.0310000000
0.0310000000
0.0310000000
0.0310000000
0.0310000000
0.0310000000
0.0310000000
0.0310000000
0.0310000000
0.0310000000
0.0310000000
0.0310000000
0.0310000000
0.0310000000
0.0310000000
0.0310000000
0.0310000000
0.0310000000
0.0310000000
0.0310000000
0.0310000000
0.0310000000
0.0310000000
0.0310000000
0.0310000000
0.0310000000
0.0310000000
0.0310000000
0.0310000000
0.0310000000
0.0310000000
0.0310000000
0.0310000000
0.0310000000
0.0310000000
0.0310000000
0.0310000000
0.0310000000
0.0310000000
0.0310000000
0.0310000000
0.0310000000
0.0310000000
0.0310000000
0.0310000000
0.0310000000
0.0310000000
0.0310000000
0.0310000000
0.0310000000
0.0310000000
0.0310000000
0.0310000000
0.0310000000
0.0310000000
0.0310000000
0.0310000000
0.0310000000
0.0310000000
0.0310000000
0.0310000000
0.0310000000
0.0310000000
0.0310000000
0.0310000000
0.0310000000
0.0310000000
0.0310000000
0.0310000000
0.0310000000
0.0310000000
0.0310000000
0.0310000000
0.0310000000
0.0310000000
0.0310000000
0.0310000000
0.0310000000
0.0310000000
0.0310000000
0.0310000000
0.0310000000
0.0310000000
0.0310000000
0.0310000000
0.0310000000
0.0310000000
0.0310000000
0.0310000000
0.0310000000
0.0310000000
0.0310000000
0.0310000000
0.0310000000
0.0310000000
0.0310000000
0.0310000000
0.0310000000
0.0310000000
0.0310000000
0.0310000000
0.0310000000
0.0310000000
0.0310000000
0.0310000000
0.0310000000
0.0310000000
0.0310000000
0.0310000000
0.0310000000
0.0310000000
0.0310000000
0.0310000000
0.0310000000
0.0310000000
0.0310000000
0.0310000000
0.0310000000
0.0310000000
0.0310000000
0.0310000000
0.0310000000
0.0310000000
0.0310000000
0.0310000000
0.0310000000
0.0310000000
0.0310000000
0.0310000000
0.0310000000
0.0310000000
0.0310000000
0.0310000000
0.0310000000
0.0310000000
0.0310000000
0.0310000000
0.0310000000
0.0310000000
0.0310000000
0.0310000000
0.0310000000
0.0310000000
0.0310000000
0.0310000000
0.0310000000
0.0310000000
0.0310000000
0.0310000000
0.0310000000
0.0310000000
0.0310000000
0.0310000000
0.0310000000
0.0310000000
0.0310000000
0.0310000000
0.0310000000
0.0310000000
0.0310000000
0.0310000000
0.0310000000
0.0310000000
0.0310000000
0.0310000000
0.0310000000
0.0310000000
0.0310000000
0.0310000000
0.0310000000
0.0310000000
0.0310000000
0.0310000000
0.0310000000
0.0310000000
0.0310000000
0.0310000000
0.0310000000
0.0310000000
0.0310000000
0.0310000000
0.0310000000
0.0310000000
0.0310000000
0.0310000000
0.0310000000
0.0310000000
0.0310000000
0.0310000000
0.0310000000
0.0310000000
0.0310000000
0.0310000000
0.0310000000
0.0310000000
0.0310000000
0.0310000000
0.0310000000
0.0310000000
0.0310000000
0.0310000000
0.0310000000
0.0310000000
0.0310000000
0.0310000000
0.0310000000
0.0310000000
0.0310000000
0.0310000000
0.0310000000
0.0310000000
0.0310000000
0.0310000000
0.0310000000
0.0310000000
0.0310000000
0.0310000000
0.0310000000
0.0310000000
0.0310000000
0.0310000000
0.0310000000
0.0310000000
0.0310000000
0.0310000000
0.0310000000
0.0310000000
0.0310000000
0.0310000000
0.0310000000
0.0310000000
0.0310000000
0.0310000000
0.0310000000
0.0310000000
0.0310000000
0.0310000000
0.0310000000
0.0310000000
0.0310000000
0.0310000000
0.0310000000
0.0310000000
0.0310000000
0.0310000000
0.0310000000
0.0310000000
0.0310000000
0.0310000000
0.0310000000
0.0310000000
0.0310000000
0.0310000000
0.0310000000
0.0310000000
0.0310000000
0.0310000000
0.0310000000
0.0310000000
0.0310000000
0.0310000000
0.0310000000
0.0310000000
0.0310000000
0.0310000000
0.0310000000
0.0310000000
0.0310000000
0.0310000000
0.0310000000
0.0310000000
0.0310000000
0.0310000000
0.0310000000
0.0310000000
0.0310000000
0.0310000000
0.0310000000
0.0310000000
0.0310000000
0.0310000000
0.0310000000
0.0310000000
0.0310000000
0.0310000000
0.0310000000
0.0310000000
0.0310000000
0.0310000000
0.0310000000
0.0310000000
0.0310000000
0.0310000000
0.0310000000
0.0310000000
0.0310000000
0.0310000000
0.0310000000
0.0310000000
0.0310000000
0.0310000000
0.0310000000
0.0310000000
0.0310000000
0.0310000000
0.0310000000
0.0310000000
0.0310000000
0.0310000000
0.0310000000
0.0310000000
0.0310000000
0.0310000000
0.0310000000
0.0310000000
0.0310000000
0.0310000000
0.0310000000
0.0310000000
0.0310000000
0.0310000000
0.0310000000
0.0310000000
0.0310000000
0.0310000000
0.0310000000
0.0310000000
0.0310000000
0.0310000000
0.0310000000
0.0310000000
0.0310000000
0.0310000000
0.0310000000
0.0310000000
0.0310000000
0.0310000000
0.0310000000
0.0310000000
0.0310000000
0.0310000000
0.0310000000
0.0310000000
0.0310000000
0.0310000000
0.0310000000
0.0310000000
0.0310000000
0.0310000000
0.0310000000
0.0310000000
0.0310000000
0.0310000000
0.0310000000
0.0310000000
0.0310000000
0.0310000000
0.0310000000
0.0310000000
0.0310000000
0.0310000000
0.0310000000
0.0310000000
0.0310000000
0.0310000000
0.0310000000
0.0310000000
0.0310000000
0.0310000000
0.0310000000
0.0310000000
0.0310000000
0.0310000000
0.0310000000
0.0310000000
0.0310000000
0.0310000000
0.0310000000
0.0310000000
0.0310000000
0.0310000000
0.0310000000
0.0310000000
0.0310000000
0.0310000000
0.0310000000
0.0310000000
0.0310000000
0.0310000000
0.0310000000
0.0310000000
0.0310000000
0.0310000000
0.0310000000
0.0310000000
0.0310000000
0.0310000000
0.0310000000
0.0310000000
0.0310000000
0.0310000000
0.0310000000
0.0310000000
0.0310000000
0.0310000000
0.0310000000
0.0310000000
0.0310000000
0.0310000000
0.0310000000
0.0310000000
0.0310000000
0.0310000000
0.0310000000
0.0310000000
0.0310000000
0.0310000000
0.0310000000
0.0310000000
0.0310000000
0.0310000000
0.0310000000
0.0310000000
0.0310000000
0.0310000000
0.0310000000
0.0310000000
0.0310000000
0.0310000000
0.0310000000
0.0310000000
0.0310000000
0.0310000000
0.0310000000
0.0310000000
0.0310000000
0.0310000000
0.0310000000
0.0310000000
0.0310000000
0.0310000000
0.0310000000
0.0310000000
0.0310000000
0.0310000000
0.0310000000
0.0310000000
0.0310000000
0.0310000000
0.0310000000
0.0310000000
0.0310000000
0.0310000000
0.0310000000
0.0310000000
0.0310000000
0.0310000000
0.0310000000
0.0310000000
0.0310000000
0.0310000000
0.0310000000
0.0310000000
0.0310000000
0.0310000000
0.0310000000
0.0310000000
0.0310000000
0.0310000000
0.0310000000
0.0310000000
0.0310000000
0.0310000000
0.0310000000
0.0310000000
0.0310000000
0.0310000000
0.0310000000
0.0310000000
0.0310000000
0.0310000000
0.0310000000
0.0310000000
0.0310000000
0.0310000000
0.0310000000
0.0310000000
0.0310000000
0.0310000000
0.0310000000
0.0310000000
0.0310000000
0.0310000000
0.0310000000
0.0310000000
0.0310000000
0.0310000000
0.0310000000
0.0310000000
0.0310000000
0.0310000000
0.0310000000
0.0310000000
0.0310000000
0.0310000000
0.0310000000
0.0310000000
0.0310000000
0.0310000000
0.0310000000
0.0310000000
0.0310000000
0.0310000000
0.0310000000
0.0310000000
0.0310000000
0.0310000000
0.0310000000
0.0310000000
0.0310000000
0.0310000000
0.0310000000
0.0310000000
0.0310000000
0.0310000000
0.0310000000
0.0310000000
0.0310000000
0.0310000000
0.0310000000
0.0310000000
0.0310000000
0.0310000000
0.0310000000
0.0310000000
0.0310000000
0.0310000000
0.0310000000
0.0310000000
0.0310000000
0.0310000000
0.0310000000
0.0310000000
0.0310000000
0.0310000000
0.0310000000
0.0310000000
0.0310000000
0.0310000000
0.0310000000
0.0310000000
0.0310000000
0.0310000000
0.0310000000
0.0310000000
0.0310000000
0.0310000000
0.0310000000
0.0310000000
0.0310000000
0.0310000000
0.0310000000
0.0310000000
0.0310000000
0.0310000000
0.0310000000
0.0310000000
0.0310000000
0.0310000000
0.0310000000
0.0310000000
0.0310000000
0.0310000000
0.0310000000
0.0310000000
0.0310000000
0.0310000000
0.0310000000
0.0310000000
0.0310000000
0.0310000000
0.0310000000
0.0310000000
0.0310000000
0.0310000000
0.0310000000
0.0310000000
0.0310000000
0.0310000000
0.0310000000
0.0310000000
0.0310000000
0.0310000000
0.0310000000
0.0310000000
0.0310000000
0.0310000000
0.0310000000
0.0310000000
0.0310000000
0.0310000000
0.0310000000
0.0310000000
0.0310000000
0.0310000000
0.0310000000
0.0310000000
0.0310000000
0.0310000000
0.0310000000
0.0310000000
0.0310000000
0.0310000000
0.0310000000
0.0310000000
0.0310000000
0.0310000000
0.0310000000
0.0310000000
0.0310000000
0.0310000000
0.0310000000
0.0310000000
0.0310000000
0.0310000000
0.0310000000
0.0310000000
0.0310000000
0.0310000000
0.0310000000
0.0310000000
0.0310000000
0.0310000000
0.0310000000
0.0310000000
0.0310000000
0.0310000000
0.0310000000
0.0310000000
0.0310000000
0.0310000000
0.0310000000
0.0310000000
0.0310000000
0.0310000000
0.0310000000
0.0310000000
0.0310000000
0.0310000000
0.0310000000
0.0310000000
0.0310000000
0.0310000000
0.0310000000
0.0310000000
0.0310000000
0.0310000000
0.0310000000
0.0310000000
0.0310000000
0.0310000000
0.0310000000
0.0310000000
0.0310000000
0.0310000000
0.0310000000
0.0310000000
0.0310000000
0.0310000000
0.0310000000
0.0310000000
0.0310000000
0.0310000000
0.0310000000
0.0310000000
0.0310000000
0.0310000000
0.0310000000
0.0310000000
0.0310000000
0.0310000000
0.0310000000
0.0310000000
0.0310000000
0.0310000000
0.0310000000
0.0310000000
0.0310000000
0.0310000000
0.0310000000
0.0310000000
0.0310000000
0.0310000000
0.0310000000
0.0310000000
0.0310000000
0.0310000000
0.0310000000
0.0310000000
0.0310000000
0.0310000000
0.0310000000
0.0310000000
0.0310000000
0.0310000000
0.0310000000
0.0310000000
0.0310000000
0.0310000000
0.0310000000
0.0310000000
0.0310000000
0.0310000000
0.0310000000
0.0310000000
0.0310000000
0.0310000000
0.0310000000
0.0310000000
0.0310000000
0.0310000000
0.0310000000
0.0310000000
0.0310000000
0.0310000000
0.0310000000
0.0310000000
0.0310000000
0.0310000000
0.0310000000
0.0310000000
0.0310000000
0.0310000000
0.0310000000
0.0310000000
0.0310000000
0.0310000000
0.0310000000
0.0310000000
0.0310000000
0.0310000000
0.0310000000
0.0310000000
0.0310000000
0.0310000000
0.0310000000
0.0310000000
0.0310000000
0.0310000000
0.0310000000
0.0310000000
0.0310000000
0.0310000000
0.0310000000
0.0310000000
0.0310000000
0.0310000000
0.0310000000
0.0310000000
0.0310000000
0.0310000000
0.0310000000
0.0310000000
0.0310000000
0.0310000000
0.0310000000
0.0310000000
0.0310000000
0.0310000000
0.0310000000
0.0310000000
0.0310000000
0.0310000000
0.0310000000
0.0310000000
0.0310000000
0.0310000000
0.0310000000
0.0310000000
0.0310000000
0.0310000000
0.0310000000
0.0310000000
0.0310000000
0.0310000000
0.0310000000
0.0310000000
0.0310000000
0.0310000000
0.0310000000
0.0310000000
0.0310000000
0.0310000000
0.0310000000
0.0310000000
0.0310000000
0.0310000000
0.0310000000
0.0310000000
0.0310000000
0.0310000000
0.0310000000
0.0310000000
0.0310000000
0.0310000000
0.0310000000
0.0310000000
0.0310000000
0.0310000000
0.0310000000
0.0310000000
0.0310000000
0.0310000000
0.0310000000
0.0310000000
0.0310000000
0.0310000000
0.0310000000
0.0310000000
0.0310000000
0.0310000000
0.0310000000
0.0310000000
0.0310000000
0.0310000000
0.0310000000
0.0310000000
0.0310000000
0.0310000000
0.0310000000
0.0310000000
0.0310000000
0.0310000000
0.0310000000
0.0310000000
0.0310000000
0.0310000000
0.0310000000
0.0310000000
0.0310000000
0.0310000000
0.0310000000
0.0310000000
0.0310000000
0.0310000000
0.0310000000
0.0310000000
0.0310000000
0.0310000000
0.0310000000
0.0310000000
0.0310000000
0.0310000000
0.0310000000
0.0310000000
0.0310000000
0.0310000000
0.0310000000
0.0310000000
0.0310000000
0.0310000000
0.0310000000
0.0310000000
0.0310000000
0.0310000000
0.0310000000
0.0310000000
0.0310000000
0.0310000000
0.0310000000
0.0310000000
0.0310000000
0.0310000000
0.0310000000
0.0310000000
0.0310000000
0.0310000000
0.0310000000
0.0310000000
0.0310000000
0.0310000000
0.0310000000
0.0310000000
0.0310000000
0.0310000000
0.0310000000
0.0310000000
0.0310000000
0.0310000000
0.0310000000
0.0310000000
0.0310000000
0.0310000000
0.0310000000
0.0310000000
0.0310000000
0.0310000000
0.0310000000
0.0310000000
0.0310000000
0.0310000000
0.0310000000
0.0310000000
0.0310000000
0.0310000000
0.0310000000
0.0310000000
0.0310000000
0.0310000000
0.0310000000
0.0310000000
0.0310000000
0.0310000000
0.0310000000
0.0310000000
0.0310000000
0.0310000000
0.0310000000
0.0310000000
0.0310000000
0.0310000000
0.0310000000
0.0310000000
0.0310000000
0.0310000000
0.0310000000
0.0310000000
0.0310000000
0.0310000000
0.0310000000
0.0310000000
0.0310000000
0.0310000000
0.0310000000
0.0310000000
0.0310000000
0.0310000000
0.0310000000
0.0310000000
0.0310000000
0.0310000000
0.0310000000
0.0310000000
0.0310000000
0.0310000000
0.0310000000
0.0310000000
0.0310000000
0.0310000000
0.0310000000
0.0310000000
0.0310000000
0.0310000000
0.0310000000
0.0310000000
0.0310000000
0.0310000000
0.0310000000
0.0310000000
0.0310000000
0.0310000000
0.0310000000
0.0310000000
0.0310000000
0.0310000000
0.0310000000
0.0310000000
0.0310000000
0.0310000000
0.0310000000
0.0310000000
0.0310000000
0.0310000000
0.0310000000
0.0310000000
0.0310000000
0.0310000000
0.0310000000
0.0310000000
0.0310000000
0.0310000000
0.0310000000
0.0310000000
0.0310000000
0.0310000000
0.0310000000
0.0310000000
0.0310000000
0.0310000000
0.0310000000
0.0310000000
0.0310000000
0.0310000000
0.0310000000
0.0310000000
0.0310000000
0.0310000000
0.0310000000
0.0310000000
0.0310000000
0.0310000000
0.0310000000
0.0310000000
0.0310000000
0.0310000000
0.0310000000
0.0310000000
0.0310000000
0.0310000000
0.0310000000
0.0310000000
0.0310000000
0.0310000000
0.0310000000
0.0310000000
0.0310000000
0.0310000000
0.0310000000
0.0310000000
0.0310000000
0.0310000000
0.0310000000
0.0310000000
0.0310000000
0.0310000000
0.0310000000
0.0310000000
0.0310000000
0.0310000000
0.0310000000
0.0310000000
0.0310000000
0.0310000000
0.0310000000
0.0310000000
0.0310000000
0.0310000000
0.0310000000
0.0310000000
0.0310000000
0.0310000000
0.0310000000
0.0310000000
0.0310000000
0.0310000000
0.0310000000
0.0310000000
0.0310000000
0.0310000000
0.0310000000
0.0310000000
0.0310000000
0.0310000000
0.0310000000
0.0310000000
0.0310000000
0.0310000000
0.0310000000
0.0310000000
0.0310000000
0.0310000000
0.0310000000
0.0310000000
0.0310000000
0.0310000000
0.0310000000
0.0310000000
0.0310000000
0.0310000000
0.0310000000
0.0310000000
0.0310000000
0.0310000000
0.0310000000
0.0310000000
0.0310000000
0.0310000000
0.0310000000
0.0310000000
0.0310000000
0.0310000000
0.0310000000
0.0310000000
0.0310000000
0.0310000000
0.0310000000
0.0310000000
0.0310000000
0.0310000000
0.0310000000
0.0310000000
0.0310000000
0.0310000000
0.0310000000
0.0310000000
0.0310000000
0.0310000000
0.0310000000
0.0310000000
0.0310000000
0.0310000000
0.0310000000
0.0310000000
0.0310000000
0.0310000000
0.0310000000
0.0310000000
0.0310000000
0.0310000000
0.0310000000
0.0310000000
0.0310000000
0.0310000000
0.0310000000
0.0310000000
0.0310000000
0.0310000000
0.0310000000
0.0310000000
0.0310000000
0.0310000000
0.0310000000
0.0310000000
0.0310000000
0.0310000000
0.0310000000
0.0310000000
0.0310000000
0.0310000000
0.0310000000
0.0310000000
0.0310000000
0.0310000000
0.0310000000
0.0310000000
0.0310000000
0.0310000000
0.0310000000
0.0310000000
0.0310000000
0.0310000000
0.0310000000
0.0310000000
0.0310000000
0.0310000000
0.0310000000
0.0310000000
0.0310000000
0.0310000000
0.0310000000
0.0310000000
0.0310000000
0.0310000000
0.0310000000
0.0310000000
0.0310000000
0.0310000000
0.0310000000
0.0310000000
0.0310000000
0.0310000000
0.0310000000
0.0310000000
0.0310000000
0.0310000000
0.0310000000
0.0310000000
0.0310000000
0.0310000000
0.0310000000
0.0310000000
0.0310000000
0.0310000000
0.0310000000
0.0310000000
0.0310000000
0.0310000000
0.0310000000
0.0310000000
0.0310000000
0.0310000000
0.0310000000
0.0310000000
0.0310000000
0.0310000000
0.0310000000
0.0310000000
0.0310000000
0.0310000000
0.0310000000
0.0310000000
0.0310000000
0.0310000000
0.0310000000
0.0310000000
0.0310000000
0.0310000000
0.0310000000
0.0310000000
0.0310000000
0.0310000000
0.0310000000
0.0310000000
0.0310000000
0.0310000000
0.0310000000
0.0310000000
0.0310000000
0.0310000000
0.0310000000
0.0310000000
0.0310000000
0.0310000000
0.0310000000
0.0310000000
0.0310000000
0.0310000000
0.0310000000
0.0310000000
0.0310000000
0.0310000000
0.0310000000
0.0310000000
0.0310000000
0.0310000000
0.0310000000
0.0310000000
0.0310000000
0.0310000000
0.0310000000
0.0310000000
0.0310000000
0.0310000000
0.0310000000
0.0310000000
0.0310000000
0.0310000000
0.0310000000
0.0310000000
0.0310000000
0.0310000000
0.0310000000
0.0310000000
0.0310000000
0.0310000000
0.0310000000
0.0310000000
0.0310000000
0.0310000000
0.0310000000
0.0310000000
0.0310000000
0.0310000000
0.0310000000
0.0310000000
0.0310000000
0.0310000000
0.0310000000
0.0310000000
0.0310000000
0.0310000000
0.0310000000
0.0310000000
0.0310000000
0.0310000000
0.0310000000
0.0310000000
0.0310000000
0.0310000000
0.0310000000
0.0310000000
0.0310000000
0.0310000000
0.0310000000
0.0310000000
0.0310000000
0.0310000000
0.0310000000
0.0310000000
0.0310000000
0.0310000000
0.0310000000
0.0310000000
0.0310000000
0.0310000000
0.0310000000
0.0310000000
0.0310000000
0.0310000000
0.0310000000
0.0310000000
0.0310000000
0.0310000000
0.0310000000
0.0310000000
0.0310000000
0.0310000000
0.0310000000
0.0310000000
0.0310000000
0.0310000000
0.0310000000
0.0310000000
0.0310000000
0.0310000000
0.0310000000
0.0310000000
0.0310000000
0.0310000000
0.0310000000
0.0310000000
0.0310000000
0.0310000000
0.0310000000
0.0310000000
0.0310000000
0.0310000000
0.0310000000
0.0310000000
0.0310000000
0.0310000000
0.0310000000
0.0310000000
0.0310000000
0.0310000000
0.0310000000
0.0310000000
0.0310000000
0.0310000000
0.0310000000
0.0310000000
0.0310000000
0.0310000000
0.0310000000
0.0310000000
0.0310000000
0.0310000000
0.0310000000
0.0310000000
0.0310000000
0.0310000000
0.0310000000
0.0310000000
0.0310000000
0.0310000000
0.0310000000
0.0310000000
0.0310000000
0.0310000000
0.0310000000
0.0310000000
0.0310000000
0.0310000000
0.0310000000
0.0310000000
0.0310000000
0.0310000000
0.0310000000
0.0310000000
0.0310000000
0.0310000000
0.0310000000
0.0310000000
0.0310000000
0.0310000000
0.0310000000
0.0310000000
0.0310000000
0.0310000000
0.0310000000
0.0310000000
0.0310000000
0.0310000000
0.0310000000
0.0310000000
0.0310000000
0.0310000000
0.0310000000
0.0310000000
0.0310000000
0.0310000000
0.0310000000
0.0310000000
0.0310000000
0.0310000000
0.0310000000
0.0310000000
0.0310000000
0.0310000000
0.0310000000
0.0310000000
0.0310000000
0.0310000000
0.0310000000
0.0310000000
0.0310000000
0.0310000000
0.0310000000
0.0310000000
0.0310000000
0.0310000000
0.0310000000
0.0310000000
0.0310000000
0.0310000000
0.0310000000
0.0310000000
0.0310000000
0.0310000000
0.0310000000
0.0310000000
0.0310000000
0.0310000000
0.0310000000
0.0310000000
0.0310000000
0.0310000000
0.0310000000
0.0310000000
0.0310000000
0.0310000000
0.0310000000
0.0310000000
0.0310000000
0.0310000000
0.0310000000
0.0310000000
0.0310000000
0.0310000000
0.0310000000
0.0310000000
0.0310000000
0.0310000000
0.0310000000
0.0310000000
0.0310000000
0.0310000000
0.0310000000
0.0310000000
0.0310000000
0.0310000000
0.0310000000
0.0310000000
0.0310000000
0.0310000000
0.0310000000
0.0310000000
0.0310000000
0.0310000000
0.0310000000
0.0310000000
0.0310000000
0.0310000000
0.0310000000
0.0310000000
0.0310000000
0.0310000000
0.0310000000
0.0310000000
0.0310000000
0.0310000000
0.0310000000
0.0310000000
0.0310000000
0.0310000000
0.0310000000
0.0310000000
0.0310000000
0.0310000000
0.0310000000
0.0310000000
0.0310000000
0.0310000000
0.0310000000
0.0310000000
0.0310000000
0.0310000000
0.0310000000
0.0310000000
0.0310000000
0.0310000000
0.0310000000
0.0310000000
0.0310000000
0.0310000000
0.0310000000
0.0310000000
0.0310000000
0.0310000000
0.0310000000
0.0310000000
0.0310000000
0.0310000000
0.0310000000
0.0310000000
0.0310000000
0.0310000000
0.0310000000
0.0310000000
0.0310000000
0.0310000000
0.0310000000
0.0310000000
0.0310000000
0.0310000000
0.0310000000
0.0310000000
0.0310000000
0.0310000000
0.0310000000
0.0310000000
0.0310000000
0.0310000000
0.0310000000
0.0310000000
0.0310000000
0.0310000000
0.0310000000
0.0310000000
0.0310000000
0.0310000000
0.0310000000
0.0310000000
0.0310000000
0.0310000000
0.0310000000
0.0310000000
0.0310000000
0.0310000000
0.0310000000
0.0310000000
0.0310000000
0.0310000000
0.0310000000
0.0310000000
0.0310000000
0.0310000000
0.0310000000
0.0310000000
0.0310000000
0.0310000000
0.0310000000
0.0310000000
0.0310000000
0.0310000000
0.0310000000
0.0310000000
0.0310000000
0.0310000000
0.0310000000
0.0310000000
0.0310000000
0.0310000000
0.0310000000
0.0310000000
0.0310000000
0.0310000000
0.0310000000
0.0310000000
0.0310000000
0.0310000000
0.0310000000
0.0310000000
0.0310000000
0.0310000000
0.0310000000
0.0310000000
0.0310000000
0.0310000000
0.0310000000
0.0310000000
0.0310000000
0.0310000000
0.0310000000
0.0310000000
0.0310000000
0.0310000000
0.0310000000
0.0310000000
0.0310000000
0.0310000000
0.0310000000
0.0310000000
0.0310000000
0.0310000000
0.0310000000
0.0310000000
0.0310000000
0.0310000000
0.0310000000
0.0310000000
0.0310000000
0.0310000000
0.0310000000
0.0310000000
0.0310000000
0.0310000000
0.0310000000
0.0310000000
0.0310000000
0.0310000000
0.0310000000
0.0310000000
0.0310000000
0.0310000000
0.0310000000
0.0310000000
0.0310000000
0.0310000000
0.0310000000
0.0310000000
0.0310000000
0.0310000000
0.0310000000
0.0310000000
0.0310000000
0.0310000000
0.0310000000
0.0310000000
0.0310000000
0.0310000000
0.0310000000
0.0310000000
0.0310000000
0.0310000000
0.0310000000
0.0310000000
0.0310000000
0.0310000000
0.0310000000
0.0310000000
0.0310000000
0.0310000000
0.0310000000
0.0310000000
0.0310000000
0.0310000000
0.0310000000
0.0310000000
0.0310000000
0.0310000000
0.0310000000
0.0310000000
0.0310000000
0.0310000000
0.0310000000
0.0310000000
0.0310000000
0.0310000000
0.0310000000
0.0310000000
0.0310000000
0.0310000000
0.0310000000
0.0310000000
0.0310000000
0.0310000000
0.0310000000
0.0310000000
0.0310000000
0.0310000000
0.0310000000
0.0310000000
0.0310000000
0.0310000000
0.0310000000
0.0310000000
0.0310000000
0.0310000000
0.0310000000
0.0310000000
0.0310000000
0.0310000000
0.0310000000
0.0310000000
0.0310000000
0.0310000000
0.0310000000
0.0310000000
0.0310000000
0.0310000000
0.0310000000
0.0310000000
0.0310000000
0.0310000000
0.0310000000
0.0310000000
0.0310000000
0.0310000000
0.0310000000
0.0310000000
0.0310000000
0.0310000000
0.0310000000
0.0310000000
0.0310000000
0.0310000000
0.0310000000
0.0310000000
0.0310000000
0.0310000000
0.0310000000
0.0310000000
0.0310000000
0.0310000000
0.0310000000
0.0310000000
0.0310000000
0.0310000000
0.0310000000
0.0310000000
0.0310000000
0.0310000000
0.0310000000
0.0310000000
0.0310000000
0.0310000000
0.0310000000
0.0310000000
0.0310000000
0.0310000000
0.0310000000
0.0310000000
0.0310000000
0.0310000000
0.0310000000
0.0310000000
0.0310000000
0.0310000000
0.0310000000
0.0310000000
0.0310000000
0.0310000000
0.0310000000
0.0310000000
0.0310000000
0.0310000000
0.0310000000
0.0310000000
0.0310000000
0.0310000000
0.0310000000
0.0310000000
0.0310000000
0.0310000000
0.0310000000
0.0310000000
0.0310000000
0.0310000000
0.0310000000
0.0310000000
0.0310000000
0.0310000000
0.0310000000
0.0310000000
0.0310000000
0.0310000000
0.0310000000
0.0310000000
0.0310000000
0.0310000000
0.0310000000
0.0310000000
0.0310000000
0.0310000000
0.0310000000
0.0310000000
0.0310000000
0.0310000000
0.0310000000
0.0310000000
0.0310000000
0.0310000000
0.0310000000
0.0310000000
0.0310000000
0.0310000000
0.0310000000
0.0310000000
0.0310000000
0.0310000000
0.0310000000
0.0310000000
0.0310000000
0.0310000000
0.0310000000
0.0310000000
0.0310000000
0.0310000000
0.0310000000
0.0310000000
0.0310000000
0.0310000000
0.0310000000
0.0310000000
0.0310000000
0.0310000000
0.0310000000
0.0310000000
0.0310000000
0.0310000000
0.0310000000
0.0310000000
0.0310000000
0.0310000000
0.0310000000
0.0310000000
0.0310000000
0.0310000000
0.0310000000
0.0310000000
0.0310000000
0.0310000000
0.0310000000
0.0310000000
0.0310000000
0.0310000000
0.0310000000
0.0310000000
0.0310000000
0.0310000000
0.0310000000
0.0310000000
0.0310000000
0.0310000000
0.0310000000
0.0310000000
0.0310000000
0.0310000000
0.0310000000
0.0310000000
0.0310000000
0.0310000000
0.0310000000
0.0310000000
0.0310000000
0.0310000000
0.0310000000
0.0310000000
0.0310000000
0.0310000000
0.0310000000
0.0310000000
0.0310000000
0.0310000000
0.0310000000
0.0310000000
0.0310000000
0.0310000000
0.0310000000
0.0310000000
0.0310000000
0.0310000000
0.0310000000
0.0310000000
0.0310000000
0.0310000000
0.0310000000
0.0310000000
0.0310000000
0.0310000000
0.0310000000
0.0310000000
0.0310000000
0.0310000000
0.0310000000
0.0310000000
0.0310000000
0.0310000000
0.0310000000
0.0310000000
0.0310000000
0.0310000000
0.0310000000
0.0310000000
0.0310000000
0.0310000000
0.0310000000
0.0310000000
0.0310000000
0.0310000000
0.0310000000
0.0310000000
0.0310000000
0.0310000000
0.0310000000
0.0310000000
0.0310000000
0.0310000000
0.0310000000
0.0310000000
0.0310000000
0.0310000000
0.0310000000
0.0310000000
0.0310000000
0.0310000000
0.0310000000
0.0310000000
0.0310000000
0.0310000000
0.0310000000
0.0310000000
0.0310000000
0.0310000000
0.0310000000
0.0310000000
0.0310000000
0.0310000000
0.0310000000
0.0310000000
0.0310000000
0.0310000000
0.0310000000
0.0310000000
0.0310000000
0.0310000000
0.0310000000
0.0310000000
0.0310000000
0.0310000000
0.0310000000
0.0310000000
0.0310000000
0.0310000000
0.0310000000
0.0310000000
0.0310000000
0.0310000000
0.0310000000
0.0310000000
0.0310000000
0.0310000000
0.0310000000
0.0310000000
0.0310000000
0.0310000000
0.0310000000
0.0310000000
0.0310000000
0.0310000000
0.0310000000
0.0310000000
0.0310000000
0.0310000000
0.0310000000
0.0310000000
0.0310000000
0.0310000000
0.0310000000
0.0310000000
0.0310000000
0.0310000000
0.0310000000
0.0310000000
0.0310000000
0.0310000000
0.0310000000
0.0310000000
0.0310000000
0.0310000000
0.0310000000
0.0310000000
0.0310000000
0.0310000000
0.0310000000
0.0310000000
0.0310000000
0.0310000000
0.0310000000
0.0310000000
0.0310000000
0.0310000000
0.0310000000
0.0310000000
0.0310000000
0.0310000000
0.0310000000
0.0310000000
0.0310000000
0.0310000000
0.0310000000
0.0310000000
0.0310000000
0.0310000000
0.0310000000
0.0310000000
0.0310000000
0.0310000000
0.0310000000
0.0310000000
0.0310000000
0.0310000000
0.0310000000
0.0310000000
0.0310000000
0.0310000000
0.0310000000
0.0310000000
0.0310000000
0.0310000000
0.0310000000
0.0310000000
0.0310000000
0.0310000000
0.0310000000
0.0310000000
0.0310000000
0.0310000000
0.0310000000
0.0310000000
0.0310000000
0.0310000000
0.0310000000
0.0310000000
0.0310000000
0.0310000000
0.0310000000
0.0310000000
0.0310000000
0.0310000000
0.0310000000
0.0310000000
0.0310000000
0.0310000000
0.0310000000
0.0310000000
0.0310000000
0.0310000000
0.0310000000
0.0310000000
0.0310000000
0.0310000000
0.0310000000
0.0310000000
0.0310000000
0.0310000000
0.0310000000
0.0310000000
0.0310000000
0.0310000000
0.0310000000
0.0310000000
0.0310000000
0.0310000000
0.0310000000
0.0310000000
0.0310000000
0.0310000000
0.0310000000
0.0310000000
0.0310000000
0.0310000000
0.0310000000
0.0310000000
0.0310000000
0.0310000000
0.0310000000
0.0310000000
0.0310000000
0.0310000000
0.0310000000
0.0310000000
0.0310000000
0.0310000000
0.0310000000
0.0310000000
0.0310000000
0.0310000000
0.0310000000
0.0310000000
0.0310000000
0.0310000000
0.0310000000
0.0310000000
0.0310000000
0.0310000000
0.0310000000
0.0310000000
0.0310000000
0.0310000000
0.0310000000
0.0310000000
0.0310000000
0.0310000000
0.0310000000
0.0310000000
0.0310000000
0.0310000000
0.0310000000
0.0310000000
0.0310000000
0.0310000000
0.0310000000
0.0310000000
0.0310000000
0.0310000000
0.0310000000
0.0310000000
0.0310000000
0.0310000000
0.0310000000
0.0310000000
0.0310000000
0.0310000000
0.0310000000
0.0310000000
0.0310000000
0.0310000000
0.0310000000
0.0310000000
0.0310000000
0.0310000000
0.0310000000
0.0310000000
0.0310000000
0.0310000000
0.0310000000
0.0310000000
0.0310000000
0.0310000000
0.0310000000
0.0310000000
0.0310000000
0.0310000000
0.0310000000
0.0310000000
0.0310000000
0.0310000000
0.0310000000
0.0310000000
0.0310000000
0.0310000000
0.0310000000
0.0310000000
0.0310000000
0.0310000000
0.0310000000
0.0310000000
0.0310000000
0.0310000000
0.0310000000
0.0310000000
0.0310000000
0.0310000000
0.0310000000
0.0310000000
0.0310000000
0.0310000000
0.0310000000
0.0310000000
0.0310000000
0.0310000000
0.0310000000
0.0310000000
0.0310000000
0.0310000000
0.0310000000
0.0310000000
0.0310000000
0.0310000000
0.0310000000
0.0310000000
0.0310000000
0.0310000000
0.0310000000
0.0310000000
0.0310000000
0.0310000000
0.0310000000
0.0310000000
0.0310000000
0.0310000000
0.0310000000
0.0310000000
0.0310000000
0.0310000000
0.0310000000
0.0310000000
0.0310000000
0.0310000000
0.0310000000
0.0310000000
0.0310000000
0.0310000000
0.0310000000
0.0310000000
0.0310000000
0.0310000000
0.0310000000
0.0310000000
0.0310000000
0.0310000000
0.0310000000
0.0310000000
0.0310000000
0.0310000000
0.0310000000
0.0310000000
0.0310000000
0.0310000000
0.0310000000
0.0310000000
0.0310000000
0.0310000000
0.0310000000
0.0310000000
0.0310000000
0.0310000000
0.0310000000
0.0310000000
0.0310000000
0.0310000000
0.0310000000
0.0310000000
0.0310000000
0.0310000000
0.0310000000
0.0310000000
0.0310000000
0.0310000000
0.0310000000
0.0310000000
0.0310000000
0.0310000000
0.0310000000
0.0310000000
0.0310000000
0.0310000000
0.0310000000
0.0310000000
0.0310000000
0.0310000000
0.0310000000
0.0310000000
0.0310000000
0.0310000000
0.0310000000
0.0310000000
0.0310000000
0.0310000000
0.0310000000
0.0310000000
0.0310000000
0.0310000000
0.0310000000
0.0310000000
0.0310000000
0.0310000000
0.0310000000
0.0310000000
0.0310000000
0.0310000000
0.0310000000
0.0310000000
0.0310000000
0.0310000000
0.0310000000
0.0310000000
0.0310000000
0.0310000000
0.0310000000
0.0310000000
0.0310000000
0.0310000000
0.0310000000
0.0310000000
0.0310000000
0.0310000000
0.0310000000
0.0310000000
0.0310000000
0.0310000000
0.0310000000
0.0310000000
0.0310000000
0.0310000000
0.0310000000
0.0310000000
0.0310000000
0.0310000000
0.0310000000
0.0310000000
0.0310000000
0.0310000000
0.0310000000
0.0310000000
0.0310000000
0.0310000000
0.0310000000
0.0310000000
0.0310000000
0.0310000000
0.0310000000
0.0310000000
0.0310000000
0.0310000000
0.0310000000
0.0310000000
0.0310000000
0.0310000000
0.0310000000
0.0310000000
0.0310000000
0.0310000000
0.0310000000
0.0310000000
0.0310000000
0.0310000000
0.0310000000
0.0310000000
0.0310000000
0.0310000000
0.0310000000
0.0310000000
0.0310000000
0.0310000000
0.0310000000
0.0310000000
0.0310000000
0.0310000000
0.0310000000
0.0310000000
0.0310000000
0.0310000000
0.0310000000
0.0310000000
0.0310000000
0.0310000000
0.0310000000
0.0310000000
0.0310000000
0.0310000000
0.0310000000
0.0310000000
0.0310000000
0.0310000000
0.0310000000
0.0310000000
0.0310000000
0.0310000000
0.0310000000
0.0310000000
0.0310000000
0.0310000000
0.0310000000
0.0310000000
0.0310000000
0.0310000000
0.0310000000
0.0310000000
0.0310000000
0.0310000000
0.0310000000
0.0310000000
0.0310000000
0.0310000000
0.0310000000
0.0310000000
0.0310000000
0.0310000000
0.0310000000
0.0310000000
0.0310000000
0.0310000000
0.0310000000
0.0310000000
0.0310000000
0.0310000000
0.0310000000
0.0310000000
0.0310000000
0.0310000000
0.0310000000
0.0310000000
0.0310000000
0.0310000000
0.0310000000
0.0310000000
0.0310000000
0.0310000000
0.0310000000
0.0310000000
0.0310000000
0.0310000000
0.0310000000
0.0310000000
0.0310000000
0.0310000000
0.0310000000
0.0310000000
0.0310000000
0.0310000000
0.0310000000
0.0310000000
0.0310000000
0.0310000000
0.0310000000
0.0310000000
0.0310000000
0.0310000000
0.0310000000
0.0310000000
0.0310000000
0.0310000000
0.0310000000
0.0310000000
0.0310000000
0.0310000000
0.0310000000
0.0310000000
0.0310000000
0.0310000000
0.0310000000
0.0310000000
0.0310000000
0.0310000000
0.0310000000
0.0310000000
0.0310000000
0.0310000000
0.0310000000
0.0310000000
0.0310000000
0.0310000000
0.0310000000
0.0310000000
0.0310000000
0.0310000000
0.0310000000
0.0310000000
0.0310000000
0.0310000000
0.0310000000
0.0310000000
0.0310000000
0.0310000000
0.0310000000
0.0310000000
0.0310000000
0.0310000000
0.0310000000
0.0310000000
0.0310000000
0.0310000000
0.0310000000
0.0310000000
0.0310000000
0.0310000000
0.0310000000
0.0310000000
0.0310000000
0.0310000000
0.0310000000
0.0310000000
0.0310000000
0.0310000000
0.0310000000
0.0310000000
0.0310000000
0.0310000000
0.0310000000
0.0310000000
0.0310000000
0.0310000000
0.0310000000
0.0310000000
0.0310000000
0.0310000000
0.0310000000
0.0310000000
0.0310000000
0.0310000000
0.0310000000
0.0310000000
0.0310000000
0.0310000000
0.0310000000
0.0310000000
0.0310000000
0.0310000000
0.0310000000
0.0310000000
0.0310000000
0.0310000000
0.0310000000
0.0310000000
0.0310000000
0.0310000000
0.0310000000
0.0310000000
0.0310000000
0.0310000000
0.0310000000
0.0310000000
0.0310000000
0.0310000000
0.0310000000
0.0310000000
0.0310000000
0.0310000000
0.0310000000
0.0310000000
0.0310000000
0.0310000000
0.0310000000
0.0310000000
0.0310000000
0.0310000000
0.0310000000
0.0310000000
0.0310000000
0.0310000000
0.0310000000
0.0310000000
0.0310000000
0.0310000000
0.0310000000
0.0310000000
0.0310000000
0.0310000000
0.0310000000
0.0310000000
0.0310000000
0.0310000000
0.0310000000
0.0310000000
0.0310000000
0.0310000000
0.0310000000
0.0310000000
0.0310000000
0.0310000000
0.0310000000
0.0310000000
0.0310000000
0.0310000000
0.0310000000
0.0310000000
0.0310000000
0.0310000000
0.0310000000
0.0310000000
0.0310000000
0.0310000000
0.0310000000
0.0310000000
0.0310000000
0.0310000000
0.0310000000
0.0310000000
0.0310000000
0.0310000000
0.0310000000
0.0310000000
0.0310000000
0.0310000000
0.0310000000
0.0310000000
0.0310000000
0.0310000000
0.0310000000
0.0310000000
0.0310000000
0.0310000000
0.0310000000
0.0310000000
0.0310000000
0.0310000000
0.0310000000
0.0310000000
0.0310000000
0.0310000000
0.0310000000
0.0310000000
0.0310000000
0.0310000000
0.0310000000
0.0310000000
0.0310000000
0.0310000000
0.0310000000
0.0310000000
0.0310000000
0.0310000000
0.0310000000
0.0310000000
0.0310000000
0.0310000000
0.0310000000
0.0310000000
0.0310000000
0.0310000000
0.0310000000
0.0310000000
0.0310000000
0.0310000000
0.0310000000
0.0310000000
0.0310000000
0.0310000000
0.0310000000
0.0310000000
0.0310000000
0.0310000000
0.0310000000
0.0310000000
0.0310000000
0.0310000000
0.0310000000
0.0310000000
0.0310000000
0.0310000000
0.0310000000
0.0310000000
0.0310000000
0.0310000000
0.0310000000
0.0310000000
0.0310000000
0.0310000000
0.0310000000
0.0310000000
0.0310000000
0.0310000000
0.0310000000
0.0310000000
0.0310000000
0.0310000000
0.0310000000
0.0310000000
0.0310000000
0.0310000000
0.0310000000
0.0310000000
0.0310000000
0.0310000000
0.0310000000
0.0310000000
0.0310000000
0.0310000000
0.0310000000
0.0310000000
0.0310000000
0.0310000000
0.0310000000
0.0310000000
0.0310000000
0.0310000000
0.0310000000
0.0310000000
0.0310000000
0.0310000000
0.0310000000
0.0310000000
0.0310000000
0.0310000000
0.0310000000
0.0310000000
0.0310000000
0.0310000000
0.0310000000
0.0310000000
0.0310000000
0.0310000000
0.0310000000
0.0310000000
0.0310000000
0.0310000000
0.0310000000
0.0310000000
0.0310000000
0.0310000000
0.0310000000
0.0310000000
0.0310000000
0.0310000000
0.0310000000
0.0310000000
0.0310000000
0.0310000000
0.0310000000
0.0310000000
0.0310000000
0.0310000000
0.0310000000
0.0310000000
0.0310000000
0.0310000000
0.0310000000
0.0310000000
0.0310000000
0.0310000000
0.0310000000
0.0310000000
0.0310000000
0.0310000000
0.0310000000
0.0310000000
0.0310000000
0.0310000000
0.0310000000
0.0310000000
0.0310000000
0.0310000000
0.0310000000
0.0310000000
0.0310000000
0.0310000000
0.0310000000
0.0310000000
0.0310000000
0.0310000000
0.0310000000
0.0310000000
0.0310000000
0.0310000000
0.0310000000
0.0310000000
0.0310000000
0.0310000000
0.0310000000
0.0310000000
0.0310000000
0.0310000000
0.0310000000
0.0310000000
0.0310000000
0.0310000000
0.0310000000
0.0310000000
0.0310000000
0.0310000000
0.0310000000
0.0310000000
0.0310000000
0.0310000000
0.0310000000
0.0310000000
0.0310000000
0.0310000000
0.0310000000
0.0310000000
0.0310000000
0.0310000000
0.0310000000
0.0310000000
0.0310000000
0.0310000000
0.0310000000
0.0310000000
0.0310000000
0.0310000000
0.0310000000
0.0310000000
0.0310000000
0.0310000000
0.0310000000
0.0310000000
0.0310000000
0.0310000000
0.0310000000
0.0310000000
0.0310000000
0.0310000000
0.0310000000
0.0310000000
0.0310000000
0.0310000000
0.0310000000
0.0310000000
0.0310000000
0.0310000000
0.0310000000
0.0310000000
0.0310000000
0.0310000000
0.0310000000
0.0310000000
0.0310000000
0.0310000000
0.0310000000
0.0310000000
0.0310000000
0.0310000000
0.0310000000
0.0310000000
0.0310000000
0.0310000000
0.0310000000
0.0310000000
0.0310000000
0.0310000000
0.0310000000
0.0310000000
0.0310000000
0.0310000000
0.0310000000
0.0310000000
0.0310000000
0.0310000000
0.0310000000
0.0310000000
0.0310000000
0.0310000000
0.0310000000
0.0310000000
0.0310000000
0.0310000000
0.0310000000
0.0310000000
0.0310000000
0.0310000000
0.0310000000
0.0310000000
0.0310000000
0.0310000000
0.0310000000
0.0310000000
0.0310000000
0.0310000000
0.0310000000
0.0310000000
0.0310000000
0.0310000000
0.0310000000
0.0310000000
0.0310000000
0.0310000000
0.0310000000
0.0310000000
0.0310000000
0.0310000000
0.0310000000
0.0310000000
0.0310000000
0.0310000000
0.0310000000
0.0310000000
0.0310000000
0.0310000000
0.0310000000
0.0310000000
0.0310000000
0.0310000000
0.0310000000
0.0310000000
0.0310000000
0.0310000000
0.0310000000
0.0310000000
0.0310000000
0.0310000000
0.0310000000
0.0310000000
0.0310000000
0.0310000000
0.0310000000
0.0310000000
0.0310000000
0.0310000000
0.0310000000
0.0310000000
0.0310000000
0.0310000000
0.0310000000
0.0310000000
0.0310000000
0.0310000000
0.0310000000
0.0310000000
0.0310000000
0.0310000000
0.0310000000
0.0310000000
0.0310000000
0.0310000000
0.0310000000
0.0310000000
0.0310000000
0.0310000000
0.0310000000
0.0310000000
0.0310000000
0.0310000000
0.0310000000
0.0310000000
0.0310000000
0.0310000000
0.0310000000
0.0310000000
0.0310000000
0.0310000000
0.0310000000
0.0310000000
0.0310000000
0.0310000000
0.0310000000
0.0310000000
0.0310000000
0.0310000000
0.0310000000
0.0310000000
0.0310000000
0.0310000000
0.0310000000
0.0310000000
0.0310000000
0.0310000000
0.0310000000
0.0310000000
0.0310000000
0.0310000000
0.0310000000
0.0310000000
0.0310000000
0.0310000000
0.0310000000
0.0310000000
0.0310000000
0.0310000000
0.0310000000
0.0310000000
0.0310000000
0.0310000000
0.0310000000
0.0310000000
0.0310000000
0.0310000000
0.0310000000
0.0310000000
0.0310000000
0.0310000000
0.0310000000
0.0310000000
0.0310000000
0.0310000000
0.0310000000
0.0310000000
0.0310000000
0.0310000000
0.0310000000
0.0310000000
0.0310000000
0.0310000000
0.0310000000
0.0310000000
0.0310000000
0.0310000000
0.0310000000
0.0310000000
0.0310000000
0.0310000000
0.0310000000
0.0310000000
0.0310000000
0.0310000000
0.0310000000
0.0310000000
0.0310000000
0.0310000000
0.0310000000
0.0310000000
0.0310000000
0.0310000000
0.0310000000
0.0310000000
0.0310000000
0.0310000000
0.0310000000
0.0310000000
0.0310000000
0.0310000000
0.0310000000
0.0310000000
0.0310000000
0.0310000000
0.0310000000
0.0310000000
0.0310000000
0.0310000000
0.0310000000
0.0310000000
0.0310000000
0.0310000000
0.0310000000
0.0310000000
0.0310000000
0.0310000000
0.0310000000
0.0310000000
0.0310000000
0.0310000000
0.0310000000
0.0310000000
0.0310000000
0.0310000000
0.0310000000
0.0310000000
0.0310000000
0.0310000000
0.0310000000
0.0310000000
0.0310000000
0.0310000000
0.0310000000
0.0310000000
0.0310000000
0.0310000000
0.0310000000
0.0310000000
0.0310000000
0.0310000000
0.0310000000
0.0310000000
0.0310000000
0.0310000000
0.0310000000
0.0310000000
0.0310000000
0.0310000000
0.0310000000
0.0310000000
0.0310000000
0.0310000000
0.0310000000
0.0310000000
0.0310000000
0.0310000000
0.0310000000
0.0310000000
0.0310000000
0.0310000000
0.0310000000
0.0310000000
0.0310000000
0.0310000000
0.0310000000
0.0310000000
0.0310000000
0.0310000000
0.0310000000
0.0310000000
0.0310000000
0.0310000000
0.0310000000
0.0310000000
0.0310000000
0.0310000000
0.0310000000
0.0310000000
0.0310000000
0.0310000000
0.0310000000
0.0310000000
0.0310000000
0.0310000000
0.0310000000
0.0310000000
0.0310000000
0.0310000000
0.0310000000
0.0310000000
0.0310000000
0.0310000000
0.0310000000
0.0310000000
0.0310000000
0.0310000000
0.0310000000
0.0310000000
0.0310000000
0.0310000000
0.0310000000
0.0310000000
0.0310000000
0.0310000000
0.0310000000
0.0310000000
0.0310000000
0.0310000000
0.0310000000
0.0310000000
0.0310000000
0.0310000000
0.0310000000
0.0310000000
0.0310000000
0.0310000000
0.0310000000
0.0310000000
0.0310000000
0.0310000000
0.0310000000
0.0310000000
0.0310000000
0.0310000000
0.0310000000
0.0310000000
0.0310000000
0.0310000000
0.0310000000
0.0310000000
0.0310000000
0.0310000000
0.0310000000
0.0310000000
0.0310000000
0.0310000000
0.0310000000
0.0310000000
0.0310000000
0.0310000000
0.0310000000
0.0310000000
0.0310000000
0.0310000000
0.0310000000
0.0310000000
0.0310000000
0.0310000000
0.0310000000
0.0310000000
0.0310000000
0.0310000000
0.0310000000
0.0310000000
0.0310000000
0.0310000000
0.0310000000
0.0310000000
0.0310000000
0.0310000000
0.0310000000
0.0310000000
0.0310000000
0.0310000000
0.0310000000
0.0310000000
0.0310000000
0.0310000000
0.0310000000
0.0310000000
0.0310000000
0.0310000000
0.0310000000
0.0310000000
0.0310000000
0.0310000000
0.0310000000
0.0310000000
0.0310000000
0.0310000000
0.0310000000
0.0310000000
0.0310000000
0.0310000000
0.0310000000
0.0310000000
0.0310000000
0.0310000000
0.0310000000
0.0310000000
0.0310000000
0.0310000000
0.0310000000
0.0310000000
0.0310000000
0.0310000000
0.0310000000
0.0310000000
0.0310000000
0.0310000000
0.0310000000
0.0310000000
0.0310000000
0.0310000000
0.0310000000
0.0310000000
0.0310000000
0.0310000000
0.0310000000
0.0310000000
0.0310000000
0.0310000000
0.0310000000
0.0310000000
0.0310000000
0.0310000000
0.0310000000
0.0310000000
0.0310000000
0.0310000000
0.0310000000
0.0310000000
0.0310000000
0.0310000000
0.0310000000
0.0310000000
0.0310000000
0.0310000000
0.0310000000
0.0310000000
0.0310000000
0.0310000000
0.0310000000
0.0310000000
0.0310000000
0.0310000000
0.0310000000
0.0310000000
0.0310000000
0.0310000000
0.0310000000
0.0310000000
0.0310000000
0.0310000000
0.0310000000
0.0310000000
0.0310000000
0.0310000000
0.0310000000
0.0310000000
0.0310000000
0.0310000000
0.0310000000
0.0310000000
0.0310000000
0.0310000000
0.0310000000
0.0310000000
0.0310000000
0.0310000000
0.0310000000
0.0310000000
0.0310000000
0.0310000000
0.0310000000
0.0310000000
0.0310000000
0.0310000000
0.0310000000
0.0310000000
0.0310000000
0.0310000000
0.0310000000
0.0310000000
0.0310000000
0.0310000000
0.0310000000
0.0310000000
0.0310000000
0.0310000000
0.0310000000
0.0310000000
0.0310000000
0.0310000000
0.0310000000
0.0310000000
0.0310000000
0.0310000000
0.0310000000
0.0310000000
0.0310000000
0.0310000000
0.0310000000
0.0310000000
0.0310000000
0.0310000000
0.0310000000
0.0310000000
0.0310000000
0.0310000000
0.0310000000
0.0310000000
0.0310000000
0.0310000000
0.0310000000
0.0310000000
0.0310000000
0.0310000000
0.0310000000
0.0310000000
0.0310000000
0.0310000000
0.0310000000
0.0310000000
0.0310000000
0.0310000000
0.0310000000
0.0310000000
0.0310000000
0.0310000000
0.0310000000
0.0310000000
0.0310000000
0.0310000000
0.0310000000
0.0310000000
0.0310000000
0.0310000000
0.0310000000
0.0310000000
0.0310000000
0.0310000000
0.0310000000
0.0310000000
0.0310000000
0.0310000000
0.0310000000
0.0310000000
0.0310000000
0.0310000000
0.0310000000
0.0310000000
0.0310000000
0.0310000000
0.0310000000
0.0310000000
0.0310000000
0.0310000000
0.0310000000
0.0310000000
0.0310000000
0.0310000000
0.0310000000
0.0310000000
0.0310000000
0.0310000000
0.0310000000
0.0310000000
0.0310000000
0.0310000000
0.0310000000
0.0310000000
0.0310000000
0.0310000000
0.0310000000
0.0310000000
0.0310000000
0.0310000000
0.0310000000
0.0310000000
0.0310000000
0.0310000000
0.0310000000
0.0310000000
0.0310000000
0.0310000000
0.0310000000
0.0310000000
0.0310000000
0.0310000000
0.0310000000
0.0310000000
0.0310000000
0.0310000000
0.0310000000
0.0310000000
0.0310000000
0.0310000000
0.0310000000
0.0310000000
0.0310000000
0.0310000000
0.0310000000
0.0310000000
0.0310000000
0.0310000000
0.0310000000
0.0310000000
0.0310000000
0.0310000000
0.0310000000
0.0310000000
0.0310000000
0.0310000000
0.0310000000
0.0310000000
0.0310000000
0.0310000000
0.0310000000
0.0310000000
0.0310000000
0.0310000000
0.0310000000
0.0310000000
0.0310000000
0.0310000000
0.0310000000
0.0310000000
0.0310000000
0.0310000000
0.0310000000
0.0310000000
0.0310000000
0.0310000000
0.0310000000
0.0310000000
0.0310000000
0.0310000000
0.0310000000
0.0310000000
0.0310000000
0.0310000000
0.0310000000
0.0310000000
0.0310000000
0.0310000000
0.0310000000
0.0310000000
0.0310000000
0.0310000000
0.0310000000
0.0310000000
0.0310000000
0.0310000000
0.0310000000
0.0310000000
0.0310000000
0.0310000000
0.0310000000
0.0310000000
0.0310000000
0.0310000000
0.0310000000
0.0310000000
0.0310000000
0.0310000000
0.0310000000
0.0310000000
0.0310000000
0.0310000000
0.0310000000
0.0310000000
0.0310000000
0.0310000000
0.0310000000
0.0310000000
0.0310000000
0.0310000000
0.0310000000
0.0310000000
0.0310000000
0.0310000000
0.0310000000
0.0310000000
0.0310000000
0.0310000000
0.0310000000
0.0310000000
0.0310000000
0.0310000000
0.0310000000
0.0310000000
0.0310000000
0.0310000000
0.0310000000
0.0310000000
0.0310000000
0.0310000000
0.0310000000
0.0310000000
0.0310000000
0.0310000000
0.0310000000
0.0310000000
0.0310000000
0.0310000000
0.0310000000
0.0310000000
0.0310000000
0.0310000000
0.0310000000
0.0310000000
0.0310000000
0.0310000000
0.0310000000
0.0310000000
0.0310000000
0.0310000000
0.0310000000
0.0310000000
0.0310000000
0.0310000000
0.0310000000
0.0310000000
0.0310000000
0.0310000000
0.0310000000
0.0310000000
0.0310000000
0.0310000000
0.0310000000
0.0310000000
0.0310000000
0.0310000000
0.0310000000
0.0310000000
0.0310000000
0.0310000000
0.0310000000
0.0310000000
0.0310000000
0.0310000000
0.0310000000
0.0310000000
0.0310000000
0.0310000000
0.0310000000
0.0310000000
0.0310000000
0.0310000000
0.0310000000
0.0310000000
0.0310000000
0.0310000000
0.0310000000
0.0310000000
0.0310000000
0.0310000000
0.0310000000
0.0310000000
0.0310000000
0.0310000000
0.0310000000
0.0310000000
0.0310000000
0.0310000000
0.0310000000
0.0310000000
0.0310000000
0.0310000000
0.0310000000
0.0310000000
0.0310000000
0.0310000000
0.0310000000
0.0310000000
0.0310000000
0.0310000000
0.0310000000
0.0310000000
0.0310000000
0.0310000000
0.0310000000
0.0310000000
0.0310000000
0.0310000000
0.0310000000
0.0310000000
0.0310000000
0.0310000000
0.0310000000
0.0310000000
0.0310000000
0.0310000000
0.0310000000
0.0310000000
0.0310000000
0.0310000000
0.0310000000
0.0310000000
0.0310000000
0.0310000000
0.0310000000
0.0310000000
0.0310000000
0.0310000000
0.0310000000
0.0310000000
0.0310000000
0.0310000000
0.0310000000
0.0310000000
0.0310000000
0.0310000000
0.0310000000
0.0310000000
0.0310000000
0.0310000000
0.0310000000
0.0310000000
0.0310000000
0.0310000000
0.0310000000
0.0310000000
0.0310000000
0.0310000000
0.0310000000
0.0310000000
0.0310000000
0.0310000000
0.0310000000
0.0310000000
0.0310000000
0.0310000000
0.0310000000
0.0310000000
0.0310000000
0.0310000000
0.0310000000
0.0310000000
0.0310000000
0.0310000000
0.0310000000
0.0310000000
0.0310000000
0.0310000000
0.0310000000
0.0310000000
0.0310000000
0.0310000000
0.0310000000
0.0310000000
0.0310000000
0.0310000000
0.0310000000
0.0310000000
0.0310000000
0.0310000000
0.0310000000
0.0310000000
0.0310000000
0.0310000000
0.0310000000
0.0310000000
0.0310000000
0.0310000000
0.0310000000
0.0310000000
0.0310000000
0.0310000000
0.0310000000
0.0310000000
0.0310000000
0.0310000000
0.0310000000
0.0310000000
0.0310000000
0.0310000000
0.0310000000
0.0310000000
0.0310000000
0.0310000000
0.0310000000
0.0310000000
0.0310000000
0.0310000000
0.0310000000
0.0310000000
0.0310000000
0.0310000000
0.0310000000
0.0310000000
0.0310000000
0.0310000000
0.0310000000
0.0310000000
0.0310000000
0.0310000000
0.0310000000
0.0310000000
0.0310000000
0.0310000000
0.0310000000
0.0310000000
0.0310000000
0.0310000000
0.0310000000
0.0310000000
0.0310000000
0.0310000000
0.0310000000
0.0310000000
0.0310000000
0.0310000000
0.0310000000
0.0310000000
0.0310000000
0.0310000000
0.0310000000
0.0310000000
0.0310000000
0.0310000000
0.0310000000
0.0310000000
0.0310000000
0.0310000000
0.0310000000
0.0310000000
0.0310000000
0.0310000000
0.0310000000
0.0310000000
0.0310000000
0.0310000000
0.0310000000
0.0310000000
0.0310000000
0.0310000000
0.0310000000
0.0310000000
0.0310000000
0.0310000000
0.0310000000
0.0310000000
0.0310000000
0.0310000000
0.0310000000
0.0310000000
0.0310000000
0.0310000000
0.0310000000
0.0310000000
0.0310000000
0.0310000000
0.0310000000
0.0310000000
0.0310000000
0.0310000000
0.0310000000
0.0310000000
0.0310000000
0.0310000000
0.0310000000
0.0310000000
0.0310000000
0.0310000000
0.0310000000
0.0310000000
0.0310000000
0.0310000000
0.0310000000
0.0310000000
0.0310000000
0.0310000000
0.0310000000
0.0310000000
0.0310000000
0.0310000000
0.0310000000
0.0310000000
0.0310000000
0.0310000000
0.0310000000
0.0310000000
0.0310000000
0.0310000000
0.0310000000
0.0310000000
0.0310000000
0.0310000000
0.0310000000
0.0310000000
0.0310000000
0.0310000000
0.0310000000
0.0310000000
0.0310000000
0.0310000000
0.0310000000
0.0310000000
0.0310000000
0.0310000000
0.0310000000
0.0310000000
0.0310000000
0.0310000000
0.0310000000
0.0310000000
0.0310000000
0.0310000000
0.0310000000
0.0310000000
0.0310000000
0.0310000000
0.0310000000
0.0310000000
0.0310000000
0.0310000000
0.0310000000
0.0310000000
0.0310000000
0.0310000000
0.0310000000
0.0310000000
0.0310000000
0.0310000000
0.0310000000
0.0310000000
0.0310000000
0.0310000000
0.0310000000
0.0310000000
0.0310000000
0.0310000000
0.0310000000
0.0310000000
0.0310000000
0.0310000000
0.0310000000
0.0310000000
0.0310000000
0.0310000000
0.0310000000
0.0310000000
0.0310000000
0.0310000000
0.0310000000
0.0310000000
0.0310000000
0.0310000000
0.0310000000
0.0310000000
0.0310000000
0.0310000000
0.0310000000
0.0310000000
0.0310000000
0.0310000000
0.0310000000
0.0310000000
0.0310000000
0.0310000000
0.0310000000
0.0310000000
0.0310000000
0.0310000000
0.0310000000
0.0310000000
0.0310000000
0.0310000000
0.0310000000
0.0310000000
0.0310000000
0.0310000000
0.0310000000
0.0310000000
0.0310000000
0.0310000000
0.0310000000
0.0310000000
0.0310000000
0.0310000000
0.0310000000
0.0310000000
0.0310000000
0.0310000000
0.0310000000
0.0310000000
0.0310000000
0.0310000000
0.0310000000
0.0310000000
0.0310000000
0.0310000000
0.0310000000
0.0310000000
0.0310000000
0.0310000000
0.0310000000
0.0310000000
0.0310000000
0.0310000000
0.0310000000
0.0310000000
0.0310000000
0.0310000000
0.0310000000
0.0310000000
0.0310000000
0.0310000000
0.0310000000
0.0310000000
0.0310000000
0.0310000000
0.0310000000
0.0310000000
0.0310000000
0.0310000000
0.0310000000
0.0310000000
0.0310000000
0.0310000000
0.0310000000
0.0310000000
0.0310000000
0.0310000000
0.0310000000
0.0310000000
0.0310000000
0.0310000000
0.0310000000
0.0310000000
0.0310000000
0.0310000000
0.0310000000
0.0310000000
0.0310000000
0.0310000000
0.0310000000
0.0310000000
0.0310000000
0.0310000000
0.0310000000
0.0310000000
0.0310000000
0.0310000000
0.0310000000
0.0310000000
0.0310000000
0.0310000000
0.0310000000
0.0310000000
0.0310000000
0.0310000000
0.0310000000
0.0310000000
0.0310000000
0.0310000000
0.0310000000
0.0310000000
0.0310000000
0.0310000000
0.0310000000
0.0310000000
0.0310000000
0.0310000000
0.0310000000
0.0310000000
0.0310000000
0.0310000000
0.0310000000
0.0310000000
0.0310000000
0.0310000000
0.0310000000
0.0310000000
0.0310000000
0.0310000000
0.0310000000
0.0310000000
0.0310000000
0.0310000000
0.0310000000
0.0310000000
0.0310000000
0.0310000000
0.0310000000
0.0310000000
0.0310000000
0.0310000000
0.0310000000
0.0310000000
0.0310000000
0.0310000000
0.0310000000
0.0310000000
0.0310000000
0.0310000000
0.0310000000
0.0310000000
0.0310000000
0.0310000000
0.0310000000
0.0310000000
0.0310000000
0.0310000000
0.0310000000
0.0310000000
0.0310000000
0.0310000000
0.0310000000
0.0310000000
0.0310000000
0.0310000000
0.0310000000
0.0310000000
0.0310000000
0.0310000000
0.0310000000
0.0310000000
0.0310000000
0.0310000000
0.0310000000
0.0310000000
0.0310000000
0.0310000000
0.0310000000
0.0310000000
0.0310000000
0.0310000000
0.0310000000
0.0310000000
0.0310000000
0.0310000000
0.0310000000
0.0310000000
0.0310000000
0.0310000000
0.0310000000
0.0310000000
0.0310000000
0.0310000000
0.0310000000
0.0310000000
0.0310000000
0.0310000000
0.0310000000
0.0310000000
0.0310000000
0.0310000000
0.0310000000
0.0310000000
0.0310000000
0.0310000000
0.0310000000
0.0310000000
0.0310000000
0.0310000000
0.0310000000
0.0310000000
0.0310000000
0.0310000000
0.0310000000
0.0310000000
0.0310000000
0.0310000000
0.0310000000
0.0310000000
0.0310000000
0.0310000000
0.0310000000
0.0310000000
0.0310000000
0.0310000000
0.0310000000
0.0310000000
0.0310000000
0.0310000000
0.0310000000
0.0310000000
0.0310000000
0.0310000000
0.0310000000
0.0310000000
0.0310000000
0.0310000000
0.0310000000
0.0310000000
0.0310000000
0.0310000000
0.0310000000
0.0310000000
0.0310000000
0.0310000000
0.0310000000
0.0310000000
0.0310000000
0.0310000000
0.0310000000
0.0310000000
0.0310000000
0.0310000000
0.0310000000
0.0310000000
0.0310000000
0.0310000000
0.0310000000
0.0310000000
0.0310000000
0.0310000000
0.0310000000
0.0310000000
0.0310000000
0.0310000000
0.0310000000
0.0310000000
0.0310000000
0.0310000000
0.0310000000
0.0310000000
0.0310000000
0.0310000000
0.0310000000
0.0310000000
0.0310000000
0.0310000000
0.0310000000
0.0310000000
0.0310000000
0.0310000000
0.0310000000
0.0310000000
0.0310000000
0.0310000000
0.0310000000
0.0310000000
0.0310000000
0.0310000000
0.0310000000
0.0310000000
0.0310000000
0.0310000000
0.0310000000
0.0310000000
0.0310000000
0.0310000000
0.0310000000
0.0310000000
0.0310000000
0.0310000000
0.0310000000
0.0310000000
0.0310000000
0.0310000000
0.0310000000
0.0310000000
0.0310000000
0.0310000000
0.0310000000
0.0310000000
0.0310000000
0.0310000000
0.0310000000
0.0310000000
0.0310000000
0.0310000000
0.0310000000
0.0310000000
0.0310000000
0.0310000000
0.0310000000
0.0310000000
0.0310000000
0.0310000000
0.0310000000
0.0310000000
0.0310000000
0.0310000000
0.0310000000
0.0310000000
0.0310000000
0.0310000000
0.0310000000
0.0310000000
0.0310000000
0.0310000000
0.0310000000
0.0310000000
0.0310000000
0.0310000000
0.0310000000
0.0310000000
0.0310000000
0.0310000000
0.0310000000
0.0310000000
0.0310000000
0.0310000000
0.0310000000
0.0310000000
0.0310000000
0.0310000000
0.0310000000
0.0310000000
0.0310000000
0.0310000000
0.0310000000
0.0310000000
0.0310000000
0.0310000000
0.0310000000
0.0310000000
0.0310000000
0.0310000000
0.0310000000
0.0310000000
0.0310000000
0.0310000000
0.0310000000
0.0310000000
0.0310000000
0.0310000000
0.0310000000
0.0310000000
0.0310000000
0.0310000000
0.0310000000
0.0310000000
0.0310000000
0.0310000000
0.0310000000
0.0310000000
0.0310000000
0.0310000000
0.0310000000
0.0310000000
0.0310000000
0.0310000000
0.0310000000
0.0310000000
0.0310000000
0.0310000000
0.0310000000
0.0310000000
0.0310000000
0.0310000000
0.0310000000
0.0310000000
0.0310000000
0.0310000000
0.0310000000
0.0310000000
0.0310000000
0.0310000000
0.0310000000
0.0310000000
0.0310000000
0.0310000000
0.0310000000
0.0310000000
0.0310000000
0.0310000000
0.0310000000
0.0310000000
0.0310000000
0.0310000000
0.0310000000
0.0310000000
0.0310000000
0.0310000000
0.0310000000
0.0310000000
0.0310000000
0.0310000000
0.0310000000
0.0310000000
0.0310000000
0.0310000000
0.0310000000
0.0310000000
0.0310000000
0.0310000000
0.0310000000
0.0310000000
0.0310000000
0.0310000000
0.0310000000
0.0310000000
0.0310000000
0.0310000000
0.0310000000
0.0310000000
0.0310000000
0.0310000000
0.0310000000
0.0310000000
0.0310000000
0.0310000000
0.0310000000
0.0310000000
0.0310000000
0.0310000000
0.0310000000
0.0310000000
0.0310000000
0.0310000000
0.0310000000
0.0310000000
0.0310000000
0.0310000000
0.0310000000
0.0310000000
0.0310000000
0.0310000000
0.0310000000
0.0310000000
0.0310000000
0.0310000000
0.0310000000
0.0310000000
0.0310000000
0.0310000000
0.0310000000
0.0310000000
0.0310000000
0.0310000000
0.0310000000
0.0310000000
0.0310000000
0.0310000000
0.0310000000
0.0310000000
0.0310000000
0.0310000000
0.0310000000
0.0310000000
0.0310000000
0.0310000000
0.0310000000
0.0310000000
0.0310000000
0.0310000000
0.0310000000
0.0310000000
0.0310000000
0.0310000000
0.0310000000
0.0310000000
0.0310000000
0.0310000000
0.0310000000
0.0310000000
0.0310000000
0.0310000000
0.0310000000
0.0310000000
0.0310000000
0.0310000000
0.0310000000
0.0310000000
0.0310000000
0.0310000000
0.0310000000
0.0310000000
0.0310000000
0.0310000000
0.0310000000
0.0310000000
0.0310000000
0.0310000000
0.0310000000
0.0310000000
0.0310000000
0.0310000000
0.0310000000
0.0310000000
0.0310000000
0.0310000000
0.0310000000
0.0310000000
0.0310000000
0.0310000000
0.0310000000
0.0310000000
0.0310000000
0.0310000000
0.0310000000
0.0310000000
0.0310000000
0.0310000000
0.0310000000
0.0310000000
0.0310000000
0.0310000000
0.0310000000
0.0310000000
0.0310000000
0.0310000000
0.0310000000
0.0310000000
0.0310000000
0.0310000000
0.0310000000
0.0310000000
0.0310000000
0.0310000000
0.0310000000
0.0310000000
0.0310000000
0.0310000000
0.0310000000
0.0310000000
0.0310000000
0.0310000000
0.0310000000
0.0310000000
0.0310000000
0.0310000000
0.0310000000
0.0310000000
0.0310000000
0.0310000000
0.0310000000
0.0310000000
0.0310000000
0.0310000000
0.0310000000
0.0310000000
0.0310000000
0.0310000000
0.0310000000
0.0310000000
0.0310000000
0.0310000000
0.0310000000
0.0310000000
0.0310000000
0.0310000000
0.0310000000
0.0310000000
0.0310000000
0.0310000000
0.0310000000
0.0310000000
0.0310000000
0.0310000000
0.0310000000
0.0310000000
0.0310000000
0.0310000000
0.0310000000
0.0310000000
0.0310000000
0.0310000000
0.0310000000
0.0310000000
0.0310000000
0.0310000000
0.0310000000
0.0310000000
0.0310000000
0.0310000000
0.0310000000
0.0310000000
0.0310000000
0.0310000000
0.0310000000
0.0310000000
0.0310000000
0.0310000000
0.0310000000
0.0310000000
0.0310000000
0.0310000000
0.0310000000
0.0310000000
0.0310000000
0.0310000000
0.0310000000
0.0310000000
0.0310000000
0.0310000000
0.0310000000
0.0310000000
0.0310000000
0.0310000000
0.0310000000
0.0310000000
0.0310000000
0.0310000000
0.0310000000
0.0310000000
0.0310000000
0.0310000000
0.0310000000
0.0310000000
0.0310000000
0.0310000000
0.0310000000
0.0310000000
0.0310000000
0.0310000000
0.0310000000
0.0310000000
0.0310000000
0.0310000000
0.0310000000
0.0310000000
0.0310000000
0.0310000000
0.0310000000
0.0310000000
0.0310000000
0.0310000000
0.0310000000
0.0310000000
0.0310000000
0.0310000000
0.0310000000
0.0310000000
0.0310000000
0.0310000000
0.0310000000
0.0310000000
0.0310000000
0.0310000000
0.0310000000
0.0310000000
0.0310000000
0.0310000000
0.0310000000
0.0310000000
0.0310000000
0.0310000000
0.0310000000
0.0310000000
0.0310000000
0.0310000000
0.0310000000
0.0310000000
0.0310000000
0.0310000000
0.0310000000
0.0310000000
0.0310000000
0.0310000000
0.0310000000
0.0310000000
0.0310000000
0.0310000000
0.0310000000
0.0310000000
0.0310000000
0.0310000000
0.0310000000
0.0310000000
0.0310000000
0.0310000000
0.0310000000
0.0310000000
0.0310000000
0.0310000000
0.0310000000
0.0310000000
0.0310000000
0.0310000000
0.0310000000
0.0310000000
0.0310000000
0.0310000000
0.0310000000
0.0310000000
0.0310000000
0.0310000000
0.0310000000
0.0310000000
0.0310000000
0.0310000000
0.0310000000
0.0310000000
0.0310000000
0.0310000000
0.0310000000
0.0310000000
0.0310000000
0.0310000000
0.0310000000
0.0310000000
0.0310000000
0.0310000000
0.0310000000
0.0310000000
0.0310000000
0.0310000000
0.0310000000
0.0310000000
0.0310000000
0.0310000000
0.0310000000
0.0310000000
0.0310000000
0.0310000000
0.0310000000
0.0310000000
0.0310000000
0.0310000000
0.0310000000
0.0310000000
0.0310000000
0.0310000000
0.0310000000
0.0310000000
0.0310000000
0.0310000000
0.0310000000
0.0310000000
0.0310000000
0.0310000000
0.0310000000
0.0310000000
0.0310000000
0.0310000000
0.0310000000
0.0310000000
0.0310000000
0.0310000000
0.0310000000
0.0310000000
0.0310000000
0.0310000000
0.0310000000
0.0310000000
0.0310000000
0.0310000000
0.0310000000
0.0310000000
0.0310000000
0.0310000000
0.0310000000
0.0310000000
0.0310000000
0.0310000000
0.0310000000
0.0310000000
0.0310000000
0.0310000000
0.0310000000
0.0310000000
0.0310000000
0.0310000000
0.0310000000
0.0310000000
0.0310000000
0.0310000000
0.0310000000
0.0310000000
0.0310000000
0.0310000000
0.0310000000
0.0310000000
0.0310000000
0.0310000000
0.0310000000
0.0310000000
0.0310000000
0.0310000000
0.0310000000
0.0310000000
0.0310000000
0.0310000000
0.0310000000
0.0310000000
0.0310000000
0.0310000000
0.0310000000
0.0310000000
0.0310000000
0.0310000000
0.0310000000
0.0310000000
0.0310000000
0.0310000000
0.0310000000
0.0310000000
0.0310000000
0.0310000000
0.0310000000
0.0310000000
0.0310000000
0.0310000000
0.0310000000
0.0310000000
0.0310000000
0.0310000000
0.0310000000
0.0310000000
0.0310000000
0.0310000000
0.0310000000
0.0310000000
0.0310000000
0.0310000000
0.0310000000
0.0310000000
0.0310000000
0.0310000000
0.0310000000
0.0310000000
0.0310000000
0.0310000000
0.0310000000
0.0310000000
0.0310000000
0.0310000000
0.0310000000
0.0310000000
0.0310000000
0.0310000000
0.0310000000
0.0310000000
0.0310000000
0.0310000000
0.0310000000
0.0310000000
0.0310000000
0.0310000000
0.0310000000
0.0310000000
0.0310000000
0.0310000000
0.0310000000
0.0310000000
0.0310000000
0.0310000000
0.0310000000
0.0310000000
0.0310000000
0.0310000000
0.0310000000
0.0310000000
0.0310000000
0.0310000000
0.0310000000
0.0310000000
0.0310000000
0.0310000000
0.0310000000
0.0310000000
0.0310000000
0.0310000000
0.0310000000
0.0310000000
0.0310000000
0.0310000000
0.0310000000
0.0310000000
0.0310000000
0.0310000000
0.0310000000
0.0310000000
0.0310000000
0.0310000000
0.0310000000
0.0310000000
0.0310000000
0.0310000000
0.0310000000
0.0310000000
0.0310000000
0.0310000000
0.0310000000
0.0310000000
0.0310000000
0.0310000000
0.0310000000
0.0310000000
0.0310000000
0.0310000000
0.0310000000
0.0310000000
0.0310000000
0.0310000000
0.0310000000
0.0310000000
0.0310000000
0.0310000000
0.0310000000
0.0310000000
0.0310000000
0.0310000000
0.0310000000
0.0310000000
0.0310000000
0.0310000000
0.0310000000
0.0310000000
0.0310000000
0.0310000000
0.0310000000
0.0310000000
0.0310000000
0.0310000000
0.0310000000
0.0310000000
0.0310000000
0.0310000000
0.0310000000
0.0310000000
0.0310000000
0.0310000000
0.0310000000
0.0310000000
0.0310000000
0.0310000000
0.0310000000
0.0310000000
0.0310000000
0.0310000000
0.0310000000
0.0310000000
0.0310000000
0.0310000000
0.0310000000
0.0310000000
0.0310000000
0.0310000000
0.0310000000
0.0310000000
0.0310000000
0.0310000000
0.0310000000
0.0310000000
0.0310000000
0.0310000000
0.0310000000
0.0310000000
0.0310000000
0.0310000000
0.0310000000
0.0310000000
0.0310000000
0.0310000000
0.0310000000
0.0310000000
0.0310000000
0.0310000000
0.0310000000
0.0310000000
0.0310000000
0.0310000000
0.0310000000
0.0310000000
0.0310000000
0.0310000000
0.0310000000
0.0310000000
0.0310000000
0.0310000000
0.0310000000
0.0310000000
0.0310000000
0.0310000000
0.0310000000
0.0310000000
0.0310000000
0.0310000000
0.0310000000
0.0310000000
0.0310000000
0.0310000000
0.0310000000
0.0310000000
0.0310000000
0.0310000000
0.0310000000
0.0310000000
0.0310000000
0.0310000000
0.0310000000
0.0310000000
0.0310000000
0.0310000000
0.0310000000
0.0310000000
0.0310000000
0.0310000000
0.0310000000
0.0310000000
0.0310000000
0.0310000000
0.0310000000
0.0310000000
0.0310000000
0.0310000000
0.0310000000
0.0310000000
0.0310000000
0.0310000000
0.0310000000
0.0310000000
0.0310000000
0.0310000000
0.0310000000
0.0310000000
0.0310000000
0.0310000000
0.0310000000
0.0310000000
0.0310000000
0.0310000000
0.0310000000
0.0310000000
0.0310000000
0.0310000000
0.0310000000
0.0310000000
0.0310000000
0.0310000000
0.0310000000
0.0310000000
0.0310000000
0.0310000000
0.0310000000
0.0310000000
0.0310000000
0.0310000000
0.0310000000
0.0310000000
0.0310000000
0.0310000000
0.0310000000
0.0310000000
0.0310000000
0.0310000000
0.0310000000
0.0310000000
0.0310000000
0.0310000000
0.0310000000
0.0310000000
0.0310000000
0.0310000000
0.0310000000
0.0310000000
0.0310000000
0.0310000000
0.0310000000
0.0310000000
0.0310000000
0.0310000000
0.0310000000
0.0310000000
0.0310000000
0.0310000000
0.0310000000
0.0310000000
0.0310000000
0.0310000000
0.0310000000
0.0310000000
0.0310000000
0.0310000000
0.0310000000
0.0310000000
0.0310000000
0.0310000000
0.0310000000
0.0310000000
0.0310000000
0.0310000000
0.0310000000
0.0310000000
0.0310000000
0.0310000000
0.0310000000
0.0310000000
0.0310000000
0.0310000000
0.0310000000
0.0310000000
0.0310000000
0.0310000000
0.0310000000
0.0310000000
0.0310000000
0.0310000000
0.0310000000
0.0310000000
0.0310000000
0.0310000000
0.0310000000
0.0310000000
0.0310000000
0.0310000000
0.0310000000
0.0310000000
0.0310000000
0.0310000000
0.0310000000
0.0310000000
0.0310000000
0.0310000000
0.0310000000
0.0310000000
0.0310000000
0.0310000000
0.0310000000
0.0310000000
0.0310000000
0.0310000000
0.0310000000
0.0310000000
0.0310000000
0.0310000000
0.0310000000
0.0310000000
0.0310000000
0.0310000000
0.0310000000
0.0310000000
0.0310000000
0.0310000000
0.0310000000
0.0310000000
0.0310000000
0.0310000000
0.0310000000
0.0310000000
0.0310000000
0.0310000000
0.0310000000
0.0310000000
0.0310000000
0.0310000000
0.0310000000
0.0310000000
0.0310000000
0.0310000000
0.0310000000
0.0310000000
0.0310000000
0.0310000000
0.0310000000
0.0310000000
0.0310000000
0.0310000000
0.0310000000
0.0310000000
0.0310000000
0.0310000000
0.0310000000
0.0310000000
0.0310000000
0.0310000000
0.0310000000
0.0310000000
0.0310000000
0.0310000000
0.0310000000
0.0310000000
0.0310000000
0.0310000000
0.0310000000
0.0310000000
0.0310000000
0.0310000000
0.0310000000
0.0310000000
0.0310000000
0.0310000000
0.0310000000
0.0310000000
0.0310000000
0.0310000000
0.0310000000
0.0310000000
0.0310000000
0.0310000000
0.0310000000
0.0310000000
0.0310000000
0.0310000000
0.0310000000
0.0310000000
0.0310000000
0.0310000000
0.0310000000
0.0310000000
0.0310000000
0.0310000000
0.0310000000
0.0310000000
0.0310000000
0.0310000000
0.0310000000
0.0310000000
0.0310000000
0.0310000000
0.0310000000
0.0310000000
0.0310000000
0.0310000000
0.0310000000
0.0310000000
0.0310000000
0.0310000000
0.0310000000
0.0310000000
0.0310000000
0.0310000000
0.0310000000
0.0310000000
0.0310000000
0.0310000000
0.0310000000
0.0310000000
0.0310000000
0.0310000000
0.0310000000
0.0310000000
0.0310000000
0.0310000000
0.0310000000
0.0310000000
0.0310000000
0.0310000000
0.0310000000
0.0310000000
0.0310000000
0.0310000000
0.0310000000
0.0310000000
0.0310000000
0.0310000000
0.0310000000
0.0310000000
0.0310000000
0.0310000000
0.0310000000
0.0310000000
0.0310000000
0.0310000000
0.0310000000
0.0310000000
0.0310000000
0.0310000000
0.0310000000
0.0310000000
0.0310000000
0.0310000000
0.0310000000
0.0310000000
0.0310000000
0.0310000000
0.0310000000
0.0310000000
0.0310000000
0.0310000000
0.0310000000
0.0310000000
0.0310000000
0.0310000000
0.0310000000
0.0310000000
0.0310000000
0.0310000000
0.0310000000
0.0310000000
0.0310000000
0.0310000000
0.0310000000
0.0310000000
0.0310000000
0.0310000000
0.0310000000
0.0310000000
0.0310000000
0.0310000000
0.0310000000
0.0310000000
0.0310000000
0.0310000000
0.0310000000
0.0310000000
0.0310000000
0.0310000000
0.0310000000
0.0310000000
0.0310000000
0.0310000000
0.0310000000
0.0310000000
0.0310000000
0.0310000000
0.0310000000
0.0310000000
0.0310000000
0.0310000000
0.0310000000
0.0310000000
0.0310000000
0.0310000000
0.0310000000
0.0310000000
0.0310000000
0.0310000000
0.0310000000
0.0310000000
0.0310000000
0.0310000000
0.0310000000
0.0310000000
0.0310000000
0.0310000000
0.0310000000
0.0310000000
0.0310000000
0.0310000000
0.0310000000
0.0310000000
0.0310000000
0.0310000000
0.0310000000
0.0310000000
0.0310000000
0.0310000000
0.0310000000
0.0310000000
0.0310000000
0.0310000000
0.0310000000
0.0310000000
0.0310000000
0.0310000000
0.0310000000
0.0310000000
0.0310000000
0.0310000000
0.0310000000
0.0310000000
0.0310000000
0.0310000000
0.0310000000
0.0310000000
0.0310000000
0.0310000000
0.0310000000
0.0310000000
0.0310000000
0.0310000000
0.0310000000
0.0310000000
0.0310000000
0.0310000000
0.0310000000
0.0310000000
0.0310000000
0.0310000000
0.0310000000
0.0310000000
0.0310000000
0.0310000000
0.0310000000
0.0310000000
0.0310000000
0.0310000000
0.0310000000
0.0310000000
0.0310000000
0.0310000000
0.0310000000
0.0310000000
0.0310000000
0.0310000000
0.0310000000
0.0310000000
0.0310000000
0.0310000000
0.0310000000
0.0310000000
0.0310000000
0.0310000000
0.0310000000
0.0310000000
0.0310000000
0.0310000000
0.0310000000
0.0310000000
0.0310000000
0.0310000000
0.0310000000
0.0310000000
0.0310000000
0.0310000000
0.0310000000
0.0310000000
0.0310000000
0.0310000000
0.0310000000
0.0310000000
0.0310000000
0.0310000000
0.0310000000
0.0310000000
0.0310000000
0.0310000000
0.0310000000
0.0310000000
0.0310000000
0.0310000000
0.0310000000
0.0310000000
0.0310000000
0.0310000000
0.0310000000
0.0310000000
0.0310000000
0.0310000000
0.0310000000
0.0310000000
0.0310000000
0.0310000000
0.0310000000
0.0310000000
0.0310000000
0.0310000000
0.0310000000
0.0310000000
0.0310000000
0.0310000000
0.0310000000
0.0310000000
0.0310000000
0.0310000000
0.0310000000
0.0310000000
0.0310000000
0.0310000000
0.0310000000
0.0310000000
0.0310000000
0.0310000000
0.0310000000
0.0310000000
0.0310000000
0.0310000000
0.0310000000
0.0310000000
0.0310000000
0.0310000000
0.0310000000
0.0310000000
0.0310000000
0.0310000000
0.0310000000
0.0310000000
0.0310000000
0.0310000000
0.0310000000
0.0310000000
0.0310000000
0.0310000000
0.0310000000
0.0310000000
0.0310000000
0.0310000000
0.0310000000
0.0310000000
0.0310000000
0.0310000000
0.0310000000
0.0310000000
0.0310000000
0.0310000000
0.0310000000
0.0310000000
0.0310000000
0.0310000000
0.0310000000
0.0310000000
0.0310000000
0.0310000000
0.0310000000
0.0310000000
0.0310000000
0.0310000000
0.0310000000
0.0310000000
0.0310000000
0.0310000000
0.0310000000
0.0310000000
0.0310000000
0.0310000000
0.0310000000
0.0310000000
0.0310000000
0.0310000000
0.0310000000
0.0310000000
0.0310000000
0.0310000000
0.0310000000
0.0310000000
0.0310000000
0.0310000000
0.0310000000
0.0310000000
0.0310000000
0.0310000000
0.0310000000
0.0310000000
0.0310000000
0.0310000000
0.0310000000
0.0310000000
0.0310000000
0.0310000000
0.0310000000
0.0310000000
0.0310000000
0.0310000000
0.0310000000
0.0310000000
0.0310000000
0.0310000000
0.0310000000
0.0310000000
0.0310000000
0.0310000000
0.0310000000
0.0310000000
0.0310000000
0.0310000000
0.0310000000
0.0310000000
0.0310000000
0.0310000000
0.0310000000
0.0310000000
0.0310000000
0.0310000000
0.0310000000
0.0310000000
0.0310000000
0.0310000000
0.0310000000
0.0310000000
0.0310000000
0.0310000000
0.0310000000
0.0310000000
0.0310000000
0.0310000000
0.0310000000
0.0310000000
0.0310000000
0.0310000000
0.0310000000
0.0310000000
0.0310000000
0.0310000000
0.0310000000
0.0310000000
0.0310000000
0.0310000000
0.0310000000
0.0310000000
0.0310000000
0.0310000000
0.0310000000
0.0310000000
0.0310000000
0.0310000000
0.0310000000
0.0310000000
0.0310000000
0.0310000000
0.0310000000
0.0310000000
0.0310000000
0.0310000000
0.0310000000
0.0310000000
0.0310000000
0.0310000000
0.0310000000
0.0310000000
0.0310000000
0.0310000000
0.0310000000
0.0310000000
0.0310000000
0.0310000000
0.0310000000
0.0310000000
0.0310000000
0.0310000000
0.0310000000
0.0310000000
0.0310000000
0.0310000000
0.0310000000
0.0310000000
0.0310000000
0.0310000000
0.0310000000
0.0310000000
0.0310000000
0.0310000000
0.0310000000
0.0310000000
0.0310000000
0.0310000000
0.0310000000
0.0310000000
0.0310000000
0.0310000000
0.0310000000
0.0310000000
0.0310000000
0.0310000000
0.0310000000
0.0310000000
0.0310000000
0.0310000000
0.0310000000
0.0310000000
0.0310000000
0.0310000000
0.0310000000
0.0310000000
0.0310000000
0.0310000000
0.0310000000
0.0310000000
0.0310000000
0.0310000000
0.0310000000
0.0310000000
0.0310000000
0.0310000000
0.0310000000
0.0310000000
0.0310000000
0.0310000000
0.0310000000
0.0310000000
0.0310000000
0.0310000000
0.0310000000
0.0310000000
0.0310000000
0.0310000000
0.0310000000
0.0310000000
0.0310000000
0.0310000000
0.0310000000
0.0310000000
0.0310000000
0.0310000000
0.0310000000
0.0310000000
0.0310000000
0.0310000000
0.0310000000
0.0310000000
0.0310000000
0.0310000000
0.0310000000
0.0310000000
0.0310000000
0.0310000000
0.0310000000
0.0310000000
0.0310000000
0.0310000000
0.0310000000
0.0310000000
0.0310000000
0.0310000000
0.0310000000
0.0310000000
0.0310000000
0.0310000000
0.0310000000
0.0310000000
0.0310000000
0.0310000000
0.0310000000
0.0310000000
0.0310000000
0.0310000000
0.0310000000
0.0310000000
0.0310000000
0.0310000000
0.0310000000
0.0310000000
0.0310000000
0.0310000000
0.0310000000
0.0310000000
0.0310000000
0.0310000000
0.0310000000
0.0310000000
0.0310000000
0.0310000000
0.0310000000
0.0310000000
0.0310000000
0.0310000000
0.0310000000
0.0310000000
0.0310000000
0.0310000000
0.0310000000
0.0310000000
0.0310000000
0.0310000000
0.0310000000
0.0310000000
0.0310000000
0.0310000000
0.0310000000
0.0310000000
0.0310000000
0.0310000000
0.0310000000
0.0310000000
0.0310000000
0.0310000000
0.0310000000
0.0310000000
0.0310000000
0.0310000000
0.0310000000
0.0310000000
0.0310000000
0.0310000000
0.0310000000
0.0310000000
0.0310000000
0.0310000000
0.0310000000
0.0310000000
0.0310000000
0.0310000000
0.0310000000
0.0310000000
0.0310000000
0.0310000000
0.0310000000
0.0310000000
0.0310000000
0.0310000000
0.0310000000
0.0310000000
0.0310000000
0.0310000000
0.0310000000
0.0310000000
0.0310000000
0.0310000000
0.0310000000
0.0310000000
0.0310000000
0.0310000000
0.0310000000
0.0310000000
0.0310000000
0.0310000000
0.0310000000
0.0310000000
0.0310000000
0.0310000000
0.0310000000
0.0310000000
0.0310000000
0.0310000000
0.0310000000
0.0310000000
0.0310000000
0.0310000000
0.0310000000
0.0310000000
0.0310000000
0.0310000000
0.0310000000
0.0310000000
0.0310000000
0.0310000000
0.0310000000
0.0310000000
0.0310000000
0.0310000000
0.0310000000
0.0310000000
0.0310000000
0.0310000000
0.0310000000
0.0310000000
0.0310000000
0.0310000000
0.0310000000
0.0310000000
0.0310000000
0.0310000000
0.0310000000
0.0310000000
0.0310000000
0.0310000000
0.0310000000
0.0310000000
0.0310000000
0.0310000000
0.0310000000
0.0310000000
0.0310000000
0.0310000000
0.0310000000
0.0310000000
0.0310000000
0.0310000000
0.0310000000
0.0310000000
0.0310000000
0.0310000000
0.0310000000
0.0310000000
0.0310000000
0.0310000000
0.0310000000
0.0310000000
0.0310000000
0.0310000000
0.0310000000
0.0310000000
0.0310000000
0.0310000000
0.0310000000
0.0310000000
0.0310000000
0.0310000000
0.0310000000
0.0310000000
0.0310000000
0.0310000000
0.0310000000
0.0310000000
0.0310000000
0.0310000000
0.0310000000
0.0310000000
0.0310000000
0.0310000000
0.0310000000
0.0310000000
0.0310000000
0.0310000000
0.0310000000
0.0310000000
0.0310000000
0.0310000000
0.0310000000
0.0310000000
0.0310000000
0.0310000000
0.0310000000
0.0310000000
0.0310000000
0.0310000000
0.0310000000
0.0310000000
0.0310000000
0.0310000000
0.0310000000
0.0310000000
0.0310000000
0.0310000000
0.0310000000
0.0310000000
0.0310000000
0.0310000000
0.0310000000
0.0310000000
0.0310000000
0.0310000000
0.0310000000
0.0310000000
0.0310000000
0.0310000000
0.0310000000
0.0310000000
0.0310000000
0.0310000000
0.0310000000
0.0310000000
0.0310000000
0.0310000000
0.0310000000
0.0310000000
0.0310000000
0.0310000000
0.0310000000
0.0310000000
0.0310000000
0.0310000000
0.0310000000
0.0310000000
0.0310000000
0.0310000000
0.0310000000
0.0310000000
0.0310000000
0.0310000000
0.0310000000
0.0310000000
0.0310000000
0.0310000000
0.0310000000
0.0310000000
0.0310000000
0.0310000000
0.0310000000
0.0310000000
0.0310000000
0.0310000000
0.0310000000
0.0310000000
0.0310000000
0.0310000000
0.0310000000
0.0310000000
0.0310000000
0.0310000000
0.0310000000
0.0310000000
0.0310000000
0.0310000000
0.0310000000
0.0310000000
0.0310000000
0.0310000000
0.0310000000
0.0310000000
0.0310000000
0.0310000000
0.0310000000
0.0310000000
0.0310000000
0.0310000000
0.0310000000
0.0310000000
0.0310000000
0.0310000000
0.0310000000
0.0310000000
0.0310000000
0.0310000000
0.0310000000
0.0310000000
0.0310000000
0.0310000000
0.0310000000
0.0310000000
0.0310000000
0.0310000000
0.0310000000
0.0310000000
0.0310000000
0.0310000000
0.0310000000
0.0310000000
0.0310000000
0.0310000000
0.0310000000
0.0310000000
0.0310000000
0.0310000000
0.0310000000
0.0310000000
0.0310000000
0.0310000000
0.0310000000
0.0310000000
0.0310000000
0.0310000000
0.0310000000
0.0310000000
0.0310000000
0.0310000000
0.0310000000
0.0310000000
0.0310000000
0.0310000000
0.0310000000
0.0310000000
0.0310000000
0.0310000000
0.0310000000
0.0310000000
0.0310000000
0.0310000000
0.0310000000
0.0310000000
0.0310000000
0.0310000000
0.0310000000
0.0310000000
0.0310000000
0.0310000000
0.0310000000
0.0310000000
0.0310000000
0.0310000000
0.0310000000
0.0310000000
0.0310000000
0.0310000000
0.0310000000
0.0310000000
0.0310000000
0.0310000000
0.0310000000
0.0310000000
0.0310000000
0.0310000000
0.0310000000
0.0310000000
0.0310000000
0.0310000000
0.0310000000
0.0310000000
0.0310000000
0.0310000000
0.0310000000
0.0310000000
0.0310000000
0.0310000000
0.0310000000
0.0310000000
0.0310000000
0.0310000000
0.0310000000
0.0310000000
0.0310000000
0.0310000000
0.0310000000
0.0310000000
0.0310000000
0.0310000000
0.0310000000
0.0310000000
0.0310000000
0.0310000000
0.0310000000
0.0310000000
0.0310000000
0.0310000000
0.0310000000
0.0310000000
0.0310000000
0.0310000000
0.0310000000
0.0310000000
0.0310000000
0.0310000000
0.0310000000
0.0310000000
0.0310000000
0.0310000000
0.0310000000
0.0310000000
0.0310000000
0.0310000000
0.0310000000
0.0310000000
0.0310000000
0.0310000000
0.0310000000
0.0310000000
0.0310000000
0.0310000000
0.0310000000
0.0310000000
0.0310000000
0.0310000000
0.0310000000
0.0310000000
0.0310000000
0.0310000000
0.0310000000
0.0310000000
0.0310000000
0.0310000000
0.0310000000
0.0310000000
0.0310000000
0.0310000000
0.0310000000
0.0310000000
0.0310000000
0.0310000000
0.0310000000
0.0310000000
0.0310000000
0.0310000000
0.0310000000
0.0310000000
0.0310000000
0.0310000000
0.0310000000
0.0310000000
0.0310000000
0.0310000000
0.0310000000
0.0310000000
0.0310000000
0.0310000000
0.0310000000
0.0310000000
0.0310000000
0.0310000000
0.0310000000
0.0310000000
0.0310000000
0.0310000000
0.0310000000
0.0310000000
0.0310000000
0.0310000000
0.0310000000
0.0310000000
0.0310000000
0.0310000000
0.0310000000
0.0310000000
0.0310000000
0.0310000000
0.0310000000
0.0310000000
0.0310000000
0.0310000000
0.0310000000
0.0310000000
0.0310000000
0.0310000000
0.0310000000
0.0310000000
0.0310000000
0.0310000000
0.0310000000
0.0310000000
0.0310000000
0.0310000000
0.0310000000
0.0310000000
0.0310000000
0.0310000000
0.0310000000
0.0310000000
0.0310000000
0.0310000000
0.0310000000
0.0310000000
0.0310000000
0.0310000000
0.0310000000
0.0310000000
0.0310000000
0.0310000000
0.0310000000
0.0310000000
0.0310000000
0.0310000000
0.0310000000
0.0310000000
0.0310000000
0.0310000000
0.0310000000
0.0310000000
0.0310000000
0.0310000000
0.0310000000
0.0310000000
0.0310000000
0.0310000000
0.0310000000
0.0310000000
0.0310000000
0.0310000000
0.0310000000
0.0310000000
0.0310000000
0.0310000000
0.0310000000
0.0310000000
0.0310000000
0.0310000000
0.0310000000
0.0310000000
0.0310000000
0.0310000000
0.0310000000
0.0310000000
0.0310000000
0.0310000000
0.0310000000
0.0310000000
0.0310000000
0.0310000000
0.0310000000
0.0310000000
0.0310000000
0.0310000000
0.0310000000
0.0310000000
0.0310000000
0.0310000000
0.0310000000
0.0310000000
0.0310000000
0.0310000000
0.0310000000
0.0310000000
0.0310000000
0.0310000000
0.0310000000
0.0310000000
0.0310000000
0.0310000000
0.0310000000
0.0310000000
0.0310000000
0.0310000000
0.0310000000
0.0310000000
0.0310000000
0.0310000000
0.0310000000
0.0310000000
0.0310000000
0.0310000000
0.0310000000
0.0310000000
0.0310000000
0.0310000000
0.0310000000
0.0310000000
0.0310000000
0.0310000000
0.0310000000
0.0310000000
0.0310000000
0.0310000000
0.0310000000
0.0310000000
0.0310000000
0.0310000000
0.0310000000
0.0310000000
0.0310000000
0.0310000000
0.0310000000
0.0310000000
0.0310000000
0.0310000000
0.0310000000
0.0310000000
0.0310000000
0.0310000000
0.0310000000
0.0310000000
0.0310000000
0.0310000000
0.0310000000
0.0310000000
0.0310000000
0.0310000000
0.0310000000
0.0310000000
0.0310000000
0.0310000000
0.0310000000
0.0310000000
0.0310000000
0.0310000000
0.0310000000
0.0310000000
0.0310000000
0.0310000000
0.0310000000
0.0310000000
0.0310000000
0.0310000000
0.0310000000
0.0310000000
0.0310000000
0.0310000000
0.0310000000
0.0310000000
0.0310000000
0.0310000000
0.0310000000
0.0310000000
0.0310000000
0.0310000000
0.0310000000
0.0310000000
0.0310000000
0.0310000000
0.0310000000
0.0310000000
0.0310000000
0.0310000000
0.0310000000
0.0310000000
0.0310000000
0.0310000000
0.0310000000
0.0310000000
0.0310000000
0.0310000000
0.0310000000
0.0310000000
0.0310000000
0.0310000000
0.0310000000
0.0310000000
0.0310000000
0.0310000000
0.0310000000
0.0310000000
0.0310000000
0.0310000000
0.0310000000
0.0310000000
0.0310000000
0.0310000000
0.0310000000
0.0310000000
0.0310000000
0.0310000000
0.0310000000
0.0310000000
0.0310000000
0.0310000000
0.0310000000
0.0310000000
0.0310000000
0.0310000000
0.0310000000
0.0310000000
0.0310000000
0.0310000000
0.0310000000
0.0310000000
0.0310000000
0.0310000000
0.0310000000
0.0310000000
0.0310000000
0.0310000000
0.0310000000
0.0310000000
0.0310000000
0.0310000000
0.0310000000
0.0310000000
0.0310000000
0.0310000000
0.0310000000
0.0310000000
0.0310000000
0.0310000000
0.0310000000
0.0310000000
0.0310000000
0.0310000000
0.0310000000
0.0310000000
0.0310000000
0.0310000000
0.0310000000
0.0310000000
0.0310000000
0.0310000000
0.0310000000
0.0310000000
0.0310000000
0.0310000000
0.0310000000
0.0310000000
0.0310000000
0.0310000000
0.0310000000
0.0310000000
0.0310000000
0.0310000000
0.0310000000
0.0310000000
0.0310000000
0.0310000000
0.0310000000
0.0310000000
0.0310000000
0.0310000000
0.0310000000
0.0310000000
0.0310000000
0.0310000000
0.0310000000
0.0310000000
0.0310000000
0.0310000000
0.0310000000
0.0310000000
0.0310000000
0.0310000000
0.0310000000
0.0310000000
0.0310000000
0.0310000000
0.0310000000
0.0310000000
0.0310000000
0.0310000000
0.0310000000
0.0310000000
0.0310000000
0.0310000000
0.0310000000
0.0310000000
0.0310000000
0.0310000000
0.0310000000
0.0310000000
0.0310000000
0.0310000000
0.0310000000
0.0310000000
0.0310000000
0.0310000000
0.0310000000
0.0310000000
0.0310000000
0.0310000000
0.0310000000
0.0310000000
0.0310000000
0.0310000000
0.0310000000
0.0310000000
0.0310000000
0.0310000000
0.0310000000
0.0310000000
0.0310000000
0.0310000000
0.0310000000
0.0310000000
0.0310000000
0.0310000000
0.0310000000
0.0310000000
0.0310000000
0.0310000000
0.0310000000
0.0310000000
0.0310000000
0.0310000000
0.0310000000
0.0310000000
0.0310000000
0.0310000000
0.0310000000
0.0310000000
0.0310000000
0.0310000000
0.0310000000
0.0310000000
0.0310000000
0.0310000000
0.0310000000
0.0310000000
0.0310000000
0.0310000000
0.0310000000
0.0310000000
0.0310000000
0.0310000000
0.0310000000
0.0310000000
0.0310000000
0.0310000000
0.0310000000
0.0310000000
0.0310000000
0.0310000000
0.0310000000
0.0310000000
0.0310000000
0.0310000000
0.0310000000
0.0310000000
0.0310000000
0.0310000000
0.0310000000
0.0310000000
0.0310000000
0.0310000000
0.0310000000
0.0310000000
0.0310000000
0.0310000000
0.0310000000
0.0310000000
0.0310000000
0.0310000000
0.0310000000
0.0310000000
0.0310000000
0.0310000000
0.0310000000
0.0310000000
0.0310000000
0.0310000000
0.0310000000
0.0310000000
0.0310000000
0.0310000000
0.0310000000
0.0310000000
0.0310000000
0.0310000000
0.0310000000
0.0310000000
0.0310000000
0.0310000000
0.0310000000
0.0310000000
0.0310000000
0.0310000000
0.0310000000
0.0310000000
0.0310000000
0.0310000000
0.0310000000
0.0310000000
0.0310000000
0.0310000000
0.0310000000
0.0310000000
0.0310000000
0.0310000000
0.0310000000
0.0310000000
0.0310000000
0.0310000000
0.0310000000
0.0310000000
0.0310000000
0.0310000000
0.0310000000
0.0310000000
0.0310000000
0.0310000000
0.0310000000
0.0310000000
0.0310000000
0.0310000000
0.0310000000
0.0310000000
0.0310000000
0.0310000000
0.0310000000
0.0310000000
0.0310000000
0.0310000000
0.0310000000
0.0310000000
0.0310000000
0.0310000000
0.0310000000
0.0310000000
0.0310000000
0.0310000000
0.0310000000
0.0310000000
0.0310000000
0.0310000000
0.0310000000
0.0310000000
0.0310000000
0.0310000000
0.0310000000
0.0310000000
0.0310000000
0.0310000000
0.0310000000
0.0310000000
0.0310000000
0.0310000000
0.0310000000
0.0310000000
0.0310000000
0.0310000000
0.0310000000
0.0310000000
0.0310000000
0.0310000000
0.0310000000
0.0310000000
0.0310000000
0.0310000000
0.0310000000
0.0310000000
0.0310000000
0.0310000000
0.0310000000
0.0310000000
0.0310000000
0.0310000000
0.0310000000
0.0310000000
0.0310000000
0.0310000000
0.0310000000
0.0310000000
0.0310000000
0.0310000000
0.0310000000
0.0310000000
0.0310000000
0.0310000000
0.0310000000
0.0310000000
0.0310000000
0.0310000000
0.0310000000
0.0310000000
0.0310000000
0.0310000000
0.0310000000
0.0310000000
0.0310000000
0.0310000000
0.0310000000
0.0310000000
0.0310000000
0.0310000000
0.0310000000
0.0310000000
0.0310000000
0.0310000000
0.0310000000
0.0310000000
0.0310000000
0.0310000000
0.0310000000
0.0310000000
0.0310000000
0.0310000000
0.0310000000
0.0310000000
0.0310000000
0.0310000000
0.0310000000
0.0310000000
0.0310000000
0.0310000000
0.0310000000
0.0310000000
0.0310000000
0.0310000000
0.0310000000
0.0310000000
0.0310000000
0.0310000000
0.0310000000
0.0310000000
0.0310000000
0.0310000000
0.0310000000
0.0310000000
0.0310000000
0.0310000000
0.0310000000
0.0310000000
0.0310000000
0.0310000000
0.0310000000
0.0310000000
0.0310000000
0.0310000000
0.0310000000
0.0310000000
0.0310000000
0.0310000000
0.0310000000
0.0310000000
0.0310000000
0.0310000000
0.0310000000
0.0310000000
0.0310000000
0.0310000000
0.0310000000
0.0310000000
0.0310000000
0.0310000000
0.0310000000
0.0310000000
0.0310000000
0.0310000000
0.0310000000
0.0310000000
0.0310000000
0.0310000000
0.0310000000
0.0310000000
0.0310000000
0.0310000000
0.0310000000
0.0310000000
0.0310000000
0.0310000000
0.0310000000
0.0310000000
0.0310000000
0.0310000000
0.0310000000
0.0310000000
0.0310000000
0.0310000000
0.0310000000
0.0310000000
0.0310000000
0.0310000000
0.0310000000
0.0310000000
0.0310000000
0.0310000000
0.0310000000
0.0310000000
0.0310000000
0.0310000000
0.0310000000
0.0310000000
0.0310000000
0.0310000000
0.0310000000
0.0310000000
0.0310000000
0.0310000000
0.0310000000
0.0310000000
0.0310000000
0.0310000000
0.0310000000
0.0310000000
0.0310000000
0.0310000000
0.0310000000
0.0310000000
0.0310000000
0.0310000000
0.0310000000
0.0310000000
0.0310000000
0.0310000000
0.0310000000
0.0310000000
0.0310000000
0.0310000000
0.0310000000
0.0310000000
0.0310000000
0.0310000000
0.0310000000
0.0310000000
0.0310000000
0.0310000000
0.0310000000
0.0310000000
0.0310000000
0.0310000000
0.0310000000
0.0310000000
0.0310000000
0.0310000000
0.0310000000
0.0310000000
0.0310000000
0.0310000000
0.0310000000
0.0310000000
0.0310000000
0.0310000000
0.0310000000
0.0310000000
0.0310000000
0.0310000000
0.0310000000
0.0310000000
0.0310000000
0.0310000000
0.0310000000
0.0310000000
0.0310000000
0.0310000000
0.0310000000
0.0310000000
0.0310000000
0.0310000000
0.0310000000
0.0310000000
0.0310000000
0.0310000000
0.0310000000
0.0310000000
0.0310000000
0.0310000000
0.0310000000
0.0310000000
0.0310000000
0.0310000000
0.0310000000
0.0310000000
0.0310000000
0.0310000000
0.0310000000
0.0310000000
0.0310000000
0.0310000000
0.0310000000
0.0310000000
0.0310000000
0.0310000000
0.0310000000
0.0310000000
0.0310000000
0.0310000000
0.0310000000
0.0310000000
0.0310000000
0.0310000000
0.0310000000
0.0310000000
0.0310000000
0.0310000000
0.0310000000
0.0310000000
0.0310000000
0.0310000000
0.0310000000
0.0310000000
0.0310000000
0.0310000000
0.0310000000
0.0310000000
0.0310000000
0.0310000000
0.0310000000
0.0310000000
0.0310000000
0.0310000000
0.0310000000
0.0310000000
0.0310000000
0.0310000000
0.0310000000
0.0310000000
0.0310000000
0.0310000000
0.0310000000
0.0310000000
0.0310000000
0.0310000000
0.0310000000
0.0310000000
0.0310000000
0.0310000000
0.0310000000
0.0310000000
0.0310000000
0.0310000000
0.0310000000
0.0310000000
0.0310000000
0.0310000000
0.0310000000
0.0310000000
0.0310000000
0.0310000000
0.0310000000
0.0310000000
0.0310000000
0.0310000000
0.0310000000
0.0310000000
0.0310000000
0.0310000000
0.0310000000
0.0310000000
0.0310000000
0.0310000000
0.0310000000
0.0310000000
0.0310000000
0.0310000000
0.0310000000
0.0310000000
0.0310000000
0.0310000000
0.0310000000
0.0310000000
0.0310000000
0.0310000000
0.0310000000
0.0310000000
0.0310000000
0.0310000000
0.0310000000
0.0310000000
0.0310000000
0.0310000000
0.0310000000
0.0310000000
0.0310000000
0.0310000000
0.0310000000
0.0310000000
0.0310000000
0.0310000000
0.0310000000
0.0310000000
0.0310000000
0.0310000000
0.0310000000
0.0310000000
0.0310000000
0.0310000000
0.0310000000
0.0310000000
0.0310000000
0.0310000000
0.0310000000
0.0310000000
0.0310000000
0.0310000000
0.0310000000
0.0310000000
0.0310000000
0.0310000000
0.0310000000
0.0310000000
0.0310000000
0.0310000000
0.0310000000
0.0310000000
0.0310000000
0.0310000000
0.0310000000
0.0310000000
0.0310000000
0.0310000000
0.0310000000
0.0310000000
0.0310000000
0.0310000000
0.0310000000
0.0310000000
0.0310000000
0.0310000000
0.0310000000
0.0310000000
0.0310000000
0.0310000000
0.0310000000
0.0310000000
0.0310000000
0.0310000000
0.0310000000
0.0310000000
0.0310000000
0.0310000000
0.0310000000
0.0310000000
0.0310000000
0.0310000000
0.0310000000
0.0310000000
0.0310000000
0.0310000000
0.0310000000
0.0310000000
0.0310000000
0.0310000000
0.0310000000
0.0310000000
0.0310000000
0.0310000000
0.0310000000
0.0310000000
0.0310000000
0.0310000000
0.0310000000
0.0310000000
0.0310000000
0.0310000000
0.0310000000
0.0310000000
0.0310000000
0.0310000000
0.0310000000
0.0310000000
0.0310000000
0.0310000000
0.0310000000
0.0310000000
0.0310000000
0.0310000000
0.0310000000
0.0310000000
0.0310000000
0.0310000000
0.0310000000
0.0310000000
0.0310000000
0.0310000000
0.0310000000
0.0310000000
0.0310000000
0.0310000000
0.0310000000
0.0310000000
0.0310000000
0.0310000000
0.0310000000
0.0310000000
0.0310000000
0.0310000000
0.0310000000
0.0310000000
0.0310000000
0.0310000000
0.0310000000
0.0310000000
0.0310000000
0.0310000000
0.0310000000
0.0310000000
0.0310000000
0.0310000000
0.0310000000
0.0310000000
0.0310000000
0.0310000000
0.0310000000
0.0310000000
0.0310000000
0.0310000000
0.0310000000
0.0310000000
0.0310000000
0.0310000000
0.0310000000
0.0310000000
0.0310000000
0.0310000000
0.0310000000
0.0310000000
0.0310000000
0.0310000000
0.0310000000
0.0310000000
0.0310000000
0.0310000000
0.0310000000
0.0310000000
0.0310000000
0.0310000000
0.0310000000
0.0310000000
0.0310000000
0.0310000000
0.0310000000
0.0310000000
0.0310000000
0.0310000000
0.0310000000
0.0310000000
0.0310000000
0.0310000000
0.0310000000
0.0310000000
0.0310000000
0.0310000000
0.0310000000
0.0310000000
0.0310000000
0.0310000000
0.0310000000
0.0310000000
0.0310000000
0.0310000000
0.0310000000
0.0310000000
0.0310000000
0.0310000000
0.0310000000
0.0310000000
0.0310000000
0.0310000000
0.0310000000
0.0310000000
0.0310000000
0.0310000000
0.0310000000
0.0310000000
0.0310000000
0.0310000000
0.0310000000
0.0310000000
0.0310000000
0.0310000000
0.0310000000
0.0310000000
0.0310000000
0.0310000000
0.0310000000
0.0310000000
0.0310000000
0.0310000000
0.0310000000
0.0310000000
0.0310000000
0.0310000000
0.0310000000
0.0310000000
0.0310000000
0.0310000000
0.0310000000
0.0310000000
0.0310000000
0.0310000000
0.0310000000
0.0310000000
0.0310000000
0.0310000000
0.0310000000
0.0310000000
0.0310000000
0.0310000000
0.0310000000
0.0310000000
0.0310000000
0.0310000000
0.0310000000
0.0310000000
0.0310000000
0.0310000000
0.0310000000
0.0310000000
0.0310000000
0.0310000000
0.0310000000
0.0310000000
0.0310000000
0.0310000000
0.0310000000
0.0310000000
0.0310000000
0.0310000000
0.0310000000
0.0310000000
0.0310000000
0.0310000000
0.0310000000
0.0310000000
0.0310000000
0.0310000000
0.0310000000
0.0310000000
0.0310000000
0.0310000000
0.0310000000
0.0310000000
0.0310000000
0.0310000000
0.0310000000
0.0310000000
0.0310000000
0.0310000000
0.0310000000
0.0310000000
0.0310000000
0.0310000000
0.0310000000
0.0310000000
0.0310000000
0.0310000000
0.0310000000
0.0310000000
0.0310000000
0.0310000000
0.0310000000
0.0310000000
0.0310000000
0.0310000000
0.0310000000
0.0310000000
0.0310000000
0.0310000000
0.0310000000
0.0310000000
0.0310000000
0.0310000000
0.0310000000
0.0310000000
0.0310000000
0.0310000000
0.0310000000
0.0310000000
0.0310000000
0.0310000000
0.0310000000
0.0310000000
0.0310000000
0.0310000000
0.0310000000
0.0310000000
0.0310000000
0.0310000000
0.0310000000
0.0310000000
0.0310000000
0.0310000000
0.0310000000
0.0310000000
0.0310000000
0.0310000000
0.0310000000
0.0310000000
0.0310000000
0.0310000000
0.0310000000
0.0310000000
0.0310000000
0.0310000000
0.0310000000
0.0310000000
0.0310000000
0.0310000000
0.0310000000
0.0310000000
0.0310000000
0.0310000000
0.0310000000
0.0310000000
0.0310000000
0.0310000000
0.0310000000
0.0310000000
0.0310000000
0.0310000000
0.0310000000
0.0310000000
0.0310000000
0.0310000000
0.0310000000
0.0310000000
0.0310000000
0.0310000000
0.0310000000
0.0310000000
0.0310000000
0.0310000000
0.0310000000
0.0310000000
0.0310000000
0.0310000000
0.0310000000
0.0310000000
0.0310000000
0.0310000000
0.0310000000
0.0310000000
0.0310000000
0.0310000000
0.0310000000
0.0310000000
0.0310000000
0.0310000000
0.0310000000
0.0310000000
0.0310000000
0.0310000000
0.0310000000
0.0310000000
0.0310000000
0.0310000000
0.0310000000
