0.0917233583
0.0915856752
0.0915856752
0.0915856752
0.0915846826
0.0915846826
0.0915846826
0.0915846826
0.0915669856
0.0915669856
0.0915292100
0.0915292100
0.0915068176
0.0915054482
0.0905782342
0.0905404586
0.0905404586
0.0904974721
0.0904596965
0.0904482886
0.0878304397
0.0878304397
0.0878301636
0.0878301636
0.0878301636
0.0858313714
0.0858313714
0.0858313714
0.0854769285
0.0848824300
0.0847471116
0.0841920731
0.0841920731
0.0841806189
0.0837588444
0.0837588444
0.0832543226
0.0832543226
0.0832487894
0.0830395417
0.0830395417
0.0829101404
0.0829101404
0.0808371886
0.0807662556
0.0806309372
0.0806044356
0.0806044356
0.0805397789
0.0804414676
0.0802871585
0.0802855601
0.0802855601
0.0802833002
0.0802005145
0.0801488805
0.0801488805
0.0799538386
0.0798902999
0.0798433057
0.0789458919
0.0785392548
0.0785392548
0.0784540838
0.0776059551
0.0774780200
0.0772283092
0.0772283092
0.0771218047
0.0763353625
0.0762110722
0.0761917735
0.0759973107
0.0758151435
0.0757866405
0.0754568561
0.0753432475
0.0753163700
0.0753163700
0.0750917305
0.0750417550
0.0749868724
0.0748030012
0.0742199924
0.0741322472
0.0741280199
0.0740639079
0.0740300461
0.0736687069
0.0736416772
0.0736003053
0.0729686407
0.0729274726
0.0728377178
0.0727447447
0.0727054577
0.0727054577
0.0725427439
0.0725427439
0.0723014920
0.0721267642
0.0720671054
0.0719916816
0.0718648571
0.0717241797
0.0716847502
0.0715431393
0.0711205566
0.0710952513
0.0710425374
0.0710392203
0.0710324367
0.0710129270
0.0709968813
0.0708248636
0.0706574682
0.0705828493
0.0704324134
0.0704324134
0.0703359419
0.0703293870
0.0702136634
0.0701352839
0.0700388821
0.0700006311
0.0700006311
0.0699379538
0.0687933839
0.0687726066
0.0687345658
0.0686672159
0.0686672159
0.0683914616
0.0683636936
0.0683413897
0.0683413897
0.0681020222
0.0680603162
0.0680603162
0.0680343293
0.0677857476
0.0677857476
0.0677580607
0.0669717602
0.0669114283
0.0669114283
0.0669114283
0.0668507153
0.0667398827
0.0667283418
0.0667030547
0.0666721005
0.0666715833
0.0666277887
0.0666277887
0.0665777543
0.0665777543
0.0665527808
0.0662215292
0.0661334658
0.0655614633
0.0655287017
0.0652769174
0.0651762128
0.0651611935
0.0651220641
0.0650833942
0.0650067548
0.0650067548
0.0649613095
0.0648957672
0.0648755566
0.0645392346
0.0645119132
0.0644681471
0.0644395798
0.0644381106
0.0643832689
0.0642383482
0.0642232196
0.0642082618
0.0639575390
0.0639332065
0.0638457207
0.0637568474
0.0637337668
0.0637245827
0.0635905996
0.0635029204
0.0634804648
0.0634019552
0.0633778909
0.0633671978
0.0633335402
0.0631202809
0.0630872208
0.0624097601
0.0624051924
0.0623920904
0.0623906021
0.0623675825
0.0623303474
0.0623303474
0.0622712553
0.0621258668
0.0621068883
0.0621068883
0.0620855337
0.0619984167
0.0619603205
0.0619603205
0.0618358152
0.0618358152
0.0618167858
0.0618018105
0.0617642608
0.0617642608
0.0616319570
0.0616223268
0.0616223268
0.0615078259
0.0615029908
0.0613359743
0.0613035192
0.0612231206
0.0612206284
0.0612028195
0.0611785482
0.0611684896
0.0610344170
0.0610215591
0.0609482246
0.0609031517
0.0609031517
0.0608674970
0.0608523231
0.0607884152
0.0607871231
0.0607744041
0.0607706958
0.0607350115
0.0607119319
0.0606458485
0.0606223688
0.0606039045
0.0605695562
0.0605695562
0.0605090008
0.0604724467
0.0602909956
0.0602706462
0.0602122409
0.0601713621
0.0601713621
0.0601360848
0.0600851348
0.0600599183
0.0599635756
0.0599635756
0.0598253454
0.0597505554
0.0597457865
0.0597270195
0.0596436830
0.0595877131
0.0595692221
0.0594953266
0.0594953266
0.0594817285
0.0594791717
0.0593533393
0.0593406084
0.0590086866
0.0589682927
0.0589682927
0.0589670110
0.0589066288
0.0589060026
0.0588819741
0.0588017150
0.0587945223
0.0585344737
0.0585344737
0.0585344737
0.0584633336
0.0583981510
0.0583856428
0.0583606321
0.0583254875
0.0582806067
0.0582204970
0.0580776176
0.0573302205
0.0573290752
0.0573234411
0.0573222958
0.0572736132
0.0572736132
0.0571851077
0.0571851077
0.0571374344
0.0570568481
0.0570479324
0.0570274611
0.0569983646
0.0569983646
0.0569983646
0.0569392722
0.0569392722
0.0569069100
0.0568235113
0.0567474651
0.0567414009
0.0567131979
0.0567110825
0.0566959040
0.0566541345
0.0566503495
0.0566132009
0.0565764777
0.0565409821
0.0565252683
0.0564533107
0.0563808461
0.0563808461
0.0563750499
0.0563533446
0.0563519609
0.0563407884
0.0563117548
0.0563018434
0.0563018434
0.0562725984
0.0561666787
0.0561000402
0.0560772135
0.0560772135
0.0560765308
0.0560742186
0.0560708827
0.0560603133
0.0560034414
0.0559837884
0.0559740235
0.0559683109
0.0559087308
0.0559042656
0.0558686103
0.0558514283
0.0558514283
0.0558422661
0.0558078974
0.0557564876
0.0556847647
0.0556837394
0.0556590742
0.0556394897
0.0556379394
0.0556085357
0.0555952299
0.0555750577
0.0555609591
0.0555076496
0.0555076496
0.0555076496
0.0554737923
0.0553962340
0.0553726716
0.0553506285
0.0553469682
0.0553469682
0.0553454295
0.0553454295
0.0553256609
0.0553092674
0.0553013013
0.0552909585
0.0552864360
0.0552791945
0.0552681545
0.0552653448
0.0552651708
0.0551890459
0.0551888663
0.0551880525
0.0551778435
0.0551369101
0.0550834228
0.0550481610
0.0549948753
0.0549924779
0.0549924779
0.0549882949
0.0549581086
0.0549563627
0.0549505089
0.0549505089
0.0548950437
0.0548940667
0.0548578514
0.0548554377
0.0548498183
0.0548448697
0.0548005804
0.0547818242
0.0547721197
0.0547708840
0.0547564419
0.0547548106
0.0547051113
0.0546932254
0.0546904366
0.0546695044
0.0546515781
0.0546121104
0.0545915881
0.0545844799
0.0545795117
0.0545761341
0.0545493134
0.0544889977
0.0544696234
0.0544696234
0.0544543814
0.0544543814
0.0544491754
0.0544366043
0.0543286525
0.0543115279
0.0542781782
0.0542745190
0.0542745190
0.0542636176
0.0542612645
0.0541982495
0.0541979935
0.0541920691
0.0541582491
0.0541489859
0.0541358805
0.0541111479
0.0540965029
0.0540785979
0.0539945357
0.0539809468
0.0539200768
0.0539146013
0.0539023385
0.0539023385
0.0538722988
0.0538722988
0.0538584713
0.0538016891
0.0538016891
0.0537920158
0.0537920158
0.0537741812
0.0537737685
0.0536806439
0.0536290016
0.0535756904
0.0535700372
0.0535471953
0.0534944658
0.0534944658
0.0534944658
0.0534758323
0.0534748207
0.0534727191
0.0534537893
0.0534162051
0.0533977403
0.0533117199
0.0532749997
0.0532729025
0.0532582627
0.0532472635
0.0532293745
0.0532233345
0.0532233345
0.0532204269
0.0531904054
0.0531886060
0.0530871486
0.0530615893
0.0530452119
0.0530270122
0.0530263815
0.0529530402
0.0529513347
0.0528978032
0.0528957771
0.0528795602
0.0528777852
0.0528777852
0.0527953033
0.0525594515
0.0525497588
0.0525486180
0.0524938226
0.0524938226
0.0524935702
0.0524935702
0.0524860399
0.0524753582
0.0523923354
0.0523568569
0.0523526287
0.0523429238
0.0522698964
0.0522332284
0.0522318292
0.0522318292
0.0522309388
0.0522285236
0.0522266211
0.0522190312
0.0521698439
0.0521122253
0.0520254229
0.0520157680
0.0520038604
0.0520038604
0.0519928347
0.0519928347
0.0519639787
0.0519639787
0.0519639787
0.0519639787
0.0519607243
0.0519001795
0.0518297750
0.0518279280
0.0518245539
0.0517872504
0.0517432463
0.0517187102
0.0517154136
0.0517143914
0.0517129647
0.0516879614
0.0516787605
0.0516781381
0.0516643402
0.0516355169
0.0516355169
0.0516314712
0.0516123448
0.0516084906
0.0516067264
0.0515705879
0.0515590231
0.0515508282
0.0515430150
0.0515418710
0.0514955479
0.0514789571
0.0514708638
0.0514695002
0.0514695002
0.0514610482
0.0514445061
0.0514034420
0.0513600987
0.0513385073
0.0513017300
0.0513017300
0.0512899155
0.0512883184
0.0512848324
0.0512801633
0.0512797089
0.0512666259
0.0512384838
0.0512275952
0.0512275952
0.0512143792
0.0512012981
0.0511960334
0.0511904977
0.0511066745
0.0510994824
0.0510570482
0.0510570482
0.0510489901
0.0509740616
0.0509702882
0.0509656258
0.0509406439
0.0509322763
0.0509322763
0.0509249413
0.0509005953
0.0508422416
0.0508204644
0.0508008941
0.0507925072
0.0507769767
0.0507769767
0.0507224230
0.0507212032
0.0506273498
0.0506256196
0.0506256196
0.0506041378
0.0505921591
0.0505562641
0.0505117222
0.0505010880
0.0504944442
0.0504847176
0.0504802509
0.0504472105
0.0504370298
0.0504301739
0.0504224574
0.0504224574
0.0504156015
0.0503709128
0.0503709128
0.0503590535
0.0503536435
0.0503536435
0.0503512658
0.0503512658
0.0503463369
0.0503176236
0.0503176236
0.0503011471
0.0502952730
0.0502878071
0.0502866306
0.0502636799
0.0502615348
0.0502511117
0.0502488064
0.0501977836
0.0501930965
0.0501448600
0.0501448600
0.0501447325
0.0501099184
0.0501063998
0.0501063998
0.0501034544
0.0500628841
0.0499531433
0.0499328587
0.0499287745
0.0498676243
0.0498437180
0.0498417483
0.0498405350
0.0498040479
0.0498040479
0.0498040479
0.0498040479
0.0497079735
0.0497073538
0.0496741157
0.0496741157
0.0496741157
0.0496680168
0.0496615056
0.0496548887
0.0496533022
0.0496533022
0.0496490407
0.0496299574
0.0495966441
0.0495862436
0.0495780257
0.0495066372
0.0495066372
0.0495052236
0.0494976501
0.0494882423
0.0494777197
0.0494358732
0.0494358732
0.0494354081
0.0494302511
0.0494185094
0.0494115812
0.0494072709
0.0494072709
0.0493979232
0.0493971910
0.0493971910
0.0493963243
0.0493684693
0.0493684693
0.0493680041
0.0493454004
0.0493437961
0.0493430344
0.0493306932
0.0493302280
0.0493293613
0.0493293613
0.0492813903
0.0492813903
0.0492652492
0.0492626345
0.0492595577
0.0492595577
0.0492595577
0.0492512662
0.0492452175
0.0492421526
0.0492387187
0.0492387187
0.0492387187
0.0492300549
0.0492300549
0.0492101400
0.0491865173
0.0491829141
0.0491829141
0.0491820272
0.0491757128
0.0491724388
0.0491724388
0.0491648381
0.0491648381
0.0491420725
0.0490938437
0.0490938437
0.0490938437
0.0490819370
0.0490724141
0.0490700119
0.0490700119
0.0490700119
0.0490679129
0.0490679129
0.0490434534
0.0490434534
0.0490434534
0.0490372956
0.0490372956
0.0490337025
0.0490337025
0.0490078247
0.0489672043
0.0489658761
0.0489646236
0.0489618912
0.0489618912
0.0489553985
0.0489507743
0.0489316570
0.0489316570
0.0489279457
0.0489279457
0.0489279235
0.0489279235
0.0489279235
0.0489027773
0.0489008253
0.0488997920
0.0488997920
0.0488801525
0.0488801525
0.0488144918
0.0487989505
0.0487984712
0.0487734895
0.0487569734
0.0487569734
0.0487539747
0.0487534954
0.0487526270
0.0487195049
0.0486994153
0.0486977177
0.0486977177
0.0486905635
0.0486808362
0.0486694666
0.0486677600
0.0486417826
0.0486414515
0.0486414515
0.0486406125
0.0486353551
0.0486316851
0.0486289338
0.0486275317
0.0486241378
0.0486177034
0.0486133211
0.0486133211
0.0486122200
0.0485651132
0.0485554821
0.0485122425
0.0485013834
0.0484905186
0.0484842241
0.0484842241
0.0484673105
0.0484673105
0.0484673105
0.0484492306
0.0484492306
0.0484484236
0.0484484236
0.0484484236
0.0484476961
0.0484476961
0.0484113698
0.0483996342
0.0483996342
0.0483989067
0.0483978146
0.0483978146
0.0483927467
0.0483927467
0.0483927467
0.0483919513
0.0483888796
0.0483873760
0.0483845778
0.0483843043
0.0483843043
0.0483837777
0.0483837777
0.0483837777
0.0483774603
0.0483470725
0.0483193710
0.0483104601
0.0483091047
0.0482744163
0.0482105034
0.0482063889
0.0482063889
0.0482045181
0.0482044065
0.0481838400
0.0481816573
0.0481801556
0.0481776122
0.0481763089
0.0481654737
0.0480580006
0.0480506613
0.0480491050
0.0480268830
0.0480002820
0.0480002820
0.0480002820
0.0480002820
0.0479187301
0.0479151305
0.0479071086
0.0478524846
0.0478524846
0.0478524846
0.0478495690
0.0477911120
0.0477881963
0.0477881963
0.0477881963
0.0477881963
0.0477753372
0.0477753372
0.0477410579
0.0477410579
0.0477382945
0.0477180215
0.0476603043
0.0476258991
0.0476258991
0.0476258991
0.0476111604
0.0476111604
0.0476111091
0.0475723234
0.0475723234
0.0475709894
0.0475690754
0.0475690754
0.0475482180
0.0475458531
0.0475355637
0.0475242809
0.0475242809
0.0475106551
0.0475044185
0.0475021303
0.0474997650
0.0474980090
0.0474968453
0.0474943638
0.0474411866
0.0474361002
0.0474346871
0.0474324135
0.0474316478
0.0474316478
0.0474277513
0.0474201095
0.0474185251
0.0474163431
0.0473529343
0.0473521687
0.0473521687
0.0473508992
0.0473493103
0.0473305710
0.0473273367
0.0473263221
0.0473087858
0.0473035462
0.0472631083
0.0472631083
0.0472617150
0.0472574040
0.0472572776
0.0472450714
0.0472436110
0.0472291054
0.0472282404
0.0472238984
0.0472238984
0.0472181097
0.0472170532
0.0472166366
0.0472014855
0.0471921236
0.0471817375
0.0471737208
0.0471737208
0.0471672297
0.0471672297
0.0471553561
0.0471539463
0.0471504730
0.0471504730
0.0471504730
0.0470844675
0.0470844675
0.0470844675
0.0470844675
0.0470835879
0.0470655180
0.0470634564
0.0470634564
0.0470628723
0.0470597888
0.0470579916
0.0470574075
0.0470519656
0.0470501683
0.0470495842
0.0470481786
0.0470474129
0.0470474129
0.0470474129
0.0470426657
0.0470362252
0.0470059340
0.0469785220
0.0468946139
0.0468651806
0.0468651806
0.0468562633
0.0468540695
0.0468539603
0.0468539603
0.0468538337
0.0468463752
0.0468454300
0.0468183720
0.0468173176
0.0468096182
0.0468049915
0.0467977753
0.0467977753
0.0467722626
0.0467714628
0.0467713362
0.0467707208
0.0467696784
0.0467593442
0.0467593059
0.0467577361
0.0467524801
0.0467440419
0.0467338562
0.0466985875
0.0466902340
0.0466902340
0.0466608185
0.0466566141
0.0466562656
0.0466554638
0.0466554638
0.0466512670
0.0466512670
0.0466385209
0.0466385153
0.0466315314
0.0466148191
0.0466005369
0.0466005313
0.0465996667
0.0465930715
0.0465830339
0.0465816374
0.0465733793
0.0465733793
0.0465727670
0.0465678465
0.0465669770
0.0465613687
0.0465595069
0.0465590367
0.0465569835
0.0465464763
0.0465373433
0.0465373433
0.0465325171
0.0465314709
0.0465164663
0.0465154201
0.0465154201
0.0464795119
0.0464784657
0.0464618468
0.0464618468
0.0464600181
0.0464580508
0.0464580508
0.0464550213
0.0464550213
0.0464550213
0.0464510647
0.0464161270
0.0464161270
0.0464130976
0.0464092740
0.0463930730
0.0463930730
0.0463870723
0.0463830144
0.0463777429
0.0463697106
0.0463692881
0.0463625986
0.0463625986
0.0463601039
0.0463601039
0.0463580970
0.0463556023
0.0463497876
0.0463497876
0.0463487962
0.0463487962
0.0463487962
0.0463487962
0.0463418509
0.0463412574
0.0463022901
0.0463022901
0.0463018300
0.0462512370
0.0462492250
0.0462482886
0.0462476587
0.0462428511
0.0462428511
0.0462287248
0.0462195955
0.0462195955
0.0461966183
0.0461966183
0.0461940340
0.0461861260
0.0461861260
0.0461861260
0.0461861260
0.0461841111
0.0461841111
0.0461834331
0.0461827793
0.0461817089
0.0461738185
0.0461718108
0.0461718108
0.0461718108
0.0461704789
0.0461546794
0.0461525983
0.0461512665
0.0461157336
0.0461157336
0.0461157336
0.0461157336
0.0461129085
0.0461123567
0.0461123567
0.0461123567
0.0460642345
0.0460494832
0.0460467991
0.0460467991
0.0460441117
0.0460394217
0.0460233566
0.0460167274
0.0460046864
0.0460041854
0.0460039890
0.0460024207
0.0460012385
0.0459982832
0.0459976528
0.0459966173
0.0459965237
0.0459965237
0.0459808357
0.0459808357
0.0458962022
0.0458934582
0.0458934582
0.0458850903
0.0458841022
0.0458669765
0.0458655684
0.0458655684
0.0458583531
0.0458553462
0.0458471007
0.0458323975
0.0458272621
0.0458272621
0.0458271259
0.0458153099
0.0458122370
0.0457610930
0.0457610930
0.0457607519
0.0457607519
0.0457558075
0.0457544318
0.0457517163
0.0457501307
0.0457478485
0.0457469603
0.0457469603
0.0457469603
0.0457335198
0.0457296419
0.0457296419
0.0457149606
0.0457112909
0.0457092800
0.0457092800
0.0457087807
0.0457087807
0.0457087807
0.0456970690
0.0456968511
0.0456968511
0.0456834704
0.0456834704
0.0456800936
0.0456782360
0.0456779580
0.0456746264
0.0456743283
0.0455709898
0.0455352569
0.0455306475
0.0455305074
0.0455305074
0.0455287832
0.0455274739
0.0455270837
0.0455255506
0.0455254106
0.0455094703
0.0455052986
0.0455052586
0.0455042698
0.0455010713
0.0455010713
0.0454994044
0.0454808578
0.0454779787
0.0453377271
0.0453377271
0.0453377271
0.0453377271
0.0453377271
0.0453363827
0.0453363827
0.0453355809
0.0453185582
0.0452863416
0.0452863416
0.0452849972
0.0452840599
0.0452840599
0.0452840318
0.0452838079
0.0452837797
0.0452816865
0.0452814344
0.0452786592
0.0452786592
0.0452284912
0.0452162778
0.0452093225
0.0452093225
0.0452093225
0.0452093225
0.0452093035
0.0451972269
0.0451972269
0.0451939844
0.0451871497
0.0451871497
0.0451871497
0.0451551424
0.0451547673
0.0451547673
0.0451505418
0.0451505418
0.0451503620
0.0451487235
0.0451485283
0.0451483432
0.0451463297
0.0451463297
0.0451463297
0.0451461805
0.0451461805
0.0451447126
0.0451211914
0.0451079597
0.0451044731
0.0451042039
0.0451042039
0.0451042039
0.0451026685
0.0451006966
0.0451006966
0.0450993503
0.0450993503
0.0450993503
0.0450988777
0.0450988777
0.0450982410
0.0450982410
0.0450973423
0.0450967056
0.0450967056
0.0450944167
0.0450928812
0.0450757756
0.0450282697
0.0450207521
0.0450207521
0.0450123431
0.0450119260
0.0450119260
0.0450119260
0.0450119260
0.0450111117
0.0450107532
0.0450101392
0.0450101392
0.0450013545
0.0450009378
0.0449990348
0.0449982152
0.0449940351
0.0449924026
0.0449894784
0.0449894784
0.0449519847
0.0449469389
0.0449459918
0.0449459918
0.0449459918
0.0449453826
0.0449432821
0.0449432821
0.0449427757
0.0449427757
0.0448922736
0.0448922736
0.0448713153
0.0448695657
0.0448695657
0.0448684411
0.0448684411
0.0448684411
0.0448681227
0.0448681227
0.0448232377
0.0448226170
0.0447996029
0.0447988747
0.0447978160
0.0447978160
0.0447978160
0.0447970635
0.0447970635
0.0447970635
0.0447970635
0.0447901506
0.0447901506
0.0447901506
0.0447901506
0.0447894147
0.0447415531
0.0447415531
0.0447410915
0.0447410915
0.0447404547
0.0447357174
0.0447357174
0.0447339089
0.0447222939
0.0447185138
0.0446697333
0.0446658546
0.0446552676
0.0446552676
0.0446500086
0.0446500086
0.0446500086
0.0446491749
0.0446491749
0.0446491749
0.0446474239
0.0446451687
0.0446434177
0.0446434177
0.0446386929
0.0446386929
0.0446371582
0.0446371582
0.0446359760
0.0446349957
0.0446347614
0.0446332167
0.0446274912
0.0446263090
0.0446223524
0.0446202596
0.0446188386
0.0446188386
0.0446184629
0.0446155542
0.0446155542
0.0446110524
0.0446110524
0.0446110524
0.0446101300
0.0445947473
0.0445802717
0.0445802717
0.0445802717
0.0445765769
0.0445576410
0.0445574273
0.0445460734
0.0445460734
0.0445460275
0.0445293977
0.0445243471
0.0445243471
0.0445238438
0.0445206718
0.0445195844
0.0445195844
0.0445193747
0.0445178509
0.0445178509
0.0445113257
0.0445113257
0.0445113060
0.0444914024
0.0444906793
0.0444903886
0.0444895979
0.0444720171
0.0444714069
0.0444712896
0.0444709989
0.0444707822
0.0444704914
0.0444704914
0.0444698448
0.0444675692
0.0444675692
0.0444675692
0.0444666478
0.0444666478
0.0444554032
0.0444553134
0.0444528355
0.0444519140
0.0444497409
0.0444487098
0.0444487098
0.0444487098
0.0444487098
0.0444487098
0.0444487098
0.0444479818
0.0444479818
0.0444479818
0.0444426459
0.0444411592
0.0444411592
0.0444390815
0.0444390815
0.0444390815
0.0444390815
0.0444390815
0.0444357232
0.0444346089
0.0444346089
0.0444342093
0.0444295583
0.0444206651
0.0443600239
0.0443574562
0.0443415278
0.0443394794
0.0443327544
0.0443327544
0.0443327544
0.0443327544
0.0443307258
0.0443303737
0.0443303737
0.0443303737
0.0443283538
0.0443283538
0.0443283538
0.0443281274
0.0443281274
0.0443138711
0.0443138711
0.0443129093
0.0443129093
0.0443129093
0.0443129093
0.0443065779
0.0443065779
0.0443065779
0.0443062853
0.0443045243
0.0443045243
0.0442895600
0.0442892675
0.0442892675
0.0442892675
0.0442890401
0.0442754587
0.0442754587
0.0442754587
0.0442753795
0.0442708877
0.0442687717
0.0442686925
0.0442516221
0.0442516221
0.0442501132
0.0442496963
0.0442496963
0.0442484964
0.0442484964
0.0442467894
0.0442467894
0.0442441595
0.0442436771
0.0442391637
0.0442391637
0.0442391637
0.0442391637
0.0442391637
0.0442388372
0.0442319765
0.0442319765
0.0442302304
0.0442302304
0.0442302304
0.0442302304
0.0442302304
0.0442194275
0.0442102952
0.0442102952
0.0442102952
0.0442076924
0.0442076924
0.0442073564
0.0442024008
0.0441994947
0.0441994947
0.0441993055
0.0441993055
0.0441967204
0.0441962312
0.0441960421
0.0441957061
0.0441957061
0.0441889615
0.0441834344
0.0441830984
0.0441821412
0.0441821412
0.0441727397
0.0441713241
0.0441634589
0.0441629086
0.0441621977
0.0441601998
0.0441601998
0.0441601998
0.0441601998
0.0440822072
0.0440822072
0.0440669519
0.0440419033
0.0440208928
0.0440161104
0.0440102317
0.0440082340
0.0439901397
0.0439803388
0.0439786146
0.0439776820
0.0439776820
0.0439776820
0.0439776820
0.0439764621
0.0439764621
0.0439706515
0.0439694292
0.0439491760
0.0439484235
0.0439477866
0.0439444808
0.0439442863
0.0439442863
0.0439440036
0.0439304401
0.0439245547
0.0439244646
0.0439244646
0.0439244646
0.0439225936
0.0439225936
0.0439225936
0.0439212131
0.0439212131
0.0439212131
0.0439212131
0.0439209304
0.0439191678
0.0439191678
0.0439191678
0.0439184778
0.0439181951
0.0439139695
0.0439072988
0.0439060586
0.0439045509
0.0439039892
0.0439039892
0.0439039892
0.0439002675
0.0439002675
0.0438999479
0.0438999479
0.0438999479
0.0438998041
0.0438912458
0.0438912458
0.0438909262
0.0438909262
0.0438909262
0.0438909262
0.0438909262
0.0438774520
0.0438774520
0.0438774520
0.0438774520
0.0438727847
0.0438727847
0.0438726594
0.0438726594
0.0438726594
0.0438718070
0.0438718070
0.0438718070
0.0438718070
0.0438717720
0.0438706117
0.0438702853
0.0438702853
0.0438702853
0.0438701662
0.0438701662
0.0438701662
0.0438697826
0.0438694289
0.0438694289
0.0438694289
0.0438671675
0.0438671675
0.0438671675
0.0438671083
0.0438671083
0.0438671083
0.0438668194
0.0438667002
0.0438437870
0.0438437870
0.0438429424
0.0438429424
0.0438425045
0.0438422738
0.0438422738
0.0438422738
0.0438411297
0.0438361778
0.0438361778
0.0438352908
0.0438350379
0.0438350379
0.0438350379
0.0438323506
0.0438323506
0.0438148785
0.0438136731
0.0438136731
0.0438052840
0.0438052840
0.0438052840
0.0437894802
0.0437894802
0.0437894802
0.0437886720
0.0437884402
0.0437884402
0.0437884402
0.0437884402
0.0437884402
0.0437884402
0.0437884402
0.0437681170
0.0437681170
0.0437681170
0.0437607445
0.0437607445
0.0437579916
0.0437579916
0.0437579916
0.0437579916
0.0437562548
0.0437562548
0.0437562548
0.0437536531
0.0437536531
0.0437536531
0.0436921205
0.0436916385
0.0436916385
0.0436916385
0.0436916385
0.0436915072
0.0436915072
0.0436914426
0.0436894846
0.0436894846
0.0436880211
0.0436850002
0.0436849356
0.0436359724
0.0436069375
0.0436069375
0.0435820068
0.0435810889
0.0435777338
0.0435765559
0.0435657577
0.0435657577
0.0435648212
0.0435640790
0.0435638075
0.0435621910
0.0435621910
0.0435621910
0.0435621910
0.0435619196
0.0435619196
0.0435603978
0.0435523494
0.0435523494
0.0435523494
0.0435523494
0.0435523494
0.0435523494
0.0435456035
0.0435440817
0.0435188548
0.0435172124
0.0435133554
0.0434862327
0.0434851889
0.0434804116
0.0434804116
0.0434804116
0.0434804116
0.0434804116
0.0434772477
0.0434772477
0.0434772477
0.0434772477
0.0434772477
0.0434772477
0.0434772477
0.0434772477
0.0434772477
0.0434772315
0.0434772315
0.0434765270
0.0434765270
0.0434758999
0.0434757431
0.0434740434
0.0434732950
0.0434732950
0.0434732950
0.0434732950
0.0434710696
0.0434710696
0.0434710373
0.0434558096
0.0434555114
0.0434555114
0.0434401702
0.0434389773
0.0434389773
0.0434151727
0.0434129292
0.0434082042
0.0434082042
0.0434082042
0.0434078189
0.0434074162
0.0432526582
0.0432525193
0.0432311591
0.0432308987
0.0432308760
0.0432305858
0.0432305858
0.0432303319
0.0432301868
0.0432288867
0.0432283472
0.0432283159
0.0432282932
0.0432282932
0.0432275105
0.0432275105
0.0432273888
0.0432273888
0.0432273888
0.0432186917
0.0432186917
0.0432186917
0.0432180120
0.0432173175
0.0431980766
0.0431980766
0.0431943958
0.0431938563
0.0431936714
0.0431931473
0.0431931473
0.0431931473
0.0431931473
0.0431921074
0.0431921074
0.0431919332
0.0431913437
0.0431893261
0.0431842021
0.0431842021
0.0431842021
0.0431788113
0.0431783816
0.0431779251
0.0431779251
0.0431779251
0.0431767529
0.0431767529
0.0431767529
0.0431418260
0.0431418260
0.0431410457
0.0431410457
0.0431390747
0.0431328208
0.0431328208
0.0431306779
0.0431305247
0.0431305247
0.0431305247
0.0431171620
0.0431171620
0.0431170651
0.0431170651
0.0431122252
0.0431122252
0.0431122252
0.0431122252
0.0431120628
0.0431116405
0.0431114634
0.0431113010
0.0431078107
0.0431074712
0.0431063555
0.0431057176
0.0431051077
0.0431042614
0.0431035866
0.0431035866
0.0431026595
0.0431026595
0.0431026595
0.0430987498
0.0430970133
0.0430970133
0.0430942141
0.0430935074
0.0430831650
0.0430784211
0.0430774873
0.0430772296
0.0430772296
0.0430768719
0.0430699587
0.0430697027
0.0430685336
0.0430685336
0.0430685336
0.0430685336
0.0430685336
0.0430652307
0.0430615110
0.0430615110
0.0430615110
0.0430615110
0.0430607392
0.0430607392
0.0430581534
0.0430579250
0.0430575687
0.0430575687
0.0430556929
0.0430556929
0.0430556929
0.0430541061
0.0430175411
0.0430175411
0.0430168593
0.0430158768
0.0430158768
0.0430158768
0.0430149828
0.0430149828
0.0430145842
0.0430141690
0.0430141690
0.0430136906
0.0430135405
0.0430100167
0.0430100167
0.0430085725
0.0430062585
0.0430062585
0.0430062585
0.0430062556
0.0430058922
0.0430055202
0.0429628004
0.0429623249
0.0429622675
0.0429619769
0.0429619740
0.0429619740
0.0429619740
0.0429619042
0.0429606939
0.0429604261
0.0429604261
0.0429604261
0.0429587760
0.0429201405
0.0429201405
0.0429201405
0.0429201405
0.0429201405
0.0429201405
0.0429201405
0.0429191834
0.0429191834
0.0429188969
0.0429188969
0.0429188969
0.0429188969
0.0429188969
0.0429188969
0.0429186447
0.0429157612
0.0429157612
0.0429143566
0.0429138434
0.0429138434
0.0429133889
0.0429048758
0.0429048758
0.0429048758
0.0429048758
0.0429045185
0.0429045185
0.0429045185
0.0429045185
0.0429045185
0.0429039248
0.0429039248
0.0429031356
0.0429031356
0.0429030615
0.0429030615
0.0429030615
0.0429030615
0.0429030615
0.0429030270
0.0429030270
0.0429027896
0.0429022831
0.0429014594
0.0428978801
0.0428937533
0.0428937533
0.0428935140
0.0428931758
0.0428840233
0.0428840233
0.0428830787
0.0428824976
0.0428824976
0.0428824976
0.0428821842
0.0428820579
0.0428820579
0.0428820579
0.0428820579
0.0428815518
0.0428815518
0.0428815518
0.0428815518
0.0428815518
0.0428806515
0.0428806515
0.0428806515
0.0428806515
0.0428805973
0.0428805973
0.0428805973
0.0428805973
0.0428800197
0.0428800197
0.0428800197
0.0428798121
0.0428798121
0.0428798121
0.0428797380
0.0428785515
0.0428783608
0.0428783608
0.0428704090
0.0428704090
0.0428704090
0.0428280553
0.0428280553
0.0428280553
0.0428273129
0.0428270017
0.0428269435
0.0428269435
0.0428265974
0.0428263010
0.0428263010
0.0428263010
0.0428257894
0.0428257869
0.0428256788
0.0428249297
0.0428241669
0.0428241669
0.0428241669
0.0428241669
0.0428241669
0.0428241669
0.0428241669
0.0428236236
0.0428235238
0.0428235238
0.0428235238
0.0428235238
0.0428235238
0.0428235238
0.0427554933
0.0427554933
0.0427549974
0.0427548976
0.0427548976
0.0427547054
0.0427546548
0.0427546548
0.0427543135
0.0427543135
0.0427310223
0.0427310223
0.0427310223
0.0426898431
0.0426898431
0.0426898431
0.0426091150
0.0426091150
0.0426064019
0.0426064019
0.0426063246
0.0426063246
0.0426063246
0.0426063246
0.0426054313
0.0426042240
0.0426042240
0.0426039748
0.0426027675
0.0426027675
0.0426027675
0.0426026789
0.0426026789
0.0426026789
0.0426024904
0.0426024904
0.0426024397
0.0426024397
0.0426024397
0.0426024397
0.0426010900
0.0425997137
0.0425997137
0.0425997137
0.0425996630
0.0425996630
0.0425996630
0.0425977559
0.0425976341
0.0425972319
0.0425972319
0.0425972319
0.0425938373
0.0425938373
0.0425938373
0.0425871814
0.0425871814
0.0425852228
0.0425852228
0.0425852228
0.0425830525
0.0425830525
0.0425830525
0.0425829983
0.0425829253
0.0425829253
0.0425829253
0.0425829253
0.0425820375
0.0425820375
0.0425820375
0.0425741423
0.0425741423
0.0425741423
0.0425741423
0.0425741423
0.0425741423
0.0425738745
0.0425738745
0.0425737241
0.0425737241
0.0425737241
0.0425720840
0.0425719105
0.0425671713
0.0425665698
0.0425646799
0.0425646799
0.0425625881
0.0425622624
0.0425622624
0.0425622624
0.0425622624
0.0425621785
0.0425588401
0.0425588401
0.0425588368
0.0425501746
0.0425501746
0.0425501746
0.0425490847
0.0425490847
0.0425477740
0.0425477076
0.0425439450
0.0425430415
0.0425430415
0.0425427880
0.0425394051
0.0425388985
0.0425373072
0.0425373072
0.0425361045
0.0425357058
0.0425357058
0.0425341726
0.0425339675
0.0425339432
0.0425339432
0.0425339432
0.0425339432
0.0425339432
0.0425339432
0.0425336705
0.0425323564
0.0425323321
0.0425282735
0.0425282735
0.0425282735
0.0425282442
0.0425278661
0.0425278661
0.0425278661
0.0425278661
0.0425159984
0.0425159984
0.0425158062
0.0425158062
0.0425149421
0.0425148522
0.0425148522
0.0425140680
0.0425140424
0.0425140424
0.0425140026
0.0425137990
0.0425118743
0.0425118743
0.0425108891
0.0425107009
0.0425107009
0.0425107009
0.0425107009
0.0425101438
0.0425090425
0.0425078240
0.0425072937
0.0425071821
0.0425069432
0.0425066251
0.0425062415
0.0425062415
0.0425047299
0.0425040201
0.0425025633
0.0425025633
0.0425025633
0.0425023831
0.0425017936
0.0425014262
0.0425002740
0.0425001200
0.0425001200
0.0425001200
0.0424999176
0.0424999176
0.0424990537
0.0424982434
0.0424982434
0.0424982434
0.0424982434
0.0424982434
0.0424982434
0.0424982434
0.0424981017
0.0424981017
0.0424981017
0.0424977338
0.0424977338
0.0424976822
0.0424958036
0.0424958036
0.0424958036
0.0424957681
0.0424957681
0.0424957681
0.0424957681
0.0424939441
0.0424936265
0.0424936265
0.0424925503
0.0424925503
0.0424925503
0.0424867887
0.0424867887
0.0424858138
0.0424858138
0.0424836761
0.0424786997
0.0424409652
0.0424338511
0.0424338511
0.0424328763
0.0424328763
0.0424328763
0.0424328329
0.0424326554
0.0424326554
0.0424318031
0.0424306948
0.0424304922
0.0424304146
0.0423922391
0.0423910943
0.0423910943
0.0423905905
0.0423904904
0.0423899865
0.0423899130
0.0423899130
0.0423895976
0.0423893006
0.0423893006
0.0423890390
0.0423889655
0.0423862088
0.0423862088
0.0423860399
0.0423860399
0.0423860399
0.0423851915
0.0423687557
0.0423672791
0.0423672056
0.0423666433
0.0423659659
0.0423659659
0.0423659659
0.0423659164
0.0423657796
0.0423657301
0.0423655136
0.0423654641
0.0423654641
0.0423646689
0.0423642243
0.0423622148
0.0423616815
0.0423614608
0.0423613873
0.0423611118
0.0423609217
0.0423609217
0.0423609217
0.0423609217
0.0423567786
0.0423565155
0.0423565155
0.0423565155
0.0423565155
0.0423565155
0.0423423094
0.0423417160
0.0423408902
0.0423311235
0.0423311235
0.0423311235
0.0423311235
0.0423311235
0.0422346958
0.0422346958
0.0422206953
0.0422206953
0.0422206953
0.0422206406
0.0422205898
0.0422205898
0.0422195638
0.0422195091
0.0422195091
0.0422195091
0.0422195091
0.0422176609
0.0422140311
0.0422140311
0.0422140311
0.0422140311
0.0422131371
0.0422131371
0.0422131371
0.0422131371
0.0422131371
0.0422128294
0.0422128294
0.0422103061
0.0422103061
0.0422103061
0.0422091092
0.0422091092
0.0422088195
0.0422088195
0.0422086739
0.0422085932
0.0421378182
0.0421377375
0.0421368006
0.0421358884
0.0421358884
0.0421358078
0.0421358078
0.0421343465
0.0421343465
0.0421343465
0.0421343465
0.0421343465
0.0420966868
0.0420966868
0.0420963597
0.0420931260
0.0420925483
0.0420925483
0.0420925483
0.0420925483
0.0420925483
0.0420919335
0.0420919335
0.0420919335
0.0420919335
0.0420919335
0.0420917228
0.0420917228
0.0420914246
0.0420914246
0.0420906425
0.0420868377
0.0420868377
0.0420868377
0.0420868377
0.0420868377
0.0420865717
0.0420862985
0.0420850338
0.0420845166
0.0420834679
0.0420831269
0.0420828729
0.0420827673
0.0420825013
0.0420823287
0.0420823287
0.0420823287
0.0420814001
0.0420814001
0.0420811281
0.0420805434
0.0420805434
0.0420801448
0.0420801448
0.0420799815
0.0420799815
0.0420799815
0.0420799815
0.0420752734
0.0420751101
0.0420751101
0.0420751101
0.0420751101
0.0420697575
0.0420695942
0.0420683389
0.0420683389
0.0420657077
0.0420657077
0.0420657077
0.0420651669
0.0420651669
0.0420651669
0.0420610243
0.0420610243
0.0419768824
0.0419693175
0.0419693175
0.0419693175
0.0419693175
0.0419693175
0.0419687017
0.0419687017
0.0419686053
0.0419679895
0.0419538110
0.0419538110
0.0419538110
0.0419538110
0.0419536137
0.0419536137
0.0419536137
0.0419536137
0.0419535443
0.0419533059
0.0419533059
0.0419533059
0.0419533059
0.0419533059
0.0419533059
0.0419533059
0.0419529363
0.0419529363
0.0419529363
0.0419526763
0.0419526763
0.0419526763
0.0419526763
0.0419525966
0.0419525966
0.0419525966
0.0419525966
0.0419525945
0.0419525945
0.0419525945
0.0419525945
0.0419525945
0.0419525436
0.0419525436
0.0419525436
0.0419525436
0.0419525436
0.0419525436
0.0419525255
0.0419503686
0.0419503686
0.0419503686
0.0419502001
0.0419502001
0.0419502001
0.0419502001
0.0419502001
0.0419502001
0.0419502001
0.0419495885
0.0419495885
0.0419495885
0.0419495885
0.0419495885
0.0419495885
0.0419495885
0.0419495885
0.0418953575
0.0418953575
0.0418953575
0.0418907949
0.0418907949
0.0418859667
0.0418850981
0.0418850981
0.0418850981
0.0418845695
0.0418845695
0.0418845695
0.0418844959
0.0418844959
0.0418844959
0.0418830115
0.0418822755
0.0418762689
0.0418756561
0.0418756561
0.0418756561
0.0418756561
0.0418756561
0.0418752242
0.0418752242
0.0418752242
0.0418736016
0.0418736016
0.0418736016
0.0418736016
0.0418736016
0.0418736016
0.0418736016
0.0418736016
0.0418735978
0.0418735378
0.0418735378
0.0418735378
0.0418735378
0.0418735378
0.0418735378
0.0418735378
0.0418734845
0.0418734845
0.0418734845
0.0418729431
0.0418664847
0.0418662811
0.0418662811
0.0418627440
0.0418627440
0.0418627074
0.0418627074
0.0418627074
0.0418627074
0.0418624188
0.0418624188
0.0418554909
0.0418554909
0.0418554909
0.0418554909
0.0418553853
0.0418497725
0.0418497725
0.0418497725
0.0418497725
0.0418497725
0.0418497176
0.0418390470
0.0418389413
0.0418387046
0.0418385967
0.0418385967
0.0418384911
0.0418384911
0.0418306284
0.0418306284
0.0418304225
0.0418304225
0.0418304225
0.0418304225
0.0418304225
0.0418299134
0.0418296579
0.0418296579
0.0418296579
0.0417750091
0.0417747537
0.0417747537
0.0417747537
0.0417737836
0.0417736597
0.0417627961
0.0417627961
0.0417627961
0.0417627961
0.0417627961
0.0417627961
0.0417623434
0.0417623434
0.0417622540
0.0417622540
0.0417618048
0.0417614151
0.0417614151
0.0417614151
0.0417606874
0.0417606874
0.0417602075
0.0417602075
0.0417601517
0.0417601517
0.0417601517
0.0417601517
0.0417601517
0.0417601517
0.0417595086
0.0417594520
0.0417594520
0.0417594195
0.0417593629
0.0417593629
0.0417562243
0.0417561352
0.0417561352
0.0417561352
0.0417561352
0.0417561352
0.0417561352
0.0417561352
0.0417561352
0.0417561352
0.0417561352
0.0417561352
0.0417550532
0.0417539935
0.0417538078
0.0417537677
0.0417536977
0.0417536977
0.0417531163
0.0417531163
0.0417531163
0.0417531163
0.0417531163
0.0417473363
0.0417473363
0.0417428384
0.0417426232
0.0417426232
0.0417424359
0.0417424359
0.0417424359
0.0417424359
0.0417419635
0.0417413974
0.0417413152
0.0417346066
0.0417342536
0.0417341610
0.0417339573
0.0417338902
0.0417337717
0.0417337717
0.0417337717
0.0417337717
0.0417336835
0.0417270496
0.0417270496
0.0417270496
0.0417265876
0.0417260302
0.0417260302
0.0417196107
0.0417196107
0.0417196107
0.0417181041
0.0417181041
0.0417181041
0.0417181041
0.0417181041
0.0417180822
0.0417180822
0.0417180822
0.0417027346
0.0417027346
0.0417027346
0.0417027346
0.0417027346
0.0417027346
0.0417027346
0.0417027346
0.0417027346
0.0417027346
0.0417024843
0.0417024843
0.0416075547
0.0416075547
0.0416074048
0.0416069875
0.0416069875
0.0416069875
0.0416067752
0.0416065912
0.0416065912
0.0416062861
0.0416062861
0.0416062861
0.0416060701
0.0416060701
0.0416060701
0.0416046161
0.0416002159
0.0416002159
0.0416002159
0.0415918690
0.0415916394
0.0415916394
0.0415914640
0.0415914640
0.0415908820
0.0415908820
0.0415869187
0.0415869187
0.0415867494
0.0415867494
0.0415867494
0.0415866168
0.0415865428
0.0415860667
0.0415860667
0.0415858028
0.0415854283
0.0415851022
0.0415851022
0.0415851022
0.0415851022
0.0415745290
0.0415745290
0.0415745290
0.0415745290
0.0415745290
0.0415745290
0.0415683683
0.0415683683
0.0415678491
0.0415678491
0.0415678491
0.0415678491
0.0415678491
0.0415678491
0.0415659384
0.0415659384
0.0415631991
0.0415626768
0.0415626768
0.0415622259
0.0415612776
0.0415612776
0.0415612776
0.0415612776
0.0415612776
0.0415611574
0.0415601444
0.0415600242
0.0415600242
0.0415371606
0.0415369301
0.0415361007
0.0415361007
0.0415361007
0.0415361007
0.0415361007
0.0415361007
0.0415361007
0.0415359767
0.0415359767
0.0415359767
0.0415359767
0.0415357242
0.0415357242
0.0415357242
0.0415357242
0.0415357242
0.0414841438
0.0414841438
0.0414841438
0.0414841438
0.0414841438
0.0414789471
0.0414789471
0.0414789471
0.0414788821
0.0414788821
0.0414788821
0.0414788821
0.0414786422
0.0414784075
0.0414784075
0.0414784004
0.0414782783
0.0414769406
0.0414769406
0.0414768185
0.0414768185
0.0414753905
0.0414753905
0.0414753905
0.0414749568
0.0414742723
0.0414742723
0.0414742723
0.0414742723
0.0414742723
0.0414742723
0.0414739609
0.0414725607
0.0414721775
0.0414721775
0.0414721775
0.0414717482
0.0414717482
0.0414717482
0.0414717482
0.0414717432
0.0414717432
0.0414710879
0.0414707194
0.0414707144
0.0414707144
0.0414707144
0.0414680456
0.0414680456
0.0414654872
0.0414654872
0.0414654872
0.0414634879
0.0414634879
0.0414634879
0.0414630872
0.0414630872
0.0414630872
0.0414630872
0.0414630872
0.0414630872
0.0414630872
0.0414630872
0.0414630872
0.0414630872
0.0414630872
0.0414630872
0.0414630872
0.0414630872
0.0414626411
0.0414626411
0.0414626411
0.0414626411
0.0414626121
0.0414625336
0.0414625336
0.0414625336
0.0414625336
0.0414625336
0.0414593081
0.0414593081
0.0414593081
0.0414593081
0.0414593081
0.0414593081
0.0414593081
0.0414593051
0.0414593051
0.0414589152
0.0414589152
0.0414589152
0.0414545013
0.0414541114
0.0414541114
0.0414541114
0.0414522676
0.0414522676
0.0414522676
0.0414522676
0.0414513985
0.0414513985
0.0414513985
0.0414512833
0.0414512833
0.0414512833
0.0414511516
0.0414508096
0.0414506780
0.0414498310
0.0414498310
0.0414494559
0.0414494559
0.0414494559
0.0414494559
0.0414492835
0.0414492835
0.0414492835
0.0414491869
0.0414490032
0.0414490032
0.0414490032
0.0414490032
0.0414468209
0.0414468209
0.0414468209
0.0414465802
0.0414465802
0.0414455084
0.0414455084
0.0414422782
0.0414422633
0.0414412064
0.0414411915
0.0414409594
0.0414409594
0.0414409594
0.0414409445
0.0414409445
0.0414409445
0.0414409445
0.0414409445
0.0414406768
0.0414406768
0.0414404278
0.0414404278
0.0414404278
0.0414404278
0.0414401738
0.0414401738
0.0414401738
0.0414401738
0.0414401738
0.0414401478
0.0414401478
0.0414401478
0.0414270010
0.0414270010
0.0414092114
0.0414092114
0.0414092114
0.0414092114
0.0414088419
0.0414081635
0.0414075014
0.0414072821
0.0414072821
0.0414069142
0.0414066679
0.0414066679
0.0414058894
0.0414057575
0.0414056353
0.0414056353
0.0414056353
0.0414056353
0.0414053648
0.0414053648
0.0414053648
0.0414053648
0.0414052879
0.0414052879
0.0414052879
0.0414052879
0.0414052879
0.0414052879
0.0414052879
0.0414052879
0.0414052879
0.0414052879
0.0414052879
0.0414052879
0.0414052879
0.0414052879
0.0414052879
0.0414052879
0.0414052879
0.0414052879
0.0414042347
0.0414042059
0.0414042059
0.0414042059
0.0414042059
0.0414042059
0.0414042059
0.0414042059
0.0414041460
0.0414041460
0.0414041460
0.0414033254
0.0414033254
0.0414033254
0.0414033254
0.0414032015
0.0414032015
0.0414032015
0.0414032015
0.0414032015
0.0414032015
0.0414032015
0.0414029377
0.0414029377
0.0414029377
0.0414029377
0.0414029377
0.0414029377
0.0414029377
0.0414028381
0.0414025949
0.0413973355
0.0413973355
0.0413973355
0.0413973355
0.0413972372
0.0413959445
0.0413954855
0.0413838390
0.0413837695
0.0413837406
0.0413837406
0.0413219417
0.0413219417
0.0413216098
0.0413216098
0.0413216098
0.0412777643
0.0412777643
0.0412635235
0.0412635235
0.0412635235
0.0412635235
0.0412635235
0.0412635235
0.0412635235
0.0412612858
0.0412612858
0.0412612858
0.0412611822
0.0412609947
0.0412609947
0.0412609947
0.0412486090
0.0412482625
0.0412482625
0.0412482240
0.0412478774
0.0412478774
0.0412164297
0.0412164297
0.0412163217
0.0412163217
0.0412157877
0.0412157877
0.0412157877
0.0412157877
0.0412157877
0.0412157877
0.0412157877
0.0412157861
0.0412130322
0.0412122204
0.0412122204
0.0412116418
0.0412116418
0.0412116418
0.0412116418
0.0412116418
0.0412019365
0.0412019365
0.0412014457
0.0412014457
0.0411514195
0.0411514195
0.0411514195
0.0411514195
0.0411514195
0.0411510573
0.0411510573
0.0411510573
0.0411510192
0.0411510192
0.0411510192
0.0411510192
0.0411510192
0.0411510192
0.0411510192
0.0411510192
0.0411510192
0.0411510192
0.0411510192
0.0411510192
0.0411510192
0.0411508318
0.0411508318
0.0411508318
0.0411508318
0.0411508318
0.0411508318
0.0411508318
0.0411442720
0.0411442720
0.0411398501
0.0411398501
0.0411397478
0.0411397478
0.0411397478
0.0411397478
0.0411397478
0.0411397296
0.0411384912
0.0411384731
0.0411384731
0.0411384731
0.0411384731
0.0411384731
0.0411384731
0.0411384731
0.0411384731
0.0411384731
0.0411384731
0.0411384731
0.0411384731
0.0411384731
0.0411384731
0.0411384166
0.0411384166
0.0411384166
0.0411380548
0.0411380548
0.0411380548
0.0411380548
0.0411380548
0.0411380548
0.0411373385
0.0411373385
0.0411373385
0.0411373385
0.0411373385
0.0411373385
0.0411372097
0.0411369469
0.0411368857
0.0411365780
0.0411363151
0.0411363151
0.0411363151
0.0411363151
0.0411363151
0.0411363151
0.0411363151
0.0411363151
0.0411363119
0.0411359453
0.0411359453
0.0411359453
0.0411359453
0.0411358685
0.0411358685
0.0411358685
0.0411358685
0.0411358685
0.0411356410
0.0411356410
0.0411356410
0.0411300501
0.0411295731
0.0411295731
0.0411295731
0.0411293154
0.0411293154
0.0411281098
0.0411281098
0.0411281098
0.0411281098
0.0411279021
0.0410000000
0.0410000000
0.0410000000
0.0410000000
0.0410000000
0.0410000000
0.0410000000
0.0410000000
0.0410000000
0.0410000000
0.0410000000
0.0410000000
0.0410000000
0.0410000000
0.0410000000
0.0410000000
0.0410000000
0.0410000000
0.0410000000
0.0410000000
0.0410000000
0.0410000000
0.0410000000
0.0410000000
0.0410000000
0.0410000000
0.0410000000
0.0410000000
0.0410000000
0.0410000000
0.0410000000
0.0410000000
0.0410000000
0.0410000000
0.0410000000
0.0410000000
0.0410000000
0.0410000000
0.0410000000
0.0410000000
0.0410000000
0.0410000000
0.0410000000
0.0410000000
0.0410000000
0.0410000000
0.0410000000
0.0410000000
0.0410000000
0.0410000000
0.0410000000
0.0410000000
0.0410000000
0.0410000000
0.0410000000
0.0410000000
0.0410000000
0.0410000000
0.0410000000
0.0410000000
0.0410000000
0.0410000000
0.0410000000
0.0410000000
0.0410000000
0.0410000000
0.0410000000
0.0410000000
0.0410000000
0.0410000000
0.0410000000
0.0410000000
0.0410000000
0.0410000000
0.0410000000
0.0410000000
0.0410000000
0.0410000000
0.0410000000
0.0410000000
0.0410000000
0.0410000000
0.0410000000
0.0410000000
0.0410000000
0.0410000000
0.0410000000
0.0410000000
0.0410000000
0.0410000000
0.0410000000
0.0410000000
0.0410000000
0.0410000000
0.0410000000
0.0410000000
0.0410000000
0.0410000000
0.0410000000
0.0410000000
0.0410000000
0.0410000000
0.0410000000
0.0410000000
0.0410000000
0.0410000000
0.0410000000
0.0410000000
0.0410000000
0.0410000000
0.0410000000
0.0410000000
0.0410000000
0.0410000000
0.0410000000
0.0410000000
0.0410000000
0.0410000000
0.0410000000
0.0410000000
0.0410000000
0.0410000000
0.0410000000
0.0410000000
0.0410000000
0.0410000000
0.0410000000
0.0410000000
0.0410000000
0.0410000000
0.0410000000
0.0410000000
0.0410000000
0.0410000000
0.0410000000
0.0410000000
0.0410000000
0.0410000000
0.0410000000
0.0410000000
0.0410000000
0.0410000000
0.0410000000
0.0410000000
0.0410000000
0.0410000000
0.0410000000
0.0410000000
0.0410000000
0.0410000000
0.0410000000
0.0410000000
0.0410000000
0.0410000000
0.0410000000
0.0410000000
0.0410000000
0.0410000000
0.0410000000
0.0410000000
0.0410000000
0.0410000000
0.0410000000
0.0410000000
0.0410000000
0.0410000000
0.0410000000
0.0410000000
0.0410000000
0.0410000000
0.0410000000
0.0410000000
0.0410000000
0.0410000000
0.0410000000
0.0410000000
0.0410000000
0.0410000000
0.0410000000
0.0410000000
0.0410000000
0.0410000000
0.0410000000
0.0410000000
0.0410000000
0.0410000000
0.0410000000
0.0410000000
0.0410000000
0.0410000000
0.0410000000
0.0410000000
0.0410000000
0.0410000000
0.0410000000
0.0410000000
0.0410000000
0.0410000000
0.0410000000
0.0410000000
0.0410000000
0.0410000000
0.0410000000
0.0410000000
0.0410000000
0.0410000000
0.0410000000
0.0410000000
0.0410000000
0.0410000000
0.0410000000
0.0410000000
0.0410000000
0.0410000000
0.0410000000
0.0410000000
0.0410000000
0.0410000000
0.0410000000
0.0410000000
0.0410000000
0.0410000000
0.0410000000
0.0410000000
0.0410000000
0.0410000000
0.0410000000
0.0410000000
0.0410000000
0.0410000000
0.0410000000
0.0410000000
0.0410000000
0.0410000000
0.0410000000
0.0410000000
0.0410000000
0.0410000000
0.0410000000
0.0410000000
0.0410000000
0.0410000000
0.0410000000
0.0410000000
0.0410000000
0.0410000000
0.0410000000
0.0410000000
0.0410000000
0.0410000000
0.0410000000
0.0410000000
0.0410000000
0.0410000000
0.0410000000
0.0410000000
0.0410000000
0.0410000000
0.0410000000
0.0410000000
0.0410000000
0.0410000000
0.0410000000
0.0410000000
0.0410000000
0.0410000000
0.0410000000
0.0410000000
0.0410000000
0.0410000000
0.0410000000
0.0410000000
0.0410000000
0.0410000000
0.0410000000
0.0410000000
0.0410000000
0.0410000000
0.0410000000
0.0410000000
0.0410000000
0.0410000000
0.0410000000
0.0410000000
0.0410000000
0.0410000000
0.0410000000
0.0410000000
0.0410000000
0.0410000000
0.0410000000
0.0410000000
0.0410000000
0.0410000000
0.0410000000
0.0410000000
0.0410000000
0.0410000000
0.0410000000
0.0410000000
0.0410000000
0.0410000000
0.0410000000
0.0410000000
0.0410000000
0.0410000000
0.0410000000
0.0410000000
0.0410000000
0.0410000000
0.0410000000
0.0410000000
0.0410000000
0.0410000000
0.0410000000
0.0410000000
0.0410000000
0.0410000000
0.0410000000
0.0410000000
0.0410000000
0.0410000000
0.0410000000
0.0410000000
0.0410000000
0.0410000000
0.0410000000
0.0410000000
0.0410000000
0.0410000000
0.0410000000
0.0410000000
0.0410000000
0.0410000000
0.0410000000
0.0410000000
0.0410000000
0.0410000000
0.0410000000
0.0410000000
0.0410000000
0.0410000000
0.0410000000
0.0410000000
0.0410000000
0.0410000000
0.0410000000
0.0410000000
0.0410000000
0.0410000000
0.0410000000
0.0410000000
0.0410000000
0.0410000000
0.0410000000
0.0410000000
0.0410000000
0.0410000000
0.0410000000
0.0410000000
0.0410000000
0.0410000000
0.0410000000
0.0410000000
0.0410000000
0.0410000000
0.0410000000
0.0410000000
0.0410000000
0.0410000000
0.0410000000
0.0410000000
0.0410000000
0.0410000000
0.0410000000
0.0410000000
0.0410000000
0.0410000000
0.0410000000
0.0410000000
0.0410000000
0.0410000000
0.0410000000
0.0410000000
0.0410000000
0.0410000000
0.0410000000
0.0410000000
0.0410000000
0.0410000000
0.0410000000
0.0410000000
0.0410000000
0.0410000000
0.0410000000
0.0410000000
0.0410000000
0.0410000000
0.0410000000
0.0410000000
0.0410000000
0.0410000000
0.0410000000
0.0410000000
0.0410000000
0.0410000000
0.0410000000
0.0410000000
0.0410000000
0.0410000000
0.0410000000
0.0410000000
0.0410000000
0.0410000000
0.0410000000
0.0410000000
0.0410000000
0.0410000000
0.0410000000
0.0410000000
0.0410000000
0.0410000000
0.0410000000
0.0410000000
0.0410000000
0.0410000000
0.0410000000
0.0410000000
0.0410000000
0.0410000000
0.0410000000
0.0410000000
0.0410000000
0.0410000000
0.0410000000
0.0410000000
0.0410000000
0.0410000000
0.0410000000
0.0410000000
0.0410000000
0.0410000000
0.0410000000
0.0410000000
0.0410000000
0.0410000000
0.0410000000
0.0410000000
0.0410000000
0.0410000000
0.0410000000
0.0410000000
0.0410000000
0.0410000000
0.0410000000
0.0410000000
0.0410000000
0.0410000000
0.0410000000
0.0410000000
0.0410000000
0.0410000000
0.0410000000
0.0410000000
0.0410000000
0.0410000000
0.0410000000
0.0410000000
0.0410000000
0.0410000000
0.0410000000
0.0410000000
0.0410000000
0.0410000000
0.0410000000
0.0410000000
0.0410000000
0.0410000000
0.0410000000
0.0410000000
0.0410000000
0.0410000000
0.0410000000
0.0410000000
0.0410000000
0.0410000000
0.0410000000
0.0410000000
0.0410000000
0.0410000000
0.0410000000
0.0410000000
0.0410000000
0.0410000000
0.0410000000
0.0410000000
0.0410000000
0.0410000000
0.0410000000
0.0410000000
0.0410000000
0.0410000000
0.0410000000
0.0410000000
0.0410000000
0.0410000000
0.0410000000
0.0410000000
0.0410000000
0.0410000000
0.0410000000
0.0410000000
0.0410000000
0.0410000000
0.0410000000
0.0410000000
0.0410000000
0.0410000000
0.0410000000
0.0410000000
0.0410000000
0.0410000000
0.0410000000
0.0410000000
0.0410000000
0.0410000000
0.0410000000
0.0410000000
0.0410000000
0.0410000000
0.0410000000
0.0410000000
0.0410000000
0.0410000000
0.0410000000
0.0410000000
0.0410000000
0.0410000000
0.0410000000
0.0410000000
0.0410000000
0.0410000000
0.0410000000
0.0410000000
0.0410000000
0.0410000000
0.0410000000
0.0410000000
0.0410000000
0.0410000000
0.0410000000
0.0410000000
0.0410000000
0.0410000000
0.0410000000
0.0410000000
0.0410000000
0.0410000000
0.0410000000
0.0410000000
0.0410000000
0.0410000000
0.0410000000
0.0410000000
0.0410000000
0.0410000000
0.0410000000
0.0410000000
0.0410000000
0.0410000000
0.0410000000
0.0410000000
0.0410000000
0.0410000000
0.0410000000
0.0410000000
0.0410000000
0.0410000000
0.0410000000
0.0410000000
0.0410000000
0.0410000000
0.0410000000
0.0410000000
0.0410000000
0.0410000000
0.0410000000
0.0410000000
0.0410000000
0.0410000000
0.0410000000
0.0410000000
0.0410000000
0.0410000000
0.0410000000
0.0410000000
0.0410000000
0.0410000000
0.0410000000
0.0410000000
0.0410000000
0.0410000000
0.0410000000
0.0410000000
0.0410000000
0.0410000000
0.0410000000
0.0410000000
0.0410000000
0.0410000000
0.0410000000
0.0410000000
0.0410000000
0.0410000000
0.0410000000
0.0410000000
0.0410000000
0.0410000000
0.0410000000
0.0410000000
0.0410000000
0.0410000000
0.0410000000
0.0410000000
0.0410000000
0.0410000000
0.0410000000
0.0410000000
0.0410000000
0.0410000000
0.0410000000
0.0410000000
0.0410000000
0.0410000000
0.0410000000
0.0410000000
0.0410000000
0.0410000000
0.0410000000
0.0410000000
0.0410000000
0.0410000000
0.0410000000
0.0410000000
0.0410000000
0.0410000000
0.0410000000
0.0410000000
0.0410000000
0.0410000000
0.0410000000
0.0410000000
0.0410000000
0.0410000000
0.0410000000
0.0410000000
0.0410000000
0.0410000000
0.0410000000
0.0410000000
0.0410000000
0.0410000000
0.0410000000
0.0410000000
0.0410000000
0.0410000000
0.0410000000
0.0410000000
0.0410000000
0.0410000000
0.0410000000
0.0410000000
0.0410000000
0.0410000000
0.0410000000
0.0410000000
0.0410000000
0.0410000000
0.0410000000
0.0410000000
0.0410000000
0.0410000000
0.0410000000
0.0410000000
0.0410000000
0.0410000000
0.0410000000
0.0410000000
0.0410000000
0.0410000000
0.0410000000
0.0410000000
0.0410000000
0.0410000000
0.0410000000
0.0410000000
0.0410000000
0.0410000000
0.0410000000
0.0410000000
0.0410000000
0.0410000000
0.0410000000
0.0410000000
0.0410000000
0.0410000000
0.0410000000
0.0410000000
0.0410000000
0.0410000000
0.0410000000
0.0410000000
0.0410000000
0.0410000000
0.0410000000
0.0410000000
0.0410000000
0.0410000000
0.0410000000
0.0410000000
0.0410000000
0.0410000000
0.0410000000
0.0410000000
0.0410000000
0.0410000000
0.0410000000
0.0410000000
0.0410000000
0.0410000000
0.0410000000
0.0410000000
0.0410000000
0.0410000000
0.0410000000
0.0410000000
0.0410000000
0.0410000000
0.0410000000
0.0410000000
0.0410000000
0.0410000000
0.0410000000
0.0410000000
0.0410000000
0.0410000000
0.0410000000
0.0410000000
0.0410000000
0.0410000000
0.0410000000
0.0410000000
0.0410000000
0.0410000000
0.0410000000
0.0410000000
0.0410000000
0.0410000000
0.0410000000
0.0410000000
0.0410000000
0.0410000000
0.0410000000
0.0410000000
0.0410000000
0.0410000000
0.0410000000
0.0410000000
0.0410000000
0.0410000000
0.0410000000
0.0410000000
0.0410000000
0.0410000000
0.0410000000
0.0410000000
0.0410000000
0.0410000000
0.0410000000
0.0410000000
0.0410000000
0.0410000000
0.0410000000
0.0410000000
0.0410000000
0.0410000000
0.0410000000
0.0410000000
0.0410000000
0.0410000000
0.0410000000
0.0410000000
0.0410000000
0.0410000000
0.0410000000
0.0410000000
0.0410000000
0.0410000000
0.0410000000
0.0410000000
0.0410000000
0.0410000000
0.0410000000
0.0410000000
0.0410000000
0.0410000000
0.0410000000
0.0410000000
0.0410000000
0.0410000000
0.0410000000
0.0410000000
0.0410000000
0.0410000000
0.0410000000
0.0410000000
0.0410000000
0.0410000000
0.0410000000
0.0410000000
0.0410000000
0.0410000000
0.0410000000
0.0410000000
0.0410000000
0.0410000000
0.0410000000
0.0410000000
0.0410000000
0.0410000000
0.0410000000
0.0410000000
0.0410000000
0.0410000000
0.0410000000
0.0410000000
0.0410000000
0.0410000000
0.0410000000
0.0410000000
0.0410000000
0.0410000000
0.0410000000
0.0410000000
0.0410000000
0.0410000000
0.0410000000
0.0410000000
0.0410000000
0.0410000000
0.0410000000
0.0410000000
0.0410000000
0.0410000000
0.0410000000
0.0410000000
0.0410000000
0.0410000000
0.0410000000
0.0410000000
0.0410000000
0.0410000000
0.0410000000
0.0410000000
0.0410000000
0.0410000000
0.0410000000
0.0410000000
0.0410000000
0.0410000000
0.0410000000
0.0410000000
0.0410000000
0.0410000000
0.0410000000
0.0410000000
0.0410000000
0.0410000000
0.0410000000
0.0410000000
0.0410000000
0.0410000000
0.0410000000
0.0410000000
0.0410000000
0.0410000000
0.0410000000
0.0410000000
0.0410000000
0.0410000000
0.0410000000
0.0410000000
0.0410000000
0.0410000000
0.0410000000
0.0410000000
0.0410000000
0.0410000000
0.0410000000
0.0410000000
0.0410000000
0.0410000000
0.0410000000
0.0410000000
0.0410000000
0.0410000000
0.0410000000
0.0410000000
0.0410000000
0.0410000000
0.0410000000
0.0410000000
0.0410000000
0.0410000000
0.0410000000
0.0410000000
0.0410000000
0.0410000000
0.0410000000
0.0410000000
0.0410000000
0.0410000000
0.0410000000
0.0410000000
0.0410000000
0.0410000000
0.0410000000
0.0410000000
0.0410000000
0.0410000000
0.0410000000
0.0410000000
0.0410000000
0.0410000000
0.0410000000
0.0410000000
0.0410000000
0.0410000000
0.0410000000
0.0410000000
0.0410000000
0.0410000000
0.0410000000
0.0410000000
0.0410000000
0.0410000000
0.0410000000
0.0410000000
0.0410000000
0.0410000000
0.0410000000
0.0410000000
0.0410000000
0.0410000000
0.0410000000
0.0410000000
0.0410000000
0.0410000000
0.0410000000
0.0410000000
0.0410000000
0.0410000000
0.0410000000
0.0410000000
0.0410000000
0.0410000000
0.0410000000
0.0410000000
0.0410000000
0.0410000000
0.0410000000
0.0410000000
0.0410000000
0.0410000000
0.0410000000
0.0410000000
0.0410000000
0.0410000000
0.0410000000
0.0410000000
0.0410000000
0.0410000000
0.0410000000
0.0410000000
0.0410000000
0.0410000000
0.0410000000
0.0410000000
0.0410000000
0.0410000000
0.0410000000
0.0410000000
0.0410000000
0.0410000000
0.0410000000
0.0410000000
0.0410000000
0.0410000000
0.0410000000
0.0410000000
0.0410000000
0.0410000000
0.0410000000
0.0410000000
0.0410000000
0.0410000000
0.0410000000
0.0410000000
0.0410000000
0.0410000000
0.0410000000
0.0410000000
0.0410000000
0.0410000000
0.0410000000
0.0410000000
0.0410000000
0.0410000000
0.0410000000
0.0410000000
0.0410000000
0.0410000000
0.0410000000
0.0410000000
0.0410000000
0.0410000000
0.0410000000
0.0410000000
0.0410000000
0.0410000000
0.0410000000
0.0410000000
0.0410000000
0.0410000000
0.0410000000
0.0410000000
0.0410000000
0.0410000000
0.0410000000
0.0410000000
0.0410000000
0.0410000000
0.0410000000
0.0410000000
0.0410000000
0.0410000000
0.0410000000
0.0410000000
0.0410000000
0.0410000000
0.0410000000
0.0410000000
0.0410000000
0.0410000000
0.0410000000
0.0410000000
0.0410000000
0.0410000000
0.0410000000
0.0410000000
0.0410000000
0.0410000000
0.0410000000
0.0410000000
0.0410000000
0.0410000000
0.0410000000
0.0410000000
0.0410000000
0.0410000000
0.0410000000
0.0410000000
0.0410000000
0.0410000000
0.0410000000
0.0410000000
0.0410000000
0.0410000000
0.0410000000
0.0410000000
0.0410000000
0.0410000000
0.0410000000
0.0410000000
0.0410000000
0.0410000000
0.0410000000
0.0410000000
0.0410000000
0.0410000000
0.0410000000
0.0410000000
0.0410000000
0.0410000000
0.0410000000
0.0410000000
0.0410000000
0.0410000000
0.0410000000
0.0410000000
0.0410000000
0.0410000000
0.0410000000
0.0410000000
0.0410000000
0.0410000000
0.0410000000
0.0410000000
0.0410000000
0.0410000000
0.0410000000
0.0410000000
0.0410000000
0.0410000000
0.0410000000
0.0410000000
0.0410000000
0.0410000000
0.0410000000
0.0410000000
0.0410000000
0.0410000000
0.0410000000
0.0410000000
0.0410000000
0.0410000000
0.0410000000
0.0410000000
0.0410000000
0.0410000000
0.0410000000
0.0410000000
0.0410000000
0.0410000000
0.0410000000
0.0410000000
0.0410000000
0.0410000000
0.0410000000
0.0410000000
0.0410000000
0.0410000000
0.0410000000
0.0410000000
0.0410000000
0.0410000000
0.0410000000
0.0410000000
0.0410000000
0.0410000000
0.0410000000
0.0410000000
0.0410000000
0.0410000000
0.0410000000
0.0410000000
0.0410000000
0.0410000000
0.0410000000
0.0410000000
0.0410000000
0.0410000000
0.0410000000
0.0410000000
0.0410000000
0.0410000000
0.0410000000
0.0410000000
0.0410000000
0.0410000000
0.0410000000
0.0410000000
0.0410000000
0.0410000000
0.0410000000
0.0410000000
0.0410000000
0.0410000000
0.0410000000
0.0410000000
0.0410000000
0.0410000000
0.0410000000
0.0410000000
0.0410000000
0.0410000000
0.0410000000
0.0410000000
0.0410000000
0.0410000000
0.0410000000
0.0410000000
0.0410000000
0.0410000000
0.0410000000
0.0410000000
0.0410000000
0.0410000000
0.0410000000
0.0410000000
0.0410000000
0.0410000000
0.0410000000
0.0410000000
0.0410000000
0.0410000000
0.0410000000
0.0410000000
0.0410000000
0.0410000000
0.0410000000
0.0410000000
0.0410000000
0.0410000000
0.0410000000
0.0410000000
0.0410000000
0.0410000000
0.0410000000
0.0410000000
0.0410000000
0.0410000000
0.0410000000
0.0410000000
0.0410000000
0.0410000000
0.0410000000
0.0410000000
0.0410000000
0.0410000000
0.0410000000
0.0410000000
0.0410000000
0.0410000000
0.0410000000
0.0410000000
0.0410000000
0.0410000000
0.0410000000
0.0410000000
0.0410000000
0.0410000000
0.0410000000
0.0410000000
0.0410000000
0.0410000000
0.0410000000
0.0410000000
0.0410000000
0.0410000000
0.0410000000
0.0410000000
0.0410000000
0.0410000000
0.0410000000
0.0410000000
0.0410000000
0.0410000000
0.0410000000
0.0410000000
0.0410000000
0.0410000000
0.0410000000
0.0410000000
0.0410000000
0.0410000000
0.0410000000
0.0410000000
0.0410000000
0.0410000000
0.0410000000
0.0410000000
0.0410000000
0.0410000000
0.0410000000
0.0410000000
0.0410000000
0.0410000000
0.0410000000
0.0410000000
0.0410000000
0.0410000000
0.0410000000
0.0410000000
0.0410000000
0.0410000000
0.0410000000
0.0410000000
0.0410000000
0.0410000000
0.0410000000
0.0410000000
0.0410000000
0.0410000000
0.0410000000
0.0410000000
0.0410000000
0.0410000000
0.0410000000
0.0410000000
0.0410000000
0.0410000000
0.0410000000
0.0410000000
0.0410000000
0.0410000000
0.0410000000
0.0410000000
0.0410000000
0.0410000000
0.0410000000
0.0410000000
0.0410000000
0.0410000000
0.0410000000
0.0410000000
0.0410000000
0.0410000000
0.0410000000
0.0410000000
0.0410000000
0.0410000000
0.0410000000
0.0410000000
0.0410000000
0.0410000000
0.0410000000
0.0410000000
0.0410000000
0.0410000000
0.0410000000
0.0410000000
0.0410000000
0.0410000000
0.0410000000
0.0410000000
0.0410000000
0.0410000000
0.0410000000
0.0410000000
0.0410000000
0.0410000000
0.0410000000
0.0410000000
0.0410000000
0.0410000000
0.0410000000
0.0410000000
0.0410000000
0.0410000000
0.0410000000
0.0410000000
0.0410000000
0.0410000000
0.0410000000
0.0410000000
0.0410000000
0.0410000000
0.0410000000
0.0410000000
0.0410000000
0.0410000000
0.0410000000
0.0410000000
0.0410000000
0.0410000000
0.0410000000
0.0410000000
0.0410000000
0.0410000000
0.0410000000
0.0410000000
0.0410000000
0.0410000000
0.0410000000
0.0410000000
0.0410000000
0.0410000000
0.0410000000
0.0410000000
0.0410000000
0.0410000000
0.0410000000
0.0410000000
0.0410000000
0.0410000000
0.0410000000
0.0410000000
0.0410000000
0.0410000000
0.0410000000
0.0410000000
0.0410000000
0.0410000000
0.0410000000
0.0410000000
0.0410000000
0.0410000000
0.0410000000
0.0410000000
0.0410000000
0.0410000000
0.0410000000
0.0410000000
0.0410000000
0.0410000000
0.0410000000
0.0410000000
0.0410000000
0.0410000000
0.0410000000
0.0410000000
0.0410000000
0.0410000000
0.0410000000
0.0410000000
0.0410000000
0.0410000000
0.0410000000
0.0410000000
0.0410000000
0.0410000000
0.0410000000
0.0410000000
0.0410000000
0.0410000000
0.0410000000
0.0410000000
0.0410000000
0.0410000000
0.0410000000
0.0410000000
0.0410000000
0.0410000000
0.0410000000
0.0410000000
0.0410000000
0.0410000000
0.0410000000
0.0410000000
0.0410000000
0.0410000000
0.0410000000
0.0410000000
0.0410000000
0.0410000000
0.0410000000
0.0410000000
0.0410000000
0.0410000000
0.0410000000
0.0410000000
0.0410000000
0.0410000000
0.0410000000
0.0410000000
0.0410000000
0.0410000000
0.0410000000
0.0410000000
0.0410000000
0.0410000000
0.0410000000
0.0410000000
0.0410000000
0.0410000000
0.0410000000
0.0410000000
0.0410000000
0.0410000000
0.0410000000
0.0410000000
0.0410000000
0.0410000000
0.0410000000
0.0410000000
0.0410000000
0.0410000000
0.0410000000
0.0410000000
0.0410000000
0.0410000000
0.0410000000
0.0410000000
0.0410000000
0.0410000000
0.0410000000
0.0410000000
0.0410000000
0.0410000000
0.0410000000
0.0410000000
0.0410000000
0.0410000000
0.0410000000
0.0410000000
0.0410000000
0.0410000000
0.0410000000
0.0410000000
0.0410000000
0.0410000000
0.0410000000
0.0410000000
0.0410000000
0.0410000000
0.0410000000
0.0410000000
0.0410000000
0.0410000000
0.0410000000
0.0410000000
0.0410000000
0.0410000000
0.0410000000
0.0410000000
0.0410000000
0.0410000000
0.0410000000
0.0410000000
0.0410000000
0.0410000000
0.0410000000
0.0410000000
0.0410000000
0.0410000000
0.0410000000
0.0410000000
0.0410000000
0.0410000000
0.0410000000
0.0410000000
0.0410000000
0.0410000000
0.0410000000
0.0410000000
0.0410000000
0.0410000000
0.0410000000
0.0410000000
0.0410000000
0.0410000000
0.0410000000
0.0410000000
0.0410000000
0.0410000000
0.0410000000
0.0410000000
0.0410000000
0.0410000000
0.0410000000
0.0410000000
0.0410000000
0.0410000000
0.0410000000
0.0410000000
0.0410000000
0.0410000000
0.0410000000
0.0410000000
0.0410000000
0.0410000000
0.0410000000
0.0410000000
0.0410000000
0.0410000000
0.0410000000
0.0410000000
0.0410000000
0.0410000000
0.0410000000
0.0410000000
0.0410000000
0.0410000000
0.0410000000
0.0410000000
0.0410000000
0.0410000000
0.0410000000
0.0410000000
0.0410000000
0.0410000000
0.0410000000
0.0410000000
0.0410000000
0.0410000000
0.0410000000
0.0410000000
0.0410000000
0.0410000000
0.0410000000
0.0410000000
0.0410000000
0.0410000000
0.0410000000
0.0410000000
0.0410000000
0.0410000000
0.0410000000
0.0410000000
0.0410000000
0.0410000000
0.0410000000
0.0410000000
0.0410000000
0.0410000000
0.0410000000
0.0410000000
0.0410000000
0.0410000000
0.0410000000
0.0410000000
0.0410000000
0.0410000000
0.0410000000
0.0410000000
0.0410000000
0.0410000000
0.0410000000
0.0410000000
0.0410000000
0.0410000000
0.0410000000
0.0410000000
0.0410000000
0.0410000000
0.0410000000
0.0410000000
0.0410000000
0.0410000000
0.0410000000
0.0410000000
0.0410000000
0.0410000000
0.0410000000
0.0410000000
0.0410000000
0.0410000000
0.0410000000
0.0410000000
0.0410000000
0.0410000000
0.0410000000
0.0410000000
0.0410000000
0.0410000000
0.0410000000
0.0410000000
0.0410000000
0.0410000000
0.0410000000
0.0410000000
0.0410000000
0.0410000000
0.0410000000
0.0410000000
0.0410000000
0.0410000000
0.0410000000
0.0410000000
0.0410000000
0.0410000000
0.0410000000
0.0410000000
0.0410000000
0.0410000000
0.0410000000
0.0410000000
0.0410000000
0.0410000000
0.0410000000
0.0410000000
0.0410000000
0.0410000000
0.0410000000
0.0410000000
0.0410000000
0.0410000000
0.0410000000
0.0410000000
0.0410000000
0.0410000000
0.0410000000
0.0410000000
0.0410000000
0.0410000000
0.0410000000
0.0410000000
0.0410000000
0.0410000000
0.0410000000
0.0410000000
0.0410000000
0.0410000000
0.0410000000
0.0410000000
0.0410000000
0.0410000000
0.0410000000
0.0410000000
0.0410000000
0.0410000000
0.0410000000
0.0410000000
0.0410000000
0.0410000000
0.0410000000
0.0410000000
0.0410000000
0.0410000000
0.0410000000
0.0410000000
0.0410000000
0.0410000000
0.0410000000
0.0410000000
0.0410000000
0.0410000000
0.0410000000
0.0410000000
0.0410000000
0.0410000000
0.0410000000
0.0410000000
0.0410000000
0.0410000000
0.0410000000
0.0410000000
0.0410000000
0.0410000000
0.0410000000
0.0410000000
0.0410000000
0.0410000000
0.0410000000
0.0410000000
0.0410000000
0.0410000000
0.0410000000
0.0410000000
0.0410000000
0.0410000000
0.0410000000
0.0410000000
0.0410000000
0.0410000000
0.0410000000
0.0410000000
0.0410000000
0.0410000000
0.0410000000
0.0410000000
0.0410000000
0.0410000000
0.0410000000
0.0410000000
0.0410000000
0.0410000000
0.0410000000
0.0410000000
0.0410000000
0.0410000000
0.0410000000
0.0410000000
0.0410000000
0.0410000000
0.0410000000
0.0410000000
0.0410000000
0.0410000000
0.0410000000
0.0410000000
0.0410000000
0.0410000000
0.0410000000
0.0410000000
0.0410000000
0.0410000000
0.0410000000
0.0410000000
0.0410000000
0.0410000000
0.0410000000
0.0410000000
0.0410000000
0.0410000000
0.0410000000
0.0410000000
0.0410000000
0.0410000000
0.0410000000
0.0410000000
0.0410000000
0.0410000000
0.0410000000
0.0410000000
0.0410000000
0.0410000000
0.0410000000
0.0410000000
0.0410000000
0.0410000000
0.0410000000
0.0410000000
0.0410000000
0.0410000000
0.0410000000
0.0410000000
0.0410000000
0.0410000000
0.0410000000
0.0410000000
0.0410000000
0.0410000000
0.0410000000
0.0410000000
0.0410000000
0.0410000000
0.0410000000
0.0410000000
0.0410000000
0.0410000000
0.0410000000
0.0410000000
0.0410000000
0.0410000000
0.0410000000
0.0410000000
0.0410000000
0.0410000000
0.0410000000
0.0410000000
0.0410000000
0.0410000000
0.0410000000
0.0410000000
0.0410000000
0.0410000000
0.0410000000
0.0410000000
0.0410000000
0.0410000000
0.0410000000
0.0410000000
0.0410000000
0.0410000000
0.0410000000
0.0410000000
0.0410000000
0.0410000000
0.0410000000
0.0410000000
0.0410000000
0.0410000000
0.0410000000
0.0410000000
0.0410000000
0.0410000000
0.0410000000
0.0410000000
0.0410000000
0.0410000000
0.0410000000
0.0410000000
0.0410000000
0.0410000000
0.0410000000
0.0410000000
0.0410000000
0.0410000000
0.0410000000
0.0410000000
0.0410000000
0.0410000000
0.0410000000
0.0410000000
0.0410000000
0.0410000000
0.0410000000
0.0410000000
0.0410000000
0.0410000000
0.0410000000
0.0410000000
0.0410000000
0.0410000000
0.0410000000
0.0410000000
0.0410000000
0.0410000000
0.0410000000
0.0410000000
0.0410000000
0.0410000000
0.0410000000
0.0410000000
0.0410000000
0.0410000000
0.0410000000
0.0410000000
0.0410000000
0.0410000000
0.0410000000
0.0410000000
0.0410000000
0.0410000000
0.0410000000
0.0410000000
0.0410000000
0.0410000000
0.0410000000
0.0410000000
0.0410000000
0.0410000000
0.0410000000
0.0410000000
0.0410000000
0.0410000000
0.0410000000
0.0410000000
0.0410000000
0.0410000000
0.0410000000
0.0410000000
0.0410000000
0.0410000000
0.0410000000
0.0410000000
0.0410000000
0.0410000000
0.0410000000
0.0410000000
0.0410000000
0.0410000000
0.0410000000
0.0410000000
0.0410000000
0.0410000000
0.0410000000
0.0410000000
0.0410000000
0.0410000000
0.0410000000
0.0410000000
0.0410000000
0.0410000000
0.0410000000
0.0410000000
0.0410000000
0.0410000000
0.0410000000
0.0410000000
0.0410000000
0.0410000000
0.0410000000
0.0410000000
0.0410000000
0.0410000000
0.0410000000
0.0410000000
0.0410000000
0.0410000000
0.0410000000
0.0410000000
0.0410000000
0.0410000000
0.0410000000
0.0410000000
0.0410000000
0.0410000000
0.0410000000
0.0410000000
0.0410000000
0.0410000000
0.0410000000
0.0410000000
0.0410000000
0.0410000000
0.0410000000
0.0410000000
0.0410000000
0.0410000000
0.0410000000
0.0410000000
0.0410000000
0.0410000000
0.0410000000
0.0410000000
0.0410000000
0.0410000000
0.0410000000
0.0410000000
0.0410000000
0.0410000000
0.0410000000
0.0410000000
0.0410000000
0.0410000000
0.0410000000
0.0410000000
0.0410000000
0.0410000000
0.0410000000
0.0410000000
0.0410000000
0.0410000000
0.0410000000
0.0410000000
0.0410000000
0.0410000000
0.0410000000
0.0410000000
0.0410000000
0.0410000000
0.0410000000
0.0410000000
0.0410000000
0.0410000000
0.0410000000
0.0410000000
0.0410000000
0.0410000000
0.0410000000
0.0410000000
0.0410000000
0.0410000000
0.0410000000
0.0410000000
0.0410000000
0.0410000000
0.0410000000
0.0410000000
0.0410000000
0.0410000000
0.0410000000
0.0410000000
0.0410000000
0.0410000000
0.0410000000
0.0410000000
0.0410000000
0.0410000000
0.0410000000
0.0410000000
0.0410000000
0.0410000000
0.0410000000
0.0410000000
0.0410000000
0.0410000000
0.0410000000
0.0410000000
0.0410000000
0.0410000000
0.0410000000
0.0410000000
0.0410000000
0.0410000000
0.0410000000
0.0410000000
0.0410000000
0.0410000000
0.0410000000
0.0410000000
0.0410000000
0.0410000000
0.0410000000
0.0410000000
0.0410000000
0.0410000000
0.0410000000
0.0410000000
0.0410000000
0.0410000000
0.0410000000
0.0410000000
0.0410000000
0.0410000000
0.0410000000
0.0410000000
0.0410000000
0.0410000000
0.0410000000
0.0410000000
0.0410000000
0.0410000000
0.0410000000
0.0410000000
0.0410000000
0.0410000000
0.0410000000
0.0410000000
0.0410000000
0.0410000000
0.0410000000
0.0410000000
0.0410000000
0.0410000000
0.0410000000
0.0410000000
0.0410000000
0.0410000000
0.0410000000
0.0410000000
0.0410000000
0.0410000000
0.0410000000
0.0410000000
0.0410000000
0.0410000000
0.0410000000
0.0410000000
0.0410000000
0.0410000000
0.0410000000
0.0410000000
0.0410000000
0.0410000000
0.0410000000
0.0410000000
0.0410000000
0.0410000000
0.0410000000
0.0410000000
0.0410000000
0.0410000000
0.0410000000
0.0410000000
0.0410000000
0.0410000000
0.0410000000
0.0410000000
0.0410000000
0.0410000000
0.0410000000
0.0410000000
0.0410000000
0.0410000000
0.0410000000
0.0410000000
0.0410000000
0.0410000000
0.0410000000
0.0410000000
0.0410000000
0.0410000000
0.0410000000
0.0410000000
0.0410000000
0.0410000000
0.0410000000
0.0410000000
0.0410000000
0.0410000000
0.0410000000
0.0410000000
0.0410000000
0.0410000000
0.0410000000
0.0410000000
0.0410000000
0.0410000000
0.0410000000
0.0410000000
0.0410000000
0.0410000000
0.0410000000
0.0410000000
0.0410000000
0.0410000000
0.0410000000
0.0410000000
0.0410000000
0.0410000000
0.0410000000
0.0410000000
0.0410000000
0.0410000000
0.0410000000
0.0410000000
0.0410000000
0.0410000000
0.0410000000
0.0410000000
0.0410000000
0.0410000000
0.0410000000
0.0410000000
0.0410000000
0.0410000000
0.0410000000
0.0410000000
0.0410000000
0.0410000000
0.0410000000
0.0410000000
0.0410000000
0.0410000000
0.0410000000
0.0410000000
0.0410000000
0.0410000000
0.0410000000
0.0410000000
0.0410000000
0.0410000000
0.0410000000
0.0410000000
0.0410000000
0.0410000000
0.0410000000
0.0410000000
0.0410000000
0.0410000000
0.0410000000
0.0410000000
0.0410000000
0.0410000000
0.0410000000
0.0410000000
0.0410000000
0.0410000000
0.0410000000
0.0410000000
0.0410000000
0.0410000000
0.0410000000
0.0410000000
0.0410000000
0.0410000000
0.0410000000
0.0410000000
0.0410000000
0.0410000000
0.0410000000
0.0410000000
0.0410000000
0.0410000000
0.0410000000
0.0410000000
0.0410000000
0.0410000000
0.0410000000
0.0410000000
0.0410000000
0.0410000000
0.0410000000
0.0410000000
0.0410000000
0.0410000000
0.0410000000
0.0410000000
0.0410000000
0.0410000000
0.0410000000
0.0410000000
0.0410000000
0.0410000000
0.0410000000
0.0410000000
0.0410000000
0.0410000000
0.0410000000
0.0410000000
0.0410000000
0.0410000000
0.0410000000
0.0410000000
0.0410000000
0.0410000000
0.0410000000
0.0410000000
0.0410000000
0.0410000000
0.0410000000
0.0410000000
0.0410000000
0.0410000000
0.0410000000
0.0410000000
0.0410000000
0.0410000000
0.0410000000
0.0410000000
0.0410000000
0.0410000000
0.0410000000
0.0410000000
0.0410000000
0.0410000000
0.0410000000
0.0410000000
0.0410000000
0.0410000000
0.0410000000
0.0410000000
0.0410000000
0.0410000000
0.0410000000
0.0410000000
0.0410000000
0.0410000000
0.0410000000
0.0410000000
0.0410000000
0.0410000000
0.0410000000
0.0410000000
0.0410000000
0.0410000000
0.0410000000
0.0410000000
0.0410000000
0.0410000000
0.0410000000
0.0410000000
0.0410000000
0.0410000000
0.0410000000
0.0410000000
0.0410000000
0.0410000000
0.0410000000
0.0410000000
0.0410000000
0.0410000000
0.0410000000
0.0410000000
0.0410000000
0.0410000000
0.0410000000
0.0410000000
0.0410000000
0.0410000000
0.0410000000
0.0410000000
0.0410000000
0.0410000000
0.0410000000
0.0410000000
0.0410000000
0.0410000000
0.0410000000
0.0410000000
0.0410000000
0.0410000000
0.0410000000
0.0410000000
0.0410000000
0.0410000000
0.0410000000
0.0410000000
0.0410000000
0.0410000000
0.0410000000
0.0410000000
0.0410000000
0.0410000000
0.0410000000
0.0410000000
0.0410000000
0.0410000000
0.0410000000
0.0410000000
0.0410000000
0.0410000000
0.0410000000
0.0410000000
0.0410000000
0.0410000000
0.0410000000
0.0410000000
0.0410000000
0.0410000000
0.0410000000
0.0410000000
0.0410000000
0.0410000000
0.0410000000
0.0410000000
0.0410000000
0.0410000000
0.0410000000
0.0410000000
0.0410000000
0.0410000000
0.0410000000
0.0410000000
0.0410000000
0.0410000000
0.0410000000
0.0410000000
0.0410000000
0.0410000000
0.0410000000
0.0410000000
0.0410000000
0.0410000000
0.0410000000
0.0410000000
0.0410000000
0.0410000000
0.0410000000
0.0410000000
0.0410000000
0.0410000000
0.0410000000
0.0410000000
0.0410000000
0.0410000000
0.0410000000
0.0410000000
0.0410000000
0.0410000000
0.0410000000
0.0410000000
0.0410000000
0.0410000000
0.0410000000
0.0410000000
0.0410000000
0.0410000000
0.0410000000
0.0410000000
0.0410000000
0.0410000000
0.0410000000
0.0410000000
0.0410000000
0.0410000000
0.0410000000
0.0410000000
0.0410000000
0.0410000000
0.0410000000
0.0410000000
0.0410000000
0.0410000000
0.0410000000
0.0410000000
0.0410000000
0.0410000000
0.0410000000
0.0410000000
0.0410000000
0.0410000000
0.0410000000
0.0410000000
0.0410000000
0.0410000000
0.0410000000
0.0410000000
0.0410000000
0.0410000000
0.0410000000
0.0410000000
0.0410000000
0.0410000000
0.0410000000
0.0410000000
0.0410000000
0.0410000000
0.0410000000
0.0410000000
0.0410000000
0.0410000000
0.0410000000
0.0410000000
0.0410000000
0.0410000000
0.0410000000
0.0410000000
0.0410000000
0.0410000000
0.0410000000
0.0410000000
0.0410000000
0.0410000000
0.0410000000
0.0410000000
0.0410000000
0.0410000000
0.0410000000
0.0410000000
0.0410000000
0.0410000000
0.0410000000
0.0410000000
0.0410000000
0.0410000000
0.0410000000
0.0410000000
0.0410000000
0.0410000000
0.0410000000
0.0410000000
0.0410000000
0.0410000000
0.0410000000
0.0410000000
0.0410000000
0.0410000000
0.0410000000
0.0410000000
0.0410000000
0.0410000000
0.0410000000
0.0410000000
0.0410000000
0.0410000000
0.0410000000
0.0410000000
0.0410000000
0.0410000000
0.0410000000
0.0410000000
0.0410000000
0.0410000000
0.0410000000
0.0410000000
0.0410000000
0.0410000000
0.0410000000
0.0410000000
0.0410000000
0.0410000000
0.0410000000
0.0410000000
0.0410000000
0.0410000000
0.0410000000
0.0410000000
0.0410000000
0.0410000000
0.0410000000
0.0410000000
0.0410000000
0.0410000000
0.0410000000
0.0410000000
0.0410000000
0.0410000000
0.0410000000
0.0410000000
0.0410000000
0.0410000000
0.0410000000
0.0410000000
0.0410000000
0.0410000000
0.0410000000
0.0410000000
0.0410000000
0.0410000000
0.0410000000
0.0410000000
0.0410000000
0.0410000000
0.0410000000
0.0410000000
0.0410000000
0.0410000000
0.0410000000
0.0410000000
0.0410000000
0.0410000000
0.0410000000
0.0410000000
0.0410000000
0.0410000000
0.0410000000
0.0410000000
0.0410000000
0.0410000000
0.0410000000
0.0410000000
0.0410000000
0.0410000000
0.0410000000
0.0410000000
0.0410000000
0.0410000000
0.0410000000
0.0410000000
0.0410000000
0.0410000000
0.0410000000
0.0410000000
0.0410000000
0.0410000000
0.0410000000
0.0410000000
0.0410000000
0.0410000000
0.0410000000
0.0410000000
0.0410000000
0.0410000000
0.0410000000
0.0410000000
0.0410000000
0.0410000000
0.0410000000
0.0410000000
0.0410000000
0.0410000000
0.0410000000
0.0410000000
0.0410000000
0.0410000000
0.0410000000
0.0410000000
0.0410000000
0.0410000000
0.0410000000
0.0410000000
0.0410000000
0.0410000000
0.0410000000
0.0410000000
0.0410000000
0.0410000000
0.0410000000
0.0410000000
0.0410000000
0.0410000000
0.0410000000
0.0410000000
0.0410000000
0.0410000000
0.0410000000
0.0410000000
0.0410000000
0.0410000000
0.0410000000
0.0410000000
0.0410000000
0.0410000000
0.0410000000
0.0410000000
0.0410000000
0.0410000000
0.0410000000
0.0410000000
0.0410000000
0.0410000000
0.0410000000
0.0410000000
0.0410000000
0.0410000000
0.0410000000
0.0410000000
0.0410000000
0.0410000000
0.0410000000
0.0410000000
0.0410000000
0.0410000000
0.0410000000
0.0410000000
0.0410000000
0.0410000000
0.0410000000
0.0410000000
0.0410000000
0.0410000000
0.0410000000
0.0410000000
0.0410000000
0.0410000000
0.0410000000
0.0410000000
0.0410000000
0.0410000000
0.0410000000
0.0410000000
0.0410000000
0.0410000000
0.0410000000
0.0410000000
0.0410000000
0.0410000000
0.0410000000
0.0410000000
0.0410000000
0.0410000000
0.0410000000
0.0410000000
0.0410000000
0.0410000000
0.0410000000
0.0410000000
0.0410000000
0.0410000000
0.0410000000
0.0410000000
0.0410000000
0.0410000000
0.0410000000
0.0410000000
0.0410000000
0.0410000000
0.0410000000
0.0410000000
0.0410000000
0.0410000000
0.0410000000
0.0410000000
0.0410000000
0.0410000000
0.0410000000
0.0410000000
0.0410000000
0.0410000000
0.0410000000
0.0410000000
0.0410000000
0.0410000000
0.0410000000
0.0410000000
0.0410000000
0.0410000000
0.0410000000
0.0410000000
0.0410000000
0.0410000000
0.0410000000
0.0410000000
0.0410000000
0.0410000000
0.0410000000
0.0410000000
0.0410000000
0.0410000000
0.0410000000
0.0410000000
0.0410000000
0.0410000000
0.0410000000
0.0410000000
0.0410000000
0.0410000000
0.0410000000
0.0410000000
0.0410000000
0.0410000000
0.0410000000
0.0410000000
0.0410000000
0.0410000000
0.0410000000
0.0410000000
0.0410000000
0.0410000000
0.0410000000
0.0410000000
0.0410000000
0.0410000000
0.0410000000
0.0410000000
0.0410000000
0.0410000000
0.0410000000
0.0410000000
0.0410000000
0.0410000000
0.0410000000
0.0410000000
0.0410000000
0.0410000000
0.0410000000
0.0410000000
0.0410000000
0.0410000000
0.0410000000
0.0410000000
0.0410000000
0.0410000000
0.0410000000
0.0410000000
0.0410000000
0.0410000000
0.0410000000
0.0410000000
0.0410000000
0.0410000000
0.0410000000
0.0410000000
0.0410000000
0.0410000000
0.0410000000
0.0410000000
0.0410000000
0.0410000000
0.0410000000
0.0410000000
0.0410000000
0.0410000000
0.0410000000
0.0410000000
0.0410000000
0.0410000000
0.0410000000
0.0410000000
0.0410000000
0.0410000000
0.0410000000
0.0410000000
0.0410000000
0.0410000000
0.0410000000
0.0410000000
0.0410000000
0.0410000000
0.0410000000
0.0410000000
0.0410000000
0.0410000000
0.0410000000
0.0410000000
0.0410000000
0.0410000000
0.0410000000
0.0410000000
0.0410000000
0.0410000000
0.0410000000
0.0410000000
0.0410000000
0.0410000000
0.0410000000
0.0410000000
0.0410000000
0.0410000000
0.0410000000
0.0410000000
0.0410000000
0.0410000000
0.0410000000
0.0410000000
0.0410000000
0.0410000000
0.0410000000
0.0410000000
0.0410000000
0.0410000000
0.0410000000
0.0410000000
0.0410000000
0.0410000000
0.0410000000
0.0410000000
0.0410000000
0.0410000000
0.0410000000
0.0410000000
0.0410000000
0.0410000000
0.0410000000
0.0410000000
0.0410000000
0.0410000000
0.0410000000
0.0410000000
0.0410000000
0.0410000000
0.0410000000
0.0410000000
0.0410000000
0.0410000000
0.0410000000
0.0410000000
0.0410000000
0.0410000000
0.0410000000
0.0410000000
0.0410000000
0.0410000000
0.0410000000
0.0410000000
0.0410000000
0.0410000000
0.0410000000
0.0410000000
0.0410000000
0.0410000000
0.0410000000
0.0410000000
0.0410000000
0.0410000000
0.0410000000
0.0410000000
0.0410000000
0.0410000000
0.0410000000
0.0410000000
0.0410000000
0.0410000000
0.0410000000
0.0410000000
0.0410000000
0.0410000000
0.0410000000
0.0410000000
0.0410000000
0.0410000000
0.0410000000
0.0410000000
0.0410000000
0.0410000000
0.0410000000
0.0410000000
0.0410000000
0.0410000000
0.0410000000
0.0410000000
0.0410000000
0.0410000000
0.0410000000
0.0410000000
0.0410000000
0.0410000000
0.0410000000
0.0410000000
0.0410000000
0.0410000000
0.0410000000
0.0410000000
0.0410000000
0.0410000000
0.0410000000
0.0410000000
0.0410000000
0.0410000000
0.0410000000
0.0410000000
0.0410000000
0.0410000000
0.0410000000
0.0410000000
0.0410000000
0.0410000000
0.0410000000
0.0410000000
0.0410000000
0.0410000000
0.0410000000
0.0410000000
0.0410000000
0.0410000000
0.0410000000
0.0410000000
0.0410000000
0.0410000000
0.0410000000
0.0410000000
0.0410000000
0.0410000000
0.0410000000
0.0410000000
0.0410000000
0.0410000000
0.0410000000
0.0410000000
0.0410000000
0.0410000000
0.0410000000
0.0410000000
0.0410000000
0.0410000000
0.0410000000
0.0410000000
0.0410000000
0.0410000000
0.0410000000
0.0410000000
0.0410000000
0.0410000000
0.0410000000
0.0410000000
0.0410000000
0.0410000000
0.0410000000
0.0410000000
0.0410000000
0.0410000000
0.0410000000
0.0410000000
0.0410000000
0.0410000000
0.0410000000
0.0410000000
0.0410000000
0.0410000000
0.0410000000
0.0410000000
0.0410000000
0.0410000000
0.0410000000
0.0410000000
0.0410000000
0.0410000000
0.0410000000
0.0410000000
0.0410000000
0.0410000000
0.0410000000
0.0410000000
0.0410000000
0.0410000000
0.0410000000
0.0410000000
0.0410000000
0.0410000000
0.0410000000
0.0410000000
0.0410000000
0.0410000000
0.0410000000
0.0410000000
0.0410000000
0.0410000000
0.0410000000
0.0410000000
0.0410000000
0.0410000000
0.0410000000
0.0410000000
0.0410000000
0.0410000000
0.0410000000
0.0410000000
0.0410000000
0.0410000000
0.0410000000
0.0410000000
0.0410000000
0.0410000000
0.0410000000
0.0410000000
0.0410000000
0.0410000000
0.0410000000
0.0410000000
0.0410000000
0.0410000000
0.0410000000
0.0410000000
0.0410000000
0.0410000000
0.0410000000
0.0410000000
0.0410000000
0.0410000000
0.0410000000
0.0410000000
0.0410000000
0.0410000000
0.0410000000
0.0410000000
0.0410000000
0.0410000000
0.0410000000
0.0410000000
0.0410000000
0.0410000000
0.0410000000
0.0410000000
0.0410000000
0.0410000000
0.0410000000
0.0410000000
0.0410000000
0.0410000000
0.0410000000
0.0410000000
0.0410000000
0.0410000000
0.0410000000
0.0410000000
0.0410000000
0.0410000000
0.0410000000
0.0410000000
0.0410000000
0.0410000000
0.0410000000
0.0410000000
0.0410000000
0.0410000000
0.0410000000
0.0410000000
0.0410000000
0.0410000000
0.0410000000
0.0410000000
0.0410000000
0.0410000000
0.0410000000
0.0410000000
0.0410000000
0.0410000000
0.0410000000
0.0410000000
0.0410000000
0.0410000000
0.0410000000
0.0410000000
0.0410000000
0.0410000000
0.0410000000
0.0410000000
0.0410000000
0.0410000000
0.0410000000
0.0410000000
0.0410000000
0.0410000000
0.0410000000
0.0410000000
0.0410000000
0.0410000000
0.0410000000
0.0410000000
0.0410000000
0.0410000000
0.0410000000
0.0410000000
0.0410000000
0.0410000000
0.0410000000
0.0410000000
0.0410000000
0.0410000000
0.0410000000
0.0410000000
0.0410000000
0.0410000000
0.0410000000
0.0410000000
0.0410000000
0.0410000000
0.0410000000
0.0410000000
0.0410000000
0.0410000000
0.0410000000
0.0410000000
0.0410000000
0.0410000000
0.0410000000
0.0410000000
0.0410000000
0.0410000000
0.0410000000
0.0410000000
0.0410000000
0.0410000000
0.0410000000
0.0410000000
0.0410000000
0.0410000000
0.0410000000
0.0410000000
0.0410000000
0.0410000000
0.0410000000
0.0410000000
0.0410000000
0.0410000000
0.0410000000
0.0410000000
0.0410000000
0.0410000000
0.0410000000
0.0410000000
0.0410000000
0.0410000000
0.0410000000
0.0410000000
0.0410000000
0.0410000000
0.0410000000
0.0410000000
0.0410000000
0.0410000000
0.0410000000
0.0410000000
0.0410000000
0.0410000000
0.0410000000
0.0410000000
0.0410000000
0.0410000000
0.0410000000
0.0410000000
0.0410000000
0.0410000000
0.0410000000
0.0410000000
0.0410000000
0.0410000000
0.0410000000
0.0410000000
0.0410000000
0.0410000000
0.0410000000
0.0410000000
0.0410000000
0.0410000000
0.0410000000
0.0410000000
0.0410000000
0.0410000000
0.0410000000
0.0410000000
0.0410000000
0.0410000000
0.0410000000
0.0410000000
0.0410000000
0.0410000000
0.0410000000
0.0410000000
0.0410000000
0.0410000000
0.0410000000
0.0410000000
0.0410000000
0.0410000000
0.0410000000
0.0410000000
0.0410000000
0.0410000000
0.0410000000
0.0410000000
0.0410000000
0.0410000000
0.0410000000
0.0410000000
0.0410000000
0.0410000000
0.0410000000
0.0410000000
0.0410000000
0.0410000000
0.0410000000
0.0410000000
0.0410000000
0.0410000000
0.0410000000
0.0410000000
0.0410000000
0.0410000000
0.0410000000
0.0410000000
0.0410000000
0.0410000000
0.0410000000
0.0410000000
0.0410000000
0.0410000000
0.0410000000
0.0410000000
0.0410000000
0.0410000000
0.0410000000
0.0410000000
0.0410000000
0.0410000000
0.0410000000
0.0410000000
0.0410000000
0.0410000000
0.0410000000
0.0410000000
0.0410000000
0.0410000000
0.0410000000
0.0410000000
0.0410000000
0.0410000000
0.0410000000
0.0410000000
0.0410000000
0.0410000000
0.0410000000
0.0410000000
0.0410000000
0.0410000000
0.0410000000
0.0410000000
0.0410000000
0.0410000000
0.0410000000
0.0410000000
0.0410000000
0.0410000000
0.0410000000
0.0410000000
0.0410000000
0.0410000000
0.0410000000
0.0410000000
0.0410000000
0.0410000000
0.0410000000
0.0410000000
0.0410000000
0.0410000000
0.0410000000
0.0410000000
0.0410000000
0.0410000000
0.0410000000
0.0410000000
0.0410000000
0.0410000000
0.0410000000
0.0410000000
0.0410000000
0.0410000000
0.0410000000
0.0410000000
0.0410000000
0.0410000000
0.0410000000
0.0410000000
0.0410000000
0.0410000000
0.0410000000
0.0410000000
0.0410000000
0.0410000000
0.0410000000
0.0410000000
0.0410000000
0.0410000000
0.0410000000
0.0410000000
0.0410000000
0.0410000000
0.0410000000
0.0410000000
0.0410000000
0.0410000000
0.0410000000
0.0410000000
0.0410000000
0.0410000000
0.0410000000
0.0410000000
0.0410000000
0.0410000000
0.0410000000
0.0410000000
0.0410000000
0.0410000000
0.0410000000
0.0410000000
0.0410000000
0.0410000000
0.0410000000
0.0410000000
0.0410000000
0.0410000000
0.0410000000
0.0410000000
0.0410000000
0.0410000000
0.0410000000
0.0410000000
0.0410000000
0.0410000000
0.0410000000
0.0410000000
0.0410000000
0.0410000000
0.0410000000
0.0410000000
0.0410000000
0.0410000000
0.0410000000
0.0410000000
0.0410000000
0.0410000000
0.0410000000
0.0410000000
0.0410000000
0.0410000000
0.0410000000
0.0410000000
0.0410000000
0.0410000000
0.0410000000
0.0410000000
0.0410000000
0.0410000000
0.0410000000
0.0410000000
0.0410000000
0.0410000000
0.0410000000
0.0410000000
0.0410000000
0.0410000000
0.0410000000
0.0410000000
0.0410000000
0.0410000000
0.0410000000
0.0410000000
0.0410000000
0.0410000000
0.0410000000
0.0410000000
0.0410000000
0.0410000000
0.0410000000
0.0410000000
0.0410000000
0.0410000000
0.0410000000
0.0410000000
0.0410000000
0.0410000000
0.0410000000
0.0410000000
0.0410000000
0.0410000000
0.0410000000
0.0410000000
0.0410000000
0.0410000000
0.0410000000
0.0410000000
0.0410000000
0.0410000000
0.0410000000
0.0410000000
0.0410000000
0.0410000000
0.0410000000
0.0410000000
0.0410000000
0.0410000000
0.0410000000
0.0410000000
0.0410000000
0.0410000000
0.0410000000
0.0410000000
0.0410000000
0.0410000000
0.0410000000
0.0410000000
0.0410000000
0.0410000000
0.0410000000
0.0410000000
0.0410000000
0.0410000000
0.0410000000
0.0410000000
0.0410000000
0.0410000000
0.0410000000
0.0410000000
0.0410000000
0.0410000000
0.0410000000
0.0410000000
0.0410000000
0.0410000000
0.0410000000
0.0410000000
0.0410000000
0.0410000000
0.0410000000
0.0410000000
0.0410000000
0.0410000000
0.0410000000
0.0410000000
0.0410000000
0.0410000000
0.0410000000
0.0410000000
0.0410000000
0.0410000000
0.0410000000
0.0410000000
0.0410000000
0.0410000000
0.0410000000
0.0410000000
0.0410000000
0.0410000000
0.0410000000
0.0410000000
0.0410000000
0.0410000000
0.0410000000
0.0410000000
0.0410000000
0.0410000000
0.0410000000
0.0410000000
0.0410000000
0.0410000000
0.0410000000
0.0410000000
0.0410000000
0.0410000000
0.0410000000
0.0410000000
0.0410000000
0.0410000000
0.0410000000
0.0410000000
0.0410000000
0.0410000000
0.0410000000
0.0410000000
0.0410000000
0.0410000000
0.0410000000
0.0410000000
0.0410000000
0.0410000000
0.0410000000
0.0410000000
0.0410000000
0.0410000000
0.0410000000
0.0410000000
0.0410000000
0.0410000000
0.0410000000
0.0410000000
0.0410000000
0.0410000000
0.0410000000
0.0410000000
0.0410000000
0.0410000000
0.0410000000
0.0410000000
0.0410000000
0.0410000000
0.0410000000
0.0410000000
0.0410000000
0.0410000000
0.0410000000
0.0410000000
0.0410000000
0.0410000000
0.0410000000
0.0410000000
0.0410000000
0.0410000000
0.0410000000
0.0410000000
0.0410000000
0.0410000000
0.0410000000
0.0410000000
0.0410000000
0.0410000000
0.0410000000
0.0410000000
0.0410000000
0.0410000000
0.0410000000
0.0410000000
0.0410000000
0.0410000000
0.0410000000
0.0410000000
0.0410000000
0.0410000000
0.0410000000
0.0410000000
0.0410000000
0.0410000000
0.0410000000
0.0410000000
0.0410000000
0.0410000000
0.0410000000
0.0410000000
0.0410000000
0.0410000000
0.0410000000
0.0410000000
0.0410000000
0.0410000000
0.0410000000
0.0410000000
0.0410000000
0.0410000000
0.0410000000
0.0410000000
0.0410000000
0.0410000000
0.0410000000
0.0410000000
0.0410000000
0.0410000000
0.0410000000
0.0410000000
0.0410000000
0.0410000000
0.0410000000
0.0410000000
0.0410000000
0.0410000000
0.0410000000
0.0410000000
0.0410000000
0.0410000000
0.0410000000
0.0410000000
0.0410000000
0.0410000000
0.0410000000
0.0410000000
0.0410000000
0.0410000000
0.0410000000
0.0410000000
0.0410000000
0.0410000000
0.0410000000
0.0410000000
0.0410000000
0.0410000000
0.0410000000
0.0410000000
0.0410000000
0.0410000000
0.0410000000
0.0410000000
0.0410000000
0.0410000000
0.0410000000
0.0410000000
0.0410000000
0.0410000000
0.0410000000
0.0410000000
0.0410000000
0.0410000000
0.0410000000
0.0410000000
0.0410000000
0.0410000000
0.0410000000
0.0410000000
0.0410000000
0.0410000000
0.0410000000
0.0410000000
0.0410000000
0.0410000000
0.0410000000
0.0410000000
0.0410000000
0.0410000000
0.0410000000
0.0410000000
0.0410000000
0.0410000000
0.0410000000
0.0410000000
0.0410000000
0.0410000000
0.0410000000
0.0410000000
0.0410000000
0.0410000000
0.0410000000
0.0410000000
0.0410000000
0.0410000000
0.0410000000
0.0410000000
0.0410000000
0.0410000000
0.0410000000
0.0410000000
0.0410000000
0.0410000000
0.0410000000
0.0410000000
0.0410000000
0.0410000000
0.0410000000
0.0410000000
0.0410000000
0.0410000000
0.0410000000
0.0410000000
0.0410000000
0.0410000000
0.0410000000
0.0410000000
0.0410000000
0.0410000000
0.0410000000
0.0410000000
0.0410000000
0.0410000000
0.0410000000
0.0410000000
0.0410000000
0.0410000000
0.0410000000
0.0410000000
0.0410000000
0.0410000000
0.0410000000
0.0410000000
0.0410000000
0.0410000000
0.0410000000
0.0410000000
0.0410000000
0.0410000000
0.0410000000
0.0410000000
0.0410000000
0.0410000000
0.0410000000
0.0410000000
0.0410000000
0.0410000000
0.0410000000
0.0410000000
0.0410000000
0.0410000000
0.0410000000
0.0410000000
0.0410000000
0.0410000000
0.0410000000
0.0410000000
0.0410000000
0.0410000000
0.0410000000
0.0410000000
0.0410000000
0.0410000000
0.0410000000
0.0410000000
0.0410000000
0.0410000000
0.0410000000
0.0410000000
0.0410000000
0.0410000000
0.0410000000
0.0410000000
0.0410000000
0.0410000000
0.0410000000
0.0410000000
0.0410000000
0.0410000000
0.0410000000
0.0410000000
0.0410000000
0.0410000000
0.0410000000
0.0410000000
0.0410000000
0.0410000000
0.0410000000
0.0410000000
0.0410000000
0.0410000000
0.0410000000
0.0410000000
0.0410000000
0.0410000000
0.0410000000
0.0410000000
0.0410000000
0.0410000000
0.0410000000
0.0410000000
0.0410000000
0.0410000000
0.0410000000
0.0410000000
0.0410000000
0.0410000000
0.0410000000
0.0410000000
0.0410000000
0.0410000000
0.0410000000
0.0410000000
0.0410000000
0.0410000000
0.0410000000
0.0410000000
0.0410000000
0.0410000000
0.0410000000
0.0410000000
0.0410000000
0.0410000000
0.0410000000
0.0410000000
0.0410000000
0.0410000000
0.0410000000
0.0410000000
0.0410000000
0.0410000000
0.0410000000
0.0410000000
0.0410000000
0.0410000000
0.0410000000
0.0410000000
0.0410000000
0.0410000000
0.0410000000
0.0410000000
0.0410000000
0.0410000000
0.0410000000
0.0410000000
0.0410000000
0.0410000000
0.0410000000
0.0410000000
0.0410000000
0.0410000000
0.0410000000
0.0410000000
0.0410000000
0.0410000000
0.0410000000
0.0410000000
0.0410000000
0.0410000000
0.0410000000
0.0410000000
0.0410000000
0.0410000000
0.0410000000
0.0410000000
0.0410000000
0.0410000000
0.0410000000
0.0410000000
0.0410000000
0.0410000000
0.0410000000
0.0410000000
0.0410000000
0.0410000000
0.0410000000
0.0410000000
0.0410000000
0.0410000000
0.0410000000
0.0410000000
0.0410000000
0.0410000000
0.0410000000
0.0410000000
0.0410000000
0.0410000000
0.0410000000
0.0410000000
0.0410000000
0.0410000000
0.0410000000
0.0410000000
0.0410000000
0.0410000000
0.0410000000
0.0410000000
0.0410000000
0.0410000000
0.0410000000
0.0410000000
0.0410000000
0.0410000000
0.0410000000
0.0410000000
0.0410000000
0.0410000000
0.0410000000
0.0410000000
0.0410000000
0.0410000000
0.0410000000
0.0410000000
0.0410000000
0.0410000000
0.0410000000
0.0410000000
0.0410000000
0.0410000000
0.0410000000
0.0410000000
0.0410000000
0.0410000000
0.0410000000
0.0410000000
0.0410000000
0.0410000000
0.0410000000
0.0410000000
0.0410000000
0.0410000000
0.0410000000
0.0410000000
0.0410000000
0.0410000000
0.0410000000
0.0410000000
0.0410000000
0.0410000000
0.0410000000
0.0410000000
0.0410000000
0.0410000000
0.0410000000
0.0410000000
0.0410000000
0.0410000000
0.0410000000
0.0410000000
0.0410000000
0.0410000000
0.0410000000
0.0410000000
0.0410000000
0.0410000000
0.0410000000
0.0410000000
0.0410000000
0.0410000000
0.0410000000
0.0410000000
0.0410000000
0.0410000000
0.0410000000
0.0410000000
0.0410000000
0.0410000000
0.0410000000
0.0410000000
0.0410000000
0.0410000000
0.0410000000
0.0410000000
0.0410000000
0.0410000000
0.0410000000
0.0410000000
0.0410000000
0.0410000000
0.0410000000
0.0410000000
0.0410000000
0.0410000000
0.0410000000
0.0410000000
0.0410000000
0.0410000000
0.0410000000
0.0410000000
0.0410000000
0.0410000000
0.0410000000
0.0410000000
0.0410000000
0.0410000000
0.0410000000
0.0410000000
0.0410000000
0.0410000000
0.0410000000
0.0410000000
0.0410000000
0.0410000000
0.0410000000
0.0410000000
0.0410000000
0.0410000000
0.0410000000
0.0410000000
0.0410000000
0.0410000000
0.0410000000
0.0410000000
0.0410000000
0.0410000000
0.0410000000
0.0410000000
0.0410000000
0.0410000000
0.0410000000
0.0410000000
0.0410000000
0.0410000000
0.0410000000
0.0410000000
0.0410000000
0.0410000000
0.0410000000
0.0410000000
0.0410000000
0.0410000000
0.0410000000
0.0410000000
0.0410000000
0.0410000000
0.0410000000
0.0410000000
0.0410000000
0.0410000000
0.0410000000
0.0410000000
0.0410000000
0.0410000000
0.0410000000
0.0410000000
0.0410000000
0.0410000000
0.0410000000
0.0410000000
0.0410000000
0.0410000000
0.0410000000
0.0410000000
0.0410000000
0.0410000000
0.0410000000
0.0410000000
0.0410000000
0.0410000000
0.0410000000
0.0410000000
0.0410000000
0.0410000000
0.0410000000
0.0410000000
0.0410000000
0.0410000000
0.0410000000
0.0410000000
0.0410000000
0.0410000000
0.0410000000
0.0410000000
0.0410000000
0.0410000000
0.0410000000
0.0410000000
0.0410000000
0.0410000000
0.0410000000
0.0410000000
0.0410000000
0.0410000000
0.0410000000
0.0410000000
0.0410000000
0.0410000000
0.0410000000
0.0410000000
0.0410000000
0.0410000000
0.0410000000
0.0410000000
0.0410000000
0.0410000000
0.0410000000
0.0410000000
0.0410000000
0.0410000000
0.0410000000
0.0410000000
0.0410000000
0.0410000000
0.0410000000
0.0410000000
0.0410000000
0.0410000000
0.0410000000
0.0410000000
0.0410000000
0.0410000000
0.0410000000
0.0410000000
0.0410000000
0.0410000000
0.0410000000
0.0410000000
0.0410000000
0.0410000000
0.0410000000
0.0410000000
0.0410000000
0.0410000000
0.0410000000
0.0410000000
0.0410000000
0.0410000000
0.0410000000
0.0410000000
0.0410000000
0.0410000000
0.0410000000
0.0410000000
0.0410000000
0.0410000000
0.0410000000
0.0410000000
0.0410000000
0.0410000000
0.0410000000
0.0410000000
0.0410000000
0.0410000000
0.0410000000
0.0410000000
0.0410000000
0.0410000000
0.0410000000
0.0410000000
0.0410000000
0.0410000000
0.0410000000
0.0410000000
0.0410000000
0.0410000000
0.0410000000
0.0410000000
0.0410000000
0.0410000000
0.0410000000
0.0410000000
0.0410000000
0.0410000000
0.0410000000
0.0410000000
0.0410000000
0.0410000000
0.0410000000
0.0410000000
0.0410000000
0.0410000000
0.0410000000
0.0410000000
0.0410000000
0.0410000000
0.0410000000
0.0410000000
0.0410000000
0.0410000000
0.0410000000
0.0410000000
0.0410000000
0.0410000000
0.0410000000
0.0410000000
0.0410000000
0.0410000000
0.0410000000
0.0410000000
0.0410000000
0.0410000000
0.0410000000
0.0410000000
0.0410000000
0.0410000000
0.0410000000
0.0410000000
0.0410000000
0.0410000000
0.0410000000
0.0410000000
0.0410000000
0.0410000000
0.0410000000
0.0410000000
0.0410000000
0.0410000000
0.0410000000
0.0410000000
0.0410000000
0.0410000000
0.0410000000
0.0410000000
0.0410000000
0.0410000000
0.0410000000
0.0410000000
0.0410000000
0.0410000000
0.0410000000
0.0410000000
0.0410000000
0.0410000000
0.0410000000
0.0410000000
0.0410000000
0.0410000000
0.0410000000
0.0410000000
0.0410000000
0.0410000000
0.0410000000
0.0410000000
0.0410000000
0.0410000000
0.0410000000
0.0410000000
0.0410000000
0.0410000000
0.0410000000
0.0410000000
0.0410000000
0.0410000000
0.0410000000
0.0410000000
0.0410000000
0.0410000000
0.0410000000
0.0410000000
0.0410000000
0.0410000000
0.0410000000
0.0410000000
0.0410000000
0.0410000000
0.0410000000
0.0410000000
0.0410000000
0.0410000000
0.0410000000
0.0410000000
0.0410000000
0.0410000000
0.0410000000
0.0410000000
0.0410000000
0.0410000000
0.0410000000
0.0410000000
0.0410000000
0.0410000000
0.0410000000
0.0410000000
0.0410000000
0.0410000000
0.0410000000
0.0410000000
0.0410000000
0.0410000000
0.0410000000
0.0410000000
0.0410000000
0.0410000000
0.0410000000
0.0410000000
0.0410000000
0.0410000000
0.0410000000
0.0410000000
0.0410000000
0.0410000000
0.0410000000
0.0410000000
0.0410000000
0.0410000000
0.0410000000
0.0410000000
0.0410000000
0.0410000000
0.0410000000
0.0410000000
0.0410000000
0.0410000000
0.0410000000
0.0410000000
0.0410000000
0.0410000000
0.0410000000
0.0410000000
0.0410000000
0.0410000000
0.0410000000
0.0410000000
0.0410000000
0.0410000000
0.0410000000
0.0410000000
0.0410000000
0.0410000000
0.0410000000
0.0410000000
0.0410000000
0.0410000000
0.0410000000
0.0410000000
0.0410000000
0.0410000000
0.0410000000
0.0410000000
0.0410000000
0.0410000000
0.0410000000
0.0410000000
0.0410000000
0.0410000000
0.0410000000
0.0410000000
0.0410000000
0.0410000000
0.0410000000
0.0410000000
0.0410000000
0.0410000000
0.0410000000
0.0410000000
0.0410000000
0.0410000000
0.0410000000
0.0410000000
0.0410000000
0.0410000000
0.0410000000
0.0410000000
0.0410000000
0.0410000000
0.0410000000
0.0410000000
0.0410000000
0.0410000000
0.0410000000
0.0410000000
0.0410000000
0.0410000000
0.0410000000
0.0410000000
0.0410000000
0.0410000000
0.0410000000
0.0410000000
0.0410000000
0.0410000000
0.0410000000
0.0410000000
0.0410000000
0.0410000000
0.0410000000
0.0410000000
0.0410000000
0.0410000000
0.0410000000
0.0410000000
0.0410000000
0.0410000000
0.0410000000
0.0410000000
0.0410000000
0.0410000000
0.0410000000
0.0410000000
0.0410000000
0.0410000000
0.0410000000
0.0410000000
0.0410000000
0.0410000000
0.0410000000
0.0410000000
0.0410000000
0.0410000000
0.0410000000
0.0410000000
0.0410000000
0.0410000000
0.0410000000
0.0410000000
0.0410000000
0.0410000000
0.0410000000
0.0410000000
0.0410000000
0.0410000000
0.0410000000
0.0410000000
0.0410000000
0.0410000000
0.0410000000
0.0410000000
0.0410000000
0.0410000000
0.0410000000
0.0410000000
0.0410000000
0.0410000000
0.0410000000
0.0410000000
0.0410000000
0.0410000000
0.0410000000
0.0410000000
0.0410000000
0.0410000000
0.0410000000
0.0410000000
0.0410000000
0.0410000000
0.0410000000
0.0410000000
0.0410000000
0.0410000000
0.0410000000
0.0410000000
0.0410000000
0.0410000000
0.0410000000
0.0410000000
0.0410000000
0.0410000000
0.0410000000
0.0410000000
0.0410000000
0.0410000000
0.0410000000
0.0410000000
0.0410000000
0.0410000000
0.0410000000
0.0410000000
0.0410000000
0.0410000000
0.0410000000
0.0410000000
0.0410000000
0.0410000000
0.0410000000
0.0410000000
0.0410000000
0.0410000000
0.0410000000
0.0410000000
0.0410000000
0.0410000000
0.0410000000
0.0410000000
0.0410000000
0.0410000000
0.0410000000
0.0410000000
0.0410000000
0.0410000000
0.0410000000
0.0410000000
0.0410000000
0.0410000000
0.0410000000
0.0410000000
0.0410000000
0.0410000000
0.0410000000
0.0410000000
0.0410000000
0.0410000000
0.0410000000
0.0410000000
0.0410000000
0.0410000000
0.0410000000
0.0410000000
0.0410000000
0.0410000000
0.0410000000
0.0410000000
0.0410000000
0.0410000000
0.0410000000
0.0410000000
0.0410000000
0.0410000000
0.0410000000
0.0410000000
0.0410000000
0.0410000000
0.0410000000
0.0410000000
0.0410000000
0.0410000000
0.0410000000
0.0410000000
0.0410000000
0.0410000000
0.0410000000
0.0410000000
0.0410000000
0.0410000000
0.0410000000
0.0410000000
0.0410000000
0.0410000000
0.0410000000
0.0410000000
0.0410000000
0.0410000000
0.0410000000
0.0410000000
0.0410000000
0.0410000000
0.0410000000
0.0410000000
0.0410000000
0.0410000000
0.0410000000
0.0410000000
0.0410000000
0.0410000000
0.0410000000
0.0410000000
0.0410000000
0.0410000000
0.0410000000
0.0410000000
0.0410000000
0.0410000000
0.0410000000
0.0410000000
0.0410000000
0.0410000000
0.0410000000
0.0410000000
0.0410000000
0.0410000000
0.0410000000
0.0410000000
0.0410000000
0.0410000000
0.0410000000
0.0410000000
0.0410000000
0.0410000000
0.0410000000
0.0410000000
0.0410000000
0.0410000000
0.0410000000
0.0410000000
0.0410000000
0.0410000000
0.0410000000
0.0410000000
0.0410000000
0.0410000000
0.0410000000
0.0410000000
0.0410000000
0.0410000000
0.0410000000
0.0410000000
0.0410000000
0.0410000000
0.0410000000
0.0410000000
0.0410000000
0.0410000000
0.0410000000
0.0410000000
0.0410000000
0.0410000000
0.0410000000
0.0410000000
0.0410000000
0.0410000000
0.0410000000
0.0410000000
0.0410000000
0.0410000000
0.0410000000
0.0410000000
0.0410000000
0.0410000000
0.0410000000
0.0410000000
0.0410000000
0.0410000000
0.0410000000
0.0410000000
0.0410000000
0.0410000000
0.0410000000
0.0410000000
0.0410000000
0.0410000000
0.0410000000
0.0410000000
0.0410000000
0.0410000000
0.0410000000
0.0410000000
0.0410000000
0.0410000000
0.0410000000
0.0410000000
0.0410000000
0.0410000000
0.0410000000
0.0410000000
0.0410000000
0.0410000000
0.0410000000
0.0410000000
0.0410000000
0.0410000000
0.0410000000
0.0410000000
0.0410000000
0.0410000000
0.0410000000
0.0410000000
0.0410000000
0.0410000000
0.0410000000
0.0410000000
0.0410000000
0.0410000000
0.0410000000
0.0410000000
0.0410000000
0.0410000000
0.0410000000
0.0410000000
0.0410000000
0.0410000000
0.0410000000
0.0410000000
0.0410000000
0.0410000000
0.0410000000
0.0410000000
0.0410000000
0.0410000000
0.0410000000
0.0410000000
0.0410000000
0.0410000000
0.0410000000
0.0410000000
0.0410000000
0.0410000000
0.0410000000
0.0410000000
0.0410000000
0.0410000000
0.0410000000
0.0410000000
0.0410000000
0.0410000000
0.0410000000
0.0410000000
0.0410000000
0.0410000000
0.0410000000
0.0410000000
0.0410000000
0.0410000000
0.0410000000
0.0410000000
0.0410000000
0.0410000000
0.0410000000
0.0410000000
0.0410000000
0.0410000000
0.0410000000
0.0410000000
0.0410000000
0.0410000000
0.0410000000
0.0410000000
0.0410000000
0.0410000000
0.0410000000
0.0410000000
0.0410000000
0.0410000000
0.0410000000
0.0410000000
0.0410000000
0.0410000000
0.0410000000
0.0410000000
0.0410000000
0.0410000000
0.0410000000
0.0410000000
0.0410000000
0.0410000000
0.0410000000
0.0410000000
0.0410000000
0.0410000000
0.0410000000
0.0410000000
0.0410000000
0.0410000000
0.0410000000
0.0410000000
0.0410000000
0.0410000000
0.0410000000
0.0410000000
0.0410000000
0.0410000000
0.0410000000
0.0410000000
0.0410000000
0.0410000000
0.0410000000
0.0410000000
0.0410000000
0.0410000000
0.0410000000
0.0410000000
0.0410000000
0.0410000000
0.0410000000
0.0410000000
0.0410000000
0.0410000000
0.0410000000
0.0410000000
0.0410000000
0.0410000000
0.0410000000
0.0410000000
0.0410000000
0.0410000000
0.0410000000
0.0410000000
0.0410000000
0.0410000000
0.0410000000
0.0410000000
0.0410000000
0.0410000000
0.0410000000
0.0410000000
0.0410000000
0.0410000000
0.0410000000
0.0410000000
0.0410000000
0.0410000000
0.0410000000
0.0410000000
0.0410000000
0.0410000000
0.0410000000
0.0410000000
0.0410000000
0.0410000000
0.0410000000
0.0410000000
0.0410000000
0.0410000000
0.0410000000
0.0410000000
0.0410000000
0.0410000000
0.0410000000
0.0410000000
0.0410000000
0.0410000000
0.0410000000
0.0410000000
0.0410000000
0.0410000000
0.0410000000
0.0410000000
0.0410000000
0.0410000000
0.0410000000
0.0410000000
0.0410000000
0.0410000000
0.0410000000
0.0410000000
0.0410000000
0.0410000000
0.0410000000
0.0410000000
0.0410000000
0.0410000000
0.0410000000
0.0410000000
0.0410000000
0.0410000000
0.0410000000
0.0410000000
0.0410000000
0.0410000000
0.0410000000
0.0410000000
0.0410000000
0.0410000000
0.0410000000
0.0410000000
0.0410000000
0.0410000000
0.0410000000
0.0410000000
0.0410000000
0.0410000000
0.0410000000
0.0410000000
0.0410000000
0.0410000000
0.0410000000
0.0410000000
0.0410000000
0.0410000000
0.0410000000
0.0410000000
0.0410000000
0.0410000000
0.0410000000
0.0410000000
0.0410000000
0.0410000000
0.0410000000
0.0410000000
0.0410000000
0.0410000000
0.0410000000
0.0410000000
0.0410000000
0.0410000000
0.0410000000
0.0410000000
0.0410000000
0.0410000000
0.0410000000
0.0410000000
0.0410000000
0.0410000000
0.0410000000
0.0410000000
0.0410000000
0.0410000000
0.0410000000
0.0410000000
0.0410000000
0.0410000000
0.0410000000
0.0410000000
0.0410000000
0.0410000000
0.0410000000
0.0410000000
0.0410000000
0.0410000000
0.0410000000
0.0410000000
0.0410000000
0.0410000000
0.0410000000
0.0410000000
0.0410000000
0.0410000000
0.0410000000
0.0410000000
0.0410000000
0.0410000000
0.0410000000
0.0410000000
0.0410000000
0.0410000000
0.0410000000
0.0410000000
0.0410000000
0.0410000000
0.0410000000
0.0410000000
0.0410000000
0.0410000000
0.0410000000
0.0410000000
0.0410000000
0.0410000000
0.0410000000
0.0410000000
0.0410000000
0.0410000000
0.0410000000
0.0410000000
0.0410000000
0.0410000000
0.0410000000
0.0410000000
0.0410000000
0.0410000000
0.0410000000
0.0410000000
0.0410000000
0.0410000000
0.0410000000
0.0410000000
0.0410000000
0.0410000000
0.0410000000
0.0410000000
0.0410000000
0.0410000000
0.0410000000
0.0410000000
0.0410000000
0.0410000000
0.0410000000
0.0410000000
0.0410000000
0.0410000000
0.0410000000
0.0410000000
0.0410000000
0.0410000000
0.0410000000
0.0410000000
0.0410000000
0.0410000000
0.0410000000
0.0410000000
0.0410000000
0.0410000000
0.0410000000
0.0410000000
0.0410000000
0.0410000000
0.0410000000
0.0410000000
0.0410000000
0.0410000000
0.0410000000
0.0410000000
0.0410000000
0.0410000000
0.0410000000
0.0410000000
0.0410000000
0.0410000000
0.0410000000
0.0410000000
0.0410000000
0.0410000000
0.0410000000
0.0410000000
0.0410000000
0.0410000000
0.0410000000
0.0410000000
0.0410000000
0.0410000000
0.0410000000
0.0410000000
0.0410000000
0.0410000000
0.0410000000
0.0410000000
0.0410000000
0.0410000000
0.0410000000
0.0410000000
0.0410000000
0.0410000000
0.0410000000
0.0410000000
0.0410000000
0.0410000000
0.0410000000
0.0410000000
0.0410000000
0.0410000000
0.0410000000
0.0410000000
0.0410000000
0.0410000000
0.0410000000
0.0410000000
0.0410000000
0.0410000000
0.0410000000
0.0410000000
0.0410000000
0.0410000000
0.0410000000
0.0410000000
0.0410000000
0.0410000000
0.0410000000
0.0410000000
0.0410000000
0.0410000000
0.0410000000
0.0410000000
0.0410000000
0.0410000000
0.0410000000
0.0410000000
0.0410000000
0.0410000000
0.0410000000
0.0410000000
0.0410000000
0.0410000000
0.0410000000
0.0410000000
0.0410000000
0.0410000000
0.0410000000
0.0410000000
0.0410000000
0.0410000000
0.0410000000
0.0410000000
0.0410000000
0.0410000000
0.0410000000
0.0410000000
0.0410000000
0.0410000000
0.0410000000
0.0410000000
0.0410000000
0.0410000000
0.0410000000
0.0410000000
0.0410000000
0.0410000000
0.0410000000
0.0410000000
0.0410000000
0.0410000000
0.0410000000
0.0410000000
0.0410000000
0.0410000000
0.0410000000
0.0410000000
0.0410000000
0.0410000000
0.0410000000
0.0410000000
0.0410000000
0.0410000000
0.0410000000
0.0410000000
0.0410000000
0.0410000000
0.0410000000
0.0410000000
0.0410000000
0.0410000000
0.0410000000
0.0410000000
0.0410000000
0.0410000000
0.0410000000
0.0410000000
0.0410000000
0.0410000000
0.0410000000
0.0410000000
0.0410000000
0.0410000000
0.0410000000
0.0410000000
0.0410000000
0.0410000000
0.0410000000
0.0410000000
0.0410000000
0.0410000000
0.0410000000
0.0410000000
0.0410000000
0.0410000000
0.0410000000
0.0410000000
0.0410000000
0.0410000000
0.0410000000
0.0410000000
0.0410000000
0.0410000000
0.0410000000
0.0410000000
0.0410000000
0.0410000000
0.0410000000
0.0410000000
0.0410000000
0.0410000000
0.0410000000
0.0410000000
0.0410000000
0.0410000000
0.0410000000
0.0410000000
0.0410000000
0.0410000000
0.0410000000
0.0410000000
0.0410000000
0.0410000000
0.0410000000
0.0410000000
0.0410000000
0.0410000000
0.0410000000
0.0410000000
0.0410000000
0.0410000000
0.0410000000
0.0410000000
0.0410000000
0.0410000000
0.0410000000
0.0410000000
0.0410000000
0.0410000000
0.0410000000
0.0410000000
0.0410000000
0.0410000000
0.0410000000
0.0410000000
0.0410000000
0.0410000000
0.0410000000
0.0410000000
0.0410000000
0.0410000000
0.0410000000
0.0410000000
0.0410000000
0.0410000000
0.0410000000
0.0410000000
0.0410000000
0.0410000000
0.0410000000
0.0410000000
0.0410000000
0.0410000000
0.0410000000
0.0410000000
0.0410000000
0.0410000000
0.0410000000
0.0410000000
0.0410000000
0.0410000000
0.0410000000
0.0410000000
0.0410000000
0.0410000000
0.0410000000
0.0410000000
0.0410000000
0.0410000000
0.0410000000
0.0410000000
0.0410000000
0.0410000000
0.0410000000
0.0410000000
0.0410000000
0.0410000000
0.0410000000
0.0410000000
0.0410000000
0.0410000000
0.0410000000
0.0410000000
0.0410000000
0.0410000000
0.0410000000
0.0410000000
0.0410000000
0.0410000000
0.0410000000
0.0410000000
0.0410000000
0.0410000000
0.0410000000
0.0410000000
0.0410000000
0.0410000000
0.0410000000
0.0410000000
0.0410000000
0.0410000000
0.0410000000
0.0410000000
0.0410000000
0.0410000000
0.0410000000
0.0410000000
0.0410000000
0.0410000000
0.0410000000
0.0410000000
0.0410000000
0.0410000000
0.0410000000
0.0410000000
0.0410000000
0.0410000000
0.0410000000
0.0410000000
0.0410000000
0.0410000000
0.0410000000
0.0410000000
0.0410000000
0.0410000000
0.0410000000
0.0410000000
0.0410000000
0.0410000000
0.0410000000
0.0410000000
0.0410000000
0.0410000000
0.0410000000
0.0410000000
0.0410000000
0.0410000000
0.0410000000
0.0410000000
0.0410000000
0.0410000000
0.0410000000
0.0410000000
0.0410000000
0.0410000000
0.0410000000
0.0410000000
0.0410000000
0.0410000000
0.0410000000
0.0410000000
0.0410000000
0.0410000000
0.0410000000
0.0410000000
0.0410000000
0.0410000000
0.0410000000
0.0410000000
0.0410000000
0.0410000000
0.0410000000
0.0410000000
0.0410000000
0.0410000000
0.0410000000
0.0410000000
0.0410000000
0.0410000000
0.0410000000
0.0410000000
0.0410000000
0.0410000000
0.0410000000
0.0410000000
0.0410000000
0.0410000000
0.0410000000
0.0410000000
0.0410000000
0.0410000000
0.0410000000
0.0410000000
0.0410000000
0.0410000000
0.0410000000
0.0410000000
0.0410000000
0.0410000000
0.0410000000
0.0410000000
0.0410000000
0.0410000000
0.0410000000
0.0410000000
0.0410000000
0.0410000000
0.0410000000
0.0410000000
0.0410000000
0.0410000000
0.0410000000
0.0410000000
0.0410000000
0.0410000000
0.0410000000
0.0410000000
0.0410000000
0.0410000000
0.0410000000
0.0410000000
0.0410000000
0.0410000000
0.0410000000
0.0410000000
0.0410000000
0.0410000000
0.0410000000
0.0410000000
0.0410000000
0.0410000000
0.0410000000
0.0410000000
0.0410000000
0.0410000000
0.0410000000
0.0410000000
0.0410000000
0.0410000000
0.0410000000
0.0410000000
0.0410000000
0.0410000000
0.0410000000
0.0410000000
0.0410000000
0.0410000000
0.0410000000
0.0410000000
0.0410000000
0.0410000000
0.0410000000
0.0410000000
0.0410000000
0.0410000000
0.0410000000
0.0410000000
0.0410000000
0.0410000000
0.0410000000
0.0410000000
0.0410000000
0.0410000000
0.0410000000
0.0410000000
0.0410000000
0.0410000000
0.0410000000
0.0410000000
0.0410000000
0.0410000000
0.0410000000
0.0410000000
0.0410000000
0.0410000000
0.0410000000
0.0410000000
0.0410000000
0.0410000000
0.0410000000
0.0410000000
0.0410000000
0.0410000000
0.0410000000
0.0410000000
0.0410000000
0.0410000000
0.0410000000
0.0410000000
0.0410000000
0.0410000000
0.0410000000
0.0410000000
0.0410000000
0.0410000000
0.0410000000
0.0410000000
0.0410000000
0.0410000000
0.0410000000
0.0410000000
0.0410000000
0.0410000000
0.0410000000
0.0410000000
0.0410000000
0.0410000000
0.0410000000
0.0410000000
0.0410000000
0.0410000000
0.0410000000
0.0410000000
0.0410000000
0.0410000000
0.0410000000
0.0410000000
0.0410000000
0.0410000000
0.0410000000
0.0410000000
0.0410000000
0.0410000000
0.0410000000
0.0410000000
0.0410000000
0.0410000000
0.0410000000
0.0410000000
0.0410000000
0.0410000000
0.0410000000
0.0410000000
0.0410000000
0.0410000000
0.0410000000
0.0410000000
0.0410000000
0.0410000000
0.0410000000
0.0410000000
0.0410000000
0.0410000000
0.0410000000
0.0410000000
0.0410000000
0.0410000000
0.0410000000
0.0410000000
0.0410000000
0.0410000000
0.0410000000
0.0410000000
0.0410000000
0.0410000000
0.0410000000
0.0410000000
0.0410000000
0.0410000000
0.0410000000
0.0410000000
0.0410000000
0.0410000000
0.0410000000
0.0410000000
0.0410000000
0.0410000000
0.0410000000
0.0410000000
0.0410000000
0.0410000000
0.0410000000
0.0410000000
0.0410000000
0.0410000000
0.0410000000
0.0410000000
0.0410000000
0.0410000000
0.0410000000
0.0410000000
0.0410000000
0.0410000000
0.0410000000
0.0410000000
0.0410000000
0.0410000000
0.0410000000
0.0410000000
0.0410000000
0.0410000000
0.0410000000
0.0410000000
0.0410000000
0.0410000000
0.0410000000
0.0410000000
0.0410000000
0.0410000000
0.0410000000
0.0410000000
0.0410000000
0.0410000000
0.0410000000
0.0410000000
0.0410000000
0.0410000000
0.0410000000
0.0410000000
0.0410000000
0.0410000000
0.0410000000
0.0410000000
0.0410000000
0.0410000000
0.0410000000
0.0410000000
0.0410000000
0.0410000000
0.0410000000
0.0410000000
0.0410000000
0.0410000000
0.0410000000
0.0410000000
0.0410000000
0.0410000000
0.0410000000
0.0410000000
0.0410000000
0.0410000000
0.0410000000
0.0410000000
0.0410000000
0.0410000000
0.0410000000
0.0410000000
0.0410000000
0.0410000000
0.0410000000
0.0410000000
0.0410000000
0.0410000000
0.0410000000
0.0410000000
0.0410000000
0.0410000000
0.0410000000
0.0410000000
0.0410000000
0.0410000000
0.0410000000
0.0410000000
0.0410000000
0.0410000000
0.0410000000
0.0410000000
0.0410000000
0.0410000000
0.0410000000
0.0410000000
0.0410000000
0.0410000000
0.0410000000
0.0410000000
0.0410000000
0.0410000000
0.0410000000
0.0410000000
0.0410000000
0.0410000000
0.0410000000
0.0410000000
0.0410000000
0.0410000000
0.0410000000
0.0410000000
0.0410000000
0.0410000000
0.0410000000
0.0410000000
0.0410000000
0.0410000000
0.0410000000
0.0410000000
0.0410000000
0.0410000000
0.0410000000
0.0410000000
0.0410000000
0.0410000000
0.0410000000
0.0410000000
0.0410000000
0.0410000000
0.0410000000
0.0410000000
0.0410000000
0.0410000000
0.0410000000
0.0410000000
0.0410000000
0.0410000000
0.0410000000
0.0410000000
0.0410000000
0.0410000000
0.0410000000
0.0410000000
0.0410000000
0.0410000000
0.0410000000
0.0410000000
0.0410000000
0.0410000000
0.0410000000
0.0410000000
0.0410000000
0.0410000000
0.0410000000
0.0410000000
0.0410000000
0.0410000000
0.0410000000
0.0410000000
0.0410000000
0.0410000000
0.0410000000
0.0410000000
0.0410000000
0.0410000000
0.0410000000
0.0410000000
0.0410000000
0.0410000000
0.0410000000
0.0410000000
0.0410000000
0.0410000000
0.0410000000
0.0410000000
0.0410000000
0.0410000000
0.0410000000
0.0410000000
0.0410000000
0.0410000000
0.0410000000
0.0410000000
0.0410000000
0.0410000000
0.0410000000
0.0410000000
0.0410000000
0.0410000000
0.0410000000
0.0410000000
0.0410000000
0.0410000000
0.0410000000
0.0410000000
0.0410000000
0.0410000000
0.0410000000
0.0410000000
0.0410000000
0.0410000000
0.0410000000
0.0410000000
0.0410000000
0.0410000000
0.0410000000
0.0410000000
0.0410000000
0.0410000000
0.0410000000
0.0410000000
0.0410000000
0.0410000000
0.0410000000
0.0410000000
0.0410000000
0.0410000000
0.0410000000
0.0410000000
0.0410000000
0.0410000000
0.0410000000
0.0410000000
0.0410000000
0.0410000000
0.0410000000
0.0410000000
0.0410000000
0.0410000000
0.0410000000
0.0410000000
0.0410000000
0.0410000000
0.0410000000
0.0410000000
0.0410000000
0.0410000000
0.0410000000
0.0410000000
0.0410000000
0.0410000000
0.0410000000
0.0410000000
0.0410000000
0.0410000000
0.0410000000
0.0410000000
0.0410000000
0.0410000000
0.0410000000
0.0410000000
0.0410000000
0.0410000000
0.0410000000
0.0410000000
0.0410000000
0.0410000000
0.0410000000
0.0410000000
0.0410000000
0.0410000000
0.0410000000
0.0410000000
0.0410000000
0.0410000000
0.0410000000
0.0410000000
0.0410000000
0.0410000000
0.0410000000
0.0410000000
0.0410000000
0.0410000000
0.0410000000
0.0410000000
0.0410000000
0.0410000000
0.0410000000
0.0410000000
0.0410000000
0.0410000000
0.0410000000
0.0410000000
0.0410000000
0.0410000000
0.0410000000
0.0410000000
0.0410000000
0.0410000000
0.0410000000
0.0410000000
0.0410000000
0.0410000000
0.0410000000
0.0410000000
0.0410000000
0.0410000000
0.0410000000
0.0410000000
0.0410000000
0.0410000000
0.0410000000
0.0410000000
0.0410000000
0.0410000000
0.0410000000
0.0410000000
0.0410000000
0.0410000000
0.0410000000
0.0410000000
0.0410000000
0.0410000000
0.0410000000
0.0410000000
0.0410000000
0.0410000000
0.0410000000
0.0410000000
0.0410000000
0.0410000000
0.0410000000
0.0410000000
0.0410000000
0.0410000000
0.0410000000
0.0410000000
0.0410000000
0.0410000000
0.0410000000
0.0410000000
0.0410000000
0.0410000000
0.0410000000
0.0410000000
0.0410000000
0.0410000000
0.0410000000
0.0410000000
0.0410000000
0.0410000000
0.0410000000
0.0410000000
0.0410000000
0.0410000000
0.0410000000
0.0410000000
0.0410000000
0.0410000000
0.0410000000
0.0410000000
0.0410000000
0.0410000000
0.0410000000
0.0410000000
0.0410000000
0.0410000000
0.0410000000
0.0410000000
0.0410000000
0.0410000000
0.0410000000
0.0410000000
0.0410000000
0.0410000000
0.0410000000
0.0410000000
0.0410000000
0.0410000000
0.0410000000
0.0410000000
0.0410000000
0.0410000000
0.0410000000
0.0410000000
0.0410000000
0.0410000000
0.0410000000
0.0410000000
0.0410000000
0.0410000000
0.0410000000
0.0410000000
0.0410000000
0.0410000000
0.0410000000
0.0410000000
0.0410000000
0.0410000000
0.0410000000
0.0410000000
0.0410000000
0.0410000000
0.0410000000
0.0410000000
0.0410000000
0.0410000000
0.0410000000
0.0410000000
0.0410000000
0.0410000000
0.0410000000
0.0410000000
0.0410000000
0.0410000000
0.0410000000
0.0410000000
0.0410000000
0.0410000000
0.0410000000
0.0410000000
0.0410000000
0.0410000000
0.0410000000
0.0410000000
0.0410000000
0.0410000000
0.0410000000
0.0410000000
0.0410000000
0.0410000000
0.0410000000
0.0410000000
0.0410000000
0.0410000000
0.0410000000
0.0410000000
0.0410000000
0.0410000000
0.0410000000
0.0410000000
0.0410000000
0.0410000000
0.0410000000
0.0410000000
0.0410000000
0.0410000000
0.0410000000
0.0410000000
0.0410000000
0.0410000000
0.0410000000
0.0410000000
0.0410000000
0.0410000000
0.0410000000
0.0410000000
0.0410000000
0.0410000000
0.0410000000
0.0410000000
0.0410000000
0.0410000000
0.0410000000
0.0410000000
0.0410000000
0.0410000000
0.0410000000
0.0410000000
0.0410000000
0.0410000000
0.0410000000
0.0410000000
0.0410000000
0.0410000000
0.0410000000
0.0410000000
0.0410000000
0.0410000000
0.0410000000
0.0410000000
0.0410000000
0.0410000000
0.0410000000
0.0410000000
0.0410000000
0.0410000000
0.0410000000
0.0410000000
0.0410000000
0.0410000000
0.0410000000
0.0410000000
0.0410000000
0.0410000000
0.0410000000
0.0410000000
0.0410000000
0.0410000000
0.0410000000
0.0410000000
0.0410000000
0.0410000000
0.0410000000
0.0410000000
0.0410000000
0.0410000000
0.0410000000
0.0410000000
0.0410000000
0.0410000000
0.0410000000
0.0410000000
0.0410000000
0.0410000000
0.0410000000
0.0410000000
0.0410000000
0.0410000000
0.0410000000
0.0410000000
0.0410000000
0.0410000000
0.0410000000
0.0410000000
0.0410000000
0.0410000000
0.0410000000
0.0410000000
0.0410000000
0.0410000000
0.0410000000
0.0410000000
0.0410000000
0.0410000000
0.0410000000
0.0410000000
0.0410000000
0.0410000000
0.0410000000
0.0410000000
0.0410000000
0.0410000000
0.0410000000
0.0410000000
0.0410000000
0.0410000000
0.0410000000
0.0410000000
0.0410000000
0.0410000000
0.0410000000
0.0410000000
0.0410000000
0.0410000000
0.0410000000
0.0410000000
0.0410000000
0.0410000000
0.0410000000
0.0410000000
0.0410000000
0.0410000000
0.0410000000
0.0410000000
0.0410000000
0.0410000000
0.0410000000
0.0410000000
0.0410000000
0.0410000000
0.0410000000
0.0410000000
0.0410000000
0.0410000000
0.0410000000
0.0410000000
0.0410000000
0.0410000000
0.0410000000
0.0410000000
0.0410000000
0.0410000000
0.0410000000
0.0410000000
0.0410000000
0.0410000000
0.0410000000
0.0410000000
0.0410000000
0.0410000000
0.0410000000
0.0410000000
0.0410000000
0.0410000000
0.0410000000
0.0410000000
0.0410000000
0.0410000000
0.0410000000
0.0410000000
0.0410000000
0.0410000000
0.0410000000
0.0410000000
0.0410000000
0.0410000000
0.0410000000
0.0410000000
0.0410000000
0.0410000000
0.0410000000
0.0410000000
0.0410000000
0.0410000000
0.0410000000
0.0410000000
0.0410000000
0.0410000000
0.0410000000
0.0410000000
0.0410000000
0.0410000000
0.0410000000
0.0410000000
0.0410000000
0.0410000000
0.0410000000
0.0410000000
0.0410000000
0.0410000000
0.0410000000
0.0410000000
0.0410000000
0.0410000000
0.0410000000
0.0410000000
0.0410000000
0.0410000000
0.0410000000
0.0410000000
0.0410000000
0.0410000000
0.0410000000
0.0410000000
0.0410000000
0.0410000000
0.0410000000
0.0410000000
0.0410000000
0.0410000000
0.0410000000
0.0410000000
0.0410000000
0.0410000000
0.0410000000
0.0410000000
0.0410000000
0.0410000000
0.0410000000
0.0410000000
0.0410000000
0.0410000000
0.0410000000
0.0410000000
0.0410000000
0.0410000000
0.0410000000
0.0410000000
0.0410000000
0.0410000000
0.0410000000
0.0410000000
0.0410000000
0.0410000000
0.0410000000
0.0410000000
0.0410000000
0.0410000000
0.0410000000
0.0410000000
0.0410000000
0.0410000000
0.0410000000
0.0410000000
0.0410000000
0.0410000000
0.0410000000
0.0410000000
0.0410000000
0.0410000000
0.0410000000
0.0410000000
0.0410000000
0.0410000000
0.0410000000
0.0410000000
0.0410000000
0.0410000000
0.0410000000
0.0410000000
0.0410000000
0.0410000000
0.0410000000
0.0410000000
0.0410000000
0.0410000000
0.0410000000
0.0410000000
0.0410000000
0.0410000000
0.0410000000
0.0410000000
0.0410000000
0.0410000000
0.0410000000
0.0410000000
0.0410000000
0.0410000000
0.0410000000
0.0410000000
0.0410000000
0.0410000000
0.0410000000
0.0410000000
0.0410000000
0.0410000000
0.0410000000
0.0410000000
0.0410000000
0.0410000000
0.0410000000
0.0410000000
0.0410000000
0.0410000000
0.0410000000
0.0410000000
0.0410000000
0.0410000000
0.0410000000
0.0410000000
0.0410000000
0.0410000000
0.0410000000
0.0410000000
0.0410000000
0.0410000000
0.0410000000
0.0410000000
0.0410000000
0.0410000000
0.0410000000
0.0410000000
0.0410000000
0.0410000000
0.0410000000
0.0410000000
0.0410000000
0.0410000000
0.0410000000
0.0410000000
0.0410000000
0.0410000000
0.0410000000
0.0410000000
0.0410000000
0.0410000000
0.0410000000
0.0410000000
0.0410000000
0.0410000000
0.0410000000
0.0410000000
0.0410000000
0.0410000000
0.0410000000
0.0410000000
0.0410000000
0.0410000000
0.0410000000
0.0410000000
0.0410000000
0.0410000000
0.0410000000
0.0410000000
0.0410000000
0.0410000000
0.0410000000
0.0410000000
0.0410000000
0.0410000000
0.0410000000
0.0410000000
0.0410000000
0.0410000000
0.0410000000
0.0410000000
0.0410000000
0.0410000000
0.0410000000
0.0410000000
0.0410000000
0.0410000000
0.0410000000
0.0410000000
0.0410000000
0.0410000000
0.0410000000
0.0410000000
0.0410000000
0.0410000000
0.0410000000
0.0410000000
0.0410000000
0.0410000000
0.0410000000
0.0410000000
0.0410000000
0.0410000000
0.0410000000
0.0410000000
0.0410000000
0.0410000000
0.0410000000
0.0410000000
0.0410000000
0.0410000000
0.0410000000
0.0410000000
0.0410000000
0.0410000000
0.0410000000
0.0410000000
0.0410000000
0.0410000000
0.0410000000
0.0410000000
0.0410000000
0.0410000000
0.0410000000
0.0410000000
0.0410000000
0.0410000000
0.0410000000
0.0410000000
0.0410000000
0.0410000000
0.0410000000
0.0410000000
0.0410000000
0.0410000000
0.0410000000
0.0410000000
0.0410000000
0.0410000000
0.0410000000
0.0410000000
0.0410000000
0.0410000000
0.0410000000
0.0410000000
0.0410000000
0.0410000000
0.0410000000
0.0410000000
0.0410000000
0.0410000000
0.0410000000
0.0410000000
0.0410000000
0.0410000000
0.0410000000
0.0410000000
0.0410000000
0.0410000000
0.0410000000
0.0410000000
0.0410000000
0.0410000000
0.0410000000
0.0410000000
0.0410000000
0.0410000000
0.0410000000
0.0410000000
0.0410000000
0.0410000000
0.0410000000
0.0410000000
0.0410000000
0.0410000000
0.0410000000
0.0410000000
0.0410000000
0.0410000000
0.0410000000
0.0410000000
0.0410000000
0.0410000000
0.0410000000
0.0410000000
0.0410000000
0.0410000000
0.0410000000
0.0410000000
0.0410000000
0.0410000000
0.0410000000
0.0410000000
0.0410000000
0.0410000000
0.0410000000
0.0410000000
0.0410000000
0.0410000000
0.0410000000
0.0410000000
0.0410000000
0.0410000000
0.0410000000
0.0410000000
0.0410000000
0.0410000000
0.0410000000
0.0410000000
0.0410000000
0.0410000000
0.0410000000
0.0410000000
0.0410000000
0.0410000000
0.0410000000
0.0410000000
0.0410000000
0.0410000000
0.0410000000
0.0410000000
0.0410000000
0.0410000000
0.0410000000
0.0410000000
0.0410000000
0.0410000000
0.0410000000
0.0410000000
0.0410000000
0.0410000000
0.0410000000
0.0410000000
0.0410000000
0.0410000000
0.0410000000
0.0410000000
0.0410000000
0.0410000000
0.0410000000
0.0410000000
0.0410000000
0.0410000000
0.0410000000
0.0410000000
0.0410000000
0.0410000000
0.0410000000
0.0410000000
0.0410000000
0.0410000000
0.0410000000
0.0410000000
0.0410000000
0.0410000000
0.0410000000
0.0410000000
0.0410000000
0.0410000000
0.0410000000
0.0410000000
0.0410000000
0.0410000000
0.0410000000
0.0410000000
0.0410000000
0.0410000000
0.0410000000
0.0410000000
0.0410000000
0.0410000000
0.0410000000
0.0410000000
0.0410000000
0.0410000000
0.0410000000
0.0410000000
0.0410000000
0.0410000000
0.0410000000
0.0410000000
0.0410000000
0.0410000000
0.0410000000
0.0410000000
0.0410000000
0.0410000000
0.0410000000
0.0410000000
0.0410000000
0.0410000000
0.0410000000
0.0410000000
0.0410000000
0.0410000000
0.0410000000
0.0410000000
0.0410000000
0.0410000000
0.0410000000
0.0410000000
0.0410000000
0.0410000000
0.0410000000
0.0410000000
0.0410000000
0.0410000000
0.0410000000
0.0410000000
0.0410000000
0.0410000000
0.0410000000
0.0410000000
0.0410000000
0.0410000000
0.0410000000
0.0410000000
0.0410000000
0.0410000000
0.0410000000
0.0410000000
0.0410000000
0.0410000000
0.0410000000
0.0410000000
0.0410000000
0.0410000000
0.0410000000
0.0410000000
0.0410000000
0.0410000000
0.0410000000
0.0410000000
0.0410000000
0.0410000000
0.0410000000
0.0410000000
0.0410000000
0.0410000000
0.0410000000
0.0410000000
0.0410000000
0.0410000000
0.0410000000
0.0410000000
0.0410000000
0.0410000000
0.0410000000
0.0410000000
0.0410000000
0.0410000000
0.0410000000
0.0410000000
0.0410000000
0.0410000000
0.0410000000
0.0410000000
0.0410000000
0.0410000000
0.0410000000
0.0410000000
0.0410000000
0.0410000000
0.0410000000
0.0410000000
0.0410000000
0.0410000000
0.0410000000
0.0410000000
0.0410000000
0.0410000000
0.0410000000
0.0410000000
0.0410000000
0.0410000000
0.0410000000
0.0410000000
0.0410000000
0.0410000000
0.0410000000
0.0410000000
0.0410000000
0.0410000000
0.0410000000
0.0410000000
0.0410000000
0.0410000000
0.0410000000
0.0410000000
0.0410000000
0.0410000000
0.0410000000
0.0410000000
0.0410000000
0.0410000000
0.0410000000
0.0410000000
0.0410000000
0.0410000000
0.0410000000
0.0410000000
0.0410000000
0.0410000000
0.0410000000
0.0410000000
0.0410000000
0.0410000000
0.0410000000
0.0410000000
0.0410000000
0.0410000000
0.0410000000
0.0410000000
0.0410000000
0.0410000000
0.0410000000
0.0410000000
0.0410000000
0.0410000000
0.0410000000
0.0410000000
0.0410000000
0.0410000000
0.0410000000
0.0410000000
0.0410000000
0.0410000000
0.0410000000
0.0410000000
0.0410000000
0.0410000000
0.0410000000
0.0410000000
0.0410000000
0.0410000000
0.0410000000
0.0410000000
0.0410000000
0.0410000000
0.0410000000
0.0410000000
0.0410000000
0.0410000000
0.0410000000
0.0410000000
0.0410000000
0.0410000000
0.0410000000
0.0410000000
0.0410000000
0.0410000000
0.0410000000
0.0410000000
0.0410000000
0.0410000000
0.0410000000
0.0410000000
0.0410000000
0.0410000000
0.0410000000
0.0410000000
0.0410000000
0.0410000000
0.0410000000
0.0410000000
0.0410000000
0.0410000000
0.0410000000
0.0410000000
0.0410000000
0.0410000000
0.0410000000
0.0410000000
0.0410000000
0.0410000000
0.0410000000
0.0410000000
0.0410000000
0.0410000000
0.0410000000
0.0410000000
0.0410000000
0.0410000000
0.0410000000
0.0410000000
0.0410000000
0.0410000000
0.0410000000
0.0410000000
0.0410000000
0.0410000000
0.0410000000
0.0410000000
0.0410000000
0.0410000000
0.0410000000
0.0410000000
0.0410000000
0.0410000000
0.0410000000
0.0410000000
0.0410000000
0.0410000000
0.0410000000
0.0410000000
0.0410000000
0.0410000000
0.0410000000
0.0410000000
0.0410000000
0.0410000000
0.0410000000
0.0410000000
0.0410000000
0.0410000000
0.0410000000
0.0410000000
0.0410000000
0.0410000000
0.0410000000
0.0410000000
0.0410000000
0.0410000000
0.0410000000
0.0410000000
0.0410000000
0.0410000000
0.0410000000
0.0410000000
0.0410000000
0.0410000000
0.0410000000
0.0410000000
0.0410000000
0.0410000000
0.0410000000
0.0410000000
0.0410000000
0.0410000000
0.0410000000
0.0410000000
0.0410000000
0.0410000000
0.0410000000
0.0410000000
0.0410000000
0.0410000000
0.0410000000
0.0410000000
0.0410000000
0.0410000000
0.0410000000
0.0410000000
0.0410000000
0.0410000000
0.0410000000
0.0410000000
0.0410000000
0.0410000000
0.0410000000
0.0410000000
0.0410000000
0.0410000000
0.0410000000
0.0410000000
0.0410000000
0.0410000000
0.0410000000
0.0410000000
0.0410000000
0.0410000000
0.0410000000
0.0410000000
0.0410000000
0.0410000000
0.0410000000
0.0410000000
0.0410000000
0.0410000000
0.0410000000
0.0410000000
0.0410000000
0.0410000000
0.0410000000
0.0410000000
0.0410000000
0.0410000000
0.0410000000
0.0410000000
0.0410000000
0.0410000000
0.0410000000
0.0410000000
0.0410000000
0.0410000000
0.0410000000
0.0410000000
0.0410000000
0.0410000000
0.0410000000
0.0410000000
0.0410000000
0.0410000000
0.0410000000
0.0410000000
0.0410000000
0.0410000000
0.0410000000
0.0410000000
0.0410000000
0.0410000000
0.0410000000
0.0410000000
0.0410000000
0.0410000000
0.0410000000
0.0410000000
0.0410000000
0.0410000000
0.0410000000
0.0410000000
0.0410000000
0.0410000000
0.0410000000
0.0410000000
0.0410000000
0.0410000000
0.0410000000
0.0410000000
0.0410000000
0.0410000000
0.0410000000
0.0410000000
0.0410000000
0.0410000000
0.0410000000
0.0410000000
0.0410000000
0.0410000000
0.0410000000
0.0410000000
0.0410000000
0.0410000000
0.0410000000
0.0410000000
0.0410000000
0.0410000000
0.0410000000
0.0410000000
0.0410000000
0.0410000000
0.0410000000
0.0410000000
0.0410000000
0.0410000000
0.0410000000
0.0410000000
0.0410000000
0.0410000000
