0.0942156054
0.0904651244
0.0875186988
0.0846356138
0.0846356138
0.0846356138
0.0844147657
0.0844147657
0.0844147657
0.0844147657
0.0844147657
0.0844147657
0.0844147657
0.0843680588
0.0843680588
0.0843020519
0.0834217192
0.0834217192
0.0834217192
0.0819128991
0.0819128991
0.0819128991
0.0818069133
0.0818069133
0.0817306343
0.0817306343
0.0816476725
0.0816461944
0.0816461944
0.0815107521
0.0814415355
0.0814415355
0.0814415355
0.0814415355
0.0806464525
0.0806464525
0.0806464525
0.0806454451
0.0806439473
0.0805807696
0.0805081987
0.0804265117
0.0804197812
0.0802069729
0.0800721633
0.0800664244
0.0800664244
0.0798290628
0.0795759432
0.0795759432
0.0795162656
0.0779322333
0.0778531399
0.0777506616
0.0774549614
0.0770291317
0.0767736765
0.0764009195
0.0764009195
0.0762503303
0.0762270178
0.0761601741
0.0761050254
0.0755062568
0.0740093830
0.0740093830
0.0739152912
0.0732318009
0.0731954948
0.0731954948
0.0731751337
0.0727635210
0.0726338554
0.0725556990
0.0722959768
0.0722497308
0.0721776759
0.0721547694
0.0721393095
0.0720530701
0.0720272318
0.0720272318
0.0720174768
0.0719604319
0.0719002848
0.0717724081
0.0717472992
0.0717181873
0.0714841441
0.0714499297
0.0713622390
0.0713209966
0.0712017487
0.0712017487
0.0711646310
0.0708967926
0.0708099397
0.0707150850
0.0707150850
0.0707055634
0.0706633072
0.0706409434
0.0703010643
0.0702605911
0.0701584417
0.0701025853
0.0699741087
0.0698656575
0.0698641694
0.0697660163
0.0696296667
0.0695643084
0.0695643084
0.0694730538
0.0693935539
0.0693729601
0.0693729601
0.0692931401
0.0692685791
0.0692037440
0.0691901324
0.0691524326
0.0691192595
0.0690558621
0.0690468801
0.0689874439
0.0689590775
0.0689167473
0.0688748274
0.0687671651
0.0685773613
0.0685773613
0.0685471416
0.0685081414
0.0683665904
0.0683404012
0.0683126788
0.0682672713
0.0682334396
0.0678039875
0.0677486204
0.0676002099
0.0675424918
0.0675424918
0.0675247558
0.0675108766
0.0674569275
0.0674315080
0.0674040005
0.0673395645
0.0673388356
0.0673369255
0.0670820224
0.0670699544
0.0669886024
0.0669368099
0.0669088113
0.0669079397
0.0668804452
0.0668250674
0.0667109690
0.0664520687
0.0664520687
0.0664480652
0.0663977931
0.0663183613
0.0662662073
0.0662662073
0.0661497848
0.0660899969
0.0659243355
0.0658236432
0.0658108114
0.0657642830
0.0656311186
0.0655894224
0.0655003326
0.0655003326
0.0654877097
0.0654750656
0.0654467298
0.0651112300
0.0650748424
0.0649302157
0.0649302157
0.0649300307
0.0649300307
0.0649300307
0.0649300307
0.0648735916
0.0648546281
0.0648348687
0.0643917847
0.0643777315
0.0643518405
0.0642190024
0.0641800770
0.0641671382
0.0641671382
0.0641511275
0.0640784438
0.0640784438
0.0640784438
0.0640784438
0.0640534676
0.0640314758
0.0639692091
0.0639488535
0.0639487061
0.0639214510
0.0638742617
0.0638742617
0.0638471180
0.0637443375
0.0637443375
0.0637416162
0.0637312861
0.0636313220
0.0635021200
0.0634248217
0.0634112586
0.0633697548
0.0633697548
0.0632909755
0.0632202851
0.0632188073
0.0630560753
0.0630560753
0.0629345997
0.0628977943
0.0628977943
0.0628852072
0.0627375330
0.0627133146
0.0626902128
0.0626439023
0.0626261637
0.0625530537
0.0625188886
0.0623553437
0.0623264387
0.0622347546
0.0622347546
0.0621899521
0.0621772480
0.0621748678
0.0621189674
0.0621120323
0.0620954721
0.0616747545
0.0616088196
0.0615429053
0.0615068844
0.0615051762
0.0614374318
0.0614316972
0.0613892507
0.0613835161
0.0613835161
0.0610362350
0.0609887799
0.0609319365
0.0609299628
0.0609295609
0.0608073829
0.0608050073
0.0607285758
0.0607285758
0.0607110160
0.0606891861
0.0606643102
0.0606322500
0.0606244663
0.0605700663
0.0604728285
0.0604466299
0.0603913547
0.0603732603
0.0602808370
0.0602808370
0.0600382598
0.0600106342
0.0599368424
0.0599368424
0.0599368424
0.0599363037
0.0598998312
0.0598206761
0.0598130766
0.0597922697
0.0597628817
0.0597628817
0.0597016189
0.0597016189
0.0596293538
0.0596293538
0.0595917293
0.0595526002
0.0595243008
0.0595243008
0.0595243008
0.0594729823
0.0594293135
0.0594009631
0.0594009631
0.0593255631
0.0592475320
0.0592463697
0.0592324898
0.0592324898
0.0591318077
0.0591157717
0.0591025062
0.0590995881
0.0590876687
0.0590592432
0.0589759446
0.0589631701
0.0588632379
0.0588159762
0.0587684574
0.0587242755
0.0587242755
0.0585545307
0.0585494537
0.0585258859
0.0583099154
0.0582856305
0.0582856305
0.0582856305
0.0582468676
0.0582468676
0.0582366538
0.0581707957
0.0581587791
0.0581019660
0.0580690627
0.0580131052
0.0579457677
0.0579221930
0.0579108222
0.0579108222
0.0578833682
0.0578674395
0.0578297675
0.0578287036
0.0578057201
0.0577702512
0.0577600831
0.0577555805
0.0577474301
0.0577195001
0.0576683970
0.0576669376
0.0576263922
0.0575082797
0.0574202786
0.0573562643
0.0573463684
0.0573463684
0.0573463684
0.0573000017
0.0572213524
0.0571865697
0.0570792248
0.0570660592
0.0570540074
0.0570247862
0.0567898045
0.0567766526
0.0566777946
0.0566628505
0.0566160043
0.0565972530
0.0565865092
0.0565767800
0.0565565045
0.0565565045
0.0565063804
0.0565028120
0.0564884937
0.0564872086
0.0564803887
0.0564371776
0.0564371776
0.0564130220
0.0564130220
0.0563693008
0.0563239083
0.0562841183
0.0562841183
0.0562593401
0.0562532729
0.0562531912
0.0562416981
0.0562416981
0.0562254212
0.0561186876
0.0561152827
0.0560955777
0.0560940909
0.0560892261
0.0560887924
0.0560664846
0.0560664846
0.0560664846
0.0560293144
0.0560293144
0.0558634019
0.0558632834
0.0557947624
0.0557897731
0.0557498134
0.0557274578
0.0557206239
0.0557034010
0.0556058979
0.0555401567
0.0555391425
0.0555229787
0.0555063898
0.0555063898
0.0554906982
0.0554631228
0.0554401303
0.0554392125
0.0554159461
0.0554127065
0.0553897509
0.0553680723
0.0553610022
0.0553551371
0.0553465891
0.0553362540
0.0553273182
0.0552666620
0.0552402630
0.0552268365
0.0552229021
0.0551935430
0.0551676087
0.0551636502
0.0551329063
0.0551325319
0.0551325319
0.0550584196
0.0550527390
0.0550465948
0.0549964764
0.0549612065
0.0549481076
0.0549431340
0.0549431340
0.0548977361
0.0548503908
0.0548503908
0.0548503908
0.0548469928
0.0548347425
0.0548066120
0.0547017811
0.0546835017
0.0546772687
0.0546637625
0.0546159960
0.0545541328
0.0545541328
0.0545435572
0.0545267202
0.0545267202
0.0545267202
0.0545169455
0.0545169455
0.0545131303
0.0544738755
0.0544575497
0.0544379579
0.0544263998
0.0543876602
0.0543876602
0.0543320386
0.0543204143
0.0543204143
0.0543204143
0.0543142799
0.0542495877
0.0542275968
0.0542174539
0.0542018384
0.0541961517
0.0541558988
0.0541075360
0.0540566738
0.0540566738
0.0540293535
0.0540265139
0.0539996122
0.0539996122
0.0539901929
0.0539755621
0.0539755621
0.0539287217
0.0539279140
0.0539279140
0.0539140339
0.0539097217
0.0538087310
0.0537381880
0.0537367822
0.0537013142
0.0537013142
0.0536993457
0.0536915896
0.0536915896
0.0536915896
0.0536101414
0.0536101414
0.0536101414
0.0535767270
0.0535539843
0.0535202331
0.0534838678
0.0534654880
0.0534537139
0.0533233899
0.0533227599
0.0532817930
0.0532750605
0.0532692535
0.0532692535
0.0532692535
0.0532472241
0.0532445496
0.0532445496
0.0532445496
0.0532329315
0.0530998202
0.0530719007
0.0530719007
0.0530710818
0.0530308732
0.0528049005
0.0526618910
0.0526216824
0.0526053699
0.0526053699
0.0526015440
0.0525550789
0.0525356440
0.0525310352
0.0525306703
0.0525052105
0.0524995581
0.0524888161
0.0524867290
0.0524283208
0.0524140130
0.0524131935
0.0523788216
0.0523788216
0.0522432854
0.0522242781
0.0522019362
0.0521515497
0.0521216142
0.0520338158
0.0520338158
0.0519954163
0.0519954163
0.0519784937
0.0519784937
0.0519605483
0.0519545390
0.0519429801
0.0519393214
0.0519361459
0.0519361459
0.0519361459
0.0519259485
0.0519259485
0.0519205029
0.0519116967
0.0519116967
0.0518878422
0.0518637228
0.0518637228
0.0514393176
0.0514362589
0.0514362589
0.0514334800
0.0514303250
0.0514098821
0.0514055740
0.0513978724
0.0513978724
0.0513052455
0.0512999132
0.0512947490
0.0512913166
0.0512646023
0.0512646023
0.0511793458
0.0511138654
0.0510961201
0.0510957482
0.0510830771
0.0510829896
0.0510817942
0.0510476507
0.0510038631
0.0510023152
0.0509859347
0.0509350501
0.0509332813
0.0509301119
0.0509230416
0.0508970427
0.0508970427
0.0508468070
0.0508032330
0.0507962502
0.0507894801
0.0507608451
0.0507607492
0.0507606980
0.0507571882
0.0507571008
0.0507294300
0.0507278337
0.0507247899
0.0507247899
0.0507247899
0.0507082427
0.0507055085
0.0506572960
0.0506563184
0.0506438043
0.0506430003
0.0506346535
0.0506346535
0.0505570184
0.0505377290
0.0504858594
0.0504838370
0.0504838370
0.0504695756
0.0504695756
0.0504665699
0.0504659312
0.0504437536
0.0504403684
0.0504403684
0.0504271014
0.0504178301
0.0504170758
0.0503733111
0.0503659103
0.0503658173
0.0503635572
0.0503261661
0.0503239060
0.0503139759
0.0502802800
0.0502666712
0.0502644111
0.0501961245
0.0501913391
0.0501913391
0.0501913391
0.0501913391
0.0501913391
0.0501247434
0.0501247434
0.0501065048
0.0501057918
0.0501057918
0.0501057918
0.0501057918
0.0501044647
0.0501009035
0.0501009035
0.0500798929
0.0500798929
0.0500559235
0.0500524697
0.0500524697
0.0500077004
0.0499743598
0.0499701897
0.0499313242
0.0499043261
0.0499043261
0.0499039009
0.0499039009
0.0499038942
0.0499038942
0.0499036546
0.0499014078
0.0498861365
0.0498861365
0.0498858902
0.0498858902
0.0498569666
0.0498569666
0.0498567270
0.0498537499
0.0498449459
0.0498449459
0.0498401029
0.0498323189
0.0498173601
0.0497239726
0.0497184646
0.0497136216
0.0497055892
0.0496066709
0.0496066709
0.0495985568
0.0494659211
0.0494461871
0.0494461871
0.0493699098
0.0492942325
0.0492942325
0.0492942325
0.0492899095
0.0492369871
0.0492369871
0.0491509804
0.0491487344
0.0491373074
0.0491373074
0.0491234538
0.0491157846
0.0491157846
0.0491157846
0.0491019310
0.0490807990
0.0490506949
0.0490441333
0.0490441333
0.0489545312
0.0489181492
0.0489021882
0.0488690144
0.0488681099
0.0488681099
0.0488202190
0.0488183193
0.0488174148
0.0487713717
0.0487713717
0.0487706993
0.0487687165
0.0487632228
0.0487533579
0.0487520291
0.0487514393
0.0487099082
0.0487099082
0.0487099082
0.0487079510
0.0486996272
0.0486996272
0.0486955972
0.0486866810
0.0486850910
0.0486542621
0.0486497125
0.0486497125
0.0486497125
0.0486497125
0.0486478333
0.0486475251
0.0486475251
0.0486243213
0.0486197045
0.0486087457
0.0486065583
0.0485922022
0.0485611988
0.0485585517
0.0485585517
0.0485490220
0.0485490220
0.0485411495
0.0485411495
0.0485411495
0.0485411495
0.0485364860
0.0485168674
0.0485168674
0.0484757334
0.0484710699
0.0484573895
0.0484510153
0.0484510153
0.0484458204
0.0484207948
0.0484146674
0.0484146417
0.0484146417
0.0484014176
0.0484014176
0.0484014176
0.0483899532
0.0483899532
0.0483895997
0.0483847035
0.0483847035
0.0483690891
0.0483669177
0.0483636713
0.0483587751
0.0483587751
0.0483587751
0.0483435741
0.0483406370
0.0483400895
0.0483312895
0.0483304067
0.0483304067
0.0482749807
0.0482747489
0.0482672082
0.0482663824
0.0482663824
0.0482657314
0.0482371531
0.0482371531
0.0482168658
0.0481806664
0.0481719551
0.0481533582
0.0481455409
0.0481449769
0.0481428597
0.0481054867
0.0480978773
0.0480922635
0.0480828753
0.0480804292
0.0480641195
0.0480641195
0.0480628278
0.0480628278
0.0480627517
0.0479206193
0.0478864186
0.0478830230
0.0478830230
0.0478593231
0.0478290068
0.0478008035
0.0478008035
0.0477962307
0.0477930724
0.0477865950
0.0477844137
0.0477825667
0.0477815896
0.0477785751
0.0477626480
0.0477599552
0.0477599552
0.0477479621
0.0477479621
0.0477414761
0.0477402420
0.0477367208
0.0477353822
0.0475850487
0.0475814129
0.0475814129
0.0475640453
0.0475640453
0.0475612701
0.0475612701
0.0475612701
0.0475470334
0.0475329779
0.0475329779
0.0475329779
0.0475319313
0.0475319313
0.0474869253
0.0474869253
0.0474851275
0.0474847566
0.0474847566
0.0474847566
0.0474768113
0.0474733507
0.0474733507
0.0474630378
0.0474321090
0.0474305035
0.0474305035
0.0474305035
0.0474305035
0.0474055114
0.0473987676
0.0473927788
0.0473927788
0.0473767416
0.0473767416
0.0473127219
0.0473127219
0.0472930775
0.0472930775
0.0472930775
0.0472876307
0.0472876307
0.0472876307
0.0472180464
0.0472146801
0.0472146801
0.0472146801
0.0472118310
0.0471332322
0.0471332322
0.0471298659
0.0471273584
0.0471219258
0.0471098378
0.0471074668
0.0471023288
0.0471023288
0.0470989764
0.0470867463
0.0470452794
0.0470238528
0.0470238528
0.0470160580
0.0469821993
0.0469821993
0.0469821993
0.0469510471
0.0469510471
0.0469510471
0.0469403363
0.0469402525
0.0469398143
0.0468985756
0.0468960329
0.0468844352
0.0468820090
0.0468808376
0.0468590211
0.0468573690
0.0468573690
0.0468452415
0.0468435894
0.0468322792
0.0468322792
0.0468144255
0.0468142955
0.0468025343
0.0467984672
0.0467984672
0.0467970253
0.0467968573
0.0467961491
0.0467953845
0.0467857094
0.0466849304
0.0466849304
0.0466835403
0.0466813668
0.0466667676
0.0466667676
0.0466012312
0.0466008470
0.0466008470
0.0465813150
0.0465728321
0.0465680039
0.0465680039
0.0465680039
0.0465671879
0.0465019636
0.0465010379
0.0465010379
0.0465010379
0.0465010379
0.0464994551
0.0464742315
0.0464685118
0.0464644061
0.0464580374
0.0464568567
0.0464538384
0.0464538384
0.0464538384
0.0464538384
0.0464531594
0.0464531594
0.0464523562
0.0464523562
0.0464523562
0.0464523562
0.0464195984
0.0464195984
0.0464165802
0.0464165802
0.0464115073
0.0464090749
0.0464084346
0.0464058841
0.0464058841
0.0464013461
0.0463541314
0.0463538284
0.0463538284
0.0463495934
0.0463492904
0.0463492904
0.0463476735
0.0463252149
0.0463252149
0.0463252149
0.0463220922
0.0463200949
0.0463191222
0.0463174278
0.0463174278
0.0463170027
0.0463047900
0.0463023389
0.0462943973
0.0462896107
0.0462885178
0.0462885178
0.0462785110
0.0462776340
0.0462776340
0.0462776340
0.0462776340
0.0462776340
0.0462776340
0.0462511689
0.0462511689
0.0462336933
0.0462336933
0.0462321244
0.0462309104
0.0462309104
0.0462300661
0.0462193907
0.0462083920
0.0461983286
0.0461975608
0.0461950601
0.0461950601
0.0461902456
0.0461843660
0.0461791043
0.0461775812
0.0461764605
0.0461764605
0.0461691016
0.0461691016
0.0461683986
0.0461222777
0.0461214132
0.0461187389
0.0461163412
0.0461116964
0.0461116964
0.0461071872
0.0461064325
0.0461064325
0.0461049053
0.0460955876
0.0460955876
0.0460948373
0.0460864551
0.0460729324
0.0460729324
0.0460716917
0.0460632089
0.0460474942
0.0460426998
0.0460286836
0.0460273385
0.0460228944
0.0460081110
0.0460076965
0.0460072995
0.0460056697
0.0460056697
0.0459992837
0.0459980776
0.0459615851
0.0459590068
0.0459590068
0.0459577694
0.0459510055
0.0458952960
0.0458844854
0.0458842223
0.0458616512
0.0458616512
0.0458616512
0.0458548719
0.0458536380
0.0458292459
0.0458259295
0.0457769435
0.0457467220
0.0457462480
0.0457462480
0.0456769034
0.0456528168
0.0456344113
0.0456331871
0.0456047773
0.0456047773
0.0456039771
0.0456020844
0.0455750018
0.0455750018
0.0455750018
0.0455623163
0.0455574564
0.0455007713
0.0454935701
0.0454082631
0.0454082631
0.0454082631
0.0453977444
0.0453977444
0.0453977444
0.0453977444
0.0453684532
0.0453671695
0.0453552749
0.0453491568
0.0453253934
0.0453253934
0.0453235112
0.0453235112
0.0453235112
0.0453235112
0.0453217547
0.0453141585
0.0453141585
0.0453141585
0.0453018392
0.0453018392
0.0453018392
0.0452841694
0.0452809411
0.0452809411
0.0452421915
0.0452421915
0.0452415765
0.0452413843
0.0452413843
0.0452413843
0.0451952123
0.0451948750
0.0451948484
0.0451921158
0.0451920893
0.0451384882
0.0451104025
0.0451104025
0.0451092526
0.0451080364
0.0451068600
0.0451045781
0.0451045781
0.0450944653
0.0450889411
0.0450889411
0.0450889411
0.0450889411
0.0450684770
0.0450579892
0.0450573120
0.0450540445
0.0450540445
0.0450392149
0.0450385378
0.0450385378
0.0450354935
0.0450354935
0.0450354935
0.0450353992
0.0450353992
0.0450351817
0.0450337291
0.0450337291
0.0450337291
0.0450288781
0.0450271105
0.0450257523
0.0450257523
0.0450112542
0.0450094866
0.0449980126
0.0449963041
0.0449960590
0.0449931775
0.0449923218
0.0449923218
0.0449845256
0.0449755329
0.0449751782
0.0449743168
0.0449739621
0.0449739621
0.0449739621
0.0449739621
0.0449676385
0.0449676385
0.0449676385
0.0449676385
0.0449676385
0.0449666968
0.0449593659
0.0449530307
0.0449481284
0.0449481284
0.0449254153
0.0449248636
0.0449079471
0.0449079471
0.0449079471
0.0448736402
0.0448736402
0.0448736402
0.0448736402
0.0448736402
0.0448736402
0.0448736402
0.0448663824
0.0448620142
0.0448620142
0.0448552167
0.0448552167
0.0448552167
0.0448511539
0.0448335492
0.0448133175
0.0448133175
0.0448060405
0.0448060405
0.0448050478
0.0448044236
0.0448044236
0.0448006650
0.0448006650
0.0448006650
0.0448006650
0.0448006650
0.0447945792
0.0447938594
0.0447938594
0.0447924280
0.0447924280
0.0447924280
0.0447924280
0.0447896072
0.0447896072
0.0447787910
0.0447774792
0.0447730770
0.0447730770
0.0447221158
0.0447221158
0.0447221158
0.0447104402
0.0447101632
0.0447101632
0.0447101632
0.0447074300
0.0447074300
0.0447074300
0.0447074300
0.0447074300
0.0446954086
0.0446904980
0.0446640394
0.0446640394
0.0446640394
0.0446618931
0.0446618931
0.0446538481
0.0446530284
0.0446530284
0.0446530284
0.0446109136
0.0446109136
0.0446108427
0.0446108427
0.0446108427
0.0446108427
0.0446108427
0.0446108427
0.0446108427
0.0446108427
0.0446079886
0.0446020983
0.0444783799
0.0444724896
0.0444724896
0.0444697714
0.0444697714
0.0444697714
0.0444697714
0.0444697714
0.0444292315
0.0444292315
0.0444290690
0.0444290690
0.0444290690
0.0444290532
0.0444261238
0.0444261238
0.0444252183
0.0443115422
0.0443115422
0.0443023185
0.0443016644
0.0443016644
0.0442124978
0.0442124978
0.0441885059
0.0441885059
0.0441877313
0.0441829723
0.0441757815
0.0441708420
0.0441506722
0.0441418783
0.0441404554
0.0441404418
0.0441390189
0.0441390189
0.0441390189
0.0441390189
0.0441390189
0.0441390189
0.0441390189
0.0441380910
0.0441090066
0.0441080325
0.0441080325
0.0441070102
0.0441010855
0.0441010855
0.0441005882
0.0441005882
0.0440998858
0.0440998858
0.0440998858
0.0440986222
0.0440986222
0.0440986222
0.0440938813
0.0440938813
0.0440938813
0.0440925549
0.0440831214
0.0440813370
0.0440813370
0.0440813370
0.0440813370
0.0440813370
0.0440544588
0.0440530568
0.0440530568
0.0440530568
0.0440510704
0.0440508787
0.0440508787
0.0440505765
0.0440413796
0.0440413796
0.0439932007
0.0439932007
0.0439883625
0.0439883625
0.0439846108
0.0439846108
0.0439810534
0.0439786321
0.0439786321
0.0439738861
0.0439738861
0.0439653420
0.0439653420
0.0439653420
0.0439630029
0.0439630029
0.0439626157
0.0439607495
0.0439536515
0.0439536515
0.0439526170
0.0439523983
0.0439523983
0.0439472800
0.0439472800
0.0439472800
0.0439452550
0.0439452550
0.0439452550
0.0439428368
0.0439428368
0.0439428368
0.0439411149
0.0439292917
0.0438897046
0.0438897046
0.0438868485
0.0438868485
0.0438868485
0.0438820533
0.0438745605
0.0438729041
0.0438576350
0.0438576350
0.0438553002
0.0438553002
0.0438499189
0.0438499189
0.0438479003
0.0438479003
0.0438447412
0.0438442398
0.0438422849
0.0438405923
0.0438405923
0.0438400321
0.0438400321
0.0438388916
0.0438388916
0.0438388916
0.0438388916
0.0438192545
0.0438186944
0.0438186944
0.0438186944
0.0438131344
0.0438131344
0.0438116062
0.0437889392
0.0437889392
0.0437872238
0.0437852266
0.0437852266
0.0437837004
0.0437787663
0.0437414043
0.0437410796
0.0437302079
0.0437302079
0.0437298832
0.0437295973
0.0437261477
0.0437260517
0.0437260517
0.0437238697
0.0437235781
0.0437228679
0.0437220205
0.0437202378
0.0437192359
0.0437188404
0.0437181000
0.0437161399
0.0437159595
0.0437159595
0.0437159595
0.0437154570
0.0437154455
0.0437154455
0.0437154455
0.0437147496
0.0437147380
0.0437125152
0.0437118077
0.0437042210
0.0437035135
0.0437035135
0.0436963437
0.0436963437
0.0436958498
0.0436951269
0.0436950586
0.0436947042
0.0436947042
0.0436947042
0.0436934166
0.0436934166
0.0436933033
0.0436916336
0.0436809809
0.0436809809
0.0436809809
0.0436809809
0.0436785667
0.0436782762
0.0436778916
0.0436778916
0.0436778916
0.0436753030
0.0436728887
0.0436728887
0.0436728887
0.0436705688
0.0436705688
0.0436698947
0.0436094944
0.0436086115
0.0436045529
0.0436045529
0.0436045529
0.0436045529
0.0435985995
0.0435975365
0.0435975365
0.0435974595
0.0435969096
0.0435965100
0.0435965100
0.0435965100
0.0435960417
0.0435959647
0.0435959647
0.0435959647
0.0435948201
0.0435948201
0.0435948201
0.0435931238
0.0435931238
0.0435931238
0.0435914026
0.0435914026
0.0435914026
0.0435914026
0.0435775121
0.0435775121
0.0435773291
0.0434812174
0.0434810344
0.0434807926
0.0434795395
0.0434795395
0.0434795395
0.0434597986
0.0434597986
0.0434597986
0.0434597986
0.0434597986
0.0434528174
0.0434528174
0.0434528174
0.0434528174
0.0432699323
0.0432660824
0.0432660824
0.0432660824
0.0432653814
0.0432653814
0.0432653814
0.0432652714
0.0432652714
0.0432652714
0.0432639662
0.0432639662
0.0432639662
0.0432627571
0.0432627571
0.0432463675
0.0432462501
0.0432462501
0.0432446696
0.0432446696
0.0432446696
0.0432446696
0.0432430707
0.0432430707
0.0432423877
0.0432423877
0.0432407888
0.0432357961
0.0432357961
0.0432357961
0.0432357961
0.0432343846
0.0432302176
0.0432300136
0.0432298151
0.0432298151
0.0432298151
0.0432277221
0.0432277221
0.0432260835
0.0432248054
0.0432248054
0.0432222865
0.0432222865
0.0432222865
0.0432211584
0.0432111046
0.0432107849
0.0432037623
0.0432021690
0.0432018346
0.0432004335
0.0432004335
0.0432004335
0.0432004335
0.0432004335
0.0432004335
0.0431993798
0.0431993798
0.0431993798
0.0431993798
0.0431993798
0.0431987291
0.0431973405
0.0431966898
0.0431966898
0.0431935977
0.0431935977
0.0431921449
0.0431921449
0.0431905779
0.0431903376
0.0431887250
0.0431871581
0.0431867357
0.0431783776
0.0431777268
0.0431773045
0.0431770437
0.0431768906
0.0431734332
0.0431732801
0.0431732801
0.0431732801
0.0431732801
0.0431728962
0.0431625129
0.0431625129
0.0431585303
0.0431585303
0.0431585303
0.0431585303
0.0431578916
0.0431539094
0.0431536486
0.0431536486
0.0431529771
0.0431474274
0.0431463938
0.0431462135
0.0431440583
0.0431440583
0.0431440583
0.0431440371
0.0431440371
0.0431440371
0.0431436740
0.0431415398
0.0431409610
0.0431409404
0.0431409404
0.0431399563
0.0431399563
0.0431399563
0.0431397095
0.0431396883
0.0431394415
0.0431394415
0.0431273107
0.0431273107
0.0431268852
0.0431268852
0.0431268852
0.0431262120
0.0431262120
0.0431252151
0.0431252151
0.0431225095
0.0431224464
0.0431202858
0.0431197972
0.0431195838
0.0431195504
0.0431087821
0.0431087821
0.0431087821
0.0431051129
0.0431048662
0.0430604829
0.0430595341
0.0430587337
0.0430587337
0.0430587337
0.0430583160
0.0430542061
0.0430538253
0.0430538253
0.0430538253
0.0430528265
0.0430517532
0.0430517532
0.0430131354
0.0430131354
0.0430131354
0.0430131354
0.0430131354
0.0430008078
0.0430008078
0.0430006657
0.0430006657
0.0430000548
0.0429984518
0.0429984518
0.0429984518
0.0429984518
0.0429984518
0.0429978980
0.0429976364
0.0429976364
0.0429947742
0.0429947742
0.0429947496
0.0429841311
0.0429831922
0.0429831922
0.0429831922
0.0429831922
0.0429831922
0.0429831922
0.0429831922
0.0429820234
0.0429812770
0.0429806544
0.0429806544
0.0429801146
0.0429705881
0.0429705881
0.0429705881
0.0429688561
0.0429655069
0.0429637750
0.0429493931
0.0429476612
0.0429473560
0.0429456240
0.0429456240
0.0429445681
0.0429445681
0.0429445681
0.0429437514
0.0429437514
0.0429436804
0.0429283415
0.0429266371
0.0429266371
0.0429266371
0.0429211649
0.0429192843
0.0429192843
0.0429192396
0.0429192396
0.0429192396
0.0428939498
0.0428677613
0.0428677117
0.0428677117
0.0428664748
0.0428645464
0.0428645464
0.0428623574
0.0428605000
0.0428605000
0.0428579698
0.0428579107
0.0428579107
0.0428570528
0.0428570528
0.0428389528
0.0428380766
0.0428380766
0.0428355382
0.0428155861
0.0428086581
0.0427908947
0.0427906349
0.0427906349
0.0427906349
0.0427903742
0.0427901144
0.0427891296
0.0427877718
0.0427877718
0.0427867870
0.0427867870
0.0427867870
0.0427769214
0.0427742680
0.0427740587
0.0427740587
0.0427670300
0.0427668207
0.0427668207
0.0427668207
0.0427659947
0.0427659902
0.0427659304
0.0427553667
0.0427553622
0.0427553622
0.0427553622
0.0427553622
0.0427553622
0.0427553622
0.0427552450
0.0427522294
0.0427396740
0.0427396740
0.0427396740
0.0427378378
0.0427378378
0.0427378378
0.0427378378
0.0427361520
0.0427361520
0.0427361520
0.0427361520
0.0427361520
0.0427290441
0.0427288263
0.0427285718
0.0427284207
0.0427284207
0.0427267867
0.0427267867
0.0427250095
0.0427244985
0.0427244985
0.0427244985
0.0427219489
0.0427219489
0.0427219489
0.0427219489
0.0427219489
0.0427203429
0.0427131889
0.0427128134
0.0427128134
0.0427128134
0.0427018836
0.0427004418
0.0427004418
0.0427004418
0.0426993476
0.0426993476
0.0426980613
0.0426980613
0.0426980613
0.0426980613
0.0426980613
0.0426980613
0.0426975960
0.0426975960
0.0426975960
0.0426975960
0.0426965223
0.0426958933
0.0425835537
0.0425724154
0.0425724154
0.0425724154
0.0425724154
0.0425724154
0.0425722631
0.0425722631
0.0425722631
0.0425722631
0.0425711851
0.0425711126
0.0425711126
0.0425711126
0.0425701484
0.0425677935
0.0425677935
0.0425677351
0.0425677351
0.0425677351
0.0425661992
0.0425661992
0.0425661992
0.0425615750
0.0425615750
0.0425608212
0.0425608212
0.0425524109
0.0425524109
0.0425523837
0.0425520545
0.0425520545
0.0425520545
0.0425511724
0.0425268948
0.0425261475
0.0425261260
0.0425261260
0.0425261260
0.0425254665
0.0425234315
0.0425234315
0.0425230844
0.0424860357
0.0424860357
0.0424768103
0.0424768103
0.0424768103
0.0424759924
0.0424759924
0.0424759924
0.0424724369
0.0424724369
0.0424719650
0.0424719650
0.0424719650
0.0424719650
0.0424719650
0.0424719650
0.0424719082
0.0424719082
0.0424715988
0.0424711346
0.0424711346
0.0423727841
0.0423727841
0.0423727841
0.0423725949
0.0423725949
0.0423723705
0.0423723705
0.0423722134
0.0423722134
0.0423719889
0.0423719889
0.0423718063
0.0423718063
0.0423718063
0.0423702662
0.0423698630
0.0423683228
0.0423683191
0.0423683191
0.0423682700
0.0423682700
0.0423682700
0.0423665123
0.0423665123
0.0423613514
0.0423601615
0.0423601615
0.0423601615
0.0422659977
0.0422659977
0.0422659977
0.0422659822
0.0422641615
0.0422636676
0.0422585113
0.0422584539
0.0422583152
0.0422583152
0.0422582577
0.0422582577
0.0422582073
0.0422582073
0.0422568551
0.0422567721
0.0422567721
0.0422545281
0.0422544723
0.0422544723
0.0422542870
0.0422542870
0.0422542870
0.0422541194
0.0422541194
0.0422541194
0.0422504057
0.0422504057
0.0422504057
0.0422504057
0.0422502010
0.0422502010
0.0422502010
0.0422502010
0.0422444664
0.0422444664
0.0422444664
0.0422444025
0.0422444025
0.0422444025
0.0422428403
0.0422428403
0.0422428403
0.0422418845
0.0422418845
0.0421790453
0.0421787962
0.0421787962
0.0421787962
0.0421728317
0.0421704180
0.0421650485
0.0421649306
0.0421645900
0.0421645900
0.0421604340
0.0421604340
0.0421149684
0.0421147991
0.0421147413
0.0421112465
0.0421071721
0.0421071604
0.0421071026
0.0421071026
0.0421068935
0.0421068935
0.0421068935
0.0420997702
0.0420995611
0.0420995611
0.0420995611
0.0420995611
0.0420995611
0.0420995611
0.0420995611
0.0420995611
0.0420988537
0.0420959913
0.0420917233
0.0420907257
0.0420907257
0.0420905321
0.0420905321
0.0420889059
0.0420851903
0.0420821867
0.0420821867
0.0420821867
0.0420816257
0.0420816257
0.0420816257
0.0420816257
0.0420813438
0.0420812841
0.0420812841
0.0420810476
0.0420593732
0.0420521232
0.0420521232
0.0420521232
0.0420008727
0.0420008727
0.0420008727
0.0420008727
0.0420008727
0.0420008727
0.0420008727
0.0420008727
0.0420008727
0.0420008727
0.0419992910
0.0419965399
0.0419965399
0.0419965399
0.0419965399
0.0419965399
0.0419961948
0.0419959053
0.0419932148
0.0419927384
0.0419916663
0.0419916663
0.0419916663
0.0419909714
0.0419909714
0.0419909495
0.0419909495
0.0419909495
0.0419909495
0.0419909495
0.0419909495
0.0419908092
0.0419907752
0.0419901073
0.0419315066
0.0419304791
0.0419304791
0.0419304552
0.0419297293
0.0419297054
0.0419293150
0.0419290290
0.0419290290
0.0419290290
0.0419290290
0.0419290290
0.0419290290
0.0419290290
0.0419290290
0.0419276723
0.0419276723
0.0419276723
0.0419276723
0.0419276723
0.0419273528
0.0419273528
0.0419264679
0.0419264679
0.0419260036
0.0419260036
0.0419256888
0.0419256888
0.0419256888
0.0419256888
0.0419256888
0.0419256888
0.0419256888
0.0419239928
0.0419239928
0.0419239928
0.0419239928
0.0419138996
0.0419138779
0.0419138779
0.0419138779
0.0419138779
0.0419138779
0.0419137339
0.0419126104
0.0419126104
0.0419126104
0.0419126104
0.0419126104
0.0419126104
0.0419064576
0.0419044253
0.0419044253
0.0419044253
0.0419041501
0.0419041501
0.0419041501
0.0419041501
0.0419041501
0.0419041501
0.0419041501
0.0419007817
0.0419007817
0.0419007817
0.0419007817
0.0419007817
0.0419007817
0.0419006722
0.0419006722
0.0419006722
0.0419006722
0.0419006256
0.0419005456
0.0418993754
0.0418992635
0.0418991425
0.0418991425
0.0418978104
0.0418963068
0.0418963068
0.0418963068
0.0418963068
0.0418957648
0.0418957501
0.0418957501
0.0418930830
0.0418930830
0.0418930830
0.0418259540
0.0418259540
0.0418259540
0.0418258283
0.0418256807
0.0418256807
0.0418256807
0.0418256807
0.0418256807
0.0418248070
0.0418248070
0.0418248070
0.0418248070
0.0418248070
0.0418244800
0.0418244800
0.0418244800
0.0418243902
0.0418243902
0.0418243902
0.0418241645
0.0418157242
0.0418157242
0.0418157242
0.0418140448
0.0418140448
0.0418140448
0.0418116605
0.0418116605
0.0418116605
0.0418113839
0.0418113839
0.0418113839
0.0418113839
0.0418111030
0.0418111030
0.0418107324
0.0418106194
0.0418067841
0.0417839560
0.0417839560
0.0417684674
0.0417684674
0.0417684674
0.0417678697
0.0417467116
0.0417388606
0.0417388606
0.0417388606
0.0417388606
0.0417387160
0.0417335527
0.0417329527
0.0417329264
0.0417329264
0.0417326516
0.0417326516
0.0417326516
0.0417322612
0.0417320974
0.0417245924
0.0417230943
0.0417230943
0.0417230943
0.0417180573
0.0417180573
0.0417172447
0.0417172447
0.0417170899
0.0417170899
0.0417168388
0.0417168388
0.0417155368
0.0417155368
0.0417155167
0.0417155167
0.0417155167
0.0417155056
0.0417151780
0.0417146477
0.0417146477
0.0417146477
0.0417134194
0.0417124177
0.0417124177
0.0417118984
0.0417024752
0.0417007277
0.0417007277
0.0417007277
0.0417007277
0.0416997457
0.0416997457
0.0416994353
0.0416994353
0.0416994353
0.0416994353
0.0416994353
0.0416994353
0.0416984572
0.0416974045
0.0416973694
0.0416937034
0.0416937034
0.0416937034
0.0416936684
0.0416928928
0.0416928928
0.0416928928
0.0416926960
0.0416925971
0.0416925079
0.0416925079
0.0416925079
0.0416925079
0.0416925079
0.0416925079
0.0416920733
0.0416916442
0.0416913981
0.0416913561
0.0415774655
0.0415774655
0.0415771794
0.0415771794
0.0415763308
0.0415763308
0.0415759850
0.0415759850
0.0415759850
0.0415718150
0.0415704660
0.0415702200
0.0415702200
0.0415677150
0.0415609447
0.0415584397
0.0415341949
0.0415293113
0.0415255230
0.0415204988
0.0415204141
0.0415204141
0.0415199711
0.0415091687
0.0415038718
0.0415038718
0.0415038718
0.0415026337
0.0415026337
0.0415026337
0.0415026337
0.0415021061
0.0415021061
0.0414990096
0.0414981240
0.0414968860
0.0414968860
0.0414968324
0.0414948575
0.0414948575
0.0414948575
0.0414948575
0.0414943761
0.0414942587
0.0414942587
0.0414939836
0.0414939836
0.0414925233
0.0414925233
0.0414925233
0.0414918178
0.0414917005
0.0414917005
0.0414917005
0.0414917005
0.0414917005
0.0414783333
0.0414778488
0.0414778488
0.0414772227
0.0414772227
0.0414772227
0.0414769585
0.0414761219
0.0414761219
0.0414754121
0.0414754121
0.0414754121
0.0414719624
0.0414719624
0.0414719624
0.0414713300
0.0414713300
0.0414713300
0.0414650120
0.0414650120
0.0414613961
0.0414613961
0.0414613961
0.0414613961
0.0414613961
0.0414307201
0.0414307201
0.0414307201
0.0414304433
0.0414303682
0.0414300981
0.0414290929
0.0414288997
0.0414288613
0.0414288613
0.0414288613
0.0414288613
0.0414288613
0.0414288613
0.0414288613
0.0414287977
0.0414287977
0.0414287977
0.0414287977
0.0414287977
0.0414287977
0.0414287977
0.0414178115
0.0414178115
0.0414178115
0.0414178115
0.0414178115
0.0414175839
0.0414175839
0.0414174256
0.0414174256
0.0414172704
0.0414167934
0.0414164800
0.0414164800
0.0414164800
0.0414128826
0.0414128826
0.0414128826
0.0414128802
0.0414128802
0.0414128763
0.0414126384
0.0414058873
0.0414012638
0.0414012638
0.0414012500
0.0414012500
0.0414012500
0.0414012500
0.0414012500
0.0414012500
0.0414010015
0.0414004778
0.0414003823
0.0414003823
0.0414003823
0.0414003823
0.0414003823
0.0414003823
0.0413998390
0.0413996369
0.0413996369
0.0413994257
0.0413994257
0.0413963634
0.0413963634
0.0413963634
0.0413963634
0.0413963634
0.0413963634
0.0413963634
0.0413963634
0.0413963634
0.0413963634
0.0413963634
0.0413963634
0.0413963634
0.0413963634
0.0413961321
0.0413961321
0.0413961321
0.0413961321
0.0413961321
0.0413961321
0.0413961321
0.0413961321
0.0413961321
0.0413961321
0.0413961321
0.0413960741
0.0413960741
0.0413958300
0.0413957720
0.0413927352
0.0413927352
0.0413927352
0.0413927352
0.0413927352
0.0413927102
0.0413889183
0.0413888933
0.0413888933
0.0413888933
0.0413888933
0.0413888933
0.0413885927
0.0413883618
0.0413878396
0.0413878396
0.0413878396
0.0413873028
0.0413873028
0.0413862144
0.0413862144
0.0413862144
0.0413856356
0.0413851175
0.0413841981
0.0413840877
0.0413837857
0.0413837857
0.0413837579
0.0413837579
0.0413831692
0.0413831692
0.0413831692
0.0413831692
0.0413831434
0.0413831434
0.0413831434
0.0413831434
0.0413831434
0.0413831434
0.0413626696
0.0413626696
0.0413626696
0.0413626696
0.0413626696
0.0413626696
0.0413626696
0.0413626696
0.0413624125
0.0413617107
0.0413617107
0.0413613541
0.0413606310
0.0413606310
0.0413606310
0.0413606310
0.0413581571
0.0413558924
0.0413558924
0.0413558924
0.0413555598
0.0413238213
0.0413238213
0.0413238213
0.0413238213
0.0413238213
0.0413237871
0.0413237348
0.0413237348
0.0413237348
0.0413235760
0.0413235760
0.0413235760
0.0413235760
0.0413234997
0.0413228618
0.0413196366
0.0413193622
0.0413189988
0.0413189988
0.0413137251
0.0413137251
0.0413135883
0.0413135883
0.0413135883
0.0413135883
0.0413135883
0.0413126325
0.0413121972
0.0413120299
0.0413120299
0.0413120299
0.0413120299
0.0413096110
0.0413090503
0.0413089754
0.0413086263
0.0413086263
0.0413073312
0.0413073312
0.0413073312
0.0413073312
0.0413066312
0.0412820864
0.0412820864
0.0412820864
0.0412820864
0.0412820864
0.0412818209
0.0412818209
0.0412818209
0.0412818052
0.0412818052
0.0412818052
0.0412818052
0.0412791381
0.0412791381
0.0412791381
0.0412791381
0.0412791381
0.0412791381
0.0412791381
0.0412791381
0.0412791381
0.0412791381
0.0412791381
0.0412791381
0.0412791381
0.0412791381
0.0412791381
0.0412791381
0.0412788017
0.0412788017
0.0412788017
0.0412787650
0.0412743966
0.0412741330
0.0412731226
0.0412730169
0.0412726108
0.0412725740
0.0412723940
0.0412723940
0.0412721384
0.0412715717
0.0412715717
0.0412711867
0.0412711867
0.0412711867
0.0412711867
0.0412711867
0.0412711867
0.0412711867
0.0412711471
0.0412711471
0.0412710496
0.0412710100
0.0412710100
0.0412710100
0.0412708994
0.0412577312
0.0412577312
0.0412577312
0.0412576206
0.0412576206
0.0412576206
0.0412576206
0.0412576206
0.0412576206
0.0412576206
0.0412576206
0.0412575785
0.0412575475
0.0412575054
0.0412574832
0.0412574832
0.0412574832
0.0412574722
0.0412570507
0.0412567429
0.0412556620
0.0412553297
0.0412553297
0.0412542487
0.0412542487
0.0412538631
0.0412538631
0.0412538631
0.0412538631
0.0412538631
0.0412538631
0.0412538631
0.0412538631
0.0412505172
0.0412505172
0.0412505172
0.0412505172
0.0412505172
0.0412505172
0.0412505172
0.0412505172
0.0412505172
0.0412505172
0.0412505172
0.0412505172
0.0412488697
0.0412488697
0.0412488697
0.0412488697
0.0412481308
0.0412481308
0.0412479403
0.0412479403
0.0412479403
0.0412479403
0.0412479403
0.0412475451
0.0412475451
0.0412475451
0.0412436838
0.0412436838
0.0412436838
0.0412436838
0.0412436838
0.0411986309
0.0411986309
0.0411979831
0.0411979831
0.0411979831
0.0411979831
0.0411974941
0.0411970161
0.0411970161
0.0411970161
0.0411898037
0.0411898037
0.0411898037
0.0411898037
0.0411892385
0.0411890138
0.0411884633
0.0411884633
0.0411884633
0.0411866886
0.0411866886
0.0411866886
0.0411866886
0.0411822054
0.0411822054
0.0411822054
0.0411822054
0.0411822054
0.0411822054
0.0411822054
0.0411822054
0.0411822054
0.0411758641
0.0411758641
0.0411757117
0.0411757117
0.0411757117
0.0411757117
0.0411757117
0.0411752888
0.0411752888
0.0411752888
0.0411752888
0.0411752888
0.0411752888
0.0411748971
0.0411748971
0.0411746945
0.0411745697
0.0411745697
0.0411743451
0.0411743451
0.0411743451
0.0411743451
0.0411743451
0.0411743451
0.0411743451
0.0411743451
0.0411743226
0.0411743226
0.0411743226
0.0411743226
0.0411736465
0.0411736465
0.0411725197
0.0411725197
0.0411725197
0.0411722956
0.0411711197
0.0411711197
0.0411711197
0.0411267376
0.0411267376
0.0411253794
0.0411253794
0.0411253794
0.0411253794
0.0411251952
0.0411251952
0.0411251952
0.0411246216
0.0411246216
0.0411227190
0.0411205985
0.0411205985
0.0411205985
0.0411205985
0.0411205985
0.0411204679
0.0411204679
0.0411187880
0.0411187880
0.0411187880
0.0411187880
0.0411187880
0.0411187880
0.0411187880
0.0411187846
0.0411187846
0.0411182808
0.0411178105
0.0411178105
0.0411178105
0.0411178105
0.0411178105
0.0411138413
0.0411138413
0.0411138413
0.0411138413
0.0411094345
0.0411091151
0.0411091151
0.0411091151
0.0411091151
0.0411081054
0.0411081054
0.0411079003
0.0411079003
0.0411064708
0.0411064708
0.0411064708
0.0411056507
0.0411029537
0.0411026408
0.0411021337
0.0411021337
0.0411021337
0.0411021337
0.0411021337
0.0411021337
0.0411018207
0.0411015512
0.0411004170
0.0411004170
0.0411004170
0.0410968493
0.0410954456
0.0410954456
0.0410954456
0.0410954456
0.0410954456
0.0410954456
0.0410954456
0.0410954456
0.0410954456
0.0410952970
0.0410952652
0.0410952652
0.0410951504
0.0410926656
0.0410926656
0.0410926656
0.0410915435
0.0410913969
0.0410913675
0.0410913675
0.0410913675
0.0410913675
0.0410913010
0.0410884921
0.0410884921
0.0410884919
0.0410884919
0.0410884009
0.0410884009
0.0410884009
0.0410877616
0.0410876401
0.0410876401
0.0410876401
0.0410876401
0.0410876401
0.0410875376
0.0410875376
0.0410873291
0.0410873291
0.0410873291
0.0410873291
0.0410873291
0.0410873291
0.0410873291
0.0410873291
0.0410873291
0.0410873291
0.0410873291
0.0410873291
0.0410873075
0.0410873075
0.0410869582
0.0410869582
0.0410869582
0.0410857860
0.0410857476
0.0410857476
0.0410856663
0.0410855682
0.0410855682
0.0410854485
0.0410854485
0.0410802368
0.0410733751
0.0410733751
0.0410733751
0.0410733751
0.0410731455
0.0410731273
0.0410728977
0.0410728977
0.0410726110
0.0410723920
0.0410723920
0.0410723920
0.0410713931
0.0410713931
0.0410713931
0.0410713931
0.0410713931
0.0410713931
0.0410713931
0.0410713931
0.0410713001
0.0410713001
0.0410713001
0.0410713001
0.0410713001
0.0410712325
0.0410712325
0.0410712325
0.0410712325
0.0410712325
0.0410712325
0.0410712325
0.0410712325
0.0410707621
0.0410707621
0.0410707621
0.0410707621
0.0410707621
0.0410704102
0.0410700755
0.0410700755
0.0410693706
0.0410693706
0.0410693706
0.0410693706
0.0410693706
0.0410693706
0.0410690187
0.0410688300
0.0410688300
0.0410688300
0.0410688300
0.0410688300
0.0410688300
0.0410688300
0.0410688300
0.0410688300
0.0410688300
0.0410688300
0.0410660896
0.0410660896
0.0410660896
0.0410660896
0.0410660896
0.0410660896
0.0410658201
0.0410658201
0.0410658201
0.0410658201
0.0410657882
0.0410657882
0.0410657882
0.0410657882
0.0410657882
0.0410657882
0.0410650518
0.0410648789
0.0410642471
0.0410642471
0.0410630578
0.0410630578
0.0410630578
0.0410630578
0.0410630578
0.0410630578
0.0410628348
0.0410628348
0.0410628348
0.0410628348
0.0410628124
0.0410524896
0.0410524896
0.0410522318
0.0410522318
0.0410522318
0.0410522318
0.0410522318
0.0410522318
0.0410522318
0.0410522318
0.0410522318
0.0410522318
0.0410521268
0.0410485416
0.0410485416
0.0410480917
0.0410478460
0.0410478460
0.0410478460
0.0410474185
0.0410474185
0.0410474185
0.0410474185
0.0410407850
0.0410399522
0.0410399522
0.0410399522
0.0410397484
0.0410389649
0.0410382759
0.0410382759
0.0410371079
0.0410371079
0.0410371079
0.0410371079
0.0410363437
0.0410363437
0.0410363437
0.0410363437
0.0410342815
0.0410341836
0.0410341836
0.0410339845
0.0410339845
0.0410338486
0.0410338486
0.0410299022
0.0410299022
0.0410299022
0.0410299022
0.0410297596
0.0410296395
0.0410296395
0.0410288105
0.0410288105
0.0410255364
0.0410255099
0.0410255099
0.0410255099
0.0410255099
0.0410255099
0.0410255099
0.0410255099
0.0410255099
0.0410189080
0.0410189080
0.0410189080
0.0410189080
0.0410189080
0.0410189080
0.0410115715
0.0410115715
0.0410115715
0.0410112444
0.0410112444
0.0410111072
0.0410108738
0.0410103681
0.0410098010
0.0410098010
0.0410098010
0.0410098010
0.0410098010
0.0410098010
0.0410091500
0.0410089166
0.0410089166
0.0410089166
0.0410089166
0.0410089166
0.0410089166
0.0410089166
0.0410089166
0.0410089166
0.0410066153
0.0410061865
0.0410061865
0.0410061865
0.0410061865
0.0410061865
0.0410061865
0.0410061865
0.0410061865
0.0410061865
0.0410061865
0.0410061865
0.0410059442
0.0410059442
0.0410059442
0.0410059442
0.0410059442
0.0410059442
0.0410059442
0.0410059442
0.0410059442
0.0410059442
0.0410059442
0.0410030602
0.0410030602
0.0410030602
0.0410030602
0.0410028190
0.0410028190
0.0410028190
0.0410028190
0.0410028190
0.0410028190
0.0410028190
0.0410028190
0.0410028190
0.0410028190
0.0410028190
0.0410028190
0.0410018471
0.0410018471
0.0410018471
0.0410018471
0.0410018471
0.0410018471
0.0410018199
0.0410018199
0.0410018199
0.0410018199
0.0410018199
0.0410017959
0.0410016893
0.0410016893
0.0410016893
0.0410015413
0.0410015413
0.0410015413
0.0410010824
0.0410009595
0.0410009595
0.0410009595
0.0410009595
0.0410009595
0.0410009595
0.0410009595
0.0410009595
0.0410009595
0.0410009595
0.0410009595
0.0410009595
0.0410009595
0.0410009595
0.0410007710
0.0410007710
0.0410007710
0.0410007710
0.0410007532
0.0410007532
0.0410007532
0.0410007532
0.0410003891
0.0409998537
0.0409998359
0.0409998359
0.0409995333
0.0409995333
0.0409995333
0.0409995333
0.0409995333
0.0409994449
0.0409994268
0.0409994268
0.0409970576
0.0409970576
0.0409970576
0.0409970576
0.0409970576
0.0409970576
0.0409970576
0.0409970576
0.0409970576
0.0409970576
0.0409970302
0.0409970302
0.0409964905
0.0409964905
0.0409960925
0.0409960925
0.0409960608
0.0409960608
0.0409960608
0.0409960608
0.0409960608
0.0409960608
0.0409960411
0.0409960411
0.0409960411
0.0409960411
0.0409960411
0.0409960411
0.0409960411
0.0409960411
0.0409960411
0.0409952073
0.0409952073
0.0409951224
0.0409951224
0.0409951224
0.0409951224
0.0409951224
0.0409951224
0.0409951224
0.0409949963
0.0409949963
0.0409948474
0.0409948474
0.0409948474
0.0409948203
0.0409948203
0.0409937178
0.0409936906
0.0409936906
0.0409936906
0.0409936906
0.0409936906
0.0409936906
0.0409936906
0.0409936906
0.0409936906
0.0409886835
0.0409886835
0.0409886835
0.0409885074
0.0409885074
0.0409879874
0.0409879874
0.0409879874
0.0409879874
0.0409879874
0.0409879779
0.0409879779
0.0409879779
0.0409879779
0.0409879779
0.0409879779
0.0409879779
0.0409879779
0.0409879779
0.0409879779
0.0409879779
0.0409879779
0.0409879779
0.0409879779
0.0409879779
0.0409879779
0.0409879416
0.0409867553
0.0409867553
0.0409867553
0.0409867553
0.0409867553
0.0409867553
0.0409867553
0.0409867553
0.0409867553
0.0409867553
0.0409866318
0.0409801555
0.0409801555
0.0409801555
0.0409801555
0.0409801555
0.0409801555
0.0409801555
0.0409801555
0.0409801555
0.0409793279
0.0409793279
0.0409793279
0.0409793010
0.0409793010
0.0409793010
0.0409793010
0.0409723949
0.0409723949
0.0409722760
0.0409721767
0.0409708169
0.0409708169
0.0409708169
0.0409708169
0.0409708169
0.0409708169
0.0409708169
0.0409708169
0.0409708169
0.0409708169
0.0409708169
0.0409708169
0.0409708169
0.0409708169
0.0409708169
0.0409708169
0.0409708169
0.0409700071
0.0409700071
0.0409700071
0.0409700071
0.0409700071
0.0409700071
0.0409700071
0.0409700071
0.0409700071
0.0409700071
0.0409700071
0.0409700071
0.0409686542
0.0409686542
0.0409686542
0.0409686542
0.0409686542
0.0409686542
0.0409685869
0.0409682846
0.0409682846
0.0409681427
0.0409681427
0.0409681427
0.0409678857
0.0409678857
0.0409677669
0.0409677669
0.0409677669
0.0409677669
0.0409677669
0.0409677669
0.0409670490
0.0409670490
0.0409670490
0.0409670490
0.0409670490
0.0409665861
0.0409665861
0.0409665861
0.0409665861
0.0409665224
0.0409662220
0.0409662220
0.0409662220
0.0409662220
0.0409662220
0.0409662220
0.0409655293
0.0409655293
0.0409655293
0.0409655293
0.0409650580
0.0409648187
0.0409648187
0.0409646409
0.0409639831
0.0409638053
0.0409638053
0.0409638053
0.0409638053
0.0409638053
0.0409638053
0.0409638053
0.0409638053
0.0409638053
0.0409638053
0.0409638053
0.0409638053
0.0409638053
0.0409638053
0.0409638053
0.0409638053
0.0409635859
0.0409635859
0.0409635859
0.0409635859
0.0409635859
0.0409635859
0.0409635859
0.0409635859
0.0409635859
0.0409635859
0.0409635859
0.0409635859
0.0409635859
0.0409635859
0.0409635859
0.0409635859
0.0409635859
0.0409635859
0.0409635859
0.0409635859
0.0409635859
0.0409635859
0.0409635859
0.0409635859
0.0409635859
0.0409635859
0.0409633416
0.0409633416
0.0409633416
0.0409633416
0.0409633416
0.0409633416
0.0409633416
0.0409633416
0.0409633416
0.0409633416
0.0409633416
0.0409633416
0.0409633416
0.0409633416
0.0409632894
0.0409632894
0.0409632894
0.0409632796
0.0409632274
0.0409632274
0.0409628241
0.0409628241
0.0409628241
0.0409628241
0.0409628241
0.0409628241
0.0409628241
0.0409628241
0.0409628241
0.0409628241
0.0409621031
0.0409621031
0.0409621031
0.0409620820
0.0409620820
0.0409620820
0.0409620820
0.0409620820
0.0409620820
0.0409620820
0.0409620820
0.0409620820
0.0409620820
0.0409620820
0.0409620820
0.0409620820
0.0409619860
0.0409614294
0.0409614294
0.0409606439
0.0409606439
0.0409603290
0.0409603290
0.0409603290
0.0409603290
0.0409603290
0.0409603290
0.0409602358
0.0409529578
0.0409529578
0.0409529355
0.0409529355
0.0409523843
0.0409519841
0.0409519841
0.0409519332
0.0409519332
0.0409519332
0.0409519332
0.0409464768
0.0409459102
0.0409459102
0.0409459102
0.0409459102
0.0409459102
0.0409459070
0.0409459070
0.0409459070
0.0409459070
0.0409459070
0.0409459070
0.0409459070
0.0409459070
0.0409459070
0.0409457522
0.0409457522
0.0409457522
0.0409457040
0.0409457040
0.0409450916
0.0409450916
0.0409450916
0.0409446256
0.0409446256
0.0409446256
0.0409446256
0.0409446256
0.0409446256
0.0409446256
0.0409446256
0.0409446256
0.0409446256
0.0409446256
0.0409446256
0.0409446256
0.0409446256
0.0409446256
0.0409446154
0.0409444020
0.0409444020
0.0409443514
0.0409443514
0.0409443514
0.0409443514
0.0409443514
0.0409443514
0.0409443514
0.0409443514
0.0409443514
0.0409443514
0.0409443514
0.0409442532
0.0409430953
0.0409430953
0.0409426124
0.0409426124
0.0409367712
0.0409367712
0.0409367712
0.0409367712
0.0409367712
0.0409367712
0.0409367712
0.0409367246
0.0409367246
0.0409367246
0.0409364243
0.0409364243
0.0409361576
0.0409361576
0.0409356963
0.0409356963
0.0409356963
0.0409356963
0.0409356963
0.0409356963
0.0409345296
0.0409345296
0.0409345296
0.0409345296
0.0409345296
0.0409345296
0.0409345296
0.0409345296
0.0409345296
0.0409345296
0.0409345296
0.0409345296
0.0409345296
0.0409345296
0.0409345296
0.0409345296
0.0409345296
0.0409345296
0.0409344789
0.0409344789
0.0409344789
0.0409344789
0.0409344789
0.0409342277
0.0409342277
0.0409342277
0.0409342277
0.0409342277
0.0409342277
0.0409342277
0.0409342277
0.0409342277
0.0409342277
0.0409342277
0.0409342277
0.0409342277
0.0409342277
0.0409342277
0.0409342277
0.0409340889
0.0409340889
0.0409340889
0.0409339489
0.0409339489
0.0409339489
0.0409339489
0.0409339489
0.0409339489
0.0409339489
0.0409339489
0.0409339489
0.0409339489
0.0409339489
0.0409327101
0.0409327101
0.0409327101
0.0409327101
0.0409327101
0.0409327101
0.0409327101
0.0409327101
0.0409326072
0.0409326072
0.0409326072
0.0409313460
0.0409312835
0.0409312835
0.0409312835
0.0409312835
0.0409264904
0.0409264904
0.0409264904
0.0409264904
0.0409264224
0.0409264224
0.0409264224
0.0409264224
0.0409264224
0.0409264224
0.0409264224
0.0409261068
0.0409261068
0.0409261068
0.0409261068
0.0409261068
0.0409260926
0.0409260926
0.0409257996
0.0409257996
0.0409222190
0.0409222190
0.0409222190
0.0409222190
0.0409222190
0.0409222173
0.0409222173
0.0409222173
0.0409222173
0.0409222173
0.0409222173
0.0409222173
0.0409222173
0.0409222173
0.0409221415
0.0409217973
0.0409217215
0.0409217215
0.0409217215
0.0409217215
0.0409217215
0.0409217215
0.0409217215
0.0409215660
0.0409215660
0.0409215660
0.0409215660
0.0409215660
0.0409215660
0.0409215660
0.0409215660
0.0409215660
0.0409215660
0.0409215660
0.0409215660
0.0409211460
0.0409208331
0.0409208331
0.0409208331
0.0409208331
0.0409208331
0.0409208331
0.0409208331
0.0409208331
0.0409202994
0.0409202994
0.0409202994
0.0409202994
0.0409202994
0.0409202994
0.0409194541
0.0409194541
0.0409194541
0.0409194541
0.0409194541
0.0409189422
0.0409189422
0.0409189422
0.0409189422
0.0409189422
0.0409189422
0.0409189422
0.0409189422
0.0409189422
0.0409189422
0.0409147749
0.0409147749
0.0409147749
0.0409147749
0.0409145983
0.0409145983
0.0409145983
0.0409145983
0.0409145983
0.0409144258
0.0409144258
0.0409144258
0.0409144258
0.0409144258
0.0409144258
0.0409144258
0.0409144162
0.0409144162
0.0409143218
0.0409143218
0.0409143218
0.0409138730
0.0409138730
0.0409138730
0.0409120194
0.0409120194
0.0409120194
0.0409120194
0.0409120194
0.0409120194
0.0409109957
0.0409109957
0.0409109957
0.0409109957
0.0409109957
0.0409109957
0.0409109957
0.0409095683
0.0409095683
0.0409095683
0.0409095683
0.0409064927
0.0409064927
0.0409064927
0.0409064185
0.0409058179
0.0409058179
0.0409058179
0.0409058179
0.0409058179
0.0409058179
0.0409058179
0.0409058179
0.0409058179
0.0409058179
0.0409058179
0.0409058179
0.0409058179
0.0409058179
0.0409058179
0.0409058179
0.0409056516
0.0409056516
0.0409056516
0.0408998704
0.0408998704
0.0408998704
0.0408998704
0.0408998704
0.0408998704
0.0408997621
0.0408997102
0.0408993703
0.0408993184
0.0408993184
0.0408993184
0.0408993184
0.0408993184
0.0408993184
0.0408993184
0.0408993184
0.0408993184
0.0408993184
0.0408993184
0.0408991863
0.0408991863
0.0408991863
0.0408991863
0.0408991863
0.0408991863
0.0408991863
0.0408991863
0.0408991863
0.0408982364
0.0408982364
0.0408982364
0.0408982364
0.0408982364
0.0408982364
0.0408982364
0.0408976687
0.0408976687
0.0408974575
0.0408974575
0.0408974575
0.0408974575
0.0408974575
0.0408973573
0.0408972324
0.0408971322
0.0408971322
0.0408971322
0.0408971322
0.0408970415
0.0408970415
0.0408970415
0.0408970415
0.0408968210
0.0408968210
0.0408968210
0.0408966250
0.0408966250
0.0408965524
0.0408960085
0.0408960085
0.0408960085
0.0408960085
0.0408960085
0.0408960085
0.0408959360
0.0408959360
0.0408957560
0.0408957560
0.0408957560
0.0408956093
0.0408956093
0.0408956093
0.0408956093
0.0408956093
0.0408956093
0.0408956093
0.0408956093
0.0408956093
0.0408956093
0.0408956093
0.0408956093
0.0408956093
0.0408956093
0.0408956093
0.0408956093
0.0408956093
0.0408956093
0.0408956093
0.0408956093
0.0408954304
0.0408954304
0.0408954304
0.0408954259
0.0408954259
0.0408954155
0.0408954155
0.0408954155
0.0408941488
0.0408941488
0.0408941488
0.0408941488
0.0408941488
0.0408941488
0.0408941488
0.0408941488
0.0408941488
0.0408941488
0.0408941488
0.0408941488
0.0408941488
0.0408941488
0.0408941488
0.0408941488
0.0408941488
0.0408941107
0.0408941107
0.0408893169
0.0408893169
0.0408893169
0.0408893169
0.0408891868
0.0408891868
0.0408891868
0.0408891868
0.0408891868
0.0408891868
0.0408891868
0.0408891868
0.0408891868
0.0408891868
0.0408891868
0.0408891868
0.0408836354
0.0408836354
0.0408836354
0.0408836053
0.0408836053
0.0408836053
0.0408836053
0.0408836053
0.0408836053
0.0408836053
0.0408836053
0.0408836053
0.0408836053
0.0408836053
0.0408836053
0.0408836053
0.0408833889
0.0408833889
0.0408833889
0.0408811217
0.0408809053
0.0408809053
0.0408790988
0.0408790988
0.0408790988
0.0408790988
0.0408790988
0.0408790988
0.0408786128
0.0408786128
0.0408780265
0.0408780265
0.0408780265
0.0408780265
0.0408780265
0.0408780265
0.0408780265
0.0408780265
0.0408780265
0.0408780265
0.0408780265
0.0408780265
0.0408780265
0.0408780265
0.0408765324
0.0408765324
0.0408764643
0.0408764643
0.0408764643
0.0408760916
0.0408760234
0.0408760234
0.0408760234
0.0408760234
0.0408754371
0.0408754371
0.0408754371
0.0408754371
0.0408754371
0.0408754371
0.0408754371
0.0408754371
0.0408749815
0.0408749815
0.0408749815
0.0408749815
0.0408749815
0.0408749815
0.0408749815
0.0408749815
0.0408749815
0.0408749815
0.0408749815
0.0408749815
0.0408734726
0.0408734726
0.0408725482
0.0408725482
0.0408725482
0.0408725482
0.0408717534
0.0408717534
0.0408717534
0.0408715325
0.0408715325
0.0408715325
0.0408715325
0.0408646308
0.0408646308
0.0408613960
0.0408613960
0.0408613280
0.0408613280
0.0408613280
0.0408613280
0.0408613280
0.0408613280
0.0408613280
0.0408613280
0.0408613280
0.0408613280
0.0408613280
0.0408613280
0.0408613280
0.0408612585
0.0408612585
0.0408612585
0.0408612585
0.0408612585
0.0408612585
0.0408612585
0.0408612585
0.0408612585
0.0408612585
0.0408612585
0.0408612585
0.0408612585
0.0408612585
0.0408612585
0.0408612128
0.0408612128
0.0408594740
0.0408594740
0.0408594740
0.0408594740
0.0408594740
0.0408591148
0.0408591148
0.0408591148
0.0408591148
0.0408591148
0.0408589736
0.0408589736
0.0408589736
0.0408589736
0.0408589736
0.0408589736
0.0408589736
0.0408589736
0.0408589736
0.0408588576
0.0408588576
0.0408588576
0.0408588576
0.0408588576
0.0408588576
0.0408588576
0.0408588451
0.0408588146
0.0408584129
0.0408583699
0.0408583699
0.0408583699
0.0408583699
0.0408583243
0.0408583243
0.0408583119
0.0408583119
0.0408581076
0.0408580952
0.0408580952
0.0408580952
0.0408580952
0.0408580952
0.0408580952
0.0408580952
0.0408580952
0.0408580952
0.0408580952
0.0408580952
0.0408580952
0.0408580952
0.0408580952
0.0408578019
0.0408578019
0.0408578019
0.0408576614
0.0408576614
0.0408576614
0.0408576614
0.0408574308
0.0408574308
0.0408574308
0.0408574308
0.0408574308
0.0408574308
0.0408574308
0.0408574308
0.0408574308
0.0408574308
0.0408559019
0.0408559019
0.0408559019
0.0408559019
0.0408559019
0.0408559019
0.0408559019
0.0408559019
0.0408559019
0.0408559019
0.0408557038
0.0408557038
0.0408557038
0.0408557038
0.0408557038
0.0408557038
0.0408556814
0.0408556814
0.0408556084
0.0408556084
0.0408540666
0.0408540666
0.0408540666
0.0408531820
0.0408531820
0.0408531820
0.0408531820
0.0408531820
0.0408531820
0.0408531820
0.0408531820
0.0408531820
0.0408531820
0.0408531820
0.0408531820
0.0408531820
0.0408521505
0.0408521505
0.0408521505
0.0408521505
0.0408521505
0.0408521505
0.0408521505
0.0408521505
0.0408521505
0.0408521505
0.0408521505
0.0408521505
0.0408521505
0.0408521505
0.0408521505
0.0408521505
0.0408521505
0.0408521505
0.0408521505
0.0408521505
0.0408521505
0.0408521505
0.0408521505
0.0408521505
0.0408521505
0.0408521505
0.0408521355
0.0408521355
0.0408521355
0.0408521355
0.0408521355
0.0408521355
0.0408514601
0.0408514601
0.0408514601
0.0408514457
0.0408514457
0.0408514457
0.0408513683
0.0408513539
0.0408509903
0.0408509903
0.0408505360
0.0408505216
0.0408505216
0.0408503627
0.0408503627
0.0408503627
0.0408502708
0.0408502708
0.0408502708
0.0408502708
0.0408483390
0.0408482333
0.0408482333
0.0408482333
0.0408477996
0.0408477996
0.0408477996
0.0408477996
0.0408477996
0.0408477996
0.0408477996
0.0408477996
0.0408477996
0.0408477996
0.0408477996
0.0408477996
0.0408477996
0.0408477996
0.0408476202
0.0408476202
0.0408476202
0.0408476202
0.0408473741
0.0408473741
0.0408473741
0.0408473741
0.0408473741
0.0408473741
0.0408473741
0.0408473741
0.0408473741
0.0408473741
0.0408473741
0.0408473741
0.0408427768
0.0408427768
0.0408427768
0.0408427768
0.0408427768
0.0408427768
0.0408427768
0.0408427768
0.0408427768
0.0408427768
0.0408333510
0.0408333510
0.0408324734
0.0408320913
0.0408316734
0.0408316734
0.0408316734
0.0408316734
0.0408316734
0.0408316734
0.0408316734
0.0408316734
0.0408316734
0.0408304811
0.0408304811
0.0408304811
0.0408304811
0.0408304811
0.0408304811
0.0408304811
0.0408304811
0.0408304811
0.0408304811
0.0408304811
0.0408294933
0.0408294933
0.0408294933
0.0408294933
0.0408243415
0.0408243415
0.0408243415
0.0408243415
0.0408243415
0.0408243415
0.0408243415
0.0408243301
0.0408239550
0.0408239550
0.0408232373
0.0408232373
0.0408227176
0.0408227176
0.0408227176
0.0408227176
0.0408227176
0.0408227176
0.0408227176
0.0408227176
0.0408227176
0.0408226012
0.0408214269
0.0408213105
0.0408213105
0.0408213105
0.0408213105
0.0408213105
0.0408202519
0.0408202519
0.0408202519
0.0408202519
0.0408200151
0.0408200151
0.0408200151
0.0408196372
0.0408196372
0.0408196372
0.0408196372
0.0408196372
0.0408196372
0.0408196372
0.0408196372
0.0408196372
0.0408196372
0.0408196372
0.0408196372
0.0408196372
0.0408196372
0.0408196372
0.0408196372
0.0408196372
0.0408196372
0.0408196372
0.0408190559
0.0408190559
0.0408190559
0.0408190559
0.0408190559
0.0408190559
0.0408190559
0.0408190559
0.0408190559
0.0408190559
0.0408190559
0.0408190559
0.0408190559
0.0408190407
0.0408190407
0.0408190407
0.0408190407
0.0408190407
0.0408190407
0.0408190407
0.0408181653
0.0408181653
0.0408181653
0.0408178059
0.0408178059
0.0408178059
0.0408170754
0.0408170754
0.0408170452
0.0408157967
0.0408157967
0.0408138370
0.0408138370
0.0408138370
0.0408138370
0.0408138370
0.0408138149
0.0408137110
0.0408137110
0.0408137110
0.0408137110
0.0408137110
0.0408137110
0.0408136044
0.0408136044
0.0408136044
0.0408136044
0.0408136044
0.0408136044
0.0408136044
0.0408136044
0.0408136044
0.0408136044
0.0408136044
0.0408136044
0.0408136044
0.0408136044
0.0408136044
0.0408134303
0.0408134303
0.0408134303
0.0408134303
0.0408134303
0.0408132166
0.0408132166
0.0408130706
0.0408130706
0.0408130706
0.0408130706
0.0408130706
0.0408130706
0.0408079282
0.0408079282
0.0408079282
0.0408079282
0.0408079282
0.0408079282
0.0408079282
0.0408079282
0.0408079282
0.0408079282
0.0408079282
0.0408079282
0.0408074187
0.0408074187
0.0408074187
0.0408074187
0.0408074187
0.0408074187
0.0408074187
0.0408074187
0.0408074187
0.0408074187
0.0408065815
0.0408061114
0.0408061114
0.0408061114
0.0408061114
0.0408061114
0.0408061114
0.0408061114
0.0408060011
0.0408060011
0.0408052616
0.0408052616
0.0408051513
0.0408051513
0.0408049463
0.0408049463
0.0408014288
0.0408001952
0.0408001952
0.0408001952
0.0408001952
0.0408001952
0.0408001952
0.0408001952
0.0407998267
0.0407998267
0.0407998267
0.0407998267
0.0407998267
0.0407998267
0.0407998267
0.0407998267
0.0407998267
0.0407998267
0.0407998267
0.0407998267
0.0407998267
0.0407998267
0.0407998267
0.0407998267
0.0407998267
0.0407998267
0.0407998267
0.0407995751
0.0407995751
0.0407995751
0.0407992600
0.0407992600
0.0407992600
0.0407992600
0.0407992600
0.0407992600
0.0407992600
0.0407992600
0.0407992600
0.0407992600
0.0407992600
0.0407986884
0.0407986884
0.0407986884
0.0407986884
0.0407986884
0.0407986716
0.0407986716
0.0407829358
0.0407829358
0.0407829358
0.0407829358
0.0407814212
0.0407814212
0.0407814212
0.0407814212
0.0407814212
0.0407814212
0.0407784682
0.0407784682
0.0407784682
0.0407784682
0.0407784274
0.0407784034
0.0407784034
0.0407784034
0.0407784034
0.0407784034
0.0407784034
0.0407784034
0.0407784034
0.0407784034
0.0407784034
0.0407784034
0.0407784034
0.0407779668
0.0407779668
0.0407779668
0.0407779668
0.0407779668
0.0407779668
0.0407779668
0.0407779668
0.0407779668
0.0407715414
0.0407715414
0.0407715414
0.0407715414
0.0407715414
0.0407715414
0.0407710455
0.0407709718
0.0407709718
0.0407709718
0.0407709718
0.0407709718
0.0407709718
0.0407709718
0.0407705019
0.0407705019
0.0407705019
0.0407701449
0.0407701449
0.0407699607
0.0407699607
0.0407699416
0.0407699416
0.0407699416
0.0407699416
0.0407699416
0.0407697679
0.0407697679
0.0407697679
0.0407697679
0.0407697679
0.0407697679
0.0407697679
0.0407697679
0.0407696922
0.0407696922
0.0407696922
0.0407696922
0.0407696922
0.0407696922
0.0407696922
0.0407696922
0.0407696922
0.0407696922
0.0407696922
0.0407696922
0.0407696922
0.0407696922
0.0407696922
0.0407696922
0.0407696922
0.0407696922
0.0407696922
0.0407696922
0.0407692047
0.0407692047
0.0407692047
0.0407691351
0.0407691351
0.0407691351
0.0407691351
0.0407691351
0.0407691351
0.0407691351
0.0407691351
0.0407691351
0.0407691351
0.0407691351
0.0407690848
0.0407690848
0.0407674937
0.0407674937
0.0407674937
0.0407674937
0.0407674937
0.0407674937
0.0407674937
0.0407674937
0.0407674937
0.0407674937
0.0407674937
0.0407670311
0.0407670311
0.0407666363
0.0407666363
0.0407666363
0.0407666363
0.0407666363
0.0407666363
0.0407666363
0.0407665935
0.0407665935
0.0407665935
0.0407665935
0.0407665935
0.0407665935
0.0407665935
0.0407665935
0.0407665935
0.0407665935
0.0407665935
0.0407665935
0.0407665935
0.0407665935
0.0407665935
0.0407665935
0.0407665935
0.0407665935
0.0407665935
0.0407665935
0.0407665935
0.0407665935
0.0407665935
0.0407665935
0.0407665935
0.0407665935
0.0407665935
0.0407665935
0.0407665935
0.0407665935
0.0407475402
0.0407475402
0.0407475402
0.0407475402
0.0407475402
0.0407475402
0.0407475402
0.0406971657
0.0406961550
0.0406548149
0.0406548149
0.0406308546
0.0406025974
0.0406025974
0.0406025974
0.0405889819
0.0405483649
0.0405483649
0.0405479232
0.0405479232
0.0405479232
0.0405476688
0.0405476688
0.0405476688
0.0405476688
0.0405476688
0.0405474957
0.0405474957
0.0405474957
0.0405472976
0.0405469329
0.0405469329
0.0405469329
0.0405468958
0.0405468958
0.0405468958
0.0405468958
0.0405468958
0.0405468958
0.0405419407
0.0405419407
0.0405419407
0.0405419407
0.0405419407
0.0405419407
0.0405416255
0.0405416255
0.0405416255
0.0405416255
0.0405416255
0.0405411106
0.0405411106
0.0405411106
0.0405411106
0.0405411106
0.0405411106
0.0405411106
0.0405411106
0.0405411106
0.0405411106
0.0405411106
0.0405411106
0.0405411106
0.0405411106
0.0405411106
0.0405410663
0.0405410404
0.0405410404
0.0405404599
0.0405399936
0.0405399936
0.0405399936
0.0405399936
0.0405399936
0.0405399936
0.0405399936
0.0405399936
0.0405399936
0.0405399936
0.0405399936
0.0405399936
0.0405399936
0.0405399936
0.0405399936
0.0405399936
0.0405399936
0.0405399936
0.0405399936
0.0405399936
0.0405399936
0.0405399936
0.0405398982
0.0405396994
0.0405396994
0.0405396994
0.0405396994
0.0405396994
0.0405396994
0.0405396994
0.0405396994
0.0405396994
0.0405396994
0.0405396994
0.0405396994
0.0405396994
0.0405301543
0.0405301543
0.0405301543
0.0405301543
0.0405296744
0.0405296744
0.0405296744
0.0405296744
0.0405296744
0.0405296744
0.0405296744
0.0405295332
0.0405295332
0.0405293355
0.0405293355
0.0405287243
0.0405287243
0.0405287243
0.0405287243
0.0405287243
0.0405287243
0.0405287243
0.0405287243
0.0405285655
0.0405285655
0.0405285655
0.0405285655
0.0405285655
0.0405285655
0.0405285655
0.0405285655
0.0405285655
0.0405285655
0.0405285655
0.0405285655
0.0405285655
0.0405285655
0.0405285655
0.0405285655
0.0405271456
0.0405271456
0.0405271456
0.0405271456
0.0405271456
0.0405271456
0.0405271456
0.0405268808
0.0405268808
0.0405268808
0.0405268808
0.0405268808
0.0405268808
0.0405268808
0.0405268808
0.0405268808
0.0405268808
0.0405268808
0.0405268808
0.0405268808
0.0405268808
0.0405268808
0.0405268808
0.0405268808
0.0405268808
0.0405268808
0.0405268808
0.0405268808
0.0405268808
0.0405268808
0.0405268808
0.0405268808
0.0405268808
0.0405268806
0.0405268806
0.0405268806
0.0405268806
0.0405268806
0.0405268806
0.0405268806
0.0405268806
0.0405268806
0.0405268806
0.0405268806
0.0405268806
0.0405268806
0.0405268806
0.0405185928
0.0405185928
0.0405185928
0.0405185928
0.0405185928
0.0405185928
0.0405185928
0.0405185928
0.0405185928
0.0405185928
0.0405184309
0.0405184309
0.0405184309
0.0405184309
0.0405184309
0.0405184309
0.0405184309
0.0405184309
0.0405184309
0.0405184309
0.0405184309
0.0405184309
0.0405184309
0.0405184309
0.0405184309
0.0405184309
0.0405184309
0.0405184309
0.0405184309
0.0405159895
0.0405159895
0.0405159895
0.0405159895
0.0405159895
0.0405154061
0.0405154061
0.0405154061
0.0405154061
0.0405154061
0.0405154061
0.0405154061
0.0405154061
0.0405154061
0.0405154061
0.0405154061
0.0405154061
0.0405154061
0.0405154061
0.0405154061
0.0405154061
0.0405154061
0.0405154061
0.0405149822
0.0405149822
0.0405149822
0.0405149822
0.0405149822
0.0405149822
0.0405149822
0.0405149822
0.0405133703
0.0405133703
0.0405133703
0.0405133703
0.0405132931
0.0405132931
0.0405132931
0.0405132931
0.0405132084
0.0405065280
0.0405065280
0.0405065280
0.0405065280
0.0405065280
0.0405065280
0.0405065280
0.0405065280
0.0405062721
0.0405062591
0.0405005353
0.0405004973
0.0405004973
0.0405004842
0.0405004842
0.0405004842
0.0405004842
0.0405004842
0.0405004842
0.0405004842
0.0405004842
0.0405004842
0.0405004842
0.0405004842
0.0405004842
0.0405004842
0.0404979199
0.0404978498
0.0404978498
0.0404978498
0.0404978498
0.0404978498
0.0404978498
0.0404978498
0.0404977146
0.0404977146
0.0404977146
0.0404947519
0.0404947519
0.0404947519
0.0404947519
0.0404947519
0.0404947519
0.0404947519
0.0404947519
0.0404947519
0.0404947519
0.0404947519
0.0404947519
0.0404947519
0.0404947519
0.0404947519
0.0404947519
0.0404947519
0.0404947519
0.0404947519
0.0404944882
0.0404944882
0.0404853843
0.0404851207
0.0404851207
0.0404851207
0.0404851207
0.0404851207
0.0404851207
0.0404851207
0.0404851207
0.0404851207
0.0404851207
0.0404851207
0.0404851207
0.0404851207
0.0404851207
0.0404850790
0.0404589933
0.0404589516
0.0404589516
0.0404588108
0.0404588108
0.0404588108
0.0404500084
0.0404499667
0.0404499667
0.0404499667
0.0404499667
0.0404425248
0.0404425248
0.0404425207
0.0404425207
0.0404425207
0.0404425207
0.0404425207
0.0404425207
0.0404425207
0.0404425207
0.0404425207
0.0404422962
0.0404422962
0.0404422962
0.0404411692
0.0404411692
0.0404411692
0.0404411692
0.0404411692
0.0404411692
0.0404411692
0.0404411692
0.0404411692
0.0404411692
0.0404411692
0.0404411692
0.0404410758
0.0404410758
0.0404410758
0.0404410758
0.0404410758
0.0404410758
0.0404394985
0.0404394985
0.0404394502
0.0404394502
0.0404394502
0.0404394502
0.0404394502
0.0404391109
0.0404391109
0.0404391109
0.0404391109
0.0404391109
0.0404391109
0.0404391109
0.0404391109
0.0404391109
0.0404389005
0.0404389005
0.0404389005
0.0404389005
0.0404389005
0.0404389005
0.0404389005
0.0404375710
0.0404375710
0.0404375710
0.0404375710
0.0404375710
0.0404375710
0.0404375710
0.0404375710
0.0404375710
0.0404375710
0.0404375710
0.0404349640
0.0404349640
0.0404349640
0.0404349640
0.0404349640
0.0404349640
0.0404349640
0.0404349640
0.0404349640
0.0404349640
0.0404349640
0.0404349640
0.0404349640
0.0404349640
0.0404349640
0.0404349640
0.0404349640
0.0404344380
0.0404344380
0.0404344380
0.0404344380
0.0404344380
0.0404344380
0.0404344380
0.0404344380
0.0404344380
0.0404344380
0.0404343595
0.0404343595
0.0404343595
0.0404343595
0.0404342345
0.0404342345
0.0404342189
0.0404342189
0.0404342189
0.0404342189
0.0404342189
0.0404342189
0.0404342189
0.0404341956
0.0404341956
0.0404341956
0.0404341956
0.0404341956
0.0404341409
0.0404306588
0.0404306588
0.0404306588
0.0404255594
0.0404255594
0.0404248053
0.0404248053
0.0404248053
0.0404248053
0.0404247343
0.0404210103
0.0404201731
0.0404201731
0.0404201731
0.0404201093
0.0404131201
0.0404130542
0.0404129904
0.0404129904
0.0404129904
0.0404129904
0.0404129904
0.0404129904
0.0404129904
0.0404129904
0.0404129904
0.0404129904
0.0404129904
0.0404129904
0.0404129904
0.0404129904
0.0404129904
0.0404129904
0.0404129904
0.0404129904
0.0404129904
0.0404129904
0.0404129904
0.0404129904
0.0404129531
0.0404129531
0.0404092895
0.0404092895
0.0404092895
0.0404053918
0.0404053918
0.0404053918
0.0404051763
0.0404051763
0.0404051763
0.0404051763
0.0404047259
0.0404047259
0.0404047259
0.0404047259
0.0404047259
0.0404047259
0.0404047259
0.0404033194
0.0403950698
0.0403950698
0.0403950698
0.0403950698
0.0403950698
0.0403948846
0.0403948846
0.0403948846
0.0403948846
0.0403948846
0.0403948846
0.0403946749
0.0403946749
0.0403946749
0.0403946749
0.0403946010
0.0403945970
0.0403945231
0.0403945231
0.0403945231
0.0403945231
0.0403945231
0.0403945231
0.0403945231
0.0403945231
0.0403945231
0.0403944694
0.0403933369
0.0403933369
0.0403933369
0.0403924896
0.0403924896
0.0403924896
0.0403924896
0.0403924896
0.0403924896
0.0403918273
0.0403918273
0.0403918273
0.0403918273
0.0403918273
0.0403918273
0.0403918273
0.0403918273
0.0403918273
0.0403918273
0.0403914910
0.0403914910
0.0403914910
0.0403914910
0.0403914910
0.0403905958
0.0403905958
0.0403905958
0.0403905958
0.0403905958
0.0403905958
0.0403904927
0.0403904927
0.0403904927
0.0403904927
0.0403904927
0.0403904927
0.0403904477
0.0403901579
0.0403896917
0.0403896917
0.0403896917
0.0403896917
0.0403896913
0.0403896913
0.0403896913
0.0403896913
0.0403896913
0.0403896913
0.0403837873
0.0403837873
0.0403837873
0.0403837873
0.0403837873
0.0403834369
0.0403834369
0.0403834369
0.0403834369
0.0403834369
0.0403834369
0.0403833025
0.0403833025
0.0403833025
0.0403833025
0.0403833025
0.0403833025
0.0403831099
0.0403831099
0.0403829358
0.0403827432
0.0403827432
0.0403827432
0.0403824116
0.0403824116
0.0403824116
0.0403824116
0.0403824116
0.0403824116
0.0403558373
0.0403558373
0.0403257927
0.0403257927
0.0403257927
0.0403257927
0.0403257927
0.0403237808
0.0403237808
0.0403237808
0.0403237808
0.0403232458
0.0403207219
0.0403201869
0.0403201869
0.0403201869
0.0403201869
0.0403201869
0.0403201869
0.0403201869
0.0403201869
0.0403201869
0.0403201869
0.0403201869
0.0403201869
0.0403201869
0.0403201869
0.0403201869
0.0403201869
0.0403201869
0.0403201869
0.0403201869
0.0403198578
0.0403198578
0.0403198578
0.0403198578
0.0403198578
0.0403198578
0.0403198578
0.0403198578
0.0403154208
0.0403154208
0.0403153347
0.0403153347
0.0403153347
0.0403153347
0.0403153347
0.0403153347
0.0403153347
0.0403152771
0.0403152180
0.0403152180
0.0403152180
0.0402322240
0.0402322240
0.0402322240
0.0402322240
0.0402322240
0.0402322240
0.0402322240
0.0402322240
0.0402322240
0.0402322240
0.0402322240
0.0402322240
0.0402322240
0.0402322240
0.0402322240
0.0402230094
0.0402230094
0.0402228065
0.0402228065
0.0402228065
0.0402226212
0.0402226212
0.0402226212
0.0402225717
0.0402223864
0.0402223864
0.0402223864
0.0402223557
0.0402219578
0.0402219076
0.0402219076
0.0402219076
0.0402219076
0.0402219076
0.0402219076
0.0402219076
0.0402219076
0.0402219076
0.0402219076
0.0402217655
0.0402217655
0.0402216584
0.0402216584
0.0402212415
0.0402212415
0.0402212415
0.0402212415
0.0402212415
0.0402212415
0.0402212415
0.0402212415
0.0402209209
0.0402209209
0.0402209209
0.0402209209
0.0402209209
0.0402209209
0.0402209209
0.0402209209
0.0402209209
0.0402209209
0.0402209209
0.0402201992
0.0402201992
0.0402201992
0.0402201992
0.0402201992
0.0402201992
0.0402201992
0.0402201992
0.0402201992
0.0401557821
0.0401557821
0.0401557821
0.0401557821
0.0401544158
0.0401544158
0.0401544158
0.0401544158
0.0401544158
0.0401544158
0.0401544158
0.0401544158
0.0401544158
0.0401544158
0.0401544158
0.0401544158
0.0401544158
0.0401544158
0.0401544158
0.0401544158
0.0401544158
0.0401544158
0.0401544158
0.0401544158
0.0401544158
0.0401544158
0.0401542313
0.0401542313
0.0401542313
0.0401542313
0.0401542313
0.0401542313
0.0401542313
0.0401540469
0.0401540469
0.0401480458
0.0401480458
0.0401480458
0.0401480458
0.0401480458
0.0400929701
0.0400929701
0.0400929701
0.0400929701
0.0400925015
0.0400925015
0.0400925015
0.0400925015
0.0400925015
0.0400925015
0.0400917202
0.0400917202
0.0400912732
0.0400912732
0.0400868359
0.0400868359
0.0400867290
0.0400867290
0.0400867290
0.0400867290
0.0400867290
0.0400867290
0.0400867166
0.0400867166
0.0400867166
0.0400865523
0.0400865523
0.0400865523
0.0400863245
0.0400859910
0.0400859910
0.0400859026
0.0400859026
0.0400813502
0.0400811859
0.0400811859
0.0400811859
0.0400811859
0.0400811859
0.0400811402
0.0400809051
0.0400809051
0.0400805851
0.0400805851
0.0400805851
0.0400805851
0.0400805851
0.0400805851
0.0400805851
0.0400803328
0.0400803328
0.0400803328
0.0400803328
0.0400803328
0.0400803328
0.0400783998
0.0400783998
0.0400783998
0.0400783998
0.0400780222
0.0400780222
0.0400780222
0.0400779085
0.0400779085
0.0400779085
0.0400757275
0.0400757275
0.0400757275
0.0400757255
0.0400757255
0.0400743301
0.0400743301
0.0400743301
0.0400743301
0.0400743301
0.0400743301
0.0400743301
0.0400727298
0.0400727298
0.0400727298
0.0400727298
0.0400727298
0.0400727298
0.0400727298
0.0400727298
0.0400727298
0.0400723299
0.0400723299
0.0400723299
0.0400723299
0.0400723299
0.0400723299
0.0400722888
0.0400722888
0.0400722888
0.0400722888
0.0400722888
0.0400722888
0.0400722619
0.0400722619
0.0400722619
0.0400722619
0.0400722619
0.0400722619
0.0400722619
0.0400722619
0.0400722619
0.0400722619
0.0400722619
0.0400722619
0.0400714725
0.0400714725
0.0400714725
0.0400714725
0.0400714725
0.0400547099
0.0400547099
0.0400547099
0.0400547099
0.0400547099
0.0400547099
0.0400545501
0.0400543236
0.0400543236
0.0400543236
0.0400543236
0.0400543236
0.0400543236
0.0400543236
0.0400543236
0.0400543236
0.0400524703
0.0400524703
0.0400524703
0.0400522724
0.0400522724
0.0400522724
0.0400522724
0.0400522724
0.0400522724
0.0400522724
0.0400522724
0.0400522724
0.0400522724
0.0400522724
0.0400522724
0.0400522724
0.0400522724
0.0400522724
0.0400520885
0.0400520885
0.0400520885
0.0400520885
0.0400516963
0.0400516963
0.0400516963
0.0400516963
0.0400451757
0.0400451757
0.0400451757
0.0400451757
0.0400451757
0.0400451757
0.0400451757
0.0400451757
0.0400451757
0.0400451757
0.0400451757
0.0400451585
0.0400451141
0.0400451141
0.0400451141
0.0400451141
0.0400451141
0.0400451141
0.0400451141
0.0400451141
0.0400451141
0.0400451141
0.0400451141
0.0400448583
0.0400448583
0.0400448583
0.0400448583
0.0400441937
0.0400404432
0.0400404432
0.0400402471
0.0400402471
0.0400393346
0.0400393346
0.0400393346
0.0400393346
0.0400393346
0.0400393346
0.0400393346
0.0400393346
0.0400393346
0.0400393346
0.0400393346
0.0400393346
0.0400393346
0.0400393001
0.0400383884
0.0400242678
0.0400242332
0.0400242332
0.0400242332
0.0400227154
0.0400175531
0.0400175531
0.0400175531
0.0400175531
0.0400175531
0.0400175531
0.0400175531
0.0400162057
0.0400162057
0.0400162057
0.0400106476
0.0399846386
0.0399846386
0.0399691133
0.0399691133
0.0399691133
0.0399675813
0.0399032706
0.0399032706
0.0399032706
0.0399032706
0.0399029454
0.0399029454
0.0399029454
0.0399029454
0.0399028323
0.0399028323
0.0399028323
0.0399028323
0.0399028323
0.0399025235
0.0399025235
0.0399025235
0.0399025235
0.0399025235
0.0399025235
0.0399025235
0.0399025235
0.0399025235
0.0399025235
0.0399025235
0.0399025235
0.0399025235
0.0399025235
0.0399025235
0.0399025235
0.0399025235
0.0399025235
0.0399025235
0.0399025235
0.0399025235
0.0399025235
0.0399025235
0.0399025235
0.0399025235
0.0399025235
0.0399025235
0.0399025235
0.0399025235
0.0399025235
0.0399025235
0.0399025235
0.0399025235
0.0399025235
0.0399025235
0.0399025235
0.0399025235
0.0399025235
0.0399025235
0.0399025235
0.0399025235
0.0399025235
0.0399025235
0.0399025235
0.0399022860
0.0399022860
0.0399022860
0.0399022860
0.0399022674
0.0399020964
0.0399020964
0.0399020964
0.0399020964
0.0399020964
0.0399017131
0.0399017131
0.0399017131
0.0399017131
0.0399017131
0.0399017131
0.0399017131
0.0399017131
0.0399017131
0.0399017131
0.0399017131
0.0399017131
0.0399017131
0.0399017131
0.0399017131
0.0399017131
0.0398947312
0.0398947312
0.0398947312
0.0398947312
0.0398947312
0.0398947312
0.0398947312
0.0398947312
0.0398941462
0.0398941462
0.0398941462
0.0398941462
0.0398941462
0.0398911093
0.0398911093
0.0398911093
0.0398911093
0.0398911093
0.0398911093
0.0398911093
0.0398911093
0.0398911093
0.0398911093
0.0398911093
0.0398911093
0.0398906640
0.0398906640
0.0398906640
0.0398906640
0.0398906640
0.0398906640
0.0398906640
0.0398906640
0.0398906640
0.0398862142
0.0398862142
0.0398862142
0.0398821623
0.0398821623
0.0398792418
0.0398792418
0.0398792418
0.0398792418
0.0398792418
0.0398792418
0.0398792418
0.0398792418
0.0398790921
0.0398790921
0.0398687328
0.0398687328
0.0398687328
0.0398687328
0.0398685334
0.0398685334
0.0398685334
0.0398684336
0.0398682672
0.0398682672
0.0398682672
0.0398682672
0.0398682672
0.0398682672
0.0398682672
0.0398682672
0.0398682552
0.0398682552
0.0398682552
0.0398677324
0.0398677324
0.0398654326
0.0398654206
0.0398654206
0.0398652218
0.0398652218
0.0398652218
0.0398651540
0.0398651540
0.0398649002
0.0398649002
0.0398649002
0.0398649002
0.0398649002
0.0398587108
0.0398587108
0.0398522111
0.0398522111
0.0398522111
0.0398522111
0.0398522111
0.0398522111
0.0398522111
0.0398522111
0.0398522111
0.0398522111
0.0398522111
0.0398520968
0.0398519310
0.0398519310
0.0398519310
0.0398519310
0.0398519310
0.0398519310
0.0398519310
0.0398519310
0.0398519310
0.0398519310
0.0398519310
0.0398519310
0.0398519310
0.0398519310
0.0398519310
0.0398517464
0.0398517464
0.0398499827
0.0398499827
0.0398499827
0.0398499827
0.0398499827
0.0398499827
0.0398499827
0.0398499827
0.0398499524
0.0398499524
0.0398499524
0.0398499524
0.0398499524
0.0398499524
0.0398499524
0.0398499524
0.0398499524
0.0398499524
0.0398499524
0.0398499524
0.0398499524
0.0398499524
0.0398499524
0.0398499524
0.0398499524
0.0398499524
0.0398499524
0.0398499524
0.0398499524
0.0398499524
0.0398499524
0.0398499524
0.0398499524
0.0398499524
0.0398499524
0.0398499524
0.0398499524
0.0398499524
0.0398499524
0.0398497364
0.0398497364
0.0398494385
0.0398494385
0.0398494385
0.0398494385
0.0398494385
0.0398494385
0.0398494385
0.0398494385
0.0398494385
0.0398491548
0.0398491548
0.0398491548
0.0398491548
0.0398491548
0.0398491548
0.0398491548
0.0398490466
0.0398484744
0.0398484744
0.0398484744
0.0398484744
0.0398463729
0.0398463729
0.0398463729
0.0398463729
0.0398463729
0.0398463729
0.0398463729
0.0398452339
0.0398452339
0.0398452339
0.0398452339
0.0398452339
0.0398452339
0.0398452339
0.0398452339
0.0398452339
0.0398452339
0.0398452339
0.0398451998
0.0398451998
0.0398451998
0.0398451998
0.0398451998
0.0398451998
0.0398451998
0.0398451998
0.0398451998
0.0398451998
0.0398451998
0.0398449419
0.0398449419
0.0398449419
0.0398449419
0.0398449419
0.0398449419
0.0398447693
0.0398447693
0.0398447693
0.0398447693
0.0398447693
0.0398447693
0.0398447693
0.0398447693
0.0398447693
0.0398435975
0.0398435975
0.0398435975
0.0398435975
0.0398435975
0.0398435975
0.0398434266
0.0398434266
0.0398434266
0.0398431112
0.0398424117
0.0398420963
0.0398420963
0.0398420963
0.0398420963
0.0398418358
0.0398418358
0.0398418358
0.0398418358
0.0398418358
0.0398418358
0.0398418358
0.0398418358
0.0398418358
0.0398418358
0.0398418358
0.0398418358
0.0398418358
0.0398418358
0.0398418358
0.0398418358
0.0398418358
0.0398416687
0.0398416687
0.0398416687
0.0398416687
0.0398395126
0.0398395126
0.0398395126
0.0398395126
0.0398395126
0.0398393847
0.0398393847
0.0398393847
0.0398393847
0.0398393847
0.0398393847
0.0398393583
0.0398393583
0.0398393583
0.0398393583
0.0398393583
0.0398393583
0.0398393583
0.0398357226
0.0398357226
0.0398357226
0.0398357020
0.0398357020
0.0398357020
0.0398357020
0.0398357020
0.0398355310
0.0398355310
0.0398355310
0.0398355310
0.0398355310
0.0398355310
0.0398355265
0.0398349755
0.0398345840
0.0398345840
0.0398345795
0.0398345795
0.0398345795
0.0398345795
0.0398345795
0.0398345795
0.0398345795
0.0398345795
0.0398345795
0.0398304531
0.0398304531
0.0398304531
0.0398304531
0.0398304531
0.0398304531
0.0398214595
0.0398214595
0.0398214595
0.0398214595
0.0398214595
0.0397876400
0.0397875834
0.0397875834
0.0397875834
0.0397875834
0.0397776515
0.0397776515
0.0397775630
0.0397775630
0.0397668327
0.0397668327
0.0397668024
0.0397668024
0.0397668024
0.0397668024
0.0397663716
0.0397663716
0.0397663716
0.0397663716
0.0397472638
0.0397472638
0.0397472638
0.0397469643
0.0397469643
0.0397469643
0.0397469643
0.0397469643
0.0397469643
0.0397469643
0.0397469643
0.0397469535
0.0397469535
0.0397469535
0.0397469535
0.0397469535
0.0397414225
0.0397413132
0.0397413132
0.0397401219
0.0397401219
0.0397401219
0.0397401219
0.0397401219
0.0397399724
0.0397399724
0.0397399724
0.0397399074
0.0397399074
0.0397399074
0.0397399074
0.0397399074
0.0397399074
0.0397399074
0.0397398880
0.0397398880
0.0397398880
0.0397397510
0.0397397510
0.0397397510
0.0397397510
0.0397390738
0.0397390738
0.0397107674
0.0397107674
0.0397107605
0.0397107605
0.0397104685
0.0397104685
0.0397101606
0.0396883762
0.0396877763
0.0396877763
0.0396877763
0.0396877763
0.0396877763
0.0396873097
0.0396873097
0.0396863122
0.0396862196
0.0396862196
0.0396862196
0.0396862196
0.0396859384
0.0396859384
0.0396853140
0.0396853140
0.0396853140
0.0396853140
0.0396853140
0.0396853140
0.0396817817
0.0396817817
0.0396817817
0.0396817817
0.0396817817
0.0396817817
0.0396817817
0.0396817817
0.0396815018
0.0396815018
0.0396815018
0.0396815018
0.0396815018
0.0396815018
0.0396815018
0.0396809260
0.0396809260
0.0396809260
0.0396809260
0.0396809260
0.0396809260
0.0396788585
0.0396788585
0.0396788585
0.0396788585
0.0396788585
0.0396788585
0.0396788585
0.0396788585
0.0396788585
0.0396788585
0.0396788585
0.0396788585
0.0396788585
0.0396781827
0.0396781827
0.0396781827
0.0396781827
0.0396781827
0.0396781827
0.0396781827
0.0396781827
0.0396781827
0.0396780352
0.0396779955
0.0396779955
0.0396779423
0.0396779423
0.0396779423
0.0396779423
0.0396779423
0.0396779423
0.0396779423
0.0396779423
0.0396779423
0.0396779423
0.0396779054
0.0396779054
0.0396779054
0.0396779054
0.0396779054
0.0396779054
0.0396779054
0.0396779054
0.0396779054
0.0396777345
0.0396777345
0.0396777345
0.0396777345
0.0396777345
0.0396777345
0.0396776156
0.0396776156
0.0396776156
0.0396776156
0.0396776156
0.0396776156
0.0396776156
0.0396776156
0.0396776156
0.0396769170
0.0396769170
0.0396769170
0.0396769170
0.0396769170
0.0396294669
0.0396289424
0.0396289424
0.0396289424
0.0396289424
0.0396289424
0.0396289424
0.0396289424
0.0396289424
0.0396289424
0.0396288710
0.0396286782
0.0396286782
0.0396286782
0.0396286782
0.0396286782
0.0396286782
0.0396281137
0.0396281137
0.0396280355
0.0396280355
0.0396273003
0.0396273003
0.0396273003
0.0396273003
0.0396273003
0.0396273003
0.0396273003
0.0396271869
0.0396253044
0.0396253044
0.0396253044
0.0396252955
0.0396252955
0.0396252955
0.0396252955
0.0396252955
0.0396252955
0.0396252955
0.0396252955
0.0396252216
0.0396252216
0.0396252216
0.0396252216
0.0396252216
0.0396250899
0.0396250899
0.0396204522
0.0396203205
0.0396200713
0.0396200713
0.0396200713
0.0396200713
0.0396199207
0.0396199207
0.0396199207
0.0396199207
0.0396199207
0.0396198060
0.0396198060
0.0396198060
0.0396198060
0.0396198060
0.0396198060
0.0396198060
0.0396198060
0.0396198060
0.0396198060
0.0396198060
0.0396198060
0.0396194431
0.0396179176
0.0396178567
0.0396176591
0.0396176591
0.0396176591
0.0396170961
0.0396170961
0.0396170961
0.0396170961
0.0396170961
0.0396170961
0.0396170961
0.0396165819
0.0396165819
0.0396165819
0.0396165819
0.0396165819
0.0396165819
0.0396165819
0.0396165819
0.0396165819
0.0396165819
0.0396149644
0.0396149644
0.0396149644
0.0396147419
0.0396145604
0.0396145604
0.0396135488
0.0396126960
0.0396124735
0.0396124735
0.0396105052
0.0396091878
0.0396090063
0.0396090063
0.0396090063
0.0396090063
0.0396090063
0.0396090063
0.0396090063
0.0396090063
0.0396083300
0.0396083300
0.0396083300
0.0396083300
0.0396083300
0.0396081438
0.0396081438
0.0396081438
0.0396081438
0.0396081438
0.0396081438
0.0396081438
0.0396081438
0.0396080909
0.0396080909
0.0396080909
0.0396080909
0.0396080909
0.0396080909
0.0396080909
0.0396080909
0.0396080909
0.0396065516
0.0396065516
0.0396065516
0.0396065516
0.0396065516
0.0396065516
0.0396065516
0.0396065516
0.0396065516
0.0396065516
0.0396065516
0.0396065516
0.0396065516
0.0396065516
0.0396065516
0.0396065065
0.0396065065
0.0396065065
0.0396065065
0.0396065065
0.0396063056
0.0395951578
0.0395951578
0.0395951578
0.0395949447
0.0395949447
0.0395947438
0.0395947438
0.0395947438
0.0395942214
0.0395942214
0.0395942214
0.0395942214
0.0395942214
0.0395942214
0.0395942214
0.0395942214
0.0395940340
0.0395940340
0.0395940340
0.0395940340
0.0395940340
0.0395940340
0.0395914770
0.0395914770
0.0395914770
0.0395914770
0.0395911960
0.0395911960
0.0395911960
0.0395911960
0.0395911960
0.0395911960
0.0395911960
0.0395911960
0.0395911960
0.0395911960
0.0395911960
0.0395911960
0.0395911960
0.0395911960
0.0395911960
0.0395911540
0.0395911540
0.0395911312
0.0395911312
0.0395911312
0.0395911312
0.0395911312
0.0395911312
0.0395911312
0.0395859501
0.0395851469
0.0395851469
0.0395851469
0.0395851469
0.0395851469
0.0395851469
0.0395851469
0.0395851469
0.0395851469
0.0395850803
0.0395850803
0.0395850803
0.0395850803
0.0395850803
0.0395850803
0.0395850803
0.0395850803
0.0395850803
0.0395850803
0.0395850803
0.0395850803
0.0395850803
0.0395850803
0.0395850803
0.0395847559
0.0395847559
0.0395847559
0.0395847559
0.0395847559
0.0395847559
0.0395847559
0.0395847559
0.0395845950
0.0394893482
0.0394893482
0.0394893482
0.0394887180
0.0394887180
0.0394887180
0.0394887180
0.0394887180
0.0394887180
0.0394887180
0.0394887180
0.0394887180
0.0394887180
0.0394882006
0.0394882006
0.0394882006
0.0394882006
0.0394882006
0.0394463472
0.0394460801
0.0394460190
0.0394460190
0.0394455350
0.0394455350
0.0394455350
0.0394455350
0.0394455350
0.0394455350
0.0394455350
0.0394455350
0.0394455350
0.0394440441
0.0393790616
0.0393790616
0.0393790616
0.0393790616
0.0393790616
0.0393790616
0.0393790616
0.0393790616
0.0393790616
0.0393790616
0.0393790616
0.0393781741
0.0393781741
0.0393781741
0.0393781741
0.0393780872
0.0393780872
0.0393780872
0.0393780872
0.0393780872
0.0393780872
0.0393780872
0.0393776759
0.0393776759
0.0393364675
0.0393364675
0.0393364675
0.0393364675
0.0393364675
0.0393364279
0.0393364279
0.0393358708
0.0393358708
0.0393356877
0.0393356877
0.0393356877
0.0393356877
0.0393356877
0.0393356877
0.0393356877
0.0393356877
0.0393356877
0.0393356877
0.0393356877
0.0393356877
0.0393356877
0.0393309898
0.0393309898
0.0393309898
0.0393309898
0.0393309898
0.0393309898
0.0393309898
0.0393309047
0.0393309047
0.0393284864
0.0393284864
0.0393284864
0.0393284864
0.0393284864
0.0393284864
0.0393284864
0.0393284864
0.0393284864
0.0393284864
0.0393284864
0.0393284864
0.0393284864
0.0393284864
0.0393284864
0.0393279411
0.0393278777
0.0393278777
0.0393278777
0.0393278777
0.0393278777
0.0393278777
0.0393278777
0.0393278777
0.0393278777
0.0393278777
0.0393278777
0.0393278777
0.0393278777
0.0393278777
0.0393278777
0.0393278777
0.0393278777
0.0393278777
0.0393278777
0.0393278777
0.0393278777
0.0393278777
0.0393278777
0.0393278777
0.0393278777
0.0393278777
0.0393278777
0.0393278777
0.0393278777
0.0393278777
0.0393278777
0.0393278777
0.0393277581
0.0393277581
0.0393277581
0.0393277581
0.0393277581
0.0393277581
0.0393277581
0.0393277581
0.0393238725
0.0393238725
0.0393238725
0.0393238725
0.0393238725
0.0393238725
0.0393238725
0.0393238725
0.0393238725
0.0393238725
0.0393238725
0.0393238725
0.0393238725
0.0393238725
0.0393238725
0.0393238725
0.0393238725
0.0393238547
0.0393238547
0.0393238547
0.0393238547
0.0393238547
0.0393238547
0.0393238547
0.0393238547
0.0393238547
0.0393238547
0.0393238547
0.0393238547
0.0393238547
0.0393235296
0.0393235296
0.0393235296
0.0393235296
0.0393235296
0.0393235228
0.0393235228
0.0393235228
0.0393235228
0.0393235228
0.0393235228
0.0393235228
0.0393235008
0.0393235008
0.0393235008
0.0393235008
0.0393235008
0.0393235008
0.0393235008
0.0393235008
0.0393235008
0.0393235008
0.0393235008
0.0393235008
0.0393235008
0.0393235008
0.0393235008
0.0393232667
0.0393232667
0.0393232667
0.0393232667
0.0393232667
0.0393232667
0.0393135868
0.0393135868
0.0393135868
0.0393108626
0.0393106402
0.0393106402
0.0393106402
0.0393106402
0.0393106402
0.0393106402
0.0393106402
0.0393106402
0.0393099736
0.0393099736
0.0393099736
0.0393099736
0.0393099736
0.0393099736
0.0393099736
0.0393099736
0.0393099736
0.0393099736
0.0393099736
0.0393096609
0.0393096609
0.0393096609
0.0393096609
0.0393096609
0.0393096609
0.0393096609
0.0393096609
0.0393096609
0.0393096609
0.0393096609
0.0393096609
0.0393096609
0.0393096609
0.0393096609
0.0393096609
0.0393096609
0.0393096609
0.0393096609
0.0393096609
0.0393096609
0.0393096609
0.0393094841
0.0393094841
0.0393094841
0.0393094841
0.0393094841
0.0393094841
0.0393094841
0.0393094841
0.0393087124
0.0392934743
0.0392934743
0.0392934743
0.0392934743
0.0392934743
0.0392934743
0.0392934743
0.0392934743
0.0392934743
0.0392934743
0.0392934743
0.0392934743
0.0392934743
0.0392934506
0.0392934506
0.0392934506
0.0392934506
0.0392934506
0.0392934506
0.0392934506
0.0392934506
0.0392934506
0.0392934506
0.0392934506
0.0392934506
0.0392934506
0.0392934506
0.0392934506
0.0392934506
0.0392934506
0.0392934506
0.0392934506
0.0392934506
0.0392934506
0.0392934506
0.0392934506
0.0392879616
0.0392879616
0.0392879616
0.0392879616
0.0392879616
0.0392879616
0.0392879616
0.0392879616
0.0392879616
0.0392879616
0.0392879616
0.0392879616
0.0392879616
0.0392874986
0.0392874986
0.0392874986
0.0392874986
0.0392874986
0.0392874986
0.0392874801
0.0392874801
0.0392874608
0.0392872438
0.0392866962
0.0392866962
0.0392866962
0.0392866962
0.0392399527
0.0392399527
0.0392394833
0.0392394833
0.0392394833
0.0392394833
0.0392394833
0.0392394833
0.0392394833
0.0392394833
0.0392394833
0.0392394833
0.0392394833
0.0392393917
0.0392391241
0.0392391241
0.0392391241
0.0392391241
0.0392391241
0.0392391241
0.0392391241
0.0392391241
0.0392391241
0.0392391241
0.0392391241
0.0392391241
0.0392391241
0.0392391241
0.0392391241
0.0392391241
0.0392391241
0.0392388234
0.0392374165
0.0392374165
0.0392374165
0.0392374165
0.0392374165
0.0392374165
0.0392372647
0.0392372647
0.0392371863
0.0392371863
0.0392371863
0.0392371863
0.0392371863
0.0392371863
0.0392371863
0.0392371863
0.0392371863
0.0392371863
0.0391858358
0.0391858358
0.0391858358
0.0391785668
0.0391785668
0.0391785668
0.0391785668
0.0391785668
0.0391785668
0.0391785668
0.0391785668
0.0391785668
0.0391784476
0.0391784476
0.0391784476
0.0391784476
0.0391784326
0.0391784326
0.0391767868
0.0391767868
0.0391767868
0.0391767868
0.0391767868
0.0391767868
0.0391767239
0.0391767239
0.0391767239
0.0391767239
0.0391757891
0.0391757891
0.0391757891
0.0391757891
0.0391757891
0.0391757891
0.0391757891
0.0391757891
0.0391757891
0.0391757891
0.0391757891
0.0391757891
0.0391757891
0.0391757891
0.0391757891
0.0391757891
0.0391757891
0.0391757891
0.0391757623
0.0391757623
0.0391757623
0.0391757623
0.0391756162
0.0391756162
0.0391754671
0.0391754671
0.0391754671
0.0391754671
0.0391754671
0.0391754671
0.0391754671
0.0391754671
0.0391754671
0.0391754671
0.0391754671
0.0391754671
0.0391754671
0.0391754671
0.0391754671
0.0391754671
0.0391754671
0.0391754671
0.0391754671
0.0391754671
0.0391754671
0.0391754671
0.0391754671
0.0391738033
0.0391738033
0.0391738033
0.0391369483
0.0391337273
0.0391337273
0.0391337273
0.0391337273
0.0391306991
0.0391306991
0.0391301635
0.0391301635
0.0391301635
0.0391301635
0.0391301635
0.0391301635
0.0391295664
0.0391295664
0.0391275965
0.0391198093
0.0391198093
0.0391192122
0.0391190179
0.0391190179
0.0391190179
0.0391190179
0.0391190179
0.0391184820
0.0391184820
0.0391183615
0.0391183615
0.0391183615
0.0391181560
0.0391181560
0.0391181560
0.0391181560
0.0391181560
0.0391173559
0.0391173559
0.0391173559
0.0391173559
0.0391173559
0.0391173559
0.0391137874
0.0391137874
0.0391137874
0.0391137874
0.0391137874
0.0391137874
0.0391137874
0.0391137874
0.0391137874
0.0391137874
0.0391137874
0.0391137874
0.0391100535
0.0391100535
0.0391100535
0.0391100535
0.0391100535
0.0391099568
0.0391099528
0.0391099528
0.0391041972
0.0391040965
0.0391040965
0.0391040965
0.0391040965
0.0391040965
0.0391040965
0.0391040965
0.0391040965
0.0391040965
0.0391040965
0.0391040965
0.0391040965
0.0391040965
0.0391040965
0.0391040965
0.0391038558
0.0391038558
0.0391038558
0.0391038558
0.0391038558
0.0391038558
0.0391038558
0.0391038558
0.0391038558
0.0391038558
0.0391038558
0.0391038558
0.0391038558
0.0391038558
0.0391038558
0.0391038558
0.0391038558
0.0391038558
0.0391038558
0.0391038223
0.0391038223
0.0391038223
0.0391038223
0.0391038223
0.0391038223
0.0391038223
0.0391038223
0.0391038223
0.0391038223
0.0391036519
0.0390794547
0.0390794547
0.0390794547
0.0390794547
0.0390733083
0.0390733083
0.0390733083
0.0390733083
0.0390733083
0.0390733083
0.0390733083
0.0390733083
0.0390733083
0.0390733083
0.0390733083
0.0390733083
0.0390733083
0.0390733083
0.0390733083
0.0390732548
0.0390732548
0.0390499385
0.0390498851
0.0390498851
0.0390498851
0.0390498851
0.0390498851
0.0390498851
0.0390498851
0.0390498851
0.0390498851
0.0390498851
0.0390498851
0.0390498851
0.0390498851
0.0390498851
0.0390498851
0.0390498851
0.0390489311
0.0390489311
0.0390486527
0.0390486527
0.0390486362
0.0390483578
0.0390483578
0.0390452207
0.0390449422
0.0390449422
0.0390449422
0.0390449422
0.0390449422
0.0390449422
0.0390449422
0.0390449422
0.0390449422
0.0390449422
0.0390421353
0.0390421353
0.0390410685
0.0390410685
0.0390410685
0.0390410685
0.0390410685
0.0390410685
0.0390409424
0.0390409424
0.0390409424
0.0390409424
0.0390409424
0.0390409424
0.0390409424
0.0390339010
0.0390290330
0.0390290330
0.0390290330
0.0390290330
0.0390290330
0.0390290330
0.0390290330
0.0390290330
0.0390290330
0.0390290330
0.0390290330
0.0390290330
0.0390288673
0.0390288673
0.0390288673
0.0390288673
0.0390288673
0.0390286845
0.0390286845
0.0390286845
0.0390258726
0.0390258726
0.0390258726
0.0390258726
0.0390254827
0.0390254827
0.0390254827
0.0390254827
0.0390254827
0.0390254827
0.0390254827
0.0390254827
0.0390254827
0.0390254827
0.0390254827
0.0390254827
0.0390254827
0.0390254827
0.0390254827
0.0390254827
0.0390254827
0.0390254827
0.0390254827
0.0390254827
0.0390254827
0.0390254827
0.0390254827
0.0390254827
0.0390254827
0.0390254827
0.0390254827
0.0390254827
0.0390254827
0.0390241059
0.0390241059
0.0390241059
0.0390241059
0.0390241059
0.0390241059
0.0390241059
0.0390241059
0.0390241059
0.0390241059
0.0390241059
0.0390241059
0.0390241059
0.0390241059
0.0390241059
0.0390241059
0.0390241059
0.0390241059
0.0390241059
0.0390241059
0.0390241059
0.0390241059
0.0390241059
0.0390241059
0.0390241059
0.0390240238
0.0390240238
0.0390240238
0.0390240238
0.0390240238
0.0390240238
0.0390025331
0.0390010830
0.0390010830
0.0390010830
0.0390010830
0.0390010830
0.0390009197
0.0390009197
0.0390003549
0.0390003549
0.0390003492
0.0389991158
0.0389991101
0.0389991101
0.0389991101
0.0389991101
0.0389991101
0.0389991101
0.0389991101
0.0389991101
0.0389991021
0.0389991021
0.0389991021
0.0389991021
0.0389991021
0.0389991021
0.0389991021
0.0389991021
0.0389991021
0.0389991021
0.0389990110
0.0389990110
0.0389990110
0.0389990110
0.0389990110
0.0389990110
0.0389990110
0.0389990110
0.0389990110
0.0389990110
0.0389990110
0.0389987241
0.0389987241
0.0389987241
0.0389987241
0.0389987241
0.0389987241
0.0389987241
0.0389987241
0.0389987241
0.0389987241
0.0389958333
0.0389952129
0.0389952129
0.0389894784
0.0389894784
0.0389894089
0.0389894089
0.0389894089
0.0389894089
0.0389893475
0.0389893475
0.0389893475
0.0389893475
0.0389893475
0.0389893475
0.0389891142
0.0389891142
0.0389891142
0.0389891142
0.0389891142
0.0389886996
0.0389886996
0.0389886996
0.0389886996
0.0389886996
0.0389886996
0.0389886996
0.0389886996
0.0389886996
0.0389886996
0.0389886996
0.0389886996
0.0389886309
0.0389886309
0.0389886309
0.0389886309
0.0389838357
0.0389838357
0.0389838357
0.0389838357
0.0389838357
0.0389838357
0.0389838357
0.0389838357
0.0389830872
0.0389830872
0.0389830872
0.0389830872
0.0389830872
0.0389830872
0.0389830872
0.0389830872
0.0389830872
0.0389830872
0.0389830872
0.0389830872
0.0389830872
0.0389751228
0.0389745704
0.0389745704
0.0389742507
0.0389742507
0.0389742507
0.0389735381
0.0389735381
0.0389735381
0.0389735381
0.0389735381
0.0389162681
0.0389161786
0.0389161786
0.0389160440
0.0389160440
0.0389160440
0.0389160440
0.0389160440
0.0389160440
0.0389160440
0.0389160440
0.0389160440
0.0389159779
0.0389159779
0.0389159779
0.0389159779
0.0389159779
0.0389159779
0.0389159779
0.0389159779
0.0389159779
0.0389159779
0.0389159779
0.0389159779
0.0389150999
0.0389029105
0.0389029105
0.0389029105
0.0389029105
0.0389029105
0.0389029105
0.0389029105
0.0389029105
0.0389029105
0.0389029105
0.0389029105
0.0389029105
0.0389029105
0.0389029105
0.0389029105
0.0389029105
0.0389029105
0.0389029105
0.0389029105
0.0389029105
0.0389029105
0.0389029105
0.0389029105
0.0389028473
0.0389028473
0.0389028473
0.0389028473
0.0389028473
0.0389028473
0.0389028473
0.0389024592
0.0389024592
0.0389024592
0.0389024592
0.0389024592
0.0389024592
0.0389015900
0.0389015855
0.0389015855
0.0389015855
0.0389015855
0.0389015855
0.0389015855
0.0389015855
0.0389015855
0.0389015855
0.0389015855
0.0389015855
0.0389015855
0.0389015855
0.0389015855
0.0389015855
0.0389015855
0.0389015855
0.0389015855
0.0388563737
0.0388563737
0.0388563737
0.0388563737
0.0388563737
0.0388563737
0.0388563737
0.0388563737
0.0388563737
0.0388563737
0.0388563737
0.0388563737
0.0388563737
0.0388563737
0.0388563737
0.0388563737
0.0388563737
0.0388563737
0.0388563737
0.0388563737
0.0388545721
0.0388545721
0.0388403783
0.0388403783
0.0388403783
0.0388403783
0.0388403783
0.0388401627
0.0388401627
0.0388401627
0.0388401627
0.0388401627
0.0388401627
0.0388401627
0.0388401627
0.0388401627
0.0388401627
0.0388401627
0.0388401627
0.0388399730
0.0388399730
0.0388399730
0.0388399730
0.0388399730
0.0388399730
0.0388399730
0.0388399730
0.0388399730
0.0388391976
0.0388391976
0.0388391976
0.0388391749
0.0388391749
0.0388391749
0.0388391749
0.0388391749
0.0388391749
0.0388391749
0.0388391749
0.0388391749
0.0388391749
0.0388391749
0.0388391749
0.0388391749
0.0388384994
0.0388384994
0.0388384994
0.0388384994
0.0388384994
0.0388384994
0.0388384994
0.0388384994
0.0388384994
0.0388255506
0.0388255506
0.0388109866
0.0388109866
0.0388109866
0.0388109866
0.0388109866
0.0388109866
0.0388109866
0.0388109866
0.0388109866
0.0388109866
0.0388109866
0.0388109866
0.0388109866
0.0388109866
0.0387184318
0.0387184318
0.0387182640
0.0387182640
0.0387182640
0.0387182640
0.0387182640
0.0387182640
0.0387181412
0.0387181412
0.0387181412
0.0387181412
0.0387180582
0.0387180582
0.0387180582
0.0387159205
0.0387159205
0.0387159205
0.0387159205
0.0387159205
0.0387159205
0.0387159205
0.0387159205
0.0387127812
0.0387127812
0.0387127812
0.0387125729
0.0387125729
0.0387125729
0.0387125729
0.0387125729
0.0387125729
0.0387125729
0.0387125729
0.0387125729
0.0387125729
0.0387125729
0.0387125729
0.0387125729
0.0387125729
0.0387125729
0.0387125729
0.0387125729
0.0387125729
0.0387098656
0.0387098656
0.0385933563
0.0385933563
0.0385919782
0.0385919782
0.0385514058
0.0385505868
0.0385505868
0.0385505868
0.0385505868
0.0385505868
0.0385502257
0.0385502257
0.0385502257
0.0385502257
0.0385502257
0.0385499201
0.0385499201
0.0385499201
0.0385499201
0.0385499201
0.0385499201
0.0385499201
0.0385499201
0.0385499201
0.0385499201
0.0385499201
0.0385499201
0.0385499201
0.0385491204
0.0385491204
0.0385488358
0.0385488358
0.0385488358
0.0385488358
0.0385488358
0.0385488358
0.0385488358
0.0385488358
0.0385488358
0.0385488358
0.0385488358
0.0385488358
0.0385488358
0.0385488358
0.0385488358
0.0385488358
0.0385488358
0.0385488358
0.0385488358
0.0385488358
0.0385488358
0.0385488358
0.0385488358
0.0385486120
0.0385486120
0.0385486120
0.0385486120
0.0385486120
0.0385484119
0.0385484119
0.0385484119
0.0385484119
0.0385484119
0.0385484119
0.0385406239
0.0385406239
0.0385400951
0.0385400951
0.0385400951
0.0385400951
0.0385400951
0.0385400951
0.0385400951
0.0385400951
0.0385400951
0.0385400951
0.0385400951
0.0385400951
0.0385400951
0.0385400951
0.0385400951
0.0385400951
0.0385400951
0.0385400951
0.0385400951
0.0385400951
0.0385400951
0.0385399808
0.0385399808
0.0385396469
0.0385396469
0.0385396469
0.0385396469
0.0385396469
0.0385396469
0.0385396469
0.0385396469
0.0385396469
0.0385396469
0.0385396469
0.0385396469
0.0385396469
0.0385396469
0.0385396469
0.0385396469
0.0385396469
0.0385396469
0.0385392127
0.0385392127
0.0385392127
0.0385392127
0.0385392127
0.0385392127
0.0385392127
0.0385392127
0.0385392127
0.0385389812
0.0385389812
0.0385389812
0.0385389812
0.0385389812
0.0385389812
0.0385389812
0.0385389812
0.0385389812
0.0385389812
0.0385389812
0.0385389812
0.0385389812
0.0385389812
0.0385389812
0.0385389812
0.0385389812
0.0385389812
0.0385389812
0.0385389812
0.0385389812
0.0385389812
0.0385389812
0.0385389812
0.0385389812
0.0385389812
0.0385389812
0.0385389812
0.0385389812
0.0385389812
0.0385389812
0.0385389812
0.0385389812
0.0385389812
0.0385389812
0.0385389812
0.0385389812
0.0385389812
0.0385370247
0.0385370247
0.0385366689
0.0385366689
0.0385287949
0.0385287949
0.0385147372
0.0385144705
0.0385136311
0.0385136311
0.0385136311
0.0385136311
0.0385128310
0.0385128310
0.0385128310
0.0385128310
0.0385069747
0.0385065907
0.0385065907
0.0385065907
0.0385065907
0.0385065907
0.0385065907
0.0385065907
0.0385065907
0.0385065907
0.0385065907
0.0385065907
0.0385063694
0.0385063694
0.0385063694
0.0385063694
0.0385063694
0.0385063694
0.0385063694
0.0385063196
0.0385063196
0.0385063196
0.0385063196
0.0385063196
0.0385063196
0.0385062613
0.0385062613
0.0385062613
0.0385062536
0.0385062536
0.0385062536
0.0385062536
0.0385062536
0.0385062536
0.0385062536
0.0385060425
0.0385060425
0.0385060425
0.0385060425
0.0385060425
0.0385060425
0.0385060425
0.0385060425
0.0385060425
0.0385055753
0.0385055753
0.0385055753
0.0385055753
0.0385055753
0.0385052050
0.0385052050
0.0385052050
0.0385052050
0.0385052050
0.0385050249
0.0385050249
0.0385050249
0.0385050249
0.0385049573
0.0385048310
0.0385048301
0.0385047039
0.0385047039
0.0385047039
0.0385047039
0.0385047039
0.0385047039
0.0385047039
0.0385047039
0.0385047039
0.0385045360
0.0385026608
0.0385026608
0.0385026608
0.0385026608
0.0385026608
0.0385026608
0.0385026608
0.0385026608
0.0385026608
0.0385026608
0.0385025876
0.0385025876
0.0385025876
0.0385023798
0.0385023130
0.0385023130
0.0384952298
0.0384952298
0.0384952298
0.0384952298
0.0384952298
0.0384952298
0.0384952298
0.0384952298
0.0384952298
0.0384952298
0.0384952298
0.0384952298
0.0384952298
0.0384952298
0.0384952298
0.0384952298
0.0384952298
0.0384952298
0.0384952298
0.0384952298
0.0384952298
0.0384952298
0.0384952298
0.0384952298
0.0384952298
0.0384952298
0.0384952298
0.0384952298
0.0384952298
0.0384952298
0.0384952298
0.0384952298
0.0384952298
0.0384952298
0.0384952298
0.0384952298
0.0384952298
0.0384952298
0.0384952298
0.0384949909
0.0384949909
0.0384949909
0.0384942564
0.0384942564
0.0384942564
0.0384942564
0.0384942564
0.0384939870
0.0384939870
0.0384939870
0.0384939870
0.0384939870
0.0384939870
0.0384939534
0.0384939534
0.0384939534
0.0384939534
0.0384939534
0.0384938717
0.0384938717
0.0384938717
0.0384938717
0.0384938717
0.0384938717
0.0384938717
0.0384938717
0.0384938717
0.0384938717
0.0384938717
0.0384938717
0.0384938717
0.0384938717
0.0384938717
0.0384938717
0.0384938717
0.0384938717
0.0384933908
0.0384933908
0.0384933908
0.0384933908
0.0384932445
0.0384932445
0.0384932445
0.0384932445
0.0384932445
0.0384927140
0.0384927140
0.0384927140
0.0384927140
0.0384927140
0.0384927140
0.0384927140
0.0384927140
0.0384927140
0.0384927140
0.0384927140
0.0384927140
0.0384927140
0.0384927140
0.0384927140
0.0384582933
0.0384582933
0.0384582933
0.0384582933
0.0384582933
0.0384582933
0.0384571469
0.0384567775
0.0384567775
0.0384567775
0.0384567775
0.0384567775
0.0384567775
0.0384567775
0.0384567775
0.0384567775
0.0384567775
0.0384567775
0.0384567775
0.0384567775
0.0384567775
0.0384567775
0.0384567775
0.0384567775
0.0384567775
0.0384566254
0.0384566254
0.0384566254
0.0384566254
0.0384566254
0.0384566254
0.0384360887
0.0384360887
0.0384360887
0.0384360887
0.0384360887
0.0383984454
0.0383984454
0.0383984454
0.0383983947
0.0383983947
0.0383983947
0.0383983947
0.0383975758
0.0383975758
0.0383975758
0.0383975758
0.0383975758
0.0383975758
0.0383665956
0.0383665956
0.0383665003
0.0383665003
0.0383665003
0.0383665003
0.0383665003
0.0383665003
0.0383665003
0.0383665003
0.0383665003
0.0383665003
0.0383665003
0.0383665003
0.0383665003
0.0383665003
0.0383665003
0.0383419370
0.0383419370
0.0383419370
0.0383419370
0.0383419370
0.0383419370
0.0383419370
0.0383419370
0.0383419370
0.0383419370
0.0383419370
0.0383419370
0.0383419370
0.0383418851
0.0383418851
0.0383418851
0.0383418851
0.0383418851
0.0383418851
0.0383418851
0.0383418851
0.0383418266
0.0383418266
0.0383418266
0.0383418266
0.0383418266
0.0383418266
0.0383417553
0.0383412693
0.0383412693
0.0383412693
0.0383412693
0.0383412693
0.0383412693
0.0383412693
0.0383412693
0.0383412693
0.0383412693
0.0383412693
0.0383412693
0.0383412693
0.0383412693
0.0383412693
0.0383412693
0.0383412693
0.0383412693
0.0383412693
0.0383409665
0.0383409665
0.0383409665
0.0383408192
0.0383408192
0.0383408192
0.0383408192
0.0383408192
0.0383408192
0.0383408192
0.0383408192
0.0383408192
0.0383407585
0.0383407585
0.0383407585
0.0383407585
0.0383407585
0.0383407585
0.0383407585
0.0383407585
0.0383389483
0.0383389483
0.0383389483
0.0383389483
0.0383389483
0.0383389483
0.0383389483
0.0383389483
0.0383389483
0.0383389483
0.0383389483
0.0383385743
0.0383385743
0.0383385743
0.0383385743
0.0383385743
0.0383385743
0.0383385743
0.0383385743
0.0383385743
0.0383385743
0.0383384300
0.0383384300
0.0383384300
0.0383384300
0.0383384300
0.0383384300
0.0383384300
0.0383384300
0.0383384300
0.0383384300
0.0383384300
0.0383384300
0.0383384300
0.0383384300
0.0383384300
0.0383384300
0.0383384300
0.0383384300
0.0383384300
0.0383340238
0.0383340238
0.0383340238
0.0383340238
0.0383340238
0.0383340238
0.0383340238
0.0383340238
0.0383340238
0.0383340238
0.0383340238
0.0383340238
0.0383340238
0.0383340238
0.0383340238
0.0383340238
0.0383340238
0.0383340238
0.0383340238
0.0383340238
0.0383340238
0.0383340238
0.0383340238
0.0383340238
0.0383340238
0.0383340238
0.0383340238
0.0383340238
0.0383340238
0.0383340238
0.0383340238
0.0383340238
0.0383340238
0.0383340238
0.0383340238
0.0383340238
0.0383340238
0.0383340238
0.0383340238
0.0383340238
0.0383340238
0.0383340238
0.0383339195
0.0383339195
0.0383339195
0.0383306042
0.0383306042
0.0383306042
0.0383306042
0.0383205166
0.0383205166
0.0383017202
0.0383017202
0.0383017202
0.0383017202
0.0383017202
0.0383017202
0.0383017202
0.0383017202
0.0383017202
0.0383017202
0.0383017202
0.0383017202
0.0383017202
0.0383017202
0.0383017202
0.0383017202
0.0383017202
0.0383017202
0.0383015742
0.0383015742
0.0383015742
0.0383012899
0.0383012899
0.0383012899
0.0383012899
0.0383012899
0.0383012899
0.0383012899
0.0383012782
0.0383012782
0.0383012782
0.0383012782
0.0383012782
0.0383012782
0.0383012782
0.0383012782
0.0383012782
0.0383012782
0.0383012782
0.0382988345
0.0382988345
0.0382988345
0.0382988345
0.0382988345
0.0382988345
0.0382988345
0.0382988345
0.0382988345
0.0382988345
0.0382984627
0.0382984627
0.0382984627
0.0382984627
0.0382982522
0.0382982522
0.0382982522
0.0382982522
0.0382982522
0.0382982522
0.0382982522
0.0382982522
0.0382474326
0.0382474326
0.0382472859
0.0382472859
0.0382472859
0.0382472859
0.0382472859
0.0382472859
0.0382472859
0.0382472859
0.0382470664
0.0382470664
0.0382470664
0.0382470095
0.0382467103
0.0382467103
0.0382467103
0.0382467103
0.0382467103
0.0382467103
0.0382467103
0.0382467103
0.0382467103
0.0382410961
0.0382410961
0.0382410961
0.0382410961
0.0382410961
0.0382410961
0.0382410961
0.0382410961
0.0382410961
0.0382410961
0.0382410961
0.0382410961
0.0382410961
0.0382410961
0.0382410683
0.0382410683
0.0382410007
0.0382410007
0.0382410007
0.0382410007
0.0382410007
0.0382410007
0.0382410007
0.0382410007
0.0382410007
0.0382410007
0.0382410007
0.0382410007
0.0382410007
0.0382410007
0.0382410007
0.0382410007
0.0382410007
0.0382410007
0.0382410007
0.0382410007
0.0382410007
0.0382410007
0.0382410007
0.0382410007
0.0382410007
0.0382410007
0.0382410007
0.0382410007
0.0382410007
0.0382410007
0.0382410007
0.0382410007
0.0382410007
0.0382410007
0.0382410007
0.0382410007
0.0382408538
0.0382408538
0.0382408538
0.0382408538
0.0382408538
0.0382407778
0.0382407778
0.0382407778
0.0382407778
0.0382407778
0.0382407778
0.0382407778
0.0382407778
0.0382407778
0.0382407778
0.0382407778
0.0382407778
0.0382407778
0.0382407778
0.0382340605
0.0382336348
0.0382336348
0.0382334566
0.0382334566
0.0382334566
0.0382334566
0.0382333779
0.0382330448
0.0382330448
0.0382330448
0.0382328286
0.0382328286
0.0382328286
0.0382328286
0.0382326234
0.0382326234
0.0382326234
0.0382326234
0.0382326234
0.0382326234
0.0382326234
0.0382325420
0.0382325420
0.0381750198
0.0381746801
0.0381745986
0.0381745986
0.0381745986
0.0381745986
0.0381733955
0.0381733955
0.0381733955
0.0381733955
0.0381733955
0.0381733955
0.0381733955
0.0381733955
0.0381733955
0.0381733955
0.0381733955
0.0381677360
0.0381677360
0.0381677360
0.0381676241
0.0381676241
0.0381496837
0.0381496837
0.0381496837
0.0381496837
0.0381496837
0.0381496837
0.0381456000
0.0381456000
0.0381456000
0.0381456000
0.0381456000
0.0381456000
0.0381456000
0.0381456000
0.0381437322
0.0381436304
0.0381436304
0.0381436304
0.0381436304
0.0381436304
0.0381436304
0.0381436304
0.0381436304
0.0381436304
0.0381436129
0.0381436129
0.0381436129
0.0381436129
0.0381436129
0.0381436129
0.0381436129
0.0381436129
0.0381436129
0.0381436129
0.0381436129
0.0381436129
0.0381436129
0.0381403176
0.0381403176
0.0381403176
0.0381403176
0.0381403176
0.0381403176
0.0381403176
0.0381403176
0.0381403176
0.0381403176
0.0381403176
0.0381403176
0.0381403176
0.0381402917
0.0381402917
0.0381402917
0.0381402917
0.0381402917
0.0381402917
0.0381399651
0.0381399651
0.0381399651
0.0381399651
0.0381399651
0.0381399651
0.0381378668
0.0381378668
0.0381378668
0.0381378668
0.0381378668
0.0381378668
0.0381378668
0.0381378668
0.0381378668
0.0381378668
0.0381375336
0.0381375336
0.0381375336
0.0381375336
0.0381375336
0.0381375336
0.0381375336
0.0381375336
0.0381375336
0.0381375336
0.0381375336
0.0381375336
0.0381375336
0.0381375336
0.0381375336
0.0381375336
0.0381375336
0.0381375336
0.0381375336
0.0381375336
0.0381375336
0.0381375336
0.0381375336
0.0381375336
0.0381375336
0.0381369911
0.0381369911
0.0381369911
0.0381369911
0.0381369911
0.0381369911
0.0381340220
0.0381340220
0.0381340220
0.0381340220
0.0381340220
0.0381340220
0.0381340220
0.0381340220
0.0381340220
0.0381340220
0.0381340220
0.0381340220
0.0381340220
0.0381340220
0.0381340220
0.0381340220
0.0381340220
0.0381340220
0.0381340220
0.0381340220
0.0381340220
0.0381340220
0.0381340220
0.0381340220
0.0381340220
0.0381340220
0.0381340220
0.0381291378
0.0381291378
0.0381291378
0.0381291378
0.0381290634
0.0381290634
0.0381290634
0.0381290634
0.0381290634
0.0381290634
0.0381290634
0.0381290634
0.0381290634
0.0381290634
0.0381274485
0.0381274485
0.0381274485
0.0381274485
0.0381274485
0.0381274485
0.0381274485
0.0381274485
0.0381274485
0.0381274485
0.0381274485
0.0381273972
0.0381273972
0.0381273972
0.0381273972
0.0381273972
0.0381273972
0.0381273972
0.0381273972
0.0381273237
0.0381273237
0.0381273237
0.0381273237
0.0381273237
0.0381273237
0.0381272207
0.0381272207
0.0381272207
0.0381272207
0.0381272207
0.0381272207
0.0381272207
0.0381272207
0.0381272207
0.0381272207
0.0381272207
0.0381272207
0.0381272207
0.0381272207
0.0381272207
0.0381272207
0.0381272207
0.0381272207
0.0381272207
0.0381272207
0.0381272207
0.0381272207
0.0381272207
0.0381272207
0.0381272207
0.0381272207
0.0381272207
0.0381272207
0.0381272207
0.0381272207
0.0381272207
0.0381272207
0.0381272207
0.0381272207
0.0381272207
0.0381272207
0.0381272207
0.0381272207
0.0381272207
0.0381272207
0.0381272207
0.0381272207
0.0381272207
0.0381272207
0.0381272207
0.0381272207
0.0381272207
0.0381272207
0.0381272207
0.0381272207
0.0381272207
0.0381272207
0.0381257881
0.0381257212
0.0381257212
0.0381257212
0.0381257212
0.0381257212
0.0381257212
0.0381257212
0.0381257212
0.0381257212
0.0381247587
0.0381247587
0.0381247587
0.0381247587
0.0381247587
0.0381247587
0.0381245400
0.0381245400
0.0381245400
0.0381245400
0.0381245400
0.0381245400
0.0381243551
0.0381243551
0.0381243551
0.0381243551
0.0381243551
0.0381243551
0.0381243551
0.0381243551
0.0381243551
0.0381243551
0.0381243551
0.0381243551
0.0381243551
0.0381243551
0.0381241131
0.0381241131
0.0381241131
0.0381241131
0.0381241131
0.0381241131
0.0381241131
0.0381241131
0.0381241131
0.0381241131
0.0381241131
0.0381241131
0.0381241131
0.0381241131
0.0381240159
0.0381240159
0.0381232914
0.0381232914
0.0381232914
0.0381232914
0.0381232914
0.0381232914
0.0381232914
0.0381232914
0.0381232914
0.0381232914
0.0381232914
0.0381232914
0.0381232914
0.0381232914
0.0381232914
0.0381232914
0.0381232307
0.0381230681
0.0381230681
0.0381230681
0.0381230681
0.0381230681
0.0381230681
0.0381230681
0.0381230681
0.0381192836
0.0381182228
0.0381182228
0.0381180553
0.0381180553
0.0381178537
0.0381178537
0.0381178537
0.0381178537
0.0381178537
0.0381178537
0.0381159059
0.0381159059
0.0381159059
0.0381159059
0.0381159059
0.0381159059
0.0381159059
0.0381159059
0.0381159059
0.0381159059
0.0381159059
0.0381159059
0.0381159059
0.0381159059
0.0381159059
0.0381159059
0.0381159059
0.0381159059
0.0381159059
0.0381159059
0.0381159059
0.0381159059
0.0381159059
0.0381159059
0.0381159059
0.0381159059
0.0381159059
0.0381159059
0.0381159059
0.0380644443
0.0380644443
0.0380644443
0.0380643096
0.0380643096
0.0380643096
0.0380634566
0.0380634566
0.0380634566
0.0380634566
0.0380634566
0.0380634566
0.0380634566
0.0380634566
0.0380634409
0.0380634409
0.0380634409
0.0380634409
0.0380634409
0.0380634409
0.0380634409
0.0380634409
0.0380634409
0.0380634409
0.0380634409
0.0380634409
0.0380632573
0.0380632573
0.0380632573
0.0380632573
0.0380632573
0.0380632573
0.0380632573
0.0380632573
0.0380632573
0.0380632573
0.0380627941
0.0380627941
0.0380627941
0.0380627941
0.0380627941
0.0380627941
0.0380627941
0.0380627941
0.0380627941
0.0380627941
0.0380627941
0.0380627941
0.0380627941
0.0380627941
0.0380627941
0.0380601704
0.0380598201
0.0380598201
0.0380598201
0.0380598073
0.0380598073
0.0380598073
0.0380598073
0.0380598073
0.0380598073
0.0380598073
0.0380598073
0.0380598073
0.0380598073
0.0380598073
0.0380598073
0.0380598073
0.0380598073
0.0380598073
0.0380598073
0.0380598073
0.0380598018
0.0380598018
0.0380598018
0.0380598018
0.0380598018
0.0380598018
0.0380598018
0.0380598018
0.0380598018
0.0380598018
0.0380598018
0.0380598018
0.0380598018
0.0380598018
0.0380598018
0.0380581448
0.0380581448
0.0380581448
0.0380581233
0.0380581233
0.0380581233
0.0380581233
0.0380581233
0.0380581233
0.0380581233
0.0380581233
0.0380581233
0.0380581233
0.0380581233
0.0380581233
0.0380581233
0.0380581233
0.0380581233
0.0380581233
0.0380581233
0.0380581233
0.0380581233
0.0380581233
0.0380581233
0.0380581233
0.0380579316
0.0380579316
0.0380579316
0.0380579316
0.0380579316
0.0380579316
0.0380579316
0.0380579316
0.0380579316
0.0380579316
0.0380579316
0.0380579316
0.0380579316
0.0380579316
0.0380579316
0.0380579316
0.0380579316
0.0380579316
0.0380579316
0.0380579316
0.0380579316
0.0380579316
0.0380579316
0.0380579316
0.0380579316
0.0380579176
0.0380579176
0.0380579176
0.0380579176
0.0380579176
0.0380579176
0.0380579176
0.0380569738
0.0380569738
0.0380569738
0.0380569738
0.0380569738
0.0380569738
0.0380568368
0.0380568368
0.0380568368
0.0380568368
0.0380563656
0.0380563656
0.0380563656
0.0380563656
0.0380563656
0.0380563656
0.0380563656
0.0380563656
0.0380563656
0.0380563656
0.0380563656
0.0380563656
0.0380563656
0.0380563656
0.0380563656
0.0380562729
0.0380562729
0.0380562729
0.0380562729
0.0380562729
0.0380562729
0.0380562729
0.0380560716
0.0380560716
0.0380560716
0.0380560716
0.0380560716
0.0380263246
0.0380263246
0.0380263246
0.0379735292
0.0379452878
0.0379452878
0.0379452878
0.0379452878
0.0379452878
0.0379452878
0.0379452878
0.0379452878
0.0379272866
0.0379272866
0.0379272866
0.0379272866
0.0378973329
0.0378579448
0.0378579448
0.0378460341
0.0378460341
0.0378460341
0.0378456688
0.0378456688
0.0378456688
0.0378456688
0.0378451844
0.0378451844
0.0378451844
0.0378451844
0.0378451844
0.0378451844
0.0378451450
0.0378451450
0.0378429435
0.0378429435
0.0378429435
0.0378429435
0.0378429435
0.0378429435
0.0378429435
0.0378429435
0.0378429435
0.0378429435
0.0378429435
0.0378429435
0.0378428088
0.0378428088
0.0378428088
0.0378428088
0.0378428088
0.0378428088
0.0378428088
0.0378428088
0.0378428088
0.0378428088
0.0378428088
0.0378426803
0.0378426803
0.0378426803
0.0378426803
0.0378426803
0.0378426803
0.0378426803
0.0378426803
0.0378426803
0.0378426803
0.0378426803
0.0378426803
0.0378426803
0.0378426803
0.0378426803
0.0378426803
0.0378426803
0.0378426803
0.0378426803
0.0378426803
0.0378426803
0.0378426803
0.0378426803
0.0378426803
0.0378426803
0.0378426803
0.0378426803
0.0378424881
0.0378163265
0.0378163265
0.0378163265
0.0378163265
0.0378085521
0.0378085521
0.0378056971
0.0378056971
0.0378056971
0.0378056971
0.0378056971
0.0378056229
0.0378056229
0.0378055912
0.0378055912
0.0378055912
0.0378055912
0.0378055912
0.0378055912
0.0378055912
0.0378055620
0.0378055620
0.0378055620
0.0378055620
0.0378055620
0.0378055620
0.0378055620
0.0378055620
0.0378055620
0.0378055620
0.0378055620
0.0378055620
0.0378055620
0.0378055620
0.0378055620
0.0378055620
0.0378055620
0.0377933992
0.0377933992
0.0377933992
0.0377933992
0.0377933992
0.0377933992
0.0377933992
0.0377933992
0.0377933992
0.0377933992
0.0377933992
0.0377933992
0.0377933992
0.0377933992
0.0377933992
0.0377933992
0.0377933992
0.0377933992
0.0377538141
0.0377538141
0.0377538141
0.0377535088
0.0377535088
0.0377535088
0.0377535088
0.0377535088
0.0377535088
0.0377535088
0.0377535088
0.0377535088
0.0377535088
0.0377535088
0.0377535088
0.0377535088
0.0377535088
0.0377535088
0.0377535088
0.0377535088
0.0377535088
0.0377535088
0.0377535088
0.0377535088
0.0377535088
0.0377535088
0.0377535088
0.0377535088
0.0377533438
0.0377533438
0.0377533438
0.0377533438
0.0377533438
0.0377533438
0.0377533438
0.0377533438
0.0377533438
0.0377533438
0.0377533438
0.0377523584
0.0377523584
0.0377523584
0.0377523584
0.0377523584
0.0377509887
0.0377509887
0.0377509887
0.0377509887
0.0377509887
0.0377509887
0.0377509809
0.0377509809
0.0377508312
0.0377508312
0.0377342607
0.0377342607
0.0377336126
0.0377336126
0.0377336126
0.0377020051
0.0377020051
0.0377020051
0.0377004448
0.0377004448
0.0377004448
0.0377004448
0.0377004448
0.0377004448
0.0377004448
0.0377004448
0.0377004448
0.0377004448
0.0377004448
0.0377004448
0.0377004448
0.0377004448
0.0377004448
0.0377004448
0.0377004448
0.0377004448
0.0377004448
0.0377004448
0.0377004448
0.0377004448
0.0377004448
0.0377004448
0.0377004448
0.0377004448
0.0377004448
0.0377004448
0.0377004448
0.0377004448
0.0377004448
0.0377000019
0.0377000019
0.0377000019
0.0377000019
0.0377000019
0.0377000019
0.0376978004
0.0376978004
0.0376978004
0.0376978004
0.0376978004
0.0376978004
0.0376978004
0.0376978004
0.0376978004
0.0376978004
0.0376978004
0.0376978004
0.0376978004
0.0376977069
0.0376977069
0.0376977069
0.0376977069
0.0376977069
0.0376977069
0.0376977069
0.0376977069
0.0376977069
0.0376977069
0.0376977069
0.0376977069
0.0376977069
0.0376977069
0.0376977069
0.0376977069
0.0376977069
0.0376977069
0.0376977069
0.0376977069
0.0376977069
0.0376977069
0.0376977069
0.0376977069
0.0376977069
0.0376977069
0.0376977069
0.0376977069
0.0376977069
0.0376977069
0.0376977069
0.0376977069
0.0376977069
0.0376977069
0.0376977069
0.0376977069
0.0376977069
0.0376977069
0.0376977069
0.0376977069
0.0376977069
0.0376977069
0.0376976517
0.0376976517
0.0376976517
0.0376976517
0.0376976517
0.0376976517
0.0376976517
0.0376976517
0.0376976517
0.0376976517
0.0376976517
0.0376976517
0.0376976517
0.0376976517
0.0376976517
0.0376976517
0.0376976517
0.0376976517
0.0376976517
0.0376976517
0.0376976517
0.0376976517
0.0376976517
0.0376976517
0.0376976517
0.0376976517
0.0376976517
0.0376976517
0.0376976517
0.0376976517
0.0376976517
0.0376976517
0.0376976517
0.0376976517
0.0376976517
0.0376976517
0.0376976517
0.0376975657
0.0376975657
0.0376975657
0.0376975657
0.0376975657
0.0376975657
0.0376975657
0.0376975657
0.0376975657
0.0376975657
0.0376910889
0.0376909794
0.0376909794
0.0376909794
0.0376909794
0.0376909008
0.0376909008
0.0376909008
0.0376893639
0.0376893639
0.0376893639
0.0376893639
0.0376893639
0.0376734168
0.0376734168
0.0376716611
0.0376716611
0.0376716611
0.0376716611
0.0376716611
0.0376716611
0.0376716611
0.0376716611
0.0376716611
0.0376716611
0.0376716611
0.0376716611
0.0376716611
0.0376716611
0.0376716611
0.0376716611
0.0376716611
0.0376716611
0.0376716611
0.0376716611
0.0376716157
0.0376716157
0.0376716157
0.0376716157
0.0376716157
0.0376716157
0.0376716157
0.0376716157
0.0376716157
0.0376716157
0.0376716157
0.0376716157
0.0376716157
0.0376716157
0.0376716157
0.0376715834
0.0376714652
0.0376714652
0.0376714652
0.0376714652
0.0376714652
0.0376714652
0.0376714652
0.0376714652
0.0376714652
0.0376714652
0.0376714652
0.0376714652
0.0376714652
0.0376714652
0.0376714652
0.0376714652
0.0376714652
0.0376714652
0.0376714652
0.0376714652
0.0376714652
0.0376714652
0.0376714652
0.0376714652
0.0376714652
0.0376562796
0.0376123193
0.0376123193
0.0376111145
0.0376111145
0.0376111145
0.0376111145
0.0376111145
0.0376111145
0.0376111145
0.0376111145
0.0376111145
0.0376111145
0.0376058322
0.0376058322
0.0376056955
0.0376056955
0.0376019116
0.0376019116
0.0376019116
0.0376019116
0.0376019116
0.0376019116
0.0376019116
0.0376019116
0.0376019116
0.0376019116
0.0376016490
0.0376016490
0.0376016490
0.0376016069
0.0376016069
0.0376016069
0.0376016069
0.0376016069
0.0376016069
0.0376016069
0.0376016069
0.0375835202
0.0375835202
0.0375835202
0.0375835202
0.0375514923
0.0375514923
0.0375258140
0.0375258140
0.0375258140
0.0375258140
0.0375121162
0.0375121162
0.0375121162
0.0375121162
0.0375121162
0.0375121162
0.0375117518
0.0375117518
0.0375117518
0.0375117518
0.0375117518
0.0375117518
0.0375117518
0.0375117518
0.0375117518
0.0375117518
0.0375117518
0.0375117518
0.0375109477
0.0375109477
0.0375109477
0.0375109477
0.0375109477
0.0375109477
0.0375108975
0.0375108975
0.0375108975
0.0375108975
0.0375108975
0.0375108975
0.0375108975
0.0375108975
0.0375108975
0.0375108975
0.0375108578
0.0375108578
0.0375108578
0.0375108578
0.0375108578
0.0375108578
0.0375108578
0.0375108578
0.0375108578
0.0375108578
0.0375108578
0.0375108578
0.0375108578
0.0375108578
0.0375108578
0.0375108578
0.0375108578
0.0375108578
0.0375108578
0.0375108578
0.0375108578
0.0375108578
0.0375108578
0.0375108578
0.0375108578
0.0375108578
0.0375108578
0.0375108578
0.0375108578
0.0375108578
0.0375108578
0.0375108578
0.0375108578
0.0375108578
0.0375108578
0.0375108578
0.0375108578
0.0375108578
0.0375108578
0.0375108578
0.0375106730
0.0375106730
0.0375106730
0.0375106730
0.0375106730
0.0375106730
0.0375106730
0.0375106730
0.0375106730
0.0375106730
0.0375106730
0.0375106730
0.0375106730
0.0375106730
0.0375106730
0.0375106730
0.0375095530
0.0375095530
0.0375095530
0.0375095530
0.0375095530
0.0375095530
0.0375095530
0.0375095530
0.0375095530
0.0375095530
0.0375095530
0.0374881658
0.0374881658
0.0374881658
0.0374881658
0.0374881658
0.0374881578
0.0374876097
0.0374876097
0.0374876097
0.0374876097
0.0374876097
0.0374876097
0.0374876097
0.0374876097
0.0374876097
0.0374876097
0.0374876097
0.0374876097
0.0374876097
0.0374876097
0.0374873518
0.0374873518
0.0374873518
0.0374873518
0.0374873518
0.0374873518
0.0374873518
0.0374873518
0.0374873518
0.0374873518
0.0374873518
0.0374873518
0.0374873518
0.0374873518
0.0374873518
0.0374873518
0.0374873518
0.0374873518
0.0374873518
0.0374873518
0.0374873518
0.0374873518
0.0374873518
0.0374873518
0.0374873518
0.0374873518
0.0374873518
0.0374873518
0.0374873518
0.0374871339
0.0374871339
0.0374871339
0.0374871339
0.0374871339
0.0374871339
0.0374871339
0.0374870695
0.0374870695
0.0374870695
0.0374870695
0.0374870695
0.0374870695
0.0374870695
0.0374870695
0.0374870695
0.0374870695
0.0374843633
0.0374843633
0.0374831652
0.0374831652
0.0374831652
0.0374831652
0.0374831652
0.0374708468
0.0374708468
0.0374708468
0.0374708468
0.0374708468
0.0374708468
0.0374708468
0.0374708468
0.0374708468
0.0374708468
0.0374708468
0.0374708468
0.0374708468
0.0374708468
0.0374708468
0.0374708468
0.0374708468
0.0374708468
0.0374703315
0.0374703315
0.0374703315
0.0374703315
0.0374703315
0.0374703315
0.0374703315
0.0374703315
0.0374703315
0.0374703315
0.0374703315
0.0374703315
0.0374703315
0.0374703315
0.0374703315
0.0374703315
0.0374703315
0.0374703315
0.0374693034
0.0374693034
0.0374693034
0.0374693034
0.0374693034
0.0374693034
0.0374692708
0.0374692708
0.0374692708
0.0374692708
0.0374692708
0.0374692708
0.0374692708
0.0374692708
0.0374692708
0.0374692708
0.0374692708
0.0374692708
0.0374692708
0.0374692708
0.0374692708
0.0374692708
0.0374692708
0.0374692708
0.0374692708
0.0374692708
0.0374692708
0.0374692708
0.0374692708
0.0374692708
0.0374692708
0.0374692708
0.0374692708
0.0374692708
0.0374684941
0.0374684941
0.0374684941
0.0374684941
0.0374684941
0.0374684941
0.0374684941
0.0374684941
0.0374684941
0.0374684941
0.0374684941
0.0374684941
0.0374684941
0.0374684941
0.0374684941
0.0374684941
0.0374684941
0.0374684941
0.0374684941
0.0374684941
0.0374684941
0.0374684941
0.0374684941
0.0374681033
0.0374681033
0.0374681033
0.0374681033
0.0374681033
0.0374681033
0.0374681033
0.0374681033
0.0374681033
0.0374679831
0.0374679831
0.0374679831
0.0374679831
0.0374679831
0.0374679831
0.0374679831
0.0374679173
0.0374674557
0.0374674557
0.0374674557
0.0374674557
0.0374674557
0.0374674557
0.0374673582
0.0374673314
0.0374668877
0.0374668609
0.0374668609
0.0374668609
0.0374665542
0.0374665542
0.0374665542
0.0374665542
0.0374665124
0.0374155792
0.0374155792
0.0374155792
0.0374155792
0.0374155792
0.0374155374
0.0374155374
0.0374155027
0.0374155027
0.0374155027
0.0374155027
0.0374155027
0.0374155027
0.0374155027
0.0374155027
0.0374155027
0.0374155027
0.0374155027
0.0374155027
0.0374155027
0.0374155027
0.0374155027
0.0374155027
0.0374155027
0.0374155027
0.0374155027
0.0374155027
0.0374155027
0.0374155027
0.0374155027
0.0374155027
0.0374155027
0.0374155027
0.0374155027
0.0374155027
0.0374153462
0.0374153462
0.0374153462
0.0374153462
0.0374153462
0.0374153462
0.0374153462
0.0373907348
0.0373907348
0.0373907348
0.0373907348
0.0373907348
0.0373907348
0.0373907348
0.0373907348
0.0373906714
0.0373906714
0.0373906714
0.0373906714
0.0373906714
0.0373906714
0.0373906714
0.0373906714
0.0373906714
0.0373906714
0.0373906714
0.0373906714
0.0373906714
0.0373906714
0.0373906714
0.0373906714
0.0373906714
0.0373906714
0.0373906714
0.0373906714
0.0373906714
0.0373906714
0.0373906714
0.0373906714
0.0373906714
0.0373906714
0.0373906714
0.0373906714
0.0373906714
0.0373906714
0.0373906714
0.0373906714
0.0373906714
0.0373906714
0.0373906714
0.0373906714
0.0373906714
0.0373906714
0.0373906714
0.0373906714
0.0373906714
0.0373906714
0.0373906714
0.0373906714
0.0373906714
0.0373906714
0.0373906714
0.0373906714
0.0373906714
0.0373906714
0.0373906714
0.0373906714
0.0373906714
0.0373906714
0.0373906714
0.0373906714
0.0373906714
0.0373906714
0.0373906714
0.0373906307
0.0373901440
0.0373901440
0.0373901440
0.0373901440
0.0373901440
0.0373901440
0.0373901440
0.0373901440
0.0373901440
0.0373901440
0.0373901440
0.0373901440
0.0373901440
0.0373901440
0.0373901440
0.0373901440
0.0373901440
0.0373901440
0.0373901440
0.0373901440
0.0373901440
0.0373901440
0.0373901440
0.0373901440
0.0373901440
0.0373901440
0.0373901440
0.0373901440
0.0373901440
0.0373901440
0.0373901440
0.0373901440
0.0373901440
0.0373901440
0.0373901440
0.0373901440
0.0373901440
0.0373889681
0.0373889681
0.0373889681
0.0373889681
0.0373889681
0.0373889681
0.0373889681
0.0373889681
0.0373889681
0.0373889681
0.0373889681
0.0373889681
0.0373889681
0.0373889681
0.0373889681
0.0373889681
0.0373889681
0.0373889681
0.0373889681
0.0373889681
0.0373889681
0.0373884935
0.0373884935
0.0373884935
0.0373884935
0.0373884935
0.0373884935
0.0373884935
0.0373879087
0.0373879087
0.0373879087
0.0373879087
0.0373878363
0.0373878363
0.0373876514
0.0373875790
0.0373875790
0.0373875790
0.0373875790
0.0373874492
0.0373874492
0.0373874492
0.0373874492
0.0373874492
0.0373874492
0.0373874492
0.0373874492
0.0373874492
0.0373874492
0.0373874492
0.0373874492
0.0373874492
0.0373874492
0.0373874492
0.0373874492
0.0373874492
0.0373874492
0.0373874492
0.0373874492
0.0373874492
0.0373874492
0.0373874492
0.0373874492
0.0373874492
0.0373874492
0.0373874492
0.0373874492
0.0373872004
0.0373872004
0.0373872004
0.0373872004
0.0373872004
0.0373872004
0.0373872004
0.0373872004
0.0373869170
0.0373869170
0.0373869170
0.0373864486
0.0373864486
0.0373864486
0.0373864486
0.0373864486
0.0373864486
0.0373864486
0.0373864486
0.0373864486
0.0373864486
0.0373864486
0.0373864486
0.0373864486
0.0373864486
0.0373864486
0.0373864486
0.0373864486
0.0373864486
0.0373864486
0.0373864486
0.0373864486
0.0373864486
0.0373864486
0.0373864486
0.0373864486
0.0373864486
0.0373864486
0.0373864486
0.0373864486
0.0373864486
0.0373864486
0.0373864486
0.0373864486
0.0373864486
0.0373864486
0.0373864486
0.0373864486
0.0373864486
0.0373864486
0.0373864486
0.0373864486
0.0373864486
0.0373864486
0.0373864486
0.0373864486
0.0373864486
0.0373864486
0.0373864486
0.0373864164
0.0373864164
0.0373864164
0.0373864164
0.0373864164
0.0373864164
0.0373864164
0.0373864164
0.0373864164
0.0373864164
0.0373864164
0.0373864164
0.0373864164
0.0373864164
0.0373862678
0.0373862678
0.0373857679
0.0373857679
0.0373857679
0.0373857679
0.0373857679
0.0373857679
0.0373857679
0.0373857679
0.0373857679
0.0373853598
0.0373853598
0.0373853598
0.0373853598
0.0373853598
0.0373853598
0.0373853598
0.0373853598
0.0373853598
0.0373853598
0.0373853598
0.0373851625
0.0373851625
0.0373851625
0.0373851625
0.0373851625
0.0373851625
0.0373851625
0.0373851625
0.0373851625
0.0373851625
0.0373851625
0.0373851625
0.0373851625
0.0373851625
0.0373851625
0.0373851625
0.0373851625
0.0373851625
0.0373851625
0.0373851625
0.0373851625
0.0373851625
0.0373851625
0.0373851625
0.0373851625
0.0373851625
0.0373851625
0.0373851625
0.0373851625
0.0373851625
0.0373851625
0.0373851625
0.0373851625
0.0373851625
0.0373851625
0.0373851625
0.0373851625
0.0373851625
0.0373851625
0.0373851625
0.0373851625
0.0373851625
0.0373851625
0.0373851625
0.0373851625
0.0373851625
0.0373851625
0.0373851625
0.0373851625
0.0373851625
0.0373851625
0.0373851625
0.0373851625
0.0373851625
0.0373851625
0.0373851625
0.0373851625
0.0373851625
0.0373851625
0.0373851625
0.0373851625
0.0373851625
0.0373851625
0.0373851155
0.0373851155
0.0373851155
0.0373851155
0.0373851155
0.0373851155
0.0373851155
0.0373851155
0.0373851155
0.0373851155
0.0373851155
0.0373845176
0.0373817634
0.0373817634
0.0373817634
0.0373783892
0.0373783892
0.0373783892
0.0373783470
0.0373783470
0.0373783470
0.0373783470
0.0373783470
0.0373783470
0.0373783470
0.0373783470
0.0373783470
0.0373783470
0.0373783470
0.0373783470
0.0373783470
0.0373783470
0.0373783470
0.0373783470
0.0373783470
0.0373783470
0.0373783470
0.0373783470
0.0373783470
0.0373783470
0.0373783470
0.0373783470
0.0373783470
0.0373783470
0.0373783470
0.0373775161
0.0373775161
0.0373775161
0.0373775161
0.0373775161
0.0373775161
0.0373775161
0.0373774894
0.0373774894
0.0373774894
0.0373774894
0.0373774894
0.0373774894
0.0373774894
0.0373774894
