gen,op_id,w0,w1,w2,w3,w4,w5,w6,norm
50,0,-0.2492278469341047,0.33089488378754245,0.04782438681124382,0.01597204920021897,-0.08152560819044183,-0.02923100468948122,-0.19751718517581424,0.4697468860987385
50,1,0.24279487031226982,-0.15658929748647113,0.06322430469714385,0.1298906034925831,0.26546657517430233,0.11063094598515809,0.19464601194201445,0.4742754657650325
50,2,-0.05642168091858694,-0.29626847613147406,-0.029679992391715038,0.04501947498366651,-0.01918256219938127,0.07863794599164248,-0.06234205388941689,0.3229620721208459
50,3,0.22343186238298296,-0.23929333798350766,0.13006170917837984,0.19188991202907613,0.26984478746264395,-0.08070781827358207,0.041703677293364654,0.49192483492417377
100,0,0.14676452777320384,-0.2819807063231359,-0.2583182362798041,0.042253882044599525,0.13766585397204764,-0.23067570903099874,0.12701255032906314,0.5078011472234321
100,1,-0.3240812539701289,0.006428905140679932,-0.05511719427191816,0.45251954046711335,-0.17143848351978885,0.10456048050275372,0.23173650555702102,0.6378931613737882
100,2,-0.2575775492586982,-0.05044996551468675,0.309717718060564,-0.3290305108556286,0.042884214877657985,-0.13197173528406192,-0.08678189962828493,0.5475986009475942
100,3,-0.25536564705148707,0.31732706109206144,0.05900180606652673,-0.16662758981264147,-0.08919815106801911,-0.2509160911945662,-0.11395751009398773,0.5301467280690939
150,0,0.06339720374337973,-0.18176068820931207,-0.24853838251453383,0.08414648642035868,-0.06469337593459323,0.18554848434768023,0.09346501190678365,0.39148089782887985
150,1,-0.018704821222544316,0.032563259323454434,0.0158145627245529,0.13339754366416476,-0.18869379534877168,0.20494203307707684,0.1645628997009917,0.35233900511783234
150,2,-0.01645614686836677,0.12283787478811622,0.14784057264242054,-0.0036870861983735216,0.1210181395089249,0.010368591511744192,-0.027337339529810916,0.2296314562266991
150,3,0.09321964431979607,0.2951218838031649,-0.27546601362215944,0.2533901944737917,0.047968345448532804,0.009713222050704653,0.1286954329885602,0.5048096344393368
200,0,-0.14434130810891835,-0.3420548900624926,-0.4858535480234066,0.21643547480094386,0.04513518068402941,0.06345590855549149,0.2908836445587532,0.7151301122587876
200,1,0.06206591274545195,0.23657324098174157,-0.11548000346133011,0.10003004497310075,-0.0809349537476522,0.03883121108117351,-0.08755105630570773,0.3144586365846724
200,2,0.24374770212538965,-0.07401095304655134,-0.20988389448143008,0.14067545223328234,0.02228010400522639,0.23878132842352748,0.03424927623130712,0.4329172371788327
200,3,-0.10809334103520152,0.30593432566347323,0.0009628700905128726,0.024577689884742147,-0.29043875776589095,0.055934934879202466,0.4013456470860653,0.5953542553317859
250,0,0.2123076613203448,0.022331611595113966,-0.10759683237126909,-0.25524507107406513,0.17572054236363405,0.09411852472145782,-0.010415655660361692,0.4026721497233617
250,1,0.06990471999332482,0.3174114408353204,0.006994351902180507,0.07500050141428645,0.33510324421741744,0.6898367647579683,-0.2116058849000082,0.862703127177895
250,2,0.21124428814727997,-0.15809957739969843,-0.22247260611972358,0.04638570496960446,-0.07536980499761307,0.13300075073527323,0.28486450669635394,0.4751661963196927
250,3,-0.07823751494879337,0.2693291671553346,0.0369343587465613,-0.07316055566896865,0.12308612392772367,0.13001416399961335,-0.34309205283371896,0.48491438032861583
300,0,-0.07072212414126883,-0.13193521172742756,0.36271832952401084,-0.34176480686495775,-0.0539205525306656,0.14329090619903007,0.6120035536805543,0.8177801344022264
300,1,-0.01824717431662324,0.05313952558614009,-0.1510469389177359,0.14362420831886644,0.05530235397795848,-0.06610591432601681,0.07989861038537274,0.24578850609334105
300,2,0.18035035299452826,-0.24199799150134355,0.4837750343956753,0.12171255347209209,-0.2252022268251359,-0.03390779941505972,-0.150806934876884,0.6438555899643192
300,3,0.36738252558792467,0.24206896285044194,-0.02587609845552543,-0.024404870373253874,0.11835455213091833,-0.12702038027591098,0.2975162266891697,0.5599020943084378
350,0,0.10246213085997516,0.16320026947001393,0.1824135507646077,-0.043129355287403484,0.2549290483739558,0.1443665125685808,0.04823628916932286,0.4005307856512436
350,1,-0.01959965889401838,-0.07710228725171217,0.14470845887333705,-0.22691628960122862,-0.0701745946315176,-0.18078802408454148,0.37863932562822206,0.509643966098273
350,2,0.13626105195645963,0.32400827066298155,0.034219171311818314,-0.21681010658727828,0.06426732433833626,0.41750413732801595,0.027647874892628238,0.5923937933432875
350,3,0.1168408037655401,0.1283705245477974,0.10388644392067395,0.11108972830740846,0.18546619510714887,0.05484773487496743,0.08725924037903388,0.3135031810733585
400,0,0.052747704362665,0.29048647299380376,0.023952976447703028,-0.0018806159811569217,-0.007577552380382879,-0.13052743986865184,0.004638364253475885,0.3238183740722161
400,1,0.24510795729168772,-0.11159734535782016,0.07376970449245814,-0.12349122129296054,0.17042925876992715,0.12483083263478793,0.19130437302164843,0.41767231343999234
400,2,0.06745018881291293,-0.09064392672860062,0.2297135089923521,0.06266746319105174,0.21319127336476806,-0.16306931513000555,-0.1460006584766122,0.4035091937385361
400,3,0.11877580668138439,0.10850461627421562,-0.12522129344218963,0.007154869613925419,0.25045264718020377,0.15315464751144772,-0.09606949599478183,0.3701685171523565
450,0,0.06673726666619127,0.36586055580187316,0.1606985308942717,0.00014010283964190073,-0.06328661089854211,0.04616322245089766,0.09538351099585611,0.4235163502275725
450,1,0.13943938375933762,0.5384134291286294,-0.024601277483572423,-0.18661872616180514,0.30028570854750797,-0.017492663614629547,0.10330857834010064,0.6677681458516708
450,2,0.23574792551999835,0.08912204100697228,0.24420467251257738,0.40572386755389805,0.17799672112302134,0.1676839051400444,0.40021862901093946,0.712561069060791
450,3,0.00030688106899211254,-0.18585582468747502,0.11233343492123724,0.1760084382075593,-0.4263640837281157,0.34580674646493387,-0.11618509823862645,0.6269033956794444
500,0,0.08888109497234485,0.2492991381666338,0.04335166595370195,-0.10543623334614921,0.11640351368448261,0.5259096890817996,-0.18265338844851206,0.6376041992939084
500,1,-0.17618649666207856,-0.09344875696463817,-0.06468871863147749,0.06404341894246346,0.48953499943285694,0.18410460963004485,-0.04114036209113697,0.5685878067300276
500,2,0.13317940707018833,0.14394594677370381,0.471877892623749,0.09171902610646678,-0.11198349123534418,0.2128362752437878,-0.12019197670813062,0.5846571721881189
500,3,0.07709753903571039,0.172003150387386,0.179689103679869,0.2192538546879198,0.20094884640512942,0.26359058852187034,-0.29147544574407436,0.5574117990730909
550,0,0.05132576835123205,0.31788301865288576,-0.18205118802565318,0.12433086252962053,-0.1438015150317486,0.16867219029299832,0.16850017265432635,0.4793810990973964
550,1,0.1317721092033179,0.0026171432058680194,-0.09936729296748924,0.3051597302789514,-0.001217328377275187,0.10228414210414861,0.1474060984880627,0.3905882020541488
550,2,-0.11669028120163881,0.10923932148875186,0.23015084991758145,0.15715039029368444,0.02452120899377501,-0.04849876488629078,0.024436881802530716,0.32675080880041574
550,3,-0.08826601243310704,0.2941488095421036,0.19367529887253132,0.38710944798780783,0.16124711856439317,0.18178313460496104,0.11904884170147939,0.5957320078720435
600,0,0.5481133308255021,0.08185584124924682,0.16668328458595166,0.3240220806441238,0.2712289763530287,0.30326620903060086,-0.12278981839750995,0.7877278203389505
600,1,-0.07827691339814717,-0.1110362768290699,-0.06256927698833324,0.081755500069847,0.10707742096174697,0.23755032376461865,-0.21944094226588934,0.3809268482277826
600,2,-0.26235153265184497,0.45003097502913586,-0.1122179148982305,0.31552440385734704,0.31960255298991175,0.3743030891155434,0.31008741188090694,0.8496514064192412
600,3,0.11324481715508922,-0.026685612844922144,0.09411685635086824,-0.03216709781982173,0.25749037932354024,0.021032324714803388,0.46266966961255374,0.5515760080744972
650,0,0.08121884335199386,0.3297052786386548,0.10192889275076442,0.0917351970648782,0.2330903284482727,0.1022725120382405,-0.043679044370539544,0.44811331567742646
650,1,0.1569399927422983,0.1393176766748661,0.03704411554572301,0.11680031977763708,0.12767822286504357,0.16406890205250121,0.17941961154803196,0.3666959064067855
650,2,0.21879083348423986,-0.10401454193130924,-0.14469512091131237,0.10099875492192409,0.03538360849337584,0.20849982803968253,0.2883397864230677,0.466572492479268
650,3,-0.05716822520762327,0.3406190394430215,0.3504138581237928,0.2500859580130945,0.1737243733277019,-0.17812200253807775,0.13735456687448563,0.6208029293443776
700,0,0.1295411910419106,0.22521514624740627,0.20470431852930046,0.1786664843542286,0.015687327248321836,0.18994724509885078,0.29645019345580625,0.5153029383660317
700,1,0.375583399321916,0.0018692119806425211,0.31086772422372155,0.1898741111771188,0.10853598620555996,-0.10479101416121792,0.28009786137735615,0.6123506615965151
700,2,-0.11693544292408153,0.046438944175101166,0.15808438862502083,0.46062613756612114,0.19564705761543166,-0.06804520574746181,0.26493928046020754,0.605060599769595
700,3,0.3282878561507893,0.12356009782615497,0.43811108579195246,0.1467337403918475,-0.1322744401913737,-0.19103920048129625,0.0279834718308751,0.6255299406729141
750,0,0.18226045303661054,0.22224805954280663,-0.028759710997553617,0.14510662291037116,-0.17694740049931498,-0.046937637070767174,0.10149878717383484,0.3851125209802719
750,1,0.01319491217121696,-0.08650485738903596,0.16330582738068852,0.17478566045031538,0.45863958858417553,-0.09159912518045538,-0.07412225357487051,0.5376902424632157
750,2,0.3748441934040282,0.11342581414853983,0.13940994568504872,0.13153501494532288,0.3509940488822437,0.25140689965963114,-0.07861663864888435,0.6186218596010151
750,3,0.21430941979266038,-0.1476525933213176,0.34549285806933516,0.19739863325125928,0.020119523943380985,0.054080665619790164,-0.11813895132527144,0.4933028244096954
800,0,0.15279672590802307,-0.03998630230180422,-0.036633550743306126,0.302857328303844,0.08534913919951259,0.2676075600380543,0.3375634866575479,0.5575461518505949
800,1,0.17638168418198508,0.07880623838616937,0.2912365902999083,0.03181898529507787,0.1260275498515242,0.38399674290665664,0.03145280048155985,0.5361696015448922
800,2,0.23943797032905012,0.21776486297792097,0.3817810846963899,0.06751431457348737,-0.046642729235205016,0.02073890283143509,0.1272162060059924,0.5233131623025423
800,3,0.31135636503648434,-0.3496436931788449,0.32884572484745467,0.5768844468953215,0.13311983214871861,0.5127280836414252,0.37258710569931197,1.0390191542257272
850,0,-0.09341656678549246,0.271642836025178,0.16661866165727204,0.09639285047942234,0.3863051460339384,0.32533790402845253,-0.052138456722503584,0.614300156006111
850,1,0.2000572210577405,-0.20837601033871142,0.24762220727198855,0.10100296433999875,-0.012477869121772733,-0.02284224384809805,0.07772099023224674,0.40209430158391973
850,2,0.2920171174954861,0.1606320173899565,0.18597263845410425,0.48798785307127923,0.39548233161993684,0.3365214745055003,0.11028949315357008,0.815850083438622
850,3,0.3316515559599811,0.2881599100634927,0.4090127357480575,0.4706481336901537,0.5861535330085662,0.0940179125886825,0.27396889061840873,1.0046413575307611
900,0,0.07291699265859129,-0.14175736396216512,0.08757241137772073,0.49400171066773724,0.19246242160732213,0.3597252501353423,0.3013210038400976,0.7309972928158678
900,1,-0.16000016910975587,0.08718195036167156,0.3431947287455571,0.24337826629389747,0.275127174377263,-0.2645615612446931,0.022982536457651248,0.5970195370991211
900,2,0.1176772809030008,0.5300196044837059,-0.04731994756156921,0.314993592510675,0.057598385075026154,0.3961862844821774,0.11430689526870873,0.7547026411897695
900,3,0.25493066331688746,0.20138753100237522,-0.3374918558287364,0.0997120550752465,0.09237000311549147,0.2750642676554783,0.2032955814032692,0.5957444835287762
950,0,0.25386279343303286,0.15232643083250486,0.4884328839874751,0.5380254296061815,0.05330285199992904,-0.053987943684141504,0.22449260947532926,0.8196587877200134
950,1,0.359786340432361,0.03216316001832334,-0.07485788722971681,0.2548840856764335,0.28946877782699365,0.7922886350983076,0.41612038319577566,1.041978842390418
950,2,0.31113466691765373,0.5424222525684002,0.7128601856951335,0.175186010604755,0.3553103750448087,-0.002821558478431019,0.31355821386580446,1.0744573704850695
950,3,0.15928264536240114,0.16843962615372107,0.1281925257785589,0.19246607741541832,0.09571156001481784,0.18870234407107633,0.4357631332152236,0.5847034881386904
1000,0,-0.029292793731271527,0.18277355061306677,0.5138718147636536,0.1896075568835865,0.2518142511643074,0.15546266160262726,0.18319759504642813,0.6748480727370808
1000,1,0.44071640840701926,0.15074548890304862,0.17755347389510365,0.017179847477111293,0.15836992853496637,0.16556411988269576,-0.0922388770265326,0.5565752966195819
1000,2,0.27040349091374366,0.19462458001375915,0.28718221517228326,0.41391033125497567,0.2781111288142133,0.09954410448541813,0.18954270992122524,0.6985509499436214
1000,3,0.16863768578658284,0.6072965423577467,0.21216332802874072,0.1603473521476415,0.18001390357085326,-0.02977557966333863,0.11583405693831611,0.7174130120774314
1050,0,0.39279344800637195,0.0482321704233756,0.5048650857065771,0.28432209438436423,-0.1477180590608197,0.29673794069840015,0.08762484728108806,0.7809564568301883
1050,1,0.593806659871752,0.397049725124686,0.24355879637428055,0.2402216283271408,0.3121612371359745,0.5670110726648773,0.2334110120396472,1.0491468184068784
1050,2,0.03992310960933576,0.32198938046612907,0.1614879551830748,0.3024320774252478,0.3115027663089672,0.6060221650282083,0.33756432192076513,0.8950201373691233
1050,3,0.061980601929856105,0.11020095735635767,0.24523307495668215,-0.01623132083597817,0.27707587967151603,0.3556304007510539,0.44064312855073984,0.6883305562153395
1100,0,-0.02511807143893935,0.5460713579717515,0.28641613104494856,0.4736131390960149,-0.1462922679245082,0.24058391151972613,0.39013550115238016,0.9146891311003477
1100,1,0.4876616706645277,0.4831409876007723,-0.007499127334888056,0.15525855058838434,0.41370960019969094,0.1670091051315956,0.3693027541252193,0.9115002863825525
1100,2,0.3478851759550813,-0.3153760808961453,0.3748379271367127,0.04462660167602814,0.3683247566652609,0.11224788886942583,0.2503195427851035,0.7575643614085329
1100,3,0.22446225062989406,0.47526132039441493,0.22998854644099498,0.22403718959156574,0.36722845783222324,0.32566007901418303,0.3587171390397927,0.8654092855876113
1150,0,0.18324424079356427,0.5359937001191851,0.020696699161583093,0.48789339360114903,0.590904371744592,-0.19265817573208296,0.06493121749005898,0.9745959303502769
1150,1,0.0006478556665414914,0.13002866117247297,0.1409585414073895,0.13162926432818817,0.40997586558087773,0.18274561357869445,0.370752708789889,0.6269267794428891
1150,2,0.3948729015160706,0.3133820601102506,0.40770104608155233,0.1445961326008997,0.02255118001526607,0.33911540072825735,0.7978034976017824,1.0923641059676938
1150,3,0.5282465643325092,0.22834831724580867,0.3696809902419223,0.07726709136734233,0.3405530654861402,0.1455239714518722,0.47658963683405975,0.91548507540509
1200,0,0.047646611432463376,0.5917221437156414,0.00041313214091004413,0.535278348830891,0.14430923408344623,0.2909203928676446,0.2749047338151313,0.9055168794957412
1200,1,0.38428780561948944,0.0038818887930958668,0.07452442084680824,0.3140768006196146,0.012309559528142722,0.00226130670870478,0.3849391411489454,0.6326334592406136
1200,2,0.2200387439606024,0.4620502059471425,-0.038421370186389886,0.15282170133440387,0.28689443613250676,0.38921076805547705,-0.01929762738121968,0.7217367619998067
1200,3,0.32022848880378574,0.08517949282000611,0.5292635755516629,0.3593121474482196,0.38265691056037465,0.3505582499073391,0.22107455719487829,0.9149963608478616
1250,0,0.20978421823603202,-0.008239607859022724,0.24185467297651084,0.37206365346887127,0.10794499553477707,-0.15556227931992556,0.14635054187646643,0.5461433697734523
1250,1,0.7918667027030258,0.1871421441990267,0.24369960109813174,0.4056941017293,0.1331850433254162,0.24209895976377163,0.348397258372179,1.0410490230839506
1250,2,0.40391067296315875,0.22731507009612723,0.15942632179900823,0.004514330980091463,0.2903130279739426,0.14766264492148415,0.3143656713505074,0.6672067073502638
1250,3,0.2118990509071405,0.2613236232660599,0.28343938814612285,0.5806793949694582,0.20860727027764348,0.165496977735053,-0.05594548873542715,0.7776591997198807
1300,0,0.3813211833847271,0.39254529413567907,0.43204616186742795,0.43308945309289115,0.22669662531954188,0.44788247559406874,0.2549001846268936,0.9953352144926029
1300,1,0.17645359326469143,0.16039933987570792,0.509109882276336,0.2336209237659257,0.15926725635656702,0.3274907894245465,0.4885640746324632,0.8613631976048137
1300,2,0.32386533928303274,-0.05106523594799728,0.2997815789378219,0.3787059683058047,0.4301386392000161,0.3742864588810818,0.4299615458115212,0.9223666054901617
1300,3,-0.02726784943666344,0.16207310381601525,0.18169160953242125,0.5522430451392152,0.2765520162554119,0.5788547032529199,0.553197959587919,1.0404697093802246
1350,0,0.18193842336382285,0.21668712249120237,0.17320481747067729,0.25601070552210564,0.01696476397113289,0.06808054128356605,0.18399687087255556,0.46300529251355144
1350,1,0.4197109416809447,0.18225790966788236,0.12122381833770657,0.23211851973941514,0.13684231586915585,0.3165725728521137,0.6921737450863679,0.9359476204484579
1350,2,0.2739270818238797,0.14670527061341532,0.4115528380501504,0.08097506714217381,0.08737771171419009,0.12432701631409482,-0.0009360817812349986,0.5436764941830659
1350,3,0.4368195562032503,0.23711027263901072,-0.07979053558630467,0.4709130441495895,0.072451076817871,0.36154733282461066,0.4257669527335884,0.8901692879652935
1400,0,0.23652950865010913,0.20821302074471382,0.32524935754982215,0.4527008563849746,0.45995977591000736,0.1885060681823696,0.5457564649015303,0.9772265513210014
1400,1,0.24248214815435776,0.026507305973559436,0.1869512971950541,0.29468072947999013,0.21849436256097046,-0.08026961846179315,-0.02450866746816316,0.48587181662789625
1400,2,0.058541270921297656,0.48148163970723856,0.09548330425116514,0.34543369182189065,0.301262392360255,0.2646144626980424,0.2958638665492522,0.7823096682655437
1400,3,0.42064586386252645,0.304323408053787,0.352086830382195,0.402304208144197,0.12765591870598134,0.21123270947327327,-0.17371738120915015,0.8040289243301427
1450,0,0.04159200464499552,0.5600102196300547,0.3202973804369871,0.4887120237681305,0.644132723935545,0.20555998025816494,0.6939249853301714,1.2631171568087696
1450,1,0.1621338197200892,0.42489682887737734,-0.019328118860119203,0.012117417628424276,0.27158967585831056,0.2117334683005176,-0.007809889822489369,0.5709624389451186
1450,2,0.23322933197495144,0.5223213461467701,0.3646769642222398,0.2850446712288426,0.24513867948561652,0.2137817672053242,0.5491731264384161,0.9740852127693407
1450,3,0.10461627841756482,0.37953376040107545,0.23794178489713008,0.08019957970025268,0.49739498124237325,0.37795698762348273,0.3843664396648272,0.8694995792853412
1500,0,0.3399987345301438,0.525909456140865,0.13897259322276825,0.385560096711191,0.5329208368188145,0.3012834293516198,-0.0027657629843709786,0.966919768101732
1500,1,0.5584988119814012,0.48547853359295634,0.3054389482895486,0.26033909580051556,0.4078228842773999,0.3334725245932041,0.39391592711793105,1.0683505570433056
1500,2,0.33571273249451217,-0.16278938988109704,0.3922479025188744,0.25176119496017096,0.39035273965554035,0.11428389967434402,0.3648209300648142,0.8093058276262064
1500,3,0.4502446256190557,0.12226186649858303,0.5265469789619089,0.5442496015205514,0.3085157462999633,0.3631971148954607,0.11603329292144943,1.0157191401944525
1550,0,0.2841076152506179,0.5752731644106394,0.2974434127016322,0.41300037345819895,0.39477551761487356,0.16472531981197752,0.07770743174943665,0.9272102394899292
1550,1,0.022066090243536507,0.20096515852407573,0.17696013911783276,0.36084887225311824,0.29269110632851486,0.23489822422414203,0.6926933439147371,0.9072320733381499
1550,2,0.5230180139727978,0.4874588426538433,0.009234022472054126,0.09660661194532413,0.8565269304376693,0.5353600633692939,0.37848845114841545,1.2977227587325884
1550,3,0.10573712028464818,0.3071699882378407,0.2047388351930262,0.01413687835417432,-0.15017417930271054,0.4044629376962143,0.3507432050443456,0.6758808550549404
1600,0,0.2715225290161485,0.41493408788473246,0.5589085544868696,0.27857260652831867,0.41443600423107574,0.2379650562717508,0.4076233112721753,1.0150948645031035
1600,1,0.5740148536316457,0.24561254404950383,0.36172931658236274,0.35987372136435364,0.35267110749672864,0.5652077965797607,0.22907060420670997,1.070740805646794
1600,2,0.1529798640214849,0.4517588799200834,0.6263455958323966,0.2379499815370358,0.09565982412717308,0.3320723910372859,0.32538826906588314,0.9495885024586962
1600,3,0.4747309263397574,0.7229050976965188,0.5405130525489152,0.40368971645591895,0.18992584030929177,0.24539490096578756,0.08931552468561649,1.143393512765439
1650,0,0.405696172376223,0.2123685971785828,0.44852530189093104,0.47367869179150307,0.34450171396951806,0.27258484028350205,0.31915724297737297,0.9644073447808316
1650,1,0.23859399975151696,0.16725571970300157,0.610753703851026,0.27585802022923067,0.21579077952761155,0.35539484738657867,0.5485099448593999,1.0038693262925504
1650,2,0.24424045898615948,-0.17453485920226824,0.2351165425711786,0.403075341883895,0.2469869283774489,0.4876821400444031,0.4236636990485761,0.886675070759919
1650,3,-0.05421289516833194,0.1931227387982997,0.6358083100762043,0.24212331675457122,0.09941327260705093,0.3220381320290826,0.5664311602120014,0.9682701866896557
1700,0,0.32644697424806207,0.16701862925811647,0.6533570518523683,0.32505343476504067,0.3034258215433205,0.02829546724513088,0.32291534648482045,0.9295914187502027
1700,1,0.05716666495401618,0.3110549404636065,0.5994384806749352,0.07897403022935878,0.1754850821331182,0.7041257341743039,0.3698465305402047,1.0625258175045542
1700,2,0.09931731753209586,0.43288632735064614,0.25577286138124306,0.2563795106825226,-0.03824597926450407,0.4157494508991396,0.3644179098244699,0.7971922515551269
1700,3,0.4619899640984411,0.3027905817427188,0.17105580684235824,0.01711087133256045,0.6884072516475885,0.09645808664444136,-0.01759256984082397,0.9045374173607855
1750,0,0.7705105542976742,0.2010644167653573,0.41750176804606925,-0.11133789924013682,0.5564459830733495,0.33771647298449514,0.37554558303814656,1.17708806010643
1750,1,0.4205941114460315,0.29295922680510056,0.2569797163792661,0.20482569412444723,0.5979278606947571,0.7268339552520775,-0.0920361765969267,1.1247189149570738
1750,2,0.42155402345781157,0.5720285464726371,0.5145013644639573,0.3350792894222697,0.17825282887669153,0.6162391118099885,-0.23522726298470292,1.1613659268664012
1750,3,0.35624327477167567,0.313645322721152,0.6589861108665536,0.2443466991434729,0.5424508628867383,0.64032473549204,0.319133047857695,1.2350567884703518
1800,0,0.5915169656511581,0.3440278133710742,0.2781489615879055,0.3698362642890961,0.6300125096443188,0.07163851219988787,0.581426069329698,1.1926849026782007
1800,1,0.4062431898536747,0.27339820270146054,0.09880848329178565,0.16849779569194495,0.28625245670632693,0.5188670233398566,0.46064726183849497,0.9172208495153276
1800,2,0.4398283833437666,0.3680916119676761,0.31627115777182035,-0.2103619493152094,0.4326472272885139,0.2641677878059515,0.2958290287043787,0.9042693703607799
1800,3,0.2646841194436968,0.6812048740053502,0.5460547654985333,0.6226170793666623,0.1243009120727647,0.6857682021295468,0.5593076746703214,1.420732000285872
1850,0,0.15934160567390157,0.46916430827304945,0.13254751902380524,0.13088851787433242,0.35620848262392,0.14971110936914053,0.3146548831323872,0.726987715994983
1850,1,0.4130698294022113,0.4412527532089316,0.5814732656580985,0.2975956014443325,0.5214051950495684,0.12481999641550989,0.4430466841841918,1.129486055756066
1850,2,0.5331323542945321,0.41379248873387753,0.2518732145379654,0.2165598418054141,0.11448125780276314,0.23460291009421114,0.35089099270567486,0.870092859864641
1850,3,0.29127717692348876,0.22047007168537505,0.615864917364959,0.36305578027617763,0.12850326724497757,0.26778061388290114,0.8901254176299599,1.2349458888199967
1900,0,0.4436288721385241,0.5742683581172052,0.41240729198870074,0.6645931992780669,0.34996712157508075,0.3374001550983541,0.48061618753101104,1.2671473430120208
1900,1,0.22892940557949604,0.6013080961871997,0.252016239064267,0.4975865584620313,0.477755043759367,0.14818304818535216,0.45164431984823034,1.0859444536676957
1900,2,0.4326098610759487,0.2306793573893195,0.06054975548129582,0.6316804059882972,0.8501715945906083,0.20796743097139184,0.5303300350452714,1.3001318412717933
1900,3,0.4573133573909335,0.4227282789364254,0.26224372773177274,0.2245589831608057,0.3670205508538656,0.07287896865331767,0.2117347108933019,0.8317933823562841
1950,0,0.260458148123787,0.4772786910823718,0.052718605891490355,0.4199133036586928,0.24707593274638542,0.7144883933120736,0.6323742004501223,1.2025710540326384
1950,1,0.6148274824645867,0.24535586823685862,0.4442038285587964,0.3068041260494887,0.3215958399140644,0.27649841685369453,0.5834777497634774,1.1180249065119126
1950,2,0.11495722406634812,0.1816498324346831,0.29484679017756105,0.4173449311537001,0.7086823002189148,0.464364344511852,0.563334536363478,1.158677648521639
1950,3,0.3274114032357516,0.726544004477905,0.16712645906826792,0.25598933062712553,0.45820656253095493,0.24078139950768518,0.6064487216482238,1.1680047929744524
2000,0,0.2479016476572998,0.36952010036632843,0.33545824812661534,0.575215612451943,0.482499369931449,0.06137142645854743,0.49592514174673796,1.0601506537831835
2000,1,0.3148512114901889,0.3688882855199957,0.42375030888866855,0.3781919857701097,0.26059642747174944,0.3604802318055452,0.19444073214656865,0.8907676738667689
2000,2,0.17590344253540616,0.43165194753249453,0.24584593269459282,0.7133367755152306,0.01643701628844202,0.13256157524104878,0.2377245612053238,0.9278527450864504
2000,3,0.6147445621758143,0.24422808603881438,0.46775559204896416,0.5944214172011321,0.36940197683249154,0.4349157108969412,0.7484074646454419,1.3767402002793259
2050,0,0.5290614372025029,0.3736861835950715,0.7267842774709069,0.5745717255841591,0.41422471411883305,0.00016888214329174867,0.45450219916965207,1.286875989877172
2050,1,0.23576284028160388,0.42155685813148486,0.4863774981676801,0.3478096335318811,-0.05107890285848937,0.11176257841993054,0.6002188591283607,0.9829504160955527
2050,2,-0.17789358246355658,0.4296777892802514,0.2861217343876693,0.37438056010925297,0.4716818485085825,0.434918976512522,0.5244899633233367,1.0606712892924446
2050,3,0.6446392053110316,0.4848251980616845,0.007038330713881935,0.27504441449197936,0.7730575411284629,0.26287901998865715,0.6885977993024734,1.3664568840589355
2100,0,0.3649954601362128,0.22115945106079418,0.5187206569541872,0.7362732983889635,0.6052711191790775,0.3826658507239585,0.24935710594861274,1.2523050450648023
2100,1,0.4964085574181089,0.3285083252966332,0.2508780776870072,0.49503036119959626,0.4767794281268643,0.4445316471717274,0.06856364842632778,1.0449698686317108
2100,2,0.511879928267043,0.44497159032604305,0.38727217465728764,0.14782714981108802,0.24548345308586939,0.4626447669482638,0.2332068732692071,0.9800720037367617
2100,3,0.28468908269882154,0.42336872759583544,0.3626627335465172,0.5962139920831897,0.5729473393054071,0.4858120805998805,0.2997929717883052,1.1838252376008938
2150,0,0.17027594747778313,0.4532371985791014,0.5838864417139795,0.5454317702281117,0.3754548258787264,0.6459757126979517,0.4366487578515907,1.273479538375651
2150,1,0.4249856063872187,0.09646459563294058,0.6150409285095326,0.4703330236797176,0.5275175311102615,0.7299427332026174,0.24955348113488254,1.2894862388110329
2150,2,0.4606028765395776,0.32315311744383873,0.4347389741163193,0.5473350716824498,0.8298690610344024,0.21639037975399739,0.46105934414500616,1.324099610012468
2150,3,0.33723433769947164,0.4969855699804947,0.45868197055532506,0.3514614828878041,0.5035986117021931,0.29214205298069573,0.5509625894661954,1.1563538797349606
2200,0,0.6004684298319632,0.4897639352302299,0.6968863190065551,0.8615990956753639,0.5525468053119652,0.4156096053472202,0.26468040089392,1.5415996956080629
2200,1,0.5430101226838349,0.5547395577738943,0.3518215526929652,0.562011210115878,0.5586761551711661,0.5305930722918023,0.4405053755148663,1.3527468411014218
2200,2,0.47076754051463127,0.5767610358373108,0.3162792498238266,0.3011290424178718,0.4480605698063263,0.4996639715202169,0.5002451336936532,1.2023536027948087
2200,3,0.30209892377084036,0.4838686330851612,0.38990220929444597,0.6061508572753875,0.4271870125209748,0.7002630089693291,0.6655955914256084,1.4002534503218191
2250,0,0.5042847008090569,0.3945814118559086,0.4316190535411211,0.3665503602701199,0.246659523040791,0.4681296979385944,0.6238245367893034,1.1831293721082867
2250,1,1.1262534308834953,0.5360678793301608,0.3710611514961262,0.8220028293780022,0.7761271416393961,0.3749418329554032,0.2844523391220039,1.7869131044353355
2250,2,0.48528786293245485,0.24825394226690825,0.44394380328900707,0.21604658592524134,0.3474423177289893,0.4508621928319119,0.428352324708344,1.023901925326057
2250,3,0.46404162383228104,0.49338471965208036,0.34552617548303255,0.5071816255906647,0.6658347821866809,0.5331337464684011,0.5997946801264312,1.3866166941937375
2300,0,0.38201626305391306,0.4664608349970623,0.7529893933748462,0.2750735637281132,0.5850234299752554,0.4547870824400316,0.7343127098514479,1.4472316634335505
2300,1,0.5921754810719716,0.5838375846693312,0.4959336886512333,0.623104525965245,0.14551815902458848,0.4189156709340563,0.4369381038904076,1.308941702316918
2300,2,0.328972560577555,0.5303301945701206,0.30071869139062035,0.18859486120234858,0.6189077311809525,0.1719916221491346,0.6905737957318038,1.1853239553243793
2300,3,0.2542326598905247,0.4008331307191963,0.30697671674801114,0.5237214361196074,0.6124037077125927,0.34271792511778093,0.3865708367754266,1.111643459287265
2350,0,0.5903781297124765,0.6245008660633129,0.3549590673870486,0.17370574600630617,0.6899281671091659,0.3919155398413361,0.7866448301586152,1.46394195527949
2350,1,0.5296214963103831,0.20171267521713832,0.4905695156477408,0.21220277332218662,0.0790704495829237,0.281696633183388,0.8536070112406555,1.1921096670059752
2350,2,-0.004882836630537957,0.6204464638251022,0.2610222513227415,0.6638798763478556,0.6167049556825714,0.8928000829153857,0.7567385821708967,1.6260126182275008
2350,3,0.5119110125061442,0.47503986655391617,0.3404510234234064,0.2065306883000746,0.8060429469628069,0.5037432854719555,0.3384921607067768,1.2900841278641035
2400,0,0.10420754828440049,0.4669453172235928,0.7578067704573893,0.2860343849669986,0.16024640341170626,0.4799111645085874,0.438352949161942,1.1546128601381256
2400,1,-0.0011900766318462264,0.43099987787766314,0.5547140139729578,0.38553460889563007,0.5364783843176779,0.534356916558916,0.32567157654084866,1.149571759329668
2400,2,0.22346680382630402,0.5436684052009347,0.10191461999010154,0.34690803202628284,0.4334080943206822,0.43054523431965264,0.2722037398685252,0.9610156974236209
2400,3,0.48529521309422863,0.08717522410275258,-0.10888550355924748,0.31699140724793495,0.3707599200113583,0.7979149800956251,0.0063300384826107114,1.062836709866072
2450,0,0.44511251849331357,0.6658594178045885,0.5743837643048056,0.5464887388005599,0.31497487478635033,0.3803202094135003,0.48638575850741195,1.3230586941799474
2450,1,0.572236891895244,0.34575353953886734,0.6182287067729629,0.5264100161768739,0.5033516721050418,0.6862397168998051,0.2601874647599375,1.3777881481704513
2450,2,0.54436996837238,0.5283392626742872,0.4397727001856901,0.15053344440873623,0.9053728652710151,0.5257628311198247,0.6857721126030782,1.5355622276037517
2450,3,0.6316693012062667,0.3905482720230895,0.6171861485393378,0.7401099305585681,0.2580532317179832,0.6690791212731544,0.32957448605626893,1.4502045348535735
2500,0,0.5480742803605301,0.17665961829156063,0.5481290427244513,0.5770442122890731,0.21930502298543825,0.5249410060696886,0.7714351803300938,1.3725121122791586
2500,1,0.5033798223816508,0.6327861597519303,0.450727766666486,0.5714212220680112,0.5663470802813412,0.5004058343651356,0.38020045773732847,1.3781127329438536
2500,2,0.6737376065868127,0.7536577447541608,0.9436640576170308,0.6598798451664623,0.36990119149561757,0.864927074819412,0.9832771470834369,2.0492987353371626
2500,3,0.18057110118463626,0.3848443962578104,0.24647333467498367,0.5624885651637619,0.5303510672766731,0.45439305293385024,0.24391934201534904,1.051235258676723
2550,0,0.15791326520347365,0.42514623869895396,0.9408129050586587,0.8238959948504614,0.8372774517328825,-0.026344356977586192,0.5441193998856122,1.6635543074752281
2550,1,0.9906014708191582,0.3674029271976861,0.5181182513197736,0.5038849229916444,0.5518612899926394,0.539809825000996,0.7733087430758938,1.6830254500598105
2550,2,0.4061542869775804,0.5138313111476771,0.2239419915304996,0.36179596693309635,0.5282091458026505,0.6017312801215782,0.5640276174607389,1.2526942351789063
2550,3,0.5256295820535456,0.3150246094608268,0.48498824337778956,0.5448288564753953,0.5860144011616654,0.6689160369654008,0.4324334174280416,1.3731129758856515
2600,0,0.45484742861714644,0.702190919952113,0.5367443384467565,0.4260720688029431,0.36745787367035765,0.7333644940443893,0.6507170843764915,1.5052812554463888
2600,1,0.44719625416335146,0.483340978340023,0.5994610032580936,0.24413884482041293,0.8969395076463467,0.262479800014853,0.792322608709692,1.5341875710365758
2600,2,0.4541789442851649,0.6877595282666175,0.48732161804558566,0.30946543413188665,0.5231653854878565,0.6631525292156344,0.7317213184387353,1.5038059322685169
2600,3,0.625481574054756,0.43825108734122165,0.3509013647040019,0.28399562400836953,0.3560891797570751,0.8335299939236542,0.7190108769394514,1.457952294525608
2650,0,0.2799327808247996,0.09349633614792324,0.19123297171154396,0.5056946343254225,0.762832655186727,0.6914192994008098,0.5482911890719909,1.3190900555783363
2650,1,0.2662351017532118,0.5658901937996856,0.5440448517485746,0.6688998566896682,0.5788610253679097,0.10032205308336928,0.06970297111217855,1.2184119849396144
2650,2,0.6056871772674692,0.15265930871328115,0.5343884180135942,-0.03395589714018454,0.6582448297441308,0.8074638552536315,0.7143965506614605,1.507492079754865
2650,3,0.5528450782918837,0.6274901721904727,0.3695742482862758,0.5488891449833563,0.2827036679969942,0.33891537649878967,0.7062890763276745,1.3530983966179932
2700,0,0.5801762484174237,0.13101575649303648,0.5723807133558257,0.5821770964535802,0.6686349459133158,0.30890967634743394,0.5087439365738934,1.3496806038364353
2700,1,0.7555407437875129,0.7045000430364163,0.34438150834047054,0.38036323843486,0.5710489979003404,0.5631005921818811,0.525703081456357,1.4999933024424108
2700,2,0.8848258361680448,0.7947507026951199,0.7778995346035128,0.5192713817399714,0.5064064213528191,0.6886143577089292,0.5070147185082418,1.8102533015104847
2700,3,0.5187636400376995,0.38365075756620703,0.35998909903709964,0.49990594925595444,0.6114712053622178,0.8135710066846205,0.7722459639320602,1.5581913792110502
2750,0,0.3505375533035202,0.4835421669356646,0.8456359007630501,0.7319563470600193,0.7530911395460289,0.3427386936192379,0.5974382435999047,1.6276050828207487
2750,1,0.6183115504124573,0.6003010882254769,0.7450552142712791,0.2924074536929276,0.4724766503191249,0.4342926584524342,0.8145663957430287,1.5680059542432878
2750,2,0.6309662991001117,0.7498983665519973,0.40517162330291123,0.2612348248040126,0.32293515577672544,0.7993249308736272,0.7685442610489869,1.5895727255843768
2750,3,0.6498050707949588,0.6570785777242281,0.5364961957253253,0.4327785001835567,0.5627455360160893,0.23042023142228335,0.460056899289058,1.3822274261213339
2800,0,1.0926392952042618,0.544921545968736,0.534166894553467,0.6464424952552037,0.40237013293172047,0.34350066015102454,0.6361428587977277,1.6966421118766084
2800,1,0.6052023307803054,0.47888230609193094,-0.002512761258312346,1.0249891054465194,0.9696640910050124,0.850418789812972,0.37045891674965614,1.8565848973246288
2800,2,0.3671292512492754,0.4794336861965723,0.4033831742969649,0.13067625797542454,0.47617055254928353,0.5530254171851315,0.29700848889501313,1.0794555877528358
2800,3,0.5946656297921706,0.5804138213097049,0.7820495942802236,0.4999561159852162,0.9525472696568278,0.6187530669926196,0.5139647588537058,1.7625057540999227
2850,0,0.8750710321416597,0.6580470083877078,0.4640714330310681,0.5749742673552759,0.7902156519392219,0.659723044974075,0.6824018418968788,1.8083363697281474
2850,1,0.7918105551502794,0.3758020942645802,0.4898878068740835,0.701522119257231,0.8918947597865283,0.6308974685212783,0.8230110925917669,1.8360745228019517
2850,2,0.5872678954272601,0.7647490247050972,0.4905786461556929,0.7806876395674088,0.4705884333483697,0.6985662969128736,0.25580766488454837,1.5983588948111027
2850,3,0.43339494984819155,0.6966855096754665,0.2652785886057418,0.311243845244152,0.4176482278409137,0.462723395044069,0.43397784868999956,1.1905154759237975
2900,0,0.4300113486921587,0.5580130416815019,0.6670407615215572,0.410217606127093,0.8055757885838831,0.4640135458618123,0.6675211848684035,1.5554277966985506
2900,1,0.3734624142370536,0.36120409304683365,0.5580689157196744,0.24722525638865883,0.7033405382294811,0.4720782076051476,0.7535682860428226,1.388493688250929
2900,2,0.4771990987672628,0.7246666656074101,0.46189084814529724,0.7907500737345641,0.663051440323544,0.6332095147820174,0.8125987685243796,1.7585214959025643
2900,3,0.9039000581642107,0.8626594493533892,0.8338886199557318,0.7093802500231082,0.7158099042415732,0.6614592575086975,0.5367248457278606,1.999448158542342
2950,0,0.6832883036065613,0.8582601720057573,0.6413550375218252,0.5580918449059953,0.8700349057829512,0.2983098743503561,0.5332924523704756,1.7483267939298632
2950,1,0.6229961165217304,0.877960028174059,0.3361250757949826,0.6611528847307436,0.5792935613624222,0.46591196802504614,0.27886796680200765,1.5295304870880262
2950,2,0.8113690294011584,0.4450559843992419,0.9390124176140404,0.6135295411212385,0.4811713109829366,0.5410126676641209,0.48374127895353825,1.6949287629373837
2950,3,0.6868551431722993,0.6396589921776938,0.5822024316082542,0.8385152663939816,0.4466116936187712,0.4742691509418477,0.6641238060984693,1.6698667011355135
3000,0,0.6393256178676253,0.8554979984593143,0.46255893525174774,0.672646032778572,0.9591714056680856,0.49348608735192095,0.24178333361693616,1.740409437258892
3000,1,0.6745443136571145,0.49280251873140024,0.9048472106558839,0.5385663443239639,0.5399073358214597,0.8428489155172119,0.705616624605377,1.8183661847953574
3000,2,0.29749309775976246,0.8195331528256783,0.7875293063719635,0.6409573690960053,0.5121601727273,0.35787149212698,0.7448666537390076,1.6541982554838675
3000,3,0.413144020649321,0.5795704749314476,0.23144965969383025,0.4765629683573722,0.8670265956121301,0.712744373113343,0.8231404912692711,1.6506274722853245
3050,0,0.5315271380813201,0.7381869615780949,0.6857860905970429,0.1459515602327282,0.3674858654002653,0.44195660783501367,0.5143785075572131,1.3834747060450225
3050,1,0.6627631632915179,0.5474548385751048,0.5596347408597637,0.5223800737193266,0.153148224107856,0.7443994513521597,0.4253687025189812,1.4434532380008454
3050,2,0.49531479148092356,0.9602636135047982,0.6237593280432887,0.6703730830044703,0.3079951542632562,0.48901546091505155,0.2791904766211265,1.5549479663701147
3050,3,0.6988687579191268,0.7860564559806558,0.6583199022829308,0.6502589361658013,0.9109977907721831,0.441936486670925,0.7196004201220639,1.8723177263147057
3100,0,0.496170434854126,0.9907864921983811,0.6110248120081415,0.3974530793815424,0.7737684745558971,0.9117835726845953,0.7078904731317159,1.9210255340130826
3100,1,0.5841300134187664,0.7671897891596535,0.893398392518024,0.3954764991758407,0.5956121126692757,0.21685069712855093,0.828612031583926,1.7241595943562613
3100,2,0.25189834732384836,0.5585120539528652,0.5687985837927927,0.8891167105999075,0.8649581508828958,0.4829266925001002,0.6990572131600564,1.7203199197145773
3100,3,0.6741124107472471,0.5287151602414888,0.5039369467351553,0.6386992518594508,0.5061355270120751,0.4579841252783349,0.5688515170220184,1.4783000787161669
3150,0,0.6128499992578237,0.8835346140262323,0.957661472468297,0.43445093925492495,0.6055329206356737,0.46948068881104343,0.010842395146248407,1.6879814699560536
3150,1,0.42471387747131784,0.3655360283906585,0.3404979498357642,0.4860397990514339,0.34669411915692583,0.5678589714739868,0.6635055784241413,1.2446173236035645
3150,2,0.4998191889658248,0.36102930025214086,0.6783393512135103,0.8791704894103751,0.5552772116775715,0.4747919894585874,0.79820191868099,1.6685721201681172
3150,3,0.6219349040806558,0.8207869918702805,0.6018316418839951,0.3388482908989336,0.8569768289100896,0.36931345440683305,0.7890775645914223,1.7409649382429915
3200,0,0.6159680843711565,1.0949842243266437,0.5367319895558443,0.4706735436857278,0.6030492562829757,0.7073536577529188,0.6438157557777351,1.834812872162687
3200,1,0.29364119463284016,0.9656181172486571,0.7962671564199642,0.6832505774202285,0.6013182441810644,0.7465197427295465,0.46019930893446187,1.802824172374055
3200,2,0.6001100572438504,0.8659695400028037,0.7172187921441522,0.44097443413384774,0.8333905844060858,0.48820687281456143,0.677791653179802,1.7919776545321562
3200,3,0.6695552489044786,0.7025537686649381,0.8338065605239449,0.32313620220178335,0.47778233291670036,0.430979444457478,0.42219793353834434,1.5276801854521966
3250,0,0.2639348804304992,0.7135464137698939,0.1398089765456858,0.4805314064947557,0.8125432152334867,1.0117032837603832,1.0305954293873163,1.8908104183999674
3250,1,0.8426697993374658,0.36463419885196785,0.6883875652925326,0.6925315775925655,0.21091291919899458,0.333629906709809,1.1215771702861745,1.791718850362263
3250,2,0.28025701218903504,0.6598548474116896,1.1418616662254897,0.5500226610427152,0.9871648403936236,0.6111814853764479,0.40862682793434374,1.9066563716814848
3250,3,0.6842415331295716,0.42731085697741045,0.6180719795285421,0.5833129621953462,0.8674224609620038,0.663652985369076,0.8211513279211916,1.8000540386363733
3300,0,0.6794782918750311,0.7635034523647091,0.6330028027129293,0.5229658716433689,0.7397354033602503,0.6543057974351473,0.6564424759842201,1.7677826195170212
3300,1,0.791725228868183,0.49232947287068407,0.4232963760564742,0.34762631072209327,0.5374585420877743,0.4792242555249625,0.5848791743137121,1.424725321549652
3300,2,0.35143465277524566,0.6745285505869235,0.6159919899198668,0.8256495872854595,1.0342195412389223,0.9303703105137129,0.37484020018965997,1.9275224001817186
3300,3,0.2979505075044947,0.5246354149995172,0.633016826346249,0.7233300810887369,0.6459176757472103,0.5881617231301255,0.5702128867929506,1.5414993107043689
3350,0,0.7526089129566538,0.5546508121002018,0.47194526328197617,0.6445405801732929,0.8818547960211238,0.7058571784838023,0.775784958577412,1.8411863376332005
3350,1,0.6303459856554634,0.5954369749557379,0.6225186672892599,1.097791945034483,0.8116528025487261,1.1225975262185073,0.9530418610306179,2.274170654352132
3350,2,0.9825365530841588,0.8554534253762595,0.6915676919258936,0.7344597674963766,0.8208601144868172,0.41669986893618166,0.5793611964515769,1.9743315749897632
3350,3,0.2926723863453159,0.5851953673817459,0.8108286104681465,0.8097157871331426,0.5188747652567025,0.46329685599863973,0.6370952385428786,1.6220230506971527
3400,0,0.7517123978689944,0.9621352962975698,0.8012960272602885,0.48954405215610847,0.36893454775432555,0.7682689026451006,0.7775279146249024,1.9244230369425677
3400,1,0.7903902149176932,0.6253910864717422,0.8127429667983331,0.5879326120153239,0.5580396263309528,0.8357884981998801,0.8021135293262438,1.917128931875544
3400,2,0.5082601800208273,0.8166192936457919,0.3771728807993594,0.6582775544987751,1.152308544371191,0.37164597375286235,0.3901691581725977,1.7660554593056843
3400,3,0.3712246018653801,0.9161533964795128,0.8599855490980376,0.44402314986672514,0.5478514469076767,0.5611722843499403,1.1182171072371094,1.9440528523435707
3450,0,0.8367297672589986,0.4331318663100821,0.6353524614163593,0.922687225508782,0.8246405775427154,0.5739655069278323,0.6990875679083831,1.908123763347765
3450,1,0.7014075506962124,0.7661045421804707,1.0138616749659044,0.7378585456961185,0.5127997562827381,0.7026514103337537,0.6983535763446954,1.9737324446909577
3450,2,0.633712998965994,0.6280242854971961,0.8459228843521214,0.7827038297905099,0.4613850837470871,0.6847594722071098,0.9026529871051661,1.9028325268093425
3450,3,0.9331389485494405,0.6946517073217586,0.37133599244572185,0.7067092633316189,0.8404102252708207,0.6609097118165909,0.8771001607047235,1.9756045605765467
3500,0,0.5859523210559887,0.7307565799967165,0.870210751707976,0.7611496041192404,0.8539489341991889,0.2923499344987924,0.4153928550817735,1.7891923497692475
3500,1,0.8381289667232028,0.7444427817170127,0.34947703698755905,0.8002075310929241,0.6650609552567484,0.5491648896706192,0.7100220252897368,1.8075234269466622
3500,2,0.6997496286764727,0.4856667533555723,0.4936925273640901,0.7503355625656593,0.3383145310200177,0.8134797256578014,0.24469803019861336,1.5389413952819446
3500,3,0.6412993058487395,0.6608803214996587,0.5281159542057557,0.7063374889299834,0.5787463478146648,0.5142039209774592,0.6431496808643233,1.6244510543058615
3550,0,0.9686007209483756,0.6788086419005649,0.5926642665820993,0.7288318194697934,0.6903229071724053,0.6418508604230497,0.9435500664631211,2.014998822334862
3550,1,1.1929900846396868,0.9896966198990185,1.0850119584644653,0.4862069841021919,0.5459108150612508,1.01187845909271,0.6264676220008346,2.3517549273427387
3550,2,0.8351550447071105,0.6414960500218403,0.8295236341216181,0.7270182094305697,0.4678200936137785,0.7030978476006913,0.43167761890675616,1.795888041403991
3550,3,0.9025490219943967,0.793770081596635,0.6827326817708431,0.7272956289061955,0.7302637660967489,0.7496472995225962,0.3307170688952813,1.9090255492106571
3600,0,0.6471572705641485,0.48872298261939917,0.5940975136584907,0.856671393797396,1.1432293027680331,0.6408824272485206,0.7465671843908915,2.0048856586706374
3600,1,0.9132202173210642,0.9447843045818759,0.6538585734032487,0.9183691092127614,0.9671893718392915,0.9184420395267254,0.5018558845241249,2.242403128805735
3600,2,0.6862695513211357,0.7412301604615927,0.8486210243833191,0.818619145458149,0.8429151873597615,0.6391758041457347,0.29094702411711376,1.9011535678934903
3600,3,0.6641251280254035,0.7815176881035136,1.1651701163873802,0.7574337398131752,0.5694153408894813,1.0504856785964989,0.7886371323490572,2.243404081016023
3650,0,1.0705286271698427,0.7275691615669301,0.9246542322093587,0.742348927536563,0.8837199084706218,0.7607901728992205,0.45222431049255873,2.155394441075354
3650,1,0.9179854047797329,0.6258251761363206,0.794526389563716,0.9435452462821077,0.4305024653259815,0.8967680586541155,0.8862647170086325,2.128589824803688
3650,2,0.8049270532209903,0.8410848072189436,0.7637036191611511,0.613485311343815,0.5015788961646993,1.0390243819002554,0.8037197855069599,2.0717280728832086
3650,3,0.593953382865886,0.9210409806670249,0.74410839594457,0.8859902307369376,0.6743154882746849,0.7221441268754116,0.3555928058007779,1.9085106403181107
3700,0,0.5322797950536104,0.7889462070870461,0.5449337582200215,0.6242181460920306,0.7238332455707157,0.6711351707934868,0.786304589599437,1.7846542760860704
3700,1,0.7974506883776622,0.8840849290868491,0.975815382913035,0.7963144640952826,0.8101825020419698,0.9134702453757383,0.6485179460724405,2.2170397496818572
3700,2,0.42979082117896944,0.7136496168605773,0.8334157871308002,0.5950762449777021,0.4338396430312979,0.4211584713885279,0.8692466275253395,1.6923045029020565
3700,3,0.9841199976808341,1.1891692023698384,0.9168262614665083,0.7863811922822638,0.7333365026297713,0.6004113479354852,0.868588249870337,2.3439929811375197
3750,0,0.7961148926452052,0.9735724252801576,0.5073145577187084,0.7294619769999793,0.5972654913905472,1.2255476310704547,0.9294322360462859,2.256914347189502
3750,1,0.6934343891232299,0.6843376873666286,0.7029024380004104,0.9960887511462824,0.780864083283539,0.6462534567525692,0.7683181509069495,2.013240916486662
3750,2,0.5941571089888211,0.554573543732752,0.6634817968987659,0.7317782272401867,0.45813092058933774,0.7025279142611146,0.7647749044801715,1.7101438592960019
3750,3,0.9731525095283198,1.2402951282401304,0.6375191578123363,1.004974244712839,0.644192434201635,1.0052416456550923,0.7197078283787761,2.4176922338715983
3800,0,0.8788416721292399,0.9533055896254257,0.6082464249456018,0.5712100737455726,0.5593790292239768,0.47551911621372317,1.3034293825671086,2.1483366536111235
3800,1,0.7627533571275217,0.6355541980977866,0.8553012894358509,0.6598408488443336,0.3143215271090103,0.6512043627286783,0.8941771141162144,1.8641539421124724
3800,2,0.6410317137351077,0.5697347720881545,0.6707498671090718,0.7982759388532361,1.1501114378021748,0.8613502575899912,0.6711032969019838,2.0827216443984553
3800,3,0.7654340261419368,0.6122801983770673,0.9710486763409694,0.7930614139950891,0.702765839040318,0.8055880452834816,0.8671081444988511,2.1041356147772174
3850,0,0.5114453549443723,0.6042301563339885,0.6191226894374816,0.9342039780212857,0.9231527643672602,0.8655942022025056,0.5109748000754427,1.935272592066118
3850,1,1.062749125829214,0.84549893644042,0.5987378706310411,0.6519170428002234,0.5769427419430126,0.9254141315533432,0.47521577877758775,2.010689260714435
3850,2,0.8472573699175602,0.8826048178902001,0.708630976469129,0.8854789394084914,1.2333206458679036,0.4364505756701928,0.7925644792368314,2.263359119244007
3850,3,0.34804425602720873,0.2691802259181416,0.6217592425027334,0.6481740036854148,0.9959752623389455,0.9387933518323738,0.5274496795181037,1.7753336976268919
3900,0,0.9132259573609836,0.8837741431183226,1.059529886049631,1.0927129589364064,0.9302098911924817,0.645388822208537,0.5345300423012243,2.3450379772892616
3900,1,0.6193771868382121,0.9180523634443012,0.9512122976116371,0.7076121222108888,0.559563678036435,0.8266991431725742,0.8772147083012549,2.0971448733429647
3900,2,0.630677871183991,0.6536421162516937,0.8962104974364249,0.7075987641522254,0.4862644051315562,0.9803271882654288,0.8589744404986961,2.0159919189482283
3900,3,0.5286525215784741,0.5803998672126106,0.8482765295351853,0.4274621168792332,0.8647916528716288,0.8629741493205296,0.9423165969229733,1.9746351512285143
3950,0,0.9215420025499473,0.5699479615784401,0.9909408549993934,0.5962324462757445,0.30474852725135376,0.7209547604572566,0.6156012221288754,1.8716702555857663
3950,1,0.727353028656163,0.754167725280312,0.6315654847265494,0.5530830422790085,0.7036948401166196,0.8007820420463566,0.6333459844346503,1.8276084488134874
3950,2,1.0077067640046269,0.8491066643286701,0.9736500524799744,1.0102133730028577,0.668353752187164,0.3483502668364895,1.0552938965522545,2.320920159739292
3950,3,1.1742626146811181,0.9077007006949905,0.7423664787822668,0.5708128278511482,0.9681956706082949,0.5031031997466042,0.7088612393906469,2.1846620943361654
4000,0,0.49518374851549013,0.8341662617972871,1.2549761386407687,0.610461250862073,0.9893919125375565,0.8873363265222061,0.644115721931475,2.2516250843949233
4000,1,0.9030667843276465,0.8880544832747432,0.8250296133934443,0.8334186101085569,0.531897351674038,0.765578712692413,0.7166243659833843,2.0885418034692
4000,2,0.654577933270301,0.3226106683522376,0.5902771249480068,0.6837694504497474,0.704000930712864,0.5953963771252573,0.651924263219313,1.6197645078766343
4000,3,0.6566658342880469,1.1997539212850625,0.6663073047940553,0.8085980310440039,0.7678273401376312,0.7449442363757786,1.0777792094886602,2.2966332867413946
4050,0,1.1024741468032973,0.8014261728055712,0.826445906922233,0.7733751493745543,0.8686856708343952,0.7315271867054307,0.7501236317934901,2.2341189306174574
4050,1,0.7911458011893072,0.8709268399550896,0.7720189652884764,1.066123119380969,0.8995532646731585,0.7691074178045284,1.4176978280918275,2.5549259197909633
4050,2,1.0485704688744832,0.8773225289247183,0.8999441141607423,0.9314598284141041,1.0462023740337167,1.11175090923797,0.7148341218041309,2.527494605698899
4050,3,0.410317033766601,0.6498097245204163,0.7225672124838325,0.8492953207507172,0.8754169114186188,0.8791535808293905,1.1012133736809098,2.1414843792431886
4100,0,0.6888194715854472,1.0791609298135407,0.8177420827994889,0.9726523697130313,1.0062794694316552,0.7765603075995823,0.893587222273783,2.38074730471562
4100,1,0.6741478374639289,0.5986240505916334,0.7419149164409312,0.5665024335263628,0.7480053743155488,0.9842041097308607,0.686032349025759,1.9191141093376216
4100,2,0.890930742867108,0.7729287084993943,0.8496069036501238,1.1329844883827696,1.2119912939750137,0.5699311341824642,0.9002418126877907,2.449661575472688
4100,3,0.4694506194690769,1.0439264939381914,0.8565861195560187,0.8737041695159696,0.24362361563048618,0.7823609584509591,1.1780437716240533,2.206013016320396
4150,0,0.9309897099391159,0.8566000892764156,1.0941114655348494,0.9364966710071416,0.567048471946189,0.6630210984669809,1.3183643083454877,2.4847206810527624
4150,1,0.9800032809715677,0.7951967548104176,0.6934775468390711,0.9282872128693804,0.7909046867214359,1.254122153770352,0.8385504264259525,2.4159660562262584
4150,2,1.2166876411695862,0.8516058421832198,0.7597438857798418,0.5484671450194991,1.182864478731374,0.8436152082776651,1.0282874025204185,2.500363630479595
4150,3,0.9928120804298052,0.8246445175542604,1.2254078133881547,0.8201047719665537,0.4632727797798572,0.6929130167310705,1.4052075957887804,2.5513269210349154
4200,0,0.8129352176314983,1.0233344562654916,1.0288371593658976,0.5905718022970867,0.8324109886391927,1.0433758347419044,1.0778505638811713,2.461434755624427
4200,1,0.655092618310938,0.8640124483172927,0.624283858737277,0.6238916969171471,0.4948884757647103,1.1088844713312205,0.8627723794110993,2.0429269659128084
4200,2,0.6362645427127483,1.1998033916900168,0.6526288118303412,0.646253806363285,0.6037981315005216,0.8670167838858247,1.0030174250898276,2.1932312549002937
4200,3,0.6332479886472302,0.8000809047048054,0.8301922966193583,0.6775525034842369,0.953446588988622,0.43571215840011207,0.6339746486959661,1.9210045423589712
4250,0,0.6790629554363427,0.7446143734092444,1.1771973273769871,0.9860674949046467,0.6761985542127685,0.7158483553453042,0.9399825501592598,2.2862524492711978
4250,1,0.7652561759289325,0.5984922890509012,1.0757552797339371,0.8320694859627663,0.7784976067585689,0.5660356658764055,0.9698465354793749,2.1588089974221565
4250,2,0.8875977405410531,1.1242888797119766,0.9065544615243663,1.1344751886292217,0.634449286250512,0.7445574105509148,0.9662469336979558,2.4599298670273924
4250,3,0.8868204378230683,0.6390459797521802,0.7990290154615984,0.8152587148021706,0.8819650282582202,0.7733423132409587,0.5187661797035086,2.0354270771786727
4300,0,0.6470779060151199,0.5545640572165182,1.0449207757386045,0.571521347240066,1.2177993238694267,0.7393808018499335,1.0147350969941233,2.28126142043462
4300,1,1.06569193880314,1.139741130714179,1.0059000425802898,0.8717035510364148,0.4103721157564012,1.0260369843476507,0.7107342300996942,2.4357157967421332
4300,2,0.8966500148832817,0.6996821578776397,0.8919290735936942,0.9756946581526957,0.8023349905133186,0.9416620183197384,0.7417240974626149,2.2631123127270225
4300,3,0.4737794017582909,0.9956854337997918,0.8488083715624599,0.749585788195387,1.027742098809412,0.5118678082176888,0.874434882010822,2.1403527157322864
4350,0,0.45372424024690267,0.2780844149600161,0.9599523344478836,0.996301141913031,0.6871347220643668,0.8205064109006117,0.5339486019859223,1.9046803101777035
4350,1,0.7757031054496556,1.1342756981382123,1.1616779380942046,0.7984958807557493,0.7365622247274345,0.7806156364758978,0.6792865592594937,2.3427980884033883
4350,2,0.7770290370784803,0.8900705903857372,0.9372771859320063,0.7355133061945915,0.6332548969374011,1.1287376109816467,0.6891200408884746,2.2283210982451633
4350,3,0.6509139097121162,1.1036849197825802,1.2400605610107132,0.5724240597464482,0.8256265593359836,0.7595347523035297,1.041383433351717,2.4187311818100357
4400,0,0.8869611674493738,0.9690353672070964,0.8528709591652732,1.073251004691815,0.7601970760576757,0.6366398741456808,1.083711298669824,2.4005470939317846
4400,1,0.8679726106079054,1.100362481998878,0.8951310151886923,0.9990962195017992,1.1859453140380638,0.9345349077432613,0.48854644019677684,2.5064170125181184
4400,2,0.9729824856062447,0.8152967619871384,1.323207390420141,0.5519423073550646,1.0817443579609147,0.9210303096091262,0.8460473016930138,2.5300564341561858
4400,3,0.9398946057013318,0.7521903020449543,0.9642674053269418,0.643161194635893,1.0671031844154149,1.2384798626484415,0.7761512885927038,2.463252417178901
4450,0,0.9366579846854699,1.2046701116693104,0.920877070012555,1.140846048712747,0.9110690313303548,0.8542622307423532,0.9644484619765136,2.639710991319653
4450,1,0.4824814898341241,1.048979186591805,0.8132347560668073,1.0962770012313365,0.9307772110929453,0.958881070720287,0.8533714587468038,2.389636316454549
4450,2,1.5112691690710585,0.8807865566929557,1.1646895458190842,1.412823050343584,0.7188246975616894,0.6155548709894745,0.9869530619872238,2.877843508800931
4450,3,0.7179215154145406,0.918969782017578,0.9480235551724466,0.7585619665309357,1.0338770928682581,0.8702016899534959,1.0680698896470993,2.4085281385759307
4500,0,1.0505660220984716,1.1511099639185627,1.177170030470928,1.065217764252996,0.9785053055513389,1.1528359241812547,0.5774754233665913,2.7512074526300028
4500,1,0.5469177872509716,0.4270144761903227,0.967858769677174,0.8420659389733693,0.7302713776787931,0.7579719212255436,0.9780390162083372,2.0473553937108004
4500,2,0.5630286752820768,0.8756917622439696,1.041125162727516,0.8318075342425981,0.8799606423221379,1.2189118001443688,0.7149613411978022,2.372957892191415
4500,3,1.1693397414947961,0.6086328456444414,0.6888217817925681,0.6480954832657175,1.1354590169894923,0.8694276341172673,0.831401512893402,2.3170439443844413
4550,0,1.153738307838841,0.960420595168779,0.9098970928888465,0.885499022197122,0.914089253076789,1.0933620395956671,1.0840825841717152,2.65928106865042
4550,1,1.2878557834807172,1.0948473348074783,0.8622454056622654,0.7490509541149704,1.0435263109876187,0.898618739493633,0.7378580715421982,2.5695729239425233
4550,2,1.1026523204829557,0.8323690990683169,0.7866085344534489,1.035510948172415,0.9259643313714072,1.1194636660305053,0.7449143063517758,2.503042655160373
4550,3,0.7031993071063751,0.7115174085952365,1.343123616654296,1.2804262485908358,0.5417034950117542,0.717282508689933,0.8837613349872624,2.4562552161660287
4600,0,0.8949973206660558,1.0317204634760349,1.0152452545323867,0.8440522498444945,0.9813570851662257,0.8080449784430572,1.1691855145993086,2.567412633258345
4600,1,1.1838288611534997,0.46399165468757897,0.6883056423624907,1.125764464176144,0.7919448175520101,0.8785592312560714,0.7919616649341132,2.3203653828282107
4600,2,0.5386582157919216,0.934131879561426,0.9639892399023643,1.1043381827297534,0.9651292249749543,0.9862599058343502,1.1144468266054566,2.5412138576718806
4600,3,0.7549074397995452,0.8069218946859165,1.025030342360116,0.9897686322981774,1.3625345059016396,0.8382811096658676,1.1704506937694756,2.679646928266712
4650,0,1.0188067120614028,1.0311907679698444,1.3671691149651597,0.5779014200347629,0.7931863600262586,0.635348612901188,0.9900255356029994,2.5134450420635006
4650,1,0.9106809370417469,1.0544170002131905,0.8470871677923129,1.0574149536391615,0.6919480870597299,1.1056217778586643,0.3783763578643433,2.3709024384186685
4650,2,1.2238212662260266,0.9498937930323483,0.8734939103129771,1.0092243900925035,0.9583741481827024,0.6875091091553784,1.045645939380094,2.5818767213479656
4650,3,0.753594101987844,0.8174617143774248,0.9436801204070312,0.8843112451230946,0.753550928063473,1.1123487304043964,0.4399720722917352,2.215269824770926
4700,0,0.5449658991182785,0.6021040781681459,0.9139770423899783,0.855668562317622,0.9785814986825284,0.7981377949724009,1.4191101298129563,2.4156901963140966
4700,1,0.6668186131268733,1.039876411680537,0.9028109938920117,0.9447488274571695,1.0167674867585224,0.7405221068378607,1.017315752223943,2.418827919597384
4700,2,0.7386753434118538,1.040412978910919,0.7581970778793417,1.0252917793208964,0.8490973643893631,0.8979672837657944,0.8676703348538491,2.352519895391061
4700,3,0.6994423359510862,0.977894955908691,0.7388753628744105,0.8300724570955749,0.9873215982711986,0.8253531150593538,1.1491886639894937,2.378466207537282
4750,0,1.0777362368519094,1.1374059540035042,0.8987140304092288,1.0894004743280592,1.0087574325368063,1.3635291954619797,0.5473300014685548,2.7615324653948847
4750,1,0.8994680475516602,1.0225758556150608,0.7236363563875688,0.8144574968604869,1.0761766177154888,0.7764428075838863,0.993712480562378,2.4062790319335634
4750,2,1.0492961061594146,1.0471086804862357,1.0986890519375985,0.934028611043798,0.9975100882095935,1.3661274581911271,0.856631440977249,2.8057323500329288
4750,3,1.1843456535981847,1.0322179727528467,1.101376811621837,0.9503493688315595,0.9882504431194811,0.9304977648386593,0.8729825570576999,2.6812137080267076
4800,0,1.1794735108874443,1.17553635431884,0.9051200872521902,1.0569828440568403,0.8052284660864486,0.8768008010006151,0.5001107669515248,2.5252290776561996
4800,1,1.251346771850179,1.0194054164360074,0.8979937893420028,1.0280780168745371,0.4851862433574462,0.9401425574154136,0.5575340966717734,2.4286851152248903
4800,2,1.1598602451976723,1.2058638284031482,0.6601066072008783,1.0508124062941875,0.8834020056956037,0.634201428057496,1.4633860739428473,2.7682919216658095
4800,3,0.7079741476777986,1.1757149985262152,0.8087043277806649,0.6081958254779911,0.9453539142417137,1.1751315419802537,0.7194581110248394,2.3874015458418563
4850,0,1.0334459705379053,1.0261159791946648,0.9860513243834843,1.4677748184634347,0.8387585933053672,1.2000062444154778,0.8022982023699554,2.834571939256305
4850,1,0.772333331549957,1.0497667208672605,1.0518422097539442,1.162598919839592,0.9751519311347443,0.6648806413654376,0.8256482269393033,2.4962371234724587
4850,2,1.089994427539125,0.8471183290563737,0.5535589359409916,1.071641440733353,0.9157218276846358,1.2762977495173804,1.2426804270121723,2.7151937763900316
4850,3,0.46329664012333294,0.9511054410649408,1.1612003335401009,1.0738364678197165,0.7173854542726339,0.9523150771889312,0.7211109960259098,2.3584535772066544
4900,0,1.0961666573994462,0.9639900760789095,1.3644923518774732,0.9434111552740947,0.9611499306254833,0.43758025450989735,1.167187365302518,2.712993587865767
4900,1,0.8180227225194647,0.6617656843856738,0.8481867340153952,0.9662770681215206,1.3412380012308782,1.0567775243584725,1.1410770628894822,2.64158325235328
4900,2,0.8542110112835783,1.5075869799166721,0.843545388017169,0.8917958674925316,0.5947069834063001,0.8865280355307242,1.0020500622173198,2.579355796670576
4900,3,1.106410333635462,1.0268180164769138,1.1374140790502423,0.7603701167613313,0.7884835477009725,1.2433114719202822,1.26370624923314,2.813335346626287
4950,0,1.1568801378580547,1.1244041000737945,0.8474475042823881,1.273753788373959,0.9461620878321223,1.17456493056513,0.8847244066231437,2.828574723740505
4950,1,1.1459904309817153,1.0955288354388393,1.1153805544733206,1.2398489044178465,0.8889161302357728,0.69442716456216,0.8400386439790091,2.696820809975379
4950,2,1.068400492623215,1.15389552721143,1.1398295713777913,1.129769604428888,0.9466990023968962,0.7401821041307974,1.2577151319476985,2.841566682796613
4950,3,0.7909999156274545,1.249691797390072,0.9922213209851519,0.766529646171308,1.177775979837185,1.0719089625214206,0.8375980654812482,2.6452215228930864
5000,0,0.9172857502624714,0.8761137826570435,0.915803753843103,1.1623635995110495,1.2067202175240435,1.1512540527290107,0.8680866147646388,2.7081189244302766
5000,1,0.7997491232140386,1.0410598160429927,0.9620331154695648,0.756924953959623,1.0299010624952962,0.7644591318565073,1.1404214586561254,2.483445664398369
5000,2,0.8514448234074747,0.8353633676030885,0.7941944071792427,0.9645110853728407,1.0018529071986348,1.0102390960931602,0.8791168609912234,2.404361738104104
5000,3,1.2137732813274948,1.1932397360312115,0.9650795602134175,1.0275129849634752,0.909647205570987,1.1005573416125725,1.042065058110812,2.829984491836404
5050,0,1.0547089296481675,1.1960446584022275,1.1296858506525014,0.8463829380800184,1.003468022836331,1.1573793329668463,0.7609811265759303,2.731493221380592
5050,1,1.3919850183029845,1.0571905832601558,1.134133748536418,0.9752589388255927,1.06394073490781,1.0488876294185736,0.9950343976978229,2.9180288170249025
5050,2,1.132264006575854,1.0045452487547062,0.9338061086923792,0.8666039335111604,1.315542712278552,0.7133535664470996,0.7747531207220516,2.598826177383097
5050,3,0.9701926872366917,0.8296163049837059,0.9890522208858131,0.8739330120809453,1.1122069960908958,0.9156099550618579,1.1580784393206385,2.6053813411260243
5100,0,0.8901558266337095,1.3155011575219273,1.0680078228221093,1.0088296529873686,1.5671047270432086,1.1363543733002628,1.106724238263361,3.106968892069364
5100,1,1.2786140931831442,1.1122529450492629,0.8477080180725354,0.8649016479198746,1.2483267403916007,1.2948133431123054,0.6201377041501631,2.8210027249053327
5100,2,1.0758602255899405,0.7993797014436343,0.9217146561655554,0.9257888170852964,0.8122458537608017,0.9518208827432245,1.2617083639033961,2.580841004137725
5100,3,1.2845833360855377,1.0723955193594619,0.8632165404832401,1.1631323921642307,0.8420225997101818,0.9687014611146637,1.2091061776406966,2.8297576897596217
5150,0,1.062896987217015,1.0858561339336332,0.6540577740531617,1.2432361295561063,1.1458825878496945,0.9189600384096966,1.044923326079088,2.74438707353474
5150,1,1.1269697198420063,0.8230453971917107,0.7235317263774877,0.7083466559646256,1.0992763969348727,0.9646958000454224,0.9651363722223308,2.4583027518676706
5150,2,0.8709724002317717,0.69660206197994,1.0240402614576962,0.9423824080917522,0.9071762306551355,1.1118298403477527,1.2676923226239212,2.6166330554895074
5150,3,0.9147546547984998,0.6481527946886589,0.9699403918568849,0.6725060506279465,0.7735279277844407,1.2089142558200612,1.1188183376127965,2.441618414329121
5200,0,1.2204685316649102,1.3236640839149827,0.7829673532770911,0.9162497530622258,1.5082621146925705,1.2605943881027484,1.3103985717198128,3.2055075674241493
5200,1,1.0817370884350637,0.7862951684192866,1.123518336907884,1.0920794824651459,0.9082083314205223,1.0053319941121697,1.0689047363340696,2.6872734131028966
5200,2,1.0430654938697563,1.3669899598916442,0.8079557930858845,1.2793664421191449,1.1229791848267783,1.3311510252524452,0.9475644161589194,3.0293797807642746
5200,3,1.1643943158078498,0.7416229130311844,1.1958007174664986,1.1435879284822759,1.2133738977483983,0.9786183213633297,1.0807270857874995,2.87079996559881
5250,0,1.403462228041291,1.216361763716311,1.1978151846022218,0.8513282876880401,0.9410065336209565,1.196439805893723,1.0291757152112453,2.9974868463224493
5250,1,0.7341985482224109,1.0707359313015776,0.9009840307903669,1.1855876921484563,0.936086485047378,0.9850634996845293,1.0171347496475547,2.604627506409505
5250,2,1.3226288162736979,1.1732146987302157,1.0497294949625453,1.2177058546297606,0.5363700385346064,1.0552203904168267,1.1624466034645988,2.9091208762173406
5250,3,1.1147306249906122,0.8912417362085365,1.0945793611793062,1.0170734959903551,1.2746336602388812,0.9338784371673475,1.441679694929142,2.974010578126579
5300,0,0.9776600214663281,1.056338551717173,0.9335072840166154,0.8648305385387697,0.8827424759966158,1.2041963081714224,1.2843628475766704,2.751354014825498
5300,1,0.6776087195084955,0.9361515026419386,0.9632168329105384,1.0811098329314996,0.8683547402273257,1.2527297630643965,0.9788774684565744,2.591079169595303
5300,2,1.3589120374399064,0.6835214086062813,1.1353629815314206,1.3122863224767967,0.8990723375923947,0.9890033374445449,0.5226949450396853,2.7174724669781156
5300,3,1.0330400111215396,1.093033271835084,1.0021307207896888,0.9083031205796548,1.0257794854801197,0.9516627190439767,0.9054158080333322,2.620846658507206
5350,0,0.9190577503321803,1.2879561208920531,0.9709689848899129,0.7800260681251319,0.8766084145517533,1.3690290096292552,1.1923252383771155,2.849393228408865
5350,1,1.0241399485483595,1.211517953896077,1.0612618057484593,0.9568101391775641,1.3485279370952519,1.2679143956551813,0.9983896422189236,2.9968845555217323
5350,2,1.180350735748401,1.2089290138383901,1.2087789087047054,0.9967224536855214,0.879413889476317,1.2345684289664272,1.2414542503962083,3.0245786434350794
5350,3,1.1947561889335305,0.9707985037877849,1.1492453404082466,1.1462613465951452,0.7658973509729987,0.9940278132357911,1.1156646598900752,2.797135980273605
5400,0,1.162565432433578,1.1148089541054287,0.7634067508510682,1.3121675867045692,1.0014012332582045,0.9102467429791231,1.31929288527816,2.910467026424955
5400,1,0.885491636863674,0.9207293244470157,1.1502374466083303,0.9557251915669014,1.47017312907876,0.9858734103051227,0.9995536721287254,2.8285610665682492
5400,2,1.185995076302598,0.6921806503100658,1.0847332333074842,1.229024220249574,0.8851850392423961,1.0663116969539637,0.9817292884890244,2.730789387652593
5400,3,0.9087231450995046,1.157580443871358,1.4284916593828274,0.9956249734260132,1.3794649440794176,1.0913763005793702,1.2295015066824406,3.13102658300014
5450,0,0.772648842832909,1.3287694346816714,0.8712811699481195,0.9681739990738623,0.9610707114270729,0.6609789646693172,1.206333919626423,2.622002640006991
5450,1,0.8398400935331258,1.4773906947565136,1.1534208671142143,1.010302053873472,1.110188205807582,0.7225493557992249,0.9074154139843258,2.795908214128426
5450,2,1.2873120223145003,1.1642592398028888,1.1992981665248887,1.184263388114859,0.7495632932863472,0.8390966479656465,1.1720603560666794,2.914296051957266
5450,3,1.2419216451635304,0.9171297570504939,1.1453061119061456,1.2212242097483286,1.3436899549889312,1.2959959221038844,0.9901882398527957,3.106797692162948
5500,0,1.6244816472005645,1.2040382687628584,1.2058466113373925,1.4631169668518629,0.83316656223011,1.233718146441999,0.9881930198363803,3.2979051704426787
5500,1,1.073314191348661,0.9927173055058297,1.1505580680372978,0.783258369404917,1.1649594564676629,0.8692315042397818,1.5623819722639973,2.937430835543482
5500,2,1.20231450602542,0.762426744942974,0.6986351204963376,0.9029318175195313,1.1207093283979503,0.9613790475525338,1.0579934977079486,2.574843864102646
5500,3,1.2506891419585906,0.9148575512755713,1.1148423324521073,0.9042719637625354,1.2070822307570948,1.012484296324448,1.046951653449282,2.83549794681403
5550,0,0.8850439561190044,1.3849333852548908,1.230447579202082,0.7694877160707475,1.3153129749841028,0.9223839123551347,0.9108816242248546,2.866705690071444
5550,1,1.4274154930188945,1.369898703290861,0.9271490331118766,0.8628049503162747,0.9755616208853425,0.8580507234123032,0.992493356784456,2.8620254614927876
5550,2,1.2195817025482594,0.7500136661123804,0.8518622377678786,0.8825122032227258,1.1604046172960807,1.2324425609092176,0.896977356247351,2.6878279351403416
5550,3,1.0032417376345446,1.3596684688564675,1.3819949934686122,1.2927919459744608,0.7592127576268297,1.2620700450653095,0.8684374115622461,3.0593825937072068
5600,0,0.9143765215612859,1.0236157371988879,1.4183268003028253,1.2306769095478416,1.2986377188975826,0.966047443141678,1.0085351548926977,3.0078133111570846
5600,1,1.1333746351639302,1.360767681594767,0.845912334592458,1.0339851752123617,1.0670897662198964,0.8320235613482521,1.2963228938052567,2.9038451384489954
5600,2,0.7232229209779997,1.3260858083806675,1.0859776966838008,1.1795255307140453,1.2874633463968557,0.9181606186823851,1.1323668396129731,2.9385401901942982
5600,3,1.2581335056581182,0.8129751153820803,1.2179274624974326,1.3287199154335296,1.0032379702895196,1.2370395495709747,1.0170653484682526,3.010622455432341
5650,0,0.9288976492606198,0.9715794097991215,1.222454680503481,0.8998666328232663,0.8643919271744862,1.0727948045239943,1.4207376029715109,2.8332896477374843
5650,1,1.222322149303317,1.2762545331345052,1.2953060454875227,1.1479150137560765,1.0199552321889918,0.9253117964813407,0.6279846723204993,2.8998791432323006
5650,2,0.8612363920458417,0.6537060659443403,1.1637483828896256,0.7882564801643008,1.1340761783525848,1.1120028072447965,1.023691924505393,2.5913977885999024
5650,3,1.2536170363820331,1.0422924317050895,1.312653775956609,1.3596097930781674,0.6809273744727959,0.8454585623521947,0.62836709517714,2.7933555785697233
5700,0,1.3700957307151618,1.246090173717756,1.2782303833630746,1.1383206059604463,1.315304344468965,0.891719771305818,0.9441342174251499,3.1266801622321663
5700,1,1.1655062142149424,1.1687311967681608,1.1684876369772041,1.0837090846093422,1.3100043951338183,0.8498613092155429,0.8164955158971763,2.8929512217038584
5700,2,1.2014027315837197,0.8616142848851389,1.0799656604668975,1.0608906464585082,1.3122790894897607,1.5565163813933265,1.3042911871751943,3.2130293565584696
5700,3,1.07853438561511,0.9060465540831207,0.926941900733111,1.0893890384035876,1.285685661791232,1.1103291102140054,1.1471742709896486,2.8691416321599537
5750,0,1.3692537926087405,1.5532792016856936,1.3543940878807326,1.3397777237283492,1.2876096793118876,1.2724830149925,0.8185893523262002,3.444439019447384
5750,1,1.2207104208943176,1.1267233560969714,1.1242658022676906,1.3896241183682077,1.5156032627297933,0.9685867571515717,0.9449791296671904,3.175353106189419
5750,2,1.028760929570708,1.115835441953661,1.2223350086952907,1.00753789918702,0.9011953209076301,0.9583031539104011,1.3389390306995543,2.8872008840159546
5750,3,1.0422032165648474,1.0999117985901123,0.983490795541828,1.3582706424738544,1.1885590122169338,1.1392068462093257,1.2459859043633197,3.0612240085073905
5800,0,1.1134248714378243,0.8927401190116131,1.0704418539831493,1.2927834582184468,1.3385593903034367,1.800948232431811,1.2684469805485263,3.390862459133779
5800,1,0.9082987412804193,1.3398747891911058,1.205174380964272,0.6663155625750001,0.8620700318059055,0.954037513892114,1.3994909835277745,2.851073499966386
5800,2,1.3124471777567925,1.166027832273189,1.1929849924313687,1.3596203686979513,1.3330356263606782,0.9896195343607039,1.3070803028613551,3.2891805911572476
5800,3,1.4437961718044017,1.3235771233372062,0.9512307292615325,1.2288160670585648,0.924333025444897,0.9529714333083807,0.9421105004280041,2.983513181425213
5850,0,1.4473210200292719,1.0168941888186844,0.848480202251614,0.9851215930456272,1.2447162135405403,1.4114763811118298,1.0684034555502722,3.082574427891156
5850,1,1.4687756117347142,1.209456647776182,1.0747720836893433,1.0679538973167158,1.089406003528114,1.1387503110590929,1.1565950428261085,3.120419449961621
5850,2,1.3082085487995374,1.0014404353578035,1.152044812435636,1.0806679533911359,1.3614261718023535,1.1332801437293882,1.4323481132168132,3.2247122741329566
5850,3,1.3818255713047785,0.801584857421595,0.9538085979759848,1.0561255484850018,1.34444022022505,1.4416188860317198,1.075750249033945,3.1016375232308735
5900,0,0.8347126972580641,0.9173040530817589,1.1696697529954636,1.1103247214591445,1.249243234756188,1.161791085325056,1.0077284462352853,2.8398986139995404
5900,1,1.08320182259115,1.113059893513213,1.0990965130615948,1.1736579447795419,1.50640442411674,1.2655992471664632,1.3264276467585672,3.2600798574410725
5900,2,0.9001408463444753,1.137128926063206,1.8002594705464514,1.2313560353187607,1.230991096356532,1.0924496005510231,1.2452282408678312,3.3346463329210003
5900,3,1.248057752469922,1.5600614998036688,1.319914707412031,1.345315965908519,1.015637908537028,1.0778101345909008,1.0467089593149295,3.2912436270557928
5950,0,0.9341618896430532,1.0560452434855985,0.9943208680433158,1.335217416871206,1.1187181430089153,1.0945900980469419,1.0181753111198955,2.8715341303398243
5950,1,1.0883790293459594,1.525335847551375,1.5989646176900374,1.36675593152725,1.2388887199443865,1.0695362137235793,1.209310902461157,3.4752142115296896
5950,2,1.4201455250621853,0.9167325146421632,0.9383436774462564,1.2744679424545382,1.3048640820126423,1.333288740310668,0.8816138287163215,3.101538535896937
5950,3,1.128890029809036,1.205867708546673,1.1102558685240207,1.0763343425789362,1.0647107006467833,1.3387814633508863,0.8502292231480153,2.961166620624934
6000,0,1.405367493980904,1.0915783194160715,1.1480989150425218,1.1866198033176234,1.3934350882668427,1.5558696684885223,1.4748209551768048,3.525661259575171
6000,1,1.0509656001094687,0.985944583422537,0.9729090866715211,0.8122116636879531,1.2274459030153004,1.372169102861676,1.4598348388064541,3.033717940089815
6000,2,1.4220203614463083,1.1276892175379885,1.117047780951911,0.9028475004111731,1.089205812676315,1.1261521027458257,1.1517062847545692,3.022874370673964
6000,3,1.2468596775281353,1.6227566171407761,1.1127048828873844,1.3514432908609344,1.023086865773317,1.1025150288416412,1.0089608670127839,3.245420985579058
6050,0,1.2244690879825735,1.0587386010806412,1.3660994594484919,0.6494781813838671,1.458994936035428,1.2949145062081506,1.4445058459262055,3.2863914183679532
6050,1,0.9303030096279694,0.9594695429155988,1.0555790022830607,1.0155525626575326,1.3912302183140304,0.9227560865894882,1.2810514304826173,2.891320219954255
6050,2,1.0620032849846892,1.2076356412168692,1.266945865172516,1.685239334440691,1.0539069110334232,1.2643045355502087,1.150485143538267,3.326292239133311
6050,3,1.3422073852636616,1.1810512788525591,1.1274700143419416,1.2535094971471425,1.457718456112107,1.373164549719588,1.4786730448810035,3.4979816226744247
6100,0,1.4495478594493703,1.4432241120787168,0.9626984916631507,1.0659974583843632,1.2362877308190203,1.3388426870659997,1.0946633006895066,3.281222125612997
6100,1,0.9010314260215955,1.2781525203580448,1.343795649484712,1.005969509991671,1.1351967883755438,0.9378363886282062,1.3418837241818937,3.0384459297444586
6100,2,1.1212253298124555,1.3602265079448406,1.4361737371274619,1.3683409325224378,0.9606073607285688,1.0868233184215972,0.7088414268327948,3.1062391890041394
6100,3,1.144214893651178,1.3711170390372913,1.0287899754689884,1.4664017678168297,1.4193205154287418,1.2574930923486618,1.2924933248098462,3.415293722855018
6150,0,1.0802409521581389,0.9721111583439234,1.050802204042425,1.5139017681133258,1.0261100630918152,1.4253601890676433,1.5514170113306271,3.316542284913107
6150,1,1.3611412597296422,0.9361116610244264,1.6608981123584619,1.233785046947951,1.1983111835434597,1.0696018907581744,1.323549231230421,3.367729074222271
6150,2,1.462099079773796,1.3450088888881786,1.242665322994708,1.3096941120890209,1.0938963704326854,1.2829075265796004,1.4786594499557053,3.497884097911405
6150,3,1.3249152822827126,1.3969501810586757,0.9124140805213947,1.3653149041620514,1.1106225556745386,1.2254809602377694,1.1758402325523722,3.243661642806479
6200,0,1.274054421279095,1.2588766913092144,1.1161216806622871,1.3426494130159363,1.4135605517236363,1.3002081500775016,1.3242318965516235,3.420336975705872
6200,1,1.0154972814732433,1.0309402393266909,1.6815104337492348,0.9979106741117107,1.2233059958282444,1.2808805146946876,1.028140053915068,3.179871063561303
6200,2,1.043515798979785,1.3079589405498298,1.5867848105378617,0.9443167404665223,0.8976424100461211,0.8997044400203829,1.2797601712188702,3.0760881043474027
6200,3,1.2210181834039526,0.9436934303395579,1.1805901152472362,1.576883523303253,1.2625088218652432,0.8946476048545174,1.3922388612520842,3.2549115609942283
6250,0,1.6331198891642842,1.1844077403094515,1.8603082227276053,1.096118399401098,1.225014836462214,1.3036312055523058,0.8757486346403647,3.5635903015721713
6250,1,1.169327439847057,1.3423605606817064,1.1367593160880012,1.5191722731596562,1.4124759687420936,0.9398923346333139,1.4484378019737405,3.42721792477015
6250,2,1.4109294943881026,1.232219381797231,1.2324101469579916,1.5355903995710967,0.8454670018204031,1.4644416711276151,1.440729121715114,3.5101372551584338
6250,3,1.5228252734844399,1.3429302410637414,1.5588131297755996,1.210900839742848,1.4651391126037612,1.2948553240458334,1.1214138155900284,3.619321695907201
6300,0,1.2832986848474122,1.2122858863113397,1.563031112904775,1.4471199619579116,1.0307685969554157,1.260863100296896,1.0950384389569248,3.3919144844525677
6300,1,1.0528107419092725,1.3062160477975082,1.3522196833357312,1.551443266749997,1.19332073907919,1.4668859942759114,1.4331441507068423,3.5608645252202944
6300,2,1.3397593612943286,1.2471411696186367,1.042977826880739,1.6889249847053507,1.3672431192149879,1.4991568041438588,1.2974068997285297,3.6181039410684597
6300,3,1.352776180320881,1.2551711051893002,1.1067009389521636,1.305482318636503,1.296883433308175,1.0315745670075183,1.562125661348808,3.3942330884348855
6350,0,0.9232355574534109,1.3530644138356083,1.4228653621815546,1.2233551249616144,1.2579637237005517,1.3396836345454504,1.811912816224087,3.5867176955557944
6350,1,1.2448913790405816,1.1465751196013723,1.2582388216709726,1.1359689473970895,0.7649607043197667,1.0572469639711852,1.3248901393407782,3.0325318358775695
6350,2,1.598196976739901,1.2677859360734425,1.2116795677745105,1.1901375636393434,1.5727496679089006,1.5583900722673107,0.9633922490641977,3.5883638767995136
6350,3,1.0956193601114452,1.0825069503244844,1.2746170011449602,1.070029292068729,1.2130820664665563,1.102438117622011,1.086561962342853,3.0015611048958823
6400,0,1.6684388668253662,0.7817099145452495,1.4631904797327207,1.2553804862877942,1.3252383632332851,1.2406462081736322,1.6322275471682952,3.615424136548903
6400,1,1.4498512090325648,1.386015773707339,1.7218563694913378,1.222698794074676,1.3262376592059624,1.3215933475202688,1.04319253100841,3.6161659133875443
6400,2,1.4258205398310744,1.4229822625181132,1.4921105706244624,1.4633883858019134,1.2298907112741357,1.2763241667501803,1.1985633948555277,3.6060963666700703
6400,3,1.6847044844140782,1.1917731886613478,1.359637180082629,1.347170793023589,0.8421040259855173,0.8590934771011891,1.6426570084744938,3.4738361764085814
6450,0,1.1504129955652156,1.4421950099184138,1.289628562483935,1.1179792088429439,1.2291128284209738,1.5092898087445794,1.3033764872062956,3.435674633423523
6450,1,1.976689423507422,1.146705751187354,1.4651350121827214,1.418313023741765,1.1296965288769303,1.1583432740467892,1.0643283116635163,3.6237046978121654
6450,2,1.0525083725773492,1.078781573487332,1.2863212101029404,0.8214740350000831,1.1109459050702184,1.294534282959132,1.2716249122102266,3.02126383066486
6450,3,1.2331539311822755,1.3051885509768393,1.071451137397673,1.2532161387335294,1.6664044396853404,1.3983465080246107,1.1119801382068863,3.4513070774242194
6500,0,1.1991284128951114,1.4750697313814738,1.2906767778540895,1.1783714060311525,1.282162846251698,1.282342369124334,1.2616128173980456,3.398257758834152
6500,1,1.1840849848774724,1.0494498108382402,1.2725731501667659,1.363443585538048,1.3330450385134784,1.2368902106522859,1.5861884127908537,3.435800218163993
6500,2,1.0794222257704382,0.9805697446865884,0.9025474072766879,1.0020903718071916,1.4534265254878624,1.2308021504134845,1.23690832244421,3.0170699524403477
6500,3,1.2758540707988018,1.162450178926225,1.1514331024251259,1.401757785477971,1.2400983014878701,1.074578652831324,1.212201812298136,3.2298317942550367
6550,0,1.4507437828108143,1.3220014964202096,1.552770728932556,1.3993173855375294,1.2759759030513786,1.3644510827144078,1.2059670965271339,3.628461032199908
6550,1,1.338454338625134,1.3804985889887456,1.1744728278709213,1.3316217543195754,1.5689666939675617,1.3299882992453715,1.2115775949671737,3.5423558435459532
6550,2,1.6373174836341087,1.291673206314709,1.7213673923976864,1.377455806007291,1.327014732607116,1.3994594105233298,1.6110797481548098,3.940146077039741
6550,3,1.012947883522764,0.8231877454374801,0.9802420588360068,1.167011738983616,1.2811475688287162,1.4078366059044123,1.1205014152226627,2.9841847790249987
6600,0,1.2913319467110924,1.3701973901413054,1.2687093098914155,1.2803173429816397,1.2609785994725577,1.8376309744988446,1.2614191970680892,3.6540317340971016
6600,1,1.792853081625966,1.5243945603692637,1.434742673784839,1.2590620968599866,1.4428940791536535,1.040510747089869,1.195557081979067,3.7115748041019394
6600,2,1.1015384516578937,1.5855892141300674,1.5629020927454926,1.3703062502342387,1.1952516365182022,1.0785360104473374,1.510878936506305,3.594788428905832
6600,3,1.2802005212910148,1.4097111738995904,1.3479120518998569,1.1732701536467902,1.2358550323710065,1.6085428876336196,1.04949173069616,3.4692664205591734
6650,0,1.0163652795798774,1.233450594170935,1.479553241259258,1.2888277214320174,1.463868367894872,1.4406102720245473,1.191327679189854,3.4701705480621925
6650,1,1.1204123783833573,1.2101140768649183,1.778516090799886,1.5399899233734868,1.15760124227437,1.4090705536137136,1.5441574568185716,3.736887894841387
6650,2,1.1636863854304513,1.5614889227154203,1.4171524057102354,1.4747606311931876,1.4329303871323849,1.3802313352115203,1.3659242736825716,3.714798873994283
6650,3,1.501785405257141,1.6765437697337344,1.2002849280139711,1.1506998748829358,1.6281299060615908,1.459776194055235,1.2985278354668315,3.7813860676971545
6700,0,1.4368992144932198,1.3866616449734037,1.1368633997248767,1.4323638339168019,1.2353826675594122,1.2182444461054913,1.7872366322440243,3.6791492301898368
6700,1,1.4813295109307067,1.4049586013200532,1.1318365684861298,1.2388096240080588,1.559039273578903,1.1289117745106005,1.4719805025570136,3.585487546314024
6700,2,1.2667537824512272,1.637952563597532,1.4237430587846138,1.7379777134597991,0.9213984274596398,1.5382327642438711,1.3094914502578925,3.776912433891934
6700,3,1.45572658775312,1.7021799496897818,1.238991475865093,1.426444973124002,1.424087397495732,0.8752906637629496,1.3197009130256212,3.622453695998302
6750,0,1.6485977330228645,1.5577683486843343,1.3869934344420474,1.6092038889228681,0.9485533877517263,1.1910821590012464,1.372367983126232,3.722852236769139
6750,1,1.2762349824527697,1.267376675450153,1.2872194168196136,1.4891723428615593,1.4731597473986064,1.4292719551606945,1.2987761995384135,3.6068580567225488
6750,2,1.6693702677488733,1.2149872295338375,1.7190918109285458,1.7073362160273085,1.2681450582349016,1.1588738099234996,1.3674727997204557,3.867095411515185
6750,3,1.073241994595631,1.4402348182274758,1.3734796628000623,1.391310931896446,1.4583079937405097,1.1881238945833652,1.1830571414579083,3.462115249003164
6800,0,1.0841503815177145,1.4576919801613184,0.9421738390129215,1.1951505802683542,1.3670829021614561,1.2580993309933588,1.726653613575335,3.4712226521081373
6800,1,0.986889850808669,1.0547517940155096,1.2358272667300623,1.2548339750311186,1.4782901339795869,1.4941988752532849,1.7329632162693818,3.55098067731525
6800,2,1.434366292429876,1.0922908295458722,1.0560263987277319,1.640159588523216,1.5811906669737967,1.2190066400162252,1.148387847929917,3.515786812479582
6800,3,1.2853907168654777,0.8775897593673079,1.5736847306784056,1.496255818917152,1.3726248017816294,1.0250394247574734,1.3886688177615223,3.464226312203129
6850,0,1.8105040154442142,0.9336339648031355,1.415584266837321,1.0368204616221974,1.078991727852599,1.5645995314309495,1.2319239546683844,3.5154379711415107
6850,1,1.2372364868431647,1.623437580312322,1.3838818563361057,1.1338394002959713,1.27921657890653,1.3507027681477026,1.4770993885069241,3.6068878699877627
6850,2,1.2236752489678273,1.5478547910982865,1.3172545391074726,1.4909859190241805,1.4014246146279112,1.1724901964629881,1.4018481270426968,3.6270286025023206
6850,3,1.476675993244916,1.9641854540369645,1.489200494252802,1.2023866690658975,1.0971545456517855,1.3764102779369356,1.6553266053592512,3.9421323952362917
6900,0,1.5570933661967121,1.3310931402759847,1.0320531311845111,1.5306415760441825,1.3113808151966373,1.5005211454734722,1.4540808284580289,3.6999973520550484
6900,1,1.2687196777786816,1.4852520465256671,1.415086468721112,0.9818751963906065,1.573872075343386,1.2433858172756505,1.1174225545092569,3.4718707699466766
6900,2,1.4238022556756165,1.3169752655912899,1.5062129489895113,1.2560071438826412,1.4199025852981046,1.3928466632249734,1.266805435614639,3.6288854070265306
6900,3,1.4687969354419916,1.5017776110165253,1.4481423606954802,1.7371256147904548,1.5677600120905453,1.7205511475513964,1.3091647640551205,4.081605347802523
6950,0,1.2490448852481673,1.4971996269841439,1.0278881152139936,0.9910952479199255,1.5467382253553672,1.3617613305553593,1.2221571159869584,3.403087523350323
6950,1,1.3532580364296571,1.837760133958381,1.412525179713465,1.253337587810655,1.0473562304168753,1.1900741431902822,1.528989586386105,3.691313155292036
6950,2,1.2514056337927157,1.3698827006347434,1.3998594368652115,1.2903216090397867,1.272872360056632,1.1236562888980677,1.498646726297517,3.4922600822877845
6950,3,1.4442683268181284,1.4107993590135564,1.4013495523668118,1.2561953867066864,1.4894719850134064,1.7469500154114241,1.1814927482274098,3.779465506304381
7000,0,1.5010877705139425,1.6505850103285233,1.0884860842676007,1.2757554609366604,1.455976848367642,1.2433021630655332,1.4116184321310281,3.6672039447595117
7000,1,0.9508523535242115,1.173810006511191,1.473094306360402,1.4354901644997862,1.3740572181040909,1.585910516331337,1.423439844128396,3.5974873692178466
7000,2,1.5059383120345724,1.4111436989034658,1.7472344234377652,1.5263438752339207,1.261875970421415,1.4291951782416306,1.4043708713650307,3.9049862818060173
7000,3,1.6366840668806248,1.1857752959763908,1.3887563060488644,1.1643914017024304,1.1610509136246288,1.4215957055278865,1.6101165811368368,3.651122865658389
7050,0,1.2838699140847658,1.255659024636501,1.710179995263911,1.6970152473686402,1.3470041889085576,1.5565595912783297,1.4415384107163571,3.917257834781115
7050,1,1.490388215710816,1.2556828411674341,1.6223120749058322,1.5223488508963847,1.6926487801638792,1.3401503497593639,1.4939171547238956,3.954780681842111
7050,2,1.4881767238911838,1.282852663917034,1.5592395294210166,1.2312142084883753,1.4051650175975647,1.7882462345233712,1.315688457965664,3.835472160834218
7050,3,1.322551722874042,1.5486041613261865,1.5933945183936915,1.4150495561079508,1.6464297227687996,1.6563485678633847,1.6124315827405855,4.091790105191271
7100,0,1.1957164164595264,1.5870208910553147,1.5225463101199108,1.4475582394933917,1.5317100392236043,1.6089946371132788,1.3452103860393942,3.886712691934883
7100,1,1.4677225786786254,1.4134867159127118,1.4271288840792988,1.2067880397685322,1.4971772176297928,1.6611304313797568,1.222822895257862,3.7605023936887667
7100,2,1.2578783287628243,1.7079619922913818,1.1370471399413913,1.046782465047992,1.6519418323125834,1.5763224975940178,1.2664192606717557,3.7020999395248158
7100,3,1.1524740887863671,1.766167013130774,1.3160559068909286,1.7657234896834677,1.3243220845934376,1.3702576653691787,1.2713603179182689,3.813806123402166
7150,0,1.2943564985897507,1.197340433043405,1.4057564315127766,1.6690421722449353,1.2784415224511148,1.5401187394826878,1.36568677414636,3.7070627993904925
7150,1,1.2179497911552872,1.101369420073795,1.2791253312069129,1.5521816097925611,1.3499562807801948,1.8784302879597239,1.4049773913127601,3.7505585494436255
7150,2,1.4477837436219072,1.2536284695785271,0.901980814832078,1.5953859339092642,1.3507014847524856,1.3781281067619753,1.112940868261634,3.4624784089263594
7150,3,1.2331188342906454,1.4628806026508814,1.2603944481589469,1.4967917690954582,1.4217969740597152,1.5074527325956495,1.05812029723022,3.592091371602671
7200,0,1.494896272746259,1.0816863967439545,1.5250609086414093,1.2344302398169933,1.3950149290904577,1.4982654758462535,1.70991378556261,3.7906543448021592
7200,1,1.645612035925291,1.4065311617434975,1.5768653521582126,1.393407194411106,1.5837659937230144,1.620259153453169,1.2412440540174767,3.973499475131126
7200,2,1.5826426618747076,1.553438743993207,1.7099694418588733,1.2045280067570798,1.05801116571943,1.4090970909974798,1.31001131276687,3.7568450614711417
7200,3,1.1527321573595795,1.5686033168321032,1.6930627754836531,1.2471249486927103,1.6334037632081846,1.4258170727811048,1.3465129179794149,3.8373362126024255
7250,0,1.1882238262203226,1.749520030202182,1.5593389492319083,1.8960753931830476,1.561411363560951,1.871802422672297,1.8194658921006497,4.444259436711474
7250,1,1.5124492270124086,1.3285803522130042,1.4117817229572915,1.3238865217690854,1.3197963248123323,1.346591805589663,1.4226346564212518,3.65752549791456
7250,2,1.6001577684938573,1.1080683662736983,1.2664739677169727,1.3920221246025932,1.5495893756377832,1.433451493127453,1.2590834897209082,3.6566793604337517
7250,3,1.3880252120226575,1.443708563366397,1.1896841018703592,1.5099227536082889,1.131311771502048,1.3702036795937476,1.4168838333478586,3.587618657880043
7300,0,1.645471207244976,1.3874077817313148,1.6586928659319553,1.6733213320284135,1.563480654388905,1.4152304393396122,1.5722418079112614,4.135581628504215
7300,1,1.6947354807316448,1.3722450860766966,1.2234427455095958,1.3895366569345469,1.6398812662232247,1.9087636604702503,1.5052608257571745,4.096487352698419
7300,2,1.3545924376750844,1.3682749310211626,1.0252347039556498,1.3053183889498763,1.3471202706076026,1.6457749470619456,1.5381462870975913,3.6539378010803603
7300,3,1.7118845157147533,1.5463120422056482,1.4449710627900794,1.4514023804483271,1.2546453543158584,1.495786022658303,1.6880920111431408,4.0221020869761
7350,0,1.2628158926324617,1.5423827890090789,1.352898195755363,1.3858715616881563,1.2956219546934507,1.5416699836021521,1.593352385535421,3.784015931838235
7350,1,1.4517209610604302,1.5143384217845455,1.6366617943713826,1.872256248597047,1.525586459745331,1.3513249947080168,1.550560009684637,4.1403441312474145
7350,2,1.10846344134062,1.5307876482870713,1.3283061008112653,1.7289628325621584,1.4741720603918225,1.3804009802418356,1.3219021204060155,3.7618914052105694
7350,3,1.3918120576220328,1.3013609805013342,1.3593305948315189,1.1399185041619622,1.895916642897036,1.4838158764120797,1.51986808079765,3.857989570025219
7400,0,1.347162549688958,1.119984666678177,1.1850505612863234,1.3567511882815095,1.4376039877365405,1.5080803574340933,1.5098130726735124,3.5965091843393613
7400,1,1.3939663132963036,1.2711804535473732,1.2809851176615317,1.3336590674570727,1.0822966373356229,1.2977238011318315,1.0924308973697194,3.320763398483344
7400,2,1.0280268335187905,1.6846607049890605,1.721345085353587,1.7532821243875185,1.4805294492512087,1.6691906774688654,1.6076450737801005,4.182658917845818
7400,3,1.1544170693375253,1.09261711344509,1.5071129886074188,1.3554308472914032,1.310169883553263,1.3324359483953407,1.2723521670035214,3.4272268652678823
7450,0,1.4714488804881198,1.6745147562313645,1.3549175780402398,1.4005831781015499,1.5497500515039038,1.436199343989113,1.4460415898078334,3.9143360121551742
7450,1,1.6057186757028723,1.4432009483842791,1.4432231204048522,1.232714873143432,1.7352278552027833,1.3647570351388219,1.2791813858611574,3.843634070645207
7450,2,1.6760338130257986,1.468569932773229,1.2535364426846407,1.3003738266179585,1.3313358596451499,1.354272779843265,1.1809556791672442,3.637207574706415
7450,3,1.1087268672102928,1.4358088045473014,1.5622256880833583,1.62406254906767,1.9000492526528694,1.7430865614386892,1.5136928755331382,4.16037912908137
7500,0,1.4654695932034532,1.333420943597739,1.3122932063056627,1.3529074352623767,1.1718744567126962,1.4748085637606119,1.5567220676581874,3.66739937382125
7500,1,1.4053871357361873,1.6674684751243112,1.3780313867117733,1.4086365568459185,1.878461586868987,1.5879109882646942,1.648836296030661,4.172233447444412
7500,2,1.4084255870989542,1.5032105559286983,1.5165777636266076,1.5371795064174099,1.3310759333057474,1.782977912241609,1.4677519880807408,4.001412604594662
7500,3,1.701100353282624,1.23118468874787,1.391667673720124,1.5815233046038646,1.3967223546860592,1.4960644228559372,1.4566529708725815,3.8933780959207036
7550,0,1.454134263209365,1.492139119513244,1.738977417437472,1.4917655995459829,1.4007052974655292,1.2709670425987643,1.7341105108969814,4.021798663221609
7550,1,1.3796468666173756,1.5219818762720265,1.3798068538448207,1.6884460277670297,1.6825541981424337,1.4325464711202702,1.296167072996558,3.94180140971021
7550,2,1.616737484739568,1.5975467261853504,1.8611443044912566,1.5322753055161864,1.4367643388093205,1.5916436616786018,1.800826118695111,4.338008459161055
7550,3,1.5413779108827919,1.4508607179293977,1.6353867479159985,1.3496915876186715,1.3163115337603963,1.0978402800368379,1.7744873420126546,3.8812027189108567
7600,0,1.7613370326433357,1.7479648431721597,1.498810889785441,1.8224588125744683,1.540456256630457,1.510150748392074,1.6737344034984165,4.379546444246451
7600,1,1.8717491587258208,1.646556174299439,1.4305675370502307,1.7353715249101418,1.119762649859739,1.2127993807009063,1.2336845813407624,3.939461680475224
7600,2,1.4949602511568285,1.2952605736910208,1.7142455424639667,1.533284790987703,1.171160749641949,0.9949473214756628,1.3475459588481153,3.657816824507542
7600,3,1.6246230933728039,1.401293865974614,1.492346715997134,1.4562535908099545,1.5987783246742715,1.7496980552013242,1.7426074209616507,4.195832929853951
7650,0,1.4465769862723468,1.6301931945321875,1.5110800252597498,1.3751755160456836,1.6339723425154355,1.4930274064316253,1.5882569093882957,4.04303621478504
7650,1,1.6690055301034763,1.4686345188415002,1.5205882497946694,1.512454120655955,1.442586641901471,1.420234923415985,1.3698306857422167,3.939128389204336
7650,2,1.4455037497262306,1.77317479963961,1.898657115306931,1.7993055929543755,1.2611453843914278,1.2825070211276306,1.6574932767671355,4.249544130990267
7650,3,1.5517104331043432,2.002965104136901,1.5278330237833941,1.7945545117723567,1.3112356649348778,1.7222481881416225,1.7239448673972857,4.430782980158293
7700,0,1.6214918194631192,1.748723959984248,1.4833062756411635,1.316731429565051,1.2035051548670717,1.6769682692176382,1.4947974647918032,4.014513304034762
7700,1,1.4741178934091244,1.329789008446864,1.9188807636387422,1.7582616583898396,1.6961244668025932,1.249257013322542,1.5613111988271338,4.194058150155598
7700,2,1.3776381490728045,1.8703881964562008,1.5026900372462433,1.7170460226986468,1.2292244299193267,1.5699546844103853,1.3914421639662429,4.063794405872847
7700,3,1.3090834369891804,1.199377456164599,1.2334691736711139,1.2171439252443825,1.1947964294186524,1.6761317436103451,1.2035338162380307,3.441008724346651
7750,0,1.753004742350191,1.5611309299333662,1.807776237190452,1.2201452762454827,1.4472251853466105,1.481304519048179,1.660049195291098,4.160703302571841
7750,1,1.790384826036355,2.0715959173381333,1.259002154928041,1.7253984123894706,1.2504049556270276,1.774011321648502,1.3649100230682765,4.316559008178707
7750,2,1.739586154860426,1.6664548669188597,1.5537154487927993,1.471081162981291,1.4726193134516654,1.5127207522209132,1.5718254673208265,4.160397855232649
7750,3,1.6169401919481075,1.3870267938603706,1.634164810842393,1.660437951144122,1.6526865414236134,1.781261765409143,1.6335262778315425,4.305643054329565
7800,0,1.5727138602044375,1.491350616102492,1.813417920284737,1.671180617514059,1.365274909191225,1.384794751870857,1.2331264539010374,4.010126892004746
7800,1,1.3196383392044275,1.7458182639266753,1.4305206163346897,1.3259209102620322,1.4151466560446746,1.2408147467883097,1.8779965161871952,3.9576400113906076
7800,2,1.9248075374153992,1.963732037900078,1.4536832445984396,1.5714053939822685,2.0066800302187655,1.5074527251394831,1.5550246866492499,4.567375362166655
7800,3,1.4536008947216383,1.4184336513622222,1.5923086349650595,1.2748764401038195,1.537424443573627,1.8092395013005258,1.7017643271198324,4.101059573913778
7850,0,1.9311212231748756,2.1282633054187983,1.8338725228338653,1.6340492183023354,1.7087350082753654,1.7892500074066686,1.3727911454772546,4.722042524187962
7850,1,1.6001140349654956,1.5590217710672356,1.6898108401130143,1.6647979226014389,1.7335414916522034,1.774717159286495,1.5814512630418185,4.3901824338105735
7850,2,1.3349078536155852,1.4592303039414687,1.7920371165915607,1.3876513660404817,1.351526331885195,1.7408207035310763,1.5732321749950355,4.047276247374595
7850,3,1.6141755339078434,1.5175346935151004,1.084083802001984,1.6396875982334256,1.2612923425359521,1.1256750635411472,1.8021471011223407,3.857204195522201
7900,0,1.7246930798198121,1.3510000951358179,1.6169988305584095,1.5113303400934888,1.6332528273664855,1.6655723393086634,1.6769729457660985,4.23703391158861
7900,1,1.7412564996292077,1.808916259246619,1.8436999647521977,1.9338476016355968,2.125230994990594,1.567715652685089,1.8242478809388958,4.872921897352691
7900,2,1.5320733221777951,1.665531838257311,1.7056589554499308,1.6922736832668055,1.3657067123288007,1.6272950709459564,1.2237171001423082,4.111573333088841
7900,3,1.2483177688903666,1.3446813027721731,1.592831085108387,1.5360567967768044,1.433643224551597,1.7843072243573552,1.815913845320372,4.098740619579024
7950,0,1.3267406637894246,1.611166089341562,1.4442134767437314,1.785431335108317,1.3644037932939854,1.230596879323549,1.5000172604894102,3.9058459707870585
7950,1,1.7323685346825868,1.32796747821821,1.7464843416712854,1.6700965476411118,1.547440857911012,1.669686227072296,1.8320999852760604,4.3752764551471595
7950,2,1.4782945368702396,1.3225467798589616,1.474551862577534,1.2898301152398335,2.1563215672284337,1.7788182490833782,1.749279471112128,4.318141426225762
7950,3,1.541224923487534,1.386132368890435,1.3221719924470685,1.7570960894052752,1.628474401451861,1.3859667913144675,1.301754949365643,3.924240235368904
8000,0,1.5485915093430886,1.3817963086330494,1.572796777632452,1.8499036669877875,1.1403191510310282,1.5464395387088123,1.8332902693302402,4.1540445600568985
8000,1,1.6606674445860692,2.0234286150123824,1.6011433484139523,1.9385991046447697,1.6909495708211881,1.510262650510787,1.5835253086039702,4.563075975680903
8000,2,1.7420922345262775,1.6169988942097355,1.7303725032762498,1.3410473426474814,1.7016659829740584,1.4599580108764072,1.4258054470746846,4.18356707091326
8000,3,1.6606580286393178,1.437042766954975,1.9322723414283494,1.5517065881213212,1.3248529941487845,1.1811319647284588,1.543321112881581,4.061587740143538
8050,0,1.5829618419904183,1.3535071305470296,1.6533104451118397,1.5635418535876222,1.4932460594625434,1.2979013298889641,1.017389942312764,3.803322528056568
8050,1,1.5661997984109208,1.715787005510266,1.6008851389549188,1.6302396028623174,1.458048695165682,1.5654928572917113,1.1686685944763702,4.069383419525467
8050,2,1.8364273971646214,1.3424509590096563,1.7576414711212631,1.637256937991887,1.4432102015571504,1.7210839359139567,1.745322885458138,4.362991125277966
8050,3,1.6075167483729538,1.4595709620746924,1.4015108307929915,1.3081766153206906,1.4869725582754507,1.5903693573684257,1.7265021568255705,4.013874429373346
8100,0,1.7566737713802278,1.536674197825817,1.5853592642923435,1.7112568967251662,1.4577081807941377,1.6771527803996729,1.7397851648664928,4.342078016552891
8100,1,1.5880981690698641,1.5389795455133815,1.918103950597465,1.4686133111252837,1.558365290192133,1.7297700921173804,1.4135945361835853,4.259732165407946
8100,2,1.401894651900599,1.6477147126011886,1.49071174570576,1.919482270040189,1.8844639719760017,1.5644942974573497,1.6978676484443669,4.412313169191395
8100,3,1.561026472087933,1.6256271861199572,1.8453177139511596,1.627045981388591,1.5231032384559338,1.0517825642739864,1.3642319082208687,4.052056542386835
8150,0,1.9266547092990973,1.8710654096722157,1.4027724846238863,1.5265519846161208,1.5494971783255778,1.5443092409714823,1.3961426211610821,4.271540997989006
8150,1,1.4325282051973949,1.581678700491979,1.6342951971195225,1.297501094376391,1.9211827351302613,1.6594927831481945,1.6299937561694848,4.243820624831707
8150,2,1.7645642198859248,1.5027365118075573,1.3472327534234427,1.2717592848412065,1.7753947450139866,1.753840463514752,1.818027166085994,4.282232750471357
8150,3,1.8851998531043643,1.5840952746192534,2.089945410598548,1.5232684765683848,1.3846161823410732,1.4653969376555351,1.9276671161147725,4.531225624932608
8200,0,1.6296563419095986,1.8682288453014084,1.922475945186432,1.4130776696244562,1.5296429849712594,1.4341862230939675,1.7865312086598295,4.407624373157725
8200,1,1.7489587251494674,1.7287524831325294,1.4442504973026025,1.7759618429002486,1.5653075577434303,1.7065431807390747,1.598294618542359,4.382278494382461
8200,2,1.5246718765134137,1.6971219367970931,1.7957162991121756,1.848891730324474,1.3593169203794502,1.4486186692460716,1.4213134139659296,4.220688950442312
8200,3,1.317864996148307,1.8904475877389952,1.3418982356828408,1.4604971988736744,1.6666769734697098,1.6013198698082571,1.813085998196947,4.227720599697009
8250,0,1.74562970542796,1.912441989385422,1.8521625018677645,1.6243642845259085,1.5763272716704582,1.6162395135896737,1.4388594360837441,4.465543304337474
8250,1,1.4550665681265564,1.5892828947007702,1.0938985347910186,1.6284357305917598,1.5536063522181698,1.6482256846100376,1.4671828067029633,3.971702627778113
8250,2,1.68483507232612,1.36671988833836,1.8697761551029999,1.6925055503835131,1.5665226232848535,1.7950589832889225,1.4182593418675047,4.330695074227058
8250,3,1.8539133637602598,1.9011588104037132,1.7660466516273627,1.1847843857721228,1.6158178848359173,1.3993094551319292,1.6188818616049738,4.331714125979346
8300,0,2.009745503244491,1.545740093696767,1.4480464061097793,1.5160429455110307,1.514097948925082,1.4361818351876812,1.4821192985115572,4.1683812817012
8300,1,1.4267293552294773,1.495736701876196,1.2229610987197543,1.8495568249325673,1.734780936306075,1.967267831309343,1.6219720647181797,4.324312688491799
8300,2,1.6149445353419316,1.663554945185656,1.5146516200843285,1.3418178003968884,1.8358070236530408,1.6929263747479748,1.595195001193757,4.27211185221234
8300,3,1.6061768846429711,1.6158112741629393,1.8083963609292397,1.5248314679987351,1.454169117225815,1.6243574946129027,1.6816661781394828,4.285697713207433
8350,0,1.657106654326214,1.4584479461994464,1.406537543771161,1.7835095113460575,1.6967739807769342,1.6790512428350153,1.934372557608745,4.412751876575713
8350,1,1.558046363391088,1.7520000925454497,1.8270645212258017,1.7193324045391938,1.651841409830865,1.6090712889337953,1.6635121544455653,4.45827821259141
8350,2,1.4846566063006763,1.723556979526891,1.9210220319073885,1.3766087226582824,2.0282842829967467,1.1774145799956361,1.6331703829036985,4.3505998262437675
8350,3,1.7286722331875741,1.3500728999209692,1.5170107689371795,1.3656949503427553,1.5605056940102264,1.7879542108825128,1.9277953365413731,4.280864636519043
8400,0,1.5652535087537536,2.052983231016179,1.3973241117450803,1.9024655942967899,1.6411112241866266,1.5750788678168743,1.811272825995411,4.548788568886314
8400,1,1.8765608016060145,1.9813797500101398,1.8785132735200805,1.667330607986025,1.8405230439209348,1.6071863007515703,1.7526077621763771,4.774762452684009
8400,2,1.448395521126576,1.1444673487613515,1.973001813173899,1.8356977660731357,1.669465204279964,2.062973853908017,1.9590815226727782,4.642321956073414
8400,3,1.6626135155986657,1.3171835850445932,1.5010698003653982,1.7647730103994521,1.3762217134300962,1.394379600457184,1.673894399314023,4.062892289675927
8450,0,1.6282720007210307,1.7900589800288558,1.9313427514855992,1.856351661154381,1.5010926011432455,1.9969667411314194,1.7234565871275092,4.716265995891861
8450,1,1.6968128568070096,1.9175363277037176,1.3928989064476809,1.9563105616785517,1.5441518750175096,1.8523876474965062,1.724324605755599,4.594831680501382
8450,2,1.7057276089405384,1.7790741039774807,1.4322308859170283,1.662238199353859,1.6714446239016045,1.3660155582793663,1.6593258497746461,4.278086067071621
8450,3,1.6632707915149207,1.9575776458466474,1.743775106752204,1.7744755604086355,1.9651219618742666,1.6889548272303008,1.5880113112804406,4.692989213823222
8500,0,1.7196894382319081,1.649794840644409,1.5959220898285686,1.7506747761474981,1.729622079841128,1.5590766516796384,2.1458359830565175,4.6171321055273955
8500,1,1.754074741739244,1.7398933889562913,1.8095162695737261,2.2037217146289922,1.5028173260068138,1.3050134295900375,1.852540915128839,4.650610017933538
8500,2,1.947157551622913,1.545457694419266,1.5547993164722291,1.5233278013771556,2.0156125135603666,1.8300218164796596,2.0866967641367173,4.762747900120709
8500,3,1.6046872626035704,1.8142468756680505,1.882062104724015,1.747619656319957,1.509998008981033,2.1085569021442856,1.925292421541496,4.784945378056014
8550,0,1.8524174989365894,1.8067552179722919,2.08123555786618,1.6814323653956367,1.9168527299227092,1.7164666378185272,1.2095858391223984,4.683828697115718
8550,1,1.5159021515301423,1.6785428419907338,1.6850464893068353,1.4686968055527467,1.6414708602547776,1.746628252225516,2.026749878106885,4.4681953055033725
8550,2,1.5655437442442688,1.5654119157708561,1.4961712359058759,1.8401460275742896,1.934560549932365,2.0061909359796797,1.781383616708102,4.633223676228785
8550,3,1.821791026037993,1.6053342516742217,1.3913922524352054,1.5562903056926027,1.8805413789590075,1.777863409465336,1.77698857818182,4.484300960636104
8600,0,2.011382147887427,1.5122866351673145,1.662936818219907,1.3484769782370354,1.308696220644448,1.5619530596224056,2.005186982000688,4.3691619362470915
8600,1,1.8008608046696355,1.7034689691120335,1.7730868843764576,1.909366283372468,1.7984541720089067,1.76266508187275,1.592479365049333,4.670314657271822
8600,2,1.7433354054405794,1.7288852903570453,1.5887248518995722,1.6811633773500712,1.6585159982053876,1.9361444189646229,1.855589008974761,4.617484243295374
8600,3,1.5440554480984963,1.634530644990857,1.6532191548434383,1.7773173328209826,1.8440947582340794,1.523364448270764,1.358462302192316,4.302851691353464
8650,0,1.9298299548658888,1.7858971048947072,1.575236059584675,1.6604184649384668,1.7643265715837226,1.5902775061811312,1.697459319891207,4.547002219775246
8650,1,1.574991677923099,1.8460059872003998,1.8949774466722353,1.83091524106389,1.8963636912822426,1.3831411441360102,1.7410126611814587,4.622978130412563
8650,2,1.8432122372019695,1.7363658991692041,1.597290090201871,2.080572922551166,1.9084049073230993,1.6496767000322698,1.921808851211706,4.832112268045815
8650,3,1.5070529100276524,1.754086251920119,1.3918552637767452,1.8216206660279295,1.3522153598086755,1.754812369169554,1.8349625536074994,4.344943081610595
8700,0,2.117817822611963,1.5317935055875336,1.8055669172440356,1.2251589314486164,2.048327504785237,2.0169605883270405,1.5658350114620274,4.723160471372112
8700,1,1.4618425144578124,1.659664439750205,1.9032943678970773,1.5829712405852925,1.4642752309659914,1.7768501965475572,1.9714082508040893,4.495280419881124
8700,2,2.05479166981468,1.6230976184387296,1.5095186129014486,1.5767740737510283,1.9997272302026279,1.6996966650258343,1.7029595574296938,4.627032160059573
8700,3,1.631359924010227,1.1153360908104668,1.6856508602045386,1.7143264524396664,1.8932296158797013,1.6960374308517738,1.7857369674898127,4.397199298135996
8750,0,1.6728655605640905,1.9320748340867562,1.8516489002961447,1.8931208569144424,1.5422249038819427,1.8234235988396956,1.8137970529467762,4.747324888958281
8750,1,1.7144864504252684,1.5600300989592046,1.958606341478915,1.6974535232615677,1.8693613728924696,1.7965438520410093,1.8927652061851508,4.732365882238915
8750,2,1.857941594622932,1.6106526070764506,1.5552678291891606,1.7588695734963078,1.7406638992336698,1.6616559626660978,1.9256302686245073,4.5888661199250596
8750,3,1.7472546810191543,2.1173644933288625,2.045602364812428,2.1556325313202045,1.732400150795912,1.6545267745009717,1.578036994177321,4.95945983429403
8800,0,1.6846213614799468,1.9822606640441398,1.7734643143604374,1.6415119729933274,2.2797445004172308,1.8790971307649498,1.5873256853366395,4.884146552768739
8800,1,1.6892253276816753,1.6244297551383529,1.5200340438398885,1.7219196640196264,1.5098931401479798,1.6255624710548646,1.4302280407312113,4.211359394695682
8800,2,1.8664800525555456,1.9488109764655244,1.8690008016727462,1.8783185510072073,1.6539648846290187,1.6690513364612496,1.613331092659714,4.735718108393171
8800,3,2.155778503878957,1.6099617516818192,1.589978962421621,1.473631270055122,1.9430624552078841,1.9075169541071222,1.5161170045706256,4.653139093911271
8850,0,1.554452637307744,1.7691104430757958,1.7745219519236524,1.4573367738240437,1.950379917936007,1.995582870477564,1.5492779192226689,4.583167930575325
8850,1,2.026274817241449,1.7507263339325152,1.7175846463650994,1.7810386788505475,1.7110101940259508,1.9368988845612307,2.1891154887746613,4.976383015863115
8850,2,1.4978262617830405,1.7658484802363617,1.5378042494971025,1.5471833208922297,1.603284808076656,1.7041743022260452,1.7645062275175962,4.325336629556581
8850,3,1.6987200804947704,1.7041868895534673,1.4900159293300532,1.8315535941725778,1.8197062571628129,1.8337787105745005,1.6537279781973704,4.557798849441735
8900,0,1.4537261059469837,1.7115997819589315,1.713327118205064,1.4391208731104495,1.5757099089236024,2.1007446911547047,1.82834348691218,4.5042515456778816
8900,1,1.7836183471161675,1.7082337144882018,1.4979913480327334,1.79822763679972,1.3855401983986613,1.9559025395192244,1.9588756655605544,4.599937804211755
8900,2,1.9192079139740084,1.698038333357904,1.770895779267005,1.8251071121553084,2.202575420026175,1.775647065720793,1.6807532133279472,4.884974245325916
8900,3,1.7213838365087235,1.8466318510720523,1.809211114072546,1.721975638820446,2.163833374697113,1.6581699736346334,1.8427166965052197,4.84138036312555
8950,0,1.9141649429073724,1.8351809491091293,1.8180401260145946,1.798576927068256,1.9067766996294022,1.9007193106361273,1.736163023858733,4.882095731599197
8950,1,1.4983725334629974,1.6060611920387713,2.0312278284427916,2.1142831372430413,1.5591513996094997,1.5116013144521203,1.9622891894499437,4.689040729282459
8950,2,1.6901113765896563,1.7382786637618823,1.4391215292298165,1.3697549595536667,1.9643991700802783,1.7184721015947837,1.9379535736969185,4.515867925488803
8950,3,1.997538601899198,1.6661471048198788,1.6608015392929116,1.7329977877810292,1.9444898155423558,1.6220616485928407,1.524838464359956,4.611399646888568
9000,0,1.8030418363173,2.0771313128722837,2.1961425264471695,1.8714414969984232,1.4390829708817858,1.7557757486618488,1.8720547978915323,4.954701511752467
9000,1,1.6010064655213483,1.9997912989582702,1.5977526006661287,1.8322321936145876,1.986603464049511,1.7504057051937196,1.5952086879585305,4.693344153220609
9000,2,1.9597485180282361,1.7861894544560097,1.8755616492846514,1.6954287762659026,1.4457710172268996,1.8094414343081402,1.778434876495163,4.685131802325347
9000,3,1.4949841267021071,2.132379597949239,1.9368786001807976,1.626658268761077,2.011279146845711,1.239467151947514,2.0037438586263345,4.772425819463784
9050,0,1.70845628008965,1.6506118645883665,1.7020990184660632,1.6701493639587235,1.904151214389101,1.9177160296724804,1.45406553822135,4.554955056008536
9050,1,1.83740392735998,1.7602915845632667,1.9675818192675565,1.666698562392434,1.6505345778198994,1.885193098540424,1.6335561355288475,4.697942637755688
9050,2,1.998599503992729,1.6228876770935556,1.7307128361298172,2.1048533913162792,1.6320702092746782,1.8944073917751538,1.8906915607270973,4.886827828123388
9050,3,1.8911637345564445,1.7139505856708668,2.168477388640862,1.89969771233106,1.6757488349051437,1.6434949953267077,1.6209114645575349,4.791851040838965
9100,0,1.9322931593343224,1.9467342348592762,1.7996134843356604,1.7167790345058456,1.378602890390606,1.5705773653251411,2.112946889949756,4.747765130113141
9100,1,1.705154172281849,1.6170908894855038,1.8339667225356908,1.9043207710403833,1.6248366197665958,1.9008496258262826,2.0156625692465386,4.777930950578019
9100,2,2.006324869600939,1.778413684361203,1.8346936149372985,1.5819810642714296,1.692560864305529,2.2216079494584435,1.5954771355891055,4.8376348471304365
9100,3,1.36633522174216,2.0279527187008104,1.6656584459811568,1.8293180973285994,1.4616471114890701,1.767892045161116,1.828608783014095,4.550379277656543
9150,0,1.8681996611225338,2.0290395034756177,1.7391864807106387,1.6935609597285253,1.8310004037116048,1.8540985651639756,1.8563744834561418,4.872007780171171
9150,1,1.5558420317360286,2.129998712817441,2.2006657907457683,2.320797065101019,1.975462830072426,1.625857375836663,1.9383445906923082,5.243053808238765
9150,2,1.7066777711336354,2.033106399034978,1.910419639250525,1.697411065194645,1.9519199063515766,2.118466471171164,1.572956498312514,4.93449711950767
9150,3,1.6751341006826443,2.01288083683281,1.7061999324244788,1.3203508053215898,1.524107793237936,2.087151855683648,2.012002336478836,4.715874130335316
9200,0,1.6670438883657528,1.6368319907574287,1.9897866487580282,1.5022552068920265,2.063482192878697,1.8618849132997242,1.698459241813814,4.720552286832315
9200,1,1.9885455694376761,1.8252720927231918,1.6935000517633647,1.830704567031292,2.11414686143057,1.543274627369959,1.5341563300130103,4.765532761756619
9200,2,1.9612015612309495,2.154618520862695,1.7955451758257561,2.1797132694122365,1.7115692893010535,1.5749344403422743,2.0499035768475173,5.106448623782401
9200,3,1.650099507834049,1.6647532680654789,1.972901265513777,1.6974968638142933,2.039994235486027,1.6876860742328015,1.9726993714308738,4.813467607809717
9250,0,2.121964437913139,1.856052030518134,1.7028716716614298,1.5744541501325757,2.0865335176999085,1.65641641673848,1.4940997300220193,4.759833136377048
9250,1,2.1147337962230024,1.6373848560780537,2.329723375717231,1.6414613334279697,1.9092457917919647,1.8461976164191347,1.8558848663834175,5.076722198616144
9250,2,2.0960848593270374,1.5741503851147476,2.020838181871079,1.7033678024797427,2.02867277745823,1.8695782244231816,2.230673207339285,5.142325245787978
9250,3,1.706167289007828,2.091204196550343,1.728556278126793,1.7615587961546346,1.7782206975563188,2.157890589902231,2.150607048725477,5.081221244341304
9300,0,1.9281728907175362,1.6480008457649258,2.171605403158252,1.9926048033551422,1.7188980152741902,1.825031579168637,1.6729307172500172,4.919771259938312
9300,1,1.6341381901747014,1.999847065718762,1.6025985058912577,1.7638232480921512,1.835445884171704,2.2227496007749648,1.8718761652673448,4.9155455538536845
9300,2,1.8605880413815765,1.9905117354141146,1.767186967343138,1.6224741013340007,1.7459423106429965,1.8745165112622229,1.7340545014764275,4.769524979783544
9300,3,1.9008923129119073,2.4277156757190004,1.639793854725215,1.7686007328519868,1.647301275404403,2.1362360869967216,1.8114652000691065,5.087492477444655
9350,0,1.8172258556602445,1.8667207650399653,1.7972643196478564,1.7156088178509132,2.0224901410147766,1.6812860158905623,2.2257548855486053,4.983131818841761
9350,1,1.6711647068904154,1.704866036272652,1.9928683611354383,2.027406211350724,1.8226169532271497,2.0371860633365935,1.5934701494300871,4.877752214063247
9350,2,1.6647257258685961,2.0032799940658443,1.9818265476430814,1.8861767865623267,2.1539371452998566,1.854669898825223,1.4177451277304793,4.93548262268413
9350,3,2.3879304030236836,1.9696588920097282,1.8200969771970295,1.9686167544155329,1.688275467406698,2.1371315618759774,1.7159652294676029,5.208849654969964
9400,0,1.8525357529457211,1.7931205170226376,1.8766277916412517,1.6387007845673387,1.6668857674648772,1.7895398712291417,1.7978246864247394,4.697592654735575
9400,1,1.869240538544011,1.7833450582973622,1.6829526371365344,2.0946918323179946,1.7567736883164673,2.2744222946205808,1.852565251102904,5.058230106958027
9400,2,1.9742536763936485,1.6470430269326197,2.0592669337808105,1.8039283612399148,1.9953925610388947,1.8097259433166548,1.897119736153738,4.996091362679098
9400,3,1.838462576594183,1.7906706716145746,1.930169759976969,2.1467348561115394,2.1515446106508374,1.9172228034733034,1.8757109752406234,5.171426408343111
9450,0,1.835435761243201,2.0010671650952836,1.7062615935724104,1.9128180395337002,1.9625932659610175,1.9156126082415346,1.9374148901546688,5.0217742044003915
9450,1,2.1260111243512316,1.6839350992710163,1.7492519896746301,1.9847084181457886,1.7694212795712043,2.0861491274062436,1.8692216616224624,5.033027936989557
9450,2,1.840444424654942,1.5315977678787787,2.0585848066553134,1.753972643383856,1.6240588885007163,1.8101925151532356,1.7690994609649597,4.7001378661447
9450,3,1.5095870494107575,1.9940976993024009,2.0568222934627007,2.317765766413252,2.182089967940199,2.1049898491915977,1.941756880063682,5.368496387594365
9500,0,2.1308117991962474,1.8585054418019644,1.8428748365181875,2.0796916952333158,1.9562471799548082,1.8220093727448954,2.340694053339587,5.323643155385841
9500,1,1.5034463182807358,1.8849531651741323,1.9858572930919705,2.121045882581069,2.0426831291120635,1.9652081885546844,2.0325622445567313,5.140211178513145
9500,2,1.6809394392006787,1.8000394931941155,1.8606435978677425,1.818889006688866,2.1113601794921086,2.0911398691663297,2.0744994440010767,5.096107052974981
9500,3,2.0041759703289017,1.948007784573542,2.0549781579428346,1.8680534639676634,1.8697340747203701,1.9330195836568689,1.8711092947780028,5.124210654983133
9550,0,1.8520967609431473,1.7783704114500858,1.7103523066319584,1.8055553678885659,1.8498369966561423,1.8379550938824027,1.774661072966028,4.767346924313013
9550,1,2.0827796014542477,1.9340919057801038,2.103126322575785,2.2221726626286267,1.7101342617212705,1.8692915560313494,2.0767013380150687,5.307671109004382
9550,2,1.6714914724860457,1.9454543632574253,1.8917405940458547,1.9668787697189294,1.4440216729757949,2.3588208560912474,1.8940887748308288,5.026209078633513
9550,3,1.6181005915290103,2.002529873069442,1.8439962821060538,1.573368391071626,2.2288937654309415,1.9777601329475283,1.8549008687865227,4.982403595993088
9600,0,1.9108383853666868,1.9609334970512091,1.694437897265709,2.031536593494033,1.9149024601534452,1.7420970113957064,2.4018543498302014,5.192829862421612
9600,1,1.7653265763055876,2.093550080639869,2.075521405952574,1.8785928686331577,2.0100448317542274,1.9472439527986813,1.7352188911739017,5.1165666194689985
9600,2,2.0159951947794292,1.7987173084377788,1.7678554030365752,1.8686880641022017,2.05701004776423,1.9823769063077412,2.05412242568646,5.1281045097564375
9600,3,2.4303039050131328,1.8833370006472525,1.9857156484026492,1.9248909455112346,1.8503690478772565,1.8959834068333994,1.7342572951984143,5.208442586362073
9650,0,1.8898055128180693,1.7782608115191247,1.6025695285303356,1.9029676785464367,1.5678264087809415,2.0909781081596073,1.862184383824424,4.818826749911414
9650,1,1.9464835824006828,1.744863548897998,2.00142914926468,1.7627645184852057,1.9408551436354855,1.7307760372220478,1.8001973358426873,4.8938348312502855
9650,2,1.9676943078219362,2.059803284383953,1.599753150349815,1.9593413151482983,1.8653785444350148,1.7862898367334374,2.1944724423883417,5.098923100611786
9650,3,2.0364503284950577,2.0133399031918984,1.6739694302380128,2.195827359173485,1.9274052787822387,1.740322006295582,1.8156504370786948,5.085734681913415
9700,0,2.251949366753063,2.225301988356576,2.218226342431682,1.832780186707043,1.9717674911534075,1.6998363922638338,1.935012339119796,5.36883970342073
9700,1,1.6949698123939094,2.0430097085355694,2.051266205555468,1.7692574672459933,1.9088863129846618,1.8094053202589233,1.716265108422527,4.924239723736744
9700,2,2.2009991936938573,1.7411890262087542,1.9851606515261724,2.1638808169604875,1.8224693495879678,1.8555329395581635,2.0590978427314544,5.244393256032816
9700,3,2.2320916109249835,1.7288416810851486,2.0487471614858563,1.988113462482771,2.1035298299353693,1.8791975229884263,2.12352732241416,5.3466509100645245
9750,0,2.416237031404576,2.0835072957216583,1.7531221540111452,1.9878289148000945,2.1733952351300867,1.8336222580548887,1.8140024989090298,5.346075908928422
9750,1,1.9593701616428747,1.954563167933555,2.468553738816038,1.9612548410766137,1.8431378656628659,2.122648105356187,1.6644085540072349,5.317214940785533
9750,2,1.9848204763419304,1.8418024057237974,2.0065535246743726,1.7648659676560394,2.0977970699062354,2.1435888457032566,1.9859383792277172,5.235688520933042
9750,3,1.6342675089145031,2.258490231256369,1.9050601321997658,2.043001125670109,2.0648507612293567,1.9204697749054154,1.9572042650075017,5.230408920877855
9800,0,1.8141505567469003,1.72781019558687,1.7919234750225714,2.0307000123968355,2.2033954906482776,2.032884086459497,2.302133900563519,5.28191182135008
9800,1,2.11514272820166,2.043431404560277,2.1925145483758683,1.939833163465188,2.1215692355919478,1.9800757189863323,2.0281127406218897,5.454769525445508
9800,2,2.042437767703212,1.8081635724014604,1.8681705037364005,2.296728931717775,1.4312306347720152,1.8128649015459621,2.2851376505305256,5.173276207526484
9800,3,1.770096540805799,2.154521591966904,1.853223723502591,2.2251800904913535,2.127121060093101,2.1173006458051367,2.0085632977921364,5.4039802191303625
9850,0,2.0051499042257235,1.7484571507875322,1.908210561354346,1.6185576023738633,1.8547736731496012,2.131335954480617,2.119341320352863,5.080660465613566
9850,1,1.636248931241719,1.966588795010471,2.1108307406621813,1.6776002954735256,2.1883880908566042,2.0009458420384245,2.1403734522423283,5.214283885135651
9850,2,1.9483626803646463,1.8205452835397888,1.7791556814287812,1.9331521784003218,2.219885091851984,2.316074633281263,1.91451899916661,5.288709584898423
9850,3,2.2553168732416684,2.2063598824561788,1.9844138312873236,2.098213322809442,1.811760041098037,2.0696183309575464,2.3451945455845484,5.600054238170794
9900,0,1.8780134420327257,1.8191137528172767,2.0626294238943337,2.1354525870182823,2.1706072437411636,1.699019957745408,1.6467655253296032,5.09516913798504
9900,1,1.6957477197270274,2.067023104311662,2.0444205342276915,1.7496024137838586,1.8493018333219862,1.8033791726572863,2.297570983086301,5.1322348838717495
9900,2,2.070036847305322,1.8166433597000922,2.122670050559347,2.2052072964499954,1.8078689609805731,1.7284823489921086,2.0093486659722495,5.219907708159296
9900,3,1.7244692874714358,1.8921160442220586,1.8953696640583497,1.9446795114395794,2.04227327709608,2.0943931327038774,2.2053083731561522,5.229612774121128
9950,0,1.9007913051235834,1.8314083898562001,1.9693246292932478,1.6822310972830297,2.2015461021499014,2.0222328748011775,2.032118077652772,5.171164294200814
9950,1,1.6872344228662821,1.7546789322330123,1.8226395716015529,2.333210684042814,2.072938766765002,2.1223102920721324,1.8580698490718657,5.190880939460005
9950,2,2.16065065624981,1.946415181774351,1.9727762188430773,2.066473012176069,2.228451113909414,2.09710861885399,2.3634457492674024,5.618615022758294
9950,3,2.334639094263188,2.225860658692034,2.0266570424217254,2.2795519168772227,1.798598466751804,1.6236424868762498,2.0970253189831176,5.47516005610421
10000,0,2.233246332219907,1.780440925971345,1.7999005383496633,2.1316700251795404,2.0378342531661686,2.0216459579066153,2.0981768872525595,5.346324455936623
10000,1,2.2403283547918424,1.896337303055126,1.9459839958623073,2.0442497196210163,1.8781215215201774,1.7567818552832692,2.0700612165405845,5.242113439199959
10000,2,1.599694046911604,1.9333126786216255,1.9333605799224394,1.9643448982690928,1.6786517128268008,1.9153769124018691,1.9690720738375995,4.92514345881447
10000,3,2.0268669947444002,1.9920146541407895,2.033291259549002,1.8440211904214137,1.8260853171093552,1.8024791056925937,2.0178226615499306,5.125048926484762
