gen,op_id,w0,w1,w2,w3,w4,w5,w6,norm
50,0,-0.1448464223424152,0.2809480160012007,0.0034356172698885353,-0.129359551730865,0.1254103524214017,0.1297911603740755,0.1589705396033516,0.41773568810664674
50,1,-0.0507107493551572,0.466114268435796,-0.1772818392624081,-0.027865720946303935,0.0784869947502402,-0.2807770120341095,-0.031153529801556418,0.5813827667952858
50,2,-0.2485463558316809,-0.07883893027170365,-0.25390065706532133,0.1594507247874471,0.18299369549990274,0.15174636961552412,0.05442628700580195,0.4662154214721768
50,3,-0.11334815919637062,-0.15708873663127723,-0.32430946224575274,-0.11033158388165427,0.053206232088794346,0.1861889822695738,0.10073570837811373,0.4500214275650517
100,0,0.14299805673149862,-0.11476876642312815,0.11375308608512764,0.27319617604957197,0.1238492892180713,0.4028852041494568,0.004673580629413308,0.5466929720561087
100,1,0.05801388723345842,0.029787327161972313,-0.20897203003983722,-0.111057843680735,-0.14851183881250432,-0.2350722999281933,0.024137833800898463,0.37168997489167976
100,2,0.11609522487922783,0.15196375315148292,-0.37729203284252044,0.4490839553059278,0.026656468758843765,0.1643034733684199,0.1931059168954861,0.6675274183874144
100,3,0.11732615985978559,0.06323204343759199,0.31977718081230905,0.21715940862892044,0.06050321685873765,0.022372971096456275,-0.11650748260194412,0.4300169250358046
150,0,0.2519044096968865,-0.21226965422581595,0.24096675473821144,0.08779131688251299,0.016699821538702937,-0.04351075672339659,0.028230183947061654,0.4210172718721496
150,1,-0.15562566211283466,-0.289643992400491,0.10031779538647946,0.06694418513269533,0.5384846624927486,0.07272384563723965,-0.2889108334272542,0.7080834217603651
150,2,-0.10483851944836442,0.29246292820834524,-0.16688383762569728,-0.003246487956235753,-0.060796829824182566,-0.525780093086739,-0.13389693146241513,0.649965986447811
150,3,-0.4486240250012516,-0.057915921316618366,0.13577483293281,-0.04855139808259332,-0.016158821959410635,0.36385550523774673,0.2124025868671022,0.6349618952273846
200,0,-0.1957568927610549,0.12837763672051675,0.11110916165662482,0.2090832500972538,0.18707161636941577,-0.2795926295596882,0.08918604960840365,0.48164780654394806
200,1,0.020109282044517653,-0.004687113559027484,-0.45376516117279636,0.20067903633789894,0.04732482606039023,0.10573344838207605,-0.26830058961490494,0.5761993205772286
200,2,0.20510299433733029,-0.3263081908279493,0.022566210089104165,0.07233720322624933,-0.018630013294046906,0.18310700292838578,0.14817055397031534,0.45838405674341687
200,3,0.0219795275823244,-0.030137763431922628,0.043795989515711245,-0.3068131916731079,0.18949334981331964,0.036680553315331606,-0.022781600409948442,0.3677172849240987
250,0,0.16315644680064378,-0.11737094302079411,-0.08996989991082295,0.07163815713401381,-0.011250402813244818,0.397910249932305,-0.15546881188320055,0.4860578801734899
250,1,-0.35394305679211896,0.2939558203373503,0.0018425758425216071,0.19753330366859134,-0.06428026070130262,0.25974850504386354,0.07496529304706608,0.5726513300914431
250,2,-0.16788696969907768,-0.16388150989482142,0.3533718092771842,-0.17133186670966277,-0.12961137268909767,0.22584646048312168,0.17422148808095456,0.5544621597317912
250,3,-0.2111632373847645,0.2278687263744824,-0.3746185904320188,-0.028598134989681445,-0.12406682027874784,-0.17699413227561206,0.01626487366143079,0.5335307449189804
300,0,-0.13107536791951563,0.034081170961600536,0.1844362243065824,0.22906041814437708,0.38722682923023205,0.4148081938036074,0.2528836869171245,0.7005628368086647
300,1,0.41996814053340936,-0.12434454453648167,0.042053602818807684,-0.39917585728058924,-0.25559331460001355,-0.22309830350702015,-0.04078175964654877,0.6853529184154765
300,2,0.028170677241419598,0.29639431899380897,-0.1142817915729068,0.15407773437054847,0.31576035165499594,0.13822099544155414,-0.029106013249667335,0.4950760131205604
300,3,0.05812213678823759,0.15617128334364888,-0.054024057255975914,0.4441602402660509,0.37720565051572214,1.4268758412129545e-05,-0.11789091755038072,0.61979588716535
350,0,0.12093259002471407,0.529091426773147,0.20553469384820314,-0.08488923288999381,-0.10902144665128927,0.12322403078984019,-0.03578661803354648,0.610216060977725
350,1,-0.2076178631429605,0.2103797997019153,0.3525175232903265,0.18175944365388916,-0.27101440453087633,0.39148783887094374,0.16628853952015943,0.7064229261749645
350,2,-0.04934567345370515,-0.17362534612470767,0.13021201381186534,0.20951709112991704,0.09085714593860254,0.06867643878459641,0.2351641269029096,0.40212806059296374
350,3,-0.17106839428482823,-0.19689868211223743,0.2213030701809143,-0.37539139313244196,0.10815602023175089,-0.0147222430860985,-0.10443287261890108,0.5298565159431677
400,0,0.07528799357370737,0.0723203542709894,0.30948551389615875,0.2715913052395064,-0.12257377676148791,0.08890634065425176,0.0071557765144786845,0.45102273701791834
400,1,-0.08941004091140299,0.15567538893024105,0.32602490040198323,0.03635896387172562,-0.2121938118059566,-0.33836423473325733,-0.08558818708935466,0.553791566345061
400,2,-0.14153817520125023,0.004885571615282747,-0.09530656641473927,0.17829326289605185,0.36629000774522996,0.048368709271938086,0.22930201213014578,0.5000160673646028
400,3,0.5220792346754497,0.4133738059084176,0.18458707359617732,-0.17545667562616596,-0.16449999519814323,0.24869913400909577,0.14521640527835614,0.7863214199614116
450,0,0.15638189579014283,0.10249080803967686,-0.487504135417325,0.2131112560929203,0.28304294816540104,0.09901155539335345,-0.07315643921325306,0.6428878718656748
450,1,-0.2335466329346057,0.2664408248516124,0.5026466786387849,-0.14878167513203866,0.0570758154191496,0.10741971364309952,0.11481730379551833,0.6544494404766461
450,2,-0.0312097817289526,0.5633164367775958,-0.07566921149073892,0.08566100298588684,0.03874860734694081,0.17890665334998307,-0.05790197496400572,0.6068152761001531
450,3,0.06433353576430535,0.06732260991464875,-0.21303640032854726,-0.03444772579296146,0.06705379470996925,0.6948753213435979,0.15552381697198095,0.7528465132746638
500,0,0.11351681278383714,0.11719719314092239,0.012560555685488917,0.09158570158624156,0.060595201270274006,0.2219865438991377,0.24336576176695435,0.383853689898329
500,1,-0.12976530569300945,0.2198813976698556,0.17726800837120557,0.35626708214331904,-0.04127872095418347,-0.12784327244959112,0.24396441248230055,0.5487289985828391
500,2,0.016282662574114176,0.13451291089877881,0.03658552238462458,0.07395930448304762,-0.007224121773566947,0.38039159987270765,0.3979513546341299,0.5729594796414436
500,3,0.07629886430842,0.13264116451911273,0.005120960186746196,0.10983718227214573,0.4575311425798134,-0.017969226210516637,0.2172557653951891,0.5407063280385236
550,0,-0.05982771457147716,0.22937988945771992,-0.005143540526442655,-0.19110127902978397,0.005225515941517683,-0.11568512724853862,0.40765783295182595,0.5218581295953842
550,1,0.5158455467686685,0.3935497461571274,-0.09277318937316877,0.11958715276390747,0.35485441370954945,-0.1788297685469067,-0.030558480223048648,0.7763514309610594
550,2,0.00024214664869055824,0.07604408261831433,0.1398949118740792,-0.01864645958432147,-0.010338567406728463,0.32453182795443103,-0.10876177612178252,0.3780978117315402
550,3,-0.1496239886347725,-0.04808797258258997,-0.2403138159156365,-0.019766951024455956,-0.14705834000193613,0.14834743240221535,0.02512428410478411,0.35651872218868524
600,0,0.27345111396736943,0.5273666913224858,-0.02639505544502886,0.1997489865540154,0.27594699121322774,-0.24097224349699753,0.29408466668720135,0.7837012509265603
600,1,0.1468620820600873,0.39517918347584446,0.1180154318751122,-0.1955300586466247,0.27984723068602646,-0.01423209162292978,0.08546961894735783,0.5618868079180084
600,2,0.12190408552917884,0.10932862031908862,-0.06089794032846606,0.16210685816233117,0.1244224500470739,-0.037944652921195324,0.20935949726023487,0.3428595743787495
600,3,0.32394986094412004,0.12177843091396685,0.002023506445329698,0.1936630098318175,0.024166610012994375,0.3372399718491662,0.2384189562175978,0.5730980517618873
650,0,-0.1282953912065753,0.3072562081281016,-0.04502626939561055,0.2765359456760836,0.05075237741880241,0.388562980582257,0.19996917393356267,0.6187974169637903
650,1,0.27132043309257664,0.10192517058094722,-0.1025702235909225,-0.1749716793396518,0.01175606843748915,-0.1871609256443889,-0.2684081005866312,0.4820265374889881
650,2,0.0678226189384053,0.09692898285212945,0.2759054010174694,0.16711334484844645,-0.14543001824877944,0.4405771125946013,0.10681320727967873,0.5871225930696816
650,3,0.23854624161423435,-0.022242221513670668,0.32818308199115287,0.3093339134524575,0.26276393118864105,0.20801124017768596,0.22399298714240007,0.6505974554101079
700,0,0.30259544268013205,-0.07814478987124812,0.2074425260839114,-0.0680802828282644,0.021579472649526213,0.14731708481207192,-0.0712323939647902,0.41542747588498674
700,1,0.3379848444230996,0.07264594544495906,0.376845526301971,0.27189225421706537,-0.08761189254131152,0.1468492802514892,0.06761777656889598,0.6076691991367651
700,2,0.11038814037731381,-0.06860065320684158,0.01552692054461019,-0.006143548807460264,0.1231273661162385,0.6298327270151112,0.23461742938615,0.6957480650980598
700,3,0.04034670606871189,0.23100588637826186,0.04910927980965894,0.14522129015274302,-0.06105779966227454,0.37991157871569103,0.1375294442312125,0.4954470014859767
750,0,0.15501964072505425,0.32899149229263247,0.2882871997965652,0.20194994365918564,0.1253497926261763,0.2741431234275833,0.08819653263541438,0.5956554636070396
750,1,0.4481328408090073,-0.026806809415455074,0.1663772058837724,-0.16100236956893146,0.006316661946882407,0.2058081861182856,0.03684951708727255,0.5467170952952768
750,2,0.061252713240348006,-0.12859396702916967,0.68676447792192,0.4258382652429107,0.3694234643887563,-0.23127414085953482,0.2954746393277699,0.9749557252887152
750,3,0.3159695255716956,0.2174928795535671,0.24344269502844426,0.37431110535109613,0.4035825862367822,0.11021369808351264,0.3649833200369178,0.8091673684488031
800,0,0.23313933704851536,-0.0810313852849053,0.31164446898393405,-0.14647212567144272,0.06850164749102947,0.23740023676493302,-0.04540218486490802,0.4925536529588832
800,1,-0.04712991898416333,0.3450573583765188,0.46797945403554586,0.26632015597094977,0.18260746178165854,0.014134476391515993,0.45313888271259584,0.8062860040061811
800,2,0.5563473680529522,0.41185968010171614,0.3630983096660977,-0.11150466259436184,0.3513439579787494,0.06850021623556778,0.3352029973590306,0.9294731669965334
800,3,0.11805192587706334,0.029303603466648953,0.14635922629069054,0.2806198851841667,-0.09477850317451711,0.34671023358125985,-0.1485285408422389,0.5159604438707458
850,0,0.052289817881707,0.3807052697058608,0.19461806413725355,-0.1155597479043465,0.3468061761950034,0.13482750496239482,0.02154408282409992,0.5812212152926617
850,1,0.41798537181806306,0.07471362173843232,-0.17763722597187057,0.29717086030819145,0.2889532139072521,-0.20888452544959982,0.31365427587566747,0.7250276616579356
850,2,0.1706710203180362,0.04251217103146998,0.04140533859146453,0.4744336720719865,-0.1405723251735204,0.23518204388885683,0.5665545918589924,0.8085745921377514
850,3,0.27399753605202076,0.32396017796447496,0.4122276693444106,0.12923936241670336,-0.18023141098589665,0.08345406759639282,0.039773245292760495,0.6385054148445587
900,0,0.3602033722209673,0.24184160323394485,-0.00618859958983059,-0.037131752031767884,0.10053849811595712,0.3532572570600927,0.40157073126984155,0.6969997329049571
900,1,0.3740447846834517,0.3905832977730518,-0.04874705230497481,-0.11448500758558341,0.024352866087688413,0.21431508873971716,0.10132920377661786,0.6039366956930654
900,2,0.06653648071336128,0.42530482182270096,-0.1351181258371836,-0.01507284335725198,0.021286636864345565,0.17704076904859373,0.07806702422649675,0.49161611889143403
900,3,0.1522901951706449,0.48380750715858534,0.554099776009148,0.06826988990004021,0.27107575186239385,0.2982274629666449,0.21163959414806566,0.8810007649797535
950,0,0.21669194553904264,0.02640719413181461,0.18180447038023873,0.24319542536240213,-0.006538588278803659,-0.006629684364452576,0.21725699265345724,0.43259325727422737
950,1,0.25648612049789377,0.23964049628311163,0.11856923743854683,0.42687400642345985,0.15641495928552343,0.24872184404610903,0.40549019097436884,0.7551445352143321
950,2,0.17070196938195434,0.352170687274114,0.3712177606727561,0.24166147642432553,0.03673597224510933,-0.009237015641970991,0.12103655191913613,0.6045253934846055
950,3,0.07643443748581649,0.05067938710210948,0.14738022290165104,0.18921482627041764,0.13114863339981345,0.32541281494690283,0.3366832704941056,0.5498935286933428
1000,0,0.33024722503234627,0.15288584084265855,0.22874560763303747,0.24321531228569107,-0.16354633908761945,0.26539777594382413,0.00777410879254431,0.5840884970496978
1000,1,0.4422992899402065,0.5752856440363845,0.14847489058152835,0.2852868302352046,0.05947677958678341,-0.00882755566742438,0.24910391218061356,0.8340766001199044
1000,2,-0.02753431298209702,0.31111439923547274,-0.10884637807138997,0.15812326896977297,-0.2157525150354223,0.195974182250201,0.3526098972279299,0.5862504392218642
1000,3,0.3486954313206593,-0.08289849050326359,0.36276077664003087,0.24818743768560458,0.22770691008220725,0.26565872874812385,0.2469364569947381,0.710672681125013
1050,0,0.1782572318553422,0.3151119989617851,0.30158251593212965,0.19519139606725092,0.3596758404820266,0.39749953181290204,0.15830013324129585,0.7566732635789357
1050,1,0.1981067249339472,0.39470724643596644,0.12484418724432479,0.038687351204393955,0.14057237348340645,0.28753347884592173,0.41609949825790027,0.6983536018232441
1050,2,-0.12228748831765918,0.4657323844990547,0.028049711998809623,0.31684608042400697,0.45927681007945464,0.20054048154868978,0.3325900687268261,0.8335507996671493
1050,3,0.08071229752251613,0.127318756019689,0.32256435887088364,0.2025652762129991,0.4478093899324702,0.34039180969980254,0.11334215731183422,0.7050186350681061
1100,0,-0.005962597842095657,0.08187518436754937,0.17130422226705258,0.3476455071725446,-0.004745116521953224,0.10322534726054208,0.325462034244802,0.5230154469943057
1100,1,0.3757617434352093,-0.001731246175618345,0.3108706358575487,0.2884709904042271,0.4989299926599522,0.248253597322376,0.2333770809975901,0.8283005479173469
1100,2,0.4823142774660898,0.3028340694491938,0.13933901363263163,-0.00975726271017735,0.10814284789706703,-0.011733094699791419,0.0993063252420558,0.6045993616090815
1100,3,0.36265116038738676,0.26650662358824195,0.1081075646520071,0.2552116948434441,0.5710998814782836,0.4657163924743485,0.5063803785600042,1.038667328792515
1150,0,0.297595129197728,0.2398943253226979,0.22708184662956132,0.14811235510693546,0.01661847478153844,0.09586089839270551,0.244799744172124,0.5375946273352422
1150,1,0.3666041627622676,0.3094844180919393,0.4662228798903315,0.11604897311430229,0.3753328702303522,0.02248991920815102,0.15217633349734924,0.7909162733870685
1150,2,0.07229496732653057,0.4220871088530665,0.0980636321581479,0.4290280143426616,0.0005191499677887068,0.23718803418204412,0.4159814502233214,0.7786941651311311
1150,3,0.33333603575421766,0.14241000795200587,0.08324943410668259,0.18308286010649225,0.0026745598126568515,0.286572607036781,0.16909030087721955,0.5315692497369287
1200,0,0.45676886130229233,0.04640009634092662,0.13763037844306858,-0.02304097757729548,0.1575282248257852,0.3881728822686935,-0.05025056085408505,0.6389696521163097
1200,1,0.29026768352071075,0.18654811285270598,0.4964395156486534,-0.15198708236787065,0.15332367632518443,0.506942755701028,0.07971057457905487,0.8218641465527609
1200,2,0.3685470213644163,0.16033307990204976,0.36339237317420153,0.22580014426227435,-0.08109245991764977,0.04294954079777069,0.17154034374990634,0.6184012169632055
1200,3,0.3265005057543013,0.47826388411661436,-0.1867781282420484,0.18905489653325835,-0.16373883144121495,0.20500537201329377,0.29415012566247334,0.7492186931091759
1250,0,0.40530901591591273,0.10102280303455291,0.26970803925858516,0.8293415388675297,0.06018958061359825,0.9285907736053572,0.3581806513120539,1.3889664535406607
1250,1,0.5655738928713088,0.22552969976918807,0.1341119028036156,0.11097452479624659,0.17382298778830757,0.4941607604975644,0.7365247012814115,1.1035926536996354
1250,2,-0.02361585370322966,0.25438948043802273,0.4225005749716447,0.005443870570717935,0.22524011013256087,0.15986738618226726,0.24352201791857023,0.615955963905076
1250,3,0.4242818005096511,0.31280309661808625,0.1903277609607673,0.31872151364789914,0.21182589578371633,0.31094904645037735,0.2984031696747469,0.8039109743229226
1300,0,0.154842789769097,0.0644448662843943,0.1601884803576709,0.03192657937027821,0.16363829064528757,0.30216158581042724,0.38268899106746507,0.5651009326062867
1300,1,0.28415022123978945,0.3720556216243107,-0.008511817293358481,0.4234464840460931,-0.11167049127443929,0.3594424139337104,0.5745119227595883,0.9328875637751818
1300,2,0.17463081185527723,0.6530500558995724,0.17374088963751405,0.07433415782263308,0.1835393477606299,0.2890409855852971,0.5048564558567217,0.929942570407243
1300,3,0.18087965327189442,0.3038786034129356,0.13919871645759302,0.5125546430898849,0.48166551031458504,0.4374750536761778,0.18482231008187558,0.9298890106437343
1350,0,0.4583714193341847,0.3765853528953409,0.25146126401417407,0.2506063803447258,0.5432881095909694,0.3913022985110769,0.382368627080527,1.035587966840704
1350,1,0.148180346694184,0.1442745356863703,0.22073443391971562,0.8220634041377871,0.2672618145038761,0.0865790826913784,0.23001183720799334,0.9482166144092665
1350,2,0.043636630918470976,0.4971945268127896,0.49849879724699864,-0.07092486638431966,0.09901453319595846,0.6413301304589846,0.0760212740471902,0.9641189702029289
1350,3,0.3050057096186351,0.10454536135911913,0.005356725144158192,0.3049105861869433,-0.2505500446972593,0.5550225206799542,0.3888955675112717,0.8479519215996001
1400,0,0.16019203120355846,0.41936162361101564,-0.23227898011226622,0.5069535252870059,0.705835175827531,0.32877450602661923,0.11197492657864266,1.0636331205131437
1400,1,0.3980036270728803,0.22863157048455068,0.26312100963558716,0.11283980967734364,0.30339733139502106,0.4722125325900746,0.5071128891037561,0.9299692841556548
1400,2,0.3073232208873548,0.49496912519086655,0.2855741276240384,0.14049646039679858,0.41964719583992344,0.526781701573121,0.34242706334512996,1.0057797266503252
1400,3,0.14891723944439295,0.3201290323233009,0.28875831008912023,0.29550831943733374,0.20162990998343355,0.43963516947203857,0.4854631642233028,0.8746277246329038
1450,0,-0.007914318623599426,0.1452350403407579,0.39024807731943406,0.07216498593512688,0.26052836565775145,0.2588824035238351,0.38155407916891665,0.6775956345237226
1450,1,0.1536163643521805,0.31018107111773924,0.5392812041286196,0.2916600567802204,0.5649519458462369,0.052198927279272694,0.06596131137486827,0.9066126040635182
1450,2,0.12072895758532873,0.43552628988701303,0.37388202131720194,0.263173102073988,0.25798310585315853,0.26262944746710215,0.40602804507402884,0.8448045696319498
1450,3,0.20183571186597732,-0.25724628294406493,0.3936548190774478,0.27715344083683424,0.2714996346954692,0.153233861693832,0.45847557792207494,0.8037934900109212
1500,0,0.0805544535231131,0.20288726616465574,0.28662035875528113,0.13516412945034673,0.561752711230876,0.1964067308338158,0.1316029606814047,0.7207869910378722
1500,1,0.31566900915145724,0.2503588903502247,0.3138356757756813,0.36336294559592797,0.26779277438646565,0.34300033343388936,0.21363033065210763,0.7923711730380372
1500,2,0.29385017240830197,0.18230829676482396,0.20696447226961784,-0.0375574147058908,0.1941464158678583,0.07080447158728492,0.15091527554320455,0.47886387988475704
1500,3,0.24185266654018164,0.03088108106422477,0.23721646338858357,0.43063597100464446,0.36451180386799276,0.3739279720228136,0.2765558951026499,0.8064362901322161
1550,0,0.10317161239460987,0.4177986921861502,-0.0496763666956479,0.5937109814503261,-0.10798431492350352,0.5347546604860967,0.05506010070333667,0.9169598538485267
1550,1,0.21179276333148012,0.3230641093282526,0.2552008492727189,0.592781134304199,0.4111108165092283,0.3078038821874756,0.44076576411261137,1.011816847135128
1550,2,0.26536527849933395,0.4702106130884236,0.4261710433102489,0.5674513977033658,0.2039242345889445,0.3767193037454517,0.4800205593729178,1.099573491538198
1550,3,0.5738551942833579,0.7568027748157039,0.1499495227747683,0.33833223305444615,0.605208141445252,0.5441891237560362,0.22276418593155786,1.32327486286805
1600,0,0.1331328853080166,0.3231366203854041,-0.1485408327500219,0.06122641496489106,0.32173812648449485,0.25386606075077894,0.6114868652894597,0.8305626278159054
1600,1,0.31772376078266823,0.3288172315262485,0.5748512570199282,0.15219979690842333,0.36118531270682114,0.12258266758076763,0.3552922546892558,0.9134559828143564
1600,2,0.09810739003886926,0.6893452553136197,0.290291821117485,0.45109476488187095,0.49300405697576144,0.19247509829271348,0.5917048401362988,1.1843952257642916
1600,3,0.6668076526654156,0.5786211017257955,0.2580961822618842,0.6700571458617691,0.9171659014850149,0.4499239719177458,0.6812667967572823,1.6741488472507764
1650,0,0.18930754375524303,1.006340066288449,0.47844967428374524,0.5101483240484462,0.45943710493643775,0.1958268165348998,0.7517844389921002,1.5337318920427323
1650,1,0.4207239700916487,0.4793369819856058,0.10960236603196993,0.58393623298414,0.23925464936211788,0.18276655491295093,0.4162449866645573,1.011767312132477
1650,2,0.24425068154561824,0.19876274156872425,0.25434321766772294,-0.21398988855273943,0.11786761060916781,0.5049433222922168,0.04246404848561236,0.6930446561512493
1650,3,0.603881751962295,0.17409485364660476,0.8311402879036716,0.23695026800626542,0.5841684756312208,0.5407288672663639,0.5116301646281544,1.4273499000868792
1700,0,0.2986139757910993,0.32464869667894847,0.4507765146932868,0.1735505358354452,0.14960165445870538,0.4088609729397154,0.31311748481099455,0.8458586448013996
1700,1,0.3227669380378799,0.15394456202470128,0.29661265778075635,0.23524396790641228,0.10817749820795025,0.5572057409206123,0.3185823100861597,0.8335895361583521
1700,2,0.16339598358259835,0.6048340309493915,0.7284420033603061,0.3418483345730021,0.2886979591377381,0.36164717600646384,0.23820752764464265,1.1449403942151941
1700,3,0.67215800070211,0.37960210904554587,0.1921033992733965,0.20994813408535137,0.2892883971322322,0.5140592809486788,0.4077456203616091,1.0913648730314172
1750,0,-0.03910337715031753,0.2732108987756522,0.3782327751611398,0.6115640440005072,0.41809119608279954,0.5309003417637217,0.24698626175495522,1.0539931290369882
1750,1,0.5551459921212811,0.49770579549712773,0.4659064257752705,0.3694297140458725,0.3380688480619359,0.35424870168672046,0.535649793898221,1.1983941893293337
1750,2,0.2761493141329793,0.33590427236241505,0.45815866613351763,0.4873815886820866,0.19500078934581547,0.47024040876014284,0.3535765306669121,1.0103009517672465
1750,3,0.5615907388231778,0.4685142155499124,0.29688916977973195,0.34261722399669775,0.2004892321911156,0.19559183586420592,0.5173667387871614,1.0423722513097664
1800,0,0.24330997635256638,0.4929548198271345,0.37040303112611833,0.4401856156173395,0.33450415722155724,0.2869650077459385,0.5111949978788298,1.0434214169609464
1800,1,0.4456390729345472,0.41762835910303475,0.21741956205190358,0.6989544413113233,0.3592773760677123,0.6656737870398006,0.19744003978994124,1.2328830437892255
1800,2,0.11145321174995954,0.5583212121806377,0.41820615963826646,0.5527520862624259,0.4710220456973713,0.48700942789357415,0.32614334893516217,1.170463621669591
1800,3,0.4229111848873369,0.28983386521730514,0.6305927873043599,0.3275621956943262,0.5787561752318567,0.3374738350558504,0.45254417650286416,1.192243820106001
1850,0,0.5870144403735791,0.2854661602302082,0.21895189800198045,0.28623554429052106,0.16378983557682758,0.25316449955965564,0.41409607428888656,0.9046228689982847
1850,1,0.057626369800266586,0.43434972147596795,0.6082072174052752,0.3336950657191503,0.32238904826927733,0.3058733250387508,0.041917309140395764,0.93407662718408
1850,2,0.21087581942545452,0.11808074640709648,-0.10734936685256613,0.34300250615400435,0.16949823892625382,0.16359016914187574,0.12678791182059868,0.5090705753672917
1850,3,0.49736315098846096,0.21921754784881206,0.11953921809251095,0.27975088984650154,0.4271306578110568,0.27846942418683174,0.3368642665407571,0.8726052804098707
1900,0,0.3747357171205072,0.6723451471606792,0.15030065208170607,0.5252062237046331,0.49715513491563423,0.4574546914435916,0.6618872070769868,1.3361996167562358
1900,1,0.5217276443489715,0.44855952338562294,0.6075203589004115,0.4215153419760753,0.47139485729275554,0.3684391361300617,0.33343630685145764,1.2203695465467088
1900,2,0.6167790014426034,0.03757677917530977,0.342868579982161,0.33615388381903577,0.20558180174435514,0.23964176339243531,0.28597242397008904,0.8909876132365422
1900,3,0.3258233479452304,0.647519473204906,0.5553712005101958,0.24881279293000427,0.29407318944472816,0.3402752638513853,0.42115805471508505,1.1293483525990917
1950,0,0.6708958508470143,0.5442312124733732,0.4489919745411206,0.1423134602364806,0.1386631769306475,0.8887401012452858,0.5315379328434865,1.4351845831565706
1950,1,0.36547450306869633,0.21491266309776125,0.7373127154820132,0.35789355616296503,0.3254766003524205,0.2608657019022279,0.9314855025128639,1.3759099084987614
1950,2,0.5877566507922152,0.23617773425426164,0.542313743449051,0.2405131566197149,0.288312436177238,0.5116502012737565,0.45322971191780687,1.1417161375017386
1950,3,0.08310173086337247,0.04503454276758234,0.44461586614187176,0.4014188654962817,0.05432548846494345,0.30323126897300356,0.4167769329237578,0.7977204113681996
2000,0,0.2655971117697028,0.6590749421875012,0.15325079292149768,0.4059545886439043,0.4157990956395708,0.5092441148356113,0.4468435171637419,1.1511273274632259
2000,1,0.4692693394746094,0.3739325297142825,0.47106158699087874,0.3837426280067557,0.5490557208601857,0.44189054296172703,0.5466999110806561,1.2348307181072478
2000,2,0.4092560846925751,0.5583497946832461,0.5402352650319968,0.052079131815191304,0.6618629120479556,0.4162972884972173,-0.0105264088766166,1.1769826530897165
2000,3,0.6284725652572893,0.5767753330784369,0.13201410785966056,0.26212279033985014,0.5350627914720331,0.563209995356216,0.20996115539591564,1.2088693099258214
2050,0,0.880822756764064,0.14405173589623005,0.4244784110150822,0.14861474128572255,0.30551124130500734,0.7781764300029491,0.5615779298844039,1.4188493014772878
2050,1,0.4329328839118592,0.3709049659178155,0.1162613303764563,0.29227650572347547,0.4642503655108151,0.36462491443725364,0.4310416703496243,0.9788872663063187
2050,2,0.3450265826387217,0.22759615410407508,0.3967883944709169,0.4403506334833693,0.3514578519807684,0.32033693869381347,0.516821771169904,1.0076885340481896
2050,3,0.6494049895962759,0.32448350254411873,0.3192346081641878,0.3249498255231225,0.34678420597296256,0.21619245131695886,0.1611490432696162,0.9630612564933422
2100,0,0.4721601011147114,0.409050892913878,0.11576311607841366,0.6572827466050768,0.5095647667754022,0.570346565635995,0.21404482442055586,1.2109690935115
2100,1,0.20403574229301213,0.23742985787616014,0.7026858952563413,0.8411317161574615,0.4112017684331887,-0.01837543683047055,0.6579109287648613,1.3789651533276288
2100,2,-0.16387339413435398,0.4283976356860009,0.5705725842010632,0.3473744492158338,0.6495470041236978,0.35246577495261766,0.2970007912852636,1.1362015703560022
2100,3,0.44747217975656023,-0.10717602313473962,0.9851788489085149,0.43156772177101266,0.21204850692618746,0.8249695182010983,0.40342655631140384,1.502277729313142
2150,0,0.7736602081803552,0.15762916223715,0.19044314050055777,0.35871990816037463,0.6871685763682152,0.37147991995683277,0.41755533160150976,1.2541515343097343
2150,1,0.6573786362883385,0.4724817365620628,0.6675418356278697,-0.10688824561294658,0.5905052422366774,0.7033938275455891,0.08581594499174194,1.4011590046635374
2150,2,0.7211782867323501,0.4976336836049421,0.7565490582248396,0.42218342705291384,0.41444506291151845,0.5168853070810266,0.6425275338700853,1.5395192400618511
2150,3,0.7976749991443437,0.18219263174620273,0.4308316892549762,0.003310591680462327,0.5128810149555749,0.08638740712053639,0.5191654670110146,1.181164241565813
2200,0,0.5394095271293272,0.2891211217741393,0.8804608768803421,0.5783284541998638,0.6547747245409263,0.2497695787751538,0.531688731514729,1.502676447964375
2200,1,0.589064289406366,0.014858425254984153,0.17475440418313493,0.43901551983517295,0.5746531751122905,0.4298545982815658,0.34698150727483884,1.09812961530668
2200,2,0.23366754562319603,0.5342875277437169,0.7682253861372949,0.48372922920032696,0.5373127334744082,0.6094515826998628,0.776587935239119,1.5580285368492663
2200,3,0.5659180198568763,0.4528196665664649,0.1696419389192052,0.6071287950835129,0.054474809906985,0.3720520814714262,0.24999539797938372,1.0614049991122199
2250,0,0.4725411582777035,0.4617920093121344,0.4735986007335921,0.9595846145850395,0.5325531818938983,0.5283244808928762,0.31666331559336885,1.4982191353052248
2250,1,0.5232718096249022,0.4329891176792669,0.32436979078114003,0.6266045874103945,0.5432483801338582,0.6253478823077218,0.39435246721683076,1.3419518164735855
2250,2,0.5451349559781387,0.2950816892438212,0.6498283818591319,0.6310357311456802,0.5484852994907263,0.3039179817218164,0.3876261469168431,1.3221893346088478
2250,3,0.4666134085309897,0.5711265604115503,0.48160654165649097,0.39049483315557715,0.35902005050339186,0.6831994288965559,0.21394687814881852,1.2529065486673887
2300,0,0.3499217539149525,0.2691697469441702,0.3749451870183923,0.46890658651345335,0.36852588490833377,0.36111033295792316,0.3812559513432642,0.9833224128066903
2300,1,0.5916604685207993,0.5702093814496505,0.32754028699727733,0.4946223864913035,0.45791584480929015,0.4196093575678888,0.7072226587155553,1.383133260540971
2300,2,0.5614442612046077,0.6731205879751458,0.6166165179607315,0.37903276179414935,0.5674302175005573,0.15240120132386958,0.35964098498531544,1.3291868059493397
2300,3,0.19928462550252168,0.10450442955120454,0.3834422288891627,0.40423903860058064,0.558128665076892,0.19766742924528014,0.20937280199642838,0.8691890879218978
2350,0,0.4702823291505395,0.9119581182259991,0.521896804899991,0.6259258282642692,0.4680380193274445,0.3577126091768702,0.41062751584977797,1.4941972262843128
2350,1,0.4924963190101144,0.23497314357525143,0.41354803287634845,0.4946522796027071,0.6041917735602663,0.38246750962849513,0.2101744494174233,1.1264857966257011
2350,2,0.4828242057014679,0.7765001319622802,0.5080203605995521,0.7893903347977336,0.6153778907448446,0.5019137704470485,0.2939679546927965,1.5602301098788862
2350,3,0.660735453196564,0.4479901747703087,0.39221492168498145,0.6901943666773729,0.4453495218400931,0.6227033473977219,0.36743532668532725,1.410167266371978
2400,0,0.4390633086287836,0.6016762217896514,0.6042461617437177,0.5379530777713252,0.501184174558086,0.37810790632513924,0.43588415328955926,1.3391952671133465
2400,1,0.34138411950796604,0.29137665959808307,0.15661543379243814,0.659905015305186,0.38077593039482216,0.6809066595735727,0.3341831117645244,1.1754782169593796
2400,2,0.22028605674899804,0.642911147798654,0.247577885399628,0.07967359261238793,0.3793671967347094,0.5924081883966572,0.6761217538190161,1.2171733397859092
2400,3,0.6178384318485872,0.48415289274112666,0.5901162048486269,0.3658051484112648,0.45025783978112055,0.8900827943794132,0.6399636898126342,1.5819961822523732
2450,0,0.3463035830326793,0.683726795718153,0.8244208117854124,0.6059743276890134,0.029389584883070807,0.24259956373084224,0.4133561340795678,1.3656004734659968
2450,1,0.49129045131894744,0.6122674527753841,0.5946430874433505,0.7544080585021624,0.4494770935247824,0.558959994527377,0.7225651794258114,1.6048476666234028
2450,2,0.4131689017939166,0.5229190940022487,0.7249598611993611,0.673387081212246,0.6358051259880748,0.5161066137916,0.3989368099029508,1.5009778996051724
2450,3,0.4488976605106665,0.260745592114515,0.40969140439785956,0.6615759246182096,0.7650731622461148,0.5739150976353004,0.25703351133483,1.362280746807774
2500,0,0.2612310178308731,0.7148890514240296,0.3504674489535462,0.467132123383989,1.0529417126407188,0.5412350897047623,-0.015532744790646702,1.523880176622613
2500,1,0.38479204839424863,0.44246579735329994,0.628394587364421,0.7862327980970889,0.7145433066716846,0.297835583300217,0.42966101578057475,1.4631368469278918
2500,2,0.418321342374233,0.2574960735809715,0.1724626681123025,0.38258744197464545,0.5448958719274678,0.39160272753134134,0.09754403572324494,0.9365855766577197
2500,3,0.5527106946547274,0.6562658953012591,0.29236979986066225,0.12606373030639217,0.3932848478563616,0.6973854384612015,0.48850435667190006,1.3104205924470018
2550,0,0.5051272755330131,0.5397310395459868,0.4348068783134195,0.8678066122313979,0.39640133942159467,0.4747411606122158,0.5693998778847496,1.4816672735833198
2550,1,0.30708565513332825,0.19662020547587367,0.7399729473082698,0.28338030052646385,0.8240388230448852,0.9645159575098745,0.8812744587695334,1.7739225316006673
2550,2,0.4607346484902789,0.6230606595207133,0.6599746582256598,0.794073065771129,0.6226069048972065,0.5098062164711046,0.5456989462166906,1.6161462376051716
2550,3,0.9198958152976888,0.5489074990367645,0.6857696061017451,0.6049985225979398,0.38558747626466056,0.5621411318688782,0.881236964099217,1.7958479499627484
2600,0,0.33818837610439667,0.40068239225534846,0.6899076437222369,0.7867021053708025,0.46857345242993764,0.5226787104365545,0.3045217079949808,1.3983125909333474
2600,1,0.3391596127345567,0.37416033928181625,0.47256568356903567,0.5947502942494466,0.5886747222576105,0.18444712347467568,0.5023032283640623,1.2103464972505715
2600,2,0.7150632637122823,0.19460155651444216,0.43578930882935984,0.6441030656303889,0.5382779008073099,0.32367404175720116,0.9323511902876662,1.5549125517497553
2600,3,0.1576817415368872,0.4486952569796623,0.5724556125150081,0.45252024948657854,0.32012055623338487,0.6948653260527471,0.556428518529735,1.2859232705928598
2650,0,0.29149071995654724,0.9120934765130607,0.613306849380592,0.2541878150558821,0.44608202044844114,0.6882900660620199,0.684643720136739,1.5808565697330659
2650,1,0.36912953509926566,0.5151396180209097,0.5453913950041609,0.3430811263752678,0.6150181538329338,0.6829219561263591,0.2666416597913521,1.3162482194467144
2650,2,0.3987310580354524,0.5948548442247612,0.6487055891474252,0.5422261346910252,0.17003044578913185,0.5200285250064371,0.7825658119650063,1.4626743090123944
2650,3,0.5827474361731748,0.5180316822178884,0.5596617475936515,0.3295032548898936,0.3931327504177186,0.6751825497463042,0.6100867035426842,1.4185822801737717
2700,0,0.633560894584503,0.5821955446041513,0.7044503357269639,0.6994237714099094,0.2514642853039236,0.5285308414685082,0.09439885496501144,1.441279024966457
2700,1,0.7489206886749585,0.4937104325277127,0.3313810486580152,0.35900078036720195,0.4651871786541029,0.3445263222086753,0.36499960753119665,1.2294915047298005
2700,2,0.3343539506762463,0.5475207456436295,0.6593899760098312,0.778620245605471,0.5520244856795914,0.5717556861260585,0.17512052207292927,1.4542760925045601
2700,3,0.5627818039124969,0.8190192689313427,0.5101408828328258,0.4547265110271116,0.35938793880188163,0.8512985812451975,0.2727299690580794,1.5436276892025977
2750,0,0.4363534382451963,0.5567287038950345,0.3622101094803225,0.36507709084258366,0.5658500242094949,0.7223776714367157,0.5006946933671126,1.362915824448115
2750,1,0.015593846391866117,0.5423744327162033,0.5739795385286106,0.5455703298125846,0.4863540598744651,0.5431826965403749,0.41476457626711405,1.2748058894726413
2750,2,0.4986548506516977,0.7766078499190169,0.5979043170809204,0.9166675669628002,0.4417518440540287,0.622026107663729,0.3085492938676807,1.6513053171435244
2750,3,0.5108332577556054,0.6461606355481606,0.5707115438268066,0.5161992727522549,0.4521814016199224,0.3798706054264961,0.4792229859715572,1.3598058342020332
2800,0,0.5041109029923336,0.49820147028078143,0.7219748519236125,0.8491677242107316,0.5307997695890021,0.18241438252918124,0.8704944809694495,1.6785261576468045
2800,1,0.3640926882782721,0.3803544589415141,0.6430835677491795,0.6211809442775259,0.666025397598619,0.7058503728576938,0.3107054500395683,1.4543066033443421
2800,2,0.1764185333132262,0.3736633820782512,0.3622098302004847,0.5659782749455404,0.7546004762484746,0.5763280036508963,0.1756059708231501,1.2468714826886265
2800,3,0.4723420718090853,0.5585269839351029,0.4660893858213998,0.37530864950074655,0.5053354925989785,0.6828760983054956,0.5750385374422381,1.3948148148807722
2850,0,0.3526292533130294,0.8069653419685973,0.840541844527771,0.4305705082367548,0.7651806139985351,0.7087851345826873,0.4504434147365368,1.7199473879511809
2850,1,0.4409354667669663,1.1446554907421884,0.6977019780015583,0.42550676994599695,0.7748360348353845,0.4792501475105685,0.5416059575808908,1.8154594288421435
2850,2,0.4103763612140742,0.5955851655646135,0.3276994580783773,0.5518165525785935,0.6535287187576556,0.6528687077863757,0.780459279139521,1.5483775095406074
2850,3,0.5035801405351246,0.7184886859060586,0.6004470787313047,0.42046647926986525,0.7017475074910737,0.7368131812710765,0.6560426208088214,1.6651975417185165
2900,0,0.6432536270437017,0.25373710889083156,0.569628289379692,0.46337063244959653,0.4092102221503683,0.688510258007018,0.796761593089047,1.5144883286861504
2900,1,0.5506302191860609,0.8984477899486709,0.6542852115807435,0.40922105039505796,0.5156835797588014,0.6260147712659941,0.5168831495356803,1.622018900714238
2900,2,0.5205968878973872,0.29144460755119667,0.7246509023595045,0.6070485610232588,0.7915456898570488,0.4867240892334774,0.7046950341551035,1.6154342988881538
2900,3,0.5884457877617179,0.7522743204171729,0.731841703912389,0.7624734933271897,0.7444823395968416,0.1980696558903634,0.5819616604626209,1.720845176856451
2950,0,0.34155966137468263,0.5450435023622902,0.860076465281399,0.36661975102810035,0.7549199095353711,0.5435830017065254,0.6750324895910508,1.6152189948366917
2950,1,0.5146435937692466,0.6844598065586306,0.44163500455039506,0.43561827252750307,0.6152466670167678,0.6501486136980403,0.7146956588677781,1.5588969106324027
2950,2,0.8375988987339166,0.7626661796289291,0.7936048033686876,0.6528476846057595,0.5813224062627974,0.38670168518351095,0.4360754720253238,1.736918550359819
2950,3,0.38714497105096796,0.5572105774024668,0.3804213937029799,0.6500240860463802,0.2858120642874134,0.9265054589630042,0.6766393647276696,1.5574204110920529
3000,0,0.5443249802428914,0.5214174100480616,0.664830044862652,0.4975232683259884,0.8806542589730141,0.6357004151482999,0.3053830630159166,1.5907922389613027
3000,1,0.8503456040142356,0.24114237565001295,0.05346461693519544,0.32973923716447223,0.55613959922538,0.24925393950972713,0.7413001440425544,1.3467621932381006
3000,2,0.5657451457800116,0.6749427306540428,0.5111433865667554,0.6663365663445682,0.9382846517029363,0.5361269171049531,0.3241691525580032,1.6594526324216423
3000,3,0.15598172436642233,0.6104872898887519,0.6650317105550694,0.5841496956111177,0.5156170742706998,0.8252130389822038,0.19287481760688752,1.4712448112503267
3050,0,0.34694473151141353,0.8871049247523113,0.7214733969379861,0.7770329570810888,0.9684344585205381,0.6036514980685417,0.9593388808953757,2.0625763969101127
3050,1,0.5087253875436837,0.5503798106601233,0.44833314946234293,0.639234337872507,0.530621411377904,0.5270530556955084,0.5668414217794966,1.432478904106976
3050,2,0.5182067352548497,0.8099206009291843,0.7701570510592275,0.48006274551693073,1.0264972744836915,0.633014033568502,0.44936153175132076,1.8451127148869482
3050,3,0.402337920634779,0.751666177714329,0.5593972642994086,0.9039373759036811,0.512780463605787,0.5554233793220815,0.5378110571691782,1.648510112595139
3100,0,0.947952491435803,0.5531668231275192,0.6882720788937262,0.5696718013699849,0.3208041493195142,0.5887117889832924,0.6851737990981535,1.7093308292335558
3100,1,0.24943499342115455,0.6420355333597118,0.7468302377933907,0.5778281496645602,0.6177512590052439,0.8377578846658289,0.7551490989764963,1.7377494841530368
3100,2,0.4277118453320682,0.8486236713468411,0.7616649763487787,1.128526653565045,0.5923682904990614,0.5566893819906601,0.7896686951791418,2.0102699843470058
3100,3,0.6389474158154543,0.7232294214193884,0.3558878270447992,0.8673792403732936,0.5087793707251161,0.6771308725653509,0.7386193216569117,1.753065502836265
3150,0,0.7327549556087131,0.668447314828495,0.9362124400787044,0.48491470542508686,0.7676625551886433,0.3061866814630586,0.4501480780968662,1.7265795715589225
3150,1,0.3881086541001516,0.8075875770491036,0.9420052228842788,0.31201224464142874,0.7865617344245205,0.7808008963321712,0.3652433619091985,1.7746221056697342
3150,2,0.8481767493973827,0.31988689216892247,0.8382491516792864,0.283321994962589,0.7415971619783672,0.5800741310774664,0.7444371734674917,1.7450797885943043
3150,3,0.453549905858769,0.917892191348847,0.7761802889614069,0.6321166974468991,0.5074223704875532,0.7252560805552619,0.47037473724372025,1.7478521648290972
3200,0,0.6009858943113316,0.6497054688484846,0.6437366634287183,0.8746897932950761,0.5820630729240494,0.48000790605916654,0.6431644561443485,1.716288407039531
3200,1,0.46916426916058895,0.6845951821006881,1.089999259099548,0.916412599591367,0.646707561790807,0.3068606331498266,0.9836616099502469,2.0485800921331507
3200,2,0.761637043991727,0.6926344725816083,0.722511285077525,0.5998233439358209,0.45297674301775537,0.8757024294942841,0.4684416193677102,1.770063367757379
3200,3,0.6361320332746055,0.6824863952151579,0.6176040852160217,0.8859122155597656,0.8218329922364105,0.2557745670101226,0.7790036610905242,1.8396748906845752
3250,0,0.7535527145497182,0.6278343149454194,0.7664774060305559,0.3321993718321372,0.2921211861422041,0.8090416209163847,1.059530870483968,1.876792597626569
3250,1,0.6890706890800434,0.8069500201346296,0.6227769310031211,0.7733866638255569,0.7035139662291063,0.6517453940613426,0.9470386346382296,1.9820572448782707
3250,2,0.7338053217894931,0.5924566819507704,0.5303747294709243,0.5382141182597493,0.2476488828983684,0.5586862388405562,0.6919584810022743,1.5207609224108058
3250,3,0.44388488385183617,0.8260649792275583,0.6002220715179976,0.816965530409803,0.806012563940445,0.7165608839644827,0.507675761598651,1.8242715767138655
3300,0,0.9537396145955912,0.7027172893895736,0.8566001309599223,0.7281284437553162,0.838574534902917,0.24839391784672993,0.7308402495600401,1.9915822643340508
3300,1,0.6461458545449114,0.10876495080041504,0.6283647908543313,0.08895234957004816,0.8014930941591185,0.16598763244938025,0.4850089109588167,1.3180538033661584
3300,2,1.0171119403364959,0.7463558475143586,0.45536992932805426,0.7491825364896829,0.6690229329763278,0.18975765861664695,0.957660389985859,1.9393073691942408
3300,3,0.4771235385473632,1.0127919401531682,0.5754014898618909,0.6316592842452208,0.6138154005378692,0.25184763214153316,0.33404058686957544,1.5922482219844292
3350,0,0.5266176233271395,0.8657623991211371,0.6902310308352272,0.358816205536521,0.5347489625504392,0.34378540269502883,0.656849344074736,1.570870623278876
3350,1,0.6710746751470306,0.42311967454497823,0.6149119192976901,0.7230886913176621,0.556650383266913,0.8486295707367152,0.6113300410440888,1.7129219536276452
3350,2,0.6152148287540241,0.4940902609355806,0.4911939914421434,0.642242778265121,0.8791360392932736,1.1052366507162348,0.5145002841162868,1.8802926811960003
3350,3,0.39940959957399097,0.47635196048186923,0.7941770020199472,0.48160185280005396,0.9475028180054397,0.7156649848062009,0.7109124557147959,1.778884806259518
3400,0,0.46468441458512616,0.6212165751468627,0.8781956208690891,0.5919422811632262,0.6405217630932416,0.25398237462517603,0.513156396849806,1.568938977265235
3400,1,0.7160668199755674,0.616865063613557,0.46884419283871465,1.1269715851141164,0.6600268007990177,0.8183338168658826,0.38382829294081483,1.9067731381187485
3400,2,0.8585102063177701,0.8812153787387833,0.580863255530861,0.6650087238630231,0.5778865916235885,0.4633791954253464,0.5456090373309576,1.771886411615016
3400,3,0.6379313489829629,0.6771800067133144,0.7745536187469351,0.8560484906464022,0.63264271030861,0.6251653017953169,0.5563012846155992,1.8162656928158507
3450,0,0.8125427255730547,0.7549463817341332,0.5565578654459341,0.7276074357009792,1.0903162555559371,0.6307868128977218,0.6897660292010476,2.032682383882736
3450,1,0.6412515887499045,0.49055608690460867,0.7921880869806993,0.32199620629777687,0.5119927573038981,1.1636200494517195,0.43342613527384494,1.7852447491181231
3450,2,0.18948135768286856,0.6179680657465886,0.5223970149948223,0.8474161303184349,0.3269125513003739,0.5552518659788469,0.6702201514797942,1.5077042006678907
3450,3,0.45598245996327413,0.657943919976882,0.43168444034649756,0.5512286055414926,1.0347166379059374,0.8249048759278601,0.6823237529217648,1.8296685262974162
3500,0,0.5505709261400114,0.6170600400501434,0.6297244790511493,0.7524236947348275,0.9386431026044413,0.45788070565465644,0.5667515148977088,1.7488563886061514
3500,1,0.590969766100358,0.7301395119528465,0.5855277268416413,0.9602345958547978,0.353474320499355,0.4345453969935293,0.639628874239085,1.694149067643495
3500,2,0.9337032753282583,0.8162425582099607,0.9958803779090268,0.5165085158144342,0.8521142492266711,0.25221106903556756,0.8978193049556462,2.095805600630734
3500,3,0.9467780912276673,0.9747905951951787,0.8294429969517789,0.49618697581267523,0.641128609898933,0.5132617006284742,0.4952475530773176,1.9236777966333645
3550,0,0.42066679182433403,0.9435827593857252,0.7930533073986243,0.33962823211222515,0.7745690177180816,0.71898172420441,0.9362863952035059,1.9506701296654965
3550,1,0.6328245289029646,0.8024764427458881,0.5567788562684116,0.8976095854851399,0.6599638936461468,0.4200281887220669,0.5562482016440418,1.7554284577719688
3550,2,0.9001131671695352,0.5833599902623849,0.6674197219220209,0.9596006912565624,0.7668735655975736,0.8390831121939657,0.49411034387205954,2.0132301732599416
3550,3,0.8655900921741569,0.9655829837053043,1.1034852547094431,1.0895370461371976,0.6986426116830526,0.9223453980408167,0.6410195285528248,2.4158013073285463
3600,0,0.4152918525763282,1.0048917919864888,0.7837774319118488,0.8179923522863197,0.8454953761864721,0.9478885533731564,0.38241744485949214,2.055551417623202
3600,1,0.438488694986042,0.7883249457664783,0.8986562847529909,0.1547096479473531,0.6957251038911282,0.49875519424046866,0.6284134479559742,1.6652148133440352
3600,2,0.8944226631329446,0.5207485752712124,0.7617441551048524,0.8600320044507926,0.5771241970211842,0.7187169353690506,0.5679280623218756,1.8876569713364735
3600,3,0.5477330467743404,0.8094464970699056,0.5942471637579906,0.4488835342186438,0.8683002909184153,0.8730109820009966,0.8593379053320689,1.9402052588626635
3650,0,0.829764468114486,0.7603042003854982,0.8921582091440222,0.9396273229724912,0.2853648578595771,0.5749431726423124,0.9758000809703788,2.0759566175090676
3650,1,0.6443182395032242,0.6038951463033577,0.7654387871942552,1.14703849501557,0.8058121396705704,0.6605616897129858,0.4469771114910657,1.9917059712789231
3650,2,0.7257464072914512,0.5853539484956501,0.5475091501831949,0.9171333422091907,0.5294674324170376,0.62690013701456,0.5260961211863239,1.7205707198916533
3650,3,0.7103608699657304,0.8496162878241378,0.8671807116934288,1.105011286261449,0.5981019605317324,0.8269389526456002,0.5229420553263668,2.1247435401563903
3700,0,0.5063753605368063,0.6613029575849059,0.9246631792007655,0.6922408196615497,0.6647085110927318,0.2176101877618486,0.7840048510293365,1.769687023125581
3700,1,0.9280874648488925,0.5529982570180926,0.6743193007873285,1.1171773789367703,0.7281399470900589,0.8013086981433588,0.6073921593868934,2.1002747148052388
3700,2,0.9630429104849692,0.4594868114693414,1.0475575699692015,0.6772580571934572,0.871291889180682,0.6201370130880574,0.6569437670053893,2.066380821616361
3700,3,0.8597508080055721,0.6704330168418183,0.7267837621471582,1.081918331238307,0.7392353188219827,1.0027513147991216,0.8442524011093733,2.269835889889898
3750,0,0.6676574239938622,1.1137740946926449,1.115309184359325,0.3444370236101331,0.8602305553039953,0.8811384531172816,0.7638302889891304,2.2690634415965465
3750,1,0.6536611761540345,0.6434177529087307,0.9134555125932511,0.664072697442884,0.7650824430227928,0.8049705470774902,0.3779134274868078,1.8689034602953811
3750,2,0.6330929037267631,0.8458243059812454,0.8620748868539474,0.8859248534472711,0.5525755658543124,0.7391704370143134,0.6139673982858486,1.9679761164533205
3750,3,0.8153164724262211,0.8972193932551352,0.8827656649164219,0.6876958809136692,0.6382781859351319,0.934947050745075,0.6962637634699945,2.118549667173882
3800,0,0.49163577935824937,0.840483600109277,0.6263245645742868,0.5949822403926408,0.820252419623765,0.8293177085040229,0.6865694545871828,1.8778616183517909
3800,1,0.6020640040506597,0.7569823472107686,0.6417744192492234,0.878096820089083,0.52186295303977,0.44379380330623636,1.294966344050147,2.065106167596834
3800,2,0.9248397794087688,0.6183237237118657,0.6519914021404948,1.0358448202841142,0.9443200515375217,0.8182313333387932,0.8463945053155405,2.2390503920809532
3800,3,0.5304067299589494,0.5857500500389685,0.9192309990373607,0.5983977726615595,0.7435422662102661,0.9297011948179581,0.9149465364036677,2.020353068646182
3850,0,0.2702582651470711,0.7722164760908714,0.9263281577488672,0.7375057350426295,1.0123951503568394,0.634585117224503,1.3123191371437324,2.2849901772367076
3850,1,0.6806251709014493,1.0907214376413288,0.6923947858020203,0.8351582432096203,0.8330244090562389,0.9545291070871804,0.8870073681513441,2.285095460132184
3850,2,0.8549436692851763,0.9560079300956147,0.7080262086966586,0.6693580072104832,0.7239086806957101,1.022922529952651,0.7047222993748468,2.1589971962886296
3850,3,0.823065864607872,0.8816884838207554,0.6381259359254746,0.7778937141082979,0.546017452737378,0.9188649791529011,0.8878459391561943,2.0971060204048895
3900,0,0.37999606857666735,0.9167085599658195,0.6322572970355447,1.3646258310940222,0.5777090243490954,0.43684574839084134,1.124744903588341,2.2441785952641022
3900,1,0.6404933700280091,0.954303840538146,0.8305388555322732,0.6385135536779143,1.1282912725332213,0.9608840076806862,0.9646982749387606,2.3548681405666647
3900,2,0.5459910106938934,0.41648746197195363,0.6943183017835118,0.7915364891767755,0.7148314302700514,0.732665794589404,0.5033460387520987,1.6974440440317595
3900,3,1.0257831769184262,0.7427056113144898,0.4289912893449024,0.7269331478591642,0.6642079504771576,1.0446331408228207,0.9439785596915408,2.1771160282485766
3950,0,0.9201633741030524,1.122346457174155,0.5532097667912522,0.9988127407121533,0.9596936782555231,0.5534800237673315,0.9837420874044717,2.367515729489089
3950,1,0.7026433436706878,0.5945457039751241,0.7129056675566887,0.6042142439958409,0.515783290449999,0.6086930074382986,0.7248331227811812,1.6977703737238266
3950,2,0.7806019922446839,0.47760887847995936,0.8886260135888172,0.8743314498574546,0.5153346923598963,0.42459038253489223,0.9162828276085104,1.9175459435426543
3950,3,0.3768141515978935,0.9201508572744403,0.7883565626602084,1.0138838810508226,0.7397090542366435,0.6936428559181058,0.7123290281608481,2.0430016250551293
4000,0,0.8018596129342241,0.595270388692641,1.002495669463171,0.904449532568742,0.40099048317206165,0.7739424984037937,0.6081364576897994,1.98745125936892
4000,1,1.1586065850047698,0.7623076915600134,0.5086798050130383,0.7041586953504627,0.8289497581703715,0.8058807164765817,0.7457973741846646,2.1379644528836317
4000,2,1.0803557516177866,0.9661738019533281,0.9183889215894012,1.0212616630490954,0.7903840349012156,0.535341989494539,1.0826803120210389,2.463852387568541
4000,3,0.72110155955371,0.6770892219314585,0.6675442355091246,0.9113102051911818,1.2164643654611826,0.7513333067394553,0.5969912905673803,2.157596987706422
4050,0,1.1536911534251555,0.6850670553453636,0.7172602546086246,0.4815171969687081,0.8790908762256603,0.5474861739265348,0.5744717412226059,1.9872596439308357
4050,1,0.5523531780516608,0.8514378286682397,0.8173418668749801,0.6624883239221586,0.9713063962466318,1.1181031051603092,1.0379147191399685,2.325475553394847
4050,2,0.9175520371276533,0.6926578775953628,0.6470604517586076,0.9662553963971499,0.9594304976302502,0.5313279531609907,0.6809255981880773,2.083384107501484
4050,3,0.4529460160963111,0.8861759532756875,0.6955219476170738,0.5028730608953627,0.8509244489898249,0.9323392319531106,1.211793114106157,2.188349017267484
4100,0,1.0957364683351327,0.9526108979181498,0.8604672121956201,0.8476346192136245,0.5205055269110397,0.6311431312393413,0.695761971871298,2.172635859729577
4100,1,0.6688904397943083,1.0219565791070229,0.5125034684243817,1.0069952058818887,0.676378143256667,0.9281338425875922,0.8371663387924699,2.1882129971927813
4100,2,0.943904603900074,0.827551355806511,0.880968902052525,0.770902785450869,0.839388441159504,0.8429107209000606,0.788377705948164,2.232219815465543
4100,3,0.7925809279802669,1.1459803877500756,0.8060341045117799,0.6049782241233564,0.7068938381978427,0.9089796118589158,0.9025862107829186,2.2578197241937104
4150,0,0.627577226418928,0.6903575424796905,0.653611665629679,0.6603813233097237,0.5321519562588228,0.6251680915657911,0.665901414856217,1.688550844591715
4150,1,0.7384944742690697,0.4054840858621853,0.758217716837015,1.1419849910289057,1.1037044353831371,0.9263176944166337,1.138243852124254,2.441442663026655
4150,2,1.169617529123229,1.2695714831762468,0.697180710668267,0.598886627554144,0.9652151692384855,1.0886349755689235,0.8578864944672071,2.5840430959384193
4150,3,1.180468630145476,0.8757272825044778,1.2512510195883937,0.48300305082853034,0.8014680136622909,0.9065269010936241,1.0831644709339983,2.5684066639912757
4200,0,1.0585747023405059,0.9747178922086723,1.0078600222793703,0.8959846939726341,1.117306073325354,1.2408956766653336,0.4248446960616008,2.618761868478561
4200,1,1.0413387706847428,0.7935638560520261,0.9597590972281382,0.764043101294473,0.6088097814526053,0.689794016318376,0.6914246184482951,2.1315634056364816
4200,2,0.8672102353542515,0.5021435315577265,0.7024267550028329,0.9640501974233779,0.7914020179686068,0.7919909085541202,1.0590184592006613,2.1913659434446844
4200,3,0.6669189318589054,1.107015215517307,0.8603845150217113,0.8118135295847808,0.9212218745847959,0.6898787207443626,1.1279199345271356,2.3804100570737385
4250,0,0.9849416850776376,0.9262469200253506,0.7297374480123383,0.6502508709752899,1.054050351861025,0.6320505013256447,0.7912267826878642,2.2180929241631526
4250,1,0.9159003343929101,0.801870707971728,1.087193122080808,1.0602464731818424,0.9413480475466254,0.9158304238219116,0.9834030407394316,2.545573525905646
4250,2,0.7701710779461458,0.9533544573489721,0.8779242229326406,1.1433898833532279,0.8501813251248306,0.7817721372169659,1.2114000665322848,2.5261840112178073
4250,3,1.1024706604501957,0.7375697764315179,0.8540735353803671,1.0455481355464866,1.0382938823454582,0.8748790229222816,0.9039700430392259,2.4985380864454263
4300,0,0.7905043947750061,0.9570313215905181,0.4260606315471371,0.8883780078271788,0.7139907592416306,0.9885981969668856,0.678057358072652,2.1114971644248794
4300,1,0.6106485404597454,1.185617184064125,0.5179879011452291,1.2111015614268044,0.8589323807764063,0.5855302943599929,0.9294069072225744,2.3362504070603394
4300,2,0.9959468305312318,0.8945843423286505,0.8373679963616014,1.1250974903365165,0.8924641962273699,0.73162015757656,0.764792914376504,2.3824125077907023
4300,3,0.9386872936647216,0.9399718505799732,0.6711340524406628,1.016769764677106,1.0616216518980666,0.7931722534926292,0.7555795112540042,2.361352523278449
4350,0,0.9080147856987634,0.7648987498850648,0.7157471551023568,0.7232070522228761,0.7431728223197511,1.31477985743473,0.7190734739697583,2.2897384036966004
4350,1,1.0975012850992445,1.0704268923044564,0.9758352977040978,1.1283326511746468,0.5399010768865212,1.1298075737175857,0.7387789102707122,2.586399912470758
4350,2,1.0835850645935263,0.9415188368557607,1.3451850941842547,0.6208651014360747,1.0280715743803857,1.1892735358313136,0.8029564032198215,2.715078712433675
4350,3,1.054703285247879,0.8129789840823627,0.8524126553278567,0.46454931689195667,0.8838972255136782,0.9771118282678677,0.5366253656890803,2.177093444152736
4400,0,0.6353058157103411,1.0999746113989288,0.8785061118879829,0.8383950364557499,1.3144361327635488,1.1689265303432679,0.7360121905605026,2.593083565194959
4400,1,1.0508376041994625,0.3986435456595226,0.9471939090249246,0.9754750399435851,1.2304150125063051,0.6679600085445293,1.017836065674362,2.471434023870692
4400,2,0.6977349619375577,1.0887231178877625,1.1440533818723702,1.0285743610581202,0.7249419144755833,0.4369219470707126,0.6815093473706479,2.284703923724502
4400,3,0.9683151853994244,0.90437405742581,1.1529126942549734,0.9285158720913762,0.835582556278246,1.2437872705325677,0.8427800756760686,2.6272341688497654
4450,0,1.2703542264917076,0.8173203311023861,1.1862671744134254,0.8162552187078957,1.2192001106028338,1.3056573915869327,0.9734867366864588,2.9144778839375935
4450,1,0.974704603008753,0.6879199857540946,0.8862901365106957,0.9416697806215419,0.979603577126591,0.9988217017201324,0.8255904690064299,2.394661298471854
4450,2,0.9382248857302226,0.6743890824079171,1.1111624196362953,0.9562782225884611,1.24277897733985,0.9645071158886752,1.1275975443241602,2.688952643236222
4450,3,0.8461241586077607,0.8042336241371839,0.8557559334209983,0.9755871629749292,0.8121504649536586,0.9107630616382387,0.8487914771784058,2.2926689791635946
4500,0,0.845720276369952,0.9391060590314083,1.2895200532050666,0.9932263046205312,1.41227541347758,1.190625377156603,0.6750464376777497,2.8485648598978606
4500,1,0.7202309799668379,0.7469536425025908,0.6242935332372743,0.9053826080937694,1.1095695836260275,1.0414959430043051,1.0488590926066566,2.387906268591495
4500,2,1.2837729844065964,0.8863691974089685,0.9319919182610368,0.6954259691618002,0.9539732178112518,0.5264549579128821,0.9322212635800741,2.4170655454867567
4500,3,0.7103456880342554,1.094080150185933,1.0520762828764396,0.7433597082152896,0.8899891874263748,0.8742602195649094,0.9220968785267576,2.4016088088960474
4550,0,0.7618697890531573,0.8587767953638349,0.9034484557840713,1.0593496471531398,0.6745017106536038,1.1408094043617227,1.002357749295646,2.453060060258861
4550,1,0.9788393833331869,0.7963283785898471,0.9947750815779113,0.9158070936892282,1.1712438403748306,0.728145434543104,0.9322232877035667,2.4882913186140954
4550,2,0.9355157408676522,0.640811736320732,0.5363334635180901,0.86836354072964,1.0853324797877166,1.0159726057118579,1.418304406790885,2.559154650140728
4550,3,0.4827336901182553,0.948774752544942,0.5969109988261202,0.9216047261501381,0.986051588978819,0.7365282991445857,0.6544065966571073,2.06927113345269
4600,0,0.9877274015973516,0.707418180938143,1.0786653814568032,0.9656155701844559,1.0303768926009127,1.1120515415433174,0.6738443744861204,2.5148319526372855
4600,1,0.7527664622373064,0.9354553105169517,0.9037096500494736,1.1751983116887685,1.01934144311744,1.3348921883730527,0.9701149446453478,2.720594296489776
4600,2,1.0366251182706745,0.8530815023687899,0.8499160762755079,0.9740511236087575,0.5685472011888903,1.1980565326349202,1.0335530176513201,2.5100378143154733
4600,3,1.0039563917320085,1.0623598023833096,1.0390704466976455,0.8755783377421844,1.0698150892451237,0.8885083717517993,0.8765203130170617,2.585552342522654
4650,0,1.1673236409231225,0.5147683421043192,0.5923744263400612,0.9034176164632409,0.9811271539322562,0.8602091378376031,1.2776769886029404,2.4758292589790365
4650,1,0.5712204876489658,0.8994797896133385,0.8468411716483675,0.8438390301798704,1.017548979592284,1.0603366767726028,1.1229752877935928,2.4464983767131403
4650,2,0.7706590077008295,0.9581551396287682,1.0617571592736026,0.5017215649862539,1.059718398937863,1.131872065201216,0.9146659742290272,2.4762432580889717
4650,3,1.090491053255897,1.0082743040602296,0.6638461661698991,0.7803255671051909,1.0155900615375324,0.9550496954417884,0.8620054171369409,2.4376185028643222
4700,0,0.5859371826316533,1.0724832654257321,0.797324528482432,0.5601302875190095,0.718821413655985,0.9967757004227116,0.9227778247272929,2.191985404790924
4700,1,0.6611596237932769,1.2060007189014752,1.1050319278937888,0.8833174005901507,0.9811519620794178,1.108931614155486,1.266757123638634,2.7730807925176566
4700,2,0.9663204998507691,1.0808973612432147,1.008423244977849,0.7477226909196444,0.5714665101448001,1.1032319242643147,0.5301499708934864,2.3458206922255456
4700,3,0.997685285867783,0.9739769034180668,1.0562834988537624,0.8271928019123003,0.9390110818151683,0.7106336917233771,1.209279219207585,2.567700914262911
4750,0,0.9589759042092276,0.6852848032625994,1.003150329485892,0.7792395479347816,0.8660182307900771,1.3788475429394786,0.9421694651423053,2.5576681424350918
4750,1,0.8464094012927628,1.083349649585692,0.9048453968899204,0.8109442874277035,0.9494592558382315,1.1306182712719344,1.0581088714276414,2.581820308438103
4750,2,0.9984094886772169,0.6332472017408055,0.908007574531897,0.9212027873112835,1.07107580513409,0.7499080311361694,0.5939533457783863,2.2656702912864755
4750,3,0.7531061606313253,1.026137361455008,1.0053434737116962,0.9182396928327895,0.9966493178210839,0.9041569623120718,1.14170995055719,2.5667718429566317
4800,0,0.7332375548208899,0.6374989189083792,0.9301069731488928,1.1557246439464866,1.6005877860637283,0.7692450025680794,1.0560043625442297,2.722793595945035
4800,1,0.9835898576581737,0.9081888121424667,0.8311792435486584,0.8535449447239299,1.060041973787816,0.787429478362982,1.1215574308657406,2.492644995677442
4800,2,0.9998386879386612,0.9705565972457807,0.9637370622725865,0.8685108569629869,0.8490216271889286,1.17473630835463,0.5524600375525835,2.4557713563991235
4800,3,0.6893343720888077,1.241951834522157,0.9496989989168719,1.3352258309846885,1.073864607763789,0.835113934787693,1.0240308442678627,2.7571039323871513
4850,0,0.9394515171888529,1.0008549936111653,0.935264603402841,1.1694742963335765,0.8080072089673379,1.3857013279048334,0.8403377369503553,2.72137487524069
4850,1,1.0912683503868175,0.8643394421332109,1.1075905286347496,0.986663777349872,0.8816616684432225,0.8772640565612676,1.0595720917575344,2.6091807167397763
4850,2,1.0856841456747277,0.9446499369950753,1.1089706042373604,0.985046704075715,0.852824272794821,0.9904348987188488,1.0845478388941492,2.6750179292157035
4850,3,0.9601884125760626,1.008313069293944,1.0963657994624776,0.8106507563715567,0.8318301715487497,0.9249583999241956,0.7491593438915071,2.430341302537607
4900,0,0.917918696838422,1.1053426115574556,1.058451650913484,0.7728360556693372,0.9398967868245095,0.975711185761531,0.7137925459656098,2.4752516186790987
4900,1,0.7764107179344124,0.7640645456138544,0.6428928693337854,1.2661317885979289,1.2532984010572248,0.9747359017573107,1.0416128702200793,2.60937416098215
4900,2,1.0305174129499404,0.8075175494701425,0.8597251131105385,0.6744175586464699,0.8200652061244632,0.8890216492207776,1.4263256416707586,2.5308671074921314
4900,3,0.5876206481851709,0.8373341269621184,1.1744808833838816,0.9528746858580872,0.796033125531785,0.9363845645727651,0.7672848257397217,2.3308824020651
4950,0,1.1073891507736835,0.6155544104615582,0.9137577442701047,0.805869704876242,0.9676572101293068,1.0682584083272628,0.927191148975321,2.454957655430365
4950,1,0.8008480303959538,1.2068412822809367,1.1306262085687169,0.9546657789859404,1.1195061711862326,0.7235502346810074,1.0875850846900652,2.692059833537727
4950,2,1.3743046030138615,0.6729684866293713,0.9906240543855251,0.9501144096680159,1.095783539259034,0.828337174120058,1.3014202894755516,2.793963482804709
4950,3,1.2492288069410278,1.074944935961635,0.9170531631505363,0.8446403990203886,0.6961817516100866,0.9400076980109348,0.9488978583693388,2.557180827465124
5000,0,1.1418203442726247,1.1123671091457907,1.1390747141831405,1.124591238984504,0.8050055288921707,0.6423956969717726,1.0212980632250719,2.684598072408311
5000,1,1.1563338465059916,0.7622337095441977,1.0966422092989099,0.769270916629964,0.8963943922310745,0.9965885806877381,0.8286537256485907,2.489154228556631
5000,2,1.317777879987435,1.1826943033494026,1.0150485650984609,1.0127760278195777,1.3611984508860075,0.583478670438301,1.3162624824497384,3.019469942299379
5000,3,1.0415332766018874,1.0749549605699802,1.1700543367339864,0.6256470760779029,1.1487504182668966,1.1010662070707176,1.1597405662643356,2.8067336256044135
5050,0,1.009604709732595,0.570945711367874,1.1517234189966572,0.8943747897429228,1.1936999070797711,1.3721564701962494,1.4020333059998944,2.957208821107047
5050,1,0.9471313058406646,0.9099111808849097,1.3902731114835367,0.946623303180429,0.7990879029468777,0.8371218049343487,0.9417918104405107,2.603888875775337
5050,2,0.9807981971800608,0.8766891474798719,1.0599864493415363,0.7890928465418753,0.89342186446676,0.9681350641216667,0.8026111441863287,2.420012507656333
5050,3,1.2503112094009468,1.1281498614763283,1.302845506850741,0.9812933899727218,1.4014387401875814,1.0278611042400079,1.2007439762685277,3.1557342174019087
5100,0,0.9285245319431368,1.0580288620313754,1.2605650805138426,1.3309182452438528,1.0616281113242538,1.2007924440367872,0.9377479275019871,2.9648403823797143
5100,1,0.9447702526333044,0.9570059944335138,1.0036456104373193,1.110969450232828,1.2340323590541347,1.1991725760010543,0.9384788895746056,2.80919958186422
5100,2,1.2214301703792272,0.7550841255166187,1.003178515057597,1.0402807884942153,1.2107591984743575,1.0931106960138965,1.1402562763445894,2.848088509136719
5100,3,1.0972153236644708,1.0546456221651144,0.7949868692293772,1.0846131459374264,1.2050041071320972,1.1480366963951212,1.0642666054275893,2.833237585400665
5150,0,1.1099103744708227,1.5487402791930123,0.9802485822040297,0.9356940374698464,1.0244213410193956,1.4142671260046404,0.9807029254512756,3.0786810361004493
5150,1,1.0097786239775897,0.9777293453515892,0.9897843291933186,1.2341945877219638,0.9700377319409934,1.514984947607731,0.952393752518486,2.93627711457656
5150,2,0.7287662655193049,0.9913826485169064,0.7496751745217316,1.1920273927555316,0.9055049041372327,0.9669533640729197,1.0395920016079951,2.5164601064648178
5150,3,0.8342464174001698,1.5026087874533665,1.2436858193253688,0.8944913674480941,1.26720852033938,1.1903003675991426,0.9687360061383107,3.0433125579577673
5200,0,1.024293799301216,1.1565995107330087,1.3385436786904905,1.2077194099716926,0.35867166620652635,0.9529010120404151,1.1870999078833828,2.8430718356529696
5200,1,1.1690010366577903,1.0328174924019882,1.5368832581660692,0.8937719501814515,1.283974439390731,1.043863058498024,0.853850773633432,3.0102185027038866
5200,2,1.251506614467591,1.241933913002232,0.8261200477917667,1.1100128322147307,1.4849468209805132,1.3765304898915665,1.2904204127665444,3.2845638315904035
5200,3,1.1983422844196463,0.789359647343221,1.1708064465079209,0.9291446585738109,1.2680362780944505,0.90607065528145,1.1818745541762936,2.8493714941997044
5250,0,0.7057464925416703,1.1628757940868413,1.183985131182796,1.0906288933087356,1.0527014981821912,0.48703642569720107,0.7102069802363695,2.508272169641315
5250,1,0.9921624333216831,1.0678708374403276,0.638944509271407,1.2529307233614382,1.008091017500731,1.0926655932597116,0.8313070702695667,2.6465178908068676
5250,2,1.141071949367194,1.2185814462309614,0.9330474705075896,1.1635644686832207,1.0731144668212131,0.7366583711966066,1.0712486889987836,2.8023668136363398
5250,3,1.0112208670927556,1.1585257158727393,1.1001757269918553,0.905142416502982,0.8853297137448993,1.3413511123168085,0.9588712492706254,2.8101395840826404
5300,0,1.0091098752064136,0.891989644156528,1.0260260461205069,0.8798155162932878,1.2180755071772065,1.1448059680631137,1.0419370321321555,2.7423848162094235
5300,1,0.8933827171082688,0.7344131496734219,0.9916405500632566,1.1464131707541438,0.6536932526234787,0.7411822007471538,1.0760964174903132,2.4020322469139876
5300,2,1.2993196647919236,1.0843496923728897,0.9519982163928951,1.0864285429407645,1.1335258373547359,1.0201936227211539,1.3083241034187174,2.998009546511465
5300,3,1.4306317204618595,0.7299762839465198,0.788569806181304,1.0302674884561478,0.825689580585648,0.9077446396925242,1.217919536634172,2.692945885791246
5350,0,1.237714980565735,0.8406398720543484,1.201525743888313,1.1346388288234113,1.079995145325699,0.7502637536033856,1.2903308011552002,2.8920445956126706
5350,1,1.1014083948934479,0.8157993072202133,1.0408455019511156,1.2327237074272785,0.9766789633357081,1.071472658071154,1.0342792288444478,2.7664571273423904
5350,2,1.206796842132209,1.0370149839572969,1.0404130060205878,0.9289759615547284,1.1488148879053008,0.8458937143722635,1.3298187815949847,2.877662952804879
5350,3,1.0386629896975803,1.2817945846222176,0.8746066396593771,1.0684377753478036,1.326545850529762,1.149037179112498,1.0908613030736356,2.983002335289873
5400,0,0.9501608851784105,1.2415864943370178,0.9618411511185183,0.7551770372399489,0.9869963789490684,1.3978345170945388,1.0969379128818195,2.8409768499865726
5400,1,0.49043783993615253,1.1036660370711981,1.6138884534178235,0.8339502225890407,1.3848900502832333,0.7467284053441223,0.8548631451381911,2.8222387690792923
5400,2,1.347607795224366,0.8256503494111669,1.1321468455205261,1.1044735789980875,1.1077772848112095,0.7591989679863834,1.0635249925065908,2.816736166413285
5400,3,0.955829121806947,1.375636630346286,0.6903484308898057,0.9449213632913553,0.6719739252449228,1.2302619725246866,1.0766284454318884,2.7017892357553763
5450,0,1.262756597823723,1.4826361654832456,0.9045463291872382,0.7335240274976431,1.2960324170396018,1.2292689239771162,1.409082680270243,3.2133070034498132
5450,1,1.012696445159786,1.2420206463207408,0.9034354583497864,0.9515617371599296,1.0247484222843153,1.1693385651924697,1.2251875375353076,2.8650272693482655
5450,2,0.9227111598257917,1.2927655600908083,1.1013816830424843,1.1971436454954014,1.171428101021929,1.3001442231562939,0.9012061131686683,3.007261952806669
5450,3,0.8264745732683065,1.0168363003547207,0.9987247911851937,0.9409821354259484,1.2300099054983855,1.3521531024612994,1.2250617889100255,2.905500582767811
5500,0,0.8143163810986305,0.8524116242283699,1.3745092465736994,1.197431045610496,0.9778824346254182,0.6964308530399017,1.2643328604925614,2.7843564956179345
5500,1,1.202899105627163,1.0645819649811092,1.2124773242801439,1.251231587480796,1.1541821887845578,1.302237465996513,1.132627035115184,3.1506801978796997
5500,2,1.0414880117585945,0.9221942281629915,0.8976387842740235,1.1267666308681983,1.1846744647888474,1.0342420894001938,1.0267952064272228,2.7455266495731867
5500,3,1.088898389208168,1.231159922241219,1.053866516375153,1.2466330350549282,1.063651199088751,1.1056248631664087,0.9313006564288501,2.9304034088533943
5550,0,0.9139657364936123,0.8047949015845361,0.7326460105299839,1.0904966015483955,0.8495951451934611,1.2697233465476443,1.5413569017835123,2.814031201322223
5550,1,1.1170258445502719,1.075409846539361,1.0135358328322244,0.9822011945660508,1.0410133951145382,0.8389975282856315,1.0536818447617518,2.70075884109018
5550,2,0.9690599206188731,1.1130348659825986,1.369522120086723,1.242443462803873,1.1282681262961227,0.9273721527267957,1.3738741877870633,3.1012447011885613
5550,3,1.1183349933276394,0.6379086349879373,1.2007863986739609,1.3867886771839417,1.3707524477295592,0.7571864457324691,1.349336548033078,3.0488807947695564
5600,0,1.1956856701334153,1.1275461362227812,1.2245947978937248,1.0523651951355064,1.4313914553109566,0.9241607028433118,1.003264565095112,3.03605397261426
5600,1,1.0261200014979412,0.899781067657588,0.9650676558130731,1.0253285615449095,1.1470845260895348,0.8322106287640876,0.7786184092092963,2.5416149461291426
5600,2,1.25431775847221,1.1403807505334165,1.1753996360783026,1.2854158866395624,1.4087477483716935,0.9694461410463711,1.0087631468125442,3.1384134091644857
5600,3,1.4358813248751783,0.9818785699085316,0.8972323057143738,1.2560321808929973,1.0052242232296298,0.962819557032405,0.8554012578217219,2.842128059268608
5650,0,1.3895942745252552,1.3542003966803315,1.203764993637009,0.991940922633052,1.3065997099304674,1.1884519707542638,1.2196099369371605,3.287080346313198
5650,1,1.1595916853835755,1.2365733842059847,1.1566729733173389,0.5677911354053714,1.2539078273361062,1.073863141046647,1.3241365638364577,3.0021409488608297
5650,2,0.7799378834676842,0.9810673904986218,1.1819974030693852,0.7443997646496083,1.2525760767507688,1.0233105850538011,1.2416336148599698,2.771247122203779
5650,3,0.8474364260022024,1.2415205744908024,1.282565071486193,1.1458627759385123,0.7475767320006688,1.184283907036114,1.2565456484770343,2.9593585126302875
5700,0,1.0577191752806068,0.8722790814486229,0.9734095393092931,0.9411176234194926,1.4649362364399687,0.9510920280956604,1.129839349213116,2.835492962394821
5700,1,1.1830014711906764,0.9664751633616584,1.089734288656454,1.0363543692172767,0.947314647487822,1.2097180853855043,1.082582018499969,2.8509515314955447
5700,2,1.1245906033416502,1.2940955891179173,1.2631487799595578,1.3957171842369838,1.2312822106703718,0.8655076607253046,1.1963122438673013,3.190498565350069
5700,3,1.0810105337031697,0.8397586048263563,1.0394751990076547,1.0143085744831208,1.0497095193098136,1.1941246833480381,1.5247750565301341,2.972519414454054
5750,0,1.0946502866151864,1.261553631992511,0.9503768349357857,1.022581526278051,1.3063903221458955,1.3409622387515692,1.485151862939698,3.23251873593878
5750,1,1.3602110617641683,1.0651775581620617,1.288003343503431,1.380854658439293,1.2024470830457148,1.172254380049963,1.115968511074403,3.25821033703294
5750,2,1.1576568358583772,0.7296340228311233,1.435075284458228,1.0869709118936777,1.4519963346522484,0.645878343471769,1.0551208979735125,2.958414151534235
5750,3,1.1011278166581075,1.3282293237731997,1.3974062705381012,1.1974701624059563,1.2510191289499275,1.1636325902131328,1.142825452944929,3.2539966751434393
5800,0,1.5793714099445413,1.2307399977809275,0.9680519018419348,1.449290210859978,1.0911041600242615,1.1639907199165753,0.9218722781495831,3.231397959697507
5800,1,1.5775988294869785,1.3830938998944065,1.1449699461619607,1.3899234812623331,1.0302642677619411,0.9990634576379287,1.1563225958726642,3.322839819137018
5800,2,1.0610937615315645,0.8515265419129288,0.8064038365233475,0.9189072524404218,1.4467601676381596,0.8394156042938217,1.3049532577600667,2.801130424101231
5800,3,0.9468805278373769,1.3046595447982607,1.0540980156639046,1.3171389765572443,1.1641395402596397,1.25594599944037,1.4397775458847466,3.2326889080707626
5850,0,0.9674969476163593,1.3333066100527762,1.1687612113278751,1.317906378675654,1.2487758348909406,1.174774387582702,1.4663049152444776,3.3024571010255332
5850,1,1.2054491128100386,1.3060769965940364,1.1691370630266538,1.567376736117191,1.3031977164779454,1.2562296936233723,1.1518424028457586,3.403773529781097
5850,2,1.1094351382879146,1.4305217085397908,1.2543073255321937,1.1521133178550063,0.9366414699643755,1.2703056758834586,1.278003037788173,3.209697207957267
5850,3,1.1830303829640894,1.249147038295575,1.2016559101996678,1.1505628376276194,0.9361387049639102,1.265239485564111,0.9697350317476828,3.0241153487767294
5900,0,1.2415805126385409,0.748572966187793,0.9663344835353364,0.8999587580625126,1.3686750219486137,1.250012417327667,1.137598744534313,2.9284031515656
5900,1,0.9414087599657646,1.7367106279861693,1.5639462642089927,1.3578133426778116,1.433568676460065,1.5382943265837299,0.8465894768370745,3.6510521192124847
5900,2,0.9280137409195961,1.0067016680007457,1.3729257875624328,1.4047782814956582,0.870758151575792,1.3426638981426806,1.215967271542516,3.1261042044981204
5900,3,1.440479862081709,1.220380433837011,1.1502211785011638,0.9318234667276144,1.4669486652667512,1.1409315966960687,1.2047463464756651,3.265071426965394
5950,0,1.1961249375385477,1.1930859311476483,1.2106487066747647,1.3033449588342214,1.252270309227182,1.3044087166071126,1.1965837118704312,3.2741446035326662
5950,1,1.3332333544046118,1.021688220003086,1.2740420922900797,0.9003894898246589,1.246936644038288,0.9500644938945414,0.9932480119126528,2.9494503949849094
5950,2,1.4041471501251235,1.2678713069073624,1.3360704919067983,1.1462838842083185,1.3660590280836498,1.3566038883529619,0.7714783944891959,3.3135854091738937
5950,3,1.242875420366221,1.5177236299259458,1.6099833509734887,1.003694082483212,1.6664711910833752,1.0821292594360963,1.2516105330548721,3.6003237938138564
6000,0,1.3261515499729024,1.3363763937424695,1.2903614880125787,1.1634546262326542,1.4904551053778572,1.1118573661172177,1.5595341233071196,3.5288906389673236
6000,1,1.3882294924256064,1.3754542013799662,0.8877555879811618,1.4652438573079731,1.3606866659906518,1.0963991659267884,1.307782179155382,3.393811793731452
6000,2,0.9388237643456196,0.7254641930827168,1.339587106500876,0.903981194449052,1.2260564757300243,1.325670943154448,1.1901547027594352,2.9489744182461286
6000,3,1.2932203095913395,1.2743101011595508,1.104147857820718,1.1495070881764267,1.4813290505574033,1.471073321086179,1.475512215661508,3.517431280260904
6050,0,1.1907420714440105,1.2154060619089164,1.3203722371330597,0.7846931458259672,1.1464697090024916,1.2320710493499538,1.2609753166864774,3.1107322879554973
6050,1,1.3569505944812328,0.9258204401567305,0.9873923040231266,0.976030314821051,0.8657729346929617,1.4156065349926696,0.9080325067293697,2.864273871403849
6050,2,1.0970322955758758,0.9796597942063178,1.2415481212029056,1.1999261863599,1.0361622137502757,1.5085410872877136,1.1573283968014512,3.1357957719178087
6050,3,1.1007494931948514,1.354963595304465,1.5068839116024564,1.1418669428422834,1.0535080394250822,1.2469538566912906,1.1580536100563752,3.260060782130694
6100,0,0.9836239207452032,0.9481282018772921,1.4586089010952026,1.569289309791575,1.8030694996649266,1.0740227806492393,1.649617012975626,3.6854433671285176
6100,1,1.365582596269093,1.071300775829312,1.1438231733606177,1.3931508651364828,1.357646600884932,1.2481549494360122,1.135404441385551,3.3093715839547038
6100,2,1.4554406369532038,1.2799874909917313,1.5791552001354685,1.2403265058396902,1.403508441331304,0.9393176975571089,0.8613469071301083,3.3738536702483497
6100,3,1.130146166795704,1.2773158061977687,1.1010883583666549,0.9683215610750666,0.971151978201355,1.210895247995467,1.0517365255676254,2.9282010571773545
6150,0,0.9287967152465234,1.3960920887025607,1.2839082347834925,1.2498920493306713,1.3983890986800316,1.2422965829552663,1.4007604538886473,3.3887032430154322
6150,1,1.078151122014567,1.4103812077845055,1.0819480834204103,1.2220671106495398,1.3540933439729326,1.1780591993432776,1.1809204466906271,3.229800308700598
6150,2,1.4945583751914109,1.4560519812555386,1.5376140745903826,1.116839439794735,1.0772898782602225,1.3073879536954982,1.5333859611691363,3.631317768360826
6150,3,0.9505226179808948,1.1093088668311963,1.5213288677810988,1.3656861035716636,1.249884720798685,1.0908073049550961,1.4063684327210617,3.3231828157867187
6200,0,0.8075123232265572,1.084411833843093,1.2785039614962042,1.1891212283497907,1.4183097046187052,1.0977856115706548,1.373196686606827,3.1589573691505266
6200,1,1.417015767433924,1.4772436693547033,1.6292910466447785,1.0423917738682484,1.2209926675416454,1.0583119459825798,0.9166518836198863,3.373788732812669
6200,2,1.2456418445748496,1.4081731507679303,1.290296409970405,1.421440436523786,1.1818706482263293,1.173752781515013,1.276551093085498,3.4094030976371648
6200,3,1.0686156760589105,1.6101297197547961,1.25730469001205,1.176940111139527,1.0310144332809918,0.9523882232742384,1.1008823720338894,3.143634261935073
6250,0,0.7368439546946342,1.4617674936173128,1.3937937552154644,1.4123151848925997,0.8667350158273164,1.3120521869419322,0.9529479729008361,3.1619327634372953
6250,1,1.5240243169734553,1.4851893319763927,0.8949949633083994,1.1250541442998925,1.3271122903081052,1.3288964641489223,1.5268014512953938,3.5289539239962755
6250,2,1.2221992810679674,1.1253327906830926,0.9361947618224986,1.1882828811867012,1.3204691555152077,1.3357562975313226,1.2915948877335093,3.2007378588843975
6250,3,1.522694327366479,1.1373761105351372,1.0060404982272029,1.1589379640643718,1.2128354285042442,1.28917755867443,1.4884177704523953,3.363898502311911
6300,0,1.4935245962032233,1.0173620825019705,1.0862660103138815,1.4524718355895687,1.201562621295995,1.4759172744930213,1.0444364192261544,3.3568171789016867
6300,1,1.3489074463094017,1.1057908480620147,1.2366878678177644,1.1735343875227693,1.5244556162462106,0.9741279116284709,1.2422190408589553,3.2809911305981236
6300,2,1.1396520900113838,1.554206796964577,1.0178167739241821,1.3253779492849436,1.1183675459157507,0.8411603555542897,1.432322257767712,3.2429596219103667
6300,3,1.315141780773778,1.5242946128291388,1.1117755708931878,1.460108540721442,1.161036508738647,1.3228859213457775,1.310185549916492,3.497949821207875
6350,0,1.2341455267926669,1.0788860586561366,1.2665561196951511,1.2070310677179792,1.5390000121396303,1.4822744057215038,1.2390225449550365,3.4422425872922204
6350,1,1.2852621656555578,1.038848340183305,1.1475803603356654,1.5908424041828553,1.413513310864473,1.2340782980783496,1.3437706022235243,3.450436712058463
6350,2,1.4854149178499714,1.269919036643007,1.3904530098520067,1.5608817801367907,1.2651262117368873,1.010008057209466,0.8952465736777997,3.407490334087927
6350,3,1.6301778317916495,1.4084055066012156,1.092494217948345,1.1837254938814632,1.3384371852073826,1.4622971743777258,1.346038140978301,3.602413260206593
6400,0,1.3848554432942448,1.2322338333546425,1.0481100695589327,1.366540445716307,1.1689394542847862,1.2936617875296352,1.4785579375626128,3.410030230012972
6400,1,1.4319556482874156,1.2162256195937373,1.6306870061424414,1.4013351452720268,1.2613798676457615,1.3275796749536581,1.1504949530308979,3.5818665020623595
6400,2,1.44358441237735,1.5266213814933915,1.2400941592422494,1.3221926065841842,0.6780818506945423,0.8965760488553616,1.296838529544083,3.2628161747356774
6400,3,1.0158006987048323,1.1239165943473997,1.371010924321476,1.3912936336568256,1.0368268186669947,1.2126975319975657,0.971645691872015,3.098410722734331
6450,0,1.31305197479852,1.1151491482413318,1.6482670184005817,1.2869557267308953,1.4553346713804,1.3718774192615424,1.1751231389985923,3.5667440851384002
6450,1,1.0182554766413416,1.3144343666554255,1.189187235593379,1.4201201656018556,1.2669914248051204,1.3531204541187458,1.5771755990172303,3.481260488676736
6450,2,1.3451415783431349,1.2123241090351515,1.4278089907838627,0.8931120957700189,1.3616877672501149,0.9288143612130155,1.3722931411564074,3.2734540624924535
6450,3,1.0347120911674916,1.4181813918105457,1.3685153892414113,1.211334589339928,1.4901441947860854,1.3612352095845066,1.6084022295815468,3.6169714097291314
6500,0,1.2618014710784944,1.0090400858676019,1.2906588886003283,1.2819055493052134,1.3060244332571644,0.9774166339879908,1.1704174394722593,3.1544107422223884
6500,1,1.4045314530819222,1.214752055512458,1.4119906425871402,1.1541674751405395,1.6065505336952166,0.9817597699556602,1.352201874634462,3.4853203679832387
6500,2,1.5308379387160098,1.6250752766197762,1.6143638876121666,1.4948140623391586,1.0765973783772231,1.4288674342152048,1.0623029387684648,3.7622049233517116
6500,3,1.122858304513223,1.6600514700091613,1.1503605223260591,0.9923347201165109,1.2949460000408055,0.9285039521082983,1.5752491235815862,3.368241932613489
6550,0,1.4688836096621751,1.156074400148095,1.2424504621636203,1.286327294624654,1.2321777971910095,1.4501670068339854,1.5079423324836692,3.5478986297434645
6550,1,1.2067586460014414,1.335289892574848,1.2862183818660433,0.9611314951515375,1.6003687936345155,1.031496057107994,1.2677568289772563,3.324119247653597
6550,2,1.0029647679834617,0.9553154503368007,1.1820449252168144,1.1845350756912816,1.1542818251323108,0.9750151612290747,1.2619390421178298,2.9316259530712134
6550,3,1.2996451890369234,1.3706331886997012,1.3653751525736335,1.1810243672463394,1.2168352274674172,1.4623783545294267,1.6122575462570659,3.6118407546169236
6600,0,1.511004766360012,1.5683462649662003,1.185494449817503,1.2972991019868956,1.3937771772001728,1.075936221251298,1.0695713677561651,3.4749768263930356
6600,1,1.6325452415281099,1.5335439269645152,1.2484783720815302,1.2929892373033545,1.462840998019364,1.7858110966659808,1.504659375506757,3.9800132222978233
6600,2,1.3468838391171176,1.582439670050086,1.4942951117347603,1.1964486988188563,1.5059928964385116,1.2971254904166452,1.0957138785000795,3.624052538365358
6600,3,1.5287080895171512,1.652496776104298,1.2727822778721645,1.3281417643731437,0.8305925289227869,1.330372872783941,1.6102134413553713,3.674805103347822
6650,0,1.3091271682905963,1.3440215425467814,1.1187340823136713,1.1206084035292139,0.9290436885737263,1.1415899673285015,1.319798180537019,3.152103116446142
6650,1,1.320069954188032,1.0167032650795986,1.3700396425004586,1.5236610630912018,1.7076514526008166,1.3504400640088672,1.4230010482494388,3.7066852717415135
6650,2,1.7351863619384058,1.2947601273969178,1.4163626980671544,1.3195466298902272,1.1573018761314002,1.2127916949374882,1.0668828210021182,3.518950465783895
6650,3,1.360190933133586,1.1573242933571217,1.2742612862332068,1.2890838214396885,1.3349310092465632,1.2749475496637046,1.6042972775430313,3.5293483290031245
6700,0,1.2245533987416892,1.2490596687576179,1.2401704222593102,1.4544818933184263,0.9232087808714127,1.5974222060382173,1.587354006174812,3.5548538978509385
6700,1,1.512444403899769,1.3312342157637427,1.463170134263714,1.0915380001808161,1.3062421309559873,1.157063674877211,1.509490943716833,3.565897141157579
6700,2,1.0945542313066252,1.502056393622984,1.6113371772824419,1.3293024477832007,1.2333763942722311,1.5387332247615484,1.481727319990753,3.7285530691154043
6700,3,1.2217480771420557,1.2078571280903958,1.395711964699511,1.2780995630548424,1.5729222196472423,1.2498559436099568,1.7852905437332123,3.708992329696276
6750,0,1.1222408661048509,1.3861421114041048,1.3257100683676417,1.5761951991934091,0.9241471434482806,1.4221739782274712,0.9941450970137609,3.3597119291544555
6750,1,1.3419566068141273,1.5106928540175295,1.4118585424143704,1.2679182764437305,1.2982706610713763,1.5053592133114237,0.6601271013304656,3.474389528203688
6750,2,1.3098302039108052,1.31155692506379,1.3243909440700725,1.3544366409511328,1.251500928336945,1.2797124163146139,1.4750441033949655,3.521934165611829
6750,3,1.3314766968192389,1.5099298050536745,1.1423027101743104,1.2094205662657038,1.4575224044281108,1.4456046335546824,1.1113158382823176,3.502775900128629
6800,0,1.457328190179368,1.026953001284924,1.4480706854538157,1.5448351023753202,1.2097537775953415,1.2221170971705322,1.2090512940485227,3.4757361173691494
6800,1,1.1984672522613082,1.423966966896793,1.511041704667457,1.099122533204331,1.6211549803432899,1.2711047842523964,1.5754103324936168,3.698795967928847
6800,2,1.139826187675595,1.7023669364741156,1.3880929327798481,1.2503936792113914,1.4312620352046357,1.599030095022406,1.661250702628635,3.8797816204969733
6800,3,1.497393142034365,1.5953486001511434,0.8611824053714128,1.2554254845126525,1.782416044220295,1.329020005114816,1.3628554133158284,3.7290384372642835
6850,0,1.3170038299721083,0.9774870278148236,1.2052157144165374,1.3471830970154275,1.4319837180969877,1.5558866339127198,1.2469894331251892,3.4617582852760114
6850,1,1.1144221208854297,1.3543961133789364,1.6502920654670947,1.4111024671528076,0.9715761615882923,1.1722443538203118,0.8839760935411651,3.3000803575649
6850,2,1.4914786894866108,1.5554881739757311,1.3657187997140157,1.4917917567880947,1.3758576468973371,1.340835634213075,1.1547782775235664,3.7093152951489587
6850,3,1.5041114026233018,1.2186890892247992,1.577403321413518,1.3200135309904004,1.2607307885594634,1.256641361730398,1.5767102719048807,3.6922616487547177
6900,0,1.5919360857201603,1.2840814120366841,1.1640437357583582,1.3816799123763217,1.3199578447231053,1.1485519346610273,1.6479695725879808,3.6365404911005914
6900,1,1.1033004102028277,1.4524500477318762,1.430126889875469,1.25511131374787,1.3297146737858656,1.5391360841172963,1.4237120643285364,3.620978777703736
6900,2,1.3222282129247824,1.20280565616529,0.9936868572658208,1.3944942548528745,1.4129542354668365,1.2018315135750626,1.4645487828041526,3.4223965998166985
6900,3,1.3595369083152777,1.1528007761491788,1.3276899139334917,1.7859597375271534,1.4414833012589252,1.4268015532520175,1.6410159376862679,3.8647474709353826
6950,0,1.5831429484877553,1.4782466062266229,1.3612536315172563,1.0410108323091511,1.450940472917543,1.4082743587327047,1.6140675948442653,3.784435063865079
6950,1,1.8908579867584847,1.5731386317538114,1.4662258495703373,1.0692251162742732,1.3631823179857832,1.2067612753006234,1.3189441411130503,3.794380335052789
6950,2,1.431385452304311,1.3808771637113828,1.5981428452740492,1.3618715572058302,1.7109635337026825,1.800279231680417,1.583713222210604,4.128073381426228
6950,3,1.0565414656583108,1.2028949834144078,1.5919326868546053,1.3931554246488755,1.3421843170038659,1.655804192913602,1.6309307262129136,3.7737844700340863
7000,0,1.3742410967803627,1.1905191143257698,1.4596086030634159,1.2676934351881897,1.266190303076836,1.1091168997177645,1.3885262325566883,3.435805808359155
7000,1,1.646982862484463,1.038467458768067,1.3910065196068069,1.214749107924766,1.0895159817173892,1.2714244766824763,1.431093169602332,3.4717538333582554
7000,2,1.6031877815695894,1.2641147491077631,1.2763824444608833,1.0879263498969438,1.3419927062789996,1.4200642322542327,1.5244139669626517,3.6224712337461673
7000,3,1.4096274197262904,1.6415290838431762,1.3629619781437767,1.5601295037634446,1.3480233688699186,1.4472007189616154,1.1915747533855765,3.7821612782659475
7050,0,1.253318512648265,1.5443917853957991,1.150609322374079,1.4878765333137745,1.4155659060786254,1.5372064455299665,1.5440796025508954,3.7742077290087837
7050,1,1.6029103250488705,1.5670674783163343,1.1811412088784097,1.2406690164474976,1.1495699808075883,1.483808573788329,1.3561120102539617,3.6498787602063305
7050,2,1.5546108559796865,1.1863712308754937,1.5268791269810553,1.5232459643470189,1.5341716574028947,1.3928474114699487,1.7371503341282373,3.9733270211080747
7050,3,1.5671851104704553,1.9373945744677203,1.2847120247767678,1.1493445515767062,1.2057667817698876,1.4818989060927334,1.404700953357604,3.8476132161074412
7100,0,1.3611193077978478,1.0677500788735153,1.6028683414876814,1.2465470837883585,1.5134275224910445,1.668261884818635,1.2633421289324862,3.7128690348767885
7100,1,1.4905090893955262,1.208329223692663,1.0570151095216862,1.5178781036646092,1.2920509878049236,1.1593306675757709,1.2695813110359195,3.424644769161183
7100,2,1.414410247037233,1.1867252423955565,1.5699520965573726,1.33616216607785,1.3677089663499096,1.4427619649315115,1.541146223885237,3.7398226769311083
7100,3,1.5307711778634125,1.6031113801002035,1.5176465656741394,1.3791623861947078,1.6623223592518594,1.1183298563553905,1.2598202064461645,3.8366249136494304
7150,0,1.1533110532015478,1.4772920979834396,1.660280578841175,1.3632186464356284,0.9580490388577405,1.5472945852856503,1.363253376950763,3.646622172771172
7150,1,1.2942006659407297,1.3371286824810977,1.1331612224629855,1.7231949400006816,1.4194848119294037,1.6258674232814272,1.3417605231461942,3.764973697840719
7150,2,1.4892214070640117,1.6211494021350414,1.5763569425371582,1.5192721129906777,1.6440002300085979,1.4326890809393902,1.5385082529207454,4.094061204978901
7150,3,1.6294568415137076,1.1735691129603036,1.4265688227577107,1.3686885834148095,1.2706941009271573,1.3993676368992087,1.2330636035078524,3.6102825702862016
7200,0,1.4977658480614815,1.6089538991599968,1.3020301589048837,1.4595151190516844,1.482016656696839,1.4751252875304606,1.5834553769492885,3.9417256396289337
7200,1,1.3915337793161087,1.3536344201137545,1.4099351965688225,1.520407319649223,1.3662995703301144,1.4728290746325616,1.3230955568687908,3.7222076688484442
7200,2,1.4650752428811524,1.6759103873540404,1.143009031234269,1.4131680648717861,1.1195410813205342,1.5121293360308017,1.3101580750071586,3.676282940955004
7200,3,1.4745456090838818,1.4726811800667186,1.7233093199877656,1.3051269243397208,1.4757072658570898,1.4329137376525287,1.606521042581973,3.9784531525078726
7250,0,1.5325870783452469,1.5180171275612977,1.3863306470954972,1.3796440812410433,1.9304731815447929,1.66516472919011,1.394946933228811,4.1138676246066606
7250,1,1.0258256305224915,1.5180395793145107,1.512254150887617,1.255785797183942,1.5790229986753908,1.7567134621127993,1.511311699154368,3.883824383800458
7250,2,1.5133738806865398,1.6895044943220634,1.3776821596635171,1.238915804456738,1.403876691872286,1.129954060797165,1.6486468183299994,3.813574270910482
7250,3,1.0728032450879081,1.2227063138156518,1.6004710116797631,1.3767852255691069,1.391810508058598,1.182899574208842,1.564133821612501,3.589688712688935
7300,0,1.1666802938509317,1.6536333864874861,1.3574899095668247,1.746749852206817,1.2347187834928375,1.6024372053351228,1.5705805565240152,3.9431737143587786
7300,1,1.1916383960332668,1.5676000963833856,1.4576985674945326,1.419744819424154,1.3727486477311972,1.5500064885984048,1.5402588606835266,3.831095002410979
7300,2,1.282183631835191,1.494451146099353,1.5024859622740712,1.3512282415135497,1.3863326417348647,1.2427503862155405,1.1845905180951437,3.5819355567706066
7300,3,1.335164659599645,1.7035445104506666,1.0644050030267107,1.5236506830746452,1.3181874206702127,1.295852950003046,1.3085047111290116,3.64255892264273
7350,0,1.1482530992260833,1.573024417733316,1.5487946891388829,1.3062320408770292,1.6943301538527207,1.4421544373079829,1.6307287441269664,3.9379865998514676
7350,1,1.5605858753414577,1.4508461208885952,1.586949698210447,1.5033171614370802,1.5348140911371089,1.4055512367497314,1.6981690442795396,4.06617280126721
7350,2,1.5720690645487179,1.3689113822176353,1.4119135047128237,1.5687780314074609,1.7559323579113524,1.1222356555672621,1.0012116704050331,3.7609865585820743
7350,3,1.1458659395628599,1.519382903095234,1.6458898425551487,1.4530411305916973,1.6421971037368979,1.3921897751669339,0.8904761889857364,3.7242135544887276
7400,0,1.722192364591745,1.1268092435778412,1.4156223044294116,1.6816051502896905,1.8164172442850932,1.5270867610488226,1.7379766201121472,4.2094365793432145
7400,1,1.4796872663185716,1.4867086459570682,1.59040088019689,1.7229454896414547,1.6504480524046548,1.493070348026674,1.2297988733035612,4.045162077185192
7400,2,1.2277885148757353,1.1314582723042477,1.7532227011776917,1.4200255769922283,1.5553823760090224,1.610208162636472,1.4947220848182015,3.8889720636599145
7400,3,1.4120907383550239,1.7164040971017707,1.207647227768939,1.2898899326318394,1.6124800898666138,1.59021593333153,1.4246106343175853,3.9013671138701134
7450,0,1.7144505744597132,1.523751524342908,1.621967013278566,1.4537552839876846,1.3616566840115276,1.4394425878043269,1.8203600525287134,4.152728682159347
7450,1,1.666032622943175,1.3793457885752134,1.500457068385831,1.6777956087158106,1.6054104980716866,1.7797745708905002,1.5106137224337577,4.215628450513466
7450,2,1.6296617177201846,1.185931772427514,1.5585342537713809,1.238490104821184,1.4714804101167358,1.5492293598269915,1.7053705071900214,3.9368481068584913
7450,3,1.2181845089603542,1.618571775622242,1.1979527889751571,1.4122056144554076,1.4979008504844737,1.7789558178823126,1.503510337154097,3.898986761533477
7500,0,1.7563573042706737,1.3217224454785865,1.4255821687298729,1.6939787688067116,1.4466928664027126,1.447512146248461,1.4534591345097119,4.0042908124963095
7500,1,1.669937494143475,1.4483271233222288,1.460864784102936,1.218588648353656,1.3959451512063124,1.6030085229966375,1.4033863107100992,3.8721078534682265
7500,2,1.2882914839626105,1.642456739155076,1.5210571813310156,1.6990211906046646,1.087650126131783,1.1641391568769943,1.3308232086196772,3.7238340764188718
7500,3,1.6989413352393368,1.6219718880806444,1.529028758612425,1.691772532971128,1.4545710978016606,1.2696997416038902,1.3542580372026887,4.034742502069382
7550,0,1.3941202518451556,1.4326710273586878,1.2480265206284493,1.0617392411783477,1.6747898502828105,1.3117829488229207,1.4516646969321279,3.6488359652688755
7550,1,1.8431477526623143,1.4066016367317877,1.2609518969674873,1.445803751260565,1.4819089236420027,1.4288644155025956,1.7968488122773651,4.064780831270939
7550,2,1.6044924957383064,1.2103088485415345,1.3647330828857247,1.6627447645590507,1.0532313139143685,1.1915565248513305,1.4009700753344398,3.627434426952186
7550,3,1.6643456771018217,1.3675360636826475,1.3337093738628496,1.2803098816805218,1.8107420968600463,1.4670825895127932,1.6460783563328794,4.024781699222805
7600,0,1.3449304996523788,1.5679263743260463,1.209094809483096,1.4208970281045945,1.6830088525266365,1.5349036639484575,1.6156161311231534,3.9429371444937624
7600,1,1.8407897523206729,1.3114169997162428,1.5875289279009148,1.5941055888445923,1.0649176182268834,1.718534368128841,1.6771801790587766,4.131595992564979
7600,2,1.4386687356907326,1.5614198093005445,1.3465579640653424,1.4339360056626265,1.6113650242044997,1.2791801545301338,1.583376639349231,3.8880677799986687
7600,3,1.4393990984770118,1.5525054888579775,1.8794660234626797,1.3391220313013326,1.6284816396090842,1.645527970026849,1.5380631515552887,4.187258818672971
7650,0,1.731917335862039,1.7943987542139033,1.3919526500602881,1.4792434874393758,1.5532763880523992,1.5923439555161643,1.5223495940332463,4.196531081658838
7650,1,1.6888542035616763,1.6427330708077232,1.4933802137409113,1.3742022892005896,1.6143789521717213,1.4561104859150769,1.8427799617635956,4.218024655349309
7650,2,1.447672679702064,1.4314420062516673,1.6165659953329055,1.1948210998120596,1.4436408310307338,1.835375474041498,1.6418269739648301,4.041529818622027
7650,3,1.7087517146032312,1.726541321790437,1.2778954336976303,1.474910869783554,1.5127020637645463,1.3774419481055054,1.6254916184689663,4.066570179784354
7700,0,1.760676201942584,1.3019107228249969,1.8166501053110689,1.567780450463405,1.4279019715553822,1.5667069218819945,1.5052396193024162,4.160808370405684
7700,1,1.5050876752964892,1.6490929443266575,1.4007185378778388,1.8106905793364834,1.6784637627827967,1.576716886999223,1.464219902099048,4.203882242907897
7700,2,1.4359677792288337,1.4099184754627834,1.5208453120832777,1.0488077079071911,1.4358848089537206,0.9456365011358524,1.6927008623147428,3.6447320104544723
7700,3,1.5313883556925842,1.416062841208587,1.5363063941039727,1.1388550040112324,1.289991999339053,1.1564030018647027,1.4730887365192409,3.630282359496168
7750,0,1.4523018893656674,1.7841676622986193,1.528821418823366,1.7540079290740596,1.6182117690606548,1.2876445936105103,1.5378663541499262,4.165086388439278
7750,1,1.5255190385004336,1.638820658686435,1.472491246402239,1.442420242659055,1.8414324723363291,1.43877012992087,1.3866125057285388,4.079874433521028
7750,2,1.7858397034082232,1.4224799469969696,1.4941612098845836,1.3941259443963356,1.631649982417336,1.32849624575346,1.8346717363609357,4.145115418917258
7750,3,1.5461101680964495,1.3807705322681945,1.3832318411925226,1.4198717539738734,1.6703746711358676,1.6338997085174374,1.4277497734134124,3.965425482068828
7800,0,1.4655214509338006,1.4837417625890927,1.9634975537754447,1.4651371727124374,1.4186095579935,1.650182377004975,1.2843879032706036,4.0910144904681305
7800,1,1.4900222255028739,2.225861691023214,1.777340909351845,1.6689107692245837,1.4968564311973038,1.6589240066506807,1.4001155098710418,4.480151988514097
7800,2,1.8394360761318245,1.6096570272502457,1.4957757873490503,1.4224399182318108,1.3627841921944315,1.7643659546709707,1.7277310938999146,4.265023336381169
7800,3,1.2824692652495595,1.3773414375048674,1.4378714684416511,1.47015196011759,1.5929159304353517,1.646889543252252,1.7552250726418772,4.012612538248975
7850,0,1.764806054406103,1.5578066819755705,1.4371375773621715,1.9954964861512385,1.4864213674294666,1.527528711546628,1.2378463798521118,4.202823909807273
7850,1,1.304347183479507,1.353970681644841,1.3902577710753166,1.576043882613983,1.7807436498108926,1.246887154185122,1.2198760508650577,3.7636634112062683
7850,2,1.3423899603141265,1.755067688798885,1.348589322702529,1.289897673107065,1.1378608896372129,1.5266077625856163,1.2449403099983183,3.6796654204728543
7850,3,1.4966769523392944,1.4447258770397777,1.7777655986313934,1.7929961671589243,1.4121256648536011,1.4698774557524572,1.4746597070244214,4.126962614122488
7900,0,0.8784595385572616,1.4287850863015583,1.4755330532921975,1.5053293556966683,1.515804896853949,1.5399300058104377,1.4285284867582086,3.7371211901410657
7900,1,1.623543426964914,1.6261872927777827,1.4653638792928663,1.7856203181289287,1.5067474636692593,1.4333957587291828,1.5008473207334834,4.146512219957085
7900,2,1.9718264906536205,1.5563642527492572,1.3343773883831063,1.6052316142916112,1.542737660321149,1.7148166303364873,1.7138778608278207,4.350369390375489
7900,3,1.6768639741409403,1.4900015286610206,1.3915771490317264,1.362944702989803,1.7880608744483644,2.055752184739259,1.5735962673626156,4.327304763562418
7950,0,1.4387748448222921,1.532756497585713,1.4875922260536452,1.7862534760826738,1.2742165735077768,1.5050535855426128,1.1462293665859016,3.876300243685698
7950,1,1.8428291722122045,1.363089908343877,1.6455532721773576,1.4630455663628261,1.4502876831983922,1.5942252696675243,1.7141251403570819,4.205412575277295
7950,2,1.765388447712665,1.9433757350690632,1.5798785596100107,1.5523003610592185,1.5081844591337406,1.188914962491873,1.527609798715261,4.221455808245896
7950,3,1.4454195303035076,1.4547419076191395,1.6472823903512506,1.6111853892580463,1.1103537576708336,1.7758717310258771,1.5379603769610257,4.033224176985306
8000,0,1.4611965611934699,1.3982773980329017,1.4764976152805094,1.76449252803276,1.6892211555552994,1.7441556710505224,1.8140378623765647,4.3092963050914435
8000,1,1.2864781618425694,1.6903691107787595,1.7960160103222778,1.3239932554141576,1.6894512512096946,1.4934137750375247,1.4965303826711236,4.100626642506308
8000,2,2.202132343939021,1.3678082971975307,1.5744662588151113,1.3628186497536614,1.6738928152025045,1.1498380186145654,1.572956588845447,4.20175464854848
8000,3,1.8362167420195015,1.5054011777231868,1.507236948243455,1.6414627586528776,1.7768245931045392,1.6084731207354965,1.4717010519804168,4.302822705730227
8050,0,1.7720764153550568,1.698180500958741,1.4601106484871844,1.7178317182386418,1.834269910309214,1.9266524248480454,1.7063937826174365,4.592957235278875
8050,1,1.4768103165059716,1.6099756658396744,1.7146195098601014,1.3984630157230207,1.3947621048922076,1.7568261820121913,1.514531222604494,4.122403863374273
8050,2,1.6617720767607458,1.5924745367435584,1.6419712687832881,1.6136936666997033,1.4554753407088556,1.4700816424834835,1.7764251157017577,4.246501286636961
8050,3,1.3014356644993086,1.8043796472046822,1.3378538662861517,1.635880157366206,2.1278493731179795,1.6938305089239152,1.8819220466487512,4.511531103093627
8100,0,1.7625945503485094,1.6057857269273523,1.5325166266843755,1.9492237820745248,1.842357457353146,1.6518673847740666,1.8329136370754369,4.616913164866004
8100,1,1.352427548335692,1.7870638430281636,1.589866078202881,1.279569430017151,1.5004061627978458,1.5326741797714591,1.7384403386231995,4.100013796447851
8100,2,1.55998524133579,2.0494309168299565,1.7357231722427091,1.622270596911409,1.5615525591245878,1.581854143608892,1.7658111467826758,4.509658056767794
8100,3,1.7417758055534043,1.432684992127942,1.639647533929691,1.365067517588875,1.8624314619752587,1.9722008229277381,1.8781473641959607,4.530329697133113
8150,0,1.6666797906264725,1.8442783929819309,1.6743005875297299,1.684119306909759,1.3780244328080298,1.552679031267021,1.6167772409181032,4.329255914232175
8150,1,1.6841210015869497,2.1522486455700385,1.3871249319870744,1.4905900281418452,1.4944147135241748,1.5055146897172629,1.7451909571784243,4.3772083892875955
8150,2,1.7332172718647547,1.7829859479954029,1.8510379069898737,1.5048184257756105,1.388086159101921,1.6954675562354091,1.8701786754387517,4.491420991992361
8150,3,1.765975838899315,1.8078117372849642,1.4896002254270861,1.894504084257233,1.7021143345678764,1.7792835151393347,1.6241759877053044,4.571203252112918
8200,0,1.6889228991879623,1.6456106820282708,1.4227663094036058,1.9507037369566862,1.5474956705350416,1.8087954072541117,1.4886359581807194,4.390048383375137
8200,1,1.5770911418161644,1.342099479479213,1.4243203124420862,1.3818939000958959,1.8989546278568552,1.8381552077216443,1.2786938758078044,4.1044692544021215
8200,2,1.6446878102835676,1.4432960591165578,1.5663883634933522,1.7415917899893947,2.07942633907577,1.4924323666659884,1.4977270845591342,4.36684905444863
8200,3,1.6699785161855973,1.5694704297537736,1.662936388433373,1.7912084013351117,1.5417565394639483,1.52223953174648,1.9682272127983935,4.449044326995853
8250,0,1.8973512812293878,1.7982239996114984,1.872732642998327,1.5041510362000132,1.333029174762132,1.7742822463375032,1.660624292367921,4.503983419136062
8250,1,1.4903733412093199,1.750699942315248,1.9092429877084052,1.618370232929362,1.4773204034048013,1.5128417534109175,1.595337433743238,4.308916482578608
8250,2,1.879334662557144,1.4547390687460178,1.8402351097299379,2.3279044673423845,1.5978646907480163,1.9523052167504837,1.701340217528761,4.869599035367431
8250,3,1.5505229993034453,1.6563476146510179,1.7409354123012113,1.8709734023497682,1.7581719338988957,1.5428539070219274,1.437466410728727,4.383706534836663
8300,0,1.7505042108450712,1.77788544597199,1.6012151145153186,1.6972145217902401,1.5978983539791627,1.579836536927135,1.7429155794261257,4.444826878201093
8300,1,1.8562900975157728,1.5569525474134984,1.8000213372860983,1.5741251317365113,1.4714671000573443,1.5079287921732067,1.9357206270215217,4.446789844458014
8300,2,1.5721321211907036,2.0357151885024427,1.7932795728675415,1.8480009349533701,1.94333145333881,1.6935668260570922,1.6715488422488034,4.762927259691458
8300,3,2.1865824892289076,1.6403146828000654,1.4395368706903722,1.674609343399384,2.3580368085058114,1.481505100166883,1.475342071710972,4.720189326344728
8350,0,1.6873712791343527,1.7510634258826616,2.017973098416145,1.8109918206772955,1.89157133255221,1.860091219685907,1.5459073226927504,4.763734108621488
8350,1,1.8686438623312205,1.3628433547246885,1.645016472495597,1.6461230667273796,1.5556994582335428,1.6606346036953867,1.3021052945059686,4.199804582198836
8350,2,1.670304685152427,1.8866645028809348,1.528027679701204,1.7128315721510967,1.5928080655044523,1.449949460045188,1.7317078409724451,4.388198296439049
8350,3,1.6400944128373829,1.2843167715942874,1.7016375468647515,1.6536988474210979,1.7864606147108117,1.9170126853144378,1.7129551189639536,4.44637648820191
8400,0,1.8896176044479205,1.4709415210607153,1.7279420732221626,1.835222116383522,1.5870276242150392,1.7174286573942896,1.5993795993736386,4.4849058686273215
8400,1,1.831462083382858,1.667397697789503,1.8211437389301832,1.7162693876212411,1.8417473767831012,1.7461281275402896,1.3656882805617143,4.550023614392744
8400,2,1.5763125338488695,1.818481219054517,1.3948317272986939,1.5364227782504332,1.37350775512784,1.3762151517423413,1.6963851607370066,4.093409332119025
8400,3,1.5342488810376114,1.7985561142694566,1.5927044559746573,1.7010732242697104,1.6230708010497965,1.5462616129398494,1.5792402030896955,4.305620134600432
8450,0,1.9585430872549505,1.945344327138983,1.5127991290345792,1.910962106959992,1.4749375003638614,1.846973871670442,1.4671012429882353,4.615163282550386
8450,1,1.6603791648491066,1.6636748877950227,1.7617447602049146,1.764642264382286,1.4102558374449248,1.5308389435871308,1.4471058809999677,4.262485759949663
8450,2,1.8697266935522936,1.8612559399911441,1.6688909805160448,2.127932270606222,1.7220522151945643,1.622026534154225,1.7348257598217869,4.7832519024370415
8450,3,1.953984789605924,1.5861147660244255,1.6452542156709011,1.6458702376618575,1.4449142407568516,1.9526765289368262,2.0853873212894487,4.690323011479434
8500,0,1.7548738771131076,2.0992478312303953,1.4708886933931478,1.8797655840869327,1.6413273436876545,1.7286241826564466,1.64903096243198,4.645950506627226
8500,1,1.4602632521728907,1.7151654267308696,1.9397267819900805,1.8454810437363869,1.7149740545252852,1.6437955626225258,1.3515078822147346,4.439850773769353
8500,2,1.669540233522248,1.6437791972621811,1.7709143444661777,1.6916757568864256,1.9304674383426097,1.3673340209370166,1.7431617539356627,4.485777399545332
8500,3,1.681976565556197,1.6640666671665747,1.921560665391123,1.8377896578083859,1.6254930233633198,1.3366983868660427,1.673861596789099,4.46081069410476
8550,0,1.823770883747406,1.9666309361429897,1.7537232124127033,1.7846731126340099,1.8501044929172206,1.6774560935778862,1.7508470874292663,4.770386965883056
8550,1,1.40293665476405,1.651843152602593,1.8376875220682074,1.53750398653283,1.8068613016392103,1.5523177465361273,1.990441941891996,4.480416082136265
8550,2,1.9305904892362007,1.5626130944413568,1.7462367800739846,1.8006738160732654,1.5633032560928488,1.6479661181533352,1.7684496641391771,4.554978816164761
8550,3,1.5102427809299708,1.6031695071757006,1.6845477959048716,1.5338969740374653,1.589145834991612,1.7621871809271865,1.9294062357468489,4.403955437759611
8600,0,1.5410415109732751,1.7731515205994122,1.6996157532273943,1.7327554902058977,1.696778389236967,2.1805613649510924,1.7434943267272989,4.6993284399830415
8600,1,1.7361529278535175,1.5834140521284397,1.5011737174365085,1.8097520592400307,1.3925024521491678,1.4421872231611932,2.008215326130782,4.370588971433396
8600,2,2.3250331695161517,1.7610180366329549,1.2960139909153934,1.3112956115386354,1.9677724979872817,1.8274152177851628,1.8357484914915672,4.7421155317249815
8600,3,1.584774203297913,2.0417740449036663,1.593783943587685,1.8187977806587312,1.369049477258134,1.7590129594626311,1.541691530601134,4.457999438079078
8650,0,1.4531680411553098,1.5595814966490418,1.8800343723847643,1.5117137894857358,1.8778148347897043,1.6536220766787668,1.6672683605203986,4.405024169675212
8650,1,1.761820747858872,1.839269071404782,1.8828584256918406,1.6585451153896449,1.6401929999588543,1.9075285453105253,2.018912983281824,4.815366930769268
8650,2,1.7220591672248025,1.279752040814808,1.717795115061823,2.1497645976614237,1.9411094811223446,1.8377783721371022,1.44806659901622,4.627936168754453
8650,3,1.5708680077620096,1.7243420340224789,2.1252998031964014,1.6394341466226605,1.9802200791959903,1.7629070874579398,1.7893983071352066,4.78295772355608
8700,0,1.916906827055978,1.8206856519705699,1.438662467858841,1.7354845248225585,1.7124991278589115,1.6479194697998594,1.720453559664387,4.547453853757554
8700,1,1.6249481184974421,1.3722140395113989,1.8124423936490819,1.3425486514827407,1.7825429236611086,1.673772129302178,1.5634073745848744,4.246648926431818
8700,2,1.592130683451899,1.5686460665128166,1.5743936499287998,1.8624682242910837,1.6961392356281093,1.8572110344649828,1.4394076886067992,4.397846003875218
8700,3,1.6025398152329673,1.4378535007329456,1.8325834780011696,1.772383819395957,1.8141828249957843,2.0575561354281944,1.8988058669328212,4.718635761459318
8750,0,1.7899795675763561,1.5066979661340998,1.7290904470744801,2.0632376846573783,2.040011821368135,1.6705792072250318,1.3511847804879882,4.636707081648005
8750,1,1.7719480836276433,1.7035705077370065,1.8594191671542022,1.6414484624324481,1.8212211219736383,1.4770142730746632,1.7710651710807461,4.563861803134461
8750,2,1.5734075784042278,1.6400086958952775,2.035140374102269,1.710504835258671,1.9504884411848191,2.004331886098857,1.9131051709870073,4.869762409832928
8750,3,1.9497541119108441,1.970312773584849,1.8893276831688595,1.46657432000591,1.7885893739583965,1.9188898288520662,1.149440787327968,4.648276788298628
8800,0,1.7369033800961868,1.3545534043967384,1.7470817365406377,1.9569908004013306,1.4218762929900146,1.818544990075307,1.5968833712400585,4.428614957184659
8800,1,2.0017882994980014,1.7724626943424378,1.7616754587530563,1.8251804249028862,1.6611440431638373,1.5906594731974542,1.671183749874022,4.654676854725657
8800,2,1.5962896088000522,1.9168125468420383,1.615738173574523,1.889220658559936,1.372329722014244,1.378775640060354,1.709365458930721,4.371306074950898
8800,3,1.6135975202916824,1.5458788644295196,1.4054008377089628,1.434451086439791,1.6509501381164728,1.867475260193093,1.5149236535459496,4.187401788347493
8850,0,1.7640629837033768,1.6936136143628937,1.7713319996694834,2.0956083042330436,1.9503016885654358,1.517798932447803,1.488180838479707,4.672420035359667
8850,1,1.8898302850405804,1.5849933219497627,1.9392079989843225,1.5729793876866305,1.8256731652861031,1.8754360960551777,1.6235751295989587,4.669560301846249
8850,2,1.7305277830834727,1.7699243501289563,1.6863093905430844,1.9217468535914057,1.7755076422065181,1.4888961776474368,1.8018815533368373,4.613038617953239
8850,3,2.0262093190366293,1.522362877705296,1.3719377923716507,1.774441260956697,1.8480729514633976,1.7250311058966006,1.9656842967821908,4.659290582862031
8900,0,1.9549762414585516,1.8131116370981948,1.8027545110149648,1.725095289666777,1.736779855996764,1.7413547014160684,2.0611951071717973,4.8613197007430555
8900,1,1.6449922573738613,1.7719513977654042,1.7808846907033253,1.8002109605718628,1.7065550837788215,1.5209418612228385,1.7329388467363602,4.52623381109798
8900,2,1.6637339891411613,1.6272981721099884,1.627074050096014,1.6460710810629222,2.091945011241105,2.001908548738607,1.7332523204374104,4.70755408570677
8900,3,2.344969137367847,1.8428197157218036,1.5087691103460918,1.802133907759983,2.162668584477905,1.7164957901006364,1.9050276459453448,5.066710880367108
8950,0,1.587667502262771,1.5719982470701912,2.169893737667031,1.819189230417264,1.4688013737482581,1.7277060662090977,1.7396276868204548,4.602000118520054
8950,1,2.2490757747216477,1.6921945476874425,1.8711682552477025,1.583749346013756,1.7351305487348445,1.4863636443800927,1.8278744921180488,4.7426234218554795
8950,2,1.5387797537267938,1.7793905777153538,1.9227759602218253,1.8622970844210058,1.6798753335227856,1.5450433574919784,1.780646570410333,4.591201814755486
8950,3,1.6705490505557576,1.604591673137682,2.0170830926075256,1.5848852870812316,2.1857642948191867,1.7396595845194944,2.1630030468096306,4.942519331932848
9000,0,2.0390142072067894,1.7713129982539533,1.9888526826280348,1.8400717376390308,1.6876161797873692,1.8712297806175824,2.2137499650706065,5.087903874664845
9000,1,1.7490026875206857,1.458811702755649,1.3618526917111486,1.799343708832202,2.2727253567689223,2.12098155854094,1.8638716629455319,4.83914077253275
9000,2,1.86329482637045,1.9495623483594524,2.0186221272679528,1.90602118889773,1.8716554885014562,2.0984985331187858,2.214559889153247,5.271762408258587
9000,3,2.1960912542585764,2.01288512418499,1.7735985209011298,1.8158554075245583,1.654363181135927,1.8625274223397585,1.948694718901538,5.031982008723362
9050,0,2.0426135717424296,1.3756388154924095,1.791418966496587,1.6386911665643469,1.9151684787886378,1.8838632001182818,1.632736599532433,4.673519302347392
9050,1,1.761797093318767,1.8154507555243258,1.6460306058569014,1.81551018856269,1.7400733047511077,2.035453642856563,1.6150004071285862,4.710035816966138
9050,2,1.2925351860187113,1.870980698410712,1.8873912635169652,1.8026224542924385,2.268389706674733,1.6227386613141206,1.6176074171286683,4.730585149372372
9050,3,1.7094418616797198,1.6461151107492222,1.6681622920617172,1.9305221938470007,1.7061083680828677,1.637480005215622,1.4988901509423687,4.469942508087522
9100,0,2.03384237005015,2.0145973517856697,1.8606381159961878,1.6049236337946744,2.0556623526759825,1.9085848128145688,1.5446678676730357,4.948465808953411
9100,1,1.6791940816853905,1.6051464292203732,2.212784965811079,2.0768541823784266,1.7643188624660724,2.1479359015169806,1.700256809153163,5.022275512707292
9100,2,1.9312123147156068,1.9515153091143798,1.9184734913907073,1.7407583291189737,2.003069231899251,1.7320296435375946,1.6675643663554052,4.903239444856396
9100,3,1.689572101593832,1.866738538185605,1.8911842542547381,2.144492783405607,1.894268789607293,1.9532827687787688,1.6660561532442184,4.969316327816389
9150,0,1.6858489585596788,1.7398141269505514,1.7433908729827672,1.4609567228138316,2.0303902693932345,1.9746980469362456,1.6780781966539853,4.677682080481107
9150,1,1.9563371229823947,1.6629961149258468,1.9081716448790225,1.7071335409266695,1.9640847940514348,1.9615455224192941,1.759305596979419,4.893738966087688
9150,2,1.7737737820311332,1.7165359005106173,1.9519518897959287,2.015899371816019,2.113402329163597,1.6596009972727417,1.72632708772697,4.916064022550115
9150,3,1.8422689641000052,1.891612848378712,1.8971321268869237,1.6751457018132332,1.9679662459289216,1.450821164803531,1.8301071876572952,4.764917947780394
9200,0,1.534423659782015,1.8094681230982843,1.874636823598722,1.8290075403791541,1.7027081636634285,1.5815672604145448,1.8372166722430905,4.611301101636392
9200,1,1.6926712141812017,1.639332599938986,1.8206816527829084,2.06690825933607,1.5404172686181083,1.7480297652932886,2.2743098864237496,4.872424194087102
9200,2,1.691320145427924,1.8334014660196345,1.962571288478849,1.7613175480843253,1.4658904374271204,1.8961063706081447,1.694837955588242,4.668230947199183
9200,3,1.8741880272694158,2.084615554380135,1.815807994671934,1.8002766852858436,1.8800328133288335,1.588976577302158,1.5734686961239097,4.788687844108426
9250,0,1.7543215328823787,2.02329724575308,2.2335015793202864,1.8650399930327246,1.7196165559895984,1.788300277179479,1.645367349189569,4.949809285277296
9250,1,1.8111867546103158,1.9520449572279999,2.1494464672593896,1.8078910560994916,1.7631242964864091,1.9280728816608759,1.818895519799691,5.011379091154218
9250,2,1.8041889980628734,2.03359163438852,1.7735466756812364,2.1278065664221932,1.9222480836662814,1.6473457000828742,1.942485464063895,5.024505627418006
9250,3,2.077190019388546,2.352502506038351,2.0360645088691807,1.8099717148081134,1.44770012408338,2.0228927252111593,2.264295595957204,5.346541675055072
9300,0,1.658594115003655,1.4973868995446986,1.5279492277435476,1.7863444856685153,1.7250405876921346,1.5952040895340356,1.899711473877402,4.432617988246455
9300,1,2.022043463300846,1.78151071259747,1.7326911350990573,2.232731318329708,1.7085392311452512,1.8893566280505036,1.8896269829803833,5.030826254523875
9300,2,1.862947339342544,1.8784845864120603,1.8794731544129215,1.72301777217697,1.7872915604549209,2.0534941345290236,1.8535702442163553,4.934314404738561
9300,3,1.9715922373223647,1.9083808853544502,1.789695613749075,1.7248108027160605,2.0157902366169935,1.8196282363274474,1.7117606730607735,4.900169185570305
9350,0,1.8331053087668183,1.649290713383822,1.9973242380268503,1.9509956869657037,1.5696742862623414,1.877432015902974,1.8085527139505668,4.809949528953519
9350,1,1.9234333673093122,1.8469235659595715,2.0679849924271534,1.8613296409225775,1.915999619835948,2.0228196388868698,2.1154944572503522,5.204805776529171
9350,2,1.75287978256449,1.595907061193941,2.0738821553635387,1.7621630969404425,1.9044429674715004,1.8652699121863279,2.0626615032816633,4.9382608470417475
9350,3,1.6636652318495115,1.78927906764214,1.5497915335414973,1.9498639235015476,1.7544052437773423,1.8924023269977936,2.167708617317289,4.8508978219901415
9400,0,1.993706783380481,1.6926821956866782,1.927936907471645,1.9043907405617484,1.7539074004877198,1.8452292824299255,1.9689105680528671,4.9539232598853795
9400,1,2.108757328812808,1.6649445718291405,1.9649961787433399,1.8871030456358662,1.9706893858791292,1.936198675702519,1.3873140542067413,4.919185708917436
9400,2,1.8580540951553646,1.691287919711601,1.910348139410192,1.4900186605451342,2.1078660126775226,1.6981405074400073,1.7523852073607789,4.7518459250898735
9400,3,1.649246238496962,1.9763630229461406,1.8478233348106528,2.0196066336232907,1.911172140331204,2.206235822258292,1.9759742147703414,5.152069053860041
9450,0,2.027385247900386,2.215481687735857,1.6044273351996394,1.5637616678967095,1.6538542643959537,1.851234500266381,1.8402596223405565,4.856649695054211
9450,1,2.242789102771072,2.0645637498381797,1.577066425949265,1.7235895939692853,1.7838900967426066,1.867680374079012,1.845332084511796,4.982586717364291
9450,2,1.951994850998717,1.664261681598845,1.9399627169732372,1.541581677474083,1.7583404330794952,2.054358420453952,1.7863769047714892,4.81905305002206
9450,3,1.727103480537384,1.9600384160527473,1.8755360265064402,1.8137790782910843,1.8301528505683164,1.7658319667757185,1.597787884165298,4.759476344155172
9500,0,1.948939882142276,1.9947976379296264,2.028517556332896,1.8625534896627531,1.7821840062238585,1.8058102636777713,2.064736713300004,5.1050799694415225
9500,1,1.6666479435958008,1.688243729382719,1.812084726792319,1.8135052078312595,1.7576668398906043,2.0634346419140757,1.6919350980937946,4.733934312098239
9500,2,1.9161470757926216,1.7789403587023864,1.7247641454404536,1.7701329015085239,2.0474650606625318,1.9302432958858637,2.047756619659817,5.00556588125613
9500,3,1.9365269290800746,1.6845185819710493,1.8254451527942646,1.7239959131846578,1.755652756671414,2.3037839261544786,1.784219871210806,4.946243912691197
9550,0,2.2856279587051302,1.926636146917054,2.1032610521770696,1.8384424224612301,1.7864349463888398,1.7456575285563543,2.005259805592322,5.196088578454087
9550,1,2.0012917401925674,1.7390062236110928,1.8336884833138387,1.949030280971449,1.7661311936123896,1.8046161356686188,1.973009638503061,4.9456111441251425
9550,2,2.0461379560255,2.2194638806296663,2.0845201651320613,1.6835215486192532,2.1482494889893546,2.1483766908364332,1.9634981938397078,5.42014695427159
9550,3,2.333563214105329,2.1821544702317532,1.692420417962251,1.8127640297338865,1.7710295117405528,1.715425054014962,1.7996639916895927,5.067122934683241
9600,0,2.2876209657058117,2.0649467255386824,2.0465502827247763,1.6364091918488122,1.7935320092858398,1.8036928512955146,1.8619525813801718,5.128386700551509
9600,1,2.2334437208119424,1.953409488997405,1.9105520384805044,2.297038894012279,1.8448557582708978,1.9954203767974428,1.8000599940151314,5.325043426029881
9600,2,2.1245951687191384,1.8686556480409446,1.7299368122422778,1.3980645923050603,2.1454292785762914,2.006614683873654,2.0360994499788276,5.07228891030686
9600,3,1.71566617259927,2.05247796403662,2.1633713176673477,1.7987636373861289,2.331849603137748,1.9178962048372075,1.9884712096265826,5.304881569426608
9650,0,1.666798784149413,2.21743298707131,1.8151810980953043,1.6700258643019017,2.101202004305169,1.8405216680583223,1.7981523563834194,4.981467435963949
9650,1,1.692038680954734,2.3470671518490906,2.132838662327301,2.1269258861436526,1.814653340932091,1.6647963710486247,1.8933425721461605,5.205169872167077
9650,2,2.034007781364065,1.820571641995583,1.5952485837486619,2.0142057679629954,1.876111401649845,1.8217761067480625,1.7728603500763231,4.90257153678832
9650,3,1.8202124576707814,1.6596428781436159,1.4420207960224956,1.5563790066098062,2.048373960294688,2.122096815897878,2.033882512808259,4.837885521131552
9700,0,1.9737283397545682,1.8170543612699352,1.4866528381553974,1.8164545575343856,2.130023383399088,1.9800746246766032,2.129078587429807,5.069280490987903
9700,1,1.8288300717846875,2.0689982416432118,1.4832246186334093,1.9044074603606886,1.8221599038408685,2.1746500544539082,1.9126908841876535,5.015959747918703
9700,2,1.7788759243376082,1.8139013623628206,1.6275118619826903,2.132736787081576,2.083535083564326,1.9833597932671823,2.089404037096688,5.1276156754054085
9700,3,1.7486334857573351,1.8114601274648996,2.2734791665988787,2.1357562706301394,1.7612968271806817,1.9272501587997168,1.9261296010972486,5.157102302422883
9750,0,1.9335849943788206,1.8547579893935677,1.991152367054982,2.197599069066842,1.906079806649842,1.7556484929044043,2.114450194633177,5.211463233338446
9750,1,2.259729695926761,1.9537692224397125,2.3033798934456717,2.6292140426160113,1.558660146094694,1.9095585789816218,2.016929502119342,5.593367315198473
9750,2,2.055369559243214,1.997670519319291,1.984156502304694,2.2283409860094463,2.211012482602137,1.580422491009275,1.9492421492637269,5.3201004228459166
9750,3,1.798782986394997,2.0141948782893806,1.6977834356454329,2.0916120613780804,1.6576791964941064,1.9668957148881907,1.9617690655651188,5.001502553020308
9800,0,1.8111718923045115,2.1209309737155255,1.835839806936003,2.036173080055591,1.8308044382633522,2.4050627874932897,1.9583539676907222,5.316608185030514
9800,1,1.8049803980792483,1.7882920886388995,2.198328680493585,2.154655816808408,1.9885161331364758,2.0064550993853802,1.670981759250264,5.167530553897724
9800,2,2.496846268749112,1.7039727407102085,1.9481404836325722,1.73434365912389,2.2583222975286823,2.225229743425825,2.0063380372943365,5.478870594675284
9800,3,2.475749804298683,1.7658181753389108,1.9120106572852196,2.137811041431868,2.090948383876208,2.0379940264579224,2.4991616728539165,5.678447462753984
9850,0,1.8075447184775997,1.636291289050959,1.9193937418650933,2.314188014398034,2.113808652114618,2.1623637291136513,1.9972255086861392,5.302557801806807
9850,1,2.1391329228115707,1.8897932861629148,2.13274960641407,1.8200343296656147,1.889326254990951,1.9229481276196523,1.8530091438981349,5.168102191074369
9850,2,1.7046203296756195,1.9758234789463507,1.8583833570866697,1.7334089785802356,1.9374218743141314,1.9946673646030744,1.930082853080391,4.972466743122248
9850,3,1.6123270047261677,1.910085326792195,1.9094502302782645,1.89190142936012,2.1080671709243504,1.9463024502104156,2.3068126478574276,5.1987248959008925
9900,0,2.1531453233688826,2.174414828705169,1.9902084880137085,1.6060519554630075,2.078561621605083,2.3138869585327937,2.116109036591786,5.482413343288674
9900,1,2.033099150487543,1.7409393351033406,1.8787898810200316,2.0938724518507548,2.0516064891567414,2.036072462100294,1.7012139726610274,5.131015925127918
9900,2,2.3163702110661033,2.13680269180269,2.007592126500681,2.235264138548387,1.7839771838023704,1.8020686562993342,1.9328416320887132,5.396687078472951
9900,3,1.7743612054635358,2.232869647506118,2.023658248915009,2.1140982957165586,1.9550483762358548,2.189966488040219,2.0652850991594724,5.438955669568685
9950,0,2.1338474724649226,2.0940272042728334,2.033756815688683,1.9930498249147237,2.198968232689801,2.0789229502309676,1.8290693059406171,5.435949393182616
9950,1,1.8138932206955007,1.9495877812886893,2.106026635006243,2.0602738165991097,1.6023145749704175,1.8016935692954288,1.8944113152651925,5.01731835405755
9950,2,1.7801125132886195,1.8610308218677554,2.0212533425167587,2.059887206789485,2.5329812803407514,2.1306070722371304,1.527209926885772,5.314949433704957
9950,3,2.043195095468723,1.9020921384419345,2.0833928690427745,2.15509756323047,1.9582426422928463,1.9160206322439644,2.0063384946522853,5.320602928192676
10000,0,2.1158053735469444,1.8448699580080983,1.8901604414459547,2.0903260393239216,2.012166550835128,1.950571440330687,2.195056923651986,5.337992605463191
10000,1,1.984001764180982,1.8933419447883675,1.5919454369055492,1.5429142205088509,1.8019263064432345,1.991440266798976,2.196249315769153,4.94693491903806
10000,2,1.9172991850871475,2.2993410982972127,1.9675519027709234,1.7888317786268706,2.0571281425211687,2.344688217899896,1.831010865077623,5.395935979579522
10000,3,2.0657002660736787,1.9954705888151798,2.1235030882941803,1.8398287793616648,2.1947463838752785,1.6459750279096246,1.955297762777619,5.243337733410321
