gen,op_id,w0,w1,w2,w3,w4,w5,w6,norm
50,0,0.2911864169458018,0.007151423821319902,-0.32237251494407027,0.11568350274885507,-0.13334998782086613,0.01974776451224996,0.165368788436065,0.49766094192721627
50,1,-0.07000829015811075,-0.1159053095038909,0.26909674456979765,-0.19699687735226032,-0.3183033144663991,0.03379941591456048,0.07982970760664562,0.4882501529131176
50,2,0.21827714369978143,0.06450583332785834,-0.07947976213454301,-0.20249430947205155,0.24687226643982618,-0.02906004485493604,0.11136653051523375,0.4163169444253872
50,3,-0.042283474709237386,-0.10678498087638648,-0.09090258889434323,0.002421715830285961,-0.06921200798552452,0.04323495594520989,-0.10607369754848783,0.1984219305573207
100,0,-0.2135823554936989,-0.08470941450856537,-0.0992419462530864,0.13606760602916504,0.023106779635763294,-0.009102039667764163,0.18101525150053124,0.3384372267618902
100,1,0.30873801260245626,-0.06637221662419256,-0.3450631868466986,0.0973032639824599,-0.4260837046835585,0.37224034757154106,-0.078959477704097,0.7447185767389682
100,2,0.10396630830887238,0.2245085095398733,0.1521253277381841,0.056451298523643195,0.1494610000937209,0.12721534316514702,-0.11604511660114573,0.37353812621506416
100,3,-0.4435943850177241,0.27223423839194755,-0.006985767023179663,-0.07480700991363477,-0.09196256880196567,-0.2975855621380731,-0.06210698235170127,0.6143320818219907
150,0,-0.03485301146049946,0.04749380265844788,0.07834691336187892,0.003984551283992877,-0.0025800380756175155,-0.08220266257455539,-0.04833246680997713,0.13683738838434914
150,1,0.20489345514043186,0.2713357435405427,0.23563091150211612,-0.014650150483310895,-0.040558684127882896,0.15116574673727898,-0.011292804496493582,0.4426788726885503
150,2,-0.13178217247349192,-0.22883376032997219,-0.20748908897046808,0.3123457462245731,0.0042003542306749304,0.13876425751209198,-0.026993451197993863,0.47994252428920314
150,3,0.3573137797145545,-0.12408498370867585,0.12435079332745808,-0.47719960329982325,-0.4204556167726359,-0.26380479364695736,-0.13806506733905438,0.8072735962439682
200,0,0.272107374451384,0.06179865822397082,-0.023209402734857727,0.0010939465822163222,0.009756742704548606,-0.08951284264223155,-0.19938097938743904,0.35533348906503665
200,1,0.14317633771694918,0.017239617205787226,0.04621149486955335,0.11542132766709845,0.35383368681026756,0.2122576187367511,-0.006059796101110189,0.454469524813583
200,2,0.1441956962498047,0.18530933823966003,-0.020741104417579433,0.024533266058037774,-0.10182134524906733,0.033090833858384336,-0.1517019965039244,0.30106495908486547
200,3,0.02840904250073428,0.36165126209343645,0.3916680941083343,-0.2664924277263116,-0.4169462703348742,0.16313418271039373,-0.16313652304424786,0.7636041501414322
250,0,0.18916835733494725,0.06317986011400478,-0.17009473239255768,-0.15154499049920173,0.4872438401013254,-0.07180134059602387,0.04496789489779232,0.5798780631076998
250,1,0.027423829907695395,0.07593529485255239,0.41402817627598004,-0.06568957258578292,0.3149397426642439,0.36625408961869327,0.0944899466000179,0.6515444235264234
250,2,0.005546216554842685,-0.14935264134645082,0.7919328106184826,0.1565004956998831,0.16840661602539525,0.0578463613879975,0.08895194660529782,0.8447522668424517
250,3,-0.19498104689966922,-0.050332231709181705,-0.049710046756818435,-0.04104094197780468,0.1608254488143595,-0.012164560197210718,0.17686269574277497,0.3193737693086918
300,0,0.24591116868990134,-0.046906495982244494,-0.12589790845151239,0.22437506510993047,0.15262784702997853,-0.13618426944393147,-0.12180302844227395,0.4307486135996373
300,1,0.17014720035593695,0.09398665373717824,0.15416855697873294,0.3227053632516538,0.013134696978809014,0.1165755892803905,0.3709238178708202,0.5630604969686854
300,2,0.1889597270034327,7.195909906673736e-05,-0.006536189150047979,-0.038379165600528335,-0.291748930107758,0.14098158871076738,-0.05664092181011542,0.3813435541949736
300,3,0.1420635686689457,0.07624290579520868,-0.09847861643210326,0.26454797602488617,0.39614606151697834,-0.12893734104073587,-0.06549178814121023,0.5324701137381329
350,0,0.18560103129741579,0.018240571506730086,0.062466690806441474,0.12356096388412674,0.09586173202822887,0.17203735868667921,0.33422686615821107,0.4521546008138348
350,1,0.19523823230406595,0.02247304276660389,0.2029618585577016,0.42970967361895923,-0.079898622661884,0.07349256776433488,0.3874901470999397,0.6529934809435002
350,2,0.37280554621411394,-0.09026437587907282,-0.332845044754033,0.17974936669594893,0.19630097016787904,0.0007940538938372155,-0.004252795874624002,0.5733934767408323
350,3,-0.17497752996073218,-0.07110168338970482,0.32129200744707376,-0.11833906291636037,-0.07762884644700457,0.02303552169066797,0.2335815333232088,0.46262563591221
400,0,0.08695411261697227,0.1940201156802006,0.2500090737445155,0.2543870604017993,-0.04905653891782512,0.15061266856817476,0.026455963399588625,0.44521093246600096
400,1,-0.08911083165999963,-0.3120175574862024,0.28560685335244596,-0.24298041881745147,0.26716467727696436,0.16583919600708785,-0.14413485095126216,0.6046163362702884
400,2,0.22128356386736014,-0.26811770555718173,-0.03175347819943973,-0.26757819729913096,-0.47688926205695864,0.061979560915292484,0.2603189038157193,0.7017767883301665
400,3,0.3564555654659221,-0.002204795395634798,-0.08330100784191073,0.15647316982205667,0.05050053943560165,0.36320933308275255,0.14243257902525724,0.559684469809104
450,0,-0.28073445933990465,0.16332516606111258,0.5738968198366169,0.31695021685005476,-0.038740757651121296,0.384184756977373,-0.014844386348736513,0.8274183197832002
450,1,0.014001768624040942,0.05320506443217408,0.3590506964024679,0.44281316684019806,0.2638412195248773,-0.09172606198968668,-0.22206489349712827,0.674808423341304
450,2,0.21127086598303219,0.2908563036080312,0.1106969682069877,0.25460118289619776,-0.020353165705259788,0.11907491427142203,-0.006915163826589785,0.4700523963536729
450,3,-0.011734726696247963,0.23761307816682325,-0.07991563227476463,0.07455413928545114,-0.020847131261737442,0.21398643905395537,0.010457743044594167,0.3389346103062379
500,0,0.016426181178089305,0.13605226781637353,-0.43178482296619947,0.40010302089761385,0.3496322877328526,-0.12713952198406223,0.29137532363964236,0.7672075166362571
500,1,0.36990796299435125,0.17925584387653823,0.33008888276746,0.706301405198846,0.19181788849324594,0.2633780640390735,0.11952433900720538,0.9472238799466267
500,2,-0.19083852909979845,-0.057364628831907516,-0.020004574135524852,-0.02133918253442843,0.1470107172506971,0.22816681848475726,0.273274337195084,0.43464548765748334
500,3,0.092137995412952,0.32321709384430564,0.07029569281733958,-0.048354008509084084,0.13444173299514525,0.4435792176610436,0.14343741511774677,0.5963637216385856
550,0,0.4738076842370059,0.26492255104774437,0.010531353065592636,0.02907478553037933,0.16108364348080415,0.024392470173388706,0.08342550684059084,0.5737043491525305
550,1,-0.04485453530063742,0.36037127722456924,0.15246607731707182,0.16685333425680662,-0.2874177382967997,0.27986339135995125,0.09239682077242317,0.5936623394410029
550,2,0.3429918433387991,0.31207858624552093,-0.005457768032432531,-0.053361782498400415,0.29945282540135626,-0.021574213864722677,0.005793433201882359,0.5550537999746091
550,3,-0.23110792872035069,0.09134259987036716,0.3448057251212226,-0.3392667361499262,0.18183004167759836,0.06216744376921805,0.33652505895638984,0.667774903713491
600,0,-0.05362414959365726,-0.12170163610016903,0.3279160357033846,0.2715466846958398,0.053672656169853186,0.13149859159321664,0.18598518398984196,0.5037027778014416
600,1,0.11217232642737529,0.3704359495218759,0.1479570253804348,-0.5060542491935341,0.07864705656265576,0.1331873485897732,0.3455294670536448,0.7557132061392607
600,2,0.3949239148692885,0.2013520942032473,0.034845419632125146,-0.06794491628844633,0.10268429919979524,0.035359298077329585,0.2849289640663638,0.5434308963622763
600,3,0.08296575197933106,0.25311934769754013,-0.06818171011281111,-0.08393040714628462,0.13687526990143797,0.005336544582991293,0.385070505551979,0.4996882943222775
650,0,0.1049450797661354,-0.1765250903363762,0.49647771600629587,0.03228775889315452,0.3176100696869393,0.18486964704976955,0.3409903183814743,0.7355505007457374
650,1,0.3472573015217978,0.17791019054157492,-0.22504368533191832,-0.025847840259430988,0.12662508251482646,0.10395100882726155,-0.23762272390477068,0.535590070097088
650,2,0.13195377163225047,0.2465047801628777,0.08756742410553287,0.34305870742078426,0.24845164831668035,0.4573136067025059,0.29558485738540397,0.7495119074003438
650,3,0.08076500783069304,0.15108988420852437,0.11066398883165482,0.19203280954334823,-0.05696689887765019,0.04833542166326327,0.23067893488389016,0.37049773213820025
700,0,-0.07285992701764704,0.25623504676280373,-0.22812150398086117,0.07202541086775985,0.1745211499149928,0.5482562345121622,-0.3311499150816118,0.7542511818031032
700,1,0.04909550094099954,0.20755476517423782,0.18275526623438598,0.42257195197090275,-0.1530171188693204,0.10363674612456532,0.5333636062326875,0.7590042430421411
700,2,0.1904032084329634,0.15988066837748352,-0.17599364236508652,0.2792389757025351,-0.02003547791426158,0.4909164867781673,0.27723540437866834,0.6993019837048966
700,3,0.2804906939268239,0.07794987592234962,-0.2937076175906802,-0.01333061728419574,0.19137325680803086,0.18638040261566893,0.1878176306019192,0.5270957434747906
750,0,0.36729751937196997,0.24383731414284113,0.2523961410814214,0.2811362363155854,0.1961857288453936,0.43389089434960226,0.33700284037105643,0.823059269875468
750,1,0.031665366398552525,0.3845007787040718,0.32906900982683823,0.44516744864069613,0.10308826609832726,0.34535226219103743,0.4195211240902619,0.872466253775158
750,2,0.43418711827735423,0.23939775953028142,0.09891128211378736,0.23506539586884134,0.1215602078418326,0.0463200975861988,0.17059063055545634,0.5974048223899207
750,3,0.11336868797591546,0.6114564668192989,0.1355287037505983,0.06571331051679787,0.21509872872238842,0.34614435666407967,0.16648641398871902,0.7766716447374115
800,0,0.17207331524340724,0.1981099288672035,0.13956059859043687,0.19209057208245106,0.12941150526905174,0.07572529465387448,0.021100902952991635,0.3849150871924343
800,1,0.1480766310949418,0.23021727115093832,0.18897831435941786,0.4314250181919881,0.22931822968087806,0.38086596065731937,0.15825434415034537,0.7207337914421295
800,2,0.1891081201608089,0.35422642780834734,-0.18772820027919604,0.2671305516928511,0.28890569948180334,-0.20960826934543933,0.2669272969706225,0.6830015839919504
800,3,0.08229481729507712,0.4599170592689985,-0.1626886001586582,0.1887406546734806,0.10796020249872074,0.500636250279951,0.0348738580006043,0.7374923729085014
850,0,0.2894417220165249,0.40085182356092364,-0.0401701905886499,0.19337113117506877,0.21461937116092517,-0.09903434675816339,0.06902027859443152,0.5865985072027061
850,1,0.05845461571094422,0.09267269514256986,0.4179254997560902,0.3830893756499575,0.10632299039471685,0.37685564349814504,0.09463115314462936,0.7040626201365275
850,2,0.27042401351701534,0.3343467188937794,0.5826686705889874,0.3410838711779343,-0.013786563752903047,0.1807845681911397,0.35528276528541763,0.8943471558239414
850,3,0.29296359719759374,0.3040620185383566,0.005232008092876855,-0.11997528356579737,0.416217466156436,0.235754151273117,-0.11920441352514974,0.6600981094928373
900,0,0.4360660076438909,0.329812529199543,0.04139905483111039,0.2917725648934825,0.04872602278337976,-0.17295881633237445,-0.09141147636958016,0.6530084335292775
900,1,0.4214646776308275,-0.16157098382430926,-0.2890162217986464,-0.1062588299839716,0.2936946618945612,0.06670013649778259,0.16036496244503978,0.6441904660354125
900,2,0.36411560728390513,-0.02551963064337001,0.03382585321157411,-0.15573858676434507,0.5140965638623882,-0.0859593789186687,0.32490388493040456,0.7320361664636624
900,3,0.12312442284757594,0.006971074374379799,0.4118259726237884,0.26515958187459054,0.09862144661023553,0.21557210919771375,0.34449305183551343,0.6557373267744571
950,0,0.19960426913907434,0.36218741914684793,-0.0699696127330438,0.07782157560321097,0.31924899324591427,-0.03281106544183188,0.3000736385020073,0.6123840375205483
950,1,0.1199207104769547,0.19626266815365442,0.027600088103660103,0.09107753091552802,-0.000741214242921423,0.372073522176698,0.1840386261151815,0.48401070692597187
950,2,0.035582954706183334,0.32342055498698913,0.24090313863931578,0.09735248816883252,-0.10989199862186327,-0.2307602025630789,0.47219340703264334,0.6794644709665155
950,3,0.2575043522131118,0.15144731254207147,0.24853690844656587,0.1845055946446093,0.31201716024332743,0.07963442323185546,0.3844523529736792,0.6607250945416154
1000,0,0.5459009257319203,0.3325411139544353,0.28013868913340784,0.2922645137277876,0.2104975153603782,0.47935708956434375,-0.08088131644912766,0.9236459575822239
1000,1,-0.11110543804785405,0.44654607056534656,0.2868537186865816,0.5347088323740217,0.3462162371363465,0.1475598335154969,0.10582896808339703,0.8560290653090208
1000,2,0.38109498163150146,0.10020066615459128,-0.1740759068596574,-0.054646793100850244,0.2525137207567041,0.20938372086872808,0.41489784441909205,0.6843297413576257
1000,3,0.3763000980508833,0.2388129103334811,-0.0034137721534230336,0.21558511185492127,0.2985569225600696,0.029262477353838412,0.2713474946407346,0.6393308655665647
1050,0,-0.08476395057380437,0.4301374844996655,0.6529416279787292,0.34881223414908724,-0.08572812966585297,0.1243962043827851,0.20445439691778583,0.8971238796442962
1050,1,0.04103569981810354,0.25159049692083296,0.5885004359374733,0.536457119239602,0.16512919086434494,0.22226440934423536,0.08820815207702498,0.885183882654548
1050,2,0.195867294374039,0.24906048694159463,0.11769293376411212,0.07786079546793712,0.47231726751286224,0.18627070187325828,0.2612867382785748,0.6681019296913635
1050,3,0.1746729029038182,0.3180267717077456,0.41659284934821,-0.0999195073414787,0.04604360574642491,0.3231047909220516,0.37363793661504113,0.7492043698697851
1100,0,0.6478678083977337,0.3174268589926903,0.4752137425984898,-0.0471927754420238,-0.2442446681584157,0.27197152752931497,0.31304924768334264,0.9900361449775373
1100,1,0.0010731989989375412,-0.024857656791424376,-0.0009724712987421724,-0.14927239041888504,0.1466134403317372,0.3958331767425983,0.08383269067549148,0.45619028027894687
1100,2,0.2981403665595187,0.47234343503398,0.2986176993686333,0.12602354861158482,0.2648328151233309,0.15420090960420946,0.5668809900673155,0.9123151107821408
1100,3,0.11846892150377775,0.04634711744749903,0.33594349583893235,0.42869528444411403,0.11615533961893657,0.3515146705521699,0.047105403529984186,0.6723794803057102
1150,0,0.19953938699313514,-0.09487698453034618,0.379781056083631,0.37333155508653065,0.22059733174599283,0.3633175955070692,0.2310767963211333,0.7526533421934839
1150,1,0.42867163318509593,0.059363988636230325,-0.011494331026092847,0.8267101603071939,0.15457190699158813,-0.06842017988966628,0.25979076164685566,0.9833261393502502
1150,2,0.21029300888030356,0.28788764072768136,0.16768461433652043,0.4607426297926195,0.1406310203456546,0.13758647335943422,0.3857258838083032,0.744980485003286
1150,3,-0.046954670645840385,0.06284240789889262,0.4049497955019573,0.11062662343084873,0.33117136267676306,0.3758169697765126,0.22771182587837,0.696521383655106
1200,0,0.12069830654265072,0.47191775352605314,-0.02991129798296213,0.07122032515530496,0.36447529486655916,0.37866544343697706,0.6324372966980026,0.9588785953569192
1200,1,0.3287856735851433,0.251022534941814,-0.024003389249153767,0.060618448961165555,0.08658299637063827,0.3716933311751036,0.48825910748951373,0.7479388979056873
1200,2,0.43447919626406917,0.2800357239139679,0.1420080866189438,0.07817472874820167,0.34206261947444583,0.0707610974895613,0.4536478264705776,0.7882132215050989
1200,3,0.054247626540691596,0.4539014274646369,0.612551008260589,0.08049089962360939,0.5293944860907581,0.7729625939461698,0.4069315187996138,1.2782761000734018
1250,0,0.19233795047005858,0.26517602628800274,0.023704745071721323,-0.011429894789813433,0.15178491418230838,0.10982278126201278,0.13688769518914362,0.402296798513722
1250,1,0.08071814227880905,0.09657201057969023,0.43009246332926115,0.11498549317635895,0.2233822718647901,0.2961548037679322,0.3466099624617544,0.6868686451061982
1250,2,-0.10014091364063366,0.18769239949960534,0.5183137906835831,0.25110778273271644,0.4788738941604236,0.1655095996090683,0.14265739377170322,0.8087185602206024
1250,3,0.2614475856905488,0.5545214440374363,0.29757523543717673,0.5336569777897995,0.12534079663887882,0.4268530187320677,0.459918581312441,1.076396106918457
1300,0,0.11373785959016497,0.3766331890975382,0.06938590764532876,0.20494524927777646,0.4961324010973023,-0.06114210389583091,0.06349230123694574,0.6749242978430812
1300,1,0.11316881508244483,0.6981248924690555,0.35903736904854877,0.3680970046820143,0.49494962226862915,0.3539340040107897,0.326366216925531,1.1141580223426661
1300,2,0.24070124908471524,0.3150379359122254,0.23635859126731462,0.26751370947522346,0.39178526975987016,0.1627729411766946,0.21768008728737123,0.7155349811011372
1300,3,0.3089844586366407,0.2599253706273567,0.5958915789431783,0.3757216739386354,0.25687025183016554,0.22080282671854662,0.09948990794558077,0.8853929073821432
1350,0,0.28977561509125765,0.10609085933063586,-0.014254654216221185,0.19005209901208425,0.5623923265640559,0.4763720574520669,0.4786668326957799,0.950728970770855
1350,1,0.45718373689850855,0.23627434041423614,0.22659800953745365,0.39727391413371554,0.27733409101858525,0.6360322254687318,0.39214773891860993,1.053207858409211
1350,2,0.26580828876683815,0.2676954368627065,-0.050063604507525006,0.24476495556718764,0.3146266558413691,0.29923510480717813,0.3914309960624498,0.7392434960536961
1350,3,0.6854506239589815,-0.07745462738354997,0.5557277768291191,0.5427140205448973,0.5909744126631153,0.24814754625084787,0.5411702168985741,1.335255335887187
1400,0,0.09419552310789006,0.24349583941494965,-0.01489295135927221,0.5408601805666102,0.6610757528656204,0.18087006633051356,0.1561054337550157,0.9246721547001341
1400,1,0.0006402343058569127,-0.10369915866224755,0.4480501024353638,0.4088501119256149,0.32151160452682465,0.37901267935250715,0.2279129069161495,0.8231803264264164
1400,2,-0.12942909131862912,0.40263073495337004,0.1476374413458736,0.5519348713980334,0.4137049116348942,0.5405503663108264,0.1402456747355457,0.9941366186156758
1400,3,0.3803798860981583,0.19479789200126463,0.5704753678917379,0.3199253547826499,0.18076313741562272,0.630283735226405,0.28875681517636653,1.0600673806557246
1450,0,0.2804720076400327,0.4173702814536495,0.25974629950121136,0.4365261635397333,-0.15124904903038283,0.398591653578391,0.5515861628804397,0.9984410882399313
1450,1,0.36167095103427815,0.07523214685703183,0.053282431399335445,0.11968320314555805,0.3583933643179477,0.44620286061810266,0.27676396620595195,0.746839961942803
1450,2,0.1251743986276134,0.11912251926285652,0.18564484299412864,0.21250286574398455,0.26898856045324104,0.05913162128874494,0.673248224981128,0.7991212968493687
1450,3,0.20054018895193226,0.2783626189001412,0.38872330924247556,0.4577430153321709,0.24833680234834063,0.32611821885135006,0.28476364650584857,0.8529074912663829
1500,0,0.46807394521453827,0.4057441069021681,0.3309558241853643,0.36640839812271364,0.11013010516245644,0.4497490602122648,0.30126563389167577,0.9657495584470488
1500,1,0.39211220730134505,0.3769555566578854,0.06338242865738478,0.4013854588404798,0.3121759793993498,0.3991096359960743,0.3023802559111075,0.8995283522295499
1500,2,0.13129753602680472,0.44368152698431673,0.20196505306363083,0.4029506486783333,0.3711697043314196,0.26015775438055583,0.4271530291032399,0.8973071743461156
1500,3,0.5003325971468807,0.31039123789252243,0.4425523628612654,0.28135260264424244,0.12803931612744374,0.22838702700915375,0.14016026701102727,0.8425478682223576
1550,0,0.2520362900547567,0.5681891565484327,0.03292298326890325,0.7003838791084633,0.26876539397380106,0.41376288936932504,0.4152028141129436,1.1374579783581371
1550,1,0.2292934319346046,0.4732482424096163,0.20596728542256737,0.2257324226970186,0.014568406260173195,0.4186169838624953,0.1635093636726181,0.7563760677340773
1550,2,0.4186264348576083,0.1352781971109517,0.22485960412463252,0.18509575234233966,0.5316655134761715,0.33077273111307537,0.16147916563261763,0.834580673439503
1550,3,0.7140730362313927,0.6233941522653599,0.5638963227199465,0.3374646377828417,-0.18423930115145415,0.6346300018298374,0.10318430468971093,1.3333148070609446
1600,0,0.5136617742378679,0.4143563040517254,0.5315456741664388,0.15356445026143334,0.49880561465963696,0.21461609076757587,0.4447760258971879,1.1110154049224434
1600,1,0.531446824677652,0.38125403191283086,0.39146331197181555,0.4583098721208502,0.6122070036002196,-0.00407130555875157,0.46751965436188636,1.176635222069224
1600,2,0.028929950714358332,0.2237234465120861,0.4198084452910975,0.25618600417019993,0.6233909448968209,0.29196644316337284,0.4525654976216169,0.9856143900067244
1600,3,0.29942428079670574,0.49457061307804995,0.2805958662695288,0.20399412379455054,0.5856862505548746,0.6265966978818305,0.318661574333343,1.1365736398506356
1650,0,0.0265903397797157,0.4380203246302412,0.5682678124053174,0.2824678179942816,0.20093847252557237,0.5805340176625697,0.1995776107390897,1.0062367832124985
1650,1,0.39242596799932666,0.4096403121043993,0.16538748000000697,0.16929646960912353,-0.027421785347011618,0.42912074239745035,0.18713184908277264,0.7731316405584225
1650,2,0.295935983041072,0.5665278357059216,0.5982595551768157,0.14022995130142596,-0.14473431632120876,0.27986410001267753,0.11671113547374937,0.9481583492386325
1650,3,0.26477429237193834,0.2110239999392234,0.3343515309186331,0.13673009279964018,0.3543979665695173,0.274245206075295,0.5537711499859332,0.8675214448511775
1700,0,0.43113166553651217,0.45238858711417507,0.30349170806379205,0.4074821418714527,0.5195416200422349,0.28192419499777877,0.22652995914877033,1.0244019858728655
1700,1,0.2159060745077947,0.35770363970038777,0.031698793367468225,0.4335451243414849,0.2178786410606594,0.23006700825891324,-0.21682213243214105,0.7148057658116397
1700,2,0.2112158127202461,0.6619057800293089,0.6773322942516745,0.447978424599125,0.6385879842268386,0.09295951135256664,0.690890255030667,1.4268708826547614
1700,3,0.7085931611507714,0.5840387997125249,0.17182393753915762,0.15016541376451925,0.04187763464680011,0.40061049415857697,0.3679262253218028,1.0921954569558325
1750,0,0.0031885386227000767,0.3043073907693635,0.4815601445170257,0.3157432169011772,0.36698255915467004,0.16405024220895603,0.37651758441459937,0.8529720269315413
1750,1,0.3196044970168687,0.44847157038148966,0.4022990866666098,0.5121723405861022,0.2923511230946544,0.32737500550062004,0.12054588965555976,0.9667542244346113
1750,2,0.18777934104790708,0.6675567168278764,0.46977777151435923,0.4236225226147204,0.2798979099973831,0.3132222087895504,0.21507876405751167,1.0505951238370905
1750,3,0.3075395597341978,0.1614920659667778,0.25361090233361033,0.4106430934463334,0.42028738673557686,0.385041285287774,0.17634375952918963,0.8423787203504931
1800,0,-0.013306917387219175,0.17542529357167147,0.641939790465781,0.19339688087727622,0.47441946118183187,0.4306744778579629,0.29841163703791024,0.9899717126955203
1800,1,0.020829897393896013,0.1251653480300314,0.4512434887001395,0.3011995093852645,0.5853913054210307,0.31727950348399386,0.6123742328285173,1.0624469607218137
1800,2,0.19618764641197714,0.33327428563945644,0.1759584750820184,0.24457245909309427,0.3854199243541693,0.4398916858727501,0.5156525516575936,0.9210261571710787
1800,3,0.7166990998753313,0.3606065486515452,0.794093267318707,0.4487880681732141,0.45539371489400565,0.4629239652227678,0.43747780042169215,1.4452537455520984
1850,0,0.07922182183697651,0.36390171799262794,0.5800304928428954,0.5840104906567115,0.4238472005759985,0.04764072550322851,0.26520810797176814,1.0336612655673862
1850,1,0.49796588210955484,0.26855924903037137,0.4486521555470154,0.29987010446393436,0.5407806181714231,0.7151184390516359,0.6264854659044506,1.3444802059026861
1850,2,0.3286990175552635,0.37638886284269063,0.36405722289058506,0.48331628462385506,0.5045988250446892,0.16830514370130445,0.13406496715220056,0.9574778972830338
1850,3,0.43963694373386686,0.08465821276956159,0.22349012603721413,0.0017795770520012133,0.4706280137454348,0.6614082689117149,0.6258253289458431,1.1406172129476841
1900,0,0.1898464852630966,0.5009221929061789,0.43088072477709005,0.2269215458956182,0.3465184762995716,0.06069744685212086,0.28746501181268397,0.854699763529032
1900,1,0.5485229377159483,0.4421576711610595,0.3523583705605026,0.075577269907395,0.28468553104345695,0.154315121564088,0.4252452061549814,0.954956364492347
1900,2,0.36755541238044875,0.19434798274124643,0.41521448172821357,0.5431278346696798,0.18533833023681087,0.2639628170962953,0.28862747685605117,0.9097205703160886
1900,3,0.312780275747996,0.2603620769826306,0.06580822590790192,0.582206016162157,0.19823953522596516,0.41514073170088406,0.15943510869091823,0.8636983120322129
1950,0,0.4778536284496725,0.25131020877229554,0.2689944400848299,0.544240240952636,0.7313243948711257,0.770662138570817,0.4969393729503151,1.4268008279619278
1950,1,0.5682348343338415,0.27079012050384954,0.38130073911721246,0.668200552239057,0.5253935212251443,0.6338584090398965,0.48945832837381786,1.3803929288602024
1950,2,0.5993173761668174,0.4778888019727991,0.17602547517744915,0.37805613889219614,0.24225539143858602,0.33887566085806603,0.31719326512727736,1.0176474793056556
1950,3,0.022020245585100073,0.7148058803359746,0.3600138526939805,0.455454533406724,1.1308761478502598,0.36989504959218145,0.06810969272982315,1.506261359673019
2000,0,0.4876591626127216,0.6589720372736736,0.5375220057114026,0.5007189245929418,0.573967166076274,0.6697495319334205,0.44178116132685585,1.478133380524318
2000,1,0.3735731038115267,0.5533962134686822,0.509578189159287,-0.00793862164464787,0.4064667875513984,0.12531292480969047,0.6805821979347326,1.1617434709115917
2000,2,0.4133738080855235,0.3388478858609936,0.420134372672806,0.3991021553242655,0.41907113787556394,0.23596871049464455,-0.024376106612139903,0.9237896199652983
2000,3,0.2366242478877154,0.19510079719815598,0.3879652153571914,0.4016928364687391,0.26523693124411873,-0.0678049121196776,0.2197038297627121,0.7274251903591141
2050,0,0.5080619683984415,0.1992039426930266,0.3823952703296103,0.33957657735997754,0.4274928852767066,0.43540494911475375,0.08601691262679778,0.9690583651736303
2050,1,0.11389763845082518,0.1812900393911841,0.08465338083210777,0.7122923162020296,0.3203061389529973,0.536103428447692,0.7248685352852053,1.214826156750321
2050,2,0.6412701194704832,0.4910952250394142,0.3149845453708022,0.5599632339261399,0.8286170709414099,0.3967552408634953,0.524159901875461,1.477816141303084
2050,3,0.8147495740308164,0.7176831608770072,0.6747729663960877,0.4451573409503734,0.46052664367261914,0.5256739677795941,0.11111052291133794,1.5274596755416923
2100,0,0.4585830023653722,0.22595023520998087,0.45919737410983275,0.5586896992267618,0.27615598818744924,0.2422407073248622,0.4944438287532644,1.0787797166940818
2100,1,0.4842641568246536,0.4316930809267482,0.5059692500325252,0.20773652659281971,0.6893259714240043,0.8589203267398755,0.6478746811649082,1.5338468180446048
2100,2,0.5370883800110078,0.4321662442655657,0.49259259933184174,0.4443501749230047,0.16277419764496143,0.17992286791123913,0.30330606267702953,1.0325639849273587
2100,3,0.6334715175004122,0.5238393017304187,0.5772462696651349,0.30742559072695974,0.26793341228241696,0.21424221054898598,0.4021288881566685,1.1759307837139716
2150,0,0.5095348976428431,0.3856573229052809,0.9054454018093951,0.4303223515232357,0.3841401269450716,0.32267749099905874,0.47295931662946855,1.3743147383398289
2150,1,0.4974727523551624,0.23678004261813862,0.052042675732011934,0.4322936436271879,0.3996601520594931,0.6638385231512425,0.004873326267942513,1.0457359770078867
2150,2,0.4630979127401273,0.712651257478843,0.3320065337823193,0.5625292947385704,0.44510898438731294,0.3862440718240268,0.17184671902164284,1.2352476769149072
2150,3,0.21934370841172238,0.6499173545285136,0.982179447954852,0.1555270017470906,0.40203783872180454,0.7726867550721115,0.469237419523896,1.561484020892913
2200,0,0.33863284736163896,0.08489798904840995,0.6495959217440361,0.4046278969943345,0.5914406546752029,0.6396111383111017,0.5577303670648311,1.3332464472218868
2200,1,0.12193871811405887,0.841835415107123,0.4867346771295459,0.39200657795858984,0.35135408290545733,0.7591960877253301,0.27720427753856053,1.375065934006274
2200,2,0.8454826117878256,0.4199102458423538,0.2153392923233715,0.44987172005990284,0.7550172754742221,0.33455960919168903,0.37994215823104627,1.4022333253404062
2200,3,0.3386730019451766,0.5185135554108731,0.7482466993181109,-0.04594367111518477,0.5908773377733434,0.5000456997923095,0.31507441109729833,1.2821830087981096
2250,0,0.2935448424602527,0.6203129248091739,0.39747832121523385,0.5168027318927588,0.2832311153715922,0.16126942265726368,0.4115832433428973,1.0824320931807814
2250,1,0.7427520913052166,0.7025252877696344,0.7260476894757266,0.26939541586993004,0.3297044744988375,0.2032592431256935,0.19465787744972007,1.3538288799743743
2250,2,0.2471543328494224,0.39132077526380304,0.5835817347131561,0.13746585193175498,0.24191984783652448,0.16483430936584992,0.5912381516942466,1.0044599689771812
2250,3,0.6983173508642626,0.6031163113758871,0.09213746030463471,0.4014870961105047,0.44321984367256556,0.3683721246931084,0.5549542494782016,1.2888730265586033
2300,0,0.2527657146610144,0.5231824006539896,0.3319418728919675,0.6397838575586967,0.34846574317263573,0.6685284844031376,0.3933017799321091,1.25704579111298
2300,1,0.4080114402802528,0.865994864940201,0.4966800974143344,0.2631638168927333,0.590171961386744,0.40947235887142946,0.38018950256629347,1.3758202534269666
2300,2,0.10503596618589783,0.6694366343889815,0.6235862789689437,0.5614272975036285,0.40932037473424554,0.08234435827941416,0.9471150719210577,1.4948542207614344
2300,3,0.6207339887913705,1.0975779786803863,0.36533138927230013,0.28829357110995746,0.8298485025757065,0.4909672709303854,0.6568419194746631,1.7798053311491855
2350,0,0.4577658083301441,-0.06573329895999219,0.5143371204734822,0.30468543003273246,0.3753880486806904,0.2798540097916364,0.25510231433778674,0.9249637459429138
2350,1,0.34505614568152715,0.40734096672883985,0.5745770438878535,0.37077871013669583,0.12095866013164053,-0.2399938029280127,0.4422401732919625,1.0101536674584268
2350,2,0.2872040127248915,0.24674977195669073,0.5020549053254629,0.2159696719472266,0.44119623519249335,0.7000185742000345,0.3588117718780381,1.1204907995426143
2350,3,0.48953818967051715,-0.14699949178410582,0.5157697785875445,0.46319274518439874,0.15437429189922885,0.5136275262235475,0.5150442912784162,1.1378654371667907
2400,0,0.5127290799754898,0.5095670378850166,0.44250369809760737,0.5982965315090387,0.5043266812439746,0.5624032500154379,0.2325442461747112,1.3042383146759184
2400,1,0.5909915244109641,1.1571430767274946,0.4641117042722248,0.5991556584511082,0.4589064024250629,0.5345595863980871,0.5137926339620523,1.7386690793106343
2400,2,0.46672292420516454,0.41392660701940664,0.6709715516056096,0.34722639309583436,0.18570077296005827,0.23090802904887697,0.33886365273980745,1.0782237176063998
2400,3,0.3709435521416813,0.4654617053274151,0.3211772449078618,0.6357302675643055,0.411505607079774,0.5499887935868152,0.5372154556916784,1.2735723368968772
2450,0,0.7585967758395112,0.9151972083822539,0.4455046786284176,0.5723317053142344,0.6954287104185489,0.4621699546671581,0.39640317673913505,1.6713619102195698
2450,1,0.6228996476377701,0.6010494969060162,0.3784653872452045,0.3307617835194446,0.6455434554118846,0.342958688491081,0.2540039576861723,1.2652149623264566
2450,2,0.09936681009600917,0.41965842831376,0.08359618403443408,0.6461522142844323,0.0637321443052441,0.6326341708368344,0.9563461333526526,1.3890189604609249
2450,3,0.07494648377205326,0.7861233447716076,0.4141842979187358,0.6268718630010048,0.6779425710308769,0.9472190722104394,0.37118170164319364,1.6379040905679976
2500,0,0.41872593284923054,0.26452237326891703,0.25385370262623197,0.8128058777665792,0.42926811335094545,0.5443096937499619,0.5330234253288129,1.317215516864474
2500,1,0.7177721096888763,0.43289296470778876,0.17480519847204162,0.03674729858833348,0.8145072573023407,0.5627985571041186,0.22765006379362673,1.3290933681758443
2500,2,0.26970969577439463,0.31117118077681905,0.8241323712217106,0.5256800992136704,0.14937081813242692,0.37175877867779417,0.7329298472417874,1.3501136794940622
2500,3,0.4986654842663944,0.28180035531447933,0.7568679880655397,0.48691589440345506,0.6519978185458675,0.47853722258313364,0.8766911973216138,1.6002191816380822
2550,0,0.4778265041271511,0.6397652028090718,0.49417227183476287,0.6476240150804654,0.03225359230243641,0.6962587599293086,0.5302359636644168,1.438126390164934
2550,1,0.8784738385874011,0.2585817845908704,0.48650911805741714,0.42093660341602324,0.5342883796960193,0.4439798843952718,0.437469011358218,1.387955660955234
2550,2,0.5379918940911611,0.7172266616023715,0.22959921346915657,0.13402344297042867,0.6729448053751038,0.6217758451516768,0.32139430574762495,1.3480658948192397
2550,3,0.7277144910457051,0.5227794364508024,0.5949109704895035,0.5900983997908915,0.517244566451496,0.17184389270590444,0.47681031981899863,1.424577919935611
2600,0,0.4034123358593541,0.3767779138690026,0.416514146296153,0.2170197068656528,0.6873698345731988,0.20226403276210314,0.5655590953923086,1.1655598719701994
2600,1,0.3808790480018455,0.5892511674477086,1.0176747586917017,0.3848257010548647,0.5815857364560575,0.796134524707667,0.6291422195802125,1.7446863915772413
2600,2,0.5298546498899588,0.7658469336896364,0.5380293780674767,0.6118324696051554,0.6895636460073704,0.7927729140945013,0.46754356926267826,1.6892797171440848
2600,3,0.2989093846146841,0.5050050881511768,0.5109634178984687,0.6245450108998982,0.693246797083501,0.5884907679451238,0.6378163898087958,1.493063728402658
2650,0,0.38954629087764603,0.4459926760509522,0.9024540146727402,0.36626095693711946,0.597211845170676,0.7214209942171266,0.6905802343154952,1.628876120501402
2650,1,0.5125259567651064,0.4594513681814584,0.8700176016270786,0.5547060103687708,0.08083106411770391,0.5894957280379123,0.2602686221906618,1.4000665809740438
2650,2,0.7316143024734596,0.2835822622267812,0.5953596783077235,0.2762687810490864,0.44340742362117797,0.6836733397998653,0.8128229164642913,1.5398559820240978
2650,3,0.45473493194625186,0.5753120561414499,0.5071392737023783,0.8443228650232355,0.9653927188737432,0.2926865076259043,0.7293590820007648,1.7485572131056994
2700,0,0.3217466759747649,0.4514532936263621,0.6431448826193272,0.5055986576877285,0.6605070183830781,0.5958391004124254,0.5873761559220413,1.4535820740437424
2700,1,0.6746264483038186,0.6639344375494108,0.5589414999749408,0.46834611802626475,0.6533107443389546,0.5298723636200794,0.5373478021180874,1.5569251040489307
2700,2,0.681777143183867,0.5189020624866104,0.4615207180997484,0.6451829977685155,0.5116528355076967,0.6085800223059494,0.5274369945145243,1.5078759723800825
2700,3,0.749808368717281,0.31120086138812453,0.6119551195614166,0.37582627845236843,0.4243747425251492,0.6310264478395711,0.7026492529269197,1.4989320526511658
2750,0,0.7316066522850334,0.6015102034434218,0.3089702894505457,0.45886393398847736,0.9781768907837358,0.4384255134411378,0.5396701825631254,1.625845144729342
2750,1,0.5177359520571093,0.2852371869230494,0.34405393602497114,0.3706279439306329,0.6584197553738489,0.8153482212436793,0.5310261978708446,1.4090589311841204
2750,2,0.5308953166616014,0.13552264907694395,0.22206046480116415,0.24323717947973567,0.5646970558734477,0.3282366758416308,0.5151457209140556,1.0491370717074038
2750,3,0.41091372134634274,0.43898852776188263,0.308907870850021,0.34985045615047605,0.3588167295051845,0.6734543935700376,0.7777439034606052,1.3291186076497303
2800,0,0.5619656979643711,0.23962985556527372,0.40360084070491475,0.6441629534424859,0.7039951217428881,0.6875007119025645,0.22259020210575065,1.403167923290036
2800,1,0.4836289171058789,0.49464300895788027,0.7948162349886776,0.6904520452374032,0.6012445170137888,0.16277346719325747,0.8056752390992675,1.6199161310712729
2800,2,0.2553379684301189,0.5801790892215279,0.5930839488718649,0.29191042039482124,0.5712714315469312,0.5700826672036963,0.8889306441293336,1.510069039367545
2800,3,0.4325278196616542,0.521237349359655,0.9164321310672763,0.5028530372869398,0.1317987265370204,0.571089442413486,0.624537299496787,1.5116344171543659
2850,0,0.18399431600848504,0.46949941908107595,0.49653969548594135,0.8102335680584218,0.3816749747109215,0.062095972118198395,0.6063533226652927,1.294028502322873
2850,1,0.6539150167195952,0.14519441482252526,0.4972703458775448,0.5029236939042492,0.6293793628221047,0.5763505361067185,0.44063458945881384,1.3679742213254276
2850,2,0.3760754825233563,0.5361555014330365,0.4333020503530335,-0.002321232722359068,0.774527016297189,0.9043242493793566,0.5059224288148422,1.5133748696873661
2850,3,0.2605640843370054,0.6771631340732318,0.5586298736305536,0.6363401245486148,0.2166481735610386,0.6343237904910977,0.6255554717005434,1.44362820438024
2900,0,0.01665152916588486,0.9243976054020127,0.43271593428150973,0.6166485895419207,0.760281153704979,0.9163749863986947,0.9221839132758787,1.9210623330185548
2900,1,0.7165730128418172,0.6939998029710247,0.23212574159854593,0.42248199057589586,0.7000488337484131,0.37543210036416164,0.7691847386483317,1.5652951144485592
2900,2,0.7309729062416171,0.35547637709782265,0.41526006686763905,0.7875924076221692,0.05027982298611533,0.6072501905078382,0.6834361656280622,1.513867040057554
2900,3,0.531981515984714,0.9240674866444488,0.25442786164895176,0.512008312591992,0.8727120434653475,0.737575997135299,0.6220590836028486,1.7766241211977702
2950,0,0.7121438209469653,0.5533245963939586,0.7155259876296589,0.7443370400748408,0.700077852965156,0.5998066750450989,0.511974017926857,1.72954515453092
2950,1,0.2456641124911827,0.4793798059982589,0.7397863160074108,0.8501247073040543,0.35394680992221894,0.5091627498831692,0.5399598835172786,1.4954040898086138
2950,2,0.2109595092401681,0.8201736305603385,0.41457801839275754,0.7670383471161663,0.4119780953019548,0.4423904137299777,0.6588118024194319,1.508933291521694
2950,3,0.6229057438761909,0.9902284962162615,0.4850772387595504,0.44517706440318605,0.5695809214093293,0.40520969124974293,0.48546585255962943,1.589446759291911
3000,0,0.3613943106406612,0.25644150191351595,0.31025007758366313,0.5033568685257264,0.6240642101302614,0.8436774258406401,0.42567626769826505,1.3521979742330315
3000,1,0.5709788613519187,0.4796359878232492,0.5326044361084368,0.5552928852881368,0.5854635302736297,0.7393697201791097,0.47174197936578477,1.5033498721967793
3000,2,0.48104209012361715,0.9900123995613731,0.5063248996856712,0.7699410154673691,0.2905559482823695,0.3982163109868361,0.8340542243168612,1.7318618748663033
3000,3,0.80977805094157,0.46071015871230425,0.49709259062927824,0.3710383122394467,0.7722966046204952,0.8088316800419646,0.41032521197131433,1.634558755953002
3050,0,0.5189271942169428,0.5775444386298104,0.3642416875960624,0.4511507946962868,0.5238908269533873,0.467037579642802,0.5476752618036288,1.3158973933343716
3050,1,0.7490248044060288,1.1202344299405946,0.5177868601624613,0.5262346079538163,0.34437246969194923,0.3854735408171618,0.5227024283055545,1.7033465613061252
3050,2,0.9051486111886509,0.6724558440580306,0.6315501226977346,0.6177130236593382,0.529288669662945,0.3893788721267676,0.9775896896270073,1.854551107621394
3050,3,0.6254898469689484,0.7032119999456415,0.25648120079542425,0.3919391349726886,0.7649274981875073,0.5962390037989169,0.5044088263959944,1.5166366897494263
3100,0,0.8557888513269054,0.319391724035878,0.2822128627203436,1.0522154623231168,0.781066899972864,0.7327593322398421,0.4967695284537289,1.8479634239055263
3100,1,0.9603930353754025,0.6638077100035789,0.48808669616388667,0.24106953125514752,0.40520891706241924,0.33504719895051427,0.4156619076675666,1.452089636904986
3100,2,0.6092983849355544,0.4435237086083155,0.4703722958795905,0.8132495714132082,0.7315709233732202,0.23024710995868142,0.8220765321654661,1.6476050304682317
3100,3,0.2849070115649438,0.32404315312108023,0.185587344169602,0.6494166568945048,0.752023816669668,0.5393205484336205,0.7535162884252504,1.437551355122592
3150,0,0.515308514116627,0.6997322400958633,0.5312420720812381,0.5529289978252567,0.5393186608520556,0.9622797451916456,0.46909499865269444,1.6673373180152224
3150,1,0.9783969160008037,0.8643159187253433,0.5724806766963387,0.18861730835021417,0.759975983704126,0.8705515062451187,0.27632700708991065,1.8653131593600742
3150,2,0.523848138618196,0.4030573798143851,0.32628715928776186,0.7848990926728564,0.5075146663813742,0.9688774189305245,0.7805023801834527,1.7218828574351521
3150,3,0.4623760683626921,0.492325669375522,0.11061347690879253,0.8881268977284497,0.7247857511456055,0.4331877830494504,0.648046437578029,1.5459984303898178
3200,0,0.413968454302145,0.5278766173063997,0.5786959593845747,0.7780115330376857,0.7120768229670721,0.5877775580624032,0.6703284130864069,1.6407591548315246
3200,1,0.47360799340900483,0.5438874848005127,0.43251325714033295,0.5220642735312362,0.7858712520820276,0.741685767674024,0.4966699697178496,1.5472909915339386
3200,2,0.4956269376090415,0.8023612849787867,0.6391827752875777,0.6961344814611481,0.692823185300901,0.4786060947955132,0.6728810758321827,1.7159324671148954
3200,3,0.5673816067248041,0.721698750857812,0.8343816186191046,0.5742754035523664,0.8498003338952701,0.6864996565622445,0.5931267961265816,1.8477006471520199
3250,0,0.5691596004297147,0.692133634600351,0.61399817755644,0.3180969557152095,0.5231344136347243,0.5849778512641353,0.6943751490959343,1.542464457634234
3250,1,0.7594621836036773,0.771239287574306,0.8691791719831693,0.557327008823409,0.7342672952176231,0.31624536668508535,0.4831892292071316,1.7636071271100475
3250,2,0.833309855240977,0.7514780339492576,0.29958358579442323,0.7792361310133952,1.2057392863587995,0.7071562333807425,0.37603601938728287,2.0128000586394688
3250,3,0.6195436934829393,0.5163208798621447,1.0371017621254963,0.7506425283749437,0.9928218251397561,0.6192196644249003,1.0056913441015953,2.1610203974998097
3300,0,0.40737167851814404,0.5784684485168239,0.3610471914250379,0.5243846916528713,1.0638226589527038,0.8470123682589701,1.0265639482468472,1.9516387860434015
3300,1,0.9369805671136924,0.9385047313457195,0.7554731285801958,0.8992317194260886,0.723435601731281,0.8784106759663346,0.6235739547004115,2.195880212948874
3300,2,0.7790770362478309,0.4390111778137933,0.6924291227954892,0.6720133892009744,0.8117382843463831,0.6698331272523771,0.5576606949751869,1.774635973762897
3300,3,0.7512980816949039,0.9186701916561046,0.6189414687378878,0.6053274438451727,0.6039827514194784,0.6213058354387255,0.4674897693044955,1.7684106915980455
3350,0,0.7344830419141769,1.0076680326108112,0.7572971570653728,0.9129712245381758,0.6878265942439028,0.5433673436831454,0.6029273526376847,2.0233018880603084
3350,1,0.36185421795132605,0.6849554094284694,0.7079457885571718,0.8637831097079077,0.8919207418142657,0.5904710290862338,0.7117113844788066,1.870326877519647
3350,2,0.8169539142394234,0.8996079206773754,0.8063734420207891,0.522359864769074,0.41955097745872705,0.7082474131966963,0.5815612784662527,1.8481496170094815
3350,3,0.5721654108051709,0.6385162239594858,0.7467208371897172,0.4454852045056129,0.7293622380075131,0.9522497613489476,0.8191009743564532,1.8975775583939112
3400,0,0.8138842581373293,0.6152857870471812,0.7771151409060011,0.8366659800644443,1.1329679040546898,0.5881519610980829,0.7716949310067327,2.1377451104637464
3400,1,0.8848443326794853,0.3770310517468571,0.9912989314323456,0.3459712627747197,0.4857585636249358,0.6717560586545387,0.6141502759319911,1.7583713313980556
3400,2,1.1633987672389898,0.33232127010042917,1.0789413520901066,0.8144883346335153,0.8477524671409116,1.0327302573203951,0.3475743422206733,2.279794674960259
3400,3,0.8263675324732804,0.8283662410564201,0.7875068315519003,1.0907733509255852,0.6513864698051071,0.662791241161316,0.7772308886307019,2.155623310674955
3450,0,1.0126552030573113,0.5452473364792783,0.4713597683340083,0.3820060534798305,0.7113619563606751,0.6612420381555226,0.9994567259209051,1.90605993800977
3450,1,0.7098795964059389,0.7244607563548642,0.8370650704471004,0.6761290010892251,0.6304312949285901,0.7689318988704377,1.0506872749778786,2.0686334667346267
3450,2,0.08059858308398993,1.0742197303882302,0.709659706802094,0.6604379076128799,0.4276491587250974,0.6260305843486208,0.624103416398103,1.7505834627000691
3450,3,0.2630798334451092,0.6705786483082693,0.6929973900956687,0.9921635922248467,0.5655092670533226,0.8433492630598708,0.7436723951017968,1.888811277129515
3500,0,0.5537204936215476,0.731866263319064,0.8211626232688963,0.5786504194433842,0.6539714264173928,0.6713796848601792,0.9730668295912872,1.9174637772018412
3500,1,0.9776827953272943,0.7077458898003406,0.6309220885157335,0.6540492447121594,0.8898956881208708,0.885547423210042,0.7595713315049986,2.1061026022556946
3500,2,0.45389862464127084,0.834924464553118,1.096847431916715,0.7210565488495717,0.6575538013838226,0.3891802417343399,0.4496676982720626,1.8472030098615866
3500,3,0.7260192300650462,0.889930696788461,0.7433639640857324,0.8523040260091381,0.6356006622237528,0.4844843188163864,0.64638977742144,1.9117075363968379
3550,0,0.38693022077402284,0.8142160061251263,0.440696754787633,0.529116516203431,0.8041767699363533,0.5543816147869943,0.5854215034827835,1.6073575229666042
3550,1,0.474469126700129,0.9158073772657813,0.6595003135794479,0.5734793046990327,0.8282672777993912,0.6462389982080083,1.1303415922178508,2.0515766918034477
3550,2,0.775242998544464,0.9959907479354527,0.8161363337453513,0.9983811997271268,0.6974351959578684,0.5230435741374658,1.183677302346105,2.3274288820691713
3550,3,0.5794669542952984,0.4743911213549688,0.679819568694221,0.7764229551692968,0.845605226211204,0.8034133866217208,0.7023151401343135,1.8653642976359013
3600,0,0.7482804895283781,0.5231583461467741,0.885183283914363,0.5819216409321664,1.2697094013776349,0.4518820327638465,0.5753726018649541,2.0256390485268696
3600,1,0.7169736846786376,0.5541672361369744,0.7826259805123268,0.8195925489451623,0.7433464750954131,1.103362872107644,0.825146715923892,2.134532425186147
3600,2,0.7371060964053467,0.5615063170873107,0.4252731431991589,0.7694482892624026,0.8067339694121005,0.457361978697997,0.6297121121683759,1.6994292214845907
3600,3,0.5434891101303976,1.0155443336656913,0.8281241209933158,0.601923095973504,0.9424576627104757,0.39370662133638046,0.6395899043555858,1.956302194229586
3650,0,0.6907955361935183,0.6483710259563634,0.8613422697719494,0.5664799439536985,0.5354303600176984,0.613297519130676,1.0516962334538091,1.9311338580180633
3650,1,0.8531862050025708,0.44732059418684506,0.798813057771965,1.1136683767529418,1.181713730179456,1.096161077215939,0.6742246519626425,2.4205324409412254
3650,2,0.6892882480067087,0.553647522442799,0.9179321040215107,0.5239871236462224,0.3041910759146909,0.6764922103558197,0.8325421432758889,1.7725986750971743
3650,3,0.8510075118973004,1.3427762895017925,0.7976101992852216,0.8181525251966638,0.5167361876407159,0.7087565906773835,0.5050207246411113,2.2039091764876444
3700,0,1.2248574861235026,0.762403150887352,0.8219949970059751,0.4988503095224772,0.6732724086670527,0.740959832462537,0.8813549153055262,2.187502120807596
3700,1,0.7650031901242208,0.8440818862961587,1.1165336892603523,0.7974592814375475,0.6359173955630579,0.8904890205556332,1.066360019319682,2.3483564927393465
3700,2,0.7211152825641274,0.7743525239547111,0.5851736400470455,0.2866486202995977,0.6371532695830125,0.908484907886698,0.7926037508848803,1.8449266991789
3700,3,0.5814570487174882,0.9805243673846592,0.6459339356406912,0.6841495367582682,0.9860464923441943,0.7733139746865646,1.0750521659910786,2.2160439798228495
3750,0,0.671247344194914,0.4566380303135464,0.8211831718068524,0.8589475830369109,0.6981600708475089,0.6213800995186003,0.7828736587204638,1.88617494363672
3750,1,0.7536902411955728,0.8699426721667813,0.642544846382854,0.7780580227495284,0.827130933160871,0.6164113691400798,0.7981323651736464,2.0110224334508535
3750,2,0.5618765837809796,0.6260710344754059,0.7665810510139388,1.0275176188344592,0.5990290411105765,0.9107423431390015,0.6604107549978723,1.9938753655623505
3750,3,0.5041714646133345,0.6919845002050132,0.6146053760907343,0.6527686720225869,0.6968598261933736,0.7011877962605386,1.0103965588537673,1.880174797958585
3800,0,1.081007201902351,0.6759653655146102,0.6858372105677268,0.840418338765556,0.38731241619595763,1.0294959747743793,0.41005176649047126,2.0445529414742443
3800,1,0.8863322886732767,0.7155893310568884,0.6325944165134808,0.9538043699361365,1.032204080185349,0.7100016068359143,0.7506807741728913,2.1773012327544916
3800,2,1.0747222171816433,0.7962152307478998,0.8428572450311689,0.418526251610722,0.611266013066504,0.7573170874079254,0.7091339601983172,2.030912450029396
3800,3,0.7990869786734214,0.8016964258980195,0.8051289876397527,1.004711259026076,0.84121927136407,0.6957051322907744,0.9051899977238378,2.224850328701675
3850,0,0.8357942563574579,0.9143585863112911,0.5569507827820463,1.0075846877643675,0.5693026443358443,1.0532976428755674,0.9468453100755949,2.2781751924132636
3850,1,0.5823905348823593,0.7873474002281826,0.7155731413843934,0.6526730329982929,0.9282198250088425,0.8212659865326122,0.481662259153179,1.9144686125679715
3850,2,0.7060610115480483,0.6732911921436716,0.3879963405790151,0.6524080559739146,0.8692381414980876,0.8786715549845934,0.5457876456196624,1.8312682532971558
3850,3,1.1524513163131411,0.7059611212698325,0.8823213927802036,0.6885518695145774,0.35794909928900354,0.9832727772939414,0.7514562416683979,2.176869140251111
3900,0,0.7452130499305365,0.6694470903828511,0.531827184361344,1.1189027907819658,0.6749387986859673,0.6261629172542567,0.6841268103980881,1.9631447678344314
3900,1,0.645912595697286,0.7320071369445056,0.6580030618847487,0.9383636568602819,0.6266241045122878,0.6599970031491449,0.7109263058328822,1.8974198103295092
3900,2,0.8102993462499302,1.1789347576388083,0.7334134990400067,0.8616043798396424,0.6352267111354855,1.0490760909703107,0.7185074443918206,2.312370261888636
3900,3,0.566567577225866,0.5098388672002212,0.8157143590087667,0.38217031395438694,0.8589607181456957,0.6317027674608435,0.7897066751166344,1.7756342779107126
3950,0,0.7503953378143121,0.797795552612075,0.48094368501732976,0.5648250610455504,0.9662228682207815,0.6037558448246163,0.9281083869542006,1.9772197686882529
3950,1,0.7672703501788989,0.9755138880985177,0.9519638440806806,0.8045986912683704,0.4223507074911351,0.6779305410909778,1.2752413123714563,2.314769036859924
3950,2,0.6900412970606888,0.8196387155855519,0.9354053867263947,0.7168562407229714,0.4449870169658117,0.647833766950318,1.1150381313610298,2.0971034291074977
3950,3,0.6943098633649272,0.9729599234501034,0.6206280964885643,0.6531379504370447,0.909700972073602,0.9369479397593328,0.9581031526565651,2.2054193630689247
4000,0,1.0013943586315754,0.7331490532051813,0.7669302866624987,0.7430432296166462,0.7791352280094852,1.105359223307144,0.7058767025649558,2.23779492730985
4000,1,0.9014059692552375,0.8733232060903651,0.7357018771596715,0.8057773546847324,0.3311390059519965,0.629997428563391,0.8112702735264377,1.9825412477552493
4000,2,0.4362706672486094,0.7991153898226219,0.7493346429404036,1.0239268591422266,0.5665885133150561,0.8247895916207981,0.9420794296630481,2.0803029075106387
4000,3,0.7166780915120936,0.46482612796331246,0.7113342572689161,0.6643902630304181,0.8585313905359142,0.787672229995212,0.945131344528949,1.9818876386205628
4050,0,0.8688655381540636,0.970595371401858,0.6213313767577827,0.63357116098065,0.9423368224738347,0.7982761419404544,1.2597736544229643,2.3657389839769225
4050,1,0.8398529458708307,0.8739080706598876,0.6448688418700649,0.6272540587848697,0.7441089092891837,0.46365651386606105,0.7564753961223799,1.902446377904463
4050,2,0.34495138234789824,0.7726957837632097,0.5089671010772265,0.7713955580233803,0.8504418779968715,0.6965460728062679,0.8078105702464002,1.8523322013453254
4050,3,0.88322723327641,1.2395188877966608,0.703920375430689,0.5219288081009501,0.6757098951662048,0.764796148166923,0.7806279580814397,2.176071693233662
4100,0,0.986171026692712,0.6238804511430781,0.790577725361263,0.8225349801851167,1.1672408582704028,0.5157409206656888,0.7050058801817243,2.1883350415847875
4100,1,0.9354389274823134,0.7518983786399906,0.3941548022551009,0.4978691781342155,1.1541389933363124,0.6530934338644242,0.9612742282654239,2.1274973270843307
4100,2,0.8352631473429225,0.6793153303207831,1.1826238894037568,0.7252586672787249,0.7041108424076914,0.6103528117396277,0.5845675919952223,2.072137819831261
4100,3,0.6786436094051613,0.9288355843252816,0.8922840591796256,0.8423360414092724,0.629497901976632,0.6868261864434028,0.7373860416445762,2.0593031669980237
4150,0,1.0170238032932197,0.7825497254611197,0.7404974554262944,0.9668538480002192,0.3866021685040933,0.5904400479523692,0.8089086066189548,2.0693666071893135
4150,1,0.8674887126266388,1.0358142167118938,0.6681781454061874,0.7644134468783892,0.9792650830150752,1.0823106953760846,0.6126415409512651,2.3155828449185694
4150,2,0.6364770309592667,0.9765375282157219,0.9108849569851611,0.9695602560913087,1.244955852304529,0.8855515342397688,0.9062147401974616,2.5067566294594608
4150,3,1.051596517112487,1.2521655350763068,0.8974344130474999,0.7266456504680356,0.9469217641933328,0.9327423274432549,0.5772484842228178,2.4712468671799845
4200,0,0.811659601049967,0.9815404318865105,1.1122277063491324,0.7656255753111143,0.7583571284733813,0.8145657625161775,1.129301155132635,2.4411861736663045
4200,1,0.553433719512129,0.5983176603909833,0.8929822305325559,0.9347963164071877,0.8593996687988449,0.2686938734919647,1.1035076746110226,2.0890255379370597
4200,2,1.2163388299518645,1.0074304420485944,0.7938839699400073,0.7517779364297175,0.8749428820256725,0.9504021566173986,0.8208121238848174,2.4560822292976727
4200,3,0.9314265883555775,0.5298370803032795,1.0339325393436993,0.6406886815984708,1.081379398077704,1.1211963070139719,0.6748565811382785,2.34726974810234
4250,0,0.7633022645411094,1.0452030877489182,0.8453383513101198,0.8280420362596724,0.7932887992561495,1.2388242864833146,0.4946165122711368,2.341787481758252
4250,1,0.9548660835599883,0.6059231669614666,0.5558033775491205,0.7890741471132366,0.9268776768869245,0.7349049612267224,0.6620540027727975,2.0119568977653897
4250,2,0.7529832912248339,0.7633098898917874,0.7579163142805452,1.2206687897396227,1.1578220547443978,0.6035953462489078,1.3768016562784304,2.610470706934729
4250,3,0.8070854389168172,0.9699899851280559,0.6580431598342087,0.5675453790534231,0.9865305670635842,0.6230144788075932,0.9969776794727485,2.168582515924013
4300,0,0.8734928161696229,1.152820395440642,1.0295196983517851,0.622325816299658,1.1950158493904934,0.7564112973339006,0.7035786530809209,2.456507408307828
4300,1,0.4914050646377248,0.8059145675264648,1.023079702176581,1.0311829858624186,0.8589201780409407,1.0962059075100814,0.8011096078794558,2.3626670359539634
4300,2,0.8043682660474479,0.6600812715805606,0.7272029719367747,0.7479715661277406,0.8402592053838379,1.1949768679246142,0.9474371396130442,2.2809304240309913
4300,3,1.074648048971482,1.28413838252375,0.8422045953437021,1.1449178630598484,0.919473302314401,1.0754488845153474,0.5337175823356086,2.6666273123121136
4350,0,1.3030004645178563,0.942256937253597,0.814377338517861,0.6172500692256564,1.0382372305553118,0.9246871626631835,0.8123434510962201,2.4945442914550466
4350,1,0.8878334655782747,0.627819630470116,0.6547243729389456,0.9296897432273317,1.0601311217116072,0.9620131586430839,0.912996703449709,2.3148008699066858
4350,2,0.719360139956651,1.270597427462335,0.9799738409195423,0.4922226746259009,0.7932300868739048,0.7896041037669035,0.6312890168301025,2.232877775005311
4350,3,0.7508114799093877,0.9917206537781421,0.8381791082609413,0.7703074490861449,0.8814702146887909,0.8371261773477285,0.8992578894354641,2.2648576655129635
4400,0,0.9080962734907528,0.881720537780831,0.999427975050045,0.6823717160476848,1.3657570682428342,1.0402036507529415,0.8511235514665151,2.5958206196119926
4400,1,0.689077030083014,0.7118071759839347,0.7653639742674043,0.8470808190084037,1.1300888062420904,1.2174954261120288,0.8551440906941697,2.4032252858721206
4400,2,0.9007047417378722,1.0808182982633463,0.9446191348977443,1.275331335289473,0.8899579418141857,1.054021836088127,1.0665160686958328,2.7456613491782447
4400,3,0.9697280870664882,0.9738476498733739,1.2768040551883457,0.7395754702616806,0.8542612699419401,0.6848971866319813,1.1203042316651173,2.5534056326078907
4450,0,0.854966079464726,0.8539431502838004,0.9426963110598294,1.1928126124533474,1.12430067595584,1.1924867565296304,0.9138212621765736,2.7005203457713107
4450,1,0.9211122555969427,0.6948903716582205,1.0446622282188316,1.0136135034880622,1.2438011102488562,1.2082046261937713,0.8363189714809808,2.6751226073258754
4450,2,0.6288919168631812,1.1916586167287553,1.1199735097577443,0.8067590627588441,0.8052341762491455,1.0106647754494646,0.4453806726238097,2.3640992915491386
4450,3,0.9798845569056752,0.9579089592787845,1.059790366743954,0.7651867426521564,0.5984511034752606,0.7180754118284205,0.8376987496952797,2.2719913968294523
4500,0,0.8555739032113088,0.9399400095952373,0.8594954824453437,0.8158560006103261,0.746871140638105,0.7551709994556369,0.7550377411460414,2.172102473011291
4500,1,0.7095166061506011,0.6325809660631512,0.8996158250545999,0.9628868650903761,0.5888355103810925,1.096079212467572,0.7741554229443524,2.1880278238277824
4500,2,0.9381497645587941,0.7958398078395127,0.9699288452547891,0.9302210737214851,1.0541194537412664,1.0718220060040935,0.9197723134201625,2.5348590760003398
4500,3,0.9839062867969959,1.1244865676233866,1.0735216083885468,0.9059618451991969,0.6634428313002937,0.7870567159335337,0.85532381166835,2.4488672111620606
4550,0,0.9000995701481864,0.7501243516513114,0.7997819131865372,1.223010177198354,0.843441410946122,1.082457775503113,1.1888269163382987,2.6085797798358934
4550,1,0.8277865366089938,0.7216875954927373,1.0529557167682402,1.070304919120955,1.212343930243916,0.8356561172565915,1.138343257323343,2.631398149282959
4550,2,0.8911118512376285,0.9864864119051413,0.770124043787646,0.6994450063393676,0.9067197334190867,0.8269299181510203,0.7550291017521968,2.2193631611343174
4550,3,1.2063226054941636,1.0145022173732523,0.8178212732811736,1.0248677039349325,1.3898633062146,0.8985779731032772,0.8408104197637549,2.765816148783763
4600,0,0.6305931259650471,1.1819908747766972,0.9582817145646001,0.8024165175478419,0.8193561181444782,0.7724512793805033,1.4224727940396245,2.578445366458729
4600,1,1.2937926349154862,1.1383955351091228,0.9843237505204456,1.0863954324715284,0.7834900540750394,0.991563448030678,0.833015090277528,2.722124342308163
4600,2,0.8553731844929644,1.1687573777970528,0.9035088779403548,1.0112525861762875,0.9423958345598411,0.8543572160462451,0.7636886479498017,2.4774732472992262
4600,3,1.0034519841346545,1.117535355968621,0.8264717069551845,0.7620261653151854,1.0365353567712918,0.6083495944998365,0.9836881760854004,2.4355035861319108
4650,0,1.3343291601922889,0.488177068297075,0.7170307599419381,0.9057954561776094,1.0611924070176812,1.0371078543549712,0.7514246271078524,2.473804898003565
4650,1,1.1060043879719135,0.7539597183180351,0.9377442310866656,0.8379065575878438,0.8683206389363253,1.0427137658372156,0.8114969324640243,2.4234092939724623
4650,2,1.0739874762201411,1.0273291229209138,0.9366906998190668,0.7914855987386755,1.14530267810164,1.0649444443848357,1.0933358820197174,2.7118077717681546
4650,3,0.6211422695871531,1.0551984456156427,1.2520804320305754,0.9679157612941832,1.3029587759439243,0.7839494638278752,0.7657227978841159,2.6272490450617543
4700,0,0.8653299539562312,0.8204324065475623,0.9230804382910051,0.828815568553776,1.2964163513857034,0.8618271653578877,0.7867658511358726,2.450175489380819
4700,1,0.9134456011565255,0.6049379554388657,0.7721541961793892,0.7683568236919768,1.1874793987182015,0.8774865319377183,1.110429382424148,2.4083335435228492
4700,2,0.9945952727267925,1.1381280541741667,0.7558477280579471,1.1177246764084203,1.0931605755198843,1.0323616349338984,1.0972128110875934,2.751329861441649
4700,3,1.0328928282508478,1.1565575132827572,0.9847443833705344,1.3294606953934889,0.9781246007176636,0.9153930828532126,0.972509085809556,2.8075124701424783
4750,0,1.3586637643382677,1.1123614115148426,0.6190909190036609,0.9684471055029114,0.8436842977431382,1.125670918588325,0.9134404036961421,2.686594513286528
4750,1,1.0186091842936185,1.0680086754803744,1.0997933072166362,1.114176187298985,0.9648435503995432,1.0571932185866288,0.8848247343244869,2.731416571088492
4750,2,0.862563257455125,0.7776941342808156,0.9497753955376674,0.9926871798810796,1.1015305951749779,1.20046913527483,0.9689553238799044,2.6133684958697683
4750,3,0.8590049756236295,0.9896648972089902,1.0498864378668844,0.8573215902338118,0.8429335757762004,0.40864661317649964,1.0806357534305988,2.3664088187875896
4800,0,0.8212554119608821,0.6233628621600232,0.9848120547778755,0.31894222882965595,0.6489000721831152,0.8291974027220247,0.7151101287553383,1.9376900605542424
4800,1,1.176952113261048,0.9486957092621984,1.067544859196711,1.1736433208484351,0.8875693838434998,0.4917764176014126,1.4874841821973295,2.8362939101905655
4800,2,1.0013183555524563,1.020800796711789,0.7356858802399955,0.8364129511630358,1.1842593352478819,1.0973756393806298,0.863836390417853,2.5765111743265154
4800,3,1.2850290890642961,0.8943190711701403,1.2661857725092516,1.036322820460487,1.2680724243679726,1.1294476279362922,1.1461323284925984,3.053780720945974
4850,0,0.8576929441645434,1.1693357975333294,0.9233216108309845,0.6634674908569772,0.6602565859830197,1.145498306458166,0.7610104934269377,2.3922661647175714
4850,1,0.964372770605768,1.2290259183099197,1.2913615326543115,0.5735325525494868,0.7688002219603767,1.2382473266364578,0.6450183804458745,2.6414830455140703
4850,2,1.036866412290348,0.9580301738037901,1.017593607272591,0.8376535954560516,1.1357162918361319,1.1418708705636558,0.8977394172391814,2.670155558810316
4850,3,0.8774098020403165,1.0353160949164113,1.0307642841946716,1.0550880182046516,0.8307267155177955,1.2175535342914234,1.0314497403565992,2.693296338033003
4900,0,1.1535680201056626,0.6768322300987267,0.8579470422025947,0.7572912868372613,0.9885278037168964,0.8907383398358284,0.935048121759786,2.3965185715608532
4900,1,0.590468649540606,1.0263993639127855,0.8275633892234898,1.0125139872254105,0.6562479118900988,0.8102203584923958,0.971153176082495,2.267697391723998
4900,2,0.9051564937553555,1.2168237435593845,1.1919128983403895,1.067387875225637,1.1116069042342713,1.1324005126332892,0.8934144325730169,2.859393591894871
4900,3,1.3575871904467618,0.8664249082340313,0.9553736143786176,1.0552655948073593,1.1450379958261057,0.9329965672892491,1.0281616485072747,2.803349835790863
4950,0,1.1271197722012505,1.1059356702103122,1.175548820737835,0.7251102721635709,1.2875362168693154,1.3490812038593414,1.1843527437357677,3.0465806488942544
4950,1,1.1096207532813482,0.7315710625440719,0.8704013499718298,0.8253245181072063,0.7948905875540349,0.7411260504437485,0.802809640085148,2.2429524499926874
4950,2,0.9587304229028345,1.1551200009987217,0.5742430886727562,0.9018818735794045,0.8176189886106602,1.1510618727882413,1.1357666804892521,2.584573945028334
4950,3,0.8419133281809216,0.5479224490106195,1.039117406160595,0.9649301064665257,1.3096499704421718,1.0333320531323513,1.307167613004291,2.7407184280854415
5000,0,0.9422194466450748,0.8305773675303211,1.1963326633549147,0.7874702746584201,1.076246859661791,0.9157626162074356,1.129665718851271,2.627171603168117
5000,1,1.0252558322837726,1.084051940179156,1.0015584059703253,1.0962394517499479,0.8986406473694997,1.3734737205783194,1.0980352807696518,2.8863202973370337
5000,2,0.7862425567949773,0.9567879515456811,0.7774716551381853,0.8930463994572775,1.1883192660325113,0.9069140811971099,0.9322057133676279,2.457482026220801
5000,3,1.0151827184381474,1.0802935149884472,0.9807326171385943,0.9133090229766163,1.5051507564765623,1.1302793737154446,1.3366404506666094,3.0533944757987563
5050,0,0.9166602653512893,0.8588308848456642,1.0888115931020217,0.8830136818643971,1.2572662596254993,0.6659850825439301,0.8008393392216262,2.491722015691243
5050,1,0.5249028346941148,1.110107235454158,1.2287041978434383,1.0157882374123988,1.1067057612586328,1.4068245019018948,1.262768698603192,2.9745484390857766
5050,2,1.0750667167211871,1.0162021622126016,0.6433898979673985,0.7342711075031781,0.9934192651875838,0.9778595701564773,0.9726958476437639,2.455762261991896
5050,3,1.170823956081302,0.9002823214322987,1.0421675437227025,0.9765495239758796,0.7774603802846942,0.9485313851558312,1.0111630745299267,2.597634760934416
5100,0,0.9070710694926172,0.57029798855877,1.0674285723985844,1.1940693547140835,1.109751138979333,1.237423155518155,0.9105559433120162,2.702794643343093
5100,1,0.8935736048263538,0.8625683313279441,0.8685429255905932,1.1505576308938443,0.6657127620557236,1.4705629831308025,0.9036784830448777,2.653867245867901
5100,2,1.1320268793999264,0.966280104424015,0.5724614694657233,1.0685660560975212,1.104019636399261,1.3069163788995606,1.4617913422909679,2.957778110938042
5100,3,0.8356190682501069,1.1905128392578523,1.167571482287699,0.9097320938928586,0.8593854150384483,1.4266950369966906,1.0211834780600528,2.8501286659738314
5150,0,0.6087462798169909,0.9673349109631585,1.3792883412795527,1.1051572363789604,1.0117753120965458,1.0070659269423166,1.1812202699388097,2.8041522958213547
5150,1,1.1834379417687688,1.0229182517426376,0.8240584527233535,1.2674443160633102,0.7881788097748402,0.8520445069664588,0.9466672468616849,2.641166237460754
5150,2,1.061760956290528,0.8581527359387804,0.728739910805565,0.8254277493013329,1.1824007385697486,1.1067761441129496,1.2518947395481692,2.6956299174916336
5150,3,1.0380263797938716,0.6518489577057787,0.9833442018570506,0.9398699899607761,1.213536818685332,1.1488143106478135,1.2564993238998934,2.7792019947783295
5200,0,1.0005777738612436,0.78070890863262,1.1042653782882486,0.9428256577258342,1.197494477456909,1.0938507066213048,0.9837773330001539,2.705051711327589
5200,1,1.1699370881590956,1.1149076564886082,0.9838361095173691,1.224379976670633,0.8349656898075952,1.218192904776288,1.4221736900397968,3.046727974639996
5200,2,0.8273259293680949,0.9956093379803778,1.0366049952985763,1.3070536311447496,1.2074473545415743,1.2026928972100095,1.114360084637878,2.9334012639712514
5200,3,1.3961906892738423,0.9363738244074684,0.9826321333722438,1.076581743530595,0.8467587024358947,1.1435411934978963,1.0769273476412173,2.8522268166056777
5250,0,1.3976515496473123,1.1376322287323741,1.2338159563708768,0.869888317124708,0.9159406435478528,1.0662369189326304,0.9473992339348846,2.898278485378134
5250,1,1.0258166812504028,0.6194820706234363,1.0828689019439388,1.3225889013513592,1.1920632046474755,1.1653336284167446,1.1710802995289122,2.916907708082076
5250,2,0.8564189823690749,0.8967597151553293,0.8224600742395916,1.0857205392221605,1.3511415164687905,0.9907332572543112,1.0365095533557898,2.697100102303906
5250,3,0.9400851214382142,1.2260734889233695,0.7406281442674385,1.0144514179047517,1.21897360572726,0.8046236112883354,0.878284913700483,2.6209460429578635
5300,0,1.0236061787108617,0.8074928842509446,1.147666729221374,0.8274600182518155,0.9818378144508002,0.8422351728542814,1.0220249817203875,2.5336819085901268
5300,1,1.1578073036328853,1.137038341579207,0.8445574186348999,0.9200097741441875,0.8804672637539449,1.0086489562553593,1.2031040358021214,2.7263755795780718
5300,2,1.1198156621122985,1.2209450227468397,0.8887569612956498,1.0010443140404333,1.4999735198473305,1.3125732599565927,0.9984648633868389,3.0832407831729283
5300,3,0.8610396202164707,0.9574096387414742,1.123419823796788,1.0152873072808972,0.8556527500172312,0.9871340537185072,1.1540981213469341,2.643751236989254
5350,0,0.9918638839269954,0.8029000136516,0.9357177392049347,1.0036364259134414,1.1636112196215787,1.3767752798645183,1.152823171140323,2.844257137573334
5350,1,1.1834977832515887,1.3773882512611888,1.4791688035013313,0.8568999316910001,1.182352427560918,1.0760673845840836,1.1974165208943883,3.1952727338199205
5350,2,1.5118045517876642,1.0132343092656522,1.0054345310894526,0.9335196450561044,1.0042619800197716,0.6105028842525992,1.052785307704927,2.7720330251649274
5350,3,1.0047387612676355,1.144802830640725,1.0395536130221108,0.9015533721395419,0.9658337092527383,1.2334235134132803,1.5793223557154783,3.026874810300633
5400,0,1.0435542110521892,1.1337818357834806,0.7917506895816104,0.8773706517211296,1.177956050354331,1.1189265012225145,0.7956126318186825,2.6539953822728695
5400,1,0.9491628360581199,0.994646301454435,0.8878899428589692,0.9168963790191627,1.3856231352727888,1.1083834800317236,1.0758333641215587,2.7973490511566435
5400,2,1.347640921272901,1.110646343814604,0.8024614555755805,1.0620176894145086,0.9636908761729838,1.1153464463855143,1.0130370565797837,2.832037992739418
5400,3,0.933806492501544,1.3486260357509279,0.9260586791969985,1.0920749287452454,0.8136637536376308,0.8944946947363969,1.0426236433987408,2.700043074049491
5450,0,1.2462966878143085,0.7754874253029991,0.751919836387361,1.1613681388953194,0.9476820841160828,0.8630164840561709,0.8170874369927947,2.5257328123245135
5450,1,0.7629520709682714,0.7743206624709634,1.0437461098991907,1.5143071313395817,1.2863431961272775,0.8600927340794936,1.159667315814156,2.881573700894485
5450,2,0.9864734733568932,0.9978141496918155,0.7968631385977245,1.315278609131825,0.998792439765809,0.8986362069339913,0.47622053753592886,2.523020222426811
5450,3,0.9689703929985353,1.1554555266572457,0.912259911806883,1.2269177411024044,1.0949140837402567,1.6394658545707435,1.3536976110750685,3.2141419925104007
5500,0,1.001675945115367,1.308731175925492,0.5141650746501256,0.6272506247598705,1.2836480047431147,1.1119773498712096,0.9965078559291762,2.692807975654752
5500,1,1.2274035955581848,1.0040071125028585,0.8792178583804054,1.1057284669580432,1.4389167145441164,1.0074167941332175,0.6292223480267514,2.826924127958563
5500,2,1.2481043867481663,1.1902997189058153,1.1673439390954616,1.1148958712018848,1.0815198360591103,1.2957947428458647,1.2978451368150967,3.1801625473148536
5500,3,1.3857175223260403,1.4731541957494891,1.3745711797123266,1.0282731011446995,0.6365006993905522,0.9613062909993011,0.9803570052161436,3.054100623405372
5550,0,1.250206120443174,1.0549230496998108,1.2460131762597155,1.2464524627163094,1.074977053466434,1.1686475025608847,0.8503982926666556,3.0044234835484547
5550,1,0.8737300445874338,0.9134082701967684,1.238792661770491,0.7730225434666426,1.0602519625250744,0.9380173259380069,0.8765155248739491,2.5499372862064438
5550,2,1.1841865234557631,1.1727806720208185,0.9874852427359017,0.9448946695518863,1.1672952167467594,0.8818878062001121,1.088174143914366,2.8231352184081926
5550,3,1.0505485154425265,0.9613201023403325,1.1780474121536906,1.0493935287939773,0.9542290811875267,1.095509410040638,0.9806801347287863,2.7548572630069343
5600,0,1.0719711918933506,0.9769368857488997,1.1383520384201327,0.8774411506796492,0.8312134840245853,0.859406936987664,1.117957797973657,2.6169833833412515
5600,1,1.1721180395385031,0.9100118698559548,1.071164914619361,1.4766487263078667,0.99725245616946,1.4370290611246068,1.388907842011454,3.243223398805896
5600,2,0.9833026548369909,0.6147156887151201,0.983302598981505,1.2522291047356358,0.6236611851097511,1.3419269421532194,1.2119459139409026,2.7455883360547717
5600,3,1.2424037957787015,1.144811722549534,0.9949264459324112,0.8344191817878883,1.1437693700742966,1.2385733827525158,1.0711933237526154,2.920620243858959
5650,0,1.2808401228677946,1.0951389359700676,1.0686834912102678,1.1173829239991655,1.004120297296966,1.20719564118455,1.2739884910592256,3.0527258762532243
5650,1,1.2406132026137051,1.489702285373874,0.9937410755859875,1.286694446183847,1.186914135883174,0.9713667482480621,1.1546588337445851,3.1760027532419506
5650,2,1.1131625219499062,1.0855624177039709,1.2579956747480086,1.444474915151289,1.0199599747875947,0.7070732622206637,1.231266200023109,3.023726982521176
5650,3,1.3124862948521718,1.065388496277187,1.3622371023530977,0.6522452702548953,0.9657510286745539,1.5660957580426216,0.9998770828152299,3.0860771039065016
5700,0,1.419705105212076,1.0991825042633891,1.0520972392831416,1.258439163014021,1.3201143709377832,1.2604331779145688,0.8683352929045651,3.1622369330280327
5700,1,1.1382472957334164,1.1727328508140573,0.7508610051445991,1.4672219315408501,1.153192704420753,1.4158425244563917,0.8952699689696058,3.086002831494368
5700,2,1.0584161774164182,0.8960171542920634,1.588294501206984,0.7652649828844086,1.1752865815793523,1.3301098738030817,1.2485265218521706,3.1210111763646498
5700,3,0.914352281665737,1.1434112725556758,1.3710013607832683,1.125728572793417,1.1454794932393022,1.1396613035133136,1.3868319102057272,3.1344206621623245
5750,0,1.4172262811830976,0.9938753264798098,0.9668957524121345,0.9544084383346353,1.0491549941586937,0.9745229107946125,0.8122139661673924,2.7481291803930006
5750,1,1.545771980471842,1.0835739733370806,1.0757155466998451,1.3577057383500906,1.4512366202517417,0.9477228989404844,1.0587051699425238,3.2694335042427065
5750,2,1.091139607903182,1.140382459583584,1.3293749657753409,1.3600754128014643,1.293654220571541,0.9990898993463144,1.439608932251554,3.2942823912644656
5750,3,1.1240649541480663,0.7416702189816294,0.9459354698676031,1.2013450742844738,1.1784159838431822,1.3629115784584234,1.0418535660499446,2.9126056530696833
5800,0,1.5354984514139118,1.402386194429998,1.1828971460290245,0.7680914433923112,0.9773382888876118,1.0572699816833577,1.1348373264759495,3.1103887793611977
5800,1,1.2141050633593609,0.6425678258110119,1.3127614457305987,0.9715386947054391,1.3512801442535438,1.3525472190144736,0.8320148202610322,2.983582617156869
5800,2,1.2182486126099572,1.2683443137189618,1.3520295682345878,1.3026870189505824,0.9812506542132058,1.1901984786895823,1.2082041533658407,3.233726479508058
5800,3,1.1876757863949468,0.902552705455254,1.514240756736735,1.1672040398748031,1.083168125648855,0.9962042548883107,0.8817799838596471,2.9704675634638567
5850,0,0.9983575917362957,1.1383719880665406,1.2978881874418438,1.3423029497808148,1.0127185167646537,1.0896138221298723,1.1975836925469545,3.07017318672942
5850,1,0.9872162334114933,0.9541391708436315,1.0990485446492022,1.1608494407370211,1.043715917127798,1.1059621558027761,0.9715640171584337,2.774326660935084
5850,2,1.3827900057400586,1.1066624408346468,1.29111046996034,1.1861215623407204,1.273301251116559,1.2287177117509203,0.9818436820553197,3.210252462264744
5850,3,1.4526921199568197,0.9550489375001613,1.2954719141494648,1.0926223282251195,1.0411831082408851,1.0811179437285123,1.279092948087777,3.127852449185668
5900,0,1.2150099983969112,0.7443026394085754,1.0594250217852794,0.9837929606962237,1.0829754891834422,1.057151349608211,1.1358644478040252,2.77507812709317
5900,1,1.1376365122604895,1.408907372625547,1.6663718559311946,1.182852856312869,1.7466078211996336,1.1349544396299507,1.1481336989751105,3.621069498425521
5900,2,0.9788721433577452,1.1937248409894108,1.3484797368883228,1.0964616429019807,0.9922799277694736,1.0866510981731443,0.9198523620278998,2.900922928368503
5900,3,1.2091894667640242,1.1337529332588057,0.7846656119745679,1.3309380742072587,1.0443940267525071,1.321493792006025,1.6569437108185632,3.273713235218371
5950,0,0.9175040028377318,1.176660407280488,1.3301657979093404,1.3999989068391971,0.9043384259054781,1.2766539993403627,1.5544004820117694,3.2893032057630145
5950,1,1.292866890212039,1.248294915955494,1.330170402775793,1.0727192307820572,0.8257898266210978,1.3151282375972282,0.8024394374833563,3.0340113729882994
5950,2,1.20964553454306,1.4216831205346416,0.8193112345569228,1.2175802078955542,1.246591384390505,1.1085593546595214,1.1804777532164321,3.1328292842831282
5950,3,1.1833473846878373,1.2828424420503126,1.000386367374779,1.200608198582011,1.1671475871598607,1.0788613593744634,1.2537721393965982,3.0961829072256575
6000,0,1.2440958711480337,1.0163040861058263,1.1883692268220405,1.1634356901056433,1.2939686246375557,1.4859994595560586,1.2141093536138217,3.271553648374434
6000,1,1.0627442192395777,1.4389774223779912,1.4869431828338018,1.011964508560611,0.8209253277477742,1.253563890211038,1.0023468372917406,3.1121043517225706
6000,2,1.230886605534571,1.6901609189234403,1.0413819221308687,1.2645604367381251,1.1841014531303211,1.1193065459127647,1.550225736030922,3.4804393977091403
6000,3,1.1486791898851925,1.0709002836502306,0.6520313057462376,1.0186631910385369,1.4710692600319144,0.8995077271880343,1.514891547294017,3.0326829933892023
6050,0,1.247280342316125,1.1127429193824634,1.2681740473371392,1.183075271265847,0.7124509510180121,1.2041243780810393,1.3304682115258866,3.086986411722712
6050,1,1.122630510148472,0.7705701028194714,1.2715478452516569,1.0276176113372317,1.13330839091049,1.0287591106396665,0.9033538067049137,2.7723078364948037
6050,2,1.408803744719959,1.4092559181749202,0.9516941362269533,1.646077777011363,1.311527597519403,0.9582186223343554,1.1101112542438978,3.3847686146898996
6050,3,1.279787798577122,1.2459208302408185,1.3035323078956214,1.5259407876943223,1.477901082041445,0.9423062472700956,1.2978383229118176,3.4604023283794305
6100,0,1.4027689415833215,1.2531328054441924,1.3635803851840218,1.299797941652765,1.148915404081298,1.2225196678902486,0.965664827971648,3.291503940697912
6100,1,1.3115163889945,1.648207930026466,1.2581352902724225,1.4562929431599891,1.5999465066065799,1.2737075095577768,1.4871611975295176,3.8123701598183852
6100,2,0.9468975040862387,1.1527615128293067,1.0649761562008702,1.2097645166112347,1.2031425316223834,1.370547750750203,1.2560002327121056,3.118760661014448
6100,3,1.032080240497749,1.0632817609397525,1.0346738419922006,1.3158074349943378,1.4268081268904158,1.2190037275346917,1.4227735562617838,3.2471053266508196
6150,0,1.4047048544009784,0.9005121436656127,1.1492488598959991,1.0890543717737249,1.2325244114206446,1.1108766330501878,1.0766497891303353,3.033688893502059
6150,1,1.1669510533729626,1.569350017977077,0.9781449179678978,0.9926413934488013,1.4241228480360326,1.2853641084356247,1.217896576970868,3.306100044792572
6150,2,1.3128932013087538,1.231613808027717,1.1133422618151079,0.8911073111270589,1.23368531079374,1.5935850177005566,1.1930766410721043,3.2801050117694075
6150,3,1.4659674271901526,1.4139350907008539,1.5328245332597523,1.3628799082226255,1.4309142559392451,1.3155882973324713,0.9635116223092602,3.6141262366650913
6200,0,1.395172267148586,1.3983449182928074,1.193886445642602,1.2225233084884544,1.3540998737270624,1.253248165162235,1.2377801045589674,3.4290114128090456
6200,1,1.4414290836922705,1.1804139067659936,1.2823353758227565,1.1973849978209468,1.0360123167309867,1.2599840148197439,1.0186294587939784,3.2012024078517984
6200,2,1.1212103239985463,1.7027135298358096,1.237514578362902,1.1163736490164045,0.9503245334725174,1.3757118852095565,1.2567194198550509,3.3629038079423514
6200,3,0.8449511018742617,1.1180335806378079,1.090842345683135,1.4768493676436205,1.1643890896012385,1.611575695527219,1.1983628933423667,3.274754086702313
6250,0,1.4260102759079376,1.266375853620831,1.2284734389083318,1.4146430278257878,1.2618886544717542,1.4693448227843768,1.0851902745537783,3.4751331071517515
6250,1,1.1070366126697173,1.4234164614297637,1.124385955338827,1.0970666554592496,1.2905627772627746,1.0270050785083509,1.0751200361692779,3.097679504573545
6250,2,1.4906047653712968,1.2815104610486994,0.992069442460734,1.4377385466655799,1.3659911939857254,1.0643047942501498,0.7715665085663996,3.2418292752409124
6250,3,1.3136115229688934,1.1935615599515137,1.1119877487739713,1.2861330719058213,1.2367220358744782,0.8484825724011777,1.2540315963927575,3.1405125023125215
6300,0,1.0906226964724308,1.265749103406571,1.5598517310922884,1.270684660180369,1.2106404612480692,1.0899973275676818,1.3177522416230154,3.3510552156392097
6300,1,1.0582014715769232,1.0530682138613694,1.2277621891005952,1.228542666048519,0.8092006088995999,1.145674770337762,0.9868229047529962,2.861233273075884
6300,2,1.6383851863231913,1.0330872672296962,1.4034894273604637,1.1481406280813002,1.1929167673837682,1.185655487312587,1.6933354025983467,3.568725112590155
6300,3,1.08286111133501,1.135214705824905,1.500699229020661,1.4258930593559376,1.0867567850568605,0.9114552080165881,1.3933435270133712,3.2710498158577783
6350,0,1.6241056558392433,1.3217727951293545,1.0802394798993733,1.1462402049029383,1.3188534088095587,1.3159919310972386,1.2659206092502187,3.455336526318147
6350,1,1.3551540986314288,1.2458144012995516,0.8895728972926753,1.1923596661237552,1.0345450130959766,1.2860490494166388,1.0179430809844487,3.059733864941633
6350,2,0.9843412553759746,1.5849453526004804,1.739666355474013,1.2363155307912461,1.5130041599994022,1.1818129009417857,1.3891583000245011,3.6947961650602306
6350,3,1.1785222769850734,1.3100516076352577,1.140808569785092,1.2422734197064584,1.240293992366893,1.3702303993251201,1.1751947130904141,3.2782282657914226
6400,0,1.4384425389700168,1.1211851639215262,1.114896941320444,1.2415381255458433,1.0799246434108793,1.0318301971892658,1.428658354176167,3.2221981163331535
6400,1,1.338349047678414,1.3852609440048456,1.2433140539434788,1.3849114910519424,1.300569730230058,1.0845128287228607,1.4512994623389726,3.4853773912488344
6400,2,1.0913887046960964,1.491806632832091,1.2063616800023438,1.3531536880154615,1.1637665942472968,1.442275960986146,0.8374402225044251,3.292228500675597
6400,3,1.2488852605326477,1.1206230697417183,1.0302642864954634,1.2083223703499006,1.5616877801740883,1.3158311274597807,1.1236492697896754,3.281747380491844
6450,0,1.0398948923859155,1.605556171441841,1.2041062867032806,1.2775363238432633,1.3366069156253395,1.161583547100845,1.37119412452267,3.428867265760075
6450,1,1.057670847008612,1.043722754219805,1.1985593908498642,1.287601677519739,1.1262853792864447,1.1505415029403485,1.5528691209437135,3.21032000180625
6450,2,1.1736758206706743,1.4450540809941512,1.4386343948392168,1.2450928783942978,1.1091902325809027,1.4267547180430196,0.9588151073430161,3.3572131053073653
6450,3,1.355538026614024,1.7178423547966835,1.197224853894873,1.4094970445294577,0.9789349880837142,1.430373198840208,1.2742408784481516,3.582801415375137
6500,0,1.3133335199271892,1.3656726872121896,1.0964908889911547,1.620974086057815,1.643125698269064,1.2385721917462376,1.3271201538144097,3.6626393649406634
6500,1,1.4946115380775233,1.0166986502242517,1.1476090782859043,1.4820237540412922,1.377112754260745,1.7285341727483057,1.1409271440144062,3.6009617425743774
6500,2,1.242481332591654,1.5509013665031155,1.1629154674619864,1.0340541653161335,1.2759958707307082,1.4210924109220893,1.4427363955011683,3.4784842562725244
6500,3,1.1950999106408144,1.2906554519737425,1.598396864164955,1.397955975591405,1.2406045060543165,1.5332320793988186,1.1726802637177036,3.587239591641494
6550,0,1.3922194403930777,1.2914919780770735,1.2501270892804843,1.466319208055897,1.5822013088450733,1.4062918705396388,1.467607945724808,3.7355089543627042
6550,1,1.4189020010555085,1.0025281018073178,1.6238323609476846,1.4129137040958812,1.5339424102646988,0.778902617873258,1.5673307794165412,3.614926905684337
6550,2,1.312646894708003,1.3868891624482953,1.6847091788803568,1.5452637622534948,1.096764479422039,1.5339491792480846,1.2853736583604167,3.7524214023594493
6550,3,1.4751117566249508,1.1167544410711872,1.5783088369100733,1.3749980270796862,1.241461555590536,1.3686143069448524,1.3408098679343867,3.6078908731363346
6600,0,1.1873036471401284,1.445462800090021,1.3124670714077649,1.3362772714774134,1.0943467271419633,1.160826056030574,1.5494720841674212,3.457345086613873
6600,1,1.2512458284221395,1.3182495506483531,1.5697093294589293,1.4438079478211077,1.3104569761920408,1.1546161186015609,1.7098041619335573,3.7183104913469003
6600,2,1.4492624107318397,1.6498723657393966,1.1235305210983628,1.571443928221162,1.6487122868627493,1.4599925319354237,1.2952680152997984,3.883522478291014
6600,3,1.5069334346550485,1.544440795069906,1.022016897466781,1.1250086982908152,1.3916854935989311,1.4122057570031827,1.216588825782981,3.5181686770423175
6650,0,1.1700533193089164,1.6033467518274847,1.422351552327189,1.5772717635246838,1.204436820220497,1.1088993200271164,1.5549192115445072,3.68085794908348
6650,1,1.1865137672927777,1.127000337581876,1.515499972604902,1.243899631532844,1.1182602011684089,1.2083121266368537,1.4356921283699446,3.360611120248261
6650,2,1.5468643067640948,1.5926979266643557,1.4193206141959758,1.379409885175915,1.7233034314494713,1.489297521812929,1.5633471649830744,4.059378608842571
6650,3,1.5474812193868108,1.2547397970707537,1.069735559787595,1.354903340278474,1.167802858888412,1.1983475712487965,1.4875483945232708,3.4585788926775245
6700,0,1.4539433466700442,1.4407383614629214,0.7846454715313924,1.132450638193962,1.1917986965760836,1.5741374864190814,1.1274989656698187,3.3551956906198974
6700,1,1.3307003632179288,1.755940725652076,1.1160817068239588,1.2571883085498277,1.1567983784305362,1.539881817373851,1.3879363210082627,3.6491146651106194
6700,2,1.095958185337044,1.280310051678374,1.692477885490893,0.8971263577551576,1.2246604752234296,1.5530243844406455,1.5879197354602237,3.5976106475821554
6700,3,1.460839837106636,1.5108140075568601,1.504239228568939,1.1278441160911457,1.0844656231615364,1.1203981413833894,1.30457950642793,3.4763005298306835
6750,0,1.0410004876500143,1.4017465341333502,1.3296187198415839,1.5015098842243002,1.699675929657517,0.9887039619988442,1.5571499568202936,3.6554265157671644
6750,1,1.1323479404652623,1.3954807755031986,1.3039957362237928,0.9381885627472343,1.3226579175697664,1.2755845346689867,1.105182577579284,3.2261663804298686
6750,2,1.4007792080188353,1.2306732847899506,1.3232557910096294,1.4754415812145492,1.2551725571035253,1.2586546574852484,1.4017963836353755,3.5396858148173687
6750,3,1.5229114814543945,1.2685248771765911,1.3442063542329434,1.419079545468891,1.5038611985253993,1.5540271515669153,1.2281659381524066,3.732838422349021
6800,0,0.951145464931705,1.5449278265228605,1.5618004917179036,1.474608065166935,1.3195725551638409,1.2176660497600846,1.2925736972142252,3.57769457978465
6800,1,1.3190847157345764,1.4875710640528852,1.096940783738538,1.1767360814790115,1.3470784504433666,1.182334212701722,1.2622658354923788,3.368484618934852
6800,2,1.6318870980239453,1.281071491026765,1.214604698727284,1.0133088302368973,1.3471280603043967,1.213567114432024,1.1700037259612335,3.3856560510894402
6800,3,1.1584610259183186,1.5587215727702792,1.4182836640671028,1.5449744074937835,1.4825206936241897,1.3205166789286296,1.059748432135629,3.637968939852032
6850,0,1.563771107213476,1.4550764566943657,1.2919256337521867,1.3263902114386463,1.5842947252396467,1.2524196647263253,1.2876273203373392,3.7050694076930086
6850,1,1.2379054968899141,1.7000769826658493,1.5600892497340275,1.4972249272973868,1.1044517681374646,1.213822356516408,1.484660276011032,3.741073010883776
6850,2,1.5218160838642714,0.9392821077468334,0.996092970593853,1.6684378089374874,1.6448873426893444,1.2356065037308714,1.2738811507872279,3.581788936820896
6850,3,1.45267558637526,1.4953610723008743,1.1819692544744647,1.7463022962615735,1.4996221346712848,1.2107301113685458,1.400756942710628,3.8039253523403254
6900,0,1.2431063725128415,1.437608506179942,1.3582561834511822,0.9735611726372274,1.348582444043325,1.5274717015732544,1.2047030795544986,3.465236904534834
6900,1,1.1197737445307574,0.9023917077499952,1.4071189536886273,1.5631147490871788,1.2865734893539382,1.371984448914803,1.097507004194507,3.3516637357629513
6900,2,1.5294579655491078,1.0720746270172006,1.4980239816695227,1.2669067644969436,1.1127256551335536,1.2633602441524707,1.370691081494805,3.471418413969655
6900,3,1.4163561630920758,1.5057849495294797,1.3738337689056346,1.3172486390889682,1.0787810262636743,1.3247021830527086,1.5454970405968758,3.6336182759930113
6950,0,1.5699261736888395,1.6741555705253615,1.528611885800187,1.4393143028564883,1.1648972942028635,1.7099115363003463,1.3232851190184958,3.9632829446307767
6950,1,1.3921884273691583,1.3955632778852716,1.262015101654132,1.571716663017566,1.3515652696344238,1.5492710734776605,1.3656215209603129,3.747085873208567
6950,2,1.7803498595112923,1.3437894936403587,1.6028858518590434,1.6622230650337912,1.2681890120029984,1.3418426489795319,1.2490371555985873,3.9085269959860414
6950,3,1.4090730661319735,1.3995288590156312,1.5925089256573703,0.7794509446660678,1.3162200131936328,1.3098944515803579,1.9105834547543958,3.7664816634823897
7000,0,1.3632140423864865,1.5391117227786393,1.2586077769780035,1.1504449268077304,1.2163358485656695,1.4559134075251854,1.4638188667266878,3.5884198343761367
7000,1,1.3765938762644434,1.3555799423049029,1.9654284014292462,1.592764732617495,1.5106792599932304,1.4677549903045095,1.4086701784543034,4.068565371794693
7000,2,1.1056663893706289,0.9357572956586715,1.5546798974699085,1.1876923108581048,1.5775118855824624,1.6055831885361742,1.4166699272354153,3.605437185283907
7000,3,1.6966128487252263,1.5200313755303387,1.5320512586027224,1.1987045109523997,1.190768404390306,1.090610609982384,1.8069263173162213,3.852973879528687
7050,0,1.4137748689382348,1.2192689161462529,1.5597200063509729,1.2659154173054021,1.3560002183321747,1.2743825495137935,1.4991850530412418,3.63744246824458
7050,1,1.2982770511224544,1.1737286257112967,1.2811213899972713,1.592903316646653,1.239935807648549,1.2595850192432843,1.3477560848259675,3.490303263665548
7050,2,1.2624498572151224,1.4080962822064549,1.6691262204252322,1.5723383362121155,1.0354925581488772,1.652328985755963,1.2014204517266525,3.7524114889171654
7050,3,1.4314201623869285,1.5620731371688517,1.5817927991339162,1.0813253527427444,1.3366363311216312,1.0475379828271498,1.5119682739555524,3.651075144887666
7100,0,1.3917734106077824,1.3442258826149753,1.375692747672633,1.454730499517451,1.560903607068133,1.1583244811588527,1.2815825337528715,3.6295092336599533
7100,1,1.5284335140630212,1.4782792639252331,1.4976338610713242,1.9620933801277745,1.5545637623248612,1.6077833485845934,1.667393678995779,4.289052770846448
7100,2,1.4515428810473707,1.1363732808040412,1.5908387593947524,0.9365529739560028,0.768211240067128,0.9078797909181903,1.4727719407437365,3.2233013842686686
7100,3,1.3418780287990302,1.589939393504782,0.974873797297713,1.4002943448797005,1.6330498536782982,1.0567777260424023,1.3222937720731451,3.573770963376521
7150,0,1.3787036694317099,1.3439839552177337,1.4000580976788495,1.5486166889461386,1.5844074453007422,1.6399908186395307,1.2691129623981698,3.8569492549707243
7150,1,1.3264770722848445,1.524388429366391,1.727736802511466,1.0531774651459742,1.3640274803838257,1.4588446553795305,1.5674928039744267,3.8240542785126137
7150,2,1.534468408569979,1.4760481929013327,1.4369225626664832,1.4530209261073954,1.8199578436596446,1.3077559522204196,1.3938764489992101,3.959127626865978
7150,3,1.8977166355278874,1.6243561269645905,1.3491499854199283,1.5191020060198825,1.4926329082555208,1.2352951833327341,0.8648110132782215,3.856104656421893
7200,0,1.6055671409102112,1.4766031866650777,1.4119736609843163,1.4082961630313533,1.582000554240509,1.4025930593419047,1.588661241924595,3.965981354253584
7200,1,1.2133749682673245,1.9112372136765523,1.1962819453284805,1.7081464234094146,1.0791028385503814,1.4966712290117588,1.47602142951328,3.880346397087069
7200,2,1.5676079419261,1.2836026559146692,1.4546340956878163,1.4579678075408409,1.4148532543315944,1.5967643839523296,1.2147366132651165,3.7912678864440723
7200,3,1.3677090910676848,1.2196780626775583,1.1549564927310465,1.394473778542938,1.5100908385477765,1.4513981456516325,1.1055832789272726,3.4994241894948943
7250,0,1.9146735133355777,1.5461491740942217,1.0215204881657975,1.359824277761549,1.3611175140503016,1.4494810102732014,1.1624392552896938,3.7754574840393595
7250,1,1.7280234874810443,1.7054981700532243,1.250099754014109,1.4915454845129452,1.4370558889884253,1.9111172444143631,1.6350411341388185,4.251247436811736
7250,2,1.4775825469892643,1.529508672834448,1.3968347744848533,1.3337906569663531,1.1406814909087948,1.7112230782907023,1.6150485999325879,3.884663760840157
7250,3,1.446528135694113,1.4358509679515534,1.4266042236055236,1.4235112709688367,1.0205675986264333,1.5168338544970195,1.6943091178461993,3.798515782675874
7300,0,1.6488945080586765,1.4004864979587488,1.2879614367758694,1.4866110017375842,1.744421319226261,1.5818655717424253,1.5101161844180997,4.046582234337562
7300,1,1.287454462439272,1.4114944148262685,1.6273184959169968,1.4866791815929676,1.0958657371946177,1.09826327858164,1.2134710472695103,3.5196380321952705
7300,2,1.1463613661577559,1.3828115891910324,1.547136848465871,1.451850985574691,1.4867715808502626,1.4946148120872578,1.5718068081309822,3.826585396595343
7300,3,1.4273675931456327,1.4090935004465812,1.3651806415454693,1.4379286536641482,1.5142404566488001,1.4806241622358765,1.518230166368414,3.8398534665351183
7350,0,1.5399181464072667,1.4014792802586176,1.6511469347433518,1.1464933480155417,1.3052430890586655,1.4413658985408297,1.3874692396944721,3.752664564532118
7350,1,1.7597198503785414,1.6578589875057488,1.5640077049166432,1.64004518976447,1.4577765147633037,1.3720231624993713,1.2016561943093185,4.05370401417398
7350,2,1.439231778035167,1.6759806100589096,1.4245701024032822,1.3625248477220893,1.8762829244533938,1.6053477209827836,1.3557646361164153,4.08678965936895
7350,3,1.104796752617001,1.511286224595314,1.606834159547404,1.482398519987933,1.5849929846629793,1.7939526807456854,1.5710238216590402,4.05987292116405
7400,0,1.6118160034129048,1.6432251161418163,1.792196476310082,1.1709128298236662,1.8476396046773058,1.1500099745548658,1.7571777618350137,4.20774445670795
7400,1,1.493171156259252,1.639975166042622,1.634775822112634,1.4054838262253637,1.432490208504328,1.6945481069056356,1.4327415202606815,4.067336372790352
7400,2,1.0665495299000927,1.5440382421843626,1.6857071789593945,1.2841852299798049,1.5268218755054435,1.652157982641228,1.1476684407471218,3.7934517632580267
7400,3,1.8123549463362119,1.656816728580323,1.6138998503695754,1.494747500006232,1.630254169657529,1.323298127258799,1.6097655256846148,4.227151118470432
7450,0,1.7201142112965075,1.3853156114022318,1.0649441713879106,1.4855409851182235,1.3424986899690914,1.6194998687521314,1.2986261385638258,3.7855439179801023
7450,1,1.7371539474143423,1.3444319017316821,1.3243324763232844,1.5005060425543624,1.600637731076868,1.9105073483542168,1.4792538186032549,4.151005565054387
7450,2,1.4335295606963652,1.667182451546275,1.378947821815665,1.5305565209250245,1.4285899709093615,1.2221065781757452,1.3806298206706173,3.810401183904218
7450,3,1.5788682353394823,1.3897831199228723,1.4874739254568596,1.466782098597393,1.289439032995277,1.4998384210366187,1.3387365393644204,3.8069323949244507
7500,0,1.427340384129389,1.4920500000140313,1.206080668463196,1.4116980220220208,1.3708542863751274,1.4850117978682895,1.7355690628388012,3.848082268493521
7500,1,1.2337330712304715,1.521236677549273,1.5045097861418415,1.305832149787399,1.3393772401610047,1.6286244411666757,1.4517016460099845,3.789299704567949
7500,2,1.5513674786376306,1.687878343772957,1.7329860467820755,1.57327892292496,1.3930343919269157,1.317529261121874,1.6730676398058393,4.148458154927265
7500,3,1.7433908989529567,1.4893491172614828,1.5667269825981798,1.2291815073624335,1.1840904162055523,1.5994250376949901,1.5525951038007617,3.9489081221249114
7550,0,1.453908414372471,1.3790791740129615,1.6339467799631715,1.4712406951060744,1.3679043884303108,1.2718307491620062,1.6267628999540216,3.8710610575571236
7550,1,1.2782603557003185,1.5605537006814176,1.2908272591098378,1.6748613447722172,1.7305711723007433,1.6164876846016294,1.4266607017915554,4.022927131038078
7550,2,1.4625364382211083,1.2062160207456303,1.569354581524291,1.3026534242453396,1.5143254859881095,1.2162072026369792,1.5390990856902054,3.727588671099444
7550,3,1.4386592298161478,1.367032611667194,1.4636772735461614,1.4915897985466333,1.5069185365990232,1.2492814208057899,1.854977998436615,3.9469178795765334
7600,0,1.3798872571840837,1.9586607751485645,1.1536134442194803,1.2157461597283175,1.4366063151570616,1.4128566506778522,1.1685583821383752,3.7382929113169183
7600,1,1.7159108331451183,1.4559549840826183,1.4553387345472457,1.4775623414032015,1.7164767607760725,1.57719349623721,1.5384267996804994,4.143180544077067
7600,2,1.7160046905538986,1.6580186027280355,1.1639402179418121,1.7775036907052146,1.5546281895556637,1.5746694176292175,1.4897998750798904,4.162202570367548
7600,3,1.6680927682679643,1.1950857855043935,1.7042303418577802,1.6160700465609357,1.573096555631404,1.6427527906114354,1.819858022581137,4.267551956159018
7650,0,1.4312411665893716,1.855837889290597,1.4368013048204151,1.5656615630497435,1.4559022704637348,1.23881840549792,1.4665947755203934,3.9766194646127855
7650,1,1.5933732194673056,1.10499409574368,1.1844279426698245,1.318690482902857,1.7952883913203002,1.5378849767863632,1.5073420809034226,3.842121167781741
7650,2,1.520666071581945,1.2521049063329164,1.6272982564873486,1.5399371592969757,1.2492331693450969,1.551254589106014,1.3987270755672623,3.8500791954728983
7650,3,1.5862830877836245,1.569707955387823,1.703231319902464,1.4865196707259738,1.279951024831628,1.619126516208831,1.9397980245649242,4.256016498782891
7700,0,1.644440179965624,1.5832337068341666,1.0342296974645342,1.4208601118189117,1.5928411162700304,1.7595316256835498,1.5247905078628567,4.03204259113746
7700,1,1.6857844958870483,1.375538999931631,1.2608526959576083,1.5763767802107969,1.241882567800405,1.4867498115515083,1.3413667649084284,3.789545130138084
7700,2,1.5132123210205015,1.2965302895478137,1.6197303066868416,1.3841653025196752,1.3049514258926709,1.4352969426254931,1.2219886816374272,3.7103199386039214
7700,3,1.5107647939948612,1.6042641935406903,1.4578090207354495,1.6178821167598465,1.3521934353332783,1.2137681813631938,1.7280889424496202,3.98582177571763
7750,0,1.313900195484024,1.1857460207386803,1.748114057963062,1.8219522054521775,1.3529493611481034,1.6704433649105588,1.3698498829806924,4.0006351569591665
7750,1,1.3975722932272578,1.7291284615789186,1.634731569730673,1.8067957428970742,1.3258197272039822,1.1962269332689506,1.561621763253683,4.062926416938005
7750,2,1.6104299871743555,1.62044983613436,1.1059859381351493,1.3846481310919263,1.2348272128971376,1.6042757444041178,1.3755603379029804,3.7882004844403077
7750,3,1.2240587718705425,1.5991155051244,1.43183296933632,1.7676510573377082,1.626435994941307,1.5365740842947686,1.432509722119602,4.035921735420828
7800,0,1.5617920017724958,1.195668677561128,1.4506624097967875,1.6119357690639635,1.4768085558404866,1.4347651698366541,1.4617374797444351,3.866234247553587
7800,1,1.141318146155845,1.3361037696230758,1.5022279434729433,1.5378344256697334,1.6310391571323157,1.4280901852129204,1.6906055167208207,3.9073368464004683
7800,2,1.6266729173016115,1.5124466529582017,1.743207101680748,1.627550759016028,1.6230334050808737,1.697923366832477,1.4333203484255197,4.265306617970817
7800,3,1.3914160434988414,1.6513992848289356,1.5171773920150848,1.601318806363634,1.701826912644032,1.8167580845274047,1.6011776054119002,4.276657791414088
7850,0,1.7001865268530159,1.5299705033030073,1.636431551042656,1.4411703247206185,1.7783341374039108,1.709533579615682,1.563111566131678,4.302861748352755
7850,1,1.971159481049164,1.6176240888020412,1.599504481182734,1.3451086847544378,1.5346678634732562,1.3717533559567483,1.7125885664352833,4.247326414365763
7850,2,1.7693978146020437,1.430542527293032,1.4998352859685227,1.5750205466472682,1.4217373569202745,1.8961739149493728,1.732735708459586,4.304253921329199
7850,3,1.5375882131858822,1.6967167190420864,1.6041793884723234,1.5917152281704627,1.5307243507114277,1.3591535144820879,1.4633014062068948,4.084316385295254
7900,0,1.8842792433092437,1.3571038779230737,1.394283576354539,1.5417484185869044,1.4578554738560663,1.5207213104251511,1.496831810064739,4.048665883226485
7900,1,1.514920397043094,1.3188285456629152,1.8414512788157222,1.689336406170233,1.7261085353108367,1.6599737153495655,1.765267214376379,4.373811221026039
7900,2,1.0560416060423368,1.5269061336704162,1.526650977248422,1.5408191582202806,1.5751623446948753,1.5920565041452182,1.7657161918588695,4.035466155741288
7900,3,1.6058813294867762,1.3227860463608827,1.8736083595952908,1.5890966810967004,1.2267322246892371,1.6517228821102048,1.2635969061375878,4.024175926501861
7950,0,1.401181186689419,1.4322790537007206,1.6759401664554017,1.5104185808979356,1.6501293122408627,1.813358735983855,1.3923883845107259,4.129747425989676
7950,1,2.1327139196167133,1.7792856866597826,1.5997677520766267,1.79087653400806,1.5562408523038005,1.4893536902921283,1.5728889339001366,4.538156172045629
7950,2,1.57681065130049,1.4834103509966976,1.5355762291592958,1.616062549510544,1.383695823786343,1.652348814227346,1.5555396468855787,4.089139878833153
7950,3,1.1264964383701164,1.5772288386859927,1.6734271602479407,1.2055785641318941,1.3638292903301057,1.8678962103216261,1.8342539212244897,4.089495959579463
8000,0,1.479821960718515,1.783298019034147,1.4879619913674509,1.570590656895006,1.4324694871743413,1.6443590193719348,1.7096427976923538,4.21065014829927
8000,1,1.629336675665121,1.7957474919379162,1.4009716480256629,1.4410941881951653,1.9184547546219317,1.5832103195948837,1.543584989590693,4.299837119820161
8000,2,1.5292261666796905,1.5557172370193055,1.2684193649565232,1.7203166356351933,1.909986605138486,1.6249213097450579,1.3909690827214156,4.189317233919583
8000,3,1.7785697898097297,1.8436137715489485,1.5857603209597975,1.2655828655052141,1.5563151289037578,1.6815082032474722,1.8726351193856994,4.4085039332249245
8050,0,1.5284598542415795,1.3382492982182135,1.699872848943163,1.581593434678611,1.5409948723772648,1.5961925968627049,1.6252987814566457,4.133061617902539
8050,1,1.817795619585207,1.5279581360967738,0.9772091150274749,1.6258989843809069,1.7296107051849157,1.7136743415742253,1.8486788020100078,4.310843118882015
8050,2,1.6949793046751804,1.815262626356724,1.7202860998882246,1.565603295638483,1.6462862339664512,1.616460142919059,1.3923806622912194,4.340571028934242
8050,3,1.6308006130816526,1.8516915009752077,1.504846996842806,1.5898535462033503,1.7064198174955025,1.4541811644417042,1.8217543020680034,4.38472017651699
8100,0,1.828307917603695,2.0156829851728584,1.6037187992610036,1.628289476659893,1.9580724241261982,1.3270006771336829,1.5420092635285159,4.538909486786081
8100,1,1.766998172586597,1.5376904757685477,1.853282942079857,1.8501309814243623,1.4570980642838651,1.3710612844241687,1.2964707371798456,4.245962439774334
8100,2,1.1577563446195174,1.4735210966935903,1.1859347424573832,1.575585692487809,1.5203163038617797,2.060004868887782,1.4588965751654515,4.010478351058184
8100,3,1.4253216466928738,1.4382604616296986,1.4175828282741592,1.851535174168061,1.7034109667336683,1.579450546919356,1.8723650541733816,4.294168414962313
8150,0,1.4712872479462358,1.6013404944171075,1.679751427484308,1.4011868488724992,1.8371742952021215,1.580732040424958,1.6120132700183725,4.241034890909392
8150,1,1.830013785866603,1.3559494609942762,1.6047019455593992,1.6746482088750594,1.2053602029869759,1.6179396255592209,1.5341953307030176,4.122067626623017
8150,2,2.0786698220186497,1.5706512230435643,1.9316915945703446,1.4204944079816997,1.8082112404216384,1.5669897540906763,1.7355334173766244,4.612397564749118
8150,3,1.3443984822424278,1.428424166677968,1.4643771169741735,2.0079840937728495,2.098371347450514,1.4807740208390614,1.7422575406375065,4.433454487312256
8200,0,1.5730933786199195,1.5989905794699955,1.515203507082417,1.6373959281582442,1.1909901862947188,2.049384356723061,1.9568532263691147,4.410896638949774
8200,1,1.4251524408802787,1.7916087788610264,1.8534970675935465,1.539678622435701,1.7026656607173054,1.9842956997639716,1.694643829354117,4.555798571146222
8200,2,1.6276856982671302,1.6327789755581428,1.580102208495935,1.5557265741783708,1.5908802698243254,1.829825432379404,1.5588941006825332,4.306001398200905
8200,3,1.6974148203329706,1.418229348009674,1.8023985454635556,1.6491419969225327,2.0637373285137217,1.6630139298849878,1.7267411456350041,4.568059048946947
8250,0,1.749304937944709,1.3204445395941768,2.139161517515916,1.4882133613919,1.4470689010748528,1.679693063705204,1.6106301158235055,4.370805316852169
8250,1,1.6107522227562694,1.453609024885759,1.6676860531304505,1.1842479345985555,1.8170692830543032,1.3118039512760507,1.3912013759114008,3.981097024325213
8250,2,1.7666131200067767,2.0638749994980397,2.0244646050664885,1.5594282323018456,1.7487909505906112,1.5053016441762421,1.7124316857662123,4.708226883386526
8250,3,1.435137544992995,1.6719621879760989,1.8224018247049092,1.684724188198019,2.0156017134753164,1.3461686882069008,1.807338959204254,4.489522897813133
8300,0,1.6872423401449934,2.0065623409811852,1.663866955281194,1.5329860597404152,1.415359635779579,1.5432985322999562,1.6488666859227092,4.369823023097851
8300,1,1.6233548865249434,1.6120044794992892,1.6782226298312395,1.8171353485054762,1.8570958216563203,1.7641380125815436,1.8400752999223176,4.615096589154849
8300,2,1.4418233183764468,1.4655969420536485,1.307978359838892,1.40749282421401,1.7315275846441107,1.8203200331909195,1.2893869727311649,3.986595525390096
8300,3,1.4699329546899487,1.958378532172477,1.3031750517544451,1.6309879090545247,1.6779135020383087,1.9877756650133935,1.6663647469144214,4.460689792628027
8350,0,1.4923955659141255,1.9578708058515348,1.5938566376627858,1.4830150638627715,1.3478478874581994,1.8628899925411204,1.7391022542386434,4.371698180497462
8350,1,1.5537334914607122,1.6160335119908311,1.6155759853926412,1.3000964464091378,1.9343713910895426,1.6752981947433785,1.9937144412651864,4.455255615808442
8350,2,1.8504700061480186,1.845852451710601,1.685046980074879,1.5864110105931375,1.4927900993152945,1.5819007243098737,1.8512105193474957,4.5105771588410715
8350,3,1.5366072177976604,1.8684490973582923,1.5813640911985944,2.0220266020162856,1.917710585817561,2.1720820426965375,1.4769911614376174,4.797772912667616
8400,0,1.7913340460091098,2.0565127708391007,1.485420273963918,1.9615178138079403,1.8915834942912813,1.4027928473898126,1.7273951051634941,4.692755875081362
8400,1,1.7695092097271665,1.722168002472307,1.5671615688368914,1.7115660482929116,1.8020312227557918,1.7942508802123946,1.5187928475725978,4.500651470101235
8400,2,1.8883279238655186,1.6920157797473963,1.6966722313070177,1.3933860076100744,1.7762258416111674,1.603154040257227,1.8230541175596713,4.505277838980407
8400,3,1.3978611886381362,1.8148058340502895,1.9717246625684894,1.7627003356764686,1.6242716066228056,1.8434756763772095,1.7229676328310837,4.609514618876649
8450,0,1.9819522125488238,1.6692950682590395,1.2830087654023972,2.0070407320531536,1.6254330712569836,1.858911268408428,1.8028839853694067,4.662293322777342
8450,1,1.5815176066767493,1.5321055594614614,1.7415085948208562,1.6160215128300075,1.6012830618447662,1.7170108334892396,1.8739204497854585,4.417774847128367
8450,2,1.7583778480443792,1.5709980052408064,1.7482833412168115,1.9901855131943345,1.5938304763335482,1.2333361126380267,1.9285029757490344,4.511961623126705
8450,3,1.5642407091117878,1.787504673985737,1.276738225394201,1.7557501066530845,2.111565013137281,1.6431088672375584,1.7301172970145506,4.528416975554209
8500,0,1.9033038696641014,1.6149363298865365,1.5727218762863813,1.8393260349976648,1.3727661452790487,1.557904722089342,1.3654003734816733,4.273526825196279
8500,1,1.6336940414402927,1.3785609789295,1.8270317943290655,1.8616810023244659,1.7524683472730502,1.7733983649264202,1.9116880214893264,4.609113373089569
8500,2,1.9033947765800674,1.6452486395515988,2.0539674574669355,1.785408258149384,1.6870797602724616,1.381850163433942,1.5314240460820898,4.564781191544861
8500,3,1.5546050631620487,2.0391882366260194,1.7627633636559752,1.5060348418974567,1.5485783787956122,1.4958340637128387,1.6509168559602678,4.39450818576897
8550,0,1.6413327618210485,1.7973761368802423,1.120693237690836,1.7236133505093205,1.4470165523766874,1.6338844757672006,1.9036927898838807,4.305672090251955
8550,1,1.7840079648914833,1.5407294910847864,1.77003707945265,1.6007951019146835,1.9096319071549042,1.8427422078393414,1.7918483576888284,4.637372252340197
8550,2,1.6407965183806947,1.7153145678312243,1.890061081773433,1.689923784555089,1.8107773760230188,2.001136333368908,1.6945091789276105,4.713545720527136
8550,3,1.482264277993802,1.6943411409469533,1.7446174208956344,1.3605352908028043,1.8919748555678795,1.5953968944890795,1.609634027407807,4.321854615991831
8600,0,1.6724828849643336,1.6927143143831125,1.7558786083869335,1.9801995788866151,1.7049091149747286,1.5523476180823574,1.4622859505846775,4.48570610151812
8600,1,1.4357771454449269,1.6188398554289143,1.6600049231669185,1.4661394630962712,1.477950574808318,1.9390548980020346,1.575654817464602,4.244318515608253
8600,2,1.6772916955206763,1.8265946070071108,1.4117051096746536,1.2080369817803116,1.9271760399648683,1.7233344521276746,1.3095019149732443,4.242723694098397
8600,3,2.093160716745379,1.5001334093599643,1.5997288715558158,1.7245223724990941,1.7575504195202531,1.4228654716880729,1.7108661918948982,4.4950444560638125
8650,0,1.8594258164668866,1.6424928434504653,1.562091845159902,1.631479064503981,1.8481530738821499,1.7694102585555047,1.743640556632391,4.565508385347047
8650,1,1.9299091986911268,1.8921880515474465,1.8866874772530087,1.9565576580935418,1.6094812909369107,1.6236652268969711,1.679239395674323,4.768563346205475
8650,2,1.8451160481988138,1.9172725067244534,1.4190775569074032,1.492477086278353,1.4628473955356345,2.0086495976477363,1.9897182631548238,4.631979116688042
8650,3,2.1228379386872716,1.458783268185412,1.7733459553518893,1.753152740263567,1.6406988147857982,1.4993205780092052,1.672189185589056,4.537495059436061
8700,0,1.7589580477145639,1.7758578495325277,2.0270723845874192,1.8285069396389353,1.811783127130795,1.6154990447830488,1.997571544002316,4.856207566907471
8700,1,1.7638197191712535,1.6035796066246124,1.798036479386398,1.3747502510676146,1.8874924707902154,1.9028266757457175,1.6287466059952211,4.543302068132231
8700,2,1.6259082436772863,1.6952030244034137,1.8119230171046334,1.9505277173628537,1.766256838188547,1.7344073046689938,2.283667613927949,4.8936575273264555
8700,3,1.955317355880031,2.06630744420168,1.722678480055891,1.9384689367613017,1.7516892982042314,1.6738842159089662,1.6616123873266324,4.842461654162564
8750,0,1.8184828747442536,1.7140130219955283,1.6722117532685181,1.9733011935335978,1.5717955604829612,1.8367569757398723,2.028819899552417,4.784898955064962
8750,1,1.9079849221930005,1.4781532631003844,1.6100501334333794,1.9652914729529025,1.7026362668851154,1.92901574051539,1.7386637461083934,4.68220024613009
8750,2,2.1930476860600248,2.2419689789234627,1.7640966731923842,1.873323860709686,1.914767425912224,1.8536962925820573,2.0662724202600042,5.275345331867398
8750,3,1.650333928950831,1.6018255284971923,1.6445298827660644,1.9622241830904927,1.6645455049098592,1.602226884948409,1.7644760520557918,4.505049150436963
8800,0,1.778257405887288,1.6368822594577366,1.6408172335823996,1.740325025811182,1.4855835291458968,1.851022875643673,1.4723094215415933,4.400401625237409
8800,1,1.6381343257005376,1.7796904588941556,1.7831578568493867,1.5587281513245381,1.9226166743720052,1.5998686990844029,1.7339426450069033,4.552214781592514
8800,2,1.8034464376644572,2.0353788959039854,1.8307186437662522,1.7679030381605527,1.8602512201339918,1.7824994830043648,1.6035221137755908,4.804302278861602
8800,3,1.660489719717001,1.6934850041804843,2.0204872884828253,1.906088717754754,1.7178395746136066,1.4947579555234765,1.9683264911922846,4.732889601203621
8850,0,1.5824603873820688,1.6448142832279387,1.6144617802332721,1.629646956408083,2.1081072534267147,1.6816584435858526,1.948658169024216,4.64124885336338
8850,1,1.7356808810711588,1.8630158147807612,1.7326895029916547,2.0893154477546956,1.9017185202011038,1.6022459432537535,1.8934287548597002,4.8600067740201345
8850,2,1.7744591455872103,1.7242547494957439,1.921584941666436,1.9132888018446872,2.09686910052835,1.8969166286836796,1.5115094839151118,4.8738830585799615
8850,3,1.6619699831016226,1.5142588890129538,1.883505749254477,1.6641333799191966,1.7978488438458398,1.523669414024583,1.4780266429936926,4.3715500371461555
8900,0,2.0783370987509935,1.6783992646150692,1.7094400293254286,2.036472332297662,1.7284779045437395,1.8316987481783966,1.775767591237327,4.868472108397269
8900,1,1.831428873782524,1.8014679809565635,1.4200598490692264,1.555862558850525,1.6714581542632965,1.555265723710834,1.822466214003768,4.423878820344849
8900,2,1.7504632694874136,1.4321681162209146,1.4946637866118984,1.448737670528454,1.5333579507424002,1.6605530831998951,1.811891534103185,4.2237023951204185
8900,3,1.6126397601543976,1.7036325144442417,1.3552826794221828,2.006601224289992,1.5522577285452739,1.7874293481700523,1.9358402218839577,4.551713463077195
8950,0,1.7557920295535432,1.601973522142608,1.9628365262689305,2.0969764163111266,2.1059461395192636,2.0495118393509735,1.8083230797292422,5.079832912506831
8950,1,1.7609815342705413,1.5831210573724723,1.662049013040267,2.082304305902536,1.649345344788443,1.8227917327478456,1.8282823456894655,4.700133242087431
8950,2,1.8808353093178662,1.507272205171114,1.8878234044072801,1.754044025472349,1.6256490589612387,1.8606640727364354,1.5885177467260014,4.591094956207998
8950,3,1.7689930863338466,1.6526107550211067,1.7300092071015836,1.6768325359693388,2.22420234906219,1.8275753246148188,2.0471381352195923,4.9135567829053395
9000,0,1.8311597240262933,1.9194283568707373,1.985898690932294,1.9132059490408138,1.7573515578175742,1.642781229874768,1.9558721714156682,4.924830188347438
9000,1,1.7340536360203944,2.2122915063594046,1.7924200245704984,1.7090192015539218,1.7403817238488695,2.015031990316054,1.758771547682941,4.921102693615539
9000,2,2.377928702633739,1.7827996271320448,1.5161487767325657,1.7770729123027764,1.9540667645306433,1.5953092048782898,1.5744213830798255,4.809553591036398
9000,3,1.6679608017144048,2.022571570992018,2.0503993173022392,1.8619497251159212,1.8317163090524424,1.5995064523155262,2.001150402993077,4.945916659057316
9050,0,1.6901232065338874,1.5142385338869069,1.7402766988728264,2.085806771405637,2.0248396545622662,2.0012077321758475,2.0459728165847135,4.981907310184071
9050,1,1.70861998135021,1.7419701441501345,1.5937084440299287,1.5987316513812113,1.5675316896357414,1.9033908822648709,1.316647598314161,4.343190655304898
9050,2,1.9245011133059668,1.9344721388685648,2.1373688519927834,1.5887849904899585,2.1082491818937745,1.9526822532667065,1.837553921525601,5.1159317192807
9050,3,1.7426187639742807,1.656934057887512,1.6611839607905934,1.926561021542861,1.8647656672931905,1.6099164675690083,1.8145399329259053,4.6491996456064415
9100,0,1.8610832014261482,2.3281411352355663,1.5558610006695124,1.8782559811490718,1.995561338564066,1.916603838718,1.8655374217609553,5.095908752605745
9100,1,1.7531530151919674,1.9970668064623898,1.7785997203454538,1.9956254269207634,1.906402951413299,2.2491427529541737,1.8687843240004944,5.13742438580752
9100,2,1.8103465280085926,1.5735193292059182,1.7739104676544053,1.9960441749730917,1.682704662888431,1.5938640802431658,1.9004798031029946,4.676322219154017
9100,3,1.952063498892188,1.9379242154595666,1.7455676215844975,1.6040766179968635,1.8467256789049886,2.0879408352690354,1.576703120061025,4.841699668507065
9150,0,1.5834412060691951,1.7993914541180678,1.5506616682435226,1.7882647508433216,1.48808316350104,1.870986099575453,1.6056526150024608,4.431776042746698
9150,1,1.848975006045936,1.9266349556846427,1.6229217029957599,2.1329194559173645,1.8177924340710965,1.95130529917864,2.075485931137129,5.072815257748989
9150,2,1.3657260936435036,1.8431171818969354,1.6449815499464768,1.6396523845299176,1.4853481769333672,1.788377180048339,1.6709607792879873,4.342047330646806
9150,3,1.5628830663006348,1.8298031060434496,1.6635046312029966,1.5253513208131837,1.5759008491745186,1.6717274316190174,1.749717148947605,4.384560797746302
9200,0,1.9215755629767233,2.0623816005816455,1.9664582152132015,1.8126052946489175,2.057910439537723,1.6372566926869645,2.1242324443702976,5.1503722884503995
9200,1,1.6133178175471823,2.0344854510492016,1.859480191249709,1.8197618643475615,1.7730704730598783,2.2353999738531143,1.9622727274734613,5.049993213664279
9200,2,1.8199078464695695,1.6414662246717275,1.6893241487339365,1.6335618105071523,1.7687463099142644,1.8280462608054093,2.0689552972815934,4.720128056234506
9200,3,1.468434052534736,1.6290341321338413,1.9853375479907642,1.6328657142564837,1.7638679407683662,2.0509106641940664,1.7231660221715186,4.658823048313679
9250,0,2.18853489937337,1.6694126735331234,1.5604000984532997,1.896560395857296,1.8818401651617827,1.549278532544615,1.7613262215420635,4.759440084718688
9250,1,1.7148640862182205,2.005706698174908,1.652566801576009,2.032058162641225,2.1532929050968304,1.8006456798235495,2.0509191940685616,5.090100229203659
9250,2,1.6317907596320698,1.9301916741758562,1.789322201299618,2.0343710711140917,2.0470619096455214,1.9121594832201114,2.0102009219705317,5.06126907753474
9250,3,1.603626461713105,1.7843992246350373,1.5721122688669515,1.9422758411164112,1.84707054023434,1.8411777160072962,1.7922821138191858,4.69186007768035
9300,0,1.749169763224347,1.7632531831053178,1.9731376657720525,2.0609634881159598,1.4624954976160565,1.9974158375132571,1.8135694885546645,4.871046786272669
9300,1,1.8961143901905784,2.002972338062256,1.7154175320607097,1.766154024574157,1.782320876925624,1.6255856789885077,1.924886528184851,4.815961998396177
9300,2,1.7442679140056632,2.0752409415983863,1.842811448075243,1.7782069229626556,1.990913529036283,1.5513495937650414,1.8291888599497423,4.860393352711714
9300,3,1.6382125696148724,2.2010269889952174,1.61120488924027,1.8811257412763738,1.7359344694790875,2.047129497610958,1.5837027207384324,4.834790321112457
9350,0,1.6230024253833737,1.9909319785065207,1.8157364819887118,1.7641776743013702,1.8543116608370402,2.1129702484385096,2.223870539222414,5.084868143412595
9350,1,1.831627594177127,2.0454336785588203,1.8209305525476993,1.9497733288276098,1.8897368480885808,1.810361052260497,1.713585663041315,4.943779020879591
9350,2,1.7731416719903885,2.028586557324663,1.7853943141725983,1.6822002242619236,1.6314296297846276,1.7293449409910735,1.5331666728871738,4.6129623746369814
9350,3,1.6611401341816125,1.7358407590743128,1.9051810359913488,1.6350475012064472,1.6000469798808683,1.9286612472457811,2.0430656595433763,4.7465383840240944
9400,0,1.9913200726718991,2.4732893628395543,1.7971540640109143,1.8421607152533523,1.5684053471589736,1.4793954985107332,1.9918280892614064,5.032069181356356
9400,1,2.003734761755926,1.791915478993593,1.8624526182019958,1.8643529524795202,1.7869128297993377,1.8514738249122107,1.8848227224377736,4.9339664820959985
9400,2,2.10887742732175,1.8027257635955038,1.7554185346821831,1.874822278702898,2.1148409689670804,1.4956786790498933,1.7210064188335659,4.895416950523934
9400,3,1.9428977195541814,1.9447427950705052,2.1238082597289445,2.1370431784389776,1.842711872335806,1.7553714298530374,1.6633179505981204,5.087035842630411
9450,0,1.8320683510957039,1.898293548301136,1.5151008020243717,2.068572276242811,1.985420314439409,1.8781932871992886,2.018170901944133,5.0076972931145365
9450,1,1.9818305717804006,2.210105586374419,1.9553289968947647,1.5335733986128535,2.261292408902918,2.1207483789192447,1.7044721118669401,5.244389401882741
9450,2,1.8159187642102057,2.0934285388938014,2.1943137425576675,1.9119927230072395,1.58361936259269,1.8465024141678226,2.1282386566691733,5.1572816686819545
9450,3,2.038984594948531,1.8738019858038046,1.694247227135672,1.530369709337123,2.0015501744085022,1.9455899641920402,1.9315225553872108,4.939979753578171
9500,0,1.8894393762450623,1.635426102159883,2.2577874696198066,2.1061759820197348,1.9815253411624416,2.017969503032792,1.6187815234135186,5.137828182289141
9500,1,1.8574997522764103,2.198412307052903,1.729376194800997,1.7504747011724824,1.9060918202892152,1.8055098856668776,1.7817183375474546,4.940222455827774
9500,2,1.564012049031922,1.955510753387631,2.007584141424613,1.6125382248415359,2.067634084346663,1.7587170915459667,1.9554821312479067,4.908455611298141
9500,3,2.067811169764643,1.9436915326944695,2.002634220080364,1.6311732658871876,1.987350568896829,1.9136406528095602,2.177809100436293,5.203795265051907
9550,0,1.7376560650855146,2.4545519490058774,1.703860675366441,1.7150852743286293,1.6374009712407982,2.137504970036563,2.2144242897097532,5.200251623006716
9550,1,2.2392049326161865,1.8753951849232777,2.219988958419406,1.904663399349226,1.857645580826934,1.7647271345917261,1.9940167568814942,5.2562773195927415
9550,2,1.7981613289239726,2.019745149530723,1.8237638202215047,1.7279353519967444,1.6972434019183291,1.7566031155606248,2.13368626760951,4.913607274300375
9550,3,1.957998047265419,2.0486319408517395,2.1857360956209204,1.974856988799881,1.456197592946445,2.0194346581322375,1.8220558827258535,5.121197808719134
9600,0,2.0492220910942542,2.0038411423719094,2.090793628548438,1.9114055155110696,2.271446734407929,2.195425259684671,1.918073662129321,5.467901650163807
9600,1,1.748537976700101,2.0268279368555926,2.036076049978977,1.6137841616801214,1.73898664059731,1.9126443826086839,1.8690316231859243,4.908246511977355
9600,2,1.9292332469857514,2.0121794887600952,1.8937638742036293,1.7687003057923414,2.1276015171825335,2.3934189758484203,1.8051039446264316,5.291407417690052
9600,3,1.7537975071308158,1.7824552619178193,1.6265599605764052,1.8846658596815118,1.4512110276492631,1.9699533078862608,2.111676684406065,4.785031145796566
9650,0,1.7309436068223736,1.9626358524765914,1.9214853579766804,1.672752313351027,1.5122655967778587,2.0669557568530417,1.7731936803428003,4.800185486641033
9650,1,1.8034435543578278,2.2642560457112175,2.1342187432815436,1.6973272072367611,2.0393439170976406,1.9977098068736443,1.7656200089420377,5.204061441562134
9650,2,1.8195126239028248,1.4981244174104074,1.7531982997387874,1.9232053036245829,1.9821204328702051,1.4201621298798712,1.603297241711343,4.565484619129212
9650,3,2.060108597068708,2.0065720327653187,2.1244961612345703,1.8689646666693513,2.0310470372655822,1.7648437289457695,2.298136271017938,5.36639053686032
9700,0,1.8465210378558727,2.0208738218643343,1.8826349416816583,1.9131034443032562,1.8460077125055623,2.0753727235876407,1.663664946948475,5.0180222729212
9700,1,1.958229605224884,1.9849422501333727,1.7757405901584038,1.802156263015236,2.259939694105949,2.194096922085438,2.023469541533556,5.309566693527769
9700,2,1.8033116095251738,2.1269754581264495,2.0019973197120113,1.7043417278437976,2.0663409864451006,1.9769644638597381,2.2105243125104708,5.268140341121445
9700,3,2.0390218271933955,1.8900593754825075,2.034656974322264,1.831379512069677,1.669128521060253,1.8563476895813298,1.7870113954873967,4.964790113090357
9750,0,1.8908432096057772,2.029485756188773,1.9020348097683393,2.0348431880089484,2.0850916715484984,1.8151431947349743,1.8779397411634386,5.159596249982831
9750,1,1.6671900188082163,1.8596741806661723,2.3410571666887736,2.21557897395279,2.342814174233406,2.241700154676531,1.75866568349963,5.498559110290774
9750,2,2.2206864405822637,2.19012123762014,2.177672543123973,2.020765984725563,2.2888222925808166,2.3343552809145245,2.009551639015298,5.768886550052628
9750,3,1.9582430734167444,1.8255637566864102,1.8952024373360532,2.2887082182622507,1.7292721551996213,2.422149166681549,2.52643756202057,5.589047510831398
9800,0,1.824617407488553,2.1694643337756925,2.054280198535973,2.153124077614061,1.903197365980208,1.7134205643100557,1.9284659938574094,5.212366635269673
9800,1,2.199308126982772,1.6303586044719065,2.0542909385580668,1.7036061175229855,2.1344617889526365,2.260754288442308,1.7886050918918117,5.242466569892656
9800,2,2.0004031892128795,2.0653510308523044,2.3068995886863597,2.007375560243983,2.1677983786553967,1.943812470559185,1.549194971775047,5.338201189911948
9800,3,1.7184609399702562,2.2398237436549513,2.069122895031741,2.3640256879866177,1.7174189544064098,2.1282260541948697,1.9787872516925253,5.406873255701321
9850,0,1.5325269421948629,2.4310964195272398,1.9378447964327385,1.6885443311310815,2.001898674948492,2.0606931296321305,1.9850081153227974,5.201884729597399
9850,1,2.257480458942561,1.8569258206608543,2.034806146523773,1.6512580976321014,2.0171463046378357,1.840063660869816,1.74977986232117,5.091946969659387
9850,2,1.8846509081261436,1.6867758489323235,1.7350927814695467,1.6135156693702242,2.0214811511404767,2.165663835578525,1.8999624770888115,4.939376974188891
9850,3,1.4682233666598,2.145623633148221,2.40350975434462,2.136130706728829,1.8145653902565022,1.7226891830738587,2.046446864025611,5.24857547428502
9900,0,1.8403553554495542,2.0690291359128126,1.8999320208386483,1.7953450167595002,1.9664895695664555,1.7687730760996454,2.1235527272454116,5.0995990450170945
9900,1,2.1352867313442316,1.9846844685264242,1.9200862603784576,2.034583558121399,1.8065168474926239,1.6948836341931302,2.441824145967077,5.3313527533352225
9900,2,1.8858249441938821,1.9328485159499966,1.872650838819039,1.8890340569408708,1.839883328595257,2.0963778306096312,1.8477793400727769,5.055864822093268
9900,3,2.1885781382257963,2.0582513664359774,1.8010365541730424,1.8622543940392227,2.2697753672468988,2.043367264628503,2.0578454024457375,5.412943261149574
9950,0,2.431954268388603,1.9187759610183857,2.1748921064601285,1.9933763209435313,1.594439550279717,1.9434832051401978,1.9780833812874872,5.341534039509667
9950,1,1.862305434838211,1.5242670343388283,2.0907734568744307,1.8150342216083808,1.7646425336373253,2.4156762303676276,2.1402814614766537,5.1949508230594414
9950,2,1.9999360987137238,2.3623812412431784,1.9775966959922884,2.2316986071862415,2.231841088165823,1.8175326014997029,1.9393981818172685,5.524288334365628
9950,3,1.967228381557936,2.160814558117751,2.164820501834049,1.9669972605623132,1.6160046612455532,1.915709447727141,1.9926289010540166,5.22939927511712
10000,0,1.8443411093953317,2.0719513198341524,2.043163200038071,1.8832881171470421,2.1163542301557285,1.768092080363853,2.039716603935554,5.213579868982441
10000,1,1.7644748009756448,2.0385340005608956,2.1859172710195467,2.228502080145655,1.9897052587527628,2.411785935132963,1.970997155603643,5.538403762158112
10000,2,2.0139438019204703,2.111265257595898,1.898368640551262,2.16967101457285,1.9233911838307234,1.954752298352941,1.9829219811800007,5.317626934031011
10000,3,1.864312689263847,2.0738390976553895,1.8922548066617322,2.2981148106916267,1.8958502259476495,2.2748899694180733,1.827086418629751,5.361534069284178
