gen,op_id,w0,w1,w2,w3,w4,w5,w6,norm
50,0,0.28756852407619776,-0.037186842476321626,0.13791134821353554,0.39186963885827025,0.27332183474306004,-0.017121369734334584,-0.3450770749962692,0.6713687700918035
50,1,0.05039700524044124,0.04412298602253304,0.29304870163009733,0.37550828966441235,-0.022466791123084,0.12655603527066922,-0.16959034419414276,0.5259779318348011
50,2,-0.17241966100592274,-0.1846212693725545,0.11737794615383869,-0.12769961354903622,-0.042059751621300934,0.028900413595704888,0.2290100378652621,0.3859380522901239
50,3,0.016675129159282598,0.18123628636821346,-0.2395151043253132,0.4771998420254979,-0.027716199771489126,0.1597069332721965,0.24889929408249217,0.637524255787881
100,0,0.03558270428506971,0.14750726305593795,0.08324645461562105,-0.04384209517570689,0.20164158520204553,0.16456567768467192,0.07788341896339575,0.3250902045863513
100,1,-0.13243328648749286,0.20257833217439886,-0.10818438758166106,-0.11694053127695135,0.1699252870871135,0.47349995872860595,-0.24014571901613,0.6282533613738949
100,2,0.3118051179704235,0.15537780311153904,0.12464469800245187,-0.13077450325930814,0.29588024331022156,0.21086152775545772,0.05025604715204009,0.5371557849257409
100,3,-0.15734974878945213,0.21215400405457868,-0.06098016116944527,0.14937381402297129,0.3076452610938617,-0.05965464695462759,0.2054496771372127,0.48601773081348704
150,0,-0.33691323122380834,0.05398734392536883,0.08706535608728044,-0.23504615866013542,-0.4621136924120939,-0.20172612285155503,-0.25415184240705874,0.7057534158356134
150,1,0.07789409505564174,0.21710971506264154,0.16719648750441457,0.17880133549308588,-0.11326484448784868,-0.27214204437058115,0.07037639166150494,0.4527380647144584
150,2,0.14194573584667397,-0.14959466514730685,0.42872398900869585,-0.23785600629520878,0.24154815099825386,0.06682326083484469,0.26055614680915873,0.6431230499112407
150,3,0.21022337982319092,0.20891421045448308,-0.09084883811458902,-0.5368148430434073,0.0650604057587893,-0.05206531583435145,0.03855445820645018,0.6266520594481569
200,0,-0.13376568114877416,-0.1922596116357615,-0.060583062567722744,0.02992349812897533,0.06567522303155901,0.05733916983297162,0.36898621290026984,0.4507489096578619
200,1,0.1054096849289386,0.19446684660258393,-0.34906252794114867,0.23414810731399802,0.03364984321868773,-0.19667533338030999,0.16852438154123733,0.542044745900667
200,2,-0.1111146902306416,0.22823046816853618,0.2240343129288662,0.16256996292066234,-0.11791159261243456,-0.1083361778036328,-0.11136084756141348,0.42319864917330813
200,3,0.43869168121851715,0.06284731973729481,-0.14665721158056236,0.06238352590138098,-0.15075264239374533,0.2469775325185949,-0.23247121464456663,0.5996393459213256
250,0,0.17512010370702663,0.29712921492694433,0.2177924989897806,0.1156837464405867,-0.2147284912326165,-0.005061312569271524,-0.2070576578581299,0.518436050445819
250,1,0.30050276455400604,-0.024889015797358277,0.14438862528120416,-0.17254280576979553,-0.029571245488311568,0.270918876683754,0.33944275079997,0.5753549747064316
250,2,0.16426137686283795,0.03797842525999033,-0.20395232045425898,-0.004595403795043085,-0.14462076209540398,0.25559247171953453,0.10929156222268871,0.41015746911479317
250,3,-0.03528366045472159,0.08844550865052478,-0.14276613098028895,0.09545550559668659,-0.06728376532513645,-0.07634885510576385,0.16325433680364487,0.2748994318597641
300,0,-0.10508799718928868,-0.0798803719058899,-0.32716121845980145,0.5025440618696985,0.5285722162770032,0.2618913854698657,0.059445302458737165,0.8535331203540939
300,1,-0.10648375533067464,-0.0904891056927064,0.5253011682377104,0.2513805265606683,0.37076651887844275,0.3848670741937373,-0.2976766633734984,0.8560738444322875
300,2,-0.19425228483492663,0.1352560839893365,0.20730222888542998,0.11784805389993336,-0.007980896144780043,0.1036722363785853,-0.2637907392879752,0.4396449906022997
300,3,0.05797748820469529,-0.2879197028538391,-0.0813444500663926,-0.14753953678695456,0.12451323978347636,0.3260865720139181,-0.008797222501969161,0.48637163707888686
350,0,-0.23193793472379803,0.6827728952932912,0.05289040625555475,0.07951713356955373,0.230387671742415,0.01088991930957691,0.1754538797801088,0.782991401791535
350,1,-0.09777573755189514,0.11359119336326041,0.11142143183748693,0.07689660171613437,0.06761799756163454,0.15575966967067484,-0.2794505209701963,0.3843393537648589
350,2,0.030437265781901438,-0.04876941516434438,-0.10060805833369038,0.11128861606895035,-0.005565425308595329,-0.000997046285769354,0.11465944118100133,0.19746082139014007
350,3,0.3514402551990273,0.3791697724670539,0.16450076183455759,0.24295489742139528,0.037272819878548476,0.1398393565656551,-0.1010169723318079,0.6200937748419555
400,0,0.24555726063055772,0.4827436307599828,0.10098647698270657,-0.17194639605666584,-0.08177691280358161,0.2558209580727328,0.15336943121123858,0.6547958624067223
400,1,0.17492684851768184,0.41204834430984333,0.12614030131710818,0.16764154232960174,-0.15483689858240246,0.016463528898761445,0.33593277821828255,0.6176525294530097
400,2,0.01303341467185977,-0.008176868143909388,-0.1772584917018134,-0.1223685058929485,-0.08305123323786463,-0.1393451818447255,0.415538625126699,0.49559892171329734
400,3,0.07810783507798377,-0.2182644447464704,-0.20725073665355676,0.025189397799157957,0.012777703636941473,0.04993836182988659,0.5895417084099134,0.6689873773049431
450,0,0.14823886083920088,-0.021025005195253355,0.25712906646722916,0.38681746120162835,-0.19243130578994982,-0.09317966323845835,0.051750669237377325,0.5353039367265298
450,1,0.07983392770463565,-0.22084174797288603,0.3744679582189322,0.018378570044447387,0.415159426448866,0.11968056489433973,0.08393272949479194,0.6240465105208336
450,2,-0.19904515156086017,0.05581943704244317,0.133766528216462,-0.017520897664784055,0.45332497028298835,0.14548524251872771,-0.45873275630516547,0.7057198268561158
450,3,0.26789864882400344,0.2152746000399885,0.08351091419177581,0.21267340147481917,0.3630375890396514,0.05481662301122978,0.5047500191758653,0.7482583932173656
500,0,0.1267481231691665,0.017403968606149803,0.2245407607181464,-0.15329919903283054,0.09295210133743048,0.48117892682651875,-0.014153045457256,0.5750310808633049
500,1,-0.4796654755060086,0.09545290003647837,0.1827582807246205,0.3636529319324159,-0.12583076932320367,0.017344562119258985,0.35558595467793863,0.7398715132386432
500,2,-0.14165505502419506,0.06939082500178224,0.09227095330247034,0.012763189613470824,0.44520569960674894,-0.13321424917870545,0.16918206234392258,0.527384859856932
500,3,-0.02380630302725613,-0.19802091270006036,0.10473440150145877,0.5368014834371281,0.6275605965112262,0.4938630256172468,0.23413056518219502,1.0156053669247924
550,0,0.05592670189019151,-0.26393260362706533,-0.09165811849955056,0.25210156480446566,0.023955654480820876,0.05292095279039085,-0.13228970961212128,0.40696399447680925
550,1,0.11901188416461879,0.31430009653347,0.25078903986211737,0.10642817887477143,0.30784152658671915,0.32213837300479875,0.02775806308486846,0.62167557933907
550,2,0.2476988542058267,0.025814263409452698,0.2112483087135838,0.30491763424690527,0.3024730318518196,0.15603026502899942,-0.22484885088427664,0.6049909871444057
550,3,0.018175813198620216,-0.09487459339857242,-0.04367232271895859,0.02872463830292006,0.11880868618357997,0.32483014760022677,-0.08196223867098383,0.37203744777359554
600,0,0.1521786413059178,-0.09409512916794378,0.10880808270531843,0.24276686326772567,0.3021592829008454,0.29659852470162673,0.0795368719526832,0.537014163746225
600,1,0.006509672155892765,0.39540103276808264,0.06623393334357053,0.26116594109737706,-0.2815583034886963,0.2626762955600832,-0.07613849037688787,0.6189102677210608
600,2,0.05340084572151346,0.26238522308974066,-0.23647779238824262,0.41325205409516774,0.3163994533630383,0.06915828751895525,0.2661371780115571,0.688561647543092
600,3,0.1795637816676809,-0.04071708964984265,-0.07983616007470447,0.2509956530394391,0.0873941857422657,-0.13510469852024204,0.45932670652024654,0.5832201213633289
650,0,0.33670802757534524,-0.012230337244205497,0.30377776664104383,0.14163437364365986,0.3382844115224139,0.0005258305622836135,0.08657222512784644,0.5897410228448343
650,1,0.05146038280491169,0.2096611338878599,0.07716087858489293,0.015824299383715934,0.24600796158986227,-0.1444614640588514,0.19069805484236166,0.41299509873706197
650,2,0.16075212675648376,0.1623422100946488,0.1185507204628499,0.09621726473695089,-0.026006471690614985,0.2755955954046694,-0.36070607459939347,0.5312686851490696
650,3,0.030765188399414903,0.2464561819012902,0.07227341304900334,0.012775324960120182,0.23344644334133186,0.34844140895189035,0.06718145271330772,0.49748950395557934
700,0,-0.15413671554453512,0.14592408103480042,0.24763330554670793,0.06223330304093022,0.06864392163562134,0.07820417008522604,0.2680422390451862,0.4392285562627667
700,1,0.036049250270021385,0.06961913451315205,-0.025542704444840192,0.2522220770461118,0.30972009669762035,0.6619014112795376,0.3165096795797734,0.8394243099023997
700,2,0.2409071247019951,0.15768115335925387,0.14345637967459082,0.07289370896498672,0.35283321918464056,0.30982115849699365,0.06300084968400554,0.5772714720185141
700,3,0.34527667935319906,0.4550562908509739,0.04757786343011915,-0.38362975362588114,0.1947735085315616,-0.15026864932588962,0.271710480042609,0.7810708198779122
750,0,0.14394426661774173,0.22231931127641735,0.051447063364970944,-0.32148690719821105,-0.20863992425347413,0.4703583313504629,0.2696533681405349,0.7166777355967693
750,1,-0.012177905653727561,0.48333439561469815,0.22356128823353177,0.22599795786568921,0.2841712636371387,0.18393074757968134,0.5399834566687874,0.8608026059351561
750,2,0.35487576993605785,-0.06735729920806369,-0.07299016152853854,0.0515734318313425,0.149249948668827,-0.03696249823123843,0.5025496232079275,0.6439402904266128
750,3,0.0920470744681772,-0.23388518890487534,-0.12088881926090869,0.2418149576643287,0.03738700018412147,0.29363236997308995,0.3154331453701752,0.5686645334084237
800,0,0.10516611805419887,0.07410109099947433,0.07097849913745709,0.27124575930620987,-0.045916967911417195,0.37604529311570123,0.5254323985136249,0.7174682774727694
800,1,-0.2254352341753795,0.20615887284598586,0.5068757676574285,0.0031894628261904534,-0.40973540676037246,0.22879180169779884,0.5632302699307266,0.9421851576074177
800,2,0.16417134234459937,0.3660808738643824,0.3905292591214192,-0.008416062342763098,-0.31763895588391555,-0.2634345285316384,0.29874275876429146,0.7570276489162266
800,3,0.17977199240181932,0.11444215524170046,0.11194409074663912,0.462669586007057,0.011933321818459047,0.32609368152570684,-0.19880374997035102,0.646538495157407
850,0,0.0333799020261355,0.10552495795079243,-0.28066696426303106,0.09077577497952095,0.21384049404572303,0.23123492958489714,-0.0014506732068542139,0.44549228362358134
850,1,0.4883537313425096,0.09086186141974133,0.18886332168547287,0.0445225189102868,0.5326650319789386,0.4434110031797789,0.2347540829219551,0.9054566180814789
850,2,0.027878284157527744,-0.12382714735438119,0.5416590621677001,0.48040031609717215,-0.04289623275445595,0.04262174785995057,0.09142657652409376,0.7431721762513882
850,3,-0.0007720418871381418,0.3017391318123741,0.06416821354210335,-0.037734653050519484,0.19691644292655308,0.27596477597056407,0.5751291168921233,0.7364066183529535
900,0,-0.01913082015811224,0.2270817254927493,0.3420279299729393,0.19872102343228024,0.7476338540877753,0.08820734850263842,-0.08991191603145768,0.885000744135669
900,1,0.2854769634662449,0.27906402545587083,-0.2513222421539344,0.11182082497732647,0.12046868449207535,0.015783354039949404,0.45583843725337714,0.6764547969813178
900,2,0.03963426218569946,-0.0556113716060907,-0.1264549395640641,0.20470204494949354,0.1868051239160995,0.25419799515758795,-0.04776529884609487,0.40540298121113294
900,3,0.5557578531543618,-0.2114670893363532,0.28420784267162585,0.21190748065544782,0.08075907000774944,0.03902430550979963,0.12638139971999643,0.7094231328432681
950,0,0.5517546972250182,0.10353331028432326,-0.15002136672150362,0.1292148985351229,0.3596800957850698,0.4709808959446294,0.3470577852862633,0.9088438670648002
950,1,0.2353045594721339,0.5782725366244561,0.547668340045079,-0.10555703864607191,-0.22622019719357572,-0.07234917227385235,0.43700498278257616,0.9737728671213478
950,2,0.14546953795117806,-0.14410598651576473,0.06662131714097666,0.0843425390751192,0.21966329264545414,0.4173004424548982,0.3409144487795726,0.6261743115237351
950,3,0.06173070747577458,0.6330946625169402,0.03355506882184184,-0.17037966621244355,0.21685410156953672,0.3935601954496326,0.11804451382852449,0.8066130059142965
1000,0,0.2185858533824826,0.4905508441685156,0.1748278984634341,0.3897843557966443,-0.18980717511324602,-0.036410235927876566,0.291968042832054,0.7703988260364312
1000,1,0.2814246338389615,0.043058057448488785,0.45700164614668237,0.10928944596712267,0.5253674185596859,0.1702456729139168,0.0019514208611713102,0.7790037420298872
1000,2,0.4628191437705264,0.4478328479924558,0.3571816096978076,0.12859191181178445,0.2203102785354063,0.35129154281644387,0.10067302802663369,0.8607832637348387
1000,3,0.0845874146094105,0.3730172905145075,0.36736104536193026,0.46789350978154487,-0.046387729750127615,0.4748688917328792,0.4196296900927672,0.950745374163097
1050,0,0.324185234083014,-0.0663387617566552,0.24075755537615187,0.14612209219518896,0.33158871051116373,0.08881236724171178,0.1664460494897059,0.5782350391591015
1050,1,0.38226445277762816,0.0822723543554926,0.17618506862007274,0.2708532317769188,-0.0011048138805889174,0.08187044156771517,0.4299163326743154,0.669947420797761
1050,2,0.13602376876722005,-0.12088038763421927,0.29511258355210174,0.09217831212528663,-0.10508205280380245,0.24826561278076992,0.25185962098317666,0.5146009453683136
1050,3,0.24739788093165194,0.27847638038189426,0.3265251918349049,0.6280636998101663,0.3150645368641366,0.44779641075743826,0.01022325419686837,0.9693963692139353
1100,0,0.5410023578986186,0.5970743061217093,0.24092659485368517,0.45333981478108676,0.35656403226147926,0.4119334735167488,0.11116184428509619,1.1054084952573553
1100,1,0.26690411128570224,0.4605692912006918,0.2848301395753221,0.33523481602435123,0.4184071219904293,0.020450719732560102,0.20090793554630898,0.8322975532458747
1100,2,0.7229503320512229,-0.21050228635452375,0.048414250340788945,0.49304647971241855,0.14890433935883937,0.4939192696394473,0.3639996156961433,1.1004688243627447
1100,3,0.32099100653975327,0.221892068435916,0.36896367972608357,0.4842946722875401,0.28467848844211413,0.3145477762525688,0.08017148353435272,0.8422330170306214
1150,0,0.33973992690401544,0.17455223367152714,0.15917389486570382,0.3061814605674185,-0.03097593066127388,-0.016281683766478205,0.26151564840252056,0.5784376817604255
1150,1,0.3917890389656117,0.12337920616458478,0.2527490040357867,0.18848413904619482,0.41144018945183125,0.3231071861124135,0.1705472334220623,0.7555772967222004
1150,2,0.17473846251549086,0.1008479552527935,0.3227915469221898,-0.08057373517577629,0.25373922725530007,0.28396196096797816,0.16917684475807226,0.5701132742295488
1150,3,0.14503304131550518,0.43498336971307044,0.26270896124321386,0.3253146965484425,0.2839382689922807,0.26807051220182204,-0.06492321781210722,0.7360628569827544
1200,0,0.1570558850107967,0.12087547737988816,0.4590700428183696,0.15183561101970816,-0.049181129710291455,0.12273097405776026,0.6787524691838079,0.8667545090573175
1200,1,0.5475701416778179,0.4531851483574284,0.25171835049586394,0.08478588097727471,0.08903289678443291,0.8438386804146869,0.21786535539181215,1.1589721742527253
1200,2,0.00731224693601476,0.11147353625473025,0.20645558200569877,0.667347413667169,0.4799987032842347,0.056735604564807696,0.3639243725052984,0.9308678364801394
1200,3,0.3240363591871804,0.3338374906367405,0.20002848539971047,0.5210528968040105,0.36965898432759714,0.5136580383220555,0.1169879088397457,0.9706353920555039
1250,0,0.3615393594798449,0.5944983873294811,0.1539448274879277,0.33738374076988115,-0.20023240259891195,0.2517891523897745,0.6030006912188336,1.0434397277076914
1250,1,0.2645545656883668,0.44892929564485096,0.4736115192702111,0.3855193773688014,0.23353547004506603,0.2938181521726051,-0.002795190723412222,0.8861915298813696
1250,2,-0.05519796471881544,0.13520362411519382,0.13575978421021295,-0.00070424820497067,0.40015946887693127,0.3743085297208283,0.41697094352051256,0.716838401560172
1250,3,0.495659426070511,0.4525494708015598,0.4159094212644036,0.2211343682208441,0.16996238616888698,0.2276753736009011,0.2420011765553791,0.9009152033299043
1300,0,0.14004588158381548,0.34600953115362554,0.31769451332180676,0.44389872183647316,0.044760753583225066,0.41284757586041576,0.20665702468095257,0.8077531154045262
1300,1,0.48510747453630754,-0.049926717071136995,0.09665076823960853,0.5342142272313299,0.11447524855739377,0.40992212428952823,0.41249868869410666,0.9401298044391759
1300,2,0.46292515395930034,0.4110715778967244,0.299768627106375,0.22349583302715886,0.3603362814982076,0.389161133376488,0.009553954527494413,0.8969231065383648
1300,3,0.37126837821028735,0.18119062208053666,0.36120505798252744,0.2442825536518376,0.2206495804589508,-0.10556507046833136,0.5685696967162295,0.862505090769517
1350,0,0.2549869728707321,0.6574226319429513,0.3071124254270966,0.4579759391417315,0.30751150399163907,0.11450878386389582,0.22277480447834233,0.9790746019525751
1350,1,0.6904479187444685,0.0341086593150709,0.16880149983397202,0.5544468302644308,0.34057387709191855,-0.06047312988879883,0.31938758107591586,1.0175671747932942
1350,2,0.2650796110504906,0.6721197973766825,0.186463283909667,0.5642549204474607,-0.007439179155723619,0.17867456037820922,0.6461331590795844,1.150926753920909
1350,3,0.32107696727686136,0.44441701962846025,0.6929938047201516,0.22616919257432294,-0.25799753986237906,0.1456978235326962,0.19674483586560204,0.9790244839115976
1400,0,0.33405598857876795,0.1172397353057747,0.36018790909644105,0.36970985716135,0.0901310614347724,0.18144605744145664,0.4328683983518755,0.7875154586860903
1400,1,0.13278361348955625,0.37195563149949223,0.18831785111954988,0.4057212850642169,0.17348632958814214,0.5209112595754479,0.2356702142132761,0.8444183505785215
1400,2,0.10404166618540178,0.35352885309784626,0.06650455270740258,0.16996609551110742,0.5066995302963239,0.3916188665341785,0.5304028949968325,0.9276613762998148
1400,3,0.20808752486855359,0.6603057473171826,-0.02522618772097518,0.3063628127026432,0.35779678717284785,0.26977681979056,0.12109693429616655,0.8884037215160027
1450,0,0.42068085452074044,0.46543083039724376,0.389247904829954,0.33013679624572345,0.10355748153909505,0.23616498044083487,0.3548842712140211,0.920077915623951
1450,1,0.4023706550241653,0.017734735424533687,0.27458302627358155,0.3526828714349351,0.2515926935106003,0.4221231435561064,0.03269130406495718,0.7775302335609716
1450,2,0.33237102216150893,0.14904624809922185,0.23944348273595573,0.37525578044852287,0.2881550407914221,0.34111562629172215,0.5684607639136827,0.9237836330944182
1450,3,0.34531715526563045,0.3775547831847959,0.2737137222757938,0.14266729858424052,0.380587660036893,0.670128451130457,0.06750097899509586,0.9775173666109572
1500,0,0.09052035796544317,0.34091181860514475,0.6942166938129128,0.29249218982132913,0.1264693784057798,0.2510730250488922,0.2537429022379112,0.9139589325366492
1500,1,0.31330085641120514,0.21896869388694196,0.3996925966168615,0.06358285139855832,0.5941210660860566,0.3158274708113254,0.5014368862019194,1.0070091606549743
1500,2,0.5383698373035213,0.41196056169650336,0.31154162402424934,0.37231948937349435,0.30944880550954634,0.2544531843858543,0.06944254872286224,0.9276641771821518
1500,3,0.34324711001664543,0.6447153021402343,0.19570952583876555,0.5157408934772321,0.3938629134168128,0.6464155440616087,0.4384195925670497,1.2660805963182533
1550,0,0.1823547316263397,0.402829432006518,0.06328747637332766,0.34718930098220013,0.06154533183755845,0.4303422994920903,0.20986033152763445,0.7437030295564523
1550,1,0.3664501098919271,0.44360451965825654,0.3861104449073137,0.16939482111714674,0.2843689306545979,0.3334018483314747,0.3944111284459934,0.9254345754419363
1550,2,0.36448505418671134,0.0897067638036266,0.2822573576433658,0.3494447623069211,0.1347497422921322,0.6035140108773411,0.5317829202661577,1.003920935484971
1550,3,0.35349100899186364,0.6400874013059067,0.10161249539766476,0.10337132912824318,0.7203576438942982,0.5705284844783464,0.15309608801002308,1.1931197779508103
1600,0,0.5149358019620367,0.4796124513076947,0.3390168338097186,0.1504095056729337,0.2888976774616053,0.31364026886087726,0.44775230397579174,1.007500187892919
1600,1,0.518710196835303,-0.0038266801419320484,0.6074628280055328,0.21438118741368684,0.3326727219475554,0.17874752133209368,0.5044038840801762,1.0397549650243272
1600,2,0.07616704399040738,0.5207425145036753,0.3769564658327874,0.5451107060489158,0.5792088299164053,0.23205705254875178,0.31795785108609914,1.098474662130254
1600,3,0.639429295733716,0.18964243609951353,0.27375819861397366,0.3524319082431311,0.09464474719236227,-0.07236993662948932,0.07766286537297068,0.8149922917582346
1650,0,0.17838658940870314,0.24242321633617542,0.3474522578613812,0.19952006243894918,0.43590371227723423,0.043057020183451866,0.3128127884018419,0.7354181884208105
1650,1,0.2113539309105153,0.3371064120749819,-0.27638730250061533,0.11169805056042573,0.32536579773236163,0.409033704343036,0.2460157077475485,0.7621501261149866
1650,2,0.5046716926239141,0.0654549439667968,0.33907673526804627,0.4101569055433822,0.4147217127336315,0.1911255691676006,0.20902238630933023,0.891287286328794
1650,3,0.41172068832892283,0.3162841682450872,0.26092609227254643,0.0860765383764199,0.4401495373177353,0.33314329101140533,0.4661088655892116,0.9311362620453602
1700,0,0.5841420473228034,0.3312408074410532,0.4108212329245138,0.39780846996412206,0.44449433870641625,0.057371363494902516,0.4057353476659303,1.06932498848498
1700,1,0.3966754548046698,0.2234711470834747,0.20700474309776815,0.20622419365362354,0.5616719734759423,0.03519385105103651,0.3859272427896612,0.8708180070506972
1700,2,0.6810723409844356,0.3956710849100789,0.4325323908243487,0.29559331145284506,0.052011394049020665,0.40916014499801806,0.1385028902154103,1.0412372812858592
1700,3,0.6468275528161802,0.216177346783378,0.34751777024704666,0.6614369857114787,0.11155899842579992,0.40781120591502146,0.2315155120025354,1.1205984281384938
1750,0,0.3231079457314372,0.28671341546831713,-0.02868873641418923,0.43101005528025255,0.3064998518236426,0.35546752428203315,0.5539061116427209,0.9488452661294662
1750,1,0.11122891168639717,0.3101862320045921,0.42219707449250377,0.548176391129602,0.4094373868951059,0.23400984243960005,0.47124772146716676,1.0157800401445904
1750,2,0.524870693679446,0.29058278687321687,0.5668124132510935,0.2688252296747946,0.44423703563868255,0.22900676219152616,0.1437968221738843,1.011898751884585
1750,3,0.566265901445729,-0.08816372463300937,0.4956405990582628,0.42184691793428564,0.3493922977455363,0.004694169824545458,0.2729012798563562,0.9739694351406943
1800,0,0.5031647662026831,0.3880970049581086,0.3577913252256044,0.3367410208327736,0.42376071599355764,0.4043860179587356,0.6426284412809837,1.1837549257369828
1800,1,0.3161194464712735,0.12974232988696743,0.6760785231779445,0.3306303374577024,0.8215161340351501,0.6683119161553106,0.5384331434561385,1.4472743319353687
1800,2,0.6236657222732177,0.48257344434629956,0.33987481556541344,0.37396657190844906,0.18430128728703185,0.4497227692350675,0.2562387131858623,1.0858534713701788
1800,3,0.5199005094403617,0.034822984652517264,0.6743697964358324,0.3525296863438656,0.5617495683529503,0.3782271432005829,0.29378461529999234,1.1813080595934458
1850,0,0.29098104481713394,0.3375325133612501,0.5230263170223678,0.1325314605252662,0.7585112103110756,0.36777503827980157,0.25315962979100143,1.124458454301881
1850,1,0.3804929221305389,0.7517148753503781,0.11113993734682687,0.3006261745228904,0.3446481185180756,0.3022926399872466,0.34216470328161314,1.0676226627683105
1850,2,0.1676356222571175,0.27664833717207976,0.4702686489222836,0.6159161149161201,0.3027589142564159,0.6583133544150328,0.3756366409677146,1.1710181834124391
1850,3,0.3720749623270691,0.6604530930521906,0.14329658063621512,0.3780132133206073,0.001749566457255547,0.43278078787813307,0.43442549330969704,1.0555063930438686
1900,0,0.41506718106174617,0.3794159947263072,0.25454080571665155,0.4940017333757104,0.3073971076189244,0.5542971773936053,0.4840334767685703,1.1229838580645113
1900,1,0.6052522922542688,0.5103752544929286,0.3421365270660688,0.23654978104712124,0.27537414880939387,0.19275815026201093,0.3848338027362173,1.0300049134821583
1900,2,0.3759850528615848,0.17845361715552863,-0.05278268990982776,0.5010090548822699,0.4720288764186891,0.26334318936736284,0.5575399375671661,1.0148981310560323
1900,3,0.26729474713038787,0.18139389947666734,0.28750719483267534,0.4982970184712474,0.09162111654358002,0.737312399106016,0.1843547605574873,1.0106043810122276
1950,0,0.1161226898670551,0.338541115614374,0.42431572666872314,0.5994453613442243,0.5047332589858062,0.36363936472897623,0.7030783190938008,1.2445005087526442
1950,1,0.489412247151336,0.6542373369354644,0.6411082422286107,0.6493484719689728,0.08689022055940987,0.47323060942484174,0.42940872994797286,1.3842373475979575
1950,2,0.1584316335754429,0.6452438258609556,0.28545136044332875,0.8726664217954352,0.353521170020621,0.326000401026293,0.24251732096242454,1.254805750037075
1950,3,0.6029488633688442,0.45162728293779925,0.3327521473267694,0.42516186380955784,0.702145638293383,-0.014858154065722329,0.4443960770364104,1.2448768099383036
2000,0,0.4909814357438501,0.3678692710914419,0.49314230683915633,0.5010851254801718,0.8098946908439535,0.2555702446992429,0.20496109349852998,1.2782491223198755
2000,1,0.5105266824192178,0.5535536075427879,0.20957049216274548,0.4345886609761695,0.12390957697666538,0.4086228552593682,0.731318659896602,1.2316652908724106
2000,2,0.3049102694405769,0.5390908881486831,0.28699030678472986,0.5787901233341197,0.5179001639952494,0.4097896030095502,0.2968481541429777,1.1511809702961147
2000,3,0.3491163626283508,0.3067189580665241,0.38621027165689525,0.311748388469143,0.5814079634189787,0.21511419877673385,0.31232489217495024,0.9716791457333639
2050,0,-0.05888799104165304,0.780859001708711,0.9509457441873372,0.1758518275393225,0.7827683583287809,0.133468678191556,0.3646763230584324,1.5205128283357983
2050,1,0.7032938187953135,0.3921490281278218,0.4166913982494389,0.33478134077623356,0.6292135113983597,0.3997485568595119,0.39828800107415385,1.2839218071056573
2050,2,0.18687798619445417,0.7139135971158114,0.5110840565570107,0.05860758775437175,0.6354285608120706,0.4377644135188443,0.15340065633894534,1.195063457346305
2050,3,0.5004158636471896,0.3434207538007964,0.645065774596963,0.5903456826449965,0.08243171021694468,0.22189441573995566,0.2610186549328989,1.1212201327632692
2100,0,0.20696511306920515,0.40227552924522497,0.3228730104590024,0.508816760855376,0.2920149893139906,0.37479318754511537,0.5645147420888187,1.054618991824713
2100,1,0.5524353724313533,0.20229033692224788,0.26460599510561966,0.6687622154562431,0.256837273359359,0.4556552988647222,0.41998118432014137,1.1460090689634095
2100,2,0.48621900382099315,0.5959516900729912,0.344439729392763,0.1563363815949907,0.5314491111039206,0.19600416963642978,0.5174376838352207,1.1503237269710989
2100,3,0.6224315038793171,0.2558603300440284,0.21340768891857814,0.1177499394867082,0.1630983871363414,0.5546535034425106,0.7694663101671729,1.199422098637594
2150,0,0.8200614309059624,0.6370074120308413,0.31654641786121396,0.3840162687381266,0.14828867792951556,0.3739244701800032,0.3602616969555493,1.271828154450457
2150,1,0.37914829465012984,0.5723383162464426,0.16212384826065368,0.36086052569827554,0.38602256284619957,0.05638537553909523,0.03955194648166527,0.8840735969553187
2150,2,0.2210244350149789,0.23764119429933234,0.48651163017018967,0.6835564308700534,0.5285568983337473,0.48897147394004026,0.5554643605071179,1.2791693599649865
2150,3,0.46645454329607455,0.4108898181017625,0.25867023701359504,0.41876972616117814,0.4212970834728822,0.31613693577778007,0.14951635120896267,0.9635754213509129
2200,0,0.16135205846250333,0.2651977291912454,0.009928677583724232,0.20664795333469246,0.6794886046166373,0.48069672597153856,0.3230192111005238,0.9676165534435037
2200,1,0.5477400981721016,0.6160694933142079,0.7779861968492467,0.3826055533783337,0.24674850525645492,0.6190695948382112,0.2571867956138145,1.393372672202038
2200,2,0.19448923773243498,0.46971204442853554,0.24775350029560167,0.3444892524170863,0.9939549208218916,0.33008731083101517,0.5507788585978537,1.356013082049964
2200,3,0.28889869353011405,0.20104632651937226,0.5916809292585377,0.5959979866646626,0.27653721691609,0.2618682806864947,0.497121326377049,1.1051513220347666
2250,0,0.6536320466192642,0.5298474955369306,0.4429326777043425,0.8220647398669079,0.3291566421185238,0.4437537157466934,0.512698058939282,1.4656308434715333
2250,1,0.4109019582592199,0.40555549125575496,0.39794015705756813,0.6913962854649265,0.3379635049359391,0.6440271733207081,0.5671213549943185,1.3491915467706193
2250,2,0.5408457670556522,0.4804442261959693,0.4339940399322168,0.6540350819862049,0.6584095083446042,0.19967396089059808,0.21118058770665823,1.2874096183239048
2250,3,0.6848183399289196,0.6652408875509142,0.24732993047662738,0.13368499128194694,0.24456470312603912,0.4197811078346641,0.3853129871895917,1.172629327274032
2300,0,0.17210766048649107,0.27824495412415995,0.7040418888111264,0.7855065772628345,0.6291966516408662,0.7697594160371222,0.21151093715848898,1.5009635994817303
2300,1,0.43461945292697113,0.5017401565907647,0.6709192072594568,0.35803592124826056,0.6123762722255394,0.2062131565670035,0.5627524382020392,1.3240764436393122
2300,2,0.5408433258677683,0.2187911594748415,0.017534909788991138,0.22336872400395472,0.44051588362166944,0.7456272406609796,0.43360518484638605,1.1526533809384645
2300,3,0.4377913916921589,0.9158759702595749,0.26530077706881466,0.496101406424376,0.16705077579189503,0.41069713919761064,0.3617607125375778,1.294001591297981
2350,0,0.709239639418664,0.5224700422106191,0.3185059591217708,0.7017494447891686,0.521517233925379,0.3514849103248189,0.6670958822941854,1.4867524757098438
2350,1,0.5686138649013018,0.713005834410428,0.22097500353799973,0.19852038714541864,0.4708102652955664,0.5197557813100118,0.5444446595586477,1.3069689013121493
2350,2,0.6993290551055726,0.09199799337340753,0.7316472970548146,0.4958918797709826,0.4357749671191379,0.17174973186655051,0.8616215343302116,1.4968402528645022
2350,3,0.5959931684837207,0.3376252486360388,0.7906230444193492,0.429989932343922,0.6594876504477688,0.7451252819470451,0.48534852800890493,1.5826792619510925
2400,0,0.4834179365346198,0.621654037900985,0.40997807197634356,0.6357523116467284,-0.003765208256621022,0.4217587267685514,0.6109307963134933,1.3204320140584567
2400,1,0.5278660712619692,0.4172629477192016,0.5690041345000175,0.7815461681969591,0.3802153200566616,0.43667813272417855,0.2433727082660969,1.3348456207233728
2400,2,0.3741698433900054,0.5001586577125517,0.6410834097245581,0.32289237144345556,0.24523156526808446,0.5984299920347999,0.384921604302401,1.2131903369946144
2400,3,0.3405558853987257,0.11825465754343217,0.6467627333849582,0.36934563811077503,0.43056619774263566,0.9100962764678373,0.7306324819238723,1.4940438465851238
2450,0,0.41882824715711897,0.46865233626709846,0.7545303230720068,0.35099225173828824,0.6594262331730515,0.2904379027085258,0.5837135406944989,1.3955222363106259
2450,1,0.6162873008819636,0.09748289640195901,0.5093065809607416,0.6924908061054317,0.47516671137473276,0.2627923773216747,0.7584320847492196,1.413616683059402
2450,2,0.6437143328442799,0.47891292149193043,0.3053335071745567,0.3818226589649589,1.0155078198435705,0.747187730571145,0.7832956641283373,1.7566560723446782
2450,3,0.6996282640023448,0.5297107776807136,0.43346448311871055,0.5782188607707353,0.6946887171752476,-0.17627042903171614,0.649007339810769,1.4923725841452216
2500,0,0.5696987278126247,0.46172575486927414,0.7155368802027828,0.19836265699518857,0.7478710539537812,0.2389452310245908,0.5171853895944507,1.4046261950365102
2500,1,0.28655795558324826,0.8580846410931974,0.35486714423987786,0.49437782720677265,0.6472007658493283,0.13685032120498936,0.9708945607760919,1.6028093864078827
2500,2,0.7053403606802088,0.5498109647940782,0.4131056425223401,0.6604673235621874,0.5588830657379364,0.7500690801949561,0.4839025847838138,1.5861229765005849
2500,3,0.37734817708611457,0.7845239978467065,0.2982497478915106,0.4050942373049613,0.5717704239775684,0.15773662681608508,0.5461570113437982,1.2888031445404786
2550,0,0.706805729478835,1.023832466767098,0.5141434072178697,0.6273623417409795,0.7838330201277564,0.4969547967015499,0.30875976232869906,1.7783208581387633
2550,1,0.45557992411341297,0.3232910902298201,0.7606024553172579,0.4893426760398177,0.6227957063539711,0.48200764051123385,0.5089120897152658,1.417476602391774
2550,2,0.43780988170325263,0.5887589100635859,0.5326392005855564,0.48997356465246883,0.36716119355676924,0.20503828849971523,0.4941444262152928,1.2178341079636053
2550,3,0.36076861499285856,0.6067308268717773,0.711710929511098,0.5676133357587692,0.28738019943559934,0.8513312093597103,0.30516368958068213,1.4924713466104234
2600,0,0.7483122385539759,0.5707442942182273,0.5727415072740755,0.706273749019896,0.46979614066449926,0.7689014985130047,0.6457266588463741,1.7150675043872843
2600,1,0.716384980637891,0.3605958357680611,0.4298762722408291,0.6102159887720067,0.5173744989816397,0.3271056847036792,0.6798868209742752,1.4273452806318305
2600,2,0.34352056110978724,0.5843404083108753,0.49142957318473446,0.5647289456037043,0.7301561573605673,0.45426608150270315,0.5561259257440877,1.438278008005891
2600,3,0.43471159513075797,0.7335865008810495,0.36629898402135364,-0.11250770176919378,0.5871002865302851,0.11087243108740807,0.43441675442833505,1.191492179082899
2650,0,0.287435767129413,0.3441863769847541,0.7047498457959127,0.6851011531563098,0.7843717989057468,0.24641356573654372,0.6692920103298086,1.5136149037722857
2650,1,0.6988019036579172,0.9603436642820526,0.4455585374961495,0.9365359672217591,0.7379243710857161,0.44330135376763885,0.23238831493768974,1.8114245440901926
2650,2,0.28717935878809,0.6226634827982186,0.5558110661832133,0.5402229453042947,0.4432606392911602,0.5424184138281193,0.35229582805667975,1.298367686489492
2650,3,0.4089640473423589,0.4896775200297958,0.746292902609695,0.4036438648706542,0.6882790998320922,0.3556697183207085,0.8456606207307003,1.5627821617311664
2700,0,0.6009526483200279,0.5489138248563327,0.4851682181777873,0.4604141448947707,0.7089251966416444,0.592235830367953,0.6109505705730062,1.5285282693750712
2700,1,0.7986440953016121,0.6765075551648579,0.5566679670496623,0.29307087721151553,0.32604940801446747,0.42277842706266167,0.5768436349657655,1.4522613476301967
2700,2,0.48674886622121666,0.5212962895147712,0.5863324728527786,0.46350896672640984,0.5301476478494389,0.6429580249023803,0.29788785097073855,1.3603269214602693
2700,3,0.4427374041232849,0.3426891576680568,0.48712199467519424,0.47438551767335146,0.6734959297369649,0.5384618957598447,0.25853531109932354,1.2594285261619214
2750,0,0.666233587564845,0.4897504406076663,0.742184395825171,0.6304636979722669,0.6083737252979742,0.9171343069005982,0.797856095533668,1.8654418015176384
2750,1,0.6222741176624753,0.5539018380466506,0.293679390784296,0.3299191547213078,0.6269815472836772,0.4703629879171429,0.5569412640461019,1.3467209546009795
2750,2,0.4736958185428073,0.723272040964821,0.507902777952181,0.471637844575053,0.5872195234901316,0.7224498923003889,0.9187151528874733,1.7142683015885163
2750,3,0.5794233045027816,0.6482851802445078,0.5648652104534537,0.37795867697902574,0.5479363703055767,0.5925607207106727,0.2828404225527848,1.396170364415667
2800,0,0.5988022396171703,0.5503598875996881,0.31528572270739474,0.3882998292926576,0.7436479404434428,0.4766304350167536,0.5288002053748699,1.4040870558963396
2800,1,0.5809599392576951,0.34805239632973817,0.32147705568108054,0.69129256916421,0.5995840940487722,0.6391938304109706,0.5706606134979961,1.4606886080180996
2800,2,0.5380595837654515,0.8348939917322196,0.546456033901128,0.6159292217851641,0.7089460932327909,0.8919121262436946,0.4534777518251249,1.7799699356447551
2800,3,0.6594189963081245,0.5773974258254396,0.4676530983723174,0.6188486799716174,0.6939607415052192,0.7392568383089808,0.8775638479117384,1.779914267615275
2850,0,0.4340378267044007,0.5780857375082578,0.2389627950741537,0.10465425114581262,0.30445448711006384,0.6901303748348553,0.46815119858799004,1.1742085412582426
2850,1,0.6416495007020319,0.98449378545893,0.7784839938768555,0.16411927967268602,0.47556176582808746,0.2680428952878646,0.6734877706585868,1.6629811562671613
2850,2,0.4624651473371356,0.3711930150511412,0.4415395257508006,0.8931470603370857,0.4943074304034095,0.5069958647007039,0.8324004240578835,1.5932991557333842
2850,3,0.5240839324511662,0.6794119289598762,0.7756136517267784,0.49196019552299713,0.9449173881820698,0.7683628405988712,0.5011482109605063,1.8205125000508344
2900,0,0.8414632409111991,0.5134709278952974,0.35868202845738406,0.9652339718693086,0.6652126986434476,0.6044708271754909,0.6065432878760537,1.7910415609352999
2900,1,0.41845164769513044,0.2856081663785583,0.9637637013468519,0.4817732923619054,0.4808244974479589,0.3237961523844051,0.5319601658796499,1.4271081063309947
2900,2,0.5968032224924584,0.8735525408428262,0.5144063269720629,0.8052110305220608,0.628756333998766,0.5230773727977124,0.3135946781379186,1.6731804709972493
2900,3,0.4898310931214491,0.4554124349054769,0.667232742525064,0.6417289753134533,0.2928337384420182,0.12900255575105257,0.5691462720030822,1.315549821483284
2950,0,0.2876139906320263,0.36134248804754465,0.22733824281334936,0.3551831018432916,1.051424041548981,0.9418843473064311,0.8850042283081854,1.7796064274798444
2950,1,0.5200814878597327,0.6420321987900209,0.5448099123474202,0.7782695197279254,0.304688366862627,0.861251167335392,0.7192935509400673,1.7138212190275397
2950,2,0.4403734277812341,0.6611161152044138,0.8093930492024208,0.43597336411945203,0.7510728551824508,0.36999547053387927,0.7783899319972603,1.668259909078858
2950,3,0.6473824113840668,0.409827529119525,0.4242479913065842,0.8974538878544198,0.6825980537749724,0.589630515255114,0.9144577419872724,1.795079284757139
3000,0,0.6478099547907671,0.605182717856678,0.6094803694749134,0.715166631530302,0.9224807368775477,0.4172383497365923,0.38979415317540167,1.6869592536273286
3000,1,0.8202755994743582,0.42601545913282757,0.3700195048358923,0.644920407346015,0.8618857273011764,0.42021994394647044,0.7553080603049964,1.7020869749989478
3000,2,0.6753639992509942,0.6369317620583276,0.4709127726963804,0.5185829109210089,0.7647485719818016,0.7958756395994351,0.8215730350187815,1.8015899477730524
3000,3,0.32640932921050025,0.39733670560870515,0.3614707077207947,1.0547721463078255,0.866968330269067,0.5386513539985746,0.6172609740176718,1.7118455940551103
3050,0,0.4385874562703361,0.48981509450647437,0.8758411351794115,0.3277626251476598,0.5478853049685086,1.1214089525774562,0.41881312902039436,1.7435436901555617
3050,1,0.59101773654666,0.6978193750238924,0.382688222137347,1.0417432131176794,0.8786165218779036,0.7627659420451711,0.4809190383137373,1.9112809941984867
3050,2,0.35414344689561034,0.6241005129728682,0.7608188983432889,0.6397578006318163,0.7261454297064285,0.37992095873483134,0.4456877665748029,1.5405580729273463
3050,3,1.1729305345560785,0.4701516031047427,0.7412729411597334,0.8434997962245716,0.6108290359081077,0.7801645467125538,0.8297721423537714,2.1279277919150505
3100,0,0.5079362676366725,0.5239796515131298,0.5009951135447976,0.8571290453938307,0.6575785652288105,0.5130993959012613,0.25217082662745555,1.5091358178635192
3100,1,0.6924582478883409,0.3436865081493165,0.639412140724029,0.3556653623521386,0.4175726143932699,0.2802994208586804,0.44416879044623414,1.2582468536285865
3100,2,0.6552583010546044,0.6705998941029488,0.296899629114897,0.5667256539403944,0.5292981456603472,0.6227438357901963,0.5187204370267513,1.491788295797355
3100,3,0.8752393759534702,0.7079841968443313,0.8394545251228873,0.4674460838962037,0.8424056182787035,0.6177251530423592,0.3407667221726771,1.8433200695074536
3150,0,0.8400457597527581,0.36805221545936345,1.031001427315079,0.8141265757097265,0.6898851212810081,0.5969010502884754,0.36644802463938525,1.8797398318246632
3150,1,0.19544268781317048,0.9579124691287763,0.9957860552212664,0.5279355685949677,0.563162885165662,0.4587053334670351,0.4889732178498829,1.7299589015483963
3150,2,0.8140685827552883,0.6933826928341547,0.6837581332388453,0.9928463472157604,0.9459712516179513,0.8259174748669108,0.3797397132782253,2.077970116272102
3150,3,0.4870205117449068,0.4283978843926145,0.5446357925327945,1.011364698893201,0.5002993877737745,0.5450194641711131,0.534985905166194,1.6042930029599245
3200,0,0.39204954552271976,0.7784002252272199,0.7020160153250954,0.6342173656624649,1.046516927143773,0.34907519591531205,0.7333271082589988,1.8464798207314324
3200,1,0.7515362048704595,0.5670468752777734,0.6178251274222509,0.4052062961875741,0.7350086998856737,0.9066947285077624,0.5861176749806756,1.7714728067554124
3200,2,1.1507298108473951,0.4525547625041033,0.9660011169370477,0.4479309700178251,0.5297159203913908,0.3694353978716517,0.5071422530638973,1.8267621511357657
3200,3,0.48435829090363247,0.9575027180751985,0.9050856711618535,0.47783670475688167,0.9520148784677546,0.8954044834369557,0.5736770019063769,2.058181045958582
3250,0,0.672302388667471,1.1650636795543843,0.5104981519204029,0.5820884658749265,0.6183964667750043,0.8811587942855024,0.5914108283991811,1.9792475851337687
3250,1,0.8604132155323209,0.5250884441253602,0.26293779614444046,0.6409663847640253,0.7503926474101512,0.8809839334530936,0.5235346204738869,1.7633244970168866
3250,2,0.6942641249736068,0.8353064744849102,0.967176270281167,0.7223745351318278,0.7999948298295475,0.5511742439866357,0.5737039119624675,1.977350611786634
3250,3,0.5841612367134068,0.9306344989825177,0.6023775170460745,0.780392470341823,0.7474133934529978,0.8469082935877871,0.7859347133518482,2.0181104563665344
3300,0,0.43598574915358196,0.6749437659217532,0.4846707511125241,0.6330481776231005,0.6590974062372705,0.36419592865487077,0.5218550277576859,1.4562517392782788
3300,1,0.9203363205355208,0.8774792993704821,0.6430974282078726,0.770052900986942,0.6697675316652444,0.6009683933442352,0.6117879727633877,1.9513023128403755
3300,2,0.5424512821749878,0.39162275660487,0.7115330170688821,0.29076350030175047,0.46529721100113747,0.8660260815131043,0.6883238959851146,1.574400482317464
3300,3,0.5650220822458902,0.4317933812793413,0.33667509243070004,0.8651416492102296,0.5138325179311206,0.6030300786592896,0.9296666094658694,1.6909952115871216
3350,0,1.1542168697837052,0.5146282268432867,0.4957083676711044,0.4423845309167165,0.843354962244636,0.5751712924115574,0.24645936745183833,1.7723717107572292
3350,1,0.6463787163302617,0.37614208125391385,0.665618193290624,0.42479694276778135,0.7637529119135854,0.6423529401948348,0.42471081965943536,1.5359373107677055
3350,2,0.5564739833388603,0.43273124832137244,0.9131071698013998,0.6476703258298283,0.5860035541000104,0.6711449794931478,0.7081796200629825,1.7451404829122732
3350,3,0.369826788087512,0.506888563965658,0.5543101919493071,0.5566171453135311,0.5681458123011237,0.8782680067748492,0.7458093668433529,1.6313081475469335
3400,0,1.160314354685244,0.780629049765345,0.7373846067587351,0.8320810906490661,0.8891419904533766,0.5146946435313393,0.5937125937921061,2.1447108928760654
3400,1,0.5915805446778049,0.7492092517185996,0.8066432499129019,0.25505658010792104,0.5255082954127088,1.2740917357400838,0.4480406457926254,1.9306005219359732
3400,2,0.5224496795222764,0.9002382780757314,0.9461068040684419,0.9716333933283491,0.8408454291749494,0.6589560444458862,1.0187996262658214,2.258709574831745
3400,3,0.6003382456850286,0.8541725445351278,0.6152405817743154,0.9518314842805093,0.5356772498027496,0.6888464597567489,0.46906818307656295,1.8319403414002924
3450,0,0.4399596436383204,0.8718431109943339,0.6814520640693519,0.8377633440313579,0.5761235364568069,0.7375345668942155,0.719986193880275,1.874607937795837
3450,1,0.27967180093910937,0.7276276737639984,0.30943167343729894,0.7643286649861667,0.5217634489599986,0.3634493088725136,0.2046646645713862,1.3167477883893082
3450,2,0.7336253270113532,0.6716782656893009,0.9136754976452516,0.429606507519005,0.7387135538625735,0.6486392495419177,0.7339980444052124,1.8745415970922408
3450,3,1.0115982179832783,0.4349990658365905,0.8045003837831471,0.7180253831265273,0.7534543680003524,0.9660971908639715,0.4912223412430784,2.029205045237488
3500,0,0.8161188178386005,0.43352849051640757,0.8927140273746632,0.5288241645625651,0.9861527461921735,0.6018351822595566,0.47328170409427833,1.8679637591438005
3500,1,0.6065845374401799,1.0860628592432213,0.574118666612794,0.44059656184538076,0.8356692716213311,0.42713309852950354,0.5957497926658137,1.8184934808255986
3500,2,1.0816815935475523,0.7476912846913015,0.9400622352017355,0.6607485635550464,0.7231204758019785,0.40681296177083637,0.7594542731235007,2.0771504034782424
3500,3,0.7698883071175191,0.3621959240784388,0.6715590804152588,0.43847101999675664,0.5909239521809317,0.9935398831613326,0.3847171713656291,1.688633247735409
3550,0,0.8024038425997532,0.6503691732842104,0.7045417458014558,0.6355637735159855,0.6660194636079277,1.0618485930002644,0.7577431208544938,2.0279130571904753
3550,1,0.4282965977637911,0.8518060906026071,0.8852703585445786,0.6596080668214105,0.8889253425106354,1.134137194154131,0.6829007881315948,2.161158700172079
3550,2,0.8070176219714161,0.7152304566334531,0.6388089225739392,0.7961095471034407,0.699186299451376,0.610920079526378,0.7838598407186286,1.9186506648210555
3550,3,1.0178518113145427,0.6366731980190721,0.5496319187457717,0.6280234726692386,0.8215462062800762,0.5810561869259222,1.0367343553126798,2.0555452765880617
3600,0,0.7480131474940066,0.42253778574623785,0.5896741570184331,0.7187030657405538,0.25692053584644614,0.6567505535590872,0.7122602391934479,1.6146069667393346
3600,1,0.5470339460696082,0.657497832341503,0.573541347371298,0.7882763691789998,0.8454674581099039,0.9451642552408227,1.0017694214280772,2.0720935101613724
3600,2,0.6729562064012431,0.6219490489878763,1.0219736897269636,0.45819638026855075,0.7654278268813075,0.8611358059160809,1.027390968811222,2.115899727739021
3600,3,1.0113630857448588,0.9139939744941712,0.7033192765084425,0.4516120687707528,0.6770289597767115,0.4925306872790488,1.06769831666592,2.097089918836558
3650,0,0.722475764499461,0.4778429875839803,0.40695404394821744,0.3530124106071017,1.0946460795515105,0.9302202117153376,0.6233437257043088,1.8688637160416106
3650,1,0.6171151066496616,0.6759985132167378,0.9715196507252882,0.4268435955580956,0.3741082534815076,0.6671441995748425,0.8195833816479468,1.7946047529647406
3650,2,0.5891019606333414,0.7243844987180728,0.5361414554012116,0.5818218559243991,0.6543587002561719,1.013864568013277,0.600978835159237,1.82071979871126
3650,3,0.7159454253200858,0.7739243876607278,0.8167678299246394,0.54690152880263,0.9996606777353649,0.5041428822004815,0.7159970045217107,1.9605818031459565
3700,0,0.7039740523141533,0.9730672355601628,0.2054340887399353,0.7802931140759024,0.7439768819599613,0.7953689534792067,0.9490568760253933,2.0445836121136103
3700,1,0.5503326277030295,0.44333439114785245,0.8694379282007383,0.6158965264245191,0.9349777880071033,0.4391546485115075,0.6602724767086652,1.771344754309464
3700,2,0.6165633789993624,0.3089285708135028,0.8451018327399137,0.8715113054550656,0.634922479430545,0.5255937467007976,0.5340747237815656,1.7070229868000921
3700,3,0.9586787044298415,0.5129679899857581,0.33050009736904074,0.8072339077155941,0.49512473524000356,0.7570947162758542,0.6427805129781463,1.7817310722799304
3750,0,0.678070527561495,0.9739471844973806,0.6486139189859021,0.8249329019796248,0.8233535539770949,0.6163394177793078,0.9117488826486534,2.097293123284152
3750,1,0.5784809951100289,0.9104529574938598,0.5982741021224532,0.9333599314671106,0.6808519511315406,0.35190408310617527,1.100231844279387,2.0470865850482163
3750,2,0.5968543222996838,0.39095107778827587,0.6245478207469579,1.013842777121723,0.661842358829498,0.4569187077227762,0.6379634365371069,1.7265058193239815
3750,3,0.5988432677114827,0.4975851316068648,1.1077519570168755,0.7909806238057719,1.0134057487519663,0.6998128235087646,0.7513063126345599,2.1307649666131305
3800,0,1.1031776502032329,0.83173618300741,0.6323493039766338,0.7010435779496772,0.5018005293488097,0.8573127628105031,0.46500753584640653,2.000783521369154
3800,1,0.5677171895349528,0.9858375279822327,0.3855273163018271,0.8062283252660982,0.7762973181628066,0.8110730124720739,0.6048894123627838,1.928518089592041
3800,2,0.7616082743316156,0.8211805591016088,0.6952526851422075,0.7972391215308501,0.700470090366875,1.044171159166453,0.7867654120719696,2.1385281756478944
3800,3,0.6943755420520455,0.4974029586833108,0.5166120185991405,1.0591558299740076,0.8054608467945336,0.5953361222143775,0.9616037654036766,2.0115019817058943
3850,0,0.7937557535735458,0.9599031218004855,0.6683219324976839,0.6824783289756429,0.7207547207428041,0.618469292793772,0.9021952728577908,2.044465949464813
3850,1,0.6667055301928948,0.8786917093930707,0.8300116494421376,0.9436926764578506,1.0168795711312915,0.2021646008227702,0.6032191054109957,2.0578771749301694
3850,2,0.9261649210531627,0.22721913876066457,0.5900333325184336,1.0950425626658502,0.7309378720751217,0.9235764494527334,0.5805587795904108,2.0447444028332935
3850,3,0.8936827313390654,0.9048724579737892,0.8569810188665661,0.7464394792212072,0.3656358915995791,0.6242371497577978,0.9761205135016435,2.0940926993743743
3900,0,1.0457163531571323,0.5626650796585195,1.0744166842652159,0.6749858046030079,0.4981011703742781,1.024990890598722,0.6254247980624114,2.1702439979735932
3900,1,1.2797408436449316,0.4587251438690081,0.7956908999357098,1.112258354744597,0.4308594524849355,0.8466969065840521,1.1971556916699162,2.4605132208469516
3900,2,0.8400687356081985,1.0626725914792972,0.8840783525024221,0.6379631938138631,0.5050861651928998,0.9932546572778722,0.7522255804387589,2.1979741262335515
3900,3,0.35969316623624537,0.6008580771502431,0.848067552473805,0.7955304390099802,0.8600146149482516,0.8471687301880807,0.40804364869745996,1.861804627301016
3950,0,1.0714657809644783,0.4549048738788488,0.9538751364886486,1.2630773046157366,0.7819560160828893,0.8559001115629098,0.9310159639503915,2.463946094113109
3950,1,0.5861034239099218,0.8209049145993124,0.8047025818414354,0.6014346434594721,0.7091949876821397,1.0422871737372899,0.8479087711251982,2.0820521955872078
3950,2,0.8073392540031735,0.7789237554408623,0.9396840811455184,0.4685857003006604,1.4052142388896445,0.8515767498034202,0.6045522007982638,2.3294615258044162
3950,3,0.8443992241327823,1.042933214464227,0.8035454127374012,0.7975685396281021,1.1677156497280023,0.5050253949825925,0.9360166440127663,2.3616219408174732
4000,0,0.9135496222621629,0.9992315181453341,0.6635705321675455,1.1474810806977418,0.5687842996129473,0.8142936356945109,0.6688043272181496,2.2414201198426067
4000,1,0.8749244023295332,0.6674198717943123,1.187364164052692,1.0448310081766832,0.8411413432500281,0.48278473897901947,0.8266307018082165,2.3100575034983706
4000,2,0.44607076300950443,0.9347462380044067,0.9589644380383208,0.8870429117218076,0.7331392762510062,0.5488935597260216,0.8643998702528118,2.0892946297056714
4000,3,0.9876849067420611,0.7638821175268176,0.7247901980163878,0.6331001901590091,0.7472947176478629,0.9346278960196206,0.7249362386872727,2.107767846706048
4050,0,0.7045669597704726,0.8839953485043323,0.6350091743740827,0.9811771083975853,0.9255464795628494,0.8430073471268233,0.4394499289761479,2.0986237060936705
4050,1,1.2958324132020236,0.9047471767021876,0.6745061807387103,0.9347083667285015,1.0542064007242105,0.8629974129927195,0.8784243267724529,2.5404984517940967
4050,2,1.0653777093118806,1.050160292074649,0.7448978822208481,1.25807098483483,0.6093463857940642,0.7089225416400339,0.6815127055964721,2.390358867656571
4050,3,0.9130302682010176,0.8182608499695899,1.2154887893168658,0.8990519995312695,0.8129379313071632,1.050959286271321,0.9572632428758763,2.543741142840495
4100,0,0.7972244717792429,0.8250749204714618,1.01930550771261,0.7124363905966349,0.9545458977023356,1.0004414808773923,1.1424067802719684,2.4657654167795804
4100,1,1.1121934218896914,0.845968876584305,0.9701112607743948,0.7130634211741205,0.8269558178578996,0.558197804149068,1.0080245017595737,2.3267502999108745
4100,2,0.7606942502057297,0.6060883244016766,0.8238596389000624,0.45721758868661705,0.9512229804545135,0.5248834788041312,0.962650868628345,1.9851488475734602
4100,3,0.6566327301431732,1.0114817167695889,0.8890128342315349,1.0413760755631771,0.6736448083775494,0.7856708332563698,0.5095366870925125,2.158650823411507
4150,0,0.8964176877562551,0.4670425184962852,0.9228272515408841,1.0008470551551925,0.5406571256525301,0.9429277086217007,1.0878071434260086,2.289049043052382
4150,1,0.6879662086349345,0.5218089305519933,0.8904876781655774,1.082493344984683,0.524511088717208,0.905173433413655,0.8316694368143562,2.1204874651844734
4150,2,0.812963756897934,0.825632845672585,1.0025044526773208,0.8541780004200079,0.7991601986606246,1.0802201278148968,1.0276161256145941,2.4369534975467344
4150,3,0.5836283707074679,0.7819199635684378,0.5752350140035409,0.8472252792917595,0.7313356966313935,1.070641218611878,0.6788808859247649,2.0353649985101496
4200,0,0.8578559461556775,0.5436419941141322,0.8271175941531657,0.7901743772298553,0.6859548556963458,0.7777134523278194,0.7493721492757673,1.9942149831957905
4200,1,0.9978685454562916,0.732962572509559,0.7952922055854373,1.1167252114821624,0.6881014652313936,0.5784356601853089,0.9294923903556762,2.254898711714659
4200,2,0.8789360674806259,1.2069877561292084,0.7311054453463823,0.7499798734922678,1.1235249857564849,1.1375225561394862,0.668900903112241,2.515954573229082
4200,3,1.0584079582145707,0.6337132836169539,1.3730342926054995,1.0092036025955085,0.7026802330290739,0.9178249451716529,0.8785528750716975,2.556081435747469
4250,0,0.554190068293233,0.918045524809294,0.7975038170362923,1.1770172082111232,0.7207899855684189,0.7685962502089616,1.022189495945177,2.3079137394585283
4250,1,0.7213495694390855,0.5672782391847524,0.5600960899856564,0.7225087319174223,0.5330077069031645,0.8044685319198672,1.1808912508084146,2.000911612340732
4250,2,0.8977503281672073,0.9281971724517449,0.9584657910118296,0.8775576047449106,0.5065573296083987,0.6833246886632008,0.6060564629784139,2.1088165068331235
4250,3,0.8781299084829359,0.7017478596303702,1.0375701120249183,0.47321676112786404,0.928162117449069,0.7834169790592415,1.184995633667194,2.333128750455912
4300,0,1.019747940245549,0.9888502812834465,1.06586669555057,0.7542675834762596,0.5911927289501833,1.1645946227226718,0.8743441902257305,2.488567736995723
4300,1,1.1091367437106177,0.8932699615257546,1.0612593395670733,0.6477813105967378,1.4276930059992599,1.1872573311525725,1.217415642639661,2.91616112196985
4300,2,0.9052336966394904,1.0367365151590544,0.6068338745427755,0.8277879306068098,1.108794096434706,1.0380746902166829,0.8779066337177306,2.4546882337741294
4300,3,0.5806406046928023,0.8691888073837033,0.7817610451473351,0.9306656243676571,0.777328990446531,1.1052853275141374,0.9803470634751208,2.314497334251991
4350,0,0.47755941791787915,0.9594005485274566,0.9023812758228014,0.8446030238219474,0.45650058502210683,1.000102431302904,0.8802881546273754,2.1586253814319862
4350,1,1.1419771060544244,0.5113545545736683,0.8955213634213994,1.1970355336196417,0.8501803107991185,1.010562298142475,0.8853286137396864,2.515610710330908
4350,2,0.8534557213147393,0.745143051085583,0.8060439705460409,0.8525948404757532,0.8167149366112333,0.9540773031284261,0.7857249928076221,2.20338381396359
4350,3,0.9294706505277667,0.7649340896049532,1.1539211920494281,1.018193657598768,0.796083655928841,0.7164367527040599,0.6701935366260191,2.326689166576588
4400,0,0.6023411135681184,0.7130523700427256,0.8128627116377136,1.0594147518157337,0.7327040000614653,1.002045558199463,0.767404159889097,2.1872867898111292
4400,1,1.0544617460027803,1.098301978820646,0.8905462030494241,1.0879544995274884,0.8799284869264444,0.937455463716244,0.5723591562584825,2.5051080287248
4400,2,0.8513818271998921,0.423287775223102,0.8131131684286388,0.6964091061396627,1.1131654397997823,1.0526694739570062,0.6138841018461144,2.1850094353093366
4400,3,1.0663938600728817,0.4511253305625619,0.8689554925527788,1.0326708090437589,0.8197735747500043,0.5282499050583621,1.1078878851519618,2.310994335493731
4450,0,1.0354272290042583,0.9397613396454901,0.9425966446188925,0.9603302972264098,1.0400792778956385,0.7175452752024769,0.9986457545023985,2.5218868145760345
4450,1,1.1001228890662351,0.7446262477890127,0.7632013822130099,0.804878727036634,1.0612946988420544,0.9315276315148173,0.8190153291653419,2.3790588497272216
4450,2,1.253085558973503,1.0790512922262905,0.8819060055941726,0.516919193319811,0.7687881409436524,0.48243748593215047,1.1638124194705088,2.4408562525660065
4450,3,0.9846748421533403,0.8933509364669291,0.9443035215067472,1.0242433847416663,0.7253712370461107,0.7170866808162524,1.3227240223354957,2.5491998099353492
4500,0,0.45148253354561857,1.1376726930462873,1.023921787991145,1.1639660192117094,0.8109815588467751,0.5975580468618147,1.0989331679420709,2.4746290978982177
4500,1,1.4816573054606792,0.8005424227407364,0.8361482889996072,0.7990734441433407,0.99983080162025,1.189112289082347,0.8360222067749259,2.699337264941294
4500,2,0.6752889669624775,0.52877629442481,1.1091507334467212,1.0214107703400834,0.8488051568779161,1.0319168103620535,1.130653847591525,2.4643083189087487
4500,3,0.9089639143041958,0.7341237717491174,1.0131711941015202,0.8965226674808804,1.219908196914327,0.7473645567230605,0.7241325498392606,2.401357868144567
4550,0,0.6092230966668882,1.0478234319364848,0.8864904518029056,0.723202493796204,0.8627766407711138,0.9459480141799181,0.7202992762095033,2.221712429388076
4550,1,1.1345135750131297,1.320825997186794,0.8082407361103126,1.0182550500334326,0.766728696141884,0.9583954616783035,0.8099475381218245,2.6237775382304984
4550,2,0.9676713462893499,1.1375573771177283,1.2315206403744359,0.6782273021610155,0.9613889506184643,0.7660607852909008,0.9753336141353794,2.582528505500654
4550,3,0.9779573892409665,0.8786315314330686,1.4591409804826911,1.0467294497050306,0.62808562609136,0.829788182766328,0.508676098327198,2.5089679790650603
4600,0,0.7501986330891323,1.2059597582117554,1.0811203270363117,0.6664970132539805,0.9139210783915478,0.9257193120701711,0.9994807134810869,2.5142287160501606
4600,1,1.0587695676728095,1.1893154892294135,0.7492674926954641,0.8714167985927306,0.893574008312097,0.9211687995617881,0.8196295558587804,2.4849652748650497
4600,2,1.0034880755958921,0.7028762530982215,1.3687003422555555,0.8161387024571649,0.7768209632166809,0.755980903322717,1.054438068665545,2.515401345571742
4600,3,0.71319857788631,0.852749240762957,1.160915687712496,0.7607241314352685,1.2127124565662493,0.572044493698452,1.0613793929903526,2.4671223192602367
4650,0,0.593911931858659,0.7437651155653726,0.9018883463187399,1.1637700855379332,0.9984487305427718,1.0123676048926042,0.9748008458894845,2.4588017519230565
4650,1,0.8551773349155081,1.125809899631394,0.8469120319846775,1.1007574635690742,0.8725532979310566,0.7116085626178712,1.0944524940438178,2.5284907462011494
4650,2,0.6296520297484458,0.6086604161212117,1.0236018797563737,0.7781693636973555,0.7595072007737499,1.005876132637854,1.0721683478467772,2.27121564276034
4650,3,0.8753918878090168,1.1873993121281605,0.7440694016588439,1.1941975687768136,0.8687530197917082,0.45953993380106195,1.1060161911868536,2.5189592626249904
4700,0,0.7464338445123833,1.1466284370677702,0.8420224674652497,0.8966619072037967,0.8871089560024793,0.7572319479212798,0.7832823844788017,2.314912198136226
4700,1,1.0749435231669378,0.6350872141631335,0.9480583449623032,0.9705485795810568,1.1219001659792447,0.7272007137114265,0.9105653939663502,2.4528001784709788
4700,2,0.7693257174605675,1.2779186924046355,1.13885395406205,1.14896722918723,1.2192486106051388,1.0093414879116553,0.665713975894779,2.791158321872166
4700,3,0.5969911841825982,0.7862158352152853,1.0773709298579326,0.9895178108280914,0.6947944212108759,0.707595655251939,0.9080392281901518,2.2186422809892807
4750,0,1.0875102305130655,0.7672207803982226,0.961461775547923,0.6977021325860318,1.1102210354695476,1.07519524293668,0.9441053865284593,2.542139606297241
4750,1,0.737996930306738,0.9621396893768615,1.019679306660628,0.4139938468082619,0.962508362708246,0.9316543183367285,1.1402649551899064,2.4033508545021878
4750,2,0.8281037148802014,1.1130977020355561,1.0586248176405,0.9499228372481757,0.9869082172545993,1.0965769598334683,1.020868699164893,2.6770177282158807
4750,3,0.7774219540727824,0.685310922733344,0.4931684536974132,1.3049501387177922,0.6763230924055599,0.9597746058410753,0.8214592105571499,2.2524478679209072
4800,0,0.945489637966413,0.6564333838844784,0.791328856946141,1.0383030085603544,0.6579224644247013,1.3284426188752723,1.0772509075780656,2.5272952378219853
4800,1,0.6819711388578413,0.7677216105804193,0.9633545759997073,0.8099700008452814,1.1541964585324864,1.0670075929137453,0.7143496118674977,2.370559972486648
4800,2,1.1797763897121836,1.2033127782903192,0.6891109212268234,0.7976218190579891,0.7318281386765001,0.8807806037116334,1.3289974793468755,2.651129871706444
4800,3,0.9876849595307146,0.5409792936632704,0.7583142923175445,0.8170797640418981,0.5286237259092801,1.1194675297218626,0.9651366840002498,2.230466205683063
4850,0,0.7128851723244897,0.7600621911822791,0.9326184027654896,0.7892265138432981,1.1304430408293593,0.7950933359606238,1.0640943972529688,2.3708494567198284
4850,1,0.9093453253325192,0.9144275500224383,1.526648516205048,1.1120245312851669,1.1373137473347104,1.0403365817586594,1.0537541495786311,2.9523755665787523
4850,2,0.9627589595195596,0.8264677202193721,1.034332479011721,0.6338745788063702,1.1441309875624321,1.2765064657369372,0.9756258494267547,2.6404440227608963
4850,3,0.7691089414796317,0.7593373511623811,1.2192445081311094,1.331386646264134,0.6740072081167499,0.8163265963553776,1.0116550820142676,2.563472290208797
4900,0,1.347730157891504,0.5839315297292818,0.9164067928449641,1.3173336483669935,0.9786329601654503,1.0653867786312818,0.7017158919962747,2.7051245096814274
4900,1,0.6363470254283298,0.9013090034318225,1.1796307774436532,1.0105006625706028,1.113721086780468,1.0507733173408538,0.8587887615639386,2.5907437498043273
4900,2,0.7264530880012441,0.9802849848386753,0.5463792805052552,0.9584450879266542,1.0309321401245175,1.0041291294923123,0.6883795489676763,2.291463033735549
4900,3,0.9090492767049922,0.9559050427482411,0.7534283385696003,0.9518040243124984,0.8611439315699588,0.9814595839225212,1.17110329084912,2.5079922057050683
4950,0,0.9078489182971321,1.1088643294164575,1.1773343349891985,1.0963685847018432,1.1726693877960552,1.2522633833766632,1.0333162539241478,2.94159302494666
4950,1,1.036193307672489,1.4408909640974843,0.7700422593484147,0.7784476518665904,0.8533540736338794,1.2100661000041772,0.6963130658153032,2.6506856086971182
4950,2,1.0465508471636062,1.2459096264262988,0.526359933264081,0.9957788275175489,0.9989219245138685,1.1666349474438593,1.0229464493589266,2.705825433343111
4950,3,1.1438622435897081,0.9762183152122744,1.0109759894158452,1.4707803714743788,0.9807170516697709,0.6241120896896614,0.9695043736279498,2.7817172663611944
5000,0,0.4947853439355826,1.2391146463167066,0.9863793563576368,0.9231850210462309,0.8758860077801756,0.9615874146295884,1.281052835117791,2.634075830720351
5000,1,0.676988816374422,0.9201332150707544,0.8887670990850656,0.989223709407819,1.041068971915228,0.9445261767130235,0.9518066246266639,2.4403523614648535
5000,2,1.076838330646194,0.9659523672706427,1.3383419586023975,1.0268392479194057,1.069156451941301,0.7376482704416861,1.173564146314827,2.828900157399869
5000,3,1.0729028770438245,0.8969601670474687,0.7061048458006294,0.8316813091759503,1.0399500283073864,0.7382173145389519,1.0806646300031622,2.4372592979689296
5050,0,0.8178174273001602,0.8830363091863942,1.2479617483988168,1.2981841201837372,1.030489896079619,0.8698565586256601,1.003794214730871,2.7417935165024123
5050,1,1.1695910563603005,1.0261429517353657,0.9871688703544691,0.5555826832454673,1.1664781118530296,1.1490524409084037,0.8211208310035794,2.6569379385923004
5050,2,1.211373441432953,1.3937127770299242,1.0729455596897104,1.2242967955156367,1.119976734853007,1.1078160566990982,0.8744508178808876,3.050613753331975
5050,3,0.8625791671389725,0.9037085955513695,1.126303916393765,0.921955974115292,0.7806621268329129,0.9799578442416949,0.8451806734790409,2.4420025551032913
5100,0,0.8512882089867667,1.2284739874207589,1.4129020948801942,1.4556740030406141,1.0336999898048176,0.7505387077263372,0.9149653452619568,2.969532739190261
5100,1,1.077397744269077,0.7850525135399541,1.0678488766404874,1.1346854008676062,0.9479602430516472,0.7370670990237457,0.812033682323147,2.51121499731764
5100,2,1.1443849987648917,1.4608901014472337,1.1913144287011854,0.8510603237337144,0.9893238933837214,1.1506469270053763,1.0870015562850739,3.011921837728033
5100,3,1.021620112038165,0.7839863175077606,1.1189700746100997,1.2161115496195372,1.0321078349481925,1.1181025864216727,0.9632451654985903,2.762716915272338
5150,0,1.0901072934008857,0.7556268501150956,1.300257593921574,0.9079988212113228,1.2021018521000721,1.0825992804349815,1.425958500424203,2.987451292885851
5150,1,1.1774939078942015,1.3582209950717508,1.0768924693805368,0.8962406847172482,1.3195222665690423,0.9896002111965925,0.9792235672199106,2.9788466416892527
5150,2,1.3741626594454108,1.0956507613631292,0.9147757914454969,1.3243394481449322,1.1097028305219858,1.161263895676242,1.1947173750531979,3.112360381083932
5150,3,0.943918683692299,0.67727699112212,1.1074798361355813,1.3215683335625878,0.9119839688670317,0.8024301271596075,0.8567272891200657,2.555842633695586
5200,0,0.7617044808465123,0.9605439507967745,0.7553918164463431,0.8449949369467971,1.239384532822207,1.0288282477022546,0.9172368866247045,2.4946656543568624
5200,1,1.1483610223293654,0.9753566406840095,1.017617851561057,1.048050568700297,0.6894617783956809,0.6805721607491625,0.6126578617727905,2.3912121122869516
5200,2,1.3457559633649607,1.162116496547196,1.3340335374746628,0.7190380836867096,0.8621130059453457,0.8519358758150933,0.6247723383830246,2.7051079748705122
5200,3,1.1702888649365117,1.3657791152819074,1.047651588991617,0.645743284215374,0.9725631529777423,0.7473062600258056,1.244482258416109,2.793307839189365
5250,0,1.1294802341266446,1.1887789885154803,1.3839117372605916,1.1382532924316935,0.6369586194281102,1.1448392557747196,0.7921984444846146,2.871185280846276
5250,1,0.6577777018908233,0.9700378527246275,0.8539875695149138,0.9287719332253341,1.2281898160305726,1.1340225163047954,0.8883832932069406,2.5591481358047985
5250,2,1.0560104653907558,1.1761413403706502,1.2810780592387072,1.0476013585789812,1.1411035577594115,1.381494513414015,1.3950008067524664,3.223936697093672
5250,3,1.2816353199945731,0.9166534889115133,0.6021269216986544,0.921168681589747,1.2289246942734193,0.8071312858547388,1.0884883710477329,2.6533893481119613
5300,0,0.7634596778335154,0.7625492442257296,0.7645098442104864,1.7353159827657922,1.2798630992756828,0.856272829764485,1.1083888140530724,2.891353898519247
5300,1,1.1467897303508503,0.9961182934284782,0.9805823781342559,1.1992624026334031,1.3112186433453528,1.1057970674416915,1.1587915610487134,2.998671342077238
5300,2,1.036248744567625,1.1703933448903734,1.2708795328958664,0.8854961895995298,1.3864188790320062,0.8473995779710006,1.3394171844246927,3.0458417683990944
5300,3,0.7559426462509142,0.884201533157891,1.2784516574164817,1.3746607315481048,1.186504960556293,1.3348574838279395,1.205000898534397,3.0852970832475393
5350,0,0.8033138949221246,1.143334997861913,1.0570207478866986,1.4854267100978311,1.301287946218017,1.092421798855245,0.9649634847715425,3.0156597513935073
5350,1,1.0267929454719864,1.1658576276955848,1.2108573512608396,1.3745618072097896,1.1927570113542212,0.7116761833663402,0.6612383365206527,2.8522818696018466
5350,2,1.1185346109711602,1.02816123117121,1.0425315426926403,1.322756919869553,1.34302536626712,1.0806277378709797,0.8797626025443368,2.9816520184160415
5350,3,1.0553682433126637,1.0681413463621747,1.40887962621024,1.0827701902845668,0.8923308607495795,1.4260539944863975,1.198397434410256,3.1109647895722348
5400,0,0.7324392085291087,1.074841859650723,1.3943183063241058,1.0322426250978214,0.8179561922167382,0.9923337239219164,1.0456559017691678,2.729207835763094
5400,1,1.3495240413829905,1.3551350307249823,1.0174579519313338,1.136011944728638,0.7611961924169328,1.1528087935993647,0.8009551341178645,2.9211755847779757
5400,2,0.9317452910113595,1.26659481031377,1.315658286057043,1.1489763020557593,0.6708528640030484,0.9245402106538165,1.0542391164081752,2.817756776234224
5400,3,1.412779596542207,1.474124643009346,1.1045382375674204,0.9227083449877954,0.9052816104594724,0.9338138474093436,1.1797822139850118,3.0534921365507013
5450,0,0.9742312137000142,1.1092209420617758,1.0816462078068496,0.8216132544628567,1.0363369868073895,1.2094592656903445,0.9225528063268528,2.7225712407352356
5450,1,1.1142642562789904,0.7566645695660759,1.1129438166242769,0.8664165584813464,1.294194585829747,0.9793571820129882,1.5873887348037998,2.9928800187718716
5450,2,1.1662277755595687,1.0299561079818225,1.1418910262003639,0.8073388547034901,1.5447558093186768,0.6498677861410651,0.927796192223244,2.836549378219633
5450,3,1.1927424606882802,1.2076129713639958,1.138212138044777,1.1844269981573836,1.0884147865615164,0.8561301989430574,1.2705358491186527,3.0184805549043334
5500,0,0.9318354106336985,1.1296341113494217,0.7920245570645794,1.4537938688835452,1.0279766983956664,1.1776112631564448,0.987199995674828,2.8815409386731874
5500,1,0.9181039343545304,1.1686041963705363,1.0513703753367571,0.7079193486598246,1.1843974682143341,1.4241784989473787,0.9418666147897568,2.851889645836046
5500,2,1.086709105700772,1.282308760838634,1.1223111832058505,1.2091938083799745,1.4295387497408196,1.225746966142265,1.4373014138941382,3.340487466390118
5500,3,1.2249535198227028,1.165388204669497,1.0607743477587621,1.0268078520337538,1.193962120551983,1.203639370940234,1.06777362282909,3.008762397626301
5550,0,1.2193049730094252,1.048661607160843,0.8285605324836272,0.5894111301571356,0.9445343249555309,0.9395877807056676,1.0589229767620458,2.552763596431627
5550,1,0.9615805850357838,1.2645575966673435,1.2800744923377474,1.0479080658402853,1.0608858680020852,0.6075226494440834,0.8774345521229109,2.743154961894597
5550,2,1.3505680026079276,1.22443854613572,1.2948904862911235,0.9500073233702044,1.1682278009339213,1.0442506360900596,1.081064745332811,3.086495672818366
5550,3,0.7357736707629389,1.438259061673545,0.9013858573538426,1.1297821558703918,0.9046679646447543,0.8789472572280036,0.9570165905882446,2.6843452401915386
5600,0,1.119838561680045,0.9135163950934476,0.9419220106939452,1.1154780507096962,1.0873706185754854,0.981642020065575,1.1955020196313622,2.7920028583110925
5600,1,1.4074886208712987,1.405932714664834,0.9565662006522992,1.0643273176924812,1.32787529126748,0.8972500914613165,0.9771483596695303,3.0868449886663822
5600,2,1.1979501522856206,1.1127530292424024,1.2498012947839372,1.0169368310938753,0.9353365677147972,1.257552724978911,1.2287434181843826,3.0390082930235587
5600,3,1.2502267652197354,1.366127144252378,0.9657335638237148,1.3460084142205817,1.0470554242358479,1.0614191369786965,0.8509837546519909,3.020076042524613
5650,0,1.1093035622055232,1.5352436624384227,1.4005468276877373,1.227291934435158,0.9307227229242692,1.3440348604703807,0.9340823998087511,3.2558391894893486
5650,1,1.17276328049843,1.1116188723899167,1.1741837821441643,0.8583864136551922,1.3449851113381972,1.6262415760313573,1.2583236297889753,3.2807971576366532
5650,2,1.0596830317894954,1.216957242499538,0.9940243070261784,1.3633878402181518,0.90276290815451,1.1236071257775349,0.9324231021005261,2.8978803402688413
5650,3,1.0295904452979368,1.1203405865693705,0.6772735559691843,1.0615700382983915,0.882717450036816,1.1356668821914608,1.2429615044581568,2.741301259668892
5700,0,1.0276298240098225,1.1796802331000316,1.0022475447456087,1.316648844407068,0.8196308984760549,1.589447428488806,1.2032342418341924,3.1355451529801193
5700,1,1.1568337892032692,0.90263245851616,1.2099678679123234,0.9531325090631045,1.1902486045940526,1.3353493761596256,1.2847981601455012,3.062033572919115
5700,2,0.7701475593929477,0.9009746893611221,1.529782049389347,1.3337525360349465,1.1158553144804844,1.1900925967856455,1.144660539703988,3.0815114510667603
5700,3,1.1644968183996993,1.166507943381307,1.1822891146904588,1.346194291374504,1.1370672439864176,0.905489148743972,1.0808300623749556,3.0344466352949695
5750,0,1.306371209507689,1.105053255822084,1.1649838785975999,1.0465712382043697,1.1806131541155882,1.2515327622167498,1.1191324888984777,3.097238517057292
5750,1,1.2799291337368952,1.350912471209323,0.9690567521975078,1.0412387100527447,1.4157289692976032,1.1239160517950177,1.1681673877627374,3.180962587704014
5750,2,1.0729692766630148,1.18471036996502,1.3690418943723284,1.2196124718638612,1.5393145644951836,1.4757866593938445,0.6493493391977431,3.299336626697289
5750,3,1.1859570439296223,1.2769181062661106,1.323445162354451,0.8696700779544358,1.1571671836013002,1.387409095492706,1.050307037436571,3.148322071255359
5800,0,1.2426143020160472,1.2503994921520984,1.2261862547591031,1.1459671735979584,1.2814157006615243,0.8465376276996944,0.9484731317483878,3.030283175304775
5800,1,1.168376467807791,1.2002425048355339,1.0128005050333573,1.2687926035806179,1.2577278255847943,1.442144048324826,1.1424767798223427,3.2261737564241324
5800,2,0.9504002805869753,1.0429847040232079,1.1237342994205104,1.2055209964148312,1.1068827141470323,0.9730134274170905,0.9102598242857449,2.7762663516272106
5800,3,1.2079637241637595,1.0623437625950434,1.224191597032635,1.1021818809113282,1.281195275281622,1.311511445881868,0.8096168493811313,3.0525732820949028
5850,0,1.277828758870498,0.8377779957766243,1.1784358158384978,1.4329700290338414,1.3175151906605025,1.1703360214959118,1.1037592646264436,3.1781519124241018
5850,1,0.9010842314570737,1.1796842470949898,1.0510453551382475,1.2268174952564435,0.7476228177424722,1.0728648804699203,0.9913306573534073,2.739726377179536
5850,2,1.272540064883599,1.4473979425428678,1.2314343264073133,1.0657878328660246,0.89929403250869,1.5248107288352957,1.333598956368215,3.3584098793706123
5850,3,1.3661217544224573,0.8081865496704649,1.2263924900611616,1.2344653946219324,1.1554995278987066,1.1005828477310142,1.3708870178331862,3.1580358573850065
5900,0,0.7333619866003289,1.194892326666133,1.3064911497665592,1.2572087429607632,1.0272748316603584,1.0464971924722595,1.2011464813793977,2.9742702040763813
5900,1,1.129250808612297,1.3793881595620152,1.0062309973347023,1.2839201994208154,1.224167140668886,1.1022988454216993,0.7509668631312119,3.01934929155306
5900,2,1.001689309949017,0.9128786894782732,1.1743997152129793,1.3331692542459088,1.1066512553634285,1.3227632197187902,1.204087461034657,3.0687929348829948
5900,3,1.2129045071069546,1.3846770459382292,1.144642714644578,1.2083919636703342,0.8848226092569631,1.3151740447453701,1.7023664069467226,3.4014013506620224
5950,0,1.140439983471188,1.0388930307117912,0.9935487964603388,0.9746470222435346,0.8569397294101331,1.3447842820371343,1.0799545084598599,2.8330320011386547
5950,1,1.1959144331386486,1.2750196390612683,1.0645293328607055,0.9458771051594177,1.3512280269376162,1.6629071826680601,1.185548958525994,3.3287229416068405
5950,2,1.3108827276215858,1.3595205126285386,1.2026083377483818,0.8422977987953636,1.1209987264860153,1.1500651057007933,1.398913272414119,3.202918697310632
5950,3,1.031604711795375,1.0878139990913684,1.3823994888931914,1.2942327439016927,1.2398890986525979,0.9715517420765434,1.2446393046786548,3.1406972288868467
6000,0,1.2135065737600554,1.69614926919571,1.4686919761826547,1.091128859374566,1.3640709214218893,1.0296166102408173,1.0844405267078618,3.4342320765106047
6000,1,1.4235519408432993,1.0521229828818184,1.4398797771557053,1.2291019392317097,1.3525815052660133,1.144805830720637,0.9726042087391696,3.2868562965801775
6000,2,1.322324922292387,1.2183401885409733,1.3012923355720831,1.4362192262613982,1.1137613192310045,1.204523925234577,1.1760669701181374,3.326177852206901
6000,3,1.330111504265469,1.0039474232295975,1.026550240186652,1.0586559475299167,1.5685112214112387,1.476976947824466,1.511571791548291,3.4464768228378957
6050,0,0.9309500720027497,1.2005098397397411,1.2946574536427855,1.0237002787163105,1.4264720876024661,1.2267008046077101,1.4580562522550125,3.2707090378486146
6050,1,1.228210126520025,1.1645007748681429,1.091630585669204,1.3741415278886842,1.387949185630692,1.3245176124503564,0.8125000898787729,3.207084452805801
6050,2,1.2206381068748469,1.1015374022079572,1.1338221084877358,0.9940876859377041,1.309912803365762,1.4291563375046037,1.0214031571795303,3.1270958949789267
6050,3,1.2793718388956465,1.1359603681337294,1.2314584914942208,1.112426776028123,1.2840725524850354,1.2846793383317006,1.4453292803156332,3.3270710331080706
6100,0,1.5193707721950054,1.1669108747993981,1.2581407018328152,1.1553175809675391,1.2883880560780523,1.161969042978634,1.2071485410107894,3.3249313844914665
6100,1,0.8400518192297621,1.104098751106653,1.1851927678719127,1.5569451897545556,1.2326633533838511,1.0122799915199416,1.315658208784154,3.1667976851151227
6100,2,1.0876635663434466,1.3809144646932796,1.1713777454907557,1.0917029200240322,1.0062669992136029,1.4854219658950143,1.0816670250581841,3.1690587126366174
6100,3,1.4848273292082845,1.3884689330001936,1.4041838861966238,1.160425952218152,1.1774116389215123,1.0983800252863947,1.621111350580491,3.5597215917404337
6150,0,1.268172973104349,1.3041127939238026,1.346612589095699,1.3720266067583877,0.9512919101713322,0.5991497533502445,1.1784611117906367,3.107652274797155
6150,1,1.1142288695596472,1.396111081693626,0.8931883782628389,1.178587371400884,1.3575506627306027,1.2490568619861997,1.10490806739906,3.1624981392936813
6150,2,0.8883307179904241,1.1260070086966458,1.1882379177626181,1.2941713570818316,1.131784163972577,1.417899646348595,1.1089232565787948,3.108841856507841
6150,3,1.4723158506602314,0.9583205150805552,1.1512056027281163,1.2762708772766778,1.1810226055876014,1.2818121713991306,1.2114964303817426,3.247431955276414
6200,0,0.9437575625914212,1.0264727655234362,1.0761594037017097,1.1776028744579283,1.0506053527719252,1.4841896402194141,1.1836771778096185,3.032634897921612
6200,1,1.2725282149485322,1.456542162766188,1.037115003358394,1.280061510281448,1.1438016239389672,1.2922713456940393,1.3163247215553209,3.3415514792466987
6200,2,1.050651153627069,0.8478029722918103,1.4901212164756212,1.3957129778573414,1.3428032631625042,1.2785073128326065,1.025728689916117,3.2374271544913977
6200,3,1.2497983781436888,1.3076292594853376,1.4039655496656522,1.4602521424503034,1.4362443991782299,1.5100685670682097,1.416984201757915,3.7049015007016357
6250,0,1.3113564898551373,1.1063550392033519,1.2228136267241057,1.3735004790643555,0.966267006921148,1.4976746605017732,0.9408223299180825,3.2229337600692256
6250,1,1.099266547891127,1.0323268417338518,1.4400839997908204,1.3574067749165808,1.217469512983042,1.3035866706498418,1.2767182761259561,3.3169354093881243
6250,2,1.4834345179690556,0.8494490378800426,1.5157999165315945,0.9627082001611682,1.6913019107359095,1.3307274038992536,1.4004525024950256,3.5692019964081783
6250,3,1.3019916893240735,0.9566107802999143,1.4656929628669,1.489134780018115,1.185467560609053,1.3080485008597083,1.3713629449110027,3.460205968297957
6300,0,1.1962773407185694,1.3084516534351902,1.3050209467176994,1.3586981160261258,1.2791897931845402,1.443445853868373,1.2857019623372068,3.473493550181708
6300,1,1.4905590939677014,1.2199237635692317,1.2018357082692117,1.1594681553481865,0.7786501305624882,1.0126798588969308,1.3614546634531213,3.1597675860016916
6300,2,1.145083122175548,1.2249690969680402,1.2090417231971329,1.01395185906789,1.639186754705761,1.156947070589274,1.2844771993771813,3.313153531429607
6300,3,1.4223972462400323,1.1503808764522194,1.136492220701017,1.4466026901974343,1.3142381001107821,1.273003561716348,1.1383804938974735,3.372615305490703
6350,0,1.098049421449355,1.4652235288789033,0.9708111749540941,1.3279019187728376,1.0766703783454452,1.3454794280156699,1.395053718821245,3.312717802354862
6350,1,0.8716316824784058,1.4703310576808635,1.3562181267252782,1.3438990545541827,0.9687078392217179,1.2322062409382228,1.1822584745999678,3.228230116319323
6350,2,1.1429887563213121,1.1351527936567096,1.472711004684085,1.1487582066424213,1.2196671849511023,1.301816605496606,1.097155780946988,3.235673593972071
6350,3,1.3601157256279617,1.362470557635264,1.3628020531192642,1.3961317160620885,1.3835189516758144,1.321030081190151,1.5410476072714858,3.680587847754289
6400,0,1.2550729644503196,1.1295734373887063,0.9693003360279,1.20494382343892,1.4674228640579385,0.8450280565541273,1.755772972894325,3.345551982302095
6400,1,1.5025471575807865,1.140780574450771,1.181413881614534,1.4567761045785148,1.0502207172147153,1.47562938577537,1.4277616919539353,3.520782973485124
6400,2,1.2458842878980763,1.3252646886838402,1.3372226318326794,1.0575663969497944,1.3774634869184414,1.175499454341109,1.3239582235985399,3.353689790026862
6400,3,1.3873614706082864,1.562674420418133,1.1155194331810285,0.9151393330998971,1.370578021356859,0.9107013569734064,1.2245220373516665,3.2643379257252376
6450,0,1.4138057864330418,1.3170981835216244,1.6513111705695538,1.661941436334546,1.5674510955068066,1.063820883951681,1.2637111858307417,3.795794530499774
6450,1,1.1236588771142124,1.5264516084626971,1.1559413893930652,1.0563400847923512,1.12430618447355,1.2299048607156824,1.2836985084016617,3.2356345403764615
6450,2,1.08272163730041,1.3120268449527532,1.1635685457826375,1.202784317958593,1.2200863996853795,1.1674375946314517,1.3253768081063928,3.2097394762720834
6450,3,1.3396342059956614,1.3095909965948023,1.2945798263939476,1.3789338843559,1.4214115555786275,1.3537197245057935,1.5065201077363866,3.6345033644817795
6500,0,1.3879677870920997,1.242791490978638,1.0967616810921492,1.5681836079213118,1.42533018317111,1.2717922144685674,1.2453759654551606,3.511844834911453
6500,1,1.0195070247095195,1.6014855894840794,1.4784180046995128,1.5795047687259371,1.5307064043198313,1.3468548109473202,1.2686747017179814,3.748509204281322
6500,2,0.9930930655904417,1.2828057144312317,1.5163730752533602,1.5823900011684793,1.8163923204939296,1.543690277678808,1.5162949118854496,3.9263953891848002
6500,3,1.4249110809555676,0.9881565187204784,1.528827950889537,1.2929030497091447,0.9661395942913156,0.9276698007083732,1.5405685755295897,3.34411222960609
6550,0,1.2572861754008267,1.397104934788603,1.4062286187668949,0.7137597979196199,1.1892633985038161,1.1817889043584837,1.4392642208771014,3.3018262592105985
6550,1,1.2459164096463344,1.2736541286082177,1.3251289686222847,1.493259875828768,1.305995529002942,0.8822868584866022,1.289374960890995,3.362563990706402
6550,2,1.3087607176577578,1.2558130957164153,1.231068264619116,1.4198341941049817,1.620605917331929,1.5299461328380826,1.3682276989618318,3.696014759608356
6550,3,0.9896828068876291,1.6474481258477833,1.3768783907497317,0.9923876236389353,0.8887657373890625,0.9345799146807932,1.3968121907537716,3.1919607035791477
6600,0,1.2465229210902609,1.2140954300768,0.9500339898944223,1.0342780953684427,1.2897522301572042,1.37277465757547,1.1189156245161014,3.130508923020927
6600,1,1.4324048050047529,1.3315899214253468,1.1925347611222852,1.072751154486984,0.9663462043939293,1.6319104802061575,1.2614253728705527,3.4038214133022997
6600,2,1.4226326759599393,1.2090347379686568,1.2026390951375368,1.1752504311413214,1.2503803052556206,1.772965473844243,1.3509927897655125,3.584025961762589
6600,3,1.0477836426920966,1.426886103943258,1.0535410965629999,1.2183232683204357,1.3799332696524937,1.5377987196815088,1.0547153389290294,3.3331036768930145
6650,0,0.9902293177544363,1.3823395422262794,1.7762239511259004,1.7107886648003492,1.379362287990122,1.2123421466331394,1.1069717862168336,3.68388197821509
6650,1,1.7852686398648807,1.6071120727437234,1.1256946198695554,1.460714770931665,1.3683068254763484,1.0541787055021143,1.1948302292645407,3.685382604100756
6650,2,1.707490261267742,1.7483670900547106,1.2273826506015186,1.6809356305153138,1.5854113451672558,1.2361500419318094,1.312749793318284,4.008644573699986
6650,3,1.2357157932556255,1.3524966819809383,1.4570567002484909,1.3101954364488315,1.1670447754284117,1.2748007216633441,1.413912548212563,3.490290272699718
6700,0,1.1987832417455575,1.5590504453425813,1.6438858014383817,1.135466826114782,1.1835220958608004,1.207333349761959,1.1791330400002946,3.4796692498065513
6700,1,1.5047656849078102,1.2607525188455868,1.564442054466656,1.3372450165527605,1.7961096648990391,1.3356399265341548,1.5286052032634112,3.928879950503767
6700,2,1.6045865583127505,1.1689417680736434,1.7403072769247654,1.2477494248243428,1.3437400479506014,1.7151481968380702,1.2009079308200667,3.8361727590688046
6700,3,1.2542453503559454,1.4868729850083793,1.0378540831075984,1.3591786234228973,1.3064295033187874,1.2982020962945593,1.1821503505551452,3.3908695760694076
6750,0,1.3766799321981362,1.379999038186032,1.0869283821459361,1.3699610743706447,1.3687253342937045,1.18480853414255,1.6758362978318149,3.5977019380101054
6750,1,1.565692791808405,1.7776037870350718,1.7029976110658378,1.0771156753042246,1.213479059515391,1.3431353805471011,1.2329731531708994,3.8037369859237384
6750,2,1.4104477689882675,1.1611291148306182,1.395597703568081,1.4593115413139317,1.3532752109316033,1.2988555355288387,1.0916976047667175,3.482104250897312
6750,3,1.3198859971981596,1.6105210352515578,1.1993695249009464,1.3575086543488628,1.4894183601443358,1.210024239181051,1.4240837493764704,3.650716955703301
6800,0,1.3836513195482825,1.2991252547499974,1.2823922607223757,1.3258364060560965,1.1984236766008585,1.3907331520543367,1.0948577413121763,3.402008373031003
6800,1,1.726175444647616,1.3123402100903734,1.3741120908523687,1.369615676744775,1.3386853073258784,1.293475928006701,1.5828963012915764,3.7995616407635353
6800,2,1.3272262616372912,1.4505710758316948,1.2196973612446178,1.3213518932384984,1.1200440091509472,1.5326943505619284,1.166961032735014,3.4734373581529603
6800,3,1.2828766194049113,0.8840534297620768,1.420562741531986,1.4577410653933878,1.616011411726526,1.162244282569304,1.2555394228180712,3.479800899634736
6850,0,1.3526392670178553,1.5792126920514153,1.363967798216808,1.3969905069673487,1.5007779518341464,1.2327373859962312,1.1415386504911316,3.6346420399612405
6850,1,1.620277526718666,1.3069796471644293,1.3382170913176759,1.3170475653782026,1.3261258098265043,1.4575170164615954,1.148347813766176,3.6139455658324007
6850,2,1.3967059463839582,1.4734494074846207,1.0102402111528639,1.2749765488170461,1.3675282345958644,1.3867040431305984,1.3466281207715558,3.517737911307359
6850,3,1.8851176939938092,1.7644124128914374,1.6944347143634773,1.4774909357042036,1.4235414961759572,1.3482502960616711,1.6081550692597673,4.260436635868816
6900,0,1.3798638246238408,1.6659476218299187,1.0733305411555252,1.43107586074325,1.5033488649755606,1.5758074442500043,1.6702931395577205,3.9258793035696047
6900,1,1.2595372030115657,1.2979265737961958,1.4685601762595761,1.514670738324543,1.0399641099989452,1.4912951850936202,1.272525737797216,3.5562272461267668
6900,2,1.3125852249277947,1.385250369155702,1.3691812855619716,1.4649839394667774,1.5917743826340347,1.076278201081734,1.563132306478558,3.714584357968488
6900,3,1.86159923026199,1.4092801880952404,1.525885424628659,1.2436473083222042,1.274139291285466,1.3446640309315252,1.2186686663137678,3.774031386620209
6950,0,1.3234110353205943,0.9950130403025268,1.3893185754464301,0.8439497748245051,1.3033082170796377,2.078085880786578,1.1096702955427733,3.554201238918395
6950,1,1.4865571619556692,1.7574647780823647,0.9094255871280259,1.3268980656198228,1.5528542954358442,1.3969742048232723,1.489173776186191,3.803522044698358
6950,2,1.3171894864468034,1.576759864473614,1.5070249689930382,1.6671313215156809,1.4712977654836552,1.143725388337809,1.144668097056272,3.7489599684221795
6950,3,1.572743834233229,1.5335020532631392,1.4139138959525828,1.198955372268009,1.6867991009559593,1.3414751305196009,1.4402081574130259,3.8705095885175727
7000,0,1.2888108244388417,1.5628804728446983,1.6358604111834607,1.082627778433431,1.530367353792435,1.1972023842803785,1.4820303400991577,3.7314183121914555
7000,1,1.4810943196597062,1.4713009289983663,1.5722376476739928,1.301232181867815,1.5597619446591735,1.0424920024191269,1.447400779587334,3.760069033296657
7000,2,1.7717168409784054,1.2275184744558383,1.2965794597859035,1.2478354241098193,1.6525494126577502,1.133938165545719,1.599839939770144,3.8026591838316683
7000,3,1.2883986971733805,1.665622165058876,1.761965916558494,1.477308756239391,1.6073089873874085,1.716450466502407,0.9978216822858641,4.030697947815159
7050,0,1.1568615255240882,1.6814161592675205,1.6448428893697593,1.9917076848244253,1.314770050208671,1.496125913853784,1.4461267352147775,4.110497791231164
7050,1,1.3748139040670226,1.2749595712420951,1.411962240854632,1.5328643246556588,1.289273400213958,1.4226021042720185,1.05556533181397,3.5579750426085184
7050,2,1.4642898675324085,1.440089326088474,1.4034754285626425,1.4032207864772899,1.0786082615896453,1.330156418147742,1.5661305338714555,3.6799797099014864
7050,3,1.3091561888245025,1.177041411964825,1.5912895658810813,1.1420762237916982,1.5575713669667643,1.3750291862626847,1.411146340162334,3.6392203581636045
7100,0,1.3913309036377017,1.5305645602961555,1.4960532550683907,1.2960071889168923,1.082757768684733,1.620012274400016,1.4108319558885147,3.7394505605753006
7100,1,1.2827458421320044,1.7190703666691944,1.1275799831504998,1.4525206828021542,1.2151893624385013,1.27292669248507,1.5762786578469996,3.68287587784946
7100,2,1.250020176084044,1.1803846527374255,1.2172674620434332,1.1477373892809302,1.7592108633815737,1.370624656760248,1.6839483201994403,3.682935828194636
7100,3,1.4785152137770718,1.4405929557882895,1.7593649824288686,1.5987281329419971,1.3540430590791346,1.5380941920240792,1.3415695363159243,3.9889330974890704
7150,0,1.6520389083495144,1.212256562556459,1.5200319219234697,1.4667727314082193,1.508059295318426,1.4260107824581458,1.5131631474367033,3.9061656542029417
7150,1,1.4570071533820057,1.5009113418537796,1.1103988085775218,1.1978306717312073,1.4689196250437215,1.2748283586115197,1.5743101637506411,3.6475681259970134
7150,2,1.396052842699563,1.186134035754678,1.5084015832987059,1.3350518639387006,1.694606709922042,1.308844770317985,1.2509450171834562,3.6828177088212115
7150,3,1.4787771985135472,1.289551884661853,1.423750912484174,1.1052201066071017,1.508011353457435,1.734021024450826,1.4768087507954473,3.8157824168506607
7200,0,1.5034332165402777,1.328549167377687,1.7391069125669396,0.9035809606347956,1.3553643614547373,1.364625235051903,1.4590252942912931,3.700577674677329
7200,1,1.3688319872773778,1.0840152317690894,1.6005533140441581,1.5989350391875758,1.6138377592370299,1.2762866011901983,0.9958601068116517,3.6595452390421928
7200,2,1.6513428724355448,1.7080148427216164,1.8625761005760455,1.1785892158111042,1.6661353366827654,1.1578736363588504,1.4951322292462679,4.105436512261893
7200,3,1.4091209800408129,1.5854676925670272,1.428606801040118,1.2937332462545545,1.1283733145768824,1.321375078378414,1.5440419621509296,3.690164882589814
7250,0,1.5411418324595962,1.3491686545317245,1.264579621695604,1.5977026759105526,1.7521882342394335,1.7877493687791572,1.9204646851847391,4.27803526015933
7250,1,1.2239110630377594,1.4866890628153027,1.3695090335407398,1.6969486908538192,1.4653060602066308,1.7039596291800077,1.5177119482858052,3.977114825848518
7250,2,1.3902916149891762,1.4670399717400542,1.5963823512364457,1.4966673874742153,1.2224221433404103,1.5773290602558965,1.240042889779661,3.793884047096085
7250,3,1.2706144397327748,1.431866008405549,1.446225905276332,1.64087947363901,1.550619919905873,1.7776527223830705,1.291719868859711,3.9600211733775668
7300,0,1.2406978394617094,1.4702973949082896,1.4670480663137084,1.3754087169939866,1.0420250162097968,1.4408806321509748,1.5014236519704522,3.6278520972040744
7300,1,1.3940778636465156,1.5195072640330018,1.5950157242870449,1.5044222269802872,1.0542656353442699,1.7678236240714789,1.6434090947432487,3.9996483172263337
7300,2,1.4777344658829499,1.8413705324052247,1.2759543046030315,1.3380250768624373,1.5831409051669294,1.4668978044977428,1.4799727115836703,3.9800953009321005
7300,3,1.5105742977553942,1.09832710518182,1.545692286846523,1.4472681146117656,1.3601734289419407,1.6821166347956016,1.5753039525412194,3.8901256345975197
7350,0,1.7630298196307153,1.4349706454028859,1.7387012396875676,1.8149642664078955,1.0179642501799109,1.7012509440430594,1.268218120635962,4.12595145124914
7350,1,1.3664443943288969,1.414890775055076,1.3405585875494617,1.7610957269412248,1.4530452199865895,1.5739186508344116,1.574585108348041,3.9793869211769004
7350,2,1.3434472684558605,1.5999909398810825,1.1309527716273524,1.6480603558620794,1.5741605803856682,1.9059431145661219,1.3179758303109814,4.025871291674012
7350,3,1.5553499431122437,1.828565030536453,1.4565468257299674,1.4877888585442258,1.529719801612932,1.4917687677121259,1.3676050592823485,4.066149060909493
7400,0,1.8343184354968303,1.4269441255152444,1.531381216769641,1.3526114376369645,1.7105297430569029,1.24857629214918,1.5614882955200189,4.061856748913301
7400,1,1.4368770188480393,1.512803332212613,1.546413888890839,1.2747505884619317,1.312792147940876,1.5937136084626045,1.466137585768946,3.844799107584719
7400,2,1.02835789700406,1.5004282722534832,1.114610736341788,1.3023162320717958,1.69463866355852,1.5324591655599458,0.9555023012700681,3.5185800500006725
7400,3,1.4351006882270272,1.702698477471455,1.7140988528725702,1.4095197702130657,1.58982506058663,1.8504708398695289,1.71988033595361,4.335129914206779
7450,0,1.6430317937506447,1.4593447393914947,1.6214009635952988,1.5111719341851173,1.869146783741406,1.6956959182774722,1.6401892426997882,4.3360278298672705
7450,1,1.4126708748071242,1.4223173870766006,1.3469898065692085,1.6028138291755465,1.625206027011944,1.2154386013379606,1.2841477708963096,3.7642583042961797
7450,2,1.7533086042367825,1.2947061634488133,1.3542817492710848,1.3874813999240174,1.5323238029389512,1.289892407985135,1.3267833143174426,3.7791178107184087
7450,3,1.528233047890626,1.3187319468104612,1.5082180107656815,1.549492074868147,1.3943355019446524,1.4240842930920152,1.3261125660245972,3.8053855991034258
7500,0,1.6967438897865503,1.7239123200388202,1.583461717518611,1.2630318437214774,1.5704514513159906,1.4903262968650846,1.621373290501057,4.155677507101508
7500,1,1.5031450117786638,0.8978446194961259,1.2928998046554556,1.7164040554306397,1.5793909697501427,1.5865997520099653,1.107810894293805,3.7312494233825353
7500,2,1.416776814579774,1.6563038092945097,1.7553500985084993,1.7905465201179211,1.6264735789016358,1.0219988906443644,1.5631833205083472,4.143832741425915
7500,3,1.4446787464994506,1.2870201591437527,1.798705160793771,1.6523395170073274,1.9573267708861346,1.2746202736134171,1.6958105980961273,4.247427718055814
7550,0,1.5071959719114545,1.4790075492466896,1.1868786761506267,1.3665931684350683,1.3341809230202917,1.5851053658132526,1.5722669084212961,3.8078841757316066
7550,1,1.8280138084348534,1.736333037723118,1.4321395417581675,1.6736681179712398,1.318634348022373,1.1312478631501142,1.3666048314327996,4.011832819904082
7550,2,1.480934938462284,1.5074860117883346,1.5070846049334887,1.6494200527740819,1.4649551808605534,1.5118242668242063,1.919615451920111,4.192159665799449
7550,3,1.7227493584671243,1.577013882665516,1.3389818641016353,1.3805336099086323,1.7096026187278952,1.3884376237947083,1.878827126898081,4.187370910320362
7600,0,1.5305661359053988,1.6871133948531454,1.5870048013575302,1.2893434446671082,1.443621941465787,1.7971834011940717,1.8972316465240127,4.275906391549322
7600,1,1.3678029254981081,1.599842148427456,1.6779247273243147,1.6069214791949722,0.9887456718312349,1.4705129848269807,1.7001759839068964,3.9822898679169794
7600,2,1.6892263702801587,1.021341755572548,1.21269882451917,1.369962116050072,1.40401509601695,1.4630177823282797,1.390503242233554,3.6454407193153933
7600,3,1.6473092956268458,1.8941771970706638,1.4031789910373085,1.3321273211462938,1.9013515687400642,1.7937740127773032,1.3559251000671977,4.326234566439007
7650,0,1.5508783853438075,1.1509457104001535,1.707865571426646,1.3154804240425708,1.6176506856820922,1.3242021053801736,1.3971310440135005,3.8339892359585597
7650,1,1.3824109643385267,1.377738317727613,1.1834111614723501,1.6077926727337433,1.6352001689282811,1.410075946725892,1.8813725428358796,3.999554802098189
7650,2,1.2106420250391665,1.722030715944615,1.6932672492283412,1.3061039461283488,1.9574375793141414,1.5541237866944921,1.3992516893431968,4.148357904793129
7650,3,1.6051993075502355,1.7651133460800013,1.730654303643685,1.2498623266685154,1.5609932212124067,1.2709774799389792,1.613736783605011,4.111671204480984
7700,0,1.2943773891895927,1.3473365271235007,1.6658017217148338,1.3776650093464107,1.428201337335601,1.3279299903206365,1.8576812119122466,3.9265406404701775
7700,1,1.2737948836462312,1.9396803077556912,1.607444794299938,1.8576041656931774,1.1556735124735587,1.4947549813824448,1.5317076547940325,4.16359065790291
7700,2,1.5977567504384043,1.6471666773288294,1.3426998741320397,1.6472786865342466,1.1718699336400604,1.5474701524471126,1.3296558338131708,3.913857735030212
7700,3,1.5975169640376783,1.6432072440866954,1.7142394171639488,1.7187269967722538,1.5406365014924284,1.656721840821878,1.4612342017886335,4.28932666583736
7750,0,1.6220823929702097,1.9968906005402898,1.6541066954558505,1.2266827399463978,1.4508682357410239,1.4192070205052059,1.484831722812933,4.145290739399295
7750,1,1.3554176756071272,1.6976881792492773,1.5257104438508517,1.2578275575376248,1.7767109191517538,1.6288631836304108,1.9007564764736735,4.248764161066587
7750,2,1.893273629878811,1.6383281405286318,1.2125525121413925,1.5227411642834083,1.3590881428990838,1.318965275040664,1.439699551350907,3.964486493461425
7750,3,1.7650802668032668,1.4379403017822694,1.477246599955394,1.389929515073988,1.652255893909582,1.1881238030803318,1.9521011772085108,4.153267262067954
7800,0,1.4824244937673732,1.754037381367668,1.4644763480699956,1.4132048340055574,1.4171995165706417,1.7217689974341952,1.5492630671453116,4.097465972205726
7800,1,1.773236393098712,1.8593922311497733,1.643011354108089,1.3528660604295273,1.4830318876084445,1.4310952021226193,1.8768486287218282,4.347576048167176
7800,2,1.4633394609091197,1.7886250714646357,1.627048859961203,1.6590902960973941,1.8281598423205812,1.7834272721934845,1.7170532436208035,4.495716151308608
7800,3,1.7523930666137888,2.176224635738058,1.6127535502262103,1.555165273770475,1.6719220434913018,1.4200416704324788,2.017951501308084,4.6594332374792655
7850,0,1.4173326697171718,1.8058298486691544,1.4535573642054405,1.7655703469224644,1.5194307962390823,1.6258247974428204,1.5993546222276172,4.243799291217766
7850,1,1.8881939779587986,1.8241544010738728,1.5670045329412823,1.5937555947042474,1.4787003847617277,1.3462397017108598,1.621447420274168,4.303066787575745
7850,2,1.2827382996219383,1.4173599303563367,1.7798274419365332,1.5931693460994367,1.6297820340872653,1.6798438616699956,1.67877917492332,4.2019835080945
7850,3,1.4119950796365417,1.6870167384001755,1.7063343126201909,1.6683999331509696,1.1556313894152364,1.7984779312266883,1.4647767245936822,4.153368311882052
7900,0,1.680940290382296,1.2977547188410072,1.7227678345711759,1.6714160381835548,1.4230626586228803,1.6670536349604903,1.826531900316248,4.2908836024424595
7900,1,1.3881402747575835,1.4112075161347895,1.545292023153558,1.4926008552734389,1.6202715869681805,1.7375598151749214,1.3882098612735836,4.013196428256249
7900,2,1.7512679822359996,1.6668618822945351,1.8380331932638896,1.5323695783273197,1.3940441874920384,1.8508063328304925,1.3789887304784965,4.340776868428833
7900,3,1.401288615343209,1.8564154398686663,1.640455387946095,1.6624313268727395,1.6365920900893143,1.7399439463174649,1.3198228229830389,4.27930260147832
7950,0,1.8474826066648662,1.5697049969602086,1.8169603253508195,1.5464641148093055,1.265439081152764,1.3920670151384722,1.3244383687293662,4.1065052632391374
7950,1,1.671122742116344,1.6110792013391655,1.3841309599226712,1.6950070851943697,1.8683171897614592,1.506849606526412,1.6553054746069682,4.321844052923754
7950,2,1.433203463153285,1.8642306263191668,1.800687772648624,2.0721227768951502,1.279579138283983,1.6183521905681355,1.6395449162886717,4.473264061998927
7950,3,1.3126995554586376,1.3394108238352782,1.4348959567424087,1.494194950492537,1.0944588226702738,1.447811336446246,1.782038705797428,3.778677832798762
8000,0,1.7670147174186384,1.7510163880598575,1.3001226307367417,1.803265654993208,1.760230275766059,1.8316534479499067,1.5882561279375729,4.484016925180107
8000,1,1.895144348798084,1.8867921892765152,1.8596901866581965,1.6398508158299179,1.6667117543276024,1.7592596526680035,1.4880457577428583,4.6245343475298
8000,2,1.8543405537960822,1.488781242623673,1.6953132904187964,1.6758828814967175,1.8458659414690612,1.284982378148173,1.4095365269875932,4.28752994974312
8000,3,1.7834563966802528,1.6296678705068914,1.9555037624461835,1.5717546764956032,1.478624549056492,1.5172074713042532,1.595954099817593,4.377928776468126
8050,0,1.8266780915023466,1.6106386447382426,1.8753116229332787,1.365056050967544,1.4674231835294136,1.5574772103237553,1.3785853906606271,4.217895818873557
8050,1,1.5054595271443674,1.7766582058134226,1.490764743504393,1.6577706112742352,1.7496053425452531,1.4496130809810883,1.7775283903033705,4.326154158809305
8050,2,1.6927989052391588,1.5480811506663064,1.48695029565379,1.9389114676722747,1.643254003132739,1.7547493480718512,1.9424223317048173,4.559052067252479
8050,3,1.845014507302373,1.6088727143370398,1.2333486885898008,2.015632166091698,1.707069217812382,1.6366422401522491,1.9531849799017884,4.580839078388505
8100,0,1.7561802426895987,1.8955210273700245,1.7987624909377404,1.8499342582666112,1.6118360765876016,1.766628852625176,1.3018922914956228,4.555094823173385
8100,1,1.855960041019315,1.5212877558161677,1.5125659568638656,1.5344302303289858,1.7231504082296947,1.7500000075764006,1.4696051177714695,4.311927941599586
8100,2,1.4403492772420212,1.7069425556036177,1.8383230275225433,1.627623706644876,1.6236635395849406,1.7754729357958983,1.7281624230958,4.448818068729697
8100,3,1.4134341146685727,1.7935935492165551,1.2736239964259712,1.3605856658282631,1.600141603105667,1.5519800828003005,1.7867861405645573,4.104848997727147
8150,0,1.4553122895873782,1.6876927929063423,1.907098769509097,1.7747750975559835,1.6564121257652604,1.6626126037744542,1.6461738037563716,4.468888360633504
8150,1,1.815443046143538,1.842818090971339,1.3508787770819444,1.6207378736533105,1.704686160694518,1.8615284734346735,1.9227186685979265,4.605601691214001
8150,2,1.6452661520989627,1.6963496099622233,1.5598722632587012,1.6487827249982334,1.3704863834990924,1.9228174900846375,1.997968096366682,4.505943320108327
8150,3,1.2639775265539566,1.4253609474751556,1.512910047491667,1.5268011663379628,1.6318197286974172,1.7365088733741076,1.7078860225653962,4.104203332182789
8200,0,1.46247014757136,1.6890046641575134,1.9476339286422983,1.8215444003995263,1.588896607701421,1.874204851055367,1.9212890411851327,4.67241323559586
8200,1,1.6795080439114556,1.9256542100675176,1.7884611924016052,1.3385784513682926,1.9219360491626605,1.6416712716183355,1.4999899520359956,4.489785040605511
8200,2,1.7587049501622698,1.737844705293457,1.6975164695644092,1.6089946620423654,1.3640952585143562,1.7213798174663901,1.8107712040210504,4.436932500270748
8200,3,1.6723710658453295,1.5762496618759327,1.8891321689054008,1.5973595062429267,1.7731842745590487,1.59346120363909,1.6585841155384922,4.453758869716854
8250,0,1.315808472937946,1.8281161140132376,1.8227060608020191,1.8205900424514163,1.670275928927981,1.8856265873097073,1.6316644778229759,4.551692457124341
8250,1,1.8820561123955046,1.769676238851115,1.5942349760506878,1.7835457917605886,1.7810425322120815,1.5199587196057005,1.6685077294915454,4.545636919613862
8250,2,1.9576440524584742,1.7147158599362453,1.6329011714860968,1.4679004647518783,1.8442708322235069,1.9417449419704986,2.015802649677881,4.777958494106992
8250,3,1.6398294397009365,1.5907464786148804,1.7574370347319257,1.5796474543172194,1.5312578574640061,1.8650873482896482,1.3886410289492654,4.3075528216831405
8300,0,1.304976217459778,1.3574417363672402,1.5090873479314624,1.7875741259226159,1.8253754354410145,1.679702310254188,1.7483661182178332,4.269491338536592
8300,1,1.668754827823231,1.5923574657541155,1.6220358758517754,1.749141840703225,2.1733264581676055,1.6093968105818484,1.973320510836442,4.713633668598493
8300,2,1.77900665952726,1.8225864280482116,1.5432115960345354,1.651485699202369,1.8512693466966572,1.9807717131413674,1.4502800732255796,4.587979957622758
8300,3,1.4478906440928552,1.5823246464454246,2.1015112161141323,1.741467023512818,1.4442667211828475,1.7854083937959246,1.7694084368032834,4.522564659595282
8350,0,1.564087857220823,1.939944548983754,1.7048782773330948,1.5772418991552364,1.6532458255619342,2.045193028195624,1.5963624467255197,4.590039974863391
8350,1,1.6682020694267272,1.675799187003968,1.724845142065256,1.6081125847635045,1.3608802065368635,1.7740465704747783,1.8368524235937194,4.418775951075468
8350,2,1.4898186532379505,1.5657544867652957,1.4437512439671447,1.9804305486178755,1.9060670425187496,1.8600179313471497,1.5748591115397708,4.500067670760731
8350,3,1.5817526655496288,1.9088160355757058,1.7989799074439965,1.5777930820002233,1.9571035115331896,1.4050367659480079,1.907247142509446,4.616627990294529
8400,0,1.6520931625052326,1.5784968075846715,1.9327763605245676,1.9233545893659787,1.1975829840176955,1.475792341085196,1.5023774580454978,4.304101228996248
8400,1,1.6163283776221715,1.7487840576350349,1.606158093774585,1.8585172793975087,1.8128676854028392,1.436619181973421,1.7863884630023326,4.499571208915531
8400,2,1.5085526046085707,1.585025277350017,1.4764555298479607,1.7342414192497047,1.1574333673045842,1.9296256032176882,1.7515264310449052,4.255173572201469
8400,3,1.5930001816677408,1.8719413622838594,1.6208565817313423,1.7425941839362338,1.713764388460917,1.4785567597965765,1.7223417978684796,4.449180186375306
8450,0,1.869653850571798,1.375690552427318,1.5122682749780385,1.350158988537857,1.803480369018777,1.5422558733913299,1.8762947337785365,4.318517244990644
8450,1,1.6201042483081831,1.9577747101806788,1.5391659564679574,1.4868686691750534,1.6000089189913556,1.7001396583437758,1.8999433195093451,4.483047834699843
8450,2,1.8128075845288631,1.7297892194539821,1.8085673239464988,2.139698630095687,1.7401835183437027,1.5697045978459865,1.5677509810444115,4.698693692477151
8450,3,2.004598900710722,1.831842016365638,1.87899915500549,1.7346270437373934,1.7984928301294116,1.586225666744453,1.7895583635313992,4.781928292371248
8500,0,1.684088151143842,1.457210621211389,1.561077677710087,1.4833537370352388,1.5386804631292648,1.8678411110667306,1.5216170506796223,4.215282191400847
8500,1,1.8046295859630979,1.911222582967516,2.002234893307568,1.6244275666830301,1.8651648467710313,1.6261798614292924,1.624490565968818,4.724345418978885
8500,2,1.6700100413189862,1.9240370913952003,1.051456661677249,1.6384293193377486,1.8159143092728876,1.6755825710755212,1.921004682641161,4.480652266675592
8500,3,1.2291332149072656,1.4493724509401078,1.4658803077485207,1.9174786888444437,1.5363590211521085,1.8719399295549657,1.7256215235028014,4.275430544923371
8550,0,1.736189094370632,1.7604784233580326,1.9451504379571163,1.6543368997709211,1.5015080428485905,1.7493123443597969,1.5588025626331021,4.514262194964889
8550,1,1.4400503622672436,1.700285582674467,1.5376503984210772,1.5218674517262671,1.532655009825021,1.6415706032988624,1.5762254500641448,4.144084638504818
8550,2,1.5352536372850945,1.767643022934189,1.803683845530331,1.3443124054065008,2.236297798683237,2.099191527284275,1.655625677219517,4.763480465055786
8550,3,1.3844585613471858,1.6830682337490441,1.8661549699744442,1.3725491823002198,1.940512812830329,1.6530240494923822,1.785092429167945,4.449775644115953
8600,0,1.6757134190141425,1.693235547152129,1.8546477129426064,1.9125088705590452,1.870939857089709,1.956362185758675,2.10530795836753,4.953035528862365
8600,1,1.4813093371171344,2.047268154088849,1.609291946087163,1.7467412061097929,1.5465735300618768,1.6767222011606935,1.8648326128351371,4.550538138889335
8600,2,1.6120865337553796,1.633685535068767,1.4145546422040671,1.7583058167992,1.750905931156512,1.683084951991099,1.7600001307402915,4.399591185162902
8600,3,1.6031021313980773,1.8180141372547156,1.826368531426863,1.7734032763124894,1.4712112632107077,1.8423048011660963,1.7026640563781528,4.562160397251839
8650,0,1.8089586383458838,1.6399373381207,1.595555206170197,1.4345551819901974,2.098793167375213,1.92370709648148,1.890032895679283,4.716277866447677
8650,1,1.7476153196921052,1.9520169646922692,1.6226580190380968,1.6659141731670513,1.9927219541318713,1.8201442627531559,1.900225380360479,4.813267189244221
8650,2,2.020750470207846,2.0780862386142567,1.5630860220869134,1.8488781001328138,1.7849545907098834,2.048504573491586,1.691410191634733,4.95043082311383
8650,3,2.0380991261171304,1.9489043525255436,1.6631144645635232,1.5124897890881224,1.594669278584572,1.63326186010871,1.7667571728332758,4.619263645540672
8700,0,1.572778034485725,1.8255861297087232,2.0025502225503016,1.5863232516050287,1.803084403199471,1.706260048060879,1.6851391884769695,4.61899936310619
8700,1,1.8418870776805272,1.901622134043178,2.1591726942117635,2.2874408595423263,2.063396221997116,1.5234907466001952,1.6080782567296403,5.105650875318238
8700,2,2.075235037675877,1.5565275392448379,1.7237947980740655,1.686455824824667,1.9774376466574435,1.6679824606014177,1.867482146538281,4.767063551066711
8700,3,1.8162712191104868,1.7233579572368434,1.8763900823086093,1.957555200883907,1.6460376897266058,2.059433236639868,1.6211685132514768,4.816695815200483
8750,0,1.9413662136300673,1.6239634826336973,1.7314018289204558,2.063738210884946,1.691610921809322,1.3719935790218412,1.68252125305484,4.60844003142612
8750,1,1.3803412868778382,1.7983762986166947,1.8018518630642553,1.728803181889284,1.7113671841405023,1.9902536361488408,1.607401581361244,4.566022007912773
8750,2,2.1076463317337746,1.82745568692733,1.574748636606951,1.7868106349827162,1.94532701953377,1.7836715314725207,1.7177293071053388,4.83432189440659
8750,3,2.0687236892192495,1.4486491199406664,1.4119372865547732,1.9437632213226719,1.6745363528682635,1.8081798237625124,2.082597833694114,4.749819401389773
8800,0,1.8765303769268566,1.8567439244901114,1.6786122882166947,1.659594535005044,1.6513647160641804,1.86570010933237,1.832160252162008,4.70164981729369
8800,1,1.6628701494149425,1.3877491071221062,1.7498416161992585,1.8768824700054765,1.2877634506061981,1.5070379169675403,1.9477399024733772,4.358762085926716
8800,2,1.5863665738247548,1.543214340421029,1.88093438607044,1.4884745564421695,1.6631743524221942,1.8414201860450308,1.9263403436599176,4.529823884506815
8800,3,1.989610718349561,1.8959411304570972,2.086311663553024,1.4115864485961402,1.7894491219726376,1.5673020982159476,1.3886783144600436,4.635235455542726
8850,0,2.130254532058052,1.4205941052806985,1.5660703792249175,1.9510907526061558,1.7682541238590155,2.0692461356153458,1.504086592611159,4.741959746273599
8850,1,1.9339839002345411,1.4891424726669384,2.1889145958622307,1.6155084891418907,1.7544812906522842,2.046115586374747,1.5740412898554736,4.8063971320480485
8850,2,1.8262022526752433,1.6992564565307338,1.551506484349729,2.062394196439671,1.902308386212415,1.8509930721523447,2.017614901581636,4.898862297076653
8850,3,1.9913436035038374,1.584600784697527,1.8548792917922925,1.6858825225511103,1.900897448625682,1.9350737610356914,2.044805995657448,4.9293345587168185
8900,0,2.034869457001074,1.3600421583797067,1.7209715840036461,1.7575981929271445,2.0276168406791957,1.6011588593172645,1.436305038192176,4.558422412243849
8900,1,1.6651366402247636,1.631588222055104,1.9099240497818946,1.9310571846477087,1.8998006025638052,1.6971594658516513,2.0934842292338205,4.866602581202326
8900,2,2.041520948578003,1.934955542788599,1.8121807323586552,1.874250278467845,2.1421962777348016,1.596642630600846,1.5922680268115454,4.937840003535864
8900,3,1.7180717864076944,1.830119942461124,1.5223119064213335,1.8427863977055767,1.757608294517073,1.8988803070107199,1.7176955319976335,4.654010764168671
8950,0,1.9391774707277951,1.8028589227105334,1.9029137797249485,1.4800863595010685,1.6899886132374298,1.622373474131935,1.8117181737048036,4.64681891041547
8950,1,1.9962587798179294,1.9333611132623265,1.6539062228208035,1.992959920234459,1.9334630068298397,1.8923372970586587,1.9025524400758633,5.036780199659184
8950,2,1.8222390115954503,1.6736069968800176,2.0761404049906664,1.414479127493908,1.883667495051021,1.9525288598225448,1.8987543632574906,4.83719607738594
8950,3,1.872793153109976,1.788414913054989,1.7234310597264033,1.9989943511736805,2.063251320056662,1.6520624143272231,1.8215330258105176,4.896557354294313
9000,0,1.8290609081836826,2.050551260879244,1.8858147305909747,2.0849147849987517,1.7878467921231997,1.864158942175713,1.9034311814195215,5.07424143240726
9000,1,1.9644498585181833,1.5738517796481284,1.83105083570863,1.8740774670719433,1.4972630361540982,1.1645595803526072,2.1081389053544703,4.609038017456932
9000,2,1.745840773200348,1.9410836528581847,1.7434857474653938,2.0307003524340375,1.938417655807982,2.0577315408557912,1.6064449892378434,4.95496113322607
9000,3,1.8112785696159586,1.3909686691869727,1.7009327341745148,1.8727463744602435,2.402912753746148,1.822680997692283,1.6723298923652095,4.848578970689541
9050,0,1.9451081244229633,1.8444333722319077,1.5983386107579176,1.4388310187476328,1.8264728532720025,1.8689821226020777,1.2515180675365483,4.495074618642614
9050,1,1.6105745951455355,1.8119099300017134,1.8020893218302505,1.708691821917952,1.9270210234535876,1.7505894602301617,1.6479991223339396,4.640904693852849
9050,2,1.9870750458293192,2.0120184411933772,1.7859210426776453,1.6228666452524765,1.6786540533583951,1.5647642962456259,1.834776508640835,4.738424541420233
9050,3,1.4343055481478717,2.250688533293884,1.867894658475709,1.7839507314199141,1.7898557633417245,1.9856444954959203,1.8072543406497383,4.9200485683072515
9100,0,2.1915994251439432,2.0823109264668664,2.052308503524144,1.621497379873031,1.8202670935625305,1.7214441492659476,1.870953996247448,5.075190822852873
9100,1,1.5994088014793983,2.0732783191257846,1.8604023369355065,1.901841375984648,2.157156668235071,1.9971653991329095,2.007690238692238,5.158246174314863
9100,2,1.7533545277922027,1.5668309478477744,1.8605205574370867,1.9621558305915519,2.148924485856333,2.116535398059352,2.0866250489389744,5.127612134263291
9100,3,1.7606100398476467,2.093022473841476,1.6704495160346824,2.0821590021007195,2.01637414323985,1.6720660393357945,1.439017139392683,4.851661399660906
9150,0,1.7644103010474148,1.7900814014005908,1.6337594417868906,1.9910280813691097,1.9433616704781904,2.0245117003328463,1.928293674131937,4.954242280033983
9150,1,1.9530984276171062,1.6583918100285469,2.0333340469424956,1.876791130703424,1.493316954297064,1.9235459617402861,1.8224032021431233,4.84487638463281
9150,2,1.6410094605539904,1.8834325366678284,1.8327773642156666,2.070138966680418,2.020193440416164,1.809476669360566,1.5082992714988261,4.849240396600409
9150,3,1.7320301555177005,1.8018952565586652,1.33737767853096,1.906068963526859,1.6119665055423016,2.2000144012239686,1.4412150136863742,4.60261154348731
9200,0,1.906888872049434,2.197485311767512,1.6755452057983584,1.9207398185561027,1.9098095588487132,1.8988341544267147,1.3020399927243684,4.889796712827817
9200,1,1.7687433185868444,1.9330232986439908,1.8907556356048933,1.7025525949529052,1.5715417502126592,1.553642567762546,1.9199294009518437,4.680635834794585
9200,2,1.4097659168988221,1.4791710447084063,2.083262784727596,1.9277753797585042,2.018900866311119,1.6308217400215974,1.8402370507372126,4.727970106040457
9200,3,1.7918058677005972,1.8837904434470978,1.888814349550581,1.5806810990044864,1.8726331951671593,1.968825634924821,1.704071106564058,4.80752481915306
9250,0,1.8402756374095781,1.6135641090480033,1.80574022982371,1.817992144999091,2.1619128571847144,2.0250953119835655,1.9155513364430368,5.000021191931128
9250,1,1.883611029210579,1.5953292121854927,1.665906162090911,2.041775857626597,1.9055963371933309,1.9162884439973231,1.623747760845719,4.793451093947786
9250,2,1.6603561885786184,1.8881249141277185,2.0964441134118807,2.0754847285024205,2.0199115946957504,1.5086570479467887,1.96598391093432,5.024509410874425
9250,3,1.9839616091999404,1.4028013261742986,1.853051021696171,1.5686450861860117,2.2826736195291906,1.7635470990267272,2.052442703785702,4.932709093289769
9300,0,1.963441998911246,1.9033560186104932,1.6695259790853856,1.9910640102736477,1.5247417384370605,1.9864904725943262,1.9470858855416082,4.928655670345903
9300,1,2.0263581647024527,1.8857469616623395,2.081711724060202,1.9818242999766016,2.0718551869812245,1.5914845228188481,1.8148080753543816,5.103161326639292
9300,2,2.1396109617897285,1.9150919466222096,1.9399544366753405,1.9182107878464634,1.8191902554633521,2.021699855866923,1.947977315331812,5.184573964044431
9300,3,1.693748580038188,2.0676129907674956,1.6779320618404117,1.890268623585066,2.047060231622942,1.5276511700571294,2.061127845565314,4.929989948313068
9350,0,2.2621381572142556,1.7245657699717065,1.9798282258407764,1.9532529758734458,1.8093567824564714,1.825118533549389,2.1773256128500544,5.212666264108676
9350,1,2.4059714921930238,1.9908908823806337,2.0379641227935643,1.7152285147834185,1.873811071096698,2.18507748831564,1.6408544383153585,5.27501533631508
9350,2,2.015306657952024,2.0108117177432634,2.158569446204098,1.4510368884993388,1.7051459988079778,1.8073418429995025,2.23648130849793,5.103490065988116
9350,3,2.159331070595358,1.9688505269079573,2.056443845448924,1.6334083483150796,1.826415391283927,1.7856662940796826,2.1148791711565336,5.1413206859227545
9400,0,1.8692107366361308,1.8346327629562604,2.008338468948518,1.9231375369695891,2.061637405413492,2.0422414579428767,1.757630655078017,5.1090186952524395
9400,1,1.7913400318787613,1.815606123753721,2.058034115535715,1.5455361210426077,2.1206587125950107,1.9434598592874623,1.921555048580924,5.0096022230585655
9400,2,2.3101894700071695,1.9758526413965438,2.0631519383748427,2.2099710344393118,1.8750766311484324,2.1456825877494157,1.922114128608085,5.495081965282332
9400,3,1.9585452359740914,1.7953168160407946,1.779703658235702,1.8099330408405279,1.9121460760894253,1.3471856166682779,1.622373515445549,4.648179445811087
9450,0,1.5690371493835926,1.954482281622978,2.1820028584346276,2.201208469130452,2.0389125483536135,1.507414895148597,2.006214512179838,5.132513466026478
9450,1,2.1580035686389047,1.6290413547575457,1.8601801054066809,1.8651208635608856,2.278468214421614,1.9940891529898266,1.7887085175579915,5.159165447336931
9450,2,2.0421805178831582,2.0292347510715087,2.1677969538322373,1.7630390413590784,2.0362682628598363,1.9723989190248967,2.11816129136673,5.34970077923276
9450,3,1.8184732832365424,1.6474043699615901,2.128781128508954,1.7062441867328058,1.915224808549329,1.7541106521992111,1.9524423838060894,4.901100495541073
9500,0,1.9800467533625425,2.0094379526839585,1.9048933506270629,2.120633826971046,1.7083215991021206,1.8025143774285326,1.610892744448472,4.984629247743249
9500,1,1.7360212750065767,2.069069221523399,2.031597444901521,1.668471973339854,2.1673371702936417,2.067136077346333,2.2863722038805236,5.32953131535622
9500,2,2.0258913579115325,1.86062599063364,1.8649343385929897,2.0651629033984302,1.477483920699255,1.931542552531663,1.7752639956171137,4.937045715629759
9500,3,2.2256352375914243,2.005276352524397,1.6657427341360442,1.8818578311568095,1.7041799302119265,1.4085764520969972,1.7992829074137766,4.839050428613664
9550,0,1.9749461116465268,1.6894339882664715,2.1316970911161546,1.9033982429557414,1.8508078150820213,1.8918411231785406,1.6501419941516122,4.964793823388698
9550,1,2.0605678488291934,2.2319106112361244,1.6686577926852744,1.874440532023013,1.93772561998079,1.6101118307602347,1.707401596389437,4.978731954081701
9550,2,1.900843840368244,2.07135977609192,1.6736375550191736,1.8862759065521062,1.7412270504430358,1.5899687089934647,1.9482071045854328,4.8598581407091554
9550,3,1.8223430602548836,1.8104189102746153,2.0466062047106215,1.9315467557268688,1.9196863266294446,1.762903999358223,1.6130011321195104,4.890073562072268
9600,0,2.193480423051586,2.049344958212159,2.1097269135679375,2.15486249489502,1.5455997845501968,2.1581702425955,1.6879459280727835,5.291624522953426
9600,1,1.8835450364271422,1.8511354879919881,2.0693264981128756,1.7786174253257545,2.04105514278452,1.844276797530803,1.876343037016163,5.050540841828113
9600,2,1.9580447156705176,2.0307561223167196,1.841203647085217,1.960233679621538,2.335978206930391,2.0262429865404408,1.995273806664371,5.360413125214656
9600,3,1.9766217844246805,1.6045845080900336,2.022922010322401,1.745520552677006,2.063559839690829,1.5426672317160888,1.8875831870619495,4.880763492508501
9650,0,1.7567458159648246,1.5671989775546413,1.8118446024824055,2.048387605490291,2.024566545245698,1.941696552307741,2.050284328305454,5.009357460522849
9650,1,1.8286037730065356,2.1051678175365813,1.750210178197423,2.11599173131006,1.802362994122544,1.9160777511116867,1.7007754893774902,5.012851837989899
9650,2,1.586428857704272,2.022755150249911,1.9304984467549815,2.0940809050596587,1.8877289543774765,1.906224273364942,1.9105146651096518,5.056438655757441
9650,3,2.0435591051793427,2.2401205151393175,1.9682509656466944,1.9302821841666828,2.134292135353486,2.16039266769981,2.075883421933893,5.506910775755559
9700,0,2.173262397976977,1.5497024852048598,2.0232508585878866,1.9195086933299412,1.6747347988965489,1.9098308764188183,1.8049996020676307,4.961140906110069
9700,1,1.7352487070753289,1.781128040075083,1.8976324301488119,2.151838141499729,1.931957677593994,1.6084349397922493,1.74326007121004,4.875797421668368
9700,2,2.174067779882811,2.135169184286239,1.6549099277276176,2.008722179716684,1.7384278372574413,1.8492620639773452,2.0665574905602515,5.174144490602802
9700,3,1.7661153791468174,2.02316685853729,1.9036092921136836,1.8225593024586089,1.8823543445296702,2.1213689785044765,1.9544518824296135,5.10109447079801
9750,0,1.6075942205568814,2.2028542957635486,1.7512406025766678,2.2724005025857803,1.7483016799017295,1.842044229363164,2.058161343133823,5.133545338247707
9750,1,1.9765206549349408,1.9227236183505132,2.112881400024439,1.6092921565737066,2.0021272532892076,2.0018491401606813,1.8895096998565861,5.122865359533061
9750,2,2.187073084554366,2.0938726782324273,1.9902404628389136,2.1719872736734,2.2832278690342647,2.353615915803083,1.9650741215478784,5.6973968591791415
9750,3,1.819461175934818,2.064334787348953,1.3488662040161195,2.124093530890943,1.8821551285659623,2.2468597565867467,1.5363587893674788,4.985420290479598
9800,0,2.1115089349779868,1.8627110570287873,2.2816383809529626,1.831487612209533,1.996600846047958,1.8468699204350303,2.408337352258392,5.448469077026489
9800,1,2.2196327236955056,2.0987296066214127,1.9357959632495931,2.134022619772635,1.7470405494654346,2.149210041199158,1.7953882389777562,5.341111059898615
9800,2,1.906853028786276,1.8444092273793022,2.1972001572251196,2.1418656486528542,2.0826895833757075,2.2714933185784925,1.6564862237755154,5.356718703257526
9800,3,1.7232487933352985,1.7186204424530052,1.8152971212832747,1.9706166744353726,1.9444306706868253,2.0992420626699606,1.9539868631658754,5.010745341490252
9850,0,1.8339331387486235,1.6982953690081508,2.082777895951901,2.220560687645439,1.8322086764014398,1.823849005939707,2.070486146191728,5.146522919515366
9850,1,2.189710913161939,2.032084243611722,1.948528160779945,1.943219856862138,2.0934438128081596,1.921229294907325,2.519512424283155,5.56045299583796
9850,2,1.6933592805246693,2.10088099703026,1.8491502091238303,1.980713035020263,1.9191078334041098,1.7200960004072927,1.934635743019348,5.000826714118575
9850,3,1.3995803159658233,1.868859284820515,1.9889459078661298,2.0814378507129483,2.1892545288808725,2.362263252140542,1.6979458255462525,5.195757166114075
9900,0,1.718813213401137,1.5650616370866375,1.8394567922390035,1.8872453405982192,2.1290280805998956,2.076421162203317,1.9045802478253722,4.9820421904879275
9900,1,1.8780847073868392,2.341294783859101,1.8927691023521511,1.974542207078095,2.067946660271863,2.080808664749323,1.9137008155768278,5.362711453729613
9900,2,2.081821307842075,1.6465820606172272,1.8316589098702105,2.0058034294505687,2.204167428467284,2.0272406624454518,1.943580086897428,5.2123887527895425
9900,3,1.8238815820315115,1.7260315236976114,1.6627729450450723,1.857539367445522,1.8763297136691302,2.2248964571325702,1.7249271606031449,4.8956252269961
9950,0,1.5276516714364798,2.0601639562945353,2.385165635277418,1.9869777442613081,1.999514243037061,2.1356672238998353,2.3872994366777194,5.520273645360868
9950,1,1.6927225906066972,2.1692762525288236,1.8814088682697692,1.8778535261850615,2.1010958153472212,1.8573446852285862,1.8471547299759992,5.090522166284588
9950,2,1.4773335095798528,2.245398531260907,2.339338164161732,1.668050737171909,1.768200582151084,1.9763954145796134,1.9527280018756767,5.13079369626178
9950,3,1.6879831406098895,1.968216574331921,2.314061213177476,2.080553077055261,1.7338912066357635,1.7715924790869741,2.052730423141665,5.173525373450134
10000,0,1.8151029060481045,2.188545533097267,1.6396530648027094,2.0098909655133057,1.931722888930074,2.2178743169088353,2.189071948032079,5.315544165467384
10000,1,1.7614292635513806,1.7711121267709784,1.9633201094551103,2.2922761645987038,1.981894986795381,1.9208020523282254,2.0315933125190386,5.205130808486336
10000,2,2.0322526881918965,2.0916816631168063,1.8313573277840078,1.9278024638348195,2.165074842608376,1.508138945544422,2.2895321299783893,5.270622799769015
10000,3,2.2444948540109992,1.5788402942578879,2.0282393379881443,2.3134309358595826,1.6426080992776255,1.9372389803056855,2.182257693149039,5.311263145951757
