time_seconds,generation,best_fitness,best_f1,best_f2
0.0000000000,0,0.4194830719,53.9712890267,1.8482659656
0.0033146000,1,0.3891947544,53.9712890267,1.3914362278
0.0062237000,2,0.3888679755,53.9712890267,1.3865075185
0.0087015000,3,0.3869685733,53.9712890267,1.3578593961
0.0117131000,4,0.3869685733,53.9712890267,1.3578593961
0.0147860000,5,0.3864784049,53.9712890267,1.3504663322
0.0178970000,6,0.3864784049,53.9712890267,1.3504663322
0.0208767000,7,0.3864784049,53.9712890267,1.3504663322
0.0238591000,8,0.3863558628,53.9712890267,1.3486180662
0.0267513000,9,0.3854980683,53.9712890267,1.3356802045
0.0296589000,10,0.3854776446,53.9712890267,1.3353721601
0.0324932000,11,0.3854776446,53.9712890267,1.3353721601
0.0353381000,12,0.3843747659,53.9712890267,1.3187377665
0.0382934000,13,0.3843747659,53.9712890267,1.3187377665
0.0412225000,14,0.3843747659,53.9712890267,1.3187377665
0.0441086000,15,0.3843747659,53.9712890267,1.3187377665
0.0469992000,16,0.3843747659,53.9712890267,1.3187377665
0.0497789000,17,0.3843747659,53.9712890267,1.3187377665
0.0524211000,18,0.3843747659,53.9712890267,1.3187377665
0.0550349000,19,0.3842318001,53.9712890267,1.3165814562
0.0580010000,20,0.3839050212,53.9712890267,1.3116527469
0.0607223000,21,0.3839050212,53.9712890267,1.3116527469
0.0634198000,22,0.3839050212,53.9712890267,1.3116527469
0.0660477000,23,0.3838845976,53.9712890267,1.3113447026
0.0686821000,24,0.3838845976,53.9712890267,1.3113447026
0.0713150000,25,0.3830880740,53.9712890267,1.2993309738
0.0739329000,26,0.3830880740,53.9712890267,1.2993309738
0.0766314000,27,0.3830880740,53.9712890267,1.2993309738
0.0796272000,28,0.3830880740,53.9712890267,1.2993309738
0.0823585000,29,0.3827817188,53.9712890267,1.2947103089
0.0851032000,30,0.3824957873,53.9712890267,1.2903976883
0.0877895000,31,0.3824957873,53.9712890267,1.2903976883
0.0904209000,32,0.3824957873,53.9712890267,1.2903976883
0.0930720000,33,0.3817196875,53.9712890267,1.2786920039
0.0957493000,34,0.3817196875,53.9712890267,1.2786920039
0.0983365000,35,0.3817196875,53.9712890267,1.2786920039
0.1009157000,36,0.3814133323,53.9712890267,1.2740713390
0.1034982000,37,0.3814133323,53.9712890267,1.2740713390
0.1060174000,38,0.3814133323,53.9712890267,1.2740713390
0.1084061000,39,0.3814133323,53.9712890267,1.2740713390
0.1108598000,40,0.3811886718,53.9712890267,1.2706828513
0.1133487000,41,0.3811886718,53.9712890267,1.2706828513
0.1161490000,42,0.3811886718,53.9712890267,1.2706828513
0.1188281000,43,0.3811886718,53.9712890267,1.2706828513
0.1212810000,44,0.3811478244,53.9712890267,1.2700667627
0.1238132000,45,0.3811274007,53.9712890267,1.2697587184
0.1262115000,46,0.3801470641,53.9712890267,1.2549725906
0.1287190000,47,0.3801062167,53.9712890267,1.2543565020
0.1311870000,48,0.3801062167,53.9712890267,1.2543565020
0.1338185000,49,0.3798407089,53.9712890267,1.2503519257
0.1364377000,50,0.3798407089,53.9712890267,1.2503519257
0.1389915000,51,0.3798407089,53.9712890267,1.2503519257
0.1414763000,52,0.3795343537,53.9712890267,1.2457312608
0.1439704000,53,0.3795343537,53.9712890267,1.2457312608
0.1465820000,54,0.3794118116,53.9712890267,1.2438829948
0.1490778000,55,0.3792484222,53.9712890267,1.2414186402
0.1515258000,56,0.3792075748,53.9712890267,1.2408025516
0.1539354000,57,0.3789829143,53.9712890267,1.2374140640
0.1563116000,58,0.3789216433,53.9712890267,1.2364899310
0.1587532000,59,0.3786969828,53.9712890267,1.2331014434
0.1611420000,60,0.3786969828,53.9712890267,1.2331014434
0.1635260000,61,0.3782680855,53.9712890267,1.2266325125
0.1658517000,62,0.3775328331,53.9712890267,1.2155429167
0.1682031000,63,0.3771856305,53.9712890267,1.2103061631
0.1707767000,64,0.3771856305,53.9712890267,1.2103061631
0.1733381000,65,0.3770426647,53.9712890267,1.2081498528
0.1756646000,66,0.3770426647,53.9712890267,1.2081498528
0.1783366000,67,0.3770018174,53.9712890267,1.2075337642
0.1808268000,68,0.3769201227,53.9712890267,1.2063015869
0.1831712000,69,0.3766137675,53.9712890267,1.2016809220
0.1854833000,70,0.3766137675,53.9712890267,1.2016809220
0.1880991000,71,0.3761644465,53.9712890267,1.1949039468
0.1904628000,72,0.3761644465,53.9712890267,1.1949039468
0.1928564000,73,0.3761031755,53.9712890267,1.1939798138
0.1953126000,74,0.3761031755,53.9712890267,1.1939798138
0.1975926000,75,0.3755925834,53.9712890267,1.1862787056
0.1999870000,76,0.3754087703,53.9712890267,1.1835063066
0.2024136000,77,0.3752453809,53.9712890267,1.1810419520
0.2048182000,78,0.3752453809,53.9712890267,1.1810419520
0.2073398000,79,0.3752453809,53.9712890267,1.1810419520
0.2098310000,80,0.3748573310,53.9712890267,1.1751891098
0.2122281000,81,0.3748573310,53.9712890267,1.1751891098
0.2146593000,82,0.3748573310,53.9712890267,1.1751891098
0.2171869000,83,0.3748573310,53.9712890267,1.1751891098
0.2195098000,84,0.3748573310,53.9712890267,1.1751891098
0.2218070000,85,0.3746326705,53.9712890267,1.1718006222
0.2243102000,86,0.3746326705,53.9712890267,1.1718006222
0.2267215000,87,0.3746326705,53.9712890267,1.1718006222
0.2293649000,88,0.3746326705,53.9712890267,1.1718006222
0.2318543000,89,0.3746326705,53.9712890267,1.1718006222
0.2347692000,90,0.3744284337,53.9712890267,1.1687201789
0.2373404000,91,0.3744284337,53.9712890267,1.1687201789
0.2403467000,92,0.3744284337,53.9712890267,1.1687201789
0.2427356000,93,0.3740403838,53.9712890267,1.1628673367
0.2451227000,94,0.3739995364,53.9712890267,1.1622512480
0.2474729000,95,0.3739995364,53.9712890267,1.1622512480
0.2497762000,96,0.3738361470,53.9712890267,1.1597868934
0.2520347000,97,0.3738361470,53.9712890267,1.1597868934
0.2542729000,98,0.3730600471,53.9712890267,1.1480812090
0.2568439000,99,0.3730600471,53.9712890267,1.1480812090
0.2591585000,100,0.3730600471,53.9712890267,1.1480812090
0.2614639000,101,0.3730600471,53.9712890267,1.1480812090
0.2637051000,102,0.3730191998,53.9712890267,1.1474651203
0.2659409000,103,0.3730191998,53.9712890267,1.1474651203
0.2681420000,104,0.3730191998,53.9712890267,1.1474651203
0.2704080000,105,0.3728149630,53.9712890267,1.1443846770
0.2727724000,106,0.3728149630,53.9712890267,1.1443846770
0.2751937000,107,0.3727741156,53.9712890267,1.1437685884
0.2777579000,108,0.3727741156,53.9712890267,1.1437685884
0.2802083000,109,0.3727741156,53.9712890267,1.1437685884
0.2824452000,110,0.3725903025,53.9712890267,1.1409961894
0.2847857000,111,0.3724064894,53.9712890267,1.1382237905
0.2873008000,112,0.3724064894,53.9712890267,1.1382237905
0.2895809000,113,0.3724064894,53.9712890267,1.1382237905
0.2919027000,114,0.3724064894,53.9712890267,1.1382237905
0.2942033000,115,0.3722430999,53.9712890267,1.1357594359
0.2964165000,116,0.3722430999,53.9712890267,1.1357594359
0.2985929000,117,0.3718142026,53.9712890267,1.1292905050
0.3008711000,118,0.3715486948,53.9712890267,1.1252859287
0.3033770000,119,0.3715486948,53.9712890267,1.1252859287
0.3056840000,120,0.3714057290,53.9712890267,1.1231296184
0.3082808000,121,0.3713648817,53.9712890267,1.1225135298
0.3105367000,122,0.3713648817,53.9712890267,1.1225135298
0.3129346000,123,0.3712831870,53.9712890267,1.1212813525
0.3153216000,124,0.3712831870,53.9712890267,1.1212813525
0.3175972000,125,0.3712831870,53.9712890267,1.1212813525
0.3202124000,126,0.3710789502,53.9712890267,1.1182009092
0.3223888000,127,0.3710789502,53.9712890267,1.1182009092
0.3248181000,128,0.3710789502,53.9712890267,1.1182009092
0.3271169000,129,0.3710789502,53.9712890267,1.1182009092
0.3293265000,130,0.3710789502,53.9712890267,1.1182009092
0.3315210000,131,0.3710789502,53.9712890267,1.1182009092
0.3337040000,132,0.3707521713,53.9712890267,1.1132721999
0.3357997000,133,0.3707521713,53.9712890267,1.1132721999
0.3380446000,134,0.3707521713,53.9712890267,1.1132721999
0.3402860000,135,0.3707521713,53.9712890267,1.1132721999
0.3425267000,136,0.3707521713,53.9712890267,1.1132721999
0.3447300000,137,0.3702415793,53.9712890267,1.1055710918
0.3469508000,138,0.3702415793,53.9712890267,1.1055710918
0.3495140000,139,0.3702211556,53.9712890267,1.1052630474
0.3518421000,140,0.3702211556,53.9712890267,1.1052630474
0.3544218000,141,0.3702211556,53.9712890267,1.1052630474
0.3566623000,142,0.3699352241,53.9712890267,1.1009504268
0.3589952000,143,0.3699352241,53.9712890267,1.1009504268
0.3612046000,144,0.3699352241,53.9712890267,1.1009504268
0.3633252000,145,0.3699352241,53.9712890267,1.1009504268
0.3660514000,146,0.3699352241,53.9712890267,1.1009504268
0.3686070000,147,0.3698739530,53.9712890267,1.1000262939
0.3709051000,148,0.3697105636,53.9712890267,1.0975619392
0.3732596000,149,0.3697105636,53.9712890267,1.0975619392
0.3766385000,150,0.3697105636,53.9712890267,1.0975619392
0.3791240000,151,0.3696901399,53.9712890267,1.0972538949
0.3813422000,152,0.3694859031,53.9712890267,1.0941734516
0.3836157000,153,0.3692408189,53.9712890267,1.0904769197
0.3858069000,154,0.3691795479,53.9712890267,1.0895527867
0.3880017000,155,0.3689344637,53.9712890267,1.0858562548
0.3901581000,156,0.3689344637,53.9712890267,1.0858562548
0.3923987000,157,0.3689344637,53.9712890267,1.0858562548
0.3948142000,158,0.3689344637,53.9712890267,1.0858562548
0.3971778000,159,0.3689344637,53.9712890267,1.0858562548
0.3995787000,160,0.3687098033,53.9712890267,1.0824677672
0.4018252000,161,0.3687098033,53.9712890267,1.0824677672
0.4040099000,162,0.3687098033,53.9712890267,1.0824677672
0.4062151000,163,0.3687098033,53.9712890267,1.0824677672
0.4084242000,164,0.3686893796,53.9712890267,1.0821597229
0.4106027000,165,0.3686893796,53.9712890267,1.0821597229
0.4131532000,166,0.3686893796,53.9712890267,1.0821597229
0.4153920000,167,0.3686893796,53.9712890267,1.0821597229
0.4178506000,168,0.3684647191,53.9712890267,1.0787712353
0.4203886000,169,0.3682604823,53.9712890267,1.0756907920
0.4226354000,170,0.3682604823,53.9712890267,1.0756907920
0.4248495000,171,0.3682400586,53.9712890267,1.0753827476
0.4270115000,172,0.3682400586,53.9712890267,1.0753827476
0.4293346000,173,0.3678520087,53.9712890267,1.0695299054
0.4316371000,174,0.3678520087,53.9712890267,1.0695299054
0.4338731000,175,0.3678520087,53.9712890267,1.0695299054
0.4363102000,176,0.3678315850,53.9712890267,1.0692218611
0.4388146000,177,0.3677703140,53.9712890267,1.0682977281
0.4411004000,178,0.3677703140,53.9712890267,1.0682977281
0.4433735000,179,0.3676886193,53.9712890267,1.0670655508
0.4457035000,180,0.3676681956,53.9712890267,1.0667575065
0.4479064000,181,0.3672801457,53.9712890267,1.0609046643
0.4505344000,182,0.3672801457,53.9712890267,1.0609046643
0.4528931000,183,0.3672801457,53.9712890267,1.0609046643
0.4551942000,184,0.3672801457,53.9712890267,1.0609046643
0.4576409000,185,0.3672392983,53.9712890267,1.0602885756
0.4600795000,186,0.3672392983,53.9712890267,1.0602885756
0.4623557000,187,0.3670350615,53.9712890267,1.0572081323
0.4645972000,188,0.3662793853,53.9712890267,1.0458104922
0.4668148000,189,0.3662385380,53.9712890267,1.0451944035
0.4689073000,190,0.3662385380,53.9712890267,1.0451944035
0.4710690000,191,0.3662385380,53.9712890267,1.0451944035
0.4732061000,192,0.3662385380,53.9712890267,1.0451944035
0.4763678000,193,0.3662385380,53.9712890267,1.0451944035
0.4789367000,194,0.3662385380,53.9712890267,1.0451944035
0.4811970000,195,0.3662385380,53.9712890267,1.0451944035
0.4837219000,196,0.3662385380,53.9712890267,1.0451944035
0.4859590000,197,0.3662385380,53.9712890267,1.0451944035
0.4882183000,198,0.3659934538,53.9712890267,1.0414978716
0.4905040000,199,0.3659934538,53.9712890267,1.0414978716
0.4931998000,200,0.3659934538,53.9712890267,1.0414978716
0.4958546000,201,0.3659934538,53.9712890267,1.0414978716
0.4981627000,202,0.3659934538,53.9712890267,1.0414978716
0.5004820000,203,0.3659934538,53.9712890267,1.0414978716
0.5026397000,204,0.3659934538,53.9712890267,1.0414978716
0.5048041000,205,0.3656054039,53.9712890267,1.0356450294
0.5071127000,206,0.3656054039,53.9712890267,1.0356450294
0.5094182000,207,0.3656054039,53.9712890267,1.0356450294
0.5117405000,208,0.3656054039,53.9712890267,1.0356450294
0.5139376000,209,0.3656054039,53.9712890267,1.0356450294
0.5161366000,210,0.3656054039,53.9712890267,1.0356450294
0.5182560000,211,0.3656054039,53.9712890267,1.0356450294
0.5203751000,212,0.3656054039,53.9712890267,1.0356450294
0.5224374000,213,0.3655645565,53.9712890267,1.0350289407
0.5246405000,214,0.3655441329,53.9712890267,1.0347208964
0.5268220000,215,0.3654624381,53.9712890267,1.0334887191
0.5289794000,216,0.3654624381,53.9712890267,1.0334887191
0.5312200000,217,0.3654420145,53.9712890267,1.0331806748
0.5332665000,218,0.3653194724,53.9712890267,1.0313324088
0.5354336000,219,0.3650948119,53.9712890267,1.0279439212
0.5375260000,220,0.3649314224,53.9712890267,1.0254795666
0.5400570000,221,0.3647067620,53.9712890267,1.0220910790
0.5426640000,222,0.3647067620,53.9712890267,1.0220910790
0.5450323000,223,0.3647067620,53.9712890267,1.0220910790
0.5471711000,224,0.3647067620,53.9712890267,1.0220910790
0.5493488000,225,0.3647067620,53.9712890267,1.0220910790
0.5515262000,226,0.3647067620,53.9712890267,1.0220910790
0.5536712000,227,0.3647067620,53.9712890267,1.0220910790
0.5559812000,228,0.3645433725,53.9712890267,1.0196267244
0.5583390000,229,0.3645433725,53.9712890267,1.0196267244
0.5605010000,230,0.3645433725,53.9712890267,1.0196267244
0.5626338000,231,0.3645433725,53.9712890267,1.0196267244
0.5647619000,232,0.3645229488,53.9712890267,1.0193186800
0.5669446000,233,0.3645229488,53.9712890267,1.0193186800
0.5691408000,234,0.3645229488,53.9712890267,1.0193186800
0.5715333000,235,0.3640940516,53.9712890267,1.0128497491
0.5740775000,236,0.3640940516,53.9712890267,1.0128497491
0.5763289000,237,0.3640940516,53.9712890267,1.0128497491
0.5784467000,238,0.3640940516,53.9712890267,1.0128497491
0.5807796000,239,0.3640940516,53.9712890267,1.0128497491
0.5831182000,240,0.3640123568,53.9712890267,1.0116175718
0.5853409000,241,0.3640123568,53.9712890267,1.0116175718
0.5883883000,242,0.3640123568,53.9712890267,1.0116175718
0.5906022000,243,0.3640123568,53.9712890267,1.0116175718
0.5927515000,244,0.3637672727,53.9712890267,1.0079210399
0.5949374000,245,0.3637264253,53.9712890267,1.0073049512
0.5972542000,246,0.3637264253,53.9712890267,1.0073049512
0.5995303000,247,0.3632566807,53.9712890267,1.0002199317
0.6017473000,248,0.3627256650,53.9712890267,0.9922107792
0.6042670000,249,0.3627256650,53.9712890267,0.9922107792
0.6065550000,250,0.3627256650,53.9712890267,0.9922107792
0.6087404000,251,0.3627256650,53.9712890267,0.9922107792
0.6108475000,252,0.3627256650,53.9712890267,0.9922107792
0.6130285000,253,0.3627256650,53.9712890267,0.9922107792
0.6151088000,254,0.3627256650,53.9712890267,0.9922107792
0.6173002000,255,0.3627256650,53.9712890267,0.9922107792
0.6196616000,256,0.3627256650,53.9712890267,0.9922107792
0.6218379000,257,0.3627256650,53.9712890267,0.9922107792
0.6240255000,258,0.3624193098,53.9712890267,0.9875901143
0.6262701000,259,0.3624193098,53.9712890267,0.9875901143
0.6284746000,260,0.3624193098,53.9712890267,0.9875901143
0.6307806000,261,0.3624193098,53.9712890267,0.9875901143
0.6332261000,262,0.3624193098,53.9712890267,0.9875901143
0.6358079000,263,0.3624193098,53.9712890267,0.9875901143
0.6383347000,264,0.3624193098,53.9712890267,0.9875901143
0.6407035000,265,0.3620312599,53.9712890267,0.9817372721
0.6430038000,266,0.3620312599,53.9712890267,0.9817372721
0.6453094000,267,0.3620312599,53.9712890267,0.9817372721
0.6475712000,268,0.3620312599,53.9712890267,0.9817372721
0.6500593000,269,0.3620312599,53.9712890267,0.9817372721
0.6524981000,270,0.3620312599,53.9712890267,0.9817372721
0.6547616000,271,0.3620312599,53.9712890267,0.9817372721
0.6569825000,272,0.3620312599,53.9712890267,0.9817372721
0.6591865000,273,0.3620312599,53.9712890267,0.9817372721
0.6612803000,274,0.3619087178,53.9712890267,0.9798890061
0.6634412000,275,0.3619087178,53.9712890267,0.9798890061
0.6655443000,276,0.3619087178,53.9712890267,0.9798890061
0.6675696000,277,0.3615002442,53.9712890267,0.9737281195
0.6696116000,278,0.3615002442,53.9712890267,0.9737281195
0.6716848000,279,0.3615002442,53.9712890267,0.9737281195
0.6741941000,280,0.3615002442,53.9712890267,0.9737281195
0.6776885000,281,0.3615002442,53.9712890267,0.9737281195
0.6807046000,282,0.3615002442,53.9712890267,0.9737281195
0.6836413000,283,0.3615002442,53.9712890267,0.9737281195
0.6860596000,284,0.3614593968,53.9712890267,0.9731120309
0.6886502000,285,0.3614593968,53.9712890267,0.9731120309
0.6907723000,286,0.3609896522,53.9712890267,0.9660270114
0.6928758000,287,0.3609896522,53.9712890267,0.9660270114
0.6950029000,288,0.3609896522,53.9712890267,0.9660270114
0.6972883000,289,0.3609896522,53.9712890267,0.9660270114
0.6994124000,290,0.3609896522,53.9712890267,0.9660270114
0.7015447000,291,0.3609896522,53.9712890267,0.9660270114
0.7035946000,292,0.3609896522,53.9712890267,0.9660270114
0.7056454000,293,0.3609896522,53.9712890267,0.9660270114
0.7076541000,294,0.3609896522,53.9712890267,0.9660270114
0.7096436000,295,0.3609896522,53.9712890267,0.9660270114
0.7116576000,296,0.3609896522,53.9712890267,0.9660270114
0.7138072000,297,0.3609896522,53.9712890267,0.9660270114
0.7161965000,298,0.3609896522,53.9712890267,0.9660270114
0.7183654000,299,0.3609896522,53.9712890267,0.9660270114
0.7206370000,300,0.3609896522,53.9712890267,0.9660270114
0.7228785000,301,0.3609896522,53.9712890267,0.9660270114
0.7250667000,302,0.3608058391,53.9712890267,0.9632546124
0.7271658000,303,0.3605811786,53.9712890267,0.9598661248
0.7294540000,304,0.3605811786,53.9712890267,0.9598661248
0.7317115000,305,0.3605811786,53.9712890267,0.9598661248
0.7337857000,306,0.3605811786,53.9712890267,0.9598661248
0.7357183000,307,0.3605811786,53.9712890267,0.9598661248
0.7376908000,308,0.3605811786,53.9712890267,0.9598661248
0.7397498000,309,0.3604994839,53.9712890267,0.9586339475
0.7418656000,310,0.3604994839,53.9712890267,0.9586339475
0.7440758000,311,0.3604994839,53.9712890267,0.9586339475
0.7461148000,312,0.3603360944,53.9712890267,0.9561695929
0.7481050000,313,0.3603156708,53.9712890267,0.9558615485
0.7501515000,314,0.3603156708,53.9712890267,0.9558615485
0.7522548000,315,0.3603156708,53.9712890267,0.9558615485
0.7543032000,316,0.3603156708,53.9712890267,0.9558615485
0.7563428000,317,0.3601114340,53.9712890267,0.9527811053
0.7584040000,318,0.3601114340,53.9712890267,0.9527811053
0.7603784000,319,0.3601114340,53.9712890267,0.9527811053
0.7623919000,320,0.3601114340,53.9712890267,0.9527811053
0.7644296000,321,0.3601114340,53.9712890267,0.9527811053
0.7663956000,322,0.3601114340,53.9712890267,0.9527811053
0.7684519000,323,0.3601114340,53.9712890267,0.9527811053
0.7704990000,324,0.3601114340,53.9712890267,0.9527811053
0.7726038000,325,0.3601114340,53.9712890267,0.9527811053
0.7746958000,326,0.3601114340,53.9712890267,0.9527811053
0.7768631000,327,0.3601114340,53.9712890267,0.9527811053
0.7790881000,328,0.3599071972,53.9712890267,0.9497006620
0.7815461000,329,0.3596825367,53.9712890267,0.9463121744
0.7837733000,330,0.3596825367,53.9712890267,0.9463121744
0.7859412000,331,0.3596825367,53.9712890267,0.9463121744
0.7881818000,332,0.3596825367,53.9712890267,0.9463121744
0.7902565000,333,0.3596212656,53.9712890267,0.9453880414
0.7922760000,334,0.3596212656,53.9712890267,0.9453880414
0.7942625000,335,0.3596212656,53.9712890267,0.9453880414
0.7965763000,336,0.3596212656,53.9712890267,0.9453880414
0.7985889000,337,0.3596212656,53.9712890267,0.9453880414
0.8005661000,338,0.3594170288,53.9712890267,0.9423075981
0.8025323000,339,0.3593761815,53.9712890267,0.9416915095
0.8046279000,340,0.3591719447,53.9712890267,0.9386110662
0.8067166000,341,0.3591719447,53.9712890267,0.9386110662
0.8089121000,342,0.3591719447,53.9712890267,0.9386110662
0.8110052000,343,0.3591719447,53.9712890267,0.9386110662
0.8130426000,344,0.3591719447,53.9712890267,0.9386110662
0.8150053000,345,0.3591719447,53.9712890267,0.9386110662
0.8174232000,346,0.3589677079,53.9712890267,0.9355306229
0.8194385000,347,0.3589677079,53.9712890267,0.9355306229
0.8214452000,348,0.3589677079,53.9712890267,0.9355306229
0.8238486000,349,0.3589677079,53.9712890267,0.9355306229
0.8259770000,350,0.3587430474,53.9712890267,0.9321421353
0.8284590000,351,0.3587430474,53.9712890267,0.9321421353
0.8307704000,352,0.3587430474,53.9712890267,0.9321421353
0.8330625000,353,0.3587430474,53.9712890267,0.9321421353
0.8351474000,354,0.3587226237,53.9712890267,0.9318340910
0.8373034000,355,0.3585388106,53.9712890267,0.9290616920
0.8396423000,356,0.3585388106,53.9712890267,0.9290616920
0.8418279000,357,0.3582324554,53.9712890267,0.9244410271
0.8438842000,358,0.3582324554,53.9712890267,0.9244410271
0.8459460000,359,0.3582324554,53.9712890267,0.9244410271
0.8479489000,360,0.3582324554,53.9712890267,0.9244410271
0.8499402000,361,0.3582324554,53.9712890267,0.9244410271
0.8519477000,362,0.3582324554,53.9712890267,0.9244410271
0.8540759000,363,0.3582324554,53.9712890267,0.9244410271
0.8563937000,364,0.3582324554,53.9712890267,0.9244410271
0.8585520000,365,0.3582324554,53.9712890267,0.9244410271
0.8606765000,366,0.3582324554,53.9712890267,0.9244410271
0.8627530000,367,0.3582324554,53.9712890267,0.9244410271
0.8648278000,368,0.3582324554,53.9712890267,0.9244410271
0.8669906000,369,0.3582324554,53.9712890267,0.9244410271
0.8693497000,370,0.3582324554,53.9712890267,0.9244410271
0.8717962000,371,0.3582324554,53.9712890267,0.9244410271
0.8741089000,372,0.3582324554,53.9712890267,0.9244410271
0.8763192000,373,0.3580282186,53.9712890267,0.9213605838
0.8785321000,374,0.3580282186,53.9712890267,0.9213605838
0.8805968000,375,0.3580282186,53.9712890267,0.9213605838
0.8826341000,376,0.3580282186,53.9712890267,0.9213605838
0.8849181000,377,0.3579056765,53.9712890267,0.9195123179
0.8869295000,378,0.3579056765,53.9712890267,0.9195123179
0.8889403000,379,0.3579056765,53.9712890267,0.9195123179
0.8909682000,380,0.3579056765,53.9712890267,0.9195123179
0.8930535000,381,0.3577218634,53.9712890267,0.9167399189
0.8951095000,382,0.3577218634,53.9712890267,0.9167399189
0.8971581000,383,0.3577218634,53.9712890267,0.9167399189
0.8994370000,384,0.3573950845,53.9712890267,0.9118112097
0.9016956000,385,0.3573950845,53.9712890267,0.9118112097
0.9038716000,386,0.3573950845,53.9712890267,0.9118112097
0.9059352000,387,0.3572316951,53.9712890267,0.9093468551
0.9081315000,388,0.3572316951,53.9712890267,0.9093468551
0.9103871000,389,0.3572316951,53.9712890267,0.9093468551
0.9125876000,390,0.3571295767,53.9712890267,0.9078066334
0.9146743000,391,0.3571295767,53.9712890267,0.9078066334
0.9169979000,392,0.3571295767,53.9712890267,0.9078066334
0.9190819000,393,0.3571295767,53.9712890267,0.9078066334
0.9213659000,394,0.3571295767,53.9712890267,0.9078066334
0.9235718000,395,0.3569866109,53.9712890267,0.9056503231
0.9257045000,396,0.3569866109,53.9712890267,0.9056503231
0.9278835000,397,0.3569866109,53.9712890267,0.9056503231
0.9301423000,398,0.3569866109,53.9712890267,0.9056503231
0.9325362000,399,0.3569866109,53.9712890267,0.9056503231
0.9347652000,400,0.3569866109,53.9712890267,0.9056503231
0.9372173000,401,0.3569866109,53.9712890267,0.9056503231
0.9395748000,402,0.3569866109,53.9712890267,0.9056503231
0.9418106000,403,0.3569866109,53.9712890267,0.9056503231
0.9440174000,404,0.3569866109,53.9712890267,0.9056503231
0.9463595000,405,0.3569866109,53.9712890267,0.9056503231
0.9488397000,406,0.3569866109,53.9712890267,0.9056503231
0.9513947000,407,0.3569866109,53.9712890267,0.9056503231
0.9537868000,408,0.3569866109,53.9712890267,0.9056503231
0.9562246000,409,0.3567415267,53.9712890267,0.9019537912
0.9585351000,410,0.3567415267,53.9712890267,0.9019537912
0.9606117000,411,0.3567415267,53.9712890267,0.9019537912
0.9628544000,412,0.3567415267,53.9712890267,0.9019537912
0.9651809000,413,0.3566802557,53.9712890267,0.9010296582
0.9672796000,414,0.3566802557,53.9712890267,0.9010296582
0.9693177000,415,0.3566802557,53.9712890267,0.9010296582
0.9713889000,416,0.3565372899,53.9712890267,0.8988733479
0.9734066000,417,0.3565372899,53.9712890267,0.8988733479
0.9754279000,418,0.3565372899,53.9712890267,0.8988733479
0.9776124000,419,0.3565372899,53.9712890267,0.8988733479
0.9797659000,420,0.3565372899,53.9712890267,0.8988733479
0.9822214000,421,0.3565372899,53.9712890267,0.8988733479
0.9844535000,422,0.3565372899,53.9712890267,0.8988733479
0.9865621000,423,0.3565372899,53.9712890267,0.8988733479
0.9890064000,424,0.3565372899,53.9712890267,0.8988733479
0.9912454000,425,0.3565372899,53.9712890267,0.8988733479
0.9935759000,426,0.3565372899,53.9712890267,0.8988733479
0.9961550000,427,0.3565372899,53.9712890267,0.8988733479
0.9985925000,428,0.3565372899,53.9712890267,0.8988733479
1.0008881000,429,0.3565372899,53.9712890267,0.8988733479
1.0031987000,430,0.3565372899,53.9712890267,0.8988733479
1.0053762000,431,0.3565372899,53.9712890267,0.8988733479
1.0075900000,432,0.3565372899,53.9712890267,0.8988733479
1.0099779000,433,0.3565372899,53.9712890267,0.8988733479
1.0123830000,434,0.3565372899,53.9712890267,0.8988733479
1.0145367000,435,0.3565372899,53.9712890267,0.8988733479
1.0169848000,436,0.3565372899,53.9712890267,0.8988733479
1.0191559000,437,0.3565372899,53.9712890267,0.8988733479
1.0212340000,438,0.3565372899,53.9712890267,0.8988733479
1.0233712000,439,0.3565372899,53.9712890267,0.8988733479
1.0256814000,440,0.3565372899,53.9712890267,0.8988733479
1.0277668000,441,0.3565372899,53.9712890267,0.8988733479
1.0299491000,442,0.3565372899,53.9712890267,0.8988733479
1.0322427000,443,0.3564964426,53.9712890267,0.8982572593
1.0342525000,444,0.3564964426,53.9712890267,0.8982572593
1.0363027000,445,0.3564964426,53.9712890267,0.8982572593
1.0382965000,446,0.3564964426,53.9712890267,0.8982572593
1.0405156000,447,0.3564964426,53.9712890267,0.8982572593
1.0436113000,448,0.3562922058,53.9712890267,0.8951768160
1.0459829000,449,0.3562922058,53.9712890267,0.8951768160
1.0483902000,450,0.3562922058,53.9712890267,0.8951768160
1.0504199000,451,0.3562922058,53.9712890267,0.8951768160
1.0524486000,452,0.3562922058,53.9712890267,0.8951768160
1.0545635000,453,0.3562922058,53.9712890267,0.8951768160
1.0568085000,454,0.3562922058,53.9712890267,0.8951768160
1.0589378000,455,0.3562922058,53.9712890267,0.8951768160
1.0610969000,456,0.3562922058,53.9712890267,0.8951768160
1.0632498000,457,0.3562922058,53.9712890267,0.8951768160
1.0653632000,458,0.3562922058,53.9712890267,0.8951768160
1.0674467000,459,0.3562922058,53.9712890267,0.8951768160
1.0695459000,460,0.3562922058,53.9712890267,0.8951768160
1.0716172000,461,0.3562922058,53.9712890267,0.8951768160
1.0739650000,462,0.3562922058,53.9712890267,0.8951768160
1.0763038000,463,0.3562922058,53.9712890267,0.8951768160
1.0786975000,464,0.3562922058,53.9712890267,0.8951768160
1.0810644000,465,0.3562309347,53.9712890267,0.8942526830
1.0832510000,466,0.3562309347,53.9712890267,0.8942526830
1.0853779000,467,0.3562309347,53.9712890267,0.8942526830
1.0875287000,468,0.3562309347,53.9712890267,0.8942526830
1.0897927000,469,0.3562309347,53.9712890267,0.8942526830
1.0921418000,470,0.3562309347,53.9712890267,0.8942526830
1.0942555000,471,0.3561696637,53.9712890267,0.8933285500
1.0963340000,472,0.3559450032,53.9712890267,0.8899400624
1.0983717000,473,0.3559450032,53.9712890267,0.8899400624
1.1003662000,474,0.3559450032,53.9712890267,0.8899400624
1.1023404000,475,0.3559450032,53.9712890267,0.8899400624
1.1046439000,476,0.3559450032,53.9712890267,0.8899400624
1.1069691000,477,0.3557203427,53.9712890267,0.8865515748
1.1091522000,478,0.3557203427,53.9712890267,0.8865515748
1.1114338000,479,0.3557203427,53.9712890267,0.8865515748
1.1135363000,480,0.3557203427,53.9712890267,0.8865515748
1.1157819000,481,0.3557203427,53.9712890267,0.8865515748
1.1178624000,482,0.3557203427,53.9712890267,0.8865515748
1.1200207000,483,0.3557203427,53.9712890267,0.8865515748
1.1223280000,484,0.3557203427,53.9712890267,0.8865515748
1.1246248000,485,0.3557203427,53.9712890267,0.8865515748
1.1266496000,486,0.3557203427,53.9712890267,0.8865515748
1.1287001000,487,0.3557203427,53.9712890267,0.8865515748
1.1310299000,488,0.3557203427,53.9712890267,0.8865515748
1.1330937000,489,0.3557203427,53.9712890267,0.8865515748
1.1355360000,490,0.3557203427,53.9712890267,0.8865515748
1.1381717000,491,0.3557203427,53.9712890267,0.8865515748
1.1405220000,492,0.3557203427,53.9712890267,0.8865515748
1.1429809000,493,0.3557203427,53.9712890267,0.8865515748
1.1451461000,494,0.3557203427,53.9712890267,0.8865515748
1.1474469000,495,0.3557203427,53.9712890267,0.8865515748
1.1497971000,496,0.3557203427,53.9712890267,0.8865515748
1.1519535000,497,0.3557203427,53.9712890267,0.8865515748
1.1546054000,498,0.3557203427,53.9712890267,0.8865515748
1.1568076000,499,0.3557203427,53.9712890267,0.8865515748
1.1590229000,500,0.3557203427,53.9712890267,0.8865515748
1.1612431000,501,0.3557203427,53.9712890267,0.8865515748
1.1635473000,502,0.3554956823,53.9712890267,0.8831630872
1.1661453000,503,0.3554956823,53.9712890267,0.8831630872
1.1681759000,504,0.3554956823,53.9712890267,0.8831630872
1.1703288000,505,0.3554956823,53.9712890267,0.8831630872
1.1723592000,506,0.3554956823,53.9712890267,0.8831630872
1.1746421000,507,0.3554752586,53.9712890267,0.8828550429
1.1766722000,508,0.3552505981,53.9712890267,0.8794665553
1.1788343000,509,0.3552505981,53.9712890267,0.8794665553
1.1809794000,510,0.3552505981,53.9712890267,0.8794665553
1.1831763000,511,0.3552505981,53.9712890267,0.8794665553
1.1852160000,512,0.3552505981,53.9712890267,0.8794665553
1.1874818000,513,0.3552505981,53.9712890267,0.8794665553
1.1896125000,514,0.3552505981,53.9712890267,0.8794665553
1.1920339000,515,0.3552505981,53.9712890267,0.8794665553
1.1941920000,516,0.3552505981,53.9712890267,0.8794665553
1.1965640000,517,0.3550259376,53.9712890267,0.8760780677
1.1988756000,518,0.3550259376,53.9712890267,0.8760780677
1.2010607000,519,0.3550259376,53.9712890267,0.8760780677
1.2031296000,520,0.3550259376,53.9712890267,0.8760780677
1.2051162000,521,0.3550259376,53.9712890267,0.8760780677
1.2072149000,522,0.3550055139,53.9712890267,0.8757700234
1.2092657000,523,0.3550055139,53.9712890267,0.8757700234
1.2112461000,524,0.3550055139,53.9712890267,0.8757700234
1.2135929000,525,0.3550055139,53.9712890267,0.8757700234
1.2156971000,526,0.3550055139,53.9712890267,0.8757700234
1.2178446000,527,0.3550055139,53.9712890267,0.8757700234
1.2198609000,528,0.3550055139,53.9712890267,0.8757700234
1.2219843000,529,0.3550055139,53.9712890267,0.8757700234
1.2241835000,530,0.3548012771,53.9712890267,0.8726895801
1.2265732000,531,0.3548012771,53.9712890267,0.8726895801
1.2289333000,532,0.3548012771,53.9712890267,0.8726895801
1.2309867000,533,0.3548012771,53.9712890267,0.8726895801
1.2338339000,534,0.3548012771,53.9712890267,0.8726895801
1.2359869000,535,0.3546174640,53.9712890267,0.8699171811
1.2382687000,536,0.3546174640,53.9712890267,0.8699171811
1.2402206000,537,0.3546174640,53.9712890267,0.8699171811
1.2421589000,538,0.3546174640,53.9712890267,0.8699171811
1.2445308000,539,0.3546174640,53.9712890267,0.8699171811
1.2467164000,540,0.3546174640,53.9712890267,0.8699171811
1.2490084000,541,0.3545766167,53.9712890267,0.8693010925
1.2513248000,542,0.3545357693,53.9712890267,0.8686850038
1.2536035000,543,0.3545357693,53.9712890267,0.8686850038
1.2559463000,544,0.3545357693,53.9712890267,0.8686850038
1.2582008000,545,0.3545357693,53.9712890267,0.8686850038
1.2605439000,546,0.3545357693,53.9712890267,0.8686850038
1.2628284000,547,0.3543519562,53.9712890267,0.8659126049
1.2649161000,548,0.3543519562,53.9712890267,0.8659126049
1.2668516000,549,0.3540864483,53.9712890267,0.8619080286
1.2687735000,550,0.3540864483,53.9712890267,0.8619080286
1.2707904000,551,0.3540864483,53.9712890267,0.8619080286
1.2727878000,552,0.3540864483,53.9712890267,0.8619080286
1.2750107000,553,0.3540864483,53.9712890267,0.8619080286
1.2770665000,554,0.3540864483,53.9712890267,0.8619080286
1.2802721000,555,0.3540864483,53.9712890267,0.8619080286
1.2823157000,556,0.3540864483,53.9712890267,0.8619080286
1.2842531000,557,0.3538822115,53.9712890267,0.8588275853
1.2863624000,558,0.3538822115,53.9712890267,0.8588275853
1.2885443000,559,0.3538822115,53.9712890267,0.8588275853
1.2907349000,560,0.3537392458,53.9712890267,0.8566712751
1.2929933000,561,0.3537392458,53.9712890267,0.8566712751
1.2951635000,562,0.3537392458,53.9712890267,0.8566712751
1.2972636000,563,0.3534941616,53.9712890267,0.8529747431
1.2995079000,564,0.3534941616,53.9712890267,0.8529747431
1.3016813000,565,0.3534941616,53.9712890267,0.8529747431
1.3037867000,566,0.3534941616,53.9712890267,0.8529747431
1.3061409000,567,0.3534941616,53.9712890267,0.8529747431
1.3085577000,568,0.3534941616,53.9712890267,0.8529747431
1.3107120000,569,0.3534941616,53.9712890267,0.8529747431
1.3127454000,570,0.3534533142,53.9712890267,0.8523586545
1.3148525000,571,0.3534533142,53.9712890267,0.8523586545
1.3172928000,572,0.3534124669,53.9712890267,0.8517425658
1.3194934000,573,0.3534124669,53.9712890267,0.8517425658
1.3216578000,574,0.3533716195,53.9712890267,0.8511264772
1.3239629000,575,0.3529427222,53.9712890267,0.8446575463
1.3263548000,576,0.3529427222,53.9712890267,0.8446575463
1.3285405000,577,0.3529427222,53.9712890267,0.8446575463
1.3306028000,578,0.3529427222,53.9712890267,0.8446575463
1.3326194000,579,0.3529427222,53.9712890267,0.8446575463
1.3347376000,580,0.3528201802,53.9712890267,0.8428092803
1.3368590000,581,0.3528201802,53.9712890267,0.8428092803
1.3392908000,582,0.3528201802,53.9712890267,0.8428092803
1.3414275000,583,0.3528201802,53.9712890267,0.8428092803
1.3435367000,584,0.3528201802,53.9712890267,0.8428092803
1.3456652000,585,0.3528201802,53.9712890267,0.8428092803
1.3477867000,586,0.3528201802,53.9712890267,0.8428092803
1.3503277000,587,0.3528201802,53.9712890267,0.8428092803
1.3525854000,588,0.3526976381,53.9712890267,0.8409610143
1.3551030000,589,0.3526976381,53.9712890267,0.8409610143
1.3572747000,590,0.3526976381,53.9712890267,0.8409610143
1.3594454000,591,0.3526976381,53.9712890267,0.8409610143
1.3615784000,592,0.3526976381,53.9712890267,0.8409610143
1.3637101000,593,0.3526976381,53.9712890267,0.8409610143
1.3657748000,594,0.3526976381,53.9712890267,0.8409610143
1.3678604000,595,0.3526976381,53.9712890267,0.8409610143
1.3705151000,596,0.3526976381,53.9712890267,0.8409610143
1.3727616000,597,0.3526976381,53.9712890267,0.8409610143
1.3751308000,598,0.3526976381,53.9712890267,0.8409610143
1.3773505000,599,0.3526976381,53.9712890267,0.8409610143
1.3794956000,600,0.3526976381,53.9712890267,0.8409610143
1.3817296000,601,0.3526772144,53.9712890267,0.8406529700
1.3838204000,602,0.3524729776,53.9712890267,0.8375725267
1.3861636000,603,0.3524729776,53.9712890267,0.8375725267
1.3882822000,604,0.3524729776,53.9712890267,0.8375725267
1.3905939000,605,0.3524729776,53.9712890267,0.8375725267
1.3927518000,606,0.3524729776,53.9712890267,0.8375725267
1.3949218000,607,0.3524729776,53.9712890267,0.8375725267
1.3969427000,608,0.3524729776,53.9712890267,0.8375725267
1.3989694000,609,0.3524729776,53.9712890267,0.8375725267
1.4018834000,610,0.3524729776,53.9712890267,0.8375725267
1.4051820000,611,0.3524729776,53.9712890267,0.8375725267
1.4077027000,612,0.3524321302,53.9712890267,0.8369564381
1.4099961000,613,0.3522074698,53.9712890267,0.8335679505
1.4122144000,614,0.3522074698,53.9712890267,0.8335679505
1.4142269000,615,0.3522074698,53.9712890267,0.8335679505
1.4166153000,616,0.3522074698,53.9712890267,0.8335679505
1.4188054000,617,0.3522074698,53.9712890267,0.8335679505
1.4211632000,618,0.3522074698,53.9712890267,0.8335679505
1.4233972000,619,0.3522074698,53.9712890267,0.8335679505
1.4255422000,620,0.3522074698,53.9712890267,0.8335679505
1.4276302000,621,0.3522074698,53.9712890267,0.8335679505
1.4296673000,622,0.3522074698,53.9712890267,0.8335679505
1.4320908000,623,0.3522074698,53.9712890267,0.8335679505
1.4345174000,624,0.3522074698,53.9712890267,0.8335679505
1.4369373000,625,0.3522074698,53.9712890267,0.8335679505
1.4390808000,626,0.3522074698,53.9712890267,0.8335679505
1.4415678000,627,0.3522074698,53.9712890267,0.8335679505
1.4436795000,628,0.3522074698,53.9712890267,0.8335679505
1.4457667000,629,0.3522074698,53.9712890267,0.8335679505
1.4481777000,630,0.3522074698,53.9712890267,0.8335679505
1.4505697000,631,0.3522074698,53.9712890267,0.8335679505
1.4527169000,632,0.3522074698,53.9712890267,0.8335679505
1.4550311000,633,0.3519419619,53.9712890267,0.8295633742
1.4570862000,634,0.3519419619,53.9712890267,0.8295633742
1.4589816000,635,0.3519419619,53.9712890267,0.8295633742
1.4613302000,636,0.3519419619,53.9712890267,0.8295633742
1.4637869000,637,0.3516764541,53.9712890267,0.8255587980
1.4657079000,638,0.3516764541,53.9712890267,0.8255587980
1.4675991000,639,0.3516764541,53.9712890267,0.8255587980
1.4695318000,640,0.3516764541,53.9712890267,0.8255587980
1.4714478000,641,0.3516764541,53.9712890267,0.8255587980
1.4733405000,642,0.3516764541,53.9712890267,0.8255587980
1.4752274000,643,0.3516764541,53.9712890267,0.8255587980
1.4771985000,644,0.3516764541,53.9712890267,0.8255587980
1.4792977000,645,0.3516764541,53.9712890267,0.8255587980
1.4812806000,646,0.3516764541,53.9712890267,0.8255587980
1.4835018000,647,0.3516764541,53.9712890267,0.8255587980
1.4856031000,648,0.3516764541,53.9712890267,0.8255587980
1.4880031000,649,0.3516764541,53.9712890267,0.8255587980
1.4900651000,650,0.3516764541,53.9712890267,0.8255587980
1.4921716000,651,0.3516764541,53.9712890267,0.8255587980
1.4943321000,652,0.3516764541,53.9712890267,0.8255587980
1.4966032000,653,0.3516764541,53.9712890267,0.8255587980
1.4987754000,654,0.3516764541,53.9712890267,0.8255587980
1.5008496000,655,0.3514109462,53.9712890267,0.8215542217
1.5029086000,656,0.3514109462,53.9712890267,0.8215542217
1.5048821000,657,0.3514109462,53.9712890267,0.8215542217
1.5069478000,658,0.3514109462,53.9712890267,0.8215542217
1.5089826000,659,0.3514109462,53.9712890267,0.8215542217
1.5112144000,660,0.3514109462,53.9712890267,0.8215542217
1.5132549000,661,0.3513905226,53.9712890267,0.8212461774
1.5152488000,662,0.3513905226,53.9712890267,0.8212461774
1.5172242000,663,0.3513905226,53.9712890267,0.8212461774
1.5191548000,664,0.3513905226,53.9712890267,0.8212461774
1.5211582000,665,0.3513905226,53.9712890267,0.8212461774
1.5232037000,666,0.3513905226,53.9712890267,0.8212461774
1.5254954000,667,0.3513905226,53.9712890267,0.8212461774
1.5277998000,668,0.3513905226,53.9712890267,0.8212461774
1.5300091000,669,0.3513905226,53.9712890267,0.8212461774
1.5320259000,670,0.3513905226,53.9712890267,0.8212461774
1.5340522000,671,0.3513905226,53.9712890267,0.8212461774
1.5360480000,672,0.3513905226,53.9712890267,0.8212461774
1.5381084000,673,0.3513905226,53.9712890267,0.8212461774
1.5401412000,674,0.3513905226,53.9712890267,0.8212461774
1.5424297000,675,0.3513700989,53.9712890267,0.8209381331
1.5444287000,676,0.3513700989,53.9712890267,0.8209381331
1.5463829000,677,0.3513700989,53.9712890267,0.8209381331
1.5486472000,678,0.3513292515,53.9712890267,0.8203220444
1.5509549000,679,0.3513292515,53.9712890267,0.8203220444
1.5530215000,680,0.3513088278,53.9712890267,0.8200140001
1.5551083000,681,0.3513088278,53.9712890267,0.8200140001
1.5575111000,682,0.3510433200,53.9712890267,0.8160094238
1.5595002000,683,0.3510433200,53.9712890267,0.8160094238
1.5615422000,684,0.3510433200,53.9712890267,0.8160094238
1.5636048000,685,0.3509003542,53.9712890267,0.8138531135
1.5655896000,686,0.3509003542,53.9712890267,0.8138531135
1.5675234000,687,0.3509003542,53.9712890267,0.8138531135
1.5694382000,688,0.3509003542,53.9712890267,0.8138531135
1.5715360000,689,0.3509003542,53.9712890267,0.8138531135
1.5738042000,690,0.3509003542,53.9712890267,0.8138531135
1.5759261000,691,0.3509003542,53.9712890267,0.8138531135
1.5782841000,692,0.3509003542,53.9712890267,0.8138531135
1.5804330000,693,0.3509003542,53.9712890267,0.8138531135
1.5826393000,694,0.3509003542,53.9712890267,0.8138531135
1.5848306000,695,0.3509003542,53.9712890267,0.8138531135
1.5872666000,696,0.3509003542,53.9712890267,0.8138531135
1.5894756000,697,0.3509003542,53.9712890267,0.8138531135
1.5916514000,698,0.3509003542,53.9712890267,0.8138531135
1.5937395000,699,0.3509003542,53.9712890267,0.8138531135
1.5963369000,700,0.3509003542,53.9712890267,0.8138531135
1.5985040000,701,0.3509003542,53.9712890267,0.8138531135
1.6008273000,702,0.3509003542,53.9712890267,0.8138531135
1.6029939000,703,0.3509003542,53.9712890267,0.8138531135
1.6051153000,704,0.3509003542,53.9712890267,0.8138531135
1.6072416000,705,0.3509003542,53.9712890267,0.8138531135
1.6092762000,706,0.3509003542,53.9712890267,0.8138531135
1.6117719000,707,0.3509003542,53.9712890267,0.8138531135
1.6141099000,708,0.3509003542,53.9712890267,0.8138531135
1.6162348000,709,0.3509003542,53.9712890267,0.8138531135
1.6183206000,710,0.3509003542,53.9712890267,0.8138531135
1.6212984000,711,0.3509003542,53.9712890267,0.8138531135
1.6247051000,712,0.3509003542,53.9712890267,0.8138531135
1.6277502000,713,0.3509003542,53.9712890267,0.8138531135
1.6299501000,714,0.3509003542,53.9712890267,0.8138531135
1.6319025000,715,0.3509003542,53.9712890267,0.8138531135
1.6339359000,716,0.3509003542,53.9712890267,0.8138531135
1.6359894000,717,0.3509003542,53.9712890267,0.8138531135
1.6380120000,718,0.3509003542,53.9712890267,0.8138531135
1.6400483000,719,0.3509003542,53.9712890267,0.8138531135
1.6420556000,720,0.3509003542,53.9712890267,0.8138531135
1.6440457000,721,0.3509003542,53.9712890267,0.8138531135
1.6460608000,722,0.3509003542,53.9712890267,0.8138531135
1.6480336000,723,0.3509003542,53.9712890267,0.8138531135
1.6500991000,724,0.3509003542,53.9712890267,0.8138531135
1.6521251000,725,0.3509003542,53.9712890267,0.8138531135
1.6542250000,726,0.3509003542,53.9712890267,0.8138531135
1.6565052000,727,0.3506756938,53.9712890267,0.8104646259
1.6585305000,728,0.3506756938,53.9712890267,0.8104646259
1.6607206000,729,0.3506756938,53.9712890267,0.8104646259
1.6626732000,730,0.3506756938,53.9712890267,0.8104646259
1.6646656000,731,0.3506756938,53.9712890267,0.8104646259
1.6667698000,732,0.3506756938,53.9712890267,0.8104646259
1.6688012000,733,0.3506756938,53.9712890267,0.8104646259
1.6707662000,734,0.3506756938,53.9712890267,0.8104646259
1.6727217000,735,0.3506756938,53.9712890267,0.8104646259
1.6746916000,736,0.3506756938,53.9712890267,0.8104646259
1.6766724000,737,0.3505939990,53.9712890267,0.8092324486
1.6787824000,738,0.3505939990,53.9712890267,0.8092324486
1.6809516000,739,0.3505939990,53.9712890267,0.8092324486
1.6833080000,740,0.3505939990,53.9712890267,0.8092324486
1.6854637000,741,0.3505939990,53.9712890267,0.8092324486
1.6875250000,742,0.3505939990,53.9712890267,0.8092324486
1.6895461000,743,0.3505939990,53.9712890267,0.8092324486
1.6916953000,744,0.3505939990,53.9712890267,0.8092324486
1.6937540000,745,0.3505939990,53.9712890267,0.8092324486
1.6958587000,746,0.3505939990,53.9712890267,0.8092324486
1.6979267000,747,0.3505939990,53.9712890267,0.8092324486
1.7001728000,748,0.3505939990,53.9712890267,0.8092324486
1.7024649000,749,0.3505939990,53.9712890267,0.8092324486
1.7045544000,750,0.3505939990,53.9712890267,0.8092324486
1.7066564000,751,0.3505939990,53.9712890267,0.8092324486
1.7086726000,752,0.3505939990,53.9712890267,0.8092324486
1.7107192000,753,0.3505939990,53.9712890267,0.8092324486
1.7144056000,754,0.3505939990,53.9712890267,0.8092324486
1.7172029000,755,0.3504510333,53.9712890267,0.8070761383
1.7192886000,756,0.3504510333,53.9712890267,0.8070761383
1.7212858000,757,0.3504510333,53.9712890267,0.8070761383
1.7232373000,758,0.3504510333,53.9712890267,0.8070761383
1.7257324000,759,0.3504510333,53.9712890267,0.8070761383
1.7280490000,760,0.3504510333,53.9712890267,0.8070761383
1.7301085000,761,0.3504510333,53.9712890267,0.8070761383
1.7320731000,762,0.3504510333,53.9712890267,0.8070761383
1.7340139000,763,0.3504510333,53.9712890267,0.8070761383
1.7359748000,764,0.3504510333,53.9712890267,0.8070761383
1.7379144000,765,0.3504510333,53.9712890267,0.8070761383
1.7400832000,766,0.3504510333,53.9712890267,0.8070761383
1.7423593000,767,0.3504510333,53.9712890267,0.8070761383
1.7448151000,768,0.3504510333,53.9712890267,0.8070761383
1.7468819000,769,0.3504510333,53.9712890267,0.8070761383
1.7488991000,770,0.3504510333,53.9712890267,0.8070761383
1.7508662000,771,0.3504510333,53.9712890267,0.8070761383
1.7529419000,772,0.3504510333,53.9712890267,0.8070761383
1.7549711000,773,0.3504510333,53.9712890267,0.8070761383
1.7569709000,774,0.3504510333,53.9712890267,0.8070761383
1.7591748000,775,0.3504510333,53.9712890267,0.8070761383
1.7613195000,776,0.3504510333,53.9712890267,0.8070761383
1.7633109000,777,0.3504510333,53.9712890267,0.8070761383
1.7654015000,778,0.3504510333,53.9712890267,0.8070761383
1.7675100000,779,0.3504510333,53.9712890267,0.8070761383
1.7694836000,780,0.3504510333,53.9712890267,0.8070761383
1.7714487000,781,0.3504510333,53.9712890267,0.8070761383
1.7733961000,782,0.3504510333,53.9712890267,0.8070761383
1.7756356000,783,0.3504510333,53.9712890267,0.8070761383
1.7776697000,784,0.3504510333,53.9712890267,0.8070761383
1.7796342000,785,0.3504510333,53.9712890267,0.8070761383
1.7816198000,786,0.3504510333,53.9712890267,0.8070761383
1.7836307000,787,0.3504510333,53.9712890267,0.8070761383
1.7856093000,788,0.3504510333,53.9712890267,0.8070761383
1.7875817000,789,0.3504510333,53.9712890267,0.8070761383
1.7898197000,790,0.3504510333,53.9712890267,0.8070761383
1.7919824000,791,0.3504510333,53.9712890267,0.8070761383
1.7945143000,792,0.3504510333,53.9712890267,0.8070761383
1.7967307000,793,0.3504510333,53.9712890267,0.8070761383
1.7988415000,794,0.3504510333,53.9712890267,0.8070761383
1.8009258000,795,0.3504510333,53.9712890267,0.8070761383
1.8033241000,796,0.3504510333,53.9712890267,0.8070761383
1.8055404000,797,0.3504306096,53.9712890267,0.8067680940
1.8075250000,798,0.3504306096,53.9712890267,0.8067680940
1.8095183000,799,0.3504306096,53.9712890267,0.8067680940
1.8115285000,800,0.3504306096,53.9712890267,0.8067680940
1.8135274000,801,0.3504306096,53.9712890267,0.8067680940
1.8155059000,802,0.3504306096,53.9712890267,0.8067680940
1.8178417000,803,0.3504306096,53.9712890267,0.8067680940
1.8197911000,804,0.3504306096,53.9712890267,0.8067680940
1.8217286000,805,0.3504306096,53.9712890267,0.8067680940
1.8237056000,806,0.3504306096,53.9712890267,0.8067680940
1.8258683000,807,0.3504306096,53.9712890267,0.8067680940
1.8279967000,808,0.3504306096,53.9712890267,0.8067680940
1.8301682000,809,0.3504306096,53.9712890267,0.8067680940
1.8322236000,810,0.3504306096,53.9712890267,0.8067680940
1.8343997000,811,0.3504306096,53.9712890267,0.8067680940
1.8363893000,812,0.3504306096,53.9712890267,0.8067680940
1.8388599000,813,0.3504306096,53.9712890267,0.8067680940
1.8411851000,814,0.3504306096,53.9712890267,0.8067680940
1.8432572000,815,0.3504306096,53.9712890267,0.8067680940
1.8452973000,816,0.3504306096,53.9712890267,0.8067680940
1.8473701000,817,0.3504306096,53.9712890267,0.8067680940
1.8493816000,818,0.3504306096,53.9712890267,0.8067680940
1.8514104000,819,0.3504306096,53.9712890267,0.8067680940
1.8535332000,820,0.3504306096,53.9712890267,0.8067680940
1.8555768000,821,0.3504306096,53.9712890267,0.8067680940
1.8577833000,822,0.3504306096,53.9712890267,0.8067680940
1.8599345000,823,0.3504306096,53.9712890267,0.8067680940
1.8622652000,824,0.3504306096,53.9712890267,0.8067680940
1.8644901000,825,0.3504306096,53.9712890267,0.8067680940
1.8666382000,826,0.3504306096,53.9712890267,0.8067680940
1.8685920000,827,0.3504306096,53.9712890267,0.8067680940
1.8708116000,828,0.3504306096,53.9712890267,0.8067680940
1.8728794000,829,0.3504306096,53.9712890267,0.8067680940
1.8749252000,830,0.3504306096,53.9712890267,0.8067680940
1.8769259000,831,0.3504306096,53.9712890267,0.8067680940
1.8789993000,832,0.3504306096,53.9712890267,0.8067680940
1.8810015000,833,0.3504306096,53.9712890267,0.8067680940
1.8830067000,834,0.3504306096,53.9712890267,0.8067680940
1.8849783000,835,0.3504306096,53.9712890267,0.8067680940
1.8870250000,836,0.3504306096,53.9712890267,0.8067680940
1.8889915000,837,0.3504306096,53.9712890267,0.8067680940
1.8910372000,838,0.3504306096,53.9712890267,0.8067680940
1.8930486000,839,0.3504306096,53.9712890267,0.8067680940
1.8949984000,840,0.3504306096,53.9712890267,0.8067680940
1.8970001000,841,0.3504306096,53.9712890267,0.8067680940
1.8996213000,842,0.3504306096,53.9712890267,0.8067680940
1.9018075000,843,0.3504306096,53.9712890267,0.8067680940
1.9040088000,844,0.3504306096,53.9712890267,0.8067680940
1.9062895000,845,0.3504306096,53.9712890267,0.8067680940
1.9086124000,846,0.3504306096,53.9712890267,0.8067680940
1.9106217000,847,0.3504306096,53.9712890267,0.8067680940
1.9126286000,848,0.3504306096,53.9712890267,0.8067680940
1.9146206000,849,0.3504306096,53.9712890267,0.8067680940
1.9166202000,850,0.3504306096,53.9712890267,0.8067680940
1.9189041000,851,0.3504306096,53.9712890267,0.8067680940
1.9208829000,852,0.3504306096,53.9712890267,0.8067680940
1.9228855000,853,0.3502263728,53.9712890267,0.8036876507
1.9248281000,854,0.3502263728,53.9712890267,0.8036876507
1.9268587000,855,0.3502263728,53.9712890267,0.8036876507
1.9287404000,856,0.3502263728,53.9712890267,0.8036876507
1.9306701000,857,0.3502263728,53.9712890267,0.8036876507
1.9329631000,858,0.3502263728,53.9712890267,0.8036876507
1.9349254000,859,0.3502263728,53.9712890267,0.8036876507
1.9368663000,860,0.3502263728,53.9712890267,0.8036876507
1.9388024000,861,0.3502263728,53.9712890267,0.8036876507
1.9407655000,862,0.3502263728,53.9712890267,0.8036876507
1.9431383000,863,0.3502263728,53.9712890267,0.8036876507
1.9451621000,864,0.3502263728,53.9712890267,0.8036876507
1.9472486000,865,0.3502263728,53.9712890267,0.8036876507
1.9495639000,866,0.3502263728,53.9712890267,0.8036876507
1.9516162000,867,0.3502263728,53.9712890267,0.8036876507
1.9538124000,868,0.3502263728,53.9712890267,0.8036876507
1.9559057000,869,0.3502263728,53.9712890267,0.8036876507
1.9579601000,870,0.3502263728,53.9712890267,0.8036876507
1.9599614000,871,0.3502263728,53.9712890267,0.8036876507
1.9619916000,872,0.3502263728,53.9712890267,0.8036876507
1.9642755000,873,0.3502263728,53.9712890267,0.8036876507
1.9663252000,874,0.3502263728,53.9712890267,0.8036876507
1.9683151000,875,0.3502263728,53.9712890267,0.8036876507
1.9703078000,876,0.3502263728,53.9712890267,0.8036876507
1.9722441000,877,0.3502263728,53.9712890267,0.8036876507
1.9742202000,878,0.3502263728,53.9712890267,0.8036876507
1.9762404000,879,0.3502263728,53.9712890267,0.8036876507
1.9782318000,880,0.3502263728,53.9712890267,0.8036876507
1.9813889000,881,0.3502263728,53.9712890267,0.8036876507
1.9833795000,882,0.3502263728,53.9712890267,0.8036876507
1.9853398000,883,0.3502263728,53.9712890267,0.8036876507
1.9874520000,884,0.3502263728,53.9712890267,0.8036876507
1.9895381000,885,0.3502263728,53.9712890267,0.8036876507
1.9915766000,886,0.3502263728,53.9712890267,0.8036876507
1.9935597000,887,0.3502263728,53.9712890267,0.8036876507
1.9959007000,888,0.3502263728,53.9712890267,0.8036876507
1.9979652000,889,0.3502263728,53.9712890267,0.8036876507
2.0000721000,890,0.3502263728,53.9712890267,0.8036876507
2.0020731000,891,0.3502263728,53.9712890267,0.8036876507
2.0041321000,892,0.3502263728,53.9712890267,0.8036876507
2.0062000000,893,0.3502263728,53.9712890267,0.8036876507
2.0087023000,894,0.3502263728,53.9712890267,0.8036876507
2.0107447000,895,0.3502263728,53.9712890267,0.8036876507
2.0127245000,896,0.3502263728,53.9712890267,0.8036876507
2.0147271000,897,0.3502263728,53.9712890267,0.8036876507
2.0167142000,898,0.3499404413,53.9712890267,0.7993750301
2.0187387000,899,0.3499404413,53.9712890267,0.7993750301
2.0206403000,900,0.3499404413,53.9712890267,0.7993750301
2.0225652000,901,0.3499404413,53.9712890267,0.7993750301
2.0245254000,902,0.3499404413,53.9712890267,0.7993750301
2.0267960000,903,0.3499404413,53.9712890267,0.7993750301
2.0287396000,904,0.3499200176,53.9712890267,0.7990669858
2.0307087000,905,0.3499200176,53.9712890267,0.7990669858
2.0325646000,906,0.3499200176,53.9712890267,0.7990669858
2.0344392000,907,0.3499200176,53.9712890267,0.7990669858
2.0363052000,908,0.3499200176,53.9712890267,0.7990669858
2.0384994000,909,0.3499200176,53.9712890267,0.7990669858
2.0404995000,910,0.3499200176,53.9712890267,0.7990669858
2.0425281000,911,0.3499200176,53.9712890267,0.7990669858
2.0445025000,912,0.3497157808,53.9712890267,0.7959865425
2.0464784000,913,0.3497157808,53.9712890267,0.7959865425
2.0485741000,914,0.3497157808,53.9712890267,0.7959865425
2.0506612000,915,0.3497157808,53.9712890267,0.7959865425
2.0528282000,916,0.3497157808,53.9712890267,0.7959865425
2.0548239000,917,0.3497157808,53.9712890267,0.7959865425
2.0573896000,918,0.3497157808,53.9712890267,0.7959865425
2.0605769000,919,0.3497157808,53.9712890267,0.7959865425
2.0626051000,920,0.3497157808,53.9712890267,0.7959865425
2.0646199000,921,0.3497157808,53.9712890267,0.7959865425
2.0666057000,922,0.3497157808,53.9712890267,0.7959865425
2.0686434000,923,0.3497157808,53.9712890267,0.7959865425
2.0707453000,924,0.3496340861,53.9712890267,0.7947543652
2.0727274000,925,0.3496340861,53.9712890267,0.7947543652
2.0747011000,926,0.3496340861,53.9712890267,0.7947543652
2.0767477000,927,0.3496340861,53.9712890267,0.7947543652
2.0787575000,928,0.3496340861,53.9712890267,0.7947543652
2.0807360000,929,0.3496340861,53.9712890267,0.7947543652
2.0826617000,930,0.3496340861,53.9712890267,0.7947543652
2.0846116000,931,0.3496340861,53.9712890267,0.7947543652
2.0865668000,932,0.3496340861,53.9712890267,0.7947543652
2.0885760000,933,0.3496340861,53.9712890267,0.7947543652
2.0905004000,934,0.3496340861,53.9712890267,0.7947543652
2.0925078000,935,0.3496340861,53.9712890267,0.7947543652
2.0945274000,936,0.3496340861,53.9712890267,0.7947543652
2.0966189000,937,0.3496340861,53.9712890267,0.7947543652
2.0986641000,938,0.3496340861,53.9712890267,0.7947543652
2.1007221000,939,0.3496340861,53.9712890267,0.7947543652
2.1027489000,940,0.3496340861,53.9712890267,0.7947543652
2.1047976000,941,0.3496340861,53.9712890267,0.7947543652
2.1067481000,942,0.3496340861,53.9712890267,0.7947543652
2.1087617000,943,0.3496340861,53.9712890267,0.7947543652
2.1107463000,944,0.3496340861,53.9712890267,0.7947543652
2.1128513000,945,0.3494502730,53.9712890267,0.7919819663
2.1148500000,946,0.3494502730,53.9712890267,0.7919819663
2.1167898000,947,0.3494298493,53.9712890267,0.7916739219
2.1186894000,948,0.3494298493,53.9712890267,0.7916739219
2.1205568000,949,0.3494298493,53.9712890267,0.7916739219
2.1224906000,950,0.3492051888,53.9712890267,0.7882854343
2.1244695000,951,0.3492051888,53.9712890267,0.7882854343
2.1264415000,952,0.3492051888,53.9712890267,0.7882854343
2.1286245000,953,0.3492051888,53.9712890267,0.7882854343
2.1307257000,954,0.3492051888,53.9712890267,0.7882854343
2.1327021000,955,0.3492051888,53.9712890267,0.7882854343
2.1346636000,956,0.3492051888,53.9712890267,0.7882854343
2.1366629000,957,0.3492051888,53.9712890267,0.7882854343
2.1386531000,958,0.3492051888,53.9712890267,0.7882854343
2.1407044000,959,0.3492051888,53.9712890267,0.7882854343
2.1427640000,960,0.3492051888,53.9712890267,0.7882854343
2.1448249000,961,0.3492051888,53.9712890267,0.7882854343
2.1468346000,962,0.3492051888,53.9712890267,0.7882854343
2.1488928000,963,0.3492051888,53.9712890267,0.7882854343
2.1509819000,964,0.3492051888,53.9712890267,0.7882854343
2.1530268000,965,0.3492051888,53.9712890267,0.7882854343
2.1554764000,966,0.3492051888,53.9712890267,0.7882854343
2.1575376000,967,0.3492051888,53.9712890267,0.7882854343
2.1597193000,968,0.3492051888,53.9712890267,0.7882854343
2.1620269000,969,0.3492051888,53.9712890267,0.7882854343
2.1640576000,970,0.3492051888,53.9712890267,0.7882854343
2.1661267000,971,0.3492051888,53.9712890267,0.7882854343
2.1681661000,972,0.3492051888,53.9712890267,0.7882854343
2.1702062000,973,0.3492051888,53.9712890267,0.7882854343
2.1722222000,974,0.3492051888,53.9712890267,0.7882854343
2.1742585000,975,0.3492051888,53.9712890267,0.7882854343
2.1762920000,976,0.3492051888,53.9712890267,0.7882854343
2.1783806000,977,0.3492051888,53.9712890267,0.7882854343
2.1803634000,978,0.3492051888,53.9712890267,0.7882854343
2.1822850000,979,0.3492051888,53.9712890267,0.7882854343
2.1842345000,980,0.3492051888,53.9712890267,0.7882854343
2.1862044000,981,0.3492051888,53.9712890267,0.7882854343
2.1885765000,982,0.3492051888,53.9712890267,0.7882854343
2.1921946000,983,0.3492051888,53.9712890267,0.7882854343
2.1941549000,984,0.3492051888,53.9712890267,0.7882854343
2.1961189000,985,0.3492051888,53.9712890267,0.7882854343
2.1981552000,986,0.3492051888,53.9712890267,0.7882854343
2.2001925000,987,0.3492051888,53.9712890267,0.7882854343
2.2026489000,988,0.3492051888,53.9712890267,0.7882854343
2.2046755000,989,0.3492051888,53.9712890267,0.7882854343
2.2066975000,990,0.3492051888,53.9712890267,0.7882854343
2.2086951000,991,0.3492051888,53.9712890267,0.7882854343
2.2106595000,992,0.3492051888,53.9712890267,0.7882854343
2.2126500000,993,0.3492051888,53.9712890267,0.7882854343
2.2146453000,994,0.3492051888,53.9712890267,0.7882854343
2.2166198000,995,0.3491439178,53.9712890267,0.7873613013
2.2187638000,996,0.3491439178,53.9712890267,0.7873613013
2.2206345000,997,0.3491439178,53.9712890267,0.7873613013
2.2225157000,998,0.3491439178,53.9712890267,0.7873613013
2.2244599000,999,0.3491439178,53.9712890267,0.7873613013
2.2263859000,1000,0.3491439178,53.9712890267,0.7873613013
2.2289437000,1001,0.3491439178,53.9712890267,0.7873613013
2.2308692000,1002,0.3491439178,53.9712890267,0.7873613013
2.2327448000,1003,0.3491439178,53.9712890267,0.7873613013
2.2346907000,1004,0.3491439178,53.9712890267,0.7873613013
2.2370382000,1005,0.3491439178,53.9712890267,0.7873613013
2.2390795000,1006,0.3491439178,53.9712890267,0.7873613013
2.2412007000,1007,0.3491439178,53.9712890267,0.7873613013
2.2431768000,1008,0.3491439178,53.9712890267,0.7873613013
2.2451365000,1009,0.3491439178,53.9712890267,0.7873613013
2.2470937000,1010,0.3491439178,53.9712890267,0.7873613013
2.2493039000,1011,0.3491439178,53.9712890267,0.7873613013
2.2512878000,1012,0.3491439178,53.9712890267,0.7873613013
2.2533189000,1013,0.3491439178,53.9712890267,0.7873613013
2.2552469000,1014,0.3491439178,53.9712890267,0.7873613013
2.2573484000,1015,0.3491439178,53.9712890267,0.7873613013
2.2593859000,1016,0.3491439178,53.9712890267,0.7873613013
2.2613711000,1017,0.3491439178,53.9712890267,0.7873613013
2.2633773000,1018,0.3491439178,53.9712890267,0.7873613013
2.2655613000,1019,0.3491439178,53.9712890267,0.7873613013
2.2677878000,1020,0.3491439178,53.9712890267,0.7873613013
2.2698221000,1021,0.3491439178,53.9712890267,0.7873613013
2.2717903000,1022,0.3491439178,53.9712890267,0.7873613013
2.2737902000,1023,0.3491439178,53.9712890267,0.7873613013
2.2758108000,1024,0.3491439178,53.9712890267,0.7873613013
2.2779072000,1025,0.3491439178,53.9712890267,0.7873613013
2.2806798000,1026,0.3491439178,53.9712890267,0.7873613013
2.2829207000,1027,0.3491439178,53.9712890267,0.7873613013
2.2849660000,1028,0.3491439178,53.9712890267,0.7873613013
2.2872792000,1029,0.3491439178,53.9712890267,0.7873613013
2.2892553000,1030,0.3491439178,53.9712890267,0.7873613013
2.2912777000,1031,0.3491439178,53.9712890267,0.7873613013
2.2932778000,1032,0.3491439178,53.9712890267,0.7873613013
2.2952520000,1033,0.3491439178,53.9712890267,0.7873613013
2.2972686000,1034,0.3491439178,53.9712890267,0.7873613013
2.2992823000,1035,0.3491439178,53.9712890267,0.7873613013
2.3012894000,1036,0.3489192573,53.9712890267,0.7839728137
2.3031138000,1037,0.3489192573,53.9712890267,0.7839728137
2.3049982000,1038,0.3489192573,53.9712890267,0.7839728137
2.3068660000,1039,0.3489192573,53.9712890267,0.7839728137
2.3087538000,1040,0.3489192573,53.9712890267,0.7839728137
2.3106198000,1041,0.3489192573,53.9712890267,0.7839728137
2.3124957000,1042,0.3489192573,53.9712890267,0.7839728137
2.3143575000,1043,0.3489192573,53.9712890267,0.7839728137
2.3161978000,1044,0.3489192573,53.9712890267,0.7839728137
2.3180752000,1045,0.3489192573,53.9712890267,0.7839728137
2.3200045000,1046,0.3489192573,53.9712890267,0.7839728137
2.3219959000,1047,0.3489192573,53.9712890267,0.7839728137
2.3239521000,1048,0.3489192573,53.9712890267,0.7839728137
2.3259153000,1049,0.3489192573,53.9712890267,0.7839728137
2.3279198000,1050,0.3489192573,53.9712890267,0.7839728137
2.3300734000,1051,0.3489192573,53.9712890267,0.7839728137
2.3321305000,1052,0.3489192573,53.9712890267,0.7839728137
2.3340907000,1053,0.3489192573,53.9712890267,0.7839728137
2.3360833000,1054,0.3486741731,53.9712890267,0.7802762818
2.3379522000,1055,0.3486741731,53.9712890267,0.7802762818
2.3398832000,1056,0.3486741731,53.9712890267,0.7802762818
2.3417146000,1057,0.3486741731,53.9712890267,0.7802762818
2.3435363000,1058,0.3486741731,53.9712890267,0.7802762818
2.3454189000,1059,0.3486741731,53.9712890267,0.7802762818
2.3473178000,1060,0.3486741731,53.9712890267,0.7802762818
2.3495298000,1061,0.3486741731,53.9712890267,0.7802762818
2.3516855000,1062,0.3486741731,53.9712890267,0.7802762818
2.3536913000,1063,0.3486741731,53.9712890267,0.7802762818
2.3556102000,1064,0.3486741731,53.9712890267,0.7802762818
2.3575481000,1065,0.3486741731,53.9712890267,0.7802762818
2.3597955000,1066,0.3486741731,53.9712890267,0.7802762818
2.3619090000,1067,0.3486741731,53.9712890267,0.7802762818
2.3638993000,1068,0.3486741731,53.9712890267,0.7802762818
2.3658946000,1069,0.3486741731,53.9712890267,0.7802762818
2.3678510000,1070,0.3486741731,53.9712890267,0.7802762818
2.3698242000,1071,0.3486741731,53.9712890267,0.7802762818
2.3717863000,1072,0.3486741731,53.9712890267,0.7802762818
2.3737617000,1073,0.3486741731,53.9712890267,0.7802762818
2.3758001000,1074,0.3486741731,53.9712890267,0.7802762818
2.3781882000,1075,0.3484495126,53.9712890267,0.7768877942
2.3803881000,1076,0.3484495126,53.9712890267,0.7768877942
2.3824761000,1077,0.3484495126,53.9712890267,0.7768877942
2.3846640000,1078,0.3484495126,53.9712890267,0.7768877942
2.3866108000,1079,0.3484495126,53.9712890267,0.7768877942
2.3885014000,1080,0.3484495126,53.9712890267,0.7768877942
2.3904063000,1081,0.3484495126,53.9712890267,0.7768877942
2.3923217000,1082,0.3484495126,53.9712890267,0.7768877942
2.3942417000,1083,0.3484290889,53.9712890267,0.7765797499
2.3962257000,1084,0.3484290889,53.9712890267,0.7765797499
2.3981412000,1085,0.3484290889,53.9712890267,0.7765797499
2.4002930000,1086,0.3484290889,53.9712890267,0.7765797499
2.4022321000,1087,0.3484290889,53.9712890267,0.7765797499
2.4043450000,1088,0.3484290889,53.9712890267,0.7765797499
2.4064142000,1089,0.3484290889,53.9712890267,0.7765797499
2.4085643000,1090,0.3484290889,53.9712890267,0.7765797499
2.4106342000,1091,0.3484290889,53.9712890267,0.7765797499
2.4126092000,1092,0.3484290889,53.9712890267,0.7765797499
2.4145851000,1093,0.3484290889,53.9712890267,0.7765797499
2.4169971000,1094,0.3484290889,53.9712890267,0.7765797499
2.4192416000,1095,0.3484290889,53.9712890267,0.7765797499
2.4215207000,1096,0.3484290889,53.9712890267,0.7765797499
2.4237818000,1097,0.3484290889,53.9712890267,0.7765797499
2.4258521000,1098,0.3484290889,53.9712890267,0.7765797499
2.4279951000,1099,0.3484290889,53.9712890267,0.7765797499
2.4300728000,1100,0.3484290889,53.9712890267,0.7765797499
2.4322792000,1101,0.3484290889,53.9712890267,0.7765797499
2.4344810000,1102,0.3484290889,53.9712890267,0.7765797499
2.4366046000,1103,0.3482452758,53.9712890267,0.7738073509
2.4388256000,1104,0.3482452758,53.9712890267,0.7738073509
2.4408880000,1105,0.3482452758,53.9712890267,0.7738073509
2.4428628000,1106,0.3482452758,53.9712890267,0.7738073509
2.4448548000,1107,0.3482452758,53.9712890267,0.7738073509
2.4468752000,1108,0.3482452758,53.9712890267,0.7738073509
2.4488236000,1109,0.3482452758,53.9712890267,0.7738073509
2.4507956000,1110,0.3482044285,53.9712890267,0.7731912623
2.4527734000,1111,0.3482044285,53.9712890267,0.7731912623
2.4549314000,1112,0.3482044285,53.9712890267,0.7731912623
2.4571009000,1113,0.3482044285,53.9712890267,0.7731912623
2.4591558000,1114,0.3482044285,53.9712890267,0.7731912623
2.4611780000,1115,0.3482044285,53.9712890267,0.7731912623
2.4632443000,1116,0.3482044285,53.9712890267,0.7731912623
2.4656949000,1117,0.3482044285,53.9712890267,0.7731912623
2.4681757000,1118,0.3482044285,53.9712890267,0.7731912623
2.4703635000,1119,0.3482044285,53.9712890267,0.7731912623
2.4725361000,1120,0.3480001917,53.9712890267,0.7701108190
2.4746644000,1121,0.3480001917,53.9712890267,0.7701108190
2.4766279000,1122,0.3480001917,53.9712890267,0.7701108190
2.4789563000,1123,0.3480001917,53.9712890267,0.7701108190
2.4810058000,1124,0.3480001917,53.9712890267,0.7701108190
2.4831250000,1125,0.3480001917,53.9712890267,0.7701108190
2.4856687000,1126,0.3480001917,53.9712890267,0.7701108190
2.4889670000,1127,0.3480001917,53.9712890267,0.7701108190
2.4909485000,1128,0.3480001917,53.9712890267,0.7701108190
2.4928999000,1129,0.3480001917,53.9712890267,0.7701108190
2.4951746000,1130,0.3480001917,53.9712890267,0.7701108190
2.4973911000,1131,0.3480001917,53.9712890267,0.7701108190
2.4995254000,1132,0.3480001917,53.9712890267,0.7701108190
2.5017253000,1133,0.3480001917,53.9712890267,0.7701108190
2.5037689000,1134,0.3480001917,53.9712890267,0.7701108190
2.5058663000,1135,0.3480001917,53.9712890267,0.7701108190
2.5079140000,1136,0.3480001917,53.9712890267,0.7701108190
2.5099634000,1137,0.3480001917,53.9712890267,0.7701108190
2.5119972000,1138,0.3480001917,53.9712890267,0.7701108190
2.5140229000,1139,0.3480001917,53.9712890267,0.7701108190
2.5160712000,1140,0.3480001917,53.9712890267,0.7701108190
2.5186071000,1141,0.3477142601,53.9712890267,0.7657981984
2.5206507000,1142,0.3477142601,53.9712890267,0.7657981984
2.5229210000,1143,0.3477142601,53.9712890267,0.7657981984
2.5250077000,1144,0.3477142601,53.9712890267,0.7657981984
2.5269922000,1145,0.3477142601,53.9712890267,0.7657981984
2.5293211000,1146,0.3477142601,53.9712890267,0.7657981984
2.5314168000,1147,0.3477142601,53.9712890267,0.7657981984
2.5337423000,1148,0.3477142601,53.9712890267,0.7657981984
2.5358925000,1149,0.3477142601,53.9712890267,0.7657981984
2.5378267000,1150,0.3477142601,53.9712890267,0.7657981984
2.5398612000,1151,0.3477142601,53.9712890267,0.7657981984
2.5418425000,1152,0.3477142601,53.9712890267,0.7657981984
2.5438548000,1153,0.3477142601,53.9712890267,0.7657981984
2.5458641000,1154,0.3477142601,53.9712890267,0.7657981984
2.5480417000,1155,0.3477142601,53.9712890267,0.7657981984
2.5503158000,1156,0.3477142601,53.9712890267,0.7657981984
2.5526357000,1157,0.3477142601,53.9712890267,0.7657981984
2.5549615000,1158,0.3477142601,53.9712890267,0.7657981984
2.5570130000,1159,0.3477142601,53.9712890267,0.7657981984
2.5601748000,1160,0.3477142601,53.9712890267,0.7657981984
2.5623445000,1161,0.3477142601,53.9712890267,0.7657981984
2.5644321000,1162,0.3477142601,53.9712890267,0.7657981984
2.5667519000,1163,0.3477142601,53.9712890267,0.7657981984
2.5688206000,1164,0.3477142601,53.9712890267,0.7657981984
2.5708542000,1165,0.3477142601,53.9712890267,0.7657981984
2.5729923000,1166,0.3477142601,53.9712890267,0.7657981984
2.5750221000,1167,0.3477142601,53.9712890267,0.7657981984
2.5769790000,1168,0.3477142601,53.9712890267,0.7657981984
2.5789698000,1169,0.3477142601,53.9712890267,0.7657981984
2.5809746000,1170,0.3477142601,53.9712890267,0.7657981984
2.5831067000,1171,0.3477142601,53.9712890267,0.7657981984
2.5850672000,1172,0.3477142601,53.9712890267,0.7657981984
2.5870843000,1173,0.3477142601,53.9712890267,0.7657981984
2.5891060000,1174,0.3477142601,53.9712890267,0.7657981984
2.5910580000,1175,0.3477142601,53.9712890267,0.7657981984
2.5930498000,1176,0.3477142601,53.9712890267,0.7657981984
2.5950510000,1177,0.3477142601,53.9712890267,0.7657981984
2.5972117000,1178,0.3477142601,53.9712890267,0.7657981984
2.5992866000,1179,0.3477142601,53.9712890267,0.7657981984
2.6015025000,1180,0.3477142601,53.9712890267,0.7657981984
2.6037301000,1181,0.3477142601,53.9712890267,0.7657981984
2.6058881000,1182,0.3477142601,53.9712890267,0.7657981984
2.6079665000,1183,0.3477142601,53.9712890267,0.7657981984
2.6099476000,1184,0.3477142601,53.9712890267,0.7657981984
2.6119652000,1185,0.3477142601,53.9712890267,0.7657981984
2.6139798000,1186,0.3477142601,53.9712890267,0.7657981984
2.6160942000,1187,0.3477142601,53.9712890267,0.7657981984
2.6181299000,1188,0.3477142601,53.9712890267,0.7657981984
2.6201894000,1189,0.3477142601,53.9712890267,0.7657981984
2.6222669000,1190,0.3477142601,53.9712890267,0.7657981984
2.6243063000,1191,0.3477142601,53.9712890267,0.7657981984
2.6262722000,1192,0.3477142601,53.9712890267,0.7657981984
2.6284205000,1193,0.3477142601,53.9712890267,0.7657981984
2.6304995000,1194,0.3477142601,53.9712890267,0.7657981984
2.6325283000,1195,0.3477142601,53.9712890267,0.7657981984
2.6345065000,1196,0.3477142601,53.9712890267,0.7657981984
2.6366630000,1197,0.3477142601,53.9712890267,0.7657981984
2.6387029000,1198,0.3477142601,53.9712890267,0.7657981984
2.6407146000,1199,0.3477142601,53.9712890267,0.7657981984
2.6427189000,1200,0.3477142601,53.9712890267,0.7657981984
2.6450367000,1201,0.3477142601,53.9712890267,0.7657981984
2.6471724000,1202,0.3477142601,53.9712890267,0.7657981984
2.6491723000,1203,0.3477142601,53.9712890267,0.7657981984
2.6511707000,1204,0.3477142601,53.9712890267,0.7657981984
2.6531994000,1205,0.3477142601,53.9712890267,0.7657981984
2.6551931000,1206,0.3477142601,53.9712890267,0.7657981984
2.6571852000,1207,0.3477142601,53.9712890267,0.7657981984
2.6592258000,1208,0.3477142601,53.9712890267,0.7657981984
2.6611821000,1209,0.3477142601,53.9712890267,0.7657981984
2.6631436000,1210,0.3477142601,53.9712890267,0.7657981984
2.6650775000,1211,0.3477142601,53.9712890267,0.7657981984
2.6670637000,1212,0.3477142601,53.9712890267,0.7657981984
2.6691463000,1213,0.3477142601,53.9712890267,0.7657981984
2.6712662000,1214,0.3477142601,53.9712890267,0.7657981984
2.6734029000,1215,0.3477142601,53.9712890267,0.7657981984
2.6754359000,1216,0.3477142601,53.9712890267,0.7657981984
2.6774271000,1217,0.3477142601,53.9712890267,0.7657981984
2.6793802000,1218,0.3477142601,53.9712890267,0.7657981984
2.6813702000,1219,0.3477142601,53.9712890267,0.7657981984
2.6833914000,1220,0.3477142601,53.9712890267,0.7657981984
2.6853822000,1221,0.3477142601,53.9712890267,0.7657981984
2.6873900000,1222,0.3477142601,53.9712890267,0.7657981984
2.6893660000,1223,0.3477142601,53.9712890267,0.7657981984
2.6913490000,1224,0.3477142601,53.9712890267,0.7657981984
2.6933021000,1225,0.3477142601,53.9712890267,0.7657981984
2.6956064000,1226,0.3477142601,53.9712890267,0.7657981984
2.6979004000,1227,0.3477142601,53.9712890267,0.7657981984
2.6999181000,1228,0.3477142601,53.9712890267,0.7657981984
2.7018704000,1229,0.3477142601,53.9712890267,0.7657981984
2.7038701000,1230,0.3477142601,53.9712890267,0.7657981984
2.7058566000,1231,0.3477142601,53.9712890267,0.7657981984
2.7085323000,1232,0.3477142601,53.9712890267,0.7657981984
2.7106064000,1233,0.3477142601,53.9712890267,0.7657981984
2.7126527000,1234,0.3477142601,53.9712890267,0.7657981984
2.7146283000,1235,0.3477142601,53.9712890267,0.7657981984
2.7166557000,1236,0.3477142601,53.9712890267,0.7657981984
2.7186724000,1237,0.3477142601,53.9712890267,0.7657981984
2.7206443000,1238,0.3477142601,53.9712890267,0.7657981984
2.7226266000,1239,0.3477142601,53.9712890267,0.7657981984
2.7245872000,1240,0.3477142601,53.9712890267,0.7657981984
2.7265608000,1241,0.3477142601,53.9712890267,0.7657981984
2.7285415000,1242,0.3477142601,53.9712890267,0.7657981984
2.7304469000,1243,0.3477142601,53.9712890267,0.7657981984
2.7324273000,1244,0.3477142601,53.9712890267,0.7657981984
2.7343837000,1245,0.3477142601,53.9712890267,0.7657981984
2.7363765000,1246,0.3477142601,53.9712890267,0.7657981984
2.7383702000,1247,0.3476734128,53.9712890267,0.7651821098
2.7403045000,1248,0.3476734128,53.9712890267,0.7651821098
2.7422045000,1249,0.3476734128,53.9712890267,0.7651821098
2.7441342000,1250,0.3476734128,53.9712890267,0.7651821098
2.7460911000,1251,0.3476734128,53.9712890267,0.7651821098
2.7479849000,1252,0.3476734128,53.9712890267,0.7651821098
2.7498852000,1253,0.3476734128,53.9712890267,0.7651821098
2.7518319000,1254,0.3476734128,53.9712890267,0.7651821098
2.7537061000,1255,0.3476734128,53.9712890267,0.7651821098
2.7560981000,1256,0.3476734128,53.9712890267,0.7651821098
2.7583454000,1257,0.3476734128,53.9712890267,0.7651821098
2.7604600000,1258,0.3476734128,53.9712890267,0.7651821098
2.7635592000,1259,0.3476734128,53.9712890267,0.7651821098
2.7656464000,1260,0.3476734128,53.9712890267,0.7651821098
2.7677039000,1261,0.3476734128,53.9712890267,0.7651821098
2.7697712000,1262,0.3476734128,53.9712890267,0.7651821098
2.7722265000,1263,0.3476734128,53.9712890267,0.7651821098
2.7743220000,1264,0.3476734128,53.9712890267,0.7651821098
2.7764044000,1265,0.3476734128,53.9712890267,0.7651821098
2.7784332000,1266,0.3476734128,53.9712890267,0.7651821098
2.7805004000,1267,0.3476734128,53.9712890267,0.7651821098
2.7825756000,1268,0.3476734128,53.9712890267,0.7651821098
2.7846413000,1269,0.3476734128,53.9712890267,0.7651821098
2.7868758000,1270,0.3476734128,53.9712890267,0.7651821098
2.7889576000,1271,0.3476734128,53.9712890267,0.7651821098
2.7910607000,1272,0.3474079049,53.9712890267,0.7611775335
2.7929962000,1273,0.3474079049,53.9712890267,0.7611775335
2.7950768000,1274,0.3474079049,53.9712890267,0.7611775335
2.7973195000,1275,0.3474079049,53.9712890267,0.7611775335
2.7994405000,1276,0.3474079049,53.9712890267,0.7611775335
2.8014143000,1277,0.3474079049,53.9712890267,0.7611775335
2.8038356000,1278,0.3474079049,53.9712890267,0.7611775335
2.8058620000,1279,0.3474079049,53.9712890267,0.7611775335
2.8078303000,1280,0.3472036681,53.9712890267,0.7580970902
2.8097734000,1281,0.3472036681,53.9712890267,0.7580970902
2.8117421000,1282,0.3472036681,53.9712890267,0.7580970902
2.8137837000,1283,0.3472036681,53.9712890267,0.7580970902
2.8157837000,1284,0.3472036681,53.9712890267,0.7580970902
2.8178620000,1285,0.3472036681,53.9712890267,0.7580970902
2.8201822000,1286,0.3472036681,53.9712890267,0.7580970902
2.8222704000,1287,0.3472036681,53.9712890267,0.7580970902
2.8242920000,1288,0.3472036681,53.9712890267,0.7580970902
2.8262549000,1289,0.3472036681,53.9712890267,0.7580970902
2.8283667000,1290,0.3472036681,53.9712890267,0.7580970902
2.8306509000,1291,0.3472036681,53.9712890267,0.7580970902
2.8330088000,1292,0.3472036681,53.9712890267,0.7580970902
2.8353428000,1293,0.3472036681,53.9712890267,0.7580970902
2.8375382000,1294,0.3472036681,53.9712890267,0.7580970902
2.8398241000,1295,0.3472036681,53.9712890267,0.7580970902
2.8420696000,1296,0.3472036681,53.9712890267,0.7580970902
2.8457075000,1297,0.3472036681,53.9712890267,0.7580970902
2.8480136000,1298,0.3472036681,53.9712890267,0.7580970902
2.8501203000,1299,0.3472036681,53.9712890267,0.7580970902
2.8526594000,1300,0.3469790077,53.9712890267,0.7547086026
2.8547263000,1301,0.3469790077,53.9712890267,0.7547086026
2.8569589000,1302,0.3469790077,53.9712890267,0.7547086026
2.8590490000,1303,0.3469790077,53.9712890267,0.7547086026
2.8611853000,1304,0.3469790077,53.9712890267,0.7547086026
2.8634152000,1305,0.3469790077,53.9712890267,0.7547086026
2.8654149000,1306,0.3469790077,53.9712890267,0.7547086026
2.8675826000,1307,0.3469790077,53.9712890267,0.7547086026
2.8695616000,1308,0.3469790077,53.9712890267,0.7547086026
2.8714866000,1309,0.3469790077,53.9712890267,0.7547086026
2.8733861000,1310,0.3469790077,53.9712890267,0.7547086026
2.8755998000,1311,0.3469790077,53.9712890267,0.7547086026
2.8777757000,1312,0.3469790077,53.9712890267,0.7547086026
2.8797315000,1313,0.3469790077,53.9712890267,0.7547086026
2.8818891000,1314,0.3469790077,53.9712890267,0.7547086026
2.8841005000,1315,0.3469790077,53.9712890267,0.7547086026
2.8861731000,1316,0.3469790077,53.9712890267,0.7547086026
2.8880992000,1317,0.3469790077,53.9712890267,0.7547086026
2.8900781000,1318,0.3469790077,53.9712890267,0.7547086026
2.8921038000,1319,0.3469790077,53.9712890267,0.7547086026
2.8940909000,1320,0.3469790077,53.9712890267,0.7547086026
2.8960784000,1321,0.3469790077,53.9712890267,0.7547086026
2.8981188000,1322,0.3469790077,53.9712890267,0.7547086026
2.9001180000,1323,0.3469790077,53.9712890267,0.7547086026
2.9020819000,1324,0.3469790077,53.9712890267,0.7547086026
2.9049203000,1325,0.3469790077,53.9712890267,0.7547086026
2.9069741000,1326,0.3469790077,53.9712890267,0.7547086026
2.9091235000,1327,0.3469790077,53.9712890267,0.7547086026
2.9110750000,1328,0.3469790077,53.9712890267,0.7547086026
2.9133315000,1329,0.3469790077,53.9712890267,0.7547086026
2.9155227000,1330,0.3469790077,53.9712890267,0.7547086026
2.9176521000,1331,0.3469790077,53.9712890267,0.7547086026
2.9197140000,1332,0.3469790077,53.9712890267,0.7547086026
2.9216578000,1333,0.3469790077,53.9712890267,0.7547086026
2.9237366000,1334,0.3469790077,53.9712890267,0.7547086026
2.9259398000,1335,0.3469790077,53.9712890267,0.7547086026
2.9279927000,1336,0.3469790077,53.9712890267,0.7547086026
2.9300211000,1337,0.3469790077,53.9712890267,0.7547086026
2.9320379000,1338,0.3469790077,53.9712890267,0.7547086026
2.9340178000,1339,0.3469790077,53.9712890267,0.7547086026
2.9359916000,1340,0.3469790077,53.9712890267,0.7547086026
2.9379957000,1341,0.3469790077,53.9712890267,0.7547086026
2.9399334000,1342,0.3469790077,53.9712890267,0.7547086026
2.9418896000,1343,0.3469790077,53.9712890267,0.7547086026
2.9438651000,1344,0.3469790077,53.9712890267,0.7547086026
2.9467286000,1345,0.3469790077,53.9712890267,0.7547086026
2.9509870000,1346,0.3469790077,53.9712890267,0.7547086026
2.9559811000,1347,0.3469790077,53.9712890267,0.7547086026
2.9609488000,1348,0.3469790077,53.9712890267,0.7547086026
2.9653722000,1349,0.3469790077,53.9712890267,0.7547086026
2.9698686000,1350,0.3469790077,53.9712890267,0.7547086026
2.9748785000,1351,0.3469790077,53.9712890267,0.7547086026
2.9797705000,1352,0.3469790077,53.9712890267,0.7547086026
2.9847201000,1353,0.3469790077,53.9712890267,0.7547086026
2.9894932000,1354,0.3469790077,53.9712890267,0.7547086026
2.9942110000,1355,0.3469790077,53.9712890267,0.7547086026
2.9997566000,1356,0.3469790077,53.9712890267,0.7547086026
3.0061446000,1357,0.3469790077,53.9712890267,0.7547086026
3.0109434000,1358,0.3469790077,53.9712890267,0.7547086026
3.0155137000,1359,0.3469790077,53.9712890267,0.7547086026
3.0202549000,1360,0.3469790077,53.9712890267,0.7547086026
3.0251956000,1361,0.3469790077,53.9712890267,0.7547086026
3.0314458000,1362,0.3469790077,53.9712890267,0.7547086026
3.0368663000,1363,0.3469790077,53.9712890267,0.7547086026
3.0423537000,1364,0.3469790077,53.9712890267,0.7547086026
3.0473114000,1365,0.3469790077,53.9712890267,0.7547086026
3.0524793000,1366,0.3469790077,53.9712890267,0.7547086026
3.0576837000,1367,0.3469790077,53.9712890267,0.7547086026
3.0626083000,1368,0.3469790077,53.9712890267,0.7547086026
3.0673483000,1369,0.3467747709,53.9712890267,0.7516281593
3.0717630000,1370,0.3467747709,53.9712890267,0.7516281593
3.0760079000,1371,0.3467747709,53.9712890267,0.7516281593
3.0820584000,1372,0.3467747709,53.9712890267,0.7516281593
3.0877798000,1373,0.3467747709,53.9712890267,0.7516281593
3.0921139000,1374,0.3467747709,53.9712890267,0.7516281593
3.0974976000,1375,0.3467747709,53.9712890267,0.7516281593
3.1039369000,1376,0.3467747709,53.9712890267,0.7516281593
3.1094038000,1377,0.3467747709,53.9712890267,0.7516281593
3.1145054000,1378,0.3467747709,53.9712890267,0.7516281593
3.1188502000,1379,0.3467747709,53.9712890267,0.7516281593
3.1243277000,1380,0.3467747709,53.9712890267,0.7516281593
3.1299943000,1381,0.3467747709,53.9712890267,0.7516281593
3.1367181000,1382,0.3467747709,53.9712890267,0.7516281593
3.1412550000,1383,0.3467747709,53.9712890267,0.7516281593
3.1458520000,1384,0.3467747709,53.9712890267,0.7516281593
3.1503521000,1385,0.3467747709,53.9712890267,0.7516281593
3.1549556000,1386,0.3467747709,53.9712890267,0.7516281593
3.1608150000,1387,0.3467747709,53.9712890267,0.7516281593
3.1672098000,1388,0.3467747709,53.9712890267,0.7516281593
3.1717291000,1389,0.3467747709,53.9712890267,0.7516281593
3.1762045000,1390,0.3467747709,53.9712890267,0.7516281593
3.1807026000,1391,0.3467747709,53.9712890267,0.7516281593
3.1852710000,1392,0.3467747709,53.9712890267,0.7516281593
3.1898700000,1393,0.3467747709,53.9712890267,0.7516281593
3.1948298000,1394,0.3467747709,53.9712890267,0.7516281593
3.1986734000,1395,0.3467747709,53.9712890267,0.7516281593
3.2035938000,1396,0.3467747709,53.9712890267,0.7516281593
3.2083208000,1397,0.3467747709,53.9712890267,0.7516281593
3.2133676000,1398,0.3467747709,53.9712890267,0.7516281593
3.2178944000,1399,0.3467747709,53.9712890267,0.7516281593
3.2222961000,1400,0.3467747709,53.9712890267,0.7516281593
3.2269579000,1401,0.3467747709,53.9712890267,0.7516281593
3.2317016000,1402,0.3467747709,53.9712890267,0.7516281593
3.2371816000,1403,0.3467747709,53.9712890267,0.7516281593
3.2430166000,1404,0.3467747709,53.9712890267,0.7516281593
3.2483058000,1405,0.3467747709,53.9712890267,0.7516281593
3.2529393000,1406,0.3467747709,53.9712890267,0.7516281593
3.2574081000,1407,0.3467747709,53.9712890267,0.7516281593
3.2623506000,1408,0.3467747709,53.9712890267,0.7516281593
3.2678611000,1409,0.3467747709,53.9712890267,0.7516281593
3.2727403000,1410,0.3467747709,53.9712890267,0.7516281593
3.2773256000,1411,0.3467747709,53.9712890267,0.7516281593
3.2829269000,1412,0.3467747709,53.9712890267,0.7516281593
3.2879358000,1413,0.3467747709,53.9712890267,0.7516281593
3.2937114000,1414,0.3467747709,53.9712890267,0.7516281593
3.2984590000,1415,0.3467747709,53.9712890267,0.7516281593
3.3031088000,1416,0.3467747709,53.9712890267,0.7516281593
3.3088548000,1417,0.3467747709,53.9712890267,0.7516281593
3.3143261000,1418,0.3467747709,53.9712890267,0.7516281593
3.3191972000,1419,0.3467747709,53.9712890267,0.7516281593
3.3240089000,1420,0.3467747709,53.9712890267,0.7516281593
3.3294410000,1421,0.3467747709,53.9712890267,0.7516281593
3.3347343000,1422,0.3467747709,53.9712890267,0.7516281593
3.3398529000,1423,0.3467747709,53.9712890267,0.7516281593
3.3449920000,1424,0.3467747709,53.9712890267,0.7516281593
3.3499950000,1425,0.3467747709,53.9712890267,0.7516281593
3.3545335000,1426,0.3467747709,53.9712890267,0.7516281593
3.3591245000,1427,0.3467747709,53.9712890267,0.7516281593
3.3637620000,1428,0.3467747709,53.9712890267,0.7516281593
3.3691831000,1429,0.3467747709,53.9712890267,0.7516281593
3.3738518000,1430,0.3467747709,53.9712890267,0.7516281593
3.3782764000,1431,0.3467747709,53.9712890267,0.7516281593
3.3837007000,1432,0.3467747709,53.9712890267,0.7516281593
3.3892657000,1433,0.3465705341,53.9712890267,0.7485477161
3.3938086000,1434,0.3465705341,53.9712890267,0.7485477161
3.3987050000,1435,0.3465705341,53.9712890267,0.7485477161
3.4031880000,1436,0.3465705341,53.9712890267,0.7485477161
3.4078608000,1437,0.3465705341,53.9712890267,0.7485477161
3.4127758000,1438,0.3465705341,53.9712890267,0.7485477161
3.4173919000,1439,0.3465705341,53.9712890267,0.7485477161
3.4218039000,1440,0.3465705341,53.9712890267,0.7485477161
3.4263430000,1441,0.3465705341,53.9712890267,0.7485477161
3.4317079000,1442,0.3465705341,53.9712890267,0.7485477161
3.4364035000,1443,0.3465705341,53.9712890267,0.7485477161
3.4409733000,1444,0.3465705341,53.9712890267,0.7485477161
3.4455305000,1445,0.3465705341,53.9712890267,0.7485477161
3.4503498000,1446,0.3465705341,53.9712890267,0.7485477161
3.4552274000,1447,0.3465705341,53.9712890267,0.7485477161
3.4599686000,1448,0.3465705341,53.9712890267,0.7485477161
3.4654031000,1449,0.3465705341,53.9712890267,0.7485477161
3.4699861000,1450,0.3465705341,53.9712890267,0.7485477161
3.4748372000,1451,0.3465705341,53.9712890267,0.7485477161
3.4790323000,1452,0.3465705341,53.9712890267,0.7485477161
3.4842896000,1453,0.3465705341,53.9712890267,0.7485477161
3.4891469000,1454,0.3465705341,53.9712890267,0.7485477161
3.4937779000,1455,0.3465705341,53.9712890267,0.7485477161
3.4988437000,1456,0.3465705341,53.9712890267,0.7485477161
3.5032775000,1457,0.3465705341,53.9712890267,0.7485477161
3.5079413000,1458,0.3465705341,53.9712890267,0.7485477161
3.5127970000,1459,0.3465705341,53.9712890267,0.7485477161
3.5174683000,1460,0.3465705341,53.9712890267,0.7485477161
3.5228931000,1461,0.3465705341,53.9712890267,0.7485477161
3.5278662000,1462,0.3465705341,53.9712890267,0.7485477161
3.5331620000,1463,0.3465705341,53.9712890267,0.7485477161
3.5377712000,1464,0.3465705341,53.9712890267,0.7485477161
3.5439350000,1465,0.3465705341,53.9712890267,0.7485477161
3.5494088000,1466,0.3465705341,53.9712890267,0.7485477161
3.5540985000,1467,0.3465705341,53.9712890267,0.7485477161
3.5593693000,1468,0.3465705341,53.9712890267,0.7485477161
3.5647457000,1469,0.3465705341,53.9712890267,0.7485477161
3.5692514000,1470,0.3465705341,53.9712890267,0.7485477161
3.5745609000,1471,0.3465705341,53.9712890267,0.7485477161
3.5797889000,1472,0.3465705341,53.9712890267,0.7485477161
3.5848080000,1473,0.3465705341,53.9712890267,0.7485477161
3.5907270000,1474,0.3465705341,53.9712890267,0.7485477161
3.5965699000,1475,0.3465705341,53.9712890267,0.7485477161
3.6031367000,1476,0.3465705341,53.9712890267,0.7485477161
3.6087286000,1477,0.3465705341,53.9712890267,0.7485477161
3.6130086000,1478,0.3465705341,53.9712890267,0.7485477161
3.6178810000,1479,0.3465705341,53.9712890267,0.7485477161
3.6233978000,1480,0.3465705341,53.9712890267,0.7485477161
3.6280972000,1481,0.3465705341,53.9712890267,0.7485477161
3.6339775000,1482,0.3465705341,53.9712890267,0.7485477161
3.6390714000,1483,0.3465705341,53.9712890267,0.7485477161
3.6429641000,1484,0.3465705341,53.9712890267,0.7485477161
3.6487256000,1485,0.3465705341,53.9712890267,0.7485477161
3.6535450000,1486,0.3465705341,53.9712890267,0.7485477161
3.6585931000,1487,0.3465705341,53.9712890267,0.7485477161
3.6631262000,1488,0.3465705341,53.9712890267,0.7485477161
3.6682073000,1489,0.3465705341,53.9712890267,0.7485477161
3.6737977000,1490,0.3465705341,53.9712890267,0.7485477161
3.6784082000,1491,0.3465705341,53.9712890267,0.7485477161
3.6829502000,1492,0.3465705341,53.9712890267,0.7485477161
3.6877335000,1493,0.3465705341,53.9712890267,0.7485477161
3.6946738000,1494,0.3465705341,53.9712890267,0.7485477161
3.7003275000,1495,0.3465705341,53.9712890267,0.7485477161
3.7050161000,1496,0.3465705341,53.9712890267,0.7485477161
3.7096553000,1497,0.3465705341,53.9712890267,0.7485477161
3.7142095000,1498,0.3465705341,53.9712890267,0.7485477161
3.7186068000,1499,0.3465705341,53.9712890267,0.7485477161
3.7238760000,1500,0.3465705341,53.9712890267,0.7485477161
3.7289882000,1501,0.3465705341,53.9712890267,0.7485477161
3.7339114000,1502,0.3465705341,53.9712890267,0.7485477161
3.7391625000,1503,0.3465705341,53.9712890267,0.7485477161
3.7440279000,1504,0.3465705341,53.9712890267,0.7485477161
3.7491504000,1505,0.3465705341,53.9712890267,0.7485477161
3.7545664000,1506,0.3465705341,53.9712890267,0.7485477161
3.7582215000,1507,0.3465705341,53.9712890267,0.7485477161
3.7635886000,1508,0.3465705341,53.9712890267,0.7485477161
3.7689818000,1509,0.3465705341,53.9712890267,0.7485477161
3.7743290000,1510,0.3465705341,53.9712890267,0.7485477161
3.7793780000,1511,0.3465705341,53.9712890267,0.7485477161
3.7837882000,1512,0.3465705341,53.9712890267,0.7485477161
3.7890617000,1513,0.3465705341,53.9712890267,0.7485477161
3.7935480000,1514,0.3465705341,53.9712890267,0.7485477161
3.7986946000,1515,0.3465705341,53.9712890267,0.7485477161
3.8033904000,1516,0.3465705341,53.9712890267,0.7485477161
3.8092317000,1517,0.3465705341,53.9712890267,0.7485477161
3.8145217000,1518,0.3465705341,53.9712890267,0.7485477161
3.8189388000,1519,0.3465705341,53.9712890267,0.7485477161
3.8242631000,1520,0.3465705341,53.9712890267,0.7485477161
3.8287908000,1521,0.3465705341,53.9712890267,0.7485477161
3.8339173000,1522,0.3465705341,53.9712890267,0.7485477161
3.8380246000,1523,0.3465705341,53.9712890267,0.7485477161
3.8429803000,1524,0.3465705341,53.9712890267,0.7485477161
3.8464313000,1525,0.3465705341,53.9712890267,0.7485477161
3.8502511000,1526,0.3465705341,53.9712890267,0.7485477161
3.8549685000,1527,0.3465705341,53.9712890267,0.7485477161
3.8590216000,1528,0.3465705341,53.9712890267,0.7485477161
3.8636922000,1529,0.3465705341,53.9712890267,0.7485477161
3.8700508000,1530,0.3465705341,53.9712890267,0.7485477161
3.8761726000,1531,0.3463662973,53.9712890267,0.7454672728
3.8797489000,1532,0.3463662973,53.9712890267,0.7454672728
3.8848395000,1533,0.3463662973,53.9712890267,0.7454672728
3.8896795000,1534,0.3463662973,53.9712890267,0.7454672728
3.8958858000,1535,0.3463662973,53.9712890267,0.7454672728
3.9005869000,1536,0.3463662973,53.9712890267,0.7454672728
3.9053333000,1537,0.3463662973,53.9712890267,0.7454672728
3.9105126000,1538,0.3463662973,53.9712890267,0.7454672728
3.9152482000,1539,0.3463662973,53.9712890267,0.7454672728
3.9196043000,1540,0.3463662973,53.9712890267,0.7454672728
3.9239522000,1541,0.3463662973,53.9712890267,0.7454672728
3.9286662000,1542,0.3463662973,53.9712890267,0.7454672728
3.9332287000,1543,0.3463662973,53.9712890267,0.7454672728
3.9377199000,1544,0.3463662973,53.9712890267,0.7454672728
3.9422807000,1545,0.3463662973,53.9712890267,0.7454672728
3.9467937000,1546,0.3463662973,53.9712890267,0.7454672728
3.9513091000,1547,0.3463662973,53.9712890267,0.7454672728
3.9559681000,1548,0.3463662973,53.9712890267,0.7454672728
3.9604813000,1549,0.3463662973,53.9712890267,0.7454672728
3.9649638000,1550,0.3463662973,53.9712890267,0.7454672728
3.9697163000,1551,0.3463662973,53.9712890267,0.7454672728
3.9745187000,1552,0.3463662973,53.9712890267,0.7454672728
3.9794487000,1553,0.3463662973,53.9712890267,0.7454672728
3.9843865000,1554,0.3463662973,53.9712890267,0.7454672728
3.9901251000,1555,0.3463662973,53.9712890267,0.7454672728
3.9950933000,1556,0.3463662973,53.9712890267,0.7454672728
4.0003283000,1557,0.3463662973,53.9712890267,0.7454672728
4.0051143000,1558,0.3463662973,53.9712890267,0.7454672728
4.0100403000,1559,0.3463662973,53.9712890267,0.7454672728
4.0154926000,1560,0.3463662973,53.9712890267,0.7454672728
4.0206051000,1561,0.3463662973,53.9712890267,0.7454672728
4.0257005000,1562,0.3463662973,53.9712890267,0.7454672728
4.0304617000,1563,0.3463662973,53.9712890267,0.7454672728
4.0352618000,1564,0.3463662973,53.9712890267,0.7454672728
4.0408681000,1565,0.3463662973,53.9712890267,0.7454672728
4.0454121000,1566,0.3463662973,53.9712890267,0.7454672728
4.0503947000,1567,0.3463662973,53.9712890267,0.7454672728
4.0553132000,1568,0.3463662973,53.9712890267,0.7454672728
4.0596730000,1569,0.3463662973,53.9712890267,0.7454672728
4.0653385000,1570,0.3463662973,53.9712890267,0.7454672728
4.0705706000,1571,0.3463662973,53.9712890267,0.7454672728
4.0758144000,1572,0.3463662973,53.9712890267,0.7454672728
4.0808533000,1573,0.3463662973,53.9712890267,0.7454672728
4.0861719000,1574,0.3463662973,53.9712890267,0.7454672728
4.0912352000,1575,0.3463662973,53.9712890267,0.7454672728
4.0959725000,1576,0.3463662973,53.9712890267,0.7454672728
4.1014206000,1577,0.3463662973,53.9712890267,0.7454672728
4.1071448000,1578,0.3463662973,53.9712890267,0.7454672728
4.1122223000,1579,0.3463662973,53.9712890267,0.7454672728
4.1170336000,1580,0.3463662973,53.9712890267,0.7454672728
4.1216125000,1581,0.3463662973,53.9712890267,0.7454672728
4.1263331000,1582,0.3463662973,53.9712890267,0.7454672728
4.1304239000,1583,0.3463662973,53.9712890267,0.7454672728
4.1358655000,1584,0.3463662973,53.9712890267,0.7454672728
4.1403808000,1585,0.3463662973,53.9712890267,0.7454672728
4.1448969000,1586,0.3463662973,53.9712890267,0.7454672728
4.1494310000,1587,0.3463662973,53.9712890267,0.7454672728
4.1539050000,1588,0.3463662973,53.9712890267,0.7454672728
4.1583593000,1589,0.3463662973,53.9712890267,0.7454672728
4.1625107000,1590,0.3463662973,53.9712890267,0.7454672728
4.1670438000,1591,0.3463662973,53.9712890267,0.7454672728
4.1716784000,1592,0.3463662973,53.9712890267,0.7454672728
4.1760820000,1593,0.3463662973,53.9712890267,0.7454672728
4.1805995000,1594,0.3463662973,53.9712890267,0.7454672728
4.1849774000,1595,0.3463662973,53.9712890267,0.7454672728
4.1893881000,1596,0.3463662973,53.9712890267,0.7454672728
4.1938387000,1597,0.3463662973,53.9712890267,0.7454672728
4.1983277000,1598,0.3463662973,53.9712890267,0.7454672728
4.2027732000,1599,0.3463662973,53.9712890267,0.7454672728
4.2073512000,1600,0.3461620605,53.9712890267,0.7423868295
4.2117711000,1601,0.3461620605,53.9712890267,0.7423868295
4.2160530000,1602,0.3461620605,53.9712890267,0.7423868295
4.2204322000,1603,0.3461620605,53.9712890267,0.7423868295
4.2257633000,1604,0.3461620605,53.9712890267,0.7423868295
4.2306315000,1605,0.3461620605,53.9712890267,0.7423868295
4.2357400000,1606,0.3461620605,53.9712890267,0.7423868295
4.2405466000,1607,0.3461620605,53.9712890267,0.7423868295
4.2448864000,1608,0.3461620605,53.9712890267,0.7423868295
4.2491268000,1609,0.3461620605,53.9712890267,0.7423868295
4.2543094000,1610,0.3461620605,53.9712890267,0.7423868295
4.2596677000,1611,0.3461620605,53.9712890267,0.7423868295
4.2654558000,1612,0.3461620605,53.9712890267,0.7423868295
4.2712082000,1613,0.3461620605,53.9712890267,0.7423868295
4.2763146000,1614,0.3461620605,53.9712890267,0.7423868295
4.2808574000,1615,0.3461620605,53.9712890267,0.7423868295
4.2852611000,1616,0.3461620605,53.9712890267,0.7423868295
4.2900517000,1617,0.3461620605,53.9712890267,0.7423868295
4.2954096000,1618,0.3461620605,53.9712890267,0.7423868295
4.3005458000,1619,0.3461620605,53.9712890267,0.7423868295
4.3051656000,1620,0.3461620605,53.9712890267,0.7423868295
4.3116492000,1621,0.3461620605,53.9712890267,0.7423868295
4.3170796000,1622,0.3461620605,53.9712890267,0.7423868295
4.3226781000,1623,0.3461620605,53.9712890267,0.7423868295
4.3284972000,1624,0.3461620605,53.9712890267,0.7423868295
4.3330689000,1625,0.3461620605,53.9712890267,0.7423868295
4.3386365000,1626,0.3461620605,53.9712890267,0.7423868295
4.3438470000,1627,0.3461620605,53.9712890267,0.7423868295
4.3482911000,1628,0.3461620605,53.9712890267,0.7423868295
4.3530418000,1629,0.3461620605,53.9712890267,0.7423868295
4.3578368000,1630,0.3461620605,53.9712890267,0.7423868295
4.3623236000,1631,0.3461620605,53.9712890267,0.7423868295
4.3669514000,1632,0.3461620605,53.9712890267,0.7423868295
4.3715615000,1633,0.3461620605,53.9712890267,0.7423868295
4.3757655000,1634,0.3461620605,53.9712890267,0.7423868295
4.3797430000,1635,0.3461620605,53.9712890267,0.7423868295
4.3833482000,1636,0.3461620605,53.9712890267,0.7423868295
4.3875919000,1637,0.3461620605,53.9712890267,0.7423868295
4.3928751000,1638,0.3461620605,53.9712890267,0.7423868295
4.3964349000,1639,0.3461620605,53.9712890267,0.7423868295
4.4003619000,1640,0.3461620605,53.9712890267,0.7423868295
4.4056233000,1641,0.3461620605,53.9712890267,0.7423868295
4.4091804000,1642,0.3461620605,53.9712890267,0.7423868295
4.4143138000,1643,0.3461620605,53.9712890267,0.7423868295
4.4186483000,1644,0.3461620605,53.9712890267,0.7423868295
4.4237606000,1645,0.3461620605,53.9712890267,0.7423868295
4.4285130000,1646,0.3461620605,53.9712890267,0.7423868295
4.4331234000,1647,0.3461620605,53.9712890267,0.7423868295
4.4374874000,1648,0.3461620605,53.9712890267,0.7423868295
4.4429646000,1649,0.3461620605,53.9712890267,0.7423868295
4.4478645000,1650,0.3461620605,53.9712890267,0.7423868295
4.4542738000,1651,0.3461620605,53.9712890267,0.7423868295
4.4585583000,1652,0.3461620605,53.9712890267,0.7423868295
4.4640901000,1653,0.3461620605,53.9712890267,0.7423868295
4.4690401000,1654,0.3461620605,53.9712890267,0.7423868295
4.4744674000,1655,0.3461620605,53.9712890267,0.7423868295
4.4797693000,1656,0.3461620605,53.9712890267,0.7423868295
4.4846640000,1657,0.3461620605,53.9712890267,0.7423868295
4.4900913000,1658,0.3461620605,53.9712890267,0.7423868295
4.4951282000,1659,0.3461620605,53.9712890267,0.7423868295
4.4994551000,1660,0.3461620605,53.9712890267,0.7423868295
4.5048130000,1661,0.3461620605,53.9712890267,0.7423868295
4.5114935000,1662,0.3461620605,53.9712890267,0.7423868295
4.5160734000,1663,0.3461620605,53.9712890267,0.7423868295
4.5201179000,1664,0.3461620605,53.9712890267,0.7423868295
4.5240088000,1665,0.3461620605,53.9712890267,0.7423868295
4.5298387000,1666,0.3461620605,53.9712890267,0.7423868295
4.5339530000,1667,0.3461620605,53.9712890267,0.7423868295
4.5383592000,1668,0.3461620605,53.9712890267,0.7423868295
4.5432553000,1669,0.3461620605,53.9712890267,0.7423868295
4.5480998000,1670,0.3461620605,53.9712890267,0.7423868295
4.5524973000,1671,0.3461620605,53.9712890267,0.7423868295
4.5570518000,1672,0.3461620605,53.9712890267,0.7423868295
4.5617319000,1673,0.3461620605,53.9712890267,0.7423868295
4.5666300000,1674,0.3461416368,53.9712890267,0.7420787852
4.5717386000,1675,0.3459374000,53.9712890267,0.7389983419
4.5764576000,1676,0.3459374000,53.9712890267,0.7389983419
4.5810164000,1677,0.3459374000,53.9712890267,0.7389983419
4.5854311000,1678,0.3459374000,53.9712890267,0.7389983419
4.5898547000,1679,0.3459374000,53.9712890267,0.7389983419
4.5941908000,1680,0.3457331632,53.9712890267,0.7359178986
4.5986175000,1681,0.3457331632,53.9712890267,0.7359178986
4.6030525000,1682,0.3457331632,53.9712890267,0.7359178986
4.6075333000,1683,0.3457331632,53.9712890267,0.7359178986
4.6119930000,1684,0.3457331632,53.9712890267,0.7359178986
4.6165290000,1685,0.3457331632,53.9712890267,0.7359178986
4.6211963000,1686,0.3457331632,53.9712890267,0.7359178986
4.6257526000,1687,0.3457331632,53.9712890267,0.7359178986
4.6302789000,1688,0.3457331632,53.9712890267,0.7359178986
4.6348480000,1689,0.3457331632,53.9712890267,0.7359178986
4.6394058000,1690,0.3457331632,53.9712890267,0.7359178986
4.6441265000,1691,0.3457331632,53.9712890267,0.7359178986
4.6487316000,1692,0.3457331632,53.9712890267,0.7359178986
4.6539163000,1693,0.3457331632,53.9712890267,0.7359178986
4.6596527000,1694,0.3457331632,53.9712890267,0.7359178986
4.6651423000,1695,0.3457331632,53.9712890267,0.7359178986
4.6716293000,1696,0.3457331632,53.9712890267,0.7359178986
4.6776087000,1697,0.3457331632,53.9712890267,0.7359178986
4.6823137000,1698,0.3457331632,53.9712890267,0.7359178986
4.6864722000,1699,0.3457331632,53.9712890267,0.7359178986
4.6911413000,1700,0.3457331632,53.9712890267,0.7359178986
4.6961367000,1701,0.3457331632,53.9712890267,0.7359178986
4.7022099000,1702,0.3457331632,53.9712890267,0.7359178986
4.7071710000,1703,0.3457331632,53.9712890267,0.7359178986
4.7128014000,1704,0.3457331632,53.9712890267,0.7359178986
4.7175689000,1705,0.3457331632,53.9712890267,0.7359178986
4.7228975000,1706,0.3457331632,53.9712890267,0.7359178986
4.7295147000,1707,0.3457331632,53.9712890267,0.7359178986
4.7350516000,1708,0.3457331632,53.9712890267,0.7359178986
4.7406471000,1709,0.3457331632,53.9712890267,0.7359178986
4.7460533000,1710,0.3457127395,53.9712890267,0.7356098543
4.7513812000,1711,0.3457127395,53.9712890267,0.7356098543
4.7568573000,1712,0.3457127395,53.9712890267,0.7356098543
4.7620470000,1713,0.3456514685,53.9712890267,0.7346857213
4.7671955000,1714,0.3456310448,53.9712890267,0.7343776770
4.7720542000,1715,0.3456310448,53.9712890267,0.7343776770
4.7770987000,1716,0.3456310448,53.9712890267,0.7343776770
4.7817746000,1717,0.3456310448,53.9712890267,0.7343776770
4.7865549000,1718,0.3456310448,53.9712890267,0.7343776770
4.7912610000,1719,0.3454472317,53.9712890267,0.7316052780
4.7954061000,1720,0.3454472317,53.9712890267,0.7316052780
4.8008030000,1721,0.3454472317,53.9712890267,0.7316052780
4.8057592000,1722,0.3454472317,53.9712890267,0.7316052780
4.8109159000,1723,0.3454472317,53.9712890267,0.7316052780
4.8159082000,1724,0.3454472317,53.9712890267,0.7316052780
4.8201371000,1725,0.3454472317,53.9712890267,0.7316052780
4.8253126000,1726,0.3454472317,53.9712890267,0.7316052780
4.8299362000,1727,0.3454472317,53.9712890267,0.7316052780
4.8347135000,1728,0.3454472317,53.9712890267,0.7316052780
4.8394149000,1729,0.3454472317,53.9712890267,0.7316052780
4.8448928000,1730,0.3454472317,53.9712890267,0.7316052780
4.8496402000,1731,0.3454472317,53.9712890267,0.7316052780
4.8544579000,1732,0.3454063843,53.9712890267,0.7309891894
4.8592311000,1733,0.3452021475,53.9712890267,0.7279087461
4.8642599000,1734,0.3452021475,53.9712890267,0.7279087461
4.8689769000,1735,0.3452021475,53.9712890267,0.7279087461
4.8740858000,1736,0.3452021475,53.9712890267,0.7279087461
4.8789668000,1737,0.3452021475,53.9712890267,0.7279087461
4.8837729000,1738,0.3452021475,53.9712890267,0.7279087461
4.8885097000,1739,0.3452021475,53.9712890267,0.7279087461
4.8939841000,1740,0.3452021475,53.9712890267,0.7279087461
4.8984242000,1741,0.3452021475,53.9712890267,0.7279087461
4.9030812000,1742,0.3452021475,53.9712890267,0.7279087461
4.9077859000,1743,0.3452021475,53.9712890267,0.7279087461
4.9123778000,1744,0.3452021475,53.9712890267,0.7279087461
4.9169033000,1745,0.3452021475,53.9712890267,0.7279087461
4.9215519000,1746,0.3452021475,53.9712890267,0.7279087461
4.9262102000,1747,0.3452021475,53.9712890267,0.7279087461
4.9323848000,1748,0.3452021475,53.9712890267,0.7279087461
4.9373659000,1749,0.3452021475,53.9712890267,0.7279087461
4.9429534000,1750,0.3452021475,53.9712890267,0.7279087461
4.9483300000,1751,0.3452021475,53.9712890267,0.7279087461
4.9531649000,1752,0.3452021475,53.9712890267,0.7279087461
4.9581189000,1753,0.3452021475,53.9712890267,0.7279087461
4.9647779000,1754,0.3452021475,53.9712890267,0.7279087461
4.9709701000,1755,0.3452021475,53.9712890267,0.7279087461
4.9757974000,1756,0.3452021475,53.9712890267,0.7279087461
4.9803270000,1757,0.3452021475,53.9712890267,0.7279087461
4.9849526000,1758,0.3452021475,53.9712890267,0.7279087461
4.9898609000,1759,0.3452021475,53.9712890267,0.7279087461
4.9947215000,1760,0.3452021475,53.9712890267,0.7279087461
5.0009088000,1761,0.3452021475,53.9712890267,0.7279087461
5.0051286000,1762,0.3452021475,53.9712890267,0.7279087461
5.0103677000,1763,0.3452021475,53.9712890267,0.7279087461
5.0176109000,1764,0.3452021475,53.9712890267,0.7279087461
5.0225021000,1765,0.3452021475,53.9712890267,0.7279087461
5.0289051000,1766,0.3452021475,53.9712890267,0.7279087461
5.0347638000,1767,0.3452021475,53.9712890267,0.7279087461
5.0410467000,1768,0.3452021475,53.9712890267,0.7279087461
5.0458844000,1769,0.3452021475,53.9712890267,0.7279087461
5.0514977000,1770,0.3452021475,53.9712890267,0.7279087461
5.0564798000,1771,0.3452021475,53.9712890267,0.7279087461
5.0614492000,1772,0.3452021475,53.9712890267,0.7279087461
5.0665442000,1773,0.3452021475,53.9712890267,0.7279087461
5.0726731000,1774,0.3452021475,53.9712890267,0.7279087461
5.0789847000,1775,0.3451817238,53.9712890267,0.7276007018
5.0842684000,1776,0.3451817238,53.9712890267,0.7276007018
5.0900797000,1777,0.3451817238,53.9712890267,0.7276007018
5.0958293000,1778,0.3451817238,53.9712890267,0.7276007018
5.1015795000,1779,0.3451817238,53.9712890267,0.7276007018
5.1072280000,1780,0.3451817238,53.9712890267,0.7276007018
5.1127333000,1781,0.3451817238,53.9712890267,0.7276007018
5.1178935000,1782,0.3451817238,53.9712890267,0.7276007018
5.1236204000,1783,0.3451817238,53.9712890267,0.7276007018
5.1285592000,1784,0.3451817238,53.9712890267,0.7276007018
5.1333344000,1785,0.3451817238,53.9712890267,0.7276007018
5.1378144000,1786,0.3451817238,53.9712890267,0.7276007018
5.1439201000,1787,0.3451817238,53.9712890267,0.7276007018
5.1493129000,1788,0.3451817238,53.9712890267,0.7276007018
5.1550663000,1789,0.3451817238,53.9712890267,0.7276007018
5.1610138000,1790,0.3451817238,53.9712890267,0.7276007018
5.1656262000,1791,0.3451817238,53.9712890267,0.7276007018
5.1713789000,1792,0.3451817238,53.9712890267,0.7276007018
5.1757802000,1793,0.3451817238,53.9712890267,0.7276007018
5.1807583000,1794,0.3451817238,53.9712890267,0.7276007018
5.1856818000,1795,0.3451817238,53.9712890267,0.7276007018
5.1907127000,1796,0.3451817238,53.9712890267,0.7276007018
5.1957629000,1797,0.3451817238,53.9712890267,0.7276007018
5.2008479000,1798,0.3451817238,53.9712890267,0.7276007018
5.2060100000,1799,0.3451817238,53.9712890267,0.7276007018
5.2114911000,1800,0.3451817238,53.9712890267,0.7276007018
5.2169185000,1801,0.3451817238,53.9712890267,0.7276007018
5.2211411000,1802,0.3451817238,53.9712890267,0.7276007018
5.2262619000,1803,0.3451817238,53.9712890267,0.7276007018
5.2308008000,1804,0.3451817238,53.9712890267,0.7276007018
5.2360125000,1805,0.3451817238,53.9712890267,0.7276007018
5.2408357000,1806,0.3451817238,53.9712890267,0.7276007018
5.2459411000,1807,0.3451817238,53.9712890267,0.7276007018
5.2509869000,1808,0.3451817238,53.9712890267,0.7276007018
5.2560506000,1809,0.3451817238,53.9712890267,0.7276007018
5.2612117000,1810,0.3451817238,53.9712890267,0.7276007018
5.2659192000,1811,0.3451817238,53.9712890267,0.7276007018
5.2706929000,1812,0.3451817238,53.9712890267,0.7276007018
5.2753627000,1813,0.3451817238,53.9712890267,0.7276007018
5.2804548000,1814,0.3451817238,53.9712890267,0.7276007018
5.2852990000,1815,0.3451817238,53.9712890267,0.7276007018
5.2897154000,1816,0.3451817238,53.9712890267,0.7276007018
5.2941803000,1817,0.3451817238,53.9712890267,0.7276007018
5.2983712000,1818,0.3451817238,53.9712890267,0.7276007018
5.3029682000,1819,0.3451817238,53.9712890267,0.7276007018
5.3078596000,1820,0.3451817238,53.9712890267,0.7276007018
5.3127588000,1821,0.3451817238,53.9712890267,0.7276007018
5.3176467000,1822,0.3451817238,53.9712890267,0.7276007018
5.3221141000,1823,0.3451817238,53.9712890267,0.7276007018
5.3264151000,1824,0.3451817238,53.9712890267,0.7276007018
5.3308722000,1825,0.3451817238,53.9712890267,0.7276007018
5.3353523000,1826,0.3451817238,53.9712890267,0.7276007018
5.3398985000,1827,0.3451817238,53.9712890267,0.7276007018
5.3444075000,1828,0.3451817238,53.9712890267,0.7276007018
5.3494889000,1829,0.3451817238,53.9712890267,0.7276007018
5.3543745000,1830,0.3451817238,53.9712890267,0.7276007018
5.3591710000,1831,0.3451817238,53.9712890267,0.7276007018
5.3638925000,1832,0.3451817238,53.9712890267,0.7276007018
5.3693751000,1833,0.3451817238,53.9712890267,0.7276007018
5.3748113000,1834,0.3451817238,53.9712890267,0.7276007018
5.3793324000,1835,0.3451817238,53.9712890267,0.7276007018
5.3842486000,1836,0.3451817238,53.9712890267,0.7276007018
5.3895434000,1837,0.3451817238,53.9712890267,0.7276007018
5.3940054000,1838,0.3451817238,53.9712890267,0.7276007018
5.3989243000,1839,0.3451817238,53.9712890267,0.7276007018
5.4030341000,1840,0.3451817238,53.9712890267,0.7276007018
5.4082699000,1841,0.3451817238,53.9712890267,0.7276007018
5.4125088000,1842,0.3451817238,53.9712890267,0.7276007018
5.4174180000,1843,0.3451817238,53.9712890267,0.7276007018
5.4223167000,1844,0.3451817238,53.9712890267,0.7276007018
5.4270210000,1845,0.3451817238,53.9712890267,0.7276007018
5.4314718000,1846,0.3451817238,53.9712890267,0.7276007018
5.4350769000,1847,0.3451817238,53.9712890267,0.7276007018
5.4399967000,1848,0.3451817238,53.9712890267,0.7276007018
5.4442327000,1849,0.3451817238,53.9712890267,0.7276007018
5.4486594000,1850,0.3451817238,53.9712890267,0.7276007018
5.4526685000,1851,0.3451817238,53.9712890267,0.7276007018
5.4567586000,1852,0.3451817238,53.9712890267,0.7276007018
5.4612297000,1853,0.3451817238,53.9712890267,0.7276007018
5.4662155000,1854,0.3451817238,53.9712890267,0.7276007018
5.4711120000,1855,0.3451817238,53.9712890267,0.7276007018
5.4759275000,1856,0.3451817238,53.9712890267,0.7276007018
5.4803164000,1857,0.3451817238,53.9712890267,0.7276007018
5.4851745000,1858,0.3451817238,53.9712890267,0.7276007018
5.4895488000,1859,0.3451817238,53.9712890267,0.7276007018
5.4944473000,1860,0.3451817238,53.9712890267,0.7276007018
5.4989110000,1861,0.3451817238,53.9712890267,0.7276007018
5.5037011000,1862,0.3451817238,53.9712890267,0.7276007018
5.5079215000,1863,0.3451817238,53.9712890267,0.7276007018
5.5125186000,1864,0.3451817238,53.9712890267,0.7276007018
5.5178091000,1865,0.3451817238,53.9712890267,0.7276007018
5.5227261000,1866,0.3451817238,53.9712890267,0.7276007018
5.5275285000,1867,0.3451817238,53.9712890267,0.7276007018
5.5320816000,1868,0.3451817238,53.9712890267,0.7276007018
5.5363878000,1869,0.3451817238,53.9712890267,0.7276007018
5.5406578000,1870,0.3451817238,53.9712890267,0.7276007018
5.5458645000,1871,0.3451817238,53.9712890267,0.7276007018
5.5501686000,1872,0.3451817238,53.9712890267,0.7276007018
5.5544071000,1873,0.3451817238,53.9712890267,0.7276007018
5.5592940000,1874,0.3451817238,53.9712890267,0.7276007018
5.5641936000,1875,0.3451817238,53.9712890267,0.7276007018
5.5690214000,1876,0.3451817238,53.9712890267,0.7276007018
5.5731756000,1877,0.3451817238,53.9712890267,0.7276007018
5.5782041000,1878,0.3451817238,53.9712890267,0.7276007018
5.5831218000,1879,0.3451817238,53.9712890267,0.7276007018
5.5875269000,1880,0.3451817238,53.9712890267,0.7276007018
5.5918119000,1881,0.3451817238,53.9712890267,0.7276007018
5.5969050000,1882,0.3451817238,53.9712890267,0.7276007018
5.6014470000,1883,0.3451817238,53.9712890267,0.7276007018
5.6065786000,1884,0.3451817238,53.9712890267,0.7276007018
5.6111955000,1885,0.3451817238,53.9712890267,0.7276007018
5.6154732000,1886,0.3451817238,53.9712890267,0.7276007018
5.6214120000,1887,0.3451817238,53.9712890267,0.7276007018
5.6264887000,1888,0.3451817238,53.9712890267,0.7276007018
5.6317640000,1889,0.3451817238,53.9712890267,0.7276007018
5.6368059000,1890,0.3451817238,53.9712890267,0.7276007018
5.6405960000,1891,0.3451817238,53.9712890267,0.7276007018
5.6454691000,1892,0.3451817238,53.9712890267,0.7276007018
5.6512188000,1893,0.3451817238,53.9712890267,0.7276007018
5.6561953000,1894,0.3451817238,53.9712890267,0.7276007018
5.6602200000,1895,0.3451817238,53.9712890267,0.7276007018
5.6650415000,1896,0.3451817238,53.9712890267,0.7276007018
5.6700608000,1897,0.3451817238,53.9712890267,0.7276007018
5.6748983000,1898,0.3451817238,53.9712890267,0.7276007018
5.6793480000,1899,0.3451817238,53.9712890267,0.7276007018
5.6851743000,1900,0.3451817238,53.9712890267,0.7276007018
5.6890583000,1901,0.3451817238,53.9712890267,0.7276007018
5.6931261000,1902,0.3451817238,53.9712890267,0.7276007018
5.6969234000,1903,0.3451817238,53.9712890267,0.7276007018
5.7013791000,1904,0.3451817238,53.9712890267,0.7276007018
5.7055886000,1905,0.3451817238,53.9712890267,0.7276007018
5.7098843000,1906,0.3451817238,53.9712890267,0.7276007018
5.7146910000,1907,0.3451817238,53.9712890267,0.7276007018
5.7196396000,1908,0.3451817238,53.9712890267,0.7276007018
5.7239165000,1909,0.3451817238,53.9712890267,0.7276007018
5.7280886000,1910,0.3451817238,53.9712890267,0.7276007018
5.7326394000,1911,0.3451817238,53.9712890267,0.7276007018
5.7377727000,1912,0.3451817238,53.9712890267,0.7276007018
5.7423720000,1913,0.3451817238,53.9712890267,0.7276007018
5.7479021000,1914,0.3451817238,53.9712890267,0.7276007018
5.7527941000,1915,0.3451817238,53.9712890267,0.7276007018
5.7573136000,1916,0.3451817238,53.9712890267,0.7276007018
5.7615380000,1917,0.3451817238,53.9712890267,0.7276007018
5.7663141000,1918,0.3449774870,53.9712890267,0.7245202585
5.7705515000,1919,0.3449774870,53.9712890267,0.7245202585
5.7747940000,1920,0.3449774870,53.9712890267,0.7245202585
5.7784943000,1921,0.3449774870,53.9712890267,0.7245202585
5.7829819000,1922,0.3449774870,53.9712890267,0.7245202585
5.7883519000,1923,0.3449774870,53.9712890267,0.7245202585
5.7941023000,1924,0.3449774870,53.9712890267,0.7245202585
5.7986270000,1925,0.3449774870,53.9712890267,0.7245202585
5.8026157000,1926,0.3449774870,53.9712890267,0.7245202585
5.8058467000,1927,0.3449774870,53.9712890267,0.7245202585
5.8091397000,1928,0.3449774870,53.9712890267,0.7245202585
5.8133103000,1929,0.3449774870,53.9712890267,0.7245202585
5.8181923000,1930,0.3449774870,53.9712890267,0.7245202585
5.8253179000,1931,0.3449774870,53.9712890267,0.7245202585
5.8297187000,1932,0.3449774870,53.9712890267,0.7245202585
5.8345516000,1933,0.3449774870,53.9712890267,0.7245202585
5.8386069000,1934,0.3449774870,53.9712890267,0.7245202585
5.8433807000,1935,0.3449774870,53.9712890267,0.7245202585
5.8475738000,1936,0.3449774870,53.9712890267,0.7245202585
5.8518868000,1937,0.3449774870,53.9712890267,0.7245202585
5.8564960000,1938,0.3449774870,53.9712890267,0.7245202585
5.8596449000,1939,0.3449774870,53.9712890267,0.7245202585
5.8644468000,1940,0.3449774870,53.9712890267,0.7245202585
5.8686400000,1941,0.3449774870,53.9712890267,0.7245202585
5.8728391000,1942,0.3449774870,53.9712890267,0.7245202585
5.8762787000,1943,0.3449774870,53.9712890267,0.7245202585
5.8806915000,1944,0.3449774870,53.9712890267,0.7245202585
5.8860643000,1945,0.3449774870,53.9712890267,0.7245202585
5.8912398000,1946,0.3449774870,53.9712890267,0.7245202585
5.8944057000,1947,0.3449774870,53.9712890267,0.7245202585
5.8990687000,1948,0.3449774870,53.9712890267,0.7245202585
5.9036766000,1949,0.3449774870,53.9712890267,0.7245202585
5.9073265000,1950,0.3449774870,53.9712890267,0.7245202585
5.9121558000,1951,0.3449774870,53.9712890267,0.7245202585
5.9152585000,1952,0.3449774870,53.9712890267,0.7245202585
5.9198378000,1953,0.3447324029,53.9712890267,0.7208237266
5.9229979000,1954,0.3447324029,53.9712890267,0.7208237266
5.9280288000,1955,0.3447324029,53.9712890267,0.7208237266
5.9325209000,1956,0.3447324029,53.9712890267,0.7208237266
5.9368218000,1957,0.3447324029,53.9712890267,0.7208237266
5.9411257000,1958,0.3447324029,53.9712890267,0.7208237266
5.9454714000,1959,0.3447324029,53.9712890267,0.7208237266
5.9505759000,1960,0.3447324029,53.9712890267,0.7208237266
5.9564445000,1961,0.3447324029,53.9712890267,0.7208237266
5.9615045000,1962,0.3447324029,53.9712890267,0.7208237266
5.9667340000,1963,0.3447324029,53.9712890267,0.7208237266
5.9719348000,1964,0.3447324029,53.9712890267,0.7208237266
5.9772204000,1965,0.3447324029,53.9712890267,0.7208237266
5.9844753000,1966,0.3447324029,53.9712890267,0.7208237266
5.9906224000,1967,0.3447324029,53.9712890267,0.7208237266
5.9953775000,1968,0.3447324029,53.9712890267,0.7208237266
5.9981596000,1969,0.3447324029,53.9712890267,0.7208237266
6.0009225000,1970,0.3447324029,53.9712890267,0.7208237266
6.0038198000,1971,0.3447324029,53.9712890267,0.7208237266
6.0066011000,1972,0.3447324029,53.9712890267,0.7208237266
6.0092868000,1973,0.3447324029,53.9712890267,0.7208237266
6.0120742000,1974,0.3447324029,53.9712890267,0.7208237266
6.0148367000,1975,0.3447324029,53.9712890267,0.7208237266
6.0174949000,1976,0.3447324029,53.9712890267,0.7208237266
6.0201561000,1977,0.3447324029,53.9712890267,0.7208237266
6.0228299000,1978,0.3447324029,53.9712890267,0.7208237266
6.0253804000,1979,0.3447324029,53.9712890267,0.7208237266
6.0280868000,1980,0.3447324029,53.9712890267,0.7208237266
6.0306138000,1981,0.3447324029,53.9712890267,0.7208237266
6.0331901000,1982,0.3447324029,53.9712890267,0.7208237266
6.0357723000,1983,0.3447324029,53.9712890267,0.7208237266
6.0383964000,1984,0.3447324029,53.9712890267,0.7208237266
6.0409661000,1985,0.3447324029,53.9712890267,0.7208237266
6.0434980000,1986,0.3447324029,53.9712890267,0.7208237266
6.0460801000,1987,0.3447324029,53.9712890267,0.7208237266
6.0487969000,1988,0.3447324029,53.9712890267,0.7208237266
6.0513742000,1989,0.3447324029,53.9712890267,0.7208237266
6.0540858000,1990,0.3447324029,53.9712890267,0.7208237266
6.0568246000,1991,0.3447324029,53.9712890267,0.7208237266
6.0594410000,1992,0.3447324029,53.9712890267,0.7208237266
6.0619867000,1993,0.3447119792,53.9712890267,0.7205156823
6.0644581000,1994,0.3447119792,53.9712890267,0.7205156823
6.0669113000,1995,0.3447119792,53.9712890267,0.7205156823
6.0693836000,1996,0.3447119792,53.9712890267,0.7205156823
6.0718593000,1997,0.3447119792,53.9712890267,0.7205156823
6.0743458000,1998,0.3447119792,53.9712890267,0.7205156823
6.0767798000,1999,0.3447119792,53.9712890267,0.7205156823
6.0792508000,2000,0.3447119792,53.9712890267,0.7205156823
6.0817518000,2001,0.3447119792,53.9712890267,0.7205156823
6.0842503000,2002,0.3447119792,53.9712890267,0.7205156823
6.0868463000,2003,0.3447119792,53.9712890267,0.7205156823
6.0894475000,2004,0.3447119792,53.9712890267,0.7205156823
6.0919977000,2005,0.3447119792,53.9712890267,0.7205156823
6.0945956000,2006,0.3447119792,53.9712890267,0.7205156823
6.0972900000,2007,0.3447119792,53.9712890267,0.7205156823
6.0998885000,2008,0.3447119792,53.9712890267,0.7205156823
6.1024866000,2009,0.3447119792,53.9712890267,0.7205156823
6.1050448000,2010,0.3447119792,53.9712890267,0.7205156823
6.1078759000,2011,0.3447119792,53.9712890267,0.7205156823
6.1110326000,2012,0.3447119792,53.9712890267,0.7205156823
6.1165408000,2013,0.3447119792,53.9712890267,0.7205156823
6.1222358000,2014,0.3447119792,53.9712890267,0.7205156823
6.1277673000,2015,0.3447119792,53.9712890267,0.7205156823
6.1319525000,2016,0.3447119792,53.9712890267,0.7205156823
6.1388531000,2017,0.3447119792,53.9712890267,0.7205156823
6.1456713000,2018,0.3447119792,53.9712890267,0.7205156823
6.1515789000,2019,0.3447119792,53.9712890267,0.7205156823
6.1558643000,2020,0.3447119792,53.9712890267,0.7205156823
6.1623245000,2021,0.3447119792,53.9712890267,0.7205156823
6.1690123000,2022,0.3447119792,53.9712890267,0.7205156823
6.1743813000,2023,0.3447119792,53.9712890267,0.7205156823
6.1808206000,2024,0.3447119792,53.9712890267,0.7205156823
6.1858385000,2025,0.3447119792,53.9712890267,0.7205156823
6.1906564000,2026,0.3447119792,53.9712890267,0.7205156823
6.1964124000,2027,0.3447119792,53.9712890267,0.7205156823
6.2018456000,2028,0.3447119792,53.9712890267,0.7205156823
6.2069478000,2029,0.3447119792,53.9712890267,0.7205156823
6.2126104000,2030,0.3447119792,53.9712890267,0.7205156823
6.2176788000,2031,0.3447119792,53.9712890267,0.7205156823
6.2233523000,2032,0.3447119792,53.9712890267,0.7205156823
6.2282985000,2033,0.3447119792,53.9712890267,0.7205156823
6.2334326000,2034,0.3447119792,53.9712890267,0.7205156823
6.2373000000,2035,0.3447119792,53.9712890267,0.7205156823
6.2416990000,2036,0.3447119792,53.9712890267,0.7205156823
6.2476910000,2037,0.3447119792,53.9712890267,0.7205156823
6.2520379000,2038,0.3447119792,53.9712890267,0.7205156823
6.2567490000,2039,0.3447119792,53.9712890267,0.7205156823
6.2605375000,2040,0.3447119792,53.9712890267,0.7205156823
6.2652657000,2041,0.3447119792,53.9712890267,0.7205156823
6.2714808000,2042,0.3447119792,53.9712890267,0.7205156823
6.2774763000,2043,0.3447119792,53.9712890267,0.7205156823
6.2818100000,2044,0.3447119792,53.9712890267,0.7205156823
6.2871488000,2045,0.3447119792,53.9712890267,0.7205156823
6.2922405000,2046,0.3447119792,53.9712890267,0.7205156823
6.2970544000,2047,0.3447119792,53.9712890267,0.7205156823
6.3033189000,2048,0.3447119792,53.9712890267,0.7205156823
6.3089880000,2049,0.3447119792,53.9712890267,0.7205156823
6.3145251000,2050,0.3447119792,53.9712890267,0.7205156823
6.3186862000,2051,0.3447119792,53.9712890267,0.7205156823
6.3228801000,2052,0.3447119792,53.9712890267,0.7205156823
6.3276427000,2053,0.3447119792,53.9712890267,0.7205156823
6.3334005000,2054,0.3447119792,53.9712890267,0.7205156823
6.3387140000,2055,0.3447119792,53.9712890267,0.7205156823
6.3441798000,2056,0.3447119792,53.9712890267,0.7205156823
6.3499284000,2057,0.3447119792,53.9712890267,0.7205156823
6.3551304000,2058,0.3447119792,53.9712890267,0.7205156823
6.3611622000,2059,0.3447119792,53.9712890267,0.7205156823
6.3667272000,2060,0.3447119792,53.9712890267,0.7205156823
6.3719610000,2061,0.3447119792,53.9712890267,0.7205156823
6.3773691000,2062,0.3447119792,53.9712890267,0.7205156823
6.3826107000,2063,0.3447119792,53.9712890267,0.7205156823
6.3880872000,2064,0.3447119792,53.9712890267,0.7205156823
6.3939863000,2065,0.3447119792,53.9712890267,0.7205156823
6.3997972000,2066,0.3447119792,53.9712890267,0.7205156823
6.4057943000,2067,0.3447119792,53.9712890267,0.7205156823
6.4115284000,2068,0.3447119792,53.9712890267,0.7205156823
6.4168243000,2069,0.3447119792,53.9712890267,0.7205156823
6.4217741000,2070,0.3447119792,53.9712890267,0.7205156823
6.4279138000,2071,0.3447119792,53.9712890267,0.7205156823
6.4334710000,2072,0.3447119792,53.9712890267,0.7205156823
6.4393613000,2073,0.3447119792,53.9712890267,0.7205156823
6.4449631000,2074,0.3447119792,53.9712890267,0.7205156823
6.4506215000,2075,0.3447119792,53.9712890267,0.7205156823
6.4549422000,2076,0.3447119792,53.9712890267,0.7205156823
6.4593527000,2077,0.3447119792,53.9712890267,0.7205156823
6.4639979000,2078,0.3447119792,53.9712890267,0.7205156823
6.4693173000,2079,0.3447119792,53.9712890267,0.7205156823
6.4738639000,2080,0.3447119792,53.9712890267,0.7205156823
6.4781039000,2081,0.3447119792,53.9712890267,0.7205156823
6.4827183000,2082,0.3447119792,53.9712890267,0.7205156823
6.4877659000,2083,0.3447119792,53.9712890267,0.7205156823
6.4927584000,2084,0.3447119792,53.9712890267,0.7205156823
6.4974783000,2085,0.3447119792,53.9712890267,0.7205156823
6.5028003000,2086,0.3447119792,53.9712890267,0.7205156823
6.5069495000,2087,0.3447119792,53.9712890267,0.7205156823
6.5119272000,2088,0.3447119792,53.9712890267,0.7205156823
6.5160768000,2089,0.3447119792,53.9712890267,0.7205156823
6.5199794000,2090,0.3447119792,53.9712890267,0.7205156823
6.5253713000,2091,0.3447119792,53.9712890267,0.7205156823
6.5285398000,2092,0.3447119792,53.9712890267,0.7205156823
6.5325302000,2093,0.3447119792,53.9712890267,0.7205156823
6.5372105000,2094,0.3447119792,53.9712890267,0.7205156823
6.5412288000,2095,0.3447119792,53.9712890267,0.7205156823
6.5464858000,2096,0.3447119792,53.9712890267,0.7205156823
6.5514618000,2097,0.3447119792,53.9712890267,0.7205156823
6.5575506000,2098,0.3447119792,53.9712890267,0.7205156823
6.5623039000,2099,0.3447119792,53.9712890267,0.7205156823
6.5673074000,2100,0.3447119792,53.9712890267,0.7205156823
6.5719783000,2101,0.3446507081,53.9712890267,0.7195915493
6.5755414000,2102,0.3446507081,53.9712890267,0.7195915493
6.5791454000,2103,0.3446507081,53.9712890267,0.7195915493
6.5839993000,2104,0.3446507081,53.9712890267,0.7195915493
6.5887454000,2105,0.3446507081,53.9712890267,0.7195915493
6.5936135000,2106,0.3446507081,53.9712890267,0.7195915493
6.5983346000,2107,0.3446507081,53.9712890267,0.7195915493
6.6033597000,2108,0.3446507081,53.9712890267,0.7195915493
6.6085413000,2109,0.3446507081,53.9712890267,0.7195915493
6.6135113000,2110,0.3446507081,53.9712890267,0.7195915493
6.6181088000,2111,0.3446507081,53.9712890267,0.7195915493
6.6221297000,2112,0.3446507081,53.9712890267,0.7195915493
6.6269321000,2113,0.3446507081,53.9712890267,0.7195915493
6.6317502000,2114,0.3446507081,53.9712890267,0.7195915493
6.6361104000,2115,0.3446507081,53.9712890267,0.7195915493
6.6404022000,2116,0.3446507081,53.9712890267,0.7195915493
6.6452072000,2117,0.3446507081,53.9712890267,0.7195915493
6.6504930000,2118,0.3446507081,53.9712890267,0.7195915493
6.6541995000,2119,0.3446507081,53.9712890267,0.7195915493
6.6600003000,2120,0.3446507081,53.9712890267,0.7195915493
6.6649992000,2121,0.3446507081,53.9712890267,0.7195915493
6.6702094000,2122,0.3446507081,53.9712890267,0.7195915493
6.6753762000,2123,0.3446507081,53.9712890267,0.7195915493
6.6800630000,2124,0.3446507081,53.9712890267,0.7195915493
6.6850754000,2125,0.3446507081,53.9712890267,0.7195915493
6.6904259000,2126,0.3446507081,53.9712890267,0.7195915493
6.6952325000,2127,0.3446507081,53.9712890267,0.7195915493
6.7001168000,2128,0.3446507081,53.9712890267,0.7195915493
6.7053432000,2129,0.3446507081,53.9712890267,0.7195915493
6.7106634000,2130,0.3446507081,53.9712890267,0.7195915493
6.7158611000,2131,0.3446507081,53.9712890267,0.7195915493
6.7206581000,2132,0.3446507081,53.9712890267,0.7195915493
6.7257991000,2133,0.3446507081,53.9712890267,0.7195915493
6.7305776000,2134,0.3446507081,53.9712890267,0.7195915493
6.7349685000,2135,0.3446507081,53.9712890267,0.7195915493
6.7402270000,2136,0.3446507081,53.9712890267,0.7195915493
6.7444988000,2137,0.3446507081,53.9712890267,0.7195915493
6.7495028000,2138,0.3446507081,53.9712890267,0.7195915493
6.7541205000,2139,0.3446507081,53.9712890267,0.7195915493
6.7589277000,2140,0.3446507081,53.9712890267,0.7195915493
6.7640414000,2141,0.3446507081,53.9712890267,0.7195915493
6.7689455000,2142,0.3446507081,53.9712890267,0.7195915493
6.7737813000,2143,0.3446507081,53.9712890267,0.7195915493
6.7790182000,2144,0.3446507081,53.9712890267,0.7195915493
6.7842075000,2145,0.3446507081,53.9712890267,0.7195915493
6.7892878000,2146,0.3446507081,53.9712890267,0.7195915493
6.7948023000,2147,0.3446507081,53.9712890267,0.7195915493
6.7996793000,2148,0.3446507081,53.9712890267,0.7195915493
6.8039184000,2149,0.3446507081,53.9712890267,0.7195915493
6.8079663000,2150,0.3446507081,53.9712890267,0.7195915493
6.8125586000,2151,0.3446507081,53.9712890267,0.7195915493
6.8177328000,2152,0.3446507081,53.9712890267,0.7195915493
6.8233999000,2153,0.3444464713,53.9712890267,0.7165111060
6.8275979000,2154,0.3444464713,53.9712890267,0.7165111060
6.8323864000,2155,0.3444464713,53.9712890267,0.7165111060
6.8371259000,2156,0.3444464713,53.9712890267,0.7165111060
6.8419603000,2157,0.3444464713,53.9712890267,0.7165111060
6.8470344000,2158,0.3444464713,53.9712890267,0.7165111060
6.8515892000,2159,0.3444464713,53.9712890267,0.7165111060
6.8559453000,2160,0.3444464713,53.9712890267,0.7165111060
6.8608774000,2161,0.3444464713,53.9712890267,0.7165111060
6.8663430000,2162,0.3444464713,53.9712890267,0.7165111060
6.8710487000,2163,0.3444464713,53.9712890267,0.7165111060
6.8761650000,2164,0.3444464713,53.9712890267,0.7165111060
6.8810637000,2165,0.3444464713,53.9712890267,0.7165111060
6.8859979000,2166,0.3444464713,53.9712890267,0.7165111060
6.8909097000,2167,0.3444464713,53.9712890267,0.7165111060
6.8957990000,2168,0.3444464713,53.9712890267,0.7165111060
6.9014778000,2169,0.3444464713,53.9712890267,0.7165111060
6.9060808000,2170,0.3444464713,53.9712890267,0.7165111060
6.9121907000,2171,0.3444464713,53.9712890267,0.7165111060
6.9172041000,2172,0.3444464713,53.9712890267,0.7165111060
6.9206909000,2173,0.3444464713,53.9712890267,0.7165111060
6.9244193000,2174,0.3444464713,53.9712890267,0.7165111060
6.9279977000,2175,0.3444464713,53.9712890267,0.7165111060
6.9315284000,2176,0.3444464713,53.9712890267,0.7165111060
6.9354829000,2177,0.3444464713,53.9712890267,0.7165111060
6.9387665000,2178,0.3444464713,53.9712890267,0.7165111060
6.9418544000,2179,0.3444464713,53.9712890267,0.7165111060
6.9461532000,2180,0.3444464713,53.9712890267,0.7165111060
6.9503651000,2181,0.3444464713,53.9712890267,0.7165111060
6.9555233000,2182,0.3444464713,53.9712890267,0.7165111060
6.9587440000,2183,0.3444464713,53.9712890267,0.7165111060
6.9650569000,2184,0.3444464713,53.9712890267,0.7165111060
6.9698562000,2185,0.3444464713,53.9712890267,0.7165111060
6.9746390000,2186,0.3444464713,53.9712890267,0.7165111060
6.9793344000,2187,0.3444464713,53.9712890267,0.7165111060
6.9844066000,2188,0.3444464713,53.9712890267,0.7165111060
6.9911457000,2189,0.3444464713,53.9712890267,0.7165111060
6.9965413000,2190,0.3444464713,53.9712890267,0.7165111060
7.0017190000,2191,0.3444464713,53.9712890267,0.7165111060
7.0085071000,2192,0.3444464713,53.9712890267,0.7165111060
7.0138486000,2193,0.3444464713,53.9712890267,0.7165111060
7.0195262000,2194,0.3444464713,53.9712890267,0.7165111060
7.0242668000,2195,0.3444464713,53.9712890267,0.7165111060
7.0292248000,2196,0.3444464713,53.9712890267,0.7165111060
7.0346423000,2197,0.3444464713,53.9712890267,0.7165111060
7.0411443000,2198,0.3444464713,53.9712890267,0.7165111060
7.0467019000,2199,0.3444464713,53.9712890267,0.7165111060
7.0519897000,2200,0.3444464713,53.9712890267,0.7165111060
7.0574895000,2201,0.3444464713,53.9712890267,0.7165111060
7.0616599000,2202,0.3443647766,53.9712890267,0.7152789287
7.0665607000,2203,0.3443647766,53.9712890267,0.7152789287
7.0715292000,2204,0.3441401161,53.9712890267,0.7118904411
7.0768347000,2205,0.3441401161,53.9712890267,0.7118904411
7.0824225000,2206,0.3441401161,53.9712890267,0.7118904411
7.0871388000,2207,0.3441401161,53.9712890267,0.7118904411
7.0915678000,2208,0.3441401161,53.9712890267,0.7118904411
7.0972035000,2209,0.3441401161,53.9712890267,0.7118904411
7.1025642000,2210,0.3441401161,53.9712890267,0.7118904411
7.1062977000,2211,0.3441401161,53.9712890267,0.7118904411
7.1115002000,2212,0.3441401161,53.9712890267,0.7118904411
7.1164518000,2213,0.3441401161,53.9712890267,0.7118904411
7.1210836000,2214,0.3441401161,53.9712890267,0.7118904411
7.1255361000,2215,0.3441401161,53.9712890267,0.7118904411
7.1306713000,2216,0.3441401161,53.9712890267,0.7118904411
7.1362503000,2217,0.3441401161,53.9712890267,0.7118904411
7.1407580000,2218,0.3441401161,53.9712890267,0.7118904411
7.1478192000,2219,0.3441401161,53.9712890267,0.7118904411
7.1533249000,2220,0.3441401161,53.9712890267,0.7118904411
7.1584968000,2221,0.3441401161,53.9712890267,0.7118904411
7.1648988000,2222,0.3441401161,53.9712890267,0.7118904411
7.1692745000,2223,0.3441401161,53.9712890267,0.7118904411
7.1749450000,2224,0.3441401161,53.9712890267,0.7118904411
7.1817586000,2225,0.3441401161,53.9712890267,0.7118904411
7.1876020000,2226,0.3441401161,53.9712890267,0.7118904411
7.1930210000,2227,0.3441401161,53.9712890267,0.7118904411
7.1992525000,2228,0.3441401161,53.9712890267,0.7118904411
7.2049492000,2229,0.3441401161,53.9712890267,0.7118904411
7.2109211000,2230,0.3441401161,53.9712890267,0.7118904411
7.2161975000,2231,0.3441401161,53.9712890267,0.7118904411
7.2219438000,2232,0.3441401161,53.9712890267,0.7118904411
7.2270849000,2233,0.3441401161,53.9712890267,0.7118904411
7.2315845000,2234,0.3441401161,53.9712890267,0.7118904411
7.2345986000,2235,0.3441401161,53.9712890267,0.7118904411
7.2390853000,2236,0.3441401161,53.9712890267,0.7118904411
7.2432537000,2237,0.3441401161,53.9712890267,0.7118904411
7.2483859000,2238,0.3441401161,53.9712890267,0.7118904411
7.2517549000,2239,0.3441401161,53.9712890267,0.7118904411
7.2563034000,2240,0.3441401161,53.9712890267,0.7118904411
7.2612432000,2241,0.3441401161,53.9712890267,0.7118904411
7.2663987000,2242,0.3441401161,53.9712890267,0.7118904411
7.2721423000,2243,0.3441401161,53.9712890267,0.7118904411
7.2776542000,2244,0.3441401161,53.9712890267,0.7118904411
7.2822626000,2245,0.3441401161,53.9712890267,0.7118904411
7.2874465000,2246,0.3441401161,53.9712890267,0.7118904411
7.2929935000,2247,0.3441401161,53.9712890267,0.7118904411
7.2982942000,2248,0.3441401161,53.9712890267,0.7118904411
7.3043294000,2249,0.3441401161,53.9712890267,0.7118904411
7.3096335000,2250,0.3441401161,53.9712890267,0.7118904411
7.3163833000,2251,0.3441401161,53.9712890267,0.7118904411
7.3226542000,2252,0.3441401161,53.9712890267,0.7118904411
7.3279389000,2253,0.3441401161,53.9712890267,0.7118904411
7.3336196000,2254,0.3441401161,53.9712890267,0.7118904411
7.3394074000,2255,0.3441401161,53.9712890267,0.7118904411
7.3453667000,2256,0.3441401161,53.9712890267,0.7118904411
7.3524640000,2257,0.3441401161,53.9712890267,0.7118904411
7.3583725000,2258,0.3441401161,53.9712890267,0.7118904411
7.3650760000,2259,0.3441401161,53.9712890267,0.7118904411
7.3708744000,2260,0.3441401161,53.9712890267,0.7118904411
7.3765536000,2261,0.3441401161,53.9712890267,0.7118904411
7.3820463000,2262,0.3441401161,53.9712890267,0.7118904411
7.3868433000,2263,0.3441401161,53.9712890267,0.7118904411
7.3923976000,2264,0.3441401161,53.9712890267,0.7118904411
7.3977586000,2265,0.3441401161,53.9712890267,0.7118904411
7.4029108000,2266,0.3441401161,53.9712890267,0.7118904411
7.4072039000,2267,0.3441401161,53.9712890267,0.7118904411
7.4123577000,2268,0.3441401161,53.9712890267,0.7118904411
7.4166759000,2269,0.3441401161,53.9712890267,0.7118904411
7.4224743000,2270,0.3441401161,53.9712890267,0.7118904411
7.4276763000,2271,0.3441401161,53.9712890267,0.7118904411
7.4332350000,2272,0.3441401161,53.9712890267,0.7118904411
7.4381644000,2273,0.3441401161,53.9712890267,0.7118904411
7.4434640000,2274,0.3441401161,53.9712890267,0.7118904411
7.4488679000,2275,0.3441401161,53.9712890267,0.7118904411
7.4541764000,2276,0.3441401161,53.9712890267,0.7118904411
7.4592671000,2277,0.3441401161,53.9712890267,0.7118904411
7.4639960000,2278,0.3441401161,53.9712890267,0.7118904411
7.4684231000,2279,0.3441401161,53.9712890267,0.7118904411
7.4731967000,2280,0.3441401161,53.9712890267,0.7118904411
7.4783054000,2281,0.3441401161,53.9712890267,0.7118904411
7.4829926000,2282,0.3441401161,53.9712890267,0.7118904411
7.4881083000,2283,0.3441401161,53.9712890267,0.7118904411
7.4934330000,2284,0.3441401161,53.9712890267,0.7118904411
7.4982861000,2285,0.3441401161,53.9712890267,0.7118904411
7.5030719000,2286,0.3441401161,53.9712890267,0.7118904411
7.5076059000,2287,0.3441401161,53.9712890267,0.7118904411
7.5126917000,2288,0.3441401161,53.9712890267,0.7118904411
7.5171503000,2289,0.3441401161,53.9712890267,0.7118904411
7.5212837000,2290,0.3441401161,53.9712890267,0.7118904411
7.5263285000,2291,0.3441401161,53.9712890267,0.7118904411
7.5318074000,2292,0.3441401161,53.9712890267,0.7118904411
7.5358888000,2293,0.3441401161,53.9712890267,0.7118904411
7.5408122000,2294,0.3441401161,53.9712890267,0.7118904411
7.5459857000,2295,0.3441401161,53.9712890267,0.7118904411
7.5514527000,2296,0.3441401161,53.9712890267,0.7118904411
7.5571232000,2297,0.3441401161,53.9712890267,0.7118904411
7.5624036000,2298,0.3441401161,53.9712890267,0.7118904411
7.5684444000,2299,0.3441401161,53.9712890267,0.7118904411
7.5737516000,2300,0.3441401161,53.9712890267,0.7118904411
7.5790402000,2301,0.3441401161,53.9712890267,0.7118904411
7.5841854000,2302,0.3441401161,53.9712890267,0.7118904411
7.5899339000,2303,0.3441401161,53.9712890267,0.7118904411
7.5950335000,2304,0.3441401161,53.9712890267,0.7118904411
7.6001279000,2305,0.3441401161,53.9712890267,0.7118904411
7.6055371000,2306,0.3441401161,53.9712890267,0.7118904411
7.6121723000,2307,0.3441401161,53.9712890267,0.7118904411
7.6173289000,2308,0.3441401161,53.9712890267,0.7118904411
7.6243449000,2309,0.3441401161,53.9712890267,0.7118904411
7.6300827000,2310,0.3441401161,53.9712890267,0.7118904411
7.6357679000,2311,0.3441401161,53.9712890267,0.7118904411
7.6416083000,2312,0.3441401161,53.9712890267,0.7118904411
7.6472968000,2313,0.3441401161,53.9712890267,0.7118904411
7.6522934000,2314,0.3441401161,53.9712890267,0.7118904411
7.6575411000,2315,0.3441401161,53.9712890267,0.7118904411
7.6630451000,2316,0.3441401161,53.9712890267,0.7118904411
7.6669881000,2317,0.3441401161,53.9712890267,0.7118904411
7.6712566000,2318,0.3441401161,53.9712890267,0.7118904411
7.6767960000,2319,0.3441401161,53.9712890267,0.7118904411
7.6817052000,2320,0.3441401161,53.9712890267,0.7118904411
7.6880991000,2321,0.3441401161,53.9712890267,0.7118904411
7.6932315000,2322,0.3441401161,53.9712890267,0.7118904411
7.6976676000,2323,0.3441401161,53.9712890267,0.7118904411
7.7032000000,2324,0.3441401161,53.9712890267,0.7118904411
7.7069519000,2325,0.3441401161,53.9712890267,0.7118904411
7.7121660000,2326,0.3441401161,53.9712890267,0.7118904411
7.7171240000,2327,0.3441401161,53.9712890267,0.7118904411
7.7222533000,2328,0.3441401161,53.9712890267,0.7118904411
7.7272877000,2329,0.3441401161,53.9712890267,0.7118904411
7.7325785000,2330,0.3441401161,53.9712890267,0.7118904411
7.7378796000,2331,0.3441401161,53.9712890267,0.7118904411
7.7431553000,2332,0.3441401161,53.9712890267,0.7118904411
7.7480411000,2333,0.3441401161,53.9712890267,0.7118904411
7.7520538000,2334,0.3441401161,53.9712890267,0.7118904411
7.7569564000,2335,0.3441401161,53.9712890267,0.7118904411
7.7620617000,2336,0.3441401161,53.9712890267,0.7118904411
7.7669132000,2337,0.3441401161,53.9712890267,0.7118904411
7.7719881000,2338,0.3441401161,53.9712890267,0.7118904411
7.7768375000,2339,0.3441401161,53.9712890267,0.7118904411
7.7820450000,2340,0.3441401161,53.9712890267,0.7118904411
7.7870535000,2341,0.3441401161,53.9712890267,0.7118904411
7.7923522000,2342,0.3441401161,53.9712890267,0.7118904411
7.7975978000,2343,0.3441401161,53.9712890267,0.7118904411
7.8020236000,2344,0.3441401161,53.9712890267,0.7118904411
7.8067196000,2345,0.3441401161,53.9712890267,0.7118904411
7.8123330000,2346,0.3441401161,53.9712890267,0.7118904411
7.8170347000,2347,0.3441401161,53.9712890267,0.7118904411
7.8218167000,2348,0.3441401161,53.9712890267,0.7118904411
7.8274616000,2349,0.3441401161,53.9712890267,0.7118904411
7.8321271000,2350,0.3441401161,53.9712890267,0.7118904411
7.8361455000,2351,0.3441401161,53.9712890267,0.7118904411
7.8402324000,2352,0.3441401161,53.9712890267,0.7118904411
7.8448062000,2353,0.3441401161,53.9712890267,0.7118904411
7.8489731000,2354,0.3441401161,53.9712890267,0.7118904411
7.8540374000,2355,0.3441401161,53.9712890267,0.7118904411
7.8585629000,2356,0.3441401161,53.9712890267,0.7118904411
7.8631147000,2357,0.3441401161,53.9712890267,0.7118904411
7.8680773000,2358,0.3441401161,53.9712890267,0.7118904411
7.8720713000,2359,0.3441401161,53.9712890267,0.7118904411
7.8762802000,2360,0.3441401161,53.9712890267,0.7118904411
7.8809462000,2361,0.3441401161,53.9712890267,0.7118904411
7.8855534000,2362,0.3441401161,53.9712890267,0.7118904411
7.8904385000,2363,0.3441401161,53.9712890267,0.7118904411
7.8947599000,2364,0.3441401161,53.9712890267,0.7118904411
7.8981137000,2365,0.3441401161,53.9712890267,0.7118904411
7.9025498000,2366,0.3441401161,53.9712890267,0.7118904411
7.9076827000,2367,0.3441401161,53.9712890267,0.7118904411
7.9126237000,2368,0.3441401161,53.9712890267,0.7118904411
7.9162828000,2369,0.3441401161,53.9712890267,0.7118904411
7.9209934000,2370,0.3441401161,53.9712890267,0.7118904411
7.9254066000,2371,0.3441401161,53.9712890267,0.7118904411
7.9306691000,2372,0.3441401161,53.9712890267,0.7118904411
7.9357788000,2373,0.3441401161,53.9712890267,0.7118904411
7.9412048000,2374,0.3441401161,53.9712890267,0.7118904411
7.9459208000,2375,0.3441401161,53.9712890267,0.7118904411
7.9502655000,2376,0.3441401161,53.9712890267,0.7118904411
7.9552408000,2377,0.3441401161,53.9712890267,0.7118904411
7.9602070000,2378,0.3441401161,53.9712890267,0.7118904411
7.9653374000,2379,0.3441401161,53.9712890267,0.7118904411
7.9703866000,2380,0.3441401161,53.9712890267,0.7118904411
7.9748186000,2381,0.3441401161,53.9712890267,0.7118904411
7.9790949000,2382,0.3441401161,53.9712890267,0.7118904411
7.9831206000,2383,0.3441401161,53.9712890267,0.7118904411
7.9888432000,2384,0.3441401161,53.9712890267,0.7118904411
7.9942608000,2385,0.3441401161,53.9712890267,0.7118904411
7.9991606000,2386,0.3441401161,53.9712890267,0.7118904411
8.0035660000,2387,0.3441401161,53.9712890267,0.7118904411
8.0074391000,2388,0.3441401161,53.9712890267,0.7118904411
8.0126624000,2389,0.3441401161,53.9712890267,0.7118904411
8.0170481000,2390,0.3441401161,53.9712890267,0.7118904411
8.0217604000,2391,0.3441401161,53.9712890267,0.7118904411
8.0269266000,2392,0.3441401161,53.9712890267,0.7118904411
8.0308866000,2393,0.3441401161,53.9712890267,0.7118904411
8.0357644000,2394,0.3441401161,53.9712890267,0.7118904411
8.0407465000,2395,0.3441401161,53.9712890267,0.7118904411
8.0450184000,2396,0.3441401161,53.9712890267,0.7118904411
8.0503490000,2397,0.3441401161,53.9712890267,0.7118904411
8.0563117000,2398,0.3441401161,53.9712890267,0.7118904411
8.0608188000,2399,0.3441401161,53.9712890267,0.7118904411
8.0672125000,2400,0.3441401161,53.9712890267,0.7118904411
8.0728699000,2401,0.3441401161,53.9712890267,0.7118904411
8.0778203000,2402,0.3441401161,53.9712890267,0.7118904411
8.0844439000,2403,0.3441401161,53.9712890267,0.7118904411
8.0903999000,2404,0.3441401161,53.9712890267,0.7118904411
8.0968551000,2405,0.3441401161,53.9712890267,0.7118904411
8.1037442000,2406,0.3441401161,53.9712890267,0.7118904411
8.1101440000,2407,0.3441401161,53.9712890267,0.7118904411
8.1170541000,2408,0.3441401161,53.9712890267,0.7118904411
8.1232620000,2409,0.3441401161,53.9712890267,0.7118904411
8.1293233000,2410,0.3441401161,53.9712890267,0.7118904411
8.1361551000,2411,0.3441401161,53.9712890267,0.7118904411
8.1422468000,2412,0.3441401161,53.9712890267,0.7118904411
8.1487227000,2413,0.3441401161,53.9712890267,0.7118904411
8.1553440000,2414,0.3441401161,53.9712890267,0.7118904411
8.1610054000,2415,0.3441401161,53.9712890267,0.7118904411
8.1659001000,2416,0.3441401161,53.9712890267,0.7118904411
8.1698876000,2417,0.3441401161,53.9712890267,0.7118904411
8.1742627000,2418,0.3441401161,53.9712890267,0.7118904411
8.1794831000,2419,0.3441401161,53.9712890267,0.7118904411
8.1847022000,2420,0.3441401161,53.9712890267,0.7118904411
8.1894791000,2421,0.3441401161,53.9712890267,0.7118904411
8.1943501000,2422,0.3441401161,53.9712890267,0.7118904411
8.1984672000,2423,0.3441401161,53.9712890267,0.7118904411
8.2033590000,2424,0.3441401161,53.9712890267,0.7118904411
8.2074170000,2425,0.3441401161,53.9712890267,0.7118904411
8.2123857000,2426,0.3441401161,53.9712890267,0.7118904411
8.2167893000,2427,0.3441401161,53.9712890267,0.7118904411
8.2210829000,2428,0.3441401161,53.9712890267,0.7118904411
8.2254790000,2429,0.3441401161,53.9712890267,0.7118904411
8.2302397000,2430,0.3441401161,53.9712890267,0.7118904411
8.2352771000,2431,0.3441401161,53.9712890267,0.7118904411
8.2395041000,2432,0.3441401161,53.9712890267,0.7118904411
8.2438141000,2433,0.3441401161,53.9712890267,0.7118904411
8.2498348000,2434,0.3441401161,53.9712890267,0.7118904411
8.2567142000,2435,0.3441401161,53.9712890267,0.7118904411
8.2638870000,2436,0.3441401161,53.9712890267,0.7118904411
8.2690714000,2437,0.3441401161,53.9712890267,0.7118904411
8.2744073000,2438,0.3441401161,53.9712890267,0.7118904411
8.2795523000,2439,0.3441401161,53.9712890267,0.7118904411
8.2861385000,2440,0.3441401161,53.9712890267,0.7118904411
8.2930317000,2441,0.3441401161,53.9712890267,0.7118904411
8.2985523000,2442,0.3441401161,53.9712890267,0.7118904411
8.3033525000,2443,0.3441401161,53.9712890267,0.7118904411
8.3083704000,2444,0.3441401161,53.9712890267,0.7118904411
8.3135975000,2445,0.3441401161,53.9712890267,0.7118904411
8.3183125000,2446,0.3441401161,53.9712890267,0.7118904411
8.3247083000,2447,0.3441401161,53.9712890267,0.7118904411
8.3294384000,2448,0.3441401161,53.9712890267,0.7118904411
8.3346902000,2449,0.3441401161,53.9712890267,0.7118904411
8.3408133000,2450,0.3441401161,53.9712890267,0.7118904411
8.3462690000,2451,0.3441401161,53.9712890267,0.7118904411
8.3515397000,2452,0.3441401161,53.9712890267,0.7118904411
8.3563435000,2453,0.3441401161,53.9712890267,0.7118904411
8.3617258000,2454,0.3441401161,53.9712890267,0.7118904411
8.3680676000,2455,0.3441401161,53.9712890267,0.7118904411
8.3739046000,2456,0.3441401161,53.9712890267,0.7118904411
8.3789547000,2457,0.3441401161,53.9712890267,0.7118904411
8.3857475000,2458,0.3441401161,53.9712890267,0.7118904411
8.3912212000,2459,0.3441401161,53.9712890267,0.7118904411
8.3972599000,2460,0.3441401161,53.9712890267,0.7118904411
8.4037122000,2461,0.3441401161,53.9712890267,0.7118904411
8.4080249000,2462,0.3441401161,53.9712890267,0.7118904411
8.4134587000,2463,0.3441401161,53.9712890267,0.7118904411
8.4197608000,2464,0.3441401161,53.9712890267,0.7118904411
8.4253842000,2465,0.3441401161,53.9712890267,0.7118904411
8.4310542000,2466,0.3441401161,53.9712890267,0.7118904411
8.4362327000,2467,0.3441401161,53.9712890267,0.7118904411
8.4406758000,2468,0.3441401161,53.9712890267,0.7118904411
8.4461416000,2469,0.3441401161,53.9712890267,0.7118904411
8.4510407000,2470,0.3441401161,53.9712890267,0.7118904411
8.4554311000,2471,0.3441401161,53.9712890267,0.7118904411
8.4610540000,2472,0.3441401161,53.9712890267,0.7118904411
8.4658037000,2473,0.3441401161,53.9712890267,0.7118904411
8.4705661000,2474,0.3441401161,53.9712890267,0.7118904411
8.4759544000,2475,0.3441401161,53.9712890267,0.7118904411
8.4810670000,2476,0.3441401161,53.9712890267,0.7118904411
8.4866593000,2477,0.3441401161,53.9712890267,0.7118904411
8.4919368000,2478,0.3441401161,53.9712890267,0.7118904411
8.4973809000,2479,0.3441401161,53.9712890267,0.7118904411
8.5022444000,2480,0.3441401161,53.9712890267,0.7118904411
8.5070709000,2481,0.3441401161,53.9712890267,0.7118904411
8.5112564000,2482,0.3441401161,53.9712890267,0.7118904411
8.5157528000,2483,0.3441401161,53.9712890267,0.7118904411
8.5206839000,2484,0.3441401161,53.9712890267,0.7118904411
8.5256347000,2485,0.3441401161,53.9712890267,0.7118904411
8.5307869000,2486,0.3441401161,53.9712890267,0.7118904411
8.5360105000,2487,0.3441401161,53.9712890267,0.7118904411
8.5399548000,2488,0.3441401161,53.9712890267,0.7118904411
8.5451496000,2489,0.3441401161,53.9712890267,0.7118904411
8.5496478000,2490,0.3441401161,53.9712890267,0.7118904411
8.5530388000,2491,0.3441401161,53.9712890267,0.7118904411
8.5576904000,2492,0.3441401161,53.9712890267,0.7118904411
8.5620397000,2493,0.3441401161,53.9712890267,0.7118904411
8.5670832000,2494,0.3441401161,53.9712890267,0.7118904411
8.5715397000,2495,0.3441401161,53.9712890267,0.7118904411
8.5764338000,2496,0.3441401161,53.9712890267,0.7118904411
8.5816425000,2497,0.3441401161,53.9712890267,0.7118904411
8.5870281000,2498,0.3441401161,53.9712890267,0.7118904411
8.5920883000,2499,0.3441401161,53.9712890267,0.7118904411
8.5966976000,2500,0.3441401161,53.9712890267,0.7118904411
8.6018131000,2501,0.3441401161,53.9712890267,0.7118904411
8.6067273000,2502,0.3441401161,53.9712890267,0.7118904411
8.6114212000,2503,0.3441401161,53.9712890267,0.7118904411
8.6168964000,2504,0.3441401161,53.9712890267,0.7118904411
8.6222664000,2505,0.3441401161,53.9712890267,0.7118904411
8.6277810000,2506,0.3441401161,53.9712890267,0.7118904411
8.6326687000,2507,0.3441401161,53.9712890267,0.7118904411
8.6376069000,2508,0.3441401161,53.9712890267,0.7118904411
8.6415139000,2509,0.3441401161,53.9712890267,0.7118904411
8.6461847000,2510,0.3441401161,53.9712890267,0.7118904411
8.6510665000,2511,0.3441401161,53.9712890267,0.7118904411
8.6556360000,2512,0.3441401161,53.9712890267,0.7118904411
8.6589369000,2513,0.3441401161,53.9712890267,0.7118904411
8.6636843000,2514,0.3441401161,53.9712890267,0.7118904411
8.6684905000,2515,0.3441401161,53.9712890267,0.7118904411
8.6730075000,2516,0.3441401161,53.9712890267,0.7118904411
8.6776714000,2517,0.3441401161,53.9712890267,0.7118904411
8.6820980000,2518,0.3441401161,53.9712890267,0.7118904411
8.6867755000,2519,0.3441401161,53.9712890267,0.7118904411
8.6908793000,2520,0.3441401161,53.9712890267,0.7118904411
8.6947946000,2521,0.3441401161,53.9712890267,0.7118904411
8.6996207000,2522,0.3441401161,53.9712890267,0.7118904411
8.7042262000,2523,0.3441401161,53.9712890267,0.7118904411
8.7084154000,2524,0.3441401161,53.9712890267,0.7118904411
8.7133221000,2525,0.3441401161,53.9712890267,0.7118904411
8.7184971000,2526,0.3441401161,53.9712890267,0.7118904411
8.7223050000,2527,0.3441401161,53.9712890267,0.7118904411
8.7275371000,2528,0.3441401161,53.9712890267,0.7118904411
8.7322514000,2529,0.3441401161,53.9712890267,0.7118904411
8.7370119000,2530,0.3441401161,53.9712890267,0.7118904411
8.7421844000,2531,0.3441401161,53.9712890267,0.7118904411
8.7464145000,2532,0.3441401161,53.9712890267,0.7118904411
8.7510534000,2533,0.3441401161,53.9712890267,0.7118904411
8.7557459000,2534,0.3441401161,53.9712890267,0.7118904411
8.7604784000,2535,0.3441401161,53.9712890267,0.7118904411
8.7655978000,2536,0.3441401161,53.9712890267,0.7118904411
8.7705840000,2537,0.3439358793,53.9712890267,0.7088099978
8.7756302000,2538,0.3439358793,53.9712890267,0.7088099978
8.7806062000,2539,0.3439358793,53.9712890267,0.7088099978
8.7862721000,2540,0.3439358793,53.9712890267,0.7088099978
8.7914188000,2541,0.3439358793,53.9712890267,0.7088099978
8.7963540000,2542,0.3439358793,53.9712890267,0.7088099978
8.8011029000,2543,0.3439358793,53.9712890267,0.7088099978
8.8055042000,2544,0.3439358793,53.9712890267,0.7088099978
8.8105549000,2545,0.3439358793,53.9712890267,0.7088099978
8.8153469000,2546,0.3439358793,53.9712890267,0.7088099978
8.8205307000,2547,0.3439358793,53.9712890267,0.7088099978
8.8260279000,2548,0.3439358793,53.9712890267,0.7088099978
8.8313907000,2549,0.3439358793,53.9712890267,0.7088099978
8.8362507000,2550,0.3439358793,53.9712890267,0.7088099978
8.8414312000,2551,0.3439358793,53.9712890267,0.7088099978
8.8460818000,2552,0.3439358793,53.9712890267,0.7088099978
8.8514707000,2553,0.3439358793,53.9712890267,0.7088099978
8.8566777000,2554,0.3439358793,53.9712890267,0.7088099978
8.8615287000,2555,0.3439358793,53.9712890267,0.7088099978
8.8659757000,2556,0.3439358793,53.9712890267,0.7088099978
8.8709223000,2557,0.3439358793,53.9712890267,0.7088099978
8.8762619000,2558,0.3439358793,53.9712890267,0.7088099978
8.8807201000,2559,0.3439358793,53.9712890267,0.7088099978
8.8865277000,2560,0.3439358793,53.9712890267,0.7088099978
8.8913746000,2561,0.3439358793,53.9712890267,0.7088099978
8.8962175000,2562,0.3439358793,53.9712890267,0.7088099978
8.9013864000,2563,0.3439358793,53.9712890267,0.7088099978
8.9067737000,2564,0.3439358793,53.9712890267,0.7088099978
8.9100589000,2565,0.3439358793,53.9712890267,0.7088099978
8.9154709000,2566,0.3439358793,53.9712890267,0.7088099978
8.9205541000,2567,0.3439358793,53.9712890267,0.7088099978
8.9255278000,2568,0.3439358793,53.9712890267,0.7088099978
8.9296778000,2569,0.3439358793,53.9712890267,0.7088099978
8.9337373000,2570,0.3439358793,53.9712890267,0.7088099978
8.9392900000,2571,0.3439358793,53.9712890267,0.7088099978
8.9429338000,2572,0.3439358793,53.9712890267,0.7088099978
8.9480704000,2573,0.3439358793,53.9712890267,0.7088099978
8.9529916000,2574,0.3439358793,53.9712890267,0.7088099978
8.9572735000,2575,0.3439358793,53.9712890267,0.7088099978
8.9615085000,2576,0.3439358793,53.9712890267,0.7088099978
8.9659434000,2577,0.3439358793,53.9712890267,0.7088099978
8.9703854000,2578,0.3439358793,53.9712890267,0.7088099978
8.9755643000,2579,0.3439358793,53.9712890267,0.7088099978
8.9818544000,2580,0.3439358793,53.9712890267,0.7088099978
8.9869876000,2581,0.3439358793,53.9712890267,0.7088099978
8.9914421000,2582,0.3439358793,53.9712890267,0.7088099978
8.9959513000,2583,0.3439358793,53.9712890267,0.7088099978
9.0003844000,2584,0.3439358793,53.9712890267,0.7088099978
9.0043803000,2585,0.3439358793,53.9712890267,0.7088099978
9.0079381000,2586,0.3439358793,53.9712890267,0.7088099978
9.0129511000,2587,0.3439358793,53.9712890267,0.7088099978
9.0169031000,2588,0.3439358793,53.9712890267,0.7088099978
9.0211879000,2589,0.3439358793,53.9712890267,0.7088099978
9.0262540000,2590,0.3439358793,53.9712890267,0.7088099978
9.0316654000,2591,0.3439358793,53.9712890267,0.7088099978
9.0364421000,2592,0.3439358793,53.9712890267,0.7088099978
9.0405745000,2593,0.3439358793,53.9712890267,0.7088099978
9.0446850000,2594,0.3439358793,53.9712890267,0.7088099978
9.0492073000,2595,0.3439358793,53.9712890267,0.7088099978
9.0535459000,2596,0.3439358793,53.9712890267,0.7088099978
9.0583757000,2597,0.3439358793,53.9712890267,0.7088099978
9.0634184000,2598,0.3439358793,53.9712890267,0.7088099978
9.0679899000,2599,0.3439358793,53.9712890267,0.7088099978
9.0727324000,2600,0.3439358793,53.9712890267,0.7088099978
9.0764103000,2601,0.3439358793,53.9712890267,0.7088099978
9.0813091000,2602,0.3439358793,53.9712890267,0.7088099978
9.0861790000,2603,0.3439358793,53.9712890267,0.7088099978
9.0910100000,2604,0.3439358793,53.9712890267,0.7088099978
9.0952243000,2605,0.3439358793,53.9712890267,0.7088099978
9.0997812000,2606,0.3439358793,53.9712890267,0.7088099978
9.1042407000,2607,0.3439358793,53.9712890267,0.7088099978
9.1086534000,2608,0.3439358793,53.9712890267,0.7088099978
9.1134608000,2609,0.3439358793,53.9712890267,0.7088099978
9.1168289000,2610,0.3439358793,53.9712890267,0.7088099978
9.1213641000,2611,0.3439358793,53.9712890267,0.7088099978
9.1248957000,2612,0.3439358793,53.9712890267,0.7088099978
9.1296576000,2613,0.3439358793,53.9712890267,0.7088099978
9.1340041000,2614,0.3439358793,53.9712890267,0.7088099978
9.1384690000,2615,0.3439358793,53.9712890267,0.7088099978
9.1434953000,2616,0.3437316425,53.9712890267,0.7057295545
9.1473470000,2617,0.3437316425,53.9712890267,0.7057295545
9.1518954000,2618,0.3437316425,53.9712890267,0.7057295545
9.1566076000,2619,0.3437316425,53.9712890267,0.7057295545
9.1615815000,2620,0.3437316425,53.9712890267,0.7057295545
9.1658581000,2621,0.3437316425,53.9712890267,0.7057295545
9.1709773000,2622,0.3437316425,53.9712890267,0.7057295545
9.1752594000,2623,0.3437316425,53.9712890267,0.7057295545
9.1789775000,2624,0.3435069821,53.9712890267,0.7023410669
9.1837180000,2625,0.3435069821,53.9712890267,0.7023410669
9.1884438000,2626,0.3435069821,53.9712890267,0.7023410669
9.1931900000,2627,0.3435069821,53.9712890267,0.7023410669
9.1985624000,2628,0.3435069821,53.9712890267,0.7023410669
9.2034101000,2629,0.3435069821,53.9712890267,0.7023410669
9.2095889000,2630,0.3435069821,53.9712890267,0.7023410669
9.2139076000,2631,0.3435069821,53.9712890267,0.7023410669
9.2196107000,2632,0.3435069821,53.9712890267,0.7023410669
9.2245364000,2633,0.3435069821,53.9712890267,0.7023410669
9.2285329000,2634,0.3435069821,53.9712890267,0.7023410669
9.2320022000,2635,0.3435069821,53.9712890267,0.7023410669
9.2357570000,2636,0.3435069821,53.9712890267,0.7023410669
9.2409048000,2637,0.3435069821,53.9712890267,0.7023410669
9.2461426000,2638,0.3435069821,53.9712890267,0.7023410669
9.2514592000,2639,0.3435069821,53.9712890267,0.7023410669
9.2561330000,2640,0.3435069821,53.9712890267,0.7023410669
9.2605865000,2641,0.3435069821,53.9712890267,0.7023410669
9.2654924000,2642,0.3435069821,53.9712890267,0.7023410669
9.2701986000,2643,0.3435069821,53.9712890267,0.7023410669
9.2750012000,2644,0.3435069821,53.9712890267,0.7023410669
9.2797890000,2645,0.3435069821,53.9712890267,0.7023410669
9.2844305000,2646,0.3435069821,53.9712890267,0.7023410669
9.2887894000,2647,0.3435069821,53.9712890267,0.7023410669
9.2934702000,2648,0.3435069821,53.9712890267,0.7023410669
9.2983687000,2649,0.3435069821,53.9712890267,0.7023410669
9.3030601000,2650,0.3435069821,53.9712890267,0.7023410669
9.3080904000,2651,0.3435069821,53.9712890267,0.7023410669
9.3131933000,2652,0.3435069821,53.9712890267,0.7023410669
9.3181649000,2653,0.3435069821,53.9712890267,0.7023410669
9.3230315000,2654,0.3435069821,53.9712890267,0.7023410669
9.3278886000,2655,0.3435069821,53.9712890267,0.7023410669
9.3328996000,2656,0.3435069821,53.9712890267,0.7023410669
9.3381363000,2657,0.3435069821,53.9712890267,0.7023410669
9.3435369000,2658,0.3435069821,53.9712890267,0.7023410669
9.3490537000,2659,0.3435069821,53.9712890267,0.7023410669
9.3533986000,2660,0.3435069821,53.9712890267,0.7023410669
9.3572471000,2661,0.3435069821,53.9712890267,0.7023410669
9.3624154000,2662,0.3435069821,53.9712890267,0.7023410669
9.3667976000,2663,0.3435069821,53.9712890267,0.7023410669
9.3717651000,2664,0.3435069821,53.9712890267,0.7023410669
9.3759075000,2665,0.3435069821,53.9712890267,0.7023410669
9.3815157000,2666,0.3435069821,53.9712890267,0.7023410669
9.3859944000,2667,0.3435069821,53.9712890267,0.7023410669
9.3907869000,2668,0.3435069821,53.9712890267,0.7023410669
9.3955979000,2669,0.3435069821,53.9712890267,0.7023410669
9.4004084000,2670,0.3433027453,53.9712890267,0.6992606237
9.4050481000,2671,0.3433027453,53.9712890267,0.6992606237
9.4097927000,2672,0.3433027453,53.9712890267,0.6992606237
9.4154723000,2673,0.3433027453,53.9712890267,0.6992606237
9.4209703000,2674,0.3433027453,53.9712890267,0.6992606237
9.4259363000,2675,0.3433027453,53.9712890267,0.6992606237
9.4313092000,2676,0.3433027453,53.9712890267,0.6992606237
9.4358195000,2677,0.3433027453,53.9712890267,0.6992606237
9.4402280000,2678,0.3433027453,53.9712890267,0.6992606237
9.4445475000,2679,0.3433027453,53.9712890267,0.6992606237
9.4493354000,2680,0.3433027453,53.9712890267,0.6992606237
9.4541733000,2681,0.3433027453,53.9712890267,0.6992606237
9.4584887000,2682,0.3433027453,53.9712890267,0.6992606237
9.4641565000,2683,0.3433027453,53.9712890267,0.6992606237
9.4693129000,2684,0.3433027453,53.9712890267,0.6992606237
9.4739131000,2685,0.3433027453,53.9712890267,0.6992606237
9.4787814000,2686,0.3433027453,53.9712890267,0.6992606237
9.4837585000,2687,0.3433027453,53.9712890267,0.6992606237
9.4885234000,2688,0.3433027453,53.9712890267,0.6992606237
9.4932936000,2689,0.3433027453,53.9712890267,0.6992606237
9.4971732000,2690,0.3433027453,53.9712890267,0.6992606237
9.5023037000,2691,0.3433027453,53.9712890267,0.6992606237
9.5069967000,2692,0.3433027453,53.9712890267,0.6992606237
9.5114314000,2693,0.3433027453,53.9712890267,0.6992606237
9.5158616000,2694,0.3433027453,53.9712890267,0.6992606237
9.5201228000,2695,0.3433027453,53.9712890267,0.6992606237
9.5246200000,2696,0.3433027453,53.9712890267,0.6992606237
9.5296737000,2697,0.3433027453,53.9712890267,0.6992606237
9.5348530000,2698,0.3433027453,53.9712890267,0.6992606237
9.5391823000,2699,0.3433027453,53.9712890267,0.6992606237
9.5443990000,2700,0.3433027453,53.9712890267,0.6992606237
9.5500353000,2701,0.3433027453,53.9712890267,0.6992606237
9.5545416000,2702,0.3433027453,53.9712890267,0.6992606237
9.5590546000,2703,0.3433027453,53.9712890267,0.6992606237
9.5635361000,2704,0.3433027453,53.9712890267,0.6992606237
9.5679209000,2705,0.3433027453,53.9712890267,0.6992606237
9.5723223000,2706,0.3433027453,53.9712890267,0.6992606237
9.5777481000,2707,0.3433027453,53.9712890267,0.6992606237
9.5827109000,2708,0.3433027453,53.9712890267,0.6992606237
9.5873784000,2709,0.3433027453,53.9712890267,0.6992606237
9.5920767000,2710,0.3433027453,53.9712890267,0.6992606237
9.5971785000,2711,0.3433027453,53.9712890267,0.6992606237
9.6016870000,2712,0.3433027453,53.9712890267,0.6992606237
9.6062234000,2713,0.3433027453,53.9712890267,0.6992606237
9.6103611000,2714,0.3433027453,53.9712890267,0.6992606237
9.6151903000,2715,0.3433027453,53.9712890267,0.6992606237
9.6200101000,2716,0.3433027453,53.9712890267,0.6992606237
9.6246373000,2717,0.3433027453,53.9712890267,0.6992606237
9.6292733000,2718,0.3433027453,53.9712890267,0.6992606237
9.6337166000,2719,0.3433027453,53.9712890267,0.6992606237
9.6385932000,2720,0.3433027453,53.9712890267,0.6992606237
9.6434346000,2721,0.3433027453,53.9712890267,0.6992606237
9.6481332000,2722,0.3433027453,53.9712890267,0.6992606237
9.6527947000,2723,0.3433027453,53.9712890267,0.6992606237
9.6573490000,2724,0.3433027453,53.9712890267,0.6992606237
9.6619533000,2725,0.3433027453,53.9712890267,0.6992606237
9.6665451000,2726,0.3433027453,53.9712890267,0.6992606237
9.6710837000,2727,0.3433027453,53.9712890267,0.6992606237
9.6755994000,2728,0.3433027453,53.9712890267,0.6992606237
9.6803777000,2729,0.3433027453,53.9712890267,0.6992606237
9.6850305000,2730,0.3433027453,53.9712890267,0.6992606237
9.6896752000,2731,0.3433027453,53.9712890267,0.6992606237
9.6937238000,2732,0.3433027453,53.9712890267,0.6992606237
9.6983059000,2733,0.3433027453,53.9712890267,0.6992606237
9.7026567000,2734,0.3433027453,53.9712890267,0.6992606237
9.7071565000,2735,0.3433027453,53.9712890267,0.6992606237
9.7119000000,2736,0.3433027453,53.9712890267,0.6992606237
9.7163299000,2737,0.3433027453,53.9712890267,0.6992606237
9.7206891000,2738,0.3433027453,53.9712890267,0.6992606237
9.7250643000,2739,0.3433027453,53.9712890267,0.6992606237
9.7300869000,2740,0.3433027453,53.9712890267,0.6992606237
9.7349043000,2741,0.3433027453,53.9712890267,0.6992606237
9.7394355000,2742,0.3433027453,53.9712890267,0.6992606237
9.7436892000,2743,0.3433027453,53.9712890267,0.6992606237
9.7480485000,2744,0.3433027453,53.9712890267,0.6992606237
9.7523619000,2745,0.3433027453,53.9712890267,0.6992606237
9.7566142000,2746,0.3433027453,53.9712890267,0.6992606237
9.7609582000,2747,0.3433027453,53.9712890267,0.6992606237
9.7651524000,2748,0.3433027453,53.9712890267,0.6992606237
9.7695117000,2749,0.3433027453,53.9712890267,0.6992606237
9.7751417000,2750,0.3433027453,53.9712890267,0.6992606237
9.7798029000,2751,0.3433027453,53.9712890267,0.6992606237
9.7847014000,2752,0.3433027453,53.9712890267,0.6992606237
9.7893981000,2753,0.3433027453,53.9712890267,0.6992606237
9.7941038000,2754,0.3433027453,53.9712890267,0.6992606237
9.7988529000,2755,0.3433027453,53.9712890267,0.6992606237
9.8032483000,2756,0.3433027453,53.9712890267,0.6992606237
9.8076870000,2757,0.3433027453,53.9712890267,0.6992606237
9.8120675000,2758,0.3433027453,53.9712890267,0.6992606237
9.8165036000,2759,0.3433027453,53.9712890267,0.6992606237
9.8208009000,2760,0.3433027453,53.9712890267,0.6992606237
9.8251804000,2761,0.3433027453,53.9712890267,0.6992606237
9.8309585000,2762,0.3433027453,53.9712890267,0.6992606237
9.8370155000,2763,0.3433027453,53.9712890267,0.6992606237
9.8427177000,2764,0.3433027453,53.9712890267,0.6992606237
9.8470950000,2765,0.3433027453,53.9712890267,0.6992606237
9.8514372000,2766,0.3433027453,53.9712890267,0.6992606237
9.8557655000,2767,0.3433027453,53.9712890267,0.6992606237
9.8601223000,2768,0.3433027453,53.9712890267,0.6992606237
9.8643933000,2769,0.3433027453,53.9712890267,0.6992606237
9.8686959000,2770,0.3433027453,53.9712890267,0.6992606237
9.8729210000,2771,0.3433027453,53.9712890267,0.6992606237
9.8772637000,2772,0.3433027453,53.9712890267,0.6992606237
9.8815531000,2773,0.3433027453,53.9712890267,0.6992606237
9.8857562000,2774,0.3433027453,53.9712890267,0.6992606237
9.8904541000,2775,0.3433027453,53.9712890267,0.6992606237
9.8954245000,2776,0.3433027453,53.9712890267,0.6992606237
9.9002504000,2777,0.3433027453,53.9712890267,0.6992606237
9.9050732000,2778,0.3433027453,53.9712890267,0.6992606237
9.9099049000,2779,0.3433027453,53.9712890267,0.6992606237
9.9151659000,2780,0.3433027453,53.9712890267,0.6992606237
9.9206390000,2781,0.3433027453,53.9712890267,0.6992606237
9.9274925000,2782,0.3433027453,53.9712890267,0.6992606237
9.9318638000,2783,0.3433027453,53.9712890267,0.6992606237
9.9362980000,2784,0.3433027453,53.9712890267,0.6992606237
9.9408486000,2785,0.3433027453,53.9712890267,0.6992606237
9.9466904000,2786,0.3433027453,53.9712890267,0.6992606237
9.9513460000,2787,0.3433027453,53.9712890267,0.6992606237
9.9559721000,2788,0.3433027453,53.9712890267,0.6992606237
9.9605140000,2789,0.3433027453,53.9712890267,0.6992606237
9.9654433000,2790,0.3433027453,53.9712890267,0.6992606237
9.9699495000,2791,0.3433027453,53.9712890267,0.6992606237
9.9726352000,2792,0.3433027453,53.9712890267,0.6992606237
9.9768657000,2793,0.3433027453,53.9712890267,0.6992606237
9.9816029000,2794,0.3433027453,53.9712890267,0.6992606237
9.9866321000,2795,0.3433027453,53.9712890267,0.6992606237
9.9918293000,2796,0.3433027453,53.9712890267,0.6992606237
9.9960073000,2797,0.3433027453,53.9712890267,0.6992606237
10.0008184000,2798,0.3433027453,53.9712890267,0.6992606237
10.0053288000,2799,0.3433027453,53.9712890267,0.6992606237
10.0094509000,2800,0.3433027453,53.9712890267,0.6992606237
10.0164249000,2801,0.3433027453,53.9712890267,0.6992606237
10.0233928000,2802,0.3433027453,53.9712890267,0.6992606237
10.0287994000,2803,0.3433027453,53.9712890267,0.6992606237
10.0334841000,2804,0.3433027453,53.9712890267,0.6992606237
10.0380490000,2805,0.3433027453,53.9712890267,0.6992606237
10.0445851000,2806,0.3433027453,53.9712890267,0.6992606237
10.0514320000,2807,0.3433027453,53.9712890267,0.6992606237
10.0572940000,2808,0.3433027453,53.9712890267,0.6992606237
10.0619342000,2809,0.3433027453,53.9712890267,0.6992606237
10.0665665000,2810,0.3433027453,53.9712890267,0.6992606237
10.0710353000,2811,0.3433027453,53.9712890267,0.6992606237
10.0755584000,2812,0.3433027453,53.9712890267,0.6992606237
10.0802616000,2813,0.3433027453,53.9712890267,0.6992606237
10.0848661000,2814,0.3433027453,53.9712890267,0.6992606237
10.0898911000,2815,0.3433027453,53.9712890267,0.6992606237
10.0946301000,2816,0.3433027453,53.9712890267,0.6992606237
10.0993017000,2817,0.3433027453,53.9712890267,0.6992606237
10.1041748000,2818,0.3433027453,53.9712890267,0.6992606237
10.1092287000,2819,0.3433027453,53.9712890267,0.6992606237
10.1137360000,2820,0.3433027453,53.9712890267,0.6992606237
10.1181564000,2821,0.3433027453,53.9712890267,0.6992606237
10.1225064000,2822,0.3433027453,53.9712890267,0.6992606237
10.1269163000,2823,0.3430780848,53.9712890267,0.6958721360
10.1311207000,2824,0.3430780848,53.9712890267,0.6958721360
10.1352840000,2825,0.3430780848,53.9712890267,0.6958721360
10.1394271000,2826,0.3430780848,53.9712890267,0.6958721360
10.1436293000,2827,0.3430780848,53.9712890267,0.6958721360
10.1480112000,2828,0.3430780848,53.9712890267,0.6958721360
10.1521456000,2829,0.3430780848,53.9712890267,0.6958721360
10.1564123000,2830,0.3430780848,53.9712890267,0.6958721360
10.1608117000,2831,0.3430780848,53.9712890267,0.6958721360
10.1648589000,2832,0.3430780848,53.9712890267,0.6958721360
10.1698861000,2833,0.3430780848,53.9712890267,0.6958721360
10.1751083000,2834,0.3430780848,53.9712890267,0.6958721360
10.1797321000,2835,0.3430780848,53.9712890267,0.6958721360
10.1839127000,2836,0.3430780848,53.9712890267,0.6958721360
10.1880335000,2837,0.3430780848,53.9712890267,0.6958721360
10.1930549000,2838,0.3430780848,53.9712890267,0.6958721360
10.1972080000,2839,0.3430780848,53.9712890267,0.6958721360
10.2009911000,2840,0.3430780848,53.9712890267,0.6958721360
10.2059114000,2841,0.3430780848,53.9712890267,0.6958721360
10.2104314000,2842,0.3430780848,53.9712890267,0.6958721360
10.2150612000,2843,0.3430780848,53.9712890267,0.6958721360
10.2194960000,2844,0.3430780848,53.9712890267,0.6958721360
10.2239106000,2845,0.3430780848,53.9712890267,0.6958721360
10.2279592000,2846,0.3430780848,53.9712890267,0.6958721360
10.2325187000,2847,0.3430780848,53.9712890267,0.6958721360
10.2372150000,2848,0.3430780848,53.9712890267,0.6958721360
10.2415637000,2849,0.3430780848,53.9712890267,0.6958721360
10.2458337000,2850,0.3430780848,53.9712890267,0.6958721360
10.2507881000,2851,0.3430780848,53.9712890267,0.6958721360
10.2554015000,2852,0.3430780848,53.9712890267,0.6958721360
10.2598496000,2853,0.3430780848,53.9712890267,0.6958721360
10.2663322000,2854,0.3430780848,53.9712890267,0.6958721360
10.2710940000,2855,0.3430780848,53.9712890267,0.6958721360
10.2757836000,2856,0.3430780848,53.9712890267,0.6958721360
10.2802124000,2857,0.3430780848,53.9712890267,0.6958721360
10.2847260000,2858,0.3430780848,53.9712890267,0.6958721360
10.2894541000,2859,0.3430780848,53.9712890267,0.6958721360
10.2933752000,2860,0.3430780848,53.9712890267,0.6958721360
10.2991769000,2861,0.3430780848,53.9712890267,0.6958721360
10.3039266000,2862,0.3430780848,53.9712890267,0.6958721360
10.3092961000,2863,0.3430780848,53.9712890267,0.6958721360
10.3161579000,2864,0.3430780848,53.9712890267,0.6958721360
10.3209967000,2865,0.3430780848,53.9712890267,0.6958721360
10.3265725000,2866,0.3430780848,53.9712890267,0.6958721360
10.3319719000,2867,0.3430780848,53.9712890267,0.6958721360
10.3371500000,2868,0.3430780848,53.9712890267,0.6958721360
10.3419949000,2869,0.3430780848,53.9712890267,0.6958721360
10.3467475000,2870,0.3430780848,53.9712890267,0.6958721360
10.3517981000,2871,0.3430780848,53.9712890267,0.6958721360
10.3564368000,2872,0.3430780848,53.9712890267,0.6958721360
10.3608846000,2873,0.3430780848,53.9712890267,0.6958721360
10.3653367000,2874,0.3430780848,53.9712890267,0.6958721360
10.3698010000,2875,0.3430780848,53.9712890267,0.6958721360
10.3746793000,2876,0.3430780848,53.9712890267,0.6958721360
10.3792531000,2877,0.3430780848,53.9712890267,0.6958721360
10.3843128000,2878,0.3430780848,53.9712890267,0.6958721360
10.3888134000,2879,0.3430780848,53.9712890267,0.6958721360
10.3933028000,2880,0.3430780848,53.9712890267,0.6958721360
10.3977510000,2881,0.3430780848,53.9712890267,0.6958721360
10.4022430000,2882,0.3430780848,53.9712890267,0.6958721360
10.4074252000,2883,0.3430780848,53.9712890267,0.6958721360
10.4125335000,2884,0.3430780848,53.9712890267,0.6958721360
10.4169789000,2885,0.3430780848,53.9712890267,0.6958721360
10.4216386000,2886,0.3430780848,53.9712890267,0.6958721360
10.4267878000,2887,0.3430780848,53.9712890267,0.6958721360
10.4312991000,2888,0.3430780848,53.9712890267,0.6958721360
10.4356478000,2889,0.3430780848,53.9712890267,0.6958721360
10.4399559000,2890,0.3430780848,53.9712890267,0.6958721360
10.4443344000,2891,0.3430780848,53.9712890267,0.6958721360
10.4488846000,2892,0.3430780848,53.9712890267,0.6958721360
10.4534791000,2893,0.3430780848,53.9712890267,0.6958721360
10.4604044000,2894,0.3430780848,53.9712890267,0.6958721360
10.4667142000,2895,0.3430780848,53.9712890267,0.6958721360
10.4718130000,2896,0.3430780848,53.9712890267,0.6958721360
10.4767708000,2897,0.3430780848,53.9712890267,0.6958721360
10.4814205000,2898,0.3430780848,53.9712890267,0.6958721360
10.4873817000,2899,0.3430780848,53.9712890267,0.6958721360
10.4927242000,2900,0.3430780848,53.9712890267,0.6958721360
10.4981885000,2901,0.3430780848,53.9712890267,0.6958721360
10.5023152000,2902,0.3430780848,53.9712890267,0.6958721360
10.5072083000,2903,0.3430780848,53.9712890267,0.6958721360
10.5121320000,2904,0.3430780848,53.9712890267,0.6958721360
10.5165772000,2905,0.3430780848,53.9712890267,0.6958721360
10.5208959000,2906,0.3430780848,53.9712890267,0.6958721360
10.5253517000,2907,0.3430780848,53.9712890267,0.6958721360
10.5295502000,2908,0.3430780848,53.9712890267,0.6958721360
10.5338581000,2909,0.3430780848,53.9712890267,0.6958721360
10.5382724000,2910,0.3430780848,53.9712890267,0.6958721360
10.5427001000,2911,0.3430780848,53.9712890267,0.6958721360
10.5471488000,2912,0.3430780848,53.9712890267,0.6958721360
10.5515881000,2913,0.3430780848,53.9712890267,0.6958721360
10.5559454000,2914,0.3430780848,53.9712890267,0.6958721360
10.5605220000,2915,0.3430780848,53.9712890267,0.6958721360
10.5649758000,2916,0.3430780848,53.9712890267,0.6958721360
10.5694546000,2917,0.3430780848,53.9712890267,0.6958721360
10.5738804000,2918,0.3430780848,53.9712890267,0.6958721360
10.5782773000,2919,0.3430780848,53.9712890267,0.6958721360
10.5826913000,2920,0.3430780848,53.9712890267,0.6958721360
10.5873129000,2921,0.3430780848,53.9712890267,0.6958721360
10.5918918000,2922,0.3430780848,53.9712890267,0.6958721360
10.5963637000,2923,0.3430780848,53.9712890267,0.6958721360
10.6025153000,2924,0.3430780848,53.9712890267,0.6958721360
10.6078433000,2925,0.3430780848,53.9712890267,0.6958721360
10.6124157000,2926,0.3430780848,53.9712890267,0.6958721360
10.6169289000,2927,0.3430780848,53.9712890267,0.6958721360
10.6212898000,2928,0.3430780848,53.9712890267,0.6958721360
10.6256521000,2929,0.3430780848,53.9712890267,0.6958721360
10.6303757000,2930,0.3430780848,53.9712890267,0.6958721360
10.6348492000,2931,0.3430780848,53.9712890267,0.6958721360
10.6393625000,2932,0.3430780848,53.9712890267,0.6958721360
10.6457888000,2933,0.3430780848,53.9712890267,0.6958721360
10.6515756000,2934,0.3430780848,53.9712890267,0.6958721360
10.6559371000,2935,0.3430780848,53.9712890267,0.6958721360
10.6610210000,2936,0.3430780848,53.9712890267,0.6958721360
10.6654988000,2937,0.3430780848,53.9712890267,0.6958721360
10.6698619000,2938,0.3430780848,53.9712890267,0.6958721360
10.6748514000,2939,0.3430780848,53.9712890267,0.6958721360
10.6794868000,2940,0.3430780848,53.9712890267,0.6958721360
10.6846504000,2941,0.3430780848,53.9712890267,0.6958721360
10.6892675000,2942,0.3430780848,53.9712890267,0.6958721360
10.6943772000,2943,0.3430780848,53.9712890267,0.6958721360
10.6995074000,2944,0.3430780848,53.9712890267,0.6958721360
10.7048760000,2945,0.3430780848,53.9712890267,0.6958721360
10.7094604000,2946,0.3430780848,53.9712890267,0.6958721360
10.7149272000,2947,0.3430780848,53.9712890267,0.6958721360
10.7206420000,2948,0.3430780848,53.9712890267,0.6958721360
10.7254379000,2949,0.3430780848,53.9712890267,0.6958721360
10.7312926000,2950,0.3430780848,53.9712890267,0.6958721360
10.7359946000,2951,0.3430780848,53.9712890267,0.6958721360
10.7404120000,2952,0.3430780848,53.9712890267,0.6958721360
10.7447656000,2953,0.3430780848,53.9712890267,0.6958721360
10.7492964000,2954,0.3430780848,53.9712890267,0.6958721360
10.7537372000,2955,0.3430780848,53.9712890267,0.6958721360
10.7578308000,2956,0.3430780848,53.9712890267,0.6958721360
10.7629492000,2957,0.3430780848,53.9712890267,0.6958721360
10.7690704000,2958,0.3430780848,53.9712890267,0.6958721360
10.7736383000,2959,0.3430780848,53.9712890267,0.6958721360
10.7782719000,2960,0.3430780848,53.9712890267,0.6958721360
10.7828432000,2961,0.3430780848,53.9712890267,0.6958721360
10.7873247000,2962,0.3430780848,53.9712890267,0.6958721360
10.7916584000,2963,0.3430780848,53.9712890267,0.6958721360
10.7950614000,2964,0.3430780848,53.9712890267,0.6958721360
10.8007525000,2965,0.3430780848,53.9712890267,0.6958721360
10.8056910000,2966,0.3430780848,53.9712890267,0.6958721360
10.8093089000,2967,0.3430780848,53.9712890267,0.6958721360
10.8133778000,2968,0.3430780848,53.9712890267,0.6958721360
10.8199494000,2969,0.3430780848,53.9712890267,0.6958721360
10.8251992000,2970,0.3430780848,53.9712890267,0.6958721360
10.8304072000,2971,0.3430780848,53.9712890267,0.6958721360
10.8354124000,2972,0.3430780848,53.9712890267,0.6958721360
10.8395390000,2973,0.3430780848,53.9712890267,0.6958721360
10.8440459000,2974,0.3430780848,53.9712890267,0.6958721360
10.8487762000,2975,0.3430780848,53.9712890267,0.6958721360
10.8533062000,2976,0.3430780848,53.9712890267,0.6958721360
10.8572716000,2977,0.3430780848,53.9712890267,0.6958721360
10.8606506000,2978,0.3430780848,53.9712890267,0.6958721360
10.8645284000,2979,0.3430780848,53.9712890267,0.6958721360
10.8691773000,2980,0.3430780848,53.9712890267,0.6958721360
10.8741382000,2981,0.3430780848,53.9712890267,0.6958721360
10.8795853000,2982,0.3430780848,53.9712890267,0.6958721360
10.8847565000,2983,0.3430780848,53.9712890267,0.6958721360
10.8894292000,2984,0.3430780848,53.9712890267,0.6958721360
10.8938998000,2985,0.3430780848,53.9712890267,0.6958721360
10.8973718000,2986,0.3430780848,53.9712890267,0.6958721360
10.9024682000,2987,0.3430780848,53.9712890267,0.6958721360
10.9068314000,2988,0.3430780848,53.9712890267,0.6958721360
10.9118230000,2989,0.3430780848,53.9712890267,0.6958721360
10.9168248000,2990,0.3430780848,53.9712890267,0.6958721360
10.9210575000,2991,0.3430780848,53.9712890267,0.6958721360
10.9250785000,2992,0.3430780848,53.9712890267,0.6958721360
10.9300927000,2993,0.3430780848,53.9712890267,0.6958721360
10.9342308000,2994,0.3430780848,53.9712890267,0.6958721360
10.9387240000,2995,0.3430780848,53.9712890267,0.6958721360
10.9436178000,2996,0.3430780848,53.9712890267,0.6958721360
10.9483978000,2997,0.3430780848,53.9712890267,0.6958721360
10.9532847000,2998,0.3430780848,53.9712890267,0.6958721360
10.9568144000,2999,0.3430780848,53.9712890267,0.6958721360
10.9610244000,3000,0.3430780848,53.9712890267,0.6958721360
10.9659928000,3001,0.3430780848,53.9712890267,0.6958721360
10.9704963000,3002,0.3430780848,53.9712890267,0.6958721360
10.9754687000,3003,0.3430780848,53.9712890267,0.6958721360
10.9802361000,3004,0.3430780848,53.9712890267,0.6958721360
10.9850017000,3005,0.3430780848,53.9712890267,0.6958721360
10.9897372000,3006,0.3430780848,53.9712890267,0.6958721360
10.9943920000,3007,0.3430780848,53.9712890267,0.6958721360
10.9986034000,3008,0.3430780848,53.9712890267,0.6958721360
11.0034621000,3009,0.3430780848,53.9712890267,0.6958721360
11.0077103000,3010,0.3430780848,53.9712890267,0.6958721360
11.0130819000,3011,0.3430780848,53.9712890267,0.6958721360
11.0180619000,3012,0.3430780848,53.9712890267,0.6958721360
11.0235491000,3013,0.3430780848,53.9712890267,0.6958721360
11.0288804000,3014,0.3430780848,53.9712890267,0.6958721360
11.0335798000,3015,0.3430780848,53.9712890267,0.6958721360
11.0385377000,3016,0.3430780848,53.9712890267,0.6958721360
11.0434793000,3017,0.3430780848,53.9712890267,0.6958721360
11.0478724000,3018,0.3430780848,53.9712890267,0.6958721360
11.0520309000,3019,0.3430780848,53.9712890267,0.6958721360
11.0576140000,3020,0.3430780848,53.9712890267,0.6958721360
11.0620079000,3021,0.3430780848,53.9712890267,0.6958721360
11.0660230000,3022,0.3430780848,53.9712890267,0.6958721360
11.0700001000,3023,0.3430780848,53.9712890267,0.6958721360
11.0758736000,3024,0.3430780848,53.9712890267,0.6958721360
11.0803442000,3025,0.3430780848,53.9712890267,0.6958721360
11.0847695000,3026,0.3430780848,53.9712890267,0.6958721360
11.0891735000,3027,0.3430780848,53.9712890267,0.6958721360
11.0934473000,3028,0.3430780848,53.9712890267,0.6958721360
11.0984878000,3029,0.3430780848,53.9712890267,0.6958721360
11.1033577000,3030,0.3430780848,53.9712890267,0.6958721360
11.1084023000,3031,0.3430780848,53.9712890267,0.6958721360
11.1133152000,3032,0.3430780848,53.9712890267,0.6958721360
11.1172339000,3033,0.3430780848,53.9712890267,0.6958721360
11.1231696000,3034,0.3430780848,53.9712890267,0.6958721360
11.1290062000,3035,0.3430780848,53.9712890267,0.6958721360
11.1341930000,3036,0.3430780848,53.9712890267,0.6958721360
11.1386729000,3037,0.3430780848,53.9712890267,0.6958721360
11.1441879000,3038,0.3430780848,53.9712890267,0.6958721360
11.1510357000,3039,0.3430780848,53.9712890267,0.6958721360
11.1561764000,3040,0.3430780848,53.9712890267,0.6958721360
11.1609017000,3041,0.3430780848,53.9712890267,0.6958721360
11.1654023000,3042,0.3430780848,53.9712890267,0.6958721360
11.1699439000,3043,0.3430780848,53.9712890267,0.6958721360
11.1743336000,3044,0.3430780848,53.9712890267,0.6958721360
11.1787672000,3045,0.3430780848,53.9712890267,0.6958721360
11.1830813000,3046,0.3430780848,53.9712890267,0.6958721360
11.1875325000,3047,0.3430780848,53.9712890267,0.6958721360
11.1923963000,3048,0.3430780848,53.9712890267,0.6958721360
11.1972083000,3049,0.3430780848,53.9712890267,0.6958721360
11.2018606000,3050,0.3430780848,53.9712890267,0.6958721360
11.2082124000,3051,0.3430780848,53.9712890267,0.6958721360
11.2149247000,3052,0.3430780848,53.9712890267,0.6958721360
11.2199485000,3053,0.3430780848,53.9712890267,0.6958721360
11.2247887000,3054,0.3430780848,53.9712890267,0.6958721360
11.2289982000,3055,0.3430780848,53.9712890267,0.6958721360
11.2339216000,3056,0.3430780848,53.9712890267,0.6958721360
11.2384844000,3057,0.3430780848,53.9712890267,0.6958721360
11.2431383000,3058,0.3430780848,53.9712890267,0.6958721360
11.2478003000,3059,0.3430780848,53.9712890267,0.6958721360
11.2531971000,3060,0.3430780848,53.9712890267,0.6958721360
11.2581595000,3061,0.3430780848,53.9712890267,0.6958721360
11.2629776000,3062,0.3430780848,53.9712890267,0.6958721360
11.2670037000,3063,0.3430780848,53.9712890267,0.6958721360
11.2716906000,3064,0.3430780848,53.9712890267,0.6958721360
11.2766278000,3065,0.3430780848,53.9712890267,0.6958721360
11.2810937000,3066,0.3430780848,53.9712890267,0.6958721360
11.2862762000,3067,0.3430780848,53.9712890267,0.6958721360
11.2907176000,3068,0.3430780848,53.9712890267,0.6958721360
11.2951216000,3069,0.3430780848,53.9712890267,0.6958721360
11.2997410000,3070,0.3430780848,53.9712890267,0.6958721360
11.3044328000,3071,0.3430780848,53.9712890267,0.6958721360
11.3092420000,3072,0.3430780848,53.9712890267,0.6958721360
11.3136428000,3073,0.3430780848,53.9712890267,0.6958721360
11.3185992000,3074,0.3430780848,53.9712890267,0.6958721360
11.3235856000,3075,0.3430780848,53.9712890267,0.6958721360
11.3271655000,3076,0.3430780848,53.9712890267,0.6958721360
11.3313218000,3077,0.3430780848,53.9712890267,0.6958721360
11.3352081000,3078,0.3430780848,53.9712890267,0.6958721360
11.3405200000,3079,0.3430780848,53.9712890267,0.6958721360
11.3446400000,3080,0.3430780848,53.9712890267,0.6958721360
11.3491014000,3081,0.3430780848,53.9712890267,0.6958721360
11.3535845000,3082,0.3430780848,53.9712890267,0.6958721360
11.3580771000,3083,0.3430780848,53.9712890267,0.6958721360
11.3633308000,3084,0.3430780848,53.9712890267,0.6958721360
11.3681045000,3085,0.3430780848,53.9712890267,0.6958721360
11.3726473000,3086,0.3430780848,53.9712890267,0.6958721360
11.3765938000,3087,0.3430780848,53.9712890267,0.6958721360
11.3817943000,3088,0.3430780848,53.9712890267,0.6958721360
11.3860635000,3089,0.3430780848,53.9712890267,0.6958721360
11.3907495000,3090,0.3430780848,53.9712890267,0.6958721360
11.3954686000,3091,0.3430780848,53.9712890267,0.6958721360
11.3993423000,3092,0.3430780848,53.9712890267,0.6958721360
11.4043517000,3093,0.3430780848,53.9712890267,0.6958721360
11.4087593000,3094,0.3430780848,53.9712890267,0.6958721360
11.4132423000,3095,0.3430780848,53.9712890267,0.6958721360
11.4177109000,3096,0.3430780848,53.9712890267,0.6958721360
11.4220700000,3097,0.3430780848,53.9712890267,0.6958721360
11.4264534000,3098,0.3430780848,53.9712890267,0.6958721360
11.4319193000,3099,0.3430780848,53.9712890267,0.6958721360
11.4365291000,3100,0.3430780848,53.9712890267,0.6958721360
11.4412745000,3101,0.3430780848,53.9712890267,0.6958721360
11.4464387000,3102,0.3430780848,53.9712890267,0.6958721360
11.4510195000,3103,0.3430780848,53.9712890267,0.6958721360
11.4555667000,3104,0.3430780848,53.9712890267,0.6958721360
11.4604459000,3105,0.3430780848,53.9712890267,0.6958721360
11.4658216000,3106,0.3430780848,53.9712890267,0.6958721360
11.4701833000,3107,0.3430780848,53.9712890267,0.6958721360
11.4749108000,3108,0.3430780848,53.9712890267,0.6958721360
11.4792113000,3109,0.3430780848,53.9712890267,0.6958721360
11.4840157000,3110,0.3430780848,53.9712890267,0.6958721360
11.4887741000,3111,0.3430780848,53.9712890267,0.6958721360
11.4941677000,3112,0.3430780848,53.9712890267,0.6958721360
11.4985966000,3113,0.3430780848,53.9712890267,0.6958721360
11.5029516000,3114,0.3430780848,53.9712890267,0.6958721360
11.5082872000,3115,0.3430780848,53.9712890267,0.6958721360
11.5134452000,3116,0.3430780848,53.9712890267,0.6958721360
11.5179287000,3117,0.3430780848,53.9712890267,0.6958721360
11.5216961000,3118,0.3430780848,53.9712890267,0.6958721360
11.5261561000,3119,0.3430780848,53.9712890267,0.6958721360
11.5306323000,3120,0.3430780848,53.9712890267,0.6958721360
11.5351446000,3121,0.3430780848,53.9712890267,0.6958721360
11.5404100000,3122,0.3429963900,53.9712890267,0.6946399587
11.5446475000,3123,0.3429963900,53.9712890267,0.6946399587
11.5503367000,3124,0.3429963900,53.9712890267,0.6946399587
11.5552749000,3125,0.3429963900,53.9712890267,0.6946399587
11.5599215000,3126,0.3427921532,53.9712890267,0.6915595155
11.5645012000,3127,0.3427921532,53.9712890267,0.6915595155
11.5686608000,3128,0.3427921532,53.9712890267,0.6915595155
11.5732673000,3129,0.3427921532,53.9712890267,0.6915595155
11.5779739000,3130,0.3427921532,53.9712890267,0.6915595155
11.5826167000,3131,0.3427921532,53.9712890267,0.6915595155
11.5872222000,3132,0.3427921532,53.9712890267,0.6915595155
11.5918769000,3133,0.3427921532,53.9712890267,0.6915595155
11.5964014000,3134,0.3427921532,53.9712890267,0.6915595155
11.6012246000,3135,0.3427921532,53.9712890267,0.6915595155
11.6062676000,3136,0.3427921532,53.9712890267,0.6915595155
11.6111955000,3137,0.3427921532,53.9712890267,0.6915595155
11.6163809000,3138,0.3427921532,53.9712890267,0.6915595155
11.6219221000,3139,0.3427921532,53.9712890267,0.6915595155
11.6272298000,3140,0.3427921532,53.9712890267,0.6915595155
11.6322148000,3141,0.3427921532,53.9712890267,0.6915595155
11.6372997000,3142,0.3427921532,53.9712890267,0.6915595155
11.6424061000,3143,0.3427921532,53.9712890267,0.6915595155
11.6476064000,3144,0.3427921532,53.9712890267,0.6915595155
11.6525836000,3145,0.3427921532,53.9712890267,0.6915595155
11.6568216000,3146,0.3427921532,53.9712890267,0.6915595155
11.6627519000,3147,0.3427921532,53.9712890267,0.6915595155
11.6674287000,3148,0.3427921532,53.9712890267,0.6915595155
11.6724932000,3149,0.3427921532,53.9712890267,0.6915595155
11.6781954000,3150,0.3427921532,53.9712890267,0.6915595155
11.6834441000,3151,0.3427921532,53.9712890267,0.6915595155
11.6876566000,3152,0.3427921532,53.9712890267,0.6915595155
11.6930194000,3153,0.3427921532,53.9712890267,0.6915595155
11.6982225000,3154,0.3427921532,53.9712890267,0.6915595155
11.7027022000,3155,0.3427921532,53.9712890267,0.6915595155
11.7074296000,3156,0.3427921532,53.9712890267,0.6915595155
11.7120311000,3157,0.3427921532,53.9712890267,0.6915595155
11.7166634000,3158,0.3427921532,53.9712890267,0.6915595155
11.7210835000,3159,0.3427921532,53.9712890267,0.6915595155
11.7256679000,3160,0.3427921532,53.9712890267,0.6915595155
11.7304389000,3161,0.3427921532,53.9712890267,0.6915595155
11.7349825000,3162,0.3427921532,53.9712890267,0.6915595155
11.7395829000,3163,0.3427921532,53.9712890267,0.6915595155
11.7442119000,3164,0.3427921532,53.9712890267,0.6915595155
11.7485425000,3165,0.3427921532,53.9712890267,0.6915595155
11.7532480000,3166,0.3427921532,53.9712890267,0.6915595155
11.7583186000,3167,0.3427921532,53.9712890267,0.6915595155
11.7632005000,3168,0.3427921532,53.9712890267,0.6915595155
11.7681704000,3169,0.3427921532,53.9712890267,0.6915595155
11.7734994000,3170,0.3427921532,53.9712890267,0.6915595155
11.7784572000,3171,0.3427921532,53.9712890267,0.6915595155
11.7834608000,3172,0.3427921532,53.9712890267,0.6915595155
11.7878568000,3173,0.3427921532,53.9712890267,0.6915595155
11.7923026000,3174,0.3427921532,53.9712890267,0.6915595155
11.7967573000,3175,0.3427921532,53.9712890267,0.6915595155
11.8017206000,3176,0.3427921532,53.9712890267,0.6915595155
11.8065765000,3177,0.3427921532,53.9712890267,0.6915595155
11.8122993000,3178,0.3427921532,53.9712890267,0.6915595155
11.8184589000,3179,0.3427921532,53.9712890267,0.6915595155
11.8235474000,3180,0.3427921532,53.9712890267,0.6915595155
11.8284153000,3181,0.3427921532,53.9712890267,0.6915595155
11.8331903000,3182,0.3427921532,53.9712890267,0.6915595155
11.8377387000,3183,0.3427921532,53.9712890267,0.6915595155
11.8425765000,3184,0.3427921532,53.9712890267,0.6915595155
11.8483614000,3185,0.3427921532,53.9712890267,0.6915595155
11.8533255000,3186,0.3427921532,53.9712890267,0.6915595155
11.8578120000,3187,0.3427921532,53.9712890267,0.6915595155
11.8633490000,3188,0.3427921532,53.9712890267,0.6915595155
11.8685001000,3189,0.3427921532,53.9712890267,0.6915595155
11.8730625000,3190,0.3427921532,53.9712890267,0.6915595155
11.8778766000,3191,0.3427921532,53.9712890267,0.6915595155
11.8825047000,3192,0.3427921532,53.9712890267,0.6915595155
11.8869367000,3193,0.3427921532,53.9712890267,0.6915595155
11.8913590000,3194,0.3427921532,53.9712890267,0.6915595155
11.8959970000,3195,0.3427921532,53.9712890267,0.6915595155
11.9016460000,3196,0.3427921532,53.9712890267,0.6915595155
11.9065652000,3197,0.3427921532,53.9712890267,0.6915595155
11.9117709000,3198,0.3427921532,53.9712890267,0.6915595155
11.9169531000,3199,0.3427921532,53.9712890267,0.6915595155
11.9221123000,3200,0.3427921532,53.9712890267,0.6915595155
11.9270342000,3201,0.3427921532,53.9712890267,0.6915595155
11.9317487000,3202,0.3427921532,53.9712890267,0.6915595155
11.9364066000,3203,0.3427921532,53.9712890267,0.6915595155
11.9409814000,3204,0.3427921532,53.9712890267,0.6915595155
11.9455004000,3205,0.3427921532,53.9712890267,0.6915595155
11.9500266000,3206,0.3427921532,53.9712890267,0.6915595155
11.9544999000,3207,0.3427921532,53.9712890267,0.6915595155
11.9590227000,3208,0.3427921532,53.9712890267,0.6915595155
11.9635228000,3209,0.3427921532,53.9712890267,0.6915595155
11.9680507000,3210,0.3427921532,53.9712890267,0.6915595155
11.9734050000,3211,0.3427921532,53.9712890267,0.6915595155
11.9780173000,3212,0.3427921532,53.9712890267,0.6915595155
11.9819793000,3213,0.3427921532,53.9712890267,0.6915595155
11.9862225000,3214,0.3427921532,53.9712890267,0.6915595155
11.9906665000,3215,0.3427921532,53.9712890267,0.6915595155
11.9959954000,3216,0.3427921532,53.9712890267,0.6915595155
12.0010171000,3217,0.3427921532,53.9712890267,0.6915595155
12.0062061000,3218,0.3427921532,53.9712890267,0.6915595155
12.0109120000,3219,0.3427921532,53.9712890267,0.6915595155
12.0146089000,3220,0.3427921532,53.9712890267,0.6915595155
12.0199412000,3221,0.3427921532,53.9712890267,0.6915595155
12.0248591000,3222,0.3427921532,53.9712890267,0.6915595155
12.0292792000,3223,0.3427921532,53.9712890267,0.6915595155
12.0344435000,3224,0.3427921532,53.9712890267,0.6915595155
12.0395368000,3225,0.3427921532,53.9712890267,0.6915595155
12.0438047000,3226,0.3427921532,53.9712890267,0.6915595155
12.0491688000,3227,0.3427921532,53.9712890267,0.6915595155
12.0544087000,3228,0.3427921532,53.9712890267,0.6915595155
12.0589657000,3229,0.3427921532,53.9712890267,0.6915595155
12.0637342000,3230,0.3427921532,53.9712890267,0.6915595155
12.0689204000,3231,0.3427921532,53.9712890267,0.6915595155
12.0749867000,3232,0.3427921532,53.9712890267,0.6915595155
12.0786645000,3233,0.3427921532,53.9712890267,0.6915595155
12.0832926000,3234,0.3427921532,53.9712890267,0.6915595155
12.0880652000,3235,0.3427921532,53.9712890267,0.6915595155
12.0920643000,3236,0.3427921532,53.9712890267,0.6915595155
12.0970300000,3237,0.3427921532,53.9712890267,0.6915595155
12.1025362000,3238,0.3427921532,53.9712890267,0.6915595155
12.1071561000,3239,0.3427921532,53.9712890267,0.6915595155
12.1116485000,3240,0.3427921532,53.9712890267,0.6915595155
12.1162404000,3241,0.3427921532,53.9712890267,0.6915595155
12.1208544000,3242,0.3427921532,53.9712890267,0.6915595155
12.1253729000,3243,0.3427921532,53.9712890267,0.6915595155
12.1292287000,3244,0.3427921532,53.9712890267,0.6915595155
12.1338414000,3245,0.3427921532,53.9712890267,0.6915595155
12.1383913000,3246,0.3427921532,53.9712890267,0.6915595155
12.1441671000,3247,0.3427921532,53.9712890267,0.6915595155
12.1494257000,3248,0.3427921532,53.9712890267,0.6915595155
12.1545015000,3249,0.3427921532,53.9712890267,0.6915595155
12.1598928000,3250,0.3427921532,53.9712890267,0.6915595155
12.1649037000,3251,0.3427921532,53.9712890267,0.6915595155
12.1695140000,3252,0.3427921532,53.9712890267,0.6915595155
12.1749436000,3253,0.3427921532,53.9712890267,0.6915595155
12.1799263000,3254,0.3427921532,53.9712890267,0.6915595155
12.1844003000,3255,0.3427921532,53.9712890267,0.6915595155
12.1888856000,3256,0.3427921532,53.9712890267,0.6915595155
12.1932761000,3257,0.3427921532,53.9712890267,0.6915595155
12.1978858000,3258,0.3427921532,53.9712890267,0.6915595155
12.2018853000,3259,0.3427921532,53.9712890267,0.6915595155
12.2067148000,3260,0.3427921532,53.9712890267,0.6915595155
12.2112149000,3261,0.3427921532,53.9712890267,0.6915595155
12.2158984000,3262,0.3427921532,53.9712890267,0.6915595155
12.2207982000,3263,0.3427921532,53.9712890267,0.6915595155
12.2259583000,3264,0.3427921532,53.9712890267,0.6915595155
12.2305823000,3265,0.3427921532,53.9712890267,0.6915595155
12.2353742000,3266,0.3427921532,53.9712890267,0.6915595155
12.2392803000,3267,0.3427921532,53.9712890267,0.6915595155
12.2438985000,3268,0.3427921532,53.9712890267,0.6915595155
12.2487351000,3269,0.3427921532,53.9712890267,0.6915595155
12.2535168000,3270,0.3427921532,53.9712890267,0.6915595155
12.2585382000,3271,0.3427921532,53.9712890267,0.6915595155
12.2633238000,3272,0.3427921532,53.9712890267,0.6915595155
12.2680645000,3273,0.3427921532,53.9712890267,0.6915595155
12.2734788000,3274,0.3427921532,53.9712890267,0.6915595155
12.2791101000,3275,0.3427921532,53.9712890267,0.6915595155
12.2840405000,3276,0.3427921532,53.9712890267,0.6915595155
12.2890732000,3277,0.3427921532,53.9712890267,0.6915595155
12.2949497000,3278,0.3427921532,53.9712890267,0.6915595155
12.2995763000,3279,0.3427921532,53.9712890267,0.6915595155
12.3041245000,3280,0.3427921532,53.9712890267,0.6915595155
12.3097666000,3281,0.3427921532,53.9712890267,0.6915595155
12.3145439000,3282,0.3427921532,53.9712890267,0.6915595155
12.3211079000,3283,0.3427921532,53.9712890267,0.6915595155
12.3263124000,3284,0.3427921532,53.9712890267,0.6915595155
12.3320306000,3285,0.3427921532,53.9712890267,0.6915595155
12.3376883000,3286,0.3427921532,53.9712890267,0.6915595155
12.3432872000,3287,0.3427921532,53.9712890267,0.6915595155
12.3482085000,3288,0.3427921532,53.9712890267,0.6915595155
12.3527583000,3289,0.3427921532,53.9712890267,0.6915595155
12.3574205000,3290,0.3427921532,53.9712890267,0.6915595155
12.3621127000,3291,0.3427921532,53.9712890267,0.6915595155
12.3677195000,3292,0.3427921532,53.9712890267,0.6915595155
12.3722493000,3293,0.3427921532,53.9712890267,0.6915595155
12.3774743000,3294,0.3427921532,53.9712890267,0.6915595155
12.3821176000,3295,0.3427921532,53.9712890267,0.6915595155
12.3870870000,3296,0.3427921532,53.9712890267,0.6915595155
12.3915869000,3297,0.3427921532,53.9712890267,0.6915595155
12.3964974000,3298,0.3427921532,53.9712890267,0.6915595155
12.4013371000,3299,0.3427921532,53.9712890267,0.6915595155
12.4059224000,3300,0.3427921532,53.9712890267,0.6915595155
12.4100360000,3301,0.3427921532,53.9712890267,0.6915595155
12.4149243000,3302,0.3427921532,53.9712890267,0.6915595155
12.4194893000,3303,0.3427921532,53.9712890267,0.6915595155
12.4241243000,3304,0.3427921532,53.9712890267,0.6915595155
12.4285981000,3305,0.3427921532,53.9712890267,0.6915595155
12.4330094000,3306,0.3427921532,53.9712890267,0.6915595155
12.4374829000,3307,0.3427921532,53.9712890267,0.6915595155
12.4418902000,3308,0.3427921532,53.9712890267,0.6915595155
12.4465663000,3309,0.3427921532,53.9712890267,0.6915595155
12.4517897000,3310,0.3427921532,53.9712890267,0.6915595155
12.4558778000,3311,0.3427921532,53.9712890267,0.6915595155
12.4623971000,3312,0.3427921532,53.9712890267,0.6915595155
12.4688170000,3313,0.3427921532,53.9712890267,0.6915595155
12.4734944000,3314,0.3427921532,53.9712890267,0.6915595155
12.4782478000,3315,0.3427921532,53.9712890267,0.6915595155
12.4829048000,3316,0.3427921532,53.9712890267,0.6915595155
12.4880554000,3317,0.3427921532,53.9712890267,0.6915595155
12.4927821000,3318,0.3427921532,53.9712890267,0.6915595155
12.4974686000,3319,0.3427921532,53.9712890267,0.6915595155
12.5023196000,3320,0.3427921532,53.9712890267,0.6915595155
12.5069525000,3321,0.3427921532,53.9712890267,0.6915595155
12.5117106000,3322,0.3427921532,53.9712890267,0.6915595155
12.5165982000,3323,0.3427921532,53.9712890267,0.6915595155
12.5214116000,3324,0.3427921532,53.9712890267,0.6915595155
12.5262502000,3325,0.3427921532,53.9712890267,0.6915595155
12.5312044000,3326,0.3427921532,53.9712890267,0.6915595155
12.5357299000,3327,0.3427921532,53.9712890267,0.6915595155
12.5405311000,3328,0.3427921532,53.9712890267,0.6915595155
12.5455073000,3329,0.3427921532,53.9712890267,0.6915595155
12.5496106000,3330,0.3427921532,53.9712890267,0.6915595155
12.5546980000,3331,0.3427921532,53.9712890267,0.6915595155
12.5599938000,3332,0.3427921532,53.9712890267,0.6915595155
12.5650473000,3333,0.3427921532,53.9712890267,0.6915595155
12.5705207000,3334,0.3427921532,53.9712890267,0.6915595155
12.5754839000,3335,0.3427921532,53.9712890267,0.6915595155
12.5802755000,3336,0.3427921532,53.9712890267,0.6915595155
12.5848011000,3337,0.3427921532,53.9712890267,0.6915595155
12.5893600000,3338,0.3427921532,53.9712890267,0.6915595155
12.5946712000,3339,0.3427921532,53.9712890267,0.6915595155
12.5989522000,3340,0.3427921532,53.9712890267,0.6915595155
12.6041393000,3341,0.3427921532,53.9712890267,0.6915595155
12.6097913000,3342,0.3427921532,53.9712890267,0.6915595155
12.6144329000,3343,0.3427921532,53.9712890267,0.6915595155
12.6191451000,3344,0.3427921532,53.9712890267,0.6915595155
12.6235636000,3345,0.3427921532,53.9712890267,0.6915595155
12.6283011000,3346,0.3427921532,53.9712890267,0.6915595155
12.6328559000,3347,0.3427921532,53.9712890267,0.6915595155
12.6374341000,3348,0.3427921532,53.9712890267,0.6915595155
12.6423668000,3349,0.3427921532,53.9712890267,0.6915595155
12.6469312000,3350,0.3427921532,53.9712890267,0.6915595155
12.6516095000,3351,0.3427921532,53.9712890267,0.6915595155
12.6559921000,3352,0.3427921532,53.9712890267,0.6915595155
12.6600320000,3353,0.3427921532,53.9712890267,0.6915595155
12.6655388000,3354,0.3427921532,53.9712890267,0.6915595155
12.6701861000,3355,0.3427921532,53.9712890267,0.6915595155
12.6743965000,3356,0.3427921532,53.9712890267,0.6915595155
12.6792043000,3357,0.3427921532,53.9712890267,0.6915595155
12.6831574000,3358,0.3427921532,53.9712890267,0.6915595155
12.6883233000,3359,0.3427921532,53.9712890267,0.6915595155
12.6928844000,3360,0.3427921532,53.9712890267,0.6915595155
12.6976088000,3361,0.3427921532,53.9712890267,0.6915595155
12.7017242000,3362,0.3427921532,53.9712890267,0.6915595155
12.7059348000,3363,0.3427921532,53.9712890267,0.6915595155
12.7109953000,3364,0.3427921532,53.9712890267,0.6915595155
12.7166077000,3365,0.3427921532,53.9712890267,0.6915595155
12.7212164000,3366,0.3427921532,53.9712890267,0.6915595155
12.7260346000,3367,0.3427921532,53.9712890267,0.6915595155
12.7316841000,3368,0.3427921532,53.9712890267,0.6915595155
12.7361102000,3369,0.3427921532,53.9712890267,0.6915595155
12.7407318000,3370,0.3427921532,53.9712890267,0.6915595155
12.7452985000,3371,0.3427921532,53.9712890267,0.6915595155
12.7504011000,3372,0.3427921532,53.9712890267,0.6915595155
12.7557410000,3373,0.3427921532,53.9712890267,0.6915595155
12.7607973000,3374,0.3427921532,53.9712890267,0.6915595155
12.7658921000,3375,0.3427921532,53.9712890267,0.6915595155
12.7711936000,3376,0.3427921532,53.9712890267,0.6915595155
12.7757464000,3377,0.3427921532,53.9712890267,0.6915595155
12.7802268000,3378,0.3427921532,53.9712890267,0.6915595155
12.7847726000,3379,0.3427921532,53.9712890267,0.6915595155
12.7892591000,3380,0.3427921532,53.9712890267,0.6915595155
12.7949677000,3381,0.3427921532,53.9712890267,0.6915595155
12.8002094000,3382,0.3427921532,53.9712890267,0.6915595155
12.8057634000,3383,0.3427921532,53.9712890267,0.6915595155
12.8105767000,3384,0.3427921532,53.9712890267,0.6915595155
12.8151786000,3385,0.3427921532,53.9712890267,0.6915595155
12.8201967000,3386,0.3427921532,53.9712890267,0.6915595155
12.8257738000,3387,0.3427921532,53.9712890267,0.6915595155
12.8303687000,3388,0.3427921532,53.9712890267,0.6915595155
12.8336436000,3389,0.3427921532,53.9712890267,0.6915595155
12.8372422000,3390,0.3427921532,53.9712890267,0.6915595155
12.8422137000,3391,0.3427921532,53.9712890267,0.6915595155
12.8469981000,3392,0.3427921532,53.9712890267,0.6915595155
12.8515829000,3393,0.3425266454,53.9712890267,0.6875549392
12.8561071000,3394,0.3425266454,53.9712890267,0.6875549392
12.8605726000,3395,0.3425266454,53.9712890267,0.6875549392
12.8650482000,3396,0.3425266454,53.9712890267,0.6875549392
12.8694376000,3397,0.3425266454,53.9712890267,0.6875549392
12.8738294000,3398,0.3425266454,53.9712890267,0.6875549392
12.8787416000,3399,0.3425266454,53.9712890267,0.6875549392
12.8834118000,3400,0.3425266454,53.9712890267,0.6875549392
12.8881247000,3401,0.3425266454,53.9712890267,0.6875549392
12.8925528000,3402,0.3425266454,53.9712890267,0.6875549392
12.8970328000,3403,0.3425266454,53.9712890267,0.6875549392
12.9016886000,3404,0.3425266454,53.9712890267,0.6875549392
12.9061755000,3405,0.3425266454,53.9712890267,0.6875549392
12.9108376000,3406,0.3425266454,53.9712890267,0.6875549392
12.9153099000,3407,0.3425266454,53.9712890267,0.6875549392
12.9198360000,3408,0.3425266454,53.9712890267,0.6875549392
12.9240861000,3409,0.3425266454,53.9712890267,0.6875549392
12.9289889000,3410,0.3425266454,53.9712890267,0.6875549392
12.9340076000,3411,0.3425266454,53.9712890267,0.6875549392
12.9389176000,3412,0.3425266454,53.9712890267,0.6875549392
12.9438293000,3413,0.3425266454,53.9712890267,0.6875549392
12.9484519000,3414,0.3425266454,53.9712890267,0.6875549392
12.9529093000,3415,0.3425266454,53.9712890267,0.6875549392
12.9574901000,3416,0.3425266454,53.9712890267,0.6875549392
12.9620117000,3417,0.3425266454,53.9712890267,0.6875549392
12.9664674000,3418,0.3425266454,53.9712890267,0.6875549392
12.9709193000,3419,0.3425266454,53.9712890267,0.6875549392
12.9753755000,3420,0.3425266454,53.9712890267,0.6875549392
12.9801152000,3421,0.3425266454,53.9712890267,0.6875549392
12.9847301000,3422,0.3425266454,53.9712890267,0.6875549392
12.9893290000,3423,0.3425266454,53.9712890267,0.6875549392
12.9937479000,3424,0.3425266454,53.9712890267,0.6875549392
12.9975074000,3425,0.3425266454,53.9712890267,0.6875549392
13.0019421000,3426,0.3425266454,53.9712890267,0.6875549392
13.0071882000,3427,0.3425266454,53.9712890267,0.6875549392
13.0116818000,3428,0.3425266454,53.9712890267,0.6875549392
13.0161296000,3429,0.3425266454,53.9712890267,0.6875549392
13.0210018000,3430,0.3425266454,53.9712890267,0.6875549392
13.0259027000,3431,0.3425266454,53.9712890267,0.6875549392
13.0302850000,3432,0.3425266454,53.9712890267,0.6875549392
13.0343546000,3433,0.3425266454,53.9712890267,0.6875549392
13.0388760000,3434,0.3425266454,53.9712890267,0.6875549392
13.0430561000,3435,0.3425266454,53.9712890267,0.6875549392
13.0474619000,3436,0.3425266454,53.9712890267,0.6875549392
13.0519448000,3437,0.3425266454,53.9712890267,0.6875549392
13.0563028000,3438,0.3425266454,53.9712890267,0.6875549392
13.0606670000,3439,0.3425266454,53.9712890267,0.6875549392
13.0651927000,3440,0.3425266454,53.9712890267,0.6875549392
13.0696616000,3441,0.3425266454,53.9712890267,0.6875549392
13.0742516000,3442,0.3425266454,53.9712890267,0.6875549392
13.0787660000,3443,0.3425266454,53.9712890267,0.6875549392
13.0831809000,3444,0.3425266454,53.9712890267,0.6875549392
13.0880752000,3445,0.3425266454,53.9712890267,0.6875549392
13.0926363000,3446,0.3425266454,53.9712890267,0.6875549392
13.0976948000,3447,0.3425266454,53.9712890267,0.6875549392
13.1025118000,3448,0.3425266454,53.9712890267,0.6875549392
13.1069478000,3449,0.3425266454,53.9712890267,0.6875549392
13.1125099000,3450,0.3425266454,53.9712890267,0.6875549392
13.1186502000,3451,0.3425266454,53.9712890267,0.6875549392
13.1231038000,3452,0.3425266454,53.9712890267,0.6875549392
13.1275087000,3453,0.3425266454,53.9712890267,0.6875549392
13.1318646000,3454,0.3425266454,53.9712890267,0.6875549392
13.1362713000,3455,0.3425266454,53.9712890267,0.6875549392
13.1410712000,3456,0.3425266454,53.9712890267,0.6875549392
13.1452501000,3457,0.3425266454,53.9712890267,0.6875549392
13.1494116000,3458,0.3425266454,53.9712890267,0.6875549392
13.1546625000,3459,0.3425266454,53.9712890267,0.6875549392
13.1585090000,3460,0.3425266454,53.9712890267,0.6875549392
13.1634872000,3461,0.3425266454,53.9712890267,0.6875549392
13.1681986000,3462,0.3425266454,53.9712890267,0.6875549392
13.1733492000,3463,0.3425266454,53.9712890267,0.6875549392
13.1785206000,3464,0.3425266454,53.9712890267,0.6875549392
13.1835746000,3465,0.3425266454,53.9712890267,0.6875549392
13.1883157000,3466,0.3425266454,53.9712890267,0.6875549392
13.1929719000,3467,0.3425266454,53.9712890267,0.6875549392
13.1975579000,3468,0.3425266454,53.9712890267,0.6875549392
13.2036141000,3469,0.3425266454,53.9712890267,0.6875549392
13.2103142000,3470,0.3425266454,53.9712890267,0.6875549392
13.2158856000,3471,0.3425266454,53.9712890267,0.6875549392
13.2202378000,3472,0.3425266454,53.9712890267,0.6875549392
13.2249384000,3473,0.3425266454,53.9712890267,0.6875549392
13.2304517000,3474,0.3425266454,53.9712890267,0.6875549392
13.2345072000,3475,0.3425266454,53.9712890267,0.6875549392
13.2384632000,3476,0.3425266454,53.9712890267,0.6875549392
13.2430994000,3477,0.3425266454,53.9712890267,0.6875549392
13.2475024000,3478,0.3425266454,53.9712890267,0.6875549392
13.2521271000,3479,0.3425266454,53.9712890267,0.6875549392
13.2563743000,3480,0.3425266454,53.9712890267,0.6875549392
13.2614979000,3481,0.3425266454,53.9712890267,0.6875549392
13.2667281000,3482,0.3425266454,53.9712890267,0.6875549392
13.2715715000,3483,0.3425266454,53.9712890267,0.6875549392
13.2762332000,3484,0.3425266454,53.9712890267,0.6875549392
13.2818036000,3485,0.3425266454,53.9712890267,0.6875549392
13.2874081000,3486,0.3425266454,53.9712890267,0.6875549392
13.2922729000,3487,0.3425266454,53.9712890267,0.6875549392
13.2963405000,3488,0.3425266454,53.9712890267,0.6875549392
13.3008305000,3489,0.3425266454,53.9712890267,0.6875549392
13.3059243000,3490,0.3425266454,53.9712890267,0.6875549392
13.3104572000,3491,0.3425266454,53.9712890267,0.6875549392
13.3155661000,3492,0.3425266454,53.9712890267,0.6875549392
13.3200479000,3493,0.3425266454,53.9712890267,0.6875549392
13.3249359000,3494,0.3425266454,53.9712890267,0.6875549392
13.3300170000,3495,0.3425266454,53.9712890267,0.6875549392
13.3347948000,3496,0.3425266454,53.9712890267,0.6875549392
13.3391927000,3497,0.3425266454,53.9712890267,0.6875549392
13.3441779000,3498,0.3425266454,53.9712890267,0.6875549392
13.3486173000,3499,0.3425266454,53.9712890267,0.6875549392
13.3531999000,3500,0.3425266454,53.9712890267,0.6875549392
13.3574766000,3501,0.3425266454,53.9712890267,0.6875549392
13.3617565000,3502,0.3425266454,53.9712890267,0.6875549392
13.3671534000,3503,0.3425266454,53.9712890267,0.6875549392
13.3720040000,3504,0.3425266454,53.9712890267,0.6875549392
13.3760469000,3505,0.3425266454,53.9712890267,0.6875549392
13.3796053000,3506,0.3425266454,53.9712890267,0.6875549392
13.3845875000,3507,0.3425266454,53.9712890267,0.6875549392
13.3888232000,3508,0.3425266454,53.9712890267,0.6875549392
13.3938526000,3509,0.3425266454,53.9712890267,0.6875549392
13.3970561000,3510,0.3425266454,53.9712890267,0.6875549392
13.4019414000,3511,0.3425266454,53.9712890267,0.6875549392
13.4068181000,3512,0.3425266454,53.9712890267,0.6875549392
13.4113657000,3513,0.3425266454,53.9712890267,0.6875549392
13.4158330000,3514,0.3425266454,53.9712890267,0.6875549392
13.4202667000,3515,0.3425266454,53.9712890267,0.6875549392
13.4246005000,3516,0.3425266454,53.9712890267,0.6875549392
13.4289510000,3517,0.3425266454,53.9712890267,0.6875549392
13.4333902000,3518,0.3425266454,53.9712890267,0.6875549392
13.4381541000,3519,0.3425266454,53.9712890267,0.6875549392
13.4425424000,3520,0.3425266454,53.9712890267,0.6875549392
13.4472324000,3521,0.3425266454,53.9712890267,0.6875549392
13.4516289000,3522,0.3425266454,53.9712890267,0.6875549392
13.4560704000,3523,0.3425266454,53.9712890267,0.6875549392
13.4603763000,3524,0.3425266454,53.9712890267,0.6875549392
13.4646785000,3525,0.3425266454,53.9712890267,0.6875549392
13.4690368000,3526,0.3425266454,53.9712890267,0.6875549392
13.4733984000,3527,0.3425266454,53.9712890267,0.6875549392
13.4784893000,3528,0.3425266454,53.9712890267,0.6875549392
13.4833232000,3529,0.3425266454,53.9712890267,0.6875549392
13.4876045000,3530,0.3425266454,53.9712890267,0.6875549392
13.4924254000,3531,0.3425266454,53.9712890267,0.6875549392
13.4968913000,3532,0.3425266454,53.9712890267,0.6875549392
13.5013492000,3533,0.3425266454,53.9712890267,0.6875549392
13.5056549000,3534,0.3425266454,53.9712890267,0.6875549392
13.5099386000,3535,0.3425266454,53.9712890267,0.6875549392
13.5142077000,3536,0.3425266454,53.9712890267,0.6875549392
13.5192766000,3537,0.3425266454,53.9712890267,0.6875549392
13.5250114000,3538,0.3425266454,53.9712890267,0.6875549392
13.5290658000,3539,0.3425266454,53.9712890267,0.6875549392
13.5328865000,3540,0.3425266454,53.9712890267,0.6875549392
13.5376815000,3541,0.3425266454,53.9712890267,0.6875549392
13.5427157000,3542,0.3425266454,53.9712890267,0.6875549392
13.5476157000,3543,0.3425266454,53.9712890267,0.6875549392
13.5525399000,3544,0.3425266454,53.9712890267,0.6875549392
13.5571753000,3545,0.3425266454,53.9712890267,0.6875549392
13.5618554000,3546,0.3425266454,53.9712890267,0.6875549392
13.5662137000,3547,0.3425266454,53.9712890267,0.6875549392
13.5705803000,3548,0.3425266454,53.9712890267,0.6875549392
13.5749553000,3549,0.3425266454,53.9712890267,0.6875549392
13.5792446000,3550,0.3425266454,53.9712890267,0.6875549392
13.5844879000,3551,0.3425266454,53.9712890267,0.6875549392
13.5890770000,3552,0.3425266454,53.9712890267,0.6875549392
13.5941069000,3553,0.3425266454,53.9712890267,0.6875549392
13.5994396000,3554,0.3425266454,53.9712890267,0.6875549392
13.6044111000,3555,0.3425266454,53.9712890267,0.6875549392
13.6101370000,3556,0.3425266454,53.9712890267,0.6875549392
13.6148076000,3557,0.3425266454,53.9712890267,0.6875549392
13.6193585000,3558,0.3425266454,53.9712890267,0.6875549392
13.6237547000,3559,0.3425266454,53.9712890267,0.6875549392
13.6281411000,3560,0.3425266454,53.9712890267,0.6875549392
13.6328293000,3561,0.3425266454,53.9712890267,0.6875549392
13.6373559000,3562,0.3425266454,53.9712890267,0.6875549392
13.6425792000,3563,0.3425266454,53.9712890267,0.6875549392
13.6495940000,3564,0.3425266454,53.9712890267,0.6875549392
13.6538741000,3565,0.3425266454,53.9712890267,0.6875549392
13.6585786000,3566,0.3425266454,53.9712890267,0.6875549392
13.6635656000,3567,0.3425266454,53.9712890267,0.6875549392
13.6680561000,3568,0.3425266454,53.9712890267,0.6875549392
13.6725295000,3569,0.3425266454,53.9712890267,0.6875549392
13.6764696000,3570,0.3425266454,53.9712890267,0.6875549392
13.6808835000,3571,0.3425266454,53.9712890267,0.6875549392
13.6856444000,3572,0.3425266454,53.9712890267,0.6875549392
13.6906289000,3573,0.3425266454,53.9712890267,0.6875549392
13.6955873000,3574,0.3425266454,53.9712890267,0.6875549392
13.7004260000,3575,0.3425266454,53.9712890267,0.6875549392
13.7054425000,3576,0.3425266454,53.9712890267,0.6875549392
13.7108007000,3577,0.3425266454,53.9712890267,0.6875549392
13.7159891000,3578,0.3425266454,53.9712890267,0.6875549392
13.7205169000,3579,0.3425266454,53.9712890267,0.6875549392
13.7256264000,3580,0.3425266454,53.9712890267,0.6875549392
13.7309299000,3581,0.3425266454,53.9712890267,0.6875549392
13.7352884000,3582,0.3425266454,53.9712890267,0.6875549392
13.7406680000,3583,0.3425266454,53.9712890267,0.6875549392
13.7449546000,3584,0.3425266454,53.9712890267,0.6875549392
13.7491947000,3585,0.3425266454,53.9712890267,0.6875549392
13.7547348000,3586,0.3425266454,53.9712890267,0.6875549392
13.7592557000,3587,0.3425266454,53.9712890267,0.6875549392
13.7648916000,3588,0.3425266454,53.9712890267,0.6875549392
13.7693669000,3589,0.3425266454,53.9712890267,0.6875549392
13.7736773000,3590,0.3425266454,53.9712890267,0.6875549392
13.7793112000,3591,0.3425266454,53.9712890267,0.6875549392
13.7841607000,3592,0.3425266454,53.9712890267,0.6875549392
13.7885251000,3593,0.3425266454,53.9712890267,0.6875549392
13.7928378000,3594,0.3425266454,53.9712890267,0.6875549392
13.7979433000,3595,0.3425266454,53.9712890267,0.6875549392
13.8022274000,3596,0.3425266454,53.9712890267,0.6875549392
13.8066225000,3597,0.3425266454,53.9712890267,0.6875549392
13.8110026000,3598,0.3425266454,53.9712890267,0.6875549392
13.8156220000,3599,0.3425266454,53.9712890267,0.6875549392
13.8202991000,3600,0.3425266454,53.9712890267,0.6875549392
13.8258201000,3601,0.3425266454,53.9712890267,0.6875549392
13.8309493000,3602,0.3425266454,53.9712890267,0.6875549392
13.8353801000,3603,0.3425266454,53.9712890267,0.6875549392
13.8396243000,3604,0.3425266454,53.9712890267,0.6875549392
13.8438415000,3605,0.3425266454,53.9712890267,0.6875549392
13.8480622000,3606,0.3425266454,53.9712890267,0.6875549392
13.8524113000,3607,0.3425266454,53.9712890267,0.6875549392
13.8567946000,3608,0.3425266454,53.9712890267,0.6875549392
13.8611289000,3609,0.3425266454,53.9712890267,0.6875549392
13.8656191000,3610,0.3425266454,53.9712890267,0.6875549392
13.8699535000,3611,0.3425266454,53.9712890267,0.6875549392
13.8742372000,3612,0.3425266454,53.9712890267,0.6875549392
13.8785209000,3613,0.3425266454,53.9712890267,0.6875549392
13.8828721000,3614,0.3425266454,53.9712890267,0.6875549392
13.8871882000,3615,0.3425266454,53.9712890267,0.6875549392
13.8914228000,3616,0.3425266454,53.9712890267,0.6875549392
13.8957424000,3617,0.3425266454,53.9712890267,0.6875549392
13.8999727000,3618,0.3425266454,53.9712890267,0.6875549392
13.9043166000,3619,0.3425266454,53.9712890267,0.6875549392
13.9086928000,3620,0.3425266454,53.9712890267,0.6875549392
13.9127295000,3621,0.3424653744,53.9712890267,0.6866308062
13.9167566000,3622,0.3424653744,53.9712890267,0.6866308062
13.9216215000,3623,0.3424653744,53.9712890267,0.6866308062
13.9262839000,3624,0.3422611376,53.9712890267,0.6835503629
13.9310346000,3625,0.3422611376,53.9712890267,0.6835503629
13.9361140000,3626,0.3422611376,53.9712890267,0.6835503629
13.9408818000,3627,0.3422611376,53.9712890267,0.6835503629
13.9456982000,3628,0.3422611376,53.9712890267,0.6835503629
13.9507073000,3629,0.3422611376,53.9712890267,0.6835503629
13.9553428000,3630,0.3422611376,53.9712890267,0.6835503629
13.9602284000,3631,0.3422611376,53.9712890267,0.6835503629
13.9647689000,3632,0.3422611376,53.9712890267,0.6835503629
13.9691507000,3633,0.3422611376,53.9712890267,0.6835503629
13.9736536000,3634,0.3422611376,53.9712890267,0.6835503629
13.9782707000,3635,0.3422611376,53.9712890267,0.6835503629
13.9829161000,3636,0.3422611376,53.9712890267,0.6835503629
13.9875831000,3637,0.3422611376,53.9712890267,0.6835503629
13.9920306000,3638,0.3422611376,53.9712890267,0.6835503629
13.9965595000,3639,0.3422611376,53.9712890267,0.6835503629
14.0010889000,3640,0.3422611376,53.9712890267,0.6835503629
14.0060526000,3641,0.3422611376,53.9712890267,0.6835503629
14.0121567000,3642,0.3422611376,53.9712890267,0.6835503629
14.0167832000,3643,0.3422611376,53.9712890267,0.6835503629
14.0208518000,3644,0.3422611376,53.9712890267,0.6835503629
14.0256263000,3645,0.3422611376,53.9712890267,0.6835503629
14.0308149000,3646,0.3422611376,53.9712890267,0.6835503629
14.0356585000,3647,0.3422611376,53.9712890267,0.6835503629
14.0405840000,3648,0.3422611376,53.9712890267,0.6835503629
14.0458259000,3649,0.3422611376,53.9712890267,0.6835503629
14.0527425000,3650,0.3422611376,53.9712890267,0.6835503629
14.0576409000,3651,0.3422611376,53.9712890267,0.6835503629
14.0626365000,3652,0.3422611376,53.9712890267,0.6835503629
14.0671389000,3653,0.3422611376,53.9712890267,0.6835503629
14.0722749000,3654,0.3422611376,53.9712890267,0.6835503629
14.0779169000,3655,0.3422611376,53.9712890267,0.6835503629
14.0824867000,3656,0.3422611376,53.9712890267,0.6835503629
14.0875318000,3657,0.3422611376,53.9712890267,0.6835503629
14.0923263000,3658,0.3422611376,53.9712890267,0.6835503629
14.0959372000,3659,0.3422611376,53.9712890267,0.6835503629
14.1008896000,3660,0.3422611376,53.9712890267,0.6835503629
14.1061769000,3661,0.3422611376,53.9712890267,0.6835503629
14.1117667000,3662,0.3422611376,53.9712890267,0.6835503629
14.1170052000,3663,0.3422611376,53.9712890267,0.6835503629
14.1220807000,3664,0.3422611376,53.9712890267,0.6835503629
14.1266328000,3665,0.3422611376,53.9712890267,0.6835503629
14.1313516000,3666,0.3422611376,53.9712890267,0.6835503629
14.1341567000,3667,0.3422611376,53.9712890267,0.6835503629
14.1393424000,3668,0.3422611376,53.9712890267,0.6835503629
14.1436178000,3669,0.3422611376,53.9712890267,0.6835503629
14.1490653000,3670,0.3422611376,53.9712890267,0.6835503629
14.1545781000,3671,0.3422611376,53.9712890267,0.6835503629
14.1588785000,3672,0.3422611376,53.9712890267,0.6835503629
14.1653341000,3673,0.3422611376,53.9712890267,0.6835503629
14.1709631000,3674,0.3422611376,53.9712890267,0.6835503629
14.1758449000,3675,0.3422611376,53.9712890267,0.6835503629
14.1804889000,3676,0.3422611376,53.9712890267,0.6835503629
14.1847782000,3677,0.3422611376,53.9712890267,0.6835503629
14.1901996000,3678,0.3422611376,53.9712890267,0.6835503629
14.1955241000,3679,0.3422611376,53.9712890267,0.6835503629
14.2006594000,3680,0.3422611376,53.9712890267,0.6835503629
14.2055822000,3681,0.3422611376,53.9712890267,0.6835503629
14.2115413000,3682,0.3422611376,53.9712890267,0.6835503629
14.2186678000,3683,0.3422611376,53.9712890267,0.6835503629
14.2255488000,3684,0.3422611376,53.9712890267,0.6835503629
14.2312396000,3685,0.3422611376,53.9712890267,0.6835503629
14.2365058000,3686,0.3422611376,53.9712890267,0.6835503629
14.2417413000,3687,0.3422611376,53.9712890267,0.6835503629
14.2490300000,3688,0.3422611376,53.9712890267,0.6835503629
14.2548887000,3689,0.3422611376,53.9712890267,0.6835503629
14.2603555000,3690,0.3422611376,53.9712890267,0.6835503629
14.2652763000,3691,0.3422611376,53.9712890267,0.6835503629
14.2720867000,3692,0.3422611376,53.9712890267,0.6835503629
14.2787036000,3693,0.3422611376,53.9712890267,0.6835503629
14.2834631000,3694,0.3422611376,53.9712890267,0.6835503629
14.2883311000,3695,0.3422611376,53.9712890267,0.6835503629
14.2941570000,3696,0.3422611376,53.9712890267,0.6835503629
14.2987366000,3697,0.3422611376,53.9712890267,0.6835503629
14.3034661000,3698,0.3422611376,53.9712890267,0.6835503629
14.3083527000,3699,0.3422611376,53.9712890267,0.6835503629
14.3129944000,3700,0.3422611376,53.9712890267,0.6835503629
14.3177512000,3701,0.3422611376,53.9712890267,0.6835503629
14.3223892000,3702,0.3422611376,53.9712890267,0.6835503629
14.3270676000,3703,0.3422611376,53.9712890267,0.6835503629
14.3332789000,3704,0.3422611376,53.9712890267,0.6835503629
14.3388273000,3705,0.3422611376,53.9712890267,0.6835503629
14.3434844000,3706,0.3422611376,53.9712890267,0.6835503629
14.3481235000,3707,0.3422611376,53.9712890267,0.6835503629
14.3526143000,3708,0.3422611376,53.9712890267,0.6835503629
14.3571185000,3709,0.3422611376,53.9712890267,0.6835503629
14.3615818000,3710,0.3422611376,53.9712890267,0.6835503629
14.3661835000,3711,0.3422611376,53.9712890267,0.6835503629
14.3707233000,3712,0.3422611376,53.9712890267,0.6835503629
14.3752462000,3713,0.3422611376,53.9712890267,0.6835503629
14.3809395000,3714,0.3422611376,53.9712890267,0.6835503629
14.3855238000,3715,0.3422611376,53.9712890267,0.6835503629
14.3900768000,3716,0.3422611376,53.9712890267,0.6835503629
14.3961274000,3717,0.3422611376,53.9712890267,0.6835503629
14.4014687000,3718,0.3422611376,53.9712890267,0.6835503629
14.4060331000,3719,0.3422611376,53.9712890267,0.6835503629
14.4105534000,3720,0.3422611376,53.9712890267,0.6835503629
14.4151808000,3721,0.3422611376,53.9712890267,0.6835503629
14.4206593000,3722,0.3422611376,53.9712890267,0.6835503629
14.4252854000,3723,0.3422611376,53.9712890267,0.6835503629
14.4310007000,3724,0.3422611376,53.9712890267,0.6835503629
14.4357938000,3725,0.3422611376,53.9712890267,0.6835503629
14.4408147000,3726,0.3422611376,53.9712890267,0.6835503629
14.4463578000,3727,0.3422611376,53.9712890267,0.6835503629
14.4517550000,3728,0.3422611376,53.9712890267,0.6835503629
14.4571553000,3729,0.3422611376,53.9712890267,0.6835503629
14.4625002000,3730,0.3422611376,53.9712890267,0.6835503629
14.4680402000,3731,0.3422611376,53.9712890267,0.6835503629
14.4734022000,3732,0.3422611376,53.9712890267,0.6835503629
14.4778608000,3733,0.3422611376,53.9712890267,0.6835503629
14.4821875000,3734,0.3422611376,53.9712890267,0.6835503629
14.4868517000,3735,0.3422611376,53.9712890267,0.6835503629
14.4914231000,3736,0.3422611376,53.9712890267,0.6835503629
14.4959986000,3737,0.3422611376,53.9712890267,0.6835503629
14.5010648000,3738,0.3422611376,53.9712890267,0.6835503629
14.5060927000,3739,0.3422611376,53.9712890267,0.6835503629
14.5121139000,3740,0.3422611376,53.9712890267,0.6835503629
14.5173595000,3741,0.3422611376,53.9712890267,0.6835503629
14.5212442000,3742,0.3422611376,53.9712890267,0.6835503629
14.5262140000,3743,0.3422611376,53.9712890267,0.6835503629
14.5312347000,3744,0.3422611376,53.9712890267,0.6835503629
14.5351407000,3745,0.3422611376,53.9712890267,0.6835503629
14.5395184000,3746,0.3422611376,53.9712890267,0.6835503629
14.5445024000,3747,0.3422611376,53.9712890267,0.6835503629
14.5496445000,3748,0.3422611376,53.9712890267,0.6835503629
14.5543033000,3749,0.3422611376,53.9712890267,0.6835503629
14.5593117000,3750,0.3422611376,53.9712890267,0.6835503629
14.5643309000,3751,0.3422611376,53.9712890267,0.6835503629
14.5699813000,3752,0.3422611376,53.9712890267,0.6835503629
14.5756008000,3753,0.3422611376,53.9712890267,0.6835503629
14.5809036000,3754,0.3422611376,53.9712890267,0.6835503629
14.5852380000,3755,0.3422611376,53.9712890267,0.6835503629
14.5899555000,3756,0.3422611376,53.9712890267,0.6835503629
14.5944617000,3757,0.3422611376,53.9712890267,0.6835503629
14.5993520000,3758,0.3422611376,53.9712890267,0.6835503629
14.6045001000,3759,0.3422611376,53.9712890267,0.6835503629
14.6096229000,3760,0.3422611376,53.9712890267,0.6835503629
14.6151983000,3761,0.3422611376,53.9712890267,0.6835503629
14.6206557000,3762,0.3422611376,53.9712890267,0.6835503629
14.6256105000,3763,0.3422611376,53.9712890267,0.6835503629
14.6301686000,3764,0.3422611376,53.9712890267,0.6835503629
14.6357354000,3765,0.3422611376,53.9712890267,0.6835503629
14.6412740000,3766,0.3422611376,53.9712890267,0.6835503629
14.6446515000,3767,0.3422611376,53.9712890267,0.6835503629
14.6493046000,3768,0.3422611376,53.9712890267,0.6835503629
14.6542087000,3769,0.3422611376,53.9712890267,0.6835503629
14.6591980000,3770,0.3422611376,53.9712890267,0.6835503629
14.6639909000,3771,0.3422611376,53.9712890267,0.6835503629
14.6692065000,3772,0.3422611376,53.9712890267,0.6835503629
14.6741484000,3773,0.3422611376,53.9712890267,0.6835503629
14.6793161000,3774,0.3422611376,53.9712890267,0.6835503629
14.6838584000,3775,0.3422611376,53.9712890267,0.6835503629
14.6894386000,3776,0.3422611376,53.9712890267,0.6835503629
14.6943517000,3777,0.3422611376,53.9712890267,0.6835503629
14.6991220000,3778,0.3422611376,53.9712890267,0.6835503629
14.7054179000,3779,0.3422611376,53.9712890267,0.6835503629
14.7119146000,3780,0.3422611376,53.9712890267,0.6835503629
14.7189171000,3781,0.3422611376,53.9712890267,0.6835503629
14.7253539000,3782,0.3422611376,53.9712890267,0.6835503629
14.7326982000,3783,0.3422611376,53.9712890267,0.6835503629
14.7399997000,3784,0.3422611376,53.9712890267,0.6835503629
14.7445076000,3785,0.3422611376,53.9712890267,0.6835503629
14.7490453000,3786,0.3422611376,53.9712890267,0.6835503629
14.7536354000,3787,0.3422611376,53.9712890267,0.6835503629
14.7581991000,3788,0.3422611376,53.9712890267,0.6835503629
14.7626745000,3789,0.3422611376,53.9712890267,0.6835503629
14.7671778000,3790,0.3422611376,53.9712890267,0.6835503629
14.7717621000,3791,0.3422611376,53.9712890267,0.6835503629
14.7773270000,3792,0.3422611376,53.9712890267,0.6835503629
14.7843041000,3793,0.3422611376,53.9712890267,0.6835503629
14.7906532000,3794,0.3422611376,53.9712890267,0.6835503629
14.7953204000,3795,0.3422611376,53.9712890267,0.6835503629
14.8001942000,3796,0.3422611376,53.9712890267,0.6835503629
14.8046329000,3797,0.3422611376,53.9712890267,0.6835503629
14.8104688000,3798,0.3422611376,53.9712890267,0.6835503629
14.8157496000,3799,0.3422611376,53.9712890267,0.6835503629
14.8196303000,3800,0.3422611376,53.9712890267,0.6835503629
14.8242356000,3801,0.3422611376,53.9712890267,0.6835503629
14.8290394000,3802,0.3422611376,53.9712890267,0.6835503629
14.8343370000,3803,0.3422611376,53.9712890267,0.6835503629
14.8396802000,3804,0.3422611376,53.9712890267,0.6835503629
14.8457369000,3805,0.3422611376,53.9712890267,0.6835503629
14.8519054000,3806,0.3422611376,53.9712890267,0.6835503629
14.8572278000,3807,0.3422611376,53.9712890267,0.6835503629
14.8618206000,3808,0.3422611376,53.9712890267,0.6835503629
14.8667192000,3809,0.3422611376,53.9712890267,0.6835503629
14.8713665000,3810,0.3422611376,53.9712890267,0.6835503629
14.8759366000,3811,0.3422611376,53.9712890267,0.6835503629
14.8804985000,3812,0.3422611376,53.9712890267,0.6835503629
14.8849703000,3813,0.3422611376,53.9712890267,0.6835503629
14.8893509000,3814,0.3422611376,53.9712890267,0.6835503629
14.8938613000,3815,0.3422611376,53.9712890267,0.6835503629
14.8983317000,3816,0.3422611376,53.9712890267,0.6835503629
14.9029606000,3817,0.3422611376,53.9712890267,0.6835503629
14.9075755000,3818,0.3422611376,53.9712890267,0.6835503629
14.9121207000,3819,0.3422611376,53.9712890267,0.6835503629
14.9166375000,3820,0.3422611376,53.9712890267,0.6835503629
14.9212064000,3821,0.3422611376,53.9712890267,0.6835503629
14.9257334000,3822,0.3422611376,53.9712890267,0.6835503629
14.9301351000,3823,0.3422611376,53.9712890267,0.6835503629
14.9345217000,3824,0.3422611376,53.9712890267,0.6835503629
14.9389063000,3825,0.3422611376,53.9712890267,0.6835503629
14.9434376000,3826,0.3422611376,53.9712890267,0.6835503629
14.9478664000,3827,0.3422611376,53.9712890267,0.6835503629
14.9523041000,3828,0.3422611376,53.9712890267,0.6835503629
14.9568219000,3829,0.3422611376,53.9712890267,0.6835503629
14.9611374000,3830,0.3422611376,53.9712890267,0.6835503629
14.9656951000,3831,0.3422611376,53.9712890267,0.6835503629
14.9706523000,3832,0.3422611376,53.9712890267,0.6835503629
14.9757171000,3833,0.3422611376,53.9712890267,0.6835503629
14.9802456000,3834,0.3422611376,53.9712890267,0.6835503629
14.9852750000,3835,0.3422611376,53.9712890267,0.6835503629
14.9907362000,3836,0.3422611376,53.9712890267,0.6835503629
14.9954978000,3837,0.3422611376,53.9712890267,0.6835503629
14.9998434000,3838,0.3422611376,53.9712890267,0.6835503629
15.0045062000,3839,0.3422611376,53.9712890267,0.6835503629
15.0090603000,3840,0.3422611376,53.9712890267,0.6835503629
15.0136655000,3841,0.3422611376,53.9712890267,0.6835503629
15.0180386000,3842,0.3422611376,53.9712890267,0.6835503629
15.0224906000,3843,0.3422611376,53.9712890267,0.6835503629
15.0270125000,3844,0.3422611376,53.9712890267,0.6835503629
15.0324734000,3845,0.3422611376,53.9712890267,0.6835503629
15.0369459000,3846,0.3422611376,53.9712890267,0.6835503629
15.0414410000,3847,0.3422611376,53.9712890267,0.6835503629
15.0461892000,3848,0.3422611376,53.9712890267,0.6835503629
15.0511758000,3849,0.3422611376,53.9712890267,0.6835503629
15.0556528000,3850,0.3422611376,53.9712890267,0.6835503629
15.0605655000,3851,0.3422611376,53.9712890267,0.6835503629
15.0666175000,3852,0.3422407139,53.9712890267,0.6832423186
15.0716771000,3853,0.3422407139,53.9712890267,0.6832423186
15.0765913000,3854,0.3422407139,53.9712890267,0.6832423186
15.0814401000,3855,0.3422407139,53.9712890267,0.6832423186
15.0857961000,3856,0.3422407139,53.9712890267,0.6832423186
15.0906621000,3857,0.3422407139,53.9712890267,0.6832423186
15.0961223000,3858,0.3422407139,53.9712890267,0.6832423186
15.1010359000,3859,0.3422407139,53.9712890267,0.6832423186
15.1058999000,3860,0.3422407139,53.9712890267,0.6832423186
15.1107713000,3861,0.3422407139,53.9712890267,0.6832423186
15.1157412000,3862,0.3422407139,53.9712890267,0.6832423186
15.1202752000,3863,0.3422407139,53.9712890267,0.6832423186
15.1248332000,3864,0.3422407139,53.9712890267,0.6832423186
15.1294912000,3865,0.3422407139,53.9712890267,0.6832423186
15.1346523000,3866,0.3422407139,53.9712890267,0.6832423186
15.1402729000,3867,0.3422407139,53.9712890267,0.6832423186
15.1457044000,3868,0.3422407139,53.9712890267,0.6832423186
15.1511687000,3869,0.3422407139,53.9712890267,0.6832423186
15.1560353000,3870,0.3422407139,53.9712890267,0.6832423186
15.1605665000,3871,0.3422407139,53.9712890267,0.6832423186
15.1650317000,3872,0.3422407139,53.9712890267,0.6832423186
15.1704497000,3873,0.3422407139,53.9712890267,0.6832423186
15.1753352000,3874,0.3422407139,53.9712890267,0.6832423186
15.1808697000,3875,0.3422407139,53.9712890267,0.6832423186
15.1864670000,3876,0.3422407139,53.9712890267,0.6832423186
15.1910214000,3877,0.3422407139,53.9712890267,0.6832423186
15.1964949000,3878,0.3422407139,53.9712890267,0.6832423186
15.2026710000,3879,0.3422407139,53.9712890267,0.6832423186
15.2076339000,3880,0.3422407139,53.9712890267,0.6832423186
15.2127198000,3881,0.3422407139,53.9712890267,0.6832423186
15.2182848000,3882,0.3422407139,53.9712890267,0.6832423186
15.2241669000,3883,0.3422407139,53.9712890267,0.6832423186
15.2290472000,3884,0.3422407139,53.9712890267,0.6832423186
15.2340022000,3885,0.3422407139,53.9712890267,0.6832423186
15.2386571000,3886,0.3422407139,53.9712890267,0.6832423186
15.2431051000,3887,0.3422407139,53.9712890267,0.6832423186
15.2475633000,3888,0.3422407139,53.9712890267,0.6832423186
15.2525439000,3889,0.3422407139,53.9712890267,0.6832423186
15.2578083000,3890,0.3422407139,53.9712890267,0.6832423186
15.2633099000,3891,0.3422407139,53.9712890267,0.6832423186
15.2681024000,3892,0.3422407139,53.9712890267,0.6832423186
15.2728643000,3893,0.3422407139,53.9712890267,0.6832423186
15.2777591000,3894,0.3422407139,53.9712890267,0.6832423186
15.2821989000,3895,0.3422407139,53.9712890267,0.6832423186
15.2866115000,3896,0.3422407139,53.9712890267,0.6832423186
15.2910179000,3897,0.3422407139,53.9712890267,0.6832423186
15.2960106000,3898,0.3422407139,53.9712890267,0.6832423186
15.3010378000,3899,0.3422407139,53.9712890267,0.6832423186
15.3058831000,3900,0.3422407139,53.9712890267,0.6832423186
15.3110345000,3901,0.3422407139,53.9712890267,0.6832423186
15.3164417000,3902,0.3422407139,53.9712890267,0.6832423186
15.3213505000,3903,0.3422407139,53.9712890267,0.6832423186
15.3263039000,3904,0.3422407139,53.9712890267,0.6832423186
15.3311850000,3905,0.3422407139,53.9712890267,0.6832423186
15.3360442000,3906,0.3422407139,53.9712890267,0.6832423186
15.3408781000,3907,0.3422407139,53.9712890267,0.6832423186
15.3460380000,3908,0.3422407139,53.9712890267,0.6832423186
15.3505530000,3909,0.3422407139,53.9712890267,0.6832423186
15.3557933000,3910,0.3422407139,53.9712890267,0.6832423186
15.3610040000,3911,0.3422407139,53.9712890267,0.6832423186
15.3658628000,3912,0.3422407139,53.9712890267,0.6832423186
15.3704255000,3913,0.3422407139,53.9712890267,0.6832423186
15.3760102000,3914,0.3422407139,53.9712890267,0.6832423186
15.3810856000,3915,0.3422407139,53.9712890267,0.6832423186
15.3861033000,3916,0.3422407139,53.9712890267,0.6832423186
15.3909653000,3917,0.3422407139,53.9712890267,0.6832423186
15.3954673000,3918,0.3422407139,53.9712890267,0.6832423186
15.4001749000,3919,0.3422407139,53.9712890267,0.6832423186
15.4051448000,3920,0.3422407139,53.9712890267,0.6832423186
15.4100468000,3921,0.3422407139,53.9712890267,0.6832423186
15.4146206000,3922,0.3422407139,53.9712890267,0.6832423186
15.4192979000,3923,0.3422407139,53.9712890267,0.6832423186
15.4237945000,3924,0.3422407139,53.9712890267,0.6832423186
15.4286198000,3925,0.3422407139,53.9712890267,0.6832423186
15.4325504000,3926,0.3422407139,53.9712890267,0.6832423186
15.4372080000,3927,0.3422407139,53.9712890267,0.6832423186
15.4420091000,3928,0.3422407139,53.9712890267,0.6832423186
15.4465605000,3929,0.3422407139,53.9712890267,0.6832423186
15.4513489000,3930,0.3422407139,53.9712890267,0.6832423186
15.4562004000,3931,0.3422407139,53.9712890267,0.6832423186
15.4612475000,3932,0.3422407139,53.9712890267,0.6832423186
15.4668643000,3933,0.3422407139,53.9712890267,0.6832423186
15.4720868000,3934,0.3422407139,53.9712890267,0.6832423186
15.4767468000,3935,0.3422407139,53.9712890267,0.6832423186
15.4829807000,3936,0.3422407139,53.9712890267,0.6832423186
15.4874780000,3937,0.3421998665,53.9712890267,0.6826262300
15.4923379000,3938,0.3421998665,53.9712890267,0.6826262300
15.4973048000,3939,0.3421998665,53.9712890267,0.6826262300
15.5020544000,3940,0.3421998665,53.9712890267,0.6826262300
15.5073363000,3941,0.3421998665,53.9712890267,0.6826262300
15.5119572000,3942,0.3421998665,53.9712890267,0.6826262300
15.5170082000,3943,0.3419956297,53.9712890267,0.6795457867
15.5218957000,3944,0.3419956297,53.9712890267,0.6795457867
15.5266785000,3945,0.3419956297,53.9712890267,0.6795457867
15.5316031000,3946,0.3419956297,53.9712890267,0.6795457867
15.5367903000,3947,0.3419752060,53.9712890267,0.6792377424
15.5416331000,3948,0.3419752060,53.9712890267,0.6792377424
15.5466896000,3949,0.3419752060,53.9712890267,0.6792377424
15.5517309000,3950,0.3419752060,53.9712890267,0.6792377424
15.5569516000,3951,0.3419752060,53.9712890267,0.6792377424
15.5617690000,3952,0.3419752060,53.9712890267,0.6792377424
15.5671284000,3953,0.3419752060,53.9712890267,0.6792377424
15.5709013000,3954,0.3419752060,53.9712890267,0.6792377424
15.5758482000,3955,0.3419752060,53.9712890267,0.6792377424
15.5808275000,3956,0.3419752060,53.9712890267,0.6792377424
15.5858502000,3957,0.3419752060,53.9712890267,0.6792377424
15.5900320000,3958,0.3419752060,53.9712890267,0.6792377424
15.5951558000,3959,0.3417301219,53.9712890267,0.6755412104
15.5995965000,3960,0.3417301219,53.9712890267,0.6755412104
15.6041816000,3961,0.3417301219,53.9712890267,0.6755412104
15.6092313000,3962,0.3417301219,53.9712890267,0.6755412104
15.6143249000,3963,0.3417301219,53.9712890267,0.6755412104
15.6186547000,3964,0.3417301219,53.9712890267,0.6755412104
15.6251167000,3965,0.3417301219,53.9712890267,0.6755412104
15.6303003000,3966,0.3417301219,53.9712890267,0.6755412104
15.6352435000,3967,0.3417301219,53.9712890267,0.6755412104
15.6399732000,3968,0.3417301219,53.9712890267,0.6755412104
15.6449087000,3969,0.3417301219,53.9712890267,0.6755412104
15.6499551000,3970,0.3417301219,53.9712890267,0.6755412104
15.6546766000,3971,0.3417301219,53.9712890267,0.6755412104
15.6593186000,3972,0.3417301219,53.9712890267,0.6755412104
15.6639015000,3973,0.3417301219,53.9712890267,0.6755412104
15.6684331000,3974,0.3417301219,53.9712890267,0.6755412104
15.6728314000,3975,0.3417301219,53.9712890267,0.6755412104
15.6773838000,3976,0.3417301219,53.9712890267,0.6755412104
15.6818556000,3977,0.3417301219,53.9712890267,0.6755412104
15.6865833000,3978,0.3417301219,53.9712890267,0.6755412104
15.6920721000,3979,0.3417301219,53.9712890267,0.6755412104
15.6975594000,3980,0.3417301219,53.9712890267,0.6755412104
15.7023015000,3981,0.3417301219,53.9712890267,0.6755412104
15.7070228000,3982,0.3417301219,53.9712890267,0.6755412104
15.7122059000,3983,0.3417301219,53.9712890267,0.6755412104
15.7174652000,3984,0.3417301219,53.9712890267,0.6755412104
15.7209993000,3985,0.3417301219,53.9712890267,0.6755412104
15.7250814000,3986,0.3417301219,53.9712890267,0.6755412104
15.7297772000,3987,0.3417301219,53.9712890267,0.6755412104
15.7352648000,3988,0.3417301219,53.9712890267,0.6755412104
15.7394235000,3989,0.3417301219,53.9712890267,0.6755412104
15.7431116000,3990,0.3417301219,53.9712890267,0.6755412104
15.7460224000,3991,0.3417301219,53.9712890267,0.6755412104
15.7499553000,3992,0.3417301219,53.9712890267,0.6755412104
15.7544386000,3993,0.3417301219,53.9712890267,0.6755412104
15.7588155000,3994,0.3417301219,53.9712890267,0.6755412104
15.7634675000,3995,0.3417301219,53.9712890267,0.6755412104
15.7689377000,3996,0.3417301219,53.9712890267,0.6755412104
15.7739682000,3997,0.3417301219,53.9712890267,0.6755412104
15.7778305000,3998,0.3417301219,53.9712890267,0.6755412104
15.7826717000,3999,0.3417301219,53.9712890267,0.6755412104
15.7873750000,4000,0.3417301219,53.9712890267,0.6755412104
15.7915947000,4001,0.3417301219,53.9712890267,0.6755412104
15.7961313000,4002,0.3417301219,53.9712890267,0.6755412104
15.8004182000,4003,0.3417301219,53.9712890267,0.6755412104
15.8054023000,4004,0.3417301219,53.9712890267,0.6755412104
15.8106449000,4005,0.3417301219,53.9712890267,0.6755412104
15.8159876000,4006,0.3417301219,53.9712890267,0.6755412104
15.8200891000,4007,0.3417301219,53.9712890267,0.6755412104
15.8249250000,4008,0.3417301219,53.9712890267,0.6755412104
15.8295462000,4009,0.3417301219,53.9712890267,0.6755412104
15.8342466000,4010,0.3417301219,53.9712890267,0.6755412104
15.8385890000,4011,0.3417301219,53.9712890267,0.6755412104
15.8435235000,4012,0.3417301219,53.9712890267,0.6755412104
15.8494076000,4013,0.3417301219,53.9712890267,0.6755412104
15.8544959000,4014,0.3417301219,53.9712890267,0.6755412104
15.8594940000,4015,0.3417301219,53.9712890267,0.6755412104
15.8667274000,4016,0.3417301219,53.9712890267,0.6755412104
15.8725857000,4017,0.3417301219,53.9712890267,0.6755412104
15.8776816000,4018,0.3417301219,53.9712890267,0.6755412104
15.8824072000,4019,0.3417301219,53.9712890267,0.6755412104
15.8874620000,4020,0.3417301219,53.9712890267,0.6755412104
15.8940693000,4021,0.3417301219,53.9712890267,0.6755412104
15.8988390000,4022,0.3417301219,53.9712890267,0.6755412104
15.9031748000,4023,0.3417301219,53.9712890267,0.6755412104
15.9076793000,4024,0.3417301219,53.9712890267,0.6755412104
15.9126716000,4025,0.3417301219,53.9712890267,0.6755412104
15.9174735000,4026,0.3417301219,53.9712890267,0.6755412104
15.9225242000,4027,0.3417301219,53.9712890267,0.6755412104
15.9277492000,4028,0.3417301219,53.9712890267,0.6755412104
15.9328078000,4029,0.3417301219,53.9712890267,0.6755412104
15.9384791000,4030,0.3417301219,53.9712890267,0.6755412104
15.9446324000,4031,0.3417301219,53.9712890267,0.6755412104
15.9497464000,4032,0.3417301219,53.9712890267,0.6755412104
15.9548189000,4033,0.3417301219,53.9712890267,0.6755412104
15.9596489000,4034,0.3417301219,53.9712890267,0.6755412104
15.9645462000,4035,0.3417301219,53.9712890267,0.6755412104
15.9695306000,4036,0.3417301219,53.9712890267,0.6755412104
15.9746476000,4037,0.3417301219,53.9712890267,0.6755412104
15.9801016000,4038,0.3417301219,53.9712890267,0.6755412104
15.9856240000,4039,0.3417301219,53.9712890267,0.6755412104
15.9901980000,4040,0.3417301219,53.9712890267,0.6755412104
15.9946586000,4041,0.3417301219,53.9712890267,0.6755412104
15.9990465000,4042,0.3417301219,53.9712890267,0.6755412104
16.0033293000,4043,0.3417301219,53.9712890267,0.6755412104
16.0084015000,4044,0.3417301219,53.9712890267,0.6755412104
16.0136224000,4045,0.3417301219,53.9712890267,0.6755412104
16.0183096000,4046,0.3417301219,53.9712890267,0.6755412104
16.0228885000,4047,0.3417301219,53.9712890267,0.6755412104
16.0274991000,4048,0.3417301219,53.9712890267,0.6755412104
16.0317337000,4049,0.3417301219,53.9712890267,0.6755412104
16.0364637000,4050,0.3417301219,53.9712890267,0.6755412104
16.0412195000,4051,0.3417301219,53.9712890267,0.6755412104
16.0459306000,4052,0.3417301219,53.9712890267,0.6755412104
16.0505784000,4053,0.3417301219,53.9712890267,0.6755412104
16.0550795000,4054,0.3417301219,53.9712890267,0.6755412104
16.0595353000,4055,0.3417301219,53.9712890267,0.6755412104
16.0641612000,4056,0.3417301219,53.9712890267,0.6755412104
16.0686987000,4057,0.3417301219,53.9712890267,0.6755412104
16.0732722000,4058,0.3417301219,53.9712890267,0.6755412104
16.0775415000,4059,0.3417301219,53.9712890267,0.6755412104
16.0829302000,4060,0.3417301219,53.9712890267,0.6755412104
16.0881267000,4061,0.3417301219,53.9712890267,0.6755412104
16.0929564000,4062,0.3417301219,53.9712890267,0.6755412104
16.0978963000,4063,0.3417301219,53.9712890267,0.6755412104
16.1028757000,4064,0.3417301219,53.9712890267,0.6755412104
16.1075224000,4065,0.3417301219,53.9712890267,0.6755412104
16.1126723000,4066,0.3417301219,53.9712890267,0.6755412104
16.1178392000,4067,0.3417301219,53.9712890267,0.6755412104
16.1230942000,4068,0.3417301219,53.9712890267,0.6755412104
16.1286328000,4069,0.3417301219,53.9712890267,0.6755412104
16.1334525000,4070,0.3417301219,53.9712890267,0.6755412104
16.1380883000,4071,0.3417301219,53.9712890267,0.6755412104
16.1427369000,4072,0.3417301219,53.9712890267,0.6755412104
16.1472674000,4073,0.3417301219,53.9712890267,0.6755412104
16.1517567000,4074,0.3417301219,53.9712890267,0.6755412104
16.1565762000,4075,0.3417301219,53.9712890267,0.6755412104
16.1616138000,4076,0.3417301219,53.9712890267,0.6755412104
16.1670173000,4077,0.3417301219,53.9712890267,0.6755412104
16.1717286000,4078,0.3417301219,53.9712890267,0.6755412104
16.1778281000,4079,0.3417301219,53.9712890267,0.6755412104
16.1826532000,4080,0.3417301219,53.9712890267,0.6755412104
16.1879311000,4081,0.3417301219,53.9712890267,0.6755412104
16.1927896000,4082,0.3417301219,53.9712890267,0.6755412104
16.1976503000,4083,0.3417301219,53.9712890267,0.6755412104
16.2020266000,4084,0.3417301219,53.9712890267,0.6755412104
16.2074442000,4085,0.3417301219,53.9712890267,0.6755412104
16.2146118000,4086,0.3417301219,53.9712890267,0.6755412104
16.2197765000,4087,0.3417301219,53.9712890267,0.6755412104
16.2255395000,4088,0.3417301219,53.9712890267,0.6755412104
16.2310463000,4089,0.3417301219,53.9712890267,0.6755412104
16.2363640000,4090,0.3417301219,53.9712890267,0.6755412104
16.2410128000,4091,0.3417301219,53.9712890267,0.6755412104
16.2463081000,4092,0.3417301219,53.9712890267,0.6755412104
16.2513108000,4093,0.3417301219,53.9712890267,0.6755412104
16.2566178000,4094,0.3417301219,53.9712890267,0.6755412104
16.2617036000,4095,0.3417301219,53.9712890267,0.6755412104
16.2667450000,4096,0.3417301219,53.9712890267,0.6755412104
16.2717952000,4097,0.3417301219,53.9712890267,0.6755412104
16.2763857000,4098,0.3417301219,53.9712890267,0.6755412104
16.2810380000,4099,0.3417301219,53.9712890267,0.6755412104
16.2866707000,4100,0.3417301219,53.9712890267,0.6755412104
16.2924382000,4101,0.3417301219,53.9712890267,0.6755412104
16.2970549000,4102,0.3417301219,53.9712890267,0.6755412104
16.3016378000,4103,0.3417301219,53.9712890267,0.6755412104
16.3062816000,4104,0.3417301219,53.9712890267,0.6755412104
16.3108576000,4105,0.3417301219,53.9712890267,0.6755412104
16.3154900000,4106,0.3417301219,53.9712890267,0.6755412104
16.3204065000,4107,0.3417301219,53.9712890267,0.6755412104
16.3253353000,4108,0.3417301219,53.9712890267,0.6755412104
16.3298413000,4109,0.3417301219,53.9712890267,0.6755412104
16.3344321000,4110,0.3417301219,53.9712890267,0.6755412104
16.3395201000,4111,0.3417301219,53.9712890267,0.6755412104
16.3445509000,4112,0.3417301219,53.9712890267,0.6755412104
16.3496092000,4113,0.3417301219,53.9712890267,0.6755412104
16.3548424000,4114,0.3417301219,53.9712890267,0.6755412104
16.3595011000,4115,0.3417301219,53.9712890267,0.6755412104
16.3644888000,4116,0.3417301219,53.9712890267,0.6755412104
16.3701810000,4117,0.3417301219,53.9712890267,0.6755412104
16.3752392000,4118,0.3417301219,53.9712890267,0.6755412104
16.3803383000,4119,0.3417301219,53.9712890267,0.6755412104
16.3850465000,4120,0.3417301219,53.9712890267,0.6755412104
16.3897953000,4121,0.3417301219,53.9712890267,0.6755412104
16.3942650000,4122,0.3417301219,53.9712890267,0.6755412104
16.3986499000,4123,0.3417301219,53.9712890267,0.6755412104
16.4031804000,4124,0.3417301219,53.9712890267,0.6755412104
16.4080050000,4125,0.3417301219,53.9712890267,0.6755412104
16.4134642000,4126,0.3417301219,53.9712890267,0.6755412104
16.4187215000,4127,0.3417301219,53.9712890267,0.6755412104
16.4239818000,4128,0.3417301219,53.9712890267,0.6755412104
16.4288949000,4129,0.3417301219,53.9712890267,0.6755412104
16.4338214000,4130,0.3417301219,53.9712890267,0.6755412104
16.4386769000,4131,0.3417301219,53.9712890267,0.6755412104
16.4442239000,4132,0.3417301219,53.9712890267,0.6755412104
16.4495051000,4133,0.3417301219,53.9712890267,0.6755412104
16.4543966000,4134,0.3417301219,53.9712890267,0.6755412104
16.4588186000,4135,0.3417301219,53.9712890267,0.6755412104
16.4641751000,4136,0.3415258851,53.9712890267,0.6724607671
16.4700913000,4137,0.3415258851,53.9712890267,0.6724607671
16.4753740000,4138,0.3415258851,53.9712890267,0.6724607671
16.4800554000,4139,0.3415258851,53.9712890267,0.6724607671
16.4847238000,4140,0.3415258851,53.9712890267,0.6724607671
16.4893773000,4141,0.3415258851,53.9712890267,0.6724607671
16.4946687000,4142,0.3415258851,53.9712890267,0.6724607671
16.5003024000,4143,0.3415258851,53.9712890267,0.6724607671
16.5056276000,4144,0.3415258851,53.9712890267,0.6724607671
16.5106754000,4145,0.3415258851,53.9712890267,0.6724607671
16.5154471000,4146,0.3415258851,53.9712890267,0.6724607671
16.5201785000,4147,0.3415258851,53.9712890267,0.6724607671
16.5246988000,4148,0.3415258851,53.9712890267,0.6724607671
16.5308745000,4149,0.3415258851,53.9712890267,0.6724607671
16.5356701000,4150,0.3415258851,53.9712890267,0.6724607671
16.5403682000,4151,0.3415258851,53.9712890267,0.6724607671
16.5456025000,4152,0.3415258851,53.9712890267,0.6724607671
16.5512034000,4153,0.3415258851,53.9712890267,0.6724607671
16.5563135000,4154,0.3415258851,53.9712890267,0.6724607671
16.5613403000,4155,0.3415258851,53.9712890267,0.6724607671
16.5661225000,4156,0.3415258851,53.9712890267,0.6724607671
16.5708565000,4157,0.3415258851,53.9712890267,0.6724607671
16.5759603000,4158,0.3415258851,53.9712890267,0.6724607671
16.5818795000,4159,0.3415258851,53.9712890267,0.6724607671
16.5870180000,4160,0.3415258851,53.9712890267,0.6724607671
16.5923247000,4161,0.3415258851,53.9712890267,0.6724607671
16.5976639000,4162,0.3415258851,53.9712890267,0.6724607671
16.6030492000,4163,0.3415258851,53.9712890267,0.6724607671
16.6092431000,4164,0.3415258851,53.9712890267,0.6724607671
16.6140021000,4165,0.3415258851,53.9712890267,0.6724607671
16.6185461000,4166,0.3415258851,53.9712890267,0.6724607671
16.6240038000,4167,0.3415258851,53.9712890267,0.6724607671
16.6291805000,4168,0.3415258851,53.9712890267,0.6724607671
16.6342611000,4169,0.3415258851,53.9712890267,0.6724607671
16.6400684000,4170,0.3415258851,53.9712890267,0.6724607671
16.6452164000,4171,0.3415258851,53.9712890267,0.6724607671
16.6503108000,4172,0.3415258851,53.9712890267,0.6724607671
16.6552138000,4173,0.3415258851,53.9712890267,0.6724607671
16.6596584000,4174,0.3415258851,53.9712890267,0.6724607671
16.6644019000,4175,0.3415258851,53.9712890267,0.6724607671
16.6691569000,4176,0.3415258851,53.9712890267,0.6724607671
16.6743220000,4177,0.3415258851,53.9712890267,0.6724607671
16.6789272000,4178,0.3415258851,53.9712890267,0.6724607671
16.6839250000,4179,0.3415258851,53.9712890267,0.6724607671
16.6884239000,4180,0.3415258851,53.9712890267,0.6724607671
16.6934005000,4181,0.3415258851,53.9712890267,0.6724607671
16.6987630000,4182,0.3415258851,53.9712890267,0.6724607671
16.7037123000,4183,0.3415258851,53.9712890267,0.6724607671
16.7088477000,4184,0.3415258851,53.9712890267,0.6724607671
16.7153538000,4185,0.3415258851,53.9712890267,0.6724607671
16.7217611000,4186,0.3415258851,53.9712890267,0.6724607671
16.7271086000,4187,0.3415258851,53.9712890267,0.6724607671
16.7321618000,4188,0.3415258851,53.9712890267,0.6724607671
16.7365861000,4189,0.3415258851,53.9712890267,0.6724607671
16.7410869000,4190,0.3415258851,53.9712890267,0.6724607671
16.7459544000,4191,0.3415258851,53.9712890267,0.6724607671
16.7510388000,4192,0.3415258851,53.9712890267,0.6724607671
16.7558659000,4193,0.3415258851,53.9712890267,0.6724607671
16.7609697000,4194,0.3415258851,53.9712890267,0.6724607671
16.7658792000,4195,0.3415258851,53.9712890267,0.6724607671
16.7705350000,4196,0.3415258851,53.9712890267,0.6724607671
16.7752250000,4197,0.3415258851,53.9712890267,0.6724607671
16.7799568000,4198,0.3415258851,53.9712890267,0.6724607671
16.7856681000,4199,0.3415258851,53.9712890267,0.6724607671
16.7901829000,4200,0.3415258851,53.9712890267,0.6724607671
16.7950145000,4201,0.3415258851,53.9712890267,0.6724607671
16.7994683000,4202,0.3415258851,53.9712890267,0.6724607671
16.8045208000,4203,0.3415258851,53.9712890267,0.6724607671
16.8100910000,4204,0.3415258851,53.9712890267,0.6724607671
16.8156307000,4205,0.3415258851,53.9712890267,0.6724607671
16.8208093000,4206,0.3415258851,53.9712890267,0.6724607671
16.8253696000,4207,0.3415258851,53.9712890267,0.6724607671
16.8297693000,4208,0.3415258851,53.9712890267,0.6724607671
16.8341554000,4209,0.3415258851,53.9712890267,0.6724607671
16.8395895000,4210,0.3415258851,53.9712890267,0.6724607671
16.8447267000,4211,0.3415258851,53.9712890267,0.6724607671
16.8506234000,4212,0.3415258851,53.9712890267,0.6724607671
16.8564002000,4213,0.3415258851,53.9712890267,0.6724607671
16.8612860000,4214,0.3415258851,53.9712890267,0.6724607671
16.8660535000,4215,0.3415258851,53.9712890267,0.6724607671
16.8709591000,4216,0.3415258851,53.9712890267,0.6724607671
16.8759192000,4217,0.3415258851,53.9712890267,0.6724607671
16.8821421000,4218,0.3415258851,53.9712890267,0.6724607671
16.8882659000,4219,0.3415258851,53.9712890267,0.6724607671
16.8927756000,4220,0.3415258851,53.9712890267,0.6724607671
16.8977017000,4221,0.3415258851,53.9712890267,0.6724607671
16.9028574000,4222,0.3415258851,53.9712890267,0.6724607671
16.9075614000,4223,0.3415258851,53.9712890267,0.6724607671
16.9125734000,4224,0.3415258851,53.9712890267,0.6724607671
16.9176893000,4225,0.3415258851,53.9712890267,0.6724607671
16.9232475000,4226,0.3415258851,53.9712890267,0.6724607671
16.9275972000,4227,0.3415258851,53.9712890267,0.6724607671
16.9320463000,4228,0.3415258851,53.9712890267,0.6724607671
16.9366223000,4229,0.3415258851,53.9712890267,0.6724607671
16.9410819000,4230,0.3415258851,53.9712890267,0.6724607671
16.9460470000,4231,0.3415258851,53.9712890267,0.6724607671
16.9511810000,4232,0.3415258851,53.9712890267,0.6724607671
16.9559140000,4233,0.3415258851,53.9712890267,0.6724607671
16.9607750000,4234,0.3415258851,53.9712890267,0.6724607671
16.9657592000,4235,0.3415258851,53.9712890267,0.6724607671
16.9706025000,4236,0.3415258851,53.9712890267,0.6724607671
16.9748082000,4237,0.3415258851,53.9712890267,0.6724607671
16.9798929000,4238,0.3415258851,53.9712890267,0.6724607671
16.9844925000,4239,0.3415258851,53.9712890267,0.6724607671
16.9892571000,4240,0.3415258851,53.9712890267,0.6724607671
16.9939494000,4241,0.3415258851,53.9712890267,0.6724607671
16.9986249000,4242,0.3413216483,53.9712890267,0.6693803239
17.0036401000,4243,0.3413216483,53.9712890267,0.6693803239
17.0078831000,4244,0.3413216483,53.9712890267,0.6693803239
17.0130952000,4245,0.3413216483,53.9712890267,0.6693803239
17.0186984000,4246,0.3413216483,53.9712890267,0.6693803239
17.0236809000,4247,0.3413216483,53.9712890267,0.6693803239
17.0284613000,4248,0.3413216483,53.9712890267,0.6693803239
17.0327666000,4249,0.3413216483,53.9712890267,0.6693803239
17.0374271000,4250,0.3413216483,53.9712890267,0.6693803239
17.0431744000,4251,0.3413216483,53.9712890267,0.6693803239
17.0493541000,4252,0.3413216483,53.9712890267,0.6693803239
17.0543847000,4253,0.3413216483,53.9712890267,0.6693803239
17.0595381000,4254,0.3413216483,53.9712890267,0.6693803239
17.0648674000,4255,0.3413216483,53.9712890267,0.6693803239
17.0698724000,4256,0.3413216483,53.9712890267,0.6693803239
17.0749876000,4257,0.3413216483,53.9712890267,0.6693803239
17.0797293000,4258,0.3413216483,53.9712890267,0.6693803239
17.0837603000,4259,0.3413216483,53.9712890267,0.6693803239
17.0884009000,4260,0.3413216483,53.9712890267,0.6693803239
17.0930485000,4261,0.3413216483,53.9712890267,0.6693803239
17.0985570000,4262,0.3413216483,53.9712890267,0.6693803239
17.1026369000,4263,0.3413216483,53.9712890267,0.6693803239
17.1074819000,4264,0.3413216483,53.9712890267,0.6693803239
17.1125939000,4265,0.3413216483,53.9712890267,0.6693803239
17.1176005000,4266,0.3413216483,53.9712890267,0.6693803239
17.1219833000,4267,0.3413216483,53.9712890267,0.6693803239
17.1270534000,4268,0.3413216483,53.9712890267,0.6693803239
17.1317272000,4269,0.3413216483,53.9712890267,0.6693803239
17.1360892000,4270,0.3413216483,53.9712890267,0.6693803239
17.1404813000,4271,0.3413216483,53.9712890267,0.6693803239
17.1452622000,4272,0.3413216483,53.9712890267,0.6693803239
17.1496459000,4273,0.3413216483,53.9712890267,0.6693803239
17.1538365000,4274,0.3413216483,53.9712890267,0.6693803239
17.1578015000,4275,0.3413216483,53.9712890267,0.6693803239
17.1623105000,4276,0.3413216483,53.9712890267,0.6693803239
17.1668171000,4277,0.3413216483,53.9712890267,0.6693803239
17.1711057000,4278,0.3413216483,53.9712890267,0.6693803239
17.1757185000,4279,0.3413216483,53.9712890267,0.6693803239
17.1804070000,4280,0.3413216483,53.9712890267,0.6693803239
17.1853549000,4281,0.3413216483,53.9712890267,0.6693803239
17.1902789000,4282,0.3413216483,53.9712890267,0.6693803239
17.1947602000,4283,0.3413216483,53.9712890267,0.6693803239
17.1990992000,4284,0.3413216483,53.9712890267,0.6693803239
17.2024464000,4285,0.3413216483,53.9712890267,0.6693803239
17.2071238000,4286,0.3413216483,53.9712890267,0.6693803239
17.2115059000,4287,0.3413216483,53.9712890267,0.6693803239
17.2160017000,4288,0.3413216483,53.9712890267,0.6693803239
17.2203663000,4289,0.3413216483,53.9712890267,0.6693803239
17.2246859000,4290,0.3413216483,53.9712890267,0.6693803239
17.2304623000,4291,0.3413216483,53.9712890267,0.6693803239
17.2355850000,4292,0.3413216483,53.9712890267,0.6693803239
17.2388220000,4293,0.3413216483,53.9712890267,0.6693803239
17.2431675000,4294,0.3413216483,53.9712890267,0.6693803239
17.2483996000,4295,0.3413216483,53.9712890267,0.6693803239
17.2530879000,4296,0.3413216483,53.9712890267,0.6693803239
17.2578468000,4297,0.3413216483,53.9712890267,0.6693803239
17.2621345000,4298,0.3413216483,53.9712890267,0.6693803239
17.2663575000,4299,0.3413216483,53.9712890267,0.6693803239
17.2706702000,4300,0.3413216483,53.9712890267,0.6693803239
17.2749831000,4301,0.3413216483,53.9712890267,0.6693803239
17.2792401000,4302,0.3413216483,53.9712890267,0.6693803239
17.2846658000,4303,0.3413216483,53.9712890267,0.6693803239
17.2911752000,4304,0.3413216483,53.9712890267,0.6693803239
17.2965713000,4305,0.3413216483,53.9712890267,0.6693803239
17.3024328000,4306,0.3413216483,53.9712890267,0.6693803239
17.3069564000,4307,0.3413216483,53.9712890267,0.6693803239
17.3136445000,4308,0.3413216483,53.9712890267,0.6693803239
17.3188050000,4309,0.3413216483,53.9712890267,0.6693803239
17.3240400000,4310,0.3413216483,53.9712890267,0.6693803239
17.3294884000,4311,0.3413216483,53.9712890267,0.6693803239
17.3340164000,4312,0.3413216483,53.9712890267,0.6693803239
17.3402779000,4313,0.3413216483,53.9712890267,0.6693803239
17.3448608000,4314,0.3413216483,53.9712890267,0.6693803239
17.3486934000,4315,0.3413216483,53.9712890267,0.6693803239
17.3530397000,4316,0.3413216483,53.9712890267,0.6693803239
17.3573550000,4317,0.3413216483,53.9712890267,0.6693803239
17.3619162000,4318,0.3413216483,53.9712890267,0.6693803239
17.3665683000,4319,0.3413216483,53.9712890267,0.6693803239
17.3710968000,4320,0.3413216483,53.9712890267,0.6693803239
17.3758183000,4321,0.3413216483,53.9712890267,0.6693803239
17.3804086000,4322,0.3413216483,53.9712890267,0.6693803239
17.3861708000,4323,0.3413216483,53.9712890267,0.6693803239
17.3924053000,4324,0.3413216483,53.9712890267,0.6693803239
17.3973663000,4325,0.3413216483,53.9712890267,0.6693803239
17.4020487000,4326,0.3413216483,53.9712890267,0.6693803239
17.4068142000,4327,0.3413216483,53.9712890267,0.6693803239
17.4117901000,4328,0.3413216483,53.9712890267,0.6693803239
17.4163381000,4329,0.3413216483,53.9712890267,0.6693803239
17.4211443000,4330,0.3413216483,53.9712890267,0.6693803239
17.4263056000,4331,0.3413216483,53.9712890267,0.6693803239
17.4311339000,4332,0.3413216483,53.9712890267,0.6693803239
17.4356133000,4333,0.3413216483,53.9712890267,0.6693803239
17.4393555000,4334,0.3413216483,53.9712890267,0.6693803239
17.4436173000,4335,0.3413216483,53.9712890267,0.6693803239
17.4484365000,4336,0.3413216483,53.9712890267,0.6693803239
17.4529998000,4337,0.3413216483,53.9712890267,0.6693803239
17.4571937000,4338,0.3413216483,53.9712890267,0.6693803239
17.4614948000,4339,0.3413216483,53.9712890267,0.6693803239
17.4660552000,4340,0.3413216483,53.9712890267,0.6693803239
17.4706925000,4341,0.3413216483,53.9712890267,0.6693803239
17.4746659000,4342,0.3413216483,53.9712890267,0.6693803239
17.4786105000,4343,0.3413216483,53.9712890267,0.6693803239
17.4828411000,4344,0.3413216483,53.9712890267,0.6693803239
17.4870812000,4345,0.3413216483,53.9712890267,0.6693803239
17.4912207000,4346,0.3413216483,53.9712890267,0.6693803239
17.4959374000,4347,0.3413216483,53.9712890267,0.6693803239
17.5006129000,4348,0.3413216483,53.9712890267,0.6693803239
17.5048193000,4349,0.3413216483,53.9712890267,0.6693803239
17.5091644000,4350,0.3413216483,53.9712890267,0.6693803239
17.5136441000,4351,0.3413216483,53.9712890267,0.6693803239
17.5179335000,4352,0.3413216483,53.9712890267,0.6693803239
17.5225043000,4353,0.3413216483,53.9712890267,0.6693803239
17.5273629000,4354,0.3413216483,53.9712890267,0.6693803239
17.5321021000,4355,0.3413216483,53.9712890267,0.6693803239
17.5383928000,4356,0.3413216483,53.9712890267,0.6693803239
17.5431554000,4357,0.3413216483,53.9712890267,0.6693803239
17.5483967000,4358,0.3413216483,53.9712890267,0.6693803239
17.5531077000,4359,0.3413216483,53.9712890267,0.6693803239
17.5576727000,4360,0.3413216483,53.9712890267,0.6693803239
17.5624634000,4361,0.3413216483,53.9712890267,0.6693803239
17.5667992000,4362,0.3413216483,53.9712890267,0.6693803239
17.5711648000,4363,0.3413216483,53.9712890267,0.6693803239
17.5753082000,4364,0.3413216483,53.9712890267,0.6693803239
17.5783216000,4365,0.3413216483,53.9712890267,0.6693803239
17.5831871000,4366,0.3413216483,53.9712890267,0.6693803239
17.5873899000,4367,0.3413216483,53.9712890267,0.6693803239
17.5920530000,4368,0.3413216483,53.9712890267,0.6693803239
17.5966607000,4369,0.3413216483,53.9712890267,0.6693803239
17.6008563000,4370,0.3413216483,53.9712890267,0.6693803239
17.6052118000,4371,0.3413216483,53.9712890267,0.6693803239
17.6095114000,4372,0.3413216483,53.9712890267,0.6693803239
17.6143633000,4373,0.3413216483,53.9712890267,0.6693803239
17.6191582000,4374,0.3413216483,53.9712890267,0.6693803239
17.6234129000,4375,0.3413216483,53.9712890267,0.6693803239
17.6276441000,4376,0.3413216483,53.9712890267,0.6693803239
17.6319440000,4377,0.3413216483,53.9712890267,0.6693803239
17.6367464000,4378,0.3413216483,53.9712890267,0.6693803239
17.6407141000,4379,0.3413216483,53.9712890267,0.6693803239
17.6447180000,4380,0.3413216483,53.9712890267,0.6693803239
17.6499242000,4381,0.3413216483,53.9712890267,0.6693803239
17.6547732000,4382,0.3413216483,53.9712890267,0.6693803239
17.6594058000,4383,0.3413216483,53.9712890267,0.6693803239
17.6639923000,4384,0.3413216483,53.9712890267,0.6693803239
17.6684674000,4385,0.3413216483,53.9712890267,0.6693803239
17.6729987000,4386,0.3413216483,53.9712890267,0.6693803239
17.6775666000,4387,0.3413216483,53.9712890267,0.6693803239
17.6817834000,4388,0.3413216483,53.9712890267,0.6693803239
17.6858572000,4389,0.3413216483,53.9712890267,0.6693803239
17.6896894000,4390,0.3413216483,53.9712890267,0.6693803239
17.6943579000,4391,0.3413216483,53.9712890267,0.6693803239
17.6989418000,4392,0.3413216483,53.9712890267,0.6693803239
17.7033737000,4393,0.3413216483,53.9712890267,0.6693803239
17.7077518000,4394,0.3413216483,53.9712890267,0.6693803239
17.7120702000,4395,0.3413216483,53.9712890267,0.6693803239
17.7164312000,4396,0.3413216483,53.9712890267,0.6693803239
17.7204106000,4397,0.3413216483,53.9712890267,0.6693803239
17.7248892000,4398,0.3413216483,53.9712890267,0.6693803239
17.7295189000,4399,0.3413216483,53.9712890267,0.6693803239
17.7342652000,4400,0.3413216483,53.9712890267,0.6693803239
17.7388614000,4401,0.3413216483,53.9712890267,0.6693803239
17.7436884000,4402,0.3413216483,53.9712890267,0.6693803239
17.7475524000,4403,0.3413216483,53.9712890267,0.6693803239
17.7526559000,4404,0.3413216483,53.9712890267,0.6693803239
17.7572579000,4405,0.3413216483,53.9712890267,0.6693803239
17.7621704000,4406,0.3413216483,53.9712890267,0.6693803239
17.7670177000,4407,0.3413216483,53.9712890267,0.6693803239
17.7713660000,4408,0.3413216483,53.9712890267,0.6693803239
17.7760260000,4409,0.3413216483,53.9712890267,0.6693803239
17.7804317000,4410,0.3413216483,53.9712890267,0.6693803239
17.7848042000,4411,0.3413216483,53.9712890267,0.6693803239
17.7904132000,4412,0.3413216483,53.9712890267,0.6693803239
17.7950612000,4413,0.3413216483,53.9712890267,0.6693803239
17.7994397000,4414,0.3413216483,53.9712890267,0.6693803239
17.8037613000,4415,0.3413216483,53.9712890267,0.6693803239
17.8084272000,4416,0.3413216483,53.9712890267,0.6693803239
17.8127538000,4417,0.3413216483,53.9712890267,0.6693803239
17.8173741000,4418,0.3413216483,53.9712890267,0.6693803239
17.8221045000,4419,0.3413216483,53.9712890267,0.6693803239
17.8263734000,4420,0.3413216483,53.9712890267,0.6693803239
17.8300549000,4421,0.3413216483,53.9712890267,0.6693803239
17.8343203000,4422,0.3413216483,53.9712890267,0.6693803239
17.8391054000,4423,0.3413216483,53.9712890267,0.6693803239
17.8441148000,4424,0.3413216483,53.9712890267,0.6693803239
17.8490692000,4425,0.3413216483,53.9712890267,0.6693803239
17.8538803000,4426,0.3413216483,53.9712890267,0.6693803239
17.8584609000,4427,0.3413216483,53.9712890267,0.6693803239
17.8632007000,4428,0.3413216483,53.9712890267,0.6693803239
17.8687356000,4429,0.3413216483,53.9712890267,0.6693803239
17.8731858000,4430,0.3413216483,53.9712890267,0.6693803239
17.8778983000,4431,0.3413216483,53.9712890267,0.6693803239
17.8827597000,4432,0.3413216483,53.9712890267,0.6693803239
17.8876616000,4433,0.3413216483,53.9712890267,0.6693803239
17.8926774000,4434,0.3413216483,53.9712890267,0.6693803239
17.8965520000,4435,0.3413216483,53.9712890267,0.6693803239
17.9004856000,4436,0.3413216483,53.9712890267,0.6693803239
17.9056617000,4437,0.3413216483,53.9712890267,0.6693803239
17.9089655000,4438,0.3413216483,53.9712890267,0.6693803239
17.9137828000,4439,0.3413216483,53.9712890267,0.6693803239
17.9178520000,4440,0.3413216483,53.9712890267,0.6693803239
17.9220496000,4441,0.3413216483,53.9712890267,0.6693803239
17.9281154000,4442,0.3413216483,53.9712890267,0.6693803239
17.9332258000,4443,0.3413216483,53.9712890267,0.6693803239
17.9378515000,4444,0.3413216483,53.9712890267,0.6693803239
17.9421830000,4445,0.3413216483,53.9712890267,0.6693803239
17.9463966000,4446,0.3413216483,53.9712890267,0.6693803239
17.9507836000,4447,0.3413216483,53.9712890267,0.6693803239
17.9550895000,4448,0.3413216483,53.9712890267,0.6693803239
17.9588411000,4449,0.3413216483,53.9712890267,0.6693803239
17.9630166000,4450,0.3413216483,53.9712890267,0.6693803239
17.9675942000,4451,0.3413216483,53.9712890267,0.6693803239
17.9723622000,4452,0.3413216483,53.9712890267,0.6693803239
17.9768262000,4453,0.3413216483,53.9712890267,0.6693803239
17.9815876000,4454,0.3413216483,53.9712890267,0.6693803239
17.9864606000,4455,0.3413216483,53.9712890267,0.6693803239
17.9912435000,4456,0.3413216483,53.9712890267,0.6693803239
17.9961528000,4457,0.3413216483,53.9712890267,0.6693803239
18.0008312000,4458,0.3413216483,53.9712890267,0.6693803239
18.0065254000,4459,0.3413216483,53.9712890267,0.6693803239
18.0109015000,4460,0.3413216483,53.9712890267,0.6693803239
18.0158310000,4461,0.3413216483,53.9712890267,0.6693803239
18.0208490000,4462,0.3413216483,53.9712890267,0.6693803239
18.0254554000,4463,0.3413216483,53.9712890267,0.6693803239
18.0301035000,4464,0.3413216483,53.9712890267,0.6693803239
18.0346246000,4465,0.3413216483,53.9712890267,0.6693803239
18.0392841000,4466,0.3413216483,53.9712890267,0.6693803239
18.0438460000,4467,0.3413216483,53.9712890267,0.6693803239
18.0483924000,4468,0.3413216483,53.9712890267,0.6693803239
18.0527195000,4469,0.3413216483,53.9712890267,0.6693803239
18.0570677000,4470,0.3413216483,53.9712890267,0.6693803239
18.0639999000,4471,0.3413216483,53.9712890267,0.6693803239
18.0696316000,4472,0.3413216483,53.9712890267,0.6693803239
18.0744513000,4473,0.3413216483,53.9712890267,0.6693803239
18.0791369000,4474,0.3413216483,53.9712890267,0.6693803239
18.0843446000,4475,0.3413216483,53.9712890267,0.6693803239
18.0889480000,4476,0.3413216483,53.9712890267,0.6693803239
18.0935190000,4477,0.3413216483,53.9712890267,0.6693803239
18.0984283000,4478,0.3413216483,53.9712890267,0.6693803239
18.1022065000,4479,0.3413216483,53.9712890267,0.6693803239
18.1072167000,4480,0.3413216483,53.9712890267,0.6693803239
18.1128636000,4481,0.3413216483,53.9712890267,0.6693803239
18.1180827000,4482,0.3413216483,53.9712890267,0.6693803239
18.1226966000,4483,0.3413216483,53.9712890267,0.6693803239
18.1275078000,4484,0.3413216483,53.9712890267,0.6693803239
18.1323364000,4485,0.3413216483,53.9712890267,0.6693803239
18.1371897000,4486,0.3413216483,53.9712890267,0.6693803239
18.1419424000,4487,0.3413216483,53.9712890267,0.6693803239
18.1462490000,4488,0.3413216483,53.9712890267,0.6693803239
18.1510909000,4489,0.3413216483,53.9712890267,0.6693803239
18.1554233000,4490,0.3413216483,53.9712890267,0.6693803239
18.1591445000,4491,0.3413216483,53.9712890267,0.6693803239
18.1635158000,4492,0.3413216483,53.9712890267,0.6693803239
18.1680907000,4493,0.3413216483,53.9712890267,0.6693803239
18.1726232000,4494,0.3413216483,53.9712890267,0.6693803239
18.1771718000,4495,0.3413216483,53.9712890267,0.6693803239
18.1815919000,4496,0.3413216483,53.9712890267,0.6693803239
18.1863353000,4497,0.3413216483,53.9712890267,0.6693803239
18.1915133000,4498,0.3413216483,53.9712890267,0.6693803239
18.1963330000,4499,0.3413216483,53.9712890267,0.6693803239
18.2010474000,4500,0.3413216483,53.9712890267,0.6693803239
18.2058403000,4501,0.3413216483,53.9712890267,0.6693803239
18.2104485000,4502,0.3413216483,53.9712890267,0.6693803239
18.2149934000,4503,0.3413216483,53.9712890267,0.6693803239
18.2196730000,4504,0.3413216483,53.9712890267,0.6693803239
18.2248608000,4505,0.3413216483,53.9712890267,0.6693803239
18.2297033000,4506,0.3413216483,53.9712890267,0.6693803239
18.2340556000,4507,0.3413216483,53.9712890267,0.6693803239
18.2376387000,4508,0.3413216483,53.9712890267,0.6693803239
18.2424510000,4509,0.3413216483,53.9712890267,0.6693803239
18.2469331000,4510,0.3413216483,53.9712890267,0.6693803239
18.2513051000,4511,0.3413216483,53.9712890267,0.6693803239
18.2555660000,4512,0.3413216483,53.9712890267,0.6693803239
18.2597960000,4513,0.3413216483,53.9712890267,0.6693803239
18.2648942000,4514,0.3413216483,53.9712890267,0.6693803239
18.2698832000,4515,0.3413216483,53.9712890267,0.6693803239
18.2755100000,4516,0.3413216483,53.9712890267,0.6693803239
18.2802075000,4517,0.3413216483,53.9712890267,0.6693803239
18.2848962000,4518,0.3413216483,53.9712890267,0.6693803239
18.2892266000,4519,0.3413216483,53.9712890267,0.6693803239
18.2950757000,4520,0.3413216483,53.9712890267,0.6693803239
18.3004367000,4521,0.3413216483,53.9712890267,0.6693803239
18.3050882000,4522,0.3413216483,53.9712890267,0.6693803239
18.3093441000,4523,0.3413216483,53.9712890267,0.6693803239
18.3146151000,4524,0.3413216483,53.9712890267,0.6693803239
18.3198369000,4525,0.3413216483,53.9712890267,0.6693803239
18.3241145000,4526,0.3413216483,53.9712890267,0.6693803239
18.3283190000,4527,0.3413216483,53.9712890267,0.6693803239
18.3327500000,4528,0.3413216483,53.9712890267,0.6693803239
18.3384994000,4529,0.3413216483,53.9712890267,0.6693803239
18.3435155000,4530,0.3413216483,53.9712890267,0.6693803239
18.3494479000,4531,0.3413216483,53.9712890267,0.6693803239
18.3560125000,4532,0.3413216483,53.9712890267,0.6693803239
18.3617662000,4533,0.3413216483,53.9712890267,0.6693803239
18.3661423000,4534,0.3413216483,53.9712890267,0.6693803239
18.3704550000,4535,0.3413216483,53.9712890267,0.6693803239
18.3746756000,4536,0.3413216483,53.9712890267,0.6693803239
18.3789139000,4537,0.3413216483,53.9712890267,0.6693803239
18.3833451000,4538,0.3413216483,53.9712890267,0.6693803239
18.3877085000,4539,0.3413216483,53.9712890267,0.6693803239
18.3919774000,4540,0.3413216483,53.9712890267,0.6693803239
18.3971640000,4541,0.3413216483,53.9712890267,0.6693803239
18.4039353000,4542,0.3410765641,53.9712890267,0.6656837919
18.4097644000,4543,0.3410765641,53.9712890267,0.6656837919
18.4141961000,4544,0.3410765641,53.9712890267,0.6656837919
18.4186213000,4545,0.3410765641,53.9712890267,0.6656837919
18.4241639000,4546,0.3410765641,53.9712890267,0.6656837919
18.4296242000,4547,0.3410765641,53.9712890267,0.6656837919
18.4339815000,4548,0.3410765641,53.9712890267,0.6656837919
18.4383822000,4549,0.3410765641,53.9712890267,0.6656837919
18.4428266000,4550,0.3410765641,53.9712890267,0.6656837919
18.4473564000,4551,0.3410765641,53.9712890267,0.6656837919
18.4524259000,4552,0.3410765641,53.9712890267,0.6656837919
18.4571988000,4553,0.3410765641,53.9712890267,0.6656837919
18.4625130000,4554,0.3410765641,53.9712890267,0.6656837919
18.4674382000,4555,0.3410765641,53.9712890267,0.6656837919
18.4717551000,4556,0.3410765641,53.9712890267,0.6656837919
18.4761701000,4557,0.3410765641,53.9712890267,0.6656837919
18.4807248000,4558,0.3410765641,53.9712890267,0.6656837919
18.4862405000,4559,0.3410765641,53.9712890267,0.6656837919
18.4912583000,4560,0.3410765641,53.9712890267,0.6656837919
18.4963499000,4561,0.3410765641,53.9712890267,0.6656837919
18.5009487000,4562,0.3410765641,53.9712890267,0.6656837919
18.5057328000,4563,0.3410765641,53.9712890267,0.6656837919
18.5108159000,4564,0.3410765641,53.9712890267,0.6656837919
18.5160584000,4565,0.3410765641,53.9712890267,0.6656837919
18.5201135000,4566,0.3410765641,53.9712890267,0.6656837919
18.5246625000,4567,0.3410765641,53.9712890267,0.6656837919
18.5294215000,4568,0.3410765641,53.9712890267,0.6656837919
18.5334808000,4569,0.3410765641,53.9712890267,0.6656837919
18.5381565000,4570,0.3410765641,53.9712890267,0.6656837919
18.5426468000,4571,0.3410765641,53.9712890267,0.6656837919
18.5475585000,4572,0.3410765641,53.9712890267,0.6656837919
18.5507374000,4573,0.3410765641,53.9712890267,0.6656837919
18.5553180000,4574,0.3410765641,53.9712890267,0.6656837919
18.5601584000,4575,0.3410765641,53.9712890267,0.6656837919
18.5650702000,4576,0.3410765641,53.9712890267,0.6656837919
18.5686264000,4577,0.3410765641,53.9712890267,0.6656837919
18.5729735000,4578,0.3410765641,53.9712890267,0.6656837919
18.5765913000,4579,0.3410765641,53.9712890267,0.6656837919
18.5818504000,4580,0.3410765641,53.9712890267,0.6656837919
18.5864836000,4581,0.3410765641,53.9712890267,0.6656837919
18.5915775000,4582,0.3410765641,53.9712890267,0.6656837919
18.5966980000,4583,0.3410765641,53.9712890267,0.6656837919
18.6000741000,4584,0.3410765641,53.9712890267,0.6656837919
18.6047007000,4585,0.3410765641,53.9712890267,0.6656837919
18.6105817000,4586,0.3410765641,53.9712890267,0.6656837919
18.6151880000,4587,0.3410765641,53.9712890267,0.6656837919
18.6204706000,4588,0.3410765641,53.9712890267,0.6656837919
18.6250533000,4589,0.3410765641,53.9712890267,0.6656837919
18.6300207000,4590,0.3410765641,53.9712890267,0.6656837919
18.6349323000,4591,0.3410765641,53.9712890267,0.6656837919
18.6394647000,4592,0.3410765641,53.9712890267,0.6656837919
18.6439789000,4593,0.3410765641,53.9712890267,0.6656837919
18.6489483000,4594,0.3410765641,53.9712890267,0.6656837919
18.6531820000,4595,0.3410765641,53.9712890267,0.6656837919
18.6575803000,4596,0.3410765641,53.9712890267,0.6656837919
18.6619780000,4597,0.3410765641,53.9712890267,0.6656837919
18.6673322000,4598,0.3410765641,53.9712890267,0.6656837919
18.6722195000,4599,0.3410765641,53.9712890267,0.6656837919
18.6768771000,4600,0.3410765641,53.9712890267,0.6656837919
18.6811397000,4601,0.3410765641,53.9712890267,0.6656837919
18.6861206000,4602,0.3410765641,53.9712890267,0.6656837919
18.6913324000,4603,0.3410765641,53.9712890267,0.6656837919
18.6964528000,4604,0.3410765641,53.9712890267,0.6656837919
18.7012587000,4605,0.3410765641,53.9712890267,0.6656837919
18.7062936000,4606,0.3410765641,53.9712890267,0.6656837919
18.7098841000,4607,0.3410765641,53.9712890267,0.6656837919
18.7142495000,4608,0.3410765641,53.9712890267,0.6656837919
18.7189504000,4609,0.3410765641,53.9712890267,0.6656837919
18.7228031000,4610,0.3410765641,53.9712890267,0.6656837919
18.7274351000,4611,0.3410765641,53.9712890267,0.6656837919
18.7319230000,4612,0.3410765641,53.9712890267,0.6656837919
18.7366366000,4613,0.3410765641,53.9712890267,0.6656837919
18.7410762000,4614,0.3410765641,53.9712890267,0.6656837919
18.7455934000,4615,0.3410765641,53.9712890267,0.6656837919
18.7502820000,4616,0.3410765641,53.9712890267,0.6656837919
18.7553368000,4617,0.3410765641,53.9712890267,0.6656837919
18.7597467000,4618,0.3410765641,53.9712890267,0.6656837919
18.7646654000,4619,0.3410765641,53.9712890267,0.6656837919
18.7690928000,4620,0.3410765641,53.9712890267,0.6656837919
18.7736126000,4621,0.3410765641,53.9712890267,0.6656837919
18.7781110000,4622,0.3410765641,53.9712890267,0.6656837919
18.7825089000,4623,0.3410765641,53.9712890267,0.6656837919
18.7868578000,4624,0.3410765641,53.9712890267,0.6656837919
18.7911099000,4625,0.3410765641,53.9712890267,0.6656837919
18.7955519000,4626,0.3410765641,53.9712890267,0.6656837919
18.7998967000,4627,0.3410765641,53.9712890267,0.6656837919
18.8041788000,4628,0.3410765641,53.9712890267,0.6656837919
18.8085287000,4629,0.3410765641,53.9712890267,0.6656837919
18.8129109000,4630,0.3410765641,53.9712890267,0.6656837919
18.8176050000,4631,0.3410765641,53.9712890267,0.6656837919
18.8223510000,4632,0.3410765641,53.9712890267,0.6656837919
18.8269332000,4633,0.3410765641,53.9712890267,0.6656837919
18.8313654000,4634,0.3410765641,53.9712890267,0.6656837919
18.8358944000,4635,0.3410765641,53.9712890267,0.6656837919
18.8402797000,4636,0.3410765641,53.9712890267,0.6656837919
18.8445816000,4637,0.3410765641,53.9712890267,0.6656837919
18.8489306000,4638,0.3410765641,53.9712890267,0.6656837919
18.8535151000,4639,0.3410765641,53.9712890267,0.6656837919
18.8596937000,4640,0.3410765641,53.9712890267,0.6656837919
18.8649076000,4641,0.3410765641,53.9712890267,0.6656837919
18.8691938000,4642,0.3410765641,53.9712890267,0.6656837919
18.8740926000,4643,0.3410765641,53.9712890267,0.6656837919
18.8787112000,4644,0.3410765641,53.9712890267,0.6656837919
18.8828629000,4645,0.3410765641,53.9712890267,0.6656837919
18.8876568000,4646,0.3410765641,53.9712890267,0.6656837919
18.8923578000,4647,0.3410765641,53.9712890267,0.6656837919
18.8968202000,4648,0.3410765641,53.9712890267,0.6656837919
18.9020027000,4649,0.3410765641,53.9712890267,0.6656837919
18.9066765000,4650,0.3410765641,53.9712890267,0.6656837919
18.9116309000,4651,0.3410765641,53.9712890267,0.6656837919
18.9154603000,4652,0.3410765641,53.9712890267,0.6656837919
18.9201062000,4653,0.3410765641,53.9712890267,0.6656837919
18.9246685000,4654,0.3410765641,53.9712890267,0.6656837919
18.9288070000,4655,0.3410765641,53.9712890267,0.6656837919
18.9330680000,4656,0.3410765641,53.9712890267,0.6656837919
18.9374346000,4657,0.3410765641,53.9712890267,0.6656837919
18.9419700000,4658,0.3410765641,53.9712890267,0.6656837919
18.9465024000,4659,0.3410765641,53.9712890267,0.6656837919
18.9506274000,4660,0.3410765641,53.9712890267,0.6656837919
18.9551497000,4661,0.3410765641,53.9712890267,0.6656837919
18.9592352000,4662,0.3410765641,53.9712890267,0.6656837919
18.9623915000,4663,0.3410765641,53.9712890267,0.6656837919
18.9668441000,4664,0.3410765641,53.9712890267,0.6656837919
18.9716262000,4665,0.3410765641,53.9712890267,0.6656837919
18.9759896000,4666,0.3410765641,53.9712890267,0.6656837919
18.9809801000,4667,0.3410765641,53.9712890267,0.6656837919
18.9856333000,4668,0.3410765641,53.9712890267,0.6656837919
18.9906050000,4669,0.3410765641,53.9712890267,0.6656837919
18.9962179000,4670,0.3410765641,53.9712890267,0.6656837919
19.0009082000,4671,0.3410765641,53.9712890267,0.6656837919
19.0050668000,4672,0.3410765641,53.9712890267,0.6656837919
19.0094376000,4673,0.3410765641,53.9712890267,0.6656837919
19.0139058000,4674,0.3410765641,53.9712890267,0.6656837919
19.0183516000,4675,0.3410765641,53.9712890267,0.6656837919
19.0227216000,4676,0.3410765641,53.9712890267,0.6656837919
19.0278396000,4677,0.3410765641,53.9712890267,0.6656837919
19.0325063000,4678,0.3410765641,53.9712890267,0.6656837919
19.0373257000,4679,0.3410765641,53.9712890267,0.6656837919
19.0420969000,4680,0.3410765641,53.9712890267,0.6656837919
19.0468746000,4681,0.3410765641,53.9712890267,0.6656837919
19.0515377000,4682,0.3410765641,53.9712890267,0.6656837919
19.0561724000,4683,0.3410765641,53.9712890267,0.6656837919
19.0608830000,4684,0.3410765641,53.9712890267,0.6656837919
19.0655435000,4685,0.3410765641,53.9712890267,0.6656837919
19.0706046000,4686,0.3410765641,53.9712890267,0.6656837919
19.0754941000,4687,0.3410765641,53.9712890267,0.6656837919
19.0803110000,4688,0.3410765641,53.9712890267,0.6656837919
19.0850857000,4689,0.3410765641,53.9712890267,0.6656837919
19.0901729000,4690,0.3410765641,53.9712890267,0.6656837919
19.0953516000,4691,0.3410765641,53.9712890267,0.6656837919
19.0996701000,4692,0.3410765641,53.9712890267,0.6656837919
19.1040389000,4693,0.3410765641,53.9712890267,0.6656837919
19.1084960000,4694,0.3410765641,53.9712890267,0.6656837919
19.1129864000,4695,0.3410765641,53.9712890267,0.6656837919
19.1174358000,4696,0.3410765641,53.9712890267,0.6656837919
19.1218774000,4697,0.3410765641,53.9712890267,0.6656837919
19.1261450000,4698,0.3410765641,53.9712890267,0.6656837919
19.1303696000,4699,0.3410765641,53.9712890267,0.6656837919
19.1348912000,4700,0.3410765641,53.9712890267,0.6656837919
19.1393809000,4701,0.3410765641,53.9712890267,0.6656837919
19.1448300000,4702,0.3410765641,53.9712890267,0.6656837919
19.1490482000,4703,0.3410765641,53.9712890267,0.6656837919
19.1533399000,4704,0.3410765641,53.9712890267,0.6656837919
19.1579880000,4705,0.3410765641,53.9712890267,0.6656837919
19.1625563000,4706,0.3410765641,53.9712890267,0.6656837919
19.1667586000,4707,0.3410765641,53.9712890267,0.6656837919
19.1718160000,4708,0.3410765641,53.9712890267,0.6656837919
19.1764849000,4709,0.3410765641,53.9712890267,0.6656837919
19.1810130000,4710,0.3410765641,53.9712890267,0.6656837919
19.1859374000,4711,0.3410765641,53.9712890267,0.6656837919
19.1904532000,4712,0.3410765641,53.9712890267,0.6656837919
19.1947988000,4713,0.3410765641,53.9712890267,0.6656837919
19.1990402000,4714,0.3410765641,53.9712890267,0.6656837919
19.2026110000,4715,0.3410765641,53.9712890267,0.6656837919
19.2078723000,4716,0.3410765641,53.9712890267,0.6656837919
19.2126227000,4717,0.3410765641,53.9712890267,0.6656837919
19.2169841000,4718,0.3410765641,53.9712890267,0.6656837919
19.2214862000,4719,0.3410765641,53.9712890267,0.6656837919
19.2261032000,4720,0.3410765641,53.9712890267,0.6656837919
19.2306548000,4721,0.3410765641,53.9712890267,0.6656837919
19.2351956000,4722,0.3410765641,53.9712890267,0.6656837919
19.2401702000,4723,0.3410765641,53.9712890267,0.6656837919
19.2445165000,4724,0.3410765641,53.9712890267,0.6656837919
19.2493838000,4725,0.3410765641,53.9712890267,0.6656837919
19.2532506000,4726,0.3410765641,53.9712890267,0.6656837919
19.2572432000,4727,0.3410765641,53.9712890267,0.6656837919
19.2610765000,4728,0.3410765641,53.9712890267,0.6656837919
19.2656600000,4729,0.3410765641,53.9712890267,0.6656837919
19.2700245000,4730,0.3410765641,53.9712890267,0.6656837919
19.2747260000,4731,0.3410765641,53.9712890267,0.6656837919
19.2800058000,4732,0.3410765641,53.9712890267,0.6656837919
19.2844169000,4733,0.3410765641,53.9712890267,0.6656837919
19.2889714000,4734,0.3410765641,53.9712890267,0.6656837919
19.2933064000,4735,0.3410765641,53.9712890267,0.6656837919
19.2976393000,4736,0.3410765641,53.9712890267,0.6656837919
19.3025687000,4737,0.3410765641,53.9712890267,0.6656837919
19.3063575000,4738,0.3410765641,53.9712890267,0.6656837919
19.3119452000,4739,0.3410765641,53.9712890267,0.6656837919
19.3163905000,4740,0.3410765641,53.9712890267,0.6656837919
19.3218921000,4741,0.3410765641,53.9712890267,0.6656837919
19.3266931000,4742,0.3410765641,53.9712890267,0.6656837919
19.3319924000,4743,0.3410765641,53.9712890267,0.6656837919
19.3365373000,4744,0.3410765641,53.9712890267,0.6656837919
19.3418325000,4745,0.3410765641,53.9712890267,0.6656837919
19.3468769000,4746,0.3410765641,53.9712890267,0.6656837919
19.3520277000,4747,0.3410765641,53.9712890267,0.6656837919
19.3560061000,4748,0.3410765641,53.9712890267,0.6656837919
19.3604198000,4749,0.3410765641,53.9712890267,0.6656837919
19.3652802000,4750,0.3410765641,53.9712890267,0.6656837919
19.3696159000,4751,0.3410765641,53.9712890267,0.6656837919
19.3735701000,4752,0.3410765641,53.9712890267,0.6656837919
19.3778379000,4753,0.3410765641,53.9712890267,0.6656837919
19.3829701000,4754,0.3410765641,53.9712890267,0.6656837919
19.3880635000,4755,0.3410765641,53.9712890267,0.6656837919
19.3930074000,4756,0.3410765641,53.9712890267,0.6656837919
19.3978884000,4757,0.3410765641,53.9712890267,0.6656837919
19.4028720000,4758,0.3410765641,53.9712890267,0.6656837919
19.4072937000,4759,0.3410765641,53.9712890267,0.6656837919
19.4118180000,4760,0.3410765641,53.9712890267,0.6656837919
19.4164058000,4761,0.3410765641,53.9712890267,0.6656837919
19.4212035000,4762,0.3410765641,53.9712890267,0.6656837919
19.4259738000,4763,0.3410765641,53.9712890267,0.6656837919
19.4301703000,4764,0.3410765641,53.9712890267,0.6656837919
19.4342331000,4765,0.3410765641,53.9712890267,0.6656837919
19.4388279000,4766,0.3410765641,53.9712890267,0.6656837919
19.4433546000,4767,0.3410765641,53.9712890267,0.6656837919
19.4481178000,4768,0.3410765641,53.9712890267,0.6656837919
19.4533851000,4769,0.3410765641,53.9712890267,0.6656837919
19.4583031000,4770,0.3410765641,53.9712890267,0.6656837919
19.4625664000,4771,0.3410765641,53.9712890267,0.6656837919
19.4670097000,4772,0.3410765641,53.9712890267,0.6656837919
19.4721471000,4773,0.3410765641,53.9712890267,0.6656837919
19.4770574000,4774,0.3410765641,53.9712890267,0.6656837919
19.4813503000,4775,0.3410765641,53.9712890267,0.6656837919
19.4851308000,4776,0.3410765641,53.9712890267,0.6656837919
19.4896727000,4777,0.3410765641,53.9712890267,0.6656837919
19.4946323000,4778,0.3410765641,53.9712890267,0.6656837919
19.4995249000,4779,0.3410765641,53.9712890267,0.6656837919
19.5043278000,4780,0.3410765641,53.9712890267,0.6656837919
19.5082450000,4781,0.3410765641,53.9712890267,0.6656837919
19.5122624000,4782,0.3410765641,53.9712890267,0.6656837919
19.5169800000,4783,0.3410765641,53.9712890267,0.6656837919
19.5234416000,4784,0.3410765641,53.9712890267,0.6656837919
19.5277871000,4785,0.3410765641,53.9712890267,0.6656837919
19.5319547000,4786,0.3410765641,53.9712890267,0.6656837919
19.5374973000,4787,0.3410765641,53.9712890267,0.6656837919
19.5430470000,4788,0.3410765641,53.9712890267,0.6656837919
19.5485616000,4789,0.3410765641,53.9712890267,0.6656837919
19.5528190000,4790,0.3410765641,53.9712890267,0.6656837919
19.5576847000,4791,0.3410765641,53.9712890267,0.6656837919
19.5627612000,4792,0.3410765641,53.9712890267,0.6656837919
19.5694298000,4793,0.3410765641,53.9712890267,0.6656837919
19.5743103000,4794,0.3410765641,53.9712890267,0.6656837919
19.5781538000,4795,0.3410765641,53.9712890267,0.6656837919
19.5822079000,4796,0.3410765641,53.9712890267,0.6656837919
19.5861739000,4797,0.3410765641,53.9712890267,0.6656837919
19.5908464000,4798,0.3410765641,53.9712890267,0.6656837919
19.5955493000,4799,0.3410765641,53.9712890267,0.6656837919
19.5998891000,4800,0.3410765641,53.9712890267,0.6656837919
19.6044515000,4801,0.3410765641,53.9712890267,0.6656837919
19.6095299000,4802,0.3410765641,53.9712890267,0.6656837919
19.6138192000,4803,0.3410765641,53.9712890267,0.6656837919
19.6180291000,4804,0.3410765641,53.9712890267,0.6656837919
19.6228818000,4805,0.3410765641,53.9712890267,0.6656837919
19.6276709000,4806,0.3410765641,53.9712890267,0.6656837919
19.6316022000,4807,0.3410765641,53.9712890267,0.6656837919
19.6356004000,4808,0.3410765641,53.9712890267,0.6656837919
19.6416047000,4809,0.3410765641,53.9712890267,0.6656837919
19.6459388000,4810,0.3410765641,53.9712890267,0.6656837919
19.6502627000,4811,0.3410765641,53.9712890267,0.6656837919
19.6549387000,4812,0.3410765641,53.9712890267,0.6656837919
19.6592951000,4813,0.3410765641,53.9712890267,0.6656837919
19.6636748000,4814,0.3410765641,53.9712890267,0.6656837919
19.6691860000,4815,0.3410765641,53.9712890267,0.6656837919
19.6752700000,4816,0.3410765641,53.9712890267,0.6656837919
19.6800667000,4817,0.3410765641,53.9712890267,0.6656837919
19.6847416000,4818,0.3410765641,53.9712890267,0.6656837919
19.6895777000,4819,0.3410765641,53.9712890267,0.6656837919
19.6945237000,4820,0.3410765641,53.9712890267,0.6656837919
19.6995717000,4821,0.3410765641,53.9712890267,0.6656837919
19.7038456000,4822,0.3410765641,53.9712890267,0.6656837919
19.7086017000,4823,0.3410765641,53.9712890267,0.6656837919
19.7136482000,4824,0.3410765641,53.9712890267,0.6656837919
19.7184296000,4825,0.3410765641,53.9712890267,0.6656837919
19.7238979000,4826,0.3410765641,53.9712890267,0.6656837919
19.7308843000,4827,0.3410765641,53.9712890267,0.6656837919
19.7375453000,4828,0.3410765641,53.9712890267,0.6656837919
19.7422529000,4829,0.3410765641,53.9712890267,0.6656837919
19.7465083000,4830,0.3410765641,53.9712890267,0.6656837919
19.7511807000,4831,0.3410765641,53.9712890267,0.6656837919
19.7549973000,4832,0.3410765641,53.9712890267,0.6656837919
19.7596022000,4833,0.3410765641,53.9712890267,0.6656837919
19.7641371000,4834,0.3410765641,53.9712890267,0.6656837919
19.7687198000,4835,0.3410765641,53.9712890267,0.6656837919
19.7731880000,4836,0.3410765641,53.9712890267,0.6656837919
19.7776899000,4837,0.3410765641,53.9712890267,0.6656837919
19.7825924000,4838,0.3410765641,53.9712890267,0.6656837919
19.7875293000,4839,0.3410765641,53.9712890267,0.6656837919
19.7921575000,4840,0.3410765641,53.9712890267,0.6656837919
19.7963589000,4841,0.3410765641,53.9712890267,0.6656837919
19.7996020000,4842,0.3410765641,53.9712890267,0.6656837919
19.8038795000,4843,0.3410765641,53.9712890267,0.6656837919
19.8091075000,4844,0.3410765641,53.9712890267,0.6656837919
19.8142449000,4845,0.3410765641,53.9712890267,0.6656837919
19.8188129000,4846,0.3410765641,53.9712890267,0.6656837919
19.8230262000,4847,0.3410765641,53.9712890267,0.6656837919
19.8275111000,4848,0.3410765641,53.9712890267,0.6656837919
19.8320927000,4849,0.3410765641,53.9712890267,0.6656837919
19.8367532000,4850,0.3410765641,53.9712890267,0.6656837919
19.8410118000,4851,0.3410765641,53.9712890267,0.6656837919
19.8454119000,4852,0.3410765641,53.9712890267,0.6656837919
19.8497993000,4853,0.3410765641,53.9712890267,0.6656837919
19.8541141000,4854,0.3410765641,53.9712890267,0.6656837919
19.8585515000,4855,0.3410765641,53.9712890267,0.6656837919
19.8628371000,4856,0.3410765641,53.9712890267,0.6656837919
19.8672308000,4857,0.3410765641,53.9712890267,0.6656837919
19.8715757000,4858,0.3410765641,53.9712890267,0.6656837919
19.8757353000,4859,0.3410765641,53.9712890267,0.6656837919
19.8799476000,4860,0.3410765641,53.9712890267,0.6656837919
19.8839833000,4861,0.3410765641,53.9712890267,0.6656837919
19.8878400000,4862,0.3410765641,53.9712890267,0.6656837919
19.8924687000,4863,0.3410765641,53.9712890267,0.6656837919
19.8973087000,4864,0.3410765641,53.9712890267,0.6656837919
19.9012602000,4865,0.3410765641,53.9712890267,0.6656837919
19.9066519000,4866,0.3410765641,53.9712890267,0.6656837919
19.9113808000,4867,0.3410765641,53.9712890267,0.6656837919
19.9159132000,4868,0.3410765641,53.9712890267,0.6656837919
19.9207810000,4869,0.3410765641,53.9712890267,0.6656837919
19.9254502000,4870,0.3410765641,53.9712890267,0.6656837919
19.9297518000,4871,0.3410765641,53.9712890267,0.6656837919
19.9341425000,4872,0.3410765641,53.9712890267,0.6656837919
19.9385549000,4873,0.3410765641,53.9712890267,0.6656837919
19.9428661000,4874,0.3410765641,53.9712890267,0.6656837919
19.9473391000,4875,0.3410765641,53.9712890267,0.6656837919
19.9523003000,4876,0.3410765641,53.9712890267,0.6656837919
19.9567576000,4877,0.3410765641,53.9712890267,0.6656837919
19.9612828000,4878,0.3410765641,53.9712890267,0.6656837919
19.9653485000,4879,0.3410765641,53.9712890267,0.6656837919
19.9697856000,4880,0.3410765641,53.9712890267,0.6656837919
19.9746830000,4881,0.3410765641,53.9712890267,0.6656837919
19.9801556000,4882,0.3410765641,53.9712890267,0.6656837919
19.9841425000,4883,0.3410765641,53.9712890267,0.6656837919
19.9883362000,4884,0.3410765641,53.9712890267,0.6656837919
19.9931895000,4885,0.3410765641,53.9712890267,0.6656837919
19.9966201000,4886,0.3410765641,53.9712890267,0.6656837919
20.0020856000,4887,0.3410765641,53.9712890267,0.6656837919
20.0067452000,4888,0.3410765641,53.9712890267,0.6656837919
20.0117798000,4889,0.3410765641,53.9712890267,0.6656837919
20.0166080000,4890,0.3410765641,53.9712890267,0.6656837919
20.0210510000,4891,0.3410765641,53.9712890267,0.6656837919
20.0251511000,4892,0.3410765641,53.9712890267,0.6656837919
20.0296357000,4893,0.3410765641,53.9712890267,0.6656837919
20.0340803000,4894,0.3410765641,53.9712890267,0.6656837919
20.0384931000,4895,0.3410765641,53.9712890267,0.6656837919
20.0427179000,4896,0.3410765641,53.9712890267,0.6656837919
20.0494309000,4897,0.3410765641,53.9712890267,0.6656837919
20.0544221000,4898,0.3410765641,53.9712890267,0.6656837919
20.0592116000,4899,0.3410765641,53.9712890267,0.6656837919
20.0658189000,4900,0.3410765641,53.9712890267,0.6656837919
20.0718087000,4901,0.3410765641,53.9712890267,0.6656837919
20.0773877000,4902,0.3410765641,53.9712890267,0.6656837919
20.0820330000,4903,0.3410765641,53.9712890267,0.6656837919
20.0862129000,4904,0.3410765641,53.9712890267,0.6656837919
20.0900873000,4905,0.3410765641,53.9712890267,0.6656837919
20.0956628000,4906,0.3410765641,53.9712890267,0.6656837919
20.1014756000,4907,0.3410765641,53.9712890267,0.6656837919
20.1060153000,4908,0.3410765641,53.9712890267,0.6656837919
20.1128379000,4909,0.3410765641,53.9712890267,0.6656837919
20.1184496000,4910,0.3410765641,53.9712890267,0.6656837919
20.1247500000,4911,0.3410765641,53.9712890267,0.6656837919
20.1304603000,4912,0.3410765641,53.9712890267,0.6656837919
20.1361563000,4913,0.3410765641,53.9712890267,0.6656837919
20.1407459000,4914,0.3410765641,53.9712890267,0.6656837919
20.1468232000,4915,0.3410765641,53.9712890267,0.6656837919
20.1524271000,4916,0.3410765641,53.9712890267,0.6656837919
20.1566642000,4917,0.3410765641,53.9712890267,0.6656837919
20.1614323000,4918,0.3410765641,53.9712890267,0.6656837919
20.1665995000,4919,0.3410765641,53.9712890267,0.6656837919
20.1716750000,4920,0.3410765641,53.9712890267,0.6656837919
20.1765194000,4921,0.3410765641,53.9712890267,0.6656837919
20.1810230000,4922,0.3410765641,53.9712890267,0.6656837919
20.1853885000,4923,0.3410765641,53.9712890267,0.6656837919
20.1900184000,4924,0.3410765641,53.9712890267,0.6656837919
20.1961733000,4925,0.3410765641,53.9712890267,0.6656837919
20.2027547000,4926,0.3410765641,53.9712890267,0.6656837919
20.2094677000,4927,0.3410765641,53.9712890267,0.6656837919
20.2131064000,4928,0.3410765641,53.9712890267,0.6656837919
20.2182145000,4929,0.3410765641,53.9712890267,0.6656837919
20.2238321000,4930,0.3410765641,53.9712890267,0.6656837919
20.2282001000,4931,0.3410765641,53.9712890267,0.6656837919
20.2327626000,4932,0.3410765641,53.9712890267,0.6656837919
20.2379659000,4933,0.3410765641,53.9712890267,0.6656837919
20.2427054000,4934,0.3410765641,53.9712890267,0.6656837919
20.2473035000,4935,0.3410765641,53.9712890267,0.6656837919
20.2523991000,4936,0.3410765641,53.9712890267,0.6656837919
20.2570559000,4937,0.3410765641,53.9712890267,0.6656837919
20.2610417000,4938,0.3410765641,53.9712890267,0.6656837919
20.2651789000,4939,0.3410765641,53.9712890267,0.6656837919
20.2701552000,4940,0.3410765641,53.9712890267,0.6656837919
20.2752909000,4941,0.3410765641,53.9712890267,0.6656837919
20.2804244000,4942,0.3410765641,53.9712890267,0.6656837919
20.2859601000,4943,0.3410765641,53.9712890267,0.6656837919
20.2915369000,4944,0.3410765641,53.9712890267,0.6656837919
20.2973106000,4945,0.3410765641,53.9712890267,0.6656837919
20.3018771000,4946,0.3410765641,53.9712890267,0.6656837919
20.3064511000,4947,0.3410765641,53.9712890267,0.6656837919
20.3111852000,4948,0.3410765641,53.9712890267,0.6656837919
20.3170985000,4949,0.3410765641,53.9712890267,0.6656837919
20.3229920000,4950,0.3410765641,53.9712890267,0.6656837919
20.3275106000,4951,0.3410765641,53.9712890267,0.6656837919
20.3327243000,4952,0.3410765641,53.9712890267,0.6656837919
20.3382579000,4953,0.3410765641,53.9712890267,0.6656837919
20.3441747000,4954,0.3410765641,53.9712890267,0.6656837919
20.3490395000,4955,0.3410765641,53.9712890267,0.6656837919
20.3539861000,4956,0.3410765641,53.9712890267,0.6656837919
20.3583255000,4957,0.3410765641,53.9712890267,0.6656837919
20.3631139000,4958,0.3410765641,53.9712890267,0.6656837919
20.3682757000,4959,0.3410765641,53.9712890267,0.6656837919
20.3725233000,4960,0.3410765641,53.9712890267,0.6656837919
20.3777566000,4961,0.3410765641,53.9712890267,0.6656837919
20.3828340000,4962,0.3410765641,53.9712890267,0.6656837919
20.3868581000,4963,0.3410765641,53.9712890267,0.6656837919
20.3917460000,4964,0.3410765641,53.9712890267,0.6656837919
20.3965504000,4965,0.3410765641,53.9712890267,0.6656837919
20.4010194000,4966,0.3410765641,53.9712890267,0.6656837919
20.4058805000,4967,0.3410765641,53.9712890267,0.6656837919
20.4109619000,4968,0.3410765641,53.9712890267,0.6656837919
20.4162160000,4969,0.3410765641,53.9712890267,0.6656837919
20.4216504000,4970,0.3410765641,53.9712890267,0.6656837919
20.4269307000,4971,0.3410765641,53.9712890267,0.6656837919
20.4308961000,4972,0.3410765641,53.9712890267,0.6656837919
20.4332541000,4973,0.3410765641,53.9712890267,0.6656837919
20.4352448000,4974,0.3410765641,53.9712890267,0.6656837919
20.4379655000,4975,0.3410765641,53.9712890267,0.6656837919
20.4400245000,4976,0.3410765641,53.9712890267,0.6656837919
20.4419701000,4977,0.3410765641,53.9712890267,0.6656837919
20.4442455000,4978,0.3410765641,53.9712890267,0.6656837919
20.4472148000,4979,0.3410765641,53.9712890267,0.6656837919
20.4493202000,4980,0.3410765641,53.9712890267,0.6656837919
20.4512484000,4981,0.3410765641,53.9712890267,0.6656837919
20.4543202000,4982,0.3410765641,53.9712890267,0.6656837919
20.4568379000,4983,0.3410765641,53.9712890267,0.6656837919
20.4588211000,4984,0.3410765641,53.9712890267,0.6656837919
20.4609468000,4985,0.3410765641,53.9712890267,0.6656837919
20.4629455000,4986,0.3410765641,53.9712890267,0.6656837919
20.4648367000,4987,0.3410765641,53.9712890267,0.6656837919
20.4667940000,4988,0.3410765641,53.9712890267,0.6656837919
20.4687239000,4989,0.3410765641,53.9712890267,0.6656837919
20.4706823000,4990,0.3410765641,53.9712890267,0.6656837919
20.4725701000,4991,0.3410765641,53.9712890267,0.6656837919
20.4744809000,4992,0.3410765641,53.9712890267,0.6656837919
20.4763796000,4993,0.3410765641,53.9712890267,0.6656837919
20.4782626000,4994,0.3410765641,53.9712890267,0.6656837919
20.4801110000,4995,0.3410765641,53.9712890267,0.6656837919
20.4819748000,4996,0.3410765641,53.9712890267,0.6656837919
20.4838278000,4997,0.3410765641,53.9712890267,0.6656837919
20.4857239000,4998,0.3410765641,53.9712890267,0.6656837919
20.4876398000,4999,0.3410765641,53.9712890267,0.6656837919
20.4895763000,5000,0.3410765641,53.9712890267,0.6656837919
20.4919217000,5001,0.3410765641,53.9712890267,0.6656837919
20.4939088000,5002,0.3410765641,53.9712890267,0.6656837919
20.4958808000,5003,0.3410765641,53.9712890267,0.6656837919
20.4978025000,5004,0.3410765641,53.9712890267,0.6656837919
20.4996826000,5005,0.3410765641,53.9712890267,0.6656837919
20.5015588000,5006,0.3410765641,53.9712890267,0.6656837919
20.5034639000,5007,0.3410765641,53.9712890267,0.6656837919
20.5053014000,5008,0.3410765641,53.9712890267,0.6656837919
20.5071442000,5009,0.3410765641,53.9712890267,0.6656837919
20.5090073000,5010,0.3410765641,53.9712890267,0.6656837919
20.5108664000,5011,0.3410765641,53.9712890267,0.6656837919
20.5127168000,5012,0.3410765641,53.9712890267,0.6656837919
20.5145674000,5013,0.3410765641,53.9712890267,0.6656837919
20.5167126000,5014,0.3410765641,53.9712890267,0.6656837919
20.5187023000,5015,0.3410765641,53.9712890267,0.6656837919
20.5206456000,5016,0.3410765641,53.9712890267,0.6656837919
20.5226058000,5017,0.3410765641,53.9712890267,0.6656837919
20.5246942000,5018,0.3410765641,53.9712890267,0.6656837919
20.5265929000,5019,0.3410765641,53.9712890267,0.6656837919
20.5285388000,5020,0.3410765641,53.9712890267,0.6656837919
20.5304095000,5021,0.3410765641,53.9712890267,0.6656837919
20.5323193000,5022,0.3410765641,53.9712890267,0.6656837919
20.5341951000,5023,0.3410765641,53.9712890267,0.6656837919
20.5360637000,5024,0.3410765641,53.9712890267,0.6656837919
20.5379506000,5025,0.3410765641,53.9712890267,0.6656837919
20.5398488000,5026,0.3410765641,53.9712890267,0.6656837919
20.5417325000,5027,0.3410765641,53.9712890267,0.6656837919
20.5435580000,5028,0.3410765641,53.9712890267,0.6656837919
20.5454220000,5029,0.3410765641,53.9712890267,0.6656837919
20.5473034000,5030,0.3410765641,53.9712890267,0.6656837919
20.5491484000,5031,0.3410765641,53.9712890267,0.6656837919
20.5510065000,5032,0.3410765641,53.9712890267,0.6656837919
20.5528569000,5033,0.3410765641,53.9712890267,0.6656837919
20.5547122000,5034,0.3410765641,53.9712890267,0.6656837919
20.5565476000,5035,0.3410765641,53.9712890267,0.6656837919
20.5584066000,5036,0.3410765641,53.9712890267,0.6656837919
20.5602436000,5037,0.3410765641,53.9712890267,0.6656837919
20.5621030000,5038,0.3410765641,53.9712890267,0.6656837919
20.5640705000,5039,0.3410765641,53.9712890267,0.6656837919
20.5659348000,5040,0.3410765641,53.9712890267,0.6656837919
20.5678045000,5041,0.3410765641,53.9712890267,0.6656837919
20.5696362000,5042,0.3410765641,53.9712890267,0.6656837919
20.5714737000,5043,0.3410765641,53.9712890267,0.6656837919
20.5733072000,5044,0.3410765641,53.9712890267,0.6656837919
20.5751716000,5045,0.3410765641,53.9712890267,0.6656837919
20.5770463000,5046,0.3410765641,53.9712890267,0.6656837919
20.5788903000,5047,0.3410765641,53.9712890267,0.6656837919
20.5807431000,5048,0.3410765641,53.9712890267,0.6656837919
20.5825952000,5049,0.3410765641,53.9712890267,0.6656837919
20.5844782000,5050,0.3410765641,53.9712890267,0.6656837919
20.5863874000,5051,0.3410765641,53.9712890267,0.6656837919
20.5884704000,5052,0.3410765641,53.9712890267,0.6656837919
20.5905756000,5053,0.3410765641,53.9712890267,0.6656837919
20.5927848000,5054,0.3410765641,53.9712890267,0.6656837919
20.5949079000,5055,0.3410765641,53.9712890267,0.6656837919
20.5968594000,5056,0.3410765641,53.9712890267,0.6656837919
20.5988246000,5057,0.3410765641,53.9712890267,0.6656837919
20.6008321000,5058,0.3410765641,53.9712890267,0.6656837919
20.6030181000,5059,0.3410765641,53.9712890267,0.6656837919
20.6049609000,5060,0.3410765641,53.9712890267,0.6656837919
20.6069212000,5061,0.3410765641,53.9712890267,0.6656837919
20.6088402000,5062,0.3410765641,53.9712890267,0.6656837919
20.6106951000,5063,0.3410765641,53.9712890267,0.6656837919
20.6125778000,5064,0.3410765641,53.9712890267,0.6656837919
20.6144495000,5065,0.3410765641,53.9712890267,0.6656837919
20.6165723000,5066,0.3410765641,53.9712890267,0.6656837919
20.6186289000,5067,0.3410765641,53.9712890267,0.6656837919
20.6206495000,5068,0.3410765641,53.9712890267,0.6656837919
20.6228757000,5069,0.3410765641,53.9712890267,0.6656837919
20.6249681000,5070,0.3410765641,53.9712890267,0.6656837919
20.6270895000,5071,0.3410765641,53.9712890267,0.6656837919
20.6289971000,5072,0.3410765641,53.9712890267,0.6656837919
20.6309580000,5073,0.3410765641,53.9712890267,0.6656837919
20.6330747000,5074,0.3410765641,53.9712890267,0.6656837919
20.6349821000,5075,0.3410765641,53.9712890267,0.6656837919
20.6371203000,5076,0.3410765641,53.9712890267,0.6656837919
20.6391349000,5077,0.3410765641,53.9712890267,0.6656837919
20.6411156000,5078,0.3410765641,53.9712890267,0.6656837919
20.6429495000,5079,0.3410765641,53.9712890267,0.6656837919
20.6451964000,5080,0.3410765641,53.9712890267,0.6656837919
20.6471761000,5081,0.3410765641,53.9712890267,0.6656837919
20.6494011000,5082,0.3410765641,53.9712890267,0.6656837919
20.6512741000,5083,0.3410765641,53.9712890267,0.6656837919
20.6532436000,5084,0.3410765641,53.9712890267,0.6656837919
20.6551897000,5085,0.3410765641,53.9712890267,0.6656837919
20.6571920000,5086,0.3410765641,53.9712890267,0.6656837919
20.6591182000,5087,0.3410765641,53.9712890267,0.6656837919
20.6612180000,5088,0.3410765641,53.9712890267,0.6656837919
20.6631718000,5089,0.3410765641,53.9712890267,0.6656837919
20.6654219000,5090,0.3410765641,53.9712890267,0.6656837919
20.6676427000,5091,0.3410765641,53.9712890267,0.6656837919
20.6700398000,5092,0.3410765641,53.9712890267,0.6656837919
20.6719503000,5093,0.3410765641,53.9712890267,0.6656837919
20.6742913000,5094,0.3410765641,53.9712890267,0.6656837919
20.6764564000,5095,0.3410765641,53.9712890267,0.6656837919
20.6784806000,5096,0.3410765641,53.9712890267,0.6656837919
20.6804741000,5097,0.3410765641,53.9712890267,0.6656837919
20.6826838000,5098,0.3410765641,53.9712890267,0.6656837919
20.6846454000,5099,0.3410765641,53.9712890267,0.6656837919
20.6869304000,5100,0.3410765641,53.9712890267,0.6656837919
20.6889225000,5101,0.3410765641,53.9712890267,0.6656837919
20.6908424000,5102,0.3410765641,53.9712890267,0.6656837919
20.6927183000,5103,0.3410765641,53.9712890267,0.6656837919
20.6946274000,5104,0.3410765641,53.9712890267,0.6656837919
20.6965411000,5105,0.3410765641,53.9712890267,0.6656837919
20.6983561000,5106,0.3410765641,53.9712890267,0.6656837919
20.7004673000,5107,0.3410765641,53.9712890267,0.6656837919
20.7023523000,5108,0.3410765641,53.9712890267,0.6656837919
20.7042561000,5109,0.3410765641,53.9712890267,0.6656837919
20.7061303000,5110,0.3410765641,53.9712890267,0.6656837919
20.7080196000,5111,0.3410765641,53.9712890267,0.6656837919
20.7098684000,5112,0.3410765641,53.9712890267,0.6656837919
20.7117184000,5113,0.3410765641,53.9712890267,0.6656837919
20.7135864000,5114,0.3410765641,53.9712890267,0.6656837919
20.7154336000,5115,0.3410765641,53.9712890267,0.6656837919
20.7172912000,5116,0.3410765641,53.9712890267,0.6656837919
20.7191744000,5117,0.3410765641,53.9712890267,0.6656837919
20.7210580000,5118,0.3410765641,53.9712890267,0.6656837919
20.7229324000,5119,0.3410765641,53.9712890267,0.6656837919
20.7248306000,5120,0.3410765641,53.9712890267,0.6656837919
20.7267400000,5121,0.3410765641,53.9712890267,0.6656837919
20.7286314000,5122,0.3410765641,53.9712890267,0.6656837919
20.7304813000,5123,0.3410765641,53.9712890267,0.6656837919
20.7323692000,5124,0.3410765641,53.9712890267,0.6656837919
20.7342377000,5125,0.3410765641,53.9712890267,0.6656837919
20.7360902000,5126,0.3410765641,53.9712890267,0.6656837919
20.7379066000,5127,0.3410765641,53.9712890267,0.6656837919
20.7397495000,5128,0.3410765641,53.9712890267,0.6656837919
20.7415948000,5129,0.3410765641,53.9712890267,0.6656837919
20.7433951000,5130,0.3410765641,53.9712890267,0.6656837919
20.7452322000,5131,0.3410765641,53.9712890267,0.6656837919
20.7471057000,5132,0.3410765641,53.9712890267,0.6656837919
20.7489559000,5133,0.3410765641,53.9712890267,0.6656837919
20.7507869000,5134,0.3410765641,53.9712890267,0.6656837919
20.7527054000,5135,0.3410765641,53.9712890267,0.6656837919
20.7545765000,5136,0.3410765641,53.9712890267,0.6656837919
20.7565321000,5137,0.3410765641,53.9712890267,0.6656837919
20.7587117000,5138,0.3410765641,53.9712890267,0.6656837919
20.7609802000,5139,0.3410765641,53.9712890267,0.6656837919
20.7630019000,5140,0.3410765641,53.9712890267,0.6656837919
20.7649203000,5141,0.3410765641,53.9712890267,0.6656837919
20.7668582000,5142,0.3410765641,53.9712890267,0.6656837919
20.7687283000,5143,0.3410765641,53.9712890267,0.6656837919
20.7706286000,5144,0.3410765641,53.9712890267,0.6656837919
20.7724604000,5145,0.3410765641,53.9712890267,0.6656837919
20.7743015000,5146,0.3410765641,53.9712890267,0.6656837919
20.7761775000,5147,0.3410765641,53.9712890267,0.6656837919
20.7780274000,5148,0.3410765641,53.9712890267,0.6656837919
20.7798680000,5149,0.3410765641,53.9712890267,0.6656837919
20.7817476000,5150,0.3410765641,53.9712890267,0.6656837919
20.7836534000,5151,0.3410765641,53.9712890267,0.6656837919
20.7855345000,5152,0.3410765641,53.9712890267,0.6656837919
20.7873641000,5153,0.3410765641,53.9712890267,0.6656837919
20.7891837000,5154,0.3410765641,53.9712890267,0.6656837919
20.7910273000,5155,0.3410765641,53.9712890267,0.6656837919
20.7928898000,5156,0.3410765641,53.9712890267,0.6656837919
20.7947189000,5157,0.3410765641,53.9712890267,0.6656837919
20.7969384000,5158,0.3410765641,53.9712890267,0.6656837919
20.7989197000,5159,0.3410765641,53.9712890267,0.6656837919
20.8007761000,5160,0.3410765641,53.9712890267,0.6656837919
20.8029920000,5161,0.3410765641,53.9712890267,0.6656837919
20.8049651000,5162,0.3410765641,53.9712890267,0.6656837919
20.8069788000,5163,0.3410765641,53.9712890267,0.6656837919
20.8089804000,5164,0.3410765641,53.9712890267,0.6656837919
20.8109201000,5165,0.3410765641,53.9712890267,0.6656837919
20.8127545000,5166,0.3410765641,53.9712890267,0.6656837919
20.8146166000,5167,0.3410765641,53.9712890267,0.6656837919
20.8167047000,5168,0.3410765641,53.9712890267,0.6656837919
20.8185787000,5169,0.3410765641,53.9712890267,0.6656837919
20.8205330000,5170,0.3410765641,53.9712890267,0.6656837919
20.8224576000,5171,0.3410765641,53.9712890267,0.6656837919
20.8245562000,5172,0.3410765641,53.9712890267,0.6656837919
20.8265960000,5173,0.3410765641,53.9712890267,0.6656837919
20.8287983000,5174,0.3410765641,53.9712890267,0.6656837919
20.8307436000,5175,0.3410765641,53.9712890267,0.6656837919
20.8327737000,5176,0.3410765641,53.9712890267,0.6656837919
20.8349352000,5177,0.3410765641,53.9712890267,0.6656837919
20.8369457000,5178,0.3410765641,53.9712890267,0.6656837919
20.8388974000,5179,0.3410765641,53.9712890267,0.6656837919
20.8410496000,5180,0.3410765641,53.9712890267,0.6656837919
20.8431251000,5181,0.3410765641,53.9712890267,0.6656837919
20.8453271000,5182,0.3410765641,53.9712890267,0.6656837919
20.8476069000,5183,0.3410765641,53.9712890267,0.6656837919
20.8495363000,5184,0.3410765641,53.9712890267,0.6656837919
20.8514429000,5185,0.3410765641,53.9712890267,0.6656837919
20.8534152000,5186,0.3410765641,53.9712890267,0.6656837919
20.8553259000,5187,0.3410765641,53.9712890267,0.6656837919
20.8571870000,5188,0.3410765641,53.9712890267,0.6656837919
20.8590454000,5189,0.3410765641,53.9712890267,0.6656837919
20.8609037000,5190,0.3410765641,53.9712890267,0.6656837919
20.8630679000,5191,0.3410765641,53.9712890267,0.6656837919
20.8651362000,5192,0.3410765641,53.9712890267,0.6656837919
20.8672651000,5193,0.3410765641,53.9712890267,0.6656837919
20.8693855000,5194,0.3410765641,53.9712890267,0.6656837919
20.8712733000,5195,0.3410765641,53.9712890267,0.6656837919
20.8731690000,5196,0.3410765641,53.9712890267,0.6656837919
20.8751164000,5197,0.3410765641,53.9712890267,0.6656837919
20.8770348000,5198,0.3410765641,53.9712890267,0.6656837919
20.8789331000,5199,0.3410765641,53.9712890267,0.6656837919
20.8808222000,5200,0.3410765641,53.9712890267,0.6656837919
20.8829652000,5201,0.3410765641,53.9712890267,0.6656837919
20.8848062000,5202,0.3410765641,53.9712890267,0.6656837919
20.8869238000,5203,0.3410765641,53.9712890267,0.6656837919
20.8888937000,5204,0.3410765641,53.9712890267,0.6656837919
20.8907825000,5205,0.3410765641,53.9712890267,0.6656837919
20.8926484000,5206,0.3410765641,53.9712890267,0.6656837919
20.8945444000,5207,0.3410765641,53.9712890267,0.6656837919
20.8964245000,5208,0.3410765641,53.9712890267,0.6656837919
20.8982983000,5209,0.3410765641,53.9712890267,0.6656837919
20.9004627000,5210,0.3410765641,53.9712890267,0.6656837919
20.9025447000,5211,0.3410765641,53.9712890267,0.6656837919
20.9046828000,5212,0.3410765641,53.9712890267,0.6656837919
20.9067327000,5213,0.3410765641,53.9712890267,0.6656837919
20.9087453000,5214,0.3410765641,53.9712890267,0.6656837919
20.9108710000,5215,0.3410765641,53.9712890267,0.6656837919
20.9128953000,5216,0.3410765641,53.9712890267,0.6656837919
20.9152560000,5217,0.3410765641,53.9712890267,0.6656837919
20.9172675000,5218,0.3410765641,53.9712890267,0.6656837919
20.9192091000,5219,0.3410765641,53.9712890267,0.6656837919
20.9211439000,5220,0.3410765641,53.9712890267,0.6656837919
20.9231121000,5221,0.3410765641,53.9712890267,0.6656837919
20.9251006000,5222,0.3410765641,53.9712890267,0.6656837919
20.9269752000,5223,0.3410765641,53.9712890267,0.6656837919
20.9289505000,5224,0.3410765641,53.9712890267,0.6656837919
20.9310915000,5225,0.3410765641,53.9712890267,0.6656837919
20.9330417000,5226,0.3410765641,53.9712890267,0.6656837919
20.9348966000,5227,0.3410765641,53.9712890267,0.6656837919
20.9367671000,5228,0.3410765641,53.9712890267,0.6656837919
20.9387195000,5229,0.3410765641,53.9712890267,0.6656837919
20.9410436000,5230,0.3410765641,53.9712890267,0.6656837919
20.9430406000,5231,0.3410765641,53.9712890267,0.6656837919
20.9451652000,5232,0.3410765641,53.9712890267,0.6656837919
20.9472546000,5233,0.3410765641,53.9712890267,0.6656837919
20.9495054000,5234,0.3410765641,53.9712890267,0.6656837919
20.9514918000,5235,0.3410765641,53.9712890267,0.6656837919
20.9535856000,5236,0.3410765641,53.9712890267,0.6656837919
20.9555261000,5237,0.3410765641,53.9712890267,0.6656837919
20.9575889000,5238,0.3410765641,53.9712890267,0.6656837919
20.9594718000,5239,0.3410765641,53.9712890267,0.6656837919
20.9618246000,5240,0.3410765641,53.9712890267,0.6656837919
20.9639880000,5241,0.3410765641,53.9712890267,0.6656837919
20.9660053000,5242,0.3410765641,53.9712890267,0.6656837919
20.9679097000,5243,0.3410765641,53.9712890267,0.6656837919
20.9700504000,5244,0.3410765641,53.9712890267,0.6656837919
20.9719757000,5245,0.3410765641,53.9712890267,0.6656837919
20.9740579000,5246,0.3410765641,53.9712890267,0.6656837919
20.9760947000,5247,0.3410765641,53.9712890267,0.6656837919
20.9782331000,5248,0.3410765641,53.9712890267,0.6656837919
20.9800826000,5249,0.3410765641,53.9712890267,0.6656837919
20.9821611000,5250,0.3410765641,53.9712890267,0.6656837919
20.9843149000,5251,0.3410765641,53.9712890267,0.6656837919
20.9864668000,5252,0.3410765641,53.9712890267,0.6656837919
20.9884501000,5253,0.3410765641,53.9712890267,0.6656837919
20.9903129000,5254,0.3410765641,53.9712890267,0.6656837919
20.9922122000,5255,0.3410765641,53.9712890267,0.6656837919
20.9941022000,5256,0.3410765641,53.9712890267,0.6656837919
20.9961112000,5257,0.3410765641,53.9712890267,0.6656837919
20.9983544000,5258,0.3410765641,53.9712890267,0.6656837919
21.0002396000,5259,0.3410765641,53.9712890267,0.6656837919
21.0020914000,5260,0.3410765641,53.9712890267,0.6656837919
21.0040387000,5261,0.3410765641,53.9712890267,0.6656837919
21.0060155000,5262,0.3410765641,53.9712890267,0.6656837919
21.0080113000,5263,0.3410765641,53.9712890267,0.6656837919
21.0099654000,5264,0.3410765641,53.9712890267,0.6656837919
21.0123928000,5265,0.3410765641,53.9712890267,0.6656837919
21.0143084000,5266,0.3410765641,53.9712890267,0.6656837919
21.0165018000,5267,0.3410765641,53.9712890267,0.6656837919
21.0184489000,5268,0.3410765641,53.9712890267,0.6656837919
21.0203719000,5269,0.3410765641,53.9712890267,0.6656837919
21.0222646000,5270,0.3410765641,53.9712890267,0.6656837919
21.0243512000,5271,0.3410765641,53.9712890267,0.6656837919
21.0264211000,5272,0.3410765641,53.9712890267,0.6656837919
21.0284403000,5273,0.3410765641,53.9712890267,0.6656837919
21.0303209000,5274,0.3410765641,53.9712890267,0.6656837919
21.0322397000,5275,0.3410765641,53.9712890267,0.6656837919
21.0343977000,5276,0.3410765641,53.9712890267,0.6656837919
21.0365599000,5277,0.3410765641,53.9712890267,0.6656837919
21.0387157000,5278,0.3410765641,53.9712890267,0.6656837919
21.0409048000,5279,0.3410765641,53.9712890267,0.6656837919
21.0428198000,5280,0.3410765641,53.9712890267,0.6656837919
21.0448266000,5281,0.3410765641,53.9712890267,0.6656837919
21.0469626000,5282,0.3410765641,53.9712890267,0.6656837919
21.0489234000,5283,0.3410765641,53.9712890267,0.6656837919
21.0507911000,5284,0.3410765641,53.9712890267,0.6656837919
21.0527700000,5285,0.3410765641,53.9712890267,0.6656837919
21.0548823000,5286,0.3410765641,53.9712890267,0.6656837919
21.0569500000,5287,0.3410765641,53.9712890267,0.6656837919
21.0588855000,5288,0.3410765641,53.9712890267,0.6656837919
21.0610434000,5289,0.3410765641,53.9712890267,0.6656837919
21.0629710000,5290,0.3410765641,53.9712890267,0.6656837919
21.0648585000,5291,0.3410765641,53.9712890267,0.6656837919
21.0669981000,5292,0.3410765641,53.9712890267,0.6656837919
21.0689485000,5293,0.3410765641,53.9712890267,0.6656837919
21.0708140000,5294,0.3410765641,53.9712890267,0.6656837919
21.0726721000,5295,0.3410765641,53.9712890267,0.6656837919
21.0747277000,5296,0.3410765641,53.9712890267,0.6656837919
21.0766214000,5297,0.3410765641,53.9712890267,0.6656837919
21.0788027000,5298,0.3410765641,53.9712890267,0.6656837919
21.0807568000,5299,0.3410765641,53.9712890267,0.6656837919
21.0829368000,5300,0.3410765641,53.9712890267,0.6656837919
21.0849158000,5301,0.3410765641,53.9712890267,0.6656837919
21.0867792000,5302,0.3410765641,53.9712890267,0.6656837919
21.0886684000,5303,0.3410765641,53.9712890267,0.6656837919
21.0905584000,5304,0.3410765641,53.9712890267,0.6656837919
21.0924239000,5305,0.3410765641,53.9712890267,0.6656837919
21.0943259000,5306,0.3410765641,53.9712890267,0.6656837919
21.0964962000,5307,0.3410765641,53.9712890267,0.6656837919
21.0986912000,5308,0.3410765641,53.9712890267,0.6656837919
21.1008435000,5309,0.3410765641,53.9712890267,0.6656837919
21.1028791000,5310,0.3410765641,53.9712890267,0.6656837919
21.1049963000,5311,0.3410765641,53.9712890267,0.6656837919
21.1071369000,5312,0.3410765641,53.9712890267,0.6656837919
21.1090466000,5313,0.3410765641,53.9712890267,0.6656837919
21.1113047000,5314,0.3410765641,53.9712890267,0.6656837919
21.1133069000,5315,0.3410765641,53.9712890267,0.6656837919
21.1154687000,5316,0.3410765641,53.9712890267,0.6656837919
21.1175386000,5317,0.3410765641,53.9712890267,0.6656837919
21.1195331000,5318,0.3410765641,53.9712890267,0.6656837919
21.1214010000,5319,0.3410765641,53.9712890267,0.6656837919
21.1232655000,5320,0.3410765641,53.9712890267,0.6656837919
21.1251902000,5321,0.3410765641,53.9712890267,0.6656837919
21.1271349000,5322,0.3410765641,53.9712890267,0.6656837919
21.1293113000,5323,0.3410765641,53.9712890267,0.6656837919
21.1313556000,5324,0.3410765641,53.9712890267,0.6656837919
21.1333454000,5325,0.3410765641,53.9712890267,0.6656837919
21.1354303000,5326,0.3410765641,53.9712890267,0.6656837919
21.1379453000,5327,0.3410765641,53.9712890267,0.6656837919
21.1401476000,5328,0.3410765641,53.9712890267,0.6656837919
21.1421565000,5329,0.3410765641,53.9712890267,0.6656837919
21.1440922000,5330,0.3410765641,53.9712890267,0.6656837919
21.1460604000,5331,0.3410765641,53.9712890267,0.6656837919
21.1479699000,5332,0.3410765641,53.9712890267,0.6656837919
21.1498484000,5333,0.3410765641,53.9712890267,0.6656837919
21.1517117000,5334,0.3410765641,53.9712890267,0.6656837919
21.1538360000,5335,0.3410765641,53.9712890267,0.6656837919
21.1558630000,5336,0.3410765641,53.9712890267,0.6656837919
21.1578345000,5337,0.3410765641,53.9712890267,0.6656837919
21.1597211000,5338,0.3410765641,53.9712890267,0.6656837919
21.1618552000,5339,0.3410765641,53.9712890267,0.6656837919
21.1638114000,5340,0.3410765641,53.9712890267,0.6656837919
21.1658271000,5341,0.3410765641,53.9712890267,0.6656837919
21.1677488000,5342,0.3410765641,53.9712890267,0.6656837919
21.1699169000,5343,0.3410765641,53.9712890267,0.6656837919
21.1718113000,5344,0.3410765641,53.9712890267,0.6656837919
21.1738115000,5345,0.3410765641,53.9712890267,0.6656837919
21.1757205000,5346,0.3410765641,53.9712890267,0.6656837919
21.1777524000,5347,0.3410765641,53.9712890267,0.6656837919
21.1797496000,5348,0.3410765641,53.9712890267,0.6656837919
21.1820074000,5349,0.3410765641,53.9712890267,0.6656837919
21.1841443000,5350,0.3410765641,53.9712890267,0.6656837919
21.1865218000,5351,0.3410765641,53.9712890267,0.6656837919
21.1884976000,5352,0.3410765641,53.9712890267,0.6656837919
21.1904392000,5353,0.3410765641,53.9712890267,0.6656837919
21.1923376000,5354,0.3410765641,53.9712890267,0.6656837919
21.1944165000,5355,0.3410765641,53.9712890267,0.6656837919
21.1964048000,5356,0.3410765641,53.9712890267,0.6656837919
21.1985764000,5357,0.3410765641,53.9712890267,0.6656837919
21.2005208000,5358,0.3410765641,53.9712890267,0.6656837919
21.2025082000,5359,0.3410765641,53.9712890267,0.6656837919
21.2045608000,5360,0.3410765641,53.9712890267,0.6656837919
21.2067876000,5361,0.3410765641,53.9712890267,0.6656837919
21.2088280000,5362,0.3410765641,53.9712890267,0.6656837919
21.2109008000,5363,0.3410765641,53.9712890267,0.6656837919
21.2129283000,5364,0.3410765641,53.9712890267,0.6656837919
21.2154459000,5365,0.3410765641,53.9712890267,0.6656837919
21.2173900000,5366,0.3410765641,53.9712890267,0.6656837919
21.2192759000,5367,0.3410765641,53.9712890267,0.6656837919
21.2211407000,5368,0.3410765641,53.9712890267,0.6656837919
21.2230980000,5369,0.3410765641,53.9712890267,0.6656837919
21.2249943000,5370,0.3410765641,53.9712890267,0.6656837919
21.2268511000,5371,0.3410765641,53.9712890267,0.6656837919
21.2294163000,5372,0.3410765641,53.9712890267,0.6656837919
21.2315007000,5373,0.3410765641,53.9712890267,0.6656837919
21.2335219000,5374,0.3410765641,53.9712890267,0.6656837919
21.2354607000,5375,0.3410765641,53.9712890267,0.6656837919
21.2379858000,5376,0.3410765641,53.9712890267,0.6656837919
21.2402257000,5377,0.3410765641,53.9712890267,0.6656837919
21.2421441000,5378,0.3410765641,53.9712890267,0.6656837919
21.2440733000,5379,0.3410765641,53.9712890267,0.6656837919
21.2463335000,5380,0.3410765641,53.9712890267,0.6656837919
21.2486202000,5381,0.3410765641,53.9712890267,0.6656837919
21.2505289000,5382,0.3410765641,53.9712890267,0.6656837919
21.2525080000,5383,0.3410765641,53.9712890267,0.6656837919
21.2546761000,5384,0.3410765641,53.9712890267,0.6656837919
21.2567753000,5385,0.3410765641,53.9712890267,0.6656837919
21.2586701000,5386,0.3410765641,53.9712890267,0.6656837919
21.2608086000,5387,0.3410765641,53.9712890267,0.6656837919
21.2627819000,5388,0.3410765641,53.9712890267,0.6656837919
21.2646461000,5389,0.3410765641,53.9712890267,0.6656837919
21.2667996000,5390,0.3410765641,53.9712890267,0.6656837919
21.2688368000,5391,0.3410765641,53.9712890267,0.6656837919
21.2707121000,5392,0.3410765641,53.9712890267,0.6656837919
21.2726052000,5393,0.3410765641,53.9712890267,0.6656837919
21.2744983000,5394,0.3410765641,53.9712890267,0.6656837919
21.2763514000,5395,0.3410765641,53.9712890267,0.6656837919
21.2782250000,5396,0.3410765641,53.9712890267,0.6656837919
21.2801315000,5397,0.3410765641,53.9712890267,0.6656837919
21.2819873000,5398,0.3410765641,53.9712890267,0.6656837919
21.2838854000,5399,0.3410765641,53.9712890267,0.6656837919
21.2857816000,5400,0.3410765641,53.9712890267,0.6656837919
21.2876909000,5401,0.3410765641,53.9712890267,0.6656837919
21.2895674000,5402,0.3410765641,53.9712890267,0.6656837919
21.2914290000,5403,0.3410765641,53.9712890267,0.6656837919
21.2932886000,5404,0.3410765641,53.9712890267,0.6656837919
21.2953372000,5405,0.3410765641,53.9712890267,0.6656837919
21.2972667000,5406,0.3410765641,53.9712890267,0.6656837919
21.2993849000,5407,0.3410765641,53.9712890267,0.6656837919
21.3013388000,5408,0.3410765641,53.9712890267,0.6656837919
21.3032294000,5409,0.3410765641,53.9712890267,0.6656837919
21.3050921000,5410,0.3410765641,53.9712890267,0.6656837919
21.3069641000,5411,0.3410765641,53.9712890267,0.6656837919
21.3088644000,5412,0.3410765641,53.9712890267,0.6656837919
21.3108822000,5413,0.3410765641,53.9712890267,0.6656837919
21.3127661000,5414,0.3410765641,53.9712890267,0.6656837919
21.3146168000,5415,0.3410765641,53.9712890267,0.6656837919
21.3164937000,5416,0.3410765641,53.9712890267,0.6656837919
21.3183658000,5417,0.3410765641,53.9712890267,0.6656837919
21.3202369000,5418,0.3410765641,53.9712890267,0.6656837919
21.3221067000,5419,0.3410765641,53.9712890267,0.6656837919
21.3241444000,5420,0.3410765641,53.9712890267,0.6656837919
21.3260241000,5421,0.3410765641,53.9712890267,0.6656837919
21.3278994000,5422,0.3410765641,53.9712890267,0.6656837919
21.3297687000,5423,0.3410765641,53.9712890267,0.6656837919
21.3316794000,5424,0.3410765641,53.9712890267,0.6656837919
21.3335522000,5425,0.3410765641,53.9712890267,0.6656837919
21.3354547000,5426,0.3410765641,53.9712890267,0.6656837919
21.3373449000,5427,0.3410765641,53.9712890267,0.6656837919
21.3391864000,5428,0.3410765641,53.9712890267,0.6656837919
21.3410814000,5429,0.3410765641,53.9712890267,0.6656837919
21.3429171000,5430,0.3410765641,53.9712890267,0.6656837919
21.3447961000,5431,0.3410765641,53.9712890267,0.6656837919
21.3466831000,5432,0.3410765641,53.9712890267,0.6656837919
21.3485473000,5433,0.3410765641,53.9712890267,0.6656837919
21.3504107000,5434,0.3410765641,53.9712890267,0.6656837919
21.3522612000,5435,0.3410765641,53.9712890267,0.6656837919
21.3541263000,5436,0.3410765641,53.9712890267,0.6656837919
21.3559646000,5437,0.3410765641,53.9712890267,0.6656837919
21.3577818000,5438,0.3410765641,53.9712890267,0.6656837919
21.3595970000,5439,0.3410765641,53.9712890267,0.6656837919
21.3617960000,5440,0.3410765641,53.9712890267,0.6656837919
21.3639271000,5441,0.3410765641,53.9712890267,0.6656837919
21.3658836000,5442,0.3410765641,53.9712890267,0.6656837919
21.3677542000,5443,0.3410765641,53.9712890267,0.6656837919
21.3695890000,5444,0.3410765641,53.9712890267,0.6656837919
21.3714744000,5445,0.3410765641,53.9712890267,0.6656837919
21.3733314000,5446,0.3410765641,53.9712890267,0.6656837919
21.3752157000,5447,0.3410765641,53.9712890267,0.6656837919
21.3771043000,5448,0.3410765641,53.9712890267,0.6656837919
21.3790668000,5449,0.3410765641,53.9712890267,0.6656837919
21.3809701000,5450,0.3410765641,53.9712890267,0.6656837919
21.3831272000,5451,0.3410765641,53.9712890267,0.6656837919
21.3850051000,5452,0.3410765641,53.9712890267,0.6656837919
21.3871106000,5453,0.3410765641,53.9712890267,0.6656837919
21.3892168000,5454,0.3410765641,53.9712890267,0.6656837919
21.3912092000,5455,0.3410765641,53.9712890267,0.6656837919
21.3930964000,5456,0.3410765641,53.9712890267,0.6656837919
21.3949754000,5457,0.3410765641,53.9712890267,0.6656837919
21.3968533000,5458,0.3410765641,53.9712890267,0.6656837919
21.3987108000,5459,0.3410765641,53.9712890267,0.6656837919
21.4005402000,5460,0.3410765641,53.9712890267,0.6656837919
21.4023611000,5461,0.3410765641,53.9712890267,0.6656837919
21.4043274000,5462,0.3410765641,53.9712890267,0.6656837919
21.4061913000,5463,0.3410765641,53.9712890267,0.6656837919
21.4081833000,5464,0.3410765641,53.9712890267,0.6656837919
21.4100637000,5465,0.3410765641,53.9712890267,0.6656837919
21.4121830000,5466,0.3410765641,53.9712890267,0.6656837919
21.4141077000,5467,0.3410765641,53.9712890267,0.6656837919
21.4164172000,5468,0.3410765641,53.9712890267,0.6656837919
21.4183930000,5469,0.3410765641,53.9712890267,0.6656837919
21.4204073000,5470,0.3410765641,53.9712890267,0.6656837919
21.4222811000,5471,0.3410765641,53.9712890267,0.6656837919
21.4243420000,5472,0.3410765641,53.9712890267,0.6656837919
21.4262183000,5473,0.3410765641,53.9712890267,0.6656837919
21.4284929000,5474,0.3410765641,53.9712890267,0.6656837919
21.4304413000,5475,0.3410765641,53.9712890267,0.6656837919
21.4324879000,5476,0.3410765641,53.9712890267,0.6656837919
21.4344513000,5477,0.3410765641,53.9712890267,0.6656837919
21.4364611000,5478,0.3410765641,53.9712890267,0.6656837919
21.4385625000,5479,0.3410765641,53.9712890267,0.6656837919
21.4406025000,5480,0.3410765641,53.9712890267,0.6656837919
21.4424945000,5481,0.3410765641,53.9712890267,0.6656837919
21.4443786000,5482,0.3410765641,53.9712890267,0.6656837919
21.4463565000,5483,0.3410765641,53.9712890267,0.6656837919
21.4482849000,5484,0.3410765641,53.9712890267,0.6656837919
21.4502023000,5485,0.3410765641,53.9712890267,0.6656837919
21.4522188000,5486,0.3410765641,53.9712890267,0.6656837919
21.4542502000,5487,0.3410765641,53.9712890267,0.6656837919
21.4566572000,5488,0.3410765641,53.9712890267,0.6656837919
21.4585448000,5489,0.3410765641,53.9712890267,0.6656837919
21.4606942000,5490,0.3410765641,53.9712890267,0.6656837919
21.4630394000,5491,0.3410765641,53.9712890267,0.6656837919
21.4652289000,5492,0.3410765641,53.9712890267,0.6656837919
21.4670982000,5493,0.3410765641,53.9712890267,0.6656837919
21.4689253000,5494,0.3410765641,53.9712890267,0.6656837919
21.4708062000,5495,0.3410765641,53.9712890267,0.6656837919
21.4726834000,5496,0.3410765641,53.9712890267,0.6656837919
21.4747372000,5497,0.3410765641,53.9712890267,0.6656837919
21.4765862000,5498,0.3410765641,53.9712890267,0.6656837919
21.4786782000,5499,0.3410765641,53.9712890267,0.6656837919
21.4807268000,5500,0.3410765641,53.9712890267,0.6656837919
21.4830533000,5501,0.3410765641,53.9712890267,0.6656837919
21.4850301000,5502,0.3410765641,53.9712890267,0.6656837919
21.4870103000,5503,0.3410765641,53.9712890267,0.6656837919
21.4888690000,5504,0.3410765641,53.9712890267,0.6656837919
21.4907465000,5505,0.3410765641,53.9712890267,0.6656837919
21.4925943000,5506,0.3410765641,53.9712890267,0.6656837919
21.4944788000,5507,0.3410765641,53.9712890267,0.6656837919
21.4967155000,5508,0.3410765641,53.9712890267,0.6656837919
21.4988081000,5509,0.3410765641,53.9712890267,0.6656837919
21.5008141000,5510,0.3410765641,53.9712890267,0.6656837919
21.5028495000,5511,0.3410765641,53.9712890267,0.6656837919
21.5048213000,5512,0.3410765641,53.9712890267,0.6656837919
21.5069197000,5513,0.3410765641,53.9712890267,0.6656837919
21.5090938000,5514,0.3410765641,53.9712890267,0.6656837919
21.5110256000,5515,0.3410765641,53.9712890267,0.6656837919
21.5129475000,5516,0.3410765641,53.9712890267,0.6656837919
21.5151222000,5517,0.3410765641,53.9712890267,0.6656837919
21.5171721000,5518,0.3410765641,53.9712890267,0.6656837919
21.5191684000,5519,0.3410765641,53.9712890267,0.6656837919
21.5210474000,5520,0.3410765641,53.9712890267,0.6656837919
21.5228874000,5521,0.3410765641,53.9712890267,0.6656837919
21.5247740000,5522,0.3410765641,53.9712890267,0.6656837919
21.5266361000,5523,0.3410765641,53.9712890267,0.6656837919
21.5290044000,5524,0.3410765641,53.9712890267,0.6656837919
21.5309128000,5525,0.3410765641,53.9712890267,0.6656837919
21.5330199000,5526,0.3410765641,53.9712890267,0.6656837919
21.5349023000,5527,0.3410765641,53.9712890267,0.6656837919
21.5368643000,5528,0.3410765641,53.9712890267,0.6656837919
21.5387971000,5529,0.3410765641,53.9712890267,0.6656837919
21.5406791000,5530,0.3410765641,53.9712890267,0.6656837919
21.5425664000,5531,0.3410765641,53.9712890267,0.6656837919
21.5446774000,5532,0.3410765641,53.9712890267,0.6656837919
21.5468182000,5533,0.3410765641,53.9712890267,0.6656837919
21.5490388000,5534,0.3410765641,53.9712890267,0.6656837919
21.5509188000,5535,0.3410765641,53.9712890267,0.6656837919
21.5529988000,5536,0.3410765641,53.9712890267,0.6656837919
21.5549304000,5537,0.3410765641,53.9712890267,0.6656837919
21.5569112000,5538,0.3410765641,53.9712890267,0.6656837919
21.5591010000,5539,0.3410765641,53.9712890267,0.6656837919
21.5610218000,5540,0.3410765641,53.9712890267,0.6656837919
21.5629088000,5541,0.3410765641,53.9712890267,0.6656837919
21.5647946000,5542,0.3410765641,53.9712890267,0.6656837919
21.5667270000,5543,0.3410765641,53.9712890267,0.6656837919
21.5688873000,5544,0.3410765641,53.9712890267,0.6656837919
21.5707461000,5545,0.3410765641,53.9712890267,0.6656837919
21.5725922000,5546,0.3410765641,53.9712890267,0.6656837919
21.5744234000,5547,0.3410765641,53.9712890267,0.6656837919
21.5766499000,5548,0.3410765641,53.9712890267,0.6656837919
21.5789185000,5549,0.3410765641,53.9712890267,0.6656837919
21.5807955000,5550,0.3410765641,53.9712890267,0.6656837919
21.5830394000,5551,0.3410765641,53.9712890267,0.6656837919
21.5849271000,5552,0.3410765641,53.9712890267,0.6656837919
21.5869920000,5553,0.3410765641,53.9712890267,0.6656837919
21.5888701000,5554,0.3410765641,53.9712890267,0.6656837919
21.5910152000,5555,0.3410765641,53.9712890267,0.6656837919
21.5928795000,5556,0.3410765641,53.9712890267,0.6656837919
21.5949385000,5557,0.3410765641,53.9712890267,0.6656837919
21.5969868000,5558,0.3410765641,53.9712890267,0.6656837919
21.5992424000,5559,0.3410765641,53.9712890267,0.6656837919
21.6011344000,5560,0.3410765641,53.9712890267,0.6656837919
21.6035365000,5561,0.3410765641,53.9712890267,0.6656837919
21.6054012000,5562,0.3410765641,53.9712890267,0.6656837919
21.6073923000,5563,0.3410765641,53.9712890267,0.6656837919
21.6092814000,5564,0.3410765641,53.9712890267,0.6656837919
21.6111690000,5565,0.3410765641,53.9712890267,0.6656837919
21.6130534000,5566,0.3410765641,53.9712890267,0.6656837919
21.6150789000,5567,0.3410765641,53.9712890267,0.6656837919
21.6169974000,5568,0.3410765641,53.9712890267,0.6656837919
21.6190953000,5569,0.3410765641,53.9712890267,0.6656837919
21.6209931000,5570,0.3410765641,53.9712890267,0.6656837919
21.6232702000,5571,0.3410765641,53.9712890267,0.6656837919
21.6252901000,5572,0.3410765641,53.9712890267,0.6656837919
21.6275810000,5573,0.3410765641,53.9712890267,0.6656837919
21.6296198000,5574,0.3410765641,53.9712890267,0.6656837919
21.6315930000,5575,0.3410765641,53.9712890267,0.6656837919
21.6335365000,5576,0.3410765641,53.9712890267,0.6656837919
21.6353449000,5577,0.3410765641,53.9712890267,0.6656837919
21.6374704000,5578,0.3410765641,53.9712890267,0.6656837919
21.6393844000,5579,0.3410765641,53.9712890267,0.6656837919
21.6414323000,5580,0.3410765641,53.9712890267,0.6656837919
21.6433199000,5581,0.3410765641,53.9712890267,0.6656837919
21.6451595000,5582,0.3410765641,53.9712890267,0.6656837919
21.6469898000,5583,0.3410765641,53.9712890267,0.6656837919
21.6488597000,5584,0.3410765641,53.9712890267,0.6656837919
21.6507107000,5585,0.3410765641,53.9712890267,0.6656837919
21.6526759000,5586,0.3410765641,53.9712890267,0.6656837919
21.6547438000,5587,0.3410765641,53.9712890267,0.6656837919
21.6568115000,5588,0.3410765641,53.9712890267,0.6656837919
21.6588829000,5589,0.3410765641,53.9712890267,0.6656837919
21.6609455000,5590,0.3410765641,53.9712890267,0.6656837919
21.6630925000,5591,0.3410765641,53.9712890267,0.6656837919
21.6651654000,5592,0.3410765641,53.9712890267,0.6656837919
21.6670482000,5593,0.3410765641,53.9712890267,0.6656837919
21.6692759000,5594,0.3410765641,53.9712890267,0.6656837919
21.6715466000,5595,0.3410765641,53.9712890267,0.6656837919
21.6735872000,5596,0.3410765641,53.9712890267,0.6656837919
21.6754973000,5597,0.3410765641,53.9712890267,0.6656837919
21.6774463000,5598,0.3410765641,53.9712890267,0.6656837919
21.6794889000,5599,0.3410765641,53.9712890267,0.6656837919
21.6817711000,5600,0.3410765641,53.9712890267,0.6656837919
21.6836987000,5601,0.3410765641,53.9712890267,0.6656837919
21.6856459000,5602,0.3410765641,53.9712890267,0.6656837919
21.6876996000,5603,0.3410765641,53.9712890267,0.6656837919
21.6896987000,5604,0.3410765641,53.9712890267,0.6656837919
21.6916971000,5605,0.3410765641,53.9712890267,0.6656837919
21.6935444000,5606,0.3410765641,53.9712890267,0.6656837919
21.6956072000,5607,0.3410765641,53.9712890267,0.6656837919
21.6975161000,5608,0.3410765641,53.9712890267,0.6656837919
21.6995669000,5609,0.3410765641,53.9712890267,0.6656837919
21.7014405000,5610,0.3410765641,53.9712890267,0.6656837919
21.7036501000,5611,0.3410765641,53.9712890267,0.6656837919
21.7055484000,5612,0.3410765641,53.9712890267,0.6656837919
21.7076062000,5613,0.3410765641,53.9712890267,0.6656837919
21.7095542000,5614,0.3410765641,53.9712890267,0.6656837919
21.7114091000,5615,0.3410765641,53.9712890267,0.6656837919
21.7132643000,5616,0.3410765641,53.9712890267,0.6656837919
21.7150979000,5617,0.3410765641,53.9712890267,0.6656837919
21.7169273000,5618,0.3410765641,53.9712890267,0.6656837919
21.7192547000,5619,0.3410765641,53.9712890267,0.6656837919
21.7210919000,5620,0.3410765641,53.9712890267,0.6656837919
21.7230943000,5621,0.3410765641,53.9712890267,0.6656837919
21.7250159000,5622,0.3410765641,53.9712890267,0.6656837919
21.7269290000,5623,0.3410765641,53.9712890267,0.6656837919
21.7290314000,5624,0.3410765641,53.9712890267,0.6656837919
21.7308597000,5625,0.3410765641,53.9712890267,0.6656837919
21.7327199000,5626,0.3410765641,53.9712890267,0.6656837919
21.7345705000,5627,0.3410765641,53.9712890267,0.6656837919
21.7364443000,5628,0.3410765641,53.9712890267,0.6656837919
21.7383081000,5629,0.3410765641,53.9712890267,0.6656837919
21.7402036000,5630,0.3410765641,53.9712890267,0.6656837919
21.7421785000,5631,0.3410765641,53.9712890267,0.6656837919
21.7440185000,5632,0.3410765641,53.9712890267,0.6656837919
21.7458381000,5633,0.3410765641,53.9712890267,0.6656837919
21.7476779000,5634,0.3410765641,53.9712890267,0.6656837919
21.7497742000,5635,0.3410765641,53.9712890267,0.6656837919
21.7516180000,5636,0.3410765641,53.9712890267,0.6656837919
21.7534707000,5637,0.3410765641,53.9712890267,0.6656837919
21.7553501000,5638,0.3410765641,53.9712890267,0.6656837919
21.7572162000,5639,0.3410765641,53.9712890267,0.6656837919
21.7590858000,5640,0.3410765641,53.9712890267,0.6656837919
21.7609333000,5641,0.3410765641,53.9712890267,0.6656837919
21.7627836000,5642,0.3410765641,53.9712890267,0.6656837919
21.7647292000,5643,0.3410765641,53.9712890267,0.6656837919
21.7668479000,5644,0.3410765641,53.9712890267,0.6656837919
21.7690329000,5645,0.3410765641,53.9712890267,0.6656837919
21.7709522000,5646,0.3410765641,53.9712890267,0.6656837919
21.7730570000,5647,0.3410765641,53.9712890267,0.6656837919
21.7749506000,5648,0.3410765641,53.9712890267,0.6656837919
21.7768167000,5649,0.3410765641,53.9712890267,0.6656837919
21.7789619000,5650,0.3410765641,53.9712890267,0.6656837919
21.7808776000,5651,0.3410765641,53.9712890267,0.6656837919
21.7830121000,5652,0.3410765641,53.9712890267,0.6656837919
21.7849208000,5653,0.3410765641,53.9712890267,0.6656837919
21.7870545000,5654,0.3410765641,53.9712890267,0.6656837919
21.7889130000,5655,0.3410765641,53.9712890267,0.6656837919
21.7907805000,5656,0.3410765641,53.9712890267,0.6656837919
21.7926161000,5657,0.3410765641,53.9712890267,0.6656837919
21.7944541000,5658,0.3410765641,53.9712890267,0.6656837919
21.7963203000,5659,0.3410765641,53.9712890267,0.6656837919
21.7982963000,5660,0.3410765641,53.9712890267,0.6656837919
21.8001887000,5661,0.3410765641,53.9712890267,0.6656837919
21.8020343000,5662,0.3410765641,53.9712890267,0.6656837919
21.8041022000,5663,0.3410765641,53.9712890267,0.6656837919
21.8060180000,5664,0.3410765641,53.9712890267,0.6656837919
21.8080587000,5665,0.3410765641,53.9712890267,0.6656837919
21.8099044000,5666,0.3410765641,53.9712890267,0.6656837919
21.8127127000,5667,0.3410765641,53.9712890267,0.6656837919
21.8145718000,5668,0.3410765641,53.9712890267,0.6656837919
21.8164612000,5669,0.3410765641,53.9712890267,0.6656837919
21.8185710000,5670,0.3410765641,53.9712890267,0.6656837919
21.8204860000,5671,0.3410765641,53.9712890267,0.6656837919
21.8223328000,5672,0.3410765641,53.9712890267,0.6656837919
21.8242034000,5673,0.3410765641,53.9712890267,0.6656837919
21.8260698000,5674,0.3410765641,53.9712890267,0.6656837919
21.8279530000,5675,0.3410765641,53.9712890267,0.6656837919
21.8298237000,5676,0.3410765641,53.9712890267,0.6656837919
21.8317679000,5677,0.3410765641,53.9712890267,0.6656837919
21.8336589000,5678,0.3410765641,53.9712890267,0.6656837919
21.8354888000,5679,0.3410765641,53.9712890267,0.6656837919
21.8373916000,5680,0.3410765641,53.9712890267,0.6656837919
21.8392898000,5681,0.3410765641,53.9712890267,0.6656837919
21.8411656000,5682,0.3410765641,53.9712890267,0.6656837919
21.8429913000,5683,0.3410765641,53.9712890267,0.6656837919
21.8451291000,5684,0.3410765641,53.9712890267,0.6656837919
21.8471471000,5685,0.3410765641,53.9712890267,0.6656837919
21.8491155000,5686,0.3410765641,53.9712890267,0.6656837919
21.8509777000,5687,0.3410765641,53.9712890267,0.6656837919
21.8528620000,5688,0.3410765641,53.9712890267,0.6656837919
21.8549691000,5689,0.3410765641,53.9712890267,0.6656837919
21.8574681000,5690,0.3410765641,53.9712890267,0.6656837919
21.8593518000,5691,0.3410765641,53.9712890267,0.6656837919
21.8613685000,5692,0.3410765641,53.9712890267,0.6656837919
21.8632302000,5693,0.3410765641,53.9712890267,0.6656837919
21.8653010000,5694,0.3410765641,53.9712890267,0.6656837919
21.8671994000,5695,0.3410765641,53.9712890267,0.6656837919
21.8693846000,5696,0.3410765641,53.9712890267,0.6656837919
21.8713664000,5697,0.3410765641,53.9712890267,0.6656837919
21.8732885000,5698,0.3410765641,53.9712890267,0.6656837919
21.8751893000,5699,0.3410765641,53.9712890267,0.6656837919
21.8770385000,5700,0.3410765641,53.9712890267,0.6656837919
21.8790859000,5701,0.3410765641,53.9712890267,0.6656837919
21.8810205000,5702,0.3410765641,53.9712890267,0.6656837919
21.8829621000,5703,0.3410765641,53.9712890267,0.6656837919
21.8848167000,5704,0.3410765641,53.9712890267,0.6656837919
21.8866645000,5705,0.3410765641,53.9712890267,0.6656837919
21.8884991000,5706,0.3410765641,53.9712890267,0.6656837919
21.8903302000,5707,0.3410765641,53.9712890267,0.6656837919
21.8921660000,5708,0.3410765641,53.9712890267,0.6656837919
21.8940206000,5709,0.3410765641,53.9712890267,0.6656837919
21.8962168000,5710,0.3410765641,53.9712890267,0.6656837919
21.8981357000,5711,0.3410765641,53.9712890267,0.6656837919
21.8999922000,5712,0.3410765641,53.9712890267,0.6656837919
21.9018229000,5713,0.3410765641,53.9712890267,0.6656837919
21.9039791000,5714,0.3410765641,53.9712890267,0.6656837919
21.9060466000,5715,0.3410765641,53.9712890267,0.6656837919
21.9081563000,5716,0.3410765641,53.9712890267,0.6656837919
21.9100280000,5717,0.3410765641,53.9712890267,0.6656837919
21.9120411000,5718,0.3410765641,53.9712890267,0.6656837919
21.9139325000,5719,0.3410765641,53.9712890267,0.6656837919
21.9161321000,5720,0.3410765641,53.9712890267,0.6656837919
21.9180079000,5721,0.3410765641,53.9712890267,0.6656837919
21.9200757000,5722,0.3410765641,53.9712890267,0.6656837919
21.9219490000,5723,0.3410765641,53.9712890267,0.6656837919
21.9240594000,5724,0.3410765641,53.9712890267,0.6656837919
21.9260128000,5725,0.3410765641,53.9712890267,0.6656837919
21.9280753000,5726,0.3410765641,53.9712890267,0.6656837919
21.9299997000,5727,0.3410765641,53.9712890267,0.6656837919
21.9321045000,5728,0.3410765641,53.9712890267,0.6656837919
21.9339632000,5729,0.3410765641,53.9712890267,0.6656837919
21.9357894000,5730,0.3410765641,53.9712890267,0.6656837919
21.9380372000,5731,0.3410765641,53.9712890267,0.6656837919
21.9401844000,5732,0.3410765641,53.9712890267,0.6656837919
21.9420970000,5733,0.3410765641,53.9712890267,0.6656837919
21.9440130000,5734,0.3410765641,53.9712890267,0.6656837919
21.9461175000,5735,0.3410765641,53.9712890267,0.6656837919
21.9482046000,5736,0.3410765641,53.9712890267,0.6656837919
21.9501159000,5737,0.3410765641,53.9712890267,0.6656837919
21.9520523000,5738,0.3410765641,53.9712890267,0.6656837919
21.9541317000,5739,0.3410765641,53.9712890267,0.6656837919
21.9560695000,5740,0.3410765641,53.9712890267,0.6656837919
21.9581776000,5741,0.3410765641,53.9712890267,0.6656837919
21.9600225000,5742,0.3410765641,53.9712890267,0.6656837919
21.9621368000,5743,0.3410765641,53.9712890267,0.6656837919
21.9640142000,5744,0.3410765641,53.9712890267,0.6656837919
21.9662719000,5745,0.3410765641,53.9712890267,0.6656837919
21.9681637000,5746,0.3410765641,53.9712890267,0.6656837919
21.9705442000,5747,0.3410765641,53.9712890267,0.6656837919
21.9725406000,5748,0.3410765641,53.9712890267,0.6656837919
21.9745835000,5749,0.3410765641,53.9712890267,0.6656837919
21.9764302000,5750,0.3410765641,53.9712890267,0.6656837919
21.9786547000,5751,0.3410765641,53.9712890267,0.6656837919
21.9805908000,5752,0.3410765641,53.9712890267,0.6656837919
21.9826188000,5753,0.3410765641,53.9712890267,0.6656837919
21.9845260000,5754,0.3410765641,53.9712890267,0.6656837919
21.9867621000,5755,0.3410765641,53.9712890267,0.6656837919
21.9888760000,5756,0.3410765641,53.9712890267,0.6656837919
21.9909873000,5757,0.3410765641,53.9712890267,0.6656837919
21.9928109000,5758,0.3410765641,53.9712890267,0.6656837919
21.9949739000,5759,0.3410765641,53.9712890267,0.6656837919
21.9968896000,5760,0.3410765641,53.9712890267,0.6656837919
21.9989672000,5761,0.3410765641,53.9712890267,0.6656837919
22.0009626000,5762,0.3410765641,53.9712890267,0.6656837919
22.0031975000,5763,0.3410765641,53.9712890267,0.6656837919
22.0050820000,5764,0.3410765641,53.9712890267,0.6656837919
22.0071492000,5765,0.3410765641,53.9712890267,0.6656837919
22.0092185000,5766,0.3410765641,53.9712890267,0.6656837919
22.0111627000,5767,0.3410765641,53.9712890267,0.6656837919
22.0130589000,5768,0.3410765641,53.9712890267,0.6656837919
22.0149047000,5769,0.3410765641,53.9712890267,0.6656837919
22.0167598000,5770,0.3410765641,53.9712890267,0.6656837919
22.0186248000,5771,0.3410765641,53.9712890267,0.6656837919
22.0204837000,5772,0.3410765641,53.9712890267,0.6656837919
22.0223160000,5773,0.3410765641,53.9712890267,0.6656837919
22.0241718000,5774,0.3410765641,53.9712890267,0.6656837919
22.0260093000,5775,0.3410765641,53.9712890267,0.6656837919
22.0278140000,5776,0.3410765641,53.9712890267,0.6656837919
22.0296659000,5777,0.3410765641,53.9712890267,0.6656837919
22.0314960000,5778,0.3410765641,53.9712890267,0.6656837919
22.0333288000,5779,0.3410765641,53.9712890267,0.6656837919
22.0351843000,5780,0.3410765641,53.9712890267,0.6656837919
22.0370304000,5781,0.3410765641,53.9712890267,0.6656837919
22.0388616000,5782,0.3410765641,53.9712890267,0.6656837919
22.0406726000,5783,0.3410765641,53.9712890267,0.6656837919
22.0425116000,5784,0.3410765641,53.9712890267,0.6656837919
22.0450027000,5785,0.3410765641,53.9712890267,0.6656837919
22.0472523000,5786,0.3410765641,53.9712890267,0.6656837919
22.0493828000,5787,0.3410765641,53.9712890267,0.6656837919
22.0515706000,5788,0.3410765641,53.9712890267,0.6656837919
22.0537721000,5789,0.3410765641,53.9712890267,0.6656837919
22.0556839000,5790,0.3410765641,53.9712890267,0.6656837919
22.0575725000,5791,0.3410765641,53.9712890267,0.6656837919
22.0594155000,5792,0.3410765641,53.9712890267,0.6656837919
22.0612662000,5793,0.3410765641,53.9712890267,0.6656837919
22.0631351000,5794,0.3410765641,53.9712890267,0.6656837919
22.0651103000,5795,0.3410765641,53.9712890267,0.6656837919
22.0672215000,5796,0.3410765641,53.9712890267,0.6656837919
22.0691069000,5797,0.3410765641,53.9712890267,0.6656837919
22.0710193000,5798,0.3410765641,53.9712890267,0.6656837919
22.0728680000,5799,0.3410765641,53.9712890267,0.6656837919
22.0747531000,5800,0.3410765641,53.9712890267,0.6656837919
22.0767128000,5801,0.3410765641,53.9712890267,0.6656837919
22.0785841000,5802,0.3410765641,53.9712890267,0.6656837919
22.0804153000,5803,0.3410765641,53.9712890267,0.6656837919
22.0822597000,5804,0.3410765641,53.9712890267,0.6656837919
22.0840901000,5805,0.3410765641,53.9712890267,0.6656837919
22.0859487000,5806,0.3410765641,53.9712890267,0.6656837919
22.0877837000,5807,0.3410765641,53.9712890267,0.6656837919
22.0896172000,5808,0.3410765641,53.9712890267,0.6656837919
22.0914948000,5809,0.3410765641,53.9712890267,0.6656837919
22.0933671000,5810,0.3410765641,53.9712890267,0.6656837919
22.0956218000,5811,0.3410765641,53.9712890267,0.6656837919
22.0975906000,5812,0.3410765641,53.9712890267,0.6656837919
22.0995912000,5813,0.3410765641,53.9712890267,0.6656837919
22.1014700000,5814,0.3410765641,53.9712890267,0.6656837919
22.1035813000,5815,0.3410765641,53.9712890267,0.6656837919
22.1057411000,5816,0.3410765641,53.9712890267,0.6656837919
22.1078738000,5817,0.3410765641,53.9712890267,0.6656837919
22.1098377000,5818,0.3410765641,53.9712890267,0.6656837919
22.1116983000,5819,0.3410765641,53.9712890267,0.6656837919
22.1135563000,5820,0.3410765641,53.9712890267,0.6656837919
22.1154080000,5821,0.3410765641,53.9712890267,0.6656837919
22.1172538000,5822,0.3410765641,53.9712890267,0.6656837919
22.1193214000,5823,0.3410765641,53.9712890267,0.6656837919
22.1212600000,5824,0.3410765641,53.9712890267,0.6656837919
22.1233188000,5825,0.3410765641,53.9712890267,0.6656837919
22.1252625000,5826,0.3410765641,53.9712890267,0.6656837919
22.1273159000,5827,0.3410765641,53.9712890267,0.6656837919
22.1294123000,5828,0.3410765641,53.9712890267,0.6656837919
22.1314779000,5829,0.3410765641,53.9712890267,0.6656837919
22.1333945000,5830,0.3410765641,53.9712890267,0.6656837919
22.1353047000,5831,0.3410765641,53.9712890267,0.6656837919
22.1372564000,5832,0.3410765641,53.9712890267,0.6656837919
22.1397671000,5833,0.3410765641,53.9712890267,0.6656837919
22.1417539000,5834,0.3410765641,53.9712890267,0.6656837919
22.1436657000,5835,0.3410765641,53.9712890267,0.6656837919
22.1458189000,5836,0.3410765641,53.9712890267,0.6656837919
22.1477090000,5837,0.3410765641,53.9712890267,0.6656837919
22.1498121000,5838,0.3410765641,53.9712890267,0.6656837919
22.1516569000,5839,0.3410765641,53.9712890267,0.6656837919
22.1535492000,5840,0.3410765641,53.9712890267,0.6656837919
22.1554424000,5841,0.3410765641,53.9712890267,0.6656837919
22.1573113000,5842,0.3410765641,53.9712890267,0.6656837919
22.1591665000,5843,0.3410765641,53.9712890267,0.6656837919
22.1609924000,5844,0.3410765641,53.9712890267,0.6656837919
22.1628223000,5845,0.3410765641,53.9712890267,0.6656837919
22.1646419000,5846,0.3410765641,53.9712890267,0.6656837919
22.1664312000,5847,0.3410765641,53.9712890267,0.6656837919
22.1683171000,5848,0.3410765641,53.9712890267,0.6656837919
22.1701638000,5849,0.3410765641,53.9712890267,0.6656837919
22.1719906000,5850,0.3410765641,53.9712890267,0.6656837919
22.1738791000,5851,0.3410765641,53.9712890267,0.6656837919
22.1757539000,5852,0.3410765641,53.9712890267,0.6656837919
22.1778780000,5853,0.3410765641,53.9712890267,0.6656837919
22.1797973000,5854,0.3410765641,53.9712890267,0.6656837919
22.1819659000,5855,0.3410765641,53.9712890267,0.6656837919
22.1840969000,5856,0.3410765641,53.9712890267,0.6656837919
22.1862825000,5857,0.3410765641,53.9712890267,0.6656837919
22.1882391000,5858,0.3410765641,53.9712890267,0.6656837919
22.1902771000,5859,0.3410765641,53.9712890267,0.6656837919
22.1922253000,5860,0.3410765641,53.9712890267,0.6656837919
22.1943060000,5861,0.3410765641,53.9712890267,0.6656837919
22.1963528000,5862,0.3410765641,53.9712890267,0.6656837919
22.1983501000,5863,0.3410765641,53.9712890267,0.6656837919
22.2002090000,5864,0.3410765641,53.9712890267,0.6656837919
22.2021030000,5865,0.3410765641,53.9712890267,0.6656837919
22.2039935000,5866,0.3410765641,53.9712890267,0.6656837919
22.2058686000,5867,0.3410765641,53.9712890267,0.6656837919
22.2077546000,5868,0.3410765641,53.9712890267,0.6656837919
22.2095827000,5869,0.3410765641,53.9712890267,0.6656837919
22.2114153000,5870,0.3410765641,53.9712890267,0.6656837919
22.2132667000,5871,0.3410765641,53.9712890267,0.6656837919
22.2150932000,5872,0.3410765641,53.9712890267,0.6656837919
22.2171053000,5873,0.3410765641,53.9712890267,0.6656837919
22.2191285000,5874,0.3410765641,53.9712890267,0.6656837919
22.2210226000,5875,0.3410765641,53.9712890267,0.6656837919
22.2229209000,5876,0.3410765641,53.9712890267,0.6656837919
22.2249565000,5877,0.3410765641,53.9712890267,0.6656837919
22.2271942000,5878,0.3410765641,53.9712890267,0.6656837919
22.2290652000,5879,0.3410765641,53.9712890267,0.6656837919
22.2309420000,5880,0.3410765641,53.9712890267,0.6656837919
22.2336698000,5881,0.3410765641,53.9712890267,0.6656837919
22.2356993000,5882,0.3410765641,53.9712890267,0.6656837919
22.2376207000,5883,0.3410765641,53.9712890267,0.6656837919
22.2394566000,5884,0.3410765641,53.9712890267,0.6656837919
22.2416476000,5885,0.3410765641,53.9712890267,0.6656837919
22.2435161000,5886,0.3410765641,53.9712890267,0.6656837919
22.2454360000,5887,0.3410765641,53.9712890267,0.6656837919
22.2472996000,5888,0.3410765641,53.9712890267,0.6656837919
22.2493593000,5889,0.3410765641,53.9712890267,0.6656837919
22.2512682000,5890,0.3410765641,53.9712890267,0.6656837919
22.2531481000,5891,0.3410765641,53.9712890267,0.6656837919
22.2549882000,5892,0.3410765641,53.9712890267,0.6656837919
22.2573200000,5893,0.3410765641,53.9712890267,0.6656837919
22.2592232000,5894,0.3410765641,53.9712890267,0.6656837919
22.2611045000,5895,0.3410765641,53.9712890267,0.6656837919
22.2629562000,5896,0.3410765641,53.9712890267,0.6656837919
22.2649935000,5897,0.3410765641,53.9712890267,0.6656837919
22.2669258000,5898,0.3410765641,53.9712890267,0.6656837919
22.2688250000,5899,0.3410765641,53.9712890267,0.6656837919
22.2707388000,5900,0.3410765641,53.9712890267,0.6656837919
22.2726747000,5901,0.3410765641,53.9712890267,0.6656837919
22.2746063000,5902,0.3410765641,53.9712890267,0.6656837919
22.2764753000,5903,0.3410765641,53.9712890267,0.6656837919
22.2785529000,5904,0.3410765641,53.9712890267,0.6656837919
22.2804892000,5905,0.3410765641,53.9712890267,0.6656837919
22.2823962000,5906,0.3410765641,53.9712890267,0.6656837919
22.2842979000,5907,0.3410765641,53.9712890267,0.6656837919
22.2862284000,5908,0.3410765641,53.9712890267,0.6656837919
22.2880980000,5909,0.3410765641,53.9712890267,0.6656837919
22.2902022000,5910,0.3410765641,53.9712890267,0.6656837919
22.2921198000,5911,0.3410765641,53.9712890267,0.6656837919
22.2940086000,5912,0.3410765641,53.9712890267,0.6656837919
22.2958861000,5913,0.3410765641,53.9712890267,0.6656837919
22.2977453000,5914,0.3410765641,53.9712890267,0.6656837919
22.2998185000,5915,0.3410765641,53.9712890267,0.6656837919
22.3017460000,5916,0.3410765641,53.9712890267,0.6656837919
22.3036431000,5917,0.3410765641,53.9712890267,0.6656837919
22.3055112000,5918,0.3410765641,53.9712890267,0.6656837919
22.3074408000,5919,0.3410765641,53.9712890267,0.6656837919
22.3092972000,5920,0.3410765641,53.9712890267,0.6656837919
22.3111323000,5921,0.3410765641,53.9712890267,0.6656837919
22.3130094000,5922,0.3410765641,53.9712890267,0.6656837919
22.3149724000,5923,0.3410765641,53.9712890267,0.6656837919
22.3171277000,5924,0.3410765641,53.9712890267,0.6656837919
22.3193048000,5925,0.3410765641,53.9712890267,0.6656837919
22.3214064000,5926,0.3410765641,53.9712890267,0.6656837919
22.3236888000,5927,0.3410765641,53.9712890267,0.6656837919
22.3257153000,5928,0.3410765641,53.9712890267,0.6656837919
22.3278490000,5929,0.3410765641,53.9712890267,0.6656837919
22.3297973000,5930,0.3410765641,53.9712890267,0.6656837919
22.3318134000,5931,0.3410765641,53.9712890267,0.6656837919
22.3337642000,5932,0.3410765641,53.9712890267,0.6656837919
22.3356197000,5933,0.3410765641,53.9712890267,0.6656837919
22.3374957000,5934,0.3410765641,53.9712890267,0.6656837919
22.3393771000,5935,0.3410765641,53.9712890267,0.6656837919
22.3412536000,5936,0.3410765641,53.9712890267,0.6656837919
22.3431625000,5937,0.3410765641,53.9712890267,0.6656837919
22.3454231000,5938,0.3410765641,53.9712890267,0.6656837919
22.3477216000,5939,0.3410765641,53.9712890267,0.6656837919
22.3498219000,5940,0.3410765641,53.9712890267,0.6656837919
22.3517156000,5941,0.3410765641,53.9712890267,0.6656837919
22.3536260000,5942,0.3410765641,53.9712890267,0.6656837919
22.3555350000,5943,0.3410765641,53.9712890267,0.6656837919
22.3576197000,5944,0.3410765641,53.9712890267,0.6656837919
22.3596076000,5945,0.3410765641,53.9712890267,0.6656837919
22.3615233000,5946,0.3410765641,53.9712890267,0.6656837919
22.3634114000,5947,0.3410765641,53.9712890267,0.6656837919
22.3653892000,5948,0.3410765641,53.9712890267,0.6656837919
22.3673448000,5949,0.3410765641,53.9712890267,0.6656837919
22.3692426000,5950,0.3410765641,53.9712890267,0.6656837919
22.3711553000,5951,0.3410765641,53.9712890267,0.6656837919
22.3731269000,5952,0.3410765641,53.9712890267,0.6656837919
22.3751490000,5953,0.3410765641,53.9712890267,0.6656837919
22.3770955000,5954,0.3410765641,53.9712890267,0.6656837919
22.3790110000,5955,0.3410765641,53.9712890267,0.6656837919
22.3808310000,5956,0.3410765641,53.9712890267,0.6656837919
22.3827121000,5957,0.3410765641,53.9712890267,0.6656837919
22.3849073000,5958,0.3410765641,53.9712890267,0.6656837919
22.3868988000,5959,0.3410765641,53.9712890267,0.6656837919
22.3887728000,5960,0.3410765641,53.9712890267,0.6656837919
22.3906413000,5961,0.3410765641,53.9712890267,0.6656837919
22.3925032000,5962,0.3410765641,53.9712890267,0.6656837919
22.3943790000,5963,0.3410765641,53.9712890267,0.6656837919
22.3962675000,5964,0.3410765641,53.9712890267,0.6656837919
22.3981084000,5965,0.3410765641,53.9712890267,0.6656837919
22.3999602000,5966,0.3410765641,53.9712890267,0.6656837919
22.4018166000,5967,0.3410765641,53.9712890267,0.6656837919
22.4038136000,5968,0.3410765641,53.9712890267,0.6656837919
22.4058156000,5969,0.3410765641,53.9712890267,0.6656837919
22.4077202000,5970,0.3410765641,53.9712890267,0.6656837919
22.4099322000,5971,0.3410765641,53.9712890267,0.6656837919
22.4118000000,5972,0.3410765641,53.9712890267,0.6656837919
22.4136697000,5973,0.3410765641,53.9712890267,0.6656837919
22.4155048000,5974,0.3410765641,53.9712890267,0.6656837919
22.4173965000,5975,0.3410765641,53.9712890267,0.6656837919
22.4193986000,5976,0.3410765641,53.9712890267,0.6656837919
22.4212579000,5977,0.3410765641,53.9712890267,0.6656837919
22.4231601000,5978,0.3410765641,53.9712890267,0.6656837919
22.4250259000,5979,0.3410765641,53.9712890267,0.6656837919
22.4268620000,5980,0.3410765641,53.9712890267,0.6656837919
22.4287267000,5981,0.3410765641,53.9712890267,0.6656837919
22.4305942000,5982,0.3410765641,53.9712890267,0.6656837919
22.4324522000,5983,0.3410765641,53.9712890267,0.6656837919
22.4342935000,5984,0.3410765641,53.9712890267,0.6656837919
22.4362065000,5985,0.3410765641,53.9712890267,0.6656837919
22.4384904000,5986,0.3410765641,53.9712890267,0.6656837919
22.4404179000,5987,0.3410765641,53.9712890267,0.6656837919
22.4422750000,5988,0.3410765641,53.9712890267,0.6656837919
22.4441592000,5989,0.3410765641,53.9712890267,0.6656837919
22.4460193000,5990,0.3410765641,53.9712890267,0.6656837919
22.4478779000,5991,0.3410765641,53.9712890267,0.6656837919
22.4497467000,5992,0.3410765641,53.9712890267,0.6656837919
22.4516065000,5993,0.3410765641,53.9712890267,0.6656837919
22.4534946000,5994,0.3410765641,53.9712890267,0.6656837919
22.4553832000,5995,0.3410765641,53.9712890267,0.6656837919
22.4574169000,5996,0.3410765641,53.9712890267,0.6656837919
22.4592900000,5997,0.3410765641,53.9712890267,0.6656837919
22.4611326000,5998,0.3410765641,53.9712890267,0.6656837919
22.4629764000,5999,0.3410765641,53.9712890267,0.6656837919
22.4648770000,6000,0.3410765641,53.9712890267,0.6656837919
22.4668050000,6001,0.3410765641,53.9712890267,0.6656837919
22.4688916000,6002,0.3410765641,53.9712890267,0.6656837919
22.4707933000,6003,0.3410765641,53.9712890267,0.6656837919
22.4726909000,6004,0.3410765641,53.9712890267,0.6656837919
22.4748824000,6005,0.3410765641,53.9712890267,0.6656837919
22.4768025000,6006,0.3410765641,53.9712890267,0.6656837919
22.4787115000,6007,0.3410765641,53.9712890267,0.6656837919
22.4805789000,6008,0.3410765641,53.9712890267,0.6656837919
22.4824532000,6009,0.3410765641,53.9712890267,0.6656837919
22.4843812000,6010,0.3410765641,53.9712890267,0.6656837919
22.4864332000,6011,0.3410765641,53.9712890267,0.6656837919
22.4883474000,6012,0.3410765641,53.9712890267,0.6656837919
22.4902623000,6013,0.3410765641,53.9712890267,0.6656837919
22.4921026000,6014,0.3410765641,53.9712890267,0.6656837919
22.4939537000,6015,0.3410765641,53.9712890267,0.6656837919
22.4958301000,6016,0.3410765641,53.9712890267,0.6656837919
22.4977082000,6017,0.3410765641,53.9712890267,0.6656837919
22.4998145000,6018,0.3410765641,53.9712890267,0.6656837919
22.5016625000,6019,0.3410765641,53.9712890267,0.6656837919
22.5036403000,6020,0.3410765641,53.9712890267,0.6656837919
22.5055317000,6021,0.3410765641,53.9712890267,0.6656837919
22.5076311000,6022,0.3410765641,53.9712890267,0.6656837919
22.5095580000,6023,0.3410765641,53.9712890267,0.6656837919
22.5114310000,6024,0.3410765641,53.9712890267,0.6656837919
22.5132737000,6025,0.3410765641,53.9712890267,0.6656837919
22.5151643000,6026,0.3410765641,53.9712890267,0.6656837919
22.5173239000,6027,0.3410765641,53.9712890267,0.6656837919
22.5193950000,6028,0.3410765641,53.9712890267,0.6656837919
22.5212842000,6029,0.3410765641,53.9712890267,0.6656837919
22.5231729000,6030,0.3410765641,53.9712890267,0.6656837919
22.5250570000,6031,0.3410765641,53.9712890267,0.6656837919
22.5269633000,6032,0.3410765641,53.9712890267,0.6656837919
22.5288287000,6033,0.3410765641,53.9712890267,0.6656837919
22.5307141000,6034,0.3410765641,53.9712890267,0.6656837919
22.5327835000,6035,0.3410765641,53.9712890267,0.6656837919
22.5346745000,6036,0.3410765641,53.9712890267,0.6656837919
22.5367538000,6037,0.3410765641,53.9712890267,0.6656837919
22.5388776000,6038,0.3410765641,53.9712890267,0.6656837919
22.5409768000,6039,0.3410765641,53.9712890267,0.6656837919
22.5428903000,6040,0.3410765641,53.9712890267,0.6656837919
22.5447498000,6041,0.3410765641,53.9712890267,0.6656837919
22.5467873000,6042,0.3410765641,53.9712890267,0.6656837919
22.5491458000,6043,0.3410765641,53.9712890267,0.6656837919
22.5510573000,6044,0.3410765641,53.9712890267,0.6656837919
22.5531435000,6045,0.3410765641,53.9712890267,0.6656837919
22.5550792000,6046,0.3410765641,53.9712890267,0.6656837919
22.5571493000,6047,0.3410765641,53.9712890267,0.6656837919
22.5590064000,6048,0.3410765641,53.9712890267,0.6656837919
22.5610858000,6049,0.3410765641,53.9712890267,0.6656837919
22.5631847000,6050,0.3410765641,53.9712890267,0.6656837919
22.5653038000,6051,0.3410765641,53.9712890267,0.6656837919
22.5672225000,6052,0.3410765641,53.9712890267,0.6656837919
22.5691200000,6053,0.3410765641,53.9712890267,0.6656837919
22.5709697000,6054,0.3410765641,53.9712890267,0.6656837919
22.5728097000,6055,0.3410765641,53.9712890267,0.6656837919
22.5752921000,6056,0.3410765641,53.9712890267,0.6656837919
22.5774293000,6057,0.3410765641,53.9712890267,0.6656837919
22.5794769000,6058,0.3410765641,53.9712890267,0.6656837919
22.5814042000,6059,0.3410765641,53.9712890267,0.6656837919
22.5833235000,6060,0.3410765641,53.9712890267,0.6656837919
22.5852264000,6061,0.3410765641,53.9712890267,0.6656837919
22.5872697000,6062,0.3410765641,53.9712890267,0.6656837919
22.5891656000,6063,0.3410765641,53.9712890267,0.6656837919
22.5910379000,6064,0.3410765641,53.9712890267,0.6656837919
22.5929202000,6065,0.3410765641,53.9712890267,0.6656837919
22.5948024000,6066,0.3410765641,53.9712890267,0.6656837919
22.5968426000,6067,0.3410765641,53.9712890267,0.6656837919
22.5988060000,6068,0.3410765641,53.9712890267,0.6656837919
22.6006778000,6069,0.3410765641,53.9712890267,0.6656837919
22.6025587000,6070,0.3410765641,53.9712890267,0.6656837919
22.6044417000,6071,0.3410765641,53.9712890267,0.6656837919
22.6063162000,6072,0.3410765641,53.9712890267,0.6656837919
22.6082928000,6073,0.3410765641,53.9712890267,0.6656837919
22.6106991000,6074,0.3410765641,53.9712890267,0.6656837919
22.6126899000,6075,0.3410765641,53.9712890267,0.6656837919
22.6147278000,6076,0.3410765641,53.9712890267,0.6656837919
22.6167940000,6077,0.3410765641,53.9712890267,0.6656837919
22.6187766000,6078,0.3410765641,53.9712890267,0.6656837919
22.6208917000,6079,0.3410765641,53.9712890267,0.6656837919
22.6227653000,6080,0.3410765641,53.9712890267,0.6656837919
22.6247998000,6081,0.3410765641,53.9712890267,0.6656837919
22.6268748000,6082,0.3410765641,53.9712890267,0.6656837919
22.6291934000,6083,0.3410765641,53.9712890267,0.6656837919
22.6311251000,6084,0.3410765641,53.9712890267,0.6656837919
22.6329885000,6085,0.3410765641,53.9712890267,0.6656837919
22.6348268000,6086,0.3410765641,53.9712890267,0.6656837919
22.6367230000,6087,0.3410765641,53.9712890267,0.6656837919
22.6385928000,6088,0.3410765641,53.9712890267,0.6656837919
22.6404377000,6089,0.3410765641,53.9712890267,0.6656837919
22.6422838000,6090,0.3410765641,53.9712890267,0.6656837919
22.6441058000,6091,0.3410765641,53.9712890267,0.6656837919
22.6460156000,6092,0.3410765641,53.9712890267,0.6656837919
22.6481259000,6093,0.3410765641,53.9712890267,0.6656837919
22.6499706000,6094,0.3410765641,53.9712890267,0.6656837919
22.6518279000,6095,0.3410765641,53.9712890267,0.6656837919
22.6536971000,6096,0.3410765641,53.9712890267,0.6656837919
22.6555379000,6097,0.3410765641,53.9712890267,0.6656837919
22.6576947000,6098,0.3410765641,53.9712890267,0.6656837919
22.6597467000,6099,0.3410765641,53.9712890267,0.6656837919
22.6619941000,6100,0.3410765641,53.9712890267,0.6656837919
22.6638979000,6101,0.3410765641,53.9712890267,0.6656837919
22.6660436000,6102,0.3410765641,53.9712890267,0.6656837919
22.6679910000,6103,0.3410765641,53.9712890267,0.6656837919
22.6698544000,6104,0.3410765641,53.9712890267,0.6656837919
22.6717214000,6105,0.3410765641,53.9712890267,0.6656837919
22.6736069000,6106,0.3410765641,53.9712890267,0.6656837919
22.6754812000,6107,0.3410765641,53.9712890267,0.6656837919
22.6773970000,6108,0.3410765641,53.9712890267,0.6656837919
22.6792554000,6109,0.3410765641,53.9712890267,0.6656837919
22.6811375000,6110,0.3410765641,53.9712890267,0.6656837919
22.6830003000,6111,0.3410765641,53.9712890267,0.6656837919
22.6848181000,6112,0.3410765641,53.9712890267,0.6656837919
22.6866445000,6113,0.3410765641,53.9712890267,0.6656837919
22.6885436000,6114,0.3410765641,53.9712890267,0.6656837919
22.6904023000,6115,0.3410765641,53.9712890267,0.6656837919
22.6922532000,6116,0.3410765641,53.9712890267,0.6656837919
22.6941009000,6117,0.3410765641,53.9712890267,0.6656837919
22.6959584000,6118,0.3410765641,53.9712890267,0.6656837919
22.6977558000,6119,0.3410765641,53.9712890267,0.6656837919
22.6995878000,6120,0.3410765641,53.9712890267,0.6656837919
22.7013892000,6121,0.3410765641,53.9712890267,0.6656837919
22.7032466000,6122,0.3410765641,53.9712890267,0.6656837919
22.7051106000,6123,0.3410765641,53.9712890267,0.6656837919
22.7075445000,6124,0.3410765641,53.9712890267,0.6656837919
22.7096176000,6125,0.3410765641,53.9712890267,0.6656837919
22.7117876000,6126,0.3410765641,53.9712890267,0.6656837919
22.7138774000,6127,0.3410765641,53.9712890267,0.6656837919
22.7160390000,6128,0.3410765641,53.9712890267,0.6656837919
22.7182297000,6129,0.3410765641,53.9712890267,0.6656837919
22.7202484000,6130,0.3410765641,53.9712890267,0.6656837919
22.7221659000,6131,0.3410765641,53.9712890267,0.6656837919
22.7240311000,6132,0.3410765641,53.9712890267,0.6656837919
22.7258778000,6133,0.3410765641,53.9712890267,0.6656837919
22.7281240000,6134,0.3410765641,53.9712890267,0.6656837919
22.7300322000,6135,0.3410765641,53.9712890267,0.6656837919
22.7319810000,6136,0.3410765641,53.9712890267,0.6656837919
22.7338630000,6137,0.3410765641,53.9712890267,0.6656837919
22.7360832000,6138,0.3410765641,53.9712890267,0.6656837919
22.7380114000,6139,0.3410765641,53.9712890267,0.6656837919
22.7398701000,6140,0.3410765641,53.9712890267,0.6656837919
22.7417122000,6141,0.3410765641,53.9712890267,0.6656837919
22.7435727000,6142,0.3410765641,53.9712890267,0.6656837919
22.7454774000,6143,0.3410765641,53.9712890267,0.6656837919
22.7473009000,6144,0.3410765641,53.9712890267,0.6656837919
22.7494455000,6145,0.3410765641,53.9712890267,0.6656837919
22.7514918000,6146,0.3410765641,53.9712890267,0.6656837919
22.7535485000,6147,0.3410765641,53.9712890267,0.6656837919
22.7554719000,6148,0.3410765641,53.9712890267,0.6656837919
22.7575300000,6149,0.3410765641,53.9712890267,0.6656837919
22.7594743000,6150,0.3410765641,53.9712890267,0.6656837919
22.7617018000,6151,0.3410765641,53.9712890267,0.6656837919
22.7636125000,6152,0.3410765641,53.9712890267,0.6656837919
22.7654886000,6153,0.3410765641,53.9712890267,0.6656837919
22.7673684000,6154,0.3410765641,53.9712890267,0.6656837919
22.7693635000,6155,0.3410765641,53.9712890267,0.6656837919
22.7714501000,6156,0.3410765641,53.9712890267,0.6656837919
22.7734415000,6157,0.3410765641,53.9712890267,0.6656837919
22.7752736000,6158,0.3410765641,53.9712890267,0.6656837919
22.7771160000,6159,0.3410765641,53.9712890267,0.6656837919
22.7789971000,6160,0.3410765641,53.9712890267,0.6656837919
22.7808406000,6161,0.3410765641,53.9712890267,0.6656837919
22.7827095000,6162,0.3410765641,53.9712890267,0.6656837919
22.7845483000,6163,0.3410765641,53.9712890267,0.6656837919
22.7864901000,6164,0.3410765641,53.9712890267,0.6656837919
22.7883209000,6165,0.3410765641,53.9712890267,0.6656837919
22.7901976000,6166,0.3410765641,53.9712890267,0.6656837919
22.7920447000,6167,0.3410765641,53.9712890267,0.6656837919
22.7939312000,6168,0.3410765641,53.9712890267,0.6656837919
22.7958129000,6169,0.3410765641,53.9712890267,0.6656837919
22.7976677000,6170,0.3410765641,53.9712890267,0.6656837919
22.8001155000,6171,0.3410765641,53.9712890267,0.6656837919
22.8021496000,6172,0.3410765641,53.9712890267,0.6656837919
22.8044274000,6173,0.3410765641,53.9712890267,0.6656837919
22.8066525000,6174,0.3410765641,53.9712890267,0.6656837919
22.8085660000,6175,0.3410765641,53.9712890267,0.6656837919
22.8104213000,6176,0.3410765641,53.9712890267,0.6656837919
22.8123056000,6177,0.3410765641,53.9712890267,0.6656837919
22.8141588000,6178,0.3410765641,53.9712890267,0.6656837919
22.8160338000,6179,0.3410765641,53.9712890267,0.6656837919
22.8179119000,6180,0.3410765641,53.9712890267,0.6656837919
22.8197517000,6181,0.3410765641,53.9712890267,0.6656837919
22.8216204000,6182,0.3410765641,53.9712890267,0.6656837919
22.8234379000,6183,0.3410765641,53.9712890267,0.6656837919
22.8252569000,6184,0.3410765641,53.9712890267,0.6656837919
22.8270987000,6185,0.3410765641,53.9712890267,0.6656837919
22.8289309000,6186,0.3410765641,53.9712890267,0.6656837919
22.8307326000,6187,0.3410765641,53.9712890267,0.6656837919
22.8325479000,6188,0.3410765641,53.9712890267,0.6656837919
22.8343991000,6189,0.3410765641,53.9712890267,0.6656837919
22.8362054000,6190,0.3410765641,53.9712890267,0.6656837919
22.8380222000,6191,0.3410765641,53.9712890267,0.6656837919
22.8398339000,6192,0.3410765641,53.9712890267,0.6656837919
22.8416458000,6193,0.3410765641,53.9712890267,0.6656837919
22.8434728000,6194,0.3410765641,53.9712890267,0.6656837919
22.8452986000,6195,0.3410765641,53.9712890267,0.6656837919
22.8471493000,6196,0.3410765641,53.9712890267,0.6656837919
22.8497147000,6197,0.3410765641,53.9712890267,0.6656837919
22.8516219000,6198,0.3410765641,53.9712890267,0.6656837919
22.8536670000,6199,0.3410765641,53.9712890267,0.6656837919
22.8555682000,6200,0.3410765641,53.9712890267,0.6656837919
22.8575198000,6201,0.3410765641,53.9712890267,0.6656837919
22.8593685000,6202,0.3410765641,53.9712890267,0.6656837919
22.8612785000,6203,0.3410765641,53.9712890267,0.6656837919
22.8631591000,6204,0.3410765641,53.9712890267,0.6656837919
22.8650476000,6205,0.3410765641,53.9712890267,0.6656837919
22.8669417000,6206,0.3410765641,53.9712890267,0.6656837919
22.8688324000,6207,0.3410765641,53.9712890267,0.6656837919
22.8706751000,6208,0.3410765641,53.9712890267,0.6656837919
22.8725385000,6209,0.3410765641,53.9712890267,0.6656837919
22.8743541000,6210,0.3410765641,53.9712890267,0.6656837919
22.8763078000,6211,0.3410765641,53.9712890267,0.6656837919
22.8785001000,6212,0.3410765641,53.9712890267,0.6656837919
22.8803771000,6213,0.3410765641,53.9712890267,0.6656837919
22.8829107000,6214,0.3410765641,53.9712890267,0.6656837919
22.8848063000,6215,0.3410765641,53.9712890267,0.6656837919
22.8870119000,6216,0.3410765641,53.9712890267,0.6656837919
22.8889143000,6217,0.3410765641,53.9712890267,0.6656837919
22.8907775000,6218,0.3410765641,53.9712890267,0.6656837919
22.8926641000,6219,0.3410765641,53.9712890267,0.6656837919
22.8950924000,6220,0.3410765641,53.9712890267,0.6656837919
22.8970149000,6221,0.3410765641,53.9712890267,0.6656837919
22.8990561000,6222,0.3410765641,53.9712890267,0.6656837919
22.9009139000,6223,0.3410765641,53.9712890267,0.6656837919
22.9029635000,6224,0.3410765641,53.9712890267,0.6656837919
22.9049402000,6225,0.3410765641,53.9712890267,0.6656837919
22.9067712000,6226,0.3410765641,53.9712890267,0.6656837919
22.9086488000,6227,0.3410765641,53.9712890267,0.6656837919
22.9105159000,6228,0.3410765641,53.9712890267,0.6656837919
22.9126259000,6229,0.3410765641,53.9712890267,0.6656837919
22.9146546000,6230,0.3410765641,53.9712890267,0.6656837919
22.9165878000,6231,0.3410765641,53.9712890267,0.6656837919
22.9184626000,6232,0.3410765641,53.9712890267,0.6656837919
22.9203491000,6233,0.3410765641,53.9712890267,0.6656837919
22.9222258000,6234,0.3410765641,53.9712890267,0.6656837919
22.9240823000,6235,0.3410765641,53.9712890267,0.6656837919
22.9259683000,6236,0.3410765641,53.9712890267,0.6656837919
22.9280124000,6237,0.3410765641,53.9712890267,0.6656837919
22.9298983000,6238,0.3410765641,53.9712890267,0.6656837919
22.9321105000,6239,0.3410765641,53.9712890267,0.6656837919
22.9340896000,6240,0.3410765641,53.9712890267,0.6656837919
22.9359398000,6241,0.3410765641,53.9712890267,0.6656837919
22.9378395000,6242,0.3410765641,53.9712890267,0.6656837919
22.9399727000,6243,0.3410765641,53.9712890267,0.6656837919
22.9418974000,6244,0.3410765641,53.9712890267,0.6656837919
22.9439180000,6245,0.3410765641,53.9712890267,0.6656837919
22.9458250000,6246,0.3410765641,53.9712890267,0.6656837919
22.9477378000,6247,0.3410765641,53.9712890267,0.6656837919
22.9498842000,6248,0.3410765641,53.9712890267,0.6656837919
22.9517890000,6249,0.3410765641,53.9712890267,0.6656837919
22.9540594000,6250,0.3410765641,53.9712890267,0.6656837919
22.9560334000,6251,0.3410765641,53.9712890267,0.6656837919
22.9581320000,6252,0.3410765641,53.9712890267,0.6656837919
22.9599906000,6253,0.3410765641,53.9712890267,0.6656837919
22.9621493000,6254,0.3410765641,53.9712890267,0.6656837919
22.9641394000,6255,0.3410765641,53.9712890267,0.6656837919
22.9661928000,6256,0.3410765641,53.9712890267,0.6656837919
22.9682536000,6257,0.3410765641,53.9712890267,0.6656837919
22.9706366000,6258,0.3410765641,53.9712890267,0.6656837919
22.9725025000,6259,0.3410765641,53.9712890267,0.6656837919
22.9745937000,6260,0.3410765641,53.9712890267,0.6656837919
22.9765559000,6261,0.3410765641,53.9712890267,0.6656837919
22.9783977000,6262,0.3410765641,53.9712890267,0.6656837919
22.9802865000,6263,0.3410765641,53.9712890267,0.6656837919
22.9821900000,6264,0.3410765641,53.9712890267,0.6656837919
22.9841091000,6265,0.3410765641,53.9712890267,0.6656837919
22.9860047000,6266,0.3410765641,53.9712890267,0.6656837919
22.9881266000,6267,0.3410765641,53.9712890267,0.6656837919
22.9903587000,6268,0.3410765641,53.9712890267,0.6656837919
22.9922628000,6269,0.3410765641,53.9712890267,0.6656837919
22.9943068000,6270,0.3410765641,53.9712890267,0.6656837919
22.9962422000,6271,0.3410765641,53.9712890267,0.6656837919
22.9983157000,6272,0.3410765641,53.9712890267,0.6656837919
23.0002352000,6273,0.3410765641,53.9712890267,0.6656837919
23.0025150000,6274,0.3410765641,53.9712890267,0.6656837919
23.0044236000,6275,0.3410765641,53.9712890267,0.6656837919
23.0064315000,6276,0.3410765641,53.9712890267,0.6656837919
23.0085226000,6277,0.3410765641,53.9712890267,0.6656837919
23.0105752000,6278,0.3410765641,53.9712890267,0.6656837919
23.0125597000,6279,0.3410765641,53.9712890267,0.6656837919
23.0144723000,6280,0.3410765641,53.9712890267,0.6656837919
23.0163308000,6281,0.3410765641,53.9712890267,0.6656837919
23.0181880000,6282,0.3410765641,53.9712890267,0.6656837919
23.0200997000,6283,0.3410765641,53.9712890267,0.6656837919
23.0219953000,6284,0.3410765641,53.9712890267,0.6656837919
23.0240228000,6285,0.3410765641,53.9712890267,0.6656837919
23.0261850000,6286,0.3410765641,53.9712890267,0.6656837919
23.0284166000,6287,0.3410765641,53.9712890267,0.6656837919
23.0304774000,6288,0.3410765641,53.9712890267,0.6656837919
23.0329639000,6289,0.3410765641,53.9712890267,0.6656837919
23.0362984000,6290,0.3410765641,53.9712890267,0.6656837919
23.0385147000,6291,0.3410765641,53.9712890267,0.6656837919
23.0405943000,6292,0.3410765641,53.9712890267,0.6656837919
23.0425026000,6293,0.3410765641,53.9712890267,0.6656837919
23.0445630000,6294,0.3410765641,53.9712890267,0.6656837919
23.0465294000,6295,0.3410765641,53.9712890267,0.6656837919
23.0486897000,6296,0.3410765641,53.9712890267,0.6656837919
23.0509098000,6297,0.3410765641,53.9712890267,0.6656837919
23.0530684000,6298,0.3410765641,53.9712890267,0.6656837919
23.0549968000,6299,0.3410765641,53.9712890267,0.6656837919
23.0568744000,6300,0.3410765641,53.9712890267,0.6656837919
23.0588694000,6301,0.3410765641,53.9712890267,0.6656837919
23.0607460000,6302,0.3410765641,53.9712890267,0.6656837919
23.0626168000,6303,0.3410765641,53.9712890267,0.6656837919
23.0644608000,6304,0.3410765641,53.9712890267,0.6656837919
23.0668097000,6305,0.3410765641,53.9712890267,0.6656837919
23.0687126000,6306,0.3410765641,53.9712890267,0.6656837919
23.0706056000,6307,0.3410765641,53.9712890267,0.6656837919
23.0724459000,6308,0.3410765641,53.9712890267,0.6656837919
23.0743195000,6309,0.3410765641,53.9712890267,0.6656837919
23.0761518000,6310,0.3410765641,53.9712890267,0.6656837919
23.0782502000,6311,0.3410765641,53.9712890267,0.6656837919
23.0801969000,6312,0.3410765641,53.9712890267,0.6656837919
23.0822091000,6313,0.3410765641,53.9712890267,0.6656837919
23.0842201000,6314,0.3410765641,53.9712890267,0.6656837919
23.0864101000,6315,0.3410765641,53.9712890267,0.6656837919
23.0883166000,6316,0.3410765641,53.9712890267,0.6656837919
23.0902004000,6317,0.3410765641,53.9712890267,0.6656837919
23.0920507000,6318,0.3410765641,53.9712890267,0.6656837919
23.0939522000,6319,0.3410765641,53.9712890267,0.6656837919
23.0960413000,6320,0.3410765641,53.9712890267,0.6656837919
23.0984483000,6321,0.3410765641,53.9712890267,0.6656837919
23.1006853000,6322,0.3410765641,53.9712890267,0.6656837919
23.1028287000,6323,0.3410765641,53.9712890267,0.6656837919
23.1050708000,6324,0.3410765641,53.9712890267,0.6656837919
23.1069881000,6325,0.3410765641,53.9712890267,0.6656837919
23.1089995000,6326,0.3410765641,53.9712890267,0.6656837919
23.1113304000,6327,0.3410765641,53.9712890267,0.6656837919
23.1134558000,6328,0.3410765641,53.9712890267,0.6656837919
23.1157718000,6329,0.3410765641,53.9712890267,0.6656837919
23.1176723000,6330,0.3410765641,53.9712890267,0.6656837919
23.1195296000,6331,0.3410765641,53.9712890267,0.6656837919
23.1213574000,6332,0.3410765641,53.9712890267,0.6656837919
23.1232309000,6333,0.3410765641,53.9712890267,0.6656837919
23.1250723000,6334,0.3410765641,53.9712890267,0.6656837919
23.1270452000,6335,0.3410765641,53.9712890267,0.6656837919
23.1291910000,6336,0.3410765641,53.9712890267,0.6656837919
23.1310330000,6337,0.3410765641,53.9712890267,0.6656837919
23.1330639000,6338,0.3410765641,53.9712890267,0.6656837919
23.1349161000,6339,0.3410765641,53.9712890267,0.6656837919
23.1370364000,6340,0.3410765641,53.9712890267,0.6656837919
23.1389255000,6341,0.3410765641,53.9712890267,0.6656837919
23.1410614000,6342,0.3410765641,53.9712890267,0.6656837919
23.1429148000,6343,0.3410765641,53.9712890267,0.6656837919
23.1448741000,6344,0.3410765641,53.9712890267,0.6656837919
23.1470033000,6345,0.3410765641,53.9712890267,0.6656837919
23.1490065000,6346,0.3410765641,53.9712890267,0.6656837919
23.1508911000,6347,0.3410765641,53.9712890267,0.6656837919
23.1528054000,6348,0.3410765641,53.9712890267,0.6656837919
23.1546618000,6349,0.3410765641,53.9712890267,0.6656837919
23.1568525000,6350,0.3410765641,53.9712890267,0.6656837919
23.1588736000,6351,0.3410765641,53.9712890267,0.6656837919
23.1610138000,6352,0.3410765641,53.9712890267,0.6656837919
23.1629665000,6353,0.3410765641,53.9712890267,0.6656837919
23.1649929000,6354,0.3410765641,53.9712890267,0.6656837919
23.1671401000,6355,0.3410765641,53.9712890267,0.6656837919
23.1695482000,6356,0.3410765641,53.9712890267,0.6656837919
23.1715764000,6357,0.3410765641,53.9712890267,0.6656837919
23.1734858000,6358,0.3410765641,53.9712890267,0.6656837919
23.1755254000,6359,0.3410765641,53.9712890267,0.6656837919
23.1777212000,6360,0.3410765641,53.9712890267,0.6656837919
23.1796871000,6361,0.3410765641,53.9712890267,0.6656837919
23.1815918000,6362,0.3410765641,53.9712890267,0.6656837919
23.1834639000,6363,0.3410765641,53.9712890267,0.6656837919
23.1852816000,6364,0.3410765641,53.9712890267,0.6656837919
23.1871493000,6365,0.3410765641,53.9712890267,0.6656837919
23.1890531000,6366,0.3410765641,53.9712890267,0.6656837919
23.1911401000,6367,0.3410765641,53.9712890267,0.6656837919
23.1930298000,6368,0.3410765641,53.9712890267,0.6656837919
23.1950717000,6369,0.3410765641,53.9712890267,0.6656837919
23.1971174000,6370,0.3410765641,53.9712890267,0.6656837919
23.1991846000,6371,0.3410765641,53.9712890267,0.6656837919
23.2011056000,6372,0.3410765641,53.9712890267,0.6656837919
23.2031847000,6373,0.3410765641,53.9712890267,0.6656837919
23.2057460000,6374,0.3410765641,53.9712890267,0.6656837919
23.2077090000,6375,0.3410765641,53.9712890267,0.6656837919
23.2095771000,6376,0.3410765641,53.9712890267,0.6656837919
23.2114650000,6377,0.3410765641,53.9712890267,0.6656837919
23.2133400000,6378,0.3410765641,53.9712890267,0.6656837919
23.2151996000,6379,0.3410765641,53.9712890267,0.6656837919
23.2170383000,6380,0.3410765641,53.9712890267,0.6656837919
23.2190561000,6381,0.3410765641,53.9712890267,0.6656837919
23.2213243000,6382,0.3410765641,53.9712890267,0.6656837919
23.2237686000,6383,0.3410765641,53.9712890267,0.6656837919
23.2256396000,6384,0.3410765641,53.9712890267,0.6656837919
23.2281802000,6385,0.3410765641,53.9712890267,0.6656837919
23.2301910000,6386,0.3410765641,53.9712890267,0.6656837919
23.2353672000,6387,0.3410765641,53.9712890267,0.6656837919
23.2401404000,6388,0.3410765641,53.9712890267,0.6656837919
23.2446928000,6389,0.3410765641,53.9712890267,0.6656837919
23.2485010000,6390,0.3410765641,53.9712890267,0.6656837919
23.2541071000,6391,0.3410765641,53.9712890267,0.6656837919
23.2609572000,6392,0.3410765641,53.9712890267,0.6656837919
23.2655541000,6393,0.3410765641,53.9712890267,0.6656837919
23.2698408000,6394,0.3410765641,53.9712890267,0.6656837919
23.2755234000,6395,0.3410765641,53.9712890267,0.6656837919
23.2800108000,6396,0.3410765641,53.9712890267,0.6656837919
23.2845201000,6397,0.3410765641,53.9712890267,0.6656837919
23.2889844000,6398,0.3410765641,53.9712890267,0.6656837919
23.2933837000,6399,0.3410765641,53.9712890267,0.6656837919
23.2979076000,6400,0.3410765641,53.9712890267,0.6656837919
23.3031882000,6401,0.3410765641,53.9712890267,0.6656837919
23.3081127000,6402,0.3410765641,53.9712890267,0.6656837919
23.3130102000,6403,0.3410765641,53.9712890267,0.6656837919
23.3177669000,6404,0.3410765641,53.9712890267,0.6656837919
23.3224876000,6405,0.3410765641,53.9712890267,0.6656837919
23.3270068000,6406,0.3410765641,53.9712890267,0.6656837919
23.3320040000,6407,0.3410765641,53.9712890267,0.6656837919
23.3365768000,6408,0.3410765641,53.9712890267,0.6656837919
23.3410263000,6409,0.3410765641,53.9712890267,0.6656837919
23.3454484000,6410,0.3410765641,53.9712890267,0.6656837919
23.3498765000,6411,0.3410765641,53.9712890267,0.6656837919
23.3541964000,6412,0.3410765641,53.9712890267,0.6656837919
23.3585737000,6413,0.3410765641,53.9712890267,0.6656837919
23.3631057000,6414,0.3410765641,53.9712890267,0.6656837919
23.3674175000,6415,0.3410765641,53.9712890267,0.6656837919
23.3719431000,6416,0.3410765641,53.9712890267,0.6656837919
23.3763099000,6417,0.3410765641,53.9712890267,0.6656837919
23.3806569000,6418,0.3410765641,53.9712890267,0.6656837919
23.3850791000,6419,0.3410765641,53.9712890267,0.6656837919
23.3894391000,6420,0.3410765641,53.9712890267,0.6656837919
23.3939066000,6421,0.3410765641,53.9712890267,0.6656837919
23.3992224000,6422,0.3410765641,53.9712890267,0.6656837919
23.4042650000,6423,0.3410765641,53.9712890267,0.6656837919
23.4089720000,6424,0.3410765641,53.9712890267,0.6656837919
23.4136759000,6425,0.3410765641,53.9712890267,0.6656837919
23.4181676000,6426,0.3410765641,53.9712890267,0.6656837919
23.4226507000,6427,0.3410765641,53.9712890267,0.6656837919
23.4271923000,6428,0.3410765641,53.9712890267,0.6656837919
23.4316375000,6429,0.3410765641,53.9712890267,0.6656837919
23.4360000000,6430,0.3410765641,53.9712890267,0.6656837919
23.4404712000,6431,0.3410765641,53.9712890267,0.6656837919
23.4448401000,6432,0.3410765641,53.9712890267,0.6656837919
23.4494773000,6433,0.3410765641,53.9712890267,0.6656837919
23.4537962000,6434,0.3410765641,53.9712890267,0.6656837919
23.4579904000,6435,0.3410765641,53.9712890267,0.6656837919
23.4637090000,6436,0.3410765641,53.9712890267,0.6656837919
23.4684463000,6437,0.3410765641,53.9712890267,0.6656837919
23.4739052000,6438,0.3410765641,53.9712890267,0.6656837919
23.4787297000,6439,0.3410765641,53.9712890267,0.6656837919
23.4834526000,6440,0.3410765641,53.9712890267,0.6656837919
23.4880073000,6441,0.3410765641,53.9712890267,0.6656837919
23.4923175000,6442,0.3410765641,53.9712890267,0.6656837919
23.4966945000,6443,0.3410765641,53.9712890267,0.6656837919
23.5009390000,6444,0.3410765641,53.9712890267,0.6656837919
23.5052452000,6445,0.3410765641,53.9712890267,0.6656837919
23.5096656000,6446,0.3410765641,53.9712890267,0.6656837919
23.5139196000,6447,0.3410765641,53.9712890267,0.6656837919
23.5190939000,6448,0.3410765641,53.9712890267,0.6656837919
23.5241509000,6449,0.3410765641,53.9712890267,0.6656837919
23.5292035000,6450,0.3410765641,53.9712890267,0.6656837919
23.5340329000,6451,0.3410765641,53.9712890267,0.6656837919
23.5387587000,6452,0.3410765641,53.9712890267,0.6656837919
23.5444529000,6453,0.3410765641,53.9712890267,0.6656837919
23.5492906000,6454,0.3410765641,53.9712890267,0.6656837919
23.5539167000,6455,0.3410765641,53.9712890267,0.6656837919
23.5586881000,6456,0.3410765641,53.9712890267,0.6656837919
23.5634335000,6457,0.3410765641,53.9712890267,0.6656837919
23.5682856000,6458,0.3410765641,53.9712890267,0.6656837919
23.5732526000,6459,0.3410765641,53.9712890267,0.6656837919
23.5778646000,6460,0.3410765641,53.9712890267,0.6656837919
23.5831554000,6461,0.3410765641,53.9712890267,0.6656837919
23.5881922000,6462,0.3410765641,53.9712890267,0.6656837919
23.5929518000,6463,0.3410765641,53.9712890267,0.6656837919
23.5969140000,6464,0.3410765641,53.9712890267,0.6656837919
23.6014416000,6465,0.3410765641,53.9712890267,0.6656837919
23.6063152000,6466,0.3410765641,53.9712890267,0.6656837919
23.6123461000,6467,0.3410765641,53.9712890267,0.6656837919
23.6166548000,6468,0.3410765641,53.9712890267,0.6656837919
23.6208637000,6469,0.3410765641,53.9712890267,0.6656837919
23.6252062000,6470,0.3410765641,53.9712890267,0.6656837919
23.6288396000,6471,0.3410765641,53.9712890267,0.6656837919
23.6343221000,6472,0.3410765641,53.9712890267,0.6656837919
23.6406446000,6473,0.3410765641,53.9712890267,0.6656837919
23.6453639000,6474,0.3410765641,53.9712890267,0.6656837919
23.6504253000,6475,0.3410765641,53.9712890267,0.6656837919
23.6555738000,6476,0.3410765641,53.9712890267,0.6656837919
23.6604408000,6477,0.3410765641,53.9712890267,0.6656837919
23.6646896000,6478,0.3410765641,53.9712890267,0.6656837919
23.6690822000,6479,0.3410765641,53.9712890267,0.6656837919
23.6761966000,6480,0.3410765641,53.9712890267,0.6656837919
23.6815187000,6481,0.3410765641,53.9712890267,0.6656837919
23.6864661000,6482,0.3410765641,53.9712890267,0.6656837919
23.6916007000,6483,0.3410765641,53.9712890267,0.6656837919
23.6963026000,6484,0.3410765641,53.9712890267,0.6656837919
23.7006872000,6485,0.3410765641,53.9712890267,0.6656837919
23.7054450000,6486,0.3410765641,53.9712890267,0.6656837919
23.7104675000,6487,0.3410765641,53.9712890267,0.6656837919
23.7152853000,6488,0.3410765641,53.9712890267,0.6656837919
23.7204333000,6489,0.3410765641,53.9712890267,0.6656837919
23.7250790000,6490,0.3410765641,53.9712890267,0.6656837919
23.7306761000,6491,0.3410765641,53.9712890267,0.6656837919
23.7364477000,6492,0.3410765641,53.9712890267,0.6656837919
23.7422197000,6493,0.3410765641,53.9712890267,0.6656837919
23.7472624000,6494,0.3410765641,53.9712890267,0.6656837919
23.7516086000,6495,0.3410765641,53.9712890267,0.6656837919
23.7558500000,6496,0.3410765641,53.9712890267,0.6656837919
23.7601873000,6497,0.3410765641,53.9712890267,0.6656837919
23.7644562000,6498,0.3410765641,53.9712890267,0.6656837919
23.7688844000,6499,0.3410765641,53.9712890267,0.6656837919
23.7730582000,6500,0.3410765641,53.9712890267,0.6656837919
23.7778401000,6501,0.3410765641,53.9712890267,0.6656837919
23.7825162000,6502,0.3410765641,53.9712890267,0.6656837919
23.7869690000,6503,0.3410765641,53.9712890267,0.6656837919
23.7917982000,6504,0.3410765641,53.9712890267,0.6656837919
23.7968573000,6505,0.3410765641,53.9712890267,0.6656837919
23.8010691000,6506,0.3410765641,53.9712890267,0.6656837919
23.8060384000,6507,0.3410765641,53.9712890267,0.6656837919
23.8110801000,6508,0.3410765641,53.9712890267,0.6656837919
23.8161414000,6509,0.3410765641,53.9712890267,0.6656837919
23.8210714000,6510,0.3410765641,53.9712890267,0.6656837919
23.8257671000,6511,0.3410765641,53.9712890267,0.6656837919
23.8301001000,6512,0.3410765641,53.9712890267,0.6656837919
23.8346173000,6513,0.3410765641,53.9712890267,0.6656837919
23.8383756000,6514,0.3410765641,53.9712890267,0.6656837919
23.8431878000,6515,0.3410765641,53.9712890267,0.6656837919
23.8479275000,6516,0.3410765641,53.9712890267,0.6656837919
23.8526650000,6517,0.3410765641,53.9712890267,0.6656837919
23.8566969000,6518,0.3410765641,53.9712890267,0.6656837919
23.8619766000,6519,0.3410765641,53.9712890267,0.6656837919
23.8669851000,6520,0.3410765641,53.9712890267,0.6656837919
23.8720583000,6521,0.3410765641,53.9712890267,0.6656837919
23.8768767000,6522,0.3410765641,53.9712890267,0.6656837919
23.8813066000,6523,0.3410765641,53.9712890267,0.6656837919
23.8869083000,6524,0.3410765641,53.9712890267,0.6656837919
23.8917759000,6525,0.3410765641,53.9712890267,0.6656837919
23.8960707000,6526,0.3410765641,53.9712890267,0.6656837919
23.9003158000,6527,0.3410765641,53.9712890267,0.6656837919
23.9045773000,6528,0.3410765641,53.9712890267,0.6656837919
23.9088158000,6529,0.3410765641,53.9712890267,0.6656837919
23.9130807000,6530,0.3410765641,53.9712890267,0.6656837919
23.9172398000,6531,0.3410765641,53.9712890267,0.6656837919
23.9214618000,6532,0.3410765641,53.9712890267,0.6656837919
23.9256790000,6533,0.3410765641,53.9712890267,0.6656837919
23.9299122000,6534,0.3410765641,53.9712890267,0.6656837919
23.9342012000,6535,0.3410765641,53.9712890267,0.6656837919
23.9384801000,6536,0.3410765641,53.9712890267,0.6656837919
23.9424750000,6537,0.3410765641,53.9712890267,0.6656837919
23.9475106000,6538,0.3410765641,53.9712890267,0.6656837919
23.9526810000,6539,0.3410765641,53.9712890267,0.6656837919
23.9565685000,6540,0.3410765641,53.9712890267,0.6656837919
23.9608339000,6541,0.3410765641,53.9712890267,0.6656837919
23.9658198000,6542,0.3410765641,53.9712890267,0.6656837919
23.9703109000,6543,0.3410765641,53.9712890267,0.6656837919
23.9744986000,6544,0.3410765641,53.9712890267,0.6656837919
23.9783037000,6545,0.3410765641,53.9712890267,0.6656837919
23.9830919000,6546,0.3410765641,53.9712890267,0.6656837919
23.9873525000,6547,0.3410765641,53.9712890267,0.6656837919
23.9921573000,6548,0.3410765641,53.9712890267,0.6656837919
23.9970204000,6549,0.3410765641,53.9712890267,0.6656837919
24.0017678000,6550,0.3410765641,53.9712890267,0.6656837919
24.0062095000,6551,0.3410765641,53.9712890267,0.6656837919
24.0107102000,6552,0.3410765641,53.9712890267,0.6656837919
24.0155798000,6553,0.3410765641,53.9712890267,0.6656837919
24.0195729000,6554,0.3410765641,53.9712890267,0.6656837919
24.0234988000,6555,0.3410765641,53.9712890267,0.6656837919
24.0280253000,6556,0.3410765641,53.9712890267,0.6656837919
24.0327347000,6557,0.3410765641,53.9712890267,0.6656837919
24.0371170000,6558,0.3410765641,53.9712890267,0.6656837919
24.0415052000,6559,0.3410765641,53.9712890267,0.6656837919
24.0457495000,6560,0.3410765641,53.9712890267,0.6656837919
24.0499690000,6561,0.3410765641,53.9712890267,0.6656837919
24.0550689000,6562,0.3410765641,53.9712890267,0.6656837919
24.0591932000,6563,0.3410765641,53.9712890267,0.6656837919
24.0639735000,6564,0.3410765641,53.9712890267,0.6656837919
24.0690633000,6565,0.3410765641,53.9712890267,0.6656837919
24.0734368000,6566,0.3410765641,53.9712890267,0.6656837919
24.0777111000,6567,0.3410765641,53.9712890267,0.6656837919
24.0825990000,6568,0.3410765641,53.9712890267,0.6656837919
24.0875045000,6569,0.3410765641,53.9712890267,0.6656837919
24.0920637000,6570,0.3410765641,53.9712890267,0.6656837919
24.0965606000,6571,0.3410765641,53.9712890267,0.6656837919
24.1009599000,6572,0.3410765641,53.9712890267,0.6656837919
24.1055023000,6573,0.3410765641,53.9712890267,0.6656837919
24.1111134000,6574,0.3410765641,53.9712890267,0.6656837919
24.1164390000,6575,0.3410765641,53.9712890267,0.6656837919
24.1208468000,6576,0.3410765641,53.9712890267,0.6656837919
24.1250837000,6577,0.3410765641,53.9712890267,0.6656837919
24.1307595000,6578,0.3410765641,53.9712890267,0.6656837919
24.1353668000,6579,0.3410765641,53.9712890267,0.6656837919
24.1397461000,6580,0.3410765641,53.9712890267,0.6656837919
24.1442320000,6581,0.3410765641,53.9712890267,0.6656837919
24.1493115000,6582,0.3410765641,53.9712890267,0.6656837919
24.1538544000,6583,0.3410765641,53.9712890267,0.6656837919
24.1590108000,6584,0.3410765641,53.9712890267,0.6656837919
24.1636503000,6585,0.3410765641,53.9712890267,0.6656837919
24.1679842000,6586,0.3410765641,53.9712890267,0.6656837919
24.1729610000,6587,0.3410765641,53.9712890267,0.6656837919
24.1782482000,6588,0.3410765641,53.9712890267,0.6656837919
24.1836306000,6589,0.3410765641,53.9712890267,0.6656837919
24.1899788000,6590,0.3410765641,53.9712890267,0.6656837919
24.1945172000,6591,0.3410765641,53.9712890267,0.6656837919
24.1989166000,6592,0.3410765641,53.9712890267,0.6656837919
24.2036164000,6593,0.3410765641,53.9712890267,0.6656837919
24.2077252000,6594,0.3410765641,53.9712890267,0.6656837919
24.2131673000,6595,0.3410765641,53.9712890267,0.6656837919
24.2185364000,6596,0.3410765641,53.9712890267,0.6656837919
24.2239149000,6597,0.3410765641,53.9712890267,0.6656837919
24.2285920000,6598,0.3410765641,53.9712890267,0.6656837919
24.2339255000,6599,0.3410765641,53.9712890267,0.6656837919
24.2393196000,6600,0.3410765641,53.9712890267,0.6656837919
24.2448892000,6601,0.3410765641,53.9712890267,0.6656837919
24.2495156000,6602,0.3410765641,53.9712890267,0.6656837919
24.2541124000,6603,0.3410765641,53.9712890267,0.6656837919
24.2590375000,6604,0.3410765641,53.9712890267,0.6656837919
24.2648427000,6605,0.3410765641,53.9712890267,0.6656837919
24.2696524000,6606,0.3410765641,53.9712890267,0.6656837919
24.2748930000,6607,0.3410765641,53.9712890267,0.6656837919
24.2801120000,6608,0.3410765641,53.9712890267,0.6656837919
24.2844526000,6609,0.3410765641,53.9712890267,0.6656837919
24.2890826000,6610,0.3410765641,53.9712890267,0.6656837919
24.2933474000,6611,0.3410765641,53.9712890267,0.6656837919
24.2984883000,6612,0.3410765641,53.9712890267,0.6656837919
24.3031914000,6613,0.3410765641,53.9712890267,0.6656837919
24.3078360000,6614,0.3410765641,53.9712890267,0.6656837919
24.3134856000,6615,0.3410765641,53.9712890267,0.6656837919
24.3180083000,6616,0.3410765641,53.9712890267,0.6656837919
24.3234100000,6617,0.3410765641,53.9712890267,0.6656837919
24.3278661000,6618,0.3410765641,53.9712890267,0.6656837919
24.3323473000,6619,0.3410765641,53.9712890267,0.6656837919
24.3369623000,6620,0.3410765641,53.9712890267,0.6656837919
24.3419135000,6621,0.3410765641,53.9712890267,0.6656837919
24.3468711000,6622,0.3410765641,53.9712890267,0.6656837919
24.3516964000,6623,0.3410765641,53.9712890267,0.6656837919
24.3567720000,6624,0.3410765641,53.9712890267,0.6656837919
24.3613291000,6625,0.3410765641,53.9712890267,0.6656837919
24.3647384000,6626,0.3410765641,53.9712890267,0.6656837919
24.3690273000,6627,0.3410765641,53.9712890267,0.6656837919
24.3744776000,6628,0.3410765641,53.9712890267,0.6656837919
24.3787152000,6629,0.3410765641,53.9712890267,0.6656837919
24.3831326000,6630,0.3410765641,53.9712890267,0.6656837919
24.3882295000,6631,0.3410765641,53.9712890267,0.6656837919
24.3927133000,6632,0.3410765641,53.9712890267,0.6656837919
24.3979280000,6633,0.3410765641,53.9712890267,0.6656837919
24.4024834000,6634,0.3410765641,53.9712890267,0.6656837919
24.4072187000,6635,0.3410765641,53.9712890267,0.6656837919
24.4114688000,6636,0.3410765641,53.9712890267,0.6656837919
24.4163985000,6637,0.3410765641,53.9712890267,0.6656837919
24.4213181000,6638,0.3410765641,53.9712890267,0.6656837919
24.4262097000,6639,0.3410765641,53.9712890267,0.6656837919
24.4312679000,6640,0.3410765641,53.9712890267,0.6656837919
24.4361134000,6641,0.3410765641,53.9712890267,0.6656837919
24.4409545000,6642,0.3410765641,53.9712890267,0.6656837919
24.4459875000,6643,0.3410765641,53.9712890267,0.6656837919
24.4505221000,6644,0.3410765641,53.9712890267,0.6656837919
24.4547744000,6645,0.3410765641,53.9712890267,0.6656837919
24.4589403000,6646,0.3410765641,53.9712890267,0.6656837919
24.4631949000,6647,0.3410765641,53.9712890267,0.6656837919
24.4673904000,6648,0.3410765641,53.9712890267,0.6656837919
24.4715437000,6649,0.3410765641,53.9712890267,0.6656837919
24.4757619000,6650,0.3410765641,53.9712890267,0.6656837919
24.4799680000,6651,0.3410765641,53.9712890267,0.6656837919
24.4841719000,6652,0.3410765641,53.9712890267,0.6656837919
24.4883190000,6653,0.3410765641,53.9712890267,0.6656837919
24.4925125000,6654,0.3410765641,53.9712890267,0.6656837919
24.4968378000,6655,0.3410765641,53.9712890267,0.6656837919
24.5012365000,6656,0.3410765641,53.9712890267,0.6656837919
24.5049112000,6657,0.3410765641,53.9712890267,0.6656837919
24.5097670000,6658,0.3410765641,53.9712890267,0.6656837919
24.5143241000,6659,0.3410765641,53.9712890267,0.6656837919
24.5187193000,6660,0.3410765641,53.9712890267,0.6656837919
24.5247359000,6661,0.3410765641,53.9712890267,0.6656837919
24.5293761000,6662,0.3410765641,53.9712890267,0.6656837919
24.5339079000,6663,0.3410765641,53.9712890267,0.6656837919
24.5378564000,6664,0.3410765641,53.9712890267,0.6656837919
24.5427254000,6665,0.3410765641,53.9712890267,0.6656837919
24.5476321000,6666,0.3410765641,53.9712890267,0.6656837919
24.5525151000,6667,0.3410765641,53.9712890267,0.6656837919
24.5572513000,6668,0.3410765641,53.9712890267,0.6656837919
24.5616595000,6669,0.3410765641,53.9712890267,0.6656837919
24.5659080000,6670,0.3410765641,53.9712890267,0.6656837919
24.5701260000,6671,0.3410765641,53.9712890267,0.6656837919
24.5743264000,6672,0.3410765641,53.9712890267,0.6656837919
24.5785702000,6673,0.3410765641,53.9712890267,0.6656837919
24.5829768000,6674,0.3410765641,53.9712890267,0.6656837919
24.5871775000,6675,0.3410765641,53.9712890267,0.6656837919
24.5912863000,6676,0.3410765641,53.9712890267,0.6656837919
24.5955846000,6677,0.3410765641,53.9712890267,0.6656837919
24.6024949000,6678,0.3410765641,53.9712890267,0.6656837919
24.6090667000,6679,0.3410765641,53.9712890267,0.6656837919
24.6141168000,6680,0.3410765641,53.9712890267,0.6656837919
24.6185839000,6681,0.3410765641,53.9712890267,0.6656837919
24.6230411000,6682,0.3410765641,53.9712890267,0.6656837919
24.6272575000,6683,0.3410765641,53.9712890267,0.6656837919
24.6321129000,6684,0.3410765641,53.9712890267,0.6656837919
24.6371046000,6685,0.3410765641,53.9712890267,0.6656837919
24.6422876000,6686,0.3410765641,53.9712890267,0.6656837919
24.6471863000,6687,0.3410765641,53.9712890267,0.6656837919
24.6516137000,6688,0.3410765641,53.9712890267,0.6656837919
24.6559427000,6689,0.3410765641,53.9712890267,0.6656837919
24.6598435000,6690,0.3410765641,53.9712890267,0.6656837919
24.6645471000,6691,0.3410765641,53.9712890267,0.6656837919
24.6693794000,6692,0.3410765641,53.9712890267,0.6656837919
24.6748047000,6693,0.3410765641,53.9712890267,0.6656837919
24.6814875000,6694,0.3410765641,53.9712890267,0.6656837919
24.6859229000,6695,0.3410765641,53.9712890267,0.6656837919
24.6906238000,6696,0.3410765641,53.9712890267,0.6656837919
24.6953763000,6697,0.3410765641,53.9712890267,0.6656837919
24.6985292000,6698,0.3410765641,53.9712890267,0.6656837919
24.7006469000,6699,0.3410765641,53.9712890267,0.6656837919
24.7028014000,6700,0.3410765641,53.9712890267,0.6656837919
24.7050730000,6701,0.3410765641,53.9712890267,0.6656837919
24.7078293000,6702,0.3410765641,53.9712890267,0.6656837919
24.7100399000,6703,0.3410765641,53.9712890267,0.6656837919
24.7126179000,6704,0.3410765641,53.9712890267,0.6656837919
24.7147515000,6705,0.3410765641,53.9712890267,0.6656837919
24.7171265000,6706,0.3410765641,53.9712890267,0.6656837919
24.7191585000,6707,0.3410765641,53.9712890267,0.6656837919
24.7213650000,6708,0.3410765641,53.9712890267,0.6656837919
24.7235562000,6709,0.3410765641,53.9712890267,0.6656837919
24.7256400000,6710,0.3410765641,53.9712890267,0.6656837919
24.7282006000,6711,0.3410765641,53.9712890267,0.6656837919
24.7303131000,6712,0.3410765641,53.9712890267,0.6656837919
24.7322884000,6713,0.3410765641,53.9712890267,0.6656837919
24.7342498000,6714,0.3410765641,53.9712890267,0.6656837919
24.7365229000,6715,0.3410765641,53.9712890267,0.6656837919
24.7385839000,6716,0.3410765641,53.9712890267,0.6656837919
24.7404421000,6717,0.3410765641,53.9712890267,0.6656837919
24.7424016000,6718,0.3410765641,53.9712890267,0.6656837919
24.7446971000,6719,0.3410765641,53.9712890267,0.6656837919
24.7467393000,6720,0.3410765641,53.9712890267,0.6656837919
24.7486984000,6721,0.3410765641,53.9712890267,0.6656837919
24.7505823000,6722,0.3410765641,53.9712890267,0.6656837919
24.7528261000,6723,0.3410765641,53.9712890267,0.6656837919
24.7548513000,6724,0.3410765641,53.9712890267,0.6656837919
24.7567055000,6725,0.3410765641,53.9712890267,0.6656837919
24.7588521000,6726,0.3410765641,53.9712890267,0.6656837919
24.7608088000,6727,0.3410765641,53.9712890267,0.6656837919
24.7626874000,6728,0.3410765641,53.9712890267,0.6656837919
24.7645266000,6729,0.3410765641,53.9712890267,0.6656837919
24.7663598000,6730,0.3410765641,53.9712890267,0.6656837919
24.7682833000,6731,0.3410765641,53.9712890267,0.6656837919
24.7701288000,6732,0.3410765641,53.9712890267,0.6656837919
24.7719722000,6733,0.3410765641,53.9712890267,0.6656837919
24.7739441000,6734,0.3410765641,53.9712890267,0.6656837919
24.7758360000,6735,0.3410765641,53.9712890267,0.6656837919
24.7777225000,6736,0.3410765641,53.9712890267,0.6656837919
24.7795478000,6737,0.3410765641,53.9712890267,0.6656837919
24.7813733000,6738,0.3410765641,53.9712890267,0.6656837919
24.7832245000,6739,0.3410765641,53.9712890267,0.6656837919
24.7850807000,6740,0.3410765641,53.9712890267,0.6656837919
24.7869732000,6741,0.3410765641,53.9712890267,0.6656837919
24.7888894000,6742,0.3410765641,53.9712890267,0.6656837919
24.7908133000,6743,0.3410765641,53.9712890267,0.6656837919
24.7926965000,6744,0.3410765641,53.9712890267,0.6656837919
24.7945898000,6745,0.3410765641,53.9712890267,0.6656837919
24.7964905000,6746,0.3410765641,53.9712890267,0.6656837919
24.7983644000,6747,0.3410765641,53.9712890267,0.6656837919
24.8003149000,6748,0.3410765641,53.9712890267,0.6656837919
24.8021513000,6749,0.3410765641,53.9712890267,0.6656837919
24.8040280000,6750,0.3410765641,53.9712890267,0.6656837919
24.8058886000,6751,0.3410765641,53.9712890267,0.6656837919
24.8077336000,6752,0.3410765641,53.9712890267,0.6656837919
24.8095518000,6753,0.3410765641,53.9712890267,0.6656837919
24.8114041000,6754,0.3410765641,53.9712890267,0.6656837919
24.8132617000,6755,0.3410765641,53.9712890267,0.6656837919
24.8151003000,6756,0.3410765641,53.9712890267,0.6656837919
24.8169195000,6757,0.3410765641,53.9712890267,0.6656837919
24.8190368000,6758,0.3410765641,53.9712890267,0.6656837919
24.8209577000,6759,0.3410765641,53.9712890267,0.6656837919
24.8228530000,6760,0.3410765641,53.9712890267,0.6656837919
24.8248558000,6761,0.3410765641,53.9712890267,0.6656837919
24.8267989000,6762,0.3410765641,53.9712890267,0.6656837919
24.8294305000,6763,0.3410765641,53.9712890267,0.6656837919
24.8315596000,6764,0.3410765641,53.9712890267,0.6656837919
24.8337507000,6765,0.3410765641,53.9712890267,0.6656837919
24.8356608000,6766,0.3410765641,53.9712890267,0.6656837919
24.8375670000,6767,0.3410765641,53.9712890267,0.6656837919
24.8394340000,6768,0.3410765641,53.9712890267,0.6656837919
24.8417250000,6769,0.3410765641,53.9712890267,0.6656837919
24.8436140000,6770,0.3410765641,53.9712890267,0.6656837919
24.8458225000,6771,0.3410765641,53.9712890267,0.6656837919
24.8477543000,6772,0.3410765641,53.9712890267,0.6656837919
24.8499814000,6773,0.3410765641,53.9712890267,0.6656837919
24.8519345000,6774,0.3410765641,53.9712890267,0.6656837919
24.8539458000,6775,0.3410765641,53.9712890267,0.6656837919
24.8558174000,6776,0.3410765641,53.9712890267,0.6656837919
24.8581788000,6777,0.3410765641,53.9712890267,0.6656837919
24.8601029000,6778,0.3410765641,53.9712890267,0.6656837919
24.8620331000,6779,0.3410765641,53.9712890267,0.6656837919
24.8638870000,6780,0.3410765641,53.9712890267,0.6656837919
24.8660071000,6781,0.3410765641,53.9712890267,0.6656837919
24.8678882000,6782,0.3410765641,53.9712890267,0.6656837919
24.8700500000,6783,0.3410765641,53.9712890267,0.6656837919
24.8720007000,6784,0.3410765641,53.9712890267,0.6656837919
24.8742402000,6785,0.3410765641,53.9712890267,0.6656837919
24.8762965000,6786,0.3410765641,53.9712890267,0.6656837919
24.8785194000,6787,0.3410765641,53.9712890267,0.6656837919
24.8804449000,6788,0.3410765641,53.9712890267,0.6656837919
24.8824979000,6789,0.3410765641,53.9712890267,0.6656837919
24.8843878000,6790,0.3410765641,53.9712890267,0.6656837919
24.8863157000,6791,0.3410765641,53.9712890267,0.6656837919
24.8882495000,6792,0.3410765641,53.9712890267,0.6656837919
24.8901138000,6793,0.3410765641,53.9712890267,0.6656837919
24.8919665000,6794,0.3410765641,53.9712890267,0.6656837919
24.8937996000,6795,0.3410765641,53.9712890267,0.6656837919
24.8956573000,6796,0.3410765641,53.9712890267,0.6656837919
24.8974833000,6797,0.3410765641,53.9712890267,0.6656837919
24.8993309000,6798,0.3410765641,53.9712890267,0.6656837919
24.9011846000,6799,0.3410765641,53.9712890267,0.6656837919
24.9030059000,6800,0.3410765641,53.9712890267,0.6656837919
24.9049101000,6801,0.3410765641,53.9712890267,0.6656837919
24.9071106000,6802,0.3410765641,53.9712890267,0.6656837919
24.9094987000,6803,0.3410765641,53.9712890267,0.6656837919
24.9119613000,6804,0.3410765641,53.9712890267,0.6656837919
24.9138556000,6805,0.3410765641,53.9712890267,0.6656837919
24.9159368000,6806,0.3410765641,53.9712890267,0.6656837919
24.9177999000,6807,0.3410765641,53.9712890267,0.6656837919
24.9196585000,6808,0.3410765641,53.9712890267,0.6656837919
24.9215326000,6809,0.3410765641,53.9712890267,0.6656837919
24.9236171000,6810,0.3410765641,53.9712890267,0.6656837919
24.9255172000,6811,0.3410765641,53.9712890267,0.6656837919
24.9275575000,6812,0.3410765641,53.9712890267,0.6656837919
24.9297690000,6813,0.3410765641,53.9712890267,0.6656837919
24.9317588000,6814,0.3410765641,53.9712890267,0.6656837919
24.9339327000,6815,0.3410765641,53.9712890267,0.6656837919
24.9362337000,6816,0.3410765641,53.9712890267,0.6656837919
24.9382421000,6817,0.3410765641,53.9712890267,0.6656837919
24.9404311000,6818,0.3410765641,53.9712890267,0.6656837919
24.9425269000,6819,0.3410765641,53.9712890267,0.6656837919
24.9447246000,6820,0.3410765641,53.9712890267,0.6656837919
24.9466150000,6821,0.3410765641,53.9712890267,0.6656837919
24.9485044000,6822,0.3410765641,53.9712890267,0.6656837919
24.9506594000,6823,0.3410765641,53.9712890267,0.6656837919
24.9527840000,6824,0.3410765641,53.9712890267,0.6656837919
24.9548090000,6825,0.3410765641,53.9712890267,0.6656837919
24.9568401000,6826,0.3410765641,53.9712890267,0.6656837919
24.9588464000,6827,0.3410765641,53.9712890267,0.6656837919
24.9610880000,6828,0.3410765641,53.9712890267,0.6656837919
24.9630298000,6829,0.3410765641,53.9712890267,0.6656837919
24.9649276000,6830,0.3410765641,53.9712890267,0.6656837919
24.9670201000,6831,0.3410765641,53.9712890267,0.6656837919
24.9693933000,6832,0.3410765641,53.9712890267,0.6656837919
24.9713293000,6833,0.3410765641,53.9712890267,0.6656837919
24.9732074000,6834,0.3410765641,53.9712890267,0.6656837919
24.9751734000,6835,0.3410765641,53.9712890267,0.6656837919
24.9771004000,6836,0.3410765641,53.9712890267,0.6656837919
24.9790057000,6837,0.3410765641,53.9712890267,0.6656837919
24.9808234000,6838,0.3410765641,53.9712890267,0.6656837919
24.9827598000,6839,0.3410765641,53.9712890267,0.6656837919
24.9846573000,6840,0.3410765641,53.9712890267,0.6656837919
24.9865648000,6841,0.3410765641,53.9712890267,0.6656837919
24.9883960000,6842,0.3410765641,53.9712890267,0.6656837919
24.9902323000,6843,0.3410765641,53.9712890267,0.6656837919
24.9920450000,6844,0.3410765641,53.9712890267,0.6656837919
24.9939156000,6845,0.3410765641,53.9712890267,0.6656837919
24.9957626000,6846,0.3410765641,53.9712890267,0.6656837919
24.9975815000,6847,0.3410765641,53.9712890267,0.6656837919
24.9993964000,6848,0.3410765641,53.9712890267,0.6656837919
25.0012610000,6849,0.3410765641,53.9712890267,0.6656837919
25.0031223000,6850,0.3410765641,53.9712890267,0.6656837919
25.0049905000,6851,0.3410765641,53.9712890267,0.6656837919
25.0071533000,6852,0.3410765641,53.9712890267,0.6656837919
25.0090584000,6853,0.3410765641,53.9712890267,0.6656837919
25.0112484000,6854,0.3410765641,53.9712890267,0.6656837919
25.0131866000,6855,0.3410765641,53.9712890267,0.6656837919
25.0152205000,6856,0.3410765641,53.9712890267,0.6656837919
25.0172495000,6857,0.3410765641,53.9712890267,0.6656837919
25.0194723000,6858,0.3410765641,53.9712890267,0.6656837919
25.0215699000,6859,0.3410765641,53.9712890267,0.6656837919
25.0237573000,6860,0.3410765641,53.9712890267,0.6656837919
25.0256600000,6861,0.3410765641,53.9712890267,0.6656837919
25.0275578000,6862,0.3410765641,53.9712890267,0.6656837919
25.0297484000,6863,0.3410765641,53.9712890267,0.6656837919
25.0321869000,6864,0.3410765641,53.9712890267,0.6656837919
25.0341154000,6865,0.3410765641,53.9712890267,0.6656837919
25.0367097000,6866,0.3410765641,53.9712890267,0.6656837919
25.0386964000,6867,0.3410765641,53.9712890267,0.6656837919
25.0410855000,6868,0.3410765641,53.9712890267,0.6656837919
25.0430063000,6869,0.3410765641,53.9712890267,0.6656837919
25.0450836000,6870,0.3410765641,53.9712890267,0.6656837919
25.0470802000,6871,0.3410765641,53.9712890267,0.6656837919
25.0491747000,6872,0.3410765641,53.9712890267,0.6656837919
25.0510616000,6873,0.3410765641,53.9712890267,0.6656837919
25.0532920000,6874,0.3410765641,53.9712890267,0.6656837919
25.0552039000,6875,0.3410765641,53.9712890267,0.6656837919
25.0570839000,6876,0.3410765641,53.9712890267,0.6656837919
25.0589816000,6877,0.3410765641,53.9712890267,0.6656837919
25.0608543000,6878,0.3410765641,53.9712890267,0.6656837919
25.0627060000,6879,0.3410765641,53.9712890267,0.6656837919
25.0645815000,6880,0.3410765641,53.9712890267,0.6656837919
25.0664419000,6881,0.3410765641,53.9712890267,0.6656837919
25.0682859000,6882,0.3410765641,53.9712890267,0.6656837919
25.0701703000,6883,0.3410765641,53.9712890267,0.6656837919
25.0720061000,6884,0.3410765641,53.9712890267,0.6656837919
25.0738417000,6885,0.3410765641,53.9712890267,0.6656837919
25.0756768000,6886,0.3410765641,53.9712890267,0.6656837919
25.0775027000,6887,0.3410765641,53.9712890267,0.6656837919
25.0793385000,6888,0.3410765641,53.9712890267,0.6656837919
25.0812308000,6889,0.3410765641,53.9712890267,0.6656837919
25.0830790000,6890,0.3410765641,53.9712890267,0.6656837919
25.0849217000,6891,0.3410765641,53.9712890267,0.6656837919
25.0867517000,6892,0.3410765641,53.9712890267,0.6656837919
25.0885747000,6893,0.3410765641,53.9712890267,0.6656837919
25.0905930000,6894,0.3410765641,53.9712890267,0.6656837919
25.0925325000,6895,0.3410765641,53.9712890267,0.6656837919
25.0946917000,6896,0.3410765641,53.9712890267,0.6656837919
25.0969966000,6897,0.3410765641,53.9712890267,0.6656837919
25.0990270000,6898,0.3410765641,53.9712890267,0.6656837919
25.1009595000,6899,0.3410765641,53.9712890267,0.6656837919
25.1028201000,6900,0.3410765641,53.9712890267,0.6656837919
25.1047311000,6901,0.3410765641,53.9712890267,0.6656837919
25.1065678000,6902,0.3410765641,53.9712890267,0.6656837919
25.1087032000,6903,0.3410765641,53.9712890267,0.6656837919
25.1110300000,6904,0.3410765641,53.9712890267,0.6656837919
25.1129612000,6905,0.3410765641,53.9712890267,0.6656837919
25.1148413000,6906,0.3410765641,53.9712890267,0.6656837919
25.1167387000,6907,0.3410765641,53.9712890267,0.6656837919
25.1185995000,6908,0.3410765641,53.9712890267,0.6656837919
25.1204709000,6909,0.3410765641,53.9712890267,0.6656837919
25.1223010000,6910,0.3410765641,53.9712890267,0.6656837919
25.1244219000,6911,0.3410765641,53.9712890267,0.6656837919
25.1263472000,6912,0.3410765641,53.9712890267,0.6656837919
25.1282254000,6913,0.3410765641,53.9712890267,0.6656837919
25.1300916000,6914,0.3410765641,53.9712890267,0.6656837919
25.1319739000,6915,0.3410765641,53.9712890267,0.6656837919
25.1338298000,6916,0.3410765641,53.9712890267,0.6656837919
25.1356917000,6917,0.3410765641,53.9712890267,0.6656837919
25.1375927000,6918,0.3410765641,53.9712890267,0.6656837919
25.1394497000,6919,0.3410765641,53.9712890267,0.6656837919
25.1413961000,6920,0.3410765641,53.9712890267,0.6656837919
25.1432490000,6921,0.3410765641,53.9712890267,0.6656837919
25.1450820000,6922,0.3410765641,53.9712890267,0.6656837919
25.1469186000,6923,0.3410765641,53.9712890267,0.6656837919
25.1487377000,6924,0.3410765641,53.9712890267,0.6656837919
25.1505764000,6925,0.3410765641,53.9712890267,0.6656837919
25.1524066000,6926,0.3410765641,53.9712890267,0.6656837919
25.1542445000,6927,0.3410765641,53.9712890267,0.6656837919
25.1563317000,6928,0.3410765641,53.9712890267,0.6656837919
25.1582531000,6929,0.3410765641,53.9712890267,0.6656837919
25.1600720000,6930,0.3410765641,53.9712890267,0.6656837919
25.1621440000,6931,0.3410765641,53.9712890267,0.6656837919
25.1640814000,6932,0.3410765641,53.9712890267,0.6656837919
25.1661109000,6933,0.3410765641,53.9712890267,0.6656837919
25.1680744000,6934,0.3410765641,53.9712890267,0.6656837919
25.1699134000,6935,0.3410765641,53.9712890267,0.6656837919
25.1719967000,6936,0.3410765641,53.9712890267,0.6656837919
25.1739653000,6937,0.3410765641,53.9712890267,0.6656837919
25.1758258000,6938,0.3410765641,53.9712890267,0.6656837919
25.1776864000,6939,0.3410765641,53.9712890267,0.6656837919
25.1795515000,6940,0.3410765641,53.9712890267,0.6656837919
25.1813947000,6941,0.3410765641,53.9712890267,0.6656837919
25.1832866000,6942,0.3410765641,53.9712890267,0.6656837919
25.1851740000,6943,0.3410765641,53.9712890267,0.6656837919
25.1870565000,6944,0.3410765641,53.9712890267,0.6656837919
25.1889074000,6945,0.3410765641,53.9712890267,0.6656837919
25.1909208000,6946,0.3410765641,53.9712890267,0.6656837919
25.1928234000,6947,0.3410765641,53.9712890267,0.6656837919
25.1946898000,6948,0.3410765641,53.9712890267,0.6656837919
25.1965693000,6949,0.3410765641,53.9712890267,0.6656837919
25.1986384000,6950,0.3410765641,53.9712890267,0.6656837919
25.2008185000,6951,0.3410765641,53.9712890267,0.6656837919
25.2033345000,6952,0.3410765641,53.9712890267,0.6656837919
25.2052535000,6953,0.3410765641,53.9712890267,0.6656837919
25.2073711000,6954,0.3410765641,53.9712890267,0.6656837919
25.2094794000,6955,0.3410765641,53.9712890267,0.6656837919
25.2113865000,6956,0.3410765641,53.9712890267,0.6656837919
25.2132403000,6957,0.3410765641,53.9712890267,0.6656837919
25.2153242000,6958,0.3410765641,53.9712890267,0.6656837919
25.2172317000,6959,0.3410765641,53.9712890267,0.6656837919
25.2193435000,6960,0.3410765641,53.9712890267,0.6656837919
25.2213092000,6961,0.3410765641,53.9712890267,0.6656837919
25.2231974000,6962,0.3410765641,53.9712890267,0.6656837919
25.2251253000,6963,0.3410765641,53.9712890267,0.6656837919
25.2269877000,6964,0.3410765641,53.9712890267,0.6656837919
25.2289238000,6965,0.3410765641,53.9712890267,0.6656837919
25.2307828000,6966,0.3410765641,53.9712890267,0.6656837919
25.2326330000,6967,0.3410765641,53.9712890267,0.6656837919
25.2349418000,6968,0.3410765641,53.9712890267,0.6656837919
25.2369649000,6969,0.3410765641,53.9712890267,0.6656837919
25.2389130000,6970,0.3410765641,53.9712890267,0.6656837919
25.2407848000,6971,0.3410765641,53.9712890267,0.6656837919
25.2426237000,6972,0.3410765641,53.9712890267,0.6656837919
25.2446181000,6973,0.3410765641,53.9712890267,0.6656837919
25.2466976000,6974,0.3410765641,53.9712890267,0.6656837919
25.2488458000,6975,0.3410765641,53.9712890267,0.6656837919
25.2507657000,6976,0.3410765641,53.9712890267,0.6656837919
25.2526918000,6977,0.3410765641,53.9712890267,0.6656837919
25.2545746000,6978,0.3410765641,53.9712890267,0.6656837919
25.2568981000,6979,0.3410765641,53.9712890267,0.6656837919
25.2587763000,6980,0.3410765641,53.9712890267,0.6656837919
25.2607372000,6981,0.3410765641,53.9712890267,0.6656837919
25.2626742000,6982,0.3410765641,53.9712890267,0.6656837919
25.2646175000,6983,0.3410765641,53.9712890267,0.6656837919
25.2666749000,6984,0.3410765641,53.9712890267,0.6656837919
25.2686495000,6985,0.3410765641,53.9712890267,0.6656837919
25.2705097000,6986,0.3410765641,53.9712890267,0.6656837919
25.2723820000,6987,0.3410765641,53.9712890267,0.6656837919
25.2742469000,6988,0.3410765641,53.9712890267,0.6656837919
25.2761115000,6989,0.3410765641,53.9712890267,0.6656837919
25.2779943000,6990,0.3410765641,53.9712890267,0.6656837919
25.2798566000,6991,0.3410765641,53.9712890267,0.6656837919
25.2817396000,6992,0.3410765641,53.9712890267,0.6656837919
25.2836675000,6993,0.3410765641,53.9712890267,0.6656837919
25.2856753000,6994,0.3410765641,53.9712890267,0.6656837919
25.2876660000,6995,0.3410765641,53.9712890267,0.6656837919
25.2895528000,6996,0.3410765641,53.9712890267,0.6656837919
25.2914243000,6997,0.3410765641,53.9712890267,0.6656837919
25.2932736000,6998,0.3410765641,53.9712890267,0.6656837919
25.2951453000,6999,0.3410765641,53.9712890267,0.6656837919
25.2969904000,7000,0.3410765641,53.9712890267,0.6656837919
25.2988864000,7001,0.3410765641,53.9712890267,0.6656837919
25.3007214000,7002,0.3410765641,53.9712890267,0.6656837919
25.3025923000,7003,0.3410765641,53.9712890267,0.6656837919
25.3044345000,7004,0.3410765641,53.9712890267,0.6656837919
25.3062951000,7005,0.3410765641,53.9712890267,0.6656837919
25.3081225000,7006,0.3410765641,53.9712890267,0.6656837919
25.3099592000,7007,0.3410765641,53.9712890267,0.6656837919
25.3118315000,7008,0.3410765641,53.9712890267,0.6656837919
25.3136634000,7009,0.3410765641,53.9712890267,0.6656837919
25.3154959000,7010,0.3410765641,53.9712890267,0.6656837919
25.3173344000,7011,0.3410765641,53.9712890267,0.6656837919
25.3191961000,7012,0.3410765641,53.9712890267,0.6656837919
25.3210028000,7013,0.3410765641,53.9712890267,0.6656837919
25.3228274000,7014,0.3410765641,53.9712890267,0.6656837919
25.3246758000,7015,0.3410765641,53.9712890267,0.6656837919
25.3265078000,7016,0.3410765641,53.9712890267,0.6656837919
25.3283486000,7017,0.3410765641,53.9712890267,0.6656837919
25.3302196000,7018,0.3410765641,53.9712890267,0.6656837919
25.3320593000,7019,0.3410765641,53.9712890267,0.6656837919
25.3339008000,7020,0.3410765641,53.9712890267,0.6656837919
25.3357501000,7021,0.3410765641,53.9712890267,0.6656837919
25.3375594000,7022,0.3410765641,53.9712890267,0.6656837919
25.3394204000,7023,0.3410765641,53.9712890267,0.6656837919
25.3412319000,7024,0.3410765641,53.9712890267,0.6656837919
25.3430562000,7025,0.3410765641,53.9712890267,0.6656837919
25.3450460000,7026,0.3410765641,53.9712890267,0.6656837919
25.3469440000,7027,0.3410765641,53.9712890267,0.6656837919
25.3490631000,7028,0.3410765641,53.9712890267,0.6656837919
25.3509546000,7029,0.3410765641,53.9712890267,0.6656837919
25.3528490000,7030,0.3410765641,53.9712890267,0.6656837919
25.3546982000,7031,0.3410765641,53.9712890267,0.6656837919
25.3567334000,7032,0.3410765641,53.9712890267,0.6656837919
25.3586663000,7033,0.3410765641,53.9712890267,0.6656837919
25.3609048000,7034,0.3410765641,53.9712890267,0.6656837919
25.3627891000,7035,0.3410765641,53.9712890267,0.6656837919
25.3646592000,7036,0.3410765641,53.9712890267,0.6656837919
25.3664839000,7037,0.3410765641,53.9712890267,0.6656837919
25.3683227000,7038,0.3410765641,53.9712890267,0.6656837919
25.3701921000,7039,0.3410765641,53.9712890267,0.6656837919
25.3720686000,7040,0.3410765641,53.9712890267,0.6656837919
25.3745048000,7041,0.3410765641,53.9712890267,0.6656837919
25.3765570000,7042,0.3410765641,53.9712890267,0.6656837919
25.3791957000,7043,0.3410765641,53.9712890267,0.6656837919
25.3810885000,7044,0.3410765641,53.9712890267,0.6656837919
25.3831908000,7045,0.3410765641,53.9712890267,0.6656837919
25.3850495000,7046,0.3410765641,53.9712890267,0.6656837919
25.3869438000,7047,0.3410765641,53.9712890267,0.6656837919
25.3888009000,7048,0.3410765641,53.9712890267,0.6656837919
25.3906317000,7049,0.3410765641,53.9712890267,0.6656837919
25.3924394000,7050,0.3410765641,53.9712890267,0.6656837919
25.3942750000,7051,0.3410765641,53.9712890267,0.6656837919
25.3961281000,7052,0.3410765641,53.9712890267,0.6656837919
25.3979479000,7053,0.3410765641,53.9712890267,0.6656837919
25.3997713000,7054,0.3410765641,53.9712890267,0.6656837919
25.4016220000,7055,0.3410765641,53.9712890267,0.6656837919
25.4035000000,7056,0.3410765641,53.9712890267,0.6656837919
25.4053335000,7057,0.3410765641,53.9712890267,0.6656837919
25.4077304000,7058,0.3410765641,53.9712890267,0.6656837919
25.4096454000,7059,0.3410765641,53.9712890267,0.6656837919
25.4120086000,7060,0.3410765641,53.9712890267,0.6656837919
25.4140000000,7061,0.3410765641,53.9712890267,0.6656837919
25.4160913000,7062,0.3410765641,53.9712890267,0.6656837919
25.4179943000,7063,0.3410765641,53.9712890267,0.6656837919
25.4198882000,7064,0.3410765641,53.9712890267,0.6656837919
25.4217938000,7065,0.3410765641,53.9712890267,0.6656837919
25.4237084000,7066,0.3410765641,53.9712890267,0.6656837919
25.4255536000,7067,0.3410765641,53.9712890267,0.6656837919
25.4273966000,7068,0.3410765641,53.9712890267,0.6656837919
25.4292812000,7069,0.3410765641,53.9712890267,0.6656837919
25.4311155000,7070,0.3410765641,53.9712890267,0.6656837919
25.4333618000,7071,0.3410765641,53.9712890267,0.6656837919
25.4353008000,7072,0.3410765641,53.9712890267,0.6656837919
25.4371819000,7073,0.3410765641,53.9712890267,0.6656837919
25.4390715000,7074,0.3410765641,53.9712890267,0.6656837919
25.4409500000,7075,0.3410765641,53.9712890267,0.6656837919
25.4427814000,7076,0.3410765641,53.9712890267,0.6656837919
25.4447312000,7077,0.3410765641,53.9712890267,0.6656837919
25.4466403000,7078,0.3410765641,53.9712890267,0.6656837919
25.4488044000,7079,0.3410765641,53.9712890267,0.6656837919
25.4506971000,7080,0.3410765641,53.9712890267,0.6656837919
25.4525587000,7081,0.3410765641,53.9712890267,0.6656837919
25.4544750000,7082,0.3410765641,53.9712890267,0.6656837919
25.4564719000,7083,0.3410765641,53.9712890267,0.6656837919
25.4583914000,7084,0.3410765641,53.9712890267,0.6656837919
25.4602597000,7085,0.3410765641,53.9712890267,0.6656837919
25.4623731000,7086,0.3410765641,53.9712890267,0.6656837919
25.4642467000,7087,0.3410765641,53.9712890267,0.6656837919
25.4663296000,7088,0.3410765641,53.9712890267,0.6656837919
25.4682852000,7089,0.3410765641,53.9712890267,0.6656837919
25.4701631000,7090,0.3410765641,53.9712890267,0.6656837919
25.4720944000,7091,0.3410765641,53.9712890267,0.6656837919
25.4739426000,7092,0.3410765641,53.9712890267,0.6656837919
25.4757937000,7093,0.3410765641,53.9712890267,0.6656837919
25.4776404000,7094,0.3410765641,53.9712890267,0.6656837919
25.4796958000,7095,0.3410765641,53.9712890267,0.6656837919
25.4816339000,7096,0.3410765641,53.9712890267,0.6656837919
25.4834850000,7097,0.3410765641,53.9712890267,0.6656837919
25.4856512000,7098,0.3410765641,53.9712890267,0.6656837919
25.4877049000,7099,0.3410765641,53.9712890267,0.6656837919
25.4895886000,7100,0.3410765641,53.9712890267,0.6656837919
25.4915615000,7101,0.3410765641,53.9712890267,0.6656837919
25.4934172000,7102,0.3410765641,53.9712890267,0.6656837919
25.4956143000,7103,0.3410765641,53.9712890267,0.6656837919
25.4976429000,7104,0.3410765641,53.9712890267,0.6656837919
25.4996095000,7105,0.3410765641,53.9712890267,0.6656837919
25.5015133000,7106,0.3410765641,53.9712890267,0.6656837919
25.5034225000,7107,0.3410765641,53.9712890267,0.6656837919
25.5052762000,7108,0.3410765641,53.9712890267,0.6656837919
25.5072152000,7109,0.3410765641,53.9712890267,0.6656837919
25.5090541000,7110,0.3410765641,53.9712890267,0.6656837919
25.5108930000,7111,0.3410765641,53.9712890267,0.6656837919
25.5126924000,7112,0.3410765641,53.9712890267,0.6656837919
25.5148913000,7113,0.3410765641,53.9712890267,0.6656837919
25.5169027000,7114,0.3410765641,53.9712890267,0.6656837919
25.5190386000,7115,0.3410765641,53.9712890267,0.6656837919
25.5210893000,7116,0.3410765641,53.9712890267,0.6656837919
25.5229780000,7117,0.3410765641,53.9712890267,0.6656837919
25.5252886000,7118,0.3410765641,53.9712890267,0.6656837919
25.5274463000,7119,0.3410765641,53.9712890267,0.6656837919
25.5295332000,7120,0.3410765641,53.9712890267,0.6656837919
25.5314488000,7121,0.3410765641,53.9712890267,0.6656837919
25.5333441000,7122,0.3410765641,53.9712890267,0.6656837919
25.5351916000,7123,0.3410765641,53.9712890267,0.6656837919
25.5372057000,7124,0.3410765641,53.9712890267,0.6656837919
25.5392100000,7125,0.3410765641,53.9712890267,0.6656837919
25.5411316000,7126,0.3410765641,53.9712890267,0.6656837919
25.5430162000,7127,0.3410765641,53.9712890267,0.6656837919
25.5453809000,7128,0.3410765641,53.9712890267,0.6656837919
25.5473625000,7129,0.3410765641,53.9712890267,0.6656837919
25.5497149000,7130,0.3410765641,53.9712890267,0.6656837919
25.5516154000,7131,0.3410765641,53.9712890267,0.6656837919
25.5537062000,7132,0.3410765641,53.9712890267,0.6656837919
25.5556251000,7133,0.3410765641,53.9712890267,0.6656837919
25.5575179000,7134,0.3410765641,53.9712890267,0.6656837919
25.5594537000,7135,0.3410765641,53.9712890267,0.6656837919
25.5613588000,7136,0.3410765641,53.9712890267,0.6656837919
25.5633094000,7137,0.3410765641,53.9712890267,0.6656837919
25.5657886000,7138,0.3410765641,53.9712890267,0.6656837919
25.5677241000,7139,0.3410765641,53.9712890267,0.6656837919
25.5696263000,7140,0.3410765641,53.9712890267,0.6656837919
25.5715014000,7141,0.3410765641,53.9712890267,0.6656837919
25.5734307000,7142,0.3410765641,53.9712890267,0.6656837919
25.5752980000,7143,0.3410765641,53.9712890267,0.6656837919
25.5771382000,7144,0.3410765641,53.9712890267,0.6656837919
25.5791385000,7145,0.3410765641,53.9712890267,0.6656837919
25.5813797000,7146,0.3410765641,53.9712890267,0.6656837919
25.5833525000,7147,0.3410765641,53.9712890267,0.6656837919
25.5852170000,7148,0.3410765641,53.9712890267,0.6656837919
25.5872297000,7149,0.3410765641,53.9712890267,0.6656837919
25.5891210000,7150,0.3410765641,53.9712890267,0.6656837919
25.5910499000,7151,0.3410765641,53.9712890267,0.6656837919
25.5930941000,7152,0.3410765641,53.9712890267,0.6656837919
25.5951786000,7153,0.3410765641,53.9712890267,0.6656837919
25.5974579000,7154,0.3410765641,53.9712890267,0.6656837919
25.5994701000,7155,0.3410765641,53.9712890267,0.6656837919
25.6013999000,7156,0.3410765641,53.9712890267,0.6656837919
25.6032483000,7157,0.3410765641,53.9712890267,0.6656837919
25.6052993000,7158,0.3410765641,53.9712890267,0.6656837919
25.6072425000,7159,0.3410765641,53.9712890267,0.6656837919
25.6091316000,7160,0.3410765641,53.9712890267,0.6656837919
25.6110566000,7161,0.3410765641,53.9712890267,0.6656837919
25.6137134000,7162,0.3410765641,53.9712890267,0.6656837919
25.6158899000,7163,0.3410765641,53.9712890267,0.6656837919
25.6178579000,7164,0.3410765641,53.9712890267,0.6656837919
25.6197622000,7165,0.3410765641,53.9712890267,0.6656837919
25.6216751000,7166,0.3410765641,53.9712890267,0.6656837919
25.6235737000,7167,0.3410765641,53.9712890267,0.6656837919
25.6254380000,7168,0.3410765641,53.9712890267,0.6656837919
25.6273019000,7169,0.3410765641,53.9712890267,0.6656837919
25.6291401000,7170,0.3410765641,53.9712890267,0.6656837919
25.6309883000,7171,0.3410765641,53.9712890267,0.6656837919
25.6328179000,7172,0.3410765641,53.9712890267,0.6656837919
25.6346214000,7173,0.3410765641,53.9712890267,0.6656837919
25.6364834000,7174,0.3410765641,53.9712890267,0.6656837919
25.6383135000,7175,0.3410765641,53.9712890267,0.6656837919
25.6401600000,7176,0.3410765641,53.9712890267,0.6656837919
25.6421527000,7177,0.3410765641,53.9712890267,0.6656837919
25.6442666000,7178,0.3410765641,53.9712890267,0.6656837919
25.6462767000,7179,0.3410765641,53.9712890267,0.6656837919
25.6483172000,7180,0.3410765641,53.9712890267,0.6656837919
25.6504632000,7181,0.3410765641,53.9712890267,0.6656837919
25.6527962000,7182,0.3410765641,53.9712890267,0.6656837919
25.6547342000,7183,0.3410765641,53.9712890267,0.6656837919
25.6575036000,7184,0.3410765641,53.9712890267,0.6656837919
25.6615870000,7185,0.3410765641,53.9712890267,0.6656837919
25.6656815000,7186,0.3410765641,53.9712890267,0.6656837919
25.6697207000,7187,0.3410765641,53.9712890267,0.6656837919
25.6727100000,7188,0.3410765641,53.9712890267,0.6656837919
25.6773519000,7189,0.3410765641,53.9712890267,0.6656837919
25.6826223000,7190,0.3410765641,53.9712890267,0.6656837919
25.6866276000,7191,0.3410765641,53.9712890267,0.6656837919
25.6906018000,7192,0.3410765641,53.9712890267,0.6656837919
25.6940869000,7193,0.3410765641,53.9712890267,0.6656837919
25.6990083000,7194,0.3410765641,53.9712890267,0.6656837919
25.7034746000,7195,0.3410765641,53.9712890267,0.6656837919
25.7080146000,7196,0.3410765641,53.9712890267,0.6656837919
25.7125808000,7197,0.3410765641,53.9712890267,0.6656837919
25.7169314000,7198,0.3410765641,53.9712890267,0.6656837919
25.7213077000,7199,0.3410765641,53.9712890267,0.6656837919
25.7258901000,7200,0.3410765641,53.9712890267,0.6656837919
25.7308905000,7201,0.3410765641,53.9712890267,0.6656837919
25.7359188000,7202,0.3410765641,53.9712890267,0.6656837919
25.7406730000,7203,0.3410765641,53.9712890267,0.6656837919
25.7453056000,7204,0.3410765641,53.9712890267,0.6656837919
25.7499884000,7205,0.3410765641,53.9712890267,0.6656837919
25.7546508000,7206,0.3410765641,53.9712890267,0.6656837919
25.7593508000,7207,0.3410765641,53.9712890267,0.6656837919
25.7639547000,7208,0.3410765641,53.9712890267,0.6656837919
25.7686957000,7209,0.3410765641,53.9712890267,0.6656837919
25.7733150000,7210,0.3410765641,53.9712890267,0.6656837919
25.7777217000,7211,0.3410765641,53.9712890267,0.6656837919
25.7821789000,7212,0.3410765641,53.9712890267,0.6656837919
25.7867427000,7213,0.3410765641,53.9712890267,0.6656837919
25.7914049000,7214,0.3410765641,53.9712890267,0.6656837919
25.7961696000,7215,0.3410765641,53.9712890267,0.6656837919
25.8007650000,7216,0.3410765641,53.9712890267,0.6656837919
25.8053979000,7217,0.3410765641,53.9712890267,0.6656837919
25.8101274000,7218,0.3410765641,53.9712890267,0.6656837919
25.8147808000,7219,0.3410765641,53.9712890267,0.6656837919
25.8193023000,7220,0.3410765641,53.9712890267,0.6656837919
25.8244325000,7221,0.3410765641,53.9712890267,0.6656837919
25.8303773000,7222,0.3410765641,53.9712890267,0.6656837919
25.8360614000,7223,0.3410765641,53.9712890267,0.6656837919
25.8409864000,7224,0.3410765641,53.9712890267,0.6656837919
25.8458311000,7225,0.3410765641,53.9712890267,0.6656837919
25.8504854000,7226,0.3410765641,53.9712890267,0.6656837919
25.8561060000,7227,0.3410765641,53.9712890267,0.6656837919
25.8614865000,7228,0.3410765641,53.9712890267,0.6656837919
25.8663358000,7229,0.3410765641,53.9712890267,0.6656837919
25.8712235000,7230,0.3410765641,53.9712890267,0.6656837919
25.8762306000,7231,0.3410765641,53.9712890267,0.6656837919
25.8809275000,7232,0.3410765641,53.9712890267,0.6656837919
25.8855304000,7233,0.3410765641,53.9712890267,0.6656837919
25.8902670000,7234,0.3410765641,53.9712890267,0.6656837919
25.8942958000,7235,0.3410765641,53.9712890267,0.6656837919
25.8985038000,7236,0.3410765641,53.9712890267,0.6656837919
25.9027248000,7237,0.3410765641,53.9712890267,0.6656837919
25.9082528000,7238,0.3410765641,53.9712890267,0.6656837919
25.9136205000,7239,0.3410765641,53.9712890267,0.6656837919
25.9185609000,7240,0.3410765641,53.9712890267,0.6656837919
25.9233200000,7241,0.3410765641,53.9712890267,0.6656837919
25.9280421000,7242,0.3410765641,53.9712890267,0.6656837919
25.9325231000,7243,0.3410765641,53.9712890267,0.6656837919
25.9370090000,7244,0.3410765641,53.9712890267,0.6656837919
25.9406250000,7245,0.3410765641,53.9712890267,0.6656837919
25.9457002000,7246,0.3410765641,53.9712890267,0.6656837919
25.9513772000,7247,0.3410765641,53.9712890267,0.6656837919
25.9566823000,7248,0.3410765641,53.9712890267,0.6656837919
25.9614299000,7249,0.3410765641,53.9712890267,0.6656837919
25.9663339000,7250,0.3410765641,53.9712890267,0.6656837919
25.9719137000,7251,0.3410765641,53.9712890267,0.6656837919
25.9766941000,7252,0.3410765641,53.9712890267,0.6656837919
25.9800165000,7253,0.3410765641,53.9712890267,0.6656837919
25.9842526000,7254,0.3410765641,53.9712890267,0.6656837919
25.9881002000,7255,0.3410765641,53.9712890267,0.6656837919
25.9920766000,7256,0.3410765641,53.9712890267,0.6656837919
25.9969226000,7257,0.3410765641,53.9712890267,0.6656837919
26.0006217000,7258,0.3410765641,53.9712890267,0.6656837919
26.0056467000,7259,0.3410765641,53.9712890267,0.6656837919
26.0104563000,7260,0.3410765641,53.9712890267,0.6656837919
26.0144717000,7261,0.3410765641,53.9712890267,0.6656837919
26.0187871000,7262,0.3410765641,53.9712890267,0.6656837919
26.0241044000,7263,0.3410765641,53.9712890267,0.6656837919
26.0285323000,7264,0.3410765641,53.9712890267,0.6656837919
26.0330452000,7265,0.3410765641,53.9712890267,0.6656837919
26.0375960000,7266,0.3410765641,53.9712890267,0.6656837919
26.0419986000,7267,0.3410765641,53.9712890267,0.6656837919
26.0463714000,7268,0.3410765641,53.9712890267,0.6656837919
26.0508131000,7269,0.3410765641,53.9712890267,0.6656837919
26.0552223000,7270,0.3410765641,53.9712890267,0.6656837919
26.0596709000,7271,0.3410765641,53.9712890267,0.6656837919
26.0641689000,7272,0.3410765641,53.9712890267,0.6656837919
26.0685075000,7273,0.3410765641,53.9712890267,0.6656837919
26.0729641000,7274,0.3410765641,53.9712890267,0.6656837919
26.0777200000,7275,0.3410765641,53.9712890267,0.6656837919
26.0833808000,7276,0.3410765641,53.9712890267,0.6656837919
26.0886349000,7277,0.3410765641,53.9712890267,0.6656837919
26.0938919000,7278,0.3410765641,53.9712890267,0.6656837919
26.0986566000,7279,0.3410765641,53.9712890267,0.6656837919
26.1028244000,7280,0.3410765641,53.9712890267,0.6656837919
26.1068350000,7281,0.3410765641,53.9712890267,0.6656837919
26.1126352000,7282,0.3410765641,53.9712890267,0.6656837919
26.1166831000,7283,0.3410765641,53.9712890267,0.6656837919
26.1219353000,7284,0.3410765641,53.9712890267,0.6656837919
26.1263241000,7285,0.3410765641,53.9712890267,0.6656837919
26.1309044000,7286,0.3410765641,53.9712890267,0.6656837919
26.1355975000,7287,0.3410765641,53.9712890267,0.6656837919
26.1406069000,7288,0.3410765641,53.9712890267,0.6656837919
26.1448626000,7289,0.3410765641,53.9712890267,0.6656837919
26.1490736000,7290,0.3410765641,53.9712890267,0.6656837919
26.1535079000,7291,0.3410765641,53.9712890267,0.6656837919
26.1586154000,7292,0.3410765641,53.9712890267,0.6656837919
26.1631915000,7293,0.3410765641,53.9712890267,0.6656837919
26.1675966000,7294,0.3410765641,53.9712890267,0.6656837919
26.1720214000,7295,0.3410765641,53.9712890267,0.6656837919
26.1764999000,7296,0.3410765641,53.9712890267,0.6656837919
26.1809919000,7297,0.3410765641,53.9712890267,0.6656837919
26.1854509000,7298,0.3410765641,53.9712890267,0.6656837919
26.1900044000,7299,0.3410765641,53.9712890267,0.6656837919
26.1944627000,7300,0.3410765641,53.9712890267,0.6656837919
26.1990009000,7301,0.3410765641,53.9712890267,0.6656837919
26.2035152000,7302,0.3410765641,53.9712890267,0.6656837919
26.2079780000,7303,0.3410765641,53.9712890267,0.6656837919
26.2124291000,7304,0.3410765641,53.9712890267,0.6656837919
26.2167365000,7305,0.3410765641,53.9712890267,0.6656837919
26.2224486000,7306,0.3410765641,53.9712890267,0.6656837919
26.2273900000,7307,0.3410765641,53.9712890267,0.6656837919
26.2305215000,7308,0.3410765641,53.9712890267,0.6656837919
26.2349782000,7309,0.3410765641,53.9712890267,0.6656837919
26.2387855000,7310,0.3410765641,53.9712890267,0.6656837919
26.2433303000,7311,0.3410765641,53.9712890267,0.6656837919
26.2477888000,7312,0.3410765641,53.9712890267,0.6656837919
26.2528211000,7313,0.3410765641,53.9712890267,0.6656837919
26.2570758000,7314,0.3410765641,53.9712890267,0.6656837919
26.2620985000,7315,0.3410765641,53.9712890267,0.6656837919
26.2666693000,7316,0.3410765641,53.9712890267,0.6656837919
26.2714126000,7317,0.3410765641,53.9712890267,0.6656837919
26.2755048000,7318,0.3410765641,53.9712890267,0.6656837919
26.2788455000,7319,0.3410765641,53.9712890267,0.6656837919
26.2838463000,7320,0.3410765641,53.9712890267,0.6656837919
26.2883213000,7321,0.3410765641,53.9712890267,0.6656837919
26.2943512000,7322,0.3410765641,53.9712890267,0.6656837919
26.2983798000,7323,0.3410765641,53.9712890267,0.6656837919
26.3033531000,7324,0.3410765641,53.9712890267,0.6656837919
26.3077251000,7325,0.3410765641,53.9712890267,0.6656837919
26.3125539000,7326,0.3410765641,53.9712890267,0.6656837919
26.3182355000,7327,0.3410765641,53.9712890267,0.6656837919
26.3233419000,7328,0.3410765641,53.9712890267,0.6656837919
26.3284813000,7329,0.3410765641,53.9712890267,0.6656837919
26.3329107000,7330,0.3410765641,53.9712890267,0.6656837919
26.3371907000,7331,0.3410765641,53.9712890267,0.6656837919
26.3415193000,7332,0.3410765641,53.9712890267,0.6656837919
26.3458194000,7333,0.3410765641,53.9712890267,0.6656837919
26.3500036000,7334,0.3410765641,53.9712890267,0.6656837919
26.3539496000,7335,0.3410765641,53.9712890267,0.6656837919
26.3584004000,7336,0.3410765641,53.9712890267,0.6656837919
26.3633394000,7337,0.3410765641,53.9712890267,0.6656837919
26.3675115000,7338,0.3410765641,53.9712890267,0.6656837919
26.3717392000,7339,0.3410765641,53.9712890267,0.6656837919
26.3758047000,7340,0.3410765641,53.9712890267,0.6656837919
26.3806566000,7341,0.3410765641,53.9712890267,0.6656837919
26.3853386000,7342,0.3410765641,53.9712890267,0.6656837919
26.3899512000,7343,0.3410765641,53.9712890267,0.6656837919
26.3949559000,7344,0.3410765641,53.9712890267,0.6656837919
26.3995012000,7345,0.3410765641,53.9712890267,0.6656837919
26.4038112000,7346,0.3410765641,53.9712890267,0.6656837919
26.4081287000,7347,0.3410765641,53.9712890267,0.6656837919
26.4130696000,7348,0.3410765641,53.9712890267,0.6656837919
26.4181563000,7349,0.3410765641,53.9712890267,0.6656837919
26.4234066000,7350,0.3410765641,53.9712890267,0.6656837919
26.4277542000,7351,0.3410765641,53.9712890267,0.6656837919
26.4316803000,7352,0.3410765641,53.9712890267,0.6656837919
26.4365267000,7353,0.3410765641,53.9712890267,0.6656837919
26.4413275000,7354,0.3410765641,53.9712890267,0.6656837919
26.4454172000,7355,0.3410765641,53.9712890267,0.6656837919
26.4500367000,7356,0.3410765641,53.9712890267,0.6656837919
26.4539035000,7357,0.3410765641,53.9712890267,0.6656837919
26.4576210000,7358,0.3410765641,53.9712890267,0.6656837919
26.4618630000,7359,0.3410765641,53.9712890267,0.6656837919
26.4661553000,7360,0.3410765641,53.9712890267,0.6656837919
26.4707855000,7361,0.3410765641,53.9712890267,0.6656837919
26.4758613000,7362,0.3410765641,53.9712890267,0.6656837919
26.4805964000,7363,0.3410765641,53.9712890267,0.6656837919
26.4854177000,7364,0.3410765641,53.9712890267,0.6656837919
26.4900311000,7365,0.3410765641,53.9712890267,0.6656837919
26.4949822000,7366,0.3410765641,53.9712890267,0.6656837919
26.4997888000,7367,0.3410765641,53.9712890267,0.6656837919
26.5046361000,7368,0.3410765641,53.9712890267,0.6656837919
26.5091839000,7369,0.3410765641,53.9712890267,0.6656837919
26.5135811000,7370,0.3410765641,53.9712890267,0.6656837919
26.5177325000,7371,0.3410765641,53.9712890267,0.6656837919
26.5208395000,7372,0.3410765641,53.9712890267,0.6656837919
26.5255703000,7373,0.3410765641,53.9712890267,0.6656837919
26.5299625000,7374,0.3410765641,53.9712890267,0.6656837919
26.5344759000,7375,0.3410765641,53.9712890267,0.6656837919
26.5388965000,7376,0.3410765641,53.9712890267,0.6656837919
26.5432565000,7377,0.3410765641,53.9712890267,0.6656837919
26.5478486000,7378,0.3410765641,53.9712890267,0.6656837919
26.5523861000,7379,0.3410765641,53.9712890267,0.6656837919
26.5565368000,7380,0.3410765641,53.9712890267,0.6656837919
26.5607220000,7381,0.3410765641,53.9712890267,0.6656837919
26.5649928000,7382,0.3410765641,53.9712890267,0.6656837919
26.5694609000,7383,0.3410765641,53.9712890267,0.6656837919
26.5739650000,7384,0.3410765641,53.9712890267,0.6656837919
26.5783655000,7385,0.3410765641,53.9712890267,0.6656837919
26.5830371000,7386,0.3410765641,53.9712890267,0.6656837919
26.5872177000,7387,0.3410765641,53.9712890267,0.6656837919
26.5917429000,7388,0.3410765641,53.9712890267,0.6656837919
26.5963753000,7389,0.3410765641,53.9712890267,0.6656837919
26.6008565000,7390,0.3410765641,53.9712890267,0.6656837919
26.6058814000,7391,0.3410765641,53.9712890267,0.6656837919
26.6105835000,7392,0.3410765641,53.9712890267,0.6656837919
26.6149429000,7393,0.3410765641,53.9712890267,0.6656837919
26.6192918000,7394,0.3410765641,53.9712890267,0.6656837919
26.6234792000,7395,0.3410765641,53.9712890267,0.6656837919
26.6276435000,7396,0.3410765641,53.9712890267,0.6656837919
26.6318518000,7397,0.3410765641,53.9712890267,0.6656837919
26.6359960000,7398,0.3410765641,53.9712890267,0.6656837919
26.6409686000,7399,0.3410765641,53.9712890267,0.6656837919
26.6447138000,7400,0.3410765641,53.9712890267,0.6656837919
26.6491852000,7401,0.3410765641,53.9712890267,0.6656837919
26.6541038000,7402,0.3410765641,53.9712890267,0.6656837919
26.6590466000,7403,0.3410765641,53.9712890267,0.6656837919
26.6633122000,7404,0.3410765641,53.9712890267,0.6656837919
26.6676953000,7405,0.3410765641,53.9712890267,0.6656837919
26.6720135000,7406,0.3410765641,53.9712890267,0.6656837919
26.6763828000,7407,0.3410765641,53.9712890267,0.6656837919
26.6805237000,7408,0.3410765641,53.9712890267,0.6656837919
26.6842750000,7409,0.3410765641,53.9712890267,0.6656837919
26.6870248000,7410,0.3410765641,53.9712890267,0.6656837919
26.6919539000,7411,0.3410765641,53.9712890267,0.6656837919
26.6971370000,7412,0.3410765641,53.9712890267,0.6656837919
26.7007218000,7413,0.3410765641,53.9712890267,0.6656837919
26.7056642000,7414,0.3410765641,53.9712890267,0.6656837919
26.7101573000,7415,0.3410765641,53.9712890267,0.6656837919
26.7150370000,7416,0.3410765641,53.9712890267,0.6656837919
26.7189256000,7417,0.3410765641,53.9712890267,0.6656837919
26.7229615000,7418,0.3410765641,53.9712890267,0.6656837919
26.7277649000,7419,0.3410765641,53.9712890267,0.6656837919
26.7316308000,7420,0.3410765641,53.9712890267,0.6656837919
26.7362167000,7421,0.3410765641,53.9712890267,0.6656837919
26.7405074000,7422,0.3410765641,53.9712890267,0.6656837919
26.7448138000,7423,0.3410765641,53.9712890267,0.6656837919
26.7491058000,7424,0.3410765641,53.9712890267,0.6656837919
26.7533299000,7425,0.3410765641,53.9712890267,0.6656837919
26.7575509000,7426,0.3410765641,53.9712890267,0.6656837919
26.7618465000,7427,0.3410765641,53.9712890267,0.6656837919
26.7660997000,7428,0.3410765641,53.9712890267,0.6656837919
26.7703891000,7429,0.3410765641,53.9712890267,0.6656837919
26.7746165000,7430,0.3410765641,53.9712890267,0.6656837919
26.7787997000,7431,0.3410765641,53.9712890267,0.6656837919
26.7832002000,7432,0.3410765641,53.9712890267,0.6656837919
26.7878810000,7433,0.3410765641,53.9712890267,0.6656837919
26.7934513000,7434,0.3410765641,53.9712890267,0.6656837919
26.7987425000,7435,0.3410765641,53.9712890267,0.6656837919
26.8026973000,7436,0.3410765641,53.9712890267,0.6656837919
26.8067252000,7437,0.3410765641,53.9712890267,0.6656837919
26.8106599000,7438,0.3410765641,53.9712890267,0.6656837919
26.8161932000,7439,0.3410765641,53.9712890267,0.6656837919
26.8204578000,7440,0.3410765641,53.9712890267,0.6656837919
26.8249167000,7441,0.3410765641,53.9712890267,0.6656837919
26.8295397000,7442,0.3410765641,53.9712890267,0.6656837919
26.8343968000,7443,0.3410765641,53.9712890267,0.6656837919
26.8394781000,7444,0.3410765641,53.9712890267,0.6656837919
26.8443533000,7445,0.3410765641,53.9712890267,0.6656837919
26.8491722000,7446,0.3410765641,53.9712890267,0.6656837919
26.8540814000,7447,0.3410765641,53.9712890267,0.6656837919
26.8585444000,7448,0.3410765641,53.9712890267,0.6656837919
26.8636419000,7449,0.3410765641,53.9712890267,0.6656837919
26.8685740000,7450,0.3410765641,53.9712890267,0.6656837919
26.8736972000,7451,0.3410765641,53.9712890267,0.6656837919
26.8777596000,7452,0.3410765641,53.9712890267,0.6656837919
26.8829907000,7453,0.3410765641,53.9712890267,0.6656837919
26.8879224000,7454,0.3410765641,53.9712890267,0.6656837919
26.8924548000,7455,0.3410765641,53.9712890267,0.6656837919
26.8967747000,7456,0.3410765641,53.9712890267,0.6656837919
26.9010502000,7457,0.3410765641,53.9712890267,0.6656837919
26.9053253000,7458,0.3410765641,53.9712890267,0.6656837919
26.9095587000,7459,0.3410765641,53.9712890267,0.6656837919
26.9137848000,7460,0.3410765641,53.9712890267,0.6656837919
26.9179623000,7461,0.3410765641,53.9712890267,0.6656837919
26.9223201000,7462,0.3410765641,53.9712890267,0.6656837919
26.9265741000,7463,0.3410765641,53.9712890267,0.6656837919
26.9307829000,7464,0.3410765641,53.9712890267,0.6656837919
26.9350508000,7465,0.3410765641,53.9712890267,0.6656837919
26.9392381000,7466,0.3410765641,53.9712890267,0.6656837919
26.9433415000,7467,0.3410765641,53.9712890267,0.6656837919
26.9475098000,7468,0.3410765641,53.9712890267,0.6656837919
26.9517499000,7469,0.3410765641,53.9712890267,0.6656837919
26.9559507000,7470,0.3410765641,53.9712890267,0.6656837919
26.9602032000,7471,0.3410765641,53.9712890267,0.6656837919
26.9643864000,7472,0.3410765641,53.9712890267,0.6656837919
26.9685165000,7473,0.3410765641,53.9712890267,0.6656837919
26.9727114000,7474,0.3410765641,53.9712890267,0.6656837919
26.9774251000,7475,0.3410765641,53.9712890267,0.6656837919
26.9816994000,7476,0.3410765641,53.9712890267,0.6656837919
26.9840731000,7477,0.3410765641,53.9712890267,0.6656837919
26.9890528000,7478,0.3410765641,53.9712890267,0.6656837919
26.9934697000,7479,0.3410765641,53.9712890267,0.6656837919
26.9977662000,7480,0.3410765641,53.9712890267,0.6656837919
27.0019921000,7481,0.3410765641,53.9712890267,0.6656837919
27.0062227000,7482,0.3410765641,53.9712890267,0.6656837919
27.0103841000,7483,0.3410765641,53.9712890267,0.6656837919
27.0146668000,7484,0.3410765641,53.9712890267,0.6656837919
27.0182259000,7485,0.3410765641,53.9712890267,0.6656837919
27.0224942000,7486,0.3410765641,53.9712890267,0.6656837919
27.0270907000,7487,0.3410765641,53.9712890267,0.6656837919
27.0313626000,7488,0.3410765641,53.9712890267,0.6656837919
27.0356353000,7489,0.3410765641,53.9712890267,0.6656837919
27.0398887000,7490,0.3410765641,53.9712890267,0.6656837919
27.0442106000,7491,0.3410765641,53.9712890267,0.6656837919
27.0484055000,7492,0.3410765641,53.9712890267,0.6656837919
27.0525413000,7493,0.3410765641,53.9712890267,0.6656837919
27.0568239000,7494,0.3410765641,53.9712890267,0.6656837919
27.0611197000,7495,0.3410765641,53.9712890267,0.6656837919
27.0654467000,7496,0.3410765641,53.9712890267,0.6656837919
27.0697891000,7497,0.3410765641,53.9712890267,0.6656837919
27.0740573000,7498,0.3410765641,53.9712890267,0.6656837919
27.0783007000,7499,0.3410765641,53.9712890267,0.6656837919
27.0825056000,7500,0.3410765641,53.9712890267,0.6656837919
27.0869015000,7501,0.3410765641,53.9712890267,0.6656837919
27.0911896000,7502,0.3410765641,53.9712890267,0.6656837919
27.0953804000,7503,0.3410765641,53.9712890267,0.6656837919
27.0995803000,7504,0.3410765641,53.9712890267,0.6656837919
27.1037715000,7505,0.3410765641,53.9712890267,0.6656837919
27.1077794000,7506,0.3410765641,53.9712890267,0.6656837919
27.1128548000,7507,0.3410765641,53.9712890267,0.6656837919
27.1167283000,7508,0.3410765641,53.9712890267,0.6656837919
27.1215282000,7509,0.3410765641,53.9712890267,0.6656837919
27.1257900000,7510,0.3410765641,53.9712890267,0.6656837919
27.1302378000,7511,0.3410765641,53.9712890267,0.6656837919
27.1337938000,7512,0.3410765641,53.9712890267,0.6656837919
27.1385528000,7513,0.3410765641,53.9712890267,0.6656837919
27.1426535000,7514,0.3410765641,53.9712890267,0.6656837919
27.1474540000,7515,0.3410765641,53.9712890267,0.6656837919
27.1514638000,7516,0.3410765641,53.9712890267,0.6656837919
27.1557581000,7517,0.3410765641,53.9712890267,0.6656837919
27.1605528000,7518,0.3410765641,53.9712890267,0.6656837919
27.1646867000,7519,0.3410765641,53.9712890267,0.6656837919
27.1692901000,7520,0.3410765641,53.9712890267,0.6656837919
27.1734857000,7521,0.3410765641,53.9712890267,0.6656837919
27.1771958000,7522,0.3410765641,53.9712890267,0.6656837919
27.1823376000,7523,0.3410765641,53.9712890267,0.6656837919
27.1867997000,7524,0.3410765641,53.9712890267,0.6656837919
27.1912386000,7525,0.3410765641,53.9712890267,0.6656837919
27.1961062000,7526,0.3410765641,53.9712890267,0.6656837919
27.1996022000,7527,0.3410765641,53.9712890267,0.6656837919
27.2045372000,7528,0.3410765641,53.9712890267,0.6656837919
27.2087918000,7529,0.3410765641,53.9712890267,0.6656837919
27.2138815000,7530,0.3410765641,53.9712890267,0.6656837919
27.2174648000,7531,0.3410765641,53.9712890267,0.6656837919
27.2220289000,7532,0.3410765641,53.9712890267,0.6656837919
27.2269911000,7533,0.3410765641,53.9712890267,0.6656837919
27.2298673000,7534,0.3410765641,53.9712890267,0.6656837919
27.2360511000,7535,0.3410765641,53.9712890267,0.6656837919
27.2398990000,7536,0.3410765641,53.9712890267,0.6656837919
27.2441848000,7537,0.3410765641,53.9712890267,0.6656837919
27.2486322000,7538,0.3410765641,53.9712890267,0.6656837919
27.2529169000,7539,0.3410765641,53.9712890267,0.6656837919
27.2577332000,7540,0.3410765641,53.9712890267,0.6656837919
27.2630660000,7541,0.3410765641,53.9712890267,0.6656837919
27.2675544000,7542,0.3410765641,53.9712890267,0.6656837919
27.2720522000,7543,0.3410765641,53.9712890267,0.6656837919
27.2768442000,7544,0.3410765641,53.9712890267,0.6656837919
27.2820675000,7545,0.3410765641,53.9712890267,0.6656837919
27.2868736000,7546,0.3410765641,53.9712890267,0.6656837919
27.2912241000,7547,0.3410765641,53.9712890267,0.6656837919
27.2952312000,7548,0.3410765641,53.9712890267,0.6656837919
27.2998323000,7549,0.3410765641,53.9712890267,0.6656837919
27.3048957000,7550,0.3410765641,53.9712890267,0.6656837919
27.3100460000,7551,0.3410765641,53.9712890267,0.6656837919
27.3153941000,7552,0.3410765641,53.9712890267,0.6656837919
27.3207160000,7553,0.3410765641,53.9712890267,0.6656837919
27.3255733000,7554,0.3410765641,53.9712890267,0.6656837919
27.3304880000,7555,0.3410765641,53.9712890267,0.6656837919
27.3348360000,7556,0.3410765641,53.9712890267,0.6656837919
27.3393506000,7557,0.3410765641,53.9712890267,0.6656837919
27.3438651000,7558,0.3410765641,53.9712890267,0.6656837919
27.3486501000,7559,0.3410765641,53.9712890267,0.6656837919
27.3530915000,7560,0.3410765641,53.9712890267,0.6656837919
27.3574018000,7561,0.3410765641,53.9712890267,0.6656837919
27.3617768000,7562,0.3410765641,53.9712890267,0.6656837919
27.3659886000,7563,0.3410765641,53.9712890267,0.6656837919
27.3702857000,7564,0.3410765641,53.9712890267,0.6656837919
27.3744415000,7565,0.3410765641,53.9712890267,0.6656837919
27.3790219000,7566,0.3410765641,53.9712890267,0.6656837919
27.3836534000,7567,0.3410765641,53.9712890267,0.6656837919
27.3878836000,7568,0.3410765641,53.9712890267,0.6656837919
27.3918667000,7569,0.3410765641,53.9712890267,0.6656837919
27.3975244000,7570,0.3410765641,53.9712890267,0.6656837919
27.4022220000,7571,0.3410765641,53.9712890267,0.6656837919
27.4065136000,7572,0.3410765641,53.9712890267,0.6656837919
27.4115221000,7573,0.3410765641,53.9712890267,0.6656837919
27.4158307000,7574,0.3410765641,53.9712890267,0.6656837919
27.4195261000,7575,0.3410765641,53.9712890267,0.6656837919
27.4235723000,7576,0.3410765641,53.9712890267,0.6656837919
27.4283972000,7577,0.3410765641,53.9712890267,0.6656837919
27.4334442000,7578,0.3410765641,53.9712890267,0.6656837919
27.4383046000,7579,0.3410765641,53.9712890267,0.6656837919
27.4428761000,7580,0.3410765641,53.9712890267,0.6656837919
27.4474625000,7581,0.3410765641,53.9712890267,0.6656837919
27.4517636000,7582,0.3410765641,53.9712890267,0.6656837919
27.4560584000,7583,0.3410765641,53.9712890267,0.6656837919
27.4607785000,7584,0.3410765641,53.9712890267,0.6656837919
27.4650482000,7585,0.3410765641,53.9712890267,0.6656837919
27.4695407000,7586,0.3410765641,53.9712890267,0.6656837919
27.4742469000,7587,0.3410765641,53.9712890267,0.6656837919
27.4790793000,7588,0.3410765641,53.9712890267,0.6656837919
27.4828804000,7589,0.3410765641,53.9712890267,0.6656837919
27.4885496000,7590,0.3410765641,53.9712890267,0.6656837919
27.4932318000,7591,0.3410765641,53.9712890267,0.6656837919
27.4980351000,7592,0.3410765641,53.9712890267,0.6656837919
27.5022608000,7593,0.3410765641,53.9712890267,0.6656837919
27.5064946000,7594,0.3410765641,53.9712890267,0.6656837919
27.5108315000,7595,0.3410765641,53.9712890267,0.6656837919
27.5150844000,7596,0.3410765641,53.9712890267,0.6656837919
27.5193693000,7597,0.3410765641,53.9712890267,0.6656837919
27.5237902000,7598,0.3410765641,53.9712890267,0.6656837919
27.5279490000,7599,0.3410765641,53.9712890267,0.6656837919
27.5321158000,7600,0.3410765641,53.9712890267,0.6656837919
27.5365607000,7601,0.3410765641,53.9712890267,0.6656837919
27.5407658000,7602,0.3410765641,53.9712890267,0.6656837919
27.5454238000,7603,0.3410765641,53.9712890267,0.6656837919
27.5498924000,7604,0.3410765641,53.9712890267,0.6656837919
27.5544286000,7605,0.3410765641,53.9712890267,0.6656837919
27.5591352000,7606,0.3410765641,53.9712890267,0.6656837919
27.5638311000,7607,0.3410765641,53.9712890267,0.6656837919
27.5687325000,7608,0.3410765641,53.9712890267,0.6656837919
27.5727940000,7609,0.3410765641,53.9712890267,0.6656837919
27.5775639000,7610,0.3410765641,53.9712890267,0.6656837919
27.5821706000,7611,0.3410765641,53.9712890267,0.6656837919
27.5868930000,7612,0.3410765641,53.9712890267,0.6656837919
27.5911453000,7613,0.3410765641,53.9712890267,0.6656837919
27.5954606000,7614,0.3410765641,53.9712890267,0.6656837919
27.5990596000,7615,0.3410765641,53.9712890267,0.6656837919
27.6038028000,7616,0.3410765641,53.9712890267,0.6656837919
27.6082477000,7617,0.3410765641,53.9712890267,0.6656837919
27.6127728000,7618,0.3410765641,53.9712890267,0.6656837919
27.6172663000,7619,0.3410765641,53.9712890267,0.6656837919
27.6216791000,7620,0.3410765641,53.9712890267,0.6656837919
27.6266543000,7621,0.3410765641,53.9712890267,0.6656837919
27.6329449000,7622,0.3410765641,53.9712890267,0.6656837919
27.6388364000,7623,0.3410765641,53.9712890267,0.6656837919
27.6438897000,7624,0.3410765641,53.9712890267,0.6656837919
27.6494182000,7625,0.3410765641,53.9712890267,0.6656837919
27.6539262000,7626,0.3410765641,53.9712890267,0.6656837919
27.6574267000,7627,0.3410765641,53.9712890267,0.6656837919
27.6630939000,7628,0.3410765641,53.9712890267,0.6656837919
27.6675667000,7629,0.3410765641,53.9712890267,0.6656837919
27.6718421000,7630,0.3410765641,53.9712890267,0.6656837919
27.6761541000,7631,0.3410765641,53.9712890267,0.6656837919
27.6803458000,7632,0.3410765641,53.9712890267,0.6656837919
27.6850648000,7633,0.3410765641,53.9712890267,0.6656837919
27.6898694000,7634,0.3410765641,53.9712890267,0.6656837919
27.6950649000,7635,0.3410765641,53.9712890267,0.6656837919
27.7018828000,7636,0.3410765641,53.9712890267,0.6656837919
27.7062661000,7637,0.3410765641,53.9712890267,0.6656837919
27.7105721000,7638,0.3410765641,53.9712890267,0.6656837919
27.7155710000,7639,0.3410765641,53.9712890267,0.6656837919
27.7211264000,7640,0.3410765641,53.9712890267,0.6656837919
27.7260602000,7641,0.3410765641,53.9712890267,0.6656837919
27.7318230000,7642,0.3410765641,53.9712890267,0.6656837919
27.7375919000,7643,0.3410765641,53.9712890267,0.6656837919
27.7424126000,7644,0.3410765641,53.9712890267,0.6656837919
27.7473963000,7645,0.3410765641,53.9712890267,0.6656837919
27.7538599000,7646,0.3410765641,53.9712890267,0.6656837919
27.7592569000,7647,0.3410765641,53.9712890267,0.6656837919
27.7646660000,7648,0.3410765641,53.9712890267,0.6656837919
27.7704376000,7649,0.3410765641,53.9712890267,0.6656837919
27.7770012000,7650,0.3410765641,53.9712890267,0.6656837919
27.7822648000,7651,0.3410765641,53.9712890267,0.6656837919
27.7874996000,7652,0.3410765641,53.9712890267,0.6656837919
27.7926200000,7653,0.3410765641,53.9712890267,0.6656837919
27.7971400000,7654,0.3410765641,53.9712890267,0.6656837919
27.8024907000,7655,0.3410765641,53.9712890267,0.6656837919
27.8068855000,7656,0.3410765641,53.9712890267,0.6656837919
27.8113456000,7657,0.3410765641,53.9712890267,0.6656837919
27.8151603000,7658,0.3410765641,53.9712890267,0.6656837919
27.8192184000,7659,0.3410765641,53.9712890267,0.6656837919
27.8241272000,7660,0.3410765641,53.9712890267,0.6656837919
27.8284785000,7661,0.3410765641,53.9712890267,0.6656837919
27.8332633000,7662,0.3410765641,53.9712890267,0.6656837919
27.8383024000,7663,0.3410765641,53.9712890267,0.6656837919
27.8431815000,7664,0.3410765641,53.9712890267,0.6656837919
27.8475145000,7665,0.3410765641,53.9712890267,0.6656837919
27.8519026000,7666,0.3410765641,53.9712890267,0.6656837919
27.8561055000,7667,0.3410765641,53.9712890267,0.6656837919
27.8617549000,7668,0.3410765641,53.9712890267,0.6656837919
27.8663083000,7669,0.3410765641,53.9712890267,0.6656837919
27.8705753000,7670,0.3410765641,53.9712890267,0.6656837919
27.8753974000,7671,0.3410765641,53.9712890267,0.6656837919
27.8798060000,7672,0.3410765641,53.9712890267,0.6656837919
27.8845116000,7673,0.3410765641,53.9712890267,0.6656837919
27.8893413000,7674,0.3410765641,53.9712890267,0.6656837919
27.8950301000,7675,0.3410765641,53.9712890267,0.6656837919
27.9005201000,7676,0.3410765641,53.9712890267,0.6656837919
27.9052285000,7677,0.3410765641,53.9712890267,0.6656837919
27.9099732000,7678,0.3410765641,53.9712890267,0.6656837919
27.9143774000,7679,0.3410765641,53.9712890267,0.6656837919
27.9183840000,7680,0.3410765641,53.9712890267,0.6656837919
27.9231631000,7681,0.3410765641,53.9712890267,0.6656837919
27.9275537000,7682,0.3410765641,53.9712890267,0.6656837919
27.9321159000,7683,0.3410765641,53.9712890267,0.6656837919
27.9386209000,7684,0.3410765641,53.9712890267,0.6656837919
27.9439547000,7685,0.3410765641,53.9712890267,0.6656837919
27.9485939000,7686,0.3410765641,53.9712890267,0.6656837919
27.9523121000,7687,0.3410765641,53.9712890267,0.6656837919
27.9576292000,7688,0.3410765641,53.9712890267,0.6656837919
27.9628803000,7689,0.3410765641,53.9712890267,0.6656837919
27.9672261000,7690,0.3410765641,53.9712890267,0.6656837919
27.9715638000,7691,0.3410765641,53.9712890267,0.6656837919
27.9758324000,7692,0.3410765641,53.9712890267,0.6656837919
27.9809557000,7693,0.3410765641,53.9712890267,0.6656837919
27.9860548000,7694,0.3410765641,53.9712890267,0.6656837919
27.9922077000,7695,0.3410765641,53.9712890267,0.6656837919
27.9971180000,7696,0.3410765641,53.9712890267,0.6656837919
28.0021133000,7697,0.3410765641,53.9712890267,0.6656837919
28.0066137000,7698,0.3410765641,53.9712890267,0.6656837919
28.0108049000,7699,0.3410765641,53.9712890267,0.6656837919
28.0153573000,7700,0.3410765641,53.9712890267,0.6656837919
28.0203378000,7701,0.3410765641,53.9712890267,0.6656837919
28.0253875000,7702,0.3410765641,53.9712890267,0.6656837919
28.0303748000,7703,0.3410765641,53.9712890267,0.6656837919
28.0347582000,7704,0.3410765641,53.9712890267,0.6656837919
28.0391421000,7705,0.3410765641,53.9712890267,0.6656837919
28.0435001000,7706,0.3410765641,53.9712890267,0.6656837919
28.0481010000,7707,0.3410765641,53.9712890267,0.6656837919
28.0526145000,7708,0.3410765641,53.9712890267,0.6656837919
28.0578673000,7709,0.3410765641,53.9712890267,0.6656837919
28.0625896000,7710,0.3410765641,53.9712890267,0.6656837919
28.0674071000,7711,0.3410765641,53.9712890267,0.6656837919
28.0720704000,7712,0.3410765641,53.9712890267,0.6656837919
28.0757658000,7713,0.3410765641,53.9712890267,0.6656837919
28.0804619000,7714,0.3410765641,53.9712890267,0.6656837919
28.0857327000,7715,0.3410765641,53.9712890267,0.6656837919
28.0900932000,7716,0.3410765641,53.9712890267,0.6656837919
28.0959593000,7717,0.3410765641,53.9712890267,0.6656837919
28.1007104000,7718,0.3410765641,53.9712890267,0.6656837919
28.1064533000,7719,0.3410765641,53.9712890267,0.6656837919
28.1114029000,7720,0.3410765641,53.9712890267,0.6656837919
28.1161126000,7721,0.3410765641,53.9712890267,0.6656837919
28.1203886000,7722,0.3410765641,53.9712890267,0.6656837919
28.1252140000,7723,0.3410765641,53.9712890267,0.6656837919
28.1302604000,7724,0.3410765641,53.9712890267,0.6656837919
28.1352413000,7725,0.3410765641,53.9712890267,0.6656837919
28.1393311000,7726,0.3410765641,53.9712890267,0.6656837919
28.1448713000,7727,0.3410765641,53.9712890267,0.6656837919
28.1489136000,7728,0.3410765641,53.9712890267,0.6656837919
28.1535022000,7729,0.3410765641,53.9712890267,0.6656837919
28.1578362000,7730,0.3410765641,53.9712890267,0.6656837919
28.1624011000,7731,0.3410765641,53.9712890267,0.6656837919
28.1665646000,7732,0.3410765641,53.9712890267,0.6656837919
28.1710621000,7733,0.3410765641,53.9712890267,0.6656837919
28.1749729000,7734,0.3410765641,53.9712890267,0.6656837919
28.1798589000,7735,0.3410765641,53.9712890267,0.6656837919
28.1848891000,7736,0.3410765641,53.9712890267,0.6656837919
28.1890795000,7737,0.3410765641,53.9712890267,0.6656837919
28.1933768000,7738,0.3410765641,53.9712890267,0.6656837919
28.1976183000,7739,0.3410765641,53.9712890267,0.6656837919
28.2018931000,7740,0.3410765641,53.9712890267,0.6656837919
28.2061671000,7741,0.3410765641,53.9712890267,0.6656837919
28.2103940000,7742,0.3410765641,53.9712890267,0.6656837919
28.2151397000,7743,0.3410765641,53.9712890267,0.6656837919
28.2201688000,7744,0.3410765641,53.9712890267,0.6656837919
28.2255671000,7745,0.3410765641,53.9712890267,0.6656837919
28.2298674000,7746,0.3410765641,53.9712890267,0.6656837919
28.2347143000,7747,0.3410765641,53.9712890267,0.6656837919
28.2395015000,7748,0.3410765641,53.9712890267,0.6656837919
28.2457120000,7749,0.3410765641,53.9712890267,0.6656837919
28.2504856000,7750,0.3410765641,53.9712890267,0.6656837919
28.2552243000,7751,0.3410765641,53.9712890267,0.6656837919
28.2601345000,7752,0.3410765641,53.9712890267,0.6656837919
28.2650651000,7753,0.3410765641,53.9712890267,0.6656837919
28.2693850000,7754,0.3410765641,53.9712890267,0.6656837919
28.2738374000,7755,0.3410765641,53.9712890267,0.6656837919
28.2783048000,7756,0.3410765641,53.9712890267,0.6656837919
28.2836367000,7757,0.3410765641,53.9712890267,0.6656837919
28.2882088000,7758,0.3410765641,53.9712890267,0.6656837919
28.2924435000,7759,0.3410765641,53.9712890267,0.6656837919
28.2967317000,7760,0.3410765641,53.9712890267,0.6656837919
28.3020235000,7761,0.3410765641,53.9712890267,0.6656837919
28.3078304000,7762,0.3410765641,53.9712890267,0.6656837919
28.3126683000,7763,0.3410765641,53.9712890267,0.6656837919
28.3190031000,7764,0.3410765641,53.9712890267,0.6656837919
28.3238620000,7765,0.3410765641,53.9712890267,0.6656837919
28.3286148000,7766,0.3410765641,53.9712890267,0.6656837919
28.3328838000,7767,0.3410765641,53.9712890267,0.6656837919
28.3379036000,7768,0.3410765641,53.9712890267,0.6656837919
28.3436075000,7769,0.3410765641,53.9712890267,0.6656837919
28.3496666000,7770,0.3410765641,53.9712890267,0.6656837919
28.3547026000,7771,0.3410765641,53.9712890267,0.6656837919
28.3596947000,7772,0.3410765641,53.9712890267,0.6656837919
28.3646910000,7773,0.3410765641,53.9712890267,0.6656837919
28.3696769000,7774,0.3410765641,53.9712890267,0.6656837919
28.3740155000,7775,0.3410765641,53.9712890267,0.6656837919
28.3782869000,7776,0.3410765641,53.9712890267,0.6656837919
28.3824678000,7777,0.3410765641,53.9712890267,0.6656837919
28.3866917000,7778,0.3410765641,53.9712890267,0.6656837919
28.3909232000,7779,0.3410765641,53.9712890267,0.6656837919
28.3951446000,7780,0.3410765641,53.9712890267,0.6656837919
28.3994443000,7781,0.3410765641,53.9712890267,0.6656837919
28.4036769000,7782,0.3410765641,53.9712890267,0.6656837919
28.4079655000,7783,0.3410765641,53.9712890267,0.6656837919
28.4127326000,7784,0.3410765641,53.9712890267,0.6656837919
28.4178201000,7785,0.3410765641,53.9712890267,0.6656837919
28.4221508000,7786,0.3410765641,53.9712890267,0.6656837919
28.4270600000,7787,0.3410765641,53.9712890267,0.6656837919
28.4317329000,7788,0.3410765641,53.9712890267,0.6656837919
28.4366043000,7789,0.3410765641,53.9712890267,0.6656837919
28.4406554000,7790,0.3410765641,53.9712890267,0.6656837919
28.4452475000,7791,0.3410765641,53.9712890267,0.6656837919
28.4500573000,7792,0.3410765641,53.9712890267,0.6656837919
28.4542066000,7793,0.3410765641,53.9712890267,0.6656837919
28.4583901000,7794,0.3410765641,53.9712890267,0.6656837919
28.4626302000,7795,0.3410765641,53.9712890267,0.6656837919
28.4669446000,7796,0.3410765641,53.9712890267,0.6656837919
28.4714618000,7797,0.3410765641,53.9712890267,0.6656837919
28.4761604000,7798,0.3410765641,53.9712890267,0.6656837919
28.4814851000,7799,0.3410765641,53.9712890267,0.6656837919
28.4863336000,7800,0.3410765641,53.9712890267,0.6656837919
28.4908095000,7801,0.3410765641,53.9712890267,0.6656837919
28.4958287000,7802,0.3410765641,53.9712890267,0.6656837919
28.5000175000,7803,0.3410765641,53.9712890267,0.6656837919
28.5049924000,7804,0.3410765641,53.9712890267,0.6656837919
28.5099620000,7805,0.3410765641,53.9712890267,0.6656837919
28.5149042000,7806,0.3410765641,53.9712890267,0.6656837919
28.5192065000,7807,0.3410765641,53.9712890267,0.6656837919
28.5243413000,7808,0.3410765641,53.9712890267,0.6656837919
28.5282150000,7809,0.3410765641,53.9712890267,0.6656837919
28.5328644000,7810,0.3410765641,53.9712890267,0.6656837919
28.5369203000,7811,0.3410765641,53.9712890267,0.6656837919
28.5417426000,7812,0.3410765641,53.9712890267,0.6656837919
28.5464139000,7813,0.3410765641,53.9712890267,0.6656837919
28.5513217000,7814,0.3410765641,53.9712890267,0.6656837919
28.5563120000,7815,0.3410765641,53.9712890267,0.6656837919
28.5609826000,7816,0.3410765641,53.9712890267,0.6656837919
28.5653266000,7817,0.3410765641,53.9712890267,0.6656837919
28.5701834000,7818,0.3410765641,53.9712890267,0.6656837919
28.5745308000,7819,0.3410765641,53.9712890267,0.6656837919
28.5789020000,7820,0.3410765641,53.9712890267,0.6656837919
28.5831400000,7821,0.3410765641,53.9712890267,0.6656837919
28.5869196000,7822,0.3410765641,53.9712890267,0.6656837919
28.5914941000,7823,0.3410765641,53.9712890267,0.6656837919
28.5964839000,7824,0.3410765641,53.9712890267,0.6656837919
28.6013191000,7825,0.3410765641,53.9712890267,0.6656837919
28.6068098000,7826,0.3410765641,53.9712890267,0.6656837919
28.6115114000,7827,0.3410765641,53.9712890267,0.6656837919
28.6152836000,7828,0.3410765641,53.9712890267,0.6656837919
28.6195646000,7829,0.3410765641,53.9712890267,0.6656837919
28.6238227000,7830,0.3410765641,53.9712890267,0.6656837919
28.6281241000,7831,0.3410765641,53.9712890267,0.6656837919
28.6326115000,7832,0.3410765641,53.9712890267,0.6656837919
28.6371594000,7833,0.3410765641,53.9712890267,0.6656837919
28.6432269000,7834,0.3410765641,53.9712890267,0.6656837919
28.6476302000,7835,0.3410765641,53.9712890267,0.6656837919
28.6520494000,7836,0.3410765641,53.9712890267,0.6656837919
28.6561179000,7837,0.3410765641,53.9712890267,0.6656837919
28.6610435000,7838,0.3410765641,53.9712890267,0.6656837919
28.6659485000,7839,0.3410765641,53.9712890267,0.6656837919
28.6703345000,7840,0.3410765641,53.9712890267,0.6656837919
28.6747668000,7841,0.3410765641,53.9712890267,0.6656837919
28.6792397000,7842,0.3410765641,53.9712890267,0.6656837919
28.6836115000,7843,0.3410765641,53.9712890267,0.6656837919
28.6878982000,7844,0.3410765641,53.9712890267,0.6656837919
28.6927800000,7845,0.3410765641,53.9712890267,0.6656837919
28.6980344000,7846,0.3410765641,53.9712890267,0.6656837919
28.7025448000,7847,0.3410765641,53.9712890267,0.6656837919
28.7068214000,7848,0.3410765641,53.9712890267,0.6656837919
28.7111333000,7849,0.3410765641,53.9712890267,0.6656837919
28.7155615000,7850,0.3410765641,53.9712890267,0.6656837919
28.7199452000,7851,0.3410765641,53.9712890267,0.6656837919
28.7241410000,7852,0.3410765641,53.9712890267,0.6656837919
28.7289266000,7853,0.3410765641,53.9712890267,0.6656837919
28.7344240000,7854,0.3410765641,53.9712890267,0.6656837919
28.7392254000,7855,0.3410765641,53.9712890267,0.6656837919
28.7444280000,7856,0.3410765641,53.9712890267,0.6656837919
28.7485159000,7857,0.3410765641,53.9712890267,0.6656837919
28.7529397000,7858,0.3410765641,53.9712890267,0.6656837919
28.7573810000,7859,0.3410765641,53.9712890267,0.6656837919
28.7615991000,7860,0.3410765641,53.9712890267,0.6656837919
28.7659393000,7861,0.3410765641,53.9712890267,0.6656837919
28.7702453000,7862,0.3410765641,53.9712890267,0.6656837919
28.7744116000,7863,0.3410765641,53.9712890267,0.6656837919
28.7785839000,7864,0.3410765641,53.9712890267,0.6656837919
28.7828910000,7865,0.3410765641,53.9712890267,0.6656837919
28.7870732000,7866,0.3410765641,53.9712890267,0.6656837919
28.7913319000,7867,0.3410765641,53.9712890267,0.6656837919
28.7955517000,7868,0.3410765641,53.9712890267,0.6656837919
28.7998778000,7869,0.3410765641,53.9712890267,0.6656837919
28.8044848000,7870,0.3410765641,53.9712890267,0.6656837919
28.8095183000,7871,0.3410765641,53.9712890267,0.6656837919
28.8137616000,7872,0.3410765641,53.9712890267,0.6656837919
28.8180580000,7873,0.3410765641,53.9712890267,0.6656837919
28.8235837000,7874,0.3410765641,53.9712890267,0.6656837919
28.8280438000,7875,0.3410765641,53.9712890267,0.6656837919
28.8330122000,7876,0.3410765641,53.9712890267,0.6656837919
28.8367349000,7877,0.3410765641,53.9712890267,0.6656837919
28.8411210000,7878,0.3410765641,53.9712890267,0.6656837919
28.8454777000,7879,0.3410765641,53.9712890267,0.6656837919
28.8502703000,7880,0.3410765641,53.9712890267,0.6656837919
28.8563301000,7881,0.3410765641,53.9712890267,0.6656837919
28.8617990000,7882,0.3410765641,53.9712890267,0.6656837919
28.8667473000,7883,0.3410765641,53.9712890267,0.6656837919
28.8714541000,7884,0.3410765641,53.9712890267,0.6656837919
28.8757462000,7885,0.3410765641,53.9712890267,0.6656837919
28.8799990000,7886,0.3410765641,53.9712890267,0.6656837919
28.8842419000,7887,0.3410765641,53.9712890267,0.6656837919
28.8885786000,7888,0.3410765641,53.9712890267,0.6656837919
28.8928091000,7889,0.3410765641,53.9712890267,0.6656837919
28.8970329000,7890,0.3410765641,53.9712890267,0.6656837919
28.9012218000,7891,0.3410765641,53.9712890267,0.6656837919
28.9053780000,7892,0.3410765641,53.9712890267,0.6656837919
28.9096048000,7893,0.3410765641,53.9712890267,0.6656837919
28.9138145000,7894,0.3410765641,53.9712890267,0.6656837919
28.9187554000,7895,0.3410765641,53.9712890267,0.6656837919
28.9231659000,7896,0.3410765641,53.9712890267,0.6656837919
28.9278816000,7897,0.3410765641,53.9712890267,0.6656837919
28.9324968000,7898,0.3410765641,53.9712890267,0.6656837919
28.9367148000,7899,0.3410765641,53.9712890267,0.6656837919
28.9398804000,7900,0.3410765641,53.9712890267,0.6656837919
28.9448205000,7901,0.3410765641,53.9712890267,0.6656837919
28.9493045000,7902,0.3410765641,53.9712890267,0.6656837919
28.9534707000,7903,0.3410765641,53.9712890267,0.6656837919
28.9579971000,7904,0.3410765641,53.9712890267,0.6656837919
28.9628179000,7905,0.3410765641,53.9712890267,0.6656837919
28.9676039000,7906,0.3410765641,53.9712890267,0.6656837919
28.9724155000,7907,0.3410765641,53.9712890267,0.6656837919
28.9773410000,7908,0.3410765641,53.9712890267,0.6656837919
28.9825048000,7909,0.3410765641,53.9712890267,0.6656837919
28.9873728000,7910,0.3410765641,53.9712890267,0.6656837919
28.9929867000,7911,0.3410765641,53.9712890267,0.6656837919
28.9992047000,7912,0.3410765641,53.9712890267,0.6656837919
29.0058079000,7913,0.3410765641,53.9712890267,0.6656837919
29.0118208000,7914,0.3410765641,53.9712890267,0.6656837919
29.0173330000,7915,0.3410765641,53.9712890267,0.6656837919
29.0217429000,7916,0.3410765641,53.9712890267,0.6656837919
29.0260243000,7917,0.3410765641,53.9712890267,0.6656837919
29.0302402000,7918,0.3410765641,53.9712890267,0.6656837919
29.0344968000,7919,0.3410765641,53.9712890267,0.6656837919
29.0387692000,7920,0.3410765641,53.9712890267,0.6656837919
29.0436587000,7921,0.3410765641,53.9712890267,0.6656837919
29.0484076000,7922,0.3410765641,53.9712890267,0.6656837919
29.0527309000,7923,0.3410765641,53.9712890267,0.6656837919
29.0570387000,7924,0.3410765641,53.9712890267,0.6656837919
29.0616053000,7925,0.3410765641,53.9712890267,0.6656837919
29.0667864000,7926,0.3410765641,53.9712890267,0.6656837919
29.0718894000,7927,0.3410765641,53.9712890267,0.6656837919
29.0771606000,7928,0.3410765641,53.9712890267,0.6656837919
29.0819096000,7929,0.3410765641,53.9712890267,0.6656837919
29.0863217000,7930,0.3410765641,53.9712890267,0.6656837919
29.0909406000,7931,0.3410765641,53.9712890267,0.6656837919
29.0957890000,7932,0.3410765641,53.9712890267,0.6656837919
29.1007201000,7933,0.3410765641,53.9712890267,0.6656837919
29.1059660000,7934,0.3410765641,53.9712890267,0.6656837919
29.1106678000,7935,0.3410765641,53.9712890267,0.6656837919
29.1154433000,7936,0.3410765641,53.9712890267,0.6656837919
29.1205270000,7937,0.3410765641,53.9712890267,0.6656837919
29.1256009000,7938,0.3410765641,53.9712890267,0.6656837919
29.1300076000,7939,0.3410765641,53.9712890267,0.6656837919
29.1356569000,7940,0.3410765641,53.9712890267,0.6656837919
29.1401738000,7941,0.3410765641,53.9712890267,0.6656837919
29.1444018000,7942,0.3410765641,53.9712890267,0.6656837919
29.1486316000,7943,0.3410765641,53.9712890267,0.6656837919
29.1529045000,7944,0.3410765641,53.9712890267,0.6656837919
29.1574399000,7945,0.3410765641,53.9712890267,0.6656837919
29.1618228000,7946,0.3410765641,53.9712890267,0.6656837919
29.1661629000,7947,0.3410765641,53.9712890267,0.6656837919
29.1704808000,7948,0.3410765641,53.9712890267,0.6656837919
29.1747345000,7949,0.3410765641,53.9712890267,0.6656837919
29.1789379000,7950,0.3410765641,53.9712890267,0.6656837919
29.1831868000,7951,0.3410765641,53.9712890267,0.6656837919
29.1873638000,7952,0.3410765641,53.9712890267,0.6656837919
29.1915130000,7953,0.3410765641,53.9712890267,0.6656837919
29.1956830000,7954,0.3410765641,53.9712890267,0.6656837919
29.1998320000,7955,0.3410765641,53.9712890267,0.6656837919
29.2040974000,7956,0.3410765641,53.9712890267,0.6656837919
29.2082394000,7957,0.3410765641,53.9712890267,0.6656837919
29.2124790000,7958,0.3410765641,53.9712890267,0.6656837919
29.2166661000,7959,0.3410765641,53.9712890267,0.6656837919
29.2206434000,7960,0.3410765641,53.9712890267,0.6656837919
29.2273334000,7961,0.3410765641,53.9712890267,0.6656837919
29.2314201000,7962,0.3410765641,53.9712890267,0.6656837919
29.2361381000,7963,0.3410765641,53.9712890267,0.6656837919
29.2405303000,7964,0.3410765641,53.9712890267,0.6656837919
29.2447763000,7965,0.3410765641,53.9712890267,0.6656837919
29.2490351000,7966,0.3410765641,53.9712890267,0.6656837919
29.2532414000,7967,0.3410765641,53.9712890267,0.6656837919
29.2573345000,7968,0.3410765641,53.9712890267,0.6656837919
29.2615576000,7969,0.3410765641,53.9712890267,0.6656837919
29.2659927000,7970,0.3410765641,53.9712890267,0.6656837919
29.2719604000,7971,0.3410765641,53.9712890267,0.6656837919
29.2786536000,7972,0.3410765641,53.9712890267,0.6656837919
29.2836363000,7973,0.3410765641,53.9712890267,0.6656837919
29.2882648000,7974,0.3410765641,53.9712890267,0.6656837919
29.2948841000,7975,0.3410765641,53.9712890267,0.6656837919
29.2998586000,7976,0.3410765641,53.9712890267,0.6656837919
29.3041361000,7977,0.3410765641,53.9712890267,0.6656837919
29.3085517000,7978,0.3410765641,53.9712890267,0.6656837919
29.3127896000,7979,0.3410765641,53.9712890267,0.6656837919
29.3169945000,7980,0.3410765641,53.9712890267,0.6656837919
29.3212882000,7981,0.3410765641,53.9712890267,0.6656837919
29.3264158000,7982,0.3410765641,53.9712890267,0.6656837919
29.3311883000,7983,0.3410765641,53.9712890267,0.6656837919
29.3358321000,7984,0.3410765641,53.9712890267,0.6656837919
29.3405369000,7985,0.3410765641,53.9712890267,0.6656837919
29.3453627000,7986,0.3410765641,53.9712890267,0.6656837919
29.3507961000,7987,0.3410765641,53.9712890267,0.6656837919
29.3551191000,7988,0.3410765641,53.9712890267,0.6656837919
29.3593206000,7989,0.3410765641,53.9712890267,0.6656837919
29.3647397000,7990,0.3410765641,53.9712890267,0.6656837919
29.3702357000,7991,0.3410765641,53.9712890267,0.6656837919
29.3746144000,7992,0.3410765641,53.9712890267,0.6656837919
29.3788746000,7993,0.3410765641,53.9712890267,0.6656837919
29.3836830000,7994,0.3410765641,53.9712890267,0.6656837919
29.3887126000,7995,0.3410765641,53.9712890267,0.6656837919
29.3939210000,7996,0.3410765641,53.9712890267,0.6656837919
29.3990736000,7997,0.3410765641,53.9712890267,0.6656837919
29.4039857000,7998,0.3410765641,53.9712890267,0.6656837919
29.4085218000,7999,0.3410765641,53.9712890267,0.6656837919
29.4131440000,8000,0.3410765641,53.9712890267,0.6656837919
29.4176993000,8001,0.3410765641,53.9712890267,0.6656837919
29.4220457000,8002,0.3410765641,53.9712890267,0.6656837919
29.4273898000,8003,0.3410765641,53.9712890267,0.6656837919
29.4318714000,8004,0.3410765641,53.9712890267,0.6656837919
29.4365980000,8005,0.3410765641,53.9712890267,0.6656837919
29.4422037000,8006,0.3410765641,53.9712890267,0.6656837919
29.4487483000,8007,0.3410765641,53.9712890267,0.6656837919
29.4549569000,8008,0.3410765641,53.9712890267,0.6656837919
29.4583215000,8009,0.3410765641,53.9712890267,0.6656837919
29.4627990000,8010,0.3410765641,53.9712890267,0.6656837919
29.4675633000,8011,0.3410765641,53.9712890267,0.6656837919
29.4718753000,8012,0.3410765641,53.9712890267,0.6656837919
29.4764692000,8013,0.3410765641,53.9712890267,0.6656837919
29.4817850000,8014,0.3410765641,53.9712890267,0.6656837919
29.4862949000,8015,0.3410765641,53.9712890267,0.6656837919
29.4914721000,8016,0.3410765641,53.9712890267,0.6656837919
29.4967311000,8017,0.3410765641,53.9712890267,0.6656837919
29.5015957000,8018,0.3410765641,53.9712890267,0.6656837919
29.5062964000,8019,0.3410765641,53.9712890267,0.6656837919
29.5120079000,8020,0.3410765641,53.9712890267,0.6656837919
29.5163589000,8021,0.3410765641,53.9712890267,0.6656837919
29.5211950000,8022,0.3410765641,53.9712890267,0.6656837919
29.5258147000,8023,0.3410765641,53.9712890267,0.6656837919
29.5301497000,8024,0.3410765641,53.9712890267,0.6656837919
29.5344888000,8025,0.3410765641,53.9712890267,0.6656837919
29.5393163000,8026,0.3410765641,53.9712890267,0.6656837919
29.5433455000,8027,0.3410765641,53.9712890267,0.6656837919
29.5488926000,8028,0.3410765641,53.9712890267,0.6656837919
29.5527895000,8029,0.3410765641,53.9712890267,0.6656837919
29.5571213000,8030,0.3410765641,53.9712890267,0.6656837919
29.5618313000,8031,0.3410765641,53.9712890267,0.6656837919
29.5665538000,8032,0.3410765641,53.9712890267,0.6656837919
29.5707835000,8033,0.3410765641,53.9712890267,0.6656837919
29.5759233000,8034,0.3410765641,53.9712890267,0.6656837919
29.5811290000,8035,0.3410765641,53.9712890267,0.6656837919
29.5851370000,8036,0.3410765641,53.9712890267,0.6656837919
29.5893249000,8037,0.3410765641,53.9712890267,0.6656837919
29.5943477000,8038,0.3410765641,53.9712890267,0.6656837919
29.5995606000,8039,0.3410765641,53.9712890267,0.6656837919
29.6043883000,8040,0.3410765641,53.9712890267,0.6656837919
29.6093823000,8041,0.3410765641,53.9712890267,0.6656837919
29.6144276000,8042,0.3410765641,53.9712890267,0.6656837919
29.6186566000,8043,0.3410765641,53.9712890267,0.6656837919
29.6230079000,8044,0.3410765641,53.9712890267,0.6656837919
29.6270094000,8045,0.3410765641,53.9712890267,0.6656837919
29.6318216000,8046,0.3410765641,53.9712890267,0.6656837919
29.6364949000,8047,0.3410765641,53.9712890267,0.6656837919
29.6411937000,8048,0.3410765641,53.9712890267,0.6656837919
29.6456416000,8049,0.3410765641,53.9712890267,0.6656837919
29.6499331000,8050,0.3410765641,53.9712890267,0.6656837919
29.6541796000,8051,0.3410765641,53.9712890267,0.6656837919
29.6584548000,8052,0.3410765641,53.9712890267,0.6656837919
29.6626377000,8053,0.3410765641,53.9712890267,0.6656837919
29.6669006000,8054,0.3410765641,53.9712890267,0.6656837919
29.6718076000,8055,0.3410765641,53.9712890267,0.6656837919
29.6772230000,8056,0.3410765641,53.9712890267,0.6656837919
29.6816442000,8057,0.3410765641,53.9712890267,0.6656837919
29.6869053000,8058,0.3410765641,53.9712890267,0.6656837919
29.6913906000,8059,0.3410765641,53.9712890267,0.6656837919
29.6957983000,8060,0.3410765641,53.9712890267,0.6656837919
29.7009961000,8061,0.3410765641,53.9712890267,0.6656837919
29.7059096000,8062,0.3410765641,53.9712890267,0.6656837919
29.7099821000,8063,0.3410765641,53.9712890267,0.6656837919
29.7148038000,8064,0.3410765641,53.9712890267,0.6656837919
29.7191193000,8065,0.3410765641,53.9712890267,0.6656837919
29.7234634000,8066,0.3410765641,53.9712890267,0.6656837919
29.7277469000,8067,0.3410765641,53.9712890267,0.6656837919
29.7319676000,8068,0.3410765641,53.9712890267,0.6656837919
29.7363720000,8069,0.3410765641,53.9712890267,0.6656837919
29.7408551000,8070,0.3410765641,53.9712890267,0.6656837919
29.7457595000,8071,0.3410765641,53.9712890267,0.6656837919
29.7507816000,8072,0.3410765641,53.9712890267,0.6656837919
29.7553476000,8073,0.3410765641,53.9712890267,0.6656837919
29.7601565000,8074,0.3410765641,53.9712890267,0.6656837919
29.7648575000,8075,0.3410765641,53.9712890267,0.6656837919
29.7697158000,8076,0.3410765641,53.9712890267,0.6656837919
29.7745320000,8077,0.3410765641,53.9712890267,0.6656837919
29.7792646000,8078,0.3410765641,53.9712890267,0.6656837919
29.7833828000,8079,0.3410765641,53.9712890267,0.6656837919
29.7882611000,8080,0.3410765641,53.9712890267,0.6656837919
29.7928207000,8081,0.3410765641,53.9712890267,0.6656837919
29.7973825000,8082,0.3410765641,53.9712890267,0.6656837919
29.8017837000,8083,0.3410765641,53.9712890267,0.6656837919
29.8060441000,8084,0.3410765641,53.9712890267,0.6656837919
29.8105424000,8085,0.3410765641,53.9712890267,0.6656837919
29.8152264000,8086,0.3410765641,53.9712890267,0.6656837919
29.8197208000,8087,0.3410765641,53.9712890267,0.6656837919
29.8240647000,8088,0.3410765641,53.9712890267,0.6656837919
29.8285118000,8089,0.3410765641,53.9712890267,0.6656837919
29.8331717000,8090,0.3410765641,53.9712890267,0.6656837919
29.8377884000,8091,0.3410765641,53.9712890267,0.6656837919
29.8424376000,8092,0.3410765641,53.9712890267,0.6656837919
29.8476607000,8093,0.3410765641,53.9712890267,0.6656837919
29.8525719000,8094,0.3410765641,53.9712890267,0.6656837919
29.8577771000,8095,0.3410765641,53.9712890267,0.6656837919
29.8623175000,8096,0.3410765641,53.9712890267,0.6656837919
29.8668017000,8097,0.3410765641,53.9712890267,0.6656837919
29.8714936000,8098,0.3410765641,53.9712890267,0.6656837919
29.8767045000,8099,0.3410765641,53.9712890267,0.6656837919
29.8816747000,8100,0.3410765641,53.9712890267,0.6656837919
29.8861455000,8101,0.3410765641,53.9712890267,0.6656837919
29.8901932000,8102,0.3410765641,53.9712890267,0.6656837919
29.8950506000,8103,0.3410765641,53.9712890267,0.6656837919
29.8995147000,8104,0.3410765641,53.9712890267,0.6656837919
29.9040411000,8105,0.3410765641,53.9712890267,0.6656837919
29.9085167000,8106,0.3410765641,53.9712890267,0.6656837919
29.9130299000,8107,0.3410765641,53.9712890267,0.6656837919
29.9176497000,8108,0.3410765641,53.9712890267,0.6656837919
29.9221320000,8109,0.3410765641,53.9712890267,0.6656837919
29.9267181000,8110,0.3410765641,53.9712890267,0.6656837919
29.9316085000,8111,0.3410765641,53.9712890267,0.6656837919
29.9358922000,8112,0.3410765641,53.9712890267,0.6656837919
29.9402273000,8113,0.3410765641,53.9712890267,0.6656837919
29.9444909000,8114,0.3410765641,53.9712890267,0.6656837919
29.9490544000,8115,0.3410765641,53.9712890267,0.6656837919
29.9532526000,8116,0.3410765641,53.9712890267,0.6656837919
29.9585910000,8117,0.3410765641,53.9712890267,0.6656837919
29.9635723000,8118,0.3410765641,53.9712890267,0.6656837919
29.9681384000,8119,0.3410765641,53.9712890267,0.6656837919
29.9731309000,8120,0.3410765641,53.9712890267,0.6656837919
29.9781501000,8121,0.3410765641,53.9712890267,0.6656837919
29.9823651000,8122,0.3410765641,53.9712890267,0.6656837919
29.9880570000,8123,0.3410765641,53.9712890267,0.6656837919
29.9928945000,8124,0.3410765641,53.9712890267,0.6656837919
29.9977531000,8125,0.3410765641,53.9712890267,0.6656837919
30.0031760000,8126,0.3410765641,53.9712890267,0.6656837919
