time_seconds,generation,best_fitness,best_f1,best_f2
0.0000000000,0,0.4186252774,53.9712890267,1.8353281038
0.0007612000,1,0.4186252774,53.9712890267,1.8353281038
0.0013031000,2,0.4186252774,53.9712890267,1.8353281038
0.0018348000,3,0.4186252774,53.9712890267,1.8353281038
0.0023625000,4,0.4186252774,53.9712890267,1.8353281038
0.0029051000,5,0.4186252774,53.9712890267,1.8353281038
0.0034205000,6,0.4186252774,53.9712890267,1.8353281038
0.0039355000,7,0.4186252774,53.9712890267,1.8353281038
0.0044493000,8,0.4186252774,53.9712890267,1.8353281038
0.0050010000,9,0.4186252774,53.9712890267,1.8353281038
0.0055205000,10,0.4186252774,53.9712890267,1.8353281038
0.0060529000,11,0.4186252774,53.9712890267,1.8353281038
0.0065870000,12,0.4186252774,53.9712890267,1.8353281038
0.0071094000,13,0.4186252774,53.9712890267,1.8353281038
0.0076294000,14,0.4186252774,53.9712890267,1.8353281038
0.0081550000,15,0.4186252774,53.9712890267,1.8353281038
0.0086655000,16,0.4186252774,53.9712890267,1.8353281038
0.0091742000,17,0.4186252774,53.9712890267,1.8353281038
0.0097281000,18,0.4186252774,53.9712890267,1.8353281038
0.0102846000,19,0.4186252774,53.9712890267,1.8353281038
0.0108371000,20,0.4186252774,53.9712890267,1.8353281038
0.0113634000,21,0.4186252774,53.9712890267,1.8353281038
0.0119019000,22,0.4186252774,53.9712890267,1.8353281038
0.0124331000,23,0.4186252774,53.9712890267,1.8353281038
0.0129444000,24,0.4186252774,53.9712890267,1.8353281038
0.0134463000,25,0.4186252774,53.9712890267,1.8353281038
0.0139478000,26,0.4186252774,53.9712890267,1.8353281038
0.0144932000,27,0.4186252774,53.9712890267,1.8353281038
0.0150186000,28,0.4186252774,53.9712890267,1.8353281038
0.0155421000,29,0.4186252774,53.9712890267,1.8353281038
0.0160579000,30,0.4186252774,53.9712890267,1.8353281038
0.0165727000,31,0.4186252774,53.9712890267,1.8353281038
0.0170879000,32,0.4186252774,53.9712890267,1.8353281038
0.0176323000,33,0.4186252774,53.9712890267,1.8353281038
0.0181890000,34,0.4186252774,53.9712890267,1.8353281038
0.0187324000,35,0.4186252774,53.9712890267,1.8353281038
0.0193263000,36,0.4186252774,53.9712890267,1.8353281038
0.0198948000,37,0.4186252774,53.9712890267,1.8353281038
0.0204677000,38,0.4186252774,53.9712890267,1.8353281038
0.0210424000,39,0.4186252774,53.9712890267,1.8353281038
0.0215977000,40,0.4186252774,53.9712890267,1.8353281038
0.0221517000,41,0.4186252774,53.9712890267,1.8353281038
0.0227079000,42,0.4186252774,53.9712890267,1.8353281038
0.0232626000,43,0.4186252774,53.9712890267,1.8353281038
0.0238063000,44,0.4186252774,53.9712890267,1.8353281038
0.0244694000,45,0.4186252774,53.9712890267,1.8353281038
0.0250770000,46,0.4186252774,53.9712890267,1.8353281038
0.0256493000,47,0.4186252774,53.9712890267,1.8353281038
0.0262024000,48,0.4186252774,53.9712890267,1.8353281038
0.0267517000,49,0.4186252774,53.9712890267,1.8353281038
0.0273211000,50,0.4186252774,53.9712890267,1.8353281038
0.0279211000,51,0.4186252774,53.9712890267,1.8353281038
0.0284707000,52,0.4186252774,53.9712890267,1.8353281038
0.0290209000,53,0.4186252774,53.9712890267,1.8353281038
0.0296336000,54,0.4186252774,53.9712890267,1.8353281038
0.0301884000,55,0.4186252774,53.9712890267,1.8353281038
0.0307652000,56,0.4186252774,53.9712890267,1.8353281038
0.0313691000,57,0.4186252774,53.9712890267,1.8353281038
0.0320143000,58,0.4186252774,53.9712890267,1.8353281038
0.0325852000,59,0.4186252774,53.9712890267,1.8353281038
0.0331547000,60,0.4186252774,53.9712890267,1.8353281038
0.0337219000,61,0.4186252774,53.9712890267,1.8353281038
0.0342768000,62,0.4186252774,53.9712890267,1.8353281038
0.0350710000,63,0.4186252774,53.9712890267,1.8353281038
0.0359688000,64,0.4186252774,53.9712890267,1.8353281038
0.1760087000,65,0.4186252774,53.9712890267,1.8353281038
0.1765605000,66,0.4186252774,53.9712890267,1.8353281038
0.1771136000,67,0.4186252774,53.9712890267,1.8353281038
0.1776485000,68,0.4186252774,53.9712890267,1.8353281038
0.1782664000,69,0.4186252774,53.9712890267,1.8353281038
0.1789870000,70,0.4186252774,53.9712890267,1.8353281038
0.1794816000,71,0.4186252774,53.9712890267,1.8353281038
0.1800072000,72,0.4186252774,53.9712890267,1.8353281038
0.1805087000,73,0.4186252774,53.9712890267,1.8353281038
0.1810158000,74,0.4186252774,53.9712890267,1.8353281038
0.1815544000,75,0.4186252774,53.9712890267,1.8353281038
0.1821079000,76,0.4186252774,53.9712890267,1.8353281038
0.1826772000,77,0.4186252774,53.9712890267,1.8353281038
0.1832092000,78,0.4186252774,53.9712890267,1.8353281038
0.1837176000,79,0.4186252774,53.9712890267,1.8353281038
0.1842239000,80,0.4186252774,53.9712890267,1.8353281038
0.1847612000,81,0.4186252774,53.9712890267,1.8353281038
0.1853103000,82,0.4186252774,53.9712890267,1.8353281038
0.1859095000,83,0.4186252774,53.9712890267,1.8353281038
0.1864163000,84,0.4186252774,53.9712890267,1.8353281038
0.1869474000,85,0.4186252774,53.9712890267,1.8353281038
0.1875005000,86,0.4186252774,53.9712890267,1.8353281038
0.1880562000,87,0.4186252774,53.9712890267,1.8353281038
0.1885907000,88,0.4186252774,53.9712890267,1.8353281038
0.1891057000,89,0.4186252774,53.9712890267,1.8353281038
0.1896753000,90,0.4186252774,53.9712890267,1.8353281038
0.1902132000,91,0.4186252774,53.9712890267,1.8353281038
0.1907520000,92,0.4186252774,53.9712890267,1.8353281038
0.1912748000,93,0.4186252774,53.9712890267,1.8353281038
0.1919489000,94,0.4186252774,53.9712890267,1.8353281038
0.1925726000,95,0.4186252774,53.9712890267,1.8353281038
0.1931154000,96,0.4186252774,53.9712890267,1.8353281038
0.1936149000,97,0.4186252774,53.9712890267,1.8353281038
0.1942915000,98,0.4186252774,53.9712890267,1.8353281038
0.1948731000,99,0.4186252774,53.9712890267,1.8353281038
0.1953806000,100,0.4186252774,53.9712890267,1.8353281038
0.1959017000,101,0.4186252774,53.9712890267,1.8353281038
0.1964246000,102,0.4186252774,53.9712890267,1.8353281038
0.1969308000,103,0.4186252774,53.9712890267,1.8353281038
0.1974319000,104,0.4186252774,53.9712890267,1.8353281038
0.1980395000,105,0.4186252774,53.9712890267,1.8353281038
0.1986444000,106,0.4186252774,53.9712890267,1.8353281038
0.1991815000,107,0.4186252774,53.9712890267,1.8353281038
0.1997094000,108,0.4186252774,53.9712890267,1.8353281038
0.2002214000,109,0.4186252774,53.9712890267,1.8353281038
0.2007257000,110,0.4186252774,53.9712890267,1.8353281038
0.2012268000,111,0.4186252774,53.9712890267,1.8353281038
0.2017260000,112,0.4186252774,53.9712890267,1.8353281038
0.2023242000,113,0.4186252774,53.9712890267,1.8353281038
0.2028261000,114,0.4186252774,53.9712890267,1.8353281038
0.2033281000,115,0.4186252774,53.9712890267,1.8353281038
0.2040753000,116,0.4186252774,53.9712890267,1.8353281038
0.2046480000,117,0.4186252774,53.9712890267,1.8353281038
0.2051492000,118,0.4186252774,53.9712890267,1.8353281038
0.2056669000,119,0.4186252774,53.9712890267,1.8353281038
0.2061704000,120,0.4186252774,53.9712890267,1.8353281038
0.2067046000,121,0.4186252774,53.9712890267,1.8353281038
0.2072396000,122,0.4186252774,53.9712890267,1.8353281038
0.2079261000,123,0.4186252774,53.9712890267,1.8353281038
0.2085479000,124,0.4186252774,53.9712890267,1.8353281038
0.2090380000,125,0.4186252774,53.9712890267,1.8353281038
0.2097320000,126,0.4186252774,53.9712890267,1.8353281038
0.2103366000,127,0.4186252774,53.9712890267,1.8353281038
0.2108893000,128,0.4186252774,53.9712890267,1.8353281038
0.3537078000,129,0.4186252774,53.9712890267,1.8353281038
0.3542609000,130,0.4186252774,53.9712890267,1.8353281038
0.3547559000,131,0.4186252774,53.9712890267,1.8353281038
0.3552619000,132,0.4186252774,53.9712890267,1.8353281038
0.3557892000,133,0.4186252774,53.9712890267,1.8353281038
0.3564518000,134,0.4186252774,53.9712890267,1.8353281038
0.3570066000,135,0.4186252774,53.9712890267,1.8353281038
0.3576095000,136,0.4186252774,53.9712890267,1.8353281038
0.3582294000,137,0.4186252774,53.9712890267,1.8353281038
0.3587408000,138,0.4186252774,53.9712890267,1.8353281038
0.3592464000,139,0.4186252774,53.9712890267,1.8353281038
0.3597600000,140,0.4186252774,53.9712890267,1.8353281038
0.3603187000,141,0.4186252774,53.9712890267,1.8353281038
0.3610132000,142,0.4186252774,53.9712890267,1.8353281038
0.3616367000,143,0.4186252774,53.9712890267,1.8353281038
0.3622478000,144,0.4186252774,53.9712890267,1.8353281038
0.3628709000,145,0.4186252774,53.9712890267,1.8353281038
0.3633959000,146,0.4186252774,53.9712890267,1.8353281038
0.3639049000,147,0.4186252774,53.9712890267,1.8353281038
0.3644156000,148,0.4186252774,53.9712890267,1.8353281038
0.3650151000,149,0.4186252774,53.9712890267,1.8353281038
0.3655882000,150,0.4186252774,53.9712890267,1.8353281038
0.3660878000,151,0.4186252774,53.9712890267,1.8353281038
0.3665885000,152,0.4186252774,53.9712890267,1.8353281038
0.3670813000,153,0.4186252774,53.9712890267,1.8353281038
0.3676299000,154,0.4186252774,53.9712890267,1.8353281038
0.3681519000,155,0.4186252774,53.9712890267,1.8353281038
0.3686946000,156,0.4186252774,53.9712890267,1.8353281038
0.3692518000,157,0.4186252774,53.9712890267,1.8353281038
0.3698012000,158,0.4186252774,53.9712890267,1.8353281038
0.3704211000,159,0.4186252774,53.9712890267,1.8353281038
0.3710393000,160,0.4186252774,53.9712890267,1.8353281038
0.3715732000,161,0.4186252774,53.9712890267,1.8353281038
0.3720979000,162,0.4186252774,53.9712890267,1.8353281038
0.3726724000,163,0.4186252774,53.9712890267,1.8353281038
0.3734135000,164,0.4186252774,53.9712890267,1.8353281038
0.3739645000,165,0.4186252774,53.9712890267,1.8353281038
0.3744696000,166,0.4186252774,53.9712890267,1.8353281038
0.3749834000,167,0.4186252774,53.9712890267,1.8353281038
0.3754867000,168,0.4186252774,53.9712890267,1.8353281038
0.3759984000,169,0.4186252774,53.9712890267,1.8353281038
0.3764982000,170,0.4186252774,53.9712890267,1.8353281038
0.3770071000,171,0.4186252774,53.9712890267,1.8353281038
0.3775729000,172,0.4186252774,53.9712890267,1.8353281038
0.3781983000,173,0.4186252774,53.9712890267,1.8353281038
0.3788617000,174,0.4186252774,53.9712890267,1.8353281038
0.3793972000,175,0.4186252774,53.9712890267,1.8353281038
0.3799009000,176,0.4186252774,53.9712890267,1.8353281038
0.3804064000,177,0.4186252774,53.9712890267,1.8353281038
0.3809883000,178,0.4186252774,53.9712890267,1.8353281038
0.3815559000,179,0.4186252774,53.9712890267,1.8353281038
0.3820562000,180,0.4186252774,53.9712890267,1.8353281038
0.3826118000,181,0.4186252774,53.9712890267,1.8353281038
0.3832531000,182,0.4186252774,53.9712890267,1.8353281038
0.3837679000,183,0.4186252774,53.9712890267,1.8353281038
0.3842651000,184,0.4186252774,53.9712890267,1.8353281038
0.3847685000,185,0.4186252774,53.9712890267,1.8353281038
0.3852735000,186,0.4186252774,53.9712890267,1.8353281038
0.3858152000,187,0.4186252774,53.9712890267,1.8353281038
0.3864201000,188,0.4186252774,53.9712890267,1.8353281038
0.3870276000,189,0.4186252774,53.9712890267,1.8353281038
0.3875708000,190,0.4186252774,53.9712890267,1.8353281038
0.3881043000,191,0.4186252774,53.9712890267,1.8353281038
0.3886670000,192,0.4186252774,53.9712890267,1.8353281038
0.5311484000,193,0.4186252774,53.9712890267,1.8353281038
0.5316674000,194,0.4186252774,53.9712890267,1.8353281038
0.5321698000,195,0.4186252774,53.9712890267,1.8353281038
0.5326786000,196,0.4186252774,53.9712890267,1.8353281038
0.5331827000,197,0.4186252774,53.9712890267,1.8353281038
0.5336829000,198,0.4186252774,53.9712890267,1.8353281038
0.5341894000,199,0.4186252774,53.9712890267,1.8353281038
0.5347072000,200,0.4186252774,53.9712890267,1.8353281038
0.5352097000,201,0.4186252774,53.9712890267,1.8353281038
0.5357135000,202,0.4186252774,53.9712890267,1.8353281038
0.5362162000,203,0.4186252774,53.9712890267,1.8353281038
0.5367083000,204,0.4186252774,53.9712890267,1.8353281038
0.5372022000,205,0.4186252774,53.9712890267,1.8353281038
0.5377092000,206,0.4186252774,53.9712890267,1.8353281038
0.5382112000,207,0.4186252774,53.9712890267,1.8353281038
0.5386982000,208,0.4186252774,53.9712890267,1.8353281038
0.5392201000,209,0.4186252774,53.9712890267,1.8353281038
0.5397215000,210,0.4186252774,53.9712890267,1.8353281038
0.5402367000,211,0.4186252774,53.9712890267,1.8353281038
0.5407771000,212,0.4186252774,53.9712890267,1.8353281038
0.5412777000,213,0.4186252774,53.9712890267,1.8353281038
0.5417873000,214,0.4186252774,53.9712890267,1.8353281038
0.5422849000,215,0.4186252774,53.9712890267,1.8353281038
0.5427944000,216,0.4186252774,53.9712890267,1.8353281038
0.5432827000,217,0.4186252774,53.9712890267,1.8353281038
0.5438319000,218,0.4186252774,53.9712890267,1.8353281038
0.5443315000,219,0.4186252774,53.9712890267,1.8353281038
0.5448633000,220,0.4186252774,53.9712890267,1.8353281038
0.5453653000,221,0.4186252774,53.9712890267,1.8353281038
0.5458693000,222,0.4186252774,53.9712890267,1.8353281038
0.5463686000,223,0.4186252774,53.9712890267,1.8353281038
0.5468717000,224,0.4186252774,53.9712890267,1.8353281038
0.5473623000,225,0.4186252774,53.9712890267,1.8353281038
0.5478542000,226,0.4186252774,53.9712890267,1.8353281038
0.5483802000,227,0.4186252774,53.9712890267,1.8353281038
0.5488733000,228,0.4186252774,53.9712890267,1.8353281038
0.5493763000,229,0.4186252774,53.9712890267,1.8353281038
0.5498784000,230,0.4186252774,53.9712890267,1.8353281038
0.5503704000,231,0.4186252774,53.9712890267,1.8353281038
0.5508648000,232,0.4186252774,53.9712890267,1.8353281038
0.5513583000,233,0.4186252774,53.9712890267,1.8353281038
0.5518563000,234,0.4186252774,53.9712890267,1.8353281038
0.5523477000,235,0.4186252774,53.9712890267,1.8353281038
0.5528641000,236,0.4186252774,53.9712890267,1.8353281038
0.5533686000,237,0.4186252774,53.9712890267,1.8353281038
0.5540071000,238,0.4186252774,53.9712890267,1.8353281038
0.5545170000,239,0.4186252774,53.9712890267,1.8353281038
0.5550262000,240,0.4186252774,53.9712890267,1.8353281038
0.5556024000,241,0.4186252774,53.9712890267,1.8353281038
0.5562099000,242,0.4186252774,53.9712890267,1.8353281038
0.5567400000,243,0.4186252774,53.9712890267,1.8353281038
0.5572501000,244,0.4186252774,53.9712890267,1.8353281038
0.5578091000,245,0.4186252774,53.9712890267,1.8353281038
0.5583466000,246,0.4186252774,53.9712890267,1.8353281038
0.5588607000,247,0.4186252774,53.9712890267,1.8353281038
0.5593660000,248,0.4186252774,53.9712890267,1.8353281038
0.5599732000,249,0.4186252774,53.9712890267,1.8353281038
0.5606477000,250,0.4186252774,53.9712890267,1.8353281038
0.5611930000,251,0.4186252774,53.9712890267,1.8353281038
0.5617271000,252,0.4186252774,53.9712890267,1.8353281038
0.5622284000,253,0.4186252774,53.9712890267,1.8353281038
0.5627580000,254,0.4186252774,53.9712890267,1.8353281038
0.5632766000,255,0.4186252774,53.9712890267,1.8353281038
0.5637841000,256,0.4186252774,53.9712890267,1.8353281038
0.7040554000,257,0.4186252774,53.9712890267,1.8353281038
0.7045762000,258,0.4186252774,53.9712890267,1.8353281038
0.7050967000,259,0.4186252774,53.9712890267,1.8353281038
0.7055938000,260,0.4186252774,53.9712890267,1.8353281038
0.7063085000,261,0.4186252774,53.9712890267,1.8353281038
0.7070023000,262,0.4186252774,53.9712890267,1.8353281038
0.7076450000,263,0.4186252774,53.9712890267,1.8353281038
0.7081762000,264,0.4186252774,53.9712890267,1.8353281038
0.7087131000,265,0.4186252774,53.9712890267,1.8353281038
0.7093637000,266,0.4186252774,53.9712890267,1.8353281038
0.7100125000,267,0.4186252774,53.9712890267,1.8353281038
0.7107030000,268,0.4186252774,53.9712890267,1.8353281038
0.7113092000,269,0.4186252774,53.9712890267,1.8353281038
0.7118136000,270,0.4186252774,53.9712890267,1.8353281038
0.7123195000,271,0.4186252774,53.9712890267,1.8353281038
0.7128321000,272,0.4186252774,53.9712890267,1.8353281038
0.7133859000,273,0.4186252774,53.9712890267,1.8353281038
0.7139073000,274,0.4186252774,53.9712890267,1.8353281038
0.7145166000,275,0.4186252774,53.9712890267,1.8353281038
0.7151416000,276,0.4186252774,53.9712890267,1.8353281038
0.7156560000,277,0.4186252774,53.9712890267,1.8353281038
0.7161576000,278,0.4186252774,53.9712890267,1.8353281038
0.7166647000,279,0.4186252774,53.9712890267,1.8353281038
0.7171611000,280,0.4186252774,53.9712890267,1.8353281038
0.7176523000,281,0.4186252774,53.9712890267,1.8353281038
0.7182128000,282,0.4186252774,53.9712890267,1.8353281038
0.7189310000,283,0.4186252774,53.9712890267,1.8353281038
0.7194713000,284,0.4186252774,53.9712890267,1.8353281038
0.7199705000,285,0.4186252774,53.9712890267,1.8353281038
0.7205134000,286,0.4186252774,53.9712890267,1.8353281038
0.7210241000,287,0.4186252774,53.9712890267,1.8353281038
0.7215230000,288,0.4186252774,53.9712890267,1.8353281038
0.7220258000,289,0.4186252774,53.9712890267,1.8353281038
0.7228088000,290,0.4186252774,53.9712890267,1.8353281038
0.7233933000,291,0.4186252774,53.9712890267,1.8353281038
0.7238956000,292,0.4186252774,53.9712890267,1.8353281038
0.7244390000,293,0.4186252774,53.9712890267,1.8353281038
0.7250776000,294,0.4186252774,53.9712890267,1.8353281038
0.7255824000,295,0.4186252774,53.9712890267,1.8353281038
0.7260896000,296,0.4186252774,53.9712890267,1.8353281038
0.7265987000,297,0.4186252774,53.9712890267,1.8353281038
0.7272613000,298,0.4186252774,53.9712890267,1.8353281038
0.7277912000,299,0.4186252774,53.9712890267,1.8353281038
0.7284577000,300,0.4186252774,53.9712890267,1.8353281038
0.7290633000,301,0.4186252774,53.9712890267,1.8353281038
0.7296584000,302,0.4186252774,53.9712890267,1.8353281038
0.7302038000,303,0.4186252774,53.9712890267,1.8353281038
0.7308885000,304,0.4186252774,53.9712890267,1.8353281038
0.7316131000,305,0.4186252774,53.9712890267,1.8353281038
0.7324780000,306,0.4186252774,53.9712890267,1.8353281038
0.7329774000,307,0.4186252774,53.9712890267,1.8353281038
0.7334724000,308,0.4186252774,53.9712890267,1.8353281038
0.7339918000,309,0.4186252774,53.9712890267,1.8353281038
0.7344920000,310,0.4186252774,53.9712890267,1.8353281038
0.7351762000,311,0.4186252774,53.9712890267,1.8353281038
0.7357001000,312,0.4186252774,53.9712890267,1.8353281038
0.7362134000,313,0.4186252774,53.9712890267,1.8353281038
0.7367274000,314,0.4186252774,53.9712890267,1.8353281038
0.7372570000,315,0.4186252774,53.9712890267,1.8353281038
0.7377831000,316,0.4186252774,53.9712890267,1.8353281038
0.7383036000,317,0.4186252774,53.9712890267,1.8353281038
0.7388298000,318,0.4186252774,53.9712890267,1.8353281038
0.7395269000,319,0.4186252774,53.9712890267,1.8353281038
0.7400813000,320,0.4186252774,53.9712890267,1.8353281038
0.8842938000,321,0.4186252774,53.9712890267,1.8353281038
0.8848122000,322,0.4186252774,53.9712890267,1.8353281038
0.8855391000,323,0.4186252774,53.9712890267,1.8353281038
0.8860416000,324,0.4186252774,53.9712890267,1.8353281038
0.8865413000,325,0.4186252774,53.9712890267,1.8353281038
0.8870375000,326,0.4186252774,53.9712890267,1.8353281038
0.8875334000,327,0.4186252774,53.9712890267,1.8353281038
0.8880483000,328,0.4186252774,53.9712890267,1.8353281038
0.8885477000,329,0.4186252774,53.9712890267,1.8353281038
0.8890526000,330,0.4186252774,53.9712890267,1.8353281038
0.8896572000,331,0.4186252774,53.9712890267,1.8353281038
0.8901938000,332,0.4186252774,53.9712890267,1.8353281038
0.8907142000,333,0.4186252774,53.9712890267,1.8353281038
0.8912187000,334,0.4186252774,53.9712890267,1.8353281038
0.8918049000,335,0.4186252774,53.9712890267,1.8353281038
0.8923068000,336,0.4186252774,53.9712890267,1.8353281038
0.8928101000,337,0.4186252774,53.9712890267,1.8353281038
0.8935110000,338,0.4186252774,53.9712890267,1.8353281038
0.8940508000,339,0.4186252774,53.9712890267,1.8353281038
0.8946259000,340,0.4186252774,53.9712890267,1.8353281038
0.8954423000,341,0.4186252774,53.9712890267,1.8353281038
0.8959891000,342,0.4186252774,53.9712890267,1.8353281038
0.8964843000,343,0.4186252774,53.9712890267,1.8353281038
0.8969861000,344,0.4186252774,53.9712890267,1.8353281038
0.8974781000,345,0.4186252774,53.9712890267,1.8353281038
0.8981104000,346,0.4186252774,53.9712890267,1.8353281038
0.8986649000,347,0.4186252774,53.9712890267,1.8353281038
0.8992304000,348,0.4186252774,53.9712890267,1.8353281038
0.8997592000,349,0.4186252774,53.9712890267,1.8353281038
0.9002642000,350,0.4186252774,53.9712890267,1.8353281038
0.9007623000,351,0.4186252774,53.9712890267,1.8353281038
0.9012720000,352,0.4186252774,53.9712890267,1.8353281038
0.9018122000,353,0.4186252774,53.9712890267,1.8353281038
0.9023574000,354,0.4186252774,53.9712890267,1.8353281038
0.9028962000,355,0.4186252774,53.9712890267,1.8353281038
0.9034418000,356,0.4186252774,53.9712890267,1.8353281038
0.9041090000,357,0.4186252774,53.9712890267,1.8353281038
0.9046049000,358,0.4186252774,53.9712890267,1.8353281038
0.9050959000,359,0.4186252774,53.9712890267,1.8353281038
0.9056048000,360,0.4186252774,53.9712890267,1.8353281038
0.9061148000,361,0.4186252774,53.9712890267,1.8353281038
0.9066888000,362,0.4186252774,53.9712890267,1.8353281038
0.9072448000,363,0.4186252774,53.9712890267,1.8353281038
0.9077858000,364,0.4186252774,53.9712890267,1.8353281038
0.9083136000,365,0.4186252774,53.9712890267,1.8353281038
0.9088329000,366,0.4186252774,53.9712890267,1.8353281038
0.9093602000,367,0.4186252774,53.9712890267,1.8353281038
0.9098770000,368,0.4186252774,53.9712890267,1.8353281038
0.9105394000,369,0.4186252774,53.9712890267,1.8353281038
0.9111500000,370,0.4186252774,53.9712890267,1.8353281038
0.9116670000,371,0.4186252774,53.9712890267,1.8353281038
0.9122555000,372,0.4186252774,53.9712890267,1.8353281038
0.9129772000,373,0.4186252774,53.9712890267,1.8353281038
0.9134868000,374,0.4186252774,53.9712890267,1.8353281038
0.9140389000,375,0.4186252774,53.9712890267,1.8353281038
0.9148979000,376,0.4186252774,53.9712890267,1.8353281038
0.9154327000,377,0.4186252774,53.9712890267,1.8353281038
0.9159395000,378,0.4186252774,53.9712890267,1.8353281038
0.9164708000,379,0.4186252774,53.9712890267,1.8353281038
0.9170912000,380,0.4186252774,53.9712890267,1.8353281038
0.9175817000,381,0.4186252774,53.9712890267,1.8353281038
0.9181642000,382,0.4186252774,53.9712890267,1.8353281038
0.9187854000,383,0.4186252774,53.9712890267,1.8353281038
0.9193833000,384,0.4186252774,53.9712890267,1.8353281038
1.0597575000,385,0.4186252774,53.9712890267,1.8353281038
1.0602751000,386,0.4186252774,53.9712890267,1.8353281038
1.0607793000,387,0.4186252774,53.9712890267,1.8353281038
1.0612794000,388,0.4186252774,53.9712890267,1.8353281038
1.0617811000,389,0.4186252774,53.9712890267,1.8353281038
1.0622727000,390,0.4186252774,53.9712890267,1.8353281038
1.0627643000,391,0.4186252774,53.9712890267,1.8353281038
1.0632919000,392,0.4186252774,53.9712890267,1.8353281038
1.0637888000,393,0.4186252774,53.9712890267,1.8353281038
1.0643005000,394,0.4186252774,53.9712890267,1.8353281038
1.0647966000,395,0.4186252774,53.9712890267,1.8353281038
1.0652990000,396,0.4186252774,53.9712890267,1.8353281038
1.0657966000,397,0.4186252774,53.9712890267,1.8353281038
1.0662939000,398,0.4186252774,53.9712890267,1.8353281038
1.0668052000,399,0.4186252774,53.9712890267,1.8353281038
1.0672975000,400,0.4186252774,53.9712890267,1.8353281038
1.0678127000,401,0.4186252774,53.9712890267,1.8353281038
1.0683050000,402,0.4186252774,53.9712890267,1.8353281038
1.0688127000,403,0.4186252774,53.9712890267,1.8353281038
1.0693068000,404,0.4186252774,53.9712890267,1.8353281038
1.0698648000,405,0.4186252774,53.9712890267,1.8353281038
1.0703722000,406,0.4186252774,53.9712890267,1.8353281038
1.0708750000,407,0.4186252774,53.9712890267,1.8353281038
1.0713823000,408,0.4186252774,53.9712890267,1.8353281038
1.0718739000,409,0.4186252774,53.9712890267,1.8353281038
1.0723995000,410,0.4186252774,53.9712890267,1.8353281038
1.0729842000,411,0.4186252774,53.9712890267,1.8353281038
1.0735200000,412,0.4186252774,53.9712890267,1.8353281038
1.0740169000,413,0.4186252774,53.9712890267,1.8353281038
1.0745180000,414,0.4186252774,53.9712890267,1.8353281038
1.0750343000,415,0.4186252774,53.9712890267,1.8353281038
1.0755448000,416,0.4186252774,53.9712890267,1.8353281038
1.0760450000,417,0.4186252774,53.9712890267,1.8353281038
1.0765394000,418,0.4186252774,53.9712890267,1.8353281038
1.0771404000,419,0.4186252774,53.9712890267,1.8353281038
1.0776556000,420,0.4186252774,53.9712890267,1.8353281038
1.0781547000,421,0.4186252774,53.9712890267,1.8353281038
1.0789935000,422,0.4186252774,53.9712890267,1.8353281038
1.0795509000,423,0.4186252774,53.9712890267,1.8353281038
1.0800389000,424,0.4186252774,53.9712890267,1.8353281038
1.0805295000,425,0.4186252774,53.9712890267,1.8353281038
1.0810183000,426,0.4186252774,53.9712890267,1.8353281038
1.0815294000,427,0.4186252774,53.9712890267,1.8353281038
1.0820648000,428,0.4186252774,53.9712890267,1.8353281038
1.0825733000,429,0.4186252774,53.9712890267,1.8353281038
1.0830792000,430,0.4186252774,53.9712890267,1.8353281038
1.0835836000,431,0.4186252774,53.9712890267,1.8353281038
1.0840973000,432,0.4186252774,53.9712890267,1.8353281038
1.0845998000,433,0.4186252774,53.9712890267,1.8353281038
1.0852486000,434,0.4186252774,53.9712890267,1.8353281038
1.0858512000,435,0.4186252774,53.9712890267,1.8353281038
1.0863484000,436,0.4186252774,53.9712890267,1.8353281038
1.0868696000,437,0.4186252774,53.9712890267,1.8353281038
1.0873725000,438,0.4186252774,53.9712890267,1.8353281038
1.0878744000,439,0.4186252774,53.9712890267,1.8353281038
1.0883717000,440,0.4186252774,53.9712890267,1.8353281038
1.0888673000,441,0.4186252774,53.9712890267,1.8353281038
1.0893829000,442,0.4186252774,53.9712890267,1.8353281038
1.0898998000,443,0.4186252774,53.9712890267,1.8353281038
1.0904065000,444,0.4186252774,53.9712890267,1.8353281038
1.0908981000,445,0.4186252774,53.9712890267,1.8353281038
1.0914076000,446,0.4186252774,53.9712890267,1.8353281038
1.0919081000,447,0.4186252774,53.9712890267,1.8353281038
1.0924077000,448,0.4186252774,53.9712890267,1.8353281038
1.2383764000,449,0.4186252774,53.9712890267,1.8353281038
1.2388768000,450,0.4186252774,53.9712890267,1.8353281038
1.2393755000,451,0.4186252774,53.9712890267,1.8353281038
1.2398874000,452,0.4186252774,53.9712890267,1.8353281038
1.2403807000,453,0.4186252774,53.9712890267,1.8353281038
1.2408833000,454,0.4186252774,53.9712890267,1.8353281038
1.2413787000,455,0.4186252774,53.9712890267,1.8353281038
1.2418709000,456,0.4186252774,53.9712890267,1.8353281038
1.2423604000,457,0.4186252774,53.9712890267,1.8353281038
1.2428499000,458,0.4186252774,53.9712890267,1.8353281038
1.2433409000,459,0.4186252774,53.9712890267,1.8353281038
1.2439830000,460,0.4186252774,53.9712890267,1.8353281038
1.2445293000,461,0.4186252774,53.9712890267,1.8353281038
1.2454284000,462,0.4186252774,53.9712890267,1.8353281038
1.2459387000,463,0.4186252774,53.9712890267,1.8353281038
1.2464412000,464,0.4186252774,53.9712890267,1.8353281038
1.2469696000,465,0.4186252774,53.9712890267,1.8353281038
1.2475921000,466,0.4186252774,53.9712890267,1.8353281038
1.2481935000,467,0.4186252774,53.9712890267,1.8353281038
1.2487400000,468,0.4186252774,53.9712890267,1.8353281038
1.2492773000,469,0.4186252774,53.9712890267,1.8353281038
1.2498069000,470,0.4186252774,53.9712890267,1.8353281038
1.2503134000,471,0.4186252774,53.9712890267,1.8353281038
1.2508132000,472,0.4186252774,53.9712890267,1.8353281038
1.2513168000,473,0.4186252774,53.9712890267,1.8353281038
1.2520896000,474,0.4186252774,53.9712890267,1.8353281038
1.2527447000,475,0.4186252774,53.9712890267,1.8353281038
1.2532608000,476,0.4186252774,53.9712890267,1.8353281038
1.2538188000,477,0.4186252774,53.9712890267,1.8353281038
1.2546189000,478,0.4186252774,53.9712890267,1.8353281038
1.2551261000,479,0.4186252774,53.9712890267,1.8353281038
1.2556377000,480,0.4186252774,53.9712890267,1.8353281038
1.2562804000,481,0.4186252774,53.9712890267,1.8353281038
1.2567942000,482,0.4186252774,53.9712890267,1.8353281038
1.2574895000,483,0.4186252774,53.9712890267,1.8353281038
1.2580488000,484,0.4186252774,53.9712890267,1.8353281038
1.2585519000,485,0.4186252774,53.9712890267,1.8353281038
1.2590564000,486,0.4186252774,53.9712890267,1.8353281038
1.2595598000,487,0.4186252774,53.9712890267,1.8353281038
1.2602752000,488,0.4186252774,53.9712890267,1.8353281038
1.2609181000,489,0.4186252774,53.9712890267,1.8353281038
1.2614721000,490,0.4186252774,53.9712890267,1.8353281038
1.2619738000,491,0.4186252774,53.9712890267,1.8353281038
1.2625287000,492,0.4186252774,53.9712890267,1.8353281038
1.2632409000,493,0.4186252774,53.9712890267,1.8353281038
1.2637528000,494,0.4186252774,53.9712890267,1.8353281038
1.2642498000,495,0.4186252774,53.9712890267,1.8353281038
1.2647864000,496,0.4186252774,53.9712890267,1.8353281038
1.2653055000,497,0.4186252774,53.9712890267,1.8353281038
1.2658395000,498,0.4186252774,53.9712890267,1.8353281038
1.2663411000,499,0.4186252774,53.9712890267,1.8353281038
1.2668406000,500,0.4186252774,53.9712890267,1.8353281038
1.2674096000,501,0.4186252774,53.9712890267,1.8353281038
1.2679218000,502,0.4186252774,53.9712890267,1.8353281038
1.2685794000,503,0.4186252774,53.9712890267,1.8353281038
1.2693710000,504,0.4186252774,53.9712890267,1.8353281038
1.2698783000,505,0.4186252774,53.9712890267,1.8353281038
1.2703816000,506,0.4186252774,53.9712890267,1.8353281038
1.2710167000,507,0.4186252774,53.9712890267,1.8353281038
1.2716120000,508,0.4186252774,53.9712890267,1.8353281038
1.2721063000,509,0.4186252774,53.9712890267,1.8353281038
1.2726540000,510,0.4186252774,53.9712890267,1.8353281038
1.2734042000,511,0.4186252774,53.9712890267,1.8353281038
1.2739215000,512,0.4186252774,53.9712890267,1.8353281038
1.4174367000,513,0.4186252774,53.9712890267,1.8353281038
1.4179354000,514,0.4186252774,53.9712890267,1.8353281038
1.4184392000,515,0.4186252774,53.9712890267,1.8353281038
1.4189935000,516,0.4186252774,53.9712890267,1.8353281038
1.4195445000,517,0.4186252774,53.9712890267,1.8353281038
1.4204655000,518,0.4186252774,53.9712890267,1.8353281038
1.4209681000,519,0.4186252774,53.9712890267,1.8353281038
1.4214894000,520,0.4186252774,53.9712890267,1.8353281038
1.4220147000,521,0.4186252774,53.9712890267,1.8353281038
1.4225130000,522,0.4186252774,53.9712890267,1.8353281038
1.4231111000,523,0.4186252774,53.9712890267,1.8353281038
1.4236093000,524,0.4186252774,53.9712890267,1.8353281038
1.4241022000,525,0.4186252774,53.9712890267,1.8353281038
1.4245988000,526,0.4186252774,53.9712890267,1.8353281038
1.4250913000,527,0.4186252774,53.9712890267,1.8353281038
1.4255848000,528,0.4186252774,53.9712890267,1.8353281038
1.4261254000,529,0.4186252774,53.9712890267,1.8353281038
1.4266484000,530,0.4186252774,53.9712890267,1.8353281038
1.4273110000,531,0.4186252774,53.9712890267,1.8353281038
1.4278198000,532,0.4186252774,53.9712890267,1.8353281038
1.4283413000,533,0.4186252774,53.9712890267,1.8353281038
1.4289144000,534,0.4186252774,53.9712890267,1.8353281038
1.4294623000,535,0.4186252774,53.9712890267,1.8353281038
1.4300313000,536,0.4186252774,53.9712890267,1.8353281038
1.4306265000,537,0.4186252774,53.9712890267,1.8353281038
1.4312204000,538,0.4186252774,53.9712890267,1.8353281038
1.4317553000,539,0.4186252774,53.9712890267,1.8353281038
1.4322924000,540,0.4186252774,53.9712890267,1.8353281038
1.4327928000,541,0.4186252774,53.9712890267,1.8353281038
1.4333015000,542,0.4186252774,53.9712890267,1.8353281038
1.4337987000,543,0.4186252774,53.9712890267,1.8353281038
1.4342964000,544,0.4186252774,53.9712890267,1.8353281038
1.4347920000,545,0.4186252774,53.9712890267,1.8353281038
1.4352897000,546,0.4186252774,53.9712890267,1.8353281038
1.4358252000,547,0.4186252774,53.9712890267,1.8353281038
1.4363275000,548,0.4186252774,53.9712890267,1.8353281038
1.4368345000,549,0.4186252774,53.9712890267,1.8353281038
1.4373515000,550,0.4186252774,53.9712890267,1.8353281038
1.4378735000,551,0.4186252774,53.9712890267,1.8353281038
1.4383811000,552,0.4186252774,53.9712890267,1.8353281038
1.4388920000,553,0.4186252774,53.9712890267,1.8353281038
1.4395490000,554,0.4186252774,53.9712890267,1.8353281038
1.4401709000,555,0.4186252774,53.9712890267,1.8353281038
1.4406974000,556,0.4186252774,53.9712890267,1.8353281038
1.4414346000,557,0.4186252774,53.9712890267,1.8353281038
1.4419823000,558,0.4186252774,53.9712890267,1.8353281038
1.4424861000,559,0.4186252774,53.9712890267,1.8353281038
1.4430000000,560,0.4186252774,53.9712890267,1.8353281038
1.4436405000,561,0.4186252774,53.9712890267,1.8353281038
1.4443357000,562,0.4186252774,53.9712890267,1.8353281038
1.4448823000,563,0.4186252774,53.9712890267,1.8353281038
1.4453728000,564,0.4186252774,53.9712890267,1.8353281038
1.4459163000,565,0.4186252774,53.9712890267,1.8353281038
1.4464157000,566,0.4186252774,53.9712890267,1.8353281038
1.4470931000,567,0.4186252774,53.9712890267,1.8353281038
1.4475939000,568,0.4186252774,53.9712890267,1.8353281038
1.4481033000,569,0.4186252774,53.9712890267,1.8353281038
1.4487631000,570,0.4186252774,53.9712890267,1.8353281038
1.4493667000,571,0.4186252774,53.9712890267,1.8353281038
1.4499525000,572,0.4186252774,53.9712890267,1.8353281038
1.4504498000,573,0.4186252774,53.9712890267,1.8353281038
1.4509798000,574,0.4186252774,53.9712890267,1.8353281038
1.4514969000,575,0.4186252774,53.9712890267,1.8353281038
1.4520182000,576,0.4186252774,53.9712890267,1.8353281038
1.5932039000,577,0.4186252774,53.9712890267,1.8353281038
1.5937078000,578,0.4186252774,53.9712890267,1.8353281038
1.5942061000,579,0.4186252774,53.9712890267,1.8353281038
1.5947308000,580,0.4186252774,53.9712890267,1.8353281038
1.5952407000,581,0.4186252774,53.9712890267,1.8353281038
1.5957456000,582,0.4186252774,53.9712890267,1.8353281038
1.5962436000,583,0.4186252774,53.9712890267,1.8353281038
1.5967426000,584,0.4186252774,53.9712890267,1.8353281038
1.5972464000,585,0.4186252774,53.9712890267,1.8353281038
1.5977429000,586,0.4186252774,53.9712890267,1.8353281038
1.5982359000,587,0.4186252774,53.9712890267,1.8353281038
1.5987726000,588,0.4186252774,53.9712890267,1.8353281038
1.5997389000,589,0.4186252774,53.9712890267,1.8353281038
1.6002340000,590,0.4186252774,53.9712890267,1.8353281038
1.6007289000,591,0.4186252774,53.9712890267,1.8353281038
1.6012326000,592,0.4186252774,53.9712890267,1.8353281038
1.6019530000,593,0.4186252774,53.9712890267,1.8353281038
1.6024690000,594,0.4186252774,53.9712890267,1.8353281038
1.6029800000,595,0.4186252774,53.9712890267,1.8353281038
1.6034863000,596,0.4186252774,53.9712890267,1.8353281038
1.6039913000,597,0.4186252774,53.9712890267,1.8353281038
1.6044892000,598,0.4186252774,53.9712890267,1.8353281038
1.6049918000,599,0.4186252774,53.9712890267,1.8353281038
1.6054990000,600,0.4186252774,53.9712890267,1.8353281038
1.6061406000,601,0.4186252774,53.9712890267,1.8353281038
1.6066773000,602,0.4186252774,53.9712890267,1.8353281038
1.6071889000,603,0.4186252774,53.9712890267,1.8353281038
1.6077029000,604,0.4186252774,53.9712890267,1.8353281038
1.6082008000,605,0.4186252774,53.9712890267,1.8353281038
1.6086969000,606,0.4186252774,53.9712890267,1.8353281038
1.6091884000,607,0.4186252774,53.9712890267,1.8353281038
1.6096900000,608,0.4186252774,53.9712890267,1.8353281038
1.6104611000,609,0.4186252774,53.9712890267,1.8353281038
1.6109572000,610,0.4186252774,53.9712890267,1.8353281038
1.6114827000,611,0.4186252774,53.9712890267,1.8353281038
1.6120910000,612,0.4186252774,53.9712890267,1.8353281038
1.6125952000,613,0.4186252774,53.9712890267,1.8353281038
1.6130950000,614,0.4186252774,53.9712890267,1.8353281038
1.6135961000,615,0.4186252774,53.9712890267,1.8353281038
1.6143134000,616,0.4186252774,53.9712890267,1.8353281038
1.6148607000,617,0.4186252774,53.9712890267,1.8353281038
1.6153580000,618,0.4186252774,53.9712890267,1.8353281038
1.6158468000,619,0.4186252774,53.9712890267,1.8353281038
1.6167134000,620,0.4186252774,53.9712890267,1.8353281038
1.6172171000,621,0.4186252774,53.9712890267,1.8353281038
1.6177384000,622,0.4186252774,53.9712890267,1.8353281038
1.6182400000,623,0.4186252774,53.9712890267,1.8353281038
1.6187454000,624,0.4186252774,53.9712890267,1.8353281038
1.6192597000,625,0.4186252774,53.9712890267,1.8353281038
1.6198439000,626,0.4186252774,53.9712890267,1.8353281038
1.6206229000,627,0.4186252774,53.9712890267,1.8353281038
1.6211178000,628,0.4186252774,53.9712890267,1.8353281038
1.6216585000,629,0.4186252774,53.9712890267,1.8353281038
1.6221749000,630,0.4186252774,53.9712890267,1.8353281038
1.6229407000,631,0.4186252774,53.9712890267,1.8353281038
1.6236229000,632,0.4186252774,53.9712890267,1.8353281038
1.6241237000,633,0.4186252774,53.9712890267,1.8353281038
1.6246483000,634,0.4186252774,53.9712890267,1.8353281038
1.6251494000,635,0.4186252774,53.9712890267,1.8353281038
1.6256515000,636,0.4186252774,53.9712890267,1.8353281038
1.6261456000,637,0.4186252774,53.9712890267,1.8353281038
1.6267873000,638,0.4186252774,53.9712890267,1.8353281038
1.6273780000,639,0.4186252774,53.9712890267,1.8353281038
1.6282532000,640,0.4186252774,53.9712890267,1.8353281038
1.7777451000,641,0.4186252774,53.9712890267,1.8353281038
1.7782854000,642,0.4186252774,53.9712890267,1.8353281038
1.7790186000,643,0.4186252774,53.9712890267,1.8353281038
1.7795249000,644,0.4186252774,53.9712890267,1.8353281038
1.7801152000,645,0.4186252774,53.9712890267,1.8353281038
1.7806582000,646,0.4186252774,53.9712890267,1.8353281038
1.7813525000,647,0.4186252774,53.9712890267,1.8353281038
1.7819173000,648,0.4186252774,53.9712890267,1.8353281038
1.7824521000,649,0.4186252774,53.9712890267,1.8353281038
1.7829545000,650,0.4186252774,53.9712890267,1.8353281038
1.7834527000,651,0.4186252774,53.9712890267,1.8353281038
1.7839545000,652,0.4186252774,53.9712890267,1.8353281038
1.7844454000,653,0.4186252774,53.9712890267,1.8353281038
1.7850679000,654,0.4186252774,53.9712890267,1.8353281038
1.7856049000,655,0.4186252774,53.9712890267,1.8353281038
1.7861126000,656,0.4186252774,53.9712890267,1.8353281038
1.7866306000,657,0.4186252774,53.9712890267,1.8353281038
1.7871404000,658,0.4186252774,53.9712890267,1.8353281038
1.7876445000,659,0.4186252774,53.9712890267,1.8353281038
1.7881542000,660,0.4186252774,53.9712890267,1.8353281038
1.7886557000,661,0.4186252774,53.9712890267,1.8353281038
1.7892927000,662,0.4186252774,53.9712890267,1.8353281038
1.7898600000,663,0.4186252774,53.9712890267,1.8353281038
1.7904204000,664,0.4186252774,53.9712890267,1.8353281038
1.7909293000,665,0.4186252774,53.9712890267,1.8353281038
1.7914695000,666,0.4186252774,53.9712890267,1.8353281038
1.7921161000,667,0.4186252774,53.9712890267,1.8353281038
1.7926380000,668,0.4186252774,53.9712890267,1.8353281038
1.7931336000,669,0.4186252774,53.9712890267,1.8353281038
1.7936430000,670,0.4186252774,53.9712890267,1.8353281038
1.7943738000,671,0.4186252774,53.9712890267,1.8353281038
1.7949187000,672,0.4186252774,53.9712890267,1.8353281038
1.7954307000,673,0.4186252774,53.9712890267,1.8353281038
1.7959472000,674,0.4186252774,53.9712890267,1.8353281038
1.7964990000,675,0.4186252774,53.9712890267,1.8353281038
1.7970165000,676,0.4186252774,53.9712890267,1.8353281038
1.7975460000,677,0.4186252774,53.9712890267,1.8353281038
1.7981616000,678,0.4186252774,53.9712890267,1.8353281038
1.7987856000,679,0.4186252774,53.9712890267,1.8353281038
1.7993535000,680,0.4186252774,53.9712890267,1.8353281038
1.7999025000,681,0.4186252774,53.9712890267,1.8353281038
1.8004374000,682,0.4186252774,53.9712890267,1.8353281038
1.8009394000,683,0.4186252774,53.9712890267,1.8353281038
1.8014764000,684,0.4186252774,53.9712890267,1.8353281038
1.8020319000,685,0.4186252774,53.9712890267,1.8353281038
1.8027174000,686,0.4186252774,53.9712890267,1.8353281038
1.8032240000,687,0.4186252774,53.9712890267,1.8353281038
1.8037412000,688,0.4186252774,53.9712890267,1.8353281038
1.8042461000,689,0.4186252774,53.9712890267,1.8353281038
1.8047881000,690,0.4186252774,53.9712890267,1.8353281038
1.8053037000,691,0.4186252774,53.9712890267,1.8353281038
1.8058845000,692,0.4186252774,53.9712890267,1.8353281038
1.8067205000,693,0.4186252774,53.9712890267,1.8353281038
1.8072996000,694,0.4186252774,53.9712890267,1.8353281038
1.8078194000,695,0.4186252774,53.9712890267,1.8353281038
1.8083428000,696,0.4186252774,53.9712890267,1.8353281038
1.8088411000,697,0.4186252774,53.9712890267,1.8353281038
1.8093432000,698,0.4186252774,53.9712890267,1.8353281038
1.8098548000,699,0.4186252774,53.9712890267,1.8353281038
1.8103561000,700,0.4186252774,53.9712890267,1.8353281038
1.8108553000,701,0.4186252774,53.9712890267,1.8353281038
1.8113753000,702,0.4186252774,53.9712890267,1.8353281038
1.8120212000,703,0.4186252774,53.9712890267,1.8353281038
1.8126456000,704,0.4186252774,53.9712890267,1.8353281038
1.9542013000,705,0.4186252774,53.9712890267,1.8353281038
1.9546998000,706,0.4186252774,53.9712890267,1.8353281038
1.9551978000,707,0.4186252774,53.9712890267,1.8353281038
1.9557003000,708,0.4186252774,53.9712890267,1.8353281038
1.9563028000,709,0.4186252774,53.9712890267,1.8353281038
1.9568323000,710,0.4186252774,53.9712890267,1.8353281038
1.9573257000,711,0.4186252774,53.9712890267,1.8353281038
1.9578282000,712,0.4186252774,53.9712890267,1.8353281038
1.9583240000,713,0.4186252774,53.9712890267,1.8353281038
1.9588302000,714,0.4186252774,53.9712890267,1.8353281038
1.9593279000,715,0.4186252774,53.9712890267,1.8353281038
1.9598192000,716,0.4186252774,53.9712890267,1.8353281038
1.9604968000,717,0.4186252774,53.9712890267,1.8353281038
1.9610379000,718,0.4186252774,53.9712890267,1.8353281038
1.9615441000,719,0.4186252774,53.9712890267,1.8353281038
1.9620525000,720,0.4186252774,53.9712890267,1.8353281038
1.9625797000,721,0.4186252774,53.9712890267,1.8353281038
1.9630889000,722,0.4186252774,53.9712890267,1.8353281038
1.9636032000,723,0.4186252774,53.9712890267,1.8353281038
1.9641060000,724,0.4186252774,53.9712890267,1.8353281038
1.9646457000,725,0.4186252774,53.9712890267,1.8353281038
1.9651762000,726,0.4186252774,53.9712890267,1.8353281038
1.9656826000,727,0.4186252774,53.9712890267,1.8353281038
1.9662070000,728,0.4186252774,53.9712890267,1.8353281038
1.9667496000,729,0.4186252774,53.9712890267,1.8353281038
1.9672864000,730,0.4186252774,53.9712890267,1.8353281038
1.9678283000,731,0.4186252774,53.9712890267,1.8353281038
1.9684944000,732,0.4186252774,53.9712890267,1.8353281038
1.9692718000,733,0.4186252774,53.9712890267,1.8353281038
1.9697898000,734,0.4186252774,53.9712890267,1.8353281038
1.9702980000,735,0.4186252774,53.9712890267,1.8353281038
1.9707973000,736,0.4186252774,53.9712890267,1.8353281038
1.9712976000,737,0.4186252774,53.9712890267,1.8353281038
1.9717971000,738,0.4186252774,53.9712890267,1.8353281038
1.9723146000,739,0.4186252774,53.9712890267,1.8353281038
1.9728256000,740,0.4186252774,53.9712890267,1.8353281038
1.9733981000,741,0.4186252774,53.9712890267,1.8353281038
1.9739742000,742,0.4186252774,53.9712890267,1.8353281038
1.9744918000,743,0.4186252774,53.9712890267,1.8353281038
1.9750046000,744,0.4186252774,53.9712890267,1.8353281038
1.9755535000,745,0.4186252774,53.9712890267,1.8353281038
1.9760506000,746,0.4186252774,53.9712890267,1.8353281038
1.9765491000,747,0.4186252774,53.9712890267,1.8353281038
1.9771193000,748,0.4186252774,53.9712890267,1.8353281038
1.9776705000,749,0.4186252774,53.9712890267,1.8353281038
1.9781811000,750,0.4186252774,53.9712890267,1.8353281038
1.9786946000,751,0.4186252774,53.9712890267,1.8353281038
1.9791906000,752,0.4186252774,53.9712890267,1.8353281038
1.9796899000,753,0.4186252774,53.9712890267,1.8353281038
1.9801864000,754,0.4186252774,53.9712890267,1.8353281038
1.9807051000,755,0.4186252774,53.9712890267,1.8353281038
1.9818173000,756,0.4186252774,53.9712890267,1.8353281038
1.9824807000,757,0.4186252774,53.9712890267,1.8353281038
1.9829975000,758,0.4186252774,53.9712890267,1.8353281038
1.9835169000,759,0.4186252774,53.9712890267,1.8353281038
1.9840659000,760,0.4186252774,53.9712890267,1.8353281038
1.9849369000,761,0.4186252774,53.9712890267,1.8353281038
1.9854448000,762,0.4186252774,53.9712890267,1.8353281038
1.9859565000,763,0.4186252774,53.9712890267,1.8353281038
1.9864534000,764,0.4186252774,53.9712890267,1.8353281038
1.9869432000,765,0.4186252774,53.9712890267,1.8353281038
1.9874659000,766,0.4186252774,53.9712890267,1.8353281038
1.9879646000,767,0.4186252774,53.9712890267,1.8353281038
1.9884738000,768,0.4186252774,53.9712890267,1.8353281038
2.1291153000,769,0.4186252774,53.9712890267,1.8353281038
2.1296196000,770,0.4186252774,53.9712890267,1.8353281038
2.1301200000,771,0.4186252774,53.9712890267,1.8353281038
2.1306142000,772,0.4186252774,53.9712890267,1.8353281038
2.1311197000,773,0.4186252774,53.9712890267,1.8353281038
2.1318219000,774,0.4186252774,53.9712890267,1.8353281038
2.1323334000,775,0.4186252774,53.9712890267,1.8353281038
2.1328223000,776,0.4186252774,53.9712890267,1.8353281038
2.1333178000,777,0.4186252774,53.9712890267,1.8353281038
2.1338203000,778,0.4186252774,53.9712890267,1.8353281038
2.1343321000,779,0.4186252774,53.9712890267,1.8353281038
2.1348305000,780,0.4186252774,53.9712890267,1.8353281038
2.1354718000,781,0.4186252774,53.9712890267,1.8353281038
2.1360903000,782,0.4186252774,53.9712890267,1.8353281038
2.1365807000,783,0.4186252774,53.9712890267,1.8353281038
2.1370771000,784,0.4186252774,53.9712890267,1.8353281038
2.1375947000,785,0.4186252774,53.9712890267,1.8353281038
2.1380973000,786,0.4186252774,53.9712890267,1.8353281038
2.1386004000,787,0.4186252774,53.9712890267,1.8353281038
2.1391144000,788,0.4186252774,53.9712890267,1.8353281038
2.1396203000,789,0.4186252774,53.9712890267,1.8353281038
2.1401457000,790,0.4186252774,53.9712890267,1.8353281038
2.1406558000,791,0.4186252774,53.9712890267,1.8353281038
2.1412094000,792,0.4186252774,53.9712890267,1.8353281038
2.1417448000,793,0.4186252774,53.9712890267,1.8353281038
2.1423905000,794,0.4186252774,53.9712890267,1.8353281038
2.1430332000,795,0.4186252774,53.9712890267,1.8353281038
2.1437659000,796,0.4186252774,53.9712890267,1.8353281038
2.1443038000,797,0.4186252774,53.9712890267,1.8353281038
2.1448458000,798,0.4186252774,53.9712890267,1.8353281038
2.1454083000,799,0.4186252774,53.9712890267,1.8353281038
2.1459304000,800,0.4186252774,53.9712890267,1.8353281038
2.1465639000,801,0.4186252774,53.9712890267,1.8353281038
2.1471351000,802,0.4186252774,53.9712890267,1.8353281038
2.1479130000,803,0.4186252774,53.9712890267,1.8353281038
2.1486102000,804,0.4186252774,53.9712890267,1.8353281038
2.1492079000,805,0.4186252774,53.9712890267,1.8353281038
2.1497108000,806,0.4186252774,53.9712890267,1.8353281038
2.1502264000,807,0.4186252774,53.9712890267,1.8353281038
2.1508021000,808,0.4186252774,53.9712890267,1.8353281038
2.1514500000,809,0.4186252774,53.9712890267,1.8353281038
2.1525624000,810,0.4186252774,53.9712890267,1.8353281038
2.1531498000,811,0.4186252774,53.9712890267,1.8353281038
2.1537782000,812,0.4186252774,53.9712890267,1.8353281038
2.1543002000,813,0.4186252774,53.9712890267,1.8353281038
2.1548302000,814,0.4186252774,53.9712890267,1.8353281038
2.1553339000,815,0.4186252774,53.9712890267,1.8353281038
2.1558924000,816,0.4186252774,53.9712890267,1.8353281038
2.1565667000,817,0.4186252774,53.9712890267,1.8353281038
2.1570713000,818,0.4186252774,53.9712890267,1.8353281038
2.1575952000,819,0.4186252774,53.9712890267,1.8353281038
2.1583332000,820,0.4186252774,53.9712890267,1.8353281038
2.1588899000,821,0.4186252774,53.9712890267,1.8353281038
2.1594089000,822,0.4186252774,53.9712890267,1.8353281038
2.1599223000,823,0.4186252774,53.9712890267,1.8353281038
2.1604611000,824,0.4186252774,53.9712890267,1.8353281038
2.1610196000,825,0.4186252774,53.9712890267,1.8353281038
2.1615382000,826,0.4186252774,53.9712890267,1.8353281038
2.1620957000,827,0.4186252774,53.9712890267,1.8353281038
2.1627155000,828,0.4186252774,53.9712890267,1.8353281038
2.1632175000,829,0.4186252774,53.9712890267,1.8353281038
2.1637867000,830,0.4186252774,53.9712890267,1.8353281038
2.1643444000,831,0.4186252774,53.9712890267,1.8353281038
2.1649624000,832,0.4186252774,53.9712890267,1.8353281038
2.3164861000,833,0.4186252774,53.9712890267,1.8353281038
2.3169977000,834,0.4186252774,53.9712890267,1.8353281038
2.3174912000,835,0.4186252774,53.9712890267,1.8353281038
2.3179853000,836,0.4186252774,53.9712890267,1.8353281038
2.3185741000,837,0.4186252774,53.9712890267,1.8353281038
2.3191990000,838,0.4186252774,53.9712890267,1.8353281038
2.3196929000,839,0.4186252774,53.9712890267,1.8353281038
2.3201999000,840,0.4186252774,53.9712890267,1.8353281038
2.3206954000,841,0.4186252774,53.9712890267,1.8353281038
2.3211878000,842,0.4186252774,53.9712890267,1.8353281038
2.3216869000,843,0.4186252774,53.9712890267,1.8353281038
2.3221848000,844,0.4186252774,53.9712890267,1.8353281038
2.3226790000,845,0.4186252774,53.9712890267,1.8353281038
2.3231904000,846,0.4186252774,53.9712890267,1.8353281038
2.3236847000,847,0.4186252774,53.9712890267,1.8353281038
2.3242574000,848,0.4186252774,53.9712890267,1.8353281038
2.3251325000,849,0.4186252774,53.9712890267,1.8353281038
2.3256389000,850,0.4186252774,53.9712890267,1.8353281038
2.3261500000,851,0.4186252774,53.9712890267,1.8353281038
2.3266465000,852,0.4186252774,53.9712890267,1.8353281038
2.3271504000,853,0.4186252774,53.9712890267,1.8353281038
2.3276619000,854,0.4186252774,53.9712890267,1.8353281038
2.3281664000,855,0.4186252774,53.9712890267,1.8353281038
2.3286644000,856,0.4186252774,53.9712890267,1.8353281038
2.3291573000,857,0.4186252774,53.9712890267,1.8353281038
2.3296887000,858,0.4186252774,53.9712890267,1.8353281038
2.3301846000,859,0.4186252774,53.9712890267,1.8353281038
2.3306963000,860,0.4186252774,53.9712890267,1.8353281038
2.3312153000,861,0.4186252774,53.9712890267,1.8353281038
2.3317670000,862,0.4186252774,53.9712890267,1.8353281038
2.3323223000,863,0.4186252774,53.9712890267,1.8353281038
2.3328607000,864,0.4186252774,53.9712890267,1.8353281038
2.3333895000,865,0.4186252774,53.9712890267,1.8353281038
2.3339074000,866,0.4186252774,53.9712890267,1.8353281038
2.3344258000,867,0.4186252774,53.9712890267,1.8353281038
2.3349306000,868,0.4186252774,53.9712890267,1.8353281038
2.3356724000,869,0.4186252774,53.9712890267,1.8353281038
2.3362422000,870,0.4186252774,53.9712890267,1.8353281038
2.3367494000,871,0.4186252774,53.9712890267,1.8353281038
2.3372513000,872,0.4186252774,53.9712890267,1.8353281038
2.3377582000,873,0.4186252774,53.9712890267,1.8353281038
2.3382504000,874,0.4186252774,53.9712890267,1.8353281038
2.3387425000,875,0.4186252774,53.9712890267,1.8353281038
2.3392706000,876,0.4186252774,53.9712890267,1.8353281038
2.3397894000,877,0.4186252774,53.9712890267,1.8353281038
2.3402920000,878,0.4186252774,53.9712890267,1.8353281038
2.3408126000,879,0.4186252774,53.9712890267,1.8353281038
2.3413499000,880,0.4186252774,53.9712890267,1.8353281038
2.3418780000,881,0.4186252774,53.9712890267,1.8353281038
2.3423943000,882,0.4186252774,53.9712890267,1.8353281038
2.3429249000,883,0.4186252774,53.9712890267,1.8353281038
2.3434453000,884,0.4186252774,53.9712890267,1.8353281038
2.3440665000,885,0.4186252774,53.9712890267,1.8353281038
2.3446080000,886,0.4186252774,53.9712890267,1.8353281038
2.3451283000,887,0.4186252774,53.9712890267,1.8353281038
2.3456335000,888,0.4186252774,53.9712890267,1.8353281038
2.3461341000,889,0.4186252774,53.9712890267,1.8353281038
2.3466374000,890,0.4186252774,53.9712890267,1.8353281038
2.3471427000,891,0.4186252774,53.9712890267,1.8353281038
2.3476685000,892,0.4186252774,53.9712890267,1.8353281038
2.3482690000,893,0.4186252774,53.9712890267,1.8353281038
2.3492538000,894,0.4186252774,53.9712890267,1.8353281038
2.3497724000,895,0.4186252774,53.9712890267,1.8353281038
2.3502872000,896,0.4186252774,53.9712890267,1.8353281038
2.4898810000,897,0.4186252774,53.9712890267,1.8353281038
2.4905025000,898,0.4186252774,53.9712890267,1.8353281038
2.4910462000,899,0.4186252774,53.9712890267,1.8353281038
2.4915970000,900,0.4186252774,53.9712890267,1.8353281038
2.4921668000,901,0.4186252774,53.9712890267,1.8353281038
2.4927168000,902,0.4186252774,53.9712890267,1.8353281038
2.4934108000,903,0.4186252774,53.9712890267,1.8353281038
2.4940647000,904,0.4186252774,53.9712890267,1.8353281038
2.4945965000,905,0.4186252774,53.9712890267,1.8353281038
2.4951559000,906,0.4186252774,53.9712890267,1.8353281038
2.4956701000,907,0.4186252774,53.9712890267,1.8353281038
2.4965046000,908,0.4186252774,53.9712890267,1.8353281038
2.4970347000,909,0.4186252774,53.9712890267,1.8353281038
2.4975812000,910,0.4186252774,53.9712890267,1.8353281038
2.4981753000,911,0.4186252774,53.9712890267,1.8353281038
2.4987236000,912,0.4186252774,53.9712890267,1.8353281038
2.4992795000,913,0.4186252774,53.9712890267,1.8353281038
2.4998016000,914,0.4186252774,53.9712890267,1.8353281038
2.5003356000,915,0.4186252774,53.9712890267,1.8353281038
2.5008699000,916,0.4186252774,53.9712890267,1.8353281038
2.5013997000,917,0.4186252774,53.9712890267,1.8353281038
2.5021145000,918,0.4186252774,53.9712890267,1.8353281038
2.5029435000,919,0.4186252774,53.9712890267,1.8353281038
2.5036995000,920,0.4186252774,53.9712890267,1.8353281038
2.5041999000,921,0.4186252774,53.9712890267,1.8353281038
2.5047691000,922,0.4186252774,53.9712890267,1.8353281038
2.5052854000,923,0.4186252774,53.9712890267,1.8353281038
2.5058232000,924,0.4186252774,53.9712890267,1.8353281038
2.5065019000,925,0.4186252774,53.9712890267,1.8353281038
2.5070269000,926,0.4186252774,53.9712890267,1.8353281038
2.5075274000,927,0.4186252774,53.9712890267,1.8353281038
2.5080923000,928,0.4186252774,53.9712890267,1.8353281038
2.5085946000,929,0.4186252774,53.9712890267,1.8353281038
2.5090908000,930,0.4186252774,53.9712890267,1.8353281038
2.5096315000,931,0.4186252774,53.9712890267,1.8353281038
2.5102220000,932,0.4186252774,53.9712890267,1.8353281038
2.5107595000,933,0.4186252774,53.9712890267,1.8353281038
2.5112806000,934,0.4186252774,53.9712890267,1.8353281038
2.5119245000,935,0.4186252774,53.9712890267,1.8353281038
2.5125038000,936,0.4186252774,53.9712890267,1.8353281038
2.5130100000,937,0.4186252774,53.9712890267,1.8353281038
2.5135364000,938,0.4186252774,53.9712890267,1.8353281038
2.5140643000,939,0.4186252774,53.9712890267,1.8353281038
2.5146446000,940,0.4186252774,53.9712890267,1.8353281038
2.5151775000,941,0.4186252774,53.9712890267,1.8353281038
2.5157013000,942,0.4186252774,53.9712890267,1.8353281038
2.5162153000,943,0.4186252774,53.9712890267,1.8353281038
2.5167379000,944,0.4186252774,53.9712890267,1.8353281038
2.5172492000,945,0.4186252774,53.9712890267,1.8353281038
2.5177549000,946,0.4186252774,53.9712890267,1.8353281038
2.5182808000,947,0.4186252774,53.9712890267,1.8353281038
2.5189144000,948,0.4186252774,53.9712890267,1.8353281038
2.5195428000,949,0.4186252774,53.9712890267,1.8353281038
2.5201133000,950,0.4186252774,53.9712890267,1.8353281038
2.5207631000,951,0.4186252774,53.9712890267,1.8353281038
2.5212665000,952,0.4186252774,53.9712890267,1.8353281038
2.5217714000,953,0.4186252774,53.9712890267,1.8353281038
2.5223048000,954,0.4186252774,53.9712890267,1.8353281038
2.5228716000,955,0.4186252774,53.9712890267,1.8353281038
2.5233839000,956,0.4186252774,53.9712890267,1.8353281038
2.5238835000,957,0.4186252774,53.9712890267,1.8353281038
2.5244189000,958,0.4186252774,53.9712890267,1.8353281038
2.5249376000,959,0.4186252774,53.9712890267,1.8353281038
2.5254623000,960,0.4186252774,53.9712890267,1.8353281038
2.6704393000,961,0.4186252774,53.9712890267,1.8353281038
2.6709745000,962,0.4186252774,53.9712890267,1.8353281038
2.6715370000,963,0.4186252774,53.9712890267,1.8353281038
2.6721192000,964,0.4186252774,53.9712890267,1.8353281038
2.6727000000,965,0.4186252774,53.9712890267,1.8353281038
2.6736240000,966,0.4186252774,53.9712890267,1.8353281038
2.6743554000,967,0.4186252774,53.9712890267,1.8353281038
2.6749982000,968,0.4186252774,53.9712890267,1.8353281038
2.6754977000,969,0.4186252774,53.9712890267,1.8353281038
2.6759957000,970,0.4186252774,53.9712890267,1.8353281038
2.6765112000,971,0.4186252774,53.9712890267,1.8353281038
2.6771362000,972,0.4186252774,53.9712890267,1.8353281038
2.6776819000,973,0.4186252774,53.9712890267,1.8353281038
2.6781772000,974,0.4186252774,53.9712890267,1.8353281038
2.6789232000,975,0.4186252774,53.9712890267,1.8353281038
2.6794562000,976,0.4186252774,53.9712890267,1.8353281038
2.6799812000,977,0.4186252774,53.9712890267,1.8353281038
2.6804933000,978,0.4186252774,53.9712890267,1.8353281038
2.6810990000,979,0.4186252774,53.9712890267,1.8353281038
2.6816351000,980,0.4186252774,53.9712890267,1.8353281038
2.6821369000,981,0.4186252774,53.9712890267,1.8353281038
2.6826618000,982,0.4186252774,53.9712890267,1.8353281038
2.6833307000,983,0.4186252774,53.9712890267,1.8353281038
2.6838285000,984,0.4186252774,53.9712890267,1.8353281038
2.6843299000,985,0.4186252774,53.9712890267,1.8353281038
2.6849428000,986,0.4186252774,53.9712890267,1.8353281038
2.6855532000,987,0.4186252774,53.9712890267,1.8353281038
2.6861866000,988,0.4186252774,53.9712890267,1.8353281038
2.6867411000,989,0.4186252774,53.9712890267,1.8353281038
2.6872411000,990,0.4186252774,53.9712890267,1.8353281038
2.6877397000,991,0.4186252774,53.9712890267,1.8353281038
2.6882633000,992,0.4186252774,53.9712890267,1.8353281038
2.6889534000,993,0.4186252774,53.9712890267,1.8353281038
2.6894900000,994,0.4186252774,53.9712890267,1.8353281038
2.6900141000,995,0.4186252774,53.9712890267,1.8353281038
2.6905240000,996,0.4186252774,53.9712890267,1.8353281038
2.6911180000,997,0.4186252774,53.9712890267,1.8353281038
2.6916522000,998,0.4186252774,53.9712890267,1.8353281038
2.6921950000,999,0.4186252774,53.9712890267,1.8353281038
2.6927355000,1000,0.4186252774,53.9712890267,1.8353281038
2.6932580000,1001,0.4186252774,53.9712890267,1.8353281038
2.6938878000,1002,0.4186252774,53.9712890267,1.8353281038
2.6943818000,1003,0.4186252774,53.9712890267,1.8353281038
2.6949081000,1004,0.4186252774,53.9712890267,1.8353281038
2.6955140000,1005,0.4186252774,53.9712890267,1.8353281038
2.6960410000,1006,0.4186252774,53.9712890267,1.8353281038
2.6965448000,1007,0.4186252774,53.9712890267,1.8353281038
2.6970583000,1008,0.4186252774,53.9712890267,1.8353281038
2.6975758000,1009,0.4186252774,53.9712890267,1.8353281038
2.6981607000,1010,0.4186252774,53.9712890267,1.8353281038
2.6986563000,1011,0.4186252774,53.9712890267,1.8353281038
2.6991517000,1012,0.4186252774,53.9712890267,1.8353281038
2.6996843000,1013,0.4186252774,53.9712890267,1.8353281038
2.7002308000,1014,0.4186252774,53.9712890267,1.8353281038
2.7007470000,1015,0.4186252774,53.9712890267,1.8353281038
2.7012482000,1016,0.4186252774,53.9712890267,1.8353281038
2.7018406000,1017,0.4186252774,53.9712890267,1.8353281038
2.7024330000,1018,0.4186252774,53.9712890267,1.8353281038
2.7029418000,1019,0.4186252774,53.9712890267,1.8353281038
2.7035491000,1020,0.4186252774,53.9712890267,1.8353281038
2.7042025000,1021,0.4186252774,53.9712890267,1.8353281038
2.7047368000,1022,0.4186252774,53.9712890267,1.8353281038
2.7052461000,1023,0.4186252774,53.9712890267,1.8353281038
2.7057576000,1024,0.4186252774,53.9712890267,1.8353281038
2.8472509000,1025,0.4186252774,53.9712890267,1.8353281038
2.8477858000,1026,0.4186252774,53.9712890267,1.8353281038
2.8482953000,1027,0.4186252774,53.9712890267,1.8353281038
2.8488004000,1028,0.4186252774,53.9712890267,1.8353281038
2.8493263000,1029,0.4186252774,53.9712890267,1.8353281038
2.8498516000,1030,0.4186252774,53.9712890267,1.8353281038
2.8503418000,1031,0.4186252774,53.9712890267,1.8353281038
2.8508324000,1032,0.4186252774,53.9712890267,1.8353281038
2.8513275000,1033,0.4186252774,53.9712890267,1.8353281038
2.8518539000,1034,0.4186252774,53.9712890267,1.8353281038
2.8523851000,1035,0.4186252774,53.9712890267,1.8353281038
2.8528871000,1036,0.4186252774,53.9712890267,1.8353281038
2.8533923000,1037,0.4186252774,53.9712890267,1.8353281038
2.8538867000,1038,0.4186252774,53.9712890267,1.8353281038
2.8543795000,1039,0.4186252774,53.9712890267,1.8353281038
2.8548819000,1040,0.4186252774,53.9712890267,1.8353281038
2.8554148000,1041,0.4186252774,53.9712890267,1.8353281038
2.8559263000,1042,0.4186252774,53.9712890267,1.8353281038
2.8564550000,1043,0.4186252774,53.9712890267,1.8353281038
2.8569730000,1044,0.4186252774,53.9712890267,1.8353281038
2.8574863000,1045,0.4186252774,53.9712890267,1.8353281038
2.8580105000,1046,0.4186252774,53.9712890267,1.8353281038
2.8585450000,1047,0.4186252774,53.9712890267,1.8353281038
2.8590788000,1048,0.4186252774,53.9712890267,1.8353281038
2.8595852000,1049,0.4186252774,53.9712890267,1.8353281038
2.8601928000,1050,0.4186252774,53.9712890267,1.8353281038
2.8608280000,1051,0.4186252774,53.9712890267,1.8353281038
2.8613418000,1052,0.4186252774,53.9712890267,1.8353281038
2.8618567000,1053,0.4186252774,53.9712890267,1.8353281038
2.8623611000,1054,0.4186252774,53.9712890267,1.8353281038
2.8628905000,1055,0.4186252774,53.9712890267,1.8353281038
2.8633914000,1056,0.4186252774,53.9712890267,1.8353281038
2.8638884000,1057,0.4186252774,53.9712890267,1.8353281038
2.8644967000,1058,0.4186252774,53.9712890267,1.8353281038
2.8651904000,1059,0.4186252774,53.9712890267,1.8353281038
2.8656929000,1060,0.4186252774,53.9712890267,1.8353281038
2.8662123000,1061,0.4186252774,53.9712890267,1.8353281038
2.8667108000,1062,0.4186252774,53.9712890267,1.8353281038
2.8672075000,1063,0.4186252774,53.9712890267,1.8353281038
2.8677021000,1064,0.4186252774,53.9712890267,1.8353281038
2.8682054000,1065,0.4186252774,53.9712890267,1.8353281038
2.8689770000,1066,0.4186252774,53.9712890267,1.8353281038
2.8695387000,1067,0.4186252774,53.9712890267,1.8353281038
2.8701634000,1068,0.4186252774,53.9712890267,1.8353281038
2.8709262000,1069,0.4186252774,53.9712890267,1.8353281038
2.8714862000,1070,0.4186252774,53.9712890267,1.8353281038
2.8720033000,1071,0.4186252774,53.9712890267,1.8353281038
2.8725158000,1072,0.4186252774,53.9712890267,1.8353281038
2.8730749000,1073,0.4186252774,53.9712890267,1.8353281038
2.8736710000,1074,0.4186252774,53.9712890267,1.8353281038
2.8741806000,1075,0.4186252774,53.9712890267,1.8353281038
2.8747267000,1076,0.4186252774,53.9712890267,1.8353281038
2.8753004000,1077,0.4186252774,53.9712890267,1.8353281038
2.8758004000,1078,0.4186252774,53.9712890267,1.8353281038
2.8763133000,1079,0.4186252774,53.9712890267,1.8353281038
2.8768164000,1080,0.4186252774,53.9712890267,1.8353281038
2.8773277000,1081,0.4186252774,53.9712890267,1.8353281038
2.8778326000,1082,0.4186252774,53.9712890267,1.8353281038
2.8783392000,1083,0.4186252774,53.9712890267,1.8353281038
2.8788372000,1084,0.4186252774,53.9712890267,1.8353281038
2.8793530000,1085,0.4186252774,53.9712890267,1.8353281038
2.8798951000,1086,0.4186252774,53.9712890267,1.8353281038
2.8804055000,1087,0.4186252774,53.9712890267,1.8353281038
2.8809570000,1088,0.4186252774,53.9712890267,1.8353281038
3.1196747000,1089,0.4186252774,53.9712890267,1.8353281038
3.1209335000,1090,0.4186252774,53.9712890267,1.8353281038
3.1221901000,1091,0.4186252774,53.9712890267,1.8353281038
3.1235258000,1092,0.4186252774,53.9712890267,1.8353281038
3.1247880000,1093,0.4186252774,53.9712890267,1.8353281038
3.1260415000,1094,0.4186252774,53.9712890267,1.8353281038
3.1273698000,1095,0.4186252774,53.9712890267,1.8353281038
3.1286522000,1096,0.4186252774,53.9712890267,1.8353281038
3.1299231000,1097,0.4186252774,53.9712890267,1.8353281038
3.1315804000,1098,0.4186252774,53.9712890267,1.8353281038
3.1334390000,1099,0.4186252774,53.9712890267,1.8353281038
3.1351871000,1100,0.4186252774,53.9712890267,1.8353281038
3.1364286000,1101,0.4186252774,53.9712890267,1.8353281038
3.1376595000,1102,0.4186252774,53.9712890267,1.8353281038
3.1389231000,1103,0.4186252774,53.9712890267,1.8353281038
3.1402268000,1104,0.4186252774,53.9712890267,1.8353281038
3.1421924000,1105,0.4186252774,53.9712890267,1.8353281038
3.1437732000,1106,0.4186252774,53.9712890267,1.8353281038
3.1455984000,1107,0.4186252774,53.9712890267,1.8353281038
3.1474306000,1108,0.4186252774,53.9712890267,1.8353281038
3.1492822000,1109,0.4186252774,53.9712890267,1.8353281038
3.1510819000,1110,0.4186252774,53.9712890267,1.8353281038
3.1525491000,1111,0.4186252774,53.9712890267,1.8353281038
3.1537783000,1112,0.4186252774,53.9712890267,1.8353281038
3.1549476000,1113,0.4186252774,53.9712890267,1.8353281038
3.1563163000,1114,0.4186252774,53.9712890267,1.8353281038
3.1576084000,1115,0.4186252774,53.9712890267,1.8353281038
3.1588984000,1116,0.4186252774,53.9712890267,1.8353281038
3.1603429000,1117,0.4186252774,53.9712890267,1.8353281038
3.1615921000,1118,0.4186252774,53.9712890267,1.8353281038
3.1628927000,1119,0.4186252774,53.9712890267,1.8353281038
3.1643888000,1120,0.4186252774,53.9712890267,1.8353281038
3.1656190000,1121,0.4186252774,53.9712890267,1.8353281038
3.1668019000,1122,0.4186252774,53.9712890267,1.8353281038
3.1683518000,1123,0.4186252774,53.9712890267,1.8353281038
3.1697003000,1124,0.4186252774,53.9712890267,1.8353281038
3.1709651000,1125,0.4186252774,53.9712890267,1.8353281038
3.1722539000,1126,0.4186252774,53.9712890267,1.8353281038
3.1736129000,1127,0.4186252774,53.9712890267,1.8353281038
3.1756520000,1128,0.4186252774,53.9712890267,1.8353281038
3.1770518000,1129,0.4186252774,53.9712890267,1.8353281038
3.1782975000,1130,0.4186252774,53.9712890267,1.8353281038
3.1795470000,1131,0.4186252774,53.9712890267,1.8353281038
3.1808685000,1132,0.4186252774,53.9712890267,1.8353281038
3.1821942000,1133,0.4186252774,53.9712890267,1.8353281038
3.1835508000,1134,0.4186252774,53.9712890267,1.8353281038
3.1848590000,1135,0.4186252774,53.9712890267,1.8353281038
3.1862010000,1136,0.4186252774,53.9712890267,1.8353281038
3.1875001000,1137,0.4186252774,53.9712890267,1.8353281038
3.1886920000,1138,0.4186252774,53.9712890267,1.8353281038
3.1901499000,1139,0.4186252774,53.9712890267,1.8353281038
3.1914249000,1140,0.4186252774,53.9712890267,1.8353281038
3.1927240000,1141,0.4186252774,53.9712890267,1.8353281038
3.1938917000,1142,0.4186252774,53.9712890267,1.8353281038
3.1946888000,1143,0.4186252774,53.9712890267,1.8353281038
3.1958624000,1144,0.4186252774,53.9712890267,1.8353281038
3.1970067000,1145,0.4186252774,53.9712890267,1.8353281038
3.1982068000,1146,0.4186252774,53.9712890267,1.8353281038
3.1990229000,1147,0.4186252774,53.9712890267,1.8353281038
3.2001559000,1148,0.4186252774,53.9712890267,1.8353281038
3.2013221000,1149,0.4186252774,53.9712890267,1.8353281038
3.2029559000,1150,0.4186252774,53.9712890267,1.8353281038
3.2048004000,1151,0.4186252774,53.9712890267,1.8353281038
3.2062146000,1152,0.4186252774,53.9712890267,1.8353281038
3.5571102000,1153,0.4186252774,53.9712890267,1.8353281038
3.5579043000,1154,0.4186252774,53.9712890267,1.8353281038
3.5589932000,1155,0.4186252774,53.9712890267,1.8353281038
3.5603427000,1156,0.4186252774,53.9712890267,1.8353281038
3.5615570000,1157,0.4186252774,53.9712890267,1.8353281038
3.5633379000,1158,0.4186252774,53.9712890267,1.8353281038
3.5645572000,1159,0.4186252774,53.9712890267,1.8353281038
3.5658081000,1160,0.4186252774,53.9712890267,1.8353281038
3.5674232000,1161,0.4186252774,53.9712890267,1.8353281038
3.5690132000,1162,0.4186252774,53.9712890267,1.8353281038
3.5702863000,1163,0.4186252774,53.9712890267,1.8353281038
3.5715499000,1164,0.4186252774,53.9712890267,1.8353281038
3.5727799000,1165,0.4186252774,53.9712890267,1.8353281038
3.5740259000,1166,0.4186252774,53.9712890267,1.8353281038
3.5752780000,1167,0.4186252774,53.9712890267,1.8353281038
3.5765167000,1168,0.4186252774,53.9712890267,1.8353281038
3.5777169000,1169,0.4186252774,53.9712890267,1.8353281038
3.5789399000,1170,0.4186252774,53.9712890267,1.8353281038
3.5801513000,1171,0.4186252774,53.9712890267,1.8353281038
3.5813570000,1172,0.4186252774,53.9712890267,1.8353281038
3.5825726000,1173,0.4186252774,53.9712890267,1.8353281038
3.5845331000,1174,0.4186252774,53.9712890267,1.8353281038
3.5863211000,1175,0.4186252774,53.9712890267,1.8353281038
3.5881178000,1176,0.4186252774,53.9712890267,1.8353281038
3.5895220000,1177,0.4186252774,53.9712890267,1.8353281038
3.5906798000,1178,0.4186252774,53.9712890267,1.8353281038
3.5919558000,1179,0.4186252774,53.9712890267,1.8353281038
3.5931573000,1180,0.4186252774,53.9712890267,1.8353281038
3.5943899000,1181,0.4186252774,53.9712890267,1.8353281038
3.5957449000,1182,0.4186252774,53.9712890267,1.8353281038
3.5969922000,1183,0.4186252774,53.9712890267,1.8353281038
3.5987174000,1184,0.4186252774,53.9712890267,1.8353281038
3.6005292000,1185,0.4186252774,53.9712890267,1.8353281038
3.6020894000,1186,0.4186252774,53.9712890267,1.8353281038
3.6034664000,1187,0.4186252774,53.9712890267,1.8353281038
3.6046489000,1188,0.4186252774,53.9712890267,1.8353281038
3.6058938000,1189,0.4186252774,53.9712890267,1.8353281038
3.6071582000,1190,0.4186252774,53.9712890267,1.8353281038
3.6085120000,1191,0.4186252774,53.9712890267,1.8353281038
3.6091963000,1192,0.4186252774,53.9712890267,1.8353281038
3.6104282000,1193,0.4186252774,53.9712890267,1.8353281038
3.6118050000,1194,0.4186252774,53.9712890267,1.8353281038
3.6131536000,1195,0.4186252774,53.9712890267,1.8353281038
3.6145768000,1196,0.4186252774,53.9712890267,1.8353281038
3.6158309000,1197,0.4186252774,53.9712890267,1.8353281038
3.6172046000,1198,0.4186252774,53.9712890267,1.8353281038
3.6186467000,1199,0.4186252774,53.9712890267,1.8353281038
3.6204583000,1200,0.4186252774,53.9712890267,1.8353281038
3.6216660000,1201,0.4186252774,53.9712890267,1.8353281038
3.6228651000,1202,0.4186252774,53.9712890267,1.8353281038
3.6240391000,1203,0.4186252774,53.9712890267,1.8353281038
3.6252087000,1204,0.4186252774,53.9712890267,1.8353281038
3.6264348000,1205,0.4186252774,53.9712890267,1.8353281038
3.6276280000,1206,0.4186252774,53.9712890267,1.8353281038
3.6288574000,1207,0.4186252774,53.9712890267,1.8353281038
3.6300538000,1208,0.4186252774,53.9712890267,1.8353281038
3.6312396000,1209,0.4186252774,53.9712890267,1.8353281038
3.6325426000,1210,0.4186252774,53.9712890267,1.8353281038
3.6337355000,1211,0.4186252774,53.9712890267,1.8353281038
3.6349134000,1212,0.4186252774,53.9712890267,1.8353281038
3.6360860000,1213,0.4186252774,53.9712890267,1.8353281038
3.6373295000,1214,0.4186252774,53.9712890267,1.8353281038
3.6386738000,1215,0.4186252774,53.9712890267,1.8353281038
3.6399343000,1216,0.4186252774,53.9712890267,1.8353281038
3.9664971000,1217,0.4186252774,53.9712890267,1.8353281038
3.9678770000,1218,0.4186252774,53.9712890267,1.8353281038
3.9697920000,1219,0.4186252774,53.9712890267,1.8353281038
3.9716081000,1220,0.4186252774,53.9712890267,1.8353281038
3.9729541000,1221,0.4186252774,53.9712890267,1.8353281038
3.9743998000,1222,0.4186252774,53.9712890267,1.8353281038
3.9758943000,1223,0.4186252774,53.9712890267,1.8353281038
3.9772040000,1224,0.4186252774,53.9712890267,1.8353281038
3.9784271000,1225,0.4186252774,53.9712890267,1.8353281038
3.9796065000,1226,0.4186252774,53.9712890267,1.8353281038
3.9808519000,1227,0.4186252774,53.9712890267,1.8353281038
3.9820587000,1228,0.4186252774,53.9712890267,1.8353281038
3.9832129000,1229,0.4186252774,53.9712890267,1.8353281038
3.9843487000,1230,0.4186252774,53.9712890267,1.8353281038
3.9855363000,1231,0.4186252774,53.9712890267,1.8353281038
3.9869462000,1232,0.4186252774,53.9712890267,1.8353281038
3.9882851000,1233,0.4186252774,53.9712890267,1.8353281038
3.9894456000,1234,0.4186252774,53.9712890267,1.8353281038
3.9909664000,1235,0.4186252774,53.9712890267,1.8353281038
3.9924922000,1236,0.4186252774,53.9712890267,1.8353281038
3.9937927000,1237,0.4186252774,53.9712890267,1.8353281038
3.9950925000,1238,0.4186252774,53.9712890267,1.8353281038
3.9962770000,1239,0.4186252774,53.9712890267,1.8353281038
3.9974634000,1240,0.4186252774,53.9712890267,1.8353281038
3.9987836000,1241,0.4186252774,53.9712890267,1.8353281038
4.0001290000,1242,0.4186252774,53.9712890267,1.8353281038
4.0014194000,1243,0.4186252774,53.9712890267,1.8353281038
4.0028033000,1244,0.4186252774,53.9712890267,1.8353281038
4.0040977000,1245,0.4186252774,53.9712890267,1.8353281038
4.0058755000,1246,0.4186252774,53.9712890267,1.8353281038
4.0072210000,1247,0.4186252774,53.9712890267,1.8353281038
4.0084913000,1248,0.4186252774,53.9712890267,1.8353281038
4.0098725000,1249,0.4186252774,53.9712890267,1.8353281038
4.0108652000,1250,0.4186252774,53.9712890267,1.8353281038
4.0123095000,1251,0.4186252774,53.9712890267,1.8353281038
4.0135760000,1252,0.4186252774,53.9712890267,1.8353281038
4.0147251000,1253,0.4186252774,53.9712890267,1.8353281038
4.0159966000,1254,0.4186252774,53.9712890267,1.8353281038
4.0172331000,1255,0.4186252774,53.9712890267,1.8353281038
4.0185012000,1256,0.4186252774,53.9712890267,1.8353281038
4.0197760000,1257,0.4186252774,53.9712890267,1.8353281038
4.0210395000,1258,0.4186252774,53.9712890267,1.8353281038
4.0222857000,1259,0.4186252774,53.9712890267,1.8353281038
4.0235851000,1260,0.4186252774,53.9712890267,1.8353281038
4.0249777000,1261,0.4186252774,53.9712890267,1.8353281038
4.0261748000,1262,0.4186252774,53.9712890267,1.8353281038
4.0274364000,1263,0.4186252774,53.9712890267,1.8353281038
4.0286597000,1264,0.4186252774,53.9712890267,1.8353281038
4.0298467000,1265,0.4186252774,53.9712890267,1.8353281038
4.0310819000,1266,0.4186252774,53.9712890267,1.8353281038
4.0322880000,1267,0.4186252774,53.9712890267,1.8353281038
4.0334790000,1268,0.4186252774,53.9712890267,1.8353281038
4.0347163000,1269,0.4186252774,53.9712890267,1.8353281038
4.0360093000,1270,0.4186252774,53.9712890267,1.8353281038
4.0372992000,1271,0.4186252774,53.9712890267,1.8353281038
4.0385657000,1272,0.4186252774,53.9712890267,1.8353281038
4.0398836000,1273,0.4186252774,53.9712890267,1.8353281038
4.0410993000,1274,0.4186252774,53.9712890267,1.8353281038
4.0422758000,1275,0.4186252774,53.9712890267,1.8353281038
4.0434697000,1276,0.4186252774,53.9712890267,1.8353281038
4.0447447000,1277,0.4186252774,53.9712890267,1.8353281038
4.0460272000,1278,0.4186252774,53.9712890267,1.8353281038
4.0475030000,1279,0.4186252774,53.9712890267,1.8353281038
4.0487883000,1280,0.4186252774,53.9712890267,1.8353281038
4.3613597000,1281,0.4186252774,53.9712890267,1.8353281038
4.3625013000,1282,0.4186252774,53.9712890267,1.8353281038
4.3636814000,1283,0.4186252774,53.9712890267,1.8353281038
4.3648376000,1284,0.4186252774,53.9712890267,1.8353281038
4.3659557000,1285,0.4186252774,53.9712890267,1.8353281038
4.3670930000,1286,0.4186252774,53.9712890267,1.8353281038
4.3682351000,1287,0.4186252774,53.9712890267,1.8353281038
4.3690935000,1288,0.4186252774,53.9712890267,1.8353281038
4.3706521000,1289,0.4186252774,53.9712890267,1.8353281038
4.3719730000,1290,0.4186252774,53.9712890267,1.8353281038
4.3728559000,1291,0.4186252774,53.9712890267,1.8353281038
4.3735909000,1292,0.4186252774,53.9712890267,1.8353281038
4.3747218000,1293,0.4186252774,53.9712890267,1.8353281038
4.3759560000,1294,0.4186252774,53.9712890267,1.8353281038
4.3772227000,1295,0.4186252774,53.9712890267,1.8353281038
4.3785066000,1296,0.4186252774,53.9712890267,1.8353281038
4.3798176000,1297,0.4186252774,53.9712890267,1.8353281038
4.3811197000,1298,0.4186252774,53.9712890267,1.8353281038
4.3823806000,1299,0.4186252774,53.9712890267,1.8353281038
4.3835792000,1300,0.4186252774,53.9712890267,1.8353281038
4.3847669000,1301,0.4186252774,53.9712890267,1.8353281038
4.3857824000,1302,0.4186252774,53.9712890267,1.8353281038
4.3869797000,1303,0.4186252774,53.9712890267,1.8353281038
4.3882458000,1304,0.4186252774,53.9712890267,1.8353281038
4.3894633000,1305,0.4186252774,53.9712890267,1.8353281038
4.3904531000,1306,0.4186252774,53.9712890267,1.8353281038
4.3921491000,1307,0.4186252774,53.9712890267,1.8353281038
4.3935335000,1308,0.4186252774,53.9712890267,1.8353281038
4.3941137000,1309,0.4186252774,53.9712890267,1.8353281038
4.3953333000,1310,0.4186252774,53.9712890267,1.8353281038
4.3965848000,1311,0.4186252774,53.9712890267,1.8353281038
4.3977057000,1312,0.4186252774,53.9712890267,1.8353281038
4.3984594000,1313,0.4186252774,53.9712890267,1.8353281038
4.3995711000,1314,0.4186252774,53.9712890267,1.8353281038
4.4011116000,1315,0.4186252774,53.9712890267,1.8353281038
4.4022559000,1316,0.4186252774,53.9712890267,1.8353281038
4.4034301000,1317,0.4186252774,53.9712890267,1.8353281038
4.4046146000,1318,0.4186252774,53.9712890267,1.8353281038
4.4057984000,1319,0.4186252774,53.9712890267,1.8353281038
4.4071728000,1320,0.4186252774,53.9712890267,1.8353281038
4.4084384000,1321,0.4186252774,53.9712890267,1.8353281038
4.4097565000,1322,0.4186252774,53.9712890267,1.8353281038
4.4110275000,1323,0.4186252774,53.9712890267,1.8353281038
4.4123121000,1324,0.4186252774,53.9712890267,1.8353281038
4.4135128000,1325,0.4186252774,53.9712890267,1.8353281038
4.4146915000,1326,0.4186252774,53.9712890267,1.8353281038
4.4159701000,1327,0.4186252774,53.9712890267,1.8353281038
4.4177817000,1328,0.4186252774,53.9712890267,1.8353281038
4.4188928000,1329,0.4186252774,53.9712890267,1.8353281038
4.4200744000,1330,0.4186252774,53.9712890267,1.8353281038
4.4213540000,1331,0.4186252774,53.9712890267,1.8353281038
4.4226097000,1332,0.4186252774,53.9712890267,1.8353281038
4.4240030000,1333,0.4186252774,53.9712890267,1.8353281038
4.4252840000,1334,0.4186252774,53.9712890267,1.8353281038
4.4265591000,1335,0.4186252774,53.9712890267,1.8353281038
4.4278750000,1336,0.4186252774,53.9712890267,1.8353281038
4.4291696000,1337,0.4186252774,53.9712890267,1.8353281038
4.4304831000,1338,0.4186252774,53.9712890267,1.8353281038
4.4317629000,1339,0.4186252774,53.9712890267,1.8353281038
4.4330145000,1340,0.4186252774,53.9712890267,1.8353281038
4.4342627000,1341,0.4186252774,53.9712890267,1.8353281038
4.4354412000,1342,0.4186252774,53.9712890267,1.8353281038
4.4369181000,1343,0.4186252774,53.9712890267,1.8353281038
4.4387034000,1344,0.4186252774,53.9712890267,1.8353281038
4.7543185000,1345,0.4186252774,53.9712890267,1.8353281038
4.7554533000,1346,0.4186252774,53.9712890267,1.8353281038
4.7566187000,1347,0.4186252774,53.9712890267,1.8353281038
4.7578137000,1348,0.4186252774,53.9712890267,1.8353281038
4.7589722000,1349,0.4186252774,53.9712890267,1.8353281038
4.7600846000,1350,0.4186252774,53.9712890267,1.8353281038
4.7612880000,1351,0.4186252774,53.9712890267,1.8353281038
4.7624289000,1352,0.4186252774,53.9712890267,1.8353281038
4.7635405000,1353,0.4186252774,53.9712890267,1.8353281038
4.7646635000,1354,0.4186252774,53.9712890267,1.8353281038
4.7657673000,1355,0.4186252774,53.9712890267,1.8353281038
4.7668807000,1356,0.4186252774,53.9712890267,1.8353281038
4.7679940000,1357,0.4186252774,53.9712890267,1.8353281038
4.7690634000,1358,0.4186252774,53.9712890267,1.8353281038
4.7702399000,1359,0.4186252774,53.9712890267,1.8353281038
4.7714262000,1360,0.4186252774,53.9712890267,1.8353281038
4.7726296000,1361,0.4186252774,53.9712890267,1.8353281038
4.7740393000,1362,0.4186252774,53.9712890267,1.8353281038
4.7753145000,1363,0.4186252774,53.9712890267,1.8353281038
4.7765554000,1364,0.4186252774,53.9712890267,1.8353281038
4.7780107000,1365,0.4186252774,53.9712890267,1.8353281038
4.7792813000,1366,0.4186252774,53.9712890267,1.8353281038
4.7805656000,1367,0.4186252774,53.9712890267,1.8353281038
4.7816043000,1368,0.4186252774,53.9712890267,1.8353281038
4.7828313000,1369,0.4186252774,53.9712890267,1.8353281038
4.7838944000,1370,0.4186252774,53.9712890267,1.8353281038
4.7852424000,1371,0.4186252774,53.9712890267,1.8353281038
4.7860466000,1372,0.4186252774,53.9712890267,1.8353281038
4.7872296000,1373,0.4186252774,53.9712890267,1.8353281038
4.7884350000,1374,0.4186252774,53.9712890267,1.8353281038
4.7896262000,1375,0.4186252774,53.9712890267,1.8353281038
4.7905177000,1376,0.4186252774,53.9712890267,1.8353281038
4.7917460000,1377,0.4186252774,53.9712890267,1.8353281038
4.7928720000,1378,0.4186252774,53.9712890267,1.8353281038
4.7940735000,1379,0.4186252774,53.9712890267,1.8353281038
4.7952621000,1380,0.4186252774,53.9712890267,1.8353281038
4.7964761000,1381,0.4186252774,53.9712890267,1.8353281038
4.7977188000,1382,0.4186252774,53.9712890267,1.8353281038
4.7990131000,1383,0.4186252774,53.9712890267,1.8353281038
4.8002610000,1384,0.4186252774,53.9712890267,1.8353281038
4.8014277000,1385,0.4186252774,53.9712890267,1.8353281038
4.8026510000,1386,0.4186252774,53.9712890267,1.8353281038
4.8038055000,1387,0.4186252774,53.9712890267,1.8353281038
4.8050138000,1388,0.4186252774,53.9712890267,1.8353281038
4.8062157000,1389,0.4186252774,53.9712890267,1.8353281038
4.8076573000,1390,0.4186252774,53.9712890267,1.8353281038
4.8089661000,1391,0.4186252774,53.9712890267,1.8353281038
4.8102105000,1392,0.4186252774,53.9712890267,1.8353281038
4.8113020000,1393,0.4186252774,53.9712890267,1.8353281038
4.8125392000,1394,0.4186252774,53.9712890267,1.8353281038
4.8137400000,1395,0.4186252774,53.9712890267,1.8353281038
4.8145867000,1396,0.4186252774,53.9712890267,1.8353281038
4.8151229000,1397,0.4186252774,53.9712890267,1.8353281038
4.8162730000,1398,0.4186252774,53.9712890267,1.8353281038
4.8175426000,1399,0.4186252774,53.9712890267,1.8353281038
4.8190749000,1400,0.4186252774,53.9712890267,1.8353281038
4.8202903000,1401,0.4186252774,53.9712890267,1.8353281038
4.8214244000,1402,0.4186252774,53.9712890267,1.8353281038
4.8225686000,1403,0.4186252774,53.9712890267,1.8353281038
4.8237372000,1404,0.4186252774,53.9712890267,1.8353281038
4.8249171000,1405,0.4186252774,53.9712890267,1.8353281038
4.8261695000,1406,0.4186252774,53.9712890267,1.8353281038
4.8273646000,1407,0.4186252774,53.9712890267,1.8353281038
4.8286043000,1408,0.4186252774,53.9712890267,1.8353281038
5.1705812000,1409,0.4186252774,53.9712890267,1.8353281038
5.1718384000,1410,0.4186252774,53.9712890267,1.8353281038
5.1728185000,1411,0.4186252774,53.9712890267,1.8353281038
5.1737681000,1412,0.4186252774,53.9712890267,1.8353281038
5.1749676000,1413,0.4186252774,53.9712890267,1.8353281038
5.1761489000,1414,0.4186252774,53.9712890267,1.8353281038
5.1773457000,1415,0.4186252774,53.9712890267,1.8353281038
5.1785665000,1416,0.4186252774,53.9712890267,1.8353281038
5.1797503000,1417,0.4186252774,53.9712890267,1.8353281038
5.1809394000,1418,0.4186252774,53.9712890267,1.8353281038
5.1823596000,1419,0.4186252774,53.9712890267,1.8353281038
5.1836827000,1420,0.4186252774,53.9712890267,1.8353281038
5.1849834000,1421,0.4186252774,53.9712890267,1.8353281038
5.1862611000,1422,0.4186252774,53.9712890267,1.8353281038
5.1875512000,1423,0.4186252774,53.9712890267,1.8353281038
5.1888639000,1424,0.4186252774,53.9712890267,1.8353281038
5.1897833000,1425,0.4186252774,53.9712890267,1.8353281038
5.1911921000,1426,0.4186252774,53.9712890267,1.8353281038
5.1925281000,1427,0.4186252774,53.9712890267,1.8353281038
5.1937234000,1428,0.4186252774,53.9712890267,1.8353281038
5.1949081000,1429,0.4186252774,53.9712890267,1.8353281038
5.1960968000,1430,0.4186252774,53.9712890267,1.8353281038
5.1972730000,1431,0.4186252774,53.9712890267,1.8353281038
5.1982954000,1432,0.4186252774,53.9712890267,1.8353281038
5.1992082000,1433,0.4186252774,53.9712890267,1.8353281038
5.2005747000,1434,0.4186252774,53.9712890267,1.8353281038
5.2018978000,1435,0.4186252774,53.9712890267,1.8353281038
5.2031104000,1436,0.4186252774,53.9712890267,1.8353281038
5.2042807000,1437,0.4186252774,53.9712890267,1.8353281038
5.2054801000,1438,0.4186252774,53.9712890267,1.8353281038
5.2067604000,1439,0.4186252774,53.9712890267,1.8353281038
5.2080314000,1440,0.4186252774,53.9712890267,1.8353281038
5.2092828000,1441,0.4186252774,53.9712890267,1.8353281038
5.2106193000,1442,0.4186252774,53.9712890267,1.8353281038
5.2119527000,1443,0.4186252774,53.9712890267,1.8353281038
5.2131405000,1444,0.4186252774,53.9712890267,1.8353281038
5.2144005000,1445,0.4186252774,53.9712890267,1.8353281038
5.2153758000,1446,0.4186252774,53.9712890267,1.8353281038
5.2167763000,1447,0.4186252774,53.9712890267,1.8353281038
5.2181610000,1448,0.4186252774,53.9712890267,1.8353281038
5.2194769000,1449,0.4186252774,53.9712890267,1.8353281038
5.2206795000,1450,0.4186252774,53.9712890267,1.8353281038
5.2218753000,1451,0.4186252774,53.9712890267,1.8353281038
5.2229861000,1452,0.4186252774,53.9712890267,1.8353281038
5.2240360000,1453,0.4186252774,53.9712890267,1.8353281038
5.2253061000,1454,0.4186252774,53.9712890267,1.8353281038
5.2265382000,1455,0.4186252774,53.9712890267,1.8353281038
5.2273935000,1456,0.4186252774,53.9712890267,1.8353281038
5.2286519000,1457,0.4186252774,53.9712890267,1.8353281038
5.2299267000,1458,0.4186252774,53.9712890267,1.8353281038
5.2311070000,1459,0.4186252774,53.9712890267,1.8353281038
5.2324498000,1460,0.4186252774,53.9712890267,1.8353281038
5.2337729000,1461,0.4186252774,53.9712890267,1.8353281038
5.2352296000,1462,0.4186252774,53.9712890267,1.8353281038
5.2364533000,1463,0.4186252774,53.9712890267,1.8353281038
5.2376197000,1464,0.4186252774,53.9712890267,1.8353281038
5.2388083000,1465,0.4186252774,53.9712890267,1.8353281038
5.2399804000,1466,0.4186252774,53.9712890267,1.8353281038
5.2411333000,1467,0.4186252774,53.9712890267,1.8353281038
5.2422729000,1468,0.4186252774,53.9712890267,1.8353281038
5.2434400000,1469,0.4186252774,53.9712890267,1.8353281038
5.2447163000,1470,0.4186252774,53.9712890267,1.8353281038
5.2459692000,1471,0.4186252774,53.9712890267,1.8353281038
5.2471931000,1472,0.4186252774,53.9712890267,1.8353281038
5.5664402000,1473,0.4186252774,53.9712890267,1.8353281038
5.5679430000,1474,0.4186252774,53.9712890267,1.8353281038
5.5691557000,1475,0.4186252774,53.9712890267,1.8353281038
5.5704878000,1476,0.4186252774,53.9712890267,1.8353281038
5.5718733000,1477,0.4186252774,53.9712890267,1.8353281038
5.5733191000,1478,0.4186252774,53.9712890267,1.8353281038
5.5746492000,1479,0.4186252774,53.9712890267,1.8353281038
5.5759542000,1480,0.4186252774,53.9712890267,1.8353281038
5.5774177000,1481,0.4186252774,53.9712890267,1.8353281038
5.5785540000,1482,0.4186252774,53.9712890267,1.8353281038
5.5797876000,1483,0.4186252774,53.9712890267,1.8353281038
5.5810835000,1484,0.4186252774,53.9712890267,1.8353281038
5.5818879000,1485,0.4186252774,53.9712890267,1.8353281038
5.5832308000,1486,0.4186252774,53.9712890267,1.8353281038
5.5844904000,1487,0.4186252774,53.9712890267,1.8353281038
5.5858229000,1488,0.4186252774,53.9712890267,1.8353281038
5.5871656000,1489,0.4186252774,53.9712890267,1.8353281038
5.5884209000,1490,0.4186252774,53.9712890267,1.8353281038
5.5900123000,1491,0.4186252774,53.9712890267,1.8353281038
5.5913807000,1492,0.4186252774,53.9712890267,1.8353281038
5.5927056000,1493,0.4186252774,53.9712890267,1.8353281038
5.5937555000,1494,0.4186252774,53.9712890267,1.8353281038
5.5944041000,1495,0.4186252774,53.9712890267,1.8353281038
5.5957442000,1496,0.4186252774,53.9712890267,1.8353281038
5.5970128000,1497,0.4186252774,53.9712890267,1.8353281038
5.5983498000,1498,0.4186252774,53.9712890267,1.8353281038
5.5996681000,1499,0.4186252774,53.9712890267,1.8353281038
5.6009643000,1500,0.4186252774,53.9712890267,1.8353281038
5.6023325000,1501,0.4186252774,53.9712890267,1.8353281038
5.6036111000,1502,0.4186252774,53.9712890267,1.8353281038
5.6048775000,1503,0.4186252774,53.9712890267,1.8353281038
5.6062110000,1504,0.4186252774,53.9712890267,1.8353281038
5.6071134000,1505,0.4186252774,53.9712890267,1.8353281038
5.6083580000,1506,0.4186252774,53.9712890267,1.8353281038
5.6096780000,1507,0.4186252774,53.9712890267,1.8353281038
5.6109199000,1508,0.4186252774,53.9712890267,1.8353281038
5.6121088000,1509,0.4186252774,53.9712890267,1.8353281038
5.6132521000,1510,0.4186252774,53.9712890267,1.8353281038
5.6143977000,1511,0.4186252774,53.9712890267,1.8353281038
5.6151930000,1512,0.4186252774,53.9712890267,1.8353281038
5.6164486000,1513,0.4186252774,53.9712890267,1.8353281038
5.6177247000,1514,0.4186252774,53.9712890267,1.8353281038
5.6190139000,1515,0.4186252774,53.9712890267,1.8353281038
5.6203984000,1516,0.4186252774,53.9712890267,1.8353281038
5.6218360000,1517,0.4186252774,53.9712890267,1.8353281038
5.6229539000,1518,0.4186252774,53.9712890267,1.8353281038
5.6239524000,1519,0.4186252774,53.9712890267,1.8353281038
5.6252164000,1520,0.4186252774,53.9712890267,1.8353281038
5.6264627000,1521,0.4186252774,53.9712890267,1.8353281038
5.6274017000,1522,0.4186252774,53.9712890267,1.8353281038
5.6285907000,1523,0.4186252774,53.9712890267,1.8353281038
5.6298765000,1524,0.4186252774,53.9712890267,1.8353281038
5.6310778000,1525,0.4186252774,53.9712890267,1.8353281038
5.6323035000,1526,0.4186252774,53.9712890267,1.8353281038
5.6335296000,1527,0.4186252774,53.9712890267,1.8353281038
5.6347091000,1528,0.4186252774,53.9712890267,1.8353281038
5.6361824000,1529,0.4186252774,53.9712890267,1.8353281038
5.6375183000,1530,0.4186252774,53.9712890267,1.8353281038
5.6388227000,1531,0.4186252774,53.9712890267,1.8353281038
5.6396867000,1532,0.4186252774,53.9712890267,1.8353281038
5.6409298000,1533,0.4186252774,53.9712890267,1.8353281038
5.6423203000,1534,0.4186252774,53.9712890267,1.8353281038
5.6435311000,1535,0.4186252774,53.9712890267,1.8353281038
5.6448744000,1536,0.4186252774,53.9712890267,1.8353281038
5.9583074000,1537,0.4186252774,53.9712890267,1.8353281038
5.9595551000,1538,0.4186252774,53.9712890267,1.8353281038
5.9608602000,1539,0.4186252774,53.9712890267,1.8353281038
5.9620682000,1540,0.4186252774,53.9712890267,1.8353281038
5.9632523000,1541,0.4186252774,53.9712890267,1.8353281038
5.9644342000,1542,0.4186252774,53.9712890267,1.8353281038
5.9658152000,1543,0.4186252774,53.9712890267,1.8353281038
5.9671111000,1544,0.4186252774,53.9712890267,1.8353281038
5.9684489000,1545,0.4186252774,53.9712890267,1.8353281038
5.9697454000,1546,0.4186252774,53.9712890267,1.8353281038
5.9707754000,1547,0.4186252774,53.9712890267,1.8353281038
5.9720538000,1548,0.4186252774,53.9712890267,1.8353281038
5.9726121000,1549,0.4186252774,53.9712890267,1.8353281038
5.9731156000,1550,0.4186252774,53.9712890267,1.8353281038
5.9741666000,1551,0.4186252774,53.9712890267,1.8353281038
5.9754293000,1552,0.4186252774,53.9712890267,1.8353281038
5.9766958000,1553,0.4186252774,53.9712890267,1.8353281038
5.9775451000,1554,0.4186252774,53.9712890267,1.8353281038
5.9786239000,1555,0.4186252774,53.9712890267,1.8353281038
5.9798791000,1556,0.4186252774,53.9712890267,1.8353281038
5.9810879000,1557,0.4186252774,53.9712890267,1.8353281038
5.9823599000,1558,0.4186252774,53.9712890267,1.8353281038
5.9836138000,1559,0.4186252774,53.9712890267,1.8353281038
5.9848607000,1560,0.4186252774,53.9712890267,1.8353281038
5.9861381000,1561,0.4186252774,53.9712890267,1.8353281038
5.9874614000,1562,0.4186252774,53.9712890267,1.8353281038
5.9887612000,1563,0.4186252774,53.9712890267,1.8353281038
5.9900559000,1564,0.4186252774,53.9712890267,1.8353281038
5.9913582000,1565,0.4186252774,53.9712890267,1.8353281038
5.9926229000,1566,0.4186252774,53.9712890267,1.8353281038
5.9935952000,1567,0.4186252774,53.9712890267,1.8353281038
5.9946181000,1568,0.4186252774,53.9712890267,1.8353281038
5.9958966000,1569,0.4186252774,53.9712890267,1.8353281038
5.9971699000,1570,0.4186252774,53.9712890267,1.8353281038
5.9985040000,1571,0.4186252774,53.9712890267,1.8353281038
5.9997651000,1572,0.4186252774,53.9712890267,1.8353281038
6.0010423000,1573,0.4186252774,53.9712890267,1.8353281038
6.0020340000,1574,0.4186252774,53.9712890267,1.8353281038
6.0031053000,1575,0.4186252774,53.9712890267,1.8353281038
6.0044724000,1576,0.4186252774,53.9712890267,1.8353281038
6.0057259000,1577,0.4186252774,53.9712890267,1.8353281038
6.0069278000,1578,0.4186252774,53.9712890267,1.8353281038
6.0078240000,1579,0.4186252774,53.9712890267,1.8353281038
6.0091801000,1580,0.4186252774,53.9712890267,1.8353281038
6.0101607000,1581,0.4186252774,53.9712890267,1.8353281038
6.0111722000,1582,0.4186252774,53.9712890267,1.8353281038
6.0124580000,1583,0.4186252774,53.9712890267,1.8353281038
6.0136998000,1584,0.4186252774,53.9712890267,1.8353281038
6.0149286000,1585,0.4186252774,53.9712890267,1.8353281038
6.0160952000,1586,0.4186252774,53.9712890267,1.8353281038
6.0172570000,1587,0.4186252774,53.9712890267,1.8353281038
6.0184279000,1588,0.4186252774,53.9712890267,1.8353281038
6.0192070000,1589,0.4186252774,53.9712890267,1.8353281038
6.0205062000,1590,0.4186252774,53.9712890267,1.8353281038
6.0217877000,1591,0.4186252774,53.9712890267,1.8353281038
6.0228036000,1592,0.4186252774,53.9712890267,1.8353281038
6.0235401000,1593,0.4186252774,53.9712890267,1.8353281038
6.0246669000,1594,0.4186252774,53.9712890267,1.8353281038
6.0257966000,1595,0.4186252774,53.9712890267,1.8353281038
6.0269275000,1596,0.4186252774,53.9712890267,1.8353281038
6.0280706000,1597,0.4186252774,53.9712890267,1.8353281038
6.0292681000,1598,0.4186252774,53.9712890267,1.8353281038
6.0304247000,1599,0.4186252774,53.9712890267,1.8353281038
6.0318436000,1600,0.4186252774,53.9712890267,1.8353281038
6.3460626000,1601,0.4186252774,53.9712890267,1.8353281038
6.3473124000,1602,0.4186252774,53.9712890267,1.8353281038
6.3482721000,1603,0.4186252774,53.9712890267,1.8353281038
6.3499999000,1604,0.4186252774,53.9712890267,1.8353281038
6.3513622000,1605,0.4186252774,53.9712890267,1.8353281038
6.3520918000,1606,0.4186252774,53.9712890267,1.8353281038
6.3530649000,1607,0.4186252774,53.9712890267,1.8353281038
6.3543092000,1608,0.4186252774,53.9712890267,1.8353281038
6.3555469000,1609,0.4186252774,53.9712890267,1.8353281038
6.3564285000,1610,0.4186252774,53.9712890267,1.8353281038
6.3575222000,1611,0.4186252774,53.9712890267,1.8353281038
6.3588158000,1612,0.4186252774,53.9712890267,1.8353281038
6.3600989000,1613,0.4186252774,53.9712890267,1.8353281038
6.3613875000,1614,0.4186252774,53.9712890267,1.8353281038
6.3627271000,1615,0.4186252774,53.9712890267,1.8353281038
6.3639795000,1616,0.4186252774,53.9712890267,1.8353281038
6.3652818000,1617,0.4186252774,53.9712890267,1.8353281038
6.3666531000,1618,0.4186252774,53.9712890267,1.8353281038
6.3679862000,1619,0.4186252774,53.9712890267,1.8353281038
6.3692575000,1620,0.4186252774,53.9712890267,1.8353281038
6.3704803000,1621,0.4186252774,53.9712890267,1.8353281038
6.3716296000,1622,0.4186252774,53.9712890267,1.8353281038
6.3728369000,1623,0.4186252774,53.9712890267,1.8353281038
6.3740398000,1624,0.4186252774,53.9712890267,1.8353281038
6.3751964000,1625,0.4186252774,53.9712890267,1.8353281038
6.3763944000,1626,0.4186252774,53.9712890267,1.8353281038
6.3776150000,1627,0.4186252774,53.9712890267,1.8353281038
6.3789056000,1628,0.4186252774,53.9712890267,1.8353281038
6.3801281000,1629,0.4186252774,53.9712890267,1.8353281038
6.3812786000,1630,0.4186252774,53.9712890267,1.8353281038
6.3825027000,1631,0.4186252774,53.9712890267,1.8353281038
6.3837021000,1632,0.4186252774,53.9712890267,1.8353281038
6.3848365000,1633,0.4186252774,53.9712890267,1.8353281038
6.3862522000,1634,0.4186252774,53.9712890267,1.8353281038
6.3876128000,1635,0.4186252774,53.9712890267,1.8353281038
6.3888921000,1636,0.4186252774,53.9712890267,1.8353281038
6.3907511000,1637,0.4186252774,53.9712890267,1.8353281038
6.3927154000,1638,0.4186252774,53.9712890267,1.8353281038
6.3945439000,1639,0.4186252774,53.9712890267,1.8353281038
6.3963422000,1640,0.4186252774,53.9712890267,1.8353281038
6.3978513000,1641,0.4186252774,53.9712890267,1.8353281038
6.3986188000,1642,0.4186252774,53.9712890267,1.8353281038
6.4002227000,1643,0.4186252774,53.9712890267,1.8353281038
6.4016452000,1644,0.4186252774,53.9712890267,1.8353281038
6.4029054000,1645,0.4186252774,53.9712890267,1.8353281038
6.4042186000,1646,0.4186252774,53.9712890267,1.8353281038
6.4054611000,1647,0.4186252774,53.9712890267,1.8353281038
6.4067942000,1648,0.4186252774,53.9712890267,1.8353281038
6.4080486000,1649,0.4186252774,53.9712890267,1.8353281038
6.4093008000,1650,0.4186252774,53.9712890267,1.8353281038
6.4105430000,1651,0.4186252774,53.9712890267,1.8353281038
6.4119203000,1652,0.4186252774,53.9712890267,1.8353281038
6.4137316000,1653,0.4186252774,53.9712890267,1.8353281038
6.4149319000,1654,0.4186252774,53.9712890267,1.8353281038
6.4166471000,1655,0.4186252774,53.9712890267,1.8353281038
6.4184616000,1656,0.4186252774,53.9712890267,1.8353281038
6.4197371000,1657,0.4186252774,53.9712890267,1.8353281038
6.4215276000,1658,0.4186252774,53.9712890267,1.8353281038
6.4236239000,1659,0.4186252774,53.9712890267,1.8353281038
6.4250220000,1660,0.4186252774,53.9712890267,1.8353281038
6.4262700000,1661,0.4186252774,53.9712890267,1.8353281038
6.4275592000,1662,0.4186252774,53.9712890267,1.8353281038
6.4288536000,1663,0.4186252774,53.9712890267,1.8353281038
6.4300088000,1664,0.4186252774,53.9712890267,1.8353281038
6.7595504000,1665,0.4186252774,53.9712890267,1.8353281038
6.7606528000,1666,0.4186252774,53.9712890267,1.8353281038
6.7619270000,1667,0.4186252774,53.9712890267,1.8353281038
6.7646647000,1668,0.4186252774,53.9712890267,1.8353281038
6.7657567000,1669,0.4186252774,53.9712890267,1.8353281038
6.7663894000,1670,0.4186252774,53.9712890267,1.8353281038
6.7670683000,1671,0.4186252774,53.9712890267,1.8353281038
6.7677050000,1672,0.4186252774,53.9712890267,1.8353281038
6.7685275000,1673,0.4186252774,53.9712890267,1.8353281038
6.7692995000,1674,0.4186252774,53.9712890267,1.8353281038
6.7700283000,1675,0.4186252774,53.9712890267,1.8353281038
6.7707899000,1676,0.4186252774,53.9712890267,1.8353281038
6.7714623000,1677,0.4186252774,53.9712890267,1.8353281038
6.7721405000,1678,0.4186252774,53.9712890267,1.8353281038
6.7735756000,1679,0.4186252774,53.9712890267,1.8353281038
6.7749099000,1680,0.4186252774,53.9712890267,1.8353281038
6.7761807000,1681,0.4186252774,53.9712890267,1.8353281038
6.7771800000,1682,0.4186252774,53.9712890267,1.8353281038
6.7790451000,1683,0.4186252774,53.9712890267,1.8353281038
6.7808635000,1684,0.4186252774,53.9712890267,1.8353281038
6.7825652000,1685,0.4186252774,53.9712890267,1.8353281038
6.7845229000,1686,0.4186252774,53.9712890267,1.8353281038
6.7862328000,1687,0.4186252774,53.9712890267,1.8353281038
6.7871963000,1688,0.4186252774,53.9712890267,1.8353281038
6.7878782000,1689,0.4186252774,53.9712890267,1.8353281038
6.7887327000,1690,0.4186252774,53.9712890267,1.8353281038
6.7897942000,1691,0.4186252774,53.9712890267,1.8353281038
6.7908699000,1692,0.4186252774,53.9712890267,1.8353281038
6.7916092000,1693,0.4186252774,53.9712890267,1.8353281038
6.7922923000,1694,0.4186252774,53.9712890267,1.8353281038
6.7932209000,1695,0.4186252774,53.9712890267,1.8353281038
6.7950025000,1696,0.4186252774,53.9712890267,1.8353281038
6.7969098000,1697,0.4186252774,53.9712890267,1.8353281038
6.7988052000,1698,0.4186252774,53.9712890267,1.8353281038
6.8007435000,1699,0.4186252774,53.9712890267,1.8353281038
6.8025115000,1700,0.4186252774,53.9712890267,1.8353281038
6.8042301000,1701,0.4186252774,53.9712890267,1.8353281038
6.8057055000,1702,0.4186252774,53.9712890267,1.8353281038
6.8072894000,1703,0.4186252774,53.9712890267,1.8353281038
6.8091887000,1704,0.4186252774,53.9712890267,1.8353281038
6.8109017000,1705,0.4186252774,53.9712890267,1.8353281038
6.8128099000,1706,0.4186252774,53.9712890267,1.8353281038
6.8144121000,1707,0.4186252774,53.9712890267,1.8353281038
6.8152204000,1708,0.4186252774,53.9712890267,1.8353281038
6.8170812000,1709,0.4186252774,53.9712890267,1.8353281038
6.8183885000,1710,0.4186252774,53.9712890267,1.8353281038
6.8194323000,1711,0.4186252774,53.9712890267,1.8353281038
6.8209613000,1712,0.4186252774,53.9712890267,1.8353281038
6.8228594000,1713,0.4186252774,53.9712890267,1.8353281038
6.8248165000,1714,0.4186252774,53.9712890267,1.8353281038
6.8267651000,1715,0.4186252774,53.9712890267,1.8353281038
6.8286151000,1716,0.4186252774,53.9712890267,1.8353281038
6.8305096000,1717,0.4186252774,53.9712890267,1.8353281038
6.8323608000,1718,0.4186252774,53.9712890267,1.8353281038
6.8342548000,1719,0.4186252774,53.9712890267,1.8353281038
6.8357245000,1720,0.4186252774,53.9712890267,1.8353281038
6.8374390000,1721,0.4186252774,53.9712890267,1.8353281038
6.8393167000,1722,0.4186252774,53.9712890267,1.8353281038
6.8411586000,1723,0.4186252774,53.9712890267,1.8353281038
6.8430105000,1724,0.4186252774,53.9712890267,1.8353281038
6.8448521000,1725,0.4186252774,53.9712890267,1.8353281038
6.8467866000,1726,0.4186252774,53.9712890267,1.8353281038
6.8486240000,1727,0.4186252774,53.9712890267,1.8353281038
6.8500663000,1728,0.4186252774,53.9712890267,1.8353281038
7.2174138000,1729,0.4186252774,53.9712890267,1.8353281038
7.2187333000,1730,0.4186252774,53.9712890267,1.8353281038
7.2197552000,1731,0.4186252774,53.9712890267,1.8353281038
7.2209443000,1732,0.4186252774,53.9712890267,1.8353281038
7.2227490000,1733,0.4186252774,53.9712890267,1.8353281038
7.2238507000,1734,0.4186252774,53.9712890267,1.8353281038
7.2256982000,1735,0.4186252774,53.9712890267,1.8353281038
7.2271884000,1736,0.4186252774,53.9712890267,1.8353281038
7.2280938000,1737,0.4186252774,53.9712890267,1.8353281038
7.2298858000,1738,0.4186252774,53.9712890267,1.8353281038
7.2313004000,1739,0.4186252774,53.9712890267,1.8353281038
7.2326749000,1740,0.4186252774,53.9712890267,1.8353281038
7.2345124000,1741,0.4186252774,53.9712890267,1.8353281038
7.2359704000,1742,0.4186252774,53.9712890267,1.8353281038
7.2372900000,1743,0.4186252774,53.9712890267,1.8353281038
7.2385448000,1744,0.4186252774,53.9712890267,1.8353281038
7.2400545000,1745,0.4186252774,53.9712890267,1.8353281038
7.2418380000,1746,0.4186252774,53.9712890267,1.8353281038
7.2428909000,1747,0.4186252774,53.9712890267,1.8353281038
7.2443164000,1748,0.4186252774,53.9712890267,1.8353281038
7.2453622000,1749,0.4186252774,53.9712890267,1.8353281038
7.2467021000,1750,0.4186252774,53.9712890267,1.8353281038
7.2480555000,1751,0.4186252774,53.9712890267,1.8353281038
7.2494386000,1752,0.4186252774,53.9712890267,1.8353281038
7.2507056000,1753,0.4186252774,53.9712890267,1.8353281038
7.2519620000,1754,0.4186252774,53.9712890267,1.8353281038
7.2537832000,1755,0.4186252774,53.9712890267,1.8353281038
7.2556768000,1756,0.4186252774,53.9712890267,1.8353281038
7.2580708000,1757,0.4186252774,53.9712890267,1.8353281038
7.2599738000,1758,0.4186252774,53.9712890267,1.8353281038
7.2613366000,1759,0.4186252774,53.9712890267,1.8353281038
7.2629255000,1760,0.4186252774,53.9712890267,1.8353281038
7.2644186000,1761,0.4186252774,53.9712890267,1.8353281038
7.2653002000,1762,0.4186252774,53.9712890267,1.8353281038
7.2667355000,1763,0.4186252774,53.9712890267,1.8353281038
7.2682147000,1764,0.4186252774,53.9712890267,1.8353281038
7.2692747000,1765,0.4186252774,53.9712890267,1.8353281038
7.2706335000,1766,0.4186252774,53.9712890267,1.8353281038
7.2724973000,1767,0.4186252774,53.9712890267,1.8353281038
7.2734211000,1768,0.4186252774,53.9712890267,1.8353281038
7.2741928000,1769,0.4186252774,53.9712890267,1.8353281038
7.2760419000,1770,0.4186252774,53.9712890267,1.8353281038
7.2774357000,1771,0.4186252774,53.9712890267,1.8353281038
7.2782978000,1772,0.4186252774,53.9712890267,1.8353281038
7.2796922000,1773,0.4186252774,53.9712890267,1.8353281038
7.2811367000,1774,0.4186252774,53.9712890267,1.8353281038
7.2831047000,1775,0.4186252774,53.9712890267,1.8353281038
7.2844975000,1776,0.4186252774,53.9712890267,1.8353281038
7.2855247000,1777,0.4186252774,53.9712890267,1.8353281038
7.2863769000,1778,0.4186252774,53.9712890267,1.8353281038
7.2877742000,1779,0.4186252774,53.9712890267,1.8353281038
7.2891584000,1780,0.4186252774,53.9712890267,1.8353281038
7.2902406000,1781,0.4186252774,53.9712890267,1.8353281038
7.2917821000,1782,0.4186252774,53.9712890267,1.8353281038
7.2935148000,1783,0.4186252774,53.9712890267,1.8353281038
7.2944703000,1784,0.4186252774,53.9712890267,1.8353281038
7.2961729000,1785,0.4186252774,53.9712890267,1.8353281038
7.2975869000,1786,0.4186252774,53.9712890267,1.8353281038
7.2985433000,1787,0.4186252774,53.9712890267,1.8353281038
7.2992916000,1788,0.4186252774,53.9712890267,1.8353281038
7.3000972000,1789,0.4186252774,53.9712890267,1.8353281038
7.3007947000,1790,0.4186252774,53.9712890267,1.8353281038
7.3014260000,1791,0.4186252774,53.9712890267,1.8353281038
7.3025694000,1792,0.4186252774,53.9712890267,1.8353281038
7.6718728000,1793,0.4186252774,53.9712890267,1.8353281038
7.6731464000,1794,0.4186252774,53.9712890267,1.8353281038
7.6741459000,1795,0.4186252774,53.9712890267,1.8353281038
7.6754955000,1796,0.4186252774,53.9712890267,1.8353281038
7.6771855000,1797,0.4186252774,53.9712890267,1.8353281038
7.6786027000,1798,0.4186252774,53.9712890267,1.8353281038
7.6799057000,1799,0.4186252774,53.9712890267,1.8353281038
7.6811719000,1800,0.4186252774,53.9712890267,1.8353281038
7.6826604000,1801,0.4186252774,53.9712890267,1.8353281038
7.6839772000,1802,0.4186252774,53.9712890267,1.8353281038
7.6852185000,1803,0.4186252774,53.9712890267,1.8353281038
7.6867382000,1804,0.4186252774,53.9712890267,1.8353281038
7.6881931000,1805,0.4186252774,53.9712890267,1.8353281038
7.6895911000,1806,0.4186252774,53.9712890267,1.8353281038
7.6903921000,1807,0.4186252774,53.9712890267,1.8353281038
7.6921270000,1808,0.4186252774,53.9712890267,1.8353281038
7.6937409000,1809,0.4186252774,53.9712890267,1.8353281038
7.6951429000,1810,0.4186252774,53.9712890267,1.8353281038
7.6965637000,1811,0.4186252774,53.9712890267,1.8353281038
7.6978955000,1812,0.4186252774,53.9712890267,1.8353281038
7.6992137000,1813,0.4186252774,53.9712890267,1.8353281038
7.7010638000,1814,0.4186252774,53.9712890267,1.8353281038
7.7021411000,1815,0.4186252774,53.9712890267,1.8353281038
7.7033966000,1816,0.4186252774,53.9712890267,1.8353281038
7.7047162000,1817,0.4186252774,53.9712890267,1.8353281038
7.7060803000,1818,0.4186252774,53.9712890267,1.8353281038
7.7068427000,1819,0.4186252774,53.9712890267,1.8353281038
7.7081630000,1820,0.4186252774,53.9712890267,1.8353281038
7.7095628000,1821,0.4186252774,53.9712890267,1.8353281038
7.7111520000,1822,0.4186252774,53.9712890267,1.8353281038
7.7127750000,1823,0.4186252774,53.9712890267,1.8353281038
7.7142398000,1824,0.4186252774,53.9712890267,1.8353281038
7.7157749000,1825,0.4186252774,53.9712890267,1.8353281038
7.7175238000,1826,0.4186252774,53.9712890267,1.8353281038
7.7187795000,1827,0.4186252774,53.9712890267,1.8353281038
7.7201383000,1828,0.4186252774,53.9712890267,1.8353281038
7.7207255000,1829,0.4186252774,53.9712890267,1.8353281038
7.7222957000,1830,0.4186252774,53.9712890267,1.8353281038
7.7232954000,1831,0.4186252774,53.9712890267,1.8353281038
7.7245874000,1832,0.4186252774,53.9712890267,1.8353281038
7.7260258000,1833,0.4186252774,53.9712890267,1.8353281038
7.7271325000,1834,0.4186252774,53.9712890267,1.8353281038
7.7289128000,1835,0.4186252774,53.9712890267,1.8353281038
7.7308136000,1836,0.4186252774,53.9712890267,1.8353281038
7.7316947000,1837,0.4186252774,53.9712890267,1.8353281038
7.7335270000,1838,0.4186252774,53.9712890267,1.8353281038
7.7353300000,1839,0.4186252774,53.9712890267,1.8353281038
7.7363498000,1840,0.4186252774,53.9712890267,1.8353281038
7.7377182000,1841,0.4186252774,53.9712890267,1.8353281038
7.7394415000,1842,0.4186252774,53.9712890267,1.8353281038
7.7409490000,1843,0.4186252774,53.9712890267,1.8353281038
7.7423524000,1844,0.4186252774,53.9712890267,1.8353281038
7.7438164000,1845,0.4186252774,53.9712890267,1.8353281038
7.7447352000,1846,0.4186252774,53.9712890267,1.8353281038
7.7461497000,1847,0.4186252774,53.9712890267,1.8353281038
7.7474716000,1848,0.4186252774,53.9712890267,1.8353281038
7.7480907000,1849,0.4186252774,53.9712890267,1.8353281038
7.7492773000,1850,0.4186252774,53.9712890267,1.8353281038
7.7506095000,1851,0.4186252774,53.9712890267,1.8353281038
7.7516526000,1852,0.4186252774,53.9712890267,1.8353281038
7.7527726000,1853,0.4186252774,53.9712890267,1.8353281038
7.7541820000,1854,0.4186252774,53.9712890267,1.8353281038
7.7555877000,1855,0.4186252774,53.9712890267,1.8353281038
7.7574881000,1856,0.4186252774,53.9712890267,1.8353281038
8.1123183000,1857,0.4186252774,53.9712890267,1.8353281038
8.1137089000,1858,0.4186252774,53.9712890267,1.8353281038
8.1149038000,1859,0.4186252774,53.9712890267,1.8353281038
8.1158898000,1860,0.4186252774,53.9712890267,1.8353281038
8.1171845000,1861,0.4186252774,53.9712890267,1.8353281038
8.1183986000,1862,0.4186252774,53.9712890267,1.8353281038
8.1197510000,1863,0.4186252774,53.9712890267,1.8353281038
8.1210947000,1864,0.4186252774,53.9712890267,1.8353281038
8.1224117000,1865,0.4186252774,53.9712890267,1.8353281038
8.1232169000,1866,0.4186252774,53.9712890267,1.8353281038
8.1245880000,1867,0.4186252774,53.9712890267,1.8353281038
8.1263804000,1868,0.4186252774,53.9712890267,1.8353281038
8.1274298000,1869,0.4186252774,53.9712890267,1.8353281038
8.1285315000,1870,0.4186252774,53.9712890267,1.8353281038
8.1299912000,1871,0.4186252774,53.9712890267,1.8353281038
8.1314621000,1872,0.4186252774,53.9712890267,1.8353281038
8.1330747000,1873,0.4186252774,53.9712890267,1.8353281038
8.1345646000,1874,0.4186252774,53.9712890267,1.8353281038
8.1361588000,1875,0.4186252774,53.9712890267,1.8353281038
8.1380078000,1876,0.4186252774,53.9712890267,1.8353281038
8.1395832000,1877,0.4186252774,53.9712890267,1.8353281038
8.1411879000,1878,0.4186252774,53.9712890267,1.8353281038
8.1429627000,1879,0.4186252774,53.9712890267,1.8353281038
8.1440062000,1880,0.4186252774,53.9712890267,1.8353281038
8.1447952000,1881,0.4186252774,53.9712890267,1.8353281038
8.1462879000,1882,0.4186252774,53.9712890267,1.8353281038
8.1476523000,1883,0.4186252774,53.9712890267,1.8353281038
8.1482435000,1884,0.4186252774,53.9712890267,1.8353281038
8.1495056000,1885,0.4186252774,53.9712890267,1.8353281038
8.1509066000,1886,0.4186252774,53.9712890267,1.8353281038
8.1521124000,1887,0.4186252774,53.9712890267,1.8353281038
8.1539725000,1888,0.4186252774,53.9712890267,1.8353281038
8.1557583000,1889,0.4186252774,53.9712890267,1.8353281038
8.1565520000,1890,0.4186252774,53.9712890267,1.8353281038
8.1578649000,1891,0.4186252774,53.9712890267,1.8353281038
8.1593576000,1892,0.4186252774,53.9712890267,1.8353281038
8.1607522000,1893,0.4186252774,53.9712890267,1.8353281038
8.1622219000,1894,0.4186252774,53.9712890267,1.8353281038
8.1635674000,1895,0.4186252774,53.9712890267,1.8353281038
8.1648026000,1896,0.4186252774,53.9712890267,1.8353281038
8.1659916000,1897,0.4186252774,53.9712890267,1.8353281038
8.1674457000,1898,0.4186252774,53.9712890267,1.8353281038
8.1686945000,1899,0.4186252774,53.9712890267,1.8353281038
8.1704351000,1900,0.4186252774,53.9712890267,1.8353281038
8.1722437000,1901,0.4186252774,53.9712890267,1.8353281038
8.1730826000,1902,0.4186252774,53.9712890267,1.8353281038
8.1745529000,1903,0.4186252774,53.9712890267,1.8353281038
8.1759037000,1904,0.4186252774,53.9712890267,1.8353281038
8.1772307000,1905,0.4186252774,53.9712890267,1.8353281038
8.1782706000,1906,0.4186252774,53.9712890267,1.8353281038
8.1800168000,1907,0.4186252774,53.9712890267,1.8353281038
8.1816470000,1908,0.4186252774,53.9712890267,1.8353281038
8.1830704000,1909,0.4186252774,53.9712890267,1.8353281038
8.1843974000,1910,0.4186252774,53.9712890267,1.8353281038
8.1855404000,1911,0.4186252774,53.9712890267,1.8353281038
8.1871828000,1912,0.4186252774,53.9712890267,1.8353281038
8.1890403000,1913,0.4186252774,53.9712890267,1.8353281038
8.1903050000,1914,0.4186252774,53.9712890267,1.8353281038
8.1917309000,1915,0.4186252774,53.9712890267,1.8353281038
8.1931086000,1916,0.4186252774,53.9712890267,1.8353281038
8.1939727000,1917,0.4186252774,53.9712890267,1.8353281038
8.1950736000,1918,0.4186252774,53.9712890267,1.8353281038
8.1964013000,1919,0.4186252774,53.9712890267,1.8353281038
8.1981047000,1920,0.4186252774,53.9712890267,1.8353281038
8.5633939000,1921,0.4186252774,53.9712890267,1.8353281038
8.5649919000,1922,0.4186252774,53.9712890267,1.8353281038
8.5663471000,1923,0.4186252774,53.9712890267,1.8353281038
8.5676847000,1924,0.4186252774,53.9712890267,1.8353281038
8.5690615000,1925,0.4186252774,53.9712890267,1.8353281038
8.5704027000,1926,0.4186252774,53.9712890267,1.8353281038
8.5717353000,1927,0.4186252774,53.9712890267,1.8353281038
8.5730914000,1928,0.4186252774,53.9712890267,1.8353281038
8.5744291000,1929,0.4186252774,53.9712890267,1.8353281038
8.5757073000,1930,0.4186252774,53.9712890267,1.8353281038
8.5770079000,1931,0.4186252774,53.9712890267,1.8353281038
8.5783150000,1932,0.4186252774,53.9712890267,1.8353281038
8.5797076000,1933,0.4186252774,53.9712890267,1.8353281038
8.5810162000,1934,0.4186252774,53.9712890267,1.8353281038
8.5818129000,1935,0.4186252774,53.9712890267,1.8353281038
8.5832133000,1936,0.4186252774,53.9712890267,1.8353281038
8.5846977000,1937,0.4186252774,53.9712890267,1.8353281038
8.5860929000,1938,0.4186252774,53.9712890267,1.8353281038
8.5874505000,1939,0.4186252774,53.9712890267,1.8353281038
8.5888498000,1940,0.4186252774,53.9712890267,1.8353281038
8.5899292000,1941,0.4186252774,53.9712890267,1.8353281038
8.5916912000,1942,0.4186252774,53.9712890267,1.8353281038
8.5930626000,1943,0.4186252774,53.9712890267,1.8353281038
8.5950229000,1944,0.4186252774,53.9712890267,1.8353281038
8.5964125000,1945,0.4186252774,53.9712890267,1.8353281038
8.5979766000,1946,0.4186252774,53.9712890267,1.8353281038
8.5996125000,1947,0.4186252774,53.9712890267,1.8353281038
8.6014276000,1948,0.4186252774,53.9712890267,1.8353281038
8.6024167000,1949,0.4186252774,53.9712890267,1.8353281038
8.6035004000,1950,0.4186252774,53.9712890267,1.8353281038
8.6048631000,1951,0.4186252774,53.9712890267,1.8353281038
8.6061176000,1952,0.4186252774,53.9712890267,1.8353281038
8.6069137000,1953,0.4186252774,53.9712890267,1.8353281038
8.6086949000,1954,0.4186252774,53.9712890267,1.8353281038
8.6104928000,1955,0.4186252774,53.9712890267,1.8353281038
8.6121513000,1956,0.4186252774,53.9712890267,1.8353281038
8.6140430000,1957,0.4186252774,53.9712890267,1.8353281038
8.6150822000,1958,0.4186252774,53.9712890267,1.8353281038
8.6161105000,1959,0.4186252774,53.9712890267,1.8353281038
8.6178396000,1960,0.4186252774,53.9712890267,1.8353281038
8.6190959000,1961,0.4186252774,53.9712890267,1.8353281038
8.6209403000,1962,0.4186252774,53.9712890267,1.8353281038
8.6226736000,1963,0.4186252774,53.9712890267,1.8353281038
8.6235679000,1964,0.4186252774,53.9712890267,1.8353281038
8.6251254000,1965,0.4186252774,53.9712890267,1.8353281038
8.6264941000,1966,0.4186252774,53.9712890267,1.8353281038
8.6279190000,1967,0.4186252774,53.9712890267,1.8353281038
8.6292868000,1968,0.4186252774,53.9712890267,1.8353281038
8.6306024000,1969,0.4186252774,53.9712890267,1.8353281038
8.6320173000,1970,0.4186252774,53.9712890267,1.8353281038
8.6334054000,1971,0.4186252774,53.9712890267,1.8353281038
8.6348171000,1972,0.4186252774,53.9712890267,1.8353281038
8.6358516000,1973,0.4186252774,53.9712890267,1.8353281038
8.6372288000,1974,0.4186252774,53.9712890267,1.8353281038
8.6386608000,1975,0.4186252774,53.9712890267,1.8353281038
8.6400877000,1976,0.4186252774,53.9712890267,1.8353281038
8.6414564000,1977,0.4186252774,53.9712890267,1.8353281038
8.6428241000,1978,0.4186252774,53.9712890267,1.8353281038
8.6442477000,1979,0.4186252774,53.9712890267,1.8353281038
8.6456707000,1980,0.4186252774,53.9712890267,1.8353281038
8.6470101000,1981,0.4186252774,53.9712890267,1.8353281038
8.6485442000,1982,0.4186252774,53.9712890267,1.8353281038
8.6499799000,1983,0.4186252774,53.9712890267,1.8353281038
8.6513256000,1984,0.4186252774,53.9712890267,1.8353281038
9.0245485000,1985,0.4186252774,53.9712890267,1.8353281038
9.0259458000,1986,0.4186252774,53.9712890267,1.8353281038
9.0275154000,1987,0.4186252774,53.9712890267,1.8353281038
9.0283996000,1988,0.4186252774,53.9712890267,1.8353281038
9.0302479000,1989,0.4186252774,53.9712890267,1.8353281038
9.0318924000,1990,0.4186252774,53.9712890267,1.8353281038
9.0332497000,1991,0.4186252774,53.9712890267,1.8353281038
9.0345786000,1992,0.4186252774,53.9712890267,1.8353281038
9.0358893000,1993,0.4186252774,53.9712890267,1.8353281038
9.0377777000,1994,0.4186252774,53.9712890267,1.8353281038
9.0395737000,1995,0.4186252774,53.9712890267,1.8353281038
9.0409361000,1996,0.4186252774,53.9712890267,1.8353281038
9.0422369000,1997,0.4186252774,53.9712890267,1.8353281038
9.0435463000,1998,0.4186252774,53.9712890267,1.8353281038
9.0448537000,1999,0.4186252774,53.9712890267,1.8353281038
9.0461595000,2000,0.4186252774,53.9712890267,1.8353281038
9.0475580000,2001,0.4186252774,53.9712890267,1.8353281038
9.0483234000,2002,0.4186252774,53.9712890267,1.8353281038
9.0500801000,2003,0.4186252774,53.9712890267,1.8353281038
9.0519249000,2004,0.4186252774,53.9712890267,1.8353281038
9.0538401000,2005,0.4186252774,53.9712890267,1.8353281038
9.0556793000,2006,0.4186252774,53.9712890267,1.8353281038
9.0568900000,2007,0.4186252774,53.9712890267,1.8353281038
9.0582143000,2008,0.4186252774,53.9712890267,1.8353281038
9.0595536000,2009,0.4186252774,53.9712890267,1.8353281038
9.0608913000,2010,0.4186252774,53.9712890267,1.8353281038
9.0628771000,2011,0.4186252774,53.9712890267,1.8353281038
9.0647406000,2012,0.4186252774,53.9712890267,1.8353281038
9.0666155000,2013,0.4186252774,53.9712890267,1.8353281038
9.0683083000,2014,0.4186252774,53.9712890267,1.8353281038
9.0699820000,2015,0.4186252774,53.9712890267,1.8353281038
9.0715233000,2016,0.4186252774,53.9712890267,1.8353281038
9.0728575000,2017,0.4186252774,53.9712890267,1.8353281038
9.0742174000,2018,0.4186252774,53.9712890267,1.8353281038
9.0756222000,2019,0.4186252774,53.9712890267,1.8353281038
9.0770504000,2020,0.4186252774,53.9712890267,1.8353281038
9.0784861000,2021,0.4186252774,53.9712890267,1.8353281038
9.0803284000,2022,0.4186252774,53.9712890267,1.8353281038
9.0818748000,2023,0.4186252774,53.9712890267,1.8353281038
9.0832716000,2024,0.4186252774,53.9712890267,1.8353281038
9.0845789000,2025,0.4186252774,53.9712890267,1.8353281038
9.0860695000,2026,0.4186252774,53.9712890267,1.8353281038
9.0874981000,2027,0.4186252774,53.9712890267,1.8353281038
9.0889431000,2028,0.4186252774,53.9712890267,1.8353281038
9.0899095000,2029,0.4186252774,53.9712890267,1.8353281038
9.0917344000,2030,0.4186252774,53.9712890267,1.8353281038
9.0933915000,2031,0.4186252774,53.9712890267,1.8353281038
9.0945012000,2032,0.4186252774,53.9712890267,1.8353281038
9.0959868000,2033,0.4186252774,53.9712890267,1.8353281038
9.0976272000,2034,0.4186252774,53.9712890267,1.8353281038
9.0990849000,2035,0.4186252774,53.9712890267,1.8353281038
9.1009337000,2036,0.4186252774,53.9712890267,1.8353281038
9.1026522000,2037,0.4186252774,53.9712890267,1.8353281038
9.1041936000,2038,0.4186252774,53.9712890267,1.8353281038
9.1058449000,2039,0.4186252774,53.9712890267,1.8353281038
9.1067491000,2040,0.4186252774,53.9712890267,1.8353281038
9.1084393000,2041,0.4186252774,53.9712890267,1.8353281038
9.1101617000,2042,0.4186252774,53.9712890267,1.8353281038
9.1109158000,2043,0.4186252774,53.9712890267,1.8353281038
9.1120038000,2044,0.4186252774,53.9712890267,1.8353281038
9.1138242000,2045,0.4186252774,53.9712890267,1.8353281038
9.1149905000,2046,0.4186252774,53.9712890267,1.8353281038
9.1165243000,2047,0.4186252774,53.9712890267,1.8353281038
9.1179756000,2048,0.4186252774,53.9712890267,1.8353281038
9.5089901000,2049,0.4186252774,53.9712890267,1.8353281038
9.5104047000,2050,0.4186252774,53.9712890267,1.8353281038
9.5114075000,2051,0.4186252774,53.9712890267,1.8353281038
9.5129121000,2052,0.4186252774,53.9712890267,1.8353281038
9.5142368000,2053,0.4186252774,53.9712890267,1.8353281038
9.5157642000,2054,0.4186252774,53.9712890267,1.8353281038
9.5170861000,2055,0.4186252774,53.9712890267,1.8353281038
9.5184008000,2056,0.4186252774,53.9712890267,1.8353281038
9.5194513000,2057,0.4186252774,53.9712890267,1.8353281038
9.5212737000,2058,0.4186252774,53.9712890267,1.8353281038
9.5229185000,2059,0.4186252774,53.9712890267,1.8353281038
9.5240533000,2060,0.4186252774,53.9712890267,1.8353281038
9.5256384000,2061,0.4186252774,53.9712890267,1.8353281038
9.5270889000,2062,0.4186252774,53.9712890267,1.8353281038
9.5285490000,2063,0.4186252774,53.9712890267,1.8353281038
9.5298859000,2064,0.4186252774,53.9712890267,1.8353281038
9.5313822000,2065,0.4186252774,53.9712890267,1.8353281038
9.5329906000,2066,0.4186252774,53.9712890267,1.8353281038
9.5344776000,2067,0.4186252774,53.9712890267,1.8353281038
9.5359984000,2068,0.4186252774,53.9712890267,1.8353281038
9.5377007000,2069,0.4186252774,53.9712890267,1.8353281038
9.5392244000,2070,0.4186252774,53.9712890267,1.8353281038
9.5402359000,2071,0.4186252774,53.9712890267,1.8353281038
9.5414155000,2072,0.4186252774,53.9712890267,1.8353281038
9.5428082000,2073,0.4186252774,53.9712890267,1.8353281038
9.5444283000,2074,0.4186252774,53.9712890267,1.8353281038
9.5458793000,2075,0.4186252774,53.9712890267,1.8353281038
9.5472800000,2076,0.4186252774,53.9712890267,1.8353281038
9.5487496000,2077,0.4186252774,53.9712890267,1.8353281038
9.5501795000,2078,0.4186252774,53.9712890267,1.8353281038
9.5516192000,2079,0.4186252774,53.9712890267,1.8353281038
9.5525818000,2080,0.4186252774,53.9712890267,1.8353281038
9.5543518000,2081,0.4186252774,53.9712890267,1.8353281038
9.5560478000,2082,0.4186252774,53.9712890267,1.8353281038
9.5573858000,2083,0.4186252774,53.9712890267,1.8353281038
9.5592136000,2084,0.4186252774,53.9712890267,1.8353281038
9.5606924000,2085,0.4186252774,53.9712890267,1.8353281038
9.5621865000,2086,0.4186252774,53.9712890267,1.8353281038
9.5636511000,2087,0.4186252774,53.9712890267,1.8353281038
9.5652691000,2088,0.4186252774,53.9712890267,1.8353281038
9.5671380000,2089,0.4186252774,53.9712890267,1.8353281038
9.5687610000,2090,0.4186252774,53.9712890267,1.8353281038
9.5702709000,2091,0.4186252774,53.9712890267,1.8353281038
9.5717693000,2092,0.4186252774,53.9712890267,1.8353281038
9.5730125000,2093,0.4186252774,53.9712890267,1.8353281038
9.5740078000,2094,0.4186252774,53.9712890267,1.8353281038
9.5756702000,2095,0.4186252774,53.9712890267,1.8353281038
9.5770970000,2096,0.4186252774,53.9712890267,1.8353281038
9.5788945000,2097,0.4186252774,53.9712890267,1.8353281038
9.5802325000,2098,0.4186252774,53.9712890267,1.8353281038
9.5816446000,2099,0.4186252774,53.9712890267,1.8353281038
9.5830702000,2100,0.4186252774,53.9712890267,1.8353281038
9.5845329000,2101,0.4186252774,53.9712890267,1.8353281038
9.5858145000,2102,0.4186252774,53.9712890267,1.8353281038
9.5872818000,2103,0.4186252774,53.9712890267,1.8353281038
9.5886907000,2104,0.4186252774,53.9712890267,1.8353281038
9.5901216000,2105,0.4186252774,53.9712890267,1.8353281038
9.5915826000,2106,0.4186252774,53.9712890267,1.8353281038
9.5929897000,2107,0.4186252774,53.9712890267,1.8353281038
9.5944450000,2108,0.4186252774,53.9712890267,1.8353281038
9.5963807000,2109,0.4186252774,53.9712890267,1.8353281038
9.5979261000,2110,0.4186252774,53.9712890267,1.8353281038
9.5993876000,2111,0.4186252774,53.9712890267,1.8353281038
9.6008139000,2112,0.4186252774,53.9712890267,1.8353281038
9.9741482000,2113,0.4186252774,53.9712890267,1.8353281038
9.9759860000,2114,0.4186252774,53.9712890267,1.8353281038
9.9772400000,2115,0.4186252774,53.9712890267,1.8353281038
9.9782934000,2116,0.4186252774,53.9712890267,1.8353281038
9.9796967000,2117,0.4186252774,53.9712890267,1.8353281038
9.9810327000,2118,0.4186252774,53.9712890267,1.8353281038
9.9828661000,2119,0.4186252774,53.9712890267,1.8353281038
9.9842029000,2120,0.4186252774,53.9712890267,1.8353281038
9.9857857000,2121,0.4186252774,53.9712890267,1.8353281038
9.9873139000,2122,0.4186252774,53.9712890267,1.8353281038
9.9886729000,2123,0.4186252774,53.9712890267,1.8353281038
9.9901483000,2124,0.4186252774,53.9712890267,1.8353281038
9.9915078000,2125,0.4186252774,53.9712890267,1.8353281038
9.9928882000,2126,0.4186252774,53.9712890267,1.8353281038
9.9942604000,2127,0.4186252774,53.9712890267,1.8353281038
9.9956194000,2128,0.4186252774,53.9712890267,1.8353281038
9.9970059000,2129,0.4186252774,53.9712890267,1.8353281038
9.9983407000,2130,0.4186252774,53.9712890267,1.8353281038
9.9996916000,2131,0.4186252774,53.9712890267,1.8353281038
10.0010700000,2132,0.4186252774,53.9712890267,1.8353281038
10.0030502000,2133,0.4186252774,53.9712890267,1.8353281038
10.0048386000,2134,0.4186252774,53.9712890267,1.8353281038
10.0064520000,2135,0.4186252774,53.9712890267,1.8353281038
10.0079273000,2136,0.4186252774,53.9712890267,1.8353281038
10.0094270000,2137,0.4186252774,53.9712890267,1.8353281038
10.0109949000,2138,0.4186252774,53.9712890267,1.8353281038
10.0124870000,2139,0.4186252774,53.9712890267,1.8353281038
10.0139850000,2140,0.4186252774,53.9712890267,1.8353281038
10.0153319000,2141,0.4186252774,53.9712890267,1.8353281038
10.0171648000,2142,0.4186252774,53.9712890267,1.8353281038
10.0189671000,2143,0.4186252774,53.9712890267,1.8353281038
10.0207692000,2144,0.4186252774,53.9712890267,1.8353281038
10.0225837000,2145,0.4186252774,53.9712890267,1.8353281038
10.0235982000,2146,0.4186252774,53.9712890267,1.8353281038
10.0248730000,2147,0.4186252774,53.9712890267,1.8353281038
10.0263438000,2148,0.4186252774,53.9712890267,1.8353281038
10.0279958000,2149,0.4186252774,53.9712890267,1.8353281038
10.0295986000,2150,0.4186252774,53.9712890267,1.8353281038
10.0309910000,2151,0.4186252774,53.9712890267,1.8353281038
10.0318928000,2152,0.4186252774,53.9712890267,1.8353281038
10.0332844000,2153,0.4186252774,53.9712890267,1.8353281038
10.0346591000,2154,0.4186252774,53.9712890267,1.8353281038
10.0356354000,2155,0.4186252774,53.9712890267,1.8353281038
10.0371435000,2156,0.4186252774,53.9712890267,1.8353281038
10.0384742000,2157,0.4186252774,53.9712890267,1.8353281038
10.0397894000,2158,0.4186252774,53.9712890267,1.8353281038
10.0404719000,2159,0.4186252774,53.9712890267,1.8353281038
10.0410743000,2160,0.4186252774,53.9712890267,1.8353281038
10.0422643000,2161,0.4186252774,53.9712890267,1.8353281038
10.0435683000,2162,0.4186252774,53.9712890267,1.8353281038
10.0445490000,2163,0.4186252774,53.9712890267,1.8353281038
10.0458565000,2164,0.4186252774,53.9712890267,1.8353281038
10.0472262000,2165,0.4186252774,53.9712890267,1.8353281038
10.0487437000,2166,0.4186252774,53.9712890267,1.8353281038
10.0502321000,2167,0.4186252774,53.9712890267,1.8353281038
10.0515981000,2168,0.4186252774,53.9712890267,1.8353281038
10.0526345000,2169,0.4186252774,53.9712890267,1.8353281038
10.0542110000,2170,0.4186252774,53.9712890267,1.8353281038
10.0557803000,2171,0.4186252774,53.9712890267,1.8353281038
10.0564142000,2172,0.4186252774,53.9712890267,1.8353281038
10.0576837000,2173,0.4186252774,53.9712890267,1.8353281038
10.0590475000,2174,0.4186252774,53.9712890267,1.8353281038
10.0603888000,2175,0.4186252774,53.9712890267,1.8353281038
10.0617813000,2176,0.4186252774,53.9712890267,1.8353281038
10.3975522000,2177,0.4186252774,53.9712890267,1.8353281038
10.3984502000,2178,0.4186252774,53.9712890267,1.8353281038
10.3993164000,2179,0.4186252774,53.9712890267,1.8353281038
10.4011867000,2180,0.4186252774,53.9712890267,1.8353281038
10.4024417000,2181,0.4186252774,53.9712890267,1.8353281038
10.4034045000,2182,0.4186252774,53.9712890267,1.8353281038
10.4044516000,2183,0.4186252774,53.9712890267,1.8353281038
10.4055757000,2184,0.4186252774,53.9712890267,1.8353281038
10.4070279000,2185,0.4186252774,53.9712890267,1.8353281038
10.4085385000,2186,0.4186252774,53.9712890267,1.8353281038
10.4100151000,2187,0.4186252774,53.9712890267,1.8353281038
10.4118916000,2188,0.4186252774,53.9712890267,1.8353281038
10.4137340000,2189,0.4186252774,53.9712890267,1.8353281038
10.4150175000,2190,0.4186252774,53.9712890267,1.8353281038
10.4163621000,2191,0.4186252774,53.9712890267,1.8353281038
10.4177797000,2192,0.4186252774,53.9712890267,1.8353281038
10.4188252000,2193,0.4186252774,53.9712890267,1.8353281038
10.4203783000,2194,0.4186252774,53.9712890267,1.8353281038
10.4222122000,2195,0.4186252774,53.9712890267,1.8353281038
10.4234273000,2196,0.4186252774,53.9712890267,1.8353281038
10.4246892000,2197,0.4186252774,53.9712890267,1.8353281038
10.4259429000,2198,0.4186252774,53.9712890267,1.8353281038
10.4272098000,2199,0.4186252774,53.9712890267,1.8353281038
10.4284878000,2200,0.4186252774,53.9712890267,1.8353281038
10.4297265000,2201,0.4186252774,53.9712890267,1.8353281038
10.4310418000,2202,0.4186252774,53.9712890267,1.8353281038
10.4323781000,2203,0.4186252774,53.9712890267,1.8353281038
10.4336567000,2204,0.4186252774,53.9712890267,1.8353281038
10.4349551000,2205,0.4186252774,53.9712890267,1.8353281038
10.4364381000,2206,0.4186252774,53.9712890267,1.8353281038
10.4382974000,2207,0.4186252774,53.9712890267,1.8353281038
10.4399038000,2208,0.4186252774,53.9712890267,1.8353281038
10.4413947000,2209,0.4186252774,53.9712890267,1.8353281038
10.4428125000,2210,0.4186252774,53.9712890267,1.8353281038
10.4444198000,2211,0.4186252774,53.9712890267,1.8353281038
10.4458545000,2212,0.4186252774,53.9712890267,1.8353281038
10.4474217000,2213,0.4186252774,53.9712890267,1.8353281038
10.4487714000,2214,0.4186252774,53.9712890267,1.8353281038
10.4502556000,2215,0.4186252774,53.9712890267,1.8353281038
10.4518070000,2216,0.4186252774,53.9712890267,1.8353281038
10.4533317000,2217,0.4186252774,53.9712890267,1.8353281038
10.4552132000,2218,0.4186252774,53.9712890267,1.8353281038
10.4564163000,2219,0.4186252774,53.9712890267,1.8353281038
10.4579058000,2220,0.4186252774,53.9712890267,1.8353281038
10.4593513000,2221,0.4186252774,53.9712890267,1.8353281038
10.4609322000,2222,0.4186252774,53.9712890267,1.8353281038
10.4619318000,2223,0.4186252774,53.9712890267,1.8353281038
10.4627621000,2224,0.4186252774,53.9712890267,1.8353281038
10.4642598000,2225,0.4186252774,53.9712890267,1.8353281038
10.4652231000,2226,0.4186252774,53.9712890267,1.8353281038
10.4665384000,2227,0.4186252774,53.9712890267,1.8353281038
10.4678663000,2228,0.4186252774,53.9712890267,1.8353281038
10.4692121000,2229,0.4186252774,53.9712890267,1.8353281038
10.4701378000,2230,0.4186252774,53.9712890267,1.8353281038
10.4717666000,2231,0.4186252774,53.9712890267,1.8353281038
10.4727776000,2232,0.4186252774,53.9712890267,1.8353281038
10.4733737000,2233,0.4186252774,53.9712890267,1.8353281038
10.4741912000,2234,0.4186252774,53.9712890267,1.8353281038
10.4759694000,2235,0.4186252774,53.9712890267,1.8353281038
10.4775016000,2236,0.4186252774,53.9712890267,1.8353281038
10.4788915000,2237,0.4186252774,53.9712890267,1.8353281038
10.4803373000,2238,0.4186252774,53.9712890267,1.8353281038
10.4814819000,2239,0.4186252774,53.9712890267,1.8353281038
10.4820324000,2240,0.4186252774,53.9712890267,1.8353281038
10.8205726000,2241,0.4186252774,53.9712890267,1.8353281038
10.8219432000,2242,0.4186252774,53.9712890267,1.8353281038
10.8234029000,2243,0.4186252774,53.9712890267,1.8353281038
10.8248114000,2244,0.4186252774,53.9712890267,1.8353281038
10.8261263000,2245,0.4186252774,53.9712890267,1.8353281038
10.8275729000,2246,0.4186252774,53.9712890267,1.8353281038
10.8288227000,2247,0.4186252774,53.9712890267,1.8353281038
10.8300663000,2248,0.4186252774,53.9712890267,1.8353281038
10.8313295000,2249,0.4186252774,53.9712890267,1.8353281038
10.8325991000,2250,0.4186252774,53.9712890267,1.8353281038
10.8338230000,2251,0.4186252774,53.9712890267,1.8353281038
10.8351734000,2252,0.4186252774,53.9712890267,1.8353281038
10.8365726000,2253,0.4186252774,53.9712890267,1.8353281038
10.8379506000,2254,0.4186252774,53.9712890267,1.8353281038
10.8393409000,2255,0.4186252774,53.9712890267,1.8353281038
10.8410935000,2256,0.4186252774,53.9712890267,1.8353281038
10.8424783000,2257,0.4186252774,53.9712890267,1.8353281038
10.8436745000,2258,0.4186252774,53.9712890267,1.8353281038
10.8445436000,2259,0.4186252774,53.9712890267,1.8353281038
10.8452352000,2260,0.4186252774,53.9712890267,1.8353281038
10.8460571000,2261,0.4186252774,53.9712890267,1.8353281038
10.8475143000,2262,0.4186252774,53.9712890267,1.8353281038
10.8481549000,2263,0.4186252774,53.9712890267,1.8353281038
10.8493325000,2264,0.4186252774,53.9712890267,1.8353281038
10.8507321000,2265,0.4186252774,53.9712890267,1.8353281038
10.8522109000,2266,0.4186252774,53.9712890267,1.8353281038
10.8536265000,2267,0.4186252774,53.9712890267,1.8353281038
10.8550265000,2268,0.4186252774,53.9712890267,1.8353281038
10.8564731000,2269,0.4186252774,53.9712890267,1.8353281038
10.8578447000,2270,0.4186252774,53.9712890267,1.8353281038
10.8591970000,2271,0.4186252774,53.9712890267,1.8353281038
10.8604442000,2272,0.4186252774,53.9712890267,1.8353281038
10.8617374000,2273,0.4186252774,53.9712890267,1.8353281038
10.8629844000,2274,0.4186252774,53.9712890267,1.8353281038
10.8642468000,2275,0.4186252774,53.9712890267,1.8353281038
10.8654907000,2276,0.4186252774,53.9712890267,1.8353281038
10.8667184000,2277,0.4186252774,53.9712890267,1.8353281038
10.8679505000,2278,0.4186252774,53.9712890267,1.8353281038
10.8692016000,2279,0.4186252774,53.9712890267,1.8353281038
10.8704386000,2280,0.4186252774,53.9712890267,1.8353281038
10.8716228000,2281,0.4186252774,53.9712890267,1.8353281038
10.8728200000,2282,0.4186252774,53.9712890267,1.8353281038
10.8740240000,2283,0.4186252774,53.9712890267,1.8353281038
10.8752674000,2284,0.4186252774,53.9712890267,1.8353281038
10.8765147000,2285,0.4186252774,53.9712890267,1.8353281038
10.8779196000,2286,0.4186252774,53.9712890267,1.8353281038
10.8787287000,2287,0.4186252774,53.9712890267,1.8353281038
10.8799882000,2288,0.4186252774,53.9712890267,1.8353281038
10.8811898000,2289,0.4186252774,53.9712890267,1.8353281038
10.8824153000,2290,0.4186252774,53.9712890267,1.8353281038
10.8836301000,2291,0.4186252774,53.9712890267,1.8353281038
10.8848478000,2292,0.4186252774,53.9712890267,1.8353281038
10.8861777000,2293,0.4186252774,53.9712890267,1.8353281038
10.8873847000,2294,0.4186252774,53.9712890267,1.8353281038
10.8886247000,2295,0.4186252774,53.9712890267,1.8353281038
10.8898481000,2296,0.4186252774,53.9712890267,1.8353281038
10.8911721000,2297,0.4186252774,53.9712890267,1.8353281038
10.8923878000,2298,0.4186252774,53.9712890267,1.8353281038
10.8935887000,2299,0.4186252774,53.9712890267,1.8353281038
10.8948140000,2300,0.4186252774,53.9712890267,1.8353281038
10.8959921000,2301,0.4186252774,53.9712890267,1.8353281038
10.8972179000,2302,0.4186252774,53.9712890267,1.8353281038
10.8984240000,2303,0.4186252774,53.9712890267,1.8353281038
10.8996182000,2304,0.4186252774,53.9712890267,1.8353281038
11.2388741000,2305,0.4186252774,53.9712890267,1.8353281038
11.2404249000,2306,0.4186252774,53.9712890267,1.8353281038
11.2417112000,2307,0.4186252774,53.9712890267,1.8353281038
11.2430118000,2308,0.4186252774,53.9712890267,1.8353281038
11.2440971000,2309,0.4186252774,53.9712890267,1.8353281038
11.2448906000,2310,0.4186252774,53.9712890267,1.8353281038
11.2458162000,2311,0.4186252774,53.9712890267,1.8353281038
11.2470964000,2312,0.4186252774,53.9712890267,1.8353281038
11.2484548000,2313,0.4186252774,53.9712890267,1.8353281038
11.2498127000,2314,0.4186252774,53.9712890267,1.8353281038
11.2511461000,2315,0.4186252774,53.9712890267,1.8353281038
11.2521773000,2316,0.4186252774,53.9712890267,1.8353281038
11.2533784000,2317,0.4186252774,53.9712890267,1.8353281038
11.2545696000,2318,0.4186252774,53.9712890267,1.8353281038
11.2557504000,2319,0.4186252774,53.9712890267,1.8353281038
11.2570910000,2320,0.4186252774,53.9712890267,1.8353281038
11.2584200000,2321,0.4186252774,53.9712890267,1.8353281038
11.2597614000,2322,0.4186252774,53.9712890267,1.8353281038
11.2612065000,2323,0.4186252774,53.9712890267,1.8353281038
11.2625552000,2324,0.4186252774,53.9712890267,1.8353281038
11.2638804000,2325,0.4186252774,53.9712890267,1.8353281038
11.2651775000,2326,0.4186252774,53.9712890267,1.8353281038
11.2664476000,2327,0.4186252774,53.9712890267,1.8353281038
11.2676612000,2328,0.4186252774,53.9712890267,1.8353281038
11.2688764000,2329,0.4186252774,53.9712890267,1.8353281038
11.2701432000,2330,0.4186252774,53.9712890267,1.8353281038
11.2713677000,2331,0.4186252774,53.9712890267,1.8353281038
11.2726474000,2332,0.4186252774,53.9712890267,1.8353281038
11.2739268000,2333,0.4186252774,53.9712890267,1.8353281038
11.2751490000,2334,0.4186252774,53.9712890267,1.8353281038
11.2763577000,2335,0.4186252774,53.9712890267,1.8353281038
11.2775775000,2336,0.4186252774,53.9712890267,1.8353281038
11.2787818000,2337,0.4186252774,53.9712890267,1.8353281038
11.2799588000,2338,0.4186252774,53.9712890267,1.8353281038
11.2811993000,2339,0.4186252774,53.9712890267,1.8353281038
11.2824855000,2340,0.4186252774,53.9712890267,1.8353281038
11.2837490000,2341,0.4186252774,53.9712890267,1.8353281038
11.2850216000,2342,0.4186252774,53.9712890267,1.8353281038
11.2862129000,2343,0.4186252774,53.9712890267,1.8353281038
11.2873824000,2344,0.4186252774,53.9712890267,1.8353281038
11.2885741000,2345,0.4186252774,53.9712890267,1.8353281038
11.2897805000,2346,0.4186252774,53.9712890267,1.8353281038
11.2909599000,2347,0.4186252774,53.9712890267,1.8353281038
11.2922542000,2348,0.4186252774,53.9712890267,1.8353281038
11.2934878000,2349,0.4186252774,53.9712890267,1.8353281038
11.2948325000,2350,0.4186252774,53.9712890267,1.8353281038
11.2961129000,2351,0.4186252774,53.9712890267,1.8353281038
11.2975059000,2352,0.4186252774,53.9712890267,1.8353281038
11.2985960000,2353,0.4186252774,53.9712890267,1.8353281038
11.2999520000,2354,0.4186252774,53.9712890267,1.8353281038
11.3012649000,2355,0.4186252774,53.9712890267,1.8353281038
11.3026523000,2356,0.4186252774,53.9712890267,1.8353281038
11.3040905000,2357,0.4186252774,53.9712890267,1.8353281038
11.3054019000,2358,0.4186252774,53.9712890267,1.8353281038
11.3064476000,2359,0.4186252774,53.9712890267,1.8353281038
11.3077402000,2360,0.4186252774,53.9712890267,1.8353281038
11.3090656000,2361,0.4186252774,53.9712890267,1.8353281038
11.3102445000,2362,0.4186252774,53.9712890267,1.8353281038
11.3110924000,2363,0.4186252774,53.9712890267,1.8353281038
11.3126856000,2364,0.4186252774,53.9712890267,1.8353281038
11.3136432000,2365,0.4186252774,53.9712890267,1.8353281038
11.3149787000,2366,0.4186252774,53.9712890267,1.8353281038
11.3163044000,2367,0.4186252774,53.9712890267,1.8353281038
11.3176152000,2368,0.4186252774,53.9712890267,1.8353281038
11.6444038000,2369,0.4186252774,53.9712890267,1.8353281038
11.6455495000,2370,0.4186252774,53.9712890267,1.8353281038
11.6466673000,2371,0.4186252774,53.9712890267,1.8353281038
11.6478180000,2372,0.4186252774,53.9712890267,1.8353281038
11.6489417000,2373,0.4186252774,53.9712890267,1.8353281038
11.6500960000,2374,0.4186252774,53.9712890267,1.8353281038
11.6512411000,2375,0.4186252774,53.9712890267,1.8353281038
11.6524005000,2376,0.4186252774,53.9712890267,1.8353281038
11.6536227000,2377,0.4186252774,53.9712890267,1.8353281038
11.6547621000,2378,0.4186252774,53.9712890267,1.8353281038
11.6559528000,2379,0.4186252774,53.9712890267,1.8353281038
11.6574316000,2380,0.4186252774,53.9712890267,1.8353281038
11.6587313000,2381,0.4186252774,53.9712890267,1.8353281038
11.6600833000,2382,0.4186252774,53.9712890267,1.8353281038
11.6614102000,2383,0.4186252774,53.9712890267,1.8353281038
11.6627564000,2384,0.4186252774,53.9712890267,1.8353281038
11.6641416000,2385,0.4186252774,53.9712890267,1.8353281038
11.6654670000,2386,0.4186252774,53.9712890267,1.8353281038
11.6667919000,2387,0.4186252774,53.9712890267,1.8353281038
11.6681027000,2388,0.4186252774,53.9712890267,1.8353281038
11.6695911000,2389,0.4186252774,53.9712890267,1.8353281038
11.6709363000,2390,0.4186252774,53.9712890267,1.8353281038
11.6722721000,2391,0.4186252774,53.9712890267,1.8353281038
11.6736145000,2392,0.4186252774,53.9712890267,1.8353281038
11.6749518000,2393,0.4186252774,53.9712890267,1.8353281038
11.6763424000,2394,0.4186252774,53.9712890267,1.8353281038
11.6777983000,2395,0.4186252774,53.9712890267,1.8353281038
11.6790789000,2396,0.4186252774,53.9712890267,1.8353281038
11.6803441000,2397,0.4186252774,53.9712890267,1.8353281038
11.6815933000,2398,0.4186252774,53.9712890267,1.8353281038
11.6828013000,2399,0.4186252774,53.9712890267,1.8353281038
11.6839346000,2400,0.4186252774,53.9712890267,1.8353281038
11.6850949000,2401,0.4186252774,53.9712890267,1.8353281038
11.6862362000,2402,0.4186252774,53.9712890267,1.8353281038
11.6874592000,2403,0.4186252774,53.9712890267,1.8353281038
11.6885968000,2404,0.4186252774,53.9712890267,1.8353281038
11.6898872000,2405,0.4186252774,53.9712890267,1.8353281038
11.6911313000,2406,0.4186252774,53.9712890267,1.8353281038
11.6922752000,2407,0.4186252774,53.9712890267,1.8353281038
11.6934166000,2408,0.4186252774,53.9712890267,1.8353281038
11.6945702000,2409,0.4186252774,53.9712890267,1.8353281038
11.6957221000,2410,0.4186252774,53.9712890267,1.8353281038
11.6968897000,2411,0.4186252774,53.9712890267,1.8353281038
11.6982402000,2412,0.4186252774,53.9712890267,1.8353281038
11.6995862000,2413,0.4186252774,53.9712890267,1.8353281038
11.7009662000,2414,0.4186252774,53.9712890267,1.8353281038
11.7022896000,2415,0.4186252774,53.9712890267,1.8353281038
11.7034242000,2416,0.4186252774,53.9712890267,1.8353281038
11.7045543000,2417,0.4186252774,53.9712890267,1.8353281038
11.7056904000,2418,0.4186252774,53.9712890267,1.8353281038
11.7068418000,2419,0.4186252774,53.9712890267,1.8353281038
11.7079909000,2420,0.4186252774,53.9712890267,1.8353281038
11.7091824000,2421,0.4186252774,53.9712890267,1.8353281038
11.7103283000,2422,0.4186252774,53.9712890267,1.8353281038
11.7114890000,2423,0.4186252774,53.9712890267,1.8353281038
11.7137118000,2424,0.4186252774,53.9712890267,1.8353281038
11.7150476000,2425,0.4186252774,53.9712890267,1.8353281038
11.7162537000,2426,0.4186252774,53.9712890267,1.8353281038
11.7174425000,2427,0.4186252774,53.9712890267,1.8353281038
11.7186486000,2428,0.4186252774,53.9712890267,1.8353281038
11.7194647000,2429,0.4186252774,53.9712890267,1.8353281038
11.7201740000,2430,0.4186252774,53.9712890267,1.8353281038
11.7214784000,2431,0.4186252774,53.9712890267,1.8353281038
11.7229564000,2432,0.4186252774,53.9712890267,1.8353281038
12.0524417000,2433,0.4186252774,53.9712890267,1.8353281038
12.0542525000,2434,0.4186252774,53.9712890267,1.8353281038
12.0556153000,2435,0.4186252774,53.9712890267,1.8353281038
12.0569328000,2436,0.4186252774,53.9712890267,1.8353281038
12.0586356000,2437,0.4186252774,53.9712890267,1.8353281038
12.0602111000,2438,0.4186252774,53.9712890267,1.8353281038
12.0614837000,2439,0.4186252774,53.9712890267,1.8353281038
12.0627401000,2440,0.4186252774,53.9712890267,1.8353281038
12.0639756000,2441,0.4186252774,53.9712890267,1.8353281038
12.0651733000,2442,0.4186252774,53.9712890267,1.8353281038
12.0664545000,2443,0.4186252774,53.9712890267,1.8353281038
12.0677152000,2444,0.4186252774,53.9712890267,1.8353281038
12.0688508000,2445,0.4186252774,53.9712890267,1.8353281038
12.0701318000,2446,0.4186252774,53.9712890267,1.8353281038
12.0714322000,2447,0.4186252774,53.9712890267,1.8353281038
12.0727649000,2448,0.4186252774,53.9712890267,1.8353281038
12.0740637000,2449,0.4186252774,53.9712890267,1.8353281038
12.0752877000,2450,0.4186252774,53.9712890267,1.8353281038
12.0765077000,2451,0.4186252774,53.9712890267,1.8353281038
12.0775162000,2452,0.4186252774,53.9712890267,1.8353281038
12.0782635000,2453,0.4186252774,53.9712890267,1.8353281038
12.0795101000,2454,0.4186252774,53.9712890267,1.8353281038
12.0807919000,2455,0.4186252774,53.9712890267,1.8353281038
12.0821724000,2456,0.4186252774,53.9712890267,1.8353281038
12.0833492000,2457,0.4186252774,53.9712890267,1.8353281038
12.0847073000,2458,0.4186252774,53.9712890267,1.8353281038
12.0861078000,2459,0.4186252774,53.9712890267,1.8353281038
12.0874393000,2460,0.4186252774,53.9712890267,1.8353281038
12.0887363000,2461,0.4186252774,53.9712890267,1.8353281038
12.0900127000,2462,0.4186252774,53.9712890267,1.8353281038
12.0913541000,2463,0.4186252774,53.9712890267,1.8353281038
12.0926915000,2464,0.4186252774,53.9712890267,1.8353281038
12.0941690000,2465,0.4186252774,53.9712890267,1.8353281038
12.0953318000,2466,0.4186252774,53.9712890267,1.8353281038
12.0965293000,2467,0.4186252774,53.9712890267,1.8353281038
12.0976768000,2468,0.4186252774,53.9712890267,1.8353281038
12.0989237000,2469,0.4186252774,53.9712890267,1.8353281038
12.1001742000,2470,0.4186252774,53.9712890267,1.8353281038
12.1013554000,2471,0.4186252774,53.9712890267,1.8353281038
12.1022893000,2472,0.4186252774,53.9712890267,1.8353281038
12.1034242000,2473,0.4186252774,53.9712890267,1.8353281038
12.1046719000,2474,0.4186252774,53.9712890267,1.8353281038
12.1058850000,2475,0.4186252774,53.9712890267,1.8353281038
12.1068064000,2476,0.4186252774,53.9712890267,1.8353281038
12.1081569000,2477,0.4186252774,53.9712890267,1.8353281038
12.1094064000,2478,0.4186252774,53.9712890267,1.8353281038
12.1107860000,2479,0.4186252774,53.9712890267,1.8353281038
12.1119933000,2480,0.4186252774,53.9712890267,1.8353281038
12.1131843000,2481,0.4186252774,53.9712890267,1.8353281038
12.1143887000,2482,0.4186252774,53.9712890267,1.8353281038
12.1155872000,2483,0.4186252774,53.9712890267,1.8353281038
12.1167629000,2484,0.4186252774,53.9712890267,1.8353281038
12.1180084000,2485,0.4186252774,53.9712890267,1.8353281038
12.1193313000,2486,0.4186252774,53.9712890267,1.8353281038
12.1206186000,2487,0.4186252774,53.9712890267,1.8353281038
12.1218558000,2488,0.4186252774,53.9712890267,1.8353281038
12.1228417000,2489,0.4186252774,53.9712890267,1.8353281038
12.1237753000,2490,0.4186252774,53.9712890267,1.8353281038
12.1254029000,2491,0.4186252774,53.9712890267,1.8353281038
12.1272092000,2492,0.4186252774,53.9712890267,1.8353281038
12.1284672000,2493,0.4186252774,53.9712890267,1.8353281038
12.1297857000,2494,0.4186252774,53.9712890267,1.8353281038
12.1310231000,2495,0.4186252774,53.9712890267,1.8353281038
12.1320796000,2496,0.4186252774,53.9712890267,1.8353281038
12.4510180000,2497,0.4186252774,53.9712890267,1.8353281038
12.4522027000,2498,0.4186252774,53.9712890267,1.8353281038
12.4535135000,2499,0.4186252774,53.9712890267,1.8353281038
12.4548198000,2500,0.4186252774,53.9712890267,1.8353281038
12.4561474000,2501,0.4186252774,53.9712890267,1.8353281038
12.4566956000,2502,0.4186252774,53.9712890267,1.8353281038
12.4579525000,2503,0.4186252774,53.9712890267,1.8353281038
12.4591928000,2504,0.4186252774,53.9712890267,1.8353281038
12.4604964000,2505,0.4186252774,53.9712890267,1.8353281038
12.4617868000,2506,0.4186252774,53.9712890267,1.8353281038
12.4630546000,2507,0.4186252774,53.9712890267,1.8353281038
12.4645983000,2508,0.4186252774,53.9712890267,1.8353281038
12.4658745000,2509,0.4186252774,53.9712890267,1.8353281038
12.4671399000,2510,0.4186252774,53.9712890267,1.8353281038
12.4683294000,2511,0.4186252774,53.9712890267,1.8353281038
12.4693857000,2512,0.4186252774,53.9712890267,1.8353281038
12.4704944000,2513,0.4186252774,53.9712890267,1.8353281038
12.4714702000,2514,0.4186252774,53.9712890267,1.8353281038
12.4729324000,2515,0.4186252774,53.9712890267,1.8353281038
12.4742267000,2516,0.4186252774,53.9712890267,1.8353281038
12.4754745000,2517,0.4186252774,53.9712890267,1.8353281038
12.4770917000,2518,0.4186252774,53.9712890267,1.8353281038
12.4784146000,2519,0.4186252774,53.9712890267,1.8353281038
12.4797701000,2520,0.4186252774,53.9712890267,1.8353281038
12.4811858000,2521,0.4186252774,53.9712890267,1.8353281038
12.4826571000,2522,0.4186252774,53.9712890267,1.8353281038
12.4838112000,2523,0.4186252774,53.9712890267,1.8353281038
12.4850355000,2524,0.4186252774,53.9712890267,1.8353281038
12.4861991000,2525,0.4186252774,53.9712890267,1.8353281038
12.4873508000,2526,0.4186252774,53.9712890267,1.8353281038
12.4885343000,2527,0.4186252774,53.9712890267,1.8353281038
12.4897377000,2528,0.4186252774,53.9712890267,1.8353281038
12.4909234000,2529,0.4186252774,53.9712890267,1.8353281038
12.4921393000,2530,0.4186252774,53.9712890267,1.8353281038
12.4933574000,2531,0.4186252774,53.9712890267,1.8353281038
12.4945276000,2532,0.4186252774,53.9712890267,1.8353281038
12.4957172000,2533,0.4186252774,53.9712890267,1.8353281038
12.4969231000,2534,0.4186252774,53.9712890267,1.8353281038
12.4980948000,2535,0.4186252774,53.9712890267,1.8353281038
12.4992893000,2536,0.4186252774,53.9712890267,1.8353281038
12.5004539000,2537,0.4186252774,53.9712890267,1.8353281038
12.5016098000,2538,0.4186252774,53.9712890267,1.8353281038
12.5027369000,2539,0.4186252774,53.9712890267,1.8353281038
12.5039093000,2540,0.4186252774,53.9712890267,1.8353281038
12.5050553000,2541,0.4186252774,53.9712890267,1.8353281038
12.5061987000,2542,0.4186252774,53.9712890267,1.8353281038
12.5073393000,2543,0.4186252774,53.9712890267,1.8353281038
12.5084808000,2544,0.4186252774,53.9712890267,1.8353281038
12.5096601000,2545,0.4186252774,53.9712890267,1.8353281038
12.5107677000,2546,0.4186252774,53.9712890267,1.8353281038
12.5121152000,2547,0.4186252774,53.9712890267,1.8353281038
12.5133588000,2548,0.4186252774,53.9712890267,1.8353281038
12.5147085000,2549,0.4186252774,53.9712890267,1.8353281038
12.5154930000,2550,0.4186252774,53.9712890267,1.8353281038
12.5165472000,2551,0.4186252774,53.9712890267,1.8353281038
12.5179431000,2552,0.4186252774,53.9712890267,1.8353281038
12.5201088000,2553,0.4186252774,53.9712890267,1.8353281038
12.5214557000,2554,0.4186252774,53.9712890267,1.8353281038
12.5227023000,2555,0.4186252774,53.9712890267,1.8353281038
12.5236804000,2556,0.4186252774,53.9712890267,1.8353281038
12.5248124000,2557,0.4186252774,53.9712890267,1.8353281038
12.5259928000,2558,0.4186252774,53.9712890267,1.8353281038
12.5269605000,2559,0.4186252774,53.9712890267,1.8353281038
12.5280547000,2560,0.4186252774,53.9712890267,1.8353281038
12.8435593000,2561,0.4186252774,53.9712890267,1.8353281038
12.8450339000,2562,0.4186252774,53.9712890267,1.8353281038
12.8463647000,2563,0.4186252774,53.9712890267,1.8353281038
12.8479731000,2564,0.4186252774,53.9712890267,1.8353281038
12.8487546000,2565,0.4186252774,53.9712890267,1.8353281038
12.8499720000,2566,0.4186252774,53.9712890267,1.8353281038
12.8513721000,2567,0.4186252774,53.9712890267,1.8353281038
12.8532004000,2568,0.4186252774,53.9712890267,1.8353281038
12.8545139000,2569,0.4186252774,53.9712890267,1.8353281038
12.8560660000,2570,0.4186252774,53.9712890267,1.8353281038
12.8579461000,2571,0.4186252774,53.9712890267,1.8353281038
12.8592436000,2572,0.4186252774,53.9712890267,1.8353281038
12.8607176000,2573,0.4186252774,53.9712890267,1.8353281038
12.8618485000,2574,0.4186252774,53.9712890267,1.8353281038
12.8629835000,2575,0.4186252774,53.9712890267,1.8353281038
12.8641335000,2576,0.4186252774,53.9712890267,1.8353281038
12.8654280000,2577,0.4186252774,53.9712890267,1.8353281038
12.8666572000,2578,0.4186252774,53.9712890267,1.8353281038
12.8678301000,2579,0.4186252774,53.9712890267,1.8353281038
12.8691442000,2580,0.4186252774,53.9712890267,1.8353281038
12.8700442000,2581,0.4186252774,53.9712890267,1.8353281038
12.8707756000,2582,0.4186252774,53.9712890267,1.8353281038
12.8720226000,2583,0.4186252774,53.9712890267,1.8353281038
12.8732157000,2584,0.4186252774,53.9712890267,1.8353281038
12.8748442000,2585,0.4186252774,53.9712890267,1.8353281038
12.8762279000,2586,0.4186252774,53.9712890267,1.8353281038
12.8773542000,2587,0.4186252774,53.9712890267,1.8353281038
12.8782707000,2588,0.4186252774,53.9712890267,1.8353281038
12.8792135000,2589,0.4186252774,53.9712890267,1.8353281038
12.8808393000,2590,0.4186252774,53.9712890267,1.8353281038
12.8821491000,2591,0.4186252774,53.9712890267,1.8353281038
12.8833604000,2592,0.4186252774,53.9712890267,1.8353281038
12.8845545000,2593,0.4186252774,53.9712890267,1.8353281038
12.8857118000,2594,0.4186252774,53.9712890267,1.8353281038
12.8870249000,2595,0.4186252774,53.9712890267,1.8353281038
12.8882886000,2596,0.4186252774,53.9712890267,1.8353281038
12.8896378000,2597,0.4186252774,53.9712890267,1.8353281038
12.8903773000,2598,0.4186252774,53.9712890267,1.8353281038
12.8910006000,2599,0.4186252774,53.9712890267,1.8353281038
12.8920463000,2600,0.4186252774,53.9712890267,1.8353281038
12.8926507000,2601,0.4186252774,53.9712890267,1.8353281038
12.8938353000,2602,0.4186252774,53.9712890267,1.8353281038
12.8951748000,2603,0.4186252774,53.9712890267,1.8353281038
12.8965498000,2604,0.4186252774,53.9712890267,1.8353281038
12.8978938000,2605,0.4186252774,53.9712890267,1.8353281038
12.8990906000,2606,0.4186252774,53.9712890267,1.8353281038
12.9003769000,2607,0.4186252774,53.9712890267,1.8353281038
12.9015494000,2608,0.4186252774,53.9712890267,1.8353281038
12.9027784000,2609,0.4186252774,53.9712890267,1.8353281038
12.9039193000,2610,0.4186252774,53.9712890267,1.8353281038
12.9050625000,2611,0.4186252774,53.9712890267,1.8353281038
12.9062012000,2612,0.4186252774,53.9712890267,1.8353281038
12.9074406000,2613,0.4186252774,53.9712890267,1.8353281038
12.9086164000,2614,0.4186252774,53.9712890267,1.8353281038
12.9098062000,2615,0.4186252774,53.9712890267,1.8353281038
12.9112525000,2616,0.4186252774,53.9712890267,1.8353281038
12.9132522000,2617,0.4186252774,53.9712890267,1.8353281038
12.9143784000,2618,0.4186252774,53.9712890267,1.8353281038
12.9157392000,2619,0.4186252774,53.9712890267,1.8353281038
12.9170662000,2620,0.4186252774,53.9712890267,1.8353281038
12.9184083000,2621,0.4186252774,53.9712890267,1.8353281038
12.9198517000,2622,0.4186252774,53.9712890267,1.8353281038
12.9213513000,2623,0.4186252774,53.9712890267,1.8353281038
12.9231632000,2624,0.4186252774,53.9712890267,1.8353281038
13.2378036000,2625,0.4186252774,53.9712890267,1.8353281038
13.2389925000,2626,0.4186252774,53.9712890267,1.8353281038
13.2403594000,2627,0.4186252774,53.9712890267,1.8353281038
13.2416965000,2628,0.4186252774,53.9712890267,1.8353281038
13.2424712000,2629,0.4186252774,53.9712890267,1.8353281038
13.2437968000,2630,0.4186252774,53.9712890267,1.8353281038
13.2451502000,2631,0.4186252774,53.9712890267,1.8353281038
13.2464685000,2632,0.4186252774,53.9712890267,1.8353281038
13.2477497000,2633,0.4186252774,53.9712890267,1.8353281038
13.2488335000,2634,0.4186252774,53.9712890267,1.8353281038
13.2502304000,2635,0.4186252774,53.9712890267,1.8353281038
13.2513545000,2636,0.4186252774,53.9712890267,1.8353281038
13.2524784000,2637,0.4186252774,53.9712890267,1.8353281038
13.2538540000,2638,0.4186252774,53.9712890267,1.8353281038
13.2551608000,2639,0.4186252774,53.9712890267,1.8353281038
13.2562935000,2640,0.4186252774,53.9712890267,1.8353281038
13.2573044000,2641,0.4186252774,53.9712890267,1.8353281038
13.2585809000,2642,0.4186252774,53.9712890267,1.8353281038
13.2598760000,2643,0.4186252774,53.9712890267,1.8353281038
13.2612322000,2644,0.4186252774,53.9712890267,1.8353281038
13.2626549000,2645,0.4186252774,53.9712890267,1.8353281038
13.2639620000,2646,0.4186252774,53.9712890267,1.8353281038
13.2652657000,2647,0.4186252774,53.9712890267,1.8353281038
13.2664105000,2648,0.4186252774,53.9712890267,1.8353281038
13.2674351000,2649,0.4186252774,53.9712890267,1.8353281038
13.2686427000,2650,0.4186252774,53.9712890267,1.8353281038
13.2692321000,2651,0.4186252774,53.9712890267,1.8353281038
13.2705386000,2652,0.4186252774,53.9712890267,1.8353281038
13.2718587000,2653,0.4186252774,53.9712890267,1.8353281038
13.2730215000,2654,0.4186252774,53.9712890267,1.8353281038
13.2738978000,2655,0.4186252774,53.9712890267,1.8353281038
13.2751533000,2656,0.4186252774,53.9712890267,1.8353281038
13.2764040000,2657,0.4186252774,53.9712890267,1.8353281038
13.2775808000,2658,0.4186252774,53.9712890267,1.8353281038
13.2789875000,2659,0.4186252774,53.9712890267,1.8353281038
13.2803174000,2660,0.4186252774,53.9712890267,1.8353281038
13.2816410000,2661,0.4186252774,53.9712890267,1.8353281038
13.2828518000,2662,0.4186252774,53.9712890267,1.8353281038
13.2840527000,2663,0.4186252774,53.9712890267,1.8353281038
13.2854119000,2664,0.4186252774,53.9712890267,1.8353281038
13.2867516000,2665,0.4186252774,53.9712890267,1.8353281038
13.2879590000,2666,0.4186252774,53.9712890267,1.8353281038
13.2890857000,2667,0.4186252774,53.9712890267,1.8353281038
13.2903165000,2668,0.4186252774,53.9712890267,1.8353281038
13.2914996000,2669,0.4186252774,53.9712890267,1.8353281038
13.2927810000,2670,0.4186252774,53.9712890267,1.8353281038
13.2939529000,2671,0.4186252774,53.9712890267,1.8353281038
13.2951195000,2672,0.4186252774,53.9712890267,1.8353281038
13.2963102000,2673,0.4186252774,53.9712890267,1.8353281038
13.2974724000,2674,0.4186252774,53.9712890267,1.8353281038
13.2987117000,2675,0.4186252774,53.9712890267,1.8353281038
13.2998966000,2676,0.4186252774,53.9712890267,1.8353281038
13.3010791000,2677,0.4186252774,53.9712890267,1.8353281038
13.3022808000,2678,0.4186252774,53.9712890267,1.8353281038
13.3034988000,2679,0.4186252774,53.9712890267,1.8353281038
13.3047016000,2680,0.4186252774,53.9712890267,1.8353281038
13.3060843000,2681,0.4186252774,53.9712890267,1.8353281038
13.3073875000,2682,0.4186252774,53.9712890267,1.8353281038
13.3085849000,2683,0.4186252774,53.9712890267,1.8353281038
13.3098397000,2684,0.4186252774,53.9712890267,1.8353281038
13.3106045000,2685,0.4186252774,53.9712890267,1.8353281038
13.3116959000,2686,0.4186252774,53.9712890267,1.8353281038
13.3129586000,2687,0.4186252774,53.9712890267,1.8353281038
13.3143098000,2688,0.4186252774,53.9712890267,1.8353281038
13.6428169000,2689,0.4186252774,53.9712890267,1.8353281038
13.6441170000,2690,0.4186252774,53.9712890267,1.8353281038
13.6453737000,2691,0.4186252774,53.9712890267,1.8353281038
13.6466102000,2692,0.4186252774,53.9712890267,1.8353281038
13.6477828000,2693,0.4186252774,53.9712890267,1.8353281038
13.6485997000,2694,0.4186252774,53.9712890267,1.8353281038
13.6498427000,2695,0.4186252774,53.9712890267,1.8353281038
13.6515840000,2696,0.4186252774,53.9712890267,1.8353281038
13.6528375000,2697,0.4186252774,53.9712890267,1.8353281038
13.6542463000,2698,0.4186252774,53.9712890267,1.8353281038
13.6558070000,2699,0.4186252774,53.9712890267,1.8353281038
13.6570187000,2700,0.4186252774,53.9712890267,1.8353281038
13.6582999000,2701,0.4186252774,53.9712890267,1.8353281038
13.6596678000,2702,0.4186252774,53.9712890267,1.8353281038
13.6608976000,2703,0.4186252774,53.9712890267,1.8353281038
13.6621484000,2704,0.4186252774,53.9712890267,1.8353281038
13.6634621000,2705,0.4186252774,53.9712890267,1.8353281038
13.6649611000,2706,0.4186252774,53.9712890267,1.8353281038
13.6662693000,2707,0.4186252774,53.9712890267,1.8353281038
13.6675738000,2708,0.4186252774,53.9712890267,1.8353281038
13.6688625000,2709,0.4186252774,53.9712890267,1.8353281038
13.6700938000,2710,0.4186252774,53.9712890267,1.8353281038
13.6714133000,2711,0.4186252774,53.9712890267,1.8353281038
13.6728105000,2712,0.4186252774,53.9712890267,1.8353281038
13.6740561000,2713,0.4186252774,53.9712890267,1.8353281038
13.6753534000,2714,0.4186252774,53.9712890267,1.8353281038
13.6766289000,2715,0.4186252774,53.9712890267,1.8353281038
13.6778086000,2716,0.4186252774,53.9712890267,1.8353281038
13.6789476000,2717,0.4186252774,53.9712890267,1.8353281038
13.6801237000,2718,0.4186252774,53.9712890267,1.8353281038
13.6812822000,2719,0.4186252774,53.9712890267,1.8353281038
13.6824894000,2720,0.4186252774,53.9712890267,1.8353281038
13.6836287000,2721,0.4186252774,53.9712890267,1.8353281038
13.6847764000,2722,0.4186252774,53.9712890267,1.8353281038
13.6858668000,2723,0.4186252774,53.9712890267,1.8353281038
13.6868757000,2724,0.4186252774,53.9712890267,1.8353281038
13.6881038000,2725,0.4186252774,53.9712890267,1.8353281038
13.6896493000,2726,0.4186252774,53.9712890267,1.8353281038
13.6904303000,2727,0.4186252774,53.9712890267,1.8353281038
13.6922529000,2728,0.4186252774,53.9712890267,1.8353281038
13.6937413000,2729,0.4186252774,53.9712890267,1.8353281038
13.6949635000,2730,0.4186252774,53.9712890267,1.8353281038
13.6961560000,2731,0.4186252774,53.9712890267,1.8353281038
13.6974337000,2732,0.4186252774,53.9712890267,1.8353281038
13.6988206000,2733,0.4186252774,53.9712890267,1.8353281038
13.7001785000,2734,0.4186252774,53.9712890267,1.8353281038
13.7014997000,2735,0.4186252774,53.9712890267,1.8353281038
13.7023825000,2736,0.4186252774,53.9712890267,1.8353281038
13.7032125000,2737,0.4186252774,53.9712890267,1.8353281038
13.7041860000,2738,0.4186252774,53.9712890267,1.8353281038
13.7054520000,2739,0.4186252774,53.9712890267,1.8353281038
13.7068167000,2740,0.4186252774,53.9712890267,1.8353281038
13.7080593000,2741,0.4186252774,53.9712890267,1.8353281038
13.7092421000,2742,0.4186252774,53.9712890267,1.8353281038
13.7103050000,2743,0.4186252774,53.9712890267,1.8353281038
13.7110886000,2744,0.4186252774,53.9712890267,1.8353281038
13.7119888000,2745,0.4186252774,53.9712890267,1.8353281038
13.7133435000,2746,0.4186252774,53.9712890267,1.8353281038
13.7152671000,2747,0.4186252774,53.9712890267,1.8353281038
13.7168012000,2748,0.4186252774,53.9712890267,1.8353281038
13.7179994000,2749,0.4186252774,53.9712890267,1.8353281038
13.7189547000,2750,0.4186252774,53.9712890267,1.8353281038
13.7203489000,2751,0.4186252774,53.9712890267,1.8353281038
13.7217454000,2752,0.4186252774,53.9712890267,1.8353281038
14.0239679000,2753,0.4186252774,53.9712890267,1.8353281038
14.0252058000,2754,0.4186252774,53.9712890267,1.8353281038
14.0263876000,2755,0.4186252774,53.9712890267,1.8353281038
14.0277640000,2756,0.4186252774,53.9712890267,1.8353281038
14.0293385000,2757,0.4186252774,53.9712890267,1.8353281038
14.0308471000,2758,0.4186252774,53.9712890267,1.8353281038
14.0319925000,2759,0.4186252774,53.9712890267,1.8353281038
14.0329913000,2760,0.4186252774,53.9712890267,1.8353281038
14.0337142000,2761,0.4186252774,53.9712890267,1.8353281038
14.0342764000,2762,0.4186252774,53.9712890267,1.8353281038
14.0352703000,2763,0.4186252774,53.9712890267,1.8353281038
14.0359783000,2764,0.4186252774,53.9712890267,1.8353281038
14.0372526000,2765,0.4186252774,53.9712890267,1.8353281038
14.0384983000,2766,0.4186252774,53.9712890267,1.8353281038
14.0397604000,2767,0.4186252774,53.9712890267,1.8353281038
14.0409450000,2768,0.4186252774,53.9712890267,1.8353281038
14.0422048000,2769,0.4186252774,53.9712890267,1.8353281038
14.0434412000,2770,0.4186252774,53.9712890267,1.8353281038
14.0443654000,2771,0.4186252774,53.9712890267,1.8353281038
14.0456478000,2772,0.4186252774,53.9712890267,1.8353281038
14.0470679000,2773,0.4186252774,53.9712890267,1.8353281038
14.0484401000,2774,0.4186252774,53.9712890267,1.8353281038
14.0497394000,2775,0.4186252774,53.9712890267,1.8353281038
14.0511323000,2776,0.4186252774,53.9712890267,1.8353281038
14.0520373000,2777,0.4186252774,53.9712890267,1.8353281038
14.0531511000,2778,0.4186252774,53.9712890267,1.8353281038
14.0545237000,2779,0.4186252774,53.9712890267,1.8353281038
14.0559092000,2780,0.4186252774,53.9712890267,1.8353281038
14.0569715000,2781,0.4186252774,53.9712890267,1.8353281038
14.0583357000,2782,0.4186252774,53.9712890267,1.8353281038
14.0596412000,2783,0.4186252774,53.9712890267,1.8353281038
14.0610911000,2784,0.4186252774,53.9712890267,1.8353281038
14.0620341000,2785,0.4186252774,53.9712890267,1.8353281038
14.0627255000,2786,0.4186252774,53.9712890267,1.8353281038
14.0633934000,2787,0.4186252774,53.9712890267,1.8353281038
14.0644358000,2788,0.4186252774,53.9712890267,1.8353281038
14.0663498000,2789,0.4186252774,53.9712890267,1.8353281038
14.0677066000,2790,0.4186252774,53.9712890267,1.8353281038
14.0689588000,2791,0.4186252774,53.9712890267,1.8353281038
14.0702119000,2792,0.4186252774,53.9712890267,1.8353281038
14.0714259000,2793,0.4186252774,53.9712890267,1.8353281038
14.0728260000,2794,0.4186252774,53.9712890267,1.8353281038
14.0737314000,2795,0.4186252774,53.9712890267,1.8353281038
14.0750927000,2796,0.4186252774,53.9712890267,1.8353281038
14.0766618000,2797,0.4186252774,53.9712890267,1.8353281038
14.0774151000,2798,0.4186252774,53.9712890267,1.8353281038
14.0781741000,2799,0.4186252774,53.9712890267,1.8353281038
14.0793669000,2800,0.4186252774,53.9712890267,1.8353281038
14.0806193000,2801,0.4186252774,53.9712890267,1.8353281038
14.0819649000,2802,0.4186252774,53.9712890267,1.8353281038
14.0832785000,2803,0.4186252774,53.9712890267,1.8353281038
14.0846135000,2804,0.4186252774,53.9712890267,1.8353281038
14.0860301000,2805,0.4186252774,53.9712890267,1.8353281038
14.0872930000,2806,0.4186252774,53.9712890267,1.8353281038
14.0886331000,2807,0.4186252774,53.9712890267,1.8353281038
14.0899561000,2808,0.4186252774,53.9712890267,1.8353281038
14.0911343000,2809,0.4186252774,53.9712890267,1.8353281038
14.0924123000,2810,0.4186252774,53.9712890267,1.8353281038
14.0935093000,2811,0.4186252774,53.9712890267,1.8353281038
14.0942312000,2812,0.4186252774,53.9712890267,1.8353281038
14.0954984000,2813,0.4186252774,53.9712890267,1.8353281038
14.0968747000,2814,0.4186252774,53.9712890267,1.8353281038
14.0983929000,2815,0.4186252774,53.9712890267,1.8353281038
14.0997993000,2816,0.4186252774,53.9712890267,1.8353281038
14.4073306000,2817,0.4186252774,53.9712890267,1.8353281038
14.4085793000,2818,0.4186252774,53.9712890267,1.8353281038
14.4098253000,2819,0.4186252774,53.9712890267,1.8353281038
14.4111062000,2820,0.4186252774,53.9712890267,1.8353281038
14.4122628000,2821,0.4186252774,53.9712890267,1.8353281038
14.4133850000,2822,0.4186252774,53.9712890267,1.8353281038
14.4145170000,2823,0.4186252774,53.9712890267,1.8353281038
14.4156772000,2824,0.4186252774,53.9712890267,1.8353281038
14.4168102000,2825,0.4186252774,53.9712890267,1.8353281038
14.4180020000,2826,0.4186252774,53.9712890267,1.8353281038
14.4191968000,2827,0.4186252774,53.9712890267,1.8353281038
14.4204583000,2828,0.4186252774,53.9712890267,1.8353281038
14.4217012000,2829,0.4186252774,53.9712890267,1.8353281038
14.4229647000,2830,0.4186252774,53.9712890267,1.8353281038
14.4242995000,2831,0.4186252774,53.9712890267,1.8353281038
14.4255795000,2832,0.4186252774,53.9712890267,1.8353281038
14.4269140000,2833,0.4186252774,53.9712890267,1.8353281038
14.4282161000,2834,0.4186252774,53.9712890267,1.8353281038
14.4295108000,2835,0.4186252774,53.9712890267,1.8353281038
14.4307668000,2836,0.4186252774,53.9712890267,1.8353281038
14.4320541000,2837,0.4186252774,53.9712890267,1.8353281038
14.4333182000,2838,0.4186252774,53.9712890267,1.8353281038
14.4345726000,2839,0.4186252774,53.9712890267,1.8353281038
14.4363284000,2840,0.4186252774,53.9712890267,1.8353281038
14.4380806000,2841,0.4186252774,53.9712890267,1.8353281038
14.4395452000,2842,0.4186252774,53.9712890267,1.8353281038
14.4408954000,2843,0.4186252774,53.9712890267,1.8353281038
14.4422378000,2844,0.4186252774,53.9712890267,1.8353281038
14.4434933000,2845,0.4186252774,53.9712890267,1.8353281038
14.4448119000,2846,0.4186252774,53.9712890267,1.8353281038
14.4460643000,2847,0.4186252774,53.9712890267,1.8353281038
14.4473156000,2848,0.4186252774,53.9712890267,1.8353281038
14.4487440000,2849,0.4186252774,53.9712890267,1.8353281038
14.4500692000,2850,0.4186252774,53.9712890267,1.8353281038
14.4514764000,2851,0.4186252774,53.9712890267,1.8353281038
14.4527150000,2852,0.4186252774,53.9712890267,1.8353281038
14.4536198000,2853,0.4186252774,53.9712890267,1.8353281038
14.4550624000,2854,0.4186252774,53.9712890267,1.8353281038
14.4565884000,2855,0.4186252774,53.9712890267,1.8353281038
14.4581103000,2856,0.4186252774,53.9712890267,1.8353281038
14.4599309000,2857,0.4186252774,53.9712890267,1.8353281038
14.4612903000,2858,0.4186252774,53.9712890267,1.8353281038
14.4626147000,2859,0.4186252774,53.9712890267,1.8353281038
14.4639092000,2860,0.4186252774,53.9712890267,1.8353281038
14.4650659000,2861,0.4186252774,53.9712890267,1.8353281038
14.4663325000,2862,0.4186252774,53.9712890267,1.8353281038
14.4676125000,2863,0.4186252774,53.9712890267,1.8353281038
14.4689915000,2864,0.4186252774,53.9712890267,1.8353281038
14.4698592000,2865,0.4186252774,53.9712890267,1.8353281038
14.4711289000,2866,0.4186252774,53.9712890267,1.8353281038
14.4723913000,2867,0.4186252774,53.9712890267,1.8353281038
14.4739202000,2868,0.4186252774,53.9712890267,1.8353281038
14.4758397000,2869,0.4186252774,53.9712890267,1.8353281038
14.4772684000,2870,0.4186252774,53.9712890267,1.8353281038
14.4789707000,2871,0.4186252774,53.9712890267,1.8353281038
14.4804541000,2872,0.4186252774,53.9712890267,1.8353281038
14.4813601000,2873,0.4186252774,53.9712890267,1.8353281038
14.4823383000,2874,0.4186252774,53.9712890267,1.8353281038
14.4835818000,2875,0.4186252774,53.9712890267,1.8353281038
14.4848655000,2876,0.4186252774,53.9712890267,1.8353281038
14.4855256000,2877,0.4186252774,53.9712890267,1.8353281038
14.4867170000,2878,0.4186252774,53.9712890267,1.8353281038
14.4879691000,2879,0.4186252774,53.9712890267,1.8353281038
14.4892685000,2880,0.4186252774,53.9712890267,1.8353281038
14.8003434000,2881,0.4186252774,53.9712890267,1.8353281038
14.8018625000,2882,0.4186252774,53.9712890267,1.8353281038
14.8031591000,2883,0.4186252774,53.9712890267,1.8353281038
14.8044392000,2884,0.4186252774,53.9712890267,1.8353281038
14.8055500000,2885,0.4186252774,53.9712890267,1.8353281038
14.8063372000,2886,0.4186252774,53.9712890267,1.8353281038
14.8074783000,2887,0.4186252774,53.9712890267,1.8353281038
14.8086322000,2888,0.4186252774,53.9712890267,1.8353281038
14.8097875000,2889,0.4186252774,53.9712890267,1.8353281038
14.8109705000,2890,0.4186252774,53.9712890267,1.8353281038
14.8121359000,2891,0.4186252774,53.9712890267,1.8353281038
14.8132613000,2892,0.4186252774,53.9712890267,1.8353281038
14.8143813000,2893,0.4186252774,53.9712890267,1.8353281038
14.8150287000,2894,0.4186252774,53.9712890267,1.8353281038
14.8162668000,2895,0.4186252774,53.9712890267,1.8353281038
14.8174463000,2896,0.4186252774,53.9712890267,1.8353281038
14.8185348000,2897,0.4186252774,53.9712890267,1.8353281038
14.8201413000,2898,0.4186252774,53.9712890267,1.8353281038
14.8219699000,2899,0.4186252774,53.9712890267,1.8353281038
14.8232584000,2900,0.4186252774,53.9712890267,1.8353281038
14.8244683000,2901,0.4186252774,53.9712890267,1.8353281038
14.8256029000,2902,0.4186252774,53.9712890267,1.8353281038
14.8267531000,2903,0.4186252774,53.9712890267,1.8353281038
14.8279247000,2904,0.4186252774,53.9712890267,1.8353281038
14.8290925000,2905,0.4186252774,53.9712890267,1.8353281038
14.8303284000,2906,0.4186252774,53.9712890267,1.8353281038
14.8315039000,2907,0.4186252774,53.9712890267,1.8353281038
14.8326712000,2908,0.4186252774,53.9712890267,1.8353281038
14.8338229000,2909,0.4186252774,53.9712890267,1.8353281038
14.8349579000,2910,0.4186252774,53.9712890267,1.8353281038
14.8361190000,2911,0.4186252774,53.9712890267,1.8353281038
14.8372484000,2912,0.4186252774,53.9712890267,1.8353281038
14.8383862000,2913,0.4186252774,53.9712890267,1.8353281038
14.8395385000,2914,0.4186252774,53.9712890267,1.8353281038
14.8407298000,2915,0.4186252774,53.9712890267,1.8353281038
14.8419356000,2916,0.4186252774,53.9712890267,1.8353281038
14.8430732000,2917,0.4186252774,53.9712890267,1.8353281038
14.8440583000,2918,0.4186252774,53.9712890267,1.8353281038
14.8452833000,2919,0.4186252774,53.9712890267,1.8353281038
14.8465797000,2920,0.4186252774,53.9712890267,1.8353281038
14.8478664000,2921,0.4186252774,53.9712890267,1.8353281038
14.8485806000,2922,0.4186252774,53.9712890267,1.8353281038
14.8494892000,2923,0.4186252774,53.9712890267,1.8353281038
14.8508086000,2924,0.4186252774,53.9712890267,1.8353281038
14.8520096000,2925,0.4186252774,53.9712890267,1.8353281038
14.8529444000,2926,0.4186252774,53.9712890267,1.8353281038
14.8542446000,2927,0.4186252774,53.9712890267,1.8353281038
14.8554797000,2928,0.4186252774,53.9712890267,1.8353281038
14.8568496000,2929,0.4186252774,53.9712890267,1.8353281038
14.8581447000,2930,0.4186252774,53.9712890267,1.8353281038
14.8589529000,2931,0.4186252774,53.9712890267,1.8353281038
14.8600808000,2932,0.4186252774,53.9712890267,1.8353281038
14.8613065000,2933,0.4186252774,53.9712890267,1.8353281038
14.8622589000,2934,0.4186252774,53.9712890267,1.8353281038
14.8628210000,2935,0.4186252774,53.9712890267,1.8353281038
14.8640752000,2936,0.4186252774,53.9712890267,1.8353281038
14.8650786000,2937,0.4186252774,53.9712890267,1.8353281038
14.8663858000,2938,0.4186252774,53.9712890267,1.8353281038
14.8677216000,2939,0.4186252774,53.9712890267,1.8353281038
14.8691908000,2940,0.4186252774,53.9712890267,1.8353281038
14.8704912000,2941,0.4186252774,53.9712890267,1.8353281038
14.8717806000,2942,0.4186252774,53.9712890267,1.8353281038
14.8727224000,2943,0.4186252774,53.9712890267,1.8353281038
14.8739381000,2944,0.4186252774,53.9712890267,1.8353281038
15.1851512000,2945,0.4186252774,53.9712890267,1.8353281038
15.1864750000,2946,0.4186252774,53.9712890267,1.8353281038
15.1876734000,2947,0.4186252774,53.9712890267,1.8353281038
15.1885836000,2948,0.4186252774,53.9712890267,1.8353281038
15.1896361000,2949,0.4186252774,53.9712890267,1.8353281038
15.1909498000,2950,0.4186252774,53.9712890267,1.8353281038
15.1923141000,2951,0.4186252774,53.9712890267,1.8353281038
15.1939472000,2952,0.4186252774,53.9712890267,1.8353281038
15.1951950000,2953,0.4186252774,53.9712890267,1.8353281038
15.1964949000,2954,0.4186252774,53.9712890267,1.8353281038
15.1978813000,2955,0.4186252774,53.9712890267,1.8353281038
15.1990426000,2956,0.4186252774,53.9712890267,1.8353281038
15.2002040000,2957,0.4186252774,53.9712890267,1.8353281038
15.2013333000,2958,0.4186252774,53.9712890267,1.8353281038
15.2020967000,2959,0.4186252774,53.9712890267,1.8353281038
15.2030818000,2960,0.4186252774,53.9712890267,1.8353281038
15.2038826000,2961,0.4186252774,53.9712890267,1.8353281038
15.2051058000,2962,0.4186252774,53.9712890267,1.8353281038
15.2064307000,2963,0.4186252774,53.9712890267,1.8353281038
15.2069831000,2964,0.4186252774,53.9712890267,1.8353281038
15.2078302000,2965,0.4186252774,53.9712890267,1.8353281038
15.2090721000,2966,0.4186252774,53.9712890267,1.8353281038
15.2104454000,2967,0.4186252774,53.9712890267,1.8353281038
15.2116300000,2968,0.4186252774,53.9712890267,1.8353281038
15.2127813000,2969,0.4186252774,53.9712890267,1.8353281038
15.2139496000,2970,0.4186252774,53.9712890267,1.8353281038
15.2151185000,2971,0.4186252774,53.9712890267,1.8353281038
15.2162932000,2972,0.4186252774,53.9712890267,1.8353281038
15.2174877000,2973,0.4186252774,53.9712890267,1.8353281038
15.2186341000,2974,0.4186252774,53.9712890267,1.8353281038
15.2200853000,2975,0.4186252774,53.9712890267,1.8353281038
15.2214128000,2976,0.4186252774,53.9712890267,1.8353281038
15.2226744000,2977,0.4186252774,53.9712890267,1.8353281038
15.2240058000,2978,0.4186252774,53.9712890267,1.8353281038
15.2259799000,2979,0.4186252774,53.9712890267,1.8353281038
15.2275316000,2980,0.4186252774,53.9712890267,1.8353281038
15.2288167000,2981,0.4186252774,53.9712890267,1.8353281038
15.2300705000,2982,0.4186252774,53.9712890267,1.8353281038
15.2312890000,2983,0.4186252774,53.9712890267,1.8353281038
15.2324761000,2984,0.4186252774,53.9712890267,1.8353281038
15.2337368000,2985,0.4186252774,53.9712890267,1.8353281038
15.2346520000,2986,0.4186252774,53.9712890267,1.8353281038
15.2353233000,2987,0.4186252774,53.9712890267,1.8353281038
15.2363716000,2988,0.4186252774,53.9712890267,1.8353281038
15.2371292000,2989,0.4186252774,53.9712890267,1.8353281038
15.2385264000,2990,0.4186252774,53.9712890267,1.8353281038
15.2396215000,2991,0.4186252774,53.9712890267,1.8353281038
15.2406891000,2992,0.4186252774,53.9712890267,1.8353281038
15.2419656000,2993,0.4186252774,53.9712890267,1.8353281038
15.2433106000,2994,0.4186252774,53.9712890267,1.8353281038
15.2443675000,2995,0.4186252774,53.9712890267,1.8353281038
15.2452059000,2996,0.4186252774,53.9712890267,1.8353281038
15.2466197000,2997,0.4186252774,53.9712890267,1.8353281038
15.2477683000,2998,0.4186252774,53.9712890267,1.8353281038
15.2487319000,2999,0.4186252774,53.9712890267,1.8353281038
15.2500922000,3000,0.4186252774,53.9712890267,1.8353281038
15.2513770000,3001,0.4186252774,53.9712890267,1.8353281038
15.2525653000,3002,0.4186252774,53.9712890267,1.8353281038
15.2537102000,3003,0.4186252774,53.9712890267,1.8353281038
15.2548408000,3004,0.4186252774,53.9712890267,1.8353281038
15.2560889000,3005,0.4186252774,53.9712890267,1.8353281038
15.2570026000,3006,0.4186252774,53.9712890267,1.8353281038
15.2575114000,3007,0.4186252774,53.9712890267,1.8353281038
15.2589080000,3008,0.4186252774,53.9712890267,1.8353281038
15.5851223000,3009,0.4186252774,53.9712890267,1.8353281038
15.5865316000,3010,0.4186252774,53.9712890267,1.8353281038
15.5878812000,3011,0.4186252774,53.9712890267,1.8353281038
15.5891812000,3012,0.4186252774,53.9712890267,1.8353281038
15.5904970000,3013,0.4186252774,53.9712890267,1.8353281038
15.5918206000,3014,0.4186252774,53.9712890267,1.8353281038
15.5931874000,3015,0.4186252774,53.9712890267,1.8353281038
15.5941124000,3016,0.4186252774,53.9712890267,1.8353281038
15.5949053000,3017,0.4186252774,53.9712890267,1.8353281038
15.5961632000,3018,0.4186252774,53.9712890267,1.8353281038
15.5974169000,3019,0.4186252774,53.9712890267,1.8353281038
15.5985356000,3020,0.4186252774,53.9712890267,1.8353281038
15.5996916000,3021,0.4186252774,53.9712890267,1.8353281038
15.6008026000,3022,0.4186252774,53.9712890267,1.8353281038
15.6019255000,3023,0.4186252774,53.9712890267,1.8353281038
15.6030592000,3024,0.4186252774,53.9712890267,1.8353281038
15.6042615000,3025,0.4186252774,53.9712890267,1.8353281038
15.6054028000,3026,0.4186252774,53.9712890267,1.8353281038
15.6062666000,3027,0.4186252774,53.9712890267,1.8353281038
15.6076593000,3028,0.4186252774,53.9712890267,1.8353281038
15.6090598000,3029,0.4186252774,53.9712890267,1.8353281038
15.6102096000,3030,0.4186252774,53.9712890267,1.8353281038
15.6113756000,3031,0.4186252774,53.9712890267,1.8353281038
15.6126718000,3032,0.4186252774,53.9712890267,1.8353281038
15.6138524000,3033,0.4186252774,53.9712890267,1.8353281038
15.6148283000,3034,0.4186252774,53.9712890267,1.8353281038
15.6156564000,3035,0.4186252774,53.9712890267,1.8353281038
15.6169301000,3036,0.4186252774,53.9712890267,1.8353281038
15.6181728000,3037,0.4186252774,53.9712890267,1.8353281038
15.6194753000,3038,0.4186252774,53.9712890267,1.8353281038
15.6207247000,3039,0.4186252774,53.9712890267,1.8353281038
15.6220814000,3040,0.4186252774,53.9712890267,1.8353281038
15.6234300000,3041,0.4186252774,53.9712890267,1.8353281038
15.6246792000,3042,0.4186252774,53.9712890267,1.8353281038
15.6259903000,3043,0.4186252774,53.9712890267,1.8353281038
15.6272802000,3044,0.4186252774,53.9712890267,1.8353281038
15.6285266000,3045,0.4186252774,53.9712890267,1.8353281038
15.6296891000,3046,0.4186252774,53.9712890267,1.8353281038
15.6307604000,3047,0.4186252774,53.9712890267,1.8353281038
15.6321210000,3048,0.4186252774,53.9712890267,1.8353281038
15.6340111000,3049,0.4186252774,53.9712890267,1.8353281038
15.6352041000,3050,0.4186252774,53.9712890267,1.8353281038
15.6367737000,3051,0.4186252774,53.9712890267,1.8353281038
15.6383598000,3052,0.4186252774,53.9712890267,1.8353281038
15.6395019000,3053,0.4186252774,53.9712890267,1.8353281038
15.6406547000,3054,0.4186252774,53.9712890267,1.8353281038
15.6418027000,3055,0.4186252774,53.9712890267,1.8353281038
15.6429319000,3056,0.4186252774,53.9712890267,1.8353281038
15.6441953000,3057,0.4186252774,53.9712890267,1.8353281038
15.6453698000,3058,0.4186252774,53.9712890267,1.8353281038
15.6464973000,3059,0.4186252774,53.9712890267,1.8353281038
15.6476220000,3060,0.4186252774,53.9712890267,1.8353281038
15.6484416000,3061,0.4186252774,53.9712890267,1.8353281038
15.6501269000,3062,0.4186252774,53.9712890267,1.8353281038
15.6513016000,3063,0.4186252774,53.9712890267,1.8353281038
15.6520737000,3064,0.4186252774,53.9712890267,1.8353281038
15.6532361000,3065,0.4186252774,53.9712890267,1.8353281038
15.6545492000,3066,0.4186252774,53.9712890267,1.8353281038
15.6557991000,3067,0.4186252774,53.9712890267,1.8353281038
15.6569546000,3068,0.4186252774,53.9712890267,1.8353281038
15.6580805000,3069,0.4186252774,53.9712890267,1.8353281038
15.6592914000,3070,0.4186252774,53.9712890267,1.8353281038
15.6602536000,3071,0.4186252774,53.9712890267,1.8353281038
15.6611046000,3072,0.4186252774,53.9712890267,1.8353281038
15.9824595000,3073,0.4186252774,53.9712890267,1.8353281038
15.9837638000,3074,0.4186252774,53.9712890267,1.8353281038
15.9853157000,3075,0.4186252774,53.9712890267,1.8353281038
15.9866825000,3076,0.4186252774,53.9712890267,1.8353281038
15.9879875000,3077,0.4186252774,53.9712890267,1.8353281038
15.9895640000,3078,0.4186252774,53.9712890267,1.8353281038
15.9909395000,3079,0.4186252774,53.9712890267,1.8353281038
15.9922951000,3080,0.4186252774,53.9712890267,1.8353281038
15.9933819000,3081,0.4186252774,53.9712890267,1.8353281038
15.9941271000,3082,0.4186252774,53.9712890267,1.8353281038
15.9959179000,3083,0.4186252774,53.9712890267,1.8353281038
15.9975051000,3084,0.4186252774,53.9712890267,1.8353281038
15.9987937000,3085,0.4186252774,53.9712890267,1.8353281038
15.9999331000,3086,0.4186252774,53.9712890267,1.8353281038
16.0010535000,3087,0.4186252774,53.9712890267,1.8353281038
16.0022979000,3088,0.4186252774,53.9712890267,1.8353281038
16.0036990000,3089,0.4186252774,53.9712890267,1.8353281038
16.0049987000,3090,0.4186252774,53.9712890267,1.8353281038
16.0063100000,3091,0.4186252774,53.9712890267,1.8353281038
16.0069636000,3092,0.4186252774,53.9712890267,1.8353281038
16.0082290000,3093,0.4186252774,53.9712890267,1.8353281038
16.0098777000,3094,0.4186252774,53.9712890267,1.8353281038
16.0111113000,3095,0.4186252774,53.9712890267,1.8353281038
16.0124590000,3096,0.4186252774,53.9712890267,1.8353281038
16.0136928000,3097,0.4186252774,53.9712890267,1.8353281038
16.0150999000,3098,0.4186252774,53.9712890267,1.8353281038
16.0163873000,3099,0.4186252774,53.9712890267,1.8353281038
16.0176670000,3100,0.4186252774,53.9712890267,1.8353281038
16.0188244000,3101,0.4186252774,53.9712890267,1.8353281038
16.0201159000,3102,0.4186252774,53.9712890267,1.8353281038
16.0213591000,3103,0.4186252774,53.9712890267,1.8353281038
16.0228349000,3104,0.4186252774,53.9712890267,1.8353281038
16.0241977000,3105,0.4186252774,53.9712890267,1.8353281038
16.0255052000,3106,0.4186252774,53.9712890267,1.8353281038
16.0267268000,3107,0.4186252774,53.9712890267,1.8353281038
16.0275227000,3108,0.4186252774,53.9712890267,1.8353281038
16.0284107000,3109,0.4186252774,53.9712890267,1.8353281038
16.0296840000,3110,0.4186252774,53.9712890267,1.8353281038
16.0310024000,3111,0.4186252774,53.9712890267,1.8353281038
16.0322625000,3112,0.4186252774,53.9712890267,1.8353281038
16.0333968000,3113,0.4186252774,53.9712890267,1.8353281038
16.0345390000,3114,0.4186252774,53.9712890267,1.8353281038
16.0357873000,3115,0.4186252774,53.9712890267,1.8353281038
16.0364478000,3116,0.4186252774,53.9712890267,1.8353281038
16.0377033000,3117,0.4186252774,53.9712890267,1.8353281038
16.0391364000,3118,0.4186252774,53.9712890267,1.8353281038
16.0401913000,3119,0.4186252774,53.9712890267,1.8353281038
16.0413301000,3120,0.4186252774,53.9712890267,1.8353281038
16.0424807000,3121,0.4186252774,53.9712890267,1.8353281038
16.0431399000,3122,0.4186252774,53.9712890267,1.8353281038
16.0437999000,3123,0.4186252774,53.9712890267,1.8353281038
16.0449235000,3124,0.4186252774,53.9712890267,1.8353281038
16.0461376000,3125,0.4186252774,53.9712890267,1.8353281038
16.0472677000,3126,0.4186252774,53.9712890267,1.8353281038
16.0486785000,3127,0.4186252774,53.9712890267,1.8353281038
16.0500450000,3128,0.4186252774,53.9712890267,1.8353281038
16.0513784000,3129,0.4186252774,53.9712890267,1.8353281038
16.0526959000,3130,0.4186252774,53.9712890267,1.8353281038
16.0538621000,3131,0.4186252774,53.9712890267,1.8353281038
16.0550189000,3132,0.4186252774,53.9712890267,1.8353281038
16.0561655000,3133,0.4186252774,53.9712890267,1.8353281038
16.0574304000,3134,0.4186252774,53.9712890267,1.8353281038
16.0585842000,3135,0.4186252774,53.9712890267,1.8353281038
16.0597553000,3136,0.4186252774,53.9712890267,1.8353281038
16.3712990000,3137,0.4186252774,53.9712890267,1.8353281038
16.3725630000,3138,0.4186252774,53.9712890267,1.8353281038
16.3745603000,3139,0.4186252774,53.9712890267,1.8353281038
16.3763528000,3140,0.4186252774,53.9712890267,1.8353281038
16.3777249000,3141,0.4186252774,53.9712890267,1.8353281038
16.3789976000,3142,0.4186252774,53.9712890267,1.8353281038
16.3802317000,3143,0.4186252774,53.9712890267,1.8353281038
16.3813605000,3144,0.4186252774,53.9712890267,1.8353281038
16.3825586000,3145,0.4186252774,53.9712890267,1.8353281038
16.3837927000,3146,0.4186252774,53.9712890267,1.8353281038
16.3850375000,3147,0.4186252774,53.9712890267,1.8353281038
16.3862395000,3148,0.4186252774,53.9712890267,1.8353281038
16.3874082000,3149,0.4186252774,53.9712890267,1.8353281038
16.3885170000,3150,0.4186252774,53.9712890267,1.8353281038
16.3895111000,3151,0.4186252774,53.9712890267,1.8353281038
16.3902221000,3152,0.4186252774,53.9712890267,1.8353281038
16.3915990000,3153,0.4186252774,53.9712890267,1.8353281038
16.3927532000,3154,0.4186252774,53.9712890267,1.8353281038
16.3936957000,3155,0.4186252774,53.9712890267,1.8353281038
16.3944297000,3156,0.4186252774,53.9712890267,1.8353281038
16.3956837000,3157,0.4186252774,53.9712890267,1.8353281038
16.3972135000,3158,0.4186252774,53.9712890267,1.8353281038
16.3984300000,3159,0.4186252774,53.9712890267,1.8353281038
16.3995672000,3160,0.4186252774,53.9712890267,1.8353281038
16.4007405000,3161,0.4186252774,53.9712890267,1.8353281038
16.4019752000,3162,0.4186252774,53.9712890267,1.8353281038
16.4028013000,3163,0.4186252774,53.9712890267,1.8353281038
16.4041339000,3164,0.4186252774,53.9712890267,1.8353281038
16.4054376000,3165,0.4186252774,53.9712890267,1.8353281038
16.4068274000,3166,0.4186252774,53.9712890267,1.8353281038
16.4081240000,3167,0.4186252774,53.9712890267,1.8353281038
16.4093720000,3168,0.4186252774,53.9712890267,1.8353281038
16.4106854000,3169,0.4186252774,53.9712890267,1.8353281038
16.4119283000,3170,0.4186252774,53.9712890267,1.8353281038
16.4133760000,3171,0.4186252774,53.9712890267,1.8353281038
16.4147001000,3172,0.4186252774,53.9712890267,1.8353281038
16.4160425000,3173,0.4186252774,53.9712890267,1.8353281038
16.4173963000,3174,0.4186252774,53.9712890267,1.8353281038
16.4187082000,3175,0.4186252774,53.9712890267,1.8353281038
16.4199076000,3176,0.4186252774,53.9712890267,1.8353281038
16.4210354000,3177,0.4186252774,53.9712890267,1.8353281038
16.4221600000,3178,0.4186252774,53.9712890267,1.8353281038
16.4233844000,3179,0.4186252774,53.9712890267,1.8353281038
16.4246024000,3180,0.4186252774,53.9712890267,1.8353281038
16.4257902000,3181,0.4186252774,53.9712890267,1.8353281038
16.4269359000,3182,0.4186252774,53.9712890267,1.8353281038
16.4284145000,3183,0.4186252774,53.9712890267,1.8353281038
16.4300526000,3184,0.4186252774,53.9712890267,1.8353281038
16.4313461000,3185,0.4186252774,53.9712890267,1.8353281038
16.4326642000,3186,0.4186252774,53.9712890267,1.8353281038
16.4339659000,3187,0.4186252774,53.9712890267,1.8353281038
16.4352579000,3188,0.4186252774,53.9712890267,1.8353281038
16.4362595000,3189,0.4186252774,53.9712890267,1.8353281038
16.4380644000,3190,0.4186252774,53.9712890267,1.8353281038
16.4392491000,3191,0.4186252774,53.9712890267,1.8353281038
16.4404264000,3192,0.4186252774,53.9712890267,1.8353281038
16.4416814000,3193,0.4186252774,53.9712890267,1.8353281038
16.4429360000,3194,0.4186252774,53.9712890267,1.8353281038
16.4438778000,3195,0.4186252774,53.9712890267,1.8353281038
16.4450149000,3196,0.4186252774,53.9712890267,1.8353281038
16.4463148000,3197,0.4186252774,53.9712890267,1.8353281038
16.4476950000,3198,0.4186252774,53.9712890267,1.8353281038
16.4490217000,3199,0.4186252774,53.9712890267,1.8353281038
16.4503454000,3200,0.4186252774,53.9712890267,1.8353281038
16.7582571000,3201,0.4186252774,53.9712890267,1.8353281038
16.7595523000,3202,0.4186252774,53.9712890267,1.8353281038
16.7603115000,3203,0.4186252774,53.9712890267,1.8353281038
16.7613108000,3204,0.4186252774,53.9712890267,1.8353281038
16.7625724000,3205,0.4186252774,53.9712890267,1.8353281038
16.7638156000,3206,0.4186252774,53.9712890267,1.8353281038
16.7657159000,3207,0.4186252774,53.9712890267,1.8353281038
16.7670312000,3208,0.4186252774,53.9712890267,1.8353281038
16.7682089000,3209,0.4186252774,53.9712890267,1.8353281038
16.7687841000,3210,0.4186252774,53.9712890267,1.8353281038
16.7699162000,3211,0.4186252774,53.9712890267,1.8353281038
16.7711792000,3212,0.4186252774,53.9712890267,1.8353281038
16.7724811000,3213,0.4186252774,53.9712890267,1.8353281038
16.7734600000,3214,0.4186252774,53.9712890267,1.8353281038
16.7740349000,3215,0.4186252774,53.9712890267,1.8353281038
16.7752701000,3216,0.4186252774,53.9712890267,1.8353281038
16.7767160000,3217,0.4186252774,53.9712890267,1.8353281038
16.7774221000,3218,0.4186252774,53.9712890267,1.8353281038
16.7786861000,3219,0.4186252774,53.9712890267,1.8353281038
16.7799596000,3220,0.4186252774,53.9712890267,1.8353281038
16.7813320000,3221,0.4186252774,53.9712890267,1.8353281038
16.7818887000,3222,0.4186252774,53.9712890267,1.8353281038
16.7829714000,3223,0.4186252774,53.9712890267,1.8353281038
16.7841838000,3224,0.4186252774,53.9712890267,1.8353281038
16.7854058000,3225,0.4186252774,53.9712890267,1.8353281038
16.7866243000,3226,0.4186252774,53.9712890267,1.8353281038
16.7877777000,3227,0.4186252774,53.9712890267,1.8353281038
16.7889453000,3228,0.4186252774,53.9712890267,1.8353281038
16.7901269000,3229,0.4186252774,53.9712890267,1.8353281038
16.7912848000,3230,0.4186252774,53.9712890267,1.8353281038
16.7924258000,3231,0.4186252774,53.9712890267,1.8353281038
16.7936055000,3232,0.4186252774,53.9712890267,1.8353281038
16.7948467000,3233,0.4186252774,53.9712890267,1.8353281038
16.7960258000,3234,0.4186252774,53.9712890267,1.8353281038
16.7972734000,3235,0.4186252774,53.9712890267,1.8353281038
16.7990619000,3236,0.4186252774,53.9712890267,1.8353281038
16.8009658000,3237,0.4186252774,53.9712890267,1.8353281038
16.8020467000,3238,0.4186252774,53.9712890267,1.8353281038
16.8031630000,3239,0.4186252774,53.9712890267,1.8353281038
16.8045040000,3240,0.4186252774,53.9712890267,1.8353281038
16.8061192000,3241,0.4186252774,53.9712890267,1.8353281038
16.8071047000,3242,0.4186252774,53.9712890267,1.8353281038
16.8083787000,3243,0.4186252774,53.9712890267,1.8353281038
16.8096754000,3244,0.4186252774,53.9712890267,1.8353281038
16.8108781000,3245,0.4186252774,53.9712890267,1.8353281038
16.8120326000,3246,0.4186252774,53.9712890267,1.8353281038
16.8131755000,3247,0.4186252774,53.9712890267,1.8353281038
16.8142884000,3248,0.4186252774,53.9712890267,1.8353281038
16.8151346000,3249,0.4186252774,53.9712890267,1.8353281038
16.8164134000,3250,0.4186252774,53.9712890267,1.8353281038
16.8176586000,3251,0.4186252774,53.9712890267,1.8353281038
16.8189320000,3252,0.4186252774,53.9712890267,1.8353281038
16.8201407000,3253,0.4186252774,53.9712890267,1.8353281038
16.8212598000,3254,0.4186252774,53.9712890267,1.8353281038
16.8224110000,3255,0.4186252774,53.9712890267,1.8353281038
16.8231422000,3256,0.4186252774,53.9712890267,1.8353281038
16.8242510000,3257,0.4186252774,53.9712890267,1.8353281038
16.8257207000,3258,0.4186252774,53.9712890267,1.8353281038
16.8272416000,3259,0.4186252774,53.9712890267,1.8353281038
16.8285128000,3260,0.4186252774,53.9712890267,1.8353281038
16.8297735000,3261,0.4186252774,53.9712890267,1.8353281038
16.8310278000,3262,0.4186252774,53.9712890267,1.8353281038
16.8323738000,3263,0.4186252774,53.9712890267,1.8353281038
16.8336979000,3264,0.4186252774,53.9712890267,1.8353281038
17.1341337000,3265,0.4186252774,53.9712890267,1.8353281038
17.1352643000,3266,0.4186252774,53.9712890267,1.8353281038
17.1363961000,3267,0.4186252774,53.9712890267,1.8353281038
17.1375367000,3268,0.4186252774,53.9712890267,1.8353281038
17.1386592000,3269,0.4186252774,53.9712890267,1.8353281038
17.1398880000,3270,0.4186252774,53.9712890267,1.8353281038
17.1411761000,3271,0.4186252774,53.9712890267,1.8353281038
17.1424368000,3272,0.4186252774,53.9712890267,1.8353281038
17.1437375000,3273,0.4186252774,53.9712890267,1.8353281038
17.1448923000,3274,0.4186252774,53.9712890267,1.8353281038
17.1460007000,3275,0.4186252774,53.9712890267,1.8353281038
17.1471173000,3276,0.4186252774,53.9712890267,1.8353281038
17.1482264000,3277,0.4186252774,53.9712890267,1.8353281038
17.1493729000,3278,0.4186252774,53.9712890267,1.8353281038
17.1504922000,3279,0.4186252774,53.9712890267,1.8353281038
17.1516334000,3280,0.4186252774,53.9712890267,1.8353281038
17.1528195000,3281,0.4186252774,53.9712890267,1.8353281038
17.1539948000,3282,0.4186252774,53.9712890267,1.8353281038
17.1551627000,3283,0.4186252774,53.9712890267,1.8353281038
17.1563102000,3284,0.4186252774,53.9712890267,1.8353281038
17.1574606000,3285,0.4186252774,53.9712890267,1.8353281038
17.1586700000,3286,0.4186252774,53.9712890267,1.8353281038
17.1598726000,3287,0.4186252774,53.9712890267,1.8353281038
17.1610382000,3288,0.4186252774,53.9712890267,1.8353281038
17.1622678000,3289,0.4186252774,53.9712890267,1.8353281038
17.1634827000,3290,0.4186252774,53.9712890267,1.8353281038
17.1646300000,3291,0.4186252774,53.9712890267,1.8353281038
17.1657895000,3292,0.4186252774,53.9712890267,1.8353281038
17.1669535000,3293,0.4186252774,53.9712890267,1.8353281038
17.1680877000,3294,0.4186252774,53.9712890267,1.8353281038
17.1692302000,3295,0.4186252774,53.9712890267,1.8353281038
17.1703837000,3296,0.4186252774,53.9712890267,1.8353281038
17.1715465000,3297,0.4186252774,53.9712890267,1.8353281038
17.1727049000,3298,0.4186252774,53.9712890267,1.8353281038
17.1739299000,3299,0.4186252774,53.9712890267,1.8353281038
17.1750764000,3300,0.4186252774,53.9712890267,1.8353281038
17.1762209000,3301,0.4186252774,53.9712890267,1.8353281038
17.1774753000,3302,0.4186252774,53.9712890267,1.8353281038
17.1786236000,3303,0.4186252774,53.9712890267,1.8353281038
17.1797583000,3304,0.4186252774,53.9712890267,1.8353281038
17.1809176000,3305,0.4186252774,53.9712890267,1.8353281038
17.1815903000,3306,0.4186252774,53.9712890267,1.8353281038
17.1826278000,3307,0.4186252774,53.9712890267,1.8353281038
17.1839563000,3308,0.4186252774,53.9712890267,1.8353281038
17.1851475000,3309,0.4186252774,53.9712890267,1.8353281038
17.1861864000,3310,0.4186252774,53.9712890267,1.8353281038
17.1876146000,3311,0.4186252774,53.9712890267,1.8353281038
17.1890182000,3312,0.4186252774,53.9712890267,1.8353281038
17.1901886000,3313,0.4186252774,53.9712890267,1.8353281038
17.1913521000,3314,0.4186252774,53.9712890267,1.8353281038
17.1925076000,3315,0.4186252774,53.9712890267,1.8353281038
17.1936553000,3316,0.4186252774,53.9712890267,1.8353281038
17.1948982000,3317,0.4186252774,53.9712890267,1.8353281038
17.1960312000,3318,0.4186252774,53.9712890267,1.8353281038
17.1972028000,3319,0.4186252774,53.9712890267,1.8353281038
17.1984149000,3320,0.4186252774,53.9712890267,1.8353281038
17.1995397000,3321,0.4186252774,53.9712890267,1.8353281038
17.2006826000,3322,0.4186252774,53.9712890267,1.8353281038
17.2017522000,3323,0.4186252774,53.9712890267,1.8353281038
17.2027873000,3324,0.4186252774,53.9712890267,1.8353281038
17.2039408000,3325,0.4186252774,53.9712890267,1.8353281038
17.2051097000,3326,0.4186252774,53.9712890267,1.8353281038
17.2063699000,3327,0.4186252774,53.9712890267,1.8353281038
17.2071163000,3328,0.4186252774,53.9712890267,1.8353281038
17.5260494000,3329,0.4186252774,53.9712890267,1.8353281038
17.5271730000,3330,0.4186252774,53.9712890267,1.8353281038
17.5282974000,3331,0.4186252774,53.9712890267,1.8353281038
17.5294077000,3332,0.4186252774,53.9712890267,1.8353281038
17.5311617000,3333,0.4186252774,53.9712890267,1.8353281038
17.5322992000,3334,0.4186252774,53.9712890267,1.8353281038
17.5334576000,3335,0.4186252774,53.9712890267,1.8353281038
17.5345748000,3336,0.4186252774,53.9712890267,1.8353281038
17.5359122000,3337,0.4186252774,53.9712890267,1.8353281038
17.5371602000,3338,0.4186252774,53.9712890267,1.8353281038
17.5383908000,3339,0.4186252774,53.9712890267,1.8353281038
17.5395825000,3340,0.4186252774,53.9712890267,1.8353281038
17.5406451000,3341,0.4186252774,53.9712890267,1.8353281038
17.5418302000,3342,0.4186252774,53.9712890267,1.8353281038
17.5430623000,3343,0.4186252774,53.9712890267,1.8353281038
17.5441946000,3344,0.4186252774,53.9712890267,1.8353281038
17.5453903000,3345,0.4186252774,53.9712890267,1.8353281038
17.5466685000,3346,0.4186252774,53.9712890267,1.8353281038
17.5480880000,3347,0.4186252774,53.9712890267,1.8353281038
17.5493770000,3348,0.4186252774,53.9712890267,1.8353281038
17.5506463000,3349,0.4186252774,53.9712890267,1.8353281038
17.5518883000,3350,0.4186252774,53.9712890267,1.8353281038
17.5526131000,3351,0.4186252774,53.9712890267,1.8353281038
17.5539329000,3352,0.4186252774,53.9712890267,1.8353281038
17.5551796000,3353,0.4186252774,53.9712890267,1.8353281038
17.5567142000,3354,0.4186252774,53.9712890267,1.8353281038
17.5578657000,3355,0.4186252774,53.9712890267,1.8353281038
17.5590823000,3356,0.4186252774,53.9712890267,1.8353281038
17.5602060000,3357,0.4186252774,53.9712890267,1.8353281038
17.5615104000,3358,0.4186252774,53.9712890267,1.8353281038
17.5628885000,3359,0.4186252774,53.9712890267,1.8353281038
17.5641644000,3360,0.4186252774,53.9712890267,1.8353281038
17.5654923000,3361,0.4186252774,53.9712890267,1.8353281038
17.5668130000,3362,0.4186252774,53.9712890267,1.8353281038
17.5683234000,3363,0.4186252774,53.9712890267,1.8353281038
17.5697407000,3364,0.4186252774,53.9712890267,1.8353281038
17.5710654000,3365,0.4186252774,53.9712890267,1.8353281038
17.5723503000,3366,0.4186252774,53.9712890267,1.8353281038
17.5735845000,3367,0.4186252774,53.9712890267,1.8353281038
17.5748401000,3368,0.4186252774,53.9712890267,1.8353281038
17.5760788000,3369,0.4186252774,53.9712890267,1.8353281038
17.5772142000,3370,0.4186252774,53.9712890267,1.8353281038
17.5784768000,3371,0.4186252774,53.9712890267,1.8353281038
17.5797849000,3372,0.4186252774,53.9712890267,1.8353281038
17.5810959000,3373,0.4186252774,53.9712890267,1.8353281038
17.5824194000,3374,0.4186252774,53.9712890267,1.8353281038
17.5837308000,3375,0.4186252774,53.9712890267,1.8353281038
17.5849871000,3376,0.4186252774,53.9712890267,1.8353281038
17.5862833000,3377,0.4186252774,53.9712890267,1.8353281038
17.5875475000,3378,0.4186252774,53.9712890267,1.8353281038
17.5887959000,3379,0.4186252774,53.9712890267,1.8353281038
17.5900438000,3380,0.4186252774,53.9712890267,1.8353281038
17.5914268000,3381,0.4186252774,53.9712890267,1.8353281038
17.5926929000,3382,0.4186252774,53.9712890267,1.8353281038
17.5940298000,3383,0.4186252774,53.9712890267,1.8353281038
17.5953278000,3384,0.4186252774,53.9712890267,1.8353281038
17.5966244000,3385,0.4186252774,53.9712890267,1.8353281038
17.5979964000,3386,0.4186252774,53.9712890267,1.8353281038
17.5992521000,3387,0.4186252774,53.9712890267,1.8353281038
17.6004515000,3388,0.4186252774,53.9712890267,1.8353281038
17.6015688000,3389,0.4186252774,53.9712890267,1.8353281038
17.6027650000,3390,0.4186252774,53.9712890267,1.8353281038
17.6038922000,3391,0.4186252774,53.9712890267,1.8353281038
17.6050550000,3392,0.4186252774,53.9712890267,1.8353281038
17.9228806000,3393,0.4186252774,53.9712890267,1.8353281038
17.9236021000,3394,0.4186252774,53.9712890267,1.8353281038
17.9248405000,3395,0.4186252774,53.9712890267,1.8353281038
17.9260630000,3396,0.4186252774,53.9712890267,1.8353281038
17.9273835000,3397,0.4186252774,53.9712890267,1.8353281038
17.9285507000,3398,0.4186252774,53.9712890267,1.8353281038
17.9296915000,3399,0.4186252774,53.9712890267,1.8353281038
17.9308900000,3400,0.4186252774,53.9712890267,1.8353281038
17.9321715000,3401,0.4186252774,53.9712890267,1.8353281038
17.9332998000,3402,0.4186252774,53.9712890267,1.8353281038
17.9344312000,3403,0.4186252774,53.9712890267,1.8353281038
17.9355699000,3404,0.4186252774,53.9712890267,1.8353281038
17.9367761000,3405,0.4186252774,53.9712890267,1.8353281038
17.9380238000,3406,0.4186252774,53.9712890267,1.8353281038
17.9392244000,3407,0.4186252774,53.9712890267,1.8353281038
17.9407055000,3408,0.4186252774,53.9712890267,1.8353281038
17.9416037000,3409,0.4186252774,53.9712890267,1.8353281038
17.9431746000,3410,0.4186252774,53.9712890267,1.8353281038
17.9446344000,3411,0.4186252774,53.9712890267,1.8353281038
17.9458926000,3412,0.4186252774,53.9712890267,1.8353281038
17.9471345000,3413,0.4186252774,53.9712890267,1.8353281038
17.9482851000,3414,0.4186252774,53.9712890267,1.8353281038
17.9491716000,3415,0.4186252774,53.9712890267,1.8353281038
17.9499196000,3416,0.4186252774,53.9712890267,1.8353281038
17.9515532000,3417,0.4186252774,53.9712890267,1.8353281038
17.9529024000,3418,0.4186252774,53.9712890267,1.8353281038
17.9541414000,3419,0.4186252774,53.9712890267,1.8353281038
17.9554197000,3420,0.4186252774,53.9712890267,1.8353281038
17.9563874000,3421,0.4186252774,53.9712890267,1.8353281038
17.9574850000,3422,0.4186252774,53.9712890267,1.8353281038
17.9587517000,3423,0.4186252774,53.9712890267,1.8353281038
17.9600479000,3424,0.4186252774,53.9712890267,1.8353281038
17.9613023000,3425,0.4186252774,53.9712890267,1.8353281038
17.9625398000,3426,0.4186252774,53.9712890267,1.8353281038
17.9638864000,3427,0.4186252774,53.9712890267,1.8353281038
17.9654079000,3428,0.4186252774,53.9712890267,1.8353281038
17.9666752000,3429,0.4186252774,53.9712890267,1.8353281038
17.9679772000,3430,0.4186252774,53.9712890267,1.8353281038
17.9692218000,3431,0.4186252774,53.9712890267,1.8353281038
17.9703729000,3432,0.4186252774,53.9712890267,1.8353281038
17.9715449000,3433,0.4186252774,53.9712890267,1.8353281038
17.9727789000,3434,0.4186252774,53.9712890267,1.8353281038
17.9740470000,3435,0.4186252774,53.9712890267,1.8353281038
17.9753006000,3436,0.4186252774,53.9712890267,1.8353281038
17.9767843000,3437,0.4186252774,53.9712890267,1.8353281038
17.9781369000,3438,0.4186252774,53.9712890267,1.8353281038
17.9799525000,3439,0.4186252774,53.9712890267,1.8353281038
17.9812788000,3440,0.4186252774,53.9712890267,1.8353281038
17.9824893000,3441,0.4186252774,53.9712890267,1.8353281038
17.9836725000,3442,0.4186252774,53.9712890267,1.8353281038
17.9849714000,3443,0.4186252774,53.9712890267,1.8353281038
17.9862259000,3444,0.4186252774,53.9712890267,1.8353281038
17.9875521000,3445,0.4186252774,53.9712890267,1.8353281038
17.9888677000,3446,0.4186252774,53.9712890267,1.8353281038
17.9902728000,3447,0.4186252774,53.9712890267,1.8353281038
17.9915565000,3448,0.4186252774,53.9712890267,1.8353281038
17.9928511000,3449,0.4186252774,53.9712890267,1.8353281038
17.9941145000,3450,0.4186252774,53.9712890267,1.8353281038
17.9954620000,3451,0.4186252774,53.9712890267,1.8353281038
17.9967580000,3452,0.4186252774,53.9712890267,1.8353281038
17.9980030000,3453,0.4186252774,53.9712890267,1.8353281038
17.9991163000,3454,0.4186252774,53.9712890267,1.8353281038
18.0005762000,3455,0.4186252774,53.9712890267,1.8353281038
18.0022467000,3456,0.4186252774,53.9712890267,1.8353281038
18.3204053000,3457,0.4186252774,53.9712890267,1.8353281038
18.3215278000,3458,0.4186252774,53.9712890267,1.8353281038
18.3226510000,3459,0.4186252774,53.9712890267,1.8353281038
18.3237806000,3460,0.4186252774,53.9712890267,1.8353281038
18.3249012000,3461,0.4186252774,53.9712890267,1.8353281038
18.3260264000,3462,0.4186252774,53.9712890267,1.8353281038
18.3271872000,3463,0.4186252774,53.9712890267,1.8353281038
18.3283266000,3464,0.4186252774,53.9712890267,1.8353281038
18.3294493000,3465,0.4186252774,53.9712890267,1.8353281038
18.3305724000,3466,0.4186252774,53.9712890267,1.8353281038
18.3316256000,3467,0.4186252774,53.9712890267,1.8353281038
18.3328775000,3468,0.4186252774,53.9712890267,1.8353281038
18.3341107000,3469,0.4186252774,53.9712890267,1.8353281038
18.3354346000,3470,0.4186252774,53.9712890267,1.8353281038
18.3365725000,3471,0.4186252774,53.9712890267,1.8353281038
18.3377103000,3472,0.4186252774,53.9712890267,1.8353281038
18.3389275000,3473,0.4186252774,53.9712890267,1.8353281038
18.3400774000,3474,0.4186252774,53.9712890267,1.8353281038
18.3412306000,3475,0.4186252774,53.9712890267,1.8353281038
18.3424019000,3476,0.4186252774,53.9712890267,1.8353281038
18.3436847000,3477,0.4186252774,53.9712890267,1.8353281038
18.3450473000,3478,0.4186252774,53.9712890267,1.8353281038
18.3463727000,3479,0.4186252774,53.9712890267,1.8353281038
18.3472019000,3480,0.4186252774,53.9712890267,1.8353281038
18.3485780000,3481,0.4186252774,53.9712890267,1.8353281038
18.3498844000,3482,0.4186252774,53.9712890267,1.8353281038
18.3510580000,3483,0.4186252774,53.9712890267,1.8353281038
18.3527564000,3484,0.4186252774,53.9712890267,1.8353281038
18.3547685000,3485,0.4186252774,53.9712890267,1.8353281038
18.3567657000,3486,0.4186252774,53.9712890267,1.8353281038
18.3585638000,3487,0.4186252774,53.9712890267,1.8353281038
18.3598747000,3488,0.4186252774,53.9712890267,1.8353281038
18.3611534000,3489,0.4186252774,53.9712890267,1.8353281038
18.3627279000,3490,0.4186252774,53.9712890267,1.8353281038
18.3645071000,3491,0.4186252774,53.9712890267,1.8353281038
18.3658020000,3492,0.4186252774,53.9712890267,1.8353281038
18.3670917000,3493,0.4186252774,53.9712890267,1.8353281038
18.3683673000,3494,0.4186252774,53.9712890267,1.8353281038
18.3689564000,3495,0.4186252774,53.9712890267,1.8353281038
18.3697503000,3496,0.4186252774,53.9712890267,1.8353281038
18.3718076000,3497,0.4186252774,53.9712890267,1.8353281038
18.3732047000,3498,0.4186252774,53.9712890267,1.8353281038
18.3743820000,3499,0.4186252774,53.9712890267,1.8353281038
18.3756486000,3500,0.4186252774,53.9712890267,1.8353281038
18.3768442000,3501,0.4186252774,53.9712890267,1.8353281038
18.3781804000,3502,0.4186252774,53.9712890267,1.8353281038
18.3794907000,3503,0.4186252774,53.9712890267,1.8353281038
18.3807634000,3504,0.4186252774,53.9712890267,1.8353281038
18.3821282000,3505,0.4186252774,53.9712890267,1.8353281038
18.3834104000,3506,0.4186252774,53.9712890267,1.8353281038
18.3846685000,3507,0.4186252774,53.9712890267,1.8353281038
18.3860217000,3508,0.4186252774,53.9712890267,1.8353281038
18.3873549000,3509,0.4186252774,53.9712890267,1.8353281038
18.3886375000,3510,0.4186252774,53.9712890267,1.8353281038
18.3898274000,3511,0.4186252774,53.9712890267,1.8353281038
18.3918385000,3512,0.4186252774,53.9712890267,1.8353281038
18.3934887000,3513,0.4186252774,53.9712890267,1.8353281038
18.3942516000,3514,0.4186252774,53.9712890267,1.8353281038
18.3954005000,3515,0.4186252774,53.9712890267,1.8353281038
18.3965316000,3516,0.4186252774,53.9712890267,1.8353281038
18.3975580000,3517,0.4186252774,53.9712890267,1.8353281038
18.3985039000,3518,0.4186252774,53.9712890267,1.8353281038
18.3996715000,3519,0.4186252774,53.9712890267,1.8353281038
18.4008860000,3520,0.4186252774,53.9712890267,1.8353281038
18.7156201000,3521,0.4186252774,53.9712890267,1.8353281038
18.7167460000,3522,0.4186252774,53.9712890267,1.8353281038
18.7179267000,3523,0.4186252774,53.9712890267,1.8353281038
18.7193899000,3524,0.4186252774,53.9712890267,1.8353281038
18.7206241000,3525,0.4186252774,53.9712890267,1.8353281038
18.7214928000,3526,0.4186252774,53.9712890267,1.8353281038
18.7229601000,3527,0.4186252774,53.9712890267,1.8353281038
18.7235885000,3528,0.4186252774,53.9712890267,1.8353281038
18.7247291000,3529,0.4186252774,53.9712890267,1.8353281038
18.7259771000,3530,0.4186252774,53.9712890267,1.8353281038
18.7273781000,3531,0.4186252774,53.9712890267,1.8353281038
18.7285899000,3532,0.4186252774,53.9712890267,1.8353281038
18.7298573000,3533,0.4186252774,53.9712890267,1.8353281038
18.7314354000,3534,0.4186252774,53.9712890267,1.8353281038
18.7326950000,3535,0.4186252774,53.9712890267,1.8353281038
18.7339705000,3536,0.4186252774,53.9712890267,1.8353281038
18.7352507000,3537,0.4186252774,53.9712890267,1.8353281038
18.7361252000,3538,0.4186252774,53.9712890267,1.8353281038
18.7371561000,3539,0.4186252774,53.9712890267,1.8353281038
18.7381122000,3540,0.4186252774,53.9712890267,1.8353281038
18.7392333000,3541,0.4186252774,53.9712890267,1.8353281038
18.7403090000,3542,0.4186252774,53.9712890267,1.8353281038
18.7416736000,3543,0.4186252774,53.9712890267,1.8353281038
18.7429242000,3544,0.4186252774,53.9712890267,1.8353281038
18.7442358000,3545,0.4186252774,53.9712890267,1.8353281038
18.7455833000,3546,0.4186252774,53.9712890267,1.8353281038
18.7468353000,3547,0.4186252774,53.9712890267,1.8353281038
18.7478131000,3548,0.4186252774,53.9712890267,1.8353281038
18.7489303000,3549,0.4186252774,53.9712890267,1.8353281038
18.7501826000,3550,0.4186252774,53.9712890267,1.8353281038
18.7517434000,3551,0.4186252774,53.9712890267,1.8353281038
18.7524112000,3552,0.4186252774,53.9712890267,1.8353281038
18.7531855000,3553,0.4186252774,53.9712890267,1.8353281038
18.7544615000,3554,0.4186252774,53.9712890267,1.8353281038
18.7558232000,3555,0.4186252774,53.9712890267,1.8353281038
18.7567487000,3556,0.4186252774,53.9712890267,1.8353281038
18.7573507000,3557,0.4186252774,53.9712890267,1.8353281038
18.7584734000,3558,0.4186252774,53.9712890267,1.8353281038
18.7599071000,3559,0.4186252774,53.9712890267,1.8353281038
18.7610955000,3560,0.4186252774,53.9712890267,1.8353281038
18.7622620000,3561,0.4186252774,53.9712890267,1.8353281038
18.7634119000,3562,0.4186252774,53.9712890267,1.8353281038
18.7645667000,3563,0.4186252774,53.9712890267,1.8353281038
18.7657317000,3564,0.4186252774,53.9712890267,1.8353281038
18.7668758000,3565,0.4186252774,53.9712890267,1.8353281038
18.7681683000,3566,0.4186252774,53.9712890267,1.8353281038
18.7689467000,3567,0.4186252774,53.9712890267,1.8353281038
18.7701515000,3568,0.4186252774,53.9712890267,1.8353281038
18.7713734000,3569,0.4186252774,53.9712890267,1.8353281038
18.7725765000,3570,0.4186252774,53.9712890267,1.8353281038
18.7737143000,3571,0.4186252774,53.9712890267,1.8353281038
18.7749643000,3572,0.4186252774,53.9712890267,1.8353281038
18.7763136000,3573,0.4186252774,53.9712890267,1.8353281038
18.7770284000,3574,0.4186252774,53.9712890267,1.8353281038
18.7781697000,3575,0.4186252774,53.9712890267,1.8353281038
18.7792990000,3576,0.4186252774,53.9712890267,1.8353281038
18.7804312000,3577,0.4186252774,53.9712890267,1.8353281038
18.7816270000,3578,0.4186252774,53.9712890267,1.8353281038
18.7828084000,3579,0.4186252774,53.9712890267,1.8353281038
18.7840097000,3580,0.4186252774,53.9712890267,1.8353281038
18.7851663000,3581,0.4186252774,53.9712890267,1.8353281038
18.7864275000,3582,0.4186252774,53.9712890267,1.8353281038
18.7875989000,3583,0.4186252774,53.9712890267,1.8353281038
18.7887512000,3584,0.4186252774,53.9712890267,1.8353281038
19.1378629000,3585,0.4186252774,53.9712890267,1.8353281038
19.1389887000,3586,0.4186252774,53.9712890267,1.8353281038
19.1402686000,3587,0.4186252774,53.9712890267,1.8353281038
19.1415266000,3588,0.4186252774,53.9712890267,1.8353281038
19.1427981000,3589,0.4186252774,53.9712890267,1.8353281038
19.1442224000,3590,0.4186252774,53.9712890267,1.8353281038
19.1454747000,3591,0.4186252774,53.9712890267,1.8353281038
19.1467042000,3592,0.4186252774,53.9712890267,1.8353281038
19.1482274000,3593,0.4186252774,53.9712890267,1.8353281038
19.1493051000,3594,0.4186252774,53.9712890267,1.8353281038
19.1498709000,3595,0.4186252774,53.9712890267,1.8353281038
19.1510036000,3596,0.4186252774,53.9712890267,1.8353281038
19.1522240000,3597,0.4186252774,53.9712890267,1.8353281038
19.1535039000,3598,0.4186252774,53.9712890267,1.8353281038
19.1546184000,3599,0.4186252774,53.9712890267,1.8353281038
19.1558313000,3600,0.4186252774,53.9712890267,1.8353281038
19.1566038000,3601,0.4186252774,53.9712890267,1.8353281038
19.1579487000,3602,0.4186252774,53.9712890267,1.8353281038
19.1592204000,3603,0.4186252774,53.9712890267,1.8353281038
19.1606738000,3604,0.4186252774,53.9712890267,1.8353281038
19.1618193000,3605,0.4186252774,53.9712890267,1.8353281038
19.1629634000,3606,0.4186252774,53.9712890267,1.8353281038
19.1640703000,3607,0.4186252774,53.9712890267,1.8353281038
19.1647261000,3608,0.4186252774,53.9712890267,1.8353281038
19.1660967000,3609,0.4186252774,53.9712890267,1.8353281038
19.1674088000,3610,0.4186252774,53.9712890267,1.8353281038
19.1686453000,3611,0.4186252774,53.9712890267,1.8353281038
19.1698199000,3612,0.4186252774,53.9712890267,1.8353281038
19.1709468000,3613,0.4186252774,53.9712890267,1.8353281038
19.1720892000,3614,0.4186252774,53.9712890267,1.8353281038
19.1733745000,3615,0.4186252774,53.9712890267,1.8353281038
19.1745281000,3616,0.4186252774,53.9712890267,1.8353281038
19.1756614000,3617,0.4186252774,53.9712890267,1.8353281038
19.1767843000,3618,0.4186252774,53.9712890267,1.8353281038
19.1780437000,3619,0.4186252774,53.9712890267,1.8353281038
19.1792111000,3620,0.4186252774,53.9712890267,1.8353281038
19.1803726000,3621,0.4186252774,53.9712890267,1.8353281038
19.1815182000,3622,0.4186252774,53.9712890267,1.8353281038
19.1827101000,3623,0.4186252774,53.9712890267,1.8353281038
19.1838435000,3624,0.4186252774,53.9712890267,1.8353281038
19.1850610000,3625,0.4186252774,53.9712890267,1.8353281038
19.1862302000,3626,0.4186252774,53.9712890267,1.8353281038
19.1873390000,3627,0.4186252774,53.9712890267,1.8353281038
19.1885136000,3628,0.4186252774,53.9712890267,1.8353281038
19.1896991000,3629,0.4186252774,53.9712890267,1.8353281038
19.1909784000,3630,0.4186252774,53.9712890267,1.8353281038
19.1921172000,3631,0.4186252774,53.9712890267,1.8353281038
19.1933697000,3632,0.4186252774,53.9712890267,1.8353281038
19.1945093000,3633,0.4186252774,53.9712890267,1.8353281038
19.1956779000,3634,0.4186252774,53.9712890267,1.8353281038
19.1968534000,3635,0.4186252774,53.9712890267,1.8353281038
19.1980470000,3636,0.4186252774,53.9712890267,1.8353281038
19.1993055000,3637,0.4186252774,53.9712890267,1.8353281038
19.2004473000,3638,0.4186252774,53.9712890267,1.8353281038
19.2016170000,3639,0.4186252774,53.9712890267,1.8353281038
19.2025430000,3640,0.4186252774,53.9712890267,1.8353281038
19.2037546000,3641,0.4186252774,53.9712890267,1.8353281038
19.2049601000,3642,0.4186252774,53.9712890267,1.8353281038
19.2060089000,3643,0.4186252774,53.9712890267,1.8353281038
19.2071266000,3644,0.4186252774,53.9712890267,1.8353281038
19.2084376000,3645,0.4186252774,53.9712890267,1.8353281038
19.2097445000,3646,0.4186252774,53.9712890267,1.8353281038
19.2109634000,3647,0.4186252774,53.9712890267,1.8353281038
19.2121416000,3648,0.4186252774,53.9712890267,1.8353281038
19.5480785000,3649,0.4186252774,53.9712890267,1.8353281038
19.5493399000,3650,0.4186252774,53.9712890267,1.8353281038
19.5505956000,3651,0.4186252774,53.9712890267,1.8353281038
19.5517452000,3652,0.4186252774,53.9712890267,1.8353281038
19.5525679000,3653,0.4186252774,53.9712890267,1.8353281038
19.5543807000,3654,0.4186252774,53.9712890267,1.8353281038
19.5557072000,3655,0.4186252774,53.9712890267,1.8353281038
19.5569538000,3656,0.4186252774,53.9712890267,1.8353281038
19.5582158000,3657,0.4186252774,53.9712890267,1.8353281038
19.5595250000,3658,0.4186252774,53.9712890267,1.8353281038
19.5608484000,3659,0.4186252774,53.9712890267,1.8353281038
19.5623594000,3660,0.4186252774,53.9712890267,1.8353281038
19.5635157000,3661,0.4186252774,53.9712890267,1.8353281038
19.5644422000,3662,0.4186252774,53.9712890267,1.8353281038
19.5650089000,3663,0.4186252774,53.9712890267,1.8353281038
19.5660083000,3664,0.4186252774,53.9712890267,1.8353281038
19.5668875000,3665,0.4186252774,53.9712890267,1.8353281038
19.5680625000,3666,0.4186252774,53.9712890267,1.8353281038
19.5688881000,3667,0.4186252774,53.9712890267,1.8353281038
19.5696356000,3668,0.4186252774,53.9712890267,1.8353281038
19.5702098000,3669,0.4186252774,53.9712890267,1.8353281038
19.5712542000,3670,0.4186252774,53.9712890267,1.8353281038
19.5720102000,3671,0.4186252774,53.9712890267,1.8353281038
19.5737364000,3672,0.4186252774,53.9712890267,1.8353281038
19.5752175000,3673,0.4186252774,53.9712890267,1.8353281038
19.5765187000,3674,0.4186252774,53.9712890267,1.8353281038
19.5771459000,3675,0.4186252774,53.9712890267,1.8353281038
19.5783638000,3676,0.4186252774,53.9712890267,1.8353281038
19.5796565000,3677,0.4186252774,53.9712890267,1.8353281038
19.5809805000,3678,0.4186252774,53.9712890267,1.8353281038
19.5817083000,3679,0.4186252774,53.9712890267,1.8353281038
19.5822176000,3680,0.4186252774,53.9712890267,1.8353281038
19.5831113000,3681,0.4186252774,53.9712890267,1.8353281038
19.5843358000,3682,0.4186252774,53.9712890267,1.8353281038
19.5856839000,3683,0.4186252774,53.9712890267,1.8353281038
19.5869385000,3684,0.4186252774,53.9712890267,1.8353281038
19.5881974000,3685,0.4186252774,53.9712890267,1.8353281038
19.5893298000,3686,0.4186252774,53.9712890267,1.8353281038
19.5899854000,3687,0.4186252774,53.9712890267,1.8353281038
19.5908268000,3688,0.4186252774,53.9712890267,1.8353281038
19.5913925000,3689,0.4186252774,53.9712890267,1.8353281038
19.5920543000,3690,0.4186252774,53.9712890267,1.8353281038
19.5928013000,3691,0.4186252774,53.9712890267,1.8353281038
19.5938595000,3692,0.4186252774,53.9712890267,1.8353281038
19.5956149000,3693,0.4186252774,53.9712890267,1.8353281038
19.5969417000,3694,0.4186252774,53.9712890267,1.8353281038
19.5978266000,3695,0.4186252774,53.9712890267,1.8353281038
19.5988661000,3696,0.4186252774,53.9712890267,1.8353281038
19.6001248000,3697,0.4186252774,53.9712890267,1.8353281038
19.6013544000,3698,0.4186252774,53.9712890267,1.8353281038
19.6024790000,3699,0.4186252774,53.9712890267,1.8353281038
19.6036073000,3700,0.4186252774,53.9712890267,1.8353281038
19.6047762000,3701,0.4186252774,53.9712890267,1.8353281038
19.6059012000,3702,0.4186252774,53.9712890267,1.8353281038
19.6064724000,3703,0.4186252774,53.9712890267,1.8353281038
19.6077034000,3704,0.4186252774,53.9712890267,1.8353281038
19.6089746000,3705,0.4186252774,53.9712890267,1.8353281038
19.6101135000,3706,0.4186252774,53.9712890267,1.8353281038
19.6108352000,3707,0.4186252774,53.9712890267,1.8353281038
19.6121306000,3708,0.4186252774,53.9712890267,1.8353281038
19.6133890000,3709,0.4186252774,53.9712890267,1.8353281038
19.6144989000,3710,0.4186252774,53.9712890267,1.8353281038
19.6156875000,3711,0.4186252774,53.9712890267,1.8353281038
19.6169352000,3712,0.4186252774,53.9712890267,1.8353281038
19.9555594000,3713,0.4186252774,53.9712890267,1.8353281038
19.9566119000,3714,0.4186252774,53.9712890267,1.8353281038
19.9575258000,3715,0.4186252774,53.9712890267,1.8353281038
19.9582960000,3716,0.4186252774,53.9712890267,1.8353281038
19.9594439000,3717,0.4186252774,53.9712890267,1.8353281038
19.9602328000,3718,0.4186252774,53.9712890267,1.8353281038
19.9609264000,3719,0.4186252774,53.9712890267,1.8353281038
19.9615566000,3720,0.4186252774,53.9712890267,1.8353281038
19.9627758000,3721,0.4186252774,53.9712890267,1.8353281038
19.9641042000,3722,0.4186252774,53.9712890267,1.8353281038
19.9654370000,3723,0.4186252774,53.9712890267,1.8353281038
19.9667691000,3724,0.4186252774,53.9712890267,1.8353281038
19.9681102000,3725,0.4186252774,53.9712890267,1.8353281038
19.9694211000,3726,0.4186252774,53.9712890267,1.8353281038
19.9711425000,3727,0.4186252774,53.9712890267,1.8353281038
19.9727488000,3728,0.4186252774,53.9712890267,1.8353281038
19.9740896000,3729,0.4186252774,53.9712890267,1.8353281038
19.9754119000,3730,0.4186252774,53.9712890267,1.8353281038
19.9769528000,3731,0.4186252774,53.9712890267,1.8353281038
19.9784214000,3732,0.4186252774,53.9712890267,1.8353281038
19.9796861000,3733,0.4186252774,53.9712890267,1.8353281038
19.9810529000,3734,0.4186252774,53.9712890267,1.8353281038
19.9823525000,3735,0.4186252774,53.9712890267,1.8353281038
19.9836176000,3736,0.4186252774,53.9712890267,1.8353281038
19.9848979000,3737,0.4186252774,53.9712890267,1.8353281038
19.9862550000,3738,0.4186252774,53.9712890267,1.8353281038
19.9874606000,3739,0.4186252774,53.9712890267,1.8353281038
19.9886651000,3740,0.4186252774,53.9712890267,1.8353281038
19.9898620000,3741,0.4186252774,53.9712890267,1.8353281038
19.9910961000,3742,0.4186252774,53.9712890267,1.8353281038
19.9922924000,3743,0.4186252774,53.9712890267,1.8353281038
19.9935152000,3744,0.4186252774,53.9712890267,1.8353281038
19.9949673000,3745,0.4186252774,53.9712890267,1.8353281038
19.9967441000,3746,0.4186252774,53.9712890267,1.8353281038
19.9981406000,3747,0.4186252774,53.9712890267,1.8353281038
20.0000140000,3748,0.4186252774,53.9712890267,1.8353281038
20.0017148000,3749,0.4186252774,53.9712890267,1.8353281038
20.0030655000,3750,0.4186252774,53.9712890267,1.8353281038
20.0043020000,3751,0.4186252774,53.9712890267,1.8353281038
20.0056246000,3752,0.4186252774,53.9712890267,1.8353281038
20.0069614000,3753,0.4186252774,53.9712890267,1.8353281038
20.0082209000,3754,0.4186252774,53.9712890267,1.8353281038
20.0094752000,3755,0.4186252774,53.9712890267,1.8353281038
20.0114416000,3756,0.4186252774,53.9712890267,1.8353281038
20.0133045000,3757,0.4186252774,53.9712890267,1.8353281038
20.0148695000,3758,0.4186252774,53.9712890267,1.8353281038
20.0161219000,3759,0.4186252774,53.9712890267,1.8353281038
20.0173113000,3760,0.4186252774,53.9712890267,1.8353281038
20.0184850000,3761,0.4186252774,53.9712890267,1.8353281038
20.0197770000,3762,0.4186252774,53.9712890267,1.8353281038
20.0211387000,3763,0.4186252774,53.9712890267,1.8353281038
20.0224174000,3764,0.4186252774,53.9712890267,1.8353281038
20.0236454000,3765,0.4186252774,53.9712890267,1.8353281038
20.0248077000,3766,0.4186252774,53.9712890267,1.8353281038
20.0259445000,3767,0.4186252774,53.9712890267,1.8353281038
20.0271180000,3768,0.4186252774,53.9712890267,1.8353281038
20.0282821000,3769,0.4186252774,53.9712890267,1.8353281038
20.0294655000,3770,0.4186252774,53.9712890267,1.8353281038
20.0306316000,3771,0.4186252774,53.9712890267,1.8353281038
20.0318274000,3772,0.4186252774,53.9712890267,1.8353281038
20.0329850000,3773,0.4186252774,53.9712890267,1.8353281038
20.0341802000,3774,0.4186252774,53.9712890267,1.8353281038
20.0352243000,3775,0.4186252774,53.9712890267,1.8353281038
20.0359776000,3776,0.4186252774,53.9712890267,1.8353281038
20.3649757000,3777,0.4186252774,53.9712890267,1.8353281038
20.3661184000,3778,0.4186252774,53.9712890267,1.8353281038
20.3672845000,3779,0.4186252774,53.9712890267,1.8353281038
20.3685269000,3780,0.4186252774,53.9712890267,1.8353281038
20.3692920000,3781,0.4186252774,53.9712890267,1.8353281038
20.3705506000,3782,0.4186252774,53.9712890267,1.8353281038
20.3718046000,3783,0.4186252774,53.9712890267,1.8353281038
20.3729286000,3784,0.4186252774,53.9712890267,1.8353281038
20.3740718000,3785,0.4186252774,53.9712890267,1.8353281038
20.3751995000,3786,0.4186252774,53.9712890267,1.8353281038
20.3763225000,3787,0.4186252774,53.9712890267,1.8353281038
20.3774818000,3788,0.4186252774,53.9712890267,1.8353281038
20.3786468000,3789,0.4186252774,53.9712890267,1.8353281038
20.3797688000,3790,0.4186252774,53.9712890267,1.8353281038
20.3808850000,3791,0.4186252774,53.9712890267,1.8353281038
20.3820247000,3792,0.4186252774,53.9712890267,1.8353281038
20.3832425000,3793,0.4186252774,53.9712890267,1.8353281038
20.3843884000,3794,0.4186252774,53.9712890267,1.8353281038
20.3856120000,3795,0.4186252774,53.9712890267,1.8353281038
20.3867503000,3796,0.4186252774,53.9712890267,1.8353281038
20.3878727000,3797,0.4186252774,53.9712890267,1.8353281038
20.3889964000,3798,0.4186252774,53.9712890267,1.8353281038
20.3901776000,3799,0.4186252774,53.9712890267,1.8353281038
20.3913390000,3800,0.4186252774,53.9712890267,1.8353281038
20.3924666000,3801,0.4186252774,53.9712890267,1.8353281038
20.3936644000,3802,0.4186252774,53.9712890267,1.8353281038
20.3948132000,3803,0.4186252774,53.9712890267,1.8353281038
20.3959471000,3804,0.4186252774,53.9712890267,1.8353281038
20.3970674000,3805,0.4186252774,53.9712890267,1.8353281038
20.3981337000,3806,0.4186252774,53.9712890267,1.8353281038
20.3993867000,3807,0.4186252774,53.9712890267,1.8353281038
20.4012556000,3808,0.4186252774,53.9712890267,1.8353281038
20.4024103000,3809,0.4186252774,53.9712890267,1.8353281038
20.4030807000,3810,0.4186252774,53.9712890267,1.8353281038
20.4049489000,3811,0.4186252774,53.9712890267,1.8353281038
20.4066249000,3812,0.4186252774,53.9712890267,1.8353281038
20.4082949000,3813,0.4186252774,53.9712890267,1.8353281038
20.4095103000,3814,0.4186252774,53.9712890267,1.8353281038
20.4105037000,3815,0.4186252774,53.9712890267,1.8353281038
20.4112260000,3816,0.4186252774,53.9712890267,1.8353281038
20.4124469000,3817,0.4186252774,53.9712890267,1.8353281038
20.4136499000,3818,0.4186252774,53.9712890267,1.8353281038
20.4151732000,3819,0.4186252774,53.9712890267,1.8353281038
20.4171073000,3820,0.4186252774,53.9712890267,1.8353281038
20.4184425000,3821,0.4186252774,53.9712890267,1.8353281038
20.4199941000,3822,0.4186252774,53.9712890267,1.8353281038
20.4214210000,3823,0.4186252774,53.9712890267,1.8353281038
20.4229176000,3824,0.4186252774,53.9712890267,1.8353281038
20.4242828000,3825,0.4186252774,53.9712890267,1.8353281038
20.4256177000,3826,0.4186252774,53.9712890267,1.8353281038
20.4269370000,3827,0.4186252774,53.9712890267,1.8353281038
20.4281862000,3828,0.4186252774,53.9712890267,1.8353281038
20.4294181000,3829,0.4186252774,53.9712890267,1.8353281038
20.4306071000,3830,0.4186252774,53.9712890267,1.8353281038
20.4314010000,3831,0.4186252774,53.9712890267,1.8353281038
20.4332688000,3832,0.4186252774,53.9712890267,1.8353281038
20.4350021000,3833,0.4186252774,53.9712890267,1.8353281038
20.4363295000,3834,0.4186252774,53.9712890267,1.8353281038
20.4376600000,3835,0.4186252774,53.9712890267,1.8353281038
20.4390317000,3836,0.4186252774,53.9712890267,1.8353281038
20.4403418000,3837,0.4186252774,53.9712890267,1.8353281038
20.4414960000,3838,0.4186252774,53.9712890267,1.8353281038
20.4425507000,3839,0.4186252774,53.9712890267,1.8353281038
20.4432312000,3840,0.4186252774,53.9712890267,1.8353281038
20.7884803000,3841,0.4186252774,53.9712890267,1.8353281038
20.7899594000,3842,0.4186252774,53.9712890267,1.8353281038
20.7916578000,3843,0.4186252774,53.9712890267,1.8353281038
20.7933799000,3844,0.4186252774,53.9712890267,1.8353281038
20.7948039000,3845,0.4186252774,53.9712890267,1.8353281038
20.7962130000,3846,0.4186252774,53.9712890267,1.8353281038
20.7974894000,3847,0.4186252774,53.9712890267,1.8353281038
20.7988899000,3848,0.4186252774,53.9712890267,1.8353281038
20.8005617000,3849,0.4186252774,53.9712890267,1.8353281038
20.8018812000,3850,0.4186252774,53.9712890267,1.8353281038
20.8026241000,3851,0.4186252774,53.9712890267,1.8353281038
20.8042195000,3852,0.4186252774,53.9712890267,1.8353281038
20.8057948000,3853,0.4186252774,53.9712890267,1.8353281038
20.8068205000,3854,0.4186252774,53.9712890267,1.8353281038
20.8086806000,3855,0.4186252774,53.9712890267,1.8353281038
20.8101891000,3856,0.4186252774,53.9712890267,1.8353281038
20.8115640000,3857,0.4186252774,53.9712890267,1.8353281038
20.8128289000,3858,0.4186252774,53.9712890267,1.8353281038
20.8141001000,3859,0.4186252774,53.9712890267,1.8353281038
20.8154954000,3860,0.4186252774,53.9712890267,1.8353281038
20.8167825000,3861,0.4186252774,53.9712890267,1.8353281038
20.8180999000,3862,0.4186252774,53.9712890267,1.8353281038
20.8195000000,3863,0.4186252774,53.9712890267,1.8353281038
20.8207967000,3864,0.4186252774,53.9712890267,1.8353281038
20.8220409000,3865,0.4186252774,53.9712890267,1.8353281038
20.8233973000,3866,0.4186252774,53.9712890267,1.8353281038
20.8246996000,3867,0.4186252774,53.9712890267,1.8353281038
20.8259674000,3868,0.4186252774,53.9712890267,1.8353281038
20.8274216000,3869,0.4186252774,53.9712890267,1.8353281038
20.8286999000,3870,0.4186252774,53.9712890267,1.8353281038
20.8299786000,3871,0.4186252774,53.9712890267,1.8353281038
20.8313897000,3872,0.4186252774,53.9712890267,1.8353281038
20.8331962000,3873,0.4186252774,53.9712890267,1.8353281038
20.8350408000,3874,0.4186252774,53.9712890267,1.8353281038
20.8368940000,3875,0.4186252774,53.9712890267,1.8353281038
20.8387299000,3876,0.4186252774,53.9712890267,1.8353281038
20.8397756000,3877,0.4186252774,53.9712890267,1.8353281038
20.8412366000,3878,0.4186252774,53.9712890267,1.8353281038
20.8427732000,3879,0.4186252774,53.9712890267,1.8353281038
20.8440538000,3880,0.4186252774,53.9712890267,1.8353281038
20.8454144000,3881,0.4186252774,53.9712890267,1.8353281038
20.8467253000,3882,0.4186252774,53.9712890267,1.8353281038
20.8478435000,3883,0.4186252774,53.9712890267,1.8353281038
20.8491917000,3884,0.4186252774,53.9712890267,1.8353281038
20.8503894000,3885,0.4186252774,53.9712890267,1.8353281038
20.8515902000,3886,0.4186252774,53.9712890267,1.8353281038
20.8528975000,3887,0.4186252774,53.9712890267,1.8353281038
20.8541703000,3888,0.4186252774,53.9712890267,1.8353281038
20.8553652000,3889,0.4186252774,53.9712890267,1.8353281038
20.8568928000,3890,0.4186252774,53.9712890267,1.8353281038
20.8587713000,3891,0.4186252774,53.9712890267,1.8353281038
20.8604648000,3892,0.4186252774,53.9712890267,1.8353281038
20.8622600000,3893,0.4186252774,53.9712890267,1.8353281038
20.8635944000,3894,0.4186252774,53.9712890267,1.8353281038
20.8649999000,3895,0.4186252774,53.9712890267,1.8353281038
20.8667417000,3896,0.4186252774,53.9712890267,1.8353281038
20.8684945000,3897,0.4186252774,53.9712890267,1.8353281038
20.8701313000,3898,0.4186252774,53.9712890267,1.8353281038
20.8714123000,3899,0.4186252774,53.9712890267,1.8353281038
20.8727747000,3900,0.4186252774,53.9712890267,1.8353281038
20.8737013000,3901,0.4186252774,53.9712890267,1.8353281038
20.8749288000,3902,0.4186252774,53.9712890267,1.8353281038
20.8761185000,3903,0.4186252774,53.9712890267,1.8353281038
20.8773845000,3904,0.4186252774,53.9712890267,1.8353281038
21.2378860000,3905,0.4186252774,53.9712890267,1.8353281038
21.2391472000,3906,0.4186252774,53.9712890267,1.8353281038
21.2404142000,3907,0.4186252774,53.9712890267,1.8353281038
21.2417294000,3908,0.4186252774,53.9712890267,1.8353281038
21.2429710000,3909,0.4186252774,53.9712890267,1.8353281038
21.2441919000,3910,0.4186252774,53.9712890267,1.8353281038
21.2455649000,3911,0.4186252774,53.9712890267,1.8353281038
21.2468654000,3912,0.4186252774,53.9712890267,1.8353281038
21.2481404000,3913,0.4186252774,53.9712890267,1.8353281038
21.2494508000,3914,0.4186252774,53.9712890267,1.8353281038
21.2507394000,3915,0.4186252774,53.9712890267,1.8353281038
21.2521839000,3916,0.4186252774,53.9712890267,1.8353281038
21.2535473000,3917,0.4186252774,53.9712890267,1.8353281038
21.2548239000,3918,0.4186252774,53.9712890267,1.8353281038
21.2559606000,3919,0.4186252774,53.9712890267,1.8353281038
21.2569713000,3920,0.4186252774,53.9712890267,1.8353281038
21.2586899000,3921,0.4186252774,53.9712890267,1.8353281038
21.2599899000,3922,0.4186252774,53.9712890267,1.8353281038
21.2607719000,3923,0.4186252774,53.9712890267,1.8353281038
21.2621009000,3924,0.4186252774,53.9712890267,1.8353281038
21.2634429000,3925,0.4186252774,53.9712890267,1.8353281038
21.2644186000,3926,0.4186252774,53.9712890267,1.8353281038
21.2656327000,3927,0.4186252774,53.9712890267,1.8353281038
21.2670020000,3928,0.4186252774,53.9712890267,1.8353281038
21.2683150000,3929,0.4186252774,53.9712890267,1.8353281038
21.2699563000,3930,0.4186252774,53.9712890267,1.8353281038
21.2717785000,3931,0.4186252774,53.9712890267,1.8353281038
21.2729585000,3932,0.4186252774,53.9712890267,1.8353281038
21.2746639000,3933,0.4186252774,53.9712890267,1.8353281038
21.2764741000,3934,0.4186252774,53.9712890267,1.8353281038
21.2773393000,3935,0.4186252774,53.9712890267,1.8353281038
21.2782571000,3936,0.4186252774,53.9712890267,1.8353281038
21.2795746000,3937,0.4186252774,53.9712890267,1.8353281038
21.2809252000,3938,0.4186252774,53.9712890267,1.8353281038
21.2825127000,3939,0.4186252774,53.9712890267,1.8353281038
21.2841081000,3940,0.4186252774,53.9712890267,1.8353281038
21.2853996000,3941,0.4186252774,53.9712890267,1.8353281038
21.2867607000,3942,0.4186252774,53.9712890267,1.8353281038
21.2880194000,3943,0.4186252774,53.9712890267,1.8353281038
21.2893396000,3944,0.4186252774,53.9712890267,1.8353281038
21.2906850000,3945,0.4186252774,53.9712890267,1.8353281038
21.2919703000,3946,0.4186252774,53.9712890267,1.8353281038
21.2932506000,3947,0.4186252774,53.9712890267,1.8353281038
21.2945925000,3948,0.4186252774,53.9712890267,1.8353281038
21.2958824000,3949,0.4186252774,53.9712890267,1.8353281038
21.2971489000,3950,0.4186252774,53.9712890267,1.8353281038
21.2989181000,3951,0.4186252774,53.9712890267,1.8353281038
21.3007809000,3952,0.4186252774,53.9712890267,1.8353281038
21.3027749000,3953,0.4186252774,53.9712890267,1.8353281038
21.3044060000,3954,0.4186252774,53.9712890267,1.8353281038
21.3057755000,3955,0.4186252774,53.9712890267,1.8353281038
21.3066510000,3956,0.4186252774,53.9712890267,1.8353281038
21.3081125000,3957,0.4186252774,53.9712890267,1.8353281038
21.3094358000,3958,0.4186252774,53.9712890267,1.8353281038
21.3105277000,3959,0.4186252774,53.9712890267,1.8353281038
21.3117565000,3960,0.4186252774,53.9712890267,1.8353281038
21.3130426000,3961,0.4186252774,53.9712890267,1.8353281038
21.3143105000,3962,0.4186252774,53.9712890267,1.8353281038
21.3155755000,3963,0.4186252774,53.9712890267,1.8353281038
21.3169124000,3964,0.4186252774,53.9712890267,1.8353281038
21.3182356000,3965,0.4186252774,53.9712890267,1.8353281038
21.3196995000,3966,0.4186252774,53.9712890267,1.8353281038
21.3213446000,3967,0.4186252774,53.9712890267,1.8353281038
21.3226337000,3968,0.4186252774,53.9712890267,1.8353281038
21.6714246000,3969,0.4186252774,53.9712890267,1.8353281038
21.6724541000,3970,0.4186252774,53.9712890267,1.8353281038
21.6739760000,3971,0.4186252774,53.9712890267,1.8353281038
21.6760032000,3972,0.4186252774,53.9712890267,1.8353281038
21.6771425000,3973,0.4186252774,53.9712890267,1.8353281038
21.6785087000,3974,0.4186252774,53.9712890267,1.8353281038
21.6800131000,3975,0.4186252774,53.9712890267,1.8353281038
21.6812524000,3976,0.4186252774,53.9712890267,1.8353281038
21.6824975000,3977,0.4186252774,53.9712890267,1.8353281038
21.6843176000,3978,0.4186252774,53.9712890267,1.8353281038
21.6856069000,3979,0.4186252774,53.9712890267,1.8353281038
21.6870408000,3980,0.4186252774,53.9712890267,1.8353281038
21.6884131000,3981,0.4186252774,53.9712890267,1.8353281038
21.6896871000,3982,0.4186252774,53.9712890267,1.8353281038
21.6910741000,3983,0.4186252774,53.9712890267,1.8353281038
21.6924707000,3984,0.4186252774,53.9712890267,1.8353281038
21.6936598000,3985,0.4186252774,53.9712890267,1.8353281038
21.6947470000,3986,0.4186252774,53.9712890267,1.8353281038
21.6960337000,3987,0.4186252774,53.9712890267,1.8353281038
21.6972876000,3988,0.4186252774,53.9712890267,1.8353281038
21.6983208000,3989,0.4186252774,53.9712890267,1.8353281038
21.6999489000,3990,0.4186252774,53.9712890267,1.8353281038
21.7017018000,3991,0.4186252774,53.9712890267,1.8353281038
21.7025164000,3992,0.4186252774,53.9712890267,1.8353281038
21.7039380000,3993,0.4186252774,53.9712890267,1.8353281038
21.7054333000,3994,0.4186252774,53.9712890267,1.8353281038
21.7064639000,3995,0.4186252774,53.9712890267,1.8353281038
21.7083846000,3996,0.4186252774,53.9712890267,1.8353281038
21.7100162000,3997,0.4186252774,53.9712890267,1.8353281038
21.7114377000,3998,0.4186252774,53.9712890267,1.8353281038
21.7133944000,3999,0.4186252774,53.9712890267,1.8353281038
21.7151429000,4000,0.4186252774,53.9712890267,1.8353281038
21.7168523000,4001,0.4186252774,53.9712890267,1.8353281038
21.7182270000,4002,0.4186252774,53.9712890267,1.8353281038
21.7191904000,4003,0.4186252774,53.9712890267,1.8353281038
21.7207986000,4004,0.4186252774,53.9712890267,1.8353281038
21.7226871000,4005,0.4186252774,53.9712890267,1.8353281038
21.7238854000,4006,0.4186252774,53.9712890267,1.8353281038
21.7252693000,4007,0.4186252774,53.9712890267,1.8353281038
21.7265917000,4008,0.4186252774,53.9712890267,1.8353281038
21.7275510000,4009,0.4186252774,53.9712890267,1.8353281038
21.7293662000,4010,0.4186252774,53.9712890267,1.8353281038
21.7310094000,4011,0.4186252774,53.9712890267,1.8353281038
21.7325203000,4012,0.4186252774,53.9712890267,1.8353281038
21.7337955000,4013,0.4186252774,53.9712890267,1.8353281038
21.7351172000,4014,0.4186252774,53.9712890267,1.8353281038
21.7358706000,4015,0.4186252774,53.9712890267,1.8353281038
21.7374022000,4016,0.4186252774,53.9712890267,1.8353281038
21.7387381000,4017,0.4186252774,53.9712890267,1.8353281038
21.7398832000,4018,0.4186252774,53.9712890267,1.8353281038
21.7413428000,4019,0.4186252774,53.9712890267,1.8353281038
21.7431661000,4020,0.4186252774,53.9712890267,1.8353281038
21.7444589000,4021,0.4186252774,53.9712890267,1.8353281038
21.7463906000,4022,0.4186252774,53.9712890267,1.8353281038
21.7477878000,4023,0.4186252774,53.9712890267,1.8353281038
21.7493187000,4024,0.4186252774,53.9712890267,1.8353281038
21.7506779000,4025,0.4186252774,53.9712890267,1.8353281038
21.7520005000,4026,0.4186252774,53.9712890267,1.8353281038
21.7530396000,4027,0.4186252774,53.9712890267,1.8353281038
21.7544418000,4028,0.4186252774,53.9712890267,1.8353281038
21.7557968000,4029,0.4186252774,53.9712890267,1.8353281038
21.7573022000,4030,0.4186252774,53.9712890267,1.8353281038
21.7586270000,4031,0.4186252774,53.9712890267,1.8353281038
21.7599365000,4032,0.4186252774,53.9712890267,1.8353281038
22.1216367000,4033,0.4186252774,53.9712890267,1.8353281038
22.1229682000,4034,0.4186252774,53.9712890267,1.8353281038
22.1243999000,4035,0.4186252774,53.9712890267,1.8353281038
22.1257970000,4036,0.4186252774,53.9712890267,1.8353281038
22.1272545000,4037,0.4186252774,53.9712890267,1.8353281038
22.1286339000,4038,0.4186252774,53.9712890267,1.8353281038
22.1299049000,4039,0.4186252774,53.9712890267,1.8353281038
22.1312201000,4040,0.4186252774,53.9712890267,1.8353281038
22.1324032000,4041,0.4186252774,53.9712890267,1.8353281038
22.1337681000,4042,0.4186252774,53.9712890267,1.8353281038
22.1350667000,4043,0.4186252774,53.9712890267,1.8353281038
22.1365517000,4044,0.4186252774,53.9712890267,1.8353281038
22.1377212000,4045,0.4186252774,53.9712890267,1.8353281038
22.1389594000,4046,0.4186252774,53.9712890267,1.8353281038
22.1402737000,4047,0.4186252774,53.9712890267,1.8353281038
22.1416282000,4048,0.4186252774,53.9712890267,1.8353281038
22.1430170000,4049,0.4186252774,53.9712890267,1.8353281038
22.1443892000,4050,0.4186252774,53.9712890267,1.8353281038
22.1457251000,4051,0.4186252774,53.9712890267,1.8353281038
22.1470427000,4052,0.4186252774,53.9712890267,1.8353281038
22.1484136000,4053,0.4186252774,53.9712890267,1.8353281038
22.1502725000,4054,0.4186252774,53.9712890267,1.8353281038
22.1516742000,4055,0.4186252774,53.9712890267,1.8353281038
22.1525551000,4056,0.4186252774,53.9712890267,1.8353281038
22.1543647000,4057,0.4186252774,53.9712890267,1.8353281038
22.1559471000,4058,0.4186252774,53.9712890267,1.8353281038
22.1566854000,4059,0.4186252774,53.9712890267,1.8353281038
22.1580539000,4060,0.4186252774,53.9712890267,1.8353281038
22.1594573000,4061,0.4186252774,53.9712890267,1.8353281038
22.1611207000,4062,0.4186252774,53.9712890267,1.8353281038
22.1627101000,4063,0.4186252774,53.9712890267,1.8353281038
22.1643150000,4064,0.4186252774,53.9712890267,1.8353281038
22.1657699000,4065,0.4186252774,53.9712890267,1.8353281038
22.1670753000,4066,0.4186252774,53.9712890267,1.8353281038
22.1684881000,4067,0.4186252774,53.9712890267,1.8353281038
22.1695039000,4068,0.4186252774,53.9712890267,1.8353281038
22.1712959000,4069,0.4186252774,53.9712890267,1.8353281038
22.1727355000,4070,0.4186252774,53.9712890267,1.8353281038
22.1735874000,4071,0.4186252774,53.9712890267,1.8353281038
22.1749427000,4072,0.4186252774,53.9712890267,1.8353281038
22.1762631000,4073,0.4186252774,53.9712890267,1.8353281038
22.1777571000,4074,0.4186252774,53.9712890267,1.8353281038
22.1790835000,4075,0.4186252774,53.9712890267,1.8353281038
22.1804441000,4076,0.4186252774,53.9712890267,1.8353281038
22.1818239000,4077,0.4186252774,53.9712890267,1.8353281038
22.1832012000,4078,0.4186252774,53.9712890267,1.8353281038
22.1845429000,4079,0.4186252774,53.9712890267,1.8353281038
22.1859984000,4080,0.4186252774,53.9712890267,1.8353281038
22.1873637000,4081,0.4186252774,53.9712890267,1.8353281038
22.1886988000,4082,0.4186252774,53.9712890267,1.8353281038
22.1900932000,4083,0.4186252774,53.9712890267,1.8353281038
22.1914406000,4084,0.4186252774,53.9712890267,1.8353281038
22.1928134000,4085,0.4186252774,53.9712890267,1.8353281038
22.1939561000,4086,0.4186252774,53.9712890267,1.8353281038
22.1957570000,4087,0.4186252774,53.9712890267,1.8353281038
22.1974599000,4088,0.4186252774,53.9712890267,1.8353281038
22.1989269000,4089,0.4186252774,53.9712890267,1.8353281038
22.2003313000,4090,0.4186252774,53.9712890267,1.8353281038
22.2017290000,4091,0.4186252774,53.9712890267,1.8353281038
22.2024150000,4092,0.4186252774,53.9712890267,1.8353281038
22.2040934000,4093,0.4186252774,53.9712890267,1.8353281038
22.2059981000,4094,0.4186252774,53.9712890267,1.8353281038
22.2074420000,4095,0.4186252774,53.9712890267,1.8353281038
22.2087837000,4096,0.4186252774,53.9712890267,1.8353281038
22.5680635000,4097,0.4186252774,53.9712890267,1.8353281038
22.5694178000,4098,0.4186252774,53.9712890267,1.8353281038
22.5707275000,4099,0.4186252774,53.9712890267,1.8353281038
22.5720431000,4100,0.4186252774,53.9712890267,1.8353281038
22.5730295000,4101,0.4186252774,53.9712890267,1.8353281038
22.5736115000,4102,0.4186252774,53.9712890267,1.8353281038
22.5747518000,4103,0.4186252774,53.9712890267,1.8353281038
22.5760583000,4104,0.4186252774,53.9712890267,1.8353281038
22.5773659000,4105,0.4186252774,53.9712890267,1.8353281038
22.5787111000,4106,0.4186252774,53.9712890267,1.8353281038
22.5800186000,4107,0.4186252774,53.9712890267,1.8353281038
22.5813404000,4108,0.4186252774,53.9712890267,1.8353281038
22.5826420000,4109,0.4186252774,53.9712890267,1.8353281038
22.5838788000,4110,0.4186252774,53.9712890267,1.8353281038
22.5851951000,4111,0.4186252774,53.9712890267,1.8353281038
22.5858877000,4112,0.4186252774,53.9712890267,1.8353281038
22.5869146000,4113,0.4186252774,53.9712890267,1.8353281038
22.5886046000,4114,0.4186252774,53.9712890267,1.8353281038
22.5895630000,4115,0.4186252774,53.9712890267,1.8353281038
22.5905734000,4116,0.4186252774,53.9712890267,1.8353281038
22.5921912000,4117,0.4186252774,53.9712890267,1.8353281038
22.5936911000,4118,0.4186252774,53.9712890267,1.8353281038
22.5950400000,4119,0.4186252774,53.9712890267,1.8353281038
22.5968374000,4120,0.4186252774,53.9712890267,1.8353281038
22.5979097000,4121,0.4186252774,53.9712890267,1.8353281038
22.5992827000,4122,0.4186252774,53.9712890267,1.8353281038
22.6006945000,4123,0.4186252774,53.9712890267,1.8353281038
22.6019305000,4124,0.4186252774,53.9712890267,1.8353281038
22.6034365000,4125,0.4186252774,53.9712890267,1.8353281038
22.6052223000,4126,0.4186252774,53.9712890267,1.8353281038
22.6064853000,4127,0.4186252774,53.9712890267,1.8353281038
22.6077752000,4128,0.4186252774,53.9712890267,1.8353281038
22.6090922000,4129,0.4186252774,53.9712890267,1.8353281038
22.6104053000,4130,0.4186252774,53.9712890267,1.8353281038
22.6114785000,4131,0.4186252774,53.9712890267,1.8353281038
22.6128393000,4132,0.4186252774,53.9712890267,1.8353281038
22.6142220000,4133,0.4186252774,53.9712890267,1.8353281038
22.6157466000,4134,0.4186252774,53.9712890267,1.8353281038
22.6170870000,4135,0.4186252774,53.9712890267,1.8353281038
22.6183011000,4136,0.4186252774,53.9712890267,1.8353281038
22.6200784000,4137,0.4186252774,53.9712890267,1.8353281038
22.6214631000,4138,0.4186252774,53.9712890267,1.8353281038
22.6227278000,4139,0.4186252774,53.9712890267,1.8353281038
22.6240919000,4140,0.4186252774,53.9712890267,1.8353281038
22.6253582000,4141,0.4186252774,53.9712890267,1.8353281038
22.6266492000,4142,0.4186252774,53.9712890267,1.8353281038
22.6279787000,4143,0.4186252774,53.9712890267,1.8353281038
22.6293718000,4144,0.4186252774,53.9712890267,1.8353281038
22.6306678000,4145,0.4186252774,53.9712890267,1.8353281038
22.6320201000,4146,0.4186252774,53.9712890267,1.8353281038
22.6332833000,4147,0.4186252774,53.9712890267,1.8353281038
22.6345328000,4148,0.4186252774,53.9712890267,1.8353281038
22.6361338000,4149,0.4186252774,53.9712890267,1.8353281038
22.6375893000,4150,0.4186252774,53.9712890267,1.8353281038
22.6389193000,4151,0.4186252774,53.9712890267,1.8353281038
22.6408558000,4152,0.4186252774,53.9712890267,1.8353281038
22.6426874000,4153,0.4186252774,53.9712890267,1.8353281038
22.6439032000,4154,0.4186252774,53.9712890267,1.8353281038
22.6451938000,4155,0.4186252774,53.9712890267,1.8353281038
22.6465076000,4156,0.4186252774,53.9712890267,1.8353281038
22.6482135000,4157,0.4186252774,53.9712890267,1.8353281038
22.6500662000,4158,0.4186252774,53.9712890267,1.8353281038
22.6510464000,4159,0.4186252774,53.9712890267,1.8353281038
22.6523716000,4160,0.4186252774,53.9712890267,1.8353281038
23.0173097000,4161,0.4186252774,53.9712890267,1.8353281038
23.0186142000,4162,0.4186252774,53.9712890267,1.8353281038
23.0199193000,4163,0.4186252774,53.9712890267,1.8353281038
23.0212169000,4164,0.4186252774,53.9712890267,1.8353281038
23.0228218000,4165,0.4186252774,53.9712890267,1.8353281038
23.0246999000,4166,0.4186252774,53.9712890267,1.8353281038
23.0277976000,4167,0.4186252774,53.9712890267,1.8353281038
23.0292402000,4168,0.4186252774,53.9712890267,1.8353281038
23.0308598000,4169,0.4186252774,53.9712890267,1.8353281038
23.0319818000,4170,0.4186252774,53.9712890267,1.8353281038
23.0328146000,4171,0.4186252774,53.9712890267,1.8353281038
23.0337885000,4172,0.4186252774,53.9712890267,1.8353281038
23.0345779000,4173,0.4186252774,53.9712890267,1.8353281038
23.0355773000,4174,0.4186252774,53.9712890267,1.8353281038
23.0363391000,4175,0.4186252774,53.9712890267,1.8353281038
23.0375969000,4176,0.4186252774,53.9712890267,1.8353281038
23.0394893000,4177,0.4186252774,53.9712890267,1.8353281038
23.0407529000,4178,0.4186252774,53.9712890267,1.8353281038
23.0428133000,4179,0.4186252774,53.9712890267,1.8353281038
23.0437313000,4180,0.4186252774,53.9712890267,1.8353281038
23.0445490000,4181,0.4186252774,53.9712890267,1.8353281038
23.0453128000,4182,0.4186252774,53.9712890267,1.8353281038
23.0467658000,4183,0.4186252774,53.9712890267,1.8353281038
23.0477520000,4184,0.4186252774,53.9712890267,1.8353281038
23.0485982000,4185,0.4186252774,53.9712890267,1.8353281038
23.0495830000,4186,0.4186252774,53.9712890267,1.8353281038
23.0514055000,4187,0.4186252774,53.9712890267,1.8353281038
23.0532399000,4188,0.4186252774,53.9712890267,1.8353281038
23.0548810000,4189,0.4186252774,53.9712890267,1.8353281038
23.0564609000,4190,0.4186252774,53.9712890267,1.8353281038
23.0574296000,4191,0.4186252774,53.9712890267,1.8353281038
23.0583691000,4192,0.4186252774,53.9712890267,1.8353281038
23.0602564000,4193,0.4186252774,53.9712890267,1.8353281038
23.0621640000,4194,0.4186252774,53.9712890267,1.8353281038
23.0640882000,4195,0.4186252774,53.9712890267,1.8353281038
23.0660001000,4196,0.4186252774,53.9712890267,1.8353281038
23.0678821000,4197,0.4186252774,53.9712890267,1.8353281038
23.0697167000,4198,0.4186252774,53.9712890267,1.8353281038
23.0715659000,4199,0.4186252774,53.9712890267,1.8353281038
23.0731281000,4200,0.4186252774,53.9712890267,1.8353281038
23.0747142000,4201,0.4186252774,53.9712890267,1.8353281038
23.0767055000,4202,0.4186252774,53.9712890267,1.8353281038
23.0785392000,4203,0.4186252774,53.9712890267,1.8353281038
23.0804286000,4204,0.4186252774,53.9712890267,1.8353281038
23.0822842000,4205,0.4186252774,53.9712890267,1.8353281038
23.0841844000,4206,0.4186252774,53.9712890267,1.8353281038
23.0860521000,4207,0.4186252774,53.9712890267,1.8353281038
23.0878805000,4208,0.4186252774,53.9712890267,1.8353281038
23.0897687000,4209,0.4186252774,53.9712890267,1.8353281038
23.0916163000,4210,0.4186252774,53.9712890267,1.8353281038
23.0934767000,4211,0.4186252774,53.9712890267,1.8353281038
23.0953098000,4212,0.4186252774,53.9712890267,1.8353281038
23.0972101000,4213,0.4186252774,53.9712890267,1.8353281038
23.0990849000,4214,0.4186252774,53.9712890267,1.8353281038
23.1009432000,4215,0.4186252774,53.9712890267,1.8353281038
23.1027706000,4216,0.4186252774,53.9712890267,1.8353281038
23.1046138000,4217,0.4186252774,53.9712890267,1.8353281038
23.1064314000,4218,0.4186252774,53.9712890267,1.8353281038
23.1083175000,4219,0.4186252774,53.9712890267,1.8353281038
23.1101280000,4220,0.4186252774,53.9712890267,1.8353281038
23.1119409000,4221,0.4186252774,53.9712890267,1.8353281038
23.1138200000,4222,0.4186252774,53.9712890267,1.8353281038
23.1156341000,4223,0.4186252774,53.9712890267,1.8353281038
23.1174428000,4224,0.4186252774,53.9712890267,1.8353281038
23.4908342000,4225,0.4186252774,53.9712890267,1.8353281038
23.4929844000,4226,0.4186252774,53.9712890267,1.8353281038
23.4938147000,4227,0.4186252774,53.9712890267,1.8353281038
23.4951785000,4228,0.4186252774,53.9712890267,1.8353281038
23.4965920000,4229,0.4186252774,53.9712890267,1.8353281038
23.4980049000,4230,0.4186252774,53.9712890267,1.8353281038
23.4996314000,4231,0.4186252774,53.9712890267,1.8353281038
23.5015459000,4232,0.4186252774,53.9712890267,1.8353281038
23.5022684000,4233,0.4186252774,53.9712890267,1.8353281038
23.5036052000,4234,0.4186252774,53.9712890267,1.8353281038
23.5049164000,4235,0.4186252774,53.9712890267,1.8353281038
23.5060846000,4236,0.4186252774,53.9712890267,1.8353281038
23.5074069000,4237,0.4186252774,53.9712890267,1.8353281038
23.5087447000,4238,0.4186252774,53.9712890267,1.8353281038
23.5100529000,4239,0.4186252774,53.9712890267,1.8353281038
23.5114524000,4240,0.4186252774,53.9712890267,1.8353281038
23.5128709000,4241,0.4186252774,53.9712890267,1.8353281038
23.5141980000,4242,0.4186252774,53.9712890267,1.8353281038
23.5155676000,4243,0.4186252774,53.9712890267,1.8353281038
23.5168894000,4244,0.4186252774,53.9712890267,1.8353281038
23.5182291000,4245,0.4186252774,53.9712890267,1.8353281038
23.5196022000,4246,0.4186252774,53.9712890267,1.8353281038
23.5209711000,4247,0.4186252774,53.9712890267,1.8353281038
23.5223079000,4248,0.4186252774,53.9712890267,1.8353281038
23.5236240000,4249,0.4186252774,53.9712890267,1.8353281038
23.5250030000,4250,0.4186252774,53.9712890267,1.8353281038
23.5263108000,4251,0.4186252774,53.9712890267,1.8353281038
23.5278399000,4252,0.4186252774,53.9712890267,1.8353281038
23.5292670000,4253,0.4186252774,53.9712890267,1.8353281038
23.5306879000,4254,0.4186252774,53.9712890267,1.8353281038
23.5322922000,4255,0.4186252774,53.9712890267,1.8353281038
23.5338590000,4256,0.4186252774,53.9712890267,1.8353281038
23.5353834000,4257,0.4186252774,53.9712890267,1.8353281038
23.5372473000,4258,0.4186252774,53.9712890267,1.8353281038
23.5386249000,4259,0.4186252774,53.9712890267,1.8353281038
23.5399277000,4260,0.4186252774,53.9712890267,1.8353281038
23.5413433000,4261,0.4186252774,53.9712890267,1.8353281038
23.5426639000,4262,0.4186252774,53.9712890267,1.8353281038
23.5439603000,4263,0.4186252774,53.9712890267,1.8353281038
23.5452739000,4264,0.4186252774,53.9712890267,1.8353281038
23.5467132000,4265,0.4186252774,53.9712890267,1.8353281038
23.5482171000,4266,0.4186252774,53.9712890267,1.8353281038
23.5494974000,4267,0.4186252774,53.9712890267,1.8353281038
23.5508012000,4268,0.4186252774,53.9712890267,1.8353281038
23.5521585000,4269,0.4186252774,53.9712890267,1.8353281038
23.5536060000,4270,0.4186252774,53.9712890267,1.8353281038
23.5549906000,4271,0.4186252774,53.9712890267,1.8353281038
23.5564548000,4272,0.4186252774,53.9712890267,1.8353281038
23.5578992000,4273,0.4186252774,53.9712890267,1.8353281038
23.5585652000,4274,0.4186252774,53.9712890267,1.8353281038
23.5598503000,4275,0.4186252774,53.9712890267,1.8353281038
23.5606290000,4276,0.4186252774,53.9712890267,1.8353281038
23.5620405000,4277,0.4186252774,53.9712890267,1.8353281038
23.5634391000,4278,0.4186252774,53.9712890267,1.8353281038
23.5647578000,4279,0.4186252774,53.9712890267,1.8353281038
23.5660738000,4280,0.4186252774,53.9712890267,1.8353281038
23.5674036000,4281,0.4186252774,53.9712890267,1.8353281038
23.5685124000,4282,0.4186252774,53.9712890267,1.8353281038
23.5696942000,4283,0.4186252774,53.9712890267,1.8353281038
23.5710202000,4284,0.4186252774,53.9712890267,1.8353281038
23.5723105000,4285,0.4186252774,53.9712890267,1.8353281038
23.5735335000,4286,0.4186252774,53.9712890267,1.8353281038
23.5745075000,4287,0.4186252774,53.9712890267,1.8353281038
23.5758335000,4288,0.4186252774,53.9712890267,1.8353281038
23.9113668000,4289,0.4186252774,53.9712890267,1.8353281038
23.9127576000,4290,0.4186252774,53.9712890267,1.8353281038
23.9142214000,4291,0.4186252774,53.9712890267,1.8353281038
23.9150753000,4292,0.4186252774,53.9712890267,1.8353281038
23.9163213000,4293,0.4186252774,53.9712890267,1.8353281038
23.9175719000,4294,0.4186252774,53.9712890267,1.8353281038
23.9185195000,4295,0.4186252774,53.9712890267,1.8353281038
23.9192599000,4296,0.4186252774,53.9712890267,1.8353281038
23.9203725000,4297,0.4186252774,53.9712890267,1.8353281038
23.9216766000,4298,0.4186252774,53.9712890267,1.8353281038
23.9231086000,4299,0.4186252774,53.9712890267,1.8353281038
23.9245821000,4300,0.4186252774,53.9712890267,1.8353281038
23.9260531000,4301,0.4186252774,53.9712890267,1.8353281038
23.9274781000,4302,0.4186252774,53.9712890267,1.8353281038
23.9286543000,4303,0.4186252774,53.9712890267,1.8353281038
23.9298521000,4304,0.4186252774,53.9712890267,1.8353281038
23.9313113000,4305,0.4186252774,53.9712890267,1.8353281038
23.9329915000,4306,0.4186252774,53.9712890267,1.8353281038
23.9343198000,4307,0.4186252774,53.9712890267,1.8353281038
23.9356500000,4308,0.4186252774,53.9712890267,1.8353281038
23.9369994000,4309,0.4186252774,53.9712890267,1.8353281038
23.9383156000,4310,0.4186252774,53.9712890267,1.8353281038
23.9398373000,4311,0.4186252774,53.9712890267,1.8353281038
23.9410792000,4312,0.4186252774,53.9712890267,1.8353281038
23.9422733000,4313,0.4186252774,53.9712890267,1.8353281038
23.9435578000,4314,0.4186252774,53.9712890267,1.8353281038
23.9448071000,4315,0.4186252774,53.9712890267,1.8353281038
23.9460253000,4316,0.4186252774,53.9712890267,1.8353281038
23.9472541000,4317,0.4186252774,53.9712890267,1.8353281038
23.9488177000,4318,0.4186252774,53.9712890267,1.8353281038
23.9503176000,4319,0.4186252774,53.9712890267,1.8353281038
23.9515915000,4320,0.4186252774,53.9712890267,1.8353281038
23.9531276000,4321,0.4186252774,53.9712890267,1.8353281038
23.9546063000,4322,0.4186252774,53.9712890267,1.8353281038
23.9563132000,4323,0.4186252774,53.9712890267,1.8353281038
23.9575260000,4324,0.4186252774,53.9712890267,1.8353281038
23.9587508000,4325,0.4186252774,53.9712890267,1.8353281038
23.9600118000,4326,0.4186252774,53.9712890267,1.8353281038
23.9612056000,4327,0.4186252774,53.9712890267,1.8353281038
23.9624005000,4328,0.4186252774,53.9712890267,1.8353281038
23.9636179000,4329,0.4186252774,53.9712890267,1.8353281038
23.9648591000,4330,0.4186252774,53.9712890267,1.8353281038
23.9660776000,4331,0.4186252774,53.9712890267,1.8353281038
23.9673925000,4332,0.4186252774,53.9712890267,1.8353281038
23.9690706000,4333,0.4186252774,53.9712890267,1.8353281038
23.9710320000,4334,0.4186252774,53.9712890267,1.8353281038
23.9726764000,4335,0.4186252774,53.9712890267,1.8353281038
23.9733770000,4336,0.4186252774,53.9712890267,1.8353281038
23.9746967000,4337,0.4186252774,53.9712890267,1.8353281038
23.9760621000,4338,0.4186252774,53.9712890267,1.8353281038
23.9773870000,4339,0.4186252774,53.9712890267,1.8353281038
23.9782971000,4340,0.4186252774,53.9712890267,1.8353281038
23.9795921000,4341,0.4186252774,53.9712890267,1.8353281038
23.9809847000,4342,0.4186252774,53.9712890267,1.8353281038
23.9823560000,4343,0.4186252774,53.9712890267,1.8353281038
23.9838282000,4344,0.4186252774,53.9712890267,1.8353281038
23.9853342000,4345,0.4186252774,53.9712890267,1.8353281038
23.9868468000,4346,0.4186252774,53.9712890267,1.8353281038
23.9883118000,4347,0.4186252774,53.9712890267,1.8353281038
23.9897181000,4348,0.4186252774,53.9712890267,1.8353281038
23.9909646000,4349,0.4186252774,53.9712890267,1.8353281038
23.9922810000,4350,0.4186252774,53.9712890267,1.8353281038
23.9935223000,4351,0.4186252774,53.9712890267,1.8353281038
23.9948574000,4352,0.4186252774,53.9712890267,1.8353281038
24.3318915000,4353,0.4186252774,53.9712890267,1.8353281038
24.3333521000,4354,0.4186252774,53.9712890267,1.8353281038
24.3348012000,4355,0.4186252774,53.9712890267,1.8353281038
24.3357694000,4356,0.4186252774,53.9712890267,1.8353281038
24.3366367000,4357,0.4186252774,53.9712890267,1.8353281038
24.3372264000,4358,0.4186252774,53.9712890267,1.8353281038
24.3383160000,4359,0.4186252774,53.9712890267,1.8353281038
24.3394263000,4360,0.4186252774,53.9712890267,1.8353281038
24.3411857000,4361,0.4186252774,53.9712890267,1.8353281038
24.3419533000,4362,0.4186252774,53.9712890267,1.8353281038
24.3426193000,4363,0.4186252774,53.9712890267,1.8353281038
24.3437415000,4364,0.4186252774,53.9712890267,1.8353281038
24.3445106000,4365,0.4186252774,53.9712890267,1.8353281038
24.3454599000,4366,0.4186252774,53.9712890267,1.8353281038
24.3467165000,4367,0.4186252774,53.9712890267,1.8353281038
24.3483409000,4368,0.4186252774,53.9712890267,1.8353281038
24.3502602000,4369,0.4186252774,53.9712890267,1.8353281038
24.3519711000,4370,0.4186252774,53.9712890267,1.8353281038
24.3538107000,4371,0.4186252774,53.9712890267,1.8353281038
24.3556064000,4372,0.4186252774,53.9712890267,1.8353281038
24.3564891000,4373,0.4186252774,53.9712890267,1.8353281038
24.3577235000,4374,0.4186252774,53.9712890267,1.8353281038
24.3590738000,4375,0.4186252774,53.9712890267,1.8353281038
24.3602490000,4376,0.4186252774,53.9712890267,1.8353281038
24.3611613000,4377,0.4186252774,53.9712890267,1.8353281038
24.3624983000,4378,0.4186252774,53.9712890267,1.8353281038
24.3640966000,4379,0.4186252774,53.9712890267,1.8353281038
24.3659099000,4380,0.4186252774,53.9712890267,1.8353281038
24.3674664000,4381,0.4186252774,53.9712890267,1.8353281038
24.3685307000,4382,0.4186252774,53.9712890267,1.8353281038
24.3697620000,4383,0.4186252774,53.9712890267,1.8353281038
24.3709633000,4384,0.4186252774,53.9712890267,1.8353281038
24.3721550000,4385,0.4186252774,53.9712890267,1.8353281038
24.3733596000,4386,0.4186252774,53.9712890267,1.8353281038
24.3746758000,4387,0.4186252774,53.9712890267,1.8353281038
24.3759360000,4388,0.4186252774,53.9712890267,1.8353281038
24.3771837000,4389,0.4186252774,53.9712890267,1.8353281038
24.3784905000,4390,0.4186252774,53.9712890267,1.8353281038
24.3804965000,4391,0.4186252774,53.9712890267,1.8353281038
24.3813699000,4392,0.4186252774,53.9712890267,1.8353281038
24.3823692000,4393,0.4186252774,53.9712890267,1.8353281038
24.3831400000,4394,0.4186252774,53.9712890267,1.8353281038
24.3838272000,4395,0.4186252774,53.9712890267,1.8353281038
24.3848901000,4396,0.4186252774,53.9712890267,1.8353281038
24.3857574000,4397,0.4186252774,53.9712890267,1.8353281038
24.3870433000,4398,0.4186252774,53.9712890267,1.8353281038
24.3885166000,4399,0.4186252774,53.9712890267,1.8353281038
24.3899866000,4400,0.4186252774,53.9712890267,1.8353281038
24.3913257000,4401,0.4186252774,53.9712890267,1.8353281038
24.3926620000,4402,0.4186252774,53.9712890267,1.8353281038
24.3940120000,4403,0.4186252774,53.9712890267,1.8353281038
24.3957731000,4404,0.4186252774,53.9712890267,1.8353281038
24.3975698000,4405,0.4186252774,53.9712890267,1.8353281038
24.3988228000,4406,0.4186252774,53.9712890267,1.8353281038
24.4000683000,4407,0.4186252774,53.9712890267,1.8353281038
24.4012963000,4408,0.4186252774,53.9712890267,1.8353281038
24.4025379000,4409,0.4186252774,53.9712890267,1.8353281038
24.4037583000,4410,0.4186252774,53.9712890267,1.8353281038
24.4049837000,4411,0.4186252774,53.9712890267,1.8353281038
24.4061848000,4412,0.4186252774,53.9712890267,1.8353281038
24.4074086000,4413,0.4186252774,53.9712890267,1.8353281038
24.4087222000,4414,0.4186252774,53.9712890267,1.8353281038
24.4105082000,4415,0.4186252774,53.9712890267,1.8353281038
24.4119474000,4416,0.4186252774,53.9712890267,1.8353281038
24.7501449000,4417,0.4186252774,53.9712890267,1.8353281038
24.7521308000,4418,0.4186252774,53.9712890267,1.8353281038
24.7533905000,4419,0.4186252774,53.9712890267,1.8353281038
24.7555491000,4420,0.4186252774,53.9712890267,1.8353281038
24.7573611000,4421,0.4186252774,53.9712890267,1.8353281038
24.7591845000,4422,0.4186252774,53.9712890267,1.8353281038
24.7609989000,4423,0.4186252774,53.9712890267,1.8353281038
24.7628255000,4424,0.4186252774,53.9712890267,1.8353281038
24.7642729000,4425,0.4186252774,53.9712890267,1.8353281038
24.7650418000,4426,0.4186252774,53.9712890267,1.8353281038
24.7668785000,4427,0.4186252774,53.9712890267,1.8353281038
24.7685610000,4428,0.4186252774,53.9712890267,1.8353281038
24.7692722000,4429,0.4186252774,53.9712890267,1.8353281038
24.7710476000,4430,0.4186252774,53.9712890267,1.8353281038
24.7726940000,4431,0.4186252774,53.9712890267,1.8353281038
24.7744866000,4432,0.4186252774,53.9712890267,1.8353281038
24.7763717000,4433,0.4186252774,53.9712890267,1.8353281038
24.7782132000,4434,0.4186252774,53.9712890267,1.8353281038
24.7800350000,4435,0.4186252774,53.9712890267,1.8353281038
24.7818519000,4436,0.4186252774,53.9712890267,1.8353281038
24.7837890000,4437,0.4186252774,53.9712890267,1.8353281038
24.7853447000,4438,0.4186252774,53.9712890267,1.8353281038
24.7871419000,4439,0.4186252774,53.9712890267,1.8353281038
24.7889459000,4440,0.4186252774,53.9712890267,1.8353281038
24.7907383000,4441,0.4186252774,53.9712890267,1.8353281038
24.7926243000,4442,0.4186252774,53.9712890267,1.8353281038
24.7944308000,4443,0.4186252774,53.9712890267,1.8353281038
24.7958725000,4444,0.4186252774,53.9712890267,1.8353281038
24.7972694000,4445,0.4186252774,53.9712890267,1.8353281038
24.7986888000,4446,0.4186252774,53.9712890267,1.8353281038
24.8001084000,4447,0.4186252774,53.9712890267,1.8353281038
24.8015166000,4448,0.4186252774,53.9712890267,1.8353281038
24.8029298000,4449,0.4186252774,53.9712890267,1.8353281038
24.8045230000,4450,0.4186252774,53.9712890267,1.8353281038
24.8064628000,4451,0.4186252774,53.9712890267,1.8353281038
24.8082653000,4452,0.4186252774,53.9712890267,1.8353281038
24.8100670000,4453,0.4186252774,53.9712890267,1.8353281038
24.8115227000,4454,0.4186252774,53.9712890267,1.8353281038
24.8130538000,4455,0.4186252774,53.9712890267,1.8353281038
24.8144030000,4456,0.4186252774,53.9712890267,1.8353281038
24.8157050000,4457,0.4186252774,53.9712890267,1.8353281038
24.8169415000,4458,0.4186252774,53.9712890267,1.8353281038
24.8181923000,4459,0.4186252774,53.9712890267,1.8353281038
24.8196915000,4460,0.4186252774,53.9712890267,1.8353281038
24.8210847000,4461,0.4186252774,53.9712890267,1.8353281038
24.8224856000,4462,0.4186252774,53.9712890267,1.8353281038
24.8237471000,4463,0.4186252774,53.9712890267,1.8353281038
24.8250100000,4464,0.4186252774,53.9712890267,1.8353281038
24.8264237000,4465,0.4186252774,53.9712890267,1.8353281038
24.8276325000,4466,0.4186252774,53.9712890267,1.8353281038
24.8289010000,4467,0.4186252774,53.9712890267,1.8353281038
24.8302291000,4468,0.4186252774,53.9712890267,1.8353281038
24.8316165000,4469,0.4186252774,53.9712890267,1.8353281038
24.8328869000,4470,0.4186252774,53.9712890267,1.8353281038
24.8341399000,4471,0.4186252774,53.9712890267,1.8353281038
24.8354412000,4472,0.4186252774,53.9712890267,1.8353281038
24.8367663000,4473,0.4186252774,53.9712890267,1.8353281038
24.8380258000,4474,0.4186252774,53.9712890267,1.8353281038
24.8392952000,4475,0.4186252774,53.9712890267,1.8353281038
24.8403284000,4476,0.4186252774,53.9712890267,1.8353281038
24.8417790000,4477,0.4186252774,53.9712890267,1.8353281038
24.8432473000,4478,0.4186252774,53.9712890267,1.8353281038
24.8445376000,4479,0.4186252774,53.9712890267,1.8353281038
24.8460480000,4480,0.4186252774,53.9712890267,1.8353281038
25.1200884000,4481,0.4186252774,53.9712890267,1.8353281038
25.1219001000,4482,0.4186252774,53.9712890267,1.8353281038
25.1237116000,4483,0.4186252774,53.9712890267,1.8353281038
25.1255029000,4484,0.4186252774,53.9712890267,1.8353281038
25.1273138000,4485,0.4186252774,53.9712890267,1.8353281038
25.1291300000,4486,0.4186252774,53.9712890267,1.8353281038
25.1308335000,4487,0.4186252774,53.9712890267,1.8353281038
25.1321456000,4488,0.4186252774,53.9712890267,1.8353281038
25.1330375000,4489,0.4186252774,53.9712890267,1.8353281038
25.1346915000,4490,0.4186252774,53.9712890267,1.8353281038
25.1364932000,4491,0.4186252774,53.9712890267,1.8353281038
25.1382866000,4492,0.4186252774,53.9712890267,1.8353281038
25.1400793000,4493,0.4186252774,53.9712890267,1.8353281038
25.1419670000,4494,0.4186252774,53.9712890267,1.8353281038
25.1436031000,4495,0.4186252774,53.9712890267,1.8353281038
25.1449993000,4496,0.4186252774,53.9712890267,1.8353281038
25.1464534000,4497,0.4186252774,53.9712890267,1.8353281038
25.1478420000,4498,0.4186252774,53.9712890267,1.8353281038
25.1492303000,4499,0.4186252774,53.9712890267,1.8353281038
25.1506343000,4500,0.4186252774,53.9712890267,1.8353281038
25.1520244000,4501,0.4186252774,53.9712890267,1.8353281038
25.1532605000,4502,0.4186252774,53.9712890267,1.8353281038
25.1544560000,4503,0.4186252774,53.9712890267,1.8353281038
25.1556941000,4504,0.4186252774,53.9712890267,1.8353281038
25.1564583000,4505,0.4186252774,53.9712890267,1.8353281038
25.1579095000,4506,0.4186252774,53.9712890267,1.8353281038
25.1593256000,4507,0.4186252774,53.9712890267,1.8353281038
25.1607420000,4508,0.4186252774,53.9712890267,1.8353281038
25.1619428000,4509,0.4186252774,53.9712890267,1.8353281038
25.1631577000,4510,0.4186252774,53.9712890267,1.8353281038
25.1644340000,4511,0.4186252774,53.9712890267,1.8353281038
25.1656597000,4512,0.4186252774,53.9712890267,1.8353281038
25.1668825000,4513,0.4186252774,53.9712890267,1.8353281038
25.1683682000,4514,0.4186252774,53.9712890267,1.8353281038
25.1697261000,4515,0.4186252774,53.9712890267,1.8353281038
25.1717670000,4516,0.4186252774,53.9712890267,1.8353281038
25.1731268000,4517,0.4186252774,53.9712890267,1.8353281038
25.1744558000,4518,0.4186252774,53.9712890267,1.8353281038
25.1757775000,4519,0.4186252774,53.9712890267,1.8353281038
25.1770942000,4520,0.4186252774,53.9712890267,1.8353281038
25.1783869000,4521,0.4186252774,53.9712890267,1.8353281038
25.1796232000,4522,0.4186252774,53.9712890267,1.8353281038
25.1808204000,4523,0.4186252774,53.9712890267,1.8353281038
25.1821299000,4524,0.4186252774,53.9712890267,1.8353281038
25.1833231000,4525,0.4186252774,53.9712890267,1.8353281038
25.1845231000,4526,0.4186252774,53.9712890267,1.8353281038
25.1858147000,4527,0.4186252774,53.9712890267,1.8353281038
25.1875164000,4528,0.4186252774,53.9712890267,1.8353281038
25.1892913000,4529,0.4186252774,53.9712890267,1.8353281038
25.1906947000,4530,0.4186252774,53.9712890267,1.8353281038
25.1919153000,4531,0.4186252774,53.9712890267,1.8353281038
25.1932280000,4532,0.4186252774,53.9712890267,1.8353281038
25.1948477000,4533,0.4186252774,53.9712890267,1.8353281038
25.1966941000,4534,0.4186252774,53.9712890267,1.8353281038
25.1985770000,4535,0.4186252774,53.9712890267,1.8353281038
25.1996332000,4536,0.4186252774,53.9712890267,1.8353281038
25.2013484000,4537,0.4186252774,53.9712890267,1.8353281038
25.2027781000,4538,0.4186252774,53.9712890267,1.8353281038
25.2040982000,4539,0.4186252774,53.9712890267,1.8353281038
25.2054359000,4540,0.4186252774,53.9712890267,1.8353281038
25.2074962000,4541,0.4186252774,53.9712890267,1.8353281038
25.2093754000,4542,0.4186252774,53.9712890267,1.8353281038
25.2108167000,4543,0.4186252774,53.9712890267,1.8353281038
25.2120913000,4544,0.4186252774,53.9712890267,1.8353281038
25.5488759000,4545,0.4186252774,53.9712890267,1.8353281038
25.5500684000,4546,0.4186252774,53.9712890267,1.8353281038
25.5514348000,4547,0.4186252774,53.9712890267,1.8353281038
25.5527342000,4548,0.4186252774,53.9712890267,1.8353281038
25.5539870000,4549,0.4186252774,53.9712890267,1.8353281038
25.5552340000,4550,0.4186252774,53.9712890267,1.8353281038
25.5564644000,4551,0.4186252774,53.9712890267,1.8353281038
25.5581546000,4552,0.4186252774,53.9712890267,1.8353281038
25.5595552000,4553,0.4186252774,53.9712890267,1.8353281038
25.5603090000,4554,0.4186252774,53.9712890267,1.8353281038
25.5612661000,4555,0.4186252774,53.9712890267,1.8353281038
25.5620460000,4556,0.4186252774,53.9712890267,1.8353281038
25.5630980000,4557,0.4186252774,53.9712890267,1.8353281038
25.5643189000,4558,0.4186252774,53.9712890267,1.8353281038
25.5661457000,4559,0.4186252774,53.9712890267,1.8353281038
25.5678700000,4560,0.4186252774,53.9712890267,1.8353281038
25.5687638000,4561,0.4186252774,53.9712890267,1.8353281038
25.5701151000,4562,0.4186252774,53.9712890267,1.8353281038
25.5713872000,4563,0.4186252774,53.9712890267,1.8353281038
25.5725899000,4564,0.4186252774,53.9712890267,1.8353281038
25.5739317000,4565,0.4186252774,53.9712890267,1.8353281038
25.5752616000,4566,0.4186252774,53.9712890267,1.8353281038
25.5765713000,4567,0.4186252774,53.9712890267,1.8353281038
25.5779219000,4568,0.4186252774,53.9712890267,1.8353281038
25.5791987000,4569,0.4186252774,53.9712890267,1.8353281038
25.5805005000,4570,0.4186252774,53.9712890267,1.8353281038
25.5812605000,4571,0.4186252774,53.9712890267,1.8353281038
25.5819117000,4572,0.4186252774,53.9712890267,1.8353281038
25.5832202000,4573,0.4186252774,53.9712890267,1.8353281038
25.5848117000,4574,0.4186252774,53.9712890267,1.8353281038
25.5861629000,4575,0.4186252774,53.9712890267,1.8353281038
25.5874835000,4576,0.4186252774,53.9712890267,1.8353281038
25.5887812000,4577,0.4186252774,53.9712890267,1.8353281038
25.5896258000,4578,0.4186252774,53.9712890267,1.8353281038
25.5905771000,4579,0.4186252774,53.9712890267,1.8353281038
25.5919460000,4580,0.4186252774,53.9712890267,1.8353281038
25.5933851000,4581,0.4186252774,53.9712890267,1.8353281038
25.5939407000,4582,0.4186252774,53.9712890267,1.8353281038
25.5951359000,4583,0.4186252774,53.9712890267,1.8353281038
25.5963242000,4584,0.4186252774,53.9712890267,1.8353281038
25.5975457000,4585,0.4186252774,53.9712890267,1.8353281038
25.5987339000,4586,0.4186252774,53.9712890267,1.8353281038
25.6000036000,4587,0.4186252774,53.9712890267,1.8353281038
25.6012619000,4588,0.4186252774,53.9712890267,1.8353281038
25.6024857000,4589,0.4186252774,53.9712890267,1.8353281038
25.6037006000,4590,0.4186252774,53.9712890267,1.8353281038
25.6048781000,4591,0.4186252774,53.9712890267,1.8353281038
25.6061272000,4592,0.4186252774,53.9712890267,1.8353281038
25.6075205000,4593,0.4186252774,53.9712890267,1.8353281038
25.6088840000,4594,0.4186252774,53.9712890267,1.8353281038
25.6100998000,4595,0.4186252774,53.9712890267,1.8353281038
25.6114326000,4596,0.4186252774,53.9712890267,1.8353281038
25.6128061000,4597,0.4186252774,53.9712890267,1.8353281038
25.6142183000,4598,0.4186252774,53.9712890267,1.8353281038
25.6150902000,4599,0.4186252774,53.9712890267,1.8353281038
25.6164150000,4600,0.4186252774,53.9712890267,1.8353281038
25.6176652000,4601,0.4186252774,53.9712890267,1.8353281038
25.6186576000,4602,0.4186252774,53.9712890267,1.8353281038
25.6196726000,4603,0.4186252774,53.9712890267,1.8353281038
25.6209043000,4604,0.4186252774,53.9712890267,1.8353281038
25.6221185000,4605,0.4186252774,53.9712890267,1.8353281038
25.6234581000,4606,0.4186252774,53.9712890267,1.8353281038
25.6250137000,4607,0.4186252774,53.9712890267,1.8353281038
25.6263086000,4608,0.4186252774,53.9712890267,1.8353281038
25.9732022000,4609,0.4186252774,53.9712890267,1.8353281038
25.9746845000,4610,0.4186252774,53.9712890267,1.8353281038
25.9762996000,4611,0.4186252774,53.9712890267,1.8353281038
25.9774732000,4612,0.4186252774,53.9712890267,1.8353281038
25.9793741000,4613,0.4186252774,53.9712890267,1.8353281038
25.9805756000,4614,0.4186252774,53.9712890267,1.8353281038
25.9818023000,4615,0.4186252774,53.9712890267,1.8353281038
25.9829984000,4616,0.4186252774,53.9712890267,1.8353281038
25.9842072000,4617,0.4186252774,53.9712890267,1.8353281038
25.9855368000,4618,0.4186252774,53.9712890267,1.8353281038
25.9867470000,4619,0.4186252774,53.9712890267,1.8353281038
25.9879565000,4620,0.4186252774,53.9712890267,1.8353281038
25.9892410000,4621,0.4186252774,53.9712890267,1.8353281038
25.9909238000,4622,0.4186252774,53.9712890267,1.8353281038
25.9921073000,4623,0.4186252774,53.9712890267,1.8353281038
25.9933175000,4624,0.4186252774,53.9712890267,1.8353281038
25.9945879000,4625,0.4186252774,53.9712890267,1.8353281038
25.9963881000,4626,0.4186252774,53.9712890267,1.8353281038
25.9977907000,4627,0.4186252774,53.9712890267,1.8353281038
25.9995660000,4628,0.4186252774,53.9712890267,1.8353281038
26.0013841000,4629,0.4186252774,53.9712890267,1.8353281038
26.0030844000,4630,0.4186252774,53.9712890267,1.8353281038
26.0048901000,4631,0.4186252774,53.9712890267,1.8353281038
26.0064384000,4632,0.4186252774,53.9712890267,1.8353281038
26.0076383000,4633,0.4186252774,53.9712890267,1.8353281038
26.0088701000,4634,0.4186252774,53.9712890267,1.8353281038
26.0098893000,4635,0.4186252774,53.9712890267,1.8353281038
26.0109803000,4636,0.4186252774,53.9712890267,1.8353281038
26.0121879000,4637,0.4186252774,53.9712890267,1.8353281038
26.0134037000,4638,0.4186252774,53.9712890267,1.8353281038
26.0147860000,4639,0.4186252774,53.9712890267,1.8353281038
26.0161147000,4640,0.4186252774,53.9712890267,1.8353281038
26.0174262000,4641,0.4186252774,53.9712890267,1.8353281038
26.0189240000,4642,0.4186252774,53.9712890267,1.8353281038
26.0197872000,4643,0.4186252774,53.9712890267,1.8353281038
26.0215590000,4644,0.4186252774,53.9712890267,1.8353281038
26.0228112000,4645,0.4186252774,53.9712890267,1.8353281038
26.0240838000,4646,0.4186252774,53.9712890267,1.8353281038
26.0252807000,4647,0.4186252774,53.9712890267,1.8353281038
26.0264639000,4648,0.4186252774,53.9712890267,1.8353281038
26.0277175000,4649,0.4186252774,53.9712890267,1.8353281038
26.0290108000,4650,0.4186252774,53.9712890267,1.8353281038
26.0303192000,4651,0.4186252774,53.9712890267,1.8353281038
26.0316749000,4652,0.4186252774,53.9712890267,1.8353281038
26.0329501000,4653,0.4186252774,53.9712890267,1.8353281038
26.0341939000,4654,0.4186252774,53.9712890267,1.8353281038
26.0354131000,4655,0.4186252774,53.9712890267,1.8353281038
26.0366614000,4656,0.4186252774,53.9712890267,1.8353281038
26.0378726000,4657,0.4186252774,53.9712890267,1.8353281038
26.0390880000,4658,0.4186252774,53.9712890267,1.8353281038
26.0403395000,4659,0.4186252774,53.9712890267,1.8353281038
26.0417053000,4660,0.4186252774,53.9712890267,1.8353281038
26.0430712000,4661,0.4186252774,53.9712890267,1.8353281038
26.0441862000,4662,0.4186252774,53.9712890267,1.8353281038
26.0453089000,4663,0.4186252774,53.9712890267,1.8353281038
26.0466553000,4664,0.4186252774,53.9712890267,1.8353281038
26.0480016000,4665,0.4186252774,53.9712890267,1.8353281038
26.0492123000,4666,0.4186252774,53.9712890267,1.8353281038
26.0503964000,4667,0.4186252774,53.9712890267,1.8353281038
26.0517408000,4668,0.4186252774,53.9712890267,1.8353281038
26.0529959000,4669,0.4186252774,53.9712890267,1.8353281038
26.0549437000,4670,0.4186252774,53.9712890267,1.8353281038
26.0561004000,4671,0.4186252774,53.9712890267,1.8353281038
26.0573052000,4672,0.4186252774,53.9712890267,1.8353281038
26.3858610000,4673,0.4186252774,53.9712890267,1.8353281038
26.3871896000,4674,0.4186252774,53.9712890267,1.8353281038
26.3884781000,4675,0.4186252774,53.9712890267,1.8353281038
26.3894778000,4676,0.4186252774,53.9712890267,1.8353281038
26.3907752000,4677,0.4186252774,53.9712890267,1.8353281038
26.3920562000,4678,0.4186252774,53.9712890267,1.8353281038
26.3933365000,4679,0.4186252774,53.9712890267,1.8353281038
26.3946008000,4680,0.4186252774,53.9712890267,1.8353281038
26.3958605000,4681,0.4186252774,53.9712890267,1.8353281038
26.3970968000,4682,0.4186252774,53.9712890267,1.8353281038
26.3982333000,4683,0.4186252774,53.9712890267,1.8353281038
26.3995336000,4684,0.4186252774,53.9712890267,1.8353281038
26.4010157000,4685,0.4186252774,53.9712890267,1.8353281038
26.4026383000,4686,0.4186252774,53.9712890267,1.8353281038
26.4039899000,4687,0.4186252774,53.9712890267,1.8353281038
26.4052491000,4688,0.4186252774,53.9712890267,1.8353281038
26.4064900000,4689,0.4186252774,53.9712890267,1.8353281038
26.4071105000,4690,0.4186252774,53.9712890267,1.8353281038
26.4087915000,4691,0.4186252774,53.9712890267,1.8353281038
26.4100543000,4692,0.4186252774,53.9712890267,1.8353281038
26.4109911000,4693,0.4186252774,53.9712890267,1.8353281038
26.4118253000,4694,0.4186252774,53.9712890267,1.8353281038
26.4128764000,4695,0.4186252774,53.9712890267,1.8353281038
26.4135576000,4696,0.4186252774,53.9712890267,1.8353281038
26.4143172000,4697,0.4186252774,53.9712890267,1.8353281038
26.4154932000,4698,0.4186252774,53.9712890267,1.8353281038
26.4164196000,4699,0.4186252774,53.9712890267,1.8353281038
26.4175993000,4700,0.4186252774,53.9712890267,1.8353281038
26.4186750000,4701,0.4186252774,53.9712890267,1.8353281038
26.4195877000,4702,0.4186252774,53.9712890267,1.8353281038
26.4208589000,4703,0.4186252774,53.9712890267,1.8353281038
26.4225993000,4704,0.4186252774,53.9712890267,1.8353281038
26.4239222000,4705,0.4186252774,53.9712890267,1.8353281038
26.4257624000,4706,0.4186252774,53.9712890267,1.8353281038
26.4276609000,4707,0.4186252774,53.9712890267,1.8353281038
26.4294694000,4708,0.4186252774,53.9712890267,1.8353281038
26.4312888000,4709,0.4186252774,53.9712890267,1.8353281038
26.4331300000,4710,0.4186252774,53.9712890267,1.8353281038
26.4347868000,4711,0.4186252774,53.9712890267,1.8353281038
26.4367206000,4712,0.4186252774,53.9712890267,1.8353281038
26.4385335000,4713,0.4186252774,53.9712890267,1.8353281038
26.4400046000,4714,0.4186252774,53.9712890267,1.8353281038
26.4418938000,4715,0.4186252774,53.9712890267,1.8353281038
26.4435765000,4716,0.4186252774,53.9712890267,1.8353281038
26.4449739000,4717,0.4186252774,53.9712890267,1.8353281038
26.4469027000,4718,0.4186252774,53.9712890267,1.8353281038
26.4487058000,4719,0.4186252774,53.9712890267,1.8353281038
26.4505462000,4720,0.4186252774,53.9712890267,1.8353281038
26.4523761000,4721,0.4186252774,53.9712890267,1.8353281038
26.4541812000,4722,0.4186252774,53.9712890267,1.8353281038
26.4559375000,4723,0.4186252774,53.9712890267,1.8353281038
26.4577560000,4724,0.4186252774,53.9712890267,1.8353281038
26.4591410000,4725,0.4186252774,53.9712890267,1.8353281038
26.4609284000,4726,0.4186252774,53.9712890267,1.8353281038
26.4621132000,4727,0.4186252774,53.9712890267,1.8353281038
26.4639439000,4728,0.4186252774,53.9712890267,1.8353281038
26.4651323000,4729,0.4186252774,53.9712890267,1.8353281038
26.4660374000,4730,0.4186252774,53.9712890267,1.8353281038
26.4673802000,4731,0.4186252774,53.9712890267,1.8353281038
26.4686717000,4732,0.4186252774,53.9712890267,1.8353281038
26.4700104000,4733,0.4186252774,53.9712890267,1.8353281038
26.4719229000,4734,0.4186252774,53.9712890267,1.8353281038
26.4738136000,4735,0.4186252774,53.9712890267,1.8353281038
26.4756263000,4736,0.4186252774,53.9712890267,1.8353281038
26.8166920000,4737,0.4186252774,53.9712890267,1.8353281038
26.8179273000,4738,0.4186252774,53.9712890267,1.8353281038
26.8192895000,4739,0.4186252774,53.9712890267,1.8353281038
26.8206021000,4740,0.4186252774,53.9712890267,1.8353281038
26.8219407000,4741,0.4186252774,53.9712890267,1.8353281038
26.8229129000,4742,0.4186252774,53.9712890267,1.8353281038
26.8246962000,4743,0.4186252774,53.9712890267,1.8353281038
26.8261906000,4744,0.4186252774,53.9712890267,1.8353281038
26.8273752000,4745,0.4186252774,53.9712890267,1.8353281038
26.8285671000,4746,0.4186252774,53.9712890267,1.8353281038
26.8298585000,4747,0.4186252774,53.9712890267,1.8353281038
26.8310508000,4748,0.4186252774,53.9712890267,1.8353281038
26.8329777000,4749,0.4186252774,53.9712890267,1.8353281038
26.8343418000,4750,0.4186252774,53.9712890267,1.8353281038
26.8355552000,4751,0.4186252774,53.9712890267,1.8353281038
26.8362198000,4752,0.4186252774,53.9712890267,1.8353281038
26.8376099000,4753,0.4186252774,53.9712890267,1.8353281038
26.8388845000,4754,0.4186252774,53.9712890267,1.8353281038
26.8401727000,4755,0.4186252774,53.9712890267,1.8353281038
26.8414519000,4756,0.4186252774,53.9712890267,1.8353281038
26.8427170000,4757,0.4186252774,53.9712890267,1.8353281038
26.8437155000,4758,0.4186252774,53.9712890267,1.8353281038
26.8448994000,4759,0.4186252774,53.9712890267,1.8353281038
26.8460949000,4760,0.4186252774,53.9712890267,1.8353281038
26.8472646000,4761,0.4186252774,53.9712890267,1.8353281038
26.8484403000,4762,0.4186252774,53.9712890267,1.8353281038
26.8491600000,4763,0.4186252774,53.9712890267,1.8353281038
26.8509453000,4764,0.4186252774,53.9712890267,1.8353281038
26.8521235000,4765,0.4186252774,53.9712890267,1.8353281038
26.8533432000,4766,0.4186252774,53.9712890267,1.8353281038
26.8545160000,4767,0.4186252774,53.9712890267,1.8353281038
26.8557166000,4768,0.4186252774,53.9712890267,1.8353281038
26.8569178000,4769,0.4186252774,53.9712890267,1.8353281038
26.8580989000,4770,0.4186252774,53.9712890267,1.8353281038
26.8593455000,4771,0.4186252774,53.9712890267,1.8353281038
26.8606262000,4772,0.4186252774,53.9712890267,1.8353281038
26.8619440000,4773,0.4186252774,53.9712890267,1.8353281038
26.8631846000,4774,0.4186252774,53.9712890267,1.8353281038
26.8644941000,4775,0.4186252774,53.9712890267,1.8353281038
26.8656788000,4776,0.4186252774,53.9712890267,1.8353281038
26.8668505000,4777,0.4186252774,53.9712890267,1.8353281038
26.8680335000,4778,0.4186252774,53.9712890267,1.8353281038
26.8692326000,4779,0.4186252774,53.9712890267,1.8353281038
26.8705836000,4780,0.4186252774,53.9712890267,1.8353281038
26.8718933000,4781,0.4186252774,53.9712890267,1.8353281038
26.8730484000,4782,0.4186252774,53.9712890267,1.8353281038
26.8739663000,4783,0.4186252774,53.9712890267,1.8353281038
26.8752908000,4784,0.4186252774,53.9712890267,1.8353281038
26.8764740000,4785,0.4186252774,53.9712890267,1.8353281038
26.8776558000,4786,0.4186252774,53.9712890267,1.8353281038
26.8789966000,4787,0.4186252774,53.9712890267,1.8353281038
26.8802428000,4788,0.4186252774,53.9712890267,1.8353281038
26.8815691000,4789,0.4186252774,53.9712890267,1.8353281038
26.8828355000,4790,0.4186252774,53.9712890267,1.8353281038
26.8840503000,4791,0.4186252774,53.9712890267,1.8353281038
26.8852522000,4792,0.4186252774,53.9712890267,1.8353281038
26.8864638000,4793,0.4186252774,53.9712890267,1.8353281038
26.8877209000,4794,0.4186252774,53.9712890267,1.8353281038
26.8889259000,4795,0.4186252774,53.9712890267,1.8353281038
26.8901784000,4796,0.4186252774,53.9712890267,1.8353281038
26.8914194000,4797,0.4186252774,53.9712890267,1.8353281038
26.8926836000,4798,0.4186252774,53.9712890267,1.8353281038
26.8939920000,4799,0.4186252774,53.9712890267,1.8353281038
26.8953075000,4800,0.4186252774,53.9712890267,1.8353281038
27.2134282000,4801,0.4186252774,53.9712890267,1.8353281038
27.2144951000,4802,0.4186252774,53.9712890267,1.8353281038
27.2162257000,4803,0.4186252774,53.9712890267,1.8353281038
27.2171175000,4804,0.4186252774,53.9712890267,1.8353281038
27.2181631000,4805,0.4186252774,53.9712890267,1.8353281038
27.2191913000,4806,0.4186252774,53.9712890267,1.8353281038
27.2203978000,4807,0.4186252774,53.9712890267,1.8353281038
27.2215686000,4808,0.4186252774,53.9712890267,1.8353281038
27.2227889000,4809,0.4186252774,53.9712890267,1.8353281038
27.2240789000,4810,0.4186252774,53.9712890267,1.8353281038
27.2252534000,4811,0.4186252774,53.9712890267,1.8353281038
27.2264683000,4812,0.4186252774,53.9712890267,1.8353281038
27.2273686000,4813,0.4186252774,53.9712890267,1.8353281038
27.2282916000,4814,0.4186252774,53.9712890267,1.8353281038
27.2295877000,4815,0.4186252774,53.9712890267,1.8353281038
27.2309454000,4816,0.4186252774,53.9712890267,1.8353281038
27.2322809000,4817,0.4186252774,53.9712890267,1.8353281038
27.2335650000,4818,0.4186252774,53.9712890267,1.8353281038
27.2349006000,4819,0.4186252774,53.9712890267,1.8353281038
27.2356310000,4820,0.4186252774,53.9712890267,1.8353281038
27.2369669000,4821,0.4186252774,53.9712890267,1.8353281038
27.2382337000,4822,0.4186252774,53.9712890267,1.8353281038
27.2393859000,4823,0.4186252774,53.9712890267,1.8353281038
27.2403159000,4824,0.4186252774,53.9712890267,1.8353281038
27.2415641000,4825,0.4186252774,53.9712890267,1.8353281038
27.2428480000,4826,0.4186252774,53.9712890267,1.8353281038
27.2438813000,4827,0.4186252774,53.9712890267,1.8353281038
27.2446243000,4828,0.4186252774,53.9712890267,1.8353281038
27.2457800000,4829,0.4186252774,53.9712890267,1.8353281038
27.2471422000,4830,0.4186252774,53.9712890267,1.8353281038
27.2485479000,4831,0.4186252774,53.9712890267,1.8353281038
27.2498068000,4832,0.4186252774,53.9712890267,1.8353281038
27.2510467000,4833,0.4186252774,53.9712890267,1.8353281038
27.2523943000,4834,0.4186252774,53.9712890267,1.8353281038
27.2536869000,4835,0.4186252774,53.9712890267,1.8353281038
27.2548873000,4836,0.4186252774,53.9712890267,1.8353281038
27.2560019000,4837,0.4186252774,53.9712890267,1.8353281038
27.2574018000,4838,0.4186252774,53.9712890267,1.8353281038
27.2582375000,4839,0.4186252774,53.9712890267,1.8353281038
27.2595120000,4840,0.4186252774,53.9712890267,1.8353281038
27.2605230000,4841,0.4186252774,53.9712890267,1.8353281038
27.2617050000,4842,0.4186252774,53.9712890267,1.8353281038
27.2630315000,4843,0.4186252774,53.9712890267,1.8353281038
27.2639477000,4844,0.4186252774,53.9712890267,1.8353281038
27.2652251000,4845,0.4186252774,53.9712890267,1.8353281038
27.2664546000,4846,0.4186252774,53.9712890267,1.8353281038
27.2676292000,4847,0.4186252774,53.9712890267,1.8353281038
27.2689230000,4848,0.4186252774,53.9712890267,1.8353281038
27.2701637000,4849,0.4186252774,53.9712890267,1.8353281038
27.2713708000,4850,0.4186252774,53.9712890267,1.8353281038
27.2726589000,4851,0.4186252774,53.9712890267,1.8353281038
27.2738984000,4852,0.4186252774,53.9712890267,1.8353281038
27.2751314000,4853,0.4186252774,53.9712890267,1.8353281038
27.2763161000,4854,0.4186252774,53.9712890267,1.8353281038
27.2775916000,4855,0.4186252774,53.9712890267,1.8353281038
27.2788271000,4856,0.4186252774,53.9712890267,1.8353281038
27.2800576000,4857,0.4186252774,53.9712890267,1.8353281038
27.2812840000,4858,0.4186252774,53.9712890267,1.8353281038
27.2825067000,4859,0.4186252774,53.9712890267,1.8353281038
27.2837179000,4860,0.4186252774,53.9712890267,1.8353281038
27.2849780000,4861,0.4186252774,53.9712890267,1.8353281038
27.2862651000,4862,0.4186252774,53.9712890267,1.8353281038
27.2874961000,4863,0.4186252774,53.9712890267,1.8353281038
27.2887029000,4864,0.4186252774,53.9712890267,1.8353281038
27.6176373000,4865,0.4186252774,53.9712890267,1.8353281038
27.6188550000,4866,0.4186252774,53.9712890267,1.8353281038
27.6200390000,4867,0.4186252774,53.9712890267,1.8353281038
27.6212175000,4868,0.4186252774,53.9712890267,1.8353281038
27.6224651000,4869,0.4186252774,53.9712890267,1.8353281038
27.6234071000,4870,0.4186252774,53.9712890267,1.8353281038
27.6239140000,4871,0.4186252774,53.9712890267,1.8353281038
27.6250133000,4872,0.4186252774,53.9712890267,1.8353281038
27.6258897000,4873,0.4186252774,53.9712890267,1.8353281038
27.6270247000,4874,0.4186252774,53.9712890267,1.8353281038
27.6282014000,4875,0.4186252774,53.9712890267,1.8353281038
27.6294482000,4876,0.4186252774,53.9712890267,1.8353281038
27.6307008000,4877,0.4186252774,53.9712890267,1.8353281038
27.6317207000,4878,0.4186252774,53.9712890267,1.8353281038
27.6328925000,4879,0.4186252774,53.9712890267,1.8353281038
27.6340199000,4880,0.4186252774,53.9712890267,1.8353281038
27.6352221000,4881,0.4186252774,53.9712890267,1.8353281038
27.6363962000,4882,0.4186252774,53.9712890267,1.8353281038
27.6375697000,4883,0.4186252774,53.9712890267,1.8353281038
27.6387466000,4884,0.4186252774,53.9712890267,1.8353281038
27.6395063000,4885,0.4186252774,53.9712890267,1.8353281038
27.6404421000,4886,0.4186252774,53.9712890267,1.8353281038
27.6416828000,4887,0.4186252774,53.9712890267,1.8353281038
27.6429929000,4888,0.4186252774,53.9712890267,1.8353281038
27.6438166000,4889,0.4186252774,53.9712890267,1.8353281038
27.6450821000,4890,0.4186252774,53.9712890267,1.8353281038
27.6462311000,4891,0.4186252774,53.9712890267,1.8353281038
27.6474343000,4892,0.4186252774,53.9712890267,1.8353281038
27.6486274000,4893,0.4186252774,53.9712890267,1.8353281038
27.6498065000,4894,0.4186252774,53.9712890267,1.8353281038
27.6511545000,4895,0.4186252774,53.9712890267,1.8353281038
27.6520191000,4896,0.4186252774,53.9712890267,1.8353281038
27.6529656000,4897,0.4186252774,53.9712890267,1.8353281038
27.6541805000,4898,0.4186252774,53.9712890267,1.8353281038
27.6551487000,4899,0.4186252774,53.9712890267,1.8353281038
27.6564517000,4900,0.4186252774,53.9712890267,1.8353281038
27.6576611000,4901,0.4186252774,53.9712890267,1.8353281038
27.6588545000,4902,0.4186252774,53.9712890267,1.8353281038
27.6600924000,4903,0.4186252774,53.9712890267,1.8353281038
27.6613303000,4904,0.4186252774,53.9712890267,1.8353281038
27.6625465000,4905,0.4186252774,53.9712890267,1.8353281038
27.6637364000,4906,0.4186252774,53.9712890267,1.8353281038
27.6646046000,4907,0.4186252774,53.9712890267,1.8353281038
27.6656790000,4908,0.4186252774,53.9712890267,1.8353281038
27.6669666000,4909,0.4186252774,53.9712890267,1.8353281038
27.6682400000,4910,0.4186252774,53.9712890267,1.8353281038
27.6694377000,4911,0.4186252774,53.9712890267,1.8353281038
27.6706520000,4912,0.4186252774,53.9712890267,1.8353281038
27.6718494000,4913,0.4186252774,53.9712890267,1.8353281038
27.6728296000,4914,0.4186252774,53.9712890267,1.8353281038
27.6737724000,4915,0.4186252774,53.9712890267,1.8353281038
27.6750015000,4916,0.4186252774,53.9712890267,1.8353281038
27.6763249000,4917,0.4186252774,53.9712890267,1.8353281038
27.6777308000,4918,0.4186252774,53.9712890267,1.8353281038
27.6790126000,4919,0.4186252774,53.9712890267,1.8353281038
27.6802576000,4920,0.4186252774,53.9712890267,1.8353281038
27.6811217000,4921,0.4186252774,53.9712890267,1.8353281038
27.6818559000,4922,0.4186252774,53.9712890267,1.8353281038
27.6830719000,4923,0.4186252774,53.9712890267,1.8353281038
27.6842699000,4924,0.4186252774,53.9712890267,1.8353281038
27.6854598000,4925,0.4186252774,53.9712890267,1.8353281038
27.6867637000,4926,0.4186252774,53.9712890267,1.8353281038
27.6879830000,4927,0.4186252774,53.9712890267,1.8353281038
27.6891864000,4928,0.4186252774,53.9712890267,1.8353281038
28.0159233000,4929,0.4186252774,53.9712890267,1.8353281038
28.0171789000,4930,0.4186252774,53.9712890267,1.8353281038
28.0184324000,4931,0.4186252774,53.9712890267,1.8353281038
28.0197885000,4932,0.4186252774,53.9712890267,1.8353281038
28.0210596000,4933,0.4186252774,53.9712890267,1.8353281038
28.0224143000,4934,0.4186252774,53.9712890267,1.8353281038
28.0237095000,4935,0.4186252774,53.9712890267,1.8353281038
28.0249782000,4936,0.4186252774,53.9712890267,1.8353281038
28.0262245000,4937,0.4186252774,53.9712890267,1.8353281038
28.0274976000,4938,0.4186252774,53.9712890267,1.8353281038
28.0288289000,4939,0.4186252774,53.9712890267,1.8353281038
28.0301113000,4940,0.4186252774,53.9712890267,1.8353281038
28.0313878000,4941,0.4186252774,53.9712890267,1.8353281038
28.0326364000,4942,0.4186252774,53.9712890267,1.8353281038
28.0338924000,4943,0.4186252774,53.9712890267,1.8353281038
28.0349433000,4944,0.4186252774,53.9712890267,1.8353281038
28.0360696000,4945,0.4186252774,53.9712890267,1.8353281038
28.0372189000,4946,0.4186252774,53.9712890267,1.8353281038
28.0383785000,4947,0.4186252774,53.9712890267,1.8353281038
28.0395120000,4948,0.4186252774,53.9712890267,1.8353281038
28.0406608000,4949,0.4186252774,53.9712890267,1.8353281038
28.0418550000,4950,0.4186252774,53.9712890267,1.8353281038
28.0430302000,4951,0.4186252774,53.9712890267,1.8353281038
28.0442198000,4952,0.4186252774,53.9712890267,1.8353281038
28.0453923000,4953,0.4186252774,53.9712890267,1.8353281038
28.0466056000,4954,0.4186252774,53.9712890267,1.8353281038
28.0475680000,4955,0.4186252774,53.9712890267,1.8353281038
28.0485098000,4956,0.4186252774,53.9712890267,1.8353281038
28.0497730000,4957,0.4186252774,53.9712890267,1.8353281038
28.0510400000,4958,0.4186252774,53.9712890267,1.8353281038
28.0522428000,4959,0.4186252774,53.9712890267,1.8353281038
28.0536448000,4960,0.4186252774,53.9712890267,1.8353281038
28.0551159000,4961,0.4186252774,53.9712890267,1.8353281038
28.0562234000,4962,0.4186252774,53.9712890267,1.8353281038
28.0577945000,4963,0.4186252774,53.9712890267,1.8353281038
28.0596209000,4964,0.4186252774,53.9712890267,1.8353281038
28.0609223000,4965,0.4186252774,53.9712890267,1.8353281038
28.0620901000,4966,0.4186252774,53.9712890267,1.8353281038
28.0632344000,4967,0.4186252774,53.9712890267,1.8353281038
28.0644141000,4968,0.4186252774,53.9712890267,1.8353281038
28.0656045000,4969,0.4186252774,53.9712890267,1.8353281038
28.0667443000,4970,0.4186252774,53.9712890267,1.8353281038
28.0679140000,4971,0.4186252774,53.9712890267,1.8353281038
28.0691376000,4972,0.4186252774,53.9712890267,1.8353281038
28.0703143000,4973,0.4186252774,53.9712890267,1.8353281038
28.0714700000,4974,0.4186252774,53.9712890267,1.8353281038
28.0726610000,4975,0.4186252774,53.9712890267,1.8353281038
28.0738243000,4976,0.4186252774,53.9712890267,1.8353281038
28.0749728000,4977,0.4186252774,53.9712890267,1.8353281038
28.0761210000,4978,0.4186252774,53.9712890267,1.8353281038
28.0772938000,4979,0.4186252774,53.9712890267,1.8353281038
28.0784611000,4980,0.4186252774,53.9712890267,1.8353281038
28.0797460000,4981,0.4186252774,53.9712890267,1.8353281038
28.0809665000,4982,0.4186252774,53.9712890267,1.8353281038
28.0821462000,4983,0.4186252774,53.9712890267,1.8353281038
28.0832766000,4984,0.4186252774,53.9712890267,1.8353281038
28.0844034000,4985,0.4186252774,53.9712890267,1.8353281038
28.0856341000,4986,0.4186252774,53.9712890267,1.8353281038
28.0868770000,4987,0.4186252774,53.9712890267,1.8353281038
28.0880396000,4988,0.4186252774,53.9712890267,1.8353281038
28.0891730000,4989,0.4186252774,53.9712890267,1.8353281038
28.0903990000,4990,0.4186252774,53.9712890267,1.8353281038
28.0915577000,4991,0.4186252774,53.9712890267,1.8353281038
28.0926942000,4992,0.4186252774,53.9712890267,1.8353281038
28.4176160000,4993,0.4186252774,53.9712890267,1.8353281038
28.4190642000,4994,0.4186252774,53.9712890267,1.8353281038
28.4203171000,4995,0.4186252774,53.9712890267,1.8353281038
28.4216106000,4996,0.4186252774,53.9712890267,1.8353281038
28.4228162000,4997,0.4186252774,53.9712890267,1.8353281038
28.4241744000,4998,0.4186252774,53.9712890267,1.8353281038
28.4254269000,4999,0.4186252774,53.9712890267,1.8353281038
28.4268449000,5000,0.4186252774,53.9712890267,1.8353281038
28.4283849000,5001,0.4186252774,53.9712890267,1.8353281038
28.4296537000,5002,0.4186252774,53.9712890267,1.8353281038
28.4310775000,5003,0.4186252774,53.9712890267,1.8353281038
28.4324093000,5004,0.4186252774,53.9712890267,1.8353281038
28.4335454000,5005,0.4186252774,53.9712890267,1.8353281038
28.4346871000,5006,0.4186252774,53.9712890267,1.8353281038
28.4359050000,5007,0.4186252774,53.9712890267,1.8353281038
28.4371327000,5008,0.4186252774,53.9712890267,1.8353281038
28.4383402000,5009,0.4186252774,53.9712890267,1.8353281038
28.4395228000,5010,0.4186252774,53.9712890267,1.8353281038
28.4407112000,5011,0.4186252774,53.9712890267,1.8353281038
28.4418755000,5012,0.4186252774,53.9712890267,1.8353281038
28.4430240000,5013,0.4186252774,53.9712890267,1.8353281038
28.4442015000,5014,0.4186252774,53.9712890267,1.8353281038
28.4453552000,5015,0.4186252774,53.9712890267,1.8353281038
28.4464824000,5016,0.4186252774,53.9712890267,1.8353281038
28.4476481000,5017,0.4186252774,53.9712890267,1.8353281038
28.4488328000,5018,0.4186252774,53.9712890267,1.8353281038
28.4499680000,5019,0.4186252774,53.9712890267,1.8353281038
28.4511247000,5020,0.4186252774,53.9712890267,1.8353281038
28.4523046000,5021,0.4186252774,53.9712890267,1.8353281038
28.4534981000,5022,0.4186252774,53.9712890267,1.8353281038
28.4546438000,5023,0.4186252774,53.9712890267,1.8353281038
28.4557761000,5024,0.4186252774,53.9712890267,1.8353281038
28.4569296000,5025,0.4186252774,53.9712890267,1.8353281038
28.4580536000,5026,0.4186252774,53.9712890267,1.8353281038
28.4592385000,5027,0.4186252774,53.9712890267,1.8353281038
28.4603682000,5028,0.4186252774,53.9712890267,1.8353281038
28.4615580000,5029,0.4186252774,53.9712890267,1.8353281038
28.4626996000,5030,0.4186252774,53.9712890267,1.8353281038
28.4638245000,5031,0.4186252774,53.9712890267,1.8353281038
28.4649368000,5032,0.4186252774,53.9712890267,1.8353281038
28.4661020000,5033,0.4186252774,53.9712890267,1.8353281038
28.4672320000,5034,0.4186252774,53.9712890267,1.8353281038
28.4684140000,5035,0.4186252774,53.9712890267,1.8353281038
28.4696102000,5036,0.4186252774,53.9712890267,1.8353281038
28.4707413000,5037,0.4186252774,53.9712890267,1.8353281038
28.4719223000,5038,0.4186252774,53.9712890267,1.8353281038
28.4730491000,5039,0.4186252774,53.9712890267,1.8353281038
28.4741881000,5040,0.4186252774,53.9712890267,1.8353281038
28.4753108000,5041,0.4186252774,53.9712890267,1.8353281038
28.4764285000,5042,0.4186252774,53.9712890267,1.8353281038
28.4772568000,5043,0.4186252774,53.9712890267,1.8353281038
28.4787963000,5044,0.4186252774,53.9712890267,1.8353281038
28.4806681000,5045,0.4186252774,53.9712890267,1.8353281038
28.4820481000,5046,0.4186252774,53.9712890267,1.8353281038
28.4838997000,5047,0.4186252774,53.9712890267,1.8353281038
28.4848480000,5048,0.4186252774,53.9712890267,1.8353281038
28.4856557000,5049,0.4186252774,53.9712890267,1.8353281038
28.4874557000,5050,0.4186252774,53.9712890267,1.8353281038
28.4891797000,5051,0.4186252774,53.9712890267,1.8353281038
28.4905321000,5052,0.4186252774,53.9712890267,1.8353281038
28.4923277000,5053,0.4186252774,53.9712890267,1.8353281038
28.4935828000,5054,0.4186252774,53.9712890267,1.8353281038
28.4953578000,5055,0.4186252774,53.9712890267,1.8353281038
28.4972017000,5056,0.4186252774,53.9712890267,1.8353281038
28.8411014000,5057,0.4186252774,53.9712890267,1.8353281038
28.8423392000,5058,0.4186252774,53.9712890267,1.8353281038
28.8435861000,5059,0.4186252774,53.9712890267,1.8353281038
28.8450195000,5060,0.4186252774,53.9712890267,1.8353281038
28.8468547000,5061,0.4186252774,53.9712890267,1.8353281038
28.8486735000,5062,0.4186252774,53.9712890267,1.8353281038
28.8499063000,5063,0.4186252774,53.9712890267,1.8353281038
28.8511434000,5064,0.4186252774,53.9712890267,1.8353281038
28.8521953000,5065,0.4186252774,53.9712890267,1.8353281038
28.8534653000,5066,0.4186252774,53.9712890267,1.8353281038
28.8547163000,5067,0.4186252774,53.9712890267,1.8353281038
28.8559672000,5068,0.4186252774,53.9712890267,1.8353281038
28.8573150000,5069,0.4186252774,53.9712890267,1.8353281038
28.8585830000,5070,0.4186252774,53.9712890267,1.8353281038
28.8598570000,5071,0.4186252774,53.9712890267,1.8353281038
28.8610975000,5072,0.4186252774,53.9712890267,1.8353281038
28.8629649000,5073,0.4186252774,53.9712890267,1.8353281038
28.8644387000,5074,0.4186252774,53.9712890267,1.8353281038
28.8658897000,5075,0.4186252774,53.9712890267,1.8353281038
28.8677797000,5076,0.4186252774,53.9712890267,1.8353281038
28.8690902000,5077,0.4186252774,53.9712890267,1.8353281038
28.8704591000,5078,0.4186252774,53.9712890267,1.8353281038
28.8717896000,5079,0.4186252774,53.9712890267,1.8353281038
28.8729002000,5080,0.4186252774,53.9712890267,1.8353281038
28.8740194000,5081,0.4186252774,53.9712890267,1.8353281038
28.8756194000,5082,0.4186252774,53.9712890267,1.8353281038
28.8771958000,5083,0.4186252774,53.9712890267,1.8353281038
28.8787460000,5084,0.4186252774,53.9712890267,1.8353281038
28.8800772000,5085,0.4186252774,53.9712890267,1.8353281038
28.8813032000,5086,0.4186252774,53.9712890267,1.8353281038
28.8825904000,5087,0.4186252774,53.9712890267,1.8353281038
28.8838445000,5088,0.4186252774,53.9712890267,1.8353281038
28.8851601000,5089,0.4186252774,53.9712890267,1.8353281038
28.8864239000,5090,0.4186252774,53.9712890267,1.8353281038
28.8877672000,5091,0.4186252774,53.9712890267,1.8353281038
28.8889745000,5092,0.4186252774,53.9712890267,1.8353281038
28.8898153000,5093,0.4186252774,53.9712890267,1.8353281038
28.8907314000,5094,0.4186252774,53.9712890267,1.8353281038
28.8917019000,5095,0.4186252774,53.9712890267,1.8353281038
28.8929699000,5096,0.4186252774,53.9712890267,1.8353281038
28.8945483000,5097,0.4186252774,53.9712890267,1.8353281038
28.8963979000,5098,0.4186252774,53.9712890267,1.8353281038
28.8977913000,5099,0.4186252774,53.9712890267,1.8353281038
28.8990258000,5100,0.4186252774,53.9712890267,1.8353281038
28.9003529000,5101,0.4186252774,53.9712890267,1.8353281038
28.9018333000,5102,0.4186252774,53.9712890267,1.8353281038
28.9026476000,5103,0.4186252774,53.9712890267,1.8353281038
28.9040029000,5104,0.4186252774,53.9712890267,1.8353281038
28.9053884000,5105,0.4186252774,53.9712890267,1.8353281038
28.9063200000,5106,0.4186252774,53.9712890267,1.8353281038
28.9074687000,5107,0.4186252774,53.9712890267,1.8353281038
28.9087176000,5108,0.4186252774,53.9712890267,1.8353281038
28.9102770000,5109,0.4186252774,53.9712890267,1.8353281038
28.9117964000,5110,0.4186252774,53.9712890267,1.8353281038
28.9137154000,5111,0.4186252774,53.9712890267,1.8353281038
28.9145526000,5112,0.4186252774,53.9712890267,1.8353281038
28.9157480000,5113,0.4186252774,53.9712890267,1.8353281038
28.9169532000,5114,0.4186252774,53.9712890267,1.8353281038
28.9181937000,5115,0.4186252774,53.9712890267,1.8353281038
28.9188529000,5116,0.4186252774,53.9712890267,1.8353281038
28.9199291000,5117,0.4186252774,53.9712890267,1.8353281038
28.9211273000,5118,0.4186252774,53.9712890267,1.8353281038
28.9224611000,5119,0.4186252774,53.9712890267,1.8353281038
28.9230767000,5120,0.4186252774,53.9712890267,1.8353281038
29.2583592000,5121,0.4186252774,53.9712890267,1.8353281038
29.2595356000,5122,0.4186252774,53.9712890267,1.8353281038
29.2608479000,5123,0.4186252774,53.9712890267,1.8353281038
29.2620845000,5124,0.4186252774,53.9712890267,1.8353281038
29.2633731000,5125,0.4186252774,53.9712890267,1.8353281038
29.2646962000,5126,0.4186252774,53.9712890267,1.8353281038
29.2659195000,5127,0.4186252774,53.9712890267,1.8353281038
29.2670876000,5128,0.4186252774,53.9712890267,1.8353281038
29.2682981000,5129,0.4186252774,53.9712890267,1.8353281038
29.2700626000,5130,0.4186252774,53.9712890267,1.8353281038
29.2718372000,5131,0.4186252774,53.9712890267,1.8353281038
29.2740072000,5132,0.4186252774,53.9712890267,1.8353281038
29.2753689000,5133,0.4186252774,53.9712890267,1.8353281038
29.2765513000,5134,0.4186252774,53.9712890267,1.8353281038
29.2778741000,5135,0.4186252774,53.9712890267,1.8353281038
29.2790389000,5136,0.4186252774,53.9712890267,1.8353281038
29.2803726000,5137,0.4186252774,53.9712890267,1.8353281038
29.2816211000,5138,0.4186252774,53.9712890267,1.8353281038
29.2835563000,5139,0.4186252774,53.9712890267,1.8353281038
29.2849706000,5140,0.4186252774,53.9712890267,1.8353281038
29.2866146000,5141,0.4186252774,53.9712890267,1.8353281038
29.2880578000,5142,0.4186252774,53.9712890267,1.8353281038
29.2893600000,5143,0.4186252774,53.9712890267,1.8353281038
29.2908106000,5144,0.4186252774,53.9712890267,1.8353281038
29.2921138000,5145,0.4186252774,53.9712890267,1.8353281038
29.2938648000,5146,0.4186252774,53.9712890267,1.8353281038
29.2946269000,5147,0.4186252774,53.9712890267,1.8353281038
29.2959878000,5148,0.4186252774,53.9712890267,1.8353281038
29.2972591000,5149,0.4186252774,53.9712890267,1.8353281038
29.2980467000,5150,0.4186252774,53.9712890267,1.8353281038
29.2992838000,5151,0.4186252774,53.9712890267,1.8353281038
29.3005327000,5152,0.4186252774,53.9712890267,1.8353281038
29.3017677000,5153,0.4186252774,53.9712890267,1.8353281038
29.3029605000,5154,0.4186252774,53.9712890267,1.8353281038
29.3041658000,5155,0.4186252774,53.9712890267,1.8353281038
29.3053079000,5156,0.4186252774,53.9712890267,1.8353281038
29.3065120000,5157,0.4186252774,53.9712890267,1.8353281038
29.3076823000,5158,0.4186252774,53.9712890267,1.8353281038
29.3088410000,5159,0.4186252774,53.9712890267,1.8353281038
29.3100401000,5160,0.4186252774,53.9712890267,1.8353281038
29.3110076000,5161,0.4186252774,53.9712890267,1.8353281038
29.3122644000,5162,0.4186252774,53.9712890267,1.8353281038
29.3135014000,5163,0.4186252774,53.9712890267,1.8353281038
29.3148675000,5164,0.4186252774,53.9712890267,1.8353281038
29.3162237000,5165,0.4186252774,53.9712890267,1.8353281038
29.3175474000,5166,0.4186252774,53.9712890267,1.8353281038
29.3186702000,5167,0.4186252774,53.9712890267,1.8353281038
29.3198459000,5168,0.4186252774,53.9712890267,1.8353281038
29.3209934000,5169,0.4186252774,53.9712890267,1.8353281038
29.3221170000,5170,0.4186252774,53.9712890267,1.8353281038
29.3233223000,5171,0.4186252774,53.9712890267,1.8353281038
29.3246032000,5172,0.4186252774,53.9712890267,1.8353281038
29.3258548000,5173,0.4186252774,53.9712890267,1.8353281038
29.3271327000,5174,0.4186252774,53.9712890267,1.8353281038
29.3284806000,5175,0.4186252774,53.9712890267,1.8353281038
29.3297823000,5176,0.4186252774,53.9712890267,1.8353281038
29.3309753000,5177,0.4186252774,53.9712890267,1.8353281038
29.3323059000,5178,0.4186252774,53.9712890267,1.8353281038
29.3336195000,5179,0.4186252774,53.9712890267,1.8353281038
29.3348291000,5180,0.4186252774,53.9712890267,1.8353281038
29.3361827000,5181,0.4186252774,53.9712890267,1.8353281038
29.3375716000,5182,0.4186252774,53.9712890267,1.8353281038
29.3389112000,5183,0.4186252774,53.9712890267,1.8353281038
29.3401601000,5184,0.4186252774,53.9712890267,1.8353281038
29.6775685000,5185,0.4186252774,53.9712890267,1.8353281038
29.6789413000,5186,0.4186252774,53.9712890267,1.8353281038
29.6801959000,5187,0.4186252774,53.9712890267,1.8353281038
29.6817359000,5188,0.4186252774,53.9712890267,1.8353281038
29.6830134000,5189,0.4186252774,53.9712890267,1.8353281038
29.6842738000,5190,0.4186252774,53.9712890267,1.8353281038
29.6856484000,5191,0.4186252774,53.9712890267,1.8353281038
29.6870220000,5192,0.4186252774,53.9712890267,1.8353281038
29.6883573000,5193,0.4186252774,53.9712890267,1.8353281038
29.6897193000,5194,0.4186252774,53.9712890267,1.8353281038
29.6909906000,5195,0.4186252774,53.9712890267,1.8353281038
29.6922461000,5196,0.4186252774,53.9712890267,1.8353281038
29.6935425000,5197,0.4186252774,53.9712890267,1.8353281038
29.6946984000,5198,0.4186252774,53.9712890267,1.8353281038
29.6960017000,5199,0.4186252774,53.9712890267,1.8353281038
29.6973964000,5200,0.4186252774,53.9712890267,1.8353281038
29.6985240000,5201,0.4186252774,53.9712890267,1.8353281038
29.7001325000,5202,0.4186252774,53.9712890267,1.8353281038
29.7013685000,5203,0.4186252774,53.9712890267,1.8353281038
29.7026446000,5204,0.4186252774,53.9712890267,1.8353281038
29.7038491000,5205,0.4186252774,53.9712890267,1.8353281038
29.7050840000,5206,0.4186252774,53.9712890267,1.8353281038
29.7064657000,5207,0.4186252774,53.9712890267,1.8353281038
29.7078258000,5208,0.4186252774,53.9712890267,1.8353281038
29.7091282000,5209,0.4186252774,53.9712890267,1.8353281038
29.7105740000,5210,0.4186252774,53.9712890267,1.8353281038
29.7117778000,5211,0.4186252774,53.9712890267,1.8353281038
29.7131311000,5212,0.4186252774,53.9712890267,1.8353281038
29.7144396000,5213,0.4186252774,53.9712890267,1.8353281038
29.7156573000,5214,0.4186252774,53.9712890267,1.8353281038
29.7168662000,5215,0.4186252774,53.9712890267,1.8353281038
29.7181414000,5216,0.4186252774,53.9712890267,1.8353281038
29.7192540000,5217,0.4186252774,53.9712890267,1.8353281038
29.7208815000,5218,0.4186252774,53.9712890267,1.8353281038
29.7221248000,5219,0.4186252774,53.9712890267,1.8353281038
29.7228153000,5220,0.4186252774,53.9712890267,1.8353281038
29.7241528000,5221,0.4186252774,53.9712890267,1.8353281038
29.7254839000,5222,0.4186252774,53.9712890267,1.8353281038
29.7267796000,5223,0.4186252774,53.9712890267,1.8353281038
29.7286970000,5224,0.4186252774,53.9712890267,1.8353281038
29.7300354000,5225,0.4186252774,53.9712890267,1.8353281038
29.7311792000,5226,0.4186252774,53.9712890267,1.8353281038
29.7319966000,5227,0.4186252774,53.9712890267,1.8353281038
29.7332317000,5228,0.4186252774,53.9712890267,1.8353281038
29.7344652000,5229,0.4186252774,53.9712890267,1.8353281038
29.7353691000,5230,0.4186252774,53.9712890267,1.8353281038
29.7366737000,5231,0.4186252774,53.9712890267,1.8353281038
29.7379727000,5232,0.4186252774,53.9712890267,1.8353281038
29.7390375000,5233,0.4186252774,53.9712890267,1.8353281038
29.7400962000,5234,0.4186252774,53.9712890267,1.8353281038
29.7413472000,5235,0.4186252774,53.9712890267,1.8353281038
29.7425683000,5236,0.4186252774,53.9712890267,1.8353281038
29.7434551000,5237,0.4186252774,53.9712890267,1.8353281038
29.7442427000,5238,0.4186252774,53.9712890267,1.8353281038
29.7455067000,5239,0.4186252774,53.9712890267,1.8353281038
29.7468051000,5240,0.4186252774,53.9712890267,1.8353281038
29.7476879000,5241,0.4186252774,53.9712890267,1.8353281038
29.7488484000,5242,0.4186252774,53.9712890267,1.8353281038
29.7501362000,5243,0.4186252774,53.9712890267,1.8353281038
29.7514004000,5244,0.4186252774,53.9712890267,1.8353281038
29.7526026000,5245,0.4186252774,53.9712890267,1.8353281038
29.7538154000,5246,0.4186252774,53.9712890267,1.8353281038
29.7549710000,5247,0.4186252774,53.9712890267,1.8353281038
29.7561459000,5248,0.4186252774,53.9712890267,1.8353281038
