gen,op_id,w0,w1,w2,w3,w4,w5,w6,norm
50,0,-2.053528261321605e-06,-7.316316652872746e-07,-8.271928403790442e-07,0.0006230479120888551,-9.179973880112327e-05,0.004743848266874826,0.009488491811387596,0.01062695603468906
50,1,-1.470561754257233e-06,-8.986595894220787e-07,0.003089756505255458,2.258178755438452e-05,0.002874598081714535,0.001280687449940431,0.001939719678856736,0.004817996998485407
50,2,4.855263296319713e-07,-9.371584532090638e-08,0.0006519459130491407,5.06334741727126e-05,0.00135248615928711,0.0007250830385657085,0.001386917355097128,0.002169355074789566
50,3,0,0,0,0,0,0,0,0
100,0,-3.759513827357983e-05,-1.891085991651498e-05,-3.030221313515266e-06,0.000612767902250471,-0.0005261822930577376,0.002709562145013301,0.005423551297744042,0.006116434271844332
100,1,-1.069010898238379e-05,-1.98742303308176e-06,0.003084090537849971,1.536085202528997e-05,0.002254919912635491,0.0005870624701493694,0.0005609120847311882,0.003905879818013664
100,2,-2.209580650727233e-06,-4.330349019247129e-07,0.0006511640503296556,4.972344281333886e-05,0.001266662417464594,0.0005362551625772261,0.001009851083826789,0.001827100052456605
100,3,0,0,0,0,0,0,0,0
150,0,-6.998905299855654e-05,-2.064491141127917e-05,-6.401510433874945e-06,0.0006115562685687947,-0.001474107371751318,0.00128664194987688,0.002581070198276019,0.003296927379838932
150,1,-1.207701738559008e-05,-1.94332292384427e-06,0.003083769932732614,1.506111967145583e-05,0.00220797141091365,0.0005291575000585214,0.0004454743172033701,0.003855334777262851
150,2,-3.557624233028904e-06,-4.240020205587814e-07,0.0006509003792342908,4.94980604861929e-05,0.00122218075019325,0.0004779009771483813,0.0008938100629529544,0.001716725300356878
150,3,0,0,0,0,0,0,0,0
200,0,-7.722098971795354e-05,-2.107257934628367e-05,-6.660831361994193e-06,0.0006111924346622965,-0.001570792691838174,0.001071191206867566,0.002150396555922424,0.002935822427164459
200,1,-2.064024127809159e-05,-2.142254908312119e-06,0.003083312178496928,1.427707410762823e-05,0.001979542562604794,0.0002816935185137802,-4.892320603705847e-05,0.003675293445339328
200,2,-8.386274378807554e-06,-5.23960338579057e-07,0.0006506710736105827,4.910096465118813e-05,0.001105558109490647,0.0003302136740334805,0.0005986889730196396,0.001454504261007905
200,3,0,0,0,0,0,0,0,0
250,0,-7.795040177592782e-05,-2.098451002072774e-05,-6.813108158789261e-06,0.0006110892565255276,-0.00158715723119969,0.001055347284962005,0.002119025460611579,0.002916005484190282
250,1,-2.261036104003399e-05,-2.026760089335595e-06,0.00308314868848062,1.395210605297237e-05,0.001919423590832653,0.0002415183236842441,-0.0001290359031952644,0.003642208686876616
250,2,-1.076974001014335e-05,-5.686804109422577e-07,0.0006505397031798355,4.876225444528494e-05,0.001061324031302724,0.0002766905268615464,0.0004918405160802609,0.001367687615613622
250,3,0,0,0,0,0,0,0,0
300,0,-8.010890403799e-05,-2.074686966176007e-05,-6.901035086545782e-06,0.0006109714803106826,-0.001614245779902686,0.001012007648911643,0.002032565837032604,0.002853323403402876
300,1,-2.536340166916425e-05,-1.990776157821261e-06,0.003083046270997503,1.374550353155247e-05,0.001872316448194254,0.0001922379523395681,-0.0002274437656240288,0.003619428890354468
300,2,-1.222312351193514e-05,-5.800848097135747e-07,0.0006504927861265502,4.865825616569234e-05,0.001034766046426144,0.0002500820957116001,0.0004387309567552142,0.001323414111225125
300,3,0,0,0,0,0,0,0,0
350,0,-8.354273579591986e-05,-2.080668163953768e-05,-6.947456523478247e-06,0.000610903320560112,-0.001636301433364847,0.0009594906790318172,0.001927585195019361,0.002773869656088268
350,1,-2.823656693813092e-05,-2.006888551606444e-06,0.003082978075293121,1.358492115754491e-05,0.001831229449330432,0.0001480311571507029,-0.0003157274184737818,0.003602879128765434
350,2,-1.471062257302968e-05,-6.314476890884763e-07,0.0006504493761515877,4.856765955905816e-05,0.001003298460394251,0.0002110723912643161,0.0003607470103469308,0.001267658380673383
350,3,0,0,0,0,0,0,0,0
400,0,-0.0001017231747549997,-2.128229748473975e-05,-7.11599873703458e-06,0.000610713955227962,-0.001744764628769018,0.0007242574623331005,0.001457343016964804,0.00246504033712664
400,1,-3.067815026263977e-05,-2.033557317327667e-06,0.003082945450168099,1.35373978658156e-05,0.001802985757690209,0.000115772993706082,-0.0003802077231101596,0.003593661104685593
400,2,-1.584445654117463e-05,-6.515577175845146e-07,0.0006504324609290906,4.852761710820619e-05,0.0009906407308832943,0.000195788522786595,0.0003302052846205708,0.001246758405030548
400,3,0,0,0,0,0,0,0,0
450,0,-0.0001313534537970257,-2.24933117689087e-05,-7.204808252862501e-06,0.0006105328828403487,-0.001853759909918243,0.0003687224359421172,0.0007463528452377952,0.002126026010464543
450,1,-3.154306962618869e-05,-2.032335663626706e-06,0.003082938472785407,1.352276177319341e-05,0.001795121906076159,0.0001056264991698999,-0.0004004920890930995,0.003591615947748817
450,2,-2.132136480927296e-05,-7.550879872836252e-07,0.0006504056686519811,4.850214761831072e-05,0.0009588929703729461,0.0001328828110158797,0.0002044120114716833,0.001185222765315217
450,3,0,0,0,0,0,0,0,0
500,0,-0.0001443382485752401,-2.323897838281493e-05,-7.217805979339328e-06,0.0006104359174704079,-0.001883771614708863,0.0002322857873332826,0.0004734842105858277,0.002054457876723955
500,1,-3.204543527076191e-05,-2.04281135342974e-06,0.003082937318176245,1.352168728239272e-05,0.00179153261232274,0.0001001185067327308,-0.0004115066654200991,0.003590914504540887
500,2,-2.767210251709096e-05,-8.690005604199014e-07,0.0006503857486804083,4.844609632768627e-05,0.0009198336100283796,6.537436618995871e-05,6.943374808429682e-05,0.001131946937811694
500,3,0,0,0,0,0,0,0,0
550,0,-0.0001514009295221879,-2.368833674508883e-05,-7.222751986485732e-06,0.000610370365525741,-0.001892877238084167,0.000164554186256595,0.0003380215813379389,0.00202987892203898
550,1,-3.225900074364668e-05,-2.043849956279307e-06,0.003082936151528069,1.351797264387349e-05,0.001789398669911675,9.797099215941998e-05,-0.000415799324724773,0.003590286599153704
550,2,-3.194292293899408e-05,-9.439213313296636e-07,0.0006503754449499205,4.840051651809558e-05,0.0009007841889834124,2.449054411082602e-05,-1.232144533045736e-05,0.001112886261302013
550,3,0,0,0,0,0,0,0,0
600,0,-0.0001536515752243086,-2.377601667405013e-05,-7.224235299478097e-06,0.000610345525209587,-0.001896355921768915,0.0001446812264445243,0.0002982764867311533,0.002025540732028618
600,1,-3.271377276319817e-05,-2.047718845081996e-06,0.003082934394760751,1.350735283386342e-05,0.001785532541393834,9.395744001113238e-05,-0.0004238262492608629,0.003589195517317577
600,2,-3.539436012569763e-05,-9.893137905192941e-07,0.0006503684466275038,4.836914720028835e-05,0.0008869832656766007,-5.574200665927649e-06,-7.24431353220382e-05,0.001103898013132879
600,3,0,0,0,0,0,0,0,0
650,0,-0.0001551348723191223,-2.38379327051117e-05,-7.224836521838619e-06,0.0006103331767498752,-0.001897888893824447,0.0001330234872895157,0.0002749615099273542,0.002022986701380872
650,1,-3.317732783878169e-05,-2.050085192638833e-06,0.003082932989191668,1.350062790283804e-05,0.00178258031036871,9.027778381735105e-05,-0.0004311850455007934,0.003588513091150785
650,2,-3.682411745598269e-05,-9.99532665380117e-07,0.0006503658810146234,4.835855950354251e-05,0.0008804432724205306,-1.722722591061e-05,-9.574398740345977e-05,0.00110059774147697
650,3,0,0,0,0,0,0,0,0
700,0,-0.0001577805020617793,-2.397352912810953e-05,-7.225273618813586e-06,0.0006103203604707281,-0.001899880136864821,0.0001134223267405986,0.0002357599071422034,0.002018911700987973
700,1,-3.365734175219682e-05,-2.048242975879055e-06,0.003082931749276705,1.34987917644199e-05,0.001779635677780618,8.667750048331675e-05,-0.0004383823567701076,0.003587838154861165
700,2,-3.795008127399154e-05,-1.017514576556811e-06,0.0006503644322422914,4.834914583550106e-05,0.0008765865503302674,-2.560035906247716e-05,-0.0001124894276719665,0.001099302510037837
700,3,0,0,0,0,0,0,0,0
750,0,-0.0001585493715727376,-2.404147037287144e-05,-7.225140929047262e-06,0.0006103193274695818,-0.001899696131566766,0.0001079075875454347,0.0002247308129912771,0.002017238497975759
750,1,-3.403510387395397e-05,-2.053811069013624e-06,0.003082930425173825,1.349307541401706e-05,0.001777533846025713,8.409141494026661e-05,-0.0004435533363633761,0.003587372600945559
750,2,-3.883133233539246e-05,-1.019777782200123e-06,0.0006503630430180517,4.834400264651309e-05,0.0008716200181260918,-3.17600177575335e-05,-0.0001248060894754118,0.001096870483388757
750,3,0,0,0,0,0,0,0,0
800,0,-0.0001592789047313738,-2.41040808762201e-05,-7.225212876688084e-06,0.0006103139713474922,-0.001898934944098163,0.0001034117093314557,0.0002157391343970182,0.002015360365092232
800,1,-3.455731341640175e-05,-2.049363011311907e-06,0.003082928764190274,1.348891350504089e-05,0.001774823101677292,8.071153991315403e-05,-0.0004503108255097624,0.003586798204269717
800,2,-3.906784361157907e-05,-1.020402322799362e-06,0.0006503616516658838,4.833622673633459e-05,0.0008698231798494454,-3.329171853633528e-05,-0.0001278680957604753,0.001095848967256873
800,3,0,0,0,0,0,0,0,0
850,0,-0.0001604003000788588,-2.416097912979132e-05,-7.225181900933622e-06,0.0006103113359436868,-0.001899401378744461,9.652005460680725e-05,0.0002019558495199658,0.002014118175005071
850,1,-3.458598831237524e-05,-2.050360948170997e-06,0.003082928220220259,1.348751943598026e-05,0.001774508187288082,8.053487372705858e-05,-0.0004506628611524784,0.00358668243727255
850,2,-3.939908727038891e-05,-1.021393135371652e-06,0.0006503611202535822,4.833382880616989e-05,0.0008689459352167988,-3.528746744418083e-05,-0.0001318582903142383,0.001095699744217936
850,3,0,0,0,0,0,0,0,0
900,0,-0.0001607982945375087,-2.417561221870846e-05,-7.225204771748654e-06,0.0006103128826629501,-0.001899501359253706,9.416053281261343e-05,0.0001972370142352433,0.002013665471127551
900,1,-3.471766870541403e-05,-2.046346758845139e-06,0.003082927772166635,1.348569955178026e-05,0.001773883778533691,7.978890636306407e-05,-0.0004521534964809862,0.003586545375461976
900,2,-3.959286960949872e-05,-1.025616373919062e-06,0.0006503609362674817,4.833157883313517e-05,0.0008682839354604584,-3.64286885484818e-05,-0.0001341404722829841,0.00109549607227979
900,3,0,0,0,0,0,0,0,0
950,0,-0.0001606949400731407,-2.417268063546882e-05,-7.22549252502506e-06,0.0006103135656970486,-0.001898973221222592,9.476283409199168e-05,0.0001984423177920908,0.002013305908600738
950,1,-3.467482132428523e-05,-2.043922939359177e-06,0.003082927211336868,1.348487480974981e-05,0.001773321023221512,8.003761280878324e-05,-0.0004516555381826862,0.003586208966184126
950,2,-3.9798474266929e-05,-1.025407184476325e-06,0.0006503604298774233,4.832931620354423e-05,0.0008675554953865329,-3.751400161570988e-05,-0.0001363100507232369,0.001095230409269979
950,3,0,0,0,0,0,0,0,0
1000,0,-0.000161273687032645,-2.421752588449684e-05,-7.225419459798466e-06,0.0006103068966073255,-0.001898591558425473,9.18148592678674e-05,0.0001925458442522439,0.002012281337603557
1000,1,-3.494736776431298e-05,-2.045598150835192e-06,0.003082926492911374,1.348283552566765e-05,0.001771992489465523,7.861966682480893e-05,-0.0004544907881967751,0.003585881113732534
1000,2,-3.948409661358739e-05,-1.017138804367299e-06,0.0006503603665824194,4.833447708950855e-05,0.0008674699670021365,-3.589516905427596e-05,-0.000133072203751956,0.00109469889685566
1000,3,0,0,0,0,0,0,0,0
1050,0,-0.0001610513445325452,-2.421255929103562e-05,-7.225238750049189e-06,0.0006103079544789018,-0.001898292294123443,9.29553761574694e-05,0.0001948270996359415,0.002012253393987932
1050,1,-3.493188313295313e-05,-2.039324946922702e-06,0.003082926359025547,1.348341218816543e-05,0.001771487785379871,7.870244624348798e-05,-0.0004543246175467645,0.003585612226634108
1050,2,-3.991284027125509e-05,-1.021587620762547e-06,0.0006503599036298786,4.833113881262043e-05,0.0008668353009128309,-3.798794461815719e-05,-0.0001372571792047453,0.001094798628870337
1050,3,0,0,0,0,0,0,0,0
1100,0,-0.0001619280479314194,-2.424661040688585e-05,-7.225264075122047e-06,0.0006103036145116699,-0.001898487950583417,8.889491777158303e-05,0.0001867061501666394,0.002011553948711333
1100,1,-3.484736414288849e-05,-2.03576514139224e-06,0.003082926288441302,1.348416788583214e-05,0.001771336988025564,7.90978678989615e-05,-0.0004535334489494813,0.003585445382800176
1100,2,-4.021309026486937e-05,-1.023901383582821e-06,0.0006503595688677009,4.832898362273252e-05,0.0008662697637685406,-3.93764457952522e-05,-0.00014003369200883,0.00109476236849792
1100,3,0,0,0,0,0,0,0,0
1150,0,-0.0001636165470897497,-2.43214207092629e-05,-7.225289366216966e-06,0.0006103004541114341,-0.001898636879740676,8.137031113986421e-05,0.000171656907771387,0.002010171628919775
1150,1,-3.475804144531634e-05,-2.030634733072892e-06,0.003082926130948309,1.348471920568542e-05,0.001771080951176206,7.94975936760479e-05,-0.0004527336250541123,0.003585225648370355
1150,2,-4.04569359343173e-05,-1.024223627610967e-06,0.0006503594863511147,4.832808463650495e-05,0.0008658551090770346,-4.045828191479585e-05,-0.0001421971697870821,0.001094761551908227
1150,3,0,0,0,0,0,0,0,0
1200,0,-0.0001633886953562115,-2.431824942128591e-05,-7.225146618050225e-06,0.0006103016842096208,-0.001898325910561022,8.23101418810595e-05,0.0001735366664201791,0.00201005939919046
1200,1,-3.491125524852436e-05,-2.032096642540039e-06,0.003082925965796329,1.348385586085973e-05,0.001770474434990347,7.88520004371611e-05,-0.0004540246348471286,0.003585076426254438
1200,2,-4.081707224902404e-05,-1.029004106799595e-06,0.0006503592477385667,4.832669627272483e-05,0.0008649934220025079,-4.199709124236467e-05,-0.0001452743849371752,0.001094555496823915
1200,3,0,0,0,0,0,0,0,0
1250,0,-0.0001634995856103583,-2.43231747901748e-05,-7.225211301413295e-06,0.0006103006575645764,-0.001898188275944019,8.182451548188314e-05,0.000172565468696126,0.002009834732230544
1250,1,-3.471690965486222e-05,-2.028493426813239e-06,0.003082925896520794,1.348349522287759e-05,0.001770605249872406,7.962942449743095e-05,-0.0004524690831746635,0.003584959600056041
1250,2,-4.075790833979885e-05,-1.029657787220452e-06,0.0006503591200610301,4.832748826818393e-05,0.0008649085708434222,-4.17545762737002e-05,-0.0001447890184774042,0.001094412599930264
1250,3,0,0,0,0,0,0,0,0
1300,0,-0.000163629776216851,-2.433090028981756e-05,-7.225049997840857e-06,0.0006102999991621785,-0.001898073886992805,8.132170066815775e-05,0.0001715598271434141,0.00200963067762998
1300,1,-3.487968046839988e-05,-2.026408928905414e-06,0.003082925390181636,1.348253086956022e-05,0.001769849993324131,7.898334893293018e-05,-0.0004537609334619952,0.003584736781344253
1300,2,-4.083427794171069e-05,-1.031164488508074e-06,0.0006503590410036437,4.83259253110084e-05,0.0008646091350034346,-4.204843327235188e-05,-0.0001453762838138266,0.001094267823613183
1300,3,0,0,0,0,0,0,0,0
1350,0,-0.0001637410078325987,-2.433688429769887e-05,-7.225020231361626e-06,0.0006102994260005896,-0.001897959408726676,8.089640515939822e-05,0.0001707092156091684,0.002009441906030894
1350,1,-3.481966729094449e-05,-2.022952354900789e-06,0.003082925284512733,1.348261461181569e-05,0.001769699621290606,7.921412720495075e-05,-0.0004532990418260534,0.00358460851993862
1350,2,-4.100851801826522e-05,-1.033042555605839e-06,0.0006503589522980995,4.832462801027189e-05,0.0008643364350290701,-4.270847445696186e-05,-0.0001466962131607845,0.00109426051189765
1350,3,0,0,0,0,0,0,0,0
1400,0,-0.0001641363882077556,-2.435097550693781e-05,-7.225015763905436e-06,0.000610298550202003,-0.001897935469458194,7.945020530732178e-05,0.0001678168344778031,0.002009150098041086
1400,1,-3.499689655182096e-05,-2.024119896053501e-06,0.003082925082416423,1.348175083364702e-05,0.001769094563314317,7.856700126529211e-05,-0.0004545931166103265,0.003584461040454066
1400,2,-4.121533459556807e-05,-1.03487257805042e-06,0.00065035889283967,4.832414097280261e-05,0.0008640754685187407,-4.346425203862033e-05,-0.0001482077022880639,0.00109429555714265
1400,3,0,0,0,0,0,0,0,0
1450,0,-0.0001639196312905575,-2.434474112063691e-05,-7.224967965891383e-06,0.0006102999819279905,-0.001897898461641479,8.020487087405144e-05,0.0001693262160649729,0.002009254423786589
1450,1,-3.490656338656695e-05,-2.020308163862443e-06,0.003082925017776426,1.348225816450013e-05,0.001769050175832878,7.888491489372115e-05,-0.000453957319165931,0.003584364600367264
1450,2,-4.114011049020504e-05,-1.033931935017141e-06,0.0006503588305701879,4.832400841747347e-05,0.0008641249808267104,-4.319932281796074e-05,-0.0001476777149046602,0.001094249636717647
1450,3,0,0,0,0,0,0,0,0
1500,0,-0.0001638668381937681,-2.434450169352265e-05,-7.224963276210848e-06,0.0006103003416761717,-0.00189782984989691,8.03915324567485e-05,0.0001696995450225576,0.00200922437169124
1500,1,-3.503579025911859e-05,-2.020149020037207e-06,0.003082925001954936,1.348187710367548e-05,0.001768758062884507,7.845005129353361e-05,-0.0004548269840527616,0.003584322390254491
1500,2,-4.114419994601969e-05,-1.033661586178199e-06,0.0006503587401038531,4.832358687439824e-05,0.0008640708085924909,-4.321314550054995e-05,-0.0001477052468307604,0.001094211200669423
1500,3,0,0,0,0,0,0,0,0
1550,0,-0.0001646067864686089,-2.43711777596997e-05,-7.224964926633777e-06,0.0006102997604617242,-0.001897913237146579,7.797440202621363e-05,0.0001648652619103346,0.002008865989529182
1550,1,-3.504690613004559e-05,-2.01991910879408e-06,0.003082925002328008,1.348188095791249e-05,0.00176868711011283,7.841183005534202e-05,-0.0004549034374302671,0.003584296352529124
1550,2,-4.125647190603327e-05,-1.03413452442543e-06,0.0006503586893692041,4.832336152530904e-05,0.0008639147681489153,-4.35828419118711e-05,-0.0001484445754116984,0.001094206891186284
1550,3,0,0,0,0,0,0,0,0
1600,0,-0.000165642114118151,-2.442526932052903e-05,-7.22491581529931e-06,0.0006102992866414396,-0.001897867042108351,7.468462005728157e-05,0.0001582856983623064,0.002008253665933351
1600,1,-3.502114580823104e-05,-2.01833583013909e-06,0.003082924993090196,1.348188451057558e-05,0.001768655619361145,7.849389824873904e-05,-0.0004547392877449536,0.003584261519524239
1600,2,-4.126304330382328e-05,-1.031415714722869e-06,0.0006503586557876514,4.832327809603758e-05,0.0008638865764583108,-4.360219874174612e-05,-0.0001484832241310761,0.001094190869772396
1600,3,0,0,0,0,0,0,0,0
1650,0,-0.000165634964010573,-2.442613996762806e-05,-7.224900068446662e-06,0.0006102992321856643,-0.001897807635846475,7.470804722342759e-05,0.0001583325552779298,0.002008201494537308
1650,1,-3.498971290628342e-05,-2.017222314263565e-06,0.003082924942848403,1.348185734381619e-05,0.001768607897493063,7.859295295826157e-05,-0.0004545410719759096,0.003584214648476279
1650,2,-4.141602303900741e-05,-1.032652981614817e-06,0.0006503586337314093,4.832314383044097e-05,0.0008637135724164926,-4.407300565428902e-05,-0.0001494248253049333,0.001094207098979194
1650,3,0,0,0,0,0,0,0,0
1700,0,-0.0001660739522656089,-2.443862289776428e-05,-7.22490020779076e-06,0.0006102986082022551,-0.001897826033759318,7.340471662147909e-05,0.0001557258829595205,0.002008003200128751
1700,1,-3.493961181593163e-05,-2.016511534268706e-06,0.003082924924807794,1.348183286451973e-05,0.001768617886558799,7.874314685760739e-05,-0.0004542406080235205,0.00358418427768739
1700,2,-4.148067527613993e-05,-1.03379378432536e-06,0.0006503586211777529,4.832295299578106e-05,0.0008636628220145445,-4.426685222531726e-05,-0.0001498124997898634,0.001094230308713283
1700,3,0,0,0,0,0,0,0,0
1750,0,-0.0001669024283858537,-2.447047608802443e-05,-7.224899553505856e-06,0.0006102965417765093,-0.001897840381176972,7.099836258857813e-05,0.0001509131708884016,0.002007631180755769
1750,1,-3.493648955948474e-05,-2.015509847510432e-06,0.003082924915808318,1.348173558773193e-05,0.001768575522175866,7.875100824772548e-05,-0.0004542248473361015,0.003584161509358366
1750,2,-4.15524565605608e-05,-1.034111998775576e-06,0.0006503586177178874,4.832275100184429e-05,0.0008636064223142906,-4.447536099497929e-05,-0.0001502295124635632,0.001094254135359475
1750,3,0,0,0,0,0,0,0,0
1800,0,-0.00016723961566262,-2.447990230130842e-05,-7.224899911644696e-06,0.0006102964079334156,-0.00189783856709544,7.004817668684634e-05,0.0001490127972343625,0.002007482265657772
1800,1,-3.488799487754648e-05,-2.014771481105209e-06,0.003082924900546735,1.348175278732747e-05,0.00176854141759262,7.888655278771738e-05,-0.0004539537355286326,0.003584112827396991
1800,2,-4.163290227750603e-05,-1.034949941483347e-06,0.000650358614356507,4.83227216606472e-05,0.0008635412126689579,-4.470253850768688e-05,-0.0001506838655942418,0.001094277456885166
1800,3,0,0,0,0,0,0,0,0
1850,0,-0.0001681041379112805,-2.451257626964575e-05,-7.224900084539975e-06,0.0006102960192066102,-0.001897841853253373,6.767894812118814e-05,0.0001442743278844988,0.002007130419151792
1850,1,-3.446435105424806e-05,-2.009793899691358e-06,0.003082924941543003,1.348189530895992e-05,0.001768740934477657,8.004762862149102e-05,-0.0004516315710116412,0.003583939589269526
1850,2,-4.161173916079407e-05,-1.034699619035657e-06,0.0006503586050550989,4.832269407331582e-05,0.0008635561218509674,-4.464367357583585e-05,-0.0001505661185528441,0.001094269799731174
1850,3,0,0,0,0,0,0,0,0
1900,0,-0.0001687621183859325,-2.453552740198647e-05,-7.22490009222054e-06,0.0006102959207326781,-0.001897842567370092,6.592592413227723e-05,0.000140768278041544,0.002006879244211935
1900,1,-3.425233326373358e-05,-2.006962613283323e-06,0.003082924937565061,1.348191752738871e-05,0.0017688241920225,8.061318441816804e-05,-0.0004505004483903915,0.003583848956747441
1900,2,-4.164204884788642e-05,-1.034189492478607e-06,0.0006503586042954824,4.832269160042446e-05,0.0008635229868762235,-4.472476795310409e-05,-0.0001507283065328721,0.001094270443083973
1900,3,0,0,0,0,0,0,0,0
1950,0,-0.0001701176335641835,-2.4646989220408e-05,-7.22490009222054e-06,0.0006102957603494962,-0.001897842567370092,6.240337198136431e-05,0.0001337231695869299,0.002006400527075774
1950,1,-3.422175519709397e-05,-2.004798367852348e-06,0.003082924937565829,1.348191847075023e-05,0.001768823516552777,8.069295096720038e-05,-0.0004503409152923269,0.00358383007487359
1950,2,-4.16376028527089e-05,-1.03364996813305e-06,0.0006503586042954824,4.832269160042446e-05,0.0008635229868762235,-4.471333278032241e-05,-0.0001507054361873088,0.001094266656074569
1950,3,0,0,0,0,0,0,0,0
2000,0,-0.0001712339052339492,-2.484281035162886e-05,-7.22490009222054e-06,0.0006102957603490225,-0.001897842567370092,5.957423673609973e-05,0.0001280648990963852,0.00200604273344172
2000,1,-3.419139120797775e-05,-2.002841310559396e-06,0.003082924941784178,1.348191847100802e-05,0.001768832571103548,8.076984218666328e-05,-0.0004501871371325827,0.003583816668281172
2000,2,-4.163686684131489e-05,-1.03359136701976e-06,0.0006503586043169239,4.832269149950006e-05,0.0008635230275434123,-4.471150798590701e-05,-0.0001507017852435278,0.001094266082739472
2000,3,0,0,0,0,0,0,0,0
2050,0,-0.0001716799697765913,-2.492485896353299e-05,-7.22490009222054e-06,0.0006102956563376659,-0.001897842567370092,5.846903161581313e-05,0.0001258544876979777,0.002005909429210731
2050,1,-3.369859737848236e-05,-1.9980416325012e-06,0.003082925033775585,1.348223318054407e-05,0.001769063360661367,8.198453322695397e-05,-0.0004477578316338608,0.003583649234459165
2050,2,-4.16190818552302e-05,-1.031840161364069e-06,0.0006503585987866024,4.832265482881433e-05,0.0008635242670928098,-4.46683805965585e-05,-0.0001506155352202751,0.001094252741457362
2050,3,0,0,0,0,0,0,0,0
2100,0,-0.0001722992136682044,-2.495373950302897e-05,-7.22490009222054e-06,0.000610295238005832,-0.001897842567370092,5.698179373403152e-05,0.0001228800028800315,0.002005735529751281
2100,1,-3.342886223011695e-05,-1.995177573631914e-06,0.003082925042851138,1.348299507279815e-05,0.001769183291989305,8.263882541650137e-05,-0.0004464492501226766,0.003583557688891559
2100,2,-4.163993030063993e-05,-1.031974688001026e-06,0.0006503585917626754,4.832259276413812e-05,0.0008634982149853793,-4.471890420000353e-05,-0.0001507165806999607,0.001094248945620626
2100,3,0,0,0,0,0,0,0,0
2150,0,-0.0001731360988723023,-2.505561609839403e-05,-7.22490009222054e-06,0.000610295238005832,-0.001897842567370092,5.501160693376918e-05,0.0001189396292795068,0.002005516315609826
2150,1,-3.34068844487495e-05,-1.992949301331408e-06,0.003082925042851138,1.348299507279815e-05,0.001769183291989305,8.269075561070176e-05,-0.0004463453897342758,0.003583545742895567
2150,2,-4.163993030063993e-05,-1.031974688001026e-06,0.0006503585917626754,4.832259276413812e-05,0.0008634982149853793,-4.471890420000353e-05,-0.0001507165806999607,0.001094248945620626
2150,3,0,0,0,0,0,0,0,0
2200,0,-0.0001738654404559351,-2.520945867612869e-05,-7.22490009222054e-06,0.000610295238005832,-0.001897842567370092,5.333411980120567e-05,0.0001155846550143798,0.00200533985554501
2200,1,-3.338476256465806e-05,-1.98871617306318e-06,0.003082925042851138,1.348299507279815e-05,0.001769183291989305,8.274187308109166e-05,-0.000446243154793496,0.003583533981947635
2200,2,-4.16403495228882e-05,-1.032072524740069e-06,0.0006503585917626754,4.832259276413812e-05,0.0008634982149853793,-4.471986001908302e-05,-0.0001507184923381197,0.001094249264029363
2200,3,0,0,0,0,0,0,0,0
2250,0,-0.0001744998665388009,-2.539722170836294e-05,-7.22490009222054e-06,0.000610295238005832,-0.001897842567370092,5.190770336304859e-05,0.0001127318221380656,0.002005197492248431
2250,1,-3.337372506300702e-05,-1.985541384438897e-06,0.003082925042851138,1.348299507279815e-05,0.001769183291989305,8.276682366981841e-05,-0.0004461932536160424,0.003583528239908397
2250,2,-4.163656604437276e-05,-1.030840172100223e-06,0.0006503585917626754,4.832259276413812e-05,0.0008634982149853793,-4.471141316671839e-05,-0.0001507015986333904,0.001094246446964927
2250,3,0,0,0,0,0,0,0,0
2300,0,-0.0001749337860710222,-2.551635447259928e-05,-7.224900079206236e-06,0.0006102952267687995,-0.001897841669626089,5.09522955302243e-05,0.0001108210061431795,0.002005104937813524
2300,1,-3.32558246772074e-05,-1.977347375865996e-06,0.00308292504491202,1.348299380506329e-05,0.001769223227813508,8.302533262919422e-05,-0.0004456762252147178,0.003583488498217904
2300,2,-4.161848822903249e-05,-1.030801608769885e-06,0.0006503585898641946,4.832260999574134e-05,0.0008635147806415536,-4.467184170113367e-05,-0.0001506224542607397,0.001094246318118686
2300,3,0,0,0,0,0,0,0,0
2350,0,-0.0001752303907054687,-2.552701337390896e-05,-7.2249000724264e-06,0.0006102951072816615,-0.001897840846372204,5.031523505891537e-05,0.0001095468822421917,0.002005044053341062
2350,1,-3.309855226787875e-05,-1.975976934118336e-06,0.003082925046062514,1.348302503268948e-05,0.001769282853682098,8.336463841141565e-05,-0.0004449976164799442,0.003583440024361288
2350,2,-4.162945838325413e-05,-1.030908171020549e-06,0.0006503585894052782,4.832260010617427e-05,0.0008635086374707835,-4.469545631613852e-05,-0.0001506696830541292,0.001094249353330754
2350,3,0,0,0,0,0,0,0,0
2400,0,-0.0001755237335745261,-2.553897841651522e-05,-7.2249000724264e-06,0.0006102951072816615,-0.001897840846372204,4.969973959579117e-05,0.0001083158913159433,0.002004987633928377
2400,1,-3.292023901477163e-05,-1.97384620614106e-06,0.003082925048824733,1.348302503268948e-05,0.001769351687078384,8.374215512244775e-05,-0.0004442425834943599,0.003583387489644689
2400,2,-4.16420856461745e-05,-1.031011637571857e-06,0.0006503585891927752,4.832260010617427e-05,0.0008635032848572484,-4.472221940098849e-05,-0.0001507232091894803,0.001094254074772209
2400,3,0,0,0,0,0,0,0,0
2450,0,-0.0001759411735148633,-2.558370681255244e-05,-7.2249000724264e-06,0.0006102951072816615,-0.001897840846372204,4.883866844596433e-05,0.0001065937490162897,0.002004911334889584
2450,1,-3.29122452740101e-05,-1.973083803812405e-06,0.003082925048824733,1.348302503268948e-05,0.001769351687078384,8.375869404559131e-05,-0.0004442095056480728,0.003583383701738782
2450,2,-4.16420856461745e-05,-1.031011637571857e-06,0.0006503585891927752,4.832260010617427e-05,0.0008635032848572484,-4.472221940098849e-05,-0.0001507232091894803,0.001094254074772209
2450,3,0,0,0,0,0,0,0,0
2500,0,-0.0001763115099111632,-2.565251742072753e-05,-7.2249000724264e-06,0.0006102951072816615,-0.001897840846372204,4.809020116492302e-05,0.000105096814454207,0.002004847625966979
2500,1,-3.290713671265018e-05,-1.972213374479606e-06,0.003082925048824733,1.348302503268948e-05,0.001769351687078384,8.376906044445478e-05,-0.0004441887728503459,0.003583381326608766
2500,2,-4.16420856461745e-05,-1.031011637571857e-06,0.0006503585891927752,4.832260010617427e-05,0.0008635032848572484,-4.472221940098849e-05,-0.0001507232091894803,0.001094254074772209
2500,3,0,0,0,0,0,0,0,0
2550,0,-0.0001765653126365601,-2.57130008325572e-05,-7.2249000724264e-06,0.0006102951051975866,-0.001897840846372204,4.758647005388002e-05,0.0001040893522397364,0.002004806156761319
2550,1,-3.27979354457879e-05,-1.965970801412746e-06,0.00308292505232265,1.348303556012886e-05,0.001769385759912413,8.398424159240864e-05,-0.0004437584140872665,0.003583348865291678
2550,2,-4.164602253554988e-05,-1.030886255984712e-06,0.0006503585892906802,4.832259985958445e-05,0.000863501522021386,-4.472995843781399e-05,-0.0001507386872495147,0.001094255281819404
2550,3,0,0,0,0,0,0,0,0
2600,0,-0.000176851623892285,-2.572842498862461e-05,-7.2249000724264e-06,0.0006102950971457679,-0.001897840846372204,4.703051530493321e-05,0.0001029774424633636,0.002004761046781351
2600,1,-3.278097487305392e-05,-1.965373350892501e-06,0.003082925051933839,1.348303795846883e-05,0.001769389632771413,8.401730349504689e-05,-0.00044369229028199,0.003583343208717398
2600,2,-4.164546133358755e-05,-1.030878183539073e-06,0.0006503585892906802,4.832259995393819e-05,0.000863501522021386,-4.47288563845094e-05,-0.0001507364831381877,0.001094254911784989
2600,3,0,0,0,0,0,0,0,0
2650,0,-0.0001771200447907735,-2.576249714250083e-05,-7.2249000724264e-06,0.0006102950971457679,-0.001897840846372204,4.65190165671928e-05,0.0001019544449878828,0.002004720959939525
2650,1,-3.278097487305392e-05,-1.965373350892501e-06,0.003082925051933839,1.348303795846883e-05,0.001769389632771413,8.401730349504689e-05,-0.00044369229028199,0.003583343208717398
2650,2,-4.164394446057982e-05,-1.030657719193585e-06,0.0006503585892906802,4.832259995393819e-05,0.000863501522021386,-4.472598460675905e-05,-0.000150730739582687,0.001094253945290343
2650,3,0,0,0,0,0,0,0,0
2700,0,-0.0001773547425239626,-2.580927427216008e-05,-7.2249000724264e-06,0.0006102950971457679,-0.001897840846372204,4.608015610959365e-05,0.0001010767240726845,0.0020046877291016
2700,1,-3.277438647971438e-05,-1.964009376144109e-06,0.003082925051933839,1.348303795846883e-05,0.001769389632771413,8.402960382040555e-05,-0.0004436676896312727,0.003583340390138191
2700,2,-4.164152459790401e-05,-1.030173884033435e-06,0.0006503585892906802,4.832259995393819e-05,0.000863501522021386,-4.472146241403798e-05,-0.0001507216951972448,0.001094252422111266
2700,3,0,0,0,0,0,0,0,0
2750,0,-0.000177566699097716,-2.586628521299904e-05,-7.2249000724264e-06,0.0006102950971457679,-0.001897840846372204,4.569108547104323e-05,0.0001002985827955836,0.002004659238195232
2750,1,-3.277344427623397e-05,-1.963748179877496e-06,0.003082925051933839,1.348303795846883e-05,0.001769389632771413,8.403133199993676e-05,-0.0004436642332722103,0.003583339993959846
2750,2,-4.163443201594358e-05,-1.028176050402615e-06,0.0006503585892906802,4.832259995393819e-05,0.000863501522021386,-4.470852410654669e-05,-0.0001506958185822622,0.001094248057711307
2750,3,0,0,0,0,0,0,0,0
2800,0,-0.0001777171810961989,-2.588663925820628e-05,-7.2249000724264e-06,0.0006102950855090888,-0.001897840846372204,4.542000385936841e-05,9.975641931015916e-05,0.00200463961929056
2800,1,-3.272239752576639e-05,-1.962393440166985e-06,0.003082925052546047,1.34830330679586e-05,0.001769403344583429,8.412352551442928e-05,-0.000443479847621138,0.003583325636430308
2800,2,-4.163572063654281e-05,-1.028081610964671e-06,0.0006503585891815944,4.832259882578871e-05,0.0008635000122243979,-4.471089685109796e-05,-0.000150700564017144,0.001094247665598664
2800,3,0,0,0,0,0,0,0,0
2850,0,-0.0001778839310569351,-2.590014050041896e-05,-7.2249000724264e-06,0.000610295085509083,-0.001897840846372204,4.512467267805594e-05,9.916575694753412e-05,0.002004618607710167
2850,1,-3.26993386438299e-05,-1.962236261179286e-06,0.003082925053119222,1.348303306800008e-05,0.001769411170671648,8.416414482099259e-05,-0.0004433986098329044,0.003583320191361996
2850,2,-4.163367925210274e-05,-1.027881444315006e-06,0.0006503585891815944,4.832259882578871e-05,0.0008635000122243979,-4.470729590577972e-05,-0.0001506933621265075,0.001094246448783644
2850,3,0,0,0,0,0,0,0,0
2900,0,-0.0001779931657456415,-2.590477434114326e-05,-7.2249000724264e-06,0.000610295069882708,-0.001897840846372204,4.493504844575724e-05,9.878650804910295e-05,0.002004605374331851
2900,1,-3.263817613510459e-05,-1.961373802560557e-06,0.00308292505407079,1.348303635343511e-05,0.001769428222205489,8.427106191527668e-05,-0.0004431847757393499,0.003583304113479074
2900,2,-4.162744706545322e-05,-1.027843101856693e-06,0.0006503585890443608,4.832259869894386e-05,0.0008635018974963529,-4.469639453541643e-05,-0.000150671558733006,0.001094244251515502
2900,3,0,0,0,0,0,0,0,0
2950,0,-0.0001780718557231796,-2.590913669841873e-05,-7.2249000724264e-06,0.0006102950663249611,-0.001897840846372204,4.480020086365531e-05,9.851681288965128e-05,0.002004596127628935
2950,1,-3.25775108941033e-05,-1.960789163563072e-06,0.003082925059103166,1.348304534789043e-05,0.001769445290950034,8.437452654011255e-05,-0.0004429778522357889,0.003583288842311469
2950,2,-4.162644011971441e-05,-1.027510104863885e-06,0.0006503585886220297,4.83225982073932e-05,0.000863499938019829,-4.469462673357362e-05,-0.0001506680226812249,0.001094242107243081
2950,3,0,0,0,0,0,0,0,0
3000,0,-0.0001780841474359199,-2.590933019763045e-05,-7.2249000724264e-06,0.0006102950606808022,-0.001897840846372204,4.477949855298939e-05,9.847540814272153e-05,0.002004594723351831
3000,1,-3.243689506374283e-05,-1.959976554420806e-06,0.003082925062536849,1.34830999617603e-05,0.001769489175515116,8.461084327762014e-05,-0.00044250521789837,0.003583256414744064
3000,2,-4.163741449348428e-05,-1.027571880010698e-06,0.0006503585882694189,4.832259270927762e-05,0.0008634956236391857,-4.471306957678027e-05,-0.0001507049077826318,0.00109424495263007
3000,3,0,0,0,0,0,0,0,0
3050,0,-0.0001780862895899224,-2.590937291476954e-05,-7.224899981024701e-06,0.0006102950568644581,-0.001897840385681071,4.477604176673918e-05,9.846849464569121e-05,0.002004594060061495
3050,1,-3.232027547712417e-05,-1.959199954455222e-06,0.003082925067591373,1.348323652556071e-05,0.001769524267507798,8.480368740398446e-05,-0.0004421195312015582,0.003583229644788073
3050,2,-4.164920769180121e-05,-1.02763254657333e-06,0.0006503585879431438,4.832258428734628e-05,0.0008634909024594558,-4.473257293443654e-05,-0.0001507439142368621,0.001094247845318712
3050,3,0,0,0,0,0,0,0,0
3100,0,-0.0001781868091933825,-2.591353416970214e-05,-7.224899981024701e-06,0.0006102950213105482,-0.001897840385681071,4.461253422566919e-05,9.814147891455254e-05,0.002004583353232165
3100,1,-3.231082154373738e-05,-1.959098709612355e-06,0.003082925067765831,1.348325123793954e-05,0.001769525821828946,8.481909575272726e-05,-0.0004420887148970087,0.003583226889793959
3100,2,-4.165122211446957e-05,-1.027597230181976e-06,0.0006503585878892737,4.832258179232367e-05,0.0008634894874763306,-4.473588383714305e-05,-0.0001507505360140902,0.001094247852821957
3100,3,0,0,0,0,0,0,0,0
3150,0,-0.0001782473365768651,-2.591532979377346e-05,-7.224899839488782e-06,0.0006102949976715038,-0.001897839750878793,4.451592357477599e-05,9.794825720321954e-05,0.00200457655110304
3150,1,-3.227827374462617e-05,-1.958888245986521e-06,0.003082925068542385,1.348328697337763e-05,0.001769535292809723,8.487138898840618e-05,-0.0004419841280285018,0.003583219610360338
3150,2,-4.16537231395546e-05,-1.027614405256098e-06,0.0006503585874171232,4.832257726643106e-05,0.0008634877627579596,-4.473989503626258e-05,-0.0001507585577123932,0.001094247855701688
3150,3,0,0,0,0,0,0,0,0
3200,0,-0.0001783328813444359,-2.592209620322502e-05,-7.224899839488782e-06,0.0006102949976715038,-0.001897839750878793,4.438116356689473e-05,9.767873718745703e-05,0.002004568107696642
3200,1,-3.227541752400351e-05,-1.958656079951287e-06,0.003082925068542385,1.348328697337763e-05,0.001769535292809723,8.487588859133572e-05,-0.0004419751288226428,0.003583218581058908
3200,2,-4.165343170497558e-05,-1.027597388582596e-06,0.0006503585874171232,4.832257726643106e-05,0.0008634877627579596,-4.47394324416927e-05,-0.0001507576325232535,0.001094247698211894
3200,3,0,0,0,0,0,0,0,0
3250,0,-0.0001784100257702264,-2.593288376038444e-05,-7.224899839488782e-06,0.0006102949976715038,-0.001897839750878793,4.426152248680408e-05,9.743945502727571e-05,0.002004560820953197
3250,1,-3.227476704734466e-05,-1.95857197233498e-06,0.003082925068542385,1.348328697337763e-05,0.001769535292809723,8.48768999045491e-05,-0.000441973106196216,0.003583218349627069
3250,2,-4.165201631167072e-05,-1.02739826972869e-06,0.0006503585874171232,4.832257726643106e-05,0.0008634877627579596,-4.47372373634571e-05,-0.0001507532423667822,0.001094246949566073
3250,3,0,0,0,0,0,0,0,0
3300,0,-0.000178476523707043,-2.594578627114082e-05,-7.224899839488782e-06,0.0006102949943706511,-0.001897839750878793,4.415996091345522e-05,9.723633182663169e-05,0.002004554803207435
3300,1,-3.227041348817773e-05,-1.957765418715284e-06,0.003082925068542385,1.348328820978934e-05,0.001769535292809723,8.488355776232112e-05,-0.0004419597904806719,0.003583216825286945
3300,2,-4.165111725697289e-05,-1.027094430897766e-06,0.0006503585873414037,4.832257705961429e-05,0.0008634876078635318,-4.473586548373466e-05,-0.0001507504985288742,0.001094246358675815
3300,3,0,0,0,0,0,0,0,0
3350,0,-0.0001785284204736908,-2.595746894524153e-05,-7.224899839488782e-06,0.0006102949940501527,-0.001897839750878793,4.408183029469797e-05,9.708007058041047e-05,0.002004550282216175
3350,1,-3.225869561770535e-05,-1.957374376771457e-06,0.003082925068547603,1.34832882098686e-05,0.001769537961896575,8.490110250434387e-05,-0.0004419247010069936,0.0035832141255104
3350,2,-4.165101054950723e-05,-1.026837194085865e-06,0.0006503585872917883,4.832257705963124e-05,0.0008634873607198069,-4.473570474790302e-05,-0.0001507501770068356,0.001094246108451849
3350,3,0,0,0,0,0,0,0,0
3400,0,-0.0001785779644652016,-2.595927887811959e-05,-7.224899839488782e-06,0.0006102949918043038,-0.001897839750878793,4.400848172962702e-05,9.69333733825383e-05,0.002004546007231228
3400,1,-3.22434571814583e-05,-1.957238870785415e-06,0.003082925069083166,1.348329042779724e-05,0.001769541843950151,8.492381221873361e-05,-0.0004418792813257733,0.003583210842617897
3400,2,-4.165085358955557e-05,-1.02681315455121e-06,0.0006503585872841834,4.832257701136438e-05,0.0008634871123376441,-4.47354820181113e-05,-0.0001507497315286031,0.00109424583596824
3400,3,0,0,0,0,0,0,0,0
3450,0,-0.0001786280391856755,-2.596364159025504e-05,-7.224899839488782e-06,0.0006102949906527055,-0.001897839750878793,4.393535815625271e-05,9.678712619547339e-05,0.002004541854232682
3450,1,-3.224005386958604e-05,-1.956977509811626e-06,0.003082925069090681,1.348329046987906e-05,0.001769541891645802,8.492879478895336e-05,-0.0004418693161933143,0.003583209724625537
3450,2,-4.165066601297847e-05,-1.026797566012651e-06,0.0006503585872841834,4.832257701136438e-05,0.0008634871123376441,-4.473520746223146e-05,-0.0001507491824168434,0.001094245741940586
3450,3,0,0,0,0,0,0,0,0
3500,0,-0.0001786736269212331,-2.596999666366646e-05,-7.224899839488782e-06,0.0006102949906527055,-0.001897839750878793,4.386974464736097e-05,9.665589917768991e-05,0.002004538230574395
3500,1,-3.22385417001339e-05,-1.956736284196421e-06,0.003082925069090681,1.348329046987906e-05,0.001769541891645802,8.493096495177216e-05,-0.0004418649758676767,0.003583209227094212
3500,2,-4.165034763426303e-05,-1.026768645101946e-06,0.0006503585872841834,4.832257701136438e-05,0.0008634871123376441,-4.473474793143641e-05,-0.0001507482633552534,0.001094245584393888
3500,3,0,0,0,0,0,0,0,0
3550,0,-0.0001787141082746858,-2.597785468962814e-05,-7.224899839488782e-06,0.0006102949906527055,-0.001897839750878793,4.381230754126788e-05,9.654102496550371e-05,0.00200453514911396
3550,1,-3.22381612724745e-05,-1.956658786773435e-06,0.003082925069090681,1.348329046987906e-05,0.001769541891645802,8.49315033435913e-05,-0.0004418638990840385,0.003583209103606552
3550,2,-4.165026402767664e-05,-1.026749172585453e-06,0.0006503585872841834,4.832257701136438e-05,0.0008634871123376441,-4.473463023859633e-05,-0.0001507480279695732,0.001094245543954024
3550,3,0,0,0,0,0,0,0,0
3600,0,-0.00017874954884632,-2.598660664485146e-05,-7.224899839488782e-06,0.0006102949906527055,-0.001897839750878793,4.376271907436391e-05,9.644184803169582e-05,0.002004532565307778
3600,1,-3.223645928946539e-05,-1.956195236628432e-06,0.003082925069090681,1.348329046987906e-05,0.001769541891645802,8.493387411955221e-05,-0.0004418591575321167,0.003583208559533529
3600,2,-4.165004093073013e-05,-1.026703937475807e-06,0.0006503585872841834,4.832257701136438e-05,0.0008634871123376441,-4.473431812759114e-05,-0.0001507474037475628,0.00109424543666491
3600,3,0,0,0,0,0,0,0,0
3650,0,-0.0001787599843022375,-2.598904523466602e-05,-7.22489982443578e-06,0.0006102949897775047,-0.001897839524365676,4.374827678274284e-05,9.641296344408303e-05,0.002004531608049873
3650,1,-3.221348216213131e-05,-1.956083055978855e-06,0.003082925069696744,1.348329771907906e-05,0.001769546966350513,8.496550358770906e-05,-0.0004417958966301185,0.00358320380896418
3650,2,-4.163938926382611e-05,-1.026380975699223e-06,0.0006503585877747446,4.832258253291475e-05,0.000863491069516305,-4.471965051002808e-05,-0.0001507180678408481,0.001094243513629856
3650,3,0,0,0,0,0,0,0,0
3700,0,-0.0001787763321825299,-2.598936787670806e-05,-7.22489982443578e-06,0.0006102949812279278,-0.001897839524365676,4.37260378264476e-05,9.636848533784947e-05,0.002004530443539231
3700,1,-3.219018518930541e-05,-1.955936807384228e-06,0.003082925070821317,1.348331333029259e-05,0.00176955258694269,8.499724205661345e-05,-0.0004417324192986561,0.003583199303014073
3700,2,-4.16385888463556e-05,-1.026374290946281e-06,0.0006503585876343756,4.832258307491962e-05,0.0008634910355163542,-4.471855285644904e-05,-0.0001507158733269326,0.001094243109153306
3700,3,0,0,0,0,0,0,0,0
3750,0,-0.0001787931714346363,-2.598999850945699e-05,-7.22489982443578e-06,0.0006102949747884198,-0.001897839524365676,4.370339926947964e-05,9.632320808914241e-05,0.002004529281744838
3750,1,-3.217314802295504e-05,-1.955840012838549e-06,0.003082925071132338,1.348332175162593e-05,0.001769556565111811,8.502004610989675e-05,-0.0004416868111393429,0.00358319603363407
3750,2,-4.163928725826195e-05,-1.026376407476642e-06,0.0006503585876220363,4.832258293567137e-05,0.0008634908019713956,-4.471948909777271e-05,-0.0001507177457964343,0.001094243247591475
3750,3,0,0,0,0,0,0,0,0
3800,0,-0.0001788154501142972,-2.599084762501495e-05,-7.22489982443578e-06,0.0006102949693459959,-0.001897839524365676,4.367390210199687e-05,9.626421368752331e-05,0.002004527801491557
3800,1,-3.216482016746521e-05,-1.955755716484595e-06,0.003082925071118069,1.348332640198257e-05,0.001769558232198446,8.503112886410746e-05,-0.0004416646455347694,0.00358319431289856
3800,2,-4.163981012678328e-05,-1.026378290010491e-06,0.0006503585875237213,4.832258227627471e-05,0.0008634905800250027,-4.472018577162681e-05,-0.0001507191389308753,0.001094243312618777
3800,3,0,0,0,0,0,0,0,0
3850,0,-0.0001788340841231287,-2.599238438235075e-05,-7.22489982443578e-06,0.0006102949693459959,-0.001897839524365676,4.364951603333543e-05,9.621544155020043e-05,0.002004526610989169
3850,1,-3.215932135386197e-05,-1.955626381175962e-06,0.003082925071293756,1.348332676703605e-05,0.001769559374751945,8.503828084578304e-05,-0.0004416503418181382,0.003583193234553027
3850,2,-4.16376852108381e-05,-1.026256764083456e-06,0.0006503585874683227,4.832258223430481e-05,0.0008634907068336584,-4.471741682934419e-05,-0.0001507136011919063,0.00109424245577498
3850,3,0,0,0,0,0,0,0,0
3900,0,-0.0001788429298934759,-2.599251669217858e-05,-7.22489982443578e-06,0.0006102949657465001,-0.001897839524365676,4.363808453675939e-05,9.619257851685929e-05,0.002004526054636897
3900,1,-3.214724278376101e-05,-1.955552907048666e-06,0.003082925072289682,1.348333048864351e-05,0.001769562010273515,8.505387958139906e-05,-0.000441619144908013,0.003583190953709215
3900,2,-4.163760764747691e-05,-1.026257885953694e-06,0.0006503585875026652,4.83225821976716e-05,0.0008634907134631161,-4.471732481445041e-05,-0.000150713417007135,0.001094242428946225
3900,3,0,0,0,0,0,0,0,0
3950,0,-0.0001788556199468606,-2.599283945482417e-05,-7.22489982443578e-06,0.0006102949634131653,-0.001897839524365676,4.362189579213584e-05,9.616020092773895e-05,0.002004525284528471
3950,1,-3.213919941169852e-05,-1.955514753621719e-06,0.003082925072591736,1.348333033970512e-05,0.001769563964128913,8.506408986132667e-05,-0.0004415987246948833,0.003583189572401703
3950,2,-4.163732957942824e-05,-1.026251727065284e-06,0.000650358587484429,4.832258214716857e-05,0.0008634905920575452,-4.471696819956955e-05,-0.0001507127037649817,0.001094242209732483
3950,3,0,0,0,0,0,0,0,0
4000,0,-0.0001788683969873858,-2.599315348555146e-05,-7.224899824406269e-06,0.0006102949632459369,-0.001897839503013808,4.360581342263582e-05,9.612803618160346e-05,0.002004524515767735
4000,1,-3.213268821642642e-05,-1.955471572002195e-06,0.003082925072629163,1.348333035004902e-05,0.001769565478686098,8.507227134524238e-05,-0.0004415823617291627,0.003583188439653104
4000,2,-4.16368392723497e-05,-1.026231224081021e-06,0.0006503585875150143,4.8322582155728e-05,0.0008634905387770874,-4.471634655792703e-05,-0.000150711460481553,0.001094241952386836
4000,3,0,0,0,0,0,0,0,0
4050,0,-0.0001788826784844344,-2.599381986304884e-05,-7.224899824406269e-06,0.0006102949632459369,-0.001897839503013808,4.358806784049297e-05,9.609254501731776e-05,0.002004523711194094
4050,1,-3.213268821642642e-05,-1.955471572002195e-06,0.003082925072629163,1.348333035004902e-05,0.001769565478686098,8.507227134524238e-05,-0.0004415823617291627,0.003583188439653104
4050,2,-4.163686947758311e-05,-1.026232633806898e-06,0.0006503585875150143,4.8322582155728e-05,0.0008634905387770874,-4.471638408956014e-05,-0.0001507115355448193,0.001094241965409799
4050,3,0,0,0,0,0,0,0,0
4100,0,-0.0001788954063610371,-2.599503194895347e-05,-7.224899824406269e-06,0.0006102949632459369,-0.001897839503013808,4.357244710385978e-05,9.606130354405137e-05,0.002004523025766689
4100,1,-3.213122281987161e-05,-1.955341969490234e-06,0.003082925072629163,1.348333035004902e-05,0.001769565478686098,8.507407293308066e-05,-0.0004415787585534862,0.003583188025171662
4100,2,-4.163670650148167e-05,-1.026216146233429e-06,0.0006503585875150143,4.8322582155728e-05,0.0008634905387770874,-4.471618437550518e-05,-0.0001507111361167093,0.001094241896017891
4100,3,0,0,0,0,0,0,0,0
4150,0,-0.0001789066220419859,-2.599662772268237e-05,-7.224899824406269e-06,0.0006102949632459369,-0.001897839503013808,4.355884818766777e-05,9.603410571166736e-05,0.00200452244869426
4150,1,-3.213081464348667e-05,-1.955280718892202e-06,0.003082925072629163,1.348333035004902e-05,0.001769565478686098,8.507456684508767e-05,-0.0004415777707294722,0.003583187911469206
4150,2,-4.163603333733709e-05,-1.026125662575868e-06,0.0006503585875150143,4.8322582155728e-05,0.0008634905387770874,-4.471536650502261e-05,-0.0001507095003757442,0.001094241611605679
4150,3,0,0,0,0,0,0,0,0
4200,0,-0.0001789167238152678,-2.59985332974149e-05,-7.224899824406269e-06,0.0006102949632459369,-0.001897839503013808,4.354674712022835e-05,9.60099035767885e-05,0.002004521952761934
4200,1,-3.21297323673544e-05,-1.95506640078874e-06,0.003082925072629163,1.348333035004902e-05,0.001769565478686098,8.50758601254178e-05,-0.0004415751841688119,0.003583187613597263
4200,2,-4.163570051359386e-05,-1.026062676489628e-06,0.0006503585875150143,4.8322582155728e-05,0.0008634905387770874,-4.47149678742418e-05,-0.0001507087031141826,0.00109424147278674
4200,3,0,0,0,0,0,0,0,0
4250,0,-0.000178925721550287,-2.600063793581771e-05,-7.224899824406269e-06,0.0006102949632459369,-0.001897839503013808,4.353609667396905e-05,9.598860268426991e-05,0.002004521531713934
4250,1,-3.212913139691921e-05,-1.95492954487058e-06,0.003082925072629163,1.348333035004902e-05,0.001769565478686098,8.507657265090191e-05,-0.0004415737591178437,0.003583187449435175
4250,2,-4.163545778875419e-05,-1.026003369465462e-06,0.0006503585875150143,4.8322582155728e-05,0.0008634905387770874,-4.471468136160298e-05,-0.0001507081300889049,0.001094241372865522
4250,3,0,0,0,0,0,0,0,0
4300,0,-0.0001789331918153259,-2.60027051154377e-05,-7.224899824406269e-06,0.0006102949632459342,-0.001897839503013808,4.352735482909112e-05,9.597111899451394e-05,0.002004521198353
4300,1,-3.212845549910401e-05,-1.95481111314322e-06,0.003082925072679119,1.348333035005201e-05,0.001769565538066438,8.507736205329697e-05,-0.0004415721808126042,0.003583187296919327
4300,2,-4.16354563098056e-05,-1.025977891952629e-06,0.0006503585874955904,4.832258214231903e-05,0.0008634905156885701,-4.471467842773977e-05,-0.0001507081242208423,0.001094241353625467
4300,3,0,0,0,0,0,0,0,0
4350,0,-0.0001789384133208036,-2.60031172625709e-05,-7.224899786888731e-06,0.0006102949623294937,-0.001897839476599247,4.35213228692041e-05,9.595905504297916e-05,0.002004520935989035
4350,1,-3.212596736419955e-05,-1.954767337293549e-06,0.003082925072948848,1.348333170343298e-05,0.001769565995925653,8.508024347466849e-05,-0.0004415664179574783,0.003583186859177004
4350,2,-4.163388487807985e-05,-1.025957903816557e-06,0.0006503585874844974,4.832258331637689e-05,0.0008634909024506675,-4.471286014167857e-05,-0.0001507044875643475,0.001094241023898305
4350,3,0,0,0,0,0,0,0,0
4400,0,-0.0001789452821873075,-2.600347815604886e-05,-7.224899786888731e-06,0.0006102949619858628,-0.001897839476599247,4.351347131760394e-05,9.594335193315981e-05,0.002004520631622519
4400,1,-3.212596736419955e-05,-1.954767337293549e-06,0.003082925072948848,1.348333170343298e-05,0.001769565995925653,8.508024347466849e-05,-0.0004415664179574783,0.003583186859177004
4400,2,-4.163385366483882e-05,-1.025952520231617e-06,0.0006503585874819897,4.832258330916792e-05,0.0008634908856590437,-4.471282454042317e-05,-0.0001507044163590442,0.001094240998191688
4400,3,0,0,0,0,0,0,0,0
4450,0,-0.0001789485485774348,-2.600380756157801e-05,-7.224899786888731e-06,0.0006102949620175911,-0.001897839476599247,4.350976716822073e-05,9.593594363439341e-05,0.00200452049252314
4450,1,-3.212179147826579e-05,-1.9547474548382e-06,0.003082925073091329,1.348333182275879e-05,0.001769566920308246,8.508494577896524e-05,-0.0004415570135302845,0.003583186231094165
4450,2,-4.163377842718848e-05,-1.025891581577991e-06,0.0006503585874757099,4.832258330891943e-05,0.0008634908554519013,-4.471273983236311e-05,-0.000150704246928115,0.001094240944634797
4450,3,0,0,0,0,0,0,0,0
4500,0,-0.0001789514863989427,-2.600387042221691e-05,-7.224899786888731e-06,0.0006102949619751357,-0.001897839476599247,4.350649305241784e-05,9.592939540022822e-05,0.002004520371143323
4500,1,-3.211594828673437e-05,-1.954712814884777e-06,0.003082925073220201,1.348333284322261e-05,0.001769568048015281,8.509148955109502e-05,-0.0004415439260630719,0.003583185278377984
4500,2,-4.163410593156544e-05,-1.025893070941976e-06,0.000650358587466658,4.832258324337273e-05,0.0008634907820275206,-4.471310695625003e-05,-0.0001507049811719221,0.001094241015273355
4500,3,0,0,0,0,0,0,0,0
4550,0,-0.0001789565301550816,-2.600414453018207e-05,-7.224899786888731e-06,0.0006102949619751357,-0.001897839476599247,4.350091835190872e-05,9.591824599920999e-05,0.002004520170454412
4550,1,-3.211546438974285e-05,-1.954679521880525e-06,0.003082925073220201,1.348333284322261e-05,0.001769568048015281,8.509202279818176e-05,-0.0004415428595688984,0.00358318515526565
4550,2,-4.163411352870984e-05,-1.025893514197378e-06,0.000650358587466658,4.832258324337273e-05,0.0008634907820275206,-4.47131153545967e-05,-0.0001507049979686155,0.001094241018219339
4550,3,0,0,0,0,0,0,0,0
4600,0,-0.0001789610419767167,-2.600458447268107e-05,-7.224899786888731e-06,0.0006102949616978471,-0.001897839476599247,4.349598619626146e-05,9.590838168182942e-05,0.002004519999860368
4600,1,-3.21145494813998e-05,-1.954632110406931e-06,0.003082925073224288,1.34833331299741e-05,0.001769568099946272,8.50930225987664e-05,-0.0004415408599729811,0.003583184950031254
4600,2,-4.163380840139777e-05,-1.025811448566559e-06,0.000650358587466658,4.832258332483364e-05,0.0008634907820275206,-4.471278166653943e-05,-0.0001507043305925009,0.001094240900986678
4600,3,0,0,0,0,0,0,0,0
4650,0,-0.0001789636999721997,-2.600488244412002e-05,-7.224899786888731e-06,0.0006102949615983859,-0.001897839476599247,4.349310812933307e-05,9.590262554653509e-05,0.002004519903150864
4650,1,-3.211267488444314e-05,-1.954600965257174e-06,0.003082925073280185,1.34833332455732e-05,0.001769568419577779,8.509504352229567e-05,-0.0004415368182037548,0.003583184641058394
4650,2,-4.163375046463281e-05,-1.025807310806672e-06,0.000650358587462602,4.832258331139615e-05,0.0008634907838433547,-4.471271910667666e-05,-0.0001507042054553729,0.00109424088041751
4650,3,0,0,0,0,0,0,0,0
4700,0,-0.0001789675412311816,-2.600500826790024e-05,-7.224899786888731e-06,0.0006102949610749353,-0.001897839476599247,4.348899859869195e-05,9.589440647479135e-05,0.002004519765203254
4700,1,-3.211217806247948e-05,-1.954594375641585e-06,0.003082925073290229,1.348333360212353e-05,0.001769568441686791,8.509557676874844e-05,-0.000441535751708923,0.00358318452877636
4700,2,-4.163375488457172e-05,-1.025807345011872e-06,0.0006503585874619165,4.832258331055083e-05,0.0008634907828928302,-4.471272385929915e-05,-0.0001507042149606179,0.001094240881338496
4700,3,0,0,0,0,0,0,0,0
4750,0,-0.0001789708045018233,-2.600525349663305e-05,-7.224899786888731e-06,0.0006102949610749353,-0.001897839476599247,4.348554476618857e-05,9.58874988097846e-05,0.002004519654364594
4750,1,-3.211206154485266e-05,-1.954587837611787e-06,0.003082925073290229,1.348333360212353e-05,0.001769568441686791,8.509570064460091e-05,-0.0004415355039572181,0.003583184500141408
4750,2,-4.163374365076111e-05,-1.025806479755295e-06,0.0006503585874619165,4.832258331055083e-05,0.0008634907828928302,-4.471271196915244e-05,-0.0001507041911803245,0.001094240877149269
4750,3,0,0,0,0,0,0,0,0
4800,0,-0.0001789736931497772,-2.600558889622158e-05,-7.224899786888731e-06,0.0006102949610749353,-0.001897839476599247,4.348251935968761e-05,9.588144799678265e-05,0.00200451956156138
4800,1,-3.211184118859531e-05,-1.954562180212081e-06,0.003082925073290229,1.348333360212353e-05,0.001769568441686791,8.509593119677388e-05,-0.0004415350428528721,0.003583184446808673
4800,2,-4.163372926729624e-05,-1.025805003130709e-06,0.0006503585874619165,4.832258331055083e-05,0.0008634907828928302,-4.471269684234753e-05,-0.0001507041609267147,0.001094240871815838
4800,3,0,0,0,0,0,0,0,0
4850,0,-0.0001789762728121434,-2.600599241977865e-05,-7.224899786888731e-06,0.0006102949610749353,-0.001897839476599247,4.347984565332824e-05,9.587610058406393e-05,0.002004519483352955
4850,1,-3.211176427439117e-05,-1.954551928785533e-06,0.003082925073290229,1.348333360212353e-05,0.001769568441686791,8.509601130812004e-05,-0.0004415348826301798,0.003583184428273022
4850,2,-4.163371927622291e-05,-1.025803599609359e-06,0.0006503585874619165,4.832258331055083e-05,0.0008634907828928302,-4.471268643866454e-05,-0.0001507041401193487,0.001094240868143577
4850,3,0,0,0,0,0,0,0,0
4900,0,-0.0001789780840870941,-2.600626696127778e-05,-7.224899786888731e-06,0.0006102949610749353,-0.001897839476599247,4.347798642807784e-05,9.587238213356313e-05,0.002004519430460439
4900,1,-3.211053144719665e-05,-1.954522739711267e-06,0.003082925073300782,1.348333360212353e-05,0.001769568666171282,8.509727359530116e-05,-0.0004415323580664654,0.003583184246972086
4900,2,-4.163379952141205e-05,-1.02580468962667e-06,0.000650358587461183,4.832258331055083e-05,0.0008634907672904087,-4.471276855383388e-05,-0.0001507043043489469,0.001094240884858991
4900,3,0,0,0,0,0,0,0,0
4950,0,-0.0001789802507546172,-2.600634072695163e-05,-7.224899786888731e-06,0.0006102949610749353,-0.001897839476599247,4.347578628599664e-05,9.586798184940072e-05,0.002004519366702189
4950,1,-3.211046528562062e-05,-1.95450740441899e-06,0.003082925073300782,1.348333360212353e-05,0.001769568666171282,8.509734068488074e-05,-0.0004415322238873063,0.003583184231430116
4950,2,-4.16337418505312e-05,-1.025790506375969e-06,0.000650358587461183,4.832258331055083e-05,0.0008634907672904087,-4.471271004583248e-05,-0.0001507041873329441,0.001094240864144661
4950,3,0,0,0,0,0,0,0,0
5000,0,-0.0001789821691146608,-2.600648249937542e-05,-7.224899786888731e-06,0.0006102949610749353,-0.001897839476599247,4.3473857872682e-05,9.586412502277145e-05,0.002004519313552899
5000,1,-3.211046528562062e-05,-1.95450740441899e-06,0.003082925073300782,1.348333360212353e-05,0.001769568666171282,8.509734068488074e-05,-0.0004415322238873063,0.003583184231430116
5000,2,-4.163373111137149e-05,-1.025789695220517e-06,0.000650358587461183,4.832258331055083e-05,0.0008634907672904087,-4.471269925487617e-05,-0.0001507041657510315,0.001094240860321992
5000,3,0,0,0,0,0,0,0,0
5050,0,-0.0001789838076332172,-2.600665272278091e-05,-7.224899786888731e-06,0.000610294961074935,-0.001897839476599247,4.347222737641203e-05,9.586086403023147e-05,0.002004519270751795
5050,1,-3.21103918742314e-05,-1.954504468921706e-06,0.003082925073301549,1.348333360212366e-05,0.001769568676127748,8.509741388488986e-05,-0.000441532077487288,0.003583184219386867
5050,2,-4.163374519800118e-05,-1.025788952473411e-06,0.0006503585874608666,4.832258331055078e-05,0.0008634907631808559,-4.471271336313928e-05,-0.0001507041939672029,0.001094240862076692
5050,3,0,0,0,0,0,0,0,0
5100,0,-0.0001789853060137967,-2.600686215021949e-05,-7.224899786888731e-06,0.000610294961074935,-0.001897839476599247,4.347075079421296e-05,9.585791086583333e-05,0.002004519234012689
5100,1,-3.211027146522457e-05,-1.954489228966985e-06,0.003082925073301549,1.348333360212366e-05,0.001769568676127748,8.509753279586547e-05,-0.0004415318396653367,0.003583184191818335
5100,2,-4.163374519800118e-05,-1.025788952473411e-06,0.0006503585874608666,4.832258331055078e-05,0.0008634907631808559,-4.471271336313928e-05,-0.0001507041939672029,0.001094240862076692
5100,3,0,0,0,0,0,0,0,0
5150,0,-0.0001789866110220766,-2.600709296874626e-05,-7.224899786888731e-06,0.000610294961074935,-0.001897839476599247,4.346947724756197e-05,9.585536377253138e-05,0.002004519204112269
5150,1,-3.211010818280169e-05,-1.954456166797389e-06,0.003082925073301549,1.348333360212366e-05,0.001769568676127748,8.509769155618324e-05,-0.0004415315221447013,0.003583184154981562
5150,2,-4.163362385672516e-05,-1.025757922434864e-06,0.0006503585874608666,4.832258331055078e-05,0.0008634907631808559,-4.471259496323368e-05,-0.0001507039571673916,0.001094240819979574
5150,3,0,0,0,0,0,0,0,0
5200,0,-0.0001789877717855012,-2.600732557995056e-05,-7.224899786888731e-06,0.0006102949609695263,-0.001897839476599247,4.34683556314197e-05,9.585312053839097e-05,0.002004519179152705
5200,1,-3.210997485884795e-05,-1.954446501333726e-06,0.003082925073301549,1.348333360212366e-05,0.001769568676127748,8.509782010148663e-05,-0.0004415312650540945,0.003583184125154854
5200,2,-4.163359761965569e-05,-1.025747067635604e-06,0.0006503585874578495,4.832258329724789e-05,0.0008634907584144018,-4.471256952177526e-05,-0.0001507039062812958,0.001094240807159581
5200,3,0,0,0,0,0,0,0,0
5250,0,-0.0001789888127701127,-2.600756309705964e-05,-7.224899786888731e-06,0.0006102949609695263,-0.001897839476599247,4.346735925867916e-05,9.58511277929099e-05,0.002004519158290942
5250,1,-3.210993231660964e-05,-1.954435001004625e-06,0.003082925073301549,1.348333360212366e-05,0.001769568676127748,8.509786072623675e-05,-0.0004415311838045943,0.003583184115720335
5250,2,-4.163359761965569e-05,-1.025747067635604e-06,0.0006503585874578495,4.832258329724789e-05,0.0008634907584144018,-4.471256952177526e-05,-0.0001507039062812958,0.001094240807159581
5250,3,0,0,0,0,0,0,0,0
5300,0,-0.0001789893097294442,-2.600763226473879e-05,-7.224899786729693e-06,0.0006102949609657707,-0.001897839465169531,4.346688775249567e-05,9.585018478030965e-05,0.002004519137423951
5300,1,-3.210906735247747e-05,-1.954432455526361e-06,0.003082925073308667,1.348333361080886e-05,0.001769568841123562,8.509867956608529e-05,-0.0004415295461310509,0.003583184007105824
5300,2,-4.16336493987355e-05,-1.025748532372815e-06,0.0006503585874525588,4.832258325602321e-05,0.0008634907453295216,-4.471261881131748e-05,-0.0001507040048490891,0.001094240814389769
5300,3,0,0,0,0,0,0,0,0
5350,0,-0.0001789901458157123,-2.600765232688902e-05,-7.224899786729693e-06,0.0006102949608164031,-0.001897839465169531,4.346610257130003e-05,9.584861441499346e-05,0.002004519120179824
5350,1,-3.210894123322734e-05,-1.954430556829142e-06,0.003082925073309533,1.348333363557795e-05,0.00176956885653102,8.509879827771225e-05,-0.000441529308707797,0.003583183987147916
5350,2,-4.163365241287065e-05,-1.025747306319533e-06,0.0006503585874498383,4.832258323083286e-05,0.0008634907342578056,-4.471262165204622e-05,-0.0001507040105296866,0.001094240806662061
5350,3,0,0,0,0,0,0,0,0
5400,0,-0.0001789908618512614,-2.600769588594175e-05,-7.224899786729693e-06,0.0006102949608125163,-0.001897839465169531,4.346543635072999e-05,9.584728197371492e-05,0.002004519106522936
5400,1,-3.21088853138008e-05,-1.954429804710123e-06,0.003082925073309533,1.348333364552396e-05,0.00176956885653102,8.509885052909194e-05,-0.0004415292042050376,0.003583183975010291
5400,2,-4.163368361303287e-05,-1.025733187935462e-06,0.0006503585874498383,4.832258322536858e-05,0.0008634907342578056,-4.471265079568149e-05,-0.0001507040688169571,0.001094240817054149
5400,3,0,0,0,0,0,0,0,0
5450,0,-0.0001789914985231744,-2.600775790151906e-05,-7.224899786729693e-06,0.0006102949607832899,-0.001897839465169531,4.346484946373377e-05,9.58461081988263e-05,0.002004519095319319
5450,1,-3.210860771604604e-05,-1.954361684045061e-06,0.003082925073323335,1.348333374707081e-05,0.001769568865973792,8.50991059878069e-05,-0.0004415286933015919,0.003583183920273419
5450,2,-4.163365659224099e-05,-1.025715407089588e-06,0.0006503585874468537,4.832258320949884e-05,0.0008634907314352542,-4.471262583846712e-05,-0.0001507040188993244,0.001094240805884889
5450,3,0,0,0,0,0,0,0,0
5500,0,-0.0001789920556499446,-2.600783181803304e-05,-7.224899786729693e-06,0.0006102949607762745,-0.001897839465169531,4.346434056409911e-05,9.584509039929799e-05,0.0020045190863239
5500,1,-3.210856496091099e-05,-1.954355790827997e-06,0.003082925073323335,1.348333374707081e-05,0.001769568865973792,8.509914497460317e-05,-0.0004415286153279994,0.003583183911204904
5500,2,-4.163362463872093e-05,-1.025712056423678e-06,0.0006503585874445121,4.832258319874002e-05,0.0008634907299695474,-4.471259695116884e-05,-0.0001507039611207477,0.001094240794369568
5500,3,0,0,0,0,0,0,0,0
5550,0,-0.0001789924998545008,-2.600787971911002e-05,-7.224899786729693e-06,0.0006102949607596406,-0.001897839465169531,4.34639385760471e-05,9.5844286422851e-05,0.002004519079447389
5550,1,-3.210837399546592e-05,-1.954355117415382e-06,0.003082925073324127,1.348333379356169e-05,0.001769568900578312,8.509931799732077e-05,-0.000441528269282797,0.003583183888052457
5550,2,-4.163365320265613e-05,-1.025711601455662e-06,0.0006503585874425124,4.832258318488159e-05,0.0008634907276109787,-4.471262282325795e-05,-0.0001507040128641336,0.001094240801776461
5550,3,0,0,0,0,0,0,0,0
5600,0,-0.0001789928618030088,-2.60079022432787e-05,-7.224899786729693e-06,0.0006102949607151129,-0.001897839465169531,4.346361377080011e-05,9.584363681125699e-05,0.002004519073942903
5600,1,-3.210791206883748e-05,-1.954353379565968e-06,0.003082925073324188,1.348333397091368e-05,0.001769568982080361,8.509973179973953e-05,-0.0004415274416784018,0.003583183832011533
5600,2,-4.163363735265642e-05,-1.025711067540486e-06,0.0006503585874408032,4.832258316115592e-05,0.0008634907240954594,-4.471260863359386e-05,-0.0001507039844830583,0.00109424079390807
5600,3,0,0,0,0,0,0,0,0
5650,0,-0.0001789931082953218,-2.600790680193165e-05,-7.224899786708848e-06,0.0006102949607015973,-0.00189783946040664,4.346339455537841e-05,9.584319837979918e-05,0.002004519065782774
5650,1,-3.210747610840365e-05,-1.954351272492516e-06,0.003082925073329941,1.348333404592039e-05,0.001769569053491527,8.510011926449954e-05,-0.0004415266667488808,0.003583183777089653
5650,2,-4.163369032797772e-05,-1.0257112295624e-06,0.000650358587440099,4.832258314421581e-05,0.0008634907162830992,-4.47126556887492e-05,-0.0001507040785924604,0.001094240804641696
5650,3,0,0,0,0,0,0,0,0
5700,0,-0.0001789934863057264,-2.600791886143172e-05,-7.224899786708848e-06,0.0006102949606829923,-0.00189783946040664,4.346306145915501e-05,9.584253218727136e-05,0.002004519060612645
5700,1,-3.21074495560052e-05,-1.954350566853672e-06,0.003082925073329941,1.34833340466266e-05,0.001769569053491527,8.510014271379923e-05,-0.0004415266198502814,0.00358318377162933
5700,2,-4.163371074429049e-05,-1.02571192646636e-06,0.0006503585874398164,4.83225831386234e-05,0.0008634907182698635,-4.471267372679358e-05,-0.0001507041146751601,0.001094240812693086
5700,3,0,0,0,0,0,0,0,0
5750,0,-0.0001789937288547619,-2.60079297269088e-05,-7.224899786708848e-06,0.0006102949606380341,-0.00189783946040664,4.346284944005925e-05,9.58421081482678e-05,0.002004519057526627
5750,1,-3.21070971175754e-05,-1.954346260159864e-06,0.003082925073333923,1.348333411558132e-05,0.001769569110023081,8.510045002570188e-05,-0.0004415260052296736,0.003583183727954931
5750,2,-4.1633729503483e-05,-1.025711684605902e-06,0.0006503585874385922,4.832258311454499e-05,0.0008634907138947235,-4.471269015074072e-05,-0.0001507041475217558,0.001094240815147199
5750,3,0,0,0,0,0,0,0,0
5800,0,-0.0001789939370656872,-2.600793430564778e-05,-7.224899786354993e-06,0.0006102949606257335,-0.001897839458076313,4.34626689342012e-05,9.584174713614239e-05,0.002004519052793362
5800,1,-3.210685513399829e-05,-1.95434556441024e-06,0.003082925073339586,1.348333411953172e-05,0.001769569151830913,8.510065906773585e-05,-0.0004415255871513488,0.003583183699886559
5800,2,-4.163377208127272e-05,-1.025712155087387e-06,0.00065035858743848,4.832258310169746e-05,0.0008634907117406115,-4.471272703122708e-05,-0.0001507042212825306,0.001094240826732848
5800,3,0,0,0,0,0,0,0,0
5850,0,-0.0001789940797115577,-2.600793619926499e-05,-7.224899786354993e-06,0.0006102949606236191,-0.001897839458076313,4.346254647637327e-05,9.584150222043296e-05,0.002004519051189615
5850,1,-3.210647411944402e-05,-1.954344332732829e-06,0.003082925073346073,1.348333412144583e-05,0.001769569214133758,8.510098611532753e-05,-0.0004415249330628884,0.003583183654415585
5850,2,-4.163380817405528e-05,-1.025712669785199e-06,0.0006503585874383673,4.832258309928297e-05,0.0008634907103785386,-4.471275801684462e-05,-0.0001507042832536378,0.001094240836832673
5850,3,0,0,0,0,0,0,0,0
5900,0,-0.0001789942559605179,-2.600793852504703e-05,-7.224899786353369e-06,0.0006102949606007878,-0.001897839457077506,4.346239648602111e-05,9.58412022392542e-05,0.002004519048410375
5900,1,-3.210615716962522e-05,-1.954341570142789e-06,0.003082925073345865,1.348333420778425e-05,0.001769569256851961,8.510125606115565e-05,-0.0004415243931691819,0.003583183612555648
5900,2,-4.163382662103237e-05,-1.025712815583333e-06,0.0006503585874380665,4.832258308067644e-05,0.0008634907081145353,-4.47127737168776e-05,-0.000150704314652989,0.001094240840713114
5900,3,0,0,0,0,0,0,0,0
5950,0,-0.0001789941467413002,-2.600793757256746e-05,-7.224899785936987e-06,0.0006102949606608302,-0.001897839453733311,4.346248920367908e-05,9.584138767406399e-05,0.00200451904637376
5950,1,-3.210561727714681e-05,-1.954339471830965e-06,0.003082925073388385,1.348333450395599e-05,0.001769569336102029,8.510171238944555e-05,-0.0004415234805560418,0.003583183545277321
5950,2,-4.16338248236889e-05,-1.02571235194742e-06,0.0006503585874356888,4.832258308394479e-05,0.0008634907082154275,-4.471277216502985e-05,-0.0001507043115473321,0.001094240840231503
5950,3,0,0,0,0,0,0,0,0
6000,0,-0.0001789943262023361,-2.600794308510008e-05,-7.224899785936987e-06,0.0006102949606563541,-0.001897839453733311,4.346233898633541e-05,9.58410872392957e-05,0.00200451904484735
6000,1,-3.21055528508574e-05,-1.954339126043781e-06,0.003082925073389178,1.348333452934168e-05,0.001769569346173558,8.510176622676498e-05,-0.0004415233728823855,0.00358318353768551
6000,2,-4.163384548675334e-05,-1.025712653034845e-06,0.0006503585874355644,4.832258307976033e-05,0.0008634907076865072,-4.471278946412206e-05,-0.0001507043461453386,0.001094240846072219
6000,3,0,0,0,0,0,0,0,0
6050,0,-0.0001789944956943264,-2.600795226216513e-05,-7.224899785936987e-06,0.000610294960652596,-0.001897839453733311,4.346219830899536e-05,9.58408058845501e-05,0.002004519043597694
6050,1,-3.210551352194118e-05,-1.954332052423969e-06,0.003082925073389178,1.348333453461845e-05,0.001769569346173558,8.510179891650585e-05,-0.0004415233075029038,0.003583183530049551
6050,2,-4.163384114736827e-05,-1.025711094651327e-06,0.0006503585874352691,4.832258307666294e-05,0.0008634907068717809,-4.471278586552943e-05,-0.0001507043389478376,0.0010942408441241
6050,3,0,0,0,0,0,0,0,0
6100,0,-0.0001789945851896944,-2.600795345841071e-05,-7.224899785936987e-06,0.0006102949606484514,-0.001897839453733311,4.346212468427956e-05,9.58406586349742e-05,0.002004519042966803
6100,1,-3.210524462849317e-05,-1.954327753164601e-06,0.003082925073392101,1.348333454762942e-05,0.001769569390953377,8.510202037859546e-05,-0.0004415228645804162,0.003583183500437671
6100,2,-4.163386799949844e-05,-1.025711442663651e-06,0.000650358587435251,4.832258306875193e-05,0.0008634907058924159,-4.471280797718983e-05,-0.0001507043831711342,0.001094240851367081
6100,3,0,0,0,0,0,0,0,0
6150,0,-0.0001789946544897829,-2.60079544710145e-05,-7.224899785884641e-06,0.0006102949606453793,-0.001897839453244806,4.346206808822432e-05,9.584054544277564e-05,0.002004519042065593
6150,1,-3.21049982330331e-05,-1.954321488892231e-06,0.003082925073398245,1.348333460618731e-05,0.001769569428424551,8.510222152062975e-05,-0.0004415224623012176,0.003583183471945411
6150,2,-4.163389239875109e-05,-1.025712185133817e-06,0.0006503585874351705,4.832258306675442e-05,0.0008634907042832185,-4.471282789918055e-05,-0.0001507044230150463,0.001094240857327691
6150,3,0,0,0,0,0,0,0,0
6200,0,-0.0001789947769238443,-2.600795813980464e-05,-7.224899785879918e-06,0.0006102949606424086,-0.00189783945276134,4.346196894316908e-05,9.584034715257644e-05,0.002004519040957023
6200,1,-3.210498711442445e-05,-1.954315945632515e-06,0.003082925073398245,1.348333460885833e-05,0.001769569428424551,8.510223049593541e-05,-0.0004415224443506063,0.003583183469844056
6200,2,-4.163388830154482e-05,-1.025711887077585e-06,0.0006503585874348457,4.832258306283477e-05,0.0008634907031712382,-4.471282456721567e-05,-0.0001507044163507867,0.001094240855239678
6200,3,0,0,0,0,0,0,0,0
6250,0,-0.0001789948866350315,-2.600796484502373e-05,-7.224899785879918e-06,0.0006102949606406488,-0.00189783945276134,4.346188080681631e-05,9.584017087984131e-05,0.002004519040501277
6250,1,-3.210495818620702e-05,-1.954305381660444e-06,0.003082925073398389,1.348333460928199e-05,0.001769569429622754,8.510225369736291e-05,-0.0004415223979477513,0.003583183465004215
6250,2,-4.163388436890949e-05,-1.025708432731531e-06,0.0006503585874347868,4.832258306164297e-05,0.0008634907026799446,-4.471282141620151e-05,-0.0001507044100486904,0.001094240853702318
6250,3,0,0,0,0,0,0,0,0
6300,0,-0.00017899498184194,-2.600797332467489e-05,-7.224899785879918e-06,0.0006102949606401949,-0.00189783945276134,4.346180493229081e-05,9.584001913077558e-05,0.002004519040212193
6300,1,-3.210495146886312e-05,-1.954304861760509e-06,0.003082925073398389,1.348333460966195e-05,0.001769569429622754,8.510225907037835e-05,-0.0004415223872017204,0.003583183463747224
6300,2,-4.163388392702436e-05,-1.025706886858147e-06,0.0006503585874347868,4.832258306124457e-05,0.0008634907026799446,-4.471282108114649e-05,-0.0001507044093785803,0.001094240853578057
6300,3,0,0,0,0,0,0,0,0
6350,0,-0.0001789950655186217,-2.600798349172271e-05,-7.224899785879918e-06,0.0006102949606401533,-0.00189783945276134,4.34617387737141e-05,9.583988681362206e-05,0.002004519040055282
6350,1,-3.210495146886312e-05,-1.954304861760509e-06,0.003082925073398389,1.348333460966195e-05,0.001769569429622754,8.510225907037835e-05,-0.0004415223872017204,0.003583183463747224
6350,2,-4.163388508556498e-05,-1.025705892895797e-06,0.0006503585874347429,4.832258306105577e-05,0.0008634907022346762,-4.47128220107686e-05,-0.0001507044112377783,0.001094240853563844
6350,3,0,0,0,0,0,0,0,0
6400,0,-0.0001789951391310992,-2.60079942484038e-05,-7.224899785879918e-06,0.0006102949606396197,-0.00189783945276134,4.346168103022415e-05,9.583977132663071e-05,0.002004519039994331
6400,1,-3.21049478656714e-05,-1.954304083311818e-06,0.003082925073398389,1.348333460966195e-05,0.001769569429622754,8.510226189148955e-05,-0.0004415223815594979,0.00358318346308628
6400,2,-4.163389675268394e-05,-1.025706035380595e-06,0.0006503585874347429,4.832258306059234e-05,0.0008634907022346762,-4.471283116195742e-05,-0.0001507044295401559,0.001094240856902502
6400,3,0,0,0,0,0,0,0,0
6450,0,-0.0001789951740281868,-2.600799765051317e-05,-7.224899785879918e-06,0.0006102949606394044,-0.00189783945276134,4.346165385813836e-05,9.583971698243985e-05,0.002004519039967134
6450,1,-3.210480809200016e-05,-1.954302285938401e-06,0.003082925073399439,1.348333462012599e-05,0.001769569450240416,8.510237058786531e-05,-0.0004415221641678252,0.003583183447810445
6450,2,-4.163389239465822e-05,-1.025703161774268e-06,0.0006503585874346423,4.832258305927906e-05,0.0008634907013595206,-4.471282774252848e-05,-0.0001507044227011932,0.001094240854961649
6450,3,0,0,0,0,0,0,0,0
6500,0,-0.0001789952145019938,-2.600799844488333e-05,-7.224899785879918e-06,0.0006102949606394589,-0.00189783945276134,4.346162256941718e-05,9.583965440497493e-05,0.00200451903992126
6500,1,-3.210472799309675e-05,-1.954301796198372e-06,0.003082925073400308,1.348333462408204e-05,0.001769569460949545,8.510243231527861e-05,-0.0004415220407137966,0.003583183438635988
6500,2,-4.163389653304976e-05,-1.025703288754267e-06,0.0006503585874346662,4.832258305767959e-05,0.0008634907016090367,-4.471283094364584e-05,-0.0001507044291036771,0.001094240856328655
6500,3,0,0,0,0,0,0,0,0
6550,0,-0.0001789952370264185,-2.600799858086083e-05,-7.224899785868768e-06,0.000610294960638896,-0.001897839452596107,4.346160529703086e-05,9.58396198601907e-05,0.002004519039751607
6550,1,-3.210456930187735e-05,-1.95429653356345e-06,0.003082925073403405,1.348333465351314e-05,0.001769569483817196,8.510255389059916e-05,-0.0004415217975659246,0.003583183421433987
6550,2,-4.163390458319565e-05,-1.025701239380552e-06,0.0006503585874346875,4.832258305751842e-05,0.0008634907013481978,-4.471283712320017e-05,-0.0001507044414627651,0.001094240858381865
6550,3,0,0,0,0,0,0,0,0
6600,0,-0.0001789952807448995,-2.6007998974976e-05,-7.224899785868768e-06,0.0006102949606370423,-0.001897839452596107,4.346157202634048e-05,9.583955331876639e-05,0.002004519039757205
6600,1,-3.210454059554542e-05,-1.954293112204353e-06,0.003082925073403622,1.348333465971815e-05,0.001769569487512624,8.510257565341713e-05,-0.0004415217540407243,0.003583183418153811
6600,2,-4.16339040097528e-05,-1.025701363919886e-06,0.0006503585874346186,4.832258305690301e-05,0.0008634907011514765,-4.471283667549075e-05,-0.0001507044405671856,0.001094240858063219
6600,3,0,0,0,0,0,0,0,0
6650,0,-0.000178995302415885,-2.600799906342274e-05,-7.224899785859112e-06,0.0006102949606354174,-0.001897839452426965,4.346155569714095e-05,9.583952066029033e-05,0.002004519039617342
6650,1,-3.210442471371559e-05,-1.954289035986656e-06,0.00308292507340458,1.34833346875967e-05,0.001769569503884155,8.510266326408341e-05,-0.0004415215788198001,0.003583183405689381
6650,2,-4.163390445998756e-05,-1.025698944136539e-06,0.0006503585874345512,4.832258305802776e-05,0.0008634907003509774,-4.471283700677466e-05,-0.0001507044412297327,0.001094240857551185
6650,3,0,0,0,0,0,0,0,0
6700,0,-0.0001789953320812875,-2.600799935458178e-05,-7.224899785859112e-06,0.0006102949606352624,-0.001897839452426965,4.346153345253938e-05,9.583947617108223e-05,0.002004519039660663
6700,1,-3.210437268355413e-05,-1.954288637586331e-06,0.003082925073404977,1.348333468774147e-05,0.001769569510320976,8.510270215261914e-05,-0.0004415215010431075,0.003583183399742123
6700,2,-4.163390232749725e-05,-1.025696782833578e-06,0.0006503585874343713,4.832258305790879e-05,0.0008634906999018984,-4.471283539866186e-05,-0.0001507044380133165,0.001094240856604839
6700,3,0,0,0,0,0,0,0,0
6750,0,-0.0001789953599781046,-2.600799981834383e-05,-7.224899785859112e-06,0.0006102949606351078,-0.001897839452426965,4.346151272425995e-05,9.583943471451764e-05,0.00200451903972617
6750,1,-3.210433735177357e-05,-1.954285660061991e-06,0.003082925073405152,1.348333468789147e-05,0.001769569515078295,8.510272849568923e-05,-0.000441521448356973,0.003583183395907163
6750,2,-4.163391043271635e-05,-1.025696616856009e-06,0.0006503585874343283,4.832258305762126e-05,0.0008634906994296971,-4.471284142862547e-05,-0.0001507044500731996,0.001094240858447755
6750,3,0,0,0,0,0,0,0,0
6800,0,-0.0001789953914502184,-2.60080011608868e-05,-7.224899785859112e-06,0.0006102949606351078,-0.001897839452426965,4.346148949347648e-05,9.583938825295068e-05,0.002004519039828831
6800,1,-3.210433735177357e-05,-1.954285660061991e-06,0.003082925073405152,1.348333468789147e-05,0.001769569515078295,8.510272849568923e-05,-0.000441521448356973,0.003583183395907163
6800,2,-4.163390986960044e-05,-1.025694881942689e-06,0.0006503585874343283,4.832258305762126e-05,0.0008634906994296971,-4.471284100429942e-05,-0.0001507044492245474,0.001094240858290483
6800,3,0,0,0,0,0,0,0,0
6850,0,-0.0001789954187682183,-2.600800309595909e-05,-7.224899785859112e-06,0.0006102949606346617,-0.001897839452426965,4.346146947785703e-05,9.583934822170085e-05,0.002004519039945255
6850,1,-3.210433510800445e-05,-1.954285471381655e-06,0.003082925073405152,1.348333468789147e-05,0.001769569515078295,8.510273013418116e-05,-0.0004415214450799624,0.003583183395522077
6850,2,-4.163391493781991e-05,-1.025694910664225e-06,0.0006503585874342878,4.832258305725775e-05,0.0008634906990620895,-4.471284471687077e-05,-0.0001507044566496449,0.001094240859367545
6850,3,0,0,0,0,0,0,0,0
6900,0,-0.0001789954424965245,-2.600800547561321e-05,-7.224899785859112e-06,0.0006102949606346617,-0.001897839452426965,4.346145221823922e-05,9.583931370246522e-05,0.002004519040070332
6900,1,-3.210433510800445e-05,-1.954285471381655e-06,0.003082925073405152,1.348333468789147e-05,0.001769569515078295,8.510273013418116e-05,-0.0004415214450799624,0.003583183395522077
6900,2,-4.163392094760984e-05,-1.025694891148663e-06,0.0006503585874342878,4.832258305713397e-05,0.0008634906990620895,-4.471284908823878e-05,-0.000150704465392381,0.0010942408609789
6900,3,0,0,0,0,0,0,0,0
6950,0,-0.0001789954623053176,-2.600800799729579e-05,-7.224899785790023e-06,0.0006102949606343411,-0.001897839452302903,4.346143791335511e-05,9.583928509268594e-05,0.002004519040076303
6950,1,-3.210432739404229e-05,-1.954284574651819e-06,0.003082925073405152,1.348333468827856e-05,0.001769569515078295,8.510273569937138e-05,-0.000441521433949582,0.00358318339421316
6950,2,-4.163392207868759e-05,-1.025693262607675e-06,0.000650358587434219,4.832258305714274e-05,0.0008634906989384035,-4.471284990892505e-05,-0.0001507044670336751,0.001094240861182347
6950,3,0,0,0,0,0,0,0,0
7000,0,-0.0001789954806081215,-2.60080104722617e-05,-7.224899785790023e-06,0.0006102949606333711,-0.001897839452302903,4.346142479153821e-05,9.583925884903186e-05,0.002004519040203232
7000,1,-3.210431949584002e-05,-1.954284313485872e-06,0.003082925073405152,1.348333468997588e-05,0.001769569515078295,8.510274136084863e-05,-0.0004415214226266275,0.003583183392881503
7000,2,-4.163392151134771e-05,-1.025693281266156e-06,0.000650358587434042,4.832258305631878e-05,0.0008634906986862965,-4.47128494945741e-05,-0.000150704466204791,0.001094240860830604
7000,3,0,0,0,0,0,0,0,0
7050,0,-0.0001789954970594905,-2.600801345638775e-05,-7.224899785790023e-06,0.0006102949606328478,-0.001897839452302903,4.346141307983006e-05,9.583923542559155e-05,0.00200451904033699
7050,1,-3.210431654704915e-05,-1.954283995632435e-06,0.003082925073405184,1.348333469066622e-05,0.001769569515264842,8.510274345936651e-05,-0.000441521418429922,0.003583183392479788
7050,2,-4.163392532785139e-05,-1.025693269845096e-06,0.0006503585874340322,4.832258305570408e-05,0.0008634906986276856,-4.471285221063403e-05,-0.0001507044716369134,0.001094240861788644
7050,3,0,0,0,0,0,0,0,0
7100,0,-0.0001789955067110508,-2.600801448402357e-05,-7.22489978578396e-06,0.0006102949606326179,-0.001897839452244442,4.34614062576967e-05,9.583922178131681e-05,0.002004519040356479
7100,1,-3.210429869528005e-05,-1.954283627855415e-06,0.003082925073405463,1.348333469102345e-05,0.001769569517484956,8.51027560730749e-05,-0.0004415213932028031,0.00358318339060738
7100,2,-4.163392681563367e-05,-1.02569183189537e-06,0.0006503585874339729,4.832258305524777e-05,0.0008634906982657032,-4.471285325976463e-05,-0.0001507044737351149,0.001094240861890044
7100,3,0,0,0,0,0,0,0,0
7150,0,-0.0001789955199139066,-2.600801486945315e-05,-7.224899785770046e-06,0.0006102949606325487,-0.001897839452169021,4.346139699078557e-05,9.583920324749064e-05,0.002004519040381959
7150,1,-3.210429732699055e-05,-1.954283576517185e-06,0.003082925073405463,1.348333469102345e-05,0.001769569517484956,8.510275703126083e-05,-0.0004415213912864313,0.003583183390381714
7150,2,-4.163392858473299e-05,-1.025690732907985e-06,0.000650358587433963,4.832258305503183e-05,0.0008634906982126147,-4.471285450147152e-05,-0.0001507044762185174,0.001094240862307182
7150,3,0,0,0,0,0,0,0,0
7200,0,-0.0001789955317229585,-2.600801531174727e-05,-7.224899785770046e-06,0.0006102949606323899,-0.001897839452169021,4.346138876024951e-05,9.583918678641362e-05,0.002004519040476669
7200,1,-3.210429636986538e-05,-1.954283523249174e-06,0.003082925073405463,1.348333469102345e-05,0.001769569517484956,8.51027576984479e-05,-0.0004415213899520571,0.003583183390224533
7200,2,-4.163392894567404e-05,-1.025690554641793e-06,0.0006503585874339353,4.832258305491713e-05,0.0008634906981178582,-4.471285475725783e-05,-0.0001507044767299938,0.001094240862326847
7200,3,0,0,0,0,0,0,0,0
7250,0,-0.0001789955420802172,-2.600801621427224e-05,-7.224899785702304e-06,0.0006102949606321553,-0.001897839452096019,4.34613815921695e-05,9.583917245024579e-05,0.002004519040503202
7250,1,-3.210429385997068e-05,-1.954283516372182e-06,0.003082925073405698,1.348333469147838e-05,0.001769569517832799,8.510275943765913e-05,-0.0004415213864736347,0.003583183389986724
7250,2,-4.163393105794021e-05,-1.025690592111403e-06,0.000650358587433856,4.832258305472964e-05,0.000863490697994148,-4.471285621888381e-05,-0.0001507044796532145,0.001094240862771898
7250,3,0,0,0,0,0,0,0,0
7300,0,-0.0001789955508529309,-2.600801707934927e-05,-7.224899785696272e-06,0.0006102949606321912,-0.001897839452032636,4.346137556096713e-05,9.583916038777573e-05,0.002004519040530302
7300,1,-3.210429385997068e-05,-1.954283516372182e-06,0.003082925073405698,1.348333469147838e-05,0.001769569517832799,8.510275943765913e-05,-0.0004415213864736347,0.003583183389986724
7300,2,-4.163393374442125e-05,-1.025690679403301e-06,0.000650358587433851,4.832258305465226e-05,0.000863490697941331,-4.471285806588158e-05,-0.0001507044833472098,0.001094240863416738
7300,3,0,0,0,0,0,0,0,0
7350,0,-0.0001789955581390892,-2.60080176388071e-05,-7.224899785696272e-06,0.0006102949606320145,-0.001897839452032636,4.346137058611117e-05,9.583915043805312e-05,0.002004519040604558
7350,1,-3.210428250154058e-05,-1.954283438857866e-06,0.003082925073405744,1.348333469503499e-05,0.00176956951933396,8.51027671859424e-05,-0.0004415213709771211,0.00358318338890086
7350,2,-4.163393429930208e-05,-1.025689712722591e-06,0.0006503585874338279,4.832258305438086e-05,0.0008634906978950683,-4.471285844338848e-05,-0.0001507044841022006,0.001094240863519819
7350,3,0,0,0,0,0,0,0,0
7400,0,-0.0001789955657486735,-2.600801821453685e-05,-7.224899785696272e-06,0.0006102949606320001,-0.001897839452032636,4.346136542633825e-05,9.58391401185069e-05,0.002004519040686263
7400,1,-3.210428159053208e-05,-1.954283423513405e-06,0.003082925073405744,1.348333469503499e-05,0.00176956951933396,8.510276780491815e-05,-0.0004415213697391696,0.003583183388754849
7400,2,-4.163393574983689e-05,-1.025689777175625e-06,0.0006503585874338055,4.832258305434417e-05,0.000863490697859455,-4.471285942593262e-05,-0.0001507044860672662,0.001094240863857739
7400,3,0,0,0,0,0,0,0,0
7450,0,-0.0001789955723722891,-2.600801893434156e-05,-7.224899785696272e-06,0.0006102949606319834,-0.001897839452032636,4.346136096522314e-05,9.583913119627619e-05,0.002004519040763749
7450,1,-3.210427996570631e-05,-1.954282980397151e-06,0.003082925073405744,1.348333469503499e-05,0.00176956951933396,8.510276890110475e-05,-0.0004415213675467965,0.003583183388495939
7450,2,-4.163393733376899e-05,-1.025689663305019e-06,0.0006503585874337959,4.832258305432336e-05,0.0008634906978282429,-4.471286049267216e-05,-0.0001507044882007356,0.001094240864230682
7450,3,0,0,0,0,0,0,0,0
7500,0,-0.0001789955782374023,-2.60080197686228e-05,-7.224899785696272e-06,0.0006102949606318783,-0.001897839452032636,4.346135704147182e-05,9.583912334877004e-05,0.002004519040837998
7500,1,-3.210427706331729e-05,-1.954282691259102e-06,0.003082925073405744,1.348333469519968e-05,0.00176956951933396,8.51027708400053e-05,-0.0004415213636689954,0.003583183388038004
7500,2,-4.163393797537584e-05,-1.025689548366012e-06,0.0006503585874337934,4.832258305441465e-05,0.0008634906977997946,-4.471286092390878e-05,-0.000150704489063213,0.001094240864368946
7500,3,0,0,0,0,0,0,0,0
7550,0,-0.0001789955826891435,-2.600802051655786e-05,-7.224899785696272e-06,0.0006102949606317967,-0.001897839452032636,4.346135408169137e-05,9.583911742920662e-05,0.002004519040898004
7550,1,-3.210426918228291e-05,-1.95428136067487e-06,0.003082925073405747,1.348333469558417e-05,0.001769569520136085,8.510277606264051e-05,-0.0004415213532237317,0.003583183387199774
7550,2,-4.163393898263824e-05,-1.025688937741388e-06,0.0006503585874337898,4.832258305426804e-05,0.000863490697728312,-4.471286159321304e-05,-0.0001507044904018168,0.00109424086456199
7550,3,0,0,0,0,0,0,0,0
7600,0,-0.0001789955873865252,-2.600802036275223e-05,-7.224899785696272e-06,0.000610294960631416,-0.001897839452032636,4.346135098076753e-05,9.583911122735152e-05,0.002004519040951596
7600,1,-3.210426563026858e-05,-1.954281343764014e-06,0.00308292507340575,1.348333469624085e-05,0.001769569520485466,8.510277841416615e-05,-0.0004415213485206805,0.003583183386816827
7600,2,-4.163394059064901e-05,-1.025688962869223e-06,0.0006503585874337886,4.832258305370177e-05,0.0008634906977091004,-4.471286265494332e-05,-0.0001507044925252774,0.001094240864943847
7600,3,0,0,0,0,0,0,0,0
7650,0,-0.0001789955880297851,-2.600802029464126e-05,-7.224899785694065e-06,0.0006102949606313985,-0.001897839451992924,4.346135055840495e-05,9.583911038262634e-05,0.002004519040921005
7650,1,-3.210424172231753e-05,-1.954280665822038e-06,0.003082925073405868,1.348333470173984e-05,0.001769569523349575,8.510279408890323e-05,-0.0004415213171712886,0.003583183384526222
7650,2,-4.163394151993646e-05,-1.025688996427692e-06,0.0006503585874337734,4.832258305334175e-05,0.000863490697666748,-4.471286326306719e-05,-0.0001507044937415109,0.001094240865138145
7650,3,0,0,0,0,0,0,0,0
7700,0,-0.0001789955888753826,-2.600802030566694e-05,-7.224899785689667e-06,0.0006102949606313851,-0.001897839451967623,4.346135000954076e-05,9.583910928489762e-05,0.002004519040908313
7700,1,-3.210422072730278e-05,-1.954280512385286e-06,0.003082925073406023,1.348333470211802e-05,0.001769569525821454,8.510280778223071e-05,-0.0004415212897847898,0.003583183382509561
7700,2,-4.163394186821566e-05,-1.025689058695362e-06,0.0006503585874337709,4.832258305334106e-05,0.0008634906976628286,-4.471286349134439e-05,-0.0001507044941980654,0.001094240865220568
7700,3,0,0,0,0,0,0,0,0
7750,0,-0.0001789955912070862,-2.600802035131103e-05,-7.224899785689667e-06,0.0006102949606311967,-0.001897839451967623,4.346134849894506e-05,9.583910626370294e-05,0.00200451904093986
7750,1,-3.210421367867487e-05,-1.954280498992991e-06,0.003082925073406128,1.348333470386102e-05,0.001769569526798729,8.510281233726813e-05,-0.0004415212806748048,0.003583183381914777
7750,2,-4.163394307547221e-05,-1.025689157489752e-06,0.0006503585874337697,4.832258305314295e-05,0.0008634906976496758,-4.471286427282384e-05,-0.0001507044957610224,0.001094240865503397
7750,3,0,0,0,0,0,0,0,0
7800,0,-0.0001789955925276278,-2.600802023838603e-05,-7.224899785689667e-06,0.0006102949606310611,-0.001897839451967623,4.346134764885597e-05,9.583910456351868e-05,0.002004519040956553
7800,1,-3.210419704233475e-05,-1.954280456794128e-06,0.003082925073406205,1.348333471119883e-05,0.001769569528850787,8.510282303393309e-05,-0.0004415212592815197,0.003583183380397173
7800,2,-4.163394403467363e-05,-1.025689261958148e-06,0.0006503585874337688,4.832258305200215e-05,0.0008634906976455136,-4.471286488960055e-05,-0.0001507044969945749,0.00109424086573175
7800,3,0,0,0,0,0,0,0,0
7850,0,-0.0001789955943259981,-2.600802025776999e-05,-7.224899785689667e-06,0.0006102949606310436,-0.001897839451967623,4.346134650071183e-05,9.583910226722956e-05,0.002004519040982704
7850,1,-3.210418958304119e-05,-1.954280355355006e-06,0.003082925073406218,1.34833347118064e-05,0.0017695695297557,8.510282781037479e-05,-0.0004415212497286418,0.003583183379713527
7850,2,-4.163394469130562e-05,-1.025689370772205e-06,0.0006503585874337688,4.832258305194673e-05,0.0008634906976455136,-4.471286530985685e-05,-0.0001507044978350875,0.001094240865889765
7850,3,0,0,0,0,0,0,0,0
7900,0,-0.0001789955967130543,-2.600802033938149e-05,-7.224899785689667e-06,0.0006102949606309981,-0.001897839451967623,4.346134498496007e-05,9.583909923572467e-05,0.002004519041019098
7900,1,-3.210418889774103e-05,-1.954280262512671e-06,0.003082925073406218,1.34833347118064e-05,0.0017695695297557,8.510282824635744e-05,-0.0004415212488566765,0.003583183379610247
7900,2,-4.163394531395127e-05,-1.025689483368268e-06,0.0006503585874337676,4.832258305190994e-05,0.0008634906976331346,-4.471286570546397e-05,-0.0001507044986263005,0.001094240866028925
7900,3,0,0,0,0,0,0,0,0
7950,0,-0.0001789955988705536,-2.600802046799467e-05,-7.224899785689667e-06,0.0006102949606308544,-0.001897839451967623,4.346134362365919e-05,9.583909651312096e-05,0.002004519041053692
7950,1,-3.210418889774103e-05,-1.954280262512671e-06,0.003082925073406218,1.34833347118064e-05,0.0017695695297557,8.510282824635744e-05,-0.0004415212488566765,0.003583183379610247
7950,2,-4.16339458123417e-05,-1.025689496643765e-06,0.0006503585874337585,4.832258305171305e-05,0.0008634906976147127,-4.471286602001341e-05,-0.0001507044992553896,0.001094240866132844
7950,3,0,0,0,0,0,0,0,0
8000,0,-0.0001789956004073965,-2.600802054955794e-05,-7.224899785689667e-06,0.0006102949606308544,-0.001897839451967623,4.346134265970704e-05,9.583909458521665e-05,0.002004519041078908
8000,1,-3.210418866940312e-05,-1.954280244096084e-06,0.003082925073406219,1.34833347118064e-05,0.001769569529773929,8.510282838916343e-05,-0.0004415212485710664,0.003583183379585393
8000,2,-4.163394653724129e-05,-1.025689515611257e-06,0.0006503585874337584,4.832258305162266e-05,0.000863490697613104,-4.471286647464342e-05,-0.0001507045001646481,0.001094240866302974
8000,3,0,0,0,0,0,0,0,0
8050,0,-0.000178995601686162,-2.600802057600403e-05,-7.224899785689667e-06,0.0006102949606308203,-0.001897839451967623,4.346134186319559e-05,9.583909299219314e-05,0.002004519041099995
8050,1,-3.210418807080267e-05,-1.954280216957231e-06,0.003082925073406221,1.34833347118064e-05,0.001769569529816046,8.510282876312552e-05,-0.0004415212478231368,0.003583183379517537
8050,2,-4.16339472211706e-05,-1.025689530398656e-06,0.0006503585874337573,4.832258305154148e-05,0.0008634906975987696,-4.471286690084745e-05,-0.0001507045010170562,0.001094240866452508
8050,3,0,0,0,0,0,0,0,0
8100,0,-0.0001789956030351568,-2.600802067903605e-05,-7.224899785689667e-06,0.0006102949606307559,-0.001897839451967623,4.346134102785413e-05,9.58390913215085e-05,0.002004519041123783
8100,1,-3.210418807080267e-05,-1.954280216957231e-06,0.003082925073406221,1.34833347118064e-05,0.001769569529816046,8.510282876312552e-05,-0.0004415212478231368,0.003583183379517537
8100,2,-4.163394735127661e-05,-1.025689522267736e-06,0.0006503585874337547,4.832258305147879e-05,0.0008634906975822297,-4.471286698096234e-05,-0.0001507045011772833,0.001094240866469735
8100,3,0,0,0,0,0,0,0,0
8150,0,-0.0001789956038649525,-2.600802067582362e-05,-7.224899785689667e-06,0.0006102949606306957,-0.001897839451967623,4.346134051700999e-05,9.583909029981837e-05,0.002004519041137896
8150,1,-3.210418293583306e-05,-1.954279886582417e-06,0.003082925073406226,1.348333471373188e-05,0.001769569530367189,8.510283192067997e-05,-0.0004415212415080389,0.003583183379040391
8150,2,-4.163394740778116e-05,-1.025689518093899e-06,0.0006503585874337509,4.832258305139233e-05,0.0008634906976033081,-4.471286701563766e-05,-0.0001507045012466288,0.001094240866499476
8150,3,0,0,0,0,0,0,0,0
8200,0,-0.0001789956048357496,-2.600802069064431e-05,-7.224899785689667e-06,0.0006102949606306527,-0.001897839451967623,4.346133992341746e-05,9.583908911263257e-05,0.002004519041155132
8200,1,-3.210418171991991e-05,-1.954279863419384e-06,0.003082925073406228,1.348333471375033e-05,0.001769569530497188,8.510283266633361e-05,-0.0004415212400167316,0.003583183378927637
8200,2,-4.163394779366794e-05,-1.025689487636874e-06,0.000650358587433748,4.832258305134114e-05,0.000863490697579938,-4.471286725173072e-05,-0.0001507045017188126,0.001094240866570363
8200,3,0,0,0,0,0,0,0,0
8250,0,-0.0001789956057523455,-2.600802069777155e-05,-7.224899785689667e-06,0.0006102949606306471,-0.001897839451967623,4.346133936613651e-05,9.583908799807043e-05,0.002004519041171699
8250,1,-3.210418126209149e-05,-1.954279836081217e-06,0.003082925073406228,1.348333471375033e-05,0.001769569530497188,8.510283294427865e-05,-0.0004415212394608415,0.003583183378861624
8250,2,-4.163394804519587e-05,-1.025689477103891e-06,0.0006503585874337451,4.832258305131737e-05,0.0008634906975693725,-4.471286740430959e-05,-0.0001507045020239674,0.001094240866619845
8250,3,0,0,0,0,0,0,0,0
8300,0,-0.0001789956065389351,-2.600802071873578e-05,-7.224899785689667e-06,0.0006102949606306471,-0.001897839451967623,4.346133889081443e-05,9.583908704742628e-05,0.002004519041186453
8300,1,-3.210418119078119e-05,-1.954279818050003e-06,0.003082925073406228,1.348333471375033e-05,0.001769569530497188,8.510283298730926e-05,-0.0004415212393747804,0.003583183378851393
8300,2,-4.163394829677327e-05,-1.025689444951579e-06,0.0006503585874337451,4.832258305131737e-05,0.0008634906975693725,-4.471286755614494e-05,-0.000150704502327638,0.001094240866677415
8300,3,0,0,0,0,0,0,0,0
8350,0,-0.0001789956072100148,-2.600802077604217e-05,-7.224899785689667e-06,0.0006102949606306471,-0.001897839451967623,4.346133848770354e-05,9.583908624120449e-05,0.002004519041199835
8350,1,-3.210418105360522e-05,-1.954279804582603e-06,0.003082925073406228,1.348333471375033e-05,0.001769569530497188,8.510283306946039e-05,-0.0004415212392104781,0.003583183378831862
8350,2,-4.163394857965159e-05,-1.025689439284441e-06,0.0006503585874337451,4.832258305131737e-05,0.0008634906975693725,-4.471286772598206e-05,-0.0001507045026673123,0.001094240866741894
8350,3,0,0,0,0,0,0,0,0
8400,0,-0.0001789956078237558,-2.60080208425034e-05,-7.224899785689667e-06,0.0006102949606306144,-0.001897839451967623,4.346133812120962e-05,9.5839085508216e-05,0.002004519041212501
8400,1,-3.210418095084276e-05,-1.954279770611184e-06,0.003082925073406228,1.348333471377916e-05,0.001769569530497188,8.510283313088725e-05,-0.0004415212390876244,0.003583183378817244
8400,2,-4.163394891609421e-05,-1.025689446417612e-06,0.0006503585874337446,4.832258305123006e-05,0.0008634906975615222,-4.471286792682886e-05,-0.0001507045030690052,0.001094240866812033
8400,3,0,0,0,0,0,0,0,0
8450,0,-0.0001789956082799095,-2.60080209022485e-05,-7.224899785689667e-06,0.0006102949606306095,-0.001897839451967623,4.34613378504245e-05,9.583908496664569e-05,0.002004519041222242
8450,1,-3.210418079288032e-05,-1.954279770611184e-06,0.003082925073406229,1.348333471377916e-05,0.001769569530515884,8.510283322436857e-05,-0.0004415212389006644,0.003583183378804246
8450,2,-4.163394907278868e-05,-1.025689413450169e-06,0.0006503585874337442,4.83225830512112e-05,0.0008634906975574638,-4.471286801976064e-05,-0.0001507045032548683,0.001094240866844156
8450,3,0,0,0,0,0,0,0,0
8500,0,-0.0001789956083802256,-2.600802088271176e-05,-7.224899785689667e-06,0.0006102949606305937,-0.001897839451967623,4.346133779135884e-05,9.583908484851403e-05,0.002004519041224013
8500,1,-3.210417552354495e-05,-1.954279758607433e-06,0.003082925073406252,1.348333471420753e-05,0.001769569531124947,8.510283633391559e-05,-0.000441521232681585,0.003583183378365373
8500,2,-4.163394931896691e-05,-1.025689416443589e-06,0.0006503585874337431,4.832258305116822e-05,0.000863490697541131,-4.471286816507056e-05,-0.0001507045035454868,0.001094240866886597
8500,3,0,0,0,0,0,0,0,0
8550,0,-0.0001789956085030469,-2.600802088376773e-05,-7.224899785689661e-06,0.0006102949606305855,-0.001897839451963968,4.346133771947781e-05,9.583908470475179e-05,0.002004519041223099
8550,1,-3.210417138762098e-05,-1.954279748801585e-06,0.003082925073406268,1.348333471439524e-05,0.001769569531598265,8.510283876230692e-05,-0.0004415212278248013,0.003583183378021297
8550,2,-4.163394949119953e-05,-1.025689416995156e-06,0.0006503585874337394,4.832258305114411e-05,0.0008634906975318695,-4.471286826624291e-05,-0.0001507045037478275,0.001094240866917841
8550,3,0,0,0,0,0,0,0,0
8600,0,-0.0001789956088232688,-2.600802088816361e-05,-7.224899785689661e-06,0.0006102949606305736,-0.001897839451963968,4.34613375326374e-05,9.583908433107069e-05,0.00200451904122983
8600,1,-3.21041707951057e-05,-1.954279732476753e-06,0.003082925073406273,1.348333471463074e-05,0.001769569531662586,8.510283910696565e-05,-0.0004415212271354872,0.003583183377970998
8600,2,-4.16339496277466e-05,-1.025689417880868e-06,0.0006503585874337368,4.832258305105675e-05,0.0008634906975279404,-4.471286834583977e-05,-0.0001507045039070174,0.001094240866945108
8600,3,0,0,0,0,0,0,0,0
8650,0,-0.0001789956091321517,-2.600802087941109e-05,-7.224899785689661e-06,0.0006102949606305512,-0.001897839451963968,4.346133735352418e-05,9.583908397284346e-05,0.002004519041236281
8650,1,-3.210417052815003e-05,-1.954279728260551e-06,0.003082925073406273,1.348333471468616e-05,0.001769569531678508,8.510283926191376e-05,-0.0004415212268255911,0.003583183377941962
8650,2,-4.163394982521993e-05,-1.02568941469476e-06,0.0006503585874337368,4.832258305100296e-05,0.0008634906975279404,-4.471286846033129e-05,-0.0001507045041360005,0.001094240866988831
8650,3,0,0,0,0,0,0,0,0
8700,0,-0.0001789956093498512,-2.600802087550212e-05,-7.224899785689661e-06,0.0006102949606305512,-0.001897839451963968,4.346133722798504e-05,9.583908372176519e-05,0.002004519041240944
8700,1,-3.210417032691449e-05,-1.954279704289432e-06,0.003082925073406273,1.348333471468616e-05,0.001769569531678508,8.510283937788888e-05,-0.0004415212265936408,0.00358318337791432
8700,2,-4.163394990939345e-05,-1.025689417566035e-06,0.0006503585874337364,4.832258305100058e-05,0.0008634906975271501,-4.471286850900626e-05,-0.0001507045042333482,0.001094240867006809
8700,3,0,0,0,0,0,0,0,0
8750,0,-0.0001789956095523451,-2.600802087624493e-05,-7.224899785689661e-06,0.0006102949606305443,-0.001897839451963968,4.346133711192172e-05,9.583908348963811e-05,0.002004519041245418
8750,1,-3.210417032691449e-05,-1.954279704289432e-06,0.003082925073406273,1.348333471468616e-05,0.001769569531678508,8.510283937788888e-05,-0.0004415212265936408,0.00358318337791432
8750,2,-4.163395009705346e-05,-1.025689419351355e-06,0.0006503585874337347,4.832258305093326e-05,0.0008634906975218926,-4.471286861656081e-05,-0.0001507045044484571,0.001094240867043818
8750,3,0,0,0,0,0,0,0,0
8800,0,-0.0001789956097112778,-2.60080208800817e-05,-7.224899785689661e-06,0.0006102949606305445,-0.001897839451963968,4.346133702133608e-05,9.583908330846684e-05,0.002004519041249034
8800,1,-3.210417022754803e-05,-1.954279701967065e-06,0.003082925073406273,1.34833347146898e-05,0.001769569531678508,8.51028394344566e-05,-0.0004415212264805054,0.003583183377900831
8800,2,-4.16339501738724e-05,-1.02568938011817e-06,0.0006503585874337344,4.832258305093134e-05,0.0008634906975199655,-4.47128686602542e-05,-0.0001507045045358437,0.001094240867059004
8800,3,0,0,0,0,0,0,0,0
8850,0,-0.0001789956098585431,-2.600802089557542e-05,-7.224899785689661e-06,0.0006102949606305427,-0.001897839451963968,4.346133693789205e-05,9.583908314157872e-05,0.002004519041252597
8850,1,-3.210417014745035e-05,-1.954279691974474e-06,0.003082925073406273,1.348333471469167e-05,0.001769569531678508,8.510283947989361e-05,-0.0004415212263896313,0.003583183377889989
8850,2,-4.163395028171405e-05,-1.025689361697197e-06,0.0006503585874337342,4.832258305092599e-05,0.0008634906975163443,-4.471286872128901e-05,-0.0001507045046579131,0.001094240867079538
8850,3,0,0,0,0,0,0,0,0
8900,0,-0.000178995609975858,-2.600802091094179e-05,-7.224899785689661e-06,0.0006102949606305405,-0.001897839451963968,4.346133687178837e-05,9.583908300937127e-05,0.002004519041255517
8900,1,-3.210417006360222e-05,-1.954279673339146e-06,0.003082925073406273,1.348333471469167e-05,0.001769569531679547,8.510283952703876e-05,-0.0004415212262953412,0.003583183377879242
8900,2,-4.163395033507458e-05,-1.025689337853334e-06,0.000650358587433734,4.832258305091808e-05,0.0008634906975148425,-4.471286875138125e-05,-0.0001507045047180972,0.001094240867089879
8900,3,0,0,0,0,0,0,0,0
8950,0,-0.000178995609988771,-2.600802089773473e-05,-7.224899785689661e-06,0.0006102949606305419,-0.001897839451963968,4.346133686462056e-05,9.583908299503558e-05,0.002004519041255657
8950,1,-3.210416949771268e-05,-1.95427961188683e-06,0.003082925073406274,1.348333471476259e-05,0.001769569531708589,8.510283984401952e-05,-0.000441521225661381,0.003583183377817894
8950,2,-4.163395044677708e-05,-1.025689347324132e-06,0.000650358587433734,4.832258305090494e-05,0.0008634906975148425,-4.471286881395536e-05,-0.0001507045048432454,0.00109424086711393
8950,3,0,0,0,0,0,0,0,0
9000,0,-0.0001789956100910136,-2.600802090026698e-05,-7.224899785689661e-06,0.0006102949606305417,-0.001897839451963968,4.346133680765261e-05,9.583908288109966e-05,0.002004519041258138
9000,1,-3.210416949771268e-05,-1.95427961188683e-06,0.003082925073406274,1.348333471476259e-05,0.001769569531708589,8.510283984401952e-05,-0.000441521225661381,0.003583183377817894
9000,2,-4.163395055808273e-05,-1.025689359908946e-06,0.000650358587433734,4.832258305089798e-05,0.0008634906975148425,-4.47128688759706e-05,-0.0001507045049672759,0.001094240867137793
9000,3,0,0,0,0,0,0,0,0
9050,0,-0.0001789956101675475,-2.600802088981909e-05,-7.224899785689661e-06,0.0006102949606305385,-0.001897839451963968,4.346133676525203e-05,9.58390827962984e-05,0.002004519041259862
9050,1,-3.210416897289207e-05,-1.954279591793929e-06,0.003082925073406276,1.34833347148397e-05,0.001769569531733881,8.510284013472797e-05,-0.0004415212250799657,0.003583183377760935
9050,2,-4.163395060421726e-05,-1.025689369852503e-06,0.0006503585874337338,4.832258305089401e-05,0.000863490697511851,-4.471286890149734e-05,-0.0001507045050183293,0.001094240867145271
9050,3,0,0,0,0,0,0,0,0
9100,0,-0.0001789956102418833,-2.600802089199973e-05,-7.224899785689661e-06,0.0006102949606305389,-0.001897839451963968,4.346133672429409e-05,9.583908271438253e-05,0.002004519041261723
9100,1,-3.210416892055941e-05,-1.95427958298637e-06,0.003082925073406276,1.34833347148397e-05,0.001769569531733881,8.510284016353934e-05,-0.000441521225022343,0.003583183377754045
9100,2,-4.163395068741949e-05,-1.025689378395966e-06,0.0006503585874337338,4.832258305088826e-05,0.000863490697511851,-4.471286894735169e-05,-0.000150704505110038,0.001094240867162949
9100,3,0,0,0,0,0,0,0,0
9150,0,-0.0001789956103026541,-2.600802089477157e-05,-7.224899785689661e-06,0.0006102949606305387,-0.001897839451963968,4.346133669099011e-05,9.583908264777454e-05,0.002004519041263279
9150,1,-3.210416882941052e-05,-1.954279520398735e-06,0.003082925073406276,1.348333471484077e-05,0.001769569531733881,8.510284021347119e-05,-0.0004415212249224793,0.003583183377742075
9150,2,-4.163395072311665e-05,-1.025689387302256e-06,0.0006503585874337338,4.832258305088829e-05,0.0008634906975109058,-4.471286896695032e-05,-0.0001507045051492352,0.001094240867169769
9150,3,0,0,0,0,0,0,0,0
9200,0,-0.0001789956103544389,-2.600802089557083e-05,-7.224899785689661e-06,0.0006102949606305387,-0.001897839451963968,4.346133666276398e-05,9.583908259132228e-05,0.002004519041264603
9200,1,-3.210416876993924e-05,-1.954279510503502e-06,0.003082925073406276,1.348333471484214e-05,0.001769569531733881,8.510284024588413e-05,-0.0004415212248576534,0.003583183377734319
9200,2,-4.163395078915744e-05,-1.025689392807605e-06,0.0006503585874337338,4.832258305088806e-05,0.0008634906975109058,-4.471286900294754e-05,-0.0001507045052212297,0.001094240867183673
9200,3,0,0,0,0,0,0,0,0
9250,0,-0.000178995610397255,-2.600802089709433e-05,-7.224899785689661e-06,0.0006102949606305375,-0.001897839451963968,4.346133663955765e-05,9.583908254490963e-05,0.002004519041265723
9250,1,-3.210416873239538e-05,-1.954279501496253e-06,0.003082925073406276,1.348333471484214e-05,0.001769569531733881,8.510284026621315e-05,-0.0004415212248169952,0.003583183377729451
9250,2,-4.16339508522582e-05,-1.0256894009576e-06,0.0006503585874337338,4.832258305088303e-05,0.0008634906975097385,-4.471286903715891e-05,-0.0001507045052896522,0.001094240867195982
9250,3,0,0,0,0,0,0,0,0
9300,0,-0.000178995610432942,-2.60080209026155e-05,-7.224899785689661e-06,0.0006102949606305359,-0.001897839451963968,4.346133662030441e-05,9.583908250640312e-05,0.002004519041266722
9300,1,-3.210416867357306e-05,-1.954279485700324e-06,0.003082925073406276,1.348333471485494e-05,0.001769569531733881,8.51028402979861e-05,-0.0004415212247534491,0.003583183377721839
9300,2,-4.163395090897183e-05,-1.025689398001345e-06,0.0006503585874337336,4.832258305087284e-05,0.0008634906975088297,-4.471286906774432e-05,-0.000150704505350823,0.001094240867207094
9300,3,0,0,0,0,0,0,0,0
9350,0,-0.0001789956104650119,-2.600802090615403e-05,-7.224899785689661e-06,0.0006102949606305332,-0.001897839451963968,4.346133660310601e-05,9.583908247200626e-05,0.002004519041267614
9350,1,-3.210416863212466e-05,-1.954279485620699e-06,0.003082925073406276,1.348333471486894e-05,0.001769569531738322,8.510284032019267e-05,-0.0004415212247090361,0.003583183377718716
9350,2,-4.163395088837292e-05,-1.025689388624405e-06,0.0006503585874337336,4.832258305086213e-05,0.0008634906975085576,-4.471286905666213e-05,-0.0001507045053286582,0.00109424086720258
9350,3,0,0,0,0,0,0,0,0
9400,0,-0.0001789956104861053,-2.600802090645299e-05,-7.224899785689648e-06,0.000610294960630534,-0.001897839451963222,4.346133659186965e-05,9.583908244953353e-05,0.002004519041267477
9400,1,-3.210416861376662e-05,-1.954279485598141e-06,0.003082925073406277,1.348333471487756e-05,0.00176956953173997,8.510284033000129e-05,-0.0004415212246894191,0.003583183377717182
9400,2,-4.163395084431934e-05,-1.025689380091925e-06,0.0006503585874337334,4.832258305087711e-05,0.0008634906975076757,-4.471286903315932e-05,-0.0001507045052816521,0.001094240867192767
9400,3,0,0,0,0,0,0,0,0
9450,0,-0.0001789956105136911,-2.600802090147622e-05,-7.224899785689648e-06,0.0006102949606305339,-0.001897839451963222,4.346133657723339e-05,9.583908242026098e-05,0.002004519041268159
9450,1,-3.210416861376662e-05,-1.954279485598141e-06,0.003082925073406277,1.348333471487756e-05,0.00176956953173997,8.510284033000129e-05,-0.0004415212246894191,0.003583183377717182
9450,2,-4.163395087143499e-05,-1.025689373988569e-06,0.0006503585874337334,4.832258305087484e-05,0.0008634906975070987,-4.471286904756159e-05,-0.0001507045053104567,0.001094240867197893
9450,3,0,0,0,0,0,0,0,0
9500,0,-0.0001789956105247101,-2.600802089908192e-05,-7.224899785689648e-06,0.0006102949606305339,-0.001897839451963222,4.346133657142689e-05,9.5839082408648e-05,0.002004519041268431
9500,1,-3.210416856626845e-05,-1.954279477111479e-06,0.003082925073406277,1.348333471487756e-05,0.00176956953173997,8.510284035504759e-05,-0.0004415212246393266,0.003583183377711174
9500,2,-4.163395090610767e-05,-1.025689374944211e-06,0.0006503585874337331,4.832258305087479e-05,0.0008634906975065406,-4.471286906586683e-05,-0.000150704505347067,0.001094240867204562
9500,3,0,0,0,0,0,0,0,0
9550,0,-0.0001789956105300398,-2.600802089407467e-05,-7.224899785689648e-06,0.0006102949606305339,-0.001897839451963222,4.346133656862855e-05,9.583908240305132e-05,0.002004519041268514
9550,1,-3.210416825063505e-05,-1.954279473336401e-06,0.003082925073406282,1.348333471488632e-05,0.001769569531767137,8.510284052050178e-05,-0.0004415212243084192,0.00358318337768492
9550,2,-4.163395093851645e-05,-1.025689373156756e-06,0.000650358587433733,4.832258305087429e-05,0.0008634906975062398,-4.471286908288547e-05,-0.0001507045053811042,0.00109424086721094
9550,3,0,0,0,0,0,0,0,0
9600,0,-0.0001789956105515579,-2.600802089458609e-05,-7.224899785689624e-06,0.0006102949606305337,-0.001897839451962668,4.346133655739518e-05,9.583908238058452e-05,0.002004519041268599
9600,1,-3.2104167984389e-05,-1.954279465057556e-06,0.003082925073406282,1.348333471495092e-05,0.001769569531774176,8.510284065977066e-05,-0.0004415212240298819,0.003583183377654993
9600,2,-4.163395096547223e-05,-1.025689373701077e-06,0.0006503585874337329,4.832258305086884e-05,0.0008634906975062181,-4.471286909696991e-05,-0.000150704505409273,0.001094240867216404
9600,3,0,0,0,0,0,0,0,0
9650,0,-0.0001789956105510321,-2.60080208940835e-05,-7.224899785689624e-06,0.0006102949606305343,-0.001897839451962668,4.346133655767262e-05,9.583908238113941e-05,0.002004519041268578
9650,1,-3.210416777440898e-05,-1.954279464441545e-06,0.003082925073406285,1.34833347149553e-05,0.001769569531788493,8.510284076881457e-05,-0.0004415212238117963,0.003583183377635901
9650,2,-4.163395098724656e-05,-1.02568937189185e-06,0.0006503585874337329,4.832258305086739e-05,0.0008634906975060047,-4.471286910829517e-05,-0.0001507045054319235,0.001094240867220644
9650,3,0,0,0,0,0,0,0,0
9700,0,-0.0001789956105504091,-2.600802089060697e-05,-7.224899785689624e-06,0.0006102949606305335,-0.001897839451962668,4.346133655801277e-05,9.583908238181968e-05,0.002004519041268517
9700,1,-3.210416771630921e-05,-1.954279462155054e-06,0.003082925073406286,1.348333471496133e-05,0.00176956953179084,8.510284079888425e-05,-0.0004415212237516582,0.003583183377629844
9700,2,-4.163395098756377e-05,-1.025689367232795e-06,0.0006503585874337325,4.832258305086277e-05,0.0008634906975051831,-4.471286910843786e-05,-0.0001507045054322083,0.001094240867220048
9700,3,0,0,0,0,0,0,0,0
9750,0,-0.0001789956105653107,-2.600802089101439e-05,-7.224899785689624e-06,0.000610294960630533,-0.001897839451962668,4.346133655034893e-05,9.583908236649198e-05,0.002004519041268954
9750,1,-3.210416770601401e-05,-1.954279461422773e-06,0.003082925073406286,1.348333471496424e-05,0.00176956953179084,8.510284080417741e-05,-0.0004415212237410718,0.003583183377628573
9750,2,-4.163395100138697e-05,-1.025689367206594e-06,0.0006503585874337325,4.832258305085726e-05,0.000863490697504592,-4.471286911554515e-05,-0.0001507045054464226,0.001094240867222355
9750,3,0,0,0,0,0,0,0,0
9800,0,-0.0001789956105820907,-2.600802089188236e-05,-7.224899785689624e-06,0.0006102949606305294,-0.001897839451962668,4.346133654176657e-05,9.583908234932719e-05,0.002004519041269455
9800,1,-3.210416769839691e-05,-1.954279457119378e-06,0.003082925073406286,1.348333471496532e-05,0.00176956953179084,8.510284080808082e-05,-0.000441521223733265,0.003583183377627632
9800,2,-4.163395101906364e-05,-1.025689367162683e-06,0.0006503585874337323,4.832258305084772e-05,0.0008634906975036954,-4.471286912458254e-05,-0.0001507045054644972,0.001094240867225178
9800,3,0,0,0,0,0,0,0,0
9850,0,-0.0001789956105841089,-2.600802089120002e-05,-7.224899785689624e-06,0.0006102949606305306,-0.001897839451962668,4.346133654074008e-05,9.583908234727422e-05,0.002004519041269507
9850,1,-3.210416765516146e-05,-1.954279456825089e-06,0.003082925073406286,1.348333471497994e-05,0.001769569531794883,8.510284083008072e-05,-0.0004415212236892654,0.003583183377624343
9850,2,-4.163395103614803e-05,-1.025689365834144e-06,0.0006503585874337321,4.832258305084032e-05,0.000863490697503266,-4.471286913327483e-05,-0.0001507045054818817,0.001094240867228237
9850,3,0,0,0,0,0,0,0,0
9900,0,-0.0001789956105725822,-2.600802089109032e-05,-7.224899785689624e-06,0.0006102949606305308,-0.001897839451962668,4.346133654658365e-05,9.583908235896137e-05,0.002004519041269162
9900,1,-3.210416757591625e-05,-1.954279450025903e-06,0.003082925073406287,1.348333471499928e-05,0.001769569531800863,8.510284087018995e-05,-0.0004415212236090482,0.003583183377617651
9900,2,-4.163395104841491e-05,-1.025689364699343e-06,0.0006503585874337321,4.832258305083568e-05,0.0008634906975025201,-4.471286913948399e-05,-0.0001507045054942999,0.001094240867230078
9900,3,0,0,0,0,0,0,0,0
9950,0,-0.0001789956105659264,-2.600802088975984e-05,-7.224899785689624e-06,0.0006102949606305332,-0.001897839451962668,4.34613365499387e-05,9.583908236567147e-05,0.002004519041268945
9950,1,-3.21041675120282e-05,-1.954279449912802e-06,0.003082925073406288,1.34833347150068e-05,0.001769569531807301,8.510284090237963e-05,-0.0004415212235446693,0.003583183377613091
9950,2,-4.16339510609017e-05,-1.025689362980384e-06,0.0006503585874337321,4.832258305083438e-05,0.0008634906975025201,-4.47128691457765e-05,-0.0001507045055068849,0.001094240867232542
9950,3,0,0,0,0,0,0,0,0
10000,0,-0.0001789956105692242,-2.600802088779859e-05,-7.224899785689624e-06,0.0006102949606305332,-0.001897839451962668,4.346133654828918e-05,9.583908236237243e-05,0.00200451904126902
10000,1,-3.210416739703402e-05,-1.954279448857442e-06,0.003082925073406289,1.348333471500726e-05,0.001769569531811758,8.510284096007618e-05,-0.0004415212234292771,0.003583183377601413
10000,2,-4.163395106085571e-05,-1.025689362563094e-06,0.0006503585874337318,4.832258305083381e-05,0.000863490697502056,-4.471286914574846e-05,-0.0001507045055068285,0.001094240867232165
10000,3,0,0,0,0,0,0,0,0
