gen,op_id,w0,w1,w2,w3,w4,w5,w6,norm
50,0,-3.15898177476046e-05,-5.806245629917209e-05,-0.01596889787674793,0.003572769297521776,-0.03682769390463819,0.0002076189411891981,0.005324024096543063,0.04065024139603321
50,1,-1.559338477908474e-05,-1.044209620927645e-05,-0.004568100032064732,0.0008730727690834247,-0.0174090443335979,0.001411244740063607,0.003089855709360992,0.01833695151284128
50,2,-2.08219832886154e-07,1.983049603730797e-07,7.754763655299441e-05,2.715228029396566e-05,0.000102267496927017,3.563388147561292e-05,5.440554139905996e-05,0.0001464217958916424
50,3,0,0,0,0,0,0,0,0
100,0,-3.497606351347705e-05,-6.261678155410239e-05,-0.01596885934944283,0.00356950580926408,-0.03674995461969274,-4.120981150088962e-05,0.004826264734481931,0.0405167209793235
100,1,-1.702307706308729e-05,-1.122461435584601e-05,-0.004568091978348177,0.0008720226390551174,-0.01738448127982134,0.001310305075346624,0.002887952000167078,0.01827308564794136
100,2,-3.770031991824163e-07,2.124111382867357e-07,7.754093461273515e-05,2.729628467619753e-05,9.34764145518075e-05,2.242098405058051e-05,2.798855645385301e-05,0.0001295444743834048
100,3,0,0,0,0,0,0,0,0
150,0,-3.579501747009548e-05,-6.311115041994383e-05,-0.01596885714850199,0.003569233623993417,-0.03674607209373981,-7.691377032435361e-05,0.004754849812897553,0.04050478266059569
150,1,-1.770789121698048e-05,-1.131936619474212e-05,-0.00456809562035316,0.0008718587816269,-0.01738940575771773,0.001281774454927826,0.002830894486255357,0.01826681195450961
150,2,-4.080255397588422e-07,2.104123803255523e-07,7.754040736577751e-05,2.729458404154028e-05,9.274887444739327e-05,2.108426904232091e-05,2.531571070628416e-05,0.000128240029520949
150,3,0,0,0,0,0,0,0,0
200,0,-3.595494828366567e-05,-6.31601141856608e-05,-0.01596885714645346,0.003569214516043431,-0.03674606239810357,-8.158800862988083e-05,0.004745501211841399,0.04050368517683008
200,1,-1.783602190449501e-05,-1.133442959313233e-05,-0.004568095996803654,0.0008718425352191002,-0.01739011707934957,0.001277961721092447,0.002823269317759994,0.01826604130264329
200,2,-4.145486097498555e-07,2.099731570760566e-07,7.754036737250598e-05,2.729410452932621e-05,9.265844884184967e-05,2.088545270291063e-05,2.491810839185919e-05,0.000128064027173165
200,3,0,0,0,0,0,0,0,0
250,0,-3.597753766794011e-05,-6.316625529021132e-05,-0.01596885714612028,0.003569213060283702,-0.03674606120681909,-8.210935207258716e-05,0.004744458504851091,0.04050356289818424
250,1,-1.785456849998684e-05,-1.133600807339601e-05,-0.004568096031743738,0.0008718412945631964,-0.01739020179568409,0.001277530675006597,0.002822407250252834,0.01826595854849426
250,2,-4.153487567001597e-07,2.099356397238047e-07,7.754036471897915e-05,2.729407268773113e-05,9.265060082717827e-05,2.086676809547615e-05,2.48807413266112e-05,0.0001280480311662277
250,3,0,0,0,0,0,0,0,0
300,0,-3.597921049220222e-05,-6.316661776036929e-05,-0.01596885714607774,0.003569212985853413,-0.03674606106642999,-8.214065311812996e-05,0.004744395902162702,0.04050355549672849
300,1,-1.785672023404786e-05,-1.133615678001002e-05,-0.00456809603432343,0.0008718411781503847,-0.01739020975032422,0.001277490108334817,0.0028223261185937,0.01826595074575888
300,2,-4.154339512033873e-07,2.099326556187904e-07,7.754036452017517e-05,2.729407121713844e-05,9.264990573119136e-05,2.086516006230125e-05,2.487752548488695e-05,0.0001280466411948821
300,3,0,0,0,0,0,0,0,0
350,0,-3.597952076438849e-05,-6.316667279797313e-05,-0.01596885714607745,0.003569212974938436,-0.0367460610606723,-8.214559141741673e-05,0.004744386025419451,0.04050355434400549
350,1,-1.785698011635956e-05,-1.133617119201248e-05,-0.00456809603454293,0.0008718411660513962,-0.01739021057106688,0.001277485995913747,0.002822317893946031,0.01826594996846414
350,2,-4.154427925566927e-07,2.09932423966338e-07,7.754036450769568e-05,2.729407100665458e-05,9.264984843894272e-05,2.086501962845085e-05,2.487724463254596e-05,0.0001280465222675
350,3,0,0,0,0,0,0,0,0
400,0,-3.597960343450424e-05,-6.316668900949915e-05,-0.01596885714607745,0.003569212973631347,-0.0367460610606723,-8.214670863285179e-05,0.004744383790972168,0.04050355408452284
400,1,-1.785700402479506e-05,-1.13361723012005e-05,-0.004568096034562846,0.0008718411653618353,-0.01739021063481615,0.001277485664473555,0.002822317231084493,0.01826594990355246
400,2,-4.154432475260618e-07,2.099324136463066e-07,7.754036450704561e-05,2.729407099580374e-05,9.264984581976968e-05,2.086501338447274e-05,2.487723214547366e-05,0.0001280465169276415
400,3,0,0,0,0,0,0,0,0
450,0,-3.59796155920351e-05,-6.316669383634462e-05,-0.01596885714607745,0.003569212973572559,-0.03674606106066512,-8.214685762541861e-05,0.004744383492986994,0.04050355404992715
450,1,-1.785700561269017e-05,-1.133617238804697e-05,-0.004568096034563599,0.0008718411653485804,-0.01739021063831803,0.001277485645790649,0.00282231719371994,0.01826594989980768
450,2,-4.154432885273897e-07,2.099324124435124e-07,7.754036450701229e-05,2.729407099544252e-05,9.264984563011323e-05,2.086501290632173e-05,2.487723118920717e-05,0.0001280465165267467
450,3,0,0,0,0,0,0,0,0
500,0,-3.597961623092115e-05,-6.316669391576411e-05,-0.01596885714607745,0.0035692129735637,-0.03674606106065813,-8.214686444429898e-05,0.004744383479349147,0.04050355404833709
500,1,-1.785700598679363e-05,-1.133617240310883e-05,-0.004568096034563832,0.0008718411653435936,-0.01739021063910839,0.001277485641749196,0.002822317185637344,0.01826594989902882
500,2,-4.154432928069166e-07,2.099324123629916e-07,7.754036450700469e-05,2.729407099539888e-05,9.264984561191294e-05,2.086501286045479e-05,2.487723109748141e-05,0.0001280465164882828
500,3,0,0,0,0,0,0,0,0
550,0,-3.59796164344843e-05,-6.316669397386646e-05,-0.01596885714607745,0.003569212973562484,-0.03674606106065813,-8.214686641945672e-05,0.00474438347539882,0.04050355404787854
550,1,-1.785700598754422e-05,-1.133617240335039e-05,-0.004568096034563832,0.0008718411653435893,-0.01739021063910839,0.001277485641741981,0.002822317185622914,0.01826594989902609
550,2,-4.154432928179241e-07,2.099324123600602e-07,7.754036450700469e-05,2.729407099539879e-05,9.264984561191294e-05,2.086501286034806e-05,2.487723109726794e-05,0.0001280465164882239
550,3,0,0,0,0,0,0,0,0
600,0,-3.597961645365577e-05,-6.316669398538138e-05,-0.01596885714607745,0.003569212973562427,-0.03674606106065813,-8.214686658949387e-05,0.004744383475058749,0.04050355404783908
600,1,-1.785700598790703e-05,-1.133617240339051e-05,-0.004568096034563832,0.0008718411653435891,-0.01739021063910889,0.001277485641738902,0.002822317185616757,0.01826594989902539
600,2,-4.154432928218599e-07,2.099324123596828e-07,7.754036450700469e-05,2.729407099539879e-05,9.264984561190109e-05,2.086501286031474e-05,2.487723109720129e-05,0.000128046516488197
600,3,0,0,0,0,0,0,0,0
650,0,-3.597961645501821e-05,-6.316669398574724e-05,-0.01596885714607745,0.003569212973562427,-0.03674606106065813,-8.214686660056177e-05,0.004744383475036619,0.04050355404783651
650,1,-1.78570059880761e-05,-1.13361724033985e-05,-0.004568096034563832,0.0008718411653435891,-0.01739021063910908,0.001277485641737519,0.002822317185613991,0.01826594989902505
650,2,-4.15443292824076e-07,2.099324123596107e-07,7.754036450700469e-05,2.729407099539879e-05,9.264984561189435e-05,2.086501286029692e-05,2.487723109716566e-05,0.0001280465164881823
650,3,0,0,0,0,0,0,0,0
700,0,-3.597961645513991e-05,-6.316669398577268e-05,-0.01596885714607745,0.003569212973562427,-0.03674606106065813,-8.214686660147324e-05,0.004744383475034791,0.0405035540478363
700,1,-1.785700598810155e-05,-1.133617240339927e-05,-0.004568096034563832,0.0008718411653435891,-0.01739021063910908,0.00127748564173733,0.002822317185613612,0.01826594989902498
700,2,-4.154432928241636e-07,2.099324123596092e-07,7.754036450700469e-05,2.729407099539879e-05,9.264984561189393e-05,2.086501286029624e-05,2.487723109716434e-05,0.0001280465164881816
700,3,0,0,0,0,0,0,0,0
750,0,-3.597961645515434e-05,-6.316669398577699e-05,-0.01596885714607745,0.003569212973562427,-0.03674606106065813,-8.214686660157449e-05,0.004744383475034654,0.04050355404783628
750,1,-1.785700598810283e-05,-1.133617240339929e-05,-0.004568096034563832,0.0008718411653435891,-0.01739021063910908,0.001277485641737329,0.002822317185613611,0.01826594989902498
750,2,-4.154432928241796e-07,2.09932412359609e-07,7.754036450700469e-05,2.729407099539879e-05,9.264984561189393e-05,2.086501286029625e-05,2.487723109716423e-05,0.0001280465164881816
750,3,0,0,0,0,0,0,0,0
800,0,-3.59796164551547e-05,-6.316669398577699e-05,-0.01596885714607745,0.003569212973562427,-0.03674606106065813,-8.214686660158186e-05,0.004744383475034654,0.04050355404783628
800,1,-1.785700598810283e-05,-1.133617240339929e-05,-0.004568096034563832,0.0008718411653435891,-0.01739021063910908,0.001277485641737329,0.002822317185613611,0.01826594989902498
800,2,-4.154432928241803e-07,2.09932412359609e-07,7.754036450700469e-05,2.729407099539879e-05,9.264984561189393e-05,2.086501286029625e-05,2.487723109716423e-05,0.0001280465164881816
800,3,0,0,0,0,0,0,0,0
850,0,-3.59796164551547e-05,-6.316669398577699e-05,-0.01596885714607745,0.003569212973562427,-0.03674606106065813,-8.214686660158186e-05,0.004744383475034654,0.04050355404783628
850,1,-1.785700598810283e-05,-1.133617240339929e-05,-0.004568096034563832,0.0008718411653435891,-0.01739021063910908,0.001277485641737329,0.002822317185613611,0.01826594989902498
850,2,-4.154432928241803e-07,2.09932412359609e-07,7.754036450700469e-05,2.729407099539879e-05,9.264984561189393e-05,2.086501286029625e-05,2.487723109716423e-05,0.0001280465164881816
850,3,0,0,0,0,0,0,0,0
900,0,-3.59796164551547e-05,-6.316669398577699e-05,-0.01596885714607745,0.003569212973562427,-0.03674606106065813,-8.214686660158186e-05,0.004744383475034654,0.04050355404783628
900,1,-1.785700598810283e-05,-1.133617240339929e-05,-0.004568096034563832,0.0008718411653435891,-0.01739021063910908,0.001277485641737329,0.002822317185613611,0.01826594989902498
900,2,-4.154432928241803e-07,2.09932412359609e-07,7.754036450700469e-05,2.729407099539879e-05,9.264984561189393e-05,2.086501286029625e-05,2.487723109716423e-05,0.0001280465164881816
900,3,0,0,0,0,0,0,0,0
950,0,-3.59796164551547e-05,-6.316669398577699e-05,-0.01596885714607745,0.003569212973562427,-0.03674606106065813,-8.214686660158186e-05,0.004744383475034654,0.04050355404783628
950,1,-1.785700598810283e-05,-1.133617240339929e-05,-0.004568096034563832,0.0008718411653435891,-0.01739021063910908,0.001277485641737329,0.002822317185613611,0.01826594989902498
950,2,-4.154432928241803e-07,2.09932412359609e-07,7.754036450700469e-05,2.729407099539879e-05,9.264984561189393e-05,2.086501286029625e-05,2.487723109716423e-05,0.0001280465164881816
950,3,0,0,0,0,0,0,0,0
1000,0,-3.59796164551547e-05,-6.316669398577699e-05,-0.01596885714607745,0.003569212973562427,-0.03674606106065813,-8.214686660158186e-05,0.004744383475034654,0.04050355404783628
1000,1,-1.785700598810283e-05,-1.133617240339929e-05,-0.004568096034563832,0.0008718411653435891,-0.01739021063910908,0.001277485641737329,0.002822317185613611,0.01826594989902498
1000,2,-4.154432928241803e-07,2.09932412359609e-07,7.754036450700469e-05,2.729407099539879e-05,9.264984561189393e-05,2.086501286029625e-05,2.487723109716423e-05,0.0001280465164881816
1000,3,0,0,0,0,0,0,0,0
1050,0,-3.59796164551547e-05,-6.316669398577699e-05,-0.01596885714607745,0.003569212973562427,-0.03674606106065813,-8.214686660158186e-05,0.004744383475034654,0.04050355404783628
1050,1,-1.785700598810283e-05,-1.133617240339929e-05,-0.004568096034563832,0.0008718411653435891,-0.01739021063910908,0.001277485641737329,0.002822317185613611,0.01826594989902498
1050,2,-4.154432928241803e-07,2.09932412359609e-07,7.754036450700469e-05,2.729407099539879e-05,9.264984561189393e-05,2.086501286029625e-05,2.487723109716423e-05,0.0001280465164881816
1050,3,0,0,0,0,0,0,0,0
1100,0,-3.59796164551547e-05,-6.316669398577699e-05,-0.01596885714607745,0.003569212973562427,-0.03674606106065813,-8.214686660158186e-05,0.004744383475034654,0.04050355404783628
1100,1,-1.785700598810283e-05,-1.133617240339929e-05,-0.004568096034563832,0.0008718411653435891,-0.01739021063910908,0.001277485641737329,0.002822317185613611,0.01826594989902498
1100,2,-4.154432928241803e-07,2.09932412359609e-07,7.754036450700469e-05,2.729407099539879e-05,9.264984561189393e-05,2.086501286029625e-05,2.487723109716423e-05,0.0001280465164881816
1100,3,0,0,0,0,0,0,0,0
1150,0,-3.59796164551547e-05,-6.316669398577699e-05,-0.01596885714607745,0.003569212973562427,-0.03674606106065813,-8.214686660158186e-05,0.004744383475034654,0.04050355404783628
1150,1,-1.785700598810283e-05,-1.133617240339929e-05,-0.004568096034563832,0.0008718411653435891,-0.01739021063910908,0.001277485641737329,0.002822317185613611,0.01826594989902498
1150,2,-4.154432928241803e-07,2.09932412359609e-07,7.754036450700469e-05,2.729407099539879e-05,9.264984561189393e-05,2.086501286029625e-05,2.487723109716423e-05,0.0001280465164881816
1150,3,0,0,0,0,0,0,0,0
1200,0,-3.59796164551547e-05,-6.316669398577699e-05,-0.01596885714607745,0.003569212973562427,-0.03674606106065813,-8.214686660158186e-05,0.004744383475034654,0.04050355404783628
1200,1,-1.785700598810283e-05,-1.133617240339929e-05,-0.004568096034563832,0.0008718411653435891,-0.01739021063910908,0.001277485641737329,0.002822317185613611,0.01826594989902498
1200,2,-4.154432928241803e-07,2.09932412359609e-07,7.754036450700469e-05,2.729407099539879e-05,9.264984561189393e-05,2.086501286029625e-05,2.487723109716423e-05,0.0001280465164881816
1200,3,0,0,0,0,0,0,0,0
1250,0,-3.59796164551547e-05,-6.316669398577699e-05,-0.01596885714607745,0.003569212973562427,-0.03674606106065813,-8.214686660158186e-05,0.004744383475034654,0.04050355404783628
1250,1,-1.785700598810283e-05,-1.133617240339929e-05,-0.004568096034563832,0.0008718411653435891,-0.01739021063910908,0.001277485641737329,0.002822317185613611,0.01826594989902498
1250,2,-4.154432928241803e-07,2.09932412359609e-07,7.754036450700469e-05,2.729407099539879e-05,9.264984561189393e-05,2.086501286029625e-05,2.487723109716423e-05,0.0001280465164881816
1250,3,0,0,0,0,0,0,0,0
1300,0,-3.59796164551547e-05,-6.316669398577699e-05,-0.01596885714607745,0.003569212973562427,-0.03674606106065813,-8.214686660158186e-05,0.004744383475034654,0.04050355404783628
1300,1,-1.785700598810283e-05,-1.133617240339929e-05,-0.004568096034563832,0.0008718411653435891,-0.01739021063910908,0.001277485641737329,0.002822317185613611,0.01826594989902498
1300,2,-4.154432928241803e-07,2.09932412359609e-07,7.754036450700469e-05,2.729407099539879e-05,9.264984561189393e-05,2.086501286029625e-05,2.487723109716423e-05,0.0001280465164881816
1300,3,0,0,0,0,0,0,0,0
1350,0,-3.59796164551547e-05,-6.316669398577699e-05,-0.01596885714607745,0.003569212973562427,-0.03674606106065813,-8.214686660158186e-05,0.004744383475034654,0.04050355404783628
1350,1,-1.785700598810283e-05,-1.133617240339929e-05,-0.004568096034563832,0.0008718411653435891,-0.01739021063910908,0.001277485641737329,0.002822317185613611,0.01826594989902498
1350,2,-4.154432928241803e-07,2.09932412359609e-07,7.754036450700469e-05,2.729407099539879e-05,9.264984561189393e-05,2.086501286029625e-05,2.487723109716423e-05,0.0001280465164881816
1350,3,0,0,0,0,0,0,0,0
1400,0,-3.59796164551547e-05,-6.316669398577699e-05,-0.01596885714607745,0.003569212973562427,-0.03674606106065813,-8.214686660158186e-05,0.004744383475034654,0.04050355404783628
1400,1,-1.785700598810283e-05,-1.133617240339929e-05,-0.004568096034563832,0.0008718411653435891,-0.01739021063910908,0.001277485641737329,0.002822317185613611,0.01826594989902498
1400,2,-4.154432928241803e-07,2.09932412359609e-07,7.754036450700469e-05,2.729407099539879e-05,9.264984561189393e-05,2.086501286029625e-05,2.487723109716423e-05,0.0001280465164881816
1400,3,0,0,0,0,0,0,0,0
1450,0,-3.59796164551547e-05,-6.316669398577699e-05,-0.01596885714607745,0.003569212973562427,-0.03674606106065813,-8.214686660158186e-05,0.004744383475034654,0.04050355404783628
1450,1,-1.785700598810283e-05,-1.133617240339929e-05,-0.004568096034563832,0.0008718411653435891,-0.01739021063910908,0.001277485641737329,0.002822317185613611,0.01826594989902498
1450,2,-4.154432928241803e-07,2.09932412359609e-07,7.754036450700469e-05,2.729407099539879e-05,9.264984561189393e-05,2.086501286029625e-05,2.487723109716423e-05,0.0001280465164881816
1450,3,0,0,0,0,0,0,0,0
1500,0,-3.59796164551547e-05,-6.316669398577699e-05,-0.01596885714607745,0.003569212973562427,-0.03674606106065813,-8.214686660158186e-05,0.004744383475034654,0.04050355404783628
1500,1,-1.785700598810283e-05,-1.133617240339929e-05,-0.004568096034563832,0.0008718411653435891,-0.01739021063910908,0.001277485641737329,0.002822317185613611,0.01826594989902498
1500,2,-4.154432928241803e-07,2.09932412359609e-07,7.754036450700469e-05,2.729407099539879e-05,9.264984561189393e-05,2.086501286029625e-05,2.487723109716423e-05,0.0001280465164881816
1500,3,0,0,0,0,0,0,0,0
1550,0,-3.59796164551547e-05,-6.316669398577699e-05,-0.01596885714607745,0.003569212973562427,-0.03674606106065813,-8.214686660158186e-05,0.004744383475034654,0.04050355404783628
1550,1,-1.785700598810283e-05,-1.133617240339929e-05,-0.004568096034563832,0.0008718411653435891,-0.01739021063910908,0.001277485641737329,0.002822317185613611,0.01826594989902498
1550,2,-4.154432928241803e-07,2.09932412359609e-07,7.754036450700469e-05,2.729407099539879e-05,9.264984561189393e-05,2.086501286029625e-05,2.487723109716423e-05,0.0001280465164881816
1550,3,0,0,0,0,0,0,0,0
1600,0,-3.59796164551547e-05,-6.316669398577699e-05,-0.01596885714607745,0.003569212973562427,-0.03674606106065813,-8.214686660158186e-05,0.004744383475034654,0.04050355404783628
1600,1,-1.785700598810283e-05,-1.133617240339929e-05,-0.004568096034563832,0.0008718411653435891,-0.01739021063910908,0.001277485641737329,0.002822317185613611,0.01826594989902498
1600,2,-4.154432928241803e-07,2.09932412359609e-07,7.754036450700469e-05,2.729407099539879e-05,9.264984561189393e-05,2.086501286029625e-05,2.487723109716423e-05,0.0001280465164881816
1600,3,0,0,0,0,0,0,0,0
1650,0,-3.59796164551547e-05,-6.316669398577699e-05,-0.01596885714607745,0.003569212973562427,-0.03674606106065813,-8.214686660158186e-05,0.004744383475034654,0.04050355404783628
1650,1,-1.785700598810283e-05,-1.133617240339929e-05,-0.004568096034563832,0.0008718411653435891,-0.01739021063910908,0.001277485641737329,0.002822317185613611,0.01826594989902498
1650,2,-4.154432928241803e-07,2.09932412359609e-07,7.754036450700469e-05,2.729407099539879e-05,9.264984561189393e-05,2.086501286029625e-05,2.487723109716423e-05,0.0001280465164881816
1650,3,0,0,0,0,0,0,0,0
1700,0,-3.59796164551547e-05,-6.316669398577699e-05,-0.01596885714607745,0.003569212973562427,-0.03674606106065813,-8.214686660158186e-05,0.004744383475034654,0.04050355404783628
1700,1,-1.785700598810283e-05,-1.133617240339929e-05,-0.004568096034563832,0.0008718411653435891,-0.01739021063910908,0.001277485641737329,0.002822317185613611,0.01826594989902498
1700,2,-4.154432928241803e-07,2.09932412359609e-07,7.754036450700469e-05,2.729407099539879e-05,9.264984561189393e-05,2.086501286029625e-05,2.487723109716423e-05,0.0001280465164881816
1700,3,0,0,0,0,0,0,0,0
1750,0,-3.59796164551547e-05,-6.316669398577699e-05,-0.01596885714607745,0.003569212973562427,-0.03674606106065813,-8.214686660158186e-05,0.004744383475034654,0.04050355404783628
1750,1,-1.785700598810283e-05,-1.133617240339929e-05,-0.004568096034563832,0.0008718411653435891,-0.01739021063910908,0.001277485641737329,0.002822317185613611,0.01826594989902498
1750,2,-4.154432928241803e-07,2.09932412359609e-07,7.754036450700469e-05,2.729407099539879e-05,9.264984561189393e-05,2.086501286029625e-05,2.487723109716423e-05,0.0001280465164881816
1750,3,0,0,0,0,0,0,0,0
1800,0,-3.59796164551547e-05,-6.316669398577699e-05,-0.01596885714607745,0.003569212973562427,-0.03674606106065813,-8.214686660158186e-05,0.004744383475034654,0.04050355404783628
1800,1,-1.785700598810283e-05,-1.133617240339929e-05,-0.004568096034563832,0.0008718411653435891,-0.01739021063910908,0.001277485641737329,0.002822317185613611,0.01826594989902498
1800,2,-4.154432928241803e-07,2.09932412359609e-07,7.754036450700469e-05,2.729407099539879e-05,9.264984561189393e-05,2.086501286029625e-05,2.487723109716423e-05,0.0001280465164881816
1800,3,0,0,0,0,0,0,0,0
1850,0,-3.59796164551547e-05,-6.316669398577699e-05,-0.01596885714607745,0.003569212973562427,-0.03674606106065813,-8.214686660158186e-05,0.004744383475034654,0.04050355404783628
1850,1,-1.785700598810283e-05,-1.133617240339929e-05,-0.004568096034563832,0.0008718411653435891,-0.01739021063910908,0.001277485641737329,0.002822317185613611,0.01826594989902498
1850,2,-4.154432928241803e-07,2.09932412359609e-07,7.754036450700469e-05,2.729407099539879e-05,9.264984561189393e-05,2.086501286029625e-05,2.487723109716423e-05,0.0001280465164881816
1850,3,0,0,0,0,0,0,0,0
1900,0,-3.59796164551547e-05,-6.316669398577699e-05,-0.01596885714607745,0.003569212973562427,-0.03674606106065813,-8.214686660158186e-05,0.004744383475034654,0.04050355404783628
1900,1,-1.785700598810283e-05,-1.133617240339929e-05,-0.004568096034563832,0.0008718411653435891,-0.01739021063910908,0.001277485641737329,0.002822317185613611,0.01826594989902498
1900,2,-4.154432928241803e-07,2.09932412359609e-07,7.754036450700469e-05,2.729407099539879e-05,9.264984561189393e-05,2.086501286029625e-05,2.487723109716423e-05,0.0001280465164881816
1900,3,0,0,0,0,0,0,0,0
1950,0,-3.59796164551547e-05,-6.316669398577699e-05,-0.01596885714607745,0.003569212973562427,-0.03674606106065813,-8.214686660158186e-05,0.004744383475034654,0.04050355404783628
1950,1,-1.785700598810283e-05,-1.133617240339929e-05,-0.004568096034563832,0.0008718411653435891,-0.01739021063910908,0.001277485641737329,0.002822317185613611,0.01826594989902498
1950,2,-4.154432928241803e-07,2.09932412359609e-07,7.754036450700469e-05,2.729407099539879e-05,9.264984561189393e-05,2.086501286029625e-05,2.487723109716423e-05,0.0001280465164881816
1950,3,0,0,0,0,0,0,0,0
2000,0,-3.59796164551547e-05,-6.316669398577699e-05,-0.01596885714607745,0.003569212973562427,-0.03674606106065813,-8.214686660158186e-05,0.004744383475034654,0.04050355404783628
2000,1,-1.785700598810283e-05,-1.133617240339929e-05,-0.004568096034563832,0.0008718411653435891,-0.01739021063910908,0.001277485641737329,0.002822317185613611,0.01826594989902498
2000,2,-4.154432928241803e-07,2.09932412359609e-07,7.754036450700469e-05,2.729407099539879e-05,9.264984561189393e-05,2.086501286029625e-05,2.487723109716423e-05,0.0001280465164881816
2000,3,0,0,0,0,0,0,0,0
2050,0,-3.59796164551547e-05,-6.316669398577699e-05,-0.01596885714607745,0.003569212973562427,-0.03674606106065813,-8.214686660158186e-05,0.004744383475034654,0.04050355404783628
2050,1,-1.785700598810283e-05,-1.133617240339929e-05,-0.004568096034563832,0.0008718411653435891,-0.01739021063910908,0.001277485641737329,0.002822317185613611,0.01826594989902498
2050,2,-4.154432928241803e-07,2.09932412359609e-07,7.754036450700469e-05,2.729407099539879e-05,9.264984561189393e-05,2.086501286029625e-05,2.487723109716423e-05,0.0001280465164881816
2050,3,0,0,0,0,0,0,0,0
2100,0,-3.59796164551547e-05,-6.316669398577699e-05,-0.01596885714607745,0.003569212973562427,-0.03674606106065813,-8.214686660158186e-05,0.004744383475034654,0.04050355404783628
2100,1,-1.785700598810283e-05,-1.133617240339929e-05,-0.004568096034563832,0.0008718411653435891,-0.01739021063910908,0.001277485641737329,0.002822317185613611,0.01826594989902498
2100,2,-4.154432928241803e-07,2.09932412359609e-07,7.754036450700469e-05,2.729407099539879e-05,9.264984561189393e-05,2.086501286029625e-05,2.487723109716423e-05,0.0001280465164881816
2100,3,0,0,0,0,0,0,0,0
2150,0,-3.59796164551547e-05,-6.316669398577699e-05,-0.01596885714607745,0.003569212973562427,-0.03674606106065813,-8.214686660158186e-05,0.004744383475034654,0.04050355404783628
2150,1,-1.785700598810283e-05,-1.133617240339929e-05,-0.004568096034563832,0.0008718411653435891,-0.01739021063910908,0.001277485641737329,0.002822317185613611,0.01826594989902498
2150,2,-4.154432928241803e-07,2.09932412359609e-07,7.754036450700469e-05,2.729407099539879e-05,9.264984561189393e-05,2.086501286029625e-05,2.487723109716423e-05,0.0001280465164881816
2150,3,0,0,0,0,0,0,0,0
2200,0,-3.59796164551547e-05,-6.316669398577699e-05,-0.01596885714607745,0.003569212973562427,-0.03674606106065813,-8.214686660158186e-05,0.004744383475034654,0.04050355404783628
2200,1,-1.785700598810283e-05,-1.133617240339929e-05,-0.004568096034563832,0.0008718411653435891,-0.01739021063910908,0.001277485641737329,0.002822317185613611,0.01826594989902498
2200,2,-4.154432928241803e-07,2.09932412359609e-07,7.754036450700469e-05,2.729407099539879e-05,9.264984561189393e-05,2.086501286029625e-05,2.487723109716423e-05,0.0001280465164881816
2200,3,0,0,0,0,0,0,0,0
2250,0,-3.59796164551547e-05,-6.316669398577699e-05,-0.01596885714607745,0.003569212973562427,-0.03674606106065813,-8.214686660158186e-05,0.004744383475034654,0.04050355404783628
2250,1,-1.785700598810283e-05,-1.133617240339929e-05,-0.004568096034563832,0.0008718411653435891,-0.01739021063910908,0.001277485641737329,0.002822317185613611,0.01826594989902498
2250,2,-4.154432928241803e-07,2.09932412359609e-07,7.754036450700469e-05,2.729407099539879e-05,9.264984561189393e-05,2.086501286029625e-05,2.487723109716423e-05,0.0001280465164881816
2250,3,0,0,0,0,0,0,0,0
2300,0,-3.59796164551547e-05,-6.316669398577699e-05,-0.01596885714607745,0.003569212973562427,-0.03674606106065813,-8.214686660158186e-05,0.004744383475034654,0.04050355404783628
2300,1,-1.785700598810283e-05,-1.133617240339929e-05,-0.004568096034563832,0.0008718411653435891,-0.01739021063910908,0.001277485641737329,0.002822317185613611,0.01826594989902498
2300,2,-4.154432928241803e-07,2.09932412359609e-07,7.754036450700469e-05,2.729407099539879e-05,9.264984561189393e-05,2.086501286029625e-05,2.487723109716423e-05,0.0001280465164881816
2300,3,0,0,0,0,0,0,0,0
2350,0,-3.59796164551547e-05,-6.316669398577699e-05,-0.01596885714607745,0.003569212973562427,-0.03674606106065813,-8.214686660158186e-05,0.004744383475034654,0.04050355404783628
2350,1,-1.785700598810283e-05,-1.133617240339929e-05,-0.004568096034563832,0.0008718411653435891,-0.01739021063910908,0.001277485641737329,0.002822317185613611,0.01826594989902498
2350,2,-4.154432928241803e-07,2.09932412359609e-07,7.754036450700469e-05,2.729407099539879e-05,9.264984561189393e-05,2.086501286029625e-05,2.487723109716423e-05,0.0001280465164881816
2350,3,0,0,0,0,0,0,0,0
2400,0,-3.59796164551547e-05,-6.316669398577699e-05,-0.01596885714607745,0.003569212973562427,-0.03674606106065813,-8.214686660158186e-05,0.004744383475034654,0.04050355404783628
2400,1,-1.785700598810283e-05,-1.133617240339929e-05,-0.004568096034563832,0.0008718411653435891,-0.01739021063910908,0.001277485641737329,0.002822317185613611,0.01826594989902498
2400,2,-4.154432928241803e-07,2.09932412359609e-07,7.754036450700469e-05,2.729407099539879e-05,9.264984561189393e-05,2.086501286029625e-05,2.487723109716423e-05,0.0001280465164881816
2400,3,0,0,0,0,0,0,0,0
2450,0,-3.59796164551547e-05,-6.316669398577699e-05,-0.01596885714607745,0.003569212973562427,-0.03674606106065813,-8.214686660158186e-05,0.004744383475034654,0.04050355404783628
2450,1,-1.785700598810283e-05,-1.133617240339929e-05,-0.004568096034563832,0.0008718411653435891,-0.01739021063910908,0.001277485641737329,0.002822317185613611,0.01826594989902498
2450,2,-4.154432928241803e-07,2.09932412359609e-07,7.754036450700469e-05,2.729407099539879e-05,9.264984561189393e-05,2.086501286029625e-05,2.487723109716423e-05,0.0001280465164881816
2450,3,0,0,0,0,0,0,0,0
2500,0,-3.59796164551547e-05,-6.316669398577699e-05,-0.01596885714607745,0.003569212973562427,-0.03674606106065813,-8.214686660158186e-05,0.004744383475034654,0.04050355404783628
2500,1,-1.785700598810283e-05,-1.133617240339929e-05,-0.004568096034563832,0.0008718411653435891,-0.01739021063910908,0.001277485641737329,0.002822317185613611,0.01826594989902498
2500,2,-4.154432928241803e-07,2.09932412359609e-07,7.754036450700469e-05,2.729407099539879e-05,9.264984561189393e-05,2.086501286029625e-05,2.487723109716423e-05,0.0001280465164881816
2500,3,0,0,0,0,0,0,0,0
2550,0,-3.59796164551547e-05,-6.316669398577699e-05,-0.01596885714607745,0.003569212973562427,-0.03674606106065813,-8.214686660158186e-05,0.004744383475034654,0.04050355404783628
2550,1,-1.785700598810283e-05,-1.133617240339929e-05,-0.004568096034563832,0.0008718411653435891,-0.01739021063910908,0.001277485641737329,0.002822317185613611,0.01826594989902498
2550,2,-4.154432928241803e-07,2.09932412359609e-07,7.754036450700469e-05,2.729407099539879e-05,9.264984561189393e-05,2.086501286029625e-05,2.487723109716423e-05,0.0001280465164881816
2550,3,0,0,0,0,0,0,0,0
2600,0,-3.59796164551547e-05,-6.316669398577699e-05,-0.01596885714607745,0.003569212973562427,-0.03674606106065813,-8.214686660158186e-05,0.004744383475034654,0.04050355404783628
2600,1,-1.785700598810283e-05,-1.133617240339929e-05,-0.004568096034563832,0.0008718411653435891,-0.01739021063910908,0.001277485641737329,0.002822317185613611,0.01826594989902498
2600,2,-4.154432928241803e-07,2.09932412359609e-07,7.754036450700469e-05,2.729407099539879e-05,9.264984561189393e-05,2.086501286029625e-05,2.487723109716423e-05,0.0001280465164881816
2600,3,0,0,0,0,0,0,0,0
2650,0,-3.59796164551547e-05,-6.316669398577699e-05,-0.01596885714607745,0.003569212973562427,-0.03674606106065813,-8.214686660158186e-05,0.004744383475034654,0.04050355404783628
2650,1,-1.785700598810283e-05,-1.133617240339929e-05,-0.004568096034563832,0.0008718411653435891,-0.01739021063910908,0.001277485641737329,0.002822317185613611,0.01826594989902498
2650,2,-4.154432928241803e-07,2.09932412359609e-07,7.754036450700469e-05,2.729407099539879e-05,9.264984561189393e-05,2.086501286029625e-05,2.487723109716423e-05,0.0001280465164881816
2650,3,0,0,0,0,0,0,0,0
2700,0,-3.59796164551547e-05,-6.316669398577699e-05,-0.01596885714607745,0.003569212973562427,-0.03674606106065813,-8.214686660158186e-05,0.004744383475034654,0.04050355404783628
2700,1,-1.785700598810283e-05,-1.133617240339929e-05,-0.004568096034563832,0.0008718411653435891,-0.01739021063910908,0.001277485641737329,0.002822317185613611,0.01826594989902498
2700,2,-4.154432928241803e-07,2.09932412359609e-07,7.754036450700469e-05,2.729407099539879e-05,9.264984561189393e-05,2.086501286029625e-05,2.487723109716423e-05,0.0001280465164881816
2700,3,0,0,0,0,0,0,0,0
2750,0,-3.59796164551547e-05,-6.316669398577699e-05,-0.01596885714607745,0.003569212973562427,-0.03674606106065813,-8.214686660158186e-05,0.004744383475034654,0.04050355404783628
2750,1,-1.785700598810283e-05,-1.133617240339929e-05,-0.004568096034563832,0.0008718411653435891,-0.01739021063910908,0.001277485641737329,0.002822317185613611,0.01826594989902498
2750,2,-4.154432928241803e-07,2.09932412359609e-07,7.754036450700469e-05,2.729407099539879e-05,9.264984561189393e-05,2.086501286029625e-05,2.487723109716423e-05,0.0001280465164881816
2750,3,0,0,0,0,0,0,0,0
2800,0,-3.59796164551547e-05,-6.316669398577699e-05,-0.01596885714607745,0.003569212973562427,-0.03674606106065813,-8.214686660158186e-05,0.004744383475034654,0.04050355404783628
2800,1,-1.785700598810283e-05,-1.133617240339929e-05,-0.004568096034563832,0.0008718411653435891,-0.01739021063910908,0.001277485641737329,0.002822317185613611,0.01826594989902498
2800,2,-4.154432928241803e-07,2.09932412359609e-07,7.754036450700469e-05,2.729407099539879e-05,9.264984561189393e-05,2.086501286029625e-05,2.487723109716423e-05,0.0001280465164881816
2800,3,0,0,0,0,0,0,0,0
2850,0,-3.59796164551547e-05,-6.316669398577699e-05,-0.01596885714607745,0.003569212973562427,-0.03674606106065813,-8.214686660158186e-05,0.004744383475034654,0.04050355404783628
2850,1,-1.785700598810283e-05,-1.133617240339929e-05,-0.004568096034563832,0.0008718411653435891,-0.01739021063910908,0.001277485641737329,0.002822317185613611,0.01826594989902498
2850,2,-4.154432928241803e-07,2.09932412359609e-07,7.754036450700469e-05,2.729407099539879e-05,9.264984561189393e-05,2.086501286029625e-05,2.487723109716423e-05,0.0001280465164881816
2850,3,0,0,0,0,0,0,0,0
2900,0,-3.59796164551547e-05,-6.316669398577699e-05,-0.01596885714607745,0.003569212973562427,-0.03674606106065813,-8.214686660158186e-05,0.004744383475034654,0.04050355404783628
2900,1,-1.785700598810283e-05,-1.133617240339929e-05,-0.004568096034563832,0.0008718411653435891,-0.01739021063910908,0.001277485641737329,0.002822317185613611,0.01826594989902498
2900,2,-4.154432928241803e-07,2.09932412359609e-07,7.754036450700469e-05,2.729407099539879e-05,9.264984561189393e-05,2.086501286029625e-05,2.487723109716423e-05,0.0001280465164881816
2900,3,0,0,0,0,0,0,0,0
2950,0,-3.59796164551547e-05,-6.316669398577699e-05,-0.01596885714607745,0.003569212973562427,-0.03674606106065813,-8.214686660158186e-05,0.004744383475034654,0.04050355404783628
2950,1,-1.785700598810283e-05,-1.133617240339929e-05,-0.004568096034563832,0.0008718411653435891,-0.01739021063910908,0.001277485641737329,0.002822317185613611,0.01826594989902498
2950,2,-4.154432928241803e-07,2.09932412359609e-07,7.754036450700469e-05,2.729407099539879e-05,9.264984561189393e-05,2.086501286029625e-05,2.487723109716423e-05,0.0001280465164881816
2950,3,0,0,0,0,0,0,0,0
3000,0,-3.59796164551547e-05,-6.316669398577699e-05,-0.01596885714607745,0.003569212973562427,-0.03674606106065813,-8.214686660158186e-05,0.004744383475034654,0.04050355404783628
3000,1,-1.785700598810283e-05,-1.133617240339929e-05,-0.004568096034563832,0.0008718411653435891,-0.01739021063910908,0.001277485641737329,0.002822317185613611,0.01826594989902498
3000,2,-4.154432928241803e-07,2.09932412359609e-07,7.754036450700469e-05,2.729407099539879e-05,9.264984561189393e-05,2.086501286029625e-05,2.487723109716423e-05,0.0001280465164881816
3000,3,0,0,0,0,0,0,0,0
3050,0,-3.59796164551547e-05,-6.316669398577699e-05,-0.01596885714607745,0.003569212973562427,-0.03674606106065813,-8.214686660158186e-05,0.004744383475034654,0.04050355404783628
3050,1,-1.785700598810283e-05,-1.133617240339929e-05,-0.004568096034563832,0.0008718411653435891,-0.01739021063910908,0.001277485641737329,0.002822317185613611,0.01826594989902498
3050,2,-4.154432928241803e-07,2.09932412359609e-07,7.754036450700469e-05,2.729407099539879e-05,9.264984561189393e-05,2.086501286029625e-05,2.487723109716423e-05,0.0001280465164881816
3050,3,0,0,0,0,0,0,0,0
3100,0,-3.59796164551547e-05,-6.316669398577699e-05,-0.01596885714607745,0.003569212973562427,-0.03674606106065813,-8.214686660158186e-05,0.004744383475034654,0.04050355404783628
3100,1,-1.785700598810283e-05,-1.133617240339929e-05,-0.004568096034563832,0.0008718411653435891,-0.01739021063910908,0.001277485641737329,0.002822317185613611,0.01826594989902498
3100,2,-4.154432928241803e-07,2.09932412359609e-07,7.754036450700469e-05,2.729407099539879e-05,9.264984561189393e-05,2.086501286029625e-05,2.487723109716423e-05,0.0001280465164881816
3100,3,0,0,0,0,0,0,0,0
3150,0,-3.59796164551547e-05,-6.316669398577699e-05,-0.01596885714607745,0.003569212973562427,-0.03674606106065813,-8.214686660158186e-05,0.004744383475034654,0.04050355404783628
3150,1,-1.785700598810283e-05,-1.133617240339929e-05,-0.004568096034563832,0.0008718411653435891,-0.01739021063910908,0.001277485641737329,0.002822317185613611,0.01826594989902498
3150,2,-4.154432928241803e-07,2.09932412359609e-07,7.754036450700469e-05,2.729407099539879e-05,9.264984561189393e-05,2.086501286029625e-05,2.487723109716423e-05,0.0001280465164881816
3150,3,0,0,0,0,0,0,0,0
3200,0,-3.59796164551547e-05,-6.316669398577699e-05,-0.01596885714607745,0.003569212973562427,-0.03674606106065813,-8.214686660158186e-05,0.004744383475034654,0.04050355404783628
3200,1,-1.785700598810283e-05,-1.133617240339929e-05,-0.004568096034563832,0.0008718411653435891,-0.01739021063910908,0.001277485641737329,0.002822317185613611,0.01826594989902498
3200,2,-4.154432928241803e-07,2.09932412359609e-07,7.754036450700469e-05,2.729407099539879e-05,9.264984561189393e-05,2.086501286029625e-05,2.487723109716423e-05,0.0001280465164881816
3200,3,0,0,0,0,0,0,0,0
3250,0,-3.59796164551547e-05,-6.316669398577699e-05,-0.01596885714607745,0.003569212973562427,-0.03674606106065813,-8.214686660158186e-05,0.004744383475034654,0.04050355404783628
3250,1,-1.785700598810283e-05,-1.133617240339929e-05,-0.004568096034563832,0.0008718411653435891,-0.01739021063910908,0.001277485641737329,0.002822317185613611,0.01826594989902498
3250,2,-4.154432928241803e-07,2.09932412359609e-07,7.754036450700469e-05,2.729407099539879e-05,9.264984561189393e-05,2.086501286029625e-05,2.487723109716423e-05,0.0001280465164881816
3250,3,0,0,0,0,0,0,0,0
3300,0,-3.59796164551547e-05,-6.316669398577699e-05,-0.01596885714607745,0.003569212973562427,-0.03674606106065813,-8.214686660158186e-05,0.004744383475034654,0.04050355404783628
3300,1,-1.785700598810283e-05,-1.133617240339929e-05,-0.004568096034563832,0.0008718411653435891,-0.01739021063910908,0.001277485641737329,0.002822317185613611,0.01826594989902498
3300,2,-4.154432928241803e-07,2.09932412359609e-07,7.754036450700469e-05,2.729407099539879e-05,9.264984561189393e-05,2.086501286029625e-05,2.487723109716423e-05,0.0001280465164881816
3300,3,0,0,0,0,0,0,0,0
3350,0,-3.59796164551547e-05,-6.316669398577699e-05,-0.01596885714607745,0.003569212973562427,-0.03674606106065813,-8.214686660158186e-05,0.004744383475034654,0.04050355404783628
3350,1,-1.785700598810283e-05,-1.133617240339929e-05,-0.004568096034563832,0.0008718411653435891,-0.01739021063910908,0.001277485641737329,0.002822317185613611,0.01826594989902498
3350,2,-4.154432928241803e-07,2.09932412359609e-07,7.754036450700469e-05,2.729407099539879e-05,9.264984561189393e-05,2.086501286029625e-05,2.487723109716423e-05,0.0001280465164881816
3350,3,0,0,0,0,0,0,0,0
3400,0,-3.59796164551547e-05,-6.316669398577699e-05,-0.01596885714607745,0.003569212973562427,-0.03674606106065813,-8.214686660158186e-05,0.004744383475034654,0.04050355404783628
3400,1,-1.785700598810283e-05,-1.133617240339929e-05,-0.004568096034563832,0.0008718411653435891,-0.01739021063910908,0.001277485641737329,0.002822317185613611,0.01826594989902498
3400,2,-4.154432928241803e-07,2.09932412359609e-07,7.754036450700469e-05,2.729407099539879e-05,9.264984561189393e-05,2.086501286029625e-05,2.487723109716423e-05,0.0001280465164881816
3400,3,0,0,0,0,0,0,0,0
3450,0,-3.59796164551547e-05,-6.316669398577699e-05,-0.01596885714607745,0.003569212973562427,-0.03674606106065813,-8.214686660158186e-05,0.004744383475034654,0.04050355404783628
3450,1,-1.785700598810283e-05,-1.133617240339929e-05,-0.004568096034563832,0.0008718411653435891,-0.01739021063910908,0.001277485641737329,0.002822317185613611,0.01826594989902498
3450,2,-4.154432928241803e-07,2.09932412359609e-07,7.754036450700469e-05,2.729407099539879e-05,9.264984561189393e-05,2.086501286029625e-05,2.487723109716423e-05,0.0001280465164881816
3450,3,0,0,0,0,0,0,0,0
3500,0,-3.59796164551547e-05,-6.316669398577699e-05,-0.01596885714607745,0.003569212973562427,-0.03674606106065813,-8.214686660158186e-05,0.004744383475034654,0.04050355404783628
3500,1,-1.785700598810283e-05,-1.133617240339929e-05,-0.004568096034563832,0.0008718411653435891,-0.01739021063910908,0.001277485641737329,0.002822317185613611,0.01826594989902498
3500,2,-4.154432928241803e-07,2.09932412359609e-07,7.754036450700469e-05,2.729407099539879e-05,9.264984561189393e-05,2.086501286029625e-05,2.487723109716423e-05,0.0001280465164881816
3500,3,0,0,0,0,0,0,0,0
3550,0,-3.59796164551547e-05,-6.316669398577699e-05,-0.01596885714607745,0.003569212973562427,-0.03674606106065813,-8.214686660158186e-05,0.004744383475034654,0.04050355404783628
3550,1,-1.785700598810283e-05,-1.133617240339929e-05,-0.004568096034563832,0.0008718411653435891,-0.01739021063910908,0.001277485641737329,0.002822317185613611,0.01826594989902498
3550,2,-4.154432928241803e-07,2.09932412359609e-07,7.754036450700469e-05,2.729407099539879e-05,9.264984561189393e-05,2.086501286029625e-05,2.487723109716423e-05,0.0001280465164881816
3550,3,0,0,0,0,0,0,0,0
3600,0,-3.59796164551547e-05,-6.316669398577699e-05,-0.01596885714607745,0.003569212973562427,-0.03674606106065813,-8.214686660158186e-05,0.004744383475034654,0.04050355404783628
3600,1,-1.785700598810283e-05,-1.133617240339929e-05,-0.004568096034563832,0.0008718411653435891,-0.01739021063910908,0.001277485641737329,0.002822317185613611,0.01826594989902498
3600,2,-4.154432928241803e-07,2.09932412359609e-07,7.754036450700469e-05,2.729407099539879e-05,9.264984561189393e-05,2.086501286029625e-05,2.487723109716423e-05,0.0001280465164881816
3600,3,0,0,0,0,0,0,0,0
3650,0,-3.59796164551547e-05,-6.316669398577699e-05,-0.01596885714607745,0.003569212973562427,-0.03674606106065813,-8.214686660158186e-05,0.004744383475034654,0.04050355404783628
3650,1,-1.785700598810283e-05,-1.133617240339929e-05,-0.004568096034563832,0.0008718411653435891,-0.01739021063910908,0.001277485641737329,0.002822317185613611,0.01826594989902498
3650,2,-4.154432928241803e-07,2.09932412359609e-07,7.754036450700469e-05,2.729407099539879e-05,9.264984561189393e-05,2.086501286029625e-05,2.487723109716423e-05,0.0001280465164881816
3650,3,0,0,0,0,0,0,0,0
3700,0,-3.59796164551547e-05,-6.316669398577699e-05,-0.01596885714607745,0.003569212973562427,-0.03674606106065813,-8.214686660158186e-05,0.004744383475034654,0.04050355404783628
3700,1,-1.785700598810283e-05,-1.133617240339929e-05,-0.004568096034563832,0.0008718411653435891,-0.01739021063910908,0.001277485641737329,0.002822317185613611,0.01826594989902498
3700,2,-4.154432928241803e-07,2.09932412359609e-07,7.754036450700469e-05,2.729407099539879e-05,9.264984561189393e-05,2.086501286029625e-05,2.487723109716423e-05,0.0001280465164881816
3700,3,0,0,0,0,0,0,0,0
3750,0,-3.59796164551547e-05,-6.316669398577699e-05,-0.01596885714607745,0.003569212973562427,-0.03674606106065813,-8.214686660158186e-05,0.004744383475034654,0.04050355404783628
3750,1,-1.785700598810283e-05,-1.133617240339929e-05,-0.004568096034563832,0.0008718411653435891,-0.01739021063910908,0.001277485641737329,0.002822317185613611,0.01826594989902498
3750,2,-4.154432928241803e-07,2.09932412359609e-07,7.754036450700469e-05,2.729407099539879e-05,9.264984561189393e-05,2.086501286029625e-05,2.487723109716423e-05,0.0001280465164881816
3750,3,0,0,0,0,0,0,0,0
3800,0,-3.59796164551547e-05,-6.316669398577699e-05,-0.01596885714607745,0.003569212973562427,-0.03674606106065813,-8.214686660158186e-05,0.004744383475034654,0.04050355404783628
3800,1,-1.785700598810283e-05,-1.133617240339929e-05,-0.004568096034563832,0.0008718411653435891,-0.01739021063910908,0.001277485641737329,0.002822317185613611,0.01826594989902498
3800,2,-4.154432928241803e-07,2.09932412359609e-07,7.754036450700469e-05,2.729407099539879e-05,9.264984561189393e-05,2.086501286029625e-05,2.487723109716423e-05,0.0001280465164881816
3800,3,0,0,0,0,0,0,0,0
3850,0,-3.59796164551547e-05,-6.316669398577699e-05,-0.01596885714607745,0.003569212973562427,-0.03674606106065813,-8.214686660158186e-05,0.004744383475034654,0.04050355404783628
3850,1,-1.785700598810283e-05,-1.133617240339929e-05,-0.004568096034563832,0.0008718411653435891,-0.01739021063910908,0.001277485641737329,0.002822317185613611,0.01826594989902498
3850,2,-4.154432928241803e-07,2.09932412359609e-07,7.754036450700469e-05,2.729407099539879e-05,9.264984561189393e-05,2.086501286029625e-05,2.487723109716423e-05,0.0001280465164881816
3850,3,0,0,0,0,0,0,0,0
3900,0,-3.59796164551547e-05,-6.316669398577699e-05,-0.01596885714607745,0.003569212973562427,-0.03674606106065813,-8.214686660158186e-05,0.004744383475034654,0.04050355404783628
3900,1,-1.785700598810283e-05,-1.133617240339929e-05,-0.004568096034563832,0.0008718411653435891,-0.01739021063910908,0.001277485641737329,0.002822317185613611,0.01826594989902498
3900,2,-4.154432928241803e-07,2.09932412359609e-07,7.754036450700469e-05,2.729407099539879e-05,9.264984561189393e-05,2.086501286029625e-05,2.487723109716423e-05,0.0001280465164881816
3900,3,0,0,0,0,0,0,0,0
3950,0,-3.59796164551547e-05,-6.316669398577699e-05,-0.01596885714607745,0.003569212973562427,-0.03674606106065813,-8.214686660158186e-05,0.004744383475034654,0.04050355404783628
3950,1,-1.785700598810283e-05,-1.133617240339929e-05,-0.004568096034563832,0.0008718411653435891,-0.01739021063910908,0.001277485641737329,0.002822317185613611,0.01826594989902498
3950,2,-4.154432928241803e-07,2.09932412359609e-07,7.754036450700469e-05,2.729407099539879e-05,9.264984561189393e-05,2.086501286029625e-05,2.487723109716423e-05,0.0001280465164881816
3950,3,0,0,0,0,0,0,0,0
4000,0,-3.59796164551547e-05,-6.316669398577699e-05,-0.01596885714607745,0.003569212973562427,-0.03674606106065813,-8.214686660158186e-05,0.004744383475034654,0.04050355404783628
4000,1,-1.785700598810283e-05,-1.133617240339929e-05,-0.004568096034563832,0.0008718411653435891,-0.01739021063910908,0.001277485641737329,0.002822317185613611,0.01826594989902498
4000,2,-4.154432928241803e-07,2.09932412359609e-07,7.754036450700469e-05,2.729407099539879e-05,9.264984561189393e-05,2.086501286029625e-05,2.487723109716423e-05,0.0001280465164881816
4000,3,0,0,0,0,0,0,0,0
4050,0,-3.59796164551547e-05,-6.316669398577699e-05,-0.01596885714607745,0.003569212973562427,-0.03674606106065813,-8.214686660158186e-05,0.004744383475034654,0.04050355404783628
4050,1,-1.785700598810283e-05,-1.133617240339929e-05,-0.004568096034563832,0.0008718411653435891,-0.01739021063910908,0.001277485641737329,0.002822317185613611,0.01826594989902498
4050,2,-4.154432928241803e-07,2.09932412359609e-07,7.754036450700469e-05,2.729407099539879e-05,9.264984561189393e-05,2.086501286029625e-05,2.487723109716423e-05,0.0001280465164881816
4050,3,0,0,0,0,0,0,0,0
4100,0,-3.59796164551547e-05,-6.316669398577699e-05,-0.01596885714607745,0.003569212973562427,-0.03674606106065813,-8.214686660158186e-05,0.004744383475034654,0.04050355404783628
4100,1,-1.785700598810283e-05,-1.133617240339929e-05,-0.004568096034563832,0.0008718411653435891,-0.01739021063910908,0.001277485641737329,0.002822317185613611,0.01826594989902498
4100,2,-4.154432928241803e-07,2.09932412359609e-07,7.754036450700469e-05,2.729407099539879e-05,9.264984561189393e-05,2.086501286029625e-05,2.487723109716423e-05,0.0001280465164881816
4100,3,0,0,0,0,0,0,0,0
4150,0,-3.59796164551547e-05,-6.316669398577699e-05,-0.01596885714607745,0.003569212973562427,-0.03674606106065813,-8.214686660158186e-05,0.004744383475034654,0.04050355404783628
4150,1,-1.785700598810283e-05,-1.133617240339929e-05,-0.004568096034563832,0.0008718411653435891,-0.01739021063910908,0.001277485641737329,0.002822317185613611,0.01826594989902498
4150,2,-4.154432928241803e-07,2.09932412359609e-07,7.754036450700469e-05,2.729407099539879e-05,9.264984561189393e-05,2.086501286029625e-05,2.487723109716423e-05,0.0001280465164881816
4150,3,0,0,0,0,0,0,0,0
4200,0,-3.59796164551547e-05,-6.316669398577699e-05,-0.01596885714607745,0.003569212973562427,-0.03674606106065813,-8.214686660158186e-05,0.004744383475034654,0.04050355404783628
4200,1,-1.785700598810283e-05,-1.133617240339929e-05,-0.004568096034563832,0.0008718411653435891,-0.01739021063910908,0.001277485641737329,0.002822317185613611,0.01826594989902498
4200,2,-4.154432928241803e-07,2.09932412359609e-07,7.754036450700469e-05,2.729407099539879e-05,9.264984561189393e-05,2.086501286029625e-05,2.487723109716423e-05,0.0001280465164881816
4200,3,0,0,0,0,0,0,0,0
4250,0,-3.59796164551547e-05,-6.316669398577699e-05,-0.01596885714607745,0.003569212973562427,-0.03674606106065813,-8.214686660158186e-05,0.004744383475034654,0.04050355404783628
4250,1,-1.785700598810283e-05,-1.133617240339929e-05,-0.004568096034563832,0.0008718411653435891,-0.01739021063910908,0.001277485641737329,0.002822317185613611,0.01826594989902498
4250,2,-4.154432928241803e-07,2.09932412359609e-07,7.754036450700469e-05,2.729407099539879e-05,9.264984561189393e-05,2.086501286029625e-05,2.487723109716423e-05,0.0001280465164881816
4250,3,0,0,0,0,0,0,0,0
4300,0,-3.59796164551547e-05,-6.316669398577699e-05,-0.01596885714607745,0.003569212973562427,-0.03674606106065813,-8.214686660158186e-05,0.004744383475034654,0.04050355404783628
4300,1,-1.785700598810283e-05,-1.133617240339929e-05,-0.004568096034563832,0.0008718411653435891,-0.01739021063910908,0.001277485641737329,0.002822317185613611,0.01826594989902498
4300,2,-4.154432928241803e-07,2.09932412359609e-07,7.754036450700469e-05,2.729407099539879e-05,9.264984561189393e-05,2.086501286029625e-05,2.487723109716423e-05,0.0001280465164881816
4300,3,0,0,0,0,0,0,0,0
4350,0,-3.59796164551547e-05,-6.316669398577699e-05,-0.01596885714607745,0.003569212973562427,-0.03674606106065813,-8.214686660158186e-05,0.004744383475034654,0.04050355404783628
4350,1,-1.785700598810283e-05,-1.133617240339929e-05,-0.004568096034563832,0.0008718411653435891,-0.01739021063910908,0.001277485641737329,0.002822317185613611,0.01826594989902498
4350,2,-4.154432928241803e-07,2.09932412359609e-07,7.754036450700469e-05,2.729407099539879e-05,9.264984561189393e-05,2.086501286029625e-05,2.487723109716423e-05,0.0001280465164881816
4350,3,0,0,0,0,0,0,0,0
4400,0,-3.59796164551547e-05,-6.316669398577699e-05,-0.01596885714607745,0.003569212973562427,-0.03674606106065813,-8.214686660158186e-05,0.004744383475034654,0.04050355404783628
4400,1,-1.785700598810283e-05,-1.133617240339929e-05,-0.004568096034563832,0.0008718411653435891,-0.01739021063910908,0.001277485641737329,0.002822317185613611,0.01826594989902498
4400,2,-4.154432928241803e-07,2.09932412359609e-07,7.754036450700469e-05,2.729407099539879e-05,9.264984561189393e-05,2.086501286029625e-05,2.487723109716423e-05,0.0001280465164881816
4400,3,0,0,0,0,0,0,0,0
4450,0,-3.59796164551547e-05,-6.316669398577699e-05,-0.01596885714607745,0.003569212973562427,-0.03674606106065813,-8.214686660158186e-05,0.004744383475034654,0.04050355404783628
4450,1,-1.785700598810283e-05,-1.133617240339929e-05,-0.004568096034563832,0.0008718411653435891,-0.01739021063910908,0.001277485641737329,0.002822317185613611,0.01826594989902498
4450,2,-4.154432928241803e-07,2.09932412359609e-07,7.754036450700469e-05,2.729407099539879e-05,9.264984561189393e-05,2.086501286029625e-05,2.487723109716423e-05,0.0001280465164881816
4450,3,0,0,0,0,0,0,0,0
4500,0,-3.59796164551547e-05,-6.316669398577699e-05,-0.01596885714607745,0.003569212973562427,-0.03674606106065813,-8.214686660158186e-05,0.004744383475034654,0.04050355404783628
4500,1,-1.785700598810283e-05,-1.133617240339929e-05,-0.004568096034563832,0.0008718411653435891,-0.01739021063910908,0.001277485641737329,0.002822317185613611,0.01826594989902498
4500,2,-4.154432928241803e-07,2.09932412359609e-07,7.754036450700469e-05,2.729407099539879e-05,9.264984561189393e-05,2.086501286029625e-05,2.487723109716423e-05,0.0001280465164881816
4500,3,0,0,0,0,0,0,0,0
4550,0,-3.59796164551547e-05,-6.316669398577699e-05,-0.01596885714607745,0.003569212973562427,-0.03674606106065813,-8.214686660158186e-05,0.004744383475034654,0.04050355404783628
4550,1,-1.785700598810283e-05,-1.133617240339929e-05,-0.004568096034563832,0.0008718411653435891,-0.01739021063910908,0.001277485641737329,0.002822317185613611,0.01826594989902498
4550,2,-4.154432928241803e-07,2.09932412359609e-07,7.754036450700469e-05,2.729407099539879e-05,9.264984561189393e-05,2.086501286029625e-05,2.487723109716423e-05,0.0001280465164881816
4550,3,0,0,0,0,0,0,0,0
4600,0,-3.59796164551547e-05,-6.316669398577699e-05,-0.01596885714607745,0.003569212973562427,-0.03674606106065813,-8.214686660158186e-05,0.004744383475034654,0.04050355404783628
4600,1,-1.785700598810283e-05,-1.133617240339929e-05,-0.004568096034563832,0.0008718411653435891,-0.01739021063910908,0.001277485641737329,0.002822317185613611,0.01826594989902498
4600,2,-4.154432928241803e-07,2.09932412359609e-07,7.754036450700469e-05,2.729407099539879e-05,9.264984561189393e-05,2.086501286029625e-05,2.487723109716423e-05,0.0001280465164881816
4600,3,0,0,0,0,0,0,0,0
4650,0,-3.59796164551547e-05,-6.316669398577699e-05,-0.01596885714607745,0.003569212973562427,-0.03674606106065813,-8.214686660158186e-05,0.004744383475034654,0.04050355404783628
4650,1,-1.785700598810283e-05,-1.133617240339929e-05,-0.004568096034563832,0.0008718411653435891,-0.01739021063910908,0.001277485641737329,0.002822317185613611,0.01826594989902498
4650,2,-4.154432928241803e-07,2.09932412359609e-07,7.754036450700469e-05,2.729407099539879e-05,9.264984561189393e-05,2.086501286029625e-05,2.487723109716423e-05,0.0001280465164881816
4650,3,0,0,0,0,0,0,0,0
4700,0,-3.59796164551547e-05,-6.316669398577699e-05,-0.01596885714607745,0.003569212973562427,-0.03674606106065813,-8.214686660158186e-05,0.004744383475034654,0.04050355404783628
4700,1,-1.785700598810283e-05,-1.133617240339929e-05,-0.004568096034563832,0.0008718411653435891,-0.01739021063910908,0.001277485641737329,0.002822317185613611,0.01826594989902498
4700,2,-4.154432928241803e-07,2.09932412359609e-07,7.754036450700469e-05,2.729407099539879e-05,9.264984561189393e-05,2.086501286029625e-05,2.487723109716423e-05,0.0001280465164881816
4700,3,0,0,0,0,0,0,0,0
4750,0,-3.59796164551547e-05,-6.316669398577699e-05,-0.01596885714607745,0.003569212973562427,-0.03674606106065813,-8.214686660158186e-05,0.004744383475034654,0.04050355404783628
4750,1,-1.785700598810283e-05,-1.133617240339929e-05,-0.004568096034563832,0.0008718411653435891,-0.01739021063910908,0.001277485641737329,0.002822317185613611,0.01826594989902498
4750,2,-4.154432928241803e-07,2.09932412359609e-07,7.754036450700469e-05,2.729407099539879e-05,9.264984561189393e-05,2.086501286029625e-05,2.487723109716423e-05,0.0001280465164881816
4750,3,0,0,0,0,0,0,0,0
4800,0,-3.59796164551547e-05,-6.316669398577699e-05,-0.01596885714607745,0.003569212973562427,-0.03674606106065813,-8.214686660158186e-05,0.004744383475034654,0.04050355404783628
4800,1,-1.785700598810283e-05,-1.133617240339929e-05,-0.004568096034563832,0.0008718411653435891,-0.01739021063910908,0.001277485641737329,0.002822317185613611,0.01826594989902498
4800,2,-4.154432928241803e-07,2.09932412359609e-07,7.754036450700469e-05,2.729407099539879e-05,9.264984561189393e-05,2.086501286029625e-05,2.487723109716423e-05,0.0001280465164881816
4800,3,0,0,0,0,0,0,0,0
4850,0,-3.59796164551547e-05,-6.316669398577699e-05,-0.01596885714607745,0.003569212973562427,-0.03674606106065813,-8.214686660158186e-05,0.004744383475034654,0.04050355404783628
4850,1,-1.785700598810283e-05,-1.133617240339929e-05,-0.004568096034563832,0.0008718411653435891,-0.01739021063910908,0.001277485641737329,0.002822317185613611,0.01826594989902498
4850,2,-4.154432928241803e-07,2.09932412359609e-07,7.754036450700469e-05,2.729407099539879e-05,9.264984561189393e-05,2.086501286029625e-05,2.487723109716423e-05,0.0001280465164881816
4850,3,0,0,0,0,0,0,0,0
4900,0,-3.59796164551547e-05,-6.316669398577699e-05,-0.01596885714607745,0.003569212973562427,-0.03674606106065813,-8.214686660158186e-05,0.004744383475034654,0.04050355404783628
4900,1,-1.785700598810283e-05,-1.133617240339929e-05,-0.004568096034563832,0.0008718411653435891,-0.01739021063910908,0.001277485641737329,0.002822317185613611,0.01826594989902498
4900,2,-4.154432928241803e-07,2.09932412359609e-07,7.754036450700469e-05,2.729407099539879e-05,9.264984561189393e-05,2.086501286029625e-05,2.487723109716423e-05,0.0001280465164881816
4900,3,0,0,0,0,0,0,0,0
4950,0,-3.59796164551547e-05,-6.316669398577699e-05,-0.01596885714607745,0.003569212973562427,-0.03674606106065813,-8.214686660158186e-05,0.004744383475034654,0.04050355404783628
4950,1,-1.785700598810283e-05,-1.133617240339929e-05,-0.004568096034563832,0.0008718411653435891,-0.01739021063910908,0.001277485641737329,0.002822317185613611,0.01826594989902498
4950,2,-4.154432928241803e-07,2.09932412359609e-07,7.754036450700469e-05,2.729407099539879e-05,9.264984561189393e-05,2.086501286029625e-05,2.487723109716423e-05,0.0001280465164881816
4950,3,0,0,0,0,0,0,0,0
5000,0,-3.59796164551547e-05,-6.316669398577699e-05,-0.01596885714607745,0.003569212973562427,-0.03674606106065813,-8.214686660158186e-05,0.004744383475034654,0.04050355404783628
5000,1,-1.785700598810283e-05,-1.133617240339929e-05,-0.004568096034563832,0.0008718411653435891,-0.01739021063910908,0.001277485641737329,0.002822317185613611,0.01826594989902498
5000,2,-4.154432928241803e-07,2.09932412359609e-07,7.754036450700469e-05,2.729407099539879e-05,9.264984561189393e-05,2.086501286029625e-05,2.487723109716423e-05,0.0001280465164881816
5000,3,0,0,0,0,0,0,0,0
5050,0,-3.59796164551547e-05,-6.316669398577699e-05,-0.01596885714607745,0.003569212973562427,-0.03674606106065813,-8.214686660158186e-05,0.004744383475034654,0.04050355404783628
5050,1,-1.785700598810283e-05,-1.133617240339929e-05,-0.004568096034563832,0.0008718411653435891,-0.01739021063910908,0.001277485641737329,0.002822317185613611,0.01826594989902498
5050,2,-4.154432928241803e-07,2.09932412359609e-07,7.754036450700469e-05,2.729407099539879e-05,9.264984561189393e-05,2.086501286029625e-05,2.487723109716423e-05,0.0001280465164881816
5050,3,0,0,0,0,0,0,0,0
5100,0,-3.59796164551547e-05,-6.316669398577699e-05,-0.01596885714607745,0.003569212973562427,-0.03674606106065813,-8.214686660158186e-05,0.004744383475034654,0.04050355404783628
5100,1,-1.785700598810283e-05,-1.133617240339929e-05,-0.004568096034563832,0.0008718411653435891,-0.01739021063910908,0.001277485641737329,0.002822317185613611,0.01826594989902498
5100,2,-4.154432928241803e-07,2.09932412359609e-07,7.754036450700469e-05,2.729407099539879e-05,9.264984561189393e-05,2.086501286029625e-05,2.487723109716423e-05,0.0001280465164881816
5100,3,0,0,0,0,0,0,0,0
5150,0,-3.59796164551547e-05,-6.316669398577699e-05,-0.01596885714607745,0.003569212973562427,-0.03674606106065813,-8.214686660158186e-05,0.004744383475034654,0.04050355404783628
5150,1,-1.785700598810283e-05,-1.133617240339929e-05,-0.004568096034563832,0.0008718411653435891,-0.01739021063910908,0.001277485641737329,0.002822317185613611,0.01826594989902498
5150,2,-4.154432928241803e-07,2.09932412359609e-07,7.754036450700469e-05,2.729407099539879e-05,9.264984561189393e-05,2.086501286029625e-05,2.487723109716423e-05,0.0001280465164881816
5150,3,0,0,0,0,0,0,0,0
5200,0,-3.59796164551547e-05,-6.316669398577699e-05,-0.01596885714607745,0.003569212973562427,-0.03674606106065813,-8.214686660158186e-05,0.004744383475034654,0.04050355404783628
5200,1,-1.785700598810283e-05,-1.133617240339929e-05,-0.004568096034563832,0.0008718411653435891,-0.01739021063910908,0.001277485641737329,0.002822317185613611,0.01826594989902498
5200,2,-4.154432928241803e-07,2.09932412359609e-07,7.754036450700469e-05,2.729407099539879e-05,9.264984561189393e-05,2.086501286029625e-05,2.487723109716423e-05,0.0001280465164881816
5200,3,0,0,0,0,0,0,0,0
5250,0,-3.59796164551547e-05,-6.316669398577699e-05,-0.01596885714607745,0.003569212973562427,-0.03674606106065813,-8.214686660158186e-05,0.004744383475034654,0.04050355404783628
5250,1,-1.785700598810283e-05,-1.133617240339929e-05,-0.004568096034563832,0.0008718411653435891,-0.01739021063910908,0.001277485641737329,0.002822317185613611,0.01826594989902498
5250,2,-4.154432928241803e-07,2.09932412359609e-07,7.754036450700469e-05,2.729407099539879e-05,9.264984561189393e-05,2.086501286029625e-05,2.487723109716423e-05,0.0001280465164881816
5250,3,0,0,0,0,0,0,0,0
5300,0,-3.59796164551547e-05,-6.316669398577699e-05,-0.01596885714607745,0.003569212973562427,-0.03674606106065813,-8.214686660158186e-05,0.004744383475034654,0.04050355404783628
5300,1,-1.785700598810283e-05,-1.133617240339929e-05,-0.004568096034563832,0.0008718411653435891,-0.01739021063910908,0.001277485641737329,0.002822317185613611,0.01826594989902498
5300,2,-4.154432928241803e-07,2.09932412359609e-07,7.754036450700469e-05,2.729407099539879e-05,9.264984561189393e-05,2.086501286029625e-05,2.487723109716423e-05,0.0001280465164881816
5300,3,0,0,0,0,0,0,0,0
5350,0,-3.59796164551547e-05,-6.316669398577699e-05,-0.01596885714607745,0.003569212973562427,-0.03674606106065813,-8.214686660158186e-05,0.004744383475034654,0.04050355404783628
5350,1,-1.785700598810283e-05,-1.133617240339929e-05,-0.004568096034563832,0.0008718411653435891,-0.01739021063910908,0.001277485641737329,0.002822317185613611,0.01826594989902498
5350,2,-4.154432928241803e-07,2.09932412359609e-07,7.754036450700469e-05,2.729407099539879e-05,9.264984561189393e-05,2.086501286029625e-05,2.487723109716423e-05,0.0001280465164881816
5350,3,0,0,0,0,0,0,0,0
5400,0,-3.59796164551547e-05,-6.316669398577699e-05,-0.01596885714607745,0.003569212973562427,-0.03674606106065813,-8.214686660158186e-05,0.004744383475034654,0.04050355404783628
5400,1,-1.785700598810283e-05,-1.133617240339929e-05,-0.004568096034563832,0.0008718411653435891,-0.01739021063910908,0.001277485641737329,0.002822317185613611,0.01826594989902498
5400,2,-4.154432928241803e-07,2.09932412359609e-07,7.754036450700469e-05,2.729407099539879e-05,9.264984561189393e-05,2.086501286029625e-05,2.487723109716423e-05,0.0001280465164881816
5400,3,0,0,0,0,0,0,0,0
5450,0,-3.59796164551547e-05,-6.316669398577699e-05,-0.01596885714607745,0.003569212973562427,-0.03674606106065813,-8.214686660158186e-05,0.004744383475034654,0.04050355404783628
5450,1,-1.785700598810283e-05,-1.133617240339929e-05,-0.004568096034563832,0.0008718411653435891,-0.01739021063910908,0.001277485641737329,0.002822317185613611,0.01826594989902498
5450,2,-4.154432928241803e-07,2.09932412359609e-07,7.754036450700469e-05,2.729407099539879e-05,9.264984561189393e-05,2.086501286029625e-05,2.487723109716423e-05,0.0001280465164881816
5450,3,0,0,0,0,0,0,0,0
5500,0,-3.59796164551547e-05,-6.316669398577699e-05,-0.01596885714607745,0.003569212973562427,-0.03674606106065813,-8.214686660158186e-05,0.004744383475034654,0.04050355404783628
5500,1,-1.785700598810283e-05,-1.133617240339929e-05,-0.004568096034563832,0.0008718411653435891,-0.01739021063910908,0.001277485641737329,0.002822317185613611,0.01826594989902498
5500,2,-4.154432928241803e-07,2.09932412359609e-07,7.754036450700469e-05,2.729407099539879e-05,9.264984561189393e-05,2.086501286029625e-05,2.487723109716423e-05,0.0001280465164881816
5500,3,0,0,0,0,0,0,0,0
5550,0,-3.59796164551547e-05,-6.316669398577699e-05,-0.01596885714607745,0.003569212973562427,-0.03674606106065813,-8.214686660158186e-05,0.004744383475034654,0.04050355404783628
5550,1,-1.785700598810283e-05,-1.133617240339929e-05,-0.004568096034563832,0.0008718411653435891,-0.01739021063910908,0.001277485641737329,0.002822317185613611,0.01826594989902498
5550,2,-4.154432928241803e-07,2.09932412359609e-07,7.754036450700469e-05,2.729407099539879e-05,9.264984561189393e-05,2.086501286029625e-05,2.487723109716423e-05,0.0001280465164881816
5550,3,0,0,0,0,0,0,0,0
5600,0,-3.59796164551547e-05,-6.316669398577699e-05,-0.01596885714607745,0.003569212973562427,-0.03674606106065813,-8.214686660158186e-05,0.004744383475034654,0.04050355404783628
5600,1,-1.785700598810283e-05,-1.133617240339929e-05,-0.004568096034563832,0.0008718411653435891,-0.01739021063910908,0.001277485641737329,0.002822317185613611,0.01826594989902498
5600,2,-4.154432928241803e-07,2.09932412359609e-07,7.754036450700469e-05,2.729407099539879e-05,9.264984561189393e-05,2.086501286029625e-05,2.487723109716423e-05,0.0001280465164881816
5600,3,0,0,0,0,0,0,0,0
5650,0,-3.59796164551547e-05,-6.316669398577699e-05,-0.01596885714607745,0.003569212973562427,-0.03674606106065813,-8.214686660158186e-05,0.004744383475034654,0.04050355404783628
5650,1,-1.785700598810283e-05,-1.133617240339929e-05,-0.004568096034563832,0.0008718411653435891,-0.01739021063910908,0.001277485641737329,0.002822317185613611,0.01826594989902498
5650,2,-4.154432928241803e-07,2.09932412359609e-07,7.754036450700469e-05,2.729407099539879e-05,9.264984561189393e-05,2.086501286029625e-05,2.487723109716423e-05,0.0001280465164881816
5650,3,0,0,0,0,0,0,0,0
5700,0,-3.59796164551547e-05,-6.316669398577699e-05,-0.01596885714607745,0.003569212973562427,-0.03674606106065813,-8.214686660158186e-05,0.004744383475034654,0.04050355404783628
5700,1,-1.785700598810283e-05,-1.133617240339929e-05,-0.004568096034563832,0.0008718411653435891,-0.01739021063910908,0.001277485641737329,0.002822317185613611,0.01826594989902498
5700,2,-4.154432928241803e-07,2.09932412359609e-07,7.754036450700469e-05,2.729407099539879e-05,9.264984561189393e-05,2.086501286029625e-05,2.487723109716423e-05,0.0001280465164881816
5700,3,0,0,0,0,0,0,0,0
5750,0,-3.59796164551547e-05,-6.316669398577699e-05,-0.01596885714607745,0.003569212973562427,-0.03674606106065813,-8.214686660158186e-05,0.004744383475034654,0.04050355404783628
5750,1,-1.785700598810283e-05,-1.133617240339929e-05,-0.004568096034563832,0.0008718411653435891,-0.01739021063910908,0.001277485641737329,0.002822317185613611,0.01826594989902498
5750,2,-4.154432928241803e-07,2.09932412359609e-07,7.754036450700469e-05,2.729407099539879e-05,9.264984561189393e-05,2.086501286029625e-05,2.487723109716423e-05,0.0001280465164881816
5750,3,0,0,0,0,0,0,0,0
5800,0,-3.59796164551547e-05,-6.316669398577699e-05,-0.01596885714607745,0.003569212973562427,-0.03674606106065813,-8.214686660158186e-05,0.004744383475034654,0.04050355404783628
5800,1,-1.785700598810283e-05,-1.133617240339929e-05,-0.004568096034563832,0.0008718411653435891,-0.01739021063910908,0.001277485641737329,0.002822317185613611,0.01826594989902498
5800,2,-4.154432928241803e-07,2.09932412359609e-07,7.754036450700469e-05,2.729407099539879e-05,9.264984561189393e-05,2.086501286029625e-05,2.487723109716423e-05,0.0001280465164881816
5800,3,0,0,0,0,0,0,0,0
5850,0,-3.59796164551547e-05,-6.316669398577699e-05,-0.01596885714607745,0.003569212973562427,-0.03674606106065813,-8.214686660158186e-05,0.004744383475034654,0.04050355404783628
5850,1,-1.785700598810283e-05,-1.133617240339929e-05,-0.004568096034563832,0.0008718411653435891,-0.01739021063910908,0.001277485641737329,0.002822317185613611,0.01826594989902498
5850,2,-4.154432928241803e-07,2.09932412359609e-07,7.754036450700469e-05,2.729407099539879e-05,9.264984561189393e-05,2.086501286029625e-05,2.487723109716423e-05,0.0001280465164881816
5850,3,0,0,0,0,0,0,0,0
5900,0,-3.59796164551547e-05,-6.316669398577699e-05,-0.01596885714607745,0.003569212973562427,-0.03674606106065813,-8.214686660158186e-05,0.004744383475034654,0.04050355404783628
5900,1,-1.785700598810283e-05,-1.133617240339929e-05,-0.004568096034563832,0.0008718411653435891,-0.01739021063910908,0.001277485641737329,0.002822317185613611,0.01826594989902498
5900,2,-4.154432928241803e-07,2.09932412359609e-07,7.754036450700469e-05,2.729407099539879e-05,9.264984561189393e-05,2.086501286029625e-05,2.487723109716423e-05,0.0001280465164881816
5900,3,0,0,0,0,0,0,0,0
5950,0,-3.59796164551547e-05,-6.316669398577699e-05,-0.01596885714607745,0.003569212973562427,-0.03674606106065813,-8.214686660158186e-05,0.004744383475034654,0.04050355404783628
5950,1,-1.785700598810283e-05,-1.133617240339929e-05,-0.004568096034563832,0.0008718411653435891,-0.01739021063910908,0.001277485641737329,0.002822317185613611,0.01826594989902498
5950,2,-4.154432928241803e-07,2.09932412359609e-07,7.754036450700469e-05,2.729407099539879e-05,9.264984561189393e-05,2.086501286029625e-05,2.487723109716423e-05,0.0001280465164881816
5950,3,0,0,0,0,0,0,0,0
6000,0,-3.59796164551547e-05,-6.316669398577699e-05,-0.01596885714607745,0.003569212973562427,-0.03674606106065813,-8.214686660158186e-05,0.004744383475034654,0.04050355404783628
6000,1,-1.785700598810283e-05,-1.133617240339929e-05,-0.004568096034563832,0.0008718411653435891,-0.01739021063910908,0.001277485641737329,0.002822317185613611,0.01826594989902498
6000,2,-4.154432928241803e-07,2.09932412359609e-07,7.754036450700469e-05,2.729407099539879e-05,9.264984561189393e-05,2.086501286029625e-05,2.487723109716423e-05,0.0001280465164881816
6000,3,0,0,0,0,0,0,0,0
6050,0,-3.59796164551547e-05,-6.316669398577699e-05,-0.01596885714607745,0.003569212973562427,-0.03674606106065813,-8.214686660158186e-05,0.004744383475034654,0.04050355404783628
6050,1,-1.785700598810283e-05,-1.133617240339929e-05,-0.004568096034563832,0.0008718411653435891,-0.01739021063910908,0.001277485641737329,0.002822317185613611,0.01826594989902498
6050,2,-4.154432928241803e-07,2.09932412359609e-07,7.754036450700469e-05,2.729407099539879e-05,9.264984561189393e-05,2.086501286029625e-05,2.487723109716423e-05,0.0001280465164881816
6050,3,0,0,0,0,0,0,0,0
6100,0,-3.59796164551547e-05,-6.316669398577699e-05,-0.01596885714607745,0.003569212973562427,-0.03674606106065813,-8.214686660158186e-05,0.004744383475034654,0.04050355404783628
6100,1,-1.785700598810283e-05,-1.133617240339929e-05,-0.004568096034563832,0.0008718411653435891,-0.01739021063910908,0.001277485641737329,0.002822317185613611,0.01826594989902498
6100,2,-4.154432928241803e-07,2.09932412359609e-07,7.754036450700469e-05,2.729407099539879e-05,9.264984561189393e-05,2.086501286029625e-05,2.487723109716423e-05,0.0001280465164881816
6100,3,0,0,0,0,0,0,0,0
6150,0,-3.59796164551547e-05,-6.316669398577699e-05,-0.01596885714607745,0.003569212973562427,-0.03674606106065813,-8.214686660158186e-05,0.004744383475034654,0.04050355404783628
6150,1,-1.785700598810283e-05,-1.133617240339929e-05,-0.004568096034563832,0.0008718411653435891,-0.01739021063910908,0.001277485641737329,0.002822317185613611,0.01826594989902498
6150,2,-4.154432928241803e-07,2.09932412359609e-07,7.754036450700469e-05,2.729407099539879e-05,9.264984561189393e-05,2.086501286029625e-05,2.487723109716423e-05,0.0001280465164881816
6150,3,0,0,0,0,0,0,0,0
6200,0,-3.59796164551547e-05,-6.316669398577699e-05,-0.01596885714607745,0.003569212973562427,-0.03674606106065813,-8.214686660158186e-05,0.004744383475034654,0.04050355404783628
6200,1,-1.785700598810283e-05,-1.133617240339929e-05,-0.004568096034563832,0.0008718411653435891,-0.01739021063910908,0.001277485641737329,0.002822317185613611,0.01826594989902498
6200,2,-4.154432928241803e-07,2.09932412359609e-07,7.754036450700469e-05,2.729407099539879e-05,9.264984561189393e-05,2.086501286029625e-05,2.487723109716423e-05,0.0001280465164881816
6200,3,0,0,0,0,0,0,0,0
6250,0,-3.59796164551547e-05,-6.316669398577699e-05,-0.01596885714607745,0.003569212973562427,-0.03674606106065813,-8.214686660158186e-05,0.004744383475034654,0.04050355404783628
6250,1,-1.785700598810283e-05,-1.133617240339929e-05,-0.004568096034563832,0.0008718411653435891,-0.01739021063910908,0.001277485641737329,0.002822317185613611,0.01826594989902498
6250,2,-4.154432928241803e-07,2.09932412359609e-07,7.754036450700469e-05,2.729407099539879e-05,9.264984561189393e-05,2.086501286029625e-05,2.487723109716423e-05,0.0001280465164881816
6250,3,0,0,0,0,0,0,0,0
6300,0,-3.59796164551547e-05,-6.316669398577699e-05,-0.01596885714607745,0.003569212973562427,-0.03674606106065813,-8.214686660158186e-05,0.004744383475034654,0.04050355404783628
6300,1,-1.785700598810283e-05,-1.133617240339929e-05,-0.004568096034563832,0.0008718411653435891,-0.01739021063910908,0.001277485641737329,0.002822317185613611,0.01826594989902498
6300,2,-4.154432928241803e-07,2.09932412359609e-07,7.754036450700469e-05,2.729407099539879e-05,9.264984561189393e-05,2.086501286029625e-05,2.487723109716423e-05,0.0001280465164881816
6300,3,0,0,0,0,0,0,0,0
6350,0,-3.59796164551547e-05,-6.316669398577699e-05,-0.01596885714607745,0.003569212973562427,-0.03674606106065813,-8.214686660158186e-05,0.004744383475034654,0.04050355404783628
6350,1,-1.785700598810283e-05,-1.133617240339929e-05,-0.004568096034563832,0.0008718411653435891,-0.01739021063910908,0.001277485641737329,0.002822317185613611,0.01826594989902498
6350,2,-4.154432928241803e-07,2.09932412359609e-07,7.754036450700469e-05,2.729407099539879e-05,9.264984561189393e-05,2.086501286029625e-05,2.487723109716423e-05,0.0001280465164881816
6350,3,0,0,0,0,0,0,0,0
6400,0,-3.59796164551547e-05,-6.316669398577699e-05,-0.01596885714607745,0.003569212973562427,-0.03674606106065813,-8.214686660158186e-05,0.004744383475034654,0.04050355404783628
6400,1,-1.785700598810283e-05,-1.133617240339929e-05,-0.004568096034563832,0.0008718411653435891,-0.01739021063910908,0.001277485641737329,0.002822317185613611,0.01826594989902498
6400,2,-4.154432928241803e-07,2.09932412359609e-07,7.754036450700469e-05,2.729407099539879e-05,9.264984561189393e-05,2.086501286029625e-05,2.487723109716423e-05,0.0001280465164881816
6400,3,0,0,0,0,0,0,0,0
6450,0,-3.59796164551547e-05,-6.316669398577699e-05,-0.01596885714607745,0.003569212973562427,-0.03674606106065813,-8.214686660158186e-05,0.004744383475034654,0.04050355404783628
6450,1,-1.785700598810283e-05,-1.133617240339929e-05,-0.004568096034563832,0.0008718411653435891,-0.01739021063910908,0.001277485641737329,0.002822317185613611,0.01826594989902498
6450,2,-4.154432928241803e-07,2.09932412359609e-07,7.754036450700469e-05,2.729407099539879e-05,9.264984561189393e-05,2.086501286029625e-05,2.487723109716423e-05,0.0001280465164881816
6450,3,0,0,0,0,0,0,0,0
6500,0,-3.59796164551547e-05,-6.316669398577699e-05,-0.01596885714607745,0.003569212973562427,-0.03674606106065813,-8.214686660158186e-05,0.004744383475034654,0.04050355404783628
6500,1,-1.785700598810283e-05,-1.133617240339929e-05,-0.004568096034563832,0.0008718411653435891,-0.01739021063910908,0.001277485641737329,0.002822317185613611,0.01826594989902498
6500,2,-4.154432928241803e-07,2.09932412359609e-07,7.754036450700469e-05,2.729407099539879e-05,9.264984561189393e-05,2.086501286029625e-05,2.487723109716423e-05,0.0001280465164881816
6500,3,0,0,0,0,0,0,0,0
6550,0,-3.59796164551547e-05,-6.316669398577699e-05,-0.01596885714607745,0.003569212973562427,-0.03674606106065813,-8.214686660158186e-05,0.004744383475034654,0.04050355404783628
6550,1,-1.785700598810283e-05,-1.133617240339929e-05,-0.004568096034563832,0.0008718411653435891,-0.01739021063910908,0.001277485641737329,0.002822317185613611,0.01826594989902498
6550,2,-4.154432928241803e-07,2.09932412359609e-07,7.754036450700469e-05,2.729407099539879e-05,9.264984561189393e-05,2.086501286029625e-05,2.487723109716423e-05,0.0001280465164881816
6550,3,0,0,0,0,0,0,0,0
6600,0,-3.59796164551547e-05,-6.316669398577699e-05,-0.01596885714607745,0.003569212973562427,-0.03674606106065813,-8.214686660158186e-05,0.004744383475034654,0.04050355404783628
6600,1,-1.785700598810283e-05,-1.133617240339929e-05,-0.004568096034563832,0.0008718411653435891,-0.01739021063910908,0.001277485641737329,0.002822317185613611,0.01826594989902498
6600,2,-4.154432928241803e-07,2.09932412359609e-07,7.754036450700469e-05,2.729407099539879e-05,9.264984561189393e-05,2.086501286029625e-05,2.487723109716423e-05,0.0001280465164881816
6600,3,0,0,0,0,0,0,0,0
6650,0,-3.59796164551547e-05,-6.316669398577699e-05,-0.01596885714607745,0.003569212973562427,-0.03674606106065813,-8.214686660158186e-05,0.004744383475034654,0.04050355404783628
6650,1,-1.785700598810283e-05,-1.133617240339929e-05,-0.004568096034563832,0.0008718411653435891,-0.01739021063910908,0.001277485641737329,0.002822317185613611,0.01826594989902498
6650,2,-4.154432928241803e-07,2.09932412359609e-07,7.754036450700469e-05,2.729407099539879e-05,9.264984561189393e-05,2.086501286029625e-05,2.487723109716423e-05,0.0001280465164881816
6650,3,0,0,0,0,0,0,0,0
6700,0,-3.59796164551547e-05,-6.316669398577699e-05,-0.01596885714607745,0.003569212973562427,-0.03674606106065813,-8.214686660158186e-05,0.004744383475034654,0.04050355404783628
6700,1,-1.785700598810283e-05,-1.133617240339929e-05,-0.004568096034563832,0.0008718411653435891,-0.01739021063910908,0.001277485641737329,0.002822317185613611,0.01826594989902498
6700,2,-4.154432928241803e-07,2.09932412359609e-07,7.754036450700469e-05,2.729407099539879e-05,9.264984561189393e-05,2.086501286029625e-05,2.487723109716423e-05,0.0001280465164881816
6700,3,0,0,0,0,0,0,0,0
6750,0,-3.59796164551547e-05,-6.316669398577699e-05,-0.01596885714607745,0.003569212973562427,-0.03674606106065813,-8.214686660158186e-05,0.004744383475034654,0.04050355404783628
6750,1,-1.785700598810283e-05,-1.133617240339929e-05,-0.004568096034563832,0.0008718411653435891,-0.01739021063910908,0.001277485641737329,0.002822317185613611,0.01826594989902498
6750,2,-4.154432928241803e-07,2.09932412359609e-07,7.754036450700469e-05,2.729407099539879e-05,9.264984561189393e-05,2.086501286029625e-05,2.487723109716423e-05,0.0001280465164881816
6750,3,0,0,0,0,0,0,0,0
6800,0,-3.59796164551547e-05,-6.316669398577699e-05,-0.01596885714607745,0.003569212973562427,-0.03674606106065813,-8.214686660158186e-05,0.004744383475034654,0.04050355404783628
6800,1,-1.785700598810283e-05,-1.133617240339929e-05,-0.004568096034563832,0.0008718411653435891,-0.01739021063910908,0.001277485641737329,0.002822317185613611,0.01826594989902498
6800,2,-4.154432928241803e-07,2.09932412359609e-07,7.754036450700469e-05,2.729407099539879e-05,9.264984561189393e-05,2.086501286029625e-05,2.487723109716423e-05,0.0001280465164881816
6800,3,0,0,0,0,0,0,0,0
6850,0,-3.59796164551547e-05,-6.316669398577699e-05,-0.01596885714607745,0.003569212973562427,-0.03674606106065813,-8.214686660158186e-05,0.004744383475034654,0.04050355404783628
6850,1,-1.785700598810283e-05,-1.133617240339929e-05,-0.004568096034563832,0.0008718411653435891,-0.01739021063910908,0.001277485641737329,0.002822317185613611,0.01826594989902498
6850,2,-4.154432928241803e-07,2.09932412359609e-07,7.754036450700469e-05,2.729407099539879e-05,9.264984561189393e-05,2.086501286029625e-05,2.487723109716423e-05,0.0001280465164881816
6850,3,0,0,0,0,0,0,0,0
6900,0,-3.59796164551547e-05,-6.316669398577699e-05,-0.01596885714607745,0.003569212973562427,-0.03674606106065813,-8.214686660158186e-05,0.004744383475034654,0.04050355404783628
6900,1,-1.785700598810283e-05,-1.133617240339929e-05,-0.004568096034563832,0.0008718411653435891,-0.01739021063910908,0.001277485641737329,0.002822317185613611,0.01826594989902498
6900,2,-4.154432928241803e-07,2.09932412359609e-07,7.754036450700469e-05,2.729407099539879e-05,9.264984561189393e-05,2.086501286029625e-05,2.487723109716423e-05,0.0001280465164881816
6900,3,0,0,0,0,0,0,0,0
6950,0,-3.59796164551547e-05,-6.316669398577699e-05,-0.01596885714607745,0.003569212973562427,-0.03674606106065813,-8.214686660158186e-05,0.004744383475034654,0.04050355404783628
6950,1,-1.785700598810283e-05,-1.133617240339929e-05,-0.004568096034563832,0.0008718411653435891,-0.01739021063910908,0.001277485641737329,0.002822317185613611,0.01826594989902498
6950,2,-4.154432928241803e-07,2.09932412359609e-07,7.754036450700469e-05,2.729407099539879e-05,9.264984561189393e-05,2.086501286029625e-05,2.487723109716423e-05,0.0001280465164881816
6950,3,0,0,0,0,0,0,0,0
7000,0,-3.59796164551547e-05,-6.316669398577699e-05,-0.01596885714607745,0.003569212973562427,-0.03674606106065813,-8.214686660158186e-05,0.004744383475034654,0.04050355404783628
7000,1,-1.785700598810283e-05,-1.133617240339929e-05,-0.004568096034563832,0.0008718411653435891,-0.01739021063910908,0.001277485641737329,0.002822317185613611,0.01826594989902498
7000,2,-4.154432928241803e-07,2.09932412359609e-07,7.754036450700469e-05,2.729407099539879e-05,9.264984561189393e-05,2.086501286029625e-05,2.487723109716423e-05,0.0001280465164881816
7000,3,0,0,0,0,0,0,0,0
7050,0,-3.59796164551547e-05,-6.316669398577699e-05,-0.01596885714607745,0.003569212973562427,-0.03674606106065813,-8.214686660158186e-05,0.004744383475034654,0.04050355404783628
7050,1,-1.785700598810283e-05,-1.133617240339929e-05,-0.004568096034563832,0.0008718411653435891,-0.01739021063910908,0.001277485641737329,0.002822317185613611,0.01826594989902498
7050,2,-4.154432928241803e-07,2.09932412359609e-07,7.754036450700469e-05,2.729407099539879e-05,9.264984561189393e-05,2.086501286029625e-05,2.487723109716423e-05,0.0001280465164881816
7050,3,0,0,0,0,0,0,0,0
7100,0,-3.59796164551547e-05,-6.316669398577699e-05,-0.01596885714607745,0.003569212973562427,-0.03674606106065813,-8.214686660158186e-05,0.004744383475034654,0.04050355404783628
7100,1,-1.785700598810283e-05,-1.133617240339929e-05,-0.004568096034563832,0.0008718411653435891,-0.01739021063910908,0.001277485641737329,0.002822317185613611,0.01826594989902498
7100,2,-4.154432928241803e-07,2.09932412359609e-07,7.754036450700469e-05,2.729407099539879e-05,9.264984561189393e-05,2.086501286029625e-05,2.487723109716423e-05,0.0001280465164881816
7100,3,0,0,0,0,0,0,0,0
7150,0,-3.59796164551547e-05,-6.316669398577699e-05,-0.01596885714607745,0.003569212973562427,-0.03674606106065813,-8.214686660158186e-05,0.004744383475034654,0.04050355404783628
7150,1,-1.785700598810283e-05,-1.133617240339929e-05,-0.004568096034563832,0.0008718411653435891,-0.01739021063910908,0.001277485641737329,0.002822317185613611,0.01826594989902498
7150,2,-4.154432928241803e-07,2.09932412359609e-07,7.754036450700469e-05,2.729407099539879e-05,9.264984561189393e-05,2.086501286029625e-05,2.487723109716423e-05,0.0001280465164881816
7150,3,0,0,0,0,0,0,0,0
7200,0,-3.59796164551547e-05,-6.316669398577699e-05,-0.01596885714607745,0.003569212973562427,-0.03674606106065813,-8.214686660158186e-05,0.004744383475034654,0.04050355404783628
7200,1,-1.785700598810283e-05,-1.133617240339929e-05,-0.004568096034563832,0.0008718411653435891,-0.01739021063910908,0.001277485641737329,0.002822317185613611,0.01826594989902498
7200,2,-4.154432928241803e-07,2.09932412359609e-07,7.754036450700469e-05,2.729407099539879e-05,9.264984561189393e-05,2.086501286029625e-05,2.487723109716423e-05,0.0001280465164881816
7200,3,0,0,0,0,0,0,0,0
7250,0,-3.59796164551547e-05,-6.316669398577699e-05,-0.01596885714607745,0.003569212973562427,-0.03674606106065813,-8.214686660158186e-05,0.004744383475034654,0.04050355404783628
7250,1,-1.785700598810283e-05,-1.133617240339929e-05,-0.004568096034563832,0.0008718411653435891,-0.01739021063910908,0.001277485641737329,0.002822317185613611,0.01826594989902498
7250,2,-4.154432928241803e-07,2.09932412359609e-07,7.754036450700469e-05,2.729407099539879e-05,9.264984561189393e-05,2.086501286029625e-05,2.487723109716423e-05,0.0001280465164881816
7250,3,0,0,0,0,0,0,0,0
7300,0,-3.59796164551547e-05,-6.316669398577699e-05,-0.01596885714607745,0.003569212973562427,-0.03674606106065813,-8.214686660158186e-05,0.004744383475034654,0.04050355404783628
7300,1,-1.785700598810283e-05,-1.133617240339929e-05,-0.004568096034563832,0.0008718411653435891,-0.01739021063910908,0.001277485641737329,0.002822317185613611,0.01826594989902498
7300,2,-4.154432928241803e-07,2.09932412359609e-07,7.754036450700469e-05,2.729407099539879e-05,9.264984561189393e-05,2.086501286029625e-05,2.487723109716423e-05,0.0001280465164881816
7300,3,0,0,0,0,0,0,0,0
7350,0,-3.59796164551547e-05,-6.316669398577699e-05,-0.01596885714607745,0.003569212973562427,-0.03674606106065813,-8.214686660158186e-05,0.004744383475034654,0.04050355404783628
7350,1,-1.785700598810283e-05,-1.133617240339929e-05,-0.004568096034563832,0.0008718411653435891,-0.01739021063910908,0.001277485641737329,0.002822317185613611,0.01826594989902498
7350,2,-4.154432928241803e-07,2.09932412359609e-07,7.754036450700469e-05,2.729407099539879e-05,9.264984561189393e-05,2.086501286029625e-05,2.487723109716423e-05,0.0001280465164881816
7350,3,0,0,0,0,0,0,0,0
7400,0,-3.59796164551547e-05,-6.316669398577699e-05,-0.01596885714607745,0.003569212973562427,-0.03674606106065813,-8.214686660158186e-05,0.004744383475034654,0.04050355404783628
7400,1,-1.785700598810283e-05,-1.133617240339929e-05,-0.004568096034563832,0.0008718411653435891,-0.01739021063910908,0.001277485641737329,0.002822317185613611,0.01826594989902498
7400,2,-4.154432928241803e-07,2.09932412359609e-07,7.754036450700469e-05,2.729407099539879e-05,9.264984561189393e-05,2.086501286029625e-05,2.487723109716423e-05,0.0001280465164881816
7400,3,0,0,0,0,0,0,0,0
7450,0,-3.59796164551547e-05,-6.316669398577699e-05,-0.01596885714607745,0.003569212973562427,-0.03674606106065813,-8.214686660158186e-05,0.004744383475034654,0.04050355404783628
7450,1,-1.785700598810283e-05,-1.133617240339929e-05,-0.004568096034563832,0.0008718411653435891,-0.01739021063910908,0.001277485641737329,0.002822317185613611,0.01826594989902498
7450,2,-4.154432928241803e-07,2.09932412359609e-07,7.754036450700469e-05,2.729407099539879e-05,9.264984561189393e-05,2.086501286029625e-05,2.487723109716423e-05,0.0001280465164881816
7450,3,0,0,0,0,0,0,0,0
7500,0,-3.59796164551547e-05,-6.316669398577699e-05,-0.01596885714607745,0.003569212973562427,-0.03674606106065813,-8.214686660158186e-05,0.004744383475034654,0.04050355404783628
7500,1,-1.785700598810283e-05,-1.133617240339929e-05,-0.004568096034563832,0.0008718411653435891,-0.01739021063910908,0.001277485641737329,0.002822317185613611,0.01826594989902498
7500,2,-4.154432928241803e-07,2.09932412359609e-07,7.754036450700469e-05,2.729407099539879e-05,9.264984561189393e-05,2.086501286029625e-05,2.487723109716423e-05,0.0001280465164881816
7500,3,0,0,0,0,0,0,0,0
7550,0,-3.59796164551547e-05,-6.316669398577699e-05,-0.01596885714607745,0.003569212973562427,-0.03674606106065813,-8.214686660158186e-05,0.004744383475034654,0.04050355404783628
7550,1,-1.785700598810283e-05,-1.133617240339929e-05,-0.004568096034563832,0.0008718411653435891,-0.01739021063910908,0.001277485641737329,0.002822317185613611,0.01826594989902498
7550,2,-4.154432928241803e-07,2.09932412359609e-07,7.754036450700469e-05,2.729407099539879e-05,9.264984561189393e-05,2.086501286029625e-05,2.487723109716423e-05,0.0001280465164881816
7550,3,0,0,0,0,0,0,0,0
7600,0,-3.59796164551547e-05,-6.316669398577699e-05,-0.01596885714607745,0.003569212973562427,-0.03674606106065813,-8.214686660158186e-05,0.004744383475034654,0.04050355404783628
7600,1,-1.785700598810283e-05,-1.133617240339929e-05,-0.004568096034563832,0.0008718411653435891,-0.01739021063910908,0.001277485641737329,0.002822317185613611,0.01826594989902498
7600,2,-4.154432928241803e-07,2.09932412359609e-07,7.754036450700469e-05,2.729407099539879e-05,9.264984561189393e-05,2.086501286029625e-05,2.487723109716423e-05,0.0001280465164881816
7600,3,0,0,0,0,0,0,0,0
7650,0,-3.59796164551547e-05,-6.316669398577699e-05,-0.01596885714607745,0.003569212973562427,-0.03674606106065813,-8.214686660158186e-05,0.004744383475034654,0.04050355404783628
7650,1,-1.785700598810283e-05,-1.133617240339929e-05,-0.004568096034563832,0.0008718411653435891,-0.01739021063910908,0.001277485641737329,0.002822317185613611,0.01826594989902498
7650,2,-4.154432928241803e-07,2.09932412359609e-07,7.754036450700469e-05,2.729407099539879e-05,9.264984561189393e-05,2.086501286029625e-05,2.487723109716423e-05,0.0001280465164881816
7650,3,0,0,0,0,0,0,0,0
7700,0,-3.59796164551547e-05,-6.316669398577699e-05,-0.01596885714607745,0.003569212973562427,-0.03674606106065813,-8.214686660158186e-05,0.004744383475034654,0.04050355404783628
7700,1,-1.785700598810283e-05,-1.133617240339929e-05,-0.004568096034563832,0.0008718411653435891,-0.01739021063910908,0.001277485641737329,0.002822317185613611,0.01826594989902498
7700,2,-4.154432928241803e-07,2.09932412359609e-07,7.754036450700469e-05,2.729407099539879e-05,9.264984561189393e-05,2.086501286029625e-05,2.487723109716423e-05,0.0001280465164881816
7700,3,0,0,0,0,0,0,0,0
7750,0,-3.59796164551547e-05,-6.316669398577699e-05,-0.01596885714607745,0.003569212973562427,-0.03674606106065813,-8.214686660158186e-05,0.004744383475034654,0.04050355404783628
7750,1,-1.785700598810283e-05,-1.133617240339929e-05,-0.004568096034563832,0.0008718411653435891,-0.01739021063910908,0.001277485641737329,0.002822317185613611,0.01826594989902498
7750,2,-4.154432928241803e-07,2.09932412359609e-07,7.754036450700469e-05,2.729407099539879e-05,9.264984561189393e-05,2.086501286029625e-05,2.487723109716423e-05,0.0001280465164881816
7750,3,0,0,0,0,0,0,0,0
7800,0,-3.59796164551547e-05,-6.316669398577699e-05,-0.01596885714607745,0.003569212973562427,-0.03674606106065813,-8.214686660158186e-05,0.004744383475034654,0.04050355404783628
7800,1,-1.785700598810283e-05,-1.133617240339929e-05,-0.004568096034563832,0.0008718411653435891,-0.01739021063910908,0.001277485641737329,0.002822317185613611,0.01826594989902498
7800,2,-4.154432928241803e-07,2.09932412359609e-07,7.754036450700469e-05,2.729407099539879e-05,9.264984561189393e-05,2.086501286029625e-05,2.487723109716423e-05,0.0001280465164881816
7800,3,0,0,0,0,0,0,0,0
7850,0,-3.59796164551547e-05,-6.316669398577699e-05,-0.01596885714607745,0.003569212973562427,-0.03674606106065813,-8.214686660158186e-05,0.004744383475034654,0.04050355404783628
7850,1,-1.785700598810283e-05,-1.133617240339929e-05,-0.004568096034563832,0.0008718411653435891,-0.01739021063910908,0.001277485641737329,0.002822317185613611,0.01826594989902498
7850,2,-4.154432928241803e-07,2.09932412359609e-07,7.754036450700469e-05,2.729407099539879e-05,9.264984561189393e-05,2.086501286029625e-05,2.487723109716423e-05,0.0001280465164881816
7850,3,0,0,0,0,0,0,0,0
7900,0,-3.59796164551547e-05,-6.316669398577699e-05,-0.01596885714607745,0.003569212973562427,-0.03674606106065813,-8.214686660158186e-05,0.004744383475034654,0.04050355404783628
7900,1,-1.785700598810283e-05,-1.133617240339929e-05,-0.004568096034563832,0.0008718411653435891,-0.01739021063910908,0.001277485641737329,0.002822317185613611,0.01826594989902498
7900,2,-4.154432928241803e-07,2.09932412359609e-07,7.754036450700469e-05,2.729407099539879e-05,9.264984561189393e-05,2.086501286029625e-05,2.487723109716423e-05,0.0001280465164881816
7900,3,0,0,0,0,0,0,0,0
7950,0,-3.59796164551547e-05,-6.316669398577699e-05,-0.01596885714607745,0.003569212973562427,-0.03674606106065813,-8.214686660158186e-05,0.004744383475034654,0.04050355404783628
7950,1,-1.785700598810283e-05,-1.133617240339929e-05,-0.004568096034563832,0.0008718411653435891,-0.01739021063910908,0.001277485641737329,0.002822317185613611,0.01826594989902498
7950,2,-4.154432928241803e-07,2.09932412359609e-07,7.754036450700469e-05,2.729407099539879e-05,9.264984561189393e-05,2.086501286029625e-05,2.487723109716423e-05,0.0001280465164881816
7950,3,0,0,0,0,0,0,0,0
8000,0,-3.59796164551547e-05,-6.316669398577699e-05,-0.01596885714607745,0.003569212973562427,-0.03674606106065813,-8.214686660158186e-05,0.004744383475034654,0.04050355404783628
8000,1,-1.785700598810283e-05,-1.133617240339929e-05,-0.004568096034563832,0.0008718411653435891,-0.01739021063910908,0.001277485641737329,0.002822317185613611,0.01826594989902498
8000,2,-4.154432928241803e-07,2.09932412359609e-07,7.754036450700469e-05,2.729407099539879e-05,9.264984561189393e-05,2.086501286029625e-05,2.487723109716423e-05,0.0001280465164881816
8000,3,0,0,0,0,0,0,0,0
8050,0,-3.59796164551547e-05,-6.316669398577699e-05,-0.01596885714607745,0.003569212973562427,-0.03674606106065813,-8.214686660158186e-05,0.004744383475034654,0.04050355404783628
8050,1,-1.785700598810283e-05,-1.133617240339929e-05,-0.004568096034563832,0.0008718411653435891,-0.01739021063910908,0.001277485641737329,0.002822317185613611,0.01826594989902498
8050,2,-4.154432928241803e-07,2.09932412359609e-07,7.754036450700469e-05,2.729407099539879e-05,9.264984561189393e-05,2.086501286029625e-05,2.487723109716423e-05,0.0001280465164881816
8050,3,0,0,0,0,0,0,0,0
8100,0,-3.59796164551547e-05,-6.316669398577699e-05,-0.01596885714607745,0.003569212973562427,-0.03674606106065813,-8.214686660158186e-05,0.004744383475034654,0.04050355404783628
8100,1,-1.785700598810283e-05,-1.133617240339929e-05,-0.004568096034563832,0.0008718411653435891,-0.01739021063910908,0.001277485641737329,0.002822317185613611,0.01826594989902498
8100,2,-4.154432928241803e-07,2.09932412359609e-07,7.754036450700469e-05,2.729407099539879e-05,9.264984561189393e-05,2.086501286029625e-05,2.487723109716423e-05,0.0001280465164881816
8100,3,0,0,0,0,0,0,0,0
8150,0,-3.59796164551547e-05,-6.316669398577699e-05,-0.01596885714607745,0.003569212973562427,-0.03674606106065813,-8.214686660158186e-05,0.004744383475034654,0.04050355404783628
8150,1,-1.785700598810283e-05,-1.133617240339929e-05,-0.004568096034563832,0.0008718411653435891,-0.01739021063910908,0.001277485641737329,0.002822317185613611,0.01826594989902498
8150,2,-4.154432928241803e-07,2.09932412359609e-07,7.754036450700469e-05,2.729407099539879e-05,9.264984561189393e-05,2.086501286029625e-05,2.487723109716423e-05,0.0001280465164881816
8150,3,0,0,0,0,0,0,0,0
8200,0,-3.59796164551547e-05,-6.316669398577699e-05,-0.01596885714607745,0.003569212973562427,-0.03674606106065813,-8.214686660158186e-05,0.004744383475034654,0.04050355404783628
8200,1,-1.785700598810283e-05,-1.133617240339929e-05,-0.004568096034563832,0.0008718411653435891,-0.01739021063910908,0.001277485641737329,0.002822317185613611,0.01826594989902498
8200,2,-4.154432928241803e-07,2.09932412359609e-07,7.754036450700469e-05,2.729407099539879e-05,9.264984561189393e-05,2.086501286029625e-05,2.487723109716423e-05,0.0001280465164881816
8200,3,0,0,0,0,0,0,0,0
8250,0,-3.59796164551547e-05,-6.316669398577699e-05,-0.01596885714607745,0.003569212973562427,-0.03674606106065813,-8.214686660158186e-05,0.004744383475034654,0.04050355404783628
8250,1,-1.785700598810283e-05,-1.133617240339929e-05,-0.004568096034563832,0.0008718411653435891,-0.01739021063910908,0.001277485641737329,0.002822317185613611,0.01826594989902498
8250,2,-4.154432928241803e-07,2.09932412359609e-07,7.754036450700469e-05,2.729407099539879e-05,9.264984561189393e-05,2.086501286029625e-05,2.487723109716423e-05,0.0001280465164881816
8250,3,0,0,0,0,0,0,0,0
8300,0,-3.59796164551547e-05,-6.316669398577699e-05,-0.01596885714607745,0.003569212973562427,-0.03674606106065813,-8.214686660158186e-05,0.004744383475034654,0.04050355404783628
8300,1,-1.785700598810283e-05,-1.133617240339929e-05,-0.004568096034563832,0.0008718411653435891,-0.01739021063910908,0.001277485641737329,0.002822317185613611,0.01826594989902498
8300,2,-4.154432928241803e-07,2.09932412359609e-07,7.754036450700469e-05,2.729407099539879e-05,9.264984561189393e-05,2.086501286029625e-05,2.487723109716423e-05,0.0001280465164881816
8300,3,0,0,0,0,0,0,0,0
8350,0,-3.59796164551547e-05,-6.316669398577699e-05,-0.01596885714607745,0.003569212973562427,-0.03674606106065813,-8.214686660158186e-05,0.004744383475034654,0.04050355404783628
8350,1,-1.785700598810283e-05,-1.133617240339929e-05,-0.004568096034563832,0.0008718411653435891,-0.01739021063910908,0.001277485641737329,0.002822317185613611,0.01826594989902498
8350,2,-4.154432928241803e-07,2.09932412359609e-07,7.754036450700469e-05,2.729407099539879e-05,9.264984561189393e-05,2.086501286029625e-05,2.487723109716423e-05,0.0001280465164881816
8350,3,0,0,0,0,0,0,0,0
8400,0,-3.59796164551547e-05,-6.316669398577699e-05,-0.01596885714607745,0.003569212973562427,-0.03674606106065813,-8.214686660158186e-05,0.004744383475034654,0.04050355404783628
8400,1,-1.785700598810283e-05,-1.133617240339929e-05,-0.004568096034563832,0.0008718411653435891,-0.01739021063910908,0.001277485641737329,0.002822317185613611,0.01826594989902498
8400,2,-4.154432928241803e-07,2.09932412359609e-07,7.754036450700469e-05,2.729407099539879e-05,9.264984561189393e-05,2.086501286029625e-05,2.487723109716423e-05,0.0001280465164881816
8400,3,0,0,0,0,0,0,0,0
8450,0,-3.59796164551547e-05,-6.316669398577699e-05,-0.01596885714607745,0.003569212973562427,-0.03674606106065813,-8.214686660158186e-05,0.004744383475034654,0.04050355404783628
8450,1,-1.785700598810283e-05,-1.133617240339929e-05,-0.004568096034563832,0.0008718411653435891,-0.01739021063910908,0.001277485641737329,0.002822317185613611,0.01826594989902498
8450,2,-4.154432928241803e-07,2.09932412359609e-07,7.754036450700469e-05,2.729407099539879e-05,9.264984561189393e-05,2.086501286029625e-05,2.487723109716423e-05,0.0001280465164881816
8450,3,0,0,0,0,0,0,0,0
8500,0,-3.59796164551547e-05,-6.316669398577699e-05,-0.01596885714607745,0.003569212973562427,-0.03674606106065813,-8.214686660158186e-05,0.004744383475034654,0.04050355404783628
8500,1,-1.785700598810283e-05,-1.133617240339929e-05,-0.004568096034563832,0.0008718411653435891,-0.01739021063910908,0.001277485641737329,0.002822317185613611,0.01826594989902498
8500,2,-4.154432928241803e-07,2.09932412359609e-07,7.754036450700469e-05,2.729407099539879e-05,9.264984561189393e-05,2.086501286029625e-05,2.487723109716423e-05,0.0001280465164881816
8500,3,0,0,0,0,0,0,0,0
8550,0,-3.59796164551547e-05,-6.316669398577699e-05,-0.01596885714607745,0.003569212973562427,-0.03674606106065813,-8.214686660158186e-05,0.004744383475034654,0.04050355404783628
8550,1,-1.785700598810283e-05,-1.133617240339929e-05,-0.004568096034563832,0.0008718411653435891,-0.01739021063910908,0.001277485641737329,0.002822317185613611,0.01826594989902498
8550,2,-4.154432928241803e-07,2.09932412359609e-07,7.754036450700469e-05,2.729407099539879e-05,9.264984561189393e-05,2.086501286029625e-05,2.487723109716423e-05,0.0001280465164881816
8550,3,0,0,0,0,0,0,0,0
8600,0,-3.59796164551547e-05,-6.316669398577699e-05,-0.01596885714607745,0.003569212973562427,-0.03674606106065813,-8.214686660158186e-05,0.004744383475034654,0.04050355404783628
8600,1,-1.785700598810283e-05,-1.133617240339929e-05,-0.004568096034563832,0.0008718411653435891,-0.01739021063910908,0.001277485641737329,0.002822317185613611,0.01826594989902498
8600,2,-4.154432928241803e-07,2.09932412359609e-07,7.754036450700469e-05,2.729407099539879e-05,9.264984561189393e-05,2.086501286029625e-05,2.487723109716423e-05,0.0001280465164881816
8600,3,0,0,0,0,0,0,0,0
8650,0,-3.59796164551547e-05,-6.316669398577699e-05,-0.01596885714607745,0.003569212973562427,-0.03674606106065813,-8.214686660158186e-05,0.004744383475034654,0.04050355404783628
8650,1,-1.785700598810283e-05,-1.133617240339929e-05,-0.004568096034563832,0.0008718411653435891,-0.01739021063910908,0.001277485641737329,0.002822317185613611,0.01826594989902498
8650,2,-4.154432928241803e-07,2.09932412359609e-07,7.754036450700469e-05,2.729407099539879e-05,9.264984561189393e-05,2.086501286029625e-05,2.487723109716423e-05,0.0001280465164881816
8650,3,0,0,0,0,0,0,0,0
8700,0,-3.59796164551547e-05,-6.316669398577699e-05,-0.01596885714607745,0.003569212973562427,-0.03674606106065813,-8.214686660158186e-05,0.004744383475034654,0.04050355404783628
8700,1,-1.785700598810283e-05,-1.133617240339929e-05,-0.004568096034563832,0.0008718411653435891,-0.01739021063910908,0.001277485641737329,0.002822317185613611,0.01826594989902498
8700,2,-4.154432928241803e-07,2.09932412359609e-07,7.754036450700469e-05,2.729407099539879e-05,9.264984561189393e-05,2.086501286029625e-05,2.487723109716423e-05,0.0001280465164881816
8700,3,0,0,0,0,0,0,0,0
8750,0,-3.59796164551547e-05,-6.316669398577699e-05,-0.01596885714607745,0.003569212973562427,-0.03674606106065813,-8.214686660158186e-05,0.004744383475034654,0.04050355404783628
8750,1,-1.785700598810283e-05,-1.133617240339929e-05,-0.004568096034563832,0.0008718411653435891,-0.01739021063910908,0.001277485641737329,0.002822317185613611,0.01826594989902498
8750,2,-4.154432928241803e-07,2.09932412359609e-07,7.754036450700469e-05,2.729407099539879e-05,9.264984561189393e-05,2.086501286029625e-05,2.487723109716423e-05,0.0001280465164881816
8750,3,0,0,0,0,0,0,0,0
8800,0,-3.59796164551547e-05,-6.316669398577699e-05,-0.01596885714607745,0.003569212973562427,-0.03674606106065813,-8.214686660158186e-05,0.004744383475034654,0.04050355404783628
8800,1,-1.785700598810283e-05,-1.133617240339929e-05,-0.004568096034563832,0.0008718411653435891,-0.01739021063910908,0.001277485641737329,0.002822317185613611,0.01826594989902498
8800,2,-4.154432928241803e-07,2.09932412359609e-07,7.754036450700469e-05,2.729407099539879e-05,9.264984561189393e-05,2.086501286029625e-05,2.487723109716423e-05,0.0001280465164881816
8800,3,0,0,0,0,0,0,0,0
8850,0,-3.59796164551547e-05,-6.316669398577699e-05,-0.01596885714607745,0.003569212973562427,-0.03674606106065813,-8.214686660158186e-05,0.004744383475034654,0.04050355404783628
8850,1,-1.785700598810283e-05,-1.133617240339929e-05,-0.004568096034563832,0.0008718411653435891,-0.01739021063910908,0.001277485641737329,0.002822317185613611,0.01826594989902498
8850,2,-4.154432928241803e-07,2.09932412359609e-07,7.754036450700469e-05,2.729407099539879e-05,9.264984561189393e-05,2.086501286029625e-05,2.487723109716423e-05,0.0001280465164881816
8850,3,0,0,0,0,0,0,0,0
8900,0,-3.59796164551547e-05,-6.316669398577699e-05,-0.01596885714607745,0.003569212973562427,-0.03674606106065813,-8.214686660158186e-05,0.004744383475034654,0.04050355404783628
8900,1,-1.785700598810283e-05,-1.133617240339929e-05,-0.004568096034563832,0.0008718411653435891,-0.01739021063910908,0.001277485641737329,0.002822317185613611,0.01826594989902498
8900,2,-4.154432928241803e-07,2.09932412359609e-07,7.754036450700469e-05,2.729407099539879e-05,9.264984561189393e-05,2.086501286029625e-05,2.487723109716423e-05,0.0001280465164881816
8900,3,0,0,0,0,0,0,0,0
8950,0,-3.59796164551547e-05,-6.316669398577699e-05,-0.01596885714607745,0.003569212973562427,-0.03674606106065813,-8.214686660158186e-05,0.004744383475034654,0.04050355404783628
8950,1,-1.785700598810283e-05,-1.133617240339929e-05,-0.004568096034563832,0.0008718411653435891,-0.01739021063910908,0.001277485641737329,0.002822317185613611,0.01826594989902498
8950,2,-4.154432928241803e-07,2.09932412359609e-07,7.754036450700469e-05,2.729407099539879e-05,9.264984561189393e-05,2.086501286029625e-05,2.487723109716423e-05,0.0001280465164881816
8950,3,0,0,0,0,0,0,0,0
9000,0,-3.59796164551547e-05,-6.316669398577699e-05,-0.01596885714607745,0.003569212973562427,-0.03674606106065813,-8.214686660158186e-05,0.004744383475034654,0.04050355404783628
9000,1,-1.785700598810283e-05,-1.133617240339929e-05,-0.004568096034563832,0.0008718411653435891,-0.01739021063910908,0.001277485641737329,0.002822317185613611,0.01826594989902498
9000,2,-4.154432928241803e-07,2.09932412359609e-07,7.754036450700469e-05,2.729407099539879e-05,9.264984561189393e-05,2.086501286029625e-05,2.487723109716423e-05,0.0001280465164881816
9000,3,0,0,0,0,0,0,0,0
9050,0,-3.59796164551547e-05,-6.316669398577699e-05,-0.01596885714607745,0.003569212973562427,-0.03674606106065813,-8.214686660158186e-05,0.004744383475034654,0.04050355404783628
9050,1,-1.785700598810283e-05,-1.133617240339929e-05,-0.004568096034563832,0.0008718411653435891,-0.01739021063910908,0.001277485641737329,0.002822317185613611,0.01826594989902498
9050,2,-4.154432928241803e-07,2.09932412359609e-07,7.754036450700469e-05,2.729407099539879e-05,9.264984561189393e-05,2.086501286029625e-05,2.487723109716423e-05,0.0001280465164881816
9050,3,0,0,0,0,0,0,0,0
9100,0,-3.59796164551547e-05,-6.316669398577699e-05,-0.01596885714607745,0.003569212973562427,-0.03674606106065813,-8.214686660158186e-05,0.004744383475034654,0.04050355404783628
9100,1,-1.785700598810283e-05,-1.133617240339929e-05,-0.004568096034563832,0.0008718411653435891,-0.01739021063910908,0.001277485641737329,0.002822317185613611,0.01826594989902498
9100,2,-4.154432928241803e-07,2.09932412359609e-07,7.754036450700469e-05,2.729407099539879e-05,9.264984561189393e-05,2.086501286029625e-05,2.487723109716423e-05,0.0001280465164881816
9100,3,0,0,0,0,0,0,0,0
9150,0,-3.59796164551547e-05,-6.316669398577699e-05,-0.01596885714607745,0.003569212973562427,-0.03674606106065813,-8.214686660158186e-05,0.004744383475034654,0.04050355404783628
9150,1,-1.785700598810283e-05,-1.133617240339929e-05,-0.004568096034563832,0.0008718411653435891,-0.01739021063910908,0.001277485641737329,0.002822317185613611,0.01826594989902498
9150,2,-4.154432928241803e-07,2.09932412359609e-07,7.754036450700469e-05,2.729407099539879e-05,9.264984561189393e-05,2.086501286029625e-05,2.487723109716423e-05,0.0001280465164881816
9150,3,0,0,0,0,0,0,0,0
9200,0,-3.59796164551547e-05,-6.316669398577699e-05,-0.01596885714607745,0.003569212973562427,-0.03674606106065813,-8.214686660158186e-05,0.004744383475034654,0.04050355404783628
9200,1,-1.785700598810283e-05,-1.133617240339929e-05,-0.004568096034563832,0.0008718411653435891,-0.01739021063910908,0.001277485641737329,0.002822317185613611,0.01826594989902498
9200,2,-4.154432928241803e-07,2.09932412359609e-07,7.754036450700469e-05,2.729407099539879e-05,9.264984561189393e-05,2.086501286029625e-05,2.487723109716423e-05,0.0001280465164881816
9200,3,0,0,0,0,0,0,0,0
9250,0,-3.59796164551547e-05,-6.316669398577699e-05,-0.01596885714607745,0.003569212973562427,-0.03674606106065813,-8.214686660158186e-05,0.004744383475034654,0.04050355404783628
9250,1,-1.785700598810283e-05,-1.133617240339929e-05,-0.004568096034563832,0.0008718411653435891,-0.01739021063910908,0.001277485641737329,0.002822317185613611,0.01826594989902498
9250,2,-4.154432928241803e-07,2.09932412359609e-07,7.754036450700469e-05,2.729407099539879e-05,9.264984561189393e-05,2.086501286029625e-05,2.487723109716423e-05,0.0001280465164881816
9250,3,0,0,0,0,0,0,0,0
9300,0,-3.59796164551547e-05,-6.316669398577699e-05,-0.01596885714607745,0.003569212973562427,-0.03674606106065813,-8.214686660158186e-05,0.004744383475034654,0.04050355404783628
9300,1,-1.785700598810283e-05,-1.133617240339929e-05,-0.004568096034563832,0.0008718411653435891,-0.01739021063910908,0.001277485641737329,0.002822317185613611,0.01826594989902498
9300,2,-4.154432928241803e-07,2.09932412359609e-07,7.754036450700469e-05,2.729407099539879e-05,9.264984561189393e-05,2.086501286029625e-05,2.487723109716423e-05,0.0001280465164881816
9300,3,0,0,0,0,0,0,0,0
9350,0,-3.59796164551547e-05,-6.316669398577699e-05,-0.01596885714607745,0.003569212973562427,-0.03674606106065813,-8.214686660158186e-05,0.004744383475034654,0.04050355404783628
9350,1,-1.785700598810283e-05,-1.133617240339929e-05,-0.004568096034563832,0.0008718411653435891,-0.01739021063910908,0.001277485641737329,0.002822317185613611,0.01826594989902498
9350,2,-4.154432928241803e-07,2.09932412359609e-07,7.754036450700469e-05,2.729407099539879e-05,9.264984561189393e-05,2.086501286029625e-05,2.487723109716423e-05,0.0001280465164881816
9350,3,0,0,0,0,0,0,0,0
9400,0,-3.59796164551547e-05,-6.316669398577699e-05,-0.01596885714607745,0.003569212973562427,-0.03674606106065813,-8.214686660158186e-05,0.004744383475034654,0.04050355404783628
9400,1,-1.785700598810283e-05,-1.133617240339929e-05,-0.004568096034563832,0.0008718411653435891,-0.01739021063910908,0.001277485641737329,0.002822317185613611,0.01826594989902498
9400,2,-4.154432928241803e-07,2.09932412359609e-07,7.754036450700469e-05,2.729407099539879e-05,9.264984561189393e-05,2.086501286029625e-05,2.487723109716423e-05,0.0001280465164881816
9400,3,0,0,0,0,0,0,0,0
9450,0,-3.59796164551547e-05,-6.316669398577699e-05,-0.01596885714607745,0.003569212973562427,-0.03674606106065813,-8.214686660158186e-05,0.004744383475034654,0.04050355404783628
9450,1,-1.785700598810283e-05,-1.133617240339929e-05,-0.004568096034563832,0.0008718411653435891,-0.01739021063910908,0.001277485641737329,0.002822317185613611,0.01826594989902498
9450,2,-4.154432928241803e-07,2.09932412359609e-07,7.754036450700469e-05,2.729407099539879e-05,9.264984561189393e-05,2.086501286029625e-05,2.487723109716423e-05,0.0001280465164881816
9450,3,0,0,0,0,0,0,0,0
9500,0,-3.59796164551547e-05,-6.316669398577699e-05,-0.01596885714607745,0.003569212973562427,-0.03674606106065813,-8.214686660158186e-05,0.004744383475034654,0.04050355404783628
9500,1,-1.785700598810283e-05,-1.133617240339929e-05,-0.004568096034563832,0.0008718411653435891,-0.01739021063910908,0.001277485641737329,0.002822317185613611,0.01826594989902498
9500,2,-4.154432928241803e-07,2.09932412359609e-07,7.754036450700469e-05,2.729407099539879e-05,9.264984561189393e-05,2.086501286029625e-05,2.487723109716423e-05,0.0001280465164881816
9500,3,0,0,0,0,0,0,0,0
9550,0,-3.59796164551547e-05,-6.316669398577699e-05,-0.01596885714607745,0.003569212973562427,-0.03674606106065813,-8.214686660158186e-05,0.004744383475034654,0.04050355404783628
9550,1,-1.785700598810283e-05,-1.133617240339929e-05,-0.004568096034563832,0.0008718411653435891,-0.01739021063910908,0.001277485641737329,0.002822317185613611,0.01826594989902498
9550,2,-4.154432928241803e-07,2.09932412359609e-07,7.754036450700469e-05,2.729407099539879e-05,9.264984561189393e-05,2.086501286029625e-05,2.487723109716423e-05,0.0001280465164881816
9550,3,0,0,0,0,0,0,0,0
9600,0,-3.59796164551547e-05,-6.316669398577699e-05,-0.01596885714607745,0.003569212973562427,-0.03674606106065813,-8.214686660158186e-05,0.004744383475034654,0.04050355404783628
9600,1,-1.785700598810283e-05,-1.133617240339929e-05,-0.004568096034563832,0.0008718411653435891,-0.01739021063910908,0.001277485641737329,0.002822317185613611,0.01826594989902498
9600,2,-4.154432928241803e-07,2.09932412359609e-07,7.754036450700469e-05,2.729407099539879e-05,9.264984561189393e-05,2.086501286029625e-05,2.487723109716423e-05,0.0001280465164881816
9600,3,0,0,0,0,0,0,0,0
9650,0,-3.59796164551547e-05,-6.316669398577699e-05,-0.01596885714607745,0.003569212973562427,-0.03674606106065813,-8.214686660158186e-05,0.004744383475034654,0.04050355404783628
9650,1,-1.785700598810283e-05,-1.133617240339929e-05,-0.004568096034563832,0.0008718411653435891,-0.01739021063910908,0.001277485641737329,0.002822317185613611,0.01826594989902498
9650,2,-4.154432928241803e-07,2.09932412359609e-07,7.754036450700469e-05,2.729407099539879e-05,9.264984561189393e-05,2.086501286029625e-05,2.487723109716423e-05,0.0001280465164881816
9650,3,0,0,0,0,0,0,0,0
9700,0,-3.59796164551547e-05,-6.316669398577699e-05,-0.01596885714607745,0.003569212973562427,-0.03674606106065813,-8.214686660158186e-05,0.004744383475034654,0.04050355404783628
9700,1,-1.785700598810283e-05,-1.133617240339929e-05,-0.004568096034563832,0.0008718411653435891,-0.01739021063910908,0.001277485641737329,0.002822317185613611,0.01826594989902498
9700,2,-4.154432928241803e-07,2.09932412359609e-07,7.754036450700469e-05,2.729407099539879e-05,9.264984561189393e-05,2.086501286029625e-05,2.487723109716423e-05,0.0001280465164881816
9700,3,0,0,0,0,0,0,0,0
9750,0,-3.59796164551547e-05,-6.316669398577699e-05,-0.01596885714607745,0.003569212973562427,-0.03674606106065813,-8.214686660158186e-05,0.004744383475034654,0.04050355404783628
9750,1,-1.785700598810283e-05,-1.133617240339929e-05,-0.004568096034563832,0.0008718411653435891,-0.01739021063910908,0.001277485641737329,0.002822317185613611,0.01826594989902498
9750,2,-4.154432928241803e-07,2.09932412359609e-07,7.754036450700469e-05,2.729407099539879e-05,9.264984561189393e-05,2.086501286029625e-05,2.487723109716423e-05,0.0001280465164881816
9750,3,0,0,0,0,0,0,0,0
9800,0,-3.59796164551547e-05,-6.316669398577699e-05,-0.01596885714607745,0.003569212973562427,-0.03674606106065813,-8.214686660158186e-05,0.004744383475034654,0.04050355404783628
9800,1,-1.785700598810283e-05,-1.133617240339929e-05,-0.004568096034563832,0.0008718411653435891,-0.01739021063910908,0.001277485641737329,0.002822317185613611,0.01826594989902498
9800,2,-4.154432928241803e-07,2.09932412359609e-07,7.754036450700469e-05,2.729407099539879e-05,9.264984561189393e-05,2.086501286029625e-05,2.487723109716423e-05,0.0001280465164881816
9800,3,0,0,0,0,0,0,0,0
9850,0,-3.59796164551547e-05,-6.316669398577699e-05,-0.01596885714607745,0.003569212973562427,-0.03674606106065813,-8.214686660158186e-05,0.004744383475034654,0.04050355404783628
9850,1,-1.785700598810283e-05,-1.133617240339929e-05,-0.004568096034563832,0.0008718411653435891,-0.01739021063910908,0.001277485641737329,0.002822317185613611,0.01826594989902498
9850,2,-4.154432928241803e-07,2.09932412359609e-07,7.754036450700469e-05,2.729407099539879e-05,9.264984561189393e-05,2.086501286029625e-05,2.487723109716423e-05,0.0001280465164881816
9850,3,0,0,0,0,0,0,0,0
9900,0,-3.59796164551547e-05,-6.316669398577699e-05,-0.01596885714607745,0.003569212973562427,-0.03674606106065813,-8.214686660158186e-05,0.004744383475034654,0.04050355404783628
9900,1,-1.785700598810283e-05,-1.133617240339929e-05,-0.004568096034563832,0.0008718411653435891,-0.01739021063910908,0.001277485641737329,0.002822317185613611,0.01826594989902498
9900,2,-4.154432928241803e-07,2.09932412359609e-07,7.754036450700469e-05,2.729407099539879e-05,9.264984561189393e-05,2.086501286029625e-05,2.487723109716423e-05,0.0001280465164881816
9900,3,0,0,0,0,0,0,0,0
9950,0,-3.59796164551547e-05,-6.316669398577699e-05,-0.01596885714607745,0.003569212973562427,-0.03674606106065813,-8.214686660158186e-05,0.004744383475034654,0.04050355404783628
9950,1,-1.785700598810283e-05,-1.133617240339929e-05,-0.004568096034563832,0.0008718411653435891,-0.01739021063910908,0.001277485641737329,0.002822317185613611,0.01826594989902498
9950,2,-4.154432928241803e-07,2.09932412359609e-07,7.754036450700469e-05,2.729407099539879e-05,9.264984561189393e-05,2.086501286029625e-05,2.487723109716423e-05,0.0001280465164881816
9950,3,0,0,0,0,0,0,0,0
10000,0,-3.59796164551547e-05,-6.316669398577699e-05,-0.01596885714607745,0.003569212973562427,-0.03674606106065813,-8.214686660158186e-05,0.004744383475034654,0.04050355404783628
10000,1,-1.785700598810283e-05,-1.133617240339929e-05,-0.004568096034563832,0.0008718411653435891,-0.01739021063910908,0.001277485641737329,0.002822317185613611,0.01826594989902498
10000,2,-4.154432928241803e-07,2.09932412359609e-07,7.754036450700469e-05,2.729407099539879e-05,9.264984561189393e-05,2.086501286029625e-05,2.487723109716423e-05,0.0001280465164881816
10000,3,0,0,0,0,0,0,0,0
