gen,op_id,w0,w1,w2,w3,w4,w5,w6,norm
50,0,-4.614497539384378e-05,-7.925172232755487e-05,-0.01427730093023794,0.002451785951306998,-0.05251709852571116,-0.001173008280002574,0.00372203169208817,0.05461809308552398
50,1,-1.689042640756928e-05,-1.890770590083117e-05,-0.00335430475786844,0.0009612370920885548,-0.01207240211745681,0.000458369485872782,0.002310668648730954,0.01278546694568077
50,2,-6.878768734799785e-06,-2.923181539070448e-06,-0.0003084298794712631,9.170856576914223e-05,0.0006771133736445253,0.0002245123398494369,0.000423576648428862,0.0008898880843358199
50,3,0,0,0,0,0,0,0,0
100,0,-5.081014384026279e-05,-8.980741242072882e-05,-0.01427684928744222,0.002408207048269253,-0.05239549272800314,-0.001556615221031416,0.002954244024624578,0.05446170031057901
100,1,-1.964929623488462e-05,-2.027414388976282e-05,-0.003354330045556515,0.0009583840002992028,-0.01205804901953769,0.000278152547901099,0.001950314354513664,0.0127062373722989
100,2,-8.203391216465863e-06,-3.216473427941228e-06,-0.000308749398198974,9.154357593678145e-05,0.000625193716935594,0.0001275159664825686,0.0002298134270228383,0.0007508167387292278
100,3,2.236376099131054e-07,4.623347961535077e-07,-9.322771570626034e-26,1.630797715837938e-06,0,1.929064004772887e-05,3.858128009545774e-05,4.316905414402183e-05
150,0,-5.099838966780284e-05,-9.016161329352488e-05,-0.01427683513812101,0.002408207877101973,-0.05238111682513672,-0.001564187376429228,0.002939091716319928,0.05444726401580548
150,1,-1.985694171507059e-05,-2.031340844566299e-05,-0.003354332496863098,0.0009583659950032293,-0.0120580884980903,0.0002692214569708791,0.001932455741391734,0.01270335319613275
150,2,-8.489159050522167e-06,-3.246954705313419e-06,-0.0003087594955786888,9.152107067197051e-05,0.0006192612310569194,0.0001150148228576082,0.0002048229449452924,0.0007365164367251787
150,3,2.235560295834797e-07,4.622920170266663e-07,-1.242575650685886e-25,1.630777822787875e-06,0,1.928729659159667e-05,3.857459318319334e-05,4.316158218341572e-05
200,0,-5.108524288954153e-05,-9.021231550143235e-05,-0.01427683490195594,0.002408204198305404,-0.05238091286197159,-0.001566717567792667,0.002934031330406566,0.05444686755251261
200,1,-1.98781910357866e-05,-2.031642780794081e-05,-0.003354332625506659,0.0009583653772214545,-0.01205814881291771,0.0002686201702632769,0.001931253682644607,0.01270321494093453
200,2,-8.532928884780273e-06,-3.250018105956151e-06,-0.0003087607313448774,9.151743664811393e-05,0.0006185340381532659,0.000113683816536788,0.0002021617015336017,0.0007349623963086981
200,3,2.234763137997094e-07,4.622444155256428e-07,-1.380665126149961e-25,1.630774782005868e-06,0,1.928478876794581e-05,3.856957752995276e-05,4.315597787810475e-05
250,0,-5.109445084111544e-05,-9.021561539371217e-05,-0.01427683489399212,0.00240820396942232,-0.05238090632139525,-0.001566930578124222,0.002933605281134183,0.05444684443456538
250,1,-1.988286385416178e-05,-2.031681531951278e-05,-0.003354332669902636,0.0009583652451516198,-0.01205816966312044,0.000268512197211442,0.001931037771029344,0.01270319963641215
250,2,-8.539205388145538e-06,-3.250319449021472e-06,-0.0003087608102775997,9.151711997454366e-05,0.0006184551426002683,0.0001135370716335969,0.0002018682842765173,0.000734792717749361
250,3,2.234763137997094e-07,4.622444155256428e-07,-1.380665126149961e-25,1.630774782005868e-06,0,1.928478876794581e-05,3.856957752995276e-05,4.315597787810475e-05
300,0,-5.109487173507812e-05,-9.021575673792954e-05,-0.0142768348922719,0.002408203978562434,-0.05238090426266448,-0.00156693863909182,0.002933589159196759,0.05444684181787127
300,1,-1.988363386170969e-05,-2.031686671562416e-05,-0.003354332674989776,0.000958365232297962,-0.01205817224741423,0.0002684972878454481,0.001931007956938798,0.0127031972439462
300,2,-8.539885051102138e-06,-3.250340648595268e-06,-0.0003087608168500599,9.151708036029154e-05,0.0006184482188873429,0.0001135242926618976,0.0002018427333638251,0.0007347779023975186
300,3,2.234763137997094e-07,4.622444155256428e-07,-1.380665126149961e-25,1.630774782005868e-06,0,1.928478876794581e-05,3.856957752995276e-05,4.315597787810475e-05
350,0,-5.109501733099664e-05,-9.02157930298769e-05,-0.01427683489197621,0.00240820397365379,-0.05238090411261703,-0.001566940983592954,0.002933584469988415,0.0544468414882386
350,1,-1.988366265155283e-05,-2.031686901839321e-05,-0.003354332675055758,0.0009583652312858931,-0.01205817228665301,0.0002684968516818533,0.001931007084484642,0.01270319713934217
350,2,-8.539959889470659e-06,-3.250342807816257e-06,-0.000308760817656515,9.151707790078365e-05,0.0006184476947724711,0.000113523104408843,0.000201840357490944,0.0007347766259393236
350,3,2.234763137997094e-07,4.622444155256428e-07,-1.380665126149961e-25,1.630774782005868e-06,0,1.928478876794581e-05,3.856957752995276e-05,4.315597787810475e-05
400,0,-5.109502417036552e-05,-9.021579432339889e-05,-0.01427683489197408,0.00240820397349743,-0.05238090410943436,-0.001566941077154864,0.002933584282855412,0.05444684147778774
400,1,-1.988366832917655e-05,-2.03168692927485e-05,-0.003354332675071336,0.0009583652311876628,-0.01205817230147221,0.0002684967735032872,0.001931006928143866,0.01270319712799725
400,2,-8.539969101672754e-06,-3.250343071497477e-06,-0.0003087608177012931,9.15170777098542e-05,0.0006184476332640077,0.000113522978263842,0.0002018401052469504,0.0007347764854922263
400,3,2.234763126916636e-07,4.622444152684686e-07,-1.380665782293901e-25,1.630774782004849e-06,0,1.928478875332779e-05,3.856957750071672e-05,4.315597784543499e-05
450,0,-5.109502451507958e-05,-9.021579437787804e-05,-0.0142768348919736,0.002408203973508293,-0.0523809041085524,-0.001566941081291166,0.002933584274582703,0.05444684147661332
450,1,-1.988366904616909e-05,-2.031686932508702e-05,-0.003354332675074172,0.0009583652311739623,-0.01205817230315396,0.0002684967648255023,0.00193100691079088,0.01270319712677326
450,2,-8.539970023654151e-06,-3.250343093496782e-06,-0.0003087608177065543,9.151707767648319e-05,0.0006184476280546036,0.0001135229671933207,0.0002018400831105303,0.0007347764733252561
450,3,2.234763126916636e-07,4.622444152684686e-07,-1.380665782293901e-25,1.630774782004849e-06,0,1.928478875332779e-05,3.856957750071672e-05,4.315597784543499e-05
500,0,-5.109502451310854e-05,-9.021579438019177e-05,-0.01427683489197346,0.002408203973507887,-0.05238090410843676,-0.001566941081260467,0.002933584274644025,0.05444684147650443
500,1,-1.988366907978514e-05,-2.031686932622121e-05,-0.003354332675074233,0.0009583652311734937,-0.01205817230321105,0.0002684967644750522,0.001931006910089978,0.01270319712671354
500,2,-8.539970124116162e-06,-3.250343095540977e-06,-0.0003087608177070873,9.151707767421909e-05,0.000618447627498365,0.0001135229661142812,0.0002018400809529706,0.0007347764720988146
500,3,2.234763126816215e-07,4.622444152671357e-07,-1.380665786924543e-25,1.630774782004846e-06,0,1.928478875322362e-05,3.856957750050838e-05,4.315597784520218e-05
550,0,-5.109502451167276e-05,-9.021579438037595e-05,-0.01427683489197345,0.002408203973508013,-0.05238090410840793,-0.001566941081246485,0.002933584274671967,0.0544468414764778
550,1,-1.988366908512641e-05,-2.031686932645233e-05,-0.003354332675074233,0.0009583652311734652,-0.012058172303217,0.0002684967644234076,0.001931006909986697,0.01270319712670241
550,2,-8.539970134865407e-06,-3.250343095715491e-06,-0.0003087608177071238,9.15170776739897e-05,0.0006184476274437373,0.000113522966009904,0.0002018400807442561,0.0007347764719794887
550,3,2.234763126816215e-07,4.622444152671357e-07,-1.380665786924543e-25,1.630774782004846e-06,0,1.928478875322362e-05,3.856957750050838e-05,4.315597784520218e-05
600,0,-5.109502451166009e-05,-9.021579438037943e-05,-0.01427683489197345,0.002408203973508013,-0.05238090410840761,-0.001566941081246361,0.002933584274672214,0.0544468414764775
600,1,-1.988366908571089e-05,-2.031686932647113e-05,-0.003354332675074233,0.0009583652311734626,-0.01205817230321775,0.0002684967644182167,0.001931006909976316,0.01270319712670142
600,2,-8.539970136040389e-06,-3.250343095734381e-06,-0.0003087608177071238,9.151707767395818e-05,0.000618447627438427,0.0001135229659995153,0.0002018400807234814,0.0007347764719677172
600,3,2.234763126816215e-07,4.622444152671357e-07,-1.380665786924543e-25,1.630774782004846e-06,0,1.928478875322362e-05,3.856957750050838e-05,4.315597784520218e-05
650,0,-5.109502451169003e-05,-9.021579438038374e-05,-0.01427683489197345,0.002408203973508014,-0.0523809041084075,-0.001566941081246602,0.002933584274671733,0.05444684147647737
650,1,-1.988366908580438e-05,-2.031686932647379e-05,-0.003354332675074233,0.0009583652311734614,-0.01205817230321784,0.0002684967644174552,0.001931006909974794,0.01270319712670127
650,2,-8.539970136136166e-06,-3.250343095735744e-06,-0.0003087608177071238,9.151707767395646e-05,0.0006184476274380624,0.0001135229659987373,0.0002018400807219257,0.0007347764719668637
650,3,2.234763126816215e-07,4.622444152671357e-07,-1.380665786924543e-25,1.630774782004846e-06,0,1.928478875322362e-05,3.856957750050838e-05,4.315597784520218e-05
700,0,-5.109502451169089e-05,-9.021579438038381e-05,-0.01427683489197345,0.002408203973508014,-0.0523809041084075,-0.001566941081246609,0.002933584274671719,0.05444684147647737
700,1,-1.988366908581162e-05,-2.031686932647388e-05,-0.003354332675074233,0.0009583652311734614,-0.01205817230321784,0.0002684967644174004,0.001931006909974681,0.01270319712670125
700,2,-8.539970136147044e-06,-3.250343095735859e-06,-0.0003087608177071238,9.151707767395646e-05,0.0006184476274380337,0.0001135229659986558,0.0002018400807217626,0.0007347764719667822
700,3,2.234763126816215e-07,4.622444152671357e-07,-1.380665786924543e-25,1.630774782004846e-06,0,1.928478875322362e-05,3.856957750050838e-05,4.315597784520218e-05
750,0,-5.109502451169095e-05,-9.021579438038381e-05,-0.01427683489197345,0.002408203973508014,-0.0523809041084075,-0.001566941081246609,0.00293358427467172,0.05444684147647737
750,1,-1.988366908581218e-05,-2.031686932647388e-05,-0.003354332675074233,0.0009583652311734614,-0.01205817230321784,0.0002684967644173976,0.001931006909974681,0.01270319712670125
750,2,-8.539970136148086e-06,-3.250343095735859e-06,-0.0003087608177071238,9.151707767395646e-05,0.0006184476274380337,0.0001135229659986487,0.0002018400807217484,0.0007347764719667772
750,3,2.234763126816215e-07,4.622444152671357e-07,-1.380665786924543e-25,1.630774782004846e-06,0,1.928478875322362e-05,3.856957750050838e-05,4.315597784520218e-05
800,0,-5.109502451169093e-05,-9.021579438038381e-05,-0.01427683489197345,0.002408203973508014,-0.0523809041084075,-0.001566941081246609,0.00293358427467172,0.05444684147647737
800,1,-1.988366908581218e-05,-2.031686932647388e-05,-0.003354332675074233,0.0009583652311734614,-0.01205817230321784,0.0002684967644173976,0.001931006909974681,0.01270319712670125
800,2,-8.539970136148086e-06,-3.250343095735859e-06,-0.0003087608177071238,9.151707767395646e-05,0.0006184476274380337,0.0001135229659986487,0.0002018400807217484,0.0007347764719667772
800,3,2.234763126816215e-07,4.622444152671357e-07,-1.380665786924543e-25,1.630774782004846e-06,0,1.928478875322362e-05,3.856957750050838e-05,4.315597784520218e-05
850,0,-5.109502451169093e-05,-9.021579438038381e-05,-0.01427683489197345,0.002408203973508014,-0.0523809041084075,-0.001566941081246609,0.00293358427467172,0.05444684147647737
850,1,-1.988366908581218e-05,-2.031686932647388e-05,-0.003354332675074233,0.0009583652311734614,-0.01205817230321784,0.0002684967644173976,0.001931006909974681,0.01270319712670125
850,2,-8.539970136148086e-06,-3.250343095735859e-06,-0.0003087608177071238,9.151707767395646e-05,0.0006184476274380337,0.0001135229659986487,0.0002018400807217484,0.0007347764719667772
850,3,2.234763126816215e-07,4.622444152671357e-07,-1.380665786924543e-25,1.630774782004846e-06,0,1.928478875322362e-05,3.856957750050838e-05,4.315597784520218e-05
900,0,-5.109502451169093e-05,-9.021579438038381e-05,-0.01427683489197345,0.002408203973508014,-0.0523809041084075,-0.001566941081246609,0.00293358427467172,0.05444684147647737
900,1,-1.988366908581218e-05,-2.031686932647388e-05,-0.003354332675074233,0.0009583652311734614,-0.01205817230321784,0.0002684967644173976,0.001931006909974681,0.01270319712670125
900,2,-8.539970136148086e-06,-3.250343095735859e-06,-0.0003087608177071238,9.151707767395646e-05,0.0006184476274380337,0.0001135229659986487,0.0002018400807217484,0.0007347764719667772
900,3,2.234763126816215e-07,4.622444152671357e-07,-1.380665786924543e-25,1.630774782004846e-06,0,1.928478875322362e-05,3.856957750050838e-05,4.315597784520218e-05
950,0,-5.109502451169093e-05,-9.021579438038381e-05,-0.01427683489197345,0.002408203973508014,-0.0523809041084075,-0.001566941081246609,0.00293358427467172,0.05444684147647737
950,1,-1.988366908581218e-05,-2.031686932647388e-05,-0.003354332675074233,0.0009583652311734614,-0.01205817230321784,0.0002684967644173976,0.001931006909974681,0.01270319712670125
950,2,-8.539970136148086e-06,-3.250343095735859e-06,-0.0003087608177071238,9.151707767395646e-05,0.0006184476274380337,0.0001135229659986487,0.0002018400807217484,0.0007347764719667772
950,3,2.234763126816215e-07,4.622444152671357e-07,-1.380665786924543e-25,1.630774782004846e-06,0,1.928478875322362e-05,3.856957750050838e-05,4.315597784520218e-05
1000,0,-5.109502451169093e-05,-9.021579438038381e-05,-0.01427683489197345,0.002408203973508014,-0.0523809041084075,-0.001566941081246609,0.00293358427467172,0.05444684147647737
1000,1,-1.988366908581218e-05,-2.031686932647388e-05,-0.003354332675074233,0.0009583652311734614,-0.01205817230321784,0.0002684967644173976,0.001931006909974681,0.01270319712670125
1000,2,-8.539970136148086e-06,-3.250343095735859e-06,-0.0003087608177071238,9.151707767395646e-05,0.0006184476274380337,0.0001135229659986487,0.0002018400807217484,0.0007347764719667772
1000,3,2.234763126816215e-07,4.622444152671357e-07,-1.380665786924543e-25,1.630774782004846e-06,0,1.928478875322362e-05,3.856957750050838e-05,4.315597784520218e-05
1050,0,-5.109502451169093e-05,-9.021579438038381e-05,-0.01427683489197345,0.002408203973508014,-0.0523809041084075,-0.001566941081246609,0.00293358427467172,0.05444684147647737
1050,1,-1.988366908581218e-05,-2.031686932647388e-05,-0.003354332675074233,0.0009583652311734614,-0.01205817230321784,0.0002684967644173976,0.001931006909974681,0.01270319712670125
1050,2,-8.539970136148086e-06,-3.250343095735859e-06,-0.0003087608177071238,9.151707767395646e-05,0.0006184476274380337,0.0001135229659986487,0.0002018400807217484,0.0007347764719667772
1050,3,2.234763126816215e-07,4.622444152671357e-07,-1.380665786924543e-25,1.630774782004846e-06,0,1.928478875322362e-05,3.856957750050838e-05,4.315597784520218e-05
1100,0,-5.109502451169093e-05,-9.021579438038381e-05,-0.01427683489197345,0.002408203973508014,-0.0523809041084075,-0.001566941081246609,0.00293358427467172,0.05444684147647737
1100,1,-1.988366908581218e-05,-2.031686932647388e-05,-0.003354332675074233,0.0009583652311734614,-0.01205817230321784,0.0002684967644173976,0.001931006909974681,0.01270319712670125
1100,2,-8.539970136148086e-06,-3.250343095735859e-06,-0.0003087608177071238,9.151707767395646e-05,0.0006184476274380337,0.0001135229659986487,0.0002018400807217484,0.0007347764719667772
1100,3,2.234763126816215e-07,4.622444152671357e-07,-1.380665786924543e-25,1.630774782004846e-06,0,1.928478875322362e-05,3.856957750050838e-05,4.315597784520218e-05
1150,0,-5.109502451169093e-05,-9.021579438038381e-05,-0.01427683489197345,0.002408203973508014,-0.0523809041084075,-0.001566941081246609,0.00293358427467172,0.05444684147647737
1150,1,-1.988366908581218e-05,-2.031686932647388e-05,-0.003354332675074233,0.0009583652311734614,-0.01205817230321784,0.0002684967644173976,0.001931006909974681,0.01270319712670125
1150,2,-8.539970136148086e-06,-3.250343095735859e-06,-0.0003087608177071238,9.151707767395646e-05,0.0006184476274380337,0.0001135229659986487,0.0002018400807217484,0.0007347764719667772
1150,3,2.234763126816215e-07,4.622444152671357e-07,-1.380665786924543e-25,1.630774782004846e-06,0,1.928478875322362e-05,3.856957750050838e-05,4.315597784520218e-05
1200,0,-5.109502451169093e-05,-9.021579438038381e-05,-0.01427683489197345,0.002408203973508014,-0.0523809041084075,-0.001566941081246609,0.00293358427467172,0.05444684147647737
1200,1,-1.988366908581218e-05,-2.031686932647388e-05,-0.003354332675074233,0.0009583652311734614,-0.01205817230321784,0.0002684967644173976,0.001931006909974681,0.01270319712670125
1200,2,-8.539970136148086e-06,-3.250343095735859e-06,-0.0003087608177071238,9.151707767395646e-05,0.0006184476274380337,0.0001135229659986487,0.0002018400807217484,0.0007347764719667772
1200,3,2.234763126816215e-07,4.622444152671357e-07,-1.380665786924543e-25,1.630774782004846e-06,0,1.928478875322362e-05,3.856957750050838e-05,4.315597784520218e-05
1250,0,-5.109502451169093e-05,-9.021579438038381e-05,-0.01427683489197345,0.002408203973508014,-0.0523809041084075,-0.001566941081246609,0.00293358427467172,0.05444684147647737
1250,1,-1.988366908581218e-05,-2.031686932647388e-05,-0.003354332675074233,0.0009583652311734614,-0.01205817230321784,0.0002684967644173976,0.001931006909974681,0.01270319712670125
1250,2,-8.539970136148086e-06,-3.250343095735859e-06,-0.0003087608177071238,9.151707767395646e-05,0.0006184476274380337,0.0001135229659986487,0.0002018400807217484,0.0007347764719667772
1250,3,2.234763126816215e-07,4.622444152671357e-07,-1.380665786924543e-25,1.630774782004846e-06,0,1.928478875322362e-05,3.856957750050838e-05,4.315597784520218e-05
1300,0,-5.109502451169093e-05,-9.021579438038381e-05,-0.01427683489197345,0.002408203973508014,-0.0523809041084075,-0.001566941081246609,0.00293358427467172,0.05444684147647737
1300,1,-1.988366908581218e-05,-2.031686932647388e-05,-0.003354332675074233,0.0009583652311734614,-0.01205817230321784,0.0002684967644173976,0.001931006909974681,0.01270319712670125
1300,2,-8.539970136148086e-06,-3.250343095735859e-06,-0.0003087608177071238,9.151707767395646e-05,0.0006184476274380337,0.0001135229659986487,0.0002018400807217484,0.0007347764719667772
1300,3,2.234763126816215e-07,4.622444152671357e-07,-1.380665786924543e-25,1.630774782004846e-06,0,1.928478875322362e-05,3.856957750050838e-05,4.315597784520218e-05
1350,0,-5.109502451169093e-05,-9.021579438038381e-05,-0.01427683489197345,0.002408203973508014,-0.0523809041084075,-0.001566941081246609,0.00293358427467172,0.05444684147647737
1350,1,-1.988366908581218e-05,-2.031686932647388e-05,-0.003354332675074233,0.0009583652311734614,-0.01205817230321784,0.0002684967644173976,0.001931006909974681,0.01270319712670125
1350,2,-8.539970136148086e-06,-3.250343095735859e-06,-0.0003087608177071238,9.151707767395646e-05,0.0006184476274380337,0.0001135229659986487,0.0002018400807217484,0.0007347764719667772
1350,3,2.234763126816215e-07,4.622444152671357e-07,-1.380665786924543e-25,1.630774782004846e-06,0,1.928478875322362e-05,3.856957750050838e-05,4.315597784520218e-05
1400,0,-5.109502451169093e-05,-9.021579438038381e-05,-0.01427683489197345,0.002408203973508014,-0.0523809041084075,-0.001566941081246609,0.00293358427467172,0.05444684147647737
1400,1,-1.988366908581218e-05,-2.031686932647388e-05,-0.003354332675074233,0.0009583652311734614,-0.01205817230321784,0.0002684967644173976,0.001931006909974681,0.01270319712670125
1400,2,-8.539970136148086e-06,-3.250343095735859e-06,-0.0003087608177071238,9.151707767395646e-05,0.0006184476274380337,0.0001135229659986487,0.0002018400807217484,0.0007347764719667772
1400,3,2.234763126816215e-07,4.622444152671357e-07,-1.380665786924543e-25,1.630774782004846e-06,0,1.928478875322362e-05,3.856957750050838e-05,4.315597784520218e-05
1450,0,-5.109502451169093e-05,-9.021579438038381e-05,-0.01427683489197345,0.002408203973508014,-0.0523809041084075,-0.001566941081246609,0.00293358427467172,0.05444684147647737
1450,1,-1.988366908581218e-05,-2.031686932647388e-05,-0.003354332675074233,0.0009583652311734614,-0.01205817230321784,0.0002684967644173976,0.001931006909974681,0.01270319712670125
1450,2,-8.539970136148086e-06,-3.250343095735859e-06,-0.0003087608177071238,9.151707767395646e-05,0.0006184476274380337,0.0001135229659986487,0.0002018400807217484,0.0007347764719667772
1450,3,2.234763126816215e-07,4.622444152671357e-07,-1.380665786924543e-25,1.630774782004846e-06,0,1.928478875322362e-05,3.856957750050838e-05,4.315597784520218e-05
1500,0,-5.109502451169093e-05,-9.021579438038381e-05,-0.01427683489197345,0.002408203973508014,-0.0523809041084075,-0.001566941081246609,0.00293358427467172,0.05444684147647737
1500,1,-1.988366908581218e-05,-2.031686932647388e-05,-0.003354332675074233,0.0009583652311734614,-0.01205817230321784,0.0002684967644173976,0.001931006909974681,0.01270319712670125
1500,2,-8.539970136148086e-06,-3.250343095735859e-06,-0.0003087608177071238,9.151707767395646e-05,0.0006184476274380337,0.0001135229659986487,0.0002018400807217484,0.0007347764719667772
1500,3,2.234763126816215e-07,4.622444152671357e-07,-1.380665786924543e-25,1.630774782004846e-06,0,1.928478875322362e-05,3.856957750050838e-05,4.315597784520218e-05
1550,0,-5.109502451169093e-05,-9.021579438038381e-05,-0.01427683489197345,0.002408203973508014,-0.0523809041084075,-0.001566941081246609,0.00293358427467172,0.05444684147647737
1550,1,-1.988366908581218e-05,-2.031686932647388e-05,-0.003354332675074233,0.0009583652311734614,-0.01205817230321784,0.0002684967644173976,0.001931006909974681,0.01270319712670125
1550,2,-8.539970136148086e-06,-3.250343095735859e-06,-0.0003087608177071238,9.151707767395646e-05,0.0006184476274380337,0.0001135229659986487,0.0002018400807217484,0.0007347764719667772
1550,3,2.234763126816215e-07,4.622444152671357e-07,-1.380665786924543e-25,1.630774782004846e-06,0,1.928478875322362e-05,3.856957750050838e-05,4.315597784520218e-05
1600,0,-5.109502451169093e-05,-9.021579438038381e-05,-0.01427683489197345,0.002408203973508014,-0.0523809041084075,-0.001566941081246609,0.00293358427467172,0.05444684147647737
1600,1,-1.988366908581218e-05,-2.031686932647388e-05,-0.003354332675074233,0.0009583652311734614,-0.01205817230321784,0.0002684967644173976,0.001931006909974681,0.01270319712670125
1600,2,-8.539970136148086e-06,-3.250343095735859e-06,-0.0003087608177071238,9.151707767395646e-05,0.0006184476274380337,0.0001135229659986487,0.0002018400807217484,0.0007347764719667772
1600,3,2.234763126816215e-07,4.622444152671357e-07,-1.380665786924543e-25,1.630774782004846e-06,0,1.928478875322362e-05,3.856957750050838e-05,4.315597784520218e-05
1650,0,-5.109502451169093e-05,-9.021579438038381e-05,-0.01427683489197345,0.002408203973508014,-0.0523809041084075,-0.001566941081246609,0.00293358427467172,0.05444684147647737
1650,1,-1.988366908581218e-05,-2.031686932647388e-05,-0.003354332675074233,0.0009583652311734614,-0.01205817230321784,0.0002684967644173976,0.001931006909974681,0.01270319712670125
1650,2,-8.539970136148086e-06,-3.250343095735859e-06,-0.0003087608177071238,9.151707767395646e-05,0.0006184476274380337,0.0001135229659986487,0.0002018400807217484,0.0007347764719667772
1650,3,2.234763126816215e-07,4.622444152671357e-07,-1.380665786924543e-25,1.630774782004846e-06,0,1.928478875322362e-05,3.856957750050838e-05,4.315597784520218e-05
1700,0,-5.109502451169093e-05,-9.021579438038381e-05,-0.01427683489197345,0.002408203973508014,-0.0523809041084075,-0.001566941081246609,0.00293358427467172,0.05444684147647737
1700,1,-1.988366908581218e-05,-2.031686932647388e-05,-0.003354332675074233,0.0009583652311734614,-0.01205817230321784,0.0002684967644173976,0.001931006909974681,0.01270319712670125
1700,2,-8.539970136148086e-06,-3.250343095735859e-06,-0.0003087608177071238,9.151707767395646e-05,0.0006184476274380337,0.0001135229659986487,0.0002018400807217484,0.0007347764719667772
1700,3,2.234763126816215e-07,4.622444152671357e-07,-1.380665786924543e-25,1.630774782004846e-06,0,1.928478875322362e-05,3.856957750050838e-05,4.315597784520218e-05
1750,0,-5.109502451169093e-05,-9.021579438038381e-05,-0.01427683489197345,0.002408203973508014,-0.0523809041084075,-0.001566941081246609,0.00293358427467172,0.05444684147647737
1750,1,-1.988366908581218e-05,-2.031686932647388e-05,-0.003354332675074233,0.0009583652311734614,-0.01205817230321784,0.0002684967644173976,0.001931006909974681,0.01270319712670125
1750,2,-8.539970136148086e-06,-3.250343095735859e-06,-0.0003087608177071238,9.151707767395646e-05,0.0006184476274380337,0.0001135229659986487,0.0002018400807217484,0.0007347764719667772
1750,3,2.234763126816215e-07,4.622444152671357e-07,-1.380665786924543e-25,1.630774782004846e-06,0,1.928478875322362e-05,3.856957750050838e-05,4.315597784520218e-05
1800,0,-5.109502451169093e-05,-9.021579438038381e-05,-0.01427683489197345,0.002408203973508014,-0.0523809041084075,-0.001566941081246609,0.00293358427467172,0.05444684147647737
1800,1,-1.988366908581218e-05,-2.031686932647388e-05,-0.003354332675074233,0.0009583652311734614,-0.01205817230321784,0.0002684967644173976,0.001931006909974681,0.01270319712670125
1800,2,-8.539970136148086e-06,-3.250343095735859e-06,-0.0003087608177071238,9.151707767395646e-05,0.0006184476274380337,0.0001135229659986487,0.0002018400807217484,0.0007347764719667772
1800,3,2.234763126816215e-07,4.622444152671357e-07,-1.380665786924543e-25,1.630774782004846e-06,0,1.928478875322362e-05,3.856957750050838e-05,4.315597784520218e-05
1850,0,-5.109502451169093e-05,-9.021579438038381e-05,-0.01427683489197345,0.002408203973508014,-0.0523809041084075,-0.001566941081246609,0.00293358427467172,0.05444684147647737
1850,1,-1.988366908581218e-05,-2.031686932647388e-05,-0.003354332675074233,0.0009583652311734614,-0.01205817230321784,0.0002684967644173976,0.001931006909974681,0.01270319712670125
1850,2,-8.539970136148086e-06,-3.250343095735859e-06,-0.0003087608177071238,9.151707767395646e-05,0.0006184476274380337,0.0001135229659986487,0.0002018400807217484,0.0007347764719667772
1850,3,2.234763126816215e-07,4.622444152671357e-07,-1.380665786924543e-25,1.630774782004846e-06,0,1.928478875322362e-05,3.856957750050838e-05,4.315597784520218e-05
1900,0,-5.109502451169093e-05,-9.021579438038381e-05,-0.01427683489197345,0.002408203973508014,-0.0523809041084075,-0.001566941081246609,0.00293358427467172,0.05444684147647737
1900,1,-1.988366908581218e-05,-2.031686932647388e-05,-0.003354332675074233,0.0009583652311734614,-0.01205817230321784,0.0002684967644173976,0.001931006909974681,0.01270319712670125
1900,2,-8.539970136148086e-06,-3.250343095735859e-06,-0.0003087608177071238,9.151707767395646e-05,0.0006184476274380337,0.0001135229659986487,0.0002018400807217484,0.0007347764719667772
1900,3,2.234763126816215e-07,4.622444152671357e-07,-1.380665786924543e-25,1.630774782004846e-06,0,1.928478875322362e-05,3.856957750050838e-05,4.315597784520218e-05
1950,0,-5.109502451169093e-05,-9.021579438038381e-05,-0.01427683489197345,0.002408203973508014,-0.0523809041084075,-0.001566941081246609,0.00293358427467172,0.05444684147647737
1950,1,-1.988366908581218e-05,-2.031686932647388e-05,-0.003354332675074233,0.0009583652311734614,-0.01205817230321784,0.0002684967644173976,0.001931006909974681,0.01270319712670125
1950,2,-8.539970136148086e-06,-3.250343095735859e-06,-0.0003087608177071238,9.151707767395646e-05,0.0006184476274380337,0.0001135229659986487,0.0002018400807217484,0.0007347764719667772
1950,3,2.234763126816215e-07,4.622444152671357e-07,-1.380665786924543e-25,1.630774782004846e-06,0,1.928478875322362e-05,3.856957750050838e-05,4.315597784520218e-05
2000,0,-5.109502451169093e-05,-9.021579438038381e-05,-0.01427683489197345,0.002408203973508014,-0.0523809041084075,-0.001566941081246609,0.00293358427467172,0.05444684147647737
2000,1,-1.988366908581218e-05,-2.031686932647388e-05,-0.003354332675074233,0.0009583652311734614,-0.01205817230321784,0.0002684967644173976,0.001931006909974681,0.01270319712670125
2000,2,-8.539970136148086e-06,-3.250343095735859e-06,-0.0003087608177071238,9.151707767395646e-05,0.0006184476274380337,0.0001135229659986487,0.0002018400807217484,0.0007347764719667772
2000,3,2.234763126816215e-07,4.622444152671357e-07,-1.380665786924543e-25,1.630774782004846e-06,0,1.928478875322362e-05,3.856957750050838e-05,4.315597784520218e-05
2050,0,-5.109502451169093e-05,-9.021579438038381e-05,-0.01427683489197345,0.002408203973508014,-0.0523809041084075,-0.001566941081246609,0.00293358427467172,0.05444684147647737
2050,1,-1.988366908581218e-05,-2.031686932647388e-05,-0.003354332675074233,0.0009583652311734614,-0.01205817230321784,0.0002684967644173976,0.001931006909974681,0.01270319712670125
2050,2,-8.539970136148086e-06,-3.250343095735859e-06,-0.0003087608177071238,9.151707767395646e-05,0.0006184476274380337,0.0001135229659986487,0.0002018400807217484,0.0007347764719667772
2050,3,2.234763126816215e-07,4.622444152671357e-07,-1.380665786924543e-25,1.630774782004846e-06,0,1.928478875322362e-05,3.856957750050838e-05,4.315597784520218e-05
2100,0,-5.109502451169093e-05,-9.021579438038381e-05,-0.01427683489197345,0.002408203973508014,-0.0523809041084075,-0.001566941081246609,0.00293358427467172,0.05444684147647737
2100,1,-1.988366908581218e-05,-2.031686932647388e-05,-0.003354332675074233,0.0009583652311734614,-0.01205817230321784,0.0002684967644173976,0.001931006909974681,0.01270319712670125
2100,2,-8.539970136148086e-06,-3.250343095735859e-06,-0.0003087608177071238,9.151707767395646e-05,0.0006184476274380337,0.0001135229659986487,0.0002018400807217484,0.0007347764719667772
2100,3,2.234763126816215e-07,4.622444152671357e-07,-1.380665786924543e-25,1.630774782004846e-06,0,1.928478875322362e-05,3.856957750050838e-05,4.315597784520218e-05
2150,0,-5.109502451169093e-05,-9.021579438038381e-05,-0.01427683489197345,0.002408203973508014,-0.0523809041084075,-0.001566941081246609,0.00293358427467172,0.05444684147647737
2150,1,-1.988366908581218e-05,-2.031686932647388e-05,-0.003354332675074233,0.0009583652311734614,-0.01205817230321784,0.0002684967644173976,0.001931006909974681,0.01270319712670125
2150,2,-8.539970136148086e-06,-3.250343095735859e-06,-0.0003087608177071238,9.151707767395646e-05,0.0006184476274380337,0.0001135229659986487,0.0002018400807217484,0.0007347764719667772
2150,3,2.234763126816215e-07,4.622444152671357e-07,-1.380665786924543e-25,1.630774782004846e-06,0,1.928478875322362e-05,3.856957750050838e-05,4.315597784520218e-05
2200,0,-5.109502451169093e-05,-9.021579438038381e-05,-0.01427683489197345,0.002408203973508014,-0.0523809041084075,-0.001566941081246609,0.00293358427467172,0.05444684147647737
2200,1,-1.988366908581218e-05,-2.031686932647388e-05,-0.003354332675074233,0.0009583652311734614,-0.01205817230321784,0.0002684967644173976,0.001931006909974681,0.01270319712670125
2200,2,-8.539970136148086e-06,-3.250343095735859e-06,-0.0003087608177071238,9.151707767395646e-05,0.0006184476274380337,0.0001135229659986487,0.0002018400807217484,0.0007347764719667772
2200,3,2.234763126816215e-07,4.622444152671357e-07,-1.380665786924543e-25,1.630774782004846e-06,0,1.928478875322362e-05,3.856957750050838e-05,4.315597784520218e-05
2250,0,-5.109502451169093e-05,-9.021579438038381e-05,-0.01427683489197345,0.002408203973508014,-0.0523809041084075,-0.001566941081246609,0.00293358427467172,0.05444684147647737
2250,1,-1.988366908581218e-05,-2.031686932647388e-05,-0.003354332675074233,0.0009583652311734614,-0.01205817230321784,0.0002684967644173976,0.001931006909974681,0.01270319712670125
2250,2,-8.539970136148086e-06,-3.250343095735859e-06,-0.0003087608177071238,9.151707767395646e-05,0.0006184476274380337,0.0001135229659986487,0.0002018400807217484,0.0007347764719667772
2250,3,2.234763126816215e-07,4.622444152671357e-07,-1.380665786924543e-25,1.630774782004846e-06,0,1.928478875322362e-05,3.856957750050838e-05,4.315597784520218e-05
2300,0,-5.109502451169093e-05,-9.021579438038381e-05,-0.01427683489197345,0.002408203973508014,-0.0523809041084075,-0.001566941081246609,0.00293358427467172,0.05444684147647737
2300,1,-1.988366908581218e-05,-2.031686932647388e-05,-0.003354332675074233,0.0009583652311734614,-0.01205817230321784,0.0002684967644173976,0.001931006909974681,0.01270319712670125
2300,2,-8.539970136148086e-06,-3.250343095735859e-06,-0.0003087608177071238,9.151707767395646e-05,0.0006184476274380337,0.0001135229659986487,0.0002018400807217484,0.0007347764719667772
2300,3,2.234763126816215e-07,4.622444152671357e-07,-1.380665786924543e-25,1.630774782004846e-06,0,1.928478875322362e-05,3.856957750050838e-05,4.315597784520218e-05
2350,0,-5.109502451169093e-05,-9.021579438038381e-05,-0.01427683489197345,0.002408203973508014,-0.0523809041084075,-0.001566941081246609,0.00293358427467172,0.05444684147647737
2350,1,-1.988366908581218e-05,-2.031686932647388e-05,-0.003354332675074233,0.0009583652311734614,-0.01205817230321784,0.0002684967644173976,0.001931006909974681,0.01270319712670125
2350,2,-8.539970136148086e-06,-3.250343095735859e-06,-0.0003087608177071238,9.151707767395646e-05,0.0006184476274380337,0.0001135229659986487,0.0002018400807217484,0.0007347764719667772
2350,3,2.234763126816215e-07,4.622444152671357e-07,-1.380665786924543e-25,1.630774782004846e-06,0,1.928478875322362e-05,3.856957750050838e-05,4.315597784520218e-05
2400,0,-5.109502451169093e-05,-9.021579438038381e-05,-0.01427683489197345,0.002408203973508014,-0.0523809041084075,-0.001566941081246609,0.00293358427467172,0.05444684147647737
2400,1,-1.988366908581218e-05,-2.031686932647388e-05,-0.003354332675074233,0.0009583652311734614,-0.01205817230321784,0.0002684967644173976,0.001931006909974681,0.01270319712670125
2400,2,-8.539970136148086e-06,-3.250343095735859e-06,-0.0003087608177071238,9.151707767395646e-05,0.0006184476274380337,0.0001135229659986487,0.0002018400807217484,0.0007347764719667772
2400,3,2.234763126816215e-07,4.622444152671357e-07,-1.380665786924543e-25,1.630774782004846e-06,0,1.928478875322362e-05,3.856957750050838e-05,4.315597784520218e-05
2450,0,-5.109502451169093e-05,-9.021579438038381e-05,-0.01427683489197345,0.002408203973508014,-0.0523809041084075,-0.001566941081246609,0.00293358427467172,0.05444684147647737
2450,1,-1.988366908581218e-05,-2.031686932647388e-05,-0.003354332675074233,0.0009583652311734614,-0.01205817230321784,0.0002684967644173976,0.001931006909974681,0.01270319712670125
2450,2,-8.539970136148086e-06,-3.250343095735859e-06,-0.0003087608177071238,9.151707767395646e-05,0.0006184476274380337,0.0001135229659986487,0.0002018400807217484,0.0007347764719667772
2450,3,2.234763126816215e-07,4.622444152671357e-07,-1.380665786924543e-25,1.630774782004846e-06,0,1.928478875322362e-05,3.856957750050838e-05,4.315597784520218e-05
2500,0,-5.109502451169093e-05,-9.021579438038381e-05,-0.01427683489197345,0.002408203973508014,-0.0523809041084075,-0.001566941081246609,0.00293358427467172,0.05444684147647737
2500,1,-1.988366908581218e-05,-2.031686932647388e-05,-0.003354332675074233,0.0009583652311734614,-0.01205817230321784,0.0002684967644173976,0.001931006909974681,0.01270319712670125
2500,2,-8.539970136148086e-06,-3.250343095735859e-06,-0.0003087608177071238,9.151707767395646e-05,0.0006184476274380337,0.0001135229659986487,0.0002018400807217484,0.0007347764719667772
2500,3,2.234763126816215e-07,4.622444152671357e-07,-1.380665786924543e-25,1.630774782004846e-06,0,1.928478875322362e-05,3.856957750050838e-05,4.315597784520218e-05
2550,0,-5.109502451169093e-05,-9.021579438038381e-05,-0.01427683489197345,0.002408203973508014,-0.0523809041084075,-0.001566941081246609,0.00293358427467172,0.05444684147647737
2550,1,-1.988366908581218e-05,-2.031686932647388e-05,-0.003354332675074233,0.0009583652311734614,-0.01205817230321784,0.0002684967644173976,0.001931006909974681,0.01270319712670125
2550,2,-8.539970136148086e-06,-3.250343095735859e-06,-0.0003087608177071238,9.151707767395646e-05,0.0006184476274380337,0.0001135229659986487,0.0002018400807217484,0.0007347764719667772
2550,3,2.234763126816215e-07,4.622444152671357e-07,-1.380665786924543e-25,1.630774782004846e-06,0,1.928478875322362e-05,3.856957750050838e-05,4.315597784520218e-05
2600,0,-5.109502451169093e-05,-9.021579438038381e-05,-0.01427683489197345,0.002408203973508014,-0.0523809041084075,-0.001566941081246609,0.00293358427467172,0.05444684147647737
2600,1,-1.988366908581218e-05,-2.031686932647388e-05,-0.003354332675074233,0.0009583652311734614,-0.01205817230321784,0.0002684967644173976,0.001931006909974681,0.01270319712670125
2600,2,-8.539970136148086e-06,-3.250343095735859e-06,-0.0003087608177071238,9.151707767395646e-05,0.0006184476274380337,0.0001135229659986487,0.0002018400807217484,0.0007347764719667772
2600,3,2.234763126816215e-07,4.622444152671357e-07,-1.380665786924543e-25,1.630774782004846e-06,0,1.928478875322362e-05,3.856957750050838e-05,4.315597784520218e-05
2650,0,-5.109502451169093e-05,-9.021579438038381e-05,-0.01427683489197345,0.002408203973508014,-0.0523809041084075,-0.001566941081246609,0.00293358427467172,0.05444684147647737
2650,1,-1.988366908581218e-05,-2.031686932647388e-05,-0.003354332675074233,0.0009583652311734614,-0.01205817230321784,0.0002684967644173976,0.001931006909974681,0.01270319712670125
2650,2,-8.539970136148086e-06,-3.250343095735859e-06,-0.0003087608177071238,9.151707767395646e-05,0.0006184476274380337,0.0001135229659986487,0.0002018400807217484,0.0007347764719667772
2650,3,2.234763126816215e-07,4.622444152671357e-07,-1.380665786924543e-25,1.630774782004846e-06,0,1.928478875322362e-05,3.856957750050838e-05,4.315597784520218e-05
2700,0,-5.109502451169093e-05,-9.021579438038381e-05,-0.01427683489197345,0.002408203973508014,-0.0523809041084075,-0.001566941081246609,0.00293358427467172,0.05444684147647737
2700,1,-1.988366908581218e-05,-2.031686932647388e-05,-0.003354332675074233,0.0009583652311734614,-0.01205817230321784,0.0002684967644173976,0.001931006909974681,0.01270319712670125
2700,2,-8.539970136148086e-06,-3.250343095735859e-06,-0.0003087608177071238,9.151707767395646e-05,0.0006184476274380337,0.0001135229659986487,0.0002018400807217484,0.0007347764719667772
2700,3,2.234763126816215e-07,4.622444152671357e-07,-1.380665786924543e-25,1.630774782004846e-06,0,1.928478875322362e-05,3.856957750050838e-05,4.315597784520218e-05
2750,0,-5.109502451169093e-05,-9.021579438038381e-05,-0.01427683489197345,0.002408203973508014,-0.0523809041084075,-0.001566941081246609,0.00293358427467172,0.05444684147647737
2750,1,-1.988366908581218e-05,-2.031686932647388e-05,-0.003354332675074233,0.0009583652311734614,-0.01205817230321784,0.0002684967644173976,0.001931006909974681,0.01270319712670125
2750,2,-8.539970136148086e-06,-3.250343095735859e-06,-0.0003087608177071238,9.151707767395646e-05,0.0006184476274380337,0.0001135229659986487,0.0002018400807217484,0.0007347764719667772
2750,3,2.234763126816215e-07,4.622444152671357e-07,-1.380665786924543e-25,1.630774782004846e-06,0,1.928478875322362e-05,3.856957750050838e-05,4.315597784520218e-05
2800,0,-5.109502451169093e-05,-9.021579438038381e-05,-0.01427683489197345,0.002408203973508014,-0.0523809041084075,-0.001566941081246609,0.00293358427467172,0.05444684147647737
2800,1,-1.988366908581218e-05,-2.031686932647388e-05,-0.003354332675074233,0.0009583652311734614,-0.01205817230321784,0.0002684967644173976,0.001931006909974681,0.01270319712670125
2800,2,-8.539970136148086e-06,-3.250343095735859e-06,-0.0003087608177071238,9.151707767395646e-05,0.0006184476274380337,0.0001135229659986487,0.0002018400807217484,0.0007347764719667772
2800,3,2.234763126816215e-07,4.622444152671357e-07,-1.380665786924543e-25,1.630774782004846e-06,0,1.928478875322362e-05,3.856957750050838e-05,4.315597784520218e-05
2850,0,-5.109502451169093e-05,-9.021579438038381e-05,-0.01427683489197345,0.002408203973508014,-0.0523809041084075,-0.001566941081246609,0.00293358427467172,0.05444684147647737
2850,1,-1.988366908581218e-05,-2.031686932647388e-05,-0.003354332675074233,0.0009583652311734614,-0.01205817230321784,0.0002684967644173976,0.001931006909974681,0.01270319712670125
2850,2,-8.539970136148086e-06,-3.250343095735859e-06,-0.0003087608177071238,9.151707767395646e-05,0.0006184476274380337,0.0001135229659986487,0.0002018400807217484,0.0007347764719667772
2850,3,2.234763126816215e-07,4.622444152671357e-07,-1.380665786924543e-25,1.630774782004846e-06,0,1.928478875322362e-05,3.856957750050838e-05,4.315597784520218e-05
2900,0,-5.109502451169093e-05,-9.021579438038381e-05,-0.01427683489197345,0.002408203973508014,-0.0523809041084075,-0.001566941081246609,0.00293358427467172,0.05444684147647737
2900,1,-1.988366908581218e-05,-2.031686932647388e-05,-0.003354332675074233,0.0009583652311734614,-0.01205817230321784,0.0002684967644173976,0.001931006909974681,0.01270319712670125
2900,2,-8.539970136148086e-06,-3.250343095735859e-06,-0.0003087608177071238,9.151707767395646e-05,0.0006184476274380337,0.0001135229659986487,0.0002018400807217484,0.0007347764719667772
2900,3,2.234763126816215e-07,4.622444152671357e-07,-1.380665786924543e-25,1.630774782004846e-06,0,1.928478875322362e-05,3.856957750050838e-05,4.315597784520218e-05
2950,0,-5.109502451169093e-05,-9.021579438038381e-05,-0.01427683489197345,0.002408203973508014,-0.0523809041084075,-0.001566941081246609,0.00293358427467172,0.05444684147647737
2950,1,-1.988366908581218e-05,-2.031686932647388e-05,-0.003354332675074233,0.0009583652311734614,-0.01205817230321784,0.0002684967644173976,0.001931006909974681,0.01270319712670125
2950,2,-8.539970136148086e-06,-3.250343095735859e-06,-0.0003087608177071238,9.151707767395646e-05,0.0006184476274380337,0.0001135229659986487,0.0002018400807217484,0.0007347764719667772
2950,3,2.234763126816215e-07,4.622444152671357e-07,-1.380665786924543e-25,1.630774782004846e-06,0,1.928478875322362e-05,3.856957750050838e-05,4.315597784520218e-05
3000,0,-5.109502451169093e-05,-9.021579438038381e-05,-0.01427683489197345,0.002408203973508014,-0.0523809041084075,-0.001566941081246609,0.00293358427467172,0.05444684147647737
3000,1,-1.988366908581218e-05,-2.031686932647388e-05,-0.003354332675074233,0.0009583652311734614,-0.01205817230321784,0.0002684967644173976,0.001931006909974681,0.01270319712670125
3000,2,-8.539970136148086e-06,-3.250343095735859e-06,-0.0003087608177071238,9.151707767395646e-05,0.0006184476274380337,0.0001135229659986487,0.0002018400807217484,0.0007347764719667772
3000,3,2.234763126816215e-07,4.622444152671357e-07,-1.380665786924543e-25,1.630774782004846e-06,0,1.928478875322362e-05,3.856957750050838e-05,4.315597784520218e-05
3050,0,-5.109502451169093e-05,-9.021579438038381e-05,-0.01427683489197345,0.002408203973508014,-0.0523809041084075,-0.001566941081246609,0.00293358427467172,0.05444684147647737
3050,1,-1.988366908581218e-05,-2.031686932647388e-05,-0.003354332675074233,0.0009583652311734614,-0.01205817230321784,0.0002684967644173976,0.001931006909974681,0.01270319712670125
3050,2,-8.539970136148086e-06,-3.250343095735859e-06,-0.0003087608177071238,9.151707767395646e-05,0.0006184476274380337,0.0001135229659986487,0.0002018400807217484,0.0007347764719667772
3050,3,2.234763126816215e-07,4.622444152671357e-07,-1.380665786924543e-25,1.630774782004846e-06,0,1.928478875322362e-05,3.856957750050838e-05,4.315597784520218e-05
3100,0,-5.109502451169093e-05,-9.021579438038381e-05,-0.01427683489197345,0.002408203973508014,-0.0523809041084075,-0.001566941081246609,0.00293358427467172,0.05444684147647737
3100,1,-1.988366908581218e-05,-2.031686932647388e-05,-0.003354332675074233,0.0009583652311734614,-0.01205817230321784,0.0002684967644173976,0.001931006909974681,0.01270319712670125
3100,2,-8.539970136148086e-06,-3.250343095735859e-06,-0.0003087608177071238,9.151707767395646e-05,0.0006184476274380337,0.0001135229659986487,0.0002018400807217484,0.0007347764719667772
3100,3,2.234763126816215e-07,4.622444152671357e-07,-1.380665786924543e-25,1.630774782004846e-06,0,1.928478875322362e-05,3.856957750050838e-05,4.315597784520218e-05
3150,0,-5.109502451169093e-05,-9.021579438038381e-05,-0.01427683489197345,0.002408203973508014,-0.0523809041084075,-0.001566941081246609,0.00293358427467172,0.05444684147647737
3150,1,-1.988366908581218e-05,-2.031686932647388e-05,-0.003354332675074233,0.0009583652311734614,-0.01205817230321784,0.0002684967644173976,0.001931006909974681,0.01270319712670125
3150,2,-8.539970136148086e-06,-3.250343095735859e-06,-0.0003087608177071238,9.151707767395646e-05,0.0006184476274380337,0.0001135229659986487,0.0002018400807217484,0.0007347764719667772
3150,3,2.234763126816215e-07,4.622444152671357e-07,-1.380665786924543e-25,1.630774782004846e-06,0,1.928478875322362e-05,3.856957750050838e-05,4.315597784520218e-05
3200,0,-5.109502451169093e-05,-9.021579438038381e-05,-0.01427683489197345,0.002408203973508014,-0.0523809041084075,-0.001566941081246609,0.00293358427467172,0.05444684147647737
3200,1,-1.988366908581218e-05,-2.031686932647388e-05,-0.003354332675074233,0.0009583652311734614,-0.01205817230321784,0.0002684967644173976,0.001931006909974681,0.01270319712670125
3200,2,-8.539970136148086e-06,-3.250343095735859e-06,-0.0003087608177071238,9.151707767395646e-05,0.0006184476274380337,0.0001135229659986487,0.0002018400807217484,0.0007347764719667772
3200,3,2.234763126816215e-07,4.622444152671357e-07,-1.380665786924543e-25,1.630774782004846e-06,0,1.928478875322362e-05,3.856957750050838e-05,4.315597784520218e-05
3250,0,-5.109502451169093e-05,-9.021579438038381e-05,-0.01427683489197345,0.002408203973508014,-0.0523809041084075,-0.001566941081246609,0.00293358427467172,0.05444684147647737
3250,1,-1.988366908581218e-05,-2.031686932647388e-05,-0.003354332675074233,0.0009583652311734614,-0.01205817230321784,0.0002684967644173976,0.001931006909974681,0.01270319712670125
3250,2,-8.539970136148086e-06,-3.250343095735859e-06,-0.0003087608177071238,9.151707767395646e-05,0.0006184476274380337,0.0001135229659986487,0.0002018400807217484,0.0007347764719667772
3250,3,2.234763126816215e-07,4.622444152671357e-07,-1.380665786924543e-25,1.630774782004846e-06,0,1.928478875322362e-05,3.856957750050838e-05,4.315597784520218e-05
3300,0,-5.109502451169093e-05,-9.021579438038381e-05,-0.01427683489197345,0.002408203973508014,-0.0523809041084075,-0.001566941081246609,0.00293358427467172,0.05444684147647737
3300,1,-1.988366908581218e-05,-2.031686932647388e-05,-0.003354332675074233,0.0009583652311734614,-0.01205817230321784,0.0002684967644173976,0.001931006909974681,0.01270319712670125
3300,2,-8.539970136148086e-06,-3.250343095735859e-06,-0.0003087608177071238,9.151707767395646e-05,0.0006184476274380337,0.0001135229659986487,0.0002018400807217484,0.0007347764719667772
3300,3,2.234763126816215e-07,4.622444152671357e-07,-1.380665786924543e-25,1.630774782004846e-06,0,1.928478875322362e-05,3.856957750050838e-05,4.315597784520218e-05
3350,0,-5.109502451169093e-05,-9.021579438038381e-05,-0.01427683489197345,0.002408203973508014,-0.0523809041084075,-0.001566941081246609,0.00293358427467172,0.05444684147647737
3350,1,-1.988366908581218e-05,-2.031686932647388e-05,-0.003354332675074233,0.0009583652311734614,-0.01205817230321784,0.0002684967644173976,0.001931006909974681,0.01270319712670125
3350,2,-8.539970136148086e-06,-3.250343095735859e-06,-0.0003087608177071238,9.151707767395646e-05,0.0006184476274380337,0.0001135229659986487,0.0002018400807217484,0.0007347764719667772
3350,3,2.234763126816215e-07,4.622444152671357e-07,-1.380665786924543e-25,1.630774782004846e-06,0,1.928478875322362e-05,3.856957750050838e-05,4.315597784520218e-05
3400,0,-5.109502451169093e-05,-9.021579438038381e-05,-0.01427683489197345,0.002408203973508014,-0.0523809041084075,-0.001566941081246609,0.00293358427467172,0.05444684147647737
3400,1,-1.988366908581218e-05,-2.031686932647388e-05,-0.003354332675074233,0.0009583652311734614,-0.01205817230321784,0.0002684967644173976,0.001931006909974681,0.01270319712670125
3400,2,-8.539970136148086e-06,-3.250343095735859e-06,-0.0003087608177071238,9.151707767395646e-05,0.0006184476274380337,0.0001135229659986487,0.0002018400807217484,0.0007347764719667772
3400,3,2.234763126816215e-07,4.622444152671357e-07,-1.380665786924543e-25,1.630774782004846e-06,0,1.928478875322362e-05,3.856957750050838e-05,4.315597784520218e-05
3450,0,-5.109502451169093e-05,-9.021579438038381e-05,-0.01427683489197345,0.002408203973508014,-0.0523809041084075,-0.001566941081246609,0.00293358427467172,0.05444684147647737
3450,1,-1.988366908581218e-05,-2.031686932647388e-05,-0.003354332675074233,0.0009583652311734614,-0.01205817230321784,0.0002684967644173976,0.001931006909974681,0.01270319712670125
3450,2,-8.539970136148086e-06,-3.250343095735859e-06,-0.0003087608177071238,9.151707767395646e-05,0.0006184476274380337,0.0001135229659986487,0.0002018400807217484,0.0007347764719667772
3450,3,2.234763126816215e-07,4.622444152671357e-07,-1.380665786924543e-25,1.630774782004846e-06,0,1.928478875322362e-05,3.856957750050838e-05,4.315597784520218e-05
3500,0,-5.109502451169093e-05,-9.021579438038381e-05,-0.01427683489197345,0.002408203973508014,-0.0523809041084075,-0.001566941081246609,0.00293358427467172,0.05444684147647737
3500,1,-1.988366908581218e-05,-2.031686932647388e-05,-0.003354332675074233,0.0009583652311734614,-0.01205817230321784,0.0002684967644173976,0.001931006909974681,0.01270319712670125
3500,2,-8.539970136148086e-06,-3.250343095735859e-06,-0.0003087608177071238,9.151707767395646e-05,0.0006184476274380337,0.0001135229659986487,0.0002018400807217484,0.0007347764719667772
3500,3,2.234763126816215e-07,4.622444152671357e-07,-1.380665786924543e-25,1.630774782004846e-06,0,1.928478875322362e-05,3.856957750050838e-05,4.315597784520218e-05
3550,0,-5.109502451169093e-05,-9.021579438038381e-05,-0.01427683489197345,0.002408203973508014,-0.0523809041084075,-0.001566941081246609,0.00293358427467172,0.05444684147647737
3550,1,-1.988366908581218e-05,-2.031686932647388e-05,-0.003354332675074233,0.0009583652311734614,-0.01205817230321784,0.0002684967644173976,0.001931006909974681,0.01270319712670125
3550,2,-8.539970136148086e-06,-3.250343095735859e-06,-0.0003087608177071238,9.151707767395646e-05,0.0006184476274380337,0.0001135229659986487,0.0002018400807217484,0.0007347764719667772
3550,3,2.234763126816215e-07,4.622444152671357e-07,-1.380665786924543e-25,1.630774782004846e-06,0,1.928478875322362e-05,3.856957750050838e-05,4.315597784520218e-05
3600,0,-5.109502451169093e-05,-9.021579438038381e-05,-0.01427683489197345,0.002408203973508014,-0.0523809041084075,-0.001566941081246609,0.00293358427467172,0.05444684147647737
3600,1,-1.988366908581218e-05,-2.031686932647388e-05,-0.003354332675074233,0.0009583652311734614,-0.01205817230321784,0.0002684967644173976,0.001931006909974681,0.01270319712670125
3600,2,-8.539970136148086e-06,-3.250343095735859e-06,-0.0003087608177071238,9.151707767395646e-05,0.0006184476274380337,0.0001135229659986487,0.0002018400807217484,0.0007347764719667772
3600,3,2.234763126816215e-07,4.622444152671357e-07,-1.380665786924543e-25,1.630774782004846e-06,0,1.928478875322362e-05,3.856957750050838e-05,4.315597784520218e-05
3650,0,-5.109502451169093e-05,-9.021579438038381e-05,-0.01427683489197345,0.002408203973508014,-0.0523809041084075,-0.001566941081246609,0.00293358427467172,0.05444684147647737
3650,1,-1.988366908581218e-05,-2.031686932647388e-05,-0.003354332675074233,0.0009583652311734614,-0.01205817230321784,0.0002684967644173976,0.001931006909974681,0.01270319712670125
3650,2,-8.539970136148086e-06,-3.250343095735859e-06,-0.0003087608177071238,9.151707767395646e-05,0.0006184476274380337,0.0001135229659986487,0.0002018400807217484,0.0007347764719667772
3650,3,2.234763126816215e-07,4.622444152671357e-07,-1.380665786924543e-25,1.630774782004846e-06,0,1.928478875322362e-05,3.856957750050838e-05,4.315597784520218e-05
3700,0,-5.109502451169093e-05,-9.021579438038381e-05,-0.01427683489197345,0.002408203973508014,-0.0523809041084075,-0.001566941081246609,0.00293358427467172,0.05444684147647737
3700,1,-1.988366908581218e-05,-2.031686932647388e-05,-0.003354332675074233,0.0009583652311734614,-0.01205817230321784,0.0002684967644173976,0.001931006909974681,0.01270319712670125
3700,2,-8.539970136148086e-06,-3.250343095735859e-06,-0.0003087608177071238,9.151707767395646e-05,0.0006184476274380337,0.0001135229659986487,0.0002018400807217484,0.0007347764719667772
3700,3,2.234763126816215e-07,4.622444152671357e-07,-1.380665786924543e-25,1.630774782004846e-06,0,1.928478875322362e-05,3.856957750050838e-05,4.315597784520218e-05
3750,0,-5.109502451169093e-05,-9.021579438038381e-05,-0.01427683489197345,0.002408203973508014,-0.0523809041084075,-0.001566941081246609,0.00293358427467172,0.05444684147647737
3750,1,-1.988366908581218e-05,-2.031686932647388e-05,-0.003354332675074233,0.0009583652311734614,-0.01205817230321784,0.0002684967644173976,0.001931006909974681,0.01270319712670125
3750,2,-8.539970136148086e-06,-3.250343095735859e-06,-0.0003087608177071238,9.151707767395646e-05,0.0006184476274380337,0.0001135229659986487,0.0002018400807217484,0.0007347764719667772
3750,3,2.234763126816215e-07,4.622444152671357e-07,-1.380665786924543e-25,1.630774782004846e-06,0,1.928478875322362e-05,3.856957750050838e-05,4.315597784520218e-05
3800,0,-5.109502451169093e-05,-9.021579438038381e-05,-0.01427683489197345,0.002408203973508014,-0.0523809041084075,-0.001566941081246609,0.00293358427467172,0.05444684147647737
3800,1,-1.988366908581218e-05,-2.031686932647388e-05,-0.003354332675074233,0.0009583652311734614,-0.01205817230321784,0.0002684967644173976,0.001931006909974681,0.01270319712670125
3800,2,-8.539970136148086e-06,-3.250343095735859e-06,-0.0003087608177071238,9.151707767395646e-05,0.0006184476274380337,0.0001135229659986487,0.0002018400807217484,0.0007347764719667772
3800,3,2.234763126816215e-07,4.622444152671357e-07,-1.380665786924543e-25,1.630774782004846e-06,0,1.928478875322362e-05,3.856957750050838e-05,4.315597784520218e-05
3850,0,-5.109502451169093e-05,-9.021579438038381e-05,-0.01427683489197345,0.002408203973508014,-0.0523809041084075,-0.001566941081246609,0.00293358427467172,0.05444684147647737
3850,1,-1.988366908581218e-05,-2.031686932647388e-05,-0.003354332675074233,0.0009583652311734614,-0.01205817230321784,0.0002684967644173976,0.001931006909974681,0.01270319712670125
3850,2,-8.539970136148086e-06,-3.250343095735859e-06,-0.0003087608177071238,9.151707767395646e-05,0.0006184476274380337,0.0001135229659986487,0.0002018400807217484,0.0007347764719667772
3850,3,2.234763126816215e-07,4.622444152671357e-07,-1.380665786924543e-25,1.630774782004846e-06,0,1.928478875322362e-05,3.856957750050838e-05,4.315597784520218e-05
3900,0,-5.109502451169093e-05,-9.021579438038381e-05,-0.01427683489197345,0.002408203973508014,-0.0523809041084075,-0.001566941081246609,0.00293358427467172,0.05444684147647737
3900,1,-1.988366908581218e-05,-2.031686932647388e-05,-0.003354332675074233,0.0009583652311734614,-0.01205817230321784,0.0002684967644173976,0.001931006909974681,0.01270319712670125
3900,2,-8.539970136148086e-06,-3.250343095735859e-06,-0.0003087608177071238,9.151707767395646e-05,0.0006184476274380337,0.0001135229659986487,0.0002018400807217484,0.0007347764719667772
3900,3,2.234763126816215e-07,4.622444152671357e-07,-1.380665786924543e-25,1.630774782004846e-06,0,1.928478875322362e-05,3.856957750050838e-05,4.315597784520218e-05
3950,0,-5.109502451169093e-05,-9.021579438038381e-05,-0.01427683489197345,0.002408203973508014,-0.0523809041084075,-0.001566941081246609,0.00293358427467172,0.05444684147647737
3950,1,-1.988366908581218e-05,-2.031686932647388e-05,-0.003354332675074233,0.0009583652311734614,-0.01205817230321784,0.0002684967644173976,0.001931006909974681,0.01270319712670125
3950,2,-8.539970136148086e-06,-3.250343095735859e-06,-0.0003087608177071238,9.151707767395646e-05,0.0006184476274380337,0.0001135229659986487,0.0002018400807217484,0.0007347764719667772
3950,3,2.234763126816215e-07,4.622444152671357e-07,-1.380665786924543e-25,1.630774782004846e-06,0,1.928478875322362e-05,3.856957750050838e-05,4.315597784520218e-05
4000,0,-5.109502451169093e-05,-9.021579438038381e-05,-0.01427683489197345,0.002408203973508014,-0.0523809041084075,-0.001566941081246609,0.00293358427467172,0.05444684147647737
4000,1,-1.988366908581218e-05,-2.031686932647388e-05,-0.003354332675074233,0.0009583652311734614,-0.01205817230321784,0.0002684967644173976,0.001931006909974681,0.01270319712670125
4000,2,-8.539970136148086e-06,-3.250343095735859e-06,-0.0003087608177071238,9.151707767395646e-05,0.0006184476274380337,0.0001135229659986487,0.0002018400807217484,0.0007347764719667772
4000,3,2.234763126816215e-07,4.622444152671357e-07,-1.380665786924543e-25,1.630774782004846e-06,0,1.928478875322362e-05,3.856957750050838e-05,4.315597784520218e-05
4050,0,-5.109502451169093e-05,-9.021579438038381e-05,-0.01427683489197345,0.002408203973508014,-0.0523809041084075,-0.001566941081246609,0.00293358427467172,0.05444684147647737
4050,1,-1.988366908581218e-05,-2.031686932647388e-05,-0.003354332675074233,0.0009583652311734614,-0.01205817230321784,0.0002684967644173976,0.001931006909974681,0.01270319712670125
4050,2,-8.539970136148086e-06,-3.250343095735859e-06,-0.0003087608177071238,9.151707767395646e-05,0.0006184476274380337,0.0001135229659986487,0.0002018400807217484,0.0007347764719667772
4050,3,2.234763126816215e-07,4.622444152671357e-07,-1.380665786924543e-25,1.630774782004846e-06,0,1.928478875322362e-05,3.856957750050838e-05,4.315597784520218e-05
4100,0,-5.109502451169093e-05,-9.021579438038381e-05,-0.01427683489197345,0.002408203973508014,-0.0523809041084075,-0.001566941081246609,0.00293358427467172,0.05444684147647737
4100,1,-1.988366908581218e-05,-2.031686932647388e-05,-0.003354332675074233,0.0009583652311734614,-0.01205817230321784,0.0002684967644173976,0.001931006909974681,0.01270319712670125
4100,2,-8.539970136148086e-06,-3.250343095735859e-06,-0.0003087608177071238,9.151707767395646e-05,0.0006184476274380337,0.0001135229659986487,0.0002018400807217484,0.0007347764719667772
4100,3,2.234763126816215e-07,4.622444152671357e-07,-1.380665786924543e-25,1.630774782004846e-06,0,1.928478875322362e-05,3.856957750050838e-05,4.315597784520218e-05
4150,0,-5.109502451169093e-05,-9.021579438038381e-05,-0.01427683489197345,0.002408203973508014,-0.0523809041084075,-0.001566941081246609,0.00293358427467172,0.05444684147647737
4150,1,-1.988366908581218e-05,-2.031686932647388e-05,-0.003354332675074233,0.0009583652311734614,-0.01205817230321784,0.0002684967644173976,0.001931006909974681,0.01270319712670125
4150,2,-8.539970136148086e-06,-3.250343095735859e-06,-0.0003087608177071238,9.151707767395646e-05,0.0006184476274380337,0.0001135229659986487,0.0002018400807217484,0.0007347764719667772
4150,3,2.234763126816215e-07,4.622444152671357e-07,-1.380665786924543e-25,1.630774782004846e-06,0,1.928478875322362e-05,3.856957750050838e-05,4.315597784520218e-05
4200,0,-5.109502451169093e-05,-9.021579438038381e-05,-0.01427683489197345,0.002408203973508014,-0.0523809041084075,-0.001566941081246609,0.00293358427467172,0.05444684147647737
4200,1,-1.988366908581218e-05,-2.031686932647388e-05,-0.003354332675074233,0.0009583652311734614,-0.01205817230321784,0.0002684967644173976,0.001931006909974681,0.01270319712670125
4200,2,-8.539970136148086e-06,-3.250343095735859e-06,-0.0003087608177071238,9.151707767395646e-05,0.0006184476274380337,0.0001135229659986487,0.0002018400807217484,0.0007347764719667772
4200,3,2.234763126816215e-07,4.622444152671357e-07,-1.380665786924543e-25,1.630774782004846e-06,0,1.928478875322362e-05,3.856957750050838e-05,4.315597784520218e-05
4250,0,-5.109502451169093e-05,-9.021579438038381e-05,-0.01427683489197345,0.002408203973508014,-0.0523809041084075,-0.001566941081246609,0.00293358427467172,0.05444684147647737
4250,1,-1.988366908581218e-05,-2.031686932647388e-05,-0.003354332675074233,0.0009583652311734614,-0.01205817230321784,0.0002684967644173976,0.001931006909974681,0.01270319712670125
4250,2,-8.539970136148086e-06,-3.250343095735859e-06,-0.0003087608177071238,9.151707767395646e-05,0.0006184476274380337,0.0001135229659986487,0.0002018400807217484,0.0007347764719667772
4250,3,2.234763126816215e-07,4.622444152671357e-07,-1.380665786924543e-25,1.630774782004846e-06,0,1.928478875322362e-05,3.856957750050838e-05,4.315597784520218e-05
4300,0,-5.109502451169093e-05,-9.021579438038381e-05,-0.01427683489197345,0.002408203973508014,-0.0523809041084075,-0.001566941081246609,0.00293358427467172,0.05444684147647737
4300,1,-1.988366908581218e-05,-2.031686932647388e-05,-0.003354332675074233,0.0009583652311734614,-0.01205817230321784,0.0002684967644173976,0.001931006909974681,0.01270319712670125
4300,2,-8.539970136148086e-06,-3.250343095735859e-06,-0.0003087608177071238,9.151707767395646e-05,0.0006184476274380337,0.0001135229659986487,0.0002018400807217484,0.0007347764719667772
4300,3,2.234763126816215e-07,4.622444152671357e-07,-1.380665786924543e-25,1.630774782004846e-06,0,1.928478875322362e-05,3.856957750050838e-05,4.315597784520218e-05
4350,0,-5.109502451169093e-05,-9.021579438038381e-05,-0.01427683489197345,0.002408203973508014,-0.0523809041084075,-0.001566941081246609,0.00293358427467172,0.05444684147647737
4350,1,-1.988366908581218e-05,-2.031686932647388e-05,-0.003354332675074233,0.0009583652311734614,-0.01205817230321784,0.0002684967644173976,0.001931006909974681,0.01270319712670125
4350,2,-8.539970136148086e-06,-3.250343095735859e-06,-0.0003087608177071238,9.151707767395646e-05,0.0006184476274380337,0.0001135229659986487,0.0002018400807217484,0.0007347764719667772
4350,3,2.234763126816215e-07,4.622444152671357e-07,-1.380665786924543e-25,1.630774782004846e-06,0,1.928478875322362e-05,3.856957750050838e-05,4.315597784520218e-05
4400,0,-5.109502451169093e-05,-9.021579438038381e-05,-0.01427683489197345,0.002408203973508014,-0.0523809041084075,-0.001566941081246609,0.00293358427467172,0.05444684147647737
4400,1,-1.988366908581218e-05,-2.031686932647388e-05,-0.003354332675074233,0.0009583652311734614,-0.01205817230321784,0.0002684967644173976,0.001931006909974681,0.01270319712670125
4400,2,-8.539970136148086e-06,-3.250343095735859e-06,-0.0003087608177071238,9.151707767395646e-05,0.0006184476274380337,0.0001135229659986487,0.0002018400807217484,0.0007347764719667772
4400,3,2.234763126816215e-07,4.622444152671357e-07,-1.380665786924543e-25,1.630774782004846e-06,0,1.928478875322362e-05,3.856957750050838e-05,4.315597784520218e-05
4450,0,-5.109502451169093e-05,-9.021579438038381e-05,-0.01427683489197345,0.002408203973508014,-0.0523809041084075,-0.001566941081246609,0.00293358427467172,0.05444684147647737
4450,1,-1.988366908581218e-05,-2.031686932647388e-05,-0.003354332675074233,0.0009583652311734614,-0.01205817230321784,0.0002684967644173976,0.001931006909974681,0.01270319712670125
4450,2,-8.539970136148086e-06,-3.250343095735859e-06,-0.0003087608177071238,9.151707767395646e-05,0.0006184476274380337,0.0001135229659986487,0.0002018400807217484,0.0007347764719667772
4450,3,2.234763126816215e-07,4.622444152671357e-07,-1.380665786924543e-25,1.630774782004846e-06,0,1.928478875322362e-05,3.856957750050838e-05,4.315597784520218e-05
4500,0,-5.109502451169093e-05,-9.021579438038381e-05,-0.01427683489197345,0.002408203973508014,-0.0523809041084075,-0.001566941081246609,0.00293358427467172,0.05444684147647737
4500,1,-1.988366908581218e-05,-2.031686932647388e-05,-0.003354332675074233,0.0009583652311734614,-0.01205817230321784,0.0002684967644173976,0.001931006909974681,0.01270319712670125
4500,2,-8.539970136148086e-06,-3.250343095735859e-06,-0.0003087608177071238,9.151707767395646e-05,0.0006184476274380337,0.0001135229659986487,0.0002018400807217484,0.0007347764719667772
4500,3,2.234763126816215e-07,4.622444152671357e-07,-1.380665786924543e-25,1.630774782004846e-06,0,1.928478875322362e-05,3.856957750050838e-05,4.315597784520218e-05
4550,0,-5.109502451169093e-05,-9.021579438038381e-05,-0.01427683489197345,0.002408203973508014,-0.0523809041084075,-0.001566941081246609,0.00293358427467172,0.05444684147647737
4550,1,-1.988366908581218e-05,-2.031686932647388e-05,-0.003354332675074233,0.0009583652311734614,-0.01205817230321784,0.0002684967644173976,0.001931006909974681,0.01270319712670125
4550,2,-8.539970136148086e-06,-3.250343095735859e-06,-0.0003087608177071238,9.151707767395646e-05,0.0006184476274380337,0.0001135229659986487,0.0002018400807217484,0.0007347764719667772
4550,3,2.234763126816215e-07,4.622444152671357e-07,-1.380665786924543e-25,1.630774782004846e-06,0,1.928478875322362e-05,3.856957750050838e-05,4.315597784520218e-05
4600,0,-5.109502451169093e-05,-9.021579438038381e-05,-0.01427683489197345,0.002408203973508014,-0.0523809041084075,-0.001566941081246609,0.00293358427467172,0.05444684147647737
4600,1,-1.988366908581218e-05,-2.031686932647388e-05,-0.003354332675074233,0.0009583652311734614,-0.01205817230321784,0.0002684967644173976,0.001931006909974681,0.01270319712670125
4600,2,-8.539970136148086e-06,-3.250343095735859e-06,-0.0003087608177071238,9.151707767395646e-05,0.0006184476274380337,0.0001135229659986487,0.0002018400807217484,0.0007347764719667772
4600,3,2.234763126816215e-07,4.622444152671357e-07,-1.380665786924543e-25,1.630774782004846e-06,0,1.928478875322362e-05,3.856957750050838e-05,4.315597784520218e-05
4650,0,-5.109502451169093e-05,-9.021579438038381e-05,-0.01427683489197345,0.002408203973508014,-0.0523809041084075,-0.001566941081246609,0.00293358427467172,0.05444684147647737
4650,1,-1.988366908581218e-05,-2.031686932647388e-05,-0.003354332675074233,0.0009583652311734614,-0.01205817230321784,0.0002684967644173976,0.001931006909974681,0.01270319712670125
4650,2,-8.539970136148086e-06,-3.250343095735859e-06,-0.0003087608177071238,9.151707767395646e-05,0.0006184476274380337,0.0001135229659986487,0.0002018400807217484,0.0007347764719667772
4650,3,2.234763126816215e-07,4.622444152671357e-07,-1.380665786924543e-25,1.630774782004846e-06,0,1.928478875322362e-05,3.856957750050838e-05,4.315597784520218e-05
4700,0,-5.109502451169093e-05,-9.021579438038381e-05,-0.01427683489197345,0.002408203973508014,-0.0523809041084075,-0.001566941081246609,0.00293358427467172,0.05444684147647737
4700,1,-1.988366908581218e-05,-2.031686932647388e-05,-0.003354332675074233,0.0009583652311734614,-0.01205817230321784,0.0002684967644173976,0.001931006909974681,0.01270319712670125
4700,2,-8.539970136148086e-06,-3.250343095735859e-06,-0.0003087608177071238,9.151707767395646e-05,0.0006184476274380337,0.0001135229659986487,0.0002018400807217484,0.0007347764719667772
4700,3,2.234763126816215e-07,4.622444152671357e-07,-1.380665786924543e-25,1.630774782004846e-06,0,1.928478875322362e-05,3.856957750050838e-05,4.315597784520218e-05
4750,0,-5.109502451169093e-05,-9.021579438038381e-05,-0.01427683489197345,0.002408203973508014,-0.0523809041084075,-0.001566941081246609,0.00293358427467172,0.05444684147647737
4750,1,-1.988366908581218e-05,-2.031686932647388e-05,-0.003354332675074233,0.0009583652311734614,-0.01205817230321784,0.0002684967644173976,0.001931006909974681,0.01270319712670125
4750,2,-8.539970136148086e-06,-3.250343095735859e-06,-0.0003087608177071238,9.151707767395646e-05,0.0006184476274380337,0.0001135229659986487,0.0002018400807217484,0.0007347764719667772
4750,3,2.234763126816215e-07,4.622444152671357e-07,-1.380665786924543e-25,1.630774782004846e-06,0,1.928478875322362e-05,3.856957750050838e-05,4.315597784520218e-05
4800,0,-5.109502451169093e-05,-9.021579438038381e-05,-0.01427683489197345,0.002408203973508014,-0.0523809041084075,-0.001566941081246609,0.00293358427467172,0.05444684147647737
4800,1,-1.988366908581218e-05,-2.031686932647388e-05,-0.003354332675074233,0.0009583652311734614,-0.01205817230321784,0.0002684967644173976,0.001931006909974681,0.01270319712670125
4800,2,-8.539970136148086e-06,-3.250343095735859e-06,-0.0003087608177071238,9.151707767395646e-05,0.0006184476274380337,0.0001135229659986487,0.0002018400807217484,0.0007347764719667772
4800,3,2.234763126816215e-07,4.622444152671357e-07,-1.380665786924543e-25,1.630774782004846e-06,0,1.928478875322362e-05,3.856957750050838e-05,4.315597784520218e-05
4850,0,-5.109502451169093e-05,-9.021579438038381e-05,-0.01427683489197345,0.002408203973508014,-0.0523809041084075,-0.001566941081246609,0.00293358427467172,0.05444684147647737
4850,1,-1.988366908581218e-05,-2.031686932647388e-05,-0.003354332675074233,0.0009583652311734614,-0.01205817230321784,0.0002684967644173976,0.001931006909974681,0.01270319712670125
4850,2,-8.539970136148086e-06,-3.250343095735859e-06,-0.0003087608177071238,9.151707767395646e-05,0.0006184476274380337,0.0001135229659986487,0.0002018400807217484,0.0007347764719667772
4850,3,2.234763126816215e-07,4.622444152671357e-07,-1.380665786924543e-25,1.630774782004846e-06,0,1.928478875322362e-05,3.856957750050838e-05,4.315597784520218e-05
4900,0,-5.109502451169093e-05,-9.021579438038381e-05,-0.01427683489197345,0.002408203973508014,-0.0523809041084075,-0.001566941081246609,0.00293358427467172,0.05444684147647737
4900,1,-1.988366908581218e-05,-2.031686932647388e-05,-0.003354332675074233,0.0009583652311734614,-0.01205817230321784,0.0002684967644173976,0.001931006909974681,0.01270319712670125
4900,2,-8.539970136148086e-06,-3.250343095735859e-06,-0.0003087608177071238,9.151707767395646e-05,0.0006184476274380337,0.0001135229659986487,0.0002018400807217484,0.0007347764719667772
4900,3,2.234763126816215e-07,4.622444152671357e-07,-1.380665786924543e-25,1.630774782004846e-06,0,1.928478875322362e-05,3.856957750050838e-05,4.315597784520218e-05
4950,0,-5.109502451169093e-05,-9.021579438038381e-05,-0.01427683489197345,0.002408203973508014,-0.0523809041084075,-0.001566941081246609,0.00293358427467172,0.05444684147647737
4950,1,-1.988366908581218e-05,-2.031686932647388e-05,-0.003354332675074233,0.0009583652311734614,-0.01205817230321784,0.0002684967644173976,0.001931006909974681,0.01270319712670125
4950,2,-8.539970136148086e-06,-3.250343095735859e-06,-0.0003087608177071238,9.151707767395646e-05,0.0006184476274380337,0.0001135229659986487,0.0002018400807217484,0.0007347764719667772
4950,3,2.234763126816215e-07,4.622444152671357e-07,-1.380665786924543e-25,1.630774782004846e-06,0,1.928478875322362e-05,3.856957750050838e-05,4.315597784520218e-05
5000,0,-5.109502451169093e-05,-9.021579438038381e-05,-0.01427683489197345,0.002408203973508014,-0.0523809041084075,-0.001566941081246609,0.00293358427467172,0.05444684147647737
5000,1,-1.988366908581218e-05,-2.031686932647388e-05,-0.003354332675074233,0.0009583652311734614,-0.01205817230321784,0.0002684967644173976,0.001931006909974681,0.01270319712670125
5000,2,-8.539970136148086e-06,-3.250343095735859e-06,-0.0003087608177071238,9.151707767395646e-05,0.0006184476274380337,0.0001135229659986487,0.0002018400807217484,0.0007347764719667772
5000,3,2.234763126816215e-07,4.622444152671357e-07,-1.380665786924543e-25,1.630774782004846e-06,0,1.928478875322362e-05,3.856957750050838e-05,4.315597784520218e-05
5050,0,-5.109502451169093e-05,-9.021579438038381e-05,-0.01427683489197345,0.002408203973508014,-0.0523809041084075,-0.001566941081246609,0.00293358427467172,0.05444684147647737
5050,1,-1.988366908581218e-05,-2.031686932647388e-05,-0.003354332675074233,0.0009583652311734614,-0.01205817230321784,0.0002684967644173976,0.001931006909974681,0.01270319712670125
5050,2,-8.539970136148086e-06,-3.250343095735859e-06,-0.0003087608177071238,9.151707767395646e-05,0.0006184476274380337,0.0001135229659986487,0.0002018400807217484,0.0007347764719667772
5050,3,2.234763126816215e-07,4.622444152671357e-07,-1.380665786924543e-25,1.630774782004846e-06,0,1.928478875322362e-05,3.856957750050838e-05,4.315597784520218e-05
5100,0,-5.109502451169093e-05,-9.021579438038381e-05,-0.01427683489197345,0.002408203973508014,-0.0523809041084075,-0.001566941081246609,0.00293358427467172,0.05444684147647737
5100,1,-1.988366908581218e-05,-2.031686932647388e-05,-0.003354332675074233,0.0009583652311734614,-0.01205817230321784,0.0002684967644173976,0.001931006909974681,0.01270319712670125
5100,2,-8.539970136148086e-06,-3.250343095735859e-06,-0.0003087608177071238,9.151707767395646e-05,0.0006184476274380337,0.0001135229659986487,0.0002018400807217484,0.0007347764719667772
5100,3,2.234763126816215e-07,4.622444152671357e-07,-1.380665786924543e-25,1.630774782004846e-06,0,1.928478875322362e-05,3.856957750050838e-05,4.315597784520218e-05
5150,0,-5.109502451169093e-05,-9.021579438038381e-05,-0.01427683489197345,0.002408203973508014,-0.0523809041084075,-0.001566941081246609,0.00293358427467172,0.05444684147647737
5150,1,-1.988366908581218e-05,-2.031686932647388e-05,-0.003354332675074233,0.0009583652311734614,-0.01205817230321784,0.0002684967644173976,0.001931006909974681,0.01270319712670125
5150,2,-8.539970136148086e-06,-3.250343095735859e-06,-0.0003087608177071238,9.151707767395646e-05,0.0006184476274380337,0.0001135229659986487,0.0002018400807217484,0.0007347764719667772
5150,3,2.234763126816215e-07,4.622444152671357e-07,-1.380665786924543e-25,1.630774782004846e-06,0,1.928478875322362e-05,3.856957750050838e-05,4.315597784520218e-05
5200,0,-5.109502451169093e-05,-9.021579438038381e-05,-0.01427683489197345,0.002408203973508014,-0.0523809041084075,-0.001566941081246609,0.00293358427467172,0.05444684147647737
5200,1,-1.988366908581218e-05,-2.031686932647388e-05,-0.003354332675074233,0.0009583652311734614,-0.01205817230321784,0.0002684967644173976,0.001931006909974681,0.01270319712670125
5200,2,-8.539970136148086e-06,-3.250343095735859e-06,-0.0003087608177071238,9.151707767395646e-05,0.0006184476274380337,0.0001135229659986487,0.0002018400807217484,0.0007347764719667772
5200,3,2.234763126816215e-07,4.622444152671357e-07,-1.380665786924543e-25,1.630774782004846e-06,0,1.928478875322362e-05,3.856957750050838e-05,4.315597784520218e-05
5250,0,-5.109502451169093e-05,-9.021579438038381e-05,-0.01427683489197345,0.002408203973508014,-0.0523809041084075,-0.001566941081246609,0.00293358427467172,0.05444684147647737
5250,1,-1.988366908581218e-05,-2.031686932647388e-05,-0.003354332675074233,0.0009583652311734614,-0.01205817230321784,0.0002684967644173976,0.001931006909974681,0.01270319712670125
5250,2,-8.539970136148086e-06,-3.250343095735859e-06,-0.0003087608177071238,9.151707767395646e-05,0.0006184476274380337,0.0001135229659986487,0.0002018400807217484,0.0007347764719667772
5250,3,2.234763126816215e-07,4.622444152671357e-07,-1.380665786924543e-25,1.630774782004846e-06,0,1.928478875322362e-05,3.856957750050838e-05,4.315597784520218e-05
5300,0,-5.109502451169093e-05,-9.021579438038381e-05,-0.01427683489197345,0.002408203973508014,-0.0523809041084075,-0.001566941081246609,0.00293358427467172,0.05444684147647737
5300,1,-1.988366908581218e-05,-2.031686932647388e-05,-0.003354332675074233,0.0009583652311734614,-0.01205817230321784,0.0002684967644173976,0.001931006909974681,0.01270319712670125
5300,2,-8.539970136148086e-06,-3.250343095735859e-06,-0.0003087608177071238,9.151707767395646e-05,0.0006184476274380337,0.0001135229659986487,0.0002018400807217484,0.0007347764719667772
5300,3,2.234763126816215e-07,4.622444152671357e-07,-1.380665786924543e-25,1.630774782004846e-06,0,1.928478875322362e-05,3.856957750050838e-05,4.315597784520218e-05
5350,0,-5.109502451169093e-05,-9.021579438038381e-05,-0.01427683489197345,0.002408203973508014,-0.0523809041084075,-0.001566941081246609,0.00293358427467172,0.05444684147647737
5350,1,-1.988366908581218e-05,-2.031686932647388e-05,-0.003354332675074233,0.0009583652311734614,-0.01205817230321784,0.0002684967644173976,0.001931006909974681,0.01270319712670125
5350,2,-8.539970136148086e-06,-3.250343095735859e-06,-0.0003087608177071238,9.151707767395646e-05,0.0006184476274380337,0.0001135229659986487,0.0002018400807217484,0.0007347764719667772
5350,3,2.234763126816215e-07,4.622444152671357e-07,-1.380665786924543e-25,1.630774782004846e-06,0,1.928478875322362e-05,3.856957750050838e-05,4.315597784520218e-05
5400,0,-5.109502451169093e-05,-9.021579438038381e-05,-0.01427683489197345,0.002408203973508014,-0.0523809041084075,-0.001566941081246609,0.00293358427467172,0.05444684147647737
5400,1,-1.988366908581218e-05,-2.031686932647388e-05,-0.003354332675074233,0.0009583652311734614,-0.01205817230321784,0.0002684967644173976,0.001931006909974681,0.01270319712670125
5400,2,-8.539970136148086e-06,-3.250343095735859e-06,-0.0003087608177071238,9.151707767395646e-05,0.0006184476274380337,0.0001135229659986487,0.0002018400807217484,0.0007347764719667772
5400,3,2.234763126816215e-07,4.622444152671357e-07,-1.380665786924543e-25,1.630774782004846e-06,0,1.928478875322362e-05,3.856957750050838e-05,4.315597784520218e-05
5450,0,-5.109502451169093e-05,-9.021579438038381e-05,-0.01427683489197345,0.002408203973508014,-0.0523809041084075,-0.001566941081246609,0.00293358427467172,0.05444684147647737
5450,1,-1.988366908581218e-05,-2.031686932647388e-05,-0.003354332675074233,0.0009583652311734614,-0.01205817230321784,0.0002684967644173976,0.001931006909974681,0.01270319712670125
5450,2,-8.539970136148086e-06,-3.250343095735859e-06,-0.0003087608177071238,9.151707767395646e-05,0.0006184476274380337,0.0001135229659986487,0.0002018400807217484,0.0007347764719667772
5450,3,2.234763126816215e-07,4.622444152671357e-07,-1.380665786924543e-25,1.630774782004846e-06,0,1.928478875322362e-05,3.856957750050838e-05,4.315597784520218e-05
5500,0,-5.109502451169093e-05,-9.021579438038381e-05,-0.01427683489197345,0.002408203973508014,-0.0523809041084075,-0.001566941081246609,0.00293358427467172,0.05444684147647737
5500,1,-1.988366908581218e-05,-2.031686932647388e-05,-0.003354332675074233,0.0009583652311734614,-0.01205817230321784,0.0002684967644173976,0.001931006909974681,0.01270319712670125
5500,2,-8.539970136148086e-06,-3.250343095735859e-06,-0.0003087608177071238,9.151707767395646e-05,0.0006184476274380337,0.0001135229659986487,0.0002018400807217484,0.0007347764719667772
5500,3,2.234763126816215e-07,4.622444152671357e-07,-1.380665786924543e-25,1.630774782004846e-06,0,1.928478875322362e-05,3.856957750050838e-05,4.315597784520218e-05
5550,0,-5.109502451169093e-05,-9.021579438038381e-05,-0.01427683489197345,0.002408203973508014,-0.0523809041084075,-0.001566941081246609,0.00293358427467172,0.05444684147647737
5550,1,-1.988366908581218e-05,-2.031686932647388e-05,-0.003354332675074233,0.0009583652311734614,-0.01205817230321784,0.0002684967644173976,0.001931006909974681,0.01270319712670125
5550,2,-8.539970136148086e-06,-3.250343095735859e-06,-0.0003087608177071238,9.151707767395646e-05,0.0006184476274380337,0.0001135229659986487,0.0002018400807217484,0.0007347764719667772
5550,3,2.234763126816215e-07,4.622444152671357e-07,-1.380665786924543e-25,1.630774782004846e-06,0,1.928478875322362e-05,3.856957750050838e-05,4.315597784520218e-05
5600,0,-5.109502451169093e-05,-9.021579438038381e-05,-0.01427683489197345,0.002408203973508014,-0.0523809041084075,-0.001566941081246609,0.00293358427467172,0.05444684147647737
5600,1,-1.988366908581218e-05,-2.031686932647388e-05,-0.003354332675074233,0.0009583652311734614,-0.01205817230321784,0.0002684967644173976,0.001931006909974681,0.01270319712670125
5600,2,-8.539970136148086e-06,-3.250343095735859e-06,-0.0003087608177071238,9.151707767395646e-05,0.0006184476274380337,0.0001135229659986487,0.0002018400807217484,0.0007347764719667772
5600,3,2.234763126816215e-07,4.622444152671357e-07,-1.380665786924543e-25,1.630774782004846e-06,0,1.928478875322362e-05,3.856957750050838e-05,4.315597784520218e-05
5650,0,-5.109502451169093e-05,-9.021579438038381e-05,-0.01427683489197345,0.002408203973508014,-0.0523809041084075,-0.001566941081246609,0.00293358427467172,0.05444684147647737
5650,1,-1.988366908581218e-05,-2.031686932647388e-05,-0.003354332675074233,0.0009583652311734614,-0.01205817230321784,0.0002684967644173976,0.001931006909974681,0.01270319712670125
5650,2,-8.539970136148086e-06,-3.250343095735859e-06,-0.0003087608177071238,9.151707767395646e-05,0.0006184476274380337,0.0001135229659986487,0.0002018400807217484,0.0007347764719667772
5650,3,2.234763126816215e-07,4.622444152671357e-07,-1.380665786924543e-25,1.630774782004846e-06,0,1.928478875322362e-05,3.856957750050838e-05,4.315597784520218e-05
5700,0,-5.109502451169093e-05,-9.021579438038381e-05,-0.01427683489197345,0.002408203973508014,-0.0523809041084075,-0.001566941081246609,0.00293358427467172,0.05444684147647737
5700,1,-1.988366908581218e-05,-2.031686932647388e-05,-0.003354332675074233,0.0009583652311734614,-0.01205817230321784,0.0002684967644173976,0.001931006909974681,0.01270319712670125
5700,2,-8.539970136148086e-06,-3.250343095735859e-06,-0.0003087608177071238,9.151707767395646e-05,0.0006184476274380337,0.0001135229659986487,0.0002018400807217484,0.0007347764719667772
5700,3,2.234763126816215e-07,4.622444152671357e-07,-1.380665786924543e-25,1.630774782004846e-06,0,1.928478875322362e-05,3.856957750050838e-05,4.315597784520218e-05
5750,0,-5.109502451169093e-05,-9.021579438038381e-05,-0.01427683489197345,0.002408203973508014,-0.0523809041084075,-0.001566941081246609,0.00293358427467172,0.05444684147647737
5750,1,-1.988366908581218e-05,-2.031686932647388e-05,-0.003354332675074233,0.0009583652311734614,-0.01205817230321784,0.0002684967644173976,0.001931006909974681,0.01270319712670125
5750,2,-8.539970136148086e-06,-3.250343095735859e-06,-0.0003087608177071238,9.151707767395646e-05,0.0006184476274380337,0.0001135229659986487,0.0002018400807217484,0.0007347764719667772
5750,3,2.234763126816215e-07,4.622444152671357e-07,-1.380665786924543e-25,1.630774782004846e-06,0,1.928478875322362e-05,3.856957750050838e-05,4.315597784520218e-05
5800,0,-5.109502451169093e-05,-9.021579438038381e-05,-0.01427683489197345,0.002408203973508014,-0.0523809041084075,-0.001566941081246609,0.00293358427467172,0.05444684147647737
5800,1,-1.988366908581218e-05,-2.031686932647388e-05,-0.003354332675074233,0.0009583652311734614,-0.01205817230321784,0.0002684967644173976,0.001931006909974681,0.01270319712670125
5800,2,-8.539970136148086e-06,-3.250343095735859e-06,-0.0003087608177071238,9.151707767395646e-05,0.0006184476274380337,0.0001135229659986487,0.0002018400807217484,0.0007347764719667772
5800,3,2.234763126816215e-07,4.622444152671357e-07,-1.380665786924543e-25,1.630774782004846e-06,0,1.928478875322362e-05,3.856957750050838e-05,4.315597784520218e-05
5850,0,-5.109502451169093e-05,-9.021579438038381e-05,-0.01427683489197345,0.002408203973508014,-0.0523809041084075,-0.001566941081246609,0.00293358427467172,0.05444684147647737
5850,1,-1.988366908581218e-05,-2.031686932647388e-05,-0.003354332675074233,0.0009583652311734614,-0.01205817230321784,0.0002684967644173976,0.001931006909974681,0.01270319712670125
5850,2,-8.539970136148086e-06,-3.250343095735859e-06,-0.0003087608177071238,9.151707767395646e-05,0.0006184476274380337,0.0001135229659986487,0.0002018400807217484,0.0007347764719667772
5850,3,2.234763126816215e-07,4.622444152671357e-07,-1.380665786924543e-25,1.630774782004846e-06,0,1.928478875322362e-05,3.856957750050838e-05,4.315597784520218e-05
5900,0,-5.109502451169093e-05,-9.021579438038381e-05,-0.01427683489197345,0.002408203973508014,-0.0523809041084075,-0.001566941081246609,0.00293358427467172,0.05444684147647737
5900,1,-1.988366908581218e-05,-2.031686932647388e-05,-0.003354332675074233,0.0009583652311734614,-0.01205817230321784,0.0002684967644173976,0.001931006909974681,0.01270319712670125
5900,2,-8.539970136148086e-06,-3.250343095735859e-06,-0.0003087608177071238,9.151707767395646e-05,0.0006184476274380337,0.0001135229659986487,0.0002018400807217484,0.0007347764719667772
5900,3,2.234763126816215e-07,4.622444152671357e-07,-1.380665786924543e-25,1.630774782004846e-06,0,1.928478875322362e-05,3.856957750050838e-05,4.315597784520218e-05
5950,0,-5.109502451169093e-05,-9.021579438038381e-05,-0.01427683489197345,0.002408203973508014,-0.0523809041084075,-0.001566941081246609,0.00293358427467172,0.05444684147647737
5950,1,-1.988366908581218e-05,-2.031686932647388e-05,-0.003354332675074233,0.0009583652311734614,-0.01205817230321784,0.0002684967644173976,0.001931006909974681,0.01270319712670125
5950,2,-8.539970136148086e-06,-3.250343095735859e-06,-0.0003087608177071238,9.151707767395646e-05,0.0006184476274380337,0.0001135229659986487,0.0002018400807217484,0.0007347764719667772
5950,3,2.234763126816215e-07,4.622444152671357e-07,-1.380665786924543e-25,1.630774782004846e-06,0,1.928478875322362e-05,3.856957750050838e-05,4.315597784520218e-05
6000,0,-5.109502451169093e-05,-9.021579438038381e-05,-0.01427683489197345,0.002408203973508014,-0.0523809041084075,-0.001566941081246609,0.00293358427467172,0.05444684147647737
6000,1,-1.988366908581218e-05,-2.031686932647388e-05,-0.003354332675074233,0.0009583652311734614,-0.01205817230321784,0.0002684967644173976,0.001931006909974681,0.01270319712670125
6000,2,-8.539970136148086e-06,-3.250343095735859e-06,-0.0003087608177071238,9.151707767395646e-05,0.0006184476274380337,0.0001135229659986487,0.0002018400807217484,0.0007347764719667772
6000,3,2.234763126816215e-07,4.622444152671357e-07,-1.380665786924543e-25,1.630774782004846e-06,0,1.928478875322362e-05,3.856957750050838e-05,4.315597784520218e-05
6050,0,-5.109502451169093e-05,-9.021579438038381e-05,-0.01427683489197345,0.002408203973508014,-0.0523809041084075,-0.001566941081246609,0.00293358427467172,0.05444684147647737
6050,1,-1.988366908581218e-05,-2.031686932647388e-05,-0.003354332675074233,0.0009583652311734614,-0.01205817230321784,0.0002684967644173976,0.001931006909974681,0.01270319712670125
6050,2,-8.539970136148086e-06,-3.250343095735859e-06,-0.0003087608177071238,9.151707767395646e-05,0.0006184476274380337,0.0001135229659986487,0.0002018400807217484,0.0007347764719667772
6050,3,2.234763126816215e-07,4.622444152671357e-07,-1.380665786924543e-25,1.630774782004846e-06,0,1.928478875322362e-05,3.856957750050838e-05,4.315597784520218e-05
6100,0,-5.109502451169093e-05,-9.021579438038381e-05,-0.01427683489197345,0.002408203973508014,-0.0523809041084075,-0.001566941081246609,0.00293358427467172,0.05444684147647737
6100,1,-1.988366908581218e-05,-2.031686932647388e-05,-0.003354332675074233,0.0009583652311734614,-0.01205817230321784,0.0002684967644173976,0.001931006909974681,0.01270319712670125
6100,2,-8.539970136148086e-06,-3.250343095735859e-06,-0.0003087608177071238,9.151707767395646e-05,0.0006184476274380337,0.0001135229659986487,0.0002018400807217484,0.0007347764719667772
6100,3,2.234763126816215e-07,4.622444152671357e-07,-1.380665786924543e-25,1.630774782004846e-06,0,1.928478875322362e-05,3.856957750050838e-05,4.315597784520218e-05
6150,0,-5.109502451169093e-05,-9.021579438038381e-05,-0.01427683489197345,0.002408203973508014,-0.0523809041084075,-0.001566941081246609,0.00293358427467172,0.05444684147647737
6150,1,-1.988366908581218e-05,-2.031686932647388e-05,-0.003354332675074233,0.0009583652311734614,-0.01205817230321784,0.0002684967644173976,0.001931006909974681,0.01270319712670125
6150,2,-8.539970136148086e-06,-3.250343095735859e-06,-0.0003087608177071238,9.151707767395646e-05,0.0006184476274380337,0.0001135229659986487,0.0002018400807217484,0.0007347764719667772
6150,3,2.234763126816215e-07,4.622444152671357e-07,-1.380665786924543e-25,1.630774782004846e-06,0,1.928478875322362e-05,3.856957750050838e-05,4.315597784520218e-05
6200,0,-5.109502451169093e-05,-9.021579438038381e-05,-0.01427683489197345,0.002408203973508014,-0.0523809041084075,-0.001566941081246609,0.00293358427467172,0.05444684147647737
6200,1,-1.988366908581218e-05,-2.031686932647388e-05,-0.003354332675074233,0.0009583652311734614,-0.01205817230321784,0.0002684967644173976,0.001931006909974681,0.01270319712670125
6200,2,-8.539970136148086e-06,-3.250343095735859e-06,-0.0003087608177071238,9.151707767395646e-05,0.0006184476274380337,0.0001135229659986487,0.0002018400807217484,0.0007347764719667772
6200,3,2.234763126816215e-07,4.622444152671357e-07,-1.380665786924543e-25,1.630774782004846e-06,0,1.928478875322362e-05,3.856957750050838e-05,4.315597784520218e-05
6250,0,-5.109502451169093e-05,-9.021579438038381e-05,-0.01427683489197345,0.002408203973508014,-0.0523809041084075,-0.001566941081246609,0.00293358427467172,0.05444684147647737
6250,1,-1.988366908581218e-05,-2.031686932647388e-05,-0.003354332675074233,0.0009583652311734614,-0.01205817230321784,0.0002684967644173976,0.001931006909974681,0.01270319712670125
6250,2,-8.539970136148086e-06,-3.250343095735859e-06,-0.0003087608177071238,9.151707767395646e-05,0.0006184476274380337,0.0001135229659986487,0.0002018400807217484,0.0007347764719667772
6250,3,2.234763126816215e-07,4.622444152671357e-07,-1.380665786924543e-25,1.630774782004846e-06,0,1.928478875322362e-05,3.856957750050838e-05,4.315597784520218e-05
6300,0,-5.109502451169093e-05,-9.021579438038381e-05,-0.01427683489197345,0.002408203973508014,-0.0523809041084075,-0.001566941081246609,0.00293358427467172,0.05444684147647737
6300,1,-1.988366908581218e-05,-2.031686932647388e-05,-0.003354332675074233,0.0009583652311734614,-0.01205817230321784,0.0002684967644173976,0.001931006909974681,0.01270319712670125
6300,2,-8.539970136148086e-06,-3.250343095735859e-06,-0.0003087608177071238,9.151707767395646e-05,0.0006184476274380337,0.0001135229659986487,0.0002018400807217484,0.0007347764719667772
6300,3,2.234763126816215e-07,4.622444152671357e-07,-1.380665786924543e-25,1.630774782004846e-06,0,1.928478875322362e-05,3.856957750050838e-05,4.315597784520218e-05
6350,0,-5.109502451169093e-05,-9.021579438038381e-05,-0.01427683489197345,0.002408203973508014,-0.0523809041084075,-0.001566941081246609,0.00293358427467172,0.05444684147647737
6350,1,-1.988366908581218e-05,-2.031686932647388e-05,-0.003354332675074233,0.0009583652311734614,-0.01205817230321784,0.0002684967644173976,0.001931006909974681,0.01270319712670125
6350,2,-8.539970136148086e-06,-3.250343095735859e-06,-0.0003087608177071238,9.151707767395646e-05,0.0006184476274380337,0.0001135229659986487,0.0002018400807217484,0.0007347764719667772
6350,3,2.234763126816215e-07,4.622444152671357e-07,-1.380665786924543e-25,1.630774782004846e-06,0,1.928478875322362e-05,3.856957750050838e-05,4.315597784520218e-05
6400,0,-5.109502451169093e-05,-9.021579438038381e-05,-0.01427683489197345,0.002408203973508014,-0.0523809041084075,-0.001566941081246609,0.00293358427467172,0.05444684147647737
6400,1,-1.988366908581218e-05,-2.031686932647388e-05,-0.003354332675074233,0.0009583652311734614,-0.01205817230321784,0.0002684967644173976,0.001931006909974681,0.01270319712670125
6400,2,-8.539970136148086e-06,-3.250343095735859e-06,-0.0003087608177071238,9.151707767395646e-05,0.0006184476274380337,0.0001135229659986487,0.0002018400807217484,0.0007347764719667772
6400,3,2.234763126816215e-07,4.622444152671357e-07,-1.380665786924543e-25,1.630774782004846e-06,0,1.928478875322362e-05,3.856957750050838e-05,4.315597784520218e-05
6450,0,-5.109502451169093e-05,-9.021579438038381e-05,-0.01427683489197345,0.002408203973508014,-0.0523809041084075,-0.001566941081246609,0.00293358427467172,0.05444684147647737
6450,1,-1.988366908581218e-05,-2.031686932647388e-05,-0.003354332675074233,0.0009583652311734614,-0.01205817230321784,0.0002684967644173976,0.001931006909974681,0.01270319712670125
6450,2,-8.539970136148086e-06,-3.250343095735859e-06,-0.0003087608177071238,9.151707767395646e-05,0.0006184476274380337,0.0001135229659986487,0.0002018400807217484,0.0007347764719667772
6450,3,2.234763126816215e-07,4.622444152671357e-07,-1.380665786924543e-25,1.630774782004846e-06,0,1.928478875322362e-05,3.856957750050838e-05,4.315597784520218e-05
6500,0,-5.109502451169093e-05,-9.021579438038381e-05,-0.01427683489197345,0.002408203973508014,-0.0523809041084075,-0.001566941081246609,0.00293358427467172,0.05444684147647737
6500,1,-1.988366908581218e-05,-2.031686932647388e-05,-0.003354332675074233,0.0009583652311734614,-0.01205817230321784,0.0002684967644173976,0.001931006909974681,0.01270319712670125
6500,2,-8.539970136148086e-06,-3.250343095735859e-06,-0.0003087608177071238,9.151707767395646e-05,0.0006184476274380337,0.0001135229659986487,0.0002018400807217484,0.0007347764719667772
6500,3,2.234763126816215e-07,4.622444152671357e-07,-1.380665786924543e-25,1.630774782004846e-06,0,1.928478875322362e-05,3.856957750050838e-05,4.315597784520218e-05
6550,0,-5.109502451169093e-05,-9.021579438038381e-05,-0.01427683489197345,0.002408203973508014,-0.0523809041084075,-0.001566941081246609,0.00293358427467172,0.05444684147647737
6550,1,-1.988366908581218e-05,-2.031686932647388e-05,-0.003354332675074233,0.0009583652311734614,-0.01205817230321784,0.0002684967644173976,0.001931006909974681,0.01270319712670125
6550,2,-8.539970136148086e-06,-3.250343095735859e-06,-0.0003087608177071238,9.151707767395646e-05,0.0006184476274380337,0.0001135229659986487,0.0002018400807217484,0.0007347764719667772
6550,3,2.234763126816215e-07,4.622444152671357e-07,-1.380665786924543e-25,1.630774782004846e-06,0,1.928478875322362e-05,3.856957750050838e-05,4.315597784520218e-05
6600,0,-5.109502451169093e-05,-9.021579438038381e-05,-0.01427683489197345,0.002408203973508014,-0.0523809041084075,-0.001566941081246609,0.00293358427467172,0.05444684147647737
6600,1,-1.988366908581218e-05,-2.031686932647388e-05,-0.003354332675074233,0.0009583652311734614,-0.01205817230321784,0.0002684967644173976,0.001931006909974681,0.01270319712670125
6600,2,-8.539970136148086e-06,-3.250343095735859e-06,-0.0003087608177071238,9.151707767395646e-05,0.0006184476274380337,0.0001135229659986487,0.0002018400807217484,0.0007347764719667772
6600,3,2.234763126816215e-07,4.622444152671357e-07,-1.380665786924543e-25,1.630774782004846e-06,0,1.928478875322362e-05,3.856957750050838e-05,4.315597784520218e-05
6650,0,-5.109502451169093e-05,-9.021579438038381e-05,-0.01427683489197345,0.002408203973508014,-0.0523809041084075,-0.001566941081246609,0.00293358427467172,0.05444684147647737
6650,1,-1.988366908581218e-05,-2.031686932647388e-05,-0.003354332675074233,0.0009583652311734614,-0.01205817230321784,0.0002684967644173976,0.001931006909974681,0.01270319712670125
6650,2,-8.539970136148086e-06,-3.250343095735859e-06,-0.0003087608177071238,9.151707767395646e-05,0.0006184476274380337,0.0001135229659986487,0.0002018400807217484,0.0007347764719667772
6650,3,2.234763126816215e-07,4.622444152671357e-07,-1.380665786924543e-25,1.630774782004846e-06,0,1.928478875322362e-05,3.856957750050838e-05,4.315597784520218e-05
6700,0,-5.109502451169093e-05,-9.021579438038381e-05,-0.01427683489197345,0.002408203973508014,-0.0523809041084075,-0.001566941081246609,0.00293358427467172,0.05444684147647737
6700,1,-1.988366908581218e-05,-2.031686932647388e-05,-0.003354332675074233,0.0009583652311734614,-0.01205817230321784,0.0002684967644173976,0.001931006909974681,0.01270319712670125
6700,2,-8.539970136148086e-06,-3.250343095735859e-06,-0.0003087608177071238,9.151707767395646e-05,0.0006184476274380337,0.0001135229659986487,0.0002018400807217484,0.0007347764719667772
6700,3,2.234763126816215e-07,4.622444152671357e-07,-1.380665786924543e-25,1.630774782004846e-06,0,1.928478875322362e-05,3.856957750050838e-05,4.315597784520218e-05
6750,0,-5.109502451169093e-05,-9.021579438038381e-05,-0.01427683489197345,0.002408203973508014,-0.0523809041084075,-0.001566941081246609,0.00293358427467172,0.05444684147647737
6750,1,-1.988366908581218e-05,-2.031686932647388e-05,-0.003354332675074233,0.0009583652311734614,-0.01205817230321784,0.0002684967644173976,0.001931006909974681,0.01270319712670125
6750,2,-8.539970136148086e-06,-3.250343095735859e-06,-0.0003087608177071238,9.151707767395646e-05,0.0006184476274380337,0.0001135229659986487,0.0002018400807217484,0.0007347764719667772
6750,3,2.234763126816215e-07,4.622444152671357e-07,-1.380665786924543e-25,1.630774782004846e-06,0,1.928478875322362e-05,3.856957750050838e-05,4.315597784520218e-05
6800,0,-5.109502451169093e-05,-9.021579438038381e-05,-0.01427683489197345,0.002408203973508014,-0.0523809041084075,-0.001566941081246609,0.00293358427467172,0.05444684147647737
6800,1,-1.988366908581218e-05,-2.031686932647388e-05,-0.003354332675074233,0.0009583652311734614,-0.01205817230321784,0.0002684967644173976,0.001931006909974681,0.01270319712670125
6800,2,-8.539970136148086e-06,-3.250343095735859e-06,-0.0003087608177071238,9.151707767395646e-05,0.0006184476274380337,0.0001135229659986487,0.0002018400807217484,0.0007347764719667772
6800,3,2.234763126816215e-07,4.622444152671357e-07,-1.380665786924543e-25,1.630774782004846e-06,0,1.928478875322362e-05,3.856957750050838e-05,4.315597784520218e-05
6850,0,-5.109502451169093e-05,-9.021579438038381e-05,-0.01427683489197345,0.002408203973508014,-0.0523809041084075,-0.001566941081246609,0.00293358427467172,0.05444684147647737
6850,1,-1.988366908581218e-05,-2.031686932647388e-05,-0.003354332675074233,0.0009583652311734614,-0.01205817230321784,0.0002684967644173976,0.001931006909974681,0.01270319712670125
6850,2,-8.539970136148086e-06,-3.250343095735859e-06,-0.0003087608177071238,9.151707767395646e-05,0.0006184476274380337,0.0001135229659986487,0.0002018400807217484,0.0007347764719667772
6850,3,2.234763126816215e-07,4.622444152671357e-07,-1.380665786924543e-25,1.630774782004846e-06,0,1.928478875322362e-05,3.856957750050838e-05,4.315597784520218e-05
6900,0,-5.109502451169093e-05,-9.021579438038381e-05,-0.01427683489197345,0.002408203973508014,-0.0523809041084075,-0.001566941081246609,0.00293358427467172,0.05444684147647737
6900,1,-1.988366908581218e-05,-2.031686932647388e-05,-0.003354332675074233,0.0009583652311734614,-0.01205817230321784,0.0002684967644173976,0.001931006909974681,0.01270319712670125
6900,2,-8.539970136148086e-06,-3.250343095735859e-06,-0.0003087608177071238,9.151707767395646e-05,0.0006184476274380337,0.0001135229659986487,0.0002018400807217484,0.0007347764719667772
6900,3,2.234763126816215e-07,4.622444152671357e-07,-1.380665786924543e-25,1.630774782004846e-06,0,1.928478875322362e-05,3.856957750050838e-05,4.315597784520218e-05
6950,0,-5.109502451169093e-05,-9.021579438038381e-05,-0.01427683489197345,0.002408203973508014,-0.0523809041084075,-0.001566941081246609,0.00293358427467172,0.05444684147647737
6950,1,-1.988366908581218e-05,-2.031686932647388e-05,-0.003354332675074233,0.0009583652311734614,-0.01205817230321784,0.0002684967644173976,0.001931006909974681,0.01270319712670125
6950,2,-8.539970136148086e-06,-3.250343095735859e-06,-0.0003087608177071238,9.151707767395646e-05,0.0006184476274380337,0.0001135229659986487,0.0002018400807217484,0.0007347764719667772
6950,3,2.234763126816215e-07,4.622444152671357e-07,-1.380665786924543e-25,1.630774782004846e-06,0,1.928478875322362e-05,3.856957750050838e-05,4.315597784520218e-05
7000,0,-5.109502451169093e-05,-9.021579438038381e-05,-0.01427683489197345,0.002408203973508014,-0.0523809041084075,-0.001566941081246609,0.00293358427467172,0.05444684147647737
7000,1,-1.988366908581218e-05,-2.031686932647388e-05,-0.003354332675074233,0.0009583652311734614,-0.01205817230321784,0.0002684967644173976,0.001931006909974681,0.01270319712670125
7000,2,-8.539970136148086e-06,-3.250343095735859e-06,-0.0003087608177071238,9.151707767395646e-05,0.0006184476274380337,0.0001135229659986487,0.0002018400807217484,0.0007347764719667772
7000,3,2.234763126816215e-07,4.622444152671357e-07,-1.380665786924543e-25,1.630774782004846e-06,0,1.928478875322362e-05,3.856957750050838e-05,4.315597784520218e-05
7050,0,-5.109502451169093e-05,-9.021579438038381e-05,-0.01427683489197345,0.002408203973508014,-0.0523809041084075,-0.001566941081246609,0.00293358427467172,0.05444684147647737
7050,1,-1.988366908581218e-05,-2.031686932647388e-05,-0.003354332675074233,0.0009583652311734614,-0.01205817230321784,0.0002684967644173976,0.001931006909974681,0.01270319712670125
7050,2,-8.539970136148086e-06,-3.250343095735859e-06,-0.0003087608177071238,9.151707767395646e-05,0.0006184476274380337,0.0001135229659986487,0.0002018400807217484,0.0007347764719667772
7050,3,2.234763126816215e-07,4.622444152671357e-07,-1.380665786924543e-25,1.630774782004846e-06,0,1.928478875322362e-05,3.856957750050838e-05,4.315597784520218e-05
7100,0,-5.109502451169093e-05,-9.021579438038381e-05,-0.01427683489197345,0.002408203973508014,-0.0523809041084075,-0.001566941081246609,0.00293358427467172,0.05444684147647737
7100,1,-1.988366908581218e-05,-2.031686932647388e-05,-0.003354332675074233,0.0009583652311734614,-0.01205817230321784,0.0002684967644173976,0.001931006909974681,0.01270319712670125
7100,2,-8.539970136148086e-06,-3.250343095735859e-06,-0.0003087608177071238,9.151707767395646e-05,0.0006184476274380337,0.0001135229659986487,0.0002018400807217484,0.0007347764719667772
7100,3,2.234763126816215e-07,4.622444152671357e-07,-1.380665786924543e-25,1.630774782004846e-06,0,1.928478875322362e-05,3.856957750050838e-05,4.315597784520218e-05
7150,0,-5.109502451169093e-05,-9.021579438038381e-05,-0.01427683489197345,0.002408203973508014,-0.0523809041084075,-0.001566941081246609,0.00293358427467172,0.05444684147647737
7150,1,-1.988366908581218e-05,-2.031686932647388e-05,-0.003354332675074233,0.0009583652311734614,-0.01205817230321784,0.0002684967644173976,0.001931006909974681,0.01270319712670125
7150,2,-8.539970136148086e-06,-3.250343095735859e-06,-0.0003087608177071238,9.151707767395646e-05,0.0006184476274380337,0.0001135229659986487,0.0002018400807217484,0.0007347764719667772
7150,3,2.234763126816215e-07,4.622444152671357e-07,-1.380665786924543e-25,1.630774782004846e-06,0,1.928478875322362e-05,3.856957750050838e-05,4.315597784520218e-05
7200,0,-5.109502451169093e-05,-9.021579438038381e-05,-0.01427683489197345,0.002408203973508014,-0.0523809041084075,-0.001566941081246609,0.00293358427467172,0.05444684147647737
7200,1,-1.988366908581218e-05,-2.031686932647388e-05,-0.003354332675074233,0.0009583652311734614,-0.01205817230321784,0.0002684967644173976,0.001931006909974681,0.01270319712670125
7200,2,-8.539970136148086e-06,-3.250343095735859e-06,-0.0003087608177071238,9.151707767395646e-05,0.0006184476274380337,0.0001135229659986487,0.0002018400807217484,0.0007347764719667772
7200,3,2.234763126816215e-07,4.622444152671357e-07,-1.380665786924543e-25,1.630774782004846e-06,0,1.928478875322362e-05,3.856957750050838e-05,4.315597784520218e-05
7250,0,-5.109502451169093e-05,-9.021579438038381e-05,-0.01427683489197345,0.002408203973508014,-0.0523809041084075,-0.001566941081246609,0.00293358427467172,0.05444684147647737
7250,1,-1.988366908581218e-05,-2.031686932647388e-05,-0.003354332675074233,0.0009583652311734614,-0.01205817230321784,0.0002684967644173976,0.001931006909974681,0.01270319712670125
7250,2,-8.539970136148086e-06,-3.250343095735859e-06,-0.0003087608177071238,9.151707767395646e-05,0.0006184476274380337,0.0001135229659986487,0.0002018400807217484,0.0007347764719667772
7250,3,2.234763126816215e-07,4.622444152671357e-07,-1.380665786924543e-25,1.630774782004846e-06,0,1.928478875322362e-05,3.856957750050838e-05,4.315597784520218e-05
7300,0,-5.109502451169093e-05,-9.021579438038381e-05,-0.01427683489197345,0.002408203973508014,-0.0523809041084075,-0.001566941081246609,0.00293358427467172,0.05444684147647737
7300,1,-1.988366908581218e-05,-2.031686932647388e-05,-0.003354332675074233,0.0009583652311734614,-0.01205817230321784,0.0002684967644173976,0.001931006909974681,0.01270319712670125
7300,2,-8.539970136148086e-06,-3.250343095735859e-06,-0.0003087608177071238,9.151707767395646e-05,0.0006184476274380337,0.0001135229659986487,0.0002018400807217484,0.0007347764719667772
7300,3,2.234763126816215e-07,4.622444152671357e-07,-1.380665786924543e-25,1.630774782004846e-06,0,1.928478875322362e-05,3.856957750050838e-05,4.315597784520218e-05
7350,0,-5.109502451169093e-05,-9.021579438038381e-05,-0.01427683489197345,0.002408203973508014,-0.0523809041084075,-0.001566941081246609,0.00293358427467172,0.05444684147647737
7350,1,-1.988366908581218e-05,-2.031686932647388e-05,-0.003354332675074233,0.0009583652311734614,-0.01205817230321784,0.0002684967644173976,0.001931006909974681,0.01270319712670125
7350,2,-8.539970136148086e-06,-3.250343095735859e-06,-0.0003087608177071238,9.151707767395646e-05,0.0006184476274380337,0.0001135229659986487,0.0002018400807217484,0.0007347764719667772
7350,3,2.234763126816215e-07,4.622444152671357e-07,-1.380665786924543e-25,1.630774782004846e-06,0,1.928478875322362e-05,3.856957750050838e-05,4.315597784520218e-05
7400,0,-5.109502451169093e-05,-9.021579438038381e-05,-0.01427683489197345,0.002408203973508014,-0.0523809041084075,-0.001566941081246609,0.00293358427467172,0.05444684147647737
7400,1,-1.988366908581218e-05,-2.031686932647388e-05,-0.003354332675074233,0.0009583652311734614,-0.01205817230321784,0.0002684967644173976,0.001931006909974681,0.01270319712670125
7400,2,-8.539970136148086e-06,-3.250343095735859e-06,-0.0003087608177071238,9.151707767395646e-05,0.0006184476274380337,0.0001135229659986487,0.0002018400807217484,0.0007347764719667772
7400,3,2.234763126816215e-07,4.622444152671357e-07,-1.380665786924543e-25,1.630774782004846e-06,0,1.928478875322362e-05,3.856957750050838e-05,4.315597784520218e-05
7450,0,-5.109502451169093e-05,-9.021579438038381e-05,-0.01427683489197345,0.002408203973508014,-0.0523809041084075,-0.001566941081246609,0.00293358427467172,0.05444684147647737
7450,1,-1.988366908581218e-05,-2.031686932647388e-05,-0.003354332675074233,0.0009583652311734614,-0.01205817230321784,0.0002684967644173976,0.001931006909974681,0.01270319712670125
7450,2,-8.539970136148086e-06,-3.250343095735859e-06,-0.0003087608177071238,9.151707767395646e-05,0.0006184476274380337,0.0001135229659986487,0.0002018400807217484,0.0007347764719667772
7450,3,2.234763126816215e-07,4.622444152671357e-07,-1.380665786924543e-25,1.630774782004846e-06,0,1.928478875322362e-05,3.856957750050838e-05,4.315597784520218e-05
7500,0,-5.109502451169093e-05,-9.021579438038381e-05,-0.01427683489197345,0.002408203973508014,-0.0523809041084075,-0.001566941081246609,0.00293358427467172,0.05444684147647737
7500,1,-1.988366908581218e-05,-2.031686932647388e-05,-0.003354332675074233,0.0009583652311734614,-0.01205817230321784,0.0002684967644173976,0.001931006909974681,0.01270319712670125
7500,2,-8.539970136148086e-06,-3.250343095735859e-06,-0.0003087608177071238,9.151707767395646e-05,0.0006184476274380337,0.0001135229659986487,0.0002018400807217484,0.0007347764719667772
7500,3,2.234763126816215e-07,4.622444152671357e-07,-1.380665786924543e-25,1.630774782004846e-06,0,1.928478875322362e-05,3.856957750050838e-05,4.315597784520218e-05
7550,0,-5.109502451169093e-05,-9.021579438038381e-05,-0.01427683489197345,0.002408203973508014,-0.0523809041084075,-0.001566941081246609,0.00293358427467172,0.05444684147647737
7550,1,-1.988366908581218e-05,-2.031686932647388e-05,-0.003354332675074233,0.0009583652311734614,-0.01205817230321784,0.0002684967644173976,0.001931006909974681,0.01270319712670125
7550,2,-8.539970136148086e-06,-3.250343095735859e-06,-0.0003087608177071238,9.151707767395646e-05,0.0006184476274380337,0.0001135229659986487,0.0002018400807217484,0.0007347764719667772
7550,3,2.234763126816215e-07,4.622444152671357e-07,-1.380665786924543e-25,1.630774782004846e-06,0,1.928478875322362e-05,3.856957750050838e-05,4.315597784520218e-05
7600,0,-5.109502451169093e-05,-9.021579438038381e-05,-0.01427683489197345,0.002408203973508014,-0.0523809041084075,-0.001566941081246609,0.00293358427467172,0.05444684147647737
7600,1,-1.988366908581218e-05,-2.031686932647388e-05,-0.003354332675074233,0.0009583652311734614,-0.01205817230321784,0.0002684967644173976,0.001931006909974681,0.01270319712670125
7600,2,-8.539970136148086e-06,-3.250343095735859e-06,-0.0003087608177071238,9.151707767395646e-05,0.0006184476274380337,0.0001135229659986487,0.0002018400807217484,0.0007347764719667772
7600,3,2.234763126816215e-07,4.622444152671357e-07,-1.380665786924543e-25,1.630774782004846e-06,0,1.928478875322362e-05,3.856957750050838e-05,4.315597784520218e-05
7650,0,-5.109502451169093e-05,-9.021579438038381e-05,-0.01427683489197345,0.002408203973508014,-0.0523809041084075,-0.001566941081246609,0.00293358427467172,0.05444684147647737
7650,1,-1.988366908581218e-05,-2.031686932647388e-05,-0.003354332675074233,0.0009583652311734614,-0.01205817230321784,0.0002684967644173976,0.001931006909974681,0.01270319712670125
7650,2,-8.539970136148086e-06,-3.250343095735859e-06,-0.0003087608177071238,9.151707767395646e-05,0.0006184476274380337,0.0001135229659986487,0.0002018400807217484,0.0007347764719667772
7650,3,2.234763126816215e-07,4.622444152671357e-07,-1.380665786924543e-25,1.630774782004846e-06,0,1.928478875322362e-05,3.856957750050838e-05,4.315597784520218e-05
7700,0,-5.109502451169093e-05,-9.021579438038381e-05,-0.01427683489197345,0.002408203973508014,-0.0523809041084075,-0.001566941081246609,0.00293358427467172,0.05444684147647737
7700,1,-1.988366908581218e-05,-2.031686932647388e-05,-0.003354332675074233,0.0009583652311734614,-0.01205817230321784,0.0002684967644173976,0.001931006909974681,0.01270319712670125
7700,2,-8.539970136148086e-06,-3.250343095735859e-06,-0.0003087608177071238,9.151707767395646e-05,0.0006184476274380337,0.0001135229659986487,0.0002018400807217484,0.0007347764719667772
7700,3,2.234763126816215e-07,4.622444152671357e-07,-1.380665786924543e-25,1.630774782004846e-06,0,1.928478875322362e-05,3.856957750050838e-05,4.315597784520218e-05
7750,0,-5.109502451169093e-05,-9.021579438038381e-05,-0.01427683489197345,0.002408203973508014,-0.0523809041084075,-0.001566941081246609,0.00293358427467172,0.05444684147647737
7750,1,-1.988366908581218e-05,-2.031686932647388e-05,-0.003354332675074233,0.0009583652311734614,-0.01205817230321784,0.0002684967644173976,0.001931006909974681,0.01270319712670125
7750,2,-8.539970136148086e-06,-3.250343095735859e-06,-0.0003087608177071238,9.151707767395646e-05,0.0006184476274380337,0.0001135229659986487,0.0002018400807217484,0.0007347764719667772
7750,3,2.234763126816215e-07,4.622444152671357e-07,-1.380665786924543e-25,1.630774782004846e-06,0,1.928478875322362e-05,3.856957750050838e-05,4.315597784520218e-05
7800,0,-5.109502451169093e-05,-9.021579438038381e-05,-0.01427683489197345,0.002408203973508014,-0.0523809041084075,-0.001566941081246609,0.00293358427467172,0.05444684147647737
7800,1,-1.988366908581218e-05,-2.031686932647388e-05,-0.003354332675074233,0.0009583652311734614,-0.01205817230321784,0.0002684967644173976,0.001931006909974681,0.01270319712670125
7800,2,-8.539970136148086e-06,-3.250343095735859e-06,-0.0003087608177071238,9.151707767395646e-05,0.0006184476274380337,0.0001135229659986487,0.0002018400807217484,0.0007347764719667772
7800,3,2.234763126816215e-07,4.622444152671357e-07,-1.380665786924543e-25,1.630774782004846e-06,0,1.928478875322362e-05,3.856957750050838e-05,4.315597784520218e-05
7850,0,-5.109502451169093e-05,-9.021579438038381e-05,-0.01427683489197345,0.002408203973508014,-0.0523809041084075,-0.001566941081246609,0.00293358427467172,0.05444684147647737
7850,1,-1.988366908581218e-05,-2.031686932647388e-05,-0.003354332675074233,0.0009583652311734614,-0.01205817230321784,0.0002684967644173976,0.001931006909974681,0.01270319712670125
7850,2,-8.539970136148086e-06,-3.250343095735859e-06,-0.0003087608177071238,9.151707767395646e-05,0.0006184476274380337,0.0001135229659986487,0.0002018400807217484,0.0007347764719667772
7850,3,2.234763126816215e-07,4.622444152671357e-07,-1.380665786924543e-25,1.630774782004846e-06,0,1.928478875322362e-05,3.856957750050838e-05,4.315597784520218e-05
7900,0,-5.109502451169093e-05,-9.021579438038381e-05,-0.01427683489197345,0.002408203973508014,-0.0523809041084075,-0.001566941081246609,0.00293358427467172,0.05444684147647737
7900,1,-1.988366908581218e-05,-2.031686932647388e-05,-0.003354332675074233,0.0009583652311734614,-0.01205817230321784,0.0002684967644173976,0.001931006909974681,0.01270319712670125
7900,2,-8.539970136148086e-06,-3.250343095735859e-06,-0.0003087608177071238,9.151707767395646e-05,0.0006184476274380337,0.0001135229659986487,0.0002018400807217484,0.0007347764719667772
7900,3,2.234763126816215e-07,4.622444152671357e-07,-1.380665786924543e-25,1.630774782004846e-06,0,1.928478875322362e-05,3.856957750050838e-05,4.315597784520218e-05
7950,0,-5.109502451169093e-05,-9.021579438038381e-05,-0.01427683489197345,0.002408203973508014,-0.0523809041084075,-0.001566941081246609,0.00293358427467172,0.05444684147647737
7950,1,-1.988366908581218e-05,-2.031686932647388e-05,-0.003354332675074233,0.0009583652311734614,-0.01205817230321784,0.0002684967644173976,0.001931006909974681,0.01270319712670125
7950,2,-8.539970136148086e-06,-3.250343095735859e-06,-0.0003087608177071238,9.151707767395646e-05,0.0006184476274380337,0.0001135229659986487,0.0002018400807217484,0.0007347764719667772
7950,3,2.234763126816215e-07,4.622444152671357e-07,-1.380665786924543e-25,1.630774782004846e-06,0,1.928478875322362e-05,3.856957750050838e-05,4.315597784520218e-05
8000,0,-5.109502451169093e-05,-9.021579438038381e-05,-0.01427683489197345,0.002408203973508014,-0.0523809041084075,-0.001566941081246609,0.00293358427467172,0.05444684147647737
8000,1,-1.988366908581218e-05,-2.031686932647388e-05,-0.003354332675074233,0.0009583652311734614,-0.01205817230321784,0.0002684967644173976,0.001931006909974681,0.01270319712670125
8000,2,-8.539970136148086e-06,-3.250343095735859e-06,-0.0003087608177071238,9.151707767395646e-05,0.0006184476274380337,0.0001135229659986487,0.0002018400807217484,0.0007347764719667772
8000,3,2.234763126816215e-07,4.622444152671357e-07,-1.380665786924543e-25,1.630774782004846e-06,0,1.928478875322362e-05,3.856957750050838e-05,4.315597784520218e-05
8050,0,-5.109502451169093e-05,-9.021579438038381e-05,-0.01427683489197345,0.002408203973508014,-0.0523809041084075,-0.001566941081246609,0.00293358427467172,0.05444684147647737
8050,1,-1.988366908581218e-05,-2.031686932647388e-05,-0.003354332675074233,0.0009583652311734614,-0.01205817230321784,0.0002684967644173976,0.001931006909974681,0.01270319712670125
8050,2,-8.539970136148086e-06,-3.250343095735859e-06,-0.0003087608177071238,9.151707767395646e-05,0.0006184476274380337,0.0001135229659986487,0.0002018400807217484,0.0007347764719667772
8050,3,2.234763126816215e-07,4.622444152671357e-07,-1.380665786924543e-25,1.630774782004846e-06,0,1.928478875322362e-05,3.856957750050838e-05,4.315597784520218e-05
8100,0,-5.109502451169093e-05,-9.021579438038381e-05,-0.01427683489197345,0.002408203973508014,-0.0523809041084075,-0.001566941081246609,0.00293358427467172,0.05444684147647737
8100,1,-1.988366908581218e-05,-2.031686932647388e-05,-0.003354332675074233,0.0009583652311734614,-0.01205817230321784,0.0002684967644173976,0.001931006909974681,0.01270319712670125
8100,2,-8.539970136148086e-06,-3.250343095735859e-06,-0.0003087608177071238,9.151707767395646e-05,0.0006184476274380337,0.0001135229659986487,0.0002018400807217484,0.0007347764719667772
8100,3,2.234763126816215e-07,4.622444152671357e-07,-1.380665786924543e-25,1.630774782004846e-06,0,1.928478875322362e-05,3.856957750050838e-05,4.315597784520218e-05
8150,0,-5.109502451169093e-05,-9.021579438038381e-05,-0.01427683489197345,0.002408203973508014,-0.0523809041084075,-0.001566941081246609,0.00293358427467172,0.05444684147647737
8150,1,-1.988366908581218e-05,-2.031686932647388e-05,-0.003354332675074233,0.0009583652311734614,-0.01205817230321784,0.0002684967644173976,0.001931006909974681,0.01270319712670125
8150,2,-8.539970136148086e-06,-3.250343095735859e-06,-0.0003087608177071238,9.151707767395646e-05,0.0006184476274380337,0.0001135229659986487,0.0002018400807217484,0.0007347764719667772
8150,3,2.234763126816215e-07,4.622444152671357e-07,-1.380665786924543e-25,1.630774782004846e-06,0,1.928478875322362e-05,3.856957750050838e-05,4.315597784520218e-05
8200,0,-5.109502451169093e-05,-9.021579438038381e-05,-0.01427683489197345,0.002408203973508014,-0.0523809041084075,-0.001566941081246609,0.00293358427467172,0.05444684147647737
8200,1,-1.988366908581218e-05,-2.031686932647388e-05,-0.003354332675074233,0.0009583652311734614,-0.01205817230321784,0.0002684967644173976,0.001931006909974681,0.01270319712670125
8200,2,-8.539970136148086e-06,-3.250343095735859e-06,-0.0003087608177071238,9.151707767395646e-05,0.0006184476274380337,0.0001135229659986487,0.0002018400807217484,0.0007347764719667772
8200,3,2.234763126816215e-07,4.622444152671357e-07,-1.380665786924543e-25,1.630774782004846e-06,0,1.928478875322362e-05,3.856957750050838e-05,4.315597784520218e-05
8250,0,-5.109502451169093e-05,-9.021579438038381e-05,-0.01427683489197345,0.002408203973508014,-0.0523809041084075,-0.001566941081246609,0.00293358427467172,0.05444684147647737
8250,1,-1.988366908581218e-05,-2.031686932647388e-05,-0.003354332675074233,0.0009583652311734614,-0.01205817230321784,0.0002684967644173976,0.001931006909974681,0.01270319712670125
8250,2,-8.539970136148086e-06,-3.250343095735859e-06,-0.0003087608177071238,9.151707767395646e-05,0.0006184476274380337,0.0001135229659986487,0.0002018400807217484,0.0007347764719667772
8250,3,2.234763126816215e-07,4.622444152671357e-07,-1.380665786924543e-25,1.630774782004846e-06,0,1.928478875322362e-05,3.856957750050838e-05,4.315597784520218e-05
8300,0,-5.109502451169093e-05,-9.021579438038381e-05,-0.01427683489197345,0.002408203973508014,-0.0523809041084075,-0.001566941081246609,0.00293358427467172,0.05444684147647737
8300,1,-1.988366908581218e-05,-2.031686932647388e-05,-0.003354332675074233,0.0009583652311734614,-0.01205817230321784,0.0002684967644173976,0.001931006909974681,0.01270319712670125
8300,2,-8.539970136148086e-06,-3.250343095735859e-06,-0.0003087608177071238,9.151707767395646e-05,0.0006184476274380337,0.0001135229659986487,0.0002018400807217484,0.0007347764719667772
8300,3,2.234763126816215e-07,4.622444152671357e-07,-1.380665786924543e-25,1.630774782004846e-06,0,1.928478875322362e-05,3.856957750050838e-05,4.315597784520218e-05
8350,0,-5.109502451169093e-05,-9.021579438038381e-05,-0.01427683489197345,0.002408203973508014,-0.0523809041084075,-0.001566941081246609,0.00293358427467172,0.05444684147647737
8350,1,-1.988366908581218e-05,-2.031686932647388e-05,-0.003354332675074233,0.0009583652311734614,-0.01205817230321784,0.0002684967644173976,0.001931006909974681,0.01270319712670125
8350,2,-8.539970136148086e-06,-3.250343095735859e-06,-0.0003087608177071238,9.151707767395646e-05,0.0006184476274380337,0.0001135229659986487,0.0002018400807217484,0.0007347764719667772
8350,3,2.234763126816215e-07,4.622444152671357e-07,-1.380665786924543e-25,1.630774782004846e-06,0,1.928478875322362e-05,3.856957750050838e-05,4.315597784520218e-05
8400,0,-5.109502451169093e-05,-9.021579438038381e-05,-0.01427683489197345,0.002408203973508014,-0.0523809041084075,-0.001566941081246609,0.00293358427467172,0.05444684147647737
8400,1,-1.988366908581218e-05,-2.031686932647388e-05,-0.003354332675074233,0.0009583652311734614,-0.01205817230321784,0.0002684967644173976,0.001931006909974681,0.01270319712670125
8400,2,-8.539970136148086e-06,-3.250343095735859e-06,-0.0003087608177071238,9.151707767395646e-05,0.0006184476274380337,0.0001135229659986487,0.0002018400807217484,0.0007347764719667772
8400,3,2.234763126816215e-07,4.622444152671357e-07,-1.380665786924543e-25,1.630774782004846e-06,0,1.928478875322362e-05,3.856957750050838e-05,4.315597784520218e-05
8450,0,-5.109502451169093e-05,-9.021579438038381e-05,-0.01427683489197345,0.002408203973508014,-0.0523809041084075,-0.001566941081246609,0.00293358427467172,0.05444684147647737
8450,1,-1.988366908581218e-05,-2.031686932647388e-05,-0.003354332675074233,0.0009583652311734614,-0.01205817230321784,0.0002684967644173976,0.001931006909974681,0.01270319712670125
8450,2,-8.539970136148086e-06,-3.250343095735859e-06,-0.0003087608177071238,9.151707767395646e-05,0.0006184476274380337,0.0001135229659986487,0.0002018400807217484,0.0007347764719667772
8450,3,2.234763126816215e-07,4.622444152671357e-07,-1.380665786924543e-25,1.630774782004846e-06,0,1.928478875322362e-05,3.856957750050838e-05,4.315597784520218e-05
8500,0,-5.109502451169093e-05,-9.021579438038381e-05,-0.01427683489197345,0.002408203973508014,-0.0523809041084075,-0.001566941081246609,0.00293358427467172,0.05444684147647737
8500,1,-1.988366908581218e-05,-2.031686932647388e-05,-0.003354332675074233,0.0009583652311734614,-0.01205817230321784,0.0002684967644173976,0.001931006909974681,0.01270319712670125
8500,2,-8.539970136148086e-06,-3.250343095735859e-06,-0.0003087608177071238,9.151707767395646e-05,0.0006184476274380337,0.0001135229659986487,0.0002018400807217484,0.0007347764719667772
8500,3,2.234763126816215e-07,4.622444152671357e-07,-1.380665786924543e-25,1.630774782004846e-06,0,1.928478875322362e-05,3.856957750050838e-05,4.315597784520218e-05
8550,0,-5.109502451169093e-05,-9.021579438038381e-05,-0.01427683489197345,0.002408203973508014,-0.0523809041084075,-0.001566941081246609,0.00293358427467172,0.05444684147647737
8550,1,-1.988366908581218e-05,-2.031686932647388e-05,-0.003354332675074233,0.0009583652311734614,-0.01205817230321784,0.0002684967644173976,0.001931006909974681,0.01270319712670125
8550,2,-8.539970136148086e-06,-3.250343095735859e-06,-0.0003087608177071238,9.151707767395646e-05,0.0006184476274380337,0.0001135229659986487,0.0002018400807217484,0.0007347764719667772
8550,3,2.234763126816215e-07,4.622444152671357e-07,-1.380665786924543e-25,1.630774782004846e-06,0,1.928478875322362e-05,3.856957750050838e-05,4.315597784520218e-05
8600,0,-5.109502451169093e-05,-9.021579438038381e-05,-0.01427683489197345,0.002408203973508014,-0.0523809041084075,-0.001566941081246609,0.00293358427467172,0.05444684147647737
8600,1,-1.988366908581218e-05,-2.031686932647388e-05,-0.003354332675074233,0.0009583652311734614,-0.01205817230321784,0.0002684967644173976,0.001931006909974681,0.01270319712670125
8600,2,-8.539970136148086e-06,-3.250343095735859e-06,-0.0003087608177071238,9.151707767395646e-05,0.0006184476274380337,0.0001135229659986487,0.0002018400807217484,0.0007347764719667772
8600,3,2.234763126816215e-07,4.622444152671357e-07,-1.380665786924543e-25,1.630774782004846e-06,0,1.928478875322362e-05,3.856957750050838e-05,4.315597784520218e-05
8650,0,-5.109502451169093e-05,-9.021579438038381e-05,-0.01427683489197345,0.002408203973508014,-0.0523809041084075,-0.001566941081246609,0.00293358427467172,0.05444684147647737
8650,1,-1.988366908581218e-05,-2.031686932647388e-05,-0.003354332675074233,0.0009583652311734614,-0.01205817230321784,0.0002684967644173976,0.001931006909974681,0.01270319712670125
8650,2,-8.539970136148086e-06,-3.250343095735859e-06,-0.0003087608177071238,9.151707767395646e-05,0.0006184476274380337,0.0001135229659986487,0.0002018400807217484,0.0007347764719667772
8650,3,2.234763126816215e-07,4.622444152671357e-07,-1.380665786924543e-25,1.630774782004846e-06,0,1.928478875322362e-05,3.856957750050838e-05,4.315597784520218e-05
8700,0,-5.109502451169093e-05,-9.021579438038381e-05,-0.01427683489197345,0.002408203973508014,-0.0523809041084075,-0.001566941081246609,0.00293358427467172,0.05444684147647737
8700,1,-1.988366908581218e-05,-2.031686932647388e-05,-0.003354332675074233,0.0009583652311734614,-0.01205817230321784,0.0002684967644173976,0.001931006909974681,0.01270319712670125
8700,2,-8.539970136148086e-06,-3.250343095735859e-06,-0.0003087608177071238,9.151707767395646e-05,0.0006184476274380337,0.0001135229659986487,0.0002018400807217484,0.0007347764719667772
8700,3,2.234763126816215e-07,4.622444152671357e-07,-1.380665786924543e-25,1.630774782004846e-06,0,1.928478875322362e-05,3.856957750050838e-05,4.315597784520218e-05
8750,0,-5.109502451169093e-05,-9.021579438038381e-05,-0.01427683489197345,0.002408203973508014,-0.0523809041084075,-0.001566941081246609,0.00293358427467172,0.05444684147647737
8750,1,-1.988366908581218e-05,-2.031686932647388e-05,-0.003354332675074233,0.0009583652311734614,-0.01205817230321784,0.0002684967644173976,0.001931006909974681,0.01270319712670125
8750,2,-8.539970136148086e-06,-3.250343095735859e-06,-0.0003087608177071238,9.151707767395646e-05,0.0006184476274380337,0.0001135229659986487,0.0002018400807217484,0.0007347764719667772
8750,3,2.234763126816215e-07,4.622444152671357e-07,-1.380665786924543e-25,1.630774782004846e-06,0,1.928478875322362e-05,3.856957750050838e-05,4.315597784520218e-05
8800,0,-5.109502451169093e-05,-9.021579438038381e-05,-0.01427683489197345,0.002408203973508014,-0.0523809041084075,-0.001566941081246609,0.00293358427467172,0.05444684147647737
8800,1,-1.988366908581218e-05,-2.031686932647388e-05,-0.003354332675074233,0.0009583652311734614,-0.01205817230321784,0.0002684967644173976,0.001931006909974681,0.01270319712670125
8800,2,-8.539970136148086e-06,-3.250343095735859e-06,-0.0003087608177071238,9.151707767395646e-05,0.0006184476274380337,0.0001135229659986487,0.0002018400807217484,0.0007347764719667772
8800,3,2.234763126816215e-07,4.622444152671357e-07,-1.380665786924543e-25,1.630774782004846e-06,0,1.928478875322362e-05,3.856957750050838e-05,4.315597784520218e-05
8850,0,-5.109502451169093e-05,-9.021579438038381e-05,-0.01427683489197345,0.002408203973508014,-0.0523809041084075,-0.001566941081246609,0.00293358427467172,0.05444684147647737
8850,1,-1.988366908581218e-05,-2.031686932647388e-05,-0.003354332675074233,0.0009583652311734614,-0.01205817230321784,0.0002684967644173976,0.001931006909974681,0.01270319712670125
8850,2,-8.539970136148086e-06,-3.250343095735859e-06,-0.0003087608177071238,9.151707767395646e-05,0.0006184476274380337,0.0001135229659986487,0.0002018400807217484,0.0007347764719667772
8850,3,2.234763126816215e-07,4.622444152671357e-07,-1.380665786924543e-25,1.630774782004846e-06,0,1.928478875322362e-05,3.856957750050838e-05,4.315597784520218e-05
8900,0,-5.109502451169093e-05,-9.021579438038381e-05,-0.01427683489197345,0.002408203973508014,-0.0523809041084075,-0.001566941081246609,0.00293358427467172,0.05444684147647737
8900,1,-1.988366908581218e-05,-2.031686932647388e-05,-0.003354332675074233,0.0009583652311734614,-0.01205817230321784,0.0002684967644173976,0.001931006909974681,0.01270319712670125
8900,2,-8.539970136148086e-06,-3.250343095735859e-06,-0.0003087608177071238,9.151707767395646e-05,0.0006184476274380337,0.0001135229659986487,0.0002018400807217484,0.0007347764719667772
8900,3,2.234763126816215e-07,4.622444152671357e-07,-1.380665786924543e-25,1.630774782004846e-06,0,1.928478875322362e-05,3.856957750050838e-05,4.315597784520218e-05
8950,0,-5.109502451169093e-05,-9.021579438038381e-05,-0.01427683489197345,0.002408203973508014,-0.0523809041084075,-0.001566941081246609,0.00293358427467172,0.05444684147647737
8950,1,-1.988366908581218e-05,-2.031686932647388e-05,-0.003354332675074233,0.0009583652311734614,-0.01205817230321784,0.0002684967644173976,0.001931006909974681,0.01270319712670125
8950,2,-8.539970136148086e-06,-3.250343095735859e-06,-0.0003087608177071238,9.151707767395646e-05,0.0006184476274380337,0.0001135229659986487,0.0002018400807217484,0.0007347764719667772
8950,3,2.234763126816215e-07,4.622444152671357e-07,-1.380665786924543e-25,1.630774782004846e-06,0,1.928478875322362e-05,3.856957750050838e-05,4.315597784520218e-05
9000,0,-5.109502451169093e-05,-9.021579438038381e-05,-0.01427683489197345,0.002408203973508014,-0.0523809041084075,-0.001566941081246609,0.00293358427467172,0.05444684147647737
9000,1,-1.988366908581218e-05,-2.031686932647388e-05,-0.003354332675074233,0.0009583652311734614,-0.01205817230321784,0.0002684967644173976,0.001931006909974681,0.01270319712670125
9000,2,-8.539970136148086e-06,-3.250343095735859e-06,-0.0003087608177071238,9.151707767395646e-05,0.0006184476274380337,0.0001135229659986487,0.0002018400807217484,0.0007347764719667772
9000,3,2.234763126816215e-07,4.622444152671357e-07,-1.380665786924543e-25,1.630774782004846e-06,0,1.928478875322362e-05,3.856957750050838e-05,4.315597784520218e-05
9050,0,-5.109502451169093e-05,-9.021579438038381e-05,-0.01427683489197345,0.002408203973508014,-0.0523809041084075,-0.001566941081246609,0.00293358427467172,0.05444684147647737
9050,1,-1.988366908581218e-05,-2.031686932647388e-05,-0.003354332675074233,0.0009583652311734614,-0.01205817230321784,0.0002684967644173976,0.001931006909974681,0.01270319712670125
9050,2,-8.539970136148086e-06,-3.250343095735859e-06,-0.0003087608177071238,9.151707767395646e-05,0.0006184476274380337,0.0001135229659986487,0.0002018400807217484,0.0007347764719667772
9050,3,2.234763126816215e-07,4.622444152671357e-07,-1.380665786924543e-25,1.630774782004846e-06,0,1.928478875322362e-05,3.856957750050838e-05,4.315597784520218e-05
9100,0,-5.109502451169093e-05,-9.021579438038381e-05,-0.01427683489197345,0.002408203973508014,-0.0523809041084075,-0.001566941081246609,0.00293358427467172,0.05444684147647737
9100,1,-1.988366908581218e-05,-2.031686932647388e-05,-0.003354332675074233,0.0009583652311734614,-0.01205817230321784,0.0002684967644173976,0.001931006909974681,0.01270319712670125
9100,2,-8.539970136148086e-06,-3.250343095735859e-06,-0.0003087608177071238,9.151707767395646e-05,0.0006184476274380337,0.0001135229659986487,0.0002018400807217484,0.0007347764719667772
9100,3,2.234763126816215e-07,4.622444152671357e-07,-1.380665786924543e-25,1.630774782004846e-06,0,1.928478875322362e-05,3.856957750050838e-05,4.315597784520218e-05
9150,0,-5.109502451169093e-05,-9.021579438038381e-05,-0.01427683489197345,0.002408203973508014,-0.0523809041084075,-0.001566941081246609,0.00293358427467172,0.05444684147647737
9150,1,-1.988366908581218e-05,-2.031686932647388e-05,-0.003354332675074233,0.0009583652311734614,-0.01205817230321784,0.0002684967644173976,0.001931006909974681,0.01270319712670125
9150,2,-8.539970136148086e-06,-3.250343095735859e-06,-0.0003087608177071238,9.151707767395646e-05,0.0006184476274380337,0.0001135229659986487,0.0002018400807217484,0.0007347764719667772
9150,3,2.234763126816215e-07,4.622444152671357e-07,-1.380665786924543e-25,1.630774782004846e-06,0,1.928478875322362e-05,3.856957750050838e-05,4.315597784520218e-05
9200,0,-5.109502451169093e-05,-9.021579438038381e-05,-0.01427683489197345,0.002408203973508014,-0.0523809041084075,-0.001566941081246609,0.00293358427467172,0.05444684147647737
9200,1,-1.988366908581218e-05,-2.031686932647388e-05,-0.003354332675074233,0.0009583652311734614,-0.01205817230321784,0.0002684967644173976,0.001931006909974681,0.01270319712670125
9200,2,-8.539970136148086e-06,-3.250343095735859e-06,-0.0003087608177071238,9.151707767395646e-05,0.0006184476274380337,0.0001135229659986487,0.0002018400807217484,0.0007347764719667772
9200,3,2.234763126816215e-07,4.622444152671357e-07,-1.380665786924543e-25,1.630774782004846e-06,0,1.928478875322362e-05,3.856957750050838e-05,4.315597784520218e-05
9250,0,-5.109502451169093e-05,-9.021579438038381e-05,-0.01427683489197345,0.002408203973508014,-0.0523809041084075,-0.001566941081246609,0.00293358427467172,0.05444684147647737
9250,1,-1.988366908581218e-05,-2.031686932647388e-05,-0.003354332675074233,0.0009583652311734614,-0.01205817230321784,0.0002684967644173976,0.001931006909974681,0.01270319712670125
9250,2,-8.539970136148086e-06,-3.250343095735859e-06,-0.0003087608177071238,9.151707767395646e-05,0.0006184476274380337,0.0001135229659986487,0.0002018400807217484,0.0007347764719667772
9250,3,2.234763126816215e-07,4.622444152671357e-07,-1.380665786924543e-25,1.630774782004846e-06,0,1.928478875322362e-05,3.856957750050838e-05,4.315597784520218e-05
9300,0,-5.109502451169093e-05,-9.021579438038381e-05,-0.01427683489197345,0.002408203973508014,-0.0523809041084075,-0.001566941081246609,0.00293358427467172,0.05444684147647737
9300,1,-1.988366908581218e-05,-2.031686932647388e-05,-0.003354332675074233,0.0009583652311734614,-0.01205817230321784,0.0002684967644173976,0.001931006909974681,0.01270319712670125
9300,2,-8.539970136148086e-06,-3.250343095735859e-06,-0.0003087608177071238,9.151707767395646e-05,0.0006184476274380337,0.0001135229659986487,0.0002018400807217484,0.0007347764719667772
9300,3,2.234763126816215e-07,4.622444152671357e-07,-1.380665786924543e-25,1.630774782004846e-06,0,1.928478875322362e-05,3.856957750050838e-05,4.315597784520218e-05
9350,0,-5.109502451169093e-05,-9.021579438038381e-05,-0.01427683489197345,0.002408203973508014,-0.0523809041084075,-0.001566941081246609,0.00293358427467172,0.05444684147647737
9350,1,-1.988366908581218e-05,-2.031686932647388e-05,-0.003354332675074233,0.0009583652311734614,-0.01205817230321784,0.0002684967644173976,0.001931006909974681,0.01270319712670125
9350,2,-8.539970136148086e-06,-3.250343095735859e-06,-0.0003087608177071238,9.151707767395646e-05,0.0006184476274380337,0.0001135229659986487,0.0002018400807217484,0.0007347764719667772
9350,3,2.234763126816215e-07,4.622444152671357e-07,-1.380665786924543e-25,1.630774782004846e-06,0,1.928478875322362e-05,3.856957750050838e-05,4.315597784520218e-05
9400,0,-5.109502451169093e-05,-9.021579438038381e-05,-0.01427683489197345,0.002408203973508014,-0.0523809041084075,-0.001566941081246609,0.00293358427467172,0.05444684147647737
9400,1,-1.988366908581218e-05,-2.031686932647388e-05,-0.003354332675074233,0.0009583652311734614,-0.01205817230321784,0.0002684967644173976,0.001931006909974681,0.01270319712670125
9400,2,-8.539970136148086e-06,-3.250343095735859e-06,-0.0003087608177071238,9.151707767395646e-05,0.0006184476274380337,0.0001135229659986487,0.0002018400807217484,0.0007347764719667772
9400,3,2.234763126816215e-07,4.622444152671357e-07,-1.380665786924543e-25,1.630774782004846e-06,0,1.928478875322362e-05,3.856957750050838e-05,4.315597784520218e-05
9450,0,-5.109502451169093e-05,-9.021579438038381e-05,-0.01427683489197345,0.002408203973508014,-0.0523809041084075,-0.001566941081246609,0.00293358427467172,0.05444684147647737
9450,1,-1.988366908581218e-05,-2.031686932647388e-05,-0.003354332675074233,0.0009583652311734614,-0.01205817230321784,0.0002684967644173976,0.001931006909974681,0.01270319712670125
9450,2,-8.539970136148086e-06,-3.250343095735859e-06,-0.0003087608177071238,9.151707767395646e-05,0.0006184476274380337,0.0001135229659986487,0.0002018400807217484,0.0007347764719667772
9450,3,2.234763126816215e-07,4.622444152671357e-07,-1.380665786924543e-25,1.630774782004846e-06,0,1.928478875322362e-05,3.856957750050838e-05,4.315597784520218e-05
9500,0,-5.109502451169093e-05,-9.021579438038381e-05,-0.01427683489197345,0.002408203973508014,-0.0523809041084075,-0.001566941081246609,0.00293358427467172,0.05444684147647737
9500,1,-1.988366908581218e-05,-2.031686932647388e-05,-0.003354332675074233,0.0009583652311734614,-0.01205817230321784,0.0002684967644173976,0.001931006909974681,0.01270319712670125
9500,2,-8.539970136148086e-06,-3.250343095735859e-06,-0.0003087608177071238,9.151707767395646e-05,0.0006184476274380337,0.0001135229659986487,0.0002018400807217484,0.0007347764719667772
9500,3,2.234763126816215e-07,4.622444152671357e-07,-1.380665786924543e-25,1.630774782004846e-06,0,1.928478875322362e-05,3.856957750050838e-05,4.315597784520218e-05
9550,0,-5.109502451169093e-05,-9.021579438038381e-05,-0.01427683489197345,0.002408203973508014,-0.0523809041084075,-0.001566941081246609,0.00293358427467172,0.05444684147647737
9550,1,-1.988366908581218e-05,-2.031686932647388e-05,-0.003354332675074233,0.0009583652311734614,-0.01205817230321784,0.0002684967644173976,0.001931006909974681,0.01270319712670125
9550,2,-8.539970136148086e-06,-3.250343095735859e-06,-0.0003087608177071238,9.151707767395646e-05,0.0006184476274380337,0.0001135229659986487,0.0002018400807217484,0.0007347764719667772
9550,3,2.234763126816215e-07,4.622444152671357e-07,-1.380665786924543e-25,1.630774782004846e-06,0,1.928478875322362e-05,3.856957750050838e-05,4.315597784520218e-05
9600,0,-5.109502451169093e-05,-9.021579438038381e-05,-0.01427683489197345,0.002408203973508014,-0.0523809041084075,-0.001566941081246609,0.00293358427467172,0.05444684147647737
9600,1,-1.988366908581218e-05,-2.031686932647388e-05,-0.003354332675074233,0.0009583652311734614,-0.01205817230321784,0.0002684967644173976,0.001931006909974681,0.01270319712670125
9600,2,-8.539970136148086e-06,-3.250343095735859e-06,-0.0003087608177071238,9.151707767395646e-05,0.0006184476274380337,0.0001135229659986487,0.0002018400807217484,0.0007347764719667772
9600,3,2.234763126816215e-07,4.622444152671357e-07,-1.380665786924543e-25,1.630774782004846e-06,0,1.928478875322362e-05,3.856957750050838e-05,4.315597784520218e-05
9650,0,-5.109502451169093e-05,-9.021579438038381e-05,-0.01427683489197345,0.002408203973508014,-0.0523809041084075,-0.001566941081246609,0.00293358427467172,0.05444684147647737
9650,1,-1.988366908581218e-05,-2.031686932647388e-05,-0.003354332675074233,0.0009583652311734614,-0.01205817230321784,0.0002684967644173976,0.001931006909974681,0.01270319712670125
9650,2,-8.539970136148086e-06,-3.250343095735859e-06,-0.0003087608177071238,9.151707767395646e-05,0.0006184476274380337,0.0001135229659986487,0.0002018400807217484,0.0007347764719667772
9650,3,2.234763126816215e-07,4.622444152671357e-07,-1.380665786924543e-25,1.630774782004846e-06,0,1.928478875322362e-05,3.856957750050838e-05,4.315597784520218e-05
9700,0,-5.109502451169093e-05,-9.021579438038381e-05,-0.01427683489197345,0.002408203973508014,-0.0523809041084075,-0.001566941081246609,0.00293358427467172,0.05444684147647737
9700,1,-1.988366908581218e-05,-2.031686932647388e-05,-0.003354332675074233,0.0009583652311734614,-0.01205817230321784,0.0002684967644173976,0.001931006909974681,0.01270319712670125
9700,2,-8.539970136148086e-06,-3.250343095735859e-06,-0.0003087608177071238,9.151707767395646e-05,0.0006184476274380337,0.0001135229659986487,0.0002018400807217484,0.0007347764719667772
9700,3,2.234763126816215e-07,4.622444152671357e-07,-1.380665786924543e-25,1.630774782004846e-06,0,1.928478875322362e-05,3.856957750050838e-05,4.315597784520218e-05
9750,0,-5.109502451169093e-05,-9.021579438038381e-05,-0.01427683489197345,0.002408203973508014,-0.0523809041084075,-0.001566941081246609,0.00293358427467172,0.05444684147647737
9750,1,-1.988366908581218e-05,-2.031686932647388e-05,-0.003354332675074233,0.0009583652311734614,-0.01205817230321784,0.0002684967644173976,0.001931006909974681,0.01270319712670125
9750,2,-8.539970136148086e-06,-3.250343095735859e-06,-0.0003087608177071238,9.151707767395646e-05,0.0006184476274380337,0.0001135229659986487,0.0002018400807217484,0.0007347764719667772
9750,3,2.234763126816215e-07,4.622444152671357e-07,-1.380665786924543e-25,1.630774782004846e-06,0,1.928478875322362e-05,3.856957750050838e-05,4.315597784520218e-05
9800,0,-5.109502451169093e-05,-9.021579438038381e-05,-0.01427683489197345,0.002408203973508014,-0.0523809041084075,-0.001566941081246609,0.00293358427467172,0.05444684147647737
9800,1,-1.988366908581218e-05,-2.031686932647388e-05,-0.003354332675074233,0.0009583652311734614,-0.01205817230321784,0.0002684967644173976,0.001931006909974681,0.01270319712670125
9800,2,-8.539970136148086e-06,-3.250343095735859e-06,-0.0003087608177071238,9.151707767395646e-05,0.0006184476274380337,0.0001135229659986487,0.0002018400807217484,0.0007347764719667772
9800,3,2.234763126816215e-07,4.622444152671357e-07,-1.380665786924543e-25,1.630774782004846e-06,0,1.928478875322362e-05,3.856957750050838e-05,4.315597784520218e-05
9850,0,-5.109502451169093e-05,-9.021579438038381e-05,-0.01427683489197345,0.002408203973508014,-0.0523809041084075,-0.001566941081246609,0.00293358427467172,0.05444684147647737
9850,1,-1.988366908581218e-05,-2.031686932647388e-05,-0.003354332675074233,0.0009583652311734614,-0.01205817230321784,0.0002684967644173976,0.001931006909974681,0.01270319712670125
9850,2,-8.539970136148086e-06,-3.250343095735859e-06,-0.0003087608177071238,9.151707767395646e-05,0.0006184476274380337,0.0001135229659986487,0.0002018400807217484,0.0007347764719667772
9850,3,2.234763126816215e-07,4.622444152671357e-07,-1.380665786924543e-25,1.630774782004846e-06,0,1.928478875322362e-05,3.856957750050838e-05,4.315597784520218e-05
9900,0,-5.109502451169093e-05,-9.021579438038381e-05,-0.01427683489197345,0.002408203973508014,-0.0523809041084075,-0.001566941081246609,0.00293358427467172,0.05444684147647737
9900,1,-1.988366908581218e-05,-2.031686932647388e-05,-0.003354332675074233,0.0009583652311734614,-0.01205817230321784,0.0002684967644173976,0.001931006909974681,0.01270319712670125
9900,2,-8.539970136148086e-06,-3.250343095735859e-06,-0.0003087608177071238,9.151707767395646e-05,0.0006184476274380337,0.0001135229659986487,0.0002018400807217484,0.0007347764719667772
9900,3,2.234763126816215e-07,4.622444152671357e-07,-1.380665786924543e-25,1.630774782004846e-06,0,1.928478875322362e-05,3.856957750050838e-05,4.315597784520218e-05
9950,0,-5.109502451169093e-05,-9.021579438038381e-05,-0.01427683489197345,0.002408203973508014,-0.0523809041084075,-0.001566941081246609,0.00293358427467172,0.05444684147647737
9950,1,-1.988366908581218e-05,-2.031686932647388e-05,-0.003354332675074233,0.0009583652311734614,-0.01205817230321784,0.0002684967644173976,0.001931006909974681,0.01270319712670125
9950,2,-8.539970136148086e-06,-3.250343095735859e-06,-0.0003087608177071238,9.151707767395646e-05,0.0006184476274380337,0.0001135229659986487,0.0002018400807217484,0.0007347764719667772
9950,3,2.234763126816215e-07,4.622444152671357e-07,-1.380665786924543e-25,1.630774782004846e-06,0,1.928478875322362e-05,3.856957750050838e-05,4.315597784520218e-05
10000,0,-5.109502451169093e-05,-9.021579438038381e-05,-0.01427683489197345,0.002408203973508014,-0.0523809041084075,-0.001566941081246609,0.00293358427467172,0.05444684147647737
10000,1,-1.988366908581218e-05,-2.031686932647388e-05,-0.003354332675074233,0.0009583652311734614,-0.01205817230321784,0.0002684967644173976,0.001931006909974681,0.01270319712670125
10000,2,-8.539970136148086e-06,-3.250343095735859e-06,-0.0003087608177071238,9.151707767395646e-05,0.0006184476274380337,0.0001135229659986487,0.0002018400807217484,0.0007347764719667772
10000,3,2.234763126816215e-07,4.622444152671357e-07,-1.380665786924543e-25,1.630774782004846e-06,0,1.928478875322362e-05,3.856957750050838e-05,4.315597784520218e-05
