gen,op_id,w0,w1,w2,w3,w4,w5,w6,norm
50,0,-2.376783457923468e-06,-2.980757868354673e-06,-1.62421577048077e-08,0.0006182931961290577,-3.579622096080692e-05,0.004708206887241697,0.00941628515189339,0.01054595754471511
50,1,-2.795211546744638e-06,5.187794147430576e-07,0.0005869029820447518,2.13701341144095e-05,0.0007739100217957783,0.000287431201853511,0.000348201014447978,0.001071315658152283
50,2,3.503464817152457e-07,-2.458108931567836e-07,0.0006340131266577436,8.975876299435131e-05,0.002371912109920218,0.001195781844319136,0.002342122283305796,0.003598809182190863
50,3,0,0,0,0,0,0,0,0
100,0,-3.275002358300657e-05,-1.490667266017319e-05,-2.796515845187794e-06,0.0006120588686907856,-0.0005203782837833767,0.00259373685463637,0.005190143873407858,0.005857625500847919
100,1,-2.265955416410572e-06,1.173705987329472e-06,0.000586719009870862,2.135836583915272e-05,0.0007699912329124634,0.0003170061134505376,0.0004076841791223691,0.001097400406920194
100,2,-3.973021915591724e-06,-4.704404693237897e-07,0.0006333112786414774,8.908921689883287e-05,0.002221434819490241,0.0009490999062686033,0.001850089353370477,0.003109249101506186
100,3,0,0,0,0,0,0,0,0
150,0,-7.180124846176252e-05,-3.179562202949767e-05,-3.350325896100267e-06,0.0006080483074451283,-0.0007403903812509398,0.001051933547814816,0.002106848425367738,0.002543511891631942
150,1,-3.52109961283399e-06,6.928026668580391e-07,0.0005864780976909783,2.107953433802875e-05,0.00074784807984971,0.000270195625125443,0.0003141879442050812,0.001037019900779536
150,2,-1.228474016054782e-05,-1.135553458165769e-06,0.0006329356535356847,8.774875070531899e-05,0.002001491240754897,0.0005981974705748484,0.001148619821780066,0.002468115573610006
150,3,0,0,0,0,0,0,0,0
200,0,-8.760755822902162e-05,-3.267961149135853e-05,-4.492777518327313e-06,0.0006066367724475727,-0.001069533117974203,0.0005784464694507802,0.001160717477791703,0.001789563598120039
200,1,-3.876650937343916e-06,7.321421778387966e-07,0.0005864253689586008,2.093795037638791e-05,0.0007271825821119728,0.0002591860741633395,0.0002922466013112775,0.001012782642191347
200,2,-2.629107430873385e-05,-1.496738348775687e-06,0.0006317534800570658,8.565832440482413e-05,0.001569491031005123,0.0001876160249912267,0.0003286039530947734,0.001735979751076202
200,3,0,0,0,0,0,0,0,0
250,0,-9.833246010418916e-05,-3.329294657320235e-05,-4.757931320028429e-06,0.0006060778083838837,-0.001173955248990679,0.0003420611470567028,0.0006883868641071635,0.001532052176122385
250,1,-4.786199492561443e-06,7.743094244771661e-07,0.0005863800171160904,2.08812052594908e-05,0.0007071599397135117,0.0002411522714616174,0.0002562608792047388,0.0009839716932129317
250,2,-2.981923062459677e-05,-1.509472885961185e-06,0.0006315817479540324,8.533840038990785e-05,0.001480668624488791,0.000109012244284436,0.0001716646877091332,0.001625054344294045
250,3,0,0,0,0,0,0,0,0
300,0,-0.0001013476183832193,-3.315469825250329e-05,-4.832243640253084e-06,0.0006060049291961387,-0.001202566761818394,0.0002854338642631777,0.0005752992783192359,0.00149574211202667
300,1,-6.630286282959173e-06,7.578489880391947e-07,0.0005863198674866455,2.075883683238841e-05,0.0006779508482292697,0.0002081167038510576,0.0001903060285806099,0.0009398897546511575
300,2,-3.527506689024991e-05,-1.585135845461414e-06,0.0006314613067459421,8.509586715543436e-05,0.001383304672867132,1.178912660841233e-05,-2.266795715060371e-05,0.001523619430595318
300,3,0,0,0,0,0,0,0,0
350,0,-0.0001008566735434601,-3.301101848201689e-05,-4.832554702609844e-06,0.0006060444917779203,-0.001204071326250774,0.0002928529910439219,0.0005901753236414404,0.001504138498023614
350,1,-1.006940676648334e-05,7.131115728663204e-07,0.0005862682027621752,2.046751906240652e-05,0.000627994903308363,0.0001539077625528758,8.193926158216294e-05,0.0008769324186795969
350,2,-3.649747624865146e-05,-1.615884509725306e-06,0.0006314043355843686,8.499342268978265e-05,0.00136259442274998,-8.087816372350074e-06,-6.234686096343625e-05,0.001505936950375264
350,3,0,0,0,0,0,0,0,0
400,0,-0.0001032378797085279,-3.304304436027511e-05,-4.845160463079002e-06,0.0006059183303639131,-0.001218561644693834,0.0002620717994649438,0.0005286437280341985,0.001487262149865263
400,1,-1.225473239323854e-05,6.857375560451749e-07,0.0005862440017310142,2.033346983256701e-05,0.000597852338304028,0.0001248270002720273,2.381555737325047e-05,0.0008472440660450541
400,2,-4.032986860792051e-05,-1.630199963229051e-06,0.0006313553747199923,8.483209411737939e-05,0.001309424325343718,-5.996541925369791e-05,-0.0001660428791694366,0.001467376366943741
400,3,0,0,0,0,0,0,0,0
450,0,-0.0001053379943273451,-3.310330813525343e-05,-4.8677489774945e-06,0.0006058841558282834,-0.001227850516188642,0.0002368844360118013,0.000478291964219397,0.001473704704643525
450,1,-1.354403060657499e-05,6.809984753630481e-07,0.0005862328774187373,2.028415342612626e-05,0.0005805502643010709,0.0001101064001337046,-5.612417835609362e-06,0.000832741175837529
450,2,-4.229182901042954e-05,-1.631421550472903e-06,0.0006313372877258123,8.476913985379542e-05,0.001281440106139182,-8.278630297519238e-05,-0.0002116506595305488,0.001449586892029545
450,3,0,0,0,0,0,0,0,0
500,0,-0.0001062912579304548,-3.311811453551474e-05,-4.874782647197333e-06,0.0006058720353426778,-0.001231190967725484,0.0002270078922429307,0.0004585466010936981,0.001468716478855922
500,1,-1.353195466388507e-05,6.831183861744288e-07,0.0005862262474297321,2.026314671012483e-05,0.0005773899792712049,0.0001103144504745711,-5.191029565923555e-06,0.0008305605346223476
500,2,-4.4859489641556e-05,-1.658066848144196e-06,0.0006313208588246912,8.468675504422733e-05,0.00125176813069812,-0.0001102160523906452,-0.0002664957248113665,0.001434518734224973
500,3,0,0,0,0,0,0,0,0
550,0,-0.0001104505839230383,-3.339812426937827e-05,-4.877842202870742e-06,0.0006058119427109907,-0.001236490366391984,0.000188044938291596,0.0003806166748279908,0.0014455051185049
550,1,-1.374196631937285e-05,6.927428912566548e-07,0.0005862200447216785,2.024514091690382e-05,0.0005738553996516057,0.0001084484031964808,-8.917806167409346e-06,0.0008278911348886871
550,2,-4.450894082729447e-05,-1.657391798938579e-06,0.0006313220054892659,8.468789975456387e-05,0.001253363030624657,-0.0001068155181276463,-0.0002596983034957262,0.001434397071256432
550,3,0,0,0,0,0,0,0,0
600,0,-0.0001120731858108547,-3.347035130053268e-05,-4.880621291446545e-06,0.0006057818415459895,-0.001240601185449706,0.0001737599012310551,0.0003520453604954589,0.001440102726845011
600,1,-1.590510718915845e-05,6.698722253055266e-07,0.0005862128045277744,2.019951626165548e-05,0.000559427426473422,8.928263734352576e-05,-4.724345498972746e-05,0.0008169879268839157
600,2,-4.596771453185995e-05,-1.671721547938804e-06,0.0006313140799006269,8.465398458405043e-05,0.001239174813548145,-0.0001194482471858783,-0.0002849569269031759,0.001427887300348633
600,3,0,0,0,0,0,0,0,0
650,0,-0.0001128391772658859,-3.349240346240262e-05,-4.881006184941523e-06,0.0006057699532073762,-0.001241644335355236,0.0001675494357915708,0.0003396268826226546,0.001437336206250916
650,1,-1.629163319802918e-05,6.628636996773443e-07,0.0005862092504215567,2.017275902513059e-05,0.0005547912339749861,8.616367401008458e-05,-5.347563006496445e-05,0.0008138742023263064
650,2,-4.645352129405128e-05,-1.666414637651291e-06,0.0006313116181570809,8.463729526001886e-05,0.001235014785509799,-0.0001232589987556697,-0.0002925738680603285,0.001426159986474608
650,3,0,0,0,0,0,0,0,0
700,0,-0.0001126447691445931,-3.348800775351931e-05,-4.88090531090295e-06,0.0006057725002157267,-0.001241286015376046,0.0001690604396085826,0.0003426506517144545,0.00143790691954046
700,1,-1.660138975787316e-05,6.668682878058722e-07,0.0005862059979155255,2.015599707527764e-05,0.0005499709831826514,8.374758148987834e-05,-5.830139262168635e-05,0.00081067908520904
700,2,-4.708716489799765e-05,-1.669413534617962e-06,0.0006313090776087322,8.462204325875899e-05,0.001230419714241201,-0.0001279281864979184,-0.0003019095719257899,0.001424562990334445
700,3,0,0,0,0,0,0,0,0
750,0,-0.0001142364289010598,-3.352591786269622e-05,-4.882351295029876e-06,0.0006057445235904871,-0.00124420469633839,0.0001581606178978007,0.0003208513592345409,0.001434269819886624
750,1,-1.751000158973651e-05,6.658249911790949e-07,0.000586201917048059,2.012430404701337e-05,0.0005436717332220533,7.753716278839487e-05,-7.072050149963101e-05,0.0008068067135895018
750,2,-4.736594821726386e-05,-1.67151101028255e-06,0.0006313080652350421,8.46119257605939e-05,0.001228429604549491,-0.0001298473661988515,-0.0003057478011611822,0.001423845752870935
750,3,0,0,0,0,0,0,0,0
800,0,-0.0001162817006136491,-3.35746894325834e-05,-4.883834145303058e-06,0.0006057264064779888,-0.001247383533455109,0.0001449452010465103,0.0002944207093878298,0.001430117257418633
800,1,-1.834379905123732e-05,6.602633719521901e-07,0.0005861994851186924,2.01065867953053e-05,0.0005402978327842985,7.213149759367971e-05,-8.152791937047205e-05,0.0008050730058763147
800,2,-4.772837116015197e-05,-1.668249915308258e-06,0.0006313070686139257,8.460738179182867e-05,0.001225385159906547,-0.000132157294504827,-0.0003103667923413663,0.001422444969341611
800,3,0,0,0,0,0,0,0,0
850,0,-0.0001176344576439932,-3.359934975131252e-05,-4.884416821112215e-06,0.0006057114320498498,-0.001249377839912752,0.0001365969201005825,0.0002777242717064115,0.001427799514957666
850,1,-1.864468970559944e-05,6.607409913420431e-07,0.0005861973995109428,2.009926116016461e-05,0.0005376219724368462,7.035331815559263e-05,-8.508191680091732e-05,0.0008034956998729721
850,2,-4.843848418575419e-05,-1.669766648652287e-06,0.0006313057215425475,8.45973634797728e-05,0.001220411229972275,-0.0001364108324088927,-0.0003188718113466885,0.001420472956568834
850,3,0,0,0,0,0,0,0,0
900,0,-0.0001184489242345279,-3.361778272847486e-05,-4.884461173905774e-06,0.0006057027192230297,-0.001249938599252358,0.0001318685201040259,0.000268267600317359,0.001426100718350017
900,1,-1.875047770299416e-05,6.578905685976217e-07,0.000586195619938366,2.009272622757353e-05,0.0005358334646858329,6.968607994727892e-05,-8.641373897290396e-05,0.0008023852077494897
900,2,-4.869746110931586e-05,-1.67111445837949e-06,0.0006313051287020547,8.459341363868835e-05,0.001218758370099674,-0.0001378860093387203,-0.0003218215799446055,0.001419869744756893
900,3,0,0,0,0,0,0,0,0
950,0,-0.0001189985203430417,-3.363531372588801e-05,-4.884860454888618e-06,0.0006056945594515537,-0.00125010053076534,0.000128880875061685,0.0002622923872876596,0.001424900226959648
950,1,-1.89434382583672e-05,6.601851279284144e-07,0.0005861948402187163,2.009008896734587e-05,0.0005342725778575272,6.865491521724987e-05,-8.847333634968343e-05,0.0008014833174496356
950,2,-4.874185366911671e-05,-1.669850795330218e-06,0.0006313046653993332,8.459079662953698e-05,0.001217980683282667,-0.0001381070753903319,-0.0003222633919508085,0.001419325171708156
950,3,0,0,0,0,0,0,0,0
1000,0,-0.0001195397596948958,-3.364480453210443e-05,-4.884999665213267e-06,0.000605687876888757,-0.001250468126199351,0.0001261304436468697,0.0002567912088776271,0.001424017044442784
1000,1,-1.954431710946614e-05,6.567366784698757e-07,0.0005861936133331046,2.007734288049414e-05,0.0005319400222141568,6.557364929546119e-05,-9.463407866640124e-05,0.0008003900069367202
1000,2,-4.903333499305931e-05,-1.669932454455044e-06,0.000631304084906236,8.458722633852105e-05,0.001216566445372871,-0.0001395990112601524,-0.0003252460033731029,0.001418948084235664
1000,3,0,0,0,0,0,0,0,0
1050,0,-0.0001209044726650276,-3.368202208252489e-05,-4.885242696406461e-06,0.0006056754769733657,-0.001251443917708748,0.000119517595577279,0.0002435651463414669,0.001422089777215288
1050,1,-2.024994135065465e-05,6.493976413375186e-07,0.0005861925982727574,2.006728668957549e-05,0.0005292991656162744,6.211877836854014e-05,-0.000101543005376863,0.0007992260452437089
1050,2,-4.937747626730158e-05,-1.672171803436323e-06,0.000631303606878553,8.458364532368847e-05,0.001214843504491459,-0.0001412911633518677,-0.0003286298183407446,0.001418430491488486
1050,3,0,0,0,0,0,0,0,0
1100,0,-0.0001214267906784936,-3.368616550049166e-05,-4.885296026731872e-06,0.0006056746554147855,-0.001251889001911418,0.0001170789591476684,0.000238688080745611,0.001421495843554101
1100,1,-2.05499706095351e-05,6.485396683720755e-07,0.0005861919848274599,2.006220585566365e-05,0.0005279981979102796,6.073781969204e-05,-0.0001043035338626172,0.000798621727721693
1100,2,-4.959866610880281e-05,-1.672967604777225e-06,0.0006313032458158358,8.458177603481189e-05,0.001213778911945332,-0.0001423192353218708,-0.0003306853939464452,0.001418107024561441
1100,3,0,0,0,0,0,0,0,0
1150,0,-0.000121455073713431,-3.368717606579782e-05,-4.885158212794801e-06,0.0006056762648704625,-0.001251700719718584,0.0001169315362632798,0.0002383934997101747,0.001421271578545494
1150,1,-2.028900607511694e-05,6.503647923310083e-07,0.0005861916183156722,2.006266203216885e-05,0.0005279477528496501,6.188974029355308e-05,-0.0001019984794955992,0.0007983721250427371
1150,2,-4.970431152517599e-05,-1.672634436338677e-06,0.0006313029868601833,8.457962166959596e-05,0.001213106469707018,-0.0001427991562570902,-0.0003316447008247974,0.001417807322370864
1150,3,0,0,0,0,0,0,0,0
1200,0,-0.0001221183969068507,-3.370241959999662e-05,-4.885223942722485e-06,0.000605666095207495,-0.001252098600788248,0.0001141234047824113,0.0002327772306399108,0.001420515518030782
1200,1,-2.059877723105307e-05,6.496452238822423e-07,0.0005861909191949636,2.005507701719875e-05,0.0005266952483490623,6.055665914268295e-05,-0.0001046640295244025,0.0007977946378607857
1200,2,-4.981784468518466e-05,-1.673384955345249e-06,0.0006313028764833123,8.45778743915967e-05,0.001212725258634652,-0.0001432813154691774,-0.0003326089210980396,0.001417759549164122
1200,3,0,0,0,0,0,0,0,0
1250,0,-0.0001219654220917498,-3.370168050767e-05,-4.885144749328509e-06,0.0006056677179472004,-0.00125178355582706,0.0001147613949472412,0.0002340534320314315,0.001420486492055668
1250,1,-2.074990806008366e-05,6.52147321844715e-07,0.0005861905369178187,2.005306916075071e-05,0.0005257701808101624,5.994970387646326e-05,-0.0001058772819515126,0.0007973021409684439
1250,2,-5.013065529779419e-05,-1.672308489838024e-06,0.0006313023983356436,8.457507151571319e-05,0.001211232429961833,-0.0001445684015184975,-0.0003351826078789586,0.001417230730267974
1250,3,0,0,0,0,0,0,0,0
1300,0,-0.0001225205243886095,-3.370933799681395e-05,-4.885248254701993e-06,0.0006056653619815474,-0.001252187547605127,0.0001125991324024282,0.0002297289565441948,0.001420010425028422
1300,1,-2.0956693053606e-05,6.511571876847573e-07,0.0005861902151505015,2.004979671820584e-05,0.0005249121260278781,5.912925427815948e-05,-0.0001075176035040766,0.0007969000021972122
1300,2,-5.02603404602575e-05,-1.672821247743196e-06,0.0006313022084622065,8.457400767512291e-05,0.001210678169854189,-0.0001450802379491858,-0.0003362062044566172,0.00141705633609169
1300,3,0,0,0,0,0,0,0,0
1350,0,-0.0001225549710882656,-3.371100383163013e-05,-4.885193645993143e-06,0.0006056644703410249,-0.001252098751721454,0.0001124791026128277,0.0002294888927125146,0.001419886422547114
1350,1,-2.090168014124251e-05,6.515043238948278e-07,0.0005861897580334076,2.004881397099133e-05,0.0005242515274529482,5.934820826348458e-05,-0.0001070784700216067,0.0007964203442018057
1350,2,-5.021760309874161e-05,-1.673367123588631e-06,0.0006313021206379443,8.457358633503516e-05,0.001210596901232816,-0.0001449193600830696,-0.0003358844783032832,0.001416892560433747
1350,3,0,0,0,0,0,0,0,0
1400,0,-0.0001235462016921188,-3.372909703564507e-05,-4.885283146579975e-06,0.0006056610031403776,-0.001252613693386112,0.0001088666877300153,0.000222264056333578,0.001418994279040398
1400,1,-2.097762881167771e-05,6.516602260015151e-07,0.0005861897460385496,2.004918211248327e-05,0.0005237831627904446,5.907126378614905e-05,-0.0001076321522508769,0.0007961681792573349
1400,2,-5.027882846917585e-05,-1.673569343934044e-06,0.0006313020758880175,8.457319356372221e-05,0.001210423992211095,-0.0001451422802789943,-0.0003363302560649194,0.001416875527739185
1400,3,0,0,0,0,0,0,0,0
1450,0,-0.0001243731435466371,-3.374248778156787e-05,-4.885362647742513e-06,0.0006056577763530673,-0.001253077078114603,0.0001059708815863486,0.0002164724351743037,0.001418359880204321
1450,1,-2.090178411368054e-05,6.519399473847799e-07,0.0005861896022367445,2.004927716214555e-05,0.0005236790703708834,5.93327725859859e-05,-0.0001071088815088925,0.000796046476052351
1450,2,-5.032923573153654e-05,-1.67374213450486e-06,0.0006313020542267437,8.457294493661836e-05,0.001210202973699762,-0.000145320493103763,-0.0003366866109869205,0.001416791395143878
1450,3,0,0,0,0,0,0,0,0
1500,0,-0.0001248163723146536,-3.374951849455469e-05,-4.885398526854753e-06,0.0006056553240569946,-0.001253275452925059,0.0001044750519752256,0.0002134807894151052,0.001418008758898473
1500,1,-2.147478321087765e-05,6.480052288507712e-07,0.0005861893051408216,2.004464768855461e-05,0.0005223343393805499,5.738588645069951e-05,-0.0001110023183060553,0.0007955684083196964
1500,2,-5.033326103754522e-05,-1.672723448053487e-06,0.0006313019817259707,8.457214169060238e-05,0.001209971413370741,-0.0001453328809734961,-0.0003367112361677509,0.001416600790088633
1500,3,0,0,0,0,0,0,0,0
1550,0,-0.0001250310853729838,-3.375196685429756e-05,-4.885425028817684e-06,0.0006056529460764728,-0.001253369345746739,0.0001037694035388509,0.0002120695471568525,0.001417846121708781
1550,1,-2.166040390906028e-05,6.471412090525175e-07,0.0005861890843262245,2.004263959122572e-05,0.0005218033166813358,5.677968990317293e-05,-0.0001122147835086961,0.0007953513274002224
1550,2,-5.041515766030716e-05,-1.672565026414071e-06,0.0006313019196409905,8.457045904998957e-05,0.001209460518687171,-0.0001456068448413626,-0.0003372589394721899,0.001416325687708732
1550,3,0,0,0,0,0,0,0,0
1600,0,-0.0001258081598210088,-3.376580804149344e-05,-4.885500736133215e-06,0.0006056501188575308,-0.001253678985494694,0.0001013082293395486,0.0002071471814341855,0.001417281929694609
1600,1,-2.177264633636977e-05,6.474987044448376e-07,0.0005861889800172447,2.004181484806052e-05,0.0005214698715373859,5.642481544028585e-05,-0.0001129242679614641,0.0007952107513310186
1600,2,-5.045761320688753e-05,-1.672756832923913e-06,0.0006313018966452746,8.457026229746642e-05,0.001209360603223002,-0.0001457404157714463,-0.0003375260401317187,0.001416319225317188
1600,3,0,0,0,0,0,0,0,0
1650,0,-0.0001262045769334537,-3.377447483061328e-05,-4.885541751685534e-06,0.0006056494048174423,-0.001253774534406896,0.0001000844563387582,0.000204699668000397,0.001416959002960315
1650,1,-2.188402214037264e-05,6.471342302208373e-07,0.0005861888632973325,2.004121574595084e-05,0.0005211636157993395,5.608113661724807e-05,-0.0001136114146163525,0.0007950864889045715
1650,2,-5.053586915975931e-05,-1.672801121396125e-06,0.0006313018549183114,8.457009377144849e-05,0.00120907182604523,-0.0001459823955644022,-0.0003380098905253068,0.001416215743297304
1650,3,0,0,0,0,0,0,0,0
1700,0,-0.0001265400670872609,-3.377896344058735e-05,-4.885581707876504e-06,0.0006056484166125478,-0.001253904467547655,9.908544328327682e-05,0.0002027017351627022,0.001416746135568423
1700,1,-2.194325556792476e-05,6.470557508565927e-07,0.0005861887908583932,2.004065635237024e-05,0.0005209128726909902,5.59016792849078e-05,-0.0001139704078570904,0.0007949624671204842
1700,2,-5.050050097398612e-05,-1.672817249614895e-06,0.0006313018441708559,8.457045603341455e-05,0.001209037635493344,-0.0001458772339709283,-0.0003377995353054363,0.001416124280169756
1700,3,0,0,0,0,0,0,0,0
1750,0,-0.0001272252500463056,-3.379366934006397e-05,-4.885612868632444e-06,0.0006056458061478257,-0.001254122335773967,9.709703602293123e-05,0.0001987248931269544,0.001416298428543318
1750,1,-2.218618298093784e-05,6.455446947768922e-07,0.0005861886001292886,2.003878107267601e-05,0.0005203812116816071,5.519397105573598e-05,-0.0001153856996105179,0.0007947755096241692
1750,2,-5.055923163703858e-05,-1.672783199496633e-06,0.0006313018200061085,8.457025419368415e-05,0.00120887854349838,-0.0001460466719011752,-0.000338138343772357,0.001416088857656205
1750,3,0,0,0,0,0,0,0,0
1800,0,-0.0001277935900004355,-3.380276571247408e-05,-4.885646080520672e-06,0.0006056448807424897,-0.001254268243558304,9.550752428328027e-05,0.0001955458844689003,0.001415928008992159
1800,1,-2.225388623978052e-05,6.461911937186891e-07,0.0005861885316789095,2.003830707949751e-05,0.0005201713867238661,5.500191036740866e-05,-0.0001157697078920316,0.0007946825079325835
1800,2,-5.050542823119487e-05,-1.672609873191457e-06,0.0006313018287959131,8.457027432502909e-05,0.001208906568773533,-0.0001458944363736122,-0.0003378338631516009,0.001416022501207373
1800,3,0,0,0,0,0,0,0,0
1850,0,-0.0001283943264802006,-3.381155547709671e-05,-4.885671851168702e-06,0.0006056443197983862,-0.001254491996782541,9.385571422688723e-05,0.0001922422628504,0.001415617670474589
1850,1,-2.224444002722316e-05,6.467383200257947e-07,0.0005861884966245896,2.003812192572247e-05,0.0005201038467998794,5.503079811358311e-05,-0.000115711857281702,0.0007946315796647634
1850,2,-5.046737902553504e-05,-1.67263370079026e-06,0.0006313018140507063,8.457030681247062e-05,0.001208929579770846,-0.0001457902470231794,-0.0003376254671029365,0.001415980350243514
1850,3,0,0,0,0,0,0,0,0
1900,0,-0.0001287022920157547,-3.381715539309587e-05,-4.885681361238497e-06,0.0006056430358461672,-0.001254570197236456,9.303549897448375e-05,0.0001906018146153303,0.00141543854416867
1900,1,-2.234202783233082e-05,6.460425316284261e-07,0.0005861884717967119,2.003747779793918e-05,0.0005199175853822578,5.476979367597943e-05,-0.0001162338372682078,0.0007945705376979439
1900,2,-5.051559233317599e-05,-1.672917312792471e-06,0.000631301787948106,8.456992529630661e-05,0.001208828720681599,-0.0001459188499255531,-0.0003378826348683623,0.001415970517032788
1900,3,0,0,0,0,0,0,0,0
1950,0,-0.0001289954553801848,-3.382232490873742e-05,-4.885689706584507e-06,0.0006056419943666962,-0.001254643715219196,9.227604871193624e-05,0.0001890829118119416,0.001415276630669619
1950,1,-2.244066125487258e-05,6.457054654944745e-07,0.0005861884149170296,2.003682737368903e-05,0.0005196799406323819,5.451256107070806e-05,-0.0001167482105937485,0.0007944755107202819
1950,2,-5.051893972537208e-05,-1.672776705673882e-06,0.000631301785113452,8.456993421556585e-05,0.001208812866216311,-0.0001459277259965891,-0.0003379003792883345,0.001415962249560831
1950,3,0,0,0,0,0,0,0,0
2000,0,-0.0001294430316934078,-3.383046083947946e-05,-4.88569769083756e-06,0.0006056411097430478,-0.001254756755466373,9.11471835398643e-05,0.000186825169246093,0.001415044518984081
2000,1,-2.255084741678033e-05,6.451273816876638e-07,0.0005861883833092429,2.003648878267842e-05,0.0005194833127414569,5.423364760206412e-05,-0.0001173060020101113,0.0007944130772933281
2000,2,-5.055125033619896e-05,-1.67283804528023e-06,0.0006313017741532325,8.456992182811319e-05,0.001208737268963444,-0.0001460098357403012,-0.0003380645764652252,0.001415946518905089
2000,3,0,0,0,0,0,0,0,0
2050,0,-0.0001304127627509485,-3.385172518358486e-05,-4.885704938914388e-06,0.0006056409682753253,-0.001254938289868255,8.874987364261509e-05,0.0001820305530417291,0.001414517604783405
2050,1,-2.251381513236573e-05,6.452988864646162e-07,0.0005861883845721254,2.003648594175773e-05,0.0005195123217997832,5.432403328976851e-05,-0.0001171252409907913,0.0007944105024673703
2050,2,-5.049904553280473e-05,-1.67205632892428e-06,0.000631301774292499,8.456992894090193e-05,0.001208745535358161,-0.0001458805672606346,-0.0003378060403148045,0.001415876683367502
2050,3,0,0,0,0,0,0,0,0
2100,0,-0.0001308147530949539,-3.386251547903693e-05,-4.885711995197487e-06,0.0006056404632792409,-0.001255003668207683,8.778310571994365e-05,0.0001800970104321684,0.001414304926299784
2100,1,-2.254197210178234e-05,6.456756632774776e-07,0.0005861883704366671,2.00363470577607e-05,0.0005194512483925218,5.425592577205084e-05,-0.0001172614085398999,0.0007943867830676735
2100,2,-5.048805334097109e-05,-1.671680790518958e-06,0.0006313017763814788,8.456993827814035e-05,0.001208750407441521,-0.0001458541255818154,-0.000337753154467584,0.001415865110863916
2100,3,0,0,0,0,0,0,0,0
2150,0,-0.0001309634064822605,-3.386425066153592e-05,-4.885718472180474e-06,0.0006056400703766747,-0.001255051395317086,8.743445773269061e-05,0.0001793997151641105,0.001414250689760658
2150,1,-2.25897824756076e-05,6.454427326487893e-07,0.0005861883504890803,2.003618629663295e-05,0.0005193579929707295,5.414278852473112e-05,-0.0001174876435419079,0.0007943528552701798
2150,2,-5.049221397353196e-05,-1.6716845722112e-06,0.0006313017731895005,8.456991702089971e-05,0.001208734133903393,-0.0001458639127226735,-0.0003377727259659101,0.001415857040736381
2150,3,0,0,0,0,0,0,0,0
2200,0,-0.0001312015175638167,-3.386807605139365e-05,-4.885723202456773e-06,0.0006056395354826141,-0.001255108832413081,8.688683972973851e-05,0.0001783044781095783,0.001414151333150296
2200,1,-2.258993190592372e-05,6.455537667954363e-07,0.000586188326716051,2.003609056485706e-05,0.0005193236796404897,5.414316835023477e-05,-0.000117486820382348,0.0007943303097228262
2200,2,-5.04957375006269e-05,-1.671588604966599e-06,0.0006313017716809258,8.456991930055432e-05,0.001208720547374733,-0.0001458718510066923,-0.0003377885956597106,0.001415850170679061
2200,3,0,0,0,0,0,0,0,0
2250,0,-0.0001314405938032001,-3.387129316811155e-05,-4.885729663367602e-06,0.0006056392379409369,-0.001255170420385133,8.63491352301163e-05,0.0001772290734836244,0.001414060024518367
2250,1,-2.26049224666992e-05,6.453965851682605e-07,0.0005861883149305651,2.003600001636273e-05,0.0005192919372593656,5.410911452524988e-05,-0.0001175549047139312,0.0007943177254184005
2250,2,-5.049423788126985e-05,-1.671621094899126e-06,0.0006313017687515535,8.456991049473463e-05,0.001208711223590168,-0.000145868443931502,-0.0003377817788869645,0.001415840178297714
2250,3,0,0,0,0,0,0,0,0
2300,0,-0.000131611625691429,-3.387380505466075e-05,-4.885736787993303e-06,0.0006056390667789649,-0.001255202651492448,8.597405851266677e-05,0.0001764789222088326,0.001413987853326075
2300,1,-2.263002952604768e-05,6.453725510567498e-07,0.0005861882979394307,2.003591854021018e-05,0.0005192375363845306,5.405399096331671e-05,-0.0001176651264929294,0.0007942954290044053
2300,2,-5.049983460911034e-05,-1.671662824731209e-06,0.0006313017677834579,8.456990285986105e-05,0.001208704771699426,-0.0001458807979647017,-0.0003378064865468834,0.001415842036713602
2300,3,0,0,0,0,0,0,0,0
2350,0,-0.0001318561266487299,-3.387790458971846e-05,-4.885740320399115e-06,0.0006056388278806038,-0.001255243992057555,8.54486258425157e-05,0.0001754280559894143,0.001413884705671736
2350,1,-2.267817001582333e-05,6.452177176063625e-07,0.0005861882869176389,2.003584075800533e-05,0.0005191723291335963,5.395050846957287e-05,-0.0001178720703825943,0.0007942778153857087
2350,2,-5.048762375984708e-05,-1.671492861138341e-06,0.000631301768691854,8.456991816039266e-05,0.001208706032249436,-0.0001458542381908436,-0.000337753363542985,0.001415827268430519
2350,3,0,0,0,0,0,0,0,0
2400,0,-0.0001320652719353142,-3.388089908448523e-05,-4.88574464597373e-06,0.0006056386895183219,-0.001255291386910734,8.500704635666411e-05,0.0001745448999184722,0.001413810394001418
2400,1,-2.27078192059225e-05,6.452254224644584e-07,0.0005861882795948836,2.003580487841989e-05,0.0005191242720342378,5.388854986813751e-05,-0.0001179959714979681,0.0007942614361104204
2400,2,-5.048538623756753e-05,-1.671247544965117e-06,0.0006313017686161194,8.456991615679741e-05,0.001208699192372291,-0.000145849340204762,-0.0003377435675063731,0.001415818507486057
2400,3,0,0,0,0,0,0,0,0
2450,0,-0.0001323919430072657,-3.388640345818668e-05,-4.885745526031197e-06,0.0006056385681746477,-0.001255340091210595,8.433287026882489e-05,0.0001731965451860529,0.001413678068569835
2450,1,-2.270010930558164e-05,6.451448823858597e-07,0.0005861882724728776,2.003579077136618e-05,0.000519121721359257,5.390402585671483e-05,-0.0001179650042805971,0.0007942559931762907
2450,2,-5.046962566620779e-05,-1.671093938462218e-06,0.0006313017666022431,8.456990178420994e-05,0.001208697905063398,-0.000145816889541618,-0.0003376786610376031,0.001415798020048457
2450,3,0,0,0,0,0,0,0,0
2500,0,-0.0001324126197149322,-3.388664974193139e-05,-4.885745962301895e-06,0.0006056385487188627,-0.001255343053765502,8.42911570892518e-05,0.0001731131222167273,0.001413669927522958
2500,1,-2.267852047846056e-05,6.452009962555505e-07,0.0005861882635698457,2.003576370915165e-05,0.0005191217387289646,5.39476748306547e-05,-0.0001178777238122284,0.0007942453857351813
2500,2,-5.046665561900521e-05,-1.671073658109575e-06,0.0006313017666986076,8.456989596041962e-05,0.001208698674384783,-0.0001458108497792957,-0.0003376665752872696,0.001415795066100742
2500,3,0,0,0,0,0,0,0,0
2550,0,-0.0001325732223515631,-3.388855093947607e-05,-4.885747736090992e-06,0.0006056383963893262,-0.001255382649991724,8.397341284481659e-05,0.0001724776321465622,0.001413623534197618
2550,1,-2.270124251383078e-05,6.450718155651646e-07,0.0005861882589949464,2.00357246380136e-05,0.0005190947778263565,5.390261092705772e-05,-0.0001179678424327887,0.0007942387295103476
2550,2,-5.047204801724813e-05,-1.671094386984684e-06,0.0006313017664920892,8.456988861890753e-05,0.001208693800986552,-0.0001458215403188069,-0.00033768795588087,0.001415797297756929
2550,3,0,0,0,0,0,0,0,0
2600,0,-0.0001327262787582175,-3.389092631339713e-05,-4.885749295181932e-06,0.0006056383136701343,-0.001255406113536219,8.367553710929912e-05,0.0001718818791834,0.001413568527980523
2600,1,-2.273838291806621e-05,6.448666591711459e-07,0.0005861882533962554,2.003565857172189e-05,0.0005190465292729744,5.383061364241557e-05,-0.000118111828926654,0.0007942247695663557
2600,2,-5.046538644587349e-05,-1.670835266272241e-06,0.0006313017651871387,8.456987403284107e-05,0.001208683552142885,-0.0001458084999334572,-0.0003376618721319079,0.001415780744680178
2600,3,0,0,0,0,0,0,0,0
2650,0,-0.0001328438826113219,-3.389275987051126e-05,-4.885750535147987e-06,0.0006056381056538764,-0.00125542371840874,8.345179163024135e-05,0.0001714343876146989,0.001413527596272372
2650,1,-2.278038770256945e-05,6.447646116924274e-07,0.0005861882472025341,2.003557405935021e-05,0.0005190001445900868,5.375042920097061e-05,-0.00011827218254522,0.0007942140864146016
2650,2,-5.046927368651001e-05,-1.670819049928783e-06,0.0006313017643256664,8.456986331362154e-05,0.001208676800250462,-0.0001458158436183602,-0.0003376765581082261,0.001415779376970145
2650,3,0,0,0,0,0,0,0,0
2700,0,-0.0001329048184273682,-3.389379686482955e-05,-4.885751864972141e-06,0.0006056380519188696,-0.001255427207951074,8.333746103508856e-05,0.0001712057254541622,0.001413501966052536
2700,1,-2.27856275154543e-05,6.447452422446416e-07,0.0005861882455036128,2.003554763882516e-05,0.0005189871773366881,5.37405674914168e-05,-0.0001182919123028077,0.0007942080320696521
2700,2,-5.047243804853814e-05,-1.670790872281707e-06,0.0006313017601268871,8.456984548168864e-05,0.001208663264115487,-0.0001458217142660469,-0.0003376882938691922,0.001415771334587222
2700,3,0,0,0,0,0,0,0,0
2750,0,-0.0001329475548065627,-3.389424431972509e-05,-4.885752352617572e-06,0.0006056379981582663,-0.001255436558030262,8.325939642072364e-05,0.0001710495958023447,0.001413490774668024
2750,1,-2.281159789715531e-05,6.446471264247603e-07,0.0005861882367163464,2.003552256500855e-05,0.0005189527791931339,5.369317389304547e-05,-0.0001183866984877855,0.0007941972109819044
2750,2,-5.047109535262362e-05,-1.670789569446242e-06,0.0006313017594930931,8.456984129940149e-05,0.001208663050193194,-0.0001458192130433615,-0.0003376832925337846,0.001415769653033896
2750,3,0,0,0,0,0,0,0,0
2800,0,-0.0001329905799153623,-3.389463884325438e-05,-4.885753215482439e-06,0.0006056379578647189,-0.001255445729912247,8.318153380440839e-05,0.0001708938708659244,0.001413479540318875
2800,1,-2.282087024951053e-05,6.445760638059609e-07,0.0005861882312495136,2.003547581687115e-05,0.0005189365808440459,5.367667021635614e-05,-0.0001184197010533167,0.0007941906923435141
2800,2,-5.047326581032372e-05,-1.670793344687581e-06,0.0006313017593450741,8.456983690097275e-05,0.001208661305174876,-0.0001458231125291699,-0.000337691091856047,0.001415770502260611
2800,3,0,0,0,0,0,0,0,0
2850,0,-0.0001329923896260287,-3.389470758554872e-05,-4.885753708109995e-06,0.0006056379545677659,-0.00125544369377229,8.317805122492004e-05,0.0001708869057476756,0.001413476855310082
2850,1,-2.283239902947493e-05,6.446187755719616e-07,0.000586188225304095,2.00354624079091e-05,0.000518910979758672,5.365624924967774e-05,-0.0001184605350670725,0.0007941790009713778
2850,2,-5.047225864831381e-05,-1.670775311563371e-06,0.0006313017592321801,8.456983792925158e-05,0.001208660187149651,-0.0001458213235955118,-0.0003376875122967217,0.001415768473818073
2850,3,0,0,0,0,0,0,0,0
2900,0,-0.0001330323550442897,-3.389515343099305e-05,-4.885753842554286e-06,0.0006056378833894796,-0.001255449462266533,8.310854374939172e-05,0.0001707478911893184,0.001413464831538765
2900,1,-2.285769343388228e-05,6.445112799400218e-07,0.0005861882200131128,2.003541859675066e-05,0.0005188856674321179,5.361223003394951e-05,-0.0001185485690250282,0.0007941733482798106
2900,2,-5.048022316964767e-05,-1.670792043214782e-06,0.0006313017577683766,8.456982832240322e-05,0.001208649753987558,-0.0001458352097765137,-0.0003377152836882315,0.001415767904270541
2900,3,0,0,0,0,0,0,0,0
2950,0,-0.0001330677571419319,-3.389545399429471e-05,-4.885754624419619e-06,0.0006056378529738602,-0.001255456979244443,8.304787603563225e-05,0.0001706265563097809,0.001413456616777129
2950,1,-2.286669948174235e-05,6.445271375915313e-07,0.0005861882180907697,2.00353974581354e-05,0.0005188731521134238,5.359689745985706e-05,-0.0001185792310121322,0.0007941689712957993
2950,2,-5.048336722498904e-05,-1.670805080056775e-06,0.0006313017575286259,8.456982498533025e-05,0.001208647604454063,-0.0001458405837593496,-0.0003377260313557082,0.001415769298364624
2950,3,0,0,0,0,0,0,0,0
3000,0,-0.0001330948654083601,-3.389574237293601e-05,-4.885755628801515e-06,0.0006056378106094374,-0.00125546117078799,8.300227964490499e-05,0.0001705353632050398,0.00141344919706476
3000,1,-2.287839494568649e-05,6.44520223058787e-07,0.0005861882156581602,2.003536369776468e-05,0.00051885750590263,5.357729298209238e-05,-0.0001186184358938005,0.0007941636150222991
3000,2,-5.048311563299358e-05,-1.670775246281621e-06,0.0006313017565001587,8.456981771658732e-05,0.001208645933573447,-0.0001458401252257839,-0.0003377251118155657,0.001415767595441808
3000,3,0,0,0,0,0,0,0,0
3050,0,-0.0001331829085111974,-3.389714021194678e-05,-4.885756445036824e-06,0.0006056376673567842,-0.001255468634291603,8.2856941316475e-05,0.0001702446853711338,0.001413420523157534
3050,1,-2.288695100003892e-05,6.445159571350693e-07,0.0005861882141232,2.003534001265732e-05,0.0005188479595155571,5.356308858682048e-05,-0.000118646842610748,0.0007941609081081635
3050,2,-5.048186224144949e-05,-1.670759222365148e-06,0.0006313017564956423,8.456982468908153e-05,0.001208645514411513,-0.0001458380369479345,-0.0003377209353155154,0.0014157659819096
3050,3,0,0,0,0,0,0,0,0
3100,0,-0.0001332173410351958,-3.389741561045975e-05,-4.885757010981967e-06,0.0006056376445208142,-0.001255476467713031,8.28010204578604e-05,0.0001701328431994579,0.001413413979032693
3100,1,-2.289192596717422e-05,6.444905476758622e-07,0.0005861882127734109,2.003533064533101e-05,0.0005188428460836585,5.355502325614668e-05,-0.0001186629680975329,0.0007941595748695469
3100,2,-5.048482028031155e-05,-1.670765422526415e-06,0.0006313017558690072,8.456982162729125e-05,0.001208642770070452,-0.0001458428516578529,-0.0003377305645616618,0.001415766537071563
3100,3,0,0,0,0,0,0,0,0
3150,0,-0.000133276564188026,-3.38982083313341e-05,-4.885757386430151e-06,0.0006056375921219979,-0.001255482879160388,8.270622689751663e-05,0.000169943255494966,0.001413396895647899
3150,1,-2.290309705630647e-05,6.444469689819063e-07,0.0005861882115104374,2.003532165224909e-05,0.0005188343145517124,5.353715980572895e-05,-0.0001186986923615511,0.0007941584562283099
3150,2,-5.048474005923828e-05,-1.670745325801062e-06,0.0006313017557558665,8.456982019497962e-05,0.001208641001169571,-0.0001458427375796272,-0.000337730336158223,0.001415764957700074
3150,3,0,0,0,0,0,0,0,0
3200,0,-0.0001332837739653408,-3.389826839020232e-05,-4.885757781583594e-06,0.0006056375895707247,-0.001255484233763473,8.269491420429093e-05,0.0001699206302703412,0.001413395396974186
3200,1,-2.291096410154188e-05,6.444418251879271e-07,0.0005861882101374093,2.003529963217836e-05,0.0005188223304840769,5.352475074019691e-05,-0.0001187235037771336,0.0007941537246759136
3200,2,-5.04776322181056e-05,-1.670727602281145e-06,0.00063130175564987,8.456982424989255e-05,0.001208643840779658,-0.0001458315234753837,-0.0003377079051495536,0.001415760622718258
3200,3,0,0,0,0,0,0,0,0
3250,0,-0.0001333129563437817,-3.389861733381514e-05,-4.885758257590939e-06,0.0006056375750227334,-0.001255487354994543,8.264971235970981e-05,0.000169830226347888,0.001413387414258788
3250,1,-2.291416583249793e-05,6.444396788901889e-07,0.000586188209105792,2.003529567741045e-05,0.0005188184454528039,5.351979528104227e-05,-0.000118733412024563,0.0007941524254359608
3250,2,-5.047801334521195e-05,-1.670719676531958e-06,0.0006313017554360279,8.456982408636319e-05,0.001208642885479398,-0.0001458321013452181,-0.0003377090600876345,0.001415760155664132
3250,3,0,0,0,0,0,0,0,0
3300,0,-0.0001334075684790164,-3.390059481460219e-05,-4.885758445024085e-06,0.0006056375609203234,-0.001255492311588946,8.250500234372599e-05,0.0001695408060586179,0.001413357584010171
3300,1,-2.291595019754498e-05,6.444454546527038e-07,0.0005861882086353271,2.003529360919723e-05,0.0005188153073484321,5.351707075726343e-05,-0.0001187388598297869,0.0007941510573257865
3300,2,-5.047868115497917e-05,-1.670723931176043e-06,0.0006313017554225394,8.45698236397024e-05,0.00120864245472128,-0.0001458331201908176,-0.0003377110977670306,0.001415760402714356
3300,3,0,0,0,0,0,0,0,0
3350,0,-0.0001335249127358661,-3.390371751938358e-05,-4.885758559492329e-06,0.0006056375538037076,-0.001255495371357415,8.232887203208188e-05,0.0001691885452051344,0.001413318971816126
3350,1,-2.291889396979877e-05,6.444451187173912e-07,0.0005861882083342607,2.003528944078098e-05,0.0005188129484034135,5.351261591907557e-05,-0.0001187477692114218,0.0007941506328207836
3350,2,-5.047548385494514e-05,-1.670671465391194e-06,0.0006313017554214879,8.456982417735636e-05,0.001208642690243325,-0.0001458283124041583,-0.0003377014821938779,0.001415757700888957
3350,3,0,0,0,0,0,0,0,0
3400,0,-0.0001336265447373654,-3.390993641691355e-05,-4.885758603119577e-06,0.0006056375532000265,-0.001255496578489714,8.217786840321961e-05,0.0001688865380514153,0.001413284888873845
3400,1,-2.292418525808624e-05,6.44461117725806e-07,0.0005861882081820764,2.00352882028033e-05,0.000518809074060888,5.350481800241043e-05,-0.000118763364679207,0.000794150061041536
3400,2,-5.047609845359351e-05,-1.670672913062379e-06,0.0006313017554146604,8.456982417447672e-05,0.001208642327795274,-0.000145829218526003,-0.000337703294434132,0.001415757938985179
3400,3,0,0,0,0,0,0,0,0
3450,0,-0.0001336396580193043,-3.391003238333152e-05,-4.885758722294214e-06,0.0006056375477818991,-0.00125549910197184,8.215872615597448e-05,0.0001688482536619732,0.001413282683157791
3450,1,-2.293204188652425e-05,6.444423768508901e-07,0.0005861882074735573,2.003528302528088e-05,0.0005188023494706424,5.349332471344683e-05,-0.0001187863498766922,0.0007941485575886998
3450,2,-5.047440650195374e-05,-1.670674462348702e-06,0.0006313017553696449,8.45698255131443e-05,0.001208642766529522,-0.0001458267384976924,-0.0003376983341525529,0.001415756814647001
3450,3,0,0,0,0,0,0,0,0
3500,0,-0.0001336509011780839,-3.391009448311288e-05,-4.885758553969825e-06,0.0006056375398257001,-0.001255501664611594,8.21426157735942e-05,0.000168816032821864,0.001413281235381927
3500,1,-2.293817422905848e-05,6.444281080750366e-07,0.0005861882061725299,2.003527047717681e-05,0.0005187967714598671,5.348450432246774e-05,-0.0001188039885882875,0.0007941471338660733
3500,2,-5.047150075149264e-05,-1.670663351551046e-06,0.0006313017553553018,8.456983039685669e-05,0.001208644168023797,-0.0001458225580219621,-0.0003376899733534387,0.001415755482935394
3500,3,0,0,0,0,0,0,0,0
3550,0,-0.0001336570369066064,-3.391013617636546e-05,-4.885758594254818e-06,0.0006056375344994082,-0.001255502656054894,8.213391532153895e-05,0.000168798631998013,0.001413280111037107
3550,1,-2.294609016235739e-05,6.444080550439216e-07,0.0005861882053762494,2.003526196728173e-05,0.0005187904794249399,5.347326901919437e-05,-0.000118826457788452,0.0007941458564218005
3550,2,-5.047228696501069e-05,-1.670665480351976e-06,0.0006313017552437948,8.456982922271489e-05,0.001208643445841977,-0.0001458236773670736,-0.0003376922117737661,0.001415755543522102
3550,3,0,0,0,0,0,0,0,0
3600,0,-0.0001336788744548387,-3.391038436693215e-05,-4.885758660220496e-06,0.0006056375241886078,-0.001255504148947234,8.21034216317596e-05,0.0001687376444640734,0.001413274449465871
3600,1,-2.295268626254871e-05,6.443909620971305e-07,0.0005861882046022897,2.003525424359611e-05,0.000518784560322499,5.346402330820003e-05,-0.0001188449481491293,0.0007941443239057482
3600,2,-5.04712436648537e-05,-1.670652594422584e-06,0.0006313017551224244,8.456982982481956e-05,0.001208643304163305,-0.0001458222197691441,-0.0003376892961283323,0.001415754539760075
3600,3,0,0,0,0,0,0,0,0
3650,0,-0.0001336980497974938,-3.391058326466697e-05,-4.885758756878211e-06,0.0006056375179096986,-0.001255506132401535,8.207690840311285e-05,0.0001686846180138693,0.00141327015735167
3650,1,-2.295958091334558e-05,6.443711297504059e-07,0.0005861882042262883,2.003524927186e-05,0.0005187799951679865,5.345453217468958e-05,-0.0001188639298063466,0.0007941437425068679
3650,2,-5.04716818005982e-05,-1.670654108407719e-06,0.0006313017551095561,8.4569829581972e-05,0.001208643062736153,-0.00014582282334169,-0.0003376905032640968,0.001415754699349851
3650,3,0,0,0,0,0,0,0,0
3700,0,-0.0001337084977609227,-3.391065217932577e-05,-4.885758890588133e-06,0.0006056375007784449,-0.001255508243275479,8.206269057342527e-05,0.0001686561820802309,0.001413268795935337
3700,1,-2.296464396619008e-05,6.443587059617439e-07,0.0005861882039624285,2.003524107250775e-05,0.0005187766445384949,5.344764867640052e-05,-0.0001188776961525308,0.0007941432969750209
3700,2,-5.047283967343464e-05,-1.670656640405667e-06,0.0006313017550400991,8.456982623428991e-05,0.00120864222638605,-0.0001458243974870534,-0.0003376936514206447,0.001415754939451039
3700,3,0,0,0,0,0,0,0,0
3750,0,-0.0001337281263293441,-3.391090072663043e-05,-4.88575886682623e-06,0.0006056374607157571,-0.00125550976491976,8.203629647681449e-05,0.0001686033935040711,0.001413264162664282
3750,1,-2.29693643490746e-05,6.443422828881627e-07,0.0005861882037949233,2.003523760423958e-05,0.0005187741554858163,5.344131692097906e-05,-0.0001188903591376511,0.0007941432768335352
3750,2,-5.047264783368537e-05,-1.67065654264301e-06,0.0006313017550372546,8.456982574983987e-05,0.001208642326884168,-0.0001458241462285085,-0.0003376931489300521,0.001415754872640969
3750,3,0,0,0,0,0,0,0,0
3800,0,-0.0001337356369946772,-3.391096833595735e-05,-4.8857589120099e-06,0.0006056374574244929,-0.001255510593136663,8.202635640897617e-05,0.0001685835133438547,0.001413262660812586
3800,1,-2.297566128563399e-05,6.443132721271503e-07,0.0005861882034670201,2.003523306805597e-05,0.0005187713754218894,5.343296898901049e-05,-0.0001189070542899967,0.000794143580400366
3800,2,-5.047347521120614e-05,-1.670658249669275e-06,0.0006313017549503337,8.456982564880553e-05,0.001208641582603141,-0.0001458252453486768,-0.0003376953470626811,0.0014157549042185
3800,3,0,0,0,0,0,0,0,0
3850,0,-0.0001337331122927091,-3.391097260215338e-05,-4.885758785753752e-06,0.000605637455687811,-0.001255509342605435,8.202969629924736e-05,0.0001685901917557257,0.001413262300833765
3850,1,-2.297669161383671e-05,6.443007648152529e-07,0.0005861882022560137,2.003523040272628e-05,0.0005187699043129992,5.343165359102232e-05,-0.0001189096837201101,0.0007941429534480719
3850,2,-5.047403183666467e-05,-1.670659151825119e-06,0.0006313017548678969,8.456982551780218e-05,0.001208641299673296,-0.000145825973632458,-0.0003376968035242517,0.001415755104900404
3850,3,0,0,0,0,0,0,0,0
3900,0,-0.0001337390458362101,-3.391102456405647e-05,-4.885758813043581e-06,0.000605637450455315,-0.001255509927272726,8.202204687515237e-05,0.0001685748928596368,0.001413261111811243
3900,1,-2.298379202119131e-05,6.442797581558953e-07,0.0005861882020012373,2.003522400320523e-05,0.0005187659576878544,5.342249735912008e-05,-0.0001189279959839259,0.000794142706613249
3900,2,-5.047351855961257e-05,-1.670656869737441e-06,0.0006313017548485084,8.456982536898614e-05,0.001208641440895235,-0.0001458253120398272,-0.0003376954802112703,0.001415754823351789
3900,3,0,0,0,0,0,0,0,0
3950,0,-0.0001337314794165315,-3.391098272640183e-05,-4.885758354409221e-06,0.0006056374540064438,-0.001255508105136438,8.203170282292371e-05,0.0001685942039694763,0.00141326164159717
3950,1,-2.298386042101857e-05,6.442682828679856e-07,0.0005861882012180546,2.003521843380607e-05,0.0005187644201256466,5.342242217361947e-05,-0.0001189281482149468,0.0007941417212081564
3950,2,-5.047490208357737e-05,-1.670660710859529e-06,0.0006313017546048373,8.456982425683325e-05,0.001208639928010605,-0.0001458270786646038,-0.0003376990133245322,0.001415754605658491
3950,3,0,0,0,0,0,0,0,0
4000,0,-0.0001337392048427508,-3.391108171540741e-05,-4.8857584045386e-06,0.0006056374511619546,-0.001255508261152283,8.202201197703236e-05,0.0001685748223455134,0.001413259637950305
4000,1,-2.298670133955926e-05,6.442577971983084e-07,0.0005861882010689281,2.003521492393643e-05,0.0005187633048278711,5.341884386692438e-05,-0.0001189353045397091,0.0007941419057057905
4000,2,-5.047407446649226e-05,-1.670657763456426e-06,0.0006313017546378157,8.456982463296732e-05,0.001208640182628864,-0.0001458260347288493,-0.0003376969253966242,0.00141575418799665
4000,3,0,0,0,0,0,0,0,0
4050,0,-0.0001337496684168217,-3.391120430692143e-05,-4.885758458172957e-06,0.0006056374474926987,-0.001255508773739787,8.200903433436464e-05,0.0001685488670369987,0.00141325723605076
4050,1,-2.298974630712957e-05,6.442489249973759e-07,0.0005861882009219826,2.003521037207737e-05,0.0005187618693626277,5.341504946322614e-05,-0.0001189428929743675,0.0007941419372187986
4050,2,-5.047354390504027e-05,-1.670655196091527e-06,0.0006313017546541019,8.456982513650307e-05,0.00120864033759199,-0.0001458253728222581,-0.000337695601700357,0.001415753917493108
4050,3,0,0,0,0,0,0,0,0
4100,0,-0.0001337523492939167,-3.39112597241181e-05,-4.885758488272303e-06,0.0006056374459538035,-0.001255508402394489,8.200572626932464e-05,0.0001685422508799657,0.001413256179541055
4100,1,-2.299136805449885e-05,6.44244941717723e-07,0.0005861882007301292,2.003520953597495e-05,0.0005187611506873949,5.341305434892899e-05,-0.0001189468826559314,0.0007941419779132034
4100,2,-5.047309025262854e-05,-1.670651136034492e-06,0.0006313017546487367,8.456982515090371e-05,0.001208640341063153,-0.0001458248187926628,-0.0003376944935180162,0.001415753582879822
4100,3,0,0,0,0,0,0,0,0
4150,0,-0.0001337590865625878,-3.391132268731172e-05,-4.885758505655176e-06,0.0006056374421372983,-0.001255508897320411,8.199756264692386e-05,0.0001685259235755052,0.00141325483598924
4150,1,-2.299295097463293e-05,6.442400819057823e-07,0.000586188200621316,2.003520836847108e-05,0.0005187602688843697,5.341113014862214e-05,-0.00011895073083958,0.0007941418945791967
4150,2,-5.047271188270164e-05,-1.670646235939126e-06,0.0006313017546443873,8.456982529836448e-05,0.001208640290515176,-0.000145824356766584,-0.0003376935694661524,0.001415753258238704
4150,3,0,0,0,0,0,0,0,0
4200,0,-0.0001337925538167231,-3.391235006761651e-05,-4.885758519514383e-06,0.0006056374389498783,-0.001255508993470195,8.195748960413774e-05,0.000168445777405692,0.001413246233234163
4200,1,-2.299370369770522e-05,6.442365655547674e-07,0.0005861882005552243,2.003520791161568e-05,0.0005187600787998286,5.341022536215767e-05,-0.000118952540393062,0.0007941420023348014
4200,2,-5.0471528338635e-05,-1.670618015439044e-06,0.0006313017546450677,8.456982565335178e-05,0.001208640375814258,-0.0001458229366147571,-0.0003376907291624986,0.001415752465094111
4200,3,0,0,0,0,0,0,0,0
4250,0,-0.0001338199794265813,-3.391334656824388e-05,-4.885758548195945e-06,0.0006056374389498783,-0.001255509199446658,8.192503002387946e-05,0.000168380858274254,0.001413239418476686
4250,1,-2.299421150714085e-05,6.442344871432199e-07,0.0005861882005381607,2.003520791161568e-05,0.000518759956258304,5.340962401449391e-05,-0.0001189537430711675,0.000794142076679146
4250,2,-5.0471528338635e-05,-1.670618015439044e-06,0.0006313017546450677,8.456982565335178e-05,0.001208640375814258,-0.0001458229366147571,-0.0003376907291624986,0.001415752465094111
4250,3,0,0,0,0,0,0,0,0
4300,0,-0.0001338199905098609,-3.391340682265914e-05,-4.885758111511871e-06,0.0006056374397926756,-0.001255507987732338,8.192496825507656e-05,0.0001683807349578936,0.001413238326582459
4300,1,-2.299433428902249e-05,6.442338585945169e-07,0.0005861882003486881,2.003520790268903e-05,0.0005187598065606944,5.34094764207542e-05,-0.0001189540376200899,0.0007941420165001645
4300,2,-5.047092853045435e-05,-1.67061449084323e-06,0.0006313017546476535,8.45698257126207e-05,0.001208640491272987,-0.0001458222333516304,-0.0003376893225927261,0.001415752134343852
4300,3,0,0,0,0,0,0,0,0
4350,0,-0.0001338236857006168,-3.391344967209375e-05,-4.885758147125062e-06,0.0006056374348567086,-0.00125550809744736,8.192071146048346e-05,0.0001683722214919204,0.001413237511796177
4350,1,-2.299130280955644e-05,6.442475851753564e-07,0.0005861882008012019,2.00352099976191e-05,0.0005187606336405484,5.341300078221651e-05,-0.0001189469884041487,0.0007941416505738454
4350,2,-5.04707203195163e-05,-1.670612470799925e-06,0.0006313017546912491,8.456982614425089e-05,0.001208640549750844,-0.0001458219928866435,-0.0003376888416462191,0.001415752037402644
4350,3,0,0,0,0,0,0,0,0
4400,0,-0.0001338369858893089,-3.391367590049477e-05,-4.885758155065886e-06,0.0006056374287218265,-0.001255508207435758,8.190553302106344e-05,0.0001683418645522056,0.001413234375659424
4400,1,-2.299263324405927e-05,6.442424530302836e-07,0.0005861882007563575,2.003520871987565e-05,0.0005187600294397377,5.341147718292664e-05,-0.000118950035581633,0.0007941416482783851
4400,2,-5.047078628454275e-05,-1.670611800091725e-06,0.0006313017546884622,8.456982607070301e-05,0.001208640502044316,-0.0001458220687496356,-0.0003376889933701045,0.001415752043023778
4400,3,0,0,0,0,0,0,0,0
4450,0,-0.0001338489358763726,-3.391399623131976e-05,-4.885758258457426e-06,0.0006056374283661043,-0.001255508451445173,8.189199658530154e-05,0.0001683147917881743,0.001413231722661561
4450,1,-2.299351172421934e-05,6.442395488955603e-07,0.0005861882006928752,2.003520850160688e-05,0.0005187598082607098,5.341048624954917e-05,-0.0001189520173747466,0.000794141759374789
4450,2,-5.047014926754869e-05,-1.670607421404795e-06,0.0006313017547694798,8.456982607070301e-05,0.001208640598139575,-0.0001458213514479281,-0.0003376875587666895,0.001415751686316494
4450,3,0,0,0,0,0,0,0,0
4500,0,-0.000133852807227445,-3.391403466435409e-05,-4.885758273373467e-06,0.0006056374281288311,-0.001255508557520267,8.188766129919337e-05,0.0001683061213113961,0.001413230900555479
4500,1,-2.299477330775345e-05,6.442358289642734e-07,0.0005861882006226493,2.00352082279832e-05,0.0005187593369690999,5.340907584674564e-05,-0.0001189548380574439,0.0007941418156286272
4500,2,-5.047026039053651e-05,-1.670607741739505e-06,0.0006313017547613551,8.456982604745926e-05,0.001208640548503563,-0.0001458214755386287,-0.0003376878069467507,0.001415751719876173
4500,3,0,0,0,0,0,0,0,0
4550,0,-0.0001338586993993772,-3.391410529283496e-05,-4.885758291204483e-06,0.0006056374262336562,-0.001255508604421671,8.188113865549928e-05,0.000168293076012692,0.001413229569712544
4550,1,-2.29959568170089e-05,6.442322796088916e-07,0.0005861882005663949,2.003520758045702e-05,0.0005187589439214843,5.340776893250888e-05,-0.0001189574517893669,0.0007941418967088448
4550,2,-5.046949045338432e-05,-1.670605057940485e-06,0.0006313017547765022,8.456982648274456e-05,0.001208640705324429,-0.0001458206246734979,-0.0003376861053296929,0.001415751332827603
4550,3,0,0,0,0,0,0,0,0
4600,0,-0.0001338618628415432,-3.391414735375847e-05,-4.885758279252562e-06,0.0006056374254244148,-0.001255508547871516,8.187767998220732e-05,0.0001682861585462494,0.001413228795644492
4600,1,-2.299571075934079e-05,6.442350788537261e-07,0.0005861882005645684,2.003520766291303e-05,0.0005187590606066029,5.340803572001413e-05,-0.0001189569182170894,0.0007941419038257643
4600,2,-5.04689602359577e-05,-1.670600740244359e-06,0.0006313017547876976,8.456982650883333e-05,0.001208640786038551,-0.0001458200440813035,-0.0003376849441130074,0.001415751046060097
4600,3,0,0,0,0,0,0,0,0
4650,0,-0.0001338626589068031,-3.39141555636997e-05,-4.88575824926963e-06,0.0006056374252963093,-0.00125550844058718,8.187681606505497e-05,0.0001682844307102738,0.001413228520078934
4650,1,-2.299669297217819e-05,6.442329051440727e-07,0.0005861882004415993,2.00352072981537e-05,0.0005187584449034633,5.340697335191125e-05,-0.0001189590427250681,0.0007941417767624803
4650,2,-5.046862819613539e-05,-1.670598828470041e-06,0.0006313017547883735,8.456982653360639e-05,0.001208640896645453,-0.0001458196859214282,-0.0003376842277837353,0.001415750920900741
4650,3,0,0,0,0,0,0,0,0
4700,0,-0.0001338650852417136,-3.391417666071419e-05,-4.885758251378542e-06,0.0006056374230901464,-0.001255508549485735,8.187422079600723e-05,0.0001682792401480206,0.001413228077782858
4700,1,-2.299775499500321e-05,6.442292623813573e-07,0.000586188200393091,2.003520610502387e-05,0.0005187580616738301,5.340583624288709e-05,-0.0001189613168654614,0.0007941418212993635
4700,2,-5.046862255953819e-05,-1.670598757667754e-06,0.0006313017547873409,8.45698266905613e-05,0.001208640869018718,-0.0001458196805451873,-0.0003376842170241214,0.001415750894003295
4700,3,0,0,0,0,0,0,0,0
4750,0,-0.0001338675344732216,-3.391420510742762e-05,-4.885758252157636e-06,0.0006056374224913233,-0.001255508597109599,8.18716268483351e-05,0.0001682740522515986,0.001413227584506374
4750,1,-2.299852923028916e-05,6.442272842928661e-07,0.0005861882003724756,2.003520575028927e-05,0.0005187578012005425,5.340501649932332e-05,-0.0001189629562714631,0.0007941418640013187
4750,2,-5.046847142825084e-05,-1.670597590294011e-06,0.0006313017547863026,8.456982672872362e-05,0.001208640892962563,-0.0001458195204558203,-0.000337683896817617,0.001415750816192963
4750,3,0,0,0,0,0,0,0,0
4800,0,-0.000133868497952541,-3.391421165701776e-05,-4.885758250507271e-06,0.0006056374219204737,-0.001255508669419692,8.187061855565865e-05,0.0001682720356555627,0.001413227441396078
4800,1,-2.299900913804678e-05,6.442264394411933e-07,0.0005861882003406425,2.003520543623852e-05,0.0005187576176109756,5.340451345682515e-05,-0.000118963962265936,0.0007941418748117348
4800,2,-5.046831027862411e-05,-1.670596882296519e-06,0.0006313017547973412,8.456982683556243e-05,0.001208640901608595,-0.0001458193513722162,-0.0003376835586496859,0.001415750719765202
4800,3,0,0,0,0,0,0,0,0
4850,0,-0.0001338713719084603,-3.391424049534764e-05,-4.885758252316909e-06,0.0006056374208618562,-0.00125550876074454,8.186763560296596e-05,0.0001682660697377035,0.001413226911857192
4850,1,-2.29995560901692e-05,6.44224974085064e-07,0.0005861882003047486,2.003520496206707e-05,0.0005187573395730929,5.340394706253987e-05,-0.0001189650949757427,0.0007941418405838804
4850,2,-5.046808368718338e-05,-1.670595681018529e-06,0.0006313017547997518,8.456982709003471e-05,0.001208640966571384,-0.0001458191169329138,-0.0003376830897684587,0.001415750631178227
4850,3,0,0,0,0,0,0,0,0
4900,0,-0.0001338728536557776,-3.39142551774113e-05,-4.885758251275492e-06,0.0006056374187932318,-0.001255508806787706,8.186611322515627e-05,0.0001682630249538574,0.001413226641876349
4900,1,-2.299955986634355e-05,6.442254142168144e-07,0.0005861882002659914,2.003520476670786e-05,0.0005187573139737518,5.340394206107212e-05,-0.0001189651048972656,0.0007941418250877468
4900,2,-5.046799414817295e-05,-1.670595207423587e-06,0.0006313017548017183,8.456982713538541e-05,0.001208640977388002,-0.0001458190250584521,-0.0003376829060189141,0.001415750583933104
4900,3,0,0,0,0,0,0,0,0
4950,0,-0.0001338742706759417,-3.391426812124779e-05,-4.885758254591422e-06,0.000605637418029944,-0.001255508841698651,8.186467497146796e-05,0.0001682601484372491,0.001413226381308639
4950,1,-2.299975571667384e-05,6.442253161879893e-07,0.0005861882002430427,2.00352046254264e-05,0.0005187572636394752,5.340374215769709e-05,-0.0001189655046060238,0.0007941418442943129
4950,2,-5.046789003417452e-05,-1.67059457446137e-06,0.0006313017548094036,8.456982720747732e-05,0.001208640999097869,-0.0001458189191482859,-0.0003376826941938478,0.001415750537329919
4950,3,0,0,0,0,0,0,0,0
5000,0,-0.0001338749190215001,-3.391427285497537e-05,-4.885758253256072e-06,0.0006056374176964918,-0.001255508860930788,8.186402194658326e-05,0.0001682588423797558,0.001413226266454898
5000,1,-2.300006516557677e-05,6.442250888411687e-07,0.0005861882002188471,2.003520434067166e-05,0.0005187571278338926,5.340343175996222e-05,-0.0001189661253639005,0.0007941418366379392
5000,2,-5.046781038970601e-05,-1.670594062590216e-06,0.0006313017548090183,8.45698272868673e-05,0.001208641013695959,-0.0001458188387930239,-0.0003376825334813331,0.001415750500348011
5000,3,0,0,0,0,0,0,0,0
5050,0,-0.0001338758048612171,-3.39142789237205e-05,-4.885758253903059e-06,0.0006056374169560342,-0.00125550891531392,8.186314088885165e-05,0.0001682570802615894,0.001413226137679362
5050,1,-2.300056842750977e-05,6.442241060734433e-07,0.0005861882002017177,2.003520368031991e-05,0.0005187569378379571,5.340293051430149e-05,-0.0001189671278268278,0.0007941418435398191
5050,2,-5.046778995206776e-05,-1.670594168287631e-06,0.0006313017548054828,8.456982728121197e-05,0.00120864101368845,-0.0001458188183430591,-0.000337682492574228,0.001415750487747869
5050,3,0,0,0,0,0,0,0,0
5100,0,-0.0001338773214591224,-3.391429547285105e-05,-4.885758254630056e-06,0.0006056374165620355,-0.001255508947098695,8.186164952292082e-05,0.0001682540975192589,0.001413225868306852
5100,1,-2.300084518856562e-05,6.442230980644675e-07,0.0005861882001907729,2.003520356493938e-05,0.0005187568486122683,5.340265732926402e-05,-0.0001189676741779066,0.0007941418567352019
5100,2,-5.046768776071892e-05,-1.670593397064845e-06,0.0006313017548062002,8.456982737077577e-05,0.001208640985926589,-0.0001458187177379683,-0.0003376822913623482,0.001415750402054399
5100,3,0,0,0,0,0,0,0,0
5150,0,-0.0001338780461799829,-3.391430107583257e-05,-4.885758255307581e-06,0.0006056374163939486,-0.001255508976105626,8.186094178150531e-05,0.0001682526820354783,0.001413225753275032
5150,1,-2.300136852637834e-05,6.442218011523526e-07,0.0005861882001778245,2.00352033866384e-05,0.0005187565802031533,5.34021464046619e-05,-0.0001189686960013774,0.0007941418152642765
5150,2,-5.046766029726685e-05,-1.670593398687603e-06,0.0006313017548061512,8.456982737124443e-05,0.001208640985902733,-0.0001458186908397566,-0.0003376822375658761,0.001415750385453156
5150,3,0,0,0,0,0,0,0,0
5200,0,-0.0001338822144846781,-3.391438720717933e-05,-4.885758255837012e-06,0.0006056374161126049,-0.001255508985790096,8.185691868037393e-05,0.0001682446358281581,0.001413224967747428
5200,1,-2.300149353159554e-05,6.442215090734311e-07,0.0005861882001711167,2.00352032383232e-05,0.0005187565333314829,5.340202517907475e-05,-0.0001189689384438003,0.0007941418164260462
5200,2,-5.046765965294968e-05,-1.670593239006222e-06,0.0006313017548061492,8.45698273638344e-05,0.001208640982369006,-0.000145818690253093,-0.0003376822363925488,0.001415750382072491
5200,3,0,0,0,0,0,0,0,0
5250,0,-0.0001338856381810382,-3.391453909500917e-05,-4.885758256123522e-06,0.0006056374160654122,-0.00125550899598651,8.185363792658668e-05,0.0001682380743212808,0.001413224333622055
5250,1,-2.300147079328459e-05,6.44222609138538e-07,0.0005861882001661268,2.003520321443119e-05,0.0005187564981020781,5.340204678555221e-05,-0.0001189688952271965,0.0007941417877299169
5250,2,-5.046758214838226e-05,-1.670589898541876e-06,0.0006313017548059107,8.456982736306152e-05,0.001208640981147129,-0.000145818615895195,-0.0003376820876759761,0.001415750335132168
5250,3,0,0,0,0,0,0,0,0
5300,0,-0.0001338863187397549,-3.391454610048647e-05,-4.88575825768421e-06,0.0006056374159535598,-0.001255508991518296,8.185299302007699e-05,0.0001682367845080175,0.001413224203348773
5300,1,-2.300067231898962e-05,6.442248996033076e-07,0.0005861882001788052,2.003520350743485e-05,0.0005187566732175404,5.340280421079063e-05,-0.0001189673803507674,0.0007941417030065405
5300,2,-5.046751215223265e-05,-1.670589721368681e-06,0.0006313017548063859,8.456982737322867e-05,0.001208640995420467,-0.0001458185493591035,-0.0003376819545989549,0.001415750306228593
5300,3,0,0,0,0,0,0,0,0
5350,0,-0.0001338903677577407,-3.391465648750016e-05,-4.885758257685164e-06,0.0006056374157791655,-0.001255508993082265,8.184919133529321e-05,0.0001682291811334672,0.001413223465608291
5350,1,-2.300052229875856e-05,6.442255091496428e-07,0.0005861882001788144,2.003520362908664e-05,0.0005187567015040892,5.340294564353483e-05,-0.000118967097485279,0.0007941416842785296
5350,2,-5.046747837509646e-05,-1.670589568476768e-06,0.0006313017548063898,8.456982737322867e-05,0.001208641001793512,-0.0001458185174938807,-0.0003376818908685092,0.001415750291982199
5350,3,0,0,0,0,0,0,0,0
5400,0,-0.0001338929840136867,-3.3914800763279e-05,-4.885758258416158e-06,0.0006056374157781666,-0.001255509003711408,8.184675370261666e-05,0.0001682243058689162,0.001413223004865214
5400,1,-2.300008830566142e-05,6.442283939798435e-07,0.000586188200187183,2.003520363151353e-05,0.0005187567717265149,5.340334831854002e-05,-0.0001189662921327519,0.0007941416240212441
5400,2,-5.046737030990239e-05,-1.67058462869133e-06,0.0006313017548063898,8.456982737322867e-05,0.001208641001793512,-0.0001458184166920749,-0.0003376816892648977,0.00141575022965577
5400,3,0,0,0,0,0,0,0,0
5450,0,-0.0001338941349842238,-3.391481614478283e-05,-4.885758257952247e-06,0.000605637415745747,-0.00125550899672518,8.184569116056975e-05,0.0001682221807872813,0.001413222793564588
5450,1,-2.299943483774846e-05,6.44230619027633e-07,0.0005861882002105287,2.003520378602583e-05,0.0005187568909577349,5.340395039091626e-05,-0.0001189650879856522,0.0007941415431053065
5450,2,-5.046732663784561e-05,-1.670584212368109e-06,0.000631301754807638,8.456982738551235e-05,0.001208641005398045,-0.0001458183764880935,-0.0003376816088560529,0.001415750207857174
5450,3,0,0,0,0,0,0,0,0
5500,0,-0.0001338945422166995,-3.391481975908964e-05,-4.885758257604391e-06,0.0006056374154289934,-0.001255508995753854,8.184531964668386e-05,0.0001682214377559368,0.001413222721273462
5500,1,-2.299891101100394e-05,6.442326204045482e-07,0.0005861882002171508,2.003520414741015e-05,0.0005187569560620421,5.340442905623801e-05,-0.0001189641306503569,0.0007941414592560859
5500,2,-5.046730501939711e-05,-1.670584189237006e-06,0.000631301754809771,8.456982739490865e-05,0.001208641006388406,-0.0001458183567304254,-0.0003376815693390286,0.001415750196473009
5500,3,0,0,0,0,0,0,0,0
5550,0,-0.0001338963115030769,-3.391484366343477e-05,-4.885758257626363e-06,0.0006056374153029224,-0.001255509004690163,8.184372020740327e-05,0.0001682182388749262,0.001413222423962008
5550,1,-2.299857781712466e-05,6.442337688829485e-07,0.0005861882002168658,2.003520419964976e-05,0.000518757009748556,5.340473121842799e-05,-0.0001189635263250705,0.0007941414144691367
5550,2,-5.046726788735243e-05,-1.670584001708055e-06,0.0006313017548104889,8.456982740188999e-05,0.001208641009476515,-0.0001458183230354036,-0.0003376815019472004,0.00141575017824159
5550,3,0,0,0,0,0,0,0,0
5600,0,-0.0001338986130246714,-3.391493040457904e-05,-4.885758257662792e-06,0.0006056374153022433,-0.001255509006729942,8.184165457704432e-05,0.0001682141076142226,0.001413222034546014
5600,1,-2.29985646682045e-05,6.442338578353608e-07,0.0005861882002167203,2.003520419725713e-05,0.0005187570092451571,5.340474299415753e-05,-0.0001189635027739203,0.0007941414110233122
5600,2,-5.046723087561239e-05,-1.67058279995179e-06,0.0006313017548104247,8.456982740136534e-05,0.001208641010864112,-0.0001458182898896976,-0.0003376814356555654,0.001415750158879717
5600,3,0,0,0,0,0,0,0,0
5650,0,-0.0001338995019507395,-3.391494207213751e-05,-4.885758257877062e-06,0.000605637415183026,-0.001255509008222076,8.184086350898654e-05,0.000168212525476423,0.00141322188619324
5650,1,-2.299832672188494e-05,6.442347093337194e-07,0.0005861882002159628,2.00352042461326e-05,0.0005187570347555923,5.340495403091293e-05,-0.0001189630806968499,0.0007941413717621851
5650,2,-5.046714494875603e-05,-1.670581979068435e-06,0.0006313017548102309,8.456982742248556e-05,0.00120864101435961,-0.000145818213594655,-0.0003376812830661205,0.001415750114547592
5650,3,0,0,0,0,0,0,0,0
5700,0,-0.0001338996451448809,-3.391494352013123e-05,-4.885758254757719e-06,0.0006056374151443332,-0.001255508993780576,8.18407375535183e-05,0.0001682122735639109,0.00141322184967014
5700,1,-2.299798268655552e-05,6.442359518670048e-07,0.0005861882002119873,2.003520437042802e-05,0.0005187570589498869,5.340525729434224e-05,-0.0001189624741609049,0.0007941413071393791
5700,2,-5.046710139555301e-05,-1.670581701463043e-06,0.0006313017548107205,8.456982742424301e-05,0.001208641016345343,-0.0001458181751571657,-0.0003376812061910676,0.001415750092395291
5700,3,0,0,0,0,0,0,0,0
5750,0,-0.0001338997089079728,-3.391494364621992e-05,-4.885758255778284e-06,0.0006056374150916874,-0.001255509002575558,8.184068118103092e-05,0.0001682121608233255,0.001413221846821702
5750,1,-2.299766001749636e-05,6.44237177049995e-07,0.0005861882002266374,2.003520450964623e-05,0.0005187571158686791,5.340553908191545e-05,-0.0001189619105980545,0.0007941412695198934
5750,2,-5.046710688784926e-05,-1.670581712944244e-06,0.0006313017548106425,8.456982742102798e-05,0.001208641014424743,-0.0001458181799587189,-0.000337681215794068,0.001415750093736255
5750,3,0,0,0,0,0,0,0,0
5800,0,-0.0001338999063040762,-3.391494501843147e-05,-4.885758255794886e-06,0.0006056374149956852,-0.00125550900841929,8.184051028755294e-05,0.0001682118190355654,0.001413221820129311
5800,1,-2.29973096616887e-05,6.442384321600941e-07,0.0005861882002377297,2.003520465547319e-05,0.0005187571621247793,5.340584230668846e-05,-0.0001189613041457236,0.000794141219148497
5800,2,-5.046707942317946e-05,-1.670581647694788e-06,0.0006313017548112235,8.456982743113931e-05,0.001208641018998512,-0.0001458181561635463,-0.0003376811682032942,0.001415750082860619
5800,3,0,0,0,0,0,0,0,0
5850,0,-0.0001339005720410225,-3.391495219116709e-05,-4.885758255793743e-06,0.000605637414903604,-0.001255509013198404,8.183993882418467e-05,0.0001682106761065229,0.001413221718452306
5850,1,-2.299718941550064e-05,6.442389520373102e-07,0.0005861882002367629,2.003520466685188e-05,0.0005187571757163893,5.340594558165614e-05,-0.000118961097594201,0.0007941412005488886
5850,2,-5.046706985795882e-05,-1.670581553341994e-06,0.0006313017548112132,8.45698274357471e-05,0.001208641018007808,-0.0001458181479856082,-0.0003376811518474066,0.001415750076930564
5850,3,0,0,0,0,0,0,0,0
5900,0,-0.0001339010150307587,-3.391495687886081e-05,-4.885758255811223e-06,0.0006056374148367787,-0.001255509018305948,8.183956121314861e-05,0.0001682099208831293,0.00141322165328759
5900,1,-2.299698507890486e-05,6.442397420939283e-07,0.0005861882002367958,2.003520467662688e-05,0.000518757197660071,5.34061193505844e-05,-0.0001189607500559656,0.0007941411685921777
5900,2,-5.046705931966414e-05,-1.670581459865507e-06,0.0006313017548112132,8.45698274357471e-05,0.001208641018007808,-0.0001458181389939441,-0.0003376811338639686,0.001415750071339317
5900,3,0,0,0,0,0,0,0,0
5950,0,-0.0001339011252907111,-3.391495732729768e-05,-4.885758256820822e-06,0.0006056374147728687,-0.001255509022801805,8.183946805248643e-05,0.0001682097345626045,0.001413221640140222
5950,1,-2.29967511307225e-05,6.442405949301295e-07,0.0005861882002396003,2.003520481047649e-05,0.0005187572267778896,5.340631688265649e-05,-0.0001189603549994812,0.000794141134949772
5950,2,-5.046704758323643e-05,-1.670581452837591e-06,0.0006313017548114757,8.456982743996782e-05,0.001208641020592867,-0.0001458181291088987,-0.0003376811140937024,0.001415750067394519
5950,3,0,0,0,0,0,0,0,0
6000,0,-0.0001339020417168635,-3.391497421626921e-05,-4.885758258187135e-06,0.0006056374146975086,-0.001255509024811008,8.183870174717285e-05,0.0001682082019504325,0.001413221502332957
6000,1,-2.299669411411132e-05,6.442408477559139e-07,0.0005861882002440238,2.003520480962506e-05,0.0005187572327630994,5.340636475167185e-05,-0.0001189602592599054,0.0007941411260895259
6000,2,-5.046702979885849e-05,-1.67058102293512e-06,0.0006313017548112783,8.456982744094014e-05,0.001208641019901991,-0.0001458181142657676,-0.0003376810844073301,0.001415750057560699
6000,3,0,0,0,0,0,0,0,0
6050,0,-0.000133903051274971,-3.391501823921515e-05,-4.885758258187135e-06,0.0006056374146832814,-0.001255509024811008,8.183786371863926e-05,0.0001682065258928593,0.001413221351018227
6050,1,-2.299671103786293e-05,6.442407768511851e-07,0.0005861882002437529,2.003520480759171e-05,0.0005187572293173322,5.340635066590067e-05,-0.0001189602874314331,0.0007941411276011609
6050,2,-5.04669879760688e-05,-1.670579393514644e-06,0.0006313017548112783,8.456982744094014e-05,0.001208641019901991,-0.0001458180795462444,-0.0003376810149682837,0.001415750035929495
6050,3,0,0,0,0,0,0,0,0
6100,0,-0.0001339034537210081,-3.391502329042261e-05,-4.885758258710081e-06,0.0006056374146081554,-0.001255509028702539,8.18375323934286e-05,0.0001682058632423174,0.001413221294639006
6100,1,-2.299652096327695e-05,6.442414240601558e-07,0.0005861882002474551,2.003520483778142e-05,0.0005187572535313677,5.340650718393801e-05,-0.0001189599743979999,0.0007941411015527642
6100,2,-5.046698713803382e-05,-1.670579392964069e-06,0.0006313017548113205,8.456982744135279e-05,0.001208641020315088,-0.0001458180788577504,-0.0003376810135912955,0.001415750035852981
6100,3,0,0,0,0,0,0,0,0
6150,0,-0.0001339042344691267,-3.391503867769841e-05,-4.885758258714531e-06,0.0006056374145009771,-0.001255509029639278,8.18368953250489e-05,0.0001682045891025254,0.001413221181228125
6150,1,-2.299653480770196e-05,6.442415007233141e-07,0.000586188200245724,2.003520482647258e-05,0.0005187572384657892,5.340649581667412e-05,-0.0001189599971315772,0.0007941410947518367
6150,2,-5.046698713803382e-05,-1.670579392964069e-06,0.0006313017548113205,8.456982744135279e-05,0.001208641020315088,-0.0001458180788577504,-0.0003376810135912955,0.001415750035852981
6150,3,0,0,0,0,0,0,0,0
6200,0,-0.0001339050657725724,-3.391507955468064e-05,-4.885758258714531e-06,0.0006056374145009771,-0.001255509029639278,8.183622210090076e-05,0.0001682032426542291,0.001413221061734807
6200,1,-2.299653545347274e-05,6.442414580439252e-07,0.000586188200245724,2.003520482647258e-05,0.0005187572384657892,5.340649529625313e-05,-0.0001189599981724192,0.0007941410948914187
6200,2,-5.046698133206171e-05,-1.670579044069751e-06,0.0006313017548113205,8.456982744135279e-05,0.001208641020315088,-0.0001458180741664349,-0.0003376810042086644,0.001415750032924493
6200,3,0,0,0,0,0,0,0,0
6250,0,-0.0001339058137408805,-3.391514008698367e-05,-4.885758258714531e-06,0.0006056374145009771,-0.001255509029639278,8.183562123051656e-05,0.0001682020409134607,0.00141322095623201
6250,1,-2.299653237604297e-05,6.442416562845754e-07,0.000586188200245724,2.003520482647258e-05,0.0005187572384657892,5.340649777525246e-05,-0.0001189599932144205,0.0007941410942264848
6250,2,-5.046697479592294e-05,-1.670578527436116e-06,0.0006313017548113205,8.456982744135279e-05,0.001208641020315088,-0.0001458180689139929,-0.0003376809937037805,0.001415750029644307
6250,3,0,0,0,0,0,0,0,0
6300,0,-0.0001339064856221626,-3.391521547923971e-05,-4.885758258714531e-06,0.0006056374145009771,-0.001255509029639278,8.183508580108501e-05,0.0001682009700545975,0.001413220863245025
6300,1,-2.299652374144565e-05,6.442425681216758e-07,0.000586188200245724,2.003520482647258e-05,0.0005187572384657892,5.340650467452992e-05,-0.0001189599794158656,0.0007941410923741843
6300,2,-5.046695729140039e-05,-1.670576652668878e-06,0.0006313017548113205,8.456982744135279e-05,0.001208641020315088,-0.0001458180549411597,-0.0003376809657581141,0.001415750020913427
6300,3,0,0,0,0,0,0,0,0
6350,0,-0.0001339067903515524,-3.391525266715051e-05,-4.885758258979416e-06,0.000605637414495374,-0.001255509030724305,8.183484447048051e-05,0.0001682004873935792,0.001413220822552288
6350,1,-2.299643806206462e-05,6.442434999272546e-07,0.0005861882002516515,2.003520485496778e-05,0.0005187572513045595,5.340657230392619e-05,-0.000118959844161465,0.0007941410825730632
6350,2,-5.046695063266144e-05,-1.670576621683169e-06,0.0006313017548116751,8.456982744134134e-05,0.001208641021293448,-0.0001458180496832612,-0.0003376809552422527,0.001415750018461659
6350,3,0,0,0,0,0,0,0,0
6400,0,-0.0001339068896859355,-3.391525370346711e-05,-4.885758257729032e-06,0.0006056374144464659,-0.001255509027485083,8.183476663011296e-05,0.0001682003317118534,0.001413220806054103
6400,1,-2.29962933358199e-05,6.442439776981196e-07,0.00058618820025604,2.003520490996193e-05,0.0005187572722223395,5.340668590803889e-05,-0.0001189596169632964,0.0007941410656577242
6400,2,-5.046695101103655e-05,-1.670576622156642e-06,0.0006313017548116137,8.45698274411371e-05,0.001208641021174705,-0.0001458180499801802,-0.0003376809558359691,0.001415750018545929
6400,3,0,0,0,0,0,0,0,0
6450,0,-0.0001339073861171727,-3.391526583229079e-05,-4.885758257729032e-06,0.0006056374144343779,-0.001255509027485083,8.183438020649899e-05,0.0001681995588641993,0.001413220739018556
6450,1,-2.299629432197603e-05,6.442439579660233e-07,0.00058618820025604,2.003520490995945e-05,0.0005187572721488899,5.340668514296462e-05,-0.0001189596184934449,0.0007941410658160443
6450,2,-5.046693459557616e-05,-1.670576174241623e-06,0.0006313017548116137,8.45698274411371e-05,0.001208641021174705,-0.0001458180372165641,-0.0003376809303087367,0.001415750010556939
6450,3,0,0,0,0,0,0,0,0
6500,0,-0.0001339078352532336,-3.391528793489601e-05,-4.88575825773664e-06,0.000605637414432838,-0.001255509027705638,8.183403331527888e-05,0.0001681988650817394,0.001413220679641488
6500,1,-2.299629377000607e-05,6.442439828542145e-07,0.00058618820025604,2.003520490994764e-05,0.0005187572721488899,5.340668557107735e-05,-0.0001189596176372194,0.0007941410657006118
6500,2,-5.046692434908469e-05,-1.670575554307736e-06,0.0006313017548116137,8.45698274411371e-05,0.001208641021174705,-0.0001458180293125641,-0.0003376809145007367,0.001415750005606383
6500,3,0,0,0,0,0,0,0,0
6550,0,-0.0001339082504724581,-3.391531856090472e-05,-4.88575825773664e-06,0.000605637414432495,-0.001255509027705638,8.183371508774034e-05,0.0001681982286266559,0.001413220625543116
6550,1,-2.299628973065227e-05,6.442443365077761e-07,0.00058618820025604,2.003520490994764e-05,0.0005187572721488899,5.340668866681407e-05,-0.000118959611445746,0.0007941410648646588
6550,2,-5.046692082009303e-05,-1.670575236760674e-06,0.0006313017548116137,8.45698274411371e-05,0.001208641021174705,-0.0001458180266112539,-0.0003376809090981163,0.001415750003913366
6550,3,0,0,0,0,0,0,0,0
6600,0,-0.0001339086222141333,-3.391535697155151e-05,-4.88575825773664e-06,0.000605637414432495,-0.001255509027705638,8.183343234587706e-05,0.0001681976631429294,0.001413220578014144
6600,1,-2.299628795184015e-05,6.442445325103709e-07,0.00058618820025604,2.003520490994764e-05,0.0005187572721488899,5.34066900209646e-05,-0.0001189596087374449,0.0007941410644986816
6600,2,-5.046690679865192e-05,-1.670573488810589e-06,0.0006313017548116137,8.45698274411371e-05,0.001208641021174705,-0.0001458180159683948,-0.0003376808878123981,0.001415749997238288
6600,3,0,0,0,0,0,0,0,0
6650,0,-0.0001339089498913555,-3.39153989026916e-05,-4.88575825773664e-06,0.0006056374144295472,-0.001255509027705638,8.183318500966047e-05,0.0001681971684704174,0.001413220536871384
6650,1,-2.299628501321408e-05,6.442449338408413e-07,0.0005861882002560358,2.003520490993374e-05,0.0005187572721005588,5.340669224338144e-05,-0.0001189596042926067,0.0007941410638659754
6650,2,-5.046690417172192e-05,-1.670573117650311e-06,0.0006313017548116137,8.45698274411371e-05,0.001208641021174705,-0.0001458180139849079,-0.0003376808838454244,0.001415749995993724
6650,3,0,0,0,0,0,0,0,0
6700,0,-0.0001339090415358144,-3.391541058042833e-05,-4.885758257678694e-06,0.000605637414424872,-0.001255509026114698,8.183311622832727e-05,0.0001681970309076972,0.00141322052406486
6700,1,-2.299621475067066e-05,6.442451426098162e-07,0.0005861882002571479,2.003520491580647e-05,0.0005187572820042859,5.340674486881108e-05,-0.0001189594990440839,0.0007941410560751604
6700,2,-5.046689593077493e-05,-1.670572231039714e-06,0.0006313017548116849,8.456982744116094e-05,0.001208641021668982,-0.0001458180077993923,-0.0003376808714743394,0.00141574999253311
6700,3,0,0,0,0,0,0,0,0
6750,0,-0.0001339091641074677,-3.391541164716331e-05,-4.885758257695467e-06,0.0006056374144086639,-0.001255509026694074,8.183302514809183e-05,0.0001681968487467658,0.001413220509258216
6750,1,-2.299617444614087e-05,6.442452512857392e-07,0.000586188200257147,2.003520492990736e-05,0.0005187572867631343,5.340677484303769e-05,-0.0001189594390956865,0.0007941410510528602
6750,2,-5.046689146875592e-05,-1.670572205212758e-06,0.0006313017548116976,8.456982744140715e-05,0.001208641021942716,-0.0001458180044754926,-0.0003376808648265461,0.001415749990679767
6750,3,0,0,0,0,0,0,0,0
6800,0,-0.0001339092937923052,-3.391541365671795e-05,-4.885758257702303e-06,0.0006056374144063659,-0.001255509026970237,8.183292930240674e-05,0.0001681966570553781,0.001413220493474606
6800,1,-2.299614302883909e-05,6.442453586700548e-07,0.0005861882002575773,2.003520493108774e-05,0.0005187572903560504,5.340679800808355e-05,-0.0001189593927655667,0.000794141047108329
6800,2,-5.046689176136214e-05,-1.670572205814918e-06,0.0006313017548116851,8.456982744140173e-05,0.001208641021856331,-0.0001458180046914624,-0.0003376808652584699,0.00141574999074171
6800,3,0,0,0,0,0,0,0,0
6850,0,-0.00013390946646383,-3.391541640430578e-05,-4.88575825770299e-06,0.0006056374143939888,-0.001255509027037994,8.183280270877815e-05,0.000168196403867725,0.001413220472492949
6850,1,-2.299613043060807e-05,6.442453933172984e-07,0.0005861882002576018,2.003520493068287e-05,0.0005187572919639877,5.340680721244652e-05,-0.0001189593743568166,0.0007941410456553495
6850,2,-5.04668859500069e-05,-1.670572135356511e-06,0.0006313017548116859,8.456982744154005e-05,0.001208641022080449,-0.0001458180004332664,-0.0003376808567420778,0.001415749988255924
6850,3,0,0,0,0,0,0,0,0
6900,0,-0.000133909591044458,-3.391541782490254e-05,-4.885758257704661e-06,0.0006056374143759166,-0.00125550902728023,8.183271219283265e-05,0.000168196222835311,0.001413220457751968
6900,1,-2.299609703594058e-05,6.442454842149712e-07,0.0005861882002573597,2.003520493782068e-05,0.000518757296062618,5.340683154151748e-05,-0.0001189593256983106,0.0007941410417130528
6900,2,-5.04668840254805e-05,-1.670572134234132e-06,0.0006313017548116913,8.456982744219925e-05,0.001208641022641863,-0.0001458179990297319,-0.0003376808539350089,0.001415749987852552
6900,3,0,0,0,0,0,0,0,0
6950,0,-0.0001339097357196102,-3.391542008190028e-05,-4.885758257705028e-06,0.0006056374143726261,-0.001255509027461194,8.183260778019625e-05,0.0001681960140099483,0.001413220440774558
6950,1,-2.299608471126871e-05,6.442455362853554e-07,0.0005861882002573539,2.003520493752731e-05,0.0005187572974600634,5.340684045843269e-05,-0.0001189593078644673,0.0007941410401972797
6950,2,-5.04668790632205e-05,-1.67057206019155e-06,0.0006313017548116917,8.456982744219925e-05,0.001208641022823083,-0.0001458179954499043,-0.0003376808467753537,0.001415749985753873
6950,3,0,0,0,0,0,0,0,0
7000,0,-0.0001339099078186489,-3.391542669751513e-05,-4.885758257705028e-06,0.0006056374143726261,-0.001255509027461194,8.183248439609694e-05,0.0001681957672417497,0.001413220420726652
7000,1,-2.299608350794358e-05,6.44245588974555e-07,0.0005861882002573539,2.003520493752731e-05,0.0005187572974600634,5.340684132023397e-05,-0.0001189593061408647,0.0007941410399622456
7000,2,-5.046687689704987e-05,-1.670571999161972e-06,0.0006313017548116917,8.456982744219925e-05,0.001208641022823083,-0.0001458179938924046,-0.0003376808436603542,0.001415749984773185
7000,3,0,0,0,0,0,0,0,0
7050,0,-0.0001339100616882702,-3.39154369226299e-05,-4.885758257705028e-06,0.0006056374143726261,-0.001255509027461194,8.183237486197399e-05,0.0001681955481735038,0.001413220403136825
7050,1,-2.2996081490827e-05,6.442457294039535e-07,0.0005861882002573539,2.003520493752731e-05,0.0005187572974600634,5.340684275529518e-05,-0.0001189593032707423,0.0007941410395705255
7050,2,-5.04668701588853e-05,-1.67057148841734e-06,0.0006313017548116917,8.456982744219925e-05,0.001208641022823083,-0.0001458179891057084,-0.000337680834086962,0.001415749981755954
7050,3,0,0,0,0,0,0,0,0
7100,0,-0.0001339101334456249,-3.391544207638199e-05,-4.885758257730743e-06,0.0006056374143697538,-0.001255509027679107,8.183232408078619e-05,0.0001681954466111223,0.001413220395224258
7100,1,-2.299605144578183e-05,6.442458195136124e-07,0.0005861882002585192,2.003520494257286e-05,0.0005187573016467451,5.340686396766949e-05,-0.0001189592608468003,0.0007941410365080475
7100,2,-5.04668626516052e-05,-1.670570860059033e-06,0.0006313017548116917,8.456982744219925e-05,0.001208641022823083,-0.0001458179837833857,-0.0003376808234423165,0.001415749978400487
7100,3,0,0,0,0,0,0,0,0
7150,0,-0.0001339101906294747,-3.391544260692029e-05,-4.885758257723916e-06,0.0006056374143665404,-0.001255509027585192,8.183228395523981e-05,0.0001681953663599771,0.001413220388696044
7150,1,-2.299601545732584e-05,6.442459015145692e-07,0.0005861882002584804,2.003520494470686e-05,0.000518757306363208,5.340688921853202e-05,-0.0001189592103461409,0.0007941410326803024
7150,2,-5.04668626516052e-05,-1.670570860059033e-06,0.0006313017548116917,8.456982744219925e-05,0.001208641022823083,-0.0001458179837833857,-0.0003376808234423165,0.001415749978400487
7150,3,0,0,0,0,0,0,0,0
7200,0,-0.0001339103042959864,-3.391544501512196e-05,-4.885758257723869e-06,0.0006056374143655127,-0.001255509027577909,8.183220474057101e-05,0.0001681952079306118,0.001413220376074965
7200,1,-2.29960133005179e-05,6.442459109442207e-07,0.0005861882002584938,2.003520494485776e-05,0.0005187573066008635,5.340689072721842e-05,-0.0001189592073287619,0.000794141032422582
7200,2,-5.046685826660681e-05,-1.670570777618261e-06,0.0006313017548116917,8.456982744219925e-05,0.001208641022823083,-0.0001458179807252372,-0.0003376808173260195,0.001415749976470257
7200,3,0,0,0,0,0,0,0,0
7250,0,-0.0001339103525504475,-3.3915446699305e-05,-4.885758257763598e-06,0.0006056374143653836,-0.001255509027676448,8.183217128525963e-05,0.0001681951410200936,0.00141322037087463
7250,1,-2.299599859019958e-05,6.442459457781161e-07,0.0005861882002592165,2.003520494727937e-05,0.0005187573086583642,5.340690089315679e-05,-0.0001189591869978191,0.0007941410309794355
7250,2,-5.046685297950088e-05,-1.670570610611609e-06,0.0006313017548117509,8.456982744219925e-05,0.001208641023012681,-0.0001458179770601353,-0.0003376808099958156,0.001415749974317605
7250,3,0,0,0,0,0,0,0,0
7300,0,-0.0001339103757247185,-3.391544685345555e-05,-4.885758257734563e-06,0.0006056374143619282,-0.001255509027715485,8.183215537105975e-05,0.0001681951091916404,0.001413220368397831
7300,1,-2.299597349320305e-05,6.442460124883039e-07,0.0005861882002592186,2.003520495298693e-05,0.0005187573116603669,5.340691814265024e-05,-0.0001189591524987358,0.0007941410282061234
7300,2,-5.046685141524205e-05,-1.67057060497434e-06,0.0006313017548117458,8.456982744240018e-05,0.001208641023096008,-0.0001458179759867599,-0.0003376808078490758,0.001415749973710396
7300,3,0,0,0,0,0,0,0,0
7350,0,-0.0001339103937932693,-3.391544697009142e-05,-4.885758257738055e-06,0.0006056374143589773,-0.001255509027868283,8.183214303188205e-05,0.000168195084513248,0.0014132203665956
7350,1,-2.299595473310319e-05,6.442460616704136e-07,0.0005861882002591954,2.003520495813839e-05,0.0005187573140391341,5.34069309563589e-05,-0.0001189591268712649,0.0007941410262397679
7350,2,-5.046684816988659e-05,-1.670570590531442e-06,0.0006313017548117485,8.456982744278338e-05,0.001208641023531362,-0.0001458179737673706,-0.0003376808034102969,0.001415749972679067
7350,3,0,0,0,0,0,0,0,0
7400,0,-0.0001339104212913119,-3.391544719272655e-05,-4.88575825773838e-06,0.0006056374143532165,-0.00125550902797059,8.183212440522746e-05,0.0001681950472598476,0.001413220363782653
7400,1,-2.299594067966958e-05,6.442461016229727e-07,0.0005861882002591812,2.0035204961281e-05,0.0005187573157790986,5.34069404920322e-05,-0.0001189591077999836,0.0007941410247540067
7400,2,-5.046684517159103e-05,-1.670570574408762e-06,0.0006313017548117452,8.456982744346963e-05,0.001208641023648652,-0.0001458179717326725,-0.000337680799340903,0.001415749971492151
7400,3,0,0,0,0,0,0,0,0
7450,0,-0.0001339104904831129,-3.39154487757738e-05,-4.88575825773838e-06,0.0006056374143509978,-0.00125550902797059,8.183207780770432e-05,0.0001681949540647332,0.001413220356586129
7450,1,-2.299593895051789e-05,6.442461065897854e-07,0.0005861882002592101,2.003520496124684e-05,0.000518757316007399,5.340694165793228e-05,-0.0001189591054682157,0.0007941410245822118
7450,2,-5.046684262819534e-05,-1.670570530529982e-06,0.0006313017548117452,8.456982744458141e-05,0.001208641023648652,-0.0001458179700153108,-0.0003376807959061796,0.001415749970405379
7450,3,0,0,0,0,0,0,0,0
7500,0,-0.0001339105423790968,-3.391545114193876e-05,-4.885758257739417e-06,0.0006056374143509978,-0.001255509028007617,8.183204306760731e-05,0.0001681948845845401,0.001413220351312419
7500,1,-2.299593325248048e-05,6.442461457504587e-07,0.0005861882002592391,2.0035204961247e-05,0.0005187573167056526,5.340694546032425e-05,-0.0001189590978634561,0.0007941410239899409
7500,2,-5.046684262819534e-05,-1.670570530529982e-06,0.0006313017548117452,8.456982744458141e-05,0.001208641023648652,-0.0001458179700153108,-0.0003376807959061796,0.001415749970405379
7500,3,0,0,0,0,0,0,0,0
7550,0,-0.0001339105976183676,-3.391545209867497e-05,-4.885758257739417e-06,0.0006056374143507338,-0.001255509028007617,8.183200636380988e-05,0.0001681948111769379,0.00141322034570755
7550,1,-2.299593216640695e-05,6.442461502350322e-07,0.0005861882002592852,2.003520496130632e-05,0.0005187573168421842,5.340694618374913e-05,-0.0001189590964166076,0.0007941410238796366
7550,2,-5.046684064870074e-05,-1.670570489386726e-06,0.0006313017548117452,8.45698274445977e-05,0.001208641023648652,-0.0001458179687015537,-0.0003376807932786636,0.001415749969572748
7550,3,0,0,0,0,0,0,0,0
7600,0,-0.0001339106493279569,-3.391545431178258e-05,-4.885758257739417e-06,0.0006056374143507338,-0.001255509028007617,8.183197222780476e-05,0.0001681947429049276,0.001413220340558394
7600,1,-2.299593123379106e-05,6.442461847911368e-07,0.0005861882002592852,2.003520496130632e-05,0.0005187573168421842,5.340694680056025e-05,-0.0001189590951829854,0.0007941410237093486
7600,2,-5.04668380983857e-05,-1.670570376071337e-06,0.0006313017548117452,8.45698274445977e-05,0.001208641023648652,-0.0001458179670179924,-0.000337680789911541,0.001415749968505185
7600,3,0,0,0,0,0,0,0,0
7650,0,-0.000133910696698647,-3.391545757115354e-05,-4.885758257739417e-06,0.0006056374143507338,-0.001255509028007617,8.183194116161346e-05,0.000168194680772545,0.001413220335931684
7650,1,-2.299593123379106e-05,6.442461847911368e-07,0.0005861882002592852,2.003520496130632e-05,0.0005187573168421842,5.340694680056025e-05,-0.0001189590951829854,0.0007941410237093486
7650,2,-5.046683745552797e-05,-1.670570335871846e-06,0.0006313017548117452,8.45698274445977e-05,0.001208641023648652,-0.00014581796659556,-0.0003376807890666761,0.001415749968237198
7650,3,0,0,0,0,0,0,0,0
7700,0,-0.0001339107388136818,-3.39154615490176e-05,-4.885758257739417e-06,0.0006056374143507338,-0.001255509028007617,8.183191372235179e-05,0.0001681946258940217,0.001413220331897553
7700,1,-2.299593039594085e-05,6.442462588377762e-07,0.0005861882002592852,2.003520496130632e-05,0.0005187573168421842,5.340694734743632e-05,-0.0001189590940892333,0.0007941410235580854
7700,2,-5.046683593751259e-05,-1.670570197289253e-06,0.0006313017548117452,8.45698274445977e-05,0.001208641023648652,-0.0001458179656053357,-0.0003376807870862277,0.001415749967608561
7700,3,0,0,0,0,0,0,0,0
7750,0,-0.0001339107770272629,-3.391546612100474e-05,-4.885758257739417e-06,0.0006056374143507338,-0.001255509028007617,8.183188898560443e-05,0.000168194576420527,0.001413220328307766
7750,1,-2.299593006314998e-05,6.442463013517162e-07,0.0005861882002592852,2.003520496130632e-05,0.0005187573168421842,5.340694756249946e-05,-0.0001189590936591069,0.0007941410234985154
7750,2,-5.046683453153782e-05,-1.670570035080226e-06,0.0006313017548117452,8.45698274445977e-05,0.001208641023648652,-0.0001458179646941215,-0.0003376807852637992,0.001415749967029718
7750,3,0,0,0,0,0,0,0,0
7800,0,-0.0001339108106521139,-3.391547097215108e-05,-4.885758257739417e-06,0.0006056374143507064,-0.001255509028007617,8.183186735771855e-05,0.0001681945331647548,0.001413220325209882
7800,1,-2.299592988850202e-05,6.442463289288748e-07,0.0005861882002592851,2.003520496130589e-05,0.0005187573168397447,5.340694767497287e-05,-0.0001189590934341601,0.0007941410234657547
7800,2,-5.046683325436547e-05,-1.670569840912512e-06,0.0006313017548117452,8.45698274445977e-05,0.001208641023648652,-0.0001458179638739539,-0.0003376807836234641,0.001415749966508239
7800,3,0,0,0,0,0,0,0,0
7850,0,-0.0001339108415536657,-3.391547555753994e-05,-4.885758257739417e-06,0.0006056374143506523,-0.001255509028007617,8.183184760995654e-05,0.0001681944936692289,0.001413220322403956
7850,1,-2.299592989059065e-05,6.442463289192387e-07,0.0005861882002592851,2.003520496130584e-05,0.000518757316839477,5.340694767363399e-05,-0.0001189590934368378,0.0007941410234659513
7850,2,-5.046683285493502e-05,-1.670569771494229e-06,0.0006313017548117452,8.45698274445977e-05,0.001208641023648652,-0.0001458179636190109,-0.000337680783113578,0.001415749966346044
7850,3,0,0,0,0,0,0,0,0
7900,0,-0.0001339108612891778,-3.391547635313111e-05,-4.885758257743356e-06,0.0006056374143503297,-0.001255509028018585,8.183183508563586e-05,0.0001681944686205797,0.001413220320596329
7900,1,-2.299592603206683e-05,6.442463386445606e-07,0.0005861882002593874,2.003520496146986e-05,0.0005187573172798305,5.340695012570088e-05,-0.0001189590885328094,0.0007941410230722611
7900,2,-5.046683232276879e-05,-1.670569768508796e-06,0.0006313017548117451,8.456982744460682e-05,0.001208641023648118,-0.0001458179632809562,-0.0003376807824374687,0.001415749966130533
7900,3,0,0,0,0,0,0,0,0
7950,0,-0.0001339108874202326,-3.391547716752836e-05,-4.885758257743356e-06,0.0006056374143503297,-0.001255509028018585,8.183181859709733e-05,0.0001681944356435027,0.001413220318212415
7950,1,-2.299592578975602e-05,6.442463443969882e-07,0.0005861882002593874,2.003520496146986e-05,0.0005187573172798305,5.340695027875217e-05,-0.0001189590882267069,0.0007941410230296891
7950,2,-5.046683192655224e-05,-1.670569756398688e-06,0.0006313017548117451,8.456982744460682e-05,0.001208641023648118,-0.0001458179630308831,-0.0003376807819373223,0.001415749965971344
7950,3,0,0,0,0,0,0,0,0
8000,0,-0.0001339109108039045,-3.391547847823415e-05,-4.885758257743356e-06,0.0006056374143503297,-0.001255509028018585,8.183180393464285e-05,0.0001681944063185937,0.001413220316120484
8000,1,-2.299592577923037e-05,6.44246345154809e-07,0.0005861882002593874,2.003520496146986e-05,0.0005187573172798305,5.340695028532949e-05,-0.0001189590882135522,0.0007941410230278567
8000,2,-5.046683167203455e-05,-1.670569743992834e-06,0.0006313017548117451,8.456982744460682e-05,0.001208641023648118,-0.0001458179628709499,-0.0003376807816174559,0.001415749965869491
8000,3,0,0,0,0,0,0,0,0
8050,0,-0.0001339109320973037,-3.391548019490235e-05,-4.885758257743356e-06,0.0006056374143503297,-0.001255509028018585,8.183179066609736e-05,0.0001681943797815027,0.001413220314252736
8050,1,-2.299592577923037e-05,6.44246345154809e-07,0.0005861882002593874,2.003520496146986e-05,0.0005187573172798305,5.340695028532949e-05,-0.0001189590882135522,0.0007941410230278567
8050,2,-5.046683167203455e-05,-1.670569743992834e-06,0.0006313017548117451,8.456982744460682e-05,0.001208641023648118,-0.0001458179628709499,-0.0003376807816174559,0.001415749965869491
8050,3,0,0,0,0,0,0,0,0
8100,0,-0.0001339109472897505,-3.391548166260791e-05,-4.885758257743506e-06,0.0006056374143503297,-0.001255509028025953,8.183178125334749e-05,0.0001681943609560032,0.001413220312948522
8100,1,-2.299592447217394e-05,6.442463538196662e-07,0.0005861882002593913,2.003520496147808e-05,0.000518757317429701,5.340695109313381e-05,-0.0001189590865979493,0.0007941410229002337
8100,2,-5.046683167203455e-05,-1.670569743992834e-06,0.0006313017548117451,8.456982744460682e-05,0.001208641023648118,-0.0001458179628709499,-0.0003376807816174559,0.001415749965869491
8100,3,0,0,0,0,0,0,0,0
8150,0,-0.0001339109590359795,-3.391548178808696e-05,-4.88575825774394e-06,0.0006056374143500777,-0.00125550902803231,8.183177402253495e-05,0.0001681943464943727,0.00141322031193025
8150,1,-2.299592219532651e-05,6.44246359555868e-07,0.0005861882002594167,2.003520496151078e-05,0.0005187573176967194,5.340695249295187e-05,-0.000118959083798324,0.0007941410226835189
8150,2,-5.046683131204717e-05,-1.670569740014625e-06,0.0006313017548117456,8.456982744461349e-05,0.001208641023664339,-0.0001458179626491734,-0.0003376807811739028,0.001415749965741865
8150,3,0,0,0,0,0,0,0,0
8200,0,-0.0001339109748884716,-3.391548209128466e-05,-4.88575825774394e-06,0.0006056374143500115,-0.00125550902803231,8.183176432579646e-05,0.0001681943271008936,0.001413220310570017
8200,1,-2.299592209187872e-05,6.442463607873677e-07,0.0005861882002594167,2.003520496151784e-05,0.0005187573176967194,5.340695255635229e-05,-0.0001189590836715232,0.000794141022665794
8200,2,-5.046683101643403e-05,-1.670569732219448e-06,0.0006313017548117456,8.456982744461349e-05,0.001208641023664339,-0.0001458179624686573,-0.0003376807808128707,0.001415749965626613
8200,3,0,0,0,0,0,0,0,0
8250,0,-0.0001339109885066802,-3.391548264890303e-05,-4.88575825774394e-06,0.0006056374143497099,-0.00125550902803231,8.183175604670572e-05,0.0001681943105427013,0.001413220309423608
8250,1,-2.299592113213558e-05,6.442463715286335e-07,0.0005861882002594176,2.003520496164133e-05,0.0005187573177880784,5.34069531402307e-05,-0.0001189590825037674,0.0007941410225620353
8250,2,-5.046683087725497e-05,-1.670569727407483e-06,0.0006313017548117456,8.456982744462528e-05,0.001208641023664339,-0.0001458179623839057,-0.0003376807806433675,0.001415749965572488
8250,3,0,0,0,0,0,0,0,0
8300,0,-0.0001339109958973544,-3.391548292884767e-05,-4.885758257744442e-06,0.0006056374143494228,-0.001255509028033644,8.183175157837554e-05,0.0001681943016060358,0.001413220308809366
8300,1,-2.29959197180437e-05,6.442463750528463e-07,0.0005861882002595125,2.003520496163587e-05,0.0005187573179422061,5.340695399443394e-05,-0.000118959080795431,0.0007941410224233855
8300,2,-5.046683070648242e-05,-1.670569715935034e-06,0.0006313017548117456,8.456982744462528e-05,0.001208641023664339,-0.000145817962280695,-0.000337680780436946,0.001415749965506522
8300,3,0,0,0,0,0,0,0,0
8350,0,-0.0001339110041250301,-3.391548302971956e-05,-4.885758257745023e-06,0.0006056374143492694,-0.001255509028036575,8.183174663996979e-05,0.0001681942917292174,0.001413220308132501
8350,1,-2.299591864295884e-05,6.442463775219103e-07,0.0005861882002595367,2.003520496164504e-05,0.0005187573180366769,5.340695464144829e-05,-0.0001189590795014379,0.0007941410223036633
8350,2,-5.046683039124957e-05,-1.670569710754651e-06,0.0006313017548117456,8.456982744462528e-05,0.001208641023664339,-0.0001458179620916912,-0.0003376807800589383,0.00141574996538565
8350,3,0,0,0,0,0,0,0,0
8400,0,-0.0001339110145759296,-3.391548336517446e-05,-4.885758257745023e-06,0.0006056374143492694,-0.001255509028036575,8.183174039981872e-05,0.0001681942792489153,0.001413220307284162
8400,1,-2.299591853035066e-05,6.442463807971639e-07,0.0005861882002595367,2.003520496164504e-05,0.0005187573180366769,5.340695470871005e-05,-0.0001189590793669144,0.0007941410222847774
8400,2,-5.046682980918791e-05,-1.670569690450843e-06,0.0006313017548117456,8.456982744462528e-05,0.001208641023664339,-0.0001458179617442854,-0.0003376807793641267,0.001415749965163371
8400,3,0,0,0,0,0,0,0,0
8450,0,-0.0001339110241197349,-3.391548389672922e-05,-4.885758257745023e-06,0.0006056374143492694,-0.001255509028036575,8.183173473518683e-05,0.0001681942679196516,0.001413220306524892
8450,1,-2.299591853035066e-05,6.442463807971639e-07,0.0005861882002595367,2.003520496164504e-05,0.0005187573180366769,5.340695470871005e-05,-0.0001189590793669144,0.0007941410222847774
8450,2,-5.046682978188641e-05,-1.67056968904933e-06,0.0006313017548117456,8.456982744462528e-05,0.001208641023664339,-0.0001458179617280577,-0.0003376807793316713,0.001415749965152984
8450,3,0,0,0,0,0,0,0,0
8500,0,-0.0001339110325545429,-3.391548456354909e-05,-4.885758257745023e-06,0.0006056374143492694,-0.001255509028036575,8.18317297584278e-05,0.0001681942579661334,0.00141322030586735
8500,1,-2.299591854415679e-05,6.442463798828918e-07,0.0005861882002595367,2.003520496164504e-05,0.0005187573180366769,5.340695470054365e-05,-0.0001189590793832472,0.0007941410222870738
8500,2,-5.046682966721155e-05,-1.670569680967123e-06,0.0006313017548117456,8.456982744462528e-05,0.001208641023664339,-0.0001458179616602268,-0.0003376807791960096,0.001415749965109542
8500,3,0,0,0,0,0,0,0,0
8550,0,-0.00013391104017518,-3.391548534022084e-05,-4.885758257745023e-06,0.0006056374143492694,-0.001255509028036575,8.183172528829685e-05,0.0001681942490258715,0.001413220305285225
8550,1,-2.299591855698303e-05,6.442463786230126e-07,0.0005861882002595367,2.003520496164504e-05,0.0005187573180366769,5.340695469301821e-05,-0.0001189590793982981,0.0007941410222891928
8550,2,-5.046682955470975e-05,-1.67056966853921e-06,0.0006313017548117456,8.456982744462528e-05,0.001208641023664339,-0.0001458179615943746,-0.0003376807790643053,0.001415749965067321
8550,3,0,0,0,0,0,0,0,0
8600,0,-0.0001339110469773676,-3.391548618811288e-05,-4.885758257745023e-06,0.0006056374143492694,-0.001255509028036575,8.183172132155373e-05,0.0001681942410923853,0.001413220304776227
8600,1,-2.299591848081462e-05,6.442463880107915e-07,0.0005861882002595367,2.003520496164504e-05,0.0005187573180366769,5.340695473746699e-05,-0.0001189590793094005,0.0007941410222766674
8600,2,-5.046682938816375e-05,-1.670569647273026e-06,0.0006313017548117456,8.456982744462528e-05,0.001208641023664339,-0.0001458179614973016,-0.0003376807788701592,0.001415749965005054
8600,3,0,0,0,0,0,0,0,0
8650,0,-0.000133911051486336,-3.391548671933769e-05,-4.88575825774505e-06,0.0006056374143492103,-0.001255509028037014,8.183171870604594e-05,0.000168194235861369,0.001413220304442573
8650,1,-2.299591790834495e-05,6.442463899820302e-07,0.0005861882002595391,2.003520496167622e-05,0.00051875731809504,5.340695506852792e-05,-0.0001189590786472813,0.0007941410222213008
8650,2,-5.04668293882105e-05,-1.670569647273026e-06,0.0006313017548117456,8.456982744462528e-05,0.001208641023664328,-0.0001458179614973286,-0.0003376807788702132,0.001415749965005062
8650,3,0,0,0,0,0,0,0,0
8700,0,-0.0001339110569799921,-3.391548680973275e-05,-4.88575825774505e-06,0.0006056374143488939,-0.001255509028037014,8.183171553968921e-05,0.0001681942295286485,0.00141322030402813
8700,1,-2.299591772251774e-05,6.44246390528214e-07,0.0005861882002595515,2.003520496176676e-05,0.0005187573181116626,5.340695517577385e-05,-0.0001189590784327894,0.0007941410222018726
8700,2,-5.046682911487065e-05,-1.670569643269065e-06,0.0006313017548117462,8.456982744463452e-05,0.001208641023678962,-0.0001458179613396959,-0.0003376807785549437,0.001415749964916375
8700,3,0,0,0,0,0,0,0,0
8750,0,-0.0001339110611294554,-3.391548693158016e-05,-4.88575825774505e-06,0.0006056374143488663,-0.001255509028037217,8.183171316064363e-05,0.0001681942247705567,0.001413220303720367
8750,1,-2.299591723978719e-05,6.442463924661267e-07,0.0005861882002595512,2.003520496176809e-05,0.0005187573181543693,5.340695545210944e-05,-0.000118959077880118,0.0007941410221515888
8750,2,-5.046682911487065e-05,-1.670569643269065e-06,0.0006313017548117462,8.456982744463452e-05,0.001208641023678962,-0.0001458179613396959,-0.0003376807785549437,0.001415749964916375
8750,3,0,0,0,0,0,0,0,0
8800,0,-0.0001339110658571821,-3.391548702047459e-05,-4.88575825774505e-06,0.0006056374143488104,-0.001255509028037217,8.183171046645248e-05,0.0001681942193821729,0.001413220303373154
8800,1,-2.299591723635872e-05,6.442463925036796e-07,0.0005861882002595512,2.003520496176809e-05,0.0005187573181543693,5.34069554540661e-05,-0.0001189590778762047,0.000794141022151035
8800,2,-5.046682905716946e-05,-1.670569642190846e-06,0.0006313017548117462,8.456982744463452e-05,0.001208641023678962,-0.0001458179613068102,-0.0003376807784891724,0.001415749964895242
8800,3,0,0,0,0,0,0,0,0
8850,0,-0.0001339110700973111,-3.391548719588868e-05,-4.88575825774505e-06,0.0006056374143488104,-0.001255509028037217,8.183170806383018e-05,0.0001681942145769284,0.001413220303068123
8850,1,-2.299591723330123e-05,6.442463926269556e-07,0.0005861882002595512,2.003520496176809e-05,0.0005187573181543693,5.34069554557982e-05,-0.0001189590778727405,0.000794141022150544
8850,2,-5.046682900728924e-05,-1.67056963995501e-06,0.0006313017548117462,8.456982744463452e-05,0.001208641023678962,-0.0001458179612785687,-0.0003376807784326893,0.00141574996487708
8850,3,0,0,0,0,0,0,0,0
8900,0,-0.0001339110720160529,-3.391548729393175e-05,-4.885758257744018e-06,0.0006056374143488039,-0.001255509028036364,8.18317069810953e-05,0.0001681942124114586,0.001413220302931109
8900,1,-2.299591666084627e-05,6.442463972965485e-07,0.000586188200259615,2.003520496177877e-05,0.0005187573182133447,5.340695577780113e-05,-0.0001189590772288045,0.0007941410220977393
8900,2,-5.046682900728924e-05,-1.67056963995501e-06,0.0006313017548117462,8.456982744463452e-05,0.001208641023678962,-0.0001458179612785687,-0.0003376807784326893,0.00141574996487708
8900,3,0,0,0,0,0,0,0,0
8950,0,-0.0001339110754416713,-3.391548734943693e-05,-4.885758257743942e-06,0.0006056374143487656,-0.001255509028035982,8.183170506187684e-05,0.0001681942085730208,0.001413220302688721
8950,1,-2.299591664609524e-05,6.442463973402484e-07,0.0005861882002596153,2.003520496177958e-05,0.0005187573182150211,5.340695578608759e-05,-0.0001189590772122316,0.0007941410220964821
8950,2,-5.046682896899391e-05,-1.6705696396798e-06,0.0006313017548117462,8.456982744463452e-05,0.001208641023678962,-0.0001458179612570593,-0.0003376807783896705,0.001415749964863239
8950,3,0,0,0,0,0,0,0,0
9000,0,-0.0001339110765111485,-3.391548736555839e-05,-4.885758257743942e-06,0.0006056374143485925,-0.001255509028035982,8.183170446559096e-05,0.0001681942073804473,0.001413220302613912
9000,1,-2.299591528476847e-05,6.442464002439111e-07,0.0005861882002596219,2.003520496219148e-05,0.0005187573183578463,5.340695654425575e-05,-0.0001189590756958972,0.0007941410219742248
9000,2,-5.04668289222833e-05,-1.670569638559018e-06,0.0006313017548117458,8.456982744462662e-05,0.001208641023675152,-0.0001458179612309645,-0.0003376807783374795,0.001415749964843183
9000,3,0,0,0,0,0,0,0,0
9050,0,-0.0001339110773618273,-3.391548737151985e-05,-4.885758257743967e-06,0.0006056374143483666,-0.00125550902803441,8.183170399406039e-05,0.0001681942064373813,0.001413220302553626
9050,1,-2.299591397044632e-05,6.442464028888986e-07,0.0005861882002596287,2.003520496269919e-05,0.0005187573185120775,5.340695727266131e-05,-0.0001189590742390907,0.0007941410218676971
9050,2,-5.04668288957764e-05,-1.670569638500294e-06,0.0006313017548117458,8.456982744462842e-05,0.00120864102367809,-0.0001458179612162776,-0.0003376807783081057,0.001415749964836227
9050,3,0,0,0,0,0,0,0,0
9100,0,-0.0001339110796290105,-3.391548740440316e-05,-4.885758257743967e-06,0.0006056374143482998,-0.00125550902803441,8.18317027450341e-05,0.000168194203939328,0.001413220302399586
9100,1,-2.299591359080326e-05,6.442464046999316e-07,0.0005861882002596308,2.003520496271747e-05,0.0005187573185467233,5.340695748214709e-05,-0.0001189590738201205,0.0007941410218306671
9100,2,-5.046682876986656e-05,-1.670569636559449e-06,0.000631301754811746,8.456982744462907e-05,0.001208641023681196,-0.0001458179611469081,-0.0003376807781693667,0.001415749964794152
9100,3,0,0,0,0,0,0,0,0
9150,0,-0.0001339110819091599,-3.391548748424313e-05,-4.885758257743967e-06,0.0006056374143482998,-0.00125550902803441,8.183170149549983e-05,0.0001681942014402594,0.00141322030224778
9150,1,-2.299591358150649e-05,6.442464050017558e-07,0.0005861882002596308,2.003520496271747e-05,0.0005187573185467233,5.340695748724803e-05,-0.0001189590738099186,0.000794141021829213
9150,2,-5.046682876986656e-05,-1.670569636559449e-06,0.000631301754811746,8.456982744462907e-05,0.001208641023681196,-0.0001458179611469081,-0.0003376807781693667,0.001415749964794152
9150,3,0,0,0,0,0,0,0,0
9200,0,-0.000133911083944691,-3.391548759953122e-05,-4.885758257743967e-06,0.0006056374143482998,-0.00125550902803441,8.183170038609996e-05,0.0001681941992214597,0.001413220302115116
9200,1,-2.299591355558485e-05,6.442464065713568e-07,0.0005861882002596308,2.003520496271747e-05,0.0005187573185467233,5.340695750135989e-05,-0.0001189590737816949,0.0007941410218251848
9200,2,-5.046682868034512e-05,-1.670569631990041e-06,0.000631301754811746,8.456982744462907e-05,0.001208641023681196,-0.000145817961098034,-0.0003376807780716184,0.001415749964762607
9200,3,0,0,0,0,0,0,0,0
9250,0,-0.0001339110857749088,-3.391548774229332e-05,-4.885758257743967e-06,0.0006056374143482998,-0.00125550902803441,8.183169939400846e-05,0.0001681941972372767,0.001413220301998373
9250,1,-2.29959135556414e-05,6.442464065661983e-07,0.0005861882002596308,2.003520496271747e-05,0.0005187573185467233,5.340695750132931e-05,-0.000118959073781756,0.0007941410218251936
9250,2,-5.046682861506822e-05,-1.6705696265945e-06,0.000631301754811746,8.456982744462907e-05,0.001208641023681196,-0.0001458179610626651,-0.0003376807780008807,0.001415749964739759
9250,3,0,0,0,0,0,0,0,0
9300,0,-0.0001339110874150005,-3.391548790497292e-05,-4.885758257743967e-06,0.0006056374143482998,-0.00125550902803441,8.183169850977594e-05,0.0001681941954688117,0.001413220301896011
9300,1,-2.299591355436321e-05,6.442464066940758e-07,0.0005861882002596308,2.003520496271747e-05,0.0005187573185467233,5.340695750201859e-05,-0.0001189590737803775,0.0007941410218249966
9300,2,-5.046682858422101e-05,-1.670569623494756e-06,0.000631301754811746,8.456982744462907e-05,0.001208641023681196,-0.0001458179610460575,-0.0003376807779676654,0.001415749964729022
9300,3,0,0,0,0,0,0,0,0
9350,0,-0.0001339110888472655,-3.391548806125173e-05,-4.885758257743967e-06,0.0006056374143482951,-0.00125550902803441,8.183169774177215e-05,0.000168194193932804,0.001413220301808196
9350,1,-2.299591355331454e-05,6.442464067076527e-07,0.0005861882002596308,2.003520496271747e-05,0.0005187573185467127,5.340695750258026e-05,-0.0001189590737792541,0.0007941410218248287
9350,2,-5.04668285107461e-05,-1.670569614893479e-06,0.000631301754811746,8.456982744462907e-05,0.001208641023681196,-0.0001458179610066044,-0.0003376807778887592,0.001415749964703509
9350,3,0,0,0,0,0,0,0,0
9400,0,-0.0001339110901572448,-3.39154882242193e-05,-4.885758257743967e-06,0.0006056374143482951,-0.00125550902803441,8.183169704301896e-05,0.0001681941925352976,0.001413220301729451
9400,1,-2.299591352982708e-05,6.442464101389638e-07,0.0005861882002596308,2.003520496271747e-05,0.0005187573185467127,5.340695751508559e-05,-0.0001189590737542435,0.0007941410218212459
9400,2,-5.046682849012157e-05,-1.670569611866511e-06,0.000631301754811746,8.456982744462907e-05,0.001208641023681196,-0.0001458179609956327,-0.0003376807778668159,0.001415749964696406
9400,3,0,0,0,0,0,0,0,0
9450,0,-0.0001339110913300646,-3.391548839503341e-05,-4.885758257743967e-06,0.0006056374143482951,-0.00125550902803441,8.183169642076777e-05,0.0001681941912907952,0.001413220301660536
9450,1,-2.299591352551479e-05,6.442464108347321e-07,0.0005861882002596308,2.003520496271747e-05,0.0005187573185467127,5.340695751737521e-05,-0.0001189590737496643,0.0007941410218205897
9450,2,-5.046682846888751e-05,-1.670569608436522e-06,0.000631301754811746,8.456982744462907e-05,0.001208641023681196,-0.0001458179609843645,-0.0003376807778442795,0.001415749964689109
9450,3,0,0,0,0,0,0,0,0
9500,0,-0.0001339110923959105,-3.391548857144664e-05,-4.885758257743967e-06,0.0006056374143482951,-0.00125550902803441,8.183169585825258e-05,0.0001681941901657648,0.001413220301599298
9500,1,-2.299591352554106e-05,6.442464108296669e-07,0.0005861882002596308,2.003520496271747e-05,0.0005187573185467127,5.340695751736138e-05,-0.0001189590737496919,0.0007941410218205937
9500,2,-5.046682846888751e-05,-1.670569608436522e-06,0.000631301754811746,8.456982744462907e-05,0.001208641023681196,-0.0001458179609843645,-0.0003376807778442795,0.001415749964689109
9500,3,0,0,0,0,0,0,0,0
9550,0,-0.0001339110933311539,-3.391548874471274e-05,-4.885758257743967e-06,0.0006056374143482951,-0.00125550902803441,8.183169536725424e-05,0.0001681941891837681,0.001413220301546773
9550,1,-2.29959135138592e-05,6.442464132259505e-07,0.0005861882002596308,2.003520496271747e-05,0.0005187573185467127,5.340695752349169e-05,-0.0001189590737374313,0.0007941410218188329
9550,2,-5.046682843780266e-05,-1.670569602080415e-06,0.000631301754811746,8.456982744462907e-05,0.001208641023681196,-0.0001458179609680607,-0.000337680777811672,0.001415749964678537
9550,3,0,0,0,0,0,0,0,0
9600,0,-0.0001339110941769853,-3.39154889189048e-05,-4.885758257743967e-06,0.0006056374143482951,-0.00125550902803441,8.183169492552261e-05,0.0001681941883003049,0.001413220301500378
9600,1,-2.29959135138592e-05,6.442464132259505e-07,0.0005861882002596308,2.003520496271747e-05,0.0005187573185467127,5.340695752349169e-05,-0.0001189590737374313,0.0007941410218188329
9600,2,-5.046682841551725e-05,-1.67056959966736e-06,0.000631301754811746,8.456982744462907e-05,0.001208641023681196,-0.0001458179609564101,-0.0003376807777883706,0.001415749964670982
9600,3,0,0,0,0,0,0,0,0
9650,0,-0.0001339110949352903,-3.391548908952488e-05,-4.885758257743967e-06,0.0006056374143482951,-0.00125550902803441,8.183169453155439e-05,0.0001681941875123684,0.001413220301459738
9650,1,-2.299591349458555e-05,6.442464178768527e-07,0.0005861882002596308,2.003520496271747e-05,0.0005187573185467127,5.340695753349525e-05,-0.0001189590737174242,0.0007941410218159544
9650,2,-5.046682841551725e-05,-1.67056959966736e-06,0.000631301754811746,8.456982744462907e-05,0.001208641023681196,-0.0001458179609564101,-0.0003376807777883706,0.001415749964670982
9650,3,0,0,0,0,0,0,0,0
9700,0,-0.000133911095595719,-3.391548925083988e-05,-4.885758257743967e-06,0.0006056374143482951,-0.00125550902803441,8.183169419020304e-05,0.0001681941868296657,0.001413220301425171
9700,1,-2.299591348023016e-05,6.442464222766057e-07,0.0005861882002596308,2.003520496271746e-05,0.0005187573185464246,5.340695754091722e-05,-0.0001189590737025801,0.0007941410218136296
9700,2,-5.046682838978455e-05,-1.67056959282834e-06,0.000631301754811746,8.456982744462907e-05,0.001208641023681196,-0.0001458179609431313,-0.0003376807777618132,0.001415749964662355
9700,3,0,0,0,0,0,0,0,0
9750,0,-0.0001339110960897261,-3.391548937031811e-05,-4.885758257743967e-06,0.0006056374143482948,-0.00125550902803441,8.183169393608352e-05,0.0001681941863214267,0.001413220301399645
9750,1,-2.299591334849824e-05,6.442464237923637e-07,0.0005861882002596312,2.003520496271839e-05,0.0005187573185616191,5.340695760853301e-05,-0.0001189590735673494,0.0007941410218040325
9750,2,-5.046682837430012e-05,-1.670569592791227e-06,0.000631301754811746,8.456982744462907e-05,0.001208641023682786,-0.0001458179609351842,-0.000337680777745919,0.00141574996465855
9750,3,0,0,0,0,0,0,0,0
9800,0,-0.0001339110964198046,-3.391548940588077e-05,-4.885758257743966e-06,0.0006056374143482861,-0.001255509028034378,8.183169376712828e-05,0.000168194185983516,0.001413220301381744
9800,1,-2.299591312729509e-05,6.442464241919912e-07,0.0005861882002596333,2.003520496273725e-05,0.0005187573185865704,5.340695772167082e-05,-0.0001189590733410757,0.0007941410217876421
9800,2,-5.046682835183731e-05,-1.670569592675415e-06,0.000631301754811746,8.456982744463084e-05,0.001208641023683922,-0.0001458179609236999,-0.0003376807777229504,0.001415749964652058
9800,3,0,0,0,0,0,0,0,0
9850,0,-0.0001339110968520341,-3.391548941037705e-05,-4.885758257743966e-06,0.0006056374143482515,-0.001255509028034378,8.183169354723314e-05,0.0001681941855437248,0.001413220301357719
9850,1,-2.299591302624413e-05,6.442464244290716e-07,0.0005861882002596339,2.003520496275498e-05,0.0005187573185973607,5.340695777316905e-05,-0.0001189590732380798,0.0007941410217798007
9850,2,-5.046682833846135e-05,-1.670569592544891e-06,0.000631301754811746,8.456982744463428e-05,0.001208641023683922,-0.0001458179609168992,-0.0003376807777093486,0.001415749964647637
9850,3,0,0,0,0,0,0,0,0
9900,0,-0.0001339110973467947,-3.391548942409856e-05,-4.885758257743966e-06,0.0006056374143482515,-0.001255509028034378,8.183169329669742e-05,0.0001681941850426533,0.001413220301330788
9900,1,-2.299591302624413e-05,6.442464244290716e-07,0.0005861882002596339,2.003520496275498e-05,0.0005187573185973607,5.340695777316905e-05,-0.0001189590732380798,0.0007941410217798007
9900,2,-5.046682833030276e-05,-1.670569592326489e-06,0.000631301754811746,8.456982744463428e-05,0.001208641023683922,-0.0001458179609127611,-0.0003376807777010725,0.001415749964644946
9900,3,0,0,0,0,0,0,0,0
9950,0,-0.000133911097786356,-3.391548944507145e-05,-4.885758257743966e-06,0.0006056374143482515,-0.001255509028034378,8.183169307523351e-05,0.0001681941845997255,0.001413220301307403
9950,1,-2.299591302148095e-05,6.442464246647938e-07,0.0005861882002596339,2.003520496275498e-05,0.0005187573185973607,5.340695777557031e-05,-0.0001189590732332772,0.0007941410217791049
9950,2,-5.04668283227059e-05,-1.670569591937925e-06,0.000631301754811746,8.456982744463428e-05,0.001208641023683922,-0.0001458179609089351,-0.0003376807776934205,0.001415749964642455
9950,3,0,0,0,0,0,0,0,0
10000,0,-0.0001339110981750946,-3.391548947134309e-05,-4.885758257743966e-06,0.0006056374143482515,-0.001255509028034378,8.183169288035819e-05,0.0001681941842099749,0.001413220301287199
10000,1,-2.299591302222746e-05,6.44246424616014e-07,0.0005861882002596339,2.003520496275498e-05,0.0005187573185973607,5.340695777519608e-05,-0.0001189590732340257,0.0007941410217792136
10000,2,-5.046682830834644e-05,-1.670569590994718e-06,0.000631301754811746,8.456982744463428e-05,0.001208641023683922,-0.0001458179609017305,-0.0003376807776790112,0.001415749964637763
10000,3,0,0,0,0,0,0,0,0
