0.0918097400
0.0918081222
0.0918081222
0.0918081222
0.0910031212
0.0910031212
0.0909156741
0.0909156741
0.0909156741
0.0909156741
0.0908989607
0.0908759324
0.0908759324
0.0908759324
0.0904038731
0.0896176053
0.0896176053
0.0895901621
0.0889788341
0.0883511645
0.0883511645
0.0877123933
0.0877006345
0.0876468824
0.0868388603
0.0868388603
0.0868388603
0.0859342908
0.0854455705
0.0854446678
0.0853239393
0.0853239393
0.0845363355
0.0844726966
0.0844726966
0.0839804104
0.0839804104
0.0838194212
0.0837619132
0.0836501091
0.0826817722
0.0826817722
0.0823736568
0.0823736568
0.0822350011
0.0819078160
0.0817058557
0.0815165460
0.0808444802
0.0808368721
0.0807571826
0.0805048515
0.0804194774
0.0803568841
0.0802715100
0.0801884961
0.0801884961
0.0801423404
0.0801131744
0.0799601365
0.0797905316
0.0790485797
0.0790306695
0.0788867994
0.0788867994
0.0785205766
0.0780159247
0.0779341715
0.0779049238
0.0778910962
0.0778484674
0.0778091663
0.0777968970
0.0777905798
0.0777483845
0.0776877238
0.0775302440
0.0775302440
0.0768298898
0.0761171666
0.0761074096
0.0759112637
0.0757769485
0.0757434305
0.0757434305
0.0756967860
0.0754158819
0.0754158819
0.0754135076
0.0752778029
0.0746153992
0.0742361122
0.0740428885
0.0739901551
0.0739803855
0.0739803855
0.0739756037
0.0726331750
0.0725583499
0.0725367557
0.0725367557
0.0725249709
0.0724309386
0.0722194441
0.0721534431
0.0721488554
0.0718047875
0.0707934944
0.0704386070
0.0703493649
0.0702743793
0.0702523205
0.0702270701
0.0698042326
0.0694433246
0.0693977244
0.0692825013
0.0691851312
0.0691851312
0.0691706853
0.0691220877
0.0689835674
0.0689804644
0.0689358830
0.0688899575
0.0688899575
0.0688856382
0.0687268433
0.0686545722
0.0686497932
0.0685109366
0.0685051750
0.0684889186
0.0684791421
0.0678886095
0.0671518320
0.0671222528
0.0670377389
0.0670059497
0.0669481922
0.0666396582
0.0666281922
0.0665048566
0.0663475608
0.0663429620
0.0663104001
0.0661989588
0.0661668563
0.0660994168
0.0660526603
0.0660465704
0.0660428388
0.0658315343
0.0658267404
0.0657920820
0.0657774782
0.0657771966
0.0657666967
0.0657050024
0.0656836435
0.0655749850
0.0655312403
0.0654958621
0.0654337184
0.0653274513
0.0653274513
0.0651776778
0.0651106395
0.0650713789
0.0650495205
0.0650273804
0.0650106535
0.0650102182
0.0649533397
0.0648498000
0.0648013529
0.0647897549
0.0646945427
0.0646531786
0.0645843094
0.0645223837
0.0644776355
0.0639286396
0.0638892239
0.0638741406
0.0635577560
0.0634946209
0.0634645099
0.0634573312
0.0634393495
0.0633441738
0.0633363819
0.0632933812
0.0632015954
0.0631378263
0.0630895653
0.0630321875
0.0630252939
0.0629707092
0.0628775280
0.0628775280
0.0627972648
0.0627972648
0.0627568161
0.0627537363
0.0626980586
0.0626100087
0.0626100087
0.0626100087
0.0624722338
0.0624604739
0.0624438401
0.0624384010
0.0624145997
0.0620922405
0.0620239100
0.0620172184
0.0618930004
0.0618853239
0.0618766173
0.0618198975
0.0617534099
0.0617534099
0.0617374828
0.0610680478
0.0610680478
0.0609906674
0.0609754015
0.0609754015
0.0609054092
0.0608443326
0.0608443326
0.0608304274
0.0607849335
0.0607840042
0.0606308759
0.0606308759
0.0605997122
0.0605997122
0.0604960922
0.0604764665
0.0603703708
0.0603552394
0.0603301441
0.0603216938
0.0603031794
0.0600912906
0.0600740139
0.0600264532
0.0598943759
0.0598142616
0.0598062425
0.0598062425
0.0597740070
0.0597551074
0.0592801930
0.0592659928
0.0592575872
0.0592394253
0.0592267037
0.0591348728
0.0591289412
0.0591249841
0.0591249841
0.0591178586
0.0590989464
0.0590798119
0.0589457558
0.0589334428
0.0589306882
0.0588666144
0.0588632117
0.0588063592
0.0588000169
0.0587379625
0.0587129531
0.0582842327
0.0580467212
0.0580111275
0.0579733739
0.0579733739
0.0579613427
0.0579265461
0.0579223684
0.0579152065
0.0579010220
0.0579010220
0.0578939396
0.0578911345
0.0578043273
0.0578007280
0.0577775668
0.0577758021
0.0576743848
0.0576128283
0.0569911103
0.0569573394
0.0569346545
0.0569194094
0.0567585353
0.0567408319
0.0567345472
0.0566842319
0.0566528312
0.0566358200
0.0566220160
0.0566220160
0.0566119993
0.0566047892
0.0566025450
0.0566025450
0.0565962528
0.0565949140
0.0564618269
0.0564525799
0.0564525799
0.0564504356
0.0564240601
0.0562991142
0.0559968935
0.0559009354
0.0558732281
0.0558602070
0.0558500243
0.0558451035
0.0557555132
0.0557555132
0.0557555132
0.0556899251
0.0556899251
0.0556820469
0.0556760922
0.0556689078
0.0556689078
0.0556184878
0.0556026180
0.0556026180
0.0556003295
0.0555819164
0.0555796084
0.0555623659
0.0555282727
0.0555282727
0.0555259842
0.0555181752
0.0554914521
0.0554836431
0.0554802977
0.0554271170
0.0553555662
0.0553532777
0.0553322559
0.0552945083
0.0552680189
0.0552657109
0.0551948820
0.0550916514
0.0550823356
0.0550766509
0.0550732799
0.0550580662
0.0550443566
0.0550331605
0.0550183280
0.0549170231
0.0548755093
0.0548456055
0.0548456055
0.0548456055
0.0548400515
0.0548326990
0.0548178405
0.0547937852
0.0547871466
0.0547528838
0.0547528838
0.0547318724
0.0547301075
0.0547230190
0.0547190846
0.0547002043
0.0546874356
0.0546792316
0.0546792316
0.0546706152
0.0546706152
0.0546706152
0.0546689267
0.0546626933
0.0545711497
0.0545639544
0.0545601677
0.0545483205
0.0545358851
0.0540005045
0.0539406308
0.0539406308
0.0539406308
0.0539383550
0.0538499170
0.0538499170
0.0538476412
0.0538469378
0.0537589768
0.0537582735
0.0537464779
0.0537464779
0.0537464779
0.0537386671
0.0537130833
0.0537045297
0.0536900020
0.0536885892
0.0536822834
0.0536546479
0.0536017636
0.0535357880
0.0535357880
0.0535333085
0.0535197070
0.0534850406
0.0534767538
0.0534711000
0.0534403960
0.0534399754
0.0534295200
0.0534233485
0.0534216833
0.0534159063
0.0533386513
0.0533370644
0.0533307256
0.0533307256
0.0533116639
0.0533108424
0.0533108424
0.0532823775
0.0532745650
0.0532455970
0.0532374137
0.0532284349
0.0531421398
0.0531097733
0.0531027451
0.0531027451
0.0530986782
0.0530984400
0.0530791127
0.0530713235
0.0530440971
0.0530331297
0.0530071356
0.0529900772
0.0529853679
0.0529745116
0.0529219977
0.0529192768
0.0529184805
0.0529147386
0.0529095243
0.0529085945
0.0529062471
0.0528970695
0.0528886311
0.0528871790
0.0528779151
0.0528258269
0.0528112081
0.0528100133
0.0527730685
0.0527614052
0.0527570314
0.0527405541
0.0527404468
0.0527404468
0.0527404468
0.0527332199
0.0527137134
0.0526904047
0.0526505467
0.0526473590
0.0526471836
0.0526471836
0.0526012728
0.0525912686
0.0524803955
0.0523316704
0.0522743038
0.0521291104
0.0521253795
0.0520636173
0.0520636173
0.0520040058
0.0520040058
0.0519833969
0.0519241601
0.0519140129
0.0518861633
0.0518861633
0.0518861633
0.0518803180
0.0518780577
0.0517580332
0.0517482399
0.0517466100
0.0517459758
0.0517445761
0.0517445761
0.0517443979
0.0514130815
0.0514130815
0.0514130815
0.0514114136
0.0513405368
0.0513325541
0.0513325280
0.0513325280
0.0512871631
0.0512859804
0.0512821261
0.0512319940
0.0512017221
0.0511974258
0.0511958725
0.0511940851
0.0511874065
0.0511848022
0.0511842517
0.0511647102
0.0511646692
0.0511434426
0.0511413389
0.0511413389
0.0511394718
0.0511301012
0.0511301012
0.0511174438
0.0511154197
0.0511140940
0.0511095610
0.0511082508
0.0510258361
0.0510233053
0.0510228739
0.0510206045
0.0510200842
0.0510136089
0.0510130991
0.0510092515
0.0510046529
0.0510045995
0.0510025736
0.0510017623
0.0510012249
0.0510012249
0.0510012249
0.0509767762
0.0509719653
0.0509301624
0.0509245577
0.0508666115
0.0508539433
0.0508539433
0.0508517810
0.0508455655
0.0508320035
0.0508272648
0.0507930357
0.0507908170
0.0507788379
0.0507712453
0.0507593745
0.0507545073
0.0507541533
0.0507344662
0.0507344662
0.0507323038
0.0507320128
0.0507271456
0.0507222051
0.0507217627
0.0507133437
0.0506797163
0.0506723803
0.0506586265
0.0506584437
0.0506080516
0.0505980288
0.0505572263
0.0505405265
0.0505322964
0.0505302507
0.0505302507
0.0505275735
0.0505229826
0.0505151152
0.0505151152
0.0505049311
0.0504616364
0.0504616364
0.0504516867
0.0504327175
0.0504288222
0.0504247444
0.0504247444
0.0504247444
0.0504202118
0.0504151947
0.0504084116
0.0504084116
0.0504028334
0.0504019531
0.0503961554
0.0503905119
0.0503905119
0.0503905119
0.0503898650
0.0503897293
0.0503871479
0.0503251408
0.0503230570
0.0503230570
0.0503196759
0.0503183551
0.0503173131
0.0503035825
0.0502883593
0.0502854917
0.0502854917
0.0502852874
0.0502850484
0.0502630241
0.0502465333
0.0502418578
0.0502397568
0.0502208568
0.0501707312
0.0501644578
0.0501515284
0.0501335272
0.0501333219
0.0501329564
0.0501245778
0.0501157653
0.0501131132
0.0501121636
0.0501121636
0.0501081084
0.0501070747
0.0501055053
0.0500834719
0.0500821964
0.0500812776
0.0500812776
0.0500786074
0.0500786074
0.0500784989
0.0500709105
0.0500631604
0.0500631604
0.0500548410
0.0500501092
0.0500500007
0.0500500007
0.0500319388
0.0500213038
0.0500157654
0.0500157654
0.0500130079
0.0500129155
0.0500034442
0.0500015587
0.0499147981
0.0498982629
0.0498818042
0.0498703935
0.0498534443
0.0498442140
0.0498351542
0.0498323274
0.0498229557
0.0498132332
0.0498102458
0.0498074946
0.0497982097
0.0497966427
0.0497960724
0.0497943021
0.0497925611
0.0497904228
0.0497779469
0.0497745774
0.0497745774
0.0497609396
0.0497600630
0.0497600630
0.0497393628
0.0497251396
0.0497198885
0.0497198885
0.0497158288
0.0496843914
0.0496769455
0.0496089388
0.0496089388
0.0496059153
0.0495998836
0.0495993342
0.0495973591
0.0495966522
0.0495818528
0.0495799446
0.0495784712
0.0495774455
0.0495762755
0.0495762755
0.0495755256
0.0495667487
0.0495654557
0.0495632887
0.0495584116
0.0495549622
0.0495522901
0.0495518733
0.0495406063
0.0495406063
0.0495401575
0.0495401575
0.0494717908
0.0494709280
0.0494684391
0.0494684391
0.0494450317
0.0494436838
0.0494421668
0.0494417433
0.0494409882
0.0494372852
0.0494242814
0.0494178036
0.0494119442
0.0494115208
0.0493984740
0.0493777236
0.0493695389
0.0493695389
0.0493323838
0.0493314444
0.0493014210
0.0492744066
0.0492613118
0.0492613118
0.0492607483
0.0492575899
0.0492562114
0.0492541277
0.0492537043
0.0492526197
0.0492526197
0.0492524591
0.0492317266
0.0492278410
0.0492249276
0.0492249276
0.0492245959
0.0492245959
0.0492159654
0.0492087693
0.0492046493
0.0491742954
0.0491671248
0.0491664776
0.0491578309
0.0491550638
0.0490776064
0.0490770897
0.0490752668
0.0490752668
0.0490724779
0.0490706549
0.0489548728
0.0489361785
0.0489361785
0.0489290145
0.0489287899
0.0489284558
0.0489278750
0.0489244444
0.0489137492
0.0489115187
0.0489115187
0.0489103658
0.0489000301
0.0489000301
0.0488982507
0.0488962268
0.0488906079
0.0488870608
0.0488860656
0.0488850629
0.0488833413
0.0488780136
0.0488712668
0.0488712668
0.0488712668
0.0488712668
0.0488712668
0.0488707778
0.0488707778
0.0488686106
0.0488682351
0.0488682351
0.0488115171
0.0488041214
0.0488041214
0.0488041214
0.0488041214
0.0488041214
0.0488034447
0.0488034447
0.0488033703
0.0487977230
0.0487977230
0.0487156315
0.0487156315
0.0487156315
0.0487156315
0.0487155980
0.0487155915
0.0487154858
0.0487142220
0.0485854443
0.0485854443
0.0485840113
0.0485840113
0.0485835356
0.0485835356
0.0485717297
0.0485701215
0.0485682881
0.0485682881
0.0485632158
0.0485631101
0.0485631101
0.0485624674
0.0485305273
0.0485251451
0.0485251451
0.0484292172
0.0484275630
0.0484269203
0.0484220897
0.0484220897
0.0484220897
0.0484216181
0.0484209402
0.0484184478
0.0484175730
0.0484096289
0.0483974314
0.0483974314
0.0483952696
0.0483951091
0.0483951091
0.0483826556
0.0483686715
0.0483686715
0.0483677041
0.0483658584
0.0483655511
0.0483629688
0.0483450429
0.0483428581
0.0483371089
0.0483357325
0.0483281861
0.0483280001
0.0483182646
0.0483180404
0.0483174780
0.0483161547
0.0483161547
0.0483117111
0.0483109455
0.0483084285
0.0483018867
0.0483018867
0.0483015863
0.0482996667
0.0482996667
0.0482991574
0.0482987852
0.0482985008
0.0482974222
0.0482912205
0.0482895724
0.0482872861
0.0482872861
0.0482824101
0.0482802585
0.0482800156
0.0482680026
0.0482678847
0.0482429319
0.0482364950
0.0482364950
0.0482349162
0.0482323465
0.0482322554
0.0481654414
0.0481634535
0.0481611472
0.0481611472
0.0481581258
0.0481561181
0.0481544538
0.0481544538
0.0481534808
0.0481534808
0.0481521329
0.0481521329
0.0481235629
0.0481213656
0.0481213656
0.0481213656
0.0480250028
0.0480227095
0.0480196787
0.0480196787
0.0480191976
0.0480029493
0.0479994127
0.0479939580
0.0479938000
0.0479790148
0.0479770304
0.0479759428
0.0479758254
0.0479752710
0.0479752710
0.0479752710
0.0479734434
0.0479727892
0.0479712102
0.0479692456
0.0479661909
0.0479661909
0.0479660615
0.0479655092
0.0479655092
0.0479617131
0.0479601439
0.0479595915
0.0479595915
0.0479578046
0.0479556811
0.0479555395
0.0479544652
0.0479544652
0.0479542530
0.0479254625
0.0479238322
0.0479216196
0.0479216196
0.0478916274
0.0478912122
0.0478907007
0.0478892584
0.0478876844
0.0478829307
0.0478757523
0.0478757523
0.0478729998
0.0478729998
0.0478688050
0.0478653970
0.0478653970
0.0478599566
0.0478581744
0.0478581744
0.0478575136
0.0478575136
0.0478567400
0.0478567267
0.0478483025
0.0478421847
0.0477921697
0.0477915432
0.0477914615
0.0477879614
0.0476779893
0.0476777866
0.0476777866
0.0476714117
0.0476684489
0.0476637727
0.0476637727
0.0476623854
0.0476623854
0.0476621212
0.0475381365
0.0475356726
0.0475356726
0.0475325405
0.0474947615
0.0474842264
0.0474840342
0.0474820751
0.0474820751
0.0474039913
0.0474034843
0.0474034843
0.0474034843
0.0474030878
0.0474030878
0.0474014011
0.0474010046
0.0474010046
0.0473982746
0.0473982746
0.0473982746
0.0473974805
0.0473938531
0.0473616477
0.0473586834
0.0473580557
0.0473569508
0.0473547827
0.0473537565
0.0473517789
0.0473513921
0.0473511167
0.0473085307
0.0473023259
0.0473023259
0.0473020891
0.0473005146
0.0471997919
0.0471931267
0.0471928899
0.0471905511
0.0471865437
0.0471863954
0.0471863954
0.0471861987
0.0471855296
0.0471853328
0.0471853328
0.0471774025
0.0471757637
0.0471754549
0.0471661731
0.0471661731
0.0471642105
0.0471578104
0.0471556095
0.0471556095
0.0471554100
0.0471554100
0.0471554100
0.0471492769
0.0471492734
0.0471443229
0.0471421216
0.0471405247
0.0471403215
0.0471393595
0.0471211343
0.0471113122
0.0470676073
0.0470662374
0.0470619769
0.0470608064
0.0470039137
0.0470039137
0.0470022502
0.0470007810
0.0469973426
0.0469967347
0.0469925784
0.0469893181
0.0469888918
0.0469888918
0.0469887942
0.0469857063
0.0468290503
0.0468091477
0.0468090501
0.0467189787
0.0467184402
0.0467184402
0.0467182225
0.0467182225
0.0467155450
0.0466820927
0.0466820927
0.0466818315
0.0466818315
0.0466775636
0.0466775636
0.0466721326
0.0466412839
0.0466410606
0.0466357240
0.0466356351
0.0466218475
0.0466168946
0.0466168946
0.0466168946
0.0466135212
0.0466135212
0.0466127286
0.0466127286
0.0466127286
0.0466121730
0.0466118461
0.0466114284
0.0466114284
0.0466107939
0.0466107939
0.0466107939
0.0466097468
0.0466097468
0.0466068895
0.0466065385
0.0466063143
0.0466060910
0.0466052539
0.0465716069
0.0465515806
0.0462835010
0.0462835010
0.0462835010
0.0462833369
0.0462774607
0.0462771758
0.0462663596
0.0462651178
0.0462651178
0.0462643008
0.0462640301
0.0462634907
0.0462627876
0.0462626234
0.0462562510
0.0462527279
0.0462527279
0.0462524431
0.0462524431
0.0462519233
0.0462466268
0.0462466268
0.0462466268
0.0462448110
0.0462440489
0.0462432318
0.0462429863
0.0462411928
0.0462404307
0.0462404307
0.0462384168
0.0462382125
0.0462354381
0.0462354381
0.0462354381
0.0462279450
0.0462279450
0.0462279450
0.0462184992
0.0462153817
0.0462153817
0.0462143063
0.0462123832
0.0462095887
0.0462081694
0.0462081694
0.0461870737
0.0461851774
0.0461851774
0.0461835982
0.0460120079
0.0459885606
0.0459885606
0.0459884342
0.0459884342
0.0459875848
0.0459874518
0.0459874030
0.0459874030
0.0459871005
0.0459871005
0.0459869742
0.0459869742
0.0459836841
0.0459835577
0.0459828007
0.0458449484
0.0458449337
0.0458449337
0.0457773607
0.0457759019
0.0457718645
0.0457692973
0.0457692973
0.0457692973
0.0457690836
0.0457690836
0.0456853971
0.0456850889
0.0456850889
0.0455150665
0.0454812279
0.0454801699
0.0454720915
0.0454720915
0.0454710320
0.0454692731
0.0454608899
0.0454598543
0.0454560609
0.0454512971
0.0454512971
0.0454512971
0.0454510610
0.0454510610
0.0454510610
0.0454510610
0.0454510610
0.0454471450
0.0454471450
0.0454471450
0.0454459971
0.0454458793
0.0454457235
0.0454443652
0.0454432174
0.0454422815
0.0454422815
0.0454390665
0.0454378528
0.0453728682
0.0453626245
0.0452501618
0.0452501618
0.0452486537
0.0452484033
0.0452484033
0.0452484033
0.0452463160
0.0452463160
0.0452460319
0.0452460319
0.0452449351
0.0452443721
0.0452443721
0.0452429840
0.0452429840
0.0452429840
0.0452429840
0.0452429840
0.0452429840
0.0452428217
0.0452422678
0.0452422678
0.0452418467
0.0452405060
0.0452271735
0.0452241808
0.0452239771
0.0452182432
0.0452174312
0.0452089966
0.0452049528
0.0452049436
0.0452043493
0.0451996743
0.0451996743
0.0451943972
0.0451943972
0.0451917898
0.0451903165
0.0451875996
0.0451875996
0.0451875996
0.0451873769
0.0451870053
0.0451870053
0.0451805169
0.0451796920
0.0451785035
0.0451785035
0.0451776859
0.0451770781
0.0451770781
0.0451770781
0.0451764839
0.0451764839
0.0451762445
0.0451748321
0.0451743553
0.0451743553
0.0451653121
0.0451653121
0.0451647489
0.0451647489
0.0451642948
0.0451526976
0.0451526976
0.0451520475
0.0451438384
0.0451396855
0.0451371207
0.0451371207
0.0451363513
0.0451356627
0.0451346996
0.0451337400
0.0451320883
0.0451320883
0.0451320225
0.0451320171
0.0451251376
0.0451251376
0.0451246294
0.0451243446
0.0451231144
0.0451152032
0.0451146195
0.0451143428
0.0449162148
0.0449153543
0.0449133311
0.0449133311
0.0449110750
0.0448788685
0.0448788685
0.0448787753
0.0448756850
0.0448749740
0.0448732499
0.0448731608
0.0448730676
0.0448715015
0.0448715015
0.0448364181
0.0448363249
0.0448363249
0.0448361049
0.0448336874
0.0448336874
0.0448335865
0.0448320241
0.0448319232
0.0448319232
0.0448316470
0.0448268577
0.0448268577
0.0448268577
0.0448262531
0.0448262531
0.0448237455
0.0448236523
0.0448236523
0.0448230154
0.0448230154
0.0448209345
0.0448187877
0.0448184820
0.0448184820
0.0448183965
0.0448181831
0.0448178774
0.0448166909
0.0448128937
0.0448113302
0.0448113009
0.0448103033
0.0448098933
0.0448092933
0.0448085027
0.0448083127
0.0448068186
0.0448068186
0.0448050467
0.0447990004
0.0447980235
0.0447975063
0.0447975063
0.0447968371
0.0447911720
0.0447908045
0.0447907427
0.0447868087
0.0447851752
0.0447850679
0.0447850679
0.0447850679
0.0447846195
0.0447846195
0.0447846195
0.0447826366
0.0447763744
0.0447763744
0.0447763744
0.0447720513
0.0447720513
0.0447644132
0.0447638301
0.0447638301
0.0447638301
0.0447631458
0.0447627406
0.0447627406
0.0447627406
0.0447617922
0.0447617922
0.0447615578
0.0447615578
0.0447577894
0.0447575645
0.0447563794
0.0446988706
0.0446979496
0.0446979496
0.0446964796
0.0446964796
0.0446959569
0.0446959569
0.0446959569
0.0446952494
0.0446895978
0.0446889278
0.0446879158
0.0446867955
0.0446843505
0.0446843214
0.0446843214
0.0446826066
0.0446826066
0.0446826066
0.0446826066
0.0446826066
0.0446817238
0.0446810384
0.0446810384
0.0446804657
0.0446804657
0.0446756945
0.0446756945
0.0446754895
0.0446754895
0.0446754895
0.0446752569
0.0446744617
0.0446742290
0.0446673886
0.0446669029
0.0446601509
0.0446600763
0.0446600763
0.0446600763
0.0446599965
0.0446555798
0.0446547284
0.0446541700
0.0446541700
0.0446540428
0.0446536720
0.0446497096
0.0446494279
0.0446494279
0.0446486711
0.0446486711
0.0446485560
0.0446478622
0.0446477471
0.0446461826
0.0446450372
0.0446360280
0.0446360280
0.0446360280
0.0446360280
0.0446360280
0.0446355192
0.0446265774
0.0446253435
0.0446236265
0.0446236265
0.0446236265
0.0446236265
0.0446236265
0.0446236265
0.0446236265
0.0446166442
0.0446166442
0.0446166442
0.0446159588
0.0446156392
0.0446156392
0.0446154471
0.0445756195
0.0445693640
0.0445688745
0.0445686824
0.0445686824
0.0445686824
0.0445673887
0.0445665648
0.0445665648
0.0445652711
0.0445630012
0.0445618135
0.0445617075
0.0445606819
0.0445606819
0.0445606370
0.0445604014
0.0445603014
0.0445573369
0.0445570462
0.0445564758
0.0445544166
0.0445537530
0.0445535794
0.0445531610
0.0445531060
0.0445530611
0.0445530611
0.0445528666
0.0445498316
0.0445498316
0.0445424684
0.0445422391
0.0445422005
0.0445422005
0.0445422005
0.0445420162
0.0445419903
0.0445419353
0.0445418366
0.0445417557
0.0445413718
0.0445406003
0.0445404999
0.0445032404
0.0445032404
0.0445016939
0.0445015935
0.0445015935
0.0445015935
0.0445015935
0.0445014179
0.0445014179
0.0444947889
0.0444946133
0.0444865970
0.0444865970
0.0444801247
0.0444801247
0.0444801247
0.0444801247
0.0444801247
0.0444797557
0.0444797557
0.0444797557
0.0444793574
0.0444791036
0.0444699836
0.0444693316
0.0444665169
0.0444665169
0.0444665169
0.0444665169
0.0444665169
0.0444467076
0.0444467076
0.0444467076
0.0444467076
0.0444467076
0.0444467076
0.0444465748
0.0444463624
0.0444462296
0.0444462296
0.0444462296
0.0444462296
0.0444462296
0.0444462296
0.0444462296
0.0444459480
0.0444459480
0.0444459480
0.0444440969
0.0444436636
0.0444436636
0.0443961169
0.0443956786
0.0443951908
0.0443947217
0.0443947217
0.0443947217
0.0443944122
0.0443944122
0.0443873184
0.0443871183
0.0443862254
0.0443862254
0.0443855602
0.0443840501
0.0443839488
0.0443839488
0.0443839488
0.0443837610
0.0443826957
0.0443821318
0.0443820408
0.0443819396
0.0443706668
0.0443706178
0.0443298533
0.0442865340
0.0442864784
0.0442864163
0.0442863669
0.0442863669
0.0442863669
0.0442862924
0.0442843867
0.0442843457
0.0442843457
0.0442843457
0.0442843122
0.0442810489
0.0442763516
0.0442763023
0.0442763023
0.0442763023
0.0442741277
0.0442741277
0.0442741277
0.0442741277
0.0442741277
0.0442741277
0.0442741277
0.0442704609
0.0442704609
0.0442702198
0.0442629935
0.0442628544
0.0442624716
0.0442624716
0.0442623177
0.0442615407
0.0442615407
0.0442612699
0.0442606856
0.0442606856
0.0442604446
0.0442602581
0.0442592491
0.0442592491
0.0442592491
0.0442591274
0.0442588506
0.0442587290
0.0442586716
0.0442586716
0.0442578141
0.0442464545
0.0442058927
0.0442057880
0.0442057880
0.0442057880
0.0442056604
0.0442056604
0.0442056604
0.0442056604
0.0442003463
0.0442001407
0.0441997209
0.0441997209
0.0441997209
0.0441996260
0.0441976428
0.0441976428
0.0441972864
0.0441972864
0.0441968192
0.0441968192
0.0441964979
0.0441964979
0.0441964979
0.0441957365
0.0441957365
0.0441957365
0.0441955703
0.0441955703
0.0441955703
0.0441955703
0.0441951292
0.0441943049
0.0441936958
0.0441936958
0.0441936958
0.0441934888
0.0441934881
0.0441931857
0.0441931857
0.0441918418
0.0441918418
0.0441918411
0.0441875451
0.0441872267
0.0441869451
0.0441869451
0.0441832039
0.0441832039
0.0441832039
0.0441832039
0.0441828798
0.0441828798
0.0441828798
0.0441826834
0.0441826834
0.0441812143
0.0441812143
0.0441809392
0.0441809392
0.0441784197
0.0441777909
0.0441772363
0.0441764188
0.0441761994
0.0441756887
0.0441753189
0.0441753189
0.0441743127
0.0441743127
0.0441740770
0.0441740770
0.0441740770
0.0441740770
0.0441740770
0.0441740770
0.0441704859
0.0441704859
0.0441700642
0.0441700642
0.0441687962
0.0441677410
0.0441676278
0.0441262547
0.0441251995
0.0441245893
0.0440468455
0.0440465272
0.0440457903
0.0440457903
0.0440454249
0.0440454249
0.0440454249
0.0440454249
0.0440091049
0.0440091049
0.0440088611
0.0440072035
0.0440054037
0.0440054037
0.0440054037
0.0440053935
0.0440053935
0.0440040481
0.0440040481
0.0440031917
0.0440028546
0.0440028546
0.0440028238
0.0440026883
0.0440026425
0.0440026425
0.0440021325
0.0440021325
0.0438318409
0.0438250905
0.0438125620
0.0438117889
0.0438106917
0.0438105246
0.0438094558
0.0437833839
0.0437818687
0.0437806975
0.0437806329
0.0437780283
0.0437780283
0.0437780283
0.0437742545
0.0437722726
0.0437722726
0.0437722726
0.0437722726
0.0437722726
0.0437711117
0.0437711117
0.0437711117
0.0437709493
0.0437681770
0.0437681770
0.0437681770
0.0437675025
0.0437675025
0.0437673662
0.0437673662
0.0437671343
0.0437670898
0.0437662395
0.0437661032
0.0437661032
0.0437649356
0.0437649356
0.0437649356
0.0437649356
0.0437647031
0.0437647031
0.0437647031
0.0437647031
0.0437647031
0.0437647031
0.0437613999
0.0437613999
0.0437613882
0.0437613882
0.0437613173
0.0437611524
0.0437611524
0.0437611524
0.0437611524
0.0437611524
0.0437611524
0.0437545653
0.0437545653
0.0437545653
0.0437541360
0.0437478811
0.0437474518
0.0437461493
0.0437461493
0.0437452404
0.0437450351
0.0437447665
0.0437447665
0.0437447665
0.0437447665
0.0437447030
0.0437447030
0.0437447030
0.0437447030
0.0437441991
0.0437441062
0.0437434678
0.0437427554
0.0437427554
0.0437407116
0.0437407116
0.0437407116
0.0437407116
0.0437395448
0.0437395448
0.0437395448
0.0437395448
0.0437395448
0.0437387663
0.0437379932
0.0437379932
0.0437379932
0.0437379932
0.0437372020
0.0437347625
0.0437322786
0.0437322786
0.0437322165
0.0437322165
0.0437322165
0.0437322165
0.0437315123
0.0437312066
0.0437312066
0.0437312066
0.0437309827
0.0437306770
0.0437304819
0.0437304624
0.0437304624
0.0437300581
0.0437266401
0.0437264450
0.0437248946
0.0437248946
0.0437245009
0.0437244904
0.0437242805
0.0437240812
0.0437240812
0.0437240812
0.0437239340
0.0437239340
0.0437234642
0.0437234642
0.0437234642
0.0437234642
0.0437158209
0.0437113364
0.0437113364
0.0437113364
0.0437113364
0.0437112211
0.0436393851
0.0436393851
0.0436393851
0.0436393851
0.0436393851
0.0436393851
0.0436020698
0.0436020698
0.0436016493
0.0436015489
0.0436015489
0.0436015489
0.0436015489
0.0436014730
0.0436012987
0.0436012987
0.0436012474
0.0436008197
0.0435998999
0.0435998487
0.0435824561
0.0435824561
0.0435821836
0.0435821836
0.0435821836
0.0435821836
0.0435821836
0.0435820935
0.0435820935
0.0435820935
0.0435820935
0.0435820935
0.0435817228
0.0435808563
0.0435805191
0.0435805191
0.0435801343
0.0435788447
0.0435788447
0.0435784599
0.0435755507
0.0435751691
0.0435751691
0.0435751691
0.0435751691
0.0435743337
0.0435743337
0.0435743337
0.0435723988
0.0435705330
0.0435705330
0.0435701049
0.0435701049
0.0435653617
0.0435604532
0.0435604532
0.0435604532
0.0435491505
0.0435436122
0.0435436122
0.0435309168
0.0435307392
0.0435307392
0.0435296453
0.0435296453
0.0434735155
0.0434735155
0.0434735155
0.0434735093
0.0434735093
0.0434735093
0.0434735093
0.0434696637
0.0434686782
0.0434682579
0.0434682579
0.0434415450
0.0434392145
0.0434266611
0.0434121358
0.0434121358
0.0434121358
0.0434121358
0.0434121358
0.0434121358
0.0434117083
0.0434117083
0.0434116713
0.0434106113
0.0434103440
0.0434103440
0.0434103440
0.0434101815
0.0433284225
0.0433284225
0.0433275865
0.0433275865
0.0433275865
0.0433272942
0.0433272942
0.0433272942
0.0433272942
0.0433272942
0.0433268722
0.0433268722
0.0433268722
0.0433268722
0.0433261214
0.0433256994
0.0433206102
0.0431986711
0.0431986711
0.0431986711
0.0431986711
0.0431985042
0.0431983962
0.0431974418
0.0431974418
0.0431974418
0.0431974418
0.0431967987
0.0431967987
0.0431911019
0.0431610495
0.0431595773
0.0431593911
0.0431590493
0.0431590493
0.0431581053
0.0431581053
0.0431581053
0.0431577950
0.0431556240
0.0431556240
0.0431556240
0.0431283634
0.0431283634
0.0431283634
0.0431283634
0.0431277375
0.0431270229
0.0431266392
0.0431260133
0.0431260133
0.0431260133
0.0431260133
0.0431227497
0.0431221238
0.0431145204
0.0431145204
0.0430821952
0.0430684352
0.0430684352
0.0430684352
0.0430684352
0.0430684352
0.0430684352
0.0430684352
0.0430684352
0.0430621666
0.0430616735
0.0430552230
0.0430552230
0.0430552230
0.0430545285
0.0430195611
0.0430190680
0.0430182390
0.0430182390
0.0430181483
0.0430151501
0.0430151501
0.0430144212
0.0430139252
0.0430139252
0.0430135856
0.0430135856
0.0430135856
0.0430135856
0.0430135856
0.0430135665
0.0430135665
0.0430125940
0.0430125001
0.0430121543
0.0430121543
0.0430115438
0.0430112154
0.0430105964
0.0430105964
0.0430097401
0.0430091108
0.0430091108
0.0430091108
0.0429956176
0.0429956176
0.0429950097
0.0429950097
0.0429950097
0.0429950097
0.0429950097
0.0429950097
0.0429937262
0.0429937262
0.0429937107
0.0429937107
0.0429936296
0.0429932107
0.0429932107
0.0429932107
0.0429932107
0.0429932107
0.0429932107
0.0429932107
0.0429930614
0.0429930614
0.0429930614
0.0429916889
0.0429909169
0.0429909169
0.0429895739
0.0429895739
0.0429895739
0.0429895739
0.0429895739
0.0429888285
0.0429888285
0.0429769963
0.0429768628
0.0429768628
0.0429768628
0.0429764860
0.0429755179
0.0429755179
0.0429755179
0.0429754089
0.0429751924
0.0429750654
0.0429750654
0.0429747209
0.0429745025
0.0429745025
0.0429745025
0.0429743935
0.0429563876
0.0429563876
0.0429560029
0.0429557421
0.0429557421
0.0429554510
0.0429552586
0.0429547425
0.0429543594
0.0429543594
0.0429534616
0.0429534616
0.0429534616
0.0429534616
0.0429534616
0.0429534616
0.0429534616
0.0429530674
0.0429507234
0.0429507234
0.0429507234
0.0429507234
0.0429507234
0.0429507234
0.0429507234
0.0429506556
0.0429506556
0.0429506315
0.0429506315
0.0429506315
0.0429506315
0.0429505613
0.0429505437
0.0429505437
0.0429504735
0.0429499808
0.0429499808
0.0429496056
0.0429493739
0.0429489986
0.0429489986
0.0429439636
0.0429439636
0.0429435884
0.0429435884
0.0429422011
0.0429422011
0.0428980398
0.0428975816
0.0428974875
0.0428974875
0.0428966438
0.0428959356
0.0428959110
0.0428959110
0.0428959110
0.0428959110
0.0428958008
0.0428420490
0.0428420490
0.0428419388
0.0428417939
0.0428404355
0.0428402905
0.0428402905
0.0428402905
0.0427832751
0.0427810919
0.0427809188
0.0427802879
0.0427801430
0.0427801430
0.0427801430
0.0427794787
0.0427786549
0.0427782432
0.0427782432
0.0427782432
0.0427773428
0.0427773253
0.0427773253
0.0427770696
0.0427769992
0.0427769992
0.0427769817
0.0427767863
0.0427765833
0.0427765833
0.0427762039
0.0427762039
0.0427758853
0.0427758061
0.0427757181
0.0427757181
0.0427730373
0.0427730373
0.0427729855
0.0427727354
0.0427727354
0.0427727354
0.0427727354
0.0427727354
0.0427727354
0.0427708803
0.0427621944
0.0427621944
0.0427621944
0.0427613746
0.0427613746
0.0427613746
0.0427594869
0.0427594771
0.0427588383
0.0427588383
0.0427588383
0.0427584491
0.0427584295
0.0427584295
0.0427580697
0.0427580697
0.0427579104
0.0427571047
0.0427571047
0.0427571047
0.0427571047
0.0427446686
0.0427446686
0.0427446686
0.0427438838
0.0427404642
0.0427398565
0.0427384742
0.0427384742
0.0427379909
0.0427379909
0.0427379909
0.0427379909
0.0427379909
0.0427327685
0.0427327685
0.0427327685
0.0427327685
0.0427321192
0.0427321192
0.0427320110
0.0427320110
0.0427320110
0.0427320110
0.0427320110
0.0427319284
0.0427319284
0.0427318280
0.0427318280
0.0427318280
0.0427318280
0.0427314360
0.0427312239
0.0427312239
0.0427312155
0.0427312155
0.0427312155
0.0427271899
0.0427271899
0.0427271899
0.0427271899
0.0427271899
0.0427246265
0.0427246265
0.0427244744
0.0427241727
0.0427241727
0.0427241727
0.0427241727
0.0427234895
0.0427234895
0.0427233075
0.0427233075
0.0427233075
0.0427230214
0.0427230214
0.0427230214
0.0427229240
0.0427229240
0.0427227715
0.0427168927
0.0427130343
0.0427130343
0.0427129228
0.0427129228
0.0427123852
0.0427119964
0.0427119964
0.0427117583
0.0427115926
0.0427114810
0.0427114810
0.0427114810
0.0427092915
0.0427092915
0.0427092915
0.0427092915
0.0427092915
0.0427092915
0.0427092503
0.0427092503
0.0427092503
0.0427090178
0.0427089766
0.0427088182
0.0427085149
0.0427083566
0.0427075410
0.0427073826
0.0427073826
0.0427073826
0.0427070677
0.0427070677
0.0427070677
0.0427070677
0.0427033960
0.0427033960
0.0427031924
0.0427031924
0.0427031924
0.0427031810
0.0427029463
0.0427029349
0.0427029349
0.0427027910
0.0427027910
0.0427027910
0.0427027910
0.0427020379
0.0427020379
0.0427015323
0.0427015323
0.0427015323
0.0427014731
0.0427014109
0.0427004141
0.0427004141
0.0427002928
0.0427002471
0.0427002471
0.0427002471
0.0426982460
0.0426981763
0.0426981158
0.0426978696
0.0426978696
0.0426978388
0.0426978388
0.0426978388
0.0426978388
0.0426972846
0.0426970077
0.0426970077
0.0426934321
0.0426934321
0.0426934321
0.0426934321
0.0426934321
0.0426934321
0.0426932292
0.0426932292
0.0426932292
0.0426932292
0.0426932292
0.0426929136
0.0426929136
0.0426892250
0.0426892250
0.0426892250
0.0426892250
0.0426892250
0.0426892250
0.0426890020
0.0426890020
0.0426890020
0.0426886619
0.0426886619
0.0426886102
0.0426882701
0.0426882701
0.0426882701
0.0426882701
0.0426882093
0.0426875401
0.0426872492
0.0426872492
0.0426872492
0.0426872492
0.0426869762
0.0426869762
0.0426869762
0.0426869762
0.0426869543
0.0426869543
0.0426869543
0.0426869543
0.0426867292
0.0426867292
0.0426867292
0.0426864907
0.0426861842
0.0426861842
0.0426861842
0.0426846050
0.0426796104
0.0426541352
0.0426541352
0.0426504140
0.0426276359
0.0425967713
0.0425934449
0.0425934449
0.0425930501
0.0425930501
0.0425927235
0.0425905291
0.0425905291
0.0425905291
0.0425905291
0.0425905291
0.0425905291
0.0425905291
0.0425892484
0.0425892484
0.0425892484
0.0425182217
0.0425181270
0.0425181180
0.0425181180
0.0425178983
0.0425178983
0.0425178983
0.0425178036
0.0425178036
0.0425109946
0.0425108909
0.0425093461
0.0425092515
0.0425092515
0.0425092316
0.0425092316
0.0425092316
0.0425092316
0.0425092316
0.0425090455
0.0425017734
0.0425017734
0.0425017734
0.0425017734
0.0425006081
0.0425006081
0.0424949094
0.0424949094
0.0424949094
0.0424924784
0.0424924784
0.0424921845
0.0424921845
0.0424919616
0.0424919616
0.0424917177
0.0424917177
0.0424916312
0.0424914693
0.0424914693
0.0424914693
0.0424914691
0.0424914691
0.0424870777
0.0424870777
0.0424870777
0.0424870777
0.0424870777
0.0424870252
0.0424870252
0.0424866400
0.0424866400
0.0424866400
0.0424857727
0.0424857727
0.0424854416
0.0424845743
0.0424845743
0.0424845743
0.0424845743
0.0424845743
0.0424843974
0.0424841292
0.0424840019
0.0424840019
0.0424840019
0.0424835460
0.0424835460
0.0424835460
0.0424833537
0.0424833537
0.0424833537
0.0424828059
0.0424828059
0.0424828059
0.0424826221
0.0424826221
0.0424826221
0.0424825737
0.0424823899
0.0424823899
0.0424823899
0.0424823899
0.0424823154
0.0424823154
0.0424821237
0.0424821237
0.0424821237
0.0424821237
0.0424821237
0.0424820718
0.0424814095
0.0424814095
0.0424814095
0.0424814095
0.0424814095
0.0424798101
0.0424798101
0.0424798101
0.0424798101
0.0424798101
0.0424798101
0.0424798101
0.0424792081
0.0424729561
0.0424729561
0.0424723542
0.0424709213
0.0424697002
0.0424697002
0.0424695965
0.0424695965
0.0424695965
0.0424693015
0.0424661453
0.0424657696
0.0424657696
0.0424652761
0.0424652761
0.0424652761
0.0424651655
0.0424646720
0.0424586303
0.0424586303
0.0424586303
0.0424575855
0.0424575855
0.0424575855
0.0424575855
0.0424574177
0.0424573488
0.0424569242
0.0424569242
0.0424568736
0.0424516475
0.0424515379
0.0424515379
0.0424515379
0.0424510674
0.0424510236
0.0424510236
0.0424510236
0.0424499732
0.0424499732
0.0424499732
0.0424499638
0.0424499200
0.0424499200
0.0424499200
0.0424495763
0.0424495669
0.0423260167
0.0423260167
0.0423259614
0.0423259614
0.0423256746
0.0423230442
0.0423227574
0.0423222652
0.0423219476
0.0423214554
0.0423214554
0.0423214554
0.0423065127
0.0423065127
0.0423019987
0.0423019987
0.0423019987
0.0423014996
0.0423014996
0.0423014996
0.0423014996
0.0422661002
0.0422652978
0.0422652978
0.0422652978
0.0422652978
0.0422652361
0.0422650228
0.0422650228
0.0422650228
0.0422650228
0.0422649496
0.0422647395
0.0422646663
0.0422646663
0.0422645944
0.0422645944
0.0422645944
0.0422528896
0.0422528896
0.0422528896
0.0422528829
0.0422528829
0.0422526442
0.0422526442
0.0422514011
0.0422514011
0.0422514011
0.0422508172
0.0422508172
0.0422508172
0.0422508172
0.0422508172
0.0422327369
0.0422317772
0.0422317772
0.0422317772
0.0422317772
0.0422313806
0.0422313806
0.0422313765
0.0422305233
0.0422300474
0.0422300474
0.0422300296
0.0422300296
0.0422300296
0.0422300296
0.0422300296
0.0422294630
0.0422294630
0.0422294352
0.0422294352
0.0422294352
0.0422294352
0.0422290345
0.0422290345
0.0422290345
0.0422290345
0.0422290345
0.0422289615
0.0422271878
0.0422247746
0.0422242872
0.0422242872
0.0422242872
0.0422242863
0.0422200470
0.0422200470
0.0422200461
0.0422200432
0.0422200432
0.0422200432
0.0422200432
0.0422197341
0.0422197341
0.0422197341
0.0422197341
0.0422197341
0.0422197341
0.0422197328
0.0422196942
0.0422196929
0.0422196929
0.0422195811
0.0422195811
0.0422195811
0.0422195811
0.0422195811
0.0422195602
0.0422195602
0.0422195486
0.0422195486
0.0422195486
0.0422193140
0.0422193140
0.0422182971
0.0422182855
0.0422182236
0.0422182236
0.0422181165
0.0422181165
0.0422181165
0.0422181165
0.0422181165
0.0422173125
0.0422173125
0.0422172003
0.0422156827
0.0422156827
0.0422144892
0.0422143284
0.0422138308
0.0422138308
0.0422138308
0.0422137901
0.0422137901
0.0421395395
0.0421395138
0.0421395138
0.0421393839
0.0421392161
0.0421391754
0.0421371431
0.0421371123
0.0421370182
0.0421368353
0.0421368353
0.0421356041
0.0421356041
0.0421356041
0.0421333901
0.0421331591
0.0421331591
0.0421331591
0.0421330888
0.0421330888
0.0421327157
0.0421325498
0.0421325498
0.0421325498
0.0421325498
0.0421283720
0.0421283720
0.0421283720
0.0421266990
0.0421266990
0.0421257563
0.0421257563
0.0421257563
0.0421257563
0.0421257507
0.0421257507
0.0421257507
0.0421257507
0.0421251027
0.0421250757
0.0421250757
0.0421246962
0.0421215983
0.0421215983
0.0421215983
0.0421215423
0.0421215423
0.0421215423
0.0421215423
0.0421210386
0.0421210386
0.0421210386
0.0421209807
0.0421188265
0.0421188265
0.0421184288
0.0421180928
0.0421180928
0.0421176951
0.0421122109
0.0421118132
0.0421118132
0.0421118132
0.0421118132
0.0421118132
0.0421107855
0.0421107855
0.0421107855
0.0421107855
0.0421107855
0.0421107855
0.0421107674
0.0421083964
0.0420058016
0.0420058016
0.0420057835
0.0420057835
0.0419986718
0.0419986718
0.0419986718
0.0419986718
0.0419983270
0.0419983270
0.0419982663
0.0419919934
0.0419913615
0.0419741555
0.0419741176
0.0419734857
0.0419734857
0.0419732274
0.0419698386
0.0419693160
0.0419690220
0.0419684994
0.0419681805
0.0419681394
0.0419681394
0.0419680804
0.0419680804
0.0419680804
0.0419680804
0.0419680804
0.0419680804
0.0419680716
0.0419680716
0.0419680260
0.0419678329
0.0419677784
0.0419677784
0.0419677784
0.0419677784
0.0419677784
0.0419677784
0.0419677784
0.0419676619
0.0419676619
0.0419676619
0.0419644572
0.0419644572
0.0419640848
0.0419640848
0.0419640034
0.0419640034
0.0419640034
0.0419636693
0.0419636693
0.0419636693
0.0419636435
0.0419623763
0.0419623763
0.0419623763
0.0419622196
0.0419621938
0.0419621938
0.0419619811
0.0419617324
0.0419552762
0.0419547992
0.0419547992
0.0419545506
0.0419545506
0.0419545506
0.0419545506
0.0419545323
0.0419545323
0.0419545323
0.0419545323
0.0419540892
0.0419539508
0.0419539508
0.0419539508
0.0419539508
0.0419539508
0.0419539210
0.0419533829
0.0419533829
0.0419525981
0.0419525845
0.0419525845
0.0419525845
0.0419525845
0.0419525845
0.0419525845
0.0419525845
0.0419525845
0.0419525845
0.0419525845
0.0419525845
0.0419525845
0.0419525845
0.0419513709
0.0419513709
0.0419513709
0.0419513709
0.0419513709
0.0419513709
0.0419513709
0.0419513103
0.0419513103
0.0419513103
0.0419513103
0.0419513103
0.0419513103
0.0419513103
0.0419513103
0.0419511417
0.0419511417
0.0419511417
0.0419511417
0.0419511417
0.0419511417
0.0419508944
0.0419508944
0.0419508944
0.0419508944
0.0419508944
0.0419502892
0.0419502892
0.0419502892
0.0419499134
0.0419499134
0.0419499134
0.0419499134
0.0419499134
0.0419474660
0.0419474660
0.0419459899
0.0419459899
0.0419459899
0.0419459899
0.0419459899
0.0419459899
0.0419457053
0.0419457053
0.0419456273
0.0419456273
0.0419446078
0.0419445299
0.0419437073
0.0419437073
0.0419437073
0.0419382069
0.0419382069
0.0419382069
0.0419382069
0.0419377992
0.0419377992
0.0419377992
0.0419377992
0.0419377992
0.0419377992
0.0419377992
0.0419377992
0.0419377992
0.0419374838
0.0419374838
0.0419374838
0.0419374838
0.0419363584
0.0419363584
0.0419363584
0.0419363584
0.0419363584
0.0419363584
0.0419321737
0.0419321737
0.0419321737
0.0419321737
0.0419306870
0.0419305452
0.0419305452
0.0419305437
0.0419305437
0.0419304851
0.0419299508
0.0419299508
0.0419299508
0.0419299508
0.0419298528
0.0419297234
0.0419279845
0.0419279845
0.0419279845
0.0419279845
0.0419279845
0.0419279845
0.0419279845
0.0419279845
0.0419270180
0.0419270180
0.0419270180
0.0419270180
0.0419270180
0.0419270180
0.0419270180
0.0419270180
0.0419270180
0.0419270180
0.0419270180
0.0419270180
0.0419270180
0.0419270180
0.0419270180
0.0419268443
0.0419268443
0.0419268443
0.0419266400
0.0419265343
0.0419265343
0.0419264331
0.0419264331
0.0419264331
0.0419264331
0.0419264331
0.0419264331
0.0419264331
0.0418662347
0.0418661136
0.0418657446
0.0418657446
0.0418657446
0.0418657446
0.0418657446
0.0418657446
0.0418657446
0.0418657446
0.0418654816
0.0418641750
0.0418641750
0.0418641750
0.0418637796
0.0418637796
0.0418635705
0.0418635705
0.0418051527
0.0418035569
0.0418035569
0.0418035569
0.0417528711
0.0417528711
0.0417528711
0.0417528528
0.0417528528
0.0417528007
0.0417528007
0.0417528007
0.0417523542
0.0417523542
0.0417523542
0.0417523542
0.0417517472
0.0417517472
0.0417517472
0.0417517472
0.0417517472
0.0417511667
0.0417511667
0.0417511667
0.0417511667
0.0417505892
0.0417505862
0.0417505862
0.0417505862
0.0417505862
0.0417505862
0.0417500450
0.0417500450
0.0417500450
0.0417500450
0.0417500450
0.0417500450
0.0417500450
0.0417500239
0.0417500239
0.0417300689
0.0417300689
0.0417267380
0.0417267380
0.0417267168
0.0417267168
0.0417266942
0.0417193018
0.0417192792
0.0417137088
0.0417137088
0.0417137088
0.0417136003
0.0417124922
0.0417124922
0.0417124922
0.0417124922
0.0417124922
0.0417123551
0.0417123551
0.0417123551
0.0416937722
0.0416937722
0.0416937722
0.0416937722
0.0416937342
0.0416937342
0.0416937342
0.0416937342
0.0416936667
0.0416935632
0.0416935632
0.0416935632
0.0416935632
0.0416843452
0.0416843388
0.0416843388
0.0416843388
0.0416843388
0.0416843388
0.0416843388
0.0416841932
0.0416841932
0.0416841932
0.0416841932
0.0416841932
0.0416841932
0.0416841890
0.0416841890
0.0416841890
0.0416841890
0.0416841795
0.0416841795
0.0416841795
0.0416841795
0.0416841795
0.0416841795
0.0416824773
0.0416824773
0.0416824773
0.0416824773
0.0416824773
0.0416821364
0.0416821364
0.0416821364
0.0416821364
0.0416821364
0.0416815382
0.0416815382
0.0416815382
0.0416710605
0.0416705423
0.0416703498
0.0416703498
0.0416684722
0.0416684722
0.0416683476
0.0416675352
0.0416675352
0.0416675352
0.0416628998
0.0416628998
0.0416628998
0.0416628998
0.0416628998
0.0416627165
0.0416627165
0.0416627165
0.0416627092
0.0416627092
0.0416627092
0.0416627092
0.0416627092
0.0416626615
0.0416626615
0.0416625863
0.0416587152
0.0416587152
0.0416587152
0.0416583121
0.0416583121
0.0416428058
0.0416424027
0.0416424027
0.0415867723
0.0415867723
0.0415867723
0.0415867723
0.0415867723
0.0415867723
0.0415867723
0.0415867723
0.0415867723
0.0415857042
0.0415857042
0.0415857042
0.0415855094
0.0415855094
0.0415853584
0.0415832768
0.0415831939
0.0415831939
0.0415831939
0.0415831939
0.0415831939
0.0415831939
0.0415831939
0.0415831939
0.0415831939
0.0415831939
0.0415826030
0.0415826030
0.0415825575
0.0415825575
0.0415825575
0.0415492719
0.0415492719
0.0415285187
0.0415285187
0.0415285187
0.0415278533
0.0415278533
0.0415278533
0.0415251858
0.0415247253
0.0415247253
0.0415244617
0.0415244617
0.0415244617
0.0415244617
0.0415244436
0.0415244436
0.0415239147
0.0415239147
0.0415239147
0.0415239147
0.0415236169
0.0415235844
0.0415235844
0.0415235844
0.0415235844
0.0415235844
0.0415225453
0.0415225453
0.0415203473
0.0415193083
0.0415193083
0.0415193083
0.0415193083
0.0415193083
0.0415193083
0.0415192278
0.0415192278
0.0415192278
0.0415192278
0.0415192278
0.0415192278
0.0415192278
0.0415192278
0.0415192278
0.0415192123
0.0415192123
0.0415189568
0.0415189568
0.0415189419
0.0415189419
0.0415184206
0.0415184206
0.0415184206
0.0415184206
0.0415184206
0.0415184206
0.0415184206
0.0415182651
0.0415182651
0.0415181525
0.0415139694
0.0415139694
0.0415138568
0.0415129970
0.0415129953
0.0415128827
0.0415128187
0.0415128187
0.0415128187
0.0415128187
0.0415072305
0.0415072305
0.0415034730
0.0415034090
0.0415034090
0.0415034090
0.0414684129
0.0414684129
0.0414684129
0.0414679092
0.0414679092
0.0414679092
0.0414679092
0.0414675761
0.0414675017
0.0414674442
0.0414673698
0.0414673698
0.0414673698
0.0414673698
0.0414673698
0.0414673698
0.0414672589
0.0414672589
0.0414672589
0.0414671509
0.0414357199
0.0414357199
0.0414355625
0.0414355625
0.0414355625
0.0414355625
0.0414355625
0.0414355619
0.0414345971
0.0414345971
0.0414345971
0.0414345971
0.0414344900
0.0414328788
0.0414325149
0.0414325149
0.0414325149
0.0414325149
0.0414325149
0.0414325149
0.0414325149
0.0414325149
0.0414325149
0.0414325149
0.0414325149
0.0414325149
0.0414325149
0.0414325149
0.0414325108
0.0414325108
0.0414325108
0.0414322583
0.0414322583
0.0414322583
0.0414280611
0.0414280611
0.0414280611
0.0414213233
0.0414213233
0.0414213233
0.0414213233
0.0414213233
0.0414212577
0.0414206753
0.0414206753
0.0413895086
0.0413889262
0.0413882704
0.0413882704
0.0413882704
0.0413882704
0.0413882704
0.0413849577
0.0413849474
0.0413849474
0.0413849474
0.0413849092
0.0413849092
0.0413849092
0.0413709250
0.0413709250
0.0413709250
0.0413709250
0.0413709250
0.0413709250
0.0413709250
0.0413709250
0.0413693017
0.0413693017
0.0413693017
0.0413693017
0.0413692175
0.0413691089
0.0413687565
0.0413685637
0.0413685637
0.0413683829
0.0413682987
0.0413682987
0.0413682402
0.0413682402
0.0413682402
0.0413682402
0.0413682402
0.0413682402
0.0413682402
0.0413682171
0.0413682171
0.0413626559
0.0413626559
0.0413626559
0.0413499489
0.0413499489
0.0413499489
0.0413499489
0.0413496529
0.0413496529
0.0413496529
0.0413496529
0.0413496055
0.0413496055
0.0413496055
0.0413496055
0.0413496055
0.0413496055
0.0413496055
0.0413496055
0.0413496004
0.0413496004
0.0413496004
0.0413496004
0.0413496004
0.0413496004
0.0413496004
0.0413496004
0.0413496004
0.0413097609
0.0413097609
0.0412979981
0.0412979981
0.0412979981
0.0412979981
0.0412973302
0.0412972530
0.0412972530
0.0412959400
0.0412959400
0.0412959400
0.0412957655
0.0412957655
0.0412957655
0.0412957655
0.0412957655
0.0412955687
0.0412646324
0.0412646324
0.0412646324
0.0412646324
0.0412638404
0.0412638404
0.0412638404
0.0412638404
0.0412638404
0.0412638404
0.0412638404
0.0412638151
0.0412638151
0.0412638151
0.0412638151
0.0412638151
0.0412638151
0.0412638151
0.0412638151
0.0412637729
0.0412637405
0.0412637405
0.0412637405
0.0412637405
0.0412637405
0.0412637323
0.0412637323
0.0412637323
0.0412637323
0.0412637323
0.0412637323
0.0412637323
0.0412637323
0.0412613789
0.0412613789
0.0412613789
0.0412613789
0.0412613789
0.0412613789
0.0412613789
0.0412613789
0.0412613789
0.0412613789
0.0412613789
0.0412613789
0.0412613789
0.0412613789
0.0412611297
0.0412611297
0.0412611297
0.0412611297
0.0412602499
0.0412600007
0.0412600007
0.0412599364
0.0412599364
0.0412599364
0.0412599364
0.0412594875
0.0412590143
0.0412589518
0.0412589518
0.0412589518
0.0412588765
0.0412588765
0.0412588765
0.0412583790
0.0412582412
0.0412582412
0.0412582412
0.0412579951
0.0412579951
0.0412579951
0.0412579951
0.0412579951
0.0412514846
0.0412514846
0.0412514846
0.0412514846
0.0412514846
0.0412513173
0.0412513173
0.0412513173
0.0412513173
0.0412513173
0.0412513173
0.0412513173
0.0412511800
0.0412511800
0.0412511800
0.0412511458
0.0412511458
0.0412511458
0.0412508312
0.0412508312
0.0412331521
0.0412327345
0.0412327002
0.0412297608
0.0412293346
0.0412293346
0.0412293346
0.0412293346
0.0412293346
0.0412292453
0.0412292453
0.0412292453
0.0412292453
0.0412292453
0.0412292387
0.0412292387
0.0412214532
0.0412213267
0.0412213267
0.0412213267
0.0412206753
0.0412199789
0.0412199789
0.0412198363
0.0412198323
0.0412197471
0.0411959750
0.0411959750
0.0411959750
0.0411959714
0.0411958157
0.0411885709
0.0411885709
0.0411524146
0.0411522553
0.0411522553
0.0411522553
0.0411522553
0.0411522362
0.0411522362
0.0411522362
0.0411522213
0.0411522213
0.0411522213
0.0411522213
0.0411476158
0.0411476158
0.0411469738
0.0411469738
0.0411469738
0.0411469738
0.0411469738
0.0411469738
0.0411469738
0.0411469738
0.0411468715
0.0411463715
0.0411463715
0.0411462749
0.0410938595
0.0410938595
0.0410938595
0.0410936201
0.0410936201
0.0410932823
0.0410930429
0.0410930429
0.0410927868
0.0410927868
0.0410927868
0.0410670957
0.0410670957
0.0410670957
0.0410364843
0.0410364843
0.0410362521
0.0410362521
0.0410362521
0.0410353049
0.0410351650
0.0410351650
0.0410351650
0.0410351650
0.0410351650
0.0410351650
0.0410351154
0.0410302682
0.0410302186
0.0410290333
0.0410288437
0.0410288437
0.0410288171
0.0410288171
0.0410288171
0.0410288171
0.0410288171
0.0410288171
0.0410288171
0.0410288171
0.0410288171
0.0410288171
0.0410288171
0.0410288171
0.0410288171
0.0410268184
0.0410268184
0.0410264042
0.0410263661
0.0410263661
0.0410263661
0.0410263661
0.0410263661
0.0410140084
0.0410139922
0.0410135627
0.0410134895
0.0410134895
0.0410134895
0.0410134895
0.0410134895
0.0410134895
0.0410132944
0.0410132944
0.0410070494
0.0410070494
0.0410070494
0.0410070494
0.0410067610
0.0410067610
0.0410067610
0.0410067200
0.0410067200
0.0410067200
0.0410067200
0.0410049627
0.0410049627
0.0410000000
0.0410000000
0.0410000000
0.0410000000
0.0410000000
0.0410000000
0.0410000000
0.0410000000
0.0410000000
0.0410000000
0.0410000000
0.0410000000
0.0410000000
0.0410000000
0.0410000000
0.0410000000
0.0410000000
0.0410000000
0.0410000000
0.0410000000
0.0410000000
0.0410000000
0.0410000000
0.0410000000
0.0410000000
0.0410000000
0.0410000000
0.0410000000
0.0410000000
0.0410000000
0.0410000000
0.0410000000
0.0410000000
0.0410000000
0.0410000000
0.0410000000
0.0410000000
0.0410000000
0.0410000000
0.0410000000
0.0410000000
0.0410000000
0.0410000000
0.0410000000
0.0410000000
0.0410000000
0.0410000000
0.0410000000
0.0410000000
0.0410000000
0.0410000000
0.0410000000
0.0410000000
0.0410000000
0.0410000000
0.0410000000
0.0410000000
0.0410000000
0.0410000000
0.0410000000
0.0410000000
0.0410000000
0.0410000000
0.0410000000
0.0410000000
0.0410000000
0.0410000000
0.0410000000
0.0410000000
0.0410000000
0.0410000000
0.0410000000
0.0410000000
0.0410000000
0.0410000000
0.0410000000
0.0410000000
0.0410000000
0.0410000000
0.0410000000
0.0410000000
0.0410000000
0.0410000000
0.0410000000
0.0410000000
0.0410000000
0.0410000000
0.0410000000
0.0410000000
0.0410000000
0.0410000000
0.0410000000
0.0410000000
0.0410000000
0.0410000000
0.0410000000
0.0410000000
0.0410000000
0.0410000000
0.0410000000
0.0410000000
0.0410000000
0.0410000000
0.0410000000
0.0410000000
0.0410000000
0.0410000000
0.0410000000
0.0410000000
0.0410000000
0.0410000000
0.0410000000
0.0410000000
0.0410000000
0.0410000000
0.0410000000
0.0410000000
0.0410000000
0.0410000000
0.0410000000
0.0410000000
0.0410000000
0.0410000000
0.0410000000
0.0410000000
0.0410000000
0.0410000000
0.0410000000
0.0410000000
0.0410000000
0.0410000000
0.0410000000
0.0410000000
0.0410000000
0.0410000000
0.0410000000
0.0410000000
0.0410000000
0.0410000000
0.0410000000
0.0410000000
0.0410000000
0.0410000000
0.0410000000
0.0410000000
0.0410000000
0.0410000000
0.0410000000
0.0410000000
0.0410000000
0.0410000000
0.0410000000
0.0410000000
0.0410000000
0.0410000000
0.0410000000
0.0410000000
0.0410000000
0.0410000000
0.0410000000
0.0410000000
0.0410000000
0.0410000000
0.0410000000
0.0410000000
0.0410000000
0.0410000000
0.0410000000
0.0410000000
0.0410000000
0.0410000000
0.0410000000
0.0410000000
0.0410000000
0.0410000000
0.0410000000
0.0410000000
0.0410000000
0.0410000000
0.0410000000
0.0410000000
0.0410000000
0.0410000000
0.0410000000
0.0410000000
0.0410000000
0.0410000000
0.0410000000
0.0410000000
0.0410000000
0.0410000000
0.0410000000
0.0410000000
0.0410000000
0.0410000000
0.0410000000
0.0410000000
0.0410000000
0.0410000000
0.0410000000
0.0410000000
0.0410000000
0.0410000000
0.0410000000
0.0410000000
0.0410000000
0.0410000000
0.0410000000
0.0410000000
0.0410000000
0.0410000000
0.0410000000
0.0410000000
0.0410000000
0.0410000000
0.0410000000
0.0410000000
0.0410000000
0.0410000000
0.0410000000
0.0410000000
0.0410000000
0.0410000000
0.0410000000
0.0410000000
0.0410000000
0.0410000000
0.0410000000
0.0410000000
0.0410000000
0.0410000000
0.0410000000
0.0410000000
0.0410000000
0.0410000000
0.0410000000
0.0410000000
0.0410000000
0.0410000000
0.0410000000
0.0410000000
0.0410000000
0.0410000000
0.0410000000
0.0410000000
0.0410000000
0.0410000000
0.0410000000
0.0410000000
0.0410000000
0.0410000000
0.0410000000
0.0410000000
0.0410000000
0.0410000000
0.0410000000
0.0410000000
0.0410000000
0.0410000000
0.0410000000
0.0410000000
0.0410000000
0.0410000000
0.0410000000
0.0410000000
0.0410000000
0.0410000000
0.0410000000
0.0410000000
0.0410000000
0.0410000000
0.0410000000
0.0410000000
0.0410000000
0.0410000000
0.0410000000
0.0410000000
0.0410000000
0.0410000000
0.0410000000
0.0410000000
0.0410000000
0.0410000000
0.0410000000
0.0410000000
0.0410000000
0.0410000000
0.0410000000
0.0410000000
0.0410000000
0.0410000000
0.0410000000
0.0410000000
0.0410000000
0.0410000000
0.0410000000
0.0410000000
0.0410000000
0.0410000000
0.0410000000
0.0410000000
0.0410000000
0.0410000000
0.0410000000
0.0410000000
0.0410000000
0.0410000000
0.0410000000
0.0410000000
0.0410000000
0.0410000000
0.0410000000
0.0410000000
0.0410000000
0.0410000000
0.0410000000
0.0410000000
0.0410000000
0.0410000000
0.0410000000
0.0410000000
0.0410000000
0.0410000000
0.0410000000
0.0410000000
0.0410000000
0.0410000000
0.0410000000
0.0410000000
0.0410000000
0.0410000000
0.0410000000
0.0410000000
0.0410000000
0.0410000000
0.0410000000
0.0410000000
0.0410000000
0.0410000000
0.0410000000
0.0410000000
0.0410000000
0.0410000000
0.0410000000
0.0410000000
0.0410000000
0.0410000000
0.0410000000
0.0410000000
0.0410000000
0.0410000000
0.0410000000
0.0410000000
0.0410000000
0.0410000000
0.0410000000
0.0410000000
0.0410000000
0.0410000000
0.0410000000
0.0410000000
0.0410000000
0.0410000000
0.0410000000
0.0410000000
0.0410000000
0.0410000000
0.0410000000
0.0410000000
0.0410000000
0.0410000000
0.0410000000
0.0410000000
0.0410000000
0.0410000000
0.0410000000
0.0410000000
0.0410000000
0.0410000000
0.0410000000
0.0410000000
0.0410000000
0.0410000000
0.0410000000
0.0410000000
0.0410000000
0.0410000000
0.0410000000
0.0410000000
0.0410000000
0.0410000000
0.0410000000
0.0410000000
0.0410000000
0.0410000000
0.0410000000
0.0410000000
0.0410000000
0.0410000000
0.0410000000
0.0410000000
0.0410000000
0.0410000000
0.0410000000
0.0410000000
0.0410000000
0.0410000000
0.0410000000
0.0410000000
0.0410000000
0.0410000000
0.0410000000
0.0410000000
0.0410000000
0.0410000000
0.0410000000
0.0410000000
0.0410000000
0.0410000000
0.0410000000
0.0410000000
0.0410000000
0.0410000000
0.0410000000
0.0410000000
0.0410000000
0.0410000000
0.0410000000
0.0410000000
0.0410000000
0.0410000000
0.0410000000
0.0410000000
0.0410000000
0.0410000000
0.0410000000
0.0410000000
0.0410000000
0.0410000000
0.0410000000
0.0410000000
0.0410000000
0.0410000000
0.0410000000
0.0410000000
0.0410000000
0.0410000000
0.0410000000
0.0410000000
0.0410000000
0.0410000000
0.0410000000
0.0410000000
0.0410000000
0.0410000000
0.0410000000
0.0410000000
0.0410000000
0.0410000000
0.0410000000
0.0410000000
0.0410000000
0.0410000000
0.0410000000
0.0410000000
0.0410000000
0.0410000000
0.0410000000
0.0410000000
0.0410000000
0.0410000000
0.0410000000
0.0410000000
0.0410000000
0.0410000000
0.0410000000
0.0410000000
0.0410000000
0.0410000000
0.0410000000
0.0410000000
0.0410000000
0.0410000000
0.0410000000
0.0410000000
0.0410000000
0.0410000000
0.0410000000
0.0410000000
0.0410000000
0.0410000000
0.0410000000
0.0410000000
0.0410000000
0.0410000000
0.0410000000
0.0410000000
0.0410000000
0.0410000000
0.0410000000
0.0410000000
0.0410000000
0.0410000000
0.0410000000
0.0410000000
0.0410000000
0.0410000000
0.0410000000
0.0410000000
0.0410000000
0.0410000000
0.0410000000
0.0410000000
0.0410000000
0.0410000000
0.0410000000
0.0410000000
0.0410000000
0.0410000000
0.0410000000
0.0410000000
0.0410000000
0.0410000000
0.0410000000
0.0410000000
0.0410000000
0.0410000000
0.0410000000
0.0410000000
0.0410000000
0.0410000000
0.0410000000
0.0410000000
0.0410000000
0.0410000000
0.0410000000
0.0410000000
0.0410000000
0.0410000000
0.0410000000
0.0410000000
0.0410000000
0.0410000000
0.0410000000
0.0410000000
0.0410000000
0.0410000000
0.0410000000
0.0410000000
0.0410000000
0.0410000000
0.0410000000
0.0410000000
0.0410000000
0.0410000000
0.0410000000
0.0410000000
0.0410000000
0.0410000000
0.0410000000
0.0410000000
0.0410000000
0.0410000000
0.0410000000
0.0410000000
0.0410000000
0.0410000000
0.0410000000
0.0410000000
0.0410000000
0.0410000000
0.0410000000
0.0410000000
0.0410000000
0.0410000000
0.0410000000
0.0410000000
0.0410000000
0.0410000000
0.0410000000
0.0410000000
0.0410000000
0.0410000000
0.0410000000
0.0410000000
0.0410000000
0.0410000000
0.0410000000
0.0410000000
0.0410000000
0.0410000000
0.0410000000
0.0410000000
0.0410000000
0.0410000000
0.0410000000
0.0410000000
0.0410000000
0.0410000000
0.0410000000
0.0410000000
0.0410000000
0.0410000000
0.0410000000
0.0410000000
0.0410000000
0.0410000000
0.0410000000
0.0410000000
0.0410000000
0.0410000000
0.0410000000
0.0410000000
0.0410000000
0.0410000000
0.0410000000
0.0410000000
0.0410000000
0.0410000000
0.0410000000
0.0410000000
0.0410000000
0.0410000000
0.0410000000
0.0410000000
0.0410000000
0.0410000000
0.0410000000
0.0410000000
0.0410000000
0.0410000000
0.0410000000
0.0410000000
0.0410000000
0.0410000000
0.0410000000
0.0410000000
0.0410000000
0.0410000000
0.0410000000
0.0410000000
0.0410000000
0.0410000000
0.0410000000
0.0410000000
0.0410000000
0.0410000000
0.0410000000
0.0410000000
0.0410000000
0.0410000000
0.0410000000
0.0410000000
0.0410000000
0.0410000000
0.0410000000
0.0410000000
0.0410000000
0.0410000000
0.0410000000
0.0410000000
0.0410000000
0.0410000000
0.0410000000
0.0410000000
0.0410000000
0.0410000000
0.0410000000
0.0410000000
0.0410000000
0.0410000000
0.0410000000
0.0410000000
0.0410000000
0.0410000000
0.0410000000
0.0410000000
0.0410000000
0.0410000000
0.0410000000
0.0410000000
0.0410000000
0.0410000000
0.0410000000
0.0410000000
0.0410000000
0.0410000000
0.0410000000
0.0410000000
0.0410000000
0.0410000000
0.0410000000
0.0410000000
0.0410000000
0.0410000000
0.0410000000
0.0410000000
0.0410000000
0.0410000000
0.0410000000
0.0410000000
0.0410000000
0.0410000000
0.0410000000
0.0410000000
0.0410000000
0.0410000000
0.0410000000
0.0410000000
0.0410000000
0.0410000000
0.0410000000
0.0410000000
0.0410000000
0.0410000000
0.0410000000
0.0410000000
0.0410000000
0.0410000000
0.0410000000
0.0410000000
0.0410000000
0.0410000000
0.0410000000
0.0410000000
0.0410000000
0.0410000000
0.0410000000
0.0410000000
0.0410000000
0.0410000000
0.0410000000
0.0410000000
0.0410000000
0.0410000000
0.0410000000
0.0410000000
0.0410000000
0.0410000000
0.0410000000
0.0410000000
0.0410000000
0.0410000000
0.0410000000
0.0410000000
0.0410000000
0.0410000000
0.0410000000
0.0410000000
0.0410000000
0.0410000000
0.0410000000
0.0410000000
0.0410000000
0.0410000000
0.0410000000
0.0410000000
0.0410000000
0.0410000000
0.0410000000
0.0410000000
0.0410000000
0.0410000000
0.0410000000
0.0410000000
0.0410000000
0.0410000000
0.0410000000
0.0410000000
0.0410000000
0.0410000000
0.0410000000
0.0410000000
0.0410000000
0.0410000000
0.0410000000
0.0410000000
0.0410000000
0.0410000000
0.0410000000
0.0410000000
0.0410000000
0.0410000000
0.0410000000
0.0410000000
0.0410000000
0.0410000000
0.0410000000
0.0410000000
0.0410000000
0.0410000000
0.0410000000
0.0410000000
0.0410000000
0.0410000000
0.0410000000
0.0410000000
0.0410000000
0.0410000000
0.0410000000
0.0410000000
0.0410000000
0.0410000000
0.0410000000
0.0410000000
0.0410000000
0.0410000000
0.0410000000
0.0410000000
0.0410000000
0.0410000000
0.0410000000
0.0410000000
0.0410000000
0.0410000000
0.0410000000
0.0410000000
0.0410000000
0.0410000000
0.0410000000
0.0410000000
0.0410000000
0.0410000000
0.0410000000
0.0410000000
0.0410000000
0.0410000000
0.0410000000
0.0410000000
0.0410000000
0.0410000000
0.0410000000
0.0410000000
0.0410000000
0.0410000000
0.0410000000
0.0410000000
0.0410000000
0.0410000000
0.0410000000
0.0410000000
0.0410000000
0.0410000000
0.0410000000
0.0410000000
0.0410000000
0.0410000000
0.0410000000
0.0410000000
0.0410000000
0.0410000000
0.0410000000
0.0410000000
0.0410000000
0.0410000000
0.0410000000
0.0410000000
0.0410000000
0.0410000000
0.0410000000
0.0410000000
0.0410000000
0.0410000000
0.0410000000
0.0410000000
0.0410000000
0.0410000000
0.0410000000
0.0410000000
0.0410000000
0.0410000000
0.0410000000
0.0410000000
0.0410000000
0.0410000000
0.0410000000
0.0410000000
0.0410000000
0.0410000000
0.0410000000
0.0410000000
0.0410000000
0.0410000000
0.0410000000
0.0410000000
0.0410000000
0.0410000000
0.0410000000
0.0410000000
0.0410000000
0.0410000000
0.0410000000
0.0410000000
0.0410000000
0.0410000000
0.0410000000
0.0410000000
0.0410000000
0.0410000000
0.0410000000
0.0410000000
0.0410000000
0.0410000000
0.0410000000
0.0410000000
0.0410000000
0.0410000000
0.0410000000
0.0410000000
0.0410000000
0.0410000000
0.0410000000
0.0410000000
0.0410000000
0.0410000000
0.0410000000
0.0410000000
0.0410000000
0.0410000000
0.0410000000
0.0410000000
0.0410000000
0.0410000000
0.0410000000
0.0410000000
0.0410000000
0.0410000000
0.0410000000
0.0410000000
0.0410000000
0.0410000000
0.0410000000
0.0410000000
0.0410000000
0.0410000000
0.0410000000
0.0410000000
0.0410000000
0.0410000000
0.0410000000
0.0410000000
0.0410000000
0.0410000000
0.0410000000
0.0410000000
0.0410000000
0.0410000000
0.0410000000
0.0410000000
0.0410000000
0.0410000000
0.0410000000
0.0410000000
0.0410000000
0.0410000000
0.0410000000
0.0410000000
0.0410000000
0.0410000000
0.0410000000
0.0410000000
0.0410000000
0.0410000000
0.0410000000
0.0410000000
0.0410000000
0.0410000000
0.0410000000
0.0410000000
0.0410000000
0.0410000000
0.0410000000
0.0410000000
0.0410000000
0.0410000000
0.0410000000
0.0410000000
0.0410000000
0.0410000000
0.0410000000
0.0410000000
0.0410000000
0.0410000000
0.0410000000
0.0410000000
0.0410000000
0.0410000000
0.0410000000
0.0410000000
0.0410000000
0.0410000000
0.0410000000
0.0410000000
0.0410000000
0.0410000000
0.0410000000
0.0410000000
0.0410000000
0.0410000000
0.0410000000
0.0410000000
0.0410000000
0.0410000000
0.0410000000
0.0410000000
0.0410000000
0.0410000000
0.0410000000
0.0410000000
0.0410000000
0.0410000000
0.0410000000
0.0410000000
0.0410000000
0.0410000000
0.0410000000
0.0410000000
0.0410000000
0.0410000000
0.0410000000
0.0410000000
0.0410000000
0.0410000000
0.0410000000
0.0410000000
0.0410000000
0.0410000000
0.0410000000
0.0410000000
0.0410000000
0.0410000000
0.0410000000
0.0410000000
0.0410000000
0.0410000000
0.0410000000
0.0410000000
0.0410000000
0.0410000000
0.0410000000
0.0410000000
0.0410000000
0.0410000000
0.0410000000
0.0410000000
0.0410000000
0.0410000000
0.0410000000
0.0410000000
0.0410000000
0.0410000000
0.0410000000
0.0410000000
0.0410000000
0.0410000000
0.0410000000
0.0410000000
0.0410000000
0.0410000000
0.0410000000
0.0410000000
0.0410000000
0.0410000000
0.0410000000
0.0410000000
0.0410000000
0.0410000000
0.0410000000
0.0410000000
0.0410000000
0.0410000000
0.0410000000
0.0410000000
0.0410000000
0.0410000000
0.0410000000
0.0410000000
0.0410000000
0.0410000000
0.0410000000
0.0410000000
0.0410000000
0.0410000000
0.0410000000
0.0410000000
0.0410000000
0.0410000000
0.0410000000
0.0410000000
0.0410000000
0.0410000000
0.0410000000
0.0410000000
0.0410000000
0.0410000000
0.0410000000
0.0410000000
0.0410000000
0.0410000000
0.0410000000
0.0410000000
0.0410000000
0.0410000000
0.0410000000
0.0410000000
0.0410000000
0.0410000000
0.0410000000
0.0410000000
0.0410000000
0.0410000000
0.0410000000
0.0410000000
0.0410000000
0.0410000000
0.0410000000
0.0410000000
0.0410000000
0.0410000000
0.0410000000
0.0410000000
0.0410000000
0.0410000000
0.0410000000
0.0410000000
0.0410000000
0.0410000000
0.0410000000
0.0410000000
0.0410000000
0.0410000000
0.0410000000
0.0410000000
0.0410000000
0.0410000000
0.0410000000
0.0410000000
0.0410000000
0.0410000000
0.0410000000
0.0410000000
0.0410000000
0.0410000000
0.0410000000
0.0410000000
0.0410000000
0.0410000000
0.0410000000
0.0410000000
0.0410000000
0.0410000000
0.0410000000
0.0410000000
0.0410000000
0.0410000000
0.0410000000
0.0410000000
0.0410000000
0.0410000000
0.0410000000
0.0410000000
0.0410000000
0.0410000000
0.0410000000
0.0410000000
0.0410000000
0.0410000000
0.0410000000
0.0410000000
0.0410000000
0.0410000000
0.0410000000
0.0410000000
0.0410000000
0.0410000000
0.0410000000
0.0410000000
0.0410000000
0.0410000000
0.0410000000
0.0410000000
0.0410000000
0.0410000000
0.0410000000
0.0410000000
0.0410000000
0.0410000000
0.0410000000
0.0410000000
0.0410000000
0.0410000000
0.0410000000
0.0410000000
0.0410000000
0.0410000000
0.0410000000
0.0410000000
0.0410000000
0.0410000000
0.0410000000
0.0410000000
0.0410000000
0.0410000000
0.0410000000
0.0410000000
0.0410000000
0.0410000000
0.0410000000
0.0410000000
0.0410000000
0.0410000000
0.0410000000
0.0410000000
0.0410000000
0.0410000000
0.0410000000
0.0410000000
0.0410000000
0.0410000000
0.0410000000
0.0410000000
0.0410000000
0.0410000000
0.0410000000
0.0410000000
0.0410000000
0.0410000000
0.0410000000
0.0410000000
0.0410000000
0.0410000000
0.0410000000
0.0410000000
0.0410000000
0.0410000000
0.0410000000
0.0410000000
0.0410000000
0.0410000000
0.0410000000
0.0410000000
0.0410000000
0.0410000000
0.0410000000
0.0410000000
0.0410000000
0.0410000000
0.0410000000
0.0410000000
0.0410000000
0.0410000000
0.0410000000
0.0410000000
0.0410000000
0.0410000000
0.0410000000
0.0410000000
0.0410000000
0.0410000000
0.0410000000
0.0410000000
0.0410000000
0.0410000000
0.0410000000
0.0410000000
0.0410000000
0.0410000000
0.0410000000
0.0410000000
0.0410000000
0.0410000000
0.0410000000
0.0410000000
0.0410000000
0.0410000000
0.0410000000
0.0410000000
0.0410000000
0.0410000000
0.0410000000
0.0410000000
0.0410000000
0.0410000000
0.0410000000
0.0410000000
0.0410000000
0.0410000000
0.0410000000
0.0410000000
0.0410000000
0.0410000000
0.0410000000
0.0410000000
0.0410000000
0.0410000000
0.0410000000
0.0410000000
0.0410000000
0.0410000000
0.0410000000
0.0410000000
0.0410000000
0.0410000000
0.0410000000
0.0410000000
0.0410000000
0.0410000000
0.0410000000
0.0410000000
0.0410000000
0.0410000000
0.0410000000
0.0410000000
0.0410000000
0.0410000000
0.0410000000
0.0410000000
0.0410000000
0.0410000000
0.0410000000
0.0410000000
0.0410000000
0.0410000000
0.0410000000
0.0410000000
0.0410000000
0.0410000000
0.0410000000
0.0410000000
0.0410000000
0.0410000000
0.0410000000
0.0410000000
0.0410000000
0.0410000000
0.0410000000
0.0410000000
0.0410000000
0.0410000000
0.0410000000
0.0410000000
0.0410000000
0.0410000000
0.0410000000
0.0410000000
0.0410000000
0.0410000000
0.0410000000
0.0410000000
0.0410000000
0.0410000000
0.0410000000
0.0410000000
0.0410000000
0.0410000000
0.0410000000
0.0410000000
0.0410000000
0.0410000000
0.0410000000
0.0410000000
0.0410000000
0.0410000000
0.0410000000
0.0410000000
0.0410000000
0.0410000000
0.0410000000
0.0410000000
0.0410000000
0.0410000000
0.0410000000
0.0410000000
0.0410000000
0.0410000000
0.0410000000
0.0410000000
0.0410000000
0.0410000000
0.0410000000
0.0410000000
0.0410000000
0.0410000000
0.0410000000
0.0410000000
0.0410000000
0.0410000000
0.0410000000
0.0410000000
0.0410000000
0.0410000000
0.0410000000
0.0410000000
0.0410000000
0.0410000000
0.0410000000
0.0410000000
0.0410000000
0.0410000000
0.0410000000
0.0410000000
0.0410000000
0.0410000000
0.0410000000
0.0410000000
0.0410000000
0.0410000000
0.0410000000
0.0410000000
0.0410000000
0.0410000000
0.0410000000
0.0410000000
0.0410000000
0.0410000000
0.0410000000
0.0410000000
0.0410000000
0.0410000000
0.0410000000
0.0410000000
0.0410000000
0.0410000000
0.0410000000
0.0410000000
0.0410000000
0.0410000000
0.0410000000
0.0410000000
0.0410000000
0.0410000000
0.0410000000
0.0410000000
0.0410000000
0.0410000000
0.0410000000
0.0410000000
0.0410000000
0.0410000000
0.0410000000
0.0410000000
0.0410000000
0.0410000000
0.0410000000
0.0410000000
0.0410000000
0.0410000000
0.0410000000
0.0410000000
0.0410000000
0.0410000000
0.0410000000
0.0410000000
0.0410000000
0.0410000000
0.0410000000
0.0410000000
0.0410000000
0.0410000000
0.0410000000
0.0410000000
0.0410000000
0.0410000000
0.0410000000
0.0410000000
0.0410000000
0.0410000000
0.0410000000
0.0410000000
0.0410000000
0.0410000000
0.0410000000
0.0410000000
0.0410000000
0.0410000000
0.0410000000
0.0410000000
0.0410000000
0.0410000000
0.0410000000
0.0410000000
0.0410000000
0.0410000000
0.0410000000
0.0410000000
0.0410000000
0.0410000000
0.0410000000
0.0410000000
0.0410000000
0.0410000000
0.0410000000
0.0410000000
0.0410000000
0.0410000000
0.0410000000
0.0410000000
0.0410000000
0.0410000000
0.0410000000
0.0410000000
0.0410000000
0.0410000000
0.0410000000
0.0410000000
0.0410000000
0.0410000000
0.0410000000
0.0410000000
0.0410000000
0.0410000000
0.0410000000
0.0410000000
0.0410000000
0.0410000000
0.0410000000
0.0410000000
0.0410000000
0.0410000000
0.0410000000
0.0410000000
0.0410000000
0.0410000000
0.0410000000
0.0410000000
0.0410000000
0.0410000000
0.0410000000
0.0410000000
0.0410000000
0.0410000000
0.0410000000
0.0410000000
0.0410000000
0.0410000000
0.0410000000
0.0410000000
0.0410000000
0.0410000000
0.0410000000
0.0410000000
0.0410000000
0.0410000000
0.0410000000
0.0410000000
0.0410000000
0.0410000000
0.0410000000
0.0410000000
0.0410000000
0.0410000000
0.0410000000
0.0410000000
0.0410000000
0.0410000000
0.0410000000
0.0410000000
0.0410000000
0.0410000000
0.0410000000
0.0410000000
0.0410000000
0.0410000000
0.0410000000
0.0410000000
0.0410000000
0.0410000000
0.0410000000
0.0410000000
0.0410000000
0.0410000000
0.0410000000
0.0410000000
0.0410000000
0.0410000000
0.0410000000
0.0410000000
0.0410000000
0.0410000000
0.0410000000
0.0410000000
0.0410000000
0.0410000000
0.0410000000
0.0410000000
0.0410000000
0.0410000000
0.0410000000
0.0410000000
0.0410000000
0.0410000000
0.0410000000
0.0410000000
0.0410000000
0.0410000000
0.0410000000
0.0410000000
0.0410000000
0.0410000000
0.0410000000
0.0410000000
0.0410000000
0.0410000000
0.0410000000
0.0410000000
0.0410000000
0.0410000000
0.0410000000
0.0410000000
0.0410000000
0.0410000000
0.0410000000
0.0410000000
0.0410000000
0.0410000000
0.0410000000
0.0410000000
0.0410000000
0.0410000000
0.0410000000
0.0410000000
0.0410000000
0.0410000000
0.0410000000
0.0410000000
0.0410000000
0.0410000000
0.0410000000
0.0410000000
0.0410000000
0.0410000000
0.0410000000
0.0410000000
0.0410000000
0.0410000000
0.0410000000
0.0410000000
0.0410000000
0.0410000000
0.0410000000
0.0410000000
0.0410000000
0.0410000000
0.0410000000
0.0410000000
0.0410000000
0.0410000000
0.0410000000
0.0410000000
0.0410000000
0.0410000000
0.0410000000
0.0410000000
0.0410000000
0.0410000000
0.0410000000
0.0410000000
0.0410000000
0.0410000000
0.0410000000
0.0410000000
0.0410000000
0.0410000000
0.0410000000
0.0410000000
0.0410000000
0.0410000000
0.0410000000
0.0410000000
0.0410000000
0.0410000000
0.0410000000
0.0410000000
0.0410000000
0.0410000000
0.0410000000
0.0410000000
0.0410000000
0.0410000000
0.0410000000
0.0410000000
0.0410000000
0.0410000000
0.0410000000
0.0410000000
0.0410000000
0.0410000000
0.0410000000
0.0410000000
0.0410000000
0.0410000000
0.0410000000
0.0410000000
0.0410000000
0.0410000000
0.0410000000
0.0410000000
0.0410000000
0.0410000000
0.0410000000
0.0410000000
0.0410000000
0.0410000000
0.0410000000
0.0410000000
0.0410000000
0.0410000000
0.0410000000
0.0410000000
0.0410000000
0.0410000000
0.0410000000
0.0410000000
0.0410000000
0.0410000000
0.0410000000
0.0410000000
0.0410000000
0.0410000000
0.0410000000
0.0410000000
0.0410000000
0.0410000000
0.0410000000
0.0410000000
0.0410000000
0.0410000000
0.0410000000
0.0410000000
0.0410000000
0.0410000000
0.0410000000
0.0410000000
0.0410000000
0.0410000000
0.0410000000
0.0410000000
0.0410000000
0.0410000000
0.0410000000
0.0410000000
0.0410000000
0.0410000000
0.0410000000
0.0410000000
0.0410000000
0.0410000000
0.0410000000
0.0410000000
0.0410000000
0.0410000000
0.0410000000
0.0410000000
0.0410000000
0.0410000000
0.0410000000
0.0410000000
0.0410000000
0.0410000000
0.0410000000
0.0410000000
0.0410000000
0.0410000000
0.0410000000
0.0410000000
0.0410000000
0.0410000000
0.0410000000
0.0410000000
0.0410000000
0.0410000000
0.0410000000
0.0410000000
0.0410000000
0.0410000000
0.0410000000
0.0410000000
0.0410000000
0.0410000000
0.0410000000
0.0410000000
0.0410000000
0.0410000000
0.0410000000
0.0410000000
0.0410000000
0.0410000000
0.0410000000
0.0410000000
0.0410000000
0.0410000000
0.0410000000
0.0410000000
0.0410000000
0.0410000000
0.0410000000
0.0410000000
0.0410000000
0.0410000000
0.0410000000
0.0410000000
0.0410000000
0.0410000000
0.0410000000
0.0410000000
0.0410000000
0.0410000000
0.0410000000
0.0410000000
0.0410000000
0.0410000000
0.0410000000
0.0410000000
0.0410000000
0.0410000000
0.0410000000
0.0410000000
0.0410000000
0.0410000000
0.0410000000
0.0410000000
0.0410000000
0.0410000000
0.0410000000
0.0410000000
0.0410000000
0.0410000000
0.0410000000
0.0410000000
0.0410000000
0.0410000000
0.0410000000
0.0410000000
0.0410000000
0.0410000000
0.0410000000
0.0410000000
0.0410000000
0.0410000000
0.0410000000
0.0410000000
0.0410000000
0.0410000000
0.0410000000
0.0410000000
0.0410000000
0.0410000000
0.0410000000
0.0410000000
0.0410000000
0.0410000000
0.0410000000
0.0410000000
0.0410000000
0.0410000000
0.0410000000
0.0410000000
0.0410000000
0.0410000000
0.0410000000
0.0410000000
0.0410000000
0.0410000000
0.0410000000
0.0410000000
0.0410000000
0.0410000000
0.0410000000
0.0410000000
0.0410000000
0.0410000000
0.0410000000
0.0410000000
0.0410000000
0.0410000000
0.0410000000
0.0410000000
0.0410000000
0.0410000000
0.0410000000
0.0410000000
0.0410000000
0.0410000000
0.0410000000
0.0410000000
0.0410000000
0.0410000000
0.0410000000
0.0410000000
0.0410000000
0.0410000000
0.0410000000
0.0410000000
0.0410000000
0.0410000000
0.0410000000
0.0410000000
0.0410000000
0.0410000000
0.0410000000
0.0410000000
0.0410000000
0.0410000000
0.0410000000
0.0410000000
0.0410000000
0.0410000000
0.0410000000
0.0410000000
0.0410000000
0.0410000000
0.0410000000
0.0410000000
0.0410000000
0.0410000000
0.0410000000
0.0410000000
0.0410000000
0.0410000000
0.0410000000
0.0410000000
0.0410000000
0.0410000000
0.0410000000
0.0410000000
0.0410000000
0.0410000000
0.0410000000
0.0410000000
0.0410000000
0.0410000000
0.0410000000
0.0410000000
0.0410000000
0.0410000000
0.0410000000
0.0410000000
0.0410000000
0.0410000000
0.0410000000
0.0410000000
0.0410000000
0.0410000000
0.0410000000
0.0410000000
0.0410000000
0.0410000000
0.0410000000
0.0410000000
0.0410000000
0.0410000000
0.0410000000
0.0410000000
0.0410000000
0.0410000000
0.0410000000
0.0410000000
0.0410000000
0.0410000000
0.0410000000
0.0410000000
0.0410000000
0.0410000000
0.0410000000
0.0410000000
0.0410000000
0.0410000000
0.0410000000
0.0410000000
0.0410000000
0.0410000000
0.0410000000
0.0410000000
0.0410000000
0.0410000000
0.0410000000
0.0410000000
0.0410000000
0.0410000000
0.0410000000
0.0410000000
0.0410000000
0.0410000000
0.0410000000
0.0410000000
0.0410000000
0.0410000000
0.0410000000
0.0410000000
0.0410000000
0.0410000000
0.0410000000
0.0410000000
0.0410000000
0.0410000000
0.0410000000
0.0410000000
0.0410000000
0.0410000000
0.0410000000
0.0410000000
0.0410000000
0.0410000000
0.0410000000
0.0410000000
0.0410000000
0.0410000000
0.0410000000
0.0410000000
0.0410000000
0.0410000000
0.0410000000
0.0410000000
0.0410000000
0.0410000000
0.0410000000
0.0410000000
0.0410000000
0.0410000000
0.0410000000
0.0410000000
0.0410000000
0.0410000000
0.0410000000
0.0410000000
0.0410000000
0.0410000000
0.0410000000
0.0410000000
0.0410000000
0.0410000000
0.0410000000
0.0410000000
0.0410000000
0.0410000000
0.0410000000
0.0410000000
0.0410000000
0.0410000000
0.0410000000
0.0410000000
0.0410000000
0.0410000000
0.0410000000
0.0410000000
0.0410000000
0.0410000000
0.0410000000
0.0410000000
0.0410000000
0.0410000000
0.0410000000
0.0410000000
0.0410000000
0.0410000000
0.0410000000
0.0410000000
0.0410000000
0.0410000000
0.0410000000
0.0410000000
0.0410000000
0.0410000000
0.0410000000
0.0410000000
0.0410000000
0.0410000000
0.0410000000
0.0410000000
0.0410000000
0.0410000000
0.0410000000
0.0410000000
0.0410000000
0.0410000000
0.0410000000
0.0410000000
0.0410000000
0.0410000000
0.0410000000
0.0410000000
0.0410000000
0.0410000000
0.0410000000
0.0410000000
0.0410000000
0.0410000000
0.0410000000
0.0410000000
0.0410000000
0.0410000000
0.0410000000
0.0410000000
0.0410000000
0.0410000000
0.0410000000
0.0410000000
0.0410000000
0.0410000000
0.0410000000
0.0410000000
0.0410000000
0.0410000000
0.0410000000
0.0410000000
0.0410000000
0.0410000000
0.0410000000
0.0410000000
0.0410000000
0.0410000000
0.0410000000
0.0410000000
0.0410000000
0.0410000000
0.0410000000
0.0410000000
0.0410000000
0.0410000000
0.0410000000
0.0410000000
0.0410000000
0.0410000000
0.0410000000
0.0410000000
0.0410000000
0.0410000000
0.0410000000
0.0410000000
0.0410000000
0.0410000000
0.0410000000
0.0410000000
0.0410000000
0.0410000000
0.0410000000
0.0410000000
0.0410000000
0.0410000000
0.0410000000
0.0410000000
0.0410000000
0.0410000000
0.0410000000
0.0410000000
0.0410000000
0.0410000000
0.0410000000
0.0410000000
0.0410000000
0.0410000000
0.0410000000
0.0410000000
0.0410000000
0.0410000000
0.0410000000
0.0410000000
0.0410000000
0.0410000000
0.0410000000
0.0410000000
0.0410000000
0.0410000000
0.0410000000
0.0410000000
0.0410000000
0.0410000000
0.0410000000
0.0410000000
0.0410000000
0.0410000000
0.0410000000
0.0410000000
0.0410000000
0.0410000000
0.0410000000
0.0410000000
0.0410000000
0.0410000000
0.0410000000
0.0410000000
0.0410000000
0.0410000000
0.0410000000
0.0410000000
0.0410000000
0.0410000000
0.0410000000
0.0410000000
0.0410000000
0.0410000000
0.0410000000
0.0410000000
0.0410000000
0.0410000000
0.0410000000
0.0410000000
0.0410000000
0.0410000000
0.0410000000
0.0410000000
0.0410000000
0.0410000000
0.0410000000
0.0410000000
0.0410000000
0.0410000000
0.0410000000
0.0410000000
0.0410000000
0.0410000000
0.0410000000
0.0410000000
0.0410000000
0.0410000000
0.0410000000
0.0410000000
0.0410000000
0.0410000000
0.0410000000
0.0410000000
0.0410000000
0.0410000000
0.0410000000
0.0410000000
0.0410000000
0.0410000000
0.0410000000
0.0410000000
0.0410000000
0.0410000000
0.0410000000
0.0410000000
0.0410000000
0.0410000000
0.0410000000
0.0410000000
0.0410000000
0.0410000000
0.0410000000
0.0410000000
0.0410000000
0.0410000000
0.0410000000
0.0410000000
0.0410000000
0.0410000000
0.0410000000
0.0410000000
0.0410000000
0.0410000000
0.0410000000
0.0410000000
0.0410000000
0.0410000000
0.0410000000
0.0410000000
0.0410000000
0.0410000000
0.0410000000
0.0410000000
0.0410000000
0.0410000000
0.0410000000
0.0410000000
0.0410000000
0.0410000000
0.0410000000
0.0410000000
0.0410000000
0.0410000000
0.0410000000
0.0410000000
0.0410000000
0.0410000000
0.0410000000
0.0410000000
0.0410000000
0.0410000000
0.0410000000
0.0410000000
0.0410000000
0.0410000000
0.0410000000
0.0410000000
0.0410000000
0.0410000000
0.0410000000
0.0410000000
0.0410000000
0.0410000000
0.0410000000
0.0410000000
0.0410000000
0.0410000000
0.0410000000
0.0410000000
0.0410000000
0.0410000000
0.0410000000
0.0410000000
0.0410000000
0.0410000000
0.0410000000
0.0410000000
0.0410000000
0.0410000000
0.0410000000
0.0410000000
0.0410000000
0.0410000000
0.0410000000
0.0410000000
0.0410000000
0.0410000000
0.0410000000
0.0410000000
0.0410000000
0.0410000000
0.0410000000
0.0410000000
0.0410000000
0.0410000000
0.0410000000
0.0410000000
0.0410000000
0.0410000000
0.0410000000
0.0410000000
0.0410000000
0.0410000000
0.0410000000
0.0410000000
0.0410000000
0.0410000000
0.0410000000
0.0410000000
0.0410000000
0.0410000000
0.0410000000
0.0410000000
0.0410000000
0.0410000000
0.0410000000
0.0410000000
0.0410000000
0.0410000000
0.0410000000
0.0410000000
0.0410000000
0.0410000000
0.0410000000
0.0410000000
0.0410000000
0.0410000000
0.0410000000
0.0410000000
0.0410000000
0.0410000000
0.0410000000
0.0410000000
0.0410000000
0.0410000000
0.0410000000
0.0410000000
0.0410000000
0.0410000000
0.0410000000
0.0410000000
0.0410000000
0.0410000000
0.0410000000
0.0410000000
0.0410000000
0.0410000000
0.0410000000
0.0410000000
0.0410000000
0.0410000000
0.0410000000
0.0410000000
0.0410000000
0.0410000000
0.0410000000
0.0410000000
0.0410000000
0.0410000000
0.0410000000
0.0410000000
0.0410000000
0.0410000000
0.0410000000
0.0410000000
0.0410000000
0.0410000000
0.0410000000
0.0410000000
0.0410000000
0.0410000000
0.0410000000
0.0410000000
0.0410000000
0.0410000000
0.0410000000
0.0410000000
0.0410000000
0.0410000000
0.0410000000
0.0410000000
0.0410000000
0.0410000000
0.0410000000
0.0410000000
0.0410000000
0.0410000000
0.0410000000
0.0410000000
0.0410000000
0.0410000000
0.0410000000
0.0410000000
0.0410000000
0.0410000000
0.0410000000
0.0410000000
0.0410000000
0.0410000000
0.0410000000
0.0410000000
0.0410000000
0.0410000000
0.0410000000
0.0410000000
0.0410000000
0.0410000000
0.0410000000
0.0410000000
0.0410000000
0.0410000000
0.0410000000
0.0410000000
0.0410000000
0.0410000000
0.0410000000
0.0410000000
0.0410000000
0.0410000000
0.0410000000
0.0410000000
0.0410000000
0.0410000000
0.0410000000
0.0410000000
0.0410000000
0.0410000000
0.0410000000
0.0410000000
0.0410000000
0.0410000000
0.0410000000
0.0410000000
0.0410000000
0.0410000000
0.0410000000
0.0410000000
0.0410000000
0.0410000000
0.0410000000
0.0410000000
0.0410000000
0.0410000000
0.0410000000
0.0410000000
0.0410000000
0.0410000000
0.0410000000
0.0410000000
0.0410000000
0.0410000000
0.0410000000
0.0410000000
0.0410000000
0.0410000000
0.0410000000
0.0410000000
0.0410000000
0.0410000000
0.0410000000
0.0410000000
0.0410000000
0.0410000000
0.0410000000
0.0410000000
0.0410000000
0.0410000000
0.0410000000
0.0410000000
0.0410000000
0.0410000000
0.0410000000
0.0410000000
0.0410000000
0.0410000000
0.0410000000
0.0410000000
0.0410000000
0.0410000000
0.0410000000
0.0410000000
0.0410000000
0.0410000000
0.0410000000
0.0410000000
0.0410000000
0.0410000000
0.0410000000
0.0410000000
0.0410000000
0.0410000000
0.0410000000
0.0410000000
0.0410000000
0.0410000000
0.0410000000
0.0410000000
0.0410000000
0.0410000000
0.0410000000
0.0410000000
0.0410000000
0.0410000000
0.0410000000
0.0410000000
0.0410000000
0.0410000000
0.0410000000
0.0410000000
0.0410000000
0.0410000000
0.0410000000
0.0410000000
0.0410000000
0.0410000000
0.0410000000
0.0410000000
0.0410000000
0.0410000000
0.0410000000
0.0410000000
0.0410000000
0.0410000000
0.0410000000
0.0410000000
0.0410000000
0.0410000000
0.0410000000
0.0410000000
0.0410000000
0.0410000000
0.0410000000
0.0410000000
0.0410000000
0.0410000000
0.0410000000
0.0410000000
0.0410000000
0.0410000000
0.0410000000
0.0410000000
0.0410000000
0.0410000000
0.0410000000
0.0410000000
0.0410000000
0.0410000000
0.0410000000
0.0410000000
0.0410000000
0.0410000000
0.0410000000
0.0410000000
0.0410000000
0.0410000000
0.0410000000
0.0410000000
0.0410000000
0.0410000000
0.0410000000
0.0410000000
0.0410000000
0.0410000000
0.0410000000
0.0410000000
0.0410000000
0.0410000000
0.0410000000
0.0410000000
0.0410000000
0.0410000000
0.0410000000
0.0410000000
0.0410000000
0.0410000000
0.0410000000
0.0410000000
0.0410000000
0.0410000000
0.0410000000
0.0410000000
0.0410000000
0.0410000000
0.0410000000
0.0410000000
0.0410000000
0.0410000000
0.0410000000
0.0410000000
0.0410000000
0.0410000000
0.0410000000
0.0410000000
0.0410000000
0.0410000000
0.0410000000
0.0410000000
0.0410000000
0.0410000000
0.0410000000
0.0410000000
0.0410000000
0.0410000000
0.0410000000
0.0410000000
0.0410000000
0.0410000000
0.0410000000
0.0410000000
0.0410000000
0.0410000000
0.0410000000
0.0410000000
0.0410000000
0.0410000000
0.0410000000
0.0410000000
0.0410000000
0.0410000000
0.0410000000
0.0410000000
0.0410000000
0.0410000000
0.0410000000
0.0410000000
0.0410000000
0.0410000000
0.0410000000
0.0410000000
0.0410000000
0.0410000000
0.0410000000
0.0410000000
0.0410000000
0.0410000000
0.0410000000
0.0410000000
0.0410000000
0.0410000000
0.0410000000
0.0410000000
0.0410000000
0.0410000000
0.0410000000
0.0410000000
0.0410000000
0.0410000000
0.0410000000
0.0410000000
0.0410000000
0.0410000000
0.0410000000
0.0410000000
0.0410000000
0.0410000000
0.0410000000
0.0410000000
0.0410000000
0.0410000000
0.0410000000
0.0410000000
0.0410000000
0.0410000000
0.0410000000
0.0410000000
0.0410000000
0.0410000000
0.0410000000
0.0410000000
0.0410000000
0.0410000000
0.0410000000
0.0410000000
0.0410000000
0.0410000000
0.0410000000
0.0410000000
0.0410000000
0.0410000000
0.0410000000
0.0410000000
0.0410000000
0.0410000000
0.0410000000
0.0410000000
0.0410000000
0.0410000000
0.0410000000
0.0410000000
0.0410000000
0.0410000000
0.0410000000
0.0410000000
0.0410000000
0.0410000000
0.0410000000
0.0410000000
0.0410000000
0.0410000000
0.0410000000
0.0410000000
0.0410000000
0.0410000000
0.0410000000
0.0410000000
0.0410000000
0.0410000000
0.0410000000
0.0410000000
0.0410000000
0.0410000000
0.0410000000
0.0410000000
0.0410000000
0.0410000000
0.0410000000
0.0410000000
0.0410000000
0.0410000000
0.0410000000
0.0410000000
0.0410000000
0.0410000000
0.0410000000
0.0410000000
0.0410000000
0.0410000000
0.0410000000
0.0410000000
0.0410000000
0.0410000000
0.0410000000
0.0410000000
0.0410000000
0.0410000000
0.0410000000
0.0410000000
0.0410000000
0.0410000000
0.0410000000
0.0410000000
0.0410000000
0.0410000000
0.0410000000
0.0410000000
0.0410000000
0.0410000000
0.0410000000
0.0410000000
0.0410000000
0.0410000000
0.0410000000
0.0410000000
0.0410000000
0.0410000000
0.0410000000
0.0410000000
0.0410000000
0.0410000000
0.0410000000
0.0410000000
0.0410000000
0.0410000000
0.0410000000
0.0410000000
0.0410000000
0.0410000000
0.0410000000
0.0410000000
0.0410000000
0.0410000000
0.0410000000
0.0410000000
0.0410000000
0.0410000000
0.0410000000
0.0410000000
0.0410000000
0.0410000000
0.0410000000
0.0410000000
0.0410000000
0.0410000000
0.0410000000
0.0410000000
0.0410000000
0.0410000000
0.0410000000
0.0410000000
0.0410000000
0.0410000000
0.0410000000
0.0410000000
0.0410000000
0.0410000000
0.0410000000
0.0410000000
0.0410000000
0.0410000000
0.0410000000
0.0410000000
0.0410000000
0.0410000000
0.0410000000
0.0410000000
0.0410000000
0.0410000000
0.0410000000
0.0410000000
0.0410000000
0.0410000000
0.0410000000
0.0410000000
0.0410000000
0.0410000000
0.0410000000
0.0410000000
0.0410000000
0.0410000000
0.0410000000
0.0410000000
0.0410000000
0.0410000000
0.0410000000
0.0410000000
0.0410000000
0.0410000000
0.0410000000
0.0410000000
0.0410000000
0.0410000000
0.0410000000
0.0410000000
0.0410000000
0.0410000000
0.0410000000
0.0410000000
0.0410000000
0.0410000000
0.0410000000
0.0410000000
0.0410000000
0.0410000000
0.0410000000
0.0410000000
0.0410000000
0.0410000000
0.0410000000
0.0410000000
0.0410000000
0.0410000000
0.0410000000
0.0410000000
0.0410000000
0.0410000000
0.0410000000
0.0410000000
0.0410000000
0.0410000000
0.0410000000
0.0410000000
0.0410000000
0.0410000000
0.0410000000
0.0410000000
0.0410000000
0.0410000000
0.0410000000
0.0410000000
0.0410000000
0.0410000000
0.0410000000
0.0410000000
0.0410000000
0.0410000000
0.0410000000
0.0410000000
0.0410000000
0.0410000000
0.0410000000
0.0410000000
0.0410000000
0.0410000000
0.0410000000
0.0410000000
0.0410000000
0.0410000000
0.0410000000
0.0410000000
0.0410000000
0.0410000000
0.0410000000
0.0410000000
0.0410000000
0.0410000000
0.0410000000
0.0410000000
0.0410000000
0.0410000000
0.0410000000
0.0410000000
0.0410000000
0.0410000000
0.0410000000
0.0410000000
0.0410000000
0.0410000000
0.0410000000
0.0410000000
0.0410000000
0.0410000000
0.0410000000
0.0410000000
0.0410000000
0.0410000000
0.0410000000
0.0410000000
0.0410000000
0.0410000000
0.0410000000
0.0410000000
0.0410000000
0.0410000000
0.0410000000
0.0410000000
0.0410000000
0.0410000000
0.0410000000
0.0410000000
0.0410000000
0.0410000000
0.0410000000
0.0410000000
0.0410000000
0.0410000000
0.0410000000
0.0410000000
0.0410000000
0.0410000000
0.0410000000
0.0410000000
0.0410000000
0.0410000000
0.0410000000
0.0410000000
0.0410000000
0.0410000000
0.0410000000
0.0410000000
0.0410000000
0.0410000000
0.0410000000
0.0410000000
0.0410000000
0.0410000000
0.0410000000
0.0410000000
0.0410000000
0.0410000000
0.0410000000
0.0410000000
0.0410000000
0.0410000000
0.0410000000
0.0410000000
0.0410000000
0.0410000000
0.0410000000
0.0410000000
0.0410000000
0.0410000000
0.0410000000
0.0410000000
0.0410000000
0.0410000000
0.0410000000
0.0410000000
0.0410000000
0.0410000000
0.0410000000
0.0410000000
0.0410000000
0.0410000000
0.0410000000
0.0410000000
0.0410000000
0.0410000000
0.0410000000
0.0410000000
0.0410000000
0.0410000000
0.0410000000
0.0410000000
0.0410000000
0.0410000000
0.0410000000
0.0410000000
0.0410000000
0.0410000000
0.0410000000
0.0410000000
0.0410000000
0.0410000000
0.0410000000
0.0410000000
0.0410000000
0.0410000000
0.0410000000
0.0410000000
0.0410000000
0.0410000000
0.0410000000
0.0410000000
0.0410000000
0.0410000000
0.0410000000
0.0410000000
0.0410000000
0.0410000000
0.0410000000
0.0410000000
0.0410000000
0.0410000000
0.0410000000
0.0410000000
0.0410000000
0.0410000000
0.0410000000
0.0410000000
0.0410000000
0.0410000000
0.0410000000
0.0410000000
0.0410000000
0.0410000000
0.0410000000
0.0410000000
0.0410000000
0.0410000000
0.0410000000
0.0410000000
0.0410000000
0.0410000000
0.0410000000
0.0410000000
0.0410000000
0.0410000000
0.0410000000
0.0410000000
0.0410000000
0.0410000000
0.0410000000
0.0410000000
0.0410000000
0.0410000000
0.0410000000
0.0410000000
0.0410000000
0.0410000000
0.0410000000
0.0410000000
0.0410000000
0.0410000000
0.0410000000
0.0410000000
0.0410000000
0.0410000000
0.0410000000
0.0410000000
0.0410000000
0.0410000000
0.0410000000
0.0410000000
0.0410000000
0.0410000000
0.0410000000
0.0410000000
0.0410000000
0.0410000000
0.0410000000
0.0410000000
0.0410000000
0.0410000000
0.0410000000
0.0410000000
0.0410000000
0.0410000000
0.0410000000
0.0410000000
0.0410000000
0.0410000000
0.0410000000
0.0410000000
0.0410000000
0.0410000000
0.0410000000
0.0410000000
0.0410000000
0.0410000000
0.0410000000
0.0410000000
0.0410000000
0.0410000000
0.0410000000
0.0410000000
0.0410000000
0.0410000000
0.0410000000
0.0410000000
0.0410000000
0.0410000000
0.0410000000
0.0410000000
0.0410000000
0.0410000000
0.0410000000
0.0410000000
0.0410000000
0.0410000000
0.0410000000
0.0410000000
0.0410000000
0.0410000000
0.0410000000
0.0410000000
0.0410000000
0.0410000000
0.0410000000
0.0410000000
0.0410000000
0.0410000000
0.0410000000
0.0410000000
0.0410000000
0.0410000000
0.0410000000
0.0410000000
0.0410000000
0.0410000000
0.0410000000
0.0410000000
0.0410000000
0.0410000000
0.0410000000
0.0410000000
0.0410000000
0.0410000000
0.0410000000
0.0410000000
0.0410000000
0.0410000000
0.0410000000
0.0410000000
0.0410000000
0.0410000000
0.0410000000
0.0410000000
0.0410000000
0.0410000000
0.0410000000
0.0410000000
0.0410000000
0.0410000000
0.0410000000
0.0410000000
0.0410000000
0.0410000000
0.0410000000
0.0410000000
0.0410000000
0.0410000000
0.0410000000
0.0410000000
0.0410000000
0.0410000000
0.0410000000
0.0410000000
0.0410000000
0.0410000000
0.0410000000
0.0410000000
0.0410000000
0.0410000000
0.0410000000
0.0410000000
0.0410000000
0.0410000000
0.0410000000
0.0410000000
0.0410000000
0.0410000000
0.0410000000
0.0410000000
0.0410000000
0.0410000000
0.0410000000
0.0410000000
0.0410000000
0.0410000000
0.0410000000
0.0410000000
0.0410000000
0.0410000000
0.0410000000
0.0410000000
0.0410000000
0.0410000000
0.0410000000
0.0410000000
0.0410000000
0.0410000000
0.0410000000
0.0410000000
0.0410000000
0.0410000000
0.0410000000
0.0410000000
0.0410000000
0.0410000000
0.0410000000
0.0410000000
0.0410000000
0.0410000000
0.0410000000
0.0410000000
0.0410000000
0.0410000000
0.0410000000
0.0410000000
0.0410000000
0.0410000000
0.0410000000
0.0410000000
0.0410000000
0.0410000000
0.0410000000
0.0410000000
0.0410000000
0.0410000000
0.0410000000
0.0410000000
0.0410000000
0.0410000000
0.0410000000
0.0410000000
0.0410000000
0.0410000000
0.0410000000
0.0410000000
0.0410000000
0.0410000000
0.0410000000
0.0410000000
0.0410000000
0.0410000000
0.0410000000
0.0410000000
0.0410000000
0.0410000000
0.0410000000
0.0410000000
0.0410000000
0.0410000000
0.0410000000
0.0410000000
0.0410000000
0.0410000000
0.0410000000
0.0410000000
0.0410000000
0.0410000000
0.0410000000
0.0410000000
0.0410000000
0.0410000000
0.0410000000
0.0410000000
0.0410000000
0.0410000000
0.0410000000
0.0410000000
0.0410000000
0.0410000000
0.0410000000
0.0410000000
0.0410000000
0.0410000000
0.0410000000
0.0410000000
0.0410000000
0.0410000000
0.0410000000
0.0410000000
0.0410000000
0.0410000000
0.0410000000
0.0410000000
0.0410000000
0.0410000000
0.0410000000
0.0410000000
0.0410000000
0.0410000000
0.0410000000
0.0410000000
0.0410000000
0.0410000000
0.0410000000
0.0410000000
0.0410000000
0.0410000000
0.0410000000
0.0410000000
0.0410000000
0.0410000000
0.0410000000
0.0410000000
0.0410000000
0.0410000000
0.0410000000
0.0410000000
0.0410000000
0.0410000000
0.0410000000
0.0410000000
0.0410000000
0.0410000000
0.0410000000
0.0410000000
0.0410000000
0.0410000000
0.0410000000
0.0410000000
0.0410000000
0.0410000000
0.0410000000
0.0410000000
0.0410000000
0.0410000000
0.0410000000
0.0410000000
0.0410000000
0.0410000000
0.0410000000
0.0410000000
0.0410000000
0.0410000000
0.0410000000
0.0410000000
0.0410000000
0.0410000000
0.0410000000
0.0410000000
0.0410000000
0.0410000000
0.0410000000
0.0410000000
0.0410000000
0.0410000000
0.0410000000
0.0410000000
0.0410000000
0.0410000000
0.0410000000
0.0410000000
0.0410000000
0.0410000000
0.0410000000
0.0410000000
0.0410000000
0.0410000000
0.0410000000
0.0410000000
0.0410000000
0.0410000000
0.0410000000
0.0410000000
0.0410000000
0.0410000000
0.0410000000
0.0410000000
0.0410000000
0.0410000000
0.0410000000
0.0410000000
0.0410000000
0.0410000000
0.0410000000
0.0410000000
0.0410000000
0.0410000000
0.0410000000
0.0410000000
0.0410000000
0.0410000000
0.0410000000
0.0410000000
0.0410000000
0.0410000000
0.0410000000
0.0410000000
0.0410000000
0.0410000000
0.0410000000
0.0410000000
0.0410000000
0.0410000000
0.0410000000
0.0410000000
0.0410000000
0.0410000000
0.0410000000
0.0410000000
0.0410000000
0.0410000000
0.0410000000
0.0410000000
0.0410000000
0.0410000000
0.0410000000
0.0410000000
0.0410000000
0.0410000000
0.0410000000
0.0410000000
0.0410000000
0.0410000000
0.0410000000
0.0410000000
0.0410000000
0.0410000000
0.0410000000
0.0410000000
0.0410000000
0.0410000000
0.0410000000
0.0410000000
0.0410000000
0.0410000000
0.0410000000
0.0410000000
0.0410000000
0.0410000000
0.0410000000
0.0410000000
0.0410000000
0.0410000000
0.0410000000
0.0410000000
0.0410000000
0.0410000000
0.0410000000
0.0410000000
0.0410000000
0.0410000000
0.0410000000
0.0410000000
0.0410000000
0.0410000000
0.0410000000
0.0410000000
0.0410000000
0.0410000000
0.0410000000
0.0410000000
0.0410000000
0.0410000000
0.0410000000
0.0410000000
0.0410000000
0.0410000000
0.0410000000
0.0410000000
0.0410000000
0.0410000000
0.0410000000
0.0410000000
0.0410000000
0.0410000000
0.0410000000
0.0410000000
0.0410000000
0.0410000000
0.0410000000
0.0410000000
0.0410000000
0.0410000000
0.0410000000
0.0410000000
0.0410000000
0.0410000000
0.0410000000
0.0410000000
0.0410000000
0.0410000000
0.0410000000
0.0410000000
0.0410000000
0.0410000000
0.0410000000
0.0410000000
0.0410000000
0.0410000000
0.0410000000
0.0410000000
0.0410000000
0.0410000000
0.0410000000
0.0410000000
0.0410000000
0.0410000000
0.0410000000
0.0410000000
0.0410000000
0.0410000000
0.0410000000
0.0410000000
0.0410000000
0.0410000000
0.0410000000
0.0410000000
0.0410000000
0.0410000000
0.0410000000
0.0410000000
0.0410000000
0.0410000000
0.0410000000
0.0410000000
0.0410000000
0.0410000000
0.0410000000
0.0410000000
0.0410000000
0.0410000000
0.0410000000
0.0410000000
0.0410000000
0.0410000000
0.0410000000
0.0410000000
0.0410000000
0.0410000000
0.0410000000
0.0410000000
0.0410000000
0.0410000000
0.0410000000
0.0410000000
0.0410000000
0.0410000000
0.0410000000
0.0410000000
0.0410000000
0.0410000000
0.0410000000
0.0410000000
0.0410000000
0.0410000000
0.0410000000
0.0410000000
0.0410000000
0.0410000000
0.0410000000
0.0410000000
0.0410000000
0.0410000000
0.0410000000
0.0410000000
0.0410000000
0.0410000000
0.0410000000
0.0410000000
0.0410000000
0.0410000000
0.0410000000
0.0410000000
0.0410000000
0.0410000000
0.0410000000
0.0410000000
0.0410000000
0.0410000000
0.0410000000
0.0410000000
0.0410000000
0.0410000000
0.0410000000
0.0410000000
0.0410000000
0.0410000000
0.0410000000
0.0410000000
0.0410000000
0.0410000000
0.0410000000
0.0410000000
0.0410000000
0.0410000000
0.0410000000
0.0410000000
0.0410000000
0.0410000000
0.0410000000
0.0410000000
0.0410000000
0.0410000000
0.0410000000
0.0410000000
0.0410000000
0.0410000000
0.0410000000
0.0410000000
0.0410000000
0.0410000000
0.0410000000
0.0410000000
0.0410000000
0.0410000000
0.0410000000
0.0410000000
0.0410000000
0.0410000000
0.0410000000
0.0410000000
0.0410000000
0.0410000000
0.0410000000
0.0410000000
0.0410000000
0.0410000000
0.0410000000
0.0410000000
0.0410000000
0.0410000000
0.0410000000
0.0410000000
0.0410000000
0.0410000000
0.0410000000
0.0410000000
0.0410000000
0.0410000000
0.0410000000
0.0410000000
0.0410000000
0.0410000000
0.0410000000
0.0410000000
0.0410000000
0.0410000000
0.0410000000
0.0410000000
0.0410000000
0.0410000000
0.0410000000
0.0410000000
0.0410000000
0.0410000000
0.0410000000
0.0410000000
0.0410000000
0.0410000000
0.0410000000
0.0410000000
0.0410000000
0.0410000000
0.0410000000
0.0410000000
0.0410000000
0.0410000000
0.0410000000
0.0410000000
0.0410000000
0.0410000000
0.0410000000
0.0410000000
0.0410000000
0.0410000000
0.0410000000
0.0410000000
0.0410000000
0.0410000000
0.0410000000
0.0410000000
0.0410000000
0.0410000000
0.0410000000
0.0410000000
0.0410000000
0.0410000000
0.0410000000
0.0410000000
0.0410000000
0.0410000000
0.0410000000
0.0410000000
0.0410000000
0.0410000000
0.0410000000
0.0410000000
0.0410000000
0.0410000000
0.0410000000
0.0410000000
0.0410000000
0.0410000000
0.0410000000
0.0410000000
0.0410000000
0.0410000000
0.0410000000
0.0410000000
0.0410000000
0.0410000000
0.0410000000
0.0410000000
0.0410000000
0.0410000000
0.0410000000
0.0410000000
0.0410000000
0.0410000000
0.0410000000
0.0410000000
0.0410000000
0.0410000000
0.0410000000
0.0410000000
0.0410000000
0.0410000000
0.0410000000
0.0410000000
0.0410000000
0.0410000000
0.0410000000
0.0410000000
0.0410000000
0.0410000000
0.0410000000
0.0410000000
0.0410000000
0.0410000000
0.0410000000
0.0410000000
0.0410000000
0.0410000000
0.0410000000
0.0410000000
0.0410000000
0.0410000000
0.0410000000
0.0410000000
0.0410000000
0.0410000000
0.0410000000
0.0410000000
0.0410000000
0.0410000000
0.0410000000
0.0410000000
0.0410000000
0.0410000000
0.0410000000
0.0410000000
0.0410000000
0.0410000000
0.0410000000
0.0410000000
0.0410000000
0.0410000000
0.0410000000
0.0410000000
0.0410000000
0.0410000000
0.0410000000
0.0410000000
0.0410000000
0.0410000000
0.0410000000
0.0410000000
0.0410000000
0.0410000000
0.0410000000
0.0410000000
0.0410000000
0.0410000000
0.0410000000
0.0410000000
0.0410000000
0.0410000000
0.0410000000
0.0410000000
0.0410000000
0.0410000000
0.0410000000
0.0410000000
0.0410000000
0.0410000000
0.0410000000
0.0410000000
0.0410000000
0.0410000000
0.0410000000
0.0410000000
0.0410000000
0.0410000000
0.0410000000
0.0410000000
0.0410000000
0.0410000000
0.0410000000
0.0410000000
0.0410000000
0.0410000000
0.0410000000
0.0410000000
0.0410000000
0.0410000000
0.0410000000
0.0410000000
0.0410000000
0.0410000000
0.0410000000
0.0410000000
0.0410000000
0.0410000000
0.0410000000
0.0410000000
0.0410000000
0.0410000000
0.0410000000
0.0410000000
0.0410000000
0.0410000000
0.0410000000
0.0410000000
0.0410000000
0.0410000000
0.0410000000
0.0410000000
0.0410000000
0.0410000000
0.0410000000
0.0410000000
0.0410000000
0.0410000000
0.0410000000
0.0410000000
0.0410000000
0.0410000000
0.0410000000
0.0410000000
0.0410000000
0.0410000000
0.0410000000
0.0410000000
0.0410000000
0.0410000000
0.0410000000
0.0410000000
0.0410000000
0.0410000000
0.0410000000
0.0410000000
0.0410000000
0.0410000000
0.0410000000
0.0410000000
0.0410000000
0.0410000000
0.0410000000
0.0410000000
0.0410000000
0.0410000000
0.0410000000
0.0410000000
0.0410000000
0.0410000000
0.0410000000
0.0410000000
0.0410000000
0.0410000000
0.0410000000
0.0410000000
0.0410000000
0.0410000000
0.0410000000
0.0410000000
0.0410000000
0.0410000000
0.0410000000
0.0410000000
0.0410000000
0.0410000000
0.0410000000
0.0410000000
0.0410000000
0.0410000000
0.0410000000
0.0410000000
0.0410000000
0.0410000000
0.0410000000
0.0410000000
0.0410000000
0.0410000000
0.0410000000
0.0410000000
0.0410000000
0.0410000000
0.0410000000
0.0410000000
0.0410000000
0.0410000000
0.0410000000
0.0410000000
0.0410000000
0.0410000000
0.0410000000
0.0410000000
0.0410000000
0.0410000000
0.0410000000
0.0410000000
0.0410000000
0.0410000000
0.0410000000
0.0410000000
0.0410000000
0.0410000000
0.0410000000
0.0410000000
0.0410000000
0.0410000000
0.0410000000
0.0410000000
0.0410000000
0.0410000000
0.0410000000
0.0410000000
0.0410000000
0.0410000000
0.0410000000
0.0410000000
0.0410000000
0.0410000000
0.0410000000
0.0410000000
0.0410000000
0.0410000000
0.0410000000
0.0410000000
0.0410000000
0.0410000000
0.0410000000
0.0410000000
0.0410000000
0.0410000000
0.0410000000
0.0410000000
0.0410000000
0.0410000000
0.0410000000
0.0410000000
0.0410000000
0.0410000000
0.0410000000
0.0410000000
0.0410000000
0.0410000000
0.0410000000
0.0410000000
0.0410000000
0.0410000000
0.0410000000
0.0410000000
0.0410000000
0.0410000000
0.0410000000
0.0410000000
0.0410000000
0.0410000000
0.0410000000
0.0410000000
0.0410000000
0.0410000000
0.0410000000
0.0410000000
0.0410000000
0.0410000000
0.0410000000
0.0410000000
0.0410000000
0.0410000000
0.0410000000
0.0410000000
0.0410000000
0.0410000000
0.0410000000
0.0410000000
0.0410000000
0.0410000000
0.0410000000
0.0410000000
0.0410000000
0.0410000000
0.0410000000
0.0410000000
0.0410000000
0.0410000000
0.0410000000
0.0410000000
0.0410000000
0.0410000000
0.0410000000
0.0410000000
0.0410000000
0.0410000000
0.0410000000
0.0410000000
0.0410000000
0.0410000000
0.0410000000
0.0410000000
0.0410000000
0.0410000000
0.0410000000
0.0410000000
0.0410000000
0.0410000000
0.0410000000
0.0410000000
0.0410000000
0.0410000000
0.0410000000
0.0410000000
0.0410000000
0.0410000000
0.0410000000
0.0410000000
0.0410000000
0.0410000000
0.0410000000
0.0410000000
0.0410000000
0.0410000000
0.0410000000
0.0410000000
0.0410000000
0.0410000000
0.0410000000
0.0410000000
0.0410000000
0.0410000000
0.0410000000
0.0410000000
0.0410000000
0.0410000000
0.0410000000
0.0410000000
0.0410000000
0.0410000000
0.0410000000
0.0410000000
0.0410000000
0.0410000000
0.0410000000
0.0410000000
0.0410000000
0.0410000000
0.0410000000
0.0410000000
0.0410000000
0.0410000000
0.0410000000
0.0410000000
0.0410000000
0.0410000000
0.0410000000
0.0410000000
0.0410000000
0.0410000000
0.0410000000
0.0410000000
0.0410000000
0.0410000000
0.0410000000
0.0410000000
0.0410000000
0.0410000000
0.0410000000
0.0410000000
0.0410000000
0.0410000000
0.0410000000
0.0410000000
0.0410000000
0.0410000000
0.0410000000
0.0410000000
0.0410000000
0.0410000000
0.0410000000
0.0410000000
0.0410000000
0.0410000000
0.0410000000
0.0410000000
0.0410000000
0.0410000000
0.0410000000
0.0410000000
0.0410000000
0.0410000000
0.0410000000
0.0410000000
0.0410000000
0.0410000000
0.0410000000
0.0410000000
0.0410000000
0.0410000000
0.0410000000
0.0410000000
0.0410000000
0.0410000000
0.0410000000
0.0410000000
0.0410000000
0.0410000000
0.0410000000
0.0410000000
0.0410000000
0.0410000000
0.0410000000
0.0410000000
0.0410000000
0.0410000000
0.0410000000
0.0410000000
0.0410000000
0.0410000000
0.0410000000
0.0410000000
0.0410000000
0.0410000000
0.0410000000
0.0410000000
0.0410000000
0.0410000000
0.0410000000
0.0410000000
0.0410000000
0.0410000000
0.0410000000
0.0410000000
0.0410000000
0.0410000000
0.0410000000
0.0410000000
0.0410000000
0.0410000000
0.0410000000
0.0410000000
0.0410000000
0.0410000000
0.0410000000
0.0410000000
0.0410000000
0.0410000000
0.0410000000
0.0410000000
0.0410000000
0.0410000000
0.0410000000
0.0410000000
0.0410000000
0.0410000000
0.0410000000
0.0410000000
0.0410000000
0.0410000000
0.0410000000
0.0410000000
0.0410000000
0.0410000000
0.0410000000
0.0410000000
0.0410000000
0.0410000000
0.0410000000
0.0410000000
0.0410000000
0.0410000000
0.0410000000
0.0410000000
0.0410000000
0.0410000000
0.0410000000
0.0410000000
0.0410000000
0.0410000000
0.0410000000
0.0410000000
0.0410000000
0.0410000000
0.0410000000
0.0410000000
0.0410000000
0.0410000000
0.0410000000
0.0410000000
0.0410000000
0.0410000000
0.0410000000
0.0410000000
0.0410000000
0.0410000000
0.0410000000
0.0410000000
0.0410000000
0.0410000000
0.0410000000
0.0410000000
0.0410000000
0.0410000000
0.0410000000
0.0410000000
0.0410000000
0.0410000000
0.0410000000
0.0410000000
0.0410000000
0.0410000000
0.0410000000
0.0410000000
0.0410000000
0.0410000000
0.0410000000
0.0410000000
0.0410000000
0.0410000000
0.0410000000
0.0410000000
0.0410000000
0.0410000000
0.0410000000
0.0410000000
0.0410000000
0.0410000000
0.0410000000
0.0410000000
0.0410000000
0.0410000000
0.0410000000
0.0410000000
0.0410000000
0.0410000000
0.0410000000
0.0410000000
0.0410000000
0.0410000000
0.0410000000
0.0410000000
0.0410000000
0.0410000000
0.0410000000
0.0410000000
0.0410000000
0.0410000000
0.0410000000
0.0410000000
0.0410000000
0.0410000000
0.0410000000
0.0410000000
0.0410000000
0.0410000000
0.0410000000
0.0410000000
0.0410000000
0.0410000000
0.0410000000
0.0410000000
0.0410000000
0.0410000000
0.0410000000
0.0410000000
0.0410000000
0.0410000000
0.0410000000
0.0410000000
0.0410000000
0.0410000000
0.0410000000
0.0410000000
0.0410000000
0.0410000000
0.0410000000
0.0410000000
0.0410000000
0.0410000000
0.0410000000
0.0410000000
0.0410000000
0.0410000000
0.0410000000
0.0410000000
0.0410000000
0.0410000000
0.0410000000
0.0410000000
0.0410000000
0.0410000000
0.0410000000
0.0410000000
0.0410000000
0.0410000000
0.0410000000
0.0410000000
0.0410000000
0.0410000000
0.0410000000
0.0410000000
0.0410000000
0.0410000000
0.0410000000
0.0410000000
0.0410000000
0.0410000000
0.0410000000
0.0410000000
0.0410000000
0.0410000000
0.0410000000
0.0410000000
0.0410000000
0.0410000000
0.0410000000
0.0410000000
0.0410000000
0.0410000000
0.0410000000
0.0410000000
0.0410000000
0.0410000000
0.0410000000
0.0410000000
0.0410000000
0.0410000000
0.0410000000
0.0410000000
0.0410000000
0.0410000000
0.0410000000
0.0410000000
0.0410000000
0.0410000000
0.0410000000
0.0410000000
0.0410000000
0.0410000000
0.0410000000
0.0410000000
0.0410000000
0.0410000000
0.0410000000
0.0410000000
0.0410000000
0.0410000000
0.0410000000
0.0410000000
0.0410000000
0.0410000000
0.0410000000
0.0410000000
0.0410000000
0.0410000000
0.0410000000
0.0410000000
0.0410000000
0.0410000000
0.0410000000
0.0410000000
0.0410000000
0.0410000000
0.0410000000
0.0410000000
0.0410000000
0.0410000000
0.0410000000
0.0410000000
0.0410000000
0.0410000000
0.0410000000
0.0410000000
0.0410000000
0.0410000000
0.0410000000
0.0410000000
0.0410000000
0.0410000000
0.0410000000
0.0410000000
0.0410000000
0.0410000000
0.0410000000
0.0410000000
0.0410000000
0.0410000000
0.0410000000
0.0410000000
0.0410000000
0.0410000000
0.0410000000
0.0410000000
0.0410000000
0.0410000000
0.0410000000
0.0410000000
0.0410000000
0.0410000000
0.0410000000
0.0410000000
0.0410000000
0.0410000000
0.0410000000
0.0410000000
0.0410000000
0.0410000000
0.0410000000
0.0410000000
0.0410000000
0.0410000000
0.0410000000
0.0410000000
0.0410000000
0.0410000000
0.0410000000
0.0410000000
0.0410000000
0.0410000000
0.0410000000
0.0410000000
0.0410000000
0.0410000000
0.0410000000
0.0410000000
0.0410000000
0.0410000000
0.0410000000
0.0410000000
0.0410000000
0.0410000000
0.0410000000
0.0410000000
0.0410000000
0.0410000000
0.0410000000
0.0410000000
0.0410000000
0.0410000000
0.0410000000
0.0410000000
0.0410000000
0.0410000000
0.0410000000
0.0410000000
0.0410000000
0.0410000000
0.0410000000
0.0410000000
0.0410000000
0.0410000000
0.0410000000
0.0410000000
0.0410000000
0.0410000000
0.0410000000
0.0410000000
0.0410000000
0.0410000000
0.0410000000
0.0410000000
0.0410000000
0.0410000000
0.0410000000
0.0410000000
0.0410000000
0.0410000000
0.0410000000
0.0410000000
0.0410000000
0.0410000000
0.0410000000
0.0410000000
0.0410000000
0.0410000000
0.0410000000
0.0410000000
0.0410000000
0.0410000000
0.0410000000
0.0410000000
0.0410000000
0.0410000000
0.0410000000
0.0410000000
0.0410000000
0.0410000000
0.0410000000
0.0410000000
0.0410000000
0.0410000000
0.0410000000
0.0410000000
0.0410000000
0.0410000000
0.0410000000
0.0410000000
0.0410000000
0.0410000000
0.0410000000
0.0410000000
0.0410000000
0.0410000000
0.0410000000
0.0410000000
0.0410000000
0.0410000000
0.0410000000
0.0410000000
0.0410000000
0.0410000000
0.0410000000
0.0410000000
0.0410000000
0.0410000000
0.0410000000
0.0410000000
0.0410000000
0.0410000000
0.0410000000
0.0410000000
0.0410000000
0.0410000000
0.0410000000
0.0410000000
0.0410000000
0.0410000000
0.0410000000
0.0410000000
0.0410000000
0.0410000000
0.0410000000
0.0410000000
0.0410000000
0.0410000000
0.0410000000
0.0410000000
0.0410000000
0.0410000000
0.0410000000
0.0410000000
0.0410000000
0.0410000000
0.0410000000
0.0410000000
0.0410000000
0.0410000000
0.0410000000
0.0410000000
0.0410000000
0.0410000000
0.0410000000
0.0410000000
0.0410000000
0.0410000000
0.0410000000
0.0410000000
0.0410000000
0.0410000000
0.0410000000
0.0410000000
0.0410000000
0.0410000000
0.0410000000
0.0410000000
0.0410000000
0.0410000000
0.0410000000
0.0410000000
0.0410000000
0.0410000000
0.0410000000
0.0410000000
0.0410000000
0.0410000000
0.0410000000
0.0410000000
0.0410000000
0.0410000000
0.0410000000
0.0410000000
0.0410000000
0.0410000000
0.0410000000
0.0410000000
0.0410000000
0.0410000000
0.0410000000
0.0410000000
0.0410000000
0.0410000000
0.0410000000
0.0410000000
0.0410000000
0.0410000000
0.0410000000
0.0410000000
0.0410000000
0.0410000000
0.0410000000
0.0410000000
0.0410000000
0.0410000000
0.0410000000
0.0410000000
0.0410000000
0.0410000000
0.0410000000
0.0410000000
0.0410000000
0.0410000000
0.0410000000
0.0410000000
0.0410000000
0.0410000000
0.0410000000
0.0410000000
0.0410000000
0.0410000000
0.0410000000
0.0410000000
0.0410000000
0.0410000000
0.0410000000
0.0410000000
0.0410000000
0.0410000000
0.0410000000
0.0410000000
0.0410000000
0.0410000000
0.0410000000
0.0410000000
0.0410000000
0.0410000000
0.0410000000
0.0410000000
0.0410000000
0.0410000000
0.0410000000
0.0410000000
0.0410000000
0.0410000000
0.0410000000
0.0410000000
0.0410000000
0.0410000000
0.0410000000
0.0410000000
0.0410000000
0.0410000000
0.0410000000
0.0410000000
0.0410000000
0.0410000000
0.0410000000
0.0410000000
0.0410000000
0.0410000000
0.0410000000
0.0410000000
0.0410000000
0.0410000000
0.0410000000
0.0410000000
0.0410000000
0.0410000000
0.0410000000
0.0410000000
0.0410000000
0.0410000000
0.0410000000
0.0410000000
0.0410000000
0.0410000000
0.0410000000
0.0410000000
0.0410000000
0.0410000000
0.0410000000
0.0410000000
0.0410000000
0.0410000000
0.0410000000
0.0410000000
0.0410000000
0.0410000000
0.0410000000
0.0410000000
0.0410000000
0.0410000000
0.0410000000
0.0410000000
0.0410000000
0.0410000000
0.0410000000
0.0410000000
0.0410000000
0.0410000000
0.0410000000
0.0410000000
0.0410000000
0.0410000000
0.0410000000
0.0410000000
0.0410000000
0.0410000000
0.0410000000
0.0410000000
0.0410000000
0.0410000000
0.0410000000
0.0410000000
0.0410000000
0.0410000000
0.0410000000
0.0410000000
0.0410000000
0.0410000000
0.0410000000
0.0410000000
0.0410000000
0.0410000000
0.0410000000
0.0410000000
0.0410000000
0.0410000000
0.0410000000
0.0410000000
0.0410000000
0.0410000000
0.0410000000
0.0410000000
0.0410000000
0.0410000000
0.0410000000
0.0410000000
0.0410000000
0.0410000000
0.0410000000
0.0410000000
0.0410000000
0.0410000000
0.0410000000
0.0410000000
0.0410000000
0.0410000000
0.0410000000
0.0410000000
0.0410000000
0.0410000000
0.0410000000
0.0410000000
0.0410000000
0.0410000000
0.0410000000
0.0410000000
0.0410000000
0.0410000000
0.0410000000
0.0410000000
0.0410000000
0.0410000000
0.0410000000
0.0410000000
0.0410000000
0.0410000000
0.0410000000
0.0410000000
0.0410000000
0.0410000000
0.0410000000
0.0410000000
0.0410000000
0.0410000000
0.0410000000
0.0410000000
0.0410000000
0.0410000000
0.0410000000
0.0410000000
0.0410000000
0.0410000000
0.0410000000
0.0410000000
0.0410000000
0.0410000000
0.0410000000
0.0410000000
0.0410000000
0.0410000000
0.0410000000
0.0410000000
0.0410000000
0.0410000000
0.0410000000
0.0410000000
0.0410000000
0.0410000000
0.0410000000
0.0410000000
0.0410000000
0.0410000000
0.0410000000
0.0410000000
0.0410000000
0.0410000000
0.0410000000
0.0410000000
0.0410000000
0.0410000000
0.0410000000
0.0410000000
0.0410000000
0.0410000000
0.0410000000
0.0410000000
0.0410000000
0.0410000000
0.0410000000
0.0410000000
0.0410000000
0.0410000000
0.0410000000
0.0410000000
0.0410000000
0.0410000000
0.0410000000
0.0410000000
0.0410000000
0.0410000000
0.0410000000
0.0410000000
0.0410000000
0.0410000000
0.0410000000
0.0410000000
0.0410000000
0.0410000000
0.0410000000
0.0410000000
0.0410000000
0.0410000000
0.0410000000
0.0410000000
0.0410000000
0.0410000000
0.0410000000
0.0410000000
0.0410000000
0.0410000000
0.0410000000
0.0410000000
0.0410000000
0.0410000000
0.0410000000
0.0410000000
0.0410000000
0.0410000000
0.0410000000
0.0410000000
0.0410000000
0.0410000000
0.0410000000
0.0410000000
0.0410000000
0.0410000000
0.0410000000
0.0410000000
0.0410000000
0.0410000000
0.0410000000
0.0410000000
0.0410000000
0.0410000000
0.0410000000
0.0410000000
0.0410000000
0.0410000000
0.0410000000
0.0410000000
0.0410000000
0.0410000000
0.0410000000
0.0410000000
0.0410000000
0.0410000000
0.0410000000
0.0410000000
0.0410000000
0.0410000000
0.0410000000
0.0410000000
0.0410000000
0.0410000000
0.0410000000
0.0410000000
0.0410000000
0.0410000000
0.0410000000
0.0410000000
0.0410000000
0.0410000000
0.0410000000
0.0410000000
0.0410000000
0.0410000000
0.0410000000
0.0410000000
0.0410000000
0.0410000000
0.0410000000
0.0410000000
0.0410000000
0.0410000000
0.0410000000
0.0410000000
0.0410000000
0.0410000000
0.0410000000
0.0410000000
0.0410000000
0.0410000000
0.0410000000
0.0410000000
0.0410000000
0.0410000000
0.0410000000
0.0410000000
0.0410000000
0.0410000000
0.0410000000
0.0410000000
0.0410000000
0.0410000000
0.0410000000
0.0410000000
0.0410000000
0.0410000000
0.0410000000
0.0410000000
0.0410000000
0.0410000000
0.0410000000
0.0410000000
0.0410000000
0.0410000000
0.0410000000
0.0410000000
0.0410000000
0.0410000000
0.0410000000
0.0410000000
0.0410000000
0.0410000000
0.0410000000
0.0410000000
0.0410000000
0.0410000000
0.0410000000
0.0410000000
0.0410000000
0.0410000000
0.0410000000
0.0410000000
0.0410000000
0.0410000000
0.0410000000
0.0410000000
0.0410000000
0.0410000000
0.0410000000
0.0410000000
0.0410000000
0.0410000000
0.0410000000
0.0410000000
0.0410000000
0.0410000000
0.0410000000
0.0410000000
0.0410000000
0.0410000000
0.0410000000
0.0410000000
0.0410000000
0.0410000000
0.0410000000
0.0410000000
0.0410000000
0.0410000000
0.0410000000
0.0410000000
0.0410000000
0.0410000000
0.0410000000
0.0410000000
0.0410000000
0.0410000000
0.0410000000
0.0410000000
0.0410000000
0.0410000000
0.0410000000
0.0410000000
0.0410000000
0.0410000000
0.0410000000
0.0410000000
0.0410000000
0.0410000000
0.0410000000
0.0410000000
0.0410000000
0.0410000000
0.0410000000
0.0410000000
0.0410000000
0.0410000000
0.0410000000
0.0410000000
0.0410000000
0.0410000000
0.0410000000
0.0410000000
0.0410000000
0.0410000000
0.0410000000
0.0410000000
0.0410000000
0.0410000000
0.0410000000
0.0410000000
0.0410000000
0.0410000000
0.0410000000
0.0410000000
0.0410000000
0.0410000000
0.0410000000
0.0410000000
0.0410000000
0.0410000000
0.0410000000
0.0410000000
0.0410000000
0.0410000000
0.0410000000
0.0410000000
0.0410000000
0.0410000000
0.0410000000
0.0410000000
0.0410000000
0.0410000000
0.0410000000
0.0410000000
0.0410000000
0.0410000000
0.0410000000
0.0410000000
0.0410000000
0.0410000000
0.0410000000
0.0410000000
0.0410000000
0.0410000000
0.0410000000
0.0410000000
0.0410000000
0.0410000000
0.0410000000
0.0410000000
0.0410000000
0.0410000000
0.0410000000
0.0410000000
0.0410000000
0.0410000000
0.0410000000
0.0410000000
0.0410000000
0.0410000000
0.0410000000
0.0410000000
0.0410000000
0.0410000000
0.0410000000
0.0410000000
0.0410000000
0.0410000000
0.0410000000
0.0410000000
0.0410000000
0.0410000000
0.0410000000
0.0410000000
0.0410000000
0.0410000000
0.0410000000
0.0410000000
0.0410000000
0.0410000000
0.0410000000
0.0410000000
0.0410000000
0.0410000000
0.0410000000
0.0410000000
0.0410000000
0.0410000000
0.0410000000
0.0410000000
0.0410000000
0.0410000000
0.0410000000
0.0410000000
0.0410000000
0.0410000000
0.0410000000
0.0410000000
0.0410000000
0.0410000000
0.0410000000
0.0410000000
0.0410000000
0.0410000000
0.0410000000
0.0410000000
0.0410000000
0.0410000000
0.0410000000
0.0410000000
0.0410000000
0.0410000000
0.0410000000
0.0410000000
0.0410000000
0.0410000000
0.0410000000
0.0410000000
0.0410000000
0.0410000000
0.0410000000
0.0410000000
0.0410000000
0.0410000000
0.0410000000
0.0410000000
0.0410000000
0.0410000000
0.0410000000
0.0410000000
0.0410000000
0.0410000000
0.0410000000
0.0410000000
0.0410000000
0.0410000000
0.0410000000
0.0410000000
0.0410000000
0.0410000000
0.0410000000
0.0410000000
0.0410000000
0.0410000000
0.0410000000
0.0410000000
0.0410000000
0.0410000000
0.0410000000
0.0410000000
0.0410000000
0.0410000000
0.0410000000
0.0410000000
0.0410000000
0.0410000000
0.0410000000
0.0410000000
0.0410000000
0.0410000000
0.0410000000
0.0410000000
0.0410000000
0.0410000000
0.0410000000
0.0410000000
0.0410000000
0.0410000000
0.0410000000
0.0410000000
0.0410000000
0.0410000000
0.0410000000
0.0410000000
0.0410000000
0.0410000000
0.0410000000
0.0410000000
0.0410000000
0.0410000000
0.0410000000
0.0410000000
0.0410000000
0.0410000000
0.0410000000
0.0410000000
0.0410000000
0.0410000000
0.0410000000
0.0410000000
0.0410000000
0.0410000000
0.0410000000
0.0410000000
0.0410000000
0.0410000000
0.0410000000
0.0410000000
0.0410000000
0.0410000000
0.0410000000
0.0410000000
0.0410000000
0.0410000000
0.0410000000
0.0410000000
0.0410000000
0.0410000000
0.0410000000
0.0410000000
0.0410000000
0.0410000000
0.0410000000
0.0410000000
0.0410000000
0.0410000000
0.0410000000
0.0410000000
0.0410000000
0.0410000000
0.0410000000
0.0410000000
0.0410000000
0.0410000000
0.0410000000
0.0410000000
0.0410000000
0.0410000000
0.0410000000
0.0410000000
0.0410000000
0.0410000000
0.0410000000
0.0410000000
0.0410000000
0.0410000000
0.0410000000
0.0410000000
0.0410000000
0.0410000000
0.0410000000
0.0410000000
0.0410000000
0.0410000000
0.0410000000
0.0410000000
0.0410000000
0.0410000000
0.0410000000
0.0410000000
0.0410000000
0.0410000000
0.0410000000
0.0410000000
0.0410000000
0.0410000000
0.0410000000
0.0410000000
0.0410000000
0.0410000000
0.0410000000
0.0410000000
0.0410000000
0.0410000000
0.0410000000
0.0410000000
0.0410000000
0.0410000000
0.0410000000
0.0410000000
0.0410000000
0.0410000000
0.0410000000
0.0410000000
0.0410000000
0.0410000000
0.0410000000
0.0410000000
0.0410000000
0.0410000000
0.0410000000
0.0410000000
0.0410000000
0.0410000000
0.0410000000
0.0410000000
0.0410000000
0.0410000000
0.0410000000
0.0410000000
0.0410000000
0.0410000000
0.0410000000
0.0410000000
0.0410000000
0.0410000000
0.0410000000
0.0410000000
0.0410000000
0.0410000000
0.0410000000
0.0410000000
0.0410000000
0.0410000000
0.0410000000
0.0410000000
0.0410000000
0.0410000000
0.0410000000
0.0410000000
0.0410000000
0.0410000000
0.0410000000
0.0410000000
0.0410000000
0.0410000000
0.0410000000
0.0410000000
0.0410000000
0.0410000000
0.0410000000
0.0410000000
0.0410000000
0.0410000000
0.0410000000
0.0410000000
0.0410000000
0.0410000000
0.0410000000
0.0410000000
0.0410000000
0.0410000000
0.0410000000
0.0410000000
0.0410000000
0.0410000000
0.0410000000
0.0410000000
0.0410000000
0.0410000000
0.0410000000
0.0410000000
0.0410000000
0.0410000000
0.0410000000
0.0410000000
0.0410000000
0.0410000000
0.0410000000
0.0410000000
0.0410000000
0.0410000000
0.0410000000
0.0410000000
0.0410000000
0.0410000000
0.0410000000
0.0410000000
0.0410000000
0.0410000000
0.0410000000
0.0410000000
0.0410000000
0.0410000000
0.0410000000
0.0410000000
0.0410000000
0.0410000000
0.0410000000
0.0410000000
0.0410000000
0.0410000000
0.0410000000
0.0410000000
0.0410000000
0.0410000000
0.0410000000
0.0410000000
0.0410000000
0.0410000000
0.0410000000
0.0410000000
0.0410000000
0.0410000000
0.0410000000
0.0410000000
0.0410000000
0.0410000000
0.0410000000
0.0410000000
0.0410000000
0.0410000000
0.0410000000
0.0410000000
0.0410000000
0.0410000000
0.0410000000
0.0410000000
0.0410000000
0.0410000000
0.0410000000
0.0410000000
0.0410000000
0.0410000000
0.0410000000
0.0410000000
0.0410000000
0.0410000000
0.0410000000
0.0410000000
0.0410000000
0.0410000000
0.0410000000
0.0410000000
0.0410000000
0.0410000000
0.0410000000
0.0410000000
0.0410000000
0.0410000000
0.0410000000
0.0410000000
0.0410000000
0.0410000000
0.0410000000
0.0410000000
0.0410000000
0.0410000000
0.0410000000
0.0410000000
0.0410000000
0.0410000000
0.0410000000
0.0410000000
0.0410000000
0.0410000000
0.0410000000
0.0410000000
0.0410000000
0.0410000000
0.0410000000
0.0410000000
0.0410000000
0.0410000000
0.0410000000
0.0410000000
0.0410000000
0.0410000000
0.0410000000
0.0410000000
0.0410000000
0.0410000000
0.0410000000
0.0410000000
0.0410000000
0.0410000000
0.0410000000
0.0410000000
0.0410000000
0.0410000000
0.0410000000
0.0410000000
0.0410000000
0.0410000000
0.0410000000
0.0410000000
0.0410000000
0.0410000000
0.0410000000
0.0410000000
0.0410000000
0.0410000000
0.0410000000
0.0410000000
0.0410000000
0.0410000000
0.0410000000
0.0410000000
0.0410000000
0.0410000000
0.0410000000
0.0410000000
0.0410000000
0.0410000000
0.0410000000
0.0410000000
0.0410000000
0.0410000000
0.0410000000
0.0410000000
0.0410000000
0.0410000000
0.0410000000
0.0410000000
0.0410000000
0.0410000000
0.0410000000
0.0410000000
0.0410000000
0.0410000000
0.0410000000
0.0410000000
0.0410000000
0.0410000000
0.0410000000
0.0410000000
0.0410000000
0.0410000000
0.0410000000
0.0410000000
0.0410000000
0.0410000000
0.0410000000
0.0410000000
0.0410000000
0.0410000000
0.0410000000
0.0410000000
0.0410000000
0.0410000000
0.0410000000
0.0410000000
0.0410000000
0.0410000000
0.0410000000
0.0410000000
0.0410000000
0.0410000000
0.0410000000
0.0410000000
0.0410000000
0.0410000000
0.0410000000
0.0410000000
0.0410000000
0.0410000000
0.0410000000
0.0410000000
0.0410000000
0.0410000000
0.0410000000
0.0410000000
0.0410000000
0.0410000000
0.0410000000
0.0410000000
0.0410000000
0.0410000000
0.0410000000
0.0410000000
0.0410000000
0.0410000000
0.0410000000
0.0410000000
0.0410000000
0.0410000000
0.0410000000
0.0410000000
0.0410000000
0.0410000000
0.0410000000
0.0410000000
0.0410000000
0.0410000000
0.0410000000
0.0410000000
0.0410000000
0.0410000000
0.0410000000
0.0410000000
0.0410000000
0.0410000000
0.0410000000
0.0410000000
0.0410000000
0.0410000000
0.0410000000
0.0410000000
0.0410000000
0.0410000000
0.0410000000
0.0410000000
0.0410000000
0.0410000000
0.0410000000
0.0410000000
0.0410000000
0.0410000000
0.0410000000
0.0410000000
0.0410000000
0.0410000000
0.0410000000
0.0410000000
0.0410000000
0.0410000000
0.0410000000
0.0410000000
0.0410000000
0.0410000000
0.0410000000
0.0410000000
0.0410000000
0.0410000000
0.0410000000
0.0410000000
0.0410000000
0.0410000000
0.0410000000
0.0410000000
0.0410000000
0.0410000000
0.0410000000
0.0410000000
0.0410000000
0.0410000000
0.0410000000
0.0410000000
0.0410000000
0.0410000000
0.0410000000
0.0410000000
0.0410000000
0.0410000000
0.0410000000
0.0410000000
0.0410000000
0.0410000000
0.0410000000
0.0410000000
0.0410000000
0.0410000000
0.0410000000
0.0410000000
0.0410000000
0.0410000000
0.0410000000
0.0410000000
0.0410000000
0.0410000000
0.0410000000
0.0410000000
0.0410000000
0.0410000000
0.0410000000
0.0410000000
0.0410000000
0.0410000000
0.0410000000
0.0410000000
0.0410000000
0.0410000000
0.0410000000
0.0410000000
0.0410000000
0.0410000000
0.0410000000
0.0410000000
0.0410000000
0.0410000000
0.0410000000
0.0410000000
0.0410000000
0.0410000000
0.0410000000
0.0410000000
0.0410000000
0.0410000000
0.0410000000
0.0410000000
0.0410000000
0.0410000000
0.0410000000
0.0410000000
0.0410000000
0.0410000000
0.0410000000
0.0410000000
0.0410000000
0.0410000000
0.0410000000
0.0410000000
0.0410000000
0.0410000000
0.0410000000
0.0410000000
0.0410000000
0.0410000000
0.0410000000
0.0410000000
0.0410000000
0.0410000000
0.0410000000
0.0410000000
0.0410000000
0.0410000000
0.0410000000
0.0410000000
0.0410000000
0.0410000000
0.0410000000
0.0410000000
0.0410000000
0.0410000000
0.0410000000
0.0410000000
0.0410000000
0.0410000000
0.0410000000
0.0410000000
0.0410000000
0.0410000000
0.0410000000
0.0410000000
0.0410000000
0.0410000000
0.0410000000
0.0410000000
0.0410000000
0.0410000000
0.0410000000
0.0410000000
0.0410000000
0.0410000000
0.0410000000
0.0410000000
0.0410000000
0.0410000000
0.0410000000
0.0410000000
0.0410000000
0.0410000000
0.0410000000
0.0410000000
0.0410000000
0.0410000000
0.0410000000
0.0410000000
0.0410000000
0.0410000000
0.0410000000
0.0410000000
0.0410000000
0.0410000000
0.0410000000
0.0410000000
0.0410000000
0.0410000000
0.0410000000
0.0410000000
0.0410000000
0.0410000000
0.0410000000
0.0410000000
0.0410000000
0.0410000000
0.0410000000
0.0410000000
0.0410000000
0.0410000000
0.0410000000
0.0410000000
0.0410000000
0.0410000000
0.0410000000
0.0410000000
0.0410000000
0.0410000000
0.0410000000
0.0410000000
0.0410000000
0.0410000000
0.0410000000
0.0410000000
0.0410000000
0.0410000000
0.0410000000
0.0410000000
0.0410000000
0.0410000000
0.0410000000
0.0410000000
0.0410000000
0.0410000000
0.0410000000
0.0410000000
0.0410000000
0.0410000000
0.0410000000
0.0410000000
0.0410000000
0.0410000000
0.0410000000
0.0410000000
0.0410000000
0.0410000000
0.0410000000
0.0410000000
0.0410000000
0.0410000000
0.0410000000
0.0410000000
0.0410000000
0.0410000000
0.0410000000
0.0410000000
0.0410000000
0.0410000000
0.0410000000
0.0410000000
0.0410000000
0.0410000000
0.0410000000
0.0410000000
0.0410000000
0.0410000000
0.0410000000
0.0410000000
0.0410000000
0.0410000000
0.0410000000
0.0410000000
0.0410000000
0.0410000000
0.0410000000
0.0410000000
0.0410000000
0.0410000000
0.0410000000
0.0410000000
0.0410000000
0.0410000000
0.0410000000
0.0410000000
0.0410000000
0.0410000000
0.0410000000
0.0410000000
0.0410000000
0.0410000000
0.0410000000
0.0410000000
0.0410000000
0.0410000000
0.0410000000
0.0410000000
0.0410000000
0.0410000000
0.0410000000
0.0410000000
0.0410000000
0.0410000000
0.0410000000
0.0410000000
0.0410000000
0.0410000000
0.0410000000
0.0410000000
0.0410000000
0.0410000000
0.0410000000
0.0410000000
0.0410000000
0.0410000000
0.0410000000
0.0410000000
0.0410000000
0.0410000000
0.0410000000
0.0410000000
0.0410000000
0.0410000000
0.0410000000
0.0410000000
0.0410000000
0.0410000000
0.0410000000
0.0410000000
0.0410000000
0.0410000000
0.0410000000
0.0410000000
0.0410000000
0.0410000000
0.0410000000
0.0410000000
0.0410000000
0.0410000000
0.0410000000
0.0410000000
0.0410000000
0.0410000000
0.0410000000
0.0410000000
0.0410000000
0.0410000000
0.0410000000
0.0410000000
0.0410000000
0.0410000000
0.0410000000
0.0410000000
0.0410000000
0.0410000000
0.0410000000
0.0410000000
0.0410000000
0.0410000000
0.0410000000
0.0410000000
0.0410000000
0.0410000000
0.0410000000
0.0410000000
0.0410000000
0.0410000000
0.0410000000
0.0410000000
0.0410000000
0.0410000000
0.0410000000
0.0410000000
0.0410000000
0.0410000000
0.0410000000
0.0410000000
0.0410000000
0.0410000000
0.0410000000
0.0410000000
0.0410000000
0.0410000000
0.0410000000
0.0410000000
0.0410000000
0.0410000000
0.0410000000
0.0410000000
0.0410000000
0.0410000000
0.0410000000
0.0410000000
0.0410000000
0.0410000000
0.0410000000
0.0410000000
0.0410000000
0.0410000000
0.0410000000
0.0410000000
0.0410000000
0.0410000000
0.0410000000
0.0410000000
0.0410000000
0.0410000000
0.0410000000
0.0410000000
0.0410000000
0.0410000000
0.0410000000
0.0410000000
0.0410000000
0.0410000000
0.0410000000
0.0410000000
0.0410000000
0.0410000000
0.0410000000
0.0410000000
0.0410000000
0.0410000000
0.0410000000
0.0410000000
0.0410000000
0.0410000000
0.0410000000
0.0410000000
0.0410000000
0.0410000000
0.0410000000
0.0410000000
0.0410000000
0.0410000000
0.0410000000
0.0410000000
0.0410000000
0.0410000000
0.0410000000
0.0410000000
0.0410000000
0.0410000000
0.0410000000
0.0410000000
0.0410000000
0.0410000000
0.0410000000
0.0410000000
0.0410000000
0.0410000000
0.0410000000
0.0410000000
0.0410000000
0.0410000000
0.0410000000
0.0410000000
0.0410000000
0.0410000000
0.0410000000
0.0410000000
0.0410000000
0.0410000000
0.0410000000
0.0410000000
0.0410000000
0.0410000000
0.0410000000
0.0410000000
0.0410000000
0.0410000000
0.0410000000
0.0410000000
0.0410000000
0.0410000000
0.0410000000
0.0410000000
0.0410000000
0.0410000000
0.0410000000
0.0410000000
0.0410000000
0.0410000000
0.0410000000
0.0410000000
0.0410000000
0.0410000000
0.0410000000
0.0410000000
0.0410000000
0.0410000000
0.0410000000
0.0410000000
0.0410000000
0.0410000000
0.0410000000
0.0410000000
0.0410000000
0.0410000000
0.0410000000
0.0410000000
0.0410000000
0.0410000000
0.0410000000
0.0410000000
0.0410000000
0.0410000000
0.0410000000
0.0410000000
0.0410000000
0.0410000000
0.0410000000
0.0410000000
0.0410000000
0.0410000000
0.0410000000
0.0410000000
0.0410000000
0.0410000000
0.0410000000
0.0410000000
0.0410000000
0.0410000000
0.0410000000
0.0410000000
0.0410000000
0.0410000000
0.0410000000
0.0410000000
0.0410000000
0.0410000000
0.0410000000
0.0410000000
0.0410000000
0.0410000000
0.0410000000
0.0410000000
0.0410000000
0.0410000000
0.0410000000
0.0410000000
0.0410000000
0.0410000000
0.0410000000
0.0410000000
0.0410000000
0.0410000000
0.0410000000
0.0410000000
0.0410000000
0.0410000000
0.0410000000
0.0410000000
0.0410000000
0.0410000000
0.0410000000
0.0410000000
0.0410000000
0.0410000000
0.0410000000
0.0410000000
0.0410000000
0.0410000000
0.0410000000
0.0410000000
0.0410000000
0.0410000000
0.0410000000
0.0410000000
0.0410000000
0.0410000000
0.0410000000
0.0410000000
0.0410000000
0.0410000000
0.0410000000
0.0410000000
0.0410000000
0.0410000000
0.0410000000
0.0410000000
0.0410000000
0.0410000000
0.0410000000
0.0410000000
0.0410000000
0.0410000000
0.0410000000
0.0410000000
0.0410000000
0.0410000000
0.0410000000
0.0410000000
0.0410000000
0.0410000000
0.0410000000
0.0410000000
0.0410000000
0.0410000000
0.0410000000
0.0410000000
0.0410000000
0.0410000000
0.0410000000
0.0410000000
0.0410000000
0.0410000000
0.0410000000
0.0410000000
0.0410000000
0.0410000000
0.0410000000
0.0410000000
0.0410000000
0.0410000000
0.0410000000
0.0410000000
0.0410000000
0.0410000000
0.0410000000
0.0410000000
0.0410000000
0.0410000000
0.0410000000
0.0410000000
0.0410000000
0.0410000000
0.0410000000
0.0410000000
0.0410000000
0.0410000000
0.0410000000
0.0410000000
0.0410000000
0.0410000000
0.0410000000
0.0410000000
0.0410000000
0.0410000000
0.0410000000
0.0410000000
0.0410000000
0.0410000000
0.0410000000
0.0410000000
0.0410000000
0.0410000000
