gen,op_id,w0,w1,w2,w3,w4,w5,w6,norm
50,0,-9.188165532198138e-07,3.646546243411302e-07,-6.196315361012358e-06,5.100746524587151e-05,-0.0007730298590435873,0.0002874936622385538,0.000579365997891835,0.001009224386023842
50,1,-1.988203933023844e-07,-3.083060310225563e-08,8.766853285180129e-07,-5.857903254233054e-09,9.874687594371026e-05,8.807738501859488e-05,0.0001760989131947334,0.0002202730296252306
50,2,4.92213953884513e-09,-1.367233373539282e-09,4.642091196466617e-09,-2.777304943564473e-07,1.721685242678602e-06,-1.33642662261949e-06,-2.681266408088997e-06,3.466497889360496e-06
50,3,0,0,0,0,0,0,0,0
100,0,-1.941465597011355e-06,4.180594303555092e-07,-6.33430154978018e-06,5.100089663699666e-05,-0.0008730264018537445,0.0002289683908632287,0.0004627928801236138,0.001015590483973513
100,1,-4.765358155457844e-07,7.007240523386696e-10,8.503037593532661e-07,-6.547859110646809e-09,4.782844862079364e-05,6.466132585903405e-05,0.0001292834336097069,0.0001522622865698125
100,2,6.461008524061758e-09,-1.265809704604465e-09,4.712180165165795e-09,-2.77722266614986e-07,1.82731501291787e-06,-1.228257960256621e-06,-2.464967433040252e-06,3.316769124952605e-06
100,3,0,0,0,0,0,0,0,0
150,0,-1.394966083292438e-06,5.076733396714303e-07,-6.33123921341179e-06,5.100214358321647e-05,-0.000867741588921886,0.0002422626671841597,0.0004893694760543776,0.001026544035125748
150,1,-3.104763342786904e-07,3.415420976677826e-08,8.542961311998306e-07,-6.34051746523848e-09,5.663490485385278e-05,7.122777937133756e-05,0.0001424254099707313,0.0001690169631470579
150,2,7.895792844312643e-09,-1.173838253258256e-09,4.737830790102003e-09,-2.777181225932074e-07,1.864307548943713e-06,-1.169285533556798e-06,-2.347036575425701e-06,3.229344439126601e-06
150,3,0,0,0,0,0,0,0,0
200,0,-3.006240682541092e-06,2.991715428901894e-07,-6.354418932188689e-06,5.099796131183189e-05,-0.000895726314398475,0.0001905073754831173,0.0003858626520324803,0.0009950673215101892
200,1,-3.328874556052701e-07,2.808207883019149e-08,8.464255668124963e-07,-5.977472455155469e-09,5.206624185195852e-05,6.947759304169388e-05,0.0001389367305218967,0.0001638361151828241
200,2,8.219798284379101e-09,-1.117550448749259e-09,4.740742181917512e-09,-2.777167825241164e-07,1.86806999319298e-06,-1.15895460488484e-06,-2.326374718081783e-06,3.212802282201119e-06
200,3,0,0,0,0,0,0,0,0
250,0,-4.232055648040584e-06,1.907162656460006e-07,-6.360622524476774e-06,5.099405988645682e-05,-0.0009049688803567658,0.0001627577024186174,0.0003303661376661892,0.0009783963038347732
250,1,-6.562023413089568e-07,3.250588794228652e-08,8.432015228065563e-07,-6.469478005324146e-09,4.626497513098965e-05,6.187867483133021e-05,0.000123746470815249,0.0001458895131624942
250,2,8.219798284379101e-09,-1.117550448749259e-09,4.740742181917512e-09,-2.777167825241164e-07,1.86806999319298e-06,-1.15895460488484e-06,-2.326374718081783e-06,3.212802282201119e-06
250,3,0,0,0,0,0,0,0,0
300,0,-4.964919905109997e-06,1.52390223591417e-07,-6.363595056347612e-06,5.09931659339841e-05,-0.0009088008014360384,0.0001492750868297778,0.0003034034923032001,0.0009710412449258053
300,1,-8.713366217878102e-07,3.118783982874321e-08,8.41724012012386e-07,-6.704092303165933e-09,4.386638545557909e-05,5.787820778182675e-05,0.0001157469563699231,0.0001366490884064789
300,2,8.345862962907827e-09,-1.114909942104703e-09,4.741516259407447e-09,-2.777166532745302e-07,1.869216675173498e-06,-1.156613355765381e-06,-2.321693975424122e-06,3.209237957356451e-06
300,3,0,0,0,0,0,0,0,0
350,0,-5.276295581503293e-06,1.451616925895463e-07,-6.364762561054812e-06,5.099303745277066e-05,-0.0009105095033657837,0.0001443236458334625,0.0002935028076339328,0.0009688495388826734
350,1,-9.467017277877141e-07,3.112967428311686e-08,8.413855616975026e-07,-6.767901699942755e-09,4.302571576574441e-05,5.675173731020201e-05,0.000113494560497471,0.0001339947474943733
350,2,8.397950671912642e-09,-1.114434922112918e-09,4.741723877795467e-09,-2.777166241952715e-07,1.869502446130415e-06,-1.155777846028711e-06,-2.3200242908544e-06,3.207895776120738e-06
350,3,0,0,0,0,0,0,0,0
400,0,-5.276383334136682e-06,1.454717367578011e-07,-6.364769100174206e-06,5.099302486116575e-05,-0.0009105105218145567,0.0001443250219247822,0.0002935055598165722,0.0009688515346456079
400,1,-1.071985461156734e-06,2.834827158836435e-08,8.409522660406264e-07,-7.158453089135687e-09,4.167243753178515e-05,5.505319028204296e-05,0.0001100978876336132,0.0001299647947709907
400,2,8.397950671912642e-09,-1.114434922112918e-09,4.741723877795467e-09,-2.777166241952715e-07,1.869502446130415e-06,-1.155777846028711e-06,-2.3200242908544e-06,3.207895776120738e-06
400,3,0,0,0,0,0,0,0,0
450,0,-5.449215074823066e-06,1.385529916312812e-07,-6.364987166616507e-06,5.099207905765448e-05,-0.0009109748048317236,0.0001422494737933688,0.0002893546934610445,0.0009677326928396801
450,1,-1.084751833893293e-06,2.813484686513774e-08,8.409249982743757e-07,-7.226895571010927e-09,4.157868674084873e-05,5.490978396449002e-05,0.0001098110870831567,0.0001296311347543356
450,2,8.397950671912642e-09,-1.114434922112918e-09,4.741723877795467e-09,-2.777166241952715e-07,1.869502446130415e-06,-1.155777846028711e-06,-2.3200242908544e-06,3.207895776120738e-06
450,3,0,0,0,0,0,0,0,0
500,0,-5.510822818045378e-06,1.356864536567789e-07,-6.365112607258579e-06,5.099195296132885e-05,-0.0009111312389178656,0.0001416042421795255,0.000288064408080346,0.0009674006825727287
500,1,-1.09012086968119e-06,2.799121492760722e-08,8.409117299936055e-07,-7.246550797318475e-09,4.154769157630817e-05,5.485227375703985e-05,0.0001096960824914244,0.0001294994573643898
500,2,8.412088759251895e-09,-1.113609778271513e-09,4.741743561794489e-09,-2.777165648871686e-07,1.869532831854069e-06,-1.155626121729583e-06,-2.319720842077984e-06,3.207639397701027e-06
500,3,0,0,0,0,0,0,0,0
550,0,-5.527298106754378e-06,1.352597653613467e-07,-6.365141339839874e-06,5.099193252308626e-05,-0.0009111816641783387,0.0001414488156192934,0.0002877535799060721,0.0009673330227227582
550,1,-1.099755305521819e-06,2.791313189330253e-08,8.408905373694017e-07,-7.25777662444522e-09,4.148882900214112e-05,5.475905490924617e-05,0.0001095096768070526,0.0001292832693404447
550,2,8.415025269486989e-09,-1.113554978343156e-09,4.741748196481443e-09,-2.777165616139225e-07,1.869544009453626e-06,-1.155598177730691e-06,-2.319664954080199e-06,3.2075954352555e-06
550,3,0,0,0,0,0,0,0,0
600,0,-5.564003783275858e-06,1.310613321450481e-07,-6.365150867831771e-06,5.099190143792388e-05,-0.0009111994417203605,0.000141128379658101,0.0002871127164726728,0.0009671127227835095
600,1,-1.099913011819985e-06,2.789790862812515e-08,8.408905373694017e-07,-7.257906743480466e-09,4.148882900214112e-05,5.475768326076537e-05,0.000109506933510091,0.0001292803659932112
600,2,8.415692644065647e-09,-1.113419524995833e-09,4.741748196481443e-09,-2.777165608176306e-07,1.869544009453626e-06,-1.155592531583663e-06,-2.319653661786144e-06,3.207585236418169e-06
600,3,0,0,0,0,0,0,0,0
650,0,-5.584532430125828e-06,1.231065869338001e-07,-6.365150867831771e-06,5.099188678227728e-05,-0.0009111994417203605,0.00014096314645781,0.0002867822500720908,0.0009669906824928954
650,1,-1.099954581426775e-06,2.788209516248986e-08,8.408905373694017e-07,-7.257930373877732e-09,4.148882900214112e-05,5.47573480142499e-05,0.0001095062630170601,0.0001292796564063733
650,2,8.416586899267504e-09,-1.113104620717693e-09,4.741748196481443e-09,-2.777165602808549e-07,1.869544009453626e-06,-1.155585263333736e-06,-2.319639125286289e-06,3.207572107629709e-06
650,3,0,0,0,0,0,0,0,0
700,0,-5.593870568624174e-06,1.192583515904142e-07,-6.365151093790931e-06,5.099188106805809e-05,-0.000911201398645798,0.0001408935356112405,0.0002866430286194108,0.0009669411542700007
700,1,-1.100029102811375e-06,2.785880558901719e-08,8.408905358861831e-07,-7.257970080708163e-09,4.148881615668604e-05,5.475679518697365e-05,0.0001095051573625076,0.0001292784822154506
700,2,8.416586899267504e-09,-1.113104620717693e-09,4.741748196481443e-09,-2.777165602808549e-07,1.869544009453626e-06,-1.155585263333736e-06,-2.319639125286289e-06,3.207572107629709e-06
700,3,0,0,0,0,0,0,0,0
750,0,-5.598672238812495e-06,1.180580165072995e-07,-6.365151093790931e-06,5.099187882052909e-05,-0.000911201398645798,0.000140860240741536,0.000286576438880002,0.0009669165928659993
750,1,-1.100029102811375e-06,2.785880558901719e-08,8.408905358861831e-07,-7.257970080708163e-09,4.148881615668604e-05,5.475679518697365e-05,0.0001095051573625076,0.0001292784822154506
750,2,8.416860065244429e-09,-1.113027838959536e-09,4.741748196481443e-09,-2.777165602006436e-07,1.869544009453626e-06,-1.155583384910221e-06,-2.319635368439259e-06,3.207568714716616e-06
750,3,0,0,0,0,0,0,0,0
800,0,-5.600976697724543e-06,1.169193354112435e-07,-6.365151093790931e-06,5.099187776851272e-05,-0.000911201398645798,0.0001408453023186815,0.0002865465620342929,0.0009669055753536005
800,1,-1.100029102811375e-06,2.785880558901719e-08,8.408905358861831e-07,-7.257970080708163e-09,4.148881615668604e-05,5.475679518697365e-05,0.0001095051573625076,0.0001292784822154506
800,2,8.416980375498565e-09,-1.112976402053367e-09,4.741748196481443e-09,-2.777165601384054e-07,1.869544009453626e-06,-1.155582590192144e-06,-2.319633779003106e-06,3.207567279256592e-06
800,3,0,0,0,0,0,0,0,0
850,0,-5.602078399119101e-06,1.161405367534716e-07,-6.365151093790931e-06,5.099187730751832e-05,-0.000911201398645798,0.0001408385943020377,0.0002865331460010053,0.0009669006286930792
850,1,-1.100030382814183e-06,2.785795364678929e-08,8.408905358861831e-07,-7.257970869475796e-09,4.148881615668604e-05,5.475678729546435e-05,0.000109505141579489,0.0001292784655146716
850,2,8.417067543031044e-09,-1.112913653858403e-09,4.741748196481443e-09,-2.777165600946997e-07,1.869544009453626e-06,-1.155582061536753e-06,-2.319632721692323e-06,3.207566324381278e-06
850,3,0,0,0,0,0,0,0,0
900,0,-5.602605177451114e-06,1.156686961372821e-07,-6.365151093790931e-06,5.099187709711394e-05,-0.000911201398645798,0.0001408355708479409,0.0002865270990928117,0.0009668983993507391
900,1,-1.10003079858717e-06,2.785755818783555e-08,8.408905358861831e-07,-7.257971123472012e-09,4.148881615668604e-05,5.475678495176093e-05,0.0001095051368920821,0.0001292784605549711
900,2,8.417085162644859e-09,-1.112896929654264e-09,4.741748196481443e-09,-2.777165600883619e-07,1.869544009453626e-06,-1.155581962151469e-06,-2.319632522921755e-06,3.207566144869909e-06
900,3,0,0,0,0,0,0,0,0
950,0,-5.602841596042056e-06,1.155181057444879e-07,-6.365151095774217e-06,5.099187699500803e-05,-0.0009112014329944334,0.0001408342874056317,0.0002865245322102871,0.0009668974854682445
950,1,-1.100031330330725e-06,2.785700249721695e-08,8.408905358861831e-07,-7.257971297979662e-09,4.148881615668604e-05,5.475678204669191e-05,0.0001095051310819441,0.0001292784544074447
950,2,8.417101955350747e-09,-1.112884108712649e-09,4.741748196481443e-09,-2.777165600818958e-07,1.869544009453626e-06,-1.155581870523034e-06,-2.319632339664885e-06,3.207565979371381e-06
950,3,0,0,0,0,0,0,0,0
1000,0,-5.602960801051024e-06,1.154783690238802e-07,-6.365151095774217e-06,5.099187693828321e-05,-0.0009112014329944334,0.0001408336736548129,0.0002865233047086495,0.0009668970330053442
1000,1,-1.100031330330725e-06,2.785700249721695e-08,8.408905358861831e-07,-7.257971297979662e-09,4.148881615668604e-05,5.475678204669191e-05,0.0001095051310819441,0.0001292784544074447
1000,2,8.417103838813268e-09,-1.112883583836078e-09,4.741748196481443e-09,-2.77716560081445e-07,1.869544009453626e-06,-1.155581861010597e-06,-2.319632320640011e-06,3.207565962190762e-06
1000,3,0,0,0,0,0,0,0,0
1050,0,-5.603016949724573e-06,1.154496527748575e-07,-6.365151095774217e-06,5.099187691345053e-05,-0.0009112014329944334,0.0001408333987695971,0.000286522754938218,0.0009668968303726521
1050,1,-1.100031402566622e-06,2.785697861999715e-08,8.408905358861831e-07,-7.257971339956475e-09,4.148881615668604e-05,5.475678168695138e-05,0.0001095051303624631,0.0001292784536462483
1050,2,8.417104990549844e-09,-1.112882021791914e-09,4.741748196481443e-09,-2.777165600808545e-07,1.869544009453626e-06,-1.155581855381386e-06,-2.319632309381589e-06,3.207565952023358e-06
1050,3,0,0,0,0,0,0,0,0
1100,0,-5.603043454765098e-06,1.154317369599441e-07,-6.365151095774217e-06,5.099187690183058e-05,-0.0009112014329944334,0.0001408332750531382,0.0002865225075053001,0.0009668967391812384
1100,1,-1.100031402566622e-06,2.785697861999715e-08,8.408905358861831e-07,-7.257971339956475e-09,4.148881615668604e-05,5.475678168695138e-05,0.0001095051303624631,0.0001292784536462483
1100,2,8.417105437334136e-09,-1.112881750374117e-09,4.741748196481443e-09,-2.777165600805975e-07,1.869544009453626e-06,-1.155581853324368e-06,-2.319632305267554e-06,3.207565948308168e-06
1100,3,0,0,0,0,0,0,0,0
1150,0,-5.603053682131317e-06,1.154294368312173e-07,-6.365151097087285e-06,5.099187689871219e-05,-0.0009112014360613824,0.0001408332294840716,0.0002865224163686342,0.0009668967084862899
1150,1,-1.10003149897237e-06,2.78569441504308e-08,8.408905358775997e-07,-7.257971379999084e-09,4.148881613266892e-05,5.475678125384013e-05,0.0001095051294962406,0.0001292784527221736
1150,2,8.417105887067707e-09,-1.112881732849572e-09,4.74174819663076e-09,-2.777165600805415e-07,1.869544009652528e-06,-1.155581851332639e-06,-2.319632301284095e-06,3.207565944826974e-06
1150,3,0,0,0,0,0,0,0,0
1200,0,-5.603059443093638e-06,1.154283873029393e-07,-6.365151097087285e-06,5.099187689737078e-05,-0.0009112014360613824,0.0001408332048933949,0.0002865223671872809,0.0009668966903637194
1200,1,-1.10003153841221e-06,2.785693819103635e-08,8.408905358775997e-07,-7.257971387848222e-09,4.148881613266892e-05,5.475678108412011e-05,0.0001095051291568005,0.0001292784523630996
1200,2,8.417106133555959e-09,-1.112881688293603e-09,4.74174819663076e-09,-2.777165600805043e-07,1.869544009652528e-06,-1.155581850280113e-06,-2.319632299179043e-06,3.20756594292609e-06
1200,3,0,0,0,0,0,0,0,0
1250,0,-5.603062184178279e-06,1.154274624117886e-07,-6.365151097087285e-06,5.099187689674017e-05,-0.0009112014360613824,0.0001408331936690236,0.0002865223447385383,0.0009668966820922967
1250,1,-1.10003153841221e-06,2.785693819103635e-08,8.408905358775997e-07,-7.257971387848222e-09,4.148881613266892e-05,5.475678108412011e-05,0.0001095051291568005,0.0001292784523630996
1250,2,8.417106213189861e-09,-1.112881655706536e-09,4.74174819663076e-09,-2.777165600804889e-07,1.869544009652528e-06,-1.155581849960417e-06,-2.319632298539652e-06,3.207565942348719e-06
1250,3,0,0,0,0,0,0,0,0
1300,0,-5.603063446268454e-06,1.154268542301074e-07,-6.365151097087285e-06,5.099187689646376e-05,-0.0009112014360613824,0.0001408331887048735,0.0002865223348102381,0.0009668966784343986
1300,1,-1.100031542941516e-06,2.785693615352593e-08,8.408905358775997e-07,-7.257971388618399e-09,4.148881613266892e-05,5.475678106614281e-05,0.0001095051291208459,0.000129278452325068
1300,2,8.417106279844539e-09,-1.112881621320018e-09,4.74174819663076e-09,-2.77716560080473e-07,1.869544009652528e-06,-1.155581849700781e-06,-2.31963229802038e-06,3.207565941879818e-06
1300,3,0,0,0,0,0,0,0,0
1350,0,-5.603064041190821e-06,1.154264885447451e-07,-6.365151097087285e-06,5.099187689634189e-05,-0.0009112014360613824,0.0001408331864532436,0.0002865223303069782,0.0009668966767753755
1350,1,-1.100031544552474e-06,2.785693513795234e-08,8.408905358775997e-07,-7.257971388871921e-09,4.148881613266892e-05,5.47567810600741e-05,0.0001095051291087085,0.00012927845231223
1350,2,8.41710629152994e-09,-1.112881613990934e-09,4.74174819663076e-09,-2.77716560080472e-07,1.869544009652528e-06,-1.155581849656719e-06,-2.319632297932255e-06,3.207565941800241e-06
1350,3,0,0,0,0,0,0,0,0
1400,0,-5.603064313360468e-06,1.154262875071054e-07,-6.365151097087285e-06,5.09918768962872e-05,-0.0009112014360613824,0.0001408331854608906,0.0002865223283222722,0.0009668966760442531
1400,1,-1.100031545612665e-06,2.785693435172309e-08,8.408905358775997e-07,-7.257971389029198e-09,4.148881613266892e-05,5.475678105621204e-05,0.0001095051291009844,0.0001292784523040604
1400,2,8.417106336867788e-09,-1.112881581321978e-09,4.74174819663076e-09,-2.777165600804656e-07,1.869544009652528e-06,-1.155581849490496e-06,-2.31963229759981e-06,3.207565941500047e-06
1400,3,0,0,0,0,0,0,0,0
1450,0,-5.603064442811406e-06,1.154261771040493e-07,-6.365151097087285e-06,5.099187689626208e-05,-0.0009112014360613824,0.0001408331850054381,0.0002865223274113673,0.0009668966757087197
1450,1,-1.100031545980933e-06,2.785693403518399e-08,8.408905358775997e-07,-7.257971389065537e-09,4.148881613266892e-05,5.475678105491909e-05,0.0001095051290983985,0.0001292784523013254
1450,2,8.41710633871003e-09,-1.112881579647187e-09,4.74174819663076e-09,-2.777165600804653e-07,1.869544009652528e-06,-1.15558184948413e-06,-2.319632297587078e-06,3.207565941488551e-06
1450,3,0,0,0,0,0,0,0,0
1500,0,-5.603064502797479e-06,1.15426119521884e-07,-6.365151097087285e-06,5.099187689625098e-05,-0.0009112014360613824,0.0001408331848015705,0.0002865223270036321,0.0009668966755585406
1500,1,-1.100031546102257e-06,2.785693391897897e-08,8.408905358775997e-07,-7.257971389080515e-09,4.148881613266892e-05,5.475678105450648e-05,0.0001095051290975733,0.0001292784523004527
1500,2,8.417106340662003e-09,-1.112881577704919e-09,4.74174819663076e-09,-2.777165600804649e-07,1.869544009652528e-06,-1.155581849477573e-06,-2.319632297573964e-06,3.207565941476709e-06
1500,3,0,0,0,0,0,0,0,0
1550,0,-5.603064530721407e-06,1.154260899353613e-07,-6.365151097087285e-06,5.099187689624579e-05,-0.0009112014360613824,0.00014083318470978,0.0002865223268200511,0.000966896675490928
1550,1,-1.100031546172113e-06,2.785693384344171e-08,8.408905358775997e-07,-7.257971389092936e-09,4.148881613266892e-05,5.475678105427855e-05,0.0001095051290971174,0.0001292784522999706
1550,2,8.417106342194603e-09,-1.112881576054166e-09,4.74174819663076e-09,-2.777165600804646e-07,1.869544009652528e-06,-1.155581849472566e-06,-2.319632297563949e-06,3.207565941467666e-06
1550,3,0,0,0,0,0,0,0,0
1600,0,-5.603064543608781e-06,1.154260750744751e-07,-6.365151097087285e-06,5.099187689624346e-05,-0.0009112014360613824,0.0001408331846687662,0.0002865223267380235,0.0009668966754607195
1600,1,-1.100031546231683e-06,2.785693377436186e-08,8.408905358775997e-07,-7.257971389101535e-09,4.148881613266892e-05,5.475678105408942e-05,0.0001095051290967391,0.0001292784522995705
1600,2,8.417106342659037e-09,-1.112881575510658e-09,4.74174819663076e-09,-2.777165600804645e-07,1.869544009652528e-06,-1.155581849471096e-06,-2.31963229756101e-06,3.207565941465013e-06
1600,3,0,0,0,0,0,0,0,0
1650,0,-5.603064549598279e-06,1.154260676422841e-07,-6.365151097087285e-06,5.099187689624282e-05,-0.0009112014360613824,0.0001408331846502928,0.0002865223267010766,0.000966896675447114
1650,1,-1.100031546241295e-06,2.78569337622011e-08,8.408905358775997e-07,-7.257971389103926e-09,4.148881613266892e-05,5.475678105406003e-05,0.0001095051290966803,0.0001292784522995084
1650,2,8.417106342870886e-09,-1.112881575243657e-09,4.74174819663076e-09,-2.777165600804645e-07,1.869544009652528e-06,-1.155581849470448e-06,-2.319632297559713e-06,3.207565941463841e-06
1650,3,0,0,0,0,0,0,0,0
1700,0,-5.603064552379815e-06,1.154260639604717e-07,-6.365151097087285e-06,5.099187689624281e-05,-0.0009112014360613824,0.0001408331846419712,0.0002865223266844334,0.0009668966754409858
1700,1,-1.100031546244442e-06,2.78569337580772e-08,8.408905358775997e-07,-7.25797138910441e-09,4.148881613266892e-05,5.475678105405057e-05,0.0001095051290966614,0.0001292784522994884
1700,2,8.417106343057503e-09,-1.112881574998613e-09,4.74174819663076e-09,-2.777165600804645e-07,1.869544009652528e-06,-1.155581849469887e-06,-2.319632297558592e-06,3.207565941462829e-06
1700,3,0,0,0,0,0,0,0,0
1750,0,-5.603064553674718e-06,1.154260621459791e-07,-6.365151097087285e-06,5.099187689624281e-05,-0.0009112014360613824,0.0001408331846382097,0.0002865223266769103,0.0009668966754382158
1750,1,-1.100031546245635e-06,2.785693375639717e-08,8.408905358775997e-07,-7.2579713891045e-09,4.148881613266892e-05,5.475678105404711e-05,0.0001095051290966545,0.0001292784522994811
1750,2,8.417106343111109e-09,-1.112881574923713e-09,4.74174819663076e-09,-2.777165600804645e-07,1.869544009652528e-06,-1.155581849469731e-06,-2.31963229755828e-06,3.207565941462547e-06
1750,3,0,0,0,0,0,0,0,0
1800,0,-5.60306455427235e-06,1.154260612647697e-07,-6.365151097087285e-06,5.099187689624281e-05,-0.0009112014360613824,0.0001408331846365226,0.0002865223266735362,0.0009668966754369736
1800,1,-1.100031546246354e-06,2.785693375535047e-08,8.408905358775997e-07,-7.257971389104646e-09,4.148881613266892e-05,5.475678105404507e-05,0.0001095051290966504,0.0001292784522994768
1800,2,8.417106343111109e-09,-1.112881574923713e-09,4.74174819663076e-09,-2.777165600804645e-07,1.869544009652528e-06,-1.155581849469731e-06,-2.31963229755828e-06,3.207565941462547e-06
1800,3,0,0,0,0,0,0,0,0
1850,0,-5.603064554543757e-06,1.154260608457882e-07,-6.365151097087285e-06,5.099187689624281e-05,-0.0009112014360613824,0.0001408331846357775,0.0002865223266720461,0.000966896675436425
1850,1,-1.100031546247696e-06,2.785693375327646e-08,8.408905358775997e-07,-7.257971389104816e-09,4.148881613266892e-05,5.475678105404139e-05,0.0001095051290966431,0.000129278452299469
1850,2,8.417106343132202e-09,-1.112881574891038e-09,4.74174819663076e-09,-2.777165600804645e-07,1.869544009652528e-06,-1.155581849469674e-06,-2.319632297558165e-06,3.207565941462444e-06
1850,3,0,0,0,0,0,0,0,0
1900,0,-5.603064554671391e-06,1.154260606403685e-07,-6.365151097087285e-06,5.099187689624281e-05,-0.0009112014360613824,0.0001408331846354362,0.0002865223266713635,0.0009668966754361738
1900,1,-1.100031546247834e-06,2.785693375305571e-08,8.408905358775997e-07,-7.257971389104839e-09,4.148881613266892e-05,5.475678105404102e-05,0.0001095051290966423,0.0001292784522994682
1900,2,8.41710634313746e-09,-1.11288157488258e-09,4.74174819663076e-09,-2.777165600804645e-07,1.869544009652528e-06,-1.15558184946966e-06,-2.319632297558137e-06,3.207565941462419e-06
1900,3,0,0,0,0,0,0,0,0
1950,0,-5.603064554730299e-06,1.154260605418962e-07,-6.365151097087285e-06,5.099187689624281e-05,-0.0009112014360613824,0.0001408331846352827,0.0002865223266710565,0.0009668966754360608
1950,1,-1.100031546247883e-06,2.785693375297249e-08,8.408905358775997e-07,-7.257971389104843e-09,4.148881613266892e-05,5.475678105404089e-05,0.0001095051290966421,0.0001292784522994679
1950,2,8.417106343139922e-09,-1.112881574878466e-09,4.74174819663076e-09,-2.777165600804645e-07,1.869544009652528e-06,-1.155581849469653e-06,-2.319632297558124e-06,3.207565941462406e-06
1950,3,0,0,0,0,0,0,0,0
2000,0,-5.603064554757243e-06,1.154260604952594e-07,-6.365151097087285e-06,5.099187689624281e-05,-0.0009112014360613824,0.0001408331846352146,0.0002865223266709202,0.0009668966754360107
2000,1,-1.100031546247939e-06,2.785693375287621e-08,8.408905358775997e-07,-7.257971389104853e-09,4.148881613266892e-05,5.475678105404075e-05,0.0001095051290966418,0.0001292784522994676
2000,2,8.417106343141212e-09,-1.112881574876244e-09,4.74174819663076e-09,-2.777165600804645e-07,1.869544009652528e-06,-1.15558184946965e-06,-2.319632297558118e-06,3.207565941462401e-06
2000,3,0,0,0,0,0,0,0,0
2050,0,-5.603064554769057e-06,1.15426060480083e-07,-6.365151097087285e-06,5.099187689624281e-05,-0.0009112014360613824,0.0001408331846351847,0.0002865223266708604,0.0009668966754359886
2050,1,-1.100031546247966e-06,2.785693375284662e-08,8.408905358775997e-07,-7.257971389104855e-09,4.148881613266891e-05,5.475678105404068e-05,0.0001095051290966417,0.0001292784522994675
2050,2,8.41710634314218e-09,-1.112881574875187e-09,4.74174819663076e-09,-2.777165600804645e-07,1.869544009652528e-06,-1.155581849469648e-06,-2.319632297558113e-06,3.207565941462397e-06
2050,3,0,0,0,0,0,0,0,0
2100,0,-5.603064554774811e-06,1.154260604796245e-07,-6.365151097087285e-06,5.099187689624281e-05,-0.0009112014360613824,0.0001408331846351709,0.0002865223266708329,0.0009668966754359785
2100,1,-1.100031546247972e-06,2.785693375284617e-08,8.408905358775997e-07,-7.257971389104856e-09,4.148881613266891e-05,5.475678105404067e-05,0.0001095051290966416,0.0001292784522994674
2100,2,8.417106343142345e-09,-1.112881574875181e-09,4.74174819663076e-09,-2.777165600804645e-07,1.869544009652528e-06,-1.155581849469647e-06,-2.319632297558112e-06,3.207565941462396e-06
2100,3,0,0,0,0,0,0,0,0
2150,0,-5.603064554777421e-06,1.154260604791759e-07,-6.365151097087285e-06,5.099187689624281e-05,-0.0009112014360613824,0.0001408331846351639,0.0002865223266708189,0.0009668966754359733
2150,1,-1.100031546247977e-06,2.785693375284528e-08,8.408905358775997e-07,-7.257971389104856e-09,4.148881613266891e-05,5.475678105404065e-05,0.0001095051290966416,0.0001292784522994674
2150,2,8.417106343142494e-09,-1.112881574875154e-09,4.74174819663076e-09,-2.777165600804645e-07,1.869544009652528e-06,-1.155581849469647e-06,-2.319632297558111e-06,3.207565941462395e-06
2150,3,0,0,0,0,0,0,0,0
2200,0,-5.603064554778542e-06,1.154260604791094e-07,-6.365151097087285e-06,5.099187689624281e-05,-0.0009112014360613824,0.0001408331846351639,0.0002865223266708189,0.0009668966754359733
2200,1,-1.100031546247982e-06,2.785693375284501e-08,8.408905358775997e-07,-7.257971389104856e-09,4.148881613266891e-05,5.475678105404065e-05,0.0001095051290966416,0.0001292784522994674
2200,2,8.417106343142512e-09,-1.112881574875152e-09,4.74174819663076e-09,-2.777165600804645e-07,1.869544009652528e-06,-1.155581849469647e-06,-2.319632297558111e-06,3.207565941462395e-06
2200,3,0,0,0,0,0,0,0,0
2250,0,-5.603064554779079e-06,1.154260604790422e-07,-6.365151097087285e-06,5.099187689624281e-05,-0.0009112014360613824,0.0001408331846351639,0.0002865223266708189,0.0009668966754359733
2250,1,-1.100031546247982e-06,2.785693375284495e-08,8.408905358775997e-07,-7.257971389104856e-09,4.148881613266891e-05,5.475678105404065e-05,0.0001095051290966416,0.0001292784522994674
2250,2,8.417106343142539e-09,-1.11288157487515e-09,4.74174819663076e-09,-2.777165600804645e-07,1.869544009652528e-06,-1.155581849469647e-06,-2.319632297558111e-06,3.207565941462395e-06
2250,3,0,0,0,0,0,0,0,0
2300,0,-5.603064554779414e-06,1.154260604789892e-07,-6.365151097087285e-06,5.099187689624281e-05,-0.0009112014360613824,0.0001408331846351639,0.0002865223266708189,0.0009668966754359733
2300,1,-1.100031546247982e-06,2.785693375284495e-08,8.408905358775997e-07,-7.257971389104856e-09,4.148881613266891e-05,5.475678105404065e-05,0.0001095051290966416,0.0001292784522994674
2300,2,8.417106343142552e-09,-1.112881574875147e-09,4.74174819663076e-09,-2.777165600804645e-07,1.869544009652528e-06,-1.155581849469647e-06,-2.319632297558111e-06,3.207565941462395e-06
2300,3,0,0,0,0,0,0,0,0
2350,0,-5.603064554779421e-06,1.154260604789742e-07,-6.365151097087285e-06,5.099187689624281e-05,-0.0009112014360613824,0.0001408331846351639,0.0002865223266708189,0.0009668966754359733
2350,1,-1.100031546247983e-06,2.785693375284491e-08,8.408905358775997e-07,-7.257971389104856e-09,4.148881613266891e-05,5.475678105404065e-05,0.0001095051290966416,0.0001292784522994674
2350,2,8.417106343142552e-09,-1.112881574875147e-09,4.74174819663076e-09,-2.777165600804645e-07,1.869544009652528e-06,-1.155581849469647e-06,-2.319632297558111e-06,3.207565941462395e-06
2350,3,0,0,0,0,0,0,0,0
2400,0,-5.603064554779421e-06,1.15426060478973e-07,-6.365151097087285e-06,5.099187689624281e-05,-0.0009112014360613824,0.0001408331846351639,0.0002865223266708189,0.0009668966754359733
2400,1,-1.100031546247983e-06,2.785693375284491e-08,8.408905358775997e-07,-7.257971389104856e-09,4.148881613266891e-05,5.475678105404065e-05,0.0001095051290966416,0.0001292784522994674
2400,2,8.417106343142559e-09,-1.112881574875147e-09,4.74174819663076e-09,-2.777165600804645e-07,1.869544009652528e-06,-1.155581849469647e-06,-2.319632297558111e-06,3.207565941462395e-06
2400,3,0,0,0,0,0,0,0,0
2450,0,-5.603064554779421e-06,1.15426060478973e-07,-6.365151097087285e-06,5.099187689624281e-05,-0.0009112014360613824,0.0001408331846351639,0.0002865223266708189,0.0009668966754359733
2450,1,-1.100031546247983e-06,2.78569337528449e-08,8.408905358775997e-07,-7.257971389104856e-09,4.148881613266891e-05,5.475678105404065e-05,0.0001095051290966416,0.0001292784522994674
2450,2,8.417106343142559e-09,-1.112881574875147e-09,4.74174819663076e-09,-2.777165600804645e-07,1.869544009652528e-06,-1.155581849469647e-06,-2.319632297558111e-06,3.207565941462395e-06
2450,3,0,0,0,0,0,0,0,0
2500,0,-5.603064554779421e-06,1.15426060478973e-07,-6.365151097087285e-06,5.099187689624281e-05,-0.0009112014360613824,0.0001408331846351639,0.0002865223266708189,0.0009668966754359733
2500,1,-1.100031546247983e-06,2.785693375284489e-08,8.408905358775997e-07,-7.257971389104856e-09,4.148881613266891e-05,5.475678105404065e-05,0.0001095051290966416,0.0001292784522994674
2500,2,8.417106343142559e-09,-1.112881574875147e-09,4.74174819663076e-09,-2.777165600804645e-07,1.869544009652528e-06,-1.155581849469647e-06,-2.319632297558111e-06,3.207565941462395e-06
2500,3,0,0,0,0,0,0,0,0
2550,0,-5.603064554779421e-06,1.15426060478973e-07,-6.365151097087285e-06,5.099187689624281e-05,-0.0009112014360613824,0.0001408331846351639,0.0002865223266708189,0.0009668966754359733
2550,1,-1.100031546247983e-06,2.785693375284489e-08,8.408905358775997e-07,-7.257971389104856e-09,4.148881613266891e-05,5.475678105404065e-05,0.0001095051290966416,0.0001292784522994674
2550,2,8.417106343142559e-09,-1.112881574875147e-09,4.74174819663076e-09,-2.777165600804645e-07,1.869544009652528e-06,-1.155581849469647e-06,-2.319632297558111e-06,3.207565941462395e-06
2550,3,0,0,0,0,0,0,0,0
2600,0,-5.603064554779421e-06,1.15426060478973e-07,-6.365151097087285e-06,5.099187689624281e-05,-0.0009112014360613824,0.0001408331846351639,0.0002865223266708189,0.0009668966754359733
2600,1,-1.100031546247983e-06,2.785693375284489e-08,8.408905358775997e-07,-7.257971389104856e-09,4.148881613266891e-05,5.475678105404065e-05,0.0001095051290966416,0.0001292784522994674
2600,2,8.417106343142559e-09,-1.112881574875147e-09,4.74174819663076e-09,-2.777165600804645e-07,1.869544009652528e-06,-1.155581849469647e-06,-2.319632297558111e-06,3.207565941462395e-06
2600,3,0,0,0,0,0,0,0,0
2650,0,-5.603064554779421e-06,1.15426060478973e-07,-6.365151097087285e-06,5.099187689624281e-05,-0.0009112014360613824,0.0001408331846351639,0.0002865223266708189,0.0009668966754359733
2650,1,-1.100031546247983e-06,2.785693375284489e-08,8.408905358775997e-07,-7.257971389104856e-09,4.148881613266891e-05,5.475678105404065e-05,0.0001095051290966416,0.0001292784522994674
2650,2,8.417106343142559e-09,-1.112881574875147e-09,4.74174819663076e-09,-2.777165600804645e-07,1.869544009652528e-06,-1.155581849469647e-06,-2.319632297558111e-06,3.207565941462395e-06
2650,3,0,0,0,0,0,0,0,0
2700,0,-5.603064554779421e-06,1.15426060478973e-07,-6.365151097087285e-06,5.099187689624281e-05,-0.0009112014360613824,0.0001408331846351639,0.0002865223266708189,0.0009668966754359733
2700,1,-1.100031546247983e-06,2.785693375284489e-08,8.408905358775997e-07,-7.257971389104856e-09,4.148881613266891e-05,5.475678105404065e-05,0.0001095051290966416,0.0001292784522994674
2700,2,8.417106343142559e-09,-1.112881574875147e-09,4.74174819663076e-09,-2.777165600804645e-07,1.869544009652528e-06,-1.155581849469647e-06,-2.319632297558111e-06,3.207565941462395e-06
2700,3,0,0,0,0,0,0,0,0
2750,0,-5.603064554779421e-06,1.15426060478973e-07,-6.365151097087285e-06,5.099187689624281e-05,-0.0009112014360613824,0.0001408331846351639,0.0002865223266708189,0.0009668966754359733
2750,1,-1.100031546247983e-06,2.785693375284489e-08,8.408905358775997e-07,-7.257971389104856e-09,4.148881613266891e-05,5.475678105404065e-05,0.0001095051290966416,0.0001292784522994674
2750,2,8.417106343142559e-09,-1.112881574875147e-09,4.74174819663076e-09,-2.777165600804645e-07,1.869544009652528e-06,-1.155581849469647e-06,-2.319632297558111e-06,3.207565941462395e-06
2750,3,0,0,0,0,0,0,0,0
2800,0,-5.603064554779421e-06,1.15426060478973e-07,-6.365151097087285e-06,5.099187689624281e-05,-0.0009112014360613824,0.0001408331846351639,0.0002865223266708189,0.0009668966754359733
2800,1,-1.100031546247983e-06,2.785693375284489e-08,8.408905358775997e-07,-7.257971389104856e-09,4.148881613266891e-05,5.475678105404065e-05,0.0001095051290966416,0.0001292784522994674
2800,2,8.417106343142559e-09,-1.112881574875147e-09,4.74174819663076e-09,-2.777165600804645e-07,1.869544009652528e-06,-1.155581849469647e-06,-2.319632297558111e-06,3.207565941462395e-06
2800,3,0,0,0,0,0,0,0,0
2850,0,-5.603064554779421e-06,1.15426060478973e-07,-6.365151097087285e-06,5.099187689624281e-05,-0.0009112014360613824,0.0001408331846351639,0.0002865223266708189,0.0009668966754359733
2850,1,-1.100031546247983e-06,2.785693375284489e-08,8.408905358775997e-07,-7.257971389104856e-09,4.148881613266891e-05,5.475678105404065e-05,0.0001095051290966416,0.0001292784522994674
2850,2,8.417106343142559e-09,-1.112881574875147e-09,4.74174819663076e-09,-2.777165600804645e-07,1.869544009652528e-06,-1.155581849469647e-06,-2.319632297558111e-06,3.207565941462395e-06
2850,3,0,0,0,0,0,0,0,0
2900,0,-5.603064554779421e-06,1.15426060478973e-07,-6.365151097087285e-06,5.099187689624281e-05,-0.0009112014360613824,0.0001408331846351639,0.0002865223266708189,0.0009668966754359733
2900,1,-1.100031546247983e-06,2.785693375284489e-08,8.408905358775997e-07,-7.257971389104856e-09,4.148881613266891e-05,5.475678105404065e-05,0.0001095051290966416,0.0001292784522994674
2900,2,8.417106343142559e-09,-1.112881574875147e-09,4.74174819663076e-09,-2.777165600804645e-07,1.869544009652528e-06,-1.155581849469647e-06,-2.319632297558111e-06,3.207565941462395e-06
2900,3,0,0,0,0,0,0,0,0
2950,0,-5.603064554779421e-06,1.15426060478973e-07,-6.365151097087285e-06,5.099187689624281e-05,-0.0009112014360613824,0.0001408331846351639,0.0002865223266708189,0.0009668966754359733
2950,1,-1.100031546247983e-06,2.785693375284489e-08,8.408905358775997e-07,-7.257971389104856e-09,4.148881613266891e-05,5.475678105404065e-05,0.0001095051290966416,0.0001292784522994674
2950,2,8.417106343142559e-09,-1.112881574875147e-09,4.74174819663076e-09,-2.777165600804645e-07,1.869544009652528e-06,-1.155581849469647e-06,-2.319632297558111e-06,3.207565941462395e-06
2950,3,0,0,0,0,0,0,0,0
3000,0,-5.603064554779421e-06,1.15426060478973e-07,-6.365151097087285e-06,5.099187689624281e-05,-0.0009112014360613824,0.0001408331846351639,0.0002865223266708189,0.0009668966754359733
3000,1,-1.100031546247983e-06,2.785693375284489e-08,8.408905358775997e-07,-7.257971389104856e-09,4.148881613266891e-05,5.475678105404065e-05,0.0001095051290966416,0.0001292784522994674
3000,2,8.417106343142559e-09,-1.112881574875147e-09,4.74174819663076e-09,-2.777165600804645e-07,1.869544009652528e-06,-1.155581849469647e-06,-2.319632297558111e-06,3.207565941462395e-06
3000,3,0,0,0,0,0,0,0,0
3050,0,-5.603064554779421e-06,1.15426060478973e-07,-6.365151097087285e-06,5.099187689624281e-05,-0.0009112014360613824,0.0001408331846351639,0.0002865223266708189,0.0009668966754359733
3050,1,-1.100031546247983e-06,2.785693375284489e-08,8.408905358775997e-07,-7.257971389104856e-09,4.148881613266891e-05,5.475678105404065e-05,0.0001095051290966416,0.0001292784522994674
3050,2,8.417106343142559e-09,-1.112881574875147e-09,4.74174819663076e-09,-2.777165600804645e-07,1.869544009652528e-06,-1.155581849469647e-06,-2.319632297558111e-06,3.207565941462395e-06
3050,3,0,0,0,0,0,0,0,0
3100,0,-5.603064554779421e-06,1.15426060478973e-07,-6.365151097087285e-06,5.099187689624281e-05,-0.0009112014360613824,0.0001408331846351639,0.0002865223266708189,0.0009668966754359733
3100,1,-1.100031546247983e-06,2.785693375284489e-08,8.408905358775997e-07,-7.257971389104856e-09,4.148881613266891e-05,5.475678105404065e-05,0.0001095051290966416,0.0001292784522994674
3100,2,8.417106343142559e-09,-1.112881574875147e-09,4.74174819663076e-09,-2.777165600804645e-07,1.869544009652528e-06,-1.155581849469647e-06,-2.319632297558111e-06,3.207565941462395e-06
3100,3,0,0,0,0,0,0,0,0
3150,0,-5.603064554779421e-06,1.15426060478973e-07,-6.365151097087285e-06,5.099187689624281e-05,-0.0009112014360613824,0.0001408331846351639,0.0002865223266708189,0.0009668966754359733
3150,1,-1.100031546247983e-06,2.785693375284489e-08,8.408905358775997e-07,-7.257971389104856e-09,4.148881613266891e-05,5.475678105404065e-05,0.0001095051290966416,0.0001292784522994674
3150,2,8.417106343142559e-09,-1.112881574875147e-09,4.74174819663076e-09,-2.777165600804645e-07,1.869544009652528e-06,-1.155581849469647e-06,-2.319632297558111e-06,3.207565941462395e-06
3150,3,0,0,0,0,0,0,0,0
3200,0,-5.603064554779421e-06,1.15426060478973e-07,-6.365151097087285e-06,5.099187689624281e-05,-0.0009112014360613824,0.0001408331846351639,0.0002865223266708189,0.0009668966754359733
3200,1,-1.100031546247983e-06,2.785693375284489e-08,8.408905358775997e-07,-7.257971389104856e-09,4.148881613266891e-05,5.475678105404065e-05,0.0001095051290966416,0.0001292784522994674
3200,2,8.417106343142559e-09,-1.112881574875147e-09,4.74174819663076e-09,-2.777165600804645e-07,1.869544009652528e-06,-1.155581849469647e-06,-2.319632297558111e-06,3.207565941462395e-06
3200,3,0,0,0,0,0,0,0,0
3250,0,-5.603064554779421e-06,1.15426060478973e-07,-6.365151097087285e-06,5.099187689624281e-05,-0.0009112014360613824,0.0001408331846351639,0.0002865223266708189,0.0009668966754359733
3250,1,-1.100031546247983e-06,2.785693375284489e-08,8.408905358775997e-07,-7.257971389104856e-09,4.148881613266891e-05,5.475678105404065e-05,0.0001095051290966416,0.0001292784522994674
3250,2,8.417106343142559e-09,-1.112881574875147e-09,4.74174819663076e-09,-2.777165600804645e-07,1.869544009652528e-06,-1.155581849469647e-06,-2.319632297558111e-06,3.207565941462395e-06
3250,3,0,0,0,0,0,0,0,0
3300,0,-5.603064554779421e-06,1.15426060478973e-07,-6.365151097087285e-06,5.099187689624281e-05,-0.0009112014360613824,0.0001408331846351639,0.0002865223266708189,0.0009668966754359733
3300,1,-1.100031546247983e-06,2.785693375284489e-08,8.408905358775997e-07,-7.257971389104856e-09,4.148881613266891e-05,5.475678105404065e-05,0.0001095051290966416,0.0001292784522994674
3300,2,8.417106343142559e-09,-1.112881574875147e-09,4.74174819663076e-09,-2.777165600804645e-07,1.869544009652528e-06,-1.155581849469647e-06,-2.319632297558111e-06,3.207565941462395e-06
3300,3,0,0,0,0,0,0,0,0
3350,0,-5.603064554779421e-06,1.15426060478973e-07,-6.365151097087285e-06,5.099187689624281e-05,-0.0009112014360613824,0.0001408331846351639,0.0002865223266708189,0.0009668966754359733
3350,1,-1.100031546247983e-06,2.785693375284489e-08,8.408905358775997e-07,-7.257971389104856e-09,4.148881613266891e-05,5.475678105404065e-05,0.0001095051290966416,0.0001292784522994674
3350,2,8.417106343142559e-09,-1.112881574875147e-09,4.74174819663076e-09,-2.777165600804645e-07,1.869544009652528e-06,-1.155581849469647e-06,-2.319632297558111e-06,3.207565941462395e-06
3350,3,0,0,0,0,0,0,0,0
3400,0,-5.603064554779421e-06,1.15426060478973e-07,-6.365151097087285e-06,5.099187689624281e-05,-0.0009112014360613824,0.0001408331846351639,0.0002865223266708189,0.0009668966754359733
3400,1,-1.100031546247983e-06,2.785693375284489e-08,8.408905358775997e-07,-7.257971389104856e-09,4.148881613266891e-05,5.475678105404065e-05,0.0001095051290966416,0.0001292784522994674
3400,2,8.417106343142559e-09,-1.112881574875147e-09,4.74174819663076e-09,-2.777165600804645e-07,1.869544009652528e-06,-1.155581849469647e-06,-2.319632297558111e-06,3.207565941462395e-06
3400,3,0,0,0,0,0,0,0,0
3450,0,-5.603064554779421e-06,1.15426060478973e-07,-6.365151097087285e-06,5.099187689624281e-05,-0.0009112014360613824,0.0001408331846351639,0.0002865223266708189,0.0009668966754359733
3450,1,-1.100031546247983e-06,2.785693375284489e-08,8.408905358775997e-07,-7.257971389104856e-09,4.148881613266891e-05,5.475678105404065e-05,0.0001095051290966416,0.0001292784522994674
3450,2,8.417106343142559e-09,-1.112881574875147e-09,4.74174819663076e-09,-2.777165600804645e-07,1.869544009652528e-06,-1.155581849469647e-06,-2.319632297558111e-06,3.207565941462395e-06
3450,3,0,0,0,0,0,0,0,0
3500,0,-5.603064554779421e-06,1.15426060478973e-07,-6.365151097087285e-06,5.099187689624281e-05,-0.0009112014360613824,0.0001408331846351639,0.0002865223266708189,0.0009668966754359733
3500,1,-1.100031546247983e-06,2.785693375284489e-08,8.408905358775997e-07,-7.257971389104856e-09,4.148881613266891e-05,5.475678105404065e-05,0.0001095051290966416,0.0001292784522994674
3500,2,8.417106343142559e-09,-1.112881574875147e-09,4.74174819663076e-09,-2.777165600804645e-07,1.869544009652528e-06,-1.155581849469647e-06,-2.319632297558111e-06,3.207565941462395e-06
3500,3,0,0,0,0,0,0,0,0
3550,0,-5.603064554779421e-06,1.15426060478973e-07,-6.365151097087285e-06,5.099187689624281e-05,-0.0009112014360613824,0.0001408331846351639,0.0002865223266708189,0.0009668966754359733
3550,1,-1.100031546247983e-06,2.785693375284489e-08,8.408905358775997e-07,-7.257971389104856e-09,4.148881613266891e-05,5.475678105404065e-05,0.0001095051290966416,0.0001292784522994674
3550,2,8.417106343142559e-09,-1.112881574875147e-09,4.74174819663076e-09,-2.777165600804645e-07,1.869544009652528e-06,-1.155581849469647e-06,-2.319632297558111e-06,3.207565941462395e-06
3550,3,0,0,0,0,0,0,0,0
3600,0,-5.603064554779421e-06,1.15426060478973e-07,-6.365151097087285e-06,5.099187689624281e-05,-0.0009112014360613824,0.0001408331846351639,0.0002865223266708189,0.0009668966754359733
3600,1,-1.100031546247983e-06,2.785693375284489e-08,8.408905358775997e-07,-7.257971389104856e-09,4.148881613266891e-05,5.475678105404065e-05,0.0001095051290966416,0.0001292784522994674
3600,2,8.417106343142559e-09,-1.112881574875147e-09,4.74174819663076e-09,-2.777165600804645e-07,1.869544009652528e-06,-1.155581849469647e-06,-2.319632297558111e-06,3.207565941462395e-06
3600,3,0,0,0,0,0,0,0,0
3650,0,-5.603064554779421e-06,1.15426060478973e-07,-6.365151097087285e-06,5.099187689624281e-05,-0.0009112014360613824,0.0001408331846351639,0.0002865223266708189,0.0009668966754359733
3650,1,-1.100031546247983e-06,2.785693375284489e-08,8.408905358775997e-07,-7.257971389104856e-09,4.148881613266891e-05,5.475678105404065e-05,0.0001095051290966416,0.0001292784522994674
3650,2,8.417106343142559e-09,-1.112881574875147e-09,4.74174819663076e-09,-2.777165600804645e-07,1.869544009652528e-06,-1.155581849469647e-06,-2.319632297558111e-06,3.207565941462395e-06
3650,3,0,0,0,0,0,0,0,0
3700,0,-5.603064554779421e-06,1.15426060478973e-07,-6.365151097087285e-06,5.099187689624281e-05,-0.0009112014360613824,0.0001408331846351639,0.0002865223266708189,0.0009668966754359733
3700,1,-1.100031546247983e-06,2.785693375284489e-08,8.408905358775997e-07,-7.257971389104856e-09,4.148881613266891e-05,5.475678105404065e-05,0.0001095051290966416,0.0001292784522994674
3700,2,8.417106343142559e-09,-1.112881574875147e-09,4.74174819663076e-09,-2.777165600804645e-07,1.869544009652528e-06,-1.155581849469647e-06,-2.319632297558111e-06,3.207565941462395e-06
3700,3,0,0,0,0,0,0,0,0
3750,0,-5.603064554779421e-06,1.15426060478973e-07,-6.365151097087285e-06,5.099187689624281e-05,-0.0009112014360613824,0.0001408331846351639,0.0002865223266708189,0.0009668966754359733
3750,1,-1.100031546247983e-06,2.785693375284489e-08,8.408905358775997e-07,-7.257971389104856e-09,4.148881613266891e-05,5.475678105404065e-05,0.0001095051290966416,0.0001292784522994674
3750,2,8.417106343142559e-09,-1.112881574875147e-09,4.74174819663076e-09,-2.777165600804645e-07,1.869544009652528e-06,-1.155581849469647e-06,-2.319632297558111e-06,3.207565941462395e-06
3750,3,0,0,0,0,0,0,0,0
3800,0,-5.603064554779421e-06,1.15426060478973e-07,-6.365151097087285e-06,5.099187689624281e-05,-0.0009112014360613824,0.0001408331846351639,0.0002865223266708189,0.0009668966754359733
3800,1,-1.100031546247983e-06,2.785693375284489e-08,8.408905358775997e-07,-7.257971389104856e-09,4.148881613266891e-05,5.475678105404065e-05,0.0001095051290966416,0.0001292784522994674
3800,2,8.417106343142559e-09,-1.112881574875147e-09,4.74174819663076e-09,-2.777165600804645e-07,1.869544009652528e-06,-1.155581849469647e-06,-2.319632297558111e-06,3.207565941462395e-06
3800,3,0,0,0,0,0,0,0,0
3850,0,-5.603064554779421e-06,1.15426060478973e-07,-6.365151097087285e-06,5.099187689624281e-05,-0.0009112014360613824,0.0001408331846351639,0.0002865223266708189,0.0009668966754359733
3850,1,-1.100031546247983e-06,2.785693375284489e-08,8.408905358775997e-07,-7.257971389104856e-09,4.148881613266891e-05,5.475678105404065e-05,0.0001095051290966416,0.0001292784522994674
3850,2,8.417106343142559e-09,-1.112881574875147e-09,4.74174819663076e-09,-2.777165600804645e-07,1.869544009652528e-06,-1.155581849469647e-06,-2.319632297558111e-06,3.207565941462395e-06
3850,3,0,0,0,0,0,0,0,0
3900,0,-5.603064554779421e-06,1.15426060478973e-07,-6.365151097087285e-06,5.099187689624281e-05,-0.0009112014360613824,0.0001408331846351639,0.0002865223266708189,0.0009668966754359733
3900,1,-1.100031546247983e-06,2.785693375284489e-08,8.408905358775997e-07,-7.257971389104856e-09,4.148881613266891e-05,5.475678105404065e-05,0.0001095051290966416,0.0001292784522994674
3900,2,8.417106343142559e-09,-1.112881574875147e-09,4.74174819663076e-09,-2.777165600804645e-07,1.869544009652528e-06,-1.155581849469647e-06,-2.319632297558111e-06,3.207565941462395e-06
3900,3,0,0,0,0,0,0,0,0
3950,0,-5.603064554779421e-06,1.15426060478973e-07,-6.365151097087285e-06,5.099187689624281e-05,-0.0009112014360613824,0.0001408331846351639,0.0002865223266708189,0.0009668966754359733
3950,1,-1.100031546247983e-06,2.785693375284489e-08,8.408905358775997e-07,-7.257971389104856e-09,4.148881613266891e-05,5.475678105404065e-05,0.0001095051290966416,0.0001292784522994674
3950,2,8.417106343142559e-09,-1.112881574875147e-09,4.74174819663076e-09,-2.777165600804645e-07,1.869544009652528e-06,-1.155581849469647e-06,-2.319632297558111e-06,3.207565941462395e-06
3950,3,0,0,0,0,0,0,0,0
4000,0,-5.603064554779421e-06,1.15426060478973e-07,-6.365151097087285e-06,5.099187689624281e-05,-0.0009112014360613824,0.0001408331846351639,0.0002865223266708189,0.0009668966754359733
4000,1,-1.100031546247983e-06,2.785693375284489e-08,8.408905358775997e-07,-7.257971389104856e-09,4.148881613266891e-05,5.475678105404065e-05,0.0001095051290966416,0.0001292784522994674
4000,2,8.417106343142559e-09,-1.112881574875147e-09,4.74174819663076e-09,-2.777165600804645e-07,1.869544009652528e-06,-1.155581849469647e-06,-2.319632297558111e-06,3.207565941462395e-06
4000,3,0,0,0,0,0,0,0,0
4050,0,-5.603064554779421e-06,1.15426060478973e-07,-6.365151097087285e-06,5.099187689624281e-05,-0.0009112014360613824,0.0001408331846351639,0.0002865223266708189,0.0009668966754359733
4050,1,-1.100031546247983e-06,2.785693375284489e-08,8.408905358775997e-07,-7.257971389104856e-09,4.148881613266891e-05,5.475678105404065e-05,0.0001095051290966416,0.0001292784522994674
4050,2,8.417106343142559e-09,-1.112881574875147e-09,4.74174819663076e-09,-2.777165600804645e-07,1.869544009652528e-06,-1.155581849469647e-06,-2.319632297558111e-06,3.207565941462395e-06
4050,3,0,0,0,0,0,0,0,0
4100,0,-5.603064554779421e-06,1.15426060478973e-07,-6.365151097087285e-06,5.099187689624281e-05,-0.0009112014360613824,0.0001408331846351639,0.0002865223266708189,0.0009668966754359733
4100,1,-1.100031546247983e-06,2.785693375284489e-08,8.408905358775997e-07,-7.257971389104856e-09,4.148881613266891e-05,5.475678105404065e-05,0.0001095051290966416,0.0001292784522994674
4100,2,8.417106343142559e-09,-1.112881574875147e-09,4.74174819663076e-09,-2.777165600804645e-07,1.869544009652528e-06,-1.155581849469647e-06,-2.319632297558111e-06,3.207565941462395e-06
4100,3,0,0,0,0,0,0,0,0
4150,0,-5.603064554779421e-06,1.15426060478973e-07,-6.365151097087285e-06,5.099187689624281e-05,-0.0009112014360613824,0.0001408331846351639,0.0002865223266708189,0.0009668966754359733
4150,1,-1.100031546247983e-06,2.785693375284489e-08,8.408905358775997e-07,-7.257971389104856e-09,4.148881613266891e-05,5.475678105404065e-05,0.0001095051290966416,0.0001292784522994674
4150,2,8.417106343142559e-09,-1.112881574875147e-09,4.74174819663076e-09,-2.777165600804645e-07,1.869544009652528e-06,-1.155581849469647e-06,-2.319632297558111e-06,3.207565941462395e-06
4150,3,0,0,0,0,0,0,0,0
4200,0,-5.603064554779421e-06,1.15426060478973e-07,-6.365151097087285e-06,5.099187689624281e-05,-0.0009112014360613824,0.0001408331846351639,0.0002865223266708189,0.0009668966754359733
4200,1,-1.100031546247983e-06,2.785693375284489e-08,8.408905358775997e-07,-7.257971389104856e-09,4.148881613266891e-05,5.475678105404065e-05,0.0001095051290966416,0.0001292784522994674
4200,2,8.417106343142559e-09,-1.112881574875147e-09,4.74174819663076e-09,-2.777165600804645e-07,1.869544009652528e-06,-1.155581849469647e-06,-2.319632297558111e-06,3.207565941462395e-06
4200,3,0,0,0,0,0,0,0,0
4250,0,-5.603064554779421e-06,1.15426060478973e-07,-6.365151097087285e-06,5.099187689624281e-05,-0.0009112014360613824,0.0001408331846351639,0.0002865223266708189,0.0009668966754359733
4250,1,-1.100031546247983e-06,2.785693375284489e-08,8.408905358775997e-07,-7.257971389104856e-09,4.148881613266891e-05,5.475678105404065e-05,0.0001095051290966416,0.0001292784522994674
4250,2,8.417106343142559e-09,-1.112881574875147e-09,4.74174819663076e-09,-2.777165600804645e-07,1.869544009652528e-06,-1.155581849469647e-06,-2.319632297558111e-06,3.207565941462395e-06
4250,3,0,0,0,0,0,0,0,0
4300,0,-5.603064554779421e-06,1.15426060478973e-07,-6.365151097087285e-06,5.099187689624281e-05,-0.0009112014360613824,0.0001408331846351639,0.0002865223266708189,0.0009668966754359733
4300,1,-1.100031546247983e-06,2.785693375284489e-08,8.408905358775997e-07,-7.257971389104856e-09,4.148881613266891e-05,5.475678105404065e-05,0.0001095051290966416,0.0001292784522994674
4300,2,8.417106343142559e-09,-1.112881574875147e-09,4.74174819663076e-09,-2.777165600804645e-07,1.869544009652528e-06,-1.155581849469647e-06,-2.319632297558111e-06,3.207565941462395e-06
4300,3,0,0,0,0,0,0,0,0
4350,0,-5.603064554779421e-06,1.15426060478973e-07,-6.365151097087285e-06,5.099187689624281e-05,-0.0009112014360613824,0.0001408331846351639,0.0002865223266708189,0.0009668966754359733
4350,1,-1.100031546247983e-06,2.785693375284489e-08,8.408905358775997e-07,-7.257971389104856e-09,4.148881613266891e-05,5.475678105404065e-05,0.0001095051290966416,0.0001292784522994674
4350,2,8.417106343142559e-09,-1.112881574875147e-09,4.74174819663076e-09,-2.777165600804645e-07,1.869544009652528e-06,-1.155581849469647e-06,-2.319632297558111e-06,3.207565941462395e-06
4350,3,0,0,0,0,0,0,0,0
4400,0,-5.603064554779421e-06,1.15426060478973e-07,-6.365151097087285e-06,5.099187689624281e-05,-0.0009112014360613824,0.0001408331846351639,0.0002865223266708189,0.0009668966754359733
4400,1,-1.100031546247983e-06,2.785693375284489e-08,8.408905358775997e-07,-7.257971389104856e-09,4.148881613266891e-05,5.475678105404065e-05,0.0001095051290966416,0.0001292784522994674
4400,2,8.417106343142559e-09,-1.112881574875147e-09,4.74174819663076e-09,-2.777165600804645e-07,1.869544009652528e-06,-1.155581849469647e-06,-2.319632297558111e-06,3.207565941462395e-06
4400,3,0,0,0,0,0,0,0,0
4450,0,-5.603064554779421e-06,1.15426060478973e-07,-6.365151097087285e-06,5.099187689624281e-05,-0.0009112014360613824,0.0001408331846351639,0.0002865223266708189,0.0009668966754359733
4450,1,-1.100031546247983e-06,2.785693375284489e-08,8.408905358775997e-07,-7.257971389104856e-09,4.148881613266891e-05,5.475678105404065e-05,0.0001095051290966416,0.0001292784522994674
4450,2,8.417106343142559e-09,-1.112881574875147e-09,4.74174819663076e-09,-2.777165600804645e-07,1.869544009652528e-06,-1.155581849469647e-06,-2.319632297558111e-06,3.207565941462395e-06
4450,3,0,0,0,0,0,0,0,0
4500,0,-5.603064554779421e-06,1.15426060478973e-07,-6.365151097087285e-06,5.099187689624281e-05,-0.0009112014360613824,0.0001408331846351639,0.0002865223266708189,0.0009668966754359733
4500,1,-1.100031546247983e-06,2.785693375284489e-08,8.408905358775997e-07,-7.257971389104856e-09,4.148881613266891e-05,5.475678105404065e-05,0.0001095051290966416,0.0001292784522994674
4500,2,8.417106343142559e-09,-1.112881574875147e-09,4.74174819663076e-09,-2.777165600804645e-07,1.869544009652528e-06,-1.155581849469647e-06,-2.319632297558111e-06,3.207565941462395e-06
4500,3,0,0,0,0,0,0,0,0
4550,0,-5.603064554779421e-06,1.15426060478973e-07,-6.365151097087285e-06,5.099187689624281e-05,-0.0009112014360613824,0.0001408331846351639,0.0002865223266708189,0.0009668966754359733
4550,1,-1.100031546247983e-06,2.785693375284489e-08,8.408905358775997e-07,-7.257971389104856e-09,4.148881613266891e-05,5.475678105404065e-05,0.0001095051290966416,0.0001292784522994674
4550,2,8.417106343142559e-09,-1.112881574875147e-09,4.74174819663076e-09,-2.777165600804645e-07,1.869544009652528e-06,-1.155581849469647e-06,-2.319632297558111e-06,3.207565941462395e-06
4550,3,0,0,0,0,0,0,0,0
4600,0,-5.603064554779421e-06,1.15426060478973e-07,-6.365151097087285e-06,5.099187689624281e-05,-0.0009112014360613824,0.0001408331846351639,0.0002865223266708189,0.0009668966754359733
4600,1,-1.100031546247983e-06,2.785693375284489e-08,8.408905358775997e-07,-7.257971389104856e-09,4.148881613266891e-05,5.475678105404065e-05,0.0001095051290966416,0.0001292784522994674
4600,2,8.417106343142559e-09,-1.112881574875147e-09,4.74174819663076e-09,-2.777165600804645e-07,1.869544009652528e-06,-1.155581849469647e-06,-2.319632297558111e-06,3.207565941462395e-06
4600,3,0,0,0,0,0,0,0,0
4650,0,-5.603064554779421e-06,1.15426060478973e-07,-6.365151097087285e-06,5.099187689624281e-05,-0.0009112014360613824,0.0001408331846351639,0.0002865223266708189,0.0009668966754359733
4650,1,-1.100031546247983e-06,2.785693375284489e-08,8.408905358775997e-07,-7.257971389104856e-09,4.148881613266891e-05,5.475678105404065e-05,0.0001095051290966416,0.0001292784522994674
4650,2,8.417106343142559e-09,-1.112881574875147e-09,4.74174819663076e-09,-2.777165600804645e-07,1.869544009652528e-06,-1.155581849469647e-06,-2.319632297558111e-06,3.207565941462395e-06
4650,3,0,0,0,0,0,0,0,0
4700,0,-5.603064554779421e-06,1.15426060478973e-07,-6.365151097087285e-06,5.099187689624281e-05,-0.0009112014360613824,0.0001408331846351639,0.0002865223266708189,0.0009668966754359733
4700,1,-1.100031546247983e-06,2.785693375284489e-08,8.408905358775997e-07,-7.257971389104856e-09,4.148881613266891e-05,5.475678105404065e-05,0.0001095051290966416,0.0001292784522994674
4700,2,8.417106343142559e-09,-1.112881574875147e-09,4.74174819663076e-09,-2.777165600804645e-07,1.869544009652528e-06,-1.155581849469647e-06,-2.319632297558111e-06,3.207565941462395e-06
4700,3,0,0,0,0,0,0,0,0
4750,0,-5.603064554779421e-06,1.15426060478973e-07,-6.365151097087285e-06,5.099187689624281e-05,-0.0009112014360613824,0.0001408331846351639,0.0002865223266708189,0.0009668966754359733
4750,1,-1.100031546247983e-06,2.785693375284489e-08,8.408905358775997e-07,-7.257971389104856e-09,4.148881613266891e-05,5.475678105404065e-05,0.0001095051290966416,0.0001292784522994674
4750,2,8.417106343142559e-09,-1.112881574875147e-09,4.74174819663076e-09,-2.777165600804645e-07,1.869544009652528e-06,-1.155581849469647e-06,-2.319632297558111e-06,3.207565941462395e-06
4750,3,0,0,0,0,0,0,0,0
4800,0,-5.603064554779421e-06,1.15426060478973e-07,-6.365151097087285e-06,5.099187689624281e-05,-0.0009112014360613824,0.0001408331846351639,0.0002865223266708189,0.0009668966754359733
4800,1,-1.100031546247983e-06,2.785693375284489e-08,8.408905358775997e-07,-7.257971389104856e-09,4.148881613266891e-05,5.475678105404065e-05,0.0001095051290966416,0.0001292784522994674
4800,2,8.417106343142559e-09,-1.112881574875147e-09,4.74174819663076e-09,-2.777165600804645e-07,1.869544009652528e-06,-1.155581849469647e-06,-2.319632297558111e-06,3.207565941462395e-06
4800,3,0,0,0,0,0,0,0,0
4850,0,-5.603064554779421e-06,1.15426060478973e-07,-6.365151097087285e-06,5.099187689624281e-05,-0.0009112014360613824,0.0001408331846351639,0.0002865223266708189,0.0009668966754359733
4850,1,-1.100031546247983e-06,2.785693375284489e-08,8.408905358775997e-07,-7.257971389104856e-09,4.148881613266891e-05,5.475678105404065e-05,0.0001095051290966416,0.0001292784522994674
4850,2,8.417106343142559e-09,-1.112881574875147e-09,4.74174819663076e-09,-2.777165600804645e-07,1.869544009652528e-06,-1.155581849469647e-06,-2.319632297558111e-06,3.207565941462395e-06
4850,3,0,0,0,0,0,0,0,0
4900,0,-5.603064554779421e-06,1.15426060478973e-07,-6.365151097087285e-06,5.099187689624281e-05,-0.0009112014360613824,0.0001408331846351639,0.0002865223266708189,0.0009668966754359733
4900,1,-1.100031546247983e-06,2.785693375284489e-08,8.408905358775997e-07,-7.257971389104856e-09,4.148881613266891e-05,5.475678105404065e-05,0.0001095051290966416,0.0001292784522994674
4900,2,8.417106343142559e-09,-1.112881574875147e-09,4.74174819663076e-09,-2.777165600804645e-07,1.869544009652528e-06,-1.155581849469647e-06,-2.319632297558111e-06,3.207565941462395e-06
4900,3,0,0,0,0,0,0,0,0
4950,0,-5.603064554779421e-06,1.15426060478973e-07,-6.365151097087285e-06,5.099187689624281e-05,-0.0009112014360613824,0.0001408331846351639,0.0002865223266708189,0.0009668966754359733
4950,1,-1.100031546247983e-06,2.785693375284489e-08,8.408905358775997e-07,-7.257971389104856e-09,4.148881613266891e-05,5.475678105404065e-05,0.0001095051290966416,0.0001292784522994674
4950,2,8.417106343142559e-09,-1.112881574875147e-09,4.74174819663076e-09,-2.777165600804645e-07,1.869544009652528e-06,-1.155581849469647e-06,-2.319632297558111e-06,3.207565941462395e-06
4950,3,0,0,0,0,0,0,0,0
5000,0,-5.603064554779421e-06,1.15426060478973e-07,-6.365151097087285e-06,5.099187689624281e-05,-0.0009112014360613824,0.0001408331846351639,0.0002865223266708189,0.0009668966754359733
5000,1,-1.100031546247983e-06,2.785693375284489e-08,8.408905358775997e-07,-7.257971389104856e-09,4.148881613266891e-05,5.475678105404065e-05,0.0001095051290966416,0.0001292784522994674
5000,2,8.417106343142559e-09,-1.112881574875147e-09,4.74174819663076e-09,-2.777165600804645e-07,1.869544009652528e-06,-1.155581849469647e-06,-2.319632297558111e-06,3.207565941462395e-06
5000,3,0,0,0,0,0,0,0,0
5050,0,-5.603064554779421e-06,1.15426060478973e-07,-6.365151097087285e-06,5.099187689624281e-05,-0.0009112014360613824,0.0001408331846351639,0.0002865223266708189,0.0009668966754359733
5050,1,-1.100031546247983e-06,2.785693375284489e-08,8.408905358775997e-07,-7.257971389104856e-09,4.148881613266891e-05,5.475678105404065e-05,0.0001095051290966416,0.0001292784522994674
5050,2,8.417106343142559e-09,-1.112881574875147e-09,4.74174819663076e-09,-2.777165600804645e-07,1.869544009652528e-06,-1.155581849469647e-06,-2.319632297558111e-06,3.207565941462395e-06
5050,3,0,0,0,0,0,0,0,0
5100,0,-5.603064554779421e-06,1.15426060478973e-07,-6.365151097087285e-06,5.099187689624281e-05,-0.0009112014360613824,0.0001408331846351639,0.0002865223266708189,0.0009668966754359733
5100,1,-1.100031546247983e-06,2.785693375284489e-08,8.408905358775997e-07,-7.257971389104856e-09,4.148881613266891e-05,5.475678105404065e-05,0.0001095051290966416,0.0001292784522994674
5100,2,8.417106343142559e-09,-1.112881574875147e-09,4.74174819663076e-09,-2.777165600804645e-07,1.869544009652528e-06,-1.155581849469647e-06,-2.319632297558111e-06,3.207565941462395e-06
5100,3,0,0,0,0,0,0,0,0
5150,0,-5.603064554779421e-06,1.15426060478973e-07,-6.365151097087285e-06,5.099187689624281e-05,-0.0009112014360613824,0.0001408331846351639,0.0002865223266708189,0.0009668966754359733
5150,1,-1.100031546247983e-06,2.785693375284489e-08,8.408905358775997e-07,-7.257971389104856e-09,4.148881613266891e-05,5.475678105404065e-05,0.0001095051290966416,0.0001292784522994674
5150,2,8.417106343142559e-09,-1.112881574875147e-09,4.74174819663076e-09,-2.777165600804645e-07,1.869544009652528e-06,-1.155581849469647e-06,-2.319632297558111e-06,3.207565941462395e-06
5150,3,0,0,0,0,0,0,0,0
5200,0,-5.603064554779421e-06,1.15426060478973e-07,-6.365151097087285e-06,5.099187689624281e-05,-0.0009112014360613824,0.0001408331846351639,0.0002865223266708189,0.0009668966754359733
5200,1,-1.100031546247983e-06,2.785693375284489e-08,8.408905358775997e-07,-7.257971389104856e-09,4.148881613266891e-05,5.475678105404065e-05,0.0001095051290966416,0.0001292784522994674
5200,2,8.417106343142559e-09,-1.112881574875147e-09,4.74174819663076e-09,-2.777165600804645e-07,1.869544009652528e-06,-1.155581849469647e-06,-2.319632297558111e-06,3.207565941462395e-06
5200,3,0,0,0,0,0,0,0,0
5250,0,-5.603064554779421e-06,1.15426060478973e-07,-6.365151097087285e-06,5.099187689624281e-05,-0.0009112014360613824,0.0001408331846351639,0.0002865223266708189,0.0009668966754359733
5250,1,-1.100031546247983e-06,2.785693375284489e-08,8.408905358775997e-07,-7.257971389104856e-09,4.148881613266891e-05,5.475678105404065e-05,0.0001095051290966416,0.0001292784522994674
5250,2,8.417106343142559e-09,-1.112881574875147e-09,4.74174819663076e-09,-2.777165600804645e-07,1.869544009652528e-06,-1.155581849469647e-06,-2.319632297558111e-06,3.207565941462395e-06
5250,3,0,0,0,0,0,0,0,0
5300,0,-5.603064554779421e-06,1.15426060478973e-07,-6.365151097087285e-06,5.099187689624281e-05,-0.0009112014360613824,0.0001408331846351639,0.0002865223266708189,0.0009668966754359733
5300,1,-1.100031546247983e-06,2.785693375284489e-08,8.408905358775997e-07,-7.257971389104856e-09,4.148881613266891e-05,5.475678105404065e-05,0.0001095051290966416,0.0001292784522994674
5300,2,8.417106343142559e-09,-1.112881574875147e-09,4.74174819663076e-09,-2.777165600804645e-07,1.869544009652528e-06,-1.155581849469647e-06,-2.319632297558111e-06,3.207565941462395e-06
5300,3,0,0,0,0,0,0,0,0
5350,0,-5.603064554779421e-06,1.15426060478973e-07,-6.365151097087285e-06,5.099187689624281e-05,-0.0009112014360613824,0.0001408331846351639,0.0002865223266708189,0.0009668966754359733
5350,1,-1.100031546247983e-06,2.785693375284489e-08,8.408905358775997e-07,-7.257971389104856e-09,4.148881613266891e-05,5.475678105404065e-05,0.0001095051290966416,0.0001292784522994674
5350,2,8.417106343142559e-09,-1.112881574875147e-09,4.74174819663076e-09,-2.777165600804645e-07,1.869544009652528e-06,-1.155581849469647e-06,-2.319632297558111e-06,3.207565941462395e-06
5350,3,0,0,0,0,0,0,0,0
5400,0,-5.603064554779421e-06,1.15426060478973e-07,-6.365151097087285e-06,5.099187689624281e-05,-0.0009112014360613824,0.0001408331846351639,0.0002865223266708189,0.0009668966754359733
5400,1,-1.100031546247983e-06,2.785693375284489e-08,8.408905358775997e-07,-7.257971389104856e-09,4.148881613266891e-05,5.475678105404065e-05,0.0001095051290966416,0.0001292784522994674
5400,2,8.417106343142559e-09,-1.112881574875147e-09,4.74174819663076e-09,-2.777165600804645e-07,1.869544009652528e-06,-1.155581849469647e-06,-2.319632297558111e-06,3.207565941462395e-06
5400,3,0,0,0,0,0,0,0,0
5450,0,-5.603064554779421e-06,1.15426060478973e-07,-6.365151097087285e-06,5.099187689624281e-05,-0.0009112014360613824,0.0001408331846351639,0.0002865223266708189,0.0009668966754359733
5450,1,-1.100031546247983e-06,2.785693375284489e-08,8.408905358775997e-07,-7.257971389104856e-09,4.148881613266891e-05,5.475678105404065e-05,0.0001095051290966416,0.0001292784522994674
5450,2,8.417106343142559e-09,-1.112881574875147e-09,4.74174819663076e-09,-2.777165600804645e-07,1.869544009652528e-06,-1.155581849469647e-06,-2.319632297558111e-06,3.207565941462395e-06
5450,3,0,0,0,0,0,0,0,0
5500,0,-5.603064554779421e-06,1.15426060478973e-07,-6.365151097087285e-06,5.099187689624281e-05,-0.0009112014360613824,0.0001408331846351639,0.0002865223266708189,0.0009668966754359733
5500,1,-1.100031546247983e-06,2.785693375284489e-08,8.408905358775997e-07,-7.257971389104856e-09,4.148881613266891e-05,5.475678105404065e-05,0.0001095051290966416,0.0001292784522994674
5500,2,8.417106343142559e-09,-1.112881574875147e-09,4.74174819663076e-09,-2.777165600804645e-07,1.869544009652528e-06,-1.155581849469647e-06,-2.319632297558111e-06,3.207565941462395e-06
5500,3,0,0,0,0,0,0,0,0
5550,0,-5.603064554779421e-06,1.15426060478973e-07,-6.365151097087285e-06,5.099187689624281e-05,-0.0009112014360613824,0.0001408331846351639,0.0002865223266708189,0.0009668966754359733
5550,1,-1.100031546247983e-06,2.785693375284489e-08,8.408905358775997e-07,-7.257971389104856e-09,4.148881613266891e-05,5.475678105404065e-05,0.0001095051290966416,0.0001292784522994674
5550,2,8.417106343142559e-09,-1.112881574875147e-09,4.74174819663076e-09,-2.777165600804645e-07,1.869544009652528e-06,-1.155581849469647e-06,-2.319632297558111e-06,3.207565941462395e-06
5550,3,0,0,0,0,0,0,0,0
5600,0,-5.603064554779421e-06,1.15426060478973e-07,-6.365151097087285e-06,5.099187689624281e-05,-0.0009112014360613824,0.0001408331846351639,0.0002865223266708189,0.0009668966754359733
5600,1,-1.100031546247983e-06,2.785693375284489e-08,8.408905358775997e-07,-7.257971389104856e-09,4.148881613266891e-05,5.475678105404065e-05,0.0001095051290966416,0.0001292784522994674
5600,2,8.417106343142559e-09,-1.112881574875147e-09,4.74174819663076e-09,-2.777165600804645e-07,1.869544009652528e-06,-1.155581849469647e-06,-2.319632297558111e-06,3.207565941462395e-06
5600,3,0,0,0,0,0,0,0,0
5650,0,-5.603064554779421e-06,1.15426060478973e-07,-6.365151097087285e-06,5.099187689624281e-05,-0.0009112014360613824,0.0001408331846351639,0.0002865223266708189,0.0009668966754359733
5650,1,-1.100031546247983e-06,2.785693375284489e-08,8.408905358775997e-07,-7.257971389104856e-09,4.148881613266891e-05,5.475678105404065e-05,0.0001095051290966416,0.0001292784522994674
5650,2,8.417106343142559e-09,-1.112881574875147e-09,4.74174819663076e-09,-2.777165600804645e-07,1.869544009652528e-06,-1.155581849469647e-06,-2.319632297558111e-06,3.207565941462395e-06
5650,3,0,0,0,0,0,0,0,0
5700,0,-5.603064554779421e-06,1.15426060478973e-07,-6.365151097087285e-06,5.099187689624281e-05,-0.0009112014360613824,0.0001408331846351639,0.0002865223266708189,0.0009668966754359733
5700,1,-1.100031546247983e-06,2.785693375284489e-08,8.408905358775997e-07,-7.257971389104856e-09,4.148881613266891e-05,5.475678105404065e-05,0.0001095051290966416,0.0001292784522994674
5700,2,8.417106343142559e-09,-1.112881574875147e-09,4.74174819663076e-09,-2.777165600804645e-07,1.869544009652528e-06,-1.155581849469647e-06,-2.319632297558111e-06,3.207565941462395e-06
5700,3,0,0,0,0,0,0,0,0
5750,0,-5.603064554779421e-06,1.15426060478973e-07,-6.365151097087285e-06,5.099187689624281e-05,-0.0009112014360613824,0.0001408331846351639,0.0002865223266708189,0.0009668966754359733
5750,1,-1.100031546247983e-06,2.785693375284489e-08,8.408905358775997e-07,-7.257971389104856e-09,4.148881613266891e-05,5.475678105404065e-05,0.0001095051290966416,0.0001292784522994674
5750,2,8.417106343142559e-09,-1.112881574875147e-09,4.74174819663076e-09,-2.777165600804645e-07,1.869544009652528e-06,-1.155581849469647e-06,-2.319632297558111e-06,3.207565941462395e-06
5750,3,0,0,0,0,0,0,0,0
5800,0,-5.603064554779421e-06,1.15426060478973e-07,-6.365151097087285e-06,5.099187689624281e-05,-0.0009112014360613824,0.0001408331846351639,0.0002865223266708189,0.0009668966754359733
5800,1,-1.100031546247983e-06,2.785693375284489e-08,8.408905358775997e-07,-7.257971389104856e-09,4.148881613266891e-05,5.475678105404065e-05,0.0001095051290966416,0.0001292784522994674
5800,2,8.417106343142559e-09,-1.112881574875147e-09,4.74174819663076e-09,-2.777165600804645e-07,1.869544009652528e-06,-1.155581849469647e-06,-2.319632297558111e-06,3.207565941462395e-06
5800,3,0,0,0,0,0,0,0,0
5850,0,-5.603064554779421e-06,1.15426060478973e-07,-6.365151097087285e-06,5.099187689624281e-05,-0.0009112014360613824,0.0001408331846351639,0.0002865223266708189,0.0009668966754359733
5850,1,-1.100031546247983e-06,2.785693375284489e-08,8.408905358775997e-07,-7.257971389104856e-09,4.148881613266891e-05,5.475678105404065e-05,0.0001095051290966416,0.0001292784522994674
5850,2,8.417106343142559e-09,-1.112881574875147e-09,4.74174819663076e-09,-2.777165600804645e-07,1.869544009652528e-06,-1.155581849469647e-06,-2.319632297558111e-06,3.207565941462395e-06
5850,3,0,0,0,0,0,0,0,0
5900,0,-5.603064554779421e-06,1.15426060478973e-07,-6.365151097087285e-06,5.099187689624281e-05,-0.0009112014360613824,0.0001408331846351639,0.0002865223266708189,0.0009668966754359733
5900,1,-1.100031546247983e-06,2.785693375284489e-08,8.408905358775997e-07,-7.257971389104856e-09,4.148881613266891e-05,5.475678105404065e-05,0.0001095051290966416,0.0001292784522994674
5900,2,8.417106343142559e-09,-1.112881574875147e-09,4.74174819663076e-09,-2.777165600804645e-07,1.869544009652528e-06,-1.155581849469647e-06,-2.319632297558111e-06,3.207565941462395e-06
5900,3,0,0,0,0,0,0,0,0
5950,0,-5.603064554779421e-06,1.15426060478973e-07,-6.365151097087285e-06,5.099187689624281e-05,-0.0009112014360613824,0.0001408331846351639,0.0002865223266708189,0.0009668966754359733
5950,1,-1.100031546247983e-06,2.785693375284489e-08,8.408905358775997e-07,-7.257971389104856e-09,4.148881613266891e-05,5.475678105404065e-05,0.0001095051290966416,0.0001292784522994674
5950,2,8.417106343142559e-09,-1.112881574875147e-09,4.74174819663076e-09,-2.777165600804645e-07,1.869544009652528e-06,-1.155581849469647e-06,-2.319632297558111e-06,3.207565941462395e-06
5950,3,0,0,0,0,0,0,0,0
6000,0,-5.603064554779421e-06,1.15426060478973e-07,-6.365151097087285e-06,5.099187689624281e-05,-0.0009112014360613824,0.0001408331846351639,0.0002865223266708189,0.0009668966754359733
6000,1,-1.100031546247983e-06,2.785693375284489e-08,8.408905358775997e-07,-7.257971389104856e-09,4.148881613266891e-05,5.475678105404065e-05,0.0001095051290966416,0.0001292784522994674
6000,2,8.417106343142559e-09,-1.112881574875147e-09,4.74174819663076e-09,-2.777165600804645e-07,1.869544009652528e-06,-1.155581849469647e-06,-2.319632297558111e-06,3.207565941462395e-06
6000,3,0,0,0,0,0,0,0,0
6050,0,-5.603064554779421e-06,1.15426060478973e-07,-6.365151097087285e-06,5.099187689624281e-05,-0.0009112014360613824,0.0001408331846351639,0.0002865223266708189,0.0009668966754359733
6050,1,-1.100031546247983e-06,2.785693375284489e-08,8.408905358775997e-07,-7.257971389104856e-09,4.148881613266891e-05,5.475678105404065e-05,0.0001095051290966416,0.0001292784522994674
6050,2,8.417106343142559e-09,-1.112881574875147e-09,4.74174819663076e-09,-2.777165600804645e-07,1.869544009652528e-06,-1.155581849469647e-06,-2.319632297558111e-06,3.207565941462395e-06
6050,3,0,0,0,0,0,0,0,0
6100,0,-5.603064554779421e-06,1.15426060478973e-07,-6.365151097087285e-06,5.099187689624281e-05,-0.0009112014360613824,0.0001408331846351639,0.0002865223266708189,0.0009668966754359733
6100,1,-1.100031546247983e-06,2.785693375284489e-08,8.408905358775997e-07,-7.257971389104856e-09,4.148881613266891e-05,5.475678105404065e-05,0.0001095051290966416,0.0001292784522994674
6100,2,8.417106343142559e-09,-1.112881574875147e-09,4.74174819663076e-09,-2.777165600804645e-07,1.869544009652528e-06,-1.155581849469647e-06,-2.319632297558111e-06,3.207565941462395e-06
6100,3,0,0,0,0,0,0,0,0
6150,0,-5.603064554779421e-06,1.15426060478973e-07,-6.365151097087285e-06,5.099187689624281e-05,-0.0009112014360613824,0.0001408331846351639,0.0002865223266708189,0.0009668966754359733
6150,1,-1.100031546247983e-06,2.785693375284489e-08,8.408905358775997e-07,-7.257971389104856e-09,4.148881613266891e-05,5.475678105404065e-05,0.0001095051290966416,0.0001292784522994674
6150,2,8.417106343142559e-09,-1.112881574875147e-09,4.74174819663076e-09,-2.777165600804645e-07,1.869544009652528e-06,-1.155581849469647e-06,-2.319632297558111e-06,3.207565941462395e-06
6150,3,0,0,0,0,0,0,0,0
6200,0,-5.603064554779421e-06,1.15426060478973e-07,-6.365151097087285e-06,5.099187689624281e-05,-0.0009112014360613824,0.0001408331846351639,0.0002865223266708189,0.0009668966754359733
6200,1,-1.100031546247983e-06,2.785693375284489e-08,8.408905358775997e-07,-7.257971389104856e-09,4.148881613266891e-05,5.475678105404065e-05,0.0001095051290966416,0.0001292784522994674
6200,2,8.417106343142559e-09,-1.112881574875147e-09,4.74174819663076e-09,-2.777165600804645e-07,1.869544009652528e-06,-1.155581849469647e-06,-2.319632297558111e-06,3.207565941462395e-06
6200,3,0,0,0,0,0,0,0,0
6250,0,-5.603064554779421e-06,1.15426060478973e-07,-6.365151097087285e-06,5.099187689624281e-05,-0.0009112014360613824,0.0001408331846351639,0.0002865223266708189,0.0009668966754359733
6250,1,-1.100031546247983e-06,2.785693375284489e-08,8.408905358775997e-07,-7.257971389104856e-09,4.148881613266891e-05,5.475678105404065e-05,0.0001095051290966416,0.0001292784522994674
6250,2,8.417106343142559e-09,-1.112881574875147e-09,4.74174819663076e-09,-2.777165600804645e-07,1.869544009652528e-06,-1.155581849469647e-06,-2.319632297558111e-06,3.207565941462395e-06
6250,3,0,0,0,0,0,0,0,0
6300,0,-5.603064554779421e-06,1.15426060478973e-07,-6.365151097087285e-06,5.099187689624281e-05,-0.0009112014360613824,0.0001408331846351639,0.0002865223266708189,0.0009668966754359733
6300,1,-1.100031546247983e-06,2.785693375284489e-08,8.408905358775997e-07,-7.257971389104856e-09,4.148881613266891e-05,5.475678105404065e-05,0.0001095051290966416,0.0001292784522994674
6300,2,8.417106343142559e-09,-1.112881574875147e-09,4.74174819663076e-09,-2.777165600804645e-07,1.869544009652528e-06,-1.155581849469647e-06,-2.319632297558111e-06,3.207565941462395e-06
6300,3,0,0,0,0,0,0,0,0
6350,0,-5.603064554779421e-06,1.15426060478973e-07,-6.365151097087285e-06,5.099187689624281e-05,-0.0009112014360613824,0.0001408331846351639,0.0002865223266708189,0.0009668966754359733
6350,1,-1.100031546247983e-06,2.785693375284489e-08,8.408905358775997e-07,-7.257971389104856e-09,4.148881613266891e-05,5.475678105404065e-05,0.0001095051290966416,0.0001292784522994674
6350,2,8.417106343142559e-09,-1.112881574875147e-09,4.74174819663076e-09,-2.777165600804645e-07,1.869544009652528e-06,-1.155581849469647e-06,-2.319632297558111e-06,3.207565941462395e-06
6350,3,0,0,0,0,0,0,0,0
6400,0,-5.603064554779421e-06,1.15426060478973e-07,-6.365151097087285e-06,5.099187689624281e-05,-0.0009112014360613824,0.0001408331846351639,0.0002865223266708189,0.0009668966754359733
6400,1,-1.100031546247983e-06,2.785693375284489e-08,8.408905358775997e-07,-7.257971389104856e-09,4.148881613266891e-05,5.475678105404065e-05,0.0001095051290966416,0.0001292784522994674
6400,2,8.417106343142559e-09,-1.112881574875147e-09,4.74174819663076e-09,-2.777165600804645e-07,1.869544009652528e-06,-1.155581849469647e-06,-2.319632297558111e-06,3.207565941462395e-06
6400,3,0,0,0,0,0,0,0,0
6450,0,-5.603064554779421e-06,1.15426060478973e-07,-6.365151097087285e-06,5.099187689624281e-05,-0.0009112014360613824,0.0001408331846351639,0.0002865223266708189,0.0009668966754359733
6450,1,-1.100031546247983e-06,2.785693375284489e-08,8.408905358775997e-07,-7.257971389104856e-09,4.148881613266891e-05,5.475678105404065e-05,0.0001095051290966416,0.0001292784522994674
6450,2,8.417106343142559e-09,-1.112881574875147e-09,4.74174819663076e-09,-2.777165600804645e-07,1.869544009652528e-06,-1.155581849469647e-06,-2.319632297558111e-06,3.207565941462395e-06
6450,3,0,0,0,0,0,0,0,0
6500,0,-5.603064554779421e-06,1.15426060478973e-07,-6.365151097087285e-06,5.099187689624281e-05,-0.0009112014360613824,0.0001408331846351639,0.0002865223266708189,0.0009668966754359733
6500,1,-1.100031546247983e-06,2.785693375284489e-08,8.408905358775997e-07,-7.257971389104856e-09,4.148881613266891e-05,5.475678105404065e-05,0.0001095051290966416,0.0001292784522994674
6500,2,8.417106343142559e-09,-1.112881574875147e-09,4.74174819663076e-09,-2.777165600804645e-07,1.869544009652528e-06,-1.155581849469647e-06,-2.319632297558111e-06,3.207565941462395e-06
6500,3,0,0,0,0,0,0,0,0
6550,0,-5.603064554779421e-06,1.15426060478973e-07,-6.365151097087285e-06,5.099187689624281e-05,-0.0009112014360613824,0.0001408331846351639,0.0002865223266708189,0.0009668966754359733
6550,1,-1.100031546247983e-06,2.785693375284489e-08,8.408905358775997e-07,-7.257971389104856e-09,4.148881613266891e-05,5.475678105404065e-05,0.0001095051290966416,0.0001292784522994674
6550,2,8.417106343142559e-09,-1.112881574875147e-09,4.74174819663076e-09,-2.777165600804645e-07,1.869544009652528e-06,-1.155581849469647e-06,-2.319632297558111e-06,3.207565941462395e-06
6550,3,0,0,0,0,0,0,0,0
6600,0,-5.603064554779421e-06,1.15426060478973e-07,-6.365151097087285e-06,5.099187689624281e-05,-0.0009112014360613824,0.0001408331846351639,0.0002865223266708189,0.0009668966754359733
6600,1,-1.100031546247983e-06,2.785693375284489e-08,8.408905358775997e-07,-7.257971389104856e-09,4.148881613266891e-05,5.475678105404065e-05,0.0001095051290966416,0.0001292784522994674
6600,2,8.417106343142559e-09,-1.112881574875147e-09,4.74174819663076e-09,-2.777165600804645e-07,1.869544009652528e-06,-1.155581849469647e-06,-2.319632297558111e-06,3.207565941462395e-06
6600,3,0,0,0,0,0,0,0,0
6650,0,-5.603064554779421e-06,1.15426060478973e-07,-6.365151097087285e-06,5.099187689624281e-05,-0.0009112014360613824,0.0001408331846351639,0.0002865223266708189,0.0009668966754359733
6650,1,-1.100031546247983e-06,2.785693375284489e-08,8.408905358775997e-07,-7.257971389104856e-09,4.148881613266891e-05,5.475678105404065e-05,0.0001095051290966416,0.0001292784522994674
6650,2,8.417106343142559e-09,-1.112881574875147e-09,4.74174819663076e-09,-2.777165600804645e-07,1.869544009652528e-06,-1.155581849469647e-06,-2.319632297558111e-06,3.207565941462395e-06
6650,3,0,0,0,0,0,0,0,0
6700,0,-5.603064554779421e-06,1.15426060478973e-07,-6.365151097087285e-06,5.099187689624281e-05,-0.0009112014360613824,0.0001408331846351639,0.0002865223266708189,0.0009668966754359733
6700,1,-1.100031546247983e-06,2.785693375284489e-08,8.408905358775997e-07,-7.257971389104856e-09,4.148881613266891e-05,5.475678105404065e-05,0.0001095051290966416,0.0001292784522994674
6700,2,8.417106343142559e-09,-1.112881574875147e-09,4.74174819663076e-09,-2.777165600804645e-07,1.869544009652528e-06,-1.155581849469647e-06,-2.319632297558111e-06,3.207565941462395e-06
6700,3,0,0,0,0,0,0,0,0
6750,0,-5.603064554779421e-06,1.15426060478973e-07,-6.365151097087285e-06,5.099187689624281e-05,-0.0009112014360613824,0.0001408331846351639,0.0002865223266708189,0.0009668966754359733
6750,1,-1.100031546247983e-06,2.785693375284489e-08,8.408905358775997e-07,-7.257971389104856e-09,4.148881613266891e-05,5.475678105404065e-05,0.0001095051290966416,0.0001292784522994674
6750,2,8.417106343142559e-09,-1.112881574875147e-09,4.74174819663076e-09,-2.777165600804645e-07,1.869544009652528e-06,-1.155581849469647e-06,-2.319632297558111e-06,3.207565941462395e-06
6750,3,0,0,0,0,0,0,0,0
6800,0,-5.603064554779421e-06,1.15426060478973e-07,-6.365151097087285e-06,5.099187689624281e-05,-0.0009112014360613824,0.0001408331846351639,0.0002865223266708189,0.0009668966754359733
6800,1,-1.100031546247983e-06,2.785693375284489e-08,8.408905358775997e-07,-7.257971389104856e-09,4.148881613266891e-05,5.475678105404065e-05,0.0001095051290966416,0.0001292784522994674
6800,2,8.417106343142559e-09,-1.112881574875147e-09,4.74174819663076e-09,-2.777165600804645e-07,1.869544009652528e-06,-1.155581849469647e-06,-2.319632297558111e-06,3.207565941462395e-06
6800,3,0,0,0,0,0,0,0,0
6850,0,-5.603064554779421e-06,1.15426060478973e-07,-6.365151097087285e-06,5.099187689624281e-05,-0.0009112014360613824,0.0001408331846351639,0.0002865223266708189,0.0009668966754359733
6850,1,-1.100031546247983e-06,2.785693375284489e-08,8.408905358775997e-07,-7.257971389104856e-09,4.148881613266891e-05,5.475678105404065e-05,0.0001095051290966416,0.0001292784522994674
6850,2,8.417106343142559e-09,-1.112881574875147e-09,4.74174819663076e-09,-2.777165600804645e-07,1.869544009652528e-06,-1.155581849469647e-06,-2.319632297558111e-06,3.207565941462395e-06
6850,3,0,0,0,0,0,0,0,0
6900,0,-5.603064554779421e-06,1.15426060478973e-07,-6.365151097087285e-06,5.099187689624281e-05,-0.0009112014360613824,0.0001408331846351639,0.0002865223266708189,0.0009668966754359733
6900,1,-1.100031546247983e-06,2.785693375284489e-08,8.408905358775997e-07,-7.257971389104856e-09,4.148881613266891e-05,5.475678105404065e-05,0.0001095051290966416,0.0001292784522994674
6900,2,8.417106343142559e-09,-1.112881574875147e-09,4.74174819663076e-09,-2.777165600804645e-07,1.869544009652528e-06,-1.155581849469647e-06,-2.319632297558111e-06,3.207565941462395e-06
6900,3,0,0,0,0,0,0,0,0
6950,0,-5.603064554779421e-06,1.15426060478973e-07,-6.365151097087285e-06,5.099187689624281e-05,-0.0009112014360613824,0.0001408331846351639,0.0002865223266708189,0.0009668966754359733
6950,1,-1.100031546247983e-06,2.785693375284489e-08,8.408905358775997e-07,-7.257971389104856e-09,4.148881613266891e-05,5.475678105404065e-05,0.0001095051290966416,0.0001292784522994674
6950,2,8.417106343142559e-09,-1.112881574875147e-09,4.74174819663076e-09,-2.777165600804645e-07,1.869544009652528e-06,-1.155581849469647e-06,-2.319632297558111e-06,3.207565941462395e-06
6950,3,0,0,0,0,0,0,0,0
7000,0,-5.603064554779421e-06,1.15426060478973e-07,-6.365151097087285e-06,5.099187689624281e-05,-0.0009112014360613824,0.0001408331846351639,0.0002865223266708189,0.0009668966754359733
7000,1,-1.100031546247983e-06,2.785693375284489e-08,8.408905358775997e-07,-7.257971389104856e-09,4.148881613266891e-05,5.475678105404065e-05,0.0001095051290966416,0.0001292784522994674
7000,2,8.417106343142559e-09,-1.112881574875147e-09,4.74174819663076e-09,-2.777165600804645e-07,1.869544009652528e-06,-1.155581849469647e-06,-2.319632297558111e-06,3.207565941462395e-06
7000,3,0,0,0,0,0,0,0,0
7050,0,-5.603064554779421e-06,1.15426060478973e-07,-6.365151097087285e-06,5.099187689624281e-05,-0.0009112014360613824,0.0001408331846351639,0.0002865223266708189,0.0009668966754359733
7050,1,-1.100031546247983e-06,2.785693375284489e-08,8.408905358775997e-07,-7.257971389104856e-09,4.148881613266891e-05,5.475678105404065e-05,0.0001095051290966416,0.0001292784522994674
7050,2,8.417106343142559e-09,-1.112881574875147e-09,4.74174819663076e-09,-2.777165600804645e-07,1.869544009652528e-06,-1.155581849469647e-06,-2.319632297558111e-06,3.207565941462395e-06
7050,3,0,0,0,0,0,0,0,0
7100,0,-5.603064554779421e-06,1.15426060478973e-07,-6.365151097087285e-06,5.099187689624281e-05,-0.0009112014360613824,0.0001408331846351639,0.0002865223266708189,0.0009668966754359733
7100,1,-1.100031546247983e-06,2.785693375284489e-08,8.408905358775997e-07,-7.257971389104856e-09,4.148881613266891e-05,5.475678105404065e-05,0.0001095051290966416,0.0001292784522994674
7100,2,8.417106343142559e-09,-1.112881574875147e-09,4.74174819663076e-09,-2.777165600804645e-07,1.869544009652528e-06,-1.155581849469647e-06,-2.319632297558111e-06,3.207565941462395e-06
7100,3,0,0,0,0,0,0,0,0
7150,0,-5.603064554779421e-06,1.15426060478973e-07,-6.365151097087285e-06,5.099187689624281e-05,-0.0009112014360613824,0.0001408331846351639,0.0002865223266708189,0.0009668966754359733
7150,1,-1.100031546247983e-06,2.785693375284489e-08,8.408905358775997e-07,-7.257971389104856e-09,4.148881613266891e-05,5.475678105404065e-05,0.0001095051290966416,0.0001292784522994674
7150,2,8.417106343142559e-09,-1.112881574875147e-09,4.74174819663076e-09,-2.777165600804645e-07,1.869544009652528e-06,-1.155581849469647e-06,-2.319632297558111e-06,3.207565941462395e-06
7150,3,0,0,0,0,0,0,0,0
7200,0,-5.603064554779421e-06,1.15426060478973e-07,-6.365151097087285e-06,5.099187689624281e-05,-0.0009112014360613824,0.0001408331846351639,0.0002865223266708189,0.0009668966754359733
7200,1,-1.100031546247983e-06,2.785693375284489e-08,8.408905358775997e-07,-7.257971389104856e-09,4.148881613266891e-05,5.475678105404065e-05,0.0001095051290966416,0.0001292784522994674
7200,2,8.417106343142559e-09,-1.112881574875147e-09,4.74174819663076e-09,-2.777165600804645e-07,1.869544009652528e-06,-1.155581849469647e-06,-2.319632297558111e-06,3.207565941462395e-06
7200,3,0,0,0,0,0,0,0,0
7250,0,-5.603064554779421e-06,1.15426060478973e-07,-6.365151097087285e-06,5.099187689624281e-05,-0.0009112014360613824,0.0001408331846351639,0.0002865223266708189,0.0009668966754359733
7250,1,-1.100031546247983e-06,2.785693375284489e-08,8.408905358775997e-07,-7.257971389104856e-09,4.148881613266891e-05,5.475678105404065e-05,0.0001095051290966416,0.0001292784522994674
7250,2,8.417106343142559e-09,-1.112881574875147e-09,4.74174819663076e-09,-2.777165600804645e-07,1.869544009652528e-06,-1.155581849469647e-06,-2.319632297558111e-06,3.207565941462395e-06
7250,3,0,0,0,0,0,0,0,0
7300,0,-5.603064554779421e-06,1.15426060478973e-07,-6.365151097087285e-06,5.099187689624281e-05,-0.0009112014360613824,0.0001408331846351639,0.0002865223266708189,0.0009668966754359733
7300,1,-1.100031546247983e-06,2.785693375284489e-08,8.408905358775997e-07,-7.257971389104856e-09,4.148881613266891e-05,5.475678105404065e-05,0.0001095051290966416,0.0001292784522994674
7300,2,8.417106343142559e-09,-1.112881574875147e-09,4.74174819663076e-09,-2.777165600804645e-07,1.869544009652528e-06,-1.155581849469647e-06,-2.319632297558111e-06,3.207565941462395e-06
7300,3,0,0,0,0,0,0,0,0
7350,0,-5.603064554779421e-06,1.15426060478973e-07,-6.365151097087285e-06,5.099187689624281e-05,-0.0009112014360613824,0.0001408331846351639,0.0002865223266708189,0.0009668966754359733
7350,1,-1.100031546247983e-06,2.785693375284489e-08,8.408905358775997e-07,-7.257971389104856e-09,4.148881613266891e-05,5.475678105404065e-05,0.0001095051290966416,0.0001292784522994674
7350,2,8.417106343142559e-09,-1.112881574875147e-09,4.74174819663076e-09,-2.777165600804645e-07,1.869544009652528e-06,-1.155581849469647e-06,-2.319632297558111e-06,3.207565941462395e-06
7350,3,0,0,0,0,0,0,0,0
7400,0,-5.603064554779421e-06,1.15426060478973e-07,-6.365151097087285e-06,5.099187689624281e-05,-0.0009112014360613824,0.0001408331846351639,0.0002865223266708189,0.0009668966754359733
7400,1,-1.100031546247983e-06,2.785693375284489e-08,8.408905358775997e-07,-7.257971389104856e-09,4.148881613266891e-05,5.475678105404065e-05,0.0001095051290966416,0.0001292784522994674
7400,2,8.417106343142559e-09,-1.112881574875147e-09,4.74174819663076e-09,-2.777165600804645e-07,1.869544009652528e-06,-1.155581849469647e-06,-2.319632297558111e-06,3.207565941462395e-06
7400,3,0,0,0,0,0,0,0,0
7450,0,-5.603064554779421e-06,1.15426060478973e-07,-6.365151097087285e-06,5.099187689624281e-05,-0.0009112014360613824,0.0001408331846351639,0.0002865223266708189,0.0009668966754359733
7450,1,-1.100031546247983e-06,2.785693375284489e-08,8.408905358775997e-07,-7.257971389104856e-09,4.148881613266891e-05,5.475678105404065e-05,0.0001095051290966416,0.0001292784522994674
7450,2,8.417106343142559e-09,-1.112881574875147e-09,4.74174819663076e-09,-2.777165600804645e-07,1.869544009652528e-06,-1.155581849469647e-06,-2.319632297558111e-06,3.207565941462395e-06
7450,3,0,0,0,0,0,0,0,0
7500,0,-5.603064554779421e-06,1.15426060478973e-07,-6.365151097087285e-06,5.099187689624281e-05,-0.0009112014360613824,0.0001408331846351639,0.0002865223266708189,0.0009668966754359733
7500,1,-1.100031546247983e-06,2.785693375284489e-08,8.408905358775997e-07,-7.257971389104856e-09,4.148881613266891e-05,5.475678105404065e-05,0.0001095051290966416,0.0001292784522994674
7500,2,8.417106343142559e-09,-1.112881574875147e-09,4.74174819663076e-09,-2.777165600804645e-07,1.869544009652528e-06,-1.155581849469647e-06,-2.319632297558111e-06,3.207565941462395e-06
7500,3,0,0,0,0,0,0,0,0
7550,0,-5.603064554779421e-06,1.15426060478973e-07,-6.365151097087285e-06,5.099187689624281e-05,-0.0009112014360613824,0.0001408331846351639,0.0002865223266708189,0.0009668966754359733
7550,1,-1.100031546247983e-06,2.785693375284489e-08,8.408905358775997e-07,-7.257971389104856e-09,4.148881613266891e-05,5.475678105404065e-05,0.0001095051290966416,0.0001292784522994674
7550,2,8.417106343142559e-09,-1.112881574875147e-09,4.74174819663076e-09,-2.777165600804645e-07,1.869544009652528e-06,-1.155581849469647e-06,-2.319632297558111e-06,3.207565941462395e-06
7550,3,0,0,0,0,0,0,0,0
7600,0,-5.603064554779421e-06,1.15426060478973e-07,-6.365151097087285e-06,5.099187689624281e-05,-0.0009112014360613824,0.0001408331846351639,0.0002865223266708189,0.0009668966754359733
7600,1,-1.100031546247983e-06,2.785693375284489e-08,8.408905358775997e-07,-7.257971389104856e-09,4.148881613266891e-05,5.475678105404065e-05,0.0001095051290966416,0.0001292784522994674
7600,2,8.417106343142559e-09,-1.112881574875147e-09,4.74174819663076e-09,-2.777165600804645e-07,1.869544009652528e-06,-1.155581849469647e-06,-2.319632297558111e-06,3.207565941462395e-06
7600,3,0,0,0,0,0,0,0,0
7650,0,-5.603064554779421e-06,1.15426060478973e-07,-6.365151097087285e-06,5.099187689624281e-05,-0.0009112014360613824,0.0001408331846351639,0.0002865223266708189,0.0009668966754359733
7650,1,-1.100031546247983e-06,2.785693375284489e-08,8.408905358775997e-07,-7.257971389104856e-09,4.148881613266891e-05,5.475678105404065e-05,0.0001095051290966416,0.0001292784522994674
7650,2,8.417106343142559e-09,-1.112881574875147e-09,4.74174819663076e-09,-2.777165600804645e-07,1.869544009652528e-06,-1.155581849469647e-06,-2.319632297558111e-06,3.207565941462395e-06
7650,3,0,0,0,0,0,0,0,0
7700,0,-5.603064554779421e-06,1.15426060478973e-07,-6.365151097087285e-06,5.099187689624281e-05,-0.0009112014360613824,0.0001408331846351639,0.0002865223266708189,0.0009668966754359733
7700,1,-1.100031546247983e-06,2.785693375284489e-08,8.408905358775997e-07,-7.257971389104856e-09,4.148881613266891e-05,5.475678105404065e-05,0.0001095051290966416,0.0001292784522994674
7700,2,8.417106343142559e-09,-1.112881574875147e-09,4.74174819663076e-09,-2.777165600804645e-07,1.869544009652528e-06,-1.155581849469647e-06,-2.319632297558111e-06,3.207565941462395e-06
7700,3,0,0,0,0,0,0,0,0
7750,0,-5.603064554779421e-06,1.15426060478973e-07,-6.365151097087285e-06,5.099187689624281e-05,-0.0009112014360613824,0.0001408331846351639,0.0002865223266708189,0.0009668966754359733
7750,1,-1.100031546247983e-06,2.785693375284489e-08,8.408905358775997e-07,-7.257971389104856e-09,4.148881613266891e-05,5.475678105404065e-05,0.0001095051290966416,0.0001292784522994674
7750,2,8.417106343142559e-09,-1.112881574875147e-09,4.74174819663076e-09,-2.777165600804645e-07,1.869544009652528e-06,-1.155581849469647e-06,-2.319632297558111e-06,3.207565941462395e-06
7750,3,0,0,0,0,0,0,0,0
7800,0,-5.603064554779421e-06,1.15426060478973e-07,-6.365151097087285e-06,5.099187689624281e-05,-0.0009112014360613824,0.0001408331846351639,0.0002865223266708189,0.0009668966754359733
7800,1,-1.100031546247983e-06,2.785693375284489e-08,8.408905358775997e-07,-7.257971389104856e-09,4.148881613266891e-05,5.475678105404065e-05,0.0001095051290966416,0.0001292784522994674
7800,2,8.417106343142559e-09,-1.112881574875147e-09,4.74174819663076e-09,-2.777165600804645e-07,1.869544009652528e-06,-1.155581849469647e-06,-2.319632297558111e-06,3.207565941462395e-06
7800,3,0,0,0,0,0,0,0,0
7850,0,-5.603064554779421e-06,1.15426060478973e-07,-6.365151097087285e-06,5.099187689624281e-05,-0.0009112014360613824,0.0001408331846351639,0.0002865223266708189,0.0009668966754359733
7850,1,-1.100031546247983e-06,2.785693375284489e-08,8.408905358775997e-07,-7.257971389104856e-09,4.148881613266891e-05,5.475678105404065e-05,0.0001095051290966416,0.0001292784522994674
7850,2,8.417106343142559e-09,-1.112881574875147e-09,4.74174819663076e-09,-2.777165600804645e-07,1.869544009652528e-06,-1.155581849469647e-06,-2.319632297558111e-06,3.207565941462395e-06
7850,3,0,0,0,0,0,0,0,0
7900,0,-5.603064554779421e-06,1.15426060478973e-07,-6.365151097087285e-06,5.099187689624281e-05,-0.0009112014360613824,0.0001408331846351639,0.0002865223266708189,0.0009668966754359733
7900,1,-1.100031546247983e-06,2.785693375284489e-08,8.408905358775997e-07,-7.257971389104856e-09,4.148881613266891e-05,5.475678105404065e-05,0.0001095051290966416,0.0001292784522994674
7900,2,8.417106343142559e-09,-1.112881574875147e-09,4.74174819663076e-09,-2.777165600804645e-07,1.869544009652528e-06,-1.155581849469647e-06,-2.319632297558111e-06,3.207565941462395e-06
7900,3,0,0,0,0,0,0,0,0
7950,0,-5.603064554779421e-06,1.15426060478973e-07,-6.365151097087285e-06,5.099187689624281e-05,-0.0009112014360613824,0.0001408331846351639,0.0002865223266708189,0.0009668966754359733
7950,1,-1.100031546247983e-06,2.785693375284489e-08,8.408905358775997e-07,-7.257971389104856e-09,4.148881613266891e-05,5.475678105404065e-05,0.0001095051290966416,0.0001292784522994674
7950,2,8.417106343142559e-09,-1.112881574875147e-09,4.74174819663076e-09,-2.777165600804645e-07,1.869544009652528e-06,-1.155581849469647e-06,-2.319632297558111e-06,3.207565941462395e-06
7950,3,0,0,0,0,0,0,0,0
8000,0,-5.603064554779421e-06,1.15426060478973e-07,-6.365151097087285e-06,5.099187689624281e-05,-0.0009112014360613824,0.0001408331846351639,0.0002865223266708189,0.0009668966754359733
8000,1,-1.100031546247983e-06,2.785693375284489e-08,8.408905358775997e-07,-7.257971389104856e-09,4.148881613266891e-05,5.475678105404065e-05,0.0001095051290966416,0.0001292784522994674
8000,2,8.417106343142559e-09,-1.112881574875147e-09,4.74174819663076e-09,-2.777165600804645e-07,1.869544009652528e-06,-1.155581849469647e-06,-2.319632297558111e-06,3.207565941462395e-06
8000,3,0,0,0,0,0,0,0,0
8050,0,-5.603064554779421e-06,1.15426060478973e-07,-6.365151097087285e-06,5.099187689624281e-05,-0.0009112014360613824,0.0001408331846351639,0.0002865223266708189,0.0009668966754359733
8050,1,-1.100031546247983e-06,2.785693375284489e-08,8.408905358775997e-07,-7.257971389104856e-09,4.148881613266891e-05,5.475678105404065e-05,0.0001095051290966416,0.0001292784522994674
8050,2,8.417106343142559e-09,-1.112881574875147e-09,4.74174819663076e-09,-2.777165600804645e-07,1.869544009652528e-06,-1.155581849469647e-06,-2.319632297558111e-06,3.207565941462395e-06
8050,3,0,0,0,0,0,0,0,0
8100,0,-5.603064554779421e-06,1.15426060478973e-07,-6.365151097087285e-06,5.099187689624281e-05,-0.0009112014360613824,0.0001408331846351639,0.0002865223266708189,0.0009668966754359733
8100,1,-1.100031546247983e-06,2.785693375284489e-08,8.408905358775997e-07,-7.257971389104856e-09,4.148881613266891e-05,5.475678105404065e-05,0.0001095051290966416,0.0001292784522994674
8100,2,8.417106343142559e-09,-1.112881574875147e-09,4.74174819663076e-09,-2.777165600804645e-07,1.869544009652528e-06,-1.155581849469647e-06,-2.319632297558111e-06,3.207565941462395e-06
8100,3,0,0,0,0,0,0,0,0
8150,0,-5.603064554779421e-06,1.15426060478973e-07,-6.365151097087285e-06,5.099187689624281e-05,-0.0009112014360613824,0.0001408331846351639,0.0002865223266708189,0.0009668966754359733
8150,1,-1.100031546247983e-06,2.785693375284489e-08,8.408905358775997e-07,-7.257971389104856e-09,4.148881613266891e-05,5.475678105404065e-05,0.0001095051290966416,0.0001292784522994674
8150,2,8.417106343142559e-09,-1.112881574875147e-09,4.74174819663076e-09,-2.777165600804645e-07,1.869544009652528e-06,-1.155581849469647e-06,-2.319632297558111e-06,3.207565941462395e-06
8150,3,0,0,0,0,0,0,0,0
8200,0,-5.603064554779421e-06,1.15426060478973e-07,-6.365151097087285e-06,5.099187689624281e-05,-0.0009112014360613824,0.0001408331846351639,0.0002865223266708189,0.0009668966754359733
8200,1,-1.100031546247983e-06,2.785693375284489e-08,8.408905358775997e-07,-7.257971389104856e-09,4.148881613266891e-05,5.475678105404065e-05,0.0001095051290966416,0.0001292784522994674
8200,2,8.417106343142559e-09,-1.112881574875147e-09,4.74174819663076e-09,-2.777165600804645e-07,1.869544009652528e-06,-1.155581849469647e-06,-2.319632297558111e-06,3.207565941462395e-06
8200,3,0,0,0,0,0,0,0,0
8250,0,-5.603064554779421e-06,1.15426060478973e-07,-6.365151097087285e-06,5.099187689624281e-05,-0.0009112014360613824,0.0001408331846351639,0.0002865223266708189,0.0009668966754359733
8250,1,-1.100031546247983e-06,2.785693375284489e-08,8.408905358775997e-07,-7.257971389104856e-09,4.148881613266891e-05,5.475678105404065e-05,0.0001095051290966416,0.0001292784522994674
8250,2,8.417106343142559e-09,-1.112881574875147e-09,4.74174819663076e-09,-2.777165600804645e-07,1.869544009652528e-06,-1.155581849469647e-06,-2.319632297558111e-06,3.207565941462395e-06
8250,3,0,0,0,0,0,0,0,0
8300,0,-5.603064554779421e-06,1.15426060478973e-07,-6.365151097087285e-06,5.099187689624281e-05,-0.0009112014360613824,0.0001408331846351639,0.0002865223266708189,0.0009668966754359733
8300,1,-1.100031546247983e-06,2.785693375284489e-08,8.408905358775997e-07,-7.257971389104856e-09,4.148881613266891e-05,5.475678105404065e-05,0.0001095051290966416,0.0001292784522994674
8300,2,8.417106343142559e-09,-1.112881574875147e-09,4.74174819663076e-09,-2.777165600804645e-07,1.869544009652528e-06,-1.155581849469647e-06,-2.319632297558111e-06,3.207565941462395e-06
8300,3,0,0,0,0,0,0,0,0
8350,0,-5.603064554779421e-06,1.15426060478973e-07,-6.365151097087285e-06,5.099187689624281e-05,-0.0009112014360613824,0.0001408331846351639,0.0002865223266708189,0.0009668966754359733
8350,1,-1.100031546247983e-06,2.785693375284489e-08,8.408905358775997e-07,-7.257971389104856e-09,4.148881613266891e-05,5.475678105404065e-05,0.0001095051290966416,0.0001292784522994674
8350,2,8.417106343142559e-09,-1.112881574875147e-09,4.74174819663076e-09,-2.777165600804645e-07,1.869544009652528e-06,-1.155581849469647e-06,-2.319632297558111e-06,3.207565941462395e-06
8350,3,0,0,0,0,0,0,0,0
8400,0,-5.603064554779421e-06,1.15426060478973e-07,-6.365151097087285e-06,5.099187689624281e-05,-0.0009112014360613824,0.0001408331846351639,0.0002865223266708189,0.0009668966754359733
8400,1,-1.100031546247983e-06,2.785693375284489e-08,8.408905358775997e-07,-7.257971389104856e-09,4.148881613266891e-05,5.475678105404065e-05,0.0001095051290966416,0.0001292784522994674
8400,2,8.417106343142559e-09,-1.112881574875147e-09,4.74174819663076e-09,-2.777165600804645e-07,1.869544009652528e-06,-1.155581849469647e-06,-2.319632297558111e-06,3.207565941462395e-06
8400,3,0,0,0,0,0,0,0,0
8450,0,-5.603064554779421e-06,1.15426060478973e-07,-6.365151097087285e-06,5.099187689624281e-05,-0.0009112014360613824,0.0001408331846351639,0.0002865223266708189,0.0009668966754359733
8450,1,-1.100031546247983e-06,2.785693375284489e-08,8.408905358775997e-07,-7.257971389104856e-09,4.148881613266891e-05,5.475678105404065e-05,0.0001095051290966416,0.0001292784522994674
8450,2,8.417106343142559e-09,-1.112881574875147e-09,4.74174819663076e-09,-2.777165600804645e-07,1.869544009652528e-06,-1.155581849469647e-06,-2.319632297558111e-06,3.207565941462395e-06
8450,3,0,0,0,0,0,0,0,0
8500,0,-5.603064554779421e-06,1.15426060478973e-07,-6.365151097087285e-06,5.099187689624281e-05,-0.0009112014360613824,0.0001408331846351639,0.0002865223266708189,0.0009668966754359733
8500,1,-1.100031546247983e-06,2.785693375284489e-08,8.408905358775997e-07,-7.257971389104856e-09,4.148881613266891e-05,5.475678105404065e-05,0.0001095051290966416,0.0001292784522994674
8500,2,8.417106343142559e-09,-1.112881574875147e-09,4.74174819663076e-09,-2.777165600804645e-07,1.869544009652528e-06,-1.155581849469647e-06,-2.319632297558111e-06,3.207565941462395e-06
8500,3,0,0,0,0,0,0,0,0
8550,0,-5.603064554779421e-06,1.15426060478973e-07,-6.365151097087285e-06,5.099187689624281e-05,-0.0009112014360613824,0.0001408331846351639,0.0002865223266708189,0.0009668966754359733
8550,1,-1.100031546247983e-06,2.785693375284489e-08,8.408905358775997e-07,-7.257971389104856e-09,4.148881613266891e-05,5.475678105404065e-05,0.0001095051290966416,0.0001292784522994674
8550,2,8.417106343142559e-09,-1.112881574875147e-09,4.74174819663076e-09,-2.777165600804645e-07,1.869544009652528e-06,-1.155581849469647e-06,-2.319632297558111e-06,3.207565941462395e-06
8550,3,0,0,0,0,0,0,0,0
8600,0,-5.603064554779421e-06,1.15426060478973e-07,-6.365151097087285e-06,5.099187689624281e-05,-0.0009112014360613824,0.0001408331846351639,0.0002865223266708189,0.0009668966754359733
8600,1,-1.100031546247983e-06,2.785693375284489e-08,8.408905358775997e-07,-7.257971389104856e-09,4.148881613266891e-05,5.475678105404065e-05,0.0001095051290966416,0.0001292784522994674
8600,2,8.417106343142559e-09,-1.112881574875147e-09,4.74174819663076e-09,-2.777165600804645e-07,1.869544009652528e-06,-1.155581849469647e-06,-2.319632297558111e-06,3.207565941462395e-06
8600,3,0,0,0,0,0,0,0,0
8650,0,-5.603064554779421e-06,1.15426060478973e-07,-6.365151097087285e-06,5.099187689624281e-05,-0.0009112014360613824,0.0001408331846351639,0.0002865223266708189,0.0009668966754359733
8650,1,-1.100031546247983e-06,2.785693375284489e-08,8.408905358775997e-07,-7.257971389104856e-09,4.148881613266891e-05,5.475678105404065e-05,0.0001095051290966416,0.0001292784522994674
8650,2,8.417106343142559e-09,-1.112881574875147e-09,4.74174819663076e-09,-2.777165600804645e-07,1.869544009652528e-06,-1.155581849469647e-06,-2.319632297558111e-06,3.207565941462395e-06
8650,3,0,0,0,0,0,0,0,0
8700,0,-5.603064554779421e-06,1.15426060478973e-07,-6.365151097087285e-06,5.099187689624281e-05,-0.0009112014360613824,0.0001408331846351639,0.0002865223266708189,0.0009668966754359733
8700,1,-1.100031546247983e-06,2.785693375284489e-08,8.408905358775997e-07,-7.257971389104856e-09,4.148881613266891e-05,5.475678105404065e-05,0.0001095051290966416,0.0001292784522994674
8700,2,8.417106343142559e-09,-1.112881574875147e-09,4.74174819663076e-09,-2.777165600804645e-07,1.869544009652528e-06,-1.155581849469647e-06,-2.319632297558111e-06,3.207565941462395e-06
8700,3,0,0,0,0,0,0,0,0
8750,0,-5.603064554779421e-06,1.15426060478973e-07,-6.365151097087285e-06,5.099187689624281e-05,-0.0009112014360613824,0.0001408331846351639,0.0002865223266708189,0.0009668966754359733
8750,1,-1.100031546247983e-06,2.785693375284489e-08,8.408905358775997e-07,-7.257971389104856e-09,4.148881613266891e-05,5.475678105404065e-05,0.0001095051290966416,0.0001292784522994674
8750,2,8.417106343142559e-09,-1.112881574875147e-09,4.74174819663076e-09,-2.777165600804645e-07,1.869544009652528e-06,-1.155581849469647e-06,-2.319632297558111e-06,3.207565941462395e-06
8750,3,0,0,0,0,0,0,0,0
8800,0,-5.603064554779421e-06,1.15426060478973e-07,-6.365151097087285e-06,5.099187689624281e-05,-0.0009112014360613824,0.0001408331846351639,0.0002865223266708189,0.0009668966754359733
8800,1,-1.100031546247983e-06,2.785693375284489e-08,8.408905358775997e-07,-7.257971389104856e-09,4.148881613266891e-05,5.475678105404065e-05,0.0001095051290966416,0.0001292784522994674
8800,2,8.417106343142559e-09,-1.112881574875147e-09,4.74174819663076e-09,-2.777165600804645e-07,1.869544009652528e-06,-1.155581849469647e-06,-2.319632297558111e-06,3.207565941462395e-06
8800,3,0,0,0,0,0,0,0,0
8850,0,-5.603064554779421e-06,1.15426060478973e-07,-6.365151097087285e-06,5.099187689624281e-05,-0.0009112014360613824,0.0001408331846351639,0.0002865223266708189,0.0009668966754359733
8850,1,-1.100031546247983e-06,2.785693375284489e-08,8.408905358775997e-07,-7.257971389104856e-09,4.148881613266891e-05,5.475678105404065e-05,0.0001095051290966416,0.0001292784522994674
8850,2,8.417106343142559e-09,-1.112881574875147e-09,4.74174819663076e-09,-2.777165600804645e-07,1.869544009652528e-06,-1.155581849469647e-06,-2.319632297558111e-06,3.207565941462395e-06
8850,3,0,0,0,0,0,0,0,0
8900,0,-5.603064554779421e-06,1.15426060478973e-07,-6.365151097087285e-06,5.099187689624281e-05,-0.0009112014360613824,0.0001408331846351639,0.0002865223266708189,0.0009668966754359733
8900,1,-1.100031546247983e-06,2.785693375284489e-08,8.408905358775997e-07,-7.257971389104856e-09,4.148881613266891e-05,5.475678105404065e-05,0.0001095051290966416,0.0001292784522994674
8900,2,8.417106343142559e-09,-1.112881574875147e-09,4.74174819663076e-09,-2.777165600804645e-07,1.869544009652528e-06,-1.155581849469647e-06,-2.319632297558111e-06,3.207565941462395e-06
8900,3,0,0,0,0,0,0,0,0
8950,0,-5.603064554779421e-06,1.15426060478973e-07,-6.365151097087285e-06,5.099187689624281e-05,-0.0009112014360613824,0.0001408331846351639,0.0002865223266708189,0.0009668966754359733
8950,1,-1.100031546247983e-06,2.785693375284489e-08,8.408905358775997e-07,-7.257971389104856e-09,4.148881613266891e-05,5.475678105404065e-05,0.0001095051290966416,0.0001292784522994674
8950,2,8.417106343142559e-09,-1.112881574875147e-09,4.74174819663076e-09,-2.777165600804645e-07,1.869544009652528e-06,-1.155581849469647e-06,-2.319632297558111e-06,3.207565941462395e-06
8950,3,0,0,0,0,0,0,0,0
9000,0,-5.603064554779421e-06,1.15426060478973e-07,-6.365151097087285e-06,5.099187689624281e-05,-0.0009112014360613824,0.0001408331846351639,0.0002865223266708189,0.0009668966754359733
9000,1,-1.100031546247983e-06,2.785693375284489e-08,8.408905358775997e-07,-7.257971389104856e-09,4.148881613266891e-05,5.475678105404065e-05,0.0001095051290966416,0.0001292784522994674
9000,2,8.417106343142559e-09,-1.112881574875147e-09,4.74174819663076e-09,-2.777165600804645e-07,1.869544009652528e-06,-1.155581849469647e-06,-2.319632297558111e-06,3.207565941462395e-06
9000,3,0,0,0,0,0,0,0,0
9050,0,-5.603064554779421e-06,1.15426060478973e-07,-6.365151097087285e-06,5.099187689624281e-05,-0.0009112014360613824,0.0001408331846351639,0.0002865223266708189,0.0009668966754359733
9050,1,-1.100031546247983e-06,2.785693375284489e-08,8.408905358775997e-07,-7.257971389104856e-09,4.148881613266891e-05,5.475678105404065e-05,0.0001095051290966416,0.0001292784522994674
9050,2,8.417106343142559e-09,-1.112881574875147e-09,4.74174819663076e-09,-2.777165600804645e-07,1.869544009652528e-06,-1.155581849469647e-06,-2.319632297558111e-06,3.207565941462395e-06
9050,3,0,0,0,0,0,0,0,0
9100,0,-5.603064554779421e-06,1.15426060478973e-07,-6.365151097087285e-06,5.099187689624281e-05,-0.0009112014360613824,0.0001408331846351639,0.0002865223266708189,0.0009668966754359733
9100,1,-1.100031546247983e-06,2.785693375284489e-08,8.408905358775997e-07,-7.257971389104856e-09,4.148881613266891e-05,5.475678105404065e-05,0.0001095051290966416,0.0001292784522994674
9100,2,8.417106343142559e-09,-1.112881574875147e-09,4.74174819663076e-09,-2.777165600804645e-07,1.869544009652528e-06,-1.155581849469647e-06,-2.319632297558111e-06,3.207565941462395e-06
9100,3,0,0,0,0,0,0,0,0
9150,0,-5.603064554779421e-06,1.15426060478973e-07,-6.365151097087285e-06,5.099187689624281e-05,-0.0009112014360613824,0.0001408331846351639,0.0002865223266708189,0.0009668966754359733
9150,1,-1.100031546247983e-06,2.785693375284489e-08,8.408905358775997e-07,-7.257971389104856e-09,4.148881613266891e-05,5.475678105404065e-05,0.0001095051290966416,0.0001292784522994674
9150,2,8.417106343142559e-09,-1.112881574875147e-09,4.74174819663076e-09,-2.777165600804645e-07,1.869544009652528e-06,-1.155581849469647e-06,-2.319632297558111e-06,3.207565941462395e-06
9150,3,0,0,0,0,0,0,0,0
9200,0,-5.603064554779421e-06,1.15426060478973e-07,-6.365151097087285e-06,5.099187689624281e-05,-0.0009112014360613824,0.0001408331846351639,0.0002865223266708189,0.0009668966754359733
9200,1,-1.100031546247983e-06,2.785693375284489e-08,8.408905358775997e-07,-7.257971389104856e-09,4.148881613266891e-05,5.475678105404065e-05,0.0001095051290966416,0.0001292784522994674
9200,2,8.417106343142559e-09,-1.112881574875147e-09,4.74174819663076e-09,-2.777165600804645e-07,1.869544009652528e-06,-1.155581849469647e-06,-2.319632297558111e-06,3.207565941462395e-06
9200,3,0,0,0,0,0,0,0,0
9250,0,-5.603064554779421e-06,1.15426060478973e-07,-6.365151097087285e-06,5.099187689624281e-05,-0.0009112014360613824,0.0001408331846351639,0.0002865223266708189,0.0009668966754359733
9250,1,-1.100031546247983e-06,2.785693375284489e-08,8.408905358775997e-07,-7.257971389104856e-09,4.148881613266891e-05,5.475678105404065e-05,0.0001095051290966416,0.0001292784522994674
9250,2,8.417106343142559e-09,-1.112881574875147e-09,4.74174819663076e-09,-2.777165600804645e-07,1.869544009652528e-06,-1.155581849469647e-06,-2.319632297558111e-06,3.207565941462395e-06
9250,3,0,0,0,0,0,0,0,0
9300,0,-5.603064554779421e-06,1.15426060478973e-07,-6.365151097087285e-06,5.099187689624281e-05,-0.0009112014360613824,0.0001408331846351639,0.0002865223266708189,0.0009668966754359733
9300,1,-1.100031546247983e-06,2.785693375284489e-08,8.408905358775997e-07,-7.257971389104856e-09,4.148881613266891e-05,5.475678105404065e-05,0.0001095051290966416,0.0001292784522994674
9300,2,8.417106343142559e-09,-1.112881574875147e-09,4.74174819663076e-09,-2.777165600804645e-07,1.869544009652528e-06,-1.155581849469647e-06,-2.319632297558111e-06,3.207565941462395e-06
9300,3,0,0,0,0,0,0,0,0
9350,0,-5.603064554779421e-06,1.15426060478973e-07,-6.365151097087285e-06,5.099187689624281e-05,-0.0009112014360613824,0.0001408331846351639,0.0002865223266708189,0.0009668966754359733
9350,1,-1.100031546247983e-06,2.785693375284489e-08,8.408905358775997e-07,-7.257971389104856e-09,4.148881613266891e-05,5.475678105404065e-05,0.0001095051290966416,0.0001292784522994674
9350,2,8.417106343142559e-09,-1.112881574875147e-09,4.74174819663076e-09,-2.777165600804645e-07,1.869544009652528e-06,-1.155581849469647e-06,-2.319632297558111e-06,3.207565941462395e-06
9350,3,0,0,0,0,0,0,0,0
9400,0,-5.603064554779421e-06,1.15426060478973e-07,-6.365151097087285e-06,5.099187689624281e-05,-0.0009112014360613824,0.0001408331846351639,0.0002865223266708189,0.0009668966754359733
9400,1,-1.100031546247983e-06,2.785693375284489e-08,8.408905358775997e-07,-7.257971389104856e-09,4.148881613266891e-05,5.475678105404065e-05,0.0001095051290966416,0.0001292784522994674
9400,2,8.417106343142559e-09,-1.112881574875147e-09,4.74174819663076e-09,-2.777165600804645e-07,1.869544009652528e-06,-1.155581849469647e-06,-2.319632297558111e-06,3.207565941462395e-06
9400,3,0,0,0,0,0,0,0,0
9450,0,-5.603064554779421e-06,1.15426060478973e-07,-6.365151097087285e-06,5.099187689624281e-05,-0.0009112014360613824,0.0001408331846351639,0.0002865223266708189,0.0009668966754359733
9450,1,-1.100031546247983e-06,2.785693375284489e-08,8.408905358775997e-07,-7.257971389104856e-09,4.148881613266891e-05,5.475678105404065e-05,0.0001095051290966416,0.0001292784522994674
9450,2,8.417106343142559e-09,-1.112881574875147e-09,4.74174819663076e-09,-2.777165600804645e-07,1.869544009652528e-06,-1.155581849469647e-06,-2.319632297558111e-06,3.207565941462395e-06
9450,3,0,0,0,0,0,0,0,0
9500,0,-5.603064554779421e-06,1.15426060478973e-07,-6.365151097087285e-06,5.099187689624281e-05,-0.0009112014360613824,0.0001408331846351639,0.0002865223266708189,0.0009668966754359733
9500,1,-1.100031546247983e-06,2.785693375284489e-08,8.408905358775997e-07,-7.257971389104856e-09,4.148881613266891e-05,5.475678105404065e-05,0.0001095051290966416,0.0001292784522994674
9500,2,8.417106343142559e-09,-1.112881574875147e-09,4.74174819663076e-09,-2.777165600804645e-07,1.869544009652528e-06,-1.155581849469647e-06,-2.319632297558111e-06,3.207565941462395e-06
9500,3,0,0,0,0,0,0,0,0
9550,0,-5.603064554779421e-06,1.15426060478973e-07,-6.365151097087285e-06,5.099187689624281e-05,-0.0009112014360613824,0.0001408331846351639,0.0002865223266708189,0.0009668966754359733
9550,1,-1.100031546247983e-06,2.785693375284489e-08,8.408905358775997e-07,-7.257971389104856e-09,4.148881613266891e-05,5.475678105404065e-05,0.0001095051290966416,0.0001292784522994674
9550,2,8.417106343142559e-09,-1.112881574875147e-09,4.74174819663076e-09,-2.777165600804645e-07,1.869544009652528e-06,-1.155581849469647e-06,-2.319632297558111e-06,3.207565941462395e-06
9550,3,0,0,0,0,0,0,0,0
9600,0,-5.603064554779421e-06,1.15426060478973e-07,-6.365151097087285e-06,5.099187689624281e-05,-0.0009112014360613824,0.0001408331846351639,0.0002865223266708189,0.0009668966754359733
9600,1,-1.100031546247983e-06,2.785693375284489e-08,8.408905358775997e-07,-7.257971389104856e-09,4.148881613266891e-05,5.475678105404065e-05,0.0001095051290966416,0.0001292784522994674
9600,2,8.417106343142559e-09,-1.112881574875147e-09,4.74174819663076e-09,-2.777165600804645e-07,1.869544009652528e-06,-1.155581849469647e-06,-2.319632297558111e-06,3.207565941462395e-06
9600,3,0,0,0,0,0,0,0,0
9650,0,-5.603064554779421e-06,1.15426060478973e-07,-6.365151097087285e-06,5.099187689624281e-05,-0.0009112014360613824,0.0001408331846351639,0.0002865223266708189,0.0009668966754359733
9650,1,-1.100031546247983e-06,2.785693375284489e-08,8.408905358775997e-07,-7.257971389104856e-09,4.148881613266891e-05,5.475678105404065e-05,0.0001095051290966416,0.0001292784522994674
9650,2,8.417106343142559e-09,-1.112881574875147e-09,4.74174819663076e-09,-2.777165600804645e-07,1.869544009652528e-06,-1.155581849469647e-06,-2.319632297558111e-06,3.207565941462395e-06
9650,3,0,0,0,0,0,0,0,0
9700,0,-5.603064554779421e-06,1.15426060478973e-07,-6.365151097087285e-06,5.099187689624281e-05,-0.0009112014360613824,0.0001408331846351639,0.0002865223266708189,0.0009668966754359733
9700,1,-1.100031546247983e-06,2.785693375284489e-08,8.408905358775997e-07,-7.257971389104856e-09,4.148881613266891e-05,5.475678105404065e-05,0.0001095051290966416,0.0001292784522994674
9700,2,8.417106343142559e-09,-1.112881574875147e-09,4.74174819663076e-09,-2.777165600804645e-07,1.869544009652528e-06,-1.155581849469647e-06,-2.319632297558111e-06,3.207565941462395e-06
9700,3,0,0,0,0,0,0,0,0
9750,0,-5.603064554779421e-06,1.15426060478973e-07,-6.365151097087285e-06,5.099187689624281e-05,-0.0009112014360613824,0.0001408331846351639,0.0002865223266708189,0.0009668966754359733
9750,1,-1.100031546247983e-06,2.785693375284489e-08,8.408905358775997e-07,-7.257971389104856e-09,4.148881613266891e-05,5.475678105404065e-05,0.0001095051290966416,0.0001292784522994674
9750,2,8.417106343142559e-09,-1.112881574875147e-09,4.74174819663076e-09,-2.777165600804645e-07,1.869544009652528e-06,-1.155581849469647e-06,-2.319632297558111e-06,3.207565941462395e-06
9750,3,0,0,0,0,0,0,0,0
9800,0,-5.603064554779421e-06,1.15426060478973e-07,-6.365151097087285e-06,5.099187689624281e-05,-0.0009112014360613824,0.0001408331846351639,0.0002865223266708189,0.0009668966754359733
9800,1,-1.100031546247983e-06,2.785693375284489e-08,8.408905358775997e-07,-7.257971389104856e-09,4.148881613266891e-05,5.475678105404065e-05,0.0001095051290966416,0.0001292784522994674
9800,2,8.417106343142559e-09,-1.112881574875147e-09,4.74174819663076e-09,-2.777165600804645e-07,1.869544009652528e-06,-1.155581849469647e-06,-2.319632297558111e-06,3.207565941462395e-06
9800,3,0,0,0,0,0,0,0,0
9850,0,-5.603064554779421e-06,1.15426060478973e-07,-6.365151097087285e-06,5.099187689624281e-05,-0.0009112014360613824,0.0001408331846351639,0.0002865223266708189,0.0009668966754359733
9850,1,-1.100031546247983e-06,2.785693375284489e-08,8.408905358775997e-07,-7.257971389104856e-09,4.148881613266891e-05,5.475678105404065e-05,0.0001095051290966416,0.0001292784522994674
9850,2,8.417106343142559e-09,-1.112881574875147e-09,4.74174819663076e-09,-2.777165600804645e-07,1.869544009652528e-06,-1.155581849469647e-06,-2.319632297558111e-06,3.207565941462395e-06
9850,3,0,0,0,0,0,0,0,0
9900,0,-5.603064554779421e-06,1.15426060478973e-07,-6.365151097087285e-06,5.099187689624281e-05,-0.0009112014360613824,0.0001408331846351639,0.0002865223266708189,0.0009668966754359733
9900,1,-1.100031546247983e-06,2.785693375284489e-08,8.408905358775997e-07,-7.257971389104856e-09,4.148881613266891e-05,5.475678105404065e-05,0.0001095051290966416,0.0001292784522994674
9900,2,8.417106343142559e-09,-1.112881574875147e-09,4.74174819663076e-09,-2.777165600804645e-07,1.869544009652528e-06,-1.155581849469647e-06,-2.319632297558111e-06,3.207565941462395e-06
9900,3,0,0,0,0,0,0,0,0
9950,0,-5.603064554779421e-06,1.15426060478973e-07,-6.365151097087285e-06,5.099187689624281e-05,-0.0009112014360613824,0.0001408331846351639,0.0002865223266708189,0.0009668966754359733
9950,1,-1.100031546247983e-06,2.785693375284489e-08,8.408905358775997e-07,-7.257971389104856e-09,4.148881613266891e-05,5.475678105404065e-05,0.0001095051290966416,0.0001292784522994674
9950,2,8.417106343142559e-09,-1.112881574875147e-09,4.74174819663076e-09,-2.777165600804645e-07,1.869544009652528e-06,-1.155581849469647e-06,-2.319632297558111e-06,3.207565941462395e-06
9950,3,0,0,0,0,0,0,0,0
10000,0,-5.603064554779421e-06,1.15426060478973e-07,-6.365151097087285e-06,5.099187689624281e-05,-0.0009112014360613824,0.0001408331846351639,0.0002865223266708189,0.0009668966754359733
10000,1,-1.100031546247983e-06,2.785693375284489e-08,8.408905358775997e-07,-7.257971389104856e-09,4.148881613266891e-05,5.475678105404065e-05,0.0001095051290966416,0.0001292784522994674
10000,2,8.417106343142559e-09,-1.112881574875147e-09,4.74174819663076e-09,-2.777165600804645e-07,1.869544009652528e-06,-1.155581849469647e-06,-2.319632297558111e-06,3.207565941462395e-06
10000,3,0,0,0,0,0,0,0,0
