time_seconds,generation,best_fitness,best_f1,best_f2
0.0000000000,0,0.0610661284,1452.8622984282,532.6192087491
0.0680720000,1,0.0582874157,1575.0276095752,485.0304837723
0.1316480000,2,0.0582874157,1575.0276095752,485.0304837723
0.1944317000,3,0.0582729914,1563.7956095752,486.2552721173
0.2547431000,4,0.0582729914,1563.7956095752,486.2552721173
0.3155767000,5,0.0582729914,1563.7956095752,486.2552721173
0.3755971000,6,0.0582729914,1563.7956095752,486.2552721173
0.4358078000,7,0.0580397551,1558.0356095752,484.2471462383
0.4966500000,8,0.0580397551,1558.0356095752,484.2471462383
0.5544246000,9,0.0580397551,1558.0356095752,484.2471462383
0.6128893000,10,0.0580397551,1558.0356095752,484.2471462383
0.6746560000,11,0.0580397551,1558.0356095752,484.2471462383
0.7363344000,12,0.0580397551,1558.0356095752,484.2471462383
0.7923159000,13,0.0580336871,1670.2227088211,470.2611667556
0.8507223000,14,0.0572728964,1668.4897855189,461.5953962606
0.9081600000,15,0.0572728964,1668.4897855189,461.5953962606
0.9658995000,16,0.0572728964,1668.4897855189,461.5953962606
1.0277902000,17,0.0572728964,1668.4897855189,461.5953962606
1.0866833000,18,0.0572728964,1668.4897855189,461.5953962606
1.1449643000,19,0.0572728964,1668.4897855189,461.5953962606
1.2031367000,20,0.0572728964,1668.4897855189,461.5953962606
1.2608840000,21,0.0572728964,1668.4897855189,461.5953962606
1.3176125000,22,0.0572728964,1668.4897855189,461.5953962606
1.3756348000,23,0.0572728964,1668.4897855189,461.5953962606
1.4342774000,24,0.0572563392,1668.4897855189,461.4021239051
1.4930862000,25,0.0572563392,1668.4897855189,461.4021239051
1.5503245000,26,0.0572563392,1668.4897855189,461.4021239051
1.6122018000,27,0.0572563392,1668.4897855189,461.4021239051
1.6759479000,28,0.0572563392,1668.4897855189,461.4021239051
1.7639341000,29,0.0572563392,1668.4897855189,461.4021239051
1.9103532000,30,0.0572563392,1668.4897855189,461.4021239051
2.0417750000,31,0.0572563392,1668.4897855189,461.4021239051
2.1648957000,32,0.0572563392,1668.4897855189,461.4021239051
2.2917209000,33,0.0572563392,1668.4897855189,461.4021239051
2.4179818000,34,0.0572563392,1668.4897855189,461.4021239051
2.5422159000,35,0.0572563392,1668.4897855189,461.4021239051
2.6613818000,36,0.0572563392,1668.4897855189,461.4021239051
2.7904521000,37,0.0572563392,1668.4897855189,461.4021239051
2.9154099000,38,0.0572563392,1668.4897855189,461.4021239051
3.0422130000,39,0.0572563392,1668.4897855189,461.4021239051
3.1581304000,40,0.0572563392,1668.4897855189,461.4021239051
3.2844152000,41,0.0572563392,1668.4897855189,461.4021239051
3.4087563000,42,0.0572563392,1668.4897855189,461.4021239051
3.5319217000,43,0.0572563392,1668.4897855189,461.4021239051
3.6521936000,44,0.0572563392,1668.4897855189,461.4021239051
3.7776611000,45,0.0572563392,1668.4897855189,461.4021239051
3.9014572000,46,0.0569298386,1675.5463254912,456.7156214625
4.0241316000,47,0.0569298386,1675.5463254912,456.7156214625
4.1409937000,48,0.0569298386,1675.5463254912,456.7156214625
4.2561309000,49,0.0569298386,1675.5463254912,456.7156214625
4.3835412000,50,0.0569298386,1675.5463254912,456.7156214625
4.5086760000,51,0.0569298386,1675.5463254912,456.7156214625
4.6315495000,52,0.0565907213,1664.7726122881,454.0934227523
4.7557617000,53,0.0565907213,1664.7726122881,454.0934227523
4.8783220000,54,0.0565907213,1664.7726122881,454.0934227523
5.0009271000,55,0.0565907213,1664.7726122881,454.0934227523
5.1240809000,56,0.0565907213,1664.7726122881,454.0934227523
5.2478211000,57,0.0565907213,1664.7726122881,454.0934227523
5.3728422000,58,0.0565907213,1664.7726122881,454.0934227523
5.4861524000,59,0.0565907213,1664.7726122881,454.0934227523
5.6054690000,60,0.0565907213,1664.7726122881,454.0934227523
5.7221136000,61,0.0565907213,1664.7726122881,454.0934227523
5.8419915000,62,0.0565907213,1664.7726122881,454.0934227523
5.9671439000,63,0.0565907213,1664.7726122881,454.0934227523
6.0871389000,64,0.0565907213,1664.7726122881,454.0934227523
6.2073324000,65,0.0565907213,1664.7726122881,454.0934227523
6.3281925000,66,0.0565907213,1664.7726122881,454.0934227523
6.4521248000,67,0.0565907213,1664.7726122881,454.0934227523
6.5800304000,68,0.0565907213,1664.7726122881,454.0934227523
6.7092874000,69,0.0565907213,1664.7726122881,454.0934227523
6.8313408000,70,0.0565602792,1669.2726122881,453.1799143683
6.9573682000,71,0.0565602792,1669.2726122881,453.1799143683
7.0763235000,72,0.0565602792,1669.2726122881,453.1799143683
7.1968140000,73,0.0565602792,1669.2726122881,453.1799143683
7.3165769000,74,0.0565602792,1669.2726122881,453.1799143683
7.4358205000,75,0.0565602792,1669.2726122881,453.1799143683
7.5518059000,76,0.0565602792,1669.2726122881,453.1799143683
7.6701680000,77,0.0565602792,1669.2726122881,453.1799143683
7.7940273000,78,0.0565602792,1669.2726122881,453.1799143683
7.9143664000,79,0.0565602792,1669.2726122881,453.1799143683
8.0352050000,80,0.0565602792,1669.2726122881,453.1799143683
8.1571578000,81,0.0565602792,1669.2726122881,453.1799143683
8.2764843000,82,0.0565602792,1669.2726122881,453.1799143683
8.3975126000,83,0.0565011386,1650.0270233377,454.8766949960
8.5113580000,84,0.0565011386,1650.0270233377,454.8766949960
8.6293374000,85,0.0565011386,1650.0270233377,454.8766949960
8.7629833000,86,0.0565011386,1650.0270233377,454.8766949960
8.8902235000,87,0.0565011386,1650.0270233377,454.8766949960
9.0156729000,88,0.0565011386,1650.0270233377,454.8766949960
9.1400570000,89,0.0565011386,1650.0270233377,454.8766949960
9.2590731000,90,0.0565011386,1650.0270233377,454.8766949960
9.3821511000,91,0.0565011386,1650.0270233377,454.8766949960
9.4999151000,92,0.0565011386,1650.0270233377,454.8766949960
9.6163183000,93,0.0565011386,1650.0270233377,454.8766949960
9.7358095000,94,0.0565011386,1650.0270233377,454.8766949960
9.8583887000,95,0.0565011386,1650.0270233377,454.8766949960
9.9873662000,96,0.0565011386,1650.0270233377,454.8766949960
10.1193514000,97,0.0565011386,1650.0270233377,454.8766949960
10.2645008000,98,0.0565011386,1650.0270233377,454.8766949960
10.3911670000,99,0.0565011386,1650.0270233377,454.8766949960
10.5084764000,100,0.0565011386,1650.0270233377,454.8766949960
10.6254995000,101,0.0565011386,1650.0270233377,454.8766949960
10.7459568000,102,0.0565011386,1650.0270233377,454.8766949960
10.8781238000,103,0.0565011386,1650.0270233377,454.8766949960
11.0091005000,104,0.0565011386,1650.0270233377,454.8766949960
11.1534958000,105,0.0565011386,1650.0270233377,454.8766949960
11.2887642000,106,0.0560082992,1671.8244115771,446.4201358739
11.4126833000,107,0.0560082992,1671.8244115771,446.4201358739
11.5341873000,108,0.0560082992,1671.8244115771,446.4201358739
11.6493117000,109,0.0560082992,1671.8244115771,446.4201358739
11.7741833000,110,0.0555497482,1611.9517855189,448.4937797024
11.8902007000,111,0.0555497482,1611.9517855189,448.4937797024
12.0102163000,112,0.0555497482,1611.9517855189,448.4937797024
12.1308532000,113,0.0555497482,1611.9517855189,448.4937797024
12.2441863000,114,0.0550853335,1611.9517855189,443.0726636634
12.3613742000,115,0.0550853335,1611.9517855189,443.0726636634
12.4812574000,116,0.0550853335,1611.9517855189,443.0726636634
12.6006521000,117,0.0550853335,1611.9517855189,443.0726636634
12.7183812000,118,0.0550853335,1611.9517855189,443.0726636634
12.8424966000,119,0.0550853335,1611.9517855189,443.0726636634
12.9681184000,120,0.0550853335,1611.9517855189,443.0726636634
13.0866692000,121,0.0550853335,1611.9517855189,443.0726636634
13.2085409000,122,0.0550853335,1611.9517855189,443.0726636634
13.3292272000,123,0.0550853335,1611.9517855189,443.0726636634
13.4557075000,124,0.0550096375,1600.5037855189,443.6090190830
13.5752511000,125,0.0550096375,1600.5037855189,443.6090190830
13.6968704000,126,0.0550096375,1600.5037855189,443.6090190830
13.8234877000,127,0.0550096375,1600.5037855189,443.6090190830
13.9479738000,128,0.0550096375,1600.5037855189,443.6090190830
14.0695186000,129,0.0550096375,1600.5037855189,443.6090190830
14.1868544000,130,0.0550096375,1600.5037855189,443.6090190830
14.3054509000,131,0.0550096375,1600.5037855189,443.6090190830
14.4298275000,132,0.0550096375,1600.5037855189,443.6090190830
14.5523881000,133,0.0550096375,1600.5037855189,443.6090190830
14.6758747000,134,0.0550096375,1600.5037855189,443.6090190830
14.8084945000,135,0.0550096375,1600.5037855189,443.6090190830
14.9309183000,136,0.0550096375,1600.5037855189,443.6090190830
15.0513817000,137,0.0550096375,1600.5037855189,443.6090190830
15.1698118000,138,0.0550096375,1600.5037855189,443.6090190830
15.2940170000,139,0.0550096375,1600.5037855189,443.6090190830
15.4234923000,140,0.0550096375,1600.5037855189,443.6090190830
15.5531346000,141,0.0550096375,1600.5037855189,443.6090190830
15.6812898000,142,0.0550096375,1600.5037855189,443.6090190830
15.8132261000,143,0.0550096375,1600.5037855189,443.6090190830
15.9384237000,144,0.0550096375,1600.5037855189,443.6090190830
16.0638796000,145,0.0550096375,1600.5037855189,443.6090190830
16.1901564000,146,0.0550096375,1600.5037855189,443.6090190830
16.3110215000,147,0.0550096375,1600.5037855189,443.6090190830
16.4352821000,148,0.0550096375,1600.5037855189,443.6090190830
16.5559176000,149,0.0550096375,1600.5037855189,443.6090190830
16.6686562000,150,0.0550096375,1600.5037855189,443.6090190830
16.7906355000,151,0.0550096375,1600.5037855189,443.6090190830
16.9133194000,152,0.0550096375,1600.5037855189,443.6090190830
17.0357958000,153,0.0550096375,1600.5037855189,443.6090190830
17.1523422000,154,0.0550096375,1600.5037855189,443.6090190830
17.2877372000,155,0.0550096375,1600.5037855189,443.6090190830
17.4045416000,156,0.0550096375,1600.5037855189,443.6090190830
17.5309547000,157,0.0550096375,1600.5037855189,443.6090190830
17.6538098000,158,0.0550096375,1600.5037855189,443.6090190830
17.7827335000,159,0.0550096375,1600.5037855189,443.6090190830
17.9085180000,160,0.0550096375,1600.5037855189,443.6090190830
18.0270011000,161,0.0550096375,1600.5037855189,443.6090190830
18.1532501000,162,0.0550096375,1600.5037855189,443.6090190830
18.2769700000,163,0.0550096375,1600.5037855189,443.6090190830
18.3981753000,164,0.0550096375,1600.5037855189,443.6090190830
18.5210026000,165,0.0550096375,1600.5037855189,443.6090190830
18.6363273000,166,0.0550096375,1600.5037855189,443.6090190830
18.7586240000,167,0.0550096375,1600.5037855189,443.6090190830
18.8759717000,168,0.0550096375,1600.5037855189,443.6090190830
18.9926964000,169,0.0550096375,1600.5037855189,443.6090190830
19.1077358000,170,0.0547936589,1600.5037855189,441.0878990102
19.2270919000,171,0.0547936589,1600.5037855189,441.0878990102
19.3741529000,172,0.0547936589,1600.5037855189,441.0878990102
19.4938731000,173,0.0547936589,1600.5037855189,441.0878990102
19.6122315000,174,0.0547936589,1600.5037855189,441.0878990102
19.7318348000,175,0.0547936589,1600.5037855189,441.0878990102
19.8598495000,176,0.0547936589,1600.5037855189,441.0878990102
19.9868669000,177,0.0547936589,1600.5037855189,441.0878990102
20.1063280000,178,0.0547936589,1600.5037855189,441.0878990102
20.2331041000,179,0.0547936589,1600.5037855189,441.0878990102
20.3519711000,180,0.0547936589,1600.5037855189,441.0878990102
20.4774973000,181,0.0547936589,1600.5037855189,441.0878990102
20.6008876000,182,0.0547936589,1600.5037855189,441.0878990102
20.7216681000,183,0.0547936589,1600.5037855189,441.0878990102
20.8490290000,184,0.0547936589,1600.5037855189,441.0878990102
20.9787458000,185,0.0547903858,1600.5037855189,441.0496924812
21.1075790000,186,0.0547903858,1600.5037855189,441.0496924812
21.2287752000,187,0.0547903858,1600.5037855189,441.0496924812
21.3512873000,188,0.0547903858,1600.5037855189,441.0496924812
21.4795868000,189,0.0547903858,1600.5037855189,441.0496924812
21.6045200000,190,0.0547903858,1600.5037855189,441.0496924812
21.7234958000,191,0.0547903858,1600.5037855189,441.0496924812
21.8525445000,192,0.0547903858,1600.5037855189,441.0496924812
21.9802924000,193,0.0547903858,1600.5037855189,441.0496924812
22.1107012000,194,0.0547903858,1600.5037855189,441.0496924812
22.2358557000,195,0.0547903858,1600.5037855189,441.0496924812
22.3596399000,196,0.0547903858,1600.5037855189,441.0496924812
22.4843278000,197,0.0547903858,1600.5037855189,441.0496924812
22.6049809000,198,0.0547903858,1600.5037855189,441.0496924812
22.7314463000,199,0.0547903858,1600.5037855189,441.0496924812
22.8569802000,200,0.0547853061,1600.5037855189,440.9903975251
22.9807325000,201,0.0540971164,1444.9910134576,452.2462105334
23.1056403000,202,0.0540971164,1444.9910134576,452.2462105334
23.2197000000,203,0.0540971164,1444.9910134576,452.2462105334
23.3417343000,204,0.0540971164,1444.9910134576,452.2462105334
23.4666748000,205,0.0540971164,1444.9910134576,452.2462105334
23.5961184000,206,0.0540903134,1443.2812521463,452.3788695311
23.7171013000,207,0.0540903134,1443.2812521463,452.3788695311
23.8460166000,208,0.0540903134,1443.2812521463,452.3788695311
23.9689760000,209,0.0540903134,1443.2812521463,452.3788695311
24.0961634000,210,0.0540903134,1443.2812521463,452.3788695311
24.2218233000,211,0.0540903134,1443.2812521463,452.3788695311
24.3479488000,212,0.0540903134,1443.2812521463,452.3788695311
24.4749884000,213,0.0540903134,1443.2812521463,452.3788695311
24.5969920000,214,0.0540903134,1443.2812521463,452.3788695311
24.7197158000,215,0.0540903134,1443.2812521463,452.3788695311
24.8493568000,216,0.0540903134,1443.2812521463,452.3788695311
24.9699703000,217,0.0540903134,1443.2812521463,452.3788695311
25.0925829000,218,0.0540903134,1443.2812521463,452.3788695311
25.2108855000,219,0.0540903134,1443.2812521463,452.3788695311
25.3372329000,220,0.0540903134,1443.2812521463,452.3788695311
25.4642719000,221,0.0540903134,1443.2812521463,452.3788695311
25.5841501000,222,0.0540903134,1443.2812521463,452.3788695311
25.7052008000,223,0.0540903134,1443.2812521463,452.3788695311
25.8269725000,224,0.0540903134,1443.2812521463,452.3788695311
25.9503521000,225,0.0540903134,1443.2812521463,452.3788695311
26.0675588000,226,0.0540903134,1443.2812521463,452.3788695311
26.1933461000,227,0.0540903134,1443.2812521463,452.3788695311
26.3172633000,228,0.0540903134,1443.2812521463,452.3788695311
26.4422452000,229,0.0540903134,1443.2812521463,452.3788695311
26.5714657000,230,0.0540716876,1443.2812521463,452.1614506443
26.6973756000,231,0.0540639615,1444.9910134576,451.8591930770
26.8217248000,232,0.0540639615,1444.9910134576,451.8591930770
26.9468711000,233,0.0540639615,1444.9910134576,451.8591930770
27.0728842000,234,0.0539692601,1444.9910134576,450.7537434964
27.1938063000,235,0.0539692601,1444.9910134576,450.7537434964
27.3144477000,236,0.0539692601,1444.9910134576,450.7537434964
27.4396143000,237,0.0539692601,1444.9910134576,450.7537434964
27.5657002000,238,0.0539692601,1444.9910134576,450.7537434964
27.6893908000,239,0.0539692601,1444.9910134576,450.7537434964
27.8177444000,240,0.0539692601,1444.9910134576,450.7537434964
27.9362856000,241,0.0539692601,1444.9910134576,450.7537434964
28.0570062000,242,0.0539692601,1444.9910134576,450.7537434964
28.1800963000,243,0.0539692601,1444.9910134576,450.7537434964
28.3004724000,244,0.0539692601,1444.9910134576,450.7537434964
28.4271143000,245,0.0539692601,1444.9910134576,450.7537434964
28.5576958000,246,0.0539692601,1444.9910134576,450.7537434964
28.6824970000,247,0.0539692601,1444.9910134576,450.7537434964
28.8412701000,248,0.0539692601,1444.9910134576,450.7537434964
28.9686375000,249,0.0539692601,1444.9910134576,450.7537434964
29.0944997000,250,0.0539692601,1444.9910134576,450.7537434964
29.2174577000,251,0.0539692601,1444.9910134576,450.7537434964
29.3441192000,252,0.0539692601,1444.9910134576,450.7537434964
29.4682050000,253,0.0539692601,1444.9910134576,450.7537434964
29.5902770000,254,0.0539692601,1444.9910134576,450.7537434964
29.7153126000,255,0.0539692601,1444.9910134576,450.7537434964
29.8470801000,256,0.0539692601,1444.9910134576,450.7537434964
29.9773940000,257,0.0539692601,1444.9910134576,450.7537434964
30.1071547000,258,0.0539692601,1444.9910134576,450.7537434964
30.2395418000,259,0.0539692601,1444.9910134576,450.7537434964
30.3683754000,260,0.0539692601,1444.9910134576,450.7537434964
30.4981201000,261,0.0539692601,1444.9910134576,450.7537434964
30.6344832000,262,0.0539692601,1444.9910134576,450.7537434964
30.7729886000,263,0.0539692601,1444.9910134576,450.7537434964
30.9081452000,264,0.0539692601,1444.9910134576,450.7537434964
31.0313615000,265,0.0539692601,1444.9910134576,450.7537434964
31.1511983000,266,0.0539692601,1444.9910134576,450.7537434964
31.2773934000,267,0.0539692601,1444.9910134576,450.7537434964
31.4028997000,268,0.0539692601,1444.9910134576,450.7537434964
31.5266441000,269,0.0539692601,1444.9910134576,450.7537434964
31.6453202000,270,0.0539692601,1444.9910134576,450.7537434964
31.7747959000,271,0.0539692601,1444.9910134576,450.7537434964
31.9004056000,272,0.0539692601,1444.9910134576,450.7537434964
32.0188025000,273,0.0539692601,1444.9910134576,450.7537434964
32.1380103000,274,0.0539692601,1444.9910134576,450.7537434964
32.2588025000,275,0.0539692601,1444.9910134576,450.7537434964
32.3813091000,276,0.0539692601,1444.9910134576,450.7537434964
32.5065358000,277,0.0539692601,1444.9910134576,450.7537434964
32.6301426000,278,0.0539692601,1444.9910134576,450.7537434964
32.7534968000,279,0.0539692601,1444.9910134576,450.7537434964
32.8774296000,280,0.0539692601,1444.9910134576,450.7537434964
33.0008527000,281,0.0539692601,1444.9910134576,450.7537434964
33.1292429000,282,0.0539692601,1444.9910134576,450.7537434964
33.2435009000,283,0.0539692601,1444.9910134576,450.7537434964
33.3606628000,284,0.0539692601,1444.9910134576,450.7537434964
33.4893384000,285,0.0539692601,1444.9910134576,450.7537434964
33.6197474000,286,0.0539692601,1444.9910134576,450.7537434964
33.7422931000,287,0.0539692601,1444.9910134576,450.7537434964
33.8622969000,288,0.0539692601,1444.9910134576,450.7537434964
33.9830346000,289,0.0539692601,1444.9910134576,450.7537434964
34.1043613000,290,0.0539692601,1444.9910134576,450.7537434964
34.2295523000,291,0.0539692601,1444.9910134576,450.7537434964
34.3491815000,292,0.0539692601,1444.9910134576,450.7537434964
34.4671197000,293,0.0539692601,1444.9910134576,450.7537434964
34.6050900000,294,0.0539692601,1444.9910134576,450.7537434964
34.7215534000,295,0.0539692601,1444.9910134576,450.7537434964
34.8448323000,296,0.0539692601,1444.9910134576,450.7537434964
34.9714270000,297,0.0539692601,1444.9910134576,450.7537434964
35.1011627000,298,0.0539692601,1444.9910134576,450.7537434964
35.2313476000,299,0.0539692601,1444.9910134576,450.7537434964
35.3525795000,300,0.0539692601,1444.9910134576,450.7537434964
35.4761701000,301,0.0539692601,1444.9910134576,450.7537434964
35.5974638000,302,0.0539692601,1444.9910134576,450.7537434964
35.7182619000,303,0.0539692601,1444.9910134576,450.7537434964
35.8362637000,304,0.0539692601,1444.9910134576,450.7537434964
35.9541863000,305,0.0539692601,1444.9910134576,450.7537434964
36.0771138000,306,0.0539692601,1444.9910134576,450.7537434964
36.1968027000,307,0.0539692601,1444.9910134576,450.7537434964
36.3181300000,308,0.0539692601,1444.9910134576,450.7537434964
36.4424478000,309,0.0539692601,1444.9910134576,450.7537434964
36.5678223000,310,0.0539692601,1444.9910134576,450.7537434964
36.6883702000,311,0.0539692601,1444.9910134576,450.7537434964
36.8145286000,312,0.0539692601,1444.9910134576,450.7537434964
36.9356353000,313,0.0539692601,1444.9910134576,450.7537434964
37.0565902000,314,0.0539692601,1444.9910134576,450.7537434964
37.1767344000,315,0.0539692601,1444.9910134576,450.7537434964
37.2999846000,316,0.0539692601,1444.9910134576,450.7537434964
37.4279275000,317,0.0539692601,1444.9910134576,450.7537434964
37.5529050000,318,0.0539692601,1444.9910134576,450.7537434964
37.6732253000,319,0.0539692601,1444.9910134576,450.7537434964
37.7981406000,320,0.0539692601,1444.9910134576,450.7537434964
37.9245237000,321,0.0539692601,1444.9910134576,450.7537434964
38.0513838000,322,0.0539692601,1444.9910134576,450.7537434964
38.1695600000,323,0.0539692601,1444.9910134576,450.7537434964
38.3039762000,324,0.0539692601,1444.9910134576,450.7537434964
38.4319429000,325,0.0539692601,1444.9910134576,450.7537434964
38.5568126000,326,0.0539692601,1444.9910134576,450.7537434964
38.6806194000,327,0.0539692601,1444.9910134576,450.7537434964
38.8054325000,328,0.0539692601,1444.9910134576,450.7537434964
38.9258534000,329,0.0539692601,1444.9910134576,450.7537434964
39.0417258000,330,0.0539692601,1444.9910134576,450.7537434964
39.1603304000,331,0.0539692601,1444.9910134576,450.7537434964
39.2775621000,332,0.0539692601,1444.9910134576,450.7537434964
39.3925061000,333,0.0539692601,1444.9910134576,450.7537434964
39.5159623000,334,0.0539692601,1444.9910134576,450.7537434964
39.6419661000,335,0.0539692601,1444.9910134576,450.7537434964
39.7813521000,336,0.0539692601,1444.9910134576,450.7537434964
39.9091294000,337,0.0539692601,1444.9910134576,450.7537434964
40.0298533000,338,0.0539692601,1444.9910134576,450.7537434964
40.1515121000,339,0.0539692601,1444.9910134576,450.7537434964
40.2703097000,340,0.0539692601,1444.9910134576,450.7537434964
40.3888707000,341,0.0539692601,1444.9910134576,450.7537434964
40.5055362000,342,0.0539692601,1444.9910134576,450.7537434964
40.6268299000,343,0.0539692601,1444.9910134576,450.7537434964
40.7504756000,344,0.0539692601,1444.9910134576,450.7537434964
40.8751386000,345,0.0539692601,1444.9910134576,450.7537434964
40.9952717000,346,0.0538193671,1444.9910134576,449.0040410706
41.1139378000,347,0.0538193671,1444.9910134576,449.0040410706
41.2385596000,348,0.0538193671,1444.9910134576,449.0040410706
41.3554423000,349,0.0538193671,1444.9910134576,449.0040410706
41.4727355000,350,0.0538193671,1444.9910134576,449.0040410706
41.5970461000,351,0.0538193671,1444.9910134576,449.0040410706
41.7217168000,352,0.0538193671,1444.9910134576,449.0040410706
41.8518334000,353,0.0538193671,1444.9910134576,449.0040410706
41.9726226000,354,0.0538156269,1444.9910134576,448.9603815014
42.0925789000,355,0.0538156269,1444.9910134576,448.9603815014
42.2110941000,356,0.0538074927,1444.9910134576,448.8654306439
42.3313985000,357,0.0538074927,1444.9910134576,448.8654306439
42.4449788000,358,0.0538074927,1444.9910134576,448.8654306439
42.5623431000,359,0.0538074927,1444.9910134576,448.8654306439
42.6810864000,360,0.0538074927,1444.9910134576,448.8654306439
42.7987770000,361,0.0538074927,1444.9910134576,448.8654306439
42.9099284000,362,0.0538074927,1444.9910134576,448.8654306439
43.0243257000,363,0.0538074927,1444.9910134576,448.8654306439
43.1369280000,364,0.0538074927,1444.9910134576,448.8654306439
43.2456884000,365,0.0538074927,1444.9910134576,448.8654306439
43.3594587000,366,0.0538074927,1444.9910134576,448.8654306439
43.4682209000,367,0.0538074927,1444.9910134576,448.8654306439
43.5895573000,368,0.0538074927,1444.9910134576,448.8654306439
43.7103281000,369,0.0538074927,1444.9910134576,448.8654306439
43.8285226000,370,0.0538074927,1444.9910134576,448.8654306439
43.9447516000,371,0.0537833562,1444.9910134576,448.5836851772
44.0595265000,372,0.0537833562,1444.9910134576,448.5836851772
44.1778348000,373,0.0537833562,1444.9910134576,448.5836851772
44.2927679000,374,0.0537833562,1444.9910134576,448.5836851772
44.4034342000,375,0.0537833562,1444.9910134576,448.5836851772
44.5130288000,376,0.0537833562,1444.9910134576,448.5836851772
44.6268306000,377,0.0537833562,1444.9910134576,448.5836851772
44.7377315000,378,0.0536584788,1499.8578797417,440.3205694198
44.8516865000,379,0.0536584788,1499.8578797417,440.3205694198
44.9538543000,380,0.0536584788,1499.8578797417,440.3205694198
45.0587671000,381,0.0536584788,1499.8578797417,440.3205694198
45.1687437000,382,0.0536584788,1499.8578797417,440.3205694198
45.2716773000,383,0.0536584788,1499.8578797417,440.3205694198
45.3758444000,384,0.0536584788,1499.8578797417,440.3205694198
45.4808121000,385,0.0536584788,1499.8578797417,440.3205694198
45.5906232000,386,0.0536584788,1499.8578797417,440.3205694198
45.7007486000,387,0.0536584788,1499.8578797417,440.3205694198
45.8180203000,388,0.0536584788,1499.8578797417,440.3205694198
45.9287544000,389,0.0536584788,1499.8578797417,440.3205694198
46.0324615000,390,0.0536584788,1499.8578797417,440.3205694198
46.1449910000,391,0.0536584788,1499.8578797417,440.3205694198
46.2544478000,392,0.0536584788,1499.8578797417,440.3205694198
46.3642527000,393,0.0536584788,1499.8578797417,440.3205694198
46.4684977000,394,0.0536584788,1499.8578797417,440.3205694198
46.6052617000,395,0.0536584788,1499.8578797417,440.3205694198
46.7210635000,396,0.0536584788,1499.8578797417,440.3205694198
46.8351704000,397,0.0536584788,1499.8578797417,440.3205694198
46.9740390000,398,0.0536584788,1499.8578797417,440.3205694198
47.0814828000,399,0.0536584788,1499.8578797417,440.3205694198
47.1871096000,400,0.0535728765,1442.7950134576,446.3991358120
47.2928286000,401,0.0535728765,1442.7950134576,446.3991358120
47.3961696000,402,0.0535728765,1442.7950134576,446.3991358120
47.5026711000,403,0.0535728765,1442.7950134576,446.3991358120
47.6034653000,404,0.0535728765,1442.7950134576,446.3991358120
47.7148609000,405,0.0535728765,1442.7950134576,446.3991358120
47.8266931000,406,0.0535728765,1442.7950134576,446.3991358120
47.9331771000,407,0.0535728765,1442.7950134576,446.3991358120
48.0361367000,408,0.0535231388,1442.7950134576,445.8185483486
48.1428603000,409,0.0535231388,1442.7950134576,445.8185483486
48.2479869000,410,0.0535231388,1442.7950134576,445.8185483486
48.3562220000,411,0.0535231388,1442.7950134576,445.8185483486
48.4628072000,412,0.0535231388,1442.7950134576,445.8185483486
48.5683170000,413,0.0535231388,1442.7950134576,445.8185483486
48.6765430000,414,0.0532076221,1444.9910134576,441.8631380990
48.7896045000,415,0.0532076221,1444.9910134576,441.8631380990
48.8951842000,416,0.0532076221,1444.9910134576,441.8631380990
49.0042158000,417,0.0532076221,1444.9910134576,441.8631380990
49.1096177000,418,0.0532076221,1444.9910134576,441.8631380990
49.2146237000,419,0.0532076221,1444.9910134576,441.8631380990
49.3165229000,420,0.0532076221,1444.9910134576,441.8631380990
49.4180728000,421,0.0532076221,1444.9910134576,441.8631380990
49.5224220000,422,0.0532076221,1444.9910134576,441.8631380990
49.6245614000,423,0.0532076221,1444.9910134576,441.8631380990
49.7376407000,424,0.0532076221,1444.9910134576,441.8631380990
49.8483588000,425,0.0532076221,1444.9910134576,441.8631380990
49.9556486000,426,0.0532076221,1444.9910134576,441.8631380990
50.0569921000,427,0.0532076221,1444.9910134576,441.8631380990
50.1574021000,428,0.0531931716,1444.9910134576,441.6944578042
50.2626859000,429,0.0531931716,1444.9910134576,441.6944578042
50.3705014000,430,0.0531931716,1444.9910134576,441.6944578042
50.4790583000,431,0.0531931716,1444.9910134576,441.6944578042
50.5885692000,432,0.0531931716,1444.9910134576,441.6944578042
50.6944637000,433,0.0531906004,1444.9910134576,441.6644437710
50.8060736000,434,0.0531906004,1444.9910134576,441.6644437710
50.9125089000,435,0.0531906004,1444.9910134576,441.6644437710
51.0144212000,436,0.0531906004,1444.9910134576,441.6644437710
51.1144954000,437,0.0531906004,1444.9910134576,441.6644437710
51.2129507000,438,0.0531906004,1444.9910134576,441.6644437710
51.3188021000,439,0.0531906004,1444.9910134576,441.6644437710
51.4198870000,440,0.0531805851,1444.9910134576,441.5475349071
51.5195013000,441,0.0531805851,1444.9910134576,441.5475349071
51.6210733000,442,0.0531035196,1444.9910134576,440.6479491526
51.7287929000,443,0.0531035196,1444.9910134576,440.6479491526
51.8373923000,444,0.0531035196,1444.9910134576,440.6479491526
51.9418558000,445,0.0531035196,1444.9910134576,440.6479491526
52.0489926000,446,0.0531035196,1444.9910134576,440.6479491526
52.1487594000,447,0.0531035196,1444.9910134576,440.6479491526
52.2527359000,448,0.0531035196,1444.9910134576,440.6479491526
52.3589499000,449,0.0531035196,1444.9910134576,440.6479491526
52.4639831000,450,0.0531035196,1444.9910134576,440.6479491526
52.5703412000,451,0.0531035196,1444.9910134576,440.6479491526
52.6724324000,452,0.0531035196,1444.9910134576,440.6479491526
52.7797071000,453,0.0531035196,1444.9910134576,440.6479491526
52.8860658000,454,0.0531035196,1444.9910134576,440.6479491526
52.9827698000,455,0.0531035196,1444.9910134576,440.6479491526
53.0848059000,456,0.0531035196,1444.9910134576,440.6479491526
53.1901347000,457,0.0531035196,1444.9910134576,440.6479491526
53.2966040000,458,0.0531035196,1444.9910134576,440.6479491526
53.3991765000,459,0.0531035196,1444.9910134576,440.6479491526
53.5025735000,460,0.0531035196,1444.9910134576,440.6479491526
53.6043981000,461,0.0531035196,1444.9910134576,440.6479491526
53.7168668000,462,0.0531035196,1444.9910134576,440.6479491526
53.8281331000,463,0.0531035196,1444.9910134576,440.6479491526
53.9392681000,464,0.0531035196,1444.9910134576,440.6479491526
54.0435759000,465,0.0531035196,1444.9910134576,440.6479491526
54.1440192000,466,0.0531002779,1444.9910134576,440.6101094523
54.2470157000,467,0.0531002779,1444.9910134576,440.6101094523
54.3543212000,468,0.0531002779,1444.9910134576,440.6101094523
54.4559655000,469,0.0530982489,1444.9910134576,440.5864248748
54.5624872000,470,0.0530982489,1444.9910134576,440.5864248748
54.6638353000,471,0.0530982489,1444.9910134576,440.5864248748
54.7784815000,472,0.0530982489,1444.9910134576,440.5864248748
54.8877045000,473,0.0530857561,1444.9910134576,440.4405963466
54.9946086000,474,0.0530857561,1444.9910134576,440.4405963466
55.0946202000,475,0.0530857561,1444.9910134576,440.4405963466
55.2040308000,476,0.0530857561,1444.9910134576,440.4405963466
55.3024344000,477,0.0530857561,1444.9910134576,440.4405963466
55.4044617000,478,0.0524419209,1444.9910134576,432.9251041321
55.5070255000,479,0.0524419209,1444.9910134576,432.9251041321
55.6077462000,480,0.0524419209,1444.9910134576,432.9251041321
55.7109825000,481,0.0524419209,1444.9910134576,432.9251041321
55.8190530000,482,0.0524419209,1444.9910134576,432.9251041321
55.9281573000,483,0.0524419209,1444.9910134576,432.9251041321
56.0306004000,484,0.0524419209,1444.9910134576,432.9251041321
56.1337247000,485,0.0524419209,1444.9910134576,432.9251041321
56.2372519000,486,0.0524419209,1444.9910134576,432.9251041321
56.3480257000,487,0.0524419209,1444.9910134576,432.9251041321
56.4557449000,488,0.0524419209,1444.9910134576,432.9251041321
56.5668367000,489,0.0524419209,1444.9910134576,432.9251041321
56.6702890000,490,0.0524419209,1444.9910134576,432.9251041321
56.7787469000,491,0.0524419209,1444.9910134576,432.9251041321
56.8891443000,492,0.0524419209,1444.9910134576,432.9251041321
57.0012773000,493,0.0524419209,1444.9910134576,432.9251041321
57.1095957000,494,0.0524419209,1444.9910134576,432.9251041321
57.2161594000,495,0.0524419209,1444.9910134576,432.9251041321
57.3202986000,496,0.0524419209,1444.9910134576,432.9251041321
57.4243353000,497,0.0524419209,1444.9910134576,432.9251041321
57.5308791000,498,0.0524419209,1444.9910134576,432.9251041321
57.6459030000,499,0.0524419209,1444.9910134576,432.9251041321
57.7679975000,500,0.0524419209,1444.9910134576,432.9251041321
57.8748822000,501,0.0524419209,1444.9910134576,432.9251041321
57.9766652000,502,0.0524419209,1444.9910134576,432.9251041321
58.0775386000,503,0.0524419209,1444.9910134576,432.9251041321
58.1797133000,504,0.0524419209,1444.9910134576,432.9251041321
58.2792913000,505,0.0524419209,1444.9910134576,432.9251041321
58.3858697000,506,0.0524419209,1444.9910134576,432.9251041321
58.4881677000,507,0.0524419209,1444.9910134576,432.9251041321
58.5892408000,508,0.0524419209,1444.9910134576,432.9251041321
58.6987517000,509,0.0524419209,1444.9910134576,432.9251041321
58.8063241000,510,0.0524419209,1444.9910134576,432.9251041321
58.9111471000,511,0.0524419209,1444.9910134576,432.9251041321
59.0081135000,512,0.0524419209,1444.9910134576,432.9251041321
59.1110754000,513,0.0524419209,1444.9910134576,432.9251041321
59.2138917000,514,0.0524419209,1444.9910134576,432.9251041321
59.3190114000,515,0.0524419209,1444.9910134576,432.9251041321
59.4243905000,516,0.0524419209,1444.9910134576,432.9251041321
59.5239542000,517,0.0524419209,1444.9910134576,432.9251041321
59.6259282000,518,0.0524419209,1444.9910134576,432.9251041321
59.7274663000,519,0.0524419209,1444.9910134576,432.9251041321
59.8324737000,520,0.0524419209,1444.9910134576,432.9251041321
59.9428014000,521,0.0524419209,1444.9910134576,432.9251041321
60.0516397000,522,0.0524419209,1444.9910134576,432.9251041321
60.1548393000,523,0.0524419209,1444.9910134576,432.9251041321
60.2588335000,524,0.0524419209,1444.9910134576,432.9251041321
60.3684297000,525,0.0524419209,1444.9910134576,432.9251041321
60.4787935000,526,0.0524419209,1444.9910134576,432.9251041321
60.5846580000,527,0.0524419209,1444.9910134576,432.9251041321
60.6883374000,528,0.0524419209,1444.9910134576,432.9251041321
60.8126594000,529,0.0524419209,1444.9910134576,432.9251041321
60.9205488000,530,0.0524419209,1444.9910134576,432.9251041321
61.0238347000,531,0.0524419209,1444.9910134576,432.9251041321
61.1246675000,532,0.0524419209,1444.9910134576,432.9251041321
61.2291185000,533,0.0524419209,1444.9910134576,432.9251041321
61.3354999000,534,0.0524419209,1444.9910134576,432.9251041321
61.4405105000,535,0.0524260619,1444.9910134576,432.7399819804
61.5502255000,536,0.0524260619,1444.9910134576,432.7399819804
61.6534380000,537,0.0524260619,1444.9910134576,432.7399819804
61.7601800000,538,0.0524260619,1444.9910134576,432.7399819804
61.8652003000,539,0.0524260619,1444.9910134576,432.7399819804
61.9703285000,540,0.0524260619,1444.9910134576,432.7399819804
62.0721949000,541,0.0523960026,1444.9910134576,432.3891001048
62.1733033000,542,0.0523761298,1444.9910134576,432.1571240885
62.2782340000,543,0.0523761298,1444.9910134576,432.1571240885
62.3845283000,544,0.0523761298,1444.9910134576,432.1571240885
62.4895339000,545,0.0523761298,1444.9910134576,432.1571240885
62.5966077000,546,0.0523761298,1444.9910134576,432.1571240885
62.6961055000,547,0.0523761298,1444.9910134576,432.1571240885
62.8037264000,548,0.0523761298,1444.9910134576,432.1571240885
62.9065387000,549,0.0523703616,1444.9910134576,432.0897923695
63.0092350000,550,0.0523703616,1444.9910134576,432.0897923695
63.1132196000,551,0.0523703616,1444.9910134576,432.0897923695
63.2121135000,552,0.0523564825,1444.9910134576,431.9277816866
63.3174758000,553,0.0523564825,1444.9910134576,431.9277816866
63.4234033000,554,0.0523564825,1444.9910134576,431.9277816866
63.5293564000,555,0.0523564825,1444.9910134576,431.9277816866
63.6338572000,556,0.0523564825,1444.9910134576,431.9277816866
63.7408054000,557,0.0523343639,1444.9910134576,431.6695901935
63.8524668000,558,0.0523343639,1444.9910134576,431.6695901935
63.9665352000,559,0.0523343639,1444.9910134576,431.6695901935
64.0732101000,560,0.0523343639,1444.9910134576,431.6695901935
64.1752455000,561,0.0523343639,1444.9910134576,431.6695901935
64.2767368000,562,0.0523343639,1444.9910134576,431.6695901935
64.3764040000,563,0.0523343639,1444.9910134576,431.6695901935
64.4815982000,564,0.0523343639,1444.9910134576,431.6695901935
64.5859735000,565,0.0523343639,1444.9910134576,431.6695901935
64.6925951000,566,0.0523343639,1444.9910134576,431.6695901935
64.8045299000,567,0.0523343639,1444.9910134576,431.6695901935
64.9081145000,568,0.0523343639,1444.9910134576,431.6695901935
65.0149103000,569,0.0523343639,1444.9910134576,431.6695901935
65.1150456000,570,0.0523343639,1444.9910134576,431.6695901935
65.2182544000,571,0.0523343639,1444.9910134576,431.6695901935
65.3220431000,572,0.0523343639,1444.9910134576,431.6695901935
65.4244331000,573,0.0523343639,1444.9910134576,431.6695901935
65.5294307000,574,0.0523092748,1432.8077051019,432.8878849037
65.6326938000,575,0.0523092748,1432.8077051019,432.8878849037
65.7426911000,576,0.0523092748,1432.8077051019,432.8878849037
65.8756369000,577,0.0523092748,1432.8077051019,432.8878849037
65.9802684000,578,0.0523092748,1432.8077051019,432.8878849037
66.0817031000,579,0.0523092748,1432.8077051019,432.8878849037
66.1830722000,580,0.0523092748,1432.8077051019,432.8878849037
66.2908113000,581,0.0523092748,1432.8077051019,432.8878849037
66.3991282000,582,0.0523092748,1432.8077051019,432.8878849037
66.4993898000,583,0.0523092748,1432.8077051019,432.8878849037
66.6010481000,584,0.0523092748,1432.8077051019,432.8878849037
66.7098239000,585,0.0523092748,1432.8077051019,432.8878849037
66.8169259000,586,0.0523092748,1432.8077051019,432.8878849037
66.9275322000,587,0.0523092748,1432.8077051019,432.8878849037
67.0262392000,588,0.0523092748,1432.8077051019,432.8878849037
67.1321089000,589,0.0522130547,1432.8077051019,431.7647063567
67.2357193000,590,0.0522130547,1432.8077051019,431.7647063567
67.3399408000,591,0.0522130547,1432.8077051019,431.7647063567
67.4356613000,592,0.0522130547,1432.8077051019,431.7647063567
67.5407416000,593,0.0522130547,1432.8077051019,431.7647063567
67.6457678000,594,0.0522130547,1432.8077051019,431.7647063567
67.7493539000,595,0.0522130547,1432.8077051019,431.7647063567
67.8603678000,596,0.0522130547,1432.8077051019,431.7647063567
67.9678127000,597,0.0522130547,1432.8077051019,431.7647063567
68.0703026000,598,0.0522130547,1432.8077051019,431.7647063567
68.1716980000,599,0.0522130547,1432.8077051019,431.7647063567
68.2712652000,600,0.0522026322,1432.8077051019,431.6430449933
68.3770604000,601,0.0522026322,1432.8077051019,431.6430449933
68.4822167000,602,0.0522026322,1432.8077051019,431.6430449933
68.5889922000,603,0.0522026322,1432.8077051019,431.6430449933
68.6931199000,604,0.0522026322,1432.8077051019,431.6430449933
68.8016938000,605,0.0522026322,1432.8077051019,431.6430449933
68.9080268000,606,0.0522026322,1432.8077051019,431.6430449933
69.0138036000,607,0.0522026322,1432.8077051019,431.6430449933
69.1133681000,608,0.0522026322,1432.8077051019,431.6430449933
69.2136403000,609,0.0522026322,1432.8077051019,431.6430449933
69.3099581000,610,0.0522026322,1432.8077051019,431.6430449933
69.4099694000,611,0.0521897866,1432.8077051019,431.4930984837
69.5138880000,612,0.0521897866,1432.8077051019,431.4930984837
69.6148039000,613,0.0521897866,1432.8077051019,431.4930984837
69.7137021000,614,0.0521897866,1432.8077051019,431.4930984837
69.8265559000,615,0.0521897821,1432.8077051019,431.4930459291
69.9287512000,616,0.0521897821,1432.8077051019,431.4930459291
70.0346400000,617,0.0521897821,1432.8077051019,431.4930459291
70.1431692000,618,0.0521897821,1432.8077051019,431.4930459291
70.2434563000,619,0.0521897821,1432.8077051019,431.4930459291
70.3434814000,620,0.0521897821,1432.8077051019,431.4930459291
70.4465565000,621,0.0521897821,1432.8077051019,431.4930459291
70.5488986000,622,0.0521775248,1432.8077051019,431.3499663416
70.6542986000,623,0.0521775248,1432.8077051019,431.3499663416
70.7629108000,624,0.0521775248,1432.8077051019,431.3499663416
70.8646673000,625,0.0521775248,1432.8077051019,431.3499663416
70.9677902000,626,0.0521775248,1432.8077051019,431.3499663416
71.0726984000,627,0.0521775248,1432.8077051019,431.3499663416
71.1702022000,628,0.0521775248,1432.8077051019,431.3499663416
71.2751575000,629,0.0521775248,1432.8077051019,431.3499663416
71.3796327000,630,0.0521775248,1432.8077051019,431.3499663416
71.4837255000,631,0.0521775248,1432.8077051019,431.3499663416
71.5810650000,632,0.0521137627,1444.9910134576,429.0945119113
71.6872670000,633,0.0521137627,1444.9910134576,429.0945119113
71.7892180000,634,0.0521137627,1444.9910134576,429.0945119113
71.8923703000,635,0.0521137627,1444.9910134576,429.0945119113
71.9923645000,636,0.0521137627,1444.9910134576,429.0945119113
72.0946961000,637,0.0521137627,1444.9910134576,429.0945119113
72.2018710000,638,0.0521137627,1444.9910134576,429.0945119113
72.3116531000,639,0.0520881969,1444.9910134576,428.7960824203
72.4223111000,640,0.0520881969,1444.9910134576,428.7960824203
72.5254594000,641,0.0520881969,1444.9910134576,428.7960824203
72.6260011000,642,0.0520881969,1444.9910134576,428.7960824203
72.7323785000,643,0.0520881969,1444.9910134576,428.7960824203
72.8423729000,644,0.0520881969,1444.9910134576,428.7960824203
72.9511389000,645,0.0520881969,1444.9910134576,428.7960824203
73.0554457000,646,0.0520881969,1444.9910134576,428.7960824203
73.1637109000,647,0.0520881969,1444.9910134576,428.7960824203
73.2591987000,648,0.0520881969,1444.9910134576,428.7960824203
73.3661583000,649,0.0520881969,1444.9910134576,428.7960824203
73.4741122000,650,0.0520881969,1444.9910134576,428.7960824203
73.5812923000,651,0.0520881969,1444.9910134576,428.7960824203
73.6884666000,652,0.0520881969,1444.9910134576,428.7960824203
73.7988690000,653,0.0520881969,1444.9910134576,428.7960824203
73.9059877000,654,0.0520751545,1444.9910134576,428.6438382476
74.0058816000,655,0.0518678769,1432.8077051019,427.7354448073
74.1125665000,656,0.0518678769,1432.8077051019,427.7354448073
74.2138301000,657,0.0518678769,1432.8077051019,427.7354448073
74.3195951000,658,0.0518678769,1432.8077051019,427.7354448073
74.4289469000,659,0.0518678769,1432.8077051019,427.7354448073
74.5392359000,660,0.0518678769,1432.8077051019,427.7354448073
74.6483806000,661,0.0518678769,1432.8077051019,427.7354448073
74.7588715000,662,0.0518678769,1432.8077051019,427.7354448073
74.8658710000,663,0.0518678769,1432.8077051019,427.7354448073
74.9724102000,664,0.0518678769,1432.8077051019,427.7354448073
75.0783812000,665,0.0518678769,1432.8077051019,427.7354448073
75.1878758000,666,0.0518678769,1432.8077051019,427.7354448073
75.2973658000,667,0.0518678769,1432.8077051019,427.7354448073
75.4081247000,668,0.0518678769,1432.8077051019,427.7354448073
75.5137829000,669,0.0518678769,1432.8077051019,427.7354448073
75.6304902000,670,0.0518678769,1432.8077051019,427.7354448073
75.7507849000,671,0.0518678769,1432.8077051019,427.7354448073
75.8564239000,672,0.0518678769,1432.8077051019,427.7354448073
75.9601322000,673,0.0518678769,1432.8077051019,427.7354448073
76.0678426000,674,0.0518678769,1432.8077051019,427.7354448073
76.1977047000,675,0.0518678769,1432.8077051019,427.7354448073
76.3052185000,676,0.0518678769,1432.8077051019,427.7354448073
76.4135966000,677,0.0518678769,1432.8077051019,427.7354448073
76.5211683000,678,0.0518678769,1432.8077051019,427.7354448073
76.6256017000,679,0.0518678769,1432.8077051019,427.7354448073
76.7342782000,680,0.0518678769,1432.8077051019,427.7354448073
76.8430312000,681,0.0518644981,1432.8077051019,427.6960036823
76.9458181000,682,0.0518644981,1432.8077051019,427.6960036823
77.0491392000,683,0.0518644981,1432.8077051019,427.6960036823
77.1571221000,684,0.0518644981,1432.8077051019,427.6960036823
77.2648123000,685,0.0518127517,1432.8077051019,427.0919673652
77.3673488000,686,0.0518127517,1432.8077051019,427.0919673652
77.4723855000,687,0.0518127517,1432.8077051019,427.0919673652
77.5768087000,688,0.0518127517,1432.8077051019,427.0919673652
77.6906902000,689,0.0518127517,1432.8077051019,427.0919673652
77.8061813000,690,0.0518127517,1432.8077051019,427.0919673652
77.9295680000,691,0.0518127517,1432.8077051019,427.0919673652
78.0524178000,692,0.0518127517,1432.8077051019,427.0919673652
78.1841196000,693,0.0518127517,1432.8077051019,427.0919673652
78.3154256000,694,0.0516761710,1432.8077051019,425.4976605413
78.4393017000,695,0.0516761710,1432.8077051019,425.4976605413
78.5608369000,696,0.0516761710,1432.8077051019,425.4976605413
78.6944004000,697,0.0516761710,1432.8077051019,425.4976605413
78.8269290000,698,0.0516761710,1432.8077051019,425.4976605413
78.9509087000,699,0.0516761710,1432.8077051019,425.4976605413
79.0634449000,700,0.0516761710,1432.8077051019,425.4976605413
79.1742976000,701,0.0516761710,1432.8077051019,425.4976605413
79.2878814000,702,0.0516761710,1432.8077051019,425.4976605413
79.3973136000,703,0.0516761710,1432.8077051019,425.4976605413
79.5149807000,704,0.0516761710,1432.8077051019,425.4976605413
79.6327651000,705,0.0516761710,1432.8077051019,425.4976605413
79.7600381000,706,0.0516761710,1432.8077051019,425.4976605413
79.8828288000,707,0.0516037956,1432.8077051019,424.6528222849
79.9978133000,708,0.0516037956,1432.8077051019,424.6528222849
80.1263051000,709,0.0516037956,1432.8077051019,424.6528222849
80.2436110000,710,0.0516037956,1432.8077051019,424.6528222849
80.3546820000,711,0.0516037956,1432.8077051019,424.6528222849
80.4707831000,712,0.0516037956,1432.8077051019,424.6528222849
80.5845297000,713,0.0516037956,1432.8077051019,424.6528222849
80.6969493000,714,0.0516037956,1432.8077051019,424.6528222849
80.8101738000,715,0.0516037956,1432.8077051019,424.6528222849
80.9271970000,716,0.0516037956,1432.8077051019,424.6528222849
81.0433093000,717,0.0516037956,1432.8077051019,424.6528222849
81.1581633000,718,0.0516037956,1432.8077051019,424.6528222849
81.2741530000,719,0.0516037956,1432.8077051019,424.6528222849
81.3859888000,720,0.0516037956,1432.8077051019,424.6528222849
81.5068463000,721,0.0515850326,1432.8077051019,424.4338007847
81.6190309000,722,0.0515850326,1432.8077051019,424.4338007847
81.7323991000,723,0.0515850326,1432.8077051019,424.4338007847
81.8422631000,724,0.0515850326,1432.8077051019,424.4338007847
81.9624254000,725,0.0515850326,1432.8077051019,424.4338007847
82.0708703000,726,0.0515850326,1432.8077051019,424.4338007847
82.1851535000,727,0.0515850326,1432.8077051019,424.4338007847
82.2925782000,728,0.0515850326,1432.8077051019,424.4338007847
82.3975600000,729,0.0515850326,1432.8077051019,424.4338007847
82.4999709000,730,0.0515850326,1432.8077051019,424.4338007847
82.6112134000,731,0.0515621710,1432.8077051019,424.1669373606
82.7208308000,732,0.0515621710,1432.8077051019,424.1669373606
82.8344359000,733,0.0515621710,1432.8077051019,424.1669373606
82.9425070000,734,0.0515621710,1432.8077051019,424.1669373606
83.0547127000,735,0.0515621710,1432.8077051019,424.1669373606
83.1705510000,736,0.0515621710,1432.8077051019,424.1669373606
83.2835809000,737,0.0515621710,1432.8077051019,424.1669373606
83.3856118000,738,0.0515621710,1432.8077051019,424.1669373606
83.4921646000,739,0.0515621710,1432.8077051019,424.1669373606
83.6016223000,740,0.0514818305,1432.8077051019,423.2291226585
83.7189327000,741,0.0514818305,1432.8077051019,423.2291226585
83.8380492000,742,0.0514818305,1432.8077051019,423.2291226585
83.9591383000,743,0.0514818305,1432.8077051019,423.2291226585
84.0685671000,744,0.0514353986,1432.8077051019,422.6871226585
84.1740431000,745,0.0513267001,1432.8077051019,421.4182841143
84.2801274000,746,0.0513267001,1432.8077051019,421.4182841143
84.3877456000,747,0.0513267001,1432.8077051019,421.4182841143
84.4923737000,748,0.0513267001,1432.8077051019,421.4182841143
84.5986959000,749,0.0513267001,1432.8077051019,421.4182841143
84.7040137000,750,0.0513267001,1432.8077051019,421.4182841143
84.8112016000,751,0.0513267001,1432.8077051019,421.4182841143
84.9205198000,752,0.0513267001,1432.8077051019,421.4182841143
85.0262729000,753,0.0513267001,1432.8077051019,421.4182841143
85.1306205000,754,0.0513267001,1432.8077051019,421.4182841143
85.2286728000,755,0.0513267001,1432.8077051019,421.4182841143
85.3417485000,756,0.0513267001,1432.8077051019,421.4182841143
85.4557648000,757,0.0513267001,1432.8077051019,421.4182841143
85.5747874000,758,0.0513267001,1432.8077051019,421.4182841143
85.6882563000,759,0.0513267001,1432.8077051019,421.4182841143
85.7982912000,760,0.0513267001,1432.8077051019,421.4182841143
85.9112448000,761,0.0513267001,1432.8077051019,421.4182841143
86.0241682000,762,0.0513267001,1432.8077051019,421.4182841143
86.1322380000,763,0.0513267001,1432.8077051019,421.4182841143
86.2443082000,764,0.0513267001,1432.8077051019,421.4182841143
86.3530897000,765,0.0513267001,1432.8077051019,421.4182841143
86.4626951000,766,0.0513267001,1432.8077051019,421.4182841143
86.5787576000,767,0.0513267001,1432.8077051019,421.4182841143
86.6905146000,768,0.0513267001,1432.8077051019,421.4182841143
86.8377281000,769,0.0513267001,1432.8077051019,421.4182841143
86.9454763000,770,0.0513267001,1432.8077051019,421.4182841143
87.0565220000,771,0.0513267001,1432.8077051019,421.4182841143
87.1712511000,772,0.0513267001,1432.8077051019,421.4182841143
87.2768795000,773,0.0513267001,1432.8077051019,421.4182841143
87.3888664000,774,0.0513267001,1432.8077051019,421.4182841143
87.5305590000,775,0.0513267001,1432.8077051019,421.4182841143
87.6470797000,776,0.0513267001,1432.8077051019,421.4182841143
87.7626498000,777,0.0513195411,1432.8077051019,421.3347180309
87.8789262000,778,0.0513195411,1432.8077051019,421.3347180309
87.9977027000,779,0.0513195411,1432.8077051019,421.3347180309
88.1085957000,780,0.0513195411,1432.8077051019,421.3347180309
88.2174573000,781,0.0513195411,1432.8077051019,421.3347180309
88.3382601000,782,0.0513195411,1432.8077051019,421.3347180309
88.4533603000,783,0.0513195411,1432.8077051019,421.3347180309
88.5698013000,784,0.0513195411,1432.8077051019,421.3347180309
88.6783333000,785,0.0513173989,1432.8077051019,421.3097110386
88.7898154000,786,0.0513173989,1432.8077051019,421.3097110386
88.8960177000,787,0.0513173989,1432.8077051019,421.3097110386
89.0061809000,788,0.0513173989,1432.8077051019,421.3097110386
89.1113587000,789,0.0513173989,1432.8077051019,421.3097110386
89.2259889000,790,0.0513173989,1432.8077051019,421.3097110386
89.3293176000,791,0.0513115850,1432.8077051019,421.2418461138
89.4395613000,792,0.0512936083,1432.8077051019,421.0320037989
89.5487597000,793,0.0512936083,1432.8077051019,421.0320037989
89.6646391000,794,0.0512936083,1432.8077051019,421.0320037989
89.7737063000,795,0.0512936083,1432.8077051019,421.0320037989
89.8841410000,796,0.0512936083,1432.8077051019,421.0320037989
89.9978827000,797,0.0512936083,1432.8077051019,421.0320037989
90.1092201000,798,0.0512797534,1432.8077051019,420.8702754817
90.2211675000,799,0.0512797534,1432.8077051019,420.8702754817
90.3291729000,800,0.0512797534,1432.8077051019,420.8702754817
90.4444370000,801,0.0512797534,1432.8077051019,420.8702754817
90.5549540000,802,0.0512797534,1432.8077051019,420.8702754817
90.6656595000,803,0.0512797534,1432.8077051019,420.8702754817
90.7770192000,804,0.0512797534,1432.8077051019,420.8702754817
90.8827294000,805,0.0512797534,1432.8077051019,420.8702754817
90.9895739000,806,0.0512797534,1432.8077051019,420.8702754817
91.0949902000,807,0.0512797534,1432.8077051019,420.8702754817
91.1986976000,808,0.0512797534,1432.8077051019,420.8702754817
91.3040551000,809,0.0512797534,1432.8077051019,420.8702754817
91.4162784000,810,0.0512797534,1432.8077051019,420.8702754817
91.5241690000,811,0.0512797534,1432.8077051019,420.8702754817
91.6325008000,812,0.0512797534,1432.8077051019,420.8702754817
91.7374707000,813,0.0512797534,1432.8077051019,420.8702754817
91.8442115000,814,0.0512797534,1432.8077051019,420.8702754817
91.9556461000,815,0.0512760464,1432.8077051019,420.8270035641
92.0593001000,816,0.0512760464,1432.8077051019,420.8270035641
92.1717426000,817,0.0512760464,1432.8077051019,420.8270035641
92.2782717000,818,0.0512760464,1432.8077051019,420.8270035641
92.3831265000,819,0.0512760464,1432.8077051019,420.8270035641
92.4890160000,820,0.0512760464,1432.8077051019,420.8270035641
92.6015835000,821,0.0512760464,1432.8077051019,420.8270035641
92.7166235000,822,0.0512760464,1432.8077051019,420.8270035641
92.8265493000,823,0.0512760464,1432.8077051019,420.8270035641
92.9308674000,824,0.0512468581,1432.8077051019,420.4862883210
93.0394755000,825,0.0512468581,1432.8077051019,420.4862883210
93.1563469000,826,0.0512468581,1432.8077051019,420.4862883210
93.2724506000,827,0.0512468581,1432.8077051019,420.4862883210
93.3886058000,828,0.0512468581,1432.8077051019,420.4862883210
93.4976178000,829,0.0512468581,1432.8077051019,420.4862883210
93.6001205000,830,0.0512468581,1432.8077051019,420.4862883210
93.7110295000,831,0.0512468581,1432.8077051019,420.4862883210
93.8224172000,832,0.0512468581,1432.8077051019,420.4862883210
93.9301721000,833,0.0512468581,1432.8077051019,420.4862883210
94.0380595000,834,0.0512468581,1432.8077051019,420.4862883210
94.1578060000,835,0.0512468581,1432.8077051019,420.4862883210
94.2713605000,836,0.0512468581,1432.8077051019,420.4862883210
94.3895942000,837,0.0512468581,1432.8077051019,420.4862883210
94.4988993000,838,0.0512468581,1432.8077051019,420.4862883210
94.6117983000,839,0.0512468581,1432.8077051019,420.4862883210
94.7193571000,840,0.0512468581,1432.8077051019,420.4862883210
94.8292101000,841,0.0512468581,1432.8077051019,420.4862883210
94.9403227000,842,0.0512468581,1432.8077051019,420.4862883210
95.0555291000,843,0.0512468581,1432.8077051019,420.4862883210
95.1684265000,844,0.0512468581,1432.8077051019,420.4862883210
95.2788596000,845,0.0512468581,1432.8077051019,420.4862883210
95.3849513000,846,0.0512468581,1432.8077051019,420.4862883210
95.4876201000,847,0.0512468581,1432.8077051019,420.4862883210
95.5942380000,848,0.0512468581,1432.8077051019,420.4862883210
95.7044896000,849,0.0512468581,1432.8077051019,420.4862883210
95.8161056000,850,0.0512468581,1432.8077051019,420.4862883210
95.9226619000,851,0.0512468581,1432.8077051019,420.4862883210
96.0314585000,852,0.0512468581,1432.8077051019,420.4862883210
96.1438434000,853,0.0512468581,1432.8077051019,420.4862883210
96.2569484000,854,0.0512468581,1432.8077051019,420.4862883210
96.3646241000,855,0.0512410705,1432.8077051019,420.4187298727
96.4738756000,856,0.0512410705,1432.8077051019,420.4187298727
96.5856656000,857,0.0512368057,1432.8077051019,420.3689470398
96.6962256000,858,0.0512368057,1432.8077051019,420.3689470398
96.8107699000,859,0.0512368057,1432.8077051019,420.3689470398
96.9175442000,860,0.0512368057,1432.8077051019,420.3689470398
97.0301877000,861,0.0512368057,1432.8077051019,420.3689470398
97.1397328000,862,0.0512368057,1432.8077051019,420.3689470398
97.2489764000,863,0.0512368057,1432.8077051019,420.3689470398
97.3529284000,864,0.0512368057,1432.8077051019,420.3689470398
97.4598420000,865,0.0512368057,1432.8077051019,420.3689470398
97.5656717000,866,0.0512368057,1432.8077051019,420.3689470398
97.6750785000,867,0.0512254702,1432.8077051019,420.2366268267
97.7811878000,868,0.0512254702,1432.8077051019,420.2366268267
97.8901377000,869,0.0512254702,1432.8077051019,420.2366268267
98.0014119000,870,0.0512254702,1432.8077051019,420.2366268267
98.1098998000,871,0.0512254702,1432.8077051019,420.2366268267
98.2130863000,872,0.0512254702,1432.8077051019,420.2366268267
98.3176462000,873,0.0512254702,1432.8077051019,420.2366268267
98.4228800000,874,0.0512254702,1432.8077051019,420.2366268267
98.5292958000,875,0.0512254702,1432.8077051019,420.2366268267
98.6353394000,876,0.0512254702,1432.8077051019,420.2366268267
98.7477214000,877,0.0512254702,1432.8077051019,420.2366268267
98.8516478000,878,0.0512254702,1432.8077051019,420.2366268267
98.9577973000,879,0.0512254702,1432.8077051019,420.2366268267
99.0655687000,880,0.0509489973,1432.8077051019,417.0093578971
99.1782841000,881,0.0509489973,1432.8077051019,417.0093578971
99.2878232000,882,0.0509489973,1432.8077051019,417.0093578971
99.3925455000,883,0.0509489973,1432.8077051019,417.0093578971
99.4999584000,884,0.0509489973,1432.8077051019,417.0093578971
99.6063045000,885,0.0509489973,1432.8077051019,417.0093578971
99.7115887000,886,0.0509489973,1432.8077051019,417.0093578971
99.8208299000,887,0.0509489973,1432.8077051019,417.0093578971
99.9358301000,888,0.0509489973,1432.8077051019,417.0093578971
100.0337943000,889,0.0509489973,1432.8077051019,417.0093578971
100.1280840000,890,0.0509489973,1432.8077051019,417.0093578971
100.2344688000,891,0.0509489973,1432.8077051019,417.0093578971
100.3296403000,892,0.0509489973,1432.8077051019,417.0093578971
100.4339015000,893,0.0509489973,1432.8077051019,417.0093578971
100.5487871000,894,0.0509489973,1432.8077051019,417.0093578971
100.6574817000,895,0.0509489973,1432.8077051019,417.0093578971
100.7662671000,896,0.0509443825,1432.8077051019,416.9554894782
100.8810393000,897,0.0509443825,1432.8077051019,416.9554894782
100.9900431000,898,0.0509443825,1432.8077051019,416.9554894782
101.0993890000,899,0.0509443825,1432.8077051019,416.9554894782
101.2141768000,900,0.0509443825,1432.8077051019,416.9554894782
101.3274367000,901,0.0509443825,1432.8077051019,416.9554894782
101.4385759000,902,0.0509443825,1432.8077051019,416.9554894782
101.5528129000,903,0.0509443825,1432.8077051019,416.9554894782
101.6549825000,904,0.0509356755,1432.8077051019,416.8538517534
101.7654042000,905,0.0509356755,1432.8077051019,416.8538517534
101.8738052000,906,0.0509356755,1432.8077051019,416.8538517534
101.9758865000,907,0.0509356755,1432.8077051019,416.8538517534
102.0804798000,908,0.0509356755,1432.8077051019,416.8538517534
102.1801409000,909,0.0509356755,1432.8077051019,416.8538517534
102.2877528000,910,0.0509356755,1432.8077051019,416.8538517534
102.3912420000,911,0.0509356755,1432.8077051019,416.8538517534
102.4977694000,912,0.0509356755,1432.8077051019,416.8538517534
102.6179516000,913,0.0509356755,1432.8077051019,416.8538517534
102.7343797000,914,0.0509356755,1432.8077051019,416.8538517534
102.8433933000,915,0.0509356755,1432.8077051019,416.8538517534
102.9554787000,916,0.0509356755,1432.8077051019,416.8538517534
103.0668589000,917,0.0509356755,1432.8077051019,416.8538517534
103.1799561000,918,0.0509356755,1432.8077051019,416.8538517534
103.2899985000,919,0.0509356755,1432.8077051019,416.8538517534
103.3977219000,920,0.0509356755,1432.8077051019,416.8538517534
103.5043660000,921,0.0509356755,1432.8077051019,416.8538517534
103.6139078000,922,0.0509302719,1432.8077051019,416.7907760271
103.7209368000,923,0.0508913204,1432.8026596310,416.3367209357
103.8268627000,924,0.0508913204,1432.8026596310,416.3367209357
103.9387034000,925,0.0508913204,1432.8026596310,416.3367209357
104.0426499000,926,0.0508913204,1432.8026596310,416.3367209357
104.1464306000,927,0.0508913204,1432.8026596310,416.3367209357
104.2517337000,928,0.0508913204,1432.8026596310,416.3367209357
104.3517142000,929,0.0508913204,1432.8026596310,416.3367209357
104.4579953000,930,0.0508913204,1432.8026596310,416.3367209357
104.5606936000,931,0.0507317767,1432.8077051019,414.4737407483
104.6627243000,932,0.0507317767,1432.8077051019,414.4737407483
104.7641921000,933,0.0507317767,1432.8077051019,414.4737407483
104.8678237000,934,0.0507317767,1432.8077051019,414.4737407483
104.9744592000,935,0.0507317767,1432.8077051019,414.4737407483
105.0791909000,936,0.0507317767,1432.8077051019,414.4737407483
105.2003315000,937,0.0507317767,1432.8077051019,414.4737407483
105.3063156000,938,0.0507317767,1432.8077051019,414.4737407483
105.4111625000,939,0.0507317767,1432.8077051019,414.4737407483
105.5215074000,940,0.0507224264,1432.8077051019,414.3645937967
105.6343434000,941,0.0507224264,1432.8077051019,414.3645937967
105.7520476000,942,0.0507224264,1432.8077051019,414.3645937967
105.8669268000,943,0.0507224264,1432.8077051019,414.3645937967
105.9807963000,944,0.0507224264,1432.8077051019,414.3645937967
106.0922826000,945,0.0507224264,1432.8077051019,414.3645937967
106.2042326000,946,0.0507224264,1432.8077051019,414.3645937967
106.3167288000,947,0.0507224264,1432.8077051019,414.3645937967
106.4239061000,948,0.0507129274,1432.8077051019,414.2537124106
106.5364373000,949,0.0506676770,1432.8077051019,413.7255038982
106.6409015000,950,0.0506676770,1432.8077051019,413.7255038982
106.7505929000,951,0.0506676770,1432.8077051019,413.7255038982
106.8544482000,952,0.0506676770,1432.8077051019,413.7255038982
106.9567390000,953,0.0506676770,1432.8077051019,413.7255038982
107.0551766000,954,0.0506676770,1432.8077051019,413.7255038982
107.1619925000,955,0.0506676770,1432.8077051019,413.7255038982
107.2751105000,956,0.0506676770,1432.8077051019,413.7255038982
107.3896209000,957,0.0506676770,1432.8077051019,413.7255038982
107.5022285000,958,0.0506676770,1432.8077051019,413.7255038982
107.6162888000,959,0.0506676770,1432.8077051019,413.7255038982
107.7405795000,960,0.0506676770,1432.8077051019,413.7255038982
107.8514047000,961,0.0506676770,1432.8077051019,413.7255038982
107.9675418000,962,0.0506624871,1432.8077051019,413.6649226647
108.0773413000,963,0.0506624871,1432.8077051019,413.6649226647
108.1864820000,964,0.0506624871,1432.8077051019,413.6649226647
108.2959098000,965,0.0506624871,1432.8077051019,413.6649226647
108.4018078000,966,0.0506624871,1432.8077051019,413.6649226647
108.5022989000,967,0.0506109678,1432.8077051019,413.0635374936
108.6021591000,968,0.0506109678,1432.8077051019,413.0635374936
108.7056459000,969,0.0506109678,1432.8077051019,413.0635374936
108.8152342000,970,0.0506109678,1432.8077051019,413.0635374936
108.9260893000,971,0.0506109678,1432.8077051019,413.0635374936
109.0299675000,972,0.0505246251,1432.8077051019,412.0556585124
109.1288957000,973,0.0505246251,1432.8077051019,412.0556585124
109.2300940000,974,0.0505246251,1432.8077051019,412.0556585124
109.3427879000,975,0.0505246251,1432.8077051019,412.0556585124
109.4583136000,976,0.0505246251,1432.8077051019,412.0556585124
109.5678424000,977,0.0505246251,1432.8077051019,412.0556585124
109.6775942000,978,0.0505230547,1434.3265637882,411.8489348918
109.7925030000,979,0.0505230547,1434.3265637882,411.8489348918
109.9024294000,980,0.0505230547,1434.3265637882,411.8489348918
110.0124866000,981,0.0505230547,1434.3265637882,411.8489348918
110.1221875000,982,0.0505230547,1434.3265637882,411.8489348918
110.2333865000,983,0.0505230547,1434.3265637882,411.8489348918
110.3354634000,984,0.0505230547,1434.3265637882,411.8489348918
110.4405041000,985,0.0505230547,1434.3265637882,411.8489348918
110.5396582000,986,0.0505230547,1434.3265637882,411.8489348918
110.6448426000,987,0.0505230547,1434.3265637882,411.8489348918
110.7526473000,988,0.0505230547,1434.3265637882,411.8489348918
110.8610403000,989,0.0504308621,1432.8077051019,410.9611624515
110.9669625000,990,0.0504308621,1432.8077051019,410.9611624515
111.0696428000,991,0.0504308621,1432.8077051019,410.9611624515
111.1778188000,992,0.0504308621,1432.8077051019,410.9611624515
111.2847150000,993,0.0504308621,1432.8077051019,410.9611624515
111.3840319000,994,0.0504308621,1432.8077051019,410.9611624515
111.4871508000,995,0.0504308621,1432.8077051019,410.9611624515
111.5833375000,996,0.0503666440,1432.8077051019,410.2115441977
111.6906060000,997,0.0503666440,1432.8077051019,410.2115441977
111.8035090000,998,0.0503666440,1432.8077051019,410.2115441977
111.9069829000,999,0.0501772937,1432.8077051019,408.0012568295
112.0176124000,1000,0.0501772937,1432.8077051019,408.0012568295
112.1216848000,1001,0.0501772937,1432.8077051019,408.0012568295
112.2310451000,1002,0.0501772937,1432.8077051019,408.0012568295
112.3428353000,1003,0.0501772937,1432.8077051019,408.0012568295
112.4428519000,1004,0.0501772937,1432.8077051019,408.0012568295
112.5469219000,1005,0.0501772937,1432.8077051019,408.0012568295
112.6738669000,1006,0.0501772937,1432.8077051019,408.0012568295
112.7946570000,1007,0.0501772937,1432.8077051019,408.0012568295
112.9106466000,1008,0.0501772937,1432.8077051019,408.0012568295
113.0296832000,1009,0.0501772937,1432.8077051019,408.0012568295
113.1351475000,1010,0.0501772937,1432.8077051019,408.0012568295
113.2435753000,1011,0.0501772937,1432.8077051019,408.0012568295
113.3517962000,1012,0.0501772937,1432.8077051019,408.0012568295
113.4515350000,1013,0.0501772937,1432.8077051019,408.0012568295
113.5711169000,1014,0.0501742381,1432.8077051019,407.9655894135
113.6754002000,1015,0.0501742381,1432.8077051019,407.9655894135
113.7839146000,1016,0.0501556197,1432.8077051019,407.7482568295
113.9011172000,1017,0.0495890174,1432.8077051019,401.1343049017
114.0106827000,1018,0.0495890174,1432.8077051019,401.1343049017
114.1210114000,1019,0.0495890174,1432.8077051019,401.1343049017
114.2332532000,1020,0.0495890174,1432.8077051019,401.1343049017
114.3461038000,1021,0.0495890174,1432.8077051019,401.1343049017
114.4511031000,1022,0.0495890174,1432.8077051019,401.1343049017
114.5585398000,1023,0.0495890174,1432.8077051019,401.1343049017
114.6708512000,1024,0.0495890174,1432.8077051019,401.1343049017
114.7813693000,1025,0.0495890174,1432.8077051019,401.1343049017
114.8896558000,1026,0.0495890174,1432.8077051019,401.1343049017
114.9973770000,1027,0.0495890174,1432.8077051019,401.1343049017
115.0964120000,1028,0.0495890174,1432.8077051019,401.1343049017
115.2006544000,1029,0.0495890174,1432.8077051019,401.1343049017
115.2994872000,1030,0.0495890174,1432.8077051019,401.1343049017
115.4044803000,1031,0.0495890174,1432.8077051019,401.1343049017
115.5135174000,1032,0.0495890174,1432.8077051019,401.1343049017
115.6162664000,1033,0.0495890174,1432.8077051019,401.1343049017
115.7181282000,1034,0.0495890174,1432.8077051019,401.1343049017
115.8242787000,1035,0.0495890174,1432.8077051019,401.1343049017
115.9348452000,1036,0.0495890174,1432.8077051019,401.1343049017
116.0426789000,1037,0.0495572707,1432.8077051019,400.7637258886
116.1484003000,1038,0.0495572707,1432.8077051019,400.7637258886
116.2601581000,1039,0.0495572707,1432.8077051019,400.7637258886
116.3759499000,1040,0.0495572707,1432.8077051019,400.7637258886
116.4774618000,1041,0.0495572707,1432.8077051019,400.7637258886
116.5811897000,1042,0.0495572707,1432.8077051019,400.7637258886
116.6866719000,1043,0.0494123005,1432.8077051019,399.0714872572
116.7937569000,1044,0.0494123005,1432.8077051019,399.0714872572
116.8978426000,1045,0.0494123005,1432.8077051019,399.0714872572
116.9925738000,1046,0.0494123005,1432.8077051019,399.0714872572
117.0978812000,1047,0.0494123005,1432.8077051019,399.0714872572
117.2021075000,1048,0.0494123005,1432.8077051019,399.0714872572
117.3016316000,1049,0.0494123005,1432.8077051019,399.0714872572
117.4035783000,1050,0.0494123005,1432.8077051019,399.0714872572
117.5120584000,1051,0.0494123005,1432.8077051019,399.0714872572
117.6167705000,1052,0.0494123005,1432.8077051019,399.0714872572
117.7224275000,1053,0.0494123005,1432.8077051019,399.0714872572
117.8400153000,1054,0.0494123005,1432.8077051019,399.0714872572
117.9473833000,1055,0.0494123005,1432.8077051019,399.0714872572
118.0529781000,1056,0.0493739807,1432.8077051019,398.6241800302
118.1576993000,1057,0.0493739807,1432.8077051019,398.6241800302
118.2560390000,1058,0.0493739807,1432.8077051019,398.6241800302
118.3691897000,1059,0.0493739807,1432.8077051019,398.6241800302
118.4845942000,1060,0.0493739807,1432.8077051019,398.6241800302
118.5965659000,1061,0.0493739807,1432.8077051019,398.6241800302
118.7010485000,1062,0.0493739807,1432.8077051019,398.6241800302
118.8112508000,1063,0.0493739807,1432.8077051019,398.6241800302
118.9140620000,1064,0.0493739807,1432.8077051019,398.6241800302
119.0179759000,1065,0.0493739807,1432.8077051019,398.6241800302
119.1241853000,1066,0.0493739807,1432.8077051019,398.6241800302
119.2270666000,1067,0.0493739807,1432.8077051019,398.6241800302
119.3328181000,1068,0.0493739807,1432.8077051019,398.6241800302
119.4367580000,1069,0.0493739807,1432.8077051019,398.6241800302
119.5517610000,1070,0.0493739807,1432.8077051019,398.6241800302
119.6594178000,1071,0.0493739807,1432.8077051019,398.6241800302
119.7668704000,1072,0.0493739807,1432.8077051019,398.6241800302
119.8613145000,1073,0.0493739807,1432.8077051019,398.6241800302
119.9635753000,1074,0.0493684669,1432.8077051019,398.5598175149
120.0651686000,1075,0.0493684669,1432.8077051019,398.5598175149
120.1642845000,1076,0.0493684669,1432.8077051019,398.5598175149
120.2662297000,1077,0.0493684669,1432.8077051019,398.5598175149
120.4049234000,1078,0.0493684669,1432.8077051019,398.5598175149
120.5131470000,1079,0.0493650597,1432.8077051019,398.5200456105
120.6231348000,1080,0.0493650597,1432.8077051019,398.5200456105
120.7338059000,1081,0.0493650597,1432.8077051019,398.5200456105
120.8469987000,1082,0.0493493340,1432.8077051019,398.3364797573
120.9877044000,1083,0.0493493340,1432.8077051019,398.3364797573
121.1004807000,1084,0.0493493340,1432.8077051019,398.3364797573
121.2067903000,1085,0.0493493340,1432.8077051019,398.3364797573
121.3058765000,1086,0.0493493340,1432.8077051019,398.3364797573
121.4165105000,1087,0.0493493340,1432.8077051019,398.3364797573
121.5245470000,1088,0.0493493340,1432.8077051019,398.3364797573
121.6370283000,1089,0.0493493340,1432.8077051019,398.3364797573
121.7544343000,1090,0.0493375841,1432.8077051019,398.1993224149
121.8650133000,1091,0.0493375841,1432.8077051019,398.1993224149
121.9754469000,1092,0.0493375841,1432.8077051019,398.1993224149
122.0836094000,1093,0.0493303171,1432.8077051019,398.1144953176
122.1859908000,1094,0.0493303171,1432.8077051019,398.1144953176
122.2998486000,1095,0.0493303171,1432.8077051019,398.1144953176
122.4108828000,1096,0.0493303171,1432.8077051019,398.1144953176
122.5244086000,1097,0.0493303171,1432.8077051019,398.1144953176
122.6537242000,1098,0.0493303171,1432.8077051019,398.1144953176
122.7697398000,1099,0.0493303171,1432.8077051019,398.1144953176
122.8811716000,1100,0.0492826065,1432.8077051019,397.5575689146
122.9930923000,1101,0.0492826065,1432.8077051019,397.5575689146
123.0977470000,1102,0.0492654479,1432.8077051019,397.3572759428
123.1962200000,1103,0.0492654479,1432.8077051019,397.3572759428
123.2993538000,1104,0.0492654479,1432.8077051019,397.3572759428
123.3958344000,1105,0.0492654479,1432.8077051019,397.3572759428
123.5006478000,1106,0.0492654479,1432.8077051019,397.3572759428
123.6139611000,1107,0.0492654479,1432.8077051019,397.3572759428
123.7258077000,1108,0.0492654479,1432.8077051019,397.3572759428
123.8402153000,1109,0.0492654479,1432.8077051019,397.3572759428
123.9488639000,1110,0.0492654479,1432.8077051019,397.3572759428
124.0407788000,1111,0.0492654479,1432.8077051019,397.3572759428
124.1478945000,1112,0.0492654479,1432.8077051019,397.3572759428
124.2530760000,1113,0.0492654479,1432.8077051019,397.3572759428
124.3523714000,1114,0.0492654479,1432.8077051019,397.3572759428
124.4477214000,1115,0.0492654479,1432.8077051019,397.3572759428
124.5521107000,1116,0.0492654479,1432.8077051019,397.3572759428
124.6545273000,1117,0.0492654479,1432.8077051019,397.3572759428
124.7638672000,1118,0.0492654479,1432.8077051019,397.3572759428
124.8628632000,1119,0.0492593371,1432.8077051019,397.2859450630
124.9698221000,1120,0.0492593371,1432.8077051019,397.2859450630
125.0840344000,1121,0.0492593371,1432.8077051019,397.2859450630
125.1906856000,1122,0.0492120485,1432.8077051019,396.7339450630
125.3027587000,1123,0.0492120485,1432.8077051019,396.7339450630
125.4177472000,1124,0.0492120485,1432.8077051019,396.7339450630
125.5220504000,1125,0.0492120485,1432.8077051019,396.7339450630
125.6266445000,1126,0.0492104541,1432.8077051019,396.7153329296
125.7368377000,1127,0.0492104541,1432.8077051019,396.7153329296
125.8454448000,1128,0.0492104541,1432.8077051019,396.7153329296
125.9602241000,1129,0.0492104541,1432.8077051019,396.7153329296
126.0714858000,1130,0.0492104541,1432.8077051019,396.7153329296
126.1820844000,1131,0.0492104541,1432.8077051019,396.7153329296
126.2847459000,1132,0.0492104541,1432.8077051019,396.7153329296
126.3821547000,1133,0.0492104541,1432.8077051019,396.7153329296
126.4808961000,1134,0.0492104541,1432.8077051019,396.7153329296
126.5739054000,1135,0.0492104541,1432.8077051019,396.7153329296
126.6735755000,1136,0.0492104541,1432.8077051019,396.7153329296
126.7786438000,1137,0.0492104541,1432.8077051019,396.7153329296
126.8783427000,1138,0.0492104541,1432.8077051019,396.7153329296
126.9868094000,1139,0.0492104541,1432.8077051019,396.7153329296
127.1011523000,1140,0.0492104541,1432.8077051019,396.7153329296
127.1969116000,1141,0.0492104541,1432.8077051019,396.7153329296
127.3033011000,1142,0.0492104541,1432.8077051019,396.7153329296
127.4095399000,1143,0.0492104541,1432.8077051019,396.7153329296
127.5086093000,1144,0.0492104541,1432.8077051019,396.7153329296
127.6135138000,1145,0.0492104541,1432.8077051019,396.7153329296
127.7279195000,1146,0.0490050852,1432.8077051019,394.3180611775
127.8344411000,1147,0.0490050852,1432.8077051019,394.3180611775
127.9365127000,1148,0.0490050852,1432.8077051019,394.3180611775
128.0371432000,1149,0.0490050852,1432.8077051019,394.3180611775
128.1306706000,1150,0.0490050852,1432.8077051019,394.3180611775
128.2255245000,1151,0.0490050852,1432.8077051019,394.3180611775
128.3249209000,1152,0.0489889843,1432.8077051019,394.1301153934
128.4254162000,1153,0.0489543907,1432.8077051019,393.7263035803
128.5258467000,1154,0.0489543907,1432.8077051019,393.7263035803
128.6556177000,1155,0.0489543907,1432.8077051019,393.7263035803
128.7707007000,1156,0.0489543907,1432.8077051019,393.7263035803
128.8785469000,1157,0.0489543907,1432.8077051019,393.7263035803
128.9903642000,1158,0.0489543907,1432.8077051019,393.7263035803
129.0929872000,1159,0.0489543907,1432.8077051019,393.7263035803
129.1932214000,1160,0.0489543907,1432.8077051019,393.7263035803
129.2976965000,1161,0.0489543907,1432.8077051019,393.7263035803
129.3963177000,1162,0.0489543907,1432.8077051019,393.7263035803
129.5072682000,1163,0.0489543907,1432.8077051019,393.7263035803
129.6120519000,1164,0.0489543907,1432.8077051019,393.7263035803
129.7146100000,1165,0.0489543907,1432.8077051019,393.7263035803
129.8220475000,1166,0.0489543907,1432.8077051019,393.7263035803
129.9244775000,1167,0.0489543907,1432.8077051019,393.7263035803
130.0251183000,1168,0.0489543907,1432.8077051019,393.7263035803
130.1230888000,1169,0.0489543907,1432.8077051019,393.7263035803
130.2258825000,1170,0.0489543907,1432.8077051019,393.7263035803
130.3305067000,1171,0.0489543907,1432.8077051019,393.7263035803
130.4329634000,1172,0.0489543907,1432.8077051019,393.7263035803
130.5335000000,1173,0.0489543907,1432.8077051019,393.7263035803
130.6402642000,1174,0.0489543907,1432.8077051019,393.7263035803
130.7554655000,1175,0.0489543907,1432.8077051019,393.7263035803
130.8670077000,1176,0.0489543907,1432.8077051019,393.7263035803
130.9750726000,1177,0.0489543907,1432.8077051019,393.7263035803
131.0858569000,1178,0.0489543907,1432.8077051019,393.7263035803
131.1958435000,1179,0.0489543907,1432.8077051019,393.7263035803
131.2983369000,1180,0.0489543907,1432.8077051019,393.7263035803
131.4031049000,1181,0.0489543907,1432.8077051019,393.7263035803
131.5095336000,1182,0.0489543907,1432.8077051019,393.7263035803
131.6179572000,1183,0.0489543907,1432.8077051019,393.7263035803
131.7280008000,1184,0.0489543907,1432.8077051019,393.7263035803
131.8434345000,1185,0.0489543907,1432.8077051019,393.7263035803
131.9537339000,1186,0.0489543907,1432.8077051019,393.7263035803
132.0661783000,1187,0.0489543907,1432.8077051019,393.7263035803
132.1815351000,1188,0.0489516895,1432.8077051019,393.6947731570
132.2880686000,1189,0.0489516895,1432.8077051019,393.6947731570
132.3944203000,1190,0.0489516895,1432.8077051019,393.6947731570
132.5022539000,1191,0.0489516895,1432.8077051019,393.6947731570
132.6117040000,1192,0.0489516895,1432.8077051019,393.6947731570
132.7149537000,1193,0.0489358410,1432.8077051019,393.5097730980
132.8239587000,1194,0.0489358410,1432.8077051019,393.5097730980
132.9307008000,1195,0.0489358410,1432.8077051019,393.5097730980
133.0344811000,1196,0.0486124961,1432.8077051019,389.7353663353
133.1402890000,1197,0.0486124961,1432.8077051019,389.7353663353
133.2472152000,1198,0.0486124961,1432.8077051019,389.7353663353
133.3536191000,1199,0.0486124961,1432.8077051019,389.7353663353
133.4601539000,1200,0.0486124961,1432.8077051019,389.7353663353
133.5657869000,1201,0.0486124961,1432.8077051019,389.7353663353
133.6705761000,1202,0.0486124961,1432.8077051019,389.7353663353
133.7800764000,1203,0.0486124961,1432.8077051019,389.7353663353
133.8937445000,1204,0.0486124961,1432.8077051019,389.7353663353
134.0008021000,1205,0.0486124961,1432.8077051019,389.7353663353
134.1128466000,1206,0.0486124961,1432.8077051019,389.7353663353
134.2251551000,1207,0.0486124961,1432.8077051019,389.7353663353
134.3335271000,1208,0.0486124961,1432.8077051019,389.7353663353
134.4438571000,1209,0.0486124961,1432.8077051019,389.7353663353
134.5534394000,1210,0.0486124961,1432.8077051019,389.7353663353
134.6618460000,1211,0.0486124961,1432.8077051019,389.7353663353
134.7678722000,1212,0.0486124961,1432.8077051019,389.7353663353
134.8730859000,1213,0.0486124961,1432.8077051019,389.7353663353
134.9772045000,1214,0.0486124961,1432.8077051019,389.7353663353
135.0861526000,1215,0.0486124961,1432.8077051019,389.7353663353
135.1909391000,1216,0.0486124961,1432.8077051019,389.7353663353
135.2886857000,1217,0.0486124961,1432.8077051019,389.7353663353
135.3904532000,1218,0.0485928184,1432.8077051019,389.5056684847
135.4916086000,1219,0.0485928184,1432.8077051019,389.5056684847
135.6005470000,1220,0.0485928184,1432.8077051019,389.5056684847
135.7052167000,1221,0.0485928184,1432.8077051019,389.5056684847
135.8104890000,1222,0.0485928184,1432.8077051019,389.5056684847
135.9149942000,1223,0.0485928184,1432.8077051019,389.5056684847
136.0257852000,1224,0.0485928184,1432.8077051019,389.5056684847
136.1305795000,1225,0.0485928184,1432.8077051019,389.5056684847
136.2358985000,1226,0.0485928184,1432.8077051019,389.5056684847
136.3429838000,1227,0.0485928184,1432.8077051019,389.5056684847
136.4495700000,1228,0.0485928184,1432.8077051019,389.5056684847
136.5518418000,1229,0.0485928184,1432.8077051019,389.5056684847
136.6545494000,1230,0.0485928184,1432.8077051019,389.5056684847
136.7602326000,1231,0.0485918564,1432.8077051019,389.4944390268
136.8666520000,1232,0.0485918564,1432.8077051019,389.4944390268
136.9691578000,1233,0.0485918564,1432.8077051019,389.4944390268
137.0693076000,1234,0.0485918564,1432.8077051019,389.4944390268
137.1786780000,1235,0.0485357698,1432.8077051019,388.8397397830
137.2803174000,1236,0.0485357698,1432.8077051019,388.8397397830
137.3850968000,1237,0.0485357698,1432.8077051019,388.8397397830
137.4921266000,1238,0.0485357698,1432.8077051019,388.8397397830
137.5963438000,1239,0.0485357698,1432.8077051019,388.8397397830
137.6960078000,1240,0.0485357698,1432.8077051019,388.8397397830
137.8010913000,1241,0.0485357698,1432.8077051019,388.8397397830
137.9016895000,1242,0.0485357698,1432.8077051019,388.8397397830
138.0015878000,1243,0.0485357698,1432.8077051019,388.8397397830
138.1118774000,1244,0.0485357698,1432.8077051019,388.8397397830
138.2167052000,1245,0.0485357698,1432.8077051019,388.8397397830
138.3173571000,1246,0.0485357698,1432.8077051019,388.8397397830
138.4127334000,1247,0.0485357698,1432.8077051019,388.8397397830
138.5182167000,1248,0.0485357698,1432.8077051019,388.8397397830
138.6192084000,1249,0.0485357698,1432.8077051019,388.8397397830
138.7198808000,1250,0.0485357698,1432.8077051019,388.8397397830
138.8199397000,1251,0.0485229246,1432.8077051019,388.6897974995
138.9455338000,1252,0.0485229246,1432.8077051019,388.6897974995
139.0629436000,1253,0.0485229246,1432.8077051019,388.6897974995
139.1682635000,1254,0.0485229246,1432.8077051019,388.6897974995
139.2720322000,1255,0.0485229246,1432.8077051019,388.6897974995
139.3694120000,1256,0.0485229246,1432.8077051019,388.6897974995
139.4710159000,1257,0.0484560981,1432.8077051019,387.9097321094
139.5715236000,1258,0.0484560981,1432.8077051019,387.9097321094
139.6816905000,1259,0.0484560981,1432.8077051019,387.9097321094
139.8088128000,1260,0.0484560981,1432.8077051019,387.9097321094
139.9240290000,1261,0.0484560981,1432.8077051019,387.9097321094
140.0299655000,1262,0.0484560981,1432.8077051019,387.9097321094
140.1456985000,1263,0.0484560981,1432.8077051019,387.9097321094
140.2529323000,1264,0.0484560981,1432.8077051019,387.9097321094
140.3583411000,1265,0.0484560981,1432.8077051019,387.9097321094
140.4659039000,1266,0.0484560981,1432.8077051019,387.9097321094
140.5807481000,1267,0.0484560981,1432.8077051019,387.9097321094
140.6880174000,1268,0.0484560981,1432.8077051019,387.9097321094
140.7941664000,1269,0.0484560981,1432.8077051019,387.9097321094
140.8919697000,1270,0.0484560981,1432.8077051019,387.9097321094
140.9930518000,1271,0.0484560981,1432.8077051019,387.9097321094
141.0935610000,1272,0.0484560981,1432.8077051019,387.9097321094
141.2040588000,1273,0.0484431418,1432.8077051019,387.7584922111
141.3109996000,1274,0.0484268652,1432.8077051019,387.5684959536
141.4157952000,1275,0.0484268652,1432.8077051019,387.5684959536
141.5222213000,1276,0.0484268652,1432.8077051019,387.5684959536
141.6331840000,1277,0.0484268652,1432.8077051019,387.5684959536
141.7479047000,1278,0.0484268652,1432.8077051019,387.5684959536
141.8433054000,1279,0.0484268652,1432.8077051019,387.5684959536
141.9397552000,1280,0.0484268652,1432.8077051019,387.5684959536
142.0607122000,1281,0.0484268652,1432.8077051019,387.5684959536
142.1850749000,1282,0.0484268652,1432.8077051019,387.5684959536
142.3018784000,1283,0.0484268652,1432.8077051019,387.5684959536
142.4055229000,1284,0.0484268652,1432.8077051019,387.5684959536
142.5114450000,1285,0.0484268652,1432.8077051019,387.5684959536
142.6232876000,1286,0.0484268652,1432.8077051019,387.5684959536
142.7361542000,1287,0.0484249538,1432.8077051019,387.5461841459
142.8485543000,1288,0.0484249538,1432.8077051019,387.5461841459
142.9718167000,1289,0.0484249538,1432.8077051019,387.5461841459
143.0785294000,1290,0.0484249538,1432.8077051019,387.5461841459
143.1994752000,1291,0.0484249538,1432.8077051019,387.5461841459
143.3105763000,1292,0.0484249538,1432.8077051019,387.5461841459
143.4150898000,1293,0.0484249538,1432.8077051019,387.5461841459
143.5262948000,1294,0.0484249538,1432.8077051019,387.5461841459
143.6358380000,1295,0.0484249538,1432.8077051019,387.5461841459
143.7509352000,1296,0.0484249538,1432.8077051019,387.5461841459
143.8609273000,1297,0.0483678257,1419.8326518691,388.4886908739
143.9609695000,1298,0.0483678257,1419.8326518691,388.4886908739
144.0726812000,1299,0.0483678257,1419.8326518691,388.4886908739
144.1769491000,1300,0.0483678257,1419.8326518691,388.4886908739
144.2761708000,1301,0.0483678257,1419.8326518691,388.4886908739
144.3764865000,1302,0.0483678257,1419.8326518691,388.4886908739
144.4768619000,1303,0.0483678257,1419.8326518691,388.4886908739
144.5746649000,1304,0.0483678257,1419.8326518691,388.4886908739
144.6802002000,1305,0.0483678257,1419.8326518691,388.4886908739
144.7844601000,1306,0.0483678257,1419.8326518691,388.4886908739
144.8920279000,1307,0.0483678257,1419.8326518691,388.4886908739
145.0045571000,1308,0.0483678257,1419.8326518691,388.4886908739
145.1268004000,1309,0.0483678257,1419.8326518691,388.4886908739
145.2308760000,1310,0.0483678257,1419.8326518691,388.4886908739
145.3395711000,1311,0.0483678257,1419.8326518691,388.4886908739
145.4609944000,1312,0.0483678257,1419.8326518691,388.4886908739
145.5668818000,1313,0.0483678257,1419.8326518691,388.4886908739
145.6716842000,1314,0.0483574174,1419.8326518691,388.3671944227
145.7901022000,1315,0.0483574174,1419.8326518691,388.3671944227
145.8944552000,1316,0.0483574174,1419.8326518691,388.3671944227
146.0000122000,1317,0.0483574174,1419.8326518691,388.3671944227
146.0990818000,1318,0.0483574174,1419.8326518691,388.3671944227
146.2052496000,1319,0.0483574174,1419.8326518691,388.3671944227
146.3174183000,1320,0.0483574174,1419.8326518691,388.3671944227
146.4463044000,1321,0.0483574174,1419.8326518691,388.3671944227
146.5555243000,1322,0.0483420854,1419.8326518691,388.1882235584
146.6677999000,1323,0.0483420854,1419.8326518691,388.1882235584
146.7863613000,1324,0.0483420854,1419.8326518691,388.1882235584
146.9057809000,1325,0.0483420854,1419.8326518691,388.1882235584
147.0183222000,1326,0.0483420854,1419.8326518691,388.1882235584
147.1315643000,1327,0.0483420854,1419.8326518691,388.1882235584
147.2421141000,1328,0.0483420854,1419.8326518691,388.1882235584
147.3539360000,1329,0.0483420854,1419.8326518691,388.1882235584
147.4664395000,1330,0.0483420854,1419.8326518691,388.1882235584
147.5848867000,1331,0.0483420854,1419.8326518691,388.1882235584
147.7022323000,1332,0.0483420854,1419.8326518691,388.1882235584
147.8116662000,1333,0.0483420854,1419.8326518691,388.1882235584
147.9111232000,1334,0.0483420854,1419.8326518691,388.1882235584
148.0090277000,1335,0.0483420854,1419.8326518691,388.1882235584
148.1092410000,1336,0.0483420854,1419.8326518691,388.1882235584
148.2147238000,1337,0.0483420854,1419.8326518691,388.1882235584
148.3288973000,1338,0.0483420854,1419.8326518691,388.1882235584
148.4356969000,1339,0.0483420854,1419.8326518691,388.1882235584
148.5656752000,1340,0.0483209421,1432.8077051019,386.3320547408
148.6749034000,1341,0.0483209421,1432.8077051019,386.3320547408
148.7843901000,1342,0.0483209421,1432.8077051019,386.3320547408
148.8928417000,1343,0.0483209421,1432.8077051019,386.3320547408
149.0016830000,1344,0.0483209421,1432.8077051019,386.3320547408
149.1084961000,1345,0.0483209421,1432.8077051019,386.3320547408
149.2147435000,1346,0.0483209421,1432.8077051019,386.3320547408
149.3398077000,1347,0.0483209421,1432.8077051019,386.3320547408
149.4538156000,1348,0.0483209421,1432.8077051019,386.3320547408
149.5736884000,1349,0.0483209421,1432.8077051019,386.3320547408
149.6779222000,1350,0.0483209421,1432.8077051019,386.3320547408
149.7929663000,1351,0.0483209421,1432.8077051019,386.3320547408
149.9130874000,1352,0.0483209421,1432.8077051019,386.3320547408
150.0244271000,1353,0.0483209421,1432.8077051019,386.3320547408
150.1359204000,1354,0.0483209421,1432.8077051019,386.3320547408
150.2495234000,1355,0.0483209421,1432.8077051019,386.3320547408
150.3684022000,1356,0.0482793881,1419.8326518691,387.4563577671
150.4842718000,1357,0.0482793881,1419.8326518691,387.4563577671
150.6009919000,1358,0.0482793881,1419.8326518691,387.4563577671
150.7383410000,1359,0.0482793881,1419.8326518691,387.4563577671
150.8633670000,1360,0.0482793881,1419.8326518691,387.4563577671
150.9713042000,1361,0.0482793881,1419.8326518691,387.4563577671
151.0857601000,1362,0.0482793881,1419.8326518691,387.4563577671
151.1985024000,1363,0.0482793881,1419.8326518691,387.4563577671
151.3134191000,1364,0.0482793881,1419.8326518691,387.4563577671
151.4389227000,1365,0.0482793881,1419.8326518691,387.4563577671
151.5561653000,1366,0.0482793881,1419.8326518691,387.4563577671
151.6721837000,1367,0.0482793881,1419.8326518691,387.4563577671
151.7929951000,1368,0.0482793881,1419.8326518691,387.4563577671
151.9009175000,1369,0.0482793881,1419.8326518691,387.4563577671
152.0090148000,1370,0.0482793881,1419.8326518691,387.4563577671
152.1250218000,1371,0.0482793881,1419.8326518691,387.4563577671
152.2345357000,1372,0.0482793881,1419.8326518691,387.4563577671
152.3433733000,1373,0.0482793881,1419.8326518691,387.4563577671
152.4546958000,1374,0.0482502222,1419.8326518691,387.1159047064
152.5672205000,1375,0.0482502222,1419.8326518691,387.1159047064
152.6749982000,1376,0.0482502222,1419.8326518691,387.1159047064
152.7912694000,1377,0.0482480445,1419.8326518691,387.0904844241
152.9053889000,1378,0.0482480445,1419.8326518691,387.0904844241
153.0144349000,1379,0.0482480445,1419.8326518691,387.0904844241
153.1322836000,1380,0.0482480445,1419.8326518691,387.0904844241
153.2494589000,1381,0.0482382676,1419.8326518691,386.9763577671
153.3656997000,1382,0.0482382676,1419.8326518691,386.9763577671
153.4789496000,1383,0.0482382676,1419.8326518691,386.9763577671
153.5944391000,1384,0.0482382676,1419.8326518691,386.9763577671
153.7077740000,1385,0.0482382676,1419.8326518691,386.9763577671
153.8485518000,1386,0.0482274357,1419.8326518691,386.8499171291
153.9637952000,1387,0.0482274357,1419.8326518691,386.8499171291
154.0761860000,1388,0.0482274357,1419.8326518691,386.8499171291
154.1890370000,1389,0.0482274357,1419.8326518691,386.8499171291
154.3085599000,1390,0.0480396547,1419.8326518691,384.6579492977
154.4132358000,1391,0.0480396547,1419.8326518691,384.6579492977
154.5281502000,1392,0.0480396547,1419.8326518691,384.6579492977
154.6391074000,1393,0.0480396547,1419.8326518691,384.6579492977
154.7579627000,1394,0.0480396547,1419.8326518691,384.6579492977
154.8697821000,1395,0.0480396547,1419.8326518691,384.6579492977
154.9763336000,1396,0.0480396547,1419.8326518691,384.6579492977
155.0817886000,1397,0.0480396547,1419.8326518691,384.6579492977
155.1891592000,1398,0.0480396547,1419.8326518691,384.6579492977
155.3049101000,1399,0.0480396547,1419.8326518691,384.6579492977
155.4158648000,1400,0.0480396547,1419.8326518691,384.6579492977
155.5202674000,1401,0.0480396547,1419.8326518691,384.6579492977
155.6389290000,1402,0.0480396547,1419.8326518691,384.6579492977
155.7504242000,1403,0.0480396547,1419.8326518691,384.6579492977
155.8638793000,1404,0.0480396547,1419.8326518691,384.6579492977
155.9734781000,1405,0.0480396547,1419.8326518691,384.6579492977
156.0846157000,1406,0.0480396547,1419.8326518691,384.6579492977
156.1949738000,1407,0.0480396547,1419.8326518691,384.6579492977
156.3006960000,1408,0.0480396547,1419.8326518691,384.6579492977
156.4110588000,1409,0.0480396547,1419.8326518691,384.6579492977
156.5193033000,1410,0.0480298190,1419.8326518691,384.5431367152
156.6233817000,1411,0.0480077367,1419.8326518691,384.2853701712
156.7359666000,1412,0.0480077367,1419.8326518691,384.2853701712
156.8410496000,1413,0.0480077367,1419.8326518691,384.2853701712
156.9468335000,1414,0.0480077367,1419.8326518691,384.2853701712
157.0527370000,1415,0.0480077367,1419.8326518691,384.2853701712
157.1612129000,1416,0.0480077367,1419.8326518691,384.2853701712
157.2676289000,1417,0.0480077367,1419.8326518691,384.2853701712
157.3692368000,1418,0.0480077367,1419.8326518691,384.2853701712
157.4764204000,1419,0.0480077367,1419.8326518691,384.2853701712
157.5804680000,1420,0.0480077367,1419.8326518691,384.2853701712
157.6881095000,1421,0.0480077367,1419.8326518691,384.2853701712
157.8018126000,1422,0.0480077367,1419.8326518691,384.2853701712
157.9099720000,1423,0.0480077367,1419.8326518691,384.2853701712
158.0120058000,1424,0.0480077367,1419.8326518691,384.2853701712
158.1235141000,1425,0.0480077367,1419.8326518691,384.2853701712
158.2381407000,1426,0.0479653926,1413.5066596310,384.5757320887
158.3493188000,1427,0.0479653926,1413.5066596310,384.5757320887
158.4516634000,1428,0.0479653926,1413.5066596310,384.5757320887
158.5614071000,1429,0.0479653926,1413.5066596310,384.5757320887
158.6731620000,1430,0.0479653926,1413.5066596310,384.5757320887
158.7870986000,1431,0.0479653926,1413.5066596310,384.5757320887
158.8962932000,1432,0.0479653926,1413.5066596310,384.5757320887
159.0109138000,1433,0.0479653926,1413.5066596310,384.5757320887
159.1122672000,1434,0.0479653926,1413.5066596310,384.5757320887
159.2235734000,1435,0.0479653926,1413.5066596310,384.5757320887
159.3337741000,1436,0.0479653926,1413.5066596310,384.5757320887
159.4431089000,1437,0.0479653926,1413.5066596310,384.5757320887
159.5466964000,1438,0.0479653926,1413.5066596310,384.5757320887
159.6783580000,1439,0.0479653926,1413.5066596310,384.5757320887
159.7849747000,1440,0.0479653926,1413.5066596310,384.5757320887
159.8989525000,1441,0.0479653926,1413.5066596310,384.5757320887
160.0159574000,1442,0.0479653926,1413.5066596310,384.5757320887
160.1270554000,1443,0.0479653926,1413.5066596310,384.5757320887
160.2422871000,1444,0.0479653926,1413.5066596310,384.5757320887
160.3556715000,1445,0.0479653926,1413.5066596310,384.5757320887
160.4724785000,1446,0.0479653926,1413.5066596310,384.5757320887
160.5815341000,1447,0.0479653926,1413.5066596310,384.5757320887
160.6882459000,1448,0.0479653926,1413.5066596310,384.5757320887
160.7983017000,1449,0.0479653926,1413.5066596310,384.5757320887
160.9080574000,1450,0.0479653926,1413.5066596310,384.5757320887
161.0195841000,1451,0.0479653926,1413.5066596310,384.5757320887
161.1190657000,1452,0.0479653926,1413.5066596310,384.5757320887
161.2156903000,1453,0.0479653926,1413.5066596310,384.5757320887
161.3221993000,1454,0.0479653926,1413.5066596310,384.5757320887
161.4322742000,1455,0.0479653926,1413.5066596310,384.5757320887
161.5420981000,1456,0.0479653926,1413.5066596310,384.5757320887
161.6501921000,1457,0.0479653926,1413.5066596310,384.5757320887
161.7612188000,1458,0.0479653926,1413.5066596310,384.5757320887
161.8700260000,1459,0.0479653926,1413.5066596310,384.5757320887
161.9828570000,1460,0.0479653926,1413.5066596310,384.5757320887
162.0858421000,1461,0.0479653926,1413.5066596310,384.5757320887
162.1965510000,1462,0.0479653926,1413.5066596310,384.5757320887
162.3097894000,1463,0.0479653926,1413.5066596310,384.5757320887
162.4165161000,1464,0.0479653926,1413.5066596310,384.5757320887
162.5246968000,1465,0.0479653926,1413.5066596310,384.5757320887
162.6410114000,1466,0.0479653926,1413.5066596310,384.5757320887
162.7495358000,1467,0.0479619062,1413.5066596310,384.5350358993
162.8588114000,1468,0.0479543265,1413.5066596310,384.4465573900
162.9673387000,1469,0.0479543265,1413.5066596310,384.4465573900
163.0721540000,1470,0.0479543265,1413.5066596310,384.4465573900
163.1670859000,1471,0.0479420118,1413.5066596310,384.3028083487
163.2726518000,1472,0.0479420118,1413.5066596310,384.3028083487
163.3788716000,1473,0.0479420118,1413.5066596310,384.3028083487
163.4889944000,1474,0.0479420118,1413.5066596310,384.3028083487
163.5956924000,1475,0.0479420118,1413.5066596310,384.3028083487
163.7053689000,1476,0.0479420118,1413.5066596310,384.3028083487
163.8164521000,1477,0.0477324172,1413.5066596310,381.8562089743
163.9248663000,1478,0.0477324172,1413.5066596310,381.8562089743
164.0322970000,1479,0.0477324172,1413.5066596310,381.8562089743
164.1390280000,1480,0.0477324172,1413.5066596310,381.8562089743
164.2487408000,1481,0.0477324172,1413.5066596310,381.8562089743
164.3638271000,1482,0.0477324172,1413.5066596310,381.8562089743
164.4705985000,1483,0.0477324172,1413.5066596310,381.8562089743
164.5775746000,1484,0.0477324172,1413.5066596310,381.8562089743
164.6876647000,1485,0.0477324172,1413.5066596310,381.8562089743
164.8084627000,1486,0.0477324172,1413.5066596310,381.8562089743
164.9203442000,1487,0.0477324172,1413.5066596310,381.8562089743
165.0316168000,1488,0.0477324172,1413.5066596310,381.8562089743
165.1358525000,1489,0.0477324172,1413.5066596310,381.8562089743
165.2507867000,1490,0.0477324172,1413.5066596310,381.8562089743
165.3619656000,1491,0.0477324172,1413.5066596310,381.8562089743
165.4764425000,1492,0.0477324172,1413.5066596310,381.8562089743
165.5863715000,1493,0.0477324172,1413.5066596310,381.8562089743
165.6921900000,1494,0.0477324172,1413.5066596310,381.8562089743
165.8043920000,1495,0.0477324172,1413.5066596310,381.8562089743
165.9116960000,1496,0.0477324172,1413.5066596310,381.8562089743
166.0234862000,1497,0.0477192131,1413.5066596310,381.7020778129
166.1300528000,1498,0.0477192131,1413.5066596310,381.7020778129
166.2496496000,1499,0.0477192131,1413.5066596310,381.7020778129
166.3629154000,1500,0.0477192131,1413.5066596310,381.7020778129
166.4790829000,1501,0.0477192131,1413.5066596310,381.7020778129
166.5920986000,1502,0.0477192131,1413.5066596310,381.7020778129
166.7092573000,1503,0.0477192131,1413.5066596310,381.7020778129
166.8215202000,1504,0.0477192131,1413.5066596310,381.7020778129
166.9354602000,1505,0.0477192131,1413.5066596310,381.7020778129
167.0518310000,1506,0.0477192131,1413.5066596310,381.7020778129
167.1635183000,1507,0.0477192131,1413.5066596310,381.7020778129
167.2720035000,1508,0.0477192131,1413.5066596310,381.7020778129
167.3882072000,1509,0.0477192131,1413.5066596310,381.7020778129
167.4985139000,1510,0.0477192131,1413.5066596310,381.7020778129
167.6057417000,1511,0.0477192131,1413.5066596310,381.7020778129
167.7156137000,1512,0.0477192131,1413.5066596310,381.7020778129
167.8277555000,1513,0.0477192131,1413.5066596310,381.7020778129
167.9390385000,1514,0.0477192131,1413.5066596310,381.7020778129
168.0432190000,1515,0.0477192131,1413.5066596310,381.7020778129
168.1555605000,1516,0.0477192131,1413.5066596310,381.7020778129
168.2635801000,1517,0.0477192131,1413.5066596310,381.7020778129
168.3751416000,1518,0.0477065516,1413.5066596310,381.5542805971
168.4857267000,1519,0.0477065516,1413.5066596310,381.5542805971
168.5957749000,1520,0.0477065516,1413.5066596310,381.5542805971
168.7071265000,1521,0.0476606941,1413.5066596310,381.0189855856
168.8222866000,1522,0.0476606941,1413.5066596310,381.0189855856
168.9352861000,1523,0.0476606941,1413.5066596310,381.0189855856
169.0496558000,1524,0.0476606941,1413.5066596310,381.0189855856
169.1620253000,1525,0.0476606941,1413.5066596310,381.0189855856
169.2795812000,1526,0.0476606941,1413.5066596310,381.0189855856
169.3882447000,1527,0.0476606941,1413.5066596310,381.0189855856
169.5004197000,1528,0.0476606941,1413.5066596310,381.0189855856
169.6058653000,1529,0.0476606941,1413.5066596310,381.0189855856
169.7154492000,1530,0.0476606941,1413.5066596310,381.0189855856
169.8260479000,1531,0.0476606941,1413.5066596310,381.0189855856
169.9316200000,1532,0.0476606941,1413.5066596310,381.0189855856
170.0366273000,1533,0.0476606941,1413.5066596310,381.0189855856
170.1545921000,1534,0.0476606941,1413.5066596310,381.0189855856
170.2686254000,1535,0.0476606941,1413.5066596310,381.0189855856
170.3762993000,1536,0.0476606941,1413.5066596310,381.0189855856
170.4875702000,1537,0.0476606941,1413.5066596310,381.0189855856
170.5991553000,1538,0.0476606941,1413.5066596310,381.0189855856
170.7133148000,1539,0.0476541911,1413.5066596310,380.9430757917
170.8540334000,1540,0.0476541911,1413.5066596310,380.9430757917
170.9612857000,1541,0.0476541911,1413.5066596310,380.9430757917
171.0668895000,1542,0.0476541911,1413.5066596310,380.9430757917
171.1767055000,1543,0.0476541911,1413.5066596310,380.9430757917
171.2860355000,1544,0.0476541911,1413.5066596310,380.9430757917
171.3979890000,1545,0.0476541911,1413.5066596310,380.9430757917
171.5052775000,1546,0.0476529067,1413.5066596310,380.9280824927
171.6103367000,1547,0.0476529067,1413.5066596310,380.9280824927
171.7179146000,1548,0.0476529067,1413.5066596310,380.9280824927
171.8292393000,1549,0.0476529067,1413.5066596310,380.9280824927
171.9391566000,1550,0.0476477792,1413.5066596310,380.8682297464
172.0478280000,1551,0.0476477792,1413.5066596310,380.8682297464
172.1537589000,1552,0.0476477792,1413.5066596310,380.8682297464
172.2535973000,1553,0.0476477792,1413.5066596310,380.8682297464
172.3475080000,1554,0.0476477792,1413.5066596310,380.8682297464
172.4457407000,1555,0.0476477792,1413.5066596310,380.8682297464
172.5507679000,1556,0.0476477792,1413.5066596310,380.8682297464
172.6576490000,1557,0.0476477792,1413.5066596310,380.8682297464
172.7702134000,1558,0.0476477792,1413.5066596310,380.8682297464
172.8758800000,1559,0.0476477792,1413.5066596310,380.8682297464
172.9840933000,1560,0.0476429236,1413.5066596310,380.8115503404
173.0959205000,1561,0.0476255606,1413.5066596310,380.6088716481
173.2068712000,1562,0.0476255606,1413.5066596310,380.6088716481
173.3225731000,1563,0.0476255606,1413.5066596310,380.6088716481
173.4336991000,1564,0.0476254052,1413.5066596310,380.6070571412
173.5464924000,1565,0.0476254052,1413.5066596310,380.6070571412
173.6571955000,1566,0.0476130548,1413.5066596310,380.4628911338
173.7694721000,1567,0.0476130548,1413.5066596310,380.4628911338
173.8806516000,1568,0.0476130548,1413.5066596310,380.4628911338
173.9899106000,1569,0.0476130548,1413.5066596310,380.4628911338
174.0947860000,1570,0.0476130548,1413.5066596310,380.4628911338
174.1992660000,1571,0.0476130548,1413.5066596310,380.4628911338
174.3046282000,1572,0.0476130548,1413.5066596310,380.4628911338
174.4116208000,1573,0.0476130548,1413.5066596310,380.4628911338
174.5219951000,1574,0.0476130548,1413.5066596310,380.4628911338
174.6294806000,1575,0.0476069854,1413.5066596310,380.3920427056
174.7436666000,1576,0.0476069854,1413.5066596310,380.3920427056
174.8607650000,1577,0.0476069854,1413.5066596310,380.3920427056
174.9720515000,1578,0.0476069854,1413.5066596310,380.3920427056
175.0908823000,1579,0.0476069854,1413.5066596310,380.3920427056
175.2003499000,1580,0.0476069854,1413.5066596310,380.3920427056
175.3119744000,1581,0.0476069854,1413.5066596310,380.3920427056
175.4187967000,1582,0.0476069854,1413.5066596310,380.3920427056
175.5252433000,1583,0.0475586510,1413.5066596310,379.8278361237
175.6291194000,1584,0.0475586510,1413.5066596310,379.8278361237
175.7439258000,1585,0.0475586510,1413.5066596310,379.8278361237
175.8582307000,1586,0.0475586510,1413.5066596310,379.8278361237
175.9572269000,1587,0.0475586510,1413.5066596310,379.8278361237
176.0593906000,1588,0.0475586510,1413.5066596310,379.8278361237
176.1617306000,1589,0.0475586510,1413.5066596310,379.8278361237
176.2688608000,1590,0.0475586510,1413.5066596310,379.8278361237
176.3776259000,1591,0.0475586510,1413.5066596310,379.8278361237
176.4839647000,1592,0.0473910489,1413.5066596310,377.8714147436
176.5862669000,1593,0.0473910489,1413.5066596310,377.8714147436
176.6955247000,1594,0.0473910489,1413.5066596310,377.8714147436
176.8049776000,1595,0.0473910489,1413.5066596310,377.8714147436
176.9133417000,1596,0.0473910489,1413.5066596310,377.8714147436
177.0210806000,1597,0.0473910489,1413.5066596310,377.8714147436
177.1201629000,1598,0.0473910489,1413.5066596310,377.8714147436
177.2287475000,1599,0.0473910489,1413.5066596310,377.8714147436
177.3362335000,1600,0.0473910489,1413.5066596310,377.8714147436
177.4553293000,1601,0.0473910489,1413.5066596310,377.8714147436
177.5634596000,1602,0.0473910489,1413.5066596310,377.8714147436
177.6670233000,1603,0.0473910489,1413.5066596310,377.8714147436
177.7766067000,1604,0.0473910489,1413.5066596310,377.8714147436
177.8935406000,1605,0.0473910489,1413.5066596310,377.8714147436
178.0038835000,1606,0.0473910489,1413.5066596310,377.8714147436
178.1106819000,1607,0.0473843511,1413.5066596310,377.7932317068
178.2137538000,1608,0.0473843511,1413.5066596310,377.7932317068
178.3153241000,1609,0.0473843511,1413.5066596310,377.7932317068
178.4242813000,1610,0.0473741642,1413.5066596310,377.6743196839
178.5353066000,1611,0.0473741642,1413.5066596310,377.6743196839
178.6550156000,1612,0.0473741642,1413.5066596310,377.6743196839
178.7658353000,1613,0.0473695857,1413.5066596310,377.6208754914
178.8721777000,1614,0.0473695857,1413.5066596310,377.6208754914
178.9814139000,1615,0.0473695857,1413.5066596310,377.6208754914
179.0853504000,1616,0.0473464664,1413.5066596310,377.3510039352
179.1923136000,1617,0.0473464664,1413.5066596310,377.3510039352
179.3029851000,1618,0.0473464664,1413.5066596310,377.3510039352
179.4120440000,1619,0.0473464664,1413.5066596310,377.3510039352
179.5211869000,1620,0.0473464664,1413.5066596310,377.3510039352
179.6354635000,1621,0.0473464664,1413.5066596310,377.3510039352
179.7485007000,1622,0.0473177269,1413.5066596310,377.0155273141
179.8594017000,1623,0.0473177269,1413.5066596310,377.0155273141
179.9689203000,1624,0.0473177269,1413.5066596310,377.0155273141
180.0804284000,1625,0.0473177269,1413.5066596310,377.0155273141
180.1869921000,1626,0.0473177269,1413.5066596310,377.0155273141
180.2981390000,1627,0.0473177269,1413.5066596310,377.0155273141
180.4072167000,1628,0.0473177269,1413.5066596310,377.0155273141
180.5090239000,1629,0.0473177269,1413.5066596310,377.0155273141
180.6173281000,1630,0.0472893886,1413.5066596310,376.6847342762
180.7340070000,1631,0.0472893886,1413.5066596310,376.6847342762
180.8615020000,1632,0.0472893886,1413.5066596310,376.6847342762
180.9755483000,1633,0.0472893886,1413.5066596310,376.6847342762
181.0824951000,1634,0.0472893886,1413.5066596310,376.6847342762
181.1940269000,1635,0.0472893886,1413.5066596310,376.6847342762
181.3052312000,1636,0.0472893886,1413.5066596310,376.6847342762
181.4141607000,1637,0.0472893886,1413.5066596310,376.6847342762
181.5313583000,1638,0.0472893886,1413.5066596310,376.6847342762
181.6387615000,1639,0.0472893886,1413.5066596310,376.6847342762
181.7414034000,1640,0.0472893886,1413.5066596310,376.6847342762
181.8516056000,1641,0.0472893886,1413.5066596310,376.6847342762
181.9635908000,1642,0.0472893886,1413.5066596310,376.6847342762
182.0756515000,1643,0.0472858386,1413.5066596310,376.6432946013
182.1852358000,1644,0.0472858386,1413.5066596310,376.6432946013
182.2989174000,1645,0.0472858386,1413.5066596310,376.6432946013
182.4136182000,1646,0.0472858386,1413.5066596310,376.6432946013
182.5215129000,1647,0.0472737893,1413.5066596310,376.5026436569
182.6263465000,1648,0.0472737893,1413.5066596310,376.5026436569
182.7355330000,1649,0.0472737893,1413.5066596310,376.5026436569
182.8436453000,1650,0.0472737893,1413.5066596310,376.5026436569
182.9441488000,1651,0.0472737893,1413.5066596310,376.5026436569
183.0497180000,1652,0.0472737893,1413.5066596310,376.5026436569
183.1504014000,1653,0.0472737893,1413.5066596310,376.5026436569
183.2541352000,1654,0.0472737893,1413.5066596310,376.5026436569
183.3553045000,1655,0.0472737893,1413.5066596310,376.5026436569
183.4627730000,1656,0.0472013520,1413.3266596310,375.6794086213
183.5658009000,1657,0.0472013520,1413.3266596310,375.6794086213
183.6635796000,1658,0.0472013520,1413.3266596310,375.6794086213
183.7748433000,1659,0.0472013520,1413.3266596310,375.6794086213
183.8748884000,1660,0.0472013520,1413.3266596310,375.6794086213
183.9867521000,1661,0.0472013520,1413.3266596310,375.6794086213
184.0980718000,1662,0.0472013520,1413.3266596310,375.6794086213
184.2258625000,1663,0.0472013520,1413.3266596310,375.6794086213
184.3342639000,1664,0.0472013520,1413.3266596310,375.6794086213
184.4593735000,1665,0.0472013520,1413.3266596310,375.6794086213
184.5874099000,1666,0.0471953964,1413.5066596310,375.5875621496
184.6980708000,1667,0.0471953964,1413.5066596310,375.5875621496
184.8058889000,1668,0.0471953964,1413.5066596310,375.5875621496
184.9223504000,1669,0.0471953964,1413.5066596310,375.5875621496
185.0420965000,1670,0.0471953964,1413.5066596310,375.5875621496
185.1580420000,1671,0.0471953964,1413.5066596310,375.5875621496
185.2707393000,1672,0.0471953964,1413.5066596310,375.5875621496
185.3797442000,1673,0.0471953964,1413.5066596310,375.5875621496
185.4839312000,1674,0.0471953964,1413.5066596310,375.5875621496
185.5876968000,1675,0.0471953964,1413.5066596310,375.5875621496
185.7019217000,1676,0.0471953964,1413.5066596310,375.5875621496
185.8117677000,1677,0.0471953964,1413.5066596310,375.5875621496
185.9209101000,1678,0.0471953964,1413.5066596310,375.5875621496
186.0294835000,1679,0.0471953964,1413.5066596310,375.5875621496
186.1392826000,1680,0.0471953964,1413.5066596310,375.5875621496
186.2457745000,1681,0.0471953964,1413.5066596310,375.5875621496
186.3549852000,1682,0.0471953964,1413.5066596310,375.5875621496
186.4632828000,1683,0.0471953964,1413.5066596310,375.5875621496
186.5691566000,1684,0.0471952375,1413.5066596310,375.5857075114
186.6772948000,1685,0.0471952375,1413.5066596310,375.5857075114
186.7837773000,1686,0.0471952375,1413.5066596310,375.5857075114
186.8936015000,1687,0.0471952375,1413.5066596310,375.5857075114
187.0030089000,1688,0.0471952375,1413.5066596310,375.5857075114
187.1177156000,1689,0.0471952375,1413.5066596310,375.5857075114
187.2227046000,1690,0.0471952375,1413.5066596310,375.5857075114
187.3306820000,1691,0.0471952375,1413.5066596310,375.5857075114
187.4340849000,1692,0.0471952375,1413.5066596310,375.5857075114
187.5378845000,1693,0.0471952375,1413.5066596310,375.5857075114
187.6451213000,1694,0.0471828301,1413.5066596310,375.4408763766
187.7519500000,1695,0.0471828301,1413.5066596310,375.4408763766
187.8587224000,1696,0.0471828301,1413.5066596310,375.4408763766
187.9634667000,1697,0.0471828301,1413.5066596310,375.4408763766
188.0766950000,1698,0.0471732180,1411.3820000000,375.5922062403
188.1848093000,1699,0.0471732180,1411.3820000000,375.5922062403
188.2962917000,1700,0.0471732180,1411.3820000000,375.5922062403
188.4081429000,1701,0.0471732180,1411.3820000000,375.5922062403
188.5181358000,1702,0.0471732180,1411.3820000000,375.5922062403
188.6225223000,1703,0.0471732180,1411.3820000000,375.5922062403
188.7319680000,1704,0.0471732180,1411.3820000000,375.5922062403
188.8435154000,1705,0.0471613059,1413.5066596310,375.1896239637
188.9521491000,1706,0.0471613059,1413.5066596310,375.1896239637
189.0541494000,1707,0.0471613059,1413.5066596310,375.1896239637
189.1589166000,1708,0.0471613059,1413.5066596310,375.1896239637
189.2619141000,1709,0.0471613059,1413.5066596310,375.1896239637
189.3663305000,1710,0.0471613059,1413.5066596310,375.1896239637
189.4772018000,1711,0.0471613059,1413.5066596310,375.1896239637
189.5816836000,1712,0.0471613059,1413.5066596310,375.1896239637
189.6973145000,1713,0.0471613059,1413.5066596310,375.1896239637
189.8362532000,1714,0.0471613059,1413.5066596310,375.1896239637
189.9498131000,1715,0.0471613059,1413.5066596310,375.1896239637
190.0589460000,1716,0.0471613059,1413.5066596310,375.1896239637
190.1680670000,1717,0.0471613059,1413.5066596310,375.1896239637
190.2764921000,1718,0.0471613059,1413.5066596310,375.1896239637
190.3872101000,1719,0.0471613059,1413.5066596310,375.1896239637
190.4890604000,1720,0.0471613059,1413.5066596310,375.1896239637
190.5985752000,1721,0.0471613059,1413.5066596310,375.1896239637
190.6983966000,1722,0.0471613059,1413.5066596310,375.1896239637
190.8050253000,1723,0.0471613059,1413.5066596310,375.1896239637
190.9102369000,1724,0.0471613059,1413.5066596310,375.1896239637
191.0256066000,1725,0.0471609880,1413.5066596310,375.1859126248
191.1376321000,1726,0.0471609880,1413.5066596310,375.1859126248
191.2446856000,1727,0.0471609880,1413.5066596310,375.1859126248
191.3573630000,1728,0.0471609880,1413.5066596310,375.1859126248
191.4648992000,1729,0.0471609880,1413.5066596310,375.1859126248
191.5788892000,1730,0.0471609880,1413.5066596310,375.1859126248
191.6910941000,1731,0.0471609880,1413.5066596310,375.1859126248
191.8003861000,1732,0.0471609880,1413.5066596310,375.1859126248
191.9109783000,1733,0.0471609880,1413.5066596310,375.1859126248
192.0186664000,1734,0.0471609880,1413.5066596310,375.1859126248
192.1279715000,1735,0.0471609880,1413.5066596310,375.1859126248
192.2405305000,1736,0.0471579639,1413.5066596310,375.1506128063
192.3511765000,1737,0.0471579639,1413.5066596310,375.1506128063
192.4601788000,1738,0.0471579639,1413.5066596310,375.1506128063
192.5719412000,1739,0.0471579639,1413.5066596310,375.1506128063
192.6856669000,1740,0.0471579639,1413.5066596310,375.1506128063
192.7994783000,1741,0.0471579639,1413.5066596310,375.1506128063
192.9107138000,1742,0.0471579639,1413.5066596310,375.1506128063
193.0207321000,1743,0.0471579639,1413.5066596310,375.1506128063
193.1372492000,1744,0.0471579639,1413.5066596310,375.1506128063
193.2518104000,1745,0.0471579639,1413.5066596310,375.1506128063
193.3549735000,1746,0.0471579639,1413.5066596310,375.1506128063
193.4623625000,1747,0.0471579639,1413.5066596310,375.1506128063
193.5657554000,1748,0.0471579639,1413.5066596310,375.1506128063
193.6694396000,1749,0.0471579639,1413.5066596310,375.1506128063
193.7815421000,1750,0.0471579639,1413.5066596310,375.1506128063
193.8894537000,1751,0.0471227807,1413.5066596310,374.7399194894
193.9990379000,1752,0.0471227807,1413.5066596310,374.7399194894
194.1059487000,1753,0.0471227807,1413.5066596310,374.7399194894
194.2228729000,1754,0.0471227807,1413.5066596310,374.7399194894
194.3289414000,1755,0.0471227807,1413.5066596310,374.7399194894
194.4353136000,1756,0.0471227807,1413.5066596310,374.7399194894
194.5429652000,1757,0.0471227807,1413.5066596310,374.7399194894
194.6595757000,1758,0.0471227807,1413.5066596310,374.7399194894
194.7712006000,1759,0.0471227807,1413.5066596310,374.7399194894
194.8843620000,1760,0.0471227807,1413.5066596310,374.7399194894
195.0012751000,1761,0.0471227807,1413.5066596310,374.7399194894
195.1160291000,1762,0.0471227807,1413.5066596310,374.7399194894
195.2271885000,1763,0.0471227807,1413.5066596310,374.7399194894
195.3402225000,1764,0.0471227807,1413.5066596310,374.7399194894
195.4568690000,1765,0.0471227807,1413.5066596310,374.7399194894
195.5661809000,1766,0.0470993298,1413.5066596310,374.4661772144
195.6651008000,1767,0.0470636586,1413.5066596310,374.0497870764
195.7713669000,1768,0.0470636586,1413.5066596310,374.0497870764
195.8812050000,1769,0.0470636586,1413.5066596310,374.0497870764
195.9876831000,1770,0.0470636586,1413.5066596310,374.0497870764
196.0973957000,1771,0.0470636586,1413.5066596310,374.0497870764
196.2090517000,1772,0.0470636586,1413.5066596310,374.0497870764
196.3157708000,1773,0.0470636586,1413.5066596310,374.0497870764
196.4237005000,1774,0.0470636586,1413.5066596310,374.0497870764
196.5284512000,1775,0.0470636586,1413.5066596310,374.0497870764
196.6314619000,1776,0.0470636586,1413.5066596310,374.0497870764
196.7352583000,1777,0.0470636586,1413.5066596310,374.0497870764
196.8383674000,1778,0.0470636586,1413.5066596310,374.0497870764
196.9460832000,1779,0.0470009949,1413.5066596310,373.3183129271
197.0584172000,1780,0.0470009949,1413.5066596310,373.3183129271
197.1669585000,1781,0.0470009949,1413.5066596310,373.3183129271
197.2744566000,1782,0.0470009949,1413.5066596310,373.3183129271
197.3838186000,1783,0.0470009949,1413.5066596310,373.3183129271
197.4888947000,1784,0.0470009949,1413.5066596310,373.3183129271
197.6018483000,1785,0.0470009949,1413.5066596310,373.3183129271
197.7125205000,1786,0.0470009949,1413.5066596310,373.3183129271
197.8242447000,1787,0.0470009949,1413.5066596310,373.3183129271
197.9325769000,1788,0.0470009949,1413.5066596310,373.3183129271
198.0433760000,1789,0.0470009949,1413.5066596310,373.3183129271
198.1562875000,1790,0.0470009949,1413.5066596310,373.3183129271
198.2701442000,1791,0.0470009949,1413.5066596310,373.3183129271
198.3778551000,1792,0.0470009949,1413.5066596310,373.3183129271
198.4845560000,1793,0.0470009949,1413.5066596310,373.3183129271
198.5947423000,1794,0.0470009949,1413.5066596310,373.3183129271
198.7042335000,1795,0.0470009949,1413.5066596310,373.3183129271
198.8177324000,1796,0.0470009949,1413.5066596310,373.3183129271
198.9236939000,1797,0.0470009949,1413.5066596310,373.3183129271
199.0376551000,1798,0.0470009949,1413.5066596310,373.3183129271
199.1490095000,1799,0.0470009949,1413.5066596310,373.3183129271
199.2633052000,1800,0.0470009949,1413.5066596310,373.3183129271
199.3744095000,1801,0.0470009949,1413.5066596310,373.3183129271
199.4821901000,1802,0.0470009949,1413.5066596310,373.3183129271
199.5941995000,1803,0.0470009949,1413.5066596310,373.3183129271
199.7061168000,1804,0.0470009949,1413.5066596310,373.3183129271
199.8188758000,1805,0.0470009949,1413.5066596310,373.3183129271
199.9288099000,1806,0.0470009949,1413.5066596310,373.3183129271
200.0424823000,1807,0.0469897859,1413.5066596310,373.1874700281
200.1557520000,1808,0.0469887254,1413.5066596310,373.1750904713
200.2698491000,1809,0.0469887254,1413.5066596310,373.1750904713
200.3751470000,1810,0.0469887254,1413.5066596310,373.1750904713
200.4793491000,1811,0.0469887254,1413.5066596310,373.1750904713
200.5857222000,1812,0.0469887254,1413.5066596310,373.1750904713
200.6990402000,1813,0.0469683362,1413.5066596310,372.9370872389
200.8103294000,1814,0.0469683362,1413.5066596310,372.9370872389
200.9167442000,1815,0.0469683362,1413.5066596310,372.9370872389
201.0231660000,1816,0.0469683362,1413.5066596310,372.9370872389
201.1346116000,1817,0.0469683362,1413.5066596310,372.9370872389
201.2463272000,1818,0.0469683362,1413.5066596310,372.9370872389
201.3581379000,1819,0.0469683362,1413.5066596310,372.9370872389
201.4713158000,1820,0.0469683362,1413.5066596310,372.9370872389
201.5820259000,1821,0.0469683362,1413.5066596310,372.9370872389
201.6808420000,1822,0.0469683362,1413.5066596310,372.9370872389
201.7920107000,1823,0.0469683362,1413.5066596310,372.9370872389
201.9052299000,1824,0.0469683362,1413.5066596310,372.9370872389
202.0180169000,1825,0.0469683362,1413.5066596310,372.9370872389
202.1306931000,1826,0.0469683362,1413.5066596310,372.9370872389
202.2281592000,1827,0.0469683362,1413.5066596310,372.9370872389
202.3292635000,1828,0.0469683362,1413.5066596310,372.9370872389
202.4365607000,1829,0.0469683362,1413.5066596310,372.9370872389
202.5380777000,1830,0.0469683362,1413.5066596310,372.9370872389
202.6413788000,1831,0.0469683362,1413.5066596310,372.9370872389
202.7474475000,1832,0.0469683362,1413.5066596310,372.9370872389
202.8487430000,1833,0.0468512226,1413.5066596310,371.5700203006
202.9621448000,1834,0.0468512226,1413.5066596310,371.5700203006
203.0824659000,1835,0.0468512226,1413.5066596310,371.5700203006
203.1851378000,1836,0.0468512226,1413.5066596310,371.5700203006
203.2899844000,1837,0.0468512226,1413.5066596310,371.5700203006
203.3932753000,1838,0.0468512226,1413.5066596310,371.5700203006
203.5017919000,1839,0.0468512226,1413.5066596310,371.5700203006
203.6123357000,1840,0.0468512226,1413.5066596310,371.5700203006
203.7236860000,1841,0.0468512226,1413.5066596310,371.5700203006
203.8352899000,1842,0.0468512226,1413.5066596310,371.5700203006
203.9462973000,1843,0.0468512226,1413.5066596310,371.5700203006
204.0531987000,1844,0.0468512226,1413.5066596310,371.5700203006
204.1839562000,1845,0.0468512226,1413.5066596310,371.5700203006
204.3045675000,1846,0.0468501221,1413.5066596310,371.5571739406
204.4122488000,1847,0.0468501221,1413.5066596310,371.5571739406
204.5208882000,1848,0.0468501221,1413.5066596310,371.5571739406
204.6380569000,1849,0.0468501221,1413.5066596310,371.5571739406
204.7421199000,1850,0.0468501221,1413.5066596310,371.5571739406
204.8580478000,1851,0.0468501221,1413.5066596310,371.5571739406
204.9579721000,1852,0.0468501221,1413.5066596310,371.5571739406
205.0634002000,1853,0.0468501221,1413.5066596310,371.5571739406
205.1681098000,1854,0.0468501221,1413.5066596310,371.5571739406
205.2772385000,1855,0.0468501221,1413.5066596310,371.5571739406
205.3977113000,1856,0.0468501221,1413.5066596310,371.5571739406
205.5119441000,1857,0.0468501221,1413.5066596310,371.5571739406
205.6264026000,1858,0.0468501221,1413.5066596310,371.5571739406
205.7381037000,1859,0.0468501221,1413.5066596310,371.5571739406
205.8575793000,1860,0.0468501221,1413.5066596310,371.5571739406
205.9761990000,1861,0.0468501221,1413.5066596310,371.5571739406
206.0973486000,1862,0.0468501221,1413.5066596310,371.5571739406
206.2138419000,1863,0.0468501221,1413.5066596310,371.5571739406
206.3288037000,1864,0.0468501221,1413.5066596310,371.5571739406
206.4420069000,1865,0.0468501221,1413.5066596310,371.5571739406
206.5506103000,1866,0.0468227396,1411.3820000000,371.5010701918
206.6616903000,1867,0.0468227396,1411.3820000000,371.5010701918
206.7752793000,1868,0.0468227396,1411.3820000000,371.5010701918
206.8812140000,1869,0.0468227396,1411.3820000000,371.5010701918
206.9961048000,1870,0.0468227396,1411.3820000000,371.5010701918
207.1083775000,1871,0.0468227396,1411.3820000000,371.5010701918
207.2147225000,1872,0.0468227396,1411.3820000000,371.5010701918
207.3263816000,1873,0.0468227396,1411.3820000000,371.5010701918
207.4285727000,1874,0.0468227396,1411.3820000000,371.5010701918
207.5354149000,1875,0.0468227396,1411.3820000000,371.5010701918
207.6454549000,1876,0.0468227396,1411.3820000000,371.5010701918
207.7623704000,1877,0.0468227396,1411.3820000000,371.5010701918
207.8808312000,1878,0.0468227396,1411.3820000000,371.5010701918
207.9963419000,1879,0.0468227396,1411.3820000000,371.5010701918
208.1058262000,1880,0.0468097757,1411.3820000000,371.3497429669
208.2050590000,1881,0.0468097757,1411.3820000000,371.3497429669
208.3204289000,1882,0.0467963356,1411.3820000000,371.1928560409
208.4318347000,1883,0.0467963356,1411.3820000000,371.1928560409
208.5369635000,1884,0.0467963356,1411.3820000000,371.1928560409
208.6444546000,1885,0.0467963356,1411.3820000000,371.1928560409
208.7510847000,1886,0.0467963356,1411.3820000000,371.1928560409
208.8672509000,1887,0.0467963356,1411.3820000000,371.1928560409
208.9703114000,1888,0.0467963356,1411.3820000000,371.1928560409
209.0816530000,1889,0.0467963356,1411.3820000000,371.1928560409
209.1963368000,1890,0.0467715045,1413.5066596310,370.6394697491
209.3160954000,1891,0.0467715045,1413.5066596310,370.6394697491
209.4323679000,1892,0.0467715045,1413.5066596310,370.6394697491
209.5407244000,1893,0.0467715045,1413.5066596310,370.6394697491
209.6521256000,1894,0.0467715045,1413.5066596310,370.6394697491
209.7617190000,1895,0.0467715045,1413.5066596310,370.6394697491
209.8752469000,1896,0.0467715045,1413.5066596310,370.6394697491
209.9894805000,1897,0.0467715045,1413.5066596310,370.6394697491
210.1000464000,1898,0.0467715045,1413.5066596310,370.6394697491
210.2143802000,1899,0.0467715045,1413.5066596310,370.6394697491
210.3251486000,1900,0.0467031177,1400.5006518691,371.4543934062
210.4358640000,1901,0.0467031177,1400.5006518691,371.4543934062
210.5458672000,1902,0.0467031177,1400.5006518691,371.4543934062
210.6605718000,1903,0.0467031177,1400.5006518691,371.4543934062
210.7686803000,1904,0.0467031177,1400.5006518691,371.4543934062
210.8734618000,1905,0.0467031177,1400.5006518691,371.4543934062
210.9843300000,1906,0.0467031177,1400.5006518691,371.4543934062
211.0888348000,1907,0.0467031177,1400.5006518691,371.4543934062
211.2004354000,1908,0.0467031177,1400.5006518691,371.4543934062
211.3158053000,1909,0.0467031177,1400.5006518691,371.4543934062
211.4240849000,1910,0.0467031177,1400.5006518691,371.4543934062
211.5093506000,1911,0.0467031177,1400.5006518691,371.4543934062
211.5636387000,1912,0.0467031177,1400.5006518691,371.4543934062
211.6137113000,1913,0.0467031177,1400.5006518691,371.4543934062
211.6646937000,1914,0.0467031177,1400.5006518691,371.4543934062
211.7166869000,1915,0.0467031177,1400.5006518691,371.4543934062
211.7671113000,1916,0.0467031177,1400.5006518691,371.4543934062
211.8183958000,1917,0.0467031177,1400.5006518691,371.4543934062
211.8700301000,1918,0.0467031177,1400.5006518691,371.4543934062
211.9201253000,1919,0.0467031177,1400.5006518691,371.4543934062
211.9698217000,1920,0.0467031177,1400.5006518691,371.4543934062
212.0206642000,1921,0.0467031177,1400.5006518691,371.4543934062
212.0707804000,1922,0.0467031177,1400.5006518691,371.4543934062
212.1189492000,1923,0.0467022996,1400.5006518691,371.4448438287
212.1688638000,1924,0.0465905912,1400.9312438032,370.0874622270
212.2188317000,1925,0.0465905912,1400.9312438032,370.0874622270
212.2677318000,1926,0.0465905912,1400.9312438032,370.0874622270
212.3165826000,1927,0.0465905912,1400.9312438032,370.0874622270
212.3660673000,1928,0.0465905912,1400.9312438032,370.0874622270
212.4161319000,1929,0.0465905912,1400.9312438032,370.0874622270
212.4665151000,1930,0.0465830586,1400.9312438032,369.9995336916
212.5170773000,1931,0.0465830586,1400.9312438032,369.9995336916
212.5663367000,1932,0.0465830586,1400.9312438032,369.9995336916
212.6166501000,1933,0.0465830586,1400.9312438032,369.9995336916
212.6685721000,1934,0.0465830586,1400.9312438032,369.9995336916
212.7211423000,1935,0.0465830586,1400.9312438032,369.9995336916
212.7703253000,1936,0.0465830586,1400.9312438032,369.9995336916
212.8180008000,1937,0.0465830586,1400.9312438032,369.9995336916
212.8690564000,1938,0.0464865713,1400.5393152119,368.9218503176
212.9162105000,1939,0.0464865713,1400.5393152119,368.9218503176
212.9630442000,1940,0.0464865713,1400.5393152119,368.9218503176
213.0123934000,1941,0.0464865713,1400.5393152119,368.9218503176
213.0611747000,1942,0.0464865713,1400.5393152119,368.9218503176
213.1097121000,1943,0.0464865713,1400.5393152119,368.9218503176
213.1589145000,1944,0.0464865713,1400.5393152119,368.9218503176
213.2082018000,1945,0.0464865713,1400.5393152119,368.9218503176
213.2587695000,1946,0.0464865713,1400.5393152119,368.9218503176
213.3088391000,1947,0.0464865713,1400.5393152119,368.9218503176
213.3604785000,1948,0.0464865713,1400.5393152119,368.9218503176
213.4127492000,1949,0.0464865713,1400.5393152119,368.9218503176
213.4664733000,1950,0.0464865713,1400.5393152119,368.9218503176
213.5187812000,1951,0.0464865713,1400.5393152119,368.9218503176
213.5716407000,1952,0.0464865713,1400.5393152119,368.9218503176
213.6236082000,1953,0.0464865713,1400.5393152119,368.9218503176
213.6777797000,1954,0.0464865713,1400.5393152119,368.9218503176
213.7287422000,1955,0.0464865713,1400.5393152119,368.9218503176
213.7783113000,1956,0.0464865713,1400.5393152119,368.9218503176
213.8292141000,1957,0.0464865713,1400.5393152119,368.9218503176
213.8808015000,1958,0.0464865713,1400.5393152119,368.9218503176
213.9318097000,1959,0.0464865713,1400.5393152119,368.9218503176
213.9827489000,1960,0.0464865713,1400.5393152119,368.9218503176
214.0341109000,1961,0.0464865713,1400.5393152119,368.9218503176
214.0919688000,1962,0.0464865713,1400.5393152119,368.9218503176
214.1451001000,1963,0.0464865713,1400.5393152119,368.9218503176
214.1952916000,1964,0.0464865713,1400.5393152119,368.9218503176
214.2462272000,1965,0.0464790135,1400.5393152119,368.8336284185
214.2959241000,1966,0.0464790135,1400.5393152119,368.8336284185
214.3455010000,1967,0.0464790135,1400.5393152119,368.8336284185
214.3962427000,1968,0.0464790135,1400.5393152119,368.8336284185
214.4481603000,1969,0.0464790135,1400.5393152119,368.8336284185
214.5005195000,1970,0.0464790135,1400.5393152119,368.8336284185
214.5514625000,1971,0.0464790135,1400.5393152119,368.8336284185
214.6035517000,1972,0.0464790135,1400.5393152119,368.8336284185
214.6534684000,1973,0.0464790135,1400.5393152119,368.8336284185
214.7129475000,1974,0.0464790135,1400.5393152119,368.8336284185
214.8401104000,1975,0.0464790135,1400.5393152119,368.8336284185
214.9563052000,1976,0.0464720173,1400.5393152119,368.7519612352
215.0746601000,1977,0.0464720173,1400.5393152119,368.7519612352
215.1914808000,1978,0.0464720173,1400.5393152119,368.7519612352
215.3043902000,1979,0.0464720173,1400.5393152119,368.7519612352
215.4185678000,1980,0.0464720173,1400.5393152119,368.7519612352
215.5300280000,1981,0.0464720173,1400.5393152119,368.7519612352
215.6377248000,1982,0.0464720173,1400.5393152119,368.7519612352
215.7526618000,1983,0.0464720173,1400.5393152119,368.7519612352
215.8660048000,1984,0.0464708476,1400.5393152119,368.7383074320
215.9276428000,1985,0.0464645094,1400.5393152119,368.6643218441
215.9765166000,1986,0.0464645094,1400.5393152119,368.6643218441
216.0258658000,1987,0.0464645094,1400.5393152119,368.6643218441
216.0771972000,1988,0.0464645094,1400.5393152119,368.6643218441
216.1287309000,1989,0.0464645094,1400.5393152119,368.6643218441
216.1814192000,1990,0.0464645094,1400.5393152119,368.6643218441
216.2338487000,1991,0.0464645094,1400.5393152119,368.6643218441
216.2861833000,1992,0.0464645094,1400.5393152119,368.6643218441
216.3373933000,1993,0.0464645094,1400.5393152119,368.6643218441
216.3887514000,1994,0.0464645094,1400.5393152119,368.6643218441
216.4398079000,1995,0.0464645094,1400.5393152119,368.6643218441
216.4908157000,1996,0.0464645094,1400.5393152119,368.6643218441
216.5417811000,1997,0.0464645094,1400.5393152119,368.6643218441
216.5919803000,1998,0.0464603721,1402.5260000000,368.3696083779
216.6449109000,1999,0.0464603721,1402.5260000000,368.3696083779
216.6952762000,2000,0.0464603721,1402.5260000000,368.3696083779
216.7456948000,2001,0.0464603721,1402.5260000000,368.3696083779
216.7931755000,2002,0.0464603721,1402.5260000000,368.3696083779
216.8430833000,2003,0.0464603721,1402.5260000000,368.3696083779
216.8943168000,2004,0.0464493526,1402.5260000000,368.2409769787
216.9455745000,2005,0.0464493526,1402.5260000000,368.2409769787
216.9959752000,2006,0.0464493526,1402.5260000000,368.2409769787
217.0489760000,2007,0.0464493526,1402.5260000000,368.2409769787
217.1010365000,2008,0.0464493526,1402.5260000000,368.2409769787
217.1516148000,2009,0.0464493526,1402.5260000000,368.2409769787
217.2016647000,2010,0.0464493526,1402.5260000000,368.2409769787
217.2511938000,2011,0.0464493526,1402.5260000000,368.2409769787
217.3044064000,2012,0.0464493526,1402.5260000000,368.2409769787
217.3552762000,2013,0.0464493526,1402.5260000000,368.2409769787
217.4040308000,2014,0.0464493526,1402.5260000000,368.2409769787
217.4540573000,2015,0.0464493526,1402.5260000000,368.2409769787
217.5039485000,2016,0.0464493526,1402.5260000000,368.2409769787
217.5559532000,2017,0.0464493526,1402.5260000000,368.2409769787
217.6068258000,2018,0.0464493526,1402.5260000000,368.2409769787
217.6587375000,2019,0.0464493526,1402.5260000000,368.2409769787
217.7103134000,2020,0.0464493526,1402.5260000000,368.2409769787
217.7597100000,2021,0.0464493526,1402.5260000000,368.2409769787
217.8091535000,2022,0.0464493526,1402.5260000000,368.2409769787
217.8588410000,2023,0.0464493526,1402.5260000000,368.2409769787
217.9084763000,2024,0.0464493526,1402.5260000000,368.2409769787
217.9600060000,2025,0.0464493526,1402.5260000000,368.2409769787
218.0134538000,2026,0.0464493526,1402.5260000000,368.2409769787
218.0669337000,2027,0.0464493526,1402.5260000000,368.2409769787
218.1690873000,2028,0.0464493526,1402.5260000000,368.2409769787
218.2810779000,2029,0.0464493526,1402.5260000000,368.2409769787
218.3895630000,2030,0.0464493526,1402.5260000000,368.2409769787
218.4996282000,2031,0.0464493526,1402.5260000000,368.2409769787
218.6166416000,2032,0.0464493526,1402.5260000000,368.2409769787
218.7282343000,2033,0.0464493526,1402.5260000000,368.2409769787
218.8631979000,2034,0.0464493526,1402.5260000000,368.2409769787
218.9793806000,2035,0.0464493526,1402.5260000000,368.2409769787
219.0916368000,2036,0.0464493526,1402.5260000000,368.2409769787
219.2064822000,2037,0.0464493526,1402.5260000000,368.2409769787
219.3230284000,2038,0.0464493526,1402.5260000000,368.2409769787
219.4393374000,2039,0.0464493526,1402.5260000000,368.2409769787
219.5607677000,2040,0.0464493526,1402.5260000000,368.2409769787
219.6700571000,2041,0.0464493526,1402.5260000000,368.2409769787
219.7869409000,2042,0.0464493526,1402.5260000000,368.2409769787
219.9072014000,2043,0.0464493526,1402.5260000000,368.2409769787
220.0217893000,2044,0.0464493526,1402.5260000000,368.2409769787
220.1354026000,2045,0.0464493526,1402.5260000000,368.2409769787
220.2459715000,2046,0.0464493526,1402.5260000000,368.2409769787
220.3544225000,2047,0.0464493526,1402.5260000000,368.2409769787
220.4637292000,2048,0.0464493526,1402.5260000000,368.2409769787
220.5707690000,2049,0.0464493526,1402.5260000000,368.2409769787
220.6712892000,2050,0.0464493526,1402.5260000000,368.2409769787
220.7786758000,2051,0.0464493526,1402.5260000000,368.2409769787
220.8958688000,2052,0.0464493526,1402.5260000000,368.2409769787
221.0121995000,2053,0.0464482197,1402.5260000000,368.2277525012
221.1154341000,2054,0.0464482197,1402.5260000000,368.2277525012
221.2207777000,2055,0.0464482197,1402.5260000000,368.2277525012
221.3210533000,2056,0.0464482197,1402.5260000000,368.2277525012
221.4277130000,2057,0.0464482197,1402.5260000000,368.2277525012
221.5323463000,2058,0.0464482197,1402.5260000000,368.2277525012
221.6342987000,2059,0.0464482197,1402.5260000000,368.2277525012
221.7422675000,2060,0.0464482197,1402.5260000000,368.2277525012
221.8526238000,2061,0.0464482197,1402.5260000000,368.2277525012
221.9642041000,2062,0.0464482197,1402.5260000000,368.2277525012
222.0852090000,2063,0.0464482197,1402.5260000000,368.2277525012
222.2038063000,2064,0.0464482197,1402.5260000000,368.2277525012
222.3238816000,2065,0.0464482197,1402.5260000000,368.2277525012
222.4465656000,2066,0.0464482197,1402.5260000000,368.2277525012
222.5675317000,2067,0.0464482197,1402.5260000000,368.2277525012
222.6818948000,2068,0.0464482197,1402.5260000000,368.2277525012
222.7984763000,2069,0.0464111999,1402.5260000000,367.7956212807
222.9128770000,2070,0.0464111999,1402.5260000000,367.7956212807
223.0193119000,2071,0.0464111999,1402.5260000000,367.7956212807
223.1363942000,2072,0.0464111999,1402.5260000000,367.7956212807
223.2600761000,2073,0.0464111999,1402.5260000000,367.7956212807
223.3804526000,2074,0.0464111999,1402.5260000000,367.7956212807
223.5082578000,2075,0.0464111999,1402.5260000000,367.7956212807
223.6321496000,2076,0.0464111999,1402.5260000000,367.7956212807
223.7556810000,2077,0.0464111999,1402.5260000000,367.7956212807
223.8869627000,2078,0.0464111999,1402.5260000000,367.7956212807
224.0033109000,2079,0.0464111999,1402.5260000000,367.7956212807
224.1248490000,2080,0.0464111999,1402.5260000000,367.7956212807
224.2526919000,2081,0.0464111999,1402.5260000000,367.7956212807
224.3734045000,2082,0.0464111999,1402.5260000000,367.7956212807
224.4945126000,2083,0.0464111999,1402.5260000000,367.7956212807
224.6207614000,2084,0.0463957751,1402.5260000000,367.6155670956
224.7463438000,2085,0.0463957751,1402.5260000000,367.6155670956
224.8741146000,2086,0.0463957751,1402.5260000000,367.6155670956
224.9906802000,2087,0.0463957751,1402.5260000000,367.6155670956
225.1175342000,2088,0.0463957751,1402.5260000000,367.6155670956
225.2453550000,2089,0.0463957751,1402.5260000000,367.6155670956
225.3780622000,2090,0.0463957751,1402.5260000000,367.6155670956
225.4984815000,2091,0.0463957751,1402.5260000000,367.6155670956
225.6247643000,2092,0.0463957751,1402.5260000000,367.6155670956
225.7499019000,2093,0.0463957751,1402.5260000000,367.6155670956
225.8773976000,2094,0.0463957751,1402.5260000000,367.6155670956
225.9961864000,2095,0.0463957751,1402.5260000000,367.6155670956
226.1195096000,2096,0.0463957751,1402.5260000000,367.6155670956
226.2416088000,2097,0.0463957751,1402.5260000000,367.6155670956
226.3584031000,2098,0.0463957751,1402.5260000000,367.6155670956
226.4875006000,2099,0.0463957751,1402.5260000000,367.6155670956
226.6126152000,2100,0.0463704791,1400.5006518691,367.5715012876
226.7371870000,2101,0.0463704791,1400.5006518691,367.5715012876
226.8580116000,2102,0.0463704791,1400.5006518691,367.5715012876
226.9799814000,2103,0.0463704791,1400.5006518691,367.5715012876
227.0936376000,2104,0.0463704791,1400.5006518691,367.5715012876
227.2114482000,2105,0.0462119675,1402.5260000000,365.4699802099
227.3219943000,2106,0.0462119675,1402.5260000000,365.4699802099
227.4429198000,2107,0.0462119675,1402.5260000000,365.4699802099
227.5535132000,2108,0.0462119675,1402.5260000000,365.4699802099
227.6709078000,2109,0.0462119675,1402.5260000000,365.4699802099
227.7865438000,2110,0.0462119675,1402.5260000000,365.4699802099
227.9079900000,2111,0.0462119675,1402.5260000000,365.4699802099
228.0248347000,2112,0.0462119675,1402.5260000000,365.4699802099
228.1333706000,2113,0.0462119675,1402.5260000000,365.4699802099
228.2460954000,2114,0.0462119675,1402.5260000000,365.4699802099
228.3533714000,2115,0.0462119675,1402.5260000000,365.4699802099
228.4589992000,2116,0.0462119675,1402.5260000000,365.4699802099
228.5674993000,2117,0.0462119675,1402.5260000000,365.4699802099
228.6717594000,2118,0.0462119675,1402.5260000000,365.4699802099
228.7827504000,2119,0.0462119675,1402.5260000000,365.4699802099
228.8980543000,2120,0.0462119675,1402.5260000000,365.4699802099
229.0096442000,2121,0.0462119675,1402.5260000000,365.4699802099
229.1194128000,2122,0.0462119675,1402.5260000000,365.4699802099
229.2216477000,2123,0.0462119675,1402.5260000000,365.4699802099
229.3293875000,2124,0.0462119675,1402.5260000000,365.4699802099
229.4297424000,2125,0.0462119675,1402.5260000000,365.4699802099
229.5404853000,2126,0.0462119675,1402.5260000000,365.4699802099
229.6548241000,2127,0.0460713569,1402.5260000000,363.8286313989
229.7747432000,2128,0.0460608186,1402.5260000000,363.7056176311
229.8894279000,2129,0.0460608186,1402.5260000000,363.7056176311
230.0071515000,2130,0.0460150992,1402.5260000000,363.1719352836
230.1151569000,2131,0.0460150992,1402.5260000000,363.1719352836
230.2306802000,2132,0.0460150992,1402.5260000000,363.1719352836
230.3172386000,2133,0.0460150992,1402.5260000000,363.1719352836
230.4363109000,2134,0.0460150992,1402.5260000000,363.1719352836
230.5607948000,2135,0.0460150992,1402.5260000000,363.1719352836
230.6817872000,2136,0.0460150992,1402.5260000000,363.1719352836
230.8114013000,2137,0.0460150992,1402.5260000000,363.1719352836
230.9458039000,2138,0.0460150992,1402.5260000000,363.1719352836
231.0831420000,2139,0.0460150992,1402.5260000000,363.1719352836
231.2030203000,2140,0.0460150992,1402.5260000000,363.1719352836
231.3240335000,2141,0.0460150992,1402.5260000000,363.1719352836
231.4541797000,2142,0.0460150629,1402.5260000000,363.1715108439
231.5790906000,2143,0.0460150629,1402.5260000000,363.1715108439
231.7050524000,2144,0.0460150629,1402.5260000000,363.1715108439
231.8385556000,2145,0.0460150629,1402.5260000000,363.1715108439
231.9667196000,2146,0.0460150270,1402.5260000000,363.1710921304
232.0876130000,2147,0.0460150270,1402.5260000000,363.1710921304
232.2036052000,2148,0.0460150270,1402.5260000000,363.1710921304
232.3236547000,2149,0.0460150270,1402.5260000000,363.1710921304
232.4485905000,2150,0.0460150270,1402.5260000000,363.1710921304
232.5669974000,2151,0.0460127186,1402.5260000000,363.1441460423
232.6808063000,2152,0.0460127186,1402.5260000000,363.1441460423
232.8005129000,2153,0.0460127186,1402.5260000000,363.1441460423
232.9180520000,2154,0.0460127186,1402.5260000000,363.1441460423
233.0403460000,2155,0.0460127186,1402.5260000000,363.1441460423
233.1579208000,2156,0.0460127186,1402.5260000000,363.1441460423
233.2756933000,2157,0.0460127186,1402.5260000000,363.1441460423
233.3996590000,2158,0.0460127186,1402.5260000000,363.1441460423
233.5229805000,2159,0.0459653200,1402.5260000000,362.5908627492
233.6406666000,2160,0.0459653200,1402.5260000000,362.5908627492
233.7580783000,2161,0.0459653200,1402.5260000000,362.5908627492
233.8956845000,2162,0.0459653200,1402.5260000000,362.5908627492
234.0169669000,2163,0.0459653200,1402.5260000000,362.5908627492
234.1377399000,2164,0.0459653200,1402.5260000000,362.5908627492
234.2588978000,2165,0.0459387454,1402.5260000000,362.2806568240
234.3833165000,2166,0.0459387454,1402.5260000000,362.2806568240
234.5053472000,2167,0.0459387454,1402.5260000000,362.2806568240
234.6318627000,2168,0.0459387454,1402.5260000000,362.2806568240
234.7501901000,2169,0.0459387454,1402.5260000000,362.2806568240
234.8736275000,2170,0.0459387454,1402.5260000000,362.2806568240
234.9925852000,2171,0.0459387454,1402.5260000000,362.2806568240
235.1215564000,2172,0.0459387454,1402.5260000000,362.2806568240
235.2573862000,2173,0.0459387454,1402.5260000000,362.2806568240
235.3877615000,2174,0.0459387454,1402.5260000000,362.2806568240
235.5354776000,2175,0.0459387454,1402.5260000000,362.2806568240
235.6586436000,2176,0.0459387454,1402.5260000000,362.2806568240
235.7454582000,2177,0.0459387454,1402.5260000000,362.2806568240
235.8773552000,2178,0.0459387454,1402.5260000000,362.2806568240
236.0098776000,2179,0.0459387454,1402.5260000000,362.2806568240
236.1400594000,2180,0.0459387454,1402.5260000000,362.2806568240
236.2836503000,2181,0.0459387454,1402.5260000000,362.2806568240
236.4151861000,2182,0.0459387454,1402.5260000000,362.2806568240
236.5474415000,2183,0.0459387454,1402.5260000000,362.2806568240
236.6774278000,2184,0.0459387454,1402.5260000000,362.2806568240
236.8024466000,2185,0.0459387454,1402.5260000000,362.2806568240
236.9246798000,2186,0.0459387454,1402.5260000000,362.2806568240
237.0587134000,2187,0.0459387454,1402.5260000000,362.2806568240
237.1883101000,2188,0.0459387454,1402.5260000000,362.2806568240
237.3103381000,2189,0.0459387454,1402.5260000000,362.2806568240
237.4405122000,2190,0.0459387454,1402.5260000000,362.2806568240
237.5653247000,2191,0.0459387454,1402.5260000000,362.2806568240
237.6928551000,2192,0.0459387454,1402.5260000000,362.2806568240
237.8080662000,2193,0.0459387454,1402.5260000000,362.2806568240
237.9189037000,2194,0.0459387454,1402.5260000000,362.2806568240
238.0296828000,2195,0.0459387454,1402.5260000000,362.2806568240
238.1535950000,2196,0.0459387454,1402.5260000000,362.2806568240
238.2692644000,2197,0.0459387454,1402.5260000000,362.2806568240
238.3936372000,2198,0.0459387454,1402.5260000000,362.2806568240
238.5190401000,2199,0.0459387454,1402.5260000000,362.2806568240
238.6468895000,2200,0.0459387454,1402.5260000000,362.2806568240
238.7736787000,2201,0.0459387454,1402.5260000000,362.2806568240
238.9040146000,2202,0.0459387454,1402.5260000000,362.2806568240
239.0348290000,2203,0.0459387454,1402.5260000000,362.2806568240
239.1659835000,2204,0.0459387454,1402.5260000000,362.2806568240
239.2936764000,2205,0.0459387454,1402.5260000000,362.2806568240
239.4127657000,2206,0.0459387454,1402.5260000000,362.2806568240
239.5334234000,2207,0.0459314024,1402.5260000000,362.1949423387
239.6483493000,2208,0.0459314024,1402.5260000000,362.1949423387
239.7473572000,2209,0.0459314024,1402.5260000000,362.1949423387
239.8645587000,2210,0.0459258080,1402.5260000000,362.1296380959
239.9781680000,2211,0.0459258080,1402.5260000000,362.1296380959
240.1013554000,2212,0.0459258080,1402.5260000000,362.1296380959
240.2266273000,2213,0.0459257227,1402.5260000000,362.1286425562
240.3417611000,2214,0.0459257227,1402.5260000000,362.1286425562
240.4323581000,2215,0.0459257227,1402.5260000000,362.1286425562
240.5084832000,2216,0.0459257227,1402.5260000000,362.1286425562
240.5878745000,2217,0.0459257227,1402.5260000000,362.1286425562
240.6914057000,2218,0.0459257227,1402.5260000000,362.1286425562
240.8163208000,2219,0.0459257227,1402.5260000000,362.1286425562
240.9331843000,2220,0.0459257227,1402.5260000000,362.1286425562
241.0587212000,2221,0.0459257227,1402.5260000000,362.1286425562
241.1922463000,2222,0.0459257227,1402.5260000000,362.1286425562
241.3215789000,2223,0.0459257227,1402.5260000000,362.1286425562
241.4541700000,2224,0.0459257227,1402.5260000000,362.1286425562
241.5840116000,2225,0.0459257227,1402.5260000000,362.1286425562
241.7032415000,2226,0.0459257227,1402.5260000000,362.1286425562
241.8431032000,2227,0.0459257227,1402.5260000000,362.1286425562
241.9761635000,2228,0.0459257227,1402.5260000000,362.1286425562
242.1141903000,2229,0.0459257227,1402.5260000000,362.1286425562
242.2600916000,2230,0.0459257227,1402.5260000000,362.1286425562
242.3758097000,2231,0.0459257227,1402.5260000000,362.1286425562
242.5049076000,2232,0.0459257227,1402.5260000000,362.1286425562
242.6218876000,2233,0.0459257227,1402.5260000000,362.1286425562
242.7485519000,2234,0.0459257227,1402.5260000000,362.1286425562
242.8775739000,2235,0.0459257227,1402.5260000000,362.1286425562
243.0225823000,2236,0.0459225508,1402.5260000000,362.0916166103
243.1420521000,2237,0.0459225508,1402.5260000000,362.0916166103
243.2760111000,2238,0.0458970256,1402.5260000000,361.7936617565
243.3795744000,2239,0.0458970256,1402.5260000000,361.7936617565
243.5078831000,2240,0.0458970256,1402.5260000000,361.7936617565
243.6402981000,2241,0.0458970256,1402.5260000000,361.7936617565
243.7858673000,2242,0.0458939569,1402.5260000000,361.7578405077
243.9255421000,2243,0.0458939569,1402.5260000000,361.7578405077
244.0706188000,2244,0.0458939569,1402.5260000000,361.7578405077
244.2076658000,2245,0.0458939569,1402.5260000000,361.7578405077
244.3518642000,2246,0.0458939569,1402.5260000000,361.7578405077
244.4986895000,2247,0.0458939569,1402.5260000000,361.7578405077
244.6278659000,2248,0.0458939569,1402.5260000000,361.7578405077
244.7659647000,2249,0.0458939569,1402.5260000000,361.7578405077
244.9073085000,2250,0.0458939569,1402.5260000000,361.7578405077
245.0586345000,2251,0.0458939569,1402.5260000000,361.7578405077
245.1941535000,2252,0.0458939569,1402.5260000000,361.7578405077
245.3271566000,2253,0.0458939569,1402.5260000000,361.7578405077
245.4692481000,2254,0.0458939569,1402.5260000000,361.7578405077
245.5952615000,2255,0.0458939569,1402.5260000000,361.7578405077
245.7252131000,2256,0.0458939569,1402.5260000000,361.7578405077
245.8633993000,2257,0.0458939569,1402.5260000000,361.7578405077
246.0078683000,2258,0.0458939569,1402.5260000000,361.7578405077
246.1433005000,2259,0.0458939569,1402.5260000000,361.7578405077
246.2705835000,2260,0.0458939569,1402.5260000000,361.7578405077
246.3999006000,2261,0.0458939569,1402.5260000000,361.7578405077
246.5293450000,2262,0.0458939569,1402.5260000000,361.7578405077
246.6650317000,2263,0.0458939569,1402.5260000000,361.7578405077
246.8012661000,2264,0.0458251435,1402.5260000000,360.9545806219
246.9338394000,2265,0.0458251435,1402.5260000000,360.9545806219
247.0655369000,2266,0.0458251435,1402.5260000000,360.9545806219
247.1968341000,2267,0.0458251435,1402.5260000000,360.9545806219
247.3279564000,2268,0.0458251435,1402.5260000000,360.9545806219
247.4506934000,2269,0.0458251435,1402.5260000000,360.9545806219
247.5828566000,2270,0.0458251435,1402.5260000000,360.9545806219
247.7076476000,2271,0.0458251435,1402.5260000000,360.9545806219
247.8369343000,2272,0.0458251435,1402.5260000000,360.9545806219
247.9709574000,2273,0.0458251435,1402.5260000000,360.9545806219
248.0951781000,2274,0.0458197841,1402.5260000000,360.8920206669
248.2200749000,2275,0.0458197841,1402.5260000000,360.8920206669
248.3525199000,2276,0.0458197841,1402.5260000000,360.8920206669
248.4709606000,2277,0.0458197841,1402.5260000000,360.8920206669
248.6039393000,2278,0.0458197841,1402.5260000000,360.8920206669
248.7228689000,2279,0.0458197841,1402.5260000000,360.8920206669
248.8476674000,2280,0.0458197841,1402.5260000000,360.8920206669
248.9703400000,2281,0.0458197841,1402.5260000000,360.8920206669
249.1011338000,2282,0.0458197841,1402.5260000000,360.8920206669
249.2378949000,2283,0.0458197841,1402.5260000000,360.8920206669
249.3709289000,2284,0.0458197841,1402.5260000000,360.8920206669
249.4951508000,2285,0.0458197841,1402.5260000000,360.8920206669
249.6168391000,2286,0.0458070883,1402.5260000000,360.7438223002
249.7447806000,2287,0.0458070883,1402.5260000000,360.7438223002
249.8712377000,2288,0.0458019832,1402.5260000000,360.6842304352
250.0007908000,2289,0.0458019832,1402.5260000000,360.6842304352
250.1270372000,2290,0.0458019832,1402.5260000000,360.6842304352
250.2495115000,2291,0.0458019832,1402.5260000000,360.6842304352
250.3864320000,2292,0.0458019832,1402.5260000000,360.6842304352
250.5126128000,2293,0.0458019832,1402.5260000000,360.6842304352
250.6347773000,2294,0.0458019832,1402.5260000000,360.6842304352
250.7592571000,2295,0.0458019832,1402.5260000000,360.6842304352
250.8859643000,2296,0.0458019832,1402.5260000000,360.6842304352
251.0176664000,2297,0.0458019832,1402.5260000000,360.6842304352
251.1393434000,2298,0.0458019832,1402.5260000000,360.6842304352
251.2692677000,2299,0.0458019832,1402.5260000000,360.6842304352
251.3943651000,2300,0.0458005417,1402.5260000000,360.6674039431
251.5322218000,2301,0.0458005417,1402.5260000000,360.6674039431
251.6618092000,2302,0.0458005417,1402.5260000000,360.6674039431
251.7929669000,2303,0.0458005417,1402.5260000000,360.6674039431
251.9222046000,2304,0.0458005417,1402.5260000000,360.6674039431
252.0480935000,2305,0.0458005417,1402.5260000000,360.6674039431
252.1673717000,2306,0.0458005417,1402.5260000000,360.6674039431
252.3038532000,2307,0.0458005417,1402.5260000000,360.6674039431
252.4385384000,2308,0.0458005417,1402.5260000000,360.6674039431
252.5655064000,2309,0.0457913166,1400.5006518691,360.8109342232
252.7039599000,2310,0.0457913166,1400.5006518691,360.8109342232
252.8368781000,2311,0.0457913166,1400.5006518691,360.8109342232
252.9718194000,2312,0.0457913166,1400.5006518691,360.8109342232
253.1105740000,2313,0.0457913166,1400.5006518691,360.8109342232
253.2495135000,2314,0.0457913166,1400.5006518691,360.8109342232
253.3853349000,2315,0.0457913166,1400.5006518691,360.8109342232
253.5231641000,2316,0.0457913166,1400.5006518691,360.8109342232
253.6541592000,2317,0.0457913166,1400.5006518691,360.8109342232
253.7920180000,2318,0.0457913166,1400.5006518691,360.8109342232
253.9161561000,2319,0.0457913166,1400.5006518691,360.8109342232
254.0304718000,2320,0.0457913166,1400.5006518691,360.8109342232
254.1591359000,2321,0.0457913166,1400.5006518691,360.8109342232
254.3074456000,2322,0.0457913166,1400.5006518691,360.8109342232
254.4489287000,2323,0.0457913166,1400.5006518691,360.8109342232
254.5888532000,2324,0.0457913166,1400.5006518691,360.8109342232
254.7159728000,2325,0.0457913166,1400.5006518691,360.8109342232
254.8524767000,2326,0.0457913166,1400.5006518691,360.8109342232
254.9880439000,2327,0.0457913166,1400.5006518691,360.8109342232
255.1308513000,2328,0.0457913166,1400.5006518691,360.8109342232
255.2692828000,2329,0.0457830713,1402.5260000000,360.4634717392
255.4043689000,2330,0.0457657013,1402.5260000000,360.2607116769
255.5372694000,2331,0.0457657013,1402.5260000000,360.2607116769
255.6698391000,2332,0.0457657013,1402.5260000000,360.2607116769
255.8085349000,2333,0.0457657013,1402.5260000000,360.2607116769
255.9425950000,2334,0.0457657013,1402.5260000000,360.2607116769
256.0742076000,2335,0.0457657013,1402.5260000000,360.2607116769
256.2039379000,2336,0.0457657013,1402.5260000000,360.2607116769
256.3386417000,2337,0.0457657013,1402.5260000000,360.2607116769
256.4648125000,2338,0.0457657013,1402.5260000000,360.2607116769
256.5971037000,2339,0.0457657013,1402.5260000000,360.2607116769
256.7365428000,2340,0.0457657013,1402.5260000000,360.2607116769
256.8703648000,2341,0.0457657013,1402.5260000000,360.2607116769
257.0116711000,2342,0.0457657013,1402.5260000000,360.2607116769
257.1488885000,2343,0.0457657013,1402.5260000000,360.2607116769
257.2757772000,2344,0.0457657013,1402.5260000000,360.2607116769
257.4069204000,2345,0.0457657013,1402.5260000000,360.2607116769
257.5391519000,2346,0.0457657013,1402.5260000000,360.2607116769
257.6700135000,2347,0.0457657013,1402.5260000000,360.2607116769
257.8014468000,2348,0.0457657013,1402.5260000000,360.2607116769
257.9356736000,2349,0.0457657013,1402.5260000000,360.2607116769
258.0699699000,2350,0.0457657013,1402.5260000000,360.2607116769
258.2089786000,2351,0.0457657013,1402.5260000000,360.2607116769
258.3429087000,2352,0.0457657013,1402.5260000000,360.2607116769
258.4782372000,2353,0.0457657013,1402.5260000000,360.2607116769
258.6066562000,2354,0.0457657013,1402.5260000000,360.2607116769
258.7366809000,2355,0.0457657013,1402.5260000000,360.2607116769
258.8632252000,2356,0.0457657013,1402.5260000000,360.2607116769
258.9887040000,2357,0.0457657013,1402.5260000000,360.2607116769
259.1088576000,2358,0.0457657013,1402.5260000000,360.2607116769
259.2373892000,2359,0.0457652064,1402.5260000000,360.2549354095
259.3600154000,2360,0.0457652064,1402.5260000000,360.2549354095
259.4890821000,2361,0.0457652064,1402.5260000000,360.2549354095
259.6224506000,2362,0.0457652064,1402.5260000000,360.2549354095
259.7480658000,2363,0.0457652064,1402.5260000000,360.2549354095
259.8667543000,2364,0.0457652064,1402.5260000000,360.2549354095
259.9932998000,2365,0.0457652064,1402.5260000000,360.2549354095
260.1185936000,2366,0.0457652064,1402.5260000000,360.2549354095
260.2377048000,2367,0.0457652064,1402.5260000000,360.2549354095
260.3616936000,2368,0.0457652064,1402.5260000000,360.2549354095
260.4799052000,2369,0.0457652064,1402.5260000000,360.2549354095
260.6092226000,2370,0.0457652064,1402.5260000000,360.2549354095
260.7327154000,2371,0.0457652064,1402.5260000000,360.2549354095
260.8588089000,2372,0.0457652064,1402.5260000000,360.2549354095
260.9796577000,2373,0.0457652064,1402.5260000000,360.2549354095
261.1070075000,2374,0.0457610442,1402.5260000000,360.2063501463
261.2253049000,2375,0.0457610442,1402.5260000000,360.2063501463
261.3590722000,2376,0.0457610442,1402.5260000000,360.2063501463
261.4824253000,2377,0.0457578206,1402.5260000000,360.1687204172
261.6131809000,2378,0.0457578206,1402.5260000000,360.1687204172
261.7370013000,2379,0.0457578206,1402.5260000000,360.1687204172
261.8652800000,2380,0.0457578206,1402.5260000000,360.1687204172
261.9864155000,2381,0.0457578206,1402.5260000000,360.1687204172
262.1172657000,2382,0.0457578206,1402.5260000000,360.1687204172
262.2333439000,2383,0.0457577772,1402.5260000000,360.1682140569
262.3505627000,2384,0.0457573358,1402.5260000000,360.1630618992
262.4795999000,2385,0.0457573358,1402.5260000000,360.1630618992
262.6154369000,2386,0.0457573358,1402.5260000000,360.1630618992
262.7542728000,2387,0.0457573358,1402.5260000000,360.1630618992
262.8755423000,2388,0.0457573358,1402.5260000000,360.1630618992
263.0002682000,2389,0.0457573358,1402.5260000000,360.1630618992
263.1282831000,2390,0.0457573358,1402.5260000000,360.1630618992
263.2570961000,2391,0.0457573358,1402.5260000000,360.1630618992
263.3855837000,2392,0.0457573358,1402.5260000000,360.1630618992
263.5087293000,2393,0.0457573358,1402.5260000000,360.1630618992
263.6303517000,2394,0.0457550890,1402.5260000000,360.1368351288
263.7634208000,2395,0.0457550890,1402.5260000000,360.1368351288
263.8957158000,2396,0.0457550890,1402.5260000000,360.1368351288
264.0265037000,2397,0.0457550890,1402.5260000000,360.1368351288
264.1445364000,2398,0.0457550890,1402.5260000000,360.1368351288
264.2642231000,2399,0.0457550890,1402.5260000000,360.1368351288
264.3839111000,2400,0.0457550890,1402.5260000000,360.1368351288
264.5020112000,2401,0.0457550890,1402.5260000000,360.1368351288
264.6246691000,2402,0.0457213239,1393.0472438032,360.9183932812
264.7485047000,2403,0.0456927542,1400.5006518691,359.6604141642
264.8827146000,2404,0.0456927542,1400.5006518691,359.6604141642
265.0173642000,2405,0.0456927542,1400.5006518691,359.6604141642
265.1400389000,2406,0.0456927542,1400.5006518691,359.6604141642
265.2647484000,2407,0.0456927542,1400.5006518691,359.6604141642
265.3896465000,2408,0.0456927542,1400.5006518691,359.6604141642
265.5169519000,2409,0.0456927542,1400.5006518691,359.6604141642
265.6336706000,2410,0.0456927542,1400.5006518691,359.6604141642
265.7596480000,2411,0.0456927542,1400.5006518691,359.6604141642
265.8981144000,2412,0.0456927542,1400.5006518691,359.6604141642
266.0290308000,2413,0.0456927542,1400.5006518691,359.6604141642
266.1566928000,2414,0.0456927542,1400.5006518691,359.6604141642
266.2795048000,2415,0.0456927542,1400.5006518691,359.6604141642
266.3854184000,2416,0.0456927542,1400.5006518691,359.6604141642
266.5040114000,2417,0.0456927542,1400.5006518691,359.6604141642
266.6330539000,2418,0.0456927542,1400.5006518691,359.6604141642
266.7566118000,2419,0.0456927542,1400.5006518691,359.6604141642
266.8696530000,2420,0.0456927542,1400.5006518691,359.6604141642
266.9812831000,2421,0.0456927542,1400.5006518691,359.6604141642
267.0931936000,2422,0.0456927542,1400.5006518691,359.6604141642
267.2280935000,2423,0.0456927542,1400.5006518691,359.6604141642
267.3579014000,2424,0.0456927542,1400.5006518691,359.6604141642
267.4554718000,2425,0.0456927542,1400.5006518691,359.6604141642
267.5482255000,2426,0.0456927542,1400.5006518691,359.6604141642
267.6517158000,2427,0.0456927542,1400.5006518691,359.6604141642
267.7660118000,2428,0.0456927542,1400.5006518691,359.6604141642
267.8835100000,2429,0.0456927542,1400.5006518691,359.6604141642
267.9973243000,2430,0.0456927542,1400.5006518691,359.6604141642
268.0877630000,2431,0.0456927542,1400.5006518691,359.6604141642
268.1870667000,2432,0.0456927542,1400.5006518691,359.6604141642
268.2901593000,2433,0.0456927542,1400.5006518691,359.6604141642
268.3923411000,2434,0.0456927542,1400.5006518691,359.6604141642
268.5263089000,2435,0.0456927542,1400.5006518691,359.6604141642
268.6563280000,2436,0.0456927542,1400.5006518691,359.6604141642
268.7673680000,2437,0.0456927542,1400.5006518691,359.6604141642
268.8943537000,2438,0.0456927542,1400.5006518691,359.6604141642
269.0220899000,2439,0.0456927542,1400.5006518691,359.6604141642
269.1529428000,2440,0.0456841332,1400.5006518691,359.5597820124
269.2846113000,2441,0.0456841332,1400.5006518691,359.5597820124
269.4116417000,2442,0.0456841332,1400.5006518691,359.5597820124
269.5378171000,2443,0.0456841332,1400.5006518691,359.5597820124
269.6686673000,2444,0.0456841332,1400.5006518691,359.5597820124
269.7965012000,2445,0.0456841332,1400.5006518691,359.5597820124
269.9301063000,2446,0.0456841332,1400.5006518691,359.5597820124
270.0571590000,2447,0.0456841332,1400.5006518691,359.5597820124
270.1878998000,2448,0.0456841332,1400.5006518691,359.5597820124
270.3166614000,2449,0.0456841332,1400.5006518691,359.5597820124
270.4560043000,2450,0.0456841332,1400.5006518691,359.5597820124
270.5840890000,2451,0.0456841332,1400.5006518691,359.5597820124
270.7187178000,2452,0.0456841332,1400.5006518691,359.5597820124
270.8488565000,2453,0.0456841332,1400.5006518691,359.5597820124
270.9693110000,2454,0.0456841332,1400.5006518691,359.5597820124
271.1011997000,2455,0.0456830030,1400.5006518691,359.5465890067
271.2307499000,2456,0.0456830030,1400.5006518691,359.5465890067
271.3620168000,2457,0.0456830030,1400.5006518691,359.5465890067
271.4863179000,2458,0.0456830030,1400.5006518691,359.5465890067
271.6084427000,2459,0.0456830030,1400.5006518691,359.5465890067
271.7355142000,2460,0.0456830030,1400.5006518691,359.5465890067
271.8622345000,2461,0.0456830030,1400.5006518691,359.5465890067
271.9840849000,2462,0.0456830030,1400.5006518691,359.5465890067
272.1042046000,2463,0.0456830030,1400.5006518691,359.5465890067
272.2341313000,2464,0.0456830030,1400.5006518691,359.5465890067
272.3649797000,2465,0.0456830030,1400.5006518691,359.5465890067
272.4835365000,2466,0.0456830030,1400.5006518691,359.5465890067
272.6057250000,2467,0.0456830030,1400.5006518691,359.5465890067
272.7256340000,2468,0.0456830030,1400.5006518691,359.5465890067
272.8621301000,2469,0.0456830030,1400.5006518691,359.5465890067
272.9906763000,2470,0.0456830030,1400.5006518691,359.5465890067
273.1224351000,2471,0.0456830030,1400.5006518691,359.5465890067
273.2428060000,2472,0.0456830030,1400.5006518691,359.5465890067
273.3696337000,2473,0.0456743314,1400.5006518691,359.4453647981
273.4960195000,2474,0.0456743314,1400.5006518691,359.4453647981
273.6246678000,2475,0.0456743314,1400.5006518691,359.4453647981
273.7448809000,2476,0.0456445923,1400.5006518691,359.0982204095
273.8625609000,2477,0.0456445923,1400.5006518691,359.0982204095
273.9904641000,2478,0.0456445923,1400.5006518691,359.0982204095
274.1210720000,2479,0.0456445923,1400.5006518691,359.0982204095
274.2382032000,2480,0.0456445923,1400.5006518691,359.0982204095
274.3671112000,2481,0.0456445923,1400.5006518691,359.0982204095
274.4844643000,2482,0.0456445923,1400.5006518691,359.0982204095
274.6097026000,2483,0.0456445923,1400.5006518691,359.0982204095
274.7260856000,2484,0.0456361604,1400.5006518691,358.9997943938
274.8454110000,2485,0.0456361604,1400.5006518691,358.9997943938
274.9711710000,2486,0.0456361604,1400.5006518691,358.9997943938
275.0911906000,2487,0.0456361604,1400.5006518691,358.9997943938
275.2165164000,2488,0.0456084367,1400.5006518691,358.6761758112
275.3396284000,2489,0.0456084367,1400.5006518691,358.6761758112
275.4689034000,2490,0.0456084367,1400.5006518691,358.6761758112
275.5976482000,2491,0.0456084367,1400.5006518691,358.6761758112
275.7254784000,2492,0.0456084367,1400.5006518691,358.6761758112
275.8564680000,2493,0.0456084367,1400.5006518691,358.6761758112
275.9844659000,2494,0.0456084367,1400.5006518691,358.6761758112
276.1172088000,2495,0.0456084367,1400.5006518691,358.6761758112
276.2357684000,2496,0.0456084367,1400.5006518691,358.6761758112
276.3715185000,2497,0.0456084367,1400.5006518691,358.6761758112
276.5006977000,2498,0.0456084367,1400.5006518691,358.6761758112
276.6232937000,2499,0.0456084367,1400.5006518691,358.6761758112
276.7469109000,2500,0.0456084367,1400.5006518691,358.6761758112
276.8766973000,2501,0.0456084367,1400.5006518691,358.6761758112
277.0023121000,2502,0.0456034067,1400.5006518691,358.6174611010
277.1366671000,2503,0.0456034067,1400.5006518691,358.6174611010
277.2662903000,2504,0.0456034067,1400.5006518691,358.6174611010
277.3918413000,2505,0.0456034067,1400.5006518691,358.6174611010
277.5149135000,2506,0.0456034067,1400.5006518691,358.6174611010
277.6414333000,2507,0.0456034067,1400.5006518691,358.6174611010
277.7693771000,2508,0.0456034067,1400.5006518691,358.6174611010
277.8947373000,2509,0.0456034067,1400.5006518691,358.6174611010
278.0202251000,2510,0.0456034067,1400.5006518691,358.6174611010
278.1388465000,2511,0.0456034067,1400.5006518691,358.6174611010
278.2581901000,2512,0.0456034067,1400.5006518691,358.6174611010
278.3897902000,2513,0.0456034067,1400.5006518691,358.6174611010
278.5124017000,2514,0.0455986987,1400.5006518691,358.5625036639
278.6499309000,2515,0.0455986987,1400.5006518691,358.5625036639
278.7889305000,2516,0.0455986987,1400.5006518691,358.5625036639
278.9236921000,2517,0.0455986987,1400.5006518691,358.5625036639
279.0437100000,2518,0.0455986987,1400.5006518691,358.5625036639
279.1739013000,2519,0.0455986987,1400.5006518691,358.5625036639
279.3066135000,2520,0.0455721925,1400.5006518691,358.2530972938
279.4352345000,2521,0.0455721925,1400.5006518691,358.2530972938
279.5642727000,2522,0.0455721925,1400.5006518691,358.2530972938
279.6988377000,2523,0.0455721925,1400.5006518691,358.2530972938
279.8332488000,2524,0.0455721925,1400.5006518691,358.2530972938
279.9501464000,2525,0.0455721925,1400.5006518691,358.2530972938
280.0644815000,2526,0.0455721925,1400.5006518691,358.2530972938
280.1826589000,2527,0.0455721925,1400.5006518691,358.2530972938
280.2969150000,2528,0.0455721925,1400.5006518691,358.2530972938
280.4105304000,2529,0.0455721925,1400.5006518691,358.2530972938
280.5277342000,2530,0.0455721925,1400.5006518691,358.2530972938
280.6432440000,2531,0.0455721925,1400.5006518691,358.2530972938
280.7706052000,2532,0.0455721925,1400.5006518691,358.2530972938
280.8981773000,2533,0.0455721925,1400.5006518691,358.2530972938
281.0301107000,2534,0.0455721925,1400.5006518691,358.2530972938
281.1543514000,2535,0.0455721925,1400.5006518691,358.2530972938
281.2780944000,2536,0.0455680044,1400.5006518691,358.2042093184
281.4084054000,2537,0.0455680044,1400.5006518691,358.2042093184
281.5452232000,2538,0.0455680044,1400.5006518691,358.2042093184
281.6770375000,2539,0.0455680044,1400.5006518691,358.2042093184
281.8087958000,2540,0.0455680044,1400.5006518691,358.2042093184
281.9300345000,2541,0.0455680044,1400.5006518691,358.2042093184
282.0598883000,2542,0.0455680044,1400.5006518691,358.2042093184
282.1876567000,2543,0.0455680044,1400.5006518691,358.2042093184
282.3224033000,2544,0.0455680044,1400.5006518691,358.2042093184
282.4627611000,2545,0.0455680044,1400.5006518691,358.2042093184
282.6028884000,2546,0.0455680044,1400.5006518691,358.2042093184
282.7339175000,2547,0.0455680044,1400.5006518691,358.2042093184
282.8711183000,2548,0.0455680044,1400.5006518691,358.2042093184
283.0070899000,2549,0.0455680044,1400.5006518691,358.2042093184
283.1314058000,2550,0.0455539616,1400.5006518691,358.0402875293
283.2675969000,2551,0.0455539616,1400.5006518691,358.0402875293
283.3865684000,2552,0.0455539616,1400.5006518691,358.0402875293
283.5123654000,2553,0.0455539616,1400.5006518691,358.0402875293
283.6416308000,2554,0.0455501130,1400.5006518691,357.9953627894
283.7654706000,2555,0.0455501130,1400.5006518691,357.9953627894
283.8996353000,2556,0.0455501130,1400.5006518691,357.9953627894
284.0211384000,2557,0.0455501130,1400.5006518691,357.9953627894
284.1483254000,2558,0.0455501130,1400.5006518691,357.9953627894
284.2750370000,2559,0.0455501130,1400.5006518691,357.9953627894
284.4001146000,2560,0.0455501130,1400.5006518691,357.9953627894
284.5343155000,2561,0.0455501130,1400.5006518691,357.9953627894
284.6546894000,2562,0.0455501130,1400.5006518691,357.9953627894
284.7940501000,2563,0.0455501130,1400.5006518691,357.9953627894
284.9253557000,2564,0.0455501130,1400.5006518691,357.9953627894
285.0519446000,2565,0.0455501130,1400.5006518691,357.9953627894
285.2004709000,2566,0.0455416170,1400.5006518691,357.8961892349
285.3499907000,2567,0.0455416170,1400.5006518691,357.8961892349
285.4785150000,2568,0.0455416170,1400.5006518691,357.8961892349
285.5983520000,2569,0.0455416170,1400.5006518691,357.8961892349
285.7205261000,2570,0.0455416170,1400.5006518691,357.8961892349
285.8406029000,2571,0.0455416170,1400.5006518691,357.8961892349
285.9723613000,2572,0.0455253794,1400.5006518691,357.7066481322
286.1051672000,2573,0.0455253794,1400.5006518691,357.7066481322
286.2388426000,2574,0.0455253794,1400.5006518691,357.7066481322
286.3592995000,2575,0.0455253794,1400.5006518691,357.7066481322
286.4840383000,2576,0.0455253794,1400.5006518691,357.7066481322
286.6109614000,2577,0.0455253794,1400.5006518691,357.7066481322
286.7361578000,2578,0.0455253794,1400.5006518691,357.7066481322
286.8615298000,2579,0.0455253794,1400.5006518691,357.7066481322
286.9694827000,2580,0.0455253794,1400.5006518691,357.7066481322
287.0894835000,2581,0.0455253794,1400.5006518691,357.7066481322
287.2113023000,2582,0.0455248939,1400.5006518691,357.7009801887
287.3544239000,2583,0.0455248939,1400.5006518691,357.7009801887
287.4863444000,2584,0.0455248939,1400.5006518691,357.7009801887
287.6185191000,2585,0.0455248939,1400.5006518691,357.7009801887
287.7452568000,2586,0.0455248939,1400.5006518691,357.7009801887
287.8719611000,2587,0.0455248939,1400.5006518691,357.7009801887
288.0066185000,2588,0.0455248939,1400.5006518691,357.7009801887
288.1375857000,2589,0.0455248939,1400.5006518691,357.7009801887
288.2673002000,2590,0.0455248939,1400.5006518691,357.7009801887
288.3951610000,2591,0.0455248939,1400.5006518691,357.7009801887
288.5405725000,2592,0.0455248939,1400.5006518691,357.7009801887
288.6615705000,2593,0.0455248939,1400.5006518691,357.7009801887
288.7896635000,2594,0.0455248939,1400.5006518691,357.7009801887
288.9045157000,2595,0.0455248939,1400.5006518691,357.7009801887
289.0272116000,2596,0.0455248939,1400.5006518691,357.7009801887
289.1441545000,2597,0.0455248939,1400.5006518691,357.7009801887
289.2641372000,2598,0.0455248939,1400.5006518691,357.7009801887
289.3863763000,2599,0.0455248939,1400.5006518691,357.7009801887
289.5082841000,2600,0.0455248000,1400.5006518691,357.6998839700
289.6319779000,2601,0.0455248000,1400.5006518691,357.6998839700
289.7574331000,2602,0.0455248000,1400.5006518691,357.6998839700
289.8926863000,2603,0.0455248000,1400.5006518691,357.6998839700
290.0190410000,2604,0.0455248000,1400.5006518691,357.6998839700
290.1485285000,2605,0.0453829405,1400.5006518691,356.0439580501
290.2648016000,2606,0.0453829405,1400.5006518691,356.0439580501
290.3838570000,2607,0.0453829405,1400.5006518691,356.0439580501
290.5143590000,2608,0.0453829405,1400.5006518691,356.0439580501
290.6381826000,2609,0.0453829405,1400.5006518691,356.0439580501
290.7660633000,2610,0.0453829405,1400.5006518691,356.0439580501
290.9016367000,2611,0.0453829405,1400.5006518691,356.0439580501
291.0331182000,2612,0.0453829405,1400.5006518691,356.0439580501
291.1514526000,2613,0.0453825495,1400.5006518691,356.0393940055
291.2891745000,2614,0.0453825495,1400.5006518691,356.0393940055
291.4241357000,2615,0.0453825495,1400.5006518691,356.0393940055
291.5691321000,2616,0.0453825495,1400.5006518691,356.0393940055
291.7129366000,2617,0.0453825495,1400.5006518691,356.0393940055
291.8555937000,2618,0.0453825495,1400.5006518691,356.0393940055
291.9876172000,2619,0.0453825495,1400.5006518691,356.0393940055
292.1197758000,2620,0.0453825495,1400.5006518691,356.0393940055
292.2539069000,2621,0.0453825495,1400.5006518691,356.0393940055
292.3836867000,2622,0.0453825495,1400.5006518691,356.0393940055
292.5186853000,2623,0.0453825495,1400.5006518691,356.0393940055
292.6464319000,2624,0.0453825495,1400.5006518691,356.0393940055
292.7812027000,2625,0.0453825495,1400.5006518691,356.0393940055
292.9077373000,2626,0.0453825495,1400.5006518691,356.0393940055
293.0411046000,2627,0.0453825495,1400.5006518691,356.0393940055
293.1617996000,2628,0.0453825495,1400.5006518691,356.0393940055
293.3123928000,2629,0.0453825495,1400.5006518691,356.0393940055
293.4549943000,2630,0.0453825495,1400.5006518691,356.0393940055
293.5824675000,2631,0.0453825495,1400.5006518691,356.0393940055
293.7099933000,2632,0.0453825495,1400.5006518691,356.0393940055
293.8419332000,2633,0.0453825495,1400.5006518691,356.0393940055
293.9747575000,2634,0.0453825495,1400.5006518691,356.0393940055
294.1152522000,2635,0.0453825495,1400.5006518691,356.0393940055
294.2499119000,2636,0.0453825495,1400.5006518691,356.0393940055
294.3860708000,2637,0.0453825495,1400.5006518691,356.0393940055
294.5266194000,2638,0.0453825495,1400.5006518691,356.0393940055
294.6633884000,2639,0.0453825495,1400.5006518691,356.0393940055
294.8034600000,2640,0.0453825495,1400.5006518691,356.0393940055
294.9385884000,2641,0.0453825495,1400.5006518691,356.0393940055
295.0837881000,2642,0.0453825495,1400.5006518691,356.0393940055
295.2274744000,2643,0.0453825495,1400.5006518691,356.0393940055
295.3398667000,2644,0.0453825495,1400.5006518691,356.0393940055
295.4260409000,2645,0.0453725279,1400.5006518691,355.9224117536
295.5671768000,2646,0.0453725279,1400.5006518691,355.9224117536
295.7057279000,2647,0.0453725279,1400.5006518691,355.9224117536
295.8559558000,2648,0.0453725279,1400.5006518691,355.9224117536
295.9938561000,2649,0.0453725279,1400.5006518691,355.9224117536
296.1253943000,2650,0.0453725279,1400.5006518691,355.9224117536
296.2554883000,2651,0.0453705063,1400.5006518691,355.8988125273
296.3875900000,2652,0.0453705063,1400.5006518691,355.8988125273
296.5305523000,2653,0.0453705063,1400.5006518691,355.8988125273
296.6631620000,2654,0.0453705063,1400.5006518691,355.8988125273
296.8054645000,2655,0.0453670209,1400.5006518691,355.8581281547
296.9451555000,2656,0.0453670209,1400.5006518691,355.8581281547
297.0746988000,2657,0.0453115125,1400.5006518691,355.2101781959
297.2108912000,2658,0.0453115125,1400.5006518691,355.2101781959
297.3551785000,2659,0.0453115125,1400.5006518691,355.2101781959
297.4866743000,2660,0.0453115125,1400.5006518691,355.2101781959
297.6145695000,2661,0.0453115125,1400.5006518691,355.2101781959
297.7439065000,2662,0.0453115125,1400.5006518691,355.2101781959
297.8741387000,2663,0.0453115125,1400.5006518691,355.2101781959
298.0150339000,2664,0.0453115125,1400.5006518691,355.2101781959
298.1473338000,2665,0.0453115125,1400.5006518691,355.2101781959
298.2894788000,2666,0.0453115125,1400.5006518691,355.2101781959
298.4394604000,2667,0.0453115125,1400.5006518691,355.2101781959
298.5687526000,2668,0.0453115125,1400.5006518691,355.2101781959
298.6994036000,2669,0.0453115125,1400.5006518691,355.2101781959
298.8394201000,2670,0.0453115125,1400.5006518691,355.2101781959
298.9735727000,2671,0.0453115125,1400.5006518691,355.2101781959
299.1119780000,2672,0.0453115125,1400.5006518691,355.2101781959
299.2522837000,2673,0.0453115125,1400.5006518691,355.2101781959
299.3902317000,2674,0.0453115125,1400.5006518691,355.2101781959
299.5289378000,2675,0.0453064411,1400.5006518691,355.1509800640
299.6641969000,2676,0.0453064411,1400.5006518691,355.1509800640
299.7978704000,2677,0.0453064411,1400.5006518691,355.1509800640
299.9249297000,2678,0.0453064411,1400.5006518691,355.1509800640
300.0507741000,2679,0.0453064411,1400.5006518691,355.1509800640
