0.0622906430
0.0622865149
0.0610896254
0.0610896254
0.0605061782
0.0595308431
0.0595308431
0.0593437234
0.0590065811
0.0588788748
0.0579331534
0.0579331534
0.0579331534
0.0579330058
0.0579222908
0.0579222908
0.0579222908
0.0579182335
0.0579182335
0.0574101495
0.0574092232
0.0573622727
0.0573622727
0.0573622727
0.0572772551
0.0572772218
0.0572772218
0.0571032805
0.0570826382
0.0570826382
0.0570800602
0.0568217091
0.0568217091
0.0568209896
0.0567885247
0.0567885247
0.0567885247
0.0567885099
0.0567662425
0.0567641443
0.0567641328
0.0567345402
0.0567186837
0.0567186837
0.0567186837
0.0564586436
0.0563631054
0.0563631054
0.0563630499
0.0563190181
0.0563141641
0.0562856700
0.0562828657
0.0561827779
0.0561325546
0.0561309035
0.0561050806
0.0561050806
0.0556874040
0.0556874040
0.0556250825
0.0555260936
0.0553942762
0.0552884749
0.0548920908
0.0548289762
0.0548153774
0.0547600103
0.0547037932
0.0544389196
0.0543513709
0.0543513709
0.0542798180
0.0542773060
0.0542338075
0.0541945910
0.0541523227
0.0541327283
0.0541216007
0.0540907043
0.0540871224
0.0538852076
0.0538852076
0.0538753390
0.0533678563
0.0533099906
0.0532965246
0.0532720912
0.0532720912
0.0528753104
0.0527451078
0.0527427292
0.0527276147
0.0527197015
0.0526050431
0.0525923005
0.0525696168
0.0523372144
0.0523372144
0.0522893608
0.0522794275
0.0522603101
0.0522134573
0.0521478204
0.0521008906
0.0520306251
0.0518548869
0.0518423533
0.0518071855
0.0516728230
0.0516326073
0.0515913292
0.0515341117
0.0515341117
0.0514540293
0.0513552692
0.0513005780
0.0512878411
0.0511267776
0.0510696088
0.0510265585
0.0507379063
0.0505565842
0.0505039762
0.0504398023
0.0504347886
0.0504152414
0.0504061195
0.0504013769
0.0503719363
0.0501695166
0.0501695166
0.0501318234
0.0501318234
0.0500632039
0.0499441532
0.0498600950
0.0497815059
0.0497053146
0.0496421753
0.0496272032
0.0495565220
0.0494399031
0.0494068610
0.0493853865
0.0493216729
0.0491227104
0.0490750814
0.0490750814
0.0490367275
0.0490367275
0.0490268214
0.0490009593
0.0489824609
0.0489238161
0.0489237537
0.0489085216
0.0489041888
0.0488960590
0.0488173659
0.0487627712
0.0487390229
0.0487372185
0.0486822432
0.0486523354
0.0486275215
0.0485799149
0.0485666176
0.0485404497
0.0485404497
0.0483496164
0.0483289426
0.0483284762
0.0483278892
0.0483176080
0.0482635834
0.0482036806
0.0482030937
0.0481560707
0.0481560707
0.0481386287
0.0481290262
0.0481206636
0.0481117894
0.0479867399
0.0479867399
0.0479637495
0.0479272972
0.0477551733
0.0476485055
0.0476485055
0.0476194926
0.0473379733
0.0473307097
0.0473033883
0.0472182919
0.0471832552
0.0471593773
0.0471299255
0.0471195409
0.0470434958
0.0470367679
0.0469820046
0.0468378467
0.0468058958
0.0467263834
0.0466681315
0.0466664541
0.0465720513
0.0465670004
0.0465604425
0.0465080461
0.0464365292
0.0464365292
0.0463120326
0.0463120326
0.0462666425
0.0462610156
0.0462099889
0.0462077991
0.0461917995
0.0461896982
0.0461727036
0.0461723626
0.0461567938
0.0461536034
0.0461361854
0.0461134120
0.0460563587
0.0460563587
0.0459415749
0.0459231037
0.0459080888
0.0458967984
0.0458965313
0.0458743316
0.0458091422
0.0458091422
0.0458091422
0.0457743596
0.0457742698
0.0457539130
0.0457212199
0.0457039815
0.0455197116
0.0455197116
0.0455179094
0.0454846926
0.0454845047
0.0451794342
0.0451532328
0.0450639691
0.0450228263
0.0450133671
0.0449954088
0.0449954088
0.0449912904
0.0449833593
0.0449775129
0.0449671064
0.0449466889
0.0447790946
0.0447299329
0.0447187413
0.0447048038
0.0446950211
0.0446744362
0.0446700205
0.0446650868
0.0446490133
0.0446297614
0.0446268655
0.0446159184
0.0445833032
0.0445780213
0.0445143410
0.0445024502
0.0445024502
0.0444793936
0.0443911132
0.0443644724
0.0443644724
0.0443644724
0.0443617030
0.0443616220
0.0443604841
0.0443371931
0.0443371931
0.0442291681
0.0441486476
0.0441429059
0.0441415012
0.0441402782
0.0441242223
0.0441235658
0.0440590225
0.0440590225
0.0439189041
0.0438818960
0.0438448434
0.0438258278
0.0438073781
0.0437706224
0.0437627891
0.0437274056
0.0437089381
0.0436651208
0.0436106838
0.0435994059
0.0435994059
0.0435979922
0.0435701139
0.0435604264
0.0435590107
0.0435582625
0.0435570115
0.0434675167
0.0434647996
0.0434540457
0.0434438608
0.0433759593
0.0433566928
0.0433452534
0.0433452534
0.0433319208
0.0433310318
0.0433121449
0.0432763926
0.0432714316
0.0432369569
0.0432126053
0.0431941422
0.0431888941
0.0431744569
0.0431669043
0.0431255786
0.0431255786
0.0431036712
0.0430837348
0.0430756788
0.0430756788
0.0430744399
0.0430596675
0.0430443373
0.0429615206
0.0429325151
0.0426277214
0.0426133908
0.0425850357
0.0425850357
0.0425649781
0.0425649781
0.0425649781
0.0425515486
0.0425418143
0.0425122057
0.0424971159
0.0424901329
0.0424647519
0.0424447294
0.0423522751
0.0422955374
0.0422879007
0.0422733385
0.0422713600
0.0422575044
0.0422418315
0.0421430409
0.0421306379
0.0421167530
0.0420959836
0.0420826075
0.0420778211
0.0420488794
0.0420445996
0.0420389417
0.0420385712
0.0419728517
0.0419728517
0.0419488527
0.0419240237
0.0419124980
0.0418996071
0.0418857920
0.0417923761
0.0417328599
0.0417328599
0.0417172105
0.0417093376
0.0416697964
0.0416173441
0.0416173441
0.0416012418
0.0415791169
0.0414744383
0.0414744383
0.0414634451
0.0414620582
0.0414267032
0.0414254150
0.0414254150
0.0414128471
0.0414115430
0.0413852686
0.0413739767
0.0413564974
0.0413356047
0.0413305561
0.0413300146
0.0413092551
0.0412746807
0.0412616711
0.0412549970
0.0412549970
0.0412333144
0.0411991338
0.0411862422
0.0411845397
0.0411712201
0.0411673266
0.0411552467
0.0411549962
0.0411547958
0.0410713003
0.0410654260
0.0410558515
0.0410444290
0.0410217248
0.0410197356
0.0410141909
0.0409707696
0.0409650828
0.0409218662
0.0409218662
0.0409185215
0.0409185215
0.0408929159
0.0408694828
0.0408694828
0.0408692251
0.0408562418
0.0408435100
0.0408349111
0.0408321801
0.0408301389
0.0408216307
0.0407547955
0.0407491664
0.0407210932
0.0407146210
0.0407110059
0.0407048314
0.0406878300
0.0406397951
0.0406214825
0.0406131032
0.0406131032
0.0406131032
0.0406131032
0.0405997288
0.0405985015
0.0405943141
0.0405630237
0.0405544451
0.0405544451
0.0405544451
0.0405426435
0.0405342375
0.0405307828
0.0405218770
0.0405099581
0.0404944630
0.0404860295
0.0404782999
0.0404631074
0.0404588094
0.0404482312
0.0404482312
0.0404377395
0.0404190215
0.0403874771
0.0403874032
0.0403499610
0.0403390725
0.0403342625
0.0402906359
0.0402902003
0.0402902003
0.0402796016
0.0402609318
0.0402596178
0.0402562186
0.0402543384
0.0402448026
0.0402448026
0.0402317915
0.0402184728
0.0401919930
0.0401835645
0.0401750993
0.0401655440
0.0401600921
0.0401131543
0.0400707639
0.0399919086
0.0399443685
0.0399236952
0.0399142036
0.0399142036
0.0399095627
0.0398970033
0.0398777420
0.0398705653
0.0398705653
0.0398665190
0.0398615350
0.0397741015
0.0397537320
0.0397218134
0.0397113545
0.0396882819
0.0396825808
0.0396825808
0.0396764244
0.0396761315
0.0396724937
0.0396155845
0.0396086885
0.0396050042
0.0395942795
0.0395635631
0.0395305773
0.0395172849
0.0395040653
0.0395033270
0.0395030695
0.0394681696
0.0394517913
0.0394483221
0.0394331044
0.0394113389
0.0394099828
0.0394037463
0.0393600574
0.0393529399
0.0393528103
0.0393177767
0.0392264555
0.0391718759
0.0390570967
0.0390462078
0.0390446391
0.0390209965
0.0390191613
0.0390051487
0.0389834527
0.0389805288
0.0389429541
0.0389264538
0.0389041454
0.0389026441
0.0388829920
0.0388829920
0.0388814268
0.0388525274
0.0388511124
0.0388319567
0.0388319567
0.0388306155
0.0388246226
0.0387690047
0.0387485729
0.0387464340
0.0387293383
0.0387214176
0.0387214176
0.0386401545
0.0386369125
0.0385985265
0.0385883336
0.0385862298
0.0385766326
0.0385540134
0.0385506216
0.0385506216
0.0385387221
0.0385362305
0.0385180539
0.0382328715
0.0382094700
0.0381776622
0.0381679104
0.0381564334
0.0381528734
0.0381432292
0.0381199889
0.0381038161
0.0381014672
0.0380954694
0.0380871109
0.0380798470
0.0380733807
0.0380675646
0.0380616572
0.0380616572
0.0380600244
0.0380395872
0.0380351214
0.0380071758
0.0380071758
0.0379880244
0.0379722776
0.0379558803
0.0379448622
0.0379448622
0.0379324502
0.0379254074
0.0379151951
0.0379021682
0.0378923100
0.0378822299
0.0378588578
0.0378583133
0.0378464439
0.0378433665
0.0378202307
0.0378157652
0.0378095075
0.0378058390
0.0378007963
0.0377232605
0.0377216288
0.0377018264
0.0377018264
0.0376893140
0.0376844042
0.0376484124
0.0376314982
0.0375771956
0.0375771956
0.0375720287
0.0375715046
0.0375636023
0.0375584547
0.0375572993
0.0375528456
0.0375178777
0.0375121042
0.0375088830
0.0374986419
0.0374762573
0.0374612152
0.0374606835
0.0374570803
0.0374564657
0.0374564657
0.0374025763
0.0373960390
0.0373809241
0.0373770855
0.0373546858
0.0373351794
0.0373351794
0.0373351565
0.0373268140
0.0373256477
0.0373195226
0.0373181811
0.0373165172
0.0372980929
0.0372864456
0.0372864456
0.0372864456
0.0372836129
0.0372806299
0.0372488971
0.0372480964
0.0372298117
0.0372298117
0.0372268166
0.0371832851
0.0371810120
0.0371648033
0.0371642890
0.0371513231
0.0371513231
0.0371333714
0.0371333714
0.0371282716
0.0371136211
0.0370941912
0.0370739271
0.0370715103
0.0370658966
0.0370537948
0.0370534836
0.0370522752
0.0370493096
0.0370446840
0.0370421014
0.0370283950
0.0370267962
0.0370202498
0.0370151469
0.0369969966
0.0369650131
0.0369594154
0.0369590027
0.0369537195
0.0369533314
0.0369525313
0.0369407155
0.0369389852
0.0369290344
0.0369290344
0.0369259964
0.0369222489
0.0369170405
0.0369111292
0.0369080339
0.0369077860
0.0368954269
0.0368856807
0.0368453462
0.0368347568
0.0368301023
0.0368301023
0.0368255367
0.0368253563
0.0368176127
0.0368078515
0.0368008010
0.0368008010
0.0368007223
0.0367470842
0.0367470842
0.0367470842
0.0367379136
0.0367239992
0.0367116159
0.0366945546
0.0366945527
0.0366882635
0.0366882635
0.0366220103
0.0366089315
0.0365950920
0.0365729787
0.0365574180
0.0365474040
0.0365437229
0.0365437229
0.0365437229
0.0365352337
0.0365301404
0.0364989607
0.0364817386
0.0364784012
0.0364777831
0.0364777831
0.0364721216
0.0364114896
0.0363833827
0.0363595048
0.0363376095
0.0363376095
0.0363013746
0.0363013746
0.0363013746
0.0363013746
0.0362844031
0.0362697988
0.0362697988
0.0362649572
0.0362264993
0.0362162877
0.0362004964
0.0361990381
0.0361985123
0.0361943606
0.0361908099
0.0361833557
0.0361751781
0.0361751781
0.0361693019
0.0361488896
0.0361430692
0.0361423915
0.0361306808
0.0361289647
0.0361189569
0.0361189569
0.0361106808
0.0360764857
0.0360670713
0.0360670713
0.0360620035
0.0360584240
0.0360531087
0.0360466679
0.0360434414
0.0360400947
0.0360336491
0.0360228250
0.0360207918
0.0360131525
0.0360112789
0.0360057760
0.0360049148
0.0360030515
0.0359626648
0.0359592375
0.0359357542
0.0359226686
0.0359226686
0.0359174679
0.0359140373
0.0359083758
0.0359073415
0.0358849072
0.0358849072
0.0358795935
0.0358785163
0.0358774127
0.0358761930
0.0358754557
0.0358743257
0.0358676614
0.0358557854
0.0358410980
0.0358402104
0.0358287777
0.0358132163
0.0358098925
0.0357969624
0.0357944823
0.0357944823
0.0357677995
0.0357596022
0.0357435889
0.0357334698
0.0357229714
0.0357229714
0.0357229714
0.0357117904
0.0357064474
0.0357064474
0.0357014283
0.0356965436
0.0356829317
0.0356811429
0.0356811429
0.0356772747
0.0356627911
0.0356619105
0.0356607508
0.0356607508
0.0356551752
0.0356530041
0.0356530041
0.0356518243
0.0356518243
0.0356435595
0.0356425511
0.0356402844
0.0356402844
0.0355997934
0.0355977549
0.0355837929
0.0355365040
0.0354972659
0.0354943373
0.0354837435
0.0354710988
0.0354646060
0.0354597264
0.0354542687
0.0354540693
0.0354424931
0.0354409685
0.0354391445
0.0354172978
0.0354172285
0.0354102450
0.0354102450
0.0354100205
0.0353940424
0.0353834745
0.0353803698
0.0353386423
0.0353386423
0.0353326412
0.0353156810
0.0353152733
0.0353152733
0.0353140296
0.0352934290
0.0352852571
0.0352813439
0.0352552593
0.0352552593
0.0352426155
0.0352413419
0.0352315888
0.0352243876
0.0351754098
0.0351557163
0.0351489222
0.0351396679
0.0351396679
0.0351396679
0.0351367264
0.0351367264
0.0351024888
0.0351011877
0.0350993761
0.0350738728
0.0350478055
0.0350359838
0.0350322846
0.0350322846
0.0350133597
0.0350122025
0.0350104886
0.0350104886
0.0350100228
0.0350088287
0.0349911687
0.0349837739
0.0349686366
0.0349590218
0.0349571892
0.0349533133
0.0349377468
0.0349159935
0.0349114072
0.0349114072
0.0348956614
0.0348938146
0.0348881739
0.0348811521
0.0348767782
0.0348730580
0.0348718667
0.0348677049
0.0348677049
0.0348632641
0.0348612296
0.0348596837
0.0348547677
0.0348547677
0.0348445074
0.0348059482
0.0348059482
0.0348049181
0.0347983421
0.0347977889
0.0347736183
0.0347695925
0.0347573203
0.0347166002
0.0347109909
0.0347088003
0.0347084552
0.0346850806
0.0346746353
0.0346500872
0.0346500872
0.0346497380
0.0346252293
0.0346142272
0.0346023959
0.0345983961
0.0345933018
0.0345760930
0.0345741581
0.0345638851
0.0345423996
0.0345367709
0.0345367709
0.0345239685
0.0345168549
0.0345106180
0.0345106180
0.0345061841
0.0345061841
0.0344865441
0.0344861397
0.0344839786
0.0344402886
0.0344293349
0.0344293349
0.0344156703
0.0344151831
0.0344053295
0.0344025052
0.0344015361
0.0344011211
0.0343912300
0.0343873934
0.0343832917
0.0343775947
0.0343750884
0.0343584155
0.0343460790
0.0343390730
0.0343390730
0.0343315972
0.0343295235
0.0343295235
0.0343295235
0.0343206439
0.0343202598
0.0343013758
0.0342814073
0.0342807072
0.0342807072
0.0342803998
0.0342746535
0.0342661003
0.0342579551
0.0342566248
0.0342222755
0.0342158546
0.0342138216
0.0342096825
0.0342063471
0.0341974706
0.0341867363
0.0341837003
0.0341802958
0.0341740440
0.0341644183
0.0341563565
0.0341557556
0.0341502479
0.0341252887
0.0341252887
0.0341177651
0.0341153056
0.0341138078
0.0341098486
0.0341083954
0.0341033944
0.0341006151
0.0340947471
0.0340909521
0.0340906584
0.0340886351
0.0340775528
0.0340775528
0.0340775528
0.0340716714
0.0340716714
0.0340679166
0.0340675292
0.0340530695
0.0340530695
0.0340412134
0.0340406088
0.0340405085
0.0340365528
0.0340310283
0.0340284807
0.0340227791
0.0340141669
0.0340119384
0.0340116504
0.0340112366
0.0340007307
0.0339986747
0.0339799229
0.0339640622
0.0339640622
0.0339618830
0.0339598269
0.0339598022
0.0339472416
0.0339467787
0.0339465450
0.0339454054
0.0339447516
0.0339342960
0.0339292055
0.0339098244
0.0339030001
0.0339022696
0.0338910602
0.0338910602
0.0338882426
0.0338665743
0.0338647012
0.0338493486
0.0338408175
0.0338394011
0.0338130391
0.0338090284
0.0337943588
0.0337924858
0.0337920955
0.0337918674
0.0337889211
0.0337879154
0.0337863912
0.0337686665
0.0337523476
0.0337495036
0.0337466947
0.0337280551
0.0337188094
0.0337166003
0.0337139236
0.0336929710
0.0336833566
0.0336747180
0.0336747180
0.0336746726
0.0336638157
0.0336549982
0.0336549982
0.0336443169
0.0336391299
0.0336347387
0.0336347387
0.0336201994
0.0336094727
0.0336093890
0.0336047568
0.0335889749
0.0335889749
0.0335747328
0.0335659511
0.0335659511
0.0335584290
0.0335557145
0.0335404663
0.0335383693
0.0335183912
0.0335168800
0.0335035027
0.0335035027
0.0335020309
0.0334816663
0.0334646584
0.0334643901
0.0334643901
0.0334623711
0.0334539807
0.0334535897
0.0334381033
0.0334166499
0.0334106547
0.0334083585
0.0333829937
0.0333730981
0.0333694561
0.0333668466
0.0333608696
0.0333280389
0.0333095651
0.0332876544
0.0332851420
0.0332671402
0.0332670434
0.0332595443
0.0332548130
0.0332511947
0.0332435702
0.0332309232
0.0332309232
0.0332016583
0.0332016583
0.0332001902
0.0331968522
0.0331944524
0.0331752850
0.0331747191
0.0331673592
0.0331588007
0.0331572720
0.0331404153
0.0331380168
0.0331376279
0.0331376279
0.0331376279
0.0331249787
0.0331239210
0.0331239210
0.0331079371
0.0331049917
0.0331024744
0.0330946495
0.0330938575
0.0330839057
0.0330817407
0.0330685214
0.0330532677
0.0330328903
0.0330269621
0.0330058505
0.0330055033
0.0330029256
0.0330025688
0.0329981588
0.0329914265
0.0329902996
0.0329860441
0.0329857044
0.0329853787
0.0329810146
0.0329808313
0.0329804249
0.0329736264
0.0329654140
0.0329635656
0.0329600852
0.0329600852
0.0329588446
0.0329517898
0.0329487401
0.0329487401
0.0329487401
0.0329476617
0.0329474985
0.0329469143
0.0329455647
0.0329281781
0.0329215253
0.0329041167
0.0329034148
0.0329034148
0.0329020993
0.0328922431
0.0328911614
0.0328887545
0.0328883126
0.0328775127
0.0328565491
0.0328565491
0.0328139281
0.0328087822
0.0328011184
0.0328011184
0.0327818367
0.0327818367
0.0327779611
0.0327764823
0.0327720935
0.0327352790
0.0327340856
0.0327320866
0.0327227887
0.0327227887
0.0327111615
0.0327034464
0.0326931305
0.0326918663
0.0326862236
0.0326757871
0.0326744754
0.0326651933
0.0326641390
0.0326640498
0.0326640498
0.0326640498
0.0326640498
0.0326640498
0.0326593829
0.0326576520
0.0326448366
0.0326389637
0.0326361160
0.0326319450
0.0326189948
0.0326170440
0.0326141329
0.0326132320
0.0326125478
0.0322286657
0.0322222212
0.0322222212
0.0322220102
0.0321114813
0.0321114813
0.0321088905
0.0321067473
0.0321067473
0.0321067051
0.0320975958
0.0320970843
0.0320970843
0.0320925883
0.0320925883
0.0320858868
0.0320800033
0.0320647947
0.0320627503
0.0320613408
0.0320289157
0.0320152175
0.0319871715
0.0319871715
0.0319859364
0.0319767510
0.0319661723
0.0319661723
0.0319627341
0.0319502748
0.0319348771
0.0319172830
0.0319149771
0.0319137491
0.0319137491
0.0319056469
0.0319035948
0.0319035948
0.0318953834
0.0318795565
0.0318795565
0.0318705041
0.0318705041
0.0318656123
0.0318640078
0.0318541324
0.0318541324
0.0318534478
0.0318533142
0.0318515371
0.0318504417
0.0318283172
0.0318269621
0.0318269621
0.0318251489
0.0318159172
0.0318123875
0.0317896945
0.0317845272
0.0317616695
0.0317616695
0.0317616695
0.0317505602
0.0317505602
0.0317497302
0.0317486015
0.0317222082
0.0317136354
0.0317061070
0.0317014388
0.0316995288
0.0316935839
0.0316816772
0.0316816772
0.0316708745
0.0316667359
0.0316658309
0.0316628993
0.0316626714
0.0316597788
0.0316423088
0.0316403637
0.0316395959
0.0316268475
0.0316236404
0.0316222179
0.0316150382
0.0316145150
0.0316060892
0.0316013628
0.0316013628
0.0315985907
0.0315911449
0.0315785881
0.0315757992
0.0315756383
0.0315690853
0.0315690853
0.0315582172
0.0315582172
0.0315564784
0.0315564784
0.0315415770
0.0315381421
0.0315328881
0.0315145517
0.0315139669
0.0315117321
0.0315012072
0.0315012072
0.0314993732
0.0314898271
0.0314818148
0.0314735382
0.0314735382
0.0314701265
0.0314647264
0.0314602502
0.0314602502
0.0314590962
0.0314536410
0.0314534825
0.0314533496
0.0314488868
0.0314468168
0.0314316999
0.0314315456
0.0314204147
0.0314144422
0.0314103241
0.0314101288
0.0313887422
0.0313870565
0.0313867822
0.0313863513
0.0313863513
0.0313858999
0.0313755770
0.0313720012
0.0313669664
0.0313666168
0.0313666168
0.0313666168
0.0313658041
0.0313321531
0.0313321531
0.0313320405
0.0313306879
0.0313268833
0.0313268833
0.0313234196
0.0313234196
0.0313007795
0.0312207532
0.0312189200
0.0312113145
0.0312096167
0.0312071232
0.0311930382
0.0311895777
0.0311895777
0.0311895777
0.0311894406
0.0311887956
0.0311884969
0.0311875531
0.0311826867
0.0311826867
0.0311762078
0.0311701099
0.0311691468
0.0311671866
0.0311607272
0.0311607272
0.0311594429
0.0311547702
0.0311468804
0.0311461454
0.0311461454
0.0311414217
0.0311304187
0.0311147122
0.0311130674
0.0311115258
0.0311115258
0.0310979839
0.0310964318
0.0310916448
0.0310911114
0.0310911114
0.0310911114
0.0310900142
0.0310900142
0.0310875032
0.0310766247
0.0310717499
0.0310692446
0.0310663124
0.0310617497
0.0310617497
0.0310611314
0.0310569646
0.0310569646
0.0310482402
0.0310439488
0.0310357411
0.0310325339
0.0310323033
0.0310257432
0.0310099694
0.0310087444
0.0310081582
0.0310010761
0.0310001580
0.0310000000
0.0310000000
0.0310000000
0.0310000000
0.0310000000
0.0310000000
0.0310000000
0.0310000000
0.0310000000
0.0310000000
0.0310000000
0.0310000000
0.0310000000
0.0310000000
0.0310000000
0.0310000000
0.0310000000
0.0310000000
0.0310000000
0.0310000000
0.0310000000
0.0310000000
0.0310000000
0.0310000000
0.0310000000
0.0310000000
0.0310000000
0.0310000000
0.0310000000
0.0310000000
0.0310000000
0.0310000000
0.0310000000
0.0310000000
0.0310000000
0.0310000000
0.0310000000
0.0310000000
0.0310000000
0.0310000000
0.0310000000
0.0310000000
0.0310000000
0.0310000000
0.0310000000
0.0310000000
0.0310000000
0.0310000000
0.0310000000
0.0310000000
0.0310000000
0.0310000000
0.0310000000
0.0310000000
0.0310000000
0.0310000000
0.0310000000
0.0310000000
0.0310000000
0.0310000000
0.0310000000
0.0310000000
0.0310000000
0.0310000000
0.0310000000
0.0310000000
0.0310000000
0.0310000000
0.0310000000
0.0310000000
0.0310000000
0.0310000000
0.0310000000
0.0310000000
0.0310000000
0.0310000000
0.0310000000
0.0310000000
0.0310000000
0.0310000000
0.0310000000
0.0310000000
0.0310000000
0.0310000000
0.0310000000
0.0310000000
0.0310000000
0.0310000000
0.0310000000
0.0310000000
0.0310000000
0.0310000000
0.0310000000
0.0310000000
0.0310000000
0.0310000000
0.0310000000
0.0310000000
0.0310000000
0.0310000000
0.0310000000
0.0310000000
0.0310000000
0.0310000000
0.0310000000
0.0310000000
0.0310000000
0.0310000000
0.0310000000
0.0310000000
0.0310000000
0.0310000000
0.0310000000
0.0310000000
0.0310000000
0.0310000000
0.0310000000
0.0310000000
0.0310000000
0.0310000000
0.0310000000
0.0310000000
0.0310000000
0.0310000000
0.0310000000
0.0310000000
0.0310000000
0.0310000000
0.0310000000
0.0310000000
0.0310000000
0.0310000000
0.0310000000
0.0310000000
0.0310000000
0.0310000000
0.0310000000
0.0310000000
0.0310000000
0.0310000000
0.0310000000
0.0310000000
0.0310000000
0.0310000000
0.0310000000
0.0310000000
0.0310000000
0.0310000000
0.0310000000
0.0310000000
0.0310000000
0.0310000000
0.0310000000
0.0310000000
0.0310000000
0.0310000000
0.0310000000
0.0310000000
0.0310000000
0.0310000000
0.0310000000
0.0310000000
0.0310000000
0.0310000000
0.0310000000
0.0310000000
0.0310000000
0.0310000000
0.0310000000
0.0310000000
0.0310000000
0.0310000000
0.0310000000
0.0310000000
0.0310000000
0.0310000000
0.0310000000
0.0310000000
0.0310000000
0.0310000000
0.0310000000
0.0310000000
0.0310000000
0.0310000000
0.0310000000
0.0310000000
0.0310000000
0.0310000000
0.0310000000
0.0310000000
0.0310000000
0.0310000000
0.0310000000
0.0310000000
0.0310000000
0.0310000000
0.0310000000
0.0310000000
0.0310000000
0.0310000000
0.0310000000
0.0310000000
0.0310000000
0.0310000000
0.0310000000
0.0310000000
0.0310000000
0.0310000000
0.0310000000
0.0310000000
0.0310000000
0.0310000000
0.0310000000
0.0310000000
0.0310000000
0.0310000000
0.0310000000
0.0310000000
0.0310000000
0.0310000000
0.0310000000
0.0310000000
0.0310000000
0.0310000000
0.0310000000
0.0310000000
0.0310000000
0.0310000000
0.0310000000
0.0310000000
0.0310000000
0.0310000000
0.0310000000
0.0310000000
0.0310000000
0.0310000000
0.0310000000
0.0310000000
0.0310000000
0.0310000000
0.0310000000
0.0310000000
0.0310000000
0.0310000000
0.0310000000
0.0310000000
0.0310000000
0.0310000000
0.0310000000
0.0310000000
0.0310000000
0.0310000000
0.0310000000
0.0310000000
0.0310000000
0.0310000000
0.0310000000
0.0310000000
0.0310000000
0.0310000000
0.0310000000
0.0310000000
0.0310000000
0.0310000000
0.0310000000
0.0310000000
0.0310000000
0.0310000000
0.0310000000
0.0310000000
0.0310000000
0.0310000000
0.0310000000
0.0310000000
0.0310000000
0.0310000000
0.0310000000
0.0310000000
0.0310000000
0.0310000000
0.0310000000
0.0310000000
0.0310000000
0.0310000000
0.0310000000
0.0310000000
0.0310000000
0.0310000000
0.0310000000
0.0310000000
0.0310000000
0.0310000000
0.0310000000
0.0310000000
0.0310000000
0.0310000000
0.0310000000
0.0310000000
0.0310000000
0.0310000000
0.0310000000
0.0310000000
0.0310000000
0.0310000000
0.0310000000
0.0310000000
0.0310000000
0.0310000000
0.0310000000
0.0310000000
0.0310000000
0.0310000000
0.0310000000
0.0310000000
0.0310000000
0.0310000000
0.0310000000
0.0310000000
0.0310000000
0.0310000000
0.0310000000
0.0310000000
0.0310000000
0.0310000000
0.0310000000
0.0310000000
0.0310000000
0.0310000000
0.0310000000
0.0310000000
0.0310000000
0.0310000000
0.0310000000
0.0310000000
0.0310000000
0.0310000000
0.0310000000
0.0310000000
0.0310000000
0.0310000000
0.0310000000
0.0310000000
0.0310000000
0.0310000000
0.0310000000
0.0310000000
0.0310000000
0.0310000000
0.0310000000
0.0310000000
0.0310000000
0.0310000000
0.0310000000
0.0310000000
0.0310000000
0.0310000000
0.0310000000
0.0310000000
0.0310000000
0.0310000000
0.0310000000
0.0310000000
0.0310000000
0.0310000000
0.0310000000
0.0310000000
0.0310000000
0.0310000000
0.0310000000
0.0310000000
0.0310000000
0.0310000000
0.0310000000
0.0310000000
0.0310000000
0.0310000000
0.0310000000
0.0310000000
0.0310000000
0.0310000000
0.0310000000
0.0310000000
0.0310000000
0.0310000000
0.0310000000
0.0310000000
0.0310000000
0.0310000000
0.0310000000
0.0310000000
0.0310000000
0.0310000000
0.0310000000
0.0310000000
0.0310000000
0.0310000000
0.0310000000
0.0310000000
0.0310000000
0.0310000000
0.0310000000
0.0310000000
0.0310000000
0.0310000000
0.0310000000
0.0310000000
0.0310000000
0.0310000000
0.0310000000
0.0310000000
0.0310000000
0.0310000000
0.0310000000
0.0310000000
0.0310000000
0.0310000000
0.0310000000
0.0310000000
0.0310000000
0.0310000000
0.0310000000
0.0310000000
0.0310000000
0.0310000000
0.0310000000
0.0310000000
0.0310000000
0.0310000000
0.0310000000
0.0310000000
0.0310000000
0.0310000000
0.0310000000
0.0310000000
0.0310000000
0.0310000000
0.0310000000
0.0310000000
0.0310000000
0.0310000000
0.0310000000
0.0310000000
0.0310000000
0.0310000000
0.0310000000
0.0310000000
0.0310000000
0.0310000000
0.0310000000
0.0310000000
0.0310000000
0.0310000000
0.0310000000
0.0310000000
0.0310000000
0.0310000000
0.0310000000
0.0310000000
0.0310000000
0.0310000000
0.0310000000
0.0310000000
0.0310000000
0.0310000000
0.0310000000
0.0310000000
0.0310000000
0.0310000000
0.0310000000
0.0310000000
0.0310000000
0.0310000000
0.0310000000
0.0310000000
0.0310000000
0.0310000000
0.0310000000
0.0310000000
0.0310000000
0.0310000000
0.0310000000
0.0310000000
0.0310000000
0.0310000000
0.0310000000
0.0310000000
0.0310000000
0.0310000000
0.0310000000
0.0310000000
0.0310000000
0.0310000000
0.0310000000
0.0310000000
0.0310000000
0.0310000000
0.0310000000
0.0310000000
0.0310000000
0.0310000000
0.0310000000
0.0310000000
0.0310000000
0.0310000000
0.0310000000
0.0310000000
0.0310000000
0.0310000000
0.0310000000
0.0310000000
0.0310000000
0.0310000000
0.0310000000
0.0310000000
0.0310000000
0.0310000000
0.0310000000
0.0310000000
0.0310000000
0.0310000000
0.0310000000
0.0310000000
0.0310000000
0.0310000000
0.0310000000
0.0310000000
0.0310000000
0.0310000000
0.0310000000
0.0310000000
0.0310000000
0.0310000000
0.0310000000
0.0310000000
0.0310000000
0.0310000000
0.0310000000
0.0310000000
0.0310000000
0.0310000000
0.0310000000
0.0310000000
0.0310000000
0.0310000000
0.0310000000
0.0310000000
0.0310000000
0.0310000000
0.0310000000
0.0310000000
0.0310000000
0.0310000000
0.0310000000
0.0310000000
0.0310000000
0.0310000000
0.0310000000
0.0310000000
0.0310000000
0.0310000000
0.0310000000
0.0310000000
0.0310000000
0.0310000000
0.0310000000
0.0310000000
0.0310000000
0.0310000000
0.0310000000
0.0310000000
0.0310000000
0.0310000000
0.0310000000
0.0310000000
0.0310000000
0.0310000000
0.0310000000
0.0310000000
0.0310000000
0.0310000000
0.0310000000
0.0310000000
0.0310000000
0.0310000000
0.0310000000
0.0310000000
0.0310000000
0.0310000000
0.0310000000
0.0310000000
0.0310000000
0.0310000000
0.0310000000
0.0310000000
0.0310000000
0.0310000000
0.0310000000
0.0310000000
0.0310000000
0.0310000000
0.0310000000
0.0310000000
0.0310000000
0.0310000000
0.0310000000
0.0310000000
0.0310000000
0.0310000000
0.0310000000
0.0310000000
0.0310000000
0.0310000000
0.0310000000
0.0310000000
0.0310000000
0.0310000000
0.0310000000
0.0310000000
0.0310000000
0.0310000000
0.0310000000
0.0310000000
0.0310000000
0.0310000000
0.0310000000
0.0310000000
0.0310000000
0.0310000000
0.0310000000
0.0310000000
0.0310000000
0.0310000000
0.0310000000
0.0310000000
0.0310000000
0.0310000000
0.0310000000
0.0310000000
0.0310000000
0.0310000000
0.0310000000
0.0310000000
0.0310000000
0.0310000000
0.0310000000
0.0310000000
0.0310000000
0.0310000000
0.0310000000
0.0310000000
0.0310000000
0.0310000000
0.0310000000
0.0310000000
0.0310000000
0.0310000000
0.0310000000
0.0310000000
0.0310000000
0.0310000000
0.0310000000
0.0310000000
0.0310000000
0.0310000000
0.0310000000
0.0310000000
0.0310000000
0.0310000000
0.0310000000
0.0310000000
0.0310000000
0.0310000000
0.0310000000
0.0310000000
0.0310000000
0.0310000000
0.0310000000
0.0310000000
0.0310000000
0.0310000000
0.0310000000
0.0310000000
0.0310000000
0.0310000000
0.0310000000
0.0310000000
0.0310000000
0.0310000000
0.0310000000
0.0310000000
0.0310000000
0.0310000000
0.0310000000
0.0310000000
0.0310000000
0.0310000000
0.0310000000
0.0310000000
0.0310000000
0.0310000000
0.0310000000
0.0310000000
0.0310000000
0.0310000000
0.0310000000
0.0310000000
0.0310000000
0.0310000000
0.0310000000
0.0310000000
0.0310000000
0.0310000000
0.0310000000
0.0310000000
0.0310000000
0.0310000000
0.0310000000
0.0310000000
0.0310000000
0.0310000000
0.0310000000
0.0310000000
0.0310000000
0.0310000000
0.0310000000
0.0310000000
0.0310000000
0.0310000000
0.0310000000
0.0310000000
0.0310000000
0.0310000000
0.0310000000
0.0310000000
0.0310000000
0.0310000000
0.0310000000
0.0310000000
0.0310000000
0.0310000000
0.0310000000
0.0310000000
0.0310000000
0.0310000000
0.0310000000
0.0310000000
0.0310000000
0.0310000000
0.0310000000
0.0310000000
0.0310000000
0.0310000000
0.0310000000
0.0310000000
0.0310000000
0.0310000000
0.0310000000
0.0310000000
0.0310000000
0.0310000000
0.0310000000
0.0310000000
0.0310000000
0.0310000000
0.0310000000
0.0310000000
0.0310000000
0.0310000000
0.0310000000
0.0310000000
0.0310000000
0.0310000000
0.0310000000
0.0310000000
0.0310000000
0.0310000000
0.0310000000
0.0310000000
0.0310000000
0.0310000000
0.0310000000
0.0310000000
0.0310000000
0.0310000000
0.0310000000
0.0310000000
0.0310000000
0.0310000000
0.0310000000
0.0310000000
0.0310000000
0.0310000000
0.0310000000
0.0310000000
0.0310000000
0.0310000000
0.0310000000
0.0310000000
0.0310000000
0.0310000000
0.0310000000
0.0310000000
0.0310000000
0.0310000000
0.0310000000
0.0310000000
0.0310000000
0.0310000000
0.0310000000
0.0310000000
0.0310000000
0.0310000000
0.0310000000
0.0310000000
0.0310000000
0.0310000000
0.0310000000
0.0310000000
0.0310000000
0.0310000000
0.0310000000
0.0310000000
0.0310000000
0.0310000000
0.0310000000
0.0310000000
0.0310000000
0.0310000000
0.0310000000
0.0310000000
0.0310000000
0.0310000000
0.0310000000
0.0310000000
0.0310000000
0.0310000000
0.0310000000
0.0310000000
0.0310000000
0.0310000000
0.0310000000
0.0310000000
0.0310000000
0.0310000000
0.0310000000
0.0310000000
0.0310000000
0.0310000000
0.0310000000
0.0310000000
0.0310000000
0.0310000000
0.0310000000
0.0310000000
0.0310000000
0.0310000000
0.0310000000
0.0310000000
0.0310000000
0.0310000000
0.0310000000
0.0310000000
0.0310000000
0.0310000000
0.0310000000
0.0310000000
0.0310000000
0.0310000000
0.0310000000
0.0310000000
0.0310000000
0.0310000000
0.0310000000
0.0310000000
0.0310000000
0.0310000000
0.0310000000
0.0310000000
0.0310000000
0.0310000000
0.0310000000
0.0310000000
0.0310000000
0.0310000000
0.0310000000
0.0310000000
0.0310000000
0.0310000000
0.0310000000
0.0310000000
0.0310000000
0.0310000000
0.0310000000
0.0310000000
0.0310000000
0.0310000000
0.0310000000
0.0310000000
0.0310000000
0.0310000000
0.0310000000
0.0310000000
0.0310000000
0.0310000000
0.0310000000
0.0310000000
0.0310000000
0.0310000000
0.0310000000
0.0310000000
0.0310000000
0.0310000000
0.0310000000
0.0310000000
0.0310000000
0.0310000000
0.0310000000
0.0310000000
0.0310000000
0.0310000000
0.0310000000
0.0310000000
0.0310000000
0.0310000000
0.0310000000
0.0310000000
0.0310000000
0.0310000000
0.0310000000
0.0310000000
0.0310000000
0.0310000000
0.0310000000
0.0310000000
0.0310000000
0.0310000000
0.0310000000
0.0310000000
0.0310000000
0.0310000000
0.0310000000
0.0310000000
0.0310000000
0.0310000000
0.0310000000
0.0310000000
0.0310000000
0.0310000000
0.0310000000
0.0310000000
0.0310000000
0.0310000000
0.0310000000
0.0310000000
0.0310000000
0.0310000000
0.0310000000
0.0310000000
0.0310000000
0.0310000000
0.0310000000
0.0310000000
0.0310000000
0.0310000000
0.0310000000
0.0310000000
0.0310000000
0.0310000000
0.0310000000
0.0310000000
0.0310000000
0.0310000000
0.0310000000
0.0310000000
0.0310000000
0.0310000000
0.0310000000
0.0310000000
0.0310000000
0.0310000000
0.0310000000
0.0310000000
0.0310000000
0.0310000000
0.0310000000
0.0310000000
0.0310000000
0.0310000000
0.0310000000
0.0310000000
0.0310000000
0.0310000000
0.0310000000
0.0310000000
0.0310000000
0.0310000000
0.0310000000
0.0310000000
0.0310000000
0.0310000000
0.0310000000
0.0310000000
0.0310000000
0.0310000000
0.0310000000
0.0310000000
0.0310000000
0.0310000000
0.0310000000
0.0310000000
0.0310000000
0.0310000000
0.0310000000
0.0310000000
0.0310000000
0.0310000000
0.0310000000
0.0310000000
0.0310000000
0.0310000000
0.0310000000
0.0310000000
0.0310000000
0.0310000000
0.0310000000
0.0310000000
0.0310000000
0.0310000000
0.0310000000
0.0310000000
0.0310000000
0.0310000000
0.0310000000
0.0310000000
0.0310000000
0.0310000000
0.0310000000
0.0310000000
0.0310000000
0.0310000000
0.0310000000
0.0310000000
0.0310000000
0.0310000000
0.0310000000
0.0310000000
0.0310000000
0.0310000000
0.0310000000
0.0310000000
0.0310000000
0.0310000000
0.0310000000
0.0310000000
0.0310000000
0.0310000000
0.0310000000
0.0310000000
0.0310000000
0.0310000000
0.0310000000
0.0310000000
0.0310000000
0.0310000000
0.0310000000
0.0310000000
0.0310000000
0.0310000000
0.0310000000
0.0310000000
0.0310000000
0.0310000000
0.0310000000
0.0310000000
0.0310000000
0.0310000000
0.0310000000
0.0310000000
0.0310000000
0.0310000000
0.0310000000
0.0310000000
0.0310000000
0.0310000000
0.0310000000
0.0310000000
0.0310000000
0.0310000000
0.0310000000
0.0310000000
0.0310000000
0.0310000000
0.0310000000
0.0310000000
0.0310000000
0.0310000000
0.0310000000
0.0310000000
0.0310000000
0.0310000000
0.0310000000
0.0310000000
0.0310000000
0.0310000000
0.0310000000
0.0310000000
0.0310000000
0.0310000000
0.0310000000
0.0310000000
0.0310000000
0.0310000000
0.0310000000
0.0310000000
0.0310000000
0.0310000000
0.0310000000
0.0310000000
0.0310000000
0.0310000000
0.0310000000
0.0310000000
0.0310000000
0.0310000000
0.0310000000
0.0310000000
0.0310000000
0.0310000000
0.0310000000
0.0310000000
0.0310000000
0.0310000000
0.0310000000
0.0310000000
0.0310000000
0.0310000000
0.0310000000
0.0310000000
0.0310000000
0.0310000000
0.0310000000
0.0310000000
0.0310000000
0.0310000000
0.0310000000
0.0310000000
0.0310000000
0.0310000000
0.0310000000
0.0310000000
0.0310000000
0.0310000000
0.0310000000
0.0310000000
0.0310000000
0.0310000000
0.0310000000
0.0310000000
0.0310000000
0.0310000000
0.0310000000
0.0310000000
0.0310000000
0.0310000000
0.0310000000
0.0310000000
0.0310000000
0.0310000000
0.0310000000
0.0310000000
0.0310000000
0.0310000000
0.0310000000
0.0310000000
0.0310000000
0.0310000000
0.0310000000
0.0310000000
0.0310000000
0.0310000000
0.0310000000
0.0310000000
0.0310000000
0.0310000000
0.0310000000
0.0310000000
0.0310000000
0.0310000000
0.0310000000
0.0310000000
0.0310000000
0.0310000000
0.0310000000
0.0310000000
0.0310000000
0.0310000000
0.0310000000
0.0310000000
0.0310000000
0.0310000000
0.0310000000
0.0310000000
0.0310000000
0.0310000000
0.0310000000
0.0310000000
0.0310000000
0.0310000000
0.0310000000
0.0310000000
0.0310000000
0.0310000000
0.0310000000
0.0310000000
0.0310000000
0.0310000000
0.0310000000
0.0310000000
0.0310000000
0.0310000000
0.0310000000
0.0310000000
0.0310000000
0.0310000000
0.0310000000
0.0310000000
0.0310000000
0.0310000000
0.0310000000
0.0310000000
0.0310000000
0.0310000000
0.0310000000
0.0310000000
0.0310000000
0.0310000000
0.0310000000
0.0310000000
0.0310000000
0.0310000000
0.0310000000
0.0310000000
0.0310000000
0.0310000000
0.0310000000
0.0310000000
0.0310000000
0.0310000000
0.0310000000
0.0310000000
0.0310000000
0.0310000000
0.0310000000
0.0310000000
0.0310000000
0.0310000000
0.0310000000
0.0310000000
0.0310000000
0.0310000000
0.0310000000
0.0310000000
0.0310000000
0.0310000000
0.0310000000
0.0310000000
0.0310000000
0.0310000000
0.0310000000
0.0310000000
0.0310000000
0.0310000000
0.0310000000
0.0310000000
0.0310000000
0.0310000000
0.0310000000
0.0310000000
0.0310000000
0.0310000000
0.0310000000
0.0310000000
0.0310000000
0.0310000000
0.0310000000
0.0310000000
0.0310000000
0.0310000000
0.0310000000
0.0310000000
0.0310000000
0.0310000000
0.0310000000
0.0310000000
0.0310000000
0.0310000000
0.0310000000
0.0310000000
0.0310000000
0.0310000000
0.0310000000
0.0310000000
0.0310000000
0.0310000000
0.0310000000
0.0310000000
0.0310000000
0.0310000000
0.0310000000
0.0310000000
0.0310000000
0.0310000000
0.0310000000
0.0310000000
0.0310000000
0.0310000000
0.0310000000
0.0310000000
0.0310000000
0.0310000000
0.0310000000
0.0310000000
0.0310000000
0.0310000000
0.0310000000
0.0310000000
0.0310000000
0.0310000000
0.0310000000
0.0310000000
0.0310000000
0.0310000000
0.0310000000
0.0310000000
0.0310000000
0.0310000000
0.0310000000
0.0310000000
0.0310000000
0.0310000000
0.0310000000
0.0310000000
0.0310000000
0.0310000000
0.0310000000
0.0310000000
0.0310000000
0.0310000000
0.0310000000
0.0310000000
0.0310000000
0.0310000000
0.0310000000
0.0310000000
0.0310000000
0.0310000000
0.0310000000
0.0310000000
0.0310000000
0.0310000000
0.0310000000
0.0310000000
0.0310000000
0.0310000000
0.0310000000
0.0310000000
0.0310000000
0.0310000000
0.0310000000
0.0310000000
0.0310000000
0.0310000000
0.0310000000
0.0310000000
0.0310000000
0.0310000000
0.0310000000
0.0310000000
0.0310000000
0.0310000000
0.0310000000
0.0310000000
0.0310000000
0.0310000000
0.0310000000
0.0310000000
0.0310000000
0.0310000000
0.0310000000
0.0310000000
0.0310000000
0.0310000000
0.0310000000
0.0310000000
0.0310000000
0.0310000000
0.0310000000
0.0310000000
0.0310000000
0.0310000000
0.0310000000
0.0310000000
0.0310000000
0.0310000000
0.0310000000
0.0310000000
0.0310000000
0.0310000000
0.0310000000
0.0310000000
0.0310000000
0.0310000000
0.0310000000
0.0310000000
0.0310000000
0.0310000000
0.0310000000
0.0310000000
0.0310000000
0.0310000000
0.0310000000
0.0310000000
0.0310000000
0.0310000000
0.0310000000
0.0310000000
0.0310000000
0.0310000000
0.0310000000
0.0310000000
0.0310000000
0.0310000000
0.0310000000
0.0310000000
0.0310000000
0.0310000000
0.0310000000
0.0310000000
0.0310000000
0.0310000000
0.0310000000
0.0310000000
0.0310000000
0.0310000000
0.0310000000
0.0310000000
0.0310000000
0.0310000000
0.0310000000
0.0310000000
0.0310000000
0.0310000000
0.0310000000
0.0310000000
0.0310000000
0.0310000000
0.0310000000
0.0310000000
0.0310000000
0.0310000000
0.0310000000
0.0310000000
0.0310000000
0.0310000000
0.0310000000
0.0310000000
0.0310000000
0.0310000000
0.0310000000
0.0310000000
0.0310000000
0.0310000000
0.0310000000
0.0310000000
0.0310000000
0.0310000000
0.0310000000
0.0310000000
0.0310000000
0.0310000000
0.0310000000
0.0310000000
0.0310000000
0.0310000000
0.0310000000
0.0310000000
0.0310000000
0.0310000000
0.0310000000
0.0310000000
0.0310000000
0.0310000000
0.0310000000
0.0310000000
0.0310000000
0.0310000000
0.0310000000
0.0310000000
0.0310000000
0.0310000000
0.0310000000
0.0310000000
0.0310000000
0.0310000000
0.0310000000
0.0310000000
0.0310000000
0.0310000000
0.0310000000
0.0310000000
0.0310000000
0.0310000000
0.0310000000
0.0310000000
0.0310000000
0.0310000000
0.0310000000
0.0310000000
0.0310000000
0.0310000000
0.0310000000
0.0310000000
0.0310000000
0.0310000000
0.0310000000
0.0310000000
0.0310000000
0.0310000000
0.0310000000
0.0310000000
0.0310000000
0.0310000000
0.0310000000
0.0310000000
0.0310000000
0.0310000000
0.0310000000
0.0310000000
0.0310000000
0.0310000000
0.0310000000
0.0310000000
0.0310000000
0.0310000000
0.0310000000
0.0310000000
0.0310000000
0.0310000000
0.0310000000
0.0310000000
0.0310000000
0.0310000000
0.0310000000
0.0310000000
0.0310000000
0.0310000000
0.0310000000
0.0310000000
0.0310000000
0.0310000000
0.0310000000
0.0310000000
0.0310000000
0.0310000000
0.0310000000
0.0310000000
0.0310000000
0.0310000000
0.0310000000
0.0310000000
0.0310000000
0.0310000000
0.0310000000
0.0310000000
0.0310000000
0.0310000000
0.0310000000
0.0310000000
0.0310000000
0.0310000000
0.0310000000
0.0310000000
0.0310000000
0.0310000000
0.0310000000
0.0310000000
0.0310000000
0.0310000000
0.0310000000
0.0310000000
0.0310000000
0.0310000000
0.0310000000
0.0310000000
0.0310000000
0.0310000000
0.0310000000
0.0310000000
0.0310000000
0.0310000000
0.0310000000
0.0310000000
0.0310000000
0.0310000000
0.0310000000
0.0310000000
0.0310000000
0.0310000000
0.0310000000
0.0310000000
0.0310000000
0.0310000000
0.0310000000
0.0310000000
0.0310000000
0.0310000000
0.0310000000
0.0310000000
0.0310000000
0.0310000000
0.0310000000
0.0310000000
0.0310000000
0.0310000000
0.0310000000
0.0310000000
0.0310000000
0.0310000000
0.0310000000
0.0310000000
0.0310000000
0.0310000000
0.0310000000
0.0310000000
0.0310000000
0.0310000000
0.0310000000
0.0310000000
0.0310000000
0.0310000000
0.0310000000
0.0310000000
0.0310000000
0.0310000000
0.0310000000
0.0310000000
0.0310000000
0.0310000000
0.0310000000
0.0310000000
0.0310000000
0.0310000000
0.0310000000
0.0310000000
0.0310000000
0.0310000000
0.0310000000
0.0310000000
0.0310000000
0.0310000000
0.0310000000
0.0310000000
0.0310000000
0.0310000000
0.0310000000
0.0310000000
0.0310000000
0.0310000000
0.0310000000
0.0310000000
0.0310000000
0.0310000000
0.0310000000
0.0310000000
0.0310000000
0.0310000000
0.0310000000
0.0310000000
0.0310000000
0.0310000000
0.0310000000
0.0310000000
0.0310000000
0.0310000000
0.0310000000
0.0310000000
0.0310000000
0.0310000000
0.0310000000
0.0310000000
0.0310000000
0.0310000000
0.0310000000
0.0310000000
0.0310000000
0.0310000000
0.0310000000
0.0310000000
0.0310000000
0.0310000000
0.0310000000
0.0310000000
0.0310000000
0.0310000000
0.0310000000
0.0310000000
0.0310000000
0.0310000000
0.0310000000
0.0310000000
0.0310000000
0.0310000000
0.0310000000
0.0310000000
0.0310000000
0.0310000000
0.0310000000
0.0310000000
0.0310000000
0.0310000000
0.0310000000
0.0310000000
0.0310000000
0.0310000000
0.0310000000
0.0310000000
0.0310000000
0.0310000000
0.0310000000
0.0310000000
0.0310000000
0.0310000000
0.0310000000
0.0310000000
0.0310000000
0.0310000000
0.0310000000
0.0310000000
0.0310000000
0.0310000000
0.0310000000
0.0310000000
0.0310000000
0.0310000000
0.0310000000
0.0310000000
0.0310000000
0.0310000000
0.0310000000
0.0310000000
0.0310000000
0.0310000000
0.0310000000
0.0310000000
0.0310000000
0.0310000000
0.0310000000
0.0310000000
0.0310000000
0.0310000000
0.0310000000
0.0310000000
0.0310000000
0.0310000000
0.0310000000
0.0310000000
0.0310000000
0.0310000000
0.0310000000
0.0310000000
0.0310000000
0.0310000000
0.0310000000
0.0310000000
0.0310000000
0.0310000000
0.0310000000
0.0310000000
0.0310000000
0.0310000000
0.0310000000
0.0310000000
0.0310000000
0.0310000000
0.0310000000
0.0310000000
0.0310000000
0.0310000000
0.0310000000
0.0310000000
0.0310000000
0.0310000000
0.0310000000
0.0310000000
0.0310000000
0.0310000000
0.0310000000
0.0310000000
0.0310000000
0.0310000000
0.0310000000
0.0310000000
0.0310000000
0.0310000000
0.0310000000
0.0310000000
0.0310000000
0.0310000000
0.0310000000
0.0310000000
0.0310000000
0.0310000000
0.0310000000
0.0310000000
0.0310000000
0.0310000000
0.0310000000
0.0310000000
0.0310000000
0.0310000000
0.0310000000
0.0310000000
0.0310000000
0.0310000000
0.0310000000
0.0310000000
0.0310000000
0.0310000000
0.0310000000
0.0310000000
0.0310000000
0.0310000000
0.0310000000
0.0310000000
0.0310000000
0.0310000000
0.0310000000
0.0310000000
0.0310000000
0.0310000000
0.0310000000
0.0310000000
0.0310000000
0.0310000000
0.0310000000
0.0310000000
0.0310000000
0.0310000000
0.0310000000
0.0310000000
0.0310000000
0.0310000000
0.0310000000
0.0310000000
0.0310000000
0.0310000000
0.0310000000
0.0310000000
0.0310000000
0.0310000000
0.0310000000
0.0310000000
0.0310000000
0.0310000000
0.0310000000
0.0310000000
0.0310000000
0.0310000000
0.0310000000
0.0310000000
0.0310000000
0.0310000000
0.0310000000
0.0310000000
0.0310000000
0.0310000000
0.0310000000
0.0310000000
0.0310000000
0.0310000000
0.0310000000
0.0310000000
0.0310000000
0.0310000000
0.0310000000
0.0310000000
0.0310000000
0.0310000000
0.0310000000
0.0310000000
0.0310000000
0.0310000000
0.0310000000
0.0310000000
0.0310000000
0.0310000000
0.0310000000
0.0310000000
0.0310000000
0.0310000000
0.0310000000
0.0310000000
0.0310000000
0.0310000000
0.0310000000
0.0310000000
0.0310000000
0.0310000000
0.0310000000
0.0310000000
0.0310000000
0.0310000000
0.0310000000
0.0310000000
0.0310000000
0.0310000000
0.0310000000
0.0310000000
0.0310000000
0.0310000000
0.0310000000
0.0310000000
0.0310000000
0.0310000000
0.0310000000
0.0310000000
0.0310000000
0.0310000000
0.0310000000
0.0310000000
0.0310000000
0.0310000000
0.0310000000
0.0310000000
0.0310000000
0.0310000000
0.0310000000
0.0310000000
0.0310000000
0.0310000000
0.0310000000
0.0310000000
0.0310000000
0.0310000000
0.0310000000
0.0310000000
0.0310000000
0.0310000000
0.0310000000
0.0310000000
0.0310000000
0.0310000000
0.0310000000
0.0310000000
0.0310000000
0.0310000000
0.0310000000
0.0310000000
0.0310000000
0.0310000000
0.0310000000
0.0310000000
0.0310000000
0.0310000000
0.0310000000
0.0310000000
0.0310000000
0.0310000000
0.0310000000
0.0310000000
0.0310000000
0.0310000000
0.0310000000
0.0310000000
0.0310000000
0.0310000000
0.0310000000
0.0310000000
0.0310000000
0.0310000000
0.0310000000
0.0310000000
0.0310000000
0.0310000000
0.0310000000
0.0310000000
0.0310000000
0.0310000000
0.0310000000
0.0310000000
0.0310000000
0.0310000000
0.0310000000
0.0310000000
0.0310000000
0.0310000000
0.0310000000
0.0310000000
0.0310000000
0.0310000000
0.0310000000
0.0310000000
0.0310000000
0.0310000000
0.0310000000
0.0310000000
0.0310000000
0.0310000000
0.0310000000
0.0310000000
0.0310000000
0.0310000000
0.0310000000
0.0310000000
0.0310000000
0.0310000000
0.0310000000
0.0310000000
0.0310000000
0.0310000000
0.0310000000
0.0310000000
0.0310000000
0.0310000000
0.0310000000
0.0310000000
0.0310000000
0.0310000000
0.0310000000
0.0310000000
0.0310000000
0.0310000000
0.0310000000
0.0310000000
0.0310000000
0.0310000000
0.0310000000
0.0310000000
0.0310000000
0.0310000000
0.0310000000
0.0310000000
0.0310000000
0.0310000000
0.0310000000
0.0310000000
0.0310000000
0.0310000000
0.0310000000
0.0310000000
0.0310000000
0.0310000000
0.0310000000
0.0310000000
0.0310000000
0.0310000000
0.0310000000
0.0310000000
0.0310000000
0.0310000000
0.0310000000
0.0310000000
0.0310000000
0.0310000000
0.0310000000
0.0310000000
0.0310000000
0.0310000000
0.0310000000
0.0310000000
0.0310000000
0.0310000000
0.0310000000
0.0310000000
0.0310000000
0.0310000000
0.0310000000
0.0310000000
0.0310000000
0.0310000000
0.0310000000
0.0310000000
0.0310000000
0.0310000000
0.0310000000
0.0310000000
0.0310000000
0.0310000000
0.0310000000
0.0310000000
0.0310000000
0.0310000000
0.0310000000
0.0310000000
0.0310000000
0.0310000000
0.0310000000
0.0310000000
0.0310000000
0.0310000000
0.0310000000
0.0310000000
0.0310000000
0.0310000000
0.0310000000
0.0310000000
0.0310000000
0.0310000000
0.0310000000
0.0310000000
0.0310000000
0.0310000000
0.0310000000
0.0310000000
0.0310000000
0.0310000000
0.0310000000
0.0310000000
0.0310000000
0.0310000000
0.0310000000
0.0310000000
0.0310000000
0.0310000000
0.0310000000
0.0310000000
0.0310000000
0.0310000000
0.0310000000
0.0310000000
0.0310000000
0.0310000000
0.0310000000
0.0310000000
0.0310000000
0.0310000000
0.0310000000
0.0310000000
0.0310000000
0.0310000000
0.0310000000
0.0310000000
0.0310000000
0.0310000000
0.0310000000
0.0310000000
0.0310000000
0.0310000000
0.0310000000
0.0310000000
0.0310000000
0.0310000000
0.0310000000
0.0310000000
0.0310000000
0.0310000000
0.0310000000
0.0310000000
0.0310000000
0.0310000000
0.0310000000
0.0310000000
0.0310000000
0.0310000000
0.0310000000
0.0310000000
0.0310000000
0.0310000000
0.0310000000
0.0310000000
0.0310000000
0.0310000000
0.0310000000
0.0310000000
0.0310000000
0.0310000000
0.0310000000
0.0310000000
0.0310000000
0.0310000000
0.0310000000
0.0310000000
0.0310000000
0.0310000000
0.0310000000
0.0310000000
0.0310000000
0.0310000000
0.0310000000
0.0310000000
0.0310000000
0.0310000000
0.0310000000
0.0310000000
0.0310000000
0.0310000000
0.0310000000
0.0310000000
0.0310000000
0.0310000000
0.0310000000
0.0310000000
0.0310000000
0.0310000000
0.0310000000
0.0310000000
0.0310000000
0.0310000000
0.0310000000
0.0310000000
0.0310000000
0.0310000000
0.0310000000
0.0310000000
0.0310000000
0.0310000000
0.0310000000
0.0310000000
0.0310000000
0.0310000000
0.0310000000
0.0310000000
0.0310000000
0.0310000000
0.0310000000
0.0310000000
0.0310000000
0.0310000000
0.0310000000
0.0310000000
0.0310000000
0.0310000000
0.0310000000
0.0310000000
0.0310000000
0.0310000000
0.0310000000
0.0310000000
0.0310000000
0.0310000000
0.0310000000
0.0310000000
0.0310000000
0.0310000000
0.0310000000
0.0310000000
0.0310000000
0.0310000000
0.0310000000
0.0310000000
0.0310000000
0.0310000000
0.0310000000
0.0310000000
0.0310000000
0.0310000000
0.0310000000
0.0310000000
0.0310000000
0.0310000000
0.0310000000
0.0310000000
0.0310000000
0.0310000000
0.0310000000
0.0310000000
0.0310000000
0.0310000000
0.0310000000
0.0310000000
0.0310000000
0.0310000000
0.0310000000
0.0310000000
0.0310000000
0.0310000000
0.0310000000
0.0310000000
0.0310000000
0.0310000000
0.0310000000
0.0310000000
0.0310000000
0.0310000000
0.0310000000
0.0310000000
0.0310000000
0.0310000000
0.0310000000
0.0310000000
0.0310000000
0.0310000000
0.0310000000
0.0310000000
0.0310000000
0.0310000000
0.0310000000
0.0310000000
0.0310000000
0.0310000000
0.0310000000
0.0310000000
0.0310000000
0.0310000000
0.0310000000
0.0310000000
0.0310000000
0.0310000000
0.0310000000
0.0310000000
0.0310000000
0.0310000000
0.0310000000
0.0310000000
0.0310000000
0.0310000000
0.0310000000
0.0310000000
0.0310000000
0.0310000000
0.0310000000
0.0310000000
0.0310000000
0.0310000000
0.0310000000
0.0310000000
0.0310000000
0.0310000000
0.0310000000
0.0310000000
0.0310000000
0.0310000000
0.0310000000
0.0310000000
0.0310000000
0.0310000000
0.0310000000
0.0310000000
0.0310000000
0.0310000000
0.0310000000
0.0310000000
0.0310000000
0.0310000000
0.0310000000
0.0310000000
0.0310000000
0.0310000000
0.0310000000
0.0310000000
0.0310000000
0.0310000000
0.0310000000
0.0310000000
0.0310000000
0.0310000000
0.0310000000
0.0310000000
0.0310000000
0.0310000000
0.0310000000
0.0310000000
0.0310000000
0.0310000000
0.0310000000
0.0310000000
0.0310000000
0.0310000000
0.0310000000
0.0310000000
0.0310000000
0.0310000000
0.0310000000
0.0310000000
0.0310000000
0.0310000000
0.0310000000
0.0310000000
0.0310000000
0.0310000000
0.0310000000
0.0310000000
0.0310000000
0.0310000000
0.0310000000
0.0310000000
0.0310000000
0.0310000000
0.0310000000
0.0310000000
0.0310000000
0.0310000000
0.0310000000
0.0310000000
0.0310000000
0.0310000000
0.0310000000
0.0310000000
0.0310000000
0.0310000000
0.0310000000
0.0310000000
0.0310000000
0.0310000000
0.0310000000
0.0310000000
0.0310000000
0.0310000000
0.0310000000
0.0310000000
0.0310000000
0.0310000000
0.0310000000
0.0310000000
0.0310000000
0.0310000000
0.0310000000
0.0310000000
0.0310000000
0.0310000000
0.0310000000
0.0310000000
0.0310000000
0.0310000000
0.0310000000
0.0310000000
0.0310000000
0.0310000000
0.0310000000
0.0310000000
0.0310000000
0.0310000000
0.0310000000
0.0310000000
0.0310000000
0.0310000000
0.0310000000
0.0310000000
0.0310000000
0.0310000000
0.0310000000
0.0310000000
0.0310000000
0.0310000000
0.0310000000
0.0310000000
0.0310000000
0.0310000000
0.0310000000
0.0310000000
0.0310000000
0.0310000000
0.0310000000
0.0310000000
0.0310000000
0.0310000000
0.0310000000
0.0310000000
0.0310000000
0.0310000000
0.0310000000
0.0310000000
0.0310000000
0.0310000000
0.0310000000
0.0310000000
0.0310000000
0.0310000000
0.0310000000
0.0310000000
0.0310000000
0.0310000000
0.0310000000
0.0310000000
0.0310000000
0.0310000000
0.0310000000
0.0310000000
0.0310000000
0.0310000000
0.0310000000
0.0310000000
0.0310000000
0.0310000000
0.0310000000
0.0310000000
0.0310000000
0.0310000000
0.0310000000
0.0310000000
0.0310000000
0.0310000000
0.0310000000
0.0310000000
0.0310000000
0.0310000000
0.0310000000
0.0310000000
0.0310000000
0.0310000000
0.0310000000
0.0310000000
0.0310000000
0.0310000000
0.0310000000
0.0310000000
0.0310000000
0.0310000000
0.0310000000
0.0310000000
0.0310000000
0.0310000000
0.0310000000
0.0310000000
0.0310000000
0.0310000000
0.0310000000
0.0310000000
0.0310000000
0.0310000000
0.0310000000
0.0310000000
0.0310000000
0.0310000000
0.0310000000
0.0310000000
0.0310000000
0.0310000000
0.0310000000
0.0310000000
0.0310000000
0.0310000000
0.0310000000
0.0310000000
0.0310000000
0.0310000000
0.0310000000
0.0310000000
0.0310000000
0.0310000000
0.0310000000
0.0310000000
0.0310000000
0.0310000000
0.0310000000
0.0310000000
0.0310000000
0.0310000000
0.0310000000
0.0310000000
0.0310000000
0.0310000000
0.0310000000
0.0310000000
0.0310000000
0.0310000000
0.0310000000
0.0310000000
0.0310000000
0.0310000000
0.0310000000
0.0310000000
0.0310000000
0.0310000000
0.0310000000
0.0310000000
0.0310000000
0.0310000000
0.0310000000
0.0310000000
0.0310000000
0.0310000000
0.0310000000
0.0310000000
0.0310000000
0.0310000000
0.0310000000
0.0310000000
0.0310000000
0.0310000000
0.0310000000
0.0310000000
0.0310000000
0.0310000000
0.0310000000
0.0310000000
0.0310000000
0.0310000000
0.0310000000
0.0310000000
0.0310000000
0.0310000000
0.0310000000
0.0310000000
0.0310000000
0.0310000000
0.0310000000
0.0310000000
0.0310000000
0.0310000000
0.0310000000
0.0310000000
0.0310000000
0.0310000000
0.0310000000
0.0310000000
0.0310000000
0.0310000000
0.0310000000
0.0310000000
0.0310000000
0.0310000000
0.0310000000
0.0310000000
0.0310000000
0.0310000000
0.0310000000
0.0310000000
0.0310000000
0.0310000000
0.0310000000
0.0310000000
0.0310000000
0.0310000000
0.0310000000
0.0310000000
0.0310000000
0.0310000000
0.0310000000
0.0310000000
0.0310000000
0.0310000000
0.0310000000
0.0310000000
0.0310000000
0.0310000000
0.0310000000
0.0310000000
0.0310000000
0.0310000000
0.0310000000
0.0310000000
0.0310000000
0.0310000000
0.0310000000
0.0310000000
0.0310000000
0.0310000000
0.0310000000
0.0310000000
0.0310000000
0.0310000000
0.0310000000
0.0310000000
0.0310000000
0.0310000000
0.0310000000
0.0310000000
0.0310000000
0.0310000000
0.0310000000
0.0310000000
0.0310000000
0.0310000000
0.0310000000
0.0310000000
0.0310000000
0.0310000000
0.0310000000
0.0310000000
0.0310000000
0.0310000000
0.0310000000
0.0310000000
0.0310000000
0.0310000000
0.0310000000
0.0310000000
0.0310000000
0.0310000000
0.0310000000
0.0310000000
0.0310000000
0.0310000000
0.0310000000
0.0310000000
0.0310000000
0.0310000000
0.0310000000
0.0310000000
0.0310000000
0.0310000000
0.0310000000
0.0310000000
0.0310000000
0.0310000000
0.0310000000
0.0310000000
0.0310000000
0.0310000000
0.0310000000
0.0310000000
0.0310000000
0.0310000000
0.0310000000
0.0310000000
0.0310000000
0.0310000000
0.0310000000
0.0310000000
0.0310000000
0.0310000000
0.0310000000
0.0310000000
0.0310000000
0.0310000000
0.0310000000
0.0310000000
0.0310000000
0.0310000000
0.0310000000
0.0310000000
0.0310000000
0.0310000000
0.0310000000
0.0310000000
0.0310000000
0.0310000000
0.0310000000
0.0310000000
0.0310000000
0.0310000000
0.0310000000
0.0310000000
0.0310000000
0.0310000000
0.0310000000
0.0310000000
0.0310000000
0.0310000000
0.0310000000
0.0310000000
0.0310000000
0.0310000000
0.0310000000
0.0310000000
0.0310000000
0.0310000000
0.0310000000
0.0310000000
0.0310000000
0.0310000000
0.0310000000
0.0310000000
0.0310000000
0.0310000000
0.0310000000
0.0310000000
0.0310000000
0.0310000000
0.0310000000
0.0310000000
0.0310000000
0.0310000000
0.0310000000
0.0310000000
0.0310000000
0.0310000000
0.0310000000
0.0310000000
0.0310000000
0.0310000000
0.0310000000
0.0310000000
0.0310000000
0.0310000000
0.0310000000
0.0310000000
0.0310000000
0.0310000000
0.0310000000
0.0310000000
0.0310000000
0.0310000000
0.0310000000
0.0310000000
0.0310000000
0.0310000000
0.0310000000
0.0310000000
0.0310000000
0.0310000000
0.0310000000
0.0310000000
0.0310000000
0.0310000000
0.0310000000
0.0310000000
0.0310000000
0.0310000000
0.0310000000
0.0310000000
0.0310000000
0.0310000000
0.0310000000
0.0310000000
0.0310000000
0.0310000000
0.0310000000
0.0310000000
0.0310000000
0.0310000000
0.0310000000
0.0310000000
0.0310000000
0.0310000000
0.0310000000
0.0310000000
0.0310000000
0.0310000000
0.0310000000
0.0310000000
0.0310000000
0.0310000000
0.0310000000
0.0310000000
0.0310000000
0.0310000000
0.0310000000
0.0310000000
0.0310000000
0.0310000000
0.0310000000
0.0310000000
0.0310000000
0.0310000000
0.0310000000
0.0310000000
0.0310000000
0.0310000000
0.0310000000
0.0310000000
0.0310000000
0.0310000000
0.0310000000
0.0310000000
0.0310000000
0.0310000000
0.0310000000
0.0310000000
0.0310000000
0.0310000000
0.0310000000
0.0310000000
0.0310000000
0.0310000000
0.0310000000
0.0310000000
0.0310000000
0.0310000000
0.0310000000
0.0310000000
0.0310000000
0.0310000000
0.0310000000
0.0310000000
0.0310000000
0.0310000000
0.0310000000
0.0310000000
0.0310000000
0.0310000000
0.0310000000
0.0310000000
0.0310000000
0.0310000000
0.0310000000
0.0310000000
0.0310000000
0.0310000000
0.0310000000
0.0310000000
0.0310000000
0.0310000000
0.0310000000
0.0310000000
0.0310000000
0.0310000000
0.0310000000
0.0310000000
0.0310000000
0.0310000000
0.0310000000
0.0310000000
0.0310000000
0.0310000000
0.0310000000
0.0310000000
0.0310000000
0.0310000000
0.0310000000
0.0310000000
0.0310000000
0.0310000000
0.0310000000
0.0310000000
0.0310000000
0.0310000000
0.0310000000
0.0310000000
0.0310000000
0.0310000000
0.0310000000
0.0310000000
0.0310000000
0.0310000000
0.0310000000
0.0310000000
0.0310000000
0.0310000000
0.0310000000
0.0310000000
0.0310000000
0.0310000000
0.0310000000
0.0310000000
0.0310000000
0.0310000000
0.0310000000
0.0310000000
0.0310000000
0.0310000000
0.0310000000
0.0310000000
0.0310000000
0.0310000000
0.0310000000
0.0310000000
0.0310000000
0.0310000000
0.0310000000
0.0310000000
0.0310000000
0.0310000000
0.0310000000
0.0310000000
0.0310000000
0.0310000000
0.0310000000
0.0310000000
0.0310000000
0.0310000000
0.0310000000
0.0310000000
0.0310000000
0.0310000000
0.0310000000
0.0310000000
0.0310000000
0.0310000000
0.0310000000
0.0310000000
0.0310000000
0.0310000000
0.0310000000
0.0310000000
0.0310000000
0.0310000000
0.0310000000
0.0310000000
0.0310000000
0.0310000000
0.0310000000
0.0310000000
0.0310000000
0.0310000000
0.0310000000
0.0310000000
0.0310000000
0.0310000000
0.0310000000
0.0310000000
0.0310000000
0.0310000000
0.0310000000
0.0310000000
0.0310000000
0.0310000000
0.0310000000
0.0310000000
0.0310000000
0.0310000000
0.0310000000
0.0310000000
0.0310000000
0.0310000000
0.0310000000
0.0310000000
0.0310000000
0.0310000000
0.0310000000
0.0310000000
0.0310000000
0.0310000000
0.0310000000
0.0310000000
0.0310000000
0.0310000000
0.0310000000
0.0310000000
0.0310000000
0.0310000000
0.0310000000
0.0310000000
0.0310000000
0.0310000000
0.0310000000
0.0310000000
0.0310000000
0.0310000000
0.0310000000
0.0310000000
0.0310000000
0.0310000000
0.0310000000
0.0310000000
0.0310000000
0.0310000000
0.0310000000
0.0310000000
0.0310000000
0.0310000000
0.0310000000
0.0310000000
0.0310000000
0.0310000000
0.0310000000
0.0310000000
0.0310000000
0.0310000000
0.0310000000
0.0310000000
0.0310000000
0.0310000000
0.0310000000
0.0310000000
0.0310000000
0.0310000000
0.0310000000
0.0310000000
0.0310000000
0.0310000000
0.0310000000
0.0310000000
0.0310000000
0.0310000000
0.0310000000
0.0310000000
0.0310000000
0.0310000000
0.0310000000
0.0310000000
0.0310000000
0.0310000000
0.0310000000
0.0310000000
0.0310000000
0.0310000000
0.0310000000
0.0310000000
0.0310000000
0.0310000000
0.0310000000
0.0310000000
0.0310000000
0.0310000000
0.0310000000
0.0310000000
0.0310000000
0.0310000000
0.0310000000
0.0310000000
0.0310000000
0.0310000000
0.0310000000
0.0310000000
0.0310000000
0.0310000000
0.0310000000
0.0310000000
0.0310000000
0.0310000000
0.0310000000
0.0310000000
0.0310000000
0.0310000000
0.0310000000
0.0310000000
0.0310000000
0.0310000000
0.0310000000
0.0310000000
0.0310000000
0.0310000000
0.0310000000
0.0310000000
0.0310000000
0.0310000000
0.0310000000
0.0310000000
0.0310000000
0.0310000000
0.0310000000
0.0310000000
0.0310000000
0.0310000000
0.0310000000
0.0310000000
0.0310000000
0.0310000000
0.0310000000
0.0310000000
0.0310000000
0.0310000000
0.0310000000
0.0310000000
0.0310000000
0.0310000000
0.0310000000
0.0310000000
0.0310000000
0.0310000000
0.0310000000
0.0310000000
0.0310000000
0.0310000000
0.0310000000
0.0310000000
0.0310000000
0.0310000000
0.0310000000
0.0310000000
0.0310000000
0.0310000000
0.0310000000
0.0310000000
0.0310000000
0.0310000000
0.0310000000
0.0310000000
0.0310000000
0.0310000000
0.0310000000
0.0310000000
0.0310000000
0.0310000000
0.0310000000
0.0310000000
0.0310000000
0.0310000000
0.0310000000
0.0310000000
0.0310000000
0.0310000000
0.0310000000
0.0310000000
0.0310000000
0.0310000000
0.0310000000
0.0310000000
0.0310000000
0.0310000000
0.0310000000
0.0310000000
0.0310000000
0.0310000000
0.0310000000
0.0310000000
0.0310000000
0.0310000000
0.0310000000
0.0310000000
0.0310000000
0.0310000000
0.0310000000
0.0310000000
0.0310000000
0.0310000000
0.0310000000
0.0310000000
0.0310000000
0.0310000000
0.0310000000
0.0310000000
0.0310000000
0.0310000000
0.0310000000
0.0310000000
0.0310000000
0.0310000000
0.0310000000
0.0310000000
0.0310000000
0.0310000000
0.0310000000
0.0310000000
0.0310000000
0.0310000000
0.0310000000
0.0310000000
0.0310000000
0.0310000000
0.0310000000
0.0310000000
0.0310000000
0.0310000000
0.0310000000
0.0310000000
0.0310000000
0.0310000000
0.0310000000
0.0310000000
0.0310000000
0.0310000000
0.0310000000
0.0310000000
0.0310000000
0.0310000000
0.0310000000
0.0310000000
0.0310000000
0.0310000000
0.0310000000
0.0310000000
0.0310000000
0.0310000000
0.0310000000
0.0310000000
0.0310000000
0.0310000000
0.0310000000
0.0310000000
0.0310000000
0.0310000000
0.0310000000
0.0310000000
0.0310000000
0.0310000000
0.0310000000
0.0310000000
0.0310000000
0.0310000000
0.0310000000
0.0310000000
0.0310000000
0.0310000000
0.0310000000
0.0310000000
0.0310000000
0.0310000000
0.0310000000
0.0310000000
0.0310000000
0.0310000000
0.0310000000
0.0310000000
0.0310000000
0.0310000000
0.0310000000
0.0310000000
0.0310000000
0.0310000000
0.0310000000
0.0310000000
0.0310000000
0.0310000000
0.0310000000
0.0310000000
0.0310000000
0.0310000000
0.0310000000
0.0310000000
0.0310000000
0.0310000000
0.0310000000
0.0310000000
0.0310000000
0.0310000000
0.0310000000
0.0310000000
0.0310000000
0.0310000000
0.0310000000
0.0310000000
0.0310000000
0.0310000000
0.0310000000
0.0310000000
0.0310000000
0.0310000000
0.0310000000
0.0310000000
0.0310000000
0.0310000000
0.0310000000
0.0310000000
0.0310000000
0.0310000000
0.0310000000
0.0310000000
0.0310000000
0.0310000000
0.0310000000
0.0310000000
0.0310000000
0.0310000000
0.0310000000
0.0310000000
0.0310000000
0.0310000000
0.0310000000
0.0310000000
0.0310000000
0.0310000000
0.0310000000
0.0310000000
0.0310000000
0.0310000000
0.0310000000
0.0310000000
0.0310000000
0.0310000000
0.0310000000
0.0310000000
0.0310000000
0.0310000000
0.0310000000
0.0310000000
0.0310000000
0.0310000000
0.0310000000
0.0310000000
0.0310000000
0.0310000000
0.0310000000
0.0310000000
0.0310000000
0.0310000000
0.0310000000
0.0310000000
0.0310000000
0.0310000000
0.0310000000
0.0310000000
0.0310000000
0.0310000000
0.0310000000
0.0310000000
0.0310000000
0.0310000000
0.0310000000
0.0310000000
0.0310000000
0.0310000000
0.0310000000
0.0310000000
0.0310000000
0.0310000000
0.0310000000
0.0310000000
0.0310000000
0.0310000000
0.0310000000
0.0310000000
0.0310000000
0.0310000000
0.0310000000
0.0310000000
0.0310000000
0.0310000000
0.0310000000
0.0310000000
0.0310000000
0.0310000000
0.0310000000
0.0310000000
0.0310000000
0.0310000000
0.0310000000
0.0310000000
0.0310000000
0.0310000000
0.0310000000
0.0310000000
0.0310000000
0.0310000000
0.0310000000
0.0310000000
0.0310000000
0.0310000000
0.0310000000
0.0310000000
0.0310000000
0.0310000000
0.0310000000
0.0310000000
0.0310000000
0.0310000000
0.0310000000
0.0310000000
0.0310000000
0.0310000000
0.0310000000
0.0310000000
0.0310000000
0.0310000000
0.0310000000
0.0310000000
0.0310000000
0.0310000000
0.0310000000
0.0310000000
0.0310000000
0.0310000000
0.0310000000
0.0310000000
0.0310000000
0.0310000000
0.0310000000
0.0310000000
0.0310000000
0.0310000000
0.0310000000
0.0310000000
0.0310000000
0.0310000000
0.0310000000
0.0310000000
0.0310000000
0.0310000000
0.0310000000
0.0310000000
0.0310000000
0.0310000000
0.0310000000
0.0310000000
0.0310000000
0.0310000000
0.0310000000
0.0310000000
0.0310000000
0.0310000000
0.0310000000
0.0310000000
0.0310000000
0.0310000000
0.0310000000
0.0310000000
0.0310000000
0.0310000000
0.0310000000
0.0310000000
0.0310000000
0.0310000000
0.0310000000
0.0310000000
0.0310000000
0.0310000000
0.0310000000
0.0310000000
0.0310000000
0.0310000000
0.0310000000
0.0310000000
0.0310000000
0.0310000000
0.0310000000
0.0310000000
0.0310000000
0.0310000000
0.0310000000
0.0310000000
0.0310000000
0.0310000000
0.0310000000
0.0310000000
0.0310000000
0.0310000000
0.0310000000
0.0310000000
0.0310000000
0.0310000000
0.0310000000
0.0310000000
0.0310000000
0.0310000000
0.0310000000
0.0310000000
0.0310000000
0.0310000000
0.0310000000
0.0310000000
0.0310000000
0.0310000000
0.0310000000
0.0310000000
0.0310000000
0.0310000000
0.0310000000
0.0310000000
0.0310000000
0.0310000000
0.0310000000
0.0310000000
0.0310000000
0.0310000000
0.0310000000
0.0310000000
0.0310000000
0.0310000000
0.0310000000
0.0310000000
0.0310000000
0.0310000000
0.0310000000
0.0310000000
0.0310000000
0.0310000000
0.0310000000
0.0310000000
0.0310000000
0.0310000000
0.0310000000
0.0310000000
0.0310000000
0.0310000000
0.0310000000
0.0310000000
0.0310000000
0.0310000000
0.0310000000
0.0310000000
0.0310000000
0.0310000000
0.0310000000
0.0310000000
0.0310000000
0.0310000000
0.0310000000
0.0310000000
0.0310000000
0.0310000000
0.0310000000
0.0310000000
0.0310000000
0.0310000000
0.0310000000
0.0310000000
0.0310000000
0.0310000000
0.0310000000
0.0310000000
0.0310000000
0.0310000000
0.0310000000
0.0310000000
0.0310000000
0.0310000000
0.0310000000
0.0310000000
0.0310000000
0.0310000000
0.0310000000
0.0310000000
0.0310000000
0.0310000000
0.0310000000
0.0310000000
0.0310000000
0.0310000000
0.0310000000
0.0310000000
0.0310000000
0.0310000000
0.0310000000
0.0310000000
0.0310000000
0.0310000000
0.0310000000
0.0310000000
0.0310000000
0.0310000000
0.0310000000
0.0310000000
0.0310000000
0.0310000000
0.0310000000
0.0310000000
0.0310000000
0.0310000000
0.0310000000
0.0310000000
0.0310000000
0.0310000000
0.0310000000
0.0310000000
0.0310000000
0.0310000000
0.0310000000
0.0310000000
0.0310000000
0.0310000000
0.0310000000
0.0310000000
0.0310000000
0.0310000000
0.0310000000
0.0310000000
0.0310000000
0.0310000000
0.0310000000
0.0310000000
0.0310000000
0.0310000000
0.0310000000
0.0310000000
0.0310000000
0.0310000000
0.0310000000
0.0310000000
0.0310000000
0.0310000000
0.0310000000
0.0310000000
0.0310000000
0.0310000000
0.0310000000
0.0310000000
0.0310000000
0.0310000000
0.0310000000
0.0310000000
0.0310000000
0.0310000000
0.0310000000
0.0310000000
0.0310000000
0.0310000000
0.0310000000
0.0310000000
0.0310000000
0.0310000000
0.0310000000
0.0310000000
0.0310000000
0.0310000000
0.0310000000
0.0310000000
0.0310000000
0.0310000000
0.0310000000
0.0310000000
0.0310000000
0.0310000000
0.0310000000
0.0310000000
0.0310000000
0.0310000000
0.0310000000
0.0310000000
0.0310000000
0.0310000000
0.0310000000
0.0310000000
0.0310000000
0.0310000000
0.0310000000
0.0310000000
0.0310000000
0.0310000000
0.0310000000
0.0310000000
0.0310000000
0.0310000000
0.0310000000
0.0310000000
0.0310000000
0.0310000000
0.0310000000
0.0310000000
0.0310000000
0.0310000000
0.0310000000
0.0310000000
0.0310000000
0.0310000000
0.0310000000
0.0310000000
0.0310000000
0.0310000000
0.0310000000
0.0310000000
0.0310000000
0.0310000000
0.0310000000
0.0310000000
0.0310000000
0.0310000000
0.0310000000
0.0310000000
0.0310000000
0.0310000000
0.0310000000
0.0310000000
0.0310000000
0.0310000000
0.0310000000
0.0310000000
0.0310000000
0.0310000000
0.0310000000
0.0310000000
0.0310000000
0.0310000000
0.0310000000
0.0310000000
0.0310000000
0.0310000000
0.0310000000
0.0310000000
0.0310000000
0.0310000000
0.0310000000
0.0310000000
0.0310000000
0.0310000000
0.0310000000
0.0310000000
0.0310000000
0.0310000000
0.0310000000
0.0310000000
0.0310000000
0.0310000000
0.0310000000
0.0310000000
0.0310000000
0.0310000000
0.0310000000
0.0310000000
0.0310000000
0.0310000000
0.0310000000
0.0310000000
0.0310000000
0.0310000000
0.0310000000
0.0310000000
0.0310000000
0.0310000000
0.0310000000
0.0310000000
0.0310000000
0.0310000000
0.0310000000
0.0310000000
0.0310000000
0.0310000000
0.0310000000
0.0310000000
0.0310000000
0.0310000000
0.0310000000
0.0310000000
0.0310000000
0.0310000000
0.0310000000
0.0310000000
0.0310000000
0.0310000000
0.0310000000
0.0310000000
0.0310000000
0.0310000000
0.0310000000
0.0310000000
0.0310000000
0.0310000000
0.0310000000
0.0310000000
0.0310000000
0.0310000000
0.0310000000
0.0310000000
0.0310000000
0.0310000000
0.0310000000
0.0310000000
0.0310000000
0.0310000000
0.0310000000
0.0310000000
0.0310000000
0.0310000000
0.0310000000
0.0310000000
0.0310000000
0.0310000000
0.0310000000
0.0310000000
0.0310000000
0.0310000000
0.0310000000
0.0310000000
0.0310000000
0.0310000000
0.0310000000
0.0310000000
0.0310000000
0.0310000000
0.0310000000
0.0310000000
0.0310000000
0.0310000000
0.0310000000
0.0310000000
0.0310000000
0.0310000000
0.0310000000
0.0310000000
0.0310000000
0.0310000000
0.0310000000
0.0310000000
0.0310000000
0.0310000000
0.0310000000
0.0310000000
0.0310000000
0.0310000000
0.0310000000
0.0310000000
0.0310000000
0.0310000000
0.0310000000
0.0310000000
0.0310000000
0.0310000000
0.0310000000
0.0310000000
0.0310000000
0.0310000000
0.0310000000
0.0310000000
0.0310000000
0.0310000000
0.0310000000
0.0310000000
0.0310000000
0.0310000000
0.0310000000
0.0310000000
0.0310000000
0.0310000000
0.0310000000
0.0310000000
0.0310000000
0.0310000000
0.0310000000
0.0310000000
0.0310000000
0.0310000000
0.0310000000
0.0310000000
0.0310000000
0.0310000000
0.0310000000
0.0310000000
0.0310000000
0.0310000000
0.0310000000
0.0310000000
0.0310000000
0.0310000000
0.0310000000
0.0310000000
0.0310000000
0.0310000000
0.0310000000
0.0310000000
0.0310000000
0.0310000000
0.0310000000
0.0310000000
0.0310000000
0.0310000000
0.0310000000
0.0310000000
0.0310000000
0.0310000000
0.0310000000
0.0310000000
0.0310000000
0.0310000000
0.0310000000
0.0310000000
0.0310000000
0.0310000000
0.0310000000
0.0310000000
0.0310000000
0.0310000000
0.0310000000
0.0310000000
0.0310000000
0.0310000000
0.0310000000
0.0310000000
0.0310000000
0.0310000000
0.0310000000
0.0310000000
0.0310000000
0.0310000000
0.0310000000
0.0310000000
0.0310000000
0.0310000000
0.0310000000
0.0310000000
0.0310000000
0.0310000000
0.0310000000
0.0310000000
0.0310000000
0.0310000000
0.0310000000
0.0310000000
0.0310000000
0.0310000000
0.0310000000
0.0310000000
0.0310000000
0.0310000000
0.0310000000
0.0310000000
0.0310000000
0.0310000000
0.0310000000
0.0310000000
0.0310000000
0.0310000000
0.0310000000
0.0310000000
0.0310000000
0.0310000000
0.0310000000
0.0310000000
0.0310000000
0.0310000000
0.0310000000
0.0310000000
0.0310000000
0.0310000000
0.0310000000
0.0310000000
0.0310000000
0.0310000000
0.0310000000
0.0310000000
0.0310000000
0.0310000000
0.0310000000
0.0310000000
0.0310000000
0.0310000000
0.0310000000
0.0310000000
0.0310000000
0.0310000000
0.0310000000
0.0310000000
0.0310000000
0.0310000000
0.0310000000
0.0310000000
0.0310000000
0.0310000000
0.0310000000
0.0310000000
0.0310000000
0.0310000000
0.0310000000
0.0310000000
0.0310000000
0.0310000000
0.0310000000
0.0310000000
0.0310000000
0.0310000000
0.0310000000
0.0310000000
0.0310000000
0.0310000000
0.0310000000
0.0310000000
0.0310000000
0.0310000000
0.0310000000
0.0310000000
0.0310000000
0.0310000000
0.0310000000
0.0310000000
0.0310000000
0.0310000000
0.0310000000
0.0310000000
0.0310000000
0.0310000000
0.0310000000
0.0310000000
0.0310000000
0.0310000000
0.0310000000
0.0310000000
0.0310000000
0.0310000000
0.0310000000
0.0310000000
0.0310000000
0.0310000000
0.0310000000
0.0310000000
0.0310000000
0.0310000000
0.0310000000
0.0310000000
0.0310000000
0.0310000000
0.0310000000
0.0310000000
0.0310000000
0.0310000000
0.0310000000
0.0310000000
0.0310000000
0.0310000000
0.0310000000
0.0310000000
0.0310000000
0.0310000000
0.0310000000
0.0310000000
0.0310000000
0.0310000000
0.0310000000
0.0310000000
0.0310000000
0.0310000000
0.0310000000
0.0310000000
0.0310000000
0.0310000000
0.0310000000
0.0310000000
0.0310000000
0.0310000000
0.0310000000
0.0310000000
0.0310000000
0.0310000000
0.0310000000
0.0310000000
0.0310000000
0.0310000000
0.0310000000
0.0310000000
0.0310000000
0.0310000000
0.0310000000
0.0310000000
0.0310000000
0.0310000000
0.0310000000
0.0310000000
0.0310000000
0.0310000000
0.0310000000
0.0310000000
0.0310000000
0.0310000000
0.0310000000
0.0310000000
0.0310000000
0.0310000000
0.0310000000
0.0310000000
0.0310000000
0.0310000000
0.0310000000
0.0310000000
0.0310000000
0.0310000000
0.0310000000
0.0310000000
0.0310000000
0.0310000000
0.0310000000
0.0310000000
0.0310000000
0.0310000000
0.0310000000
0.0310000000
0.0310000000
0.0310000000
0.0310000000
0.0310000000
0.0310000000
0.0310000000
0.0310000000
0.0310000000
0.0310000000
0.0310000000
0.0310000000
0.0310000000
0.0310000000
0.0310000000
0.0310000000
0.0310000000
0.0310000000
0.0310000000
0.0310000000
0.0310000000
0.0310000000
0.0310000000
0.0310000000
0.0310000000
0.0310000000
0.0310000000
0.0310000000
0.0310000000
0.0310000000
0.0310000000
0.0310000000
0.0310000000
0.0310000000
0.0310000000
0.0310000000
0.0310000000
0.0310000000
0.0310000000
0.0310000000
0.0310000000
0.0310000000
0.0310000000
0.0310000000
0.0310000000
0.0310000000
0.0310000000
0.0310000000
0.0310000000
0.0310000000
0.0310000000
0.0310000000
0.0310000000
0.0310000000
0.0310000000
0.0310000000
0.0310000000
0.0310000000
0.0310000000
0.0310000000
0.0310000000
0.0310000000
0.0310000000
0.0310000000
0.0310000000
0.0310000000
0.0310000000
0.0310000000
0.0310000000
0.0310000000
0.0310000000
0.0310000000
0.0310000000
0.0310000000
0.0310000000
0.0310000000
0.0310000000
0.0310000000
0.0310000000
0.0310000000
0.0310000000
0.0310000000
0.0310000000
0.0310000000
0.0310000000
0.0310000000
0.0310000000
0.0310000000
0.0310000000
0.0310000000
0.0310000000
0.0310000000
0.0310000000
0.0310000000
0.0310000000
0.0310000000
0.0310000000
0.0310000000
0.0310000000
0.0310000000
0.0310000000
0.0310000000
0.0310000000
0.0310000000
0.0310000000
0.0310000000
0.0310000000
0.0310000000
0.0310000000
0.0310000000
0.0310000000
0.0310000000
0.0310000000
0.0310000000
0.0310000000
0.0310000000
0.0310000000
0.0310000000
0.0310000000
0.0310000000
0.0310000000
0.0310000000
0.0310000000
0.0310000000
0.0310000000
0.0310000000
0.0310000000
0.0310000000
0.0310000000
0.0310000000
0.0310000000
0.0310000000
0.0310000000
0.0310000000
0.0310000000
0.0310000000
0.0310000000
0.0310000000
0.0310000000
0.0310000000
0.0310000000
0.0310000000
0.0310000000
0.0310000000
0.0310000000
0.0310000000
0.0310000000
0.0310000000
0.0310000000
0.0310000000
0.0310000000
0.0310000000
0.0310000000
0.0310000000
0.0310000000
0.0310000000
0.0310000000
0.0310000000
0.0310000000
0.0310000000
0.0310000000
0.0310000000
0.0310000000
0.0310000000
0.0310000000
0.0310000000
0.0310000000
0.0310000000
0.0310000000
0.0310000000
0.0310000000
0.0310000000
0.0310000000
0.0310000000
0.0310000000
0.0310000000
0.0310000000
0.0310000000
0.0310000000
0.0310000000
0.0310000000
0.0310000000
0.0310000000
0.0310000000
0.0310000000
0.0310000000
0.0310000000
0.0310000000
0.0310000000
0.0310000000
0.0310000000
0.0310000000
0.0310000000
0.0310000000
0.0310000000
0.0310000000
0.0310000000
0.0310000000
0.0310000000
0.0310000000
0.0310000000
0.0310000000
0.0310000000
0.0310000000
0.0310000000
0.0310000000
0.0310000000
0.0310000000
0.0310000000
0.0310000000
0.0310000000
0.0310000000
0.0310000000
0.0310000000
0.0310000000
0.0310000000
0.0310000000
0.0310000000
0.0310000000
0.0310000000
0.0310000000
0.0310000000
0.0310000000
0.0310000000
0.0310000000
0.0310000000
0.0310000000
0.0310000000
0.0310000000
0.0310000000
0.0310000000
0.0310000000
0.0310000000
0.0310000000
0.0310000000
0.0310000000
0.0310000000
0.0310000000
0.0310000000
0.0310000000
0.0310000000
0.0310000000
0.0310000000
0.0310000000
0.0310000000
0.0310000000
0.0310000000
0.0310000000
0.0310000000
0.0310000000
0.0310000000
0.0310000000
0.0310000000
0.0310000000
0.0310000000
0.0310000000
0.0310000000
0.0310000000
0.0310000000
0.0310000000
0.0310000000
0.0310000000
0.0310000000
0.0310000000
0.0310000000
0.0310000000
0.0310000000
0.0310000000
0.0310000000
0.0310000000
0.0310000000
0.0310000000
0.0310000000
0.0310000000
0.0310000000
0.0310000000
0.0310000000
0.0310000000
0.0310000000
0.0310000000
0.0310000000
0.0310000000
0.0310000000
0.0310000000
0.0310000000
0.0310000000
0.0310000000
0.0310000000
0.0310000000
0.0310000000
0.0310000000
0.0310000000
0.0310000000
0.0310000000
0.0310000000
0.0310000000
0.0310000000
0.0310000000
0.0310000000
0.0310000000
0.0310000000
0.0310000000
0.0310000000
0.0310000000
0.0310000000
0.0310000000
0.0310000000
0.0310000000
0.0310000000
0.0310000000
0.0310000000
0.0310000000
0.0310000000
0.0310000000
0.0310000000
0.0310000000
0.0310000000
0.0310000000
0.0310000000
0.0310000000
0.0310000000
0.0310000000
0.0310000000
0.0310000000
0.0310000000
0.0310000000
0.0310000000
0.0310000000
0.0310000000
0.0310000000
0.0310000000
0.0310000000
0.0310000000
0.0310000000
0.0310000000
0.0310000000
0.0310000000
0.0310000000
0.0310000000
0.0310000000
0.0310000000
0.0310000000
0.0310000000
0.0310000000
0.0310000000
0.0310000000
0.0310000000
0.0310000000
0.0310000000
0.0310000000
0.0310000000
0.0310000000
0.0310000000
0.0310000000
0.0310000000
0.0310000000
0.0310000000
0.0310000000
0.0310000000
0.0310000000
0.0310000000
0.0310000000
0.0310000000
0.0310000000
0.0310000000
0.0310000000
0.0310000000
0.0310000000
0.0310000000
0.0310000000
0.0310000000
0.0310000000
0.0310000000
0.0310000000
0.0310000000
0.0310000000
0.0310000000
0.0310000000
0.0310000000
0.0310000000
0.0310000000
0.0310000000
0.0310000000
0.0310000000
0.0310000000
0.0310000000
0.0310000000
0.0310000000
0.0310000000
0.0310000000
0.0310000000
0.0310000000
0.0310000000
0.0310000000
0.0310000000
0.0310000000
0.0310000000
0.0310000000
0.0310000000
0.0310000000
0.0310000000
0.0310000000
0.0310000000
0.0310000000
0.0310000000
0.0310000000
0.0310000000
0.0310000000
0.0310000000
0.0310000000
0.0310000000
0.0310000000
0.0310000000
0.0310000000
0.0310000000
0.0310000000
0.0310000000
0.0310000000
0.0310000000
0.0310000000
0.0310000000
0.0310000000
0.0310000000
0.0310000000
0.0310000000
0.0310000000
0.0310000000
0.0310000000
0.0310000000
0.0310000000
0.0310000000
0.0310000000
0.0310000000
0.0310000000
0.0310000000
0.0310000000
0.0310000000
0.0310000000
0.0310000000
0.0310000000
0.0310000000
0.0310000000
0.0310000000
0.0310000000
0.0310000000
0.0310000000
0.0310000000
0.0310000000
0.0310000000
0.0310000000
0.0310000000
0.0310000000
0.0310000000
0.0310000000
0.0310000000
0.0310000000
0.0310000000
0.0310000000
0.0310000000
0.0310000000
0.0310000000
0.0310000000
0.0310000000
0.0310000000
0.0310000000
0.0310000000
0.0310000000
0.0310000000
0.0310000000
0.0310000000
0.0310000000
0.0310000000
0.0310000000
0.0310000000
0.0310000000
0.0310000000
0.0310000000
0.0310000000
0.0310000000
0.0310000000
0.0310000000
0.0310000000
0.0310000000
0.0310000000
0.0310000000
0.0310000000
0.0310000000
0.0310000000
0.0310000000
0.0310000000
0.0310000000
0.0310000000
0.0310000000
0.0310000000
0.0310000000
0.0310000000
0.0310000000
0.0310000000
0.0310000000
0.0310000000
0.0310000000
0.0310000000
0.0310000000
0.0310000000
0.0310000000
0.0310000000
0.0310000000
0.0310000000
0.0310000000
0.0310000000
0.0310000000
0.0310000000
0.0310000000
0.0310000000
0.0310000000
0.0310000000
0.0310000000
0.0310000000
0.0310000000
0.0310000000
0.0310000000
0.0310000000
0.0310000000
0.0310000000
0.0310000000
0.0310000000
0.0310000000
0.0310000000
0.0310000000
0.0310000000
0.0310000000
0.0310000000
0.0310000000
0.0310000000
0.0310000000
0.0310000000
0.0310000000
0.0310000000
0.0310000000
0.0310000000
0.0310000000
0.0310000000
0.0310000000
0.0310000000
0.0310000000
0.0310000000
0.0310000000
0.0310000000
0.0310000000
0.0310000000
0.0310000000
0.0310000000
0.0310000000
0.0310000000
0.0310000000
0.0310000000
0.0310000000
0.0310000000
0.0310000000
0.0310000000
0.0310000000
0.0310000000
0.0310000000
0.0310000000
0.0310000000
0.0310000000
0.0310000000
0.0310000000
0.0310000000
0.0310000000
0.0310000000
0.0310000000
0.0310000000
0.0310000000
0.0310000000
0.0310000000
0.0310000000
0.0310000000
0.0310000000
0.0310000000
0.0310000000
0.0310000000
0.0310000000
0.0310000000
0.0310000000
0.0310000000
0.0310000000
0.0310000000
0.0310000000
0.0310000000
0.0310000000
0.0310000000
0.0310000000
0.0310000000
0.0310000000
0.0310000000
0.0310000000
0.0310000000
0.0310000000
0.0310000000
0.0310000000
0.0310000000
0.0310000000
0.0310000000
0.0310000000
0.0310000000
0.0310000000
0.0310000000
0.0310000000
0.0310000000
0.0310000000
0.0310000000
0.0310000000
0.0310000000
0.0310000000
0.0310000000
0.0310000000
0.0310000000
0.0310000000
0.0310000000
0.0310000000
0.0310000000
0.0310000000
0.0310000000
0.0310000000
0.0310000000
0.0310000000
0.0310000000
0.0310000000
0.0310000000
0.0310000000
0.0310000000
0.0310000000
0.0310000000
0.0310000000
0.0310000000
0.0310000000
0.0310000000
0.0310000000
0.0310000000
0.0310000000
0.0310000000
0.0310000000
0.0310000000
0.0310000000
0.0310000000
0.0310000000
0.0310000000
0.0310000000
0.0310000000
0.0310000000
0.0310000000
0.0310000000
0.0310000000
0.0310000000
0.0310000000
0.0310000000
0.0310000000
0.0310000000
0.0310000000
0.0310000000
0.0310000000
0.0310000000
0.0310000000
0.0310000000
0.0310000000
0.0310000000
0.0310000000
0.0310000000
0.0310000000
0.0310000000
0.0310000000
0.0310000000
0.0310000000
0.0310000000
0.0310000000
0.0310000000
0.0310000000
0.0310000000
0.0310000000
0.0310000000
0.0310000000
0.0310000000
0.0310000000
0.0310000000
0.0310000000
0.0310000000
0.0310000000
0.0310000000
0.0310000000
0.0310000000
0.0310000000
0.0310000000
0.0310000000
0.0310000000
0.0310000000
0.0310000000
0.0310000000
0.0310000000
0.0310000000
0.0310000000
0.0310000000
0.0310000000
0.0310000000
0.0310000000
0.0310000000
0.0310000000
0.0310000000
0.0310000000
0.0310000000
0.0310000000
0.0310000000
0.0310000000
0.0310000000
0.0310000000
0.0310000000
0.0310000000
0.0310000000
0.0310000000
0.0310000000
0.0310000000
0.0310000000
0.0310000000
0.0310000000
0.0310000000
0.0310000000
0.0310000000
0.0310000000
0.0310000000
0.0310000000
0.0310000000
0.0310000000
0.0310000000
0.0310000000
0.0310000000
0.0310000000
0.0310000000
0.0310000000
0.0310000000
0.0310000000
0.0310000000
0.0310000000
0.0310000000
0.0310000000
0.0310000000
0.0310000000
0.0310000000
0.0310000000
0.0310000000
0.0310000000
0.0310000000
0.0310000000
0.0310000000
0.0310000000
0.0310000000
0.0310000000
0.0310000000
0.0310000000
0.0310000000
0.0310000000
0.0310000000
0.0310000000
0.0310000000
0.0310000000
0.0310000000
0.0310000000
0.0310000000
0.0310000000
0.0310000000
0.0310000000
0.0310000000
0.0310000000
0.0310000000
0.0310000000
0.0310000000
0.0310000000
0.0310000000
0.0310000000
0.0310000000
0.0310000000
0.0310000000
0.0310000000
0.0310000000
0.0310000000
0.0310000000
0.0310000000
0.0310000000
0.0310000000
0.0310000000
0.0310000000
0.0310000000
0.0310000000
0.0310000000
0.0310000000
0.0310000000
0.0310000000
0.0310000000
0.0310000000
0.0310000000
0.0310000000
0.0310000000
0.0310000000
0.0310000000
0.0310000000
0.0310000000
0.0310000000
0.0310000000
0.0310000000
0.0310000000
0.0310000000
0.0310000000
0.0310000000
0.0310000000
0.0310000000
0.0310000000
0.0310000000
0.0310000000
0.0310000000
0.0310000000
0.0310000000
0.0310000000
0.0310000000
0.0310000000
0.0310000000
0.0310000000
0.0310000000
0.0310000000
0.0310000000
0.0310000000
0.0310000000
0.0310000000
0.0310000000
0.0310000000
0.0310000000
0.0310000000
0.0310000000
0.0310000000
0.0310000000
0.0310000000
0.0310000000
0.0310000000
0.0310000000
0.0310000000
0.0310000000
0.0310000000
0.0310000000
0.0310000000
0.0310000000
0.0310000000
0.0310000000
0.0310000000
0.0310000000
0.0310000000
0.0310000000
0.0310000000
0.0310000000
0.0310000000
0.0310000000
0.0310000000
0.0310000000
0.0310000000
0.0310000000
0.0310000000
0.0310000000
0.0310000000
0.0310000000
0.0310000000
0.0310000000
0.0310000000
0.0310000000
0.0310000000
0.0310000000
0.0310000000
0.0310000000
0.0310000000
0.0310000000
0.0310000000
0.0310000000
0.0310000000
0.0310000000
0.0310000000
0.0310000000
0.0310000000
0.0310000000
0.0310000000
0.0310000000
0.0310000000
0.0310000000
0.0310000000
0.0310000000
0.0310000000
0.0310000000
0.0310000000
0.0310000000
0.0310000000
0.0310000000
0.0310000000
0.0310000000
0.0310000000
0.0310000000
0.0310000000
0.0310000000
0.0310000000
0.0310000000
0.0310000000
0.0310000000
0.0310000000
0.0310000000
0.0310000000
0.0310000000
0.0310000000
0.0310000000
0.0310000000
0.0310000000
0.0310000000
0.0310000000
0.0310000000
0.0310000000
0.0310000000
0.0310000000
0.0310000000
0.0310000000
0.0310000000
0.0310000000
0.0310000000
0.0310000000
0.0310000000
0.0310000000
0.0310000000
0.0310000000
0.0310000000
0.0310000000
0.0310000000
0.0310000000
0.0310000000
0.0310000000
0.0310000000
0.0310000000
0.0310000000
0.0310000000
0.0310000000
0.0310000000
0.0310000000
0.0310000000
0.0310000000
0.0310000000
0.0310000000
0.0310000000
0.0310000000
0.0310000000
0.0310000000
0.0310000000
0.0310000000
0.0310000000
0.0310000000
0.0310000000
0.0310000000
0.0310000000
0.0310000000
0.0310000000
0.0310000000
0.0310000000
0.0310000000
0.0310000000
0.0310000000
0.0310000000
0.0310000000
0.0310000000
0.0310000000
0.0310000000
0.0310000000
0.0310000000
0.0310000000
0.0310000000
0.0310000000
0.0310000000
0.0310000000
0.0310000000
0.0310000000
0.0310000000
0.0310000000
0.0310000000
0.0310000000
0.0310000000
0.0310000000
0.0310000000
0.0310000000
0.0310000000
0.0310000000
0.0310000000
0.0310000000
0.0310000000
0.0310000000
0.0310000000
0.0310000000
0.0310000000
0.0310000000
0.0310000000
0.0310000000
0.0310000000
0.0310000000
0.0310000000
0.0310000000
0.0310000000
0.0310000000
0.0310000000
0.0310000000
0.0310000000
0.0310000000
0.0310000000
0.0310000000
0.0310000000
0.0310000000
0.0310000000
0.0310000000
0.0310000000
0.0310000000
0.0310000000
0.0310000000
0.0310000000
0.0310000000
0.0310000000
0.0310000000
0.0310000000
0.0310000000
0.0310000000
0.0310000000
0.0310000000
0.0310000000
0.0310000000
0.0310000000
0.0310000000
0.0310000000
0.0310000000
0.0310000000
0.0310000000
0.0310000000
0.0310000000
0.0310000000
0.0310000000
0.0310000000
0.0310000000
0.0310000000
0.0310000000
0.0310000000
0.0310000000
0.0310000000
0.0310000000
0.0310000000
0.0310000000
0.0310000000
0.0310000000
0.0310000000
0.0310000000
0.0310000000
0.0310000000
0.0310000000
0.0310000000
0.0310000000
0.0310000000
0.0310000000
0.0310000000
0.0310000000
0.0310000000
0.0310000000
0.0310000000
0.0310000000
0.0310000000
0.0310000000
0.0310000000
0.0310000000
0.0310000000
0.0310000000
0.0310000000
0.0310000000
0.0310000000
0.0310000000
0.0310000000
0.0310000000
0.0310000000
0.0310000000
0.0310000000
0.0310000000
0.0310000000
0.0310000000
0.0310000000
0.0310000000
0.0310000000
0.0310000000
0.0310000000
0.0310000000
0.0310000000
0.0310000000
0.0310000000
0.0310000000
0.0310000000
0.0310000000
0.0310000000
0.0310000000
0.0310000000
0.0310000000
0.0310000000
0.0310000000
0.0310000000
0.0310000000
0.0310000000
0.0310000000
0.0310000000
0.0310000000
0.0310000000
0.0310000000
0.0310000000
0.0310000000
0.0310000000
0.0310000000
0.0310000000
0.0310000000
0.0310000000
0.0310000000
0.0310000000
0.0310000000
0.0310000000
0.0310000000
0.0310000000
0.0310000000
0.0310000000
0.0310000000
0.0310000000
0.0310000000
0.0310000000
0.0310000000
0.0310000000
0.0310000000
0.0310000000
0.0310000000
0.0310000000
0.0310000000
0.0310000000
0.0310000000
0.0310000000
0.0310000000
0.0310000000
0.0310000000
0.0310000000
0.0310000000
0.0310000000
0.0310000000
0.0310000000
0.0310000000
0.0310000000
0.0310000000
0.0310000000
0.0310000000
0.0310000000
0.0310000000
0.0310000000
0.0310000000
0.0310000000
0.0310000000
0.0310000000
0.0310000000
0.0310000000
0.0310000000
0.0310000000
0.0310000000
0.0310000000
0.0310000000
0.0310000000
0.0310000000
0.0310000000
0.0310000000
0.0310000000
0.0310000000
0.0310000000
0.0310000000
0.0310000000
0.0310000000
0.0310000000
0.0310000000
0.0310000000
0.0310000000
0.0310000000
0.0310000000
0.0310000000
0.0310000000
0.0310000000
0.0310000000
0.0310000000
0.0310000000
0.0310000000
0.0310000000
0.0310000000
0.0310000000
0.0310000000
0.0310000000
0.0310000000
0.0310000000
0.0310000000
0.0310000000
0.0310000000
0.0310000000
0.0310000000
0.0310000000
0.0310000000
0.0310000000
0.0310000000
0.0310000000
0.0310000000
0.0310000000
0.0310000000
0.0310000000
0.0310000000
0.0310000000
0.0310000000
0.0310000000
0.0310000000
0.0310000000
0.0310000000
0.0310000000
0.0310000000
0.0310000000
0.0310000000
0.0310000000
0.0310000000
0.0310000000
0.0310000000
0.0310000000
0.0310000000
0.0310000000
0.0310000000
0.0310000000
0.0310000000
0.0310000000
0.0310000000
0.0310000000
0.0310000000
0.0310000000
0.0310000000
0.0310000000
0.0310000000
0.0310000000
0.0310000000
0.0310000000
0.0310000000
0.0310000000
0.0310000000
0.0310000000
0.0310000000
0.0310000000
0.0310000000
0.0310000000
0.0310000000
0.0310000000
0.0310000000
0.0310000000
0.0310000000
0.0310000000
0.0310000000
0.0310000000
0.0310000000
0.0310000000
0.0310000000
0.0310000000
0.0310000000
0.0310000000
0.0310000000
0.0310000000
0.0310000000
0.0310000000
0.0310000000
0.0310000000
0.0310000000
0.0310000000
0.0310000000
0.0310000000
0.0310000000
0.0310000000
0.0310000000
0.0310000000
0.0310000000
0.0310000000
0.0310000000
0.0310000000
0.0310000000
0.0310000000
0.0310000000
0.0310000000
0.0310000000
0.0310000000
0.0310000000
0.0310000000
0.0310000000
0.0310000000
0.0310000000
0.0310000000
0.0310000000
0.0310000000
0.0310000000
0.0310000000
0.0310000000
0.0310000000
0.0310000000
0.0310000000
0.0310000000
0.0310000000
0.0310000000
0.0310000000
0.0310000000
0.0310000000
0.0310000000
0.0310000000
0.0310000000
0.0310000000
0.0310000000
0.0310000000
0.0310000000
0.0310000000
0.0310000000
0.0310000000
0.0310000000
0.0310000000
0.0310000000
0.0310000000
0.0310000000
0.0310000000
0.0310000000
0.0310000000
0.0310000000
0.0310000000
0.0310000000
0.0310000000
0.0310000000
0.0310000000
0.0310000000
0.0310000000
0.0310000000
0.0310000000
0.0310000000
0.0310000000
0.0310000000
0.0310000000
0.0310000000
0.0310000000
0.0310000000
0.0310000000
0.0310000000
0.0310000000
0.0310000000
0.0310000000
0.0310000000
0.0310000000
0.0310000000
0.0310000000
0.0310000000
0.0310000000
0.0310000000
0.0310000000
0.0310000000
0.0310000000
0.0310000000
0.0310000000
0.0310000000
0.0310000000
0.0310000000
0.0310000000
0.0310000000
0.0310000000
0.0310000000
0.0310000000
0.0310000000
0.0310000000
0.0310000000
0.0310000000
0.0310000000
0.0310000000
0.0310000000
0.0310000000
0.0310000000
0.0310000000
0.0310000000
0.0310000000
0.0310000000
0.0310000000
0.0310000000
0.0310000000
0.0310000000
0.0310000000
0.0310000000
0.0310000000
0.0310000000
0.0310000000
0.0310000000
0.0310000000
0.0310000000
0.0310000000
0.0310000000
0.0310000000
0.0310000000
0.0310000000
0.0310000000
0.0310000000
0.0310000000
0.0310000000
0.0310000000
0.0310000000
0.0310000000
0.0310000000
0.0310000000
0.0310000000
0.0310000000
0.0310000000
0.0310000000
0.0310000000
0.0310000000
0.0310000000
0.0310000000
0.0310000000
0.0310000000
0.0310000000
0.0310000000
0.0310000000
0.0310000000
0.0310000000
0.0310000000
0.0310000000
0.0310000000
0.0310000000
0.0310000000
0.0310000000
0.0310000000
0.0310000000
0.0310000000
0.0310000000
0.0310000000
0.0310000000
0.0310000000
0.0310000000
0.0310000000
0.0310000000
0.0310000000
0.0310000000
0.0310000000
0.0310000000
0.0310000000
0.0310000000
0.0310000000
0.0310000000
0.0310000000
0.0310000000
0.0310000000
0.0310000000
0.0310000000
0.0310000000
0.0310000000
0.0310000000
0.0310000000
0.0310000000
0.0310000000
0.0310000000
0.0310000000
0.0310000000
0.0310000000
0.0310000000
0.0310000000
0.0310000000
0.0310000000
0.0310000000
0.0310000000
0.0310000000
0.0310000000
0.0310000000
0.0310000000
0.0310000000
0.0310000000
0.0310000000
0.0310000000
0.0310000000
0.0310000000
0.0310000000
0.0310000000
0.0310000000
0.0310000000
0.0310000000
0.0310000000
0.0310000000
0.0310000000
0.0310000000
0.0310000000
0.0310000000
0.0310000000
0.0310000000
0.0310000000
0.0310000000
0.0310000000
0.0310000000
0.0310000000
0.0310000000
0.0310000000
0.0310000000
0.0310000000
0.0310000000
0.0310000000
0.0310000000
0.0310000000
0.0310000000
0.0310000000
0.0310000000
0.0310000000
0.0310000000
0.0310000000
0.0310000000
0.0310000000
0.0310000000
0.0310000000
0.0310000000
0.0310000000
0.0310000000
0.0310000000
0.0310000000
0.0310000000
0.0310000000
0.0310000000
0.0310000000
0.0310000000
0.0310000000
0.0310000000
0.0310000000
0.0310000000
0.0310000000
0.0310000000
0.0310000000
0.0310000000
0.0310000000
0.0310000000
0.0310000000
0.0310000000
0.0310000000
0.0310000000
0.0310000000
0.0310000000
0.0310000000
0.0310000000
0.0310000000
0.0310000000
0.0310000000
0.0310000000
0.0310000000
0.0310000000
0.0310000000
0.0310000000
0.0310000000
0.0310000000
0.0310000000
0.0310000000
0.0310000000
0.0310000000
0.0310000000
0.0310000000
0.0310000000
0.0310000000
0.0310000000
0.0310000000
0.0310000000
0.0310000000
0.0310000000
0.0310000000
0.0310000000
0.0310000000
0.0310000000
0.0310000000
0.0310000000
0.0310000000
0.0310000000
0.0310000000
0.0310000000
0.0310000000
0.0310000000
0.0310000000
0.0310000000
0.0310000000
0.0310000000
0.0310000000
0.0310000000
0.0310000000
0.0310000000
0.0310000000
0.0310000000
0.0310000000
0.0310000000
0.0310000000
0.0310000000
0.0310000000
0.0310000000
0.0310000000
0.0310000000
0.0310000000
0.0310000000
0.0310000000
0.0310000000
0.0310000000
0.0310000000
0.0310000000
0.0310000000
0.0310000000
0.0310000000
0.0310000000
0.0310000000
0.0310000000
0.0310000000
0.0310000000
0.0310000000
0.0310000000
0.0310000000
0.0310000000
0.0310000000
0.0310000000
0.0310000000
0.0310000000
0.0310000000
0.0310000000
0.0310000000
0.0310000000
0.0310000000
0.0310000000
0.0310000000
0.0310000000
0.0310000000
0.0310000000
0.0310000000
0.0310000000
0.0310000000
0.0310000000
0.0310000000
0.0310000000
0.0310000000
0.0310000000
0.0310000000
0.0310000000
0.0310000000
0.0310000000
0.0310000000
0.0310000000
0.0310000000
0.0310000000
0.0310000000
0.0310000000
0.0310000000
0.0310000000
0.0310000000
0.0310000000
0.0310000000
0.0310000000
0.0310000000
0.0310000000
0.0310000000
0.0310000000
0.0310000000
0.0310000000
0.0310000000
0.0310000000
0.0310000000
0.0310000000
0.0310000000
0.0310000000
0.0310000000
0.0310000000
0.0310000000
0.0310000000
0.0310000000
0.0310000000
0.0310000000
0.0310000000
0.0310000000
0.0310000000
0.0310000000
0.0310000000
0.0310000000
0.0310000000
0.0310000000
0.0310000000
0.0310000000
0.0310000000
0.0310000000
0.0310000000
0.0310000000
0.0310000000
0.0310000000
0.0310000000
0.0310000000
0.0310000000
0.0310000000
0.0310000000
0.0310000000
0.0310000000
0.0310000000
0.0310000000
0.0310000000
0.0310000000
0.0310000000
0.0310000000
0.0310000000
0.0310000000
0.0310000000
0.0310000000
0.0310000000
0.0310000000
0.0310000000
0.0310000000
0.0310000000
0.0310000000
0.0310000000
0.0310000000
0.0310000000
0.0310000000
0.0310000000
0.0310000000
0.0310000000
0.0310000000
0.0310000000
0.0310000000
0.0310000000
0.0310000000
0.0310000000
0.0310000000
0.0310000000
0.0310000000
0.0310000000
0.0310000000
0.0310000000
0.0310000000
0.0310000000
0.0310000000
0.0310000000
0.0310000000
0.0310000000
0.0310000000
0.0310000000
0.0310000000
0.0310000000
0.0310000000
0.0310000000
0.0310000000
0.0310000000
0.0310000000
0.0310000000
0.0310000000
0.0310000000
0.0310000000
0.0310000000
0.0310000000
0.0310000000
0.0310000000
0.0310000000
0.0310000000
0.0310000000
0.0310000000
0.0310000000
0.0310000000
0.0310000000
0.0310000000
0.0310000000
0.0310000000
0.0310000000
0.0310000000
0.0310000000
0.0310000000
0.0310000000
0.0310000000
0.0310000000
0.0310000000
0.0310000000
0.0310000000
0.0310000000
0.0310000000
0.0310000000
0.0310000000
0.0310000000
0.0310000000
0.0310000000
0.0310000000
0.0310000000
0.0310000000
0.0310000000
0.0310000000
0.0310000000
0.0310000000
0.0310000000
0.0310000000
0.0310000000
0.0310000000
0.0310000000
0.0310000000
0.0310000000
0.0310000000
0.0310000000
0.0310000000
0.0310000000
0.0310000000
0.0310000000
0.0310000000
0.0310000000
0.0310000000
0.0310000000
0.0310000000
0.0310000000
0.0310000000
0.0310000000
0.0310000000
0.0310000000
0.0310000000
0.0310000000
0.0310000000
0.0310000000
0.0310000000
0.0310000000
0.0310000000
0.0310000000
0.0310000000
0.0310000000
0.0310000000
0.0310000000
0.0310000000
0.0310000000
0.0310000000
0.0310000000
0.0310000000
0.0310000000
0.0310000000
0.0310000000
0.0310000000
0.0310000000
0.0310000000
0.0310000000
0.0310000000
0.0310000000
0.0310000000
0.0310000000
0.0310000000
0.0310000000
0.0310000000
0.0310000000
0.0310000000
0.0310000000
0.0310000000
0.0310000000
0.0310000000
0.0310000000
0.0310000000
0.0310000000
0.0310000000
0.0310000000
0.0310000000
0.0310000000
0.0310000000
0.0310000000
0.0310000000
0.0310000000
0.0310000000
0.0310000000
0.0310000000
0.0310000000
0.0310000000
0.0310000000
0.0310000000
0.0310000000
0.0310000000
0.0310000000
0.0310000000
0.0310000000
0.0310000000
0.0310000000
0.0310000000
0.0310000000
0.0310000000
0.0310000000
0.0310000000
0.0310000000
0.0310000000
0.0310000000
0.0310000000
0.0310000000
0.0310000000
0.0310000000
0.0310000000
0.0310000000
0.0310000000
0.0310000000
0.0310000000
0.0310000000
0.0310000000
0.0310000000
0.0310000000
0.0310000000
0.0310000000
0.0310000000
0.0310000000
0.0310000000
0.0310000000
0.0310000000
0.0310000000
0.0310000000
0.0310000000
0.0310000000
0.0310000000
0.0310000000
0.0310000000
0.0310000000
0.0310000000
0.0310000000
0.0310000000
0.0310000000
0.0310000000
0.0310000000
0.0310000000
0.0310000000
0.0310000000
0.0310000000
0.0310000000
0.0310000000
0.0310000000
0.0310000000
0.0310000000
0.0310000000
0.0310000000
0.0310000000
0.0310000000
0.0310000000
0.0310000000
0.0310000000
0.0310000000
0.0310000000
0.0310000000
0.0310000000
0.0310000000
0.0310000000
0.0310000000
0.0310000000
0.0310000000
0.0310000000
0.0310000000
0.0310000000
0.0310000000
0.0310000000
0.0310000000
0.0310000000
0.0310000000
0.0310000000
0.0310000000
0.0310000000
0.0310000000
0.0310000000
0.0310000000
0.0310000000
0.0310000000
0.0310000000
0.0310000000
0.0310000000
0.0310000000
0.0310000000
0.0310000000
0.0310000000
0.0310000000
0.0310000000
0.0310000000
0.0310000000
0.0310000000
0.0310000000
0.0310000000
0.0310000000
0.0310000000
0.0310000000
0.0310000000
0.0310000000
0.0310000000
0.0310000000
0.0310000000
0.0310000000
0.0310000000
0.0310000000
0.0310000000
0.0310000000
0.0310000000
0.0310000000
0.0310000000
0.0310000000
0.0310000000
0.0310000000
0.0310000000
0.0310000000
0.0310000000
0.0310000000
0.0310000000
0.0310000000
0.0310000000
0.0310000000
0.0310000000
0.0310000000
0.0310000000
0.0310000000
0.0310000000
0.0310000000
0.0310000000
0.0310000000
0.0310000000
0.0310000000
0.0310000000
0.0310000000
0.0310000000
0.0310000000
0.0310000000
0.0310000000
0.0310000000
0.0310000000
0.0310000000
0.0310000000
0.0310000000
0.0310000000
0.0310000000
0.0310000000
0.0310000000
0.0310000000
0.0310000000
0.0310000000
0.0310000000
0.0310000000
0.0310000000
0.0310000000
0.0310000000
0.0310000000
0.0310000000
0.0310000000
0.0310000000
0.0310000000
0.0310000000
0.0310000000
0.0310000000
0.0310000000
0.0310000000
0.0310000000
0.0310000000
0.0310000000
0.0310000000
0.0310000000
0.0310000000
0.0310000000
0.0310000000
0.0310000000
0.0310000000
0.0310000000
0.0310000000
0.0310000000
0.0310000000
0.0310000000
0.0310000000
0.0310000000
0.0310000000
0.0310000000
0.0310000000
0.0310000000
0.0310000000
0.0310000000
0.0310000000
0.0310000000
0.0310000000
0.0310000000
0.0310000000
0.0310000000
0.0310000000
0.0310000000
0.0310000000
0.0310000000
0.0310000000
0.0310000000
0.0310000000
0.0310000000
0.0310000000
0.0310000000
0.0310000000
0.0310000000
0.0310000000
0.0310000000
0.0310000000
0.0310000000
0.0310000000
0.0310000000
0.0310000000
0.0310000000
0.0310000000
0.0310000000
0.0310000000
0.0310000000
0.0310000000
0.0310000000
0.0310000000
0.0310000000
0.0310000000
0.0310000000
0.0310000000
0.0310000000
0.0310000000
0.0310000000
0.0310000000
0.0310000000
0.0310000000
0.0310000000
0.0310000000
0.0310000000
0.0310000000
0.0310000000
0.0310000000
0.0310000000
0.0310000000
0.0310000000
0.0310000000
0.0310000000
0.0310000000
0.0310000000
0.0310000000
0.0310000000
0.0310000000
0.0310000000
0.0310000000
0.0310000000
0.0310000000
0.0310000000
0.0310000000
0.0310000000
0.0310000000
0.0310000000
0.0310000000
0.0310000000
0.0310000000
0.0310000000
0.0310000000
0.0310000000
0.0310000000
0.0310000000
0.0310000000
0.0310000000
0.0310000000
0.0310000000
0.0310000000
0.0310000000
0.0310000000
0.0310000000
0.0310000000
0.0310000000
0.0310000000
0.0310000000
0.0310000000
0.0310000000
0.0310000000
0.0310000000
0.0310000000
0.0310000000
0.0310000000
0.0310000000
0.0310000000
0.0310000000
0.0310000000
0.0310000000
0.0310000000
0.0310000000
0.0310000000
0.0310000000
0.0310000000
0.0310000000
0.0310000000
0.0310000000
0.0310000000
0.0310000000
0.0310000000
0.0310000000
0.0310000000
0.0310000000
0.0310000000
0.0310000000
0.0310000000
0.0310000000
0.0310000000
0.0310000000
0.0310000000
0.0310000000
0.0310000000
0.0310000000
0.0310000000
0.0310000000
0.0310000000
0.0310000000
0.0310000000
0.0310000000
0.0310000000
0.0310000000
0.0310000000
0.0310000000
0.0310000000
0.0310000000
0.0310000000
0.0310000000
0.0310000000
0.0310000000
0.0310000000
0.0310000000
0.0310000000
0.0310000000
0.0310000000
0.0310000000
0.0310000000
0.0310000000
0.0310000000
0.0310000000
0.0310000000
0.0310000000
0.0310000000
0.0310000000
0.0310000000
0.0310000000
0.0310000000
0.0310000000
0.0310000000
0.0310000000
0.0310000000
0.0310000000
0.0310000000
0.0310000000
0.0310000000
0.0310000000
0.0310000000
0.0310000000
0.0310000000
0.0310000000
0.0310000000
0.0310000000
0.0310000000
0.0310000000
0.0310000000
0.0310000000
0.0310000000
0.0310000000
0.0310000000
0.0310000000
0.0310000000
0.0310000000
0.0310000000
0.0310000000
0.0310000000
0.0310000000
0.0310000000
0.0310000000
0.0310000000
0.0310000000
0.0310000000
0.0310000000
0.0310000000
0.0310000000
0.0310000000
0.0310000000
0.0310000000
0.0310000000
0.0310000000
0.0310000000
0.0310000000
0.0310000000
0.0310000000
0.0310000000
0.0310000000
0.0310000000
0.0310000000
0.0310000000
0.0310000000
0.0310000000
0.0310000000
0.0310000000
0.0310000000
0.0310000000
0.0310000000
0.0310000000
0.0310000000
0.0310000000
0.0310000000
0.0310000000
0.0310000000
0.0310000000
0.0310000000
0.0310000000
0.0310000000
0.0310000000
0.0310000000
0.0310000000
0.0310000000
0.0310000000
0.0310000000
0.0310000000
0.0310000000
0.0310000000
0.0310000000
0.0310000000
0.0310000000
0.0310000000
0.0310000000
0.0310000000
0.0310000000
0.0310000000
0.0310000000
0.0310000000
0.0310000000
0.0310000000
0.0310000000
0.0310000000
0.0310000000
0.0310000000
0.0310000000
0.0310000000
0.0310000000
0.0310000000
0.0310000000
0.0310000000
0.0310000000
0.0310000000
0.0310000000
0.0310000000
0.0310000000
0.0310000000
0.0310000000
0.0310000000
0.0310000000
0.0310000000
0.0310000000
0.0310000000
0.0310000000
0.0310000000
0.0310000000
0.0310000000
0.0310000000
0.0310000000
0.0310000000
0.0310000000
0.0310000000
0.0310000000
0.0310000000
0.0310000000
0.0310000000
0.0310000000
0.0310000000
0.0310000000
0.0310000000
0.0310000000
0.0310000000
0.0310000000
0.0310000000
0.0310000000
0.0310000000
0.0310000000
0.0310000000
0.0310000000
0.0310000000
0.0310000000
0.0310000000
0.0310000000
0.0310000000
0.0310000000
0.0310000000
0.0310000000
0.0310000000
0.0310000000
0.0310000000
0.0310000000
0.0310000000
0.0310000000
0.0310000000
0.0310000000
0.0310000000
0.0310000000
0.0310000000
0.0310000000
0.0310000000
0.0310000000
0.0310000000
0.0310000000
0.0310000000
0.0310000000
0.0310000000
0.0310000000
0.0310000000
0.0310000000
0.0310000000
0.0310000000
0.0310000000
0.0310000000
0.0310000000
0.0310000000
0.0310000000
0.0310000000
0.0310000000
0.0310000000
0.0310000000
0.0310000000
0.0310000000
0.0310000000
0.0310000000
0.0310000000
0.0310000000
0.0310000000
0.0310000000
0.0310000000
0.0310000000
0.0310000000
0.0310000000
0.0310000000
0.0310000000
0.0310000000
0.0310000000
0.0310000000
0.0310000000
0.0310000000
0.0310000000
0.0310000000
0.0310000000
0.0310000000
0.0310000000
0.0310000000
0.0310000000
0.0310000000
0.0310000000
0.0310000000
0.0310000000
0.0310000000
0.0310000000
0.0310000000
0.0310000000
0.0310000000
0.0310000000
0.0310000000
0.0310000000
0.0310000000
0.0310000000
0.0310000000
0.0310000000
0.0310000000
0.0310000000
0.0310000000
0.0310000000
0.0310000000
0.0310000000
0.0310000000
0.0310000000
0.0310000000
0.0310000000
0.0310000000
0.0310000000
0.0310000000
0.0310000000
0.0310000000
0.0310000000
0.0310000000
0.0310000000
0.0310000000
0.0310000000
0.0310000000
0.0310000000
0.0310000000
0.0310000000
0.0310000000
0.0310000000
0.0310000000
0.0310000000
0.0310000000
0.0310000000
0.0310000000
0.0310000000
0.0310000000
0.0310000000
0.0310000000
0.0310000000
0.0310000000
0.0310000000
0.0310000000
0.0310000000
0.0310000000
0.0310000000
0.0310000000
0.0310000000
0.0310000000
0.0310000000
0.0310000000
0.0310000000
0.0310000000
0.0310000000
0.0310000000
0.0310000000
0.0310000000
0.0310000000
0.0310000000
0.0310000000
0.0310000000
0.0310000000
0.0310000000
0.0310000000
0.0310000000
0.0310000000
0.0310000000
0.0310000000
0.0310000000
0.0310000000
0.0310000000
0.0310000000
0.0310000000
0.0310000000
0.0310000000
0.0310000000
0.0310000000
0.0310000000
0.0310000000
0.0310000000
0.0310000000
0.0310000000
0.0310000000
0.0310000000
0.0310000000
0.0310000000
0.0310000000
0.0310000000
0.0310000000
0.0310000000
0.0310000000
0.0310000000
0.0310000000
0.0310000000
0.0310000000
0.0310000000
0.0310000000
0.0310000000
0.0310000000
0.0310000000
0.0310000000
0.0310000000
0.0310000000
0.0310000000
0.0310000000
0.0310000000
0.0310000000
0.0310000000
0.0310000000
0.0310000000
0.0310000000
0.0310000000
0.0310000000
0.0310000000
0.0310000000
0.0310000000
0.0310000000
0.0310000000
0.0310000000
0.0310000000
0.0310000000
0.0310000000
0.0310000000
0.0310000000
0.0310000000
0.0310000000
0.0310000000
0.0310000000
0.0310000000
0.0310000000
0.0310000000
0.0310000000
0.0310000000
0.0310000000
0.0310000000
0.0310000000
0.0310000000
0.0310000000
0.0310000000
0.0310000000
0.0310000000
0.0310000000
0.0310000000
0.0310000000
0.0310000000
0.0310000000
0.0310000000
0.0310000000
0.0310000000
0.0310000000
0.0310000000
0.0310000000
0.0310000000
0.0310000000
0.0310000000
0.0310000000
0.0310000000
0.0310000000
0.0310000000
0.0310000000
0.0310000000
0.0310000000
0.0310000000
0.0310000000
0.0310000000
0.0310000000
0.0310000000
0.0310000000
0.0310000000
0.0310000000
0.0310000000
0.0310000000
0.0310000000
0.0310000000
0.0310000000
0.0310000000
0.0310000000
0.0310000000
0.0310000000
0.0310000000
0.0310000000
0.0310000000
0.0310000000
0.0310000000
0.0310000000
0.0310000000
0.0310000000
0.0310000000
0.0310000000
0.0310000000
0.0310000000
0.0310000000
0.0310000000
0.0310000000
0.0310000000
0.0310000000
0.0310000000
0.0310000000
0.0310000000
0.0310000000
0.0310000000
0.0310000000
0.0310000000
0.0310000000
0.0310000000
0.0310000000
0.0310000000
0.0310000000
0.0310000000
0.0310000000
0.0310000000
0.0310000000
0.0310000000
0.0310000000
0.0310000000
0.0310000000
0.0310000000
0.0310000000
0.0310000000
0.0310000000
0.0310000000
0.0310000000
0.0310000000
0.0310000000
0.0310000000
0.0310000000
0.0310000000
0.0310000000
0.0310000000
0.0310000000
0.0310000000
0.0310000000
0.0310000000
0.0310000000
0.0310000000
0.0310000000
0.0310000000
0.0310000000
0.0310000000
0.0310000000
0.0310000000
0.0310000000
0.0310000000
0.0310000000
0.0310000000
0.0310000000
0.0310000000
0.0310000000
0.0310000000
0.0310000000
0.0310000000
0.0310000000
0.0310000000
0.0310000000
0.0310000000
0.0310000000
0.0310000000
0.0310000000
0.0310000000
0.0310000000
0.0310000000
0.0310000000
0.0310000000
0.0310000000
0.0310000000
0.0310000000
0.0310000000
0.0310000000
0.0310000000
0.0310000000
0.0310000000
0.0310000000
0.0310000000
0.0310000000
0.0310000000
0.0310000000
0.0310000000
0.0310000000
0.0310000000
0.0310000000
0.0310000000
0.0310000000
0.0310000000
0.0310000000
0.0310000000
0.0310000000
0.0310000000
0.0310000000
0.0310000000
0.0310000000
0.0310000000
0.0310000000
0.0310000000
0.0310000000
0.0310000000
0.0310000000
0.0310000000
0.0310000000
0.0310000000
0.0310000000
0.0310000000
0.0310000000
0.0310000000
0.0310000000
0.0310000000
0.0310000000
0.0310000000
0.0310000000
0.0310000000
0.0310000000
0.0310000000
0.0310000000
0.0310000000
0.0310000000
0.0310000000
0.0310000000
0.0310000000
0.0310000000
0.0310000000
0.0310000000
0.0310000000
0.0310000000
0.0310000000
0.0310000000
0.0310000000
0.0310000000
0.0310000000
0.0310000000
0.0310000000
0.0310000000
0.0310000000
0.0310000000
0.0310000000
0.0310000000
0.0310000000
0.0310000000
0.0310000000
0.0310000000
0.0310000000
0.0310000000
0.0310000000
0.0310000000
0.0310000000
0.0310000000
0.0310000000
0.0310000000
0.0310000000
0.0310000000
0.0310000000
0.0310000000
0.0310000000
0.0310000000
0.0310000000
0.0310000000
0.0310000000
0.0310000000
0.0310000000
0.0310000000
0.0310000000
0.0310000000
0.0310000000
0.0310000000
0.0310000000
0.0310000000
0.0310000000
0.0310000000
0.0310000000
0.0310000000
0.0310000000
0.0310000000
0.0310000000
0.0310000000
0.0310000000
0.0310000000
0.0310000000
0.0310000000
0.0310000000
0.0310000000
0.0310000000
0.0310000000
0.0310000000
0.0310000000
0.0310000000
0.0310000000
0.0310000000
0.0310000000
0.0310000000
0.0310000000
0.0310000000
0.0310000000
0.0310000000
0.0310000000
0.0310000000
0.0310000000
0.0310000000
0.0310000000
0.0310000000
0.0310000000
0.0310000000
0.0310000000
0.0310000000
0.0310000000
0.0310000000
0.0310000000
0.0310000000
0.0310000000
0.0310000000
0.0310000000
0.0310000000
0.0310000000
0.0310000000
0.0310000000
0.0310000000
0.0310000000
0.0310000000
0.0310000000
0.0310000000
0.0310000000
0.0310000000
0.0310000000
0.0310000000
0.0310000000
0.0310000000
0.0310000000
0.0310000000
0.0310000000
0.0310000000
0.0310000000
0.0310000000
0.0310000000
0.0310000000
0.0310000000
0.0310000000
0.0310000000
0.0310000000
0.0310000000
0.0310000000
0.0310000000
0.0310000000
0.0310000000
0.0310000000
0.0310000000
0.0310000000
0.0310000000
0.0310000000
0.0310000000
0.0310000000
0.0310000000
0.0310000000
0.0310000000
0.0310000000
0.0310000000
0.0310000000
0.0310000000
0.0310000000
0.0310000000
0.0310000000
0.0310000000
0.0310000000
0.0310000000
0.0310000000
0.0310000000
0.0310000000
0.0310000000
0.0310000000
0.0310000000
0.0310000000
0.0310000000
0.0310000000
0.0310000000
0.0310000000
0.0310000000
0.0310000000
0.0310000000
0.0310000000
0.0310000000
0.0310000000
0.0310000000
0.0310000000
0.0310000000
0.0310000000
0.0310000000
0.0310000000
0.0310000000
0.0310000000
0.0310000000
0.0310000000
0.0310000000
0.0310000000
0.0310000000
0.0310000000
0.0310000000
0.0310000000
0.0310000000
0.0310000000
0.0310000000
0.0310000000
0.0310000000
0.0310000000
0.0310000000
0.0310000000
0.0310000000
0.0310000000
0.0310000000
0.0310000000
0.0310000000
0.0310000000
0.0310000000
0.0310000000
0.0310000000
0.0310000000
0.0310000000
0.0310000000
0.0310000000
0.0310000000
0.0310000000
0.0310000000
0.0310000000
0.0310000000
0.0310000000
0.0310000000
0.0310000000
0.0310000000
0.0310000000
0.0310000000
0.0310000000
0.0310000000
0.0310000000
0.0310000000
0.0310000000
0.0310000000
0.0310000000
0.0310000000
0.0310000000
0.0310000000
0.0310000000
0.0310000000
0.0310000000
0.0310000000
0.0310000000
0.0310000000
0.0310000000
0.0310000000
0.0310000000
0.0310000000
0.0310000000
0.0310000000
0.0310000000
0.0310000000
0.0310000000
0.0310000000
0.0310000000
0.0310000000
0.0310000000
0.0310000000
0.0310000000
0.0310000000
0.0310000000
0.0310000000
0.0310000000
0.0310000000
0.0310000000
0.0310000000
0.0310000000
0.0310000000
0.0310000000
0.0310000000
0.0310000000
0.0310000000
0.0310000000
0.0310000000
0.0310000000
0.0310000000
0.0310000000
0.0310000000
0.0310000000
0.0310000000
0.0310000000
0.0310000000
0.0310000000
0.0310000000
0.0310000000
0.0310000000
0.0310000000
0.0310000000
0.0310000000
0.0310000000
0.0310000000
0.0310000000
0.0310000000
0.0310000000
0.0310000000
0.0310000000
0.0310000000
0.0310000000
0.0310000000
0.0310000000
0.0310000000
0.0310000000
0.0310000000
0.0310000000
0.0310000000
0.0310000000
0.0310000000
0.0310000000
0.0310000000
0.0310000000
0.0310000000
0.0310000000
0.0310000000
0.0310000000
0.0310000000
0.0310000000
0.0310000000
0.0310000000
0.0310000000
0.0310000000
0.0310000000
0.0310000000
0.0310000000
0.0310000000
0.0310000000
0.0310000000
0.0310000000
0.0310000000
0.0310000000
0.0310000000
0.0310000000
0.0310000000
0.0310000000
0.0310000000
0.0310000000
0.0310000000
0.0310000000
0.0310000000
0.0310000000
0.0310000000
0.0310000000
0.0310000000
0.0310000000
0.0310000000
0.0310000000
0.0310000000
0.0310000000
0.0310000000
0.0310000000
0.0310000000
0.0310000000
0.0310000000
0.0310000000
0.0310000000
0.0310000000
0.0310000000
0.0310000000
0.0310000000
0.0310000000
0.0310000000
0.0310000000
0.0310000000
0.0310000000
0.0310000000
0.0310000000
0.0310000000
0.0310000000
0.0310000000
0.0310000000
0.0310000000
0.0310000000
0.0310000000
0.0310000000
0.0310000000
0.0310000000
0.0310000000
0.0310000000
0.0310000000
0.0310000000
0.0310000000
0.0310000000
0.0310000000
0.0310000000
0.0310000000
0.0310000000
0.0310000000
0.0310000000
0.0310000000
0.0310000000
0.0310000000
0.0310000000
0.0310000000
0.0310000000
0.0310000000
0.0310000000
0.0310000000
0.0310000000
0.0310000000
0.0310000000
0.0310000000
0.0310000000
0.0310000000
0.0310000000
0.0310000000
0.0310000000
0.0310000000
0.0310000000
0.0310000000
0.0310000000
0.0310000000
0.0310000000
0.0310000000
0.0310000000
0.0310000000
0.0310000000
0.0310000000
0.0310000000
0.0310000000
0.0310000000
0.0310000000
0.0310000000
0.0310000000
0.0310000000
0.0310000000
0.0310000000
0.0310000000
0.0310000000
0.0310000000
0.0310000000
0.0310000000
0.0310000000
0.0310000000
0.0310000000
0.0310000000
0.0310000000
0.0310000000
0.0310000000
0.0310000000
0.0310000000
0.0310000000
0.0310000000
0.0310000000
0.0310000000
0.0310000000
0.0310000000
0.0310000000
0.0310000000
0.0310000000
0.0310000000
0.0310000000
0.0310000000
0.0310000000
0.0310000000
0.0310000000
0.0310000000
0.0310000000
0.0310000000
0.0310000000
0.0310000000
0.0310000000
0.0310000000
0.0310000000
0.0310000000
0.0310000000
0.0310000000
0.0310000000
0.0310000000
0.0310000000
0.0310000000
0.0310000000
0.0310000000
0.0310000000
0.0310000000
0.0310000000
0.0310000000
0.0310000000
0.0310000000
0.0310000000
0.0310000000
0.0310000000
0.0310000000
0.0310000000
0.0310000000
0.0310000000
0.0310000000
0.0310000000
0.0310000000
0.0310000000
0.0310000000
0.0310000000
0.0310000000
0.0310000000
0.0310000000
0.0310000000
0.0310000000
0.0310000000
0.0310000000
0.0310000000
0.0310000000
0.0310000000
0.0310000000
0.0310000000
0.0310000000
0.0310000000
0.0310000000
0.0310000000
0.0310000000
0.0310000000
0.0310000000
0.0310000000
0.0310000000
0.0310000000
0.0310000000
0.0310000000
0.0310000000
0.0310000000
0.0310000000
0.0310000000
0.0310000000
0.0310000000
0.0310000000
0.0310000000
0.0310000000
0.0310000000
0.0310000000
0.0310000000
0.0310000000
0.0310000000
0.0310000000
0.0310000000
0.0310000000
0.0310000000
0.0310000000
0.0310000000
0.0310000000
0.0310000000
0.0310000000
0.0310000000
0.0310000000
0.0310000000
0.0310000000
0.0310000000
0.0310000000
0.0310000000
0.0310000000
0.0310000000
0.0310000000
0.0310000000
0.0310000000
0.0310000000
0.0310000000
0.0310000000
0.0310000000
0.0310000000
0.0310000000
0.0310000000
0.0310000000
0.0310000000
0.0310000000
0.0310000000
0.0310000000
0.0310000000
0.0310000000
0.0310000000
0.0310000000
0.0310000000
0.0310000000
0.0310000000
0.0310000000
0.0310000000
0.0310000000
0.0310000000
0.0310000000
0.0310000000
0.0310000000
0.0310000000
0.0310000000
0.0310000000
0.0310000000
0.0310000000
0.0310000000
0.0310000000
0.0310000000
0.0310000000
0.0310000000
0.0310000000
0.0310000000
0.0310000000
0.0310000000
0.0310000000
0.0310000000
0.0310000000
0.0310000000
0.0310000000
0.0310000000
0.0310000000
0.0310000000
0.0310000000
0.0310000000
0.0310000000
0.0310000000
0.0310000000
0.0310000000
0.0310000000
0.0310000000
0.0310000000
0.0310000000
0.0310000000
0.0310000000
0.0310000000
0.0310000000
0.0310000000
0.0310000000
0.0310000000
0.0310000000
0.0310000000
0.0310000000
0.0310000000
0.0310000000
0.0310000000
0.0310000000
0.0310000000
0.0310000000
0.0310000000
0.0310000000
0.0310000000
0.0310000000
0.0310000000
0.0310000000
0.0310000000
0.0310000000
0.0310000000
0.0310000000
0.0310000000
0.0310000000
0.0310000000
0.0310000000
0.0310000000
0.0310000000
0.0310000000
0.0310000000
0.0310000000
0.0310000000
0.0310000000
0.0310000000
0.0310000000
0.0310000000
0.0310000000
0.0310000000
0.0310000000
0.0310000000
0.0310000000
0.0310000000
0.0310000000
0.0310000000
0.0310000000
0.0310000000
0.0310000000
0.0310000000
0.0310000000
0.0310000000
0.0310000000
0.0310000000
0.0310000000
0.0310000000
0.0310000000
0.0310000000
0.0310000000
0.0310000000
0.0310000000
0.0310000000
0.0310000000
0.0310000000
0.0310000000
0.0310000000
0.0310000000
0.0310000000
0.0310000000
0.0310000000
0.0310000000
0.0310000000
0.0310000000
0.0310000000
0.0310000000
0.0310000000
0.0310000000
0.0310000000
0.0310000000
0.0310000000
0.0310000000
0.0310000000
0.0310000000
0.0310000000
0.0310000000
0.0310000000
0.0310000000
0.0310000000
0.0310000000
0.0310000000
0.0310000000
0.0310000000
0.0310000000
0.0310000000
0.0310000000
0.0310000000
0.0310000000
0.0310000000
0.0310000000
0.0310000000
0.0310000000
0.0310000000
0.0310000000
0.0310000000
0.0310000000
0.0310000000
0.0310000000
0.0310000000
0.0310000000
0.0310000000
0.0310000000
0.0310000000
0.0310000000
0.0310000000
0.0310000000
0.0310000000
0.0310000000
0.0310000000
0.0310000000
0.0310000000
0.0310000000
0.0310000000
0.0310000000
0.0310000000
0.0310000000
0.0310000000
0.0310000000
0.0310000000
0.0310000000
0.0310000000
0.0310000000
0.0310000000
0.0310000000
0.0310000000
0.0310000000
0.0310000000
0.0310000000
0.0310000000
0.0310000000
0.0310000000
0.0310000000
0.0310000000
0.0310000000
0.0310000000
0.0310000000
0.0310000000
0.0310000000
0.0310000000
0.0310000000
0.0310000000
0.0310000000
0.0310000000
0.0310000000
0.0310000000
0.0310000000
0.0310000000
0.0310000000
0.0310000000
0.0310000000
0.0310000000
0.0310000000
0.0310000000
0.0310000000
0.0310000000
0.0310000000
0.0310000000
0.0310000000
0.0310000000
0.0310000000
0.0310000000
0.0310000000
0.0310000000
0.0310000000
0.0310000000
0.0310000000
0.0310000000
0.0310000000
0.0310000000
0.0310000000
0.0310000000
0.0310000000
0.0310000000
0.0310000000
0.0310000000
0.0310000000
0.0310000000
0.0310000000
0.0310000000
0.0310000000
0.0310000000
0.0310000000
0.0310000000
0.0310000000
0.0310000000
0.0310000000
0.0310000000
0.0310000000
0.0310000000
0.0310000000
0.0310000000
0.0310000000
0.0310000000
0.0310000000
0.0310000000
0.0310000000
0.0310000000
0.0310000000
0.0310000000
0.0310000000
0.0310000000
0.0310000000
0.0310000000
0.0310000000
0.0310000000
0.0310000000
0.0310000000
0.0310000000
0.0310000000
0.0310000000
0.0310000000
0.0310000000
0.0310000000
0.0310000000
0.0310000000
0.0310000000
0.0310000000
0.0310000000
0.0310000000
0.0310000000
0.0310000000
0.0310000000
0.0310000000
0.0310000000
0.0310000000
0.0310000000
0.0310000000
0.0310000000
0.0310000000
0.0310000000
0.0310000000
0.0310000000
0.0310000000
0.0310000000
0.0310000000
0.0310000000
0.0310000000
0.0310000000
0.0310000000
0.0310000000
0.0310000000
0.0310000000
0.0310000000
0.0310000000
0.0310000000
0.0310000000
0.0310000000
0.0310000000
0.0310000000
0.0310000000
0.0310000000
0.0310000000
0.0310000000
0.0310000000
0.0310000000
0.0310000000
0.0310000000
0.0310000000
0.0310000000
0.0310000000
0.0310000000
0.0310000000
0.0310000000
0.0310000000
0.0310000000
0.0310000000
0.0310000000
0.0310000000
0.0310000000
0.0310000000
0.0310000000
0.0310000000
0.0310000000
0.0310000000
0.0310000000
0.0310000000
0.0310000000
0.0310000000
0.0310000000
0.0310000000
0.0310000000
0.0310000000
0.0310000000
0.0310000000
0.0310000000
0.0310000000
0.0310000000
0.0310000000
0.0310000000
0.0310000000
0.0310000000
0.0310000000
0.0310000000
0.0310000000
0.0310000000
0.0310000000
0.0310000000
0.0310000000
0.0310000000
0.0310000000
0.0310000000
0.0310000000
0.0310000000
0.0310000000
0.0310000000
0.0310000000
0.0310000000
0.0310000000
0.0310000000
0.0310000000
0.0310000000
0.0310000000
0.0310000000
0.0310000000
0.0310000000
0.0310000000
0.0310000000
0.0310000000
0.0310000000
0.0310000000
0.0310000000
0.0310000000
0.0310000000
0.0310000000
0.0310000000
0.0310000000
0.0310000000
0.0310000000
0.0310000000
0.0310000000
0.0310000000
0.0310000000
0.0310000000
0.0310000000
0.0310000000
0.0310000000
0.0310000000
0.0310000000
0.0310000000
0.0310000000
0.0310000000
0.0310000000
0.0310000000
0.0310000000
0.0310000000
0.0310000000
0.0310000000
0.0310000000
0.0310000000
0.0310000000
0.0310000000
0.0310000000
0.0310000000
0.0310000000
0.0310000000
0.0310000000
0.0310000000
0.0310000000
0.0310000000
0.0310000000
0.0310000000
0.0310000000
0.0310000000
0.0310000000
0.0310000000
0.0310000000
0.0310000000
0.0310000000
0.0310000000
0.0310000000
0.0310000000
0.0310000000
0.0310000000
0.0310000000
0.0310000000
0.0310000000
0.0310000000
0.0310000000
0.0310000000
0.0310000000
0.0310000000
0.0310000000
0.0310000000
0.0310000000
0.0310000000
0.0310000000
0.0310000000
0.0310000000
0.0310000000
0.0310000000
0.0310000000
0.0310000000
0.0310000000
0.0310000000
0.0310000000
0.0310000000
0.0310000000
0.0310000000
0.0310000000
0.0310000000
0.0310000000
0.0310000000
0.0310000000
0.0310000000
0.0310000000
0.0310000000
0.0310000000
0.0310000000
0.0310000000
0.0310000000
0.0310000000
0.0310000000
0.0310000000
0.0310000000
0.0310000000
0.0310000000
0.0310000000
0.0310000000
0.0310000000
0.0310000000
0.0310000000
0.0310000000
0.0310000000
0.0310000000
0.0310000000
0.0310000000
0.0310000000
0.0310000000
0.0310000000
0.0310000000
0.0310000000
0.0310000000
0.0310000000
0.0310000000
0.0310000000
0.0310000000
0.0310000000
0.0310000000
0.0310000000
0.0310000000
0.0310000000
0.0310000000
0.0310000000
0.0310000000
0.0310000000
0.0310000000
0.0310000000
0.0310000000
0.0310000000
0.0310000000
0.0310000000
0.0310000000
0.0310000000
0.0310000000
0.0310000000
0.0310000000
0.0310000000
0.0310000000
0.0310000000
0.0310000000
0.0310000000
0.0310000000
0.0310000000
0.0310000000
0.0310000000
0.0310000000
0.0310000000
0.0310000000
0.0310000000
0.0310000000
0.0310000000
0.0310000000
0.0310000000
0.0310000000
0.0310000000
0.0310000000
0.0310000000
0.0310000000
0.0310000000
0.0310000000
0.0310000000
0.0310000000
0.0310000000
0.0310000000
0.0310000000
0.0310000000
0.0310000000
0.0310000000
0.0310000000
0.0310000000
0.0310000000
0.0310000000
0.0310000000
0.0310000000
0.0310000000
0.0310000000
0.0310000000
0.0310000000
0.0310000000
0.0310000000
0.0310000000
0.0310000000
0.0310000000
0.0310000000
0.0310000000
0.0310000000
0.0310000000
0.0310000000
0.0310000000
0.0310000000
0.0310000000
0.0310000000
0.0310000000
0.0310000000
0.0310000000
0.0310000000
0.0310000000
0.0310000000
0.0310000000
0.0310000000
0.0310000000
0.0310000000
0.0310000000
0.0310000000
0.0310000000
0.0310000000
0.0310000000
0.0310000000
0.0310000000
0.0310000000
0.0310000000
0.0310000000
0.0310000000
0.0310000000
0.0310000000
0.0310000000
0.0310000000
0.0310000000
0.0310000000
0.0310000000
0.0310000000
0.0310000000
0.0310000000
0.0310000000
0.0310000000
0.0310000000
0.0310000000
0.0310000000
0.0310000000
0.0310000000
0.0310000000
0.0310000000
0.0310000000
0.0310000000
0.0310000000
0.0310000000
0.0310000000
0.0310000000
0.0310000000
0.0310000000
0.0310000000
0.0310000000
0.0310000000
0.0310000000
0.0310000000
0.0310000000
0.0310000000
0.0310000000
0.0310000000
0.0310000000
0.0310000000
0.0310000000
0.0310000000
0.0310000000
0.0310000000
0.0310000000
0.0310000000
0.0310000000
0.0310000000
0.0310000000
0.0310000000
0.0310000000
0.0310000000
0.0310000000
0.0310000000
0.0310000000
0.0310000000
0.0310000000
0.0310000000
0.0310000000
0.0310000000
0.0310000000
0.0310000000
0.0310000000
0.0310000000
0.0310000000
0.0310000000
0.0310000000
0.0310000000
0.0310000000
0.0310000000
0.0310000000
0.0310000000
0.0310000000
0.0310000000
0.0310000000
0.0310000000
0.0310000000
0.0310000000
0.0310000000
0.0310000000
0.0310000000
0.0310000000
0.0310000000
0.0310000000
0.0310000000
0.0310000000
0.0310000000
0.0310000000
0.0310000000
0.0310000000
0.0310000000
0.0310000000
0.0310000000
0.0310000000
0.0310000000
0.0310000000
0.0310000000
0.0310000000
0.0310000000
0.0310000000
0.0310000000
0.0310000000
0.0310000000
0.0310000000
0.0310000000
0.0310000000
0.0310000000
0.0310000000
0.0310000000
0.0310000000
0.0310000000
0.0310000000
0.0310000000
0.0310000000
0.0310000000
0.0310000000
0.0310000000
0.0310000000
0.0310000000
0.0310000000
0.0310000000
0.0310000000
0.0310000000
0.0310000000
0.0310000000
0.0310000000
0.0310000000
0.0310000000
0.0310000000
0.0310000000
0.0310000000
0.0310000000
0.0310000000
0.0310000000
0.0310000000
0.0310000000
0.0310000000
0.0310000000
0.0310000000
0.0310000000
0.0310000000
0.0310000000
0.0310000000
0.0310000000
0.0310000000
0.0310000000
0.0310000000
0.0310000000
0.0310000000
0.0310000000
0.0310000000
0.0310000000
0.0310000000
0.0310000000
0.0310000000
0.0310000000
0.0310000000
0.0310000000
0.0310000000
0.0310000000
0.0310000000
0.0310000000
0.0310000000
0.0310000000
0.0310000000
0.0310000000
0.0310000000
0.0310000000
0.0310000000
0.0310000000
0.0310000000
0.0310000000
0.0310000000
0.0310000000
0.0310000000
0.0310000000
0.0310000000
0.0310000000
0.0310000000
0.0310000000
0.0310000000
0.0310000000
0.0310000000
0.0310000000
0.0310000000
0.0310000000
0.0310000000
0.0310000000
0.0310000000
0.0310000000
0.0310000000
0.0310000000
0.0310000000
0.0310000000
0.0310000000
0.0310000000
0.0310000000
0.0310000000
0.0310000000
0.0310000000
0.0310000000
0.0310000000
0.0310000000
0.0310000000
0.0310000000
0.0310000000
0.0310000000
0.0310000000
0.0310000000
0.0310000000
0.0310000000
0.0310000000
0.0310000000
0.0310000000
0.0310000000
0.0310000000
0.0310000000
0.0310000000
0.0310000000
0.0310000000
0.0310000000
0.0310000000
0.0310000000
0.0310000000
0.0310000000
0.0310000000
0.0310000000
0.0310000000
0.0310000000
0.0310000000
0.0310000000
0.0310000000
0.0310000000
0.0310000000
0.0310000000
0.0310000000
0.0310000000
0.0310000000
0.0310000000
0.0310000000
0.0310000000
0.0310000000
0.0310000000
0.0310000000
0.0310000000
0.0310000000
0.0310000000
0.0310000000
0.0310000000
0.0310000000
0.0310000000
0.0310000000
0.0310000000
0.0310000000
0.0310000000
0.0310000000
0.0310000000
0.0310000000
0.0310000000
0.0310000000
0.0310000000
0.0310000000
0.0310000000
0.0310000000
0.0310000000
0.0310000000
0.0310000000
0.0310000000
0.0310000000
0.0310000000
0.0310000000
0.0310000000
0.0310000000
0.0310000000
0.0310000000
0.0310000000
0.0310000000
0.0310000000
0.0310000000
0.0310000000
0.0310000000
0.0310000000
0.0310000000
0.0310000000
0.0310000000
0.0310000000
0.0310000000
0.0310000000
0.0310000000
0.0310000000
0.0310000000
0.0310000000
0.0310000000
0.0310000000
0.0310000000
0.0310000000
0.0310000000
0.0310000000
0.0310000000
0.0310000000
0.0310000000
0.0310000000
0.0310000000
0.0310000000
0.0310000000
0.0310000000
0.0310000000
0.0310000000
0.0310000000
0.0310000000
0.0310000000
0.0310000000
0.0310000000
0.0310000000
0.0310000000
0.0310000000
0.0310000000
0.0310000000
0.0310000000
0.0310000000
0.0310000000
0.0310000000
0.0310000000
0.0310000000
0.0310000000
0.0310000000
0.0310000000
0.0310000000
0.0310000000
0.0310000000
0.0310000000
0.0310000000
0.0310000000
0.0310000000
0.0310000000
0.0310000000
0.0310000000
0.0310000000
0.0310000000
0.0310000000
0.0310000000
0.0310000000
0.0310000000
0.0310000000
0.0310000000
0.0310000000
0.0310000000
0.0310000000
0.0310000000
0.0310000000
0.0310000000
0.0310000000
0.0310000000
0.0310000000
0.0310000000
0.0310000000
0.0310000000
0.0310000000
0.0310000000
0.0310000000
0.0310000000
0.0310000000
0.0310000000
0.0310000000
0.0310000000
0.0310000000
0.0310000000
0.0310000000
0.0310000000
0.0310000000
0.0310000000
0.0310000000
0.0310000000
0.0310000000
0.0310000000
0.0310000000
0.0310000000
0.0310000000
0.0310000000
0.0310000000
0.0310000000
0.0310000000
0.0310000000
0.0310000000
0.0310000000
0.0310000000
0.0310000000
0.0310000000
0.0310000000
0.0310000000
0.0310000000
0.0310000000
0.0310000000
0.0310000000
0.0310000000
0.0310000000
0.0310000000
0.0310000000
0.0310000000
0.0310000000
0.0310000000
0.0310000000
0.0310000000
0.0310000000
0.0310000000
0.0310000000
0.0310000000
0.0310000000
0.0310000000
0.0310000000
0.0310000000
0.0310000000
0.0310000000
0.0310000000
0.0310000000
0.0310000000
0.0310000000
0.0310000000
0.0310000000
0.0310000000
0.0310000000
0.0310000000
0.0310000000
0.0310000000
0.0310000000
0.0310000000
0.0310000000
0.0310000000
0.0310000000
0.0310000000
0.0310000000
0.0310000000
0.0310000000
0.0310000000
0.0310000000
0.0310000000
0.0310000000
0.0310000000
0.0310000000
0.0310000000
0.0310000000
0.0310000000
0.0310000000
0.0310000000
0.0310000000
0.0310000000
0.0310000000
0.0310000000
0.0310000000
0.0310000000
0.0310000000
0.0310000000
0.0310000000
0.0310000000
0.0310000000
0.0310000000
0.0310000000
0.0310000000
0.0310000000
0.0310000000
0.0310000000
0.0310000000
0.0310000000
0.0310000000
0.0310000000
0.0310000000
0.0310000000
0.0310000000
0.0310000000
0.0310000000
0.0310000000
0.0310000000
0.0310000000
0.0310000000
0.0310000000
0.0310000000
0.0310000000
0.0310000000
0.0310000000
0.0310000000
0.0310000000
0.0310000000
0.0310000000
0.0310000000
0.0310000000
0.0310000000
0.0310000000
0.0310000000
0.0310000000
0.0310000000
0.0310000000
0.0310000000
0.0310000000
0.0310000000
0.0310000000
0.0310000000
0.0310000000
0.0310000000
0.0310000000
0.0310000000
0.0310000000
0.0310000000
0.0310000000
0.0310000000
0.0310000000
0.0310000000
0.0310000000
0.0310000000
0.0310000000
0.0310000000
0.0310000000
0.0310000000
0.0310000000
0.0310000000
0.0310000000
