0.0895771786
0.0878812984
0.0862730176
0.0862730176
0.0837055231
0.0837055231
0.0837055231
0.0837055231
0.0837029766
0.0837029766
0.0837029766
0.0821660981
0.0821660379
0.0821660379
0.0821660379
0.0821660379
0.0808512026
0.0808172347
0.0807527600
0.0807527600
0.0806896368
0.0806896368
0.0806896368
0.0805940373
0.0805613266
0.0802064458
0.0802064458
0.0802064458
0.0801577566
0.0801256617
0.0801256617
0.0800523816
0.0800523816
0.0800435694
0.0800435694
0.0800435694
0.0800128601
0.0800128601
0.0800128601
0.0799241972
0.0796614506
0.0796016553
0.0796016553
0.0795779119
0.0794984262
0.0794984262
0.0794055604
0.0790826496
0.0790752776
0.0787622160
0.0781993208
0.0781912306
0.0781853419
0.0775440715
0.0775035728
0.0774532867
0.0774156423
0.0773302482
0.0772887909
0.0771758194
0.0768597156
0.0768356214
0.0767388729
0.0767388729
0.0766198957
0.0766198957
0.0766013165
0.0765149558
0.0764536940
0.0763532264
0.0763358176
0.0762318731
0.0761736589
0.0755307673
0.0754665283
0.0753850793
0.0752756216
0.0752257069
0.0752188185
0.0752120180
0.0751546977
0.0750269966
0.0749886083
0.0749886083
0.0743841596
0.0740520465
0.0739629930
0.0735771507
0.0733242790
0.0731172706
0.0727095521
0.0727095521
0.0721468668
0.0720889469
0.0720889469
0.0720437446
0.0719925967
0.0719842700
0.0719323784
0.0719323784
0.0716356807
0.0715970255
0.0715877598
0.0708220421
0.0708137153
0.0707846740
0.0705925518
0.0705348366
0.0705248933
0.0705248933
0.0705228628
0.0705106488
0.0704236885
0.0704236885
0.0704065724
0.0702859349
0.0702227728
0.0699502644
0.0698304834
0.0698304834
0.0698186588
0.0697988571
0.0691591953
0.0687677191
0.0687677191
0.0687529384
0.0685498571
0.0684979145
0.0684979145
0.0684527848
0.0682456203
0.0680912605
0.0680902843
0.0680449063
0.0680219625
0.0679904007
0.0670733020
0.0669916869
0.0669870816
0.0669704422
0.0669153891
0.0668370066
0.0668234012
0.0668234012
0.0667597689
0.0666586158
0.0665494617
0.0665075692
0.0665075692
0.0664350247
0.0664350247
0.0663175606
0.0663079009
0.0656327095
0.0656327095
0.0651517848
0.0651451464
0.0649448830
0.0646622036
0.0645901924
0.0644190186
0.0644127661
0.0644077282
0.0643586538
0.0640303163
0.0634313079
0.0634019374
0.0633513423
0.0633467091
0.0633206797
0.0631666305
0.0631212712
0.0631004143
0.0630697612
0.0630625512
0.0629983103
0.0629853389
0.0629463860
0.0628930334
0.0628659148
0.0628116594
0.0626908516
0.0625799230
0.0625799230
0.0623989413
0.0623636873
0.0623009061
0.0622786097
0.0622149513
0.0621963667
0.0621161878
0.0621161878
0.0620851994
0.0620685103
0.0620604004
0.0619923807
0.0619875230
0.0619596239
0.0619437929
0.0618474597
0.0617941383
0.0617904052
0.0616912094
0.0616800123
0.0616685654
0.0616253310
0.0616000037
0.0615596600
0.0615082850
0.0614479723
0.0612029133
0.0612029133
0.0611144177
0.0609338312
0.0608255395
0.0606150460
0.0605922303
0.0605922303
0.0605267336
0.0604866084
0.0604516096
0.0604369073
0.0603886865
0.0603853893
0.0602832968
0.0602277520
0.0599966416
0.0599786925
0.0599707501
0.0599707501
0.0599257326
0.0598576905
0.0597809460
0.0597329541
0.0596498384
0.0596167578
0.0596133614
0.0596133614
0.0596055680
0.0596030414
0.0595641208
0.0595641208
0.0594647670
0.0594104606
0.0593851545
0.0593349508
0.0592067728
0.0591970784
0.0591970784
0.0591284499
0.0591043646
0.0590765985
0.0590438732
0.0590083778
0.0589503156
0.0589234601
0.0588956948
0.0588121382
0.0587280960
0.0587102129
0.0586515592
0.0586515592
0.0585214461
0.0585142342
0.0584719819
0.0584141250
0.0583340484
0.0582990546
0.0582423681
0.0581942709
0.0581343969
0.0581343969
0.0581126544
0.0581126544
0.0579935587
0.0579764427
0.0579399309
0.0577918996
0.0576727164
0.0576727164
0.0576398174
0.0576344307
0.0576268969
0.0576144072
0.0575503977
0.0574646705
0.0574582399
0.0574315492
0.0574261508
0.0574206700
0.0573883666
0.0573751809
0.0573694122
0.0573295434
0.0573295434
0.0572761285
0.0572752186
0.0572752186
0.0572599096
0.0572508206
0.0572456272
0.0572320464
0.0571903410
0.0571903410
0.0571319190
0.0570857118
0.0570303897
0.0569988546
0.0569988546
0.0569960921
0.0569960921
0.0569238837
0.0569238837
0.0569162540
0.0568534385
0.0568478237
0.0568389734
0.0568182469
0.0567958587
0.0567802545
0.0566976962
0.0566906637
0.0566646949
0.0565812927
0.0565612980
0.0565612980
0.0565418946
0.0564672988
0.0564672988
0.0564532309
0.0564483484
0.0564483484
0.0563891695
0.0563725975
0.0563577603
0.0563567051
0.0563057313
0.0562985501
0.0561549299
0.0561416720
0.0557835350
0.0557835350
0.0557835350
0.0557799454
0.0557556816
0.0557476921
0.0556625720
0.0556306522
0.0556058726
0.0555931726
0.0555889599
0.0555698013
0.0555635004
0.0555602196
0.0554733295
0.0554339589
0.0554229108
0.0554206721
0.0554206721
0.0554206721
0.0554095227
0.0553596970
0.0553265928
0.0553057293
0.0552997749
0.0552298349
0.0551657742
0.0551229432
0.0551229432
0.0551104195
0.0550389327
0.0550351087
0.0549789905
0.0549789905
0.0548258038
0.0547279978
0.0547266356
0.0546895886
0.0546127876
0.0546127876
0.0545637000
0.0545030787
0.0545030787
0.0545030787
0.0544631677
0.0544611365
0.0544568164
0.0544036799
0.0543588314
0.0543158215
0.0542913012
0.0541876178
0.0541864095
0.0541848080
0.0541344359
0.0541344359
0.0540960111
0.0540953803
0.0540941732
0.0539126206
0.0539126206
0.0539099132
0.0539099132
0.0538963750
0.0538698258
0.0538678287
0.0538612338
0.0537833272
0.0537335793
0.0537237133
0.0537237133
0.0537040110
0.0536971552
0.0536697884
0.0536513103
0.0535569083
0.0535133695
0.0534949591
0.0534878670
0.0534763575
0.0534509484
0.0534509484
0.0534171915
0.0533645933
0.0533645933
0.0533482950
0.0533423768
0.0533339366
0.0533053508
0.0531792060
0.0531792060
0.0531773339
0.0531466170
0.0530752851
0.0530752851
0.0530749935
0.0530645553
0.0530555465
0.0530419551
0.0530417122
0.0530284225
0.0529880529
0.0529849666
0.0529453780
0.0529453780
0.0529440696
0.0529420147
0.0527798663
0.0527798663
0.0527798663
0.0527618995
0.0527414557
0.0526566289
0.0526168204
0.0525939297
0.0525865261
0.0525865261
0.0525865261
0.0525860061
0.0525852554
0.0525841582
0.0525287732
0.0524465879
0.0523836278
0.0523723925
0.0523674902
0.0523629371
0.0523538007
0.0522960819
0.0522488379
0.0522353834
0.0522296508
0.0522159012
0.0521565743
0.0521101468
0.0519463678
0.0519425501
0.0519362039
0.0519362039
0.0518824124
0.0518620888
0.0518414804
0.0518300908
0.0517829856
0.0517515377
0.0517401424
0.0517273386
0.0517045042
0.0516700713
0.0516527226
0.0516527226
0.0516304133
0.0515411552
0.0515043835
0.0514895637
0.0514642908
0.0514093940
0.0514093940
0.0513892946
0.0513838277
0.0513771205
0.0513272970
0.0512805811
0.0512805811
0.0512661318
0.0512661318
0.0512641668
0.0512641668
0.0512350213
0.0512346730
0.0512225103
0.0512097514
0.0511142359
0.0509109900
0.0509109900
0.0508915194
0.0508763486
0.0508763486
0.0508377241
0.0508049656
0.0508004567
0.0507874577
0.0507721141
0.0506996332
0.0506996332
0.0506988661
0.0506975147
0.0506822570
0.0506600891
0.0506274207
0.0506274207
0.0504639521
0.0504625089
0.0504500261
0.0504500261
0.0504500261
0.0504459809
0.0504459809
0.0504289343
0.0504255149
0.0498584428
0.0498550234
0.0498536915
0.0496948591
0.0496936316
0.0496922997
0.0496698216
0.0496698216
0.0496419212
0.0496405892
0.0496058969
0.0495790833
0.0495695066
0.0495683280
0.0495617021
0.0495494960
0.0495459661
0.0495356100
0.0495319283
0.0494477895
0.0494436673
0.0494213882
0.0494213882
0.0494201698
0.0494021994
0.0493898313
0.0493708961
0.0493692509
0.0493692509
0.0493674389
0.0493645943
0.0493098111
0.0493036455
0.0493018334
0.0493018334
0.0492678299
0.0492084691
0.0491726535
0.0491580081
0.0491098303
0.0491098303
0.0491098303
0.0490915471
0.0490887650
0.0490887650
0.0490884746
0.0490866774
0.0490866774
0.0490863190
0.0490863190
0.0490406555
0.0490406555
0.0490406555
0.0489927188
0.0489666823
0.0489433293
0.0489433293
0.0489191446
0.0489094621
0.0489054801
0.0489054801
0.0488539753
0.0488383628
0.0488383312
0.0488142127
0.0488142127
0.0487999321
0.0487820746
0.0487820746
0.0487705963
0.0487423491
0.0487400746
0.0486913450
0.0486913450
0.0486856592
0.0486178023
0.0485756821
0.0485756821
0.0485581290
0.0485448460
0.0485439796
0.0485439796
0.0485323646
0.0485258836
0.0485243879
0.0484921755
0.0484810976
0.0484810976
0.0484810976
0.0484810976
0.0484786525
0.0484572117
0.0484572117
0.0484528151
0.0484494195
0.0484494195
0.0484339862
0.0484339629
0.0484332250
0.0484042735
0.0483827013
0.0483827013
0.0483077615
0.0483077382
0.0483077382
0.0483077382
0.0483077382
0.0482866440
0.0482866440
0.0482833437
0.0482694470
0.0482626293
0.0482626293
0.0482548388
0.0482473889
0.0482365740
0.0481825735
0.0481808533
0.0481175291
0.0480945466
0.0480729720
0.0480550124
0.0480550124
0.0480156172
0.0480156172
0.0479917394
0.0479917394
0.0479755911
0.0479754620
0.0479723099
0.0479699510
0.0479699510
0.0479652872
0.0479639739
0.0478890418
0.0478432466
0.0477906558
0.0477883778
0.0477879750
0.0477669607
0.0477211655
0.0477211655
0.0477179407
0.0477072194
0.0477000824
0.0476827787
0.0476713627
0.0476219257
0.0476168562
0.0476168562
0.0476168562
0.0476168562
0.0476168562
0.0476001962
0.0476001704
0.0475851752
0.0475799485
0.0475559403
0.0475529054
0.0475206574
0.0474777876
0.0474698717
0.0474698717
0.0474622953
0.0474567849
0.0474524690
0.0474515380
0.0474456408
0.0474456408
0.0474389287
0.0474335621
0.0473948856
0.0473894406
0.0473592203
0.0473456179
0.0473258033
0.0473258033
0.0472860768
0.0472859357
0.0472859357
0.0472846140
0.0472714991
0.0472655852
0.0472566771
0.0472062199
0.0471764347
0.0471651900
0.0471492151
0.0471492151
0.0471287045
0.0471012521
0.0471012521
0.0470890500
0.0470872101
0.0470872101
0.0470872101
0.0470679663
0.0470299346
0.0470299346
0.0470292237
0.0470233229
0.0470218251
0.0470135668
0.0469986682
0.0469727168
0.0469727168
0.0469658604
0.0469585638
0.0469495496
0.0469128418
0.0469128418
0.0469114399
0.0468979778
0.0468810785
0.0468734049
0.0468679703
0.0468656014
0.0468594559
0.0468545762
0.0468404471
0.0468319326
0.0468319326
0.0468277643
0.0468136482
0.0467751947
0.0467751947
0.0467014175
0.0466984504
0.0466983513
0.0466978972
0.0466693066
0.0466619838
0.0466235090
0.0466116252
0.0466116252
0.0466080370
0.0465978847
0.0465978847
0.0465978847
0.0465978847
0.0465382683
0.0465343121
0.0465343121
0.0464986634
0.0464978524
0.0464978524
0.0464967553
0.0464579035
0.0464537787
0.0464526816
0.0464374133
0.0464374133
0.0463915651
0.0463915651
0.0463872930
0.0463872930
0.0463778211
0.0463774885
0.0463774885
0.0463774885
0.0463774885
0.0463774885
0.0463748474
0.0463621321
0.0463538142
0.0463428050
0.0463395283
0.0463184651
0.0461832418
0.0461806171
0.0461642922
0.0461623036
0.0461447750
0.0461447750
0.0461447750
0.0461442349
0.0461421979
0.0461421965
0.0461295961
0.0461195329
0.0461195329
0.0460874379
0.0460809379
0.0460753129
0.0460753129
0.0460686452
0.0460263412
0.0459886141
0.0459886141
0.0459844935
0.0458365186
0.0458345950
0.0457753099
0.0457650930
0.0457617859
0.0457545575
0.0457503287
0.0457297389
0.0457294979
0.0457262653
0.0457244149
0.0457134521
0.0457100541
0.0457072277
0.0457053773
0.0457013796
0.0456974246
0.0456946342
0.0456946342
0.0456902724
0.0456902180
0.0456902180
0.0456896142
0.0456850933
0.0456837428
0.0456813751
0.0456731146
0.0456600769
0.0456554407
0.0456550738
0.0456489174
0.0456383937
0.0456383937
0.0456209994
0.0456179354
0.0456021062
0.0456008740
0.0455707517
0.0455670644
0.0455517423
0.0455462111
0.0455148463
0.0455144891
0.0454893432
0.0454886770
0.0454871145
0.0454780047
0.0454443254
0.0454345495
0.0454285210
0.0454262659
0.0454262659
0.0454229849
0.0454172674
0.0454121904
0.0454121904
0.0453840902
0.0453732957
0.0453691965
0.0453659155
0.0453513364
0.0453439561
0.0453439561
0.0453439561
0.0453394575
0.0453394575
0.0453394575
0.0453394575
0.0453171699
0.0453168452
0.0452897866
0.0452880367
0.0452868692
0.0452598843
0.0452568009
0.0452568009
0.0452519814
0.0452510206
0.0452510206
0.0452437015
0.0452338013
0.0452310257
0.0452185393
0.0452075357
0.0452066093
0.0452066093
0.0452009356
0.0451839034
0.0451733345
0.0451733345
0.0451683136
0.0451621902
0.0451572664
0.0451526079
0.0451517367
0.0451488975
0.0451383837
0.0451383837
0.0451383837
0.0451332507
0.0451332507
0.0451322390
0.0451266461
0.0451266461
0.0451240798
0.0451214650
0.0450687309
0.0450686767
0.0450678046
0.0449108232
0.0449108232
0.0449085066
0.0449065149
0.0447830131
0.0447810214
0.0447810214
0.0447757164
0.0447757164
0.0447738750
0.0447141865
0.0447123451
0.0447082290
0.0447082290
0.0447072242
0.0447069471
0.0447037848
0.0446757024
0.0446735963
0.0443341780
0.0443277355
0.0443270775
0.0443270775
0.0443270775
0.0443270775
0.0443270775
0.0443267318
0.0443267318
0.0442818625
0.0442818625
0.0442790367
0.0442779328
0.0442688247
0.0442657485
0.0442635993
0.0442616255
0.0442573236
0.0442573236
0.0442352782
0.0442330511
0.0442330511
0.0442330511
0.0442176656
0.0442160900
0.0442160900
0.0442042757
0.0442038161
0.0442005948
0.0442004886
0.0442004886
0.0442004886
0.0442003715
0.0441482073
0.0441472894
0.0441472894
0.0441464802
0.0441331769
0.0440896908
0.0440896908
0.0440660642
0.0440623176
0.0440612095
0.0440517190
0.0440471329
0.0440245852
0.0440200076
0.0440190774
0.0440168267
0.0440098924
0.0440082970
0.0439583081
0.0439408808
0.0439403566
0.0439349761
0.0439349761
0.0439349093
0.0439349093
0.0439048584
0.0439040319
0.0439037385
0.0439035056
0.0438995340
0.0438995340
0.0438979516
0.0438790368
0.0438729596
0.0438694755
0.0438688367
0.0438682041
0.0438680746
0.0438600536
0.0438544161
0.0438544161
0.0438540641
0.0438507956
0.0438507956
0.0437932477
0.0437930798
0.0437912619
0.0437881349
0.0437881349
0.0437881349
0.0437667505
0.0437593820
0.0437579533
0.0437579533
0.0437579533
0.0437579533
0.0437577854
0.0437567159
0.0437375363
0.0437361177
0.0437361177
0.0437353222
0.0437343297
0.0437343297
0.0437320415
0.0437280884
0.0437280884
0.0437117449
0.0437104764
0.0436727069
0.0436723027
0.0436723027
0.0436723027
0.0436684336
0.0436684336
0.0436671651
0.0436663973
0.0436663973
0.0436645010
0.0436637332
0.0436622221
0.0436612732
0.0436500750
0.0436491764
0.0436491764
0.0436469960
0.0436405234
0.0436403784
0.0436379549
0.0436019914
0.0435934842
0.0435908955
0.0435883845
0.0435802507
0.0435802507
0.0435726844
0.0435726844
0.0435726844
0.0435658595
0.0435644555
0.0435570946
0.0435570946
0.0435555274
0.0435548193
0.0435517948
0.0435517948
0.0435497678
0.0435494486
0.0435360762
0.0435320543
0.0435304680
0.0435304680
0.0435257564
0.0435230854
0.0435181850
0.0435120721
0.0435001373
0.0434989639
0.0434989639
0.0434981867
0.0434881649
0.0434871592
0.0434777130
0.0434766746
0.0434741764
0.0434739284
0.0434710686
0.0434615772
0.0434613855
0.0434080300
0.0434030436
0.0434030436
0.0434028519
0.0433995957
0.0433994028
0.0433994028
0.0433862866
0.0433643200
0.0433641282
0.0433628744
0.0433619191
0.0433552390
0.0433455406
0.0433277307
0.0433162565
0.0433147245
0.0433145328
0.0433122076
0.0433122076
0.0433111224
0.0433109725
0.0433107584
0.0433069893
0.0433069893
0.0433032141
0.0432991856
0.0432972181
0.0432969405
0.0432969405
0.0432968343
0.0432967097
0.0432966844
0.0432913536
0.0432871822
0.0432856863
0.0432718467
0.0432250115
0.0432151047
0.0431482830
0.0431305685
0.0430740557
0.0430740557
0.0430719516
0.0430700302
0.0430700302
0.0430614808
0.0430596145
0.0430596145
0.0430595372
0.0430520249
0.0430323004
0.0430323004
0.0430319942
0.0430319942
0.0430319942
0.0430319942
0.0430319292
0.0430319292
0.0430297026
0.0430286097
0.0430243740
0.0430243089
0.0430243089
0.0430211681
0.0430211681
0.0430211681
0.0430199324
0.0430131144
0.0430097455
0.0429833357
0.0429775569
0.0429775569
0.0429539386
0.0429505535
0.0429480603
0.0429442362
0.0429442362
0.0429442362
0.0429441196
0.0429422493
0.0429422493
0.0429422493
0.0429421081
0.0429418989
0.0429408280
0.0429399406
0.0429375548
0.0429375211
0.0429375211
0.0429362922
0.0429323057
0.0429323057
0.0429307419
0.0429300060
0.0429296779
0.0429292434
0.0429292434
0.0429263876
0.0429263876
0.0429259395
0.0428647637
0.0428637537
0.0428637537
0.0428625534
0.0428492928
0.0428485406
0.0428480925
0.0428479704
0.0428473285
0.0428458342
0.0428446678
0.0428424006
0.0427713388
0.0427707635
0.0427707635
0.0427701724
0.0427701724
0.0427701724
0.0427701724
0.0427671160
0.0427638431
0.0427213965
0.0427198744
0.0427137067
0.0427087166
0.0427081042
0.0427081042
0.0427081042
0.0427076807
0.0427057590
0.0427054493
0.0426924247
0.0426904790
0.0426902926
0.0426900836
0.0426895791
0.0426895791
0.0426703848
0.0426637679
0.0426637679
0.0426532287
0.0426532287
0.0426531326
0.0426531326
0.0426033789
0.0425925125
0.0423020086
0.0423020086
0.0422968573
0.0422943945
0.0422938925
0.0422929224
0.0422911940
0.0422911940
0.0422614230
0.0422552451
0.0422479509
0.0422473126
0.0422473126
0.0421846629
0.0421643424
0.0421643424
0.0421621479
0.0421621479
0.0421606501
0.0421454910
0.0420853937
0.0420838959
0.0420838959
0.0420832184
0.0420659437
0.0420652662
0.0420645846
0.0420106998
0.0420106998
0.0420106998
0.0420047935
0.0420047935
0.0420044850
0.0420044850
0.0420036709
0.0420033624
0.0419955484
0.0419955484
0.0419955484
0.0419955484
0.0419955484
0.0419926468
0.0419822278
0.0419811052
0.0419802311
0.0419802311
0.0419667693
0.0419646099
0.0419646099
0.0419645065
0.0419639511
0.0419590052
0.0419557756
0.0419556722
0.0419313536
0.0419301625
0.0419279090
0.0419161491
0.0419004041
0.0418886443
0.0418868208
0.0418868208
0.0418739558
0.0418724553
0.0418712247
0.0418711215
0.0418694465
0.0418660565
0.0418642330
0.0418616610
0.0418565959
0.0418565959
0.0418213849
0.0418213849
0.0417065771
0.0417065771
0.0417065771
0.0417065771
0.0417023247
0.0417015121
0.0417013555
0.0416948572
0.0416948572
0.0416945155
0.0416943219
0.0416938586
0.0416936650
0.0416931159
0.0416929594
0.0416929594
0.0416929594
0.0416923472
0.0416923472
0.0416294872
0.0416290686
0.0416290686
0.0416247928
0.0416247928
0.0416247928
0.0416171334
0.0416171334
0.0415409594
0.0415370917
0.0415370917
0.0415370917
0.0415362264
0.0415362264
0.0415362264
0.0415355444
0.0415263760
0.0415261290
0.0415261290
0.0415257350
0.0415251811
0.0415136033
0.0415110535
0.0414870369
0.0414859707
0.0414859707
0.0414859707
0.0414858547
0.0414850635
0.0414710743
0.0414709582
0.0414701670
0.0414692468
0.0414621254
0.0414621254
0.0414620589
0.0414615191
0.0414614882
0.0414613691
0.0414613691
0.0414608649
0.0414606443
0.0414299927
0.0414294330
0.0414293974
0.0413138769
0.0413134826
0.0413134826
0.0413134826
0.0413119284
0.0413119284
0.0412873964
0.0412873964
0.0412873346
0.0412696926
0.0412435842
0.0412378092
0.0412108384
0.0412108384
0.0412102745
0.0412099060
0.0412099060
0.0412028311
0.0412028311
0.0412028311
0.0412020894
0.0412020894
0.0412013337
0.0411974169
0.0411969865
0.0411966612
0.0411965067
0.0411959047
0.0411836744
0.0411815637
0.0411798282
0.0411796737
0.0411771061
0.0411771061
0.0411771061
0.0411702288
0.0411701331
0.0411697357
0.0411697357
0.0411697357
0.0411697357
0.0411697357
0.0411599982
0.0411595389
0.0411595389
0.0411461980
0.0411460973
0.0411460973
0.0411460043
0.0411388350
0.0411387343
0.0411367989
0.0411343877
0.0411325531
0.0411253838
0.0411252831
0.0411186367
0.0411186367
0.0410958307
0.0410000000
0.0410000000
0.0410000000
0.0410000000
0.0410000000
0.0410000000
0.0410000000
0.0410000000
0.0410000000
0.0410000000
0.0410000000
0.0410000000
0.0410000000
0.0410000000
0.0410000000
0.0410000000
0.0410000000
0.0410000000
0.0410000000
0.0410000000
0.0410000000
0.0410000000
0.0410000000
0.0410000000
0.0410000000
0.0410000000
0.0410000000
0.0410000000
0.0410000000
0.0410000000
0.0410000000
0.0410000000
0.0410000000
0.0410000000
0.0410000000
0.0410000000
0.0410000000
0.0410000000
0.0410000000
0.0410000000
0.0410000000
0.0410000000
0.0410000000
0.0410000000
0.0410000000
0.0410000000
0.0410000000
0.0410000000
0.0410000000
0.0410000000
0.0410000000
0.0410000000
0.0410000000
0.0410000000
0.0410000000
0.0410000000
0.0410000000
0.0410000000
0.0410000000
0.0410000000
0.0410000000
0.0410000000
0.0410000000
0.0410000000
0.0410000000
0.0410000000
0.0410000000
0.0410000000
0.0410000000
0.0410000000
0.0410000000
0.0410000000
0.0410000000
0.0410000000
0.0410000000
0.0410000000
0.0410000000
0.0410000000
0.0410000000
0.0410000000
0.0410000000
0.0410000000
0.0410000000
0.0410000000
0.0410000000
0.0410000000
0.0410000000
0.0410000000
0.0410000000
0.0410000000
0.0410000000
0.0410000000
0.0410000000
0.0410000000
0.0410000000
0.0410000000
0.0410000000
0.0410000000
0.0410000000
0.0410000000
0.0410000000
0.0410000000
0.0410000000
0.0410000000
0.0410000000
0.0410000000
0.0410000000
0.0410000000
0.0410000000
0.0410000000
0.0410000000
0.0410000000
0.0410000000
0.0410000000
0.0410000000
0.0410000000
0.0410000000
0.0410000000
0.0410000000
0.0410000000
0.0410000000
0.0410000000
0.0410000000
0.0410000000
0.0410000000
0.0410000000
0.0410000000
0.0410000000
0.0410000000
0.0410000000
0.0410000000
0.0410000000
0.0410000000
0.0410000000
0.0410000000
0.0410000000
0.0410000000
0.0410000000
0.0410000000
0.0410000000
0.0410000000
0.0410000000
0.0410000000
0.0410000000
0.0410000000
0.0410000000
0.0410000000
0.0410000000
0.0410000000
0.0410000000
0.0410000000
0.0410000000
0.0410000000
0.0410000000
0.0410000000
0.0410000000
0.0410000000
0.0410000000
0.0410000000
0.0410000000
0.0410000000
0.0410000000
0.0410000000
0.0410000000
0.0410000000
0.0410000000
0.0410000000
0.0410000000
0.0410000000
0.0410000000
0.0410000000
0.0410000000
0.0410000000
0.0410000000
0.0410000000
0.0410000000
0.0410000000
0.0410000000
0.0410000000
0.0410000000
0.0410000000
0.0410000000
0.0410000000
0.0410000000
0.0410000000
0.0410000000
0.0410000000
0.0410000000
0.0410000000
0.0410000000
0.0410000000
0.0410000000
0.0410000000
0.0410000000
0.0410000000
0.0410000000
0.0410000000
0.0410000000
0.0410000000
0.0410000000
0.0410000000
0.0410000000
0.0410000000
0.0410000000
0.0410000000
0.0410000000
0.0410000000
0.0410000000
0.0410000000
0.0410000000
0.0410000000
0.0410000000
0.0410000000
0.0410000000
0.0410000000
0.0410000000
0.0410000000
0.0410000000
0.0410000000
0.0410000000
0.0410000000
0.0410000000
0.0410000000
0.0410000000
0.0410000000
0.0410000000
0.0410000000
0.0410000000
0.0410000000
0.0410000000
0.0410000000
0.0410000000
0.0410000000
0.0410000000
0.0410000000
0.0410000000
0.0410000000
0.0410000000
0.0410000000
0.0410000000
0.0410000000
0.0410000000
0.0410000000
0.0410000000
0.0410000000
0.0410000000
0.0410000000
0.0410000000
0.0410000000
0.0410000000
0.0410000000
0.0410000000
0.0410000000
0.0410000000
0.0410000000
0.0410000000
0.0410000000
0.0410000000
0.0410000000
0.0410000000
0.0410000000
0.0410000000
0.0410000000
0.0410000000
0.0410000000
0.0410000000
0.0410000000
0.0410000000
0.0410000000
0.0410000000
0.0410000000
0.0410000000
0.0410000000
0.0410000000
0.0410000000
0.0410000000
0.0410000000
0.0410000000
0.0410000000
0.0410000000
0.0410000000
0.0410000000
0.0410000000
0.0410000000
0.0410000000
0.0410000000
0.0410000000
0.0410000000
0.0410000000
0.0410000000
0.0410000000
0.0410000000
0.0410000000
0.0410000000
0.0410000000
0.0410000000
0.0410000000
0.0410000000
0.0410000000
0.0410000000
0.0410000000
0.0410000000
0.0410000000
0.0410000000
0.0410000000
0.0410000000
0.0410000000
0.0410000000
0.0410000000
0.0410000000
0.0410000000
0.0410000000
0.0410000000
0.0410000000
0.0410000000
0.0410000000
0.0410000000
0.0410000000
0.0410000000
0.0410000000
0.0410000000
0.0410000000
0.0410000000
0.0410000000
0.0410000000
0.0410000000
0.0410000000
0.0410000000
0.0410000000
0.0410000000
0.0410000000
0.0410000000
0.0410000000
0.0410000000
0.0410000000
0.0410000000
0.0410000000
0.0410000000
0.0410000000
0.0410000000
0.0410000000
0.0410000000
0.0410000000
0.0410000000
0.0410000000
0.0410000000
0.0410000000
0.0410000000
0.0410000000
0.0410000000
0.0410000000
0.0410000000
0.0410000000
0.0410000000
0.0410000000
0.0410000000
0.0410000000
0.0410000000
0.0410000000
0.0410000000
0.0410000000
0.0410000000
0.0410000000
0.0410000000
0.0410000000
0.0410000000
0.0410000000
0.0410000000
0.0410000000
0.0410000000
0.0410000000
0.0410000000
0.0410000000
0.0410000000
0.0410000000
0.0410000000
0.0410000000
0.0410000000
0.0410000000
0.0410000000
0.0410000000
0.0410000000
0.0410000000
0.0410000000
0.0410000000
0.0410000000
0.0410000000
0.0410000000
0.0410000000
0.0410000000
0.0410000000
0.0410000000
0.0410000000
0.0410000000
0.0410000000
0.0410000000
0.0410000000
0.0410000000
0.0410000000
0.0410000000
0.0410000000
0.0410000000
0.0410000000
0.0410000000
0.0410000000
0.0410000000
0.0410000000
0.0410000000
0.0410000000
0.0410000000
0.0410000000
0.0410000000
0.0410000000
0.0410000000
0.0410000000
0.0410000000
0.0410000000
0.0410000000
0.0410000000
0.0410000000
0.0410000000
0.0410000000
0.0410000000
0.0410000000
0.0410000000
0.0410000000
0.0410000000
0.0410000000
0.0410000000
0.0410000000
0.0410000000
0.0410000000
0.0410000000
0.0410000000
0.0410000000
0.0410000000
0.0410000000
0.0410000000
0.0410000000
0.0410000000
0.0410000000
0.0410000000
0.0410000000
0.0410000000
0.0410000000
0.0410000000
0.0410000000
0.0410000000
0.0410000000
0.0410000000
0.0410000000
0.0410000000
0.0410000000
0.0410000000
0.0410000000
0.0410000000
0.0410000000
0.0410000000
0.0410000000
0.0410000000
0.0410000000
0.0410000000
0.0410000000
0.0410000000
0.0410000000
0.0410000000
0.0410000000
0.0410000000
0.0410000000
0.0410000000
0.0410000000
0.0410000000
0.0410000000
0.0410000000
0.0410000000
0.0410000000
0.0410000000
0.0410000000
0.0410000000
0.0410000000
0.0410000000
0.0410000000
0.0410000000
0.0410000000
0.0410000000
0.0410000000
0.0410000000
0.0410000000
0.0410000000
0.0410000000
0.0410000000
0.0410000000
0.0410000000
0.0410000000
0.0410000000
0.0410000000
0.0410000000
0.0410000000
0.0410000000
0.0410000000
0.0410000000
0.0410000000
0.0410000000
0.0410000000
0.0410000000
0.0410000000
0.0410000000
0.0410000000
0.0410000000
0.0410000000
0.0410000000
0.0410000000
0.0410000000
0.0410000000
0.0410000000
0.0410000000
0.0410000000
0.0410000000
0.0410000000
0.0410000000
0.0410000000
0.0410000000
0.0410000000
0.0410000000
0.0410000000
0.0410000000
0.0410000000
0.0410000000
0.0410000000
0.0410000000
0.0410000000
0.0410000000
0.0410000000
0.0410000000
0.0410000000
0.0410000000
0.0410000000
0.0410000000
0.0410000000
0.0410000000
0.0410000000
0.0410000000
0.0410000000
0.0410000000
0.0410000000
0.0410000000
0.0410000000
0.0410000000
0.0410000000
0.0410000000
0.0410000000
0.0410000000
0.0410000000
0.0410000000
0.0410000000
0.0410000000
0.0410000000
0.0410000000
0.0410000000
0.0410000000
0.0410000000
0.0410000000
0.0410000000
0.0410000000
0.0410000000
0.0410000000
0.0410000000
0.0410000000
0.0410000000
0.0410000000
0.0410000000
0.0410000000
0.0410000000
0.0410000000
0.0410000000
0.0410000000
0.0410000000
0.0410000000
0.0410000000
0.0410000000
0.0410000000
0.0410000000
0.0410000000
0.0410000000
0.0410000000
0.0410000000
0.0410000000
0.0410000000
0.0410000000
0.0410000000
0.0410000000
0.0410000000
0.0410000000
0.0410000000
0.0410000000
0.0410000000
0.0410000000
0.0410000000
0.0410000000
0.0410000000
0.0410000000
0.0410000000
0.0410000000
0.0410000000
0.0410000000
0.0410000000
0.0410000000
0.0410000000
0.0410000000
0.0410000000
0.0410000000
0.0410000000
0.0410000000
0.0410000000
0.0410000000
0.0410000000
0.0410000000
0.0410000000
0.0410000000
0.0410000000
0.0410000000
0.0410000000
0.0410000000
0.0410000000
0.0410000000
0.0410000000
0.0410000000
0.0410000000
0.0410000000
0.0410000000
0.0410000000
0.0410000000
0.0410000000
0.0410000000
0.0410000000
0.0410000000
0.0410000000
0.0410000000
0.0410000000
0.0410000000
0.0410000000
0.0410000000
0.0410000000
0.0410000000
0.0410000000
0.0410000000
0.0410000000
0.0410000000
0.0410000000
0.0410000000
0.0410000000
0.0410000000
0.0410000000
0.0410000000
0.0410000000
0.0410000000
0.0410000000
0.0410000000
0.0410000000
0.0410000000
0.0410000000
0.0410000000
0.0410000000
0.0410000000
0.0410000000
0.0410000000
0.0410000000
0.0410000000
0.0410000000
0.0410000000
0.0410000000
0.0410000000
0.0410000000
0.0410000000
0.0410000000
0.0410000000
0.0410000000
0.0410000000
0.0410000000
0.0410000000
0.0410000000
0.0410000000
0.0410000000
0.0410000000
0.0410000000
0.0410000000
0.0410000000
0.0410000000
0.0410000000
0.0410000000
0.0410000000
0.0410000000
0.0410000000
0.0410000000
0.0410000000
0.0410000000
0.0410000000
0.0410000000
0.0410000000
0.0410000000
0.0410000000
0.0410000000
0.0410000000
0.0410000000
0.0410000000
0.0410000000
0.0410000000
0.0410000000
0.0410000000
0.0410000000
0.0410000000
0.0410000000
0.0410000000
0.0410000000
0.0410000000
0.0410000000
0.0410000000
0.0410000000
0.0410000000
0.0410000000
0.0410000000
0.0410000000
0.0410000000
0.0410000000
0.0410000000
0.0410000000
0.0410000000
0.0410000000
0.0410000000
0.0410000000
0.0410000000
0.0410000000
0.0410000000
0.0410000000
0.0410000000
0.0410000000
0.0410000000
0.0410000000
0.0410000000
0.0410000000
0.0410000000
0.0410000000
0.0410000000
0.0410000000
0.0410000000
0.0410000000
0.0410000000
0.0410000000
0.0410000000
0.0410000000
0.0410000000
0.0410000000
0.0410000000
0.0410000000
0.0410000000
0.0410000000
0.0410000000
0.0410000000
0.0410000000
0.0410000000
0.0410000000
0.0410000000
0.0410000000
0.0410000000
0.0410000000
0.0410000000
0.0410000000
0.0410000000
0.0410000000
0.0410000000
0.0410000000
0.0410000000
0.0410000000
0.0410000000
0.0410000000
0.0410000000
0.0410000000
0.0410000000
0.0410000000
0.0410000000
0.0410000000
0.0410000000
0.0410000000
0.0410000000
0.0410000000
0.0410000000
0.0410000000
0.0410000000
0.0410000000
0.0410000000
0.0410000000
0.0410000000
0.0410000000
0.0410000000
0.0410000000
0.0410000000
0.0410000000
0.0410000000
0.0410000000
0.0410000000
0.0410000000
0.0410000000
0.0410000000
0.0410000000
0.0410000000
0.0410000000
0.0410000000
0.0410000000
0.0410000000
0.0410000000
0.0410000000
0.0410000000
0.0410000000
0.0410000000
0.0410000000
0.0410000000
0.0410000000
0.0410000000
0.0410000000
0.0410000000
0.0410000000
0.0410000000
0.0410000000
0.0410000000
0.0410000000
0.0410000000
0.0410000000
0.0410000000
0.0410000000
0.0410000000
0.0410000000
0.0410000000
0.0410000000
0.0410000000
0.0410000000
0.0410000000
0.0410000000
0.0410000000
0.0410000000
0.0410000000
0.0410000000
0.0410000000
0.0410000000
0.0410000000
0.0410000000
0.0410000000
0.0410000000
0.0410000000
0.0410000000
0.0410000000
0.0410000000
0.0410000000
0.0410000000
0.0410000000
0.0410000000
0.0410000000
0.0410000000
0.0410000000
0.0410000000
0.0410000000
0.0410000000
0.0410000000
0.0410000000
0.0410000000
0.0410000000
0.0410000000
0.0410000000
0.0410000000
0.0410000000
0.0410000000
0.0410000000
0.0410000000
0.0410000000
0.0410000000
0.0410000000
0.0410000000
0.0410000000
0.0410000000
0.0410000000
0.0410000000
0.0410000000
0.0410000000
0.0410000000
0.0410000000
0.0410000000
0.0410000000
0.0410000000
0.0410000000
0.0410000000
0.0410000000
0.0410000000
0.0410000000
0.0410000000
0.0410000000
0.0410000000
0.0410000000
0.0410000000
0.0410000000
0.0410000000
0.0410000000
0.0410000000
0.0410000000
0.0410000000
0.0410000000
0.0410000000
0.0410000000
0.0410000000
0.0410000000
0.0410000000
0.0410000000
0.0410000000
0.0410000000
0.0410000000
0.0410000000
0.0410000000
0.0410000000
0.0410000000
0.0410000000
0.0410000000
0.0410000000
0.0410000000
0.0410000000
0.0410000000
0.0410000000
0.0410000000
0.0410000000
0.0410000000
0.0410000000
0.0410000000
0.0410000000
0.0410000000
0.0410000000
0.0410000000
0.0410000000
0.0410000000
0.0410000000
0.0410000000
0.0410000000
0.0410000000
0.0410000000
0.0410000000
0.0410000000
0.0410000000
0.0410000000
0.0410000000
0.0410000000
0.0410000000
0.0410000000
0.0410000000
0.0410000000
0.0410000000
0.0410000000
0.0410000000
0.0410000000
0.0410000000
0.0410000000
0.0410000000
0.0410000000
0.0410000000
0.0410000000
0.0410000000
0.0410000000
0.0410000000
0.0410000000
0.0410000000
0.0410000000
0.0410000000
0.0410000000
0.0410000000
0.0410000000
0.0410000000
0.0410000000
0.0410000000
0.0410000000
0.0410000000
0.0410000000
0.0410000000
0.0410000000
0.0410000000
0.0410000000
0.0410000000
0.0410000000
0.0410000000
0.0410000000
0.0410000000
0.0410000000
0.0410000000
0.0410000000
0.0410000000
0.0410000000
0.0410000000
0.0410000000
0.0410000000
0.0410000000
0.0410000000
0.0410000000
0.0410000000
0.0410000000
0.0410000000
0.0410000000
0.0410000000
0.0410000000
0.0410000000
0.0410000000
0.0410000000
0.0410000000
0.0410000000
0.0410000000
0.0410000000
0.0410000000
0.0410000000
0.0410000000
0.0410000000
0.0410000000
0.0410000000
0.0410000000
0.0410000000
0.0410000000
0.0410000000
0.0410000000
0.0410000000
0.0410000000
0.0410000000
0.0410000000
0.0410000000
0.0410000000
0.0410000000
0.0410000000
0.0410000000
0.0410000000
0.0410000000
0.0410000000
0.0410000000
0.0410000000
0.0410000000
0.0410000000
0.0410000000
0.0410000000
0.0410000000
0.0410000000
0.0410000000
0.0410000000
0.0410000000
0.0410000000
0.0410000000
0.0410000000
0.0410000000
0.0410000000
0.0410000000
0.0410000000
0.0410000000
0.0410000000
0.0410000000
0.0410000000
0.0410000000
0.0410000000
0.0410000000
0.0410000000
0.0410000000
0.0410000000
0.0410000000
0.0410000000
0.0410000000
0.0410000000
0.0410000000
0.0410000000
0.0410000000
0.0410000000
0.0410000000
0.0410000000
0.0410000000
0.0410000000
0.0410000000
0.0410000000
0.0410000000
0.0410000000
0.0410000000
0.0410000000
0.0410000000
0.0410000000
0.0410000000
0.0410000000
0.0410000000
0.0410000000
0.0410000000
0.0410000000
0.0410000000
0.0410000000
0.0410000000
0.0410000000
0.0410000000
0.0410000000
0.0410000000
0.0410000000
0.0410000000
0.0410000000
0.0410000000
0.0410000000
0.0410000000
0.0410000000
0.0410000000
0.0410000000
0.0410000000
0.0410000000
0.0410000000
0.0410000000
0.0410000000
0.0410000000
0.0410000000
0.0410000000
0.0410000000
0.0410000000
0.0410000000
0.0410000000
0.0410000000
0.0410000000
0.0410000000
0.0410000000
0.0410000000
0.0410000000
0.0410000000
0.0410000000
0.0410000000
0.0410000000
0.0410000000
0.0410000000
0.0410000000
0.0410000000
0.0410000000
0.0410000000
0.0410000000
0.0410000000
0.0410000000
0.0410000000
0.0410000000
0.0410000000
0.0410000000
0.0410000000
0.0410000000
0.0410000000
0.0410000000
0.0410000000
0.0410000000
0.0410000000
0.0410000000
0.0410000000
0.0410000000
0.0410000000
0.0410000000
0.0410000000
0.0410000000
0.0410000000
0.0410000000
0.0410000000
0.0410000000
0.0410000000
0.0410000000
0.0410000000
0.0410000000
0.0410000000
0.0410000000
0.0410000000
0.0410000000
0.0410000000
0.0410000000
0.0410000000
0.0410000000
0.0410000000
0.0410000000
0.0410000000
0.0410000000
0.0410000000
0.0410000000
0.0410000000
0.0410000000
0.0410000000
0.0410000000
0.0410000000
0.0410000000
0.0410000000
0.0410000000
0.0410000000
0.0410000000
0.0410000000
0.0410000000
0.0410000000
0.0410000000
0.0410000000
0.0410000000
0.0410000000
0.0410000000
0.0410000000
0.0410000000
0.0410000000
0.0410000000
0.0410000000
0.0410000000
0.0410000000
0.0410000000
0.0410000000
0.0410000000
0.0410000000
0.0410000000
0.0410000000
0.0410000000
0.0410000000
0.0410000000
0.0410000000
0.0410000000
0.0410000000
0.0410000000
0.0410000000
0.0410000000
0.0410000000
0.0410000000
0.0410000000
0.0410000000
0.0410000000
0.0410000000
0.0410000000
0.0410000000
0.0410000000
0.0410000000
0.0410000000
0.0410000000
0.0410000000
0.0410000000
0.0410000000
0.0410000000
0.0410000000
0.0410000000
0.0410000000
0.0410000000
0.0410000000
0.0410000000
0.0410000000
0.0410000000
0.0410000000
0.0410000000
0.0410000000
0.0410000000
0.0410000000
0.0410000000
0.0410000000
0.0410000000
0.0410000000
0.0410000000
0.0410000000
0.0410000000
0.0410000000
0.0410000000
0.0410000000
0.0410000000
0.0410000000
0.0410000000
0.0410000000
0.0410000000
0.0410000000
0.0410000000
0.0410000000
0.0410000000
0.0410000000
0.0410000000
0.0410000000
0.0410000000
0.0410000000
0.0410000000
0.0410000000
0.0410000000
0.0410000000
0.0410000000
0.0410000000
0.0410000000
0.0410000000
0.0410000000
0.0410000000
0.0410000000
0.0410000000
0.0410000000
0.0410000000
0.0410000000
0.0410000000
0.0410000000
0.0410000000
0.0410000000
0.0410000000
0.0410000000
0.0410000000
0.0410000000
0.0410000000
0.0410000000
0.0410000000
0.0410000000
0.0410000000
0.0410000000
0.0410000000
0.0410000000
0.0410000000
0.0410000000
0.0410000000
0.0410000000
0.0410000000
0.0410000000
0.0410000000
0.0410000000
0.0410000000
0.0410000000
0.0410000000
0.0410000000
0.0410000000
0.0410000000
0.0410000000
0.0410000000
0.0410000000
0.0410000000
0.0410000000
0.0410000000
0.0410000000
0.0410000000
0.0410000000
0.0410000000
0.0410000000
0.0410000000
0.0410000000
0.0410000000
0.0410000000
0.0410000000
0.0410000000
0.0410000000
0.0410000000
0.0410000000
0.0410000000
0.0410000000
0.0410000000
0.0410000000
0.0410000000
0.0410000000
0.0410000000
0.0410000000
0.0410000000
0.0410000000
0.0410000000
0.0410000000
0.0410000000
0.0410000000
0.0410000000
0.0410000000
0.0410000000
0.0410000000
0.0410000000
0.0410000000
0.0410000000
0.0410000000
0.0410000000
0.0410000000
0.0410000000
0.0410000000
0.0410000000
0.0410000000
0.0410000000
0.0410000000
0.0410000000
0.0410000000
0.0410000000
0.0410000000
0.0410000000
0.0410000000
0.0410000000
0.0410000000
0.0410000000
0.0410000000
0.0410000000
0.0410000000
0.0410000000
0.0410000000
0.0410000000
0.0410000000
0.0410000000
0.0410000000
0.0410000000
0.0410000000
0.0410000000
0.0410000000
0.0410000000
0.0410000000
0.0410000000
0.0410000000
0.0410000000
0.0410000000
0.0410000000
0.0410000000
0.0410000000
0.0410000000
0.0410000000
0.0410000000
0.0410000000
0.0410000000
0.0410000000
0.0410000000
0.0410000000
0.0410000000
0.0410000000
0.0410000000
0.0410000000
0.0410000000
0.0410000000
0.0410000000
0.0410000000
0.0410000000
0.0410000000
0.0410000000
0.0410000000
0.0410000000
0.0410000000
0.0410000000
0.0410000000
0.0410000000
0.0410000000
0.0410000000
0.0410000000
0.0410000000
0.0410000000
0.0410000000
0.0410000000
0.0410000000
0.0410000000
0.0410000000
0.0410000000
0.0410000000
0.0410000000
0.0410000000
0.0410000000
0.0410000000
0.0410000000
0.0410000000
0.0410000000
0.0410000000
0.0410000000
0.0410000000
0.0410000000
0.0410000000
0.0410000000
0.0410000000
0.0410000000
0.0410000000
0.0410000000
0.0410000000
0.0410000000
0.0410000000
0.0410000000
0.0410000000
0.0410000000
0.0410000000
0.0410000000
0.0410000000
0.0410000000
0.0410000000
0.0410000000
0.0410000000
0.0410000000
0.0410000000
0.0410000000
0.0410000000
0.0410000000
0.0410000000
0.0410000000
0.0410000000
0.0410000000
0.0410000000
0.0410000000
0.0410000000
0.0410000000
0.0410000000
0.0410000000
0.0410000000
0.0410000000
0.0410000000
0.0410000000
0.0410000000
0.0410000000
0.0410000000
0.0410000000
0.0410000000
0.0410000000
0.0410000000
0.0410000000
0.0410000000
0.0410000000
0.0410000000
0.0410000000
0.0410000000
0.0410000000
0.0410000000
0.0410000000
0.0410000000
0.0410000000
0.0410000000
0.0410000000
0.0410000000
0.0410000000
0.0410000000
0.0410000000
0.0410000000
0.0410000000
0.0410000000
0.0410000000
0.0410000000
0.0410000000
0.0410000000
0.0410000000
0.0410000000
0.0410000000
0.0410000000
0.0410000000
0.0410000000
0.0410000000
0.0410000000
0.0410000000
0.0410000000
0.0410000000
0.0410000000
0.0410000000
0.0410000000
0.0410000000
0.0410000000
0.0410000000
0.0410000000
0.0410000000
0.0410000000
0.0410000000
0.0410000000
0.0410000000
0.0410000000
0.0410000000
0.0410000000
0.0410000000
0.0410000000
0.0410000000
0.0410000000
0.0410000000
0.0410000000
0.0410000000
0.0410000000
0.0410000000
0.0410000000
0.0410000000
0.0410000000
0.0410000000
0.0410000000
0.0410000000
0.0410000000
0.0410000000
0.0410000000
0.0410000000
0.0410000000
0.0410000000
0.0410000000
0.0410000000
0.0410000000
0.0410000000
0.0410000000
0.0410000000
0.0410000000
0.0410000000
0.0410000000
0.0410000000
0.0410000000
0.0410000000
0.0410000000
0.0410000000
0.0410000000
0.0410000000
0.0410000000
0.0410000000
0.0410000000
0.0410000000
0.0410000000
0.0410000000
0.0410000000
0.0410000000
0.0410000000
0.0410000000
0.0410000000
0.0410000000
0.0410000000
0.0410000000
0.0410000000
0.0410000000
0.0410000000
0.0410000000
0.0410000000
0.0410000000
0.0410000000
0.0410000000
0.0410000000
0.0410000000
0.0410000000
0.0410000000
0.0410000000
0.0410000000
0.0410000000
0.0410000000
0.0410000000
0.0410000000
0.0410000000
0.0410000000
0.0410000000
0.0410000000
0.0410000000
0.0410000000
0.0410000000
0.0410000000
0.0410000000
0.0410000000
0.0410000000
0.0410000000
0.0410000000
0.0410000000
0.0410000000
0.0410000000
0.0410000000
0.0410000000
0.0410000000
0.0410000000
0.0410000000
0.0410000000
0.0410000000
0.0410000000
0.0410000000
0.0410000000
0.0410000000
0.0410000000
0.0410000000
0.0410000000
0.0410000000
0.0410000000
0.0410000000
0.0410000000
0.0410000000
0.0410000000
0.0410000000
0.0410000000
0.0410000000
0.0410000000
0.0410000000
0.0410000000
0.0410000000
0.0410000000
0.0410000000
0.0410000000
0.0410000000
0.0410000000
0.0410000000
0.0410000000
0.0410000000
0.0410000000
0.0410000000
0.0410000000
0.0410000000
0.0410000000
0.0410000000
0.0410000000
0.0410000000
0.0410000000
0.0410000000
0.0410000000
0.0410000000
0.0410000000
0.0410000000
0.0410000000
0.0410000000
0.0410000000
0.0410000000
0.0410000000
0.0410000000
0.0410000000
0.0410000000
0.0410000000
0.0410000000
0.0410000000
0.0410000000
0.0410000000
0.0410000000
0.0410000000
0.0410000000
0.0410000000
0.0410000000
0.0410000000
0.0410000000
0.0410000000
0.0410000000
0.0410000000
0.0410000000
0.0410000000
0.0410000000
0.0410000000
0.0410000000
0.0410000000
0.0410000000
0.0410000000
0.0410000000
0.0410000000
0.0410000000
0.0410000000
0.0410000000
0.0410000000
0.0410000000
0.0410000000
0.0410000000
0.0410000000
0.0410000000
0.0410000000
0.0410000000
0.0410000000
0.0410000000
0.0410000000
0.0410000000
0.0410000000
0.0410000000
0.0410000000
0.0410000000
0.0410000000
0.0410000000
0.0410000000
0.0410000000
0.0410000000
0.0410000000
0.0410000000
0.0410000000
0.0410000000
0.0410000000
0.0410000000
0.0410000000
0.0410000000
0.0410000000
0.0410000000
0.0410000000
0.0410000000
0.0410000000
0.0410000000
0.0410000000
0.0410000000
0.0410000000
0.0410000000
0.0410000000
0.0410000000
0.0410000000
0.0410000000
0.0410000000
0.0410000000
0.0410000000
0.0410000000
0.0410000000
0.0410000000
0.0410000000
0.0410000000
0.0410000000
0.0410000000
0.0410000000
0.0410000000
0.0410000000
0.0410000000
0.0410000000
0.0410000000
0.0410000000
0.0410000000
0.0410000000
0.0410000000
0.0410000000
0.0410000000
0.0410000000
0.0410000000
0.0410000000
0.0410000000
0.0410000000
0.0410000000
0.0410000000
0.0410000000
0.0410000000
0.0410000000
0.0410000000
0.0410000000
0.0410000000
0.0410000000
0.0410000000
0.0410000000
0.0410000000
0.0410000000
0.0410000000
0.0410000000
0.0410000000
0.0410000000
0.0410000000
0.0410000000
0.0410000000
0.0410000000
0.0410000000
0.0410000000
0.0410000000
0.0410000000
0.0410000000
0.0410000000
0.0410000000
0.0410000000
0.0410000000
0.0410000000
0.0410000000
0.0410000000
0.0410000000
0.0410000000
0.0410000000
0.0410000000
0.0410000000
0.0410000000
0.0410000000
0.0410000000
0.0410000000
0.0410000000
0.0410000000
0.0410000000
0.0410000000
0.0410000000
0.0410000000
0.0410000000
0.0410000000
0.0410000000
0.0410000000
0.0410000000
0.0410000000
0.0410000000
0.0410000000
0.0410000000
0.0410000000
0.0410000000
0.0410000000
0.0410000000
0.0410000000
0.0410000000
0.0410000000
0.0410000000
0.0410000000
0.0410000000
0.0410000000
0.0410000000
0.0410000000
0.0410000000
0.0410000000
0.0410000000
0.0410000000
0.0410000000
0.0410000000
0.0410000000
0.0410000000
0.0410000000
0.0410000000
0.0410000000
0.0410000000
0.0410000000
0.0410000000
0.0410000000
0.0410000000
0.0410000000
0.0410000000
0.0410000000
0.0410000000
0.0410000000
0.0410000000
0.0410000000
0.0410000000
0.0410000000
0.0410000000
0.0410000000
0.0410000000
0.0410000000
0.0410000000
0.0410000000
0.0410000000
0.0410000000
0.0410000000
0.0410000000
0.0410000000
0.0410000000
0.0410000000
0.0410000000
0.0410000000
0.0410000000
0.0410000000
0.0410000000
0.0410000000
0.0410000000
0.0410000000
0.0410000000
0.0410000000
0.0410000000
0.0410000000
0.0410000000
0.0410000000
0.0410000000
0.0410000000
0.0410000000
0.0410000000
0.0410000000
0.0410000000
0.0410000000
0.0410000000
0.0410000000
0.0410000000
0.0410000000
0.0410000000
0.0410000000
0.0410000000
0.0410000000
0.0410000000
0.0410000000
0.0410000000
0.0410000000
0.0410000000
0.0410000000
0.0410000000
0.0410000000
0.0410000000
0.0410000000
0.0410000000
0.0410000000
0.0410000000
0.0410000000
0.0410000000
0.0410000000
0.0410000000
0.0410000000
0.0410000000
0.0410000000
0.0410000000
0.0410000000
0.0410000000
0.0410000000
0.0410000000
0.0410000000
0.0410000000
0.0410000000
0.0410000000
0.0410000000
0.0410000000
0.0410000000
0.0410000000
0.0410000000
0.0410000000
0.0410000000
0.0410000000
0.0410000000
0.0410000000
0.0410000000
0.0410000000
0.0410000000
0.0410000000
0.0410000000
0.0410000000
0.0410000000
0.0410000000
0.0410000000
0.0410000000
0.0410000000
0.0410000000
0.0410000000
0.0410000000
0.0410000000
0.0410000000
0.0410000000
0.0410000000
0.0410000000
0.0410000000
0.0410000000
0.0410000000
0.0410000000
0.0410000000
0.0410000000
0.0410000000
0.0410000000
0.0410000000
0.0410000000
0.0410000000
0.0410000000
0.0410000000
0.0410000000
0.0410000000
0.0410000000
0.0410000000
0.0410000000
0.0410000000
0.0410000000
0.0410000000
0.0410000000
0.0410000000
0.0410000000
0.0410000000
0.0410000000
0.0410000000
0.0410000000
0.0410000000
0.0410000000
0.0410000000
0.0410000000
0.0410000000
0.0410000000
0.0410000000
0.0410000000
0.0410000000
0.0410000000
0.0410000000
0.0410000000
0.0410000000
0.0410000000
0.0410000000
0.0410000000
0.0410000000
0.0410000000
0.0410000000
0.0410000000
0.0410000000
0.0410000000
0.0410000000
0.0410000000
0.0410000000
0.0410000000
0.0410000000
0.0410000000
0.0410000000
0.0410000000
0.0410000000
0.0410000000
0.0410000000
0.0410000000
0.0410000000
0.0410000000
0.0410000000
0.0410000000
0.0410000000
0.0410000000
0.0410000000
0.0410000000
0.0410000000
0.0410000000
0.0410000000
0.0410000000
0.0410000000
0.0410000000
0.0410000000
0.0410000000
0.0410000000
0.0410000000
0.0410000000
0.0410000000
0.0410000000
0.0410000000
0.0410000000
0.0410000000
0.0410000000
0.0410000000
0.0410000000
0.0410000000
0.0410000000
0.0410000000
0.0410000000
0.0410000000
0.0410000000
0.0410000000
0.0410000000
0.0410000000
0.0410000000
0.0410000000
0.0410000000
0.0410000000
0.0410000000
0.0410000000
0.0410000000
0.0410000000
0.0410000000
0.0410000000
0.0410000000
0.0410000000
0.0410000000
0.0410000000
0.0410000000
0.0410000000
0.0410000000
0.0410000000
0.0410000000
0.0410000000
0.0410000000
0.0410000000
0.0410000000
0.0410000000
0.0410000000
0.0410000000
0.0410000000
0.0410000000
0.0410000000
0.0410000000
0.0410000000
0.0410000000
0.0410000000
0.0410000000
0.0410000000
0.0410000000
0.0410000000
0.0410000000
0.0410000000
0.0410000000
0.0410000000
0.0410000000
0.0410000000
0.0410000000
0.0410000000
0.0410000000
0.0410000000
0.0410000000
0.0410000000
0.0410000000
0.0410000000
0.0410000000
0.0410000000
0.0410000000
0.0410000000
0.0410000000
0.0410000000
0.0410000000
0.0410000000
0.0410000000
0.0410000000
0.0410000000
0.0410000000
0.0410000000
0.0410000000
0.0410000000
0.0410000000
0.0410000000
0.0410000000
0.0410000000
0.0410000000
0.0410000000
0.0410000000
0.0410000000
0.0410000000
0.0410000000
0.0410000000
0.0410000000
0.0410000000
0.0410000000
0.0410000000
0.0410000000
0.0410000000
0.0410000000
0.0410000000
0.0410000000
0.0410000000
0.0410000000
0.0410000000
0.0410000000
0.0410000000
0.0410000000
0.0410000000
0.0410000000
0.0410000000
0.0410000000
0.0410000000
0.0410000000
0.0410000000
0.0410000000
0.0410000000
0.0410000000
0.0410000000
0.0410000000
0.0410000000
0.0410000000
0.0410000000
0.0410000000
0.0410000000
0.0410000000
0.0410000000
0.0410000000
0.0410000000
0.0410000000
0.0410000000
0.0410000000
0.0410000000
0.0410000000
0.0410000000
0.0410000000
0.0410000000
0.0410000000
0.0410000000
0.0410000000
0.0410000000
0.0410000000
0.0410000000
0.0410000000
0.0410000000
0.0410000000
0.0410000000
0.0410000000
0.0410000000
0.0410000000
0.0410000000
0.0410000000
0.0410000000
0.0410000000
0.0410000000
0.0410000000
0.0410000000
0.0410000000
0.0410000000
0.0410000000
0.0410000000
0.0410000000
0.0410000000
0.0410000000
0.0410000000
0.0410000000
0.0410000000
0.0410000000
0.0410000000
0.0410000000
0.0410000000
0.0410000000
0.0410000000
0.0410000000
0.0410000000
0.0410000000
0.0410000000
0.0410000000
0.0410000000
0.0410000000
0.0410000000
0.0410000000
0.0410000000
0.0410000000
0.0410000000
0.0410000000
0.0410000000
0.0410000000
0.0410000000
0.0410000000
0.0410000000
0.0410000000
0.0410000000
0.0410000000
0.0410000000
0.0410000000
0.0410000000
0.0410000000
0.0410000000
0.0410000000
0.0410000000
0.0410000000
0.0410000000
0.0410000000
0.0410000000
0.0410000000
0.0410000000
0.0410000000
0.0410000000
0.0410000000
0.0410000000
0.0410000000
0.0410000000
0.0410000000
0.0410000000
0.0410000000
0.0410000000
0.0410000000
0.0410000000
0.0410000000
0.0410000000
0.0410000000
0.0410000000
0.0410000000
0.0410000000
0.0410000000
0.0410000000
0.0410000000
0.0410000000
0.0410000000
0.0410000000
0.0410000000
0.0410000000
0.0410000000
0.0410000000
0.0410000000
0.0410000000
0.0410000000
0.0410000000
0.0410000000
0.0410000000
0.0410000000
0.0410000000
0.0410000000
0.0410000000
0.0410000000
0.0410000000
0.0410000000
0.0410000000
0.0410000000
0.0410000000
0.0410000000
0.0410000000
0.0410000000
0.0410000000
0.0410000000
0.0410000000
0.0410000000
0.0410000000
0.0410000000
0.0410000000
0.0410000000
0.0410000000
0.0410000000
0.0410000000
0.0410000000
0.0410000000
0.0410000000
0.0410000000
0.0410000000
0.0410000000
0.0410000000
0.0410000000
0.0410000000
0.0410000000
0.0410000000
0.0410000000
0.0410000000
0.0410000000
0.0410000000
0.0410000000
0.0410000000
0.0410000000
0.0410000000
0.0410000000
0.0410000000
0.0410000000
0.0410000000
0.0410000000
0.0410000000
0.0410000000
0.0410000000
0.0410000000
0.0410000000
0.0410000000
0.0410000000
0.0410000000
0.0410000000
0.0410000000
0.0410000000
0.0410000000
0.0410000000
0.0410000000
0.0410000000
0.0410000000
0.0410000000
0.0410000000
0.0410000000
0.0410000000
0.0410000000
0.0410000000
0.0410000000
0.0410000000
0.0410000000
0.0410000000
0.0410000000
0.0410000000
0.0410000000
0.0410000000
0.0410000000
0.0410000000
0.0410000000
0.0410000000
0.0410000000
0.0410000000
0.0410000000
0.0410000000
0.0410000000
0.0410000000
0.0410000000
0.0410000000
0.0410000000
0.0410000000
0.0410000000
0.0410000000
0.0410000000
0.0410000000
0.0410000000
0.0410000000
0.0410000000
0.0410000000
0.0410000000
0.0410000000
0.0410000000
0.0410000000
0.0410000000
0.0410000000
0.0410000000
0.0410000000
0.0410000000
0.0410000000
0.0410000000
0.0410000000
0.0410000000
0.0410000000
0.0410000000
0.0410000000
0.0410000000
0.0410000000
0.0410000000
0.0410000000
0.0410000000
0.0410000000
0.0410000000
0.0410000000
0.0410000000
0.0410000000
0.0410000000
0.0410000000
0.0410000000
0.0410000000
0.0410000000
0.0410000000
0.0410000000
0.0410000000
0.0410000000
0.0410000000
0.0410000000
0.0410000000
0.0410000000
0.0410000000
0.0410000000
0.0410000000
0.0410000000
0.0410000000
0.0410000000
0.0410000000
0.0410000000
0.0410000000
0.0410000000
0.0410000000
0.0410000000
0.0410000000
0.0410000000
0.0410000000
0.0410000000
0.0410000000
0.0410000000
0.0410000000
0.0410000000
0.0410000000
0.0410000000
0.0410000000
0.0410000000
0.0410000000
0.0410000000
0.0410000000
0.0410000000
0.0410000000
0.0410000000
0.0410000000
0.0410000000
0.0410000000
0.0410000000
0.0410000000
0.0410000000
0.0410000000
0.0410000000
0.0410000000
0.0410000000
0.0410000000
0.0410000000
0.0410000000
0.0410000000
0.0410000000
0.0410000000
0.0410000000
0.0410000000
0.0410000000
0.0410000000
0.0410000000
0.0410000000
0.0410000000
0.0410000000
0.0410000000
0.0410000000
0.0410000000
0.0410000000
0.0410000000
0.0410000000
0.0410000000
0.0410000000
0.0410000000
0.0410000000
0.0410000000
0.0410000000
0.0410000000
0.0410000000
0.0410000000
0.0410000000
0.0410000000
0.0410000000
0.0410000000
0.0410000000
0.0410000000
0.0410000000
0.0410000000
0.0410000000
0.0410000000
0.0410000000
0.0410000000
0.0410000000
0.0410000000
0.0410000000
0.0410000000
0.0410000000
0.0410000000
0.0410000000
0.0410000000
0.0410000000
0.0410000000
0.0410000000
0.0410000000
0.0410000000
0.0410000000
0.0410000000
0.0410000000
0.0410000000
0.0410000000
0.0410000000
0.0410000000
0.0410000000
0.0410000000
0.0410000000
0.0410000000
0.0410000000
0.0410000000
0.0410000000
0.0410000000
0.0410000000
0.0410000000
0.0410000000
0.0410000000
0.0410000000
0.0410000000
0.0410000000
0.0410000000
0.0410000000
0.0410000000
0.0410000000
0.0410000000
0.0410000000
0.0410000000
0.0410000000
0.0410000000
0.0410000000
0.0410000000
0.0410000000
0.0410000000
0.0410000000
0.0410000000
0.0410000000
0.0410000000
0.0410000000
0.0410000000
0.0410000000
0.0410000000
0.0410000000
0.0410000000
0.0410000000
0.0410000000
0.0410000000
0.0410000000
0.0410000000
0.0410000000
0.0410000000
0.0410000000
0.0410000000
0.0410000000
0.0410000000
0.0410000000
0.0410000000
0.0410000000
0.0410000000
0.0410000000
0.0410000000
0.0410000000
0.0410000000
0.0410000000
0.0410000000
0.0410000000
0.0410000000
0.0410000000
0.0410000000
0.0410000000
0.0410000000
0.0410000000
0.0410000000
0.0410000000
0.0410000000
0.0410000000
0.0410000000
0.0410000000
0.0410000000
0.0410000000
0.0410000000
0.0410000000
0.0410000000
0.0410000000
0.0410000000
0.0410000000
0.0410000000
0.0410000000
0.0410000000
0.0410000000
0.0410000000
0.0410000000
0.0410000000
0.0410000000
0.0410000000
0.0410000000
0.0410000000
0.0410000000
0.0410000000
0.0410000000
0.0410000000
0.0410000000
0.0410000000
0.0410000000
0.0410000000
0.0410000000
0.0410000000
0.0410000000
0.0410000000
0.0410000000
0.0410000000
0.0410000000
0.0410000000
0.0410000000
0.0410000000
0.0410000000
0.0410000000
0.0410000000
0.0410000000
0.0410000000
0.0410000000
0.0410000000
0.0410000000
0.0410000000
0.0410000000
0.0410000000
0.0410000000
0.0410000000
0.0410000000
0.0410000000
0.0410000000
0.0410000000
0.0410000000
0.0410000000
0.0410000000
0.0410000000
0.0410000000
0.0410000000
0.0410000000
0.0410000000
0.0410000000
0.0410000000
0.0410000000
0.0410000000
0.0410000000
0.0410000000
0.0410000000
0.0410000000
0.0410000000
0.0410000000
0.0410000000
0.0410000000
0.0410000000
0.0410000000
0.0410000000
0.0410000000
0.0410000000
0.0410000000
0.0410000000
0.0410000000
0.0410000000
0.0410000000
0.0410000000
0.0410000000
0.0410000000
0.0410000000
0.0410000000
0.0410000000
0.0410000000
0.0410000000
0.0410000000
0.0410000000
0.0410000000
0.0410000000
0.0410000000
0.0410000000
0.0410000000
0.0410000000
0.0410000000
0.0410000000
0.0410000000
0.0410000000
0.0410000000
0.0410000000
0.0410000000
0.0410000000
0.0410000000
0.0410000000
0.0410000000
0.0410000000
0.0410000000
0.0410000000
0.0410000000
0.0410000000
0.0410000000
0.0410000000
0.0410000000
0.0410000000
0.0410000000
0.0410000000
0.0410000000
0.0410000000
0.0410000000
0.0410000000
0.0410000000
0.0410000000
0.0410000000
0.0410000000
0.0410000000
0.0410000000
0.0410000000
0.0410000000
0.0410000000
0.0410000000
0.0410000000
0.0410000000
0.0410000000
0.0410000000
0.0410000000
0.0410000000
0.0410000000
0.0410000000
0.0410000000
0.0410000000
0.0410000000
0.0410000000
0.0410000000
0.0410000000
0.0410000000
0.0410000000
0.0410000000
0.0410000000
0.0410000000
0.0410000000
0.0410000000
0.0410000000
0.0410000000
0.0410000000
0.0410000000
0.0410000000
0.0410000000
0.0410000000
0.0410000000
0.0410000000
0.0410000000
0.0410000000
0.0410000000
0.0410000000
0.0410000000
0.0410000000
0.0410000000
0.0410000000
0.0410000000
0.0410000000
0.0410000000
0.0410000000
0.0410000000
0.0410000000
0.0410000000
0.0410000000
0.0410000000
0.0410000000
0.0410000000
0.0410000000
0.0410000000
0.0410000000
0.0410000000
0.0410000000
0.0410000000
0.0410000000
0.0410000000
0.0410000000
0.0410000000
0.0410000000
0.0410000000
0.0410000000
0.0410000000
0.0410000000
0.0410000000
0.0410000000
0.0410000000
0.0410000000
0.0410000000
0.0410000000
0.0410000000
0.0410000000
0.0410000000
0.0410000000
0.0410000000
0.0410000000
0.0410000000
0.0410000000
0.0410000000
0.0410000000
0.0410000000
0.0410000000
0.0410000000
0.0410000000
0.0410000000
0.0410000000
0.0410000000
0.0410000000
0.0410000000
0.0410000000
0.0410000000
0.0410000000
0.0410000000
0.0410000000
0.0410000000
0.0410000000
0.0410000000
0.0410000000
0.0410000000
0.0410000000
0.0410000000
0.0410000000
0.0410000000
0.0410000000
0.0410000000
0.0410000000
0.0410000000
0.0410000000
0.0410000000
0.0410000000
0.0410000000
0.0410000000
0.0410000000
0.0410000000
0.0410000000
0.0410000000
0.0410000000
0.0410000000
0.0410000000
0.0410000000
0.0410000000
0.0410000000
0.0410000000
0.0410000000
0.0410000000
0.0410000000
0.0410000000
0.0410000000
0.0410000000
0.0410000000
0.0410000000
0.0410000000
0.0410000000
0.0410000000
0.0410000000
0.0410000000
0.0410000000
0.0410000000
0.0410000000
0.0410000000
0.0410000000
0.0410000000
0.0410000000
0.0410000000
0.0410000000
0.0410000000
0.0410000000
0.0410000000
0.0410000000
0.0410000000
0.0410000000
0.0410000000
0.0410000000
0.0410000000
0.0410000000
0.0410000000
0.0410000000
0.0410000000
0.0410000000
0.0410000000
0.0410000000
0.0410000000
0.0410000000
0.0410000000
0.0410000000
0.0410000000
0.0410000000
0.0410000000
0.0410000000
0.0410000000
0.0410000000
0.0410000000
0.0410000000
0.0410000000
0.0410000000
0.0410000000
0.0410000000
0.0410000000
0.0410000000
0.0410000000
0.0410000000
0.0410000000
0.0410000000
0.0410000000
0.0410000000
0.0410000000
0.0410000000
0.0410000000
0.0410000000
0.0410000000
0.0410000000
0.0410000000
0.0410000000
0.0410000000
0.0410000000
0.0410000000
0.0410000000
0.0410000000
0.0410000000
0.0410000000
0.0410000000
0.0410000000
0.0410000000
0.0410000000
0.0410000000
0.0410000000
0.0410000000
0.0410000000
0.0410000000
0.0410000000
0.0410000000
0.0410000000
0.0410000000
0.0410000000
0.0410000000
0.0410000000
0.0410000000
0.0410000000
0.0410000000
0.0410000000
0.0410000000
0.0410000000
0.0410000000
0.0410000000
0.0410000000
0.0410000000
0.0410000000
0.0410000000
0.0410000000
0.0410000000
0.0410000000
0.0410000000
0.0410000000
0.0410000000
0.0410000000
0.0410000000
0.0410000000
0.0410000000
0.0410000000
0.0410000000
0.0410000000
0.0410000000
0.0410000000
0.0410000000
0.0410000000
0.0410000000
0.0410000000
0.0410000000
0.0410000000
0.0410000000
0.0410000000
0.0410000000
0.0410000000
0.0410000000
0.0410000000
0.0410000000
0.0410000000
0.0410000000
0.0410000000
0.0410000000
0.0410000000
0.0410000000
0.0410000000
0.0410000000
0.0410000000
0.0410000000
0.0410000000
0.0410000000
0.0410000000
0.0410000000
0.0410000000
0.0410000000
0.0410000000
0.0410000000
0.0410000000
0.0410000000
0.0410000000
0.0410000000
0.0410000000
0.0410000000
0.0410000000
0.0410000000
0.0410000000
0.0410000000
0.0410000000
0.0410000000
0.0410000000
0.0410000000
0.0410000000
0.0410000000
0.0410000000
0.0410000000
0.0410000000
0.0410000000
0.0410000000
0.0410000000
0.0410000000
0.0410000000
0.0410000000
0.0410000000
0.0410000000
0.0410000000
0.0410000000
0.0410000000
0.0410000000
0.0410000000
0.0410000000
0.0410000000
0.0410000000
0.0410000000
0.0410000000
0.0410000000
0.0410000000
0.0410000000
0.0410000000
0.0410000000
0.0410000000
0.0410000000
0.0410000000
0.0410000000
0.0410000000
0.0410000000
0.0410000000
0.0410000000
0.0410000000
0.0410000000
0.0410000000
0.0410000000
0.0410000000
0.0410000000
0.0410000000
0.0410000000
0.0410000000
0.0410000000
0.0410000000
0.0410000000
0.0410000000
0.0410000000
0.0410000000
0.0410000000
0.0410000000
0.0410000000
0.0410000000
0.0410000000
0.0410000000
0.0410000000
0.0410000000
0.0410000000
0.0410000000
0.0410000000
0.0410000000
0.0410000000
0.0410000000
0.0410000000
0.0410000000
0.0410000000
0.0410000000
0.0410000000
0.0410000000
0.0410000000
0.0410000000
0.0410000000
0.0410000000
0.0410000000
0.0410000000
0.0410000000
0.0410000000
0.0410000000
0.0410000000
0.0410000000
0.0410000000
0.0410000000
0.0410000000
0.0410000000
0.0410000000
0.0410000000
0.0410000000
0.0410000000
0.0410000000
0.0410000000
0.0410000000
0.0410000000
0.0410000000
0.0410000000
0.0410000000
0.0410000000
0.0410000000
0.0410000000
0.0410000000
0.0410000000
0.0410000000
0.0410000000
0.0410000000
0.0410000000
0.0410000000
0.0410000000
0.0410000000
0.0410000000
0.0410000000
0.0410000000
0.0410000000
0.0410000000
0.0410000000
0.0410000000
0.0410000000
0.0410000000
0.0410000000
0.0410000000
0.0410000000
0.0410000000
0.0410000000
0.0410000000
0.0410000000
0.0410000000
0.0410000000
0.0410000000
0.0410000000
0.0410000000
0.0410000000
0.0410000000
0.0410000000
0.0410000000
0.0410000000
0.0410000000
0.0410000000
0.0410000000
0.0410000000
0.0410000000
0.0410000000
0.0410000000
0.0410000000
0.0410000000
0.0410000000
0.0410000000
0.0410000000
0.0410000000
0.0410000000
0.0410000000
0.0410000000
0.0410000000
0.0410000000
0.0410000000
0.0410000000
0.0410000000
0.0410000000
0.0410000000
0.0410000000
0.0410000000
0.0410000000
0.0410000000
0.0410000000
0.0410000000
0.0410000000
0.0410000000
0.0410000000
0.0410000000
0.0410000000
0.0410000000
0.0410000000
0.0410000000
0.0410000000
0.0410000000
0.0410000000
0.0410000000
0.0410000000
0.0410000000
0.0410000000
0.0410000000
0.0410000000
0.0410000000
0.0410000000
0.0410000000
0.0410000000
0.0410000000
0.0410000000
0.0410000000
0.0410000000
0.0410000000
0.0410000000
0.0410000000
0.0410000000
0.0410000000
0.0410000000
0.0410000000
0.0410000000
0.0410000000
0.0410000000
0.0410000000
0.0410000000
0.0410000000
0.0410000000
0.0410000000
0.0410000000
0.0410000000
0.0410000000
0.0410000000
0.0410000000
0.0410000000
0.0410000000
0.0410000000
0.0410000000
0.0410000000
0.0410000000
0.0410000000
0.0410000000
0.0410000000
0.0410000000
0.0410000000
0.0410000000
0.0410000000
0.0410000000
0.0410000000
0.0410000000
0.0410000000
0.0410000000
0.0410000000
0.0410000000
0.0410000000
0.0410000000
0.0410000000
0.0410000000
0.0410000000
0.0410000000
0.0410000000
0.0410000000
0.0410000000
0.0410000000
0.0410000000
0.0410000000
0.0410000000
0.0410000000
0.0410000000
0.0410000000
0.0410000000
0.0410000000
0.0410000000
0.0410000000
0.0410000000
0.0410000000
0.0410000000
0.0410000000
0.0410000000
0.0410000000
0.0410000000
0.0410000000
0.0410000000
0.0410000000
0.0410000000
0.0410000000
0.0410000000
0.0410000000
0.0410000000
0.0410000000
0.0410000000
0.0410000000
0.0410000000
0.0410000000
0.0410000000
0.0410000000
0.0410000000
0.0410000000
0.0410000000
0.0410000000
0.0410000000
0.0410000000
0.0410000000
0.0410000000
0.0410000000
0.0410000000
0.0410000000
0.0410000000
0.0410000000
0.0410000000
0.0410000000
0.0410000000
0.0410000000
0.0410000000
0.0410000000
0.0410000000
0.0410000000
0.0410000000
0.0410000000
0.0410000000
0.0410000000
0.0410000000
0.0410000000
0.0410000000
0.0410000000
0.0410000000
0.0410000000
0.0410000000
0.0410000000
0.0410000000
0.0410000000
0.0410000000
0.0410000000
0.0410000000
0.0410000000
0.0410000000
0.0410000000
0.0410000000
0.0410000000
0.0410000000
0.0410000000
0.0410000000
0.0410000000
0.0410000000
0.0410000000
0.0410000000
0.0410000000
0.0410000000
0.0410000000
0.0410000000
0.0410000000
0.0410000000
0.0410000000
0.0410000000
0.0410000000
0.0410000000
0.0410000000
0.0410000000
0.0410000000
0.0410000000
0.0410000000
0.0410000000
0.0410000000
0.0410000000
0.0410000000
0.0410000000
0.0410000000
0.0410000000
0.0410000000
0.0410000000
0.0410000000
0.0410000000
0.0410000000
0.0410000000
0.0410000000
0.0410000000
0.0410000000
0.0410000000
0.0410000000
0.0410000000
0.0410000000
0.0410000000
0.0410000000
0.0410000000
0.0410000000
0.0410000000
0.0410000000
0.0410000000
0.0410000000
0.0410000000
0.0410000000
0.0410000000
0.0410000000
0.0410000000
0.0410000000
0.0410000000
0.0410000000
0.0410000000
0.0410000000
0.0410000000
0.0410000000
0.0410000000
0.0410000000
0.0410000000
0.0410000000
0.0410000000
0.0410000000
0.0410000000
0.0410000000
0.0410000000
0.0410000000
0.0410000000
0.0410000000
0.0410000000
0.0410000000
0.0410000000
0.0410000000
0.0410000000
0.0410000000
0.0410000000
0.0410000000
0.0410000000
0.0410000000
0.0410000000
0.0410000000
0.0410000000
0.0410000000
0.0410000000
0.0410000000
0.0410000000
0.0410000000
0.0410000000
0.0410000000
0.0410000000
0.0410000000
0.0410000000
0.0410000000
0.0410000000
0.0410000000
0.0410000000
0.0410000000
0.0410000000
0.0410000000
0.0410000000
0.0410000000
0.0410000000
0.0410000000
0.0410000000
0.0410000000
0.0410000000
0.0410000000
0.0410000000
0.0410000000
0.0410000000
0.0410000000
0.0410000000
0.0410000000
0.0410000000
0.0410000000
0.0410000000
0.0410000000
0.0410000000
0.0410000000
0.0410000000
0.0410000000
0.0410000000
0.0410000000
0.0410000000
0.0410000000
0.0410000000
0.0410000000
0.0410000000
0.0410000000
0.0410000000
0.0410000000
0.0410000000
0.0410000000
0.0410000000
0.0410000000
0.0410000000
0.0410000000
0.0410000000
0.0410000000
0.0410000000
0.0410000000
0.0410000000
0.0410000000
0.0410000000
0.0410000000
0.0410000000
0.0410000000
0.0410000000
0.0410000000
0.0410000000
0.0410000000
0.0410000000
0.0410000000
0.0410000000
0.0410000000
0.0410000000
0.0410000000
0.0410000000
0.0410000000
0.0410000000
0.0410000000
0.0410000000
0.0410000000
0.0410000000
0.0410000000
0.0410000000
0.0410000000
0.0410000000
0.0410000000
0.0410000000
0.0410000000
0.0410000000
0.0410000000
0.0410000000
0.0410000000
0.0410000000
0.0410000000
0.0410000000
0.0410000000
0.0410000000
0.0410000000
0.0410000000
0.0410000000
0.0410000000
0.0410000000
0.0410000000
0.0410000000
0.0410000000
0.0410000000
0.0410000000
0.0410000000
0.0410000000
0.0410000000
0.0410000000
0.0410000000
0.0410000000
0.0410000000
0.0410000000
0.0410000000
0.0410000000
0.0410000000
0.0410000000
0.0410000000
0.0410000000
0.0410000000
0.0410000000
0.0410000000
0.0410000000
0.0410000000
0.0410000000
0.0410000000
0.0410000000
0.0410000000
0.0410000000
0.0410000000
0.0410000000
0.0410000000
0.0410000000
0.0410000000
0.0410000000
0.0410000000
0.0410000000
0.0410000000
0.0410000000
0.0410000000
0.0410000000
0.0410000000
0.0410000000
0.0410000000
0.0410000000
0.0410000000
0.0410000000
0.0410000000
0.0410000000
0.0410000000
0.0410000000
0.0410000000
0.0410000000
0.0410000000
0.0410000000
0.0410000000
0.0410000000
0.0410000000
0.0410000000
0.0410000000
0.0410000000
0.0410000000
0.0410000000
0.0410000000
0.0410000000
0.0410000000
0.0410000000
0.0410000000
0.0410000000
0.0410000000
0.0410000000
0.0410000000
0.0410000000
0.0410000000
0.0410000000
0.0410000000
0.0410000000
0.0410000000
0.0410000000
0.0410000000
0.0410000000
0.0410000000
0.0410000000
0.0410000000
0.0410000000
0.0410000000
0.0410000000
0.0410000000
0.0410000000
0.0410000000
0.0410000000
0.0410000000
0.0410000000
0.0410000000
0.0410000000
0.0410000000
0.0410000000
0.0410000000
0.0410000000
0.0410000000
0.0410000000
0.0410000000
0.0410000000
0.0410000000
0.0410000000
0.0410000000
0.0410000000
0.0410000000
0.0410000000
0.0410000000
0.0410000000
0.0410000000
0.0410000000
0.0410000000
0.0410000000
0.0410000000
0.0410000000
0.0410000000
0.0410000000
0.0410000000
0.0410000000
0.0410000000
0.0410000000
0.0410000000
0.0410000000
0.0410000000
0.0410000000
0.0410000000
0.0410000000
0.0410000000
0.0410000000
0.0410000000
0.0410000000
0.0410000000
0.0410000000
0.0410000000
0.0410000000
0.0410000000
0.0410000000
0.0410000000
0.0410000000
0.0410000000
0.0410000000
0.0410000000
0.0410000000
0.0410000000
0.0410000000
0.0410000000
0.0410000000
0.0410000000
0.0410000000
0.0410000000
0.0410000000
0.0410000000
0.0410000000
0.0410000000
0.0410000000
0.0410000000
0.0410000000
0.0410000000
0.0410000000
0.0410000000
0.0410000000
0.0410000000
0.0410000000
0.0410000000
0.0410000000
0.0410000000
0.0410000000
0.0410000000
0.0410000000
0.0410000000
0.0410000000
0.0410000000
0.0410000000
0.0410000000
0.0410000000
0.0410000000
0.0410000000
0.0410000000
0.0410000000
0.0410000000
0.0410000000
0.0410000000
0.0410000000
0.0410000000
0.0410000000
0.0410000000
0.0410000000
0.0410000000
0.0410000000
0.0410000000
0.0410000000
0.0410000000
0.0410000000
0.0410000000
0.0410000000
0.0410000000
0.0410000000
0.0410000000
0.0410000000
0.0410000000
0.0410000000
0.0410000000
0.0410000000
0.0410000000
0.0410000000
0.0410000000
0.0410000000
0.0410000000
0.0410000000
0.0410000000
0.0410000000
0.0410000000
0.0410000000
0.0410000000
0.0410000000
0.0410000000
0.0410000000
0.0410000000
0.0410000000
0.0410000000
0.0410000000
0.0410000000
0.0410000000
0.0410000000
0.0410000000
0.0410000000
0.0410000000
0.0410000000
0.0410000000
0.0410000000
0.0410000000
0.0410000000
0.0410000000
0.0410000000
0.0410000000
0.0410000000
0.0410000000
0.0410000000
0.0410000000
0.0410000000
0.0410000000
0.0410000000
0.0410000000
0.0410000000
0.0410000000
0.0410000000
0.0410000000
0.0410000000
0.0410000000
0.0410000000
0.0410000000
0.0410000000
0.0410000000
0.0410000000
0.0410000000
0.0410000000
0.0410000000
0.0410000000
0.0410000000
0.0410000000
0.0410000000
0.0410000000
0.0410000000
0.0410000000
0.0410000000
0.0410000000
0.0410000000
0.0410000000
0.0410000000
0.0410000000
0.0410000000
0.0410000000
0.0410000000
0.0410000000
0.0410000000
0.0410000000
0.0410000000
0.0410000000
0.0410000000
0.0410000000
0.0410000000
0.0410000000
0.0410000000
0.0410000000
0.0410000000
0.0410000000
0.0410000000
0.0410000000
0.0410000000
0.0410000000
0.0410000000
0.0410000000
0.0410000000
0.0410000000
0.0410000000
0.0410000000
0.0410000000
0.0410000000
0.0410000000
0.0410000000
0.0410000000
0.0410000000
0.0410000000
0.0410000000
0.0410000000
0.0410000000
0.0410000000
0.0410000000
0.0410000000
0.0410000000
0.0410000000
0.0410000000
0.0410000000
0.0410000000
0.0410000000
0.0410000000
0.0410000000
0.0410000000
0.0410000000
0.0410000000
0.0410000000
0.0410000000
0.0410000000
0.0410000000
0.0410000000
0.0410000000
0.0410000000
0.0410000000
0.0410000000
0.0410000000
0.0410000000
0.0410000000
0.0410000000
0.0410000000
0.0410000000
0.0410000000
0.0410000000
0.0410000000
0.0410000000
0.0410000000
0.0410000000
0.0410000000
0.0410000000
0.0410000000
0.0410000000
0.0410000000
0.0410000000
0.0410000000
0.0410000000
0.0410000000
0.0410000000
0.0410000000
0.0410000000
0.0410000000
0.0410000000
0.0410000000
0.0410000000
0.0410000000
0.0410000000
0.0410000000
0.0410000000
0.0410000000
0.0410000000
0.0410000000
0.0410000000
0.0410000000
0.0410000000
0.0410000000
0.0410000000
0.0410000000
0.0410000000
0.0410000000
0.0410000000
0.0410000000
0.0410000000
0.0410000000
0.0410000000
0.0410000000
0.0410000000
0.0410000000
0.0410000000
0.0410000000
0.0410000000
0.0410000000
0.0410000000
0.0410000000
0.0410000000
0.0410000000
0.0410000000
0.0410000000
0.0410000000
0.0410000000
0.0410000000
0.0410000000
0.0410000000
0.0410000000
0.0410000000
0.0410000000
0.0410000000
0.0410000000
0.0410000000
0.0410000000
0.0410000000
0.0410000000
0.0410000000
0.0410000000
0.0410000000
0.0410000000
0.0410000000
0.0410000000
0.0410000000
0.0410000000
0.0410000000
0.0410000000
0.0410000000
0.0410000000
0.0410000000
0.0410000000
0.0410000000
0.0410000000
0.0410000000
0.0410000000
0.0410000000
0.0410000000
0.0410000000
0.0410000000
0.0410000000
0.0410000000
0.0410000000
0.0410000000
0.0410000000
0.0410000000
0.0410000000
0.0410000000
0.0410000000
0.0410000000
0.0410000000
0.0410000000
0.0410000000
0.0410000000
0.0410000000
0.0410000000
0.0410000000
0.0410000000
0.0410000000
0.0410000000
0.0410000000
0.0410000000
0.0410000000
0.0410000000
0.0410000000
0.0410000000
0.0410000000
0.0410000000
0.0410000000
0.0410000000
0.0410000000
0.0410000000
0.0410000000
0.0410000000
0.0410000000
0.0410000000
0.0410000000
0.0410000000
0.0410000000
0.0410000000
0.0410000000
0.0410000000
0.0410000000
0.0410000000
0.0410000000
0.0410000000
0.0410000000
0.0410000000
0.0410000000
0.0410000000
0.0410000000
0.0410000000
0.0410000000
0.0410000000
0.0410000000
0.0410000000
0.0410000000
0.0410000000
0.0410000000
0.0410000000
0.0410000000
0.0410000000
0.0410000000
0.0410000000
0.0410000000
0.0410000000
0.0410000000
0.0410000000
0.0410000000
0.0410000000
0.0410000000
0.0410000000
0.0410000000
0.0410000000
0.0410000000
0.0410000000
0.0410000000
0.0410000000
0.0410000000
0.0410000000
0.0410000000
0.0410000000
0.0410000000
0.0410000000
0.0410000000
0.0410000000
0.0410000000
0.0410000000
0.0410000000
0.0410000000
0.0410000000
0.0410000000
0.0410000000
0.0410000000
0.0410000000
0.0410000000
0.0410000000
0.0410000000
0.0410000000
0.0410000000
0.0410000000
0.0410000000
0.0410000000
0.0410000000
0.0410000000
0.0410000000
0.0410000000
0.0410000000
0.0410000000
0.0410000000
0.0410000000
0.0410000000
0.0410000000
0.0410000000
0.0410000000
0.0410000000
0.0410000000
0.0410000000
0.0410000000
0.0410000000
0.0410000000
0.0410000000
0.0410000000
0.0410000000
0.0410000000
0.0410000000
0.0410000000
0.0410000000
0.0410000000
0.0410000000
0.0410000000
0.0410000000
0.0410000000
0.0410000000
0.0410000000
0.0410000000
0.0410000000
0.0410000000
0.0410000000
0.0410000000
0.0410000000
0.0410000000
0.0410000000
0.0410000000
0.0410000000
0.0410000000
0.0410000000
0.0410000000
0.0410000000
0.0410000000
0.0410000000
0.0410000000
0.0410000000
0.0410000000
0.0410000000
0.0410000000
0.0410000000
0.0410000000
0.0410000000
0.0410000000
0.0410000000
0.0410000000
0.0410000000
0.0410000000
0.0410000000
0.0410000000
0.0410000000
0.0410000000
0.0410000000
0.0410000000
0.0410000000
0.0410000000
0.0410000000
0.0410000000
0.0410000000
0.0410000000
0.0410000000
0.0410000000
0.0410000000
0.0410000000
0.0410000000
0.0410000000
0.0410000000
0.0410000000
0.0410000000
0.0410000000
0.0410000000
0.0410000000
0.0410000000
0.0410000000
0.0410000000
0.0410000000
0.0410000000
0.0410000000
0.0410000000
0.0410000000
0.0410000000
0.0410000000
0.0410000000
0.0410000000
0.0410000000
0.0410000000
0.0410000000
0.0410000000
0.0410000000
0.0410000000
0.0410000000
0.0410000000
0.0410000000
0.0410000000
0.0410000000
0.0410000000
0.0410000000
0.0410000000
0.0410000000
0.0410000000
0.0410000000
0.0410000000
0.0410000000
0.0410000000
0.0410000000
0.0410000000
0.0410000000
0.0410000000
0.0410000000
0.0410000000
0.0410000000
0.0410000000
0.0410000000
0.0410000000
0.0410000000
0.0410000000
0.0410000000
0.0410000000
0.0410000000
0.0410000000
0.0410000000
0.0410000000
0.0410000000
0.0410000000
0.0410000000
0.0410000000
0.0410000000
0.0410000000
0.0410000000
0.0410000000
0.0410000000
0.0410000000
0.0410000000
0.0410000000
0.0410000000
0.0410000000
0.0410000000
0.0410000000
0.0410000000
0.0410000000
0.0410000000
0.0410000000
0.0410000000
0.0410000000
0.0410000000
0.0410000000
0.0410000000
0.0410000000
0.0410000000
0.0410000000
0.0410000000
0.0410000000
0.0410000000
0.0410000000
0.0410000000
0.0410000000
0.0410000000
0.0410000000
0.0410000000
0.0410000000
0.0410000000
0.0410000000
0.0410000000
0.0410000000
0.0410000000
0.0410000000
0.0410000000
0.0410000000
0.0410000000
0.0410000000
0.0410000000
0.0410000000
0.0410000000
0.0410000000
0.0410000000
0.0410000000
0.0410000000
0.0410000000
0.0410000000
0.0410000000
0.0410000000
0.0410000000
0.0410000000
0.0410000000
0.0410000000
0.0410000000
0.0410000000
0.0410000000
0.0410000000
0.0410000000
0.0410000000
0.0410000000
0.0410000000
0.0410000000
0.0410000000
0.0410000000
0.0410000000
0.0410000000
0.0410000000
0.0410000000
0.0410000000
0.0410000000
0.0410000000
0.0410000000
0.0410000000
0.0410000000
0.0410000000
0.0410000000
0.0410000000
0.0410000000
0.0410000000
0.0410000000
0.0410000000
0.0410000000
0.0410000000
0.0410000000
0.0410000000
0.0410000000
0.0410000000
0.0410000000
0.0410000000
0.0410000000
0.0410000000
0.0410000000
0.0410000000
0.0410000000
0.0410000000
0.0410000000
0.0410000000
0.0410000000
0.0410000000
0.0410000000
0.0410000000
0.0410000000
0.0410000000
0.0410000000
0.0410000000
0.0410000000
0.0410000000
0.0410000000
0.0410000000
0.0410000000
0.0410000000
0.0410000000
0.0410000000
0.0410000000
0.0410000000
0.0410000000
0.0410000000
0.0410000000
0.0410000000
0.0410000000
0.0410000000
0.0410000000
0.0410000000
0.0410000000
0.0410000000
0.0410000000
0.0410000000
0.0410000000
0.0410000000
0.0410000000
0.0410000000
0.0410000000
0.0410000000
0.0410000000
0.0410000000
0.0410000000
0.0410000000
0.0410000000
0.0410000000
0.0410000000
0.0410000000
0.0410000000
0.0410000000
0.0410000000
0.0410000000
0.0410000000
0.0410000000
0.0410000000
0.0410000000
0.0410000000
0.0410000000
0.0410000000
0.0410000000
0.0410000000
0.0410000000
0.0410000000
0.0410000000
0.0410000000
0.0410000000
0.0410000000
0.0410000000
0.0410000000
0.0410000000
0.0410000000
0.0410000000
0.0410000000
0.0410000000
0.0410000000
0.0410000000
0.0410000000
0.0410000000
0.0410000000
0.0410000000
0.0410000000
0.0410000000
0.0410000000
0.0410000000
0.0410000000
0.0410000000
0.0410000000
0.0410000000
0.0410000000
0.0410000000
0.0410000000
0.0410000000
0.0410000000
0.0410000000
0.0410000000
0.0410000000
0.0410000000
0.0410000000
0.0410000000
0.0410000000
0.0410000000
0.0410000000
0.0410000000
0.0410000000
0.0410000000
0.0410000000
0.0410000000
0.0410000000
0.0410000000
0.0410000000
0.0410000000
0.0410000000
0.0410000000
0.0410000000
0.0410000000
0.0410000000
0.0410000000
0.0410000000
0.0410000000
0.0410000000
0.0410000000
0.0410000000
0.0410000000
0.0410000000
0.0410000000
0.0410000000
0.0410000000
0.0410000000
0.0410000000
0.0410000000
0.0410000000
0.0410000000
0.0410000000
0.0410000000
0.0410000000
0.0410000000
0.0410000000
0.0410000000
0.0410000000
0.0410000000
0.0410000000
0.0410000000
0.0410000000
0.0410000000
0.0410000000
0.0410000000
0.0410000000
0.0410000000
0.0410000000
0.0410000000
0.0410000000
0.0410000000
0.0410000000
0.0410000000
0.0410000000
0.0410000000
0.0410000000
0.0410000000
0.0410000000
0.0410000000
0.0410000000
0.0410000000
0.0410000000
0.0410000000
0.0410000000
0.0410000000
0.0410000000
0.0410000000
0.0410000000
0.0410000000
0.0410000000
0.0410000000
0.0410000000
0.0410000000
0.0410000000
0.0410000000
0.0410000000
0.0410000000
0.0410000000
0.0410000000
0.0410000000
0.0410000000
0.0410000000
0.0410000000
0.0410000000
0.0410000000
0.0410000000
0.0410000000
0.0410000000
0.0410000000
0.0410000000
0.0410000000
0.0410000000
0.0410000000
0.0410000000
0.0410000000
0.0410000000
0.0410000000
0.0410000000
0.0410000000
0.0410000000
0.0410000000
0.0410000000
0.0410000000
0.0410000000
0.0410000000
0.0410000000
0.0410000000
0.0410000000
0.0410000000
0.0410000000
0.0410000000
0.0410000000
0.0410000000
0.0410000000
0.0410000000
0.0410000000
0.0410000000
0.0410000000
0.0410000000
0.0410000000
0.0410000000
0.0410000000
0.0410000000
0.0410000000
0.0410000000
0.0410000000
0.0410000000
0.0410000000
0.0410000000
0.0410000000
0.0410000000
0.0410000000
0.0410000000
0.0410000000
0.0410000000
0.0410000000
0.0410000000
0.0410000000
0.0410000000
0.0410000000
0.0410000000
0.0410000000
0.0410000000
0.0410000000
0.0410000000
0.0410000000
0.0410000000
0.0410000000
0.0410000000
0.0410000000
0.0410000000
0.0410000000
0.0410000000
0.0410000000
0.0410000000
0.0410000000
0.0410000000
0.0410000000
0.0410000000
0.0410000000
0.0410000000
0.0410000000
0.0410000000
0.0410000000
0.0410000000
0.0410000000
0.0410000000
0.0410000000
0.0410000000
0.0410000000
0.0410000000
0.0410000000
0.0410000000
0.0410000000
0.0410000000
0.0410000000
0.0410000000
0.0410000000
0.0410000000
0.0410000000
0.0410000000
0.0410000000
0.0410000000
0.0410000000
0.0410000000
0.0410000000
0.0410000000
0.0410000000
0.0410000000
0.0410000000
0.0410000000
0.0410000000
0.0410000000
0.0410000000
0.0410000000
0.0410000000
0.0410000000
0.0410000000
0.0410000000
0.0410000000
0.0410000000
0.0410000000
0.0410000000
0.0410000000
0.0410000000
0.0410000000
0.0410000000
0.0410000000
0.0410000000
0.0410000000
0.0410000000
0.0410000000
0.0410000000
0.0410000000
0.0410000000
0.0410000000
0.0410000000
0.0410000000
0.0410000000
0.0410000000
0.0410000000
0.0410000000
0.0410000000
0.0410000000
0.0410000000
0.0410000000
0.0410000000
0.0410000000
0.0410000000
0.0410000000
0.0410000000
0.0410000000
0.0410000000
0.0410000000
0.0410000000
0.0410000000
0.0410000000
0.0410000000
0.0410000000
0.0410000000
0.0410000000
0.0410000000
0.0410000000
0.0410000000
0.0410000000
0.0410000000
0.0410000000
0.0410000000
0.0410000000
0.0410000000
0.0410000000
0.0410000000
0.0410000000
0.0410000000
0.0410000000
0.0410000000
0.0410000000
0.0410000000
0.0410000000
0.0410000000
0.0410000000
0.0410000000
0.0410000000
0.0410000000
0.0410000000
0.0410000000
0.0410000000
0.0410000000
0.0410000000
0.0410000000
0.0410000000
0.0410000000
0.0410000000
0.0410000000
0.0410000000
0.0410000000
0.0410000000
0.0410000000
0.0410000000
0.0410000000
0.0410000000
0.0410000000
0.0410000000
0.0410000000
0.0410000000
0.0410000000
0.0410000000
0.0410000000
0.0410000000
0.0410000000
0.0410000000
0.0410000000
0.0410000000
0.0410000000
0.0410000000
0.0410000000
0.0410000000
0.0410000000
0.0410000000
0.0410000000
0.0410000000
0.0410000000
0.0410000000
0.0410000000
0.0410000000
0.0410000000
0.0410000000
0.0410000000
0.0410000000
0.0410000000
0.0410000000
0.0410000000
0.0410000000
0.0410000000
0.0410000000
0.0410000000
0.0410000000
0.0410000000
0.0410000000
0.0410000000
0.0410000000
0.0410000000
0.0410000000
0.0410000000
0.0410000000
0.0410000000
0.0410000000
0.0410000000
0.0410000000
0.0410000000
0.0410000000
0.0410000000
0.0410000000
0.0410000000
0.0410000000
0.0410000000
0.0410000000
0.0410000000
0.0410000000
0.0410000000
0.0410000000
0.0410000000
0.0410000000
0.0410000000
0.0410000000
0.0410000000
0.0410000000
0.0410000000
0.0410000000
0.0410000000
0.0410000000
0.0410000000
0.0410000000
0.0410000000
0.0410000000
0.0410000000
0.0410000000
0.0410000000
0.0410000000
0.0410000000
0.0410000000
0.0410000000
0.0410000000
0.0410000000
0.0410000000
0.0410000000
0.0410000000
0.0410000000
0.0410000000
0.0410000000
0.0410000000
0.0410000000
0.0410000000
0.0410000000
0.0410000000
0.0410000000
0.0410000000
0.0410000000
0.0410000000
0.0410000000
0.0410000000
0.0410000000
0.0410000000
0.0410000000
0.0410000000
0.0410000000
0.0410000000
0.0410000000
0.0410000000
0.0410000000
0.0410000000
0.0410000000
0.0410000000
0.0410000000
0.0410000000
0.0410000000
0.0410000000
0.0410000000
0.0410000000
0.0410000000
0.0410000000
0.0410000000
0.0410000000
0.0410000000
0.0410000000
0.0410000000
0.0410000000
0.0410000000
0.0410000000
0.0410000000
0.0410000000
0.0410000000
0.0410000000
0.0410000000
0.0410000000
0.0410000000
0.0410000000
0.0410000000
0.0410000000
0.0410000000
0.0410000000
0.0410000000
0.0410000000
0.0410000000
0.0410000000
0.0410000000
0.0410000000
0.0410000000
0.0410000000
0.0410000000
0.0410000000
0.0410000000
0.0410000000
0.0410000000
0.0410000000
0.0410000000
0.0410000000
0.0410000000
0.0410000000
0.0410000000
0.0410000000
0.0410000000
0.0410000000
0.0410000000
0.0410000000
0.0410000000
0.0410000000
0.0410000000
0.0410000000
0.0410000000
0.0410000000
0.0410000000
0.0410000000
0.0410000000
0.0410000000
0.0410000000
0.0410000000
0.0410000000
0.0410000000
0.0410000000
0.0410000000
0.0410000000
0.0410000000
0.0410000000
0.0410000000
0.0410000000
0.0410000000
0.0410000000
0.0410000000
0.0410000000
0.0410000000
0.0410000000
0.0410000000
0.0410000000
0.0410000000
0.0410000000
0.0410000000
0.0410000000
0.0410000000
0.0410000000
0.0410000000
0.0410000000
0.0410000000
0.0410000000
0.0410000000
0.0410000000
0.0410000000
0.0410000000
0.0410000000
0.0410000000
0.0410000000
0.0410000000
0.0410000000
0.0410000000
0.0410000000
0.0410000000
0.0410000000
0.0410000000
0.0410000000
0.0410000000
0.0410000000
0.0410000000
0.0410000000
0.0410000000
0.0410000000
0.0410000000
0.0410000000
0.0410000000
0.0410000000
0.0410000000
0.0410000000
0.0410000000
0.0410000000
0.0410000000
0.0410000000
0.0410000000
0.0410000000
0.0410000000
0.0410000000
0.0410000000
0.0410000000
0.0410000000
0.0410000000
0.0410000000
0.0410000000
0.0410000000
0.0410000000
0.0410000000
0.0410000000
0.0410000000
0.0410000000
0.0410000000
0.0410000000
0.0410000000
0.0410000000
0.0410000000
0.0410000000
0.0410000000
0.0410000000
0.0410000000
0.0410000000
0.0410000000
0.0410000000
0.0410000000
0.0410000000
0.0410000000
0.0410000000
0.0410000000
0.0410000000
0.0410000000
0.0410000000
0.0410000000
0.0410000000
0.0410000000
0.0410000000
0.0410000000
0.0410000000
0.0410000000
0.0410000000
0.0410000000
0.0410000000
0.0410000000
0.0410000000
0.0410000000
0.0410000000
0.0410000000
0.0410000000
0.0410000000
0.0410000000
0.0410000000
0.0410000000
0.0410000000
0.0410000000
0.0410000000
0.0410000000
0.0410000000
0.0410000000
0.0410000000
0.0410000000
0.0410000000
0.0410000000
0.0410000000
0.0410000000
0.0410000000
0.0410000000
0.0410000000
0.0410000000
0.0410000000
0.0410000000
0.0410000000
0.0410000000
0.0410000000
0.0410000000
0.0410000000
0.0410000000
0.0410000000
0.0410000000
0.0410000000
0.0410000000
0.0410000000
0.0410000000
0.0410000000
0.0410000000
0.0410000000
0.0410000000
0.0410000000
0.0410000000
0.0410000000
0.0410000000
0.0410000000
0.0410000000
0.0410000000
0.0410000000
0.0410000000
0.0410000000
0.0410000000
0.0410000000
0.0410000000
0.0410000000
0.0410000000
0.0410000000
0.0410000000
0.0410000000
0.0410000000
0.0410000000
0.0410000000
0.0410000000
0.0410000000
0.0410000000
0.0410000000
0.0410000000
0.0410000000
0.0410000000
0.0410000000
0.0410000000
0.0410000000
0.0410000000
0.0410000000
0.0410000000
0.0410000000
0.0410000000
0.0410000000
0.0410000000
0.0410000000
0.0410000000
0.0410000000
0.0410000000
0.0410000000
0.0410000000
0.0410000000
0.0410000000
0.0410000000
0.0410000000
0.0410000000
0.0410000000
0.0410000000
0.0410000000
0.0410000000
0.0410000000
0.0410000000
0.0410000000
0.0410000000
0.0410000000
0.0410000000
0.0410000000
0.0410000000
0.0410000000
0.0410000000
0.0410000000
0.0410000000
0.0410000000
0.0410000000
0.0410000000
0.0410000000
0.0410000000
0.0410000000
0.0410000000
0.0410000000
0.0410000000
0.0410000000
0.0410000000
0.0410000000
0.0410000000
0.0410000000
0.0410000000
0.0410000000
0.0410000000
0.0410000000
0.0410000000
0.0410000000
0.0410000000
0.0410000000
0.0410000000
0.0410000000
0.0410000000
0.0410000000
0.0410000000
0.0410000000
0.0410000000
0.0410000000
0.0410000000
0.0410000000
0.0410000000
0.0410000000
0.0410000000
0.0410000000
0.0410000000
0.0410000000
0.0410000000
0.0410000000
0.0410000000
0.0410000000
0.0410000000
0.0410000000
0.0410000000
0.0410000000
0.0410000000
0.0410000000
0.0410000000
0.0410000000
0.0410000000
0.0410000000
0.0410000000
0.0410000000
0.0410000000
0.0410000000
0.0410000000
0.0410000000
0.0410000000
0.0410000000
0.0410000000
0.0410000000
0.0410000000
0.0410000000
0.0410000000
0.0410000000
0.0410000000
0.0410000000
0.0410000000
0.0410000000
0.0410000000
0.0410000000
0.0410000000
0.0410000000
0.0410000000
0.0410000000
0.0410000000
0.0410000000
0.0410000000
0.0410000000
0.0410000000
0.0410000000
0.0410000000
0.0410000000
0.0410000000
0.0410000000
0.0410000000
0.0410000000
0.0410000000
0.0410000000
0.0410000000
0.0410000000
0.0410000000
0.0410000000
0.0410000000
0.0410000000
0.0410000000
0.0410000000
0.0410000000
0.0410000000
0.0410000000
0.0410000000
0.0410000000
0.0410000000
0.0410000000
0.0410000000
0.0410000000
0.0410000000
0.0410000000
0.0410000000
0.0410000000
0.0410000000
0.0410000000
0.0410000000
0.0410000000
0.0410000000
0.0410000000
0.0410000000
0.0410000000
0.0410000000
0.0410000000
0.0410000000
0.0410000000
0.0410000000
0.0410000000
0.0410000000
0.0410000000
0.0410000000
0.0410000000
0.0410000000
0.0410000000
0.0410000000
0.0410000000
0.0410000000
0.0410000000
0.0410000000
0.0410000000
0.0410000000
0.0410000000
0.0410000000
0.0410000000
0.0410000000
0.0410000000
0.0410000000
0.0410000000
0.0410000000
0.0410000000
0.0410000000
0.0410000000
0.0410000000
0.0410000000
0.0410000000
0.0410000000
0.0410000000
0.0410000000
0.0410000000
0.0410000000
0.0410000000
0.0410000000
0.0410000000
0.0410000000
0.0410000000
0.0410000000
0.0410000000
0.0410000000
0.0410000000
0.0410000000
0.0410000000
0.0410000000
0.0410000000
0.0410000000
0.0410000000
0.0410000000
0.0410000000
0.0410000000
0.0410000000
0.0410000000
0.0410000000
0.0410000000
0.0410000000
0.0410000000
0.0410000000
0.0410000000
0.0410000000
0.0410000000
0.0410000000
0.0410000000
0.0410000000
0.0410000000
0.0410000000
0.0410000000
0.0410000000
0.0410000000
0.0410000000
0.0410000000
0.0410000000
0.0410000000
0.0410000000
0.0410000000
0.0410000000
0.0410000000
0.0410000000
0.0410000000
0.0410000000
0.0410000000
0.0410000000
0.0410000000
0.0410000000
0.0410000000
0.0410000000
0.0410000000
0.0410000000
0.0410000000
0.0410000000
0.0410000000
0.0410000000
0.0410000000
0.0410000000
0.0410000000
0.0410000000
0.0410000000
0.0410000000
0.0410000000
0.0410000000
0.0410000000
0.0410000000
0.0410000000
0.0410000000
0.0410000000
0.0410000000
0.0410000000
0.0410000000
0.0410000000
0.0410000000
0.0410000000
0.0410000000
0.0410000000
0.0410000000
0.0410000000
0.0410000000
0.0410000000
0.0410000000
0.0410000000
0.0410000000
0.0410000000
0.0410000000
0.0410000000
0.0410000000
0.0410000000
0.0410000000
0.0410000000
0.0410000000
0.0410000000
0.0410000000
0.0410000000
0.0410000000
0.0410000000
0.0410000000
0.0410000000
0.0410000000
0.0410000000
0.0410000000
0.0410000000
0.0410000000
0.0410000000
0.0410000000
0.0410000000
0.0410000000
0.0410000000
0.0410000000
0.0410000000
0.0410000000
0.0410000000
0.0410000000
0.0410000000
0.0410000000
0.0410000000
0.0410000000
0.0410000000
0.0410000000
0.0410000000
0.0410000000
0.0410000000
0.0410000000
0.0410000000
0.0410000000
0.0410000000
0.0410000000
0.0410000000
0.0410000000
0.0410000000
0.0410000000
0.0410000000
0.0410000000
0.0410000000
0.0410000000
0.0410000000
0.0410000000
0.0410000000
0.0410000000
0.0410000000
0.0410000000
0.0410000000
0.0410000000
0.0410000000
0.0410000000
0.0410000000
0.0410000000
0.0410000000
0.0410000000
0.0410000000
0.0410000000
0.0410000000
0.0410000000
0.0410000000
0.0410000000
0.0410000000
0.0410000000
0.0410000000
0.0410000000
0.0410000000
0.0410000000
0.0410000000
0.0410000000
0.0410000000
0.0410000000
0.0410000000
0.0410000000
0.0410000000
0.0410000000
0.0410000000
0.0410000000
0.0410000000
0.0410000000
0.0410000000
0.0410000000
0.0410000000
0.0410000000
0.0410000000
0.0410000000
0.0410000000
0.0410000000
0.0410000000
0.0410000000
0.0410000000
0.0410000000
0.0410000000
0.0410000000
0.0410000000
0.0410000000
0.0410000000
0.0410000000
0.0410000000
0.0410000000
0.0410000000
0.0410000000
0.0410000000
0.0410000000
0.0410000000
0.0410000000
0.0410000000
0.0410000000
0.0410000000
0.0410000000
0.0410000000
0.0410000000
0.0410000000
0.0410000000
0.0410000000
0.0410000000
0.0410000000
0.0410000000
0.0410000000
0.0410000000
0.0410000000
0.0410000000
0.0410000000
0.0410000000
0.0410000000
0.0410000000
0.0410000000
0.0410000000
0.0410000000
0.0410000000
0.0410000000
0.0410000000
0.0410000000
0.0410000000
0.0410000000
0.0410000000
0.0410000000
0.0410000000
0.0410000000
0.0410000000
0.0410000000
0.0410000000
0.0410000000
0.0410000000
0.0410000000
0.0410000000
0.0410000000
0.0410000000
0.0410000000
0.0410000000
0.0410000000
0.0410000000
0.0410000000
0.0410000000
0.0410000000
0.0410000000
0.0410000000
0.0410000000
0.0410000000
0.0410000000
0.0410000000
0.0410000000
0.0410000000
0.0410000000
0.0410000000
0.0410000000
0.0410000000
0.0410000000
0.0410000000
0.0410000000
0.0410000000
0.0410000000
0.0410000000
0.0410000000
0.0410000000
0.0410000000
0.0410000000
0.0410000000
0.0410000000
0.0410000000
0.0410000000
0.0410000000
0.0410000000
0.0410000000
0.0410000000
0.0410000000
0.0410000000
0.0410000000
0.0410000000
0.0410000000
0.0410000000
0.0410000000
0.0410000000
0.0410000000
0.0410000000
0.0410000000
0.0410000000
0.0410000000
0.0410000000
0.0410000000
0.0410000000
0.0410000000
0.0410000000
0.0410000000
0.0410000000
0.0410000000
0.0410000000
0.0410000000
0.0410000000
0.0410000000
0.0410000000
0.0410000000
0.0410000000
0.0410000000
0.0410000000
0.0410000000
0.0410000000
0.0410000000
0.0410000000
0.0410000000
0.0410000000
0.0410000000
0.0410000000
0.0410000000
0.0410000000
0.0410000000
0.0410000000
0.0410000000
0.0410000000
0.0410000000
0.0410000000
0.0410000000
0.0410000000
0.0410000000
0.0410000000
0.0410000000
0.0410000000
0.0410000000
0.0410000000
0.0410000000
0.0410000000
0.0410000000
0.0410000000
0.0410000000
0.0410000000
0.0410000000
0.0410000000
0.0410000000
0.0410000000
0.0410000000
0.0410000000
0.0410000000
0.0410000000
0.0410000000
0.0410000000
0.0410000000
0.0410000000
0.0410000000
0.0410000000
0.0410000000
0.0410000000
0.0410000000
0.0410000000
0.0410000000
0.0410000000
0.0410000000
0.0410000000
0.0410000000
0.0410000000
0.0410000000
0.0410000000
0.0410000000
0.0410000000
0.0410000000
0.0410000000
0.0410000000
0.0410000000
0.0410000000
0.0410000000
0.0410000000
0.0410000000
0.0410000000
0.0410000000
0.0410000000
0.0410000000
0.0410000000
0.0410000000
0.0410000000
0.0410000000
0.0410000000
0.0410000000
0.0410000000
0.0410000000
0.0410000000
0.0410000000
0.0410000000
0.0410000000
0.0410000000
0.0410000000
0.0410000000
0.0410000000
0.0410000000
0.0410000000
0.0410000000
0.0410000000
0.0410000000
0.0410000000
0.0410000000
0.0410000000
0.0410000000
0.0410000000
0.0410000000
0.0410000000
0.0410000000
0.0410000000
0.0410000000
0.0410000000
0.0410000000
0.0410000000
0.0410000000
0.0410000000
0.0410000000
0.0410000000
0.0410000000
0.0410000000
0.0410000000
0.0410000000
0.0410000000
0.0410000000
0.0410000000
0.0410000000
0.0410000000
0.0410000000
0.0410000000
0.0410000000
0.0410000000
0.0410000000
0.0410000000
0.0410000000
0.0410000000
0.0410000000
0.0410000000
0.0410000000
0.0410000000
0.0410000000
0.0410000000
0.0410000000
0.0410000000
0.0410000000
0.0410000000
0.0410000000
0.0410000000
0.0410000000
0.0410000000
0.0410000000
0.0410000000
0.0410000000
0.0410000000
0.0410000000
0.0410000000
0.0410000000
0.0410000000
0.0410000000
0.0410000000
0.0410000000
0.0410000000
0.0410000000
0.0410000000
0.0410000000
0.0410000000
0.0410000000
0.0410000000
0.0410000000
0.0410000000
0.0410000000
0.0410000000
0.0410000000
0.0410000000
0.0410000000
0.0410000000
0.0410000000
0.0410000000
0.0410000000
0.0410000000
0.0410000000
0.0410000000
0.0410000000
0.0410000000
0.0410000000
0.0410000000
0.0410000000
0.0410000000
0.0410000000
0.0410000000
0.0410000000
0.0410000000
0.0410000000
0.0410000000
0.0410000000
0.0410000000
0.0410000000
0.0410000000
0.0410000000
0.0410000000
0.0410000000
0.0410000000
0.0410000000
0.0410000000
0.0410000000
0.0410000000
0.0410000000
0.0410000000
0.0410000000
0.0410000000
0.0410000000
0.0410000000
0.0410000000
0.0410000000
0.0410000000
0.0410000000
0.0410000000
0.0410000000
0.0410000000
0.0410000000
0.0410000000
0.0410000000
0.0410000000
0.0410000000
0.0410000000
0.0410000000
0.0410000000
0.0410000000
0.0410000000
0.0410000000
0.0410000000
0.0410000000
0.0410000000
0.0410000000
0.0410000000
0.0410000000
0.0410000000
0.0410000000
0.0410000000
0.0410000000
0.0410000000
0.0410000000
0.0410000000
0.0410000000
0.0410000000
0.0410000000
0.0410000000
0.0410000000
0.0410000000
0.0410000000
0.0410000000
0.0410000000
0.0410000000
0.0410000000
0.0410000000
0.0410000000
0.0410000000
0.0410000000
0.0410000000
0.0410000000
0.0410000000
0.0410000000
0.0410000000
0.0410000000
0.0410000000
0.0410000000
0.0410000000
0.0410000000
0.0410000000
0.0410000000
0.0410000000
0.0410000000
0.0410000000
0.0410000000
0.0410000000
0.0410000000
0.0410000000
0.0410000000
0.0410000000
0.0410000000
0.0410000000
0.0410000000
0.0410000000
0.0410000000
0.0410000000
0.0410000000
0.0410000000
0.0410000000
0.0410000000
0.0410000000
0.0410000000
0.0410000000
0.0410000000
0.0410000000
0.0410000000
0.0410000000
0.0410000000
0.0410000000
0.0410000000
0.0410000000
0.0410000000
0.0410000000
0.0410000000
0.0410000000
0.0410000000
0.0410000000
0.0410000000
0.0410000000
0.0410000000
0.0410000000
0.0410000000
0.0410000000
0.0410000000
0.0410000000
0.0410000000
0.0410000000
0.0410000000
0.0410000000
0.0410000000
0.0410000000
0.0410000000
0.0410000000
0.0410000000
0.0410000000
0.0410000000
0.0410000000
0.0410000000
0.0410000000
0.0410000000
0.0410000000
0.0410000000
0.0410000000
0.0410000000
0.0410000000
0.0410000000
0.0410000000
0.0410000000
0.0410000000
0.0410000000
0.0410000000
0.0410000000
0.0410000000
0.0410000000
0.0410000000
0.0410000000
0.0410000000
0.0410000000
0.0410000000
0.0410000000
0.0410000000
0.0410000000
0.0410000000
0.0410000000
0.0410000000
0.0410000000
0.0410000000
0.0410000000
0.0410000000
0.0410000000
0.0410000000
0.0410000000
0.0410000000
0.0410000000
0.0410000000
0.0410000000
0.0410000000
0.0410000000
0.0410000000
0.0410000000
0.0410000000
0.0410000000
0.0410000000
0.0410000000
0.0410000000
0.0410000000
0.0410000000
0.0410000000
0.0410000000
0.0410000000
0.0410000000
0.0410000000
0.0410000000
0.0410000000
0.0410000000
0.0410000000
0.0410000000
0.0410000000
0.0410000000
0.0410000000
0.0410000000
0.0410000000
0.0410000000
0.0410000000
0.0410000000
0.0410000000
0.0410000000
0.0410000000
0.0410000000
0.0410000000
0.0410000000
0.0410000000
0.0410000000
0.0410000000
0.0410000000
0.0410000000
0.0410000000
0.0410000000
0.0410000000
0.0410000000
0.0410000000
0.0410000000
0.0410000000
0.0410000000
0.0410000000
0.0410000000
0.0410000000
0.0410000000
0.0410000000
0.0410000000
0.0410000000
0.0410000000
0.0410000000
0.0410000000
0.0410000000
0.0410000000
0.0410000000
0.0410000000
0.0410000000
0.0410000000
0.0410000000
0.0410000000
0.0410000000
0.0410000000
0.0410000000
0.0410000000
0.0410000000
0.0410000000
0.0410000000
0.0410000000
0.0410000000
0.0410000000
0.0410000000
0.0410000000
0.0410000000
0.0410000000
0.0410000000
0.0410000000
0.0410000000
0.0410000000
0.0410000000
0.0410000000
0.0410000000
0.0410000000
0.0410000000
0.0410000000
0.0410000000
0.0410000000
0.0410000000
0.0410000000
0.0410000000
0.0410000000
0.0410000000
0.0410000000
0.0410000000
0.0410000000
0.0410000000
0.0410000000
0.0410000000
0.0410000000
0.0410000000
0.0410000000
0.0410000000
0.0410000000
0.0410000000
0.0410000000
0.0410000000
0.0410000000
0.0410000000
0.0410000000
0.0410000000
0.0410000000
0.0410000000
0.0410000000
0.0410000000
0.0410000000
0.0410000000
0.0410000000
0.0410000000
0.0410000000
0.0410000000
0.0410000000
0.0410000000
0.0410000000
0.0410000000
0.0410000000
0.0410000000
0.0410000000
0.0410000000
0.0410000000
0.0410000000
0.0410000000
0.0410000000
0.0410000000
0.0410000000
0.0410000000
0.0410000000
0.0410000000
0.0410000000
0.0410000000
0.0410000000
0.0410000000
0.0410000000
0.0410000000
0.0410000000
0.0410000000
0.0410000000
0.0410000000
0.0410000000
0.0410000000
0.0410000000
0.0410000000
0.0410000000
0.0410000000
0.0410000000
0.0410000000
0.0410000000
0.0410000000
0.0410000000
0.0410000000
0.0410000000
0.0410000000
0.0410000000
0.0410000000
0.0410000000
0.0410000000
0.0410000000
0.0410000000
0.0410000000
0.0410000000
0.0410000000
0.0410000000
0.0410000000
0.0410000000
0.0410000000
0.0410000000
0.0410000000
0.0410000000
0.0410000000
0.0410000000
0.0410000000
0.0410000000
0.0410000000
0.0410000000
0.0410000000
0.0410000000
0.0410000000
0.0410000000
0.0410000000
0.0410000000
0.0410000000
0.0410000000
0.0410000000
0.0410000000
0.0410000000
0.0410000000
0.0410000000
0.0410000000
0.0410000000
0.0410000000
0.0410000000
0.0410000000
0.0410000000
0.0410000000
0.0410000000
0.0410000000
0.0410000000
0.0410000000
0.0410000000
0.0410000000
0.0410000000
0.0410000000
0.0410000000
0.0410000000
0.0410000000
0.0410000000
0.0410000000
0.0410000000
0.0410000000
0.0410000000
0.0410000000
0.0410000000
0.0410000000
0.0410000000
0.0410000000
0.0410000000
0.0410000000
0.0410000000
0.0410000000
0.0410000000
0.0410000000
0.0410000000
0.0410000000
0.0410000000
0.0410000000
0.0410000000
0.0410000000
0.0410000000
0.0410000000
0.0410000000
0.0410000000
0.0410000000
0.0410000000
0.0410000000
0.0410000000
0.0410000000
0.0410000000
0.0410000000
0.0410000000
0.0410000000
0.0410000000
0.0410000000
0.0410000000
0.0410000000
0.0410000000
0.0410000000
0.0410000000
0.0410000000
0.0410000000
0.0410000000
0.0410000000
0.0410000000
0.0410000000
0.0410000000
0.0410000000
0.0410000000
0.0410000000
0.0410000000
0.0410000000
0.0410000000
0.0410000000
0.0410000000
0.0410000000
0.0410000000
0.0410000000
0.0410000000
0.0410000000
0.0410000000
0.0410000000
0.0410000000
0.0410000000
0.0410000000
0.0410000000
0.0410000000
0.0410000000
0.0410000000
0.0410000000
0.0410000000
0.0410000000
0.0410000000
0.0410000000
0.0410000000
0.0410000000
0.0410000000
0.0410000000
0.0410000000
0.0410000000
0.0410000000
0.0410000000
0.0410000000
0.0410000000
0.0410000000
0.0410000000
0.0410000000
0.0410000000
0.0410000000
0.0410000000
0.0410000000
0.0410000000
0.0410000000
0.0410000000
0.0410000000
0.0410000000
0.0410000000
0.0410000000
0.0410000000
0.0410000000
0.0410000000
0.0410000000
0.0410000000
0.0410000000
0.0410000000
0.0410000000
0.0410000000
0.0410000000
0.0410000000
0.0410000000
0.0410000000
0.0410000000
0.0410000000
0.0410000000
0.0410000000
0.0410000000
0.0410000000
0.0410000000
0.0410000000
0.0410000000
0.0410000000
0.0410000000
0.0410000000
0.0410000000
0.0410000000
0.0410000000
0.0410000000
0.0410000000
0.0410000000
0.0410000000
0.0410000000
0.0410000000
0.0410000000
0.0410000000
0.0410000000
0.0410000000
0.0410000000
0.0410000000
0.0410000000
0.0410000000
0.0410000000
0.0410000000
0.0410000000
0.0410000000
0.0410000000
0.0410000000
0.0410000000
0.0410000000
0.0410000000
0.0410000000
0.0410000000
0.0410000000
0.0410000000
0.0410000000
0.0410000000
0.0410000000
0.0410000000
0.0410000000
0.0410000000
0.0410000000
0.0410000000
0.0410000000
0.0410000000
0.0410000000
0.0410000000
0.0410000000
0.0410000000
0.0410000000
0.0410000000
0.0410000000
0.0410000000
0.0410000000
0.0410000000
0.0410000000
0.0410000000
0.0410000000
0.0410000000
0.0410000000
0.0410000000
0.0410000000
0.0410000000
0.0410000000
0.0410000000
0.0410000000
0.0410000000
0.0410000000
0.0410000000
0.0410000000
0.0410000000
0.0410000000
0.0410000000
0.0410000000
0.0410000000
0.0410000000
0.0410000000
0.0410000000
0.0410000000
0.0410000000
0.0410000000
0.0410000000
0.0410000000
0.0410000000
0.0410000000
0.0410000000
0.0410000000
0.0410000000
0.0410000000
0.0410000000
0.0410000000
0.0410000000
0.0410000000
0.0410000000
0.0410000000
0.0410000000
0.0410000000
0.0410000000
0.0410000000
0.0410000000
0.0410000000
0.0410000000
0.0410000000
0.0410000000
0.0410000000
0.0410000000
0.0410000000
0.0410000000
0.0410000000
0.0410000000
0.0410000000
0.0410000000
0.0410000000
0.0410000000
0.0410000000
0.0410000000
0.0410000000
0.0410000000
0.0410000000
0.0410000000
0.0410000000
0.0410000000
0.0410000000
0.0410000000
0.0410000000
0.0410000000
0.0410000000
0.0410000000
0.0410000000
0.0410000000
0.0410000000
0.0410000000
0.0410000000
0.0410000000
0.0410000000
0.0410000000
0.0410000000
0.0410000000
0.0410000000
0.0410000000
0.0410000000
0.0410000000
0.0410000000
0.0410000000
0.0410000000
0.0410000000
0.0410000000
0.0410000000
0.0410000000
0.0410000000
0.0410000000
0.0410000000
0.0410000000
0.0410000000
0.0410000000
0.0410000000
0.0410000000
0.0410000000
0.0410000000
0.0410000000
0.0410000000
0.0410000000
0.0410000000
0.0410000000
0.0410000000
0.0410000000
0.0410000000
0.0410000000
0.0410000000
0.0410000000
0.0410000000
0.0410000000
0.0410000000
0.0410000000
0.0410000000
0.0410000000
0.0410000000
0.0410000000
0.0410000000
0.0410000000
0.0410000000
0.0410000000
0.0410000000
0.0410000000
0.0410000000
0.0410000000
0.0410000000
0.0410000000
0.0410000000
0.0410000000
0.0410000000
0.0410000000
0.0410000000
0.0410000000
0.0410000000
0.0410000000
0.0410000000
0.0410000000
0.0410000000
0.0410000000
0.0410000000
0.0410000000
0.0410000000
0.0410000000
0.0410000000
0.0410000000
0.0410000000
0.0410000000
0.0410000000
0.0410000000
0.0410000000
0.0410000000
0.0410000000
0.0410000000
0.0410000000
0.0410000000
0.0410000000
0.0410000000
0.0410000000
0.0410000000
0.0410000000
0.0410000000
0.0410000000
0.0410000000
0.0410000000
0.0410000000
0.0410000000
0.0410000000
0.0410000000
0.0410000000
0.0410000000
0.0410000000
0.0410000000
0.0410000000
0.0410000000
0.0410000000
0.0410000000
0.0410000000
0.0410000000
0.0410000000
0.0410000000
0.0410000000
0.0410000000
0.0410000000
0.0410000000
0.0410000000
0.0410000000
0.0410000000
0.0410000000
0.0410000000
0.0410000000
0.0410000000
0.0410000000
0.0410000000
0.0410000000
0.0410000000
0.0410000000
0.0410000000
0.0410000000
0.0410000000
0.0410000000
0.0410000000
0.0410000000
0.0410000000
0.0410000000
0.0410000000
0.0410000000
0.0410000000
0.0410000000
0.0410000000
0.0410000000
0.0410000000
0.0410000000
0.0410000000
0.0410000000
0.0410000000
0.0410000000
0.0410000000
0.0410000000
0.0410000000
0.0410000000
0.0410000000
0.0410000000
0.0410000000
0.0410000000
0.0410000000
0.0410000000
0.0410000000
0.0410000000
0.0410000000
0.0410000000
0.0410000000
0.0410000000
0.0410000000
0.0410000000
0.0410000000
0.0410000000
0.0410000000
0.0410000000
0.0410000000
0.0410000000
0.0410000000
0.0410000000
0.0410000000
0.0410000000
0.0410000000
0.0410000000
0.0410000000
0.0410000000
0.0410000000
0.0410000000
0.0410000000
0.0410000000
0.0410000000
0.0410000000
0.0410000000
0.0410000000
0.0410000000
0.0410000000
0.0410000000
0.0410000000
0.0410000000
0.0410000000
0.0410000000
0.0410000000
0.0410000000
0.0410000000
0.0410000000
0.0410000000
0.0410000000
0.0410000000
0.0410000000
0.0410000000
0.0410000000
0.0410000000
0.0410000000
0.0410000000
0.0410000000
0.0410000000
0.0410000000
0.0410000000
0.0410000000
0.0410000000
0.0410000000
0.0410000000
0.0410000000
0.0410000000
0.0410000000
0.0410000000
0.0410000000
0.0410000000
0.0410000000
0.0410000000
0.0410000000
0.0410000000
0.0410000000
0.0410000000
0.0410000000
0.0410000000
0.0410000000
0.0410000000
0.0410000000
0.0410000000
0.0410000000
0.0410000000
0.0410000000
0.0410000000
0.0410000000
0.0410000000
0.0410000000
0.0410000000
0.0410000000
0.0410000000
0.0410000000
0.0410000000
0.0410000000
0.0410000000
0.0410000000
0.0410000000
0.0410000000
0.0410000000
0.0410000000
0.0410000000
0.0410000000
0.0410000000
0.0410000000
0.0410000000
0.0410000000
0.0410000000
0.0410000000
0.0410000000
0.0410000000
0.0410000000
0.0410000000
0.0410000000
0.0410000000
0.0410000000
0.0410000000
0.0410000000
0.0410000000
0.0410000000
0.0410000000
0.0410000000
0.0410000000
0.0410000000
0.0410000000
0.0410000000
0.0410000000
0.0410000000
0.0410000000
0.0410000000
0.0410000000
0.0410000000
0.0410000000
0.0410000000
0.0410000000
0.0410000000
0.0410000000
0.0410000000
0.0410000000
0.0410000000
0.0410000000
0.0410000000
0.0410000000
0.0410000000
0.0410000000
0.0410000000
0.0410000000
0.0410000000
0.0410000000
0.0410000000
0.0410000000
0.0410000000
0.0410000000
0.0410000000
0.0410000000
0.0410000000
0.0410000000
0.0410000000
0.0410000000
0.0410000000
0.0410000000
0.0410000000
0.0410000000
0.0410000000
0.0410000000
0.0410000000
0.0410000000
0.0410000000
0.0410000000
0.0410000000
0.0410000000
0.0410000000
0.0410000000
0.0410000000
0.0410000000
0.0410000000
0.0410000000
0.0410000000
0.0410000000
0.0410000000
0.0410000000
0.0410000000
0.0410000000
0.0410000000
0.0410000000
0.0410000000
0.0410000000
0.0410000000
0.0410000000
0.0410000000
0.0410000000
0.0410000000
0.0410000000
0.0410000000
0.0410000000
0.0410000000
0.0410000000
0.0410000000
0.0410000000
0.0410000000
0.0410000000
0.0410000000
0.0410000000
0.0410000000
0.0410000000
0.0410000000
0.0410000000
0.0410000000
0.0410000000
0.0410000000
0.0410000000
0.0410000000
0.0410000000
0.0410000000
0.0410000000
0.0410000000
0.0410000000
0.0410000000
0.0410000000
0.0410000000
0.0410000000
0.0410000000
0.0410000000
0.0410000000
0.0410000000
0.0410000000
0.0410000000
0.0410000000
0.0410000000
0.0410000000
0.0410000000
0.0410000000
0.0410000000
0.0410000000
0.0410000000
0.0410000000
0.0410000000
0.0410000000
0.0410000000
0.0410000000
0.0410000000
0.0410000000
0.0410000000
0.0410000000
0.0410000000
0.0410000000
0.0410000000
0.0410000000
0.0410000000
0.0410000000
0.0410000000
0.0410000000
0.0410000000
0.0410000000
0.0410000000
0.0410000000
0.0410000000
0.0410000000
0.0410000000
0.0410000000
0.0410000000
0.0410000000
0.0410000000
0.0410000000
0.0410000000
0.0410000000
0.0410000000
0.0410000000
0.0410000000
0.0410000000
0.0410000000
0.0410000000
0.0410000000
0.0410000000
0.0410000000
0.0410000000
0.0410000000
0.0410000000
0.0410000000
0.0410000000
0.0410000000
0.0410000000
0.0410000000
0.0410000000
0.0410000000
0.0410000000
0.0410000000
0.0410000000
0.0410000000
0.0410000000
0.0410000000
0.0410000000
0.0410000000
0.0410000000
0.0410000000
0.0410000000
0.0410000000
0.0410000000
0.0410000000
0.0410000000
0.0410000000
0.0410000000
0.0410000000
0.0410000000
0.0410000000
0.0410000000
0.0410000000
0.0410000000
0.0410000000
0.0410000000
0.0410000000
0.0410000000
0.0410000000
0.0410000000
0.0410000000
0.0410000000
0.0410000000
0.0410000000
0.0410000000
0.0410000000
0.0410000000
0.0410000000
0.0410000000
0.0410000000
0.0410000000
0.0410000000
0.0410000000
0.0410000000
0.0410000000
0.0410000000
0.0410000000
0.0410000000
0.0410000000
0.0410000000
0.0410000000
0.0410000000
0.0410000000
0.0410000000
0.0410000000
0.0410000000
0.0410000000
0.0410000000
0.0410000000
0.0410000000
0.0410000000
0.0410000000
0.0410000000
0.0410000000
0.0410000000
0.0410000000
0.0410000000
0.0410000000
0.0410000000
0.0410000000
0.0410000000
0.0410000000
0.0410000000
0.0410000000
0.0410000000
0.0410000000
0.0410000000
0.0410000000
0.0410000000
0.0410000000
0.0410000000
0.0410000000
0.0410000000
0.0410000000
0.0410000000
0.0410000000
0.0410000000
0.0410000000
0.0410000000
0.0410000000
0.0410000000
0.0410000000
0.0410000000
0.0410000000
0.0410000000
0.0410000000
0.0410000000
0.0410000000
0.0410000000
0.0410000000
0.0410000000
0.0410000000
0.0410000000
0.0410000000
0.0410000000
0.0410000000
0.0410000000
0.0410000000
0.0410000000
0.0410000000
0.0410000000
0.0410000000
0.0410000000
0.0410000000
0.0410000000
0.0410000000
0.0410000000
0.0410000000
0.0410000000
0.0410000000
0.0410000000
0.0410000000
0.0410000000
0.0410000000
0.0410000000
0.0410000000
0.0410000000
0.0410000000
0.0410000000
0.0410000000
0.0410000000
0.0410000000
0.0410000000
0.0410000000
0.0410000000
0.0410000000
0.0410000000
0.0410000000
0.0410000000
0.0410000000
0.0410000000
0.0410000000
0.0410000000
0.0410000000
0.0410000000
0.0410000000
0.0410000000
0.0410000000
0.0410000000
0.0410000000
0.0410000000
0.0410000000
0.0410000000
0.0410000000
0.0410000000
0.0410000000
0.0410000000
0.0410000000
0.0410000000
0.0410000000
0.0410000000
0.0410000000
0.0410000000
0.0410000000
0.0410000000
0.0410000000
0.0410000000
0.0410000000
0.0410000000
0.0410000000
0.0410000000
0.0410000000
0.0410000000
0.0410000000
0.0410000000
0.0410000000
0.0410000000
0.0410000000
0.0410000000
0.0410000000
0.0410000000
0.0410000000
0.0410000000
0.0410000000
0.0410000000
0.0410000000
0.0410000000
0.0410000000
0.0410000000
0.0410000000
0.0410000000
0.0410000000
0.0410000000
0.0410000000
0.0410000000
0.0410000000
0.0410000000
0.0410000000
0.0410000000
0.0410000000
0.0410000000
0.0410000000
0.0410000000
0.0410000000
0.0410000000
0.0410000000
0.0410000000
0.0410000000
0.0410000000
0.0410000000
0.0410000000
0.0410000000
0.0410000000
0.0410000000
0.0410000000
0.0410000000
0.0410000000
0.0410000000
0.0410000000
0.0410000000
0.0410000000
0.0410000000
0.0410000000
0.0410000000
0.0410000000
0.0410000000
0.0410000000
0.0410000000
0.0410000000
0.0410000000
0.0410000000
0.0410000000
0.0410000000
0.0410000000
0.0410000000
0.0410000000
0.0410000000
0.0410000000
0.0410000000
0.0410000000
0.0410000000
0.0410000000
0.0410000000
0.0410000000
0.0410000000
0.0410000000
0.0410000000
0.0410000000
0.0410000000
0.0410000000
0.0410000000
0.0410000000
0.0410000000
0.0410000000
0.0410000000
0.0410000000
0.0410000000
0.0410000000
0.0410000000
0.0410000000
0.0410000000
0.0410000000
0.0410000000
0.0410000000
0.0410000000
0.0410000000
0.0410000000
0.0410000000
0.0410000000
0.0410000000
0.0410000000
0.0410000000
0.0410000000
0.0410000000
0.0410000000
0.0410000000
0.0410000000
0.0410000000
0.0410000000
0.0410000000
0.0410000000
0.0410000000
0.0410000000
0.0410000000
0.0410000000
0.0410000000
0.0410000000
0.0410000000
0.0410000000
0.0410000000
0.0410000000
0.0410000000
0.0410000000
0.0410000000
0.0410000000
0.0410000000
0.0410000000
0.0410000000
0.0410000000
0.0410000000
0.0410000000
0.0410000000
0.0410000000
0.0410000000
0.0410000000
0.0410000000
0.0410000000
0.0410000000
0.0410000000
0.0410000000
0.0410000000
0.0410000000
0.0410000000
0.0410000000
0.0410000000
0.0410000000
0.0410000000
0.0410000000
0.0410000000
0.0410000000
0.0410000000
0.0410000000
0.0410000000
0.0410000000
0.0410000000
0.0410000000
0.0410000000
0.0410000000
0.0410000000
0.0410000000
0.0410000000
0.0410000000
0.0410000000
0.0410000000
0.0410000000
0.0410000000
0.0410000000
0.0410000000
0.0410000000
0.0410000000
0.0410000000
0.0410000000
0.0410000000
0.0410000000
0.0410000000
0.0410000000
0.0410000000
0.0410000000
0.0410000000
0.0410000000
0.0410000000
0.0410000000
0.0410000000
0.0410000000
0.0410000000
0.0410000000
0.0410000000
0.0410000000
0.0410000000
0.0410000000
0.0410000000
0.0410000000
0.0410000000
0.0410000000
0.0410000000
0.0410000000
0.0410000000
0.0410000000
0.0410000000
0.0410000000
0.0410000000
0.0410000000
0.0410000000
0.0410000000
0.0410000000
0.0410000000
0.0410000000
0.0410000000
0.0410000000
0.0410000000
0.0410000000
0.0410000000
0.0410000000
0.0410000000
0.0410000000
0.0410000000
0.0410000000
0.0410000000
0.0410000000
0.0410000000
0.0410000000
0.0410000000
0.0410000000
0.0410000000
0.0410000000
0.0410000000
0.0410000000
0.0410000000
0.0410000000
0.0410000000
0.0410000000
0.0410000000
0.0410000000
0.0410000000
0.0410000000
0.0410000000
0.0410000000
0.0410000000
0.0410000000
0.0410000000
0.0410000000
0.0410000000
0.0410000000
0.0410000000
0.0410000000
0.0410000000
0.0410000000
0.0410000000
0.0410000000
0.0410000000
0.0410000000
0.0410000000
0.0410000000
0.0410000000
0.0410000000
0.0410000000
0.0410000000
0.0410000000
0.0410000000
0.0410000000
0.0410000000
0.0410000000
0.0410000000
0.0410000000
0.0410000000
0.0410000000
0.0410000000
0.0410000000
0.0410000000
0.0410000000
0.0410000000
0.0410000000
0.0410000000
0.0410000000
0.0410000000
0.0410000000
0.0410000000
0.0410000000
0.0410000000
0.0410000000
0.0410000000
0.0410000000
0.0410000000
0.0410000000
0.0410000000
0.0410000000
0.0410000000
0.0410000000
0.0410000000
0.0410000000
0.0410000000
0.0410000000
0.0410000000
0.0410000000
0.0410000000
0.0410000000
0.0410000000
0.0410000000
0.0410000000
0.0410000000
0.0410000000
0.0410000000
0.0410000000
0.0410000000
0.0410000000
0.0410000000
0.0410000000
0.0410000000
0.0410000000
0.0410000000
0.0410000000
0.0410000000
0.0410000000
0.0410000000
0.0410000000
0.0410000000
0.0410000000
0.0410000000
0.0410000000
0.0410000000
0.0410000000
0.0410000000
0.0410000000
0.0410000000
0.0410000000
0.0410000000
0.0410000000
0.0410000000
0.0410000000
0.0410000000
0.0410000000
0.0410000000
0.0410000000
0.0410000000
0.0410000000
0.0410000000
0.0410000000
0.0410000000
0.0410000000
0.0410000000
0.0410000000
0.0410000000
0.0410000000
0.0410000000
0.0410000000
0.0410000000
0.0410000000
0.0410000000
0.0410000000
0.0410000000
0.0410000000
0.0410000000
0.0410000000
0.0410000000
0.0410000000
0.0410000000
0.0410000000
0.0410000000
0.0410000000
0.0410000000
0.0410000000
0.0410000000
0.0410000000
0.0410000000
0.0410000000
0.0410000000
0.0410000000
0.0410000000
0.0410000000
0.0410000000
0.0410000000
0.0410000000
0.0410000000
0.0410000000
0.0410000000
0.0410000000
0.0410000000
0.0410000000
0.0410000000
0.0410000000
0.0410000000
0.0410000000
0.0410000000
0.0410000000
0.0410000000
0.0410000000
0.0410000000
0.0410000000
0.0410000000
0.0410000000
0.0410000000
0.0410000000
0.0410000000
0.0410000000
0.0410000000
0.0410000000
0.0410000000
0.0410000000
0.0410000000
0.0410000000
0.0410000000
0.0410000000
0.0410000000
0.0410000000
0.0410000000
0.0410000000
0.0410000000
0.0410000000
0.0410000000
0.0410000000
0.0410000000
0.0410000000
0.0410000000
0.0410000000
0.0410000000
0.0410000000
0.0410000000
0.0410000000
0.0410000000
0.0410000000
0.0410000000
0.0410000000
0.0410000000
0.0410000000
0.0410000000
0.0410000000
0.0410000000
0.0410000000
0.0410000000
0.0410000000
0.0410000000
0.0410000000
0.0410000000
0.0410000000
0.0410000000
0.0410000000
0.0410000000
0.0410000000
0.0410000000
0.0410000000
0.0410000000
0.0410000000
0.0410000000
0.0410000000
0.0410000000
0.0410000000
0.0410000000
0.0410000000
0.0410000000
0.0410000000
0.0410000000
0.0410000000
0.0410000000
0.0410000000
0.0410000000
0.0410000000
0.0410000000
0.0410000000
0.0410000000
0.0410000000
0.0410000000
0.0410000000
0.0410000000
0.0410000000
0.0410000000
0.0410000000
0.0410000000
0.0410000000
0.0410000000
0.0410000000
0.0410000000
0.0410000000
0.0410000000
0.0410000000
0.0410000000
0.0410000000
0.0410000000
0.0410000000
0.0410000000
0.0410000000
0.0410000000
0.0410000000
0.0410000000
0.0410000000
0.0410000000
0.0410000000
0.0410000000
0.0410000000
0.0410000000
0.0410000000
0.0410000000
0.0410000000
0.0410000000
0.0410000000
0.0410000000
0.0410000000
0.0410000000
0.0410000000
0.0410000000
0.0410000000
0.0410000000
0.0410000000
0.0410000000
0.0410000000
0.0410000000
0.0410000000
0.0410000000
0.0410000000
0.0410000000
0.0410000000
0.0410000000
0.0410000000
0.0410000000
0.0410000000
0.0410000000
0.0410000000
0.0410000000
0.0410000000
0.0410000000
0.0410000000
0.0410000000
0.0410000000
0.0410000000
0.0410000000
0.0410000000
0.0410000000
0.0410000000
0.0410000000
0.0410000000
0.0410000000
0.0410000000
0.0410000000
0.0410000000
0.0410000000
0.0410000000
0.0410000000
0.0410000000
0.0410000000
0.0410000000
0.0410000000
0.0410000000
0.0410000000
0.0410000000
0.0410000000
0.0410000000
0.0410000000
0.0410000000
0.0410000000
0.0410000000
0.0410000000
0.0410000000
0.0410000000
0.0410000000
0.0410000000
0.0410000000
0.0410000000
0.0410000000
0.0410000000
0.0410000000
0.0410000000
0.0410000000
0.0410000000
0.0410000000
0.0410000000
0.0410000000
0.0410000000
0.0410000000
0.0410000000
0.0410000000
0.0410000000
0.0410000000
0.0410000000
0.0410000000
0.0410000000
0.0410000000
0.0410000000
0.0410000000
0.0410000000
0.0410000000
0.0410000000
0.0410000000
0.0410000000
0.0410000000
0.0410000000
0.0410000000
0.0410000000
0.0410000000
0.0410000000
0.0410000000
0.0410000000
0.0410000000
0.0410000000
0.0410000000
0.0410000000
0.0410000000
0.0410000000
0.0410000000
0.0410000000
0.0410000000
0.0410000000
0.0410000000
0.0410000000
0.0410000000
0.0410000000
0.0410000000
0.0410000000
0.0410000000
0.0410000000
0.0410000000
0.0410000000
0.0410000000
0.0410000000
0.0410000000
0.0410000000
0.0410000000
0.0410000000
0.0410000000
0.0410000000
0.0410000000
0.0410000000
0.0410000000
0.0410000000
0.0410000000
0.0410000000
0.0410000000
0.0410000000
0.0410000000
0.0410000000
0.0410000000
0.0410000000
0.0410000000
0.0410000000
0.0410000000
0.0410000000
0.0410000000
0.0410000000
0.0410000000
0.0410000000
0.0410000000
0.0410000000
0.0410000000
0.0410000000
0.0410000000
0.0410000000
0.0410000000
0.0410000000
0.0410000000
0.0410000000
0.0410000000
0.0410000000
0.0410000000
0.0410000000
0.0410000000
0.0410000000
0.0410000000
0.0410000000
0.0410000000
0.0410000000
0.0410000000
0.0410000000
0.0410000000
0.0410000000
0.0410000000
0.0410000000
0.0410000000
0.0410000000
0.0410000000
0.0410000000
0.0410000000
0.0410000000
0.0410000000
0.0410000000
0.0410000000
0.0410000000
0.0410000000
0.0410000000
0.0410000000
0.0410000000
0.0410000000
0.0410000000
0.0410000000
0.0410000000
0.0410000000
0.0410000000
0.0410000000
0.0410000000
0.0410000000
0.0410000000
0.0410000000
0.0410000000
0.0410000000
0.0410000000
0.0410000000
0.0410000000
0.0410000000
0.0410000000
0.0410000000
0.0410000000
0.0410000000
0.0410000000
0.0410000000
0.0410000000
0.0410000000
0.0410000000
0.0410000000
0.0410000000
0.0410000000
0.0410000000
0.0410000000
0.0410000000
0.0410000000
0.0410000000
0.0410000000
0.0410000000
0.0410000000
0.0410000000
0.0410000000
0.0410000000
0.0410000000
0.0410000000
0.0410000000
0.0410000000
0.0410000000
0.0410000000
0.0410000000
0.0410000000
0.0410000000
0.0410000000
0.0410000000
0.0410000000
0.0410000000
0.0410000000
0.0410000000
0.0410000000
0.0410000000
0.0410000000
0.0410000000
0.0410000000
0.0410000000
0.0410000000
0.0410000000
0.0410000000
0.0410000000
0.0410000000
0.0410000000
0.0410000000
0.0410000000
0.0410000000
0.0410000000
0.0410000000
0.0410000000
0.0410000000
0.0410000000
0.0410000000
0.0410000000
0.0410000000
0.0410000000
0.0410000000
0.0410000000
0.0410000000
0.0410000000
0.0410000000
0.0410000000
0.0410000000
0.0410000000
0.0410000000
0.0410000000
0.0410000000
0.0410000000
0.0410000000
0.0410000000
0.0410000000
0.0410000000
0.0410000000
0.0410000000
0.0410000000
0.0410000000
0.0410000000
0.0410000000
0.0410000000
0.0410000000
0.0410000000
0.0410000000
0.0410000000
0.0410000000
0.0410000000
0.0410000000
0.0410000000
0.0410000000
0.0410000000
0.0410000000
0.0410000000
0.0410000000
0.0410000000
0.0410000000
0.0410000000
0.0410000000
0.0410000000
0.0410000000
0.0410000000
0.0410000000
0.0410000000
0.0410000000
0.0410000000
0.0410000000
0.0410000000
0.0410000000
0.0410000000
0.0410000000
0.0410000000
0.0410000000
0.0410000000
0.0410000000
0.0410000000
0.0410000000
0.0410000000
0.0410000000
0.0410000000
0.0410000000
0.0410000000
0.0410000000
0.0410000000
0.0410000000
0.0410000000
0.0410000000
0.0410000000
0.0410000000
0.0410000000
0.0410000000
0.0410000000
0.0410000000
0.0410000000
0.0410000000
0.0410000000
0.0410000000
0.0410000000
0.0410000000
0.0410000000
0.0410000000
0.0410000000
0.0410000000
0.0410000000
0.0410000000
0.0410000000
0.0410000000
0.0410000000
0.0410000000
0.0410000000
0.0410000000
0.0410000000
0.0410000000
0.0410000000
0.0410000000
0.0410000000
0.0410000000
0.0410000000
0.0410000000
0.0410000000
0.0410000000
0.0410000000
0.0410000000
0.0410000000
0.0410000000
0.0410000000
0.0410000000
0.0410000000
0.0410000000
0.0410000000
0.0410000000
0.0410000000
0.0410000000
0.0410000000
0.0410000000
0.0410000000
0.0410000000
0.0410000000
0.0410000000
0.0410000000
0.0410000000
0.0410000000
0.0410000000
0.0410000000
0.0410000000
0.0410000000
0.0410000000
0.0410000000
0.0410000000
0.0410000000
0.0410000000
0.0410000000
0.0410000000
0.0410000000
0.0410000000
0.0410000000
0.0410000000
0.0410000000
0.0410000000
0.0410000000
0.0410000000
0.0410000000
0.0410000000
0.0410000000
0.0410000000
0.0410000000
0.0410000000
0.0410000000
0.0410000000
0.0410000000
0.0410000000
0.0410000000
0.0410000000
0.0410000000
0.0410000000
0.0410000000
0.0410000000
0.0410000000
0.0410000000
0.0410000000
0.0410000000
0.0410000000
0.0410000000
0.0410000000
0.0410000000
0.0410000000
0.0410000000
0.0410000000
0.0410000000
0.0410000000
0.0410000000
0.0410000000
0.0410000000
0.0410000000
0.0410000000
0.0410000000
0.0410000000
0.0410000000
0.0410000000
0.0410000000
0.0410000000
0.0410000000
0.0410000000
0.0410000000
0.0410000000
0.0410000000
0.0410000000
0.0410000000
0.0410000000
0.0410000000
0.0410000000
0.0410000000
0.0410000000
0.0410000000
0.0410000000
0.0410000000
0.0410000000
0.0410000000
0.0410000000
0.0410000000
0.0410000000
0.0410000000
0.0410000000
0.0410000000
0.0410000000
0.0410000000
0.0410000000
0.0410000000
0.0410000000
0.0410000000
0.0410000000
0.0410000000
0.0410000000
0.0410000000
0.0410000000
0.0410000000
0.0410000000
0.0410000000
0.0410000000
0.0410000000
0.0410000000
0.0410000000
0.0410000000
0.0410000000
0.0410000000
0.0410000000
0.0410000000
0.0410000000
0.0410000000
0.0410000000
0.0410000000
0.0410000000
0.0410000000
0.0410000000
0.0410000000
0.0410000000
0.0410000000
0.0410000000
0.0410000000
0.0410000000
0.0410000000
0.0410000000
0.0410000000
0.0410000000
0.0410000000
0.0410000000
0.0410000000
0.0410000000
0.0410000000
0.0410000000
0.0410000000
0.0410000000
0.0410000000
0.0410000000
0.0410000000
0.0410000000
0.0410000000
0.0410000000
0.0410000000
0.0410000000
0.0410000000
0.0410000000
0.0410000000
0.0410000000
0.0410000000
0.0410000000
0.0410000000
0.0410000000
0.0410000000
0.0410000000
0.0410000000
0.0410000000
0.0410000000
0.0410000000
0.0410000000
0.0410000000
0.0410000000
0.0410000000
0.0410000000
0.0410000000
0.0410000000
0.0410000000
0.0410000000
0.0410000000
0.0410000000
0.0410000000
0.0410000000
0.0410000000
0.0410000000
0.0410000000
0.0410000000
0.0410000000
0.0410000000
0.0410000000
0.0410000000
0.0410000000
0.0410000000
0.0410000000
0.0410000000
0.0410000000
0.0410000000
0.0410000000
0.0410000000
0.0410000000
0.0410000000
0.0410000000
0.0410000000
0.0410000000
0.0410000000
0.0410000000
0.0410000000
0.0410000000
0.0410000000
0.0410000000
0.0410000000
0.0410000000
0.0410000000
0.0410000000
0.0410000000
0.0410000000
0.0410000000
0.0410000000
0.0410000000
0.0410000000
0.0410000000
0.0410000000
0.0410000000
0.0410000000
0.0410000000
0.0410000000
0.0410000000
0.0410000000
0.0410000000
0.0410000000
0.0410000000
0.0410000000
0.0410000000
0.0410000000
0.0410000000
0.0410000000
0.0410000000
0.0410000000
0.0410000000
0.0410000000
0.0410000000
0.0410000000
0.0410000000
0.0410000000
0.0410000000
0.0410000000
0.0410000000
0.0410000000
0.0410000000
0.0410000000
0.0410000000
0.0410000000
0.0410000000
0.0410000000
0.0410000000
0.0410000000
0.0410000000
0.0410000000
0.0410000000
0.0410000000
0.0410000000
0.0410000000
0.0410000000
0.0410000000
0.0410000000
0.0410000000
0.0410000000
0.0410000000
0.0410000000
0.0410000000
0.0410000000
0.0410000000
0.0410000000
0.0410000000
0.0410000000
0.0410000000
0.0410000000
0.0410000000
0.0410000000
0.0410000000
0.0410000000
0.0410000000
0.0410000000
0.0410000000
0.0410000000
0.0410000000
0.0410000000
0.0410000000
0.0410000000
0.0410000000
0.0410000000
0.0410000000
0.0410000000
0.0410000000
0.0410000000
0.0410000000
0.0410000000
0.0410000000
0.0410000000
0.0410000000
0.0410000000
0.0410000000
0.0410000000
0.0410000000
0.0410000000
0.0410000000
0.0410000000
0.0410000000
0.0410000000
0.0410000000
0.0410000000
0.0410000000
0.0410000000
0.0410000000
0.0410000000
0.0410000000
0.0410000000
0.0410000000
0.0410000000
0.0410000000
0.0410000000
0.0410000000
0.0410000000
0.0410000000
0.0410000000
0.0410000000
0.0410000000
0.0410000000
0.0410000000
0.0410000000
0.0410000000
0.0410000000
0.0410000000
0.0410000000
0.0410000000
0.0410000000
0.0410000000
0.0410000000
0.0410000000
0.0410000000
0.0410000000
0.0410000000
0.0410000000
0.0410000000
0.0410000000
0.0410000000
0.0410000000
0.0410000000
0.0410000000
0.0410000000
0.0410000000
0.0410000000
0.0410000000
0.0410000000
0.0410000000
0.0410000000
0.0410000000
0.0410000000
0.0410000000
0.0410000000
0.0410000000
0.0410000000
0.0410000000
0.0410000000
0.0410000000
0.0410000000
0.0410000000
0.0410000000
0.0410000000
0.0410000000
0.0410000000
0.0410000000
0.0410000000
0.0410000000
0.0410000000
0.0410000000
0.0410000000
0.0410000000
0.0410000000
0.0410000000
0.0410000000
0.0410000000
0.0410000000
0.0410000000
0.0410000000
0.0410000000
0.0410000000
0.0410000000
0.0410000000
0.0410000000
0.0410000000
0.0410000000
0.0410000000
0.0410000000
0.0410000000
0.0410000000
0.0410000000
0.0410000000
0.0410000000
0.0410000000
0.0410000000
0.0410000000
0.0410000000
0.0410000000
0.0410000000
0.0410000000
0.0410000000
0.0410000000
0.0410000000
0.0410000000
0.0410000000
0.0410000000
0.0410000000
0.0410000000
0.0410000000
0.0410000000
0.0410000000
0.0410000000
0.0410000000
0.0410000000
0.0410000000
0.0410000000
0.0410000000
0.0410000000
0.0410000000
0.0410000000
0.0410000000
0.0410000000
0.0410000000
0.0410000000
0.0410000000
0.0410000000
0.0410000000
0.0410000000
0.0410000000
0.0410000000
0.0410000000
0.0410000000
0.0410000000
0.0410000000
0.0410000000
0.0410000000
0.0410000000
0.0410000000
0.0410000000
0.0410000000
0.0410000000
0.0410000000
0.0410000000
0.0410000000
0.0410000000
0.0410000000
0.0410000000
0.0410000000
0.0410000000
0.0410000000
0.0410000000
0.0410000000
0.0410000000
0.0410000000
0.0410000000
0.0410000000
0.0410000000
0.0410000000
0.0410000000
0.0410000000
0.0410000000
0.0410000000
0.0410000000
0.0410000000
0.0410000000
0.0410000000
0.0410000000
0.0410000000
0.0410000000
0.0410000000
0.0410000000
0.0410000000
0.0410000000
0.0410000000
0.0410000000
0.0410000000
0.0410000000
0.0410000000
0.0410000000
0.0410000000
0.0410000000
0.0410000000
0.0410000000
0.0410000000
0.0410000000
0.0410000000
0.0410000000
0.0410000000
0.0410000000
0.0410000000
0.0410000000
0.0410000000
0.0410000000
0.0410000000
0.0410000000
0.0410000000
0.0410000000
0.0410000000
0.0410000000
0.0410000000
0.0410000000
0.0410000000
0.0410000000
0.0410000000
0.0410000000
0.0410000000
0.0410000000
0.0410000000
0.0410000000
0.0410000000
0.0410000000
0.0410000000
0.0410000000
0.0410000000
0.0410000000
0.0410000000
0.0410000000
0.0410000000
0.0410000000
0.0410000000
0.0410000000
0.0410000000
0.0410000000
0.0410000000
0.0410000000
0.0410000000
0.0410000000
0.0410000000
0.0410000000
0.0410000000
0.0410000000
0.0410000000
0.0410000000
0.0410000000
0.0410000000
0.0410000000
0.0410000000
0.0410000000
0.0410000000
0.0410000000
0.0410000000
0.0410000000
0.0410000000
0.0410000000
0.0410000000
0.0410000000
0.0410000000
0.0410000000
0.0410000000
0.0410000000
0.0410000000
0.0410000000
0.0410000000
0.0410000000
0.0410000000
0.0410000000
0.0410000000
0.0410000000
0.0410000000
0.0410000000
0.0410000000
0.0410000000
0.0410000000
0.0410000000
0.0410000000
0.0410000000
0.0410000000
0.0410000000
0.0410000000
0.0410000000
0.0410000000
0.0410000000
0.0410000000
0.0410000000
0.0410000000
0.0410000000
0.0410000000
0.0410000000
0.0410000000
0.0410000000
0.0410000000
0.0410000000
0.0410000000
0.0410000000
0.0410000000
0.0410000000
0.0410000000
0.0410000000
0.0410000000
0.0410000000
0.0410000000
0.0410000000
0.0410000000
0.0410000000
0.0410000000
0.0410000000
0.0410000000
0.0410000000
0.0410000000
0.0410000000
0.0410000000
0.0410000000
0.0410000000
0.0410000000
0.0410000000
0.0410000000
0.0410000000
0.0410000000
0.0410000000
0.0410000000
0.0410000000
0.0410000000
0.0410000000
0.0410000000
0.0410000000
0.0410000000
0.0410000000
0.0410000000
0.0410000000
0.0410000000
0.0410000000
0.0410000000
0.0410000000
0.0410000000
0.0410000000
0.0410000000
0.0410000000
0.0410000000
0.0410000000
0.0410000000
0.0410000000
0.0410000000
0.0410000000
0.0410000000
0.0410000000
0.0410000000
0.0410000000
0.0410000000
0.0410000000
0.0410000000
0.0410000000
0.0410000000
0.0410000000
0.0410000000
0.0410000000
0.0410000000
0.0410000000
0.0410000000
0.0410000000
0.0410000000
0.0410000000
0.0410000000
0.0410000000
0.0410000000
0.0410000000
0.0410000000
0.0410000000
0.0410000000
0.0410000000
0.0410000000
0.0410000000
0.0410000000
0.0410000000
0.0410000000
0.0410000000
0.0410000000
0.0410000000
0.0410000000
0.0410000000
0.0410000000
0.0410000000
0.0410000000
0.0410000000
0.0410000000
0.0410000000
0.0410000000
0.0410000000
0.0410000000
0.0410000000
0.0410000000
0.0410000000
0.0410000000
0.0410000000
0.0410000000
0.0410000000
0.0410000000
0.0410000000
0.0410000000
0.0410000000
0.0410000000
0.0410000000
0.0410000000
0.0410000000
0.0410000000
0.0410000000
0.0410000000
0.0410000000
0.0410000000
