0.0638098008
0.0635743487
0.0627683125
0.0615445260
0.0598224956
0.0598224956
0.0598224956
0.0598224956
0.0598180417
0.0598180417
0.0598111897
0.0585978788
0.0581595911
0.0581595911
0.0581595911
0.0581595911
0.0581595911
0.0581587985
0.0581321941
0.0579079368
0.0579079368
0.0579079368
0.0579079368
0.0579076656
0.0579048997
0.0579048741
0.0579048741
0.0579048741
0.0579043752
0.0579040814
0.0578959037
0.0575608986
0.0575608986
0.0574414373
0.0574259848
0.0574258444
0.0574216260
0.0574216260
0.0574010671
0.0574009267
0.0574009267
0.0573848213
0.0573622370
0.0573567735
0.0573567735
0.0572355993
0.0571651172
0.0571067392
0.0570722382
0.0570689003
0.0570309420
0.0570158974
0.0566283549
0.0566183930
0.0565909076
0.0565851187
0.0564591467
0.0564571334
0.0564151580
0.0563891207
0.0562599924
0.0562599924
0.0562493748
0.0562034269
0.0560027619
0.0557961057
0.0553058367
0.0553058367
0.0553058367
0.0551041327
0.0551001471
0.0550913274
0.0550567153
0.0550534433
0.0550353958
0.0547511353
0.0546927589
0.0546829780
0.0545673037
0.0545204285
0.0544994542
0.0544443460
0.0544443460
0.0542936740
0.0541223211
0.0541175093
0.0537768000
0.0537767737
0.0536668171
0.0536501217
0.0536376077
0.0536251462
0.0533198369
0.0533073219
0.0531098511
0.0529437931
0.0529150657
0.0528927048
0.0528624591
0.0527145597
0.0525444620
0.0524712323
0.0524630389
0.0524034771
0.0524034771
0.0523764183
0.0523525076
0.0523094703
0.0523062913
0.0523007001
0.0522541549
0.0522423287
0.0522256863
0.0522237211
0.0521701780
0.0521450121
0.0520642521
0.0519883278
0.0519883278
0.0519798113
0.0519596825
0.0519495508
0.0519396140
0.0518333479
0.0517725664
0.0517725664
0.0517415989
0.0517415989
0.0517247228
0.0517231462
0.0517102467
0.0517003364
0.0515827589
0.0515803867
0.0515769097
0.0515459937
0.0515439289
0.0515281291
0.0515163750
0.0515092083
0.0514276097
0.0514174185
0.0514124770
0.0509137807
0.0509137807
0.0509034464
0.0508389486
0.0508226028
0.0508186590
0.0507919786
0.0507867662
0.0507814787
0.0507559934
0.0507552129
0.0507091312
0.0506976908
0.0502666424
0.0502380168
0.0502374753
0.0501819540
0.0501617745
0.0501445350
0.0501320010
0.0501179285
0.0500383672
0.0500121020
0.0500013191
0.0499931462
0.0499347203
0.0499296981
0.0499168077
0.0498799863
0.0498696098
0.0498696098
0.0497182443
0.0496913184
0.0495880082
0.0495861156
0.0495148217
0.0495143987
0.0494171293
0.0493593887
0.0493593887
0.0491109265
0.0491109265
0.0488712094
0.0488568053
0.0488566022
0.0488146741
0.0488070105
0.0487446447
0.0487440115
0.0487418827
0.0487283336
0.0486546469
0.0486305297
0.0486149556
0.0485184344
0.0484958818
0.0484643311
0.0484642545
0.0484573179
0.0484498169
0.0484018135
0.0483900713
0.0482897983
0.0480645832
0.0480134216
0.0479986259
0.0479718911
0.0479718911
0.0479528998
0.0479366319
0.0478988036
0.0478712844
0.0478512312
0.0478218154
0.0477538309
0.0476965217
0.0476930212
0.0476806498
0.0476178164
0.0476000527
0.0476000527
0.0475777286
0.0474250882
0.0473905216
0.0473555643
0.0473444978
0.0473298622
0.0473298622
0.0473140466
0.0471577151
0.0471541965
0.0471507860
0.0471249529
0.0469584928
0.0467968549
0.0467968549
0.0467953618
0.0467677889
0.0467529891
0.0467294218
0.0465956962
0.0465722706
0.0465700893
0.0465615064
0.0465466388
0.0464816787
0.0464554287
0.0464485172
0.0463369063
0.0463369063
0.0463220354
0.0463207588
0.0462888871
0.0462782186
0.0462674316
0.0462639904
0.0462501783
0.0462463873
0.0462455310
0.0462362318
0.0462167064
0.0461889478
0.0461889478
0.0461799271
0.0461625902
0.0461500112
0.0461350969
0.0461140767
0.0460021001
0.0459740349
0.0459740349
0.0459576132
0.0459249376
0.0459249376
0.0459249376
0.0458895695
0.0458817959
0.0458588177
0.0458507468
0.0458507468
0.0457670332
0.0457490227
0.0457201901
0.0456811081
0.0456811081
0.0456787459
0.0455402633
0.0455161291
0.0455064673
0.0453302722
0.0453285897
0.0453254428
0.0453254428
0.0452531736
0.0452400144
0.0452324395
0.0451898991
0.0451696267
0.0451696267
0.0451663852
0.0451567901
0.0451394230
0.0451041386
0.0450815573
0.0450592327
0.0450488687
0.0450417259
0.0450321523
0.0450321523
0.0450028045
0.0449990155
0.0449695864
0.0449344673
0.0448438150
0.0448292950
0.0448292950
0.0443613225
0.0443254737
0.0441392247
0.0441175354
0.0441160957
0.0441160957
0.0440913834
0.0440719355
0.0440708474
0.0440003183
0.0439897059
0.0439897059
0.0439893663
0.0439841403
0.0438769132
0.0437978069
0.0437722033
0.0437657412
0.0437422695
0.0437422695
0.0437310930
0.0437236978
0.0437185445
0.0437046949
0.0436953480
0.0436011143
0.0435763561
0.0435695587
0.0435565062
0.0435523273
0.0435354353
0.0435354353
0.0435354353
0.0435238921
0.0435129028
0.0434959480
0.0434876045
0.0434269369
0.0434256655
0.0434201177
0.0434175140
0.0434018781
0.0433982158
0.0433795973
0.0432376061
0.0432307809
0.0432261963
0.0432009706
0.0432009706
0.0431746365
0.0431584725
0.0431107624
0.0431084672
0.0430950929
0.0430899946
0.0430794239
0.0430794239
0.0430407412
0.0430407412
0.0430345872
0.0430301927
0.0430301927
0.0430301927
0.0429940584
0.0429934294
0.0429709218
0.0429709218
0.0429628965
0.0429185296
0.0428848645
0.0428833326
0.0428684774
0.0428472610
0.0428127098
0.0428127098
0.0428092277
0.0428089905
0.0428070180
0.0428000358
0.0427997987
0.0427728390
0.0427639313
0.0427639313
0.0426669607
0.0426555997
0.0426423808
0.0426336872
0.0424126891
0.0424094590
0.0424037148
0.0424037148
0.0423948031
0.0423938268
0.0423938268
0.0423417807
0.0423252945
0.0422567195
0.0422509593
0.0422115558
0.0422115558
0.0421655110
0.0421652739
0.0421397826
0.0421229218
0.0421229218
0.0420841225
0.0420665662
0.0420657870
0.0420657594
0.0420561219
0.0420416877
0.0420114982
0.0420094531
0.0420094531
0.0419923097
0.0419756027
0.0419721989
0.0419366469
0.0419337131
0.0419314397
0.0418882003
0.0418856071
0.0418840985
0.0418779448
0.0418725674
0.0418667031
0.0418549878
0.0418536080
0.0418282055
0.0418270238
0.0418265035
0.0418125267
0.0417820829
0.0417790101
0.0417784898
0.0417572194
0.0417380972
0.0417380972
0.0416925016
0.0416831029
0.0416801466
0.0416748580
0.0416317115
0.0416274695
0.0416088221
0.0416088221
0.0415952330
0.0415929446
0.0415764341
0.0415549208
0.0415028582
0.0414902736
0.0414881472
0.0414724514
0.0414648864
0.0414628409
0.0414302201
0.0414234668
0.0414165345
0.0414070752
0.0414049151
0.0413911343
0.0413767313
0.0413502971
0.0413456236
0.0413454627
0.0413454627
0.0413424846
0.0412826451
0.0412694775
0.0411828879
0.0411747382
0.0411676643
0.0411516662
0.0411472675
0.0411464774
0.0411438073
0.0411249653
0.0411165021
0.0411084236
0.0410965505
0.0410780967
0.0410745442
0.0410388471
0.0410225759
0.0410114910
0.0409816543
0.0409816543
0.0409326023
0.0409282715
0.0409258124
0.0409164764
0.0408869019
0.0408830372
0.0408830372
0.0408830372
0.0408777256
0.0408700161
0.0408560911
0.0408560911
0.0408560911
0.0408155517
0.0408059904
0.0408050903
0.0407963037
0.0407794965
0.0407767673
0.0407341226
0.0407199100
0.0407199100
0.0407199100
0.0407020628
0.0407017320
0.0407017320
0.0406909540
0.0406721178
0.0406500926
0.0406358090
0.0406190161
0.0405893620
0.0405893620
0.0405732130
0.0405639429
0.0405477991
0.0405460796
0.0405409467
0.0405381386
0.0405302908
0.0404914211
0.0404777579
0.0404777579
0.0404517968
0.0404487398
0.0403838980
0.0403838980
0.0403836767
0.0403804899
0.0403624817
0.0403624817
0.0403577912
0.0403498195
0.0403252756
0.0403231241
0.0403147751
0.0403147751
0.0403138436
0.0403120672
0.0403057473
0.0402885525
0.0402866142
0.0402864202
0.0402780572
0.0402646787
0.0402646787
0.0402594489
0.0402526422
0.0402460028
0.0402412774
0.0402149469
0.0401811077
0.0401792747
0.0401585395
0.0401550235
0.0401392394
0.0401392394
0.0401330643
0.0401318386
0.0401224291
0.0401200894
0.0401082288
0.0401060188
0.0400983107
0.0400837876
0.0400656981
0.0400656981
0.0400584664
0.0400371696
0.0400371696
0.0400188725
0.0399135126
0.0399117765
0.0397388091
0.0397245549
0.0397080082
0.0396939654
0.0396927988
0.0396889157
0.0396889157
0.0396889113
0.0396869255
0.0396626303
0.0396596268
0.0396522589
0.0396511751
0.0396438427
0.0396421823
0.0396421823
0.0396305036
0.0395800344
0.0395661881
0.0395651022
0.0395618521
0.0395594220
0.0395432122
0.0395432122
0.0395352628
0.0395168034
0.0395158801
0.0395065136
0.0394929042
0.0394714722
0.0394685841
0.0394596355
0.0394567700
0.0394539601
0.0394348795
0.0394229538
0.0394214551
0.0394167954
0.0394127769
0.0394114972
0.0393931964
0.0393789251
0.0393789251
0.0393767057
0.0393659652
0.0393584445
0.0393118690
0.0393118690
0.0393118690
0.0393116140
0.0393116140
0.0392971482
0.0392748256
0.0392745622
0.0392745622
0.0392702430
0.0392490648
0.0392406995
0.0392354108
0.0389933179
0.0389933179
0.0389864459
0.0389843522
0.0389729447
0.0389710954
0.0389537641
0.0389512169
0.0389048603
0.0388940240
0.0388882818
0.0388797436
0.0388629376
0.0388629376
0.0388503408
0.0388338033
0.0388198018
0.0388198018
0.0388094320
0.0388094320
0.0388088281
0.0388078267
0.0388018887
0.0387933861
0.0387790963
0.0387790963
0.0387763851
0.0387740049
0.0387486988
0.0387486988
0.0387304782
0.0387266818
0.0387210566
0.0387104060
0.0386886207
0.0386381264
0.0386137034
0.0385989819
0.0385873490
0.0385873490
0.0385782988
0.0385780180
0.0385767984
0.0385560677
0.0385348820
0.0385348820
0.0385348820
0.0384985775
0.0384971402
0.0384737403
0.0384681467
0.0384639242
0.0384629252
0.0384574645
0.0384459587
0.0384311490
0.0384311490
0.0384221058
0.0384219770
0.0384057907
0.0383825657
0.0383652854
0.0383652854
0.0383652854
0.0383618632
0.0383487056
0.0383253916
0.0383249136
0.0383229414
0.0383153643
0.0383063762
0.0383029528
0.0382964149
0.0382896211
0.0382719642
0.0382716868
0.0382597245
0.0382496532
0.0382457541
0.0382423263
0.0382415961
0.0382347912
0.0382311280
0.0382147675
0.0382147675
0.0382121179
0.0382115848
0.0382062142
0.0381998355
0.0381887928
0.0381870157
0.0381647436
0.0381647436
0.0381647436
0.0381233813
0.0380925044
0.0380925044
0.0380913290
0.0380650395
0.0380634674
0.0380570276
0.0380406489
0.0380384880
0.0380336739
0.0380190327
0.0380179280
0.0380179280
0.0380138584
0.0380000813
0.0379970182
0.0379963863
0.0379887234
0.0379782136
0.0379569655
0.0379535565
0.0379493562
0.0379357710
0.0379355928
0.0379264980
0.0379183001
0.0379109978
0.0379109978
0.0379060740
0.0378761337
0.0378583362
0.0378583362
0.0378555277
0.0378349362
0.0378347832
0.0378326770
0.0378120013
0.0378021958
0.0377951355
0.0377477655
0.0377462267
0.0377443328
0.0377288633
0.0377288633
0.0376472049
0.0376422364
0.0376410410
0.0376374093
0.0376181096
0.0376143684
0.0376005489
0.0375982412
0.0375937262
0.0375920977
0.0375884381
0.0375873632
0.0375847424
0.0375779084
0.0375531143
0.0375462491
0.0375382280
0.0375382280
0.0375186451
0.0375054944
0.0375052059
0.0375032806
0.0375028135
0.0374861903
0.0374725010
0.0374694327
0.0374621793
0.0374617566
0.0374615321
0.0374512343
0.0374478127
0.0374453704
0.0374224210
0.0374037960
0.0374011443
0.0374011443
0.0374003955
0.0373957744
0.0373713810
0.0373702227
0.0373235117
0.0373137377
0.0372040749
0.0371950793
0.0371334886
0.0371334886
0.0371133759
0.0371094979
0.0371094979
0.0371082942
0.0370949934
0.0370922443
0.0370519402
0.0370490292
0.0369248418
0.0369065077
0.0369046063
0.0368949061
0.0368767016
0.0368767016
0.0368762262
0.0368726271
0.0368621834
0.0368621834
0.0368570294
0.0368560853
0.0368535864
0.0368420376
0.0368219927
0.0368219927
0.0368219927
0.0368117670
0.0368097133
0.0368091106
0.0367502904
0.0367242163
0.0367242163
0.0367153946
0.0367153946
0.0367110935
0.0367008729
0.0366998475
0.0366980279
0.0366980279
0.0366948039
0.0366948039
0.0366769617
0.0366769617
0.0366761393
0.0366737327
0.0366710137
0.0366685027
0.0366682629
0.0366677897
0.0366568728
0.0366515683
0.0366515683
0.0366506779
0.0366428224
0.0366398228
0.0366398228
0.0366377862
0.0366342016
0.0366287405
0.0366201985
0.0366201985
0.0366201841
0.0366140898
0.0365971026
0.0365780427
0.0365456764
0.0365414447
0.0365366013
0.0365320471
0.0365213768
0.0365180955
0.0365157716
0.0365123161
0.0365119116
0.0365100240
0.0365054011
0.0365054011
0.0364901682
0.0364811039
0.0364566318
0.0364547156
0.0364460570
0.0364353103
0.0364188164
0.0364096807
0.0364060385
0.0363979664
0.0363975851
0.0363975851
0.0363758367
0.0363667747
0.0363552018
0.0363552018
0.0363464219
0.0363459807
0.0363380974
0.0363380974
0.0363364215
0.0363364215
0.0363364215
0.0363304401
0.0363097911
0.0363097911
0.0362935042
0.0362892002
0.0362890010
0.0362765618
0.0362699532
0.0362621549
0.0362621549
0.0362619696
0.0362482332
0.0362407791
0.0362331329
0.0362305926
0.0362283242
0.0362280129
0.0362254211
0.0361867187
0.0361841269
0.0361838156
0.0361800329
0.0361798176
0.0361796697
0.0361781968
0.0361200765
0.0361184738
0.0361133691
0.0361104065
0.0360967366
0.0360960099
0.0360955410
0.0360915599
0.0360884974
0.0360879907
0.0360878698
0.0360842692
0.0360582220
0.0360468122
0.0360456241
0.0360430169
0.0360365789
0.0360332722
0.0360222405
0.0360098419
0.0360067901
0.0360058576
0.0360030818
0.0359874844
0.0359874844
0.0359870613
0.0359837733
0.0359837733
0.0359807367
0.0359803245
0.0359790878
0.0359615776
0.0359399544
0.0359359389
0.0359309041
0.0359245626
0.0359199897
0.0359199897
0.0359199897
0.0359019040
0.0359019040
0.0358942073
0.0358926711
0.0358899002
0.0358899002
0.0358742696
0.0358742629
0.0358731242
0.0358713579
0.0358671710
0.0358671710
0.0358177107
0.0358173644
0.0358167335
0.0358163134
0.0358162607
0.0358157564
0.0358155387
0.0358135305
0.0358129076
0.0357927382
0.0357918635
0.0357913303
0.0357913303
0.0357913303
0.0357707388
0.0357707388
0.0357554571
0.0357497732
0.0357494813
0.0357448813
0.0357437384
0.0357437384
0.0357332355
0.0357287507
0.0357150108
0.0357079377
0.0357079377
0.0357049483
0.0356968249
0.0356896554
0.0356888914
0.0356674675
0.0356664231
0.0356586675
0.0356586675
0.0356583222
0.0356583222
0.0356508340
0.0356504070
0.0356446171
0.0356405435
0.0356401799
0.0356401799
0.0356401167
0.0356246741
0.0356191208
0.0356184986
0.0356184986
0.0356147297
0.0356027421
0.0356000475
0.0355971013
0.0355902248
0.0355888266
0.0355879733
0.0355830481
0.0355742354
0.0355652654
0.0355530814
0.0355363185
0.0355314819
0.0355181832
0.0355179712
0.0355163316
0.0355110944
0.0355110944
0.0355050710
0.0355019828
0.0355004009
0.0354865570
0.0354796657
0.0354789767
0.0354789767
0.0354789767
0.0354715143
0.0354693551
0.0354668784
0.0354596170
0.0354596170
0.0354587610
0.0354393650
0.0354351861
0.0354257968
0.0354251333
0.0354195675
0.0354195675
0.0354195675
0.0354088586
0.0354085224
0.0354020660
0.0353893021
0.0353893021
0.0353841748
0.0353773238
0.0353559087
0.0353401438
0.0353221709
0.0353085752
0.0353012025
0.0352962756
0.0352892285
0.0352731317
0.0352676892
0.0352672923
0.0352666400
0.0352651747
0.0352551694
0.0352463084
0.0352463084
0.0352463084
0.0352452088
0.0352431479
0.0352431479
0.0352420921
0.0352405691
0.0352368471
0.0352352892
0.0352352892
0.0352117569
0.0352078059
0.0352072021
0.0352053593
0.0351954650
0.0351930185
0.0351925866
0.0351816580
0.0351801320
0.0351801320
0.0351715616
0.0351630481
0.0351426104
0.0351312584
0.0350850215
0.0350828013
0.0350828013
0.0350821985
0.0350587623
0.0350587623
0.0350586569
0.0350585964
0.0350268316
0.0350254408
0.0350211163
0.0349974618
0.0349929070
0.0349857111
0.0349844728
0.0349825317
0.0349796482
0.0349782439
0.0349708212
0.0349632006
0.0349574927
0.0349574927
0.0349380244
0.0349380244
0.0349359981
0.0349352605
0.0349053233
0.0348915239
0.0348900717
0.0348893342
0.0348847851
0.0348845579
0.0348782792
0.0348782281
0.0348778331
0.0348758847
0.0348742330
0.0348742330
0.0348690867
0.0348687537
0.0348625695
0.0348558803
0.0348558803
0.0348474494
0.0348459494
0.0348459494
0.0348433805
0.0347978394
0.0347978354
0.0347978354
0.0347890075
0.0347875075
0.0347873390
0.0347810280
0.0347789824
0.0347737403
0.0347736599
0.0347726412
0.0347527141
0.0347523557
0.0347433913
0.0347381687
0.0347340047
0.0347266709
0.0347266709
0.0347256127
0.0347247927
0.0347147589
0.0347094675
0.0346958975
0.0346797814
0.0346741429
0.0346726335
0.0346619731
0.0346619731
0.0346593048
0.0346469185
0.0346469185
0.0346422732
0.0346411774
0.0346411774
0.0346387546
0.0346354855
0.0346264343
0.0346219076
0.0346168287
0.0346168287
0.0346093879
0.0346081466
0.0346070508
0.0345969616
0.0345880448
0.0345804652
0.0345802068
0.0345623078
0.0345609357
0.0345608271
0.0345597774
0.0345497696
0.0345444949
0.0345444949
0.0345424749
0.0345423564
0.0345423564
0.0345195134
0.0345191831
0.0345191831
0.0345184637
0.0345109672
0.0345028030
0.0345028030
0.0344943738
0.0344936544
0.0344923718
0.0344914666
0.0344914666
0.0344914666
0.0344847896
0.0344847896
0.0344833652
0.0344729159
0.0344680983
0.0344643872
0.0344455576
0.0344369746
0.0344366647
0.0344366647
0.0344366647
0.0344255695
0.0344255695
0.0344142584
0.0344046683
0.0344030538
0.0343894466
0.0343814710
0.0343766793
0.0343736134
0.0343735699
0.0343706534
0.0343683658
0.0343431155
0.0343409536
0.0343392788
0.0343361332
0.0343332220
0.0343332220
0.0343324668
0.0343308107
0.0343279540
0.0343273430
0.0343236537
0.0343052644
0.0343043975
0.0342990979
0.0342990979
0.0342809790
0.0342679117
0.0342541755
0.0342414162
0.0342395073
0.0342391931
0.0342386876
0.0342333736
0.0342303571
0.0342157125
0.0342149676
0.0342149676
0.0342036908
0.0342000594
0.0341998612
0.0341991659
0.0341977000
0.0341956807
0.0341873952
0.0341865859
0.0341865859
0.0341846586
0.0341751342
0.0341728637
0.0341631369
0.0341584899
0.0341553956
0.0341525953
0.0341521217
0.0341515153
0.0341509103
0.0341508963
0.0341392546
0.0341366205
0.0341356785
0.0341333973
0.0341333973
0.0341289242
0.0341259648
0.0341230198
0.0341226236
0.0341028363
0.0341028363
0.0340903217
0.0340889066
0.0340889066
0.0340884805
0.0340867465
0.0340553515
0.0340338827
0.0340284451
0.0340284451
0.0340167604
0.0340157062
0.0340152710
0.0340142678
0.0340015957
0.0340003598
0.0339998024
0.0339985920
0.0339979780
0.0339979780
0.0339964884
0.0339944364
0.0339943525
0.0339901265
0.0339839043
0.0339809974
0.0339801509
0.0339773220
0.0339751009
0.0339751009
0.0339748682
0.0339748682
0.0339661375
0.0339661375
0.0339598628
0.0339595901
0.0339595901
0.0339573770
0.0339573770
0.0339563650
0.0339452473
0.0339448510
0.0339431742
0.0339427689
0.0339390288
0.0339227727
0.0339021293
0.0339021293
0.0338904284
0.0338892022
0.0338892022
0.0338852702
0.0338851666
0.0338793508
0.0338499867
0.0338481708
0.0338481708
0.0338374635
0.0338374635
0.0338374635
0.0338363372
0.0338350668
0.0338206491
0.0338187879
0.0338058708
0.0337993936
0.0337870569
0.0337732015
0.0337596505
0.0337578610
0.0337534655
0.0337516585
0.0337481865
0.0337476450
0.0337448290
0.0337432134
0.0337422934
0.0337422934
0.0337210983
0.0337165926
0.0337165926
0.0337159710
0.0337130011
0.0337030963
0.0336857560
0.0336830831
0.0336830831
0.0336780236
0.0336780236
0.0336753660
0.0336697355
0.0336632909
0.0336594495
0.0336558093
0.0336554115
0.0336554115
0.0336552364
0.0336542465
0.0336462921
0.0336461115
0.0336458484
0.0336456733
0.0336453555
0.0336377543
0.0336342603
0.0336331069
0.0336317855
0.0336317855
0.0336316988
0.0336217061
0.0336201628
0.0336197766
0.0336154013
0.0336025520
0.0335965685
0.0335943679
0.0335937141
0.0335920840
0.0335759461
0.0335614666
0.0335590814
0.0335584134
0.0335244208
0.0335237077
0.0335222601
0.0335132430
0.0334935984
0.0334921507
0.0334914161
0.0334874063
0.0334844969
0.0334844969
0.0334844969
0.0334760253
0.0334738509
0.0334692615
0.0334657607
0.0334621571
0.0334614890
0.0334608307
0.0334608307
0.0334526116
0.0334504236
0.0334440368
0.0334404169
0.0334394114
0.0334252984
0.0334169713
0.0334135067
0.0334135067
0.0334039518
0.0334039518
0.0334038975
0.0334018500
0.0333958705
0.0333865963
0.0333862907
0.0333847784
0.0333835255
0.0333792806
0.0333700993
0.0333700993
0.0333697202
0.0333697202
0.0333626868
0.0333626868
0.0333623196
0.0333612491
0.0333599428
0.0333597423
0.0333517285
0.0333516188
0.0333475922
0.0333441038
0.0333438410
0.0333427330
0.0333416012
0.0333392245
0.0333372424
0.0333272132
0.0333228544
0.0333221566
0.0333130720
0.0333130720
0.0333060947
0.0333046242
0.0333044851
0.0332809653
0.0332798471
0.0332798471
0.0332754574
0.0332743877
0.0332743877
0.0332743877
0.0332726029
0.0332726029
0.0332726029
0.0332726029
0.0332726029
0.0332726029
0.0332726029
0.0331600993
0.0331571868
0.0331571868
0.0331569778
0.0331415794
0.0331374129
0.0331361086
0.0331252920
0.0331252920
0.0331201643
0.0331176788
0.0331150921
0.0331126375
0.0331082773
0.0330934561
0.0330934561
0.0330907003
0.0330903744
0.0330894958
0.0330891699
0.0330543097
0.0330504765
0.0330454924
0.0330400726
0.0330388681
0.0330215793
0.0330155854
0.0330137166
0.0330137166
0.0330091850
0.0330091259
0.0330055179
0.0329869352
0.0329833656
0.0329739351
0.0329638710
0.0329584809
0.0329573253
0.0329509309
0.0329497849
0.0329449258
0.0329440577
0.0329440577
0.0329431541
0.0329431541
0.0329395786
0.0329387105
0.0329387105
0.0329359336
0.0329298139
0.0329294475
0.0329257729
0.0329251397
0.0329167682
0.0329164018
0.0329160589
0.0329153330
0.0329152617
0.0329136161
0.0329130616
0.0329120147
0.0329120147
0.0329118217
0.0329116336
0.0329094685
0.0329086815
0.0329036225
0.0328961061
0.0328959244
0.0328959244
0.0328957840
0.0328728422
0.0328526640
0.0328523986
0.0328515326
0.0328513841
0.0328510142
0.0328509356
0.0328503405
0.0328503405
0.0328503405
0.0328442483
0.0328435725
0.0328427867
0.0328424107
0.0328422721
0.0328397492
0.0328395954
0.0328395954
0.0328388517
0.0328369569
0.0328359331
0.0328338196
0.0328272011
0.0328247569
0.0328175476
0.0328067794
0.0328038047
0.0328036612
0.0328029977
0.0328024468
0.0327995550
0.0327995550
0.0327995097
0.0327937930
0.0327931811
0.0327912917
0.0327889838
0.0327820974
0.0327522203
0.0327488818
0.0327488818
0.0327488818
0.0327360480
0.0327275082
0.0327275082
0.0327274302
0.0327133812
0.0327133750
0.0327121580
0.0327121580
0.0327029331
0.0327028180
0.0327019790
0.0326963025
0.0326940643
0.0326864150
0.0326851781
0.0326837315
0.0326833333
0.0326823288
0.0326823288
0.0326823288
0.0326777635
0.0326637038
0.0326615503
0.0326615503
0.0326447297
0.0326447297
0.0326429660
0.0326401643
0.0326384006
0.0326292634
0.0326248169
0.0326137084
0.0326137084
0.0326052864
0.0325798217
0.0325798217
0.0325753726
0.0325753726
0.0325752105
0.0325752105
0.0325647916
0.0325636691
0.0325521443
0.0325503374
0.0325432010
0.0325404996
0.0325404280
0.0325310092
0.0325275194
0.0325270462
0.0325250463
0.0325250463
0.0325221783
0.0325221783
0.0325013961
0.0325008118
0.0325004816
0.0325004816
0.0325004816
0.0325002247
0.0324982617
0.0324964670
0.0324870212
0.0324870212
0.0324823729
0.0324823729
0.0324796411
0.0324773312
0.0324748346
0.0324684992
0.0324661759
0.0324661759
0.0324653600
0.0324643761
0.0324641672
0.0324636725
0.0324615370
0.0324615370
0.0324615370
0.0324615370
0.0324597609
0.0324566717
0.0324450761
0.0324450761
0.0324450761
0.0324447291
0.0324447291
0.0324447291
0.0324447291
0.0324388826
0.0324384985
0.0324375312
0.0324360560
0.0324343572
0.0324253713
0.0324229918
0.0324224814
0.0324150889
0.0324150889
0.0324133258
0.0324086656
0.0323993231
0.0323993231
0.0323987308
0.0323950187
0.0323950187
0.0323948348
0.0323946812
0.0323946812
0.0323943063
0.0323922473
0.0323917931
0.0323914138
0.0323913693
0.0323894932
0.0323819322
0.0323802652
0.0323636824
0.0323636824
0.0323635189
0.0323558568
0.0323549249
0.0323548816
0.0323542214
0.0323331160
0.0323272251
0.0323248774
0.0323248103
0.0323248103
0.0323248103
0.0323173676
0.0323165763
0.0323161147
0.0323012843
0.0323011561
0.0323003230
0.0322996695
0.0322966419
0.0322966419
0.0322923158
0.0322886409
0.0322850732
0.0322703187
0.0322703187
0.0322688055
0.0322655249
0.0322621318
0.0322606808
0.0322603131
0.0322599415
0.0322599415
0.0322585787
0.0322584065
0.0322555314
0.0322543790
0.0322543790
0.0322464037
0.0322463415
0.0322442002
0.0322412301
0.0322412301
0.0322411707
0.0322386961
0.0322365656
0.0322365656
0.0322347221
0.0322347221
0.0322338376
0.0322333977
0.0322333977
0.0322307590
0.0322298063
0.0322258781
0.0322148202
0.0322146480
0.0322146480
0.0322119375
0.0321981650
0.0321783836
0.0321752261
0.0321752261
0.0321748708
0.0321543021
0.0321508398
0.0321424562
0.0321388219
0.0321350037
0.0321326490
0.0321309436
0.0321308920
0.0321230905
0.0321204795
0.0321202502
0.0321200002
0.0321139729
0.0321055322
0.0321055322
0.0321009594
0.0320930299
0.0320874563
0.0320874563
0.0320859031
0.0320853985
0.0320853985
0.0320824808
0.0320816567
0.0320816567
0.0320816567
0.0320794670
0.0320690460
0.0320680874
0.0320679600
0.0320667601
0.0320649025
0.0320631999
0.0320628813
0.0320560540
0.0320560540
0.0320560540
0.0320560540
0.0320530309
0.0320425594
0.0320425594
0.0320417643
0.0320417439
0.0320221286
0.0320180805
0.0320165793
0.0320165793
0.0320126328
0.0320126328
0.0320113361
0.0320113361
0.0320070770
0.0319926698
0.0319915823
0.0319897417
0.0319884216
0.0319884216
0.0319874158
0.0319874158
0.0319873165
0.0319873165
0.0319740377
0.0319740377
0.0319733120
0.0319731309
0.0319702001
0.0319702001
0.0319702001
0.0319701408
0.0319701408
0.0319697933
0.0319481998
0.0319481998
0.0319426233
0.0319426233
0.0319426233
0.0319425134
0.0319417532
0.0319415757
0.0319413773
0.0319305537
0.0319305537
0.0319305537
0.0319264584
0.0319263282
0.0319222206
0.0319125623
0.0319124583
0.0319105759
0.0319105759
0.0319105759
0.0318935651
0.0318926820
0.0318838033
0.0318734352
0.0318695104
0.0318560034
0.0318536519
0.0318536263
0.0318536263
0.0318536263
0.0318536067
0.0318504389
0.0318503937
0.0318460362
0.0318358510
0.0318328304
0.0318314329
0.0318314329
0.0318314329
0.0318232932
0.0318231624
0.0318231624
0.0318195815
0.0318195815
0.0318195815
0.0318194196
0.0318120348
0.0318071054
0.0318060862
0.0318060162
0.0318060162
0.0318048724
0.0318048724
0.0318048724
0.0318010905
0.0318002457
0.0318002457
0.0317982005
0.0317862953
0.0317804615
0.0317802853
0.0317802853
0.0317727129
0.0317717176
0.0317634914
0.0317629811
0.0317618291
0.0317608960
0.0317608238
0.0317535113
0.0317533263
0.0317502397
0.0317444418
0.0317406964
0.0317263995
0.0317242456
0.0317082158
0.0317082158
0.0317037632
0.0316222628
0.0316171233
0.0316061273
0.0315985567
0.0315819940
0.0315813351
0.0315801891
0.0315733585
0.0315720500
0.0315691931
0.0315688067
0.0315687591
0.0315572824
0.0315572824
0.0315572824
0.0315568999
0.0315567352
0.0315565035
0.0315564001
0.0315420393
0.0315399382
0.0315260264
0.0315190210
0.0315188213
0.0315170554
0.0315085782
0.0315085782
0.0315081698
0.0315053091
0.0315044126
0.0315035222
0.0315007447
0.0315007447
0.0315003362
0.0314996428
0.0314951608
0.0314870482
0.0314869445
0.0314869199
0.0314854973
0.0314823318
0.0314790157
0.0314790157
0.0314790157
0.0314786177
0.0314739583
0.0314686837
0.0314681061
0.0314681061
0.0314651822
0.0314651822
0.0314651737
0.0314642972
0.0314613288
0.0314604437
0.0314600614
0.0314600614
0.0314536511
0.0314513558
0.0314448303
0.0314448303
0.0314105952
0.0313926066
0.0313924915
0.0313923431
0.0313836980
0.0313800020
0.0313740535
0.0313740535
0.0313736174
0.0313735144
0.0313735144
0.0313735144
0.0313695315
0.0313548693
0.0313353406
0.0313303779
0.0313235023
0.0313200573
0.0313197600
0.0313197600
0.0313197600
0.0313127444
0.0313127444
0.0312992380
0.0312991787
0.0312516657
0.0312516657
0.0312516657
0.0312501820
0.0312344410
0.0312339972
0.0312300195
0.0312290675
0.0312258447
0.0312251339
0.0312249109
0.0312151225
0.0312151225
0.0312085053
0.0312079144
0.0312044102
0.0312044102
0.0312032433
0.0312022572
0.0311946757
0.0311941387
0.0311941387
0.0311938910
0.0311914822
0.0311909529
0.0311907052
0.0311906243
0.0311899215
0.0311876944
0.0311876944
0.0311852258
0.0311852258
0.0311824067
0.0311812181
0.0311797595
0.0311779206
0.0311779206
0.0311756237
0.0311709605
0.0311706689
0.0311686450
0.0311686450
0.0311611185
0.0311611185
0.0311594308
0.0311594308
0.0311594308
0.0311304395
0.0311275769
0.0311275769
0.0311234707
0.0311226786
0.0311226786
0.0311226786
0.0311221604
0.0311216745
0.0311216745
0.0311188456
0.0311180617
0.0311180617
0.0311171111
0.0311163632
0.0311135038
0.0311125028
0.0311123913
0.0311116075
0.0311115779
0.0311114412
0.0311114412
0.0311111346
0.0311111053
0.0311109794
0.0311098160
0.0311095584
0.0311044570
0.0311043718
0.0310971045
0.0310971045
0.0310970752
0.0310967948
0.0310847302
0.0310827604
0.0310826645
0.0310825628
0.0310804911
0.0310791338
0.0310776145
0.0310766046
0.0310759913
0.0310755147
0.0310755147
0.0310749834
0.0310749714
0.0310749714
0.0310719704
0.0310640872
0.0310637044
0.0310621190
0.0310555950
0.0310555601
0.0310550156
0.0310525929
0.0310516924
0.0310506188
0.0310506188
0.0310504136
0.0310413250
0.0310397778
0.0310391623
0.0310391623
0.0310350413
0.0310248729
0.0310186768
0.0310148978
0.0310143209
0.0310143209
0.0310132360
0.0310131452
0.0310131452
0.0310131452
0.0310130779
0.0310130779
0.0310129100
0.0310122687
0.0310122014
0.0310122014
0.0310122014
0.0310122014
0.0310105103
0.0310092403
0.0310092403
0.0310059714
0.0310059714
0.0310039417
0.0310000000
0.0310000000
0.0310000000
0.0310000000
0.0310000000
0.0310000000
0.0310000000
0.0310000000
0.0310000000
0.0310000000
0.0310000000
0.0310000000
0.0310000000
0.0310000000
0.0310000000
0.0310000000
0.0310000000
0.0310000000
0.0310000000
0.0310000000
0.0310000000
0.0310000000
0.0310000000
0.0310000000
0.0310000000
0.0310000000
0.0310000000
0.0310000000
0.0310000000
0.0310000000
0.0310000000
0.0310000000
0.0310000000
0.0310000000
0.0310000000
0.0310000000
0.0310000000
0.0310000000
0.0310000000
0.0310000000
0.0310000000
0.0310000000
0.0310000000
0.0310000000
0.0310000000
0.0310000000
0.0310000000
0.0310000000
0.0310000000
0.0310000000
0.0310000000
0.0310000000
0.0310000000
0.0310000000
0.0310000000
0.0310000000
0.0310000000
0.0310000000
0.0310000000
0.0310000000
0.0310000000
0.0310000000
0.0310000000
0.0310000000
0.0310000000
0.0310000000
0.0310000000
0.0310000000
0.0310000000
0.0310000000
0.0310000000
0.0310000000
0.0310000000
0.0310000000
0.0310000000
0.0310000000
0.0310000000
0.0310000000
0.0310000000
0.0310000000
0.0310000000
0.0310000000
0.0310000000
0.0310000000
0.0310000000
0.0310000000
0.0310000000
0.0310000000
0.0310000000
0.0310000000
0.0310000000
0.0310000000
0.0310000000
0.0310000000
0.0310000000
0.0310000000
0.0310000000
0.0310000000
0.0310000000
0.0310000000
0.0310000000
0.0310000000
0.0310000000
0.0310000000
0.0310000000
0.0310000000
0.0310000000
0.0310000000
0.0310000000
0.0310000000
0.0310000000
0.0310000000
0.0310000000
0.0310000000
0.0310000000
0.0310000000
0.0310000000
0.0310000000
0.0310000000
0.0310000000
0.0310000000
0.0310000000
0.0310000000
0.0310000000
0.0310000000
0.0310000000
0.0310000000
0.0310000000
0.0310000000
0.0310000000
0.0310000000
0.0310000000
0.0310000000
0.0310000000
0.0310000000
0.0310000000
0.0310000000
0.0310000000
0.0310000000
0.0310000000
0.0310000000
0.0310000000
0.0310000000
0.0310000000
0.0310000000
0.0310000000
0.0310000000
0.0310000000
0.0310000000
0.0310000000
0.0310000000
0.0310000000
0.0310000000
0.0310000000
0.0310000000
0.0310000000
0.0310000000
0.0310000000
0.0310000000
0.0310000000
0.0310000000
0.0310000000
0.0310000000
0.0310000000
0.0310000000
0.0310000000
0.0310000000
0.0310000000
0.0310000000
0.0310000000
0.0310000000
0.0310000000
0.0310000000
0.0310000000
0.0310000000
0.0310000000
0.0310000000
0.0310000000
0.0310000000
0.0310000000
0.0310000000
0.0310000000
0.0310000000
0.0310000000
0.0310000000
0.0310000000
0.0310000000
0.0310000000
0.0310000000
0.0310000000
0.0310000000
0.0310000000
0.0310000000
0.0310000000
0.0310000000
0.0310000000
0.0310000000
0.0310000000
0.0310000000
0.0310000000
0.0310000000
0.0310000000
0.0310000000
0.0310000000
0.0310000000
0.0310000000
0.0310000000
0.0310000000
0.0310000000
0.0310000000
0.0310000000
0.0310000000
0.0310000000
0.0310000000
0.0310000000
0.0310000000
0.0310000000
0.0310000000
0.0310000000
0.0310000000
0.0310000000
0.0310000000
0.0310000000
0.0310000000
0.0310000000
0.0310000000
0.0310000000
0.0310000000
0.0310000000
0.0310000000
0.0310000000
0.0310000000
0.0310000000
0.0310000000
0.0310000000
0.0310000000
0.0310000000
0.0310000000
0.0310000000
0.0310000000
0.0310000000
0.0310000000
0.0310000000
0.0310000000
0.0310000000
0.0310000000
0.0310000000
0.0310000000
0.0310000000
0.0310000000
0.0310000000
0.0310000000
0.0310000000
0.0310000000
0.0310000000
0.0310000000
0.0310000000
0.0310000000
0.0310000000
0.0310000000
0.0310000000
0.0310000000
0.0310000000
0.0310000000
0.0310000000
0.0310000000
0.0310000000
0.0310000000
0.0310000000
0.0310000000
0.0310000000
0.0310000000
0.0310000000
0.0310000000
0.0310000000
0.0310000000
0.0310000000
0.0310000000
0.0310000000
0.0310000000
0.0310000000
0.0310000000
0.0310000000
0.0310000000
0.0310000000
0.0310000000
0.0310000000
0.0310000000
0.0310000000
0.0310000000
0.0310000000
0.0310000000
0.0310000000
0.0310000000
0.0310000000
0.0310000000
0.0310000000
0.0310000000
0.0310000000
0.0310000000
0.0310000000
0.0310000000
0.0310000000
0.0310000000
0.0310000000
0.0310000000
0.0310000000
0.0310000000
0.0310000000
0.0310000000
0.0310000000
0.0310000000
0.0310000000
0.0310000000
0.0310000000
0.0310000000
0.0310000000
0.0310000000
0.0310000000
0.0310000000
0.0310000000
0.0310000000
0.0310000000
0.0310000000
0.0310000000
0.0310000000
0.0310000000
0.0310000000
0.0310000000
0.0310000000
0.0310000000
0.0310000000
0.0310000000
0.0310000000
0.0310000000
0.0310000000
0.0310000000
0.0310000000
0.0310000000
0.0310000000
0.0310000000
0.0310000000
0.0310000000
0.0310000000
0.0310000000
0.0310000000
0.0310000000
0.0310000000
0.0310000000
0.0310000000
0.0310000000
0.0310000000
0.0310000000
0.0310000000
0.0310000000
0.0310000000
0.0310000000
0.0310000000
0.0310000000
0.0310000000
0.0310000000
0.0310000000
0.0310000000
0.0310000000
0.0310000000
0.0310000000
0.0310000000
0.0310000000
0.0310000000
0.0310000000
0.0310000000
0.0310000000
0.0310000000
0.0310000000
0.0310000000
0.0310000000
0.0310000000
0.0310000000
0.0310000000
0.0310000000
0.0310000000
0.0310000000
0.0310000000
0.0310000000
0.0310000000
0.0310000000
0.0310000000
0.0310000000
0.0310000000
0.0310000000
0.0310000000
0.0310000000
0.0310000000
0.0310000000
0.0310000000
0.0310000000
0.0310000000
0.0310000000
0.0310000000
0.0310000000
0.0310000000
0.0310000000
0.0310000000
0.0310000000
0.0310000000
0.0310000000
0.0310000000
0.0310000000
0.0310000000
0.0310000000
0.0310000000
0.0310000000
0.0310000000
0.0310000000
0.0310000000
0.0310000000
0.0310000000
0.0310000000
0.0310000000
0.0310000000
0.0310000000
0.0310000000
0.0310000000
0.0310000000
0.0310000000
0.0310000000
0.0310000000
0.0310000000
0.0310000000
0.0310000000
0.0310000000
0.0310000000
0.0310000000
0.0310000000
0.0310000000
0.0310000000
0.0310000000
0.0310000000
0.0310000000
0.0310000000
0.0310000000
0.0310000000
0.0310000000
0.0310000000
0.0310000000
0.0310000000
0.0310000000
0.0310000000
0.0310000000
0.0310000000
0.0310000000
0.0310000000
0.0310000000
0.0310000000
0.0310000000
0.0310000000
0.0310000000
0.0310000000
0.0310000000
0.0310000000
0.0310000000
0.0310000000
0.0310000000
0.0310000000
0.0310000000
0.0310000000
0.0310000000
0.0310000000
0.0310000000
0.0310000000
0.0310000000
0.0310000000
0.0310000000
0.0310000000
0.0310000000
0.0310000000
0.0310000000
0.0310000000
0.0310000000
0.0310000000
0.0310000000
0.0310000000
0.0310000000
0.0310000000
0.0310000000
0.0310000000
0.0310000000
0.0310000000
0.0310000000
0.0310000000
0.0310000000
0.0310000000
0.0310000000
0.0310000000
0.0310000000
0.0310000000
0.0310000000
0.0310000000
0.0310000000
0.0310000000
0.0310000000
0.0310000000
0.0310000000
0.0310000000
0.0310000000
0.0310000000
0.0310000000
0.0310000000
0.0310000000
0.0310000000
0.0310000000
0.0310000000
0.0310000000
0.0310000000
0.0310000000
0.0310000000
0.0310000000
0.0310000000
0.0310000000
0.0310000000
0.0310000000
0.0310000000
0.0310000000
0.0310000000
0.0310000000
0.0310000000
0.0310000000
0.0310000000
0.0310000000
0.0310000000
0.0310000000
0.0310000000
0.0310000000
0.0310000000
0.0310000000
0.0310000000
0.0310000000
0.0310000000
0.0310000000
0.0310000000
0.0310000000
0.0310000000
0.0310000000
0.0310000000
0.0310000000
0.0310000000
0.0310000000
0.0310000000
0.0310000000
0.0310000000
0.0310000000
0.0310000000
0.0310000000
0.0310000000
0.0310000000
0.0310000000
0.0310000000
0.0310000000
0.0310000000
0.0310000000
0.0310000000
0.0310000000
0.0310000000
0.0310000000
0.0310000000
0.0310000000
0.0310000000
0.0310000000
0.0310000000
0.0310000000
0.0310000000
0.0310000000
0.0310000000
0.0310000000
0.0310000000
0.0310000000
0.0310000000
0.0310000000
0.0310000000
0.0310000000
0.0310000000
0.0310000000
0.0310000000
0.0310000000
0.0310000000
0.0310000000
0.0310000000
0.0310000000
0.0310000000
0.0310000000
0.0310000000
0.0310000000
0.0310000000
0.0310000000
0.0310000000
0.0310000000
0.0310000000
0.0310000000
0.0310000000
0.0310000000
0.0310000000
0.0310000000
0.0310000000
0.0310000000
0.0310000000
0.0310000000
0.0310000000
0.0310000000
0.0310000000
0.0310000000
0.0310000000
0.0310000000
0.0310000000
0.0310000000
0.0310000000
0.0310000000
0.0310000000
0.0310000000
0.0310000000
0.0310000000
0.0310000000
0.0310000000
0.0310000000
0.0310000000
0.0310000000
0.0310000000
0.0310000000
0.0310000000
0.0310000000
0.0310000000
0.0310000000
0.0310000000
0.0310000000
0.0310000000
0.0310000000
0.0310000000
0.0310000000
0.0310000000
0.0310000000
0.0310000000
0.0310000000
0.0310000000
0.0310000000
0.0310000000
0.0310000000
0.0310000000
0.0310000000
0.0310000000
0.0310000000
0.0310000000
0.0310000000
0.0310000000
0.0310000000
0.0310000000
0.0310000000
0.0310000000
0.0310000000
0.0310000000
0.0310000000
0.0310000000
0.0310000000
0.0310000000
0.0310000000
0.0310000000
0.0310000000
0.0310000000
0.0310000000
0.0310000000
0.0310000000
0.0310000000
0.0310000000
0.0310000000
0.0310000000
0.0310000000
0.0310000000
0.0310000000
0.0310000000
0.0310000000
0.0310000000
0.0310000000
0.0310000000
0.0310000000
0.0310000000
0.0310000000
0.0310000000
0.0310000000
0.0310000000
0.0310000000
0.0310000000
0.0310000000
0.0310000000
0.0310000000
0.0310000000
0.0310000000
0.0310000000
0.0310000000
0.0310000000
0.0310000000
0.0310000000
0.0310000000
0.0310000000
0.0310000000
0.0310000000
0.0310000000
0.0310000000
0.0310000000
0.0310000000
0.0310000000
0.0310000000
0.0310000000
0.0310000000
0.0310000000
0.0310000000
0.0310000000
0.0310000000
0.0310000000
0.0310000000
0.0310000000
0.0310000000
0.0310000000
0.0310000000
0.0310000000
0.0310000000
0.0310000000
0.0310000000
0.0310000000
0.0310000000
0.0310000000
0.0310000000
0.0310000000
0.0310000000
0.0310000000
0.0310000000
0.0310000000
0.0310000000
0.0310000000
0.0310000000
0.0310000000
0.0310000000
0.0310000000
0.0310000000
0.0310000000
0.0310000000
0.0310000000
0.0310000000
0.0310000000
0.0310000000
0.0310000000
0.0310000000
0.0310000000
0.0310000000
0.0310000000
0.0310000000
0.0310000000
0.0310000000
0.0310000000
0.0310000000
0.0310000000
0.0310000000
0.0310000000
0.0310000000
0.0310000000
0.0310000000
0.0310000000
0.0310000000
0.0310000000
0.0310000000
0.0310000000
0.0310000000
0.0310000000
0.0310000000
0.0310000000
0.0310000000
0.0310000000
0.0310000000
0.0310000000
0.0310000000
0.0310000000
0.0310000000
0.0310000000
0.0310000000
0.0310000000
0.0310000000
0.0310000000
0.0310000000
0.0310000000
0.0310000000
0.0310000000
0.0310000000
0.0310000000
0.0310000000
0.0310000000
0.0310000000
0.0310000000
0.0310000000
0.0310000000
0.0310000000
0.0310000000
0.0310000000
0.0310000000
0.0310000000
0.0310000000
0.0310000000
0.0310000000
0.0310000000
0.0310000000
0.0310000000
0.0310000000
0.0310000000
0.0310000000
0.0310000000
0.0310000000
0.0310000000
0.0310000000
0.0310000000
0.0310000000
0.0310000000
0.0310000000
0.0310000000
0.0310000000
0.0310000000
0.0310000000
0.0310000000
0.0310000000
0.0310000000
0.0310000000
0.0310000000
0.0310000000
0.0310000000
0.0310000000
0.0310000000
0.0310000000
0.0310000000
0.0310000000
0.0310000000
0.0310000000
0.0310000000
0.0310000000
0.0310000000
0.0310000000
0.0310000000
0.0310000000
0.0310000000
0.0310000000
0.0310000000
0.0310000000
0.0310000000
0.0310000000
0.0310000000
0.0310000000
0.0310000000
0.0310000000
0.0310000000
0.0310000000
0.0310000000
0.0310000000
0.0310000000
0.0310000000
0.0310000000
0.0310000000
0.0310000000
0.0310000000
0.0310000000
0.0310000000
0.0310000000
0.0310000000
0.0310000000
0.0310000000
0.0310000000
0.0310000000
0.0310000000
0.0310000000
0.0310000000
0.0310000000
0.0310000000
0.0310000000
0.0310000000
0.0310000000
0.0310000000
0.0310000000
0.0310000000
0.0310000000
0.0310000000
0.0310000000
0.0310000000
0.0310000000
0.0310000000
0.0310000000
0.0310000000
0.0310000000
0.0310000000
0.0310000000
0.0310000000
0.0310000000
0.0310000000
0.0310000000
0.0310000000
0.0310000000
0.0310000000
0.0310000000
0.0310000000
0.0310000000
0.0310000000
0.0310000000
0.0310000000
0.0310000000
0.0310000000
0.0310000000
0.0310000000
0.0310000000
0.0310000000
0.0310000000
0.0310000000
0.0310000000
0.0310000000
0.0310000000
0.0310000000
0.0310000000
0.0310000000
0.0310000000
0.0310000000
0.0310000000
0.0310000000
0.0310000000
0.0310000000
0.0310000000
0.0310000000
0.0310000000
0.0310000000
0.0310000000
0.0310000000
0.0310000000
0.0310000000
0.0310000000
0.0310000000
0.0310000000
0.0310000000
0.0310000000
0.0310000000
0.0310000000
0.0310000000
0.0310000000
0.0310000000
0.0310000000
0.0310000000
0.0310000000
0.0310000000
0.0310000000
0.0310000000
0.0310000000
0.0310000000
0.0310000000
0.0310000000
0.0310000000
0.0310000000
0.0310000000
0.0310000000
0.0310000000
0.0310000000
0.0310000000
0.0310000000
0.0310000000
0.0310000000
0.0310000000
0.0310000000
0.0310000000
0.0310000000
0.0310000000
0.0310000000
0.0310000000
0.0310000000
0.0310000000
0.0310000000
0.0310000000
0.0310000000
0.0310000000
0.0310000000
0.0310000000
0.0310000000
0.0310000000
0.0310000000
0.0310000000
0.0310000000
0.0310000000
0.0310000000
0.0310000000
0.0310000000
0.0310000000
0.0310000000
0.0310000000
0.0310000000
0.0310000000
0.0310000000
0.0310000000
0.0310000000
0.0310000000
0.0310000000
0.0310000000
0.0310000000
0.0310000000
0.0310000000
0.0310000000
0.0310000000
0.0310000000
0.0310000000
0.0310000000
0.0310000000
0.0310000000
0.0310000000
0.0310000000
0.0310000000
0.0310000000
0.0310000000
0.0310000000
0.0310000000
0.0310000000
0.0310000000
0.0310000000
0.0310000000
0.0310000000
0.0310000000
0.0310000000
0.0310000000
0.0310000000
0.0310000000
0.0310000000
0.0310000000
0.0310000000
0.0310000000
0.0310000000
0.0310000000
0.0310000000
0.0310000000
0.0310000000
0.0310000000
0.0310000000
0.0310000000
0.0310000000
0.0310000000
0.0310000000
0.0310000000
0.0310000000
0.0310000000
0.0310000000
0.0310000000
0.0310000000
0.0310000000
0.0310000000
0.0310000000
0.0310000000
0.0310000000
0.0310000000
0.0310000000
0.0310000000
0.0310000000
0.0310000000
0.0310000000
0.0310000000
0.0310000000
0.0310000000
0.0310000000
0.0310000000
0.0310000000
0.0310000000
0.0310000000
0.0310000000
0.0310000000
0.0310000000
0.0310000000
0.0310000000
0.0310000000
0.0310000000
0.0310000000
0.0310000000
0.0310000000
0.0310000000
0.0310000000
0.0310000000
0.0310000000
0.0310000000
0.0310000000
0.0310000000
0.0310000000
0.0310000000
0.0310000000
0.0310000000
0.0310000000
0.0310000000
0.0310000000
0.0310000000
0.0310000000
0.0310000000
0.0310000000
0.0310000000
0.0310000000
0.0310000000
0.0310000000
0.0310000000
0.0310000000
0.0310000000
0.0310000000
0.0310000000
0.0310000000
0.0310000000
0.0310000000
0.0310000000
0.0310000000
0.0310000000
0.0310000000
0.0310000000
0.0310000000
0.0310000000
0.0310000000
0.0310000000
0.0310000000
0.0310000000
0.0310000000
0.0310000000
0.0310000000
0.0310000000
0.0310000000
0.0310000000
0.0310000000
0.0310000000
0.0310000000
0.0310000000
0.0310000000
0.0310000000
0.0310000000
0.0310000000
0.0310000000
0.0310000000
0.0310000000
0.0310000000
0.0310000000
0.0310000000
0.0310000000
0.0310000000
0.0310000000
0.0310000000
0.0310000000
0.0310000000
0.0310000000
0.0310000000
0.0310000000
0.0310000000
0.0310000000
0.0310000000
0.0310000000
0.0310000000
0.0310000000
0.0310000000
0.0310000000
0.0310000000
0.0310000000
0.0310000000
0.0310000000
0.0310000000
0.0310000000
0.0310000000
0.0310000000
0.0310000000
0.0310000000
0.0310000000
0.0310000000
0.0310000000
0.0310000000
0.0310000000
0.0310000000
0.0310000000
0.0310000000
0.0310000000
0.0310000000
0.0310000000
0.0310000000
0.0310000000
0.0310000000
0.0310000000
0.0310000000
0.0310000000
0.0310000000
0.0310000000
0.0310000000
0.0310000000
0.0310000000
0.0310000000
0.0310000000
0.0310000000
0.0310000000
0.0310000000
0.0310000000
0.0310000000
0.0310000000
0.0310000000
0.0310000000
0.0310000000
0.0310000000
0.0310000000
0.0310000000
0.0310000000
0.0310000000
0.0310000000
0.0310000000
0.0310000000
0.0310000000
0.0310000000
0.0310000000
0.0310000000
0.0310000000
0.0310000000
0.0310000000
0.0310000000
0.0310000000
0.0310000000
0.0310000000
0.0310000000
0.0310000000
0.0310000000
0.0310000000
0.0310000000
0.0310000000
0.0310000000
0.0310000000
0.0310000000
0.0310000000
0.0310000000
0.0310000000
0.0310000000
0.0310000000
0.0310000000
0.0310000000
0.0310000000
0.0310000000
0.0310000000
0.0310000000
0.0310000000
0.0310000000
0.0310000000
0.0310000000
0.0310000000
0.0310000000
0.0310000000
0.0310000000
0.0310000000
0.0310000000
0.0310000000
0.0310000000
0.0310000000
0.0310000000
0.0310000000
0.0310000000
0.0310000000
0.0310000000
0.0310000000
0.0310000000
0.0310000000
0.0310000000
0.0310000000
0.0310000000
0.0310000000
0.0310000000
0.0310000000
0.0310000000
0.0310000000
0.0310000000
0.0310000000
0.0310000000
0.0310000000
0.0310000000
0.0310000000
0.0310000000
0.0310000000
0.0310000000
0.0310000000
0.0310000000
0.0310000000
0.0310000000
0.0310000000
0.0310000000
0.0310000000
0.0310000000
0.0310000000
0.0310000000
0.0310000000
0.0310000000
0.0310000000
0.0310000000
0.0310000000
0.0310000000
0.0310000000
0.0310000000
0.0310000000
0.0310000000
0.0310000000
0.0310000000
0.0310000000
0.0310000000
0.0310000000
0.0310000000
0.0310000000
0.0310000000
0.0310000000
0.0310000000
0.0310000000
0.0310000000
0.0310000000
0.0310000000
0.0310000000
0.0310000000
0.0310000000
0.0310000000
0.0310000000
0.0310000000
0.0310000000
0.0310000000
0.0310000000
0.0310000000
0.0310000000
0.0310000000
0.0310000000
0.0310000000
0.0310000000
0.0310000000
0.0310000000
0.0310000000
0.0310000000
0.0310000000
0.0310000000
0.0310000000
0.0310000000
0.0310000000
0.0310000000
0.0310000000
0.0310000000
0.0310000000
0.0310000000
0.0310000000
0.0310000000
0.0310000000
0.0310000000
0.0310000000
0.0310000000
0.0310000000
0.0310000000
0.0310000000
0.0310000000
0.0310000000
0.0310000000
0.0310000000
0.0310000000
0.0310000000
0.0310000000
0.0310000000
0.0310000000
0.0310000000
0.0310000000
0.0310000000
0.0310000000
0.0310000000
0.0310000000
0.0310000000
0.0310000000
0.0310000000
0.0310000000
0.0310000000
0.0310000000
0.0310000000
0.0310000000
0.0310000000
0.0310000000
0.0310000000
0.0310000000
0.0310000000
0.0310000000
0.0310000000
0.0310000000
0.0310000000
0.0310000000
0.0310000000
0.0310000000
0.0310000000
0.0310000000
0.0310000000
0.0310000000
0.0310000000
0.0310000000
0.0310000000
0.0310000000
0.0310000000
0.0310000000
0.0310000000
0.0310000000
0.0310000000
0.0310000000
0.0310000000
0.0310000000
0.0310000000
0.0310000000
0.0310000000
0.0310000000
0.0310000000
0.0310000000
0.0310000000
0.0310000000
0.0310000000
0.0310000000
0.0310000000
0.0310000000
0.0310000000
0.0310000000
0.0310000000
0.0310000000
0.0310000000
0.0310000000
0.0310000000
0.0310000000
0.0310000000
0.0310000000
0.0310000000
0.0310000000
0.0310000000
0.0310000000
0.0310000000
0.0310000000
0.0310000000
0.0310000000
0.0310000000
0.0310000000
0.0310000000
0.0310000000
0.0310000000
0.0310000000
0.0310000000
0.0310000000
0.0310000000
0.0310000000
0.0310000000
0.0310000000
0.0310000000
0.0310000000
0.0310000000
0.0310000000
0.0310000000
0.0310000000
0.0310000000
0.0310000000
0.0310000000
0.0310000000
0.0310000000
0.0310000000
0.0310000000
0.0310000000
0.0310000000
0.0310000000
0.0310000000
0.0310000000
0.0310000000
0.0310000000
0.0310000000
0.0310000000
0.0310000000
0.0310000000
0.0310000000
0.0310000000
0.0310000000
0.0310000000
0.0310000000
0.0310000000
0.0310000000
0.0310000000
0.0310000000
0.0310000000
0.0310000000
0.0310000000
0.0310000000
0.0310000000
0.0310000000
0.0310000000
0.0310000000
0.0310000000
0.0310000000
0.0310000000
0.0310000000
0.0310000000
0.0310000000
0.0310000000
0.0310000000
0.0310000000
0.0310000000
0.0310000000
0.0310000000
0.0310000000
0.0310000000
0.0310000000
0.0310000000
0.0310000000
0.0310000000
0.0310000000
0.0310000000
0.0310000000
0.0310000000
0.0310000000
0.0310000000
0.0310000000
0.0310000000
0.0310000000
0.0310000000
0.0310000000
0.0310000000
0.0310000000
0.0310000000
0.0310000000
0.0310000000
0.0310000000
0.0310000000
0.0310000000
0.0310000000
0.0310000000
0.0310000000
0.0310000000
0.0310000000
0.0310000000
0.0310000000
0.0310000000
0.0310000000
0.0310000000
0.0310000000
0.0310000000
0.0310000000
0.0310000000
0.0310000000
0.0310000000
0.0310000000
0.0310000000
0.0310000000
0.0310000000
0.0310000000
0.0310000000
0.0310000000
0.0310000000
0.0310000000
0.0310000000
0.0310000000
0.0310000000
0.0310000000
0.0310000000
0.0310000000
0.0310000000
0.0310000000
0.0310000000
0.0310000000
0.0310000000
0.0310000000
0.0310000000
0.0310000000
0.0310000000
0.0310000000
0.0310000000
0.0310000000
0.0310000000
0.0310000000
0.0310000000
0.0310000000
0.0310000000
0.0310000000
0.0310000000
0.0310000000
0.0310000000
0.0310000000
0.0310000000
0.0310000000
0.0310000000
0.0310000000
0.0310000000
0.0310000000
0.0310000000
0.0310000000
0.0310000000
0.0310000000
0.0310000000
0.0310000000
0.0310000000
0.0310000000
0.0310000000
0.0310000000
0.0310000000
0.0310000000
0.0310000000
0.0310000000
0.0310000000
0.0310000000
0.0310000000
0.0310000000
0.0310000000
0.0310000000
0.0310000000
0.0310000000
0.0310000000
0.0310000000
0.0310000000
0.0310000000
0.0310000000
0.0310000000
0.0310000000
0.0310000000
0.0310000000
0.0310000000
0.0310000000
0.0310000000
0.0310000000
0.0310000000
0.0310000000
0.0310000000
0.0310000000
0.0310000000
0.0310000000
0.0310000000
0.0310000000
0.0310000000
0.0310000000
0.0310000000
0.0310000000
0.0310000000
0.0310000000
0.0310000000
0.0310000000
0.0310000000
0.0310000000
0.0310000000
0.0310000000
0.0310000000
0.0310000000
0.0310000000
0.0310000000
0.0310000000
0.0310000000
0.0310000000
0.0310000000
0.0310000000
0.0310000000
0.0310000000
0.0310000000
0.0310000000
0.0310000000
0.0310000000
0.0310000000
0.0310000000
0.0310000000
0.0310000000
0.0310000000
0.0310000000
0.0310000000
0.0310000000
0.0310000000
0.0310000000
0.0310000000
0.0310000000
0.0310000000
0.0310000000
0.0310000000
0.0310000000
0.0310000000
0.0310000000
0.0310000000
0.0310000000
0.0310000000
0.0310000000
0.0310000000
0.0310000000
0.0310000000
0.0310000000
0.0310000000
0.0310000000
0.0310000000
0.0310000000
0.0310000000
0.0310000000
0.0310000000
0.0310000000
0.0310000000
0.0310000000
0.0310000000
0.0310000000
0.0310000000
0.0310000000
0.0310000000
0.0310000000
0.0310000000
0.0310000000
0.0310000000
0.0310000000
0.0310000000
0.0310000000
0.0310000000
0.0310000000
0.0310000000
0.0310000000
0.0310000000
0.0310000000
0.0310000000
0.0310000000
0.0310000000
0.0310000000
0.0310000000
0.0310000000
0.0310000000
0.0310000000
0.0310000000
0.0310000000
0.0310000000
0.0310000000
0.0310000000
0.0310000000
0.0310000000
0.0310000000
0.0310000000
0.0310000000
0.0310000000
0.0310000000
0.0310000000
0.0310000000
0.0310000000
0.0310000000
0.0310000000
0.0310000000
0.0310000000
0.0310000000
0.0310000000
0.0310000000
0.0310000000
0.0310000000
0.0310000000
0.0310000000
0.0310000000
0.0310000000
0.0310000000
0.0310000000
0.0310000000
0.0310000000
0.0310000000
0.0310000000
0.0310000000
0.0310000000
0.0310000000
0.0310000000
0.0310000000
0.0310000000
0.0310000000
0.0310000000
0.0310000000
0.0310000000
0.0310000000
0.0310000000
0.0310000000
0.0310000000
0.0310000000
0.0310000000
0.0310000000
0.0310000000
0.0310000000
0.0310000000
0.0310000000
0.0310000000
0.0310000000
0.0310000000
0.0310000000
0.0310000000
0.0310000000
0.0310000000
0.0310000000
0.0310000000
0.0310000000
0.0310000000
0.0310000000
0.0310000000
0.0310000000
0.0310000000
0.0310000000
0.0310000000
0.0310000000
0.0310000000
0.0310000000
0.0310000000
0.0310000000
0.0310000000
0.0310000000
0.0310000000
0.0310000000
0.0310000000
0.0310000000
0.0310000000
0.0310000000
0.0310000000
0.0310000000
0.0310000000
0.0310000000
0.0310000000
0.0310000000
0.0310000000
0.0310000000
0.0310000000
0.0310000000
0.0310000000
0.0310000000
0.0310000000
0.0310000000
0.0310000000
0.0310000000
0.0310000000
0.0310000000
0.0310000000
0.0310000000
0.0310000000
0.0310000000
0.0310000000
0.0310000000
0.0310000000
0.0310000000
0.0310000000
0.0310000000
0.0310000000
0.0310000000
0.0310000000
0.0310000000
0.0310000000
0.0310000000
0.0310000000
0.0310000000
0.0310000000
0.0310000000
0.0310000000
0.0310000000
0.0310000000
0.0310000000
0.0310000000
0.0310000000
0.0310000000
0.0310000000
0.0310000000
0.0310000000
0.0310000000
0.0310000000
0.0310000000
0.0310000000
0.0310000000
0.0310000000
0.0310000000
0.0310000000
0.0310000000
0.0310000000
0.0310000000
0.0310000000
0.0310000000
0.0310000000
0.0310000000
0.0310000000
0.0310000000
0.0310000000
0.0310000000
0.0310000000
0.0310000000
0.0310000000
0.0310000000
0.0310000000
0.0310000000
0.0310000000
0.0310000000
0.0310000000
0.0310000000
0.0310000000
0.0310000000
0.0310000000
0.0310000000
0.0310000000
0.0310000000
0.0310000000
0.0310000000
0.0310000000
0.0310000000
0.0310000000
0.0310000000
0.0310000000
0.0310000000
0.0310000000
0.0310000000
0.0310000000
0.0310000000
0.0310000000
0.0310000000
0.0310000000
0.0310000000
0.0310000000
0.0310000000
0.0310000000
0.0310000000
0.0310000000
0.0310000000
0.0310000000
0.0310000000
0.0310000000
0.0310000000
0.0310000000
0.0310000000
0.0310000000
0.0310000000
0.0310000000
0.0310000000
0.0310000000
0.0310000000
0.0310000000
0.0310000000
0.0310000000
0.0310000000
0.0310000000
0.0310000000
0.0310000000
0.0310000000
0.0310000000
0.0310000000
0.0310000000
0.0310000000
0.0310000000
0.0310000000
0.0310000000
0.0310000000
0.0310000000
0.0310000000
0.0310000000
0.0310000000
0.0310000000
0.0310000000
0.0310000000
0.0310000000
0.0310000000
0.0310000000
0.0310000000
0.0310000000
0.0310000000
0.0310000000
0.0310000000
0.0310000000
0.0310000000
0.0310000000
0.0310000000
0.0310000000
0.0310000000
0.0310000000
0.0310000000
0.0310000000
0.0310000000
0.0310000000
0.0310000000
0.0310000000
0.0310000000
0.0310000000
0.0310000000
0.0310000000
0.0310000000
0.0310000000
0.0310000000
0.0310000000
0.0310000000
0.0310000000
0.0310000000
0.0310000000
0.0310000000
0.0310000000
0.0310000000
0.0310000000
0.0310000000
0.0310000000
0.0310000000
0.0310000000
0.0310000000
0.0310000000
0.0310000000
0.0310000000
0.0310000000
0.0310000000
0.0310000000
0.0310000000
0.0310000000
0.0310000000
0.0310000000
0.0310000000
0.0310000000
0.0310000000
0.0310000000
0.0310000000
0.0310000000
0.0310000000
0.0310000000
0.0310000000
0.0310000000
0.0310000000
0.0310000000
0.0310000000
0.0310000000
0.0310000000
0.0310000000
0.0310000000
0.0310000000
0.0310000000
0.0310000000
0.0310000000
0.0310000000
0.0310000000
0.0310000000
0.0310000000
0.0310000000
0.0310000000
0.0310000000
0.0310000000
0.0310000000
0.0310000000
0.0310000000
0.0310000000
0.0310000000
0.0310000000
0.0310000000
0.0310000000
0.0310000000
0.0310000000
0.0310000000
0.0310000000
0.0310000000
0.0310000000
0.0310000000
0.0310000000
0.0310000000
0.0310000000
0.0310000000
0.0310000000
0.0310000000
0.0310000000
0.0310000000
0.0310000000
0.0310000000
0.0310000000
0.0310000000
0.0310000000
0.0310000000
0.0310000000
0.0310000000
0.0310000000
0.0310000000
0.0310000000
0.0310000000
0.0310000000
0.0310000000
0.0310000000
0.0310000000
0.0310000000
0.0310000000
0.0310000000
0.0310000000
0.0310000000
0.0310000000
0.0310000000
0.0310000000
0.0310000000
0.0310000000
0.0310000000
0.0310000000
0.0310000000
0.0310000000
0.0310000000
0.0310000000
0.0310000000
0.0310000000
0.0310000000
0.0310000000
0.0310000000
0.0310000000
0.0310000000
0.0310000000
0.0310000000
0.0310000000
0.0310000000
0.0310000000
0.0310000000
0.0310000000
0.0310000000
0.0310000000
0.0310000000
0.0310000000
0.0310000000
0.0310000000
0.0310000000
0.0310000000
0.0310000000
0.0310000000
0.0310000000
0.0310000000
0.0310000000
0.0310000000
0.0310000000
0.0310000000
0.0310000000
0.0310000000
0.0310000000
0.0310000000
0.0310000000
0.0310000000
0.0310000000
0.0310000000
0.0310000000
0.0310000000
0.0310000000
0.0310000000
0.0310000000
0.0310000000
0.0310000000
0.0310000000
0.0310000000
0.0310000000
0.0310000000
0.0310000000
0.0310000000
0.0310000000
0.0310000000
0.0310000000
0.0310000000
0.0310000000
0.0310000000
0.0310000000
0.0310000000
0.0310000000
0.0310000000
0.0310000000
0.0310000000
0.0310000000
0.0310000000
0.0310000000
0.0310000000
0.0310000000
0.0310000000
0.0310000000
0.0310000000
0.0310000000
0.0310000000
0.0310000000
0.0310000000
0.0310000000
0.0310000000
0.0310000000
0.0310000000
0.0310000000
0.0310000000
0.0310000000
0.0310000000
0.0310000000
0.0310000000
0.0310000000
0.0310000000
0.0310000000
0.0310000000
0.0310000000
0.0310000000
0.0310000000
0.0310000000
0.0310000000
0.0310000000
0.0310000000
0.0310000000
0.0310000000
0.0310000000
0.0310000000
0.0310000000
0.0310000000
0.0310000000
0.0310000000
0.0310000000
0.0310000000
0.0310000000
0.0310000000
0.0310000000
0.0310000000
0.0310000000
0.0310000000
0.0310000000
0.0310000000
0.0310000000
0.0310000000
0.0310000000
0.0310000000
0.0310000000
0.0310000000
0.0310000000
0.0310000000
0.0310000000
0.0310000000
0.0310000000
0.0310000000
0.0310000000
0.0310000000
0.0310000000
0.0310000000
0.0310000000
0.0310000000
0.0310000000
0.0310000000
0.0310000000
0.0310000000
0.0310000000
0.0310000000
0.0310000000
0.0310000000
0.0310000000
0.0310000000
0.0310000000
0.0310000000
0.0310000000
0.0310000000
0.0310000000
0.0310000000
0.0310000000
0.0310000000
0.0310000000
0.0310000000
0.0310000000
0.0310000000
0.0310000000
0.0310000000
0.0310000000
0.0310000000
0.0310000000
0.0310000000
0.0310000000
0.0310000000
0.0310000000
0.0310000000
0.0310000000
0.0310000000
0.0310000000
0.0310000000
0.0310000000
0.0310000000
0.0310000000
0.0310000000
0.0310000000
0.0310000000
0.0310000000
0.0310000000
0.0310000000
0.0310000000
0.0310000000
0.0310000000
0.0310000000
0.0310000000
0.0310000000
0.0310000000
0.0310000000
0.0310000000
0.0310000000
0.0310000000
0.0310000000
0.0310000000
0.0310000000
0.0310000000
0.0310000000
0.0310000000
0.0310000000
0.0310000000
0.0310000000
0.0310000000
0.0310000000
0.0310000000
0.0310000000
0.0310000000
0.0310000000
0.0310000000
0.0310000000
0.0310000000
0.0310000000
0.0310000000
0.0310000000
0.0310000000
0.0310000000
0.0310000000
0.0310000000
0.0310000000
0.0310000000
0.0310000000
0.0310000000
0.0310000000
0.0310000000
0.0310000000
0.0310000000
0.0310000000
0.0310000000
0.0310000000
0.0310000000
0.0310000000
0.0310000000
0.0310000000
0.0310000000
0.0310000000
0.0310000000
0.0310000000
0.0310000000
0.0310000000
0.0310000000
0.0310000000
0.0310000000
0.0310000000
0.0310000000
0.0310000000
0.0310000000
0.0310000000
0.0310000000
0.0310000000
0.0310000000
0.0310000000
0.0310000000
0.0310000000
0.0310000000
0.0310000000
0.0310000000
0.0310000000
0.0310000000
0.0310000000
0.0310000000
0.0310000000
0.0310000000
0.0310000000
0.0310000000
0.0310000000
0.0310000000
0.0310000000
0.0310000000
0.0310000000
0.0310000000
0.0310000000
0.0310000000
0.0310000000
0.0310000000
0.0310000000
0.0310000000
0.0310000000
0.0310000000
0.0310000000
0.0310000000
0.0310000000
0.0310000000
0.0310000000
0.0310000000
0.0310000000
0.0310000000
0.0310000000
0.0310000000
0.0310000000
0.0310000000
0.0310000000
0.0310000000
0.0310000000
0.0310000000
0.0310000000
0.0310000000
0.0310000000
0.0310000000
0.0310000000
0.0310000000
0.0310000000
0.0310000000
0.0310000000
0.0310000000
0.0310000000
0.0310000000
0.0310000000
0.0310000000
0.0310000000
0.0310000000
0.0310000000
0.0310000000
0.0310000000
0.0310000000
0.0310000000
0.0310000000
0.0310000000
0.0310000000
0.0310000000
0.0310000000
0.0310000000
0.0310000000
0.0310000000
0.0310000000
0.0310000000
0.0310000000
0.0310000000
0.0310000000
0.0310000000
0.0310000000
0.0310000000
0.0310000000
0.0310000000
0.0310000000
0.0310000000
0.0310000000
0.0310000000
0.0310000000
0.0310000000
0.0310000000
0.0310000000
0.0310000000
0.0310000000
0.0310000000
0.0310000000
0.0310000000
0.0310000000
0.0310000000
0.0310000000
0.0310000000
0.0310000000
0.0310000000
0.0310000000
0.0310000000
0.0310000000
0.0310000000
0.0310000000
0.0310000000
0.0310000000
0.0310000000
0.0310000000
0.0310000000
0.0310000000
0.0310000000
0.0310000000
0.0310000000
0.0310000000
0.0310000000
0.0310000000
0.0310000000
0.0310000000
0.0310000000
0.0310000000
0.0310000000
0.0310000000
0.0310000000
0.0310000000
0.0310000000
0.0310000000
0.0310000000
0.0310000000
0.0310000000
0.0310000000
0.0310000000
0.0310000000
0.0310000000
0.0310000000
0.0310000000
0.0310000000
0.0310000000
0.0310000000
0.0310000000
0.0310000000
0.0310000000
0.0310000000
0.0310000000
0.0310000000
0.0310000000
0.0310000000
0.0310000000
0.0310000000
0.0310000000
0.0310000000
0.0310000000
0.0310000000
0.0310000000
0.0310000000
0.0310000000
0.0310000000
0.0310000000
0.0310000000
0.0310000000
0.0310000000
0.0310000000
0.0310000000
0.0310000000
0.0310000000
0.0310000000
0.0310000000
0.0310000000
0.0310000000
0.0310000000
0.0310000000
0.0310000000
0.0310000000
0.0310000000
0.0310000000
0.0310000000
0.0310000000
0.0310000000
0.0310000000
0.0310000000
0.0310000000
0.0310000000
0.0310000000
0.0310000000
0.0310000000
0.0310000000
0.0310000000
0.0310000000
0.0310000000
0.0310000000
0.0310000000
0.0310000000
0.0310000000
0.0310000000
0.0310000000
0.0310000000
0.0310000000
0.0310000000
0.0310000000
0.0310000000
0.0310000000
0.0310000000
0.0310000000
0.0310000000
0.0310000000
0.0310000000
0.0310000000
0.0310000000
0.0310000000
0.0310000000
0.0310000000
0.0310000000
0.0310000000
0.0310000000
0.0310000000
0.0310000000
0.0310000000
0.0310000000
0.0310000000
0.0310000000
0.0310000000
0.0310000000
0.0310000000
0.0310000000
0.0310000000
0.0310000000
0.0310000000
0.0310000000
0.0310000000
0.0310000000
0.0310000000
0.0310000000
0.0310000000
0.0310000000
0.0310000000
0.0310000000
0.0310000000
0.0310000000
0.0310000000
0.0310000000
0.0310000000
0.0310000000
0.0310000000
0.0310000000
0.0310000000
0.0310000000
0.0310000000
0.0310000000
0.0310000000
0.0310000000
0.0310000000
0.0310000000
0.0310000000
0.0310000000
0.0310000000
0.0310000000
0.0310000000
0.0310000000
0.0310000000
0.0310000000
0.0310000000
0.0310000000
0.0310000000
0.0310000000
0.0310000000
0.0310000000
0.0310000000
0.0310000000
0.0310000000
0.0310000000
0.0310000000
0.0310000000
0.0310000000
0.0310000000
0.0310000000
0.0310000000
0.0310000000
0.0310000000
0.0310000000
0.0310000000
0.0310000000
0.0310000000
0.0310000000
0.0310000000
0.0310000000
0.0310000000
0.0310000000
0.0310000000
0.0310000000
0.0310000000
0.0310000000
0.0310000000
0.0310000000
0.0310000000
0.0310000000
0.0310000000
0.0310000000
0.0310000000
0.0310000000
0.0310000000
0.0310000000
0.0310000000
0.0310000000
0.0310000000
0.0310000000
0.0310000000
0.0310000000
0.0310000000
0.0310000000
0.0310000000
0.0310000000
0.0310000000
0.0310000000
0.0310000000
0.0310000000
0.0310000000
0.0310000000
0.0310000000
0.0310000000
0.0310000000
0.0310000000
0.0310000000
0.0310000000
0.0310000000
0.0310000000
0.0310000000
0.0310000000
0.0310000000
0.0310000000
0.0310000000
0.0310000000
0.0310000000
0.0310000000
0.0310000000
0.0310000000
0.0310000000
0.0310000000
0.0310000000
0.0310000000
0.0310000000
0.0310000000
0.0310000000
0.0310000000
0.0310000000
0.0310000000
0.0310000000
0.0310000000
0.0310000000
0.0310000000
0.0310000000
0.0310000000
0.0310000000
0.0310000000
0.0310000000
0.0310000000
0.0310000000
0.0310000000
0.0310000000
0.0310000000
0.0310000000
0.0310000000
0.0310000000
0.0310000000
0.0310000000
0.0310000000
0.0310000000
0.0310000000
0.0310000000
0.0310000000
0.0310000000
0.0310000000
0.0310000000
0.0310000000
0.0310000000
0.0310000000
0.0310000000
0.0310000000
0.0310000000
0.0310000000
0.0310000000
0.0310000000
0.0310000000
0.0310000000
0.0310000000
0.0310000000
0.0310000000
0.0310000000
0.0310000000
0.0310000000
0.0310000000
0.0310000000
0.0310000000
0.0310000000
0.0310000000
0.0310000000
0.0310000000
0.0310000000
0.0310000000
0.0310000000
0.0310000000
0.0310000000
0.0310000000
0.0310000000
0.0310000000
0.0310000000
0.0310000000
0.0310000000
0.0310000000
0.0310000000
0.0310000000
0.0310000000
0.0310000000
0.0310000000
0.0310000000
0.0310000000
0.0310000000
0.0310000000
0.0310000000
0.0310000000
0.0310000000
0.0310000000
0.0310000000
0.0310000000
0.0310000000
0.0310000000
0.0310000000
0.0310000000
0.0310000000
0.0310000000
0.0310000000
0.0310000000
0.0310000000
0.0310000000
0.0310000000
0.0310000000
0.0310000000
0.0310000000
0.0310000000
0.0310000000
0.0310000000
0.0310000000
0.0310000000
0.0310000000
0.0310000000
0.0310000000
0.0310000000
0.0310000000
0.0310000000
0.0310000000
0.0310000000
0.0310000000
0.0310000000
0.0310000000
0.0310000000
0.0310000000
0.0310000000
0.0310000000
0.0310000000
0.0310000000
0.0310000000
0.0310000000
0.0310000000
0.0310000000
0.0310000000
0.0310000000
0.0310000000
0.0310000000
0.0310000000
0.0310000000
0.0310000000
0.0310000000
0.0310000000
0.0310000000
0.0310000000
0.0310000000
0.0310000000
0.0310000000
0.0310000000
0.0310000000
0.0310000000
0.0310000000
0.0310000000
0.0310000000
0.0310000000
0.0310000000
0.0310000000
0.0310000000
0.0310000000
0.0310000000
0.0310000000
0.0310000000
0.0310000000
0.0310000000
0.0310000000
0.0310000000
0.0310000000
0.0310000000
0.0310000000
0.0310000000
0.0310000000
0.0310000000
0.0310000000
0.0310000000
0.0310000000
0.0310000000
0.0310000000
0.0310000000
0.0310000000
0.0310000000
0.0310000000
0.0310000000
0.0310000000
0.0310000000
0.0310000000
0.0310000000
0.0310000000
0.0310000000
0.0310000000
0.0310000000
0.0310000000
0.0310000000
0.0310000000
0.0310000000
0.0310000000
0.0310000000
0.0310000000
0.0310000000
0.0310000000
0.0310000000
0.0310000000
0.0310000000
0.0310000000
0.0310000000
0.0310000000
0.0310000000
0.0310000000
0.0310000000
0.0310000000
0.0310000000
0.0310000000
0.0310000000
0.0310000000
0.0310000000
0.0310000000
0.0310000000
0.0310000000
0.0310000000
0.0310000000
0.0310000000
0.0310000000
0.0310000000
0.0310000000
0.0310000000
0.0310000000
0.0310000000
0.0310000000
0.0310000000
0.0310000000
0.0310000000
0.0310000000
0.0310000000
0.0310000000
0.0310000000
0.0310000000
0.0310000000
0.0310000000
0.0310000000
0.0310000000
0.0310000000
0.0310000000
0.0310000000
0.0310000000
0.0310000000
0.0310000000
0.0310000000
0.0310000000
0.0310000000
0.0310000000
0.0310000000
0.0310000000
0.0310000000
0.0310000000
0.0310000000
0.0310000000
0.0310000000
0.0310000000
0.0310000000
0.0310000000
0.0310000000
0.0310000000
0.0310000000
0.0310000000
0.0310000000
0.0310000000
0.0310000000
0.0310000000
0.0310000000
0.0310000000
0.0310000000
0.0310000000
0.0310000000
0.0310000000
0.0310000000
0.0310000000
0.0310000000
0.0310000000
0.0310000000
0.0310000000
0.0310000000
0.0310000000
0.0310000000
0.0310000000
0.0310000000
0.0310000000
0.0310000000
0.0310000000
0.0310000000
0.0310000000
0.0310000000
0.0310000000
0.0310000000
0.0310000000
0.0310000000
0.0310000000
0.0310000000
0.0310000000
0.0310000000
0.0310000000
0.0310000000
0.0310000000
0.0310000000
0.0310000000
0.0310000000
0.0310000000
0.0310000000
0.0310000000
0.0310000000
0.0310000000
0.0310000000
0.0310000000
0.0310000000
0.0310000000
0.0310000000
0.0310000000
0.0310000000
0.0310000000
0.0310000000
0.0310000000
0.0310000000
0.0310000000
0.0310000000
0.0310000000
0.0310000000
0.0310000000
0.0310000000
0.0310000000
0.0310000000
0.0310000000
0.0310000000
0.0310000000
0.0310000000
0.0310000000
0.0310000000
0.0310000000
0.0310000000
0.0310000000
0.0310000000
0.0310000000
0.0310000000
0.0310000000
0.0310000000
0.0310000000
0.0310000000
0.0310000000
0.0310000000
0.0310000000
0.0310000000
0.0310000000
0.0310000000
0.0310000000
0.0310000000
0.0310000000
0.0310000000
0.0310000000
0.0310000000
0.0310000000
0.0310000000
0.0310000000
0.0310000000
0.0310000000
0.0310000000
0.0310000000
0.0310000000
0.0310000000
0.0310000000
0.0310000000
0.0310000000
0.0310000000
0.0310000000
0.0310000000
0.0310000000
0.0310000000
0.0310000000
0.0310000000
0.0310000000
0.0310000000
0.0310000000
0.0310000000
0.0310000000
0.0310000000
0.0310000000
0.0310000000
0.0310000000
0.0310000000
0.0310000000
0.0310000000
0.0310000000
0.0310000000
0.0310000000
0.0310000000
0.0310000000
0.0310000000
0.0310000000
0.0310000000
0.0310000000
0.0310000000
0.0310000000
0.0310000000
0.0310000000
0.0310000000
0.0310000000
0.0310000000
0.0310000000
0.0310000000
0.0310000000
0.0310000000
0.0310000000
0.0310000000
0.0310000000
0.0310000000
0.0310000000
0.0310000000
0.0310000000
0.0310000000
0.0310000000
0.0310000000
0.0310000000
0.0310000000
0.0310000000
0.0310000000
0.0310000000
0.0310000000
0.0310000000
0.0310000000
0.0310000000
0.0310000000
0.0310000000
0.0310000000
0.0310000000
0.0310000000
0.0310000000
0.0310000000
0.0310000000
0.0310000000
0.0310000000
0.0310000000
0.0310000000
0.0310000000
0.0310000000
0.0310000000
0.0310000000
0.0310000000
0.0310000000
0.0310000000
0.0310000000
0.0310000000
0.0310000000
0.0310000000
0.0310000000
0.0310000000
0.0310000000
0.0310000000
0.0310000000
0.0310000000
0.0310000000
0.0310000000
0.0310000000
0.0310000000
0.0310000000
0.0310000000
0.0310000000
0.0310000000
0.0310000000
0.0310000000
0.0310000000
0.0310000000
0.0310000000
0.0310000000
0.0310000000
0.0310000000
0.0310000000
0.0310000000
0.0310000000
0.0310000000
0.0310000000
0.0310000000
0.0310000000
0.0310000000
0.0310000000
0.0310000000
0.0310000000
0.0310000000
0.0310000000
0.0310000000
0.0310000000
0.0310000000
0.0310000000
0.0310000000
0.0310000000
0.0310000000
0.0310000000
0.0310000000
0.0310000000
0.0310000000
0.0310000000
0.0310000000
0.0310000000
0.0310000000
0.0310000000
0.0310000000
0.0310000000
0.0310000000
0.0310000000
0.0310000000
0.0310000000
0.0310000000
0.0310000000
0.0310000000
0.0310000000
0.0310000000
0.0310000000
0.0310000000
0.0310000000
0.0310000000
0.0310000000
0.0310000000
0.0310000000
0.0310000000
0.0310000000
0.0310000000
0.0310000000
0.0310000000
0.0310000000
0.0310000000
0.0310000000
0.0310000000
0.0310000000
0.0310000000
0.0310000000
0.0310000000
0.0310000000
0.0310000000
0.0310000000
0.0310000000
0.0310000000
0.0310000000
0.0310000000
0.0310000000
0.0310000000
0.0310000000
0.0310000000
0.0310000000
0.0310000000
0.0310000000
0.0310000000
0.0310000000
0.0310000000
0.0310000000
0.0310000000
0.0310000000
0.0310000000
0.0310000000
0.0310000000
0.0310000000
0.0310000000
0.0310000000
0.0310000000
0.0310000000
0.0310000000
0.0310000000
0.0310000000
0.0310000000
0.0310000000
0.0310000000
0.0310000000
0.0310000000
0.0310000000
0.0310000000
0.0310000000
0.0310000000
0.0310000000
0.0310000000
0.0310000000
0.0310000000
0.0310000000
0.0310000000
0.0310000000
0.0310000000
0.0310000000
0.0310000000
0.0310000000
0.0310000000
0.0310000000
0.0310000000
0.0310000000
0.0310000000
0.0310000000
0.0310000000
0.0310000000
0.0310000000
0.0310000000
0.0310000000
0.0310000000
0.0310000000
0.0310000000
0.0310000000
0.0310000000
0.0310000000
0.0310000000
0.0310000000
0.0310000000
0.0310000000
0.0310000000
0.0310000000
0.0310000000
0.0310000000
0.0310000000
0.0310000000
0.0310000000
0.0310000000
0.0310000000
0.0310000000
0.0310000000
0.0310000000
0.0310000000
0.0310000000
0.0310000000
0.0310000000
0.0310000000
0.0310000000
0.0310000000
0.0310000000
0.0310000000
0.0310000000
0.0310000000
0.0310000000
0.0310000000
0.0310000000
0.0310000000
0.0310000000
0.0310000000
0.0310000000
0.0310000000
0.0310000000
0.0310000000
0.0310000000
0.0310000000
0.0310000000
0.0310000000
0.0310000000
0.0310000000
0.0310000000
0.0310000000
0.0310000000
0.0310000000
0.0310000000
0.0310000000
0.0310000000
0.0310000000
0.0310000000
0.0310000000
0.0310000000
0.0310000000
0.0310000000
0.0310000000
0.0310000000
0.0310000000
0.0310000000
0.0310000000
0.0310000000
0.0310000000
0.0310000000
0.0310000000
0.0310000000
0.0310000000
0.0310000000
0.0310000000
0.0310000000
0.0310000000
0.0310000000
0.0310000000
0.0310000000
0.0310000000
0.0310000000
0.0310000000
0.0310000000
0.0310000000
0.0310000000
0.0310000000
0.0310000000
0.0310000000
0.0310000000
0.0310000000
0.0310000000
0.0310000000
0.0310000000
0.0310000000
0.0310000000
0.0310000000
0.0310000000
0.0310000000
0.0310000000
0.0310000000
0.0310000000
0.0310000000
0.0310000000
0.0310000000
0.0310000000
0.0310000000
0.0310000000
0.0310000000
0.0310000000
0.0310000000
0.0310000000
0.0310000000
0.0310000000
0.0310000000
0.0310000000
0.0310000000
0.0310000000
0.0310000000
0.0310000000
0.0310000000
0.0310000000
0.0310000000
0.0310000000
0.0310000000
0.0310000000
0.0310000000
0.0310000000
0.0310000000
0.0310000000
0.0310000000
0.0310000000
0.0310000000
0.0310000000
0.0310000000
0.0310000000
0.0310000000
0.0310000000
0.0310000000
0.0310000000
0.0310000000
0.0310000000
0.0310000000
0.0310000000
0.0310000000
0.0310000000
0.0310000000
0.0310000000
0.0310000000
0.0310000000
0.0310000000
0.0310000000
0.0310000000
0.0310000000
0.0310000000
0.0310000000
0.0310000000
0.0310000000
0.0310000000
0.0310000000
0.0310000000
0.0310000000
0.0310000000
0.0310000000
0.0310000000
0.0310000000
0.0310000000
0.0310000000
0.0310000000
0.0310000000
0.0310000000
0.0310000000
0.0310000000
0.0310000000
0.0310000000
0.0310000000
0.0310000000
0.0310000000
0.0310000000
0.0310000000
0.0310000000
0.0310000000
0.0310000000
0.0310000000
0.0310000000
0.0310000000
0.0310000000
0.0310000000
0.0310000000
0.0310000000
0.0310000000
0.0310000000
0.0310000000
0.0310000000
0.0310000000
0.0310000000
0.0310000000
0.0310000000
0.0310000000
0.0310000000
0.0310000000
0.0310000000
0.0310000000
0.0310000000
0.0310000000
0.0310000000
0.0310000000
0.0310000000
0.0310000000
0.0310000000
0.0310000000
0.0310000000
0.0310000000
0.0310000000
0.0310000000
0.0310000000
0.0310000000
0.0310000000
0.0310000000
0.0310000000
0.0310000000
0.0310000000
0.0310000000
0.0310000000
0.0310000000
0.0310000000
0.0310000000
0.0310000000
0.0310000000
0.0310000000
0.0310000000
0.0310000000
0.0310000000
0.0310000000
0.0310000000
0.0310000000
0.0310000000
0.0310000000
0.0310000000
0.0310000000
0.0310000000
0.0310000000
0.0310000000
0.0310000000
0.0310000000
0.0310000000
0.0310000000
0.0310000000
0.0310000000
0.0310000000
0.0310000000
0.0310000000
0.0310000000
0.0310000000
0.0310000000
0.0310000000
0.0310000000
0.0310000000
0.0310000000
0.0310000000
0.0310000000
0.0310000000
0.0310000000
0.0310000000
0.0310000000
0.0310000000
0.0310000000
0.0310000000
0.0310000000
0.0310000000
0.0310000000
0.0310000000
0.0310000000
0.0310000000
0.0310000000
0.0310000000
0.0310000000
0.0310000000
0.0310000000
0.0310000000
0.0310000000
0.0310000000
0.0310000000
0.0310000000
0.0310000000
0.0310000000
0.0310000000
0.0310000000
0.0310000000
0.0310000000
0.0310000000
0.0310000000
0.0310000000
0.0310000000
0.0310000000
0.0310000000
0.0310000000
0.0310000000
0.0310000000
0.0310000000
0.0310000000
0.0310000000
0.0310000000
0.0310000000
0.0310000000
0.0310000000
0.0310000000
0.0310000000
0.0310000000
0.0310000000
0.0310000000
0.0310000000
0.0310000000
0.0310000000
0.0310000000
0.0310000000
0.0310000000
0.0310000000
0.0310000000
0.0310000000
0.0310000000
0.0310000000
0.0310000000
0.0310000000
0.0310000000
0.0310000000
0.0310000000
0.0310000000
0.0310000000
0.0310000000
0.0310000000
0.0310000000
0.0310000000
0.0310000000
0.0310000000
0.0310000000
0.0310000000
0.0310000000
0.0310000000
0.0310000000
0.0310000000
0.0310000000
0.0310000000
0.0310000000
0.0310000000
0.0310000000
0.0310000000
0.0310000000
0.0310000000
0.0310000000
0.0310000000
0.0310000000
0.0310000000
0.0310000000
0.0310000000
0.0310000000
0.0310000000
0.0310000000
0.0310000000
0.0310000000
0.0310000000
0.0310000000
0.0310000000
0.0310000000
0.0310000000
0.0310000000
0.0310000000
0.0310000000
0.0310000000
0.0310000000
0.0310000000
0.0310000000
0.0310000000
0.0310000000
0.0310000000
0.0310000000
0.0310000000
0.0310000000
0.0310000000
0.0310000000
0.0310000000
0.0310000000
0.0310000000
0.0310000000
0.0310000000
0.0310000000
0.0310000000
0.0310000000
0.0310000000
0.0310000000
0.0310000000
0.0310000000
0.0310000000
0.0310000000
0.0310000000
0.0310000000
0.0310000000
0.0310000000
0.0310000000
0.0310000000
0.0310000000
0.0310000000
0.0310000000
0.0310000000
0.0310000000
0.0310000000
0.0310000000
0.0310000000
0.0310000000
0.0310000000
0.0310000000
0.0310000000
0.0310000000
0.0310000000
0.0310000000
0.0310000000
0.0310000000
0.0310000000
0.0310000000
0.0310000000
0.0310000000
0.0310000000
0.0310000000
0.0310000000
0.0310000000
0.0310000000
0.0310000000
0.0310000000
0.0310000000
0.0310000000
0.0310000000
0.0310000000
0.0310000000
0.0310000000
0.0310000000
0.0310000000
0.0310000000
0.0310000000
0.0310000000
0.0310000000
0.0310000000
0.0310000000
0.0310000000
0.0310000000
0.0310000000
0.0310000000
0.0310000000
0.0310000000
0.0310000000
0.0310000000
0.0310000000
0.0310000000
0.0310000000
0.0310000000
0.0310000000
0.0310000000
0.0310000000
0.0310000000
0.0310000000
0.0310000000
0.0310000000
0.0310000000
0.0310000000
0.0310000000
0.0310000000
0.0310000000
0.0310000000
0.0310000000
0.0310000000
0.0310000000
0.0310000000
0.0310000000
0.0310000000
0.0310000000
0.0310000000
0.0310000000
0.0310000000
0.0310000000
0.0310000000
0.0310000000
0.0310000000
0.0310000000
0.0310000000
0.0310000000
0.0310000000
0.0310000000
0.0310000000
0.0310000000
0.0310000000
0.0310000000
0.0310000000
0.0310000000
0.0310000000
0.0310000000
0.0310000000
0.0310000000
0.0310000000
0.0310000000
0.0310000000
0.0310000000
0.0310000000
0.0310000000
0.0310000000
0.0310000000
0.0310000000
0.0310000000
0.0310000000
0.0310000000
0.0310000000
0.0310000000
0.0310000000
0.0310000000
0.0310000000
0.0310000000
0.0310000000
0.0310000000
0.0310000000
0.0310000000
0.0310000000
0.0310000000
0.0310000000
0.0310000000
0.0310000000
0.0310000000
0.0310000000
0.0310000000
0.0310000000
0.0310000000
0.0310000000
0.0310000000
0.0310000000
0.0310000000
0.0310000000
0.0310000000
0.0310000000
0.0310000000
0.0310000000
0.0310000000
0.0310000000
0.0310000000
0.0310000000
0.0310000000
0.0310000000
0.0310000000
0.0310000000
0.0310000000
0.0310000000
0.0310000000
0.0310000000
0.0310000000
0.0310000000
0.0310000000
0.0310000000
0.0310000000
0.0310000000
0.0310000000
0.0310000000
0.0310000000
0.0310000000
0.0310000000
0.0310000000
0.0310000000
0.0310000000
0.0310000000
0.0310000000
0.0310000000
0.0310000000
0.0310000000
0.0310000000
0.0310000000
0.0310000000
0.0310000000
0.0310000000
0.0310000000
0.0310000000
0.0310000000
0.0310000000
0.0310000000
0.0310000000
0.0310000000
0.0310000000
0.0310000000
0.0310000000
0.0310000000
0.0310000000
0.0310000000
0.0310000000
0.0310000000
0.0310000000
0.0310000000
0.0310000000
0.0310000000
0.0310000000
0.0310000000
0.0310000000
0.0310000000
0.0310000000
0.0310000000
0.0310000000
0.0310000000
0.0310000000
0.0310000000
0.0310000000
0.0310000000
0.0310000000
0.0310000000
0.0310000000
0.0310000000
0.0310000000
0.0310000000
0.0310000000
0.0310000000
0.0310000000
0.0310000000
0.0310000000
0.0310000000
0.0310000000
0.0310000000
0.0310000000
0.0310000000
0.0310000000
0.0310000000
0.0310000000
0.0310000000
0.0310000000
0.0310000000
0.0310000000
0.0310000000
0.0310000000
0.0310000000
0.0310000000
0.0310000000
0.0310000000
0.0310000000
0.0310000000
0.0310000000
0.0310000000
0.0310000000
0.0310000000
0.0310000000
0.0310000000
0.0310000000
0.0310000000
0.0310000000
0.0310000000
0.0310000000
0.0310000000
0.0310000000
0.0310000000
0.0310000000
0.0310000000
0.0310000000
0.0310000000
0.0310000000
0.0310000000
0.0310000000
0.0310000000
0.0310000000
0.0310000000
0.0310000000
0.0310000000
0.0310000000
0.0310000000
0.0310000000
0.0310000000
0.0310000000
0.0310000000
0.0310000000
0.0310000000
0.0310000000
0.0310000000
0.0310000000
0.0310000000
0.0310000000
0.0310000000
0.0310000000
0.0310000000
0.0310000000
0.0310000000
0.0310000000
0.0310000000
0.0310000000
0.0310000000
0.0310000000
0.0310000000
0.0310000000
0.0310000000
0.0310000000
0.0310000000
0.0310000000
0.0310000000
0.0310000000
0.0310000000
0.0310000000
0.0310000000
0.0310000000
0.0310000000
0.0310000000
0.0310000000
0.0310000000
0.0310000000
0.0310000000
0.0310000000
0.0310000000
0.0310000000
0.0310000000
0.0310000000
0.0310000000
0.0310000000
0.0310000000
0.0310000000
0.0310000000
0.0310000000
0.0310000000
0.0310000000
0.0310000000
0.0310000000
0.0310000000
0.0310000000
0.0310000000
0.0310000000
0.0310000000
0.0310000000
0.0310000000
0.0310000000
0.0310000000
0.0310000000
0.0310000000
0.0310000000
0.0310000000
0.0310000000
0.0310000000
0.0310000000
0.0310000000
0.0310000000
0.0310000000
0.0310000000
0.0310000000
0.0310000000
0.0310000000
0.0310000000
0.0310000000
0.0310000000
0.0310000000
0.0310000000
0.0310000000
0.0310000000
0.0310000000
0.0310000000
0.0310000000
0.0310000000
0.0310000000
0.0310000000
0.0310000000
0.0310000000
0.0310000000
0.0310000000
0.0310000000
0.0310000000
0.0310000000
0.0310000000
0.0310000000
0.0310000000
0.0310000000
0.0310000000
0.0310000000
0.0310000000
0.0310000000
0.0310000000
0.0310000000
0.0310000000
0.0310000000
0.0310000000
0.0310000000
0.0310000000
0.0310000000
0.0310000000
0.0310000000
0.0310000000
0.0310000000
0.0310000000
0.0310000000
0.0310000000
0.0310000000
0.0310000000
0.0310000000
0.0310000000
0.0310000000
0.0310000000
0.0310000000
0.0310000000
0.0310000000
0.0310000000
0.0310000000
0.0310000000
0.0310000000
0.0310000000
0.0310000000
0.0310000000
0.0310000000
0.0310000000
0.0310000000
0.0310000000
0.0310000000
0.0310000000
0.0310000000
0.0310000000
0.0310000000
0.0310000000
0.0310000000
0.0310000000
0.0310000000
0.0310000000
0.0310000000
0.0310000000
0.0310000000
0.0310000000
0.0310000000
0.0310000000
0.0310000000
0.0310000000
0.0310000000
0.0310000000
0.0310000000
0.0310000000
0.0310000000
0.0310000000
0.0310000000
0.0310000000
0.0310000000
0.0310000000
0.0310000000
0.0310000000
0.0310000000
0.0310000000
0.0310000000
0.0310000000
0.0310000000
0.0310000000
0.0310000000
0.0310000000
0.0310000000
0.0310000000
0.0310000000
0.0310000000
0.0310000000
0.0310000000
0.0310000000
0.0310000000
0.0310000000
0.0310000000
0.0310000000
0.0310000000
0.0310000000
0.0310000000
0.0310000000
0.0310000000
0.0310000000
0.0310000000
0.0310000000
0.0310000000
0.0310000000
0.0310000000
0.0310000000
0.0310000000
0.0310000000
0.0310000000
0.0310000000
0.0310000000
0.0310000000
0.0310000000
0.0310000000
0.0310000000
0.0310000000
0.0310000000
0.0310000000
0.0310000000
0.0310000000
0.0310000000
0.0310000000
0.0310000000
0.0310000000
0.0310000000
0.0310000000
0.0310000000
0.0310000000
0.0310000000
0.0310000000
0.0310000000
0.0310000000
0.0310000000
0.0310000000
0.0310000000
0.0310000000
0.0310000000
0.0310000000
0.0310000000
0.0310000000
0.0310000000
0.0310000000
0.0310000000
0.0310000000
0.0310000000
0.0310000000
0.0310000000
0.0310000000
0.0310000000
0.0310000000
0.0310000000
0.0310000000
0.0310000000
0.0310000000
0.0310000000
0.0310000000
0.0310000000
0.0310000000
0.0310000000
0.0310000000
0.0310000000
0.0310000000
0.0310000000
0.0310000000
0.0310000000
0.0310000000
0.0310000000
0.0310000000
0.0310000000
0.0310000000
0.0310000000
0.0310000000
0.0310000000
0.0310000000
0.0310000000
0.0310000000
0.0310000000
0.0310000000
0.0310000000
0.0310000000
0.0310000000
0.0310000000
0.0310000000
0.0310000000
0.0310000000
0.0310000000
0.0310000000
0.0310000000
0.0310000000
0.0310000000
0.0310000000
0.0310000000
0.0310000000
0.0310000000
0.0310000000
0.0310000000
0.0310000000
0.0310000000
0.0310000000
0.0310000000
0.0310000000
0.0310000000
0.0310000000
0.0310000000
0.0310000000
0.0310000000
0.0310000000
0.0310000000
0.0310000000
0.0310000000
0.0310000000
0.0310000000
0.0310000000
0.0310000000
0.0310000000
0.0310000000
0.0310000000
0.0310000000
0.0310000000
0.0310000000
0.0310000000
0.0310000000
0.0310000000
0.0310000000
0.0310000000
0.0310000000
0.0310000000
0.0310000000
0.0310000000
0.0310000000
0.0310000000
0.0310000000
0.0310000000
0.0310000000
0.0310000000
0.0310000000
0.0310000000
0.0310000000
0.0310000000
0.0310000000
0.0310000000
0.0310000000
0.0310000000
0.0310000000
0.0310000000
0.0310000000
0.0310000000
0.0310000000
0.0310000000
0.0310000000
0.0310000000
0.0310000000
0.0310000000
0.0310000000
0.0310000000
0.0310000000
0.0310000000
0.0310000000
0.0310000000
0.0310000000
0.0310000000
0.0310000000
0.0310000000
0.0310000000
0.0310000000
0.0310000000
0.0310000000
0.0310000000
0.0310000000
0.0310000000
0.0310000000
0.0310000000
0.0310000000
0.0310000000
0.0310000000
0.0310000000
0.0310000000
0.0310000000
0.0310000000
0.0310000000
0.0310000000
0.0310000000
0.0310000000
0.0310000000
0.0310000000
0.0310000000
0.0310000000
0.0310000000
0.0310000000
0.0310000000
0.0310000000
0.0310000000
0.0310000000
0.0310000000
0.0310000000
0.0310000000
0.0310000000
0.0310000000
0.0310000000
0.0310000000
0.0310000000
0.0310000000
0.0310000000
0.0310000000
0.0310000000
0.0310000000
0.0310000000
0.0310000000
0.0310000000
0.0310000000
0.0310000000
0.0310000000
0.0310000000
0.0310000000
0.0310000000
0.0310000000
0.0310000000
0.0310000000
0.0310000000
0.0310000000
0.0310000000
0.0310000000
0.0310000000
0.0310000000
0.0310000000
0.0310000000
0.0310000000
0.0310000000
0.0310000000
0.0310000000
0.0310000000
0.0310000000
0.0310000000
0.0310000000
0.0310000000
0.0310000000
0.0310000000
0.0310000000
0.0310000000
0.0310000000
0.0310000000
0.0310000000
0.0310000000
0.0310000000
0.0310000000
0.0310000000
0.0310000000
0.0310000000
0.0310000000
0.0310000000
0.0310000000
0.0310000000
0.0310000000
0.0310000000
0.0310000000
0.0310000000
0.0310000000
0.0310000000
0.0310000000
0.0310000000
0.0310000000
0.0310000000
0.0310000000
0.0310000000
0.0310000000
0.0310000000
0.0310000000
0.0310000000
0.0310000000
0.0310000000
0.0310000000
0.0310000000
0.0310000000
0.0310000000
0.0310000000
0.0310000000
0.0310000000
0.0310000000
0.0310000000
0.0310000000
0.0310000000
0.0310000000
0.0310000000
0.0310000000
0.0310000000
0.0310000000
0.0310000000
0.0310000000
0.0310000000
0.0310000000
0.0310000000
0.0310000000
0.0310000000
0.0310000000
0.0310000000
0.0310000000
0.0310000000
0.0310000000
0.0310000000
0.0310000000
0.0310000000
0.0310000000
0.0310000000
0.0310000000
0.0310000000
0.0310000000
0.0310000000
0.0310000000
0.0310000000
0.0310000000
0.0310000000
0.0310000000
0.0310000000
0.0310000000
0.0310000000
0.0310000000
0.0310000000
0.0310000000
0.0310000000
0.0310000000
0.0310000000
0.0310000000
0.0310000000
0.0310000000
0.0310000000
0.0310000000
0.0310000000
0.0310000000
0.0310000000
0.0310000000
0.0310000000
0.0310000000
0.0310000000
0.0310000000
0.0310000000
0.0310000000
0.0310000000
0.0310000000
0.0310000000
0.0310000000
0.0310000000
0.0310000000
0.0310000000
0.0310000000
0.0310000000
0.0310000000
0.0310000000
0.0310000000
0.0310000000
0.0310000000
0.0310000000
0.0310000000
0.0310000000
0.0310000000
0.0310000000
0.0310000000
0.0310000000
0.0310000000
0.0310000000
0.0310000000
0.0310000000
0.0310000000
0.0310000000
0.0310000000
0.0310000000
0.0310000000
0.0310000000
0.0310000000
0.0310000000
0.0310000000
0.0310000000
0.0310000000
0.0310000000
0.0310000000
0.0310000000
0.0310000000
0.0310000000
0.0310000000
0.0310000000
0.0310000000
0.0310000000
0.0310000000
0.0310000000
0.0310000000
0.0310000000
0.0310000000
0.0310000000
0.0310000000
0.0310000000
0.0310000000
0.0310000000
0.0310000000
0.0310000000
0.0310000000
0.0310000000
0.0310000000
0.0310000000
0.0310000000
0.0310000000
0.0310000000
0.0310000000
0.0310000000
0.0310000000
0.0310000000
0.0310000000
0.0310000000
0.0310000000
0.0310000000
0.0310000000
0.0310000000
0.0310000000
0.0310000000
0.0310000000
0.0310000000
0.0310000000
0.0310000000
0.0310000000
0.0310000000
0.0310000000
0.0310000000
0.0310000000
0.0310000000
0.0310000000
0.0310000000
0.0310000000
0.0310000000
0.0310000000
0.0310000000
0.0310000000
0.0310000000
0.0310000000
0.0310000000
0.0310000000
0.0310000000
0.0310000000
0.0310000000
0.0310000000
0.0310000000
0.0310000000
0.0310000000
0.0310000000
0.0310000000
0.0310000000
0.0310000000
0.0310000000
0.0310000000
0.0310000000
0.0310000000
0.0310000000
0.0310000000
0.0310000000
0.0310000000
0.0310000000
0.0310000000
0.0310000000
0.0310000000
0.0310000000
0.0310000000
0.0310000000
0.0310000000
0.0310000000
0.0310000000
0.0310000000
0.0310000000
0.0310000000
0.0310000000
0.0310000000
0.0310000000
0.0310000000
0.0310000000
0.0310000000
0.0310000000
0.0310000000
0.0310000000
0.0310000000
0.0310000000
0.0310000000
0.0310000000
0.0310000000
0.0310000000
0.0310000000
0.0310000000
0.0310000000
0.0310000000
0.0310000000
0.0310000000
0.0310000000
0.0310000000
0.0310000000
0.0310000000
0.0310000000
0.0310000000
0.0310000000
0.0310000000
0.0310000000
0.0310000000
0.0310000000
0.0310000000
0.0310000000
0.0310000000
0.0310000000
0.0310000000
0.0310000000
0.0310000000
0.0310000000
0.0310000000
0.0310000000
0.0310000000
0.0310000000
0.0310000000
0.0310000000
0.0310000000
0.0310000000
0.0310000000
0.0310000000
0.0310000000
0.0310000000
0.0310000000
0.0310000000
0.0310000000
0.0310000000
0.0310000000
0.0310000000
0.0310000000
0.0310000000
0.0310000000
0.0310000000
0.0310000000
0.0310000000
0.0310000000
0.0310000000
0.0310000000
0.0310000000
0.0310000000
0.0310000000
0.0310000000
0.0310000000
0.0310000000
0.0310000000
0.0310000000
0.0310000000
0.0310000000
0.0310000000
0.0310000000
0.0310000000
0.0310000000
0.0310000000
0.0310000000
0.0310000000
0.0310000000
0.0310000000
0.0310000000
0.0310000000
0.0310000000
0.0310000000
0.0310000000
0.0310000000
0.0310000000
0.0310000000
0.0310000000
0.0310000000
0.0310000000
0.0310000000
0.0310000000
0.0310000000
0.0310000000
0.0310000000
0.0310000000
0.0310000000
0.0310000000
0.0310000000
0.0310000000
0.0310000000
0.0310000000
0.0310000000
0.0310000000
0.0310000000
0.0310000000
0.0310000000
0.0310000000
0.0310000000
0.0310000000
0.0310000000
0.0310000000
0.0310000000
0.0310000000
0.0310000000
0.0310000000
0.0310000000
0.0310000000
0.0310000000
0.0310000000
0.0310000000
0.0310000000
0.0310000000
0.0310000000
0.0310000000
0.0310000000
0.0310000000
0.0310000000
0.0310000000
0.0310000000
0.0310000000
0.0310000000
0.0310000000
0.0310000000
0.0310000000
0.0310000000
0.0310000000
0.0310000000
0.0310000000
0.0310000000
0.0310000000
0.0310000000
0.0310000000
0.0310000000
0.0310000000
0.0310000000
0.0310000000
0.0310000000
0.0310000000
0.0310000000
0.0310000000
0.0310000000
0.0310000000
0.0310000000
0.0310000000
0.0310000000
0.0310000000
0.0310000000
0.0310000000
0.0310000000
0.0310000000
0.0310000000
0.0310000000
0.0310000000
0.0310000000
0.0310000000
0.0310000000
0.0310000000
0.0310000000
0.0310000000
0.0310000000
0.0310000000
0.0310000000
0.0310000000
0.0310000000
0.0310000000
0.0310000000
0.0310000000
0.0310000000
0.0310000000
0.0310000000
0.0310000000
0.0310000000
0.0310000000
0.0310000000
0.0310000000
0.0310000000
0.0310000000
0.0310000000
0.0310000000
0.0310000000
0.0310000000
0.0310000000
0.0310000000
0.0310000000
0.0310000000
0.0310000000
0.0310000000
0.0310000000
0.0310000000
0.0310000000
0.0310000000
0.0310000000
0.0310000000
0.0310000000
0.0310000000
0.0310000000
0.0310000000
0.0310000000
0.0310000000
0.0310000000
0.0310000000
0.0310000000
0.0310000000
0.0310000000
0.0310000000
0.0310000000
0.0310000000
0.0310000000
0.0310000000
0.0310000000
0.0310000000
0.0310000000
0.0310000000
0.0310000000
0.0310000000
0.0310000000
0.0310000000
0.0310000000
0.0310000000
0.0310000000
0.0310000000
0.0310000000
0.0310000000
0.0310000000
0.0310000000
0.0310000000
0.0310000000
0.0310000000
0.0310000000
0.0310000000
0.0310000000
0.0310000000
0.0310000000
0.0310000000
0.0310000000
0.0310000000
0.0310000000
0.0310000000
0.0310000000
0.0310000000
0.0310000000
0.0310000000
0.0310000000
0.0310000000
0.0310000000
0.0310000000
0.0310000000
0.0310000000
0.0310000000
0.0310000000
0.0310000000
0.0310000000
0.0310000000
0.0310000000
0.0310000000
0.0310000000
0.0310000000
0.0310000000
0.0310000000
0.0310000000
0.0310000000
0.0310000000
0.0310000000
0.0310000000
0.0310000000
0.0310000000
0.0310000000
0.0310000000
0.0310000000
0.0310000000
0.0310000000
0.0310000000
0.0310000000
0.0310000000
0.0310000000
0.0310000000
0.0310000000
0.0310000000
0.0310000000
0.0310000000
0.0310000000
0.0310000000
0.0310000000
0.0310000000
0.0310000000
0.0310000000
0.0310000000
0.0310000000
0.0310000000
0.0310000000
0.0310000000
0.0310000000
0.0310000000
0.0310000000
0.0310000000
0.0310000000
0.0310000000
0.0310000000
0.0310000000
0.0310000000
0.0310000000
0.0310000000
0.0310000000
0.0310000000
0.0310000000
0.0310000000
0.0310000000
0.0310000000
0.0310000000
0.0310000000
0.0310000000
0.0310000000
0.0310000000
0.0310000000
0.0310000000
0.0310000000
0.0310000000
0.0310000000
0.0310000000
0.0310000000
0.0310000000
0.0310000000
0.0310000000
0.0310000000
0.0310000000
0.0310000000
0.0310000000
0.0310000000
0.0310000000
0.0310000000
0.0310000000
0.0310000000
0.0310000000
0.0310000000
0.0310000000
0.0310000000
0.0310000000
0.0310000000
0.0310000000
0.0310000000
0.0310000000
0.0310000000
0.0310000000
0.0310000000
0.0310000000
0.0310000000
0.0310000000
0.0310000000
0.0310000000
0.0310000000
0.0310000000
0.0310000000
0.0310000000
0.0310000000
0.0310000000
0.0310000000
0.0310000000
0.0310000000
0.0310000000
0.0310000000
0.0310000000
0.0310000000
0.0310000000
0.0310000000
0.0310000000
0.0310000000
0.0310000000
0.0310000000
0.0310000000
0.0310000000
0.0310000000
0.0310000000
0.0310000000
0.0310000000
0.0310000000
0.0310000000
0.0310000000
0.0310000000
0.0310000000
0.0310000000
0.0310000000
0.0310000000
0.0310000000
0.0310000000
0.0310000000
0.0310000000
0.0310000000
0.0310000000
0.0310000000
0.0310000000
0.0310000000
0.0310000000
0.0310000000
0.0310000000
0.0310000000
0.0310000000
0.0310000000
0.0310000000
0.0310000000
0.0310000000
0.0310000000
0.0310000000
0.0310000000
0.0310000000
0.0310000000
0.0310000000
0.0310000000
0.0310000000
0.0310000000
0.0310000000
0.0310000000
0.0310000000
0.0310000000
0.0310000000
0.0310000000
0.0310000000
0.0310000000
0.0310000000
0.0310000000
0.0310000000
0.0310000000
0.0310000000
0.0310000000
0.0310000000
0.0310000000
0.0310000000
0.0310000000
0.0310000000
0.0310000000
0.0310000000
0.0310000000
0.0310000000
0.0310000000
0.0310000000
0.0310000000
0.0310000000
0.0310000000
0.0310000000
0.0310000000
0.0310000000
0.0310000000
0.0310000000
0.0310000000
0.0310000000
0.0310000000
0.0310000000
0.0310000000
0.0310000000
0.0310000000
0.0310000000
0.0310000000
0.0310000000
0.0310000000
0.0310000000
0.0310000000
0.0310000000
0.0310000000
0.0310000000
0.0310000000
0.0310000000
0.0310000000
0.0310000000
0.0310000000
0.0310000000
0.0310000000
0.0310000000
0.0310000000
0.0310000000
0.0310000000
0.0310000000
0.0310000000
0.0310000000
0.0310000000
0.0310000000
0.0310000000
0.0310000000
0.0310000000
0.0310000000
0.0310000000
0.0310000000
0.0310000000
0.0310000000
0.0310000000
0.0310000000
0.0310000000
0.0310000000
0.0310000000
0.0310000000
0.0310000000
0.0310000000
0.0310000000
0.0310000000
0.0310000000
0.0310000000
0.0310000000
0.0310000000
0.0310000000
0.0310000000
0.0310000000
0.0310000000
0.0310000000
0.0310000000
0.0310000000
0.0310000000
0.0310000000
0.0310000000
0.0310000000
0.0310000000
0.0310000000
0.0310000000
0.0310000000
0.0310000000
0.0310000000
0.0310000000
0.0310000000
0.0310000000
0.0310000000
0.0310000000
0.0310000000
0.0310000000
0.0310000000
0.0310000000
0.0310000000
0.0310000000
0.0310000000
0.0310000000
0.0310000000
0.0310000000
0.0310000000
0.0310000000
0.0310000000
0.0310000000
0.0310000000
0.0310000000
0.0310000000
0.0310000000
0.0310000000
0.0310000000
0.0310000000
0.0310000000
0.0310000000
0.0310000000
0.0310000000
0.0310000000
0.0310000000
0.0310000000
0.0310000000
0.0310000000
0.0310000000
0.0310000000
0.0310000000
0.0310000000
0.0310000000
0.0310000000
0.0310000000
0.0310000000
0.0310000000
0.0310000000
0.0310000000
0.0310000000
0.0310000000
0.0310000000
0.0310000000
0.0310000000
0.0310000000
0.0310000000
0.0310000000
0.0310000000
0.0310000000
0.0310000000
0.0310000000
0.0310000000
0.0310000000
0.0310000000
0.0310000000
0.0310000000
0.0310000000
0.0310000000
0.0310000000
0.0310000000
0.0310000000
0.0310000000
0.0310000000
0.0310000000
0.0310000000
0.0310000000
0.0310000000
0.0310000000
0.0310000000
0.0310000000
0.0310000000
0.0310000000
0.0310000000
0.0310000000
0.0310000000
0.0310000000
0.0310000000
0.0310000000
0.0310000000
0.0310000000
0.0310000000
0.0310000000
0.0310000000
0.0310000000
0.0310000000
0.0310000000
0.0310000000
0.0310000000
0.0310000000
0.0310000000
0.0310000000
0.0310000000
0.0310000000
0.0310000000
0.0310000000
0.0310000000
0.0310000000
0.0310000000
0.0310000000
0.0310000000
0.0310000000
0.0310000000
0.0310000000
0.0310000000
0.0310000000
0.0310000000
0.0310000000
0.0310000000
0.0310000000
0.0310000000
0.0310000000
0.0310000000
0.0310000000
0.0310000000
0.0310000000
0.0310000000
0.0310000000
0.0310000000
0.0310000000
0.0310000000
0.0310000000
0.0310000000
0.0310000000
0.0310000000
0.0310000000
0.0310000000
0.0310000000
0.0310000000
0.0310000000
0.0310000000
0.0310000000
0.0310000000
0.0310000000
0.0310000000
0.0310000000
0.0310000000
0.0310000000
0.0310000000
0.0310000000
0.0310000000
0.0310000000
0.0310000000
0.0310000000
0.0310000000
0.0310000000
0.0310000000
0.0310000000
0.0310000000
0.0310000000
0.0310000000
0.0310000000
0.0310000000
0.0310000000
0.0310000000
0.0310000000
0.0310000000
0.0310000000
0.0310000000
0.0310000000
0.0310000000
0.0310000000
0.0310000000
0.0310000000
0.0310000000
0.0310000000
0.0310000000
0.0310000000
0.0310000000
0.0310000000
0.0310000000
0.0310000000
0.0310000000
0.0310000000
0.0310000000
0.0310000000
0.0310000000
0.0310000000
0.0310000000
0.0310000000
0.0310000000
0.0310000000
0.0310000000
0.0310000000
0.0310000000
0.0310000000
0.0310000000
0.0310000000
0.0310000000
0.0310000000
0.0310000000
0.0310000000
0.0310000000
0.0310000000
0.0310000000
0.0310000000
0.0310000000
0.0310000000
0.0310000000
0.0310000000
0.0310000000
0.0310000000
0.0310000000
0.0310000000
0.0310000000
0.0310000000
0.0310000000
0.0310000000
0.0310000000
0.0310000000
0.0310000000
0.0310000000
0.0310000000
0.0310000000
0.0310000000
0.0310000000
0.0310000000
0.0310000000
0.0310000000
0.0310000000
0.0310000000
0.0310000000
0.0310000000
0.0310000000
0.0310000000
0.0310000000
0.0310000000
0.0310000000
0.0310000000
0.0310000000
0.0310000000
0.0310000000
0.0310000000
0.0310000000
0.0310000000
0.0310000000
0.0310000000
0.0310000000
0.0310000000
0.0310000000
0.0310000000
0.0310000000
0.0310000000
0.0310000000
0.0310000000
0.0310000000
0.0310000000
0.0310000000
0.0310000000
0.0310000000
0.0310000000
0.0310000000
0.0310000000
0.0310000000
0.0310000000
0.0310000000
0.0310000000
0.0310000000
0.0310000000
0.0310000000
0.0310000000
0.0310000000
0.0310000000
0.0310000000
0.0310000000
0.0310000000
0.0310000000
0.0310000000
0.0310000000
0.0310000000
0.0310000000
0.0310000000
0.0310000000
0.0310000000
0.0310000000
0.0310000000
0.0310000000
0.0310000000
0.0310000000
0.0310000000
0.0310000000
0.0310000000
0.0310000000
0.0310000000
0.0310000000
0.0310000000
0.0310000000
0.0310000000
0.0310000000
0.0310000000
0.0310000000
0.0310000000
0.0310000000
0.0310000000
0.0310000000
0.0310000000
0.0310000000
0.0310000000
0.0310000000
0.0310000000
0.0310000000
0.0310000000
0.0310000000
0.0310000000
0.0310000000
0.0310000000
0.0310000000
0.0310000000
0.0310000000
0.0310000000
0.0310000000
0.0310000000
0.0310000000
0.0310000000
0.0310000000
0.0310000000
0.0310000000
0.0310000000
0.0310000000
0.0310000000
0.0310000000
0.0310000000
0.0310000000
0.0310000000
0.0310000000
0.0310000000
0.0310000000
0.0310000000
0.0310000000
0.0310000000
0.0310000000
0.0310000000
0.0310000000
0.0310000000
0.0310000000
0.0310000000
0.0310000000
0.0310000000
0.0310000000
0.0310000000
0.0310000000
0.0310000000
0.0310000000
0.0310000000
0.0310000000
0.0310000000
0.0310000000
0.0310000000
0.0310000000
0.0310000000
0.0310000000
0.0310000000
0.0310000000
0.0310000000
0.0310000000
0.0310000000
0.0310000000
0.0310000000
0.0310000000
0.0310000000
0.0310000000
0.0310000000
0.0310000000
0.0310000000
0.0310000000
0.0310000000
0.0310000000
0.0310000000
0.0310000000
0.0310000000
0.0310000000
0.0310000000
0.0310000000
0.0310000000
0.0310000000
0.0310000000
0.0310000000
0.0310000000
0.0310000000
0.0310000000
0.0310000000
0.0310000000
0.0310000000
0.0310000000
0.0310000000
0.0310000000
0.0310000000
0.0310000000
0.0310000000
0.0310000000
0.0310000000
0.0310000000
0.0310000000
0.0310000000
0.0310000000
0.0310000000
0.0310000000
0.0310000000
0.0310000000
0.0310000000
0.0310000000
0.0310000000
0.0310000000
0.0310000000
0.0310000000
0.0310000000
0.0310000000
0.0310000000
0.0310000000
0.0310000000
0.0310000000
0.0310000000
0.0310000000
0.0310000000
0.0310000000
0.0310000000
0.0310000000
0.0310000000
0.0310000000
0.0310000000
0.0310000000
0.0310000000
0.0310000000
0.0310000000
0.0310000000
0.0310000000
0.0310000000
0.0310000000
0.0310000000
0.0310000000
0.0310000000
0.0310000000
0.0310000000
0.0310000000
0.0310000000
0.0310000000
0.0310000000
0.0310000000
0.0310000000
0.0310000000
0.0310000000
0.0310000000
0.0310000000
0.0310000000
0.0310000000
0.0310000000
0.0310000000
0.0310000000
0.0310000000
0.0310000000
0.0310000000
0.0310000000
0.0310000000
0.0310000000
0.0310000000
0.0310000000
0.0310000000
0.0310000000
0.0310000000
0.0310000000
0.0310000000
0.0310000000
0.0310000000
0.0310000000
0.0310000000
0.0310000000
0.0310000000
0.0310000000
0.0310000000
0.0310000000
0.0310000000
0.0310000000
0.0310000000
0.0310000000
0.0310000000
0.0310000000
0.0310000000
0.0310000000
0.0310000000
0.0310000000
0.0310000000
0.0310000000
0.0310000000
0.0310000000
0.0310000000
0.0310000000
0.0310000000
0.0310000000
0.0310000000
0.0310000000
0.0310000000
0.0310000000
0.0310000000
0.0310000000
0.0310000000
0.0310000000
0.0310000000
0.0310000000
0.0310000000
0.0310000000
0.0310000000
0.0310000000
0.0310000000
0.0310000000
0.0310000000
0.0310000000
0.0310000000
0.0310000000
0.0310000000
0.0310000000
0.0310000000
0.0310000000
0.0310000000
0.0310000000
0.0310000000
0.0310000000
0.0310000000
0.0310000000
0.0310000000
0.0310000000
0.0310000000
0.0310000000
0.0310000000
0.0310000000
0.0310000000
0.0310000000
0.0310000000
0.0310000000
0.0310000000
0.0310000000
0.0310000000
0.0310000000
0.0310000000
0.0310000000
0.0310000000
0.0310000000
0.0310000000
0.0310000000
0.0310000000
0.0310000000
0.0310000000
0.0310000000
0.0310000000
0.0310000000
0.0310000000
0.0310000000
0.0310000000
0.0310000000
0.0310000000
0.0310000000
0.0310000000
0.0310000000
0.0310000000
0.0310000000
0.0310000000
0.0310000000
0.0310000000
0.0310000000
0.0310000000
0.0310000000
0.0310000000
0.0310000000
0.0310000000
0.0310000000
0.0310000000
0.0310000000
0.0310000000
0.0310000000
0.0310000000
0.0310000000
0.0310000000
0.0310000000
0.0310000000
0.0310000000
0.0310000000
0.0310000000
0.0310000000
0.0310000000
0.0310000000
0.0310000000
0.0310000000
0.0310000000
0.0310000000
0.0310000000
0.0310000000
0.0310000000
0.0310000000
0.0310000000
0.0310000000
0.0310000000
0.0310000000
0.0310000000
0.0310000000
0.0310000000
0.0310000000
0.0310000000
0.0310000000
0.0310000000
0.0310000000
0.0310000000
0.0310000000
0.0310000000
0.0310000000
0.0310000000
0.0310000000
0.0310000000
0.0310000000
0.0310000000
0.0310000000
0.0310000000
0.0310000000
0.0310000000
0.0310000000
0.0310000000
0.0310000000
0.0310000000
0.0310000000
0.0310000000
0.0310000000
0.0310000000
0.0310000000
0.0310000000
0.0310000000
0.0310000000
0.0310000000
0.0310000000
0.0310000000
0.0310000000
0.0310000000
0.0310000000
0.0310000000
0.0310000000
0.0310000000
0.0310000000
0.0310000000
0.0310000000
0.0310000000
0.0310000000
0.0310000000
0.0310000000
0.0310000000
0.0310000000
0.0310000000
0.0310000000
0.0310000000
0.0310000000
0.0310000000
0.0310000000
0.0310000000
0.0310000000
0.0310000000
0.0310000000
0.0310000000
0.0310000000
0.0310000000
0.0310000000
0.0310000000
0.0310000000
0.0310000000
0.0310000000
0.0310000000
0.0310000000
0.0310000000
0.0310000000
0.0310000000
0.0310000000
0.0310000000
0.0310000000
0.0310000000
0.0310000000
0.0310000000
0.0310000000
0.0310000000
0.0310000000
0.0310000000
0.0310000000
0.0310000000
0.0310000000
0.0310000000
0.0310000000
0.0310000000
0.0310000000
0.0310000000
0.0310000000
0.0310000000
0.0310000000
0.0310000000
0.0310000000
0.0310000000
0.0310000000
0.0310000000
0.0310000000
0.0310000000
0.0310000000
0.0310000000
0.0310000000
0.0310000000
0.0310000000
0.0310000000
0.0310000000
0.0310000000
0.0310000000
0.0310000000
0.0310000000
0.0310000000
0.0310000000
0.0310000000
0.0310000000
0.0310000000
0.0310000000
0.0310000000
0.0310000000
0.0310000000
0.0310000000
0.0310000000
0.0310000000
0.0310000000
0.0310000000
0.0310000000
0.0310000000
0.0310000000
0.0310000000
0.0310000000
0.0310000000
0.0310000000
0.0310000000
0.0310000000
0.0310000000
0.0310000000
0.0310000000
0.0310000000
0.0310000000
0.0310000000
0.0310000000
0.0310000000
0.0310000000
0.0310000000
0.0310000000
0.0310000000
0.0310000000
0.0310000000
0.0310000000
0.0310000000
0.0310000000
0.0310000000
0.0310000000
0.0310000000
0.0310000000
0.0310000000
0.0310000000
0.0310000000
0.0310000000
0.0310000000
0.0310000000
0.0310000000
0.0310000000
0.0310000000
0.0310000000
0.0310000000
0.0310000000
0.0310000000
0.0310000000
0.0310000000
0.0310000000
0.0310000000
0.0310000000
0.0310000000
0.0310000000
0.0310000000
0.0310000000
0.0310000000
0.0310000000
0.0310000000
0.0310000000
0.0310000000
0.0310000000
0.0310000000
0.0310000000
0.0310000000
0.0310000000
0.0310000000
0.0310000000
0.0310000000
0.0310000000
0.0310000000
0.0310000000
0.0310000000
0.0310000000
0.0310000000
0.0310000000
0.0310000000
0.0310000000
0.0310000000
0.0310000000
0.0310000000
0.0310000000
0.0310000000
0.0310000000
0.0310000000
0.0310000000
0.0310000000
0.0310000000
0.0310000000
0.0310000000
0.0310000000
0.0310000000
0.0310000000
0.0310000000
0.0310000000
0.0310000000
0.0310000000
0.0310000000
0.0310000000
0.0310000000
0.0310000000
0.0310000000
0.0310000000
0.0310000000
0.0310000000
0.0310000000
0.0310000000
0.0310000000
0.0310000000
0.0310000000
0.0310000000
0.0310000000
0.0310000000
0.0310000000
0.0310000000
0.0310000000
0.0310000000
0.0310000000
0.0310000000
0.0310000000
0.0310000000
0.0310000000
0.0310000000
0.0310000000
0.0310000000
0.0310000000
0.0310000000
0.0310000000
0.0310000000
0.0310000000
0.0310000000
0.0310000000
0.0310000000
0.0310000000
0.0310000000
0.0310000000
0.0310000000
0.0310000000
0.0310000000
0.0310000000
0.0310000000
0.0310000000
0.0310000000
0.0310000000
0.0310000000
0.0310000000
0.0310000000
0.0310000000
0.0310000000
0.0310000000
0.0310000000
0.0310000000
0.0310000000
0.0310000000
0.0310000000
0.0310000000
0.0310000000
0.0310000000
0.0310000000
0.0310000000
0.0310000000
0.0310000000
0.0310000000
0.0310000000
0.0310000000
0.0310000000
0.0310000000
0.0310000000
0.0310000000
0.0310000000
0.0310000000
0.0310000000
0.0310000000
0.0310000000
0.0310000000
0.0310000000
0.0310000000
0.0310000000
0.0310000000
0.0310000000
0.0310000000
0.0310000000
0.0310000000
0.0310000000
0.0310000000
0.0310000000
0.0310000000
0.0310000000
0.0310000000
0.0310000000
0.0310000000
0.0310000000
0.0310000000
0.0310000000
0.0310000000
0.0310000000
0.0310000000
0.0310000000
0.0310000000
0.0310000000
0.0310000000
0.0310000000
0.0310000000
0.0310000000
0.0310000000
0.0310000000
0.0310000000
0.0310000000
0.0310000000
0.0310000000
0.0310000000
0.0310000000
0.0310000000
0.0310000000
0.0310000000
0.0310000000
0.0310000000
0.0310000000
0.0310000000
0.0310000000
0.0310000000
0.0310000000
0.0310000000
0.0310000000
0.0310000000
0.0310000000
0.0310000000
0.0310000000
0.0310000000
0.0310000000
0.0310000000
0.0310000000
0.0310000000
0.0310000000
0.0310000000
0.0310000000
0.0310000000
0.0310000000
0.0310000000
0.0310000000
0.0310000000
0.0310000000
0.0310000000
0.0310000000
0.0310000000
0.0310000000
0.0310000000
0.0310000000
0.0310000000
0.0310000000
0.0310000000
0.0310000000
0.0310000000
0.0310000000
0.0310000000
0.0310000000
0.0310000000
0.0310000000
0.0310000000
0.0310000000
0.0310000000
0.0310000000
0.0310000000
0.0310000000
0.0310000000
0.0310000000
0.0310000000
0.0310000000
0.0310000000
0.0310000000
0.0310000000
0.0310000000
0.0310000000
0.0310000000
0.0310000000
0.0310000000
0.0310000000
0.0310000000
0.0310000000
0.0310000000
0.0310000000
0.0310000000
0.0310000000
0.0310000000
0.0310000000
0.0310000000
0.0310000000
0.0310000000
0.0310000000
0.0310000000
0.0310000000
0.0310000000
0.0310000000
0.0310000000
0.0310000000
0.0310000000
0.0310000000
0.0310000000
0.0310000000
0.0310000000
0.0310000000
0.0310000000
0.0310000000
0.0310000000
0.0310000000
0.0310000000
0.0310000000
0.0310000000
0.0310000000
0.0310000000
0.0310000000
0.0310000000
0.0310000000
0.0310000000
0.0310000000
0.0310000000
0.0310000000
0.0310000000
0.0310000000
0.0310000000
0.0310000000
0.0310000000
0.0310000000
0.0310000000
0.0310000000
0.0310000000
0.0310000000
0.0310000000
0.0310000000
0.0310000000
0.0310000000
0.0310000000
0.0310000000
0.0310000000
0.0310000000
0.0310000000
0.0310000000
0.0310000000
0.0310000000
0.0310000000
0.0310000000
0.0310000000
0.0310000000
0.0310000000
0.0310000000
0.0310000000
0.0310000000
0.0310000000
0.0310000000
0.0310000000
0.0310000000
0.0310000000
0.0310000000
0.0310000000
0.0310000000
0.0310000000
0.0310000000
0.0310000000
0.0310000000
0.0310000000
0.0310000000
0.0310000000
0.0310000000
0.0310000000
0.0310000000
0.0310000000
0.0310000000
0.0310000000
0.0310000000
0.0310000000
0.0310000000
0.0310000000
0.0310000000
0.0310000000
0.0310000000
0.0310000000
0.0310000000
0.0310000000
0.0310000000
0.0310000000
0.0310000000
0.0310000000
0.0310000000
0.0310000000
0.0310000000
0.0310000000
0.0310000000
0.0310000000
0.0310000000
0.0310000000
0.0310000000
0.0310000000
0.0310000000
0.0310000000
0.0310000000
0.0310000000
0.0310000000
0.0310000000
0.0310000000
0.0310000000
0.0310000000
0.0310000000
0.0310000000
0.0310000000
0.0310000000
0.0310000000
0.0310000000
0.0310000000
0.0310000000
0.0310000000
0.0310000000
0.0310000000
0.0310000000
0.0310000000
0.0310000000
0.0310000000
0.0310000000
0.0310000000
0.0310000000
0.0310000000
0.0310000000
0.0310000000
0.0310000000
0.0310000000
0.0310000000
0.0310000000
0.0310000000
0.0310000000
0.0310000000
0.0310000000
0.0310000000
0.0310000000
0.0310000000
0.0310000000
0.0310000000
0.0310000000
0.0310000000
0.0310000000
0.0310000000
0.0310000000
0.0310000000
0.0310000000
0.0310000000
0.0310000000
0.0310000000
0.0310000000
0.0310000000
0.0310000000
0.0310000000
0.0310000000
0.0310000000
0.0310000000
0.0310000000
0.0310000000
0.0310000000
0.0310000000
0.0310000000
0.0310000000
0.0310000000
0.0310000000
0.0310000000
0.0310000000
0.0310000000
0.0310000000
0.0310000000
0.0310000000
0.0310000000
0.0310000000
0.0310000000
0.0310000000
0.0310000000
0.0310000000
0.0310000000
0.0310000000
0.0310000000
0.0310000000
0.0310000000
0.0310000000
0.0310000000
0.0310000000
0.0310000000
0.0310000000
0.0310000000
0.0310000000
0.0310000000
0.0310000000
0.0310000000
0.0310000000
0.0310000000
0.0310000000
0.0310000000
0.0310000000
0.0310000000
0.0310000000
0.0310000000
0.0310000000
0.0310000000
0.0310000000
0.0310000000
0.0310000000
0.0310000000
0.0310000000
0.0310000000
0.0310000000
0.0310000000
0.0310000000
0.0310000000
0.0310000000
0.0310000000
0.0310000000
0.0310000000
0.0310000000
0.0310000000
0.0310000000
0.0310000000
0.0310000000
0.0310000000
0.0310000000
0.0310000000
0.0310000000
0.0310000000
0.0310000000
0.0310000000
0.0310000000
0.0310000000
0.0310000000
0.0310000000
0.0310000000
0.0310000000
0.0310000000
0.0310000000
0.0310000000
0.0310000000
0.0310000000
0.0310000000
0.0310000000
0.0310000000
0.0310000000
0.0310000000
0.0310000000
0.0310000000
0.0310000000
0.0310000000
0.0310000000
0.0310000000
0.0310000000
0.0310000000
0.0310000000
0.0310000000
0.0310000000
0.0310000000
0.0310000000
0.0310000000
0.0310000000
0.0310000000
0.0310000000
0.0310000000
0.0310000000
0.0310000000
0.0310000000
0.0310000000
0.0310000000
0.0310000000
0.0310000000
0.0310000000
0.0310000000
0.0310000000
0.0310000000
0.0310000000
0.0310000000
0.0310000000
0.0310000000
0.0310000000
0.0310000000
0.0310000000
0.0310000000
0.0310000000
0.0310000000
0.0310000000
0.0310000000
0.0310000000
0.0310000000
0.0310000000
0.0310000000
0.0310000000
0.0310000000
0.0310000000
0.0310000000
0.0310000000
0.0310000000
0.0310000000
0.0310000000
0.0310000000
0.0310000000
0.0310000000
0.0310000000
0.0310000000
0.0310000000
0.0310000000
0.0310000000
0.0310000000
0.0310000000
0.0310000000
0.0310000000
0.0310000000
0.0310000000
0.0310000000
0.0310000000
0.0310000000
0.0310000000
0.0310000000
0.0310000000
0.0310000000
0.0310000000
0.0310000000
0.0310000000
0.0310000000
0.0310000000
0.0310000000
0.0310000000
0.0310000000
0.0310000000
0.0310000000
0.0310000000
0.0310000000
0.0310000000
0.0310000000
0.0310000000
0.0310000000
0.0310000000
0.0310000000
0.0310000000
0.0310000000
0.0310000000
0.0310000000
0.0310000000
0.0310000000
0.0310000000
0.0310000000
0.0310000000
0.0310000000
0.0310000000
0.0310000000
0.0310000000
0.0310000000
0.0310000000
0.0310000000
0.0310000000
0.0310000000
0.0310000000
0.0310000000
0.0310000000
0.0310000000
0.0310000000
0.0310000000
0.0310000000
0.0310000000
0.0310000000
0.0310000000
0.0310000000
0.0310000000
0.0310000000
0.0310000000
0.0310000000
0.0310000000
0.0310000000
0.0310000000
0.0310000000
0.0310000000
0.0310000000
0.0310000000
0.0310000000
0.0310000000
0.0310000000
0.0310000000
0.0310000000
0.0310000000
0.0310000000
0.0310000000
0.0310000000
0.0310000000
0.0310000000
0.0310000000
0.0310000000
0.0310000000
0.0310000000
0.0310000000
0.0310000000
0.0310000000
0.0310000000
0.0310000000
0.0310000000
0.0310000000
0.0310000000
0.0310000000
0.0310000000
0.0310000000
0.0310000000
0.0310000000
0.0310000000
0.0310000000
0.0310000000
0.0310000000
0.0310000000
0.0310000000
0.0310000000
0.0310000000
0.0310000000
0.0310000000
0.0310000000
0.0310000000
0.0310000000
0.0310000000
0.0310000000
0.0310000000
0.0310000000
0.0310000000
0.0310000000
0.0310000000
0.0310000000
0.0310000000
0.0310000000
0.0310000000
0.0310000000
0.0310000000
0.0310000000
0.0310000000
0.0310000000
0.0310000000
0.0310000000
0.0310000000
0.0310000000
0.0310000000
0.0310000000
0.0310000000
0.0310000000
0.0310000000
0.0310000000
0.0310000000
0.0310000000
0.0310000000
0.0310000000
0.0310000000
0.0310000000
0.0310000000
0.0310000000
0.0310000000
0.0310000000
0.0310000000
0.0310000000
0.0310000000
0.0310000000
0.0310000000
0.0310000000
0.0310000000
0.0310000000
0.0310000000
0.0310000000
0.0310000000
0.0310000000
0.0310000000
0.0310000000
0.0310000000
0.0310000000
0.0310000000
0.0310000000
0.0310000000
0.0310000000
0.0310000000
0.0310000000
0.0310000000
0.0310000000
0.0310000000
0.0310000000
0.0310000000
0.0310000000
0.0310000000
0.0310000000
0.0310000000
0.0310000000
0.0310000000
0.0310000000
0.0310000000
0.0310000000
0.0310000000
0.0310000000
0.0310000000
0.0310000000
0.0310000000
0.0310000000
0.0310000000
0.0310000000
0.0310000000
0.0310000000
0.0310000000
0.0310000000
0.0310000000
0.0310000000
0.0310000000
0.0310000000
0.0310000000
0.0310000000
0.0310000000
0.0310000000
0.0310000000
0.0310000000
0.0310000000
0.0310000000
0.0310000000
0.0310000000
0.0310000000
0.0310000000
0.0310000000
0.0310000000
0.0310000000
0.0310000000
0.0310000000
0.0310000000
0.0310000000
0.0310000000
0.0310000000
0.0310000000
0.0310000000
0.0310000000
0.0310000000
0.0310000000
0.0310000000
0.0310000000
0.0310000000
0.0310000000
0.0310000000
0.0310000000
0.0310000000
0.0310000000
0.0310000000
0.0310000000
0.0310000000
0.0310000000
0.0310000000
0.0310000000
0.0310000000
0.0310000000
0.0310000000
0.0310000000
0.0310000000
0.0310000000
0.0310000000
0.0310000000
0.0310000000
0.0310000000
0.0310000000
0.0310000000
0.0310000000
0.0310000000
0.0310000000
0.0310000000
0.0310000000
0.0310000000
0.0310000000
0.0310000000
0.0310000000
0.0310000000
0.0310000000
0.0310000000
0.0310000000
0.0310000000
0.0310000000
0.0310000000
0.0310000000
0.0310000000
0.0310000000
0.0310000000
0.0310000000
0.0310000000
0.0310000000
0.0310000000
0.0310000000
0.0310000000
0.0310000000
0.0310000000
0.0310000000
0.0310000000
0.0310000000
0.0310000000
0.0310000000
0.0310000000
0.0310000000
0.0310000000
0.0310000000
0.0310000000
0.0310000000
0.0310000000
0.0310000000
0.0310000000
0.0310000000
0.0310000000
0.0310000000
0.0310000000
0.0310000000
0.0310000000
0.0310000000
0.0310000000
0.0310000000
0.0310000000
0.0310000000
0.0310000000
0.0310000000
0.0310000000
0.0310000000
0.0310000000
0.0310000000
0.0310000000
0.0310000000
0.0310000000
0.0310000000
0.0310000000
0.0310000000
0.0310000000
0.0310000000
0.0310000000
0.0310000000
0.0310000000
0.0310000000
0.0310000000
0.0310000000
0.0310000000
0.0310000000
0.0310000000
0.0310000000
0.0310000000
0.0310000000
0.0310000000
0.0310000000
0.0310000000
0.0310000000
0.0310000000
0.0310000000
0.0310000000
0.0310000000
0.0310000000
0.0310000000
0.0310000000
0.0310000000
0.0310000000
0.0310000000
0.0310000000
0.0310000000
0.0310000000
0.0310000000
0.0310000000
0.0310000000
0.0310000000
0.0310000000
0.0310000000
0.0310000000
0.0310000000
0.0310000000
0.0310000000
0.0310000000
0.0310000000
0.0310000000
0.0310000000
0.0310000000
0.0310000000
0.0310000000
0.0310000000
0.0310000000
0.0310000000
0.0310000000
0.0310000000
0.0310000000
0.0310000000
0.0310000000
0.0310000000
0.0310000000
0.0310000000
0.0310000000
0.0310000000
0.0310000000
0.0310000000
0.0310000000
0.0310000000
0.0310000000
0.0310000000
0.0310000000
0.0310000000
0.0310000000
0.0310000000
0.0310000000
0.0310000000
0.0310000000
0.0310000000
0.0310000000
0.0310000000
0.0310000000
0.0310000000
0.0310000000
0.0310000000
0.0310000000
0.0310000000
0.0310000000
0.0310000000
0.0310000000
0.0310000000
0.0310000000
0.0310000000
0.0310000000
0.0310000000
0.0310000000
0.0310000000
0.0310000000
0.0310000000
0.0310000000
0.0310000000
0.0310000000
0.0310000000
0.0310000000
0.0310000000
0.0310000000
0.0310000000
0.0310000000
0.0310000000
0.0310000000
0.0310000000
0.0310000000
0.0310000000
0.0310000000
0.0310000000
0.0310000000
0.0310000000
0.0310000000
0.0310000000
0.0310000000
0.0310000000
0.0310000000
0.0310000000
0.0310000000
0.0310000000
0.0310000000
0.0310000000
0.0310000000
0.0310000000
0.0310000000
0.0310000000
0.0310000000
0.0310000000
0.0310000000
0.0310000000
0.0310000000
0.0310000000
0.0310000000
0.0310000000
0.0310000000
0.0310000000
0.0310000000
0.0310000000
0.0310000000
0.0310000000
0.0310000000
0.0310000000
0.0310000000
0.0310000000
0.0310000000
0.0310000000
0.0310000000
0.0310000000
0.0310000000
0.0310000000
0.0310000000
0.0310000000
0.0310000000
0.0310000000
0.0310000000
0.0310000000
0.0310000000
0.0310000000
0.0310000000
0.0310000000
0.0310000000
0.0310000000
0.0310000000
0.0310000000
0.0310000000
0.0310000000
0.0310000000
0.0310000000
0.0310000000
0.0310000000
0.0310000000
0.0310000000
0.0310000000
0.0310000000
0.0310000000
0.0310000000
0.0310000000
0.0310000000
0.0310000000
0.0310000000
0.0310000000
0.0310000000
0.0310000000
0.0310000000
0.0310000000
0.0310000000
0.0310000000
0.0310000000
0.0310000000
0.0310000000
0.0310000000
0.0310000000
0.0310000000
0.0310000000
0.0310000000
0.0310000000
0.0310000000
0.0310000000
0.0310000000
0.0310000000
0.0310000000
0.0310000000
0.0310000000
0.0310000000
0.0310000000
0.0310000000
0.0310000000
0.0310000000
0.0310000000
0.0310000000
0.0310000000
0.0310000000
0.0310000000
0.0310000000
0.0310000000
0.0310000000
0.0310000000
0.0310000000
0.0310000000
0.0310000000
0.0310000000
0.0310000000
0.0310000000
0.0310000000
0.0310000000
0.0310000000
0.0310000000
0.0310000000
0.0310000000
0.0310000000
0.0310000000
0.0310000000
0.0310000000
0.0310000000
0.0310000000
0.0310000000
0.0310000000
0.0310000000
0.0310000000
0.0310000000
0.0310000000
0.0310000000
0.0310000000
0.0310000000
0.0310000000
0.0310000000
0.0310000000
0.0310000000
0.0310000000
0.0310000000
0.0310000000
0.0310000000
0.0310000000
0.0310000000
0.0310000000
0.0310000000
0.0310000000
0.0310000000
0.0310000000
0.0310000000
0.0310000000
0.0310000000
0.0310000000
0.0310000000
0.0310000000
0.0310000000
0.0310000000
0.0310000000
0.0310000000
0.0310000000
0.0310000000
0.0310000000
0.0310000000
0.0310000000
0.0310000000
0.0310000000
0.0310000000
0.0310000000
0.0310000000
0.0310000000
0.0310000000
0.0310000000
0.0310000000
0.0310000000
0.0310000000
0.0310000000
0.0310000000
0.0310000000
0.0310000000
0.0310000000
0.0310000000
0.0310000000
0.0310000000
0.0310000000
0.0310000000
0.0310000000
0.0310000000
0.0310000000
0.0310000000
0.0310000000
0.0310000000
0.0310000000
0.0310000000
0.0310000000
0.0310000000
0.0310000000
0.0310000000
0.0310000000
0.0310000000
0.0310000000
0.0310000000
0.0310000000
0.0310000000
0.0310000000
0.0310000000
0.0310000000
0.0310000000
0.0310000000
0.0310000000
0.0310000000
0.0310000000
0.0310000000
0.0310000000
0.0310000000
0.0310000000
0.0310000000
0.0310000000
0.0310000000
0.0310000000
0.0310000000
0.0310000000
0.0310000000
0.0310000000
0.0310000000
0.0310000000
0.0310000000
0.0310000000
0.0310000000
0.0310000000
0.0310000000
0.0310000000
0.0310000000
0.0310000000
0.0310000000
0.0310000000
0.0310000000
0.0310000000
0.0310000000
0.0310000000
0.0310000000
0.0310000000
0.0310000000
0.0310000000
0.0310000000
0.0310000000
0.0310000000
0.0310000000
0.0310000000
0.0310000000
0.0310000000
0.0310000000
0.0310000000
0.0310000000
0.0310000000
0.0310000000
0.0310000000
0.0310000000
0.0310000000
0.0310000000
0.0310000000
0.0310000000
0.0310000000
0.0310000000
0.0310000000
0.0310000000
0.0310000000
0.0310000000
0.0310000000
0.0310000000
0.0310000000
0.0310000000
0.0310000000
0.0310000000
0.0310000000
0.0310000000
0.0310000000
0.0310000000
0.0310000000
0.0310000000
0.0310000000
0.0310000000
0.0310000000
0.0310000000
0.0310000000
0.0310000000
0.0310000000
0.0310000000
0.0310000000
0.0310000000
0.0310000000
0.0310000000
0.0310000000
0.0310000000
0.0310000000
0.0310000000
0.0310000000
0.0310000000
0.0310000000
0.0310000000
0.0310000000
0.0310000000
0.0310000000
0.0310000000
0.0310000000
0.0310000000
0.0310000000
0.0310000000
0.0310000000
0.0310000000
0.0310000000
0.0310000000
0.0310000000
0.0310000000
0.0310000000
0.0310000000
0.0310000000
0.0310000000
0.0310000000
0.0310000000
0.0310000000
0.0310000000
0.0310000000
0.0310000000
0.0310000000
0.0310000000
0.0310000000
0.0310000000
0.0310000000
0.0310000000
0.0310000000
0.0310000000
0.0310000000
0.0310000000
0.0310000000
0.0310000000
0.0310000000
0.0310000000
0.0310000000
0.0310000000
0.0310000000
0.0310000000
0.0310000000
0.0310000000
0.0310000000
0.0310000000
0.0310000000
0.0310000000
0.0310000000
0.0310000000
0.0310000000
0.0310000000
0.0310000000
0.0310000000
0.0310000000
0.0310000000
0.0310000000
0.0310000000
0.0310000000
0.0310000000
0.0310000000
0.0310000000
0.0310000000
0.0310000000
0.0310000000
0.0310000000
0.0310000000
0.0310000000
0.0310000000
0.0310000000
0.0310000000
0.0310000000
0.0310000000
0.0310000000
0.0310000000
0.0310000000
0.0310000000
0.0310000000
0.0310000000
0.0310000000
0.0310000000
0.0310000000
0.0310000000
0.0310000000
0.0310000000
0.0310000000
0.0310000000
0.0310000000
0.0310000000
0.0310000000
0.0310000000
0.0310000000
0.0310000000
0.0310000000
0.0310000000
0.0310000000
0.0310000000
0.0310000000
0.0310000000
0.0310000000
0.0310000000
0.0310000000
0.0310000000
0.0310000000
0.0310000000
0.0310000000
0.0310000000
0.0310000000
0.0310000000
0.0310000000
0.0310000000
0.0310000000
0.0310000000
0.0310000000
0.0310000000
0.0310000000
0.0310000000
0.0310000000
0.0310000000
0.0310000000
0.0310000000
0.0310000000
0.0310000000
0.0310000000
0.0310000000
0.0310000000
0.0310000000
0.0310000000
0.0310000000
0.0310000000
0.0310000000
0.0310000000
0.0310000000
0.0310000000
0.0310000000
0.0310000000
0.0310000000
0.0310000000
0.0310000000
0.0310000000
0.0310000000
0.0310000000
0.0310000000
0.0310000000
0.0310000000
0.0310000000
0.0310000000
0.0310000000
0.0310000000
0.0310000000
0.0310000000
0.0310000000
0.0310000000
0.0310000000
0.0310000000
0.0310000000
0.0310000000
0.0310000000
0.0310000000
0.0310000000
0.0310000000
0.0310000000
0.0310000000
0.0310000000
0.0310000000
0.0310000000
0.0310000000
0.0310000000
0.0310000000
0.0310000000
0.0310000000
0.0310000000
0.0310000000
0.0310000000
0.0310000000
0.0310000000
0.0310000000
0.0310000000
0.0310000000
0.0310000000
0.0310000000
0.0310000000
0.0310000000
0.0310000000
0.0310000000
0.0310000000
0.0310000000
0.0310000000
0.0310000000
0.0310000000
0.0310000000
0.0310000000
0.0310000000
0.0310000000
0.0310000000
0.0310000000
0.0310000000
0.0310000000
0.0310000000
0.0310000000
0.0310000000
0.0310000000
0.0310000000
0.0310000000
0.0310000000
0.0310000000
0.0310000000
0.0310000000
0.0310000000
0.0310000000
0.0310000000
0.0310000000
0.0310000000
0.0310000000
0.0310000000
0.0310000000
0.0310000000
0.0310000000
0.0310000000
0.0310000000
0.0310000000
0.0310000000
0.0310000000
0.0310000000
0.0310000000
0.0310000000
0.0310000000
0.0310000000
0.0310000000
0.0310000000
0.0310000000
0.0310000000
0.0310000000
0.0310000000
0.0310000000
0.0310000000
0.0310000000
0.0310000000
0.0310000000
0.0310000000
0.0310000000
0.0310000000
0.0310000000
0.0310000000
0.0310000000
0.0310000000
0.0310000000
0.0310000000
0.0310000000
0.0310000000
0.0310000000
0.0310000000
0.0310000000
0.0310000000
0.0310000000
0.0310000000
0.0310000000
0.0310000000
0.0310000000
0.0310000000
0.0310000000
0.0310000000
0.0310000000
0.0310000000
0.0310000000
0.0310000000
0.0310000000
0.0310000000
0.0310000000
0.0310000000
0.0310000000
0.0310000000
0.0310000000
0.0310000000
0.0310000000
0.0310000000
0.0310000000
0.0310000000
0.0310000000
0.0310000000
0.0310000000
0.0310000000
0.0310000000
0.0310000000
0.0310000000
0.0310000000
0.0310000000
0.0310000000
0.0310000000
0.0310000000
0.0310000000
0.0310000000
0.0310000000
0.0310000000
0.0310000000
0.0310000000
0.0310000000
0.0310000000
0.0310000000
0.0310000000
0.0310000000
0.0310000000
0.0310000000
0.0310000000
0.0310000000
0.0310000000
0.0310000000
0.0310000000
0.0310000000
0.0310000000
0.0310000000
0.0310000000
0.0310000000
0.0310000000
0.0310000000
0.0310000000
0.0310000000
0.0310000000
0.0310000000
0.0310000000
0.0310000000
0.0310000000
0.0310000000
0.0310000000
0.0310000000
0.0310000000
0.0310000000
0.0310000000
0.0310000000
0.0310000000
0.0310000000
0.0310000000
0.0310000000
0.0310000000
0.0310000000
0.0310000000
0.0310000000
0.0310000000
0.0310000000
0.0310000000
0.0310000000
0.0310000000
0.0310000000
0.0310000000
0.0310000000
0.0310000000
0.0310000000
0.0310000000
0.0310000000
0.0310000000
0.0310000000
0.0310000000
0.0310000000
0.0310000000
0.0310000000
0.0310000000
0.0310000000
0.0310000000
0.0310000000
0.0310000000
0.0310000000
0.0310000000
0.0310000000
0.0310000000
0.0310000000
0.0310000000
0.0310000000
0.0310000000
0.0310000000
0.0310000000
0.0310000000
0.0310000000
0.0310000000
0.0310000000
0.0310000000
0.0310000000
0.0310000000
0.0310000000
0.0310000000
0.0310000000
0.0310000000
0.0310000000
0.0310000000
0.0310000000
0.0310000000
0.0310000000
0.0310000000
0.0310000000
0.0310000000
0.0310000000
0.0310000000
0.0310000000
0.0310000000
0.0310000000
0.0310000000
0.0310000000
0.0310000000
0.0310000000
0.0310000000
0.0310000000
0.0310000000
0.0310000000
0.0310000000
0.0310000000
0.0310000000
0.0310000000
0.0310000000
0.0310000000
0.0310000000
0.0310000000
0.0310000000
0.0310000000
0.0310000000
0.0310000000
0.0310000000
0.0310000000
0.0310000000
0.0310000000
0.0310000000
0.0310000000
0.0310000000
0.0310000000
0.0310000000
0.0310000000
0.0310000000
0.0310000000
0.0310000000
0.0310000000
0.0310000000
0.0310000000
0.0310000000
0.0310000000
0.0310000000
0.0310000000
0.0310000000
0.0310000000
0.0310000000
0.0310000000
0.0310000000
0.0310000000
0.0310000000
0.0310000000
0.0310000000
0.0310000000
0.0310000000
0.0310000000
0.0310000000
0.0310000000
0.0310000000
0.0310000000
0.0310000000
0.0310000000
0.0310000000
0.0310000000
0.0310000000
0.0310000000
0.0310000000
0.0310000000
0.0310000000
0.0310000000
0.0310000000
0.0310000000
0.0310000000
0.0310000000
0.0310000000
0.0310000000
0.0310000000
0.0310000000
0.0310000000
0.0310000000
0.0310000000
0.0310000000
0.0310000000
0.0310000000
0.0310000000
0.0310000000
0.0310000000
0.0310000000
0.0310000000
0.0310000000
0.0310000000
0.0310000000
0.0310000000
0.0310000000
0.0310000000
0.0310000000
0.0310000000
0.0310000000
0.0310000000
0.0310000000
0.0310000000
0.0310000000
0.0310000000
0.0310000000
0.0310000000
0.0310000000
0.0310000000
0.0310000000
0.0310000000
0.0310000000
0.0310000000
0.0310000000
0.0310000000
0.0310000000
0.0310000000
0.0310000000
0.0310000000
0.0310000000
0.0310000000
0.0310000000
0.0310000000
0.0310000000
0.0310000000
0.0310000000
0.0310000000
0.0310000000
0.0310000000
0.0310000000
0.0310000000
0.0310000000
0.0310000000
0.0310000000
0.0310000000
0.0310000000
0.0310000000
0.0310000000
0.0310000000
0.0310000000
0.0310000000
0.0310000000
0.0310000000
0.0310000000
0.0310000000
0.0310000000
0.0310000000
0.0310000000
0.0310000000
0.0310000000
0.0310000000
0.0310000000
0.0310000000
0.0310000000
0.0310000000
0.0310000000
0.0310000000
0.0310000000
0.0310000000
0.0310000000
0.0310000000
0.0310000000
0.0310000000
0.0310000000
0.0310000000
0.0310000000
0.0310000000
0.0310000000
0.0310000000
0.0310000000
0.0310000000
0.0310000000
0.0310000000
0.0310000000
0.0310000000
0.0310000000
0.0310000000
0.0310000000
0.0310000000
0.0310000000
0.0310000000
0.0310000000
0.0310000000
0.0310000000
0.0310000000
0.0310000000
0.0310000000
0.0310000000
0.0310000000
0.0310000000
0.0310000000
0.0310000000
0.0310000000
0.0310000000
0.0310000000
0.0310000000
0.0310000000
0.0310000000
0.0310000000
0.0310000000
0.0310000000
0.0310000000
0.0310000000
0.0310000000
0.0310000000
0.0310000000
0.0310000000
0.0310000000
0.0310000000
0.0310000000
0.0310000000
0.0310000000
0.0310000000
0.0310000000
0.0310000000
0.0310000000
0.0310000000
0.0310000000
0.0310000000
0.0310000000
0.0310000000
0.0310000000
0.0310000000
0.0310000000
0.0310000000
0.0310000000
0.0310000000
0.0310000000
0.0310000000
0.0310000000
0.0310000000
0.0310000000
0.0310000000
0.0310000000
0.0310000000
0.0310000000
0.0310000000
0.0310000000
0.0310000000
0.0310000000
0.0310000000
0.0310000000
0.0310000000
0.0310000000
0.0310000000
0.0310000000
0.0310000000
0.0310000000
0.0310000000
0.0310000000
0.0310000000
0.0310000000
0.0310000000
0.0310000000
0.0310000000
0.0310000000
0.0310000000
0.0310000000
0.0310000000
0.0310000000
0.0310000000
