gen,op_id,w0,w1,w2,w3,w4,w5,w6,norm
50,0,-1.811907431276327e-05,-1.001251412998727e-05,-0.003599071067320847,0.001532295293299304,-0.000872638152116034,7.890553088753713e-05,0.00327308401488332,0.005175178485869277
50,1,-9.246156362371983e-06,-9.135578470875206e-06,-0.0001034283384065152,0.0003529515541020898,-0.001235074697388112,0.001430632508165657,0.002861064310276045,0.003448659020549019
50,2,-6.66453713237444e-06,-2.646630769604646e-06,9.160805773157829e-05,0.000199584849760052,-3.495306064031471e-05,0.00118771367731067,0.00238931719283874,0.002677498779256206
50,3,0,0,0,0,0,0,0,0
100,0,-2.071323389603857e-05,-1.016150988832465e-05,-0.003599619549576372,0.001532216819402668,-0.001022567735727229,-0.0001085776165915618,0.002898850781886256,0.004976570235243551
100,1,-1.256140447312178e-05,-9.533297504539074e-06,-0.0001040667860346722,0.0003527030478996566,-0.001385046085697455,0.001176732498531065,0.002353423460141192,0.002996186246538237
100,2,-8.884411137975322e-06,-2.722277312984026e-06,9.097539400244021e-05,0.0001995086410937005,-0.0002259556266154783,0.001003530742855644,0.002021511556074369,0.002278772790810396
100,3,0,0,0,0,0,0,0,0
150,0,-2.118653778211504e-05,-1.017693761928958e-05,-0.003599649538938129,0.0015322124630032,-0.001038458650540358,-0.0001290168645557116,0.002858003503899972,0.004956705561451953
150,1,-1.299669357135314e-05,-9.571627127326039e-06,-0.0001040826247436824,0.0003526984261009645,-0.001393920569595978,0.001158777453469077,0.002317533572756378,0.002965169726086735
150,2,-9.326815696787806e-06,-2.736662263362353e-06,9.094144676487548e-05,0.0001995018342336511,-0.0002442352339987447,0.0009838123940414196,0.001982114369090573,0.002237069702929463
150,3,0,0,0,0,0,0,0,0
200,0,-2.124407828173071e-05,-1.017868973344354e-05,-0.003599651100058365,0.001532211846209465,-0.001039583919074123,-0.0001307493097710069,0.00285453951495921,0.004954991629626574
200,1,-1.305792209089666e-05,-9.575795675900796e-06,-0.0001040841175321391,0.0003526977036484012,-0.00139461449506613,0.001156949879135393,0.002313879697784124,0.002961927285969554
200,2,-9.392686660816703e-06,-2.738047978057609e-06,9.093883410673786e-05,0.0001995011429219655,-0.0002459616518119974,0.0009818009449457429,0.001978096204407025,0.002232814618501325
200,3,0,0,0,0,0,0,0,0
250,0,-2.124843186504868e-05,-1.017882500215331e-05,-0.003599651204568649,0.001532211817603235,-0.001039645112167917,-0.0001308454431609057,0.002854347299734822,0.004954896361140641
250,1,-1.306745129590053e-05,-9.576322546218836e-06,-0.0001040843682593201,0.0003526976141902503,-0.001394705472199318,0.001156730917707878,0.002313441976907729,0.00296154270232443
250,2,-9.398863507546707e-06,-2.738164578214969e-06,9.093856852639419e-05,0.0001995010986515837,-0.00024608467132161,0.0009816562197516962,0.001977807057557186,0.002232508388326678
250,3,0,0,0,0,0,0,0,0
300,0,-2.12492765285087e-05,-1.017884342678367e-05,-0.003599651219449302,0.0015322118122502,-0.001039655942585408,-0.0001308612613350392,0.002854315670052113,0.004954880843457769
300,1,-1.306798106463194e-05,-9.576363050791103e-06,-0.0001040843719379929,0.0003526976068089134,-0.001394708192539427,0.001156721596116269,0.002313423339442234,0.00296152578545642
300,2,-9.399932810606787e-06,-2.738174951929269e-06,9.093854247840966e-05,0.0001995010941473905,-0.0002461040716516305,0.0009816355774923207,0.001977765813773828,0.002232464914982464
300,3,0,0,0,0,0,0,0,0
350,0,-2.124935083687974e-05,-1.017884533934962e-05,-0.00359965122034089,0.001532211811566965,-0.001039656721298305,-0.0001308624372650807,0.002854313318755655,0.004954879684176401
350,1,-1.306819958226486e-05,-9.576379736874996e-06,-0.0001040843730853079,0.000352697603066475,-0.001394709071903537,0.001156718108781979,0.002313416366100095,0.002961519390818256
350,2,-9.399955794090999e-06,-2.738175273677368e-06,9.093854200668331e-05,0.0001995010939786134,-0.0002461043917097088,0.0009816352219698047,0.001977765103383775,0.00223246416465906
350,3,0,0,0,0,0,0,0,0
400,0,-2.124936083114406e-05,-1.017884552526627e-05,-0.003599651220460099,0.001532211811538173,-0.001039656808931208,-0.0001308625732744395,0.002854313046786031,0.004954879549605915
400,1,-1.30682204134719e-05,-9.576381003572355e-06,-0.0001040843731721196,0.0003526976029762331,-0.00139470914953321,0.001156717822445701,0.002313415793499917,0.00296151886833627
400,2,-9.399957569154265e-06,-2.738175295919304e-06,9.093854197492794e-05,0.0001995010939760445,-0.000246104409955986,0.0009816351977670319,0.001977765055097671,0.002232464113257101
400,3,0,0,0,0,0,0,0,0
450,0,-2.124936141448545e-05,-1.01788455351364e-05,-0.003599651220467457,0.001532211811537101,-0.001039656813742903,-0.0001308625801935717,0.002854313032950915,0.004954879542835934
450,1,-1.30682224342722e-05,-9.57638116597612e-06,-0.0001040843731860403,0.0003526976029694265,-0.001394709155518249,0.00115671779797398,0.002313415744573482,0.002961518823386476
450,2,-9.399958105172761e-06,-2.738175301163503e-06,9.093854196442182e-05,0.0001995010939754183,-0.0002461044152459046,0.0009816351913626161,0.001977765042297342,0.002232464099685999
450,3,0,0,0,0,0,0,0,0
500,0,-2.124936156529784e-05,-1.017884553661844e-05,-0.003599651220468752,0.00153221181153678,-0.001039656814825003,-0.0001308625818051366,0.002854313029729018,0.004954879541251029
500,1,-1.306822251432901e-05,-9.576381167922029e-06,-0.0001040843731863748,0.000352697602969195,-0.001394709155815558,0.001156717797114115,0.002313415742854662,0.002961518821848317
500,2,-9.39995817173035e-06,-2.738175301731706e-06,9.093854196346627e-05,0.0001995010939752974,-0.0002461044158841042,0.0009816351906442717,0.001977765040861885,0.002232464098169035
500,3,0,0,0,0,0,0,0,0
550,0,-2.12493615792696e-05,-1.017884553684391e-05,-0.00359965122046882,0.001532211811536734,-0.001039656814916904,-0.0001308625819404706,0.002854313029458424,0.004954879541118103
550,1,-1.306822252584724e-05,-9.576381168328787e-06,-0.0001040843731864051,0.0003526976029691432,-0.001394709155847968,0.001156717797002449,0.002313415742631366,0.002961518821645582
550,2,-9.399958179859298e-06,-2.738175301827386e-06,9.093854196340971e-05,0.0001995010939752748,-0.000246104415961173,0.0009816351905650514,0.001977765040703505,0.002232464098002416
550,3,0,0,0,0,0,0,0,0
600,0,-2.124936158024922e-05,-1.017884553685945e-05,-0.00359965122046882,0.001532211811536734,-0.001039656814922352,-0.0001308625819490437,0.002854313029441282,0.004954879541109603
600,1,-1.306822252854739e-05,-9.576381168448068e-06,-0.000104084373186412,0.0003526976029691382,-0.001394709155853283,0.001156717796978421,0.002313415742583314,0.002961518821601177
600,2,-9.399958179904838e-06,-2.738175301827531e-06,9.093854196340947e-05,0.0001995010939752748,-0.0002461044159614839,0.000981635190564658,0.001977765040702718,0.00223246409800158
600,3,0,0,0,0,0,0,0,0
650,0,-2.124936158039423e-05,-1.017884553686052e-05,-0.00359965122046882,0.001532211811536734,-0.001039656814923175,-0.000130862581950217,0.002854313029438936,0.004954879541108455
650,1,-1.306822252863211e-05,-9.576381168449918e-06,-0.0001040843731864121,0.0003526976029691382,-0.001394709155853544,0.001156717796977732,0.002313415742581937,0.002961518821599955
650,2,-9.399958179983912e-06,-2.738175301828082e-06,9.093854196340905e-05,0.0001995010939752748,-0.000246104415962103,0.000981635190564011,0.001977765040701425,0.002232464098000219
650,3,0,0,0,0,0,0,0,0
700,0,-2.124936158041382e-05,-1.017884553686072e-05,-0.00359965122046882,0.001532211811536734,-0.001039656814923274,-0.0001308625819503646,0.002854313029438628,0.004954879541108303
700,1,-1.306822252863495e-05,-9.576381168449956e-06,-0.0001040843731864121,0.0003526976029691382,-0.001394709155853549,0.001156717796977711,0.002313415742581895,0.002961518821599916
700,2,-9.399958179992955e-06,-2.73817530182813e-06,9.093854196340905e-05,0.0001995010939752748,-0.0002461044159621708,0.0009816351905639433,0.001977765040701289,0.002232464098000076
700,3,0,0,0,0,0,0,0,0
750,0,-2.124936158041578e-05,-1.017884553686072e-05,-0.00359965122046882,0.001532211811536734,-0.001039656814923275,-0.0001308625819503782,0.002854313029438615,0.004954879541108297
750,1,-1.306822252863612e-05,-9.576381168449956e-06,-0.0001040843731864121,0.0003526976029691382,-0.001394709155853549,0.001156717796977704,0.002313415742581881,0.002961518821599902
750,2,-9.399958179993182e-06,-2.73817530182813e-06,9.093854196340905e-05,0.0001995010939752748,-0.0002461044159621722,0.0009816351905639433,0.001977765040701289,0.002232464098000076
750,3,0,0,0,0,0,0,0,0
800,0,-2.124936158041583e-05,-1.017884553686072e-05,-0.00359965122046882,0.001532211811536734,-0.001039656814923275,-0.0001308625819503784,0.002854313029438615,0.004954879541108297
800,1,-1.306822252863617e-05,-9.576381168449956e-06,-0.0001040843731864121,0.0003526976029691382,-0.001394709155853549,0.001156717796977704,0.002313415742581881,0.002961518821599902
800,2,-9.399958179993229e-06,-2.73817530182813e-06,9.093854196340905e-05,0.0001995010939752748,-0.0002461044159621722,0.0009816351905639433,0.001977765040701289,0.002232464098000076
800,3,0,0,0,0,0,0,0,0
850,0,-2.124936158041583e-05,-1.017884553686072e-05,-0.00359965122046882,0.001532211811536734,-0.001039656814923275,-0.0001308625819503784,0.002854313029438615,0.004954879541108297
850,1,-1.306822252863617e-05,-9.576381168449956e-06,-0.0001040843731864121,0.0003526976029691382,-0.001394709155853549,0.001156717796977704,0.002313415742581881,0.002961518821599902
850,2,-9.399958179993229e-06,-2.73817530182813e-06,9.093854196340905e-05,0.0001995010939752748,-0.0002461044159621722,0.0009816351905639433,0.001977765040701289,0.002232464098000076
850,3,0,0,0,0,0,0,0,0
900,0,-2.124936158041583e-05,-1.017884553686072e-05,-0.00359965122046882,0.001532211811536734,-0.001039656814923275,-0.0001308625819503784,0.002854313029438615,0.004954879541108297
900,1,-1.306822252863617e-05,-9.576381168449956e-06,-0.0001040843731864121,0.0003526976029691382,-0.001394709155853549,0.001156717796977704,0.002313415742581881,0.002961518821599902
900,2,-9.399958179993229e-06,-2.73817530182813e-06,9.093854196340905e-05,0.0001995010939752748,-0.0002461044159621722,0.0009816351905639433,0.001977765040701289,0.002232464098000076
900,3,0,0,0,0,0,0,0,0
950,0,-2.124936158041583e-05,-1.017884553686072e-05,-0.00359965122046882,0.001532211811536734,-0.001039656814923275,-0.0001308625819503784,0.002854313029438615,0.004954879541108297
950,1,-1.306822252863617e-05,-9.576381168449956e-06,-0.0001040843731864121,0.0003526976029691382,-0.001394709155853549,0.001156717796977704,0.002313415742581881,0.002961518821599902
950,2,-9.399958179993229e-06,-2.73817530182813e-06,9.093854196340905e-05,0.0001995010939752748,-0.0002461044159621722,0.0009816351905639433,0.001977765040701289,0.002232464098000076
950,3,0,0,0,0,0,0,0,0
1000,0,-2.124936158041583e-05,-1.017884553686072e-05,-0.00359965122046882,0.001532211811536734,-0.001039656814923275,-0.0001308625819503784,0.002854313029438615,0.004954879541108297
1000,1,-1.306822252863617e-05,-9.576381168449956e-06,-0.0001040843731864121,0.0003526976029691382,-0.001394709155853549,0.001156717796977704,0.002313415742581881,0.002961518821599902
1000,2,-9.399958179993229e-06,-2.73817530182813e-06,9.093854196340905e-05,0.0001995010939752748,-0.0002461044159621722,0.0009816351905639433,0.001977765040701289,0.002232464098000076
1000,3,0,0,0,0,0,0,0,0
1050,0,-2.124936158041583e-05,-1.017884553686072e-05,-0.00359965122046882,0.001532211811536734,-0.001039656814923275,-0.0001308625819503784,0.002854313029438615,0.004954879541108297
1050,1,-1.306822252863617e-05,-9.576381168449956e-06,-0.0001040843731864121,0.0003526976029691382,-0.001394709155853549,0.001156717796977704,0.002313415742581881,0.002961518821599902
1050,2,-9.399958179993229e-06,-2.73817530182813e-06,9.093854196340905e-05,0.0001995010939752748,-0.0002461044159621722,0.0009816351905639433,0.001977765040701289,0.002232464098000076
1050,3,0,0,0,0,0,0,0,0
1100,0,-2.124936158041583e-05,-1.017884553686072e-05,-0.00359965122046882,0.001532211811536734,-0.001039656814923275,-0.0001308625819503784,0.002854313029438615,0.004954879541108297
1100,1,-1.306822252863617e-05,-9.576381168449956e-06,-0.0001040843731864121,0.0003526976029691382,-0.001394709155853549,0.001156717796977704,0.002313415742581881,0.002961518821599902
1100,2,-9.399958179993229e-06,-2.73817530182813e-06,9.093854196340905e-05,0.0001995010939752748,-0.0002461044159621722,0.0009816351905639433,0.001977765040701289,0.002232464098000076
1100,3,0,0,0,0,0,0,0,0
1150,0,-2.124936158041583e-05,-1.017884553686072e-05,-0.00359965122046882,0.001532211811536734,-0.001039656814923275,-0.0001308625819503784,0.002854313029438615,0.004954879541108297
1150,1,-1.306822252863617e-05,-9.576381168449956e-06,-0.0001040843731864121,0.0003526976029691382,-0.001394709155853549,0.001156717796977704,0.002313415742581881,0.002961518821599902
1150,2,-9.399958179993229e-06,-2.73817530182813e-06,9.093854196340905e-05,0.0001995010939752748,-0.0002461044159621722,0.0009816351905639433,0.001977765040701289,0.002232464098000076
1150,3,0,0,0,0,0,0,0,0
1200,0,-2.124936158041583e-05,-1.017884553686072e-05,-0.00359965122046882,0.001532211811536734,-0.001039656814923275,-0.0001308625819503784,0.002854313029438615,0.004954879541108297
1200,1,-1.306822252863617e-05,-9.576381168449956e-06,-0.0001040843731864121,0.0003526976029691382,-0.001394709155853549,0.001156717796977704,0.002313415742581881,0.002961518821599902
1200,2,-9.399958179993229e-06,-2.73817530182813e-06,9.093854196340905e-05,0.0001995010939752748,-0.0002461044159621722,0.0009816351905639433,0.001977765040701289,0.002232464098000076
1200,3,0,0,0,0,0,0,0,0
1250,0,-2.124936158041583e-05,-1.017884553686072e-05,-0.00359965122046882,0.001532211811536734,-0.001039656814923275,-0.0001308625819503784,0.002854313029438615,0.004954879541108297
1250,1,-1.306822252863617e-05,-9.576381168449956e-06,-0.0001040843731864121,0.0003526976029691382,-0.001394709155853549,0.001156717796977704,0.002313415742581881,0.002961518821599902
1250,2,-9.399958179993229e-06,-2.73817530182813e-06,9.093854196340905e-05,0.0001995010939752748,-0.0002461044159621722,0.0009816351905639433,0.001977765040701289,0.002232464098000076
1250,3,0,0,0,0,0,0,0,0
1300,0,-2.124936158041583e-05,-1.017884553686072e-05,-0.00359965122046882,0.001532211811536734,-0.001039656814923275,-0.0001308625819503784,0.002854313029438615,0.004954879541108297
1300,1,-1.306822252863617e-05,-9.576381168449956e-06,-0.0001040843731864121,0.0003526976029691382,-0.001394709155853549,0.001156717796977704,0.002313415742581881,0.002961518821599902
1300,2,-9.399958179993229e-06,-2.73817530182813e-06,9.093854196340905e-05,0.0001995010939752748,-0.0002461044159621722,0.0009816351905639433,0.001977765040701289,0.002232464098000076
1300,3,0,0,0,0,0,0,0,0
1350,0,-2.124936158041583e-05,-1.017884553686072e-05,-0.00359965122046882,0.001532211811536734,-0.001039656814923275,-0.0001308625819503784,0.002854313029438615,0.004954879541108297
1350,1,-1.306822252863617e-05,-9.576381168449956e-06,-0.0001040843731864121,0.0003526976029691382,-0.001394709155853549,0.001156717796977704,0.002313415742581881,0.002961518821599902
1350,2,-9.399958179993229e-06,-2.73817530182813e-06,9.093854196340905e-05,0.0001995010939752748,-0.0002461044159621722,0.0009816351905639433,0.001977765040701289,0.002232464098000076
1350,3,0,0,0,0,0,0,0,0
1400,0,-2.124936158041583e-05,-1.017884553686072e-05,-0.00359965122046882,0.001532211811536734,-0.001039656814923275,-0.0001308625819503784,0.002854313029438615,0.004954879541108297
1400,1,-1.306822252863617e-05,-9.576381168449956e-06,-0.0001040843731864121,0.0003526976029691382,-0.001394709155853549,0.001156717796977704,0.002313415742581881,0.002961518821599902
1400,2,-9.399958179993229e-06,-2.73817530182813e-06,9.093854196340905e-05,0.0001995010939752748,-0.0002461044159621722,0.0009816351905639433,0.001977765040701289,0.002232464098000076
1400,3,0,0,0,0,0,0,0,0
1450,0,-2.124936158041583e-05,-1.017884553686072e-05,-0.00359965122046882,0.001532211811536734,-0.001039656814923275,-0.0001308625819503784,0.002854313029438615,0.004954879541108297
1450,1,-1.306822252863617e-05,-9.576381168449956e-06,-0.0001040843731864121,0.0003526976029691382,-0.001394709155853549,0.001156717796977704,0.002313415742581881,0.002961518821599902
1450,2,-9.399958179993229e-06,-2.73817530182813e-06,9.093854196340905e-05,0.0001995010939752748,-0.0002461044159621722,0.0009816351905639433,0.001977765040701289,0.002232464098000076
1450,3,0,0,0,0,0,0,0,0
1500,0,-2.124936158041583e-05,-1.017884553686072e-05,-0.00359965122046882,0.001532211811536734,-0.001039656814923275,-0.0001308625819503784,0.002854313029438615,0.004954879541108297
1500,1,-1.306822252863617e-05,-9.576381168449956e-06,-0.0001040843731864121,0.0003526976029691382,-0.001394709155853549,0.001156717796977704,0.002313415742581881,0.002961518821599902
1500,2,-9.399958179993229e-06,-2.73817530182813e-06,9.093854196340905e-05,0.0001995010939752748,-0.0002461044159621722,0.0009816351905639433,0.001977765040701289,0.002232464098000076
1500,3,0,0,0,0,0,0,0,0
1550,0,-2.124936158041583e-05,-1.017884553686072e-05,-0.00359965122046882,0.001532211811536734,-0.001039656814923275,-0.0001308625819503784,0.002854313029438615,0.004954879541108297
1550,1,-1.306822252863617e-05,-9.576381168449956e-06,-0.0001040843731864121,0.0003526976029691382,-0.001394709155853549,0.001156717796977704,0.002313415742581881,0.002961518821599902
1550,2,-9.399958179993229e-06,-2.73817530182813e-06,9.093854196340905e-05,0.0001995010939752748,-0.0002461044159621722,0.0009816351905639433,0.001977765040701289,0.002232464098000076
1550,3,0,0,0,0,0,0,0,0
1600,0,-2.124936158041583e-05,-1.017884553686072e-05,-0.00359965122046882,0.001532211811536734,-0.001039656814923275,-0.0001308625819503784,0.002854313029438615,0.004954879541108297
1600,1,-1.306822252863617e-05,-9.576381168449956e-06,-0.0001040843731864121,0.0003526976029691382,-0.001394709155853549,0.001156717796977704,0.002313415742581881,0.002961518821599902
1600,2,-9.399958179993229e-06,-2.73817530182813e-06,9.093854196340905e-05,0.0001995010939752748,-0.0002461044159621722,0.0009816351905639433,0.001977765040701289,0.002232464098000076
1600,3,0,0,0,0,0,0,0,0
1650,0,-2.124936158041583e-05,-1.017884553686072e-05,-0.00359965122046882,0.001532211811536734,-0.001039656814923275,-0.0001308625819503784,0.002854313029438615,0.004954879541108297
1650,1,-1.306822252863617e-05,-9.576381168449956e-06,-0.0001040843731864121,0.0003526976029691382,-0.001394709155853549,0.001156717796977704,0.002313415742581881,0.002961518821599902
1650,2,-9.399958179993229e-06,-2.73817530182813e-06,9.093854196340905e-05,0.0001995010939752748,-0.0002461044159621722,0.0009816351905639433,0.001977765040701289,0.002232464098000076
1650,3,0,0,0,0,0,0,0,0
1700,0,-2.124936158041583e-05,-1.017884553686072e-05,-0.00359965122046882,0.001532211811536734,-0.001039656814923275,-0.0001308625819503784,0.002854313029438615,0.004954879541108297
1700,1,-1.306822252863617e-05,-9.576381168449956e-06,-0.0001040843731864121,0.0003526976029691382,-0.001394709155853549,0.001156717796977704,0.002313415742581881,0.002961518821599902
1700,2,-9.399958179993229e-06,-2.73817530182813e-06,9.093854196340905e-05,0.0001995010939752748,-0.0002461044159621722,0.0009816351905639433,0.001977765040701289,0.002232464098000076
1700,3,0,0,0,0,0,0,0,0
1750,0,-2.124936158041583e-05,-1.017884553686072e-05,-0.00359965122046882,0.001532211811536734,-0.001039656814923275,-0.0001308625819503784,0.002854313029438615,0.004954879541108297
1750,1,-1.306822252863617e-05,-9.576381168449956e-06,-0.0001040843731864121,0.0003526976029691382,-0.001394709155853549,0.001156717796977704,0.002313415742581881,0.002961518821599902
1750,2,-9.399958179993229e-06,-2.73817530182813e-06,9.093854196340905e-05,0.0001995010939752748,-0.0002461044159621722,0.0009816351905639433,0.001977765040701289,0.002232464098000076
1750,3,0,0,0,0,0,0,0,0
1800,0,-2.124936158041583e-05,-1.017884553686072e-05,-0.00359965122046882,0.001532211811536734,-0.001039656814923275,-0.0001308625819503784,0.002854313029438615,0.004954879541108297
1800,1,-1.306822252863617e-05,-9.576381168449956e-06,-0.0001040843731864121,0.0003526976029691382,-0.001394709155853549,0.001156717796977704,0.002313415742581881,0.002961518821599902
1800,2,-9.399958179993229e-06,-2.73817530182813e-06,9.093854196340905e-05,0.0001995010939752748,-0.0002461044159621722,0.0009816351905639433,0.001977765040701289,0.002232464098000076
1800,3,0,0,0,0,0,0,0,0
1850,0,-2.124936158041583e-05,-1.017884553686072e-05,-0.00359965122046882,0.001532211811536734,-0.001039656814923275,-0.0001308625819503784,0.002854313029438615,0.004954879541108297
1850,1,-1.306822252863617e-05,-9.576381168449956e-06,-0.0001040843731864121,0.0003526976029691382,-0.001394709155853549,0.001156717796977704,0.002313415742581881,0.002961518821599902
1850,2,-9.399958179993229e-06,-2.73817530182813e-06,9.093854196340905e-05,0.0001995010939752748,-0.0002461044159621722,0.0009816351905639433,0.001977765040701289,0.002232464098000076
1850,3,0,0,0,0,0,0,0,0
1900,0,-2.124936158041583e-05,-1.017884553686072e-05,-0.00359965122046882,0.001532211811536734,-0.001039656814923275,-0.0001308625819503784,0.002854313029438615,0.004954879541108297
1900,1,-1.306822252863617e-05,-9.576381168449956e-06,-0.0001040843731864121,0.0003526976029691382,-0.001394709155853549,0.001156717796977704,0.002313415742581881,0.002961518821599902
1900,2,-9.399958179993229e-06,-2.73817530182813e-06,9.093854196340905e-05,0.0001995010939752748,-0.0002461044159621722,0.0009816351905639433,0.001977765040701289,0.002232464098000076
1900,3,0,0,0,0,0,0,0,0
1950,0,-2.124936158041583e-05,-1.017884553686072e-05,-0.00359965122046882,0.001532211811536734,-0.001039656814923275,-0.0001308625819503784,0.002854313029438615,0.004954879541108297
1950,1,-1.306822252863617e-05,-9.576381168449956e-06,-0.0001040843731864121,0.0003526976029691382,-0.001394709155853549,0.001156717796977704,0.002313415742581881,0.002961518821599902
1950,2,-9.399958179993229e-06,-2.73817530182813e-06,9.093854196340905e-05,0.0001995010939752748,-0.0002461044159621722,0.0009816351905639433,0.001977765040701289,0.002232464098000076
1950,3,0,0,0,0,0,0,0,0
2000,0,-2.124936158041583e-05,-1.017884553686072e-05,-0.00359965122046882,0.001532211811536734,-0.001039656814923275,-0.0001308625819503784,0.002854313029438615,0.004954879541108297
2000,1,-1.306822252863617e-05,-9.576381168449956e-06,-0.0001040843731864121,0.0003526976029691382,-0.001394709155853549,0.001156717796977704,0.002313415742581881,0.002961518821599902
2000,2,-9.399958179993229e-06,-2.73817530182813e-06,9.093854196340905e-05,0.0001995010939752748,-0.0002461044159621722,0.0009816351905639433,0.001977765040701289,0.002232464098000076
2000,3,0,0,0,0,0,0,0,0
2050,0,-2.124936158041583e-05,-1.017884553686072e-05,-0.00359965122046882,0.001532211811536734,-0.001039656814923275,-0.0001308625819503784,0.002854313029438615,0.004954879541108297
2050,1,-1.306822252863617e-05,-9.576381168449956e-06,-0.0001040843731864121,0.0003526976029691382,-0.001394709155853549,0.001156717796977704,0.002313415742581881,0.002961518821599902
2050,2,-9.399958179993229e-06,-2.73817530182813e-06,9.093854196340905e-05,0.0001995010939752748,-0.0002461044159621722,0.0009816351905639433,0.001977765040701289,0.002232464098000076
2050,3,0,0,0,0,0,0,0,0
2100,0,-2.124936158041583e-05,-1.017884553686072e-05,-0.00359965122046882,0.001532211811536734,-0.001039656814923275,-0.0001308625819503784,0.002854313029438615,0.004954879541108297
2100,1,-1.306822252863617e-05,-9.576381168449956e-06,-0.0001040843731864121,0.0003526976029691382,-0.001394709155853549,0.001156717796977704,0.002313415742581881,0.002961518821599902
2100,2,-9.399958179993229e-06,-2.73817530182813e-06,9.093854196340905e-05,0.0001995010939752748,-0.0002461044159621722,0.0009816351905639433,0.001977765040701289,0.002232464098000076
2100,3,0,0,0,0,0,0,0,0
2150,0,-2.124936158041583e-05,-1.017884553686072e-05,-0.00359965122046882,0.001532211811536734,-0.001039656814923275,-0.0001308625819503784,0.002854313029438615,0.004954879541108297
2150,1,-1.306822252863617e-05,-9.576381168449956e-06,-0.0001040843731864121,0.0003526976029691382,-0.001394709155853549,0.001156717796977704,0.002313415742581881,0.002961518821599902
2150,2,-9.399958179993229e-06,-2.73817530182813e-06,9.093854196340905e-05,0.0001995010939752748,-0.0002461044159621722,0.0009816351905639433,0.001977765040701289,0.002232464098000076
2150,3,0,0,0,0,0,0,0,0
2200,0,-2.124936158041583e-05,-1.017884553686072e-05,-0.00359965122046882,0.001532211811536734,-0.001039656814923275,-0.0001308625819503784,0.002854313029438615,0.004954879541108297
2200,1,-1.306822252863617e-05,-9.576381168449956e-06,-0.0001040843731864121,0.0003526976029691382,-0.001394709155853549,0.001156717796977704,0.002313415742581881,0.002961518821599902
2200,2,-9.399958179993229e-06,-2.73817530182813e-06,9.093854196340905e-05,0.0001995010939752748,-0.0002461044159621722,0.0009816351905639433,0.001977765040701289,0.002232464098000076
2200,3,0,0,0,0,0,0,0,0
2250,0,-2.124936158041583e-05,-1.017884553686072e-05,-0.00359965122046882,0.001532211811536734,-0.001039656814923275,-0.0001308625819503784,0.002854313029438615,0.004954879541108297
2250,1,-1.306822252863617e-05,-9.576381168449956e-06,-0.0001040843731864121,0.0003526976029691382,-0.001394709155853549,0.001156717796977704,0.002313415742581881,0.002961518821599902
2250,2,-9.399958179993229e-06,-2.73817530182813e-06,9.093854196340905e-05,0.0001995010939752748,-0.0002461044159621722,0.0009816351905639433,0.001977765040701289,0.002232464098000076
2250,3,0,0,0,0,0,0,0,0
2300,0,-2.124936158041583e-05,-1.017884553686072e-05,-0.00359965122046882,0.001532211811536734,-0.001039656814923275,-0.0001308625819503784,0.002854313029438615,0.004954879541108297
2300,1,-1.306822252863617e-05,-9.576381168449956e-06,-0.0001040843731864121,0.0003526976029691382,-0.001394709155853549,0.001156717796977704,0.002313415742581881,0.002961518821599902
2300,2,-9.399958179993229e-06,-2.73817530182813e-06,9.093854196340905e-05,0.0001995010939752748,-0.0002461044159621722,0.0009816351905639433,0.001977765040701289,0.002232464098000076
2300,3,0,0,0,0,0,0,0,0
2350,0,-2.124936158041583e-05,-1.017884553686072e-05,-0.00359965122046882,0.001532211811536734,-0.001039656814923275,-0.0001308625819503784,0.002854313029438615,0.004954879541108297
2350,1,-1.306822252863617e-05,-9.576381168449956e-06,-0.0001040843731864121,0.0003526976029691382,-0.001394709155853549,0.001156717796977704,0.002313415742581881,0.002961518821599902
2350,2,-9.399958179993229e-06,-2.73817530182813e-06,9.093854196340905e-05,0.0001995010939752748,-0.0002461044159621722,0.0009816351905639433,0.001977765040701289,0.002232464098000076
2350,3,0,0,0,0,0,0,0,0
2400,0,-2.124936158041583e-05,-1.017884553686072e-05,-0.00359965122046882,0.001532211811536734,-0.001039656814923275,-0.0001308625819503784,0.002854313029438615,0.004954879541108297
2400,1,-1.306822252863617e-05,-9.576381168449956e-06,-0.0001040843731864121,0.0003526976029691382,-0.001394709155853549,0.001156717796977704,0.002313415742581881,0.002961518821599902
2400,2,-9.399958179993229e-06,-2.73817530182813e-06,9.093854196340905e-05,0.0001995010939752748,-0.0002461044159621722,0.0009816351905639433,0.001977765040701289,0.002232464098000076
2400,3,0,0,0,0,0,0,0,0
2450,0,-2.124936158041583e-05,-1.017884553686072e-05,-0.00359965122046882,0.001532211811536734,-0.001039656814923275,-0.0001308625819503784,0.002854313029438615,0.004954879541108297
2450,1,-1.306822252863617e-05,-9.576381168449956e-06,-0.0001040843731864121,0.0003526976029691382,-0.001394709155853549,0.001156717796977704,0.002313415742581881,0.002961518821599902
2450,2,-9.399958179993229e-06,-2.73817530182813e-06,9.093854196340905e-05,0.0001995010939752748,-0.0002461044159621722,0.0009816351905639433,0.001977765040701289,0.002232464098000076
2450,3,0,0,0,0,0,0,0,0
2500,0,-2.124936158041583e-05,-1.017884553686072e-05,-0.00359965122046882,0.001532211811536734,-0.001039656814923275,-0.0001308625819503784,0.002854313029438615,0.004954879541108297
2500,1,-1.306822252863617e-05,-9.576381168449956e-06,-0.0001040843731864121,0.0003526976029691382,-0.001394709155853549,0.001156717796977704,0.002313415742581881,0.002961518821599902
2500,2,-9.399958179993229e-06,-2.73817530182813e-06,9.093854196340905e-05,0.0001995010939752748,-0.0002461044159621722,0.0009816351905639433,0.001977765040701289,0.002232464098000076
2500,3,0,0,0,0,0,0,0,0
2550,0,-2.124936158041583e-05,-1.017884553686072e-05,-0.00359965122046882,0.001532211811536734,-0.001039656814923275,-0.0001308625819503784,0.002854313029438615,0.004954879541108297
2550,1,-1.306822252863617e-05,-9.576381168449956e-06,-0.0001040843731864121,0.0003526976029691382,-0.001394709155853549,0.001156717796977704,0.002313415742581881,0.002961518821599902
2550,2,-9.399958179993229e-06,-2.73817530182813e-06,9.093854196340905e-05,0.0001995010939752748,-0.0002461044159621722,0.0009816351905639433,0.001977765040701289,0.002232464098000076
2550,3,0,0,0,0,0,0,0,0
2600,0,-2.124936158041583e-05,-1.017884553686072e-05,-0.00359965122046882,0.001532211811536734,-0.001039656814923275,-0.0001308625819503784,0.002854313029438615,0.004954879541108297
2600,1,-1.306822252863617e-05,-9.576381168449956e-06,-0.0001040843731864121,0.0003526976029691382,-0.001394709155853549,0.001156717796977704,0.002313415742581881,0.002961518821599902
2600,2,-9.399958179993229e-06,-2.73817530182813e-06,9.093854196340905e-05,0.0001995010939752748,-0.0002461044159621722,0.0009816351905639433,0.001977765040701289,0.002232464098000076
2600,3,0,0,0,0,0,0,0,0
2650,0,-2.124936158041583e-05,-1.017884553686072e-05,-0.00359965122046882,0.001532211811536734,-0.001039656814923275,-0.0001308625819503784,0.002854313029438615,0.004954879541108297
2650,1,-1.306822252863617e-05,-9.576381168449956e-06,-0.0001040843731864121,0.0003526976029691382,-0.001394709155853549,0.001156717796977704,0.002313415742581881,0.002961518821599902
2650,2,-9.399958179993229e-06,-2.73817530182813e-06,9.093854196340905e-05,0.0001995010939752748,-0.0002461044159621722,0.0009816351905639433,0.001977765040701289,0.002232464098000076
2650,3,0,0,0,0,0,0,0,0
2700,0,-2.124936158041583e-05,-1.017884553686072e-05,-0.00359965122046882,0.001532211811536734,-0.001039656814923275,-0.0001308625819503784,0.002854313029438615,0.004954879541108297
2700,1,-1.306822252863617e-05,-9.576381168449956e-06,-0.0001040843731864121,0.0003526976029691382,-0.001394709155853549,0.001156717796977704,0.002313415742581881,0.002961518821599902
2700,2,-9.399958179993229e-06,-2.73817530182813e-06,9.093854196340905e-05,0.0001995010939752748,-0.0002461044159621722,0.0009816351905639433,0.001977765040701289,0.002232464098000076
2700,3,0,0,0,0,0,0,0,0
2750,0,-2.124936158041583e-05,-1.017884553686072e-05,-0.00359965122046882,0.001532211811536734,-0.001039656814923275,-0.0001308625819503784,0.002854313029438615,0.004954879541108297
2750,1,-1.306822252863617e-05,-9.576381168449956e-06,-0.0001040843731864121,0.0003526976029691382,-0.001394709155853549,0.001156717796977704,0.002313415742581881,0.002961518821599902
2750,2,-9.399958179993229e-06,-2.73817530182813e-06,9.093854196340905e-05,0.0001995010939752748,-0.0002461044159621722,0.0009816351905639433,0.001977765040701289,0.002232464098000076
2750,3,0,0,0,0,0,0,0,0
2800,0,-2.124936158041583e-05,-1.017884553686072e-05,-0.00359965122046882,0.001532211811536734,-0.001039656814923275,-0.0001308625819503784,0.002854313029438615,0.004954879541108297
2800,1,-1.306822252863617e-05,-9.576381168449956e-06,-0.0001040843731864121,0.0003526976029691382,-0.001394709155853549,0.001156717796977704,0.002313415742581881,0.002961518821599902
2800,2,-9.399958179993229e-06,-2.73817530182813e-06,9.093854196340905e-05,0.0001995010939752748,-0.0002461044159621722,0.0009816351905639433,0.001977765040701289,0.002232464098000076
2800,3,0,0,0,0,0,0,0,0
2850,0,-2.124936158041583e-05,-1.017884553686072e-05,-0.00359965122046882,0.001532211811536734,-0.001039656814923275,-0.0001308625819503784,0.002854313029438615,0.004954879541108297
2850,1,-1.306822252863617e-05,-9.576381168449956e-06,-0.0001040843731864121,0.0003526976029691382,-0.001394709155853549,0.001156717796977704,0.002313415742581881,0.002961518821599902
2850,2,-9.399958179993229e-06,-2.73817530182813e-06,9.093854196340905e-05,0.0001995010939752748,-0.0002461044159621722,0.0009816351905639433,0.001977765040701289,0.002232464098000076
2850,3,0,0,0,0,0,0,0,0
2900,0,-2.124936158041583e-05,-1.017884553686072e-05,-0.00359965122046882,0.001532211811536734,-0.001039656814923275,-0.0001308625819503784,0.002854313029438615,0.004954879541108297
2900,1,-1.306822252863617e-05,-9.576381168449956e-06,-0.0001040843731864121,0.0003526976029691382,-0.001394709155853549,0.001156717796977704,0.002313415742581881,0.002961518821599902
2900,2,-9.399958179993229e-06,-2.73817530182813e-06,9.093854196340905e-05,0.0001995010939752748,-0.0002461044159621722,0.0009816351905639433,0.001977765040701289,0.002232464098000076
2900,3,0,0,0,0,0,0,0,0
2950,0,-2.124936158041583e-05,-1.017884553686072e-05,-0.00359965122046882,0.001532211811536734,-0.001039656814923275,-0.0001308625819503784,0.002854313029438615,0.004954879541108297
2950,1,-1.306822252863617e-05,-9.576381168449956e-06,-0.0001040843731864121,0.0003526976029691382,-0.001394709155853549,0.001156717796977704,0.002313415742581881,0.002961518821599902
2950,2,-9.399958179993229e-06,-2.73817530182813e-06,9.093854196340905e-05,0.0001995010939752748,-0.0002461044159621722,0.0009816351905639433,0.001977765040701289,0.002232464098000076
2950,3,0,0,0,0,0,0,0,0
3000,0,-2.124936158041583e-05,-1.017884553686072e-05,-0.00359965122046882,0.001532211811536734,-0.001039656814923275,-0.0001308625819503784,0.002854313029438615,0.004954879541108297
3000,1,-1.306822252863617e-05,-9.576381168449956e-06,-0.0001040843731864121,0.0003526976029691382,-0.001394709155853549,0.001156717796977704,0.002313415742581881,0.002961518821599902
3000,2,-9.399958179993229e-06,-2.73817530182813e-06,9.093854196340905e-05,0.0001995010939752748,-0.0002461044159621722,0.0009816351905639433,0.001977765040701289,0.002232464098000076
3000,3,0,0,0,0,0,0,0,0
3050,0,-2.124936158041583e-05,-1.017884553686072e-05,-0.00359965122046882,0.001532211811536734,-0.001039656814923275,-0.0001308625819503784,0.002854313029438615,0.004954879541108297
3050,1,-1.306822252863617e-05,-9.576381168449956e-06,-0.0001040843731864121,0.0003526976029691382,-0.001394709155853549,0.001156717796977704,0.002313415742581881,0.002961518821599902
3050,2,-9.399958179993229e-06,-2.73817530182813e-06,9.093854196340905e-05,0.0001995010939752748,-0.0002461044159621722,0.0009816351905639433,0.001977765040701289,0.002232464098000076
3050,3,0,0,0,0,0,0,0,0
3100,0,-2.124936158041583e-05,-1.017884553686072e-05,-0.00359965122046882,0.001532211811536734,-0.001039656814923275,-0.0001308625819503784,0.002854313029438615,0.004954879541108297
3100,1,-1.306822252863617e-05,-9.576381168449956e-06,-0.0001040843731864121,0.0003526976029691382,-0.001394709155853549,0.001156717796977704,0.002313415742581881,0.002961518821599902
3100,2,-9.399958179993229e-06,-2.73817530182813e-06,9.093854196340905e-05,0.0001995010939752748,-0.0002461044159621722,0.0009816351905639433,0.001977765040701289,0.002232464098000076
3100,3,0,0,0,0,0,0,0,0
3150,0,-2.124936158041583e-05,-1.017884553686072e-05,-0.00359965122046882,0.001532211811536734,-0.001039656814923275,-0.0001308625819503784,0.002854313029438615,0.004954879541108297
3150,1,-1.306822252863617e-05,-9.576381168449956e-06,-0.0001040843731864121,0.0003526976029691382,-0.001394709155853549,0.001156717796977704,0.002313415742581881,0.002961518821599902
3150,2,-9.399958179993229e-06,-2.73817530182813e-06,9.093854196340905e-05,0.0001995010939752748,-0.0002461044159621722,0.0009816351905639433,0.001977765040701289,0.002232464098000076
3150,3,0,0,0,0,0,0,0,0
3200,0,-2.124936158041583e-05,-1.017884553686072e-05,-0.00359965122046882,0.001532211811536734,-0.001039656814923275,-0.0001308625819503784,0.002854313029438615,0.004954879541108297
3200,1,-1.306822252863617e-05,-9.576381168449956e-06,-0.0001040843731864121,0.0003526976029691382,-0.001394709155853549,0.001156717796977704,0.002313415742581881,0.002961518821599902
3200,2,-9.399958179993229e-06,-2.73817530182813e-06,9.093854196340905e-05,0.0001995010939752748,-0.0002461044159621722,0.0009816351905639433,0.001977765040701289,0.002232464098000076
3200,3,0,0,0,0,0,0,0,0
3250,0,-2.124936158041583e-05,-1.017884553686072e-05,-0.00359965122046882,0.001532211811536734,-0.001039656814923275,-0.0001308625819503784,0.002854313029438615,0.004954879541108297
3250,1,-1.306822252863617e-05,-9.576381168449956e-06,-0.0001040843731864121,0.0003526976029691382,-0.001394709155853549,0.001156717796977704,0.002313415742581881,0.002961518821599902
3250,2,-9.399958179993229e-06,-2.73817530182813e-06,9.093854196340905e-05,0.0001995010939752748,-0.0002461044159621722,0.0009816351905639433,0.001977765040701289,0.002232464098000076
3250,3,0,0,0,0,0,0,0,0
3300,0,-2.124936158041583e-05,-1.017884553686072e-05,-0.00359965122046882,0.001532211811536734,-0.001039656814923275,-0.0001308625819503784,0.002854313029438615,0.004954879541108297
3300,1,-1.306822252863617e-05,-9.576381168449956e-06,-0.0001040843731864121,0.0003526976029691382,-0.001394709155853549,0.001156717796977704,0.002313415742581881,0.002961518821599902
3300,2,-9.399958179993229e-06,-2.73817530182813e-06,9.093854196340905e-05,0.0001995010939752748,-0.0002461044159621722,0.0009816351905639433,0.001977765040701289,0.002232464098000076
3300,3,0,0,0,0,0,0,0,0
3350,0,-2.124936158041583e-05,-1.017884553686072e-05,-0.00359965122046882,0.001532211811536734,-0.001039656814923275,-0.0001308625819503784,0.002854313029438615,0.004954879541108297
3350,1,-1.306822252863617e-05,-9.576381168449956e-06,-0.0001040843731864121,0.0003526976029691382,-0.001394709155853549,0.001156717796977704,0.002313415742581881,0.002961518821599902
3350,2,-9.399958179993229e-06,-2.73817530182813e-06,9.093854196340905e-05,0.0001995010939752748,-0.0002461044159621722,0.0009816351905639433,0.001977765040701289,0.002232464098000076
3350,3,0,0,0,0,0,0,0,0
3400,0,-2.124936158041583e-05,-1.017884553686072e-05,-0.00359965122046882,0.001532211811536734,-0.001039656814923275,-0.0001308625819503784,0.002854313029438615,0.004954879541108297
3400,1,-1.306822252863617e-05,-9.576381168449956e-06,-0.0001040843731864121,0.0003526976029691382,-0.001394709155853549,0.001156717796977704,0.002313415742581881,0.002961518821599902
3400,2,-9.399958179993229e-06,-2.73817530182813e-06,9.093854196340905e-05,0.0001995010939752748,-0.0002461044159621722,0.0009816351905639433,0.001977765040701289,0.002232464098000076
3400,3,0,0,0,0,0,0,0,0
3450,0,-2.124936158041583e-05,-1.017884553686072e-05,-0.00359965122046882,0.001532211811536734,-0.001039656814923275,-0.0001308625819503784,0.002854313029438615,0.004954879541108297
3450,1,-1.306822252863617e-05,-9.576381168449956e-06,-0.0001040843731864121,0.0003526976029691382,-0.001394709155853549,0.001156717796977704,0.002313415742581881,0.002961518821599902
3450,2,-9.399958179993229e-06,-2.73817530182813e-06,9.093854196340905e-05,0.0001995010939752748,-0.0002461044159621722,0.0009816351905639433,0.001977765040701289,0.002232464098000076
3450,3,0,0,0,0,0,0,0,0
3500,0,-2.124936158041583e-05,-1.017884553686072e-05,-0.00359965122046882,0.001532211811536734,-0.001039656814923275,-0.0001308625819503784,0.002854313029438615,0.004954879541108297
3500,1,-1.306822252863617e-05,-9.576381168449956e-06,-0.0001040843731864121,0.0003526976029691382,-0.001394709155853549,0.001156717796977704,0.002313415742581881,0.002961518821599902
3500,2,-9.399958179993229e-06,-2.73817530182813e-06,9.093854196340905e-05,0.0001995010939752748,-0.0002461044159621722,0.0009816351905639433,0.001977765040701289,0.002232464098000076
3500,3,0,0,0,0,0,0,0,0
3550,0,-2.124936158041583e-05,-1.017884553686072e-05,-0.00359965122046882,0.001532211811536734,-0.001039656814923275,-0.0001308625819503784,0.002854313029438615,0.004954879541108297
3550,1,-1.306822252863617e-05,-9.576381168449956e-06,-0.0001040843731864121,0.0003526976029691382,-0.001394709155853549,0.001156717796977704,0.002313415742581881,0.002961518821599902
3550,2,-9.399958179993229e-06,-2.73817530182813e-06,9.093854196340905e-05,0.0001995010939752748,-0.0002461044159621722,0.0009816351905639433,0.001977765040701289,0.002232464098000076
3550,3,0,0,0,0,0,0,0,0
3600,0,-2.124936158041583e-05,-1.017884553686072e-05,-0.00359965122046882,0.001532211811536734,-0.001039656814923275,-0.0001308625819503784,0.002854313029438615,0.004954879541108297
3600,1,-1.306822252863617e-05,-9.576381168449956e-06,-0.0001040843731864121,0.0003526976029691382,-0.001394709155853549,0.001156717796977704,0.002313415742581881,0.002961518821599902
3600,2,-9.399958179993229e-06,-2.73817530182813e-06,9.093854196340905e-05,0.0001995010939752748,-0.0002461044159621722,0.0009816351905639433,0.001977765040701289,0.002232464098000076
3600,3,0,0,0,0,0,0,0,0
3650,0,-2.124936158041583e-05,-1.017884553686072e-05,-0.00359965122046882,0.001532211811536734,-0.001039656814923275,-0.0001308625819503784,0.002854313029438615,0.004954879541108297
3650,1,-1.306822252863617e-05,-9.576381168449956e-06,-0.0001040843731864121,0.0003526976029691382,-0.001394709155853549,0.001156717796977704,0.002313415742581881,0.002961518821599902
3650,2,-9.399958179993229e-06,-2.73817530182813e-06,9.093854196340905e-05,0.0001995010939752748,-0.0002461044159621722,0.0009816351905639433,0.001977765040701289,0.002232464098000076
3650,3,0,0,0,0,0,0,0,0
3700,0,-2.124936158041583e-05,-1.017884553686072e-05,-0.00359965122046882,0.001532211811536734,-0.001039656814923275,-0.0001308625819503784,0.002854313029438615,0.004954879541108297
3700,1,-1.306822252863617e-05,-9.576381168449956e-06,-0.0001040843731864121,0.0003526976029691382,-0.001394709155853549,0.001156717796977704,0.002313415742581881,0.002961518821599902
3700,2,-9.399958179993229e-06,-2.73817530182813e-06,9.093854196340905e-05,0.0001995010939752748,-0.0002461044159621722,0.0009816351905639433,0.001977765040701289,0.002232464098000076
3700,3,0,0,0,0,0,0,0,0
3750,0,-2.124936158041583e-05,-1.017884553686072e-05,-0.00359965122046882,0.001532211811536734,-0.001039656814923275,-0.0001308625819503784,0.002854313029438615,0.004954879541108297
3750,1,-1.306822252863617e-05,-9.576381168449956e-06,-0.0001040843731864121,0.0003526976029691382,-0.001394709155853549,0.001156717796977704,0.002313415742581881,0.002961518821599902
3750,2,-9.399958179993229e-06,-2.73817530182813e-06,9.093854196340905e-05,0.0001995010939752748,-0.0002461044159621722,0.0009816351905639433,0.001977765040701289,0.002232464098000076
3750,3,0,0,0,0,0,0,0,0
3800,0,-2.124936158041583e-05,-1.017884553686072e-05,-0.00359965122046882,0.001532211811536734,-0.001039656814923275,-0.0001308625819503784,0.002854313029438615,0.004954879541108297
3800,1,-1.306822252863617e-05,-9.576381168449956e-06,-0.0001040843731864121,0.0003526976029691382,-0.001394709155853549,0.001156717796977704,0.002313415742581881,0.002961518821599902
3800,2,-9.399958179993229e-06,-2.73817530182813e-06,9.093854196340905e-05,0.0001995010939752748,-0.0002461044159621722,0.0009816351905639433,0.001977765040701289,0.002232464098000076
3800,3,0,0,0,0,0,0,0,0
3850,0,-2.124936158041583e-05,-1.017884553686072e-05,-0.00359965122046882,0.001532211811536734,-0.001039656814923275,-0.0001308625819503784,0.002854313029438615,0.004954879541108297
3850,1,-1.306822252863617e-05,-9.576381168449956e-06,-0.0001040843731864121,0.0003526976029691382,-0.001394709155853549,0.001156717796977704,0.002313415742581881,0.002961518821599902
3850,2,-9.399958179993229e-06,-2.73817530182813e-06,9.093854196340905e-05,0.0001995010939752748,-0.0002461044159621722,0.0009816351905639433,0.001977765040701289,0.002232464098000076
3850,3,0,0,0,0,0,0,0,0
3900,0,-2.124936158041583e-05,-1.017884553686072e-05,-0.00359965122046882,0.001532211811536734,-0.001039656814923275,-0.0001308625819503784,0.002854313029438615,0.004954879541108297
3900,1,-1.306822252863617e-05,-9.576381168449956e-06,-0.0001040843731864121,0.0003526976029691382,-0.001394709155853549,0.001156717796977704,0.002313415742581881,0.002961518821599902
3900,2,-9.399958179993229e-06,-2.73817530182813e-06,9.093854196340905e-05,0.0001995010939752748,-0.0002461044159621722,0.0009816351905639433,0.001977765040701289,0.002232464098000076
3900,3,0,0,0,0,0,0,0,0
3950,0,-2.124936158041583e-05,-1.017884553686072e-05,-0.00359965122046882,0.001532211811536734,-0.001039656814923275,-0.0001308625819503784,0.002854313029438615,0.004954879541108297
3950,1,-1.306822252863617e-05,-9.576381168449956e-06,-0.0001040843731864121,0.0003526976029691382,-0.001394709155853549,0.001156717796977704,0.002313415742581881,0.002961518821599902
3950,2,-9.399958179993229e-06,-2.73817530182813e-06,9.093854196340905e-05,0.0001995010939752748,-0.0002461044159621722,0.0009816351905639433,0.001977765040701289,0.002232464098000076
3950,3,0,0,0,0,0,0,0,0
4000,0,-2.124936158041583e-05,-1.017884553686072e-05,-0.00359965122046882,0.001532211811536734,-0.001039656814923275,-0.0001308625819503784,0.002854313029438615,0.004954879541108297
4000,1,-1.306822252863617e-05,-9.576381168449956e-06,-0.0001040843731864121,0.0003526976029691382,-0.001394709155853549,0.001156717796977704,0.002313415742581881,0.002961518821599902
4000,2,-9.399958179993229e-06,-2.73817530182813e-06,9.093854196340905e-05,0.0001995010939752748,-0.0002461044159621722,0.0009816351905639433,0.001977765040701289,0.002232464098000076
4000,3,0,0,0,0,0,0,0,0
4050,0,-2.124936158041583e-05,-1.017884553686072e-05,-0.00359965122046882,0.001532211811536734,-0.001039656814923275,-0.0001308625819503784,0.002854313029438615,0.004954879541108297
4050,1,-1.306822252863617e-05,-9.576381168449956e-06,-0.0001040843731864121,0.0003526976029691382,-0.001394709155853549,0.001156717796977704,0.002313415742581881,0.002961518821599902
4050,2,-9.399958179993229e-06,-2.73817530182813e-06,9.093854196340905e-05,0.0001995010939752748,-0.0002461044159621722,0.0009816351905639433,0.001977765040701289,0.002232464098000076
4050,3,0,0,0,0,0,0,0,0
4100,0,-2.124936158041583e-05,-1.017884553686072e-05,-0.00359965122046882,0.001532211811536734,-0.001039656814923275,-0.0001308625819503784,0.002854313029438615,0.004954879541108297
4100,1,-1.306822252863617e-05,-9.576381168449956e-06,-0.0001040843731864121,0.0003526976029691382,-0.001394709155853549,0.001156717796977704,0.002313415742581881,0.002961518821599902
4100,2,-9.399958179993229e-06,-2.73817530182813e-06,9.093854196340905e-05,0.0001995010939752748,-0.0002461044159621722,0.0009816351905639433,0.001977765040701289,0.002232464098000076
4100,3,0,0,0,0,0,0,0,0
4150,0,-2.124936158041583e-05,-1.017884553686072e-05,-0.00359965122046882,0.001532211811536734,-0.001039656814923275,-0.0001308625819503784,0.002854313029438615,0.004954879541108297
4150,1,-1.306822252863617e-05,-9.576381168449956e-06,-0.0001040843731864121,0.0003526976029691382,-0.001394709155853549,0.001156717796977704,0.002313415742581881,0.002961518821599902
4150,2,-9.399958179993229e-06,-2.73817530182813e-06,9.093854196340905e-05,0.0001995010939752748,-0.0002461044159621722,0.0009816351905639433,0.001977765040701289,0.002232464098000076
4150,3,0,0,0,0,0,0,0,0
4200,0,-2.124936158041583e-05,-1.017884553686072e-05,-0.00359965122046882,0.001532211811536734,-0.001039656814923275,-0.0001308625819503784,0.002854313029438615,0.004954879541108297
4200,1,-1.306822252863617e-05,-9.576381168449956e-06,-0.0001040843731864121,0.0003526976029691382,-0.001394709155853549,0.001156717796977704,0.002313415742581881,0.002961518821599902
4200,2,-9.399958179993229e-06,-2.73817530182813e-06,9.093854196340905e-05,0.0001995010939752748,-0.0002461044159621722,0.0009816351905639433,0.001977765040701289,0.002232464098000076
4200,3,0,0,0,0,0,0,0,0
4250,0,-2.124936158041583e-05,-1.017884553686072e-05,-0.00359965122046882,0.001532211811536734,-0.001039656814923275,-0.0001308625819503784,0.002854313029438615,0.004954879541108297
4250,1,-1.306822252863617e-05,-9.576381168449956e-06,-0.0001040843731864121,0.0003526976029691382,-0.001394709155853549,0.001156717796977704,0.002313415742581881,0.002961518821599902
4250,2,-9.399958179993229e-06,-2.73817530182813e-06,9.093854196340905e-05,0.0001995010939752748,-0.0002461044159621722,0.0009816351905639433,0.001977765040701289,0.002232464098000076
4250,3,0,0,0,0,0,0,0,0
4300,0,-2.124936158041583e-05,-1.017884553686072e-05,-0.00359965122046882,0.001532211811536734,-0.001039656814923275,-0.0001308625819503784,0.002854313029438615,0.004954879541108297
4300,1,-1.306822252863617e-05,-9.576381168449956e-06,-0.0001040843731864121,0.0003526976029691382,-0.001394709155853549,0.001156717796977704,0.002313415742581881,0.002961518821599902
4300,2,-9.399958179993229e-06,-2.73817530182813e-06,9.093854196340905e-05,0.0001995010939752748,-0.0002461044159621722,0.0009816351905639433,0.001977765040701289,0.002232464098000076
4300,3,0,0,0,0,0,0,0,0
4350,0,-2.124936158041583e-05,-1.017884553686072e-05,-0.00359965122046882,0.001532211811536734,-0.001039656814923275,-0.0001308625819503784,0.002854313029438615,0.004954879541108297
4350,1,-1.306822252863617e-05,-9.576381168449956e-06,-0.0001040843731864121,0.0003526976029691382,-0.001394709155853549,0.001156717796977704,0.002313415742581881,0.002961518821599902
4350,2,-9.399958179993229e-06,-2.73817530182813e-06,9.093854196340905e-05,0.0001995010939752748,-0.0002461044159621722,0.0009816351905639433,0.001977765040701289,0.002232464098000076
4350,3,0,0,0,0,0,0,0,0
4400,0,-2.124936158041583e-05,-1.017884553686072e-05,-0.00359965122046882,0.001532211811536734,-0.001039656814923275,-0.0001308625819503784,0.002854313029438615,0.004954879541108297
4400,1,-1.306822252863617e-05,-9.576381168449956e-06,-0.0001040843731864121,0.0003526976029691382,-0.001394709155853549,0.001156717796977704,0.002313415742581881,0.002961518821599902
4400,2,-9.399958179993229e-06,-2.73817530182813e-06,9.093854196340905e-05,0.0001995010939752748,-0.0002461044159621722,0.0009816351905639433,0.001977765040701289,0.002232464098000076
4400,3,0,0,0,0,0,0,0,0
4450,0,-2.124936158041583e-05,-1.017884553686072e-05,-0.00359965122046882,0.001532211811536734,-0.001039656814923275,-0.0001308625819503784,0.002854313029438615,0.004954879541108297
4450,1,-1.306822252863617e-05,-9.576381168449956e-06,-0.0001040843731864121,0.0003526976029691382,-0.001394709155853549,0.001156717796977704,0.002313415742581881,0.002961518821599902
4450,2,-9.399958179993229e-06,-2.73817530182813e-06,9.093854196340905e-05,0.0001995010939752748,-0.0002461044159621722,0.0009816351905639433,0.001977765040701289,0.002232464098000076
4450,3,0,0,0,0,0,0,0,0
4500,0,-2.124936158041583e-05,-1.017884553686072e-05,-0.00359965122046882,0.001532211811536734,-0.001039656814923275,-0.0001308625819503784,0.002854313029438615,0.004954879541108297
4500,1,-1.306822252863617e-05,-9.576381168449956e-06,-0.0001040843731864121,0.0003526976029691382,-0.001394709155853549,0.001156717796977704,0.002313415742581881,0.002961518821599902
4500,2,-9.399958179993229e-06,-2.73817530182813e-06,9.093854196340905e-05,0.0001995010939752748,-0.0002461044159621722,0.0009816351905639433,0.001977765040701289,0.002232464098000076
4500,3,0,0,0,0,0,0,0,0
4550,0,-2.124936158041583e-05,-1.017884553686072e-05,-0.00359965122046882,0.001532211811536734,-0.001039656814923275,-0.0001308625819503784,0.002854313029438615,0.004954879541108297
4550,1,-1.306822252863617e-05,-9.576381168449956e-06,-0.0001040843731864121,0.0003526976029691382,-0.001394709155853549,0.001156717796977704,0.002313415742581881,0.002961518821599902
4550,2,-9.399958179993229e-06,-2.73817530182813e-06,9.093854196340905e-05,0.0001995010939752748,-0.0002461044159621722,0.0009816351905639433,0.001977765040701289,0.002232464098000076
4550,3,0,0,0,0,0,0,0,0
4600,0,-2.124936158041583e-05,-1.017884553686072e-05,-0.00359965122046882,0.001532211811536734,-0.001039656814923275,-0.0001308625819503784,0.002854313029438615,0.004954879541108297
4600,1,-1.306822252863617e-05,-9.576381168449956e-06,-0.0001040843731864121,0.0003526976029691382,-0.001394709155853549,0.001156717796977704,0.002313415742581881,0.002961518821599902
4600,2,-9.399958179993229e-06,-2.73817530182813e-06,9.093854196340905e-05,0.0001995010939752748,-0.0002461044159621722,0.0009816351905639433,0.001977765040701289,0.002232464098000076
4600,3,0,0,0,0,0,0,0,0
4650,0,-2.124936158041583e-05,-1.017884553686072e-05,-0.00359965122046882,0.001532211811536734,-0.001039656814923275,-0.0001308625819503784,0.002854313029438615,0.004954879541108297
4650,1,-1.306822252863617e-05,-9.576381168449956e-06,-0.0001040843731864121,0.0003526976029691382,-0.001394709155853549,0.001156717796977704,0.002313415742581881,0.002961518821599902
4650,2,-9.399958179993229e-06,-2.73817530182813e-06,9.093854196340905e-05,0.0001995010939752748,-0.0002461044159621722,0.0009816351905639433,0.001977765040701289,0.002232464098000076
4650,3,0,0,0,0,0,0,0,0
4700,0,-2.124936158041583e-05,-1.017884553686072e-05,-0.00359965122046882,0.001532211811536734,-0.001039656814923275,-0.0001308625819503784,0.002854313029438615,0.004954879541108297
4700,1,-1.306822252863617e-05,-9.576381168449956e-06,-0.0001040843731864121,0.0003526976029691382,-0.001394709155853549,0.001156717796977704,0.002313415742581881,0.002961518821599902
4700,2,-9.399958179993229e-06,-2.73817530182813e-06,9.093854196340905e-05,0.0001995010939752748,-0.0002461044159621722,0.0009816351905639433,0.001977765040701289,0.002232464098000076
4700,3,0,0,0,0,0,0,0,0
4750,0,-2.124936158041583e-05,-1.017884553686072e-05,-0.00359965122046882,0.001532211811536734,-0.001039656814923275,-0.0001308625819503784,0.002854313029438615,0.004954879541108297
4750,1,-1.306822252863617e-05,-9.576381168449956e-06,-0.0001040843731864121,0.0003526976029691382,-0.001394709155853549,0.001156717796977704,0.002313415742581881,0.002961518821599902
4750,2,-9.399958179993229e-06,-2.73817530182813e-06,9.093854196340905e-05,0.0001995010939752748,-0.0002461044159621722,0.0009816351905639433,0.001977765040701289,0.002232464098000076
4750,3,0,0,0,0,0,0,0,0
4800,0,-2.124936158041583e-05,-1.017884553686072e-05,-0.00359965122046882,0.001532211811536734,-0.001039656814923275,-0.0001308625819503784,0.002854313029438615,0.004954879541108297
4800,1,-1.306822252863617e-05,-9.576381168449956e-06,-0.0001040843731864121,0.0003526976029691382,-0.001394709155853549,0.001156717796977704,0.002313415742581881,0.002961518821599902
4800,2,-9.399958179993229e-06,-2.73817530182813e-06,9.093854196340905e-05,0.0001995010939752748,-0.0002461044159621722,0.0009816351905639433,0.001977765040701289,0.002232464098000076
4800,3,0,0,0,0,0,0,0,0
4850,0,-2.124936158041583e-05,-1.017884553686072e-05,-0.00359965122046882,0.001532211811536734,-0.001039656814923275,-0.0001308625819503784,0.002854313029438615,0.004954879541108297
4850,1,-1.306822252863617e-05,-9.576381168449956e-06,-0.0001040843731864121,0.0003526976029691382,-0.001394709155853549,0.001156717796977704,0.002313415742581881,0.002961518821599902
4850,2,-9.399958179993229e-06,-2.73817530182813e-06,9.093854196340905e-05,0.0001995010939752748,-0.0002461044159621722,0.0009816351905639433,0.001977765040701289,0.002232464098000076
4850,3,0,0,0,0,0,0,0,0
4900,0,-2.124936158041583e-05,-1.017884553686072e-05,-0.00359965122046882,0.001532211811536734,-0.001039656814923275,-0.0001308625819503784,0.002854313029438615,0.004954879541108297
4900,1,-1.306822252863617e-05,-9.576381168449956e-06,-0.0001040843731864121,0.0003526976029691382,-0.001394709155853549,0.001156717796977704,0.002313415742581881,0.002961518821599902
4900,2,-9.399958179993229e-06,-2.73817530182813e-06,9.093854196340905e-05,0.0001995010939752748,-0.0002461044159621722,0.0009816351905639433,0.001977765040701289,0.002232464098000076
4900,3,0,0,0,0,0,0,0,0
4950,0,-2.124936158041583e-05,-1.017884553686072e-05,-0.00359965122046882,0.001532211811536734,-0.001039656814923275,-0.0001308625819503784,0.002854313029438615,0.004954879541108297
4950,1,-1.306822252863617e-05,-9.576381168449956e-06,-0.0001040843731864121,0.0003526976029691382,-0.001394709155853549,0.001156717796977704,0.002313415742581881,0.002961518821599902
4950,2,-9.399958179993229e-06,-2.73817530182813e-06,9.093854196340905e-05,0.0001995010939752748,-0.0002461044159621722,0.0009816351905639433,0.001977765040701289,0.002232464098000076
4950,3,0,0,0,0,0,0,0,0
5000,0,-2.124936158041583e-05,-1.017884553686072e-05,-0.00359965122046882,0.001532211811536734,-0.001039656814923275,-0.0001308625819503784,0.002854313029438615,0.004954879541108297
5000,1,-1.306822252863617e-05,-9.576381168449956e-06,-0.0001040843731864121,0.0003526976029691382,-0.001394709155853549,0.001156717796977704,0.002313415742581881,0.002961518821599902
5000,2,-9.399958179993229e-06,-2.73817530182813e-06,9.093854196340905e-05,0.0001995010939752748,-0.0002461044159621722,0.0009816351905639433,0.001977765040701289,0.002232464098000076
5000,3,0,0,0,0,0,0,0,0
5050,0,-2.124936158041583e-05,-1.017884553686072e-05,-0.00359965122046882,0.001532211811536734,-0.001039656814923275,-0.0001308625819503784,0.002854313029438615,0.004954879541108297
5050,1,-1.306822252863617e-05,-9.576381168449956e-06,-0.0001040843731864121,0.0003526976029691382,-0.001394709155853549,0.001156717796977704,0.002313415742581881,0.002961518821599902
5050,2,-9.399958179993229e-06,-2.73817530182813e-06,9.093854196340905e-05,0.0001995010939752748,-0.0002461044159621722,0.0009816351905639433,0.001977765040701289,0.002232464098000076
5050,3,0,0,0,0,0,0,0,0
5100,0,-2.124936158041583e-05,-1.017884553686072e-05,-0.00359965122046882,0.001532211811536734,-0.001039656814923275,-0.0001308625819503784,0.002854313029438615,0.004954879541108297
5100,1,-1.306822252863617e-05,-9.576381168449956e-06,-0.0001040843731864121,0.0003526976029691382,-0.001394709155853549,0.001156717796977704,0.002313415742581881,0.002961518821599902
5100,2,-9.399958179993229e-06,-2.73817530182813e-06,9.093854196340905e-05,0.0001995010939752748,-0.0002461044159621722,0.0009816351905639433,0.001977765040701289,0.002232464098000076
5100,3,0,0,0,0,0,0,0,0
5150,0,-2.124936158041583e-05,-1.017884553686072e-05,-0.00359965122046882,0.001532211811536734,-0.001039656814923275,-0.0001308625819503784,0.002854313029438615,0.004954879541108297
5150,1,-1.306822252863617e-05,-9.576381168449956e-06,-0.0001040843731864121,0.0003526976029691382,-0.001394709155853549,0.001156717796977704,0.002313415742581881,0.002961518821599902
5150,2,-9.399958179993229e-06,-2.73817530182813e-06,9.093854196340905e-05,0.0001995010939752748,-0.0002461044159621722,0.0009816351905639433,0.001977765040701289,0.002232464098000076
5150,3,0,0,0,0,0,0,0,0
5200,0,-2.124936158041583e-05,-1.017884553686072e-05,-0.00359965122046882,0.001532211811536734,-0.001039656814923275,-0.0001308625819503784,0.002854313029438615,0.004954879541108297
5200,1,-1.306822252863617e-05,-9.576381168449956e-06,-0.0001040843731864121,0.0003526976029691382,-0.001394709155853549,0.001156717796977704,0.002313415742581881,0.002961518821599902
5200,2,-9.399958179993229e-06,-2.73817530182813e-06,9.093854196340905e-05,0.0001995010939752748,-0.0002461044159621722,0.0009816351905639433,0.001977765040701289,0.002232464098000076
5200,3,0,0,0,0,0,0,0,0
5250,0,-2.124936158041583e-05,-1.017884553686072e-05,-0.00359965122046882,0.001532211811536734,-0.001039656814923275,-0.0001308625819503784,0.002854313029438615,0.004954879541108297
5250,1,-1.306822252863617e-05,-9.576381168449956e-06,-0.0001040843731864121,0.0003526976029691382,-0.001394709155853549,0.001156717796977704,0.002313415742581881,0.002961518821599902
5250,2,-9.399958179993229e-06,-2.73817530182813e-06,9.093854196340905e-05,0.0001995010939752748,-0.0002461044159621722,0.0009816351905639433,0.001977765040701289,0.002232464098000076
5250,3,0,0,0,0,0,0,0,0
5300,0,-2.124936158041583e-05,-1.017884553686072e-05,-0.00359965122046882,0.001532211811536734,-0.001039656814923275,-0.0001308625819503784,0.002854313029438615,0.004954879541108297
5300,1,-1.306822252863617e-05,-9.576381168449956e-06,-0.0001040843731864121,0.0003526976029691382,-0.001394709155853549,0.001156717796977704,0.002313415742581881,0.002961518821599902
5300,2,-9.399958179993229e-06,-2.73817530182813e-06,9.093854196340905e-05,0.0001995010939752748,-0.0002461044159621722,0.0009816351905639433,0.001977765040701289,0.002232464098000076
5300,3,0,0,0,0,0,0,0,0
5350,0,-2.124936158041583e-05,-1.017884553686072e-05,-0.00359965122046882,0.001532211811536734,-0.001039656814923275,-0.0001308625819503784,0.002854313029438615,0.004954879541108297
5350,1,-1.306822252863617e-05,-9.576381168449956e-06,-0.0001040843731864121,0.0003526976029691382,-0.001394709155853549,0.001156717796977704,0.002313415742581881,0.002961518821599902
5350,2,-9.399958179993229e-06,-2.73817530182813e-06,9.093854196340905e-05,0.0001995010939752748,-0.0002461044159621722,0.0009816351905639433,0.001977765040701289,0.002232464098000076
5350,3,0,0,0,0,0,0,0,0
5400,0,-2.124936158041583e-05,-1.017884553686072e-05,-0.00359965122046882,0.001532211811536734,-0.001039656814923275,-0.0001308625819503784,0.002854313029438615,0.004954879541108297
5400,1,-1.306822252863617e-05,-9.576381168449956e-06,-0.0001040843731864121,0.0003526976029691382,-0.001394709155853549,0.001156717796977704,0.002313415742581881,0.002961518821599902
5400,2,-9.399958179993229e-06,-2.73817530182813e-06,9.093854196340905e-05,0.0001995010939752748,-0.0002461044159621722,0.0009816351905639433,0.001977765040701289,0.002232464098000076
5400,3,0,0,0,0,0,0,0,0
5450,0,-2.124936158041583e-05,-1.017884553686072e-05,-0.00359965122046882,0.001532211811536734,-0.001039656814923275,-0.0001308625819503784,0.002854313029438615,0.004954879541108297
5450,1,-1.306822252863617e-05,-9.576381168449956e-06,-0.0001040843731864121,0.0003526976029691382,-0.001394709155853549,0.001156717796977704,0.002313415742581881,0.002961518821599902
5450,2,-9.399958179993229e-06,-2.73817530182813e-06,9.093854196340905e-05,0.0001995010939752748,-0.0002461044159621722,0.0009816351905639433,0.001977765040701289,0.002232464098000076
5450,3,0,0,0,0,0,0,0,0
5500,0,-2.124936158041583e-05,-1.017884553686072e-05,-0.00359965122046882,0.001532211811536734,-0.001039656814923275,-0.0001308625819503784,0.002854313029438615,0.004954879541108297
5500,1,-1.306822252863617e-05,-9.576381168449956e-06,-0.0001040843731864121,0.0003526976029691382,-0.001394709155853549,0.001156717796977704,0.002313415742581881,0.002961518821599902
5500,2,-9.399958179993229e-06,-2.73817530182813e-06,9.093854196340905e-05,0.0001995010939752748,-0.0002461044159621722,0.0009816351905639433,0.001977765040701289,0.002232464098000076
5500,3,0,0,0,0,0,0,0,0
5550,0,-2.124936158041583e-05,-1.017884553686072e-05,-0.00359965122046882,0.001532211811536734,-0.001039656814923275,-0.0001308625819503784,0.002854313029438615,0.004954879541108297
5550,1,-1.306822252863617e-05,-9.576381168449956e-06,-0.0001040843731864121,0.0003526976029691382,-0.001394709155853549,0.001156717796977704,0.002313415742581881,0.002961518821599902
5550,2,-9.399958179993229e-06,-2.73817530182813e-06,9.093854196340905e-05,0.0001995010939752748,-0.0002461044159621722,0.0009816351905639433,0.001977765040701289,0.002232464098000076
5550,3,0,0,0,0,0,0,0,0
5600,0,-2.124936158041583e-05,-1.017884553686072e-05,-0.00359965122046882,0.001532211811536734,-0.001039656814923275,-0.0001308625819503784,0.002854313029438615,0.004954879541108297
5600,1,-1.306822252863617e-05,-9.576381168449956e-06,-0.0001040843731864121,0.0003526976029691382,-0.001394709155853549,0.001156717796977704,0.002313415742581881,0.002961518821599902
5600,2,-9.399958179993229e-06,-2.73817530182813e-06,9.093854196340905e-05,0.0001995010939752748,-0.0002461044159621722,0.0009816351905639433,0.001977765040701289,0.002232464098000076
5600,3,0,0,0,0,0,0,0,0
5650,0,-2.124936158041583e-05,-1.017884553686072e-05,-0.00359965122046882,0.001532211811536734,-0.001039656814923275,-0.0001308625819503784,0.002854313029438615,0.004954879541108297
5650,1,-1.306822252863617e-05,-9.576381168449956e-06,-0.0001040843731864121,0.0003526976029691382,-0.001394709155853549,0.001156717796977704,0.002313415742581881,0.002961518821599902
5650,2,-9.399958179993229e-06,-2.73817530182813e-06,9.093854196340905e-05,0.0001995010939752748,-0.0002461044159621722,0.0009816351905639433,0.001977765040701289,0.002232464098000076
5650,3,0,0,0,0,0,0,0,0
5700,0,-2.124936158041583e-05,-1.017884553686072e-05,-0.00359965122046882,0.001532211811536734,-0.001039656814923275,-0.0001308625819503784,0.002854313029438615,0.004954879541108297
5700,1,-1.306822252863617e-05,-9.576381168449956e-06,-0.0001040843731864121,0.0003526976029691382,-0.001394709155853549,0.001156717796977704,0.002313415742581881,0.002961518821599902
5700,2,-9.399958179993229e-06,-2.73817530182813e-06,9.093854196340905e-05,0.0001995010939752748,-0.0002461044159621722,0.0009816351905639433,0.001977765040701289,0.002232464098000076
5700,3,0,0,0,0,0,0,0,0
5750,0,-2.124936158041583e-05,-1.017884553686072e-05,-0.00359965122046882,0.001532211811536734,-0.001039656814923275,-0.0001308625819503784,0.002854313029438615,0.004954879541108297
5750,1,-1.306822252863617e-05,-9.576381168449956e-06,-0.0001040843731864121,0.0003526976029691382,-0.001394709155853549,0.001156717796977704,0.002313415742581881,0.002961518821599902
5750,2,-9.399958179993229e-06,-2.73817530182813e-06,9.093854196340905e-05,0.0001995010939752748,-0.0002461044159621722,0.0009816351905639433,0.001977765040701289,0.002232464098000076
5750,3,0,0,0,0,0,0,0,0
5800,0,-2.124936158041583e-05,-1.017884553686072e-05,-0.00359965122046882,0.001532211811536734,-0.001039656814923275,-0.0001308625819503784,0.002854313029438615,0.004954879541108297
5800,1,-1.306822252863617e-05,-9.576381168449956e-06,-0.0001040843731864121,0.0003526976029691382,-0.001394709155853549,0.001156717796977704,0.002313415742581881,0.002961518821599902
5800,2,-9.399958179993229e-06,-2.73817530182813e-06,9.093854196340905e-05,0.0001995010939752748,-0.0002461044159621722,0.0009816351905639433,0.001977765040701289,0.002232464098000076
5800,3,0,0,0,0,0,0,0,0
5850,0,-2.124936158041583e-05,-1.017884553686072e-05,-0.00359965122046882,0.001532211811536734,-0.001039656814923275,-0.0001308625819503784,0.002854313029438615,0.004954879541108297
5850,1,-1.306822252863617e-05,-9.576381168449956e-06,-0.0001040843731864121,0.0003526976029691382,-0.001394709155853549,0.001156717796977704,0.002313415742581881,0.002961518821599902
5850,2,-9.399958179993229e-06,-2.73817530182813e-06,9.093854196340905e-05,0.0001995010939752748,-0.0002461044159621722,0.0009816351905639433,0.001977765040701289,0.002232464098000076
5850,3,0,0,0,0,0,0,0,0
5900,0,-2.124936158041583e-05,-1.017884553686072e-05,-0.00359965122046882,0.001532211811536734,-0.001039656814923275,-0.0001308625819503784,0.002854313029438615,0.004954879541108297
5900,1,-1.306822252863617e-05,-9.576381168449956e-06,-0.0001040843731864121,0.0003526976029691382,-0.001394709155853549,0.001156717796977704,0.002313415742581881,0.002961518821599902
5900,2,-9.399958179993229e-06,-2.73817530182813e-06,9.093854196340905e-05,0.0001995010939752748,-0.0002461044159621722,0.0009816351905639433,0.001977765040701289,0.002232464098000076
5900,3,0,0,0,0,0,0,0,0
5950,0,-2.124936158041583e-05,-1.017884553686072e-05,-0.00359965122046882,0.001532211811536734,-0.001039656814923275,-0.0001308625819503784,0.002854313029438615,0.004954879541108297
5950,1,-1.306822252863617e-05,-9.576381168449956e-06,-0.0001040843731864121,0.0003526976029691382,-0.001394709155853549,0.001156717796977704,0.002313415742581881,0.002961518821599902
5950,2,-9.399958179993229e-06,-2.73817530182813e-06,9.093854196340905e-05,0.0001995010939752748,-0.0002461044159621722,0.0009816351905639433,0.001977765040701289,0.002232464098000076
5950,3,0,0,0,0,0,0,0,0
6000,0,-2.124936158041583e-05,-1.017884553686072e-05,-0.00359965122046882,0.001532211811536734,-0.001039656814923275,-0.0001308625819503784,0.002854313029438615,0.004954879541108297
6000,1,-1.306822252863617e-05,-9.576381168449956e-06,-0.0001040843731864121,0.0003526976029691382,-0.001394709155853549,0.001156717796977704,0.002313415742581881,0.002961518821599902
6000,2,-9.399958179993229e-06,-2.73817530182813e-06,9.093854196340905e-05,0.0001995010939752748,-0.0002461044159621722,0.0009816351905639433,0.001977765040701289,0.002232464098000076
6000,3,0,0,0,0,0,0,0,0
6050,0,-2.124936158041583e-05,-1.017884553686072e-05,-0.00359965122046882,0.001532211811536734,-0.001039656814923275,-0.0001308625819503784,0.002854313029438615,0.004954879541108297
6050,1,-1.306822252863617e-05,-9.576381168449956e-06,-0.0001040843731864121,0.0003526976029691382,-0.001394709155853549,0.001156717796977704,0.002313415742581881,0.002961518821599902
6050,2,-9.399958179993229e-06,-2.73817530182813e-06,9.093854196340905e-05,0.0001995010939752748,-0.0002461044159621722,0.0009816351905639433,0.001977765040701289,0.002232464098000076
6050,3,0,0,0,0,0,0,0,0
6100,0,-2.124936158041583e-05,-1.017884553686072e-05,-0.00359965122046882,0.001532211811536734,-0.001039656814923275,-0.0001308625819503784,0.002854313029438615,0.004954879541108297
6100,1,-1.306822252863617e-05,-9.576381168449956e-06,-0.0001040843731864121,0.0003526976029691382,-0.001394709155853549,0.001156717796977704,0.002313415742581881,0.002961518821599902
6100,2,-9.399958179993229e-06,-2.73817530182813e-06,9.093854196340905e-05,0.0001995010939752748,-0.0002461044159621722,0.0009816351905639433,0.001977765040701289,0.002232464098000076
6100,3,0,0,0,0,0,0,0,0
6150,0,-2.124936158041583e-05,-1.017884553686072e-05,-0.00359965122046882,0.001532211811536734,-0.001039656814923275,-0.0001308625819503784,0.002854313029438615,0.004954879541108297
6150,1,-1.306822252863617e-05,-9.576381168449956e-06,-0.0001040843731864121,0.0003526976029691382,-0.001394709155853549,0.001156717796977704,0.002313415742581881,0.002961518821599902
6150,2,-9.399958179993229e-06,-2.73817530182813e-06,9.093854196340905e-05,0.0001995010939752748,-0.0002461044159621722,0.0009816351905639433,0.001977765040701289,0.002232464098000076
6150,3,0,0,0,0,0,0,0,0
6200,0,-2.124936158041583e-05,-1.017884553686072e-05,-0.00359965122046882,0.001532211811536734,-0.001039656814923275,-0.0001308625819503784,0.002854313029438615,0.004954879541108297
6200,1,-1.306822252863617e-05,-9.576381168449956e-06,-0.0001040843731864121,0.0003526976029691382,-0.001394709155853549,0.001156717796977704,0.002313415742581881,0.002961518821599902
6200,2,-9.399958179993229e-06,-2.73817530182813e-06,9.093854196340905e-05,0.0001995010939752748,-0.0002461044159621722,0.0009816351905639433,0.001977765040701289,0.002232464098000076
6200,3,0,0,0,0,0,0,0,0
6250,0,-2.124936158041583e-05,-1.017884553686072e-05,-0.00359965122046882,0.001532211811536734,-0.001039656814923275,-0.0001308625819503784,0.002854313029438615,0.004954879541108297
6250,1,-1.306822252863617e-05,-9.576381168449956e-06,-0.0001040843731864121,0.0003526976029691382,-0.001394709155853549,0.001156717796977704,0.002313415742581881,0.002961518821599902
6250,2,-9.399958179993229e-06,-2.73817530182813e-06,9.093854196340905e-05,0.0001995010939752748,-0.0002461044159621722,0.0009816351905639433,0.001977765040701289,0.002232464098000076
6250,3,0,0,0,0,0,0,0,0
6300,0,-2.124936158041583e-05,-1.017884553686072e-05,-0.00359965122046882,0.001532211811536734,-0.001039656814923275,-0.0001308625819503784,0.002854313029438615,0.004954879541108297
6300,1,-1.306822252863617e-05,-9.576381168449956e-06,-0.0001040843731864121,0.0003526976029691382,-0.001394709155853549,0.001156717796977704,0.002313415742581881,0.002961518821599902
6300,2,-9.399958179993229e-06,-2.73817530182813e-06,9.093854196340905e-05,0.0001995010939752748,-0.0002461044159621722,0.0009816351905639433,0.001977765040701289,0.002232464098000076
6300,3,0,0,0,0,0,0,0,0
6350,0,-2.124936158041583e-05,-1.017884553686072e-05,-0.00359965122046882,0.001532211811536734,-0.001039656814923275,-0.0001308625819503784,0.002854313029438615,0.004954879541108297
6350,1,-1.306822252863617e-05,-9.576381168449956e-06,-0.0001040843731864121,0.0003526976029691382,-0.001394709155853549,0.001156717796977704,0.002313415742581881,0.002961518821599902
6350,2,-9.399958179993229e-06,-2.73817530182813e-06,9.093854196340905e-05,0.0001995010939752748,-0.0002461044159621722,0.0009816351905639433,0.001977765040701289,0.002232464098000076
6350,3,0,0,0,0,0,0,0,0
6400,0,-2.124936158041583e-05,-1.017884553686072e-05,-0.00359965122046882,0.001532211811536734,-0.001039656814923275,-0.0001308625819503784,0.002854313029438615,0.004954879541108297
6400,1,-1.306822252863617e-05,-9.576381168449956e-06,-0.0001040843731864121,0.0003526976029691382,-0.001394709155853549,0.001156717796977704,0.002313415742581881,0.002961518821599902
6400,2,-9.399958179993229e-06,-2.73817530182813e-06,9.093854196340905e-05,0.0001995010939752748,-0.0002461044159621722,0.0009816351905639433,0.001977765040701289,0.002232464098000076
6400,3,0,0,0,0,0,0,0,0
6450,0,-2.124936158041583e-05,-1.017884553686072e-05,-0.00359965122046882,0.001532211811536734,-0.001039656814923275,-0.0001308625819503784,0.002854313029438615,0.004954879541108297
6450,1,-1.306822252863617e-05,-9.576381168449956e-06,-0.0001040843731864121,0.0003526976029691382,-0.001394709155853549,0.001156717796977704,0.002313415742581881,0.002961518821599902
6450,2,-9.399958179993229e-06,-2.73817530182813e-06,9.093854196340905e-05,0.0001995010939752748,-0.0002461044159621722,0.0009816351905639433,0.001977765040701289,0.002232464098000076
6450,3,0,0,0,0,0,0,0,0
6500,0,-2.124936158041583e-05,-1.017884553686072e-05,-0.00359965122046882,0.001532211811536734,-0.001039656814923275,-0.0001308625819503784,0.002854313029438615,0.004954879541108297
6500,1,-1.306822252863617e-05,-9.576381168449956e-06,-0.0001040843731864121,0.0003526976029691382,-0.001394709155853549,0.001156717796977704,0.002313415742581881,0.002961518821599902
6500,2,-9.399958179993229e-06,-2.73817530182813e-06,9.093854196340905e-05,0.0001995010939752748,-0.0002461044159621722,0.0009816351905639433,0.001977765040701289,0.002232464098000076
6500,3,0,0,0,0,0,0,0,0
6550,0,-2.124936158041583e-05,-1.017884553686072e-05,-0.00359965122046882,0.001532211811536734,-0.001039656814923275,-0.0001308625819503784,0.002854313029438615,0.004954879541108297
6550,1,-1.306822252863617e-05,-9.576381168449956e-06,-0.0001040843731864121,0.0003526976029691382,-0.001394709155853549,0.001156717796977704,0.002313415742581881,0.002961518821599902
6550,2,-9.399958179993229e-06,-2.73817530182813e-06,9.093854196340905e-05,0.0001995010939752748,-0.0002461044159621722,0.0009816351905639433,0.001977765040701289,0.002232464098000076
6550,3,0,0,0,0,0,0,0,0
6600,0,-2.124936158041583e-05,-1.017884553686072e-05,-0.00359965122046882,0.001532211811536734,-0.001039656814923275,-0.0001308625819503784,0.002854313029438615,0.004954879541108297
6600,1,-1.306822252863617e-05,-9.576381168449956e-06,-0.0001040843731864121,0.0003526976029691382,-0.001394709155853549,0.001156717796977704,0.002313415742581881,0.002961518821599902
6600,2,-9.399958179993229e-06,-2.73817530182813e-06,9.093854196340905e-05,0.0001995010939752748,-0.0002461044159621722,0.0009816351905639433,0.001977765040701289,0.002232464098000076
6600,3,0,0,0,0,0,0,0,0
6650,0,-2.124936158041583e-05,-1.017884553686072e-05,-0.00359965122046882,0.001532211811536734,-0.001039656814923275,-0.0001308625819503784,0.002854313029438615,0.004954879541108297
6650,1,-1.306822252863617e-05,-9.576381168449956e-06,-0.0001040843731864121,0.0003526976029691382,-0.001394709155853549,0.001156717796977704,0.002313415742581881,0.002961518821599902
6650,2,-9.399958179993229e-06,-2.73817530182813e-06,9.093854196340905e-05,0.0001995010939752748,-0.0002461044159621722,0.0009816351905639433,0.001977765040701289,0.002232464098000076
6650,3,0,0,0,0,0,0,0,0
6700,0,-2.124936158041583e-05,-1.017884553686072e-05,-0.00359965122046882,0.001532211811536734,-0.001039656814923275,-0.0001308625819503784,0.002854313029438615,0.004954879541108297
6700,1,-1.306822252863617e-05,-9.576381168449956e-06,-0.0001040843731864121,0.0003526976029691382,-0.001394709155853549,0.001156717796977704,0.002313415742581881,0.002961518821599902
6700,2,-9.399958179993229e-06,-2.73817530182813e-06,9.093854196340905e-05,0.0001995010939752748,-0.0002461044159621722,0.0009816351905639433,0.001977765040701289,0.002232464098000076
6700,3,0,0,0,0,0,0,0,0
6750,0,-2.124936158041583e-05,-1.017884553686072e-05,-0.00359965122046882,0.001532211811536734,-0.001039656814923275,-0.0001308625819503784,0.002854313029438615,0.004954879541108297
6750,1,-1.306822252863617e-05,-9.576381168449956e-06,-0.0001040843731864121,0.0003526976029691382,-0.001394709155853549,0.001156717796977704,0.002313415742581881,0.002961518821599902
6750,2,-9.399958179993229e-06,-2.73817530182813e-06,9.093854196340905e-05,0.0001995010939752748,-0.0002461044159621722,0.0009816351905639433,0.001977765040701289,0.002232464098000076
6750,3,0,0,0,0,0,0,0,0
6800,0,-2.124936158041583e-05,-1.017884553686072e-05,-0.00359965122046882,0.001532211811536734,-0.001039656814923275,-0.0001308625819503784,0.002854313029438615,0.004954879541108297
6800,1,-1.306822252863617e-05,-9.576381168449956e-06,-0.0001040843731864121,0.0003526976029691382,-0.001394709155853549,0.001156717796977704,0.002313415742581881,0.002961518821599902
6800,2,-9.399958179993229e-06,-2.73817530182813e-06,9.093854196340905e-05,0.0001995010939752748,-0.0002461044159621722,0.0009816351905639433,0.001977765040701289,0.002232464098000076
6800,3,0,0,0,0,0,0,0,0
6850,0,-2.124936158041583e-05,-1.017884553686072e-05,-0.00359965122046882,0.001532211811536734,-0.001039656814923275,-0.0001308625819503784,0.002854313029438615,0.004954879541108297
6850,1,-1.306822252863617e-05,-9.576381168449956e-06,-0.0001040843731864121,0.0003526976029691382,-0.001394709155853549,0.001156717796977704,0.002313415742581881,0.002961518821599902
6850,2,-9.399958179993229e-06,-2.73817530182813e-06,9.093854196340905e-05,0.0001995010939752748,-0.0002461044159621722,0.0009816351905639433,0.001977765040701289,0.002232464098000076
6850,3,0,0,0,0,0,0,0,0
6900,0,-2.124936158041583e-05,-1.017884553686072e-05,-0.00359965122046882,0.001532211811536734,-0.001039656814923275,-0.0001308625819503784,0.002854313029438615,0.004954879541108297
6900,1,-1.306822252863617e-05,-9.576381168449956e-06,-0.0001040843731864121,0.0003526976029691382,-0.001394709155853549,0.001156717796977704,0.002313415742581881,0.002961518821599902
6900,2,-9.399958179993229e-06,-2.73817530182813e-06,9.093854196340905e-05,0.0001995010939752748,-0.0002461044159621722,0.0009816351905639433,0.001977765040701289,0.002232464098000076
6900,3,0,0,0,0,0,0,0,0
6950,0,-2.124936158041583e-05,-1.017884553686072e-05,-0.00359965122046882,0.001532211811536734,-0.001039656814923275,-0.0001308625819503784,0.002854313029438615,0.004954879541108297
6950,1,-1.306822252863617e-05,-9.576381168449956e-06,-0.0001040843731864121,0.0003526976029691382,-0.001394709155853549,0.001156717796977704,0.002313415742581881,0.002961518821599902
6950,2,-9.399958179993229e-06,-2.73817530182813e-06,9.093854196340905e-05,0.0001995010939752748,-0.0002461044159621722,0.0009816351905639433,0.001977765040701289,0.002232464098000076
6950,3,0,0,0,0,0,0,0,0
7000,0,-2.124936158041583e-05,-1.017884553686072e-05,-0.00359965122046882,0.001532211811536734,-0.001039656814923275,-0.0001308625819503784,0.002854313029438615,0.004954879541108297
7000,1,-1.306822252863617e-05,-9.576381168449956e-06,-0.0001040843731864121,0.0003526976029691382,-0.001394709155853549,0.001156717796977704,0.002313415742581881,0.002961518821599902
7000,2,-9.399958179993229e-06,-2.73817530182813e-06,9.093854196340905e-05,0.0001995010939752748,-0.0002461044159621722,0.0009816351905639433,0.001977765040701289,0.002232464098000076
7000,3,0,0,0,0,0,0,0,0
7050,0,-2.124936158041583e-05,-1.017884553686072e-05,-0.00359965122046882,0.001532211811536734,-0.001039656814923275,-0.0001308625819503784,0.002854313029438615,0.004954879541108297
7050,1,-1.306822252863617e-05,-9.576381168449956e-06,-0.0001040843731864121,0.0003526976029691382,-0.001394709155853549,0.001156717796977704,0.002313415742581881,0.002961518821599902
7050,2,-9.399958179993229e-06,-2.73817530182813e-06,9.093854196340905e-05,0.0001995010939752748,-0.0002461044159621722,0.0009816351905639433,0.001977765040701289,0.002232464098000076
7050,3,0,0,0,0,0,0,0,0
7100,0,-2.124936158041583e-05,-1.017884553686072e-05,-0.00359965122046882,0.001532211811536734,-0.001039656814923275,-0.0001308625819503784,0.002854313029438615,0.004954879541108297
7100,1,-1.306822252863617e-05,-9.576381168449956e-06,-0.0001040843731864121,0.0003526976029691382,-0.001394709155853549,0.001156717796977704,0.002313415742581881,0.002961518821599902
7100,2,-9.399958179993229e-06,-2.73817530182813e-06,9.093854196340905e-05,0.0001995010939752748,-0.0002461044159621722,0.0009816351905639433,0.001977765040701289,0.002232464098000076
7100,3,0,0,0,0,0,0,0,0
7150,0,-2.124936158041583e-05,-1.017884553686072e-05,-0.00359965122046882,0.001532211811536734,-0.001039656814923275,-0.0001308625819503784,0.002854313029438615,0.004954879541108297
7150,1,-1.306822252863617e-05,-9.576381168449956e-06,-0.0001040843731864121,0.0003526976029691382,-0.001394709155853549,0.001156717796977704,0.002313415742581881,0.002961518821599902
7150,2,-9.399958179993229e-06,-2.73817530182813e-06,9.093854196340905e-05,0.0001995010939752748,-0.0002461044159621722,0.0009816351905639433,0.001977765040701289,0.002232464098000076
7150,3,0,0,0,0,0,0,0,0
7200,0,-2.124936158041583e-05,-1.017884553686072e-05,-0.00359965122046882,0.001532211811536734,-0.001039656814923275,-0.0001308625819503784,0.002854313029438615,0.004954879541108297
7200,1,-1.306822252863617e-05,-9.576381168449956e-06,-0.0001040843731864121,0.0003526976029691382,-0.001394709155853549,0.001156717796977704,0.002313415742581881,0.002961518821599902
7200,2,-9.399958179993229e-06,-2.73817530182813e-06,9.093854196340905e-05,0.0001995010939752748,-0.0002461044159621722,0.0009816351905639433,0.001977765040701289,0.002232464098000076
7200,3,0,0,0,0,0,0,0,0
7250,0,-2.124936158041583e-05,-1.017884553686072e-05,-0.00359965122046882,0.001532211811536734,-0.001039656814923275,-0.0001308625819503784,0.002854313029438615,0.004954879541108297
7250,1,-1.306822252863617e-05,-9.576381168449956e-06,-0.0001040843731864121,0.0003526976029691382,-0.001394709155853549,0.001156717796977704,0.002313415742581881,0.002961518821599902
7250,2,-9.399958179993229e-06,-2.73817530182813e-06,9.093854196340905e-05,0.0001995010939752748,-0.0002461044159621722,0.0009816351905639433,0.001977765040701289,0.002232464098000076
7250,3,0,0,0,0,0,0,0,0
7300,0,-2.124936158041583e-05,-1.017884553686072e-05,-0.00359965122046882,0.001532211811536734,-0.001039656814923275,-0.0001308625819503784,0.002854313029438615,0.004954879541108297
7300,1,-1.306822252863617e-05,-9.576381168449956e-06,-0.0001040843731864121,0.0003526976029691382,-0.001394709155853549,0.001156717796977704,0.002313415742581881,0.002961518821599902
7300,2,-9.399958179993229e-06,-2.73817530182813e-06,9.093854196340905e-05,0.0001995010939752748,-0.0002461044159621722,0.0009816351905639433,0.001977765040701289,0.002232464098000076
7300,3,0,0,0,0,0,0,0,0
7350,0,-2.124936158041583e-05,-1.017884553686072e-05,-0.00359965122046882,0.001532211811536734,-0.001039656814923275,-0.0001308625819503784,0.002854313029438615,0.004954879541108297
7350,1,-1.306822252863617e-05,-9.576381168449956e-06,-0.0001040843731864121,0.0003526976029691382,-0.001394709155853549,0.001156717796977704,0.002313415742581881,0.002961518821599902
7350,2,-9.399958179993229e-06,-2.73817530182813e-06,9.093854196340905e-05,0.0001995010939752748,-0.0002461044159621722,0.0009816351905639433,0.001977765040701289,0.002232464098000076
7350,3,0,0,0,0,0,0,0,0
7400,0,-2.124936158041583e-05,-1.017884553686072e-05,-0.00359965122046882,0.001532211811536734,-0.001039656814923275,-0.0001308625819503784,0.002854313029438615,0.004954879541108297
7400,1,-1.306822252863617e-05,-9.576381168449956e-06,-0.0001040843731864121,0.0003526976029691382,-0.001394709155853549,0.001156717796977704,0.002313415742581881,0.002961518821599902
7400,2,-9.399958179993229e-06,-2.73817530182813e-06,9.093854196340905e-05,0.0001995010939752748,-0.0002461044159621722,0.0009816351905639433,0.001977765040701289,0.002232464098000076
7400,3,0,0,0,0,0,0,0,0
7450,0,-2.124936158041583e-05,-1.017884553686072e-05,-0.00359965122046882,0.001532211811536734,-0.001039656814923275,-0.0001308625819503784,0.002854313029438615,0.004954879541108297
7450,1,-1.306822252863617e-05,-9.576381168449956e-06,-0.0001040843731864121,0.0003526976029691382,-0.001394709155853549,0.001156717796977704,0.002313415742581881,0.002961518821599902
7450,2,-9.399958179993229e-06,-2.73817530182813e-06,9.093854196340905e-05,0.0001995010939752748,-0.0002461044159621722,0.0009816351905639433,0.001977765040701289,0.002232464098000076
7450,3,0,0,0,0,0,0,0,0
7500,0,-2.124936158041583e-05,-1.017884553686072e-05,-0.00359965122046882,0.001532211811536734,-0.001039656814923275,-0.0001308625819503784,0.002854313029438615,0.004954879541108297
7500,1,-1.306822252863617e-05,-9.576381168449956e-06,-0.0001040843731864121,0.0003526976029691382,-0.001394709155853549,0.001156717796977704,0.002313415742581881,0.002961518821599902
7500,2,-9.399958179993229e-06,-2.73817530182813e-06,9.093854196340905e-05,0.0001995010939752748,-0.0002461044159621722,0.0009816351905639433,0.001977765040701289,0.002232464098000076
7500,3,0,0,0,0,0,0,0,0
7550,0,-2.124936158041583e-05,-1.017884553686072e-05,-0.00359965122046882,0.001532211811536734,-0.001039656814923275,-0.0001308625819503784,0.002854313029438615,0.004954879541108297
7550,1,-1.306822252863617e-05,-9.576381168449956e-06,-0.0001040843731864121,0.0003526976029691382,-0.001394709155853549,0.001156717796977704,0.002313415742581881,0.002961518821599902
7550,2,-9.399958179993229e-06,-2.73817530182813e-06,9.093854196340905e-05,0.0001995010939752748,-0.0002461044159621722,0.0009816351905639433,0.001977765040701289,0.002232464098000076
7550,3,0,0,0,0,0,0,0,0
7600,0,-2.124936158041583e-05,-1.017884553686072e-05,-0.00359965122046882,0.001532211811536734,-0.001039656814923275,-0.0001308625819503784,0.002854313029438615,0.004954879541108297
7600,1,-1.306822252863617e-05,-9.576381168449956e-06,-0.0001040843731864121,0.0003526976029691382,-0.001394709155853549,0.001156717796977704,0.002313415742581881,0.002961518821599902
7600,2,-9.399958179993229e-06,-2.73817530182813e-06,9.093854196340905e-05,0.0001995010939752748,-0.0002461044159621722,0.0009816351905639433,0.001977765040701289,0.002232464098000076
7600,3,0,0,0,0,0,0,0,0
7650,0,-2.124936158041583e-05,-1.017884553686072e-05,-0.00359965122046882,0.001532211811536734,-0.001039656814923275,-0.0001308625819503784,0.002854313029438615,0.004954879541108297
7650,1,-1.306822252863617e-05,-9.576381168449956e-06,-0.0001040843731864121,0.0003526976029691382,-0.001394709155853549,0.001156717796977704,0.002313415742581881,0.002961518821599902
7650,2,-9.399958179993229e-06,-2.73817530182813e-06,9.093854196340905e-05,0.0001995010939752748,-0.0002461044159621722,0.0009816351905639433,0.001977765040701289,0.002232464098000076
7650,3,0,0,0,0,0,0,0,0
7700,0,-2.124936158041583e-05,-1.017884553686072e-05,-0.00359965122046882,0.001532211811536734,-0.001039656814923275,-0.0001308625819503784,0.002854313029438615,0.004954879541108297
7700,1,-1.306822252863617e-05,-9.576381168449956e-06,-0.0001040843731864121,0.0003526976029691382,-0.001394709155853549,0.001156717796977704,0.002313415742581881,0.002961518821599902
7700,2,-9.399958179993229e-06,-2.73817530182813e-06,9.093854196340905e-05,0.0001995010939752748,-0.0002461044159621722,0.0009816351905639433,0.001977765040701289,0.002232464098000076
7700,3,0,0,0,0,0,0,0,0
7750,0,-2.124936158041583e-05,-1.017884553686072e-05,-0.00359965122046882,0.001532211811536734,-0.001039656814923275,-0.0001308625819503784,0.002854313029438615,0.004954879541108297
7750,1,-1.306822252863617e-05,-9.576381168449956e-06,-0.0001040843731864121,0.0003526976029691382,-0.001394709155853549,0.001156717796977704,0.002313415742581881,0.002961518821599902
7750,2,-9.399958179993229e-06,-2.73817530182813e-06,9.093854196340905e-05,0.0001995010939752748,-0.0002461044159621722,0.0009816351905639433,0.001977765040701289,0.002232464098000076
7750,3,0,0,0,0,0,0,0,0
7800,0,-2.124936158041583e-05,-1.017884553686072e-05,-0.00359965122046882,0.001532211811536734,-0.001039656814923275,-0.0001308625819503784,0.002854313029438615,0.004954879541108297
7800,1,-1.306822252863617e-05,-9.576381168449956e-06,-0.0001040843731864121,0.0003526976029691382,-0.001394709155853549,0.001156717796977704,0.002313415742581881,0.002961518821599902
7800,2,-9.399958179993229e-06,-2.73817530182813e-06,9.093854196340905e-05,0.0001995010939752748,-0.0002461044159621722,0.0009816351905639433,0.001977765040701289,0.002232464098000076
7800,3,0,0,0,0,0,0,0,0
7850,0,-2.124936158041583e-05,-1.017884553686072e-05,-0.00359965122046882,0.001532211811536734,-0.001039656814923275,-0.0001308625819503784,0.002854313029438615,0.004954879541108297
7850,1,-1.306822252863617e-05,-9.576381168449956e-06,-0.0001040843731864121,0.0003526976029691382,-0.001394709155853549,0.001156717796977704,0.002313415742581881,0.002961518821599902
7850,2,-9.399958179993229e-06,-2.73817530182813e-06,9.093854196340905e-05,0.0001995010939752748,-0.0002461044159621722,0.0009816351905639433,0.001977765040701289,0.002232464098000076
7850,3,0,0,0,0,0,0,0,0
7900,0,-2.124936158041583e-05,-1.017884553686072e-05,-0.00359965122046882,0.001532211811536734,-0.001039656814923275,-0.0001308625819503784,0.002854313029438615,0.004954879541108297
7900,1,-1.306822252863617e-05,-9.576381168449956e-06,-0.0001040843731864121,0.0003526976029691382,-0.001394709155853549,0.001156717796977704,0.002313415742581881,0.002961518821599902
7900,2,-9.399958179993229e-06,-2.73817530182813e-06,9.093854196340905e-05,0.0001995010939752748,-0.0002461044159621722,0.0009816351905639433,0.001977765040701289,0.002232464098000076
7900,3,0,0,0,0,0,0,0,0
7950,0,-2.124936158041583e-05,-1.017884553686072e-05,-0.00359965122046882,0.001532211811536734,-0.001039656814923275,-0.0001308625819503784,0.002854313029438615,0.004954879541108297
7950,1,-1.306822252863617e-05,-9.576381168449956e-06,-0.0001040843731864121,0.0003526976029691382,-0.001394709155853549,0.001156717796977704,0.002313415742581881,0.002961518821599902
7950,2,-9.399958179993229e-06,-2.73817530182813e-06,9.093854196340905e-05,0.0001995010939752748,-0.0002461044159621722,0.0009816351905639433,0.001977765040701289,0.002232464098000076
7950,3,0,0,0,0,0,0,0,0
8000,0,-2.124936158041583e-05,-1.017884553686072e-05,-0.00359965122046882,0.001532211811536734,-0.001039656814923275,-0.0001308625819503784,0.002854313029438615,0.004954879541108297
8000,1,-1.306822252863617e-05,-9.576381168449956e-06,-0.0001040843731864121,0.0003526976029691382,-0.001394709155853549,0.001156717796977704,0.002313415742581881,0.002961518821599902
8000,2,-9.399958179993229e-06,-2.73817530182813e-06,9.093854196340905e-05,0.0001995010939752748,-0.0002461044159621722,0.0009816351905639433,0.001977765040701289,0.002232464098000076
8000,3,0,0,0,0,0,0,0,0
8050,0,-2.124936158041583e-05,-1.017884553686072e-05,-0.00359965122046882,0.001532211811536734,-0.001039656814923275,-0.0001308625819503784,0.002854313029438615,0.004954879541108297
8050,1,-1.306822252863617e-05,-9.576381168449956e-06,-0.0001040843731864121,0.0003526976029691382,-0.001394709155853549,0.001156717796977704,0.002313415742581881,0.002961518821599902
8050,2,-9.399958179993229e-06,-2.73817530182813e-06,9.093854196340905e-05,0.0001995010939752748,-0.0002461044159621722,0.0009816351905639433,0.001977765040701289,0.002232464098000076
8050,3,0,0,0,0,0,0,0,0
8100,0,-2.124936158041583e-05,-1.017884553686072e-05,-0.00359965122046882,0.001532211811536734,-0.001039656814923275,-0.0001308625819503784,0.002854313029438615,0.004954879541108297
8100,1,-1.306822252863617e-05,-9.576381168449956e-06,-0.0001040843731864121,0.0003526976029691382,-0.001394709155853549,0.001156717796977704,0.002313415742581881,0.002961518821599902
8100,2,-9.399958179993229e-06,-2.73817530182813e-06,9.093854196340905e-05,0.0001995010939752748,-0.0002461044159621722,0.0009816351905639433,0.001977765040701289,0.002232464098000076
8100,3,0,0,0,0,0,0,0,0
8150,0,-2.124936158041583e-05,-1.017884553686072e-05,-0.00359965122046882,0.001532211811536734,-0.001039656814923275,-0.0001308625819503784,0.002854313029438615,0.004954879541108297
8150,1,-1.306822252863617e-05,-9.576381168449956e-06,-0.0001040843731864121,0.0003526976029691382,-0.001394709155853549,0.001156717796977704,0.002313415742581881,0.002961518821599902
8150,2,-9.399958179993229e-06,-2.73817530182813e-06,9.093854196340905e-05,0.0001995010939752748,-0.0002461044159621722,0.0009816351905639433,0.001977765040701289,0.002232464098000076
8150,3,0,0,0,0,0,0,0,0
8200,0,-2.124936158041583e-05,-1.017884553686072e-05,-0.00359965122046882,0.001532211811536734,-0.001039656814923275,-0.0001308625819503784,0.002854313029438615,0.004954879541108297
8200,1,-1.306822252863617e-05,-9.576381168449956e-06,-0.0001040843731864121,0.0003526976029691382,-0.001394709155853549,0.001156717796977704,0.002313415742581881,0.002961518821599902
8200,2,-9.399958179993229e-06,-2.73817530182813e-06,9.093854196340905e-05,0.0001995010939752748,-0.0002461044159621722,0.0009816351905639433,0.001977765040701289,0.002232464098000076
8200,3,0,0,0,0,0,0,0,0
8250,0,-2.124936158041583e-05,-1.017884553686072e-05,-0.00359965122046882,0.001532211811536734,-0.001039656814923275,-0.0001308625819503784,0.002854313029438615,0.004954879541108297
8250,1,-1.306822252863617e-05,-9.576381168449956e-06,-0.0001040843731864121,0.0003526976029691382,-0.001394709155853549,0.001156717796977704,0.002313415742581881,0.002961518821599902
8250,2,-9.399958179993229e-06,-2.73817530182813e-06,9.093854196340905e-05,0.0001995010939752748,-0.0002461044159621722,0.0009816351905639433,0.001977765040701289,0.002232464098000076
8250,3,0,0,0,0,0,0,0,0
8300,0,-2.124936158041583e-05,-1.017884553686072e-05,-0.00359965122046882,0.001532211811536734,-0.001039656814923275,-0.0001308625819503784,0.002854313029438615,0.004954879541108297
8300,1,-1.306822252863617e-05,-9.576381168449956e-06,-0.0001040843731864121,0.0003526976029691382,-0.001394709155853549,0.001156717796977704,0.002313415742581881,0.002961518821599902
8300,2,-9.399958179993229e-06,-2.73817530182813e-06,9.093854196340905e-05,0.0001995010939752748,-0.0002461044159621722,0.0009816351905639433,0.001977765040701289,0.002232464098000076
8300,3,0,0,0,0,0,0,0,0
8350,0,-2.124936158041583e-05,-1.017884553686072e-05,-0.00359965122046882,0.001532211811536734,-0.001039656814923275,-0.0001308625819503784,0.002854313029438615,0.004954879541108297
8350,1,-1.306822252863617e-05,-9.576381168449956e-06,-0.0001040843731864121,0.0003526976029691382,-0.001394709155853549,0.001156717796977704,0.002313415742581881,0.002961518821599902
8350,2,-9.399958179993229e-06,-2.73817530182813e-06,9.093854196340905e-05,0.0001995010939752748,-0.0002461044159621722,0.0009816351905639433,0.001977765040701289,0.002232464098000076
8350,3,0,0,0,0,0,0,0,0
8400,0,-2.124936158041583e-05,-1.017884553686072e-05,-0.00359965122046882,0.001532211811536734,-0.001039656814923275,-0.0001308625819503784,0.002854313029438615,0.004954879541108297
8400,1,-1.306822252863617e-05,-9.576381168449956e-06,-0.0001040843731864121,0.0003526976029691382,-0.001394709155853549,0.001156717796977704,0.002313415742581881,0.002961518821599902
8400,2,-9.399958179993229e-06,-2.73817530182813e-06,9.093854196340905e-05,0.0001995010939752748,-0.0002461044159621722,0.0009816351905639433,0.001977765040701289,0.002232464098000076
8400,3,0,0,0,0,0,0,0,0
8450,0,-2.124936158041583e-05,-1.017884553686072e-05,-0.00359965122046882,0.001532211811536734,-0.001039656814923275,-0.0001308625819503784,0.002854313029438615,0.004954879541108297
8450,1,-1.306822252863617e-05,-9.576381168449956e-06,-0.0001040843731864121,0.0003526976029691382,-0.001394709155853549,0.001156717796977704,0.002313415742581881,0.002961518821599902
8450,2,-9.399958179993229e-06,-2.73817530182813e-06,9.093854196340905e-05,0.0001995010939752748,-0.0002461044159621722,0.0009816351905639433,0.001977765040701289,0.002232464098000076
8450,3,0,0,0,0,0,0,0,0
8500,0,-2.124936158041583e-05,-1.017884553686072e-05,-0.00359965122046882,0.001532211811536734,-0.001039656814923275,-0.0001308625819503784,0.002854313029438615,0.004954879541108297
8500,1,-1.306822252863617e-05,-9.576381168449956e-06,-0.0001040843731864121,0.0003526976029691382,-0.001394709155853549,0.001156717796977704,0.002313415742581881,0.002961518821599902
8500,2,-9.399958179993229e-06,-2.73817530182813e-06,9.093854196340905e-05,0.0001995010939752748,-0.0002461044159621722,0.0009816351905639433,0.001977765040701289,0.002232464098000076
8500,3,0,0,0,0,0,0,0,0
8550,0,-2.124936158041583e-05,-1.017884553686072e-05,-0.00359965122046882,0.001532211811536734,-0.001039656814923275,-0.0001308625819503784,0.002854313029438615,0.004954879541108297
8550,1,-1.306822252863617e-05,-9.576381168449956e-06,-0.0001040843731864121,0.0003526976029691382,-0.001394709155853549,0.001156717796977704,0.002313415742581881,0.002961518821599902
8550,2,-9.399958179993229e-06,-2.73817530182813e-06,9.093854196340905e-05,0.0001995010939752748,-0.0002461044159621722,0.0009816351905639433,0.001977765040701289,0.002232464098000076
8550,3,0,0,0,0,0,0,0,0
8600,0,-2.124936158041583e-05,-1.017884553686072e-05,-0.00359965122046882,0.001532211811536734,-0.001039656814923275,-0.0001308625819503784,0.002854313029438615,0.004954879541108297
8600,1,-1.306822252863617e-05,-9.576381168449956e-06,-0.0001040843731864121,0.0003526976029691382,-0.001394709155853549,0.001156717796977704,0.002313415742581881,0.002961518821599902
8600,2,-9.399958179993229e-06,-2.73817530182813e-06,9.093854196340905e-05,0.0001995010939752748,-0.0002461044159621722,0.0009816351905639433,0.001977765040701289,0.002232464098000076
8600,3,0,0,0,0,0,0,0,0
8650,0,-2.124936158041583e-05,-1.017884553686072e-05,-0.00359965122046882,0.001532211811536734,-0.001039656814923275,-0.0001308625819503784,0.002854313029438615,0.004954879541108297
8650,1,-1.306822252863617e-05,-9.576381168449956e-06,-0.0001040843731864121,0.0003526976029691382,-0.001394709155853549,0.001156717796977704,0.002313415742581881,0.002961518821599902
8650,2,-9.399958179993229e-06,-2.73817530182813e-06,9.093854196340905e-05,0.0001995010939752748,-0.0002461044159621722,0.0009816351905639433,0.001977765040701289,0.002232464098000076
8650,3,0,0,0,0,0,0,0,0
8700,0,-2.124936158041583e-05,-1.017884553686072e-05,-0.00359965122046882,0.001532211811536734,-0.001039656814923275,-0.0001308625819503784,0.002854313029438615,0.004954879541108297
8700,1,-1.306822252863617e-05,-9.576381168449956e-06,-0.0001040843731864121,0.0003526976029691382,-0.001394709155853549,0.001156717796977704,0.002313415742581881,0.002961518821599902
8700,2,-9.399958179993229e-06,-2.73817530182813e-06,9.093854196340905e-05,0.0001995010939752748,-0.0002461044159621722,0.0009816351905639433,0.001977765040701289,0.002232464098000076
8700,3,0,0,0,0,0,0,0,0
8750,0,-2.124936158041583e-05,-1.017884553686072e-05,-0.00359965122046882,0.001532211811536734,-0.001039656814923275,-0.0001308625819503784,0.002854313029438615,0.004954879541108297
8750,1,-1.306822252863617e-05,-9.576381168449956e-06,-0.0001040843731864121,0.0003526976029691382,-0.001394709155853549,0.001156717796977704,0.002313415742581881,0.002961518821599902
8750,2,-9.399958179993229e-06,-2.73817530182813e-06,9.093854196340905e-05,0.0001995010939752748,-0.0002461044159621722,0.0009816351905639433,0.001977765040701289,0.002232464098000076
8750,3,0,0,0,0,0,0,0,0
8800,0,-2.124936158041583e-05,-1.017884553686072e-05,-0.00359965122046882,0.001532211811536734,-0.001039656814923275,-0.0001308625819503784,0.002854313029438615,0.004954879541108297
8800,1,-1.306822252863617e-05,-9.576381168449956e-06,-0.0001040843731864121,0.0003526976029691382,-0.001394709155853549,0.001156717796977704,0.002313415742581881,0.002961518821599902
8800,2,-9.399958179993229e-06,-2.73817530182813e-06,9.093854196340905e-05,0.0001995010939752748,-0.0002461044159621722,0.0009816351905639433,0.001977765040701289,0.002232464098000076
8800,3,0,0,0,0,0,0,0,0
8850,0,-2.124936158041583e-05,-1.017884553686072e-05,-0.00359965122046882,0.001532211811536734,-0.001039656814923275,-0.0001308625819503784,0.002854313029438615,0.004954879541108297
8850,1,-1.306822252863617e-05,-9.576381168449956e-06,-0.0001040843731864121,0.0003526976029691382,-0.001394709155853549,0.001156717796977704,0.002313415742581881,0.002961518821599902
8850,2,-9.399958179993229e-06,-2.73817530182813e-06,9.093854196340905e-05,0.0001995010939752748,-0.0002461044159621722,0.0009816351905639433,0.001977765040701289,0.002232464098000076
8850,3,0,0,0,0,0,0,0,0
8900,0,-2.124936158041583e-05,-1.017884553686072e-05,-0.00359965122046882,0.001532211811536734,-0.001039656814923275,-0.0001308625819503784,0.002854313029438615,0.004954879541108297
8900,1,-1.306822252863617e-05,-9.576381168449956e-06,-0.0001040843731864121,0.0003526976029691382,-0.001394709155853549,0.001156717796977704,0.002313415742581881,0.002961518821599902
8900,2,-9.399958179993229e-06,-2.73817530182813e-06,9.093854196340905e-05,0.0001995010939752748,-0.0002461044159621722,0.0009816351905639433,0.001977765040701289,0.002232464098000076
8900,3,0,0,0,0,0,0,0,0
8950,0,-2.124936158041583e-05,-1.017884553686072e-05,-0.00359965122046882,0.001532211811536734,-0.001039656814923275,-0.0001308625819503784,0.002854313029438615,0.004954879541108297
8950,1,-1.306822252863617e-05,-9.576381168449956e-06,-0.0001040843731864121,0.0003526976029691382,-0.001394709155853549,0.001156717796977704,0.002313415742581881,0.002961518821599902
8950,2,-9.399958179993229e-06,-2.73817530182813e-06,9.093854196340905e-05,0.0001995010939752748,-0.0002461044159621722,0.0009816351905639433,0.001977765040701289,0.002232464098000076
8950,3,0,0,0,0,0,0,0,0
9000,0,-2.124936158041583e-05,-1.017884553686072e-05,-0.00359965122046882,0.001532211811536734,-0.001039656814923275,-0.0001308625819503784,0.002854313029438615,0.004954879541108297
9000,1,-1.306822252863617e-05,-9.576381168449956e-06,-0.0001040843731864121,0.0003526976029691382,-0.001394709155853549,0.001156717796977704,0.002313415742581881,0.002961518821599902
9000,2,-9.399958179993229e-06,-2.73817530182813e-06,9.093854196340905e-05,0.0001995010939752748,-0.0002461044159621722,0.0009816351905639433,0.001977765040701289,0.002232464098000076
9000,3,0,0,0,0,0,0,0,0
9050,0,-2.124936158041583e-05,-1.017884553686072e-05,-0.00359965122046882,0.001532211811536734,-0.001039656814923275,-0.0001308625819503784,0.002854313029438615,0.004954879541108297
9050,1,-1.306822252863617e-05,-9.576381168449956e-06,-0.0001040843731864121,0.0003526976029691382,-0.001394709155853549,0.001156717796977704,0.002313415742581881,0.002961518821599902
9050,2,-9.399958179993229e-06,-2.73817530182813e-06,9.093854196340905e-05,0.0001995010939752748,-0.0002461044159621722,0.0009816351905639433,0.001977765040701289,0.002232464098000076
9050,3,0,0,0,0,0,0,0,0
9100,0,-2.124936158041583e-05,-1.017884553686072e-05,-0.00359965122046882,0.001532211811536734,-0.001039656814923275,-0.0001308625819503784,0.002854313029438615,0.004954879541108297
9100,1,-1.306822252863617e-05,-9.576381168449956e-06,-0.0001040843731864121,0.0003526976029691382,-0.001394709155853549,0.001156717796977704,0.002313415742581881,0.002961518821599902
9100,2,-9.399958179993229e-06,-2.73817530182813e-06,9.093854196340905e-05,0.0001995010939752748,-0.0002461044159621722,0.0009816351905639433,0.001977765040701289,0.002232464098000076
9100,3,0,0,0,0,0,0,0,0
9150,0,-2.124936158041583e-05,-1.017884553686072e-05,-0.00359965122046882,0.001532211811536734,-0.001039656814923275,-0.0001308625819503784,0.002854313029438615,0.004954879541108297
9150,1,-1.306822252863617e-05,-9.576381168449956e-06,-0.0001040843731864121,0.0003526976029691382,-0.001394709155853549,0.001156717796977704,0.002313415742581881,0.002961518821599902
9150,2,-9.399958179993229e-06,-2.73817530182813e-06,9.093854196340905e-05,0.0001995010939752748,-0.0002461044159621722,0.0009816351905639433,0.001977765040701289,0.002232464098000076
9150,3,0,0,0,0,0,0,0,0
9200,0,-2.124936158041583e-05,-1.017884553686072e-05,-0.00359965122046882,0.001532211811536734,-0.001039656814923275,-0.0001308625819503784,0.002854313029438615,0.004954879541108297
9200,1,-1.306822252863617e-05,-9.576381168449956e-06,-0.0001040843731864121,0.0003526976029691382,-0.001394709155853549,0.001156717796977704,0.002313415742581881,0.002961518821599902
9200,2,-9.399958179993229e-06,-2.73817530182813e-06,9.093854196340905e-05,0.0001995010939752748,-0.0002461044159621722,0.0009816351905639433,0.001977765040701289,0.002232464098000076
9200,3,0,0,0,0,0,0,0,0
9250,0,-2.124936158041583e-05,-1.017884553686072e-05,-0.00359965122046882,0.001532211811536734,-0.001039656814923275,-0.0001308625819503784,0.002854313029438615,0.004954879541108297
9250,1,-1.306822252863617e-05,-9.576381168449956e-06,-0.0001040843731864121,0.0003526976029691382,-0.001394709155853549,0.001156717796977704,0.002313415742581881,0.002961518821599902
9250,2,-9.399958179993229e-06,-2.73817530182813e-06,9.093854196340905e-05,0.0001995010939752748,-0.0002461044159621722,0.0009816351905639433,0.001977765040701289,0.002232464098000076
9250,3,0,0,0,0,0,0,0,0
9300,0,-2.124936158041583e-05,-1.017884553686072e-05,-0.00359965122046882,0.001532211811536734,-0.001039656814923275,-0.0001308625819503784,0.002854313029438615,0.004954879541108297
9300,1,-1.306822252863617e-05,-9.576381168449956e-06,-0.0001040843731864121,0.0003526976029691382,-0.001394709155853549,0.001156717796977704,0.002313415742581881,0.002961518821599902
9300,2,-9.399958179993229e-06,-2.73817530182813e-06,9.093854196340905e-05,0.0001995010939752748,-0.0002461044159621722,0.0009816351905639433,0.001977765040701289,0.002232464098000076
9300,3,0,0,0,0,0,0,0,0
9350,0,-2.124936158041583e-05,-1.017884553686072e-05,-0.00359965122046882,0.001532211811536734,-0.001039656814923275,-0.0001308625819503784,0.002854313029438615,0.004954879541108297
9350,1,-1.306822252863617e-05,-9.576381168449956e-06,-0.0001040843731864121,0.0003526976029691382,-0.001394709155853549,0.001156717796977704,0.002313415742581881,0.002961518821599902
9350,2,-9.399958179993229e-06,-2.73817530182813e-06,9.093854196340905e-05,0.0001995010939752748,-0.0002461044159621722,0.0009816351905639433,0.001977765040701289,0.002232464098000076
9350,3,0,0,0,0,0,0,0,0
9400,0,-2.124936158041583e-05,-1.017884553686072e-05,-0.00359965122046882,0.001532211811536734,-0.001039656814923275,-0.0001308625819503784,0.002854313029438615,0.004954879541108297
9400,1,-1.306822252863617e-05,-9.576381168449956e-06,-0.0001040843731864121,0.0003526976029691382,-0.001394709155853549,0.001156717796977704,0.002313415742581881,0.002961518821599902
9400,2,-9.399958179993229e-06,-2.73817530182813e-06,9.093854196340905e-05,0.0001995010939752748,-0.0002461044159621722,0.0009816351905639433,0.001977765040701289,0.002232464098000076
9400,3,0,0,0,0,0,0,0,0
9450,0,-2.124936158041583e-05,-1.017884553686072e-05,-0.00359965122046882,0.001532211811536734,-0.001039656814923275,-0.0001308625819503784,0.002854313029438615,0.004954879541108297
9450,1,-1.306822252863617e-05,-9.576381168449956e-06,-0.0001040843731864121,0.0003526976029691382,-0.001394709155853549,0.001156717796977704,0.002313415742581881,0.002961518821599902
9450,2,-9.399958179993229e-06,-2.73817530182813e-06,9.093854196340905e-05,0.0001995010939752748,-0.0002461044159621722,0.0009816351905639433,0.001977765040701289,0.002232464098000076
9450,3,0,0,0,0,0,0,0,0
9500,0,-2.124936158041583e-05,-1.017884553686072e-05,-0.00359965122046882,0.001532211811536734,-0.001039656814923275,-0.0001308625819503784,0.002854313029438615,0.004954879541108297
9500,1,-1.306822252863617e-05,-9.576381168449956e-06,-0.0001040843731864121,0.0003526976029691382,-0.001394709155853549,0.001156717796977704,0.002313415742581881,0.002961518821599902
9500,2,-9.399958179993229e-06,-2.73817530182813e-06,9.093854196340905e-05,0.0001995010939752748,-0.0002461044159621722,0.0009816351905639433,0.001977765040701289,0.002232464098000076
9500,3,0,0,0,0,0,0,0,0
9550,0,-2.124936158041583e-05,-1.017884553686072e-05,-0.00359965122046882,0.001532211811536734,-0.001039656814923275,-0.0001308625819503784,0.002854313029438615,0.004954879541108297
9550,1,-1.306822252863617e-05,-9.576381168449956e-06,-0.0001040843731864121,0.0003526976029691382,-0.001394709155853549,0.001156717796977704,0.002313415742581881,0.002961518821599902
9550,2,-9.399958179993229e-06,-2.73817530182813e-06,9.093854196340905e-05,0.0001995010939752748,-0.0002461044159621722,0.0009816351905639433,0.001977765040701289,0.002232464098000076
9550,3,0,0,0,0,0,0,0,0
9600,0,-2.124936158041583e-05,-1.017884553686072e-05,-0.00359965122046882,0.001532211811536734,-0.001039656814923275,-0.0001308625819503784,0.002854313029438615,0.004954879541108297
9600,1,-1.306822252863617e-05,-9.576381168449956e-06,-0.0001040843731864121,0.0003526976029691382,-0.001394709155853549,0.001156717796977704,0.002313415742581881,0.002961518821599902
9600,2,-9.399958179993229e-06,-2.73817530182813e-06,9.093854196340905e-05,0.0001995010939752748,-0.0002461044159621722,0.0009816351905639433,0.001977765040701289,0.002232464098000076
9600,3,0,0,0,0,0,0,0,0
9650,0,-2.124936158041583e-05,-1.017884553686072e-05,-0.00359965122046882,0.001532211811536734,-0.001039656814923275,-0.0001308625819503784,0.002854313029438615,0.004954879541108297
9650,1,-1.306822252863617e-05,-9.576381168449956e-06,-0.0001040843731864121,0.0003526976029691382,-0.001394709155853549,0.001156717796977704,0.002313415742581881,0.002961518821599902
9650,2,-9.399958179993229e-06,-2.73817530182813e-06,9.093854196340905e-05,0.0001995010939752748,-0.0002461044159621722,0.0009816351905639433,0.001977765040701289,0.002232464098000076
9650,3,0,0,0,0,0,0,0,0
9700,0,-2.124936158041583e-05,-1.017884553686072e-05,-0.00359965122046882,0.001532211811536734,-0.001039656814923275,-0.0001308625819503784,0.002854313029438615,0.004954879541108297
9700,1,-1.306822252863617e-05,-9.576381168449956e-06,-0.0001040843731864121,0.0003526976029691382,-0.001394709155853549,0.001156717796977704,0.002313415742581881,0.002961518821599902
9700,2,-9.399958179993229e-06,-2.73817530182813e-06,9.093854196340905e-05,0.0001995010939752748,-0.0002461044159621722,0.0009816351905639433,0.001977765040701289,0.002232464098000076
9700,3,0,0,0,0,0,0,0,0
9750,0,-2.124936158041583e-05,-1.017884553686072e-05,-0.00359965122046882,0.001532211811536734,-0.001039656814923275,-0.0001308625819503784,0.002854313029438615,0.004954879541108297
9750,1,-1.306822252863617e-05,-9.576381168449956e-06,-0.0001040843731864121,0.0003526976029691382,-0.001394709155853549,0.001156717796977704,0.002313415742581881,0.002961518821599902
9750,2,-9.399958179993229e-06,-2.73817530182813e-06,9.093854196340905e-05,0.0001995010939752748,-0.0002461044159621722,0.0009816351905639433,0.001977765040701289,0.002232464098000076
9750,3,0,0,0,0,0,0,0,0
9800,0,-2.124936158041583e-05,-1.017884553686072e-05,-0.00359965122046882,0.001532211811536734,-0.001039656814923275,-0.0001308625819503784,0.002854313029438615,0.004954879541108297
9800,1,-1.306822252863617e-05,-9.576381168449956e-06,-0.0001040843731864121,0.0003526976029691382,-0.001394709155853549,0.001156717796977704,0.002313415742581881,0.002961518821599902
9800,2,-9.399958179993229e-06,-2.73817530182813e-06,9.093854196340905e-05,0.0001995010939752748,-0.0002461044159621722,0.0009816351905639433,0.001977765040701289,0.002232464098000076
9800,3,0,0,0,0,0,0,0,0
9850,0,-2.124936158041583e-05,-1.017884553686072e-05,-0.00359965122046882,0.001532211811536734,-0.001039656814923275,-0.0001308625819503784,0.002854313029438615,0.004954879541108297
9850,1,-1.306822252863617e-05,-9.576381168449956e-06,-0.0001040843731864121,0.0003526976029691382,-0.001394709155853549,0.001156717796977704,0.002313415742581881,0.002961518821599902
9850,2,-9.399958179993229e-06,-2.73817530182813e-06,9.093854196340905e-05,0.0001995010939752748,-0.0002461044159621722,0.0009816351905639433,0.001977765040701289,0.002232464098000076
9850,3,0,0,0,0,0,0,0,0
9900,0,-2.124936158041583e-05,-1.017884553686072e-05,-0.00359965122046882,0.001532211811536734,-0.001039656814923275,-0.0001308625819503784,0.002854313029438615,0.004954879541108297
9900,1,-1.306822252863617e-05,-9.576381168449956e-06,-0.0001040843731864121,0.0003526976029691382,-0.001394709155853549,0.001156717796977704,0.002313415742581881,0.002961518821599902
9900,2,-9.399958179993229e-06,-2.73817530182813e-06,9.093854196340905e-05,0.0001995010939752748,-0.0002461044159621722,0.0009816351905639433,0.001977765040701289,0.002232464098000076
9900,3,0,0,0,0,0,0,0,0
9950,0,-2.124936158041583e-05,-1.017884553686072e-05,-0.00359965122046882,0.001532211811536734,-0.001039656814923275,-0.0001308625819503784,0.002854313029438615,0.004954879541108297
9950,1,-1.306822252863617e-05,-9.576381168449956e-06,-0.0001040843731864121,0.0003526976029691382,-0.001394709155853549,0.001156717796977704,0.002313415742581881,0.002961518821599902
9950,2,-9.399958179993229e-06,-2.73817530182813e-06,9.093854196340905e-05,0.0001995010939752748,-0.0002461044159621722,0.0009816351905639433,0.001977765040701289,0.002232464098000076
9950,3,0,0,0,0,0,0,0,0
10000,0,-2.124936158041583e-05,-1.017884553686072e-05,-0.00359965122046882,0.001532211811536734,-0.001039656814923275,-0.0001308625819503784,0.002854313029438615,0.004954879541108297
10000,1,-1.306822252863617e-05,-9.576381168449956e-06,-0.0001040843731864121,0.0003526976029691382,-0.001394709155853549,0.001156717796977704,0.002313415742581881,0.002961518821599902
10000,2,-9.399958179993229e-06,-2.73817530182813e-06,9.093854196340905e-05,0.0001995010939752748,-0.0002461044159621722,0.0009816351905639433,0.001977765040701289,0.002232464098000076
10000,3,0,0,0,0,0,0,0,0
