gen,op_id,w0,w1,w2,w3,w4,w5,w6,norm
50,0,-1.364154988805123e-05,-1.024962729356863e-05,-0.0002100553618487612,0.0004958861710323731,-0.004286207050646,0.0008758764442241465,0.001718439287614209,0.004730970461562386
50,1,-2.075516998209916e-06,-2.421435769665248e-06,3.854896645639543e-05,4.478805112146367e-05,0.0005296602234663337,0.000512511768156672,0.0009735581596232606,0.001222508044329618
50,2,-4.52898878359122e-07,1.31648543197676e-06,3.457251907540276e-06,9.715954173943164e-05,0.0002058247811492813,0.0005180795732262857,0.0009833413381628441,0.001134541466612141
50,3,0,0,0,0,0,0,0,0
100,0,-1.735389254047523e-05,-1.064234623194833e-05,-0.0002112920513099911,0.0004746290057252797,-0.004347288567982926,0.0005761298707899208,0.001119910767050759,0.004555806743994948
100,1,-5.276953111008028e-06,-1.226877235144962e-06,3.428171564377258e-05,4.1661531559791e-05,0.0004330244557332499,0.0003460522751458104,0.0006505953175303898,0.0008564326560158782
100,2,-4.103898217260427e-06,-3.47354960531415e-07,8.91709646270095e-07,0.0001074511547092708,0.0001624421076980794,0.000276166710886033,0.0005035780431645011,0.0006064732842779536
100,3,0,0,0,0,0,0,0,0
150,0,-2.088106702118724e-05,-1.122494897129488e-05,-0.0002116678707310958,0.0004743806491703001,-0.004360461488322562,0.000440013007924181,0.0008484391147723965,0.004494161443029043
150,1,-6.773190325277791e-06,-4.946353539629035e-07,3.331736622800255e-05,4.087684206948807e-05,0.0002914564334435389,0.0002807829532202025,0.0005215200830738448,0.0006622659589208078
150,2,-6.379679972749491e-06,-5.859500307738452e-07,7.75704357153078e-07,0.000107204309646236,0.0001193702067204302,0.0001882433137684666,0.000328006295086486,0.0004108616925746955
150,3,0,0,0,0,0,0,0,0
200,0,-2.768585796450184e-05,-1.378555091335168e-05,-0.0002116940199547315,0.0004736174929136984,-0.00436567018973252,0.0002357273175700633,0.0004398473362113375,0.004424725267037924
200,1,-1.23488921614792e-05,-6.25542893299184e-07,3.287094417177815e-05,3.997536049709064e-05,0.000138386373558351,0.0001146207866172207,0.0001893830800899253,0.0002664321283082667
200,2,-9.356193280194799e-06,-5.075259361455966e-07,6.716403369302915e-07,0.0001070685268066956,6.867489397895251e-05,0.0001010195572047934,0.0001536634176786371,0.0002237980214437176
200,3,0,0,0,0,0,0,0,0
250,0,-3.077973418657465e-05,-1.543445928720202e-05,-0.0002116713271867913,0.0004736047391064747,-0.004351309847822253,0.0001695027711195865,0.0003074097705318455,0.004396296300571401
250,1,-1.16918202238627e-05,3.193757064164554e-08,3.27710330779159e-05,3.957340021022796e-05,0.0001216994835276177,0.0001338367153788568,0.0002281301167644294,0.0002958767904763577
250,2,-1.052909078437415e-05,-5.975533610847945e-07,6.532742594442536e-07,0.0001070159183168242,5.608422679366915e-05,7.388387662163426e-05,9.940909704725106e-05,0.0001733507676898217
250,3,0,0,0,0,0,0,0,0
300,0,-3.144444242614988e-05,-1.577071334810696e-05,-0.0002116628548912107,0.0004735915882507591,-0.004342661750199682,0.0001576124080906781,0.0002836268094738762,0.004385695445404915
300,1,-1.183680334398982e-05,-7.567558719416074e-08,3.271969598173717e-05,3.909216716485553e-05,0.0001240662429388221,0.0001328797046095794,0.0002262943233461599,0.0002949533200215949
300,2,-1.062941948645548e-05,-5.872043182039243e-07,6.473529967097078e-07,0.0001070220468778128,4.98426250826125e-05,7.167640453447033e-05,9.499625483828215e-05,0.0001679688948191427
300,3,0,0,0,0,0,0,0,0
350,0,-3.130132267245683e-05,-1.604930357070952e-05,-0.0002116491436365404,0.000473601065746706,-0.004328629279218499,0.0001597183637907687,0.0002877910644910845,0.004372150017081438
350,1,-1.523326616420636e-05,-1.703116436367597e-07,3.259941672941416e-05,3.897395488482794e-05,8.55296018765362e-05,8.391772178774763e-05,0.0001286549269552317,0.0001836392103871304
350,2,-1.091321368949061e-05,-6.042106136702431e-07,6.457361180102901e-07,0.0001069957278968222,4.773629979625593e-05,6.744403772605465e-05,8.653218473432245e-05,0.000160882682737234
350,3,0,0,0,0,0,0,0,0
400,0,-3.148098631293326e-05,-1.611818087674609e-05,-0.0002116467392049544,0.0004736400559003097,-0.004324249357522978,0.0001564234594859564,0.0002812012488461889,0.004367270891539869
400,1,-1.577461647680774e-05,-3.813079638128279e-08,3.257223026038255e-05,3.865368906154419e-05,6.289180983622302e-05,7.820327428827224e-05,0.0001173132437847584,0.0001632097633793226
400,2,-1.157911438629886e-05,-6.238296955844085e-07,6.426375775003447e-07,0.0001070084342818794,4.125947593048814e-05,5.832983472034055e-05,6.830970071913227e-05,0.0001461390167917986
400,3,0,0,0,0,0,0,0,0
450,0,-2.978391906265091e-05,-1.611405506168912e-05,-0.0002116349556158585,0.0004736420482660954,-0.004305060338190086,0.0001771391489649401,0.0003226238240884861,0.004351928516686863
450,1,-1.287200430820991e-05,9.534421600813782e-08,3.255512770467832e-05,3.862445484861831e-05,7.428869932254336e-05,0.0001126663572137408,0.0001862970537372692,0.0002358738933491527
450,2,-1.238944751637231e-05,-6.580579054948775e-07,6.383750402284979e-07,0.0001069903509617551,3.58720031278856e-05,4.865289983643013e-05,4.895247128730202e-05,0.0001328590376587694
450,3,0,0,0,0,0,0,0,0
500,0,-2.962488269726718e-05,-1.61530227683105e-05,-0.0002116302474570751,0.0004736429600343425,-0.004297322110976442,0.0001792164264699554,0.0003267782941593458,0.00434466839650457
500,1,-1.694119057770552e-05,7.646520560885418e-08,3.250552374701369e-05,3.840166022463064e-05,3.608015281599921e-05,7.061140917879067e-05,0.0001022652117205543,0.000139872186044559
500,2,-1.256786955063117e-05,-6.611858202149432e-07,6.375457687620538e-07,0.0001069968835045607,3.45408637602835e-05,4.682621349806535e-05,4.529997450921928e-05,0.000130556429510136
500,3,0,0,0,0,0,0,0,0
550,0,-3.012630434574351e-05,-1.622572918105107e-05,-0.0002116287131476014,0.0004735778906759754,-0.004293466479772575,0.0001744163419127035,0.0003171773669056382,0.004339943611914873
550,1,-1.641304977433532e-05,1.642178611968264e-07,3.24946815484103e-05,3.830320835108902e-05,3.101314873963222e-05,7.692834208604251e-05,0.0001149124041028132,0.0001512517804750154
550,2,-1.286406018663243e-05,-6.635873700186105e-07,6.365010247488306e-07,0.0001069953704757083,3.194969895220514e-05,4.394381234989927e-05,3.953602051396632e-05,0.0001270010931233743
550,3,0,0,0,0,0,0,0,0
600,0,-2.957502565685337e-05,-1.623965378299944e-05,-0.0002116267861451368,0.000473549374946361,-0.00428843459227865,0.0001790429246755809,0.0003264306585496419,0.004335834165601066
600,1,-1.691210169093446e-05,1.712021455248082e-07,3.247887257096323e-05,3.817300565708818e-05,2.736121699159027e-05,7.270571568794398e-05,0.0001064989098926968,0.0001420383015789962
600,2,-1.331933232506052e-05,-6.70587852483338e-07,6.349034040657998e-07,0.0001069947130327279,2.767098105997288e-05,3.996017500506951e-05,3.156980482339054e-05,0.0001224143675259801
600,3,0,0,0,0,0,0,0,0
650,0,-3.062270950689405e-05,-1.633558844597876e-05,-0.0002116264529688895,0.000473506093097204,-0.004287373592601853,0.0001707677408018097,0.0003098795465420033,0.004333238702724227
650,1,-1.736340692975879e-05,1.690914341562246e-07,3.247303809960461e-05,3.806471711816941e-05,2.99065799119739e-05,6.954365102936335e-05,0.0001002099506519474,0.0001363000165627907
650,2,-1.341894855950638e-05,-6.621406799534997e-07,6.332219057667701e-07,0.0001069869520431013,2.569675140614952e-05,3.915599774886594e-05,2.996322493190898e-05,0.0001213195183349998
650,3,0,0,0,0,0,0,0,0
700,0,-3.336552747870554e-05,-1.658498166727228e-05,-0.0002116258477997322,0.0004733499349062216,-0.004283918392056518,0.0001508099609670834,0.000269964001400562,0.004326409016326671
700,1,-1.980647126642212e-05,1.388113147985155e-07,3.2463155634667e-05,3.801590966084447e-05,9.957880874421085e-06,5.110247929094383e-05,6.333896651062548e-05,9.805013459213332e-05
700,2,-1.452181336018645e-05,-6.845740496533074e-07,6.323411036024357e-07,0.0001069616110396465,2.212191742327584e-05,3.101813755895717e-05,1.368829003045768e-05,0.0001152883826256229
700,3,0,0,0,0,0,0,0,0
750,0,-3.580837240098516e-05,-1.682067773456771e-05,-0.0002116236816768889,0.000473284158005392,-0.004281173470995937,0.0001343000644278609,0.0002369339099638616,0.004321222989542925
750,1,-1.96708973283605e-05,1.648269059823994e-07,3.245937146558148e-05,3.797226942329891e-05,1.922895200016984e-05,5.256933460998293e-05,6.629047428359378e-05,0.00010203033827158
750,2,-1.476986281992903e-05,-6.87614251161213e-07,6.320902037736956e-07,0.000106962073219423,2.136418876374153e-05,2.930191777528386e-05,1.025653183684701e-05,0.0001143684121541581
750,3,0,0,0,0,0,0,0,0
800,0,-3.708733090209625e-05,-1.680917266935791e-05,-0.0002116236898048577,0.0004732594376623137,-0.004281184886347691,0.0001256371099004923,0.0002196079343527502,0.004320066372074515
800,1,-2.057308494295861e-05,9.367240142604073e-08,3.245638963684796e-05,3.795899820330839e-05,1.420460042601951e-05,4.669322097445725e-05,5.453664134391848e-05,9.096062982826257e-05
800,2,-1.501365838269845e-05,-6.937925791798072e-07,6.319000063861048e-07,0.0001069603537238121,2.104778262072136e-05,2.773266883803941e-05,7.119773429734356e-06,0.0001137084390022861
800,3,0,0,0,0,0,0,0,0
850,0,-3.695685305014784e-05,-1.684824063517523e-05,-0.0002116217844270878,0.0004732507486092674,-0.004276385729353646,0.0001265814159069472,0.0002214960536851261,0.004315432537506966
850,1,-1.965210987808578e-05,8.132997271772035e-08,3.245108460070385e-05,3.794239188174901e-05,1.845212263146371e-05,5.290246663495495e-05,6.695354306076924e-05,0.0001024736003307898
850,2,-1.505345077089228e-05,-6.939513566542019e-07,6.318826608785816e-07,0.0001069602123083366,2.094962000041923e-05,2.747940107910113e-05,6.613309717029435e-06,0.0001136033193554663
850,3,0,0,0,0,0,0,0,0
900,0,-4.014207045974044e-05,-1.706744906466061e-05,-0.0002116212766354775,0.0004732216361713884,-0.004274948144351695,0.0001085367775647144,0.000185406293087036,0.004311839784569962
900,1,-2.05839862814232e-05,1.728049314327498e-08,3.244573832874452e-05,3.791680150591511e-05,1.32493774488443e-05,4.794889330323272e-05,5.703002101900904e-05,9.295792721011449e-05
900,2,-1.509276643188466e-05,-6.952205568962224e-07,6.318580949726145e-07,0.0001069601875622699,2.086354274787127e-05,2.725363446886016e-05,6.16181648832547e-06,0.0001135128710252216
900,3,0,0,0,0,0,0,0,0
950,0,-4.029758773070292e-05,-1.707080603098297e-05,-0.0002116205555495488,0.0004731981029714124,-0.004273794768156546,0.0001078206664039869,0.0001839723825776527,0.004310615717755373
950,1,-2.060630694093135e-05,1.894594944696152e-08,3.244445351609339e-05,3.790037762467379e-05,1.355863493125506e-05,4.774335826164202e-05,5.661362330306027e-05,9.263945496138809e-05
950,2,-1.526500795022301e-05,-6.97825623319842e-07,6.317461884395344e-07,0.000106958692528909,2.050697779833825e-05,2.633030324401712e-05,4.315245362129408e-06,0.0001131658552255938
950,3,0,0,0,0,0,0,0,0
1000,0,-4.174148160672801e-05,-1.717291883470834e-05,-0.0002116198669702833,0.0004731741508346087,-0.004271739189198889,0.0001004882076222038,0.000169306944312629,0.004307810630394956
1000,1,-2.058721281449161e-05,9.245554053925213e-09,3.244231975500137e-05,3.78795433627343e-05,1.244339847595866e-05,4.780853743631051e-05,5.674360400958006e-05,9.258254882444683e-05
1000,2,-1.527735130724416e-05,-6.974280273132027e-07,6.317425899391211e-07,0.000106958594720641,2.044920609892643e-05,2.626523823012841e-05,4.185116074018471e-06,0.0001131369608839096
1000,3,0,0,0,0,0,0,0,0
1050,0,-4.253976113163645e-05,-1.722820314252786e-05,-0.0002116193979369865,0.000473160644078426,-0.004270434806458041,9.661290804082148e-05,0.0001615560910077704,0.004306137256021773
1050,1,-1.824715005908524e-05,6.901590750607746e-08,3.244392360803363e-05,3.786740443866194e-05,1.637005878397469e-05,5.944541126040043e-05,8.002974810066401e-05,0.0001141315384634941
1050,2,-1.532128043605985e-05,-6.975630346961176e-07,6.316834700526437e-07,0.0001069583184081716,2.024294884959308e-05,2.605241852267532e-05,3.759520979605397e-06,0.0001130413579894628
1050,3,0,0,0,0,0,0,0,0
1100,0,-4.123609636575698e-05,-1.718175452304336e-05,-0.0002116189412105387,0.0004731524253048249,-0.004269317176248838,0.0001025168378849151,0.0001733637336579213,0.004305610904365834
1100,1,-1.928331528298924e-05,3.30687220073723e-08,3.24388390266751e-05,3.783870531512378e-05,1.348134388100336e-05,5.465652809139196e-05,7.045920443763835e-05,0.0001048306988672438
1100,2,-1.535088254583587e-05,-6.979102133958182e-07,6.316419162001997e-07,0.000106957989780852,2.014063624840692e-05,2.591443918607331e-05,3.483567745728598e-06,0.0001129862197532582
1100,3,0,0,0,0,0,0,0,0
1150,0,-4.181422928988363e-05,-1.721229585152133e-05,-0.0002116188729870506,0.0004731472191651043,-0.00426892294595977,9.991335531002144e-05,0.0001681566840594951,0.004304957374796248
1150,1,-2.129656338850971e-05,1.842038063793315e-08,3.243607033894035e-05,3.782611252095683e-05,9.151648250301213e-06,4.560592514832209e-05,5.236124707552183e-05,8.855399860304135e-05
1150,2,-1.543572971442922e-05,-6.98192343041932e-07,6.315710191874603e-07,0.000106957597035539,1.972270506929293e-05,2.554189282661353e-05,2.738545147288151e-06,0.0001128182107812124
1150,3,0,0,0,0,0,0,0,0
1200,0,-4.205470295095709e-05,-1.726300402216704e-05,-0.0002116179959054029,0.0004731302273824096,-0.004264679676266422,9.890931785684562e-05,0.0001661473436303813,0.004300648989596375
1200,1,-2.076624882180429e-05,2.864908498967133e-08,3.243650454655335e-05,3.781137675297916e-05,1.239561530662718e-05,4.795921872106407e-05,5.70703493377709e-05,9.286456623897744e-05
1200,2,-1.554505383701437e-05,-6.983174337785872e-07,6.314543440840047e-07,0.0001069570545984588,1.914653022106323e-05,2.507476581203881e-05,1.804513264560021e-06,0.0001126096637822749
1200,3,0,0,0,0,0,0,0,0
1250,0,-4.24431990043943e-05,-1.731378598859492e-05,-0.0002116174909750041,0.0004731170192302229,-0.004262582945244503,9.728830836847044e-05,0.0001629051476318685,0.004298411257180761
1250,1,-2.137988807356668e-05,1.112718972183008e-08,3.243560259985792e-05,3.780447081107436e-05,1.17557581496783e-05,4.539499500481418e-05,5.194384470627213e-05,8.851786537871336e-05
1250,2,-1.560094994813009e-05,-6.98849323795608e-07,6.314176251223881e-07,0.0001069568596165926,1.896016138738486e-05,2.484412961873881e-05,1.343281204844275e-06,0.0001125280828845223
1250,3,0,0,0,0,0,0,0,0
1300,0,-4.299965238814957e-05,-1.734840877903656e-05,-0.0002116172684102433,0.0004731068099586569,-0.00426120131909323,9.509758507216341e-05,0.000158523535161938,0.00429683276414617
1300,1,-2.281353665971142e-05,-4.634148241116737e-09,3.243454510874742e-05,3.779383460432097e-05,8.555827966745483e-06,3.974055676224985e-05,4.063616721805967e-05,7.940178371455971e-05
1300,2,-1.573668708314855e-05,-7.004256856757524e-07,6.313643638380917e-07,0.0001069559566306128,1.873065335423553e-05,2.43106538994236e-05,2.763747312739232e-07,0.0001123834100181593
1300,3,0,0,0,0,0,0,0,0
1350,0,-4.296915727061964e-05,-1.735374799293322e-05,-0.0002116169723368439,0.000473102488945119,-0.004260307478155783,9.522188475272384e-05,0.0001587721219096564,0.004295957496476736
1350,1,-2.209758866515071e-05,-1.030612676049743e-08,3.243593667916919e-05,3.778609712133767e-05,1.278730223044759e-05,4.264545393485944e-05,4.643654433853188e-05,8.430115743390565e-05
1350,2,-1.580426366118047e-05,-7.006137634383279e-07,6.312835910059094e-07,0.0001069556139734933,1.847594503098502e-05,2.405383046658576e-05,-2.372318124709908e-07,0.0001122950180229421
1350,3,0,0,0,0,0,0,0,0
1400,0,-4.546542172281913e-05,-1.753810315759194e-05,-0.0002116169070605374,0.0004730956422420655,-0.004260074205082469,8.615094339112361e-05,0.0001406297532811522,0.00429492803630762
1400,1,-2.215591800411099e-05,-1.498952420257769e-08,3.243533307827762e-05,3.778370987757447e-05,1.34389349127142e-05,4.239540140342642e-05,4.59373002284675e-05,8.401639765741229e-05
1400,2,-1.587547505033653e-05,-7.013198125286703e-07,6.312690950763122e-07,0.0001069552572238744,1.841271937471459e-05,2.379482554354884e-05,-7.552235655496895e-07,0.0001122414380970892
1400,3,0,0,0,0,0,0,0,0
1450,0,-4.73009425557671e-05,-1.767036385715836e-05,-0.0002116168710862412,0.0004730883527595623,-0.004259874957050049,7.961033553056795e-05,0.0001275483540890233,0.004294215289016942
1450,1,-2.174632737009219e-05,-2.159965861978307e-08,3.243486205577805e-05,3.778293440041511e-05,1.478513458294862e-05,4.383629339150608e-05,4.881765455893242e-05,8.646304325371191e-05
1450,2,-1.590958302039604e-05,-7.020734382913997e-07,6.312739133361178e-07,0.0001069552094815534,1.840334407113207e-05,2.36770805795624e-05,-9.907134964624507e-07,0.0001122216191827399
1450,3,0,0,0,0,0,0,0,0
1500,0,-4.733548406768345e-05,-1.763490613484304e-05,-0.0002116166331091863,0.0004730841697037907,-0.004259735516132667,7.945779529480617e-05,0.0001272431720494916,0.004294064846094836
1500,1,-1.973474740545304e-05,-2.714872228822233e-08,3.243883188949561e-05,3.778160673215728e-05,1.865251777845296e-05,5.058875383889336e-05,6.232052483362307e-05,9.82861885710011e-05
1500,2,-1.588250371360853e-05,-7.014159712446064e-07,6.313315727987088e-07,0.0001069551987443872,1.841856846094446e-05,2.376752913042022e-05,-8.097973081347285e-07,0.0001122379343331826
1500,3,0,0,0,0,0,0,0,0
1550,0,-4.98923335550614e-05,-1.775006108505201e-05,-0.000211616629830527,0.0004730776226808461,-0.004259706513077736,7.109106161161808e-05,0.0001105096069098596,0.004293454813379967
1550,1,-1.713502465314796e-05,1.124292817580536e-08,3.243686300987716e-05,3.778109046809995e-05,2.124998805476779e-05,5.909021701952294e-05,7.932553261523099e-05,0.0001140566786276888
1550,2,-1.589195993762521e-05,-7.016226451109785e-07,6.3132870425184e-07,0.0001069551798130687,1.841404644838652e-05,2.373644132180434e-05,-8.719723931555343e-07,0.0001122324009315274
1550,3,0,0,0,0,0,0,0,0
1600,0,-5.085073462115929e-05,-1.77862237051363e-05,-0.0002116166142856116,0.0004730776481489319,-0.004259678655719431,6.804599789599246e-05,0.0001044194440592516,0.004293236789149188
1600,1,-1.862094706454609e-05,-8.816088710830148e-09,3.243598549088181e-05,3.77760420729665e-05,1.996466681669016e-05,5.438639096176732e-05,6.991865259670288e-05,0.0001052185709875085
1600,2,-1.59009624672838e-05,-7.015981079158959e-07,6.313105971701617e-07,0.0001069551729222633,1.83697524097624e-05,2.370817048658456e-05,-9.284961990729566e-07,0.0001122208878587269
1600,3,0,0,0,0,0,0,0,0
1650,0,-5.047095613997388e-05,-1.778363701981405e-05,-0.0002116164092321184,0.0004730792209152175,-0.004258914798174636,6.920246509422128e-05,0.0001067321146125005,0.004292549942942196
1650,1,-1.937463906234889e-05,-1.594211864671588e-08,3.243549283434453e-05,3.777074770030923e-05,1.933411174025937e-05,5.201528369251507e-05,6.51773698354839e-05,0.0001009036898396871
1650,2,-1.591641427632899e-05,-7.017011014026821e-07,6.313003486097868e-07,0.000106955130152105,1.832295683088392e-05,2.366087133161235e-05,-1.023074654290706e-06,0.0001122062266310614
1650,3,0,0,0,0,0,0,0,0
1700,0,-5.106490289114562e-05,-1.780032824007117e-05,-0.0002116164092321184,0.0004730786738139052,-0.004258914798174636,6.743826638428797e-05,0.0001032036857659019,0.004292442613583324
1700,1,-2.038928707566899e-05,-2.583313751598903e-08,3.243487027884327e-05,3.776675267135054e-05,1.851320722271912e-05,4.900680308110789e-05,5.916164543088595e-05,9.559590991324411e-05
1700,2,-1.5927299149111e-05,-7.019934273190961e-07,6.312991077719439e-07,0.000106955129024782,1.831930757818116e-05,2.362856065298924e-05,-1.087705393984983e-06,0.0001122009751647846
1700,3,0,0,0,0,0,0,0,0
1750,0,-5.128674084035713e-05,-1.782208804968908e-05,-0.0002116162052760082,0.0004730761044829554,-0.00425845056919863,6.68062366667112e-05,0.000101939519438524,0.004291944357137651
1750,1,-2.128103760095775e-05,-3.007711736573325e-08,3.24345797940343e-05,3.776495141142072e-05,1.734707580166033e-05,4.644003214762822e-05,5.40288070822213e-05,9.114706033108304e-05
1750,2,-1.593360981952379e-05,-7.020464140765816e-07,6.312961940638254e-07,0.0001069551194263448,1.831111872944603e-05,2.361021735049282e-05,-1.12439145438171e-06,0.0001121970257450737
1750,3,0,0,0,0,0,0,0,0
1800,0,-5.223249343053935e-05,-1.78528644677075e-05,-0.0002116162045734439,0.0004730746286867786,-0.004258434979291229,6.415391690036642e-05,9.663485060339043e-05,0.004291777076310088
1800,1,-2.191139045659506e-05,-3.910165306669001e-08,3.243428749128228e-05,3.776435136012609e-05,1.683185944892867e-05,4.467188669144246e-05,5.049314470299129e-05,8.824220313703431e-05
1800,2,-1.593003338621844e-05,-7.019535424952281e-07,6.312993773909184e-07,0.0001069551560699905,1.831254826339562e-05,2.36204095592573e-05,-1.104007626037514e-06,0.0001121987284054787
1800,3,0,0,0,0,0,0,0,0
1850,0,-5.266707721211872e-05,-1.786964632456487e-05,-0.000211616191888051,0.0004730739520274433,-0.004258373030822304,6.295695053429513e-05,9.424089487665988e-05,0.004291649952589373
1850,1,-2.227881700871323e-05,-4.214088345632985e-08,3.243415006115294e-05,3.776385711625848e-05,1.66320125689366e-05,4.36478302457072e-05,4.844550118527228e-05,8.662074791868237e-05
1850,2,-1.593817805298287e-05,-7.020220317713927e-07,6.312977507771272e-07,0.0001069551415693411,1.830334960951913e-05,2.35980619317374e-05,-1.148701894669159e-06,0.0001121941168219387
1850,3,0,0,0,0,0,0,0,0
1900,0,-5.312818982275038e-05,-1.788601651975178e-05,-0.0002116161470781807,0.0004730733723031285,-0.004258127298259148,6.173044241940479e-05,9.178786765504018e-05,0.004291340824471643
1900,1,-2.305422485358029e-05,-4.847757947357419e-08,3.243387355562532e-05,3.776252574295971e-05,1.598382187450788e-05,4.157945566311523e-05,4.430911599137339e-05,8.340920568425934e-05
1900,2,-1.594330864268203e-05,-7.020493244204585e-07,6.312967343751479e-07,0.0001069551388522351,1.829974060601904e-05,2.358437402975153e-05,-1.176077264350734e-06,0.0001121916600668338
1900,3,0,0,0,0,0,0,0,0
1950,0,-5.33939039350552e-05,-1.789478554011989e-05,-0.0002116161343568848,0.0004730732142627481,-0.00425809764480963,6.10356872759738e-05,9.039835338538786e-05,0.004291275283275281
1950,1,-2.352448256234068e-05,-4.915664167240841e-08,3.243362457272068e-05,3.776186996832766e-05,1.546923155116917e-05,4.035100700425428e-05,4.185260530852837e-05,8.155025435142979e-05
1950,2,-1.598692733924832e-05,-7.025193053994962e-07,6.312938424314241e-07,0.0001069550899591164,1.827571706147243e-05,2.347120325419059e-05,-1.402403761612293e-06,0.0001121727735764082
1950,3,0,0,0,0,0,0,0,0
2000,0,-5.335146855543553e-05,-1.789658702844483e-05,-0.0002116161076115086,0.000473072428682484,-0.004257951999922497,6.114570787160237e-05,9.061839115843456e-05,0.004291136363581997
2000,1,-2.430270342679757e-05,-5.345700293823794e-08,3.243341366337927e-05,3.776019187597074e-05,1.47619216754759e-05,3.837741486235152e-05,3.790563732397912e-05,7.871442248964931e-05
2000,2,-1.610809563311974e-05,-7.036813989190624e-07,6.312845289169953e-07,0.0001069545731522566,1.820282476192935e-05,2.316543722093606e-05,-2.013926587132503e-06,0.0001121235094082582
2000,3,0,0,0,0,0,0,0,0
2050,0,-5.418040224373201e-05,-1.792160922940689e-05,-0.0002116161038404054,0.0004730705726037592,-0.004257946165051173,5.910762818760816e-05,8.654221025154945e-05,0.004291028157967748
2050,1,-2.462801211371301e-05,-5.644583715252823e-08,3.243338348960556e-05,3.775952198450304e-05,1.447199952053041e-05,3.756984967067737e-05,3.629040723932573e-05,7.760266789153158e-05
2050,2,-1.618102472850127e-05,-7.045062481072081e-07,6.312761553132093e-07,0.0001069544884305452,1.816259381391026e-05,2.29844496474964e-05,-2.375882732672266e-06,0.0001120972459686173
2050,3,0,0,0,0,0,0,0,0
2100,0,-5.41302789813168e-05,-1.792110921937187e-05,-0.0002116160773441672,0.0004730703949319533,-0.004257850146813426,5.922757121820814e-05,8.678209321826835e-05,0.004290938723126294
2100,1,-2.485925755827845e-05,-5.853771228482558e-08,3.243323263857542e-05,3.775921950220174e-05,1.424694383490915e-05,3.701316942906006e-05,3.517726775726335e-05,7.685082716862293e-05
2100,2,-1.627717383858567e-05,-7.05340324561766e-07,6.312652065805483e-07,0.0001069544400876394,1.810884128185577e-05,2.275195999872599e-05,-2.840845133694967e-06,0.0001120658148624957
2100,3,0,0,0,0,0,0,0,0
2150,0,-5.426461806515887e-05,-1.792656853242604e-05,-0.0002116160743653998,0.0004730701955181797,-0.004257789905903223,5.891318028261447e-05,8.615330418549851e-05,0.004290863645106309
2150,1,-2.537446190999876e-05,-6.184531630837954e-08,3.243312174822379e-05,3.775876901105068e-05,1.386021233847628e-05,3.580098643456935e-05,3.275303642119378e-05,7.528663012908752e-05
2150,2,-1.639807212848187e-05,-7.064823291194507e-07,6.312516939527496e-07,0.0001069543359980569,1.805197215958332e-05,2.246760837719585e-05,-3.409536356419565e-06,0.0001120326578168428
2150,3,0,0,0,0,0,0,0,0
2200,0,-5.596973690451622e-05,-1.802505591780566e-05,-0.0002116160743653998,0.0004730694076100021,-0.004257789905903223,5.498533192673243e-05,7.829760441985168e-05,0.004290683200357801
2200,1,-2.537873644333671e-05,-6.226837068114573e-08,3.243312106739076e-05,3.775877176009121e-05,1.386364575241333e-05,3.579053213812363e-05,3.273214281965665e-05,7.527464623402685e-05
2200,2,-1.642472107767131e-05,-7.068599211836092e-07,6.312491679964946e-07,0.0001069543326429812,1.804179437018685e-05,2.240634781562864e-05,-3.532053822971405e-06,0.0001120264479075564
2200,3,0,0,0,0,0,0,0,0
2250,0,-5.588548330665801e-05,-1.802451244471719e-05,-0.000211616055109505,0.0004730692192767124,-0.00425775175476766,5.51768975144944e-05,7.86807292182227e-05,0.004290653687224966
2250,1,-2.544482120046834e-05,-6.261537019066595e-08,3.243303621775799e-05,3.775840501411451e-05,1.378315270043168e-05,3.564265733998228e-05,3.243652250870405e-05,7.508358107600604e-05
2250,2,-1.646276260872092e-05,-7.072156491183531e-07,6.312380446809784e-07,0.0001069543153321745,1.801671885181517e-05,2.232061772037498e-05,-3.703502287736852e-06,0.0001120164041519298
2250,3,0,0,0,0,0,0,0,0
2300,0,-5.600514803398485e-05,-1.802995646766912e-05,-0.0002116160413581037,0.0004730690367231525,-0.004257626997577417,5.491973684721407e-05,7.816640414668276e-05,0.004290518748722054
2300,1,-2.548499033000907e-05,-6.233316430187502e-08,3.243295593928322e-05,3.775793934880474e-05,1.373173449144832e-05,3.556064854161354e-05,3.227261074117132e-05,7.497792270573046e-05
2300,2,-1.652650099365243e-05,-7.077978596248642e-07,6.312235938890927e-07,0.0001069541904424211,1.797612571291514e-05,2.218020246610967e-05,-3.984321798963414e-06,0.0001120008964544673
2300,3,0,0,0,0,0,0,0,0
2350,0,-5.684060977531669e-05,-1.80631503577351e-05,-0.0002116160403469813,0.0004730685242780599,-0.004257620963700108,5.312869970844048e-05,7.458431319344681e-05,0.004290437513653021
2350,1,-2.566410298649598e-05,-6.331354957158425e-08,3.243293503043508e-05,3.775785679367021e-05,1.362644996026553e-05,3.517400038657407e-05,3.149933795360602e-05,7.450704629950498e-05
2350,2,-1.657123582012497e-05,-7.080966470374634e-07,6.312211716834842e-07,0.0001069541542329926,1.795571842190742e-05,2.208362601587931e-05,-4.177474432990594e-06,0.0001119921535645441
2350,3,0,0,0,0,0,0,0,0
2400,0,-5.704975940973689e-05,-1.80716622946822e-05,-0.0002116160377406587,0.0004730683277791912,-0.004257600249055832,5.268754106710839e-05,7.370199249794134e-05,0.004290399059719947
2400,1,-2.582120555367938e-05,-6.429984706419746e-08,3.24329007260081e-05,3.775764091116545e-05,1.346646488087466e-05,3.484504268415255e-05,3.084146062576997e-05,7.410121225037057e-05
2400,2,-1.662310597624195e-05,-7.085199966892559e-07,6.31217182486511e-07,0.0001069541181748852,1.791776219104639e-05,2.197445472582543e-05,-4.395812577547754e-06,0.0001119806122202903
2400,3,0,0,0,0,0,0,0,0
2450,0,-5.796148391571571e-05,-1.811002777283449e-05,-0.0002116160377406587,0.0004730680003424254,-0.004257600249055832,5.080605889729526e-05,6.993902599641658e-05,0.004290325720832739
2450,1,-2.589404509456498e-05,-6.484140669658275e-08,3.243289368171506e-05,3.775759452415738e-05,1.343484044037305e-05,3.46949174554871e-05,3.054121649999297e-05,7.392585780894456e-05
2450,2,-1.668639228728989e-05,-7.120149446456093e-07,6.312160271248558e-07,0.0001069541052708819,1.791150306155932e-05,2.18443280500184e-05,-4.656064500359154e-06,0.0001119740919468744
2450,3,0,0,0,0,0,0,0,0
2500,0,-5.870603362620538e-05,-1.817635147318228e-05,-0.000211616036116939,0.0004730677703221854,-0.004257595817139033,4.92991333634642e-05,6.692516282754813e-05,0.004290266048193995
2500,1,-2.596158619038614e-05,-6.500671625131925e-08,3.243288372832327e-05,3.775756647274666e-05,1.340578223296177e-05,3.455922088008612e-05,3.026983206164968e-05,7.376890560683055e-05
2500,2,-1.675076858860885e-05,-7.181584864707861e-07,6.312140868703107e-07,0.0001069540887849737,1.790607013145288e-05,2.171405945180762e-05,-4.916599118855328e-06,0.0001119686572719928
2500,3,0,0,0,0,0,0,0,0
2550,0,-5.940699805591688e-05,-1.825008286788774e-05,-0.000211616036116939,0.0004730675558925398,-0.004257595817139033,4.790844315125076e-05,6.414378160873098e-05,0.004290217745276657
2550,1,-2.602154394672825e-05,-6.52695924262732e-08,3.243288231479937e-05,3.775753924620223e-05,1.337463727182775e-05,3.444133553153081e-05,3.003406316364634e-05,7.363273796438432e-05
2550,2,-1.681930464143778e-05,-7.211677083259242e-07,6.312137400308585e-07,0.0001069540818726404,1.789991829447937e-05,2.157830584212921e-05,-5.188106116698339e-06,0.0001119639672150541
2550,3,0,0,0,0,0,0,0,0
2600,0,-5.919194550504507e-05,-1.824441739107717e-05,-0.0002116159483492981,0.0004730680571511328,-0.004257520485230929,4.832371242175622e-05,6.497430028794507e-05,0.00429015719578109
2600,1,-2.308543699427332e-05,-5.927022669023603e-08,3.243616994615961e-05,3.776047634930872e-05,1.765687214129355e-05,4.012598290911104e-05,4.13949133655229e-05,8.152483118568595e-05
2600,2,-1.682249117466371e-05,-7.215375332703917e-07,6.312109132360893e-07,0.0001069540628623023,1.792121418309977e-05,2.15720669956536e-05,-5.200510895261048e-06,0.0001119672100283699
2600,3,0,0,0,0,0,0,0,0
2650,0,-5.934955444224478e-05,-1.824919615414539e-05,-0.0002116159162869608,0.0004730679158680917,-0.004257478654518243,4.802119987794359e-05,6.436927223838925e-05,0.004290105346532553
2650,1,-2.290922961203369e-05,-6.006750370982698e-08,3.243594802837631e-05,3.776046217103127e-05,1.783772964235859e-05,4.045666523521155e-05,4.205618917412234e-05,8.201480991862819e-05
2650,2,-1.682388263171678e-05,-7.215562584779573e-07,6.312110944817964e-07,0.0001069540619465538,1.791953343569351e-05,2.156943535657326e-05,-5.205773692440552e-06,0.0001119668869105694
2650,3,0,0,0,0,0,0,0,0
2700,0,-5.932101013884875e-05,-1.82490669138692e-05,-0.0002116159056990017,0.0004730680148742618,-0.004257445503368643,4.807504464437387e-05,6.447695988597275e-05,0.004290074282731778
2700,1,-2.306334485751154e-05,-6.148956639500801e-08,3.243590364543121e-05,3.775990762232842e-05,1.775845957534723e-05,4.017102420202523e-05,4.148480459944977e-05,8.160810750476462e-05
2700,2,-1.682755573996322e-05,-7.215695475945627e-07,6.312096862777283e-07,0.0001069540568050075,1.791339198175705e-05,2.156255346994233e-05,-5.219533884042036e-06,0.0001119657664016697
2700,3,0,0,0,0,0,0,0,0
2750,0,-5.909258513293978e-05,-1.824524868025601e-05,-0.0002116158826684547,0.0004730684992234341,-0.0042574067996031,4.849659042791915e-05,6.532004994050794e-05,0.00429005025553154
2750,1,-2.199090368502213e-05,-5.654257032767889e-08,3.243671519794285e-05,3.776071082948597e-05,1.857327454368666e-05,4.215432473454194e-05,4.545130091930881e-05,8.455406077465842e-05
2750,2,-1.68299147159279e-05,-7.215958515922404e-07,6.312047839284617e-07,0.0001069540518444318,1.791009105838161e-05,2.155821778603771e-05,-5.228205105480565e-06,0.0001119651579724417
2750,3,0,0,0,0,0,0,0,0
2800,0,-5.917400381799177e-05,-1.824818940050155e-05,-0.0002116158777825786,0.0004730684372117278,-0.004257370833319295,4.834979894220331e-05,6.502646563365884e-05,0.004290009573631308
2800,1,-2.219297367780709e-05,-5.783804864513842e-08,3.243667641417633e-05,3.776049076569692e-05,1.8466015335063e-05,4.179021110746911e-05,4.472311458958969e-05,8.401247830485161e-05
2800,2,-1.683011662089073e-05,-7.21607855924164e-07,6.31204708988455e-07,0.0001069540508047702,1.791025201968838e-05,2.155784253580641e-05,-5.228955367423208e-06,0.0001119651759376388
2800,3,0,0,0,0,0,0,0,0
2850,0,-5.917426474781617e-05,-1.825052629640588e-05,-0.0002116158744799496,0.0004730684198648332,-0.004257356423973574,4.834927757104252e-05,6.502542051906846e-05,0.004289995263660352
2850,1,-2.237842045751897e-05,-5.904244918521775e-08,3.243661638281898e-05,3.776030633218831e-05,1.836029056493599e-05,4.146197369697314e-05,4.406669223410033e-05,8.352748590603848e-05
2850,2,-1.683244156785017e-05,-7.216402440574774e-07,6.312045592315044e-07,0.0001069540502650748,1.790986500130971e-05,2.155371252801626e-05,-5.237214844993585e-06,0.0001119650541397395
2850,3,0,0,0,0,0,0,0,0
2900,0,-5.898551424994667e-05,-1.824497908023551e-05,-0.0002116158725017215,0.0004730684188261293,-0.004257355839559806,4.867852426679038e-05,6.568389785913754e-05,0.004290005815186622
2900,1,-2.244115420249242e-05,-5.923120328784462e-08,3.243658042151606e-05,3.776017111759545e-05,1.833551989934651e-05,4.135371088967089e-05,4.385027202245202e-05,8.337108751429304e-05
2900,2,-1.683498605058962e-05,-7.216448599849388e-07,6.312035360311819e-07,0.0001069540491807282,1.790580538847804e-05,2.154929372418186e-05,-5.246051585084766e-06,0.0001119643495249246
2900,3,0,0,0,0,0,0,0,0
2950,0,-5.915258096470721e-05,-1.825114427924796e-05,-0.0002116158723104074,0.0004730682765540497,-0.004257352417997151,4.839296647871801e-05,6.51127808685948e-05,0.004289992793497565
2950,1,-2.266764842316502e-05,-6.198418333756673e-08,3.243657440565127e-05,3.775994035577375e-05,1.825571587538721e-05,4.096619408194637e-05,4.307524265002604e-05,8.281755448551549e-05
2950,2,-1.683587634245246e-05,-7.216838705160632e-07,6.312035360311819e-07,0.0001069540491793581,1.790580538847804e-05,2.154777936276422e-05,-5.249080306962344e-06,0.0001119643341414449
2950,3,0,0,0,0,0,0,0,0
3000,0,-5.933024643459135e-05,-1.825987335584015e-05,-0.0002116158719775188,0.0004730681560757464,-0.004257350407834598,4.809449842355433e-05,6.45158440638487e-05,0.004289980900736736
3000,1,-2.279927237578864e-05,-6.338888057226049e-08,3.243656349731111e-05,3.77598088547132e-05,1.820630427646237e-05,4.074484078463553e-05,4.263254812089234e-05,8.250388100282182e-05
3000,2,-1.685007955232759e-05,-7.223199957115173e-07,6.312036013785583e-07,0.0001069540506728161,1.790615526947306e-05,2.152401626541871e-05,-5.296606590354467e-06,0.000111964199700204
3000,3,0,0,0,0,0,0,0,0
3050,0,-5.946036277987814e-05,-1.827186359538986e-05,-0.0002116158717749982,0.0004730680771823008,-0.00425734885685621,4.787913466845941e-05,6.408511575933728e-05,0.004289972340371274
3050,1,-2.289641828436221e-05,-6.455359651314357e-08,3.24365530368216e-05,3.775974065172746e-05,1.816207298154082e-05,4.058432813416922e-05,4.231153436201135e-05,8.227631888685809e-05
3050,2,-1.687151866192894e-05,-7.239568803910025e-07,6.31203567202406e-07,0.0001069540496691979,1.790594972148405e-05,2.148861969132105e-05,-5.367399469289063e-06,0.0001119639772553585
3050,3,0,0,0,0,0,0,0,0
3100,0,-5.960420219632597e-05,-1.828848358219089e-05,-0.0002116158713914915,0.0004730680276827219,-0.004257348112805251,4.764523601151381e-05,6.36173177668674e-05,0.004289964096660073
3100,1,-2.299176855487925e-05,-6.581290065231909e-08,3.243653561591861e-05,3.775967843760247e-05,1.813757840476802e-05,4.042926900693549e-05,4.200143392253345e-05,8.206196381677768e-05
3100,2,-1.689351737383351e-05,-7.268232091577211e-07,6.312035533995442e-07,0.0001069540494716758,1.790592294220558e-05,2.145283240898957e-05,-5.438974076282739e-06,0.0001119638997683439
3100,3,0,0,0,0,0,0,0,0
3150,0,-5.972001414893271e-05,-1.830335012801837e-05,-0.0002116158710435649,0.0004730679975342482,-0.00425734506363982,4.745949646054819e-05,6.3245838460067e-05,0.004289955189820705
3150,1,-2.309868188801068e-05,-6.797466885449609e-08,3.243652856842547e-05,3.775963518727259e-05,1.810506730585157e-05,4.025825496920457e-05,4.165941401208083e-05,8.182603187073274e-05
3150,2,-1.690630904673032e-05,-7.279951738765127e-07,6.312035533995442e-07,0.0001069540492788532,1.790592294220558e-05,2.143237930817708e-05,-5.479880282287601e-06,0.000111963915547626
3150,3,0,0,0,0,0,0,0,0
3200,0,-5.982420529025961e-05,-1.8317647566243e-05,-0.0002116158710435649,0.0004730679700791529,-0.00425734506363982,4.729554732191856e-05,6.291793982566092e-05,0.004289950067284005
3200,1,-2.32153544031747e-05,-6.925890392818375e-08,3.243652194566781e-05,3.775957566773625e-05,1.806079775825163e-05,4.007445093262861e-05,4.129181121586484e-05,8.15722912152332e-05
3200,2,-1.692302651880942e-05,-7.290393464201298e-07,6.312035205789742e-07,0.0001069540488940194,1.790573025854265e-05,2.140602040869207e-05,-5.532597984152863e-06,0.0001119639667210702
3200,3,0,0,0,0,0,0,0,0
3250,0,-5.997422486520928e-05,-1.833534196799163e-05,-0.0002116158710435649,0.0004730679090228718,-0.00425734506363982,4.706257983104951e-05,6.245200424372979e-05,0.004289942860457563
3250,1,-2.32672910902163e-05,-7.089039755406869e-08,3.243651742408177e-05,3.775954178481917e-05,1.805209852887333e-05,3.999404587525415e-05,4.113100498211301e-05,8.146437292543458e-05
3250,2,-1.694453312834949e-05,-7.310208562346575e-07,6.312035205789742e-07,0.0001069540462812717,1.790573025854265e-05,2.137267170559976e-05,-5.599295440018905e-06,0.0001119641746703044
3250,3,0,0,0,0,0,0,0,0
3300,0,-6.000316017606814e-05,-1.833846654408391e-05,-0.0002116158671723624,0.0004730678892145897,-0.004257341062855496,4.70180962550481e-05,6.23630367810338e-05,0.004289937523652172
3300,1,-2.327045470048178e-05,-7.139266852190236e-08,3.243651151165763e-05,3.775952169588102e-05,1.803823549007793e-05,3.998878353794284e-05,4.112049525410293e-05,8.145430495075479e-05
3300,2,-1.695639889663589e-05,-7.328723465222859e-07,6.312034963074407e-07,0.0001069540448613313,1.790584536974813e-05,2.135451839570723e-05,-5.635602173676842e-06,0.0001119643579968618
3300,3,0,0,0,0,0,0,0,0
3350,0,-6.009261868757399e-05,-1.834131330650904e-05,-0.0002116158671201082,0.0004730678693646413,-0.004257340609364235,4.688348912839326e-05,6.209382228714464e-05,0.00428993295743624
3350,1,-2.335911023007226e-05,-7.224312704718993e-08,3.243650320251148e-05,3.77594918111495e-05,1.800306378869948e-05,3.985538313335467e-05,4.085369772796352e-05,8.127204747136103e-05
3350,2,-1.696359646951034e-05,-7.331322157628263e-07,6.312035114483453e-07,0.0001069540447826726,1.790598689587261e-05,2.134370813798692e-05,-5.657222694612543e-06,0.0001119645015783313
3350,3,0,0,0,0,0,0,0,0
3400,0,-6.012614986780831e-05,-1.834289325264357e-05,-0.0002116158657967398,0.000473067859067974,-0.004257338847567601,4.683351040660761e-05,6.199386321658616e-05,0.004289929692821622
3400,1,-2.337220436440327e-05,-7.269917535391883e-08,3.24364916406694e-05,3.77594713257061e-05,1.799321586372326e-05,3.983599912051659e-05,4.081493436440864e-05,8.124463303500664e-05
3400,2,-1.696902914059027e-05,-7.332971083365486e-07,6.31203442581425e-07,0.0001069540428941185,1.79058356919636e-05,2.133563818564727e-05,-5.673362614474344e-06,0.0001119645784870283
3400,3,0,0,0,0,0,0,0,0
3450,0,-6.013877858493891e-05,-1.834316533398748e-05,-0.000211615865315845,0.0004730678573910831,-0.004257338223113995,4.681482344028185e-05,6.195648920844916e-05,0.004289928507188708
3450,1,-2.338714690854298e-05,-7.403566174400688e-08,3.243648992025512e-05,3.775946748420916e-05,1.800598650422909e-05,3.981381408901288e-05,4.077057046154628e-05,8.121860712240584e-05
3450,2,-1.69742416248833e-05,-7.334316648308835e-07,6.312032878563907e-07,0.0001069540390388633,1.790557996055284e-05,2.132800754871707e-05,-5.688623639709414e-06,0.0001119646454185442
3450,3,0,0,0,0,0,0,0,0
3500,0,-6.018321899446183e-05,-1.8344120460093e-05,-0.0002116158646222159,0.0004730678208772653,-0.004257336616814808,4.675106393909476e-05,6.182896994066242e-05,0.004289925001242898
3500,1,-2.34407869734453e-05,-7.543880482339734e-08,3.243647726755568e-05,3.775942149707988e-05,1.798595872316538e-05,3.973653152588272e-05,4.061601349208296e-05,8.111425494423564e-05
3500,2,-1.69783427368762e-05,-7.335209694678605e-07,6.312034602426998e-07,0.0001069540350330194,1.790564204221269e-05,2.132212079777266e-05,-5.700396941201132e-06,0.0001119647515082401
3500,3,0,0,0,0,0,0,0,0
3550,0,-6.021505832802456e-05,-1.834559334524288e-05,-0.0002116158645490127,0.0004730678060109569,-0.004257336555777359,4.670579818047754e-05,6.173843821488296e-05,0.004289923595211527
3550,1,-2.346753874453549e-05,-7.572566521567047e-08,3.243647419215806e-05,3.775940033276825e-05,1.797537890216299e-05,3.969848300707039e-05,4.053992138932889e-05,8.106292189776649e-05
3550,2,-1.698270936173524e-05,-7.336348941173149e-07,6.31203496011263e-07,0.0001069540294285814,1.790575244005673e-05,2.131592763625234e-05,-5.712783268737082e-06,0.0001119648788701187
3550,3,0,0,0,0,0,0,0,0
3600,0,-6.025575454470336e-05,-1.834715645523838e-05,-0.0002116158643263605,0.0004730677871814069,-0.004257336170735077,4.6648901757787e-05,6.162464521201202e-05,0.004289921533896741
3600,1,-2.350774065995379e-05,-7.618755297390653e-08,3.243647075476442e-05,3.77593723344844e-05,1.796149126958632e-05,3.964207710163048e-05,4.042711475822202e-05,8.098750251014832e-05
3600,2,-1.698920620810141e-05,-7.337768084366954e-07,6.312035366908868e-07,0.0001069540217858831,1.790588282475568e-05,2.13068392702573e-05,-5.730960003825192e-06,0.0001119650780022672
3600,3,0,0,0,0,0,0,0,0
3650,0,-6.026222633160192e-05,-1.834732374133612e-05,-0.0002116158634854107,0.0004730677779703635,-0.004257330983720492,4.663994586839192e-05,6.160673329809743e-05,0.004289916122201944
3650,1,-2.355512343304354e-05,-7.67299768781002e-08,3.243646674049716e-05,3.77593420736298e-05,1.794161353555966e-05,3.957672558298401e-05,4.029641631974365e-05,8.089970264605636e-05
3650,2,-1.699470448386901e-05,-7.339653267751198e-07,6.312033598026882e-07,0.0001069540121914421,1.790522312088099e-05,2.129925446622626e-05,-5.746129452340439e-06,0.0001119651333524511
3650,3,0,0,0,0,0,0,0,0
3700,0,-6.030290812051778e-05,-1.834820411573833e-05,-0.0002116158634256025,0.0004730677596704029,-0.004257330634651221,4.658467672406254e-05,6.149619484821736e-05,0.004289914162665852
3700,1,-2.359383780686869e-05,-7.703727361718263e-08,3.243646331448799e-05,3.775932111785044e-05,1.792987065055551e-05,3.952401204563501e-05,4.019099191133709e-05,8.08301257043297e-05
3700,2,-1.700112496718235e-05,-7.341596849429483e-07,6.312033591788806e-07,0.0001069540025272249,1.790519821209545e-05,2.129051510969861e-05,-5.763608162933822e-06,0.0001119653323603944
3700,3,0,0,0,0,0,0,0,0
3750,0,-6.032025894189877e-05,-1.834883903535135e-05,-0.0002116158633315558,0.0004730677485454376,-0.004257329738124198,4.656139377023193e-05,6.144962871048023e-05,0.004289912598321241
3750,1,-2.361476414588197e-05,-7.721965553154787e-08,3.243645704776937e-05,3.775930497580255e-05,1.791697206839094e-05,3.949587932046408e-05,4.013473302603952e-05,8.079165224870648e-05
3750,2,-1.700624253589159e-05,-7.342762017347241e-07,6.312033027255594e-07,0.0001069539954004136,1.790484947134285e-05,2.128364298285105e-05,-5.777352398465185e-06,0.000111965449538686
3750,3,0,0,0,0,0,0,0,0
3800,0,-6.033706419842085e-05,-1.834905621713947e-05,-0.0002116158630960731,0.0004730677419921386,-0.004257329197632802,4.653910625851849e-05,6.140505349260745e-05,0.004289911418343054
3800,1,-2.362523065136375e-05,-7.720313759415828e-08,3.243645472377275e-05,3.775929749228398e-05,1.791502408867254e-05,3.948199578730533e-05,4.010697009187577e-05,8.077370088840727e-05
3800,2,-1.700741870164176e-05,-7.342898087615536e-07,6.312032933474724e-07,0.0001069539944865062,1.790482758992024e-05,2.128208878674121e-05,-5.780460790879887e-06,0.0001119654889139494
3800,3,0,0,0,0,0,0,0,0
3850,0,-6.037053991405443e-05,-1.835011712545909e-05,-0.0002116158630198053,0.0004730677244366846,-0.004257329090676013,4.649542364621957e-05,6.131768809955018e-05,0.00428991006244694
3850,1,-2.365516843043348e-05,-7.753503998231289e-08,3.243645116425943e-05,3.775927594999643e-05,1.790870058311272e-05,3.944282661054247e-05,4.002863377758048e-05,8.072303846646585e-05
3850,2,-1.700931755654091e-05,-7.343364451365726e-07,6.312033393391413e-07,0.0001069539891322039,1.790493578071744e-05,2.127961487086179e-05,-5.785408622638661e-06,0.0001119655752005759
3850,3,0,0,0,0,0,0,0,0
3900,0,-6.038291914432039e-05,-1.835108510326196e-05,-0.0002116158630170684,0.0004730677223270705,-0.004257328899932258,4.647936474477467e-05,6.128557024881139e-05,0.004289909418309814
3900,1,-2.368006480000408e-05,-7.765829386701416e-08,3.243644811830804e-05,3.775926463170988e-05,1.790127232938095e-05,3.941067052777867e-05,3.996432515208301e-05,8.068110385414532e-05
3900,2,-1.701180231330413e-05,-7.343820692964859e-07,6.312033618027321e-07,0.0001069539873577913,1.790496697080953e-05,2.12764029947336e-05,-5.79183233724378e-06,0.0001119656780126303
3900,3,0,0,0,0,0,0,0,0
3950,0,-6.042438332488652e-05,-1.835234025578904e-05,-0.0002116158630170684,0.0004730677039672385,-0.004257328899932258,4.642657916320056e-05,6.117999900900913e-05,0.00428990792701199
3950,1,-2.370368578736567e-05,-7.829900403759423e-08,3.243644703609481e-05,3.775925276348893e-05,1.789735587191385e-05,3.938053032675079e-05,3.990404527071855e-05,8.064260326410754e-05
3950,2,-1.70146192845695e-05,-7.34454929115749e-07,6.312033618027321e-07,0.0001069539843590815,1.790496697080953e-05,2.127281213919928e-05,-5.799014048312415e-06,0.0001119657930971612
3950,3,0,0,0,0,0,0,0,0
4000,0,-6.045288430074693e-05,-1.835373406571956e-05,-0.0002116158630170684,0.0004730676949892921,-0.004257328899932258,4.639072872746985e-05,6.110829812508366e-05,0.004289906923734756
4000,1,-2.372699049260615e-05,-7.891731488320577e-08,3.243644633183252e-05,3.775924432226551e-05,1.789361446609471e-05,3.935120866324424e-05,3.984540264828276e-05,8.060530418234524e-05
4000,2,-1.701812138535662e-05,-7.345408226139258e-07,6.312033613048774e-07,0.0001069539820223867,1.790496493976584e-05,2.126841199065045e-05,-5.80781434541008e-06,0.0001119659435694809
4000,3,0,0,0,0,0,0,0,0
4050,0,-6.046293501976689e-05,-1.835463987462083e-05,-0.0002116158629564671,0.0004730676919793986,-0.004257328793116855,4.637827263233839e-05,6.108338588938788e-05,0.004289906473441064
4050,1,-2.374732244322917e-05,-7.938076836264021e-08,3.24364443248701e-05,3.775923541618539e-05,1.788798561106305e-05,3.932594881360618e-05,3.979488538757927e-05,8.057274716991429e-05
4050,2,-1.702123029398425e-05,-7.34624050407802e-07,6.312033563097353e-07,0.0001069539789488527,1.790495694998787e-05,2.126455188919584e-05,-5.815534548430592e-06,0.0001119660800260425
4050,3,0,0,0,0,0,0,0,0
4100,0,-6.046846861250179e-05,-1.835479148507968e-05,-0.0002116158628549761,0.0004730676891529446,-0.004257327814826624,4.637152356936924e-05,6.106988762343095e-05,0.004289905315769578
4100,1,-2.377364086654446e-05,-8.000647227355617e-08,3.243644251955415e-05,3.775922171866601e-05,1.788071441143717e-05,3.929363824798374e-05,3.973026594411786e-05,8.053122385651342e-05
4100,2,-1.702330734733124e-05,-7.346776973782885e-07,6.312033499484518e-07,0.0001069539760594844,1.790490048417394e-05,2.126200550843555e-05,-5.82062730362682e-06,0.0001119661654195549
4100,3,0,0,0,0,0,0,0,0
4150,0,-6.047680401864915e-05,-1.8354982972309e-05,-0.0002116158628012089,0.0004730676870153508,-0.004257327261249935,4.636138195190545e-05,6.104960394772352e-05,0.004289904486159559
4150,1,-2.379215447829919e-05,-8.016204230305631e-08,3.24364409558238e-05,3.775921755284361e-05,1.787565607819518e-05,3.927121245544992e-05,3.968541617347452e-05,8.050250752346023e-05
4150,2,-1.702511046398775e-05,-7.34718836701323e-07,6.312033435078318e-07,0.000106953974397728,1.790488802839151e-05,2.125982251232111e-05,-5.824993295855699e-06,0.0001119662488014674
4150,3,0,0,0,0,0,0,0,0
4200,0,-6.048859211576749e-05,-1.835518385723356e-05,-0.0002116158627889051,0.000473067682464301,-0.004257327172382884,4.63472396434085e-05,6.102131931697951e-05,0.004289904009283892
4200,1,-2.381447400873921e-05,-8.035465855908347e-08,3.243644042400128e-05,3.775920476799722e-05,1.787015285261455e-05,3.924447591797916e-05,3.963194369793644e-05,8.046849107324217e-05
4200,2,-1.70260495397017e-05,-7.347558532496254e-07,6.312033405438585e-07,0.0001069539732873221,1.790486973646866e-05,2.125869534499639e-05,-5.827247630216542e-06,0.0001119662911401898
4200,3,0,0,0,0,0,0,0,0
4250,0,-6.049885722381009e-05,-1.835535350716489e-05,-0.0002116158627779056,0.0004730676729771317,-0.004257326963086126,4.633507776417385e-05,6.09969955195714e-05,0.00428990346870847
4250,1,-2.383533085107189e-05,-8.050982826323008e-08,3.243643987851056e-05,3.775919065085079e-05,1.786514247437109e-05,3.921979453797618e-05,3.958258121776807e-05,8.043721106741509e-05
4250,2,-1.702889051305183e-05,-7.348118615654731e-07,6.312033394270845e-07,0.0001069539683384845,1.790486489069311e-05,2.125532904680704e-05,-5.833980226595234e-06,0.0001119664295514909
4250,3,0,0,0,0,0,0,0,0
4300,0,-6.050959367955913e-05,-1.835580135637405e-05,-0.0002116158627660601,0.000473067668408955,-0.004257326606872839,4.632253567711253e-05,6.097191129739475e-05,0.004289902775996797
4300,1,-2.38532109317566e-05,-8.075883577103646e-08,3.243643950697327e-05,3.775918081309465e-05,1.786193428684717e-05,3.919887226885334e-05,3.954073703167596e-05,8.041101109882661e-05
4300,2,-1.703056453279001e-05,-7.34850534029555e-07,6.312033383450635e-07,0.0001069539659008594,1.790487634820352e-05,2.125336983704009e-05,-5.837898645478273e-06,0.0001119665162459687
4300,3,0,0,0,0,0,0,0,0
4350,0,-6.051808006743877e-05,-1.835643638720505e-05,-0.000211615862708666,0.0004730676673037841,-0.004257326497261499,4.631272060837955e-05,6.095228114936287e-05,0.004289902404591786
4350,1,-2.3865120750507e-05,-8.092842112525009e-08,3.243643867812404e-05,3.775917466838643e-05,1.78599925994153e-05,3.918509612538284e-05,3.951318580887793e-05,8.039385119756746e-05
4350,2,-1.703232263017629e-05,-7.349883124504713e-07,6.312033472378837e-07,0.0001069539645690959,1.790489474057547e-05,2.125133555834736e-05,-5.841967201948112e-06,0.0001119666123278901
4350,3,0,0,0,0,0,0,0,0
4400,0,-6.052836942105388e-05,-1.83573655984173e-05,-0.000211615862708666,0.0004730676653829292,-0.004257326497261499,4.630093489386574e-05,6.092870971694576e-05,0.004289902091456395
4400,1,-2.387643104359388e-05,-8.116844524067573e-08,3.243643819152428e-05,3.775917043698183e-05,1.785860825333994e-05,3.917216257141281e-05,3.948731936911427e-05,8.037788640268849e-05
4400,2,-1.703398170439418e-05,-7.351144380553141e-07,6.312033428527594e-07,0.0001069539632487636,1.790488499538403e-05,2.124943636946348e-05,-5.84576557992474e-06,0.0001119667005236548
4400,3,0,0,0,0,0,0,0,0
4450,0,-6.053830666217948e-05,-1.835815359729239e-05,-0.0002116158626918929,0.0004730676626164169,-0.004257326364617575,4.628970261307876e-05,6.090624512664948e-05,0.004289901662889786
4450,1,-2.388802988868698e-05,-8.148432109703489e-08,3.243643752486875e-05,3.77591621282929e-05,1.785709075376441e-05,3.915904423108174e-05,3.946108301628247e-05,8.036171304601925e-05
4450,2,-1.703547451103374e-05,-7.351540076419177e-07,6.312033381086337e-07,0.0001069539620999471,1.790485492197422e-05,2.124775118596489e-05,-5.849135946380288e-06,0.0001119667782037102
4450,3,0,0,0,0,0,0,0,0
4500,0,-6.054834844390938e-05,-1.835909810790506e-05,-0.0002116158626891448,0.0004730676598531001,-0.00425732632671861,4.627847649949847e-05,6.088379285596662e-05,0.004289901330906598
4500,1,-2.389445313046431e-05,-8.159796301299996e-08,3.243643703333498e-05,3.775915842636637e-05,1.785596788203866e-05,3.915186497539262e-05,3.944672510239005e-05,8.035282373679075e-05
4500,2,-1.703786359556948e-05,-7.35239267799222e-07,6.312033381086337e-07,0.0001069539605117774,1.790485492197422e-05,2.124508157207608e-05,-5.854475174157409e-06,0.0001119669132370674
4500,3,0,0,0,0,0,0,0,0
4550,0,-6.055571235171946e-05,-1.836012696083176e-05,-0.0002116158626578555,0.0004730676576091595,-0.004257326174968788,4.627034427038199e-05,6.086752836782365e-05,0.004289900969883521
4550,1,-2.390153420376478e-05,-8.165542820387997e-08,3.243643667603035e-05,3.77591537740568e-05,1.78549127438911e-05,3.914403493120632e-05,3.943106539257933e-05,8.034319150155177e-05
4550,2,-1.704073398801385e-05,-7.353805877933569e-07,6.31203333704585e-07,0.0001069539576500575,1.79048418150857e-05,2.124190945418357e-05,-5.860819395592699e-06,0.0001119670762134506
4550,3,0,0,0,0,0,0,0,0
4600,0,-6.05631614531045e-05,-1.836043192725398e-05,-0.0002116158626578555,0.0004730676556035658,-0.004257326174968788,4.626220589075955e-05,6.085125159860423e-05,0.004289900757439711
4600,1,-2.390907471392457e-05,-8.179474756830888e-08,3.243643645659217e-05,3.775915112601783e-05,1.785388635308016e-05,3.913579271836279e-05,3.941458127877043e-05,8.033310148874443e-05
4600,2,-1.704294555798639e-05,-7.355757470577428e-07,6.312033332930049e-07,0.000106953956506831,1.790483973184697e-05,2.123949175036194e-05,-5.865654803235959e-06,0.0001119672072394089
4600,3,0,0,0,0,0,0,0,0
4650,0,-6.057055797052129e-05,-1.836075703479623e-05,-0.0002116158626316025,0.0004730676536649613,-0.004257326078246651,4.625419771499114e-05,6.083523523632005e-05,0.004289900453544891
4650,1,-2.391396429824401e-05,-8.198885840582825e-08,3.243643624297261e-05,3.775914948361972e-05,1.785368876394102e-05,3.913050142807857e-05,3.94039991193085e-05,8.032674316557566e-05
4650,2,-1.704488626545923e-05,-7.358320981365795e-07,6.312033328414339e-07,0.0001069539558688986,1.790483737198731e-05,2.123739331789822e-05,-5.869851668170046e-06,0.0001119673252569495
4650,3,0,0,0,0,0,0,0,0
4700,0,-6.057526819777753e-05,-1.836103881671968e-05,-0.0002116158626121467,0.0004730676505119063,-0.004257325909925662,4.624915421264595e-05,6.082514818025703e-05,0.004289900156457548
4700,1,-2.392116870810159e-05,-8.205913958928001e-08,3.243643604173277e-05,3.775914484225282e-05,1.785251177565189e-05,3.912279750596647e-05,3.938859155577935e-05,8.031731478649018e-05
4700,2,-1.704664696906841e-05,-7.36072002864622e-07,6.31203331851797e-07,0.000106953953754082,1.790483244796787e-05,2.123551007107684e-05,-5.87361815750677e-06,0.0001119674324050824
4700,3,0,0,0,0,0,0,0,0
4750,0,-6.057625821271454e-05,-1.836106343784336e-05,-0.0002116158623856674,0.0004730676501677544,-0.004257324907860562,4.624810772405376e-05,6.082305513645063e-05,0.004289899135079078
4750,1,-2.392769761529613e-05,-8.204594503116121e-08,3.243643561040168e-05,3.7759141039541e-05,1.785125565504467e-05,3.911588378386379e-05,3.937476446290707e-05,8.030883077857465e-05
4750,2,-1.704806437812991e-05,-7.362727222319179e-07,6.31203316957695e-07,0.0001069539527439522,1.790474422471437e-05,2.123400997714174e-05,-5.876618339023467e-06,0.0001119675073863378
4750,3,0,0,0,0,0,0,0,0
4800,0,-6.058057815465531e-05,-1.836115488182702e-05,-0.0002116158623846482,0.0004730676492381218,-0.004257324890647503,4.62435763630998e-05,6.081399240763102e-05,0.004289899001955734
4800,1,-2.393300905241221e-05,-8.211020767471563e-08,3.24364353800583e-05,3.775913909468e-05,1.785057399003819e-05,3.911032264292884e-05,3.936364244363766e-05,8.030210000469172e-05
4800,2,-1.704950492461086e-05,-7.364157115290294e-07,6.31203316957695e-07,0.0001069539516972623,1.790474422471437e-05,2.123250094376576e-05,-5.879636405775436e-06,0.0001119675989467745
4800,3,0,0,0,0,0,0,0,0
4850,0,-6.058294955368379e-05,-1.836119503342076e-05,-0.0002116158623757228,0.0004730676489112163,-0.004257324755533184,4.624112017439003e-05,6.080908002596109e-05,0.004289898805379838
4850,1,-2.393942574600758e-05,-8.218506550273249e-08,3.243643513460905e-05,3.775913646190667e-05,1.784954692528434e-05,3.910366791938795e-05,3.935033320092469e-05,8.029401885094359e-05
4850,2,-1.705062117915255e-05,-7.36581617283993e-07,6.31203316957695e-07,0.000106953951269247,1.790474422471437e-05,2.12313433421542e-05,-5.881951608998557e-06,0.0001119676716976877
4850,3,0,0,0,0,0,0,0,0
4900,0,-6.058748192809209e-05,-1.836134621534369e-05,-0.0002116158623561331,0.0004730676480909387,-0.004257324731161728,4.623647131910228e-05,6.079978231055173e-05,0.004289898663866383
4900,1,-2.394331001142113e-05,-8.229055858537964e-08,3.243643492125525e-05,3.775913471693092e-05,1.784928149397631e-05,3.909968386695196e-05,3.934236531314429e-05,8.028927243281573e-05
4900,2,-1.705160673724309e-05,-7.367563613363893e-07,6.31203316957695e-07,0.0001069539508687827,1.790474422471437e-05,2.12303324166943e-05,-5.883973460058541e-06,0.0001119677370954747
4900,3,0,0,0,0,0,0,0,0
4950,0,-6.058932129143791e-05,-1.836152500495776e-05,-0.0002116158623200002,0.0004730676478876063,-0.004257324659514096,4.623460087473802e-05,6.079604130408703e-05,0.004289898546304041
4950,1,-2.394698065854558e-05,-8.238132765342946e-08,3.243643469178104e-05,3.775913358802791e-05,1.784877003591045e-05,3.909595794201011e-05,3.933491380143903e-05,8.028478745778364e-05
4950,2,-1.705244878684075e-05,-7.36936845132483e-07,6.31203316957695e-07,0.0001069539505252888,1.790474422471437e-05,2.122947753204488e-05,-5.885683229638058e-06,0.0001119677939643828
4950,3,0,0,0,0,0,0,0,0
5000,0,-6.059361876373791e-05,-1.836174804920584e-05,-0.0002116158623200002,0.0004730676473951778,-0.004257324659514096,4.623028106976429e-05,6.078740169314018e-05,0.004289898438917052
5000,1,-2.395105304872173e-05,-8.247264553820938e-08,3.243643463615224e-05,3.775913239094833e-05,1.784835960346895e-05,3.909186422659833e-05,3.932672638735923e-05,8.027990603067645e-05
5000,2,-1.705336786711314e-05,-7.370856089300929e-07,6.312033169566362e-07,0.0001069539502674142,1.790474406137918e-05,2.122855362222358e-05,-5.887531049389933e-06,0.0001119678566236332
5000,3,0,0,0,0,0,0,0,0
5050,0,-6.059558617006523e-05,-1.836194839430222e-05,-0.0002116158623010711,0.0004730676469331551,-0.004257324587628919,4.62283319621491e-05,6.078350339466852e-05,0.004289898319931967
5050,1,-2.39540772762109e-05,-8.248952222614552e-08,3.243643441514211e-05,3.775913138369493e-05,1.784771245509443e-05,3.908885515914565e-05,3.932070846739027e-05,8.027625087785807e-05
5050,2,-1.705429672008513e-05,-7.372607629680315e-07,6.312033091568062e-07,0.0001069539498313885,1.790472034623088e-05,2.122762898748615e-05,-5.889380315316452e-06,0.0001119679169932509
5050,3,0,0,0,0,0,0,0,0
5100,0,-6.059666892293714e-05,-1.836202682531953e-05,-0.000211615862298258,0.0004730676466683549,-0.004257324554188175,4.622726195147039e-05,6.078136336672691e-05,0.004289898260493838
5100,1,-2.395780782097315e-05,-8.251358850325383e-08,3.243643428844602e-05,3.775912998673589e-05,1.784699061404232e-05,3.908517791082148e-05,3.931335405409125e-05,8.027181039482963e-05
5100,2,-1.705512599547451e-05,-7.374536237347277e-07,6.312033052932619e-07,0.0001069539493517585,1.790470721502797e-05,2.122681200643437e-05,-5.891014277400331e-06,0.0001119679730894006
5100,3,0,0,0,0,0,0,0,0
5150,0,-6.059751245496702e-05,-1.836203879505202e-05,-0.0002116158622846492,0.0004730676462562007,-0.004257324501625673,4.622644024971906e-05,6.07797199531343e-05,0.004289898188112082
5150,1,-2.396092758320029e-05,-8.251930722710235e-08,3.2436434114027e-05,3.775912697890303e-05,1.784607718970272e-05,3.908213244670544e-05,3.930726305931978e-05,8.026807126861334e-05
5150,2,-1.705576760684095e-05,-7.375426013191175e-07,6.312032985145817e-07,0.0001069539488062212,1.790466676366799e-05,2.122618592256136e-05,-5.892266442177767e-06,0.0001119680116156303
5150,3,0,0,0,0,0,0,0,0
5200,0,-6.059985333087752e-05,-1.836207733016532e-05,-0.0002116158622847095,0.0004730676457334273,-0.004257324502972942,4.622417831315518e-05,6.077519607647158e-05,0.004289898134157795
5200,1,-2.396261337044179e-05,-8.254602381978716e-08,3.243643405828482e-05,3.775912528118222e-05,1.784603452499745e-05,3.908050288754246e-05,3.930400412172493e-05,8.02661749681395e-05
5200,2,-1.705634514328447e-05,-7.37595492174112e-07,6.312032972294294e-07,0.0001069539484809983,1.790466009029772e-05,2.122562778934356e-05,-5.89338270695731e-06,0.0001119680515047347
5200,3,0,0,0,0,0,0,0,0
5250,0,-6.060063391715355e-05,-1.836210423694875e-05,-0.0002116158622258367,0.0004730676453655071,-0.00425732442341609,4.62234290687424e-05,6.07736975754013e-05,0.004289898037001278
5250,1,-2.396284609518491e-05,-8.255558693869689e-08,3.243643394375392e-05,3.775912427985202e-05,1.784580048504858e-05,3.90802801087043e-05,3.930355895606317e-05,8.026586545172834e-05
5250,2,-1.705679487972477e-05,-7.376570309934099e-07,6.312032971647119e-07,0.0001069539483359587,1.790465937686332e-05,2.122519710072507e-05,-5.894244084162341e-06,0.0001119680838650348
5250,3,0,0,0,0,0,0,0,0
5300,0,-6.059992860876105e-05,-1.836210351784739e-05,-0.0002116158621588866,0.0004730676452126371,-0.004257324329172315,4.622410270617213e-05,6.077504469266262e-05,0.004289897959829365
5300,1,-2.396578859102751e-05,-8.257074759524863e-08,3.243643370213015e-05,3.775912315395722e-05,1.784519633719755e-05,3.907749092811125e-05,3.929798078156187e-05,8.0262519748911e-05
5300,2,-1.705732296161103e-05,-7.377282956544437e-07,6.312032929884431e-07,0.0001069539481266825,1.790464934019738e-05,2.122469654108716e-05,-5.895245203355045e-06,0.0001119681207951685
5300,3,0,0,0,0,0,0,0,0
5350,0,-6.060143075132049e-05,-1.836214816121143e-05,-0.0002116158621588703,0.0004730676450356285,-0.004257324319907344,4.622269363762969e-05,6.077222655310482e-05,0.004289897916919803
5350,1,-2.396798024066396e-05,-8.259635789127102e-08,3.243643364513335e-05,3.775912261463812e-05,1.784489715162699e-05,3.907543233166378e-05,3.929386364586685e-05,8.026008941993628e-05
5350,2,-1.705777994605999e-05,-7.378076942965419e-07,6.312032935860985e-07,0.0001069539480505601,1.790465077535396e-05,2.12242673214598e-05,-5.896103640653332e-06,0.0001119681549322986
5350,3,0,0,0,0,0,0,0,0
5400,0,-6.060307942114896e-05,-1.836222326693413e-05,-0.0002116158621562641,0.0004730676449480227,-0.004257324302692061,4.622116043672875e-05,6.07691601368327e-05,0.004289897863478773
5400,1,-2.396992429800895e-05,-8.26277020637428e-08,3.243643361606233e-05,3.775912229513086e-05,1.784470558781458e-05,3.907362355883701e-05,3.929024612865072e-05,8.025797565850219e-05
5400,2,-1.705818135531476e-05,-7.378900759414511e-07,6.312032935138356e-07,0.0001069539479917464,1.790465028451898e-05,2.122389386062077e-05,-5.896850562331401e-06,0.0001119681850371176
5400,3,0,0,0,0,0,0,0,0
5450,0,-6.060454963808167e-05,-1.836232461245315e-05,-0.0002116158621525988,0.000473067644866956,-0.004257324286627871,4.621980536631557e-05,6.076644999475165e-05,0.004289897815741203
5450,1,-2.397151363502873e-05,-8.264532907930744e-08,3.243643358082371e-05,3.775912199646546e-05,1.784454371033165e-05,3.907215835860993e-05,3.928731577141987e-05,8.025626637930163e-05
5450,2,-1.705859012151468e-05,-7.379324223521102e-07,6.312032933252073e-07,0.0001069539479162317,1.790464946446886e-05,2.122351713749721e-05,-5.897604008590018e-06,0.0001119682156633417
5450,3,0,0,0,0,0,0,0,0
5500,0,-6.060522000496967e-05,-1.83623924093358e-05,-0.0002116158621515298,0.0004730676448177128,-0.004257324279469188,4.621919249996853e-05,6.076522426070828e-05,0.004289897794426693
5500,1,-2.39735689283741e-05,-8.266245252195359e-08,3.243643352922738e-05,3.775912159784933e-05,1.784417031403406e-05,3.907028156740245e-05,3.928356223738711e-05,8.025404601758561e-05
5500,2,-1.705891514320256e-05,-7.379739576335655e-07,6.31203293200668e-07,0.0001069539478779226,1.790464246019466e-05,2.122322024325038e-05,-5.898197796688599e-06,0.0001119682393005519
5500,3,0,0,0,0,0,0,0,0
5550,0,-6.060653509030945e-05,-1.836241778923145e-05,-0.0002116158621508082,0.0004730676447216586,-0.004257324271497645,4.621800185588996e-05,6.076284297182316e-05,0.00428989775863523
5550,1,-2.397515064547827e-05,-8.268669120639707e-08,3.243643352124383e-05,3.775912132454163e-05,1.784401687414925e-05,3.906885018734157e-05,3.928069948473596e-05,8.025238621697054e-05
5550,2,-1.705925107559386e-05,-7.380215890672253e-07,6.312032931784596e-07,0.0001069539477925554,1.790464219247392e-05,2.122291613698197e-05,-5.898806009225398e-06,0.0001119682650703691
5550,3,0,0,0,0,0,0,0,0
5600,0,-6.060777812150544e-05,-1.836245338784032e-05,-0.0002116158621508082,0.0004730676446511292,-0.004257324271497645,4.621688831445484e-05,6.076061588848222e-05,0.004289897732800214
5600,1,-2.397630577056852e-05,-8.270474686259181e-08,3.243643349026155e-05,3.775912110289662e-05,1.784393789604994e-05,3.906781384141501e-05,3.92786268242626e-05,8.025119466833843e-05
5600,2,-1.705958459311818e-05,-7.38074870278513e-07,6.312032931784596e-07,0.0001069539477470418,1.790464219247392e-05,2.122261696966307e-05,-5.899404343863192e-06,0.0001119682910112149
5600,3,0,0,0,0,0,0,0,0
5650,0,-6.06087875077917e-05,-1.836249702457234e-05,-0.0002116158621505001,0.0004730676445554054,-0.004257324270241394,4.621599091248758e-05,6.075882108316255e-05,0.004289897710901846
5650,1,-2.39774870846862e-05,-8.272571793420135e-08,3.243643346326044e-05,3.775912088214879e-05,1.784381869868953e-05,3.906676372613436e-05,3.927652662054491e-05,8.024998188915453e-05
5650,2,-1.705984215451394e-05,-7.381277726132109e-07,6.312032931784596e-07,0.0001069539476925749,1.790464219247392e-05,2.122238802555855e-05,-5.899862232072231e-06,0.0001119683112825871
5650,3,0,0,0,0,0,0,0,0
5700,0,-6.060978935931011e-05,-1.836253802791722e-05,-0.0002116158621505001,0.0004730676444973802,-0.004257324270241394,4.621510700402527e-05,6.075705326537629e-05,0.004289897690665397
5700,1,-2.397861787175949e-05,-8.275242640810453e-08,3.243643345118996e-05,3.775912069571409e-05,1.784371334780705e-05,3.906576794646459e-05,3.927453507493572e-05,8.024883681642371e-05
5700,2,-1.706010018709107e-05,-7.381839627888556e-07,6.312032931261969e-07,0.0001069539476468908,1.790464160633598e-05,2.122216060049293e-05,-5.900317082203473e-06,0.0001119683316928613
5700,3,0,0,0,0,0,0,0,0
5750,0,-6.061034592448906e-05,-1.836254512976367e-05,-0.0002116158621498848,0.0004730676444625923,-0.004257324264858676,4.621462040077173e-05,6.075608005865201e-05,0.004289897674188151
5750,1,-2.397938647323368e-05,-8.276876931314959e-08,3.243643341192829e-05,3.77591204403697e-05,1.784352883046866e-05,3.906509686160755e-05,3.927319296574714e-05,8.024804181333048e-05
5750,2,-1.706034353137672e-05,-7.382396229306014e-07,6.312032902979505e-07,0.0001069539475834052,1.790463134293656e-05,2.122194805277954e-05,-5.900742177525049e-06,0.0001119683495517545
5750,3,0,0,0,0,0,0,0,0
5800,0,-6.061063552798721e-05,-1.836254902761e-05,-0.000211615862146837,0.0004730676442575157,-0.004257324256072998,4.621436965606796e-05,6.075557856771432e-05,0.004289897659751187
5800,1,-2.398031416365153e-05,-8.27733830386339e-08,3.2436433373831e-05,3.775911947878071e-05,1.784331913616869e-05,3.90642940933896e-05,3.927158747554134e-05,8.024709543844731e-05
5800,2,-1.706055551380022e-05,-7.382939772664535e-07,6.312032896828961e-07,0.0001069539474558909,1.790462734622109e-05,2.122176450827629e-05,-5.901109265918333e-06,0.0001119683660068629
5800,3,0,0,0,0,0,0,0,0
5850,0,-6.061114471716379e-05,-1.836255671617314e-05,-0.0002116158621464778,0.0004730676441861937,-0.004257324255371907,4.621393343527733e-05,6.075470612587141e-05,0.004289897649219491
5850,1,-2.398107579067918e-05,-8.278182935574931e-08,3.243643335485044e-05,3.775911919404891e-05,1.784321109290517e-05,3.906364017640636e-05,3.927027967299966e-05,8.024634054919234e-05
5850,2,-1.706076790832041e-05,-7.383506777437283e-07,6.312032890816272e-07,0.0001069539473918097,1.790462510855023e-05,2.122158216374265e-05,-5.901473954168245e-06,0.0001119683829849703
5850,3,0,0,0,0,0,0,0,0
5900,0,-6.061215251843974e-05,-1.836259541135349e-05,-0.0002116158621464778,0.000473067644017412,-0.004257324255371907,4.62130755761421e-05,6.075299040760091e-05,0.004289897630066128
5900,1,-2.398165457458459e-05,-8.280704598637539e-08,3.243643335485044e-05,3.775911907765673e-05,1.784321109290517e-05,3.90631475179614e-05,3.926929435610973e-05,8.024579148334604e-05
5900,2,-1.706094706305648e-05,-7.384076830347288e-07,6.312032890816272e-07,0.0001069539473511188,1.790462510855023e-05,2.12214296620774e-05,-5.901778957498751e-06,0.0001119683977924853
5900,3,0,0,0,0,0,0,0,0
5950,0,-6.061223067603172e-05,-1.836259146426785e-05,-0.0002116158621450574,0.0004730676439060061,-0.004257324248765766,4.621301008122114e-05,6.075285941458606e-05,0.004289897622024539
5950,1,-2.398187241386139e-05,-8.281703422871047e-08,3.243643338396854e-05,3.775911884934472e-05,1.784320061982016e-05,3.906296460590195e-05,3.926892852434551e-05,8.024558610726641e-05
5950,2,-1.706108473405044e-05,-7.384598916714479e-07,6.312032855401766e-07,0.0001069539472910843,1.790461891196447e-05,2.122131348388078e-05,-5.902011312045133e-06,0.0001119684082942019
5950,3,0,0,0,0,0,0,0,0
6000,0,-6.061299010514798e-05,-1.836261187895849e-05,-0.0002116158621450574,0.0004730676436669565,-0.004257324248765766,4.621237453746364e-05,6.075158832556221e-05,0.004289897607968512
6000,1,-2.398243721574717e-05,-8.282765098687349e-08,3.243643338116298e-05,3.775911856115371e-05,1.784317557607702e-05,3.906249177300136e-05,3.926798285925758e-05,8.02450562727846e-05
6000,2,-1.706123374240027e-05,-7.385113693652561e-07,6.312032855401766e-07,0.0001069539472397753,1.790461891196447e-05,2.122118880325608e-05,-5.902260673372356e-06,0.0001119684208036997
6000,3,0,0,0,0,0,0,0,0
6050,0,-6.061314016424738e-05,-1.836262484066938e-05,-0.0002116158621438217,0.0004730676436785654,-0.004257324234391882,4.621225000222806e-05,6.075133925465089e-05,0.004289897591011934
6050,1,-2.398300568481729e-05,-8.283148611246453e-08,3.243643335735559e-05,3.775911836524094e-05,1.784307381492057e-05,3.906201996729925e-05,3.926703927236915e-05,8.024451203482819e-05
6050,2,-1.706135748290474e-05,-7.38561017303949e-07,6.31203285014823e-07,0.0001069539471990566,1.790461606338786e-05,2.122108606903895e-05,-5.902466141235877e-06,0.0001119684308519892
6050,3,0,0,0,0,0,0,0,0
6100,0,-6.061335898236268e-05,-1.836262730911322e-05,-0.0002116158621429154,0.0004730676436286903,-0.004257324231471303,4.621206985954192e-05,6.075097895984816e-05,0.004289897584167449
6100,1,-2.398366858657345e-05,-8.283405020306793e-08,3.243643334484994e-05,3.775911811854259e-05,1.784297243739994e-05,3.906147428817197e-05,3.926594792437087e-05,8.024388783541178e-05
6100,2,-1.706148032367595e-05,-7.386002694987282e-07,6.312032847027032e-07,0.000106953947145171,1.79046145870407e-05,2.122098494713647e-05,-5.902668384541532e-06,0.000111968441037673
6100,3,0,0,0,0,0,0,0,0
6150,0,-6.061362121343961e-05,-1.836263135829904e-05,-0.0002116158621429154,0.0004730676435867801,-0.004257324231471303,4.621185652529618e-05,6.075055229070073e-05,0.004289897579545007
6150,1,-2.398402567451767e-05,-8.283789733101033e-08,3.243643331916614e-05,3.775911798867217e-05,1.784292837039792e-05,3.906118287616255e-05,3.926536512767864e-05,8.024355766384254e-05
6150,2,-1.706160409776746e-05,-7.38630550485959e-07,6.312032845342834e-07,0.0001069539471037675,1.790461424072069e-05,2.122088389144016e-05,-5.902870495903489e-06,0.0001119684515052136
6150,3,0,0,0,0,0,0,0,0
6200,0,-6.061399411293139e-05,-1.83626423100369e-05,-0.0002116158621429154,0.000473067643547324,-0.004257324231471303,4.621155477693715e-05,6.074994879366771e-05,0.004289897573059628
6200,1,-2.398446007000319e-05,-8.284328461645821e-08,3.243643331387497e-05,3.775911787799938e-05,1.784288966584135e-05,3.906083097459174e-05,3.926466132984637e-05,8.024316316241553e-05
6200,2,-1.706170797492128e-05,-7.386608661236266e-07,6.312032845342834e-07,0.0001069539470816547,1.790461424072069e-05,2.122079977465643e-05,-5.903038729470971e-06,0.0001119684604397825
6200,3,0,0,0,0,0,0,0,0
6250,0,-6.061438397416294e-05,-1.836265714190916e-05,-0.0002116158621427861,0.0004730676434995156,-0.004257324230983304,4.621124176456785e-05,6.074932276848308e-05,0.004289897565905081
6250,1,-2.398481236153815e-05,-8.284807675165057e-08,3.24364333088955e-05,3.775911776934528e-05,1.78428545071005e-05,3.906054792695501e-05,3.926409523952403e-05,8.024284581592085e-05
6250,2,-1.706179849597266e-05,-7.386910459445265e-07,6.312032845342834e-07,0.0001069539470514286,1.790461424072069e-05,2.122072707582706e-05,-5.90318412711589e-06,0.0001119684682909395
6250,3,0,0,0,0,0,0,0,0
6300,0,-6.061461306244968e-05,-1.836266707158615e-05,-0.0002116158621427681,0.0004730676434790104,-0.004257324230553943,4.621105911577598e-05,6.074895747077273e-05,0.004289897561615664
6300,1,-2.398513493867884e-05,-8.285039289622028e-08,3.243643329737691e-05,3.775911771252931e-05,1.784281716368473e-05,3.906029089284883e-05,3.92635811834978e-05,8.024255725001438e-05
6300,2,-1.706187551213395e-05,-7.387131817097871e-07,6.312032845229146e-07,0.0001069539470381433,1.790461419481199e-05,2.122066567561994e-05,-5.903306927530135e-06,0.0001119684749902527
6300,3,0,0,0,0,0,0,0,0
6350,0,-6.061478497732116e-05,-1.836266913515169e-05,-0.0002116158621427681,0.0004730676434504381,-0.004257324230553943,4.621092351179686e-05,6.074868626231951e-05,0.004289897558749151
6350,1,-2.398552727418657e-05,-8.28524335983181e-08,3.24364332913719e-05,3.775911759589175e-05,1.784276172944869e-05,3.905998060574311e-05,3.926296061572248e-05,8.024220745218307e-05
6350,2,-1.706195075405517e-05,-7.387213906545704e-07,6.312032844716072e-07,0.0001069539470021003,1.790461380218905e-05,2.122060618042794e-05,-5.903425917707491e-06,0.0001119684814105177
6350,3,0,0,0,0,0,0,0,0
6400,0,-6.061501566731358e-05,-1.83626750776294e-05,-0.0002116158621426266,0.0004730676434249805,-0.004257324229489092,4.621074242811191e-05,6.074832409468529e-05,0.004289897553895354
6400,1,-2.39858162487637e-05,-8.285524578380538e-08,3.243643328726016e-05,3.775911751806267e-05,1.784272442928717e-05,3.90597540063543e-05,3.926250742218351e-05,8.024195344971583e-05
6400,2,-1.706201031618653e-05,-7.387276022977778e-07,6.312032844645125e-07,0.0001069539469866123,1.790461374878792e-05,2.122055944410625e-05,-5.90351939035087e-06,0.000111968486575053
6400,3,0,0,0,0,0,0,0,0
6450,0,-6.061507888120964e-05,-1.836267704943283e-05,-0.0002116158621402633,0.0004730676434098906,-0.004257324208626786,4.621069321339936e-05,6.0748225665206e-05,0.004289897532167333
6450,1,-2.398615895169008e-05,-8.285702892213513e-08,3.243643328077716e-05,3.775911740920157e-05,1.784266513435271e-05,3.905948734952093e-05,3.926197411457766e-05,8.02416519054846e-05
6450,2,-1.706207458397972e-05,-7.387347598465438e-07,6.312032843634208e-07,0.0001069539469678093,1.790461219058872e-05,2.122050942625466e-05,-5.903619426045891e-06,0.0001119684919433435
6450,3,0,0,0,0,0,0,0,0
6500,0,-6.061530018400813e-05,-1.836268073458585e-05,-0.0002116158621402633,0.0004730676433917938,-0.004257324208626786,4.621052249088374e-05,6.07478842201067e-05,0.004289897528633939
6500,1,-2.39863976389989e-05,-8.286094988579788e-08,3.243643327813541e-05,3.775911737394898e-05,1.78426487622426e-05,3.905930291426028e-05,3.926160524675462e-05,8.024144933793545e-05
6500,2,-1.70621356202518e-05,-7.387430279368944e-07,6.312032843634208e-07,0.0001069539469567293,1.790461219058872e-05,2.122046228512342e-05,-5.903713708308361e-06,0.0001119684973250675
6500,3,0,0,0,0,0,0,0,0
6550,0,-6.061538493224333e-05,-1.83626818861584e-05,-0.0002116158621402391,0.0004730676433885816,-0.004257324207691192,4.621045767712116e-05,6.074775459255712e-05,0.004289897526373715
6550,1,-2.398668235365178e-05,-8.286538777447292e-08,3.243643327384156e-05,3.775911734479575e-05,1.784261251624142e-05,3.905908470673892e-05,3.926116883621304e-05,8.024120662796939e-05
6550,2,-1.706219287700061e-05,-7.387524576871458e-07,6.312032843600479e-07,0.0001069539469492848,1.790461213198699e-05,2.122041840371653e-05,-5.903801471100163e-06,0.0001119685024067848
6550,3,0,0,0,0,0,0,0,0
6600,0,-6.061559757286857e-05,-1.836268635039012e-05,-0.0002116158621402243,0.0004730676433720271,-0.004257324207592317,4.621029595723228e-05,6.074743115275076e-05,0.00428989752297531
6600,1,-2.398686055770247e-05,-8.286996977309485e-08,3.243643327259986e-05,3.775911732106235e-05,1.784260420295926e-05,3.905894917583417e-05,3.926089777564928e-05,8.024105944448869e-05
6600,2,-1.706224301108966e-05,-7.387625092521849e-07,6.312032843600479e-07,0.0001069539469412043,1.790461213198699e-05,2.122038027736427e-05,-5.903877723804687e-06,0.000111968506899901
6600,3,0,0,0,0,0,0,0,0
6650,0,-6.06157182950838e-05,-1.836269090206522e-05,-0.0002116158621402243,0.0004730676433567618,-0.004257324207592317,4.621020495392059e-05,6.074724914591733e-05,0.004289897521141303
6650,1,-2.398702590103022e-05,-8.287124553977997e-08,3.243643326909484e-05,3.775911727167429e-05,1.78425832845512e-05,3.905882441888335e-05,3.926064826694956e-05,8.024092138783652e-05
6650,2,-1.706228683772009e-05,-7.387728898950062e-07,6.312032844060706e-07,0.000106953946926876,1.790461230141547e-05,2.122034719484709e-05,-5.90394388883727e-06,0.0001119685108792428
6650,3,0,0,0,0,0,0,0,0
6700,0,-6.061587330871917e-05,-1.836269718346412e-05,-0.0002116158621402243,0.0004730676433370817,-0.004257324207592317,4.621008876441715e-05,6.074701676676756e-05,0.004289897518814163
6700,1,-2.398718691037314e-05,-8.287285974564622e-08,3.243643326800948e-05,3.775911724028684e-05,1.784257136667906e-05,3.905870382052685e-05,3.926040707172592e-05,8.024079013975448e-05
6700,2,-1.706232590922421e-05,-7.387826971548647e-07,6.312032844412462e-07,0.000106953946918694,1.790461249731976e-05,2.12203179160821e-05,-5.904002446367264e-06,0.0001119685144601141
6700,3,0,0,0,0,0,0,0,0
6750,0,-6.061594384722621e-05,-1.836269993966906e-05,-0.0002116158621402032,0.0004730676433265144,-0.004257324207410045,4.621003627408818e-05,6.074691178601142e-05,0.004289897517588615
6750,1,-2.398735159281403e-05,-8.287416993470322e-08,3.243643326492952e-05,3.775911719876685e-05,1.784255127858309e-05,3.905858135044636e-05,3.926016213539308e-05,8.02406554265443e-05
6750,2,-1.706236396325089e-05,-7.387915151600975e-07,6.312032844335907e-07,0.0001069539469069624,1.790461241214433e-05,2.122028961675409e-05,-5.904059045016071e-06,0.0001119685179134564
6750,3,0,0,0,0,0,0,0,0
6800,0,-6.061601407551452e-05,-1.836270133771544e-05,-0.0002116158621401232,0.0004730676433121031,-0.004257324206753559,4.620998444619567e-05,6.074680813000752e-05,0.004289897515907731
6800,1,-2.398750399090728e-05,-8.287580938785221e-08,3.243643326210507e-05,3.77591171543643e-05,1.784252804108856e-05,3.905846883783365e-05,3.925993711400465e-05,8.024053093173195e-05
6800,2,-1.706239403375771e-05,-7.38800076222184e-07,6.31203284368791e-07,0.0001069539468974239,1.790461184733502e-05,2.122026741620944e-05,-5.904103446039611e-06,0.000111968520586635
6800,3,0,0,0,0,0,0,0,0
6850,0,-6.061611391507441e-05,-1.836270440167901e-05,-0.0002116158621400625,0.0004730676433050816,-0.004257324206435613,4.620991134484927e-05,6.07466619272348e-05,0.004289897514157539
6850,1,-2.398764033417944e-05,-8.287730233548674e-08,3.243643326058095e-05,3.775911712614841e-05,1.784251889155128e-05,3.905836891502451e-05,3.925973726914652e-05,8.024042322547558e-05
6850,2,-1.706242557802481e-05,-7.388084824703993e-07,6.312032843783599e-07,0.0001069539468919306,1.790461195617422e-05,2.122024430570956e-05,-5.904149667237008e-06,0.0001119685235185131
6850,3,0,0,0,0,0,0,0,0
6900,0,-6.061615126028688e-05,-1.836270769207719e-05,-0.0002116158621382884,0.0004730676433025954,-0.004257324203457964,4.620988414503606e-05,6.074660752743225e-05,0.004289897510680596
6900,1,-2.398773884117722e-05,-8.287851948597667e-08,3.243643325784631e-05,3.775911710656579e-05,1.784250930389045e-05,3.905829729697711e-05,3.925959403863639e-05,8.024034559245482e-05
6900,2,-1.706244387540449e-05,-7.388162766181296e-07,6.312032843764126e-07,0.0001069539468864481,1.790461191419751e-05,2.12202309997013e-05,-5.904176279245322e-06,0.0001119685252277728
6900,3,0,0,0,0,0,0,0,0
6950,0,-6.061620318113917e-05,-1.836271021619969e-05,-0.0002116158621380645,0.0004730676432988903,-0.004257324201899521,4.620984658743561e-05,6.074653241220919e-05,0.00428989750840979
6950,1,-2.398783477411244e-05,-8.28798699353471e-08,3.243643325558373e-05,3.775911708508161e-05,1.784250251843608e-05,3.905822803332763e-05,3.925945551459941e-05,8.024027126162042e-05
6950,2,-1.706246945446239e-05,-7.388242063253196e-07,6.312032843330005e-07,0.0001069539468805757,1.790461167600481e-05,2.122021252427702e-05,-5.904213230002663e-06,0.0001119685275812843
6950,3,0,0,0,0,0,0,0,0
7000,0,-6.061627138894016e-05,-1.836271122353513e-05,-0.0002116158621380645,0.0004730676432897813,-0.004257324201899521,4.620979770280702e-05,6.074643464291271e-05,0.004289897507465851
7000,1,-2.398795232614105e-05,-8.28816668871963e-08,3.24364332552746e-05,3.775911705233049e-05,1.784249443511669e-05,3.905814373806572e-05,3.925928692429213e-05,8.024018107408451e-05
7000,2,-1.706249325466972e-05,-7.388317117230353e-07,6.312032843321136e-07,0.0001069539468754818,1.790461165958438e-05,2.122019546262555e-05,-5.904247353298054e-06,0.0001119685298159931
7000,3,0,0,0,0,0,0,0,0
7050,0,-6.061631131724072e-05,-1.836271260266797e-05,-0.0002116158621380625,0.0004730676432829874,-0.004257324201689928,4.620976928034703e-05,6.074637779785847e-05,0.004289897506716084
7050,1,-2.398803529005437e-05,-8.288258372413017e-08,3.243643325238895e-05,3.775911702713979e-05,1.784248761265799e-05,3.905808466920765e-05,3.925916878952636e-05,8.024011779456003e-05
7050,2,-1.706251507538009e-05,-7.3883928635053e-07,6.312032843331656e-07,0.0001069539468698383,1.790461176539334e-05,2.122017993173516e-05,-5.90427841507113e-06,0.000111968531897218
7050,3,0,0,0,0,0,0,0,0
7100,0,-6.061637399618207e-05,-1.83627149924865e-05,-0.0002116158621380368,0.0004730676432760648,-0.004257324201107194,4.620972497523645e-05,6.074628918747658e-05,0.004289897505300899
7100,1,-2.39881224250711e-05,-8.28838308650894e-08,3.243643325225406e-05,3.775911700786355e-05,1.784248455124136e-05,3.90580230855272e-05,3.925904562229367e-05,8.024005291645364e-05
7100,2,-1.70625344339665e-05,-7.388447247767643e-07,6.312032843325744e-07,0.0001069539468638655,1.790461175197597e-05,2.122016624808635e-05,-5.904305782368749e-06,0.0001119685337250581
7100,3,0,0,0,0,0,0,0,0
7150,0,-6.061641723573823e-05,-1.836271764780029e-05,-0.0002116158621379292,0.0004730676432700439,-0.004257324200502823,4.620969462155817e-05,6.074622848006838e-05,0.004289897504136193
7150,1,-2.398820695143005e-05,-8.288488293017515e-08,3.243643325159417e-05,3.775911698482898e-05,1.784247889911958e-05,3.905796376662109e-05,3.925892698517862e-05,8.023998999934746e-05
7150,2,-1.706254950035682e-05,-7.388468740829088e-07,6.312032843288347e-07,0.000106953946859688,1.790461173238769e-05,2.122015567283345e-05,-5.904326932870583e-06,0.0001119685351391347
7150,3,0,0,0,0,0,0,0,0
7200,0,-6.061645572407574e-05,-1.836272052230272e-05,-0.000211615862137795,0.0004730676432667961,-0.004257324199870328,4.620966777751538e-05,6.074617479193386e-05,0.004289897503014885
7200,1,-2.398825749147057e-05,-8.288616616549085e-08,3.243643325158097e-05,3.775911697049618e-05,1.784247780820206e-05,3.905792850260202e-05,3.925885645850199e-05,8.023995318885307e-05
7200,2,-1.706256474198404e-05,-7.388474001382326e-07,6.312032843288347e-07,0.0001069539468547718,1.790461173238769e-05,2.122014504993453e-05,-5.904348178668418e-06,0.0001119685365676329
7200,3,0,0,0,0,0,0,0,0
7250,0,-6.061649378727657e-05,-1.836272366802601e-05,-0.0002116158621373029,0.000473067643263063,-0.004257324198885191,4.620964144035746e-05,6.074612211759105e-05,0.004289897501558512
7250,1,-2.398831118111849e-05,-8.288755671327167e-08,3.243643324949964e-05,3.775911695970549e-05,1.784247191389181e-05,3.905789135271611e-05,3.925878216043507e-05,8.023991348969841e-05
7250,2,-1.706257959164685e-05,-7.388482392026509e-07,6.312032843288347e-07,0.0001069539468516803,1.790461173238769e-05,2.122013477296254e-05,-5.904368732612405e-06,0.0001119685379692928
7250,3,0,0,0,0,0,0,0,0
7300,0,-6.06165221382371e-05,-1.836272653720497e-05,-0.0002116158621372911,0.0004730676432609198,-0.004257324198826831,4.620962194277073e-05,6.074608312240507e-05,0.004289897501151035
7300,1,-2.398837147271053e-05,-8.288874761960675e-08,3.243643324858008e-05,3.775911694950303e-05,1.784246659756637e-05,3.905784991590071e-05,3.925869928767366e-05,8.023986961138059e-05
7300,2,-1.70625935439841e-05,-7.388493783644607e-07,6.312032843288347e-07,0.0001069539468494102,1.790461173238769e-05,2.12201251823309e-05,-5.904387913875664e-06,0.0001119685392946724
7300,3,0,0,0,0,0,0,0,0
7350,0,-6.06165470994013e-05,-1.836272893505407e-05,-0.0002116158621372328,0.0004730676432590759,-0.004257324198173271,4.620960488594482e-05,6.074604900863662e-05,0.004289897500198407
7350,1,-2.39884281265946e-05,-8.28905142373699e-08,3.243643324807635e-05,3.775911693781364e-05,1.784246281580964e-05,3.905781124882096e-05,3.925862195407297e-05,8.023982904529046e-05
7350,2,-1.706260426661833e-05,-7.388505283595513e-07,6.312032843288347e-07,0.0001069539468471741,1.790461173238769e-05,2.122011786089362e-05,-5.904402556750315e-06,0.0001119685403187283
7350,3,0,0,0,0,0,0,0,0
7400,0,-6.061657352832202e-05,-1.836273095809687e-05,-0.0002116158621372266,0.0004730676432570079,-0.004257324198065449,4.620958695676605e-05,6.074601315027343e-05,0.004289897499772386
7400,1,-2.398847997596356e-05,-8.289294341625704e-08,3.243643324755658e-05,3.775911692920719e-05,1.784246058945774e-05,3.905777609253162e-05,3.925855164198341e-05,8.023979253525631e-05
7400,2,-1.706261484855703e-05,-7.388516232094244e-07,6.312032843288347e-07,0.000106953946845504,1.790461173238769e-05,2.12201106849321e-05,-5.90441690867367e-06,0.0001119685413337519
7400,3,0,0,0,0,0,0,0,0
7450,0,-6.061659586719223e-05,-1.836273299730521e-05,-0.0002116158621372236,0.0004730676432544011,-0.004257324197972813,4.620957190635868e-05,6.074598304943927e-05,0.00428989749941619
7450,1,-2.39885310272327e-05,-8.289475283785053e-08,3.243643324729087e-05,3.775911691589583e-05,1.78424575907086e-05,3.905774171442884e-05,3.925848288604662e-05,8.023975675237362e-05
7450,2,-1.706262407398027e-05,-7.388520963778732e-07,6.312032843275998e-07,0.0001069539468435482,1.790461171579419e-05,2.122010447114437e-05,-5.904429336246197e-06,0.0001119685422159069
7450,3,0,0,0,0,0,0,0,0
7500,0,-6.061662790639247e-05,-1.83627354908307e-05,-0.0002116158621372236,0.0004730676432511413,-0.004257324197972813,4.62095504731939e-05,6.074594018310975e-05,0.004289897499041351
7500,1,-2.398857073643845e-05,-8.289652162950707e-08,3.243643324729087e-05,3.775911690681741e-05,1.78424575907086e-05,3.905771514929896e-05,3.925842975578685e-05,8.023972969576314e-05
7500,2,-1.70626336453839e-05,-7.38852544451989e-07,6.312032843275998e-07,0.0001069539468420554,1.790461171579419e-05,2.122009806800684e-05,-5.904442142521247e-06,0.0001119685431378026
7500,3,0,0,0,0,0,0,0,0
7550,0,-6.061664424387863e-05,-1.836273752952728e-05,-0.0002116158621372189,0.0004730676432493513,-0.004257324197897867,4.620953961946003e-05,6.07459184756289e-05,0.004289897498782057
7550,1,-2.398860740243882e-05,-8.289783481778788e-08,3.243643324676578e-05,3.77591168984415e-05,1.784245500007356e-05,3.905769079053133e-05,3.92583810389611e-05,8.02397043862955e-05
7550,2,-1.706264036892681e-05,-7.388529008943305e-07,6.312032843342685e-07,0.0001069539468400648,1.790461175496151e-05,2.122009360080785e-05,-5.904451076919224e-06,0.0001119685437936242
7550,3,0,0,0,0,0,0,0,0
7600,0,-6.061664414583645e-05,-1.836273797112673e-05,-0.0002116158621371901,0.00047306764324942,-0.004257324197323896,4.620953969350232e-05,6.074591862370667e-05,0.00428989749821585
7600,1,-2.398864511173773e-05,-8.289918364906142e-08,3.243643324572544e-05,3.775911688943428e-05,1.784245080759414e-05,3.905766590948838e-05,3.925833127788522e-05,8.02396782669816e-05
7600,2,-1.706264646489429e-05,-7.388533405725104e-07,6.31203284336076e-07,0.0001069539468385281,1.790461178164946e-05,2.122008957615017e-05,-5.904459126234511e-06,0.0001119685443899959
7600,3,0,0,0,0,0,0,0,0
7650,0,-6.061666304457213e-05,-1.836273823295141e-05,-0.0002116158621371891,0.0004730676432472881,-0.004257324197294111,4.620952729731692e-05,6.074589383133494e-05,0.004289897497969623
7650,1,-2.398867894807393e-05,-8.290084145307736e-08,3.243643324569381e-05,3.775911688295517e-05,1.784244977342187e-05,3.905764372042998e-05,3.925828689980025e-05,8.023965563810985e-05
7650,2,-1.706265285495274e-05,-7.388539068258749e-07,6.31203284336076e-07,0.000106953946837492,1.790461178164946e-05,2.122008538464891e-05,-5.904467509237057e-06,0.000111968545014207
7650,3,0,0,0,0,0,0,0,0
7700,0,-6.06166731518268e-05,-1.836273842040632e-05,-0.0002116158621371877,0.0004730676432456241,-0.004257324197282516,4.620952070574969e-05,6.074588064819579e-05,0.004289897497843873
7700,1,-2.39887081555381e-05,-8.290194606054009e-08,3.243643324525622e-05,3.775911687488151e-05,1.784244685451107e-05,3.905762469362462e-05,3.925824884665821e-05,8.023963583865141e-05
7700,2,-1.706265961531538e-05,-7.388544769863515e-07,6.312032843244488e-07,0.0001069539468357448,1.790461161398082e-05,2.122008098017273e-05,-5.904476318188568e-06,0.000111968545649483
7700,3,0,0,0,0,0,0,0,0
7750,0,-6.06166795182354e-05,-1.836273848761441e-05,-0.0002116158621368802,0.0004730676432420595,-0.004257324196541331,4.620951658026214e-05,6.074587239691889e-05,0.004289897497036875
7750,1,-2.398872091495216e-05,-8.290216442481921e-08,3.243643324490318e-05,3.775911686806664e-05,1.78424471719318e-05,3.905761643572456e-05,3.925823233157996e-05,8.023962762086682e-05
7750,2,-1.706266530023183e-05,-7.388551601825051e-07,6.312032842769938e-07,0.0001069539468329083,1.790461154483495e-05,2.122007730009507e-05,-5.904483678299825e-06,0.0001119685461972194
7750,3,0,0,0,0,0,0,0,0
7800,0,-6.061668707695551e-05,-1.836273868740239e-05,-0.0002116158621368291,0.0004730676432418218,-0.004257324196484132,4.620951173024674e-05,6.074586269688146e-05,0.004289897496898144
7800,1,-2.398873849312386e-05,-8.290245280378179e-08,3.243643324411273e-05,3.775911686415363e-05,1.784244606012161e-05,3.905760513269837e-05,3.92582097263127e-05,8.023961606522083e-05
7800,2,-1.706267061121904e-05,-7.38855884449541e-07,6.31203284275171e-07,0.0001069539468315296,1.790461154312108e-05,2.12200738843093e-05,-5.904490509871369e-06,0.0001119685467226375
7800,3,0,0,0,0,0,0,0,0
7850,0,-6.061669566957413e-05,-1.836273907456499e-05,-0.0002116158621367866,0.0004730676432413992,-0.0042573241963573,4.620950622988615e-05,6.074585169585746e-05,0.004289897496680274
7850,1,-2.398875664562245e-05,-8.290277615096906e-08,3.243643324371397e-05,3.775911686121167e-05,1.78424449572482e-05,3.905759353353522e-05,3.92581865284281e-05,8.023960424983337e-05
7850,2,-1.706267490317958e-05,-7.388565528153932e-07,6.312032842738911e-07,0.0001069539468311324,1.790461154055775e-05,2.122007114102872e-05,-5.904495996432533e-06,0.0001119685471497263
7850,3,0,0,0,0,0,0,0,0
7900,0,-6.061670974468275e-05,-1.836273956782476e-05,-0.0002116158621367866,0.0004730676432400888,-0.0042573241963573,4.620949729294591e-05,6.074583382197326e-05,0.004289897496531759
7900,1,-2.3988775365214e-05,-8.29032303112908e-08,3.24364332436724e-05,3.775911685773338e-05,1.784244473176491e-05,3.905758164567619e-05,3.92581627527097e-05,8.023959237588676e-05
7900,2,-1.706267934831477e-05,-7.388570518765891e-07,6.312032842738911e-07,0.0001069539468304173,1.790461154055775e-05,2.122006831870292e-05,-5.904501641084139e-06,0.0001119685475925029
7900,3,0,0,0,0,0,0,0,0
7950,0,-6.061671958134956e-05,-1.836274003267585e-05,-0.0002116158621367812,0.0004730676432392413,-0.004257324196306607,4.620949108810098e-05,6.074582141227893e-05,0.00428989749637978
7950,1,-2.398879253323862e-05,-8.290367818912714e-08,3.243643324357955e-05,3.775911685385253e-05,1.784244383869112e-05,3.905757081335205e-05,3.925814108817413e-05,8.023958143613753e-05
7950,2,-1.706268319393041e-05,-7.388575920844879e-07,6.312032842713915e-07,0.0001069539468295826,1.790461152366713e-05,2.122006589252435e-05,-5.904506493438775e-06,0.0001119685479746729
7950,3,0,0,0,0,0,0,0,0
8000,0,-6.061672870265263e-05,-1.836274052993156e-05,-0.0002116158621367771,0.0004730676432383894,-0.004257324196200276,4.620948536820765e-05,6.074580997249206e-05,0.004289897496181573
8000,1,-2.398880895087112e-05,-8.290413244450165e-08,3.243643324356205e-05,3.775911685129018e-05,1.78424433818846e-05,3.905756051910156e-05,3.925812049969092e-05,8.023957115810942e-05
8000,2,-1.706268696012895e-05,-7.388581916304857e-07,6.312032842713178e-07,0.000106953946828906,1.790461152174418e-05,2.122006353099388e-05,-5.904511216499708e-06,0.0001119685483531111
8000,3,0,0,0,0,0,0,0,0
8050,0,-6.061673812524419e-05,-1.836274110436586e-05,-0.0002116158621367771,0.0004730676432374869,-0.004257324196200276,4.620947949488277e-05,6.074579822584227e-05,0.004289897496087475
8050,1,-2.398882314486933e-05,-8.290465887613154e-08,3.243643324353926e-05,3.775911684924899e-05,1.784244317016552e-05,3.905755167492958e-05,3.925810281138502e-05,8.02395623949044e-05
8050,2,-1.706269041136012e-05,-7.388588298854396e-07,6.312032842713178e-07,0.0001069539468285781,1.790461152174418e-05,2.122006138046129e-05,-5.904515517564871e-06,0.0001119685487021828
8050,3,0,0,0,0,0,0,0,0
8100,0,-6.061674367010507e-05,-1.836274159367967e-05,-0.0002116158621367718,0.0004730676432368331,-0.00425732419616277,4.620947605832358e-05,6.074579135271719e-05,0.004289897495996282
8100,1,-2.398883721752119e-05,-8.290490783057091e-08,3.243643324340269e-05,3.775911684672312e-05,1.784244225467427e-05,3.905754296038329e-05,3.925808538241867e-05,8.023955362835418e-05
8100,2,-1.706269322084787e-05,-7.388593620969472e-07,6.312032842711806e-07,0.0001069539468280418,1.790461152047008e-05,2.122005964069962e-05,-5.904518997088152e-06,0.0001119685489868837
8100,3,0,0,0,0,0,0,0,0
8150,0,-6.061675074133876e-05,-1.836274209809942e-05,-0.0002116158621367718,0.0004730676432362675,-0.00425732419616277,4.620947170526264e-05,6.074578264659233e-05,0.004289897495928126
8150,1,-2.398884986033619e-05,-8.290515528351987e-08,3.243643324339484e-05,3.775911684414225e-05,1.784244190247617e-05,3.905753518012284e-05,3.925806982190174e-05,8.023954592855323e-05
8150,2,-1.706269608474954e-05,-7.388598464116517e-07,6.312032842711806e-07,0.0001069539468274847,1.790461152047008e-05,2.122005787808349e-05,-5.904522522320413e-06,0.0001119685492778236
8150,3,0,0,0,0,0,0,0,0
8200,0,-6.061675447521188e-05,-1.836274255282556e-05,-0.000211615862136768,0.0004730676432360197,-0.00425732419615265,4.620946942002912e-05,6.074577807612458e-05,0.004289897495883428
8200,1,-2.398886137124811e-05,-8.290534225008307e-08,3.243643324326055e-05,3.775911684212769e-05,1.78424413410354e-05,3.905752814034929e-05,3.925805574249492e-05,8.023953892907154e-05
8200,2,-1.706269860905223e-05,-7.388603490484133e-07,6.312032842711806e-07,0.000106953946827021,1.790461152047008e-05,2.122005633400618e-05,-5.904525610475049e-06,0.0001119685495355912
8200,3,0,0,0,0,0,0,0,0
8250,0,-6.061675895332903e-05,-1.836274306223754e-05,-0.000211615862136768,0.0004730676432352473,-0.00425732419615265,4.620946669917938e-05,6.074577263441392e-05,0.004289897495842436
8250,1,-2.398887232534128e-05,-8.290553236133333e-08,3.243643324319988e-05,3.775911683842114e-05,1.784244101103333e-05,3.905752148074397e-05,3.925804242334282e-05,8.023953237083879e-05
8250,2,-1.706270096048057e-05,-7.388608701908858e-07,6.312032842710485e-07,0.0001069539468262198,1.790461151979347e-05,2.122005490440195e-05,-5.904528469683492e-06,0.0001119685497763282
8250,3,0,0,0,0,0,0,0,0
8300,0,-6.061676068612367e-05,-1.836274349090394e-05,-0.0002116158621367567,0.0004730676432352886,-0.004257324196098426,4.620946565268655e-05,6.07457705414263e-05,0.004289897495774036
8300,1,-2.398888248780985e-05,-8.290567270909714e-08,3.243643324309019e-05,3.775911683605051e-05,1.784244026165121e-05,3.905751533987026e-05,3.925803014170907e-05,8.023952624335843e-05
8300,2,-1.70627029868885e-05,-7.38861387698675e-07,6.312032842710485e-07,0.0001069539468258415,1.790461151979347e-05,2.122005367994195e-05,-5.904530918603529e-06,0.0001119685499852664
8300,3,0,0,0,0,0,0,0,0
8350,0,-6.061676378170981e-05,-1.83627439173779e-05,-0.0002116158621367567,0.0004730676432350295,-0.004257324196098426,4.620946379222549e-05,6.074576682050359e-05,0.004289897495746845
8350,1,-2.39888915440007e-05,-8.29057588116139e-08,3.243643324302889e-05,3.775911683410731e-05,1.784243987544354e-05,3.90575099006562e-05,3.925801926334617e-05,8.023952089416937e-05
8350,2,-1.706270470790872e-05,-7.388617859088809e-07,6.312032842709934e-07,0.0001069539468254238,1.790461151891211e-05,2.122005264598041e-05,-5.90453298652605e-06,0.0001119685501627128
8350,3,0,0,0,0,0,0,0,0
8400,0,-6.061676694847783e-05,-1.836274430471726e-05,-0.0002116158621367567,0.000473067643234686,-0.004257324196098426,4.620946190127904e-05,6.074576303860899e-05,0.004289897495719291
8400,1,-2.398890006274227e-05,-8.29058766268639e-08,3.243643324300972e-05,3.775911683152495e-05,1.784243958767022e-05,3.905750481390691e-05,3.925800908986068e-05,8.023951592237579e-05
8400,2,-1.706270659177938e-05,-7.388620600971268e-07,6.312032842709934e-07,0.0001069539468249644,1.790461151891211e-05,2.122005152127832e-05,-5.90453523593024e-06,0.0001119685503566318
8400,3,0,0,0,0,0,0,0,0
8450,0,-6.061676821613981e-05,-1.836274461796918e-05,-0.0002116158621367551,0.0004730676432344818,-0.004257324196072323,4.620946114933527e-05,6.074576153471777e-05,0.004289897495683222
8450,1,-2.39889080611421e-05,-8.290597100639196e-08,3.243643324294767e-05,3.77591168288734e-05,1.78424390491808e-05,3.905750006633809e-05,3.925799959478622e-05,8.023951123621477e-05
8450,2,-1.70627084155128e-05,-7.38862365453252e-07,6.31203284270381e-07,0.0001069539468244851,1.790461150496054e-05,2.122005043861826e-05,-5.904537401250311e-06,0.0001119685505428761
8450,3,0,0,0,0,0,0,0,0
8500,0,-6.061677021316352e-05,-1.836274488124853e-05,-0.0002116158621367512,0.0004730676432341924,-0.004257324196055068,4.620945997106939e-05,6.074575917818333e-05,0.00428989749564935
8500,1,-2.398891494604315e-05,-8.29060666477016e-08,3.243643324290641e-05,3.775911682648496e-05,1.784243871309466e-05,3.9057496004709e-05,3.925799147157121e-05,8.023950726738294e-05
8500,2,-1.706271001384542e-05,-7.388626736058818e-07,6.312032842702108e-07,0.0001069539468239689,1.790461150316123e-05,2.122004949564276e-05,-5.904539287201224e-06,0.0001119685507084388
8500,3,0,0,0,0,0,0,0,0
8550,0,-6.061677005942153e-05,-1.836274505126343e-05,-0.0002116158621367389,0.0004730676432342499,-0.004257324196010213,4.62094600616875e-05,6.074575935941715e-05,0.004289897495606939
8550,1,-2.398892012430857e-05,-8.290609325436956e-08,3.24364332427414e-05,3.775911682467155e-05,1.7842438107857e-05,3.905749296645793e-05,3.925798539523639e-05,8.023950422822278e-05
8550,2,-1.706271149646422e-05,-7.388629802804452e-07,6.312032842695636e-07,0.0001069539468235186,1.790461148910816e-05,2.122004862582788e-05,-5.904541026830367e-06,0.000111968550860611
8550,3,0,0,0,0,0,0,0,0
8600,0,-6.061677069555359e-05,-1.836274515731952e-05,-0.0002116158621367291,0.0004730676432342893,-0.004257324195967128,4.620945969014096e-05,6.074575861632384e-05,0.004289897495559103
8600,1,-2.398892574137729e-05,-8.29061406864657e-08,3.243643324267017e-05,3.775911682306149e-05,1.784243768757714e-05,3.90574896903549e-05,3.925797884310675e-05,8.023950101296961e-05
8600,2,-1.706271266126711e-05,-7.388632405486346e-07,6.312032842690224e-07,0.0001069539468232748,1.790461148576929e-05,2.122004794647464e-05,-5.904542385534159e-06,0.0001119685509819644
8600,3,0,0,0,0,0,0,0,0
8650,0,-6.061677229298021e-05,-1.836274518072785e-05,-0.0002116158621367171,0.0004730676432339278,-0.004257324195912453,4.620945876304281e-05,6.07457567621235e-05,0.004289897495491232
8650,1,-2.398893045518609e-05,-8.290620690010432e-08,3.243643324263959e-05,3.775911682081425e-05,1.784243756981246e-05,3.905748695661856e-05,3.925797337568198e-05,8.023949838938333e-05
8650,2,-1.706271370342869e-05,-7.388634233443435e-07,6.31203284268194e-07,0.0001069539468228676,1.790461148185673e-05,2.122004734234211e-05,-5.904543593799208e-06,0.0001119685510901921
8650,3,0,0,0,0,0,0,0,0
8700,0,-6.061677340084516e-05,-1.836274519366428e-05,-0.0002116158621367171,0.0004730676432337473,-0.004257324195912453,4.620945812460646e-05,6.074575548525058e-05,0.004289897495481964
8700,1,-2.398893593409761e-05,-8.290626149137025e-08,3.243643324260406e-05,3.775911681928569e-05,1.784243700331886e-05,3.905748379836896e-05,3.925796705919622e-05,8.023949527303247e-05
8700,2,-1.706271475023886e-05,-7.388636129329724e-07,6.31203284266826e-07,0.0001069539468226327,1.790461146162349e-05,2.122004673886848e-05,-5.90454480074556e-06,0.000111968551196783
8700,3,0,0,0,0,0,0,0,0
8750,0,-6.061677513651791e-05,-1.836274521949682e-05,-0.0002116158621367171,0.0004730676432334432,-0.004257324195910937,4.620945713010644e-05,6.07457534962505e-05,0.004289897495466185
8750,1,-2.398894034919994e-05,-8.290635052418077e-08,3.243643324260306e-05,3.775911681803403e-05,1.78424369194475e-05,3.905748126775414e-05,3.925796199796719e-05,8.023949286579196e-05
8750,2,-1.706271566423906e-05,-7.388638055472447e-07,6.312032842668243e-07,0.000106953946822362,1.7904611461382e-05,2.122004621503449e-05,-5.904545848413507e-06,0.0001119685512930117
8750,3,0,0,0,0,0,0,0,0
8800,0,-6.061677638218988e-05,-1.83627452473423e-05,-0.0002116158621367167,0.0004730676432332837,-0.004257324195904771,4.620945642004869e-05,6.074575207613455e-05,0.004289897495450012
8800,1,-2.398894453741854e-05,-8.290644375889314e-08,3.243643324258909e-05,3.775911681691961e-05,1.784243673765186e-05,3.90574788811948e-05,3.925795722486205e-05,8.023949058009818e-05
8800,2,-1.706271629077248e-05,-7.388639427213907e-07,6.312032842668319e-07,0.0001069539468221309,1.790461146148807e-05,2.122004585800631e-05,-5.904546562469858e-06,0.0001119685513591813
8800,3,0,0,0,0,0,0,0,0
8850,0,-6.061677760975999e-05,-1.836274528509603e-05,-0.0002116158621367163,0.0004730676432331126,-0.004257324195893592,4.620945572456369e-05,6.074575068516357e-05,0.004289897495429218
8850,1,-2.398894813117461e-05,-8.290653054048681e-08,3.24364332425826e-05,3.775911681573449e-05,1.784243658415808e-05,3.905747684485115e-05,3.92579531521808e-05,8.023948863609739e-05
8850,2,-1.706271702299314e-05,-7.388640571794729e-07,6.312032842666532e-07,0.0001069539468218647,1.790461145747048e-05,2.122004544309308e-05,-5.904547392295965e-06,0.0001119685514357485
8850,3,0,0,0,0,0,0,0,0
8900,0,-6.061677912208611e-05,-1.836274534654985e-05,-0.0002116158621367163,0.0004730676432328995,-0.004257324195893592,4.620945487244822e-05,6.074574898093261e-05,0.004289897495417516
8900,1,-2.398895123147062e-05,-8.290666050692169e-08,3.24364332425826e-05,3.775911681499192e-05,1.784243658415808e-05,3.905747509801735e-05,3.925794965851317e-05,8.023948700316607e-05
8900,2,-1.70627177075786e-05,-7.38864184403577e-07,6.312032842666532e-07,0.0001069539468216848,1.790461145747048e-05,2.122004505737791e-05,-5.904548163726304e-06,0.0001119685515083198
8900,3,0,0,0,0,0,0,0,0
8950,0,-6.061678036882498e-05,-1.836274542608162e-05,-0.0002116158621367163,0.000473067643232725,-0.004257324195893592,4.620945417375583e-05,6.074574758354781e-05,0.004289897495408141
8950,1,-2.39889540933604e-05,-8.290682500177894e-08,3.243643324258151e-05,3.775911681431381e-05,1.784243654949576e-05,3.905747349463703e-05,3.925794645175442e-05,8.02394855015179e-05
8950,2,-1.706271828817253e-05,-7.388643109230211e-07,6.312032842666532e-07,0.0001069539468215552,1.790461145747048e-05,2.122004473213832e-05,-5.90454881420549e-06,0.0001119685515701704
8950,3,0,0,0,0,0,0,0,0
9000,0,-6.061678082956765e-05,-1.836274543855406e-05,-0.0002116158621367159,0.0004730676432326574,-0.004257324195880994,4.620945391716278e-05,6.074574707036107e-05,0.004289897495392163
9000,1,-2.398895691200915e-05,-8.290690752621556e-08,3.243643324257005e-05,3.775911681335118e-05,1.784243633349183e-05,3.905747192387386e-05,3.925794331024361e-05,8.02394839941955e-05
9000,2,-1.706271885377968e-05,-7.388644368578908e-07,6.312032842662712e-07,0.0001069539468213875,1.7904611450531e-05,2.12200444169637e-05,-5.904549444553992e-06,0.000111968551629433
9000,3,0,0,0,0,0,0,0,0
9050,0,-6.061678189478914e-05,-1.836274545914744e-05,-0.0002116158621367157,0.0004730676432324801,-0.004257324195879654,4.620945332705893e-05,6.074574589015254e-05,0.004289897495382886
9050,1,-2.398895934382732e-05,-8.290701222366933e-08,3.243643324256635e-05,3.775911681255545e-05,1.784243630571676e-05,3.905747057634485e-05,3.925794061518578e-05,8.023948274027695e-05
9050,2,-1.706271932452522e-05,-7.388645453748516e-07,6.312032842662526e-07,0.0001069539468212473,1.79046114504008e-05,2.122004415618064e-05,-5.904549966120108e-06,0.0001119685516798118
9050,3,0,0,0,0,0,0,0,0
9100,0,-6.06167822646078e-05,-1.836274546339809e-05,-0.0002116158621367156,0.0004730676432324048,-0.0042573241958722,4.620945312338678e-05,6.074574548280769e-05,0.004289897495372762
9100,1,-2.398896193874193e-05,-8.290707361726151e-08,3.243643324256109e-05,3.775911681179925e-05,1.784243608430569e-05,3.90574691464843e-05,3.925793775546976e-05,8.023948137139804e-05
9100,2,-1.706271978351475e-05,-7.388646457142898e-07,6.31203284266051e-07,0.0001069539468211189,1.790461144375627e-05,2.122004390324864e-05,-5.904550471983903e-06,0.0001119685517279746
9100,3,0,0,0,0,0,0,0,0
9150,0,-6.061678279942775e-05,-1.836274547224483e-05,-0.0002116158621367155,0.0004730676432323314,-0.004257324195871113,4.620945283034531e-05,6.074574489672455e-05,0.004289897495367814
9150,1,-2.398896411148729e-05,-8.290709580786327e-08,3.243643324255642e-05,3.775911681116334e-05,1.784243595255054e-05,3.905746795590016e-05,3.925793537430554e-05,8.023948024686379e-05
9150,2,-1.706272020649427e-05,-7.388647349450813e-07,6.312032842659798e-07,0.0001069539468209929,1.790461144239091e-05,2.122004367145759e-05,-5.904550935566057e-06,0.0001119685517732
9150,3,0,0,0,0,0,0,0,0
9200,0,-6.061678342174962e-05,-1.836274548320613e-05,-0.0002116158621367153,0.000473067643232247,-0.004257324195868772,4.62094524910964e-05,6.074574421822555e-05,0.004289897495361059
9200,1,-2.398896588803273e-05,-8.290712157555061e-08,3.243643324255267e-05,3.775911681082209e-05,1.784243591377793e-05,3.90574669876959e-05,3.92579334379005e-05,8.023947935054628e-05
9200,2,-1.706272061302722e-05,-7.38864825656819e-07,6.312032842659603e-07,0.0001069539468209051,1.790461144219597e-05,2.122004344995174e-05,-5.904551378577752e-06,0.0001119685518170169
9200,3,0,0,0,0,0,0,0,0
9250,0,-6.061678383572229e-05,-1.836274549458895e-05,-0.0002116158621367152,0.0004730676432321866,-0.004257324195866176,4.62094522666684e-05,6.074574376936938e-05,0.004289897495355603
9250,1,-2.398896738431547e-05,-8.290714740419774e-08,3.243643324254333e-05,3.775911681043708e-05,1.784243586957693e-05,3.905746617655899e-05,3.925793181564085e-05,8.023947859936256e-05
9250,2,-1.706272099339937e-05,-7.388649099995445e-07,6.312032842656808e-07,0.0001069539468207999,1.790461143993055e-05,2.122004324375981e-05,-5.904551790961602e-06,0.0001119685518577447
9250,3,0,0,0,0,0,0,0,0
9300,0,-6.061678400570951e-05,-1.836274550690866e-05,-0.0002116158621367142,0.0004730676432321799,-0.004257324195859401,4.620945217511345e-05,6.074574358625944e-05,0.004289897495347753
9300,1,-2.39889688296362e-05,-8.290716113070789e-08,3.243643324252867e-05,3.775911680993387e-05,1.784243577999356e-05,3.905746539729086e-05,3.925793025711488e-05,8.023947786947605e-05
9300,2,-1.706272146356486e-05,-7.388649987745537e-07,6.312032842656554e-07,0.0001069539468206671,1.790461143976346e-05,2.122004299033154e-05,-5.904552297818109e-06,0.0001119685519085242
9300,3,0,0,0,0,0,0,0,0
9350,0,-6.061678433666501e-05,-1.836274551698101e-05,-0.0002116158621367142,0.000473067643232132,-0.004257324195859401,4.620945199757617e-05,6.074574323118442e-05,0.004289897495345528
9350,1,-2.398897019881071e-05,-8.290718416289174e-08,3.24364332425278e-05,3.775911680948189e-05,1.784243573877376e-05,3.905746466313877e-05,3.92579287888113e-05,8.023947719372091e-05
9350,2,-1.706272194447998e-05,-7.388650858148556e-07,6.312032842656232e-07,0.0001069539468204778,1.790461143816394e-05,2.122004273242711e-05,-5.904552813626952e-06,0.000111968551960271
9350,3,0,0,0,0,0,0,0,0
9400,0,-6.061678459023334e-05,-1.836274551990035e-05,-0.0002116158621367142,0.0004730676432321114,-0.004257324195859401,4.620945186226712e-05,6.074574296056632e-05,0.004289897495343832
9400,1,-2.39889713772231e-05,-8.2907211960122e-08,3.24364332425257e-05,3.775911680925457e-05,1.78424357128947e-05,3.905746403451917e-05,3.925792753157658e-05,8.023947661909216e-05
9400,2,-1.706272238439791e-05,-7.388651706542899e-07,6.312032842656224e-07,0.0001069539468203903,1.790461143808127e-05,2.122004249778997e-05,-5.904553282901248e-06,0.0001119685520080513
9400,3,0,0,0,0,0,0,0,0
9450,0,-6.061678483536841e-05,-1.836274552393596e-05,-0.0002116158621367141,0.0004730676432320858,-0.004257324195857688,4.620945173219206e-05,6.074574270041612e-05,0.004289897495340525
9450,1,-2.398897249702045e-05,-8.290722741692554e-08,3.243643324252249e-05,3.775911680900609e-05,1.784243567758038e-05,3.905746344042031e-05,3.92579263433797e-05,8.023947607539902e-05
9450,2,-1.706272276930708e-05,-7.388652544075424e-07,6.312032842656224e-07,0.0001069539468203032,1.790461143808127e-05,2.122004229356618e-05,-5.904553691348845e-06,0.0001119685520500115
9450,3,0,0,0,0,0,0,0,0
9500,0,-6.061678494980787e-05,-1.836274552943279e-05,-0.0002116158621367118,0.0004730676432320657,-0.004257324195830488,4.620945167182976e-05,6.074574257969131e-05,0.004289897495312809
9500,1,-2.398897343704045e-05,-8.29072377391367e-08,3.243643324251786e-05,3.775911680874748e-05,1.784243562102012e-05,3.905746294442221e-05,3.925792535138422e-05,8.023947561696845e-05
9500,2,-1.706272312592288e-05,-7.388653305336702e-07,6.312032842655741e-07,0.0001069539468201907,1.790461143604899e-05,2.122004210535187e-05,-5.90455406777731e-06,0.0001119685520886063
9500,3,0,0,0,0,0,0,0,0
9550,0,-6.061678509571803e-05,-1.836274553576791e-05,-0.0002116158621367117,0.000473067643232069,-0.004257324195825829,4.62094515952711e-05,6.074574242657394e-05,0.004289897495307282
9550,1,-2.398897436075485e-05,-8.290725409663919e-08,3.24364332425158e-05,3.775911680858113e-05,1.784243558984734e-05,3.905746245947871e-05,3.925792438149925e-05,8.023947517555774e-05
9550,2,-1.706272342419873e-05,-7.388654023629544e-07,6.312032842655749e-07,0.0001069539468201395,1.790461143674287e-05,2.122004194876115e-05,-5.904554380958743e-06,0.0001119685521214347
9550,3,0,0,0,0,0,0,0,0
9600,0,-6.061678528451649e-05,-1.836274554256135e-05,-0.0002116158621367117,0.00047306764323205,-0.004257324195825829,4.620945149669394e-05,6.074574222941965e-05,0.004289897495306123
9600,1,-2.39889751892747e-05,-8.290727744673536e-08,3.243643324251555e-05,3.775911680841701e-05,1.78424355742956e-05,3.905746202674391e-05,3.925792351602986e-05,8.023947478566905e-05
9600,2,-1.706272373059202e-05,-7.388654685239413e-07,6.312032842655749e-07,0.00010695394682008,1.790461143674287e-05,2.122004178876937e-05,-5.904554700942322e-06,0.0001119685521550579
9600,3,0,0,0,0,0,0,0,0
9650,0,-6.061678546589238e-05,-1.836274554902293e-05,-0.0002116158621367117,0.0004730676432320281,-0.004257324195825829,4.620945140250625e-05,6.074574204104424e-05,0.00428989749530503
9650,1,-2.398897593823192e-05,-8.29073029814585e-08,3.243643324251478e-05,3.775911680828067e-05,1.78424355606567e-05,3.905746163761221e-05,3.925792273776722e-05,8.023947443632527e-05
9650,2,-1.706272400717879e-05,-7.388655333225383e-07,6.312032842656037e-07,0.0001069539468200239,1.790461143724924e-05,2.122004164508082e-05,-5.904554988319421e-06,0.0001119685521855846
9650,3,0,0,0,0,0,0,0,0
9700,0,-6.061678562060332e-05,-1.836274555712143e-05,-0.0002116158621367117,0.0004730676432320138,-0.004257324195824264,4.620945132252202e-05,6.074574188107575e-05,0.004289897495302568
9700,1,-2.398897661278593e-05,-8.290733108593154e-08,3.243643324251477e-05,3.775911680816476e-05,1.784243554858434e-05,3.905746128897993e-05,3.925792204050264e-05,8.02394741244409e-05
9700,2,-1.706272425627225e-05,-7.388655977697137e-07,6.312032842656037e-07,0.0001069539468199754,1.790461143721836e-05,2.122004151634863e-05,-5.904555245783816e-06,0.0001119685522130977
9700,3,0,0,0,0,0,0,0,0
9750,0,-6.06167857374968e-05,-1.836274556373837e-05,-0.0002116158621367117,0.0004730676432320011,-0.004257324195824264,4.620945126240601e-05,6.074574176084374e-05,0.004289897495301897
9750,1,-2.398897723868644e-05,-8.290734611187526e-08,3.243643324251365e-05,3.775911680806073e-05,1.784243552608196e-05,3.905746096716916e-05,3.925792139688211e-05,8.023947383498462e-05
9750,2,-1.706272447436471e-05,-7.388656599803995e-07,6.31203284265602e-07,0.000106953946819935,1.790461143718423e-05,2.122004140420202e-05,-5.904555470077032e-06,0.0001119685522372731
9750,3,0,0,0,0,0,0,0,0
9800,0,-6.061678581803266e-05,-1.836274556976593e-05,-0.0002116158621367116,0.0004730676432319925,-0.004257324195823841,4.620945122120506e-05,6.074574167844182e-05,0.00428989749530103
9800,1,-2.398897777206662e-05,-8.290736145808114e-08,3.243643324251164e-05,3.775911680796182e-05,1.784243550599349e-05,3.905746069431271e-05,3.925792085117123e-05,8.023947359013925e-05
9800,2,-1.706272469722836e-05,-7.388657159687978e-07,6.312032842656012e-07,0.0001069539468198818,1.790461143716956e-05,2.122004129020353e-05,-5.904555698074021e-06,0.0001119685522619697
9800,3,0,0,0,0,0,0,0,0
9850,0,-6.061678594333497e-05,-1.836274557692657e-05,-0.0002116158621367116,0.0004730676432319809,-0.004257324195823841,4.620945115743301e-05,6.074574155089774e-05,0.004289897495300336
9850,1,-2.398897826396204e-05,-8.290738251152365e-08,3.243643324251164e-05,3.7759116807883e-05,1.784243550599349e-05,3.905746044396163e-05,3.925792035046907e-05,8.02394733703501e-05
9850,2,-1.706272490054768e-05,-7.388657726299844e-07,6.312032842656012e-07,0.0001069539468198453,1.790461143716956e-05,2.122004118672858e-05,-5.904555905023911e-06,0.0001119685522845952
9850,3,0,0,0,0,0,0,0,0
9900,0,-6.061678599179562e-05,-1.83627455830554e-05,-0.0002116158621367114,0.0004730676432319769,-0.0042573241958225,4.620945113290342e-05,6.074574150183854e-05,0.004289897495298757
9900,1,-2.398897869477395e-05,-8.290739556824049e-08,3.243643324250941e-05,3.775911680782102e-05,1.784243548972791e-05,3.905746022581907e-05,3.925791991418622e-05,8.023947317587647e-05
9900,2,-1.706272508132103e-05,-7.38865827751226e-07,6.312032842656029e-07,0.0001069539468198146,1.790461143718715e-05,2.122004109518491e-05,-5.904556088111273e-06,0.000111968552304786
9900,3,0,0,0,0,0,0,0,0
9950,0,-6.061678605383403e-05,-1.836274558652558e-05,-0.0002116158621367114,0.0004730676432319759,-0.004257324195821847,4.62094511016277e-05,6.074574143928708e-05,0.004289897495297778
9950,1,-2.398897911644418e-05,-8.290740833165931e-08,3.243643324250897e-05,3.775911680775512e-05,1.784243547932142e-05,3.90574600133787e-05,3.925791948930591e-05,8.023947298832562e-05
9950,2,-1.706272525145838e-05,-7.388658797833628e-07,6.312032842656029e-07,0.0001069539468197921,1.79046114372037e-05,2.122004100946437e-05,-5.904556259552363e-06,0.0001119685523238327
9950,3,0,0,0,0,0,0,0,0
10000,0,-6.061678612064187e-05,-1.836274558746757e-05,-0.0002116158621367114,0.0004730676432319719,-0.004257324195820886,4.620945106813131e-05,6.074574137229429e-05,0.004289897495296463
10000,1,-2.398897948771457e-05,-8.290742065413136e-08,3.243643324250853e-05,3.775911680768634e-05,1.784243547300711e-05,3.905745982726371e-05,3.925791911707637e-05,8.023947282518907e-05
10000,2,-1.706272540413178e-05,-7.388659285304733e-07,6.312032842656029e-07,0.0001069539468197711,1.79046114372037e-05,2.122004093292879e-05,-5.904556412623531e-06,0.0001119685523409672
10000,3,0,0,0,0,0,0,0,0
