0.0629690043
0.0620892998
0.0611743070
0.0611743070
0.0598576545
0.0598576545
0.0598576545
0.0571884264
0.0571884264
0.0571884264
0.0571884264
0.0571884264
0.0571884264
0.0571884264
0.0571884264
0.0571787228
0.0571787228
0.0571741261
0.0571741261
0.0571741261
0.0571665841
0.0571665841
0.0571665841
0.0571425049
0.0571356223
0.0571354438
0.0571354438
0.0570788218
0.0570788218
0.0569779733
0.0569412566
0.0569411496
0.0569411496
0.0568357285
0.0568237086
0.0568237086
0.0568074176
0.0568074176
0.0568073320
0.0564735059
0.0564179537
0.0564179537
0.0564179537
0.0564179537
0.0562278966
0.0561818570
0.0561818570
0.0561145895
0.0557874041
0.0557874041
0.0557874041
0.0557271209
0.0557271209
0.0557271209
0.0556814570
0.0556749398
0.0556215599
0.0555301943
0.0554270171
0.0552811309
0.0552811309
0.0552811309
0.0552783435
0.0552783435
0.0552578779
0.0552277776
0.0552053040
0.0552053040
0.0551835348
0.0550823908
0.0550780958
0.0549963423
0.0549963423
0.0548743644
0.0540185887
0.0540185887
0.0538568949
0.0537678214
0.0537652416
0.0535412880
0.0535336023
0.0534519880
0.0534013022
0.0533768383
0.0533108608
0.0532755190
0.0531403233
0.0530865732
0.0530865732
0.0530701643
0.0530243051
0.0530239658
0.0529976369
0.0529576496
0.0529341703
0.0529314141
0.0527331794
0.0526299254
0.0526112387
0.0525904100
0.0525555041
0.0525392249
0.0524872433
0.0522901504
0.0522668242
0.0522668242
0.0522201270
0.0522196310
0.0522195881
0.0521843282
0.0521318244
0.0521318244
0.0521241213
0.0519608496
0.0519205980
0.0516860429
0.0516447004
0.0513659819
0.0513659819
0.0513463730
0.0513364270
0.0512920733
0.0512682353
0.0512595957
0.0512208584
0.0512152687
0.0511686302
0.0511540618
0.0511471970
0.0510405576
0.0510345843
0.0510338499
0.0510242513
0.0510068861
0.0510068861
0.0510065913
0.0509458219
0.0508427135
0.0508426840
0.0508325999
0.0508278267
0.0508098108
0.0508076796
0.0507415027
0.0507270393
0.0506501469
0.0506490642
0.0505366273
0.0505262750
0.0504347363
0.0504249795
0.0504222700
0.0504042473
0.0503903454
0.0501825231
0.0501460327
0.0500888973
0.0500493682
0.0500485500
0.0500282183
0.0499883653
0.0499689587
0.0498585874
0.0498565467
0.0498138067
0.0498107703
0.0497798304
0.0497427801
0.0497415393
0.0497415393
0.0497402565
0.0497357206
0.0496742695
0.0495762697
0.0495692539
0.0495511460
0.0495493889
0.0495140817
0.0494873816
0.0494843009
0.0492849234
0.0492849234
0.0491860283
0.0491759084
0.0491097090
0.0490760595
0.0489553687
0.0489452325
0.0489450826
0.0488928954
0.0488911507
0.0488720409
0.0486007120
0.0485961329
0.0485749754
0.0485367144
0.0485058353
0.0485058353
0.0484875464
0.0484678493
0.0484594196
0.0484319398
0.0484295491
0.0483557697
0.0483557697
0.0483555363
0.0483386423
0.0482277022
0.0481804014
0.0481804014
0.0481671277
0.0481643811
0.0481643811
0.0480660599
0.0480660599
0.0478272302
0.0478272302
0.0478049167
0.0476239699
0.0475993117
0.0475925270
0.0475846559
0.0475748708
0.0473549230
0.0473033765
0.0472979571
0.0472420758
0.0472190323
0.0471986837
0.0471828696
0.0471363451
0.0471098180
0.0471043869
0.0470394829
0.0470394829
0.0470376943
0.0470186404
0.0470109071
0.0469832064
0.0469829583
0.0469562047
0.0469458013
0.0467807000
0.0467473453
0.0463983626
0.0463768901
0.0463619953
0.0463589812
0.0463542164
0.0463476184
0.0462118992
0.0461916075
0.0461721126
0.0461607304
0.0461607304
0.0461090609
0.0461057093
0.0460464638
0.0459697983
0.0459513781
0.0459502021
0.0459434535
0.0459299496
0.0458852973
0.0458847961
0.0458665985
0.0458265173
0.0457767642
0.0457639572
0.0457074385
0.0457073982
0.0456970305
0.0456969901
0.0456969901
0.0456469529
0.0456383346
0.0456342947
0.0456124234
0.0455987674
0.0455978662
0.0455908611
0.0455236742
0.0455117839
0.0455070026
0.0454453932
0.0454364806
0.0454220942
0.0454016512
0.0453951011
0.0453951011
0.0453715616
0.0453317886
0.0453317886
0.0453080975
0.0453062306
0.0452634727
0.0452496266
0.0452186728
0.0451624482
0.0451549770
0.0451524769
0.0451473509
0.0449918539
0.0449541016
0.0449540837
0.0449388159
0.0449206081
0.0448855111
0.0448830980
0.0448802082
0.0447996300
0.0447975888
0.0447975888
0.0447937822
0.0447937822
0.0447833630
0.0447677606
0.0447466044
0.0447219626
0.0447033464
0.0445498563
0.0444550079
0.0444550079
0.0444529431
0.0444442808
0.0444081618
0.0444081618
0.0443588940
0.0443580619
0.0441742320
0.0441221124
0.0441192811
0.0441064682
0.0441059737
0.0440744014
0.0440663525
0.0440638427
0.0440568914
0.0440091312
0.0439163779
0.0438781553
0.0438756283
0.0438600848
0.0438571866
0.0438505271
0.0438445679
0.0438433110
0.0438347100
0.0438305623
0.0436660704
0.0436269020
0.0436269020
0.0436101898
0.0436083063
0.0436049137
0.0435898361
0.0435767838
0.0435615802
0.0435445416
0.0435302546
0.0434085744
0.0433951772
0.0432239879
0.0432239879
0.0430792377
0.0430350965
0.0430069352
0.0429194150
0.0428563644
0.0428181657
0.0427932270
0.0427894271
0.0427894080
0.0427775866
0.0427743209
0.0427739289
0.0427739225
0.0427634396
0.0426453655
0.0426161378
0.0426108075
0.0425896371
0.0425805961
0.0425752591
0.0425617764
0.0425617764
0.0425617764
0.0425440892
0.0425384120
0.0423940051
0.0423745923
0.0423584633
0.0423361517
0.0423033874
0.0421716578
0.0421634616
0.0421505748
0.0421186160
0.0421186160
0.0420968941
0.0420790069
0.0420369976
0.0420223818
0.0420212537
0.0419996798
0.0419963408
0.0419863623
0.0419722354
0.0418970279
0.0418953876
0.0418953876
0.0418370069
0.0416615699
0.0416592418
0.0416472954
0.0416472954
0.0416298150
0.0415994465
0.0415429593
0.0415025352
0.0414130434
0.0414130434
0.0414122246
0.0414115903
0.0413919605
0.0413831905
0.0413710482
0.0413618165
0.0412238123
0.0412228418
0.0412228418
0.0412123823
0.0412031520
0.0409860666
0.0409860666
0.0409769996
0.0408998501
0.0408975465
0.0408975441
0.0408861712
0.0408598113
0.0408598113
0.0408598113
0.0408348950
0.0408324555
0.0408039828
0.0408037978
0.0407942604
0.0407776326
0.0407762372
0.0407628421
0.0407625008
0.0407555448
0.0407541450
0.0407275564
0.0407228466
0.0407123725
0.0406791651
0.0406650311
0.0406084914
0.0405608501
0.0405305404
0.0405305404
0.0405169549
0.0405112150
0.0405050644
0.0405040374
0.0405003192
0.0404818840
0.0403648947
0.0403627561
0.0403590900
0.0403555350
0.0403076584
0.0402990464
0.0402900777
0.0402882095
0.0402866324
0.0402729926
0.0402613204
0.0402353121
0.0402351611
0.0402005750
0.0401669678
0.0401667837
0.0401631475
0.0401434952
0.0401434952
0.0401266556
0.0400796902
0.0400430209
0.0400430209
0.0400421497
0.0400317274
0.0400208207
0.0400060081
0.0400050708
0.0399766013
0.0399419251
0.0399121017
0.0398845734
0.0398840583
0.0398701816
0.0398462631
0.0398462631
0.0398190349
0.0398176080
0.0398164576
0.0397934368
0.0397908595
0.0397683539
0.0397683539
0.0397256382
0.0397159528
0.0397041312
0.0397014679
0.0396923684
0.0396923684
0.0396881149
0.0396813844
0.0396812293
0.0396533194
0.0396326846
0.0396290270
0.0396278459
0.0396234660
0.0395403647
0.0395403647
0.0395195786
0.0395184309
0.0395183150
0.0395177761
0.0395155976
0.0395140751
0.0394925557
0.0394827394
0.0394763279
0.0394749212
0.0394711100
0.0394461175
0.0394415816
0.0394269903
0.0394187027
0.0394155213
0.0394061361
0.0393922026
0.0393563547
0.0393482590
0.0393477031
0.0393477031
0.0393213031
0.0393145484
0.0393006144
0.0392828180
0.0392788116
0.0392632521
0.0392265664
0.0392217151
0.0391821092
0.0391808035
0.0391720513
0.0391720513
0.0391671484
0.0391671484
0.0391632096
0.0391622717
0.0391310488
0.0390926256
0.0390883351
0.0390440915
0.0390403612
0.0389892481
0.0389842811
0.0389502481
0.0389467384
0.0389346179
0.0388705671
0.0388705671
0.0388705671
0.0388678545
0.0388459756
0.0388429998
0.0388051712
0.0388002140
0.0387721492
0.0387557380
0.0387456826
0.0387227579
0.0387139964
0.0386961398
0.0386801440
0.0386801440
0.0386724797
0.0386724797
0.0386467373
0.0386260784
0.0386126746
0.0385910213
0.0385711925
0.0385579782
0.0385577556
0.0385415046
0.0385375398
0.0385265714
0.0385265714
0.0385142998
0.0385142998
0.0384992971
0.0384885374
0.0384750985
0.0384750985
0.0384646360
0.0384639327
0.0384639327
0.0384631124
0.0384599964
0.0384528048
0.0384514657
0.0384507869
0.0384324967
0.0384283037
0.0384214186
0.0384179461
0.0384150352
0.0384094600
0.0384064150
0.0383994126
0.0383916944
0.0383719723
0.0383586590
0.0383565169
0.0383552504
0.0383508995
0.0383464840
0.0383331653
0.0383224539
0.0383224539
0.0383092365
0.0383013256
0.0381978293
0.0381978293
0.0381978293
0.0380876427
0.0380815711
0.0380569551
0.0380427341
0.0380337905
0.0380266801
0.0380266801
0.0380266801
0.0380222300
0.0380213487
0.0380102836
0.0379771899
0.0379743481
0.0379690151
0.0379399560
0.0379398834
0.0379250196
0.0379090239
0.0379064516
0.0378891605
0.0378868106
0.0378843677
0.0378843677
0.0378843677
0.0378484147
0.0378455625
0.0378288811
0.0377852895
0.0377826555
0.0377763115
0.0377509874
0.0377493483
0.0377493483
0.0377486426
0.0377212758
0.0377205137
0.0376956747
0.0376893294
0.0376760143
0.0376664950
0.0376505271
0.0376486306
0.0376302954
0.0376295117
0.0376283215
0.0376261454
0.0376111809
0.0376111809
0.0375975950
0.0375917721
0.0375804895
0.0375798118
0.0375791914
0.0375737699
0.0375587551
0.0375495647
0.0375406628
0.0375234776
0.0375234776
0.0375180532
0.0375174386
0.0375096041
0.0375026555
0.0375016235
0.0375014039
0.0374977724
0.0374904399
0.0374833453
0.0374746814
0.0374350406
0.0374300038
0.0374217284
0.0374160599
0.0374157164
0.0374098908
0.0374035693
0.0373961951
0.0373945568
0.0373916145
0.0373847386
0.0373832312
0.0373782343
0.0373782343
0.0373777232
0.0373399874
0.0373348289
0.0373334601
0.0373240431
0.0373124764
0.0372191241
0.0372170476
0.0372069747
0.0371710477
0.0371584326
0.0371497006
0.0371478241
0.0371385825
0.0371385825
0.0371283427
0.0371231957
0.0370998091
0.0370998091
0.0370959333
0.0370879796
0.0370858297
0.0370858297
0.0370847519
0.0370844290
0.0370771034
0.0370727435
0.0370644700
0.0370644700
0.0370206831
0.0370075413
0.0370017574
0.0370017574
0.0369995119
0.0369995119
0.0369835108
0.0369825743
0.0369795384
0.0369795384
0.0369766078
0.0369673544
0.0369628784
0.0369618961
0.0369618961
0.0369466831
0.0369415302
0.0369316465
0.0369208783
0.0368905934
0.0368785785
0.0368762789
0.0368687731
0.0368676653
0.0368668065
0.0368343560
0.0368336933
0.0368270843
0.0368121842
0.0368078111
0.0367980964
0.0367883469
0.0367811846
0.0367729618
0.0367729618
0.0367269539
0.0367167339
0.0367167339
0.0367163204
0.0367060115
0.0366947784
0.0366947784
0.0366847477
0.0366646878
0.0366461387
0.0366461387
0.0366391016
0.0366247702
0.0366241311
0.0366212727
0.0366195379
0.0365989645
0.0365899250
0.0365826725
0.0365569646
0.0365021793
0.0365018797
0.0365018797
0.0364990402
0.0364924897
0.0364786002
0.0364782258
0.0364758817
0.0364758817
0.0364758817
0.0364729154
0.0364729154
0.0364634331
0.0364555202
0.0364452976
0.0364351017
0.0364347514
0.0364202644
0.0364193083
0.0363986234
0.0363947976
0.0362922289
0.0362859540
0.0362712558
0.0362712558
0.0362651753
0.0362589269
0.0362416080
0.0362410247
0.0362410247
0.0362385624
0.0362244260
0.0362228271
0.0362082503
0.0361892363
0.0361889973
0.0361276262
0.0361121501
0.0361047230
0.0360953152
0.0360828377
0.0360654140
0.0360488827
0.0360458856
0.0360354533
0.0360235648
0.0360233827
0.0360208267
0.0360163481
0.0360041536
0.0360032227
0.0359973939
0.0359967222
0.0359949405
0.0359949405
0.0359949405
0.0359906545
0.0359792756
0.0359747371
0.0359644602
0.0359354064
0.0359350798
0.0359322964
0.0359153527
0.0359073080
0.0359073080
0.0359044638
0.0358989205
0.0358872381
0.0358859428
0.0358800786
0.0358580569
0.0358577791
0.0358395247
0.0357894750
0.0357760601
0.0357707559
0.0357696678
0.0357666962
0.0357648957
0.0357510236
0.0357445806
0.0357427056
0.0357128247
0.0357116020
0.0357116020
0.0356996237
0.0356691674
0.0356685788
0.0356595004
0.0356595004
0.0356497636
0.0356388649
0.0356300395
0.0356287620
0.0356268513
0.0356268513
0.0355984434
0.0355936522
0.0355911026
0.0355855166
0.0355784302
0.0355756800
0.0355631175
0.0355614210
0.0355607569
0.0355417001
0.0355371980
0.0355371980
0.0355371980
0.0355347693
0.0355319423
0.0355287931
0.0355102980
0.0355102980
0.0355101169
0.0355045757
0.0355005364
0.0354991435
0.0354986901
0.0354871536
0.0354737952
0.0354514350
0.0354465874
0.0354426473
0.0354418695
0.0354263602
0.0354121803
0.0354116317
0.0354090677
0.0354061638
0.0353971365
0.0353939622
0.0353769382
0.0353673610
0.0353671636
0.0353618994
0.0352903417
0.0352840963
0.0352684846
0.0352503152
0.0352480557
0.0352375292
0.0352325411
0.0352292456
0.0351983321
0.0351976688
0.0351908891
0.0351469066
0.0351445965
0.0351445965
0.0351287803
0.0351269278
0.0351226750
0.0351170257
0.0351044441
0.0351001914
0.0351001914
0.0350983526
0.0350704549
0.0350657233
0.0350650628
0.0350538599
0.0350529991
0.0350338458
0.0350273956
0.0350273956
0.0350230344
0.0350230344
0.0350189205
0.0350158475
0.0350137386
0.0350137253
0.0350057830
0.0350006446
0.0349987769
0.0349909852
0.0349887838
0.0349883250
0.0349667281
0.0349626868
0.0349626868
0.0349564388
0.0349539463
0.0349523975
0.0349517940
0.0349320868
0.0349320868
0.0349305346
0.0349299166
0.0349093785
0.0349087707
0.0348922348
0.0348913835
0.0348907335
0.0348894574
0.0348800279
0.0348745950
0.0348672469
0.0348629156
0.0348629156
0.0348619993
0.0348613148
0.0348612134
0.0348589422
0.0348492015
0.0348486487
0.0348485366
0.0348484159
0.0348446286
0.0348430109
0.0348388433
0.0348383074
0.0348383074
0.0348301599
0.0348221292
0.0348221292
0.0348075500
0.0348048938
0.0347985576
0.0347975255
0.0347966967
0.0347807564
0.0347807564
0.0347704662
0.0347671794
0.0347525242
0.0347482456
0.0347417365
0.0347391957
0.0347391957
0.0347366237
0.0347313018
0.0347206023
0.0347197522
0.0347183516
0.0347054883
0.0347054332
0.0347042459
0.0346942804
0.0346912492
0.0346903506
0.0346903104
0.0346746652
0.0346704183
0.0346537967
0.0346391664
0.0346261056
0.0346207324
0.0346204708
0.0346204708
0.0346106140
0.0346106140
0.0345948738
0.0345912490
0.0345851288
0.0345752720
0.0345646021
0.0345646021
0.0345646021
0.0345476646
0.0345476646
0.0345403389
0.0345378910
0.0345378910
0.0345378910
0.0345219072
0.0345193972
0.0345132797
0.0345123344
0.0345117504
0.0345111612
0.0344988514
0.0344944640
0.0344902886
0.0344880746
0.0344870543
0.0344836525
0.0344819836
0.0344799139
0.0344766128
0.0344766128
0.0344739841
0.0344739841
0.0344640241
0.0344591985
0.0344586114
0.0344586027
0.0344577154
0.0344551660
0.0344546493
0.0344535939
0.0344304856
0.0344304856
0.0344151827
0.0344100452
0.0344100452
0.0344100452
0.0343977461
0.0343803914
0.0343803914
0.0343768850
0.0343753318
0.0343753318
0.0343738860
0.0343520577
0.0343506275
0.0343382952
0.0343322082
0.0343322082
0.0343304902
0.0343291470
0.0343226082
0.0343037823
0.0342753659
0.0342722376
0.0342708566
0.0342708566
0.0342418482
0.0342418482
0.0342418053
0.0342409967
0.0342375269
0.0342290163
0.0342290163
0.0342290163
0.0342290163
0.0342290163
0.0342204582
0.0342133842
0.0342108920
0.0342108920
0.0342054513
0.0341929942
0.0341813625
0.0341802824
0.0341802824
0.0341712789
0.0341712789
0.0341706778
0.0341536764
0.0341456461
0.0341403139
0.0341366504
0.0341336691
0.0341229975
0.0341138867
0.0341138867
0.0341100613
0.0341031078
0.0340617703
0.0340563726
0.0340537919
0.0340349165
0.0340145235
0.0340145235
0.0340145235
0.0340145235
0.0340085375
0.0340084260
0.0340084260
0.0339964598
0.0339930754
0.0339930754
0.0339789545
0.0339774991
0.0339748474
0.0339551957
0.0339535663
0.0339510880
0.0339510368
0.0339300346
0.0339155780
0.0339149549
0.0339124328
0.0339111612
0.0339098526
0.0339098526
0.0339078888
0.0339078888
0.0339078888
0.0339052748
0.0338813035
0.0338776248
0.0338604382
0.0338604382
0.0338595643
0.0338590126
0.0338587513
0.0338560207
0.0338536550
0.0338352043
0.0338241137
0.0338147913
0.0338084256
0.0338084256
0.0338049653
0.0338049653
0.0337673558
0.0337673558
0.0337632236
0.0337447256
0.0337416511
0.0337296319
0.0337296319
0.0337192055
0.0337192055
0.0337192055
0.0337112543
0.0337086825
0.0337074560
0.0337067244
0.0337014389
0.0337011281
0.0336987969
0.0336977736
0.0336977736
0.0336975829
0.0336975829
0.0336925458
0.0336920004
0.0336920004
0.0336813534
0.0336800006
0.0336776036
0.0336762033
0.0336480563
0.0336449249
0.0336449249
0.0336025427
0.0336006611
0.0336004386
0.0335978980
0.0335967286
0.0335789880
0.0335781528
0.0335629304
0.0335614740
0.0335609177
0.0335609177
0.0335609084
0.0335570579
0.0335559870
0.0335559138
0.0335555117
0.0335421284
0.0335409991
0.0335407786
0.0335216333
0.0335210326
0.0334990326
0.0334981045
0.0334976858
0.0334976639
0.0334929262
0.0334901642
0.0334866253
0.0334866253
0.0334851424
0.0334851424
0.0334851424
0.0334646309
0.0334629591
0.0334482564
0.0334478316
0.0334428397
0.0334428397
0.0334427946
0.0334317473
0.0334301929
0.0334207054
0.0334146321
0.0334133760
0.0334118921
0.0334048996
0.0333920170
0.0333897990
0.0333887279
0.0333865598
0.0333840668
0.0333743539
0.0333733690
0.0333344801
0.0333334574
0.0333331581
0.0333221123
0.0333218185
0.0333218185
0.0333094633
0.0333094633
0.0332839473
0.0332825775
0.0332823610
0.0332818662
0.0332733755
0.0332733755
0.0332726957
0.0332726957
0.0332592919
0.0332592919
0.0332590833
0.0332560950
0.0332480604
0.0332441640
0.0332313414
0.0332262734
0.0332262734
0.0332184901
0.0332110253
0.0332083911
0.0332017320
0.0331978605
0.0331975499
0.0331901576
0.0331832455
0.0331777855
0.0331756526
0.0331649674
0.0331578540
0.0331578540
0.0331574899
0.0331541615
0.0331523408
0.0331520588
0.0331425992
0.0331391941
0.0331391941
0.0331376721
0.0331356339
0.0331339463
0.0331159153
0.0331053772
0.0330958781
0.0330908948
0.0330891325
0.0330881988
0.0330810882
0.0330806328
0.0330755296
0.0330724056
0.0330724056
0.0330607075
0.0330607075
0.0330606986
0.0330497147
0.0330413064
0.0330346400
0.0330283947
0.0330283947
0.0330283947
0.0330279393
0.0330276454
0.0330249371
0.0330231649
0.0330231649
0.0330124819
0.0330114116
0.0330107129
0.0330091098
0.0330087319
0.0330082765
0.0330082765
0.0330032560
0.0330032560
0.0330020288
0.0330012356
0.0330002016
0.0329994084
0.0329994084
0.0329985583
0.0329985583
0.0329974264
0.0329934946
0.0329909745
0.0329897826
0.0329834545
0.0329834545
0.0329744588
0.0329744588
0.0329582851
0.0329565455
0.0329559280
0.0329559280
0.0329425804
0.0329424543
0.0329335878
0.0329301642
0.0329301642
0.0329301642
0.0329282078
0.0329282078
0.0329282078
0.0328976402
0.0328975690
0.0328932021
0.0328920042
0.0328915902
0.0328754205
0.0328754205
0.0328622157
0.0328445700
0.0328307557
0.0328277761
0.0328244228
0.0328241106
0.0327972355
0.0327933129
0.0327776621
0.0327756721
0.0327751459
0.0327751030
0.0327656336
0.0327612753
0.0327451027
0.0327438723
0.0327438723
0.0327433297
0.0327422373
0.0327422373
0.0327402331
0.0327402331
0.0327402331
0.0327381920
0.0327381101
0.0327381101
0.0327239996
0.0327228363
0.0327106741
0.0327065912
0.0326989877
0.0326959437
0.0326943521
0.0326943521
0.0326909461
0.0326788617
0.0326739860
0.0326719624
0.0326715224
0.0326707644
0.0326705403
0.0326639112
0.0326355857
0.0326355857
0.0326352954
0.0326342813
0.0326342813
0.0326316156
0.0326201527
0.0326169817
0.0326118433
0.0326109360
0.0326109360
0.0325946384
0.0325883356
0.0325849580
0.0325848717
0.0325839939
0.0325788634
0.0325787210
0.0325787210
0.0325680442
0.0325659587
0.0325563542
0.0325563542
0.0325561504
0.0325545221
0.0325530083
0.0325504652
0.0325378752
0.0325378752
0.0325368656
0.0325300652
0.0325283249
0.0325258481
0.0325183960
0.0325102850
0.0325099996
0.0325083287
0.0325056583
0.0325035585
0.0325023286
0.0325022594
0.0324980300
0.0324976345
0.0324975654
0.0324975654
0.0324934674
0.0324884286
0.0324879641
0.0324877133
0.0324868138
0.0324865631
0.0324849365
0.0324759913
0.0324704465
0.0324693828
0.0324607905
0.0324563400
0.0324519065
0.0324373172
0.0324322710
0.0324279702
0.0324267357
0.0324256981
0.0324203651
0.0324196433
0.0324196433
0.0324188101
0.0324025847
0.0324016954
0.0324016954
0.0324016954
0.0323986911
0.0323952187
0.0323949829
0.0323922144
0.0323903158
0.0323903158
0.0323709944
0.0323681358
0.0323643470
0.0323619539
0.0323619539
0.0323591887
0.0323591887
0.0323570478
0.0323566661
0.0323558616
0.0323537207
0.0323536682
0.0323488046
0.0323324654
0.0323275483
0.0323270702
0.0323256035
0.0323141227
0.0323140702
0.0323139150
0.0323127225
0.0323126700
0.0323126700
0.0323106351
0.0323102882
0.0322925030
0.0322916149
0.0322908422
0.0322907897
0.0322907897
0.0322884411
0.0322884411
0.0322864644
0.0322835710
0.0322835006
0.0322832612
0.0322828338
0.0322828338
0.0322828338
0.0322809154
0.0322809154
0.0322793313
0.0322379231
0.0322324277
0.0322324277
0.0322318435
0.0322318435
0.0322318435
0.0322318435
0.0322272267
0.0322180948
0.0322180948
0.0322177437
0.0322175990
0.0322175990
0.0322175990
0.0322161850
0.0322063807
0.0322045235
0.0322045235
0.0322019920
0.0322013714
0.0321933738
0.0321885664
0.0321873379
0.0321873379
0.0321873379
0.0321691790
0.0321657599
0.0321609884
0.0321591311
0.0321554961
0.0321554469
0.0321477405
0.0321369470
0.0321251458
0.0321214505
0.0321092386
0.0321092386
0.0320974851
0.0320236621
0.0320236621
0.0317861348
0.0317861348
0.0317836081
0.0317797981
0.0317793650
0.0317792732
0.0317786951
0.0317774596
0.0317773246
0.0317763623
0.0317696546
0.0317693372
0.0317693372
0.0317687459
0.0317678503
0.0317530291
0.0317521728
0.0317506384
0.0317482944
0.0317472494
0.0317472494
0.0317398528
0.0317398528
0.0317398528
0.0317322264
0.0317314513
0.0317275233
0.0317264469
0.0317264469
0.0317264469
0.0317260806
0.0317202574
0.0317043912
0.0317007131
0.0317007131
0.0316993863
0.0316993863
0.0316827136
0.0316779527
0.0316779527
0.0316722000
0.0316685926
0.0316653777
0.0316644517
0.0316643924
0.0316643924
0.0316643924
0.0316567699
0.0316567699
0.0316566093
0.0316543481
0.0316506418
0.0316491389
0.0316464898
0.0316464898
0.0316415423
0.0316408007
0.0316404979
0.0316398595
0.0316395166
0.0316343258
0.0316187959
0.0316106352
0.0316099255
0.0315969318
0.0315737563
0.0315728404
0.0315720568
0.0315714953
0.0315714133
0.0315711352
0.0315706525
0.0315700816
0.0315625346
0.0315579836
0.0315570626
0.0315526780
0.0315526780
0.0315526780
0.0315339688
0.0315325354
0.0315325354
0.0315325190
0.0315185079
0.0315184915
0.0315036520
0.0315033671
0.0314925512
0.0314925512
0.0314841112
0.0314835063
0.0314835063
0.0314679762
0.0314679762
0.0314675881
0.0314675881
0.0314593697
0.0314587750
0.0314517166
0.0314488835
0.0314485025
0.0314476164
0.0314188708
0.0314019245
0.0313976071
0.0313968643
0.0313966481
0.0313963741
0.0313963741
0.0313960230
0.0313957491
0.0313954555
0.0313922701
0.0313918763
0.0313723828
0.0313693366
0.0313616444
0.0313616444
0.0313548393
0.0313543954
0.0313491176
0.0313491176
0.0313482006
0.0313390390
0.0313390390
0.0313382868
0.0313380335
0.0313380335
0.0313249199
0.0313225663
0.0313146981
0.0313019651
0.0313011803
0.0313005530
0.0312995047
0.0312986653
0.0312788056
0.0312756803
0.0312756803
0.0312719497
0.0312709372
0.0312695713
0.0312546935
0.0312545081
0.0312532278
0.0312532278
0.0312532278
0.0312528455
0.0312511091
0.0312465231
0.0312462256
0.0312462256
0.0312458951
0.0312383174
0.0312383148
0.0312381528
0.0312371375
0.0312366538
0.0312360277
0.0312360277
0.0312352442
0.0312352442
0.0312352442
0.0312344072
0.0312333656
0.0312313469
0.0312105267
0.0311983890
0.0311983890
0.0311983890
0.0311933973
0.0311911856
0.0311886804
0.0311797059
0.0311778987
0.0311778987
0.0311778987
0.0311758706
0.0311720433
0.0311716981
0.0311716981
0.0311696252
0.0311695113
0.0311693218
0.0311692875
0.0311606913
0.0311606913
0.0311518945
0.0311480020
0.0311480020
0.0311439991
0.0311439991
0.0311439991
0.0311439991
0.0311437494
0.0311417021
0.0311353763
0.0311349012
0.0311349012
0.0311288877
0.0311264079
0.0311206631
0.0311206631
0.0311206631
0.0311166922
0.0311156363
0.0311156138
0.0310995942
0.0310961120
0.0310961120
0.0310926923
0.0310926923
0.0310890059
0.0310890059
0.0310887841
0.0310851115
0.0310824150
0.0310795218
0.0310785456
0.0310783238
0.0310761148
0.0310755535
0.0310721657
0.0310632263
0.0310571129
0.0310565287
0.0310565287
0.0310562823
0.0310562823
0.0310562823
0.0310556398
0.0310555213
0.0310551093
0.0310551093
0.0310532303
0.0310519201
0.0310497958
0.0310492653
0.0310482682
0.0310482682
0.0310482682
0.0310431670
0.0310431670
0.0310431670
0.0310332977
0.0310332977
0.0310320059
0.0310305402
0.0310292136
0.0310279860
0.0310235874
0.0310235874
0.0310000000
0.0310000000
0.0310000000
0.0310000000
0.0310000000
0.0310000000
0.0310000000
0.0310000000
0.0310000000
0.0310000000
0.0310000000
0.0310000000
0.0310000000
0.0310000000
0.0310000000
0.0310000000
0.0310000000
0.0310000000
0.0310000000
0.0310000000
0.0310000000
0.0310000000
0.0310000000
0.0310000000
0.0310000000
0.0310000000
0.0310000000
0.0310000000
0.0310000000
0.0310000000
0.0310000000
0.0310000000
0.0310000000
0.0310000000
0.0310000000
0.0310000000
0.0310000000
0.0310000000
0.0310000000
0.0310000000
0.0310000000
0.0310000000
0.0310000000
0.0310000000
0.0310000000
0.0310000000
0.0310000000
0.0310000000
0.0310000000
0.0310000000
0.0310000000
0.0310000000
0.0310000000
0.0310000000
0.0310000000
0.0310000000
0.0310000000
0.0310000000
0.0310000000
0.0310000000
0.0310000000
0.0310000000
0.0310000000
0.0310000000
0.0310000000
0.0310000000
0.0310000000
0.0310000000
0.0310000000
0.0310000000
0.0310000000
0.0310000000
0.0310000000
0.0310000000
0.0310000000
0.0310000000
0.0310000000
0.0310000000
0.0310000000
0.0310000000
0.0310000000
0.0310000000
0.0310000000
0.0310000000
0.0310000000
0.0310000000
0.0310000000
0.0310000000
0.0310000000
0.0310000000
0.0310000000
0.0310000000
0.0310000000
0.0310000000
0.0310000000
0.0310000000
0.0310000000
0.0310000000
0.0310000000
0.0310000000
0.0310000000
0.0310000000
0.0310000000
0.0310000000
0.0310000000
0.0310000000
0.0310000000
0.0310000000
0.0310000000
0.0310000000
0.0310000000
0.0310000000
0.0310000000
0.0310000000
0.0310000000
0.0310000000
0.0310000000
0.0310000000
0.0310000000
0.0310000000
0.0310000000
0.0310000000
0.0310000000
0.0310000000
0.0310000000
0.0310000000
0.0310000000
0.0310000000
0.0310000000
0.0310000000
0.0310000000
0.0310000000
0.0310000000
0.0310000000
0.0310000000
0.0310000000
0.0310000000
0.0310000000
0.0310000000
0.0310000000
0.0310000000
0.0310000000
0.0310000000
0.0310000000
0.0310000000
0.0310000000
0.0310000000
0.0310000000
0.0310000000
0.0310000000
0.0310000000
0.0310000000
0.0310000000
0.0310000000
0.0310000000
0.0310000000
0.0310000000
0.0310000000
0.0310000000
0.0310000000
0.0310000000
0.0310000000
0.0310000000
0.0310000000
0.0310000000
0.0310000000
0.0310000000
0.0310000000
0.0310000000
0.0310000000
0.0310000000
0.0310000000
0.0310000000
0.0310000000
0.0310000000
0.0310000000
0.0310000000
0.0310000000
0.0310000000
0.0310000000
0.0310000000
0.0310000000
0.0310000000
0.0310000000
0.0310000000
0.0310000000
0.0310000000
0.0310000000
0.0310000000
0.0310000000
0.0310000000
0.0310000000
0.0310000000
0.0310000000
0.0310000000
0.0310000000
0.0310000000
0.0310000000
0.0310000000
0.0310000000
0.0310000000
0.0310000000
0.0310000000
0.0310000000
0.0310000000
0.0310000000
0.0310000000
0.0310000000
0.0310000000
0.0310000000
0.0310000000
0.0310000000
0.0310000000
0.0310000000
0.0310000000
0.0310000000
0.0310000000
0.0310000000
0.0310000000
0.0310000000
0.0310000000
0.0310000000
0.0310000000
0.0310000000
0.0310000000
0.0310000000
0.0310000000
0.0310000000
0.0310000000
0.0310000000
0.0310000000
0.0310000000
0.0310000000
0.0310000000
0.0310000000
0.0310000000
0.0310000000
0.0310000000
0.0310000000
0.0310000000
0.0310000000
0.0310000000
0.0310000000
0.0310000000
0.0310000000
0.0310000000
0.0310000000
0.0310000000
0.0310000000
0.0310000000
0.0310000000
0.0310000000
0.0310000000
0.0310000000
0.0310000000
0.0310000000
0.0310000000
0.0310000000
0.0310000000
0.0310000000
0.0310000000
0.0310000000
0.0310000000
0.0310000000
0.0310000000
0.0310000000
0.0310000000
0.0310000000
0.0310000000
0.0310000000
0.0310000000
0.0310000000
0.0310000000
0.0310000000
0.0310000000
0.0310000000
0.0310000000
0.0310000000
0.0310000000
0.0310000000
0.0310000000
0.0310000000
0.0310000000
0.0310000000
0.0310000000
0.0310000000
0.0310000000
0.0310000000
0.0310000000
0.0310000000
0.0310000000
0.0310000000
0.0310000000
0.0310000000
0.0310000000
0.0310000000
0.0310000000
0.0310000000
0.0310000000
0.0310000000
0.0310000000
0.0310000000
0.0310000000
0.0310000000
0.0310000000
0.0310000000
0.0310000000
0.0310000000
0.0310000000
0.0310000000
0.0310000000
0.0310000000
0.0310000000
0.0310000000
0.0310000000
0.0310000000
0.0310000000
0.0310000000
0.0310000000
0.0310000000
0.0310000000
0.0310000000
0.0310000000
0.0310000000
0.0310000000
0.0310000000
0.0310000000
0.0310000000
0.0310000000
0.0310000000
0.0310000000
0.0310000000
0.0310000000
0.0310000000
0.0310000000
0.0310000000
0.0310000000
0.0310000000
0.0310000000
0.0310000000
0.0310000000
0.0310000000
0.0310000000
0.0310000000
0.0310000000
0.0310000000
0.0310000000
0.0310000000
0.0310000000
0.0310000000
0.0310000000
0.0310000000
0.0310000000
0.0310000000
0.0310000000
0.0310000000
0.0310000000
0.0310000000
0.0310000000
0.0310000000
0.0310000000
0.0310000000
0.0310000000
0.0310000000
0.0310000000
0.0310000000
0.0310000000
0.0310000000
0.0310000000
0.0310000000
0.0310000000
0.0310000000
0.0310000000
0.0310000000
0.0310000000
0.0310000000
0.0310000000
0.0310000000
0.0310000000
0.0310000000
0.0310000000
0.0310000000
0.0310000000
0.0310000000
0.0310000000
0.0310000000
0.0310000000
0.0310000000
0.0310000000
0.0310000000
0.0310000000
0.0310000000
0.0310000000
0.0310000000
0.0310000000
0.0310000000
0.0310000000
0.0310000000
0.0310000000
0.0310000000
0.0310000000
0.0310000000
0.0310000000
0.0310000000
0.0310000000
0.0310000000
0.0310000000
0.0310000000
0.0310000000
0.0310000000
0.0310000000
0.0310000000
0.0310000000
0.0310000000
0.0310000000
0.0310000000
0.0310000000
0.0310000000
0.0310000000
0.0310000000
0.0310000000
0.0310000000
0.0310000000
0.0310000000
0.0310000000
0.0310000000
0.0310000000
0.0310000000
0.0310000000
0.0310000000
0.0310000000
0.0310000000
0.0310000000
0.0310000000
0.0310000000
0.0310000000
0.0310000000
0.0310000000
0.0310000000
0.0310000000
0.0310000000
0.0310000000
0.0310000000
0.0310000000
0.0310000000
0.0310000000
0.0310000000
0.0310000000
0.0310000000
0.0310000000
0.0310000000
0.0310000000
0.0310000000
0.0310000000
0.0310000000
0.0310000000
0.0310000000
0.0310000000
0.0310000000
0.0310000000
0.0310000000
0.0310000000
0.0310000000
0.0310000000
0.0310000000
0.0310000000
0.0310000000
0.0310000000
0.0310000000
0.0310000000
0.0310000000
0.0310000000
0.0310000000
0.0310000000
0.0310000000
0.0310000000
0.0310000000
0.0310000000
0.0310000000
0.0310000000
0.0310000000
0.0310000000
0.0310000000
0.0310000000
0.0310000000
0.0310000000
0.0310000000
0.0310000000
0.0310000000
0.0310000000
0.0310000000
0.0310000000
0.0310000000
0.0310000000
0.0310000000
0.0310000000
0.0310000000
0.0310000000
0.0310000000
0.0310000000
0.0310000000
0.0310000000
0.0310000000
0.0310000000
0.0310000000
0.0310000000
0.0310000000
0.0310000000
0.0310000000
0.0310000000
0.0310000000
0.0310000000
0.0310000000
0.0310000000
0.0310000000
0.0310000000
0.0310000000
0.0310000000
0.0310000000
0.0310000000
0.0310000000
0.0310000000
0.0310000000
0.0310000000
0.0310000000
0.0310000000
0.0310000000
0.0310000000
0.0310000000
0.0310000000
0.0310000000
0.0310000000
0.0310000000
0.0310000000
0.0310000000
0.0310000000
0.0310000000
0.0310000000
0.0310000000
0.0310000000
0.0310000000
0.0310000000
0.0310000000
0.0310000000
0.0310000000
0.0310000000
0.0310000000
0.0310000000
0.0310000000
0.0310000000
0.0310000000
0.0310000000
0.0310000000
0.0310000000
0.0310000000
0.0310000000
0.0310000000
0.0310000000
0.0310000000
0.0310000000
0.0310000000
0.0310000000
0.0310000000
0.0310000000
0.0310000000
0.0310000000
0.0310000000
0.0310000000
0.0310000000
0.0310000000
0.0310000000
0.0310000000
0.0310000000
0.0310000000
0.0310000000
0.0310000000
0.0310000000
0.0310000000
0.0310000000
0.0310000000
0.0310000000
0.0310000000
0.0310000000
0.0310000000
0.0310000000
0.0310000000
0.0310000000
0.0310000000
0.0310000000
0.0310000000
0.0310000000
0.0310000000
0.0310000000
0.0310000000
0.0310000000
0.0310000000
0.0310000000
0.0310000000
0.0310000000
0.0310000000
0.0310000000
0.0310000000
0.0310000000
0.0310000000
0.0310000000
0.0310000000
0.0310000000
0.0310000000
0.0310000000
0.0310000000
0.0310000000
0.0310000000
0.0310000000
0.0310000000
0.0310000000
0.0310000000
0.0310000000
0.0310000000
0.0310000000
0.0310000000
0.0310000000
0.0310000000
0.0310000000
0.0310000000
0.0310000000
0.0310000000
0.0310000000
0.0310000000
0.0310000000
0.0310000000
0.0310000000
0.0310000000
0.0310000000
0.0310000000
0.0310000000
0.0310000000
0.0310000000
0.0310000000
0.0310000000
0.0310000000
0.0310000000
0.0310000000
0.0310000000
0.0310000000
0.0310000000
0.0310000000
0.0310000000
0.0310000000
0.0310000000
0.0310000000
0.0310000000
0.0310000000
0.0310000000
0.0310000000
0.0310000000
0.0310000000
0.0310000000
0.0310000000
0.0310000000
0.0310000000
0.0310000000
0.0310000000
0.0310000000
0.0310000000
0.0310000000
0.0310000000
0.0310000000
0.0310000000
0.0310000000
0.0310000000
0.0310000000
0.0310000000
0.0310000000
0.0310000000
0.0310000000
0.0310000000
0.0310000000
0.0310000000
0.0310000000
0.0310000000
0.0310000000
0.0310000000
0.0310000000
0.0310000000
0.0310000000
0.0310000000
0.0310000000
0.0310000000
0.0310000000
0.0310000000
0.0310000000
0.0310000000
0.0310000000
0.0310000000
0.0310000000
0.0310000000
0.0310000000
0.0310000000
0.0310000000
0.0310000000
0.0310000000
0.0310000000
0.0310000000
0.0310000000
0.0310000000
0.0310000000
0.0310000000
0.0310000000
0.0310000000
0.0310000000
0.0310000000
0.0310000000
0.0310000000
0.0310000000
0.0310000000
0.0310000000
0.0310000000
0.0310000000
0.0310000000
0.0310000000
0.0310000000
0.0310000000
0.0310000000
0.0310000000
0.0310000000
0.0310000000
0.0310000000
0.0310000000
0.0310000000
0.0310000000
0.0310000000
0.0310000000
0.0310000000
0.0310000000
0.0310000000
0.0310000000
0.0310000000
0.0310000000
0.0310000000
0.0310000000
0.0310000000
0.0310000000
0.0310000000
0.0310000000
0.0310000000
0.0310000000
0.0310000000
0.0310000000
0.0310000000
0.0310000000
0.0310000000
0.0310000000
0.0310000000
0.0310000000
0.0310000000
0.0310000000
0.0310000000
0.0310000000
0.0310000000
0.0310000000
0.0310000000
0.0310000000
0.0310000000
0.0310000000
0.0310000000
0.0310000000
0.0310000000
0.0310000000
0.0310000000
0.0310000000
0.0310000000
0.0310000000
0.0310000000
0.0310000000
0.0310000000
0.0310000000
0.0310000000
0.0310000000
0.0310000000
0.0310000000
0.0310000000
0.0310000000
0.0310000000
0.0310000000
0.0310000000
0.0310000000
0.0310000000
0.0310000000
0.0310000000
0.0310000000
0.0310000000
0.0310000000
0.0310000000
0.0310000000
0.0310000000
0.0310000000
0.0310000000
0.0310000000
0.0310000000
0.0310000000
0.0310000000
0.0310000000
0.0310000000
0.0310000000
0.0310000000
0.0310000000
0.0310000000
0.0310000000
0.0310000000
0.0310000000
0.0310000000
0.0310000000
0.0310000000
0.0310000000
0.0310000000
0.0310000000
0.0310000000
0.0310000000
0.0310000000
0.0310000000
0.0310000000
0.0310000000
0.0310000000
0.0310000000
0.0310000000
0.0310000000
0.0310000000
0.0310000000
0.0310000000
0.0310000000
0.0310000000
0.0310000000
0.0310000000
0.0310000000
0.0310000000
0.0310000000
0.0310000000
0.0310000000
0.0310000000
0.0310000000
0.0310000000
0.0310000000
0.0310000000
0.0310000000
0.0310000000
0.0310000000
0.0310000000
0.0310000000
0.0310000000
0.0310000000
0.0310000000
0.0310000000
0.0310000000
0.0310000000
0.0310000000
0.0310000000
0.0310000000
0.0310000000
0.0310000000
0.0310000000
0.0310000000
0.0310000000
0.0310000000
0.0310000000
0.0310000000
0.0310000000
0.0310000000
0.0310000000
0.0310000000
0.0310000000
0.0310000000
0.0310000000
0.0310000000
0.0310000000
0.0310000000
0.0310000000
0.0310000000
0.0310000000
0.0310000000
0.0310000000
0.0310000000
0.0310000000
0.0310000000
0.0310000000
0.0310000000
0.0310000000
0.0310000000
0.0310000000
0.0310000000
0.0310000000
0.0310000000
0.0310000000
0.0310000000
0.0310000000
0.0310000000
0.0310000000
0.0310000000
0.0310000000
0.0310000000
0.0310000000
0.0310000000
0.0310000000
0.0310000000
0.0310000000
0.0310000000
0.0310000000
0.0310000000
0.0310000000
0.0310000000
0.0310000000
0.0310000000
0.0310000000
0.0310000000
0.0310000000
0.0310000000
0.0310000000
0.0310000000
0.0310000000
0.0310000000
0.0310000000
0.0310000000
0.0310000000
0.0310000000
0.0310000000
0.0310000000
0.0310000000
0.0310000000
0.0310000000
0.0310000000
0.0310000000
0.0310000000
0.0310000000
0.0310000000
0.0310000000
0.0310000000
0.0310000000
0.0310000000
0.0310000000
0.0310000000
0.0310000000
0.0310000000
0.0310000000
0.0310000000
0.0310000000
0.0310000000
0.0310000000
0.0310000000
0.0310000000
0.0310000000
0.0310000000
0.0310000000
0.0310000000
0.0310000000
0.0310000000
0.0310000000
0.0310000000
0.0310000000
0.0310000000
0.0310000000
0.0310000000
0.0310000000
0.0310000000
0.0310000000
0.0310000000
0.0310000000
0.0310000000
0.0310000000
0.0310000000
0.0310000000
0.0310000000
0.0310000000
0.0310000000
0.0310000000
0.0310000000
0.0310000000
0.0310000000
0.0310000000
0.0310000000
0.0310000000
0.0310000000
0.0310000000
0.0310000000
0.0310000000
0.0310000000
0.0310000000
0.0310000000
0.0310000000
0.0310000000
0.0310000000
0.0310000000
0.0310000000
0.0310000000
0.0310000000
0.0310000000
0.0310000000
0.0310000000
0.0310000000
0.0310000000
0.0310000000
0.0310000000
0.0310000000
0.0310000000
0.0310000000
0.0310000000
0.0310000000
0.0310000000
0.0310000000
0.0310000000
0.0310000000
0.0310000000
0.0310000000
0.0310000000
0.0310000000
0.0310000000
0.0310000000
0.0310000000
0.0310000000
0.0310000000
0.0310000000
0.0310000000
0.0310000000
0.0310000000
0.0310000000
0.0310000000
0.0310000000
0.0310000000
0.0310000000
0.0310000000
0.0310000000
0.0310000000
0.0310000000
0.0310000000
0.0310000000
0.0310000000
0.0310000000
0.0310000000
0.0310000000
0.0310000000
0.0310000000
0.0310000000
0.0310000000
0.0310000000
0.0310000000
0.0310000000
0.0310000000
0.0310000000
0.0310000000
0.0310000000
0.0310000000
0.0310000000
0.0310000000
0.0310000000
0.0310000000
0.0310000000
0.0310000000
0.0310000000
0.0310000000
0.0310000000
0.0310000000
0.0310000000
0.0310000000
0.0310000000
0.0310000000
0.0310000000
0.0310000000
0.0310000000
0.0310000000
0.0310000000
0.0310000000
0.0310000000
0.0310000000
0.0310000000
0.0310000000
0.0310000000
0.0310000000
0.0310000000
0.0310000000
0.0310000000
0.0310000000
0.0310000000
0.0310000000
0.0310000000
0.0310000000
0.0310000000
0.0310000000
0.0310000000
0.0310000000
0.0310000000
0.0310000000
0.0310000000
0.0310000000
0.0310000000
0.0310000000
0.0310000000
0.0310000000
0.0310000000
0.0310000000
0.0310000000
0.0310000000
0.0310000000
0.0310000000
0.0310000000
0.0310000000
0.0310000000
0.0310000000
0.0310000000
0.0310000000
0.0310000000
0.0310000000
0.0310000000
0.0310000000
0.0310000000
0.0310000000
0.0310000000
0.0310000000
0.0310000000
0.0310000000
0.0310000000
0.0310000000
0.0310000000
0.0310000000
0.0310000000
0.0310000000
0.0310000000
0.0310000000
0.0310000000
0.0310000000
0.0310000000
0.0310000000
0.0310000000
0.0310000000
0.0310000000
0.0310000000
0.0310000000
0.0310000000
0.0310000000
0.0310000000
0.0310000000
0.0310000000
0.0310000000
0.0310000000
0.0310000000
0.0310000000
0.0310000000
0.0310000000
0.0310000000
0.0310000000
0.0310000000
0.0310000000
0.0310000000
0.0310000000
0.0310000000
0.0310000000
0.0310000000
0.0310000000
0.0310000000
0.0310000000
0.0310000000
0.0310000000
0.0310000000
0.0310000000
0.0310000000
0.0310000000
0.0310000000
0.0310000000
0.0310000000
0.0310000000
0.0310000000
0.0310000000
0.0310000000
0.0310000000
0.0310000000
0.0310000000
0.0310000000
0.0310000000
0.0310000000
0.0310000000
0.0310000000
0.0310000000
0.0310000000
0.0310000000
0.0310000000
0.0310000000
0.0310000000
0.0310000000
0.0310000000
0.0310000000
0.0310000000
0.0310000000
0.0310000000
0.0310000000
0.0310000000
0.0310000000
0.0310000000
0.0310000000
0.0310000000
0.0310000000
0.0310000000
0.0310000000
0.0310000000
0.0310000000
0.0310000000
0.0310000000
0.0310000000
0.0310000000
0.0310000000
0.0310000000
0.0310000000
0.0310000000
0.0310000000
0.0310000000
0.0310000000
0.0310000000
0.0310000000
0.0310000000
0.0310000000
0.0310000000
0.0310000000
0.0310000000
0.0310000000
0.0310000000
0.0310000000
0.0310000000
0.0310000000
0.0310000000
0.0310000000
0.0310000000
0.0310000000
0.0310000000
0.0310000000
0.0310000000
0.0310000000
0.0310000000
0.0310000000
0.0310000000
0.0310000000
0.0310000000
0.0310000000
0.0310000000
0.0310000000
0.0310000000
0.0310000000
0.0310000000
0.0310000000
0.0310000000
0.0310000000
0.0310000000
0.0310000000
0.0310000000
0.0310000000
0.0310000000
0.0310000000
0.0310000000
0.0310000000
0.0310000000
0.0310000000
0.0310000000
0.0310000000
0.0310000000
0.0310000000
0.0310000000
0.0310000000
0.0310000000
0.0310000000
0.0310000000
0.0310000000
0.0310000000
0.0310000000
0.0310000000
0.0310000000
0.0310000000
0.0310000000
0.0310000000
0.0310000000
0.0310000000
0.0310000000
0.0310000000
0.0310000000
0.0310000000
0.0310000000
0.0310000000
0.0310000000
0.0310000000
0.0310000000
0.0310000000
0.0310000000
0.0310000000
0.0310000000
0.0310000000
0.0310000000
0.0310000000
0.0310000000
0.0310000000
0.0310000000
0.0310000000
0.0310000000
0.0310000000
0.0310000000
0.0310000000
0.0310000000
0.0310000000
0.0310000000
0.0310000000
0.0310000000
0.0310000000
0.0310000000
0.0310000000
0.0310000000
0.0310000000
0.0310000000
0.0310000000
0.0310000000
0.0310000000
0.0310000000
0.0310000000
0.0310000000
0.0310000000
0.0310000000
0.0310000000
0.0310000000
0.0310000000
0.0310000000
0.0310000000
0.0310000000
0.0310000000
0.0310000000
0.0310000000
0.0310000000
0.0310000000
0.0310000000
0.0310000000
0.0310000000
0.0310000000
0.0310000000
0.0310000000
0.0310000000
0.0310000000
0.0310000000
0.0310000000
0.0310000000
0.0310000000
0.0310000000
0.0310000000
0.0310000000
0.0310000000
0.0310000000
0.0310000000
0.0310000000
0.0310000000
0.0310000000
0.0310000000
0.0310000000
0.0310000000
0.0310000000
0.0310000000
0.0310000000
0.0310000000
0.0310000000
0.0310000000
0.0310000000
0.0310000000
0.0310000000
0.0310000000
0.0310000000
0.0310000000
0.0310000000
0.0310000000
0.0310000000
0.0310000000
0.0310000000
0.0310000000
0.0310000000
0.0310000000
0.0310000000
0.0310000000
0.0310000000
0.0310000000
0.0310000000
0.0310000000
0.0310000000
0.0310000000
0.0310000000
0.0310000000
0.0310000000
0.0310000000
0.0310000000
0.0310000000
0.0310000000
0.0310000000
0.0310000000
0.0310000000
0.0310000000
0.0310000000
0.0310000000
0.0310000000
0.0310000000
0.0310000000
0.0310000000
0.0310000000
0.0310000000
0.0310000000
0.0310000000
0.0310000000
0.0310000000
0.0310000000
0.0310000000
0.0310000000
0.0310000000
0.0310000000
0.0310000000
0.0310000000
0.0310000000
0.0310000000
0.0310000000
0.0310000000
0.0310000000
0.0310000000
0.0310000000
0.0310000000
0.0310000000
0.0310000000
0.0310000000
0.0310000000
0.0310000000
0.0310000000
0.0310000000
0.0310000000
0.0310000000
0.0310000000
0.0310000000
0.0310000000
0.0310000000
0.0310000000
0.0310000000
0.0310000000
0.0310000000
0.0310000000
0.0310000000
0.0310000000
0.0310000000
0.0310000000
0.0310000000
0.0310000000
0.0310000000
0.0310000000
0.0310000000
0.0310000000
0.0310000000
0.0310000000
0.0310000000
0.0310000000
0.0310000000
0.0310000000
0.0310000000
0.0310000000
0.0310000000
0.0310000000
0.0310000000
0.0310000000
0.0310000000
0.0310000000
0.0310000000
0.0310000000
0.0310000000
0.0310000000
0.0310000000
0.0310000000
0.0310000000
0.0310000000
0.0310000000
0.0310000000
0.0310000000
0.0310000000
0.0310000000
0.0310000000
0.0310000000
0.0310000000
0.0310000000
0.0310000000
0.0310000000
0.0310000000
0.0310000000
0.0310000000
0.0310000000
0.0310000000
0.0310000000
0.0310000000
0.0310000000
0.0310000000
0.0310000000
0.0310000000
0.0310000000
0.0310000000
0.0310000000
0.0310000000
0.0310000000
0.0310000000
0.0310000000
0.0310000000
0.0310000000
0.0310000000
0.0310000000
0.0310000000
0.0310000000
0.0310000000
0.0310000000
0.0310000000
0.0310000000
0.0310000000
0.0310000000
0.0310000000
0.0310000000
0.0310000000
0.0310000000
0.0310000000
0.0310000000
0.0310000000
0.0310000000
0.0310000000
0.0310000000
0.0310000000
0.0310000000
0.0310000000
0.0310000000
0.0310000000
0.0310000000
0.0310000000
0.0310000000
0.0310000000
0.0310000000
0.0310000000
0.0310000000
0.0310000000
0.0310000000
0.0310000000
0.0310000000
0.0310000000
0.0310000000
0.0310000000
0.0310000000
0.0310000000
0.0310000000
0.0310000000
0.0310000000
0.0310000000
0.0310000000
0.0310000000
0.0310000000
0.0310000000
0.0310000000
0.0310000000
0.0310000000
0.0310000000
0.0310000000
0.0310000000
0.0310000000
0.0310000000
0.0310000000
0.0310000000
0.0310000000
0.0310000000
0.0310000000
0.0310000000
0.0310000000
0.0310000000
0.0310000000
0.0310000000
0.0310000000
0.0310000000
0.0310000000
0.0310000000
0.0310000000
0.0310000000
0.0310000000
0.0310000000
0.0310000000
0.0310000000
0.0310000000
0.0310000000
0.0310000000
0.0310000000
0.0310000000
0.0310000000
0.0310000000
0.0310000000
0.0310000000
0.0310000000
0.0310000000
0.0310000000
0.0310000000
0.0310000000
0.0310000000
0.0310000000
0.0310000000
0.0310000000
0.0310000000
0.0310000000
0.0310000000
0.0310000000
0.0310000000
0.0310000000
0.0310000000
0.0310000000
0.0310000000
0.0310000000
0.0310000000
0.0310000000
0.0310000000
0.0310000000
0.0310000000
0.0310000000
0.0310000000
0.0310000000
0.0310000000
0.0310000000
0.0310000000
0.0310000000
0.0310000000
0.0310000000
0.0310000000
0.0310000000
0.0310000000
0.0310000000
0.0310000000
0.0310000000
0.0310000000
0.0310000000
0.0310000000
0.0310000000
0.0310000000
0.0310000000
0.0310000000
0.0310000000
0.0310000000
0.0310000000
0.0310000000
0.0310000000
0.0310000000
0.0310000000
0.0310000000
0.0310000000
0.0310000000
0.0310000000
0.0310000000
0.0310000000
0.0310000000
0.0310000000
0.0310000000
0.0310000000
0.0310000000
0.0310000000
0.0310000000
0.0310000000
0.0310000000
0.0310000000
0.0310000000
0.0310000000
0.0310000000
0.0310000000
0.0310000000
0.0310000000
0.0310000000
0.0310000000
0.0310000000
0.0310000000
0.0310000000
0.0310000000
0.0310000000
0.0310000000
0.0310000000
0.0310000000
0.0310000000
0.0310000000
0.0310000000
0.0310000000
0.0310000000
0.0310000000
0.0310000000
0.0310000000
0.0310000000
0.0310000000
0.0310000000
0.0310000000
0.0310000000
0.0310000000
0.0310000000
0.0310000000
0.0310000000
0.0310000000
0.0310000000
0.0310000000
0.0310000000
0.0310000000
0.0310000000
0.0310000000
0.0310000000
0.0310000000
0.0310000000
0.0310000000
0.0310000000
0.0310000000
0.0310000000
0.0310000000
0.0310000000
0.0310000000
0.0310000000
0.0310000000
0.0310000000
0.0310000000
0.0310000000
0.0310000000
0.0310000000
0.0310000000
0.0310000000
0.0310000000
0.0310000000
0.0310000000
0.0310000000
0.0310000000
0.0310000000
0.0310000000
0.0310000000
0.0310000000
0.0310000000
0.0310000000
0.0310000000
0.0310000000
0.0310000000
0.0310000000
0.0310000000
0.0310000000
0.0310000000
0.0310000000
0.0310000000
0.0310000000
0.0310000000
0.0310000000
0.0310000000
0.0310000000
0.0310000000
0.0310000000
0.0310000000
0.0310000000
0.0310000000
0.0310000000
0.0310000000
0.0310000000
0.0310000000
0.0310000000
0.0310000000
0.0310000000
0.0310000000
0.0310000000
0.0310000000
0.0310000000
0.0310000000
0.0310000000
0.0310000000
0.0310000000
0.0310000000
0.0310000000
0.0310000000
0.0310000000
0.0310000000
0.0310000000
0.0310000000
0.0310000000
0.0310000000
0.0310000000
0.0310000000
0.0310000000
0.0310000000
0.0310000000
0.0310000000
0.0310000000
0.0310000000
0.0310000000
0.0310000000
0.0310000000
0.0310000000
0.0310000000
0.0310000000
0.0310000000
0.0310000000
0.0310000000
0.0310000000
0.0310000000
0.0310000000
0.0310000000
0.0310000000
0.0310000000
0.0310000000
0.0310000000
0.0310000000
0.0310000000
0.0310000000
0.0310000000
0.0310000000
0.0310000000
0.0310000000
0.0310000000
0.0310000000
0.0310000000
0.0310000000
0.0310000000
0.0310000000
0.0310000000
0.0310000000
0.0310000000
0.0310000000
0.0310000000
0.0310000000
0.0310000000
0.0310000000
0.0310000000
0.0310000000
0.0310000000
0.0310000000
0.0310000000
0.0310000000
0.0310000000
0.0310000000
0.0310000000
0.0310000000
0.0310000000
0.0310000000
0.0310000000
0.0310000000
0.0310000000
0.0310000000
0.0310000000
0.0310000000
0.0310000000
0.0310000000
0.0310000000
0.0310000000
0.0310000000
0.0310000000
0.0310000000
0.0310000000
0.0310000000
0.0310000000
0.0310000000
0.0310000000
0.0310000000
0.0310000000
0.0310000000
0.0310000000
0.0310000000
0.0310000000
0.0310000000
0.0310000000
0.0310000000
0.0310000000
0.0310000000
0.0310000000
0.0310000000
0.0310000000
0.0310000000
0.0310000000
0.0310000000
0.0310000000
0.0310000000
0.0310000000
0.0310000000
0.0310000000
0.0310000000
0.0310000000
0.0310000000
0.0310000000
0.0310000000
0.0310000000
0.0310000000
0.0310000000
0.0310000000
0.0310000000
0.0310000000
0.0310000000
0.0310000000
0.0310000000
0.0310000000
0.0310000000
0.0310000000
0.0310000000
0.0310000000
0.0310000000
0.0310000000
0.0310000000
0.0310000000
0.0310000000
0.0310000000
0.0310000000
0.0310000000
0.0310000000
0.0310000000
0.0310000000
0.0310000000
0.0310000000
0.0310000000
0.0310000000
0.0310000000
0.0310000000
0.0310000000
0.0310000000
0.0310000000
0.0310000000
0.0310000000
0.0310000000
0.0310000000
0.0310000000
0.0310000000
0.0310000000
0.0310000000
0.0310000000
0.0310000000
0.0310000000
0.0310000000
0.0310000000
0.0310000000
0.0310000000
0.0310000000
0.0310000000
0.0310000000
0.0310000000
0.0310000000
0.0310000000
0.0310000000
0.0310000000
0.0310000000
0.0310000000
0.0310000000
0.0310000000
0.0310000000
0.0310000000
0.0310000000
0.0310000000
0.0310000000
0.0310000000
0.0310000000
0.0310000000
0.0310000000
0.0310000000
0.0310000000
0.0310000000
0.0310000000
0.0310000000
0.0310000000
0.0310000000
0.0310000000
0.0310000000
0.0310000000
0.0310000000
0.0310000000
0.0310000000
0.0310000000
0.0310000000
0.0310000000
0.0310000000
0.0310000000
0.0310000000
0.0310000000
0.0310000000
0.0310000000
0.0310000000
0.0310000000
0.0310000000
0.0310000000
0.0310000000
0.0310000000
0.0310000000
0.0310000000
0.0310000000
0.0310000000
0.0310000000
0.0310000000
0.0310000000
0.0310000000
0.0310000000
0.0310000000
0.0310000000
0.0310000000
0.0310000000
0.0310000000
0.0310000000
0.0310000000
0.0310000000
0.0310000000
0.0310000000
0.0310000000
0.0310000000
0.0310000000
0.0310000000
0.0310000000
0.0310000000
0.0310000000
0.0310000000
0.0310000000
0.0310000000
0.0310000000
0.0310000000
0.0310000000
0.0310000000
0.0310000000
0.0310000000
0.0310000000
0.0310000000
0.0310000000
0.0310000000
0.0310000000
0.0310000000
0.0310000000
0.0310000000
0.0310000000
0.0310000000
0.0310000000
0.0310000000
0.0310000000
0.0310000000
0.0310000000
0.0310000000
0.0310000000
0.0310000000
0.0310000000
0.0310000000
0.0310000000
0.0310000000
0.0310000000
0.0310000000
0.0310000000
0.0310000000
0.0310000000
0.0310000000
0.0310000000
0.0310000000
0.0310000000
0.0310000000
0.0310000000
0.0310000000
0.0310000000
0.0310000000
0.0310000000
0.0310000000
0.0310000000
0.0310000000
0.0310000000
0.0310000000
0.0310000000
0.0310000000
0.0310000000
0.0310000000
0.0310000000
0.0310000000
0.0310000000
0.0310000000
0.0310000000
0.0310000000
0.0310000000
0.0310000000
0.0310000000
0.0310000000
0.0310000000
0.0310000000
0.0310000000
0.0310000000
0.0310000000
0.0310000000
0.0310000000
0.0310000000
0.0310000000
0.0310000000
0.0310000000
0.0310000000
0.0310000000
0.0310000000
0.0310000000
0.0310000000
0.0310000000
0.0310000000
0.0310000000
0.0310000000
0.0310000000
0.0310000000
0.0310000000
0.0310000000
0.0310000000
0.0310000000
0.0310000000
0.0310000000
0.0310000000
0.0310000000
0.0310000000
0.0310000000
0.0310000000
0.0310000000
0.0310000000
0.0310000000
0.0310000000
0.0310000000
0.0310000000
0.0310000000
0.0310000000
0.0310000000
0.0310000000
0.0310000000
0.0310000000
0.0310000000
0.0310000000
0.0310000000
0.0310000000
0.0310000000
0.0310000000
0.0310000000
0.0310000000
0.0310000000
0.0310000000
0.0310000000
0.0310000000
0.0310000000
0.0310000000
0.0310000000
0.0310000000
0.0310000000
0.0310000000
0.0310000000
0.0310000000
0.0310000000
0.0310000000
0.0310000000
0.0310000000
0.0310000000
0.0310000000
0.0310000000
0.0310000000
0.0310000000
0.0310000000
0.0310000000
0.0310000000
0.0310000000
0.0310000000
0.0310000000
0.0310000000
0.0310000000
0.0310000000
0.0310000000
0.0310000000
0.0310000000
0.0310000000
0.0310000000
0.0310000000
0.0310000000
0.0310000000
0.0310000000
0.0310000000
0.0310000000
0.0310000000
0.0310000000
0.0310000000
0.0310000000
0.0310000000
0.0310000000
0.0310000000
0.0310000000
0.0310000000
0.0310000000
0.0310000000
0.0310000000
0.0310000000
0.0310000000
0.0310000000
0.0310000000
0.0310000000
0.0310000000
0.0310000000
0.0310000000
0.0310000000
0.0310000000
0.0310000000
0.0310000000
0.0310000000
0.0310000000
0.0310000000
0.0310000000
0.0310000000
0.0310000000
0.0310000000
0.0310000000
0.0310000000
0.0310000000
0.0310000000
0.0310000000
0.0310000000
0.0310000000
0.0310000000
0.0310000000
0.0310000000
0.0310000000
0.0310000000
0.0310000000
0.0310000000
0.0310000000
0.0310000000
0.0310000000
0.0310000000
0.0310000000
0.0310000000
0.0310000000
0.0310000000
0.0310000000
0.0310000000
0.0310000000
0.0310000000
0.0310000000
0.0310000000
0.0310000000
0.0310000000
0.0310000000
0.0310000000
0.0310000000
0.0310000000
0.0310000000
0.0310000000
0.0310000000
0.0310000000
0.0310000000
0.0310000000
0.0310000000
0.0310000000
0.0310000000
0.0310000000
0.0310000000
0.0310000000
0.0310000000
0.0310000000
0.0310000000
0.0310000000
0.0310000000
0.0310000000
0.0310000000
0.0310000000
0.0310000000
0.0310000000
0.0310000000
0.0310000000
0.0310000000
0.0310000000
0.0310000000
0.0310000000
0.0310000000
0.0310000000
0.0310000000
0.0310000000
0.0310000000
0.0310000000
0.0310000000
0.0310000000
0.0310000000
0.0310000000
0.0310000000
0.0310000000
0.0310000000
0.0310000000
0.0310000000
0.0310000000
0.0310000000
0.0310000000
0.0310000000
0.0310000000
0.0310000000
0.0310000000
0.0310000000
0.0310000000
0.0310000000
0.0310000000
0.0310000000
0.0310000000
0.0310000000
0.0310000000
0.0310000000
0.0310000000
0.0310000000
0.0310000000
0.0310000000
0.0310000000
0.0310000000
0.0310000000
0.0310000000
0.0310000000
0.0310000000
0.0310000000
0.0310000000
0.0310000000
0.0310000000
0.0310000000
0.0310000000
0.0310000000
0.0310000000
0.0310000000
0.0310000000
0.0310000000
0.0310000000
0.0310000000
0.0310000000
0.0310000000
0.0310000000
0.0310000000
0.0310000000
0.0310000000
0.0310000000
0.0310000000
0.0310000000
0.0310000000
0.0310000000
0.0310000000
0.0310000000
0.0310000000
0.0310000000
0.0310000000
0.0310000000
0.0310000000
0.0310000000
0.0310000000
0.0310000000
0.0310000000
0.0310000000
0.0310000000
0.0310000000
0.0310000000
0.0310000000
0.0310000000
0.0310000000
0.0310000000
0.0310000000
0.0310000000
0.0310000000
0.0310000000
0.0310000000
0.0310000000
0.0310000000
0.0310000000
0.0310000000
0.0310000000
0.0310000000
0.0310000000
0.0310000000
0.0310000000
0.0310000000
0.0310000000
0.0310000000
0.0310000000
0.0310000000
0.0310000000
0.0310000000
0.0310000000
0.0310000000
0.0310000000
0.0310000000
0.0310000000
0.0310000000
0.0310000000
0.0310000000
0.0310000000
0.0310000000
0.0310000000
0.0310000000
0.0310000000
0.0310000000
0.0310000000
0.0310000000
0.0310000000
0.0310000000
0.0310000000
0.0310000000
0.0310000000
0.0310000000
0.0310000000
0.0310000000
0.0310000000
0.0310000000
0.0310000000
0.0310000000
0.0310000000
0.0310000000
0.0310000000
0.0310000000
0.0310000000
0.0310000000
0.0310000000
0.0310000000
0.0310000000
0.0310000000
0.0310000000
0.0310000000
0.0310000000
0.0310000000
0.0310000000
0.0310000000
0.0310000000
0.0310000000
0.0310000000
0.0310000000
0.0310000000
0.0310000000
0.0310000000
0.0310000000
0.0310000000
0.0310000000
0.0310000000
0.0310000000
0.0310000000
0.0310000000
0.0310000000
0.0310000000
0.0310000000
0.0310000000
0.0310000000
0.0310000000
0.0310000000
0.0310000000
0.0310000000
0.0310000000
0.0310000000
0.0310000000
0.0310000000
0.0310000000
0.0310000000
0.0310000000
0.0310000000
0.0310000000
0.0310000000
0.0310000000
0.0310000000
0.0310000000
0.0310000000
0.0310000000
0.0310000000
0.0310000000
0.0310000000
0.0310000000
0.0310000000
0.0310000000
0.0310000000
0.0310000000
0.0310000000
0.0310000000
0.0310000000
0.0310000000
0.0310000000
0.0310000000
0.0310000000
0.0310000000
0.0310000000
0.0310000000
0.0310000000
0.0310000000
0.0310000000
0.0310000000
0.0310000000
0.0310000000
0.0310000000
0.0310000000
0.0310000000
0.0310000000
0.0310000000
0.0310000000
0.0310000000
0.0310000000
0.0310000000
0.0310000000
0.0310000000
0.0310000000
0.0310000000
0.0310000000
0.0310000000
0.0310000000
0.0310000000
0.0310000000
0.0310000000
0.0310000000
0.0310000000
0.0310000000
0.0310000000
0.0310000000
0.0310000000
0.0310000000
0.0310000000
0.0310000000
0.0310000000
0.0310000000
0.0310000000
0.0310000000
0.0310000000
0.0310000000
0.0310000000
0.0310000000
0.0310000000
0.0310000000
0.0310000000
0.0310000000
0.0310000000
0.0310000000
0.0310000000
0.0310000000
0.0310000000
0.0310000000
0.0310000000
0.0310000000
0.0310000000
0.0310000000
0.0310000000
0.0310000000
0.0310000000
0.0310000000
0.0310000000
0.0310000000
0.0310000000
0.0310000000
0.0310000000
0.0310000000
0.0310000000
0.0310000000
0.0310000000
0.0310000000
0.0310000000
0.0310000000
0.0310000000
0.0310000000
0.0310000000
0.0310000000
0.0310000000
0.0310000000
0.0310000000
0.0310000000
0.0310000000
0.0310000000
0.0310000000
0.0310000000
0.0310000000
0.0310000000
0.0310000000
0.0310000000
0.0310000000
0.0310000000
0.0310000000
0.0310000000
0.0310000000
0.0310000000
0.0310000000
0.0310000000
0.0310000000
0.0310000000
0.0310000000
0.0310000000
0.0310000000
0.0310000000
0.0310000000
0.0310000000
0.0310000000
0.0310000000
0.0310000000
0.0310000000
0.0310000000
0.0310000000
0.0310000000
0.0310000000
0.0310000000
0.0310000000
0.0310000000
0.0310000000
0.0310000000
0.0310000000
0.0310000000
0.0310000000
0.0310000000
0.0310000000
0.0310000000
0.0310000000
0.0310000000
0.0310000000
0.0310000000
0.0310000000
0.0310000000
0.0310000000
0.0310000000
0.0310000000
0.0310000000
0.0310000000
0.0310000000
0.0310000000
0.0310000000
0.0310000000
0.0310000000
0.0310000000
0.0310000000
0.0310000000
0.0310000000
0.0310000000
0.0310000000
0.0310000000
0.0310000000
0.0310000000
0.0310000000
0.0310000000
0.0310000000
0.0310000000
0.0310000000
0.0310000000
0.0310000000
0.0310000000
0.0310000000
0.0310000000
0.0310000000
0.0310000000
0.0310000000
0.0310000000
0.0310000000
0.0310000000
0.0310000000
0.0310000000
0.0310000000
0.0310000000
0.0310000000
0.0310000000
0.0310000000
0.0310000000
0.0310000000
0.0310000000
0.0310000000
0.0310000000
0.0310000000
0.0310000000
0.0310000000
0.0310000000
0.0310000000
0.0310000000
0.0310000000
0.0310000000
0.0310000000
0.0310000000
0.0310000000
0.0310000000
0.0310000000
0.0310000000
0.0310000000
0.0310000000
0.0310000000
0.0310000000
0.0310000000
0.0310000000
0.0310000000
0.0310000000
0.0310000000
0.0310000000
0.0310000000
0.0310000000
0.0310000000
0.0310000000
0.0310000000
0.0310000000
0.0310000000
0.0310000000
0.0310000000
0.0310000000
0.0310000000
0.0310000000
0.0310000000
0.0310000000
0.0310000000
0.0310000000
0.0310000000
0.0310000000
0.0310000000
0.0310000000
0.0310000000
0.0310000000
0.0310000000
0.0310000000
0.0310000000
0.0310000000
0.0310000000
0.0310000000
0.0310000000
0.0310000000
0.0310000000
0.0310000000
0.0310000000
0.0310000000
0.0310000000
0.0310000000
0.0310000000
0.0310000000
0.0310000000
0.0310000000
0.0310000000
0.0310000000
0.0310000000
0.0310000000
0.0310000000
0.0310000000
0.0310000000
0.0310000000
0.0310000000
0.0310000000
0.0310000000
0.0310000000
0.0310000000
0.0310000000
0.0310000000
0.0310000000
0.0310000000
0.0310000000
0.0310000000
0.0310000000
0.0310000000
0.0310000000
0.0310000000
0.0310000000
0.0310000000
0.0310000000
0.0310000000
0.0310000000
0.0310000000
0.0310000000
0.0310000000
0.0310000000
0.0310000000
0.0310000000
0.0310000000
0.0310000000
0.0310000000
0.0310000000
0.0310000000
0.0310000000
0.0310000000
0.0310000000
0.0310000000
0.0310000000
0.0310000000
0.0310000000
0.0310000000
0.0310000000
0.0310000000
0.0310000000
0.0310000000
0.0310000000
0.0310000000
0.0310000000
0.0310000000
0.0310000000
0.0310000000
0.0310000000
0.0310000000
0.0310000000
0.0310000000
0.0310000000
0.0310000000
0.0310000000
0.0310000000
0.0310000000
0.0310000000
0.0310000000
0.0310000000
0.0310000000
0.0310000000
0.0310000000
0.0310000000
0.0310000000
0.0310000000
0.0310000000
0.0310000000
0.0310000000
0.0310000000
0.0310000000
0.0310000000
0.0310000000
0.0310000000
0.0310000000
0.0310000000
0.0310000000
0.0310000000
0.0310000000
0.0310000000
0.0310000000
0.0310000000
0.0310000000
0.0310000000
0.0310000000
0.0310000000
0.0310000000
0.0310000000
0.0310000000
0.0310000000
0.0310000000
0.0310000000
0.0310000000
0.0310000000
0.0310000000
0.0310000000
0.0310000000
0.0310000000
0.0310000000
0.0310000000
0.0310000000
0.0310000000
0.0310000000
0.0310000000
0.0310000000
0.0310000000
0.0310000000
0.0310000000
0.0310000000
0.0310000000
0.0310000000
0.0310000000
0.0310000000
0.0310000000
0.0310000000
0.0310000000
0.0310000000
0.0310000000
0.0310000000
0.0310000000
0.0310000000
0.0310000000
0.0310000000
0.0310000000
0.0310000000
0.0310000000
0.0310000000
0.0310000000
0.0310000000
0.0310000000
0.0310000000
0.0310000000
0.0310000000
0.0310000000
0.0310000000
0.0310000000
0.0310000000
0.0310000000
0.0310000000
0.0310000000
0.0310000000
0.0310000000
0.0310000000
0.0310000000
0.0310000000
0.0310000000
0.0310000000
0.0310000000
0.0310000000
0.0310000000
0.0310000000
0.0310000000
0.0310000000
0.0310000000
0.0310000000
0.0310000000
0.0310000000
0.0310000000
0.0310000000
0.0310000000
0.0310000000
0.0310000000
0.0310000000
0.0310000000
0.0310000000
0.0310000000
0.0310000000
0.0310000000
0.0310000000
0.0310000000
0.0310000000
0.0310000000
0.0310000000
0.0310000000
0.0310000000
0.0310000000
0.0310000000
0.0310000000
0.0310000000
0.0310000000
0.0310000000
0.0310000000
0.0310000000
0.0310000000
0.0310000000
0.0310000000
0.0310000000
0.0310000000
0.0310000000
0.0310000000
0.0310000000
0.0310000000
0.0310000000
0.0310000000
0.0310000000
0.0310000000
0.0310000000
0.0310000000
0.0310000000
0.0310000000
0.0310000000
0.0310000000
0.0310000000
0.0310000000
0.0310000000
0.0310000000
0.0310000000
0.0310000000
0.0310000000
0.0310000000
0.0310000000
0.0310000000
0.0310000000
0.0310000000
0.0310000000
0.0310000000
0.0310000000
0.0310000000
0.0310000000
0.0310000000
0.0310000000
0.0310000000
0.0310000000
0.0310000000
0.0310000000
0.0310000000
0.0310000000
0.0310000000
0.0310000000
0.0310000000
0.0310000000
0.0310000000
0.0310000000
0.0310000000
0.0310000000
0.0310000000
0.0310000000
0.0310000000
0.0310000000
0.0310000000
0.0310000000
0.0310000000
0.0310000000
0.0310000000
0.0310000000
0.0310000000
0.0310000000
0.0310000000
0.0310000000
0.0310000000
0.0310000000
0.0310000000
0.0310000000
0.0310000000
0.0310000000
0.0310000000
0.0310000000
0.0310000000
0.0310000000
0.0310000000
0.0310000000
0.0310000000
0.0310000000
0.0310000000
0.0310000000
0.0310000000
0.0310000000
0.0310000000
0.0310000000
0.0310000000
0.0310000000
0.0310000000
0.0310000000
0.0310000000
0.0310000000
0.0310000000
0.0310000000
0.0310000000
0.0310000000
0.0310000000
0.0310000000
0.0310000000
0.0310000000
0.0310000000
0.0310000000
0.0310000000
0.0310000000
0.0310000000
0.0310000000
0.0310000000
0.0310000000
0.0310000000
0.0310000000
0.0310000000
0.0310000000
0.0310000000
0.0310000000
0.0310000000
0.0310000000
0.0310000000
0.0310000000
0.0310000000
0.0310000000
0.0310000000
0.0310000000
0.0310000000
0.0310000000
0.0310000000
0.0310000000
0.0310000000
0.0310000000
0.0310000000
0.0310000000
0.0310000000
0.0310000000
0.0310000000
0.0310000000
0.0310000000
0.0310000000
0.0310000000
0.0310000000
0.0310000000
0.0310000000
0.0310000000
0.0310000000
0.0310000000
0.0310000000
0.0310000000
0.0310000000
0.0310000000
0.0310000000
0.0310000000
0.0310000000
0.0310000000
0.0310000000
0.0310000000
0.0310000000
0.0310000000
0.0310000000
0.0310000000
0.0310000000
0.0310000000
0.0310000000
0.0310000000
0.0310000000
0.0310000000
0.0310000000
0.0310000000
0.0310000000
0.0310000000
0.0310000000
0.0310000000
0.0310000000
0.0310000000
0.0310000000
0.0310000000
0.0310000000
0.0310000000
0.0310000000
0.0310000000
0.0310000000
0.0310000000
0.0310000000
0.0310000000
0.0310000000
0.0310000000
0.0310000000
0.0310000000
0.0310000000
0.0310000000
0.0310000000
0.0310000000
0.0310000000
0.0310000000
0.0310000000
0.0310000000
0.0310000000
0.0310000000
0.0310000000
0.0310000000
0.0310000000
0.0310000000
0.0310000000
0.0310000000
0.0310000000
0.0310000000
0.0310000000
0.0310000000
0.0310000000
0.0310000000
0.0310000000
0.0310000000
0.0310000000
0.0310000000
0.0310000000
0.0310000000
0.0310000000
0.0310000000
0.0310000000
0.0310000000
0.0310000000
0.0310000000
0.0310000000
0.0310000000
0.0310000000
0.0310000000
0.0310000000
0.0310000000
0.0310000000
0.0310000000
0.0310000000
0.0310000000
0.0310000000
0.0310000000
0.0310000000
0.0310000000
0.0310000000
0.0310000000
0.0310000000
0.0310000000
0.0310000000
0.0310000000
0.0310000000
0.0310000000
0.0310000000
0.0310000000
0.0310000000
0.0310000000
0.0310000000
0.0310000000
0.0310000000
0.0310000000
0.0310000000
0.0310000000
0.0310000000
0.0310000000
0.0310000000
0.0310000000
0.0310000000
0.0310000000
0.0310000000
0.0310000000
0.0310000000
0.0310000000
0.0310000000
0.0310000000
0.0310000000
0.0310000000
0.0310000000
0.0310000000
0.0310000000
0.0310000000
0.0310000000
0.0310000000
0.0310000000
0.0310000000
0.0310000000
0.0310000000
0.0310000000
0.0310000000
0.0310000000
0.0310000000
0.0310000000
0.0310000000
0.0310000000
0.0310000000
0.0310000000
0.0310000000
0.0310000000
0.0310000000
0.0310000000
0.0310000000
0.0310000000
0.0310000000
0.0310000000
0.0310000000
0.0310000000
0.0310000000
0.0310000000
0.0310000000
0.0310000000
0.0310000000
0.0310000000
0.0310000000
0.0310000000
0.0310000000
0.0310000000
0.0310000000
0.0310000000
0.0310000000
0.0310000000
0.0310000000
0.0310000000
0.0310000000
0.0310000000
0.0310000000
0.0310000000
0.0310000000
0.0310000000
0.0310000000
0.0310000000
0.0310000000
0.0310000000
0.0310000000
0.0310000000
0.0310000000
0.0310000000
0.0310000000
0.0310000000
0.0310000000
0.0310000000
0.0310000000
0.0310000000
0.0310000000
0.0310000000
0.0310000000
0.0310000000
0.0310000000
0.0310000000
0.0310000000
0.0310000000
0.0310000000
0.0310000000
0.0310000000
0.0310000000
0.0310000000
0.0310000000
0.0310000000
0.0310000000
0.0310000000
0.0310000000
0.0310000000
0.0310000000
0.0310000000
0.0310000000
0.0310000000
0.0310000000
0.0310000000
0.0310000000
0.0310000000
0.0310000000
0.0310000000
0.0310000000
0.0310000000
0.0310000000
0.0310000000
0.0310000000
0.0310000000
0.0310000000
0.0310000000
0.0310000000
0.0310000000
0.0310000000
0.0310000000
0.0310000000
0.0310000000
0.0310000000
0.0310000000
0.0310000000
0.0310000000
0.0310000000
0.0310000000
0.0310000000
0.0310000000
0.0310000000
0.0310000000
0.0310000000
0.0310000000
0.0310000000
0.0310000000
0.0310000000
0.0310000000
0.0310000000
0.0310000000
0.0310000000
0.0310000000
0.0310000000
0.0310000000
0.0310000000
0.0310000000
0.0310000000
0.0310000000
0.0310000000
0.0310000000
0.0310000000
0.0310000000
0.0310000000
0.0310000000
0.0310000000
0.0310000000
0.0310000000
0.0310000000
0.0310000000
0.0310000000
0.0310000000
0.0310000000
0.0310000000
0.0310000000
0.0310000000
0.0310000000
0.0310000000
0.0310000000
0.0310000000
0.0310000000
0.0310000000
0.0310000000
0.0310000000
0.0310000000
0.0310000000
0.0310000000
0.0310000000
0.0310000000
0.0310000000
0.0310000000
0.0310000000
0.0310000000
0.0310000000
0.0310000000
0.0310000000
0.0310000000
0.0310000000
0.0310000000
0.0310000000
0.0310000000
0.0310000000
0.0310000000
0.0310000000
0.0310000000
0.0310000000
0.0310000000
0.0310000000
0.0310000000
0.0310000000
0.0310000000
0.0310000000
0.0310000000
0.0310000000
0.0310000000
0.0310000000
0.0310000000
0.0310000000
0.0310000000
0.0310000000
0.0310000000
0.0310000000
0.0310000000
0.0310000000
0.0310000000
0.0310000000
0.0310000000
0.0310000000
0.0310000000
0.0310000000
0.0310000000
0.0310000000
0.0310000000
0.0310000000
0.0310000000
0.0310000000
0.0310000000
0.0310000000
0.0310000000
0.0310000000
0.0310000000
0.0310000000
0.0310000000
0.0310000000
0.0310000000
0.0310000000
0.0310000000
0.0310000000
0.0310000000
0.0310000000
0.0310000000
0.0310000000
0.0310000000
0.0310000000
0.0310000000
0.0310000000
0.0310000000
0.0310000000
0.0310000000
0.0310000000
0.0310000000
0.0310000000
0.0310000000
0.0310000000
0.0310000000
0.0310000000
0.0310000000
0.0310000000
0.0310000000
0.0310000000
0.0310000000
0.0310000000
0.0310000000
0.0310000000
0.0310000000
0.0310000000
0.0310000000
0.0310000000
0.0310000000
0.0310000000
0.0310000000
0.0310000000
0.0310000000
0.0310000000
0.0310000000
0.0310000000
0.0310000000
0.0310000000
0.0310000000
0.0310000000
0.0310000000
0.0310000000
0.0310000000
0.0310000000
0.0310000000
0.0310000000
0.0310000000
0.0310000000
0.0310000000
0.0310000000
0.0310000000
0.0310000000
0.0310000000
0.0310000000
0.0310000000
0.0310000000
0.0310000000
0.0310000000
0.0310000000
0.0310000000
0.0310000000
0.0310000000
0.0310000000
0.0310000000
0.0310000000
0.0310000000
0.0310000000
0.0310000000
0.0310000000
0.0310000000
0.0310000000
0.0310000000
0.0310000000
0.0310000000
0.0310000000
0.0310000000
0.0310000000
0.0310000000
0.0310000000
0.0310000000
0.0310000000
0.0310000000
0.0310000000
0.0310000000
0.0310000000
0.0310000000
0.0310000000
0.0310000000
0.0310000000
0.0310000000
0.0310000000
0.0310000000
0.0310000000
0.0310000000
0.0310000000
0.0310000000
0.0310000000
0.0310000000
0.0310000000
0.0310000000
0.0310000000
0.0310000000
0.0310000000
0.0310000000
0.0310000000
0.0310000000
0.0310000000
0.0310000000
0.0310000000
0.0310000000
0.0310000000
0.0310000000
0.0310000000
0.0310000000
0.0310000000
0.0310000000
0.0310000000
0.0310000000
0.0310000000
0.0310000000
0.0310000000
0.0310000000
0.0310000000
0.0310000000
0.0310000000
0.0310000000
0.0310000000
0.0310000000
0.0310000000
0.0310000000
0.0310000000
0.0310000000
0.0310000000
0.0310000000
0.0310000000
0.0310000000
0.0310000000
0.0310000000
0.0310000000
0.0310000000
0.0310000000
0.0310000000
0.0310000000
0.0310000000
0.0310000000
0.0310000000
0.0310000000
0.0310000000
0.0310000000
0.0310000000
0.0310000000
0.0310000000
0.0310000000
0.0310000000
0.0310000000
0.0310000000
0.0310000000
0.0310000000
0.0310000000
0.0310000000
0.0310000000
0.0310000000
0.0310000000
0.0310000000
0.0310000000
0.0310000000
0.0310000000
0.0310000000
0.0310000000
0.0310000000
0.0310000000
0.0310000000
0.0310000000
0.0310000000
0.0310000000
0.0310000000
0.0310000000
0.0310000000
0.0310000000
0.0310000000
0.0310000000
0.0310000000
0.0310000000
0.0310000000
0.0310000000
0.0310000000
0.0310000000
0.0310000000
0.0310000000
0.0310000000
0.0310000000
0.0310000000
0.0310000000
0.0310000000
0.0310000000
0.0310000000
0.0310000000
0.0310000000
0.0310000000
0.0310000000
0.0310000000
0.0310000000
0.0310000000
0.0310000000
0.0310000000
0.0310000000
0.0310000000
0.0310000000
0.0310000000
0.0310000000
0.0310000000
0.0310000000
0.0310000000
0.0310000000
0.0310000000
0.0310000000
0.0310000000
0.0310000000
0.0310000000
0.0310000000
0.0310000000
0.0310000000
0.0310000000
0.0310000000
0.0310000000
0.0310000000
0.0310000000
0.0310000000
0.0310000000
0.0310000000
0.0310000000
0.0310000000
0.0310000000
0.0310000000
0.0310000000
0.0310000000
0.0310000000
0.0310000000
0.0310000000
0.0310000000
0.0310000000
0.0310000000
0.0310000000
0.0310000000
0.0310000000
0.0310000000
0.0310000000
0.0310000000
0.0310000000
0.0310000000
0.0310000000
0.0310000000
0.0310000000
0.0310000000
0.0310000000
0.0310000000
0.0310000000
0.0310000000
0.0310000000
0.0310000000
0.0310000000
0.0310000000
0.0310000000
0.0310000000
0.0310000000
0.0310000000
0.0310000000
0.0310000000
0.0310000000
0.0310000000
0.0310000000
0.0310000000
0.0310000000
0.0310000000
0.0310000000
0.0310000000
0.0310000000
0.0310000000
0.0310000000
0.0310000000
0.0310000000
0.0310000000
0.0310000000
0.0310000000
0.0310000000
0.0310000000
0.0310000000
0.0310000000
0.0310000000
0.0310000000
0.0310000000
0.0310000000
0.0310000000
0.0310000000
0.0310000000
0.0310000000
0.0310000000
0.0310000000
0.0310000000
0.0310000000
0.0310000000
0.0310000000
0.0310000000
0.0310000000
0.0310000000
0.0310000000
0.0310000000
0.0310000000
0.0310000000
0.0310000000
0.0310000000
0.0310000000
0.0310000000
0.0310000000
0.0310000000
0.0310000000
0.0310000000
0.0310000000
0.0310000000
0.0310000000
0.0310000000
0.0310000000
0.0310000000
0.0310000000
0.0310000000
0.0310000000
0.0310000000
0.0310000000
0.0310000000
0.0310000000
0.0310000000
0.0310000000
0.0310000000
0.0310000000
0.0310000000
0.0310000000
0.0310000000
0.0310000000
0.0310000000
0.0310000000
0.0310000000
0.0310000000
0.0310000000
0.0310000000
0.0310000000
0.0310000000
0.0310000000
0.0310000000
0.0310000000
0.0310000000
0.0310000000
0.0310000000
0.0310000000
0.0310000000
0.0310000000
0.0310000000
0.0310000000
0.0310000000
0.0310000000
0.0310000000
0.0310000000
0.0310000000
0.0310000000
0.0310000000
0.0310000000
0.0310000000
0.0310000000
0.0310000000
0.0310000000
0.0310000000
0.0310000000
0.0310000000
0.0310000000
0.0310000000
0.0310000000
0.0310000000
0.0310000000
0.0310000000
0.0310000000
0.0310000000
0.0310000000
0.0310000000
0.0310000000
0.0310000000
0.0310000000
0.0310000000
0.0310000000
0.0310000000
0.0310000000
0.0310000000
0.0310000000
0.0310000000
0.0310000000
0.0310000000
0.0310000000
0.0310000000
0.0310000000
0.0310000000
0.0310000000
0.0310000000
0.0310000000
0.0310000000
0.0310000000
0.0310000000
0.0310000000
0.0310000000
0.0310000000
0.0310000000
0.0310000000
0.0310000000
0.0310000000
0.0310000000
0.0310000000
0.0310000000
0.0310000000
0.0310000000
0.0310000000
0.0310000000
0.0310000000
0.0310000000
0.0310000000
0.0310000000
0.0310000000
0.0310000000
0.0310000000
0.0310000000
0.0310000000
0.0310000000
0.0310000000
0.0310000000
0.0310000000
0.0310000000
0.0310000000
0.0310000000
0.0310000000
0.0310000000
0.0310000000
0.0310000000
0.0310000000
0.0310000000
0.0310000000
0.0310000000
0.0310000000
0.0310000000
0.0310000000
0.0310000000
0.0310000000
0.0310000000
0.0310000000
0.0310000000
0.0310000000
0.0310000000
0.0310000000
0.0310000000
0.0310000000
0.0310000000
0.0310000000
0.0310000000
0.0310000000
0.0310000000
0.0310000000
0.0310000000
0.0310000000
0.0310000000
0.0310000000
0.0310000000
0.0310000000
0.0310000000
0.0310000000
0.0310000000
0.0310000000
0.0310000000
0.0310000000
0.0310000000
0.0310000000
0.0310000000
0.0310000000
0.0310000000
0.0310000000
0.0310000000
0.0310000000
0.0310000000
0.0310000000
0.0310000000
0.0310000000
0.0310000000
0.0310000000
0.0310000000
0.0310000000
0.0310000000
0.0310000000
0.0310000000
0.0310000000
0.0310000000
0.0310000000
0.0310000000
0.0310000000
0.0310000000
0.0310000000
0.0310000000
0.0310000000
0.0310000000
0.0310000000
0.0310000000
0.0310000000
0.0310000000
0.0310000000
0.0310000000
0.0310000000
0.0310000000
0.0310000000
0.0310000000
0.0310000000
0.0310000000
0.0310000000
0.0310000000
0.0310000000
0.0310000000
0.0310000000
0.0310000000
0.0310000000
0.0310000000
0.0310000000
0.0310000000
0.0310000000
0.0310000000
0.0310000000
0.0310000000
0.0310000000
0.0310000000
0.0310000000
0.0310000000
0.0310000000
0.0310000000
0.0310000000
0.0310000000
0.0310000000
0.0310000000
0.0310000000
0.0310000000
0.0310000000
0.0310000000
0.0310000000
0.0310000000
0.0310000000
0.0310000000
0.0310000000
0.0310000000
0.0310000000
0.0310000000
0.0310000000
0.0310000000
0.0310000000
0.0310000000
0.0310000000
0.0310000000
0.0310000000
0.0310000000
0.0310000000
0.0310000000
0.0310000000
0.0310000000
0.0310000000
0.0310000000
0.0310000000
0.0310000000
0.0310000000
0.0310000000
0.0310000000
0.0310000000
0.0310000000
0.0310000000
0.0310000000
0.0310000000
0.0310000000
0.0310000000
0.0310000000
0.0310000000
0.0310000000
0.0310000000
0.0310000000
0.0310000000
0.0310000000
0.0310000000
0.0310000000
0.0310000000
0.0310000000
0.0310000000
0.0310000000
0.0310000000
0.0310000000
0.0310000000
0.0310000000
0.0310000000
0.0310000000
0.0310000000
0.0310000000
0.0310000000
0.0310000000
0.0310000000
0.0310000000
0.0310000000
0.0310000000
0.0310000000
0.0310000000
0.0310000000
0.0310000000
0.0310000000
0.0310000000
0.0310000000
0.0310000000
0.0310000000
0.0310000000
0.0310000000
0.0310000000
0.0310000000
0.0310000000
0.0310000000
0.0310000000
0.0310000000
0.0310000000
0.0310000000
0.0310000000
0.0310000000
0.0310000000
0.0310000000
0.0310000000
0.0310000000
0.0310000000
0.0310000000
0.0310000000
0.0310000000
0.0310000000
0.0310000000
0.0310000000
0.0310000000
0.0310000000
0.0310000000
0.0310000000
0.0310000000
0.0310000000
0.0310000000
0.0310000000
0.0310000000
0.0310000000
0.0310000000
0.0310000000
0.0310000000
0.0310000000
0.0310000000
0.0310000000
0.0310000000
0.0310000000
0.0310000000
0.0310000000
0.0310000000
0.0310000000
0.0310000000
0.0310000000
0.0310000000
0.0310000000
0.0310000000
0.0310000000
0.0310000000
0.0310000000
0.0310000000
0.0310000000
0.0310000000
0.0310000000
0.0310000000
0.0310000000
0.0310000000
0.0310000000
0.0310000000
0.0310000000
0.0310000000
0.0310000000
0.0310000000
0.0310000000
0.0310000000
0.0310000000
0.0310000000
0.0310000000
0.0310000000
0.0310000000
0.0310000000
0.0310000000
0.0310000000
0.0310000000
0.0310000000
0.0310000000
0.0310000000
0.0310000000
0.0310000000
0.0310000000
0.0310000000
0.0310000000
0.0310000000
0.0310000000
0.0310000000
0.0310000000
0.0310000000
0.0310000000
0.0310000000
0.0310000000
0.0310000000
0.0310000000
0.0310000000
0.0310000000
0.0310000000
0.0310000000
0.0310000000
0.0310000000
0.0310000000
0.0310000000
0.0310000000
0.0310000000
0.0310000000
0.0310000000
0.0310000000
0.0310000000
0.0310000000
0.0310000000
0.0310000000
0.0310000000
0.0310000000
0.0310000000
0.0310000000
0.0310000000
0.0310000000
0.0310000000
0.0310000000
0.0310000000
0.0310000000
0.0310000000
0.0310000000
0.0310000000
0.0310000000
0.0310000000
0.0310000000
0.0310000000
0.0310000000
0.0310000000
0.0310000000
0.0310000000
0.0310000000
0.0310000000
0.0310000000
0.0310000000
0.0310000000
0.0310000000
0.0310000000
0.0310000000
0.0310000000
0.0310000000
0.0310000000
0.0310000000
0.0310000000
0.0310000000
0.0310000000
0.0310000000
0.0310000000
0.0310000000
0.0310000000
0.0310000000
0.0310000000
0.0310000000
0.0310000000
0.0310000000
0.0310000000
0.0310000000
0.0310000000
0.0310000000
0.0310000000
0.0310000000
0.0310000000
0.0310000000
0.0310000000
0.0310000000
0.0310000000
0.0310000000
0.0310000000
0.0310000000
0.0310000000
0.0310000000
0.0310000000
0.0310000000
0.0310000000
0.0310000000
0.0310000000
0.0310000000
0.0310000000
0.0310000000
0.0310000000
0.0310000000
0.0310000000
0.0310000000
0.0310000000
0.0310000000
0.0310000000
0.0310000000
0.0310000000
0.0310000000
0.0310000000
0.0310000000
0.0310000000
0.0310000000
0.0310000000
0.0310000000
0.0310000000
0.0310000000
0.0310000000
0.0310000000
0.0310000000
0.0310000000
0.0310000000
0.0310000000
0.0310000000
0.0310000000
0.0310000000
0.0310000000
0.0310000000
0.0310000000
0.0310000000
0.0310000000
0.0310000000
0.0310000000
0.0310000000
0.0310000000
0.0310000000
0.0310000000
0.0310000000
0.0310000000
0.0310000000
0.0310000000
0.0310000000
0.0310000000
0.0310000000
0.0310000000
0.0310000000
0.0310000000
0.0310000000
0.0310000000
0.0310000000
0.0310000000
0.0310000000
0.0310000000
0.0310000000
0.0310000000
0.0310000000
0.0310000000
0.0310000000
0.0310000000
0.0310000000
0.0310000000
0.0310000000
0.0310000000
0.0310000000
0.0310000000
0.0310000000
0.0310000000
0.0310000000
0.0310000000
0.0310000000
0.0310000000
0.0310000000
0.0310000000
0.0310000000
0.0310000000
0.0310000000
0.0310000000
0.0310000000
0.0310000000
0.0310000000
0.0310000000
0.0310000000
0.0310000000
0.0310000000
0.0310000000
0.0310000000
0.0310000000
0.0310000000
0.0310000000
0.0310000000
0.0310000000
0.0310000000
0.0310000000
0.0310000000
0.0310000000
0.0310000000
0.0310000000
0.0310000000
0.0310000000
0.0310000000
0.0310000000
0.0310000000
0.0310000000
0.0310000000
0.0310000000
0.0310000000
0.0310000000
0.0310000000
0.0310000000
0.0310000000
0.0310000000
0.0310000000
0.0310000000
0.0310000000
0.0310000000
0.0310000000
0.0310000000
0.0310000000
0.0310000000
0.0310000000
0.0310000000
0.0310000000
0.0310000000
0.0310000000
0.0310000000
0.0310000000
0.0310000000
0.0310000000
0.0310000000
0.0310000000
0.0310000000
0.0310000000
0.0310000000
0.0310000000
0.0310000000
0.0310000000
0.0310000000
0.0310000000
0.0310000000
0.0310000000
0.0310000000
0.0310000000
0.0310000000
0.0310000000
0.0310000000
0.0310000000
0.0310000000
0.0310000000
0.0310000000
0.0310000000
0.0310000000
0.0310000000
0.0310000000
0.0310000000
0.0310000000
0.0310000000
0.0310000000
0.0310000000
0.0310000000
0.0310000000
0.0310000000
0.0310000000
0.0310000000
0.0310000000
0.0310000000
0.0310000000
0.0310000000
0.0310000000
0.0310000000
0.0310000000
0.0310000000
0.0310000000
0.0310000000
0.0310000000
0.0310000000
0.0310000000
0.0310000000
0.0310000000
0.0310000000
0.0310000000
0.0310000000
0.0310000000
0.0310000000
0.0310000000
0.0310000000
0.0310000000
0.0310000000
0.0310000000
0.0310000000
0.0310000000
0.0310000000
0.0310000000
0.0310000000
0.0310000000
0.0310000000
0.0310000000
0.0310000000
0.0310000000
0.0310000000
0.0310000000
0.0310000000
0.0310000000
0.0310000000
0.0310000000
0.0310000000
0.0310000000
0.0310000000
0.0310000000
0.0310000000
0.0310000000
0.0310000000
0.0310000000
0.0310000000
0.0310000000
0.0310000000
0.0310000000
0.0310000000
0.0310000000
0.0310000000
0.0310000000
0.0310000000
0.0310000000
0.0310000000
0.0310000000
0.0310000000
0.0310000000
0.0310000000
0.0310000000
0.0310000000
0.0310000000
0.0310000000
0.0310000000
0.0310000000
0.0310000000
0.0310000000
0.0310000000
0.0310000000
0.0310000000
0.0310000000
0.0310000000
0.0310000000
0.0310000000
0.0310000000
0.0310000000
0.0310000000
0.0310000000
0.0310000000
0.0310000000
0.0310000000
0.0310000000
0.0310000000
0.0310000000
0.0310000000
0.0310000000
0.0310000000
0.0310000000
0.0310000000
0.0310000000
0.0310000000
0.0310000000
0.0310000000
0.0310000000
0.0310000000
0.0310000000
0.0310000000
0.0310000000
0.0310000000
0.0310000000
0.0310000000
0.0310000000
0.0310000000
0.0310000000
0.0310000000
0.0310000000
0.0310000000
0.0310000000
0.0310000000
0.0310000000
0.0310000000
0.0310000000
0.0310000000
0.0310000000
0.0310000000
0.0310000000
0.0310000000
0.0310000000
0.0310000000
0.0310000000
0.0310000000
0.0310000000
0.0310000000
0.0310000000
0.0310000000
0.0310000000
0.0310000000
0.0310000000
0.0310000000
0.0310000000
0.0310000000
0.0310000000
0.0310000000
0.0310000000
0.0310000000
0.0310000000
0.0310000000
0.0310000000
0.0310000000
0.0310000000
0.0310000000
0.0310000000
0.0310000000
0.0310000000
0.0310000000
0.0310000000
0.0310000000
0.0310000000
0.0310000000
0.0310000000
0.0310000000
0.0310000000
0.0310000000
0.0310000000
0.0310000000
0.0310000000
0.0310000000
0.0310000000
0.0310000000
0.0310000000
0.0310000000
0.0310000000
0.0310000000
0.0310000000
0.0310000000
0.0310000000
0.0310000000
0.0310000000
0.0310000000
0.0310000000
0.0310000000
0.0310000000
0.0310000000
0.0310000000
0.0310000000
0.0310000000
0.0310000000
0.0310000000
0.0310000000
0.0310000000
0.0310000000
0.0310000000
0.0310000000
0.0310000000
0.0310000000
0.0310000000
0.0310000000
0.0310000000
0.0310000000
0.0310000000
0.0310000000
0.0310000000
0.0310000000
0.0310000000
0.0310000000
0.0310000000
0.0310000000
0.0310000000
0.0310000000
0.0310000000
0.0310000000
0.0310000000
0.0310000000
0.0310000000
0.0310000000
0.0310000000
0.0310000000
0.0310000000
0.0310000000
0.0310000000
0.0310000000
0.0310000000
0.0310000000
0.0310000000
0.0310000000
0.0310000000
0.0310000000
0.0310000000
0.0310000000
0.0310000000
0.0310000000
0.0310000000
0.0310000000
0.0310000000
0.0310000000
0.0310000000
0.0310000000
0.0310000000
0.0310000000
0.0310000000
0.0310000000
0.0310000000
0.0310000000
0.0310000000
0.0310000000
0.0310000000
0.0310000000
0.0310000000
0.0310000000
0.0310000000
0.0310000000
0.0310000000
0.0310000000
0.0310000000
0.0310000000
0.0310000000
0.0310000000
0.0310000000
0.0310000000
0.0310000000
0.0310000000
0.0310000000
0.0310000000
0.0310000000
0.0310000000
0.0310000000
0.0310000000
0.0310000000
0.0310000000
0.0310000000
0.0310000000
0.0310000000
0.0310000000
0.0310000000
0.0310000000
0.0310000000
0.0310000000
0.0310000000
0.0310000000
0.0310000000
0.0310000000
0.0310000000
0.0310000000
0.0310000000
0.0310000000
0.0310000000
0.0310000000
0.0310000000
0.0310000000
0.0310000000
0.0310000000
0.0310000000
0.0310000000
0.0310000000
0.0310000000
0.0310000000
0.0310000000
0.0310000000
0.0310000000
0.0310000000
0.0310000000
0.0310000000
0.0310000000
0.0310000000
0.0310000000
0.0310000000
0.0310000000
0.0310000000
0.0310000000
0.0310000000
0.0310000000
0.0310000000
0.0310000000
0.0310000000
0.0310000000
0.0310000000
0.0310000000
0.0310000000
0.0310000000
0.0310000000
0.0310000000
0.0310000000
0.0310000000
0.0310000000
0.0310000000
0.0310000000
0.0310000000
0.0310000000
0.0310000000
0.0310000000
0.0310000000
0.0310000000
0.0310000000
0.0310000000
0.0310000000
0.0310000000
0.0310000000
0.0310000000
0.0310000000
0.0310000000
0.0310000000
0.0310000000
0.0310000000
0.0310000000
0.0310000000
0.0310000000
0.0310000000
0.0310000000
0.0310000000
0.0310000000
0.0310000000
0.0310000000
0.0310000000
0.0310000000
0.0310000000
0.0310000000
0.0310000000
0.0310000000
0.0310000000
0.0310000000
0.0310000000
0.0310000000
0.0310000000
0.0310000000
0.0310000000
0.0310000000
0.0310000000
0.0310000000
0.0310000000
0.0310000000
0.0310000000
0.0310000000
0.0310000000
0.0310000000
0.0310000000
0.0310000000
0.0310000000
0.0310000000
0.0310000000
0.0310000000
0.0310000000
0.0310000000
0.0310000000
0.0310000000
0.0310000000
0.0310000000
0.0310000000
0.0310000000
0.0310000000
0.0310000000
0.0310000000
0.0310000000
0.0310000000
0.0310000000
0.0310000000
0.0310000000
0.0310000000
0.0310000000
0.0310000000
0.0310000000
0.0310000000
0.0310000000
0.0310000000
0.0310000000
0.0310000000
0.0310000000
0.0310000000
0.0310000000
0.0310000000
0.0310000000
0.0310000000
0.0310000000
0.0310000000
0.0310000000
0.0310000000
0.0310000000
0.0310000000
0.0310000000
0.0310000000
0.0310000000
0.0310000000
0.0310000000
0.0310000000
0.0310000000
0.0310000000
0.0310000000
0.0310000000
0.0310000000
0.0310000000
0.0310000000
0.0310000000
0.0310000000
0.0310000000
0.0310000000
0.0310000000
0.0310000000
0.0310000000
0.0310000000
0.0310000000
0.0310000000
0.0310000000
0.0310000000
0.0310000000
0.0310000000
0.0310000000
0.0310000000
0.0310000000
0.0310000000
0.0310000000
0.0310000000
0.0310000000
0.0310000000
0.0310000000
0.0310000000
0.0310000000
0.0310000000
0.0310000000
0.0310000000
0.0310000000
0.0310000000
0.0310000000
0.0310000000
0.0310000000
0.0310000000
0.0310000000
0.0310000000
0.0310000000
0.0310000000
0.0310000000
0.0310000000
0.0310000000
0.0310000000
0.0310000000
0.0310000000
0.0310000000
0.0310000000
0.0310000000
0.0310000000
0.0310000000
0.0310000000
0.0310000000
0.0310000000
0.0310000000
0.0310000000
0.0310000000
0.0310000000
0.0310000000
0.0310000000
0.0310000000
0.0310000000
0.0310000000
0.0310000000
0.0310000000
0.0310000000
0.0310000000
0.0310000000
0.0310000000
0.0310000000
0.0310000000
0.0310000000
0.0310000000
0.0310000000
0.0310000000
0.0310000000
0.0310000000
0.0310000000
0.0310000000
0.0310000000
0.0310000000
0.0310000000
0.0310000000
0.0310000000
0.0310000000
0.0310000000
0.0310000000
0.0310000000
0.0310000000
0.0310000000
0.0310000000
0.0310000000
0.0310000000
0.0310000000
0.0310000000
0.0310000000
0.0310000000
0.0310000000
0.0310000000
0.0310000000
0.0310000000
0.0310000000
0.0310000000
0.0310000000
0.0310000000
0.0310000000
0.0310000000
0.0310000000
0.0310000000
0.0310000000
0.0310000000
0.0310000000
0.0310000000
0.0310000000
0.0310000000
0.0310000000
0.0310000000
0.0310000000
0.0310000000
0.0310000000
0.0310000000
0.0310000000
0.0310000000
0.0310000000
0.0310000000
0.0310000000
0.0310000000
0.0310000000
0.0310000000
0.0310000000
0.0310000000
0.0310000000
0.0310000000
0.0310000000
0.0310000000
0.0310000000
0.0310000000
0.0310000000
0.0310000000
0.0310000000
0.0310000000
0.0310000000
0.0310000000
0.0310000000
0.0310000000
0.0310000000
0.0310000000
0.0310000000
0.0310000000
0.0310000000
0.0310000000
0.0310000000
0.0310000000
0.0310000000
0.0310000000
0.0310000000
0.0310000000
0.0310000000
0.0310000000
0.0310000000
0.0310000000
0.0310000000
0.0310000000
0.0310000000
0.0310000000
0.0310000000
0.0310000000
0.0310000000
0.0310000000
0.0310000000
0.0310000000
0.0310000000
0.0310000000
0.0310000000
0.0310000000
0.0310000000
0.0310000000
0.0310000000
0.0310000000
0.0310000000
0.0310000000
0.0310000000
0.0310000000
0.0310000000
0.0310000000
0.0310000000
0.0310000000
0.0310000000
0.0310000000
0.0310000000
0.0310000000
0.0310000000
0.0310000000
0.0310000000
0.0310000000
0.0310000000
0.0310000000
0.0310000000
0.0310000000
0.0310000000
0.0310000000
0.0310000000
0.0310000000
0.0310000000
0.0310000000
0.0310000000
0.0310000000
0.0310000000
0.0310000000
0.0310000000
0.0310000000
0.0310000000
0.0310000000
0.0310000000
0.0310000000
0.0310000000
0.0310000000
0.0310000000
0.0310000000
0.0310000000
0.0310000000
0.0310000000
0.0310000000
0.0310000000
0.0310000000
0.0310000000
0.0310000000
0.0310000000
0.0310000000
0.0310000000
0.0310000000
0.0310000000
0.0310000000
0.0310000000
0.0310000000
0.0310000000
0.0310000000
0.0310000000
0.0310000000
0.0310000000
0.0310000000
0.0310000000
0.0310000000
0.0310000000
0.0310000000
0.0310000000
0.0310000000
0.0310000000
0.0310000000
0.0310000000
0.0310000000
0.0310000000
0.0310000000
0.0310000000
0.0310000000
0.0310000000
0.0310000000
0.0310000000
0.0310000000
0.0310000000
0.0310000000
0.0310000000
0.0310000000
0.0310000000
0.0310000000
0.0310000000
0.0310000000
0.0310000000
0.0310000000
0.0310000000
0.0310000000
0.0310000000
0.0310000000
0.0310000000
0.0310000000
0.0310000000
0.0310000000
0.0310000000
0.0310000000
0.0310000000
0.0310000000
0.0310000000
0.0310000000
0.0310000000
0.0310000000
0.0310000000
0.0310000000
0.0310000000
0.0310000000
0.0310000000
0.0310000000
0.0310000000
0.0310000000
0.0310000000
0.0310000000
0.0310000000
0.0310000000
0.0310000000
0.0310000000
0.0310000000
0.0310000000
0.0310000000
0.0310000000
0.0310000000
0.0310000000
0.0310000000
0.0310000000
0.0310000000
0.0310000000
0.0310000000
0.0310000000
0.0310000000
0.0310000000
0.0310000000
0.0310000000
0.0310000000
0.0310000000
0.0310000000
0.0310000000
0.0310000000
0.0310000000
0.0310000000
0.0310000000
0.0310000000
0.0310000000
0.0310000000
0.0310000000
0.0310000000
0.0310000000
0.0310000000
0.0310000000
0.0310000000
0.0310000000
0.0310000000
0.0310000000
0.0310000000
0.0310000000
0.0310000000
0.0310000000
0.0310000000
0.0310000000
0.0310000000
0.0310000000
0.0310000000
0.0310000000
0.0310000000
0.0310000000
0.0310000000
0.0310000000
0.0310000000
0.0310000000
0.0310000000
0.0310000000
0.0310000000
0.0310000000
0.0310000000
0.0310000000
0.0310000000
0.0310000000
0.0310000000
0.0310000000
0.0310000000
0.0310000000
0.0310000000
0.0310000000
0.0310000000
0.0310000000
0.0310000000
0.0310000000
0.0310000000
0.0310000000
0.0310000000
0.0310000000
0.0310000000
0.0310000000
0.0310000000
0.0310000000
0.0310000000
0.0310000000
0.0310000000
0.0310000000
0.0310000000
0.0310000000
0.0310000000
0.0310000000
0.0310000000
0.0310000000
0.0310000000
0.0310000000
0.0310000000
0.0310000000
0.0310000000
0.0310000000
0.0310000000
0.0310000000
0.0310000000
0.0310000000
0.0310000000
0.0310000000
0.0310000000
0.0310000000
0.0310000000
0.0310000000
0.0310000000
0.0310000000
0.0310000000
0.0310000000
0.0310000000
0.0310000000
0.0310000000
0.0310000000
0.0310000000
0.0310000000
0.0310000000
0.0310000000
0.0310000000
0.0310000000
0.0310000000
0.0310000000
0.0310000000
0.0310000000
0.0310000000
0.0310000000
0.0310000000
0.0310000000
0.0310000000
0.0310000000
0.0310000000
0.0310000000
0.0310000000
0.0310000000
0.0310000000
0.0310000000
0.0310000000
0.0310000000
0.0310000000
0.0310000000
0.0310000000
0.0310000000
0.0310000000
0.0310000000
0.0310000000
0.0310000000
0.0310000000
0.0310000000
0.0310000000
0.0310000000
0.0310000000
0.0310000000
0.0310000000
0.0310000000
0.0310000000
0.0310000000
0.0310000000
0.0310000000
0.0310000000
0.0310000000
0.0310000000
0.0310000000
0.0310000000
0.0310000000
0.0310000000
0.0310000000
0.0310000000
0.0310000000
0.0310000000
0.0310000000
0.0310000000
0.0310000000
0.0310000000
0.0310000000
0.0310000000
0.0310000000
0.0310000000
0.0310000000
0.0310000000
0.0310000000
0.0310000000
0.0310000000
0.0310000000
0.0310000000
0.0310000000
0.0310000000
0.0310000000
0.0310000000
0.0310000000
0.0310000000
0.0310000000
0.0310000000
0.0310000000
0.0310000000
0.0310000000
0.0310000000
0.0310000000
0.0310000000
0.0310000000
0.0310000000
0.0310000000
0.0310000000
0.0310000000
0.0310000000
0.0310000000
0.0310000000
0.0310000000
0.0310000000
0.0310000000
0.0310000000
0.0310000000
0.0310000000
0.0310000000
0.0310000000
0.0310000000
0.0310000000
0.0310000000
0.0310000000
0.0310000000
0.0310000000
0.0310000000
0.0310000000
0.0310000000
0.0310000000
0.0310000000
0.0310000000
0.0310000000
0.0310000000
0.0310000000
0.0310000000
0.0310000000
0.0310000000
0.0310000000
0.0310000000
0.0310000000
0.0310000000
0.0310000000
0.0310000000
0.0310000000
0.0310000000
0.0310000000
0.0310000000
0.0310000000
0.0310000000
0.0310000000
0.0310000000
0.0310000000
0.0310000000
0.0310000000
0.0310000000
0.0310000000
0.0310000000
0.0310000000
0.0310000000
0.0310000000
0.0310000000
0.0310000000
0.0310000000
0.0310000000
0.0310000000
0.0310000000
0.0310000000
0.0310000000
0.0310000000
0.0310000000
0.0310000000
0.0310000000
0.0310000000
0.0310000000
0.0310000000
0.0310000000
0.0310000000
0.0310000000
0.0310000000
0.0310000000
0.0310000000
0.0310000000
0.0310000000
0.0310000000
0.0310000000
0.0310000000
0.0310000000
0.0310000000
0.0310000000
0.0310000000
0.0310000000
0.0310000000
0.0310000000
0.0310000000
0.0310000000
0.0310000000
0.0310000000
0.0310000000
0.0310000000
0.0310000000
0.0310000000
0.0310000000
0.0310000000
0.0310000000
0.0310000000
0.0310000000
0.0310000000
0.0310000000
0.0310000000
0.0310000000
0.0310000000
0.0310000000
0.0310000000
0.0310000000
0.0310000000
0.0310000000
0.0310000000
0.0310000000
0.0310000000
0.0310000000
0.0310000000
0.0310000000
0.0310000000
0.0310000000
0.0310000000
0.0310000000
0.0310000000
0.0310000000
0.0310000000
0.0310000000
0.0310000000
0.0310000000
0.0310000000
0.0310000000
0.0310000000
0.0310000000
0.0310000000
0.0310000000
0.0310000000
0.0310000000
0.0310000000
0.0310000000
0.0310000000
0.0310000000
0.0310000000
0.0310000000
0.0310000000
0.0310000000
0.0310000000
0.0310000000
0.0310000000
0.0310000000
0.0310000000
0.0310000000
0.0310000000
0.0310000000
0.0310000000
0.0310000000
0.0310000000
0.0310000000
0.0310000000
0.0310000000
0.0310000000
0.0310000000
0.0310000000
0.0310000000
0.0310000000
0.0310000000
0.0310000000
0.0310000000
0.0310000000
0.0310000000
0.0310000000
0.0310000000
0.0310000000
0.0310000000
0.0310000000
0.0310000000
0.0310000000
0.0310000000
0.0310000000
0.0310000000
0.0310000000
0.0310000000
0.0310000000
0.0310000000
0.0310000000
0.0310000000
0.0310000000
0.0310000000
0.0310000000
0.0310000000
0.0310000000
0.0310000000
0.0310000000
0.0310000000
0.0310000000
0.0310000000
0.0310000000
0.0310000000
0.0310000000
0.0310000000
0.0310000000
0.0310000000
0.0310000000
0.0310000000
0.0310000000
0.0310000000
0.0310000000
0.0310000000
0.0310000000
0.0310000000
0.0310000000
0.0310000000
0.0310000000
0.0310000000
0.0310000000
0.0310000000
0.0310000000
0.0310000000
0.0310000000
0.0310000000
0.0310000000
0.0310000000
0.0310000000
0.0310000000
0.0310000000
0.0310000000
0.0310000000
0.0310000000
0.0310000000
0.0310000000
0.0310000000
0.0310000000
0.0310000000
0.0310000000
0.0310000000
0.0310000000
0.0310000000
0.0310000000
0.0310000000
0.0310000000
0.0310000000
0.0310000000
0.0310000000
0.0310000000
0.0310000000
0.0310000000
0.0310000000
0.0310000000
0.0310000000
0.0310000000
0.0310000000
0.0310000000
0.0310000000
0.0310000000
0.0310000000
0.0310000000
0.0310000000
0.0310000000
0.0310000000
0.0310000000
0.0310000000
0.0310000000
0.0310000000
0.0310000000
0.0310000000
0.0310000000
0.0310000000
0.0310000000
0.0310000000
0.0310000000
0.0310000000
0.0310000000
0.0310000000
0.0310000000
0.0310000000
0.0310000000
0.0310000000
0.0310000000
0.0310000000
0.0310000000
0.0310000000
0.0310000000
0.0310000000
0.0310000000
0.0310000000
0.0310000000
0.0310000000
0.0310000000
0.0310000000
0.0310000000
0.0310000000
0.0310000000
0.0310000000
0.0310000000
0.0310000000
0.0310000000
0.0310000000
0.0310000000
0.0310000000
0.0310000000
0.0310000000
0.0310000000
0.0310000000
0.0310000000
0.0310000000
0.0310000000
0.0310000000
0.0310000000
0.0310000000
0.0310000000
0.0310000000
0.0310000000
0.0310000000
0.0310000000
0.0310000000
0.0310000000
0.0310000000
0.0310000000
0.0310000000
0.0310000000
0.0310000000
0.0310000000
0.0310000000
0.0310000000
0.0310000000
0.0310000000
0.0310000000
0.0310000000
0.0310000000
0.0310000000
0.0310000000
0.0310000000
0.0310000000
0.0310000000
0.0310000000
0.0310000000
0.0310000000
0.0310000000
0.0310000000
0.0310000000
0.0310000000
0.0310000000
0.0310000000
0.0310000000
0.0310000000
0.0310000000
0.0310000000
0.0310000000
0.0310000000
0.0310000000
0.0310000000
0.0310000000
0.0310000000
0.0310000000
0.0310000000
0.0310000000
0.0310000000
0.0310000000
0.0310000000
0.0310000000
0.0310000000
0.0310000000
0.0310000000
0.0310000000
0.0310000000
0.0310000000
0.0310000000
0.0310000000
0.0310000000
0.0310000000
0.0310000000
0.0310000000
0.0310000000
0.0310000000
0.0310000000
0.0310000000
0.0310000000
0.0310000000
0.0310000000
0.0310000000
0.0310000000
0.0310000000
0.0310000000
0.0310000000
0.0310000000
0.0310000000
0.0310000000
0.0310000000
0.0310000000
0.0310000000
0.0310000000
0.0310000000
0.0310000000
0.0310000000
0.0310000000
0.0310000000
0.0310000000
0.0310000000
0.0310000000
0.0310000000
0.0310000000
0.0310000000
0.0310000000
0.0310000000
0.0310000000
0.0310000000
0.0310000000
0.0310000000
0.0310000000
0.0310000000
0.0310000000
0.0310000000
0.0310000000
0.0310000000
0.0310000000
0.0310000000
0.0310000000
0.0310000000
0.0310000000
0.0310000000
0.0310000000
0.0310000000
0.0310000000
0.0310000000
0.0310000000
0.0310000000
0.0310000000
0.0310000000
0.0310000000
0.0310000000
0.0310000000
0.0310000000
0.0310000000
0.0310000000
0.0310000000
0.0310000000
0.0310000000
0.0310000000
0.0310000000
0.0310000000
0.0310000000
0.0310000000
0.0310000000
0.0310000000
0.0310000000
0.0310000000
0.0310000000
0.0310000000
0.0310000000
0.0310000000
0.0310000000
0.0310000000
0.0310000000
0.0310000000
0.0310000000
0.0310000000
0.0310000000
0.0310000000
0.0310000000
0.0310000000
0.0310000000
0.0310000000
0.0310000000
0.0310000000
0.0310000000
0.0310000000
0.0310000000
0.0310000000
0.0310000000
0.0310000000
0.0310000000
0.0310000000
0.0310000000
0.0310000000
0.0310000000
0.0310000000
0.0310000000
0.0310000000
0.0310000000
0.0310000000
0.0310000000
0.0310000000
0.0310000000
0.0310000000
0.0310000000
0.0310000000
0.0310000000
0.0310000000
0.0310000000
0.0310000000
0.0310000000
0.0310000000
0.0310000000
0.0310000000
0.0310000000
0.0310000000
0.0310000000
0.0310000000
0.0310000000
0.0310000000
0.0310000000
0.0310000000
0.0310000000
0.0310000000
0.0310000000
0.0310000000
0.0310000000
0.0310000000
0.0310000000
0.0310000000
0.0310000000
0.0310000000
0.0310000000
0.0310000000
0.0310000000
0.0310000000
0.0310000000
0.0310000000
0.0310000000
0.0310000000
0.0310000000
0.0310000000
0.0310000000
0.0310000000
0.0310000000
0.0310000000
0.0310000000
0.0310000000
0.0310000000
0.0310000000
0.0310000000
0.0310000000
0.0310000000
0.0310000000
0.0310000000
0.0310000000
0.0310000000
0.0310000000
0.0310000000
0.0310000000
0.0310000000
0.0310000000
0.0310000000
0.0310000000
0.0310000000
0.0310000000
0.0310000000
0.0310000000
0.0310000000
0.0310000000
0.0310000000
0.0310000000
0.0310000000
0.0310000000
0.0310000000
0.0310000000
0.0310000000
0.0310000000
0.0310000000
0.0310000000
0.0310000000
0.0310000000
0.0310000000
0.0310000000
0.0310000000
0.0310000000
0.0310000000
0.0310000000
0.0310000000
0.0310000000
0.0310000000
0.0310000000
0.0310000000
0.0310000000
0.0310000000
0.0310000000
0.0310000000
0.0310000000
0.0310000000
0.0310000000
0.0310000000
0.0310000000
0.0310000000
0.0310000000
0.0310000000
0.0310000000
0.0310000000
0.0310000000
0.0310000000
0.0310000000
0.0310000000
0.0310000000
0.0310000000
0.0310000000
0.0310000000
0.0310000000
0.0310000000
0.0310000000
0.0310000000
0.0310000000
0.0310000000
0.0310000000
0.0310000000
0.0310000000
0.0310000000
0.0310000000
0.0310000000
0.0310000000
0.0310000000
0.0310000000
0.0310000000
0.0310000000
0.0310000000
0.0310000000
0.0310000000
0.0310000000
0.0310000000
0.0310000000
0.0310000000
0.0310000000
0.0310000000
0.0310000000
0.0310000000
0.0310000000
0.0310000000
0.0310000000
0.0310000000
0.0310000000
0.0310000000
0.0310000000
0.0310000000
0.0310000000
0.0310000000
0.0310000000
0.0310000000
0.0310000000
0.0310000000
0.0310000000
0.0310000000
0.0310000000
0.0310000000
0.0310000000
0.0310000000
0.0310000000
0.0310000000
0.0310000000
0.0310000000
0.0310000000
0.0310000000
0.0310000000
0.0310000000
0.0310000000
0.0310000000
0.0310000000
0.0310000000
0.0310000000
0.0310000000
0.0310000000
0.0310000000
0.0310000000
0.0310000000
0.0310000000
0.0310000000
0.0310000000
0.0310000000
0.0310000000
0.0310000000
0.0310000000
0.0310000000
0.0310000000
0.0310000000
0.0310000000
0.0310000000
0.0310000000
0.0310000000
0.0310000000
0.0310000000
0.0310000000
0.0310000000
0.0310000000
0.0310000000
0.0310000000
0.0310000000
0.0310000000
0.0310000000
0.0310000000
0.0310000000
0.0310000000
0.0310000000
0.0310000000
0.0310000000
0.0310000000
0.0310000000
0.0310000000
0.0310000000
0.0310000000
0.0310000000
0.0310000000
0.0310000000
0.0310000000
0.0310000000
0.0310000000
0.0310000000
0.0310000000
0.0310000000
0.0310000000
0.0310000000
0.0310000000
0.0310000000
0.0310000000
0.0310000000
0.0310000000
0.0310000000
0.0310000000
0.0310000000
0.0310000000
0.0310000000
0.0310000000
0.0310000000
0.0310000000
0.0310000000
0.0310000000
0.0310000000
0.0310000000
0.0310000000
0.0310000000
0.0310000000
0.0310000000
0.0310000000
0.0310000000
0.0310000000
0.0310000000
0.0310000000
0.0310000000
0.0310000000
0.0310000000
0.0310000000
0.0310000000
0.0310000000
0.0310000000
0.0310000000
0.0310000000
0.0310000000
0.0310000000
0.0310000000
0.0310000000
0.0310000000
0.0310000000
0.0310000000
0.0310000000
0.0310000000
0.0310000000
0.0310000000
0.0310000000
0.0310000000
0.0310000000
0.0310000000
0.0310000000
0.0310000000
0.0310000000
0.0310000000
0.0310000000
0.0310000000
0.0310000000
0.0310000000
0.0310000000
0.0310000000
0.0310000000
0.0310000000
0.0310000000
0.0310000000
0.0310000000
0.0310000000
0.0310000000
0.0310000000
0.0310000000
0.0310000000
0.0310000000
0.0310000000
0.0310000000
0.0310000000
0.0310000000
0.0310000000
0.0310000000
0.0310000000
0.0310000000
0.0310000000
0.0310000000
0.0310000000
0.0310000000
0.0310000000
0.0310000000
0.0310000000
0.0310000000
0.0310000000
0.0310000000
0.0310000000
0.0310000000
0.0310000000
0.0310000000
0.0310000000
0.0310000000
0.0310000000
0.0310000000
0.0310000000
0.0310000000
0.0310000000
0.0310000000
0.0310000000
0.0310000000
0.0310000000
0.0310000000
0.0310000000
0.0310000000
0.0310000000
0.0310000000
0.0310000000
0.0310000000
0.0310000000
0.0310000000
0.0310000000
0.0310000000
0.0310000000
0.0310000000
0.0310000000
0.0310000000
0.0310000000
0.0310000000
0.0310000000
0.0310000000
0.0310000000
0.0310000000
0.0310000000
0.0310000000
0.0310000000
0.0310000000
0.0310000000
0.0310000000
0.0310000000
0.0310000000
0.0310000000
0.0310000000
0.0310000000
0.0310000000
0.0310000000
0.0310000000
0.0310000000
0.0310000000
0.0310000000
0.0310000000
0.0310000000
0.0310000000
0.0310000000
0.0310000000
0.0310000000
0.0310000000
0.0310000000
0.0310000000
0.0310000000
0.0310000000
0.0310000000
0.0310000000
0.0310000000
0.0310000000
0.0310000000
0.0310000000
0.0310000000
0.0310000000
0.0310000000
0.0310000000
0.0310000000
0.0310000000
0.0310000000
0.0310000000
0.0310000000
0.0310000000
0.0310000000
0.0310000000
0.0310000000
0.0310000000
0.0310000000
0.0310000000
0.0310000000
0.0310000000
0.0310000000
0.0310000000
0.0310000000
0.0310000000
0.0310000000
0.0310000000
0.0310000000
0.0310000000
0.0310000000
0.0310000000
0.0310000000
0.0310000000
0.0310000000
0.0310000000
0.0310000000
0.0310000000
0.0310000000
0.0310000000
0.0310000000
0.0310000000
0.0310000000
0.0310000000
0.0310000000
0.0310000000
0.0310000000
0.0310000000
0.0310000000
0.0310000000
0.0310000000
0.0310000000
0.0310000000
0.0310000000
0.0310000000
0.0310000000
0.0310000000
0.0310000000
0.0310000000
0.0310000000
0.0310000000
0.0310000000
0.0310000000
0.0310000000
0.0310000000
0.0310000000
0.0310000000
0.0310000000
0.0310000000
0.0310000000
0.0310000000
0.0310000000
0.0310000000
0.0310000000
0.0310000000
0.0310000000
0.0310000000
0.0310000000
0.0310000000
0.0310000000
0.0310000000
0.0310000000
0.0310000000
0.0310000000
0.0310000000
0.0310000000
0.0310000000
0.0310000000
0.0310000000
0.0310000000
0.0310000000
0.0310000000
0.0310000000
0.0310000000
0.0310000000
0.0310000000
0.0310000000
0.0310000000
0.0310000000
0.0310000000
0.0310000000
0.0310000000
0.0310000000
0.0310000000
0.0310000000
0.0310000000
0.0310000000
0.0310000000
0.0310000000
0.0310000000
0.0310000000
0.0310000000
0.0310000000
0.0310000000
0.0310000000
0.0310000000
0.0310000000
0.0310000000
0.0310000000
0.0310000000
0.0310000000
0.0310000000
0.0310000000
0.0310000000
0.0310000000
0.0310000000
0.0310000000
0.0310000000
0.0310000000
0.0310000000
0.0310000000
0.0310000000
0.0310000000
0.0310000000
0.0310000000
0.0310000000
0.0310000000
0.0310000000
0.0310000000
0.0310000000
0.0310000000
0.0310000000
0.0310000000
0.0310000000
0.0310000000
0.0310000000
0.0310000000
0.0310000000
0.0310000000
0.0310000000
0.0310000000
0.0310000000
0.0310000000
0.0310000000
0.0310000000
0.0310000000
0.0310000000
0.0310000000
0.0310000000
0.0310000000
0.0310000000
0.0310000000
0.0310000000
0.0310000000
0.0310000000
0.0310000000
0.0310000000
0.0310000000
0.0310000000
0.0310000000
0.0310000000
0.0310000000
0.0310000000
0.0310000000
0.0310000000
0.0310000000
0.0310000000
0.0310000000
0.0310000000
0.0310000000
0.0310000000
0.0310000000
0.0310000000
0.0310000000
0.0310000000
0.0310000000
0.0310000000
0.0310000000
0.0310000000
0.0310000000
0.0310000000
0.0310000000
0.0310000000
0.0310000000
0.0310000000
0.0310000000
0.0310000000
0.0310000000
0.0310000000
0.0310000000
0.0310000000
0.0310000000
0.0310000000
0.0310000000
0.0310000000
0.0310000000
0.0310000000
0.0310000000
0.0310000000
0.0310000000
0.0310000000
0.0310000000
0.0310000000
0.0310000000
0.0310000000
0.0310000000
0.0310000000
0.0310000000
0.0310000000
0.0310000000
0.0310000000
0.0310000000
0.0310000000
0.0310000000
0.0310000000
0.0310000000
0.0310000000
0.0310000000
0.0310000000
0.0310000000
0.0310000000
0.0310000000
0.0310000000
0.0310000000
0.0310000000
0.0310000000
0.0310000000
0.0310000000
0.0310000000
0.0310000000
0.0310000000
0.0310000000
0.0310000000
0.0310000000
0.0310000000
0.0310000000
0.0310000000
0.0310000000
0.0310000000
0.0310000000
0.0310000000
0.0310000000
0.0310000000
0.0310000000
0.0310000000
0.0310000000
0.0310000000
0.0310000000
0.0310000000
0.0310000000
0.0310000000
0.0310000000
0.0310000000
0.0310000000
0.0310000000
0.0310000000
0.0310000000
0.0310000000
0.0310000000
0.0310000000
0.0310000000
0.0310000000
0.0310000000
0.0310000000
0.0310000000
0.0310000000
0.0310000000
0.0310000000
0.0310000000
0.0310000000
0.0310000000
0.0310000000
0.0310000000
0.0310000000
0.0310000000
0.0310000000
0.0310000000
0.0310000000
0.0310000000
0.0310000000
0.0310000000
0.0310000000
0.0310000000
0.0310000000
0.0310000000
0.0310000000
0.0310000000
0.0310000000
0.0310000000
0.0310000000
0.0310000000
0.0310000000
0.0310000000
0.0310000000
0.0310000000
0.0310000000
0.0310000000
0.0310000000
0.0310000000
0.0310000000
0.0310000000
0.0310000000
0.0310000000
0.0310000000
0.0310000000
0.0310000000
0.0310000000
0.0310000000
0.0310000000
0.0310000000
0.0310000000
0.0310000000
0.0310000000
0.0310000000
0.0310000000
0.0310000000
0.0310000000
0.0310000000
0.0310000000
0.0310000000
0.0310000000
0.0310000000
0.0310000000
0.0310000000
0.0310000000
0.0310000000
0.0310000000
0.0310000000
0.0310000000
0.0310000000
0.0310000000
0.0310000000
0.0310000000
0.0310000000
0.0310000000
0.0310000000
0.0310000000
0.0310000000
0.0310000000
0.0310000000
0.0310000000
0.0310000000
0.0310000000
0.0310000000
0.0310000000
0.0310000000
0.0310000000
0.0310000000
0.0310000000
0.0310000000
0.0310000000
0.0310000000
0.0310000000
0.0310000000
0.0310000000
0.0310000000
0.0310000000
0.0310000000
0.0310000000
0.0310000000
0.0310000000
0.0310000000
0.0310000000
0.0310000000
0.0310000000
0.0310000000
0.0310000000
0.0310000000
0.0310000000
0.0310000000
0.0310000000
0.0310000000
0.0310000000
0.0310000000
0.0310000000
0.0310000000
0.0310000000
0.0310000000
0.0310000000
0.0310000000
0.0310000000
0.0310000000
0.0310000000
0.0310000000
0.0310000000
0.0310000000
0.0310000000
0.0310000000
0.0310000000
0.0310000000
0.0310000000
0.0310000000
0.0310000000
0.0310000000
0.0310000000
0.0310000000
0.0310000000
0.0310000000
0.0310000000
0.0310000000
0.0310000000
0.0310000000
0.0310000000
0.0310000000
0.0310000000
0.0310000000
0.0310000000
0.0310000000
0.0310000000
0.0310000000
0.0310000000
0.0310000000
0.0310000000
0.0310000000
0.0310000000
0.0310000000
0.0310000000
0.0310000000
0.0310000000
0.0310000000
0.0310000000
0.0310000000
0.0310000000
0.0310000000
0.0310000000
0.0310000000
0.0310000000
0.0310000000
0.0310000000
0.0310000000
0.0310000000
0.0310000000
0.0310000000
0.0310000000
0.0310000000
0.0310000000
0.0310000000
0.0310000000
0.0310000000
0.0310000000
0.0310000000
0.0310000000
0.0310000000
0.0310000000
0.0310000000
0.0310000000
0.0310000000
0.0310000000
0.0310000000
0.0310000000
0.0310000000
0.0310000000
0.0310000000
0.0310000000
0.0310000000
0.0310000000
0.0310000000
0.0310000000
0.0310000000
0.0310000000
0.0310000000
0.0310000000
0.0310000000
0.0310000000
0.0310000000
0.0310000000
0.0310000000
0.0310000000
0.0310000000
0.0310000000
0.0310000000
0.0310000000
0.0310000000
0.0310000000
0.0310000000
0.0310000000
0.0310000000
0.0310000000
0.0310000000
0.0310000000
0.0310000000
0.0310000000
0.0310000000
0.0310000000
0.0310000000
0.0310000000
0.0310000000
0.0310000000
0.0310000000
0.0310000000
0.0310000000
0.0310000000
0.0310000000
0.0310000000
0.0310000000
0.0310000000
0.0310000000
0.0310000000
0.0310000000
0.0310000000
0.0310000000
0.0310000000
0.0310000000
0.0310000000
0.0310000000
0.0310000000
0.0310000000
0.0310000000
0.0310000000
0.0310000000
0.0310000000
0.0310000000
0.0310000000
0.0310000000
0.0310000000
0.0310000000
0.0310000000
0.0310000000
0.0310000000
0.0310000000
0.0310000000
0.0310000000
0.0310000000
0.0310000000
0.0310000000
0.0310000000
0.0310000000
0.0310000000
0.0310000000
0.0310000000
0.0310000000
0.0310000000
0.0310000000
0.0310000000
0.0310000000
0.0310000000
0.0310000000
0.0310000000
0.0310000000
0.0310000000
0.0310000000
0.0310000000
0.0310000000
0.0310000000
0.0310000000
0.0310000000
0.0310000000
0.0310000000
0.0310000000
0.0310000000
0.0310000000
0.0310000000
0.0310000000
0.0310000000
0.0310000000
0.0310000000
0.0310000000
0.0310000000
0.0310000000
0.0310000000
0.0310000000
0.0310000000
0.0310000000
0.0310000000
0.0310000000
0.0310000000
0.0310000000
0.0310000000
0.0310000000
0.0310000000
0.0310000000
0.0310000000
0.0310000000
0.0310000000
0.0310000000
0.0310000000
0.0310000000
0.0310000000
0.0310000000
0.0310000000
0.0310000000
0.0310000000
0.0310000000
0.0310000000
0.0310000000
0.0310000000
0.0310000000
0.0310000000
0.0310000000
0.0310000000
0.0310000000
0.0310000000
0.0310000000
0.0310000000
0.0310000000
0.0310000000
0.0310000000
0.0310000000
0.0310000000
0.0310000000
0.0310000000
0.0310000000
0.0310000000
0.0310000000
0.0310000000
0.0310000000
0.0310000000
0.0310000000
0.0310000000
0.0310000000
0.0310000000
0.0310000000
0.0310000000
0.0310000000
0.0310000000
0.0310000000
0.0310000000
0.0310000000
0.0310000000
0.0310000000
0.0310000000
0.0310000000
0.0310000000
0.0310000000
0.0310000000
0.0310000000
0.0310000000
0.0310000000
0.0310000000
0.0310000000
0.0310000000
0.0310000000
0.0310000000
0.0310000000
0.0310000000
0.0310000000
0.0310000000
0.0310000000
0.0310000000
0.0310000000
0.0310000000
0.0310000000
0.0310000000
0.0310000000
0.0310000000
0.0310000000
0.0310000000
0.0310000000
0.0310000000
0.0310000000
0.0310000000
0.0310000000
0.0310000000
0.0310000000
0.0310000000
0.0310000000
0.0310000000
0.0310000000
0.0310000000
0.0310000000
0.0310000000
0.0310000000
0.0310000000
0.0310000000
0.0310000000
0.0310000000
0.0310000000
0.0310000000
0.0310000000
0.0310000000
0.0310000000
0.0310000000
0.0310000000
0.0310000000
0.0310000000
0.0310000000
0.0310000000
0.0310000000
0.0310000000
0.0310000000
0.0310000000
0.0310000000
0.0310000000
0.0310000000
0.0310000000
0.0310000000
0.0310000000
0.0310000000
0.0310000000
0.0310000000
0.0310000000
0.0310000000
0.0310000000
0.0310000000
0.0310000000
0.0310000000
0.0310000000
0.0310000000
0.0310000000
0.0310000000
0.0310000000
0.0310000000
0.0310000000
0.0310000000
0.0310000000
0.0310000000
0.0310000000
0.0310000000
0.0310000000
0.0310000000
0.0310000000
0.0310000000
0.0310000000
0.0310000000
0.0310000000
0.0310000000
0.0310000000
0.0310000000
0.0310000000
0.0310000000
0.0310000000
0.0310000000
0.0310000000
0.0310000000
0.0310000000
0.0310000000
0.0310000000
0.0310000000
0.0310000000
0.0310000000
0.0310000000
0.0310000000
0.0310000000
0.0310000000
0.0310000000
0.0310000000
0.0310000000
0.0310000000
0.0310000000
0.0310000000
0.0310000000
0.0310000000
0.0310000000
0.0310000000
0.0310000000
0.0310000000
0.0310000000
0.0310000000
0.0310000000
0.0310000000
0.0310000000
0.0310000000
0.0310000000
0.0310000000
0.0310000000
0.0310000000
0.0310000000
0.0310000000
0.0310000000
0.0310000000
0.0310000000
0.0310000000
0.0310000000
0.0310000000
0.0310000000
0.0310000000
0.0310000000
0.0310000000
0.0310000000
0.0310000000
0.0310000000
0.0310000000
0.0310000000
0.0310000000
0.0310000000
0.0310000000
0.0310000000
0.0310000000
0.0310000000
0.0310000000
0.0310000000
0.0310000000
0.0310000000
0.0310000000
0.0310000000
0.0310000000
0.0310000000
0.0310000000
0.0310000000
0.0310000000
0.0310000000
0.0310000000
0.0310000000
0.0310000000
0.0310000000
0.0310000000
0.0310000000
0.0310000000
0.0310000000
0.0310000000
0.0310000000
0.0310000000
0.0310000000
0.0310000000
0.0310000000
0.0310000000
0.0310000000
0.0310000000
0.0310000000
0.0310000000
0.0310000000
0.0310000000
0.0310000000
0.0310000000
0.0310000000
0.0310000000
0.0310000000
0.0310000000
0.0310000000
0.0310000000
0.0310000000
0.0310000000
0.0310000000
0.0310000000
0.0310000000
0.0310000000
0.0310000000
0.0310000000
0.0310000000
0.0310000000
0.0310000000
0.0310000000
0.0310000000
0.0310000000
0.0310000000
0.0310000000
0.0310000000
0.0310000000
0.0310000000
0.0310000000
0.0310000000
0.0310000000
0.0310000000
0.0310000000
0.0310000000
0.0310000000
0.0310000000
0.0310000000
0.0310000000
0.0310000000
0.0310000000
0.0310000000
0.0310000000
0.0310000000
0.0310000000
0.0310000000
0.0310000000
0.0310000000
0.0310000000
0.0310000000
0.0310000000
0.0310000000
0.0310000000
0.0310000000
0.0310000000
0.0310000000
0.0310000000
0.0310000000
0.0310000000
0.0310000000
0.0310000000
0.0310000000
0.0310000000
0.0310000000
0.0310000000
0.0310000000
0.0310000000
0.0310000000
0.0310000000
0.0310000000
0.0310000000
0.0310000000
0.0310000000
0.0310000000
0.0310000000
0.0310000000
0.0310000000
0.0310000000
0.0310000000
0.0310000000
0.0310000000
0.0310000000
0.0310000000
0.0310000000
0.0310000000
0.0310000000
0.0310000000
0.0310000000
0.0310000000
0.0310000000
0.0310000000
0.0310000000
0.0310000000
0.0310000000
0.0310000000
0.0310000000
0.0310000000
0.0310000000
0.0310000000
0.0310000000
0.0310000000
0.0310000000
0.0310000000
0.0310000000
0.0310000000
0.0310000000
0.0310000000
0.0310000000
0.0310000000
0.0310000000
0.0310000000
0.0310000000
0.0310000000
0.0310000000
0.0310000000
0.0310000000
0.0310000000
0.0310000000
0.0310000000
0.0310000000
0.0310000000
0.0310000000
0.0310000000
0.0310000000
0.0310000000
0.0310000000
0.0310000000
0.0310000000
0.0310000000
0.0310000000
0.0310000000
0.0310000000
0.0310000000
0.0310000000
0.0310000000
0.0310000000
0.0310000000
0.0310000000
0.0310000000
0.0310000000
0.0310000000
0.0310000000
0.0310000000
0.0310000000
0.0310000000
0.0310000000
0.0310000000
0.0310000000
0.0310000000
0.0310000000
0.0310000000
0.0310000000
0.0310000000
0.0310000000
0.0310000000
0.0310000000
0.0310000000
0.0310000000
0.0310000000
0.0310000000
0.0310000000
0.0310000000
0.0310000000
0.0310000000
0.0310000000
0.0310000000
0.0310000000
0.0310000000
0.0310000000
0.0310000000
0.0310000000
0.0310000000
0.0310000000
0.0310000000
0.0310000000
0.0310000000
0.0310000000
0.0310000000
0.0310000000
0.0310000000
0.0310000000
0.0310000000
0.0310000000
0.0310000000
0.0310000000
0.0310000000
0.0310000000
0.0310000000
0.0310000000
0.0310000000
0.0310000000
0.0310000000
0.0310000000
0.0310000000
0.0310000000
0.0310000000
0.0310000000
0.0310000000
0.0310000000
0.0310000000
0.0310000000
0.0310000000
0.0310000000
0.0310000000
0.0310000000
0.0310000000
0.0310000000
0.0310000000
0.0310000000
0.0310000000
0.0310000000
0.0310000000
0.0310000000
0.0310000000
0.0310000000
0.0310000000
0.0310000000
0.0310000000
0.0310000000
0.0310000000
0.0310000000
0.0310000000
0.0310000000
0.0310000000
0.0310000000
0.0310000000
0.0310000000
0.0310000000
0.0310000000
0.0310000000
0.0310000000
0.0310000000
0.0310000000
0.0310000000
0.0310000000
0.0310000000
0.0310000000
0.0310000000
0.0310000000
0.0310000000
0.0310000000
0.0310000000
0.0310000000
0.0310000000
0.0310000000
0.0310000000
0.0310000000
0.0310000000
0.0310000000
0.0310000000
0.0310000000
0.0310000000
0.0310000000
0.0310000000
0.0310000000
0.0310000000
0.0310000000
0.0310000000
0.0310000000
0.0310000000
0.0310000000
0.0310000000
0.0310000000
0.0310000000
0.0310000000
0.0310000000
0.0310000000
0.0310000000
0.0310000000
0.0310000000
0.0310000000
0.0310000000
0.0310000000
0.0310000000
0.0310000000
0.0310000000
0.0310000000
0.0310000000
0.0310000000
0.0310000000
0.0310000000
0.0310000000
0.0310000000
0.0310000000
0.0310000000
0.0310000000
0.0310000000
0.0310000000
0.0310000000
0.0310000000
0.0310000000
0.0310000000
0.0310000000
0.0310000000
0.0310000000
0.0310000000
0.0310000000
0.0310000000
0.0310000000
0.0310000000
0.0310000000
0.0310000000
0.0310000000
0.0310000000
0.0310000000
0.0310000000
0.0310000000
0.0310000000
0.0310000000
0.0310000000
0.0310000000
0.0310000000
0.0310000000
0.0310000000
0.0310000000
0.0310000000
0.0310000000
0.0310000000
0.0310000000
0.0310000000
0.0310000000
0.0310000000
0.0310000000
0.0310000000
0.0310000000
0.0310000000
0.0310000000
0.0310000000
0.0310000000
0.0310000000
0.0310000000
0.0310000000
0.0310000000
0.0310000000
0.0310000000
0.0310000000
0.0310000000
0.0310000000
0.0310000000
0.0310000000
0.0310000000
0.0310000000
0.0310000000
0.0310000000
0.0310000000
0.0310000000
0.0310000000
0.0310000000
0.0310000000
0.0310000000
0.0310000000
0.0310000000
0.0310000000
0.0310000000
0.0310000000
0.0310000000
0.0310000000
0.0310000000
0.0310000000
0.0310000000
0.0310000000
0.0310000000
0.0310000000
0.0310000000
0.0310000000
0.0310000000
0.0310000000
0.0310000000
0.0310000000
0.0310000000
0.0310000000
0.0310000000
0.0310000000
0.0310000000
0.0310000000
0.0310000000
0.0310000000
0.0310000000
0.0310000000
0.0310000000
0.0310000000
0.0310000000
0.0310000000
0.0310000000
0.0310000000
0.0310000000
0.0310000000
0.0310000000
0.0310000000
0.0310000000
0.0310000000
0.0310000000
0.0310000000
0.0310000000
0.0310000000
0.0310000000
0.0310000000
0.0310000000
0.0310000000
0.0310000000
0.0310000000
0.0310000000
0.0310000000
0.0310000000
0.0310000000
0.0310000000
0.0310000000
0.0310000000
0.0310000000
0.0310000000
0.0310000000
0.0310000000
0.0310000000
0.0310000000
0.0310000000
0.0310000000
0.0310000000
0.0310000000
0.0310000000
0.0310000000
0.0310000000
0.0310000000
0.0310000000
0.0310000000
0.0310000000
0.0310000000
0.0310000000
0.0310000000
0.0310000000
0.0310000000
0.0310000000
0.0310000000
0.0310000000
0.0310000000
0.0310000000
0.0310000000
0.0310000000
0.0310000000
0.0310000000
0.0310000000
0.0310000000
0.0310000000
0.0310000000
0.0310000000
0.0310000000
0.0310000000
0.0310000000
0.0310000000
0.0310000000
0.0310000000
0.0310000000
0.0310000000
0.0310000000
0.0310000000
0.0310000000
0.0310000000
0.0310000000
0.0310000000
0.0310000000
0.0310000000
0.0310000000
0.0310000000
0.0310000000
0.0310000000
0.0310000000
0.0310000000
0.0310000000
0.0310000000
0.0310000000
0.0310000000
0.0310000000
0.0310000000
0.0310000000
0.0310000000
0.0310000000
0.0310000000
0.0310000000
0.0310000000
0.0310000000
0.0310000000
0.0310000000
0.0310000000
0.0310000000
0.0310000000
0.0310000000
0.0310000000
0.0310000000
0.0310000000
0.0310000000
0.0310000000
0.0310000000
0.0310000000
0.0310000000
0.0310000000
0.0310000000
0.0310000000
0.0310000000
0.0310000000
0.0310000000
0.0310000000
0.0310000000
0.0310000000
0.0310000000
0.0310000000
0.0310000000
0.0310000000
0.0310000000
0.0310000000
0.0310000000
0.0310000000
0.0310000000
0.0310000000
0.0310000000
0.0310000000
0.0310000000
0.0310000000
0.0310000000
0.0310000000
0.0310000000
0.0310000000
0.0310000000
0.0310000000
0.0310000000
0.0310000000
0.0310000000
0.0310000000
0.0310000000
0.0310000000
0.0310000000
0.0310000000
0.0310000000
0.0310000000
0.0310000000
0.0310000000
0.0310000000
0.0310000000
0.0310000000
0.0310000000
0.0310000000
0.0310000000
0.0310000000
0.0310000000
0.0310000000
0.0310000000
0.0310000000
0.0310000000
0.0310000000
0.0310000000
0.0310000000
0.0310000000
0.0310000000
0.0310000000
0.0310000000
0.0310000000
0.0310000000
0.0310000000
0.0310000000
0.0310000000
0.0310000000
0.0310000000
0.0310000000
0.0310000000
0.0310000000
0.0310000000
0.0310000000
0.0310000000
0.0310000000
0.0310000000
0.0310000000
0.0310000000
0.0310000000
0.0310000000
0.0310000000
0.0310000000
0.0310000000
0.0310000000
0.0310000000
0.0310000000
0.0310000000
0.0310000000
0.0310000000
0.0310000000
0.0310000000
0.0310000000
0.0310000000
0.0310000000
0.0310000000
0.0310000000
0.0310000000
0.0310000000
0.0310000000
0.0310000000
0.0310000000
0.0310000000
0.0310000000
0.0310000000
0.0310000000
0.0310000000
0.0310000000
0.0310000000
0.0310000000
0.0310000000
0.0310000000
0.0310000000
0.0310000000
0.0310000000
0.0310000000
0.0310000000
0.0310000000
0.0310000000
0.0310000000
0.0310000000
0.0310000000
0.0310000000
0.0310000000
0.0310000000
0.0310000000
0.0310000000
0.0310000000
0.0310000000
0.0310000000
0.0310000000
0.0310000000
0.0310000000
0.0310000000
0.0310000000
0.0310000000
0.0310000000
0.0310000000
0.0310000000
0.0310000000
0.0310000000
0.0310000000
0.0310000000
0.0310000000
0.0310000000
0.0310000000
0.0310000000
0.0310000000
0.0310000000
0.0310000000
0.0310000000
0.0310000000
0.0310000000
0.0310000000
0.0310000000
0.0310000000
0.0310000000
0.0310000000
0.0310000000
0.0310000000
0.0310000000
0.0310000000
0.0310000000
0.0310000000
0.0310000000
0.0310000000
0.0310000000
0.0310000000
0.0310000000
0.0310000000
0.0310000000
0.0310000000
0.0310000000
0.0310000000
0.0310000000
0.0310000000
0.0310000000
0.0310000000
0.0310000000
0.0310000000
0.0310000000
0.0310000000
0.0310000000
0.0310000000
0.0310000000
0.0310000000
0.0310000000
0.0310000000
0.0310000000
0.0310000000
0.0310000000
0.0310000000
0.0310000000
0.0310000000
0.0310000000
0.0310000000
0.0310000000
0.0310000000
0.0310000000
0.0310000000
0.0310000000
0.0310000000
0.0310000000
0.0310000000
0.0310000000
0.0310000000
0.0310000000
0.0310000000
0.0310000000
0.0310000000
0.0310000000
0.0310000000
0.0310000000
0.0310000000
0.0310000000
0.0310000000
0.0310000000
0.0310000000
0.0310000000
0.0310000000
0.0310000000
0.0310000000
0.0310000000
0.0310000000
0.0310000000
0.0310000000
0.0310000000
0.0310000000
0.0310000000
0.0310000000
0.0310000000
0.0310000000
0.0310000000
0.0310000000
0.0310000000
0.0310000000
0.0310000000
0.0310000000
0.0310000000
0.0310000000
0.0310000000
0.0310000000
0.0310000000
0.0310000000
0.0310000000
0.0310000000
0.0310000000
0.0310000000
0.0310000000
0.0310000000
0.0310000000
0.0310000000
0.0310000000
0.0310000000
0.0310000000
0.0310000000
0.0310000000
0.0310000000
0.0310000000
0.0310000000
0.0310000000
0.0310000000
0.0310000000
0.0310000000
0.0310000000
0.0310000000
0.0310000000
0.0310000000
0.0310000000
0.0310000000
0.0310000000
0.0310000000
0.0310000000
0.0310000000
0.0310000000
0.0310000000
0.0310000000
0.0310000000
0.0310000000
0.0310000000
0.0310000000
0.0310000000
0.0310000000
0.0310000000
0.0310000000
0.0310000000
0.0310000000
0.0310000000
0.0310000000
0.0310000000
0.0310000000
0.0310000000
0.0310000000
0.0310000000
0.0310000000
0.0310000000
0.0310000000
0.0310000000
0.0310000000
0.0310000000
0.0310000000
0.0310000000
0.0310000000
0.0310000000
0.0310000000
0.0310000000
0.0310000000
0.0310000000
0.0310000000
0.0310000000
0.0310000000
0.0310000000
0.0310000000
0.0310000000
0.0310000000
0.0310000000
0.0310000000
0.0310000000
0.0310000000
0.0310000000
0.0310000000
0.0310000000
0.0310000000
0.0310000000
0.0310000000
0.0310000000
0.0310000000
0.0310000000
0.0310000000
0.0310000000
0.0310000000
0.0310000000
0.0310000000
0.0310000000
0.0310000000
0.0310000000
0.0310000000
0.0310000000
0.0310000000
0.0310000000
0.0310000000
0.0310000000
0.0310000000
0.0310000000
0.0310000000
0.0310000000
0.0310000000
0.0310000000
0.0310000000
0.0310000000
0.0310000000
0.0310000000
0.0310000000
0.0310000000
0.0310000000
0.0310000000
0.0310000000
0.0310000000
0.0310000000
0.0310000000
0.0310000000
0.0310000000
0.0310000000
0.0310000000
0.0310000000
0.0310000000
0.0310000000
0.0310000000
0.0310000000
0.0310000000
0.0310000000
0.0310000000
0.0310000000
0.0310000000
0.0310000000
0.0310000000
0.0310000000
0.0310000000
0.0310000000
0.0310000000
0.0310000000
0.0310000000
0.0310000000
0.0310000000
0.0310000000
0.0310000000
0.0310000000
0.0310000000
0.0310000000
0.0310000000
0.0310000000
0.0310000000
0.0310000000
0.0310000000
0.0310000000
0.0310000000
0.0310000000
0.0310000000
0.0310000000
0.0310000000
0.0310000000
0.0310000000
0.0310000000
0.0310000000
0.0310000000
0.0310000000
0.0310000000
0.0310000000
0.0310000000
0.0310000000
0.0310000000
0.0310000000
0.0310000000
0.0310000000
0.0310000000
0.0310000000
0.0310000000
0.0310000000
0.0310000000
0.0310000000
0.0310000000
0.0310000000
0.0310000000
0.0310000000
0.0310000000
0.0310000000
0.0310000000
0.0310000000
0.0310000000
0.0310000000
0.0310000000
0.0310000000
0.0310000000
0.0310000000
0.0310000000
0.0310000000
0.0310000000
0.0310000000
0.0310000000
0.0310000000
0.0310000000
0.0310000000
0.0310000000
0.0310000000
0.0310000000
0.0310000000
0.0310000000
0.0310000000
0.0310000000
0.0310000000
0.0310000000
0.0310000000
0.0310000000
0.0310000000
0.0310000000
0.0310000000
0.0310000000
0.0310000000
0.0310000000
0.0310000000
0.0310000000
0.0310000000
0.0310000000
0.0310000000
0.0310000000
0.0310000000
0.0310000000
0.0310000000
0.0310000000
0.0310000000
0.0310000000
0.0310000000
0.0310000000
0.0310000000
0.0310000000
0.0310000000
0.0310000000
0.0310000000
0.0310000000
0.0310000000
0.0310000000
0.0310000000
0.0310000000
0.0310000000
0.0310000000
0.0310000000
0.0310000000
0.0310000000
0.0310000000
0.0310000000
0.0310000000
0.0310000000
0.0310000000
0.0310000000
0.0310000000
0.0310000000
0.0310000000
0.0310000000
0.0310000000
0.0310000000
0.0310000000
0.0310000000
0.0310000000
0.0310000000
0.0310000000
0.0310000000
0.0310000000
0.0310000000
0.0310000000
0.0310000000
0.0310000000
0.0310000000
0.0310000000
0.0310000000
0.0310000000
0.0310000000
0.0310000000
0.0310000000
0.0310000000
0.0310000000
0.0310000000
0.0310000000
0.0310000000
0.0310000000
0.0310000000
0.0310000000
0.0310000000
0.0310000000
0.0310000000
0.0310000000
0.0310000000
0.0310000000
0.0310000000
0.0310000000
0.0310000000
0.0310000000
0.0310000000
0.0310000000
0.0310000000
0.0310000000
0.0310000000
0.0310000000
0.0310000000
0.0310000000
0.0310000000
0.0310000000
0.0310000000
0.0310000000
0.0310000000
0.0310000000
0.0310000000
0.0310000000
0.0310000000
0.0310000000
0.0310000000
0.0310000000
0.0310000000
0.0310000000
0.0310000000
0.0310000000
0.0310000000
0.0310000000
0.0310000000
0.0310000000
0.0310000000
0.0310000000
0.0310000000
0.0310000000
0.0310000000
0.0310000000
0.0310000000
0.0310000000
0.0310000000
0.0310000000
0.0310000000
0.0310000000
0.0310000000
0.0310000000
0.0310000000
0.0310000000
0.0310000000
0.0310000000
0.0310000000
0.0310000000
0.0310000000
0.0310000000
0.0310000000
0.0310000000
0.0310000000
0.0310000000
0.0310000000
0.0310000000
0.0310000000
0.0310000000
0.0310000000
0.0310000000
0.0310000000
0.0310000000
0.0310000000
0.0310000000
0.0310000000
0.0310000000
0.0310000000
0.0310000000
0.0310000000
0.0310000000
0.0310000000
0.0310000000
0.0310000000
0.0310000000
0.0310000000
0.0310000000
0.0310000000
0.0310000000
0.0310000000
0.0310000000
0.0310000000
0.0310000000
0.0310000000
0.0310000000
0.0310000000
0.0310000000
0.0310000000
0.0310000000
0.0310000000
0.0310000000
0.0310000000
0.0310000000
0.0310000000
0.0310000000
0.0310000000
0.0310000000
0.0310000000
0.0310000000
0.0310000000
0.0310000000
0.0310000000
0.0310000000
0.0310000000
0.0310000000
0.0310000000
0.0310000000
0.0310000000
0.0310000000
0.0310000000
0.0310000000
0.0310000000
0.0310000000
0.0310000000
0.0310000000
0.0310000000
0.0310000000
0.0310000000
0.0310000000
0.0310000000
0.0310000000
0.0310000000
0.0310000000
0.0310000000
0.0310000000
0.0310000000
0.0310000000
0.0310000000
0.0310000000
0.0310000000
0.0310000000
0.0310000000
0.0310000000
0.0310000000
0.0310000000
0.0310000000
0.0310000000
0.0310000000
0.0310000000
0.0310000000
0.0310000000
0.0310000000
0.0310000000
0.0310000000
0.0310000000
0.0310000000
0.0310000000
0.0310000000
0.0310000000
0.0310000000
0.0310000000
0.0310000000
0.0310000000
0.0310000000
0.0310000000
0.0310000000
0.0310000000
0.0310000000
0.0310000000
0.0310000000
0.0310000000
0.0310000000
0.0310000000
0.0310000000
0.0310000000
0.0310000000
0.0310000000
0.0310000000
0.0310000000
0.0310000000
0.0310000000
0.0310000000
0.0310000000
0.0310000000
0.0310000000
0.0310000000
0.0310000000
0.0310000000
0.0310000000
0.0310000000
0.0310000000
0.0310000000
0.0310000000
