generation,block_id,reward_mean,reward_variance,reward_min,reward_max
1,0,0.05792833635345646,0.002372125172062008,-0.002838687128865447,0.1592150517810559
1,1,0.2,7.703719777548943e-34,0.2,0.2
1,2,0.2,7.703719777548943e-34,0.2,0.2
2,0,0.028033776030533,0.0002418005547421159,-0.0001177581482842957,0.04723715419653308
2,1,0.0223484779351646,0.0003411722946938818,-0.0006512664756093329,0.0641594302344094
2,2,0.0384546559652205,7.587500689370643e-05,0.02467399354742128,0.05158659162907646
3,0,0.01887712569098211,0.0005422970099586303,-0.0006462604377184804,0.06873291995805487
3,1,0.00368016067041521,4.593200711858118e-05,-0.0009319126940843966,0.01614608039124423
3,2,0.0004234004141434281,3.285565004809126e-06,-0.0009656587947701932,0.005125070451837883
4,0,0.008424181864219293,0.0001026344954145065,-0.0006897224925679073,0.02662260130522704
4,1,0.02223271206027402,0.0002800875755367826,-0.002433432359240796,0.05174213909637763
4,2,0.02047493771978563,0.0001868105700565576,-0.0001817163521513794,0.04358392262164648
5,0,0.01980202082345091,0.0002070855642178477,-0.001018033686017082,0.03955887201966102
5,1,0.009118065558301785,0.0001066190018591688,-0.001473521056615169,0.02400220336098361
5,2,0.005293765701138062,0.0001064692218743279,-0.0007349472772039602,0.03032000938045845
6,0,0.0003140598136427484,4.18869241368459e-07,-0.0001630505504311507,0.001891737601612028
6,1,0.007477569599543971,0.0001863856686439148,-0.002052545879205531,0.04102531190962413
6,2,0.007766424367159632,0.0001931565490532222,-0.0005528807749857964,0.04095600503295661
7,0,-0.0002973348549695971,8.002265242748448e-07,-0.00253545765932927,0.0006537538491820139
7,1,0.00314604450428065,3.553670332413658e-05,-0.0006974064054955894,0.01772536047513599
7,2,0.0007363996426110044,2.44790143662395e-06,-0.0006264817187848382,0.004328638186427499
8,0,3.800857989367019e-05,8.721794992190316e-08,-0.0004940764422777436,0.0006479269743290614
8,1,0.002900209917813056,2.245070926206083e-05,-4.178399541492004e-05,0.01322410541105622
8,2,0.001864730293138756,2.162297941038235e-05,-0.0006836998169117606,0.01410999575618857
9,0,0.0007559180119585502,4.313532352815273e-06,-0.0004911933248981329,0.006226748988320686
9,1,0.004937495835265099,9.150171191197595e-05,0,0.02935963887023736
9,2,-0.0001475269304993745,1.227738586971894e-07,-0.001035699205440062,7.452321739660901e-05
10,0,0.0003087895419616555,9.792797692130026e-07,-0.001109877398209903,0.001913932233236768
10,1,0.002807388747552527,5.405575719949006e-05,-0.0001922886468711985,0.02225514408598221
10,2,1.261802571675373e-05,4.272387508854072e-08,-0.0002207543364430631,0.0005096685543407162
11,0,-0.000239057040438951,1.171779602550907e-06,-0.001854389202742188,0.001758555403359721
11,1,2.381120178154984e-05,2.816789040280914e-09,-2.502648692724596e-06,0.0001611659859749328
11,2,0.0003303305484834456,2.749695309416311e-06,-0.0008620778959111189,0.004585363798723186
12,0,4.399035773722932e-05,6.886763930595973e-06,-0.004022910332768228,0.006110519450504143
12,1,-0.0008429935654474144,7.459251127670736e-07,-0.002035033225211451,0
12,2,-9.743443501526624e-05,3.389034800747323e-08,-0.0005368423372324766,0
13,0,0.001237797617352496,1.317955532304013e-05,-0.0009082042087012582,0.01081058514752122
13,1,0.002889627653315086,1.509061753566013e-05,0,0.008983579132474785
13,2,-2.977119831350621e-05,6.156267393769518e-09,-0.0002373403703427424,1.814511494505067e-06
14,0,0.0006616760306357414,1.412218024607269e-06,-0.0002157782865345164,0.00302044987999361
14,1,0.0004067326159368529,1.215237385931773e-06,-6.887981258808206e-05,0.003322740740082905
14,2,0.0002826479616407048,5.453226838637968e-07,-6.064753227230657e-05,0.002233866577535864
15,0,0.0005282236608308848,2.616025764612702e-06,-0.0009987459060027588,0.004687511573971702
15,1,0.0009111661667323577,2.235407756113393e-06,-0.0005996916550787324,0.003532302292779935
15,2,0.0003973870520948182,1.127727922191988e-06,-0.000706438446771833,0.003055431729204658
16,0,-0.0002132969010090975,8.595473783563453e-07,-0.002019132273595096,0.001564505307835685
16,1,0.0007053505467621611,3.266680718136964e-06,-0.001801826940498301,0.004969873283089998
16,2,-5.184319988440124e-05,1.378476114363367e-08,-0.0003586554359619049,0
17,0,0.0001896041600261157,7.902642815359564e-07,-0.0008882014104996394,0.002176328871671677
17,1,-0.0004778623532764541,6.924283618439782e-07,-0.002015809960476275,1.023109840228228e-05
17,2,0,0,0,0
18,0,-0.0001281005376364987,5.75835582670894e-08,-0.0006925108939609402,2.917863409394838e-06
18,1,0.0001797222110912056,1.069177827323707e-07,0,0.0009339223012892376
18,2,0.003760423911517004,3.77182674227452e-05,0,0.01874654656504829
19,0,0.0007663175287045138,1.981966432189091e-06,0,0.004003862183375446
19,1,0.0006821877706473636,3.151171802516908e-06,0,0.005378302998860919
19,2,0.0005430214633221112,2.869317499414575e-06,-0.000492903921964577,0.005004259558575554
20,0,4.486828912950875e-07,1.409214358586435e-12,0,3.5894631303607e-06
20,1,0.001289151300819218,1.824449202068971e-05,-0.002895260714381991,0.01224501722155919
20,2,0.002657391428367021,7.83527624828966e-06,0,0.006670298781377801
21,0,0.004701329954350025,3.097888396389937e-05,0,0.01474908626750132
21,1,0.005164823906258578,2.770618674788241e-05,0,0.01205657272162225
21,2,5.602133581493638e-05,2.196873046542913e-08,0,0.000448170686519491
22,0,0.002551161146527374,3.296214370797184e-05,-0.0005595748360811193,0.01738362094993343
22,1,0.007811623548076856,1.466809888888527e-06,0.005852736313662872,0.009666688290816449
22,2,0.006807643135564587,4.692833776947845e-05,0,0.01928684942069969
23,0,0.004273120146196481,5.690913394625881e-05,-0.0006624852344004489,0.02321437862564057
23,1,0.003282777139347345,5.638757945269868e-06,0,0.007020609898565643
23,2,0.008371563612328744,0.000103574849056833,-0.000356791819921358,0.02631201629291874
24,0,0.00486584235700221,1.715861965420118e-05,0,0.01099837449317646
24,1,0.008291120137059457,6.45477377152362e-06,0.005316630547064105,0.01382400979481577
24,2,0.0008830527080949341,4.163920388892988e-06,-0.0006062651038169387,0.004700623138702765
25,0,0.003988881253695494,4.3848905060006e-05,0,0.02110441583172633
25,1,0.002397645487496567,1.652595570001284e-06,1.75335880861281e-05,0.004868396452672161
25,2,0.0003640045665258546,1.685102925927418e-06,-0.0004420793861298511,0.003765159611695349
26,0,0.0001457246538439878,9.196553682460456e-08,-0.0001097527981344116,0.0007305411873094726
26,1,0.000608838772388138,2.391562347482081e-06,-8.194431467797136e-11,0.00469766222312016
26,2,3.020715214762814e-05,3.047392202689812e-07,-0.0008295864653244875,0.001313896186670364
27,0,0.001771748011722193,1.357125207243659e-05,-0.0005345005816686003,0.01113909426991983
27,1,0.007076004510480844,1.870959887065083e-05,0,0.0110174130009527
27,2,0.002047910116675044,1.408127200164019e-05,-0.0001817271382536276,0.01048269615648876
28,0,0.001638564174772278,1.00318211418491e-05,-0.0008237216826655703,0.009041171201915475
28,1,0.003015175062016862,1.917762283907599e-05,-5.959990532565729e-05,0.01202063272928942
28,2,0.0006101691346824958,4.195060317415057e-06,-0.0007045628063431689,0.005973599301095169
29,0,0.0003771598897114679,8.443357980519787e-07,-4.390688762826347e-06,0.002800358970601705
29,1,0.000290246930553775,1.179905119548876e-07,-6.852821851751809e-06,0.001006666641171984
29,2,0.002535537210492794,2.373643944788699e-05,-0.0005006279737944166,0.01308669186218877
30,0,-2.757682411663944e-06,2.909075504235706e-11,-1.604124586419467e-05,0
30,1,0.0007653972408805496,1.836149042373357e-06,0,0.003681052008237595
30,2,0.003528453442734327,4.258252256521797e-05,-0.0005754179703875761,0.0175035633568667
31,0,0.002304001700206504,1.664496502319349e-05,-0.001185409444403481,0.01201561651711346
31,1,1.004413264490712e-06,3.461838173504083e-11,-1.208864693758711e-05,8.113948765717249e-06
31,2,0.002142552808735017,3.257298912031825e-05,-9.627277521687752e-05,0.01724235693767768
32,0,0.001026977641317259,9.805725490301632e-06,-0.001102343922248428,0.009240597051483749
32,1,-0.0002125571930688983,6.001590434975611e-07,-0.002210241276486258,0.0005261284244686328
32,2,0.0002936553163885614,6.014822108061657e-07,0,0.002345572803879154
33,0,-0.0001232865730179153,1.334812895498414e-07,-0.001086046122701882,9.975353855855956e-05
33,1,3.013349118691564e-06,6.356191037783456e-11,0,2.410679294953251e-05
33,2,0.001265366246976293,1.204381280296655e-05,-0.0003023079844692106,0.01044356215293026
34,0,0.0007321484608661037,4.002110927807932e-06,-0.0001615085176546997,0.006023214503581243
34,1,2.789555947344769e-06,5.447135668356601e-11,0,2.231644757875815e-05
34,2,0.003307131709724901,7.655984101827563e-05,0,0.02645705367779921
35,0,-3.579258144432514e-05,8.96776220514054e-09,-0.0002863406515546011,0
35,1,-1.289337355095527e-07,1.169235364619002e-13,-1.033622234813611e-06,2.152350737189782e-09
35,2,0.001254184629012516,6.259870928519681e-06,-1.937312380052847e-06,0.007498435473716191
36,0,0.0007188025798676147,4.521041913664415e-06,-0.0005721135511233105,0.006322534190064228
36,1,0.0028148968169873,1.168627017366442e-05,0,0.01033750454217991
36,2,0.001702760166712741,1.979386094050731e-05,0,0.01347307770801983
37,0,0.0003633004688910184,8.14887894049616e-07,0,0.002747692048505243
37,1,0.001205516013703205,4.352991971835747e-06,0,0.004948970957333681
37,2,0.0002395292881102563,4.016199590382432e-07,0,0.001916234304882051
38,0,-1.838168485897426e-07,2.365204367782505e-13,-1.470534788717941e-06,0
38,1,0.0003430235582538285,8.802830694627493e-07,-7.035407123821506e-05,0.002824605310602181
38,2,0.0007446963144333527,3.989519479931243e-06,-7.133059432164607e-05,0.006028901109788468
39,0,0.0006534036717253988,2.958684888550548e-06,0,0.005204271602726498
39,1,0.0002628193290089249,4.393336668829212e-07,-6.435000079407865e-05,0.002004965369736145
39,2,0.000323024159251339,7.304122522202411e-07,0,0.002584193274010712
40,0,0.001694811977329756,3.667547817423955e-06,0,0.005041608451016417
40,1,0.0005229001443184083,9.530883657557723e-07,-6.44100198733149e-05,0.00296077837671569
40,2,-2.10636079887562e-05,3.105729070527958e-09,-0.0001685088639100496,0
41,0,-1.495881699309253e-05,1.55298672195666e-09,-0.0001192217345942583,0
41,1,-4.812012598948433e-06,1.430807047880622e-09,-9.521999105813364e-05,5.04143503303092e-05
41,2,0,0,0,0
42,0,0.001010088484847372,3.149459551652318e-06,-5.332060199513501e-05,0.004439714624294973
42,1,0.002589792033151232,2.426425761200056e-06,0,0.003972430787428431
42,2,0.0006223285400633134,2.711049682441346e-06,0,0.004978628320506507
43,0,0.0003393805357004057,6.929566107293428e-07,-0.0001307234111504902,0.002518055197474064
43,1,0.0001663125120386896,1.578720983423863e-07,0,0.001212580088845121
43,2,0.0007845711330214341,4.511506732173058e-06,-0.0001265898262082843,0.006403158890379757
44,0,-0.0002480483537096393,2.494830763740846e-07,-0.00128127593684209,0.000195819199997065
44,1,0.0002606494003697413,4.87691538214407e-07,-2.300496697719202e-05,0.002108200169935123
44,2,-3.680009348034415e-05,4.627201733785649e-09,-0.0001947171538332959,0
45,0,-0.0002545840537343097,1.680347213277939e-07,-0.001218018553529644,0
45,1,0.000400895774859385,4.49137968920198e-07,0,0.002067141136727222
45,2,0.003120106421786666,3.143151274304143e-05,0,0.01546459759453957
46,0,0.0001369298512205564,1.312484890869859e-07,0,0.001095438809764451
46,1,7.482099210489441e-07,3.91872660169247e-12,0,5.985679368391553e-06
46,2,3.234355692334837e-05,3.889437237622399e-08,-0.0002473922131874848,0.0005082484378415117
47,0,-0.0002020072534933677,2.855681192445052e-07,-0.001615859015527521,0
47,1,0,0,0,0
47,2,0,0,0,0
48,0,0.0005130907850260647,1.84260447861516e-06,-7.960496776828901e-08,0.004104501548226369
48,1,0.001844062983457516,7.318954759057571e-06,0,0.007849484231993102
48,2,0.001401342017289784,1.374631614595261e-05,0,0.01121073613831827
49,0,0.0001048012262886707,6.274422422909972e-08,0,0.0007662936791424048
49,1,0.0006936538487439869,3.199973660943587e-06,0,0.005426008938291674
49,2,0.002464539292014711,1.470091778827952e-05,0,0.01115262199597151
50,0,-1.239128980694123e-06,1.060630228810871e-11,-9.855487404922737e-06,0
50,1,0.0003816785721788238,1.01474150017932e-06,0,0.003046858044567634
50,2,0.0004810973456654292,1.880926922878657e-06,-0.0004850868821126633,0.004073834449768629
51,0,-2.910865673867667e-05,5.97996589430126e-09,-0.0002337039614443496,8.347075349363054e-07
51,1,0.001933816062482358,1.061658898619987e-05,0,0.01000893238079808
51,2,0.0005716912727893116,2.287816379684242e-06,0,0.004573530182314493
52,0,0.002792816192587668,1.923311638808517e-05,0,0.01313083125394735
52,1,0.001424124789221431,2.448915952476818e-06,0,0.004236541926520312
52,2,0,0,0,0
53,0,0.0006246215146467576,1.949484080522939e-06,-3.925754055730799e-06,0.004262975770078954
53,1,0.003172830072088033,2.847884347495686e-05,-3.450048105075138e-05,0.01259723402902036
53,2,0.001078977798490975,3.593776809359431e-06,-9.347837697692984e-05,0.004415782974276138
54,0,0.001178981924585221,8.138500056164293e-06,-8.864608319304051e-05,0.008705560186100145
54,1,0,0,0,0
54,2,0.0005024511615225303,8.21842104647471e-07,0,0.00251762585675959
55,0,0.001091177020994543,3.058198103639515e-06,0,0.004699737857558945
55,1,0.00476065781493093,2.023718892797899e-05,-2.831254949647873e-05,0.01381434638289846
55,2,0.003280694803577289,7.741374828665775e-05,-0.0003122307379016254,0.02655778916651994
56,0,0.01198575326390776,9.507369141605035e-05,0,0.02493381999759287
56,1,0.005618932028173906,2.317208713247742e-05,0,0.01419716588243414
56,2,0.00136990961421006,6.994671183062612e-06,-0.0003998142449916163,0.007301572180817594
57,0,0.005100961419717402,6.380770555300988e-05,0,0.0202451866565234
57,1,0.01246944810795225,1.481712018977273e-05,0.006733210400547101,0.02151965830071544
57,2,0.001898850278279327,1.718815999394168e-05,-0.0002326792735327391,0.01257691702634444
58,0,5.824332283249436e-05,8.591610363983911e-09,0,0.0002812782052324853
58,1,0.0001730788837434818,1.11525991041275e-07,-3.885139090989129e-05,0.0009771312928764505
58,2,0.002093560380423989,1.558601565323954e-05,-0.0006733630714075165,0.01023134907931164
59,0,0.001694744906075567,2.00740095675568e-05,0,0.01354877402374794
59,1,0.002699436209651198,2.111578973855298e-06,0.0004453912039714851,0.004958111038987729
59,2,0.005557224674461141,6.212125293575495e-05,-0.0001409192353431003,0.02120786573253744
60,0,3.054085090854847e-06,6.529205019527301e-11,0,2.443268072683878e-05
60,1,0.0004584437281930373,7.033633204508907e-07,0,0.002389268770063258
60,2,-1.859230730693121e-06,6.416988712531511e-12,-7.173884280930327e-06,0
61,0,-4.579758222117915e-07,2.00380120628568e-10,-3.009855466939639e-05,2.643474809170206e-05
61,1,3.690768648743579e-06,5.693153427643981e-11,0,2.335244207383064e-05
61,2,-9.385320804851834e-05,2.664082414098552e-08,-0.0004203086772605197,0
62,0,0.0002533395340424187,4.39863778299931e-07,0,0.002007985744420002
62,1,0.001555391241237681,2.8828384629445e-06,-0.0001530110044754335,0.004329640588108238
62,2,0.0004335563915252635,1.663716144821717e-06,-0.0003614210188538469,0.003831823241749122
63,0,-5.357519960265818e-06,2.97470645959279e-10,-5.02528307256004e-05,9.021583880125918e-06
63,1,0.0008420662516316523,1.264951294071419e-06,-5.239492413705888e-37,0.002935543616582691
63,2,0.0001487865007644361,4.051206217387528e-07,-0.000342077704748571,0.001804318485478602
64,0,-2.558127217721625e-05,6.393350916552522e-09,-0.0002342257704502853,3.80574100435293e-05
64,1,0.003164899272359076,3.023015708419768e-05,-2.488336024121256e-05,0.01344207534789656
64,2,0.001145621082289443,1.1159280468117e-05,-0.0008725556238361036,0.009950067452967224
65,0,-2.725017428269282e-06,5.198003989059932e-11,-2.180013942615426e-05,0
65,1,2.47876479443122e-05,3.471107852675071e-09,0,0.0001803394283804379
65,2,6.02837154221184e-05,1.496100859080304e-07,-0.0005040814593355446,0.0009858264378522902
66,0,3.022066085152854e-06,6.046151162786162e-11,-6.222404261945577e-06,1.735303840272413e-05
66,1,6.108012868268935e-05,3.210943446529291e-08,-5.457451112547197e-05,0.0005326171431510081
66,2,-5.135600709330751e-06,1.846207625197496e-10,-4.108480567464601e-05,0
67,0,-9.880983708014692e-06,1.979524160653357e-09,-0.0001141004954060991,5.53502470672264e-05
67,1,3.281906061439972e-05,6.388848922746451e-09,0,0.0002439599083167062
67,2,0.0006070720279158594,3.752435905292961e-06,-0.0005812369428150014,0.005706063656558497
68,0,-2.583128990666378e-05,2.925355004237121e-09,-0.0001641063537416375,0
68,1,0.0002353818413631531,4.346597191547938e-07,-9.547670310704723e-05,0.00197772550998279
68,2,3.095513703558332e-05,6.595732740359851e-09,0,0.0002458217155742005
69,0,0.0009382417934785199,6.376904246432475e-06,-9.077439712651273e-05,0.007618986681355292
69,1,0.00426027383669691,9.508897471558851e-06,1.300042739325559e-05,0.009248380657710106
69,2,0.001263776815451564,1.161579433621868e-05,-0.0001693439123052108,0.01027982159252029
70,0,-3.540044778040696e-06,7.555465805793413e-11,-2.510512135302946e-05,4.920693141998758e-06
70,1,0.0006239033471339448,2.768696688748959e-06,-2.665220370798136e-05,0.005026085305855416
70,2,0.00202518770398719,2.983169404699997e-05,-0.0002698168076666313,0.01647397420491661
71,0,0.001249271144504846,8.134573158187763e-06,-4.023013876024401e-06,0.008761711978713808
71,1,0.007455985570047351,5.761250642169762e-05,0,0.02011915439631478
71,2,7.022120700420954e-05,6.917750155359123e-07,-0.0013646934433474,0.001926463099381076
72,0,0.00188621926760365,8.081573689250821e-06,-1.249951229930109e-05,0.007367308078954704
72,1,0.0002554083001119609,9.754172002852522e-08,-6.596472181377876e-05,0.0007170800554643692
72,2,0.0002450012987952338,7.641789178435101e-07,-0.001214444611306814,0.001795443273099389
73,0,0.00326838857170543,2.435841228004306e-05,-1.166444021574731e-05,0.01222524037220236
73,1,-2.415031403417662e-05,6.590415735318795e-10,-6.202341587994215e-05,0
73,2,-3.348376616625279e-07,7.848138176734064e-13,-2.678701293300223e-06,0
74,0,0.0007483573439300993,3.959439975286608e-06,-2.453485321279685e-05,0.006012921521394906
74,1,-8.15767468962023e-06,5.854481133973595e-10,-7.204664510769202e-05,4.447918589430651e-06
74,2,-9.978918889199871e-07,7.295523310486845e-12,-8.142788409631203e-06,1.596532982713062e-07
75,0,0.001512845315096073,7.000254440679166e-06,0,0.006783915487447458
75,1,0.0001645385743432446,1.734376269040806e-07,0,0.001266190942228906
75,2,-0.000182360310784769,1.003467246469442e-07,-0.0007776439732854707,0
76,0,0.0008122763893703793,2.064620326956976e-06,-3.292367107544681e-05,0.003689549482275327
76,1,0.0007072126205192218,3.297151652476947e-06,0,0.005510154612391487
76,2,-1.717683920561194e-06,2.442605987634492e-11,-1.477280050457067e-05,8.653278172954249e-07
77,0,-1.449953352705166e-05,1.579003048262546e-09,-0.0001041240878558544,3.530476432739669e-05
77,1,5.767499727474355e-07,4.475095107956335e-12,-2.444842488711014e-06,5.475057691374389e-06
77,2,1.864101370163248e-06,2.432411742771149e-11,0,1.491281096130598e-05
78,0,-2.143738370341016e-06,3.216929940330649e-11,-1.714990696272813e-05,0
78,1,0.0003561208411400165,2.880400638687016e-07,-0.0001277713698508962,0.001473766876211468
78,2,0.0009656936111841427,4.12590208861261e-06,0,0.006167733998886708
79,0,0.002114859672314673,2.513027179447669e-05,0,0.01530410887670466
79,1,0.01151819924500523,2.234521533977246e-06,0.009413002737804283,0.01375842676204044
79,2,0.001751842661744582,2.127415290870633e-05,-6.051853343431915e-07,0.01395497810433404
80,0,-2.922406378519039e-05,1.546310668209122e-09,-0.0001055591927823011,0
80,1,7.182792315248188e-07,3.61147538107919e-12,-1.095895064367646e-35,5.74623385219855e-06
80,2,0.001379222064312093,5.886291751907469e-06,0,0.006364310805571306
81,0,-8.764149976728805e-06,5.523615017615791e-10,-7.094144502670318e-05,8.282452128727334e-07
81,1,6.544469996462577e-07,2.998106127421922e-12,0,5.235575997170062e-06
81,2,0.005313716491736393,7.828226757012673e-05,0,0.02152389403923474
82,0,0.002404367213378843,1.013310811824332e-05,-0.0001499467482965798,0.007258569341438063
82,1,1.277970084802485e-06,1.164997916516191e-10,-1.603675553024014e-05,2.622756908416128e-05
82,2,0.0006662031908665055,3.173126417227103e-06,-6.360680987700511e-05,0.005378788937291571
83,0,-2.907159208178661e-05,3.329083643897543e-09,-0.0001751656861866454,2.50995771657503e-06
83,1,-9.149528518403203e-06,3.925622225918782e-10,-6.038219330865217e-05,0
83,2,0.0003826982769059208,1.029205956959155e-06,-9.51302771582108e-06,0.003066790237303691
84,0,0.0005956210524075697,2.889412370274993e-06,-0.0001492445162868149,0.005090558976208003
84,1,-2.222202701988288e-06,4.301556437855374e-11,-1.950973540657103e-05,1.73211379066473e-06
84,2,0.0002229553713534165,3.472643603667547e-07,-1.305664862971353e-06,0.001782070560992257
85,0,-3.095495922209233e-06,1.966722552752962e-11,-1.264534973658843e-05,0
85,1,-1.09783194303343e-05,3.933433986646208e-10,-5.518676983713766e-05,0
85,2,0.003259340436850655,5.14119853381852e-05,0,0.02187864787291982
86,0,0.001292715566384099,5.850563374614902e-06,-1.040932937007215e-06,0.006999908842865094
86,1,-1.116374471987171e-05,1.056871419581518e-09,-9.698930042989045e-05,6.632015888662774e-06
86,2,0.003265886110929292,7.464437718837718e-05,-3.290423185929418e-07,0.02612437768529626
87,0,0.001795682072506206,9.947682253800143e-06,-9.712017995522863e-05,0.008018991346130143
87,1,0.0001570805455060644,1.862667317862413e-07,-4.693975320583403e-05,0.001298194924941453
87,2,7.16525783623018e-08,3.593864390176059e-14,0,5.732206268984144e-07
88,0,0.0003907173342291086,1.068319130338552e-06,0,0.003125353288241694
88,1,8.462642693226493e-05,4.786458337519588e-08,0,0.0006633422017947969
88,2,0.0002618767101074268,4.814838512487665e-07,-5.66235582841058e-06,0.002097728617054079
89,0,0.0004542319805334282,3.715740149152947e-07,0,0.001443011947431313
89,1,7.518172361573943e-05,3.886592592337825e-08,0,0.0005967698778471799
89,2,3.660169298312784e-08,9.377787504618053e-15,0,2.928135438650227e-07
90,0,0.001695859453030686,7.278553011403796e-06,-4.216660416144062e-07,0.007999569583049605
90,1,0.004309158564820541,1.145910642303973e-05,-6.431111242113123e-05,0.007389366378900743
90,2,0.001000312820362729,8.4818234434291e-06,-0.0006885710179239902,0.00868240679158102
91,0,0.0001809337535753937,2.263065676819128e-07,-4.515244542068802e-07,0.001439541441361624
91,1,0.0008629886513118983,4.924547970872253e-06,-2.948125210529018e-05,0.006731473804776372
91,2,8.234630176922956e-05,4.886624433432022e-08,-8.574882592232725e-06,0.0006671609246580442
92,0,0.003508323386541258,2.049553961385468e-05,-8.751448842735619e-06,0.01315184820249739
92,1,0.005468903481616941,1.199221426291277e-05,0,0.00969846816445089
92,2,0.006496137827337803,8.795026611064064e-05,-3.178801690952721e-08,0.02538138175613214
93,0,0.001259763945016803,3.112425970049969e-06,-5.477722488544889e-05,0.004413421925663466
93,1,0.007476585430208453,4.986107125559293e-05,0,0.02051753436545778
93,2,0.0003155817656547342,6.937370151832804e-07,-1.605926236330599e-05,0.00251890872055517
94,0,0.002536223642464871,2.556463979136258e-05,-6.503501213272003e-05,0.01567657391420903
94,1,0.0003758035751002062,4.861398444467842e-07,-4.709969168468435e-05,0.002103436645249595
94,2,0.002997324727096418,1.911502734490123e-05,0,0.01266115216409089
95,0,-1.152895231627533e-05,5.525374849272909e-10,-7.24273985132718e-05,2.941030616779095e-07
95,1,6.154231907609253e-05,1.672516657020941e-08,-7.306059763397097e-06,0.0003936805388622523
95,2,4.437638973512005e-07,9.764442467399238e-12,-6.889586559153815e-06,4.270352912244275e-06
96,0,-3.399697901801315e-05,3.399398437735439e-09,-0.0001416900521746591,0
96,1,0.0006618606958164018,1.534461681715158e-06,0,0.003779268642600535
96,2,-4.149677453981724e-05,1.195996493752278e-08,-0.0003308284357381182,7.817616466338396e-07
97,0,0.001245758045813931,1.008605331018552e-05,-0.0001079080707674116,0.009637583473242072
97,1,0.008930129022017537,2.077522492542274e-06,0.005830206721630896,0.01132177119550397
97,2,0.0003178250448573658,7.063539502582321e-07,0,0.002541443071839762
98,0,0.0002946030420119799,2.647346566270483e-07,-1.157070496921599e-05,0.001582859499927885
98,1,0.0002817812234380503,1.913842909629511e-07,-1.662875816208736e-05,0.001211325282168184
98,2,0.0003689007635897419,9.49157387965355e-07,0,0.002946513069056089
99,0,0.000794888339768367,1.012272466863099e-06,0,0.003199998592507325
99,1,0.0007240956768202127,2.600021356212102e-06,-2.467986718751259e-05,0.004922776322066099
99,2,9.952281611257618e-08,6.933353648884356e-14,0,7.961825289006094e-07
100,0,0.001509013266697964,4.589690850623784e-06,0,0.006042163532828527
100,1,0.0001203552589192785,5.184658218957812e-08,-6.5657067634732e-05,0.0006129751412708079
100,2,0.0005749604945307426,2.308889053571169e-06,-1.558410143498619e-07,0.004595185790938941
101,0,0.0001657292787299681,1.932407473990627e-07,-2.036377062531022e-06,0.0013287778444525
101,1,8.83916227968851e-05,4.731803051400345e-08,-2.062581038806673e-06,0.0006635345633281679
101,2,-3.12010448651014e-07,7.828308591347733e-12,-7.139612402279187e-06,3.230067141759782e-06
102,0,0.00148642984910614,1.569263585211314e-05,-9.637260890980992e-05,0.01196691907796125
102,1,0.0002675588485171593,3.048310068507738e-07,-3.264253479772203e-05,0.001678388047453444
102,2,0.0003448953893765851,8.321511014373378e-07,0,0.002758410934329534
103,0,-9.421347483443312e-06,3.927432736311697e-10,-5.989637449093325e-05,7.697417761185541e-07
103,1,7.518831364631248e-05,3.924646867566893e-08,0,0.0005993273401904153
103,2,0,0,0,0
104,0,-5.571270874098869e-06,2.172734140680766e-10,-4.457016699279096e-05,0
104,1,3.376638463773447e-06,4.031356620988275e-11,0,1.844963154607937e-05
104,2,0,0,0,0
105,0,1.314559131043662e-05,1.262918306614543e-08,-0.0001675154616756708,0.0002726801921591638
105,1,-3.812799765631791e-06,1.017620943696129e-10,-3.050239812505433e-05,0
105,2,0,0,0,0
106,0,-2.055111204380258e-06,1.933888433346505e-10,-2.142020442670453e-05,2.83250946735363e-05
106,1,0,0,0,0
106,2,0,0,0,0
107,0,-1.872835618698007e-05,8.980230152821142e-10,-8.825137020342012e-05,0
107,1,0,0,0,0
107,2,-5.436924299853988e-07,3.658735148623254e-12,-5.504593002551633e-06,1.155053562668443e-06
108,0,-1.665452332825519e-05,8.324418202057621e-10,-7.023517132712022e-05,1.951320310334232e-05
108,1,4.813348868234807e-07,1.621782912913611e-12,0,3.850679094587846e-06
108,2,-1.991817614489989e-07,2.777136186574812e-13,-1.593454091591991e-06,0
109,0,-1.062524730086024e-05,4.912840266790518e-10,-6.125398410111932e-05,8.118564839450617e-06
109,1,-1.841628938250827e-05,1.440858479541111e-09,-0.000112954483469455,3.91399547674243e-06
109,2,5.330943698143886e-08,1.9893272498946e-14,0,4.264754958515108e-07
110,0,-1.932247852644388e-05,6.352798707408804e-10,-7.715240573951136e-05,0
110,1,9.192733478995547e-07,4.779347961447948e-12,0,6.673195857784969e-06
110,2,0.0002920880948165103,6.034475093271997e-07,-1.093362021817093e-05,0.002347335527766773
111,0,2.455651508038322e-07,3.034814018448504e-13,-1.131972871175818e-08,1.680079164808676e-06
111,1,1.130047459292394e-07,8.939050821772357e-14,0,9.04037967433915e-07
111,2,0,0,0,0
112,0,-5.884753510507378e-06,2.414585041621566e-10,-4.69968513271562e-05,0
112,1,0.0003528048827478362,8.712989970350013e-07,0,0.00282243906198269
112,2,-1.183014666758731e-06,1.814883830900724e-11,-1.220206996654671e-05,2.737952632476861e-06
113,0,3.1253220371316e-06,3.112627295806583e-11,-2.161594688932018e-07,1.484770682373287e-05
113,1,0,0,0,0
113,2,1.486742946638325e-06,1.547283212565167e-11,0,1.18939435731066e-05
114,0,-1.436743903832261e-07,1.304029229733381e-13,-1.094536837469972e-06,3.907808641294327e-08
114,1,0.0006779244744912873,3.226971996616788e-06,-1.772108206159035e-05,0.005430654216004118
114,2,0.000704811970899552,3.474923994481825e-06,0,0.005636795932176541
115,0,0.004950218960443063,9.792482298562706e-06,0,0.008718358662647807
115,1,-1.764645959394676e-06,4.082721659253248e-11,-1.835929894573264e-05,3.774522468583791e-06
115,2,0,0,0,0
116,0,0.0005019659771996274,1.732132752534542e-06,-7.900591258458477e-06,0.00398392869226911
116,1,0.0001246356067690109,7.15111172718719e-08,-6.020240163808657e-05,0.0007873023936283014
116,2,0,0,0,0
117,0,0.001200962207156954,7.016767964864968e-06,-9.339724993812117e-05,0.008025077531981874
117,1,0.0005832856894063083,2.491537282967789e-06,-9.542411993198611e-05,0.004758672171795745
117,2,0.002831445922263103,5.610667586825281e-05,0,0.02264928453219306
118,0,0.003064155438628563,6.786031876272489e-06,0,0.007517880026287104
118,1,0.002463718250538466,1.504615333997463e-05,0,0.01073557698193098
118,2,0.001827623993796725,1.476276967888644e-05,0,0.01166578760298037
119,0,3.366953740745942e-06,5.139579193826254e-10,-2.374582301094429e-05,6.00222132756594e-05
119,1,0.0002700594171568688,2.176433664775405e-07,0,0.001102943909727088
119,2,0.004046887854891164,5.260277881000335e-05,-3.219666960883709e-09,0.01991360286812734
120,0,0.0008291684840685321,6.092250884643657e-07,0,0.002501736766092747
120,1,-1.464655463009306e-06,1.93859197017462e-11,-1.305591935200961e-05,1.33867564793516e-06
120,2,0.0007049594216687258,3.47877450339653e-06,0,0.005639675373349806
121,0,-3.470068850508106e-07,2.793065183387658e-13,-1.390885741729023e-06,1.193414527101687e-36
121,1,-2.49701465374539e-06,1.035914086312183e-10,-2.841479593748775e-05,8.438678707524633e-06
121,2,0.0005739258639256978,1.082188091751841e-06,-2.86037869111386e-05,0.002866194382082899
122,0,0.001011171231284015,1.059057922219858e-06,-6.685294133099273e-05,0.00213591321741852
122,1,0.001866182314740739,1.004922346659362e-05,0,0.01004522101979144
122,2,0.00109877490980965,8.448838934884831e-06,0,0.008789150196317052
123,0,-7.344894740774245e-07,3.776323512713721e-12,-5.875915792619396e-06,0
123,1,0.0002482736768725453,4.454388438481791e-07,-3.170429465803025e-05,0.00201385553749674
123,2,-4.408631398962538e-09,2.847151489851279e-14,-3.875706935580288e-07,2.646334220788769e-07
124,0,-1.049717811755583e-06,1.848815376537079e-11,-1.199179914670676e-05,3.594056652662101e-06
124,1,0.0001217855889239014,1.006042734694581e-07,-1.084202172485504e-20,0.0009608894800597906
124,2,-1.8083172286083e-07,2.578103484468601e-13,-1.253389238025575e-06,5.688814062813691e-07
125,0,0.0002677193434379554,5.003659233075668e-07,-3.594056652662104e-06,0.002139220907926976
125,1,1.689032238566877e-05,1.080684401955011e-08,-7.45290888306813e-05,0.0002797622796558989
125,2,4.887444002700352e-08,2.542050540365178e-14,-7.471972814759301e-08,4.657152483636212e-07
126,0,0.0002361442124719765,3.923061772563923e-07,-7.188113305324202e-06,0.001893277864966545
126,1,0.0001476401002250366,4.085786223512539e-08,0,0.0005143406018761863
126,2,0.0001035234380443018,7.503981096669446e-08,-7.90780097012389e-08,0.0008282845519224769
127,0,-3.459973413030946e-06,8.379991213216706e-11,-2.767978730424757e-05,0
127,1,0.0003839216831380846,3.352266406956757e-07,-8.758471904015753e-05,0.001610930894687074
127,2,4.115853263633396e-05,1.186546723127056e-08,-8.857954579956263e-08,0.0003293568406364712
128,0,0.0002056441004610681,1.365543701501785e-07,-1.093759812623924e-05,0.001029112686304506
128,1,0.0003784414250895991,1.000752174667502e-06,0,0.003025186803818265
128,2,-9.21749981274993e-10,5.947361195863148e-18,-7.373999850199944e-09,0
129,0,0.001680610242509181,1.090440906056136e-06,-7.075750407435784e-06,0.002988593343528612
129,1,-2.701245184381375e-06,7.477933315520525e-11,-2.535621726897158e-05,3.697065932763838e-06
129,2,0.000149163669227649,1.657510060428772e-07,-3.253053577366342e-05,0.001225947879260441
130,0,0.0007017123947618347,1.253435528671693e-06,-1.36378747579688e-06,0.003360490822763165
130,1,0.0003997103287151206,2.502182376803065e-07,1.343826914790769e-07,0.001594873534575345
130,2,0.0009285130119451705,2.804973622885899e-06,0,0.004651368302648229
131,0,0.0006792166890108128,1.610400240455115e-06,-3.074056615288912e-05,0.004005054572550554
131,1,0.005308553594215256,5.498423129309997e-07,0.004014350771669171,0.006559377418674397
131,2,0.0005848603526088915,1.108184641620108e-06,-9.103786907525332e-08,0.002912012909442728
132,0,0.0002726940825813154,3.678422703654486e-07,-2.104611173463285e-05,0.001848182947532481
132,1,0.0001115878204333761,3.463008936376134e-08,-1.078760400590063e-05,0.0004655741398984767
132,2,0.001085313956944611,2.39567264955525e-06,-3.256898700439297e-05,0.004351394193773832
133,0,-8.371676853047814e-07,2.569092823071156e-11,-1.071871951743118e-05,8.64987326590828e-06
133,1,0,0,0,0
133,2,-2.437053859935881e-08,4.157462061359861e-15,-1.949643087948705e-07,0
134,0,8.689882333473724e-05,5.76260642241286e-08,-2.641993487104237e-05,0.0007216105215489403
134,1,0.0003854081902584345,1.012585887301501e-07,6.030916765756409e-06,0.0007939267972093495
134,2,4.337168867569878e-05,1.328855291879363e-08,-1.876675339192578e-06,0.000348358273178182
135,0,-2.631469265596944e-07,4.847241347046923e-13,-2.105175412477555e-06,0
135,1,1.106492426039072e-06,8.570278422172812e-12,0,8.851939408312573e-06
135,2,0.001740865657821076,3.331509697719108e-06,0,0.004481673541005186
136,0,8.630825909174709e-07,5.2143809112137e-12,0,6.904660727339767e-06
136,1,0.002256816368857093,4.249583786420051e-06,1.600771702375543e-05,0.006649404881719726
136,2,0.001416332520047824,8.04083743982927e-06,0,0.008509864501001992
137,0,5.961435718522236e-05,2.742205560979098e-08,-2.046681394000873e-05,0.0004973816714217876
137,1,3.13473022284474e-05,6.108028151153823e-09,-2.566880756883826e-05,0.0002349919364406312
137,2,0,0,0,0
138,0,0.0001921705149311678,2.595579725232519e-07,-2.730805339222934e-06,0.001540094924788565
138,1,5.992933557122158e-05,1.812499838915491e-08,0,0.0004119227682767936
138,2,1.750600491543987e-05,1.816688407943303e-09,-9.518044553575238e-08,0.0001299260952862316
139,0,0.0004326645921743719,1.313185296156004e-06,-6.422118594806619e-06,0.003464535322872192
139,1,0.0006101030553606883,5.684403812859852e-07,1.33883626579792e-06,0.002070750258956733
139,2,0.0002608925856042831,3.349871660172271e-07,0,0.001766874821450306
140,0,-5.911821779304066e-06,1.876357397606669e-10,-4.19697006682243e-05,0
140,1,0.001183415815858363,1.540759641976011e-06,0,0.003366582958902228
140,2,0.000510571790016507,1.821943817222774e-06,0,0.004081790277415933
141,0,0.00134703341607434,1.292967085016193e-06,-1.086145781377496e-05,0.002586202477904697
141,1,0.0006862743094893925,7.607296472392837e-07,-1.505770877832538e-05,0.00249233586614789
141,2,0.0004113009577334417,1.188255280158239e-06,-4.980030597963819e-06,0.003295355104106191
142,0,0.001315900020539424,1.728279898266442e-06,0,0.002680001527883974
142,1,0.0003556354535535138,8.080645238462217e-07,2.319542552238572e-06,0.002733056775220708
142,2,0.001225901055549838,3.194514809143066e-06,-5.100328638355694e-07,0.005244678171047836
143,0,0.0004716941756903407,1.012678821840554e-06,-6.918966182640617e-06,0.003108006368580807
143,1,0.0003305150179669347,2.165946448085061e-07,0,0.001237833167552404
143,2,0.0005409455830415348,2.048584860510556e-06,-2.125745507124088e-07,0.00432777723888299
144,0,0.0005594525497360878,1.615981201472804e-06,-4.331032910076811e-05,0.003869359175097866
144,1,0.0004489663412177682,5.570568584536653e-07,0,0.002012340882962184
144,2,0.0008744377504501133,5.352428655824953e-06,0,0.006995467123836768
145,0,0.0008504466376967176,3.887914232741585e-06,0,0.006050127367838537
145,1,0.002438698264803646,4.927513461325289e-06,0,0.00566060429295938
145,2,0.001425979039574521,6.386183024437883e-06,0,0.006773372768956534
146,0,0.0002310943153565941,2.252580160401005e-07,-4.575272918508204e-08,0.001434773947377546
146,1,0.0009677725993249703,2.14537548027614e-06,-1.355213935655244e-05,0.004032005232310665
146,2,0.0006094168340172115,1.402854381397374e-06,-3.346710239325341e-07,0.0035302373771315
147,0,0.0002147458190516162,3.238752707373156e-07,-1.378933182262075e-05,0.001720351152152876
147,1,8.664243258709799e-05,3.478530890105993e-08,0,0.0005688921025599537
147,2,0.0006637199153833847,7.374246709006337e-07,-6.215888195686109e-07,0.001890990438873627
148,0,0.0009750930163175669,9.732662934435015e-07,-2.694764174808093e-07,0.002246769805478863
148,1,0.0001142701528429106,9.140367481519503e-08,0,0.0009141612227432847
148,2,0.001410569918558405,8.550221197994582e-06,-2.349985371673899e-07,0.008855514458301152
149,0,0.0003378494098165187,4.061314054086362e-07,-6.980080527693277e-06,0.001850215380737882
149,1,0.0001300294015917953,6.93264329676637e-08,0,0.0007955769925139725
149,2,0.000314039662204127,4.599783054937952e-07,-1.487044831354389e-07,0.00206638471231094
150,0,7.629768643126657e-07,8.479170410882715e-12,-2.540634685035958e-06,8.100192380255147e-06
150,1,-2.582262470702789e-06,7.073232785914701e-11,-2.457378076217098e-05,3.915680996548665e-06
150,2,0.0004993701900366417,1.745488732477207e-06,0,0.003994856010204014
151,0,0.0008881870412843435,4.658818349944713e-06,0,0.006580743996725259
151,1,0.000430208633878573,6.362279174420617e-07,0,0.002290007660147062
151,2,0.0003232340570149211,7.318564687169645e-07,-3.848064256297119e-07,0.002586637489483558
152,0,0.0004926712383578688,1.784349106858501e-06,-3.511892767616347e-05,0.004026673353394243
152,1,-4.459995537278817e-06,2.265709219197348e-10,-4.374755329852531e-05,7.591071629645661e-06
152,2,0.0001449168566109816,1.46719488611031e-07,0,0.001158344547543448
153,0,-3.141391199633219e-06,5.162353114769815e-11,-1.974404652575968e-05,4.869738482953277e-06
153,1,0.0003579576600251323,8.912327535911821e-07,0,0.002855672898890705
153,2,0.0008652671104063199,3.106215725900568e-06,0,0.005316269594022126
154,0,9.087956572366607e-05,2.852904116876512e-08,-5.646662449797566e-06,0.0004800536891625943
154,1,0.0004243717642532941,3.025651697408951e-07,0,0.001346727811282401
154,2,0.0006849408426296276,1.643018498146827e-06,-3.327586610352081e-07,0.003711670040636877
155,0,0.0006162372894573886,9.634030401344101e-07,-1.538038239848272e-05,0.002785270006471443
155,1,0.001629270786605567,2.79783397947928e-06,0,0.003943918231945479
155,2,-1.579652259109066e-07,1.746710881795863e-13,-1.263721807287253e-06,0
156,0,0.0008230771444721389,1.531568423532781e-06,-3.885973447734822e-07,0.003321787526595612
156,1,0.0005298718983378809,6.599531376759939e-07,0,0.002359882566855179
156,2,0.0003674973808445886,5.404099708296127e-07,-9.383111036125595e-07,0.002205056808629741
157,0,0.001838168496892437,5.858031523281863e-06,0,0.005996869019049724
157,1,0.001059121281095755,2.137813623612778e-06,0,0.004561674351885924
157,2,0.001464136845535968,5.122703344179053e-06,0,0.005495762613041097
158,0,0.00103328231648774,5.688552981066584e-06,0,0.00728628740715447
158,1,0.00282905782649355,3.322633147758572e-06,0,0.005100380630827414
158,2,0.0008763974708986908,2.652506144353877e-06,0,0.004685909439242322
159,0,0.0009960624679171933,1.129843540266849e-06,0,0.002893153543474586
159,1,0.0008196559856589061,2.096856215716015e-06,-0.0001389361972180131,0.004375310289542704
159,2,0.002560937660636169,9.424605467246852e-06,-7.495466783834183e-08,0.007797516236906292
160,0,0.001004458339819067,3.051324695439944e-06,-6.37170332086011e-06,0.004290145971896094
160,1,0.001130479149586281,5.870329806668268e-07,0,0.00230904375508892
160,2,0.0004076689514285095,6.763340829358185e-07,-1.423271116856595e-06,0.002473350533899998
161,0,-2.642452909539051e-07,2.884326460722604e-12,-4.32797473724169e-06,2.214012409610449e-06
161,1,0.0003578427334786325,3.756237636020923e-07,0,0.001861561756817055
161,2,1.832160626322276e-07,2.349768792451944e-13,0,1.465728501057821e-06
162,0,0.0003336666679584041,7.787824358727538e-07,0,0.002668506392269865
162,1,0.0003858455120680397,2.445127473179418e-07,0,0.001120524783786145
162,2,0.0007647936753519298,4.094694496883616e-06,-2.150412100317614e-07,0.00611856444402547
163,0,0.000196067025134296,2.716937213237041e-07,-6.59696074360383e-06,0.001575133161817972
163,1,0.0002337300090972634,2.175037672974543e-07,0,0.001407076220226701
163,2,0,0,0,0
164,0,9.659162031343096e-05,6.530958780341803e-08,0,0.0007727329625074477
164,1,0.0001666082222138085,1.516108442269593e-07,0,0.001190519374579838
164,2,4.226579241445449e-07,1.250478045895231e-12,0,3.38126339315636e-06
165,0,0.001236572562148735,4.874189056125464e-06,0,0.006017465214225122
165,1,0.001168770627538175,4.608225087214437e-06,0,0.006563072120565311
165,2,0.0002906676757376207,5.903809405256149e-07,0,0.00232356319990183
166,0,0.00143219214429311,2.102977848624654e-06,0,0.00329858834034496
166,1,0.0001288016268686159,1.16129013588015e-07,0,0.001030413014948927
166,2,0.0006804518497937057,1.486707047668631e-06,0,0.003346828640431803
167,0,0.0003275945973425401,5.958828643986875e-07,-5.705819724975605e-06,0.002356405117420776
167,1,8.6521831574908e-07,1.63471940659504e-12,0,3.291947610244975e-06
167,2,4.206401766393768e-08,3.872304488130577e-14,-1.973387878158069e-07,5.338509291273084e-07
168,0,0.001057459134578814,4.301971589516288e-06,-7.885281854944364e-06,0.006360956052155402
168,1,0.003468099238104108,3.916968362734773e-06,2.435630268514963e-06,0.005906022967208337
168,2,0.001367186726288727,2.068790653834064e-06,0,0.003692232481140307
169,0,-2.100816753244929e-06,4.409290907983331e-11,-1.90302547001347e-05,4.534407642385743e-06
169,1,9.837668028537044e-05,6.249703366195786e-08,0,0.0007597269516849873
169,2,0.0004308437665939405,1.29888579778762e-06,-1.453313753184831e-07,0.003446171302543241
170,0,5.868377144803393e-06,2.410649521955557e-10,0,4.694701715842715e-05
170,1,1.441782573695859e-06,5.090747000382138e-12,0,6.78848436347205e-06
170,2,0.0003823466606320103,1.023228459849492e-06,-8.004682106407117e-07,0.00305864969150245
171,0,0.0002771542305845728,2.482196458650838e-07,-2.379095527859147e-09,0.00138154687759127
171,1,4.066879607827459e-06,1.169990981087057e-11,0,9.876111065619878e-06
171,2,0.0001407364866458661,1.379926846763544e-07,-2.064614834636666e-06,0.001123556935979597
172,0,4.916583747923565e-05,1.912503848751487e-08,-1.778961928663271e-05,0.0004144643672344948
172,1,0.00159031111459583,6.701636879497999e-06,0,0.00787659223317215
172,2,0.001072975264274013,5.299495278740053e-06,-8.500254278520268e-07,0.0070088927013279
173,0,0.000716853224664379,2.301194104764221e-06,0,0.00467909203269099
173,1,0.0008541124512795384,5.141717841279494e-06,-2.052188693126888e-05,0.006853421497167576
173,2,4.63130481380678e-05,1.49310272613457e-08,0,0.0003696038418299146
174,0,0.0001357772992932249,1.277555980952018e-07,0,0.001081436878367601
174,1,0.0003585191512323643,8.487745072003676e-07,0,0.002795203434874768
174,2,0.001120175802747522,8.785285363955168e-06,-8.388865870193032e-07,0.008962177906951864
175,0,9.296296139133068e-05,4.33766464408097e-08,-8.587357593790624e-06,0.0006344980522586596
175,1,0.00129858472650547,3.602891894596471e-06,-3.34473349231235e-05,0.005502950035161367
175,2,0.0004415804149561445,1.364065872513187e-06,-5.092602930219028e-08,0.003531638708352783
176,0,0.0002069004273445444,1.31071713112067e-07,-1.237060235855252e-06,0.0009261060010373059
176,1,0.0006451199014740615,3.082527410050932e-06,-7.379914709411654e-05,0.005289695124783955
176,2,-3.405397739985186e-08,8.11771363724735e-15,-2.724318191988149e-07,0
177,0,0.0002772473550611785,5.349549726477984e-07,0,0.002212360046974538
177,1,2.544118233948331e-05,3.381827515340724e-09,-3.253222805673266e-05,0.0001598045942571156
177,2,-6.466282721910119e-08,1.269192262454989e-14,-2.829888479999801e-07,0
178,0,0.0003671678855182394,4.390506894213249e-07,-3.898991346860189e-07,0.001854059132738993
178,1,1.694067419580647e-05,1.886917597709591e-08,-0.0001096644233120289,0.000325901543117776
178,2,7.87408418331537e-05,4.379492749135308e-08,-1.353866045988511e-06,0.0006324217312674808
179,0,0.0001723096833387218,1.11551034728443e-07,0,0.001023692611517912
179,1,0.0002799055728017115,7.080479582136609e-07,-0.0001161313504583762,0.002502811633909048
179,2,7.317665942430821e-05,3.758229675048289e-08,-8.866842022753056e-07,0.0005860853418435123
180,0,0.0006717595230117954,1.408401019347972e-06,0,0.003658425506742935
180,1,9.02758137434052e-05,8.653307808481047e-08,-0.0001441942130612489,0.0008582306382814252
180,2,0,0,0,0
181,0,0.0004042819025601864,1.151360888932278e-06,-8.946580833236443e-06,0.003243201801314727
181,1,0.0001100625463197677,8.436460535613741e-08,-5.088778239057974e-06,0.000878507237665459
181,2,0.001148433312322383,6.370101594651886e-06,-2.726425933943552e-08,0.007700861630941149
182,0,0.0005277412495640124,6.966903092362573e-07,0,0.001987034035334044
182,1,0.0003732552225960684,2.529194202459918e-07,0,0.001237887124497072
182,2,0.0001249987224107401,1.094537423851031e-07,-2.522844688688679e-07,0.001000313604203271
183,0,3.916570687158187e-05,4.927546224052288e-09,-7.410873295029172e-06,0.0001845432818323665
183,1,2.016804851813798e-05,2.398995560371216e-09,0,0.000149545722313278
183,2,0.0002119459541236065,3.142696419762988e-07,0,0.001695147694891821
184,0,0.0006047849869068322,1.033886764590565e-06,0,0.002596951411155222
184,1,0.0003264969984977949,1.864091161968937e-07,0,0.001186588779663699
184,2,7.715776233311122e-05,4.167324201777014e-08,0,0.0006172620986648898
185,0,0.001029267867358461,2.338567558913599e-06,0,0.003859265775110993
185,1,0.001813332205858996,2.584046083783296e-06,0,0.004062036872477322
185,2,5.856539368293237e-05,2.398772115064149e-08,0,0.0004683385290773543
186,0,-8.427794609975586e-07,8.647193458997406e-12,-8.476550949754877e-06,1.734315261774409e-06
186,1,0,0,0,0
186,2,0.001491324161962906,7.280818199078639e-06,-1.691960367582189e-06,0.007522508103175235
187,0,0.0006487236822513159,9.862641718233342e-07,0,0.002956337410285921
187,1,0,0,0,0
187,2,0.001445816196493066,7.909216233307815e-06,0,0.008755015633423228
188,0,0.001228210071237551,1.753681278317352e-06,-6.168726678934284e-07,0.003428955222328183
188,1,0.001462231075363061,3.188886518764352e-06,0,0.005446149176608102
188,2,0.0004160257095359608,1.211004748043182e-06,0,0.003327560202083512
189,0,0.001481166923814671,5.266506229409387e-06,-2.461648155400283e-06,0.006328105429417738
189,1,0.000516606541678277,1.857024571699956e-06,0,0.004122034289970242
189,2,0.0001574731692412721,1.256439738103272e-07,-8.763120162707574e-07,0.001084182825053331
190,0,0.0005893698045829524,1.271501607920494e-06,-2.173429515450932e-05,0.003476955010005365
190,1,0.001102582205950349,2.439142521592695e-06,0,0.004236523303982646
190,2,0.001325439153818169,6.785881095374439e-06,-4.528771339972317e-08,0.007863367441088415
191,0,0.0001833200531093666,2.35210798950313e-07,0,0.001466470701558132
191,1,0.0001723588619903713,2.078160213368995e-07,0,0.001378473297189093
191,2,0.0007500792483328285,3.931203132784391e-06,-1.151267059978478e-07,0.005995877876130292
192,0,0.0003343988394257865,3.426739539550368e-07,-4.590838618980701e-06,0.001476468065742887
192,1,0.0005937183088801423,6.540539638126173e-07,-3.764521339624863e-05,0.002015733523580952
192,2,-2.235231194042469e-07,2.868414722945966e-13,-1.634237645999464e-06,0
193,0,-1.905650557611834e-06,2.062159895744511e-11,-1.370590412266639e-05,7.086694430658789e-07
193,1,0.0003011646796046683,6.319816869122092e-07,0,0.002404463146212352
193,2,0.0001112496467250519,8.656147252167032e-08,-2.209747361922069e-08,0.0008896648387084946
194,0,0.001381952412212034,3.514859153556454e-06,0,0.005054123389088703
194,1,0,0,0,0
194,2,-1.765514724886638e-07,8.090589350604296e-14,-6.720604363678206e-07,0
195,0,0.0002225237921476052,1.502729187941202e-07,-8.239809531649423e-06,0.000898233810551761
195,1,0.0005175984096240195,8.506954380266453e-07,0,0.002503849966587859
195,2,9.208198817312587e-05,5.932455648346127e-08,-3.117809350864734e-07,0.00073649754628697
196,0,4.724213258010855e-05,1.565969674677267e-08,-1.047526350656403e-06,0.0003783260441865356
196,1,0.0004231845896459225,6.327558892434272e-07,-0.0001371236117882893,0.002132026331719411
196,2,0.001751442566031683,9.204048295377943e-06,-2.192112511588176e-07,0.007075657927344359
197,0,0.000202848169337423,1.256978265774526e-07,-2.115053302033525e-06,0.0008986710982007706
197,1,0.0001358282341351921,8.001587357318231e-08,-0.0001077731428273171,0.000774416757643669
197,2,8.158672540641095e-05,4.641045456388826e-08,-6.584261137921694e-07,0.0006515615462175029
198,0,0.0002316300179493726,3.764921554272213e-07,-5.503784306643129e-06,0.001855020636324948
198,1,5.039548163773204e-06,9.88365704781342e-11,0,3.042110407153573e-05
198,2,0.0002061691972987793,2.974394382419491e-07,0,0.001649109268059193
199,0,0.0004874728214352013,2.966303116351269e-07,0,0.001317160375731195
199,1,0.0004071819590622772,3.068403333469278e-07,0,0.001405185280168086
199,2,6.353843046691522e-05,2.817972047518636e-08,0,0.0005076756581282269
200,0,0.0005827300658285577,6.805958777013093e-07,-4.794472777943187e-06,0.002203305784494934
200,1,0.001268070571987494,1.13817833915354e-06,0,0.003051305549667663
200,2,0.0002966982704919593,6.173696983692225e-07,-1.031735733886988e-06,0.002375540975155729
201,0,2.562307129408145e-06,4.039371526996582e-11,-6.532871960370863e-07,1.927557562376099e-05
201,1,0.0007065807422634398,6.896262789802606e-07,0,0.002329054479200929
201,2,0.0002155120272881524,3.255148588188084e-07,-9.201570107768004e-07,0.001725016375315996
202,0,2.703725860077817e-05,4.689251855706977e-09,-3.924226662842329e-08,0.0002081617094976887
202,1,0.0002080064276643905,8.205963948873284e-08,-2.888378161630294e-05,0.0007666515295804206
202,2,0.000324514055073685,5.392514729409687e-07,0,0.002243198235274222
203,0,0.000228300670093988,2.560226783244685e-07,-5.680891232084135e-06,0.001543278609857145
203,1,0.0001671285961391703,7.391933387223134e-08,-8.126351454075982e-05,0.0007465480490383275
203,2,0.0001643453993031195,1.486123993379356e-07,-7.303921347485117e-07,0.001177223575854286
204,0,-7.628655266333771e-07,4.484376557660862e-12,-6.361135880478007e-06,2.582116674109905e-07
204,1,0.0002964108861928152,1.150564559611113e-07,0,0.0008523877253806096
204,2,0.0002249385490452571,3.541814559260988e-07,0,0.001799508392362057
205,0,5.921386474490433e-05,1.189389457101512e-08,-9.709719215928803e-06,0.000277260112482604
205,1,2.454364981802683e-05,4.367788245838831e-09,-1.973751249404374e-05,0.0001979974995898177
205,2,-3.624485206183914e-08,2.163095920432905e-13,-7.295053416997053e-07,1.000294565987489e-06
206,0,-1.226948953299239e-08,1.053782613801469e-15,-9.815591626393913e-08,0
206,1,0.0006389915048903859,4.896942288553336e-07,-0.0001003370636887528,0.001731671786571956
206,2,0.0002241356035076257,3.515542821949522e-07,0,0.001792854805813121
207,0,0.0001056438361293035,8.019305831850262e-08,-9.680126157974957e-06,0.0008548308151924026
207,1,0.0001802698884449629,5.559448496561813e-08,-5.529562991459464e-05,0.000588353548944533
207,2,6.980439743468367e-05,3.410857730853492e-08,0,0.0005584351794774694
208,0,-1.90217894039114e-06,1.174033774098801e-11,-9.490718500335499e-06,0
208,1,0.0002175380060163451,9.334930263898962e-08,0,0.000923192904044587
208,2,0.0003538394278554542,8.763911039056358e-07,0,0.002830679698519326
209,0,8.546816365054182e-05,5.083346302796486e-08,-1.126649874021095e-07,0.000681985616712105
209,1,4.02055423330759e-05,2.780383405590507e-08,-0.0001499973828443635,0.0004613092583091346
209,2,-1.073011058298552e-07,4.481335314376394e-14,-6.440702086084134e-07,0
210,0,0.0001567458447419711,1.388875106886032e-07,-9.175174887283587e-06,0.001134977026534102
210,1,0.0001778096057564665,8.333650344311137e-08,-4.086846339290138e-05,0.0008503930734499804
210,2,0.0003754269426933658,8.473545686321022e-07,0,0.002804809302860413
211,0,0.0004606347371369731,1.342162423618028e-07,0,0.001083127506005957
211,1,0.0006871328563526919,8.825725920577354e-07,0,0.002916503848863014
211,2,0.0004581249035792431,9.886935169571063e-07,-1.051738762990466e-08,0.003067295975184777
212,0,0.0002286060091354244,3.644244373872425e-07,-1.811396937785174e-06,0.001825774908992133
212,1,0.0003250021509365394,2.757179207222151e-07,0,0.001513997477873347
212,2,-1.332774368934473e-06,8.445676817713074e-12,-8.955892590919008e-06,0
213,0,0.0004888293467535748,3.170071371549319e-07,-1.129931515105531e-05,0.001565797451224348
213,1,6.938700409690444e-07,5.92383099389526e-11,-1.652405153039614e-05,1.119050593068111e-05
213,2,0,0,0,0
214,0,0.0002818804633729472,3.797423107923934e-07,-5.892875534494545e-06,0.001878010734978325
214,1,0.0001321234258375842,1.293739719689527e-07,-3.304810306079231e-05,0.001083297475650545
214,2,-3.409483620883505e-07,8.137204992751028e-13,-2.727586896706804e-06,0
215,0,0.0002992665775998451,3.968993556412387e-07,-5.601731583650195e-06,0.00191147255313435
215,1,2.085737576025667e-05,2.798530360616546e-09,-1.130179447984033e-05,0.0001601641177606199
215,2,3.28232642521266e-05,7.541566733154525e-09,0,0.0002625861140170128
216,0,2.705029943450197e-05,5.794446962338606e-09,-1.130295717105514e-05,0.0002282133003201813
216,1,9.666515242264473e-06,6.829797923561853e-10,-2.395341618258255e-06,7.877162909863584e-05
216,2,1.480442815132225e-08,3.202614915500429e-15,-8.340139246085425e-08,1.058905974297762e-07
217,0,0.0001990480878105967,1.906976383753896e-07,-1.137962971401478e-05,0.001332279369377072
217,1,0.0008213654900219632,1.736282354287721e-07,9.572098736897076e-06,0.001293260078511023
217,2,0,0,0,0
218,0,-2.294890504521503e-06,3.46748269774452e-11,-1.763419017238984e-05,1.675101183788227e-06
218,1,0.0004834300970612483,3.511163185076799e-07,0,0.001612717346863394
218,2,0.0009071856666093821,2.659310854932991e-06,0,0.004504208316672786
219,0,2.31917003588107e-08,2.09765989913555e-15,0,1.36771119520493e-07
219,1,7.267752096929476e-05,2.415971455788177e-08,0,0.00047595690010068
219,2,0.000383035273306333,9.883225487522576e-07,0,0.003012917903501171
220,0,0.0002602250334292105,4.742127009934393e-07,-3.71198691264436e-07,0.002082171466124948
220,1,2.391434196444286e-08,4.00327026114619e-15,0,1.913147357155429e-07
220,2,0.000527022205117359,9.10047418422268e-07,0,0.002872610780357859
221,0,0.0001217267345607071,1.039625749867282e-07,-9.880556494624301e-07,0.0009748019321351195
221,1,3.619301428965041e-05,8.67614569638207e-09,-2.395341618258282e-06,0.0002825571191310872
221,2,0.0006490481158449156,1.029239729978954e-06,-1.252561930019769e-07,0.002996946159305347
222,0,0.001103415612688976,8.811687590892942e-07,-2.223166953312246e-06,0.002284358313137963
222,1,0.0005259683436322468,4.373252374477632e-07,0,0.00186892094835906
222,2,0,0,0,0
223,0,0.0003275891106401022,4.211859111287542e-07,-4.150589057872829e-06,0.001937844623956835
223,1,0.001600835632036438,1.256129810360003e-06,0,0.003266126494034004
223,2,0.0001799640125965682,2.267549662889205e-07,-1.26807185620673e-07,0.001439838907958166
224,0,-9.018990244015644e-07,5.693952951515455e-12,-7.215192195212515e-06,0
224,1,0.0006874233711232811,7.022606259704255e-07,-4.40533698745333e-05,0.002114657654645837
224,2,3.408916607849261e-08,9.635423364431093e-15,-6.627318847340664e-08,2.802449898422937e-07
225,0,0.0001964489770661348,1.454716197619403e-07,-1.962687860007521e-05,0.001099836616181932
225,1,4.268265946442176e-07,1.275266593269054e-12,0,3.414612757153741e-06
225,2,-4.602586165243645e-08,1.008292011154609e-14,-3.062145482999432e-07,0
226,0,-1.317742137264045e-06,3.44579130848084e-12,-5.15318247341183e-06,3.907161798758702e-07
226,1,0.0001182556312387539,4.2634622152526e-08,-2.073201990954054e-05,0.0005236175969210051
226,2,0.0004079584988183577,1.162783745173373e-06,-3.979262169985397e-07,0.003260936210122464
227,0,0.0004371062038052114,2.031170559030013e-07,0,0.001402136487324829
227,1,0.000652710835009411,4.162198752998277e-07,0,0.001992030370375604
227,2,0.0001580520278868132,1.74863104633938e-07,0,0.001264416223094506
228,0,0.001226159287703345,1.14284491138294e-06,0,0.003469822094966994
228,1,0.001157446532253543,7.333447394062641e-07,0,0.002546029390721204
228,2,0,0,0,0
229,0,0.0002866660788177413,1.708095025075433e-07,-3.26608208006217e-06,0.001092845095714377
229,1,0.0005415442077815664,4.149249126250646e-07,0,0.001813541870112495
229,2,0,0,0,0
230,0,0.0002319264925893845,1.651439222626334e-07,0,0.001050575468088943
230,1,3.728120610673829e-05,1.168499908455951e-08,-0.0001028178020981893,0.0002868383183111876
230,2,2.393770780389661e-07,1.8815956437961e-13,0,1.212501707428685e-06
231,0,1.870545968391551e-05,1.605881089435737e-09,0,0.0001219895575050056
231,1,0.0004784893705011945,6.636408069261916e-07,0,0.002505191934730624
231,2,0.0007027147337949125,1.266418126725556e-06,-1.257852112426962e-06,0.003337711528715121
232,0,0.0004565093133879529,8.598416568609366e-07,-7.930405975304576e-06,0.002791266834155512
232,1,6.369028386178626e-06,1.553332211474911e-10,0,3.834893968354928e-05
232,2,0.000131943537507528,1.218700197932204e-07,-2.402549996309599e-08,0.001055572325560187
233,0,0.0004937216710179948,1.703291260432207e-07,-6.631098370263457e-07,0.001022934510147168
233,1,0.0001739150633337548,5.940281760548927e-08,0,0.0007540987309375819
233,2,0.0003455879759457303,4.695308940034703e-07,0,0.002084476996078938
234,0,0.0004266510871005842,3.673592141774632e-07,0,0.001452167942729365
234,1,0.0004835762075134733,8.269853900044695e-07,0,0.002727907914690239
234,2,-9.901876092613068e-08,9.413998343780729e-14,-9.049005084437341e-07,1.127504210346887e-07
235,0,0.0004130699279734577,6.605844460814238e-07,0,0.002425315580485126
235,1,0.0004930391033200436,5.648095411171718e-07,0,0.002188645654240677
235,2,0.001849598987511802,3.576576585563592e-06,0,0.004229183251892833
236,0,-1.044913152161967e-08,7.642904468927401e-16,-8.359305217295733e-08,0
236,1,0.0007713535020303047,1.251001709319452e-06,4.886280135844271e-06,0.002839708977650749
236,2,0.0003787060979967592,4.497119932822309e-07,-3.000637672183501e-07,0.001793577567464079
237,0,0.0001047010496325903,7.717506572353909e-08,-2.090735347635007e-06,0.0008396991324083571
237,1,4.331889916142325e-06,3.536719985628429e-11,0,1.645921476788274e-05
237,2,0,0,0,0
238,0,0.0002182807189323535,1.456803615856713e-07,-2.158589405653016e-07,0.0009764926622462521
238,1,3.429710429127457e-05,7.715389642639993e-09,-1.285159508797593e-05,0.0002660567031591727
238,2,0.0001720635463309543,2.070349342157684e-07,-9.663337007466048e-08,0.001375909114707102
239,0,0.0005572625282981126,1.172146195664581e-06,-2.162991514933707e-06,0.003209723015920099
239,1,5.556054758802065e-05,9.776504303167807e-09,0,0.0002716469098783817
239,2,4.110940221967638e-05,1.181163133818207e-08,-2.025926191610028e-07,0.0003286528325702718
240,0,0.0003279869483018582,1.824108838008907e-07,-3.53971454040001e-06,0.001157696080338476
240,1,0.001082833740061019,3.697198209666493e-06,0,0.006041447979838519
240,2,0.001646937477585075,9.646237697629458e-06,0,0.009044600359518344
241,0,0.00184142009574689,1.307135448529179e-06,0,0.003263099029789363
241,1,-1.078734277572693e-05,1.326772761028352e-09,-0.0001065991544051259,1.209377633437543e-05
241,2,0.0001002568375309962,7.037603528257493e-08,-7.979200851441815e-08,0.000802134492256484
242,0,-2.238895292176994e-07,3.178357075180423e-13,-1.713986228895484e-06,0
242,1,-6.882401485080496e-06,4.201026411768334e-10,-6.09864399799901e-05,4.157107477723477e-06
242,2,0.001158029907767595,4.211495748809295e-06,-1.852203192923569e-08,0.005500171512757397
243,0,0.0006022639418478313,7.075924963154768e-07,-2.309670893267354e-07,0.002119873389621835
243,1,-1.888462662186462e-05,4.266431961416999e-09,-0.0001886144914440404,3.753747846912345e-05
243,2,-3.38403918496795e-08,4.90394021256882e-15,-2.157674597997878e-07,0
244,0,0.0007413814137064141,1.114612542351405e-06,0,0.002923932274344776
244,1,2.00253460809018e-06,8.632660567398406e-10,-5.034174661585495e-05,6.63620234805764e-05
244,2,2.096647382843951e-06,2.996177408568322e-11,0,1.657828730974714e-05
245,0,-1.3345064779134e-06,7.161474972318439e-12,-7.489050027747827e-06,6.840745186150249e-07
245,1,1.822183726422378e-05,2.31318585525464e-09,0,0.0001454705370663254
245,2,0.000198014550464499,1.773843604922461e-07,-4.036953727311915e-07,0.001280783280872057
246,0,1.186286552349769e-05,9.921564131355461e-10,-8.220698301077254e-07,9.519514374375567e-05
246,1,-3.65136667930656e-06,9.332735038725148e-11,-2.921093343445248e-05,0
246,2,-1.735755498694617e-07,5.891754809184541e-14,-6.69533653768022e-07,0
247,0,3.038590712311728e-07,4.578478779735483e-13,-2.804660023485433e-07,1.924477733700894e-06
247,1,3.939929142496856e-05,2.407469246595217e-08,-7.710410693379496e-05,0.0004432543560826274
247,2,0.0005925269535787776,2.096289956070699e-06,-5.95660992758385e-07,0.004412639750403039
248,0,0.001482441187846649,3.598681389567891e-06,-8.674144341571429e-07,0.004906854592456112
248,1,0.002069090245489407,1.893689093401009e-06,3.047896999330401e-06,0.00382591603466899
248,2,0.0003347193382219785,5.125132414620472e-07,-4.184842120961685e-07,0.002178724625033553
249,0,0.001296363967266445,4.822066405206774e-06,0,0.006575342138911809
249,1,0.00139497320034085,2.707272843259401e-06,-6.776263578034403e-22,0.004258560339042115
249,2,0.0001551709596121473,7.35044374656255e-08,-5.527087211252712e-07,0.0006891199794938626
250,0,0.0004175090478286259,3.554934131950299e-07,0,0.001686174951703275
250,1,8.889821845563471e-05,2.012387569302173e-08,-3.303019653599421e-06,0.0004204034264541612
250,2,2.286314577090777e-07,3.191668339524219e-13,-4.402114230947594e-09,1.720069176909476e-06
251,0,0.0001965181961946838,1.158619546257188e-07,-1.096208821679327e-06,0.0007967192176940902
251,1,5.23794806098797e-05,8.081726672160833e-09,0,0.0002409520681410573
251,2,-7.765239469043835e-08,1.978268905363394e-14,-4.100988225859879e-07,3.173687696736388e-08
252,0,6.190985802466065e-05,1.279324848470079e-08,-9.511302227141748e-08,0.0003214164242628423
252,1,-3.875044137771165e-06,1.397511993957707e-10,-3.496395904035329e-05,3.957127490715734e-06
252,2,0.0002245034133548864,3.126739943328278e-07,0,0.001701676882661354
253,0,3.608725266773631e-08,7.737030883785428e-13,-1.532613616742529e-06,1.958142135489809e-06
253,1,3.077199239986608e-05,2.324941341337623e-09,0,0.0001517356348514966
253,2,-2.115446094375035e-08,2.083395367562508e-15,-1.140325931100041e-07,2.587802632821569e-08
254,0,0.0004588508546105216,1.281446695966748e-06,0,0.00344775740531686
254,1,0.002530035992693454,2.184434024033197e-06,5.573104512159033e-06,0.003670395205102539
254,2,0.001296166230930205,1.856980503311247e-06,-5.215348479266904e-08,0.003403501656488945
255,0,7.053233959947702e-06,5.078439072469561e-10,-7.786850598007692e-06,6.625826123845616e-05
255,1,0.0001766590989049705,2.520638549114617e-07,-0.0001184660204816232,0.001500593161740594
255,2,0.0004339544250412667,1.214130079715996e-06,-1.441338302881282e-07,0.003347247206345161
256,0,5.633350292715573e-05,2.310313477572683e-08,-7.756049165668698e-06,0.0004584240725829145
256,1,0.0007037517645653625,1.568086519503914e-06,0,0.003407836527382548
256,2,0.0001487242104532961,1.54846855726557e-07,-7.982229918409025e-08,0.001189842831931854
257,0,0.001001379354364226,1.70208512985168e-06,0,0.003161376676667836
257,1,5.824875949409556e-05,2.375042587820692e-08,0,0.0004659900759527645
257,2,0.0002590693796760698,4.698196303731872e-07,-1.180444655772545e-07,0.002072557010908139
258,0,0.000694850687387617,1.005803058163505e-06,0,0.003160725334820229
258,1,0.0001180579130885089,3.743162283253213e-08,0,0.0005891430508567702
258,2,0.001417093169021901,3.768833382024386e-06,-3.612334883215646e-08,0.005211808588577701
259,0,4.823031259469539e-08,1.628314137087423e-14,0,3.858425007575631e-07
259,1,1.392124835608062e-06,1.133482214202198e-11,0,1.026777054902233e-05
259,2,0.0004082221353641943,5.011298729282875e-07,-1.178593716579419e-06,0.001687148079000995
260,0,0.0006169592923556376,1.220864642659407e-06,-1.393889141485408e-06,0.003024886498063253
260,1,-1.387701916591926e-05,1.370633056448063e-09,-0.0001118256786600047,8.095253326505887e-07
260,2,2.790412876434232e-05,5.457229667751576e-09,-1.208280551387317e-07,0.0002233538581698773
261,0,4.230693834935372e-07,9.658828283735664e-13,-6.238526191279951e-07,2.610877590162445e-06
261,1,0.0001738347986313136,2.078708794848184e-07,0,0.001380084752969621
261,2,0.000129702902537828,1.177599004871611e-07,0,0.001037623220302624
262,0,0.0003905135243171796,4.701978150410475e-07,-5.748235107338207e-07,0.001785687327950694
262,1,0.0005195981866905511,5.409873809537185e-07,0,0.002262357827237295
262,2,0.0002314220781221139,3.673872481286674e-07,0,0.001835014905966495
263,0,0.0001366525832097997,1.137314121266168e-07,-5.425640164603824e-06,0.001026527418809677
263,1,0.0001383716822434544,1.092608596743654e-07,-4.294014742740228e-05,0.001003204748686846
263,2,7.259267066848276e-05,3.685244365624861e-08,0,0.0005804972492058515
264,0,0.0003164433035102368,3.726236195663059e-07,0,0.001834622693141255
264,1,4.080044125758621e-05,9.363238262118851e-09,-2.355243803115455e-36,0.0002962146254462723
264,2,0,0,0,0
265,0,0.0006183698543322754,2.159992216484408e-06,-1.275516752969133e-06,0.004486001575336264
265,1,0.0004368526644213117,2.447377613166046e-07,0,0.001253608604878802
265,2,4.30103049112186e-08,3.60448325191836e-14,-2.762865614960832e-07,4.413230495510143e-07
266,0,-8.642748966866502e-08,2.047142344032173e-12,-3.325856042861635e-06,1.830448638149682e-06
266,1,0.0001593181485889554,4.219443695135102e-08,0,0.0004699409158405807
266,2,0.0005067982925841721,8.997005266804056e-07,-8.594372671540654e-07,0.002745205772680725
267,0,6.647803387743662e-05,3.112399071695205e-08,-9.907255576709121e-07,0.0005332404664684914
267,1,7.032390131163265e-05,4.284756783909313e-08,-6.950596322912952e-05,0.0006142745317996905
267,2,4.237768609627084e-08,1.257107795211847e-14,0,3.390214887701667e-07
268,0,0.0007457770464215605,1.758225436437502e-06,-1.05969161504963e-05,0.003560250102964541
268,1,0.0009689437104886559,5.154544193238208e-07,7.335327745890868e-06,0.002250133874206914
268,2,0.0004688103864361175,6.594204411035663e-07,0,0.001893279667623515
269,0,0.0001903170602886532,6.283125745627876e-08,-4.411366723434905e-06,0.0006082273613771534
269,1,0.0004339726860896433,1.130794432799707e-06,0,0.003240573528891807
269,2,0.001524118082667745,2.996975515444807e-06,0,0.004691310275803114
270,0,0.0007380874718392256,6.926592694026301e-07,-1.218505649427848e-05,0.002087627631297043
270,1,0.0004967969436612395,1.045375916028551e-06,0,0.003106736689304552
270,2,0.0002650150232235245,2.103765789101856e-07,-1.191012907196653e-06,0.00109430471658053
271,0,0.0003441820212528267,3.983987994075538e-07,0,0.00179398937934567
271,1,0.00185811984242567,2.873529839231874e-06,0,0.004804017990987142
271,2,4.942542821893957e-07,6.915121029227827e-13,-3.755771053759121e-07,2.373170228760292e-06
272,0,0.0004234021597450502,7.233768438098488e-07,-5.736378207732718e-07,0.002554947388914347
272,1,0.0003517924295810459,1.66800965370167e-07,0,0.001110045979619476
272,2,0.001529721903426486,2.984365763176852e-06,-3.125830184861246e-07,0.004700512968199094
273,0,0.0006931476486616653,9.870490219739179e-07,-3.186759684369579e-06,0.002722452943148146
273,1,0.0003971681994204909,2.034702615520734e-07,0,0.001170548302842415
273,2,0.0007466192806831549,2.623586657722317e-06,-3.010372106780881e-07,0.004937054086689066
274,0,-6.213256430471856e-07,1.298022771518198e-12,-3.443010851579865e-06,0
274,1,0.000383037524425045,5.239605675585982e-07,0,0.00223909377649948
274,2,2.553048539464581e-05,4.520581682285711e-09,-1.118347106472774e-08,0.0002034168039390289
275,0,0.0001639738451443995,1.066665492039706e-07,-1.306403531449064e-09,0.0009797886561274951
275,1,0.0005570119620346547,4.535087138745827e-07,0,0.00195928853327993
275,2,0.0004286750661467303,1.286336186351325e-06,0,0.003429400529173842
276,0,0.0008539816134563008,1.111718182785536e-06,-5.422566801578088e-06,0.003052958657224809
276,1,0.001782192803826771,2.65033343223114e-06,0,0.005338011651920844
276,2,0.001561567352771223,2.788120246721492e-06,0,0.004211327002589315
277,0,0.0004834545319870935,7.325297394699533e-07,-1.299641786318758e-06,0.00228501335721339
277,1,0.0009173749840443994,1.696028230228254e-06,4.600414925949159e-06,0.003353134428481533
277,2,0.0004694416323377766,1.542852975657969e-06,-2.394739855179493e-07,0.00375577253268773
278,0,0.0003915866136571689,5.202084733100338e-07,-2.843211499690065e-06,0.002060514442627939
278,1,0.0002609437293223819,2.936076843033156e-07,0,0.001676417190771627
278,2,-4.394450161518461e-08,1.351783455544874e-14,-3.515560129214769e-07,0
279,0,0.0002390572814244337,2.211467016677287e-07,-2.806092930325528e-06,0.001399093141263574
279,1,5.536696989698164e-05,2.009577799096691e-08,0,0.0004303679123056179
279,2,0.0004049711773972409,1.147746994429821e-06,-1.035374516862163e-07,0.003239442689607419
280,0,0.0004165814298562962,5.36043364943245e-07,-5.865055052748381e-06,0.001902754658583893
280,1,0.0002332271380218586,3.768443347821303e-07,0,0.001857382713226098
280,2,9.18630063442922e-05,5.882304918852545e-08,-1.259498648388747e-07,0.0007335479842884448
281,0,0.0006462119834154341,9.948929565912509e-07,-2.429097340455791e-07,0.002947085846846366
281,1,0.0001933261386112963,1.354359067239052e-07,0,0.001140658199212171
281,2,0.0003198245126223337,4.224518350683398e-07,-3.749294559143672e-08,0.001959404431548625
282,0,-2.933740702847121e-07,9.820922572050631e-12,-7.957893433448756e-06,3.111027877609226e-06
282,1,0.0001354047201152827,1.083923230054601e-07,0,0.001004448662072472
282,2,-1.529808923410188e-07,7.870527437881766e-14,-8.461104553552216e-07,0
283,0,-4.416959806526645e-06,2.89410004474323e-11,-1.35423497171289e-05,0
283,1,0.0002781641128292369,1.49319181496664e-07,0,0.001014778155606782
283,2,6.308896230400769e-06,2.962293772991032e-10,-1.320191070325985e-06,5.183153358000558e-05
284,0,4.334502531106043e-05,1.447657674575552e-08,-1.220819149844635e-05,0.0003615106846886597
284,1,4.706496829242461e-06,4.050690879905627e-11,0,1.956169823878974e-05
284,2,-4.264652510170342e-08,1.273108272275154e-14,-3.411722008136274e-07,0
285,0,-2.200322427622032e-07,2.936604457772428e-13,-1.306566318114638e-06,4.538022176794448e-07
285,1,9.605265383165299e-07,6.458278615672353e-12,0,7.68421230653224e-06
285,2,0.0002104133333015795,3.100210521928814e-07,-1.789944531613648e-07,0.001683555329443906
286,0,0.0001639669961786283,8.431601598886224e-08,-9.808837096286912e-07,0.0007717835121989751
286,1,0.001730841595151085,1.348273536067191e-06,5.554660234164582e-06,0.00371099316914858
286,2,0.0004541734183485051,6.313830631315442e-07,0,0.002040859516719407
287,0,0.000478514801942205,2.280237856187279e-07,0,0.001149742183002498
287,1,0.000266771930583318,2.23175729289533e-07,0,0.001313645496942957
287,2,0.0001226021441677386,1.051081629953298e-07,-1.192388019462489e-07,0.0009803648551056775
288,0,0.0003984338808565758,3.54224783830491e-07,-7.1040345493925e-07,0.001558217045161591
288,1,-6.417804076134569e-06,3.833979033295075e-10,-3.68856385989554e-05,1.89735903620484e-05
288,2,0.0002316838102269066,3.758225050058664e-07,-3.296136839207229e-07,0.001853644780899127
289,0,6.003962069291492e-05,2.501940578683869e-08,-4.021045372715697e-07,0.000478527249960548
289,1,0.000102610326636767,1.313818036687637e-07,-0.0001648496200311196,0.001050472654918744
289,2,1.747198600336857e-05,2.125139042587913e-09,0,0.0001394389192072523
290,0,0.0001354306323121478,5.692184399801941e-08,-2.928903107205603e-06,0.0006206260879525327
290,1,0,0,0,0
290,2,0.0005475556179893508,1.487200476337312e-06,-2.216460235061599e-07,0.003724193693606168
291,0,0.0007268238174726446,6.423333196276442e-07,0,0.002213357827134462
291,1,-8.292813599288524e-37,4.813953017478128e-72,-6.634250879430819e-36,0
291,2,0.0003175292414251888,5.624312454765613e-07,-5.881942165338348e-08,0.002289830780684871
292,0,0.0002549526469969546,1.802342360260508e-07,-2.930075685313106e-07,0.001283954459277533
292,1,0.0002366273568447137,2.583941234231249e-07,0,0.00156042340508071
292,2,9.791354169644621e-05,2.875615360122612e-08,0,0.000392265740962845
293,0,0.0004157708496169808,4.494929694281816e-07,0,0.001997558980191145
293,1,0.0002124401000064816,1.54249542401004e-07,0,0.001213918484539037
293,2,0.0003012472042936368,6.352491466631249e-07,0,0.002409977634349094
294,0,-3.65829776827465e-07,8.715703927238134e-13,-2.834561049321429e-06,0
294,1,0.0002358744706653067,1.433193317874371e-07,0,0.001139595330502985
294,2,0.0005064262861755518,1.304968399816234e-06,-1.123783678174717e-06,0.003489120217296583
295,0,0.000766244135634578,2.111310269950852e-06,0,0.004496515307428285
295,1,0.0003034713766780133,3.889995954962813e-07,0,0.001885346499198543
295,2,0.0001331208245934714,5.556804276945236e-08,0,0.0006305563517191348
296,0,4.298982259770528e-05,5.698314316544627e-09,0,0.0002013958579973219
296,1,-2.422651678754384e-05,1.223692522965708e-09,-8.476661128755602e-05,3.174182264433466e-07
296,2,0.0002072960306548824,2.213877183795846e-07,0,0.0014373708880256
297,0,0.0001721853308212426,2.086192881255906e-07,-5.168818509659555e-06,0.001380617889965344
297,1,5.359822157610624e-05,2.086931807747523e-08,-2.60295047999593e-05,0.00043454120467097
297,2,-1.459563811199577e-08,1.491228563274404e-15,-1.167651048959661e-07,0
298,0,0.0002093259618665155,1.73927490768997e-07,-2.588942457324852e-06,0.001249090084020397
298,1,0.0001652501621715153,1.24737743758596e-07,-0.0001341943196882428,0.001003129074339193
298,2,0.0002440077994342031,4.162639316612154e-07,0,0.001951007121761706
299,0,0.0006770183077761618,5.031081649487127e-07,0,0.001944718046495511
299,1,0.001424068174427267,1.508996748868419e-06,0,0.00391153483100928
299,2,0.0004824228928585723,5.727759387282005e-07,0,0.002215879081190009
300,0,0.0006346149370221495,5.627279087148547e-07,0,0.001863720547742554
300,1,-5.809773030990463e-06,2.362742387013688e-10,-4.647818424792371e-05,0
300,2,0.0004767481362694592,7.387644759052342e-07,-3.43550375097977e-07,0.00238354362487442
301,0,0.0003500666912498997,8.579078353342958e-07,-1.157118492624691e-07,0.00280064924184846
301,1,4.583337027513657e-05,1.439679068758129e-08,0,0.0003632745514013309
301,2,0.000728216400862623,9.692335037986719e-07,-2.447725437575014e-07,0.00259715689136536
302,0,1.493666715350306e-05,1.533375488535885e-09,-3.871309041253674e-06,0.0001183719655098492
302,1,1.608450381230962e-07,2.112207236699765e-10,-3.302565907874304e-05,2.317998438050554e-05
302,2,0.0006784003291377945,1.449726611695021e-06,0,0.003712820338627645
303,0,0.001841588874160977,2.051199660076936e-06,0,0.003088840558425226
303,1,0.001472210137290478,1.927236624527206e-06,0,0.003925232332422004
303,2,-5.714694126402908e-08,1.012658872825652e-14,-3.096583008213496e-07,0
304,0,0.0005173204225788534,1.25549215462304e-06,-2.468554025985789e-06,0.003443592589718768
304,1,0.0007254859927720362,2.424846872464637e-07,-7.760444529523802e-05,0.001277244805926659
304,2,2.973470067385116e-05,6.189066969144672e-09,0,0.0002378776053908093
305,0,2.320926385095158e-05,4.343865091630015e-09,-9.14436051460266e-06,0.0001973963784856404
305,1,0.0009298059641526025,1.275849011198489e-06,0,0.003292639195458445
305,2,0.0001392785947191183,7.324268604930358e-08,-6.506703070350184e-08,0.0008039933570487129
306,0,0.0004148341968520401,1.158049227594874e-06,-3.270050944420942e-06,0.003261476906790183
306,1,0.001041833378822094,6.788838742989314e-07,0,0.002319198453001757
306,2,0.0003203830693178662,3.478361158154623e-07,0,0.001681032878016206
307,0,0.0001293524239794781,7.231634758510577e-08,-3.166214683050664e-07,0.0008161215943026424
307,1,1.618511859343457e-06,1.418170490091463e-11,0,1.150314794717014e-05
307,2,0,0,0,0
308,0,0.0002681214165620845,2.831062863465861e-07,0,0.001599983841271094
308,1,0.0002825096321109031,2.418653840746822e-07,0,0.001286877849561796
308,2,9.720532379993232e-05,6.619147675345647e-08,-2.146443089243948e-07,0.0007778963724199447
309,0,0.0007133802838554235,8.836441298938212e-07,0,0.002678251450849276
309,1,0.0002205930862314439,7.52079150151236e-08,-2.717546039909506e-05,0.0007941392444805106
309,2,1.109542547789295e-08,6.339656917522574e-14,-4.577228440770871e-07,5.464862479002307e-07
310,0,6.6582352791641e-05,3.10324679228938e-08,0,0.000532658822333128
310,1,0.0003570616336772495,3.056040718154544e-07,-4.496485813309389e-06,0.001651592366673789
310,2,0,0,0,0
311,0,0.0006415291289621586,7.908060019614924e-07,-5.532293978347511e-07,0.002087575529276611
311,1,0.0004084047772930179,5.554064436160449e-07,0,0.002114694799175435
311,2,1.073492467383097e-05,7.964077147283718e-10,0,8.539870911572332e-05
312,0,1.003356113305392e-05,6.672797523192e-10,0,7.83579390311523e-05
312,1,-2.976786721291062e-06,1.05878726669128e-10,-2.971668917203548e-05,5.902395401706984e-06
312,2,0.0001176705824234886,9.696711588722265e-08,-1.807841027142882e-07,0.0009415454434906229
313,0,0.0003796101292278124,1.709014961944445e-07,0,0.00110258916175039
313,1,0.0002138074887951239,1.067389565736029e-07,-2.352716020063431e-36,0.0008118549244786088
313,2,0.0003642086215382946,2.612444800534522e-07,0,0.001277913245791167
314,0,0.0003468409068053229,2.769597589476688e-07,0,0.001407935392820299
314,1,3.631836667397004e-05,7.530838691780233e-09,0,0.0002656582621480232
314,2,0.0002866535493345028,4.89454570030009e-07,-5.648700698673337e-07,0.002132438161164557
315,0,3.761039661686448e-05,1.03025725543849e-08,-5.800045422004198e-06,0.0003061093694662995
315,1,0.0002019596663090012,1.192278733960542e-07,-8.039922272324533e-07,0.000827697562438234
315,2,0.0004107153973425625,1.181118616891923e-06,-5.090714762777194e-07,0.003286098866300954
316,0,0.0002060854815048742,1.366082548946652e-07,-6.02054540572262e-07,0.00101492400895268
316,1,0.0009780781884010136,2.183118702154308e-06,6.489184024840284e-06,0.004544121939905747
316,2,0.000406579705172734,5.318793649946168e-07,-4.980195500317944e-07,0.002004963173022063
317,0,9.54231577775378e-05,6.470801351902528e-08,-6.131785930147538e-06,0.0007684143184715977
317,1,1.537954201103729e-05,1.953316192700702e-09,-4.782136970881317e-05,0.0001032573529112679
317,2,0.0001884426809453939,2.489422479867466e-07,-8.619207166206614e-07,0.001508516567664543
318,0,1.140611213808658e-05,1.457121616964202e-09,-8.731419035519454e-06,0.0001120094554176107
318,1,1.610174034871662e-05,2.306183658397849e-09,-1.882716365806979e-05,0.0001419547314795541
318,2,-8.588261640971739e-10,5.163076660965061e-18,-6.870609312777391e-09,0
319,0,3.050730509055855e-05,6.645372289251024e-09,-4.470832119731042e-06,0.0002461264266590698
319,1,5.544966588346273e-05,2.524179539265656e-08,-4.351940593476039e-05,0.0004737717373504752
319,2,0.000335892218638916,7.899872921432109e-07,-3.144626504784794e-07,0.002687468467211704
320,0,3.122846959844375e-05,5.372496544248164e-09,-3.2028313289261e-06,0.0002233636638738066
320,1,3.441492646877357e-05,1.426428083876405e-08,-5.00886166850533e-05,0.0003457388693468283
320,2,0.0002188296809106503,3.352262987780816e-07,-4.103908388472293e-07,0.001750686001683524
321,0,2.196808015238891e-05,1.726508852343855e-09,-6.408337849370428e-06,0.0001152987592993416
321,1,5.857393846785539e-06,8.117252697680176e-10,-3.031920147154904e-05,7.240704087494525e-05
321,2,0.0001643731536468817,1.891445982827005e-07,-2.685650204518474e-07,0.001315030386585087
322,0,0.0002355493442650255,6.364107718348071e-08,0,0.0005945295835442384
322,1,7.169484285769982e-05,4.984107303670883e-08,-8.535194850045296e-05,0.0006576954891159509
322,2,0.0006453100560784099,2.916154828676834e-06,-1.284309373381163e-06,0.00516339390052718
323,0,0.001475010980809766,1.317382602306596e-06,0,0.002498841575792776
323,1,0.0005692770613848785,1.233832068025142e-06,-1.775144654925307e-05,0.003291346189007792
323,2,0.000384873541287893,8.124872148818805e-07,-1.643235615674186e-07,0.002752880399099327
324,0,0.0005480534830452142,1.354236981983357e-06,-4.369785335142618e-09,0.003594525812294849
324,1,-1.441911360516046e-05,6.271367361306343e-10,-6.136656263318201e-05,0
324,2,0.0001372976169701509,1.014055069434617e-07,-3.421155451052835e-07,0.0009726886563351034
325,0,0.0001751052506268605,4.172037967718679e-08,0,0.0005825688931174103
325,1,-2.461667533271925e-06,1.961016516114875e-11,-1.223894438831304e-05,4.210082858430556e-36
325,2,0.000255868135959016,1.973463731605167e-07,-1.347615371453741e-07,0.001083240979160699
326,0,0.0004727204050126916,9.97189521178729e-07,-2.774310591930905e-06,0.003032982778671328
326,1,-6.729947024357533e-06,3.170453086546117e-10,-5.383957619486027e-05,0
326,2,0.000757292172526136,1.7266473305388e-06,-4.809994929741368e-07,0.003181956942489458
327,0,0.0004093249218002025,2.04697306835587e-07,-2.752594263793627e-07,0.001213461633578959
327,1,0.0002731121900713875,1.427896293871121e-07,-3.379118480396285e-05,0.001036941749363726
327,2,7.644562386831285e-05,3.271249093848675e-08,-2.96261829809925e-06,0.000551864940463884
328,0,-2.237047796384786e-07,3.503067990317018e-13,-1.789638237107828e-06,0
328,1,0.0001226743374181191,1.438357561744969e-07,-6.766188091466095e-05,0.001123715934876692
328,2,-9.599477576306163e-08,2.196630867935399e-14,-4.220249329467409e-07,0
329,0,0.0001361577567506409,1.297651917166924e-07,0,0.001089235057639842
329,1,0.0001039047876218882,9.556596050055737e-08,-8.742901770872622e-05,0.0009182872388901684
329,2,0.0002080480696346771,1.768989766378973e-07,-2.750045779050546e-07,0.001265770101500225
330,0,0.0002282052401938941,8.84661770825513e-08,0,0.0006578640261602941
330,1,0.0003920016464337842,1.2725803920455e-07,0,0.0009658722220670863
330,2,0.0002315922585322406,3.754448194844494e-07,0,0.001852738068257925
331,0,0.0003367931601901837,1.516556623726521e-07,0,0.001147709490404462
331,1,5.97276635518197e-05,1.678682178610824e-08,-1.868440935547257e-36,0.000397773384564613
331,2,0,0,0,0
332,0,0.0002220770854529787,2.298871391682682e-07,-2.551849715036448e-06,0.001465974703057622
332,1,0.000358030330786502,5.380586363250089e-07,-7.211845558053109e-05,0.002169218804388992
332,2,4.720126344250563e-05,1.555003755377997e-08,0,0.0003771256287699255
333,0,0.001066339060024215,1.749793723039144e-06,0,0.003668005387685433
333,1,7.468492510754793e-05,3.244836526851069e-08,-0.0001174125137731975,0.0004890038215048528
333,2,0.0006879012633332559,1.7503502413249e-06,0,0.003901780339171546
334,0,0.001625223359674352,3.370164970308437e-06,0,0.004249967529853247
334,1,0.0006957292674909508,5.143496416075651e-07,0,0.001800421553176911
334,2,0.0006574383763839542,1.954410308591469e-06,-1.6382875995339e-07,0.004314609129034231
335,0,0.0003202000336596254,7.175652434283297e-07,0,0.002561395400538628
335,1,0.0003294364778257472,6.864625023632018e-07,0,0.002519764968231056
335,2,0.0001157580171307638,9.379942971032348e-08,0,0.0009260641370461107
336,0,0.0005181410487457184,4.945936895839056e-07,0,0.00211793673684276
336,1,1.548358050872765e-06,1.017535835257012e-11,0,9.647774625117845e-06
336,2,0.0001591846239673994,1.773790302446292e-07,-2.571509293089824e-09,0.001273479563248488
337,0,0.0005361202735791758,3.193629313033197e-07,0,0.001582288468477762
337,1,0.0002046853885037742,1.243485041307498e-07,0,0.0008953095509552977
337,2,1.121540878886167e-09,8.804977601089292e-18,0,8.972327031089338e-09
338,0,0.0004964362463162591,1.054308670280437e-06,-1.420186011969499e-06,0.003108024359832776
338,1,0.001476205298695143,1.942123214312926e-06,0,0.003521874866752098
338,2,-5.316326441537212e-08,1.978432878309141e-14,-4.25306115322977e-07,0
339,0,6.797008460486946e-08,3.233952680835179e-14,0,5.437606768389557e-07
339,1,0.0003874912574936867,1.039121789657818e-06,0,0.003084491452102529
339,2,-5.520757242096909e-08,1.704936005678101e-14,-3.986586552382093e-07,0
340,0,5.545712296085479e-07,2.208739956530068e-12,-4.983519337775383e-08,4.486405030246137e-06
340,1,8.226870426403903e-06,2.163750862851018e-10,-3.219707605101735e-07,4.486265494888114e-05
340,2,4.296965237072362e-08,2.042256190955693e-14,-6.844578816395853e-08,4.164715798763032e-07
341,0,-6.923332717935001e-07,3.355277514626047e-12,-5.538666174348e-06,0
341,1,0.000464418278168786,1.393534654050004e-06,-3.482973603842424e-05,0.003583980743271448
341,2,0.0001306012182727073,1.194347080670869e-07,-1.45309854850934e-07,0.001044955056036509
342,0,0,0,0,0
342,1,0.0003303158726437116,3.699403104044212e-07,0,0.001734129489384587
342,2,0.0003859948976572535,1.043275237705244e-06,-3.035228104863009e-07,0.003088387650637358
343,0,3.710935110170651e-07,4.274512225834617e-12,-2.297209999183152e-06,5.475112915328967e-06
343,1,1.838827225192898e-05,9.243550361876111e-09,-0.0001218230525781921,0.0002479164667551372
343,2,0.0001498237414152125,1.569691731163119e-07,0,0.00119805275046479
344,0,-3.52753001536088e-06,4.208244711897381e-11,-1.536765912236345e-05,9.501500782115432e-07
344,1,1.062922134127569e-06,4.328351941688115e-10,-3.23016992113271e-05,4.844922721829493e-05
344,2,-8.379052467722644e-09,4.914596417979424e-16,-6.703241974178115e-08,0
345,0,-8.994184427718298e-07,2.766683436923071e-12,-4.773051575786252e-06,0
345,1,-1.65805517503815e-06,1.924402874429554e-11,-1.32644414003052e-05,0
345,2,0.0001167870369577074,9.548315802188992e-08,-3.713454783061772e-08,0.0009343334302094902
346,0,-1.567566066710269e-06,1.044621896787683e-11,-9.777074126170388e-06,0
346,1,-1.597102457696564e-05,2.408176734691725e-09,-0.0001453476816548848,1.236291871642369e-05
346,2,0.0001826891727714958,2.172153255306857e-07,0,0.001415123323110096
347,0,1.975963015940355e-05,3.329438504203959e-09,-1.096039904659891e-05,0.0001717190095286988
347,1,9.493328685465901e-07,6.308630267120281e-12,0,7.594662948372721e-06
347,2,-2.99854191429606e-09,6.2938775282532e-17,-2.398833531436848e-08,0
348,0,-7.696196104227236e-07,4.146200413230573e-12,-6.156956883381789e-06,0
348,1,2.983086315208719e-07,6.229162774789879e-13,0,2.386469052166976e-06
348,2,0,0,0,0
349,0,-1.1381379028509e-06,1.093593362898519e-11,-9.862866092210797e-06,7.577628694035992e-07
349,1,2.752718514193906e-06,2.084156983994585e-11,0,1.304230795219615e-05
349,2,0.0001787859768348006,2.237887531282374e-07,-1.056339816314984e-07,0.001430393448660036
350,0,0.0005571383676053947,3.634549565955857e-07,-2.098142788319178e-06,0.001444070871408822
350,1,0.0003073226981162227,2.982708348729382e-07,0,0.001720096559386169
350,2,-6.713361839459443e-08,1.892980075374699e-14,-4.142227374867051e-07,3.259643691360688e-09
351,0,0.0003255775908345976,7.965718681143321e-08,0,0.0009504609901163092
351,1,0.0004378083855034055,3.560792380450616e-07,0,0.001779074248452517
351,2,6.693114195366426e-05,3.126035982673254e-08,-6.246374404464756e-09,0.0005347154747519001
352,0,2.088620323092169e-05,3.707960665300904e-09,-1.833850859416291e-05,0.0001810920108122817
352,1,0.0001149613297384191,6.689646089750509e-08,-0.0001216880487993322,0.0006446320257074014
352,2,1.31265366127693e-08,1.206141744124611e-15,0,1.050122929021544e-07
353,0,6.065575110296695e-05,6.160050796779579e-09,-9.988386746784717e-07,0.0001720961465567919
353,1,0.0001088144996551317,7.270035319584089e-08,-0.0001130089238137427,0.0007932035033030548
353,2,-8.202474992503982e-08,1.588441543537423e-14,-3.619887838276026e-07,0
354,0,0.0003107924834720679,9.964984422673562e-08,0,0.0009928783276032919
354,1,0.0005333610396034983,2.901972357715678e-07,2.17796193008281e-05,0.001903201844594855
354,2,0.0002498072997337017,4.254880561252122e-07,-6.319905981677414e-09,0.001975501617562565
355,0,-6.688664643107253e-07,4.193030621213327e-12,-6.052377807516248e-06,7.014460930304462e-07
355,1,-8.773473356652248e-07,1.359242311952038e-11,-1.022748671537701e-05,3.20870803005521e-06
355,2,0.0003501250987403304,5.964385671476643e-07,0,0.002356901592877522
356,0,-1.808082107987089e-06,2.288412636456125e-11,-1.446465686389671e-05,0
356,1,-5.611704714379253e-06,1.23258477485457e-10,-3.262036222482108e-05,8.845082079015407e-07
356,2,0.0004362995424509987,1.165480557802159e-06,-7.5357708844892e-07,0.003287114671067686
357,0,0.0002479708308949352,2.159563458160833e-07,0,0.00134677906540773
357,1,-1.453585908338407e-05,1.641764908527179e-09,-0.0001216380443140942,5.351171647021607e-06
357,2,0.0003849155222255757,1.037486018637359e-06,-4.75750236514134e-07,0.00307979992804112
358,0,0.0003447810070062643,3.368228944912043e-07,0,0.001352645260780322
358,1,1.637476131610429e-05,6.314815249812537e-09,-7.414523434200612e-05,0.0002163691314953136
358,2,0.0001411269932990251,1.397773030845215e-07,-1.031990493862453e-06,0.001130288437176238
359,0,3.885756936064277e-06,1.975887474366118e-10,-9.140994100893735e-06,4.022368768235049e-05
359,1,3.733384919475331e-05,2.171846673925958e-08,-0.0001455675345151963,0.0003917796294045055
359,2,0.0005782647827426301,1.10408578724428e-06,-1.133731473713187e-06,0.003228019007764755
360,0,0.0005660282444166201,3.463389428033069e-07,0,0.001492516694218598
360,1,0.001025723875363686,5.012149462283747e-07,0,0.002395771650234252
360,2,3.671004579686012e-05,9.445891496081296e-09,-1.701444614508164e-07,0.0002938505108363317
361,0,0.0005020555263368113,5.898638103271805e-07,0,0.002289094956697281
361,1,3.335356401359916e-06,2.475909247154525e-11,0,1.228902292295238e-05
361,2,-2.273374385566108e-08,3.617761767863654e-15,-1.818699508452886e-07,0
362,0,0.0003430674970740451,5.70987214087674e-07,-5.780336746083056e-06,0.002306637945570434
362,1,0.00126655077067651,1.034238903908743e-06,1.837970050893732e-06,0.00231619520577452
362,2,0.0002951534548376052,2.189920334717176e-07,-2.069791075444859e-07,0.001296213831080632
363,0,0,0,0,0
363,1,4.775066714481075e-05,1.949435817329227e-08,-3.734494633883717e-05,0.000415677447484351
363,2,6.238673972548001e-08,5.509614796300995e-14,-1.131879804903427e-07,6.746853464968758e-07
364,0,6.422023978276898e-12,2.88696743842944e-22,0,5.137619182621518e-11
364,1,3.342289954956629e-05,7.014160763207013e-09,0,0.0002548742803008995
364,2,0.0003192586432818392,3.609369846475155e-07,-6.146657657321199e-08,0.001747380788719361
365,0,1.915170897536232e-08,2.566981690931264e-15,0,1.531997290678611e-07
365,1,0.0001417967671861058,1.417310706155381e-07,-1.151938483609822e-05,0.001137761098763606
365,2,0.0001875977409886519,2.463204356158492e-07,0,0.001500702095002823
366,0,1.301988425401191e-06,1.186621701915071e-11,0,1.041590740320953e-05
366,1,5.755154004193257e-07,2.318525832838718e-12,0,4.604123203354605e-06
366,2,0.0001115668509472379,8.718978881679226e-08,-2.672628426220129e-07,0.0008928020704205253
367,0,3.027733941197318e-05,6.523168871717372e-09,-4.187344597181893e-06,0.0002439176737210209
367,1,-6.553749403151285e-06,3.226580694541065e-10,-4.186624675201365e-05,8.169520620648366e-06
367,2,-4.495524258481619e-08,1.41468168510177e-14,-3.596419406785295e-07,0
368,0,-1.274531286178474e-06,6.151680921894154e-12,-7.484417744214134e-06,7.356659964795015e-08
368,1,0.0002064150185996842,3.579604137009424e-07,-0.0001337958839243509,0.001785116032721824
368,2,4.416416509876272e-05,1.36580793027863e-08,-5.39376592139215e-08,0.0003533672584493157
369,0,0.0002800244849479639,1.265299879082293e-07,-2.682217155522914e-06,0.001095903752069352
369,1,2.457139039163317e-06,3.417949684425641e-11,0,1.784526372794839e-05
369,2,0.0008754238999072688,1.182627743778369e-06,0,0.002660479212976297
370,0,0.0008815184512052737,1.132737458644432e-06,-1.68256885106311e-07,0.003379016662114603
370,1,0.002697128126746633,1.244654503079528e-06,-3.811958624837606e-05,0.003993769400348496
370,2,0.0007454623338118747,2.420789835828603e-06,-2.515333525172669e-08,0.004718100108101923
371,0,0.000313437570645292,1.470748095231595e-07,0,0.0009560781271870486
371,1,0.000514868235540403,8.801715654845902e-08,-6.96962594580842e-05,0.0008341245004833187
371,2,9.922324172046325e-05,6.327711664478192e-08,-9.995499234060544e-08,0.0007642670999677662
372,0,0.000246604961935092,3.1343901327038e-08,-1.736248263956361e-07,0.0005069093481452588
372,1,-2.70742354258106e-05,5.61637444007546e-09,-0.0002253308926212236,3.065678630833312e-06
372,2,0.0001971143560451372,2.720619337307484e-07,-1.8243882503377e-07,0.001577126481330899
373,0,2.002160378145473e-05,2.943218014769304e-09,-1.704737768146053e-06,0.0001635457239892937
373,1,8.642055952843957e-05,5.288582870143132e-08,-1.299153980860051e-05,0.0006946878285611788
373,2,9.95456193113303e-05,5.399355838912018e-08,-7.689313119702527e-08,0.0007097324034969542
374,0,0.0001771449211584384,2.193693316313857e-07,-2.383198439617353e-07,0.00141633178727924
374,1,0.001349358053725467,1.136025942704579e-07,0.0006816356385379632,0.001917680238778392
374,2,0.0004346554306326974,8.72194887408149e-07,0,0.002843944889103881
375,0,-5.940602284129355e-08,2.264662622498661e-14,-4.572546864609006e-07,0
375,1,0.0002803329046292532,2.283887511809824e-07,6.87075198365307e-06,0.00149306584415274
375,2,1.569255851851355e-08,5.346660466133043e-16,0,6.613831240561748e-08
376,0,0.0005480255659460785,2.07221688169775e-07,-2.587364995031997e-06,0.00112942191585295
376,1,0.0001413847371613918,1.093835942720746e-07,-7.572997282573912e-37,0.001012415243090842
376,2,0.0004929099873074976,5.512442932577785e-07,-2.020132159830115e-08,0.002033716690652848
377,0,0.0001075674932888768,6.522105114136817e-08,-1.341423226833836e-06,0.0007794467729769166
377,1,7.368612579054522e-05,4.727699323273525e-08,-7.855777045544453e-05,0.0006442368369089565
377,2,0.0002442756181485259,4.176862407551437e-07,0,0.001954188974168269
378,0,-7.164193288643014e-07,1.540021881819749e-12,-2.897421134296225e-06,0
378,1,0,0,0,0
378,2,4.098527384394011e-05,1.176947521111167e-08,-5.101167810531982e-08,0.000328015452364474
379,0,-4.003038949626622e-07,3.495447042722701e-12,-5.073821113672482e-06,1.871326083485114e-06
379,1,0,0,0,0
379,2,0.000535255523703029,1.205687053260019e-06,-6.572712318891745e-08,0.003317756185840485
380,0,0.001408991139748758,6.73767733089694e-07,-7.064927690294131e-07,0.001972275665857534
380,1,0.0009929023646845791,3.613263806638164e-07,0.0001766564041817293,0.001978972817473972
380,2,0.0003451195116845545,8.339530271021048e-07,-2.05915190308459e-07,0.002761246817288587
381,0,0.0005052990119077103,7.695976212672159e-07,-4.938141309488309e-06,0.002095681683160228
381,1,0.0001262488023994031,4.035161769342742e-08,0,0.0005676737316855445
381,2,0.0001021066653383702,7.299462749816889e-08,-6.967487783993779e-08,0.0008169229975848017
382,0,1.495886903424157e-05,1.75811343540665e-09,-7.03138927365694e-06,0.0001255754697965783
382,1,6.728601087952947e-05,2.175392492420126e-08,-6.889241789395728e-05,0.0003432596330526782
382,2,-4.007862835379347e-08,4.841794928344698e-15,-1.698864674853109e-07,0
383,0,-1.716831166133245e-06,5.883952129578694e-12,-5.503496703780595e-06,6.922682012087362e-07
383,1,1.706586977812942e-05,1.539021536666783e-09,0,0.0001201352250937221
383,2,-1.354281734707987e-08,4.421855928895932e-15,-1.726574384363594e-07,7.558234693531873e-08
384,0,-1.603700543925149e-07,1.2961588645508e-11,-9.031543570038353e-06,3.278982777816156e-06
384,1,0.0001867259497959572,8.597897124899623e-08,0,0.0008846966467877916
384,2,0.0001555850695080856,7.845642926653496e-08,-2.986165115805043e-07,0.0007745835204394642
385,0,0.0004967879677089989,6.011410477801751e-07,0,0.002532051808387968
385,1,0.0004185393453321917,1.585203468757501e-07,7.286216133159374e-06,0.001031045036800084
385,2,0.0001376378727888946,1.326360546532606e-07,-5.357747352977291e-08,0.001101200211235411
386,0,-2.85486277523577e-06,2.672627918841464e-11,-1.443643952792385e-05,0
386,1,4.891908114563052e-05,1.585182288063276e-08,0,0.0003819517648947566
386,2,0.0006551465101377763,1.375142767908019e-06,-9.311584421952075e-08,0.003211948897966087
387,0,2.551169032645212e-05,5.668787900446867e-09,-1.788154408118318e-05,0.0002240922741413828
387,1,5.020646221374738e-05,1.341142934210732e-08,0,0.0003558841891615854
387,2,0.0001515564579415137,7.244084054241978e-08,-2.43489171755822e-07,0.0007241391509361469
388,0,1.861932050140496e-05,1.059149464972076e-09,-3.936643991155512e-06,7.678217792116146e-05
388,1,0.0004769587843429012,2.020555777210689e-07,0,0.001260377953365436
388,2,5.15794294007288e-07,2.10209781070883e-12,-1.978974906182064e-07,4.348066727426403e-06
389,0,0.0007094098224109762,3.583237119224355e-07,0,0.00163261855833401
389,1,0.0001751596000494098,9.350828313399425e-08,-4.88264487702868e-05,0.0007522440026885978
389,2,7.32797349773083e-05,3.762860623631373e-08,-1.26162057743878e-07,0.0005865050358392773
390,0,5.086156823272495e-05,1.810829386164494e-08,0,0.0004068925458617996
390,1,0.0002359445748961048,1.022005190395999e-07,2.547234944446568e-36,0.001016632415091212
390,2,9.939688658788955e-09,6.915818744356044e-16,0,7.951750927031164e-08
391,0,1.32644870513643e-05,5.129262932613957e-10,-7.98557799670509e-08,5.34659353186253e-05
391,1,0.0004331743018526937,2.851349032552077e-07,0,0.001664422551472783
391,2,0.0002323795723905127,3.780838479468316e-07,-1.668340457846504e-07,0.001859212971672842
392,0,8.133883519190493e-05,4.651724052820025e-08,-1.281464643757617e-06,0.0006519695777998213
392,1,8.975094362058682e-07,5.63866231655003e-12,0,7.180075489646946e-06
392,2,0.0002100162125228514,1.431364480908846e-07,-1.263107220445096e-08,0.001048307544639968
393,0,-5.410714390806799e-07,3.782314662366987e-12,-5.295416537300076e-06,1.913763863558864e-06
393,1,-1.094097856411523e-06,2.388135799014178e-10,-3.505031713092255e-05,2.629753427963037e-05
393,2,0.000142663936443191,1.036566717814537e-07,0,0.0009834591848650309
394,0,-1.50364364186037e-06,3.945412395347566e-11,-1.782377866318121e-05,2.964969732265357e-06
394,1,-7.102377333354838e-06,3.53106346497468e-10,-5.68190186668387e-05,0
394,2,-5.181824038525148e-08,1.574329561796708e-14,-3.820894670398153e-07,5.082962050630027e-09
395,0,1.679632033541549e-07,1.974814637669243e-13,0,1.343705626833239e-06
395,1,-1.64499425845306e-05,1.347645504999683e-09,-0.0001105740225580904,5.272016161476045e-06
395,2,9.542914393879443e-05,4.064986181356347e-08,0,0.0006126251920941099
396,0,-2.79529848376906e-08,5.329902808012764e-12,-2.700896911976061e-06,5.349830622559588e-06
396,1,0,0,0,0
396,2,5.966558088329413e-05,2.491183991141851e-08,-2.704807016401184e-08,0.0004772573338173489
397,0,0.0001124202755261576,9.439284278530836e-08,-1.704477014494163e-05,0.0009251498881198959
397,1,0.0001925668246600676,7.680367304099517e-08,0,0.0007886014448885608
397,2,0.000718565470682955,1.154387484267319e-06,0,0.002704734938161914
398,0,0.00106627868357293,5.11953595773094e-07,0,0.002196161599881078
398,1,0.001016219768450194,2.906062079643105e-07,9.138632905865137e-06,0.001665358922331204
398,2,0.0009432235638433741,3.396392214603232e-06,-2.004358923693989e-07,0.005667553877683604
399,0,0.002252228394841806,2.03241704023804e-06,0,0.004339954154597863
399,1,0.002385958799024509,7.611155664088887e-07,0.0006319587512612805,0.003358955841874304
399,2,6.65188606063773e-05,3.094896490149131e-08,-3.023121490143949e-08,0.000531967802903958
400,0,3.588002367199454e-07,5.300305773840842e-13,0,2.244477138278969e-06
400,1,0.0001198360235304802,5.204653526482335e-08,-4.960366964955431e-05,0.0006251270313688003
400,2,6.786511253784017e-05,3.226090265854379e-08,-9.700198973050315e-08,0.0005430769693306568
401,0,0.0001023838186396444,7.589407482062285e-08,-1.283489157329975e-05,0.0008311720019013584
401,1,0.0001373276793073061,1.145163012385902e-07,-1.33233403338884e-05,0.001030709871350824
401,2,0.0004560221465787092,7.482159704397218e-07,-2.162853911322359e-07,0.00262327037964851
402,0,0.0001369028451373853,1.36876445084492e-07,-1.690360862991071e-05,0.001115639892626764
402,1,0.0004471538805530737,3.414011922706424e-07,-7.362663701126517e-07,0.001744242423905525
402,2,-2.119128731870609e-08,3.143494607567675e-15,-1.695302985496487e-07,0
403,0,0.0002960238226221894,1.454420675615329e-07,0,0.0007952563099157236
403,1,0.0001892485367200111,1.495627290787352e-07,-8.743708452027699e-05,0.001158747050744676
403,2,0,0,0,0
404,0,0.0002354012972745399,1.368613449212542e-07,0,0.0008770918866037555
404,1,8.145052609334585e-05,2.406162038213438e-08,-1.024609095135907e-05,0.0004527681572838154
404,2,0.0002608561276929604,3.623308455236216e-07,0,0.001838899587760107
405,0,6.476401254650271e-05,2.969270378258164e-08,-2.551073717073669e-06,0.0005206631740890953
405,1,0.0001669603770335606,2.006155117359492e-08,0,0.0003742851302892002
405,2,5.822189563214309e-07,2.386263560845528e-12,-1.148895102200463e-08,4.669240601593451e-06
406,0,8.34649266961173e-05,5.153542296298089e-08,-1.620452159550208e-05,0.0006839239351644405
406,1,0.000753289268651443,2.432895366703009e-07,1.32971249051136e-05,0.001362133371135477
406,2,0.00054737293830431,7.698677630930027e-07,0,0.002764910193199523
407,0,0.0002149496624323723,1.432902105604931e-07,0,0.001002725694570274
407,1,0.0007444507548032197,3.618305088517117e-07,0,0.001568924098099331
407,2,0.0008258516127848485,1.353736289302086e-06,-6.200238552860708e-08,0.003516709365733415
408,0,0,0,0,0
408,1,7.157310302366742e-07,3.005023159308396e-12,0,5.286318794851418e-06
408,2,0.0008703432420861718,1.572794281056744e-06,-2.388513162384571e-08,0.003472084414134846
409,0,-4.13704921171612e-06,6.497227589203222e-11,-2.312277164089746e-05,1.13315021069724e-06
409,1,0.0007221182073956721,6.58321351253439e-07,0,0.002456871119108139
409,2,0.001278719335367128,2.321441550191426e-06,-5.833023807381085e-08,0.004632830294706588
410,0,0.0009228149061311924,6.165994255442022e-07,-2.477736533759094e-06,0.002148961596027025
410,1,0.0006955832585239241,5.79845881224304e-07,0,0.0021538636006059
410,2,0.0007109285039148263,1.277450184861855e-06,0,0.003502272462261106
411,0,0.000324545312237346,1.067079995483745e-07,-1.838404594096503e-05,0.0009980867061614115
411,1,0.0005153235506153154,6.225964794872468e-07,0,0.002457892738198572
411,2,0.0006019109447070884,5.893511283773995e-07,-8.725460076992971e-08,0.001624935362421712
412,0,0.0008411790891847149,5.543358736992415e-07,0,0.00211723587321716
412,1,0.0001420664384341342,5.835167060531136e-08,0,0.0006427291219531549
412,2,0.0002491719351537712,1.201125175057925e-07,-3.186321762371373e-07,0.0009582661803101034
413,0,-8.78957751394216e-06,1.86922687569652e-10,-3.991950741143652e-05,2.099124430662966e-07
413,1,0.0003754397609796399,6.048322668085339e-07,0,0.002357855142044984
413,2,0.0003020309968010987,6.385198857733251e-07,-4.864330413097015e-08,0.002416183117541905
414,0,0.0003064288306275095,3.334945250482365e-07,-1.118477749399633e-05,0.00178606196929738
414,1,1.961161269527575e-05,2.513678586125428e-09,-8.543377085053163e-36,0.0001522350128926188
414,2,0.0007734248285975704,1.446553429051992e-06,0,0.003362330103995419
415,0,0.0002151729317869639,7.32928974470873e-08,-3.083262442840529e-06,0.0008285881100362161
415,1,4.2043483496889e-05,2.220023267616259e-08,-9.439493345814144e-05,0.0004275776841884829
415,2,0.0001994281381582205,2.78435158888221e-07,-6.500210708958238e-08,0.001595510553057968
416,0,-2.42465562539824e-07,3.298883315341336e-13,-1.753494011845545e-06,0
416,1,-1.421867358740204e-05,1.462092118902134e-09,-0.0001146992114852915,6.04873032683858e-06
416,2,0.0001084725896525021,8.235322466890588e-08,0,0.0008677304985303939
417,0,1.468342195670198e-05,2.113975540981499e-09,-2.087669284600468e-05,0.0001348654525731864
417,1,8.772803373737979e-06,5.558236608716462e-10,-1.946741504337656e-05,6.717990555343293e-05
417,2,-1.504155287844212e-08,1.583738190964793e-15,-1.20332423027537e-07,0
418,0,5.654789666425374e-05,1.875078401824213e-08,-3.221227408340293e-06,0.0004174354778353017
418,1,-1.609844209661973e-05,1.106632888887838e-09,-8.969150284415891e-05,1.299062312460691e-05
418,2,3.952378651145649e-08,7.249819980679802e-15,-4.2528059129454e-08,1.899944232510762e-07
419,0,3.33613876501172e-05,8.170500037277507e-09,-7.525881999163073e-06,0.0002724099682036061
419,1,-1.818495642544747e-05,2.48878219230638e-09,-0.000150145857438818,3.085902657272628e-06
419,2,3.988723156808383e-05,1.117606678781936e-08,-2.547578537163994e-07,0.0003195878055160855
420,0,0.0002193033629900335,1.536834792913157e-07,0,0.001071136985705788
420,1,0.0007136853875178991,3.411539621821574e-07,-3.60926492575545e-05,0.00143191507317756
420,2,0.0005062957220881435,1.794329273673091e-06,-2.265418579654786e-08,0.004050347769371933
421,0,0.001989365250358385,1.462287566565376e-06,0,0.00459502978264635
421,1,0.0003513086415107138,3.702618792278023e-07,0,0.001411097816845116
421,2,-5.24508402838636e-09,8.653660436468712e-15,-2.056265384885785e-07,1.153229411056706e-07
422,0,0.0001543975551751764,1.667670889761149e-07,-9.321887926485519e-06,0.001234782380189026
422,1,0.0006335779709679971,7.453597752211193e-07,-3.175851426939901e-05,0.002284223967552297
422,2,-4.516414153028194e-08,7.245240958790625e-15,-2.431077881142322e-07,1.959882032998031e-08
423,0,-1.026760761208154e-05,5.248041064542646e-11,-1.988979847911744e-05,0
423,1,-1.801995514035282e-05,1.485811876549241e-09,-0.0001135524797306678,6.895656877273595e-06
423,2,-6.920911979363763e-08,8.873511105613993e-15,-2.301033766272182e-07,1.061773224937402e-08
424,0,-2.324898248900358e-06,2.649342643753755e-11,-1.549104576871253e-05,7.247299691197715e-07
424,1,0.0001775574622792735,1.183040004855554e-07,-1.051211672660265e-05,0.001011031632342662
424,2,0.0001334989936887246,1.247901991203146e-07,-1.055233958719767e-07,0.001068127998380844
425,0,0.0006266596393911718,2.361356242506334e-07,-2.318216310590756e-06,0.001011138927687844
425,1,-4.400272278046614e-06,1.640949249600194e-10,-3.819310082519621e-05,2.990922600823302e-06
425,2,3.198898681716872e-05,7.172822187196288e-09,-8.588157936977343e-08,0.0002560643073036893
426,0,0.0001846719003184836,9.092458895714103e-08,0,0.000963500137268408
426,1,0.0001115683934591761,4.238851574257627e-08,0,0.0005883439294411257
426,2,0.000333412466236755,4.470033889280217e-07,-4.126150168022292e-07,0.002007336136384735
427,0,0.0002358308545488953,9.072013146530167e-08,-5.053405231568333e-07,0.0006260556080999514
427,1,1.203545777253837e-05,1.787180172997409e-09,-2.68387463962214e-05,0.0001213791668052717
427,2,0.0003761539480230842,7.299108612365468e-07,-9.945382758051384e-08,0.002610021060602317
428,0,1.590928046445767e-05,1.771736434277421e-09,0,0.0001272742437156614
428,1,2.803834189676424e-05,8.259663567208069e-09,-2.80469756067058e-05,0.0002670699556725033
428,2,2.80182871688924e-05,5.247377493822995e-09,-9.414530867374165e-08,0.0002196324711904757
429,0,0.0004490331805024505,2.606026900922686e-07,0,0.001477798738440389
429,1,-7.579376649022238e-07,1.678418484520654e-10,-3.175851426939901e-05,1.296787275237638e-05
429,2,7.362406301561627e-05,2.610090919128962e-08,0,0.0004929291250809887
430,0,0.0001271804037568632,1.121596725037624e-07,0,0.001013242195769278
430,1,0.0001434194778194203,9.06042496731557e-08,0,0.0009371202233655676
430,2,0.0003886482459878966,3.506194440279935e-07,-7.922038486000909e-08,0.001735242233197831
431,0,1.475291535407771e-05,2.04133239913525e-09,-1.504450802452564e-05,0.0001335860826509143
431,1,0.0001377970263813053,2.966800326686448e-08,0,0.0004644422445163044
431,2,0.0001374823931107482,8.023952612167271e-08,0,0.0008567539578839013
432,0,2.564342609275488e-05,1.847625552194657e-09,0,0.0001148393309943354
432,1,2.244912609202656e-05,4.473727722263537e-09,-3.300799051153325e-05,0.0001964637321475589
432,2,0.0001419874224097448,1.411344222999243e-07,-5.102180694663035e-08,0.001135939610438912
433,0,2.939076525006648e-05,9.244812217986234e-09,-2.084871517829763e-05,0.0002829887807759718
433,1,5.891312688870532e-06,3.329802750777603e-10,-6.690828268979683e-06,5.382132977994394e-05
433,2,-2.356499238452115e-08,1.799844939084741e-15,-1.174045879913771e-07,0
434,0,5.401314549358248e-05,2.042193920277637e-08,0,0.0004321051639486598
434,1,0.0004708655055465626,3.35428383117734e-08,4.863079093423356e-06,0.0005950996730447419
434,2,0.0002626009649087299,4.8271657721193e-07,-1.196068229155444e-07,0.002100810967631576
435,0,0.0006197887773473476,4.339715828001598e-07,0,0.002047028153071543
435,1,0.001004183767379643,4.014418429963754e-07,1.876082710440874e-05,0.001855339991742989
435,2,0.0004714338738506293,3.790238357666528e-07,-1.672697534887598e-07,0.001425773845964477
436,0,0.0008698666586204588,3.336391034979395e-07,0,0.001646111590666954
436,1,0.0003109830956969285,2.984658085414021e-07,0,0.001637092216935882
436,2,0.0001266139674324924,1.122286699498492e-07,-4.340846442387782e-08,0.001012955147924363
437,0,0.0001193328336542288,5.865969339060801e-08,-1.040924944041792e-05,0.0007207268189936135
437,1,0.0002275152642390648,6.599837288844765e-08,2.756883629469903e-06,0.0006860541778604244
437,2,0.0005146723116809025,9.604687961211694e-07,-1.591677941589465e-07,0.002890161882001122
438,0,0.0002135297601633824,5.786648390037098e-08,-1.712591427662106e-06,0.0005853404988643114
438,1,0.001257754599195877,9.54491180621843e-07,3.845973551470873e-06,0.002792867632938969
438,2,0.0001935549034014668,1.543374118757748e-07,0,0.001183870336040913
439,0,0.0009096913079003574,3.250510849718265e-07,0,0.001594051207757724
439,1,0.0001577809298100572,1.729122627874166e-07,-1.399086942620764e-06,0.001257951999564406
439,2,-9.669101232840342e-09,2.479000680365155e-15,-1.324532917300264e-07,5.51004818673037e-08
440,0,0.0001613054968070902,1.871264081889963e-07,-1.03011836387138e-05,0.001305774447990004
440,1,8.99738586672508e-05,3.045160485134253e-08,0,0.000516939621074222
440,2,9.269055088974713e-09,6.014076756971362e-16,0,7.41524407117977e-08
441,0,0.0001315965486606132,5.238557215178576e-08,-2.440228501225618e-06,0.000538899147756682
441,1,0.0002608802108479504,9.071655381429494e-08,2.408986380764513e-06,0.0008488379786653701
441,2,0.0002274758232502966,3.622167511438011e-07,0,0.001819806586002372
442,0,-2.607557610223211e-06,2.861558254175679e-11,-1.602347431708583e-05,2.43180333653792e-07
442,1,0.0001711234923314834,6.772179943889024e-08,0,0.0007208491220926927
442,2,3.911199000442793e-05,1.070823433474529e-08,0,0.0003128959200354234
443,0,2.156969007887677e-05,3.996077443118928e-09,-1.577844324481343e-05,0.0001882576909300616
443,1,0.0001922867358139514,1.106788152429823e-07,0,0.0009217840193813199
443,2,0.0001503640151775781,1.146751623934198e-07,0,0.001034344716449468
444,0,5.399685878855902e-07,9.019253604803472e-13,0,2.489887277173296e-06
444,1,1.756389386408782e-06,2.159432573682592e-11,0,1.405111509127025e-05
444,2,2.552462969017015e-05,2.492638952618755e-09,-1.384451157602122e-07,0.0001483970932416664
445,0,0,0,0,0
445,1,1.317878776959889e-06,5.282838602318921e-12,0,5.809753679608774e-06
445,2,0.0003265409541506233,5.021972270832808e-07,0,0.002160222942058527
446,0,4.739153881803569e-06,1.592786239683516e-10,-2.16270058644736e-07,3.812950111307329e-05
446,1,0.0002022528503120429,2.492446699814251e-07,0,0.001521163890954775
446,2,2.249281215395808e-08,3.408561443053246e-15,0,1.769374868298315e-07
447,0,0.0001622748220434921,6.706246074682341e-08,0,0.0006209859843411583
447,1,0.000283892905047899,4.916371502740112e-07,-4.863358811794559e-06,0.002134931577468042
447,2,0.0002809258244517328,4.220744985255951e-07,-1.035658942353949e-07,0.001985188201358499
448,0,0.001165599112860355,2.510589001138904e-07,0,0.001787886571324073
448,1,1.91920444086418e-06,2.578341980082954e-11,0,1.535363552691344e-05
448,2,0.0004469104255579816,6.444616601797348e-07,-2.853290470216905e-08,0.002502817343938877
449,0,0.0004345280140075719,7.146666405287172e-08,0,0.0007618983678443078
449,1,0.0009156844841305493,4.587189151326227e-07,4.796772071988351e-06,0.001663142307633224
449,2,0.0003453567510327303,1.976999398919419e-07,-5.188171025484027e-09,0.001369424836616063
450,0,0.0001138630780377061,9.272808521611733e-08,-9.118194752682348e-06,0.0009194881768974143
450,1,0.001141062923639972,6.941617123747269e-07,2.58046975665643e-05,0.003016751637061821
450,2,0.0008144992060240744,8.238458629198833e-07,0,0.002609548285094012
451,0,0.0002729697929536086,8.643970056043893e-08,-2.972313986878427e-07,0.0007465819676763051
451,1,-7.32612985015675e-06,1.673841418817292e-10,-3.435134261435499e-05,0
451,2,8.395778190713369e-05,4.939266172382433e-08,-2.994082977737963e-07,0.0006719616635548433
452,0,0.0002898715333229497,1.958859916661638e-07,-1.510714807760567e-05,0.001202019476775675
452,1,7.458668945636733e-05,4.101074539981573e-08,-4.69532948512172e-05,0.0006075209174198279
452,2,4.822782396917812e-05,1.627614730905072e-08,-6.520444359791204e-09,0.0003857674930205795
453,0,0.0001300687601066214,2.169099303765836e-08,-7.218799684624508e-07,0.0003210305978479207
453,1,-3.142681090417775e-06,6.913511105248618e-11,-2.51414487233422e-05,0
453,2,0.0001444576380323263,1.037458056333946e-07,-8.061569496319429e-08,0.000983468649103397
454,0,0.0006877309698933775,3.701932875076738e-07,0,0.001688671895341484
454,1,-4.942025666068604e-06,1.798221664442343e-10,-4.041284178996857e-05,8.766364614197454e-07
454,2,9.083185101625341e-05,5.777039885003651e-08,-5.790835366264491e-08,0.0007267507054468822
455,0,-1.956832240952849e-07,3.627577591820591e-13,-1.773022000992825e-06,2.508336398882488e-07
455,1,0,0,0,0
455,2,-9.029505676299298e-10,6.438773724673721e-16,-3.886323916136968e-08,5.548502208709666e-08
456,0,-9.425031477664863e-07,5.255892187610014e-12,-6.998475758395476e-06,0
456,1,-4.515736635290996e-06,1.427431415151648e-10,-3.612589308232797e-05,0
456,2,5.48383670193143e-09,2.255738959185908e-16,-1.333215760532788e-09,4.520390937598423e-08
457,0,0.0001114650820286737,9.250606219478159e-08,-1.946186883467285e-05,0.0009159927825156248
457,1,-4.867929825455344e-06,8.021550984442279e-11,-2.354911079227181e-05,1.197911179753007e-06
457,2,0.0005041745488995082,4.394713844901885e-07,-2.596253243862987e-07,0.001520064392254454
458,0,0.000534865193201159,4.169539791344948e-07,0,0.001759130101916493
458,1,0.00146242088577727,4.161721926311275e-07,0,0.002358504833226535
458,2,3.775542023676258e-05,1.000567149099342e-08,-2.128163657259274e-07,0.0003024054867262828
459,0,-5.796689378849154e-07,1.004700771483557e-12,-2.565587089995725e-06,0
459,1,0.0002349713416543909,1.90833848186107e-07,-8.352988416125428e-05,0.001052875413874537
459,2,0.0001419863895205445,6.061062892665259e-08,-2.360672569508097e-08,0.0005904849055787184
460,0,-4.178619534717989e-06,4.089675180201759e-11,-1.907440166943087e-05,0
460,1,0.0002780152120744611,3.218504273660405e-07,-8.685105635211376e-05,0.001693249407805461
460,2,1.137091737087461e-09,4.465877687273562e-16,-3.113053277387265e-08,5.015376822254525e-08
461,0,-1.156735706752879e-06,1.081055266323465e-11,-9.840939442815331e-06,5.870537887922982e-07
461,1,0.0002828681798764232,1.079961279514188e-07,-3.917539709240447e-05,0.0008771128723590941
461,2,3.538656567040157e-05,8.776096579054519e-09,-2.099483196045478e-07,0.0002832426419699676
462,0,2.787615517683699e-05,5.207967549823011e-09,0,0.0002187965929035949
462,1,0.0001458402630108904,9.18402452331309e-08,-0.0001094721127567879,0.0009031639550825696
462,2,4.159788043591522e-09,1.600935541166396e-16,-1.184912491316896e-08,3.397719193570185e-08
463,0,0.0002824719177241619,2.462231084484019e-07,-3.096957994762171e-06,0.001282993596224743
463,1,2.560928001183151e-05,7.111800646975558e-09,-3.47433524296977e-05,0.0002467451801242551
463,2,5.959858100037437e-05,2.486207646691237e-08,0,0.000476773047004519
464,0,0.0001146091714125214,9.4654037906534e-08,-8.01861389850209e-06,0.0009285622439982414
464,1,1.412196928673546e-05,7.249612693310529e-09,-7.503502146850151e-05,0.0002264423363537506
464,2,1.245270649157346e-05,1.08743232953866e-09,-1.047884652217702e-07,9.969957936668563e-05
465,0,-1.226590245450457e-07,8.789004781567992e-14,-8.241978350672379e-07,2.243750187483828e-07
465,1,-5.600564928485181e-06,1.401686169128798e-10,-3.075953347619941e-05,5.323417639424176e-06
465,2,-6.488915299334396e-09,2.947421523335519e-16,-5.191132239467516e-08,0
466,0,-3.368490773624651e-07,1.058296356519524e-12,-2.732243743068763e-06,1.014086908289083e-06
466,1,4.4479453162792e-05,1.347210378719395e-08,0,0.0003515477470082475
466,2,6.673609130741533e-05,3.117649651742896e-08,-4.160658412652715e-09,0.0005338928911177353
467,0,5.234026759732003e-05,1.981789988003433e-08,-4.403603997870854e-06,0.0004247795159152087
467,1,0.0002849690891564888,7.25450005277805e-08,0,0.000828293155508297
467,2,-6.472230820066806e-09,4.712816636932089e-16,-6.30702276322418e-08,1.129238107170735e-08
468,0,-3.961568266401242e-07,1.098581619055013e-12,-3.169254613120994e-06,0
468,1,0.0002783047391291038,1.829041814263105e-07,-4.12033796785209e-07,0.001236520453951323
468,2,-4.115596403205227e-08,1.026548770017827e-14,-2.839317282418542e-07,6.109883785953132e-08
469,0,2.718334464040159e-05,5.066748809542849e-09,-2.614226432370167e-07,0.0002155003711490801
469,1,0.0003210374535894715,8.360138107532e-08,1.588255312656825e-06,0.0008373183824113248
469,2,0.0002007201167704736,1.427326276077037e-07,-2.035871059973053e-08,0.001101893346515426
470,0,-2.377315187433547e-07,3.95613925028154e-13,-1.901852149946837e-06,0
470,1,0,0,0,0
470,2,0.0001976570669614544,2.272044860157556e-07,-3.530550375823186e-08,0.001453946801828931
471,0,0,0,0,0
471,1,0,0,0,0
471,2,-2.422200384688811e-08,5.298172516395025e-15,-2.159615000732689e-07,1.775656920631661e-08
472,0,-3.424713272168162e-07,8.181919931345099e-13,-2.73565566033572e-06,0
472,1,0,0,0,0
472,2,0.0001640048279656547,1.716322517691055e-07,-4.857301628158022e-09,0.001259701611985711
473,0,0.0001395133365570995,3.427236710473384e-08,0,0.000446811492297334
473,1,0.0003655111116084392,8.371468132627294e-08,-8.883301850835173e-06,0.0008692613278075066
473,2,-1.367865796805969e-08,1.309739786650141e-15,-1.094292637444776e-07,0
474,0,0.0002838218584292806,1.248288207545047e-07,0,0.0009354555445947249
474,1,5.628279249834412e-05,7.915648317158206e-09,-2.188539040930804e-05,0.0002148963639372253
474,2,0.0001743989460985261,2.129663355334601e-07,-1.326062304293486e-07,0.00139536755158057
475,0,0.0007368017630754584,6.537992247760821e-07,0,0.002277138297734785
475,1,0.0004013594982413269,8.96613027244006e-08,0,0.0008630886647216564
475,2,-1.534804729649483e-08,1.648937890708096e-15,-1.227843783719586e-07,0
476,0,0.0002016024939336232,2.896994782961832e-07,-1.27802499642315e-05,0.00162560173968288
476,1,0.0002132226745819934,1.15750343392514e-07,-2.168404344971009e-20,0.001055831719247708
476,2,0.0005341952530873512,1.016971058582393e-06,-9.516408360652824e-08,0.002938848493911127
477,0,0.0007140580790588227,6.798690573089656e-07,0,0.002160045528461023
477,1,0.001181833832691356,4.989268670436783e-07,1.595212583383311e-05,0.002477372817120734
477,2,0.001199048575278299,1.592772104867494e-06,-4.635710325736938e-08,0.003275740402125047
478,0,0.0007585997933425812,7.575007307105243e-07,0,0.002161143008220936
478,1,0.0004197840061968953,5.389857024771274e-07,0,0.00215047416903951
478,2,0.0003059234583190353,2.149084688614983e-07,-2.777443247751404e-08,0.001264539544362736
479,0,0.0003389117775076562,3.651770208218086e-07,0,0.001642655416681226
479,1,3.579269560544583e-05,8.150692690438619e-09,-1.05975717595227e-05,0.0002740354554363207
479,2,0.0001284047267404041,1.15414416944945e-07,0,0.001027237813923233
480,0,0.0002079081894175937,3.003618655817674e-07,0,0.001657916500420408
480,1,4.759522421129611e-05,1.45689724693335e-08,0,0.0003668739784360905
480,2,0.0003296518658144176,7.606924684444876e-07,0,0.002637214926515341
481,0,8.04558272559502e-07,4.531198097607511e-12,0,6.436466180476016e-06
481,1,1.861103273222633e-06,1.811803169469965e-11,0,1.300387907943983e-05
481,2,0.0003084585736794798,3.110877942871297e-07,-1.299076917341444e-07,0.001553946497595529
482,0,0.0001206528002781436,4.368139005307344e-08,0,0.00048896585553296
482,1,0.0001600679077606927,6.987889421377335e-08,0,0.0006906079574943913
482,2,0.0001356230333349995,1.287837885169817e-07,-7.289473574715615e-08,0.001085089470571999
483,0,7.547769189784439e-05,3.65358978002477e-08,0,0.0005808032334456557
483,1,0.0002562752641951252,1.249722900384295e-07,-5.369107247358708e-05,0.0009752319682629511
483,2,5.018965584691201e-05,1.002565462245159e-08,-7.811088316667924e-08,0.0003000339879482694
484,0,4.924645786509325e-05,7.27615352052954e-09,0,0.000198417870222874
484,1,1.897064161853584e-05,2.282360675456438e-09,0,0.0001452971908560104
484,2,5.810616154596523e-05,2.351542923898306e-08,-9.027769101780586e-08,0.0004638240537791221
485,0,0.0001836553400330523,1.748207260360664e-07,-5.761056985047945e-06,0.001275112500858079
485,1,0.0002979437585252697,1.76998068614439e-07,0,0.001321110644432607
485,2,0.0003603296937514478,3.622069576266513e-07,-4.764518167525449e-08,0.001701145333087391
486,0,0.001087491250319301,7.541182708317883e-06,-1.507298039254249e-06,0.00835039680069119
486,1,0.001280382348422405,1.000295616559571e-06,0,0.002775620553268768
486,2,0.0008110112478378039,3.306123588024065e-06,0,0.005553076046756224
487,0,0,0,0,0
487,1,0.001291347147080004,7.470630570581858e-07,2.250141159581241e-05,0.002687783535123981
487,2,-7.441139692550507e-09,5.194377429314114e-16,-6.74316894699989e-08,7.129992975055306e-09
488,0,0,0,0,0
488,1,5.326925498217617e-07,9.902820024276568e-09,-0.0002216400830340102,0.0001716276464621151
488,2,6.535799682524815e-05,2.990796700124929e-08,-4.823356768141425e-08,0.0005229121108518916
489,0,0,0,0,0
489,1,0.000338373555304413,1.297959194530218e-07,0,0.0008582473594578084
489,2,0.0005802824363602325,1.030157531513057e-06,0,0.002604282338741291
490,0,3.401534247599031e-07,8.099304666312373e-13,0,2.721227398079225e-06
490,1,7.978791032492483e-06,1.957956655748929e-10,0,4.382800255028693e-05
490,2,0.000149576413244182,7.200171561719558e-08,-1.313266609353992e-07,0.0007379300316437324
491,0,-1.534897606339146e-06,1.004557103485815e-11,-9.723417488611758e-06,0
491,1,0.0004284604771673498,1.830933851466366e-07,6.070620028527816e-06,0.001097102143950222
491,2,-7.409844954481704e-09,2.293932659474975e-16,-4.642022659457341e-08,0
492,0,-6.717669895848028e-07,3.1588962180708e-12,-5.374135916678423e-06,0
492,1,0.0004350257632694364,1.924827993445757e-07,0,0.001220805506544696
492,2,0.0001221711652814877,1.045013696534016e-07,-1.133151936082138e-07,0.0009774544961330901
493,0,0.000171705267166307,7.167578469159906e-08,-6.719364128987737e-06,0.0007997209876235267
493,1,0.0008105722734887434,8.295128977778856e-07,0,0.002793235479926038
493,2,0.001054649504244614,1.397490684116733e-06,-6.380453963825282e-08,0.003332147280687344
494,0,0.0009031257306566047,5.866696009994629e-07,0,0.00182085740968392
494,1,0.0002053362796589773,7.572240503370017e-08,0,0.0006656706645295585
494,2,6.172885344946342e-05,2.66599201583235e-08,-2.76872212648537e-08,0.0004937235684666594
495,0,2.935763260883182e-05,6.083647356902994e-09,-1.015502540637205e-06,0.0002357182370580201
495,1,3.357993520813459e-05,6.413420933839177e-09,0,0.0002451765593240907
495,2,0.0004425994022091404,6.639728671604865e-07,-7.176043639804835e-08,0.002322732771049323
496,0,0.0008162450639960534,5.079489220469945e-07,0,0.002396750956256683
496,1,0.001212001358066589,8.020367971472446e-07,1.523882718914743e-05,0.002571176598379451
496,2,0.0005377747981308787,9.843354411359532e-07,0,0.002911127721192795
497,0,0.0002186815319176407,9.549789681818508e-08,-2.853552729614611e-06,0.0008563285629344312
497,1,0.0005586223926727518,2.099209748380734e-07,3.931661776903967e-06,0.001239751055770813
497,2,5.357005886073807e-09,2.402168713527136e-16,-9.222443235588624e-09,4.488303765288983e-08
498,0,0,0,0,0
498,1,0.0001644536378570566,1.900368671583622e-07,-1.804832642029559e-05,0.001317668704639711
498,2,-9.479213784374698e-10,6.289884577891551e-18,-7.583371027499758e-09,0
499,0,0,0,0,0
499,1,0.0001689921174606339,1.130391698223803e-07,-0.000147330320575638,0.000764849521309208
499,2,0.0001893758582971742,2.51065574109647e-07,-1.090976475108771e-07,0.001515067755376047
500,0,8.920950576863354e-06,5.570835143638702e-10,0,7.136760461490683e-05
500,1,0.0001578941211018313,4.624988098948266e-08,0,0.0006216032806057179
500,2,7.040769173379913e-05,3.472948223521778e-08,-1.506250696483393e-07,0.000563465862479136
501,0,7.874009094567167e-10,4.340001345492853e-18,-7.694090127826994e-36,6.299207275653733e-09
501,1,0.0006829770596101129,1.8789922117588e-07,0.0001703619393934007,0.001248792458940906
501,2,7.036321720161619e-05,3.466038477714814e-08,-8.614607289169277e-08,0.0005629306468393878
502,0,0.0002790271956760752,5.44993231487983e-07,0,0.002232217565408601
502,1,0.0002073977030088538,6.038764206239929e-08,1.05344794038122e-06,0.0006259761828750815
502,2,6.179814956236943e-05,1.223132370560164e-08,-9.657820768101582e-08,0.0003025912104159556
503,0,8.439845335392732e-05,4.605707940850289e-08,-7.525136765777583e-06,0.0006514663947163522
503,1,4.936568804335297e-05,7.812689418637581e-09,0,0.0002548386098411444
503,2,0.0001059666388428635,4.780347280365237e-08,-1.498893487542854e-07,0.000661435076192023
504,0,0.0001622810083806727,8.548995906003255e-08,-3.792920601804793e-06,0.000913236845257342
504,1,0.000206179199139478,1.843426580122058e-07,0,0.001301426651873769
504,2,0,0,0,0
505,0,0.0003925455898723827,1.111034578275496e-07,0,0.0009206298930135876
505,1,0.0001955319999852731,1.127300988632948e-07,0,0.0010499026418447
505,2,0,0,0,0
506,0,0.0001947043135835299,2.664130262262226e-07,-2.544107525850663e-06,0.001560312749790607
506,1,0.0002335345378339545,3.768309170192522e-07,0,0.001857647695253311
506,2,0.0007621191732437865,4.834890409709409e-07,0,0.001964243395010593
507,0,0.0008850755189958007,2.257155957616188e-06,-5.622646723072898e-06,0.004631738288295644
507,1,0,0,0,0
507,2,0.0009423884499610986,1.582342801050608e-06,-1.43251481961589e-07,0.003214244736974584
508,0,0.002540789748848611,2.466740779635459e-06,-1.570611849468836e-07,0.004014401899177542
508,1,1.55335078786432e-06,7.901960775263911e-12,0,8.657389269851098e-06
508,2,0.0002963180989940515,2.168788347214998e-07,0,0.001212771165839106
509,0,1.311796605728045e-05,1.381872024282134e-09,-1.215792519910409e-05,0.0001106269848677101
509,1,0.0002600711679615874,4.728652211133942e-07,0,0.002079426979518752
509,2,-6.490081847448839e-09,2.367301785924952e-15,-1.211821075570514e-07,6.77343966844944e-08
510,0,0.0004933785443640657,1.704596542362212e-06,-6.48306480456543e-07,0.003947676661392982
510,1,1.611864583616658e-05,8.218237902779783e-10,0,8.450430383851612e-05
510,2,-2.314732154117039e-08,3.915863081630867e-15,-1.886823160480165e-07,3.503743718653344e-09
511,0,4.38255998701577e-06,1.348247894054059e-10,-4.295478551122068e-08,3.510343468163738e-05
511,1,0.0007875181412459071,2.098088098864664e-06,0,0.004124821005332089
511,2,0.0001049690961537723,7.71223574677597e-08,-8.260251343410098e-09,0.0008397183736426425
512,0,7.357199915293243e-05,3.858684839837072e-08,-4.699168465926674e-06,0.0005932751616893862
512,1,8.388455425423707e-07,4.925632909702429e-12,0,6.710764340338966e-06
512,2,0.0001062787465069037,6.401850251691667e-08,-1.262653368286575e-07,0.0007722784236688
513,0,0.0001865501631381674,1.049301184929319e-07,0,0.0008283934198297137
513,1,9.090185219888643e-05,1.181642178274014e-08,0,0.0002693913379551797
513,2,0.0001856310272604911,1.034859264444743e-07,-1.385936222373279e-07,0.0007610988139348875
514,0,2.956680957607837e-05,6.262536521860957e-09,-2.684702586604851e-06,0.0002389279589452431
514,1,-2.100857081758638e-05,3.563479908825364e-09,-0.0001788444835790065,5.658058538544116e-06
514,2,-1.95982841113413e-08,6.260707986559691e-16,-6.577829286469788e-08,0
515,0,1.019686176641642e-05,1.84808092537449e-09,-1.956867753131597e-05,0.0001224181877678026
515,1,0.0001248892765584459,2.414761038612982e-08,0,0.000416780789075944
515,2,-3.938737661289816e-09,8.186232391325177e-17,-2.764130598560967e-08,0
516,0,0.0001306089579888221,8.425827662823128e-08,0,0.0008982802426661247
516,1,0.000270588414847478,2.249422954865533e-07,-7.346981658276756e-05,0.001267982006508038
516,2,0.0001059068348846432,4.116345875729077e-08,0,0.0005970542533627227
517,0,8.170886381795035e-07,4.673436898494248e-12,0,6.536709105436028e-06
517,1,-9.815890883767377e-07,3.404365363708234e-10,-4.302969847226959e-05,2.901073683237363e-05
517,2,0.000150873177163554,8.824332173017138e-08,-1.021589144688109e-07,0.0008859472708285644
518,0,-8.824099165330619e-07,5.468396876541366e-12,-7.069388297972486e-06,1.010896570799148e-08
518,1,-1.257425341063597e-05,4.024763817423103e-09,-0.0001715052452385028,6.271694772520145e-05
518,2,0.0002035522776965179,1.519802076066581e-07,-4.674365675595527e-08,0.001146902492702339
519,0,-4.859417005461302e-06,3.023933385563859e-11,-1.357401818837862e-05,4.296075974581604e-07
519,1,0.0002369409279051971,2.273446123573929e-07,0,0.001437026739526225
519,2,0.0005377446955451221,4.883425869673623e-07,-9.586289883755136e-09,0.001603050436798567
520,0,0.001148804621179045,2.890692909253027e-07,-3.331457912157326e-06,0.0021354364177157
520,1,5.801326570472526e-05,3.557306801124179e-08,-9.873711303262676e-05,0.0005492359217927393
520,2,0.0003748581642964999,4.288363313737821e-07,-1.486080004576122e-07,0.001669182319620895
521,0,0.0002953544274838926,2.308004084288215e-07,0,0.001162589208549023
521,1,0.0006757308648117368,2.00106204013349e-07,-8.724093678929244e-07,0.001321258669326615
521,2,4.264978197363565e-05,1.274508262617263e-08,-1.168072594533915e-07,0.000341339535107484
522,0,-1.313993002308793e-07,2.497650630754232e-11,-1.054831279598959e-05,9.416837516266141e-06
522,1,2.304540018318724e-07,3.421726886729909e-10,-4.349357068781734e-05,2.601953422961973e-05
522,2,-1.118105995910056e-08,2.31667826080809e-15,-1.308709912201402e-07,3.516735956102707e-08
523,0,-1.592202030049234e-06,1.860372999354712e-11,-1.28670652379547e-05,1.395316852781665e-06
523,1,0.000126569758806077,4.621322099036643e-08,-7.643424743399759e-05,0.0006034866931380675
523,2,1.359607458954774e-07,1.272790283188236e-13,0,1.079839457620536e-06
524,0,0.0001376957584372463,6.06852207875489e-08,-2.006963211738303e-05,0.0006230586707688549
524,1,0.0006494207510708206,2.088935545713264e-07,0,0.001369639801631575
524,2,0.0004571368573204862,5.086778345020986e-07,-9.144081994613915e-08,0.002012595964733782
525,0,0.0002246461478316955,1.040766826206513e-07,0,0.000927954170319997
525,1,0.0004132042731377278,3.949048792945194e-07,0,0.001645697163779739
525,2,0.0009099823303136575,1.063107512460811e-06,0,0.003152156084893926
526,0,0.0002447552151445751,9.894725745390727e-08,-3.183610126224635e-07,0.0009058519577629219
526,1,5.558659526240585e-08,8.530128170299441e-11,-2.235263377833863e-05,1.070149175899583e-05
526,2,9.71939134780837e-06,6.613655090943922e-10,-7.246755536994491e-09,7.776025052101034e-05
527,0,0.0005216151008563486,3.394304689346696e-07,-1.362342299224306e-05,0.001376589505182852
527,1,0.0003309823507760136,2.384645004111097e-07,-4.74415946811676e-06,0.001357408414139724
527,2,0.00029392886114796,4.86558162736646e-07,0,0.002131922276816964
528,0,0.0004148674913858087,1.069144777760132e-07,0,0.0007379011810461946
528,1,0.000429290206329893,1.318798323113501e-07,0,0.001104853819972252
528,2,-2.159500824201594e-08,4.501034899498906e-15,-1.977712670321623e-07,2.501120109603479e-08
529,0,-1.277077453380686e-06,6.622081594482974e-12,-7.962643592984212e-06,2.913209782128736e-36
529,1,0.0002347849595006604,3.772703147664462e-07,0,0.001859853831127168
529,2,0.0003571317950462015,8.927856123350417e-07,-4.394962186769058e-08,0.002857031649095774
530,0,0.0004311118606978362,3.686153093048536e-07,-4.787298906900503e-06,0.001682096309588763
530,1,-9.041917373021298e-06,5.997863219111632e-10,-7.382494037405592e-05,1.48960138988554e-06
530,2,0.0001947115584038529,1.181342298592919e-07,0,0.0009116015636092844
531,0,0.001001373951700187,9.289760470330492e-07,-4.17338297328322e-06,0.002258322098144216
531,1,8.467484267141631e-07,5.018880287000374e-12,-1.740655483737161e-36,6.773987413713305e-06
531,2,0.0004673322683137146,1.332991356218583e-06,0,0.003516047081122466
532,0,1.406840130046031e-08,1.385439406055554e-15,0,1.125472104036825e-07
532,1,0,0,0,0
532,2,0.0001374398941530754,8.473905857396329e-08,0,0.0008848467282295827
533,0,4.469449320579753e-05,3.331653133268939e-09,0,0.0001210896509360645
533,1,1.711452990422788e-05,1.428000411903713e-09,0,0.0001167157602848652
533,2,0.0001640534759497085,1.885285205643352e-07,-4.078783281489148e-07,0.001312835225441349
534,0,0.0004340859852533614,2.632995127208072e-07,0,0.001345842490685755
534,1,0.001262335059724448,5.168846547155782e-07,1.069033259417816e-06,0.002385309320508673
534,2,-2.447872670651117e-08,4.194456428204443e-15,-1.958298136520894e-07,0
535,0,0,0,0,0
535,1,0.0006083230549617297,3.851873386705378e-07,-4.176804054078437e-05,0.001819502121621615
535,2,0.0008798418767736504,8.8503380719522e-07,0,0.002472172185805113
536,0,0.001069826108117761,6.058894832801693e-07,-6.15816465426795e-06,0.002618070354352776
536,1,4.323631058554159e-06,1.289179635189912e-10,0,3.436339729924453e-05
536,2,0.0004467239685413889,6.160119846057178e-07,-4.524273506444333e-07,0.002388654028738402
537,0,0.0001113408461824044,2.304377814947758e-08,0,0.0003829379557122865
537,1,2.984659564101688e-05,6.094031242235375e-09,-6.309456622947078e-05,0.0002080236230703157
537,2,0.0001827536720921337,1.762012929792704e-07,-4.985250698748327e-06,0.001288679412848417
538,0,6.326955872831257e-06,2.663280347213106e-10,0,4.949351536656803e-05
538,1,-2.058199167891965e-06,2.069091509591591e-10,-3.610397171066699e-05,1.963837836753127e-05
538,2,0.0002888783387939502,2.620140153762212e-07,-1.573284902879776e-08,0.001574246382677899
539,0,0.0001667164755927698,2.978314278198903e-08,-3.567192716361502e-06,0.0004405067257480924
539,1,0.0004481908315610995,2.488658655713425e-07,-8.249090940289843e-06,0.001614680022681369
539,2,0.0001401832185721429,8.343355363521411e-08,0,0.000873751415661705
540,0,0.0001127417543404336,2.346947464866027e-08,-4.546298687025069e-06,0.000399630649819282
540,1,0.0004967515194126312,2.648302321117066e-07,0,0.001583534741614465
540,2,-1.304321236972736e-08,5.347125115109669e-16,-6.203922566179248e-08,0
541,0,0.0003863378744327463,2.493821914148525e-07,0,0.001066750928662047
541,1,0.0004009265023532537,2.268058797811691e-07,0,0.001308359572316894
541,2,8.971217239048098e-05,2.54281116431507e-08,-1.216178128724294e-07,0.00043041618563103
542,0,3.625987514511864e-05,1.000162258499137e-08,-5.992082424402634e-06,0.0003007757269496713
542,1,0.0002360032503762848,1.283783048058559e-07,-1.290583951216952e-05,0.001065941700920353
542,2,0.0002483420581343152,1.87344798035902e-07,-7.075434578795055e-07,0.001086113732370538
543,0,0.0001653709518092097,6.83449171973235e-08,-5.923228442467732e-06,0.0008163893654575354
543,1,0.0006243137019724508,6.33994514739078e-07,0,0.002649961414316646
543,2,0.0002912048494261405,2.898143566189901e-07,-5.499176230879227e-06,0.00153544053720735
544,0,0.0005885855479045335,3.128364351940062e-07,-4.907491299728208e-08,0.001497687952116733
544,1,7.840093164905584e-06,1.735068863612567e-10,0,4.242195902812902e-05
544,2,0.0002863247091306422,2.167723738124452e-07,-2.191208197914131e-07,0.001388247174452446
545,0,0.0002271049769546749,7.874942130782943e-08,-9.882832967999871e-07,0.0008172666552266635
545,1,0.0002973511864475217,1.107544264274067e-07,0,0.0009110521137849416
545,2,0.0003710282299339255,6.678479285912294e-07,-9.710053696527999e-08,0.00249381514409839
546,0,0.000449943480513303,5.605456954708286e-07,-1.141972597636282e-06,0.002225553863538988
546,1,5.185447688958723e-05,1.737516051709598e-08,0,0.0004003790455796383
546,2,0.0002535733508828384,4.500762448973779e-07,-6.420969905105767e-08,0.002028547633480685
547,0,9.107512097832884e-05,2.082350104858567e-08,0,0.0003457760891763184
547,1,8.09228049785193e-05,2.30228786334872e-08,0,0.0004551918702720866
547,2,3.653918412838993e-05,9.37191709404774e-09,-1.749021543373749e-07,0.0002926707779445759
548,0,0.0001401236627593329,8.557794062807451e-08,-1.163104062366514e-05,0.0008822465215755751
548,1,0.0001861980302942001,5.610247933632144e-08,0,0.0007094937024953676
548,2,1.037534013825421e-05,7.581214946593016e-10,-1.135556589296765e-07,8.322339326379903e-05
549,0,6.583356914542029e-05,3.016342838971886e-08,-6.533165707631617e-06,0.0005252391517952401
549,1,0.0001865897627950965,1.067683059685627e-07,-4.434481433300411e-05,0.0008276316253140979
549,2,3.573701322879555e-05,8.940357123531023e-09,-5.852662604530205e-09,0.000285901958492969
550,0,-2.309415149369775e-07,3.200646682321246e-13,-1.709021580376731e-06,8.461324683829546e-08
550,1,4.363852473562791e-05,9.316783638785967e-09,-8.970981680955758e-37,0.0002980931235641035
550,2,4.793148972781319e-05,1.609030281309855e-08,-1.346759683795566e-07,0.0003835385572061713
551,0,-2.186060917715123e-06,1.585661225559899e-11,-1.166002707040336e-05,0
551,1,1.678955896124073e-06,1.059906979389048e-11,0,9.64320541165934e-06
551,2,0.0001620218374119881,1.837240724463474e-07,-2.137145415076949e-08,0.001296071440021271
552,0,0.0007711033207325421,3.418677958037923e-07,3.778881250490214e-07,0.001622140869738227
552,1,0.001034108561010913,4.855504868006067e-07,0,0.002004252888204897
552,2,7.78445090431667e-05,4.242506459193637e-08,-5.884864650912389e-08,0.0006227990475655537
553,0,0.0003808495795649723,1.600694743940008e-07,-4.008428350983298e-07,0.001098175074041017
553,1,0.0003917857785073455,2.527182690620242e-07,0,0.001044377681288181
553,2,0.0003424707443208414,7.219440869558804e-07,-1.625555228879158e-07,0.002586572260965456
554,0,0.000288731214842491,1.491117479837785e-07,-4.716575477107455e-06,0.0009699438010503665
554,1,-1.537780279747017e-06,1.436407704812337e-10,-3.136798646108645e-05,1.061509975550639e-05
554,2,0.0008094878226959,6.211102838415699e-07,0,0.002002836137909502
555,0,0.0008356402116877643,9.826608911910265e-07,-8.528847401985033e-07,0.002957308995527405
555,1,0.002362706853930968,6.618675096906787e-07,0.001421610609347341,0.004264447516604411
555,2,0.0006403689813271791,8.811905417323759e-07,0,0.002704311054758362
556,0,0.0001894128239254418,6.164331808944774e-08,0,0.0006036216534067461
556,1,0.0007240554543419256,8.078965961346698e-07,0,0.002402055384318761
556,2,7.164464815835793e-05,3.594931961011288e-08,-7.2517802573403e-08,0.0005732871829230607
557,0,-5.523601035483717e-07,2.531318562220985e-12,-4.751890815082425e-06,3.33009986695452e-07
557,1,0.0001062829364346262,2.922742070962806e-08,0,0.0004242898522580143
557,2,0.0004381357454111143,1.343588637500796e-06,-1.582004496911601e-07,0.003504912611162588
558,0,-3.558694924967554e-07,9.921004001389252e-13,-2.988305261504179e-06,1.413493215301359e-07
558,1,1.77493290082096e-06,1.35993121115672e-11,0,1.145919654369685e-05
558,2,0.0003563464243021543,5.327762120024678e-07,0,0.00225206181787662
559,0,0.0002919263950638458,3.739178107473963e-07,-6.206682906923563e-06,0.001852959124724661
559,1,0.0002141476751621513,7.620398322370062e-08,0,0.0006454974333601125
559,2,4.909000728256406e-05,1.685979725546838e-08,-1.102463427159206e-07,0.0003926282896390406
560,0,-4.981293312919243e-07,5.930789497331388e-12,-6.293471212929551e-06,3.046195954852464e-06
560,1,0.000123663526377469,4.635053030187819e-08,0,0.0005640316632742349
560,2,2.709653079703983e-05,5.145545372336358e-09,-1.105021719241171e-07,0.0002168827485482428
561,0,0.0001432210643854243,1.43585912985857e-07,0,0.001145768515083394
561,1,0.0002380384907236691,1.345590666405726e-07,-3.237963321899519e-05,0.001050575071085108
561,2,0.0001437511635384428,1.44547477895693e-07,0,0.001149649917072915
562,0,0.0002151556407012809,2.922639464636932e-07,0,0.001643918413137441
562,1,0.0001191239416938278,2.808172054620309e-08,-4.223676625028097e-05,0.0004196830071873033
562,2,-1.51531949247579e-08,4.565295495744641e-15,-1.82175417958043e-07,7.125939753970768e-08
563,0,0.0002944350715555126,2.863523198220276e-07,-5.962115075778509e-06,0.00162222611016935
563,1,9.243229604198697e-05,4.408764522212302e-08,0,0.0006429837149293315
563,2,9.467161884142304e-09,2.745977414140699e-15,-5.124482865713877e-08,1.409396713059311e-07
564,0,0.0001896643898114102,6.148706296840311e-08,-4.044548272148476e-06,0.0005441123246069231
564,1,0.0004655410957587888,1.41914052507957e-07,3.474063251955226e-06,0.0009407594979224084
564,2,-3.18668312588246e-08,2.378881583263292e-15,-1.332695160262304e-07,1.272104174645326e-08
565,0,3.094620324818528e-07,6.703672468345953e-13,0,2.475696259854823e-06
565,1,1.970746235431144e-06,1.731911587793286e-11,0,1.264432664529292e-05
565,2,-8.445115055503517e-09,2.335230849475089e-15,-9.414376740731504e-08,8.412938549434837e-08
566,0,-5.864794539748676e-07,7.211558041346595e-12,-7.427088779564469e-06,2.245600633732192e-06
566,1,3.110594457872505e-05,3.978721645971424e-09,-3.250262631839505e-05,0.000177007026109009
566,2,0.0003141272837330611,2.407086709842977e-07,-6.343001494325337e-08,0.001349853427503364
567,0,1.874336707227188e-05,1.151925311874893e-09,-3.238327293927514e-06,7.751919711829974e-05
567,1,0.0002174756472701317,1.707489585783595e-07,-3.68371126217089e-06,0.001292890597299501
567,2,0.0001798791516938883,1.022575911244862e-07,-3.441766890717601e-07,0.0008625305581342431
568,0,0.0007247277631471137,2.24511195285215e-07,0,0.001435218312705201
568,1,0.0001814393066446788,9.6956671115452e-08,0,0.00092857617901621
568,2,0.0001205704902869174,2.629846028466433e-08,-6.189219303458387e-08,0.0004879187424348458
569,0,2.678302460521966e-05,5.580182956355226e-09,-9.969425657056713e-06,0.000224233622498814
569,1,0.0001729064623482104,6.194538399679772e-08,0,0.0007473692567812802
569,2,0.0001749368938998218,1.131499565775688e-07,-5.588663884516807e-08,0.0009918993221489862
570,0,0.0001620923053934659,3.206580357343776e-08,-3.128872091475916e-07,0.0005100614127090342
570,1,0.0003382874713916303,7.1483469023652e-08,0,0.0007640573761182521
570,2,6.533310121593919e-05,1.816011956237896e-08,-1.865288467663483e-07,0.000407613003720565
571,0,0.0001271363904504623,3.624487562884273e-08,0,0.0004514205557195729
571,1,0.0003355964818535249,1.544153430326416e-07,-5.131805120638043e-05,0.001026013947568429
571,2,0.0001946264911299372,1.138243976950677e-07,-5.931131903986003e-08,0.0008037252044670762
572,0,0.0001906184900658596,1.083435384898414e-07,0,0.0007970394936693766
572,1,0.0002437593091398523,1.281924588303091e-07,0,0.000972719719771877
572,2,-1.142880678305727e-08,8.587260910128704e-16,-8.734633162553132e-08,9.727136755945542e-09
573,0,4.248227820016461e-07,6.163412175028114e-13,0,2.246714288568712e-06
573,1,0.0001649847795425781,2.906661863666966e-08,0,0.0004201895092744182
573,2,-9.800320936076701e-09,3.718492824256922e-16,-5.801894797811372e-08,0
574,0,0.0006976424381530743,3.286020834947207e-07,0,0.001700946525825735
574,1,0.0002639585813658717,8.112754665143207e-08,0,0.0008002479785452092
574,2,2.820186354144297e-05,5.567772071367965e-09,-6.317152050102943e-09,0.0002256212254835938
575,0,2.336712583812337e-07,3.82215798954285e-13,0,1.869370067049869e-06
575,1,0.0002359146199775662,7.633970452568878e-08,-0.0001197832841932592,0.000700283439243637
575,2,0.0003089134930551943,1.286896480958007e-07,-7.157914341933268e-08,0.001022212068194943
576,0,2.845636309181431e-05,5.774701724123565e-09,-2.911962799754188e-06,0.0002294909629801872
576,1,2.019442716326341e-05,2.430852885589214e-09,0,0.0001504620212751231
576,2,8.787762624076564e-05,5.165346271565197e-08,-2.701566351229527e-08,0.0006890660512154571
577,0,3.09571412307467e-05,6.421533369171039e-09,-5.798057776118255e-07,0.0002429213865005375
577,1,9.243218023998639e-05,3.068667062385106e-08,-6.208196647349245e-05,0.0005164467107654752
577,2,0.0003022185360809165,2.742721518027517e-07,-1.025202118810239e-07,0.001237758200524116
578,0,5.6292158290891e-05,9.618699288389044e-09,-1.967619402671079e-06,0.0002352137690802186
578,1,0.0001067678816066615,7.979566379941857e-08,-7.911720211542733e-36,0.000854143052853292
578,2,7.81170429794696e-05,4.275727293207235e-08,-2.590261564593783e-07,0.0006252010041267816
579,0,0.0006150180788656182,2.580501116539989e-07,0,0.001758266109216659
579,1,3.967080595791623e-05,1.047195048541436e-08,0,0.0003103985260382103
579,2,4.179792997959943e-05,7.245750320777861e-09,-1.206901122772778e-07,0.000256662065506787
580,0,1.972430576890529e-05,1.116997605606409e-09,0,7.785602480295707e-05
580,1,0.0002917935943286437,4.298467736378243e-07,0,0.002017589012992782
580,2,0.0007723625265129075,8.783485931280369e-07,-1.189264580917415e-07,0.002444265273410442
581,0,0.0002572728160165543,5.281748923334438e-08,-3.388042183511859e-06,0.0006888140962862183
581,1,1.273180199127857e-05,1.061875362541326e-09,0,9.890966378829829e-05
581,2,9.191306324344515e-06,5.903132026306715e-10,0,7.347342327968938e-05
582,0,0.0001757629248894084,2.090499803442371e-07,-2.003484693355366e-19,0.001385318987494547
582,1,0.0001269492658330098,4.812255975895097e-08,-1.118984803986298e-05,0.0005303208420014096
582,2,0.000579462739083583,4.476803374164939e-07,0,0.001790172252911201
583,0,0.0001054665796549168,3.310326149309614e-08,0,0.0004215530700969724
583,1,6.300678797010103e-05,3.004729836700782e-08,-4.636546428267699e-05,0.0005192900648751151
583,2,7.864314174324882e-05,4.329492292736974e-08,-2.276414540816718e-08,0.0006291560480251025
584,0,-1.390461565392574e-07,1.064355809507138e-13,-9.963395080142903e-07,0
584,1,9.08275859270995e-05,8.233857084213793e-08,-7.60193335124402e-05,0.0008467078476429579
584,2,-7.969804558421153e-11,7.809477151879432e-16,-5.620899382278661e-08,5.557140945811292e-08
585,0,0.0002048624472105885,4.213529430301303e-08,-1.464212010686021e-06,0.0004193180069300552
585,1,0.0002237450731915946,1.17978871614074e-07,0,0.0008641581092715
585,2,-2.070479572660561e-08,8.277676409153976e-16,-7.768614108487632e-08,0
586,0,6.156731690608235e-05,1.137184660707152e-08,0,0.000247255318392999
586,1,0.0001117336432632249,9.004236483059159e-08,-1.513012801811364e-05,0.0009055269175737641
586,2,0.0002819881267139058,2.947672874597018e-07,-7.984811313219258e-08,0.001602098060760218
587,0,6.708067790727232e-05,3.100428637147806e-08,0,0.0005329378162573709
587,1,4.902934408833737e-05,5.259711575587957e-09,0,0.0001902814832696442
587,2,6.720897406208161e-05,1.893631454936366e-08,-2.113375550851446e-07,0.0004155231629680883
588,0,-1.835963830101186e-06,1.685008154811217e-11,-1.23764139726004e-05,5.648296377103082e-07
588,1,-6.973323114483525e-06,3.688831144999367e-10,-5.775975583898851e-05,1.973170923120311e-06
588,2,-1.486222341693417e-08,3.048008872240633e-15,-1.585676691014399e-07,3.033734568277522e-08
589,0,0.0001077929859885357,4.529132702271478e-08,0,0.0006369343045896432
589,1,2.76801083489562e-05,1.443594548573162e-08,-0.0001126722175881442,0.0003300078629553527
589,2,0.0002318132624329534,1.728173225322173e-07,-4.836836113988832e-08,0.001142609735606148
590,0,0.001060018557755308,2.847286452574011e-07,0,0.001676247818114015
590,1,0.0005882479556241081,1.989907260013022e-07,0,0.001111820392797132
590,2,7.953525220061165e-05,4.429013667590852e-08,-7.891505795902261e-08,0.0006363394823334951
591,0,2.134106761314479e-05,3.192770115711969e-09,-8.732895517094667e-07,0.0001708351596301909
591,1,0.0002992226464238782,2.247098571638012e-07,0,0.001432552078527032
591,2,0.0001905236079457565,2.542188840262328e-07,-3.128391164834006e-07,0.001524514655750478
592,0,0.0002489252798439324,3.716632770411171e-08,0,0.0004082241005500599
592,1,-2.539776163415183e-07,4.204466365213399e-09,-0.0001488510731913089,0.0001022985187399663
592,2,4.256417515788314e-05,1.269133999007339e-08,-1.210475063463865e-07,0.0003406235122309233
593,0,4.747070611817786e-05,1.763610453443793e-08,-8.783424638228492e-06,0.0003987289973922389
593,1,5.826950962895014e-07,6.809891982023883e-11,-1.882742519789969e-05,9.893684601075841e-06
593,2,8.018938412676489e-05,1.619631703368076e-08,-2.305253236733135e-08,0.0003339574979070599
594,0,-1.400832884455516e-07,1.373632939120373e-13,-1.120666307564413e-06,0
594,1,4.755601249836447e-06,8.126411009930211e-10,-3.765485039579939e-05,7.248325122140269e-05
594,2,0.0002861032600391807,3.498958261633882e-07,-5.425484736952009e-09,0.001790413889008752
595,0,0.0007320057013216383,3.639075843159298e-07,0,0.001370990233005339
595,1,0.001172404602602438,4.38235958876768e-07,9.776308486157421e-06,0.002187005349769743
595,2,0.0002583750769847876,1.518453786977815e-07,0,0.001179106305798111
596,0,0.0006204399853551831,5.208181640673393e-07,0,0.001682297049237426
596,1,6.770894727493682e-05,1.641891759825378e-08,0,0.0003837625524480131
596,2,-1.189904001149559e-08,2.107852334465689e-15,-1.090026599784308e-07,6.392153912880498e-08
597,0,-1.386745080194751e-06,6.499972540338207e-12,-7.214219303170562e-06,5.210126167591064e-07
597,1,6.388281289175838e-05,3.071294834104192e-08,-1.909541078321336e-05,0.0005267397467176253
597,2,0.0001202068153960153,1.011566262016051e-07,-2.201254264204828e-08,0.0009616914455458169
598,0,4.430587930766689e-07,2.879223739420432e-12,-1.254525774350835e-06,4.798996118964187e-06
598,1,8.192414337797929e-05,7.313717789199705e-08,-7.394316587504693e-05,0.0007932452351911821
598,2,8.76954428797466e-05,3.024674314537467e-08,-1.867318091013879e-08,0.0005260251459176707
599,0,0.0001602114804101736,4.414678544326521e-08,-7.89014492043227e-06,0.0004559159397212221
599,1,1.904886465507994e-05,2.006595192686187e-09,0,0.0001373604095530618
599,2,0.000126314671714618,3.690156663494354e-08,-1.310589893502859e-09,0.0005513739102522034
600,0,5.470392446116816e-05,2.117646744542939e-08,-2.102266366108078e-06,0.0004397129454792184
600,1,3.321525531421294e-05,6.796598913549226e-09,0,0.0002511584461974962
600,2,0.000288108247321215,2.552115863851955e-07,-7.710192378454031e-09,0.001309897361025667
601,0,0.0007448960564592446,1.156951443040137e-07,0,0.000995052779593905
601,1,0.0005362496020755924,2.646047840200866e-07,-4.160393744880925e-06,0.001445640594525587
601,2,7.81363096106607e-05,2.288212836351356e-08,-4.196211975809218e-08,0.0004476825243536693
602,0,0.0002268828755288416,1.409733167673924e-07,0,0.001147696711483573
602,1,0.0001920807541663836,5.811066199031251e-08,0,0.0005970717580695065
602,2,0.0003891144903352131,5.242058913173669e-07,-1.556709844026755e-08,0.002219736172049351
603,0,0.0001545158321275208,4.393056675143638e-08,-4.608258779428398e-06,0.0006399903814420469
603,1,3.602990523085689e-05,5.118531825527975e-09,0,0.0002155357340501904
603,2,5.934478439865492e-05,1.594027023101135e-08,-5.627436387170607e-08,0.0003839631237673579
604,0,-1.318706448756824e-06,4.046584115353579e-12,-4.959321229296404e-06,0
604,1,3.949235051742058e-05,1.254321407499066e-08,-2.011824377490515e-05,0.0003352872533796054
604,2,3.300606933010766e-06,7.745718998069407e-11,-8.697237867329647e-08,2.658566231321384e-05
605,0,7.746774442324636e-05,4.354580346006132e-08,-9.072801517914813e-06,0.0006295185684399089
605,1,1.307525130657824e-05,2.535908909282163e-09,-3.904948860473844e-05,0.0001418694134002029
605,2,0.0001048312882022042,5.693881029432514e-08,-8.134358775034604e-09,0.0007289695510078308
606,0,1.737674859176044e-05,1.997780907156042e-09,0,0.0001356057483759031
606,1,2.490319456485654e-05,3.086906793094488e-08,-0.0002225880330209951,0.0004486655754535148
606,2,0.0002429468484785003,2.51313132144445e-07,-3.306227581963656e-08,0.001516706959532112
607,0,-7.798339411555007e-07,7.19373687320691e-12,-4.994262069264814e-06,3.566160207834681e-06
607,1,-1.126838152669358e-05,4.895282379924215e-09,-0.0001322262859297917,0.000139551932803218
607,2,0.0001135587609043458,6.519809408301026e-08,-7.917218478444735e-08,0.0007798601048382857
608,0,4.54325565615525e-05,1.965309382110923e-09,0,0.0001154622789087876
608,1,4.337645983055577e-05,2.622234020754552e-09,-3.925332345093117e-06,0.000131262141043163
608,2,4.335716338981747e-05,7.645485415620625e-09,-2.602549422283903e-08,0.0002630102045977538
609,0,3.70791167465344e-05,2.460788720204471e-09,0,0.0001289385801714492
609,1,0.0001824718009066225,1.392789879352386e-07,-2.392579681590964e-06,0.001165508825489959
609,2,0.0003029745645383349,3.416692981117949e-07,-4.287300443076732e-08,0.001819604047202979
610,0,0.0001387992798047352,4.907044913167852e-08,0,0.0006709275501964862
610,1,0,0,0,0
610,2,0.0003404033556025439,2.439091893342985e-07,-3.504549830058491e-08,0.001391585667137849
611,0,0.0005237114079427711,2.464318197333487e-07,0,0.001207424774801333
611,1,0.0002405968393223443,2.012761107232037e-07,0,0.001389297195249229
611,2,2.371270066501447e-05,3.938180519969222e-09,-4.835117467553562e-08,0.0001897466162336707
612,0,0.0002774013231545293,1.056370172142444e-07,0,0.0008396522092051248
612,1,0.0001815340110081519,9.756348922016086e-08,0,0.0009640977779870627
612,2,0.0001317844326119755,5.226081407612084e-08,-2.530326893471102e-09,0.000553085070496489
613,0,-1.31968843551912e-06,1.936431227344195e-11,-9.252779093335326e-06,5.76565885243515e-06
613,1,4.273449494194801e-05,7.147420748706214e-09,-3.310788161239594e-05,0.0002095979271288635
613,2,-1.409798428835896e-09,9.672997825786792e-17,-2.403638500625392e-08,1.446011949300047e-08
614,0,0.0001484406832494287,7.162142316487141e-08,-4.618857757739771e-07,0.0008269477415895711
614,1,0.0006665023318973793,9.340544572657995e-08,5.902955938093973e-06,0.001018624345249317
614,2,0.0003343229857102069,2.703776314245807e-07,-4.497343264711646e-08,0.00148716839850876
615,0,-3.257693692383318e-07,7.428797735375838e-13,-2.606154953906654e-06,0
615,1,0,0,0,0
615,2,0.0005229779035801725,2.693941210983782e-07,-8.201230594525941e-09,0.001500044250016912
616,0,0.0001723890551854189,1.85606893419457e-08,-1.027252257414614e-05,0.0002833787013838224
616,1,0.000107620733397914,2.037121773735165e-08,0,0.000389470273659384
616,2,0.0001126705982506223,8.888603393358203e-08,-8.782325448653165e-08,0.0009014685643599292
617,0,1.5752731779288e-06,7.58190012398072e-12,-2.160747170045418e-08,6.954759286843583e-06
617,1,0.000286320359295973,8.073109127215326e-08,0,0.0007220764559439786
617,2,0.0001667285470260651,8.407698034272676e-08,-3.786418517721158e-08,0.0007187498402248639
618,0,0.000142973861669886,2.360117191210742e-08,0,0.0003937203846033872
618,1,7.635202816656843e-05,1.965426636222506e-08,0,0.0004200983092117093
618,2,0.0004980410337926054,2.550365965116538e-07,-6.052199191955838e-09,0.001389845304899114
619,0,0.0005150045423587348,2.43450634584421e-07,0,0.001134088024503794
619,1,-1.007938301597223e-07,7.111577338786868e-14,-8.063506412777785e-07,0
619,2,0,0,0,0
620,0,0.0002273040170812801,1.550292106175312e-07,0,0.0009197729757644483
620,1,0.000176084125174409,3.87859362590439e-08,0,0.0005178663459789626
620,2,0.0002558210462917979,2.139329372642633e-07,-3.728271533592752e-08,0.001288534048373937
621,0,0.0002553642652928758,1.149441200761265e-07,0,0.0007735593746100091
621,1,0.0003652931281485052,1.411564924309834e-07,0,0.0009293877911586835
621,2,3.334594526077444e-05,7.785533612418808e-09,-2.116071913979341e-08,0.0002667955864467195
622,0,7.815676502870362e-05,4.187461426794808e-08,-3.600484924512573e-06,0.0006194853065888853
622,1,0.0001300836460306465,5.16669206997273e-08,0,0.0006344821994191775
622,2,1.493934372628998e-05,1.565144423126601e-09,-7.860562411505461e-08,0.0001196102837784829
623,0,3.47849141692072e-05,3.702973358794728e-09,-1.847485808868045e-06,0.0001457547918580157
623,1,0.0001544468577560999,4.83909581457771e-08,-4.930994923795857e-05,0.0004931960097946797
623,2,4.946597018704407e-05,1.713268732064175e-08,-2.838458242305009e-08,0.0003957733622361964
624,0,0.0001575335002712929,7.445803537177484e-08,0,0.000635656409472295
624,1,-5.068961295443857e-06,9.145324916781799e-10,-8.443377161770194e-05,1.240129883318072e-05
624,2,5.294184565261428e-05,1.517217211340198e-08,-1.982077943328778e-08,0.0003762474006227887
625,0,8.862895093264287e-05,5.536563266741852e-08,-2.137304132831693e-06,0.0007111689115939747
625,1,1.002429602295925e-06,1.956468228626813e-12,0,3.348327051848756e-06
625,2,9.313316228049346e-10,3.783256008855776e-17,-5.912940647034823e-09,1.635995665425334e-08
626,0,1.480171993812275e-08,4.871120618454998e-14,-4.470365843948245e-07,4.086887049382588e-07
626,1,0.0001831384191033444,1.223653731680564e-07,0,0.001042022647515681
626,2,-1.061768304588205e-08,4.898224422698085e-16,-6.579524665364137e-08,2.83974286404359e-09
627,0,2.561207815246573e-07,2.816129819297882e-13,-2.383079530479066e-07,1.37285792169546e-06
627,1,9.590480917609699e-05,3.626369390428887e-08,-1.438572846250852e-05,0.000562320345909025
627,2,0.0002983504123985392,3.303656480757495e-07,-1.962570100788319e-08,0.00177531932236314
628,0,0.001032780251610035,3.141515832524892e-07,0,0.00195058809091166
628,1,0.0002536897813710458,1.16499352473787e-07,-2.627654290652086e-05,0.001045874442709665
628,2,-2.753665192039349e-09,9.033741832313264e-17,-2.708762348249299e-08,6.820314410036791e-09
629,0,-3.68133682012913e-07,5.665211451749025e-13,-2.272419523951034e-06,0
629,1,-8.548371940210293e-06,2.778935797965565e-10,-4.078052350442367e-05,5.736947317270246e-06
629,2,7.091799336211559e-07,3.52055324775635e-12,0,5.673439468969247e-06
630,0,-1.102863649380216e-06,5.370545680242364e-12,-6.813739916992243e-06,4.530502646103375e-07
630,1,0.000101625863164309,3.631605451131391e-08,0,0.0005637559731417201
630,2,-5.222206885501185e-10,1.374918722612244e-17,-9.035868598038047e-09,5.489093150221719e-09
631,0,1.885187307564834e-08,2.487751829222484e-15,0,1.508149846051867e-07
631,1,0.000122510745581458,1.090674714133305e-07,-4.172056487998587e-05,0.0009950934814982487
631,2,-5.867730535489483e-09,3.291277898954326e-16,-5.03381770770171e-08,1.682238931567573e-08
632,0,0.001415685891889758,9.134294421603441e-06,-4.178597552102069e-06,0.00936212032019113
632,1,0.007669820123652136,8.560472234077363e-07,0.006200047617480628,0.008985112709834831
632,2,0.006804421054548391,8.1494217545834e-06,0,0.009509629596048142
633,0,0.0001818505336680878,2.314873161675782e-07,0,0.001454804269344702
633,1,0.000393843178369389,2.337550968991154e-07,0,0.001221897419188032
633,2,3.017323862234178e-05,6.373848927804318e-09,-2.551221473284136e-08,0.0002414004659937533
634,0,0.000231970342836776,2.75945371276754e-07,-4.98253268786786e-06,0.001603916078471435
634,1,8.646911933985518e-05,4.967093567465973e-08,0,0.0006760938870732719
634,2,-1.648043264861986e-08,4.890370758463272e-16,-6.440038218824998e-08,4.311822521537718e-09
635,0,0.0001862868946380821,2.477272376257596e-07,-6.423814908198571e-06,0.001503117433556401
635,1,5.951262521209224e-07,4.446865598669054e-11,-1.079616076382761e-05,1.555717078079499e-05
635,2,0.000247018492709183,2.493829260723215e-07,-3.560726020203796e-08,0.00150312944412661
636,0,0,0,0,0
636,1,-4.222757837461651e-06,1.248217862769066e-10,-3.378206269969321e-05,0
636,2,0.000123912595151175,1.07497438109517e-07,-7.247445825742128e-08,0.000991369832212875
637,0,-3.068999985846298e-07,2.196406009433001e-12,-3.749728442728859e-06,1.956153755429527e-06
637,1,9.092930448415563e-07,2.889220149332867e-12,0,4.915888137100674e-06
637,2,0.0001262917313164158,1.021605896628736e-07,-2.856731229671604e-08,0.0009712656500342795
638,0,0.0002194585967669949,9.321594009075172e-08,-5.7301094690069e-08,0.0008479198242324676
638,1,2.242915766494452e-07,2.211987777920544e-13,0,1.427368697103039e-06
638,2,6.780180375891238e-05,3.218569436223717e-08,-2.810721797736508e-08,0.0005424594276695895
639,0,1.869843469570929e-05,2.5414466246842e-09,-2.973743924631608e-06,0.0001519983920804066
639,1,8.996138103396731e-05,5.586797432676845e-08,-1.965375116458299e-05,0.0007148190527445446
639,2,-1.110209730762302e-09,4.050749033375341e-17,-1.657505391948231e-08,7.693376073383898e-09
640,0,4.069950505894141e-07,2.172363725257721e-12,-8.961833175513891e-07,4.230227877750903e-06
640,1,0.0001192419138544429,1.020256557367586e-07,-1.764960987231564e-05,0.0009641512066152155
640,2,2.183823542306796e-07,3.344447375964789e-13,-1.392704590909521e-09,1.748451538436346e-06
641,0,-6.20591977433952e-07,2.90182285687946e-12,-5.125411344500595e-06,1.606755250289796e-07
641,1,9.521355590838949e-07,3.850739481586069e-10,-3.529921974463137e-05,4.291630421730253e-05
641,2,0,0,0,0
642,0,-1.292273809440897e-07,2.788380934709478e-12,-3.347262601837414e-06,3.279499587360817e-06
642,1,-4.746980555149033e-06,1.577367707367411e-10,-3.797584444119227e-05,0
642,2,-5.937657853381876e-09,5.967395784847308e-16,-6.819504655341777e-08,1.956689699449534e-08
643,0,0.0001076612956555784,3.52148358136896e-08,-5.993272116046544e-06,0.0004415056287219229
643,1,2.687647139532466e-06,4.843148047615424e-11,0,2.109682246931573e-05
643,2,-4.122365354394396e-09,5.108256869696528e-17,-1.712469476566817e-08,0
644,0,-2.129640193255789e-06,2.933151562104077e-11,-1.644965301077521e-05,0
644,1,-7.480842529040979e-06,7.615334882138913e-10,-7.803813181924919e-05,1.924787220509489e-05
644,2,2.145220821774048e-05,3.224593078507226e-09,-7.873871378905118e-08,0.0001716925051327976
645,0,7.185076870578732e-07,3.613773074528783e-12,0,5.748061496462986e-06
645,1,-1.810820855007588e-05,9.984619425244287e-10,-8.713308816763994e-05,1.634908698054363e-05
645,2,-7.035040701958728e-09,1.494392440247701e-16,-3.01036810686334e-08,0
646,0,0.0002518288011417136,4.4226339408151e-07,0,0.002011327473073752
646,1,0.00110655801651931,3.320565331861945e-07,3.359526894033786e-06,0.001770542052005922
646,2,0.0004894821674266476,3.660017536420665e-07,-1.604948841781406e-08,0.001749356068844381
647,0,0.00019849020922232,2.817553222374643e-07,-8.498998094537814e-06,0.001602840035130027
647,1,0.0001687347895419127,4.094984316754381e-08,0,0.0006017269878043934
647,2,0.0008385592077601757,7.248711702939097e-07,-2.160529520282434e-09,0.001968620215338617
648,0,0.0001491196181957885,8.864573766611258e-08,-2.895025211507548e-06,0.000890069043638698
648,1,3.112371926386591e-05,3.270932738870775e-09,-9.456230555257112e-06,0.0001455387999613297
648,2,0.0002958188659540721,3.571142246984623e-07,0,0.001847601831696155
649,0,-6.944428310180968e-07,3.491494713955025e-12,-5.637660956416781e-06,8.211830827200706e-08
649,1,2.834246978226465e-05,3.398787212851658e-09,0,0.0001762634537699042
649,2,0.0003051539746458434,4.484914910340692e-07,0,0.002058627758858516
650,0,0.00137825434342562,1.161974153283835e-06,0,0.002428552743775646
650,1,0.0009055538803285465,3.939272090581881e-07,1.622221751371264e-06,0.002016792262970237
650,2,-4.732978168712662e-09,1.869473538909193e-16,-3.50738190883129e-08,1.620460838871534e-08
651,0,0.0001307509417777266,1.19793668189865e-07,-4.672334781111916e-07,0.001046477709943809
651,1,0.0003780211580366208,2.443392401236244e-07,0,0.001525533684655153
651,2,0.0003324753478513158,3.025203630131554e-07,0,0.001668652663141543
652,0,0.000551568676604383,1.003589053940462e-06,0,0.003098461362547983
652,1,0.0002122144092365294,3.122683033695145e-07,0,0.001690683131121988
652,2,7.113290315166428e-05,3.542339067671771e-08,-3.749647624884455e-08,0.0005690924733520847
653,0,8.006814445265153e-05,4.543692402060055e-08,-3.540026891921073e-06,0.0006440264893451559
653,1,1.137178317011118e-05,1.182828482086814e-08,-0.0001030125882521595,0.0002757579066043312
653,2,3.277328776703559e-05,7.519177530499454e-09,-7.127044139378836e-09,0.0002621948270270302
654,0,0.0005988144522866122,1.833623714031599e-06,-3.766502337690711e-06,0.004135679956307039
654,1,0.002651959835071337,1.620062826631103e-07,0.00180599398093162,0.003097469822629639
654,2,0.0006550620815410807,7.239347034395826e-07,0,0.001961165387884235
655,0,0,0,0,0
655,1,3.790048367657338e-06,2.334126404711254e-11,0,1.103983431569883e-05
655,2,0.0004378327039160885,1.341884026748917e-06,-2.417922730895532e-09,0.003502663561767393
656,0,0,0,0,0
656,1,1.352201443804497e-06,4.253873946044691e-12,0,6.142325343482403e-06
656,2,6.555561617918213e-05,1.45691932116773e-08,0,0.0003441145100881945
657,0,-4.645920361706944e-07,8.80351666420766e-13,-2.823385007128343e-06,0
657,1,1.134084402339669e-05,8.771240273511582e-10,0,8.969304100827434e-05
657,2,0.0002446094005688205,5.263408300174969e-08,0,0.0006301250983384611
658,0,7.044055921438632e-06,3.534910972362706e-10,-1.237072264992402e-06,5.677033751900756e-05
658,1,5.197510942270329e-06,1.315834198565247e-10,0,3.500849092360072e-05
658,2,0.0002713204572482977,1.71275667162977e-07,-1.867402416173219e-09,0.001232445670587862
659,0,0.0002301600110009623,1.628521480933414e-07,-1.367806416022878e-06,0.001040579507870787
659,1,2.757022733412116e-05,4.823677588180096e-09,0,0.0002111436930064733
659,2,8.853292558088034e-05,2.412531417204955e-08,-1.999259067508576e-08,0.0004034968833262088
660,0,5.159143127303056e-05,1.839315541875076e-08,-5.728675032988548e-07,0.0004104025426652347
660,1,2.064275769944058e-06,7.283957614349635e-12,0,6.279867286928046e-06
660,2,0.0001458080268642701,1.042044387374506e-07,-3.324172787752712e-08,0.0009853355459657123
661,0,6.759864082282768e-05,3.404565295886992e-08,-1.194876845414698e-05,0.0005556750161065929
661,1,0.0002309631699184444,1.021886206894709e-07,-5.45012334023326e-06,0.000942669845031691
661,2,0.000522883678604686,4.823254127124514e-07,0,0.001607058377731031
662,0,2.068538557649073e-05,3.128192349510789e-09,-1.586553637687274e-06,0.0001686556694555099
662,1,0.0005321075296232271,5.019265890737242e-07,0,0.001813135903593318
662,2,0.0001671701016319731,8.491101266423231e-08,-1.385197974056264e-07,0.0007334352007842579
663,0,0.0004130217172952438,7.769525040399134e-07,-4.585524795136928e-06,0.002732400479875175
663,1,0.0009767396173165496,4.33158178871212e-07,1.649977132789132e-05,0.001871700616400607
663,2,0.0007052829939129203,6.894514553844744e-07,-6.391703377359794e-09,0.002418122266079744
664,0,0.0002605114705140534,4.855007836100231e-07,-9.432336621269478e-06,0.002103993910054409
664,1,0.0003595583756953798,1.755839397743036e-07,1.668557078813009e-06,0.001321218133931809
664,2,0.0001002549984664003,3.182230394491985e-08,-2.711166346046416e-08,0.0004826764691656358
665,0,-4.253032653634729e-06,2.123398666752751e-11,-1.218304063130345e-05,3.162982983135422e-08
665,1,0.0002246953653310713,1.010206436409524e-07,-2.20634162550901e-05,0.0008088802061096711
665,2,0,0,0,0
666,0,1.538035874538585e-07,1.655888045957369e-13,0,1.230428699630868e-06
666,1,7.476595187462255e-05,4.621479652654531e-08,-4.412683251018022e-05,0.0006422544475071605
666,2,0,0,0,0
667,0,-2.877432621146503e-06,3.429844715307065e-11,-1.766102032830385e-05,0
667,1,4.142213223672304e-05,1.998256553883921e-08,-4.813349033812232e-05,0.000412107578081223
667,2,-1.383172979759218e-08,9.195036778481304e-16,-9.269635491143969e-08,0
668,0,5.102281689978537e-05,2.02591152896377e-08,-1.025932967372306e-05,0.0004274263902966505
668,1,5.572232323117019e-05,1.962550110175602e-08,0,0.0004261702856118236
668,2,5.473051456798254e-05,2.096858998189739e-08,-5.348027682658645e-09,0.0004378494645715429
669,0,1.192717586141979e-05,9.928102409546678e-10,0,9.529179577339419e-05
669,1,0.0001005430922614159,3.539825870832155e-08,0,0.0005668479010867803
669,2,-4.304652704488862e-09,6.442382152156316e-17,-2.316292467332121e-08,0
670,0,0.0003108966584665422,2.181817076232004e-07,-1.570608051187029e-05,0.001397815487661672
670,1,1.950771812613153e-05,2.144831092303482e-09,0,0.0001417809327977468
670,2,6.492447091538048e-06,2.946973256252078e-10,-8.227387941968412e-09,5.191139469038448e-05
671,0,9.740081008450528e-05,6.644699408804797e-08,-1.97943204021868e-07,0.0007794044238800641
671,1,6.830472362179103e-05,2.889969589221547e-08,0,0.0005179555347665708
671,2,3.188251796965419e-05,7.128440435288243e-09,-1.031968780864586e-07,0.0002552635160164033
672,0,0.0001922505417375604,6.360907333550748e-08,-1.552702661783866e-05,0.0005214975873506642
672,1,4.98515423066931e-05,1.420052111460337e-08,0,0.0003641411327058732
672,2,0.0001577617808813047,7.476310622163927e-08,-2.415692587426391e-08,0.0006509664559186566
673,0,0.0003588105992306649,7.404059125989478e-08,0,0.0008082950920493811
673,1,0.0004001833509777358,1.740187820456374e-07,0,0.001318576858267076
673,2,-7.519481650089895e-09,5.185773901316003e-16,-5.600458217532031e-08,1.63903774895196e-08
674,0,8.129309203986989e-05,1.550604166157253e-08,0,0.0003254352818557048
674,1,2.670451354168337e-05,4.214526358899833e-09,0,0.0001983047506868051
674,2,0.0001184932991362427,9.828644031030167e-08,-1.028656891177891e-08,0.0009479540167611478
675,0,3.183010953658871e-06,1.158451583242147e-10,-5.840865393410263e-06,3.120397139161723e-05
675,1,6.071359145069204e-05,1.663513676086088e-08,-6.891591734989636e-05,0.0002969180371600456
675,2,4.777840290164555e-05,1.598041981046488e-08,-1.333335010779528e-08,0.000382237576080261
676,0,0.0001143032008330809,5.114544984984066e-08,0,0.0006950175244230982
676,1,0.0002700010351360888,1.234615635922334e-07,-7.23837190473124e-05,0.000991241163542098
676,2,0.0003808990101252417,2.982944584884599e-07,-3.056104945217872e-08,0.001493049154887179
677,0,8.509190137972756e-05,2.227281131883561e-08,0,0.0003873108170657895
677,1,0.0001563394202024358,6.247418381060267e-08,0,0.0006680202049731184
677,2,0.0005734204640715057,2.747495163208257e-07,-1.519320883207563e-09,0.00139966424236828
678,0,-1.042496855979994e-06,1.373268674742434e-11,-1.064217025917419e-05,2.302195411334238e-06
678,1,6.192773833841408e-05,1.659829280017003e-08,0,0.0003909327886165461
678,2,2.242463778534087e-06,3.551747835455919e-11,-3.952922121943399e-08,1.801018173259382e-05
679,0,5.457840299348126e-07,2.131459352607683e-12,-4.200992545601231e-08,4.408282164934513e-06
679,1,0.000112928523358741,5.815479966179616e-08,-0.0001313463554437127,0.0006154492344504765
679,2,0.000182201654451917,7.816078385232436e-08,-3.0166838396578e-08,0.0007098699296827633
680,0,8.878815820742023e-05,2.364606759575889e-08,0,0.0003552437922273826
680,1,-3.840983234851137e-06,3.875762511487002e-10,-5.316306300026384e-05,1.960374560104254e-05
680,2,6.632795106604331e-05,3.079784221656787e-08,-1.241435036869668e-08,0.0005306391564043907
681,0,0.0001750157592611271,9.508577305111694e-08,-4.303276979890196e-06,0.0008027552433102581
681,1,9.768018877399919e-05,9.038815833871799e-08,-0.0001063261260005277,0.0008877676361925212
681,2,0.0007425994883567749,2.802458596215309e-07,0,0.001617244793489839
682,0,0.0004338754280834289,4.270424449113562e-07,0,0.001935892315477936
682,1,4.429956418255812e-05,2.567374337770303e-08,-0.0001040182359154041,0.0004585517919844079
682,2,0.0001162717485147939,5.865049884707421e-08,-2.185256273832955e-08,0.0007341005182000817
683,0,0.0003691160627774641,1.993742634971981e-07,-6.086133284926342e-06,0.00100747587968025
683,1,0.000508530902643517,2.659348507244256e-07,0,0.001423999300670659
683,2,0.0003697630253408663,4.821444965600753e-07,-1.186848365674537e-09,0.002015597093619575
684,0,0.001157369252384922,8.104208827497182e-07,0,0.002507225368876759
684,1,0.001322858955710164,9.096894848524302e-07,9.872607112027455e-06,0.002416739783741414
684,2,0.0001047427632056347,3.292505563914232e-08,-4.210787571032673e-08,0.0004244713328303728
685,0,0.000191220330330633,1.214167333594796e-07,-1.513760687742312e-05,0.0009592946594012562
685,1,0.0001628598912670025,9.518613199434065e-08,-0.0001754529016517046,0.0008731032316581892
685,2,-4.909830480078069e-09,1.687450474017255e-16,-3.927864384062455e-08,0
686,0,3.369754117490496e-07,1.523303971839594e-12,-7.243313178515061e-07,3.543306919300064e-06
686,1,3.109257121662109e-05,6.319705764859785e-09,0,0.0002413608060827249
686,2,0.0004092651311765853,5.060480362305808e-07,0,0.00196343480224234
687,0,-1.158110389011968e-06,8.337489057011592e-12,-8.597168938127845e-06,1.272619902508585e-06
687,1,7.339648988214607e-05,4.490913099875508e-08,-4.781070770027388e-05,0.0006325167678213017
687,2,8.375597796554921e-09,1.676283906337882e-15,-4.7040116386655e-08,1.082844447666964e-07
688,0,9.889927375745544e-06,7.400915426920673e-10,-2.708933825116453e-06,8.18283528310808e-05
688,1,0.0001698143978098249,9.609543464336545e-08,0,0.0009016783831048834
688,2,0.0004024845012205127,3.097370967246512e-07,-2.625998843210609e-08,0.001428296779800485
689,0,0.0004129193119330002,1.077146255441744e-07,0,0.0008167424766368274
689,1,-8.217792705257046e-06,3.819633479293814e-09,-0.0001551771417151171,8.359657204261608e-05
689,2,0.0002852350127551548,1.444802437464315e-07,-1.335314874914321e-08,0.001176735568119403
690,0,0.0001703461877704839,1.741073719478152e-08,0,0.0002728367274217686
690,1,3.747984596145023e-05,1.196053159140327e-08,-2.839014090610204e-05,0.0003257464546809321
690,2,0.0001259702596958296,8.634054171022435e-08,-1.672561894907778e-07,0.000900154049245508
691,0,0.0001402459579786797,6.269440001042635e-08,0,0.0007951080926823543
691,1,-1.967200781471952e-06,2.7089152402367e-11,-1.573760625177561e-05,0
691,2,4.054657522145407e-05,1.151643459934987e-08,-5.480859841480456e-08,0.0003244744535780944
692,0,9.970112735877768e-05,7.043453085740894e-08,-3.192744041122937e-06,0.0008018649497214122
692,1,0.0001185154070392865,3.552464878264397e-08,0,0.0005674347181364578
692,2,7.478434754306302e-05,3.916501247474933e-08,-7.303758952062347e-08,0.0005983825556641132
693,0,0.0002988934936086685,8.934110290294366e-08,0,0.000601381338505863
693,1,0.0005289803084395541,1.010442503920021e-07,6.952850901729697e-06,0.001037009254241707
693,2,2.182423896868799e-05,3.335763663454905e-09,-2.730459011267718e-08,0.0001746324360737694
694,0,7.404558985541229e-05,3.844675332824371e-08,-6.27292253450711e-07,0.0005928200399412418
694,1,3.716027207762747e-05,1.177728829939178e-08,-3.801882201473433e-05,0.0003214789203978872
694,2,2.575578785066143e-09,5.77150822518552e-17,-2.691263766370167e-09,2.251526652407049e-08
695,0,0.0003173528287950073,1.80183025744929e-07,-3.429450867427813e-06,0.0009775265191497124
695,1,-2.878681242967339e-05,5.682648901698067e-09,-0.0002280933311921205,3.033354652797653e-06
695,2,0.000111936157585581,4.798002276944524e-08,0,0.0006516343547490886
696,0,0.0001522593455338082,1.391006700236081e-08,0,0.0002442969071227757
696,1,0.0001514462155445169,1.672000190334307e-07,-0.0001807459096697003,0.001190890346027761
696,2,5.595963349281818e-05,9.607865457224817e-09,-5.499317631435613e-08,0.0002528451816100033
697,0,9.640232275997623e-05,9.295585255432608e-09,0,0.000194764960826991
697,1,0.000328574569683996,1.405376568418319e-07,-4.220629246510591e-05,0.001167173091409828
697,2,0.0001779322910528593,9.299359702254671e-08,-6.051302064496596e-08,0.0008796816899360707
698,0,3.544614884985251e-05,2.094379189165847e-09,0,9.577173698672566e-05
698,1,8.247023564200206e-05,4.552565526764082e-08,0,0.0006469486439999812
698,2,0.0003276724038104933,1.851925326614741e-07,-3.52759237701802e-08,0.001048791074562975
699,0,0.0003574246654990159,2.129206601565499e-07,0,0.0009532740880181769
699,1,-6.098808086762685e-06,7.134589205575307e-10,-7.480966367840776e-05,1.893623038687731e-05
699,2,0.0003369519451672995,3.142916025885796e-07,0,0.001693264449871526
700,0,0.0005224492278489009,3.964268844756561e-07,0,0.00158522142118947
700,1,0.0001089031228497541,2.715556607084361e-08,0,0.0004660994575642018
700,2,-7.648305602140047e-09,1.485810546036128e-16,-2.897401784050181e-08,4.192698588393704e-09
701,0,-5.198816104140304e-07,1.771624548598023e-12,-4.040084415835254e-06,0
701,1,0.0001516888928675286,6.532109881891724e-08,0,0.0007175679592187339
701,2,4.318018415550981e-05,1.30550730943589e-08,-3.932479577814505e-08,0.0003454805487259316
702,0,0.0001632976111296049,8.895417898362037e-09,0,0.0002198990388200065
702,1,0.0001103808385237336,8.396424679097791e-08,-2.099058215791739e-05,0.0008766233055840715
702,2,-5.016731567405477e-09,2.166555989689234e-16,-2.111122234457474e-08,2.847198545817865e-08
703,0,-1.758708974981641e-08,1.820319687239823e-15,-1.065090247102151e-07,3.412883384805018e-08
703,1,6.324766578215028e-05,2.510819285765684e-08,0,0.000482395430736023
703,2,6.549063974636423e-05,7.388738729627122e-09,-3.481938818859326e-10,0.0002025691626060595
704,0,0.0002250327544503622,3.543983202336172e-07,0,0.001800084568840759
704,1,1.463087601960582e-06,2.314572041253024e-11,-4.777898721149187e-06,1.03630935953686e-05
704,2,0.0001359952759730551,7.000468232557982e-08,-1.694663188105223e-08,0.0007967173998231098
705,0,3.126038975179598e-05,5.873626641773533e-10,0,5.135928254105843e-05
705,1,6.383035806455304e-05,1.370736027398955e-08,-7.666816653832607e-06,0.0003396243042989035
705,2,-1.269070069006933e-09,3.166572668876163e-17,-1.509293359087321e-08,6.09025813269497e-09
706,0,3.998297081545731e-05,7.770535901317366e-09,0,0.0002691335154171134
706,1,2.53915389383007e-05,1.864623379133364e-09,0,0.0001234145267182876
706,2,0.0001294299813792182,7.576566562635807e-08,-1.312236395791577e-08,0.0008371459799609933
707,0,3.322319021185113e-08,2.69552149159673e-14,-1.746385306493066e-07,4.404240523441156e-07
707,1,8.092822475476647e-05,3.425928492994096e-08,-8.051159927479583e-06,0.0005670871777779491
707,2,4.449334087078606e-06,1.389249660013419e-10,-3.917054580842984e-08,3.563384324243728e-05
708,0,-5.436644879216151e-08,2.068997527989503e-14,-4.349315903372921e-07,0
708,1,-1.047143307595354e-05,2.336782158689723e-10,-4.445486217729167e-05,0
708,2,2.375714192413271e-05,3.951336755642746e-09,-1.161260453284259e-08,0.0001900681668268359
709,0,0.000165527935565949,3.915186121975412e-09,0,0.0001903529450297094
709,1,0.0003698295312562438,1.477500147275048e-07,6.435061884000498e-06,0.001177066512595755
709,2,2.361992998538136e-05,1.885662497376704e-09,-2.257212218853202e-08,0.0001282647493995607
710,0,6.84999725666572e-05,4.814032644167245e-09,0,0.0001640306410963974
710,1,3.651518608641197e-05,6.091744380925264e-09,-3.485142538735054e-05,0.0002172230072610312
710,2,1.274978712953353e-05,1.139154763415202e-09,-3.433605533926033e-08,0.0001020474995135418
711,0,0.0001305448140555824,5.133986413667522e-08,0,0.0007120964627687345
711,1,0.0002539379451856986,1.338992851966602e-07,-5.516917470344126e-06,0.001116363997848888
711,2,0.001015507747235333,1.892169313844463e-07,0,0.001397868250351306
712,0,0.0002420870531935945,8.525272977705161e-08,0,0.0006182051010853212
712,1,1.63238862408085e-06,6.74705276876099e-12,0,7.760587790888884e-06
712,2,-4.532451634449699e-10,1.103232677276505e-17,-8.26775663384496e-09,4.641795326285201e-09
713,0,0.0003500997461830807,1.261966035720344e-07,-3.728790375081128e-07,0.000846453456058223
713,1,0.0002463593164289054,7.871396094147443e-08,0,0.000682802675171513
713,2,-1.996426499703479e-09,1.657189718172977e-17,-1.25963849446845e-08,0
714,0,-1.694065894508601e-22,2.008901478456058e-43,-1.355252715606881e-21,0
714,1,0.0001466599933521469,7.378492693793732e-08,-4.310704524904206e-06,0.0007894255349086162
714,2,6.141619731562241e-05,2.641094471039472e-08,-4.030016867804391e-08,0.0004913890004666387
715,0,0.000111129805615166,4.487957963751196e-08,0,0.0006672509621855498
715,1,2.387086355573333e-05,4.560696594094944e-09,-6.355414515292403e-05,0.0001814447483193575
715,2,7.117653856723153e-05,2.186563428658345e-08,-1.262118391457827e-08,0.0004480073054223159
716,0,2.150264169125378e-05,8.247755424031526e-10,-9.309266802647428e-07,7.256785145771027e-05
716,1,5.152086273044312e-05,1.635248994220404e-08,0,0.0003895586575672639
716,2,-9.236337019852263e-09,1.097144602717527e-16,-2.979425668300239e-08,0
717,0,0,0,0,0
717,1,6.284880260831909e-05,2.251739077347247e-08,0,0.0004590605829072574
717,2,4.135826603551945e-05,5.911344026630069e-09,0,0.0002212837765183999
718,0,0.0001097635022546088,1.20553310863137e-08,0,0.0002218497051572996
718,1,7.54161311846004e-05,6.616566420457306e-09,-1.261304787002729e-05,0.00019266512955658
718,2,2.367237213166593e-05,1.89573001313669e-09,-1.425798144492793e-08,0.0001239711011341454
719,0,5.83993668438789e-05,3.527070978465041e-09,0,0.0001269514262139479
719,1,0.000353567584591237,1.405377311452266e-07,-1.252255405925999e-05,0.0009316508872293101
719,2,3.154348940466358e-05,6.964547780598229e-09,0,0.0002523416652313245
720,0,0.0001771342565708028,3.159997907904967e-08,-1.296005996259545e-06,0.0003809459498408342
720,1,7.120802096654777e-05,1.373145270577484e-08,0,0.000356486494883865
720,2,7.625473304306065e-06,2.925523782530989e-10,-3.53545413829108e-08,5.223038179699944e-05
721,0,6.569264252154727e-07,3.020866297024661e-12,-5.742160129190547e-36,5.255411401723782e-06
721,1,3.363591188624932e-05,1.595594393718637e-08,-6.22068150857646e-05,0.0003635003895105645
721,2,0.0001008685208651849,3.403145714922821e-08,-5.08155401369926e-09,0.0005219260914540874
722,0,0.0003069940894872388,5.6925526694376e-08,-1.656879646819258e-07,0.0005323282825374834
722,1,3.2963347953919e-05,3.514564852789125e-09,-4.742160377358283e-05,0.0001566833074311401
722,2,8.766699708269166e-05,2.639979977830207e-08,-5.792379750447159e-10,0.000466311154175257
723,0,0.0001617136318611311,5.386116803713421e-08,0,0.0007269896784419879
723,1,5.275171029033868e-05,5.657637168268579e-09,0,0.0002168319686139191
723,2,0.0001795382112312132,1.137487321209482e-07,0,0.0009792798197446669
724,0,9.191454908052066e-05,1.231813903872247e-08,-5.584065290162789e-07,0.0002349615157661545
724,1,0.0001407079125865932,4.054810780298257e-08,-5.602605202946295e-06,0.000588578537288618
724,2,0.0001437748973308463,2.818780369802481e-08,-4.61272846973384e-09,0.000382796722203267
725,0,0.0002447208060343519,9.402926272926715e-08,0,0.0009413032105106553
725,1,0.000144625704259875,5.447500917003839e-08,0,0.0006769087638435086
725,2,-3.2687567758437e-09,2.755674627867031e-17,-1.612445460067979e-08,0
726,0,0.000226639544347587,1.3403241403109e-07,-4.894277098625869e-07,0.001112242086640885
726,1,7.952824565315075e-05,1.183572429264454e-08,0,0.0002943056138793914
726,2,0.0003109645371414899,9.664976920806518e-08,0,0.0008960058782776852
727,0,0.0001447219360296037,2.145261994740877e-08,0,0.0004683646877516817
727,1,2.098850300943033e-07,6.216630634744621e-11,-1.857288370647275e-05,9.857011795453251e-06
727,2,9.294041537404687e-05,4.139824828457148e-08,0,0.0006206350096463691
728,0,0.0001120070722623463,2.347730206136459e-08,0,0.000418577711780882
728,1,5.24977000837541e-05,6.383725726983051e-09,0,0.0002104415962031108
728,2,-2.969495523662615e-09,9.914804390575248e-18,-7.806627651969866e-09,0
729,0,3.631087984448561e-05,6.881537669662282e-09,-7.415058952837013e-07,0.0002533002948102411
729,1,7.650041228181615e-05,1.759447279075137e-08,0,0.0004176981290950077
729,2,0.0002155267722804905,5.907942686670808e-08,0,0.0005861208664440996
730,0,0.0001102547089478813,2.026026327097364e-08,0,0.0002944281609454343
730,1,7.892111069279968e-05,1.092180082763333e-08,-5.151679603336443e-06,0.0002726754729134625
730,2,0.0001115011949067433,3.972811603868883e-08,0,0.0005580715250809499
731,0,0.0004838326334544468,8.882217094000669e-08,0.0001318454029795737,0.0008456674492972352
731,1,0.000165116452215575,8.815560417764853e-08,-2.810305207927547e-06,0.0008440554710764824
731,2,-4.062008146684574e-10,2.335029190269386e-17,-9.381236978901049e-09,9.442188601409261e-09
732,0,4.114171974323189e-06,1.02660490790288e-10,-1.808025139061643e-07,3.085189929297868e-05
732,1,0.0001766373228981856,9.268141973775919e-08,-6.507982870916117e-05,0.000846918379462851
732,2,3.406340259162407e-05,6.166573436260596e-09,-4.025142339417487e-09,0.0002398989081695927
733,0,1.195530242583409e-06,4.054295015933087e-12,-7.968857447586392e-07,5.445902815363941e-06
733,1,3.94442344822905e-05,1.01577047979013e-08,-8.072747816145511e-05,0.0002457806447414467
733,2,0.0001816976951939017,8.853846631844618e-08,-8.98161664521002e-09,0.0009088703192986174
734,0,0.0004470979292218253,7.905918455354024e-08,0,0.0006996059056543093
734,1,0.0004995927544987084,2.053304574444532e-07,1.975896095812269e-06,0.001260245474902159
734,2,0.0001154019823824307,2.679319727213158e-08,-6.725547737924877e-08,0.0004254448789066343
735,0,0.0003547879719640963,8.7032376687417e-08,0,0.001021175049063417
735,1,6.685658094117379e-05,9.187208336961011e-09,0,0.0002642341026331345
735,2,8.966421030944543e-06,2.5765854175742e-10,-1.011181739122163e-08,4.400740443824387e-05
736,0,1.666805219100427e-07,5.905208729486814e-14,0,6.491171646381681e-07
736,1,2.208635477682447e-05,1.864252996972205e-09,0,0.000135718728496521
736,2,2.145438564811913e-05,3.222872786765619e-09,-2.004618832674586e-08,0.0001716546149463681
737,0,3.221054323029987e-05,7.121209879902096e-09,0,0.0002554743066029196
737,1,0.0001330799139492403,3.071041832023539e-08,-9.335624444025056e-05,0.000418420998023128
737,2,8.459817347969088e-05,1.309336928914994e-08,-8.545909802593948e-09,0.0002972454716223067
738,0,-2.830533211211883e-06,4.755193284227238e-11,-1.965031191156124e-05,3.530433960734616e-06
738,1,1.48377092586147e-06,6.51071377785062e-12,0,7.736870194765189e-06
738,2,6.59051587796329e-06,1.319138645457104e-10,-2.026074810337456e-08,2.900610119140174e-05
739,0,6.505959145714057e-06,2.92901032388962e-10,0,5.178572970498306e-05
739,1,1.864221848773161e-06,1.208084491792712e-11,0,1.002972677103313e-05
739,2,6.007596024426064e-05,1.189667471942008e-08,-2.103892324524291e-08,0.0003056630291352537
740,0,1.230537279482245e-05,2.232944317933211e-10,0,4.895710120152301e-05
740,1,5.561958323043062e-05,8.262394076191406e-09,0,0.0002353293751621234
740,2,5.606336826727997e-05,5.256027728218792e-09,-3.07343086738771e-09,0.0001739651804613113
741,0,5.833980258007564e-05,4.734827567275731e-09,0,0.0001843564878693381
741,1,5.429973795268095e-05,9.634424841170404e-09,0,0.0002862410660790296
741,2,1.162398742482974e-05,5.824153189078398e-10,-3.595241985090658e-09,7.310703199796429e-05
742,0,4.465714075765506e-05,1.61908052621007e-09,-6.588306053548714e-07,0.0001044741868964617
742,1,0.00012722020063319,3.316339557578584e-08,0,0.000512300381258024
742,2,0.0001183247052653391,1.920109208770047e-08,-2.700125821578627e-08,0.0003991549030128431
743,0,3.466724198207812e-05,1.323726911867808e-09,0,9.634872717575274e-05
743,1,6.102197420110268e-05,2.098287611289299e-08,-9.321141779537273e-05,0.0003934821076191029
743,2,0.0002113035830016591,8.708830897414689e-08,-2.057029036446792e-08,0.0007409063260063299
744,0,0.000189732593772496,6.721730765465967e-08,0,0.0006166059097100959
744,1,0.0003210872166531319,7.337576194264419e-08,0,0.0007430050476949428
744,2,6.604042593580411e-05,1.622204776509077e-08,-2.239076490166019e-08,0.0003761761478740026
745,0,0.0003005635722314087,9.27187013082742e-08,0,0.0006877195590885659
745,1,0.0001243511656099699,4.284284520459796e-08,-7.591191081710117e-05,0.0005132828868215945
745,2,-2.561384524991838e-09,2.255848397320731e-17,-1.335475056616363e-08,7.437595376710945e-10
746,0,4.619976893489094e-08,5.125381476149243e-13,-1.114665540355682e-06,1.683774535532346e-06
746,1,6.794766521321975e-05,2.51194272556785e-08,-1.849566341255649e-06,0.0004854559881708747
746,2,2.002201158031688e-05,1.278956567365827e-09,-2.20838127112145e-09,9.755910546014678e-05
747,0,-1.191371256829308e-06,9.935558301193316e-12,-9.530970054634466e-06,0
747,1,0.0001177671543122004,4.117839469694766e-08,-0.0001159254096064579,0.0005880414052390772
747,2,0.0002116759559788057,6.295814802827684e-08,0,0.0007478125321489736
748,0,0.0003805375245482005,2.132042471555528e-08,0,0.0004602714765148295
748,1,0.0001066019831629813,3.254183602579546e-08,0,0.0005577692287326459
748,2,8.379038671093401e-05,1.552847783863876e-08,0,0.0003566136087772415
749,0,-7.764477183409501e-07,3.165499213858697e-12,-4.785566531411589e-06,1.170956517029798e-06
749,1,5.520686319366581e-05,6.047662612573655e-09,-1.188297659489688e-05,0.0002118767075312535
749,2,4.9576737900206e-05,1.720679671384974e-08,-1.097262037634023e-08,0.0003966323197368382
750,0,5.491136545973365e-05,2.105577429612874e-08,-3.433945992981377e-07,0.000438825120179825
750,1,0.0002698321493161753,8.369860481325681e-08,-1.758312066775457e-05,0.0007681023382175844
750,2,0.0001196919945408325,3.918832224235212e-08,0,0.000559866565665473
751,0,0.0002248152899905026,1.686618525654468e-08,0,0.0003025300769722222
751,1,2.968397059580164e-07,6.167966772326917e-13,0,2.374717647664131e-06
751,2,8.853331196074658e-05,1.483057395372584e-08,-1.679891534758715e-08,0.0003227992719321574
752,0,-5.708082048398767e-07,7.773100163878348e-13,-2.563169907575625e-06,9.089768176077701e-08
752,1,4.607590351963458e-06,1.251719008653969e-10,0,3.411248298764994e-05
752,2,7.082007804858259e-05,2.723424437854068e-08,-4.875572874529453e-09,0.0005040763071441059
753,0,0.0005019731260887798,3.35765347295925e-10,0.0004673769861505711,0.0005392716079651792
753,1,0.0002392878729671773,9.746476444406327e-08,5.42807248949521e-06,0.0009360301478457408
753,2,0.0001583947262853461,1.077473509685652e-07,0,0.001014530050880111
754,0,6.217304572629996e-05,6.553376629227749e-09,0,0.0001901143900845558
754,1,-5.831517615175716e-07,2.423297831377118e-11,-1.196853572635597e-05,7.303321634215396e-06
754,2,0.0001506003063415587,4.759928222644656e-08,-6.23596241551254e-09,0.0006305079371084087
755,0,0.0001485292128527284,2.50452018896765e-08,-3.537788607285258e-06,0.0003748710916758109
755,1,8.297411028600416e-05,1.978804970935781e-08,0,0.0003727303416935701
755,2,0.0001047654170962444,2.987719498795405e-08,0,0.0004141963054660557
756,0,0.0004069083148129297,7.81643550278203e-08,0,0.0007686678921033979
756,1,5.55891365458272e-05,4.616219306515967e-09,0,0.0001732897175840957
756,2,3.269709870847682e-06,7.497762619448559e-11,-1.449219755145242e-08,2.617916674972735e-05
757,0,4.332827518037904e-06,1.314137601074656e-10,0,3.466262014430323e-05
757,1,6.562189083876144e-05,1.948419899204746e-08,-5.331681916838653e-05,0.0003934395539036571
757,2,-1.041266829214925e-09,5.993135458878887e-17,-2.012604879125974e-08,7.210696846537175e-09
758,0,8.539564323772675e-05,7.293083805421541e-09,0,0.0001727693684445261
758,1,0.0001022946768573136,2.202569475696949e-08,-9.292725744675036e-06,0.0004127681531623921
758,2,0.0001475743290833979,4.311976958952336e-08,0,0.0006352038055150745
759,0,0.0001398709058095944,5.913308089418418e-08,-7.49554974834584e-07,0.0006005345088443378
759,1,0.0005130737014831495,1.464907673993561e-07,3.524042973983494e-06,0.001268931477842093
759,2,0.0001650217939524037,6.796116619380711e-08,-1.970585286341409e-09,0.0007049336623042878
760,0,3.590874126757013e-08,9.026063895949055e-15,0,2.87269930140561e-07
760,1,4.578820724295842e-05,3.517940086016036e-08,-0.0001625144330615162,0.0005212868651874403
760,2,0.000426770322447476,1.964955200291856e-07,0,0.001061578528132114
761,0,0.0004101609972779454,9.248578531985814e-08,0,0.001019324977220429
761,1,0.0003132330465499127,2.245539940068581e-07,8.663865002656209e-07,0.001328872256873603
761,2,0.0003500164528130454,2.386235923459202e-07,-5.835888876350088e-09,0.001345801356112684
762,0,0.0007326062019942548,1.008039756219433e-07,0,0.001242896602943573
762,1,0.000139914595008315,4.679695753703675e-08,0,0.0006663729622369329
762,2,0.0002757498958859028,3.332495247632148e-07,-2.850986894758723e-09,0.001751546498447922
763,0,-1.200884106624488e-07,8.675331000696952e-13,-1.555978651725905e-06,1.226183390217783e-06
763,1,0.0001064550031431602,2.645749260023322e-08,0,0.0004386449318510598
763,2,5.304321907592007e-05,1.383244659954221e-08,0,0.0003590292323763278
764,0,0.0004499061879870663,6.696044040569511e-08,0.0003226039961096315,0.001133805067407331
764,1,0.0002816699090308296,1.028848146105152e-07,2.429484518254158e-06,0.001033265600798961
764,2,0.0001120623365538075,2.892984573577644e-08,-2.030461225797071e-10,0.0005051526408613087
765,0,8.668869693122542e-05,7.515072492186008e-09,0,0.0001739197898873342
765,1,4.904892523213192e-06,5.153403735218576e-11,0,2.055140119803698e-05
765,2,3.13878761437912e-05,6.89666885255085e-09,-5.938867407873162e-09,0.0002511074290684631
766,0,2.18356327992807e-05,3.334883254206715e-09,-1.530369772776628e-07,0.0001746234675651735
766,1,-1.410901222592865e-05,1.736970439539429e-09,-0.0001242291369163733,6.746447546376443e-06
766,2,2.232736148439036e-05,3.489204121096715e-09,-9.731919616379676e-10,0.0001786105300731621
767,0,0.0001851403507026833,1.785122441881804e-08,0,0.000360990128115583
767,1,9.498619625120837e-05,3.885028739847066e-08,0,0.0005970452683175285
767,2,0.0001088393893764538,3.731016353983663e-08,-3.53157137907054e-08,0.000578893555809289
768,0,0.0001597660363558262,4.235064994275042e-08,0,0.0004257433711055655
768,1,7.193324277060115e-05,5.825061763835597e-08,-0.0001171745349042125,0.0007025468416704798
768,2,0.0001388822321017029,7.456516035053367e-08,0,0.0008140047258414103
769,0,9.364272522875769e-05,3.445507760435509e-08,-1.076578447864144e-06,0.0005740891083549803
769,1,7.472356934353e-05,1.813856127156932e-08,0,0.0003841317743005832
769,2,2.040956550823847e-05,1.640763783695938e-09,0,0.0001243638745895114
770,0,0.0001732628512539746,6.743047731933812e-08,-9.06769004297658e-06,0.0006900144808665307
770,1,9.481766847375154e-05,3.901022488803848e-08,0,0.0006016564620370958
770,2,2.48991062577448e-05,1.804276098096727e-09,-8.35391318888534e-09,0.0001257600381273992
771,0,3.751328109227319e-06,4.601745809986371e-11,-8.405734154100236e-07,1.68599254422533e-05
771,1,7.069612708672817e-07,3.498559669543973e-12,0,5.655690166938253e-06
771,2,6.166754024478167e-06,2.661183044070614e-10,-1.057198252188036e-08,4.932724045611102e-05
772,0,1.0160934257617e-05,1.152239506331813e-10,-1.812084593081145e-08,2.815180654276069e-05
772,1,1.931993865944983e-07,2.84843514148713e-10,-3.940097174362856e-05,2.103966919975139e-05
772,2,1.193217558670367e-05,4.271357280594908e-10,-6.288159170475195e-09,4.847118343611729e-05
773,0,3.782612865540711e-05,3.960689684107715e-10,-3.22200304865185e-06,5.570470592771718e-05
773,1,-6.898819013161816e-06,3.331559264345408e-10,-5.519055210529453e-05,0
773,2,4.838745939467432e-05,7.04759846773376e-09,-8.72497847401276e-10,0.0002033395182002521
774,0,3.308223883676106e-05,1.51440206373024e-09,0,0.0001163169891672185
774,1,0.0002849813578811688,1.737571050775109e-07,-1.908652570381574e-06,0.001333387251086839
774,2,0.0002588707415856213,1.872655687706031e-07,0,0.001303282570865294
775,0,0.000657569289271011,6.25317015910848e-08,1.033792757841983e-06,0.000797838179125685
775,1,2.405001503998705e-05,3.202510245476687e-09,0,0.0001735684834609418
775,2,0.0001186953137541652,5.473027274663732e-08,0,0.0007201724163657652
776,0,9.771111075356951e-05,6.937566935931733e-08,-1.253010105305268e-05,0.000794498502711189
776,1,2.39672650744566e-06,1.562714102983689e-11,0,1.197467813073934e-05
776,2,6.199458427761535e-05,2.690507021731689e-08,-9.083262078301251e-09,0.0004959709562736884
777,0,-1.384049224890054e-06,6.397548388090204e-12,-6.808098904849596e-06,2.197463630955303e-07
777,1,7.681395284259921e-05,1.55115987112425e-08,-6.424668891604237e-05,0.0003277107872215965
777,2,8.595389642191198e-05,1.318041196595834e-08,0,0.0002967495188517741
778,0,0.0001240765605893179,5.134355648663984e-09,0,0.0001690259687813283
778,1,6.07083678760821e-05,1.97892478458792e-08,-5.295090237554003e-05,0.0004244593488922322
778,2,0.0001031358048058855,3.198078251969083e-08,0,0.0004293798874877951
779,0,3.102714199957314e-05,3.698786339777162e-09,-2.817613895789059e-07,0.0001884061624261911
779,1,9.098720405845298e-05,5.187766345729724e-08,-6.222202184733208e-05,0.0006629850123903079
779,2,0.0001328976192071539,3.403877647403892e-08,0,0.0005716429858304105
780,0,0.0002206127173631229,4.867823826109774e-08,0,0.0004457804906887361
780,1,8.704278029798734e-05,1.478530901509027e-08,-2.376943270019419e-05,0.0002868757321023683
780,2,7.734420834381844e-05,1.406297805184331e-08,0,0.0003135775851309992
781,0,9.835766853732342e-05,2.943790021825101e-08,-2.544150028464098e-06,0.0003958528502510193
781,1,1.387111096661352e-05,1.310140488702125e-08,-0.0001124005628842878,0.0003003568393253074
781,2,4.420359779026085e-05,6.00970194333457e-09,-1.070429014833137e-08,0.0002010836786176142
782,0,-2.02682880465868e-06,1.294591471953259e-11,-9.684413451910228e-06,0
782,1,5.45447467442153e-05,7.214640384664363e-09,0,0.0002308965501979694
782,2,6.343372789347198e-06,2.820375355515501e-10,-2.257558353275044e-08,5.077604532642531e-05
783,0,0,0,0,0
783,1,3.821553341632391e-05,1.132900054736657e-08,-3.374291952463212e-05,0.0003173104382230275
783,2,3.793410266962503e-05,6.259821043155896e-09,0,0.0002398936438502954
784,0,0.0001506926536117636,2.537217960386771e-08,0,0.0005443070777255109
784,1,-1.063028426580327e-05,7.42664686980357e-10,-7.459809701318936e-05,1.268791399703416e-05
784,2,3.246608890897574e-05,7.378615281290759e-09,-4.16973319275534e-09,0.0002597331277771379
785,0,0.0001127148758092384,8.601095533627525e-09,0,0.0002594576838825169
785,1,0.0002172842474063756,2.510914128294002e-08,3.963597629886695e-06,0.0004492595067277164
785,2,2.896713588487455e-05,5.873828030968638e-09,-2.81870070810874e-09,0.0002317399057797045
786,0,-1.993970861401812e-06,1.412160972157908e-11,-1.164653384371496e-05,1.38563286014601e-07
786,1,0.0003911827346781868,4.897605818990973e-07,0,0.002144597102937836
786,2,0.0009179227409039915,6.734337248887933e-07,0,0.002054144058298833
787,0,0.001665763199992385,1.498471575986963e-08,0.001372959038133763,0.001844373063022372
787,1,1.961817267927367e-05,6.269633347069401e-09,-0.0001194839802007741,0.0001624887710960902
787,2,0.0001362635358102576,1.299797367752082e-07,-1.976874919346816e-08,0.00109012838846755
788,0,4.937856042167693e-08,2.665237394136895e-13,-7.870152505643413e-07,1.236656885401291e-06
788,1,0.0002259105475085903,6.289184670447173e-08,0,0.0005977769517875346
788,2,0.0002854164682134145,1.841853648043857e-07,0,0.001239204909987863
789,0,0.0005870233043543764,4.923078056666108e-08,0,0.0006738970846471939
789,1,1.309492081514011e-05,8.430815850209155e-10,0,8.936126608146016e-05
789,2,0.0002355802507531347,2.551588924249374e-07,-2.997009400207255e-09,0.001537855510821467
790,0,0.0001193620193116932,3.097602382081659e-08,0,0.0005698365024725149
790,1,2.884894100665548e-05,4.793919741461152e-09,0,0.0002118615787270806
790,2,7.867309908873574e-05,2.184490159267693e-08,0,0.0004364928241373819
791,0,4.465423294988278e-05,1.996249017126876e-09,0,9.182104174549683e-05
791,1,-8.033874356283059e-06,4.842719475219899e-10,-6.572091230520239e-05,6.650801832677289e-06
791,2,0.0002638634106153121,1.849223795734174e-07,0,0.001151131911710343
792,0,5.61414688338048e-05,4.523934587625909e-09,0,0.0002269829499233698
792,1,2.117997629367518e-05,4.293451266499394e-09,-2.679818435071062e-05,0.0001928911539466668
792,2,7.544616293486902e-05,3.888063304570534e-08,0,0.0005971099811030166
793,0,3.315574568356041e-06,1.695732828681853e-11,0,1.210633096095885e-05
793,1,6.494709421989644e-05,1.651303860262835e-08,0,0.0003889793074531072
793,2,1.367933093118349e-05,1.310035768778145e-09,-3.803251467553831e-09,0.0001094407551520393
794,0,5.471767153601568e-05,2.998114298456793e-09,0,0.0001141234526924412
794,1,1.373795397380533e-05,4.160403496584587e-10,0,4.921035015178945e-05
794,2,-4.994347963707978e-10,3.282244639386203e-18,-4.110035958681357e-09,2.439974823525543e-09
795,0,7.63722203756859e-05,1.409433470369655e-08,-1.108940424788534e-05,0.0003451067208589354
795,1,5.655894048551158e-05,2.094164822411065e-08,0,0.0004393400538621629
795,2,1.523500028996379e-05,1.496393570991095e-09,-1.370026779470578e-09,0.0001175112437725894
796,0,1.381902393199413e-05,1.491920452015303e-09,-5.354727611847041e-06,0.0001159069190678001
796,1,0.0001234311944518017,1.032076215905014e-07,0,0.0009733501800984692
796,2,2.486412345598895e-07,4.325340036017835e-13,0,1.988680853073207e-06
797,0,0,0,0,0
797,1,-1.879468123395287e-05,2.576976063146927e-09,-0.0001530907432592108,2.146944276031873e-06
797,2,2.535533079906249e-05,4.502264433616463e-09,-1.478220468962071e-08,0.0002028823732419272
798,0,0,0,0,0
798,1,3.529081370662736e-06,9.500939408604589e-12,0,7.826920458737802e-06
798,2,5.025825925240883e-05,6.402889894497556e-09,-2.318290849542884e-08,0.0002414099396194167
799,0,1.125672364707323e-05,1.960894982773995e-11,0,1.484289564447596e-05
799,1,-5.335066470131865e-07,3.417233819490547e-11,-1.466433961897619e-05,7.010806722573728e-06
799,2,2.061796863629025e-05,2.171752802182685e-09,-4.956174449901173e-09,0.0001423551845500726
800,0,7.432434754105456e-05,1.863759761764073e-09,0,0.0001112238748835582
800,1,6.338655456739245e-05,5.899878317638847e-09,-8.149231692124475e-06,0.0001864335604192329
800,2,-3.052809333692493e-09,1.665548097028737e-17,-1.027796671988955e-08,1.473676489671884e-10
801,0,0,0,0,0
801,1,6.737117007388326e-06,6.749593380088904e-09,-0.0001284510862328794,0.0001935345644165358
801,2,0.0001489000419650691,7.633823843953301e-08,-6.504207724061482e-09,0.0008644108759198952
802,0,0.0003145902653756569,3.299064945630718e-08,0,0.0004214149204920877
802,1,9.121484540095218e-05,5.824103615063725e-08,0,0.0007297187632076174
802,2,0.0002010936800948227,4.51323443089966e-08,0,0.0005171966483439947
803,0,0.0002354036593331897,3.689985380194886e-08,0,0.0006643746406636764
803,1,7.233774730003299e-05,1.703617012966169e-08,0,0.0003643909694761728
803,2,3.102437764021422e-05,6.73821406556923e-09,-6.82739917585523e-09,0.0002482051741241463
804,0,6.569375828641812e-05,4.316480776569429e-09,0,0.0001328226696219307
804,1,7.308122198920133e-05,2.751027871430176e-08,-1.563829967207995e-05,0.0005031116540670602
804,2,6.780643144361835e-10,9.545456228823187e-17,-1.48534081839646e-08,2.250915500585597e-08
805,0,1.674217104392267e-05,1.98269748596409e-09,-7.471518022986464e-07,0.0001345460090176867
805,1,7.392794612097235e-05,3.807471568641715e-08,0,0.0005901854983085429
805,2,0.0001959678929208296,1.183299386122154e-07,-1.828778025799032e-08,0.001062944732411179
806,0,0.0003805679057700988,8.963527823573704e-08,0,0.001045147878609739
806,1,4.678073897271725e-05,7.216361176403862e-09,0,0.0002563604709567185
806,2,0.0003486084762402673,6.572850852208901e-08,0,0.0008307750980577527
807,0,0.0001200709372250775,2.402846595166251e-08,0,0.0003206276724111514
807,1,0.0002093297647159427,7.987576537352724e-08,-6.125596468506863e-05,0.0007309505831282659
807,2,3.097942111668968e-07,6.698439798730228e-13,-4.514908151954e-11,2.475181025461711e-06
808,0,4.209710747200192e-05,1.166602953972903e-08,0,0.0003278396283037744
808,1,-1.088942195758969e-06,1.666867088253112e-11,-1.17219926436439e-05,2.175748411392632e-06
808,2,3.325731369090552e-05,7.540006869670609e-09,0,0.0002629809400603466
809,0,7.486111473735785e-05,5.605019374041399e-09,0,0.0001515540401054355
809,1,3.730414930674577e-05,3.991101296880502e-09,-1.100342652682022e-05,0.0001575366755097604
809,2,5.280362416631777e-05,9.20010254444802e-09,-2.796523877579524e-09,0.000269017873501314
810,0,0.0003546007801184512,5.57865533617486e-08,0.0001176121875827121,0.0005946050846431734
810,1,0.0002373281399356042,9.832564830227306e-08,-9.333297251743404e-37,0.0009876200324974601
810,2,3.437407481401363e-05,8.271488020807379e-09,-3.709048083503633e-09,0.0002749991278155322
811,0,0.0002049761606947347,1.400965132601056e-08,0,0.0002751205767860291
811,1,5.159480101895141e-05,7.974075715609284e-09,0,0.0002062628656882694
811,2,-3.477831345064662e-10,8.466717605299991e-19,-2.782265076051729e-09,0
812,0,2.150146785700112e-07,1.433350401113542e-12,-9.378785031436847e-07,3.255726596429752e-06
812,1,0.0001049442890588975,9.238105118980298e-08,-6.938333492841399e-05,0.0009068276245266962
812,2,1.368467340031415e-05,1.311646034821236e-09,-1.188542923355218e-08,0.0001095049327762776
813,0,-2.409712608058996e-09,4.064700397406943e-17,-1.927770086447197e-08,0
813,1,2.593454745372408e-05,4.701359860812526e-09,0,0.0002073443210219659
813,2,4.163586693633301e-05,7.585268656593502e-09,-6.801033051324836e-09,0.0002688654981411543
814,0,6.195872356737938e-06,8.278542013733204e-12,0,9.085158366028809e-06
814,1,2.968271781902603e-05,5.104095116297951e-09,0,0.0002183904683227958
814,2,1.144678176671941e-05,9.174519638472605e-10,-4.932116202504608e-09,9.158518529736491e-05
815,0,5.219493544004963e-05,1.634603470818616e-09,0,8.376472775193118e-05
815,1,3.155216537088835e-06,3.497726685832059e-11,0,1.714241131370048e-05
815,2,-1.060255058290081e-09,3.469533337846196e-18,-4.59779294633726e-09,1.359426991582391e-09
816,0,2.217883196669146e-08,3.443304111847146e-15,0,1.774306557335317e-07
816,1,0.0001945237569790161,4.097848047536093e-08,5.912964684520902e-06,0.0005321211508729035
816,2,0.0001521461385822794,2.654081467279286e-08,-8.189458008540855e-09,0.0004240615954491818
817,0,0.0002982194078065499,1.338757811981087e-08,0,0.0004091577089247105
817,1,0.0001551842163416764,8.941101914065928e-08,4.455506727478768e-07,0.0009066813907983222
817,2,0.0004391432939696757,1.136976222559799e-07,0,0.0008589242963691829
818,0,0.0004566057814929391,2.187085745287458e-07,0,0.001160836641931862
818,1,4.261244244721856e-05,1.435203480547851e-08,-2.722953610232626e-05,0.0003585484334931532
818,2,0.000235356159566617,2.659544901351271e-08,0,0.0004710563287014364
819,0,0.0001181830171765567,1.396980801610375e-08,0,0.0002399053167663235
819,1,8.9339904768015e-05,3.94680232016482e-08,-0.0001527081669630127,0.0004360036229951755
819,2,4.718437923414827e-05,6.898918473728622e-09,-7.368310857486693e-09,0.0002183591347851434
820,0,-6.814495443140207e-08,1.117596096532133e-14,-2.558751286522534e-07,0
820,1,0.0001247217781514071,7.109432006838774e-08,-4.589567144393837e-05,0.0007746806896449897
820,2,0.0001279349834739193,9.877220278398569e-08,-2.829386992247545e-09,0.0009574756228624921
821,0,0.0005323472850162229,2.840007106059933e-07,-2.27418806840376e-06,0.001067521412747202
821,1,5.209030268113406e-06,7.863538647522688e-11,0,2.197509547983976e-05
821,2,3.249281604344303e-05,3.503064849346195e-09,-1.202783516371609e-08,0.0001666015583080321
822,0,6.883525047684357e-05,1.583242030726061e-09,0,9.47909691950518e-05
822,1,0.0001100681751020614,3.239861475154818e-08,-1.875570383711042e-05,0.0004712369609643952
822,2,-1.381989613030405e-09,1.270021522281646e-17,-1.080831046737389e-08,0
823,0,-1.515261668167799e-07,1.890376420241565e-13,-1.299378363100437e-06,8.716902856619765e-08
823,1,0.000278169636510653,1.377833698376056e-07,-5.026000248405793e-05,0.001009280537890699
823,2,7.817867954461734e-05,1.828056428494023e-08,0,0.0003281736568002552
824,0,0.0002163918200415069,2.89307410952495e-08,0,0.0004193159376875862
824,1,2.889468126474756e-05,2.080820299839883e-09,0,0.0001191581488937519
824,2,4.452716592046704e-06,1.388979088387581e-10,-6.294202500571287e-09,3.563420677238623e-05
825,0,0.0001875195488986231,4.916333505755699e-08,0,0.0006387300203988602
825,1,9.008614361305463e-05,1.003421584659034e-08,0,0.0002827734015430403
825,2,0.0002274711957732384,5.761422271538888e-08,0,0.0005874650983804519
826,0,0.0001937431151320299,2.580098639836869e-08,0,0.0003472772018672942
826,1,0.0001016245825538345,3.838350921338158e-08,0,0.0005964844697445028
826,2,1.091872324371651e-10,1.78778275900271e-18,-2.210526804904492e-09,3.084024664401813e-09
827,0,2.277053772057329e-05,5.186853546317533e-10,0,4.637795270577237e-05
827,1,1.915841440289543e-06,1.031828396423015e-10,-2.204890287600088e-05,1.585217455260627e-05
827,2,0.0001700941107145592,2.025277501651346e-07,-7.401733560946029e-09,0.00136076377569086
828,0,0.0004332950923909206,2.725818302755125e-08,0,0.000521941411378178
828,1,0.0001694184260727003,5.781837576188994e-08,0,0.0006650263337977884
828,2,1.208153377483618e-09,4.498595947163022e-18,0,5.524544710525393e-09
829,0,-8.905933196637437e-09,2.968712544826574e-13,-9.76851614768604e-07,1.163894911797649e-06
829,1,5.414631453734102e-07,1.087163566663479e-11,-6.103989033686927e-06,6.709159274281737e-06
829,2,-1.216108242014383e-09,1.03524347940672e-17,-9.728865936115065e-09,0
830,0,-9.006840000193682e-08,2.492624468294117e-13,-1.308799818501859e-06,5.882526184863648e-07
830,1,0.0001103680482746421,5.85546175731479e-08,0,0.0007409986839106216
830,2,1.315307018457312e-05,1.211237624026376e-09,-4.441255210898387e-09,0.0001052327278029632
831,0,-9.05778205366792e-08,2.485249418616587e-13,-1.084179659972112e-06,6.860208161003434e-07
831,1,5.125825389234882e-07,5.557542776254692e-13,0,2.135745781512138e-06
831,2,4.203576336060606e-09,1.710106178016178e-16,-5.190431510723582e-09,3.822804418175217e-08
832,0,-1.126529744420969e-07,9.649156834268275e-14,-8.624908684569435e-07,2.344222970021712e-07
832,1,0.0002124401839349484,9.002736429909748e-08,-3.062144404062852e-05,0.0007511829434078131
832,2,0.0001522512736497281,3.345333897255845e-08,-8.61083025117076e-09,0.0005139204104248673
833,0,0.0001675392806917931,1.554473209352746e-12,0.0001654120391373682,0.0001689561219520935
833,1,2.811980980460126e-06,5.535065924128645e-11,0,2.249584784368101e-05
833,2,2.391003042979385e-05,2.228164419611435e-09,-2.079031074013434e-08,0.0001409313763233884
834,0,3.774357588220237e-05,4.770917819014301e-10,0,5.248745170009047e-05
834,1,-1.821565792567972e-05,1.249023188431312e-09,-8.927625280877195e-05,1.10385329343772e-05
834,2,4.371115001175473e-06,1.220159711078534e-10,-1.938748205298503e-09,3.357114306522313e-05
835,0,5.856877693771703e-06,2.667336179901247e-10,-1.919349784483908e-06,4.902536917465904e-05
835,1,-3.087413581082844e-06,8.919857727842664e-11,-2.791913850544184e-05,3.219829856779093e-06
835,2,-1.661492325973845e-09,6.356442769215724e-18,-5.837801058288673e-09,8.652685336211637e-10
836,0,5.800723346108812e-06,2.30879674334854e-10,-2.751359725923578e-08,4.600039523233103e-05
836,1,-9.523129740807301e-06,2.734549368025791e-10,-4.044618556819556e-05,0
836,2,5.069585741575047e-05,1.47689964528338e-08,0,0.0003708194465756129
837,0,0,0,0,0
837,1,-1.251770512148234e-05,2.853226504790054e-10,-4.402920367092556e-05,3.832390102149965e-07
837,2,0.0002097585951014537,3.079932786606264e-07,-8.902230261215445e-09,0.00167807496106388
838,0,0.001294964436845537,2.395731354101691e-07,0,0.00148838665340414
838,1,0.001067720777995056,6.796208103158712e-08,0.0005182831758012734,0.001395954212442488
838,2,-1.474976551190782e-07,1.168703519578866e-13,-1.044268751353721e-06,7.186389756668454e-09
839,0,0.0001721133370779187,2.085039470525753e-07,-4.728503568601817e-06,0.001380214396279666
839,1,0.0012823744675401,7.393230272815988e-08,0.0007802702913785906,0.0016210977093638
839,2,0.001084265429518411,2.686223255968919e-07,0,0.001980443127058353
840,0,0,0,0,0
840,1,7.8928925887279e-05,3.882487171280176e-08,-7.095511101111454e-36,0.0005999877382847982
840,2,2.439177757887352e-05,2.314576601869206e-09,-3.184547999671359e-09,0.0001435957591023536
841,0,0,0,0,0
841,1,-1.123418242193348e-06,7.423432721608256e-11,-2.284370484346873e-05,7.574674314075728e-06
841,2,3.59945443084266e-05,4.980910299977911e-09,-1.370003411989343e-09,0.0002101341161879423
842,0,-2.119786730120887e-08,3.145447046837622e-15,-1.69582938409671e-07,0
842,1,-1.556009682161808e-06,1.694816291686904e-11,-1.244807745729447e-05,0
842,2,6.801074042068977e-05,1.696402816692833e-08,0,0.0003992161676211809
843,0,-5.183651375593035e-08,8.072719190130612e-15,-2.141715117921265e-07,0
843,1,1.850047166255061e-05,2.575990332506694e-09,-3.480984060350768e-05,0.0001305105051114107
843,2,6.343225601915334e-05,2.819662464713949e-08,-2.43833985071969e-07,0.0005077028132042468
844,0,0.0004193297650630464,2.548320684769264e-08,-2.989800091946666e-06,0.0004815140643546298
844,1,0.0001447070407656653,3.403437201853975e-08,0,0.0003893068554368325
844,2,3.078975052656713e-05,2.009843507261487e-09,-4.058298801978686e-08,0.0001254020249041856
845,0,-9.624160008448696e-08,1.598310893861125e-14,-3.10075958516375e-07,0
845,1,0.0002246083015126682,1.008937057634544e-07,0,0.0009078913418065716
845,2,5.342347789372799e-05,1.363614447083196e-08,0,0.0003561909326978474
846,0,9.211364634335482e-05,1.675438834341352e-09,8.888785561433287e-07,0.0001156531409993303
846,1,0.0001448747569018232,4.89747394651869e-08,-2.628520307701427e-05,0.000568746692071069
846,2,0.0001927243010863162,7.030944805222131e-08,0,0.0007156456985448769
847,0,0.0001976063321366986,1.378719184108731e-08,-1.084619239725686e-06,0.0003094718394500108
847,1,2.09942732357298e-06,9.246236223086013e-10,-5.780491473412388e-05,6.344513616415039e-05
847,2,0.0002881113870124596,1.292248429122364e-07,0,0.0009825836026715298
848,0,0.0005453656245245868,2.080776183664466e-07,0,0.000982502324877302
848,1,0.0008029765849088214,1.75875150116904e-07,0.000102171262932387,0.001547307390835185
848,2,6.745704828886249e-05,3.18659142564933e-08,-8.417878159586174e-08,0.0005397508071061568
849,0,0.000525559425366576,2.114379251400276e-07,0,0.00130164483653418
849,1,5.122702675920842e-05,7.740609488081318e-09,-4.022591502794453e-05,0.0002065594554912595
849,2,0.0001046969240281488,7.673162681688257e-08,-7.189787481848351e-09,0.0008375825820126724
850,0,0.0002585171558149027,6.683128901734144e-08,0,0.0005179459212622243
850,1,0.0002290409447231657,6.694434794387495e-08,1.959514901516118e-06,0.0007903855245878293
850,2,0.0007091739113755931,2.65611616896645e-07,6.669072962775055e-05,0.001354134825401339
851,0,3.332422530441804e-05,1.110712178855864e-09,0,6.730440602611527e-05
851,1,4.161758210839751e-06,6.643800586688189e-10,-3.69370422086614e-05,6.378438556608717e-05
851,2,-3.80253460984451e-09,6.627807436832973e-17,-2.480896087188064e-08,1.575040197157357e-09
852,0,-2.984262030010815e-08,2.680487058647209e-15,-1.252835513058609e-07,0
852,1,6.797444377242397e-05,3.234367504319299e-08,0,0.0005437955501793918
852,2,0.0003545903659297679,3.165314217007318e-07,-1.036453780592414e-06,0.001347050750845503
853,0,-2.900316627729443e-08,5.888285578758722e-15,-2.320253302183555e-07,0
853,1,5.393676308183021e-05,9.927698856277962e-09,0,0.0002896751934059638
853,2,0.0002661134528193683,1.693790932655374e-07,-8.340623510096081e-09,0.001206916994269211
854,0,0.0001592191799468185,2.535191689611252e-08,0,0.0003200751761353442
854,1,-2.559740395485349e-06,4.586589624595645e-11,-2.04779231638828e-05,0
854,2,0.0002334908254800716,1.044314500585379e-07,0,0.0008138352232582672
855,0,0.0008108850170033989,1.344093881826343e-07,0.0005035658765403844,0.001406985005818188
855,1,1.802502619695996e-05,2.06780415766192e-09,0,0.0001382997205742348
855,2,0.0001112129480283118,8.0620522401258e-08,-3.784000512763584e-08,0.0008620580315847578
856,0,-4.253484891153314e-08,1.266449360348866e-14,-3.402787912922651e-07,0
856,1,1.822024438240692e-05,8.864006717072753e-10,0,9.364918908464986e-05
856,2,0.0002344829178714697,3.849796596810602e-07,-1.415707563127982e-07,0.001876085063254832
857,0,-1.936055209030983e-06,6.82616806092634e-12,-6.093205444455593e-06,2.002091770436794e-06
857,1,4.355408268482243e-07,1.341739458204549e-11,-7.49898779788671e-06,5.743013156380112e-06
857,2,3.746360008048272e-05,4.24573442961674e-09,-1.225947887986314e-08,0.0001620363401072474
858,0,0.000103409397168124,3.649841253296558e-09,-1.945979598382883e-06,0.0001391783701358023
858,1,0.0001670382447388509,5.968703729521008e-08,0,0.000592890529342487
858,2,1.126672140365531e-05,5.855040087102999e-10,-3.825719439481641e-09,7.36928633844223e-05
859,0,9.016305532850374e-05,1.309181983732787e-08,-2.560806562747743e-06,0.0003471048329364255
859,1,0.0001100498719235215,4.950041693108968e-08,-6.462943584809434e-05,0.0006177292477657554
859,2,0.0002510371902101089,2.953414128126422e-07,-4.975329099395084e-08,0.001656141132045187
860,0,1.838724285280657e-05,1.466820954854162e-10,-1.793252143537554e-07,3.922578320549833e-05
860,1,1.452628329376998e-05,8.285935993811277e-10,0,8.855037683568898e-05
860,2,3.470860655742205e-05,8.433554042959484e-09,-3.450487478049528e-08,0.0002776795450389368
861,0,-3.588202524601189e-07,9.984289758991235e-12,-5.38361584353085e-06,6.194304476226249e-06
861,1,0.0001070302028003007,4.393591001549688e-08,-3.066439458769903e-05,0.0004981661984373503
861,2,0.0001016771241729903,3.170982415625177e-08,-1.816999119367972e-08,0.0005005329332458328
862,0,-6.397832592896434e-07,7.107015288994391e-13,-2.088386248676652e-06,0
862,1,1.565695826101677e-05,3.222150181981079e-09,-6.53492842204919e-05,0.0001518105257469319
862,2,6.689234029250611e-05,3.13269076651363e-08,-4.502810672299803e-08,0.0005351746823243181
863,0,1.398204165710606e-05,2.096527916037835e-10,-1.799319471297678e-06,3.06314741184274e-05
863,1,2.338111686399106e-05,5.552054834210003e-09,-7.492228802382574e-05,0.000205177659980865
863,2,0.0001221088620617426,4.362942387181626e-08,-7.254571271135475e-09,0.0005280700716885431
864,0,0.0001866577487565248,5.816370320275573e-08,-7.633506586273283e-07,0.0004985586400281334
864,1,5.013880683258516e-05,8.443043962947549e-09,-2.443865778500105e-05,0.0002256330907241246
864,2,-1.094714232068765e-08,3.516792148421806e-16,-5.755649550249333e-08,0
865,0,3.971112468321551e-05,5.942138550707878e-09,0,0.0002412510932894051
865,1,0.0002298504549939371,5.223157643000014e-08,0,0.0007011164053598399
865,2,0.000177032878954072,5.712437752197352e-08,-2.708291747483428e-09,0.0006498128359234783
866,0,0.0009632519658307122,7.482496666832598e-08,0.0006887586960169683,0.001255292034363282
866,1,0.0001293159076809219,4.987667801803314e-08,0,0.0006497159839694601
866,2,0.0003919452013678916,2.065427879660507e-07,-2.567480691514319e-07,0.001165791294690353
867,0,0.0001420156237935304,3.031045291303291e-08,0,0.0005307129418187899
867,1,0.0001326217739689817,3.733124372129235e-08,0,0.0005118879242493249
867,2,6.369139858622136e-05,1.27156189959831e-08,0,0.0003019751696527015
868,0,-1.41828008830814e-07,5.287048010211114e-13,-1.952934480097194e-06,7.568553875122003e-07
868,1,5.201139448104927e-05,1.793492208564269e-08,-4.650648095060571e-06,0.0004062119292084945
868,2,3.74092920575907e-06,9.791058944120829e-11,-1.386583189026092e-08,2.992055493575647e-05
869,0,5.062008575139322e-05,7.708177930387483e-09,-4.139374201157157e-07,0.0002029154451423557
869,1,4.226821184642458e-05,5.580958752409769e-09,0,0.0002349409832492092
869,2,3.025726188558644e-05,5.002977437804974e-09,-1.448390046443739e-08,0.0002160317307487189
870,0,5.032482794286662e-05,7.597849578677077e-09,0,0.0002018812266782617
870,1,9.406757584779488e-05,3.071080452439575e-08,0,0.0005469249613930452
870,2,8.478754370409137e-05,5.032549335445687e-08,-1.642665520054461e-08,0.0006783180425078498
871,0,-6.447295322523175e-08,2.909733188308045e-14,-5.15783625801854e-07,0
871,1,0.0001288551137117111,1.076324270832197e-07,-0.0001188758058929941,0.0009776416277185855
871,2,0.0002833776681038207,9.164398096433686e-08,-5.730553953963739e-08,0.0007498224224295099
872,0,0.0003447035405960649,2.898315356945058e-08,0,0.0004448379197887599
872,1,-2.612667231124488e-06,1.108016314875268e-10,-3.015816102577015e-05,4.430750517004658e-06
872,2,8.248762983854876e-05,2.263988534202801e-08,-1.202714156806456e-07,0.0004241910600127766
873,0,-5.152892111610199e-07,1.747666838194797e-12,-3.872618066845317e-06,6.886861924854788e-07
873,1,3.024894281203883e-06,1.133856312017761e-10,-1.611767867224967e-05,2.151837547319216e-05
873,2,8.643024542831385e-05,2.268496628943806e-08,-2.165715160641352e-07,0.0003775346162189115
874,0,6.509789921489028e-05,1.362796219046622e-09,0,8.747176548982183e-05
874,1,6.878792320833451e-06,2.934534176942677e-10,0,5.21731166631166e-05
874,2,5.649175891292409e-05,1.36639486823834e-08,-7.664541782126454e-08,0.0003538323297613061
875,0,0.0001881403879774044,3.613741767413892e-08,0,0.0004429378672296999
875,1,0.0001738636139215874,8.325127780042571e-08,3.042481316246448e-06,0.0008912516584207039
875,2,0.0001045886535915853,2.618661779572599e-08,0,0.0004964391491466432
876,0,1.220367682297266e-05,1.492942096903429e-10,0,2.528950618359406e-05
876,1,3.424811992469709e-05,1.161172736919349e-08,-3.337202036190654e-05,0.0003161009211368227
876,2,0.0002179997614912988,8.029246614153824e-08,0,0.0006211180654830843
877,0,0.0006704702459697582,4.778499909202853e-08,0.0002840332535271602,0.001002230482622828
877,1,1.879020141722195e-05,2.740539601528096e-09,-2.486046207884234e-05,0.0001547114501192192
877,2,0.0001712610411001914,9.619672000781639e-08,-2.537485391098981e-08,0.0008661361701727484
878,0,0.0002515190301715651,6.326542015892733e-08,0,0.0005053624890570591
878,1,0.0002120747826126496,6.163736866006606e-08,2.643403328033236e-06,0.0006607858483142484
878,2,3.489408493752722e-05,8.521328286452066e-09,-5.320707303833725e-09,0.0002791261409422499
879,0,-4.988841538262256e-07,2.906213318692091e-12,-4.934622950801268e-06,9.43549720191463e-07
879,1,0.0002081619237508647,2.608747107911331e-07,-3.654750207407334e-06,0.001555910491980308
879,2,4.694612468615954e-05,8.02764746683392e-09,-2.854756920656065e-08,0.0002770588370429683
880,0,0.0001712918861795794,5.143813218446653e-08,0,0.0005646986557157529
880,1,8.097437083656418e-05,4.281347445880234e-08,-1.077660038147281e-05,0.0006280734188466782
880,2,5.726942117738698e-05,2.295566975462394e-08,-1.121512191682476e-09,0.0004581306038181793
881,0,0.0001418615695013815,6.03961113474052e-08,-7.901899503358399e-08,0.0005719737342101499
881,1,2.624437934057063e-07,9.046973185330098e-11,-2.155320076294561e-05,1.275977903097722e-05
881,2,4.451972350282778e-05,1.387452665399922e-08,-5.460289615615878e-09,0.0003561632483122379
882,0,3.483362262472435e-09,8.493668856131954e-17,0,2.786689809977948e-08
882,1,0.0003973443474392634,3.34848935537327e-07,0,0.001686209614748231
882,2,0.0001261939038080552,3.74885315528046e-08,-6.067585519958223e-08,0.0005341294077020207
883,0,0.0004579983778753056,3.0889019636098e-07,0,0.001906364698589003
883,1,0.001100304117495156,3.233267293895548e-07,0,0.001813518237513361
883,2,0.000363570861644392,2.792493546416152e-07,0,0.001519044080804463
884,0,8.239737692954239e-05,4.752529407408362e-08,0,0.0006591790154363391
884,1,9.939400578104042e-05,6.078106662450602e-08,-7.630256457831562e-05,0.0007396628856892537
884,2,0.0001499894681264895,1.539026800696976e-07,0,0.001187876787697229
885,0,6.371343600195236e-09,2.841581349022415e-16,0,5.097074880156189e-08
885,1,8.726908585676425e-05,4.858982127381395e-08,-1.566572867503507e-06,0.00067026650811439
885,2,0.0001564707111428443,1.713852387537765e-07,-5.891082493703514e-09,0.001251777367396613
886,0,0,0,0,0
886,1,0.0002320648431729252,1.05123241601841e-07,-5.488099434100523e-06,0.0008907722167825489
886,2,0.0006393486655339014,4.082409219814448e-07,0,0.001856421210217779
887,0,6.531009146962663e-05,3.029703926765294e-08,-3.357226050921001e-06,0.0005258215546053332
887,1,-1.155083555936742e-05,4.497249429435183e-10,-5.215670792030144e-05,3.695396617728742e-06
887,2,0.0003530778792417439,2.104239379741618e-07,0,0.001272112928147324
888,0,0.0008989964235072641,2.434304760770391e-07,-3.464813725504858e-06,0.001780698603169448
888,1,0.0001857329498955723,5.647193736539051e-08,0,0.000678721548648036
888,2,3.627612426635918e-09,7.829438150647088e-17,0,2.697089363969804e-08
889,0,3.58614911913148e-05,9.085993557995478e-09,-6.90774405894466e-07,0.0002880549965320204
889,1,0.000210400922842535,1.359626015167536e-07,0,0.0009743465325580431
889,2,2.072822728263331e-05,3.004902054531855e-09,0,0.000165760334061407
890,0,0.0001803599943145597,7.925183429064102e-08,0,0.0008469266480318666
890,1,0.0002770961803180208,1.992589272053289e-07,0,0.00125716813364856
890,2,0.0001144465750465913,5.176106352103547e-08,-4.089333610080907e-08,0.0006810753390536974
891,0,2.862828928002927e-05,6.009853723958908e-09,-5.641908222043045e-06,0.0002336720734861378
891,1,-2.512881061376864e-05,2.631692910417922e-09,-0.0001248955334880042,1.241600837430092e-05
891,2,0.0001279079752614566,1.119380145644334e-07,0,0.001013060110250464
892,0,-1.220477596575405e-06,6.308980163169397e-12,-5.381153768027689e-06,2.497076947530607e-06
892,1,3.595855596891324e-05,5.670521602262684e-09,-3.59214686220839e-05,0.000209631097646671
892,2,2.819995917411055e-05,5.566329161344528e-09,-4.77162120219258e-09,0.0002255937382391737
893,0,0.0001346613262987387,1.123379702686323e-08,0,0.0002623208614861536
893,1,3.386712151686744e-05,8.593826707122465e-09,-1.214166255626929e-05,0.0002788660632893661
893,2,0.0001492201270182445,4.240835207748399e-08,-2.636729531671825e-09,0.0005624491309825766
894,0,1.477165514065223e-05,7.481029098919533e-10,-6.204268630058082e-06,6.347482306306112e-05
894,1,0.0001047688806580674,4.661912385327113e-08,-3.6795374772065e-06,0.0006535343733577271
894,2,0.0002320663764368979,6.158221057921781e-08,0,0.0005938117152905598
895,0,0.0002200381823266121,3.108874629712131e-08,0,0.0004662828479926498
895,1,-1.487136653740672e-06,9.317535670263561e-11,-2.428332511253858e-05,9.043648316878889e-06
895,2,1.831755515740327e-05,2.349663351323913e-09,-2.547830259926077e-08,0.0001465659195618254
896,0,7.240149486442009e-05,5.243997540080394e-09,0,0.0001466283770245594
896,1,4.358361784038497e-05,9.650480800908352e-09,0,0.0003009007943732114
896,2,6.455044101243906e-05,2.916910727226229e-08,-1.154965993490971e-08,0.0005164174024164006
897,0,8.305442636485263e-05,1.149674976667687e-08,0,0.0002218048123692826
897,1,3.629563898760949e-05,8.678351539004805e-09,-1.960877700699082e-07,0.0002827278574741365
897,2,0.0001822695061519304,1.036315378854875e-07,-4.507933340897971e-08,0.0009285810680039693
898,0,0.0001284910686990308,8.113953518051777e-08,0,0.0008796989137682249
898,1,0.00011883934438339,5.171423980811736e-08,-6.566461842059175e-07,0.0006682240525312815
898,2,7.288930006557743e-05,2.434453456743954e-08,-2.777794816895792e-07,0.0004747813404458216
899,0,0.0004583108422657727,8.77371459606611e-08,0.0002104580147479504,0.001091304063948926
899,1,0.0001500136696612444,6.673103061702903e-08,0,0.0005991428990947699
899,2,2.628983982112374e-06,4.840362461829287e-11,-9.254659877098444e-09,2.103618973410987e-05
900,0,6.714150856313103e-08,1.696684709992202e-14,0,3.859185047595064e-07
900,1,0.0001338187375229341,1.247068300367316e-07,0,0.001068133154495256
900,2,0,0,0,0
901,0,7.483433137005538e-08,3.920124006122279e-14,0,5.986746509604431e-07
901,1,5.482587459063389e-05,2.906532543849362e-08,-6.553290526759332e-05,0.000502266407447632
901,2,-1.206684241329495e-08,8.478985498603086e-16,-8.881721514627271e-08,0
902,0,0,0,0,0
902,1,8.596651268818537e-05,5.152898971525127e-08,0,0.0006865512490211472
902,2,-2.268359630044752e-08,3.105483590152981e-15,-1.697748044007784e-07,0
903,0,0,0,0,0
903,1,-2.838550144575311e-06,5.593938036145242e-10,-5.926134800766427e-05,3.168622798832165e-05
903,2,1.793385928904465e-05,2.251363162994772e-09,0,0.0001434708743123572
904,0,0.0001077755012054054,3.872221688778594e-09,0,0.0001445904403901607
904,1,0.0002920887037822979,8.965933314978683e-08,0,0.001003343531044902
904,2,0.0002898164188691439,1.095046774797783e-07,0,0.001035691691748699
905,0,0.000559117302562167,1.109813965740494e-07,0,0.0009210050659549811
905,1,0.0001816176418857411,2.677091983819701e-08,4.054915236263636e-06,0.0004786232535308984
905,2,0.0002738595254268212,7.883292652595351e-08,0,0.0006633977633194312
906,0,6.014149110416502e-07,3.573791988958486e-12,-7.494582954919323e-07,5.560777583825134e-06
906,1,3.831198915124744e-05,3.472017005733564e-09,0,0.0001651862500000635
906,2,1.890889511440828e-05,1.100356308181466e-09,-1.266675094266939e-08,8.660318377241444e-05
907,0,6.362298319266077e-10,1.737727778971337e-14,-2.610916746763602e-07,2.661815133317731e-07
907,1,0.0001711781679853873,5.155309168584603e-08,-4.888472789199389e-05,0.0006466975697019161
907,2,-5.342284962359046e-10,1.433739254647332e-17,-6.790597668640299e-09,7.076591596549002e-09
908,0,-2.442471933749737e-06,4.175968403008629e-11,-1.95397754699979e-05,0
908,1,9.331146569880861e-05,6.401242461143678e-08,-1.672976101967777e-05,0.0007625452719467396
908,2,0.0004490756217021457,2.023162198824885e-07,-2.565442983349528e-08,0.0009356633888414686
909,0,0.0005286497371345259,9.316106441807587e-08,0,0.0007067967884926079
909,1,8.535276926163945e-05,5.184677934702396e-08,-6.384554365609642e-06,0.0006877587785741735
909,2,0.0001583066104853699,4.541242588672016e-08,-5.396049054807362e-07,0.0006339160530961192
910,0,0.0002242039961627806,1.59187974243681e-07,-1.216878950545421e-06,0.001085869514201526
910,1,7.327382916650706e-05,3.591530767201811e-08,-2.307144994718868e-05,0.0005735448750377823
910,2,7.073909811351649e-05,3.497745697990516e-08,-2.15301356873261e-08,0.0005655543446582996
911,0,-1.656406489524682e-07,1.920577720977637e-13,-1.325125191619746e-06,0
911,1,0.0001782708615429716,9.433646505512181e-08,0,0.0009078038200111662
911,2,0.0006167847440445533,3.956810118705765e-07,0,0.001467553197782569
912,0,0.0007103274088387338,1.745971502290001e-07,0,0.00104062903581006
912,1,8.673872490779093e-05,1.299004669766116e-08,0,0.0002940200106227316
912,2,1.391326716291895e-05,1.356083538025938e-09,-3.702125974963805e-08,0.0001113431585631012
913,0,-6.416810015882569e-08,6.73469340567311e-14,-4.782537864601757e-07,3.962016733429354e-07
913,1,8.538166652216201e-05,5.6615992200401e-08,-4.998390467638785e-05,0.0007131036977183841
913,2,1.379609492883646e-08,9.493757468575306e-16,-6.282516601021912e-10,9.395042956390772e-08
914,0,-3.737037210847217e-06,4.968603163112588e-11,-1.931821823445784e-05,1.038297461280188e-06
914,1,5.634753733312778e-06,6.730641399090072e-11,0,2.137562980344284e-05
914,2,9.947045116163249e-08,7.212030715379167e-14,-1.656101933804929e-08,8.098376194574923e-07
915,0,0.0001300286835500723,1.183478143386568e-07,-2.886866901699459e-07,0.001040212480986898
915,1,0.0001736920988887659,8.130165413760988e-08,0,0.000822315752594272
915,2,9.589641216236079e-05,5.081547553778398e-08,-2.287976828378724e-08,0.000688409944586495
916,0,0,0,0,0
916,1,0.0003146896904979439,1.940584572533471e-07,-1.32503980173846e-37,0.001183520884710422
916,2,0.0001673706740789437,7.331659405439166e-08,-5.103808391801977e-07,0.0007379364582100675
917,0,0.0006421896194347857,1.430425010844148e-07,0,0.0009239892874864648
917,1,0.0001051825599623419,1.937206814336135e-08,-1.044064413376349e-05,0.0003318998990995293
917,2,5.881815141390099e-05,1.043900363650517e-08,-3.083460524226469e-07,0.0002478404903442912
918,0,0.0002030669884701005,2.904919122773644e-07,-5.509151124563472e-06,0.001629046827275687
918,1,0.0007174019754649558,3.009955714522389e-07,0,0.001582533911977683
918,2,0.0003209964490414054,2.823424367943502e-07,0,0.001602490443924028
919,0,0,0,0,0
919,1,0.0002496544104040454,1.039124419933876e-07,0,0.0007835645217691304
919,2,0.0002295382443640746,1.081334224010199e-07,-5.098783407358423e-09,0.0008151639649147234
920,0,-1.644093947480327e-06,1.318880232275073e-11,-1.108399937594816e-05,0
920,1,0.0003981116599286726,3.541279405314633e-07,0,0.00166472391976471
920,2,0.0008270359534659778,3.381465749712159e-07,0,0.001586067859521707
921,0,0.0006471593504059414,1.0195766522127e-07,0.0004618984006112592,0.00120193986321672
921,1,0.000184893226497337,2.136714692507938e-07,0,0.001407031423818591
921,2,0.0002980816858078796,3.869846854430337e-07,0,0.001886381919981425
922,0,3.025859040146342e-06,9.304952777480282e-12,-3.114078130722328e-08,6.576279032579309e-06
922,1,0.0001798315688220716,2.28571047066733e-07,-5.345808939853168e-05,0.001443195603931746
922,2,0.0001113220855206743,3.827831358753798e-08,-6.996083912359727e-08,0.0005137775293584168
923,0,5.817658091433053e-05,5.564692651414503e-09,0,0.0001911767795448971
923,1,-9.364665337109429e-06,2.648649645225138e-10,-4.0122563669723e-05,0
923,2,6.111728162304035e-05,2.614487658190316e-08,-3.49795116286166e-09,0.0004889187959364805
924,0,0.0003048564240298376,5.576294266317935e-08,0,0.0004885285840700724
924,1,1.052109938190439e-06,1.731476456578857e-10,-2.973993390541254e-05,1.709267191207419e-05
924,2,5.605458470813582e-05,2.079891509173118e-08,-1.645811850302758e-07,0.0004374950407527664
925,0,-1.473978607447249e-06,1.548099652736687e-11,-1.188362107648787e-05,9.179221690988322e-08
925,1,4.985118989060495e-05,1.512594194277475e-08,0,0.0003749294198646908
925,2,5.585258578238475e-05,1.844970613135842e-08,-9.204805302931185e-09,0.0004141048297689596
926,0,0.0001009014228907231,5.413689314212644e-08,0,0.0007153408280505522
926,1,4.093019111542466e-05,5.526868073732076e-09,3.701637519013521e-06,0.0002358189435680942
926,2,4.212926667245425e-06,1.153536068318903e-10,0,3.261696484096698e-05
927,0,0,0,0,0
927,1,6.011540528380343e-05,2.26025066371648e-08,0,0.0004577983740686
927,2,8.627434229460033e-05,5.210227723266927e-08,0,0.0006901915060023798
928,0,0.0002030249991560323,7.359534548057689e-08,-1.207890669601541e-05,0.0006665567924671552
928,1,0.00020928954600425,1.42720102108324e-07,0,0.00106413065545057
928,2,-2.304190850209633e-08,3.689987142187786e-15,-1.837579937616006e-07,0
929,0,7.3497016378619e-07,3.781267991591294e-12,0,5.87976131028952e-06
929,1,0.0001194251508210234,5.038838966590634e-08,0,0.0006931857911710191
929,2,0.000147160825121831,4.554678462802112e-08,-6.924479682093493e-08,0.0005053825063582066
930,0,0.0002711691228466382,7.563305033995498e-08,-8.264606344698898e-07,0.0006045416190913524
930,1,3.897379933462897e-05,1.519663740803646e-08,-6.369328909373548e-05,0.0003597438662316952
930,2,6.553728762658556e-06,3.09819927368513e-10,-4.343215439340314e-07,5.312169135582691e-05
931,0,6.326316317256551e-05,2.800551704549176e-08,0,0.0005060256441474199
931,1,-1.305791576630936e-05,2.488600333431318e-10,-4.281341714412334e-05,2.234884196212822e-07
931,2,6.987733548791053e-05,1.58812984721695e-08,-2.423186243371565e-07,0.0003499022497345342
932,0,0.0005346274450249045,1.930039330277696e-07,-1.023937426170794e-07,0.001095650356275228
932,1,0.0002913095860652473,4.667029994128437e-08,0,0.0005722773463671759
932,2,0.0001256019372026281,4.269682459223263e-08,-4.054883348806475e-08,0.0005804695982773427
933,0,0.0001891252264097311,9.275087636977916e-08,-4.342161663651927e-07,0.0009050904651613786
933,1,0.0001047810229889908,1.200677622153155e-08,0,0.0002967103386925427
933,2,1.95073119940635e-05,2.664179804375942e-09,-1.110416735801576e-08,0.000156069600119866
934,0,7.54548502248448e-07,1.537289538674515e-10,-1.418138284443326e-05,3.063822436288077e-05
934,1,0.0001890864512952559,7.143675313945067e-08,-9.948463350105369e-36,0.0007551281716391123
934,2,2.491302331441038e-05,2.188149905642246e-09,-4.369119236605048e-08,0.000135708285797128
935,0,6.253127774119977e-06,2.147945628929524e-10,-5.833326575933895e-07,4.466625753819617e-05
935,1,0.0001790146806564244,1.18435887933809e-07,-5.72925029172172e-05,0.001038574244515247
935,2,0.000194934761937244,5.131467371708907e-08,-1.692438149048948e-07,0.0005680098609216736
936,0,0.0001366024560329691,1.568082737394391e-08,0,0.0003294473509650726
936,1,8.091420186500471e-05,4.520362011459017e-08,0,0.0006434210701551361
936,2,9.41662709500389e-05,3.836491564859388e-08,-5.905093776340899e-09,0.0005935787499564905
937,0,2.691988581781988e-05,6.341786509885837e-09,-1.995339499420235e-05,0.000236919844066607
937,1,7.462408595669063e-05,4.294996743974463e-08,-4.084026227045837e-05,0.0006215665643463385
937,2,6.872376055511632e-05,1.793203116610491e-08,0,0.0003976071133135927
938,0,-3.099085350365203e-07,6.544298624495015e-13,-2.450088537773774e-06,0
938,1,1.956913035746656e-06,8.089584236073583e-12,0,7.236363543754133e-06
938,2,7.181041545845668e-10,3.457549442181145e-17,-4.899547933481189e-09,1.53239991412566e-08
939,0,0,0,0,0
939,1,0.000133771010019834,5.258023510386071e-08,-6.597088176961506e-07,0.0006053278222185886
939,2,0.0001268495786822306,4.051199866006549e-08,0,0.0005906727435756548
940,0,0.0004206893143364174,7.532227401757422e-08,0,0.000837601677883904
940,1,5.533029680699776e-05,2.112143438206589e-08,0,0.0004398353437287952
940,2,0.0004124152890467329,3.015424534016475e-07,0,0.001384316736444821
941,0,0.0007082701170953847,2.987028626017383e-07,0,0.00182710266373588
941,1,3.029936397106074e-05,5.861268647730053e-09,0,0.0002327063252412173
941,2,2.622058885113731e-05,4.810697348960217e-09,-8.36347314851443e-09,0.0002097277563321208
942,0,4.845716155256573e-08,1.643667554012018e-14,0,3.876572924205258e-07
942,1,1.511491086486616e-05,8.325351390373406e-10,0,8.95368073399418e-05
942,2,4.45589660992721e-05,1.389766867494827e-08,-1.774759190419311e-08,0.0003564622841534294
943,0,-3.252908252224878e-06,3.297192275584586e-11,-1.394570908801564e-05,3.255827034529885e-07
943,1,1.711967075267078e-05,2.359058571670849e-09,-1.75379960250469e-05,0.0001444373075864745
943,2,-6.600674336023845e-08,2.761889231666359e-14,-5.055126190794749e-07,3.967867128083128e-10
944,0,6.359778319574912e-08,3.645132482005125e-14,-2.994754412198421e-07,3.717228010839788e-07
944,1,0.000118877231109888,9.842327330885947e-08,0,0.0009489131551268045
944,2,8.872418738750135e-05,2.449981765851098e-08,-3.354299794255125e-09,0.0004143425124425904
945,0,-1.450331250822777e-06,1.374012375597065e-11,-1.116685677429513e-05,9.425627695027241e-07
945,1,6.274952591624287e-06,1.897818458376943e-10,0,4.236974349124925e-05
945,2,-5.832279915248345e-09,5.965753522183494e-17,-1.853648374480959e-08,0
946,0,-3.240494856568991e-08,3.125933805784522e-14,-4.649351442437004e-07,2.056955557181811e-07
946,1,5.238531230642602e-08,1.980841448732664e-10,-2.411464465190823e-05,2.831568864795697e-05
946,2,-1.698828898653884e-08,2.192844517846355e-15,-1.394631703252203e-07,1.556335434467756e-08
947,0,-2.579738967421395e-07,4.658537198022683e-13,-2.063791173937116e-06,0
947,1,7.478480497742819e-05,3.444778160871094e-08,-0.000118814595397192,0.0004644755767776723
947,2,1.487361466059895e-05,1.55379205629472e-09,-1.054412539550204e-07,0.0001191642498627264
948,0,0.0001186836696830209,3.519367446678222e-13,0.0001180202250385685,0.0001197421850783989
948,1,0.00015526652671574,2.349923875649519e-08,-1.482745226852951e-05,0.0004835342017253548
948,2,2.677434808732603e-05,2.946578313618129e-09,-4.275875392229058e-09,0.0001635217486024837
949,0,0.0001225618034362164,5.007263202466645e-09,0,0.0001639121154150345
949,1,0.0001389024341179284,4.312424236028109e-08,0,0.0006656698503889918
949,2,0.0001134470734296727,2.964820386599755e-08,-2.902878662843818e-09,0.0004836820486328871
950,0,4.614441893385271e-05,3.397330698178271e-09,0,0.0001215650207810356
950,1,0.0001501644318072137,2.829492981264287e-08,4.001098662553536e-06,0.0005200739530461052
950,2,8.017737281708959e-05,1.249153205245811e-08,-5.597760828086433e-10,0.0003075549755848305
951,0,0.00019982682786188,2.146960820921307e-08,0,0.0004338896388406606
951,1,0.0002239653661611186,9.285634413460226e-08,-4.37217347793392e-06,0.0008748645454264247
951,2,0.0001021758671609671,3.34166850550046e-08,-2.870438456312548e-08,0.0005002523240990783
952,0,0.0001034162200685248,3.21327090458265e-08,-3.562141290868393e-07,0.0004143295463096208
952,1,0.0001274341906866757,7.304467410938807e-08,0,0.0008259094637165083
952,2,0.0003991179660201086,3.662743819515043e-07,-2.597565286975061e-08,0.00170521177659949
953,0,0.000152673445752027,2.330941755280286e-08,0,0.0003063706021021767
953,1,0.0004415460340388989,2.042238527093753e-07,1.579392696747365e-06,0.001162349482545396
953,2,0.0002182984393176882,9.236699536264921e-08,-8.339622353577892e-09,0.0008186107564672663
954,0,0.0001833247492645406,1.008238914560775e-07,0,0.0007333378484365809
954,1,0.0001439256177064429,6.199417227314496e-08,0,0.0006553883578112
954,2,1.950910013809499e-05,2.66916743276262e-09,-1.263135296673028e-07,0.0001561991146344272
955,0,0.0003052780633671062,2.001085536116608e-07,0,0.001302795641872814
955,1,1.020025411213818e-05,6.220170772062256e-10,0,7.610393845469943e-05
955,2,6.059987307012824e-05,2.571701172805967e-08,-3.465509486575319e-08,0.0004848864285295836
956,0,7.41741164978269e-08,5.201905490258204e-14,-2.727812477182371e-07,5.059855527614558e-07
956,1,0.0001359190048902323,4.526558939043867e-08,0,0.0005791364269460774
956,2,4.68242852215842e-05,4.961437984555387e-09,-1.223683849214265e-08,0.0001889531524821849
957,0,-1.759221092019685e-07,4.885058865298965e-13,-1.97154299785377e-06,5.160833826664614e-07
957,1,3.802445511671552e-05,8.961729849469423e-09,0,0.0002883874357232523
957,2,6.889349618535923e-05,1.561384009025715e-08,-1.685495495011231e-08,0.0003497636320587065
958,0,1.589649522416115e-09,1.768889922882448e-17,0,1.271719617932892e-08
958,1,0.000113240329000857,4.600059544700288e-08,0,0.0006331853253631088
958,2,-7.194635026365488e-09,6.127955918983073e-16,-7.155737937959336e-08,1.400029916866946e-08
959,0,0.0003224178160439559,2.862091305056833e-07,-8.254403944591744e-07,0.001298550706980409
959,1,0.0001359469881269713,6.075995608523561e-08,0,0.0007659732665567647
959,2,0.0004019201145567455,3.104087873328726e-07,0,0.001533161628591774
960,0,0.0005436714542224933,4.353532342264111e-08,0,0.0006841602397060295
960,1,2.885789428963357e-05,2.550018424918497e-09,0,0.0001365343682942819
960,2,0.0002774411261447809,2.130384765826998e-07,0,0.001401969453433456
961,0,-1.837003463219093e-07,2.209423584456509e-13,-1.411483409202554e-06,1.184717751769116e-07
961,1,1.277022781825671e-05,9.712676726692542e-10,-3.401952719634551e-05,7.370465165732294e-05
961,2,9.40325897801e-10,1.085982210021143e-16,-1.114807058702001e-08,2.675796212640518e-08
962,0,-1.894538449342591e-07,9.837003333147051e-13,-2.049677104852883e-06,1.709758979359794e-06
962,1,4.98482800632697e-05,4.362919790231475e-09,0,0.0001777458765603931
962,2,2.161391017412229e-06,3.267156771180802e-11,0,1.728425247040912e-05
963,0,-1.085325964347831e-07,8.245527142212845e-14,-8.682607714782648e-07,0
963,1,5.909029914546549e-05,3.534755697472979e-08,-9.163599795028397e-05,0.0005497667358646797
963,2,1.43575380858362e-05,1.445467369767579e-09,-3.473399896379316e-08,0.0001149471526657125
964,0,-7.793850692580093e-09,4.252087603276184e-16,-6.235080554064074e-08,0
964,1,-2.927525444884608e-06,8.454036399633725e-10,-7.616257360944948e-05,2.904502127814041e-05
964,2,8.360607041443563e-05,2.131953878727353e-08,-6.506470078677181e-08,0.0003714312219354151
965,0,0.0002432976183009411,1.167849891394122e-08,0,0.0003034822102709491
965,1,5.747460701165775e-05,7.828752315203683e-09,0,0.0002146596234874371
965,2,-1.889505147366092e-08,1.294715990359337e-15,-9.190603094997107e-08,1.247682653002999e-08
966,0,-1.155437644666348e-07,6.591681488876849e-14,-7.898863677466979e-07,0
966,1,-8.959992389887247e-06,7.777557601547752e-10,-8.259638714780502e-05,4.858394475158647e-06
966,2,0.0001514822769452877,1.60658578419034e-07,-9.60727368784207e-08,0.001211958604876225
967,0,2.155865427022779e-05,3.297035720471277e-09,-1.005488344097184e-06,0.0001734747225059195
967,1,0.0002289021090006768,5.906846669946884e-08,0,0.0006486436885404335
967,2,8.650783242612726e-05,1.659401245695616e-08,-1.942804714609439e-08,0.0003423531498988717
968,0,0.0001615288121806717,1.565603913574625e-08,0,0.0002599425039491478
968,1,6.517993210084427e-05,9.475314178360209e-09,-1.882705856356757e-05,0.0002366840249499945
968,2,1.506965971901331e-05,1.590012042148125e-09,-1.15618743751565e-08,0.0001205688728927438
969,0,4.534887974805906e-05,3.425955495836446e-09,0,0.0001224048890108104
969,1,6.769363175209025e-06,2.920000871298781e-10,-5.068209376978089e-06,5.134234215301954e-05
969,2,-1.081638673505024e-08,4.671137068749197e-16,-6.677548102171329e-08,0
970,0,0.0001248711020677699,2.395561921336838e-08,-3.144085800399218e-07,0.0003792060801019553
970,1,0.0001143920725167439,6.831167632236236e-08,-0.0001306461865660929,0.0006558246175819004
970,2,6.280339632167256e-05,1.405426607722811e-08,-5.614794914364489e-09,0.000345473778060902
971,0,0.0003185966509361615,3.543262184576968e-08,0,0.0007136805289486223
971,1,5.485691696081574e-06,7.8080049649431e-11,0,2.750892868167539e-05
971,2,4.346500667300298e-05,1.211404846066098e-08,-3.25166503097912e-08,0.000334436685118425
972,0,0,0,0,0
972,1,1.255474034977635e-06,8.881796026379598e-12,0,9.097752304630061e-06
972,2,0.000116505770316202,2.991394805625861e-08,0,0.0004651566130978606
973,0,6.337219125765545e-06,6.714175015249152e-11,0,1.794519823905535e-05
973,1,-2.534874946033088e-06,4.411967133038732e-10,-5.554692777656965e-05,2.024836488523308e-05
973,2,-5.978763017657529e-09,2.006225052057582e-16,-3.698345689951512e-08,5.929669551937582e-09
974,0,3.319526368004007e-08,3.40248472331682e-15,0,1.524491131860747e-07
974,1,3.615193607688014e-05,4.246260077574338e-09,0,0.0001879953247061088
974,2,3.637871572266943e-05,6.710903283440952e-09,-1.350571126961845e-08,0.0002502174130308046
975,0,1.26285920384098e-08,1.116369358108113e-15,0,1.010287363072784e-07
975,1,0.000118951653791776,4.565417550189224e-08,-2.097483864187312e-06,0.000618317006268326
975,2,8.994471294793562e-05,2.904869142229151e-08,-1.639392524660965e-08,0.0004980367511651469
976,0,0.0001022246304716921,4.896220894334061e-09,0,0.0002476836701033192
976,1,-1.376300573196508e-05,1.405768409012061e-09,-0.0001126853758114831,6.776297684137024e-06
976,2,5.314642524607753e-06,1.977229431766752e-10,-1.714684941863962e-08,4.251760075876482e-05
977,0,7.365512017398053e-08,2.061166397992077e-14,0,4.263236894099124e-07
977,1,-4.40968919087911e-06,2.838033846413178e-10,-4.84683423511342e-05,8.259942602579566e-06
977,2,-6.16716631641989e-09,6.547178137817262e-16,-7.157591257872398e-08,2.03828083371292e-08
978,0,-1.51607461288696e-07,8.803044980085748e-14,-8.826615076820701e-07,0
978,1,5.732383610814769e-05,1.465949039385433e-08,-3.786389277232962e-05,0.0003645863122748859
978,2,6.292143981553863e-05,1.214708879580124e-08,0,0.0003117918330893044
979,0,1.412255058975413e-06,3.890600321748662e-12,-1.266392788903764e-06,4.469102367899492e-06
979,1,2.623959291891734e-06,1.365356287606595e-11,0,8.867971811025002e-06
979,2,-2.96560458815035e-09,1.600207222989442e-16,-3.305722217843674e-08,1.501504812048859e-08
980,0,3.052448739072427e-07,2.563977235770101e-12,-1.522368004309774e-06,4.327313458247444e-06
980,1,5.686346673293298e-05,3.327037329059801e-08,-7.504381827835804e-05,0.0005351041502747852
980,2,0.0001581365431577073,4.254672242997484e-08,-2.750780371908228e-08,0.0004785555331727058
981,0,0.0003185221561353499,1.450237769176553e-08,0,0.0003686465905351576
981,1,2.98002761627636e-05,7.637968476677231e-09,-6.277328530668204e-05,0.0002411208580902005
981,2,0.0002165609523247073,7.919000165060336e-08,0,0.0008052232800548121
982,0,0.0002625661728323453,1.064037408915578e-08,0,0.0003139476747577239
982,1,1.750442540726632e-05,2.692422477380464e-09,-1.420124519087101e-05,0.0001542366484490015
982,2,7.32613538115863e-10,5.484856865805263e-17,-1.49836719140772e-08,1.123581446448826e-08
983,0,1.175805826225951e-05,8.762254026119026e-10,-5.539877195170867e-07,8.996591389850169e-05
983,1,0.0001343163796290922,1.249324602548081e-07,0,0.001069467700942593
983,2,9.458087487344695e-05,2.825357747546701e-08,-1.166492959881606e-09,0.0004846829015978658
984,0,0.0001040544558628715,1.804724745803563e-08,0,0.0002804074459981578
984,1,1.626420642358078e-06,1.851670874121923e-11,0,1.301136513886462e-05
984,2,8.764922822980284e-05,5.377800988299116e-08,-3.768166208608518e-09,0.0007012012383835964
985,0,0.0001388074812085808,3.404284532405371e-08,0,0.0004211983154758519
985,1,3.897350866343678e-05,2.963942681378974e-09,0,0.0001478716752518299
985,2,5.792795892142085e-05,7.139772519331924e-09,0,0.0002665033298082895
986,0,0.0001660481591840644,1.928553095382473e-07,0,0.001327937575799443
986,1,0.0008556443799498841,2.76365204156764e-07,0,0.001511419896157558
986,2,0.0004993783736410935,3.314890690188485e-07,-9.565271673528092e-09,0.001643937766918101
987,0,3.785041889727497e-05,4.274629408707961e-09,-6.78049314423303e-07,0.0001512990935435424
987,1,1.952291361929815e-05,1.096108543281973e-09,-7.758779061930863e-06,9.533601757581981e-05
987,2,6.480923870839678e-05,2.940466990272068e-08,-1.904033848605543e-08,0.0005184971149239324
988,0,0.0001220515256776812,7.307182523844715e-08,-4.457837353501576e-08,0.0008251358524654654
988,1,7.110317480124348e-05,2.860227770148496e-08,-5.148312239488373e-05,0.0005009856782281324
988,2,-1.419402328853376e-09,7.194660888532703e-18,-7.82288503202388e-09,0
989,0,1.871166560133831e-05,1.081311999710574e-09,-8.656662792700227e-07,7.582553558630606e-05
989,1,-6.95838749026526e-06,1.607342618998163e-10,-3.150526802048181e-05,1.860898376088982e-06
989,2,0.0001375521963247269,9.423584113112225e-08,-5.716799260506395e-09,0.0009398280343964629
990,0,6.930088380399779e-05,1.480618369480615e-08,-4.494035143960825e-07,0.0003154003901059031
990,1,0.0001428516203898528,6.536348732967857e-08,-7.745801346833809e-36,0.000784334007456915
990,2,5.269659933148485e-10,1.943852106772134e-18,0,4.215727946518788e-09
991,0,0.0001255851870143816,8.99433343282418e-08,-7.602815426177298e-07,0.0009152236703889536
991,1,5.187164868483476e-05,8.162244183831191e-09,0,0.0002445096600414351
991,2,0.0001014103347676756,5.236874726573198e-08,-1.614359768820496e-09,0.0006990133211660181
992,0,0.0001446534810300006,1.750382521405971e-08,-1.641392809211846e-06,0.0003620353532904164
992,1,0.0005100381298227695,1.203501745319718e-07,2.061037306577105e-06,0.001001895542307629
992,2,0.0001231532953160259,3.482261600460905e-08,-2.695378087675849e-08,0.0005490591646179464
993,0,0.0001318947051669986,5.395814316523654e-08,0,0.000611777618984321
993,1,0.0001387353755895275,1.188957092600307e-07,-3.861764151061661e-06,0.00105030849677243
993,2,0.0003813699199216199,1.958739397945692e-07,-5.644609410702992e-08,0.001091603239381784
994,0,0.0003393345605873529,1.149807905999728e-07,-2.953024555637191e-07,0.0006789893237757442
994,1,0.0002312422509698935,9.106371757528424e-08,0,0.0009602070411892209
994,2,6.267121435398082e-05,2.749730604580475e-08,-1.627641154322311e-08,0.0005013979426445603
995,0,0.0002646918709100926,1.248442409913311e-07,0,0.0008880122075003689
995,1,0.0001300424993153942,4.884250813633983e-08,0,0.0006430017189272998
995,2,6.898131053046214e-05,1.453011076011538e-08,-1.006960491733367e-08,0.0003077950835468158
996,0,-8.757310696073402e-07,3.218201718144616e-12,-5.598536283262179e-06,0
996,1,9.405075688968605e-05,3.367483035892553e-08,0,0.0005451787150922712
996,2,0.0002137731013514318,8.065946483834716e-08,0,0.0007228363703917104
997,0,0.0006487804960909929,2.166189414786544e-07,0,0.001578309425849041
997,1,0.0002116586064271893,9.084406025795402e-08,0,0.0009387133623772892
997,2,-2.374520808505725e-09,7.60728363558651e-17,-2.074568522193084e-08,1.14050874854251e-08
998,0,8.709790039446143e-05,4.819769701291542e-08,-1.481550194505574e-06,0.0006672854086000386
998,1,0.0001129894296436089,8.37463415403468e-08,0,0.0008785567633123492
998,2,4.316200899377197e-05,1.304404312150902e-08,-3.707985481980834e-08,0.0003453346431127918
999,0,-8.265892981778062e-08,2.052405957435482e-14,-3.409436848303329e-07,0
999,1,0.0001120754021420906,8.544663659702933e-08,0,0.0008854468410175937
999,2,3.316412312045946e-05,7.698754928362764e-09,-1.37916027943041e-09,0.0002653090874942141
1000,0,0.0001477669401602093,2.321921287044019e-08,-2.515831281893824e-07,0.0003861127978167997
1000,1,9.858511313221416e-05,2.740048519701742e-08,0,0.0003976495002861916
1000,2,3.367118041950866e-06,7.938665568398516e-11,-2.358356438301619e-09,2.694054769315419e-05
1001,0,9.50312327102921e-05,2.051935198902514e-08,0,0.0003947698643147527
1001,1,0.0002181553031340606,6.667794453045869e-08,0,0.0006423796755508531
1001,2,2.62594340130451e-05,2.293120099097587e-09,-3.453426755286405e-08,0.0001349574734374815
1002,0,7.656596466189721e-05,1.096397557184895e-08,0,0.000341329096109112
1002,1,1.41343580482334e-05,3.796679087776227e-09,-6.391526047969315e-05,0.000166861779404103
1002,2,0.0001128867592299221,2.827055517109472e-08,0,0.0004280674682874419
1003,0,7.343764968327084e-05,2.537774138796416e-09,0,0.0001429953482490971
1003,1,0.0001413277563565487,1.487493473977465e-07,-5.172236604864102e-05,0.001160595489164344
1003,2,0.0002627287696234066,8.922779076922098e-08,0,0.0007017025413774268
1004,0,0.0005689380508649492,1.309995325529189e-07,0,0.001119877401637771
1004,1,6.216072923175636e-05,2.524718782864923e-08,0,0.0004824641014014532
1004,2,0.0003367935381870987,1.759759654957095e-07,-4.505897862165237e-09,0.001026866450893961
1005,0,0.0001067541450556295,5.301021264615596e-08,-2.25766909883736e-07,0.0007013271106552678
1005,1,-1.159652876262841e-06,1.264408675549591e-10,-2.991570795956544e-05,9.014529114343035e-06
1005,2,0.0001381684210082035,1.279709011115065e-07,-6.979327017701522e-09,0.001084460584825624
1006,0,8.711112470550576e-05,5.35081155972788e-08,-2.957453279733939e-06,0.0006991154613382684
1006,1,1.903318279583006e-05,2.397805743096372e-09,0,0.0001485487404928073
1006,2,9.553967763370694e-05,3.271064930040119e-08,-7.778739452095356e-09,0.0005281263709845468
1007,0,0.0003298901478559437,6.529733651726094e-08,0,0.0005294052589984642
1007,1,0.0001886025830899092,3.689199322814939e-08,0,0.0004471086632820835
1007,2,7.964820138043511e-05,4.440759456589312e-08,-7.920259925990658e-09,0.0006371902731413105
1008,0,0.0001323263286383768,5.243945354785566e-08,-3.042476781684113e-07,0.0005299204276235876
1008,1,0.0001506209829218668,4.733253148651295e-08,-5.530395582310235e-06,0.0005972287794548231
1008,2,2.255187467643863e-05,3.560305758903907e-09,-5.733089890682366e-09,0.0001804193516371586
1009,0,0.0001647210109168579,4.423469864945831e-08,0,0.0006865293836588209
1009,1,5.770389266336714e-05,1.909715498439141e-08,-0.0001033893635271871,0.0003615125950623991
1009,2,1.000200292699896e-05,7.002237419083247e-10,-6.419690398031004e-09,8.001318802954717e-05
1010,0,1.456112326906644e-05,2.127435765250886e-10,0,3.042144794430045e-05
1010,1,7.198377081076006e-05,2.241758391712571e-08,0,0.0004585064653227132
1010,2,6.204884742069175e-05,1.468851407781899e-08,-1.028917152494098e-08,0.0003602280633286151
1011,0,1.73118802247953e-07,2.017362993905087e-13,-9.236323485920116e-08,1.352616340993275e-06
1011,1,-4.334666785920468e-06,3.727347129568774e-10,-5.456354820257762e-05,1.144654082836018e-05
1011,2,0.0001645837161284643,7.442452251825615e-08,-1.728231475262303e-08,0.0008134682641235255
1012,0,2.347420021281962e-05,3.876070831090821e-09,-6.167105354988979e-07,0.0001881926353804926
1012,1,-1.039047769273037e-05,6.24539649938827e-10,-5.996011683381208e-05,1.045214886724697e-05
1012,2,6.705301006289615e-06,3.147931460498265e-10,-1.712355249516084e-08,5.364730392429826e-05
1013,0,6.759077276341695e-06,3.228766721310472e-10,-2.269478716248921e-07,5.429956608235845e-05
1013,1,-1.330939723419585e-05,3.682010499233871e-10,-4.966005782566997e-05,4.15816593517665e-06
1013,2,-3.661373595707816e-09,1.81662561742218e-17,-1.17356829808736e-08,0
1014,0,0,0,0,0
1014,1,-2.228902443315036e-06,8.252209417745021e-11,-2.536165195635125e-05,7.530432409830961e-06
1014,2,2.914218764241439e-05,5.947886432908726e-09,-1.983520449329075e-08,0.0002331892522715305
1015,0,6.119190305158699e-05,1.947392613996965e-09,4.184328467319202e-05,0.0001779070769068882
1015,1,1.336528166281773e-05,1.994073580908272e-10,0,3.834708751614479e-05
1015,2,-1.335498239511869e-09,1.146901579396049e-17,-1.029230186725973e-08,0
1016,0,-7.396951121031715e-09,4.38771594667994e-15,-1.687592725159576e-07,7.776426027141802e-08
1016,1,1.504906109059457e-05,7.473624840307195e-10,0,7.668136066835287e-05
1016,2,4.255736269561921e-05,5.906791933753826e-09,-4.914974321229992e-10,0.0002137444599135029
1017,0,-1.113740270563485e-07,8.682921731923777e-14,-8.909922164507881e-07,0
1017,1,5.893144332581011e-05,1.685163433238668e-08,-4.131266887168761e-05,0.0003911254356157039
1017,2,6.13887659717862e-05,1.028936545392036e-08,-1.006724110127558e-08,0.000306844262719999
1018,0,0.0002505244360641583,8.967759622157208e-09,0,0.0002880375438509591
1018,1,-2.001970371813052e-07,8.191213287867829e-10,-6.049871393427712e-05,5.351888728864428e-05
1018,2,0.0001200148304103942,4.647151647561452e-08,-1.848371104879756e-08,0.0005942448277578747
1019,0,0.0003038312760694021,2.195155530804064e-08,0,0.0005923630395438776
1019,1,0.0001982117360570025,1.475106027058027e-08,0,0.0003199801395057134
1019,2,2.557693027386017e-06,4.579714812518398e-11,-1.754041736179431e-09,2.046244179470665e-05
1020,0,1.212851349500494e-05,8.964299815735626e-11,0,2.093021030249664e-05
1020,1,-7.415240395972482e-06,3.182481555734115e-10,-5.191139586213682e-05,7.658630745626012e-06
1020,2,0.0001174782762716415,5.603699380262334e-08,-3.828167813192908e-09,0.0007118490378515883
1021,0,-1.168826047612411e-07,2.404382961172943e-13,-1.102366339840412e-06,7.175263986290339e-07
1021,1,3.180155086875239e-05,5.145858212075727e-09,-2.059578683568666e-06,0.0002197817745275114
1021,2,0.0001009954662914581,3.582298561857148e-08,0,0.0005864751642846164
1022,0,9.22241821126539e-06,8.778606050493575e-11,0,2.159113735596594e-05
1022,1,2.42063094975105e-05,2.259047605108224e-09,-3.646039978909245e-05,0.0001307768187296557
1022,2,-2.20839074052249e-09,3.109914130426962e-17,-1.671531878809958e-08,1.518362855587735e-09
1023,0,2.288803133848597e-06,3.62985655155135e-11,-6.686435347302123e-09,1.822881348743535e-05
1023,1,4.277122674957096e-06,7.409438546281542e-11,0,2.587502943137323e-05
1023,2,3.002196590125551e-05,3.077508652198527e-09,-8.728598084655349e-09,0.0001587353400314218
1024,0,2.440571265551594e-06,4.129249965592466e-11,0,1.944181714784282e-05
1024,1,8.730964736592213e-05,4.251155151531439e-08,0,0.0006296370190675696
1024,2,8.840781327705511e-05,1.827179779421354e-08,-4.382846587538878e-09,0.0003537498599844103
1025,0,1.566350645708907e-06,2.777298335131585e-12,0,4.102080124548401e-06
1025,1,1.31969425064772e-05,4.755109999751021e-09,-7.762508829411973e-05,0.000182779437014547
1025,2,5.638855699958461e-05,2.094462210985302e-08,-4.104131531379316e-09,0.000439148254203065
1026,0,0.000437421188744106,7.379140066712424e-11,0.0004307451858530103,0.0004519135772255986
1026,1,0.0001173545013175446,2.582368347328487e-08,0,0.0005001599023051382
1026,2,0.0001693840333779991,3.201865337576577e-08,0,0.0004778220187225361
1027,0,0.0001565785647259687,2.451713794285776e-08,0,0.0003139815288510801
1027,1,0.0001353308788456427,6.91456757464145e-08,-4.598772987053823e-05,0.0007348171306602647
1027,2,3.344150139181642e-05,7.072755893075931e-09,-1.831148113641165e-08,0.0002557117347741831
1028,0,1.420848141166314e-08,6.120675659764198e-16,0,6.190333740727675e-08
1028,1,1.765266637111256e-06,3.926201294037862e-12,0,5.625356502437758e-06
1028,2,-1.113121985944058e-09,4.541295391766267e-18,-5.177405756491264e-09,1.328897082924764e-09
1029,0,0.0001561299571089566,2.450733660045682e-08,-1.44284005402464e-06,0.0003199291807664272
1029,1,8.377986616330604e-05,2.313824741166711e-08,0,0.0004382664107821841
1029,2,6.009585514329388e-05,4.406392470648513e-09,-7.492260721908673e-10,0.000170874333265374
1030,0,0.0001269155175474641,2.301656101694444e-09,0,0.0001459102598748595
1030,1,0.0001544493193215359,1.04379022975608e-07,0,0.0009996188929194648
1030,2,9.202788207616934e-05,3.29547968988892e-08,0,0.0005434809697603811
1031,0,4.709759306264172e-05,1.331298653371952e-09,0,7.68166814317263e-05
1031,1,1.912067828390677e-05,2.737632154147865e-09,-1.830086660985844e-05,0.0001561616164258625
1031,2,0.0001077231824676557,2.250899198065191e-08,-9.417450802173873e-09,0.0003955249644162121
1032,0,-5.628394178488132e-07,1.148813071134092e-12,-3.274217947347873e-06,0
1032,1,2.795875144926277e-05,7.214411150864767e-09,-2.974794170090011e-05,0.0002511596899453942
1032,2,7.096240042377374e-05,1.218274708396265e-08,0,0.0003440056386651374
1033,0,3.71876005273367e-05,1.383295036527617e-09,0,7.503073678670446e-05
1033,1,1.841246199014607e-05,8.681298113993607e-10,0,8.030942951792414e-05
1033,2,2.059613455367588e-10,2.969405309871851e-19,0,1.647690764294071e-09
1034,0,1.892389533950956e-05,1.076639861325626e-09,-4.497344191640102e-07,7.819022351203955e-05
1034,1,2.692570205415535e-06,6.243242827210099e-10,-5.025674745905458e-05,4.606210407579985e-05
1034,2,-8.820031349274369e-11,5.484201802415147e-20,-7.077893220718431e-10,2.18681412989354e-12
1035,0,1.966186102063638e-06,2.706121451563742e-11,0,1.57294888165091e-05
1035,1,-9.284526716616057e-06,6.034170544609011e-10,-7.427621373292846e-05,0
1035,2,1.195632905438441e-06,1.001280004936237e-11,-4.923736426615237e-09,9.567584582157651e-06
1036,0,0,0,0,0
1036,1,6.285567227822354e-06,8.212678245550959e-11,0,2.854007207817043e-05
1036,2,5.147049278567301e-06,1.253088839839622e-10,-1.493235310598564e-09,3.412775445992496e-05
1037,0,4.281807143054108e-05,1.679698887463716e-09,0,0.0001474772637978895
1037,1,5.491582731085482e-05,4.973667371544002e-09,0,0.0001549936376751753
1037,2,2.37125467668298e-05,2.064544411093201e-09,-3.438369230943037e-08,0.000133691575322843
1038,0,-1.946636558171115e-10,2.6525757227258e-19,-1.557309246536892e-09,0
1038,1,5.189018096592032e-05,2.457529975675927e-08,-0.0001091528797274252,0.000435629573211899
1038,2,5.640901667559429e-05,2.227375230670873e-08,0,0.000451271354898052
1039,0,9.921105349615424e-05,9.845532419569915e-09,0,0.0002008642274840469
1039,1,6.013274622634001e-05,1.752606786934631e-08,0,0.0004076681002964821
1039,2,0.0001812533354448176,4.317114470550415e-08,-1.009785675271707e-09,0.0005110686695437942
1040,0,0.0003995143878179714,9.663036753835815e-09,0.0003087992074538914,0.0005431297336382769
1040,1,-3.742667904822799e-06,1.470854947672848e-09,-9.346433849676802e-05,5.548629532923073e-05
1040,2,4.053241537350486e-05,9.963124389855582e-09,-1.307937330301069e-08,0.0003040387085931309
1041,0,-5.445713410881001e-07,9.630101735448177e-13,-2.924547000879065e-06,0
1041,1,-8.067381915686958e-06,2.764792355154711e-10,-4.399157462288953e-05,6.845502805141496e-06
1041,2,7.904892532130435e-06,1.331286192629452e-10,0,3.107447425413199e-05
1042,0,2.71337166373358e-05,1.056555007259056e-10,0,3.22232863402686e-05
1042,1,8.478021784134029e-06,6.172991137169023e-09,-0.0001001194249140584,0.0001972469967722121
1042,2,2.467601704704138e-05,1.498896533077516e-09,-2.14904297277771e-10,9.350095791668786e-05
1043,0,5.792952948361797e-05,2.014711553741744e-09,0,9.401638922565717e-05
1043,1,0.0001073931186636282,2.415001722879642e-08,0,0.0004699474818258501
1043,2,1.170472411685327e-05,9.588497479243869e-10,-1.644867503744202e-09,9.363120456261835e-05
1044,0,-1.2534286533481e-07,4.880581033370881e-14,-6.519539574294658e-07,3.794630028678071e-11
1044,1,4.484162252851277e-05,1.369124759539434e-08,0,0.0003543971647105396
1044,2,4.399096785717161e-05,6.208124778876147e-09,-2.007767970855942e-09,0.0002160853223200998
1045,0,0.0001192280836321381,6.763657666011902e-09,0,0.0002452171660008335
1045,1,-6.911934178141475e-06,5.77354556966625e-09,-0.0001777173347984856,0.0001224218613733538
1045,2,2.259165706643731e-05,3.572485458116187e-09,0,0.0001807289334841016
1046,0,0.0001394709766914468,1.634827379702837e-08,0,0.0003961596055831105
1046,1,5.38414752844378e-05,5.230505075871149e-09,0,0.0002302985825514445
1046,2,6.664797816206361e-05,1.027637796990336e-08,-1.911767226709204e-09,0.0002878499416824378
1047,0,5.902411538111149e-05,6.641857100163615e-09,0,0.0002556853311138555
1047,1,0.0001923891382071045,9.169584685888274e-08,0,0.0007525542228696762
1047,2,0.0001026369916022824,4.102067142573568e-08,0,0.0006327591692739178
1048,0,0.0001032226846105684,1.1635533570194e-08,0,0.0003583363596622696
1048,1,3.861606603040628e-06,1.61274746534178e-10,-1.957834255057133e-05,2.574388799266209e-05
1048,2,2.505771760773767e-05,4.393329673905803e-09,0,0.0002004239249601524
1049,0,0,0,0,0
1049,1,7.465073605555426e-06,3.097487070173485e-09,-8.164684092740091e-05,0.0001361326775182885
1049,2,7.265398905519118e-05,1.63434700861545e-08,0,0.0003356828291205305
1050,0,6.429508172033858e-05,4.134051928059743e-09,0,0.0001291523436008319
1050,1,6.839255203833709e-05,5.021352079866064e-09,0,0.0001742785232727053
1050,2,0.0001410657025210307,5.969792161296599e-08,-5.890263306710164e-11,0.0005645528647194939
1051,0,0.0002662446644507664,1.202139996813241e-08,0.0001623006492742835,0.0004295002598779435
1051,1,0.0001507067395019323,5.984423682932026e-08,0,0.0007619910645029485
1051,2,7.934335776329269e-05,2.879663404769189e-08,-3.758494652243763e-09,0.0005164755922691148
1052,0,-5.581435462810986e-09,4.172663766340015e-12,-3.81236642721712e-06,4.30765445448202e-06
1052,1,0.0001037911537121594,4.175525568244937e-08,0,0.0006173837411007054
1052,2,-9.86506535136961e-09,4.82571910198361e-16,-6.648418136210224e-08,5.725371307640469e-09
1053,0,-3.086517379310813e-07,2.236487371356067e-12,-4.027948810768747e-06,1.558734907320097e-06
1053,1,8.989042122293322e-05,1.782066184513181e-08,0,0.0004066537969277631
1053,2,9.997716387655539e-05,1.252645123584009e-08,0,0.0002711354797795491
1054,0,0.000126459500871366,5.296254014823346e-09,0,0.0001709394170447559
1054,1,9.996809714873192e-06,4.219106789072696e-10,0,6.385882837146509e-05
1054,2,7.121979473176821e-05,1.568130008552e-08,0,0.0003280906264342427
1055,0,2.182356772567206e-05,3.298938641690226e-09,-1.043967624098912e-07,0.0001737849488773617
1055,1,1.700300951929665e-06,1.055486555704488e-09,-7.212182877881837e-05,5.511071926638815e-05
1055,2,3.571827596680317e-10,2.224359738729442e-18,-1.850019682554768e-09,3.822200789946557e-09
1056,0,2.075238332354433e-05,3.140170881129024e-09,-4.018664049548098e-06,0.0001689666404113957
1056,1,0.000113694234624665,5.799459665743639e-08,-9.115802742230518e-06,0.0007288786369219229
1056,2,2.13869963494851e-05,1.438076835494952e-09,-4.625181694871688e-09,0.0001017664829105068
1057,0,6.831382227127605e-05,3.816469424131298e-09,0,0.0002247530296028714
1057,1,1.247702648309825e-05,2.589124946084838e-09,-4.424441820673619e-05,0.0001414117652719709
1057,2,0.0001537813748996771,1.927166393135295e-08,0,0.0004185461995715625
1058,0,0.0001813912036926639,3.290292556239905e-08,0,0.0003635377013269835
1058,1,0,0,0,0
1058,2,-9.872761583975493e-09,8.143171485684436e-16,-8.513956936836401e-08,6.72599944634525e-09
1059,0,0.0001334879114890297,2.973107889485291e-08,0,0.0003631037932661914
1059,1,0.0001847196168737527,1.162688401891662e-07,-2.907852940836671e-06,0.000971556153189395
1059,2,0.000308901211573202,9.517643152465984e-08,0,0.0009271816462315609
1060,0,0.0004634620921293602,1.2887880354091e-07,0,0.000743174992304784
1060,1,2.002201812073209e-06,1.313072058973877e-09,-6.413121278733147e-05,8.014882728391714e-05
1060,2,0.0001280846057624404,7.500732625249545e-08,-1.321536495988954e-08,0.0008335210741008927
1061,0,0,0,0,0
1061,1,9.762976102616143e-06,2.875935838370841e-10,0,4.161820657219257e-05
1061,2,0.000121945668676885,1.018454502396301e-07,-4.552661200154351e-10,0.000966251963159797
1062,0,0.000335453010280535,4.395681846921668e-08,0,0.0006407424803791289
1062,1,5.129397172621493e-05,5.195175835152064e-09,0,0.0002152277387596162
1062,2,5.051614019240166e-05,8.960287217798893e-09,-8.615858676229497e-09,0.0002742947097638136
1063,0,7.768082890614212e-06,6.206742552636786e-11,0,1.784175940904765e-05
1063,1,3.136233794927796e-05,8.479671051562618e-09,-6.090331973249974e-05,0.0002652519636961916
1063,2,-8.750907851205234e-10,6.058960427241564e-17,-1.625110223188193e-08,1.455442842369089e-08
1064,0,3.905297924393622e-05,1.066199882565778e-08,0,0.0003122451603846523
1064,1,1.146014606695669e-05,4.897977182491586e-10,-8.912377755845261e-06,6.189719112652706e-05
1064,2,1.111114065493975e-05,2.318147624922458e-10,-1.210878625723499e-08,4.04564882908661e-05
1065,0,3.229251934650399e-05,8.22761384089128e-09,-1.505974441160306e-05,0.0002719087082477034
1065,1,2.914671141865749e-05,1.00343706491649e-08,-5.781502136387753e-05,0.000289322195288876
1065,2,7.321662096730378e-08,3.518445811363971e-14,-7.734197224051287e-09,5.689380268090453e-07
1066,0,3.24992139732208e-07,3.173693809558369e-13,0,1.34512199922655e-06
1066,1,3.934769220008576e-05,2.134737097356378e-08,-0.0001010866834398531,0.0004158682210405392
1066,2,7.465189550574559e-05,3.901155799522446e-08,-8.167644862021078e-09,0.0005972233316908267
1067,0,1.447736168453496e-05,1.924011951931441e-09,-1.273779838153187e-05,0.0001297364236757225
1067,1,-6.557183081172925e-06,5.207638396593903e-10,-6.581529013308565e-05,1.335782548370226e-05
1067,2,3.06714090787705e-06,6.585202574860909e-11,-9.573795843338679e-09,2.453721359709692e-05
1068,0,-1.69938905327553e-06,1.364739958726388e-11,-9.539891289936363e-06,2.721136634806522e-06
1068,1,0.000102490218642171,9.958595466596313e-08,-8.99364855528966e-05,0.0009338403938963409
1068,2,0.0005870790578529177,2.1186168231277e-07,0,0.001041843779556499
1069,0,0.001055574599215046,6.59452614033659e-08,0.000835974249484766,0.00172020189543712
1069,1,0.0004373128240996404,8.404967580019837e-08,0,0.0007636898005183425
1069,2,0.000189516721575819,3.642862570840336e-08,0,0.0005658299822612195
1070,0,-3.34101656810754e-07,3.362853334180642e-13,-1.411601897492992e-06,0
1070,1,0.0001709556695036869,2.627404651998101e-07,-0.0001292899300528151,0.001517922735971878
1070,2,0.0003249309847141956,1.753856428473359e-07,-2.605769510497281e-08,0.001296334378973292
1071,0,3.236258969582701e-07,1.057340471204747e-12,-1.155073373978148e-06,2.728423211523405e-06
1071,1,0.0001215823200928402,4.668102944409597e-08,0,0.0006064342157554118
1071,2,0.0003891998305147268,3.644684836991086e-07,-1.811647718383562e-09,0.00146788850582371
1072,0,5.367380797835827e-07,3.480159111032116e-12,-9.816478114037837e-07,5.36440231191312e-06
1072,1,8.661103996085259e-05,3.617522360361911e-08,-2.154663924453688e-05,0.0005748631417901935
1072,2,0.0002351415295910676,9.081008332672963e-08,0,0.0009307339434577405
1073,0,0.0004765763836083586,1.683852590524114e-08,0.0001812932343970529,0.0006920620828165392
1073,1,2.397730926723211e-05,3.489623169214429e-09,0,0.0001801936521902283
1073,2,8.857063432954793e-05,5.491248842531285e-08,0,0.0007085604882476695
1074,0,3.447699155200845e-05,7.402085445610298e-10,-4.658600944921208e-07,6.032724159828921e-05
1074,1,0.0001083874622459883,2.59506194362094e-08,0,0.0003931252144120757
1074,2,6.488627162098455e-05,1.634077117188246e-08,0,0.0003813660442418858
1075,0,0.0001509954568016932,7.419619611099719e-09,0,0.0003273079843138433
1075,1,8.458986620658554e-05,1.826319372161978e-08,-3.231995886680531e-05,0.0003718655258278648
1075,2,3.675261934377226e-05,4.155538609765269e-09,-5.585978917476274e-08,0.0001671600319807356
1076,0,1.912087903738066e-05,4.193298571245894e-10,-2.732684476512958e-06,4.009282887682446e-05
1076,1,0.0001440297059650659,6.877591003412902e-08,0,0.0007484640818308303
1076,2,-1.38882169707264e-08,1.289585839900575e-15,-1.088903968407312e-07,0
1077,0,0.0001987434023419725,2.441671224888422e-08,0,0.0003565366573574266
1077,1,1.218585683418838e-06,5.79078332752468e-12,0,7.185991603226791e-06
1077,2,0.0001585641131537248,7.676017420261965e-08,-3.966666438750202e-09,0.0007072475802238804
1078,0,7.819136014502202e-07,2.910365832928236e-12,0,5.25988093200413e-06
1078,1,2.409000639287497e-06,6.517015699037484e-10,-4.397185039502942e-05,5.737675812554245e-05
1078,2,3.921251665651929e-05,4.617864434601764e-09,-9.146536842387905e-09,0.0001617315886450898
1079,0,4.662387892364479e-05,1.212692244591127e-08,0,0.0003377680866234331
1079,1,-4.802335530256038e-06,5.062091785908767e-10,-6.270641260536106e-05,1.403222123601236e-05
1079,2,5.254747495425627e-05,8.45081228974916e-09,-4.641674273301623e-09,0.0002362531191587843
1080,0,0.0001352469908915177,2.274401552169753e-08,0,0.0003979037241130728
1080,1,2.125849159001835e-05,1.029590888817412e-08,-0.0001106506842585806,0.000271389102690414
1080,2,9.647059036152017e-05,1.753562361314426e-08,-7.028933901160156e-09,0.0004003095252299999
1081,0,3.560927984510023e-05,2.113408141835107e-09,0,9.535090934845178e-05
1081,1,5.181309654282034e-05,1.300217049810363e-08,-2.164708154965127e-05,0.0003406875941231829
1081,2,0.0001788332120890025,6.705535247523359e-08,-2.308066662616741e-08,0.0007848794255710823
1082,0,3.567145979215554e-07,2.025215594677776e-12,-1.203136976618454e-06,3.970477007168041e-06
1082,1,-1.413720730409662e-05,1.636035913384583e-09,-0.0001209368412157509,7.83918278297797e-06
1082,2,1.884829231734037e-05,2.485785441269197e-09,-6.083415904017504e-09,0.0001507592382618248
1083,0,5.319913114342632e-05,1.08344064813158e-08,0,0.0003098175009387259
1083,1,6.3834670845048e-05,1.127800278811382e-08,0,0.0003257388884388448
1083,2,0.0001884600036233331,4.15091391341586e-08,-1.236134208014884e-09,0.0005001903639115232
1084,0,0.0002298507858998246,2.091171043444248e-08,-1.104894610727435e-05,0.000382721969369872
1084,1,4.239638102605219e-05,7.200507934654233e-09,-1.430591154647209e-05,0.0002502196054159981
1084,2,2.2095887109088e-05,1.888603298743057e-09,-2.794595043377384e-08,0.0001295301098099422
1085,0,0.0002067664889904508,7.229395193722447e-08,0,0.0008699525238802737
1085,1,-2.187379255677108e-05,3.349239605716577e-09,-0.0001749903404541686,1.989100446563142e-36
1085,2,3.259799523699959e-05,4.331201348648785e-09,-1.148870657061798e-07,0.0002037433969633507
1086,0,2.693335589769328e-05,4.979412411246042e-09,-1.777704353861552e-07,0.0002136222212062255
1086,1,0.0002160565546502812,1.882936969744986e-07,0,0.001349916512732646
1086,2,0.0008279588543838555,2.4227029097651e-07,0,0.001246598976543886
1087,0,0.0006942051953521438,1.651432903270046e-07,0,0.001097951201282219
1087,1,4.360389676275864e-05,9.557415259666108e-09,0,0.0002990890484719454
1087,2,9.915840074358046e-06,6.883525189725558e-10,-2.410477456385161e-08,7.933101470406901e-05
1088,0,1.613606114180378e-05,2.002451955188229e-09,-4.089493569563478e-06,0.0001344489434685536
1088,1,3.478840903451658e-05,3.78840961304558e-09,0,0.0001846027428596542
1088,2,8.029745154275688e-06,4.519178451858126e-10,-3.092528142210259e-08,6.427407125873402e-05
1089,0,2.463460050803332e-05,5.154460650057855e-09,-1.72685567485034e-05,0.0002139891060046845
1089,1,1.898876005646526e-06,1.106577462066853e-11,-7.814882441157558e-08,8.264004622352212e-06
1089,2,-5.263220781908901e-09,5.572568552098028e-17,-1.951069751626478e-08,0
1090,0,8.360605920730337e-05,4.932994633892799e-08,-2.38447404627828e-06,0.0006712329477047052
1090,1,0.000116395575848993,4.801471648367527e-08,-2.154648344580987e-05,0.0006450394894642418
1090,2,1.201066376133817e-08,1.009792307915455e-15,0,9.608531009070539e-08
1091,0,-1.246821579667465e-07,1.088194836067132e-13,-9.974572637339723e-07,0
1091,1,3.181137039937748e-05,5.180335163659682e-09,-2.308091844752785e-05,0.0002133887442548777
1091,2,2.887513387710133e-05,9.644932698964537e-10,-1.966175083578387e-10,8.963014808437801e-05
1092,0,8.950242933779888e-06,1.430379159253269e-10,-1.496205229862207e-06,2.651269583042515e-05
1092,1,9.31499947826618e-06,1.150153676094908e-09,-4.038739444943567e-05,8.948015252417461e-05
1092,2,1.492575872758774e-05,8.544393210446322e-10,-7.661002181584114e-08,8.700707104854802e-05
1093,0,8.520031627458207e-06,1.804928438958523e-10,-2.342726717600931e-07,3.193386716120633e-05
1093,1,2.829063754864063e-06,3.038833826793033e-11,0,1.682189470700273e-05
1093,2,2.127969987412237e-05,8.757694633747901e-10,-1.020724804190361e-08,6.949542811069832e-05
1094,0,1.980827844737294e-05,8.640779993289811e-10,-9.092329382288738e-08,7.30129972889217e-05
1094,1,3.20930784775307e-05,4.036400403234699e-09,0,0.000194893359811924
1094,2,8.639506893066328e-05,1.321133769395518e-08,-2.16632270343602e-08,0.0002810772690120089
1095,0,0.0001523861766929426,8.518611305448187e-09,0,0.0002701727427152114
1095,1,2.822677606528003e-05,2.087011650818243e-09,0,0.0001387256173910151
1095,2,4.744343375605355e-06,1.572256067448549e-10,0,3.791930953934609e-05
1096,0,2.541993897876176e-05,4.812356810699855e-09,-5.321040045524406e-06,0.0002089016001316721
1096,1,0.0001244730639882245,3.266709467520967e-08,0,0.0005145716254063052
1096,2,4.003232846747646e-05,2.964116200724954e-09,-1.211451538203537e-08,0.0001503234612507843
1097,0,8.346041380226035e-05,4.27309538099062e-09,-2.325931966345036e-06,0.0001402652080523044
1097,1,8.255991353666914e-05,8.417929635105488e-09,0,0.0002409626025108024
1097,2,4.337004835761158e-06,1.319637634755575e-10,-2.074527750093735e-08,3.473019525112738e-05
1098,0,3.491186435685798e-05,6.875311347462895e-09,-7.751305290084183e-06,0.0002512214593858828
1098,1,4.419781201307632e-05,1.102107850034066e-08,-4.265884039044753e-05,0.0003064553941195193
1098,2,0.0001329350754080439,1.139350664119993e-08,-4.064228258022962e-08,0.000267270459852175
1099,0,0.0001583089426783132,5.23445764434863e-09,0,0.0002516134641076683
1099,1,4.781765116927268e-05,2.201755976859939e-08,-5.496486375555117e-05,0.0004375060731097327
1099,2,0.0001339221005036694,2.2253947466429e-08,0,0.0003668661517213731
1100,0,0.0002206852560538093,2.922698715389354e-08,0,0.0003577919420962185
1100,1,6.318857952317548e-05,5.055555621280331e-09,-7.613481082246126e-06,0.0001548696681185674
1100,2,1.240002520972381e-05,7.85000608010809e-10,-5.776880627883111e-09,8.558337797542624e-05
1101,0,7.883813887408653e-05,4.350075515153335e-08,-3.336112286005143e-07,0.0006306579380205645
1101,1,1.539641105168329e-06,5.530465556041217e-09,-0.00015729328064031,0.000135488864678389
1101,2,-1.029442583251822e-09,1.486290040825056e-17,-1.022112708878388e-08,4.22841555009226e-09
1102,0,2.386776720952044e-05,4.791453372108314e-09,-1.41117848912851e-05,0.0002066109893698386
1102,1,6.39204994995626e-05,2.198487199913799e-08,-4.648328758348575e-05,0.0004078744357046359
1102,2,0.0001020254318656662,3.992722759183033e-08,-1.94480096993674e-08,0.0005946341266273728
1103,0,1.759815841430177e-05,3.103057515376636e-10,0,3.662920242057502e-05
1103,1,0.0001734921353548828,1.188878717274474e-07,-4.916851061134021e-05,0.001003312941431972
1103,2,0.0006768037067501443,2.88537976976624e-07,0,0.001227975466515198
1104,0,0.0005427896508066585,1.818836091909974e-07,0,0.0009305029001149024
1104,1,-3.119820696947487e-06,1.04056189105667e-10,-2.978319512718432e-05,4.824629551604431e-06
1104,2,5.373941893615221e-05,1.378172497965915e-08,-1.415727889779317e-08,0.000358033810372434
1105,0,2.474422838323485e-09,1.191416673664049e-11,-7.905321469076637e-06,4.803848146682792e-06
1105,1,-1.780455335513951e-05,1.164515606381097e-09,-9.050586131589431e-05,8.037945481485927e-06
1105,2,5.011429316443986e-06,1.751718229788118e-10,-8.49399953404696e-09,4.002855660559508e-05
1106,0,0.0003363262648602895,1.743794052250552e-07,0,0.0009553756908511703
1106,1,3.817504855458065e-07,1.020134032501213e-12,0,3.054003884366452e-06
1106,2,6.666793664858986e-06,3.116451128608413e-10,-2.237042797831601e-08,5.33734896536127e-05
1107,0,4.158490343103167e-05,5.824790736594998e-09,0,0.0002399107284645988
1107,1,1.197933003064287e-05,3.961507103903449e-09,-5.052523290253986e-05,0.0001720033766062947
1107,2,5.038217984412072e-05,4.861163369895279e-09,0,0.0001862352075489092
1108,0,6.252068730033639e-06,2.146908145571491e-10,-1.157967083628955e-05,3.169721787645573e-05
1108,1,-4.917543497775856e-06,1.204767230949773e-10,-2.80691441331594e-05,3.654545778359665e-06
1108,2,4.342242018406488e-05,8.181253065616122e-09,-2.407104400442895e-08,0.0002741743595013713
1109,0,0.0001207776275695873,4.949595161343874e-09,0,0.0001850586459792654
1109,1,0.000177645338688547,6.828536718765771e-08,0,0.0008571455384140821
1109,2,0.0001601845762698214,1.506892129518371e-07,-1.452920592537391e-08,0.001185197015542056
1110,0,1.707914002280493e-05,2.479480898641818e-09,-1.141419139019636e-05,0.0001484555632484091
1110,1,3.398212602910435e-06,2.220074933099615e-11,0,1.131906803400191e-05
1110,2,6.22600986770628e-07,2.729917961187546e-12,-1.399426065904253e-08,4.994016734363808e-06
1111,0,-7.983231140059371e-08,4.214739200578709e-14,-6.228275037529151e-07,0
1111,1,2.669604711921461e-05,3.802266955212915e-09,-3.654545778359665e-06,0.0001881224248261145
1111,2,-1.375072554925164e-08,1.264716224217349e-15,-1.049561673964121e-07,1.83137756004189e-08
1112,0,-2.494380826335066e-06,1.892947896275158e-11,-1.147301968447426e-05,0
1112,1,-5.933957079130827e-06,2.064464011853036e-10,-3.735122494433221e-05,5.182853680638089e-06
1112,2,-1.04363202435851e-09,7.624174615866492e-18,-8.349056194868081e-09,0
1113,0,-1.926770443226704e-06,2.598711038624421e-11,-1.541416354581363e-05,0
1113,1,1.874610863095553e-06,1.34965334288203e-11,0,1.093590516982009e-05
1113,2,1.013114513411076e-06,7.300038682855801e-12,-5.647642186309412e-08,8.161392529151703e-06
1114,0,5.996339625797197e-07,5.243415520736164e-12,-1.682999573268177e-06,6.480071273905935e-06
1114,1,1.077971111489381e-06,3.136378363036832e-10,-3.248129491684978e-05,3.813876528919829e-05
1114,2,9.60676030771298e-06,6.504558777048573e-10,-1.33156572969609e-07,7.708399631801639e-05
1115,0,7.480825276773578e-05,1.038087231132867e-11,6.783810749619215e-05,7.788893269033222e-05
1115,1,3.562831506855282e-05,1.994107523239654e-09,0,0.000132219821075842
1115,2,2.536111833986407e-06,4.513833396261968e-11,-1.746469252393263e-08,2.031160393799896e-05
1116,0,-1.502446796344092e-06,1.39178211922744e-11,-1.10382394814567e-05,1.51134107045875e-06
1116,1,0.0001649926853917741,6.621331539370926e-08,0,0.0007244515215731316
1116,2,0.0003791796518106973,3.167974598785507e-08,0,0.0005668769715110788
1117,0,0.0005640012425475886,1.703781127750945e-11,0.0005567234280863828,0.0005684507690477102
1117,1,1.02839299087308e-06,7.40314500573815e-12,0,8.227143926984638e-06
1117,2,7.505357128049764e-06,3.935074385302582e-10,0,5.998916327287498e-05
1118,0,-1.101650210136697e-07,3.571474777316152e-13,-1.573335646017218e-06,6.920154779078601e-07
1118,1,0.0001303534977709314,5.481107625639278e-08,-1.084202172485504e-20,0.0006516216914089684
1118,2,1.439407564623799e-06,1.445388426301672e-11,-5.641890973657392e-08,1.149781534569081e-05
1119,0,-1.112131216258936e-06,5.769488580041454e-12,-7.322973377758767e-06,0
1119,1,2.070003618683687e-05,2.246948976314883e-09,0,0.0001452584091071936
1119,2,6.848141840177953e-10,8.891003367800291e-18,-3.604052590249889e-09,5.985194016291577e-09
1120,0,-1.388073874108925e-06,1.341586242781242e-11,-1.107881888383257e-05,0
1120,1,-1.123767134983368e-06,7.964873527009625e-11,-2.391257069226772e-05,5.633704866636885e-06
1120,2,3.083347246676146e-05,6.655265018048987e-09,-1.144913946825957e-08,0.0002466733552219845
1121,0,0,0,0,0
1121,1,2.574443983300193e-06,1.011325154358866e-11,0,9.244806003411708e-06
1121,2,9.175832803434601e-09,5.893713534561054e-16,0,7.340666242747681e-08
1122,0,0,0,0,0
1122,1,5.148630897217632e-07,3.682943283568768e-11,-9.609326842598941e-06,1.252918589332489e-05
1122,2,1.291237781195281e-06,1.167867568365932e-11,-2.946188788862885e-09,1.033284843835112e-05
1123,0,0,0,0,0
1123,1,0.0001459101422074504,1.476644575795055e-07,0,0.001162591295137222
1123,2,0.0001738943967781981,4.214836861413091e-08,0,0.0005162715034327369
1124,0,0.0004101620141107139,2.403867136816972e-08,0,0.0004724660771432954
1124,1,0,0,0,0
1124,2,1.240680374927614e-05,4.672352325722399e-10,0,5.431003060357703e-05
1125,0,3.902834517726363e-05,2.193695008899974e-10,0,4.673051087064013e-05
1125,1,-5.754047129167547e-07,3.587932085319688e-11,-1.485099352540488e-05,8.006848003556206e-06
1125,2,0.0001085765534611995,4.002515824348433e-08,-7.774526702990736e-09,0.0006115068270292262
1126,0,6.293727429301981e-05,2.806176398893309e-08,-1.855943669483976e-06,0.0005061397440301437
1126,1,6.057690108858271e-05,2.885417591104639e-08,-2.970198705080974e-05,0.0005092115303427495
1126,2,6.644722362461379e-05,2.099957122982707e-08,-7.172786190093838e-09,0.000441900192411586
1127,0,6.55454918161514e-05,1.452225607140193e-09,0,9.377770598954774e-05
1127,1,0.0001859899280758781,9.070485286471071e-08,3.577831186174445e-06,0.0009219372173585686
1127,2,0.0001548303242816937,2.113790713878e-08,-8.977425973306675e-08,0.0003699654089032524
1128,0,0.0003898364514252535,1.544579849773361e-09,0.0003633211897086551,0.0004605845980637804
1128,1,9.143544352783711e-05,3.023845146567478e-08,0,0.0005450848266609026
1128,2,-2.606799028019108e-08,2.255585757271219e-15,-1.227854905603023e-07,9.351800618006876e-09
1129,0,-2.388581556591346e-07,9.325140605173704e-13,-2.231975163752214e-06,1.361235872483897e-06
1129,1,3.545915956109181e-05,8.379611280056857e-09,0,0.0002776236969026315
1129,2,2.33087608805586e-05,3.237602718193749e-09,-4.642519539608628e-08,0.0001734226532634895
1130,0,6.334792621045386e-06,4.642465022534155e-11,0,1.841180100417921e-05
1130,1,9.939477623076441e-06,2.575498401389223e-09,-7.009938871857612e-05,0.0001275651032893349
1130,2,6.492519016557238e-06,2.955109963289953e-10,-2.579932115232215e-08,5.197412509159263e-05
1131,0,2.671052108943566e-05,7.152183091165092e-10,0,5.643899775619264e-05
1131,1,6.016357129359353e-05,1.394417288783127e-08,0,0.0003565048878416191
1131,2,2.758800747518301e-05,3.149075581366479e-09,-6.118407007322385e-10,0.0001692003351633188
1132,0,5.548491987385638e-08,7.963059403495602e-12,-5.56270902380716e-06,5.718604501004932e-06
1132,1,2.883947007087752e-05,2.260730613492391e-09,0,0.0001191225860201724
1132,2,2.47546996775883e-05,4.289684341165395e-09,-2.388371657157106e-09,0.0001980399857923636
1133,0,0,0,0,0
1133,1,7.987737787959889e-05,2.437925837032124e-08,0,0.0004642585616646475
1133,2,3.761071467744091e-05,9.85475521626372e-09,-1.79987734321175e-08,0.0003002568062110331
1134,0,3.978644326076168e-06,2.728954365180271e-11,0,1.232183193596933e-05
1134,1,2.990510008353069e-06,1.661535286247548e-10,-1.879420666152409e-05,3.176226017916433e-05
1134,2,3.697669058879663e-06,9.62496756997228e-11,-3.843288492351904e-08,2.965429081137072e-05
1135,0,2.341583119008563e-05,7.778657523298536e-10,0,9.252316874312167e-05
1135,1,2.410551153587694e-05,1.406671304335384e-09,0,0.0001195029116667756
1135,2,2.814829263117607e-05,3.022815143972996e-09,-3.306960773530959e-08,0.0001633992221440332
1136,0,4.599364102146237e-07,6.762160889190869e-12,-2.062918466085709e-06,7.04972996563239e-06
1136,1,0.0001377729028630998,8.308569620079072e-08,-4.440779374724887e-05,0.0008536783000892139
1136,2,0.0001661965871574893,3.29969955303306e-08,-8.360493072153656e-08,0.0004236102254271061
1137,0,0.0004190368385425276,6.015228574712839e-11,0.0004099050523318771,0.0004365888675253561
1137,1,0.0001443031578010867,8.856850306565478e-08,-8.932330902747841e-05,0.0008826183112007103
1137,2,0.0005650582966547126,1.988354097677621e-07,0,0.001038363202438924
1138,0,0.0007878774916345317,8.869050838752542e-08,0,0.0009075825871681049
1138,1,7.06861409660059e-05,3.315010388214843e-08,0,0.0005523659633575336
1138,2,0.0001428135471837922,1.427768885980525e-07,-9.168300175043262e-09,0.001142532617773387
1139,0,0.000242252980485029,8.819470821402467e-08,0.0001251633168122787,0.00102793756302009
1139,1,8.468154177147572e-05,1.873966450489067e-08,0,0.0003725878217613814
1139,2,2.773522344758893e-05,5.383098649068633e-09,-1.443664218769505e-09,0.0002218529450493965
1140,0,2.158567586952707e-07,3.091712353740421e-13,0,1.686564482722208e-06
1140,1,8.808707140560369e-05,3.633844572837445e-08,0,0.000586197582476785
1140,2,1.976861806216212e-06,1.204183718181313e-11,0,9.035129538174345e-06
1141,0,-6.634187747440335e-07,2.863706373380348e-12,-4.836693863360454e-06,9.742751833921214e-07
1141,1,2.012024800420621e-06,8.953852691537385e-12,-2.903727423715053e-08,8.135227953803609e-06
1141,2,-6.324914543296657e-09,2.521665425210001e-16,-4.825901387482402e-08,5.177119115833107e-10
1142,0,9.873071209827585e-08,4.699314639363364e-13,-9.327641680411742e-07,1.722609864827381e-06
1142,1,4.3465040747913e-05,1.366307723856501e-08,-2.276070662769323e-05,0.0003518256605156781
1142,2,4.981822104060502e-05,4.076755246856104e-09,0,0.0001866641843281948
1143,0,2.085294853176382e-05,4.354316810781582e-10,0,4.283693146411186e-05
1143,1,1.740287833864642e-06,1.128074686177337e-10,-2.207541995283347e-05,1.311206587428391e-05
1143,2,-3.318689989309159e-09,8.213715847718727e-17,-2.728847448861836e-08,7.389545741450826e-10
1144,0,-1.09525158876623e-06,5.814028136211745e-12,-7.357783140869922e-06,0
1144,1,-1.341019194372209e-06,5.079490377481791e-11,-1.898684806658722e-05,7.74476376114887e-06
1144,2,3.010192406768157e-05,6.342880828035269e-09,0,0.0002408153925414525
1145,0,-8.256037458517745e-08,5.243835913489566e-14,-6.879548628098681e-07,2.747186612844853e-08
1145,1,0.0001481060446954261,4.966503810443516e-08,0,0.0006005511409701895
1145,2,3.022719854610502e-05,2.759209386426827e-09,0,0.0001294331030352644
1146,0,0.0002319625821999198,1.449481637007883e-07,0,0.00122035083336127
1146,1,0.000464195768661773,1.127108669725679e-07,5.719657314070311e-06,0.0009358177918238731
1146,2,0.0006527175797316525,3.519541031750082e-07,0,0.001792774525031861
1147,0,0,0,0,0
1147,1,2.750500186157519e-05,4.6704594277492e-09,-5.086940660528796e-05,0.0001869895248447582
1147,2,0.00013838150551661,1.047705839980896e-07,-8.418376023045515e-09,0.0009885983556720689
1148,0,-9.139940997693113e-07,5.909497511371575e-12,-7.345606119324108e-06,3.365332116961827e-08
1148,1,5.29796109305511e-05,8.820971107129219e-09,0,0.0002913918689558826
1148,2,3.779865455253055e-09,7.035437459817595e-16,-3.588136184211324e-08,6.128341217210469e-08
1149,0,-8.453591049163078e-07,5.002424113854307e-12,-6.762872839330463e-06,0
1149,1,6.450120875792106e-05,1.19820034772804e-08,0,0.0003223977282930359
1149,2,2.194575961461149e-06,3.391351313570513e-11,-2.655220026332082e-08,1.760216826734285e-05
1150,0,-1.23435433515789e-06,1.493093560773247e-11,-1.134535500666037e-05,1.693966222653316e-06
1150,1,7.202652804166651e-05,2.260516936975395e-08,0,0.000463493733955555
1150,2,0.0001976721026444634,2.029514531715389e-08,0,0.0003943973397753889
1151,0,0.0001835698468917625,6.947507982336503e-09,9.841351382728057e-06,0.0002468077524009754
1151,1,4.299692471922105e-05,1.258039407573957e-08,0,0.0003397411674026431
1151,2,3.027597349018685e-05,3.573254721967772e-09,-6.502895712963598e-10,0.0001784917790233927
1152,0,5.054955776962958e-06,3.476022321836047e-11,-4.839533504773693e-06,1.270188214827657e-05
1152,1,2.227764157695507e-05,2.168136281165615e-09,0,0.0001439003676784588
1152,2,5.729524218860711e-05,8.785370264379715e-09,0,0.0002730551095412791
1153,0,0.0001697003918050979,1.495351143279751e-08,0,0.0002754999671845617
1153,1,0.0002311979962100789,1.121548845078709e-07,0,0.0008187843067109203
1153,2,2.334773624939282e-05,2.474968374983957e-09,0,0.0001532374886910765
1154,0,7.42584137364403e-05,2.869933999003977e-08,0,0.0005210030576302977
1154,1,9.371898516240734e-05,2.153043182777327e-08,0,0.0004443919044873072
1154,2,8.898947518806104e-05,1.400499439690623e-08,0,0.0003018304943628684
1155,0,-2.174846094766736e-09,1.006910295633332e-13,-6.43291661976976e-07,6.258928932188421e-07
1155,1,0.000123609933538635,3.131248524032233e-08,0,0.0004209932457091593
1155,2,0.0001238011843110345,2.977956967689768e-08,0,0.0004535556532554696
1156,0,8.755965965825401e-05,1.291739585191115e-08,0,0.0002626454168019474
1156,1,0.0001039076933728166,3.702005705363995e-08,-4.971010385543273e-05,0.0004703113533619985
1156,2,4.995399889521706e-05,1.746636582207537e-08,-3.414735833629273e-10,0.0003996174951141668
1157,0,3.122238738291677e-05,7.644723289216097e-09,-7.276594819242043e-06,0.0002624617011206917
1157,1,6.036392845550226e-05,8.390081448713601e-09,0,0.0002459541129460099
1157,2,2.692570231887915e-05,2.176077311177023e-09,-1.932582956959019e-08,0.0001100896918591647
1158,0,0.0001417665873309278,4.287451638166709e-08,0,0.0006161490732329017
1158,1,1.193786163319859e-05,1.841517755651149e-09,-3.025068456167289e-05,0.0001222679942830022
1158,2,2.657402363262085e-05,4.94214518842485e-09,-1.089817550743627e-08,0.0002125713775943186
1159,0,9.321732214414774e-05,1.877484244015384e-08,0,0.0003715047877639897
1159,1,0.0001720381709902194,6.607650320640484e-08,0,0.000810020737817524
1159,2,1.47612018008114e-05,3.755377408000615e-10,-7.616790835372754e-08,4.369687767941361e-05
1160,0,-5.902818735539049e-07,1.663691007745686e-12,-3.892886290609226e-06,1.323529870447758e-07
1160,1,1.596530423212989e-05,1.260988181346774e-09,-3.317547076772253e-06,0.000108780432532641
1160,2,-2.510057398530493e-10,4.629821230934463e-17,-1.458477414114395e-08,1.257672822231955e-08
1161,0,3.281422669078779e-05,4.828306682847643e-09,-2.317105946370707e-07,0.0002111317187258599
1161,1,8.609933458533076e-05,5.283967904637913e-08,-6.620261092849964e-06,0.0006942456341753111
1161,2,5.370530715965881e-05,1.200836017641531e-08,-3.944923550974616e-08,0.0003348760749270859
1162,0,0.000215328234569232,8.612626937143929e-09,0.000104066637540135,0.0004352296669749915
1162,1,7.829010581790728e-05,2.429288564994505e-08,0,0.0004718214582328933
1162,2,6.28698467731348e-06,1.577034771250266e-10,0,3.766313311487137e-05
1163,0,3.446498091460228e-05,8.893401204641965e-10,-4.620289585558632e-06,6.622126305056441e-05
1163,1,6.288782775866512e-05,2.550947400208458e-08,-7.698510692962494e-05,0.0004700479569925546
1163,2,0.000125624826380153,7.264720761189504e-09,0,0.0002579831084426289
1164,0,9.205499284380867e-05,8.096149935712146e-09,-1.204426798063376e-06,0.0002851277749498578
1164,1,9.941729368265766e-05,6.521432056648412e-08,0,0.0007749895433730781
1164,2,1.732761933641138e-05,2.102192157221664e-09,-2.676526204632097e-08,0.000138634438524396
1165,0,3.60183215726359e-05,4.699884405173183e-09,-7.331826499305981e-06,0.000185462668128266
1165,1,6.573708682288243e-05,9.061789043766913e-09,0,0.0002947880505431407
1165,2,1.473707282388768e-05,1.522487753257504e-09,-3.877678571548225e-08,0.0001179718201123967
1166,0,-4.393288832511978e-08,1.427386632988901e-14,-3.071636955945763e-07,1.088101456969725e-07
1166,1,2.292742806562601e-05,2.651932521051933e-09,-1.971967082707776e-05,0.0001487180710123941
1166,2,2.677817499835923e-05,4.248928485868116e-09,-4.287928670823037e-09,0.0001987136852038576
1167,0,7.228358924686834e-06,4.056132751666109e-11,0,1.589204494547451e-05
1167,1,1.961800873115916e-05,2.955322117867969e-09,-1.500336289146136e-05,0.0001625029472708306
1167,2,8.538190523673711e-05,1.642349424320846e-08,0,0.0003749650755846571
1168,0,0.0001660390824933565,2.137218666572466e-08,0,0.0003153259858691193
1168,1,0.0002056330984999683,1.437405412807556e-07,-2.334730337769386e-06,0.001163222212362984
1168,2,0.0001959892091681003,6.435888227220867e-08,0,0.000557973430545506
1169,0,0.0003431155185830038,8.123865370940757e-08,0,0.0008094598421564726
1169,1,3.887703237932679e-05,1.03588641440594e-08,-5.478713716124849e-06,0.0003080336049802088
1169,2,3.690618270665172e-05,6.887072234785476e-09,-2.321302927191778e-08,0.0002534667009146961
1170,0,0.0001255518290737233,7.246121521611984e-08,0,0.0008358685856379206
1170,1,5.406538054011076e-05,1.017984061708436e-08,-9.637540026763466e-06,0.0002903354960749906
1170,2,5.475863490442821e-05,2.035048792633188e-08,-5.673252752072978e-09,0.0004321537953170584
1171,0,-1.938549990361132e-07,2.142756593673333e-13,-1.377825403998262e-06,1.387408938222334e-07
1171,1,0.0001229614921061967,2.559656408371946e-08,-3.60609185657175e-06,0.0004050235244378345
1171,2,4.904795189450078e-07,1.685331082694566e-12,-1.365507588390679e-09,3.925201659148453e-06
1172,0,2.797864160610734e-05,5.471286297477546e-09,0,0.0002236799123793996
1172,1,1.493537857933923e-05,3.28049622982732e-09,-3.615450468266958e-05,0.0001632875475312274
1172,2,6.38862528069844e-05,1.357761595110498e-08,0,0.0003285789333559267
1173,0,3.182050333823767e-05,7.490269508953083e-09,-2.653828023773109e-06,0.0002607845717591293
1173,1,2.69883488983009e-05,4.593980394257513e-09,-3.764977477076637e-05,0.0001842525817848333
1173,2,2.838760619693209e-06,2.621495153306226e-11,0,1.422194228585207e-05
1174,0,1.030198161727809e-05,4.132113267550805e-11,-1.602545848863982e-07,1.693075787979453e-05
1174,1,6.915227969039234e-05,3.545786290346629e-08,-1.82391001349776e-05,0.0005670772286098879
1174,2,0.0002338863388436656,2.265657198206242e-08,0,0.000427717441489215
1175,0,0.0003423986299041715,2.108211998874617e-08,0,0.0004268927301982332
1175,1,3.26293436405843e-05,1.612661445884435e-09,0,9.638842167994069e-05
1175,2,3.458231936020406e-05,2.981919864131986e-09,0,0.0001620147128511512
1176,0,9.062646412367115e-05,6.354287349713427e-09,0,0.0002919537905588684
1176,1,3.674451431816871e-05,1.134086032464469e-09,0,7.464653556653355e-05
1176,2,3.18003943696327e-05,3.666444573032607e-09,0,0.000177506776310192
1177,0,3.554959930239454e-05,1.269702451608001e-09,0,7.51033068947862e-05
1177,1,0.0001573012459492054,3.663278798100201e-08,0,0.0005256942320977799
1177,2,1.855391800234949e-05,1.248913193927381e-09,0,0.0001036340717447282
1178,0,3.86325722772188e-05,2.44597599806089e-09,0,0.0001037565141254005
1178,1,8.8028593774204e-05,2.364429105819623e-08,-1.146885298149514e-05,0.000386846615274379
1178,2,1.228711436653914e-09,1.056812256194887e-17,0,9.829691493231309e-09
1179,0,2.220811533163053e-05,3.427225727777263e-09,0,0.0001770964390458748
1179,1,7.891952072864349e-05,3.933705372894698e-08,0,0.0006035515361582255
1179,2,0.0001253271990849058,3.593831871380944e-08,0,0.0005607424907288973
1180,0,0.000180921320806347,1.612243525357594e-08,0,0.0003476811694127145
1180,1,3.586563390858025e-05,3.856733651208235e-09,0,0.0001863447492401472
1180,2,8.315007123139649e-05,1.517846935977797e-08,-3.680503173229423e-09,0.0003561183925936593
1181,0,5.882349050869191e-05,3.466959527549156e-09,0,0.0001214841679360481
1181,1,6.087241017481797e-06,1.292284120241596e-10,0,3.404153196051231e-05
1181,2,4.135252231937127e-05,4.286976396265872e-09,-1.542714298134978e-09,0.0001751760616215723
1182,0,7.91579425644029e-05,3.765501253121604e-09,0,0.0001296861189234291
1182,1,0.0001048345084351008,2.732830005315624e-08,-1.588302087038274e-06,0.0004996707029659378
1182,2,-1.027983681247972e-10,7.397253142384923e-20,-8.223869449983775e-10,0
1183,0,-6.222849429541045e-08,6.580836024092643e-14,-5.884108063108213e-07,3.670957628220914e-07
1183,1,0.0001311847202687707,5.626153401334686e-08,-2.283808132194845e-05,0.0006390966163914018
1183,2,0.0001105505647282143,3.527438710953104e-08,0,0.0004899389130297406
1184,0,0.000202157392183477,4.228256416284181e-08,0,0.0004993495411961163
1184,1,-2.5317319415686e-06,5.469543537228165e-11,-2.20376683814344e-05,1.7838128488856e-06
1184,2,4.803202553994042e-05,1.117014685222682e-08,0,0.0003224955892080032
1185,0,0.0001479318661913121,4.269859813085954e-08,0,0.0005626504404943071
1185,1,3.169924983130478e-05,2.80890395255966e-09,0,0.0001495461178589941
1185,2,0.0001330871907791048,1.362836887840343e-08,0,0.0003116672741406683
1186,0,0.0001920366376846734,6.480551257944913e-08,0,0.0007429957830463786
1186,1,2.928926971862401e-05,2.78802167383722e-09,0,0.0001625019863299609
1186,2,5.074526298349927e-05,1.155781690858519e-08,0,0.0003268004051489264
1187,0,1.286452842874689e-05,6.261828499139904e-11,0,2.297431280598918e-05
1187,1,2.348984274060271e-05,5.400038861055105e-09,-5.109763981662826e-05,0.0002102968680962787
1187,2,4.179650149551274e-09,1.351363708681381e-16,-9.804083146766652e-10,3.49239043174988e-08
1188,0,6.591127442550525e-06,2.374074587799271e-10,-5.713414976178978e-06,4.338421315469544e-05
1188,1,7.489306571257929e-05,1.654556203505425e-08,-3.853765387424736e-06,0.000395362015502614
1188,2,1.407122355908953e-05,6.108871533912838e-10,-4.19513816899764e-08,6.439895224782423e-05
1189,0,9.646535202991091e-06,9.3336199493847e-11,0,1.980123993216947e-05
1189,1,6.234069487851861e-05,9.116592811871373e-09,0,0.0002937249071377391
1189,2,6.347918458613992e-09,2.368731851883462e-16,0,4.693093834527059e-08
1190,0,0,0,0,0
1190,1,1.424368708286369e-06,4.697522092366371e-12,0,6.353938297401518e-06
1190,2,-3.443572068206711e-09,5.488480113006883e-17,-2.256297085061255e-08,0
1191,0,0,0,0,0
1191,1,6.973515584424666e-05,3.304093736673683e-08,0,0.0005506385246495626
1191,2,-1.246508465553469e-09,3.268603465608506e-17,-9.563632225335903e-09,1.061713555912873e-08
1192,0,-4.277681397939938e-07,1.280899069959697e-12,-3.42214511835195e-06,0
1192,1,4.169282035824941e-05,1.121957109973372e-08,0,0.0003218134745868484
1192,2,-1.137872076441926e-09,9.063270036423818e-18,-9.102976611535407e-09,0
1193,0,0,0,0,0
1193,1,1.134279103365794e-05,1.186881204831463e-09,-1.517297230782316e-05,0.0001012446384276574
1193,2,2.978378282179135e-05,2.759309357062873e-09,-4.745291102550831e-08,0.0001617867790427815
1194,0,3.788969761338606e-05,7.139092186633065e-10,0,8.23863549137691e-05
1194,1,6.701327862616953e-05,4.516686169235692e-08,-4.009641024706878e-05,0.0006273849204060136
1194,2,6.351832030387057e-05,5.073419743614384e-09,0,0.0001970973925690433
1195,0,5.165393029555895e-05,1.806814677435602e-09,0,0.0001188894786850621
1195,1,1.769724567919004e-06,2.192347532407273e-11,0,1.415779654335203e-05
1195,2,2.272555486269997e-05,1.709203291905741e-09,0,0.0001161886395574882
1196,0,2.85522463659062e-05,2.20597083781297e-09,0,0.0001317336679585648
1196,1,3.007400277701708e-06,8.132922901972548e-11,-7.287647776907272e-06,2.512242418079337e-05
1196,2,1.625954187351637e-06,1.87526215427722e-11,-3.390541767282258e-08,1.308313255347089e-05
1197,0,5.636225332707114e-06,1.513606596233693e-11,-6.345781476094063e-07,1.178105189239727e-05
1197,1,4.210797155940291e-05,1.674351943837882e-08,-9.809830826069923e-05,0.0003685628022459675
1197,2,0.0001850417901494227,1.582894865460049e-08,0,0.0003513602579741947
1198,0,0.0003299826250893392,2.535671405838418e-10,0.0002892271070357633,0.0003444050398009362
1198,1,2.539405996005553e-05,4.394674762447078e-09,0,0.0002007750285159392
1198,2,4.298297769156135e-05,1.292170359185367e-08,-7.947803199988924e-09,0.0003437352191333616
1199,0,-4.706334956395468e-07,1.386119382183909e-12,-2.689950115483193e-06,1.051017692178398e-06
1199,1,5.097314169515019e-05,1.818782821991701e-08,0,0.0004077851335612015
1199,2,2.867891336719934e-06,5.77079395828622e-11,-2.339658001022979e-08,2.29665272737697e-05
1200,0,-3.672939755871074e-07,2.501789518363638e-13,-1.277802459745182e-06,1.789299296213714e-07
1200,1,-1.236832178353708e-06,5.993513192571137e-10,-6.070974083776617e-05,2.787330984461723e-05
1200,2,7.157197192331855e-06,3.16632138241034e-10,-1.461175827945043e-08,5.415799865770608e-05
1201,0,2.655663066698445e-05,4.317850294156644e-10,0,7.149287733863475e-05
1201,1,6.216707499837147e-06,7.470338735217871e-11,0,2.66908094651048e-05
1201,2,1.283134345062947e-05,8.210363657923519e-10,-3.661349985756744e-09,8.818136080759302e-05
1202,0,1.902297163158916e-06,7.603341755663538e-12,-4.341149832148402e-08,6.731833969140318e-06
1202,1,4.117114642394284e-05,8.064869996332724e-09,-1.549655680365192e-05,0.0002682794546446429
1202,2,7.740262769302931e-06,4.195055537163138e-10,-6.10738109840508e-09,6.193010359062722e-05
1203,0,1.334740706138478e-05,2.839906625024053e-10,0,3.807344575812845e-05
1203,1,6.82628129495209e-05,1.172774010986835e-08,0,0.0003272179290679839
1203,2,4.101359204929222e-05,5.057972017227595e-09,-5.008625469640281e-09,0.0001707976324104291
1204,0,6.628780394448986e-05,4.886388460872988e-09,0,0.0001769050598125353
1204,1,-4.0536049608668e-06,5.491929425713172e-10,-6.093120877268372e-05,2.850236908574932e-05
1204,2,8.078998586033978e-06,4.574829173255407e-10,-3.258029578975647e-08,6.466857053625135e-05
1205,0,4.828671807933529e-05,5.496085130982018e-09,-5.287388253188323e-06,0.0001767134018441411
1205,1,6.007436348481397e-05,1.540979560244292e-08,-3.862485122734142e-05,0.0003486698024955259
1205,2,3.397748031294053e-05,5.478503586568632e-09,-3.786678707197165e-09,0.000225687317794231
1206,0,5.715406373489944e-05,5.4523596236014e-09,0,0.0002409414171822168
1206,1,8.572917708813911e-05,1.652978164273451e-08,-2.256708412335753e-36,0.00035501120970343
1206,2,0.0001903847782510104,1.817803697047615e-08,-1.081591188376332e-08,0.0003704191507002259
1207,0,0.0001022233253913699,6.900854305892661e-09,0,0.0002010875496453586
1207,1,1.420906371034453e-05,1.018179929452321e-09,-7.324755936987517e-06,9.709706692953699e-05
1207,2,-3.050190764109262e-09,2.560314630283243e-17,-1.509679801788511e-08,0
1208,0,3.16681415571632e-05,3.217130116665373e-09,-1.430322342476436e-06,0.0001471961936886599
1208,1,2.028504054729955e-06,2.880380090039109e-11,0,1.622803243783964e-05
1208,2,3.638495900520691e-06,4.718997602724272e-11,-2.400791236447491e-08,2.000140387968607e-05
1209,0,3.720761523956923e-05,2.368691700496186e-09,2.528370331274963e-06,0.0001550739214005916
1209,1,8.391267232066335e-05,5.557304459925272e-08,-5.799182533442202e-05,0.0007051201200244219
1209,2,7.48994693527086e-05,7.521653721426957e-09,0,0.0002222512624428927
1210,0,0.0001022716465675053,3.715327765457071e-09,0,0.0001466842137896982
1210,1,7.043623589954651e-07,1.109172754714984e-12,0,2.983596660190537e-06
1210,2,2.658779334536445e-05,2.501867405255286e-09,-7.26284400243559e-09,0.0001453904676951274
1211,0,1.00664709946642e-05,1.708045729835289e-10,0,3.001134462253559e-05
1211,1,2.354476729903121e-06,3.880492470158707e-11,0,1.883581383922497e-05
1211,2,2.538001744429276e-09,1.235490262434882e-17,-8.192897066961287e-10,1.062535904007733e-08
1212,0,1.169945473827294e-06,7.918911428036652e-11,-8.34951167980336e-06,2.361129971189851e-05
1212,1,9.070535844648282e-07,4.803149626137495e-12,0,6.684297459023405e-06
1212,2,5.872939855914279e-06,2.414394559683846e-10,0,4.698347611825612e-05
1213,0,2.30267341979888e-05,5.402575501242818e-10,-4.294840905069416e-07,4.894142203994167e-05
1213,1,9.920294754523811e-06,7.675759263670988e-10,-1.595835027527127e-05,8.132895321603972e-05
1213,2,-4.949230238575804e-10,2.544145523891384e-17,-1.057446151565065e-08,9.298881247960168e-09
1214,0,-2.94095971954612e-07,7.955462573268748e-13,-2.640718460471967e-06,2.879506848350709e-07
1214,1,4.926910501300139e-05,9.439642721896759e-09,0,0.0002993337854835575
1214,2,8.440642413616239e-05,1.589500453825192e-08,-1.153680546527733e-09,0.0003939337838530913
1215,0,8.472425868894255e-05,4.540623105830379e-09,0,0.0001740475561228472
1215,1,2.464749833070912e-05,1.044216397965823e-09,0,8.399429514456593e-05
1215,2,1.864348268604294e-05,6.550501135239775e-10,0,6.477874410101208e-05
1216,0,2.035008590300091e-05,1.671821198332754e-09,-1.983077743636938e-07,0.0001228258319510605
1216,1,2.040100168057705e-05,5.750761383128088e-09,-6.153324253419703e-05,0.0002132504702542923
1216,2,2.032283861567647e-05,1.011793671148133e-09,-1.693001137209185e-09,9.243506136945588e-05
1217,0,5.018120444343374e-06,2.213883654437549e-10,-4.080676778968083e-06,4.422564033371507e-05
1217,1,7.948591157876773e-06,1.858702703659262e-09,-6.342934269644576e-05,9.225194272325343e-05
1217,2,1.961939790219267e-05,1.269554836295146e-09,-1.577534324453255e-08,9.99033478550265e-05
1218,0,-2.097319148308133e-08,3.356741232499385e-13,-1.339661973376121e-06,9.080954681463536e-07
1218,1,-8.197688922042087e-06,3.713033932336266e-10,-4.482151471831776e-05,1.215130840709595e-05
1218,2,1.467416491782506e-05,4.538977313125603e-10,0,5.961584742947739e-05
1219,0,1.347426374005669e-05,7.649019082368014e-11,-2.92285732504613e-06,2.135326087923778e-05
1219,1,2.942556337547375e-05,3.648712883861107e-09,0,0.0001878125078866396
1219,2,2.704688583541142e-05,1.268987946100498e-09,-1.090100260005481e-08,8.226966307530958e-05
1220,0,7.660625425268326e-05,1.197190718336704e-10,5.485487730058568e-05,9.830090555123716e-05
1220,1,1.879276131242871e-05,5.410087220142773e-09,-3.608206335660838e-05,0.0002099539811505781
1220,2,3.338603808381815e-05,4.210705593723038e-09,-1.566942778559125e-08,0.0001924149448964288
1221,0,0.0001380873346349788,6.563472161059122e-09,0,0.0001940066644575734
1221,1,6.430978015159873e-05,4.487516176609154e-09,0,0.0001735002282726355
1221,2,-3.15439808148342e-11,9.086642196058185e-19,-1.557828990552494e-09,2.066652906064163e-09
1222,0,-2.628916303934153e-07,2.453852318137059e-13,-1.441690623987145e-06,0
1222,1,4.711258326452731e-05,6.3384003832416e-09,0,0.0002338813753064816
1222,2,-1.181894723618789e-09,9.778125964025535e-18,-9.455157788950311e-09,0
1223,0,1.445560497528956e-07,2.290333913082763e-13,-5.992335201783993e-07,1.100493639268959e-06
1223,1,0.0001214566774225419,5.747710191300109e-08,-1.506729948462591e-05,0.0007086971311233506
1223,2,0.0003217842724213718,3.182896341319508e-08,0,0.0004694464895927037
1224,0,0.0003485594812829575,4.115646138463231e-08,0,0.000503154427114873
1224,1,0.0001316003387029763,9.107811159804983e-09,1.903935032817965e-06,0.0002834447788589581
1224,2,9.698618999076701e-06,3.2184113027045e-10,-1.384897477912268e-09,5.29229965121701e-05
1225,0,9.695446883581783e-06,6.247703565171593e-11,0,1.829302185346047e-05
1225,1,1.573711665891572e-06,3.688813988020994e-09,-0.0001243771798874205,0.0001128460882787897
1225,2,3.164957090342619e-05,2.54113605760605e-09,-3.526941390609774e-11,0.0001335482747053755
1226,0,6.36048447658905e-05,2.345131511380959e-08,-1.797164685501183e-06,0.0004669749699103585
1226,1,6.876017406104757e-05,1.373935714909332e-08,-6.928334558811521e-05,0.0002940790031523169
1226,2,0.0001951380408612643,5.859820879340302e-08,0,0.0008037966913151251
1227,0,9.706978799344185e-05,5.799920795839497e-09,0,0.0001650836144332187
1227,1,5.439714761418851e-05,1.779659950757547e-08,-0.0001457256963285145,0.0002749187094887002
1227,2,9.508748208106943e-06,6.340573940902424e-10,-2.436029246937543e-08,7.613007521147144e-05
1228,0,-5.029579704837697e-07,1.397241323825917e-12,-3.291663746696796e-06,4.772396715226182e-07
1228,1,7.963776483619094e-07,7.130900923185474e-10,-5.971006283341865e-05,4.301312363687087e-05
1228,2,6.297630889124475e-06,2.779152151778283e-10,-1.819205531339172e-08,5.040439083668654e-05
1229,0,2.937189810815725e-05,6.064953217387925e-09,-8.908840013897081e-07,0.0002354146764214717
1229,1,5.210951636156679e-05,8.050802394145022e-09,0,0.0002154590110619725
1229,2,0.0001094020103182159,8.71400514294304e-09,0,0.0002725377640432495
1230,0,3.826526993250271e-05,3.586152099699736e-09,0,0.0001414453959504227
1230,1,8.635510706795318e-07,5.22004316170236e-12,0,6.908408565436254e-06
1230,2,4.034757771407895e-05,3.834981290863928e-09,0,0.0001842162482267535
1231,0,4.439515046515107e-05,3.495628611595316e-09,-2.893320453242131e-06,0.000180843150277144
1231,1,3.724020795641909e-07,9.707831620461376e-13,0,2.979216636513527e-06
1231,2,2.004090222475378e-10,1.475524776922483e-18,-1.330147602824559e-09,3.206500103970872e-09
1232,0,4.282874602986336e-05,8.211367336246991e-09,-3.375871877958313e-06,0.0002795440941707145
1232,1,4.825287347450816e-05,1.518033584252684e-08,0,0.0003741516048677223
1232,2,0.0001497707547280468,2.644090924117584e-08,0,0.0003828016312163626
1233,0,0.0002189096998389214,1.666482587526964e-08,0,0.0003405241809626066
1233,1,0.0001156762258592621,7.521315170717438e-08,0,0.0008395310916084491
1233,2,0.000290986166709929,1.615921856407349e-07,0,0.001012581002942174
1234,0,0.0003999287493553056,1.600656533562738e-07,0,0.0008186875993322641
1234,1,2.910024674637767e-05,4.593432285767337e-09,0,0.0002078707842315286
1234,2,0.0003981127147601148,1.80861217008344e-07,-1.522500619256039e-09,0.0009614175092257533
1235,0,0.0002518548167980546,1.759122446383114e-07,0,0.001113029937645616
1235,1,1.883952186430928e-05,2.452542513674728e-09,-1.902133657292141e-05,0.0001471766170722002
1235,2,5.742080111313468e-05,5.725004887014577e-09,0,0.0001761692730185862
1236,0,0.0001492265383109561,1.709555668236451e-08,0,0.0003933322847901703
1236,1,-3.03442753149789e-06,6.536647207175506e-11,-2.44248124271882e-05,1.493921752050752e-07
1236,2,8.87865686149956e-06,5.518905223766616e-10,-2.31898223834087e-09,7.103357340775468e-05
1237,0,3.045333556041406e-08,1.647236841730172e-13,-6.830256906903995e-07,9.266523751737119e-07
1237,1,-1.700574155231436e-05,2.085803005186499e-09,-0.0001010686735057263,4.643869225628053e-05
1237,2,2.536982032638914e-05,2.273630527811088e-09,-2.05107233456666e-08,0.0001384687734752014
1238,0,-2.805920134424454e-07,3.597972631804276e-13,-1.825508520980626e-06,0
1238,1,-3.512580393097394e-05,2.721489913246957e-09,-0.0001597528612198232,0
1238,2,1.701159566637918e-05,1.954815653360153e-09,-2.043746766346409e-10,0.0001339746251718563
1239,0,1.140209607788942e-05,8.492288734683675e-10,-1.109043209139457e-06,8.841031826998063e-05
1239,1,4.53819933279381e-05,2.226475511676148e-09,0,0.000121372987134905
1239,2,2.96646473058905e-05,2.253328458932899e-09,-2.533029718539164e-08,0.000131411630943962
1240,0,4.619627391412311e-07,1.046583029320872e-12,-2.740439355665935e-07,2.80774415086876e-06
1240,1,4.796174348086481e-05,6.603591433914915e-09,-2.168404344971009e-20,0.0002368394657083063
1240,2,0.0001365305722218504,7.127848144558328e-09,0,0.0002235281068051968
1241,0,0.0001816623825688929,1.335181644001586e-07,-8.282981108175279e-07,0.001139283910983298
1241,1,8.238797625418986e-08,4.751445041882667e-14,0,6.591038100335189e-07
1241,2,1.092125635612011e-05,8.351634103746924e-10,-6.243315196563271e-09,8.738133639248008e-05
1242,0,4.934379505805073e-05,3.071240942909377e-09,-3.54284244432165e-06,0.000123137602073328
1242,1,4.759529686522564e-05,2.596162586516159e-08,-9.449379729875027e-05,0.0004614173921352877
1242,2,-9.174453625361916e-10,6.993525140167831e-18,-6.448634450236285e-09,2.28022611408553e-09
1243,0,1.018016257334934e-05,8.707532088166957e-10,-6.267854711263194e-06,8.806191927678372e-05
1243,1,-2.326586677134155e-05,1.282077753935563e-09,-9.304839995060014e-05,1.25354797374672e-05
1243,2,2.721790565447606e-07,5.304378054686501e-13,-1.608990124654432e-08,2.199051711919879e-06
1244,0,-7.688199246067085e-07,6.812178039426402e-12,-5.70896341154463e-06,2.508122925640051e-06
1244,1,-9.057172473198136e-06,5.742266124648062e-10,-7.245737978558509e-05,0
1244,2,2.959690024574721e-06,6.13719626853655e-11,-9.241919288184316e-09,2.368657291306424e-05
1245,0,1.338168905000725e-05,1.064567418721862e-10,0,2.26799973428716e-05
1245,1,1.367965498181932e-05,1.241137840810724e-09,0,0.000106862227763555
1245,2,3.501342745047202e-05,2.265934935809964e-09,-1.802145030601429e-08,0.0001232132082813577
1246,0,8.192367031656943e-05,1.990513549407245e-09,0,0.0001233813872645751
1246,1,4.559861617485667e-05,1.45546365794333e-08,0,0.0003647889293988533
1246,2,1.291687844781514e-05,1.168245087824265e-09,-2.722580422237806e-08,0.0001033475970635365
1247,0,8.194984437107099e-06,8.216690426187656e-10,-1.144905547857388e-05,8.337943869552442e-05
1247,1,0.0001174885134712419,3.749570306914275e-08,0,0.0005752099023790047
1247,2,0.0002950064183276506,3.989365628115124e-08,0,0.0005459975709377679
1248,0,0.0003791922304260762,4.878099515493403e-08,0,0.0005243308593539386
1248,1,3.342766088856126e-05,8.500426028043403e-09,-7.930210403989232e-05,0.0002553308141055788
1248,2,1.342747444182702e-05,1.224312194906507e-09,-2.454947288177418e-08,0.0001059940344376099
1249,0,6.569015551054124e-05,2.590690223425382e-09,0,0.0001066842226705496
1249,1,2.971487037853414e-05,6.015549468329333e-09,0,0.0002349047985844962
1249,2,3.273116998866724e-05,6.231987026676404e-09,-1.349923058268083e-08,0.0002408235890851183
1250,0,7.795424779417238e-05,4.303669800079225e-08,-1.804252106205558e-06,0.0006268206094872774
1250,1,4.711211126656943e-05,8.037533589362542e-09,0,0.0002648401261862957
1250,2,2.888521913782018e-05,2.620636926568555e-09,-2.310115561952159e-09,0.0001372217496380414
1251,0,3.333032122771849e-05,1.112997955894713e-09,0,6.843643985374976e-05
1251,1,8.265696306416772e-05,2.837574062026286e-08,-2.905329635892578e-05,0.0004946707486653489
1251,2,2.180975024491196e-05,2.319744774808346e-09,0,0.0001469968174582319
1252,0,8.344826739916549e-06,5.801120646175801e-10,-6.856747276351072e-06,7.175614515581012e-05
1252,1,2.151780712936248e-05,4.689847998476233e-09,-2.185272981175925e-05,0.0002017074404220731
1252,2,-6.590725453301984e-09,1.456381501748617e-16,-3.484433877803065e-08,0
1253,0,6.7351385916072e-06,3.544704631188606e-10,-3.619935550014299e-06,5.621330073066847e-05
1253,1,9.071435286302379e-06,4.465320040505434e-10,-1.701261524820767e-06,6.460925087040388e-05
1253,2,1.016501229875344e-05,7.23301336238785e-10,-2.286894523343373e-09,8.13205415719275e-05
1254,0,0,0,0,0
1254,1,7.925511950723416e-06,5.288706171807885e-10,-5.199410061944646e-06,6.860350566773198e-05
1254,2,1.763495229487568e-05,6.025907500807704e-10,-2.363981456081573e-09,5.794025220777016e-05
1255,0,5.051833680034238e-05,8.513080226499705e-10,0,7.044619441245171e-05
1255,1,-5.878886343573223e-06,3.850518772363689e-10,-5.739500341631198e-05,7.304890031081704e-06
1255,2,2.391571473268342e-05,6.40381479399352e-10,-1.776045566092083e-10,7.174795517334537e-05
1256,0,2.557500072486807e-07,4.578564634539016e-13,0,2.046000057989446e-06
1256,1,-3.289467770124354e-08,7.574418747480824e-15,-2.631574216099483e-07,0
1256,2,4.686578700147134e-06,6.753078861613258e-11,-7.662857667928312e-10,2.140500958947048e-05
1257,0,0,0,0,0
1257,1,9.735088027929014e-05,6.634035723806877e-08,0,0.0007788070422343211
1257,2,0.0006119529294990367,1.484232662182694e-07,0,0.001047348067209928
1258,0,0.0009123173291555709,1.263159409921909e-09,0.0008300410275985793,0.0009683151991582452
1258,1,2.973137658688125e-05,2.245375962826742e-09,-2.102926418485226e-05,0.0001122889045838788
1258,2,0.0001259906504493892,1.111096131362434e-07,-1.045274023950368e-09,0.001007901808935831
1259,0,3.194835646002706e-06,2.220128670956816e-10,-6.231903731923452e-06,4.21754767264798e-05
1259,1,0.0001066259419598748,2.524808293383706e-08,0,0.000493609657196473
1259,2,1.040962658792518e-05,3.438306006843296e-10,-1.684473710937076e-09,5.031665166683143e-05
1260,0,-3.525396615824324e-07,1.009456517466461e-12,-2.670121167689724e-06,9.070168380024029e-07
1260,1,2.652787352220669e-05,6.672454412355685e-09,-2.618902271054565e-05,0.0002414832549824257
1260,2,7.443755684650368e-08,4.066236236694842e-14,-7.198644753419803e-09,6.07909647301935e-07
1261,0,-2.352614728096325e-06,1.455785141936703e-11,-1.159488555138379e-05,0
1261,1,9.657882961358084e-07,1.599575388385807e-11,-3.402523049641537e-06,1.1128829418728e-05
1261,2,0.000102658233922528,5.005841779386216e-08,-1.649882959327424e-08,0.0006829189335868289
1262,0,0,0,0,0
1262,1,4.633030105289405e-05,1.682983539601558e-08,-2.016199764502121e-05,0.0003891031445433528
1262,2,1.289163895935555e-05,5.707985035021799e-10,-3.028760520856725e-08,6.853126729241838e-05
1263,0,0,0,0,0
1263,1,-3.599499212475852e-07,1.271331319083719e-12,-3.317959069054996e-06,4.452662515036813e-07
1263,2,2.861619948827456e-06,5.733446569161551e-11,-1.618442744657043e-09,2.289512333376766e-05
1264,0,0,0,0,0
1264,1,2.470385603182231e-05,6.624944353564401e-09,-1.98252990835601e-05,0.0002393266388246972
1264,2,1.880216156351953e-05,1.181699502171889e-09,-1.586145587328441e-08,9.718390369491624e-05
1265,0,0,0,0,0
1265,1,1.891690514399295e-05,5.118171674187666e-09,-3.800318383340658e-05,0.0002052119784836564
1265,2,9.93185812807894e-06,6.910710300022789e-10,-2.814672027468495e-08,7.94839725554903e-05
1266,0,-1.29621907092823e-07,1.17612871588663e-13,-1.036975256742584e-06,0
1266,1,-3.712257408955783e-06,1.020643210815908e-10,-3.043386275915807e-05,7.3580348751181e-07
1266,2,-2.272343652998775e-10,1.106834431614205e-17,-8.138529088603042e-09,4.407202681086685e-09
1267,0,0,0,0,0
1267,1,2.052713520538827e-05,4.953453717852954e-09,-2.49620805929286e-05,0.0002055122598258686
1267,2,3.6869274510141e-06,9.526482191842713e-11,-1.339522904424039e-08,2.951043644492194e-05
1268,0,0,0,0,0
1268,1,-3.106891568553e-06,8.282341308595277e-11,-2.71061339740546e-05,2.251001425630599e-06
1268,2,6.235114179384194e-06,1.436162931283005e-10,-1.607898362171792e-08,3.531814251210017e-05
1269,0,0,0,0,0
1269,1,3.99476803461807e-06,5.793995685911382e-11,0,2.232428826021152e-05
1269,2,1.314059806550931e-05,3.767330853615315e-10,0,5.047293513991758e-05
1270,0,2.606793951545038e-05,1.460834006590812e-10,0,3.791641728154062e-05
1270,1,0.0001197629924131128,3.013561500979974e-08,0,0.0005426973739727664
1270,2,0.0003267026659450581,2.226311119829621e-08,0,0.0004596815636743663
1271,0,0.0003078939769304101,3.160388786710701e-08,0,0.0004127117166635896
1271,1,9.528910279474713e-06,5.014645287389641e-10,0,6.83853709083101e-05
1271,2,1.512037856634894e-05,3.280085775631848e-10,0,4.633635111895361e-05
1272,0,2.590416061724629e-06,5.761673350285555e-11,-1.412869541318334e-05,1.118397095045261e-05
1272,1,1.638422257666439e-06,4.141549585167489e-11,-2.908342969889768e-06,1.840231259023377e-05
1272,2,2.34618311210081e-05,1.305214209123732e-09,-2.672258951600297e-08,9.881461676395201e-05
1273,0,3.428938119695282e-05,7.248913361418617e-10,0,6.238038031367039e-05
1273,1,7.331156448184616e-05,2.751556373789462e-08,0,0.0005108348107173496
1273,2,6.970298009845e-06,3.410254892125256e-10,-3.536798794080749e-08,5.582904332379602e-05
1274,0,3.010452882758146e-06,2.762888104563346e-11,0,1.336906639384225e-05
1274,1,-5.867596461370581e-06,2.993272379282178e-10,-4.013192803572749e-05,1.935843811427041e-05
1274,2,3.062028581193241e-06,6.559126692407034e-11,-1.466328030838409e-09,2.448955329839878e-05
1275,0,-4.355105356820954e-08,1.32768598683074e-14,-3.484084285456764e-07,0
1275,1,4.136627200602233e-06,7.726468036695714e-10,-4.063864109613832e-05,6.807831405634027e-05
1275,2,1.659751193694658e-05,8.664822498350149e-10,-2.605404981442596e-08,7.901441186816513e-05
1276,0,1.539946897689269e-05,7.11510124141751e-10,0,6.21606896633027e-05
1276,1,9.986105295060552e-06,1.315604422001677e-09,-7.141839550444143e-05,6.296247636831233e-05
1276,2,9.936006094751631e-07,6.873757117124124e-12,-5.835080523046904e-09,7.930155153112407e-06
1277,0,1.043155992914414e-07,2.668694501484893e-13,-5.506719340404203e-07,1.385196728371951e-06
1277,1,1.48792522203711e-05,1.972532999766143e-09,-1.962498437142343e-05,0.0001307831491411599
1277,2,2.883495403350422e-06,5.808567568422999e-11,-3.632736333760555e-09,2.304780000902247e-05
1278,0,9.33145473758199e-06,6.095323326367897e-10,0,7.465163790065592e-05
1278,1,0.0001077700650332127,4.165459368919305e-08,0,0.0006272728838553613
1278,2,0.0002985277102270378,5.59875008230793e-08,0,0.0005744506325992062
1279,0,0.0001285730863595363,4.959390582759629e-08,0,0.0005160702313129473
1279,1,8.327498086238941e-05,3.309531850516147e-08,0,0.0005575933378660754
1279,2,0.0004603793507339203,1.704543394082776e-07,0,0.001173728372513267
1280,0,8.220505786844688e-05,4.73037007740829e-08,0,0.000657640462947575
1280,1,0.0001128025631526322,8.327160684491662e-08,0,0.0008760763413174441
1280,2,0.00019967666176584,1.471959939564411e-07,-8.678440440629241e-10,0.001195734650026221
1281,0,0.0006923493067288482,3.200987248608464e-07,-1.40653744393807e-06,0.001241379860347644
1281,1,3.397639158454483e-05,7.63015935263929e-09,0,0.0002650097691717092
1281,2,0.0001317175990311323,4.908698277388115e-08,-4.152205863782872e-08,0.0006773241510400559
1282,0,0.0001148841942986965,4.404857115873506e-09,0,0.0001552849795817781
1282,1,-5.048816000591296e-06,1.784338010547867e-10,-4.039052800473037e-05,0
1282,2,5.878489137374693e-05,1.169510789838549e-08,-2.243548035178649e-08,0.0003288543992842348
1283,0,0,0,0,0
1283,1,1.184458038322834e-06,8.070268177585613e-12,0,8.667944438681098e-06
1283,2,3.317058584126252e-06,7.706813678739685e-11,-6.622335480981672e-09,2.654370116273611e-05
1284,0,3.992788706696799e-06,1.003329348193898e-11,0,7.551860738509028e-06
1284,1,1.141033131369318e-05,7.156355708560731e-10,0,8.169953312989218e-05
1284,2,2.955994440656682e-05,2.621616987184568e-09,-1.496555415277695e-09,0.0001201067678153029
1285,0,9.307845496481595e-05,7.099604528437093e-09,0,0.000259207507605056
1285,1,2.061338900621415e-05,1.730914825807996e-09,0,0.0001285585363969734
1285,2,7.989115699512668e-05,8.305900577617533e-09,0,0.0002276776198205354
1286,0,-2.088413755793242e-07,3.053030410770505e-13,-1.670731004634594e-06,0
1286,1,3.402858480303147e-05,6.716340136488155e-09,0,0.000250716697827435
1286,2,3.3733596672785e-05,3.317919965252027e-09,0,0.0001820566805871965
1287,0,5.663142157384435e-07,1.209888147116837e-12,0,3.260752265805022e-06
1287,1,1.515246191637769e-06,9.383743311483949e-11,-2.220191552424016e-05,8.929780009655987e-06
1287,2,5.747458914949821e-07,2.320376226374355e-12,-6.989293360154316e-09,4.604956425320011e-06
1288,0,5.004555539061458e-07,7.526204501482444e-13,0,2.072622380644807e-06
1288,1,2.771200491450105e-05,4.788921257208349e-09,0,0.0002107127201063942
1288,2,2.683361315727598e-10,1.037154052104722e-18,-7.38992322732808e-10,2.885681375314886e-09
1289,0,1.858570790722179e-06,2.417999768887967e-11,0,1.486856632577743e-05
1289,1,0.0001361688445261301,4.559042722025269e-08,0,0.0005873507909171679
1289,2,0.0002149418600871152,5.032118385932365e-08,0,0.0005118901469431567
1290,0,0.0001188253285738018,4.235837661837009e-08,0,0.0004753454211742601
1290,1,-1.165147379856823e-05,1.080062281014264e-09,-9.856561640635806e-05,2.755235461481638e-06
1290,2,0.0001087234226348228,3.441424646882996e-08,-6.8682032678122e-09,0.000447685135871989
1291,0,9.634172255750466e-08,6.497209253743041e-14,0,7.707337804600373e-07
1291,1,8.918993892960117e-05,4.277484385650013e-08,-1.778287763713189e-05,0.0006279834790785911
1291,2,0.0001026398464298573,1.802964558816376e-08,-8.479515944589777e-10,0.0003110780807513173
1292,0,0.0001367224222883539,4.150646659664303e-08,-1.674939956099598e-06,0.0004849181460371715
1292,1,1.06536117192148e-05,1.030941391523811e-09,-2.994049843931073e-05,6.470350215170075e-05
1292,2,9.262001132908654e-06,6.007025780343036e-10,-1.118011639892587e-08,7.410733984663553e-05
1293,0,5.943552550383382e-05,2.444289853575322e-08,-2.88261019633058e-06,0.0004730403376318964
1293,1,1.418464880894054e-05,1.154233957898796e-09,-4.176090194912193e-36,0.0001038012845487455
1293,2,1.011812257512992e-06,7.087744061363026e-12,-1.40537237759483e-09,8.0555128820907e-06
1294,0,-2.681852394266814e-06,1.054325824980383e-10,-2.904194868719879e-05,7.587129533064285e-06
1294,1,4.524820773837062e-06,6.012820260448147e-10,-4.290186611584175e-05,4.543722531814989e-05
1294,2,2.385644055302e-05,1.3352136775353e-09,-1.016301577857667e-08,0.0001030599951922056
1295,0,3.537945670332785e-06,4.277256577515796e-11,-1.364891126266797e-06,1.524981200664425e-05
1295,1,3.03164314637306e-05,1.083388454722424e-08,-6.555037120383387e-05,0.0002995020133548905
1295,2,3.387122577048713e-05,2.41751221553708e-09,-1.599197557006518e-09,0.0001414440244319013
1296,0,3.672297023109748e-05,9.145033361786335e-10,-4.903288359872676e-06,7.189198392876807e-05
1296,1,4.181572398444987e-05,2.14601289160221e-09,0,0.0001354091592622188
1296,2,2.254283274127325e-05,7.571735843389399e-10,-5.985204861050638e-10,7.053640069414761e-05
1297,0,3.198351971964168e-05,2.349068712763026e-09,0,0.0001228925027447277
1297,1,8.659774952030345e-06,3.872223791283396e-10,0,6.011436408301386e-05
1297,2,1.686625445426681e-05,5.624655397062098e-10,-2.985797841369644e-08,6.139625482125205e-05
1298,0,1.238706047131566e-05,3.266639298198101e-10,0,4.404652369975011e-05
1298,1,5.489464775121746e-05,1.206120093456977e-08,0,0.0003308073244432885
1298,2,1.549803975134867e-05,9.385716198800757e-10,0,9.479704569896792e-05
1299,0,1.812193324887564e-06,2.804203248798144e-11,-7.636364144175662e-07,1.580291134321053e-05
1299,1,1.146892464873653e-05,5.089543342745493e-10,0,6.921952585859937e-05
1299,2,1.565224349609529e-06,1.351997204657603e-11,-2.037956298792504e-08,1.122614326009594e-05
1300,0,3.714253120493474e-06,1.038675183457675e-10,-9.519077362422771e-07,3.066593270019007e-05
1300,1,2.047276018264634e-06,1.134741863932716e-11,0,1.010126820856459e-05
1300,2,-1.202647342386662e-09,9.072730500141148e-18,-9.161979312859953e-09,0
1301,0,-3.542744695990835e-07,8.785727986679837e-13,-2.834195756792668e-06,0
1301,1,5.763028577696979e-05,1.277720806338669e-08,0,0.0003396751318872708
1301,2,0.0002052807653421193,1.623313313453499e-08,0,0.0003370134961228877
1302,0,0.000153048712394579,2.359090602552242e-08,0,0.0003253713073480214
1302,1,3.959745599618461e-06,7.305304630295615e-11,0,2.603982367002843e-05
1302,2,9.187773779324523e-05,3.685265744130716e-08,-9.678227044255982e-10,0.0005948476881282328
1303,0,0.0001389854227387332,4.028352705524657e-08,0,0.0005783133646808803
1303,1,3.176370309443304e-05,4.161920561813524e-09,0,0.000195442333163934
1303,2,0.0001482000922199681,2.498002984118851e-08,0,0.0003926160212858252
1304,0,0.0001310730156707441,5.557012718327741e-08,0,0.000728189851898082
1304,1,6.59693746566616e-05,3.254413147103376e-08,-4.129562425426179e-05,0.0005414086824061634
1304,2,4.539214801347675e-06,1.442775850035911e-10,-5.097954042270325e-09,3.631881636482367e-05
1305,0,6.991542330990916e-05,3.429995633718919e-08,-5.914572324165205e-07,0.0005599148437116898
1305,1,0.0001288050159007654,4.791162924862845e-08,-1.753106855602574e-06,0.0005785501562622275
1305,2,0.0002162385954487953,4.023919117271356e-08,0,0.00056745021809256
1306,0,0.0002063821328747928,8.64342236075038e-08,0,0.0008367822853515411
1306,1,6.817484781827696e-05,1.506204140929915e-08,0,0.0003395906996521037
1306,2,1.195042646156644e-06,1.018708526323653e-11,-7.22417535163757e-08,9.639317885820276e-06
1307,0,0.0001038700656288121,7.667746175958438e-08,-1.070036404306416e-05,0.0008364147286825133
1307,1,4.473394726797296e-05,6.500643656686686e-09,0,0.0002487048510828638
1307,2,3.152518006279967e-07,6.858145604867922e-13,-3.368499208592892e-09,2.506234834148156e-06
1308,0,6.945710027676237e-05,3.608390619586012e-08,-1.273651990123724e-05,0.0005719207418142308
1308,1,-6.995315108550406e-06,5.807579154625687e-10,-7.035560799153669e-05,8.133583348543165e-06
1308,2,1.435557136315566e-05,3.820514491192381e-10,0,4.924671798202794e-05
1309,0,7.784716669191452e-06,8.425720076166118e-11,-2.882848040339974e-06,2.233424465813912e-05
1309,1,5.422245750552535e-06,5.854126310182516e-11,0,2.477936545287271e-05
1309,2,5.78912810058387e-07,2.348257787794942e-12,-1.750897093122842e-08,4.633197928412738e-06
1310,0,-1.876582068146636e-09,4.780646808448896e-14,-2.857276111785118e-07,4.988932847725534e-07
1310,1,-4.192771737154884e-06,1.616778089371591e-10,-3.764593347907381e-05,4.103759581834741e-06
1310,2,-1.700246533372758e-08,4.573060694041498e-16,-5.163035585077573e-08,5.709578707159665e-10
1311,0,2.387281991254922e-06,3.773798760623636e-11,-4.555508954504301e-07,1.86118798132063e-05
1311,1,9.13539910617178e-05,5.642084170530235e-08,0,0.0007197276160823088
1311,2,0.0002527745786980457,2.586764033934104e-08,0,0.0004895491777692957
1312,0,0.000302389608767036,5.489740831240469e-08,0,0.0004913456104841424
1312,1,-9.84533920263226e-06,5.942195299261876e-10,-5.62315591896365e-05,2.056704358330877e-05
1312,2,5.387038537942799e-05,1.718157882702051e-08,-4.90897023053568e-08,0.0003996024424557498
1313,0,6.370742403338656e-07,1.66159542979178e-12,0,3.880970464787624e-06
1313,1,0.0001163826621770484,3.968129628335002e-08,-1.62315449783011e-35,0.0005412573182111024
1313,2,6.255542977387882e-05,9.458610465125388e-09,-1.736643058030071e-08,0.0002914640679093109
1314,0,9.047152934129742e-05,2.780077886934954e-08,0,0.0005274888196079729
1314,1,-1.019087576471335e-05,1.204413343308543e-09,-0.0001016661549559089,8.922329004294652e-06
1314,2,3.218972540833064e-05,3.060803020404135e-09,-1.04417117018718e-09,0.0001607425226133241
1315,0,-8.184896268213115e-07,2.56412986294017e-11,-1.299641145327772e-05,6.448494438707228e-06
1315,1,5.416249182841978e-06,1.689259455096045e-10,0,3.972496216555112e-05
1315,2,1.916728549775258e-05,1.190732485688199e-09,-4.949057476634944e-08,9.539331775795806e-05
1316,0,5.875077185367394e-05,2.605717102421146e-08,-1.206165533490849e-05,0.0004856995991234366
1316,1,1.375936804021205e-11,1.32524146206206e-21,0,1.100749443216964e-10
1316,2,7.20319116490693e-07,3.713225091713565e-12,-8.544447466049076e-08,5.81795484778702e-06
1317,0,-5.559151828836148e-07,2.163291833923659e-12,-4.447321463068918e-06,0
1317,1,-4.549052022484785e-06,1.09687706201057e-09,-7.14403776298483e-05,4.930508990551672e-05
1317,2,1.9488188169108e-05,1.082038011526829e-09,0,9.992249499341004e-05
1318,0,3.694554706925859e-05,1.009374993572087e-09,0,9.385624675609444e-05
1318,1,-9.229680618067649e-06,1.047940565150943e-09,-9.396775893523381e-05,1.409418080438882e-05
1318,2,1.140234922314451e-05,4.038038989096972e-10,0,5.302915308535549e-05
1319,0,5.660548283013334e-06,2.304310351215422e-10,-5.358667115631385e-07,4.582025297566981e-05
1319,1,4.119033481774867e-06,3.919962907616612e-11,-3.537462027407333e-06,1.64856189939093e-05
1319,2,-1.082329573754098e-08,4.943789900046493e-16,-6.687260197690732e-08,1.581917429043178e-09
1320,0,1.208568713442841e-07,1.022446834579018e-13,0,9.668549707542726e-07
1320,1,7.053204301651712e-06,2.360342775540483e-10,0,4.735421585057573e-05
1320,2,2.245434020021069e-06,3.484981018406589e-11,-1.888793293457359e-10,1.786405497221921e-05
1321,0,0,0,0,0
1321,1,-1.27939365032137e-06,5.990209993942853e-11,-1.64856189939093e-05,8.874596670947683e-06
1321,2,1.205775277717119e-06,1.037802173105651e-11,-9.326665263842664e-08,9.728643317904958e-06
1322,0,3.205106851777637e-08,7.190896951918366e-15,0,2.564085481422109e-07
1322,1,6.489300188956239e-07,5.289054856887534e-10,-4.82255999394263e-05,4.286349727557772e-05
1322,2,1.025505154447086e-05,7.155927179764282e-10,-2.769910291273982e-09,8.102487267042421e-05
1323,0,3.538359484032035e-05,7.576039382556631e-10,0,6.011187291855833e-05
1323,1,8.936354979045443e-05,3.148810729746058e-08,-8.599124251311029e-05,0.0004980223619401629
1323,2,0.0002540323578570601,2.811233374741623e-08,-6.886897051884082e-08,0.0004201350563128823
1324,0,0.0002242921308619371,3.018594463943067e-08,0,0.0003610786595626029
1324,1,-1.806165953337145e-05,3.465857930425663e-09,-0.0001727333411206754,2.12296751048774e-05
1324,2,6.16591389114033e-05,1.696339319740651e-08,0,0.0003969083068063093
1325,0,6.756887514973545e-05,2.021543691493607e-08,0,0.0004424558012404529
1325,1,3.369876175754233e-05,6.498649529977901e-09,0,0.0002460034981119663
1325,2,1.532676017690631e-06,1.648646506605376e-11,-9.8657563296588e-09,1.227535642691745e-05
1326,0,3.001120883015089e-06,6.637384625041476e-11,-5.420166312532267e-07,2.455098369537394e-05
1326,1,1.760469944255602e-05,1.782417294525867e-09,-1.703099849821577e-36,0.0001288188308913678
1326,2,4.091640839662832e-05,5.469341626567595e-09,-3.335849291926461e-08,0.000221697904807676
1327,0,2.859207654441693e-06,4.584736863884679e-11,0,2.072491951811497e-05
1327,1,-1.163690655357749e-05,1.512966063176996e-09,-0.0001140955582387564,1.079858286180488e-05
1327,2,8.065571682128228e-06,4.550602045433669e-10,0,6.450510778747829e-05
1328,0,1.08144242029441e-05,3.535483241967337e-10,0,4.653977644095301e-05
1328,1,1.714282810261735e-05,1.787771899835368e-09,-3.642090170818138e-05,8.826738433525134e-05
1328,2,5.936585503234058e-06,2.467611613594218e-10,-5.158855832429182e-09,4.749772206093463e-05
1329,0,1.551290735125152e-05,4.072158802204934e-10,-5.636305122078751e-08,4.61219335346142e-05
1329,1,3.877432242702139e-05,1.423262075907594e-08,-0.000178403994882541,0.0002510273569964761
1329,2,9.044642768614825e-06,5.694706229801263e-10,-5.082175630722866e-08,7.2181399457968e-05
1330,0,8.224383605136178e-06,2.590681879180856e-10,0,4.979648122742309e-05
1330,1,7.393940027981713e-05,3.3164863629909e-08,0,0.0005553039350041747
1330,2,0.0001133713566228131,8.410469824929296e-09,-7.164915829442374e-09,0.0002416136202353558
1331,0,2.257737782804455e-05,3.568165927131944e-09,0,0.0001806190226243564
1331,1,1.718250904261177e-05,8.758981511155508e-09,-9.637047534163548e-05,0.0002507725202422088
1331,2,5.461323588802819e-05,6.059249215522328e-09,0,0.000232839890616696
1332,0,4.661455436619573e-05,1.521041675131312e-08,0,0.0003729164349295659
1332,1,7.734618412736635e-05,1.025340922010562e-08,0,0.0002902980809428138
1332,2,7.864040001080484e-05,6.35368102215046e-09,0,0.0001847243297882823
1333,0,-3.476946804941844e-07,8.462411359076707e-13,-2.781557443953475e-06,0
1333,1,0.000146025286088498,1.281786227144817e-07,0,0.001092744636963937
1333,2,0.0004602798949581273,1.313363935011131e-07,0,0.0008872938310014706
1334,0,0.0005341822658883183,1.777138323823752e-07,0,0.0009784442565855765
1334,1,1.023319647191936e-05,3.60748420389459e-10,-2.28428534977041e-05,4.429929467090643e-05
1334,2,0.0002349282734650624,1.54338306333424e-07,-3.259615470412451e-08,0.0009223929301588416
1335,0,1.94057726314494e-05,4.126176046440352e-10,-3.438632022404413e-06,4.089183626752343e-05
1335,1,5.454982478320269e-06,1.181690656083186e-10,0,3.403159804891446e-05
1335,2,0.0001055876293492419,6.323236086740242e-08,-2.809699622844929e-09,0.0007675233844225663
1336,0,0.0001258228923940924,1.108764130784004e-07,-2.249140749773068e-07,0.001006808053227717
1336,1,8.281419078562944e-05,1.754154074258792e-08,-1.198710385014925e-05,0.0003466273377948065
1336,2,1.187015140685074e-05,9.863906161335531e-10,-1.479041103946369e-09,9.496488235352754e-05
1337,0,-1.506372592544744e-07,1.173843007905625e-13,-1.046664108428285e-06,0
1337,1,0.0001157161584807981,1.967725270821807e-08,0,0.0003890598779181824
1337,2,3.894096349127977e-06,1.062402823587323e-10,-7.14105973450346e-09,3.116462866239379e-05
1338,0,5.131596089585807e-06,1.64379899445449e-10,0,3.900665104099606e-05
1338,1,9.501008015183714e-06,5.842194672932167e-10,0,7.342825557784604e-05
1338,2,2.165262479231623e-05,7.144402458628974e-10,-1.480142210226144e-08,7.095477161412138e-05
1339,0,1.6688751883927e-05,1.656538154070806e-10,0,3.005667216990122e-05
1339,1,4.365230914321713e-05,1.479863032281312e-08,-2.059770349726687e-05,0.0003649455395476272
1339,2,1.880542998769884e-05,1.473468174765776e-09,-1.572108334917981e-08,0.0001186462031960526
1340,0,5.295903298201088e-06,3.255941138950023e-11,-1.45764334961763e-06,1.203128349906022e-05
1340,1,1.590111470621184e-06,1.769918142300745e-11,-1.355252715606881e-21,1.272089176496947e-05
1340,2,1.864865641161462e-05,9.17067089535596e-10,-8.400444767920422e-09,8.493672695599054e-05
1341,0,2.50308712089235e-05,1.158010335700328e-09,0,9.117624898055107e-05
1341,1,7.380128178927439e-05,3.373884355929789e-08,0,0.0005594737518308218
1341,2,0.0004169008376409698,3.17978245790947e-08,0,0.0005506281484273243
1342,0,0.0001101663417233011,3.767280711948159e-08,0,0.0005117410610057807
1342,1,-1.892775687289007e-06,4.451699436008262e-11,-1.623316015245535e-05,8.313558613201358e-06
1342,2,-1.932910066036899e-08,2.524779598123378e-15,-1.522373921232167e-07,8.094407883486718e-10
1343,0,-8.066529937655563e-07,2.013300547962426e-12,-3.721519606482966e-06,0
1343,1,1.619554507499569e-06,1.537760032736264e-11,-3.266040628293395e-06,1.011324201933506e-05
1343,2,-2.688989397831859e-10,5.061464787156497e-19,-2.151191518265487e-09,0
1344,0,0,0,0,0
1344,1,-4.730777027866779e-06,2.299963927102278e-10,-4.394123433910242e-05,5.697958885651961e-06
1344,2,-3.387281139789375e-09,8.236192554380302e-17,-2.738290646350386e-08,8.324955452866469e-10
1345,0,0.0002168549720919755,7.943656396005991e-08,0,0.0006490884634927267
1345,1,9.239433214289133e-05,6.945851053654934e-08,-3.057317539846459e-05,0.0007881545675687635
1345,2,1.185409615354046e-06,1.005673917149345e-11,-7.791298658283706e-08,9.575453387475338e-06
1346,0,-1.851413633444519e-07,4.468411738999017e-13,-1.805715634696833e-06,6.798159916305592e-07
1346,1,3.464939744752021e-05,1.351105149193288e-08,-6.454408504383116e-05,0.0003368553836500043
1346,2,4.411877709315273e-06,6.67348461351775e-11,-6.224209552934105e-09,2.341777483301931e-05
1347,0,1.560170195336593e-05,2.188906686384603e-09,-6.097671010442589e-06,0.0001392359935879313
1347,1,2.819754859234898e-06,1.017530373716529e-10,-1.557786459830942e-05,1.771497017897208e-05
1347,2,5.807684308011515e-06,2.379507360610702e-10,-1.494933224552444e-07,4.661992132720233e-05
1348,0,-2.382375588786735e-06,1.922151897998827e-11,-1.249218940702903e-05,0
1348,1,3.621377932859519e-05,6.185752805193547e-09,-5.31449105369162e-05,0.0001721341619262872
1348,2,0.0001336208300703683,4.795024870282719e-09,-5.818488093299656e-09,0.0002052078100062068
1349,0,8.400725431868965e-05,7.095570768760986e-09,0,0.0001751928957459716
1349,1,4.075289835532137e-06,3.14227918517319e-10,-1.771497017897208e-05,4.827388440293729e-05
1349,2,1.790573617511385e-05,1.006213445385112e-09,-1.594042689427407e-09,8.493481418191688e-05
1350,0,4.804393479619387e-05,5.737014015865835e-09,-4.957258803662692e-07,0.000180767060920625
1350,1,-2.846331072520661e-06,1.618790063730811e-10,-3.542994035794412e-05,9.825024813618155e-06
1350,2,2.736211747652828e-06,1.663202999798837e-11,-3.741311640952682e-09,1.178882520874621e-05
1351,0,1.11782546868066e-07,8.746736449017956e-14,0,8.942603749445278e-07
1351,1,-3.695326500822686e-06,4.187960697253901e-11,-1.669263342630513e-05,0
1351,2,8.939931233212694e-06,2.413473684780609e-10,-5.322951397322215e-09,3.821021018677355e-05
1352,0,-1.780399935588262e-06,1.110525791957529e-11,-9.648088315568629e-06,0
1352,1,9.561762224296214e-05,4.108057129540811e-08,-2.02349573689655e-05,0.0006063591283751319
1352,2,0.0003560331573057182,2.400783601928695e-08,0,0.0004946016621487028
1353,0,0.0003339166539382488,3.717260571992574e-08,0,0.0004482843303479467
1353,1,-9.979239679378064e-06,2.170657780120316e-10,-3.542994035794412e-05,6.662176863624335e-36
1353,2,-8.958793384360456e-10,2.630352951663997e-18,-4.83720380706446e-09,3.063985867946223e-10
1354,0,-1.039924432273369e-06,4.08105497728308e-12,-5.989152842252379e-06,0
1354,1,-1.138993912892949e-06,5.535172946643903e-11,-2.02349573689655e-05,4.723342115541776e-06
1354,2,8.484589334658081e-06,3.147839251542355e-10,-4.29721483018947e-09,5.381740525265928e-05
1355,0,4.543754040060094e-05,1.471533494840808e-08,-2.875131523314555e-06,0.000366375454728122
1355,1,0.0002820218386508295,2.807122817365261e-08,0,0.0004779118850801474
1355,2,0.0002296683903102204,5.308544965708385e-08,0,0.0004942242802722824
1356,0,6.654272669572734e-05,2.657302474547004e-09,0,0.0001072826227351423
1356,1,2.92946006258757e-06,8.861863985238366e-12,0,7.155363861577446e-06
1356,2,1.961105665821503e-06,2.691788617895289e-11,-1.052693585534478e-09,1.568791151230704e-05
1357,0,-2.03564993757667e-07,2.900709467849132e-13,-1.628519950061336e-06,0
1357,1,0.000145592656293962,5.18336683127715e-08,-6.911677537272504e-06,0.0007112984781945077
1357,2,5.978260822635838e-05,2.395543245402931e-08,0,0.0004692049883285001
1358,0,1.795902589276759e-05,2.114026194461929e-09,0,0.0001395545312377148
1358,1,-4.110133914399807e-06,5.759084624202307e-11,-2.16983845938562e-05,0
1358,2,9.600713490940222e-06,4.276638435645014e-10,-3.883817867599196e-09,6.298974146082541e-05
1359,0,0,0,0,0
1359,1,2.125636320031169e-07,3.162830835524957e-13,0,1.700509056024935e-06
1359,2,6.97286136590204e-05,3.403701104905312e-08,-1.128932545220458e-08,0.0005578465064439811
1360,0,2.876138363518239e-08,1.354851125553281e-13,-6.143472567301953e-07,8.444383258116544e-07
1360,1,8.402690174390802e-05,2.462285370562312e-08,-3.656417557488585e-05,0.0004735312898850084
1360,2,2.165129474909361e-06,3.282625464608628e-11,-3.705257326786654e-09,1.732374975917589e-05
1361,0,2.027502640223565e-05,1.212848387229224e-09,-7.078317604444957e-07,0.000110764959666427
1361,1,5.509411689027254e-06,4.290540173472797e-10,-3.850700320952456e-05,3.886280498587305e-05
1361,2,2.705357742410632e-07,5.132531080439845e-13,-3.398837876973536e-09,2.165993265523297e-06
1362,0,-6.601749591275635e-07,4.939827187842318e-12,-6.396341479749211e-06,1.299188585231865e-06
1362,1,1.950176763466216e-05,1.8025090119715e-09,-5.238932279131941e-06,0.0001285438590221357
1362,2,4.409556532079178e-05,1.494261397983659e-09,0,0.0001014846563000268
1363,0,2.540048261566697e-08,1.936830990564296e-15,0,1.03862407613975e-07
1363,1,3.315749526954847e-06,1.645817614043318e-10,-8.346401763491065e-06,3.650060506258026e-05
1363,2,9.546169428316162e-06,2.556479886731693e-10,-5.547742805984543e-09,3.952544307233089e-05
1364,0,6.423120737279872e-05,2.479020640685158e-09,0,0.0001071220874133675
1364,1,1.614623802505051e-05,1.077561008545543e-09,0,0.0001001448810541932
1364,2,4.371017832251437e-05,1.185116982047348e-09,0,0.0001229941135051494
1365,0,1.848276424309939e-05,2.608029248387222e-09,-5.647621734634034e-06,0.0001535097356794292
1365,1,3.611954147198549e-05,4.722570289524374e-09,0,0.0002154079594217419
1365,2,1.767718584977991e-06,2.026205114156547e-11,-5.043055989252255e-09,1.366995208728988e-05
1366,0,1.232686028652033e-05,4.347645628270994e-10,0,4.892884509294047e-05
1366,1,3.576421917792463e-05,7.392995918060631e-09,-1.547244796998496e-05,0.0002620341031807627
1366,2,1.926858912396178e-06,2.599406624961833e-11,-1.732295529929793e-09,1.541605664535213e-05
1367,0,0.0001026599196154578,6.530085945348283e-08,-6.120141713975536e-06,0.0007773423340636679
1367,1,0.0004832894779733103,1.481898593299816e-07,0,0.001126511440637581
1367,2,0.0006544940770455925,1.476974594912819e-07,0,0.0009442011587809446
1368,0,5.970438064747504e-05,5.932578523862394e-09,0,0.0001600829596020726
1368,1,0.0003601118954207709,1.884866093446874e-07,0,0.001270741844017732
1368,2,0.0001616731400037798,2.736996625313305e-08,0,0.0003796112992255964
1369,0,9.851375111022425e-05,3.060190839100222e-08,-4.961504486025514e-07,0.0004740041609437594
1369,1,1.070620703852489e-05,5.836971367625274e-10,-9.256088153355855e-06,7.312597342540602e-05
1369,2,5.491234682055582e-05,1.895580604437134e-08,0,0.0004187445952180343
1370,0,3.904780151130932e-05,1.083875723673304e-08,-1.489848555338401e-06,0.0003144885599721163
1370,1,6.430415965597305e-05,2.572754357825891e-08,-1.783119400738259e-07,0.0004885381547929615
1370,2,0.0003580562090152637,2.605665690136662e-07,0,0.001606565598297605
1371,0,0.0003364904358031498,1.640540290071944e-07,0,0.001173709425339152
1371,1,-4.559196648948179e-06,2.472379854393154e-10,-4.56862496929551e-05,7.301144460626522e-06
1371,2,2.292694946658179e-06,1.596777178799966e-11,0,1.006167020122659e-05
1372,0,0.0002032158295536296,1.204435764162868e-07,0,0.0008800575785720208
1372,1,1.42500583808744e-05,8.722463317402819e-10,-1.521531373417696e-05,8.796919307673073e-05
1372,2,-1.22111057876171e-09,1.553956228450348e-17,-1.153763076805558e-08,1.768746137961899e-09
1373,0,1.702815944521661e-08,1.679973675586442e-11,-8.742178544725496e-06,7.433420490889386e-06
1373,1,1.444605235206358e-06,3.871108334900624e-10,-3.149396074753218e-05,4.576869294242054e-05
1373,2,0.000102995563237637,3.047013902077636e-08,-3.808773517860117e-09,0.0004349020772550339
1374,0,1.531458484216235e-05,2.427221826104897e-10,0,3.76292348288347e-05
1374,1,-7.238285405376457e-07,9.952517282698598e-12,-8.879019658611425e-06,1.864734038831709e-06
1374,2,5.355022424901052e-06,2.007529313305484e-10,-4.201157407414052e-09,4.284196015673121e-05
1375,0,9.935630402982046e-06,1.851378577692904e-10,-1.51629842473883e-06,2.951075192356261e-05
1375,1,-3.295234779317361e-07,7.601000575575916e-13,-2.636187823453889e-06,0
1375,2,8.311590820411242e-06,2.279176668650604e-10,-6.184930892944292e-09,4.607211882572347e-05
1376,0,-2.22679112498811e-08,1.701562710371375e-14,-3.199522890886434e-07,1.885215314677112e-07
1376,1,1.713943162929104e-05,1.91376240132461e-09,0,0.000132822243992959
1376,2,7.904637314302173e-05,5.042346507415799e-09,0,0.0001968169537659823
1377,0,2.561594535622247e-05,1.930645420347581e-09,0,0.0001020533317239613
1377,1,-2.33970940565534e-06,5.298917764306996e-11,-2.145287868991293e-05,2.735203444670213e-06
1377,2,-1.09620207891411e-09,1.88514205448476e-17,-7.324595441378241e-09,7.562251227613771e-09
1378,0,5.506047905216072e-05,6.882957372850625e-09,0,0.0002452135154681643
1378,1,9.61761697624911e-07,2.432635800938658e-10,-2.716834444706567e-05,3.486243802806496e-05
1378,2,4.164034797901677e-06,6.126559584365211e-11,-4.284449916839486e-09,2.27322935672274e-05
1379,0,6.291843084896437e-06,4.053184384701161e-11,-2.319186695436714e-07,1.358845297773932e-05
1379,1,1.435884318335003e-05,9.577008427463454e-10,-1.423867553724608e-05,6.857554175607964e-05
1379,2,1.260991185092377e-05,2.392107270152085e-10,-9.533388061503356e-10,4.460050424893744e-05
1380,0,3.873285560989253e-05,2.744242936715481e-09,0,0.000163361925375771
1380,1,-9.611574120985851e-06,8.984237516649125e-10,-6.044219551770459e-05,2.908792322033168e-05
1380,2,6.823767953917382e-06,1.693536162106796e-10,0,4.002830973385781e-05
1381,0,-1.774471747396881e-08,6.512928563390046e-14,-5.776727050239831e-07,4.357149652322326e-07
1381,1,3.298617610339682e-06,6.654019517202295e-11,-1.510492861128985e-07,2.48276815207762e-05
1381,2,-4.682148479417435e-10,3.693666147816134e-19,-1.577720191105422e-09,0
1382,0,-7.363922633234154e-07,4.714116244028134e-12,-6.079145564403074e-06,1.881071768560804e-06
1382,1,3.258061799084715e-06,4.99702479023896e-10,-4.464942882277067e-05,3.904566001243281e-05
1382,2,1.358247690041463e-07,1.29929669411946e-13,-1.546398785364146e-09,1.089504500900468e-06
1383,0,2.390989937304174e-05,3.024459134704314e-09,0,0.0001693160252034139
1383,1,2.632000699376776e-05,5.898996452232158e-09,-3.081985701434885e-05,0.0002197275885058219
1383,2,0.0001156324171656151,9.119744141913766e-09,0,0.000247832705617363
1384,0,0.0001060849844799686,1.125566871922629e-08,0,0.0002149106108502349
1384,1,0.0001070042568000469,8.014937681331278e-08,0,0.0008560340544003755
1384,2,0.000459966614856895,1.35829819223836e-07,0,0.0008892885458941183
1385,0,0.0004577369450895728,1.320247546417442e-07,0,0.0008626535664046195
1385,1,8.752498695968852e-06,2.218561008515185e-10,-7.644979883742003e-06,3.947689001012793e-05
1385,2,7.415819065985749e-05,3.849660672031383e-08,-2.379977092259779e-09,0.0005932692067608961
1386,0,0.0001888795917655042,1.097159005357364e-07,-3.672297719470369e-07,0.0008615623576508176
1386,1,1.4048890010681e-05,3.014408164014156e-09,-4.434733025054488e-05,0.0001389039034915768
1386,2,3.78224373555644e-06,1.001523492286736e-10,-9.127942788542016e-10,3.025990306034591e-05
1387,0,-7.395391826731383e-08,3.828427418961974e-14,-5.916313461385106e-07,0
1387,1,-4.028878278304905e-06,6.755490938979143e-11,-2.463364541528861e-05,3.616925412529499e-07
1387,2,1.747646607235731e-05,1.202482297712873e-09,0,0.000104772668827089
1388,0,0.0001585421004857398,1.379714863398502e-07,0,0.001140511894579726
1388,1,0.001108765614665771,2.297124884026851e-07,0.0001516897833122721,0.002056687355241948
1388,2,0.0005736149179904608,3.331142341802914e-07,0,0.001270821296814238
1389,0,3.799398462297993e-05,2.406572332059298e-09,0,0.0001023569504652885
1389,1,1.953121007649938e-05,1.705928184360995e-09,0,0.0001284368195214662
1389,2,0.0003269270713339019,2.797103162461464e-07,-1.697857432463738e-08,0.001262432790733882
1390,0,5.84221054032009e-05,3.496474447098442e-09,0,0.0001566212295395111
1390,1,1.397710319855079e-05,4.63366567242971e-10,0,6.711158491635755e-05
1390,2,0.0002708811414788516,2.073826581738322e-07,-3.347418246245114e-09,0.001084347636488507
1391,0,2.363749876382599e-05,3.997260558868364e-09,-1.670772166145952e-06,0.0001909060645110577
1391,1,2.236872782170073e-05,3.426047102044252e-09,0,0.0001772238064128447
1391,2,4.292231444854693e-06,1.289676037042456e-10,-3.910218970059104e-09,3.4338415692662e-05
1392,0,2.026540718467608e-08,2.874807098525045e-15,0,1.621232574774086e-07
1392,1,-8.384919273371749e-06,3.05385893201803e-10,-5.263589431051322e-05,8.62142243871698e-07
1392,2,4.406310550155838e-06,5.82781511184119e-11,-9.386918555513639e-10,1.802775001729551e-05
1393,0,-2.370420016686829e-07,3.93322373885671e-13,-1.896336013349463e-06,0
1393,1,3.713745856812307e-05,7.086391383166523e-09,0,0.0002584843365276207
1393,2,1.173405208752723e-06,4.349677513925056e-12,-6.595656061789189e-09,6.291451813392224e-06
1394,0,2.700015430548698e-05,3.989813350787895e-09,-5.900342868551634e-06,0.0001937888457927508
1394,1,-4.779245808716229e-06,2.085538278062396e-10,-3.528245623880221e-05,7.266961687643866e-06
1394,2,1.083927794558366e-05,7.393536555805991e-10,-2.105592138305877e-09,8.269571684594059e-05
1395,0,-7.287862969573037e-07,8.321249535991502e-13,-2.696161539908358e-06,0
1395,1,4.933724457488521e-07,1.703914591569428e-12,0,3.946979565990817e-06
1395,2,3.820103743891696e-06,1.02228398111949e-10,-4.234054364280336e-09,3.057078167077607e-05
1396,0,-1.207329161461157e-07,1.02035059288015e-13,-9.658633291689253e-07,0
1396,1,3.175749425975337e-05,6.243112047204447e-09,-1.17220329560713e-05,0.0002395475425328819
1396,2,7.928776638489221e-06,4.401087554507447e-10,-2.601214062626965e-09,6.343338260116268e-05
1397,0,-8.222132790506709e-07,9.247586378924924e-12,-7.923568691560342e-06,3.474748028729499e-06
1397,1,-1.570940711364966e-06,2.107275945513611e-11,-1.332388971770361e-05,2.033182916462764e-06
1397,2,1.09869748822593e-06,8.4704055640865e-12,-7.662320380133079e-09,8.798878749268358e-06
1398,0,-6.258351102681584e-07,2.741687096710506e-12,-5.006680882145268e-06,0
1398,1,5.979585138946427e-06,2.23343423145487e-10,0,4.546615787854582e-05
1398,2,8.960513012569378e-06,2.44453565731836e-10,-8.409265463449423e-09,4.784092294955795e-05
1399,0,4.416196061208358e-05,3.860165333767132e-12,4.003888965707963e-05,4.67200844870147e-05
1399,1,9.163164443356015e-06,1.629630864612164e-10,0,3.440188721621649e-05
1399,2,5.23008547677744e-06,1.917628283012879e-10,-2.451961804011851e-08,4.186803524353842e-05
1400,0,-3.289133423687591e-07,7.337464895315694e-13,-2.592928124076347e-06,5.641193227574209e-08
1400,1,6.6406226702534e-05,1.84937072316583e-08,0,0.0004107365382812663
1400,2,0.0002931913426085629,1.45537121590219e-08,0,0.0003977721840463299
1401,0,0.00023188301964304,3.226299875343227e-08,0,0.0003720031515969911
1401,1,8.876839336948064e-05,2.791432012067986e-08,0,0.0005189184780958837
1401,2,0.0001892872277040857,7.239162403299997e-09,0,0.0002768648863619859
1402,0,0.0004109419572452366,5.36012906254406e-08,0,0.0006314296044285384
1402,1,-2.130263448469212e-06,4.113858426729019e-11,-1.901381647824904e-05,1.971708890495343e-06
1402,2,2.739833780842441e-10,1.30409111256754e-17,-6.197755807239502e-09,8.153823166838959e-09
1403,0,-1.414234298099364e-06,5.26239947800585e-12,-5.646630743393574e-06,9.552135540995007e-08
1403,1,1.790144864677611e-05,2.188720879113906e-09,0,0.00014167248533683
1403,2,4.698546547020072e-06,1.084830701805363e-10,-1.334517117340269e-08,3.179188821623562e-05
1404,0,1.385920350922694e-07,1.94087916021236e-13,-1.844543266639316e-07,1.293190607402087e-06
1404,1,0.0001259682062979767,4.893149758474284e-08,-7.589209595441942e-06,0.0005456533327335962
1404,2,0.0003038089732367229,3.295206179952886e-08,0,0.0004571253680339411
1405,0,0.0004617580429133914,7.158841926404476e-08,-1.174445860747005e-06,0.001057942179889299
1405,1,-2.537304917334853e-06,6.142039528802777e-11,-1.838656577684851e-05,1.087119602096751e-05
1405,2,1.737566422246438e-10,2.390756691877929e-19,-7.569142631431503e-11,1.465744564111466e-09
1406,0,5.46746813032449e-05,2.110959630850302e-08,-1.679440508298848e-06,0.0004390768909342581
1406,1,-2.555682717181652e-06,1.965439214799873e-11,-1.071201481612628e-05,0
1406,2,5.941598100873757e-05,2.110051297350548e-08,-6.57950837692158e-09,0.0004428054605079199
1407,0,1.467541133240688e-05,2.214930089711134e-10,0,3.172004271549187e-05
1407,1,5.231068487923089e-06,9.208296393587526e-11,-8.261171924629362e-06,2.18236778412963e-05
1407,2,-1.179894009539296e-09,8.35325871501465e-18,-8.807024676990215e-09,0
1408,0,-3.609354856988912e-07,5.303016622877778e-13,-2.051604386138055e-06,3.160908381852665e-07
1408,1,2.786658602324912e-05,5.618806030620195e-09,-2.063915551137418e-05,0.0002236983252722332
1408,2,7.045915688458338e-05,5.733786573445902e-09,0,0.0001918252258874819
1409,0,5.480381052975707e-05,5.006068078975575e-09,0,0.0001470774481250162
1409,1,8.705707374953148e-05,5.634767131537019e-08,-1.903315621468666e-05,0.0007147208343999135
1409,2,9.61314203524468e-05,1.062597797980551e-08,-4.969180094717144e-10,0.0003101915650668895
1410,0,0.0001795829708223251,1.072786632188353e-08,1.345971878506823e-06,0.0002863468522555182
1410,1,2.136837011290954e-05,3.046213958419495e-09,-1.137454225155112e-36,0.0001673610188093795
1410,2,5.013694271215796e-05,5.495103815485682e-09,-3.906132766716528e-09,0.0002143275235632188
1411,0,1.086583884918381e-05,7.470556560944337e-11,-7.681678841097074e-07,1.850893505327372e-05
1411,1,2.311643426664665e-06,3.740586732429369e-11,0,1.849314741331732e-05
1411,2,2.207018862915145e-05,1.025588195826916e-09,-8.18489191577906e-10,0.0001003586859487348
1412,0,2.262843136036872e-06,3.583051398282606e-11,0,1.809993857593363e-05
1412,1,9.152576125619256e-07,5.614728056203707e-11,-1.486566741690735e-05,1.27891619488868e-05
1412,2,2.416681048427743e-06,1.992285765469215e-11,-2.058985747715728e-09,1.276467670327276e-05
1413,0,9.499353147310632e-07,6.939693869313622e-12,-4.668322565785048e-06,4.153242251928067e-06
1413,1,-1.875309708979198e-06,4.54582255705819e-11,-1.911999524543633e-05,3.517738718086409e-06
1413,2,6.163398329425434e-06,1.215012393262891e-10,-1.568767431810324e-08,3.34380694986095e-05
1414,0,5.261701783362119e-06,1.68364002664568e-11,0,9.310474245327679e-06
1414,1,2.602399824891273e-05,7.00974289297319e-09,-2.124091059795342e-05,0.0002464833404203862
1414,2,-1.494792791521031e-09,1.995846954635604e-17,-1.23099613644862e-08,4.441791376642574e-09
1415,0,6.98106573366988e-07,4.391120458934254e-12,-8.423514243360538e-07,6.185449440344183e-06
1415,1,7.167861863619623e-05,2.881607641579021e-08,-4.254290037379821e-06,0.0005188557621638303
1415,2,0.0004192210154014983,2.629694204631295e-08,0,0.0005195764520130385
1416,0,0.0005152789003460222,1.066357174059346e-10,0.0005077803350392719,0.0005410082594857099
1416,1,9.484079202285128e-07,4.37205842486763e-11,-1.352785927083947e-05,1.100215925148101e-05
1416,2,8.959300092101554e-06,1.441361415855262e-10,-1.287630484884025e-09,3.790440273750324e-05
1417,0,4.763116487683839e-06,3.784422250533919e-11,0,1.311290678507709e-05
1417,1,-1.388779817531277e-06,1.142284813242544e-10,-2.638225091896314e-05,1.527201237871293e-05
1417,2,4.559315013358524e-06,1.455529161141675e-10,-2.647883843153443e-09,3.647906445074279e-05
1418,0,1.995210190310676e-06,2.567531030948778e-11,-6.58673235224308e-07,1.532478776294934e-05
1418,1,1.358580274547383e-05,3.84741231776611e-10,0,5.093345835682225e-05
1418,2,1.856521953425858e-06,1.034767417167716e-11,-1.637778026895539e-09,7.562727278838323e-06
1419,0,5.094492842938502e-06,4.3757300063445e-11,0,2.042859679077244e-05
1419,1,7.523768102788058e-06,3.565196639307982e-10,-1.983407748986168e-05,4.245554897759816e-05
1419,2,3.992232077747508e-06,1.100245570478939e-10,-9.417307344852007e-10,3.174372541223828e-05
1420,0,1.000611994876196e-06,5.765358225507905e-12,-9.784054043781752e-08,7.332748308217401e-06
1420,1,2.055041794177787e-06,2.277625957389998e-11,0,1.461126229571792e-05
1420,2,-1.262300875613208e-09,7.620039243552827e-18,-8.100053116207761e-09,8.970039060915e-10
1421,0,2.374862216487388e-05,3.33556466590505e-09,-1.33076321028711e-06,0.0001759777861146123
1421,1,7.17808456204044e-05,4.984285134211567e-09,0,0.0001607132256973904
1421,2,0.0001138702580461613,3.254195985403598e-09,0,0.0001889001665634417
1422,0,4.204569862896728e-07,2.030485475249769e-12,-2.285763516347591e-06,2.855426360366269e-06
1422,1,1.291418560290971e-05,1.438550534825639e-09,-2.514217897734742e-05,0.000109427802376484
1422,2,1.415866256490161e-05,7.354806428167641e-10,-1.480596306908046e-08,7.978225143724715e-05
1423,0,1.34900896159916e-07,2.2329439884952e-13,-6.067098830566298e-07,1.110059788985076e-06
1423,1,0.0001719870418330573,4.454272404045207e-08,0,0.0006134965439178296
1423,2,0.000101183659681678,3.811023869441479e-09,0,0.0001589412346857419
1424,0,0.000143839615214513,2.961043066661806e-09,0,0.0001677087805554008
1424,1,5.712585703395279e-05,1.794957448451383e-08,0,0.0004091631509178744
1424,2,0.0002314707722635316,3.223436320972348e-08,0,0.0003817425986802216
1425,0,0.0002529068902705653,2.358952666307347e-08,0,0.0003628001678859584
1425,1,7.447919595569012e-06,3.039069705524266e-10,0,5.324311344678704e-05
1425,2,2.719806000259984e-05,5.178177347523536e-09,-5.108931917223826e-10,0.0002175851431581308
1426,0,-8.126769509432148e-08,3.964770722294704e-14,-6.067400362439227e-07,0
1426,1,4.891052081726941e-05,1.033409285342776e-08,0,0.0003080231441926715
1426,2,7.949307935211892e-05,1.895984182441333e-08,-3.19974213524482e-09,0.0003356834173650966
1427,0,6.50858717703742e-05,1.496211966153617e-08,0,0.0003552878402407531
1427,1,5.445785170743587e-05,2.026895476387073e-08,0,0.0004311220048914845
1427,2,4.606778031690649e-05,6.357025929420391e-09,-2.162740785314875e-09,0.0002031220109229765
1428,0,-1.253851627392694e-07,1.100500732460715e-13,-1.003081301914155e-06,0
1428,1,2.804015025722046e-07,5.503750185132505e-13,0,2.243212020577637e-06
1428,2,-1.152549914562233e-09,4.701613838852589e-18,-6.781530788882784e-09,0
1429,0,0,0,0,0
1429,1,3.556780635216102e-05,9.393000075993786e-09,-1.095834138149738e-05,0.0002917714137612266
1429,2,0.0001317547424419568,1.815297363118496e-08,-5.156901429281072e-10,0.0002971910311182569
1430,0,0.0002570847470395131,9.455685125404819e-09,0,0.0002983782606473347
1430,1,0,0,0,0
1430,2,6.297166161144709e-06,2.775785143876887e-10,-4.233466592820816e-10,5.037720246210705e-05
1431,0,-5.164463744912058e-07,8.154687752813068e-13,-2.313318947065944e-06,0
1431,1,1.162415678494561e-05,1.034113304897623e-09,-3.653158184369553e-06,9.664641246393441e-05
1431,2,2.314838362574655e-06,3.750420335884283e-11,0,1.851759808398613e-05
1432,0,2.020455297027911e-05,2.857567725101701e-09,0,0.0001616364237622329
1432,1,2.385246899739557e-05,3.415429647675032e-09,0,0.0001783391158536535
1432,2,7.316012317008776e-05,1.153661434955844e-08,-6.508995583347167e-09,0.0002969921703573766
1433,0,0,0,0,0
1433,1,8.498433596215563e-06,1.721977313338851e-09,-6.842340451370504e-05,7.339229120807662e-05
1433,2,1.605067004238319e-05,4.298235051828789e-10,-2.256259647541673e-09,4.40495711029136e-05
1434,0,3.458703179924312e-05,4.050524023818774e-10,0,4.948614866026814e-05
1434,1,1.648531464178197e-08,1.931998264382836e-10,-3.382510109308213e-05,1.34073174662034e-05
1434,2,4.497851841668408e-05,7.399942031021229e-09,-3.671891955003612e-10,0.0002671110805894267
1435,0,6.382135220404337e-05,4.061047031517514e-09,0,0.0002193297787993507
1435,1,2.17389564662851e-05,1.479814864289893e-09,-5.431913852211126e-06,0.0001062300741757191
1435,2,1.321669423877457e-09,1.70968341161494e-17,-5.159921130296302e-09,9.891419150383864e-09
1436,0,7.956270903465909e-06,4.578563367324888e-10,-1.896783319763187e-06,6.45125898884103e-05
1436,1,4.011389508640229e-06,7.23157613411458e-10,-4.006807957340343e-05,6.527775799466385e-05
1436,2,3.609457041300428e-06,9.110597750955757e-11,-1.473938848214795e-09,2.886300579382583e-05
1437,0,8.5071177986225e-06,5.06597372677478e-10,0,6.805694238898e-05
1437,1,6.093488184030074e-05,1.397515192308952e-08,-4.356237609097546e-05,0.0003354541469821611
1437,2,0.0002798824582353085,1.351333165927399e-08,-1.286535535657604e-08,0.0003930016029673729
1438,0,0.0003411720302204956,3.008361608638804e-09,0.0001991306152360771,0.0003903312155322035
1438,1,9.004196168511243e-06,1.834664835865541e-09,-3.178159831924177e-05,0.0001182255904661128
1438,2,3.008375578225947e-05,2.558576559983868e-09,-9.39150215678776e-10,0.0001317126397017579
1439,0,2.462726923820419e-06,7.510071492587752e-12,0,6.719403780445277e-06
1439,1,3.222987185884839e-06,1.756824534158553e-11,0,9.320743581641714e-06
1439,2,7.238393282665189e-07,3.656083976627487e-12,-9.809044649646591e-10,5.782741526955736e-06
1440,0,1.970047275093992e-06,1.165640845348231e-11,0,8.109532992088988e-06
1440,1,1.785451980608791e-05,2.144077664872459e-09,0,0.0001403448819169038
1440,2,1.708702570163451e-05,9.057913103854223e-10,0,9.060880734134361e-05
1441,0,7.555259765950185e-06,3.941197696487131e-11,0,1.775427993287804e-05
1441,1,8.73854906222755e-06,1.914347416359502e-10,0,4.129612727575706e-05
1441,2,6.200860943487854e-06,2.691687118569027e-10,-9.26428717743509e-10,4.960801452870811e-05
1442,0,1.219581880424635e-05,4.55774084344736e-10,-9.528441371914353e-07,4.946532698294382e-05
1442,1,6.309681709220564e-05,2.968519445070723e-08,-2.268036463718651e-05,0.0005184022428948145
1442,2,4.879117259250844e-05,2.675588728536435e-09,0,0.0001595595917883693
1443,0,2.163143671233591e-05,1.107717311214702e-09,0,9.953058167667536e-05
1443,1,2.124435578126692e-06,1.471824073497302e-11,0,1.152125568218814e-05
1443,2,4.133891796112125e-05,2.31020944403137e-09,-3.023424200963083e-12,0.0001419973998810518
1444,0,1.386962199860871e-05,5.395163192182445e-10,0,5.501639593396249e-05
1444,1,1.589420085903415e-05,1.158119725265306e-09,-3.564790412148867e-05,8.03889028293528e-05
1444,2,3.477620012946747e-06,8.471653207292062e-11,-8.420737658360073e-09,2.782953311298875e-05
1445,0,3.573426432357115e-05,3.857561084518355e-09,-5.037923774738493e-07,0.0001438713888915416
1445,1,3.075569422946298e-05,6.621389092753559e-09,0,0.0002460455538357038
1445,2,0.0001033852436481818,8.376693154180808e-09,0,0.0002520246610899732
1446,0,0.0001244275130203118,7.651040204059207e-09,0,0.0002947494070847196
1446,1,6.240469101312737e-05,2.450187979391168e-08,-6.996422005472711e-36,0.0004761902782426972
1446,2,7.522082904293715e-05,1.232898097740565e-08,0,0.0002765877674671805
1447,0,8.312338873363495e-05,6.910009139576782e-09,0,0.0001675093180969648
1447,1,1.455611357524524e-05,4.16074778264479e-10,0,6.55621716771539e-05
1447,2,0.0001018835653252025,2.751131087517099e-08,0,0.0005117319573711317
1448,0,0.0001207631952532726,3.310119110985324e-08,0,0.0004313843244797301
1448,1,8.739354853312455e-06,5.346342627648117e-10,0,6.991483882649964e-05
1448,2,6.420472079336491e-05,2.885533660878546e-08,-1.307819674424929e-09,0.0005136347556554858
1449,0,0.0002950375343150193,4.139904247462588e-08,2.380325188882087e-05,0.0006443858160029318
1449,1,-1.53160447348956e-06,2.762717482937705e-11,-1.213951405995437e-05,6.873951402897039e-06
1449,2,-5.972975979952338e-10,1.077073774105887e-18,-3.01350381735132e-09,0
1450,0,-1.228907259746939e-07,7.282283630033202e-14,-7.856537983039913e-07,8.381569558925319e-08
1450,1,7.498381487881535e-05,2.709915599556163e-08,-4.30079283991457e-05,0.0004779737734712129
1450,2,8.946105000894957e-05,8.69140815056707e-09,-1.027329626375544e-09,0.0002438722362742369
1451,0,0.0001824444528823232,1.109656983263196e-08,0,0.0002443869931746144
1451,1,6.3506157822802e-05,1.081990112579533e-08,-2.413734325765387e-05,0.0002718521752337317
1451,2,8.454411288355081e-06,5.006016720616976e-10,-9.195613800223758e-09,6.76507932690106e-05
1452,0,3.365143661979211e-05,3.024805643496905e-09,0,0.000177661311077698
1452,1,1.164143316000958e-05,7.919376860151381e-10,-6.011780499693733e-07,8.576631901981915e-05
1452,2,2.038205275177652e-05,1.353780813189434e-09,0,0.0001127196159330195
1453,0,3.460362844933396e-05,1.996010690782885e-09,0,9.334754757044512e-05
1453,1,4.980684720186842e-05,4.240143026103757e-09,-7.966324310226856e-06,0.0001454683894578827
1453,2,3.113176232705919e-07,6.825275368651826e-13,-3.789974311825169e-09,2.497108339871607e-06
1454,0,4.972841678518845e-05,8.49566217236985e-09,-3.957613124855997e-08,0.0002783453292787659
1454,1,3.042783644255328e-05,2.777576546724175e-09,0,0.0001219709993845161
1454,2,0.0001018399200380767,2.446685848254064e-08,-1.591974775897986e-09,0.000485883582439964
1455,0,-5.803614190111355e-08,3.371018227185945e-13,-1.456760945677793e-06,7.298033812912923e-07
1455,1,9.147907646684289e-05,1.890220255621345e-08,0,0.0004065802842363498
1455,2,9.812080823447112e-05,2.889701430572124e-08,-1.415493607745583e-09,0.0004000203557469489
1456,0,0.0003008130817190394,3.591382745436058e-08,0,0.0005068713944810131
1456,1,0,0,0,0
1456,2,0.0001144861062923811,3.137932563500571e-08,-9.308412508188031e-09,0.0005180706182600385
1457,0,5.656247117267833e-05,4.459820017239298e-09,-1.113050279247436e-06,0.0002174986765127578
1457,1,2.734911953440297e-05,2.662006766422197e-09,0,0.0001562978521668951
1457,2,0.0001865459815679993,4.141338685942565e-08,-5.177377782194212e-09,0.0004910008570108009
1458,0,2.930968982988598e-06,1.698726406598193e-11,-1.086704063093188e-06,9.541953140215824e-06
1458,1,0.0001138727568116812,7.00674775441814e-08,0,0.0008105805793514495
1458,2,0.0002023699708220771,4.111716266166563e-08,-5.309869162084936e-09,0.0004264983138135953
1459,0,0.0002368786184850419,3.758038130328738e-08,0,0.0004828004729145736
1459,1,1.011206055051888e-06,4.618568888174169e-12,0,6.626431528367798e-06
1459,2,6.791633137651037e-05,1.619612058752881e-08,-4.855060220317192e-10,0.0003783769880019603
1460,0,0.0001674267681732713,5.577697441179811e-08,-2.812347123416436e-07,0.0006466066743397712
1460,1,1.180637815732877e-05,3.611197761075573e-10,0,4.798219246263223e-05
1460,2,3.449669986532133e-05,7.7262315446919e-09,-2.343689455244619e-09,0.0002669235254733161
1461,0,3.393634844635402e-06,2.472662871620984e-11,-1.361463077979738e-06,1.240098571574112e-05
1461,1,4.585126802560569e-05,7.337128121185482e-09,0,0.0002670050374010389
1461,2,1.737033635601862e-05,7.963341540802501e-10,-3.282028880075508e-09,7.321865203035092e-05
1462,0,3.945966070373716e-05,1.572746527069334e-09,-6.183647340574962e-07,8.287382513697594e-05
1462,1,5.775024187410223e-05,1.548473092966628e-08,0,0.0003823495974234944
1462,2,0.0002119033403153718,5.027143194406853e-08,0,0.0006927904195942471
1463,0,0.0002850771019040652,2.821402528966153e-08,0,0.0004229367697504224
1463,1,3.454298050060667e-05,7.515862553768255e-09,0,0.0002638348962018275
1463,2,1.129627290850192e-06,5.974377771516346e-12,-1.291392817907085e-09,7.460101375686742e-06
1464,0,3.93593046548323e-06,1.620309175800005e-11,0,1.005617995435731e-05
1464,1,1.896478688265051e-05,2.332549305462239e-09,0,0.0001466974931637745
1464,2,4.11653756979032e-05,6.744563538943246e-09,-2.210248429952747e-08,0.0002535886589083487
1465,0,5.395983995290094e-05,2.028432749504106e-08,-5.326611484847489e-06,0.0004306495188179816
1465,1,4.096035477784624e-05,5.560755333175613e-09,0,0.0002183738434708784
1465,2,7.218900918019359e-05,1.384653446636163e-08,-6.136494712988246e-09,0.0003212836480157563
1466,0,-4.403127187207683e-07,1.928693741500799e-12,-4.082515935748787e-06,5.600141859826404e-07
1466,1,9.242816831769936e-08,1.411380426616268e-12,-2.265029542891092e-06,2.428416875079064e-06
1466,2,2.899718277476391e-05,3.203201710040997e-09,0,0.0001681691021136142
1467,0,-1.09581417212441e-06,2.418091667521395e-11,-1.345596093270793e-05,4.689447555712648e-06
1467,1,1.745734094412913e-07,1.418278607486401e-11,-6.809398004547308e-06,8.205985280077639e-06
1467,2,1.292134947789254e-05,1.168818056648131e-09,-6.382826454705635e-09,0.0001033742447919089
1468,0,5.003074274120766e-05,2.544688288187896e-09,-1.551781650256971e-06,0.0001033760556250868
1468,1,8.839088390482242e-05,2.374091108362438e-08,0,0.0004759407948503074
1468,2,0.0001912804920735421,1.549043589896708e-08,5.158723818896102e-10,0.0003346637302937131
1469,0,0.0001980501816119702,1.491818928313513e-08,0,0.0003341624500315274
1469,1,-5.065435083216645e-06,1.131782782199744e-10,-2.897925023592907e-05,4.333915511185455e-06
1469,2,2.279560292799085e-05,1.005971693877604e-09,-1.359319037759385e-08,8.792504014602459e-05
1470,0,8.960061420486563e-05,1.617953545299015e-08,0,0.0004130159190979596
1470,1,2.692451903706019e-06,1.529748889272146e-11,-6.801975303462545e-36,1.066914217709962e-05
1470,2,7.71151775668056e-05,6.372865186769322e-09,-2.135373362426887e-09,0.0002532287743838605
1471,0,6.885423867513342e-05,1.690532235683362e-08,-1.561067179487621e-06,0.00040216282451838
1471,1,9.421941607450169e-06,3.303130192545267e-10,0,5.640132989615056e-05
1471,2,-2.117467036112757e-10,1.71169521590866e-18,-2.83163054800682e-09,2.210057858284575e-09
1472,0,7.049597619278188e-08,3.527602376836611e-14,-3.441923003769522e-09,5.674097325460245e-07
1472,1,-3.392999510279021e-06,4.664907279471465e-11,-2.040998985216241e-05,2.420855547725703e-07
1472,2,3.922799258661018e-07,1.070749188262465e-12,-3.25855642635303e-09,3.130014344434758e-06
1473,0,9.174834429337049e-07,7.383695016541586e-12,-2.132349164127669e-06,6.932189687595425e-06
1473,1,-2.438292854031801e-06,4.445662555619982e-11,-1.991571072479042e-05,2.00688483358981e-06
1473,2,1.779754561868192e-09,2.587668213413467e-17,-6.309156351161666e-10,1.521977128057917e-08
1474,0,-6.668324228761412e-08,5.604631082415915e-13,-8.612577323674807e-07,1.628606626641874e-06
1474,1,4.060064328940853e-05,5.330104380451384e-09,-7.897483988344166e-06,0.0001979844903443442
1474,2,1.472951171061058e-05,1.003595867061848e-09,-5.221769137026142e-09,9.647796629157461e-05
1475,0,1.602541210652941e-05,8.759721723000018e-11,0,2.344347796703115e-05
1475,1,-4.568547012531626e-06,1.23662955818066e-10,-3.096241685122221e-05,9.283783708015272e-06
1475,2,1.908567257802649e-05,6.381170186492609e-10,-7.650914238226846e-09,6.072153412328432e-05
1476,0,2.214888951754264e-06,6.179454919923074e-11,-3.219155634806743e-06,2.279864653956882e-05
1476,1,9.020863451068991e-05,5.670270615227471e-08,-1.499814650296277e-05,0.0007198648843910688
1476,2,0.0002036883589102974,1.111434158753836e-08,0,0.0003690511727622585
1477,0,0.0001421478803697952,1.213047415659609e-08,0,0.0002313411473549542
1477,1,5.682889787811051e-05,1.194427320887973e-08,-4.828284083625852e-06,0.0003193283221981748
1477,2,6.867045328043374e-05,1.1150319030136e-08,0,0.000330416078360867
1478,0,4.703488036619453e-05,2.212712208636466e-09,0,9.520948257190923e-05
1478,1,9.690000758318667e-07,3.755630169705928e-10,-3.489926954359164e-05,4.235527353551437e-05
1478,2,1.209385711524016e-05,5.984378813256051e-10,-2.697157978374566e-09,7.36526231254407e-05
1479,0,4.679647098387568e-05,1.151275670076974e-08,0,0.0003300896690397499
1479,1,-6.621563616075248e-07,1.226840683103293e-10,-2.44236043258574e-05,1.763025899668524e-05
1479,2,2.525731780614113e-05,1.918373020884606e-09,-8.922083524270995e-09,0.0001050470131138179
1480,0,4.316614155092095e-05,1.234017358846582e-08,-3.324172667673866e-06,0.0003368040309536511
1480,1,2.166910291548295e-05,2.456410748465557e-09,0,0.0001514146749991633
1480,2,1.665136796137204e-05,1.65739855209784e-09,-1.475485820681342e-08,0.0001240711202629
1481,0,1.024700941702434e-07,1.217103276740374e-13,-3.669611898158223e-07,9.241695136079154e-07
1481,1,0.0001464893270428149,7.838737499283933e-08,0,0.00082268505204991
1481,2,1.244169313979459e-05,4.719891692660141e-10,-6.884361726680789e-09,6.686548606985524e-05
1482,0,2.062325364044384e-05,1.33302646132669e-09,1.319551998605359e-07,0.0001167308251363711
1482,1,2.546981861695913e-06,1.693615321401966e-11,0,1.18219641489536e-05
1482,2,-4.471559134392195e-09,5.568554567818278e-17,-2.222321806915296e-08,5.283837022271197e-10
1483,0,6.580635204947498e-08,2.22958883142485e-13,-6.532187095360876e-07,1.179669525931887e-06
1483,1,4.255380563283305e-05,1.200631663732937e-08,0,0.0003324230167672852
1483,2,0.0001591898267900721,5.912568811446047e-09,0,0.0002314377086761662
1484,0,0.0001620917118100096,8.759569161470324e-09,0,0.0002192587891258275
1484,1,0.0001156647345799198,9.334847598534954e-08,-2.210346963318801e-07,0.0009240195328666346
1484,2,2.655934382494748e-06,4.948072709242732e-11,-1.644548344047489e-08,2.126681550284399e-05
1485,0,2.672369359355042e-05,5.024284324192498e-09,-4.703396311695794e-07,0.000214259888379573
1485,1,1.087806036195043e-05,8.283253806676595e-10,0,8.702448289560341e-05
1485,2,1.272607900369206e-06,1.137803195165834e-11,-9.927487023765183e-09,1.019707449709789e-05
1486,0,6.892731681699396e-06,7.651596086778765e-12,0,9.600514330890308e-06
1486,1,5.134424476594024e-05,8.259206864965541e-09,0,0.0002428209346887317
1486,2,0.0002497373405063559,2.181246915395416e-08,0,0.0004725487291602467
1487,0,0.000119012563291238,1.416648527514835e-08,0,0.0002399866726212216
1487,1,1.712247916970452e-06,9.660333584708113e-12,0,9.588785177637808e-06
1487,2,1.651188047056726e-05,1.881644142853517e-09,-4.633491904022969e-09,0.0001312768435894079
1488,0,5.993836257544476e-05,1.078239910505956e-08,-7.003269043138707e-08,0.0002410191022284705
1488,1,-1.13970838868383e-06,2.57378137174381e-11,-1.422236817302314e-05,3.255645813381527e-06
1488,2,1.579686228353116e-06,1.664412533383101e-11,-2.67433343906001e-09,1.237112332423616e-05
1489,0,4.201759347637238e-06,2.979717914189141e-11,0,1.258510519722834e-05
1489,1,2.396211191291912e-05,3.372305117194634e-09,0,0.0001771767377954671
1489,2,-4.586383337306582e-10,1.104222648247472e-18,-3.210308087406909e-09,0
1490,0,3.245976315607973e-05,6.820466541472725e-09,-2.806752361799249e-06,0.0002506907314904512
1490,1,4.957440438387113e-07,1.204908232038137e-12,0,3.350633677850939e-06
1490,2,-1.779552949416052e-09,7.364238197946267e-18,-8.385966653896891e-09,0
1491,0,3.145548555507275e-05,6.980325477836087e-09,-5.853200105633208e-07,0.0002525025883007864
1491,1,3.244339043123327e-06,3.012424883950306e-10,-2.468087161102203e-05,4.296058089696876e-05
1491,2,3.694106359426874e-06,9.554685616203874e-11,-2.306235687591134e-09,2.955581530023185e-05
1492,0,0,0,0,0
1492,1,0.0001031659688478903,7.41770187858147e-08,-3.877327316693989e-06,0.0008237251437194662
1492,2,0.000346807150636004,1.093695314265071e-08,0.0001051135145158762,0.0004252098746422682
1493,0,0.0003941644745366725,6.755716581366505e-12,0.0003885597993203645,0.0003974977830596067
1493,1,4.917281048949281e-06,5.381079737600876e-11,0,1.758353939435222e-05
1493,2,1.335778975539461e-05,3.905248635199366e-10,0,5.52262124902766e-05
1494,0,1.718610294556975e-05,2.963239221264307e-10,0,3.577178719079519e-05
1494,1,8.487668587750202e-06,2.438803395508863e-10,0,4.646014073821792e-05
1494,2,1.303467501498749e-06,6.730358487143666e-12,-7.294593032637009e-09,7.763912068266031e-06
1495,0,9.626616199202311e-06,2.160885695510323e-10,0,3.5368635653086e-05
1495,1,2.246844134232649e-05,1.683508064376026e-09,-2.731107500924351e-05,0.0001192831837215318
1495,2,1.718580677466529e-07,2.110644144106371e-13,-7.892254699842224e-09,1.387345511492727e-06
1496,0,4.282139160048656e-06,1.526589759058897e-10,-1.80259457686606e-06,3.693177077522614e-05
1496,1,-1.454228629130358e-05,7.564040452918679e-10,-5.811748268559779e-05,2.973705916229886e-05
1496,2,4.984665482467997e-07,1.747180158586237e-12,-7.105563955323926e-09,3.995640324222868e-06
1497,0,2.948425090159723e-06,4.217378449142272e-12,0,5.983107484695942e-06
1497,1,1.078531994298161e-05,2.978001078150024e-09,-9.714729440129182e-05,0.0001089770195428425
1497,2,1.39480434224019e-05,5.320310421517329e-10,-4.558771414521432e-09,6.586349073141982e-05
1498,0,5.509767644332303e-07,3.44645453026618e-12,-2.352772980913258e-06,3.73949962980713e-06
1498,1,2.93332376769975e-06,5.717906056127622e-10,-4.183268937929042e-05,4.518694860765973e-05
1498,2,1.786093017957116e-05,1.441568123240255e-09,-1.098775890742527e-08,0.0001167128128906821
1499,0,7.302866464154083e-05,3.201727066409378e-09,0,0.0001197791745371484
1499,1,7.050042821396706e-07,1.499003827324373e-12,0,2.997901515940723e-06
1499,2,9.009777282000287e-05,6.428835119869244e-09,-2.089104312033945e-09,0.0002188271370992686
1500,0,3.735068785007894e-05,2.326441005302853e-09,0,0.0001022506327396306
1500,1,4.147206106304682e-05,1.692202031096019e-08,-5.101933758403108e-05,0.0003827958260884056
1500,2,0.0002543921190077469,1.55343205217662e-08,0,0.0003967064081589943
1501,0,0.0001612581765098735,2.016410628662761e-08,0,0.0004114565429586633
1501,1,-1.41092420682052e-05,7.844769997868867e-10,-7.828191676347436e-05,6.599798148615823e-06
1501,2,1.942496613596093e-06,2.638921220743537e-11,-3.202552766702651e-09,1.553383237216336e-05
1502,0,3.700474158439171e-05,9.63025389854101e-09,-6.040628249176793e-07,0.0002966419955000514
1502,1,8.664253982008983e-06,2.183558868602943e-09,-5.491414041615458e-05,0.0001226828202926378
1502,2,-2.851715603807592e-10,1.004525798058124e-18,-2.884885016328401e-09,6.035125332823271e-10
1503,0,-9.400203793776775e-08,6.18546819551747e-14,-7.52016303502142e-07,0
1503,1,4.490892618589632e-07,6.960877009944668e-13,0,2.399827695084541e-06
1503,2,1.937274148277379e-06,2.631359503793831e-11,-7.966949762038824e-09,1.55091233180385e-05
1504,0,7.434823889683977e-05,1.507221877061428e-08,-4.301062586166387e-07,0.0002978510756414233
1504,1,0.0001596743491721205,5.226297104601764e-08,0,0.0006808331305925439
1504,2,0.0001872332940886791,8.230583003634171e-09,1.243704964630824e-08,0.0002760185324740722
1505,0,1.72945026852686e-08,2.970014426961553e-12,-3.377047244515559e-06,3.515403265997708e-06
1505,1,1.928660442627926e-06,4.034368595337887e-12,0,6.302149681352187e-06
1505,2,5.992283636892238e-05,1.024488746254851e-08,-5.451726881830808e-09,0.0002910691487303598
1506,0,-4.111704861793665e-07,6.14141893754612e-13,-1.775119639034697e-06,2.348725677934869e-07
1506,1,0.0001684792059264244,5.283826680645717e-08,0,0.0007070626347020407
1506,2,0.0001971366019847767,4.032766478000405e-08,0,0.000435758268362747
1507,0,0.0003333328996318995,2.394155372860232e-08,0,0.000424092325351683
1507,1,5.23194935434717e-05,1.494530345040355e-08,0,0.0003733915353011431
1507,2,0.0002430075774209356,6.422949400360936e-08,0,0.0006026663179262765
1508,0,0.0006544327184593638,1.507146373426562e-07,0,0.001102788613062045
1508,1,9.270641218766911e-07,2.629288407357727e-12,0,4.159675357935221e-06
1508,2,0.0003612120198238426,1.924157900777996e-07,0,0.001162735601397751
1509,0,0.0002604897877397747,2.141804130870256e-07,-2.527856074230138e-07,0.001253182726564042
1509,1,-1.561137133496837e-06,1.706004404707906e-11,-1.24890970679747e-05,0
1509,2,3.564701352570622e-05,8.895275090145127e-09,-4.793649510066022e-09,0.0002851804293502164
1510,0,-8.19693524747769e-08,2.806333566064591e-13,-1.391744364603374e-06,5.813324968868405e-07
1510,1,-1.002019904906333e-05,7.028307228799483e-10,-8.016159239250668e-05,0
1510,2,0.0001673091170276833,9.078881294445284e-08,0,0.0009423266955768494
1511,0,5.387801052946468e-06,1.994940004653025e-11,0,1.009066509624342e-05
1511,1,0.0001011645133802869,3.237580899810808e-08,0,0.0004893343685303376
1511,2,7.692391945658182e-05,4.053574975125767e-08,-1.221450267633757e-09,0.0006095823039658954
1512,0,2.580627019679991e-06,2.133412040284424e-11,-2.143565132005994e-07,1.221117264165122e-05
1512,1,2.117498450293214e-07,3.138659780895914e-13,0,1.693998760234571e-06
1512,2,9.757797221802559e-06,5.504023708573254e-10,-1.00489836027771e-09,7.170365366273614e-05
1513,0,2.327136083144369e-06,5.255593191848657e-12,0,5.740606591132531e-06
1513,1,-2.404885612881707e-08,6.198281569219294e-10,-5.149026548825915e-05,4.630570987371631e-05
1513,2,-9.479283413917488e-11,1.540097630024129e-19,-1.092060440948123e-09,3.337177678347242e-10
1514,0,-2.286874887596859e-07,3.660857726064803e-13,-1.829499910077488e-06,0
1514,1,-1.707790818501749e-05,2.041584635831212e-09,-0.0001366232654801399,0
1514,2,-4.958786660667249e-10,7.459351368716238e-19,-2.16515367429812e-09,0
1515,0,-6.552317263297374e-07,5.958884085027135e-12,-5.329813492262712e-06,3.60717670990592e-06
1515,1,-8.625740034491716e-06,1.871871393173823e-09,-8.825818424672433e-05,7.125147723393087e-05
1515,2,5.449151268660915e-05,4.477589025638991e-09,-3.715313151411053e-09,0.0001951157343159351
1516,0,6.377038176244092e-05,2.442825601993469e-09,0,0.0001039924037218302
1516,1,8.748310697543997e-06,1.434593107642332e-10,-1.073342160033946e-06,2.879096223755896e-05
1516,2,3.157793218652263e-05,1.375083319874139e-09,-1.178832086978544e-11,9.169769921863147e-05
1517,0,1.399510834115768e-05,1.328395550077737e-09,-2.588902598309396e-06,0.0001101796518793475
1517,1,0.0001186439239582693,3.765316703333049e-08,0,0.0005663120167494227
1517,2,5.086416706760976e-06,1.811782867324032e-10,-4.769488315667469e-09,4.069888627236712e-05
1518,0,3.251209461214264e-06,1.285135557649106e-11,-1.004373061967575e-06,8.232412493579292e-06
1518,1,5.894844942548408e-05,1.325937729973683e-08,-2.144046869133336e-05,0.000322206402264037
1518,2,1.744195490053066e-06,2.132202712199492e-11,-3.401752553704886e-09,1.396115829386072e-05
1519,0,-1.350056361371569e-07,7.949385956426345e-13,-2.260788688190743e-06,1.180743599093488e-06
1519,1,1.303484597369106e-07,1.18935046690495e-13,0,1.042787677895285e-06
1519,2,6.399355400509557e-11,2.866622467942159e-20,0,5.119484320407646e-10
1520,0,1.156767465059121e-05,1.238624429487487e-09,-1.125217027652194e-05,0.0001041641728834433
1520,1,4.584895370088966e-07,1.471488588826427e-12,0,3.667916296071173e-06
1520,2,3.464051650526437e-06,8.399813162277152e-11,-1.885234923487717e-09,2.771249315955202e-05
1521,0,-1.543235223793657e-07,1.66710246917022e-13,-1.234588179034925e-06,0
1521,1,7.547239446222762e-06,2.217170304150406e-10,-2.752339349386126e-06,4.525484549631026e-05
1521,2,7.232465293800509e-07,3.679656564621245e-12,-7.482871283363929e-09,5.798436584695069e-06
1522,0,7.341718678682647e-07,1.620183028248563e-12,0,3.0490802388744e-06
1522,1,-1.011037786280367e-06,7.256244383573004e-11,-2.184462961886767e-05,7.302333808549257e-06
1522,2,-2.921489600649041e-09,2.038539920390827e-17,-1.090197188683967e-08,3.203507439796309e-09
1523,0,-1.069258211700264e-06,5.215396718890389e-12,-6.94945298519625e-06,0
1523,1,-1.809141912407879e-07,7.43055491570851e-11,-2.061833878500009e-05,1.163511091797382e-05
1523,2,-5.914183100242647e-10,3.50517269564417e-19,-1.808227747007043e-09,0
1524,0,-3.124582116833021e-07,6.834109383382907e-13,-2.499665693466417e-06,0
1524,1,4.152778292594797e-05,1.225071954825135e-08,-2.97017777866956e-06,0.0003343541321801503
1524,2,0.0001483270109990261,1.885620959833388e-08,-2.931157206050322e-10,0.0003297521118946611
1525,0,0.0002870681125046299,1.179014748241831e-08,0,0.0003347154753431945
1525,1,-1.085611592597369e-05,3.793071539831257e-10,-5.252220681912253e-05,5.786121652544188e-07
1525,2,8.413279300481152e-05,1.486199826313514e-08,-3.950302832279714e-10,0.0003370071725346163
1526,0,6.145441344474267e-05,1.258512271727959e-09,0,8.370788904695882e-05
1526,1,2.698914169751221e-05,1.257638947129035e-09,0,8.374697052514391e-05
1526,2,4.513602229849263e-05,1.272367995412848e-08,-7.131469321224507e-10,0.000343171212989251
1527,0,1.690115099144737e-05,1.200950577924199e-11,9.198687913670727e-06,2.138288951338825e-05
1527,1,2.157449636482551e-05,3.774558172927416e-09,-8.510121022452242e-06,0.0001835219935297714
1527,2,-1.746693813518822e-09,2.291203897511268e-17,-1.384098228210671e-08,1.425372360296897e-09
1528,0,-2.14776490700317e-07,1.486957245941481e-13,-1.062171486428674e-06,0
1528,1,5.742175556806155e-06,9.916611563446171e-11,0,2.88095453699384e-05
1528,2,-6.020133562680439e-10,1.18265263364408e-17,-8.32357997311293e-09,5.12071286784986e-09
1529,0,-5.85606109036211e-07,2.400541604583713e-12,-4.684848872289687e-06,0
1529,1,8.202385211105585e-06,8.804294352205039e-10,-1.088778155775446e-05,8.587944666659628e-05
1529,2,-1.568871984162417e-09,3.240108569429556e-18,-5.309138958798371e-09,0
1530,0,-1.213537962035301e-07,4.625321567839671e-14,-5.764752555229214e-07,0
1530,1,0.0001023017525018511,2.518128448298687e-08,-2.177556311550892e-05,0.0004123763404652581
1530,2,2.516904048359529e-05,8.882255895538228e-10,-3.930604170485787e-09,6.697259991655653e-05
1531,0,6.560094901716796e-05,3.367436808486547e-12,6.333501877030461e-05,6.915101057097066e-05
1531,1,1.280283932480208e-06,7.41020947611779e-12,0,8.278874561944046e-06
1531,2,9.637492465595007e-06,3.506487954462409e-10,-1.278103073883676e-09,5.552149993818229e-05
1532,0,4.477244395980428e-08,1.40320021669367e-14,0,3.581795516784342e-07
1532,1,7.286198732265281e-05,3.815052634252008e-08,-5.559392474580997e-06,0.0005896125153863123
1532,2,0.0004321637130392454,7.290178788419647e-08,0,0.0007561933538528527
1533,0,0.0003446860756181611,7.904650376485338e-08,0,0.0006091831660270821
1533,1,1.120094595881406e-05,6.788280959362342e-10,0,7.95856483522378e-05
1533,2,2.302461943312539e-05,3.710796498018462e-09,-3.598841506711057e-09,0.000184194019212773
1534,0,2.094809515900487e-07,1.115943871003857e-13,0,9.327111087518715e-07
1534,1,-1.513242912698954e-06,1.60293287898353e-11,-1.210594330159163e-05,0
1534,2,2.37370786293671e-10,1.006362142428999e-17,-3.311189166978621e-09,8.049311382346619e-09
1535,0,-1.294611246910954e-07,5.104721364130793e-14,-5.732219390251184e-07,0
1535,1,-1.665260223695225e-06,4.574775845589808e-11,-1.889680545904637e-05,5.574723669484573e-06
1535,2,7.935677513124847e-05,3.931306153331275e-08,-1.384804536288833e-09,0.0006034028625790303
1536,0,0.0001515644090061668,6.878700044944718e-08,0,0.0006059217421272195
1536,1,0,0,0,0
1536,2,-1.019579385635758e-09,2.809785410077712e-18,-3.927547187176507e-09,0
1537,0,-1.913695373938625e-06,2.563560988963866e-11,-1.5309562991509e-05,0
1537,1,9.308965771562347e-06,6.920423246185458e-10,-3.808491304400674e-06,7.874232849465091e-05
1537,2,1.45746558813636e-05,4.483231834837054e-10,-8.835513337327054e-10,5.880402218134558e-05
1538,0,1.68980745012467e-05,1.151990995054169e-11,9.840424594792594e-06,2.011183072523158e-05
1538,1,1.132678286029864e-05,7.532847640566994e-10,-5.78612165254418e-07,8.363747569579527e-05
1538,2,1.370000469465869e-05,1.31383090043569e-09,0,0.0001096000375572695
1539,0,4.789431159057889e-05,3.286373582902906e-10,0,5.607933115554116e-05
1539,1,7.396479764910129e-06,3.82955390389075e-10,0,5.917183811928103e-05
1539,2,2.199450298996326e-05,9.34234316909164e-10,-1.16465132603112e-09,8.26832142587809e-05
1540,0,3.519020497226683e-08,1.241785492189732e-13,-5.533962160646216e-07,8.349178558427563e-07
1540,1,5.841271379397261e-05,7.714999351541213e-09,-3.808491304400674e-06,0.0002273267744308074
1540,2,-1.42809586984319e-09,6.99854544216374e-18,-7.588733128850925e-09,0
1541,0,1.762835412287871e-05,3.132215517596354e-10,0,3.716784394530802e-05
1541,1,5.058710312218301e-06,2.103712694726823e-10,-2.882219066301041e-06,4.335190156404745e-05
1541,2,1.011753425037978e-05,3.073736838963509e-10,-5.161045514745106e-10,4.154076848361555e-05
1542,0,1.036279351240667e-05,1.544005174022787e-10,-2.940561006995818e-07,3.477143538791071e-05
1542,1,1.398000656136161e-05,1.72733979000525e-09,-1.899661615211081e-05,0.0001223970367011872
1542,2,3.340319638719824e-07,7.861843232054217e-13,-7.673238440129533e-09,2.679930029403454e-06
1543,0,-3.93238825045247e-07,8.06181715210431e-13,-2.147554384545073e-06,6.357669366770311e-07
1543,1,-8.424845109605929e-06,2.409909544822128e-10,-3.926909706107358e-05,2.840648018580984e-06
1543,2,2.264440768367527e-07,3.564406501783334e-13,0,1.806021577332204e-06
1544,0,2.655887083463547e-07,4.937615340075955e-13,0,2.124709666770838e-06
1544,1,0.0001419629693251434,6.485656738528253e-08,-1.157224330508834e-06,0.0007262272710689405
1544,2,0.0002281958963539773,2.015349462148689e-08,0,0.0004100746825389857
1545,0,0.0002212413130540746,3.710201090886621e-08,0,0.0004111608655103834
1545,1,1.15184918107394e-05,1.552128504720911e-10,0,2.771088721585302e-05
1545,2,8.342511480284652e-05,1.749560740909522e-08,-3.211436125510994e-10,0.0003777776439938578
1546,0,-6.86545297160304e-09,3.244248577449244e-15,-1.388681895123518e-07,8.394456573952746e-08
1546,1,0.0001201371246152198,9.45618616402735e-08,-5.268742474735787e-36,0.0009333755096156245
1546,2,0.0004014512526097761,2.839755540492439e-08,0,0.0006293188889273154
1547,0,0.0003994312835935326,7.056324839378488e-08,0,0.0008729742471603378
1547,1,2.023341321411193e-06,1.413056941808041e-11,0,1.155173492930096e-05
1547,2,4.112388678154466e-10,3.837322996500143e-18,-1.584740959199297e-09,5.408773723746656e-09
1548,0,9.20860798674936e-05,5.900919522260694e-08,0,0.0007347857653690645
1548,1,3.273361282895464e-05,6.317750976681806e-09,-4.697677893299862e-06,0.0002422492830963492
1548,2,3.799371330556007e-05,5.286295730369185e-09,-1.29184256926499e-08,0.0002138004897257398
1549,0,0.0002316842646715883,3.08168682156717e-08,0,0.0006631932608628563
1549,1,0.0001713050684192394,1.081626252213728e-07,-3.517865652509717e-07,0.001017218063510129
1549,2,1.974990512094239e-06,2.730584313609796e-11,-4.380851634115658e-10,1.580036218191733e-05
1550,0,1.876881559252444e-05,2.595382193733724e-09,-1.769127159921758e-06,0.0001535444760131629
1550,1,8.590777720454389e-05,1.252372143105816e-08,0,0.0002624759449334362
1550,2,5.439966441633282e-05,9.063455604304265e-09,-6.418259274824802e-10,0.0002930251841715594
1551,0,4.450108721522992e-05,6.612039417891885e-10,0,6.070039768633311e-05
1551,1,4.238683431934531e-05,8.318872182867179e-09,0,0.0002807535912723372
1551,2,-3.823439395906728e-10,3.636952753874838e-18,-5.106185560099255e-09,2.047434043373872e-09
1552,0,1.071834847666167e-08,9.400825818144959e-13,-2.085848033406996e-06,1.723333945337874e-06
1552,1,4.604374950026101e-05,1.657561981175397e-08,-5.208291143604027e-05,0.0003818665385479145
1552,2,7.904487276444517e-05,1.0731810208807e-08,0,0.0002699152142423075
1553,0,0.0002429862168116493,8.78043985411233e-09,0,0.0003262684713655599
1553,1,1.075061235220616e-05,6.133758750205212e-10,0,7.610010281580203e-05
1553,2,3.911364884830574e-05,8.346622080468278e-09,-1.94992080277886e-09,0.0002790428156253722
1554,0,-1.891460696645746e-07,2.601891270900652e-13,-1.538531642823935e-06,2.536308550733863e-08
1554,1,-7.849489523658983e-06,3.152579064986629e-10,-5.132762926660633e-05,4.829140087265761e-06
1554,2,3.768779922183614e-05,9.942462920718576e-09,-6.081069651623664e-10,0.0003015006882935918
1555,0,3.361637653249468e-05,7.971684900159496e-09,-6.243841226752199e-07,0.0002698397573634611
1555,1,0,0,0,0
1555,2,4.691305800210198e-05,2.632336701988134e-09,-7.564897354571284e-09,0.0001319881077979719
1556,0,-5.083846588814304e-07,1.809184729701919e-12,-4.067077271051444e-06,0
1556,1,3.859044929598534e-05,8.102733293276149e-09,-4.790221020160203e-05,0.0002647421425884325
1556,2,5.071520126849475e-06,1.48548677069455e-10,-1.291480488519457e-09,3.718470534037997e-05
1557,0,-6.615550742942534e-09,3.063585814271326e-16,-5.292440594354027e-08,0
1557,1,1.187844910051386e-05,9.682472099293375e-10,0,9.420231965258637e-05
1557,2,8.209025733116955e-07,4.721835031633207e-12,-6.323745164638855e-09,6.5700592168386e-06
1558,0,0,0,0,0
1558,1,3.899811882585967e-05,1.96873028404664e-08,-5.334731661274921e-05,0.0004059536112093466
1558,2,9.095235795876473e-05,9.388358305466719e-09,0,0.0003024574890228702
1559,0,5.979188499429259e-05,1.198991260073121e-09,0,8.492230060412224e-05
1559,1,5.430134513699101e-07,2.064045258580633e-12,0,4.344107610959281e-06
1559,2,1.048458377453196e-06,3.968831192763923e-12,-1.012224917941369e-08,5.822700826831896e-06
1560,0,2.070715646858899e-05,1.265722471106461e-09,-4.034114651294069e-07,8.329507230483784e-05
1560,1,1.49370787268276e-06,7.4874451610894e-12,0,7.756915141232364e-06
1560,2,6.004300549932237e-06,1.006696806006279e-10,-4.047536181472093e-10,2.811971807442025e-05
1561,0,2.128495367549632e-06,3.835620040523402e-12,-5.927219911631217e-07,6.210629948777939e-06
1561,1,-9.817488154748374e-06,6.411689821267638e-10,-7.544108992977372e-05,7.435889560277193e-06
1561,2,9.243663862382522e-06,5.981312468426901e-10,-8.11986660605161e-10,7.395006793022513e-05
1562,0,-1.677580429163928e-07,1.96999326741968e-13,-1.342064343331142e-06,0
1562,1,8.735522448092704e-05,2.00796890533885e-08,0,0.0003999646292900638
1562,2,0.0002063887011152491,1.93047062713562e-08,0,0.0003769864814957489
1563,0,0.0002070033904772528,1.428394911194545e-08,0,0.0002774407077470497
1563,1,1.256072904202768e-06,3.149537792238026e-12,0,4.905450806882647e-06
1563,2,6.240126855211176e-06,2.725986470089098e-10,-2.245894539755176e-09,4.992296702214313e-05
1564,0,9.529719538883146e-05,1.498470463556141e-08,0,0.0003073582227741513
1564,1,-1.213435232559403e-05,7.462585922623142e-10,-7.92092181218913e-05,9.965859938642537e-06
1564,2,2.284084150031242e-06,2.184331837614918e-11,-9.192398373721216e-10,1.411254917579172e-05
1565,0,-1.343117588845737e-07,1.557045302805332e-13,-1.098041963797557e-06,3.565454218020669e-07
1565,1,-6.600768176824274e-06,3.049909836692323e-10,-5.280614541459419e-05,0
1565,2,3.978585500479813e-10,7.402899695641568e-18,-3.693225992870624e-09,6.548060922143865e-09
1566,0,3.671342877679274e-06,9.435130967840434e-11,0,2.937074302143419e-05
1566,1,4.70026917835912e-05,1.799203729006593e-08,-3.075326692920992e-05,0.0004007850826118581
1566,2,4.967301605411635e-05,1.355990682144122e-09,0,0.0001021887987227112
1567,0,4.789464502165498e-05,1.379543095514299e-09,0,7.890195090988323e-05
1567,1,-9.469480427229212e-06,3.024546075802396e-10,-5.280614541459419e-05,0
1567,2,-9.020828783225288e-10,5.229248697081396e-18,-6.947785444095822e-09,0
1568,0,-2.54008668925698e-08,4.51496980415242e-13,-1.559469769693369e-06,1.042457558838459e-06
1568,1,-5.157445693703633e-06,1.618739133016697e-10,-3.523683667019112e-05,5.888402057277237e-06
1568,2,1.707717460579941e-05,5.672312320802832e-10,-1.582065221650874e-09,5.900267553701116e-05
1569,0,6.950023449923316e-06,8.083448946868182e-11,0,1.962714860914362e-05
1569,1,2.625465246184031e-05,4.99148595192568e-10,1.354563104139211e-06,5.820688169150453e-05
1569,2,3.80237074175231e-05,3.883541802074728e-09,-1.739566774622154e-09,0.0001967597170837929
1570,0,6.704800906160876e-05,2.1345226490745e-09,0,0.0001435052953648178
1570,1,2.48180832868265e-05,2.856664746436197e-09,-4.833325830245388e-06,0.0001654876831678919
1570,2,1.219071360765481e-05,5.13565789479874e-10,-5.265100778362209e-09,6.521664881390444e-05
1571,0,1.740942160557555e-05,2.213708830128372e-09,-2.933741708424802e-06,0.0001418648969971603
1571,1,2.530405229836509e-05,2.755098766363623e-09,0,0.0001624188981368859
1571,2,4.038872611338324e-06,1.141807262112838e-10,-5.700545270806383e-10,3.231014923131962e-05
1572,0,-2.836110301638118e-07,2.80467796335667e-13,-1.530232685643834e-06,0
1572,1,1.964925980321991e-05,2.702653875701038e-09,0,0.0001571940784257593
1572,2,5.080888841934883e-05,2.992441054345705e-09,0,0.0001222366805272272
1573,0,0.0001066558763261055,1.630880812300465e-09,0,0.0001252721647796641
1573,1,4.735217170244224e-06,1.308286436528659e-10,-5.552623596839708e-06,3.294001251191798e-05
1573,2,2.205836021484953e-05,1.992791430546886e-09,-6.779698681755407e-09,0.0001344050791655092
1574,0,0,0,0,0
1574,1,2.14591514139681e-05,6.595208057832112e-09,-5.857561709011656e-05,0.0002302488284018614
1574,2,1.270041061564378e-05,1.129021017902388e-09,-8.00157441163005e-09,0.0001016000560282815
1575,0,1.472903760227681e-05,1.482965225862466e-09,0,0.0001166095323448064
1575,1,1.920267716701193e-05,2.309319365059088e-09,0,0.0001462362117597813
1575,2,0.0001002751679794598,6.150230934540927e-09,0,0.0001778837548992964
1576,0,0.0001488325887714123,3.165792286295017e-09,0,0.0001713435980118825
1576,1,2.804657310276969e-06,1.414616579039863e-10,-1.049434844687552e-05,3.293160692909127e-05
1576,2,2.280411810173123e-07,3.640298472193594e-13,-2.277091201304448e-11,1.824352219050512e-06
1577,0,3.300083987485044e-08,1.696558350912528e-12,-2.957356850172136e-06,2.01409111385514e-06
1577,1,2.255520183642354e-05,7.443748469495395e-09,-6.363025153723955e-05,0.0002440718662286279
1577,2,2.634502242687708e-06,3.629501089068399e-11,-8.748643089872993e-09,1.84038243777787e-05
1578,0,6.725500849606598e-08,3.166265317464134e-14,0,5.380400679685278e-07
1578,1,7.397905113264996e-07,3.831030004541065e-12,0,5.918324090611997e-06
1578,2,-1.314647088358134e-09,5.641708989805579e-18,-6.927713986240283e-09,8.530018594812579e-10
1579,0,1.880904200123808e-07,2.476460427030367e-13,0,1.504723360099046e-06
1579,1,-1.440826060538221e-06,4.999336078634708e-10,-3.360937386972597e-05,4.739150253675463e-05
1579,2,7.760854381920235e-06,4.024266028980474e-10,-1.631581105771805e-09,6.082485980011766e-05
1580,0,0,0,0,0
1580,1,3.371707382732243e-07,1.068638178889745e-09,-6.901079960079307e-05,6.063922787509821e-05
1580,2,6.422331346406606e-06,7.849413607315485e-11,0,2.073506805223122e-05
1581,0,1.617756515190861e-05,4.37973242984379e-11,0,2.221553744958714e-05
1581,1,2.516552885781371e-05,1.753541744188602e-09,-2.489840702254255e-05,9.856426671054938e-05
1581,2,2.189110618404844e-06,2.383788936353134e-11,-6.684205993282303e-10,1.490979430491894e-05
1582,0,-1.119118745241929e-06,4.415689045059515e-12,-6.403898276790587e-06,0
1582,1,3.12659012259762e-05,7.70689770089034e-09,-3.07023193294615e-05,0.0002612866123029427
1582,2,0.0001645562214494963,1.649154605854333e-08,0,0.0002810285312443727
1583,0,0.0002611664166042085,7.787922800211475e-12,0.000256659255180805,0.0002641721849003742
1583,1,9.060881800026515e-05,6.712292525225805e-08,-5.978401507080839e-05,0.000773948520655609
1583,2,0.0003931710976812708,5.986534295114607e-08,0,0.0007336050273678222
1584,0,0.0004375337256621941,2.735419871357286e-08,0,0.0005035583617295599
1584,1,3.853366631368392e-05,1.06579672153204e-08,-3.389134808586594e-06,0.0003116584653180579
1584,2,2.188514418065149e-06,3.356912888371935e-11,-5.179139644581296e-09,1.751769831325856e-05
1585,0,6.059720148246054e-08,3.299863345574217e-13,-8.871602582101869e-07,1.371937870069871e-06
1585,1,-8.472837021466484e-07,5.025227703463312e-12,-6.778269617173187e-06,0
1585,2,1.11115794158487e-05,4.651548933256744e-10,-8.863534312727115e-10,6.391445677469837e-05
1586,0,6.5665734487535e-05,2.803511368271205e-08,0,0.0005086298502202114
1586,1,2.069282556330923e-05,2.937565859641738e-09,0,0.0001640851822556352
1586,2,4.477982101489491e-09,1.176659144209547e-16,-3.036380026545016e-09,3.22746296248923e-08
1587,0,6.489346356200223e-07,6.18756776698988e-12,-7.85985533106774e-07,7.175546933852849e-06
1587,1,2.447328040189574e-05,3.204289586335577e-09,0,0.0001731206023980185
1587,2,2.452784560337557e-06,4.211380680602552e-11,-1.332570965361284e-09,1.96224276954245e-05
1588,0,9.514375600237233e-06,3.566242722004064e-11,0,1.615064191375159e-05
1588,1,4.068906694113201e-06,4.800479402868768e-11,0,1.908064332483156e-05
1588,2,2.297367672943385e-06,1.215752490753431e-11,0,9.986036263157176e-06
1589,0,2.29688961764797e-07,6.018610214734427e-13,-6.158252816845751e-07,2.187988515014558e-06
1589,1,-2.098881704743045e-06,5.477449410537658e-11,-2.128871585409632e-05,4.497662216151961e-06
1589,2,-1.119950520111384e-09,9.804062224742121e-18,-8.826166745345552e-09,2.338547321020535e-09
1590,0,-1.526196215100818e-07,1.630492420891644e-13,-1.220956972080655e-06,0
1590,1,-1.345337113588518e-05,4.861647091446124e-10,-5.877637635838557e-05,1.867760067330378e-06
1590,2,2.633685619244679e-06,4.878842877157985e-11,-3.632573855585248e-08,2.11138906179113e-05
1591,0,5.599034225141315e-06,3.140698969846026e-11,0,1.147040482983064e-05
1591,1,9.681859261289098e-05,2.558909440328491e-08,-5.381875469877495e-06,0.0004538356243872441
1591,2,3.346338313404824e-06,6.646947533687131e-11,-2.226047518215366e-09,2.485260511769847e-05
1592,0,-2.089715457679965e-07,1.842501242384251e-12,-1.806076105332238e-06,2.802864670572728e-06
1592,1,-1.098059005194928e-05,6.533645642367014e-10,-6.700077136314959e-05,9.788778229899335e-06
1592,2,-4.42897622574038e-09,1.17270107003497e-16,-3.301907904760562e-08,0
1593,0,7.075163393470144e-07,1.045926252358256e-11,-3.009362691985872e-06,8.865132259262799e-06
1593,1,8.169756549702754e-05,5.2074213229551e-08,-3.126412832223178e-05,0.0006848446522984521
1593,2,0.0003345285283292279,1.698025317513908e-08,0,0.0004139734168618741
1594,0,0.0003612476798051672,1.865170824552977e-08,0,0.0004198337908965504
1594,1,-1.169720847559621e-06,1.029556709745843e-11,-8.413122480248271e-06,2.850606180045373e-06
1594,2,1.002080139645261e-05,3.639695839626988e-10,-1.257200295136035e-08,5.590710565977868e-05
1595,0,-9.403844150512877e-07,4.846071528623044e-12,-6.73920327273008e-06,1.229603520829298e-07
1595,1,-2.545341928254385e-06,1.523126915704441e-10,-3.12865986599634e-05,1.626211739495766e-05
1595,2,7.668722879411336e-06,2.041135825247346e-10,-1.08643341335082e-08,4.118776296994744e-05
1596,0,1.25191292948719e-05,2.325240027124781e-11,0,1.580057351206587e-05
1596,1,8.627476556278859e-06,3.685901354046865e-10,-1.764137455788232e-05,5.282135343271943e-05
1596,2,2.30808937994849e-06,3.729345155343308e-11,-2.918042023916617e-10,1.846525994847895e-05
1597,0,-3.180816015668889e-07,8.186110954998547e-13,-2.707712597832436e-06,1.630597852973253e-07
1597,1,-1.322878696882938e-05,4.916332927569772e-10,-4.369997358837678e-05,1.695507605765807e-05
1597,2,5.393497889913919e-06,9.826038734732037e-11,-1.104187846447969e-08,2.819739523424114e-05
1598,0,1.724697219325224e-07,1.68168731963031e-13,0,1.25177324439364e-06
1598,1,1.24984145411729e-06,1.110142214358135e-10,-2.008909822542192e-05,1.975560148849627e-05
1598,2,1.192752524303009e-09,4.273431722138921e-18,0,4.918739166055308e-09
1599,0,0,0,0,0
1599,1,-1.012178204332799e-05,2.187068470995073e-10,-4.186911905863449e-05,1.251104191551998e-06
1599,2,1.410096491346547e-06,7.236277262300554e-12,-2.078070309470015e-09,7.892405818451223e-06
1600,0,7.870165357821537e-06,9.065993670089882e-13,6.595369331103135e-06,9.485119169972294e-06
1600,1,6.147832299465303e-05,1.205609475341366e-08,-3.162175865631347e-05,0.0002673571773761793
1600,2,4.672881130211965e-06,1.530809137122684e-10,-2.461392072124864e-08,3.740766296241697e-05
1601,0,-3.090312517081116e-07,6.91614740813179e-13,-1.645448298800335e-06,1.158080696354251e-06
1601,1,3.592737158604695e-07,9.035432203573259e-13,-5.10371435262557e-37,2.874189726883756e-06
1601,2,2.073183805476234e-06,2.074840846111572e-11,-2.846347193990244e-09,1.389709786234407e-05
1602,0,0,0,0,0
1602,1,-4.409498522342291e-06,4.30957321750295e-10,-5.665928699676544e-05,1.975560148849626e-05
1602,2,5.764596448722976e-07,2.326850049739596e-12,-1.02984607535279e-09,4.612292807607152e-06
1603,0,0,0,0,0
1603,1,-7.408350558186105e-06,3.841856059508346e-10,-5.926680446548884e-05,0
1603,2,5.753285359429769e-07,2.330477211307445e-12,-6.392529125507262e-09,4.614301120788447e-06
1604,0,0,0,0,0
1604,1,1.265095882010118e-05,1.120327313475269e-09,0,0.0001012076705608094
1604,2,6.596139115045552e-05,1.546498951066186e-09,0,9.878544495892087e-05
1605,0,8.773932011912765e-05,2.254218292288671e-11,7.980364655549231e-05,9.187747131671141e-05
1605,1,1.51487337087614e-07,1.606388930852747e-13,0,1.211898696700912e-06
1605,2,6.79029151343687e-06,1.924310845362288e-10,-3.982617217467732e-09,4.187093572460133e-05
1606,0,1.203630114885952e-05,2.505144361075458e-11,0,1.777408892346548e-05
1606,1,4.813564708136016e-06,1.390224506716397e-11,0,7.704225825070857e-06
1606,2,9.991662165155137e-06,3.347831863625539e-10,-2.552874238143262e-08,5.181814217187137e-05
1607,0,2.659628201232821e-07,1.664389426880603e-13,0,1.021902350944402e-06
1607,1,3.797496891698188e-06,1.105184161775177e-10,-1.211898696700908e-06,3.159187383028641e-05
1607,2,6.595864701503468e-06,1.435398262123059e-10,-3.200005873734035e-09,3.700241728082915e-05
1608,0,4.574389013544889e-06,5.553301774158132e-12,0,8.763620816103541e-06
1608,1,7.094576377857299e-07,3.366055962657709e-10,-2.72422159780408e-05,2.739575932726736e-05
1608,2,1.092541526646146e-05,2.597575121857632e-10,-8.06464651152092e-10,4.455209346939075e-05
1609,0,1.40624016531351e-05,1.99795629363702e-10,0,3.123083842475029e-05
1609,1,3.574548220129553e-05,4.38579222059703e-09,0,0.0002042270337016852
1609,2,3.587341804468235e-05,1.083617541829556e-09,0,8.532648612272574e-05
1610,0,3.414043450518348e-05,1.166939051874681e-09,0,7.054037283430611e-05
1610,1,-5.561791178309096e-07,2.325391366172874e-10,-3.441531366965727e-05,2.569267789001787e-05
1610,2,1.272387750021624e-05,4.863675251362535e-10,-4.562083599893878e-09,5.250427367160619e-05
1611,0,5.050179016393484e-05,2.473886492893503e-09,-9.124401462603727e-07,0.0001027469020174958
1611,1,6.020018877263935e-06,1.148596426003058e-10,0,3.121292732745722e-05
1611,2,4.203580241748806e-06,1.133355630465931e-10,-9.377636730643841e-10,3.234813349053374e-05
1612,0,0,0,0,0
1612,1,5.767740834609355e-05,2.355202848791897e-08,-2.42379739340182e-06,0.0004637065903700612
1612,2,0.0002255399683265348,3.070691274814846e-08,0,0.0003850458376161436
1613,0,0.000173213040643156,3.000292785673214e-08,0,0.0003472362095109334
1613,1,6.176471836341553e-07,2.670416304158429e-12,0,4.941177469073243e-06
1613,2,3.724341479839868e-06,7.884974779320339e-11,0,2.710188793668337e-05
1614,0,5.100202701706721e-06,4.336873231505286e-11,0,1.382841433161711e-05
1614,1,-6.419885152854677e-06,2.966723481672716e-10,-5.198752966719717e-05,6.284484443597498e-07
1614,2,-1.096470620497971e-09,7.862104910189269e-18,-8.511587970920366e-09,0
1615,0,-7.459020393326828e-07,2.468273069601747e-12,-4.771527073568021e-06,0
1615,1,5.357011728887362e-07,2.008830226440574e-12,0,4.28560938310989e-06
1615,2,4.719987927665836e-05,1.559494539093603e-08,-9.785494679749682e-10,0.000377600571974474
1616,0,0.0001949427400737135,3.32061719740847e-08,0,0.0003778989701737699
1616,1,4.090725817069561e-05,1.22550062530915e-08,-1.112665633306326e-05,0.0003335872631005707
1616,2,-1.984087354225371e-10,2.025166998286017e-19,-1.374732595971047e-09,0
1617,0,-7.615122003663918e-07,5.16699071908867e-12,-6.005394860683139e-06,1.910823527065262e-06
1617,1,-1.929772288018665e-08,1.26977401248158e-11,-8.571218766219785e-06,4.191893765203149e-06
1617,2,1.518328370644417e-05,1.613915831882668e-09,-6.7103440536613e-09,0.0001214725624640326
1618,0,6.765965907388019e-05,1.528007678526298e-09,0,9.232272706314007e-05
1618,1,1.846906906195136e-05,1.440975437635147e-09,-4.249756750299424e-05,7.763365544347258e-05
1618,2,-4.98982552235262e-10,2.046259075829318e-18,-3.932519104705141e-09,7.366739134546812e-10
1619,0,-2.517581406833698e-07,1.750271416458646e-13,-1.265639894847278e-06,0
1619,1,1.21944136391027e-05,9.2759820069492e-10,-1.311173106138824e-36,9.272844490666748e-05
1619,2,0,0,0,0
1620,0,4.651152382358623e-06,1.507621162188239e-10,0,3.713700934889263e-05
1620,1,6.694191906370647e-05,1.020858727648013e-08,-1.343432432707193e-36,0.0002887140172544803
1620,2,6.087153756173872e-05,2.390701002866703e-09,0,0.000126967693247606
1621,0,9.771581810951441e-05,1.698490354210129e-09,0,0.0001595386221194742
1621,1,7.238796632885166e-05,2.480494751654074e-08,0,0.0004811910400260508
1621,2,0.00021984053721715,2.563681597935774e-08,-5.209039702840623e-09,0.0003922396442822779
1622,0,0.0002284503383257746,6.261135654302688e-12,0.000222987630835205,0.0002315271930726075
1622,1,0.0001149824192321811,4.822574215245329e-08,-6.700263719603632e-06,0.000642568824897914
1622,2,0.0002276606745435157,1.955393214440658e-08,0,0.0004448305386017796
1623,0,0.0001645836776150563,2.708798050885272e-08,0,0.0003298204311307098
1623,1,1.014523589857956e-05,1.21183223308105e-09,-1.641357196048148e-05,0.0001011717629128221
1623,2,5.708673051923348e-06,2.280787131485903e-10,0,4.566553707317762e-05
1624,0,6.900614667547676e-05,1.377424069520527e-08,0,0.0003747297194599689
1624,1,2.734553579726421e-05,1.585303917273623e-09,0,0.0001236914029527907
1624,2,2.327771715373542e-09,4.165063957404628e-17,-1.058923421256243e-09,1.936180476221741e-08
1625,0,1.05779344471743e-07,7.832488801810166e-14,0,8.46234755773944e-07
1625,1,5.757407967910281e-07,2.320342255626976e-12,-1.451188213095804e-36,4.605926374328225e-06
1625,2,1.118757436408632e-05,8.761969500605489e-10,-1.546875632374575e-09,8.95034645043787e-05
1626,0,0,0,0,0
1626,1,9.322473320858475e-06,4.418680127649672e-10,0,6.448071858060414e-05
1626,2,2.265317850608078e-06,2.099269157886311e-11,-4.186438175067325e-09,1.379176631567818e-05
1627,0,2.89675319601282e-06,2.203156274772465e-12,0,5.216556282888342e-06
1627,1,-1.959150151009552e-06,2.686788519940525e-11,-1.567320120807642e-05,0
1627,2,3.932965890535199e-06,1.083044249886146e-10,-2.886147724953847e-09,3.146714408465908e-05
1628,0,3.435950828267992e-08,7.724694417162134e-14,-4.055360610702419e-07,6.804121273316813e-07
1628,1,-3.750030713730486e-06,9.843911247745385e-11,-3.000024570984389e-05,0
1628,2,2.016054696117721e-06,2.850879468140664e-11,-1.289977398870836e-08,1.614267641232366e-05
1629,0,1.450183412553689e-05,3.48027748162309e-11,0,1.907034467995966e-05
1629,1,6.404022345374462e-06,1.455126913814543e-10,0,3.509832219477301e-05
1629,2,1.127314466195715e-07,8.886303143732129e-14,0,9.014272593571098e-07
1630,0,-3.230983788344932e-07,3.200604955375352e-13,-1.458318900027624e-06,0
1630,1,5.69285681992967e-05,2.580712733575077e-08,-1.463247653458447e-05,0.0004816994410818065
1630,2,0,0,0,0
1631,0,0,0,0,0
1631,1,3.505882397159315e-05,7.605824397925566e-09,-2.926495306916889e-05,0.000260507339615436
1631,2,4.177394541643312e-05,1.749037570780114e-09,-1.296310766217163e-10,8.772789798118946e-05
1632,0,6.847740770145226e-05,6.773668940923855e-10,0,8.123108959412577e-05
1632,1,4.405023904989499e-07,2.120656247648498e-11,-8.294724773811206e-06,1.000176642527948e-05
1632,2,4.420385484838168e-06,7.10604436428084e-11,-2.45283917444598e-08,2.471791826429719e-05
1633,0,8.680890883773301e-06,6.736535591687368e-10,-6.864435196904628e-06,7.709418540113862e-05
1633,1,-7.052673323917656e-06,1.175437719589137e-10,-3.000529927583843e-05,0
1633,2,1.800333541143655e-05,2.268905441023598e-09,-9.708602070868928e-10,0.0001440284840379131
1634,0,-3.487703240767166e-07,8.514851726960455e-13,-2.790162592613733e-06,0
1634,1,1.231761268422016e-06,1.062065075669229e-11,0,9.854090147376125e-06
1634,2,1.364171814052002e-06,1.30273224169433e-11,-7.559473849423913e-10,1.09135830780845e-05
1635,0,0,0,0,0
1635,1,7.124090564526694e-05,1.658390463921278e-08,-2.000353285055896e-05,0.0003395439228637854
1635,2,0.0002582273408537009,1.205401612464282e-08,0,0.0003411674497500533
1636,0,0.0002873959463378266,1.180443494518265e-08,0,0.0003329469326023651
1636,1,-3.997047636237719e-06,1.118347286444748e-10,-3.197638108990176e-05,0
1636,2,1.548250570550605e-05,1.619790835199318e-09,-2.958441763483875e-09,0.000121952099304804
1637,0,-4.485133786118765e-07,8.459926678406547e-13,-1.943158826176123e-06,8.295856004053571e-07
1637,1,6.868158370001252e-05,1.203004640042168e-08,-1.205616717465788e-05,0.0002986750494115294
1637,2,7.610089499106702e-07,1.769179989606254e-12,-1.783213464222036e-09,3.393745332783594e-06
1638,0,8.616919903612059e-07,5.174530264922253e-12,-3.567950790760425e-06,3.499222353913317e-06
1638,1,-3.46543295754407e-06,7.146752024466511e-11,-2.116759067377538e-05,6.678401598163845e-06
1638,2,-6.510831302602764e-10,2.002751348820924e-18,-3.561670408152897e-09,8.153274101241714e-10
1639,0,-6.890901250589827e-08,2.775312433199975e-14,-5.080819002200259e-07,0
1639,1,-3.407496042231395e-06,4.24501142481414e-11,-1.657653798893443e-05,1.751933199229479e-06
1639,2,1.522861970074343e-06,6.966266454090375e-12,0,6.28055858220761e-06
1640,0,4.75495775091848e-06,4.423626286414556e-12,0,6.825325841324507e-06
1640,1,-2.432490135273918e-06,1.249487645681524e-10,-3.12615829576952e-05,5.901850285545525e-06
1640,2,7.67016157475342e-06,1.890753520558464e-10,0,4.117315579274288e-05
1641,0,5.454549544082607e-05,2.086076986622192e-08,-1.856507022332073e-06,0.0004366728606238894
1641,1,0.0004688987178066693,1.526986222330044e-07,0,0.001422617343933988
1641,2,0.0004713499595854985,2.223304754110881e-07,0,0.0009561674489492462
1642,0,0.0002717677688972551,6.272843295793883e-08,0,0.0005217279881909427
1642,1,-5.004249615916761e-06,1.848810091363456e-10,-3.517752987563944e-05,1.050785417063855e-05
1642,2,3.431046284905968e-07,3.664472797572486e-13,-3.778616101034304e-09,1.591929964817439e-06
1643,0,0.0002469750006737937,6.241320404616671e-08,-3.627392672616082e-06,0.0005238025264957049
1643,1,1.304747715097255e-06,6.419194965432086e-12,0,7.509925311897893e-06
1643,2,4.932166096795739e-07,8.345731797086315e-13,-4.951147800067841e-09,2.61807614672999e-06
1644,0,6.061141458763837e-07,6.178926841393228e-13,0,1.868394785287547e-06
1644,1,6.494066000241901e-05,2.798547131988755e-08,-1.26011577197611e-05,0.0005070361714315756
1644,2,-1.775150915705507e-09,4.135518651804482e-18,-4.520182897005032e-09,5.154811920923044e-10
1645,0,2.310462674073718e-07,1.567273932636609e-13,0,9.361376828121315e-07
1645,1,-7.501031794683089e-06,3.554897439759092e-10,-5.712646157554125e-05,2.196190267703634e-06
1645,2,1.87507484881531e-10,1.449868490746304e-18,-1.679736545601333e-09,2.811023561362324e-09
1646,0,-1.892186355923824e-07,1.076103233906795e-13,-7.851055341587748e-07,0
1646,1,6.99519889649607e-05,1.483484458309403e-08,-7.589478007203525e-05,0.0002974134678481575
1646,2,3.282854869025484e-06,7.546164414132051e-11,-2.130258023069268e-09,2.626614236073623e-05
1647,0,8.081570217256368e-08,3.624336874732161e-12,-2.840663200828555e-06,4.267050013758555e-06
1647,1,6.849103656000426e-06,1.37403928376274e-09,-3.812574685691285e-05,9.875508765558248e-05
1647,2,5.590421710357042e-05,2.013912047202157e-09,0,0.0001139153834204809
1648,0,5.876862151293015e-05,2.074443115543692e-09,0,9.574056262319258e-05
1648,1,1.834721691227836e-06,2.317479961842652e-10,-2.505375403927001e-05,3.509609316380128e-05
1648,2,2.488157781397016e-05,1.668419556783482e-09,-1.149461617880353e-09,0.0001167873562189
1649,0,3.381241662196258e-05,2.016611670804964e-09,-2.631244793882665e-06,9.681448364817754e-05
1649,1,3.708175630434727e-05,9.625396554304985e-09,0,0.0002966540504347781
1649,2,1.910520317980119e-05,3.701555513354378e-10,0,4.314611653824789e-05
1650,0,1.36322490769653e-05,3.101050144834788e-10,-2.42997358589341e-09,3.745936391673168e-05
1650,1,-1.518677322008657e-06,1.727897075198534e-11,-1.251204672732898e-05,3.626281512597205e-07
1650,2,9.20226969874136e-06,5.762656705146922e-10,-9.729139460257954e-10,7.271006169008541e-05
1651,0,1.306079280245127e-05,3.000404941377884e-10,-6.0233916042864e-07,3.807155729202294e-05
1651,1,5.818953118964058e-06,1.739989515579748e-10,0,4.029560158804798e-05
1651,2,1.666646596865903e-05,1.800689633763412e-09,-4.720431008019445e-09,0.0001288980106158794
1652,0,-1.255844374626276e-06,1.183554732511953e-11,-1.034636997344234e-05,4.732909907316101e-07
1652,1,1.727368267214913e-05,4.184087847967426e-09,-4.170247812673088e-05,0.0001834197288444032
1652,2,2.557497072296008e-05,6.57945301539644e-10,-5.53215143984329e-10,5.402311460537817e-05
1653,0,4.12253952255479e-05,5.769007732458257e-10,0,6.278207346444224e-05
1653,1,4.201570908576184e-05,9.213434333887168e-09,3.977376880243572e-08,0.0002956654481253959
1653,2,0.0001883117385638177,1.215777430228259e-08,0,0.000296647186786775
1654,0,0.000198496696629221,1.427744566820638e-08,0,0.0003422427803022351
1654,1,1.66801742293086e-05,1.682974646105664e-09,-3.197486593326576e-06,0.000124835644493744
1654,2,-1.801516352011356e-10,2.050810328939109e-19,-1.37272231489092e-09,4.813516687616275e-11
1655,0,2.980272589091737e-05,6.374465007883943e-09,-2.846463574699242e-06,0.0002410252651086693
1655,1,4.860186900964519e-05,1.627272481710242e-08,-3.102269826199721e-06,0.0003860503696057136
1655,2,0.0001445645387372714,3.489357911696583e-08,0,0.000403698971379737
1656,0,0.0001492841341848194,3.765917107681645e-08,-5.140718430645867e-06,0.0004007955364024269
1656,1,8.954458581222567e-08,5.612762993798131e-14,0,7.163566864978053e-07
1656,2,-5.630904377901283e-10,1.636723795650426e-18,-3.908273913394236e-09,0
1657,0,-7.23586799411579e-07,1.006327190130949e-11,-8.722739199720786e-06,2.934044804428154e-06
1657,1,-3.639458205859854e-06,4.040252260307569e-10,-4.870294207056437e-05,3.00189467792897e-05
1657,2,4.778886471142347e-05,1.541710680309603e-08,-1.333977424690676e-09,0.0003762584357311279
1658,0,9.735880065933725e-05,2.934522958434894e-08,-8.77837177933096e-06,0.0004016715341145063
1658,1,1.610984402545085e-05,9.015692090389727e-10,0,8.661936577411025e-05
1658,2,9.295822422684059e-05,2.526384408568782e-08,-8.27648200246156e-10,0.0003689440939306021
1659,0,1.115681923149873e-06,5.907737494507453e-12,-1.323541258889686e-06,6.338405570550802e-06
1659,1,3.867794538409494e-06,1.378047959445e-10,-1.711770267175329e-05,2.36893189219982e-05
1659,2,8.447258385242571e-07,2.15638278535135e-12,-2.419114176955161e-09,3.611126624520387e-06
1660,0,7.714952031884773e-05,4.235563008185268e-08,-2.097132803409487e-06,0.0006216543042650579
1660,1,-5.581015458416373e-06,1.49109116415501e-10,-3.423540534350655e-05,5.180639182672629e-06
1660,2,1.313146133420818e-06,6.819245385871793e-12,-6.724594278313765e-09,7.814436922301651e-06
1661,0,1.234706269302782e-06,2.059222622437457e-12,-1.115823231384129e-06,2.905901557701981e-06
1661,1,3.817930794239054e-05,1.575953327461069e-08,-7.106795676599465e-05,0.0003641762551766598
1661,2,-7.860142853232212e-11,4.507410953339354e-19,-1.662288626092551e-09,9.398894015583239e-10
1662,0,-9.735998795389353e-07,1.953594096476173e-11,-1.080915667520253e-05,4.98799753494676e-06
1662,1,7.600154980942088e-07,1.913254526871239e-11,-7.482701129467655e-06,8.985434094668007e-06
1662,2,3.37756564096154e-07,7.983036281893056e-13,0,2.7016781626129e-06
1663,0,-2.239173934077917e-06,1.884068328861815e-11,-1.290800319971207e-05,7.797426155659027e-07
1663,1,2.969243145689669e-05,6.171483400757558e-09,0,0.0002375394516551735
1663,2,0.000144555525791881,7.585763438749803e-09,0,0.0002066315530793691
1664,0,0.0001775614748162354,4.53027116267844e-09,0,0.000208615194950191
1664,1,5.969452991896676e-06,5.720057746431338e-11,0,1.834739091717718e-05
1664,2,3.519015873330115e-05,4.83554535808148e-09,-3.861785873499987e-10,0.0002150799314745802
1665,0,0.0001658904850916938,1.350879389955676e-08,-8.171451519977454e-07,0.0003895274347723183
1665,1,9.908104328012777e-05,1.049702417819071e-08,0,0.0002851154099952652
1665,2,2.99038539326519e-05,4.557374760745713e-09,-5.211221635303722e-10,0.0002062098936232399
1666,0,-6.518817429817859e-07,9.849620258474452e-13,-2.1464890786823e-06,5.850461560986676e-07
1666,1,4.955348763621809e-05,1.718883695838974e-08,0,0.0003964279010897447
1666,2,0.0002290706077152024,3.552327580708649e-08,0,0.0004148226849408531
1667,0,0.0001969006983043219,1.294847258189847e-08,0,0.0002668546419460401
1667,1,-7.429048261459598e-06,3.790279579440576e-10,-4.311283668048405e-05,1.711770267175329e-05
1667,2,1.552486381068967e-06,1.686981713979618e-11,-4.051441873267966e-10,1.241934971668495e-05
1668,0,-7.229655375479137e-07,1.278272980819878e-12,-3.509881569161954e-06,0
1668,1,-1.555075586510593e-06,1.243171603294145e-11,-1.077087848260251e-05,0
1668,2,3.044266145486455e-07,6.48554192370775e-13,-8.25994547606503e-10,2.435125484681555e-06
1669,0,3.268396536786506e-05,7.477691145174618e-09,0,0.0002614717229429205
1669,1,-1.132535747312463e-05,5.167103900111393e-10,-5.670770862662091e-05,9.220993750594527e-06
1669,2,-5.441346583763325e-10,9.747032831322511e-19,-2.293562650572363e-09,5.831103939363481e-10
1670,0,0,0,0,0
1670,1,1.80352364965444e-05,2.276888288404008e-09,0,0.0001442818919723552
1670,2,4.352569841715601e-05,1.189439983153227e-09,0,8.216166321502858e-05
1671,0,9.299419545024582e-05,8.613239760936953e-09,0,0.0003311445580417783
1671,1,0,0,0,0
1671,2,1.102628453372468e-05,7.045966985372768e-10,-1.439234672025054e-10,8.097570832388428e-05
1672,0,-8.430745119250087e-07,2.89248944846377e-12,-5.116047514212922e-06,6.776263578034403e-22
1672,1,7.172085497803696e-05,3.534072848484327e-08,0,0.0005690885206686172
1672,2,3.484165072155428e-05,3.203015103536755e-09,0,0.000178314422187442
1673,0,0.0001341967148272791,6.004690202748681e-09,0,0.000181157253769532
1673,1,2.871332086134966e-05,2.432533834189558e-09,0,0.0001552975520277099
1673,2,-3.147654066565155e-12,1.080657678027384e-21,-8.220529933526437e-11,4.156844747719861e-11
1674,0,-8.430659100116533e-08,6.411156112171217e-14,-7.509352339264887e-07,7.648250591716599e-08
1674,1,1.063336634122812e-06,7.16435504839299e-12,-5.560159749446026e-37,8.137828821681951e-06
1674,2,2.097105909094052e-05,1.87054024760996e-09,-1.348775848332851e-10,0.0001308407606826624
1675,0,4.414428283009419e-05,5.969042927818871e-09,-2.781957056301469e-06,0.0001782905256955449
1675,1,3.997907455855202e-07,3.325711286170043e-12,-1.774981866595241e-06,4.973307831279402e-06
1675,2,2.823243247571974e-06,5.582870660154562e-11,-3.301859623483011e-09,2.259192903261911e-05
1676,0,-1.12106068171674e-06,8.797439364638408e-12,-8.968485453733916e-06,0
1676,1,-1.578974535956955e-06,6.794216100878309e-11,-2.254736863084108e-05,6.681075632240661e-06
1676,2,3.435194413446649e-05,5.6033083503721e-09,-4.532601811705996e-10,0.0002291764280616833
1677,0,3.566737148440729e-05,1.923984810559473e-10,0,4.487086244936954e-05
1677,1,3.338533398339925e-06,5.235982377785465e-11,-1.005197935658939e-05,1.402637320804807e-05
1677,2,2.026771790054698e-05,2.875527283734611e-09,-8.68139241793989e-10,0.0001621433359098559
1678,0,1.959579223285392e-05,5.646867283812935e-11,0,2.465172914562014e-05
1678,1,1.539259195822983e-05,1.027757210974018e-09,0,9.779807404851922e-05
1678,2,4.589148508419971e-10,5.888400252391952e-19,0,2.174917852494699e-09
1679,0,3.970234166203509e-08,2.036136686255454e-14,-9.125093857608065e-08,4.088696718723614e-07
1679,1,1.670140997127012e-07,3.896768609369008e-11,-1.180335169569594e-05,1.313946449339755e-05
1679,2,7.630465940632627e-06,4.075729247127277e-10,-2.624832358937952e-10,6.104404542131107e-05
1680,0,-3.965785941988849e-08,8.479734502738366e-15,-2.81293527363946e-07,0
1680,1,0.0001088134733247407,8.37325585037797e-08,-2.360670339139188e-05,0.0008738631716286583
1680,2,0.0003307465520638241,1.105118651429405e-07,0,0.000726663495536693
1681,0,0.0003127895735942494,9.783767478219448e-08,0,0.000626700580613624
1681,1,0.0001279475758451834,1.046049282574429e-07,-1.402637320804804e-05,0.000982103188770929
1681,2,0.0001575807697940319,8.723445007509892e-08,-1.179891315369224e-09,0.0009168160183880583
1682,0,0.0003696363012215145,1.204138225727536e-07,0,0.000811283302413116
1682,1,5.514368361662891e-06,1.428715643033184e-10,0,3.686741314521148e-05
1682,2,9.243011246230407e-05,5.925860875710441e-08,-2.506236719693704e-09,0.0007364826500856573
1683,0,2.233415600802639e-05,3.491701672136029e-09,0,0.0001786732480642111
1683,1,5.238076268125737e-06,1.920621009349144e-10,0,4.190461014500589e-05
1683,2,1.437230173171409e-09,1.550698157368214e-17,-2.971663985267444e-10,1.185281601539522e-08
1684,0,2.266916744492717e-05,3.445882376044431e-09,0,0.0001779511544383073
1684,1,2.6441143690017e-05,1.115507517996104e-09,0,8.299830508744941e-05
1684,2,7.933700284997977e-07,4.406072738326027e-12,-1.306038182041864e-11,6.346973288380203e-06
1685,0,2.684642707443526e-06,8.687759127625563e-12,0,7.076167372875955e-06
1685,1,0.000130976069035559,5.930999381356849e-08,-2.289392152816397e-05,0.0006939656056260191
1685,2,3.280263022111435e-06,7.533428711912669e-11,-1.13883250767212e-09,2.624414789062837e-05
1686,0,6.920790706060029e-07,3.320729475475401e-12,-1.712683371520783e-06,4.186643526405492e-06
1686,1,1.233642065297236e-05,7.6644704634309e-10,0,8.522195111876113e-05
1686,2,3.862478663542966e-06,1.044482361517895e-10,-2.03658964000478e-09,3.090203579765504e-05
1687,0,-9.246274286409029e-08,5.984551172565614e-14,-7.397019429127223e-07,0
1687,1,1.441369507694132e-06,8.733477289830134e-12,0,8.928286350418336e-06
1687,2,1.051186792622277e-05,1.896088070202066e-10,0,3.812200353163173e-05
1688,0,5.156867501300143e-06,7.044596785390899e-12,0,8.143862550746942e-06
1688,1,5.155152924291065e-05,1.74084900363456e-08,0,0.0004005690307986812
1688,2,0.0001465031896643274,3.580645183782137e-08,0,0.0003975417702925743
1689,0,0.0003460153592395605,1.710660035789505e-08,0,0.0003979499642770917
1689,1,1.676555821796545e-06,7.732704309592957e-12,0,8.07318460726377e-06
1689,2,5.800109397017803e-05,2.354892184564613e-08,-4.902407660248836e-10,0.0004640090408373504
1690,0,1.006711722335715e-07,1.08018533944662e-12,-1.796546568063722e-06,2.328089252027909e-06
1690,1,2.628802648207102e-05,4.83742235425447e-09,0,0.0002103042118565681
1690,2,4.756410359186408e-05,1.318116122678688e-08,-5.131732141122706e-10,0.0003508613404976841
1691,0,4.108748906544353e-06,3.129017498169167e-11,0,1.362202930835332e-05
1691,1,-1.060708790233746e-07,4.693908350986325e-11,-1.412177677810796e-05,1.327320974592096e-05
1691,2,-1.157620217754063e-10,6.124939297859986e-20,-6.665665085902496e-10,1.143797711398519e-10
1692,0,2.641838482375454e-06,2.826850939752365e-11,-2.329420849063433e-06,1.253009010845753e-05
1692,1,1.334756605022587e-05,1.364775212470533e-09,-1.763560739592058e-05,0.000109331534449874
1692,2,4.796952213125638e-05,1.487743006595159e-08,-2.506926015804011e-09,0.0003704747581852965
1693,0,5.429451648509918e-07,2.141901773288566e-11,-3.660841799482934e-06,1.22317284702749e-05
1693,1,0.0001512059407243087,1.578970852914593e-07,0,0.001202510556328342
1693,2,0.0004563302284132763,1.253013970032988e-07,0,0.0007672987519690643
1694,0,0.0004784165920214724,1.373419452502373e-07,0,0.0007709086031527036
1694,1,7.906138339673487e-07,4.375491641223853e-12,0,6.324910671738789e-06
1694,2,2.078698213308601e-10,1.24359127926001e-19,0,1.071657002925298e-09
1695,0,9.659026005242748e-05,6.537241419449261e-08,-3.345981598268356e-07,0.0007730566785792467
1695,1,3.602540947453677e-06,2.401051503536467e-11,0,1.29180592857134e-05
1695,2,0.0001016334018025507,6.763701896175354e-08,-6.222966332553762e-11,0.0007894120396550876
1696,0,-3.429614374469995e-07,5.175092817049797e-13,-2.210647035301055e-06,0
1696,1,5.27856410717532e-06,9.3785751802983e-11,-2.148796471619836e-06,2.919726595876782e-05
1696,2,-4.460602103185204e-10,1.020831045245494e-18,-2.012751051135603e-09,1.152034660781225e-09
1697,0,1.05126344879389e-07,1.486491612637717e-12,-2.320829461170116e-06,2.474082780424891e-06
1697,1,-1.791555949096891e-06,1.215185298106115e-10,-1.702935756301417e-05,1.517199091717321e-05
1697,2,-3.936368535596527e-10,6.433631459143524e-19,-2.169949746497611e-09,2.84527096992959e-10
1698,0,-7.451572018785333e-07,3.886814788580115e-12,-5.961257615028266e-06,0
1698,1,-1.063155977409765e-05,2.579980252229979e-10,-4.588596592381755e-05,1.236350727799416e-36
1698,2,1.933497713434566e-05,1.73509118593445e-09,-1.654025545122965e-09,0.0001268800202651522
1699,0,7.557765109855131e-05,2.206878651654943e-12,7.335775771615554e-05,7.82314244562353e-05
1699,1,3.535828493185332e-05,1.33719544417117e-09,0,7.936624094574637e-05
1699,2,-4.817348588622018e-10,1.656156389689929e-18,-2.542853867410305e-09,1.615687401855883e-09
1700,0,2.890841328736265e-08,5.219242466643546e-13,-1.035811326169296e-06,1.672896053352244e-06
1700,1,1.62807837281139e-05,1.566867085180828e-09,-2.974309909614485e-36,0.0001207905519614875
1700,2,2.299274224307134e-06,3.700493975751871e-11,-1.551789375122791e-09,1.839382525830217e-05
1701,0,1.42660835574185e-05,3.519605009271129e-11,0,1.884593186278343e-05
1701,1,5.035697739907561e-05,1.430151436787399e-08,0,0.0003660913880700478
1701,2,-8.240412282550808e-10,3.239308759240951e-18,-4.355896866856267e-09,1.394450153212693e-09
1702,0,-1.492884605204133e-08,1.166607201045016e-13,-6.853757806939809e-07,6.736014126272713e-07
1702,1,3.316196820875016e-06,5.666011123148796e-11,0,2.299486994854321e-05
1702,2,1.026712051134341e-05,3.524975876884681e-10,-2.122093496802135e-09,5.311218009128096e-05
1703,0,3.797291139392557e-05,4.917033130292963e-10,0,5.450016981638725e-05
1703,1,3.082478243055325e-05,1.045999475322469e-09,0,8.223617944486659e-05
1703,2,-2.196014800033046e-10,1.472893018307516e-19,-9.806775538483377e-10,0
1704,0,6.796422437537753e-06,1.249442504949047e-10,-3.203581134641741e-07,2.643521188751031e-05
1704,1,7.75186090165391e-05,1.81185271670258e-08,-3.558770146809433e-05,0.0003576310285167662
1704,2,9.037969637164166e-05,9.810026182997579e-09,0,0.0002152644840665245
1705,0,7.416226547532548e-05,1.897908470483903e-09,0,0.0001194695858241337
1705,1,-2.212114108728416e-06,9.598946769630612e-11,-2.753808469683931e-05,5.30326853399493e-06
1705,2,1.357113194962326e-06,1.29100055200012e-11,-3.738067679248456e-09,1.086342822763967e-05
1706,0,1.134514682614118e-05,9.796153817955815e-10,-3.626090441097974e-06,9.40924356692255e-05
1706,1,1.741063889436031e-05,1.736590110232019e-09,0,0.0001275518564173793
1706,2,0.0001182048705020628,1.592276183464594e-08,0,0.0003326008910154052
1707,0,0.0001120342568152051,1.255197920553903e-08,0,0.0002247881550654221
1707,1,3.151755109303655e-07,6.953492188315187e-13,0,2.521404087442924e-06
1707,2,1.035643726989379e-05,4.363200817139194e-10,-1.973467746123245e-09,6.283068536609239e-05
1708,0,-9.304670068298167e-08,1.69603712046229e-12,-3.320254424864187e-06,1.375849995724032e-06
1708,1,9.617672120627324e-06,3.470834878535101e-10,0,5.766782488013179e-05
1708,2,8.020041008159485e-06,3.72147641709514e-10,-1.180912632209967e-09,5.885200751623076e-05
1709,0,-2.937631244742264e-07,3.287706928472496e-13,-1.703750418999949e-06,0
1709,1,1.544877406935772e-05,1.768785965656299e-09,-1.272306055352024e-05,0.0001258663280828274
1709,2,6.164623034659115e-05,2.660191098682397e-08,-8.676525744457493e-10,0.0004931707104253037
1710,0,0.0002408745282284891,1.258864073374136e-08,0.0001273356526891634,0.0003572847469830748
1710,1,2.283662054907094e-05,1.665044774361681e-09,0,0.000111397523072501
1710,2,1.327818887465878e-05,1.234181801456917e-09,-7.39866153115527e-10,0.0001062258763639848
1711,0,-2.706920949095055e-07,2.571058605098668e-13,-1.468945695234765e-06,0
1711,1,3.062061527431406e-05,4.484422277652385e-09,-4.355296072914072e-05,0.000156770689652585
1711,2,2.040057801083613e-05,1.544028211302908e-09,0,0.0001159812277780954
1712,0,0.0001115952029631167,1.780229729464845e-09,0,0.0001298075223830196
1712,1,2.654992920309917e-05,5.234435256382049e-09,-7.044242411664589e-06,0.0002177180044901531
1712,2,7.88891411628725e-05,1.959429213745139e-08,0,0.0003763447989474297
1713,0,8.152671032630441e-05,5.555907347221742e-09,0,0.0002306043222457425
1713,1,2.843915596918242e-06,5.277173444003038e-11,0,2.205427028811502e-05
1713,2,2.576083758694957e-05,4.645384733645651e-09,-7.659151319600005e-10,0.0002060874666107285
1714,0,3.750034206873863e-05,2.377001955654342e-09,-1.19554714779974e-06,0.0001039563238347472
1714,1,2.089395562671257e-05,2.598042867876516e-09,-2.860907927169323e-05,0.0001459084877642503
1714,2,-8.908151547796921e-11,5.554861479896169e-20,-7.126521238237537e-10,0
1715,0,-1.367114427728695e-07,5.757845695260712e-14,-6.24522053121153e-07,0
1715,1,-4.555917861338963e-06,2.561798215681832e-10,-4.573811837223866e-05,1.098395801577888e-05
1715,2,5.738265053479838e-05,1.284305483130497e-08,-5.727975492233039e-10,0.0003488980665441059
1716,0,8.270084127312129e-05,5.67710778192519e-09,0,0.0002607065364893344
1716,1,0.0001089733900692142,1.327251933285302e-08,0,0.000258665422704884
1716,2,7.839971776684671e-05,1.126862104735447e-08,0,0.0002619726403471965
1717,0,3.088772980706377e-05,5.759403734413221e-10,0,5.334514401839941e-05
1717,1,3.407291848321536e-05,5.108431618438697e-09,-8.270028495510963e-06,0.0002146164284332424
1717,2,8.929525536102294e-05,2.874850259939177e-08,0,0.00052564848115753
1718,0,5.312773926893519e-06,1.936374093096127e-10,-2.580588823689382e-06,4.198332857984659e-05
1718,1,4.449097680675863e-07,6.178213749315242e-13,0,2.089395555758029e-06
1718,2,2.469249028128107e-06,1.964676376117851e-11,0,1.22052499409802e-05
1719,0,0,0,0,0
1719,1,2.275847398742183e-05,5.142021281747974e-09,-2.876888977818307e-05,0.0002108366816775577
1719,2,-1.51465141538223e-10,3.796363310528366e-19,-1.72086955938883e-09,5.091484270830458e-10
1720,0,-1.026384594008784e-07,7.374257343730029e-14,-8.211076752070269e-07,0
1720,1,-1.668753111335402e-06,1.1670278596949e-10,-2.818736015692394e-05,1.248323335048912e-05
1720,2,4.745112146922368e-06,1.471581800407572e-10,-2.192330958561651e-09,3.682525607370978e-05
1721,0,1.245979167058255e-05,4.658717071096741e-10,0,5.056712735906917e-05
1721,1,2.981628116430411e-05,6.187363486033506e-09,0,0.0002379298897499262
1721,2,2.474600827267933e-07,4.288209552217339e-13,-3.343558875960305e-10,1.980015017701942e-06
1722,0,0,0,0,0
1722,1,6.047400733919057e-05,2.383474613157609e-08,-1.220842880791076e-05,0.000468210060671235
1722,2,0.0001476151850987363,3.637618654416298e-08,0,0.0004038327493203895
1723,0,0.0003808782605060483,3.203116699312442e-09,0.0002312213227153796,0.0004046487795108531
1723,1,1.72663531528154e-05,1.143596066591473e-09,0,0.0001016049562736426
1723,2,1.299349114481578e-10,1.181815684912842e-19,0,1.039479291585262e-09
1724,0,4.447154315381504e-07,7.407039851261681e-13,-1.633266840829499e-07,2.34512271893518e-06
1724,1,6.24297926938716e-06,2.432053554204042e-10,0,4.744687958665292e-05
1724,2,1.437550978022607e-06,1.447089229107534e-11,-1.788858813671096e-09,1.150215447827561e-05
1725,0,-7.702042800769387e-08,4.152502431341848e-14,-6.161634240615509e-07,0
1725,1,0.0001271410954693204,3.986304410133273e-08,0,0.0005747744332009876
1725,2,-5.254047344906859e-11,1.932350945176598e-20,-4.203237875925487e-10,0
1726,0,-2.036903059210418e-07,2.134953735480748e-12,-3.387859918034208e-06,2.360397558820224e-06
1726,1,-1.659569530460965e-07,1.9279197185041e-13,-1.327655624368772e-06,0
1726,2,4.906551091521316e-05,1.636157159507714e-08,-1.827066300136665e-09,0.0003874613835052493
1727,0,-6.27096041062353e-07,3.347276863547773e-12,-5.452889915236864e-06,4.361215867380402e-07
1727,1,1.808319518552627e-05,4.781529736041685e-09,-4.785534249847211e-05,0.0001963490832683132
1727,2,5.119985108472998e-07,1.835018898328198e-12,-7.1998967897384e-10,4.096009030807238e-06
1728,0,4.43829878016042e-07,9.524466682030189e-12,-4.650218087874145e-06,6.143644179417093e-06
1728,1,-3.591807463197889e-06,5.678278868315262e-10,-6.430864719957751e-05,2.010810527847793e-05
1728,2,5.37889491146746e-06,1.015880521737499e-10,-1.572446942112347e-09,2.92045545477424e-05
1729,0,2.194678750432648e-05,1.792540566962256e-10,0,3.822665962517002e-05
1729,1,8.040124889577627e-06,2.253164809802793e-10,-5.199229540054797e-06,3.766430093215437e-05
1729,2,5.335774165010597e-12,2.161616209850146e-18,-2.519448368782798e-09,3.238523615502522e-09
1730,0,-1.201255994825585e-06,5.35906655135085e-12,-7.1607019897519e-06,0
1730,1,3.190732820617633e-06,6.07790890692678e-11,0,2.379447239163891e-05
1730,2,8.271218150619247e-06,4.251096747147223e-10,-2.907901791657355e-09,6.274079979024851e-05
1731,0,1.277004859011726e-05,1.64302887681078e-10,0,2.80028222106104e-05
1731,1,5.152234088277213e-05,1.496105389271168e-08,-4.625698540429273e-36,0.0003739914183829173
1731,2,5.714170534850388e-06,2.285566058044152e-10,-5.227779358649835e-10,4.571287351455843e-05
1732,0,1.111547670700186e-05,2.278460764147855e-10,0,4.5550459588636e-05
1732,1,1.672080053063e-06,9.023403150921486e-12,0,8.283121816675567e-06
1732,2,-1.342167307581889e-09,2.221291890201847e-18,-3.883870443233967e-09,0
1733,0,-8.584956768277482e-08,1.162382027132226e-13,-9.570032182315724e-07,2.702066767693739e-07
1733,1,8.210916967424187e-05,1.956557010725832e-08,0,0.0004182366146137401
1733,2,0.0001018070315996262,1.347569723122643e-08,0,0.0003582879483987622
1734,0,0.0001384895444173747,6.563730581139389e-09,0,0.0002165908886518516
1734,1,2.896737003876747e-06,1.596498890852207e-11,0,1.036832935137817e-05
1734,2,4.942230834372572e-05,7.354916473349186e-09,-3.440005773436744e-10,0.0002081193057699361
1735,0,2.484593131185333e-05,3.747418944942112e-09,0,0.0001864574419863262
1735,1,5.632797788906869e-05,1.983043667972311e-08,0,0.0004287837291896424
1735,2,7.303890460481791e-05,6.326992171530899e-09,0,0.0002111162241389041
1736,0,3.687294059916058e-05,4.078868825291123e-09,0,0.000147823906964258
1736,1,4.935219944566832e-05,1.600382234613336e-08,-7.852157732253505e-06,0.0003835888876954421
1736,2,1.010339299449144e-05,3.233984711483768e-10,0,4.869917905167154e-05
1737,0,3.660013235622781e-06,9.376987819453756e-11,0,2.928010588498225e-05
1737,1,5.637398185006147e-07,2.224618080741742e-12,0,4.509918548004918e-06
1737,2,9.945538129106765e-06,6.92402097585356e-10,-3.014829333360318e-10,7.956460651578745e-05
1738,0,2.347077246383902e-05,3.856140120345128e-09,0,0.0001877661797107122
1738,1,1.557277798286259e-06,5.54509114945063e-12,0,6.418897093990065e-06
1738,2,3.031285586725626e-05,6.432130836849496e-09,-7.623976609033255e-10,0.000242503609335711
1739,0,5.139092040847417e-05,6.599112882690911e-09,-1.449037329663179e-06,0.0001936712054793711
1739,1,1.230726113141864e-06,1.060280735898497e-11,0,9.845808905134915e-06
1739,2,2.844806548421974e-05,4.448737422161859e-09,-1.239722023186579e-09,0.0002037000531424952
1740,0,2.235042695353243e-05,3.4962884657311e-09,-9.416523255233677e-07,0.00017878536899776
1740,1,-2.300604194785938e-06,4.628832080966918e-10,-3.793539591579113e-05,4.460002721851391e-05
1740,2,9.777106548167016e-07,6.691426871794723e-12,0,7.821685238533613e-06
1741,0,2.608935640873544e-06,1.009521951083958e-11,0,8.076301863502212e-06
1741,1,-1.610804910800426e-06,8.829656711913545e-11,-2.265609515317495e-05,1.361730190884556e-05
1741,2,0,0,0,0
1742,0,-7.422210400127563e-07,1.672912523429485e-11,-9.037049308455078e-06,6.637326949060898e-06
1742,1,4.565132908336929e-06,1.500124883591044e-10,-1.02880098093211e-05,3.408151470319368e-05
1742,2,2.938580563330126e-05,4.867250785945138e-09,-1.20274755585405e-09,0.0002129720948504202
1743,0,0.0001483685774538393,1.637859097974958e-08,0,0.0003798308911636088
1743,1,6.422308120492465e-05,6.550431808871629e-09,0,0.0001771652676377311
1743,2,-4.232290689180038e-11,1.253859913440403e-20,-3.38583255134403e-10,0
1744,0,4.190768884100512e-08,5.258585867653449e-14,-2.674191062589939e-07,6.026806169870348e-07
1744,1,6.391000537035615e-05,1.48850958168152e-08,0,0.0003582388413089127
1744,2,6.530001748428452e-06,2.984681455042253e-10,0,5.223861162725344e-05
1745,0,0.0001446303346647077,1.349777904339548e-08,0,0.0003271537692008774
1745,1,7.991603591512282e-06,3.103156525224641e-10,0,5.406220174786232e-05
1745,2,3.425769109505795e-05,3.85697860801407e-09,0,0.0001838635676722059
1746,0,1.606305913738366e-05,1.823548472666901e-09,-6.878962444628725e-07,0.0001290428889420502
1746,1,0.000142535829799117,9.042374056707755e-08,0,0.0009284618397941246
1746,2,0.000292685500551865,9.832654463402993e-08,0,0.000705948718743571
1747,0,8.308652966049969e-05,2.275967302534062e-08,0,0.0004228902248503065
1747,1,3.117159486822032e-06,6.801678286399217e-11,0,2.493727589457626e-05
1747,2,0.0001238468864814489,5.200120082789514e-08,0,0.0006924777970326175
1748,0,4.795355164806555e-05,6.898632265178953e-09,0,0.0001919222471010291
1748,1,6.535010213872897e-07,2.989445094679616e-12,0,5.228008171098318e-06
1748,2,2.209607299166456e-05,3.417710119524968e-09,-1.245188830381546e-09,0.0001767698291221468
1749,0,7.600002021452839e-05,4.037341379284637e-08,0,0.000607614339910749
1749,1,-8.793287305097529e-07,1.836603584861929e-11,-1.152890123180804e-05,4.494271387730012e-06
1749,2,2.965573645491564e-06,6.156101072569758e-11,0,2.372435672734304e-05
1750,0,0.0001623556158596537,7.53392714154377e-08,0,0.0006376072701252376
1750,1,2.310626957964608e-05,3.693892057481624e-09,0,0.0001839060703512419
1750,2,4.329751252871267e-05,1.298197854701024e-08,-3.656794773183465e-10,0.0003447470916394152
1751,0,0.0001340669510426843,5.698715793334818e-08,0,0.0007155235524283177
1751,1,-6.646683022691419e-06,1.553637346888395e-10,-3.614257827547093e-05,0
1751,2,7.213384760326832e-11,1.051136138148066e-19,-3.098081159598195e-10,8.86878896785966e-10
1752,0,1.242356886976904e-06,2.329233349849905e-11,-2.095569214005991e-06,1.384003251621923e-05
1752,1,1.190374072060187e-05,2.401850590896559e-09,-2.50706640026202e-05,0.0001386600413561149
1752,2,-3.787830336791501e-10,9.04721703532035e-19,-2.892509270758134e-09,0
1753,0,-4.248327665064795e-07,1.56344022892442e-12,-3.721203060422965e-06,3.22540928371129e-07
1753,1,0.0001540985317835241,6.261500088527052e-08,0,0.0006224997295722339
1753,2,0.0001241086179358405,3.048808114909296e-08,0,0.0004897874203014457
1754,0,0.0002924695244429681,3.121617894161868e-08,0,0.0004795072882669897
1754,1,3.308647199417689e-06,7.311407503698653e-11,0,2.592673379626622e-05
1754,2,2.113657713963004e-05,2.973872422309372e-09,0,0.0001653821358325891
1755,0,5.330794047825652e-06,4.748371523038809e-11,0,1.714551580885591e-05
1755,1,-4.244031366383276e-06,1.939053175993679e-10,-3.749621535874847e-05,1.366927078190823e-05
1755,2,3.187476961206884e-05,7.112029575650842e-09,-3.609572913015649e-10,0.000254998517853842
1756,0,0.000240534067599186,8.596777263345612e-08,-2.959014547670455e-06,0.0008138407588810171
1756,1,4.223149614466842e-05,1.544331862647374e-08,-3.489239875191504e-05,0.0003695768260219471
1756,2,0.0001539317751995176,4.746109412111223e-08,0,0.0006039056722666509
1757,0,-1.410958714640325e-07,1.230427999560785e-13,-1.067647492610017e-06,0
1757,1,9.025984875421144e-06,2.615353302970148e-09,-6.167320902834062e-05,0.0001333014329684599
1757,2,1.116358523941648e-06,8.728216612372042e-12,-3.458383838662918e-09,8.932847830025031e-06
1758,0,1.568757505493481e-07,1.722700077729491e-13,0,1.255006004394785e-06
1758,1,7.596383455760037e-06,2.738572543218611e-10,-6.151205000802404e-06,4.962277504516714e-05
1758,2,1.842191952427502e-06,2.376247048249665e-11,-1.598388120074296e-09,1.473937345397321e-05
1759,0,0.0001449997576939301,1.480962376720246e-07,-2.193915577190935e-06,0.001163169622269685
1759,1,0.0008688576387884873,2.519255300519934e-07,0,0.001194864707096723
1759,2,0.0006057412302160929,2.882185216032766e-07,0,0.001193190480804098
1760,0,9.945517885687343e-06,6.92393282101688e-10,0,7.956414308549874e-05
1760,1,0.0002167447172382664,1.575731153524387e-07,-4.548911292147992e-05,0.0009092116483241801
1760,2,-9.574076402597978e-11,6.416405727394841e-20,-7.659261122078382e-10,0
1761,0,-6.556628535305164e-07,2.550787616466607e-12,-4.868631186041011e-06,0
1761,1,2.052491007181723e-05,2.772116379331067e-09,-3.576229131977663e-07,0.0001597622931735943
1761,2,1.742592493261234e-05,1.031624325805558e-09,-2.192914332413267e-09,9.166775380818108e-05
1762,0,6.368941911570639e-06,9.904002701836775e-12,0,1.035611708457197e-05
1762,1,0,0,0,0
1762,2,-2.635840996668676e-11,4.863360431803523e-21,-2.108672797334941e-10,0
1763,0,0,0,0,0
1763,1,0,0,0,0
1763,2,3.593638172597375e-06,9.039964720884301e-11,0,2.8749105380779e-05
1764,0,1.032265326705657e-05,1.781981910064507e-10,0,2.866193748962513e-05
1764,1,0,0,0,0
1764,2,1.604631417087504e-05,1.033537126179188e-09,-9.888043930694113e-10,9.650098983886966e-05
1765,0,4.4428864989645e-05,8.092464469699767e-10,0,7.091386742221953e-05
1765,1,3.012894637499359e-05,1.47243442551063e-09,0,9.04708831851691e-05
1765,2,-5.161954754441862e-10,1.334820655651224e-18,-3.528267260834464e-09,0
1766,0,1.340198300146818e-06,1.520939529078617e-11,-1.113645946865555e-06,1.160830500644673e-05
1766,1,1.212247598410852e-05,1.025605941834054e-09,0,9.685280996484353e-05
1766,2,-7.373082091877236e-10,5.670653818825471e-18,-6.969075437061831e-09,1.070609763560042e-09
1767,0,0.0001311863940801269,1.213892187973206e-07,-3.495311237741115e-06,0.001052986463878756
1767,1,7.568806159570462e-05,2.227490122203502e-08,0,0.0004493173145571626
1767,2,2.949174511761189e-05,3.458320797863844e-09,-3.020232279467535e-09,0.0001762422148847772
1768,0,8.729170144604089e-05,3.010328369374839e-09,0,0.0001722573888472111
1768,1,0,0,0,0
1768,2,4.94327874017645e-05,1.130057340470448e-08,0,0.0003280102679234668
1769,0,8.998898857288056e-05,8.098055398986027e-09,0,0.0001802071703739123
1769,1,1.552640445828124e-05,8.254620114559008e-10,0,8.858788259779128e-05
1769,2,2.052952651346456e-05,2.118761270271843e-09,-1.507629302104914e-09,0.0001405772533575132
1770,0,0.0001117046523357407,8.724607606280785e-08,-1.939236930944871e-07,0.0008931918135178312
1770,1,2.111576778681125e-05,2.841260468620608e-09,0,0.0001620876877810507
1770,2,-5.404500206133558e-10,2.044603573466838e-18,-4.323600164906846e-09,0
1771,0,0.0001240175805591389,1.077125054976077e-07,-2.014768186808772e-07,0.0009923421212917919
1771,1,1.030853343915979e-05,7.484303952389096e-10,-4.221780215585015e-06,8.247406959414807e-05
1771,2,3.672175183681793e-07,9.448012152651796e-13,-1.170875447723371e-09,2.938911022393158e-06
1772,0,1.278331723727869e-05,1.170946275700414e-09,-1.133204508215342e-06,0.0001033130395084018
1772,1,-5.873004326712528e-07,3.198109057673991e-11,-1.35340436611298e-05,8.684170548944803e-06
1772,2,8.770096490200991e-06,5.383857716183739e-10,-8.191275296916562e-10,7.015983828931863e-05
1773,0,1.477132684976809e-05,1.028243899137942e-09,0,9.89120301854811e-05
1773,1,0.0001502765756421329,2.874825250638892e-08,0,0.000452488131901695
1773,2,9.066043713633381e-05,1.597421675957129e-08,-8.839062925112581e-10,0.000348015586433673
1774,0,0.0001861610040460632,2.382285661598257e-08,0,0.0003355442348317907
1774,1,7.016230244819359e-06,6.26349974558631e-10,-1.700315461540529e-05,7.150426317282231e-05
1774,2,2.607332092520178e-05,3.570547839695789e-09,-1.8842695462903e-09,0.0001825513289791601
1775,0,5.384384646069589e-05,1.322474620006911e-08,0,0.000356578898433256
1775,1,5.174493771209623e-06,1.336180161350491e-10,0,3.529822970867126e-05
1775,2,7.877604337839539e-05,4.343963161740367e-08,-2.624767281911106e-09,0.0006302081981436655
1776,0,0.0001765355746274366,3.083988596220462e-08,-1.113693835566973e-06,0.0005594548035047378
1776,1,0.0003902772810613887,2.468336715960766e-07,0,0.001395790369782928
1776,2,0.0003867497106598652,2.519404939742253e-07,0,0.001113073985448572
1777,0,0.0002161188022087942,1.396948468405594e-07,0,0.0008664777724419945
1777,1,-7.004389708759957e-06,1.625390003463747e-10,-3.943318146091627e-05,0
1777,2,1.263722277545863e-10,2.027728527325345e-19,-2.815639026849374e-10,1.292541724721628e-09
1778,0,0.0002418472443449237,1.791076569200714e-07,-4.592751878365086e-06,0.001070138103122725
1778,1,-1.714111482562775e-05,7.173769825410402e-10,-6.475240508560616e-05,9.581227531971937e-06
1778,2,-4.399955132342767e-10,1.212186166416876e-18,-3.349193192361937e-09,0
1779,0,0.0002423558066221544,1.781621308741504e-07,-2.109511690264084e-09,0.001070168821500091
1779,1,-7.957744384394036e-06,4.634378871118545e-10,-6.467724499111751e-05,4.409390461338061e-06
1779,2,8.009857915037438e-05,3.847128870400727e-08,-7.457462446209844e-10,0.000597695094638739
1780,0,0.0001323913798571874,8.552513975338809e-08,0,0.0009047734802182974
1780,1,0,0,0,0
1780,2,0.0001616901903421888,1.102646977672209e-07,-8.440648929899103e-10,0.001003599568844216
1781,0,2.207177895434467e-07,4.267983411727612e-13,-1.766557424944795e-07,1.942398058842053e-06
1781,1,6.53894753270741e-06,2.993048438485022e-10,0,5.231158026165928e-05
1781,2,3.717847908488223e-07,9.674822749223265e-13,0,2.974163686128951e-06
1782,0,3.444642686396821e-07,8.305894265862975e-13,0,2.755714149117456e-06
1782,1,-2.815195037041265e-06,5.547726167607239e-11,-2.252156029633012e-05,0
1782,2,2.126202699551307e-06,3.161081781002709e-11,0,1.7001541780384e-05
1783,0,0.0001446512704790568,1.366533765916453e-07,0,0.001122227768852781
1783,1,0.0003040674434295294,2.08275434390447e-07,-2.322296005060457e-05,0.00111078741962244
1783,2,0.0004007604427189148,2.686104733935752e-07,0,0.00112896832705701
1784,0,-1.287999629791333e-06,3.595772626742704e-12,-5.533503174430981e-06,0
1784,1,0.0002588310398863362,1.221576492324408e-07,0,0.000864647200074282
1784,2,0.0001399891231352496,1.251323308824437e-07,-3.452587908760995e-09,0.001075093288478844
1785,0,2.756829624015678e-05,1.165430475027574e-10,0,3.526253893775177e-05
1785,1,0.00036403384959149,2.105234352260336e-07,-1.426963984073343e-06,0.001070399756190484
1785,2,0.0001540527613763832,1.661277102820994e-07,-6.595311818010697e-09,0.001232428378654892
1786,0,-5.572152714114502e-07,1.521289713160442e-12,-3.753416010752756e-06,3.845924276334209e-08
1786,1,7.984868718296699e-06,4.368301935337226e-10,-2.240004572276081e-05,5.528258197414057e-05
1786,2,7.723864571897859e-06,1.790235721059522e-10,-4.3120738842535e-11,3.133814121650259e-05
1787,0,-1.79708120333381e-07,1.504510369464141e-13,-1.181719125794749e-06,0
1787,1,-2.228218316865839e-05,1.695321796710995e-09,-0.0001075470115651935,2.03322132285774e-05
1787,2,2.555928530876495e-11,7.47217840816571e-20,-4.372513308759672e-10,6.417256133460867e-10
1788,0,0.0001390633839498902,1.377627755020038e-07,-8.526003733617217e-06,0.001121043489923662
1788,1,-9.468976976908282e-06,4.299622903042104e-10,-6.273004395027166e-05,4.360194826200461e-06
1788,2,2.125163301171942e-07,3.171820620663829e-13,-1.62737119095571e-09,1.702574141310466e-06
1789,0,-5.001888479952253e-07,1.751322185611533e-12,-4.001510783961802e-06,0
1789,1,-5.276147136008756e-06,1.246404113133795e-10,-2.756572104753035e-05,5.958722650503266e-06
1789,2,3.400379622714551e-05,8.093807105000649e-09,0,0.0002720303698171641
1790,0,0.0002370392625094482,8.031278821118198e-09,0,0.0002756567279592856
1790,1,0.0001521834567689436,1.530442584521862e-08,0,0.0002850677463954926
1790,2,1.873146867070212e-05,1.699172862669334e-09,-3.179335395446704e-10,0.0001269673616012128
1791,0,4.792105088808038e-06,1.567119838024261e-11,0,1.039249198634428e-05
1791,1,9.048068301608584e-05,2.367623487143629e-08,0,0.0004205013431604847
1791,2,0.0002341450151839971,6.804277077829198e-08,0,0.0007500339041925922
1792,0,0.0001026849095539763,6.329613587141043e-09,0,0.0001679648260535761
1792,1,2.22364701051293e-05,2.129372944624722e-09,0,0.0001397785917948201
1792,2,2.795591688113505e-05,5.470694205417916e-09,0,0.000223646640824719
1793,0,8.454046861696197e-05,1.191288166724215e-08,0,0.0002275618447226816
1793,1,2.003989714825295e-05,3.518947752998605e-09,-1.825418951374352e-05,0.0001761470770474975
1793,2,5.924820997792701e-06,2.457245269911971e-10,0,4.739856798234161e-05
1794,0,7.192694515171e-05,1.908467035169159e-08,0,0.0004327606118358287
1794,1,3.372541616542668e-05,4.174800166576164e-09,0,0.0001971350151871016
1794,2,-1.381121719748396e-10,5.749150933545862e-20,-5.851040514793648e-10,0
1795,0,-1.276353621255663e-08,1.140354996544712e-15,-1.02108289700453e-07,0
1795,1,3.442591217659115e-05,3.405188657083103e-09,0,0.0001806400353801568
1795,2,7.534352331811954e-05,1.054662885530407e-08,-3.908877110274738e-09,0.0002392490326117116
1796,0,0.0002322273892846416,3.297717005294303e-08,0,0.0005597988081097017
1796,1,3.183584935521708e-05,1.844280954022689e-09,0,0.0001117853526650841
1796,2,1.430442811032383e-10,5.492485588639928e-19,-1.246217841811311e-09,1.526911811335612e-09
1797,0,6.32337052150184e-08,1.479248576436865e-13,-4.844371428543789e-07,9.90306784574526e-07
1797,1,6.492690358148165e-05,7.742505574080165e-09,0,0.0002211449641059684
1797,2,4.560008628727923e-05,1.455577522751084e-08,-2.115333275899096e-09,0.0003648028848169738
1798,0,-2.391433709094908e-07,4.0032686294968e-13,-1.913146967275927e-06,0
1798,1,3.977800927213616e-05,4.810433595578968e-09,0,0.0001878321276203451
1798,2,-3.901188399549675e-10,3.937488874405794e-19,-1.84112868062895e-09,0
1799,0,0.000104681586506366,7.671919614118762e-08,-5.518403868903825e-08,0.0008375078760896169
1799,1,0.0001916294886815536,1.10181834530539e-07,0,0.0008386399409916005
1799,2,0.0002269978460376616,7.858326025799959e-08,0,0.0006669296951611636
1800,0,0.0001662960993948426,8.296348807451788e-08,0,0.0006662980450994015
1800,1,1.592488804176722e-05,1.499832317017141e-09,0,0.000118069622595152
1800,2,-5.611034560017778e-10,1.971157848494735e-18,-4.270885223739481e-09,0
1801,0,0.0004130573159594207,1.023785381136081e-07,-5.321270725006132e-07,0.0006667259063108608
1801,1,2.45094304726768e-05,2.603690834164994e-09,-2.025471558063436e-05,0.0001309868644241295
1801,2,0.0002440195779369822,1.276132434473697e-07,0,0.001112766262518911
1802,0,0.0001905610430791843,3.636029642862454e-08,-9.823976179479377e-07,0.000382835652061336
1802,1,0.0001340834946040794,3.902415972468754e-08,0,0.000583772603358635
1802,2,3.166933013454285e-05,7.020371267697438e-09,-4.538480012549089e-10,0.0002533506303536836
1803,0,0.000173743145207466,4.386053499040443e-08,0,0.0006343015853094239
1803,1,0.0001241854094442501,2.401194018253991e-08,0,0.0004682410906404462
1803,2,4.604698627139879e-05,1.4236685116867e-08,-3.610488833598097e-09,0.0003616782248052642
1804,0,3.166694321370372e-05,7.028034272036988e-09,-1.336213731222271e-07,0.000253469167082752
1804,1,0.0002426557453674546,1.069720188759643e-07,-2.176420853828188e-07,0.0008421007910095965
1804,2,4.636578126182364e-05,1.090033316306916e-08,-2.221426113050611e-09,0.0003210667135092574
1805,0,0.0001074142822050858,5.312852113332535e-08,-8.942321129712703e-07,0.0007115318610546757
1805,1,7.54881850466844e-05,8.159551413521972e-09,0,0.0002301129631637732
1805,2,3.16283394408706e-05,2.828378044889382e-09,0,0.0001300635825769951
1806,0,6.7303541379298e-05,5.064870917895283e-09,0,0.0001912610466860134
1806,1,4.71552593211343e-05,1.514632713711956e-08,0,0.0003727552061493231
1806,2,5.927712099990324e-05,1.140723416168094e-08,-2.827684471204038e-09,0.0002959564667024234
1807,0,6.988166994914357e-05,8.136301863806197e-09,-3.888209383159426e-07,0.000189926897353915
1807,1,0.0003447067514975761,1.484644718003529e-07,9.967752025471405e-07,0.001041865836381272
1807,2,7.7037397771725e-05,2.032990998767181e-08,0,0.000408660844613157
1808,0,0.0002036990015851661,4.149535787215983e-08,0,0.0004106097463490332
1808,1,1.342507453064734e-05,4.613642399076174e-10,0,5.681950183209632e-05
1808,2,8.992048486597791e-11,5.659985518972794e-20,0,7.193638789278233e-10
1809,0,1.624373616350531e-07,1.789960873606584e-13,0,1.281693741540293e-06
1809,1,5.872761547126562e-05,2.301858255016512e-08,0,0.0004601006392598787
1809,2,0,0,0,0
1810,0,0.0002991719201770163,1.23054305858118e-07,0,0.001047011558856583
1810,1,5.863013707967004e-06,3.702079687447731e-10,-1.279665240739969e-05,5.534721801244514e-05
1810,2,0.0005342039349005532,1.155015216880631e-07,0,0.0008943121271167551
1811,0,1.364448981650692e-07,2.356298433158554e-13,-3.4961689040218e-07,1.381364179128881e-06
1811,1,1.305368987235541e-06,3.837080135864135e-12,0,5.763702544921861e-06
1811,2,4.643879854897093e-06,8.626727619602359e-11,0,2.786431177938768e-05
1812,0,9.905513178171032e-05,7.05835276198599e-08,-4.254887355225964e-06,0.0008019516118250126
1812,1,4.460641236410444e-05,1.684000273771265e-08,-3.244736045016511e-05,0.0003866432125244023
1812,2,4.015384006403543e-05,4.85712786371529e-09,0,0.0001695898235940535
1813,0,9.995520790550598e-05,1.631838808674206e-09,0,0.0001516421477922376
1813,1,1.741261609292946e-05,6.586064573268395e-10,0,7.413496285275532e-05
1813,2,-4.361007660317122e-10,6.499160555442071e-19,-2.307836897487497e-09,0
1814,0,-2.961025197204053e-07,2.012518192275458e-13,-1.161351843740625e-06,2.879124256527401e-07
1814,1,4.033770091996325e-05,1.47915557388523e-08,-3.92709255241027e-05,0.0003602838179620046
1814,2,0.0001073444748908479,2.085112670814515e-08,-3.645959280010539e-09,0.0003794137251752757
1815,0,0.0001862392144127611,1.156178027996935e-08,0,0.0002487638501678044
1815,1,0.000100242344580936,6.061965762161234e-08,-6.496260432555607e-06,0.0007495576975778391
1815,2,3.765400067362461e-05,5.10619087424612e-09,0,0.0002138841832135961
1816,0,3.553646624534925e-06,1.271657100750644e-11,0,7.486906269952204e-06
1816,1,1.897400792621283e-05,1.471781034787499e-09,0,0.0001195586397011718
1816,2,3.811095397061123e-05,8.14902795332454e-09,0,0.0002756209122323013
1817,0,1.535852846245801e-05,2.394122130520914e-10,0,3.466994968233838e-05
1817,1,1.587585713798098e-06,1.515000102532133e-11,0,1.185986763664274e-05
1817,2,8.483515599471521e-10,5.983940584400583e-18,-5.180331252565829e-10,7.3048456048338e-09
1818,0,0.0001045083907469113,6.584104265799209e-08,0,0.000782772712096134
1818,1,0.0003632071133318235,1.883995292790472e-07,0,0.00120599518367647
1818,2,0.0004394194902195679,1.372946349987167e-07,0,0.0008898046698198043
1819,0,3.395878586641343e-05,1.154077548186067e-09,0,6.993707107741544e-05
1819,1,0.0001260830097079018,5.500449832857607e-08,-5.602688079600555e-05,0.0005461442581263992
1819,2,-3.201897368289186e-10,7.176502729940048e-19,-2.561517894631349e-09,0
1820,0,6.330584925166033e-07,1.632725215539049e-12,0,3.844386477508847e-06
1820,1,1.825378439079256e-05,5.337928447909902e-09,-4.91891521195024e-05,0.0002062584344209566
1820,2,2.550069460795239e-10,4.551997978416365e-19,0,2.040055568636191e-09
1821,0,1.168075236824804e-05,9.550798312183254e-10,0,9.344601894598433e-05
1821,1,9.889739272345846e-05,6.166794414313835e-08,-0.0001117642107453993,0.0007286657733217346
1821,2,0.0002006249687821194,1.235153922618069e-07,-7.329421682857297e-09,0.001095110311770957
1822,0,4.254379383735542e-06,1.351608824516525e-10,-9.671037431821446e-07,3.500213881306648e-05
1822,1,2.026347044982873e-05,4.656443353686091e-09,-6.489368380283313e-05,0.0001867825270001653
1822,2,2.125467694133502e-10,2.69412936516664e-18,-2.210231448029595e-09,4.121278656630058e-09
1823,0,2.050560477619492e-05,1.150674048616047e-09,0,0.0001036549660512344
1823,1,2.753961145805461e-05,2.384354700386816e-09,0,0.000153131191048096
1823,2,7.22073495107343e-06,3.649770543737038e-10,-3.933046856123405e-10,5.77661539371457e-05
1824,0,3.231957162387349e-05,2.050935421337245e-09,-3.023580477203158e-07,0.0001093431824423811
1824,1,2.357277476209107e-06,6.706298023032524e-11,-4.768454524430572e-06,2.362667433410343e-05
1824,2,8.918272586141466e-08,5.574905647810046e-14,-4.154570391360961e-10,7.138772639304534e-07
1825,0,-7.781536095612827e-07,4.146942215113703e-12,-6.165726355547831e-06,0
1825,1,3.143973083538294e-05,7.848435857073421e-09,-1.399895059864287e-05,0.0002655167972817064
1825,2,-1.374136396988859e-09,9.360594805744793e-18,-9.281203752952274e-09,2.360138810894922e-10
1826,0,-3.665746909149288e-09,2.148338282674578e-14,-3.075320349976317e-07,2.782060597244374e-07
1826,1,2.473865377624965e-05,6.151953729599848e-09,-3.546145128376917e-05,0.0002298736478826125
1826,2,2.371883338228955e-05,3.938706410023669e-09,-6.035653032858709e-09,0.0001897638418330509
1827,0,4.369460860322909e-06,2.166379396439726e-11,-4.860926638478695e-07,1.028988443965647e-05
1827,1,1.854578839239831e-06,2.949737187401309e-11,-6.309813825051763e-06,1.079100915514122e-05
1827,2,4.991336755600543e-05,7.569426326449277e-09,0,0.0002309647874149482
1828,0,0.0001448877562328322,1.26093717445305e-08,0,0.0002392201212788555
1828,1,0.0001226008986443537,3.547458336558491e-08,0,0.0005625760696718848
1828,2,0.0001343100837881701,3.057244175532608e-08,-1.481152524973296e-09,0.0004101186283283801
1829,0,0.000308419786567827,4.077112090958887e-08,0,0.000568053954081877
1829,1,9.982212915824902e-05,2.216435608266652e-08,-6.484369149147946e-05,0.0003694151065649358
1829,2,3.76475810588859e-05,8.741626118158934e-09,-2.659424984945608e-10,0.0002845994487313045
1830,0,4.170679990738584e-05,1.215704783861501e-08,0,0.0003334246482502668
1830,1,8.781498403497039e-05,4.760235629524791e-08,-1.594077416133101e-05,0.0006631502157937972
1830,2,1.06885130472413e-06,8.01382062164652e-12,-1.009629551749522e-08,8.55861573250225e-06
1831,0,-4.226090676246585e-07,6.163873886600759e-13,-2.258211284194469e-06,0
1831,1,1.056666074479304e-05,3.075907551747703e-09,-6.586137129075254e-05,0.000145408519263098
1831,2,2.286327648451403e-05,3.650918397864394e-09,-8.818170362955962e-10,0.0001827269821451276
1832,0,0.000142668779108187,6.176257409058719e-08,-3.048841645226532e-06,0.0005747911929096716
1832,1,-8.165174839618014e-07,1.525407373274017e-10,-2.567672186476968e-05,1.901926878345275e-05
1832,2,1.388864454845832e-05,1.350431747758569e-09,-2.581613700789286e-09,0.0001111152984434506
1833,0,2.630710427378349e-07,3.88079728445654e-13,0,1.901897277875047e-06
1833,1,-2.12495390358403e-06,3.24532607112198e-11,-1.719624555557476e-05,1.966143967003966e-07
1833,2,-9.919123764264941e-10,2.373007633957263e-18,-4.346105314348813e-09,2.235228783049772e-10
1834,0,2.837950085310182e-08,4.953365317718693e-15,0,2.142588017357295e-07
1834,1,6.419344219785006e-05,1.533028648144426e-08,-1.817078333913595e-05,0.0003430830734959966
1834,2,8.808868913200997e-07,4.038594201200123e-12,-1.018323772059178e-09,6.139252194281695e-06
1835,0,-6.825183930650356e-07,5.641321770142086e-12,-6.833674951572277e-06,1.111586214678037e-06
1835,1,-1.799377133040943e-06,6.915906150130463e-11,-2.303556803057718e-05,6.850976049477319e-06
1835,2,1.768450654202722e-05,1.295263231761836e-09,-1.989592932848355e-09,0.0001085277990118245
1836,0,-6.106151132859298e-07,2.225328592321562e-12,-3.904460149575885e-06,1.097932843609334e-06
1836,1,7.408003148790691e-05,2.404549684462991e-08,-5.243413217277562e-06,0.0004696866978404014
1836,2,0.0002003063558625264,4.201121940638969e-08,0,0.0004807398833844214
1837,0,4.699395235515446e-05,1.588729148331644e-08,-4.502727662775989e-06,0.0003804543465040116
1837,1,-1.542885020643038e-05,4.564228725608334e-10,-4.837224642955903e-05,4.71814043703228e-06
1837,2,0,0,0,0
1838,0,0.0001414085374823502,3.341214040644869e-08,-6.409815196790469e-07,0.0003791486696800693
1838,1,-1.178938122010037e-06,1.118327500859737e-11,-1.001238905175177e-05,5.808840756714733e-07
1838,2,4.81031771385817e-05,7.932040196019723e-09,-4.78623945611775e-09,0.0002603965076989765
1839,0,7.38607503398654e-05,2.088056853626045e-08,0,0.0004477631911333079
1839,1,8.848640711982179e-07,3.649692627471056e-09,-9.948016664699669e-05,0.0001335136247665022
1839,2,1.852962081040599e-05,2.398697837595299e-09,-6.167489977798588e-10,0.0001481092198421203
1840,0,0.0002578757532187175,4.195620018173667e-08,0,0.0005988525891859514
1840,1,2.996426436770833e-05,5.765797784519737e-09,0,0.0002308352197926773
1840,2,4.476920972562762e-05,6.235631561857872e-09,0,0.0002105913320873153
1841,0,-6.171462239812488e-07,2.818914704966655e-12,-3.477042816207477e-06,8.429549341109389e-07
1841,1,2.955218173759938e-05,5.398907883973424e-09,0,0.000223679299928818
1841,2,1.03824512180022e-05,4.544313700461956e-10,0,6.442482530559736e-05
1842,0,2.416409311858981e-05,9.74128221081239e-10,0,6.575025322798917e-05
1842,1,3.012575919483792e-05,3.002658690884853e-09,0,0.0001613237706418414
1842,2,3.3088690794504e-05,5.40612338234941e-09,0,0.0002244750976729912
1843,0,1.466600390443098e-05,6.659955526638284e-10,-1.121729966824031e-06,6.324150498940152e-05
1843,1,2.039791191063762e-05,1.218329841413447e-09,0,9.061590537380967e-05
1843,2,-1.447275896030244e-10,1.466225263461103e-19,-1.157820716824195e-09,0
1844,0,7.1967895218054e-08,3.625564559481759e-14,0,5.75743161744432e-07
1844,1,7.81477030069737e-05,4.254702843347964e-08,0,0.0006238838442511114
1844,2,-3.732158494076864e-10,9.75030491743706e-19,-2.985726795261491e-09,0
1845,0,1.756155403096648e-05,2.158857259877887e-09,0,0.0001404924322477319
1845,1,7.289251319041922e-05,7.408344799237185e-09,0,0.000231798713503072
1845,2,4.780073544771569e-05,6.868034089016981e-09,0,0.0001984976415076355
1846,0,6.882770832613392e-05,2.250318946202701e-09,0,0.0001288112322368239
1846,1,7.129277619991709e-05,1.172066249046091e-08,0,0.0003119910474567135
1846,2,5.054467354325943e-05,7.76086784512704e-09,-1.315250161548125e-11,0.0002218332279177654
1847,0,7.67874931351071e-06,4.131777872473254e-10,-8.29343773050081e-08,6.145826193075806e-05
1847,1,9.61351232219167e-06,4.326790576407267e-10,0,6.33875769279864e-05
1847,2,1.504038253190896e-05,1.583881982872626e-09,-1.20941856860727e-08,0.0001203360317035853
1848,0,1.824958315376623e-07,2.331330997003597e-13,0,1.459966652301298e-06
1848,1,6.734556801133945e-05,1.176705978080878e-08,0,0.0003260656044496777
1848,2,-2.340592352476495e-10,1.09262180301386e-18,-2.878727603913298e-09,9.423866559422681e-10
1849,0,-5.282682350289583e-07,8.388674133896458e-13,-2.194692275271511e-06,0
1849,1,1.836405117774149e-05,2.023920098747925e-09,0,0.0001372420324399999
1849,2,6.006622479574755e-07,2.523863405804216e-12,-4.555841890638299e-09,4.803874668368067e-06
1850,0,2.311494758580442e-06,3.612564781097367e-12,0,4.806473188215045e-06
1850,1,7.967939569442993e-06,3.988403939325173e-10,0,6.074224223531111e-05
1850,2,3.047012506391847e-06,5.400263245079183e-11,-3.483016283236722e-09,2.241508337821172e-05
1851,0,2.361066546222369e-06,8.96459345619506e-12,-3.970277372389597e-08,7.720613166798003e-06
1851,1,-8.24775582814072e-07,5.264075532709864e-11,-1.973982742693211e-05,3.388864907427169e-06
1851,2,4.03676082181018e-06,8.105979782474357e-11,-2.646884691774773e-09,2.749081758875994e-05
1852,0,3.023215171730618e-07,1.967382833220353e-13,0,1.373379175155337e-06
1852,1,1.895088066306941e-06,4.976740180772779e-11,-7.295970144551793e-06,1.902217418512068e-05
1852,2,5.872908368840025e-07,2.4238414093819e-12,-7.315138537496492e-09,4.706374514454315e-06
1853,0,-2.145074471641439e-07,4.309743936387669e-13,-1.940497449091995e-06,2.24437871778844e-07
1853,1,3.540315776933728e-05,1.016698631529491e-08,-2.229442290690603e-05,0.0003014117494978186
1853,2,5.410477348767556e-05,4.361413774507858e-09,0,0.0001802434271779802
1854,0,0.0001339854871801819,5.984940474947027e-09,0,0.0001801061202620738
1854,1,-7.28279751960483e-07,3.712739779809357e-12,-5.826238015683864e-06,0
1854,2,6.026430508395531e-06,7.964807800671719e-11,0,2.414503331322433e-05
1855,0,2.870581213433889e-06,8.830935040912164e-12,0,6.985606147630419e-06
1855,1,7.518972673447366e-06,9.974464423880323e-10,-1.791044383723177e-05,8.881892695902224e-05
1855,2,7.793433778144096e-06,4.251632703802215e-10,0,6.234747022515277e-05
1856,0,2.278263796527126e-05,3.662316954925038e-09,-3.968498208912825e-07,0.0001828953540467165
1856,1,-3.387500404964563e-06,1.30789116625947e-09,-3.965912448734046e-05,7.937433895381674e-05
1856,2,2.032743132820643e-06,2.892431250820638e-11,0,1.626194506256514e-05
1857,0,4.162408233612879e-05,3.046884691779627e-09,0,0.0001374544969630586
1857,1,4.069559984136775e-06,7.850778358295767e-11,-5.50487565389239e-06,2.075052777714367e-05
1857,2,1.688475450469159e-06,1.995356252532026e-11,0,1.350689061715219e-05
1858,0,2.093307081059662e-06,3.405869437792769e-11,-4.898275198547577e-07,1.752725734492368e-05
1858,1,0.0001071744698906055,2.883075168645592e-08,0,0.0005060526429286891
1858,2,0.0001645110607993987,3.082948781480349e-08,0,0.0004748049672298699
1859,0,0.0001103287588955875,2.033973868641431e-08,0,0.0003026835449778553
1859,1,9.117008163994538e-05,5.743261396321172e-08,0,0.000725222483385719
1859,2,0,0,0,0
1860,0,5.781646329889085e-05,1.002829714241117e-08,0,0.0002317829885170709
1860,1,2.080869946590644e-05,4.454580534303235e-09,-3.742338907475741e-05,0.0001939083741416159
1860,2,1.017532814234265e-05,7.247611196304516e-10,0,8.140262513874116e-05
1861,0,0.0001057833943217031,2.639611499334851e-08,-2.463309608162723e-08,0.0003838300872657371
1861,1,-3.176009481617404e-06,1.044883613480055e-10,-2.993508579548032e-05,4.527009942541086e-06
1861,2,8.357004565145474e-05,2.940803819188496e-08,0,0.0005181951695027684
1862,0,7.850281753407e-05,6.245502972244725e-09,-5.984142079544845e-07,0.0001778044123053738
1862,1,8.545583496994689e-05,3.40450361070503e-08,-6.700406573020377e-36,0.0005626495358486669
1862,2,8.05495736784554e-05,1.961106296405439e-08,0,0.0003463942865068154
1863,0,3.893235681070754e-05,2.526401927395345e-09,0,0.0001047205933039871
1863,1,3.960433621420962e-05,9.523024323446775e-09,0,0.0002972339718514793
1863,2,8.176073619022227e-06,4.679433060261871e-10,-3.69812368380248e-10,6.54089587645462e-05
1864,0,0,0,0,0
1864,1,1.015597426831421e-05,7.83884676516846e-10,-2.939997908751604e-06,8.418779205526527e-05
1864,2,7.374093756515203e-05,1.265078010526307e-08,0,0.0003411044000500155
1865,0,0.0001097980816454337,4.475240235692119e-08,0,0.0006617354895068261
1865,1,4.788408793575715e-06,3.089368861555887e-10,-9.611338083439545e-06,5.05530217321376e-05
1865,2,1.241903331478565e-06,1.080877381684172e-11,-4.278068963887214e-09,9.940259691817864e-06
1866,0,1.165248045720207e-05,9.504621056383332e-10,0,9.321984365761656e-05
1866,1,8.592700110653106e-07,1.343181876776908e-11,-5.268826600184684e-06,8.939504337562481e-06
1866,2,3.933460490352598e-06,1.083819607152149e-10,-8.812424066056056e-09,3.147749193479406e-05
1867,0,-3.95978336034036e-08,7.667688405394677e-15,-2.672715094161585e-07,0
1867,1,7.754778675379409e-05,4.278568355594258e-08,-4.417853903149582e-06,0.0006248001479335024
1867,2,9.375517326934755e-05,3.008060769347407e-08,0,0.0004968486069424472
1868,0,0.0003969298341960675,2.411152312790557e-08,0,0.0004766668991209806
1868,1,-3.078894504958935e-06,4.586529704252827e-11,-2.06645954289754e-05,0
1868,2,7.793282366236035e-05,2.000123412178325e-08,0,0.0004178389432196424
1869,0,1.471145041656438e-05,2.82178038906303e-10,0,4.928363339315248e-05
1869,1,-4.097211603020648e-07,1.03393908080135e-11,-6.283554892836342e-06,6.265681189391352e-06
1869,2,0.0001078298496491911,3.412897067656128e-08,-1.480239658449331e-09,0.0005127931006220771
1870,0,1.829436055274713e-05,2.284061372958034e-09,0,0.0001447319106628274
1870,1,4.80131800656483e-05,2.003640701280114e-08,-4.189274293987124e-05,0.000420668846006131
1870,2,0,0,0,0
1871,0,0,0,0,0
1871,1,3.518501980540384e-06,2.087336753944691e-10,-1.80064767532817e-05,3.685324815192789e-05
1871,2,-2.576818544831665e-10,2.007784018390532e-19,-1.110190301076985e-09,0
1872,0,5.359788743847356e-06,9.225752008981982e-11,-1.003363560574756e-06,2.336762865268483e-05
1872,1,2.336994947100037e-06,3.178590450442644e-11,0,1.719686973695036e-05
1872,2,2.52741174503649e-06,4.475445428479355e-11,-7.490793168981504e-09,2.022716141864885e-05
1873,0,1.238751221463077e-05,9.21058507235225e-11,0,2.007105486878342e-05
1873,1,6.063058681419586e-06,7.881046719907295e-11,0,2.527729308315815e-05
1873,2,1.109396201727553e-05,3.761076139025726e-10,-3.197791706775408e-09,4.961856830244558e-05
1874,0,4.732989108229527e-06,7.02869923420521e-11,-5.870184288871608e-07,2.020622468345301e-05
1874,1,3.471739181094643e-05,8.9793559878649e-09,-1.719686973695036e-05,0.000284741216239133
1874,2,6.636702380067079e-06,3.083652678605327e-10,-2.760681268843016e-09,5.309697432826007e-05
1875,0,0,0,0,0
1875,1,0.000131000871106171,3.17224705919336e-08,-3.439373947390073e-05,0.0004866433955454185
1875,2,0.0001185649558843409,1.306902466311919e-08,0,0.0002807116871456313
1876,0,0.0002380724054059555,9.913268035695001e-09,0,0.0003836793343634685
1876,1,-2.761723347090333e-06,5.338981092104684e-11,-2.209378677672266e-05,0
1876,2,3.158955187362314e-05,6.779394968510336e-09,-1.662827229014843e-09,0.000249414198528432
1877,0,-6.474350087958636e-08,2.9342046343015e-14,-5.179480070366908e-07,0
1877,1,2.511898525500919e-05,5.980290586709115e-09,-3.131675257159364e-05,0.0002277921288368442
1877,2,2.568274153581024e-06,4.61821453561932e-11,-1.931166141753361e-09,2.054812439478994e-05
1878,0,0,0,0,0
1878,1,0,0,0,0
1878,2,3.311211136825637e-06,7.671935479862816e-11,-1.54901879844137e-09,2.648523620035538e-05
1879,0,-7.172922083732538e-08,1.256294097863033e-13,-9.050375164593744e-07,4.518328848549181e-07
1879,1,6.800741680375475e-06,2.691783549300948e-10,0,5.013732347620216e-05
1879,2,2.333626918445194e-06,3.812047348710785e-11,-2.717409785312424e-09,1.866896594922321e-05
1880,0,-6.863700384306208e-07,1.236692611166702e-12,-2.826178525261404e-06,0
1880,1,6.602217387474988e-05,3.040997428154227e-08,0,0.0005273998570710009
1880,2,1.578861354030043e-05,3.906789341693348e-10,0,4.506393847825875e-05
1881,0,3.877895744536077e-05,2.18363834340947e-10,0,4.613197599008105e-05
1881,1,1.282180119339269e-05,7.265796710025342e-10,-2.843192047575047e-06,8.282679390581325e-05
1881,2,-4.212263008285352e-10,8.769496047478087e-19,-2.864805190743916e-09,0
1882,0,7.49185701720222e-08,3.274681102471268e-14,0,5.519315664488932e-07
1882,1,3.502461816245602e-05,5.101342221333813e-09,0,0.0002210787507382607
1882,2,7.112606740277443e-05,5.754003556895502e-09,0,0.0001751159985440431
1883,0,0.0001299108691746603,5.627633185816316e-09,0,0.0001748902822327219
1883,1,-1.359523165130628e-06,1.267932941928525e-10,-2.866083375575488e-05,1.386939805078868e-05
1883,2,2.340363010496872e-05,3.834111305440566e-09,-6.556857684540485e-10,0.0001872290833696523
1884,0,2.159388992172735e-05,3.31759070598144e-09,-1.204779515283983e-06,0.0001739813845586295
1884,1,1.573366397100337e-05,1.732837273667146e-09,0,0.0001258693117680269
1884,2,1.006986372024e-05,7.098302459502508e-10,-7.526615854092456e-10,8.055966242350542e-05
1885,0,7.109458638209252e-08,3.886621741820949e-14,-2.353655686959476e-08,5.922932479263349e-07
1885,1,1.801241579878727e-05,1.540830490344201e-09,-1.032196202241217e-05,0.0001152416240024896
1885,2,4.355069146514626e-05,1.949956958214511e-09,0,9.71250390536818e-05
1886,0,5.2959543681865e-05,9.354926377480951e-10,0,7.183018931046937e-05
1886,1,-1.688317763960771e-06,2.913588700737335e-11,-1.582732999130451e-05,2.320787879618345e-06
1886,2,2.985561899023754e-05,1.794543304787846e-09,0,0.0001109952738004972
1887,0,1.687659999694281e-05,4.161574763321213e-11,0,2.050944253584328e-05
1887,1,4.787028175269954e-05,1.230782947813645e-08,-2.327935791561823e-06,0.0003404720383574657
1887,2,6.595944654905732e-05,4.702059967656639e-09,0,0.0001603231338101767
1888,0,5.22180170811288e-05,4.544605748714536e-09,0,0.0001397688358238583
1888,1,-7.454185003771716e-07,2.654359911102072e-11,-1.29814941008614e-05,6.947648800433168e-06
1888,2,7.727856119482039e-07,4.14997863086539e-12,0,6.162549828628454e-06
1889,0,-3.221196828866624e-07,9.935390572486111e-13,-2.940454260347968e-06,3.634967972546694e-07
1889,1,-8.785274816628545e-06,5.449375386651083e-10,-6.290746265284049e-05,1.858825232153494e-05
1889,2,7.702947082114581e-06,4.153477562490028e-10,0,6.162357665691665e-05
1890,0,1.728881000136384e-05,2.101718192784386e-09,-2.712488585109888e-07,0.0001385817288694217
1890,1,-2.557170701227024e-06,1.091460516629211e-10,-2.915260266071804e-05,8.695237050901849e-06
1890,2,1.013474481607338e-06,7.174608873106783e-12,0,8.100238148654367e-06
1891,0,0,0,0,0
1891,1,-4.645276102397858e-06,1.510501304725605e-10,-3.716220881918287e-05,0
1891,2,5.528818309612421e-05,7.557483481536382e-09,-3.536212690583774e-09,0.0002368984381528235
1892,0,6.407244716640604e-05,4.648381634394255e-09,0,0.0001792863889133472
1892,1,-4.144697556242807e-06,5.162186513417466e-11,-1.716636706590137e-05,0
1892,2,2.420338085041759e-06,4.102104943527594e-11,-3.055767211572477e-09,1.936576044754564e-05
1893,0,-3.736364941065559e-08,5.394628730433325e-14,-6.167032562655484e-07,2.360954693578449e-07
1893,1,0,0,0,0
1893,2,2.304193055818188e-09,9.611596586221761e-17,-7.807302669409682e-09,2.716255342252438e-08
1894,0,4.783648451602311e-06,1.61758921327454e-10,-2.507112562474588e-07,3.843263247724019e-05
1894,1,2.706559515001985e-06,5.127825085773445e-11,0,2.165247612001588e-05
1894,2,-4.266630320094301e-09,1.596713399607011e-16,-3.712902089877077e-08,5.967421906509921e-09
1895,0,-2.460912026233147e-08,4.239261600601255e-15,-1.968729620986518e-07,0
1895,1,-3.254366327763914e-06,5.829620765021086e-11,-2.303113784071767e-05,1.339948695602031e-06
1895,2,2.845970976192232e-06,2.496323292722971e-11,-1.099488715184694e-08,1.297687644880407e-05
1896,0,0,0,0,0
1896,1,-3.264486587003396e-06,2.872713014299912e-10,-4.555127940974729e-05,1.745200679222516e-05
1896,2,7.215552766615928e-07,3.640966618801851e-12,0,5.769996803171528e-06
1897,0,0,0,0,0
1897,1,-7.693891302282684e-06,5.763687281715318e-10,-7.071456059246547e-05,9.163430174204011e-06
1897,2,5.049747086481769e-06,1.785246060836247e-10,-1.929627180725617e-09,4.040045057664481e-05
1898,0,2.943164209246364e-05,4.586540028373755e-13,2.846910815426602e-05,3.061754526068947e-05
1898,1,3.055957322442598e-05,2.367578567781366e-09,-8.843533974601181e-06,0.0001508797721876783
1898,2,1.118549155209854e-05,2.442789352106992e-10,-1.750440508457977e-10,4.096728161982973e-05
1899,0,2.617200135185481e-07,7.472715443308915e-13,-1.637615793968268e-06,1.610431157751535e-06
1899,1,1.149889916679596e-05,2.243271932239337e-10,0,4.272883489748976e-05
1899,2,3.309242313213846e-06,6.874257907438611e-11,-1.637061902171198e-09,2.521938421422103e-05
1900,0,-4.742360036860067e-08,2.63988767231693e-13,-1.223258417826064e-06,5.724219216517607e-07
1900,1,0.0001532711890778404,6.366121793659473e-08,-1.832686034840801e-05,0.0007107463593922971
1900,2,0.00042778825969162,1.099329284624923e-07,0,0.0006963581544790918
1901,0,0.0005205612871257663,9.032807446990682e-08,0,0.0006945040861599417
1901,1,6.287455319399973e-05,2.119987804841222e-08,0,0.0004447881476445989
1901,2,3.631469104743195e-06,9.23230895910505e-11,-1.219289301886274e-08,2.905313965039196e-05
1902,0,-2.035013767288389e-07,1.975029474195059e-13,-1.355353884313524e-06,0
1902,1,8.172741189768239e-07,2.719137635224269e-12,0,4.960636222500604e-06
1902,2,-1.995328340516913e-09,7.745924156457307e-16,-4.823151852696212e-08,5.859907999311535e-08
1903,0,3.029819677372127e-05,6.425865094173938e-09,0,0.0002423855741897702
1903,1,5.193109368155913e-05,6.541038331048067e-09,0,0.0002204666616837707
1903,2,0.0001674892785467117,9.549930941639272e-09,0,0.0002423375650581165
1904,0,0,0,0,0
1904,1,1.650091269712456e-06,6.468116337177197e-12,0,6.951772511834347e-06
1904,2,1.428383692149445e-06,1.428665222030995e-11,-2.428853352590905e-09,1.142871169556087e-05
1905,0,0,0,0,0
1905,1,5.375388757970937e-05,8.175990678057013e-09,0,0.0002726416375554194
1905,2,-2.004256664680129e-09,1.814115886840145e-17,-1.295262167235659e-08,0
1906,0,0,0,0,0
1906,1,9.92363251353394e-05,2.228829761105645e-08,0,0.0004347039800719841
1906,2,0,0,0,0
1907,0,2.188503861992977e-07,3.352684407770722e-13,0,1.750803089594381e-06
1907,1,-2.721108972047606e-07,9.278220893381742e-13,-2.768549619050985e-06,5.916624414129007e-07
1907,2,1.163480954514916e-06,9.478032526927738e-12,-5.818823288010208e-10,9.308800308928149e-06
1908,0,-2.18273999878004e-07,3.335047731592004e-13,-1.746191999024032e-06,0
1908,1,2.659958944391504e-05,7.228024117919713e-09,-5.16100295928215e-05,0.0002463583838575696
1908,2,8.022296964504018e-05,6.480374281915356e-09,0,0.0001746802013227521
1909,0,0.0001371620586392372,2.621216690266137e-09,1.835698535982502e-06,0.0001594166677345952
1909,1,2.282421547412436e-05,3.646613684064806e-09,0,0.0001825937237929949
1909,2,2.685131668841906e-05,4.144945630646312e-09,-8.841299258157566e-09,0.0001964425411325747
1910,0,3.131763696134713e-05,2.879015290555136e-09,0,0.0001727921604789132
1910,1,2.766183067951762e-05,6.795393153923908e-09,-4.778244205741468e-05,0.00023941980748762
1910,2,2.895681078523478e-05,2.061549397142961e-09,-8.183344569877664e-10,0.0001080013553319932
1911,0,9.84518247850214e-06,6.784933262450389e-10,0,7.876145982801712e-05
1911,1,1.147939313256781e-05,3.807311191564432e-10,0,5.810212997152156e-05
1911,2,1.93124678430871e-05,2.119636635989362e-09,-8.43060890503084e-11,0.0001405185783022485
1912,0,1.033815424746852e-05,7.070132134899823e-10,0,8.066576561761075e-05
1912,1,8.330952433255479e-05,5.638055675079071e-08,-7.721844394893583e-05,0.0007065596756111127
1912,2,0.0002651470156715413,7.045628782141826e-08,0,0.0005606085574094903
1913,0,0.0003675792949150264,4.558990376155106e-08,0,0.0005191623400209951
1913,1,2.683984906479959e-05,4.319816502040339e-09,0,0.0002006157471113757
1913,2,9.915424733427034e-07,6.901650191313153e-12,-9.848598530579091e-09,7.942188385272206e-06
1914,0,7.956391351741698e-05,3.864939847347304e-08,0,0.0005996345702908482
1914,1,1.636560160477122e-06,5.875318303250738e-12,0,7.104785391664451e-06
1914,2,0.0001214562455291362,4.303113413794004e-08,-9.17794919960647e-11,0.0005333290522692701
1915,0,-9.024515706966488e-09,5.700931862169939e-16,-7.21961256557319e-08,0
1915,1,-6.108261197961947e-06,1.141742852586977e-09,-8.997680557309615e-05,3.623270843852069e-05
1915,2,6.768244309263889e-06,3.206814855799498e-10,-1.28998238158641e-09,5.414725229607266e-05
1916,0,1.730248757892506e-05,4.98961284381538e-10,0,4.620144539405028e-05
1916,1,1.322641754165864e-05,3.560415953086409e-10,-1.14365631091922e-05,4.06575596800043e-05
1916,2,1.827639583800947e-11,2.33818651379327e-21,0,1.462111667040758e-10
1917,0,-5.001507034368839e-07,5.156259292378571e-13,-1.945438508172383e-06,0
1917,1,5.438634002841039e-05,2.070511787180112e-08,0,0.0004350907202272832
1917,2,3.433948797045187e-06,6.860768823897144e-11,0,2.526528206391165e-05
1918,0,1.286163625291243e-05,1.654819091649509e-10,0,2.630864084752356e-05
1918,1,3.946568008829784e-05,3.471290484720628e-09,0,0.0001593758696320764
1918,2,-7.577908210562318e-11,6.458484982314607e-19,-1.888828900583221e-09,1.282596243738236e-09
1919,0,-1.543022542699559e-07,7.582465105965982e-14,-7.49830192482388e-07,0
1919,1,5.793143593005118e-05,6.778210442064308e-09,0,0.0002207489258872106
1919,2,-5.84405463422712e-10,2.390708219748203e-18,-4.675243707381696e-09,0
1920,0,2.765320789348086e-05,1.263815564258541e-09,0,7.831128001985812e-05
1920,1,6.339742312857478e-07,4.400408507464169e-09,-0.0001217860132651469,0.0001417889927180402
1920,2,4.786622140727724e-05,1.930639540349085e-09,0,0.0001160724420837784
1921,0,4.47666206661879e-05,3.579694253529152e-10,0,7.329832873353772e-05
1921,1,-3.067697802841435e-06,1.297093997231444e-10,-3.276720598587074e-05,5.762224804420606e-06
1921,2,1.098507044929183e-05,1.886828670604824e-10,0,4.072672020734425e-05
1922,0,6.875263839190193e-06,7.897658637247416e-11,0,1.900626977481545e-05
1922,1,3.077666426731749e-05,2.724725859453477e-09,0,0.0001559041732347692
1922,2,6.252008315356418e-06,1.825586351496927e-10,-1.776444944690947e-10,4.159894380487372e-05
1923,0,2.914067895312677e-06,3.13379318505348e-11,-4.640958370627727e-07,1.611668339072368e-05
1923,1,-1.351729126231413e-05,9.621498971261855e-10,-9.469627473262343e-05,3.92607361989686e-07
1923,2,4.168402788496992e-08,1.201246792812595e-14,-4.32197592479787e-10,3.316548833619943e-07
1924,0,3.376851166864206e-06,5.925830946389078e-11,-1.36732874440018e-06,2.31253105859049e-05
1924,1,4.136406671003813e-06,7.705457685238306e-11,0,2.668958969826338e-05
1924,2,1.593505182496214e-05,1.532865264378695e-09,-1.961763492183226e-09,0.0001192769918711603
1925,0,1.113860766479957e-05,1.379391028737479e-10,-1.039363263024226e-06,3.215966720440291e-05
1925,1,1.485324815148712e-05,1.726866905833517e-09,-9.82709396627508e-06,0.0001243931022786483
1925,2,4.308521118044766e-05,5.108362105512386e-09,0,0.0002257468778979159
1926,0,1.170590882240343e-05,2.478924526306635e-10,0,4.141640763767291e-05
1926,1,-4.753451255724991e-06,1.118248498021458e-09,-8.38354866271224e-05,4.580787658132247e-05
1926,2,6.045221815323943e-06,2.558205697055769e-10,-6.304178054561719e-10,4.8362404940397e-05
1927,0,1.175002891583249e-05,2.970039047029667e-10,0,5.017937376907262e-05
1927,1,3.78275228689138e-05,1.062016716292365e-08,-2.11432892651606e-05,0.0003094457519501604
1927,2,6.955547684368774e-05,1.45328659774753e-08,0,0.0002869334860185928
1928,0,5.11137886950911e-05,7.838019331821329e-09,0,0.0002052580184601052
1928,1,-4.556686631157234e-07,3.163259062149302e-11,-1.209045663852506e-05,1.003168030987928e-05
1928,2,6.797438689409021e-05,1.389736584367045e-08,-2.634861378131227e-10,0.0002838636498135225
1929,0,8.400686792047584e-05,1.374301391606057e-08,0,0.0003050118295312787
1929,1,3.006779870647977e-07,1.039136011525466e-09,-6.947478104095193e-05,5.769038059910142e-05
1929,2,-2.21755039244875e-10,3.442270820134725e-19,-1.774040313959e-09,0
1930,0,-1.395331466778473e-10,1.362864931527515e-19,-1.116265173422778e-09,0
1930,1,1.139618559383095e-05,4.086941649945988e-09,-4.847232010849977e-05,0.0001709220901947102
1930,2,1.847486132442392e-05,2.389243506696863e-09,0,0.0001477988905953913
1931,0,0.0001612521640164422,2.738734735173573e-08,0,0.0003706604870228725
1931,1,-1.952028576750761e-05,1.186514587033881e-09,-0.0001018303918967236,0
1931,2,0.000157056405839188,2.863119610827966e-08,0,0.0004430673537331131
1932,0,9.24514064824811e-05,2.092376654265323e-09,0,0.0001829076130371116
1932,1,5.565277796224497e-05,2.440411050655652e-08,-0.0001012122582512484,0.0004518656301534639
1932,2,0.0002263852970612831,5.14985840939733e-08,0,0.0004810226019099236
1933,0,0.0001548481385239158,3.996329209388276e-08,0,0.0004131975525519553
1933,1,-1.297546153439308e-07,5.328789548358246e-10,-5.079264355306258e-05,3.980233680240864e-05
1933,2,5.403178372045497e-05,1.896096588248766e-08,-3.384185683800959e-10,0.0004181436068101195
1934,0,5.314435867039786e-05,1.867771176840855e-08,0,0.0004146804576362502
1934,1,-1.907954684411374e-05,1.311946090789756e-09,-0.0001022649317470525,2.564642767083044e-06
1934,2,7.36515696185962e-07,3.796770685950664e-12,-1.000760945345896e-09,5.891842364174461e-06
1935,0,5.354098421237186e-05,1.915453663666425e-08,0,0.0004196839057915135
1935,1,0.0001408907864621884,1.65859583852447e-07,-0.000108313035903925,0.001214013382606136
1935,2,0.0001686180561181539,2.881962769118605e-08,0,0.0003571652423005225
1936,0,0.0004149661701696814,5.599814193841514e-08,0,0.0007738238285831417
1936,1,3.572480099673856e-07,8.933829843796006e-13,0,2.857984079739084e-06
1936,2,0.0001192898413508072,5.638244009385432e-08,-7.488421136600672e-10,0.000711186338751956
1937,0,3.014467338331363e-07,7.432091521699736e-13,-1.662170765478518e-07,2.577790947212942e-06
1937,1,6.884150227523554e-05,3.239037701392588e-08,-2.131209763804436e-06,0.0005449730381590318
1937,2,-3.904769374712321e-10,5.036423470169866e-19,-1.991910684415608e-09,0
1938,0,0,0,0,0
1938,1,6.703052562808906e-06,5.12617566523041e-09,-0.0001101186955673627,0.0001708570104626437
1938,2,9.336585050711609e-06,5.56205332844868e-10,-9.598096695996289e-10,7.167939395995555e-05
1939,0,0,0,0,0
1939,1,0,0,0,0
1939,2,9.332385602657396e-06,6.096504816739926e-10,0,7.465889914572115e-05
1940,0,0,0,0,0
1940,1,6.143996970037792e-05,1.206959855442881e-08,-4.880187012828351e-06,0.0003099536631015555
1940,2,7.672624926368456e-05,1.766075197826518e-08,0,0.000306905426055253
1941,0,0.0001920149212350685,2.212262493255117e-08,0,0.0003084686088853054
1941,1,5.6533279600871e-05,1.903485436358803e-08,-4.909968286300636e-06,0.0004200893394562091
1941,2,0.0001014062951013242,3.085511614111321e-08,0,0.0004102753772108839
1942,0,0.0003068949461331123,3.139504617455141e-08,0,0.0004097359465580407
1942,1,1.202556606184119e-06,5.623620824229315e-11,-7.894235477468939e-06,1.742101279653804e-05
1942,2,0.0002560722635408427,1.095236684669139e-07,0,0.0007011491464926894
1943,0,0.000140318248122332,6.519794096145914e-08,-1.175095137596887e-06,0.0007166802770277727
1943,1,5.031585233574644e-05,1.714726227261455e-08,-9.343423186892726e-06,0.0003965174685204361
1943,2,1.030176432638839e-05,3.258423649894138e-10,-3.91308465763523e-09,4.665805256424075e-05
1944,0,2.739375793612951e-05,2.512957873228633e-10,0,3.788722575515194e-05
1944,1,2.447504271943085e-06,3.868846166301204e-11,-7.857722977956727e-06,1.280391847369378e-05
1944,2,1.354071483548621e-06,1.280502116107296e-11,-2.648812748256346e-09,1.08216475040409e-05
1945,0,4.344058782742304e-06,1.517376994808594e-10,-1.172912016048346e-06,3.691129694003745e-05
1945,1,2.610191664161268e-05,4.769170366559879e-09,0,0.0002088153331329014
1945,2,-4.523605295062364e-09,6.603694833506365e-17,-2.480669471564392e-08,0
1946,0,-1.401170549324507e-08,1.374295235806038e-15,-1.120936439459605e-07,0
1946,1,5.755932312290547e-06,2.439546712957201e-10,-4.084861083356764e-06,4.678449998116009e-05
1946,2,7.8757441791186e-06,1.260258893685046e-10,-1.615152927965168e-08,3.36351213169931e-05
1947,0,-9.329194055631007e-07,1.56403904684699e-12,-2.995559425255332e-06,0
1947,1,-1.947811423506842e-06,4.397240170205068e-11,-1.839354892788867e-05,5.202841655282986e-06
1947,2,2.230727965637215e-10,2.656107698939204e-19,0,1.574424170924714e-09
1948,0,0,0,0,0
1948,1,4.433805825411664e-07,3.251542741969146e-11,-5.906520174053928e-06,1.435842047223044e-05
1948,2,-7.089371949585904e-09,3.218024362916617e-16,-5.453193119248931e-08,0
1949,0,-1.710711555379917e-07,2.048573817997263e-13,-1.368569244303934e-06,0
1949,1,-7.365683728263843e-06,2.396315813412097e-10,-4.30752614166913e-05,8.838929338342088e-06
1949,2,9.000941447685343e-07,5.720904302478988e-12,-2.655609452763756e-08,7.228266499844003e-06
1950,0,0,0,0,0
1950,1,-5.554688085104538e-06,9.246820913427391e-11,-2.871684094446087e-05,0
1950,2,7.331917892701901e-07,3.764470897130088e-12,-8.645501474399993e-09,5.866534356350258e-06
1951,0,1.75416452748909e-06,3.793465775996975e-13,1.058508656334154e-06,2.799952050665277e-06
1951,1,2.677164681301321e-05,5.296148508339375e-10,0,5.710737590280431e-05
1951,2,-3.386281722980892e-09,7.897023367720345e-17,-2.689641323490826e-08,7.810643010457593e-11
1952,0,-5.865030843325572e-08,4.012579756578951e-14,-4.982835768598977e-07,2.489216115968352e-07
1952,1,9.908568780883925e-05,5.925193959499393e-08,0,0.0007424932325256386
1952,2,7.438118299955292e-05,5.755693975803151e-09,0,0.0001762203722821017
1953,0,0.0001510083669376179,3.261221342607867e-09,0,0.0001747402761687945
1953,1,2.587253642457167e-06,1.405205999962303e-10,-1.819495286405045e-05,2.616688968637102e-05
1953,2,2.32891138344248e-05,3.124147177167086e-09,-9.612306209785953e-10,0.0001705385623227442
1954,0,2.134857796763016e-05,3.25331058852007e-09,-1.50832770434057e-06,0.0001722506975759037
1954,1,4.150937353073096e-07,1.206119663639624e-12,0,3.320749882458477e-06
1954,2,1.112087013734966e-05,4.509955681091489e-10,0,6.60255185211728e-05
1955,0,1.612647061444357e-05,3.756397554217938e-11,0,1.934339207974584e-05
1955,1,1.697712538910596e-05,1.683688936816059e-09,-9.322212502486056e-06,0.0001244090840571606
1955,2,1.644714482937133e-06,8.201571805158995e-12,0,7.166444909172345e-06
1956,0,-1.02370453089942e-07,3.407658192495114e-14,-5.012677391851614e-07,8.990202817373825e-09
1956,1,0.0001026422683252113,2.349907054064061e-08,-6.641499764916981e-06,0.0003994581939941583
1956,2,1.297739500188346e-05,1.178889467244369e-09,0,0.0001038191600150677
1957,0,7.822979985027562e-05,8.748241621238433e-10,0,9.078505730608332e-05
1957,1,-1.726546550457118e-06,8.191267234248366e-11,-2.457901773301066e-05,8.303994173365583e-06
1957,2,5.720160406111537e-05,2.867513014416313e-09,0,0.000132732205946218
1958,0,1.272854089239574e-05,9.802999993834104e-11,0,2.115650578924663e-05
1958,1,1.692494572903601e-05,1.555826095705627e-09,0,0.0001207331212485209
1958,2,3.775829027112626e-06,9.977212399156036e-11,0,3.020317961321127e-05
1959,0,1.505583699473451e-05,2.266939356564412e-10,0,3.024835284889298e-05
1959,1,3.645629178841969e-05,6.577251911599261e-09,0,0.0002503622054556931
1959,2,4.869636608764053e-05,7.788067395000198e-09,0,0.0002467107639481833
1960,0,5.850954117141608e-05,5.705616589557659e-09,0,0.0001561540654058926
1960,1,2.305089849970152e-05,4.884105739791629e-09,-2.25147388841469e-05,0.0002069219268817591
1960,2,2.800242999997404e-05,4.99404763486328e-09,0,0.0002148034820120521
1961,0,4.446933374468642e-06,3.297237346675027e-11,0,1.212741155088573e-05
1961,1,7.350450587708243e-05,4.424080851176326e-08,-4.50294777682937e-05,0.000628571328890489
1961,2,2.410102903896151e-05,2.775907645132267e-09,0,0.000160694981538781
1962,0,0.0001204156762531635,8.926559619047665e-09,0,0.0002582254852882043
1962,1,-1.523858605875623e-05,2.593512761296586e-10,-3.507151295815217e-05,0
1962,2,2.206361596095205e-07,3.407622044906648e-13,0,1.765089276876164e-06
1963,0,0.0001271315466067562,1.131326054628821e-07,-1.550725514213279e-07,0.001017035019586791
1963,1,0.0005313318073223419,1.926810844853467e-07,0,0.0009575862626363424
1963,2,0.0006893811668986479,2.977248385808424e-07,0,0.001324152522693197
1964,0,2.828642210698258e-05,5.519460463593903e-09,-9.47999441360682e-08,0.000224843883013679
1964,1,0.0001783506886698935,1.149643750967055e-07,0,0.001047383539066515
1964,2,0.0001450448332653235,1.208020979668701e-07,-2.828364832668945e-08,0.001060543282625294
1965,0,1.267720741403004e-05,5.995321066593386e-11,-1.335350094566029e-06,1.841908657409723e-05
1965,1,4.528096526776758e-05,1.123874013759212e-08,0,0.0003252022416736949
1965,2,8.178810102036246e-06,2.346116259894546e-10,0,4.436892052923914e-05
1966,0,1.887192520330757e-05,3.119681910403551e-10,0,6.188301757666695e-05
1966,1,8.362549598500173e-05,2.632206142263374e-08,0,0.0004858035226663263
1966,2,-1.998690729903249e-09,1.362796375846648e-17,-1.085121818238265e-08,1.724700161404531e-09
1967,0,1.137081645478989e-08,9.050682679396433e-16,0,9.09665316383191e-08
1967,1,0.0001277491125304467,3.33600427337767e-08,0,0.000500429826363703
1967,2,0.0003610069044228951,4.695147155612881e-08,0,0.0005888514829781281
1968,0,0.0004286101832551506,2.619934517549734e-08,3.669101209569729e-07,0.0004906412224545106
1968,1,5.08095126280139e-05,1.314582885206392e-08,0,0.0003502211669788798
1968,2,0.0001425852955665718,1.201400775533388e-07,0,0.001058444592657805
1969,0,7.861873744829623e-05,2.88579334640022e-08,-1.087722110033747e-07,0.0005260955736287955
1969,1,4.414600885790407e-05,1.531241697039787e-08,-1.800071912178065e-05,0.0003711687899850132
1969,2,3.863965612160244e-06,1.008422455067798e-10,-1.516660684507265e-08,3.042887073089017e-05
1970,0,4.344258477404738e-06,1.316865551890368e-10,-2.042176132583411e-07,3.47043779403006e-05
1970,1,2.955052534665867e-06,1.873683408276893e-11,0,1.253888300548481e-05
1970,2,8.968948028411429e-07,5.63871973816464e-12,-4.333302087994307e-09,7.179491724817137e-06
1971,0,7.991146860953657e-06,1.77736311621186e-10,-6.704799125521564e-07,4.196720774835936e-05
1971,1,4.502810264892318e-06,1.549675220093423e-10,-1.893782112811328e-06,3.739091027043893e-05
1971,2,5.709295940092061e-05,2.281764943889518e-08,-2.273573719641085e-09,0.0004567472425856118
1972,0,9.25986990678438e-07,6.476084618305305e-12,-2.476233184796804e-07,7.655519243907184e-06
1972,1,5.951474780762281e-06,1.94178654976507e-10,0,4.255887209037979e-05
1972,2,1.007845017800384e-08,6.303096211030553e-16,0,7.645316571747529e-08
1973,0,5.215528199235531e-07,8.220699100307155e-12,-2.726312469902882e-06,7.689834673484887e-06
1973,1,6.189432750625497e-05,1.991457813127592e-08,0,0.0004320082863523121
1973,2,4.400383650097862e-06,6.212147745160224e-11,0,2.161922858499318e-05
1974,0,5.135007442989547e-06,4.402096046247518e-11,0,1.431074153599618e-05
1974,1,2.293459597868654e-07,4.054629612312691e-12,-3.030694632464274e-06,4.865462310759197e-06
1974,2,1.132572790573939e-07,9.135597478217947e-14,-3.820758522085704e-09,9.129318192126562e-07
1975,0,2.181595202937426e-06,3.903928751539256e-11,-1.005939853573267e-06,1.869020207602515e-05
1975,1,-1.420216229585508e-06,2.603759051501236e-11,-1.462212838581197e-05,3.260398549127905e-06
1975,2,4.359540022336412e-06,1.33058441362176e-10,-1.884560917993245e-09,3.487853553134019e-05
1976,0,6.517221549676395e-06,4.297786468362955e-11,-1.19090998470683e-06,1.461163218754892e-05
1976,1,4.505647497933023e-05,1.379423298401569e-08,0,0.0003557904432755555
1976,2,8.917290920905118e-06,3.91113498999445e-10,-1.141417274479751e-09,6.037189045888836e-05
1977,0,-3.356958252547444e-07,3.818848714649617e-13,-1.838917706028199e-06,0
1977,1,7.883842119339686e-07,1.953092308130968e-10,-2.216343507432062e-05,3.084453025263574e-05
1977,2,1.395759136070253e-05,3.572841997564831e-10,0,4.876398910950282e-05
1978,0,1.902255814193045e-05,1.313768639006568e-10,-1.215742583198138e-06,2.785189549989851e-05
1978,1,4.067619789646901e-06,2.783400909096716e-10,-2.505654919654721e-05,3.921898682335408e-05
1978,2,3.614495304257974e-06,4.086889960262375e-11,-6.316104875179942e-09,1.703142102363334e-05
1979,0,3.03602082017168e-06,6.636612430671862e-11,-1.970727654902482e-07,2.458911153415892e-05
1979,1,-1.642782091477826e-05,6.133177218274541e-10,-6.48213889811491e-05,0
1979,2,7.006406407261089e-06,1.287359328193652e-10,-5.862437675431427e-09,2.724609800167477e-05
1980,0,3.219582591765939e-06,7.39621964839647e-11,-5.57443548752432e-07,2.59581709335448e-05
1980,1,7.67997463937719e-05,4.234693194895211e-08,-6.974675660792518e-06,0.00062121848489664
1980,2,0.0003600835423903548,4.553268051926142e-08,0,0.0005243689695316647
1981,0,0.0003241733094270001,6.305546638597604e-08,0,0.0005202974592369979
1981,1,4.575251607331513e-05,1.447628708508999e-08,0,0.0003640793543138885
1981,2,6.818797005731764e-05,2.604914012625187e-08,0,0.0004945774959519441
1982,0,8.6314959167831e-08,2.244242615184851e-13,-7.796146310936123e-07,1.023641111543693e-06
1982,1,1.430524329745668e-06,3.785541342132437e-10,-4.473706263374926e-05,2.236853131687464e-05
1982,2,8.360697968828072e-06,4.155304686246907e-10,0,6.213611214653871e-05
1983,0,2.601767241849823e-06,5.333431201463049e-12,0,5.870788379141721e-06
1983,1,-6.57068049784402e-06,2.607485656987929e-10,-4.620820116687577e-05,4.745197320066759e-06
1983,2,-3.26836452146488e-09,3.744995084812862e-17,-1.861670051464364e-08,0
1984,0,6.539520119264488e-05,2.989426289726109e-08,0,0.000522844394887393
1984,1,6.066656392958118e-06,1.326794306348219e-10,0,3.370409795889948e-05
1984,2,-7.086665393832127e-10,2.872314706971736e-18,-5.167480681237505e-09,3.838339997509115e-11
1985,0,6.418084045117681e-07,2.88342619671359e-12,0,5.134467236094145e-06
1985,1,0,0,0,0
1985,2,3.899367135802794e-06,1.064641351135157e-10,-2.724997815635001e-09,3.119861508736806e-05
1986,0,2.26318395565981e-05,1.761964932999882e-10,0,3.30927008862017e-05
1986,1,8.147510810572294e-05,2.708281314876597e-08,0,0.0005090840544562513
1986,2,3.536861400700151e-07,8.762644719660293e-13,-5.766001544667653e-10,2.830347414809086e-06
1987,0,3.344763855293201e-07,8.174663656010094e-13,-3.189518824641798e-07,2.690841501100191e-06
1987,1,1.619737456448264e-06,1.836484599475045e-11,0,1.295789965158611e-05
1987,2,6.454848813616585e-07,2.918824250349497e-12,-2.344456825704641e-09,5.165635300281995e-06
1988,0,2.379353406960205e-06,5.332343873396264e-12,-1.014061821572554e-06,5.306601491423445e-06
1988,1,6.309970092716296e-06,1.322807346731261e-10,-2.110575604499206e-06,3.550630711346799e-05
1988,2,6.692459566581436e-07,3.128009164091469e-12,-4.389581139225874e-09,5.348557370845279e-06
1989,0,4.818983569884801e-06,6.374631581614868e-12,0,8.875095761956498e-06
1989,1,2.753816112024187e-05,7.831226715988955e-09,-8.479256216095095e-05,0.0002400209437416286
1989,2,2.854338861888093e-06,5.702752093829704e-11,0,2.283414482510387e-05
1990,0,6.338860836889207e-07,2.669040927807765e-12,-1.454162352851239e-07,4.947024819137954e-06
1990,1,2.576578212093816e-05,4.096313639837897e-09,0,0.0001949310704035211
1990,2,3.82382221473649e-14,2.541784538154742e-18,-3.081854365822874e-09,3.285584938728191e-09
1991,0,-9.844330555544539e-08,5.64940041507236e-14,-6.689746721316549e-07,1.342650941141062e-07
1991,1,7.072054661859124e-06,2.619031872833529e-10,0,4.964662037866489e-05
1991,2,5.545112716913553e-06,2.152643276536385e-10,-2.597001726065714e-09,4.436328227920914e-05
1992,0,-8.615654170826109e-08,5.196064775389132e-14,-6.892523336660887e-07,0
1992,1,5.336388950333329e-05,2.008729060363257e-08,-1.124307574481576e-05,0.0004280794975666647
1992,2,1.876267871197648e-06,1.067068908075169e-11,-2.674919536002444e-09,8.149696011353564e-06
1993,0,6.108682416530551e-06,8.778969854619882e-12,0,9.3551080329666e-06
1993,1,2.859619828936992e-05,7.438444977177465e-09,-4.159621265475103e-05,0.0002530184262515634
1993,2,0.0001698810793006217,9.857201003979498e-09,0,0.0002603743120553072
1994,0,0.0001472163012616051,1.300410953409017e-08,0,0.0002370976373144857
1994,1,2.950997400037973e-06,5.672754887719753e-11,0,2.286787533927716e-05
1994,2,5.875566889461335e-06,1.033330151912044e-10,-9.29188678805201e-09,3.123298070522162e-05
1995,0,6.103971746450982e-05,1.041071169349785e-08,0,0.0002398800922842925
1995,1,-2.316745577130507e-06,3.555157206036813e-11,-1.807674319012024e-05,2.602077385208037e-07
1995,2,1.614053627448206e-05,8.833259950859258e-10,-2.146179363595043e-09,8.85827014696735e-05
1996,0,-9.297326353386641e-08,3.040213434516405e-14,-4.054130334062904e-07,4.384092566346052e-08
1996,1,4.897993017782189e-05,1.22642591407772e-08,0,0.0003382876730053946
1996,2,5.923405318746502e-06,2.456321590047021e-10,-1.639904245966557e-09,4.738935654432126e-05
1997,0,1.865901087825088e-05,1.177148940166668e-10,0,2.722074280230287e-05
1997,1,9.37528940661263e-05,3.4061505262711e-08,0,0.0005697300318612314
1997,2,0.0001057962328936787,1.951047704108999e-08,0,0.0003253810618743424
1998,0,0.0001118474664255038,2.084998811044671e-08,0,0.000299265222115796
1998,1,3.163202695019179e-05,3.771759078868338e-09,0,0.0001820259885507691
1998,2,3.739058942917216e-05,9.786169405682104e-09,-1.824374674572192e-11,0.0002991217221506673
1999,0,0.0001174101532230241,2.313952327254032e-08,-1.171097406567139e-06,0.0003214860260679852
1999,1,2.386652613715921e-05,4.803501554043782e-09,-2.839717722283941e-05,0.0002051064588792718
1999,2,-4.70842335550064e-10,4.303531536478382e-19,-1.819991761688413e-09,0
2000,0,7.46274165546209e-05,1.668184595705785e-08,0,0.0002987194881831918
2000,1,0.0001096011731894204,5.454281633964461e-08,-5.679435444567888e-05,0.0006710575342421664
2000,2,0.0001981236147136339,3.937256484965586e-08,0,0.0004095088093860707
2001,0,0.0002860121620141388,2.726976906059829e-08,0,0.0003831306263774461
2001,1,-1.047025710594126e-05,9.383673022031698e-10,-9.12566681911495e-05,7.494611343619419e-06
2001,2,-1.100768436897309e-09,9.849753525886052e-18,-9.388925759383417e-09,5.827782642049433e-10
2002,0,2.21794506247853e-07,2.747478508437111e-13,-2.102289510506905e-07,1.529898399731065e-06
2002,1,-1.30228247835289e-06,1.305448237766633e-10,-2.98445025473764e-05,1.203255279367299e-05
2002,2,-3.089447329465758e-10,6.801067902229302e-18,-6.345078113950499e-09,3.861600659464506e-09
2003,0,1.41937475925037e-08,1.410237295037933e-15,0,1.135499807400296e-07
2003,1,6.214721450432698e-08,2.703593389452781e-14,0,4.971777160346158e-07
2003,2,2.463004506849936e-10,5.525965317252595e-19,-3.655620792309604e-10,2.181722581568316e-09
2004,0,4.771582213656672e-05,1.587867675529509e-08,0,0.0003811084017087326
2004,1,-1.048697159528091e-05,3.608165756806124e-10,-4.959900253660164e-05,1.800888155373314e-06
2004,2,9.96621987379003e-06,2.980748607317823e-10,-1.582678434239513e-09,4.049041097162829e-05
2005,0,3.338505539754046e-05,1.596754475523983e-10,0,3.981577288575466e-05
2005,1,4.827186864335607e-05,3.858304443454619e-09,0,0.0001645726723726632
2005,2,4.526182693938755e-05,2.328429884420806e-09,-2.901426508191913e-09,0.0001175420346833154
2006,0,4.948680789187036e-05,8.182681475950607e-10,0,6.722799813099197e-05
2006,1,-3.397539253761114e-06,1.010440380466658e-10,-2.988914092253057e-05,2.708826892441663e-06
2006,2,5.834856225942391e-05,5.736709518005421e-09,-7.952488801471391e-11,0.0002445081410770047
2007,0,2.141756480968682e-05,4.591527792435692e-10,0,4.442242416185346e-05
2007,1,1.330254906109391e-05,3.972428477588096e-10,0,5.546638903906042e-05
2007,2,-3.070671167465195e-10,9.765868812804564e-18,-7.387163877769899e-09,4.930626943797743e-09
2008,0,1.035677546226591e-05,3.418520113468337e-10,-1.909523909466007e-06,4.373541283689148e-05
2008,1,2.768814778364425e-05,6.263859979799932e-09,-1.476342953748422e-05,0.0002366977082365953
2008,2,4.294434842597344e-06,1.291169451004811e-10,-2.908114486599941e-09,3.435801096037551e-05
2009,0,1.71827100491958e-05,2.954419826928106e-10,0,3.484355856878976e-05
2009,1,8.987248415271943e-06,4.150306068100904e-09,-8.146633466132496e-05,0.0001548361391023959
2009,2,1.269905401175523e-05,1.129065814176932e-09,-7.440769513001299e-09,0.0001016004637755679
2010,0,4.477051695448475e-05,2.930511425081941e-09,0,0.0001643075736287848
2010,1,3.995576719330629e-05,3.922292191520321e-09,0,0.0001883633590400516
2010,2,5.096286139820628e-05,3.848601648267013e-09,0,0.0001401602992390262
2011,0,7.828013406417262e-05,4.168647630494905e-09,0,0.000160116962486326
2011,1,5.887180814945366e-08,2.426122856350255e-14,0,4.709744651956293e-07
2011,2,5.178271927194836e-06,1.219535607622769e-10,-5.833612202050455e-09,3.359680009253048e-05
2012,0,1.253274680918766e-05,1.150801735779998e-09,-6.03139476625511e-07,0.0001022834988545873
2012,1,6.079360521228726e-05,2.587103704295208e-08,0,0.0004863488416982981
2012,2,0.000162242225799121,2.762961568912894e-08,0,0.0004096770981067808
2013,0,0.0001968910454307032,2.32609651477154e-08,0,0.0003169339743680937
2013,1,-6.889172712430259e-06,5.57698748001959e-10,-6.906224879634739e-05,6.275462397176688e-06
2013,2,2.19762991053259e-06,3.380867618992421e-11,-3.721258125888545e-10,1.758141141007331e-05
2014,0,6.173519373872125e-06,6.458445195724138e-11,0,1.783278448430017e-05
2014,1,3.048100312374745e-05,6.209970279493341e-09,0,0.0002389567315281193
2014,2,-1.145786421692074e-10,9.189785668937497e-20,-9.166291373536594e-10,0
2015,0,4.17865426873081e-05,1.21622367408421e-08,0,0.0003335664896413612
2015,1,1.013108413541101e-05,6.684734568899982e-09,-8.252659002902166e-05,0.0002123822640345251
2015,2,4.281022157437531e-05,1.241376646514838e-08,-7.917155498416827e-09,0.0003375611977029045
2016,0,8.518342029263372e-05,2.03397494267354e-08,0,0.0003337618764216346
2016,1,-1.311515458510855e-05,2.634947632721348e-09,-0.0001071759888854906,7.376822452462075e-05
2016,2,5.453231291334884e-05,2.08173559936644e-08,-6.295097550257822e-09,0.0004362671579480979
2017,0,2.835488893436797e-05,1.163178689974201e-10,0,3.358346058644859e-05
2017,1,-2.025214994417275e-05,7.439737395397655e-10,-7.355470853120411e-05,7.280757582505109e-06
2017,2,-1.353686917103062e-09,8.99099619804922e-18,-6.905210359894818e-09,2.063951440608839e-09
2018,0,1.017336537548614e-07,8.156657553550258e-14,-4.258675985191948e-08,8.564559898908102e-07
2018,1,-1.030137555217843e-05,8.714238155957493e-10,-8.78389292832795e-05,7.0580242224106e-06
2018,2,3.399385233068056e-06,2.14960041506975e-11,-1.328200435932764e-08,1.203463298916781e-05
2019,0,0,0,0,0
2019,1,1.45447124376696e-06,9.314955204645258e-12,0,9.263749399452662e-06
2019,2,5.357888384112478e-06,1.047377645498883e-10,-5.812123624765605e-09,3.005500474952682e-05
2020,0,0,0,0,0
2020,1,7.921697313427657e-06,8.395974292612346e-10,-3.846649956929757e-05,6.755484291823052e-05
2020,2,-6.465213404014625e-10,2.388134837999507e-18,-2.872768866429554e-09,2.103169103713526e-09
2021,0,4.285028036334227e-06,1.285302569051925e-10,0,3.428022429067381e-05
2021,1,-1.173141685673513e-07,9.633829902654236e-14,-9.385133485388101e-07,0
2021,2,2.088347552192958e-06,1.356809062678223e-11,-1.312237743680244e-09,9.740628261253106e-06
2022,0,7.876038603260978e-06,1.209713412999239e-11,0,1.104457474259618e-05
2022,1,9.606618212203817e-06,1.153407811093971e-09,-3.802107383858971e-05,8.6766979956933e-05
2022,2,1.348718058694826e-05,6.125315152837888e-10,0,7.297303632322323e-05
2023,0,4.720334609250981e-05,7.428615857442835e-10,0,6.354826207779916e-05
2023,1,1.359351606848112e-05,7.540359633065126e-10,-2.52438626403579e-05,6.324835403889061e-05
2023,2,1.122233828459045e-05,1.806636975668602e-10,0,3.49220008590794e-05
2024,0,1.895858545793623e-05,8.574184325232466e-10,0,7.459571613620908e-05
2024,1,5.536585543426652e-05,1.017374157726565e-08,0,0.0003141650481776251
2024,2,8.971115978087901e-05,8.467073836743807e-09,0,0.0002275595637716449
2025,0,8.089941358260296e-05,6.544783968970476e-09,0,0.0001622522245153723
2025,1,2.029852667737724e-06,1.427346321998264e-11,-1.113339174838932e-35,1.08853157031722e-05
2025,2,2.244074145578948e-05,1.849351008265459e-09,-1.613211670828281e-09,0.0001265637779339228
2026,0,3.855253215063858e-05,4.082366189313714e-09,0,0.0002019101772151006
2026,1,8.376072815120471e-05,2.111002870206061e-08,0,0.000350847970124557
2026,2,3.097438607750629e-05,3.828632219522145e-09,-1.206754242896745e-09,0.0001891420409088979
2027,0,1.444546588744124e-05,1.839594891547774e-10,0,4.666428416865868e-05
2027,1,1.121076288001762e-05,8.109355723989792e-10,0,8.650319839177685e-05
2027,2,1.766269322128735e-06,1.075685304851302e-11,0,9.429590848326954e-06
2028,0,8.890674360265923e-06,3.720400353560283e-11,0,2.332595603712487e-05
2028,1,4.01821042426732e-05,1.04831011682836e-08,0,0.0003109937482867449
2028,2,6.21763208139502e-05,1.300014362517534e-08,0,0.0003236041221065486
2029,0,0.0001211300670746092,2.445425686244559e-08,0,0.0003237475830733189
2029,1,-3.583128908424861e-06,3.938155996557774e-11,-1.619275394360271e-05,0
2029,2,7.026807948397002e-05,2.124915748133717e-08,0,0.0004433533744537137
2030,0,2.076543701947187e-05,7.188971124551913e-10,0,5.641731916580021e-05
2030,1,1.786169182245058e-05,5.07634965575573e-10,0,5.451080476199658e-05
2030,2,0.0001165838390737826,3.506375104297264e-08,0,0.000486335097811685
2031,0,4.132268466888626e-06,2.864113514173718e-11,0,1.198919843045437e-05
2031,1,0.0001094159331486499,2.65590834802668e-08,0,0.0004036804272315186
2031,2,0,0,0,0
2032,0,-9.243636151759422e-08,1.498528787918104e-13,-1.074641001454226e-06,3.351501093134721e-07
2032,1,7.296937722509898e-06,1.465669920140718e-10,0,3.65058614268083e-05
2032,2,-9.426649297528245e-11,5.470956200882466e-20,-6.849139185855956e-10,1.01888654539766e-10
2033,0,0.0001786560290331867,3.231567538184361e-08,-2.110258673368637e-06,0.0003603136066287761
2033,1,8.937455708835519e-06,4.889328885859174e-10,-2.034552393250662e-36,6.739459135080694e-05
2033,2,3.27668183916747e-05,2.194719748032468e-09,-6.42579779410212e-09,0.000133676154108441
2034,0,1.156312147359159e-05,2.102421839371108e-10,-2.545633547445564e-06,3.240943023923908e-05
2034,1,2.718237436682862e-05,4.144568716385248e-09,0,0.0001973122250953167
2034,2,5.584431067860079e-07,2.195296490399677e-12,-9.798572230620501e-09,4.478520260374603e-06
2035,0,3.714910780057467e-06,1.137206853933361e-10,-1.457405411470335e-06,3.190178909412225e-05
2035,1,-7.970686338787318e-07,4.447228849793154e-12,-6.376549071029854e-06,0
2035,2,-1.871340551468569e-09,8.190398333688351e-18,-8.298097452052346e-09,1.58794504886312e-11
2036,0,1.033183421312022e-08,7.472275874518107e-16,0,8.265467370496176e-08
2036,1,4.367584525030497e-07,1.335305620830011e-12,0,3.494067620024398e-06
2036,2,7.307319367412031e-06,3.738869854702315e-10,-7.186238020721583e-09,5.846598295385291e-05
2037,0,4.105496386638512e-05,5.642130269524867e-10,0,5.636223256890659e-05
2037,1,2.543561473627053e-05,1.120012882650249e-09,0,8.482142887784615e-05
2037,2,0,0,0,0
2038,0,1.282240917384007e-06,3.774261990254718e-12,-4.213394040031814e-08,5.109520594477348e-06
2038,1,6.082151920388066e-05,1.984791945256708e-08,0,0.000430370526813517
2038,2,0.0001991150629282188,2.436195338581238e-08,0,0.0003551370367371058
2039,0,0.0003170752948765854,1.480686460308292e-08,0,0.0003980335799803369
2039,1,3.438587360034982e-06,5.234510534696197e-10,-3.086534267498371e-05,5.769812168434624e-05
2039,2,1.357955720665308e-05,2.17194749237591e-10,0,3.89248973295879e-05
2040,0,1.002121809446527e-05,1.005009994287094e-10,0,2.035631386889842e-05
2040,1,-1.486878102377333e-38,1.547564543930453e-75,-1.189502481901866e-37,0
2040,2,1.088949173650271e-06,8.304782185603304e-12,-1.74518317362181e-09,8.7134801434892e-06
2041,0,-6.226852781705391e-09,2.089201516206232e-13,-1.065579420538765e-06,6.086866678204853e-07
2041,1,2.026549458662756e-06,1.242459415574447e-11,0,8.750824953303476e-06
2041,2,3.387789401892442e-05,6.725787777409932e-09,0,0.0002506048684510457
2042,0,2.476062763340195e-07,3.545516973253126e-12,-3.937671269044526e-06,2.590166252596301e-06
2042,1,1.230521786510853e-05,1.423820463888396e-09,-2.878218860811378e-05,0.0001051837180162953
2042,2,7.705169066814192e-07,4.162515934542219e-12,-2.695602711625669e-09,6.168442918530893e-06
2043,0,1.440309442420866e-08,3.777176593384396e-14,-3.562793786268626e-07,4.170538191649594e-07
2043,1,-2.206878560552675e-06,1.218661319572109e-10,-2.677000950103999e-05,1.02884475583279e-05
2043,2,1.822068681057114e-06,1.38638790717706e-11,-5.989132963633424e-09,1.123748616216168e-05
2044,0,5.785825483460085e-06,6.332862658717144e-11,0,2.641302886263402e-05
2044,1,-1.800010377353891e-06,1.325173732188719e-11,-1.02884475583279e-05,9.131274699208264e-07
2044,2,5.939633432072113e-07,2.480302042170859e-12,-5.185464353338707e-09,4.7607482576084e-06
2045,0,2.73395434630209e-06,6.111601951776976e-11,-1.79532686255229e-06,2.335166328179512e-05
2045,1,6.366287623225414e-05,3.10965534784151e-08,-2.05768951166558e-05,0.000529879904974689
2045,2,0.0001313958464334909,1.182450739287519e-08,0,0.0002706331460623456
2046,0,0.0002030071957752869,5.889458270849925e-09,0,0.000233897878098484
2046,1,4.555417197458839e-05,1.395272194989178e-08,0,0.0003580253816199173
2046,2,2.681762957935224e-05,2.179090405290176e-09,0,0.000116583640276423
2047,0,4.295906855487848e-05,3.07731152759886e-09,0,0.0001171602669273484
2047,1,1.311063691656535e-06,5.162743436390391e-12,0,5.400196110088465e-06
2047,2,-7.390462139423809e-10,3.82019496292757e-18,-5.827991822616092e-09,6.513619388958664e-10
2048,0,4.331083449186497e-05,3.080513266194689e-09,-8.336124354665342e-08,0.0001152358724127493
2048,1,-2.137908949614254e-06,1.731052844695152e-10,-3.514639996064068e-05,1.243922730178648e-05
2048,2,-1.935254073028772e-09,2.621645829022117e-17,-1.548203258423018e-08,0
2049,0,2.845811014742296e-05,2.437891843002499e-09,-2.906433519631234e-07,0.0001142035426723577
2049,1,-4.42715653093931e-07,4.261037387443012e-12,-5.60390106194017e-06,2.062175837188723e-06
2049,2,4.288486390092041e-05,1.243978090274369e-08,-8.414180447893529e-10,0.0003379456158619374
2050,0,1.856498188577052e-08,1.374747378671876e-13,-4.397556419608541e-07,9.008238768087583e-07
2050,1,7.970436358039007e-06,6.547608443586304e-10,-1.120780212388035e-05,7.497129298819239e-05
2050,2,1.809041405977351e-05,1.073745163115409e-09,-4.249630737410681e-10,9.153983530991886e-05
2051,0,0,0,0,0
2051,1,1.806160334218033e-06,1.013870477897985e-11,0,9.45715543084133e-06
2051,2,3.674530122671731e-06,9.45163216971206e-11,-2.44120912956783e-10,2.939639342654709e-05
2052,0,0,0,0,0
2052,1,3.446880531713975e-05,9.55723796657677e-09,-3.483318476712157e-05,0.000290584469573814
2052,2,0.0001558495335075974,1.496242344820097e-08,0,0.0002752537881031078
2053,0,0.0002059698671099454,1.414391193132129e-08,0,0.0002768149057811709
2053,1,-1.155989382140973e-06,4.453955424689067e-10,-5.224977715068233e-05,2.641188244150731e-05
2053,2,3.982834974963545e-05,8.27855946294273e-09,0,0.0002795528955484698
2054,0,4.245864890827109e-05,8.872493695697399e-09,0,0.0002908449713313265
2054,1,2.171398462994548e-06,3.251283289845211e-11,-1.419111673807308e-06,1.711754828558249e-05
2054,2,7.646873502867349e-07,4.086207885303714e-12,-2.996567229831526e-10,6.11290544672291e-06
2055,0,6.356851308684276e-06,6.980303509989004e-11,-1.314833917217758e-07,1.997481707477525e-05
2055,1,3.568763776256233e-07,4.908013445828061e-11,-1.037036600115397e-05,1.657913652354829e-05
2055,2,5.053624556413964e-06,8.769511730792875e-11,-2.68038987185892e-09,2.686840192205943e-05
2056,0,5.303037218431508e-05,1.013352104156741e-08,0,0.0003173295268221731
2056,1,6.163771925666093e-08,1.008757776253173e-11,-6.102049011839008e-06,6.595150765892295e-06
2056,2,4.428795452836733e-05,5.861247818063037e-09,-5.927085789665545e-10,0.000242248765949916
2057,0,9.849702365031017e-06,5.838049008117187e-11,0,2.862068839164271e-05
2057,1,-7.918009763977273e-06,1.936141486143161e-10,-3.637502225681373e-05,0
2057,2,3.269259026990522e-06,7.481638209891309e-11,0,2.615407221592417e-05
2058,0,-3.917067445602275e-09,1.242571104979635e-16,-3.33574595182644e-08,2.020919953446196e-09
2058,1,4.568626750319829e-05,1.222073748961718e-08,-6.093087695129544e-06,0.0003373466383430033
2058,2,3.648059339364509e-05,9.315835860467233e-09,0,0.0002918447471491607
2059,0,0.0002189011712554466,1.597750449492742e-08,0,0.0002971987899823402
2059,1,-4.092918465519176e-06,1.172638709577149e-10,-3.274334772415341e-05,2.047648716872487e-36
2059,2,0,0,0,0
2060,0,7.218563063149066e-05,1.592002997957076e-08,-1.88314906704097e-06,0.0002910622722261612
2060,1,2.226336875062181e-05,4.016280301527138e-09,-1.153096787311152e-05,0.000189637917878086
2060,2,0.0001587876996426468,2.505288877419554e-08,0,0.0003459474965488318
2061,0,1.5790219018926e-05,2.495435482968733e-10,0,3.270138565101115e-05
2061,1,6.539201922707591e-06,2.533681042047032e-10,0,4.852505472513104e-05
2061,2,3.188257467608187e-05,7.115457242649876e-09,0,0.0002550600840680748
2062,0,-4.282791641019276e-07,6.180040941775959e-13,-2.233635501277167e-06,0
2062,1,2.353533706304479e-05,3.877384634697908e-09,0,0.0001882826965043583
2062,2,3.866740369047544e-06,1.047015252577423e-10,-3.398421249024308e-09,3.09390632717191e-05
2063,0,1.946894109256431e-05,4.960461248268452e-10,0,6.528403638905546e-05
2063,1,5.697939802833292e-06,8.492745618156076e-10,-4.229827865509051e-05,7.042843459366139e-05
2063,2,4.878421468272427e-05,1.291226106854391e-08,-7.469290288418761e-11,0.0003470916079895214
2064,0,1.893938918632013e-05,6.507105264395181e-10,0,6.216241356764956e-05
2064,1,6.597991070763635e-06,1.672852471855889e-10,0,4.005368408387242e-05
2064,2,-5.555021170870573e-10,1.191073945569384e-18,-3.252204836629103e-09,0
2065,0,3.329880743162815e-07,1.121303130319931e-12,-1.464680688699932e-06,2.425467128506249e-06
2065,1,2.283872920580835e-06,8.457662447047644e-12,0,6.520408654732987e-06
2065,2,-2.12315378448117e-10,1.427924491000106e-18,-1.67467777119116e-09,2.288084203557071e-09
2066,0,-4.682882964269013e-07,1.236045599435864e-12,-3.393894864921582e-06,0
2066,1,4.514105567002698e-05,1.650317317487992e-08,-2.302211452359664e-05,0.0003844437552288075
2066,2,2.408041171574142e-05,5.915660048012575e-10,0,5.322252444222591e-05
2067,0,4.324236592699236e-05,3.863373727048803e-12,4.081576799420788e-05,4.650736335993521e-05
2067,1,7.200955421010999e-06,9.287709973424097e-10,-4.5200703636319e-05,7.220652207617907e-05
2067,2,2.194082104757777e-07,3.384560095317912e-13,-2.826748183348644e-09,1.758622468271796e-06
2068,0,8.940969536441562e-07,3.142627337920458e-13,0,1.758252672951439e-06
2068,1,-2.155290939812193e-06,5.304852048360759e-11,-2.128472766242815e-05,2.433671298351838e-06
2068,2,8.76660655970499e-06,2.423824265666744e-10,0,4.404926538677206e-05
2069,0,3.907190667882433e-06,1.573172338575182e-11,0,9.154879804938813e-06
2069,1,5.36351687871148e-05,3.210790594632476e-08,-7.08663303562907e-05,0.0005227561578643513
2069,2,6.60025808069226e-07,3.066843154021541e-12,-7.685600565164736e-09,5.293367804100592e-06
2070,0,0.0001091529783315427,8.097435755471953e-08,-7.592370820385633e-07,0.0008619555185953696
2070,1,0.000679160392404922,9.658312661374557e-08,6.003192553352469e-05,0.001120645718509433
2070,2,0.0006474075580317478,2.522487568519666e-07,0,0.001062848708502774
2071,0,0.0001594288116273408,8.485235260027144e-09,0,0.0002182387111534751
2071,1,6.655843616365677e-05,2.968500481678232e-08,0,0.0005223612746386737
2071,2,0.0001619654225561777,1.671480369306515e-07,-2.720394738475403e-09,0.001242774082512124
2072,0,-7.511119355662868e-07,3.365069879633128e-12,-5.558382279720556e-06,2.420856242880696e-07
2072,1,2.389620677605225e-05,3.523511755920408e-09,0,0.0001808867786476274
2072,2,3.184517275827675e-06,5.787630385298607e-11,-2.880198799402938e-09,2.321685226564427e-05
2073,0,4.818152748310971e-05,1.62502171342396e-08,0,0.0003854522198648777
2073,1,3.142869003675567e-05,3.358722861131858e-09,0,0.0001770543049886228
2073,2,-1.162855435371131e-09,1.079900745809156e-17,-9.834444874462412e-09,6.460173032934506e-10
2074,0,2.119955324766829e-07,7.297843044893301e-13,-6.946882653742737e-07,2.390652525187737e-06
2074,1,9.00903853688505e-07,2.30459109019711e-12,0,4.307710069312288e-06
2074,2,5.066606648364349e-11,1.122801370077279e-20,0,3.214390582433437e-10
2075,0,0,0,0,0
2075,1,2.295748663338464e-05,2.245284422632685e-09,0,0.0001461378648198005
2075,2,-2.952334468174262e-10,5.341217959865057e-19,-1.796291783782311e-09,8.523902863258174e-10
2076,0,1.240490065791181e-05,1.077170922328626e-09,0,9.92392052632945e-05
2076,1,0.0001092974602279962,8.222019355942046e-08,0,0.0008679212612776192
2076,2,0.0002884558612519698,5.143239833189264e-08,0,0.0005520478350870018
2077,0,0.0004034191896826077,8.853094656789159e-08,0,0.0006819512239021269
2077,1,2.920892107254191e-05,4.981648760295526e-09,-3.446723608069248e-06,0.0002153379127998285
2077,2,0.0001191319057996229,3.763759378697087e-08,-1.572769561888642e-10,0.0004707909075563114
2078,0,0.0001913062240475459,8.08311084953281e-08,-1.939954947099244e-07,0.0008472183196400033
2078,1,0.0002445554528020519,1.851420966214754e-07,0,0.001238519500499989
2078,2,0.0001246167083631019,2.592678690848496e-08,0,0.0003444220728367744
2079,0,0.0002388301385625915,1.097901688143063e-07,0,0.001056584689512527
2079,1,1.12978045170032e-06,1.436283293038455e-11,-5.065019284654924e-06,7.116677020925283e-06
2079,2,6.443050169642471e-05,1.240471486236071e-08,-7.778512937496909e-09,0.000279638771644343
2080,0,-1.783363404951354e-08,9.733008107082734e-16,-8.009474178294026e-08,0
2080,1,3.552805519003302e-07,5.863197358259159e-13,-4.492707756354755e-07,1.847588831204068e-06
2080,2,7.600840819515237e-07,3.780770890101433e-12,-1.266551467941762e-09,5.902175271649081e-06
2081,0,4.239816249286269e-05,1.122543852619725e-08,-5.083145422431442e-06,0.000322542549891195
2081,1,1.88610301486408e-05,2.506817241097197e-09,-5.093628578453299e-06,0.000151166506951013
2081,2,1.504080060399497e-05,7.747962194301463e-10,-8.721719935933987e-09,7.976046266382546e-05
2082,0,-2.750525466361212e-07,7.318936222033009e-13,-2.529843830647552e-06,2.17068777429524e-07
2082,1,6.682352805567616e-07,8.711435123358311e-11,-1.987399471111546e-05,1.623355968949269e-05
2082,2,2.347909593674428e-05,3.799351371056328e-09,-1.922094220026812e-09,0.0001865564767357216
2083,0,1.37132024402224e-07,1.087476996643993e-12,-1.178227554707073e-06,2.698663858804761e-06
2083,1,1.401033959992858e-06,6.674222961776258e-11,-1.37078181709506e-05,1.752415588266951e-05
2083,2,3.248439098019663e-06,7.388734423116755e-11,-1.925221883202408e-09,2.599072145479074e-05
2084,0,5.615632715804002e-07,3.53731645172108e-12,-1.937838195627264e-06,5.002835023986126e-06
2084,1,-6.800694623058624e-06,2.534171614330557e-10,-4.517229013820524e-05,7.916731361631282e-06
2084,2,2.115226174885242e-06,1.343330433516099e-11,-1.391340354642408e-09,8.6412590884708e-06
2085,0,2.679931283916765e-06,8.688713646085366e-12,-6.080020464581872e-07,7.267556586225225e-06
2085,1,-2.95160401115377e-06,5.485066685728584e-11,-2.219266190350996e-05,2.026553422349053e-06
2085,2,9.231253754170739e-05,5.965131013331703e-08,-3.374029897059709e-09,0.0007385007229147133
2086,0,6.685642480807889e-07,3.168906428315997e-12,-2.979327857086328e-08,5.378307263217175e-06
2086,1,9.348087944139946e-07,4.968746108691467e-12,0,6.803313285244119e-06
2086,2,4.161086715273429e-07,1.212732127127964e-12,-8.494909213395987e-10,3.329718863140083e-06
2087,0,-1.646356898255833e-06,1.670659994634703e-11,-1.244405117768313e-05,0
2087,1,2.58514749853426e-06,3.591612730535548e-11,0,1.83073119141796e-05
2087,2,-1.435640160249973e-10,2.617126798478802e-19,-1.468416675525483e-09,3.199045473255048e-10
2088,0,-1.890479827443349e-06,1.005199519082223e-11,-9.436380373864741e-06,5.638202232860723e-07
2088,1,-3.414690916579983e-06,9.276593385349026e-11,-2.19607751600566e-05,1.03367178573631e-05
2088,2,1.522201330737223e-05,3.829609895711594e-10,0,4.405500661472679e-05
2089,0,2.583431713515314e-05,1.036997881369413e-10,0,3.284557621779031e-05
2089,1,2.954348681809704e-06,1.284315952580193e-10,-7.911893431094825e-06,3.102357733403918e-05
2089,2,-1.096523199293013e-09,1.922708799575014e-18,-3.55333826834733e-09,0
2090,0,3.083026384413383e-06,8.496435698195097e-11,-1.361339135032017e-06,2.744169448314173e-05
2090,1,2.811793895372103e-05,6.376618772055341e-09,-1.629958465467849e-05,0.0002388863059784354
2090,2,0.0001163658830605565,9.139966395815588e-09,0,0.0002360917848683441
2091,0,0.0001782568445056177,4.543807444664112e-09,0,0.0002056519572213707
2091,1,9.302585421254406e-06,3.930915689423927e-10,0,6.114763230101094e-05
2091,2,5.896283513615219e-05,7.764229134705831e-09,0,0.000276099026155354
2092,0,0.0001192590514166588,2.080325416702282e-08,6.146826427069954e-05,0.0005008202377103751
2092,1,0.0001139628257700103,4.162919344285115e-08,0,0.0005742224896335228
2092,2,0.0001344935213620095,1.872837903396394e-08,0,0.0003620644092145569
2093,0,1.129552938933585e-07,1.560073825785326e-12,-2.015401660353407e-06,2.919044011500275e-06
2093,1,6.021181473279804e-05,1.040029296488997e-08,0,0.0002606513598732408
2093,2,1.872421099514091e-05,2.425872826668213e-09,-7.315750539398116e-10,0.0001490341343396029
2094,0,-2.360082481963016e-06,3.898992525168097e-11,-1.888065985570413e-05,0
2094,1,0.0001025751868427529,3.527972095504696e-08,0,0.0005483094220948974
2094,2,2.17538178135665e-05,2.975812275704122e-09,0,0.0001659108099698763
2095,0,4.448821019282574e-08,1.284735120049457e-14,0,3.442026367051499e-07
2095,1,5.110497701138001e-05,1.733205349687304e-08,0,0.0003993239610651738
2095,2,8.298877546373392e-05,1.791592739104275e-08,0,0.0004064668641692843
2096,0,-1.271190474791532e-07,2.042957546602331e-13,-9.011777545795368e-07,6.548055335531573e-07
2096,1,6.575662045900393e-06,2.570107030906515e-10,0,4.886746230337367e-05
2096,2,6.840040338764916e-07,3.281504122834448e-12,-4.727973495462101e-09,5.476760244507396e-06
2097,0,0,0,0,0
2097,1,1.685304190867886e-06,3.191791712026101e-12,0,4.944537315606417e-06
2097,2,-2.094329718076553e-10,3.07035187761303e-19,-1.675463774461242e-09,0
2098,0,-2.103189232345205e-06,3.096383462936969e-11,-1.682551385876164e-05,0
2098,1,5.401212516872669e-06,4.327872701931264e-11,0,1.85635066345994e-05
2098,2,-1.533101598428606e-12,1.645280357773042e-23,-1.226481278742884e-11,0
2099,0,0,0,0,0
2099,1,-1.738473485876216e-06,6.327580576652608e-11,-2.187334879326295e-05,7.162112058481168e-06
2099,2,2.316183553283039e-07,3.787841000687246e-13,-5.340298411594231e-09,1.859951078194187e-06
2100,0,-1.645148039898361e-06,7.723132750923664e-12,-7.398160396379525e-06,3.863719669381407e-07
2100,1,-3.195459609000626e-06,2.401167887756299e-10,-4.172895590475e-05,1.616527903274499e-05
2100,2,8.358759239110605e-07,4.888760552651192e-12,-4.930331228878522e-10,6.685775174430691e-06
2101,0,-7.11192436432978e-08,3.416161594647802e-14,-5.422687581227147e-07,8.500639115566097e-08
2101,1,-9.466286251607491e-06,4.103920007804536e-10,-5.785356138782253e-05,3.585500546552647e-06
2101,2,5.26731888621028e-05,1.388445566936304e-08,-2.7116409113008e-11,0.0003620758939710083
2102,0,1.5068541829082e-05,1.387768860197159e-09,-9.561827425659537e-07,0.0001134786795191585
2102,1,4.727197983551107e-05,3.75860211308927e-09,0,0.0001379005502178573
2102,2,4.680869614199275e-05,1.734270478320795e-09,0,9.552496776874333e-05
2103,0,-2.996824890973667e-06,3.572641597850588e-11,-1.698158897367659e-05,1.238130266170457e-06
2103,1,9.35223874060987e-06,2.183339535939517e-09,-6.926057304780942e-05,8.053626512434074e-05
2103,2,7.985933618273114e-06,1.861059493725735e-10,-4.176450438092192e-10,4.192465336926425e-05
2104,0,-3.303659777628358e-06,5.309183583344375e-11,-2.223668589702155e-05,0
2104,1,3.205852974075416e-05,3.920853783770451e-09,0,0.0001909526614088315
2104,2,1.964933512093678e-05,6.556529682717538e-10,-8.501808132318072e-10,5.978779541719086e-05
2105,0,1.813921365727047e-05,4.908707388630172e-11,0,2.20386547273002e-05
2105,1,3.622920584604448e-05,2.871110299744517e-09,0,0.0001358486981969167
2105,2,4.987542509881877e-05,2.638177705953801e-09,0,0.0001169642309584518
2106,0,7.161250214142648e-05,3.082697055123409e-09,0,0.0001169643924157837
2106,1,-9.415499524501234e-07,6.864073508363509e-12,-7.867187285756508e-06,3.347876661555205e-07
2106,2,4.111204628997885e-06,1.122158304181764e-10,0,3.213045853551651e-05
2107,0,2.848782279487027e-05,5.689724128363596e-09,-1.54904718687559e-07,0.0002280574870776497
2107,1,5.970048134015292e-05,1.105774733863232e-08,-7.539327404211144e-06,0.0002524737534919351
2107,2,4.270052435253954e-05,3.054382257392839e-09,0,0.0001214867797918688
2108,0,5.28893528615262e-05,2.798893114290342e-09,0,0.0001085035144295467
2108,1,4.848490394531469e-05,1.271125516719598e-08,-2.474047268083108e-05,0.0003388597711436534
2108,2,2.286504892173402e-08,3.692646052774963e-15,-7.18211029498203e-10,1.836386024033703e-07
2109,0,7.584946561175478e-09,4.02719900351214e-16,0,6.067957248940383e-08
2109,1,-4.425840879259358e-06,9.371484870003196e-10,-6.518946928360762e-05,4.379355347010801e-05
2109,2,1.837410192653021e-06,2.363238072290847e-11,0,1.469923996368726e-05
2110,0,3.802245975140813e-06,4.354888015826525e-11,0,1.605197095109657e-05
2110,1,5.46042185542053e-07,1.787223479777907e-11,-8.913437891274303e-06,5.944559246425755e-06
2110,2,-2.782848543878895e-11,5.420972212718221e-21,-2.226278835103116e-10,0
2111,0,5.476186847400234e-09,2.099203567134752e-16,0,4.380949477920187e-08
2111,1,4.771628243022245e-06,7.700698215247926e-11,0,2.498623292600428e-05
2111,2,0,0,0,0
2112,0,-2.37637599245648e-07,3.101160924354458e-13,-1.700753587351015e-06,0
2112,1,-1.095518418713918e-05,2.784382667963047e-10,-4.650643009572014e-05,2.398145931815487e-06
2112,2,2.149174453487255e-05,7.964820903877461e-10,-2.92577116863019e-10,7.362600588609583e-05
2113,0,4.741366203901726e-05,6.169630243119698e-09,-7.415723480259535e-06,0.0002268805038905268
2113,1,1.333213388662803e-05,1.761985931993666e-09,-1.827503270577959e-05,0.0001232108529424635
2113,2,7.635599737289427e-05,3.624702559864587e-09,0,0.0001451117092429671
2114,0,2.949787381484484e-05,2.610373882402311e-09,0,0.0001180200338497698
2114,1,2.846873462110265e-06,5.351360492830058e-11,-3.067139732933857e-36,2.219481347922788e-05
2114,2,2.750067839300387e-05,2.311633721259352e-09,-1.611739726760203e-09,0.0001302615717474314
2115,0,3.685242890034415e-07,9.506710610984445e-13,0,2.948194312027532e-06
2115,1,-4.571802328477589e-06,1.463096357147117e-10,-3.657441862782071e-05,0
2115,2,6.440545510195182e-06,2.903827566937596e-10,-9.552017169209628e-10,5.152579028182866e-05
2116,0,8.756362305696156e-05,1.263936703960588e-08,-7.494090242254947e-07,0.00034901912537451
2116,1,-9.556062890448642e-06,4.448695912099227e-10,-6.437111197074567e-05,0
2116,2,2.877251244213707e-07,5.795334581486304e-13,-7.452979046974092e-10,2.301858323473003e-06
2117,0,-3.421506086240774e-07,5.698792179692218e-13,-2.303863042078479e-06,0
2117,1,4.105769734557417e-05,1.036378508045142e-08,0,0.0003099233636129571
2117,2,0.0001120315510478465,8.663408268944744e-09,0,0.0002292229451351645
2118,0,0.0001418424369539568,2.47323573855175e-08,0,0.0004500524512781642
2118,1,-1.323283439982819e-06,2.283350941797992e-11,-1.310027742559523e-05,4.566031721682236e-06
2118,2,9.482700989528144e-08,6.314047747580239e-14,-1.475652000464517e-09,7.596433862425226e-07
2119,0,2.830625780149395e-05,5.855277624983837e-09,-3.575730105793228e-06,0.0002307358144245714
2119,1,1.59744636498843e-05,8.637989856341958e-10,-1.790267769189058e-06,8.141213443376333e-05
2119,2,-5.607559333569023e-10,1.618355287361281e-18,-3.886208004258327e-09,0
2120,0,-4.706122502215381e-08,2.935279753805987e-13,-1.344956381984524e-06,6.940790018079016e-07
2120,1,8.262641417763257e-05,2.472250313416162e-08,-4.726250015209326e-05,0.0004178727302268229
2120,2,4.299263955741837e-05,2.451222964001224e-09,0,0.0001405022750028354
2121,0,4.156116280323134e-05,1.300030628657817e-09,0,0.0001075297709964975
2121,1,3.196534698814883e-05,3.817835279294947e-09,0,0.0001867169050494553
2121,2,3.601041737695606e-05,1.892083183322763e-09,0,0.0001281356518722796
2122,0,-1.200206818013158e-06,5.373653107556587e-12,-5.987629461522665e-06,6.558009810071905e-07
2122,1,4.590812498170149e-05,1.475289157534867e-08,0,0.0003672649998536119
2122,2,-2.888145918642788e-10,5.838970793161093e-19,-2.31051673491423e-09,0
2123,0,-3.626167741850555e-07,4.065523971474411e-13,-1.670281767645643e-06,0
2123,1,6.502402663244554e-06,2.232510825028446e-10,0,4.585223830231094e-05
2123,2,1.895364018821924e-05,1.031857914928324e-09,-1.45680877320074e-09,7.798487330041944e-05
2124,0,-4.366651132055788e-07,7.609453796238806e-13,-2.707916574327397e-06,0
2124,1,4.515815767978886e-06,1.36282915413028e-10,0,3.5399404407634e-05
2124,2,8.960618072996864e-07,5.626278848959281e-12,-2.637156924068194e-09,7.171724876121383e-06
2125,0,-2.502020601249753e-07,3.46716985615921e-13,-1.798088048205015e-06,0
2125,1,5.040672853193034e-05,6.608150210588393e-09,0,0.000228727658514338
2125,2,0.000154930032409748,8.662311192248922e-09,0,0.0002727595323343607
2126,0,0.0001642327675131805,2.997522585756585e-08,0,0.0005580211961359058
2126,1,0.0001503853789273751,4.815897327550964e-08,0,0.0005945115340766161
2126,2,8.483126510894893e-05,2.194179581255753e-08,0,0.0003768891492762403
2127,0,-1.702894253604964e-06,2.064336321108031e-12,-4.122028360858507e-06,0
2127,1,0.0001207043568012478,1.119371126129445e-07,-4.35778917738767e-05,0.001005061223703947
2127,2,0.0001532791504865933,7.048696675803056e-08,0,0.000616843711472772
2128,0,0.0004196475963675626,3.923695628934473e-08,0,0.0005956895775712215
2128,1,6.739752451241013e-05,2.419303422647817e-08,-2.268490895925044e-05,0.0004748434604957148
2128,2,0.0003161761630897049,1.673404028799503e-07,0,0.0009160708577423815
2129,0,5.244009576310755e-06,1.788569310111709e-11,0,1.035076599988505e-05
2129,1,6.272180278107199e-05,9.357767724205828e-09,-7.572588022460489e-36,0.0002955599546675056
2129,2,-2.002690880099777e-10,2.807539532864375e-19,-1.602152704079822e-09,0
2130,0,1.389170616270874e-07,6.875072697387072e-14,0,7.640609233524146e-07
2130,1,2.548837215270138e-05,3.491676162561743e-09,-3.585273318699304e-05,0.0001608940460769445
2130,2,2.541239919185711e-13,4.520530228804101e-25,0,2.032991935348569e-12
2131,0,0,0,0,0
2131,1,2.723669610371221e-07,1.981025228244169e-12,-2.405433894104881e-06,2.563604636400085e-06
2131,2,1.313744866559588e-10,1.579702937646298e-19,-4.659065277499031e-10,8.893538958338296e-10
2132,0,9.471150185293529e-07,1.039251819262146e-11,-1.761832753346701e-06,9.338752901581523e-06
2132,1,7.428019140515289e-06,1.327522581928044e-09,-3.846405347983721e-05,9.788820660395952e-05
2132,2,1.760758684450386e-05,9.257286797695557e-10,-2.408621579769919e-10,7.648012320662523e-05
2133,0,6.331025032495727e-05,1.491006578988051e-08,0,0.0003783310369121446
2133,1,-9.879635708606149e-06,5.314082682158679e-10,-5.010831780749939e-05,2.025854266216048e-05
2133,2,4.527379364576639e-06,1.434780120629463e-10,-3.151244007884862e-10,3.621879908687205e-05
2134,0,8.057968319233005e-06,4.545159740363395e-10,0,6.446374655386404e-05
2134,1,-4.482854236201417e-06,9.361017307793169e-11,-2.217725652676122e-05,5.888492096969432e-06
2134,2,1.776767553403222e-05,5.295913948109213e-10,-1.884033764604643e-09,5.113817465591004e-05
2135,0,1.240913569626011e-08,1.077906541097378e-15,0,9.927308557008084e-08
2135,1,3.216629105681955e-05,7.244288320891197e-09,-2.025854266216051e-05,0.0002561734056325979
2135,2,3.16778246701986e-06,7.024902072361229e-11,-6.650633916392707e-10,2.534306475929594e-05
2136,0,2.905578990146815e-06,2.540745111458596e-11,0,1.218900215466019e-05
2136,1,1.035540134503537e-05,1.166392052592469e-09,-1.523690953831285e-05,9.875222295326623e-05
2136,2,0.000145400202405848,1.036932236567994e-07,-3.110357429804117e-09,0.0009916506170583135
2137,0,7.357381678952044e-05,6.003686519582278e-09,-8.161324715778483e-07,0.0002049497080837658
2137,1,2.316414024916982e-05,1.886132396432553e-09,-6.771516090498236e-06,0.0001221516734384024
2137,2,-1.628850440057721e-11,1.857207629253363e-21,-1.303080352046177e-10,0
2138,0,2.01839724207091e-05,1.595112797039213e-09,-9.712654686391707e-07,0.0001188062903000468
2138,1,1.929005230857212e-05,1.983629195180842e-09,-2.194534153875349e-06,0.0001356708951635709
2138,2,1.833653499314898e-07,2.359495128386883e-13,-1.605830320912707e-09,1.468528629772831e-06
2139,0,2.370488106702684e-05,1.917858683965665e-09,-2.378683179406975e-06,0.0001181990241966174
2139,1,-8.647217299825957e-06,1.439552332223974e-09,-0.0001032027145906572,3.800502702604604e-05
2139,2,4.866520678210758e-06,1.657917893019885e-10,-9.045661114004813e-10,3.89332570131798e-05
2140,0,-1.065275461472725e-07,3.437984464987705e-14,-4.627429778431791e-07,0
2140,1,9.813158815934461e-05,3.576098405141317e-08,-4.680232645601726e-06,0.0005549685925765287
2140,2,0.0002190137109764094,3.123177837183606e-08,0,0.0003915374826637775
2141,0,0.0002063903455746155,1.482444805322955e-08,0,0.0003397457387955751
2141,1,-7.115429739686811e-08,3.544053826629366e-14,-5.692343791749449e-07,0
2141,2,8.359316792207298e-11,8.820937032022211e-20,-4.044161463006031e-10,6.419071268519562e-10
2142,0,-2.016102989429346e-07,1.333270658894033e-13,-8.434194003911061e-07,3.079654815686851e-07
2142,1,-1.112314341021633e-05,4.058465912476708e-10,-5.713895114548882e-05,0
2142,2,3.803841025612599e-06,6.67527895101433e-11,-1.882663564895073e-10,2.487867793173541e-05
2143,0,6.306143751889021e-06,6.192022309012487e-11,0,1.739841875842885e-05
2143,1,4.843050377899368e-06,1.056373578698383e-09,-3.140916125763445e-05,8.511184175453483e-05
2143,2,2.251875851352977e-06,2.016696840015085e-11,-7.509209851318467e-10,1.345869576345042e-05
2144,0,4.206990011628553e-06,5.362538665770251e-11,-3.021446317143178e-07,1.699163210560379e-05
2144,1,-7.749760274904237e-06,4.204114902293865e-10,-6.19980821992339e-05,0
2144,2,3.053560271667481e-11,1.415673414593917e-20,-9.101917147052558e-11,3.353039932039241e-10
2145,0,-2.674698345772876e-07,1.197514103653877e-12,-3.052699316448843e-06,9.129406398305424e-07
2145,1,-1.494419592852979e-06,1.563302943652004e-11,-1.195535674282383e-05,0
2145,2,9.056751660652441e-08,5.766133682304972e-14,-8.164934338607767e-10,7.258853551924012e-07
2146,0,2.447221672465467e-08,4.192225739929274e-15,0,1.957777337972374e-07
2146,1,-5.289914954984683e-06,1.958824016167942e-10,-4.231931963987747e-05,0
2146,2,1.43581341827823e-06,9.092343833048491e-12,-2.176600289839556e-09,9.152882562146147e-06
2147,0,8.130002678147573e-06,7.202126110504342e-11,0,2.647320936929197e-05
2147,1,-1.508674456385509e-05,7.084825106433842e-10,-6.34789794598162e-05,1.578446483136754e-06
2147,2,2.255254090520406e-05,3.560240569718062e-09,-8.048036489670917e-10,0.0001804185726690876
2148,0,8.055782676872491e-05,6.512255517951136e-09,-2.703433384585371e-07,0.0001694793272721701
2148,1,3.242545232736522e-05,6.856649213362043e-10,0,5.953822191481923e-05
2148,2,2.944194124371904e-07,6.082316564891597e-13,-1.482779399273735e-09,2.357819419211022e-06
2149,0,3.968047542700115e-05,4.739111835491143e-09,-3.89066956766314e-07,0.0001592307654555995
2149,1,-1.493136157764631e-07,3.395202144323844e-12,-4.245990395866742e-06,3.051481469655038e-06
2149,2,9.997680086175391e-11,6.996752497385561e-20,0,7.998144068940313e-10
2150,0,2.104866587188421e-05,3.101324344903561e-09,0,0.0001683893269750737
2150,1,8.686250365630467e-06,5.169219806313391e-10,-8.444372131490654e-06,6.765636992263905e-05
2150,2,1.955962549539812e-06,2.678052646641597e-11,0,1.564770039631849e-05
2151,0,0,0,0,0
2151,1,2.265621561024734e-05,6.609652458149461e-09,-5.104646476182428e-05,0.000233153135895386
2151,2,1.725124201954051e-06,2.083134987800121e-11,0,1.380069661467438e-05
2152,0,-3.334066298307131e-07,1.072398389612672e-12,-2.908696877183283e-06,8.202938871542604e-07
2152,1,-8.717235450655334e-06,4.531144737612027e-10,-6.289578271299969e-05,7.138629557042631e-06
2152,2,8.213312820514159e-07,4.719803717721971e-12,-3.965803742652201e-10,6.569254789073375e-06
2153,0,-3.974841305498538e-07,4.805942425303483e-13,-1.752581416535865e-06,0
2153,1,1.220147262311973e-05,3.213149635423571e-09,-5.461390500275594e-05,0.0001544569777459232
2153,2,9.100581884638227e-07,5.799686409408969e-12,-1.291243105484351e-09,7.281698761670981e-06
2154,0,-3.734063403660072e-07,1.094615253044465e-12,-3.138396917599241e-06,1.511461946711833e-07
2154,1,5.950901511538516e-07,2.478926016002197e-12,0,4.760721209230812e-06
2154,2,-1.396836261650335e-09,2.152065093819621e-18,-3.684995924479348e-09,0
2155,0,-1.492180397907825e-07,1.55862163793025e-13,-1.19374431832626e-06,0
2155,1,7.147311408388135e-05,1.86543324284832e-08,0,0.0004012894115456287
2155,2,1.310785379492645e-05,8.662471661629096e-10,-3.614916227873736e-10,9.046523048795878e-05
2156,0,8.181744465354724e-06,2.349050435356467e-11,0,1.298964293061656e-05
2156,1,-5.247450478438093e-06,1.927501556656211e-10,-4.197960382750474e-05,0
2156,2,1.152423195496084e-07,9.299459828742562e-14,-6.214090673703756e-10,9.220633852297541e-07
2157,0,-2.285778100728135e-07,3.850830697514705e-13,-1.78710590834302e-06,3.691376868996245e-07
2157,1,6.59441422065675e-07,4.062175292621081e-12,-2.238367109253149e-06,4.926710695275565e-06
2157,2,3.786966517498696e-06,1.003939152698973e-10,-8.346267197749586e-10,3.029653849296016e-05
2158,0,0,0,0,0
2158,1,1.699903689565268e-05,1.923396991260529e-09,0,0.0001330036925330623
2158,2,9.292194349036679e-05,5.547127714292441e-09,-1.686073672606942e-09,0.0001775413845015462
2159,0,0.000115774835933899,4.46825719826443e-09,0,0.0001556601251360571
2159,1,3.338397918290525e-05,1.654699829026403e-09,0,0.0001328233033815875
2159,2,2.22229396153305e-05,9.489124449882735e-10,-1.017275356448164e-09,9.132515436941022e-05
2160,0,-8.048670480191585e-08,9.68505767157355e-14,-8.329966927872996e-07,2.901515386113701e-07
2160,1,8.172839351137795e-07,2.399429286100821e-10,-2.520175914340645e-05,3.489397090933888e-05
2160,2,1.540957847195087e-05,9.328174634473484e-10,0,9.133357528740818e-05
2161,0,1.913303478104905e-05,2.562511139529829e-09,0,0.0001530642782483924
2161,1,-1.197023001516961e-07,1.449489861792645e-13,-1.117442316548776e-06,1.598239153352077e-07
2161,2,7.121796032040232e-06,2.928140454686452e-10,-1.18764990160059e-09,5.225019919570369e-05
2162,0,0,0,0,0
2162,1,2.378087334301631e-07,2.766648096716788e-12,-2.238367109253149e-06,3.724100558695968e-06
2162,2,1.587702579062247e-10,9.504554631883805e-20,0,9.13803559828205e-10
2163,0,0,0,0,0
2163,1,-1.447828468645484e-06,9.381802876197136e-12,-9.3088022127779e-06,0
2163,2,-5.58787619838637e-11,8.348261863673113e-20,-7.679975931623271e-10,3.209674972914176e-10
2164,0,0,0,0,0
2164,1,-2.622910450707183e-07,1.99521093411231e-12,-3.724100558695968e-06,1.625772198130222e-06
2164,2,-5.301556321045441e-10,4.28106911670213e-19,-1.807441232200124e-09,0
2165,0,0,0,0,0
2165,1,6.676723373025486e-05,2.885000575176309e-08,0,0.0005158774175078608
2165,2,0.0001643011525910651,2.941540835164382e-08,0,0.0003761936694159923
2166,0,0.0002342080839850115,3.291310101772009e-08,0,0.0003768313511866302
2166,1,1.84284681524393e-05,2.665645868259204e-09,-7.448201117391939e-06,0.0001548759463369063
2166,2,2.20524601489917e-05,2.604088200596941e-09,-1.05148528489751e-09,0.0001558899929336395
2167,0,2.055486345454108e-07,2.257779560896145e-13,0,1.451566392014227e-06
2167,1,7.363315823045099e-07,3.795289393693443e-12,0,5.890652658436079e-06
2167,2,-2.602445057914113e-11,4.740904195623113e-21,-2.08195604633129e-10,0
2168,0,-5.86435256712165e-08,2.40734417220544e-14,-4.69148205369732e-07,0
2168,1,7.569429269176094e-07,2.056161100277228e-12,-1.352822196112822e-06,3.159786073995855e-06
2168,2,3.359608699997592e-06,7.901770371387624e-11,-1.325891715076563e-09,2.687819549169581e-05
2169,0,0,0,0,0
2169,1,-2.513401706148868e-06,3.34613829733078e-11,-1.767195797530825e-05,0
2169,2,1.836414957126587e-07,2.363897674537226e-13,-6.770090571324368e-10,1.47000382139094e-06
2170,0,-1.30024207888502e-07,1.786765492559693e-12,-2.883373020785436e-06,1.716629315155332e-06
2170,1,0.0001335872285160921,3.21185372576393e-08,-4.870511347765378e-06,0.0004330306163189421
2170,2,7.251283498491233e-05,1.8379091546639e-08,0,0.0004237892435005953
2171,0,4.740958592444783e-05,7.493778137626528e-10,0,6.370678995141096e-05
2171,1,2.061620868455196e-06,1.312228211719229e-11,0,9.465401521012502e-06
2171,2,1.710487130275518e-05,8.777810428831946e-10,-1.307731548787521e-09,6.897594543316148e-05
2172,0,2.223735732592056e-06,4.184031994428285e-12,0,6.930440270369147e-06
2172,1,-3.594223052125197e-06,6.32980562316125e-11,-1.848965137689264e-05,7.188995564125792e-06
2172,2,2.105950721211669e-06,3.105216996295707e-11,-8.020770920397405e-10,1.68492606946696e-05
2173,0,-6.854111804063325e-08,2.522694786653767e-14,-4.851933164446131e-07,0
2173,1,8.187862848092018e-05,2.867557513676815e-08,-1.405513085325814e-05,0.0005023138782851539
2173,2,0.0003477475769020424,4.284677245481495e-08,0,0.0004995406030498354
2174,0,0.0001240989809975524,4.620183045761559e-08,0,0.0004971939308146727
2174,1,-1.706943720280704e-06,6.244259736211178e-11,-2.156698669237737e-05,7.590254313811296e-06
2174,2,-2.542762814058307e-10,3.457629010305718e-19,-1.796319137750518e-09,0
2175,0,3.637210303216382e-08,2.502643032777729e-14,-1.44736608783259e-07,4.357134330405695e-07
2175,1,1.767166145438643e-06,2.18601332990913e-11,0,1.413732916350914e-05
2175,2,-4.443122316509604e-10,4.928392046888113e-19,-1.866575762886576e-09,0
2176,0,0,0,0,0
2176,1,2.920825793902307e-06,2.583164685317306e-11,0,1.265896069379467e-05
2176,2,5.790715077630332e-06,1.64102032196414e-10,-3.476048375009318e-11,3.910091056227441e-05
2177,0,0.0001931686705559691,5.87561494478137e-08,0,0.000510264596869695
2177,1,2.294253267632368e-06,2.923665466029165e-11,0,1.651073258852748e-05
2177,2,-2.442711014286231e-10,8.611415051243718e-20,-7.038946911713466e-10,0
2178,0,1.169589438928262e-08,9.575576189567697e-16,0,9.3567155114261e-08
2178,1,2.461969877576857e-07,4.242906974667049e-13,0,1.969575902061483e-06
2178,2,7.543872080099634e-06,1.833201327804713e-10,-1.122104816989941e-09,3.727028801375225e-05
2179,0,8.901573894701301e-06,2.379221385890599e-10,0,3.651862267053678e-05
2179,1,2.459613488062373e-06,5.226490172333908e-11,-1.843293552531464e-06,2.152020145703045e-05
2179,2,8.415235670684777e-07,4.960015320954516e-12,-1.679775081027032e-09,6.733900431794221e-06
2180,0,4.015750174730751e-08,1.128837462609504e-14,0,3.212600139784601e-07
2180,1,-4.608233881328658e-07,1.486507365351777e-12,-3.686587105062927e-06,4.485587136975069e-36
2180,2,2.148595109701114e-06,3.231409593919177e-11,0,1.718849775308337e-05
2181,0,3.271532513122002e-05,6.353306837097217e-10,0,6.513752587477408e-05
2181,1,3.116422709379613e-05,3.256517195761872e-09,0,0.0001734442617670674
2181,2,9.908413610387245e-05,4.337468947503388e-09,0,0.0002129323568272897
2182,0,8.661225864703649e-05,2.501094159257667e-09,0,0.0001168829217461851
2182,1,-8.464099266929403e-07,4.511616373303703e-11,-1.756652293587508e-05,7.178883110234672e-06
2182,2,1.010881627232178e-06,5.751227386030366e-12,0,7.321354291517736e-06
2183,0,1.391277046346122e-05,1.522550980330861e-09,-5.590697091627708e-06,0.0001170258905680257
2183,1,2.36533304878699e-05,3.916360302178772e-09,0,0.0001892266439029592
2183,2,0.0001034828635432138,8.201714061054295e-09,0,0.0002290280132750792
2184,0,1.966587095925738e-05,2.70722536410314e-09,0,0.0001573269676740591
2184,1,6.582515723668655e-05,2.066504518081796e-08,0,0.0004434687888416726
2184,2,0.0001606236954792322,9.485527067826282e-09,0,0.0002748617704749724
2185,0,6.773542784199428e-05,1.533005481952132e-08,0,0.0003500818469429754
2185,1,5.379261338020337e-06,1.299195823840656e-10,0,3.46487207601783e-05
2185,2,6.6712374096542e-11,3.115378600317879e-20,0,5.33698992772336e-10
2186,0,0,0,0,0
2186,1,-4.211152181871207e-06,9.648479135066644e-11,-3.000263034990673e-05,0
2186,2,7.988009705223547e-06,4.466653278547083e-10,-4.528317122867798e-10,6.390453047350066e-05
2187,0,5.037753632967549e-06,1.776527316653442e-10,0,4.030202906374039e-05
2187,1,6.805616841571315e-06,7.881221959376637e-10,-3.325211284973914e-05,7.356863484281319e-05
2187,2,2.676468639842362e-06,5.014439066041734e-11,0,2.141174911873889e-05
2188,0,0.0001209246619903106,2.878591792339934e-08,0,0.0004119816247206955
2188,1,5.340238518014796e-07,1.226905428539229e-10,-2.307665149131154e-05,1.989110687930036e-05
2188,2,1.092392879866093e-06,8.350330863637568e-12,0,8.737804229241248e-06
2189,0,4.846755791236713e-09,1.644372918992063e-16,0,3.877404632989371e-08
2189,1,-1.458651528944123e-06,9.693855054678392e-11,-2.486674290575474e-05,1.319753067420175e-05
2189,2,4.62775478344041e-12,4.092522384808662e-19,-1.260845053486929e-09,1.297867091754452e-09
2190,0,1.116208196279963e-08,8.721445162097982e-16,0,8.929665570239706e-08
2190,1,6.575230964399414e-05,3.02635635646378e-08,0,0.0005260184771519531
2190,2,0.000253283007442411,6.419555004031798e-08,0,0.0005218497050974553
2191,0,0.0001247527682879663,4.668977040553419e-08,0,0.0004992191020069202
2191,1,9.459628778274093e-05,6.263920363592598e-08,0,0.0007567703022619274
2191,2,-4.54346955714828e-12,1.445018093171323e-22,-3.634775645718624e-11,0
2192,0,0.0001869996775942988,5.82602142385223e-08,-6.299145827078625e-07,0.0004992152567553658
2192,1,2.074354007901399e-05,1.162288223361143e-09,0,8.09383429097671e-05
2192,2,0.000106356615814137,3.429470467560124e-08,-1.999602138977981e-09,0.0004646502007596797
2193,0,-3.633208695533253e-08,9.240143797708912e-15,-2.906566956426603e-07,0
2193,1,4.68673876966806e-07,2.844445245495682e-11,-6.614196742506441e-06,1.229957085625305e-05
2193,2,1.840175131156926e-07,2.375331876505494e-13,-1.113211574755895e-09,1.473486747528747e-06
2194,0,6.229253145988694e-05,2.716251632976703e-08,0,0.0004983402516790955
2194,1,-1.46715915583239e-06,1.999917323140211e-11,-1.322839348501288e-05,1.49112023835376e-06
2194,2,2.135818210298988e-06,3.193718603063672e-11,-2.242444559645209e-09,1.708775110075334e-05
2195,0,0,0,0,0
2195,1,1.001106555266569e-05,7.015500344983876e-10,0,8.008852442132555e-05
2195,2,1.844326256322981e-07,2.374532325095226e-13,-2.416087069923137e-10,1.473684116271281e-06
2196,0,0,0,0,0
2196,1,3.002430696632125e-05,6.134994799516353e-09,0,0.0002372401793919167
2196,2,1.541665920188922e-05,1.663885092687954e-09,-2.76256125176872e-09,0.0001233388332036292
2197,0,9.166821439728271e-05,2.801491388209189e-09,0,0.000123671076625498
2197,1,9.303286149481553e-06,5.715174533211702e-10,-3.987943756008115e-06,7.231366220860529e-05
2197,2,-3.133957967627323e-10,4.026438457404326e-19,-1.940312615661927e-09,0
2198,0,3.742449714747818e-08,4.691370683682327e-15,-5.082361710647562e-08,1.50404449298674e-07
2198,1,3.761758909288935e-05,6.507617151419014e-09,-4.221110263273175e-05,0.0002129485732262263
2198,2,6.38417065500159e-05,5.651811465938251e-09,-1.463792076746667e-09,0.0002080445398439156
2199,0,1.395814651473936e-05,1.173315970275289e-10,0,2.388672680641432e-05
2199,1,8.21797733080544e-06,3.91259337236285e-10,-4.117373224852086e-06,5.955893410589e-05
2199,2,1.640914226622073e-05,8.398949784529994e-10,-8.655003924094079e-09,8.915714802015241e-05
2200,0,4.127778259157299e-05,1.022458667499117e-09,0,6.654464631353521e-05
2200,1,1.999724802902083e-05,1.51514984302959e-09,-1.322839348501288e-05,0.0001037014110721908
2200,2,3.077826136132291e-05,3.657009617508802e-09,0,0.0001811900980117699
2201,0,3.452508831643709e-05,1.986648094914081e-09,0,9.23186323529891e-05
2201,1,3.180092806636361e-07,7.07909318117423e-13,0,2.544074245309089e-06
2201,2,2.691448581905632e-05,1.198579309509724e-09,0,9.086869646713872e-05
2202,0,1.244305691742531e-06,4.819658103730437e-12,0,5.813328358918559e-06
2202,1,-2.23596273415954e-06,1.130315220492641e-10,-2.758749083359784e-05,1.310022198127495e-05
2202,2,8.334112704538349e-06,4.862148042609129e-10,-7.656550358563548e-10,6.667366729134266e-05
2203,0,4.276425337992089e-05,1.100068241699355e-09,0,7.153546139660121e-05
2203,1,4.333969265403638e-05,4.482617349053765e-09,0,0.0002017134510082341
2203,2,2.128582746398944e-05,3.049537191937029e-09,-3.942197188007127e-09,0.0001673692339906978
2204,0,-8.220269670606875e-09,4.730098342024948e-16,-6.5762157364855e-08,0
2204,1,0.0001318632019879425,5.725320511990223e-08,-4.395339188235933e-05,0.0006184946249679752
2204,2,0.000254601620563809,4.029837745641157e-08,0,0.0004997964946194825
2205,0,0.0001437413928826462,7.087675173819932e-08,0,0.0007635602443574659
2205,1,1.129209201163484e-05,8.663605551679005e-10,0,8.91604823021747e-05
2205,2,4.400933068740592e-06,1.119964488141137e-10,-2.581704650036041e-09,3.228568387923141e-05
2206,0,3.100340803710085e-07,6.728479169404789e-13,0,2.480272642968068e-06
2206,1,6.862771624322438e-07,3.296834405732366e-12,0,5.490217299457951e-06
2206,2,7.400956366465208e-07,3.832503600753448e-12,0,5.919624981131648e-06
2207,0,5.008930593326351e-05,1.697338492171502e-08,0,0.0003947441493745366
2207,1,4.690828970944671e-05,1.540271350425769e-08,0,0.0003752663176755737
2207,2,-2.441012998919774e-10,3.307997237623302e-19,-1.755557478355034e-09,5.404616177399191e-12
2208,0,0.0001489696978599126,3.610207317402346e-08,0,0.0003949812108262499
2208,1,0,0,0,0
2208,2,7.700105314335268e-06,3.721753911375691e-10,-8.881227404247058e-10,5.867871938214164e-05
2209,0,4.55049440426765e-07,1.449489952628984e-12,0,3.64039552341412e-06
2209,1,2.881808491670143e-07,5.813374127863502e-13,0,2.305446793336114e-06
2209,2,4.206489939737105e-05,1.238604007160645e-08,-2.514332712347911e-10,0.0003365174091501037
2210,0,1.187974688714878e-06,1.659133618018021e-12,-2.548243111259799e-07,2.831821322745691e-06
2210,1,1.317395879378885e-06,3.863505930609112e-12,0,4.920959509560803e-06
2210,2,7.861667135767922e-06,3.85108090909394e-10,-1.718270361293811e-09,5.970893737731632e-05
2211,0,-6.896354021138637e-09,4.1992460377165e-15,-1.549677844305996e-07,9.979695226149051e-08
2211,1,8.908264517645521e-06,6.403646350096892e-10,-6.169900826212742e-06,7.560661414801933e-05
2211,2,1.684388420128065e-06,9.076541339174462e-12,-2.075797558084712e-09,8.23972924366343e-06
2212,0,-1.480904647846148e-07,1.055532116330561e-13,-9.911643383317878e-07,0
2212,1,5.751574797389291e-06,3.432425711084935e-10,-8.234746449704176e-06,5.424734482881851e-05
2212,2,-3.843129674985542e-11,4.344223416976705e-21,-1.861433836233702e-10,0
2213,0,0,0,0,0
2213,1,-3.878429799792408e-07,1.324956961749795e-11,-9.337270921595874e-06,3.656078039129465e-06
2213,2,-9.850245634854695e-10,2.523196871811755e-18,-3.896442276079987e-09,1.176802958491056e-11
2214,0,-2.840365821269883e-07,5.647374599046697e-13,-2.272292657015906e-06,0
2214,1,-4.370287511249914e-06,1.603777341144095e-10,-3.759806515883902e-05,3.967715566052872e-06
2214,2,5.59711458743704e-07,1.056984610919688e-12,-5.788710599877647e-10,2.925747282818194e-06
2215,0,3.491881983090155e-07,1.052485759785277e-12,-1.474584791702027e-06,2.023069545562913e-06
2215,1,-7.152577595354095e-06,7.513029573995594e-10,-5.774082432387263e-05,4.407221579205808e-05
2215,2,1.520777277534427e-06,6.938088364595475e-12,0,6.08330330772317e-06
2216,0,3.215487514510238e-06,4.819119070490228e-12,0,6.792652987260875e-06
2216,1,7.540122590622719e-06,2.955096959628542e-10,-2.187928639196819e-36,5.251663939742057e-05
2216,2,6.944232094679163e-05,2.256159127226278e-08,0,0.0004656243033332816
2217,0,0.0001156646107803029,4.013500075906669e-08,0,0.0004632722775934069
2217,1,2.525987028589468e-06,2.312564184003439e-11,0,1.409584512416543e-05
2217,2,1.120523956971458e-05,6.229318657111435e-10,-3.293017769573878e-09,7.620543876023772e-05
2218,0,6.277299675160344e-05,2.424831300142435e-08,0,0.0004744674734180061
2218,1,1.316265317630842e-05,1.212788070478475e-09,0,0.0001053012254104674
2218,2,3.475117097657473e-05,2.01367325189618e-09,-1.447645405203589e-09,9.467561884412397e-05
2219,0,2.186364169489529e-05,7.97071235105158e-10,0,5.925831132638224e-05
2219,1,0.0001666399822117865,7.94218997369885e-08,0,0.0007166573300612229
2219,2,0.000117764603591188,1.003648064200175e-08,0,0.0002796780748784236
2220,0,5.392916900453285e-05,8.725541655075837e-09,0,0.0002170963086031835
2220,1,3.890020637508665e-05,5.518286073330536e-09,-2.914063394887937e-05,0.000206944242554467
2220,2,3.649119223354935e-05,9.321217615319816e-09,0,0.0002919290972263712
2221,0,0.0002242368974140397,8.058021977079997e-08,0,0.000693959731049982
2221,1,-3.252506156380196e-06,7.922557835932944e-10,-5.82812678977588e-05,3.325592614162053e-05
2221,2,5.628532970873973e-05,2.217638918155547e-08,-6.439739703857833e-10,0.0004502837107593226
2222,0,-1.351871050147314e-07,1.279288735358481e-13,-1.081496840117851e-06,0
2222,1,-1.288031784030326e-05,1.394366715390529e-09,-0.0001114097995578159,8.367256835389847e-06
2222,2,-1.131917888838513e-11,8.968666749508457e-22,-9.055343110708105e-11,0
2223,0,0,0,0,0
2223,1,-8.747466508535931e-06,5.356271922257045e-10,-6.997973206828745e-05,0
2223,2,2.751831065557147e-10,1.972294842106767e-19,0,1.156562171433985e-09
2224,0,0,0,0,0
2224,1,5.531251946262007e-06,1.437787349192355e-10,-3.188589394065188e-06,3.625868003467391e-05
2224,2,-2.383672950530181e-11,3.977327714562481e-21,-1.906938360424145e-10,0
2225,0,0,0,0,0
2225,1,3.701062059535475e-05,1.250031870236743e-08,-3.625868003467391e-05,0.0003311263569185162
2225,2,1.471734853755663e-05,1.217067651160584e-09,-3.167178214583702e-10,0.0001065040755346677
2226,0,1.717635193905573e-07,1.312965869407136e-13,0,1.100761545033739e-06
2226,1,-1.473528203616125e-05,1.261582951461831e-09,-7.53224399850933e-05,2.99575437651512e-05
2226,2,6.457870948012595e-05,2.536938260399151e-08,-5.103135404412998e-10,0.0004851023986673116
2227,0,1.2525552878259e-05,2.373139949164315e-11,0,1.585706986564176e-05
2227,1,-1.131847437109972e-05,4.489708012681229e-10,-6.039484956203496e-05,9.624081005660582e-07
2227,2,5.38345793957584e-06,1.487796548699081e-10,-3.030844211191973e-09,3.726037466928827e-05
2228,0,1.338365234490134e-05,1.078612234284057e-10,0,2.219813304124875e-05
2228,1,2.56136335308829e-05,5.469656141503317e-10,0,7.486795564418664e-05
2228,2,1.246933636010516e-10,2.147526207250744e-19,-3.804034022383974e-10,1.015418102073676e-09
2229,0,8.63539537086854e-08,5.219903724785246e-14,0,6.908316296694832e-07
2229,1,7.684786588420425e-05,6.100465093787126e-08,-4.238561836603474e-05,0.0007283246785696207
2229,2,0.0003201601432286338,1.039172149649497e-07,0,0.0007623902370794531
2230,0,0.0004552128718049055,1.243878704498423e-07,0,0.0007472496456846686
2230,1,3.116936879776339e-05,6.870159201957258e-10,0,9.475039746130885e-05
2230,2,0.000125335543808686,5.855109462500986e-08,-7.946794412280005e-10,0.0007151092190018914
2231,0,9.044066648861584e-05,5.722680038169006e-08,0,0.0007233605526572202
2231,1,8.120218656449001e-06,1.341398805038786e-10,0,3.11581485760329e-05
2231,2,0.000106430894197936,4.626270971729572e-08,-1.818903671368219e-09,0.0006475878381234821
2232,0,-3.664237755256017e-08,9.398646828930556e-15,-2.931390204204814e-07,0
2232,1,4.335317426713999e-05,1.003634742140832e-08,0,0.0003060453365551855
2232,2,-3.375719638475747e-10,3.699545781189779e-18,-5.026565682568757e-09,2.289167188560714e-09
2233,0,0,0,0,0
2233,1,-1.741517231393034e-06,3.507171074188102e-11,-1.727620867205839e-05,2.295715282189575e-06
2233,2,3.632089191873916e-06,9.23442520332664e-11,0,2.905667894730493e-05
2234,0,4.241912452481323e-06,1.200349258181934e-11,0,8.746386729520997e-06
2234,1,4.30573188639988e-05,1.193764889066005e-08,0,0.000332047643361579
2234,2,1.802486303253725e-06,2.274435270064224e-11,-6.244576584312243e-10,1.44203493727547e-05
2235,0,2.129614529979683e-06,1.380753592608519e-11,0,9.41681614917752e-06
2235,1,2.176176135102574e-05,2.884244826618548e-09,0,0.0001635590589790065
2235,2,-2.388696011961802e-10,5.296803745879002e-19,-1.729050319727284e-09,1.028053359852329e-09
2236,0,8.231975870319566e-09,8.352785074694384e-16,-1.735060991284935e-08,8.320641687540589e-08
2236,1,6.499029625166553e-05,2.800564233152412e-08,0,0.0005076922649974266
2236,2,0.0002276660839814177,3.471107676630808e-08,0,0.0004469950910622939
2237,0,0.0001080389493106128,3.501724990034133e-08,0,0.000432313225548275
2237,1,5.411255846445399e-06,7.293069402143191e-11,0,2.548783878627494e-05
2237,2,9.145726182341754e-06,5.855479035795462e-10,-9.878754836957504e-10,7.316787331961263e-05
2238,0,0.000274166699445596,4.503196170385011e-08,-6.284667794050332e-08,0.0004456339573165025
2238,1,9.493319103938774e-07,6.308617532644623e-12,0,7.594655283151019e-06
2238,2,1.874250774874624e-06,2.45887109434038e-11,-5.460074847083506e-10,1.499373918135522e-05
2239,0,8.272889216858453e-06,4.243370581577146e-11,0,1.453126567096422e-05
2239,1,-2.066161601377295e-07,4.874796749813172e-11,-1.702600793991351e-05,9.209099415812613e-06
2239,2,3.872233891918807e-10,9.043124520326934e-18,-3.858652993584149e-09,7.636687795452767e-09
2240,0,4.000475374952665e-08,1.130939126642681e-13,-4.981383269698678e-07,8.18176356966081e-07
2240,1,-4.207153133442135e-06,6.093397631825815e-11,-2.045700600454124e-05,2.159688217266416e-06
2240,2,3.489533853341862e-05,4.580497343822494e-09,-1.23490140149032e-09,0.00020102534820069
2241,0,5.054947536728013e-05,8.647657896294779e-10,0,7.636843844821531e-05
2241,1,3.260787363189749e-05,1.004832508993978e-09,-1.014308911083454e-07,7.074645657023628e-05
2241,2,3.245339642815329e-05,7.373043110366642e-09,-4.442791151870186e-09,0.0002596346055088512
2242,0,-7.36295046102253e-08,3.794912764403033e-14,-5.890360368818024e-07,0
2242,1,2.583488038929267e-05,1.162741985317288e-09,-2.837693399473132e-06,7.037853174110247e-05
2242,2,9.22623767152155e-07,5.96271393004458e-12,-2.692693078818438e-09,7.383195786127269e-06
2243,0,0,0,0,0
2243,1,-1.343047152453248e-05,6.449322036920537e-10,-7.840130745593804e-05,0
2243,2,4.668550945028367e-06,1.525864872553529e-10,-1.219671828725441e-09,3.735043292402801e-05
2244,0,8.727379769961636e-06,2.309048371537754e-10,0,3.80100765822119e-05
2244,1,1.14629363188208e-05,2.372556944786977e-10,0,3.735173954923924e-05
2244,2,-2.583993425660489e-11,4.673915416699641e-21,-2.067194740528391e-10,0
2245,0,1.37543316058125e-05,3.239014838719341e-10,-8.410880231273426e-07,3.719906579323554e-05
2245,1,3.011095539686565e-05,1.780475620974353e-09,0,0.0001069029459138947
2245,2,2.375423831010146e-05,5.850384237733383e-10,-1.615323105962801e-10,5.179278666400232e-05
2246,0,1.289488768498417e-05,4.988351655300848e-10,0,5.163541862034271e-05
2246,1,-8.272951663822096e-07,4.052148678124456e-10,-4.021692127392857e-05,3.987916200067692e-05
2246,2,2.729210242646772e-05,9.84189797179165e-10,-9.771976149122158e-10,8.362601546702939e-05
2247,0,7.395553300240632e-06,1.645131503906439e-10,0,3.089450057885444e-05
2247,1,-8.094385528698301e-07,5.878950513815956e-12,-7.194206259059294e-06,7.186978361006531e-07
2247,2,5.875784191996128e-06,1.572432669995005e-10,-1.170599905045298e-08,3.815184232426976e-05
2248,0,2.99540282398848e-08,6.280706654570714e-15,0,2.396322259190784e-07
2248,1,0.0001371664990098995,7.913690538003612e-08,-1.975541037467134e-05,0.0008372039841232958
2248,2,0.0004923660690308996,1.477782598600809e-07,0,0.0008357099166587671
2249,0,0.0007796987276014607,8.835321254672326e-08,0,0.0009506567631545038
2249,1,4.055486285839052e-05,5.409759190694125e-09,-1.10312171650972e-05,0.0001724180221073444
2249,2,7.250405750913218e-05,7.006544762565574e-09,0,0.0001938760594916112
2250,0,5.564982039964978e-05,1.859238412340322e-09,0,9.092087807656388e-05
2250,1,0,0,0,0
2250,2,-4.239986735589368e-11,1.108210824979095e-20,-3.204485595023527e-10,0
2251,0,3.700474261621202e-08,9.585456832644688e-15,0,2.960379409296962e-07
2251,1,1.075257539205451e-06,8.093251429327137e-12,0,8.602060313643611e-06
2251,2,3.155411792898786e-05,3.185998382702385e-09,0,0.0001544307452577576
2252,0,8.037796877408387e-05,2.155950166638016e-09,0,0.0001094671078638268
2252,1,7.064036520141871e-06,6.685658959472193e-11,0,2.070388212855426e-05
2252,2,6.506350121127004e-10,3.639594815377337e-18,-2.146552509718474e-09,4.336280990698929e-09
2253,0,-2.111506640415762e-08,3.1209222047639e-15,-1.689205312332609e-07,0
2253,1,4.405400448161565e-05,9.340775760046609e-09,0,0.000297414167104208
2253,2,8.942425302373676e-05,1.374935442000724e-08,0,0.0002621883053963748
2254,0,3.290578358079302e-05,7.579534151461913e-09,0,0.0002632462686463442
2254,1,3.554113867479514e-06,4.838842945198548e-11,0,2.069511375785235e-05
2254,2,3.188995734928399e-05,7.118854928791784e-09,-7.302872605962509e-10,0.0002551207448789447
2255,0,3.274988538226599e-05,7.507884947860918e-09,0,0.0002619990830581279
2255,1,7.663928263729983e-05,2.642595222069067e-08,0,0.0004965119036281505
2255,2,0,0,0,0
2256,0,9.828711948796113e-05,1.610060116492728e-08,0,0.0002622018075970044
2256,1,3.241073076233523e-05,1.130610234530421e-08,-4.91718988345101e-05,0.000310532258020454
2256,2,0.0001189531223412496,2.608291306034306e-08,-6.209158754032558e-10,0.0004202756799707395
2257,0,0,0,0,0
2257,1,-3.981348685640008e-06,1.083418478712214e-10,-2.293979912428113e-05,7.319961675829383e-06
2257,2,1.537537076464499e-05,1.654896222945141e-09,-2.667841802111238e-09,0.000123005633958962
2258,0,1.06437488404463e-07,1.605138869186227e-13,-2.856629225801321e-07,1.137162829815836e-06
2258,1,-2.322126941659992e-07,1.946833418136831e-11,-9.71669828908086e-06,7.858996735752867e-06
2258,2,1.977988105543929e-05,1.419737465320059e-09,0,0.0001165927890153902
2259,0,6.776332836170639e-06,1.383085125825971e-10,0,2.85918742642162e-05
2259,1,1.328968796636079e-05,1.124263612914668e-10,3.82081510923175e-06,2.723265369436156e-05
2259,2,4.067667818208971e-06,1.158226980957332e-10,-2.194552105913406e-09,3.254149577550459e-05
2260,0,6.144877328436703e-05,1.585110320995872e-08,0,0.0003931577286463148
2260,1,7.600405771881705e-06,1.072516721030522e-09,-5.211905741711472e-05,5.953924922238313e-05
2260,2,5.774766910419729e-06,2.335556233547193e-10,-4.65156440143787e-09,4.620853181692385e-05
2261,0,-2.953430077099731e-07,6.105924454222125e-13,-2.362744061679784e-06,0
2261,1,-5.314047857297007e-07,1.976737324075003e-12,-4.251238285837605e-06,0
2261,2,-4.327877614105726e-10,2.318002649497717e-18,-4.02278736151806e-09,1.767483030627396e-09
2262,0,-4.625525337030476e-08,1.497683925045762e-14,-3.700420269624381e-07,0
2262,1,-2.392633436139242e-06,1.371002721580184e-10,-3.147269691432849e-05,1.233162942521454e-05
2262,2,9.066903620435311e-07,5.762622612887293e-12,-2.672405460044516e-09,7.257938414170221e-06
2263,0,0,0,0,0
2263,1,-9.280708019665039e-07,7.132712500030071e-11,-1.432740546526612e-05,1.381136721750879e-05
2263,2,-4.592898326993842e-10,4.171302906794783e-19,-1.387451912871945e-09,4.755973054939287e-10
2264,0,0,0,0,0
2264,1,2.070690971650332e-05,3.896493145222925e-09,-3.627536498176564e-05,0.0001768426725621002
2264,2,4.137222157203183e-11,3.217083234127926e-19,-7.16894305481061e-10,1.034528802731208e-09
2265,0,-8.280628531238092e-07,4.799816621064804e-12,-6.624502824990474e-06,0
2265,1,4.676442730665085e-05,1.684209244191892e-08,-1.573634845716423e-05,0.0003898517669103711
2265,2,0.0001924799818370383,1.239086431493665e-08,0,0.0002644778378572679
2266,0,0.0001869654985354236,1.165325650881816e-08,0,0.0002506772041914335
2266,1,0.00010476451687327,3.981010244322212e-08,0,0.0006159907504536034
2266,2,0.0002744827554132228,7.573359405255436e-08,0,0.0005821945182908727
2267,0,0.0004286659213318894,6.125409630653294e-08,0,0.0005737139354250311
2267,1,-2.220616615455647e-06,5.135117923994089e-11,-2.097506995014185e-05,3.210137026496678e-06
2267,2,0.0001682499495980049,8.033512579023314e-08,-2.873931375825421e-09,0.0007058653757763746
2268,0,2.227758954852479e-05,2.982324611868821e-10,0,3.725006027047721e-05
2268,1,-8.739718840779966e-07,1.970769316292289e-10,-3.250477340984322e-05,2.27742142614932e-05
2268,2,4.156867431656874e-06,1.209774430003487e-10,-2.576940187796346e-09,3.325741890327061e-05
2269,0,-1.825495954870509e-07,2.166636937944467e-13,-1.413398584983855e-06,0
2269,1,-8.540330348059957e-06,5.105606971779575e-10,-6.832264278447966e-05,0
2269,2,1.115703750228731e-05,1.684127163440888e-10,-5.774487134618076e-10,3.493395954992618e-05
2270,0,2.517104879219404e-06,1.058888990744641e-11,0,6.933309458756634e-06
2270,1,9.15407296034639e-06,5.708460378200127e-10,-2.863472641314919e-36,7.236482426225493e-05
2270,2,9.085465163591672e-07,5.781117492353603e-12,-1.607277325825101e-09,7.269978785016849e-06
2271,0,0.0001556676658040276,7.005473731878792e-08,-9.225069101690049e-07,0.000614416940197861
2271,1,6.81728743575177e-07,1.739305686989658e-12,0,3.90172295442323e-06
2271,2,2.065383800753373e-06,1.295781384572932e-11,0,9.06249241157328e-06
2272,0,0,0,0,0
2272,1,-1.205575885861374e-06,4.190145536120088e-10,-4.554842852298646e-05,3.590382143609547e-05
2272,2,-5.145146520631691e-10,9.032122573838734e-19,-2.832447899170792e-09,5.02895318737417e-11
2273,0,0,0,0,0
2273,1,3.648319786115722e-07,9.31716608323443e-13,0,2.918655828892578e-06
2273,2,-1.278398340806373e-09,9.001096196624884e-18,-6.357827421648763e-09,2.376657024136239e-09
2274,0,0,0,0,0
2274,1,2.407535005774032e-06,2.712586505810722e-11,0,1.587103439682979e-05
2274,2,-7.47544030465773e-10,3.911754542395089e-18,-5.980352243726184e-09,0
2275,0,0,0,0,0
2275,1,-4.819191847127455e-06,2.434186432133518e-10,-4.563922653291383e-05,7.085691755894186e-06
2275,2,9.085460655363128e-07,5.778191672410597e-12,0,7.268368524290502e-06
2276,0,1.635314011100174e-06,8.374136700677564e-12,0,7.726803944699868e-06
2276,1,1.81755404236923e-06,9.910508090798183e-12,0,7.27021616947692e-06
2276,2,9.68308896848255e-06,6.563790007511663e-10,-1.630009414344174e-09,7.746695875496921e-05
2277,0,2.434861103718462e-06,1.432956076948173e-11,-1.118431436827767e-06,7.51029576109363e-06
2277,1,-1.364442796105603e-05,4.577531167686551e-10,-4.845472290283965e-05,6.565402412681986e-06
2277,2,2.215480911828559e-11,5.223924788521823e-19,-1.593602829989593e-09,1.079787669646619e-09
2278,0,-1.205920883335422e-07,2.139466048229109e-13,-1.30776340909105e-06,3.430267024227125e-07
2278,1,4.792394270168294e-06,2.996642802864497e-10,-1.483953278776713e-05,4.834770369358993e-05
2278,2,2.067824989184997e-05,4.01899115072975e-10,-6.289837966397527e-09,4.291449431110484e-05
2279,0,1.989203691695344e-05,2.422451590304188e-10,0,3.626911095752496e-05
2279,1,5.36008899879337e-05,1.996047176205302e-08,0,0.0004273946915939448
2279,2,0.0002753679831243294,2.791886412042225e-08,0,0.0004291964313250419
2280,0,0.0002681627695895751,4.314692946067209e-08,0,0.0004299773295390099
2280,1,9.28284223827104e-07,3.356569166984975e-12,0,5.469763624430012e-06
2280,2,2.02028636977109e-06,8.669874973636809e-12,-1.731653418112298e-10,8.265827268723617e-06
2281,0,5.963987394185339e-08,2.269274499270891e-14,0,4.578492702787521e-07
2281,1,0,0,0,0
2281,2,4.568045623085863e-05,1.460729493188159e-08,-2.727026837032783e-09,0.0003654476598615004
2282,0,5.82233564272675e-05,2.363098497034858e-08,-5.037308374844302e-07,0.0004649352457572189
2282,1,1.898126526885934e-05,8.907518079511707e-10,0,8.318531499676828e-05
2282,2,2.275002080207704e-06,2.340729311751555e-11,-2.154575586398182e-09,1.471428171794687e-05
2283,0,0,0,0,0
2283,1,9.93792428457082e-07,3.264060463373161e-12,0,5.072785841255922e-06
2283,2,1.15630494700787e-05,3.332748058525421e-10,-1.633715430560921e-09,4.550760346461696e-05
2284,0,0,0,0,0
2284,1,2.588613802608197e-06,1.154332252984556e-11,0,9.654027483049635e-06
2284,2,6.338753114718537e-08,2.841417501630139e-14,-1.669663812588304e-09,5.093660824311658e-07
2285,0,1.416187476683687e-07,3.216772316583402e-13,-6.522407933161325e-07,1.134919762690196e-06
2285,1,-3.203765848159587e-06,2.791109741648916e-10,-4.563922653291383e-05,1.477676843304151e-05
2285,2,-9.077682865148486e-10,2.278497901930281e-18,-4.523468231148209e-09,0
2286,0,-6.456901968331607e-08,2.093476907863376e-14,-4.418766688199019e-07,0
2286,1,1.866581984668848e-05,2.035213730615878e-09,-1.537662467598742e-36,0.0001375910233148112
2286,2,1.891151069990463e-06,1.129886407340774e-11,-1.71500788943188e-09,9.070470852769102e-06
2287,0,2.329487908038588e-06,9.099507694137747e-12,0,6.617382729912464e-06
2287,1,2.824711793115719e-05,4.072023208844982e-09,0,0.0001965498129058165
2287,2,2.890780851910328e-07,5.853902813847257e-13,-5.594737642856679e-10,2.313363572933994e-06
2288,0,7.352801835527391e-07,2.408481817712728e-12,-7.317754291178571e-08,4.689170172126004e-06
2288,1,-7.464917388233531e-06,2.922208894838314e-10,-5.222445568152273e-05,0
2288,2,1.381340776451209e-06,1.335781720845083e-11,-8.394015839860978e-10,1.105112453284724e-05
2289,0,1.404387398553714e-06,5.932810808014e-12,0,5.86973137281587e-06
2289,1,1.096814136573614e-05,1.616597663038052e-09,-2.111991170303243e-05,0.0001147444461535293
2289,2,-2.889561477920893e-10,2.861455672507514e-19,-1.40387712814767e-09,8.19468473455001e-11
2290,0,2.019139726202681e-06,6.25070319975367e-12,0,5.869388883627978e-06
2290,1,-1.643652383719196e-06,1.891115210954056e-11,-1.314921906975357e-05,0
2290,2,6.190251753984175e-07,2.688320226956578e-12,-4.055430619881911e-09,4.957023514524831e-06
2291,0,2.843000470377459e-06,5.023587630607642e-12,0,5.080033092458752e-06
2291,1,2.96884891371544e-06,6.462553395141644e-10,-3.791669801056896e-05,6.166748932029247e-05
2291,2,6.384583258663526e-08,2.878099686545028e-14,-1.649459305669204e-09,5.126943529077483e-07
2292,0,-8.233814874970191e-09,1.683318193699873e-13,-8.530046035136696e-07,7.87134084513908e-07
2292,1,1.197278384248344e-05,1.048965788747852e-09,-9.556493459876339e-06,9.692819328255385e-05
2292,2,-6.340337832911753e-10,7.048692381743631e-19,-2.089939512945014e-09,0
2293,0,-3.753049423687425e-07,1.27568282520845e-12,-3.348511220122901e-06,3.460716811729613e-07
2293,1,3.430848262117198e-05,9.970243515003899e-09,-1.651999232437053e-05,0.0002980859454904558
2293,2,-2.972844859206767e-10,3.731026493563933e-19,-1.193466519921754e-09,6.318143935912267e-10
2294,0,-5.912977244390032e-09,2.447430992487204e-16,-4.730381795512026e-08,0
2294,1,-5.080400030090847e-06,3.320882762904579e-10,-5.06623395795731e-05,1.416930004499707e-05
2294,2,8.220327159020613e-07,4.726254157881171e-12,0,6.573882406850211e-06
2295,0,2.343377544753531e-06,9.226806496199372e-12,0,6.793382080169477e-06
2295,1,1.566214137346426e-06,8.405479535779522e-12,-6.218185093602938e-07,6.575765804065851e-06
2295,2,1.454722781492086e-06,5.715125223060287e-12,-9.887422988380337e-10,6.063582419481951e-06
2296,0,2.887910427212325e-06,1.276838513176424e-11,-6.131166510359456e-07,7.615611656607853e-06
2296,1,-7.088010566051261e-06,2.008167593678377e-10,-4.250790013499123e-05,0
2296,2,3.941314881199967e-06,1.087659313099175e-10,-3.575857892492157e-09,3.153409490749222e-05
2297,0,3.295828790231111e-06,3.319026042232361e-11,0,1.473611673070059e-05
2297,1,7.807286039230859e-05,2.552499081528507e-08,0,0.0004941144527326435
2297,2,0.0003791094768581494,2.09258174128376e-08,0,0.0004671381782873717
2298,0,0.0001658068224840785,4.58288512357081e-08,0,0.0004490346993559109
2298,1,1.964669600419688e-05,2.709812609258084e-09,-7.129329477319609e-06,0.0001570743150026473
2298,2,9.47473386652455e-07,3.698279281314189e-12,-1.021144360928952e-09,5.794166573478114e-06
2299,0,0.0001684464920832189,4.746105910647328e-08,-1.185661279409879e-06,0.0004514080306367388
2299,1,-1.759404552113243e-06,7.46602009493738e-11,-2.37210332888387e-05,7.356425984807809e-06
2299,2,3.184713978492879e-06,6.78146295493332e-11,-2.34250558613411e-09,2.496784872525359e-05
2300,0,2.059470368076409e-07,4.843339359225494e-13,-3.713543380204729e-07,2.0189306324816e-06
2300,1,-3.198063077008478e-06,4.258799082436881e-11,-1.893550935838095e-05,1.250800313446561e-06
2300,2,1.007503786517433e-06,7.10784519836938e-12,-1.189913873752567e-09,8.061220206013215e-06
2301,0,1.513571185743266e-07,1.77467634432536e-12,-2.832459060411684e-06,2.102573441365759e-06
2301,1,3.866638447152987e-05,1.007495013528324e-08,-2.234203968630475e-05,0.000301957130918512
2301,2,9.476785298293151e-07,6.289087809379444e-12,-1.279562998726205e-09,7.582707801633247e-06
2302,0,-8.649175058405704e-09,5.236576043366311e-16,-6.919340046724563e-08,0
2302,1,-3.42663801826542e-06,8.96241280406631e-11,-2.846497849260898e-05,7.704660938138509e-07
2302,2,1.60178865652714e-06,1.797352997332538e-11,-2.942209818188255e-09,1.281850400221052e-05
2303,0,7.828869380125975e-06,3.706506270898363e-11,0,1.33781055670657e-05
2303,1,4.47694382774209e-05,1.334463675261157e-08,0,0.0003503287845411371
2303,2,1.787489463540002e-06,2.237009536801606e-11,-1.341791730980573e-09,1.430110869030086e-05
2304,0,2.177114945147265e-07,8.347073076174331e-13,-7.935006482012918e-07,2.535192604319104e-06
2304,1,0,0,0,0
2304,2,-2.716762827838205e-10,2.714026060439846e-19,-1.533823004463027e-09,0
2305,0,4.732529824540538e-08,1.567778697811599e-14,0,3.78602385963243e-07
2305,1,-1.037581570336865e-06,1.053638743585891e-11,-9.556493459876354e-06,1.255840897181434e-06
2305,2,5.760360643220951e-05,2.056573790754498e-08,-4.216631942281335e-10,0.0004367437087127781
2306,0,5.365287813372502e-06,6.424300246786291e-11,0,2.361989254409989e-05
2306,1,4.384604526440153e-06,1.142534932167594e-10,0,3.258225041763128e-05
2306,2,-4.036702906476369e-11,1.140647924860833e-20,-3.229362325181095e-10,0
2307,0,1.380386366767382e-06,1.779992161317123e-11,-2.672393827060682e-06,1.047129619255413e-05
2307,1,-3.467252996776839e-06,8.385164543936882e-11,-2.769451239879516e-05,1.976967087913577e-36
2307,2,-2.259782000815499e-10,6.001014214319342e-20,-6.607288601937797e-10,0
2308,0,0,0,0,0
2308,1,1.149231655468842e-05,3.711009990579341e-10,0,6.025082893581462e-05
2308,2,4.616955932481053e-07,1.492152505792725e-12,-3.137274777533363e-10,3.693578487258005e-06
2309,0,3.000265297417659e-08,1.073176548749335e-13,-5.26880962692009e-07,7.669021864854218e-07
2309,1,1.515223794640118e-05,1.227197391930656e-09,-2.64633948786352e-05,9.048638402425248e-05
2309,2,2.948466244693676e-05,4.723315227251298e-10,0,6.610026743259314e-05
2310,0,2.005349545677514e-05,1.345984396620967e-10,0,2.794426565039352e-05
2310,1,-6.052882013953679e-07,2.564616647239076e-12,-4.842305611162943e-06,0
2310,2,9.839899634565704e-06,3.389623732865777e-10,-3.254912378987591e-10,5.381360969751506e-05
2311,0,1.975590490259374e-05,3.915521807874827e-10,0,4.177807181825509e-05
2311,1,1.709475341836345e-05,9.246368962851493e-10,-2.234577335096929e-06,7.60086484259408e-05
2311,2,-3.050674791009492e-10,1.964864456211222e-19,-1.282215799913605e-09,0
2312,0,-6.568634368115998e-07,1.057526977791934e-12,-2.560988519720396e-06,0
2312,1,-8.146154230447857e-07,5.371423169350903e-11,-1.764226325242346e-05,1.112533986806518e-05
2312,2,1.007680416914709e-06,7.10714852513314e-12,0,8.06105121112445e-06
2313,0,0,0,0,0
2313,1,1.279538194257421e-06,8.339667061063019e-12,0,8.821131626211728e-06
2313,2,-1.400904167251832e-10,1.290073010683202e-19,-1.020395912201436e-09,2.049482439350625e-10
2314,0,0,0,0,0
2314,1,-6.053947526937664e-06,1.309282930836286e-10,-3.337601960419552e-05,0
2314,2,-1.39847760955655e-10,1.264135433283888e-19,-1.073426561546255e-09,6.245264184416694e-11
2315,0,0,0,0,0
2315,1,8.047472137605443e-06,4.533326546387513e-10,0,6.437977710084354e-05
2315,2,-1.652427400925714e-10,1.03561390073432e-19,-9.55221877877971e-10,0
2316,0,0,0,0,0
2316,1,1.591603266091235e-06,2.770486752634655e-10,-2.646339487863519e-05,3.919622100736507e-05
2316,2,7.900365547899953e-07,4.373735919905805e-12,-2.091618074516221e-09,6.323222623348105e-06
2317,0,-6.384121379960124e-07,2.098833745498156e-12,-4.42567800867135e-06,0
2317,1,9.473282107502212e-06,4.909015455365648e-10,0,6.76704569785271e-05
2317,2,2.237176671429373e-06,1.557067247109285e-11,-2.585940092542189e-10,1.043909174668515e-05
2318,0,0,0,0,0
2318,1,1.309210119010063e-06,1.19982179500284e-11,0,1.04736809520805e-05
2318,2,4.05909951103129e-06,3.479671727956869e-11,-6.594955273511488e-10,1.453506862583956e-05
2319,0,2.401466341972235e-06,1.021252189943996e-11,-2.877775287295174e-06,6.251121856175822e-06
2319,1,3.386149573424677e-05,8.026206253522885e-09,0,0.0002708919658739742
2319,2,0.0001669205824750157,1.672362929115127e-08,0,0.0002699682469756108
2320,0,0.0001647673452791133,1.628916667234353e-08,0,0.0002643808429648983
2320,1,5.436502050442406e-06,2.147329677606032e-10,-7.098421831264993e-07,4.420185858666575e-05
2320,2,5.50569280577363e-05,9.246067557901866e-09,-7.135308061179506e-10,0.0002507066814664573
2321,0,3.297257430648163e-05,7.59866190512403e-09,-2.620972694453722e-07,0.0002636023872061162
2321,1,2.099552189603318e-05,2.993473409431832e-09,0,0.0001657387409004569
2321,2,8.819374333247777e-05,5.113919250428414e-09,0,0.0001678769653259852
2322,0,0.0001120937760624538,4.191129269626295e-09,0,0.0001522249365475755
2322,1,-1.994366186245731e-06,1.164886218235985e-10,-2.857939011279861e-05,1.211132094009483e-05
2322,2,-7.360256879339551e-11,6.641230671712225e-20,-7.423401461050157e-10,1.535195957578515e-10
2323,0,-1.499990356616181e-08,1.390650473380781e-14,-1.868794602554311e-07,2.282369322682442e-07
2323,1,-6.116429849467132e-06,2.91655381103969e-10,-5.12555113935979e-05,2.32407259786084e-06
2323,2,2.735314892154456e-05,5.097991428755061e-09,0,0.0002162471811158504
2324,0,7.915887552996042e-06,3.835897499186854e-11,0,1.387176870256837e-05
2324,1,-4.397552494080995e-06,3.224318826589135e-11,-1.198405743793416e-05,7.658460423855683e-37
2324,2,1.280831704122031e-06,1.148611805632958e-11,-9.403480836642516e-10,1.024759398105991e-05
2325,0,0,0,0,0
2325,1,-4.497698810283917e-06,1.25550499175956e-10,-2.319636251471379e-05,9.442312545856634e-06
2325,2,-9.636056574771275e-11,2.806624716522534e-20,-4.144368329354123e-10,0
2326,0,0,0,0,0
2326,1,4.017876095253618e-06,1.130032982176732e-10,-2.013752349851298e-36,3.214300876202894e-05
2326,2,0,0,0,0
2327,0,0,0,0,0
2327,1,2.216352654799541e-05,4.848544322090285e-09,-1.816239321816511e-05,0.0002056331213481256
2327,2,-3.625570012734381e-10,4.066752147551186e-19,-1.672331379565687e-09,0
2328,0,0,0,0,0
2328,1,-3.06993078054414e-06,1.754235550349209e-10,-2.635250513295457e-05,2.067937786643945e-05
2328,2,3.040466512107544e-06,5.463745459245096e-11,-1.616602822672952e-09,2.253558486889015e-05
2329,0,6.314296547516929e-07,1.233787509697734e-12,0,2.913931359643695e-06
2329,1,2.237036821340308e-07,3.503033618022644e-13,0,1.789629457072246e-06
2329,2,2.265316675128314e-10,1.693506816622582e-19,-5.86146291137628e-11,1.012340000371276e-09
2330,0,5.792666913429812e-08,3.735156356279427e-12,-4.254137070385205e-06,2.472096562530736e-06
2330,1,-7.531063017780763e-06,3.970183712444956e-10,-6.024850414224611e-05,0
2330,2,7.210437894659483e-07,3.64308662670938e-12,-1.454731314234583e-09,5.77095513595348e-06
2331,0,3.054765043504732e-06,5.926084381133105e-12,0,5.768141993384602e-06
2331,1,4.852103162793366e-05,1.592826957720595e-08,0,0.0003823966119872243
2331,2,0.0002038071708026804,1.985251390321604e-08,-8.700915144070765e-10,0.0003688264888066626
2332,0,0.0001300475654077838,2.818815379885779e-08,0,0.0003484272362947534
2332,1,-2.584922233304933e-06,2.60591095137132e-10,-4.135875573287891e-05,2.067937786643945e-05
2332,2,4.193341304951417e-06,1.231072071553604e-10,-2.301303465995586e-09,3.354892758693566e-05
2333,0,0.0001301403037979497,2.837764641329906e-08,-1.794091223635213e-06,0.0003479838931408707
2333,1,-6.890779637372231e-06,4.395801977039627e-10,-6.203813359931835e-05,6.911896500340505e-06
2333,2,7.764590350704373e-07,4.225364870461581e-12,-2.801860294962671e-09,6.214983458892284e-06
2334,0,2.980086550207751e-05,5.45520211260033e-09,0,0.0002250717889800796
2334,1,0.000101413912749075,1.050844218209946e-08,0,0.0002280123517804564
2334,2,0.0001001193114797665,1.152988821069778e-08,0,0.0002591547108527287
2335,0,9.376996075766657e-07,1.660035122036406e-12,0,3.345866203073233e-06
2335,1,1.768077058901883e-06,1.071670151653897e-11,-4.665083807792006e-36,9.386103436478663e-06
2335,2,2.793176307040484e-05,4.282467944237843e-09,-7.710152540824744e-10,0.0002005696573434387
2336,0,1.164468104580183e-06,1.025491258123256e-11,-3.168455360878868e-07,9.632590372729351e-06
2336,1,6.901546222095253e-05,1.26930273513695e-08,0,0.0002726097296301805
2336,2,1.106009143534809e-05,8.563383274352185e-10,-1.311316920170174e-09,8.848339729670254e-05
2337,0,0,0,0,0
2337,1,6.060252346432703e-05,7.536283523356262e-09,-2.225744917555985e-05,0.0002157921123895719
2337,2,-3.582183502229628e-10,5.299066655557775e-19,-2.11746137397433e-09,2.703478802143267e-10
2338,0,9.726199271089769e-07,6.621926658266301e-12,0,7.780959416871815e-06
2338,1,8.705776273052881e-06,1.509300718086081e-09,-4.451489835111968e-05,0.0001028122420923955
2338,2,6.450240515157785e-08,2.881087121714015e-14,0,5.135846606507526e-07
2339,0,2.34986613651289e-07,2.140820916698538e-13,0,1.380064465524742e-06
2339,1,1.283689361017947e-07,4.943575126771998e-14,0,5.134757444071789e-07
2339,2,6.551076311644532e-06,3.004942929928699e-10,-3.069784024906817e-09,5.241456984375948e-05
2340,0,-2.394158657775822e-07,3.213081191810983e-13,-1.730575486106505e-06,0
2340,1,6.463143312797658e-05,2.90269991092728e-08,-3.125994889646655e-06,0.0005153647602793315
2340,2,9.430473356161344e-05,5.858623979696524e-09,0,0.0002066591035260613
2341,0,0.0001230717828812978,9.100732251260335e-09,-8.755581338887233e-10,0.0002032492088726283
2341,1,0.0001156850144491769,3.819593004821215e-08,0,0.0005153832851241282
2341,2,6.856243560509145e-05,7.868089607333041e-09,0,0.0001933177739277874
2342,0,0.0001353596062704879,2.333177318531166e-08,-6.517776243354364e-07,0.0003710421823423133
2342,1,2.733869172171324e-05,2.582954455683885e-09,0,0.0001503959089359661
2342,2,2.532066399822066e-05,3.786716243471303e-09,-1.430513352561681e-09,0.0001876145332601248
2343,0,4.29432530