0.0930965652
0.0916768680
0.0891724485
0.0891724485
0.0891724485
0.0876750532
0.0876750532
0.0876750532
0.0876750532
0.0874574132
0.0866299965
0.0837907048
0.0837907048
0.0837696545
0.0834010214
0.0827905921
0.0827905921
0.0824276754
0.0824057875
0.0824057875
0.0824057875
0.0824057875
0.0815230274
0.0815064646
0.0815064646
0.0814651081
0.0811541555
0.0803322785
0.0803102172
0.0803102172
0.0801722221
0.0801722221
0.0801321505
0.0799028755
0.0798977536
0.0798148065
0.0788788760
0.0787929378
0.0787582586
0.0787026020
0.0784663014
0.0781840747
0.0781840747
0.0778630106
0.0778630106
0.0778614012
0.0777558201
0.0777272061
0.0775414767
0.0775414767
0.0774507335
0.0770362984
0.0769975350
0.0769975350
0.0769131457
0.0769127989
0.0769122507
0.0767485957
0.0767040746
0.0766468739
0.0765083219
0.0764505128
0.0763632985
0.0763632985
0.0762598429
0.0761833058
0.0755809693
0.0755567503
0.0755332369
0.0754665325
0.0754238451
0.0747259865
0.0747168418
0.0746722167
0.0746605292
0.0746259395
0.0746164323
0.0745485985
0.0740253865
0.0739085630
0.0739013450
0.0736805477
0.0736251442
0.0735506220
0.0734103506
0.0734103157
0.0733512069
0.0733511369
0.0731534967
0.0731534967
0.0730726919
0.0730726919
0.0728714783
0.0728125749
0.0727002493
0.0727002493
0.0726767640
0.0726767640
0.0725429889
0.0725429889
0.0724154527
0.0723663700
0.0720472528
0.0719283876
0.0718116009
0.0718116009
0.0717673228
0.0717673228
0.0717673228
0.0713149950
0.0712305979
0.0712305979
0.0709550019
0.0707254806
0.0705076076
0.0705076076
0.0705015619
0.0705015619
0.0701882649
0.0701882439
0.0700922438
0.0700134431
0.0699781226
0.0698905404
0.0698905404
0.0698583101
0.0697925983
0.0696894638
0.0696264000
0.0696161562
0.0695905066
0.0695415543
0.0692956099
0.0689875271
0.0687236929
0.0687236929
0.0687030425
0.0686528217
0.0685829250
0.0685547091
0.0680747325
0.0680747325
0.0680708112
0.0679380100
0.0678098538
0.0678098538
0.0677775767
0.0677380700
0.0676111482
0.0676111482
0.0675811372
0.0675579232
0.0675421273
0.0675083001
0.0675026475
0.0674970778
0.0673442758
0.0672631513
0.0670478756
0.0669950891
0.0669731006
0.0669046902
0.0668514185
0.0667542054
0.0667542054
0.0667529100
0.0667058273
0.0666453918
0.0665571543
0.0664811301
0.0663916753
0.0663916753
0.0663910105
0.0663801770
0.0663775914
0.0662499132
0.0661404674
0.0661392064
0.0658687952
0.0657678678
0.0657507411
0.0657259905
0.0656748387
0.0655811448
0.0655272160
0.0655258303
0.0655129176
0.0654501629
0.0654273202
0.0652702410
0.0649922370
0.0649746388
0.0649030059
0.0649013056
0.0648628771
0.0635245420
0.0634789669
0.0634678833
0.0634341042
0.0629083415
0.0628814955
0.0628681044
0.0628607868
0.0626292710
0.0625894083
0.0625763109
0.0624786477
0.0624786477
0.0624522146
0.0623698770
0.0623594386
0.0623435763
0.0622869287
0.0622544663
0.0621809512
0.0621580276
0.0621283110
0.0620927702
0.0620649596
0.0620649596
0.0620428265
0.0619760989
0.0614193309
0.0613442133
0.0613192520
0.0612203650
0.0611199944
0.0610665980
0.0610665980
0.0610520469
0.0610217288
0.0610201693
0.0607715205
0.0606343289
0.0606263037
0.0606263037
0.0605109963
0.0605103361
0.0603543323
0.0603543323
0.0603404218
0.0602982364
0.0602982364
0.0602317300
0.0601856891
0.0601307433
0.0601241822
0.0600849119
0.0600849119
0.0600407530
0.0600354524
0.0599912755
0.0599511859
0.0599429199
0.0599429199
0.0599429199
0.0599159246
0.0599159246
0.0599101949
0.0598962677
0.0598930475
0.0598911047
0.0598676088
0.0597872089
0.0597520060
0.0596909593
0.0596412187
0.0596398011
0.0596302137
0.0595711295
0.0594920005
0.0594703116
0.0594626430
0.0594626430
0.0594568023
0.0593925766
0.0593877497
0.0593697827
0.0593460331
0.0592441764
0.0592386701
0.0592261274
0.0591325008
0.0590959496
0.0590458257
0.0590231026
0.0590055557
0.0589956157
0.0589582831
0.0588958184
0.0588954438
0.0588728488
0.0587862982
0.0587652894
0.0587377804
0.0587344263
0.0586743425
0.0586262924
0.0585246078
0.0584698150
0.0583367182
0.0583270356
0.0582696844
0.0582312191
0.0581504136
0.0581319609
0.0579989514
0.0579207290
0.0577303404
0.0577265793
0.0577079486
0.0576735623
0.0576142657
0.0576125534
0.0575653921
0.0575638434
0.0575479868
0.0575263462
0.0575251675
0.0575243644
0.0568851066
0.0568850677
0.0568787987
0.0568488318
0.0568485253
0.0566676651
0.0566564550
0.0566556060
0.0566533165
0.0566247225
0.0566220699
0.0566206835
0.0565800804
0.0565364116
0.0564727615
0.0564641670
0.0564274870
0.0564238113
0.0563718348
0.0563718348
0.0563502045
0.0563484697
0.0563463319
0.0562673471
0.0562390602
0.0562390602
0.0562390602
0.0562232641
0.0561560375
0.0561560375
0.0561509932
0.0561362383
0.0560797334
0.0560509644
0.0560438793
0.0560420383
0.0560420383
0.0559863198
0.0559721227
0.0559721227
0.0559717411
0.0555208936
0.0554967226
0.0554967226
0.0553340965
0.0553340965
0.0553334322
0.0552876579
0.0552592313
0.0552519421
0.0552288107
0.0552127991
0.0552127991
0.0552127991
0.0551932564
0.0551161123
0.0550956829
0.0550397730
0.0550076273
0.0550076273
0.0549289292
0.0549241835
0.0548176366
0.0548176366
0.0547683049
0.0545865052
0.0545789012
0.0545270975
0.0543222517
0.0542976106
0.0542976106
0.0542949225
0.0542931023
0.0542888644
0.0542888644
0.0542830882
0.0542505328
0.0542200716
0.0542200716
0.0541507641
0.0541507641
0.0541093313
0.0539780261
0.0539780261
0.0539780261
0.0539765361
0.0539765361
0.0539413587
0.0539300758
0.0539300758
0.0537763439
0.0537348987
0.0537246784
0.0536913816
0.0536605903
0.0536558891
0.0536448184
0.0536448184
0.0536019114
0.0536019114
0.0535786248
0.0535786248
0.0535709968
0.0535325888
0.0535307614
0.0535162894
0.0534922143
0.0534922143
0.0534677716
0.0534603864
0.0534603864
0.0534421675
0.0534421675
0.0534152390
0.0533873046
0.0533849709
0.0533416592
0.0533396321
0.0532570649
0.0532196258
0.0532118350
0.0531974134
0.0531974134
0.0531685887
0.0531470139
0.0528734466
0.0528665287
0.0528665287
0.0528620953
0.0528561467
0.0528483499
0.0528466589
0.0528422687
0.0528383696
0.0528383696
0.0527919329
0.0527919329
0.0527507443
0.0527451163
0.0527451163
0.0527451163
0.0527331630
0.0527244905
0.0527244905
0.0526904456
0.0526266560
0.0525992635
0.0525895866
0.0525758141
0.0525625566
0.0525397139
0.0525384778
0.0525326613
0.0525194039
0.0525131909
0.0524875599
0.0524419018
0.0524419018
0.0524407342
0.0524407342
0.0524022999
0.0523833309
0.0523830956
0.0523012739
0.0522615133
0.0522445597
0.0522330736
0.0522240296
0.0522011208
0.0521509122
0.0521470206
0.0521434691
0.0521395775
0.0521246121
0.0521099707
0.0520888797
0.0520886135
0.0520654098
0.0520445852
0.0520429554
0.0520332593
0.0520004423
0.0520004423
0.0519996893
0.0519920970
0.0519728321
0.0519667518
0.0519446974
0.0519277107
0.0519204578
0.0519204578
0.0518858898
0.0518487759
0.0518352641
0.0518352641
0.0518266509
0.0517229475
0.0517229475
0.0517076395
0.0516993329
0.0516907065
0.0516872039
0.0516815790
0.0516815790
0.0516223035
0.0514802074
0.0514101584
0.0513786950
0.0513786950
0.0513786950
0.0513444632
0.0513375226
0.0513321816
0.0512649490
0.0512365198
0.0512365198
0.0512365198
0.0512138592
0.0511064358
0.0511064358
0.0510655609
0.0510655609
0.0510161099
0.0510161099
0.0509917186
0.0509917186
0.0509609228
0.0509406935
0.0509406935
0.0509396035
0.0508761224
0.0508723195
0.0508723195
0.0508368255
0.0508368255
0.0508368255
0.0508339599
0.0508109816
0.0508109816
0.0508109816
0.0507405527
0.0507405527
0.0506773899
0.0506671909
0.0506660545
0.0506541191
0.0506104904
0.0506022690
0.0505961761
0.0505775149
0.0505639734
0.0504677880
0.0504555636
0.0504459424
0.0504459424
0.0504321591
0.0504175295
0.0504175295
0.0504150785
0.0504150785
0.0503872475
0.0503760195
0.0503760195
0.0503321451
0.0502963543
0.0502963543
0.0502963543
0.0502609516
0.0502467491
0.0502051029
0.0502016394
0.0502003415
0.0501927146
0.0500978187
0.0500904802
0.0500904802
0.0500747528
0.0500741173
0.0500005183
0.0499442373
0.0499439401
0.0499439401
0.0498969547
0.0498969547
0.0498969547
0.0498637679
0.0498599017
0.0496646414
0.0496475649
0.0496402683
0.0496034301
0.0495768308
0.0495699112
0.0495692703
0.0495357526
0.0495357526
0.0495298408
0.0495298408
0.0494769751
0.0494769751
0.0494302286
0.0494290119
0.0494266717
0.0494260308
0.0494260308
0.0494227184
0.0494149473
0.0493680048
0.0493534845
0.0493049208
0.0492985220
0.0492903507
0.0492870382
0.0492492910
0.0492149462
0.0492113469
0.0492091573
0.0492035462
0.0491995929
0.0491628794
0.0491389551
0.0491303299
0.0491013484
0.0490215976
0.0489796502
0.0489764066
0.0489444927
0.0489400537
0.0488791893
0.0488791893
0.0488789852
0.0488676118
0.0488395010
0.0488152224
0.0488152224
0.0488075853
0.0488075853
0.0487863602
0.0487582789
0.0487544665
0.0487290577
0.0487290577
0.0487166741
0.0487166741
0.0487166741
0.0486790594
0.0486783206
0.0486315862
0.0486187804
0.0486105733
0.0486105733
0.0485985153
0.0485952291
0.0485642546
0.0485642546
0.0485436915
0.0485436915
0.0485306284
0.0485255410
0.0485108850
0.0484923242
0.0484843620
0.0484412928
0.0484310655
0.0484310655
0.0483999047
0.0483332632
0.0482451028
0.0482330852
0.0482327809
0.0482126482
0.0482005043
0.0481888415
0.0481800673
0.0481557706
0.0481074105
0.0481074105
0.0480989406
0.0480989406
0.0480984147
0.0480984147
0.0480461468
0.0480353891
0.0480353891
0.0480353891
0.0480339876
0.0479966828
0.0479955636
0.0479942693
0.0479845964
0.0479727590
0.0479727590
0.0479340091
0.0479183755
0.0479146131
0.0479146131
0.0479146131
0.0479060694
0.0479060694
0.0479031568
0.0479031568
0.0478770197
0.0478770197
0.0478704863
0.0478704863
0.0478704863
0.0478671906
0.0478555875
0.0478555875
0.0478392389
0.0478285463
0.0478220121
0.0477639586
0.0477429037
0.0477387153
0.0477387153
0.0477097445
0.0477097445
0.0477097445
0.0477015061
0.0476582301
0.0476582301
0.0476582301
0.0476290965
0.0476186612
0.0476008152
0.0476008152
0.0475841605
0.0475839423
0.0475832312
0.0475832312
0.0475700834
0.0475637421
0.0475637421
0.0475637421
0.0475607083
0.0475578164
0.0475375346
0.0475288102
0.0474819570
0.0474525909
0.0474408021
0.0474397909
0.0474397909
0.0474115221
0.0474115221
0.0474080209
0.0474022359
0.0473773360
0.0473690633
0.0473629103
0.0473629103
0.0473598765
0.0473598765
0.0473511133
0.0473432310
0.0473432310
0.0473363749
0.0472798128
0.0472459486
0.0472459486
0.0472293633
0.0472271501
0.0472103688
0.0472103688
0.0472103688
0.0472103688
0.0471897097
0.0471897097
0.0471801160
0.0471591817
0.0471591817
0.0471591817
0.0471382290
0.0471036039
0.0471036039
0.0471036039
0.0470887310
0.0470887310
0.0470693672
0.0470451445
0.0470445865
0.0470445865
0.0470445865
0.0470384703
0.0469692074
0.0469692074
0.0469653349
0.0469648047
0.0469544829
0.0469532550
0.0469436862
0.0469436862
0.0469432248
0.0469209579
0.0469192243
0.0469055441
0.0469042784
0.0468851408
0.0468828254
0.0468648900
0.0468648900
0.0468590385
0.0468533558
0.0468472416
0.0468441879
0.0468347750
0.0467932168
0.0467745348
0.0467745348
0.0467742253
0.0467711349
0.0467500287
0.0467073387
0.0467073387
0.0467065720
0.0467065720
0.0467002904
0.0466995529
0.0466987782
0.0466987782
0.0466950297
0.0466904166
0.0466626970
0.0466626970
0.0466626970
0.0466626970
0.0466454550
0.0466144010
0.0466090934
0.0465950548
0.0465570449
0.0465522259
0.0465522259
0.0465522259
0.0465481042
0.0465244239
0.0465203022
0.0465011581
0.0464980007
0.0464787115
0.0464600262
0.0464407371
0.0464261480
0.0464230015
0.0464212392
0.0464159464
0.0463516014
0.0463172415
0.0463172415
0.0463172415
0.0462933752
0.0462933752
0.0462765193
0.0462765193
0.0462538575
0.0462538575
0.0462466921
0.0462451193
0.0462445107
0.0462445107
0.0462371260
0.0462331342
0.0461989732
0.0461752706
0.0461547124
0.0461439137
0.0461120454
0.0461095704
0.0460655869
0.0460539040
0.0460447693
0.0459923196
0.0459923196
0.0459867499
0.0459867499
0.0459359700
0.0459357805
0.0459302076
0.0459302076
0.0459296805
0.0459212380
0.0458770122
0.0458770122
0.0458735281
0.0458606545
0.0458516850
0.0458377141
0.0458154487
0.0458035694
0.0458035694
0.0458010521
0.0457903911
0.0457740340
0.0457740340
0.0457739534
0.0457730648
0.0457730648
0.0457730648
0.0457719569
0.0457696941
0.0457696941
0.0457696941
0.0457696941
0.0457696941
0.0457696941
0.0457526814
0.0457507209
0.0457507209
0.0457496201
0.0457496201
0.0457496201
0.0457343697
0.0457265309
0.0456517070
0.0456517070
0.0456448998
0.0456448998
0.0456334847
0.0455896080
0.0455885766
0.0455783013
0.0455771615
0.0455771615
0.0455691046
0.0455358471
0.0455331086
0.0455331086
0.0455319688
0.0455283705
0.0454991713
0.0454905549
0.0454905549
0.0454891361
0.0454742436
0.0454742436
0.0454742436
0.0454682792
0.0454682792
0.0454647884
0.0454195865
0.0454160958
0.0454140595
0.0454124248
0.0454078946
0.0454060385
0.0454044766
0.0453996802
0.0453978241
0.0453978241
0.0453836598
0.0453801040
0.0453793254
0.0453754382
0.0453754382
0.0453467392
0.0453467392
0.0453467392
0.0453467392
0.0453467392
0.0453454289
0.0453382778
0.0453349798
0.0453293251
0.0453251344
0.0453225735
0.0453174992
0.0453002683
0.0452464468
0.0452444373
0.0452410026
0.0452364074
0.0452309830
0.0452295043
0.0452220774
0.0452220774
0.0452185167
0.0451972438
0.0451972438
0.0451965927
0.0451965927
0.0451632452
0.0451115949
0.0450884876
0.0450884876
0.0450869618
0.0450798230
0.0450798230
0.0450794021
0.0450791719
0.0450736714
0.0450703650
0.0450687129
0.0450527419
0.0450465903
0.0450465903
0.0450236186
0.0449892002
0.0449892002
0.0449887793
0.0449771724
0.0449679253
0.0449621055
0.0449584966
0.0449578316
0.0449337979
0.0449014414
0.0448909874
0.0448905952
0.0448750979
0.0448651232
0.0448651232
0.0448651232
0.0448642936
0.0448469858
0.0448465484
0.0448430433
0.0448420907
0.0448303620
0.0448302669
0.0448094417
0.0447920147
0.0447802768
0.0447732960
0.0447728920
0.0447588928
0.0447588928
0.0447561937
0.0447561937
0.0447554044
0.0447528694
0.0447528694
0.0447528694
0.0447508035
0.0447508035
0.0447496271
0.0447115262
0.0447115262
0.0447106906
0.0447106906
0.0447106906
0.0447106906
0.0447094328
0.0447094328
0.0447094328
0.0447094328
0.0447094328
0.0446644481
0.0446615464
0.0446613492
0.0446608325
0.0446606354
0.0446522562
0.0446522562
0.0446522562
0.0446522562
0.0446522562
0.0446502769
0.0446502769
0.0446469093
0.0446469093
0.0446369987
0.0446344938
0.0446344938
0.0446344938
0.0446342582
0.0446342582
0.0446336917
0.0446336917
0.0446336917
0.0446325545
0.0446265331
0.0446183627
0.0446183627
0.0446183627
0.0446049365
0.0445958429
0.0445528347
0.0445528347
0.0445528347
0.0445527905
0.0445527905
0.0445527905
0.0445488508
0.0445488508
0.0445436085
0.0445436085
0.0445436085
0.0445281816
0.0445281816
0.0445176455
0.0445176455
0.0445175615
0.0445111117
0.0445103958
0.0444897356
0.0444897356
0.0444236447
0.0444101984
0.0444008841
0.0444008841
0.0443810067
0.0443791719
0.0443701969
0.0443524801
0.0443504335
0.0443504335
0.0441583779
0.0441562341
0.0441561981
0.0441532383
0.0440832442
0.0440832442
0.0440684784
0.0440684784
0.0440684784
0.0440684784
0.0440467428
0.0440467251
0.0440425474
0.0440425474
0.0440425474
0.0440423870
0.0440388640
0.0440387035
0.0440387035
0.0440387035
0.0440046433
0.0440046433
0.0440016947
0.0439842173
0.0439814600
0.0439794187
0.0439732887
0.0439703388
0.0439642822
0.0439382387
0.0439369793
0.0439330357
0.0439330357
0.0439330357
0.0439330357
0.0438695433
0.0438685495
0.0438685495
0.0438684162
0.0438684162
0.0438625491
0.0438547812
0.0438546478
0.0438546478
0.0438523987
0.0438514970
0.0438514970
0.0438513313
0.0438289142
0.0438289142
0.0438030123
0.0437994690
0.0437993733
0.0437975200
0.0437975200
0.0437975200
0.0437975200
0.0437974500
0.0437974500
0.0437974500
0.0437930486
0.0437930486
0.0437930486
0.0437920402
0.0437908278
0.0437792821
0.0437651026
0.0437625067
0.0437607793
0.0437607793
0.0437607793
0.0437600700
0.0437600700
0.0437455775
0.0437455775
0.0437448682
0.0437448682
0.0437448682
0.0437446559
0.0437441142
0.0437251696
0.0437251496
0.0437246079
0.0437180336
0.0437180336
0.0437175825
0.0437144067
0.0437133939
0.0437123707
0.0437121384
0.0437050177
0.0436995235
0.0436253705
0.0436253705
0.0436253705
0.0436212544
0.0436212544
0.0436212544
0.0436212544
0.0436211953
0.0436210685
0.0436137733
0.0436030705
0.0436030705
0.0436030705
0.0435944336
0.0435934702
0.0435934702
0.0435934702
0.0435592135
0.0435592135
0.0435589629
0.0435531481
0.0435476975
0.0435428845
0.0435258594
0.0435222759
0.0435159127
0.0435159127
0.0435159127
0.0435135171
0.0435115452
0.0435115452
0.0435065624
0.0435065624
0.0434991336
0.0434921316
0.0434921316
0.0434921316
0.0434866693
0.0434866693
0.0434866693
0.0434839181
0.0434671222
0.0434671222
0.0434581278
0.0434581278
0.0434581278
0.0434581278
0.0434581278
0.0434546371
0.0434546371
0.0434493288
0.0434493288
0.0434493288
0.0434493288
0.0434493288
0.0434467442
0.0434464269
0.0434464269
0.0434454688
0.0434254335
0.0434206568
0.0434206568
0.0433750665
0.0433750665
0.0433750665
0.0433750665
0.0433451177
0.0433389709
0.0433389709
0.0433386536
0.0433290414
0.0433287241
0.0433287241
0.0433287241
0.0433268603
0.0433258062
0.0433258062
0.0433258062
0.0433251825
0.0433251825
0.0433250833
0.0433246775
0.0433246775
0.0433234559
0.0433234559
0.0433208680
0.0432777589
0.0432733340
0.0432733340
0.0432620713
0.0432620713
0.0432620713
0.0432620713
0.0432611993
0.0432611993
0.0432611993
0.0432226349
0.0431944878
0.0431944878
0.0431788618
0.0431788618
0.0431788618
0.0431788618
0.0431606456
0.0431596524
0.0431596524
0.0431573964
0.0431573964
0.0431558576
0.0431554036
0.0431554036
0.0431513536
0.0431447976
0.0431441627
0.0431431205
0.0431431205
0.0431399619
0.0431385615
0.0431363815
0.0430776034
0.0430774650
0.0430754234
0.0430737916
0.0430737916
0.0430737916
0.0430713950
0.0430713660
0.0430713660
0.0430702497
0.0430642802
0.0430575812
0.0430575812
0.0430320070
0.0430249212
0.0430249212
0.0430218954
0.0430168564
0.0430168564
0.0430168564
0.0430164766
0.0430091832
0.0430091832
0.0430077619
0.0430077619
0.0429193317
0.0429112198
0.0429112198
0.0429090584
0.0429080296
0.0429029547
0.0429019593
0.0429015963
0.0429015963
0.0428989666
0.0428962430
0.0428936302
0.0428923521
0.0428836321
0.0428832780
0.0428832780
0.0428610454
0.0428491454
0.0428491454
0.0428491454
0.0428404448
0.0428404448
0.0428404448
0.0428404448
0.0428404448
0.0428404448
0.0428404448
0.0428387077
0.0428371835
0.0428210500
0.0428193129
0.0428193129
0.0428186326
0.0428153176
0.0428153176
0.0428153176
0.0428153176
0.0428153176
0.0428153176
0.0428119290
0.0428117192
0.0428117192
0.0428117192
0.0428117192
0.0428114011
0.0428114011
0.0428114011
0.0427889131
0.0427885950
0.0427885950
0.0427711830
0.0427711830
0.0427711830
0.0427711830
0.0427711830
0.0427711830
0.0427711830
0.0427647993
0.0427647993
0.0427647993
0.0427632331
0.0427582581
0.0426608573
0.0426608573
0.0426608573
0.0426608573
0.0426608573
0.0426537512
0.0426526480
0.0426526480
0.0426441560
0.0426441560
0.0426434484
0.0426434484
0.0426431097
0.0426431097
0.0426431097
0.0426431097
0.0426431097
0.0426431097
0.0426431097
0.0426399869
0.0426186413
0.0426185027
0.0426185027
0.0426085564
0.0425986704
0.0425986704
0.0425986704
0.0425986704
0.0425986203
0.0425986203
0.0425986203
0.0425984706
0.0425984227
0.0425981451
0.0425981403
0.0425791135
0.0425756339
0.0425756339
0.0425748625
0.0425748625
0.0425735679
0.0425735679
0.0425714862
0.0425653098
0.0425639164
0.0425618764
0.0425603553
0.0425514462
0.0425514462
0.0425514462
0.0425514462
0.0425514462
0.0425514462
0.0425510065
0.0425510065
0.0425510065
0.0425478385
0.0425443679
0.0425355840
0.0425330133
0.0424662739
0.0424638367
0.0424638367
0.0424574525
0.0424529527
0.0424424774
0.0421926332
0.0421783013
0.0421743269
0.0420337263
0.0420337263
0.0420337263
0.0420333449
0.0420304256
0.0420273790
0.0420273790
0.0420269976
0.0419935990
0.0419885145
0.0419878445
0.0419869773
0.0419869773
0.0419869773
0.0419869773
0.0419859991
0.0419844619
0.0419821758
0.0419821758
0.0419821758
0.0419821758
0.0419821681
0.0419817862
0.0419817862
0.0419795865
0.0419791969
0.0419791394
0.0419791394
0.0419698841
0.0419672949
0.0419672373
0.0419672373
0.0419655915
0.0419654285
0.0419653709
0.0419640021
0.0419621357
0.0419621357
0.0419595887
0.0419595887
0.0419412222
0.0419412222
0.0419370211
0.0419370028
0.0419058784
0.0419058784
0.0419049699
0.0419049517
0.0419049517
0.0419049517
0.0419049517
0.0419049517
0.0419049517
0.0419020147
0.0419020147
0.0418562986
0.0418562986
0.0418562867
0.0418562867
0.0418541761
0.0418541601
0.0418539664
0.0417925712
0.0417925712
0.0417754348
0.0417736055
0.0417699200
0.0417699200
0.0417699200
0.0417699200
0.0417699200
0.0417699200
0.0417620992
0.0417573814
0.0417477433
0.0417459650
0.0417430754
0.0417430754
0.0417430754
0.0417430754
0.0417430754
0.0417411790
0.0417411790
0.0417237785
0.0417205988
0.0417178600
0.0417170544
0.0417025317
0.0417002993
0.0417002993
0.0417002993
0.0416985815
0.0416984605
0.0416984605
0.0416984605
0.0416975555
0.0416954904
0.0416954904
0.0416941185
0.0416908800
0.0416908800
0.0416908800
0.0416902174
0.0416723369
0.0416655257
0.0416655257
0.0416655257
0.0416655257
0.0416580509
0.0416580509
0.0416573743
0.0416541279
0.0416541279
0.0416485907
0.0416461241
0.0416460255
0.0416451131
0.0416451131
0.0416451131
0.0416451131
0.0416441968
0.0416441968
0.0416396196
0.0416383829
0.0416304526
0.0416304526
0.0416134862
0.0416122494
0.0416116285
0.0416103918
0.0416103918
0.0416103918
0.0416103918
0.0416103918
0.0416103918
0.0416102545
0.0415936887
0.0415908710
0.0415908710
0.0415908710
0.0415888817
0.0415888817
0.0415888817
0.0415882126
0.0415882126
0.0415761761
0.0415761761
0.0415733713
0.0415733713
0.0415732971
0.0415727367
0.0415727367
0.0415727367
0.0415726437
0.0415726437
0.0415726437
0.0415726437
0.0415726437
0.0415726437
0.0415726437
0.0415671330
0.0415671330
0.0415671330
0.0415600290
0.0415598384
0.0415597912
0.0415543986
0.0415543986
0.0415543126
0.0415512118
0.0415500107
0.0415500107
0.0415500107
0.0415500107
0.0415497612
0.0415467087
0.0415467087
0.0415467087
0.0415467087
0.0415436244
0.0415436244
0.0415436244
0.0415436244
0.0415427547
0.0415134924
0.0415073271
0.0415029473
0.0415023460
0.0415023460
0.0415023460
0.0415019153
0.0414918987
0.0414681757
0.0414681757
0.0414675744
0.0414666312
0.0414663078
0.0414623076
0.0414616294
0.0414611620
0.0414611620
0.0414611620
0.0414611620
0.0414611620
0.0414591485
0.0414591485
0.0414591485
0.0414083524
0.0414063389
0.0414063389
0.0414054929
0.0413956716
0.0413956716
0.0413941842
0.0413941842
0.0413941842
0.0413939810
0.0413939810
0.0413939709
0.0413939709
0.0413935268
0.0413935268
0.0413935268
0.0413935268
0.0413935268
0.0413935268
0.0413926824
0.0413926824
0.0413821071
0.0413821071
0.0413821071
0.0413799723
0.0413799723
0.0413799723
0.0413796577
0.0413796577
0.0413792973
0.0413780931
0.0413768146
0.0413768146
0.0413597977
0.0413597977
0.0413597977
0.0413526452
0.0413454601
0.0413454601
0.0413380086
0.0413380086
0.0413380086
0.0413380086
0.0413380086
0.0413380086
0.0413380086
0.0413374893
0.0413374893
0.0413374893
0.0413374893
0.0413374758
0.0413270377
0.0413218408
0.0413218408
0.0413218408
0.0413157910
0.0413157910
0.0413157910
0.0413157910
0.0413156877
0.0413156877
0.0413135753
0.0413072465
0.0413072465
0.0413056534
0.0413056534
0.0413056188
0.0413054783
0.0413045702
0.0412937690
0.0412936284
0.0412936284
0.0412782947
0.0412269396
0.0412269396
0.0412269396
0.0412260161
0.0412260161
0.0412260161
0.0412240711
0.0412240366
0.0412237833
0.0412229583
0.0412076078
0.0412076078
0.0412048726
0.0412048726
0.0412040476
0.0411552058
0.0411543808
0.0411543808
0.0411543808
0.0411541990
0.0411529173
0.0411500331
0.0411431587
0.0411431587
0.0411357881
0.0411357881
0.0411357881
0.0411357881
0.0411357881
0.0411357881
0.0411231157
0.0411231157
0.0411228150
0.0411224360
0.0411224360
0.0411224360
0.0411194909
0.0411194536
0.0411191902
0.0411191902
0.0411169991
0.0411169619
0.0411169619
0.0411166952
0.0411166952
0.0411160024
0.0411160024
0.0411122049
0.0411076074
0.0411069146
0.0411019840
0.0411019840
0.0411019840
0.0410918458
0.0410918458
0.0410916212
0.0410916212
0.0410916212
0.0410881492
0.0410881492
0.0410881492
0.0410881492
0.0410825235
0.0410825235
0.0410820239
0.0410375589
0.0410375589
0.0410375589
0.0410375589
0.0410375589
0.0410363458
0.0410363458
0.0410362396
0.0410332813
0.0410000000
0.0410000000
0.0410000000
0.0410000000
0.0410000000
0.0410000000
0.0410000000
0.0410000000
0.0410000000
0.0410000000
0.0410000000
0.0410000000
0.0410000000
0.0410000000
0.0410000000
0.0410000000
0.0410000000
0.0410000000
0.0410000000
0.0410000000
0.0410000000
0.0410000000
0.0410000000
0.0410000000
0.0410000000
0.0410000000
0.0410000000
0.0410000000
0.0410000000
0.0410000000
0.0410000000
0.0410000000
0.0410000000
0.0410000000
0.0410000000
0.0410000000
0.0410000000
0.0410000000
0.0410000000
0.0410000000
0.0410000000
0.0410000000
0.0410000000
0.0410000000
0.0410000000
0.0410000000
0.0410000000
0.0410000000
0.0410000000
0.0410000000
0.0410000000
0.0410000000
0.0410000000
0.0410000000
0.0410000000
0.0410000000
0.0410000000
0.0410000000
0.0410000000
0.0410000000
0.0410000000
0.0410000000
0.0410000000
0.0410000000
0.0410000000
0.0410000000
0.0410000000
0.0410000000
0.0410000000
0.0410000000
0.0410000000
0.0410000000
0.0410000000
0.0410000000
0.0410000000
0.0410000000
0.0410000000
0.0410000000
0.0410000000
0.0410000000
0.0410000000
0.0410000000
0.0410000000
0.0410000000
0.0410000000
0.0410000000
0.0410000000
0.0410000000
0.0410000000
0.0410000000
0.0410000000
0.0410000000
0.0410000000
0.0410000000
0.0410000000
0.0410000000
0.0410000000
0.0410000000
0.0410000000
0.0410000000
0.0410000000
0.0410000000
0.0410000000
0.0410000000
0.0410000000
0.0410000000
0.0410000000
0.0410000000
0.0410000000
0.0410000000
0.0410000000
0.0410000000
0.0410000000
0.0410000000
0.0410000000
0.0410000000
0.0410000000
0.0410000000
0.0410000000
0.0410000000
0.0410000000
0.0410000000
0.0410000000
0.0410000000
0.0410000000
0.0410000000
0.0410000000
0.0410000000
0.0410000000
0.0410000000
0.0410000000
0.0410000000
0.0410000000
0.0410000000
0.0410000000
0.0410000000
0.0410000000
0.0410000000
0.0410000000
0.0410000000
0.0410000000
0.0410000000
0.0410000000
0.0410000000
0.0410000000
0.0410000000
0.0410000000
0.0410000000
0.0410000000
0.0410000000
0.0410000000
0.0410000000
0.0410000000
0.0410000000
0.0410000000
0.0410000000
0.0410000000
0.0410000000
0.0410000000
0.0410000000
0.0410000000
0.0410000000
0.0410000000
0.0410000000
0.0410000000
0.0410000000
0.0410000000
0.0410000000
0.0410000000
0.0410000000
0.0410000000
0.0410000000
0.0410000000
0.0410000000
0.0410000000
0.0410000000
0.0410000000
0.0410000000
0.0410000000
0.0410000000
0.0410000000
0.0410000000
0.0410000000
0.0410000000
0.0410000000
0.0410000000
0.0410000000
0.0410000000
0.0410000000
0.0410000000
0.0410000000
0.0410000000
0.0410000000
0.0410000000
0.0410000000
0.0410000000
0.0410000000
0.0410000000
0.0410000000
0.0410000000
0.0410000000
0.0410000000
0.0410000000
0.0410000000
0.0410000000
0.0410000000
0.0410000000
0.0410000000
0.0410000000
0.0410000000
0.0410000000
0.0410000000
0.0410000000
0.0410000000
0.0410000000
0.0410000000
0.0410000000
0.0410000000
0.0410000000
0.0410000000
0.0410000000
0.0410000000
0.0410000000
0.0410000000
0.0410000000
0.0410000000
0.0410000000
0.0410000000
0.0410000000
0.0410000000
0.0410000000
0.0410000000
0.0410000000
0.0410000000
0.0410000000
0.0410000000
0.0410000000
0.0410000000
0.0410000000
0.0410000000
0.0410000000
0.0410000000
0.0410000000
0.0410000000
0.0410000000
0.0410000000
0.0410000000
0.0410000000
0.0410000000
0.0410000000
0.0410000000
0.0410000000
0.0410000000
0.0410000000
0.0410000000
0.0410000000
0.0410000000
0.0410000000
0.0410000000
0.0410000000
0.0410000000
0.0410000000
0.0410000000
0.0410000000
0.0410000000
0.0410000000
0.0410000000
0.0410000000
0.0410000000
0.0410000000
0.0410000000
0.0410000000
0.0410000000
0.0410000000
0.0410000000
0.0410000000
0.0410000000
0.0410000000
0.0410000000
0.0410000000
0.0410000000
0.0410000000
0.0410000000
0.0410000000
0.0410000000
0.0410000000
0.0410000000
0.0410000000
0.0410000000
0.0410000000
0.0410000000
0.0410000000
0.0410000000
0.0410000000
0.0410000000
0.0410000000
0.0410000000
0.0410000000
0.0410000000
0.0410000000
0.0410000000
0.0410000000
0.0410000000
0.0410000000
0.0410000000
0.0410000000
0.0410000000
0.0410000000
0.0410000000
0.0410000000
0.0410000000
0.0410000000
0.0410000000
0.0410000000
0.0410000000
0.0410000000
0.0410000000
0.0410000000
0.0410000000
0.0410000000
0.0410000000
0.0410000000
0.0410000000
0.0410000000
0.0410000000
0.0410000000
0.0410000000
0.0410000000
0.0410000000
0.0410000000
0.0410000000
0.0410000000
0.0410000000
0.0410000000
0.0410000000
0.0410000000
0.0410000000
0.0410000000
0.0410000000
0.0410000000
0.0410000000
0.0410000000
0.0410000000
0.0410000000
0.0410000000
0.0410000000
0.0410000000
0.0410000000
0.0410000000
0.0410000000
0.0410000000
0.0410000000
0.0410000000
0.0410000000
0.0410000000
0.0410000000
0.0410000000
0.0410000000
0.0410000000
0.0410000000
0.0410000000
0.0410000000
0.0410000000
0.0410000000
0.0410000000
0.0410000000
0.0410000000
0.0410000000
0.0410000000
0.0410000000
0.0410000000
0.0410000000
0.0410000000
0.0410000000
0.0410000000
0.0410000000
0.0410000000
0.0410000000
0.0410000000
0.0410000000
0.0410000000
0.0410000000
0.0410000000
0.0410000000
0.0410000000
0.0410000000
0.0410000000
0.0410000000
0.0410000000
0.0410000000
0.0410000000
0.0410000000
0.0410000000
0.0410000000
0.0410000000
0.0410000000
0.0410000000
0.0410000000
0.0410000000
0.0410000000
0.0410000000
0.0410000000
0.0410000000
0.0410000000
0.0410000000
0.0410000000
0.0410000000
0.0410000000
0.0410000000
0.0410000000
0.0410000000
0.0410000000
0.0410000000
0.0410000000
0.0410000000
0.0410000000
0.0410000000
0.0410000000
0.0410000000
0.0410000000
0.0410000000
0.0410000000
0.0410000000
0.0410000000
0.0410000000
0.0410000000
0.0410000000
0.0410000000
0.0410000000
0.0410000000
0.0410000000
0.0410000000
0.0410000000
0.0410000000
0.0410000000
0.0410000000
0.0410000000
0.0410000000
0.0410000000
0.0410000000
0.0410000000
0.0410000000
0.0410000000
0.0410000000
0.0410000000
0.0410000000
0.0410000000
0.0410000000
0.0410000000
0.0410000000
0.0410000000
0.0410000000
0.0410000000
0.0410000000
0.0410000000
0.0410000000
0.0410000000
0.0410000000
0.0410000000
0.0410000000
0.0410000000
0.0410000000
0.0410000000
0.0410000000
0.0410000000
0.0410000000
0.0410000000
0.0410000000
0.0410000000
0.0410000000
0.0410000000
0.0410000000
0.0410000000
0.0410000000
0.0410000000
0.0410000000
0.0410000000
0.0410000000
0.0410000000
0.0410000000
0.0410000000
0.0410000000
0.0410000000
0.0410000000
0.0410000000
0.0410000000
0.0410000000
0.0410000000
0.0410000000
0.0410000000
0.0410000000
0.0410000000
0.0410000000
0.0410000000
0.0410000000
0.0410000000
0.0410000000
0.0410000000
0.0410000000
0.0410000000
0.0410000000
0.0410000000
0.0410000000
0.0410000000
0.0410000000
0.0410000000
0.0410000000
0.0410000000
0.0410000000
0.0410000000
0.0410000000
0.0410000000
0.0410000000
0.0410000000
0.0410000000
0.0410000000
0.0410000000
0.0410000000
0.0410000000
0.0410000000
0.0410000000
0.0410000000
0.0410000000
0.0410000000
0.0410000000
0.0410000000
0.0410000000
0.0410000000
0.0410000000
0.0410000000
0.0410000000
0.0410000000
0.0410000000
0.0410000000
0.0410000000
0.0410000000
0.0410000000
0.0410000000
0.0410000000
0.0410000000
0.0410000000
0.0410000000
0.0410000000
0.0410000000
0.0410000000
0.0410000000
0.0410000000
0.0410000000
0.0410000000
0.0410000000
0.0410000000
0.0410000000
0.0410000000
0.0410000000
0.0410000000
0.0410000000
0.0410000000
0.0410000000
0.0410000000
0.0410000000
0.0410000000
0.0410000000
0.0410000000
0.0410000000
0.0410000000
0.0410000000
0.0410000000
0.0410000000
0.0410000000
0.0410000000
0.0410000000
0.0410000000
0.0410000000
0.0410000000
0.0410000000
0.0410000000
0.0410000000
0.0410000000
0.0410000000
0.0410000000
0.0410000000
0.0410000000
0.0410000000
0.0410000000
0.0410000000
0.0410000000
0.0410000000
0.0410000000
0.0410000000
0.0410000000
0.0410000000
0.0410000000
0.0410000000
0.0410000000
0.0410000000
0.0410000000
0.0410000000
0.0410000000
0.0410000000
0.0410000000
0.0410000000
0.0410000000
0.0410000000
0.0410000000
0.0410000000
0.0410000000
0.0410000000
0.0410000000
0.0410000000
0.0410000000
0.0410000000
0.0410000000
0.0410000000
0.0410000000
0.0410000000
0.0410000000
0.0410000000
0.0410000000
0.0410000000
0.0410000000
0.0410000000
0.0410000000
0.0410000000
0.0410000000
0.0410000000
0.0410000000
0.0410000000
0.0410000000
0.0410000000
0.0410000000
0.0410000000
0.0410000000
0.0410000000
0.0410000000
0.0410000000
0.0410000000
0.0410000000
0.0410000000
0.0410000000
0.0410000000
0.0410000000
0.0410000000
0.0410000000
0.0410000000
0.0410000000
0.0410000000
0.0410000000
0.0410000000
0.0410000000
0.0410000000
0.0410000000
0.0410000000
0.0410000000
0.0410000000
0.0410000000
0.0410000000
0.0410000000
0.0410000000
0.0410000000
0.0410000000
0.0410000000
0.0410000000
0.0410000000
0.0410000000
0.0410000000
0.0410000000
0.0410000000
0.0410000000
0.0410000000
0.0410000000
0.0410000000
0.0410000000
0.0410000000
0.0410000000
0.0410000000
0.0410000000
0.0410000000
0.0410000000
0.0410000000
0.0410000000
0.0410000000
0.0410000000
0.0410000000
0.0410000000
0.0410000000
0.0410000000
0.0410000000
0.0410000000
0.0410000000
0.0410000000
0.0410000000
0.0410000000
0.0410000000
0.0410000000
0.0410000000
0.0410000000
0.0410000000
0.0410000000
0.0410000000
0.0410000000
0.0410000000
0.0410000000
0.0410000000
0.0410000000
0.0410000000
0.0410000000
0.0410000000
0.0410000000
0.0410000000
0.0410000000
0.0410000000
0.0410000000
0.0410000000
0.0410000000
0.0410000000
0.0410000000
0.0410000000
0.0410000000
0.0410000000
0.0410000000
0.0410000000
0.0410000000
0.0410000000
0.0410000000
0.0410000000
0.0410000000
0.0410000000
0.0410000000
0.0410000000
0.0410000000
0.0410000000
0.0410000000
0.0410000000
0.0410000000
0.0410000000
0.0410000000
0.0410000000
0.0410000000
0.0410000000
0.0410000000
0.0410000000
0.0410000000
0.0410000000
0.0410000000
0.0410000000
0.0410000000
0.0410000000
0.0410000000
0.0410000000
0.0410000000
0.0410000000
0.0410000000
0.0410000000
0.0410000000
0.0410000000
0.0410000000
0.0410000000
0.0410000000
0.0410000000
0.0410000000
0.0410000000
0.0410000000
0.0410000000
0.0410000000
0.0410000000
0.0410000000
0.0410000000
0.0410000000
0.0410000000
0.0410000000
0.0410000000
0.0410000000
0.0410000000
0.0410000000
0.0410000000
0.0410000000
0.0410000000
0.0410000000
0.0410000000
0.0410000000
0.0410000000
0.0410000000
0.0410000000
0.0410000000
0.0410000000
0.0410000000
0.0410000000
0.0410000000
0.0410000000
0.0410000000
0.0410000000
0.0410000000
0.0410000000
0.0410000000
0.0410000000
0.0410000000
0.0410000000
0.0410000000
0.0410000000
0.0410000000
0.0410000000
0.0410000000
0.0410000000
0.0410000000
0.0410000000
0.0410000000
0.0410000000
0.0410000000
0.0410000000
0.0410000000
0.0410000000
0.0410000000
0.0410000000
0.0410000000
0.0410000000
0.0410000000
0.0410000000
0.0410000000
0.0410000000
0.0410000000
0.0410000000
0.0410000000
0.0410000000
0.0410000000
0.0410000000
0.0410000000
0.0410000000
0.0410000000
0.0410000000
0.0410000000
0.0410000000
0.0410000000
0.0410000000
0.0410000000
0.0410000000
0.0410000000
0.0410000000
0.0410000000
0.0410000000
0.0410000000
0.0410000000
0.0410000000
0.0410000000
0.0410000000
0.0410000000
0.0410000000
0.0410000000
0.0410000000
0.0410000000
0.0410000000
0.0410000000
0.0410000000
0.0410000000
0.0410000000
0.0410000000
0.0410000000
0.0410000000
0.0410000000
0.0410000000
0.0410000000
0.0410000000
0.0410000000
0.0410000000
0.0410000000
0.0410000000
0.0410000000
0.0410000000
0.0410000000
0.0410000000
0.0410000000
0.0410000000
0.0410000000
0.0410000000
0.0410000000
0.0410000000
0.0410000000
0.0410000000
0.0410000000
0.0410000000
0.0410000000
0.0410000000
0.0410000000
0.0410000000
0.0410000000
0.0410000000
0.0410000000
0.0410000000
0.0410000000
0.0410000000
0.0410000000
0.0410000000
0.0410000000
0.0410000000
0.0410000000
0.0410000000
0.0410000000
0.0410000000
0.0410000000
0.0410000000
0.0410000000
0.0410000000
0.0410000000
0.0410000000
0.0410000000
0.0410000000
0.0410000000
0.0410000000
0.0410000000
0.0410000000
0.0410000000
0.0410000000
0.0410000000
0.0410000000
0.0410000000
0.0410000000
0.0410000000
0.0410000000
0.0410000000
0.0410000000
0.0410000000
0.0410000000
0.0410000000
0.0410000000
0.0410000000
0.0410000000
0.0410000000
0.0410000000
0.0410000000
0.0410000000
0.0410000000
0.0410000000
0.0410000000
0.0410000000
0.0410000000
0.0410000000
0.0410000000
0.0410000000
0.0410000000
0.0410000000
0.0410000000
0.0410000000
0.0410000000
0.0410000000
0.0410000000
0.0410000000
0.0410000000
0.0410000000
0.0410000000
0.0410000000
0.0410000000
0.0410000000
0.0410000000
0.0410000000
0.0410000000
0.0410000000
0.0410000000
0.0410000000
0.0410000000
0.0410000000
0.0410000000
0.0410000000
0.0410000000
0.0410000000
0.0410000000
0.0410000000
0.0410000000
0.0410000000
0.0410000000
0.0410000000
0.0410000000
0.0410000000
0.0410000000
0.0410000000
0.0410000000
0.0410000000
0.0410000000
0.0410000000
0.0410000000
0.0410000000
0.0410000000
0.0410000000
0.0410000000
0.0410000000
0.0410000000
0.0410000000
0.0410000000
0.0410000000
0.0410000000
0.0410000000
0.0410000000
0.0410000000
0.0410000000
0.0410000000
0.0410000000
0.0410000000
0.0410000000
0.0410000000
0.0410000000
0.0410000000
0.0410000000
0.0410000000
0.0410000000
0.0410000000
0.0410000000
0.0410000000
0.0410000000
0.0410000000
0.0410000000
0.0410000000
0.0410000000
0.0410000000
0.0410000000
0.0410000000
0.0410000000
0.0410000000
0.0410000000
0.0410000000
0.0410000000
0.0410000000
0.0410000000
0.0410000000
0.0410000000
0.0410000000
0.0410000000
0.0410000000
0.0410000000
0.0410000000
0.0410000000
0.0410000000
0.0410000000
0.0410000000
0.0410000000
0.0410000000
0.0410000000
0.0410000000
0.0410000000
0.0410000000
0.0410000000
0.0410000000
0.0410000000
0.0410000000
0.0410000000
0.0410000000
0.0410000000
0.0410000000
0.0410000000
0.0410000000
0.0410000000
0.0410000000
0.0410000000
0.0410000000
0.0410000000
0.0410000000
0.0410000000
0.0410000000
0.0410000000
0.0410000000
0.0410000000
0.0410000000
0.0410000000
0.0410000000
0.0410000000
0.0410000000
0.0410000000
0.0410000000
0.0410000000
0.0410000000
0.0410000000
0.0410000000
0.0410000000
0.0410000000
0.0410000000
0.0410000000
0.0410000000
0.0410000000
0.0410000000
0.0410000000
0.0410000000
0.0410000000
0.0410000000
0.0410000000
0.0410000000
0.0410000000
0.0410000000
0.0410000000
0.0410000000
0.0410000000
0.0410000000
0.0410000000
0.0410000000
0.0410000000
0.0410000000
0.0410000000
0.0410000000
0.0410000000
0.0410000000
0.0410000000
0.0410000000
0.0410000000
0.0410000000
0.0410000000
0.0410000000
0.0410000000
0.0410000000
0.0410000000
0.0410000000
0.0410000000
0.0410000000
0.0410000000
0.0410000000
0.0410000000
0.0410000000
0.0410000000
0.0410000000
0.0410000000
0.0410000000
0.0410000000
0.0410000000
0.0410000000
0.0410000000
0.0410000000
0.0410000000
0.0410000000
0.0410000000
0.0410000000
0.0410000000
0.0410000000
0.0410000000
0.0410000000
0.0410000000
0.0410000000
0.0410000000
0.0410000000
0.0410000000
0.0410000000
0.0410000000
0.0410000000
0.0410000000
0.0410000000
0.0410000000
0.0410000000
0.0410000000
0.0410000000
0.0410000000
0.0410000000
0.0410000000
0.0410000000
0.0410000000
0.0410000000
0.0410000000
0.0410000000
0.0410000000
0.0410000000
0.0410000000
0.0410000000
0.0410000000
0.0410000000
0.0410000000
0.0410000000
0.0410000000
0.0410000000
0.0410000000
0.0410000000
0.0410000000
0.0410000000
0.0410000000
0.0410000000
0.0410000000
0.0410000000
0.0410000000
0.0410000000
0.0410000000
0.0410000000
0.0410000000
0.0410000000
0.0410000000
0.0410000000
0.0410000000
0.0410000000
0.0410000000
0.0410000000
0.0410000000
0.0410000000
0.0410000000
0.0410000000
0.0410000000
0.0410000000
0.0410000000
0.0410000000
0.0410000000
0.0410000000
0.0410000000
0.0410000000
0.0410000000
0.0410000000
0.0410000000
0.0410000000
0.0410000000
0.0410000000
0.0410000000
0.0410000000
0.0410000000
0.0410000000
0.0410000000
0.0410000000
0.0410000000
0.0410000000
0.0410000000
0.0410000000
0.0410000000
0.0410000000
0.0410000000
0.0410000000
0.0410000000
0.0410000000
0.0410000000
0.0410000000
0.0410000000
0.0410000000
0.0410000000
0.0410000000
0.0410000000
0.0410000000
0.0410000000
0.0410000000
0.0410000000
0.0410000000
0.0410000000
0.0410000000
0.0410000000
0.0410000000
0.0410000000
0.0410000000
0.0410000000
0.0410000000
0.0410000000
0.0410000000
0.0410000000
0.0410000000
0.0410000000
0.0410000000
0.0410000000
0.0410000000
0.0410000000
0.0410000000
0.0410000000
0.0410000000
0.0410000000
0.0410000000
0.0410000000
0.0410000000
0.0410000000
0.0410000000
0.0410000000
0.0410000000
0.0410000000
0.0410000000
0.0410000000
0.0410000000
0.0410000000
0.0410000000
0.0410000000
0.0410000000
0.0410000000
0.0410000000
0.0410000000
0.0410000000
0.0410000000
0.0410000000
0.0410000000
0.0410000000
0.0410000000
0.0410000000
0.0410000000
0.0410000000
0.0410000000
0.0410000000
0.0410000000
0.0410000000
0.0410000000
0.0410000000
0.0410000000
0.0410000000
0.0410000000
0.0410000000
0.0410000000
0.0410000000
0.0410000000
0.0410000000
0.0410000000
0.0410000000
0.0410000000
0.0410000000
0.0410000000
0.0410000000
0.0410000000
0.0410000000
0.0410000000
0.0410000000
0.0410000000
0.0410000000
0.0410000000
0.0410000000
0.0410000000
0.0410000000
0.0410000000
0.0410000000
0.0410000000
0.0410000000
0.0410000000
0.0410000000
0.0410000000
0.0410000000
0.0410000000
0.0410000000
0.0410000000
0.0410000000
0.0410000000
0.0410000000
0.0410000000
0.0410000000
0.0410000000
0.0410000000
0.0410000000
0.0410000000
0.0410000000
0.0410000000
0.0410000000
0.0410000000
0.0410000000
0.0410000000
0.0410000000
0.0410000000
0.0410000000
0.0410000000
0.0410000000
0.0410000000
0.0410000000
0.0410000000
0.0410000000
0.0410000000
0.0410000000
0.0410000000
0.0410000000
0.0410000000
0.0410000000
0.0410000000
0.0410000000
0.0410000000
0.0410000000
0.0410000000
0.0410000000
0.0410000000
0.0410000000
0.0410000000
0.0410000000
0.0410000000
0.0410000000
0.0410000000
0.0410000000
0.0410000000
0.0410000000
0.0410000000
0.0410000000
0.0410000000
0.0410000000
0.0410000000
0.0410000000
0.0410000000
0.0410000000
0.0410000000
0.0410000000
0.0410000000
0.0410000000
0.0410000000
0.0410000000
0.0410000000
0.0410000000
0.0410000000
0.0410000000
0.0410000000
0.0410000000
0.0410000000
0.0410000000
0.0410000000
0.0410000000
0.0410000000
0.0410000000
0.0410000000
0.0410000000
0.0410000000
0.0410000000
0.0410000000
0.0410000000
0.0410000000
0.0410000000
0.0410000000
0.0410000000
0.0410000000
0.0410000000
0.0410000000
0.0410000000
0.0410000000
0.0410000000
0.0410000000
0.0410000000
0.0410000000
0.0410000000
0.0410000000
0.0410000000
0.0410000000
0.0410000000
0.0410000000
0.0410000000
0.0410000000
0.0410000000
0.0410000000
0.0410000000
0.0410000000
0.0410000000
0.0410000000
0.0410000000
0.0410000000
0.0410000000
0.0410000000
0.0410000000
0.0410000000
0.0410000000
0.0410000000
0.0410000000
0.0410000000
0.0410000000
0.0410000000
0.0410000000
0.0410000000
0.0410000000
0.0410000000
0.0410000000
0.0410000000
0.0410000000
0.0410000000
0.0410000000
0.0410000000
0.0410000000
0.0410000000
0.0410000000
0.0410000000
0.0410000000
0.0410000000
0.0410000000
0.0410000000
0.0410000000
0.0410000000
0.0410000000
0.0410000000
0.0410000000
0.0410000000
0.0410000000
0.0410000000
0.0410000000
0.0410000000
0.0410000000
0.0410000000
0.0410000000
0.0410000000
0.0410000000
0.0410000000
0.0410000000
0.0410000000
0.0410000000
0.0410000000
0.0410000000
0.0410000000
0.0410000000
0.0410000000
0.0410000000
0.0410000000
0.0410000000
0.0410000000
0.0410000000
0.0410000000
0.0410000000
0.0410000000
0.0410000000
0.0410000000
0.0410000000
0.0410000000
0.0410000000
0.0410000000
0.0410000000
0.0410000000
0.0410000000
0.0410000000
0.0410000000
0.0410000000
0.0410000000
0.0410000000
0.0410000000
0.0410000000
0.0410000000
0.0410000000
0.0410000000
0.0410000000
0.0410000000
0.0410000000
0.0410000000
0.0410000000
0.0410000000
0.0410000000
0.0410000000
0.0410000000
0.0410000000
0.0410000000
0.0410000000
0.0410000000
0.0410000000
0.0410000000
0.0410000000
0.0410000000
0.0410000000
0.0410000000
0.0410000000
0.0410000000
0.0410000000
0.0410000000
0.0410000000
0.0410000000
0.0410000000
0.0410000000
0.0410000000
0.0410000000
0.0410000000
0.0410000000
0.0410000000
0.0410000000
0.0410000000
0.0410000000
0.0410000000
0.0410000000
0.0410000000
0.0410000000
0.0410000000
0.0410000000
0.0410000000
0.0410000000
0.0410000000
0.0410000000
0.0410000000
0.0410000000
0.0410000000
0.0410000000
0.0410000000
0.0410000000
0.0410000000
0.0410000000
0.0410000000
0.0410000000
0.0410000000
0.0410000000
0.0410000000
0.0410000000
0.0410000000
0.0410000000
0.0410000000
0.0410000000
0.0410000000
0.0410000000
0.0410000000
0.0410000000
0.0410000000
0.0410000000
0.0410000000
0.0410000000
0.0410000000
0.0410000000
0.0410000000
0.0410000000
0.0410000000
0.0410000000
0.0410000000
0.0410000000
0.0410000000
0.0410000000
0.0410000000
0.0410000000
0.0410000000
0.0410000000
0.0410000000
0.0410000000
0.0410000000
0.0410000000
0.0410000000
0.0410000000
0.0410000000
0.0410000000
0.0410000000
0.0410000000
0.0410000000
0.0410000000
0.0410000000
0.0410000000
0.0410000000
0.0410000000
0.0410000000
0.0410000000
0.0410000000
0.0410000000
0.0410000000
0.0410000000
0.0410000000
0.0410000000
0.0410000000
0.0410000000
0.0410000000
0.0410000000
0.0410000000
0.0410000000
0.0410000000
0.0410000000
0.0410000000
0.0410000000
0.0410000000
0.0410000000
0.0410000000
0.0410000000
0.0410000000
0.0410000000
0.0410000000
0.0410000000
0.0410000000
0.0410000000
0.0410000000
0.0410000000
0.0410000000
0.0410000000
0.0410000000
0.0410000000
0.0410000000
0.0410000000
0.0410000000
0.0410000000
0.0410000000
0.0410000000
0.0410000000
0.0410000000
0.0410000000
0.0410000000
0.0410000000
0.0410000000
0.0410000000
0.0410000000
0.0410000000
0.0410000000
0.0410000000
0.0410000000
0.0410000000
0.0410000000
0.0410000000
0.0410000000
0.0410000000
0.0410000000
0.0410000000
0.0410000000
0.0410000000
0.0410000000
0.0410000000
0.0410000000
0.0410000000
0.0410000000
0.0410000000
0.0410000000
0.0410000000
0.0410000000
0.0410000000
0.0410000000
0.0410000000
0.0410000000
0.0410000000
0.0410000000
0.0410000000
0.0410000000
0.0410000000
0.0410000000
0.0410000000
0.0410000000
0.0410000000
0.0410000000
0.0410000000
0.0410000000
0.0410000000
0.0410000000
0.0410000000
0.0410000000
0.0410000000
0.0410000000
0.0410000000
0.0410000000
0.0410000000
0.0410000000
0.0410000000
0.0410000000
0.0410000000
0.0410000000
0.0410000000
0.0410000000
0.0410000000
0.0410000000
0.0410000000
0.0410000000
0.0410000000
0.0410000000
0.0410000000
0.0410000000
0.0410000000
0.0410000000
0.0410000000
0.0410000000
0.0410000000
0.0410000000
0.0410000000
0.0410000000
0.0410000000
0.0410000000
0.0410000000
0.0410000000
0.0410000000
0.0410000000
0.0410000000
0.0410000000
0.0410000000
0.0410000000
0.0410000000
0.0410000000
0.0410000000
0.0410000000
0.0410000000
0.0410000000
0.0410000000
0.0410000000
0.0410000000
0.0410000000
0.0410000000
0.0410000000
0.0410000000
0.0410000000
0.0410000000
0.0410000000
0.0410000000
0.0410000000
0.0410000000
0.0410000000
0.0410000000
0.0410000000
0.0410000000
0.0410000000
0.0410000000
0.0410000000
0.0410000000
0.0410000000
0.0410000000
0.0410000000
0.0410000000
0.0410000000
0.0410000000
0.0410000000
0.0410000000
0.0410000000
0.0410000000
0.0410000000
0.0410000000
0.0410000000
0.0410000000
0.0410000000
0.0410000000
0.0410000000
0.0410000000
0.0410000000
0.0410000000
0.0410000000
0.0410000000
0.0410000000
0.0410000000
0.0410000000
0.0410000000
0.0410000000
0.0410000000
0.0410000000
0.0410000000
0.0410000000
0.0410000000
0.0410000000
0.0410000000
0.0410000000
0.0410000000
0.0410000000
0.0410000000
0.0410000000
0.0410000000
0.0410000000
0.0410000000
0.0410000000
0.0410000000
0.0410000000
0.0410000000
0.0410000000
0.0410000000
0.0410000000
0.0410000000
0.0410000000
0.0410000000
0.0410000000
0.0410000000
0.0410000000
0.0410000000
0.0410000000
0.0410000000
0.0410000000
0.0410000000
0.0410000000
0.0410000000
0.0410000000
0.0410000000
0.0410000000
0.0410000000
0.0410000000
0.0410000000
0.0410000000
0.0410000000
0.0410000000
0.0410000000
0.0410000000
0.0410000000
0.0410000000
0.0410000000
0.0410000000
0.0410000000
0.0410000000
0.0410000000
0.0410000000
0.0410000000
0.0410000000
0.0410000000
0.0410000000
0.0410000000
0.0410000000
0.0410000000
0.0410000000
0.0410000000
0.0410000000
0.0410000000
0.0410000000
0.0410000000
0.0410000000
0.0410000000
0.0410000000
0.0410000000
0.0410000000
0.0410000000
0.0410000000
0.0410000000
0.0410000000
0.0410000000
0.0410000000
0.0410000000
0.0410000000
0.0410000000
0.0410000000
0.0410000000
0.0410000000
0.0410000000
0.0410000000
0.0410000000
0.0410000000
0.0410000000
0.0410000000
0.0410000000
0.0410000000
0.0410000000
0.0410000000
0.0410000000
0.0410000000
0.0410000000
0.0410000000
0.0410000000
0.0410000000
0.0410000000
0.0410000000
0.0410000000
0.0410000000
0.0410000000
0.0410000000
0.0410000000
0.0410000000
0.0410000000
0.0410000000
0.0410000000
0.0410000000
0.0410000000
0.0410000000
0.0410000000
0.0410000000
0.0410000000
0.0410000000
0.0410000000
0.0410000000
0.0410000000
0.0410000000
0.0410000000
0.0410000000
0.0410000000
0.0410000000
0.0410000000
0.0410000000
0.0410000000
0.0410000000
0.0410000000
0.0410000000
0.0410000000
0.0410000000
0.0410000000
0.0410000000
0.0410000000
0.0410000000
0.0410000000
0.0410000000
0.0410000000
0.0410000000
0.0410000000
0.0410000000
0.0410000000
0.0410000000
0.0410000000
0.0410000000
0.0410000000
0.0410000000
0.0410000000
0.0410000000
0.0410000000
0.0410000000
0.0410000000
0.0410000000
0.0410000000
0.0410000000
0.0410000000
0.0410000000
0.0410000000
0.0410000000
0.0410000000
0.0410000000
0.0410000000
0.0410000000
0.0410000000
0.0410000000
0.0410000000
0.0410000000
0.0410000000
0.0410000000
0.0410000000
0.0410000000
0.0410000000
0.0410000000
0.0410000000
0.0410000000
0.0410000000
0.0410000000
0.0410000000
0.0410000000
0.0410000000
0.0410000000
0.0410000000
0.0410000000
0.0410000000
0.0410000000
0.0410000000
0.0410000000
0.0410000000
0.0410000000
0.0410000000
0.0410000000
0.0410000000
0.0410000000
0.0410000000
0.0410000000
0.0410000000
0.0410000000
0.0410000000
0.0410000000
0.0410000000
0.0410000000
0.0410000000
0.0410000000
0.0410000000
0.0410000000
0.0410000000
0.0410000000
0.0410000000
0.0410000000
0.0410000000
0.0410000000
0.0410000000
0.0410000000
0.0410000000
0.0410000000
0.0410000000
0.0410000000
0.0410000000
0.0410000000
0.0410000000
0.0410000000
0.0410000000
0.0410000000
0.0410000000
0.0410000000
0.0410000000
0.0410000000
0.0410000000
0.0410000000
0.0410000000
0.0410000000
0.0410000000
0.0410000000
0.0410000000
0.0410000000
0.0410000000
0.0410000000
0.0410000000
0.0410000000
0.0410000000
0.0410000000
0.0410000000
0.0410000000
0.0410000000
0.0410000000
0.0410000000
0.0410000000
0.0410000000
0.0410000000
0.0410000000
0.0410000000
0.0410000000
0.0410000000
0.0410000000
0.0410000000
0.0410000000
0.0410000000
0.0410000000
0.0410000000
0.0410000000
0.0410000000
0.0410000000
0.0410000000
0.0410000000
0.0410000000
0.0410000000
0.0410000000
0.0410000000
0.0410000000
0.0410000000
0.0410000000
0.0410000000
0.0410000000
0.0410000000
0.0410000000
0.0410000000
0.0410000000
0.0410000000
0.0410000000
0.0410000000
0.0410000000
0.0410000000
0.0410000000
0.0410000000
0.0410000000
0.0410000000
0.0410000000
0.0410000000
0.0410000000
0.0410000000
0.0410000000
0.0410000000
0.0410000000
0.0410000000
0.0410000000
0.0410000000
0.0410000000
0.0410000000
0.0410000000
0.0410000000
0.0410000000
0.0410000000
0.0410000000
0.0410000000
0.0410000000
0.0410000000
0.0410000000
0.0410000000
0.0410000000
0.0410000000
0.0410000000
0.0410000000
0.0410000000
0.0410000000
0.0410000000
0.0410000000
0.0410000000
0.0410000000
0.0410000000
0.0410000000
0.0410000000
0.0410000000
0.0410000000
0.0410000000
0.0410000000
0.0410000000
0.0410000000
0.0410000000
0.0410000000
0.0410000000
0.0410000000
0.0410000000
0.0410000000
0.0410000000
0.0410000000
0.0410000000
0.0410000000
0.0410000000
0.0410000000
0.0410000000
0.0410000000
0.0410000000
0.0410000000
0.0410000000
0.0410000000
0.0410000000
0.0410000000
0.0410000000
0.0410000000
0.0410000000
0.0410000000
0.0410000000
0.0410000000
0.0410000000
0.0410000000
0.0410000000
0.0410000000
0.0410000000
0.0410000000
0.0410000000
0.0410000000
0.0410000000
0.0410000000
0.0410000000
0.0410000000
0.0410000000
0.0410000000
0.0410000000
0.0410000000
0.0410000000
0.0410000000
0.0410000000
0.0410000000
0.0410000000
0.0410000000
0.0410000000
0.0410000000
0.0410000000
0.0410000000
0.0410000000
0.0410000000
0.0410000000
0.0410000000
0.0410000000
0.0410000000
0.0410000000
0.0410000000
0.0410000000
0.0410000000
0.0410000000
0.0410000000
0.0410000000
0.0410000000
0.0410000000
0.0410000000
0.0410000000
0.0410000000
0.0410000000
0.0410000000
0.0410000000
0.0410000000
0.0410000000
0.0410000000
0.0410000000
0.0410000000
0.0410000000
0.0410000000
0.0410000000
0.0410000000
0.0410000000
0.0410000000
0.0410000000
0.0410000000
0.0410000000
0.0410000000
0.0410000000
0.0410000000
0.0410000000
0.0410000000
0.0410000000
0.0410000000
0.0410000000
0.0410000000
0.0410000000
0.0410000000
0.0410000000
0.0410000000
0.0410000000
0.0410000000
0.0410000000
0.0410000000
0.0410000000
0.0410000000
0.0410000000
0.0410000000
0.0410000000
0.0410000000
0.0410000000
0.0410000000
0.0410000000
0.0410000000
0.0410000000
0.0410000000
0.0410000000
0.0410000000
0.0410000000
0.0410000000
0.0410000000
0.0410000000
0.0410000000
0.0410000000
0.0410000000
0.0410000000
0.0410000000
0.0410000000
0.0410000000
0.0410000000
0.0410000000
0.0410000000
0.0410000000
0.0410000000
0.0410000000
0.0410000000
0.0410000000
0.0410000000
0.0410000000
0.0410000000
0.0410000000
0.0410000000
0.0410000000
0.0410000000
0.0410000000
0.0410000000
0.0410000000
0.0410000000
0.0410000000
0.0410000000
0.0410000000
0.0410000000
0.0410000000
0.0410000000
0.0410000000
0.0410000000
0.0410000000
0.0410000000
0.0410000000
0.0410000000
0.0410000000
0.0410000000
0.0410000000
0.0410000000
0.0410000000
0.0410000000
0.0410000000
0.0410000000
0.0410000000
0.0410000000
0.0410000000
0.0410000000
0.0410000000
0.0410000000
0.0410000000
0.0410000000
0.0410000000
0.0410000000
0.0410000000
0.0410000000
0.0410000000
0.0410000000
0.0410000000
0.0410000000
0.0410000000
0.0410000000
0.0410000000
0.0410000000
0.0410000000
0.0410000000
0.0410000000
0.0410000000
0.0410000000
0.0410000000
0.0410000000
0.0410000000
0.0410000000
0.0410000000
0.0410000000
0.0410000000
0.0410000000
0.0410000000
0.0410000000
0.0410000000
0.0410000000
0.0410000000
0.0410000000
0.0410000000
0.0410000000
0.0410000000
0.0410000000
0.0410000000
0.0410000000
0.0410000000
0.0410000000
0.0410000000
0.0410000000
0.0410000000
0.0410000000
0.0410000000
0.0410000000
0.0410000000
0.0410000000
0.0410000000
0.0410000000
0.0410000000
0.0410000000
0.0410000000
0.0410000000
0.0410000000
0.0410000000
0.0410000000
0.0410000000
0.0410000000
0.0410000000
0.0410000000
0.0410000000
0.0410000000
0.0410000000
0.0410000000
0.0410000000
0.0410000000
0.0410000000
0.0410000000
0.0410000000
0.0410000000
0.0410000000
0.0410000000
0.0410000000
0.0410000000
0.0410000000
0.0410000000
0.0410000000
0.0410000000
0.0410000000
0.0410000000
0.0410000000
0.0410000000
0.0410000000
0.0410000000
0.0410000000
0.0410000000
0.0410000000
0.0410000000
0.0410000000
0.0410000000
0.0410000000
0.0410000000
0.0410000000
0.0410000000
0.0410000000
0.0410000000
0.0410000000
0.0410000000
0.0410000000
0.0410000000
0.0410000000
0.0410000000
0.0410000000
0.0410000000
0.0410000000
0.0410000000
0.0410000000
0.0410000000
0.0410000000
0.0410000000
0.0410000000
0.0410000000
0.0410000000
0.0410000000
0.0410000000
0.0410000000
0.0410000000
0.0410000000
0.0410000000
0.0410000000
0.0410000000
0.0410000000
0.0410000000
0.0410000000
0.0410000000
0.0410000000
0.0410000000
0.0410000000
0.0410000000
0.0410000000
0.0410000000
0.0410000000
0.0410000000
0.0410000000
0.0410000000
0.0410000000
0.0410000000
0.0410000000
0.0410000000
0.0410000000
0.0410000000
0.0410000000
0.0410000000
0.0410000000
0.0410000000
0.0410000000
0.0410000000
0.0410000000
0.0410000000
0.0410000000
0.0410000000
0.0410000000
0.0410000000
0.0410000000
0.0410000000
0.0410000000
0.0410000000
0.0410000000
0.0410000000
0.0410000000
0.0410000000
0.0410000000
0.0410000000
0.0410000000
0.0410000000
0.0410000000
0.0410000000
0.0410000000
0.0410000000
0.0410000000
0.0410000000
0.0410000000
0.0410000000
0.0410000000
0.0410000000
0.0410000000
0.0410000000
0.0410000000
0.0410000000
0.0410000000
0.0410000000
0.0410000000
0.0410000000
0.0410000000
0.0410000000
0.0410000000
0.0410000000
0.0410000000
0.0410000000
0.0410000000
0.0410000000
0.0410000000
0.0410000000
0.0410000000
0.0410000000
0.0410000000
0.0410000000
0.0410000000
0.0410000000
0.0410000000
0.0410000000
0.0410000000
0.0410000000
0.0410000000
0.0410000000
0.0410000000
0.0410000000
0.0410000000
0.0410000000
0.0410000000
0.0410000000
0.0410000000
0.0410000000
0.0410000000
0.0410000000
0.0410000000
0.0410000000
0.0410000000
0.0410000000
0.0410000000
0.0410000000
0.0410000000
0.0410000000
0.0410000000
0.0410000000
0.0410000000
0.0410000000
0.0410000000
0.0410000000
0.0410000000
0.0410000000
0.0410000000
0.0410000000
0.0410000000
0.0410000000
0.0410000000
0.0410000000
0.0410000000
0.0410000000
0.0410000000
0.0410000000
0.0410000000
0.0410000000
0.0410000000
0.0410000000
0.0410000000
0.0410000000
0.0410000000
0.0410000000
0.0410000000
0.0410000000
0.0410000000
0.0410000000
0.0410000000
0.0410000000
0.0410000000
0.0410000000
0.0410000000
0.0410000000
0.0410000000
0.0410000000
0.0410000000
0.0410000000
0.0410000000
0.0410000000
0.0410000000
0.0410000000
0.0410000000
0.0410000000
0.0410000000
0.0410000000
0.0410000000
0.0410000000
0.0410000000
0.0410000000
0.0410000000
0.0410000000
0.0410000000
0.0410000000
0.0410000000
0.0410000000
0.0410000000
0.0410000000
0.0410000000
0.0410000000
0.0410000000
0.0410000000
0.0410000000
0.0410000000
0.0410000000
0.0410000000
0.0410000000
0.0410000000
0.0410000000
0.0410000000
0.0410000000
0.0410000000
0.0410000000
0.0410000000
0.0410000000
0.0410000000
0.0410000000
0.0410000000
0.0410000000
0.0410000000
0.0410000000
0.0410000000
0.0410000000
0.0410000000
0.0410000000
0.0410000000
0.0410000000
0.0410000000
0.0410000000
0.0410000000
0.0410000000
0.0410000000
0.0410000000
0.0410000000
0.0410000000
0.0410000000
0.0410000000
0.0410000000
0.0410000000
0.0410000000
0.0410000000
0.0410000000
0.0410000000
0.0410000000
0.0410000000
0.0410000000
0.0410000000
0.0410000000
0.0410000000
0.0410000000
0.0410000000
0.0410000000
0.0410000000
0.0410000000
0.0410000000
0.0410000000
0.0410000000
0.0410000000
0.0410000000
0.0410000000
0.0410000000
0.0410000000
0.0410000000
0.0410000000
0.0410000000
0.0410000000
0.0410000000
0.0410000000
0.0410000000
0.0410000000
0.0410000000
0.0410000000
0.0410000000
0.0410000000
0.0410000000
0.0410000000
0.0410000000
0.0410000000
0.0410000000
0.0410000000
0.0410000000
0.0410000000
0.0410000000
0.0410000000
0.0410000000
0.0410000000
0.0410000000
0.0410000000
0.0410000000
0.0410000000
0.0410000000
0.0410000000
0.0410000000
0.0410000000
0.0410000000
0.0410000000
0.0410000000
0.0410000000
0.0410000000
0.0410000000
0.0410000000
0.0410000000
0.0410000000
0.0410000000
0.0410000000
0.0410000000
0.0410000000
0.0410000000
0.0410000000
0.0410000000
0.0410000000
0.0410000000
0.0410000000
0.0410000000
0.0410000000
0.0410000000
0.0410000000
0.0410000000
0.0410000000
0.0410000000
0.0410000000
0.0410000000
0.0410000000
0.0410000000
0.0410000000
0.0410000000
0.0410000000
0.0410000000
0.0410000000
0.0410000000
0.0410000000
0.0410000000
0.0410000000
0.0410000000
0.0410000000
0.0410000000
0.0410000000
0.0410000000
0.0410000000
0.0410000000
0.0410000000
0.0410000000
0.0410000000
0.0410000000
0.0410000000
0.0410000000
0.0410000000
0.0410000000
0.0410000000
0.0410000000
0.0410000000
0.0410000000
0.0410000000
0.0410000000
0.0410000000
0.0410000000
0.0410000000
0.0410000000
0.0410000000
0.0410000000
0.0410000000
0.0410000000
0.0410000000
0.0410000000
0.0410000000
0.0410000000
0.0410000000
0.0410000000
0.0410000000
0.0410000000
0.0410000000
0.0410000000
0.0410000000
0.0410000000
0.0410000000
0.0410000000
0.0410000000
0.0410000000
0.0410000000
0.0410000000
0.0410000000
0.0410000000
0.0410000000
0.0410000000
0.0410000000
0.0410000000
0.0410000000
0.0410000000
0.0410000000
0.0410000000
0.0410000000
0.0410000000
0.0410000000
0.0410000000
0.0410000000
0.0410000000
0.0410000000
0.0410000000
0.0410000000
0.0410000000
0.0410000000
0.0410000000
0.0410000000
0.0410000000
0.0410000000
0.0410000000
0.0410000000
0.0410000000
0.0410000000
0.0410000000
0.0410000000
0.0410000000
0.0410000000
0.0410000000
0.0410000000
0.0410000000
0.0410000000
0.0410000000
0.0410000000
0.0410000000
0.0410000000
0.0410000000
0.0410000000
0.0410000000
0.0410000000
0.0410000000
0.0410000000
0.0410000000
0.0410000000
0.0410000000
0.0410000000
0.0410000000
0.0410000000
0.0410000000
0.0410000000
0.0410000000
0.0410000000
0.0410000000
0.0410000000
0.0410000000
0.0410000000
0.0410000000
0.0410000000
0.0410000000
0.0410000000
0.0410000000
0.0410000000
0.0410000000
0.0410000000
0.0410000000
0.0410000000
0.0410000000
0.0410000000
0.0410000000
0.0410000000
0.0410000000
0.0410000000
0.0410000000
0.0410000000
0.0410000000
0.0410000000
0.0410000000
0.0410000000
0.0410000000
0.0410000000
0.0410000000
0.0410000000
0.0410000000
0.0410000000
0.0410000000
0.0410000000
0.0410000000
0.0410000000
0.0410000000
0.0410000000
0.0410000000
0.0410000000
0.0410000000
0.0410000000
0.0410000000
0.0410000000
0.0410000000
0.0410000000
0.0410000000
0.0410000000
0.0410000000
0.0410000000
0.0410000000
0.0410000000
0.0410000000
0.0410000000
0.0410000000
0.0410000000
0.0410000000
0.0410000000
0.0410000000
0.0410000000
0.0410000000
0.0410000000
0.0410000000
0.0410000000
0.0410000000
0.0410000000
0.0410000000
0.0410000000
0.0410000000
0.0410000000
0.0410000000
0.0410000000
0.0410000000
0.0410000000
0.0410000000
0.0410000000
0.0410000000
0.0410000000
0.0410000000
0.0410000000
0.0410000000
0.0410000000
0.0410000000
0.0410000000
0.0410000000
0.0410000000
0.0410000000
0.0410000000
0.0410000000
0.0410000000
0.0410000000
0.0410000000
0.0410000000
0.0410000000
0.0410000000
0.0410000000
0.0410000000
0.0410000000
0.0410000000
0.0410000000
0.0410000000
0.0410000000
0.0410000000
0.0410000000
0.0410000000
0.0410000000
0.0410000000
0.0410000000
0.0410000000
0.0410000000
0.0410000000
0.0410000000
0.0410000000
0.0410000000
0.0410000000
0.0410000000
0.0410000000
0.0410000000
0.0410000000
0.0410000000
0.0410000000
0.0410000000
0.0410000000
0.0410000000
0.0410000000
0.0410000000
0.0410000000
0.0410000000
0.0410000000
0.0410000000
0.0410000000
0.0410000000
0.0410000000
0.0410000000
0.0410000000
0.0410000000
0.0410000000
0.0410000000
0.0410000000
0.0410000000
0.0410000000
0.0410000000
0.0410000000
0.0410000000
0.0410000000
0.0410000000
0.0410000000
0.0410000000
0.0410000000
0.0410000000
0.0410000000
0.0410000000
0.0410000000
0.0410000000
0.0410000000
0.0410000000
0.0410000000
0.0410000000
0.0410000000
0.0410000000
0.0410000000
0.0410000000
0.0410000000
0.0410000000
0.0410000000
0.0410000000
0.0410000000
0.0410000000
0.0410000000
0.0410000000
0.0410000000
0.0410000000
0.0410000000
0.0410000000
0.0410000000
0.0410000000
0.0410000000
0.0410000000
0.0410000000
0.0410000000
0.0410000000
0.0410000000
0.0410000000
0.0410000000
0.0410000000
0.0410000000
0.0410000000
0.0410000000
0.0410000000
0.0410000000
0.0410000000
0.0410000000
0.0410000000
0.0410000000
0.0410000000
0.0410000000
0.0410000000
0.0410000000
0.0410000000
0.0410000000
0.0410000000
0.0410000000
0.0410000000
0.0410000000
0.0410000000
0.0410000000
0.0410000000
0.0410000000
0.0410000000
0.0410000000
0.0410000000
0.0410000000
0.0410000000
0.0410000000
0.0410000000
0.0410000000
0.0410000000
0.0410000000
0.0410000000
0.0410000000
0.0410000000
0.0410000000
0.0410000000
0.0410000000
0.0410000000
0.0410000000
0.0410000000
0.0410000000
0.0410000000
0.0410000000
0.0410000000
0.0410000000
0.0410000000
0.0410000000
0.0410000000
0.0410000000
0.0410000000
0.0410000000
0.0410000000
0.0410000000
0.0410000000
0.0410000000
0.0410000000
0.0410000000
0.0410000000
0.0410000000
0.0410000000
0.0410000000
0.0410000000
0.0410000000
0.0410000000
0.0410000000
0.0410000000
0.0410000000
0.0410000000
0.0410000000
0.0410000000
0.0410000000
0.0410000000
0.0410000000
0.0410000000
0.0410000000
0.0410000000
0.0410000000
0.0410000000
0.0410000000
0.0410000000
0.0410000000
0.0410000000
0.0410000000
0.0410000000
0.0410000000
0.0410000000
0.0410000000
0.0410000000
0.0410000000
0.0410000000
0.0410000000
0.0410000000
0.0410000000
0.0410000000
0.0410000000
0.0410000000
0.0410000000
0.0410000000
0.0410000000
0.0410000000
0.0410000000
0.0410000000
0.0410000000
0.0410000000
0.0410000000
0.0410000000
0.0410000000
0.0410000000
0.0410000000
0.0410000000
0.0410000000
0.0410000000
0.0410000000
0.0410000000
0.0410000000
0.0410000000
0.0410000000
0.0410000000
0.0410000000
0.0410000000
0.0410000000
0.0410000000
0.0410000000
0.0410000000
0.0410000000
0.0410000000
0.0410000000
0.0410000000
0.0410000000
0.0410000000
0.0410000000
0.0410000000
0.0410000000
0.0410000000
0.0410000000
0.0410000000
0.0410000000
0.0410000000
0.0410000000
0.0410000000
0.0410000000
0.0410000000
0.0410000000
0.0410000000
0.0410000000
0.0410000000
0.0410000000
0.0410000000
0.0410000000
0.0410000000
0.0410000000
0.0410000000
0.0410000000
0.0410000000
0.0410000000
0.0410000000
0.0410000000
0.0410000000
0.0410000000
0.0410000000
0.0410000000
0.0410000000
0.0410000000
0.0410000000
0.0410000000
0.0410000000
0.0410000000
0.0410000000
0.0410000000
0.0410000000
0.0410000000
0.0410000000
0.0410000000
0.0410000000
0.0410000000
0.0410000000
0.0410000000
0.0410000000
0.0410000000
0.0410000000
0.0410000000
0.0410000000
0.0410000000
0.0410000000
0.0410000000
0.0410000000
0.0410000000
0.0410000000
0.0410000000
0.0410000000
0.0410000000
0.0410000000
0.0410000000
0.0410000000
0.0410000000
0.0410000000
0.0410000000
0.0410000000
0.0410000000
0.0410000000
0.0410000000
0.0410000000
0.0410000000
0.0410000000
0.0410000000
0.0410000000
0.0410000000
0.0410000000
0.0410000000
0.0410000000
0.0410000000
0.0410000000
0.0410000000
0.0410000000
0.0410000000
0.0410000000
0.0410000000
0.0410000000
0.0410000000
0.0410000000
0.0410000000
0.0410000000
0.0410000000
0.0410000000
0.0410000000
0.0410000000
0.0410000000
0.0410000000
0.0410000000
0.0410000000
0.0410000000
0.0410000000
0.0410000000
0.0410000000
0.0410000000
0.0410000000
0.0410000000
0.0410000000
0.0410000000
0.0410000000
0.0410000000
0.0410000000
0.0410000000
0.0410000000
0.0410000000
0.0410000000
0.0410000000
0.0410000000
0.0410000000
0.0410000000
0.0410000000
0.0410000000
0.0410000000
0.0410000000
0.0410000000
0.0410000000
0.0410000000
0.0410000000
0.0410000000
0.0410000000
0.0410000000
0.0410000000
0.0410000000
0.0410000000
0.0410000000
0.0410000000
0.0410000000
0.0410000000
0.0410000000
0.0410000000
0.0410000000
0.0410000000
0.0410000000
0.0410000000
0.0410000000
0.0410000000
0.0410000000
0.0410000000
0.0410000000
0.0410000000
0.0410000000
0.0410000000
0.0410000000
0.0410000000
0.0410000000
0.0410000000
0.0410000000
0.0410000000
0.0410000000
0.0410000000
0.0410000000
0.0410000000
0.0410000000
0.0410000000
0.0410000000
0.0410000000
0.0410000000
0.0410000000
0.0410000000
0.0410000000
0.0410000000
0.0410000000
0.0410000000
0.0410000000
0.0410000000
0.0410000000
0.0410000000
0.0410000000
0.0410000000
0.0410000000
0.0410000000
0.0410000000
0.0410000000
0.0410000000
0.0410000000
0.0410000000
0.0410000000
0.0410000000
0.0410000000
0.0410000000
0.0410000000
0.0410000000
0.0410000000
0.0410000000
0.0410000000
0.0410000000
0.0410000000
0.0410000000
0.0410000000
0.0410000000
0.0410000000
0.0410000000
0.0410000000
0.0410000000
0.0410000000
0.0410000000
0.0410000000
0.0410000000
0.0410000000
0.0410000000
0.0410000000
0.0410000000
0.0410000000
0.0410000000
0.0410000000
0.0410000000
0.0410000000
0.0410000000
0.0410000000
0.0410000000
0.0410000000
0.0410000000
0.0410000000
0.0410000000
0.0410000000
0.0410000000
0.0410000000
0.0410000000
0.0410000000
0.0410000000
0.0410000000
0.0410000000
0.0410000000
0.0410000000
0.0410000000
0.0410000000
0.0410000000
0.0410000000
0.0410000000
0.0410000000
0.0410000000
0.0410000000
0.0410000000
0.0410000000
0.0410000000
0.0410000000
0.0410000000
0.0410000000
0.0410000000
0.0410000000
0.0410000000
0.0410000000
0.0410000000
0.0410000000
0.0410000000
0.0410000000
0.0410000000
0.0410000000
0.0410000000
0.0410000000
0.0410000000
0.0410000000
0.0410000000
0.0410000000
0.0410000000
0.0410000000
0.0410000000
0.0410000000
0.0410000000
0.0410000000
0.0410000000
0.0410000000
0.0410000000
0.0410000000
0.0410000000
0.0410000000
0.0410000000
0.0410000000
0.0410000000
0.0410000000
0.0410000000
0.0410000000
0.0410000000
0.0410000000
0.0410000000
0.0410000000
0.0410000000
0.0410000000
0.0410000000
0.0410000000
0.0410000000
0.0410000000
0.0410000000
0.0410000000
0.0410000000
0.0410000000
0.0410000000
0.0410000000
0.0410000000
0.0410000000
0.0410000000
0.0410000000
0.0410000000
0.0410000000
0.0410000000
0.0410000000
0.0410000000
0.0410000000
0.0410000000
0.0410000000
0.0410000000
0.0410000000
0.0410000000
0.0410000000
0.0410000000
0.0410000000
0.0410000000
0.0410000000
0.0410000000
0.0410000000
0.0410000000
0.0410000000
0.0410000000
0.0410000000
0.0410000000
0.0410000000
0.0410000000
0.0410000000
0.0410000000
0.0410000000
0.0410000000
0.0410000000
0.0410000000
0.0410000000
0.0410000000
0.0410000000
0.0410000000
0.0410000000
0.0410000000
0.0410000000
0.0410000000
0.0410000000
0.0410000000
0.0410000000
0.0410000000
0.0410000000
0.0410000000
0.0410000000
0.0410000000
0.0410000000
0.0410000000
0.0410000000
0.0410000000
0.0410000000
0.0410000000
0.0410000000
0.0410000000
0.0410000000
0.0410000000
0.0410000000
0.0410000000
0.0410000000
0.0410000000
0.0410000000
0.0410000000
0.0410000000
0.0410000000
0.0410000000
0.0410000000
0.0410000000
0.0410000000
0.0410000000
0.0410000000
0.0410000000
0.0410000000
0.0410000000
0.0410000000
0.0410000000
0.0410000000
0.0410000000
0.0410000000
0.0410000000
0.0410000000
0.0410000000
0.0410000000
0.0410000000
0.0410000000
0.0410000000
0.0410000000
0.0410000000
0.0410000000
0.0410000000
0.0410000000
0.0410000000
0.0410000000
0.0410000000
0.0410000000
0.0410000000
0.0410000000
0.0410000000
0.0410000000
0.0410000000
0.0410000000
0.0410000000
0.0410000000
0.0410000000
0.0410000000
0.0410000000
0.0410000000
0.0410000000
0.0410000000
0.0410000000
0.0410000000
0.0410000000
0.0410000000
0.0410000000
0.0410000000
0.0410000000
0.0410000000
0.0410000000
0.0410000000
0.0410000000
0.0410000000
0.0410000000
0.0410000000
0.0410000000
0.0410000000
0.0410000000
0.0410000000
0.0410000000
0.0410000000
0.0410000000
0.0410000000
0.0410000000
0.0410000000
0.0410000000
0.0410000000
0.0410000000
0.0410000000
0.0410000000
0.0410000000
0.0410000000
0.0410000000
0.0410000000
0.0410000000
0.0410000000
0.0410000000
0.0410000000
0.0410000000
0.0410000000
0.0410000000
0.0410000000
0.0410000000
0.0410000000
0.0410000000
0.0410000000
0.0410000000
0.0410000000
0.0410000000
0.0410000000
0.0410000000
0.0410000000
0.0410000000
0.0410000000
0.0410000000
0.0410000000
0.0410000000
0.0410000000
0.0410000000
0.0410000000
0.0410000000
0.0410000000
0.0410000000
0.0410000000
0.0410000000
0.0410000000
0.0410000000
0.0410000000
0.0410000000
0.0410000000
0.0410000000
0.0410000000
0.0410000000
0.0410000000
0.0410000000
0.0410000000
0.0410000000
0.0410000000
0.0410000000
0.0410000000
0.0410000000
0.0410000000
0.0410000000
0.0410000000
0.0410000000
0.0410000000
0.0410000000
0.0410000000
0.0410000000
0.0410000000
0.0410000000
0.0410000000
0.0410000000
0.0410000000
0.0410000000
0.0410000000
0.0410000000
0.0410000000
0.0410000000
0.0410000000
0.0410000000
0.0410000000
0.0410000000
0.0410000000
0.0410000000
0.0410000000
0.0410000000
0.0410000000
0.0410000000
0.0410000000
0.0410000000
0.0410000000
0.0410000000
0.0410000000
0.0410000000
0.0410000000
0.0410000000
0.0410000000
0.0410000000
0.0410000000
0.0410000000
0.0410000000
0.0410000000
0.0410000000
0.0410000000
0.0410000000
0.0410000000
0.0410000000
0.0410000000
0.0410000000
0.0410000000
0.0410000000
0.0410000000
0.0410000000
0.0410000000
0.0410000000
0.0410000000
0.0410000000
0.0410000000
0.0410000000
0.0410000000
0.0410000000
0.0410000000
0.0410000000
0.0410000000
0.0410000000
0.0410000000
0.0410000000
0.0410000000
0.0410000000
0.0410000000
0.0410000000
0.0410000000
0.0410000000
0.0410000000
0.0410000000
0.0410000000
0.0410000000
0.0410000000
0.0410000000
0.0410000000
0.0410000000
0.0410000000
0.0410000000
0.0410000000
0.0410000000
0.0410000000
0.0410000000
0.0410000000
0.0410000000
0.0410000000
0.0410000000
0.0410000000
0.0410000000
0.0410000000
0.0410000000
0.0410000000
0.0410000000
0.0410000000
0.0410000000
0.0410000000
0.0410000000
0.0410000000
0.0410000000
0.0410000000
0.0410000000
0.0410000000
0.0410000000
0.0410000000
0.0410000000
0.0410000000
0.0410000000
0.0410000000
0.0410000000
0.0410000000
0.0410000000
0.0410000000
0.0410000000
0.0410000000
0.0410000000
0.0410000000
0.0410000000
0.0410000000
0.0410000000
0.0410000000
0.0410000000
0.0410000000
0.0410000000
0.0410000000
0.0410000000
0.0410000000
0.0410000000
0.0410000000
0.0410000000
0.0410000000
0.0410000000
0.0410000000
0.0410000000
0.0410000000
0.0410000000
0.0410000000
0.0410000000
0.0410000000
0.0410000000
0.0410000000
0.0410000000
0.0410000000
0.0410000000
0.0410000000
0.0410000000
0.0410000000
0.0410000000
0.0410000000
0.0410000000
0.0410000000
0.0410000000
0.0410000000
0.0410000000
0.0410000000
0.0410000000
0.0410000000
0.0410000000
0.0410000000
0.0410000000
0.0410000000
0.0410000000
0.0410000000
0.0410000000
0.0410000000
0.0410000000
0.0410000000
0.0410000000
0.0410000000
0.0410000000
0.0410000000
0.0410000000
0.0410000000
0.0410000000
0.0410000000
0.0410000000
0.0410000000
0.0410000000
0.0410000000
0.0410000000
0.0410000000
0.0410000000
0.0410000000
0.0410000000
0.0410000000
0.0410000000
0.0410000000
0.0410000000
0.0410000000
0.0410000000
0.0410000000
0.0410000000
0.0410000000
0.0410000000
0.0410000000
0.0410000000
0.0410000000
0.0410000000
0.0410000000
0.0410000000
0.0410000000
0.0410000000
0.0410000000
0.0410000000
0.0410000000
0.0410000000
0.0410000000
0.0410000000
0.0410000000
0.0410000000
0.0410000000
0.0410000000
0.0410000000
0.0410000000
0.0410000000
0.0410000000
0.0410000000
0.0410000000
0.0410000000
0.0410000000
0.0410000000
0.0410000000
0.0410000000
0.0410000000
0.0410000000
0.0410000000
0.0410000000
0.0410000000
0.0410000000
0.0410000000
0.0410000000
0.0410000000
0.0410000000
0.0410000000
0.0410000000
0.0410000000
0.0410000000
0.0410000000
0.0410000000
0.0410000000
0.0410000000
0.0410000000
0.0410000000
0.0410000000
0.0410000000
0.0410000000
0.0410000000
0.0410000000
0.0410000000
0.0410000000
0.0410000000
0.0410000000
0.0410000000
0.0410000000
0.0410000000
0.0410000000
0.0410000000
0.0410000000
0.0410000000
0.0410000000
0.0410000000
0.0410000000
0.0410000000
0.0410000000
0.0410000000
0.0410000000
0.0410000000
0.0410000000
0.0410000000
0.0410000000
0.0410000000
0.0410000000
0.0410000000
0.0410000000
0.0410000000
0.0410000000
0.0410000000
0.0410000000
0.0410000000
0.0410000000
0.0410000000
0.0410000000
0.0410000000
0.0410000000
0.0410000000
0.0410000000
0.0410000000
0.0410000000
0.0410000000
0.0410000000
0.0410000000
0.0410000000
0.0410000000
0.0410000000
0.0410000000
0.0410000000
0.0410000000
0.0410000000
0.0410000000
0.0410000000
0.0410000000
0.0410000000
0.0410000000
0.0410000000
0.0410000000
0.0410000000
0.0410000000
0.0410000000
0.0410000000
0.0410000000
0.0410000000
0.0410000000
0.0410000000
0.0410000000
0.0410000000
0.0410000000
0.0410000000
0.0410000000
0.0410000000
0.0410000000
0.0410000000
0.0410000000
0.0410000000
0.0410000000
0.0410000000
0.0410000000
0.0410000000
0.0410000000
0.0410000000
0.0410000000
0.0410000000
0.0410000000
0.0410000000
0.0410000000
0.0410000000
0.0410000000
0.0410000000
0.0410000000
0.0410000000
0.0410000000
0.0410000000
0.0410000000
0.0410000000
0.0410000000
0.0410000000
0.0410000000
0.0410000000
0.0410000000
0.0410000000
0.0410000000
0.0410000000
0.0410000000
0.0410000000
0.0410000000
0.0410000000
0.0410000000
0.0410000000
0.0410000000
0.0410000000
0.0410000000
0.0410000000
0.0410000000
0.0410000000
0.0410000000
0.0410000000
0.0410000000
0.0410000000
0.0410000000
0.0410000000
0.0410000000
0.0410000000
0.0410000000
0.0410000000
0.0410000000
0.0410000000
0.0410000000
0.0410000000
0.0410000000
0.0410000000
0.0410000000
0.0410000000
0.0410000000
0.0410000000
0.0410000000
0.0410000000
0.0410000000
0.0410000000
0.0410000000
0.0410000000
0.0410000000
0.0410000000
0.0410000000
0.0410000000
0.0410000000
0.0410000000
0.0410000000
0.0410000000
0.0410000000
0.0410000000
0.0410000000
0.0410000000
0.0410000000
0.0410000000
0.0410000000
0.0410000000
0.0410000000
0.0410000000
0.0410000000
0.0410000000
0.0410000000
0.0410000000
0.0410000000
0.0410000000
0.0410000000
0.0410000000
0.0410000000
0.0410000000
0.0410000000
0.0410000000
0.0410000000
0.0410000000
0.0410000000
0.0410000000
0.0410000000
0.0410000000
0.0410000000
0.0410000000
0.0410000000
0.0410000000
0.0410000000
0.0410000000
0.0410000000
0.0410000000
0.0410000000
0.0410000000
0.0410000000
0.0410000000
0.0410000000
0.0410000000
0.0410000000
0.0410000000
0.0410000000
0.0410000000
0.0410000000
0.0410000000
0.0410000000
0.0410000000
0.0410000000
0.0410000000
0.0410000000
0.0410000000
0.0410000000
0.0410000000
0.0410000000
0.0410000000
0.0410000000
0.0410000000
0.0410000000
0.0410000000
0.0410000000
0.0410000000
0.0410000000
0.0410000000
0.0410000000
0.0410000000
0.0410000000
0.0410000000
0.0410000000
0.0410000000
0.0410000000
0.0410000000
0.0410000000
0.0410000000
0.0410000000
0.0410000000
0.0410000000
0.0410000000
0.0410000000
0.0410000000
0.0410000000
0.0410000000
0.0410000000
0.0410000000
0.0410000000
0.0410000000
0.0410000000
0.0410000000
0.0410000000
0.0410000000
0.0410000000
0.0410000000
0.0410000000
0.0410000000
0.0410000000
0.0410000000
0.0410000000
0.0410000000
0.0410000000
0.0410000000
0.0410000000
0.0410000000
0.0410000000
0.0410000000
0.0410000000
0.0410000000
0.0410000000
0.0410000000
0.0410000000
0.0410000000
0.0410000000
0.0410000000
0.0410000000
0.0410000000
0.0410000000
0.0410000000
0.0410000000
0.0410000000
0.0410000000
0.0410000000
0.0410000000
0.0410000000
0.0410000000
0.0410000000
0.0410000000
0.0410000000
0.0410000000
0.0410000000
0.0410000000
0.0410000000
0.0410000000
0.0410000000
0.0410000000
0.0410000000
0.0410000000
0.0410000000
0.0410000000
0.0410000000
0.0410000000
0.0410000000
0.0410000000
0.0410000000
0.0410000000
0.0410000000
0.0410000000
0.0410000000
0.0410000000
0.0410000000
0.0410000000
0.0410000000
0.0410000000
0.0410000000
0.0410000000
0.0410000000
0.0410000000
0.0410000000
0.0410000000
0.0410000000
0.0410000000
0.0410000000
0.0410000000
0.0410000000
0.0410000000
0.0410000000
0.0410000000
0.0410000000
0.0410000000
0.0410000000
0.0410000000
0.0410000000
0.0410000000
0.0410000000
0.0410000000
0.0410000000
0.0410000000
0.0410000000
0.0410000000
0.0410000000
0.0410000000
0.0410000000
0.0410000000
0.0410000000
0.0410000000
0.0410000000
0.0410000000
0.0410000000
0.0410000000
0.0410000000
0.0410000000
0.0410000000
0.0410000000
0.0410000000
0.0410000000
0.0410000000
0.0410000000
0.0410000000
0.0410000000
0.0410000000
0.0410000000
0.0410000000
0.0410000000
0.0410000000
0.0410000000
0.0410000000
0.0410000000
0.0410000000
0.0410000000
0.0410000000
0.0410000000
0.0410000000
0.0410000000
0.0410000000
0.0410000000
0.0410000000
0.0410000000
0.0410000000
0.0410000000
0.0410000000
0.0410000000
0.0410000000
0.0410000000
0.0410000000
0.0410000000
0.0410000000
0.0410000000
0.0410000000
0.0410000000
0.0410000000
0.0410000000
0.0410000000
0.0410000000
0.0410000000
0.0410000000
0.0410000000
0.0410000000
0.0410000000
0.0410000000
0.0410000000
0.0410000000
0.0410000000
0.0410000000
0.0410000000
0.0410000000
0.0410000000
0.0410000000
0.0410000000
0.0410000000
0.0410000000
0.0410000000
0.0410000000
0.0410000000
0.0410000000
0.0410000000
0.0410000000
0.0410000000
0.0410000000
0.0410000000
0.0410000000
0.0410000000
0.0410000000
0.0410000000
0.0410000000
0.0410000000
0.0410000000
0.0410000000
0.0410000000
0.0410000000
0.0410000000
0.0410000000
0.0410000000
0.0410000000
0.0410000000
0.0410000000
0.0410000000
0.0410000000
0.0410000000
0.0410000000
0.0410000000
0.0410000000
0.0410000000
0.0410000000
0.0410000000
0.0410000000
0.0410000000
0.0410000000
0.0410000000
0.0410000000
0.0410000000
0.0410000000
0.0410000000
0.0410000000
0.0410000000
0.0410000000
0.0410000000
0.0410000000
0.0410000000
0.0410000000
0.0410000000
0.0410000000
0.0410000000
0.0410000000
0.0410000000
0.0410000000
0.0410000000
0.0410000000
0.0410000000
0.0410000000
0.0410000000
0.0410000000
0.0410000000
0.0410000000
0.0410000000
0.0410000000
0.0410000000
0.0410000000
0.0410000000
0.0410000000
0.0410000000
0.0410000000
0.0410000000
0.0410000000
0.0410000000
0.0410000000
0.0410000000
0.0410000000
0.0410000000
0.0410000000
0.0410000000
0.0410000000
0.0410000000
0.0410000000
0.0410000000
0.0410000000
0.0410000000
0.0410000000
0.0410000000
0.0410000000
0.0410000000
0.0410000000
0.0410000000
0.0410000000
0.0410000000
0.0410000000
0.0410000000
0.0410000000
0.0410000000
0.0410000000
0.0410000000
0.0410000000
0.0410000000
0.0410000000
0.0410000000
0.0410000000
0.0410000000
0.0410000000
0.0410000000
0.0410000000
0.0410000000
0.0410000000
0.0410000000
0.0410000000
0.0410000000
0.0410000000
0.0410000000
0.0410000000
0.0410000000
0.0410000000
0.0410000000
0.0410000000
0.0410000000
0.0410000000
0.0410000000
0.0410000000
0.0410000000
0.0410000000
0.0410000000
0.0410000000
0.0410000000
0.0410000000
0.0410000000
0.0410000000
0.0410000000
0.0410000000
0.0410000000
0.0410000000
0.0410000000
0.0410000000
0.0410000000
0.0410000000
0.0410000000
0.0410000000
0.0410000000
0.0410000000
0.0410000000
0.0410000000
0.0410000000
0.0410000000
0.0410000000
0.0410000000
0.0410000000
0.0410000000
0.0410000000
0.0410000000
0.0410000000
0.0410000000
0.0410000000
0.0410000000
0.0410000000
0.0410000000
0.0410000000
0.0410000000
0.0410000000
0.0410000000
0.0410000000
0.0410000000
0.0410000000
0.0410000000
0.0410000000
0.0410000000
0.0410000000
0.0410000000
0.0410000000
0.0410000000
0.0410000000
0.0410000000
0.0410000000
0.0410000000
0.0410000000
0.0410000000
0.0410000000
0.0410000000
0.0410000000
0.0410000000
0.0410000000
0.0410000000
0.0410000000
0.0410000000
0.0410000000
0.0410000000
0.0410000000
0.0410000000
0.0410000000
0.0410000000
0.0410000000
0.0410000000
0.0410000000
0.0410000000
0.0410000000
0.0410000000
0.0410000000
0.0410000000
0.0410000000
0.0410000000
0.0410000000
0.0410000000
0.0410000000
0.0410000000
0.0410000000
0.0410000000
0.0410000000
0.0410000000
0.0410000000
0.0410000000
0.0410000000
0.0410000000
0.0410000000
0.0410000000
0.0410000000
0.0410000000
0.0410000000
0.0410000000
0.0410000000
0.0410000000
0.0410000000
0.0410000000
0.0410000000
0.0410000000
0.0410000000
0.0410000000
0.0410000000
0.0410000000
0.0410000000
0.0410000000
0.0410000000
0.0410000000
0.0410000000
0.0410000000
0.0410000000
0.0410000000
0.0410000000
0.0410000000
0.0410000000
0.0410000000
0.0410000000
0.0410000000
0.0410000000
0.0410000000
0.0410000000
0.0410000000
0.0410000000
0.0410000000
0.0410000000
0.0410000000
0.0410000000
0.0410000000
0.0410000000
0.0410000000
0.0410000000
0.0410000000
0.0410000000
0.0410000000
0.0410000000
0.0410000000
0.0410000000
0.0410000000
0.0410000000
0.0410000000
0.0410000000
0.0410000000
0.0410000000
0.0410000000
0.0410000000
0.0410000000
0.0410000000
0.0410000000
0.0410000000
0.0410000000
0.0410000000
0.0410000000
0.0410000000
0.0410000000
0.0410000000
0.0410000000
0.0410000000
0.0410000000
0.0410000000
0.0410000000
0.0410000000
0.0410000000
0.0410000000
0.0410000000
0.0410000000
0.0410000000
0.0410000000
0.0410000000
0.0410000000
0.0410000000
0.0410000000
0.0410000000
0.0410000000
0.0410000000
0.0410000000
0.0410000000
0.0410000000
0.0410000000
0.0410000000
0.0410000000
0.0410000000
0.0410000000
0.0410000000
0.0410000000
0.0410000000
0.0410000000
0.0410000000
0.0410000000
0.0410000000
0.0410000000
0.0410000000
0.0410000000
0.0410000000
0.0410000000
0.0410000000
0.0410000000
0.0410000000
0.0410000000
0.0410000000
0.0410000000
0.0410000000
0.0410000000
0.0410000000
0.0410000000
0.0410000000
0.0410000000
0.0410000000
0.0410000000
0.0410000000
0.0410000000
0.0410000000
0.0410000000
0.0410000000
0.0410000000
0.0410000000
0.0410000000
0.0410000000
0.0410000000
0.0410000000
0.0410000000
0.0410000000
0.0410000000
0.0410000000
0.0410000000
0.0410000000
0.0410000000
0.0410000000
0.0410000000
0.0410000000
0.0410000000
0.0410000000
0.0410000000
0.0410000000
0.0410000000
0.0410000000
0.0410000000
0.0410000000
0.0410000000
0.0410000000
0.0410000000
0.0410000000
0.0410000000
0.0410000000
0.0410000000
0.0410000000
0.0410000000
0.0410000000
0.0410000000
0.0410000000
0.0410000000
0.0410000000
0.0410000000
0.0410000000
0.0410000000
0.0410000000
0.0410000000
0.0410000000
0.0410000000
0.0410000000
0.0410000000
0.0410000000
0.0410000000
0.0410000000
0.0410000000
0.0410000000
0.0410000000
0.0410000000
0.0410000000
0.0410000000
0.0410000000
0.0410000000
0.0410000000
0.0410000000
0.0410000000
0.0410000000
0.0410000000
0.0410000000
0.0410000000
0.0410000000
0.0410000000
0.0410000000
0.0410000000
0.0410000000
0.0410000000
0.0410000000
0.0410000000
0.0410000000
0.0410000000
0.0410000000
0.0410000000
0.0410000000
0.0410000000
0.0410000000
0.0410000000
0.0410000000
0.0410000000
0.0410000000
0.0410000000
0.0410000000
0.0410000000
0.0410000000
0.0410000000
0.0410000000
0.0410000000
0.0410000000
0.0410000000
0.0410000000
0.0410000000
0.0410000000
0.0410000000
0.0410000000
0.0410000000
0.0410000000
0.0410000000
0.0410000000
0.0410000000
0.0410000000
0.0410000000
0.0410000000
0.0410000000
0.0410000000
0.0410000000
0.0410000000
0.0410000000
0.0410000000
0.0410000000
0.0410000000
0.0410000000
0.0410000000
0.0410000000
0.0410000000
0.0410000000
0.0410000000
0.0410000000
0.0410000000
0.0410000000
0.0410000000
0.0410000000
0.0410000000
0.0410000000
0.0410000000
0.0410000000
0.0410000000
0.0410000000
0.0410000000
0.0410000000
0.0410000000
0.0410000000
0.0410000000
0.0410000000
0.0410000000
0.0410000000
0.0410000000
0.0410000000
0.0410000000
0.0410000000
0.0410000000
0.0410000000
0.0410000000
0.0410000000
0.0410000000
0.0410000000
0.0410000000
0.0410000000
0.0410000000
0.0410000000
0.0410000000
0.0410000000
0.0410000000
0.0410000000
0.0410000000
0.0410000000
0.0410000000
0.0410000000
0.0410000000
0.0410000000
0.0410000000
0.0410000000
0.0410000000
0.0410000000
0.0410000000
0.0410000000
0.0410000000
0.0410000000
0.0410000000
0.0410000000
0.0410000000
0.0410000000
0.0410000000
0.0410000000
0.0410000000
0.0410000000
0.0410000000
0.0410000000
0.0410000000
0.0410000000
0.0410000000
0.0410000000
0.0410000000
0.0410000000
0.0410000000
0.0410000000
0.0410000000
0.0410000000
0.0410000000
0.0410000000
0.0410000000
0.0410000000
0.0410000000
0.0410000000
0.0410000000
0.0410000000
0.0410000000
0.0410000000
0.0410000000
0.0410000000
0.0410000000
0.0410000000
0.0410000000
0.0410000000
0.0410000000
0.0410000000
0.0410000000
0.0410000000
0.0410000000
0.0410000000
0.0410000000
0.0410000000
0.0410000000
0.0410000000
0.0410000000
0.0410000000
0.0410000000
0.0410000000
0.0410000000
0.0410000000
0.0410000000
0.0410000000
0.0410000000
0.0410000000
0.0410000000
0.0410000000
0.0410000000
0.0410000000
0.0410000000
0.0410000000
0.0410000000
0.0410000000
0.0410000000
0.0410000000
0.0410000000
0.0410000000
0.0410000000
0.0410000000
0.0410000000
0.0410000000
0.0410000000
0.0410000000
0.0410000000
0.0410000000
0.0410000000
0.0410000000
0.0410000000
0.0410000000
0.0410000000
0.0410000000
0.0410000000
0.0410000000
0.0410000000
0.0410000000
0.0410000000
0.0410000000
0.0410000000
0.0410000000
0.0410000000
0.0410000000
0.0410000000
0.0410000000
0.0410000000
0.0410000000
0.0410000000
0.0410000000
0.0410000000
0.0410000000
0.0410000000
0.0410000000
0.0410000000
0.0410000000
0.0410000000
0.0410000000
0.0410000000
0.0410000000
0.0410000000
0.0410000000
0.0410000000
0.0410000000
0.0410000000
0.0410000000
0.0410000000
0.0410000000
0.0410000000
0.0410000000
0.0410000000
0.0410000000
0.0410000000
0.0410000000
0.0410000000
0.0410000000
0.0410000000
0.0410000000
0.0410000000
0.0410000000
0.0410000000
0.0410000000
0.0410000000
0.0410000000
0.0410000000
0.0410000000
0.0410000000
0.0410000000
0.0410000000
0.0410000000
0.0410000000
0.0410000000
0.0410000000
0.0410000000
0.0410000000
0.0410000000
0.0410000000
0.0410000000
0.0410000000
0.0410000000
0.0410000000
0.0410000000
0.0410000000
0.0410000000
0.0410000000
0.0410000000
0.0410000000
0.0410000000
0.0410000000
0.0410000000
0.0410000000
0.0410000000
0.0410000000
0.0410000000
0.0410000000
0.0410000000
0.0410000000
0.0410000000
0.0410000000
0.0410000000
0.0410000000
0.0410000000
0.0410000000
0.0410000000
0.0410000000
0.0410000000
0.0410000000
0.0410000000
0.0410000000
0.0410000000
0.0410000000
0.0410000000
0.0410000000
0.0410000000
0.0410000000
0.0410000000
0.0410000000
0.0410000000
0.0410000000
0.0410000000
0.0410000000
0.0410000000
0.0410000000
0.0410000000
0.0410000000
0.0410000000
0.0410000000
0.0410000000
0.0410000000
0.0410000000
0.0410000000
0.0410000000
0.0410000000
0.0410000000
0.0410000000
0.0410000000
0.0410000000
0.0410000000
0.0410000000
0.0410000000
0.0410000000
0.0410000000
0.0410000000
0.0410000000
0.0410000000
0.0410000000
0.0410000000
0.0410000000
0.0410000000
0.0410000000
0.0410000000
0.0410000000
0.0410000000
0.0410000000
0.0410000000
0.0410000000
0.0410000000
0.0410000000
0.0410000000
0.0410000000
0.0410000000
0.0410000000
0.0410000000
0.0410000000
0.0410000000
0.0410000000
0.0410000000
0.0410000000
0.0410000000
0.0410000000
0.0410000000
0.0410000000
0.0410000000
0.0410000000
0.0410000000
0.0410000000
0.0410000000
0.0410000000
0.0410000000
0.0410000000
0.0410000000
0.0410000000
0.0410000000
0.0410000000
0.0410000000
0.0410000000
0.0410000000
0.0410000000
0.0410000000
0.0410000000
0.0410000000
0.0410000000
0.0410000000
0.0410000000
0.0410000000
0.0410000000
0.0410000000
0.0410000000
0.0410000000
0.0410000000
0.0410000000
0.0410000000
0.0410000000
0.0410000000
0.0410000000
0.0410000000
0.0410000000
0.0410000000
0.0410000000
0.0410000000
0.0410000000
0.0410000000
0.0410000000
0.0410000000
0.0410000000
0.0410000000
0.0410000000
0.0410000000
0.0410000000
0.0410000000
0.0410000000
0.0410000000
0.0410000000
0.0410000000
0.0410000000
0.0410000000
0.0410000000
0.0410000000
0.0410000000
0.0410000000
0.0410000000
0.0410000000
0.0410000000
0.0410000000
0.0410000000
0.0410000000
0.0410000000
0.0410000000
0.0410000000
0.0410000000
0.0410000000
0.0410000000
0.0410000000
0.0410000000
0.0410000000
0.0410000000
0.0410000000
0.0410000000
0.0410000000
0.0410000000
0.0410000000
0.0410000000
0.0410000000
0.0410000000
0.0410000000
0.0410000000
0.0410000000
0.0410000000
0.0410000000
0.0410000000
0.0410000000
0.0410000000
0.0410000000
0.0410000000
0.0410000000
0.0410000000
0.0410000000
0.0410000000
0.0410000000
0.0410000000
0.0410000000
0.0410000000
0.0410000000
0.0410000000
0.0410000000
0.0410000000
0.0410000000
0.0410000000
0.0410000000
0.0410000000
0.0410000000
0.0410000000
0.0410000000
0.0410000000
0.0410000000
0.0410000000
0.0410000000
0.0410000000
0.0410000000
0.0410000000
0.0410000000
0.0410000000
0.0410000000
0.0410000000
0.0410000000
0.0410000000
0.0410000000
0.0410000000
0.0410000000
0.0410000000
0.0410000000
0.0410000000
0.0410000000
0.0410000000
0.0410000000
0.0410000000
0.0410000000
0.0410000000
0.0410000000
0.0410000000
0.0410000000
0.0410000000
0.0410000000
0.0410000000
0.0410000000
0.0410000000
0.0410000000
0.0410000000
0.0410000000
0.0410000000
0.0410000000
0.0410000000
0.0410000000
0.0410000000
0.0410000000
0.0410000000
0.0410000000
0.0410000000
0.0410000000
0.0410000000
0.0410000000
0.0410000000
0.0410000000
0.0410000000
0.0410000000
0.0410000000
0.0410000000
0.0410000000
0.0410000000
0.0410000000
0.0410000000
0.0410000000
0.0410000000
0.0410000000
0.0410000000
0.0410000000
0.0410000000
0.0410000000
0.0410000000
0.0410000000
0.0410000000
0.0410000000
0.0410000000
0.0410000000
0.0410000000
0.0410000000
0.0410000000
0.0410000000
0.0410000000
0.0410000000
0.0410000000
0.0410000000
0.0410000000
0.0410000000
0.0410000000
0.0410000000
0.0410000000
0.0410000000
0.0410000000
0.0410000000
0.0410000000
0.0410000000
0.0410000000
0.0410000000
0.0410000000
0.0410000000
0.0410000000
0.0410000000
0.0410000000
0.0410000000
0.0410000000
0.0410000000
0.0410000000
0.0410000000
0.0410000000
0.0410000000
0.0410000000
0.0410000000
0.0410000000
0.0410000000
0.0410000000
0.0410000000
0.0410000000
0.0410000000
0.0410000000
0.0410000000
0.0410000000
0.0410000000
0.0410000000
0.0410000000
0.0410000000
0.0410000000
0.0410000000
0.0410000000
0.0410000000
0.0410000000
0.0410000000
0.0410000000
0.0410000000
0.0410000000
0.0410000000
0.0410000000
0.0410000000
0.0410000000
0.0410000000
0.0410000000
0.0410000000
0.0410000000
0.0410000000
0.0410000000
0.0410000000
0.0410000000
0.0410000000
0.0410000000
0.0410000000
0.0410000000
0.0410000000
0.0410000000
0.0410000000
0.0410000000
0.0410000000
0.0410000000
0.0410000000
0.0410000000
0.0410000000
0.0410000000
0.0410000000
0.0410000000
0.0410000000
0.0410000000
0.0410000000
0.0410000000
0.0410000000
0.0410000000
0.0410000000
0.0410000000
0.0410000000
0.0410000000
0.0410000000
0.0410000000
0.0410000000
0.0410000000
0.0410000000
0.0410000000
0.0410000000
0.0410000000
0.0410000000
0.0410000000
0.0410000000
0.0410000000
0.0410000000
0.0410000000
0.0410000000
0.0410000000
0.0410000000
0.0410000000
0.0410000000
0.0410000000
0.0410000000
0.0410000000
0.0410000000
0.0410000000
0.0410000000
0.0410000000
0.0410000000
0.0410000000
0.0410000000
0.0410000000
0.0410000000
0.0410000000
0.0410000000
0.0410000000
0.0410000000
0.0410000000
0.0410000000
0.0410000000
0.0410000000
0.0410000000
0.0410000000
0.0410000000
0.0410000000
0.0410000000
0.0410000000
0.0410000000
0.0410000000
0.0410000000
0.0410000000
0.0410000000
0.0410000000
0.0410000000
0.0410000000
0.0410000000
0.0410000000
0.0410000000
0.0410000000
0.0410000000
0.0410000000
0.0410000000
0.0410000000
0.0410000000
0.0410000000
0.0410000000
0.0410000000
0.0410000000
0.0410000000
0.0410000000
0.0410000000
0.0410000000
0.0410000000
0.0410000000
0.0410000000
0.0410000000
0.0410000000
0.0410000000
0.0410000000
0.0410000000
0.0410000000
0.0410000000
0.0410000000
0.0410000000
0.0410000000
0.0410000000
0.0410000000
0.0410000000
0.0410000000
0.0410000000
0.0410000000
0.0410000000
0.0410000000
0.0410000000
0.0410000000
0.0410000000
0.0410000000
0.0410000000
0.0410000000
0.0410000000
0.0410000000
0.0410000000
0.0410000000
0.0410000000
0.0410000000
0.0410000000
0.0410000000
0.0410000000
0.0410000000
0.0410000000
0.0410000000
0.0410000000
0.0410000000
0.0410000000
0.0410000000
0.0410000000
0.0410000000
0.0410000000
0.0410000000
0.0410000000
0.0410000000
0.0410000000
0.0410000000
0.0410000000
0.0410000000
0.0410000000
0.0410000000
0.0410000000
0.0410000000
0.0410000000
0.0410000000
0.0410000000
0.0410000000
0.0410000000
0.0410000000
0.0410000000
0.0410000000
0.0410000000
0.0410000000
0.0410000000
0.0410000000
0.0410000000
0.0410000000
0.0410000000
0.0410000000
0.0410000000
0.0410000000
0.0410000000
0.0410000000
0.0410000000
0.0410000000
0.0410000000
0.0410000000
0.0410000000
0.0410000000
0.0410000000
0.0410000000
0.0410000000
0.0410000000
0.0410000000
0.0410000000
0.0410000000
0.0410000000
0.0410000000
0.0410000000
0.0410000000
0.0410000000
0.0410000000
0.0410000000
0.0410000000
0.0410000000
0.0410000000
0.0410000000
0.0410000000
0.0410000000
0.0410000000
0.0410000000
0.0410000000
0.0410000000
0.0410000000
0.0410000000
0.0410000000
0.0410000000
0.0410000000
0.0410000000
0.0410000000
0.0410000000
0.0410000000
0.0410000000
0.0410000000
0.0410000000
0.0410000000
0.0410000000
0.0410000000
0.0410000000
0.0410000000
0.0410000000
0.0410000000
0.0410000000
0.0410000000
0.0410000000
0.0410000000
0.0410000000
0.0410000000
0.0410000000
0.0410000000
0.0410000000
0.0410000000
0.0410000000
0.0410000000
0.0410000000
0.0410000000
0.0410000000
0.0410000000
0.0410000000
0.0410000000
0.0410000000
0.0410000000
0.0410000000
0.0410000000
0.0410000000
0.0410000000
0.0410000000
0.0410000000
0.0410000000
0.0410000000
0.0410000000
0.0410000000
0.0410000000
0.0410000000
0.0410000000
0.0410000000
0.0410000000
0.0410000000
0.0410000000
0.0410000000
0.0410000000
0.0410000000
0.0410000000
0.0410000000
0.0410000000
0.0410000000
0.0410000000
0.0410000000
0.0410000000
0.0410000000
0.0410000000
0.0410000000
0.0410000000
0.0410000000
0.0410000000
0.0410000000
0.0410000000
0.0410000000
0.0410000000
0.0410000000
0.0410000000
0.0410000000
0.0410000000
0.0410000000
0.0410000000
0.0410000000
0.0410000000
0.0410000000
0.0410000000
0.0410000000
0.0410000000
0.0410000000
0.0410000000
0.0410000000
0.0410000000
0.0410000000
0.0410000000
0.0410000000
0.0410000000
0.0410000000
0.0410000000
0.0410000000
0.0410000000
0.0410000000
0.0410000000
0.0410000000
0.0410000000
0.0410000000
0.0410000000
0.0410000000
0.0410000000
0.0410000000
0.0410000000
0.0410000000
0.0410000000
0.0410000000
0.0410000000
0.0410000000
0.0410000000
0.0410000000
0.0410000000
0.0410000000
0.0410000000
0.0410000000
0.0410000000
0.0410000000
0.0410000000
0.0410000000
0.0410000000
0.0410000000
0.0410000000
0.0410000000
0.0410000000
0.0410000000
0.0410000000
0.0410000000
0.0410000000
0.0410000000
0.0410000000
0.0410000000
0.0410000000
0.0410000000
0.0410000000
0.0410000000
0.0410000000
0.0410000000
0.0410000000
0.0410000000
0.0410000000
0.0410000000
0.0410000000
0.0410000000
0.0410000000
0.0410000000
0.0410000000
0.0410000000
0.0410000000
0.0410000000
0.0410000000
0.0410000000
0.0410000000
0.0410000000
0.0410000000
0.0410000000
0.0410000000
0.0410000000
0.0410000000
0.0410000000
0.0410000000
0.0410000000
0.0410000000
0.0410000000
0.0410000000
0.0410000000
0.0410000000
0.0410000000
0.0410000000
0.0410000000
0.0410000000
0.0410000000
0.0410000000
0.0410000000
0.0410000000
0.0410000000
0.0410000000
0.0410000000
0.0410000000
0.0410000000
0.0410000000
0.0410000000
0.0410000000
0.0410000000
0.0410000000
0.0410000000
0.0410000000
0.0410000000
0.0410000000
0.0410000000
0.0410000000
0.0410000000
0.0410000000
0.0410000000
0.0410000000
0.0410000000
0.0410000000
0.0410000000
0.0410000000
0.0410000000
0.0410000000
0.0410000000
0.0410000000
0.0410000000
0.0410000000
0.0410000000
0.0410000000
0.0410000000
0.0410000000
0.0410000000
0.0410000000
0.0410000000
0.0410000000
0.0410000000
0.0410000000
0.0410000000
0.0410000000
0.0410000000
0.0410000000
0.0410000000
0.0410000000
0.0410000000
0.0410000000
0.0410000000
0.0410000000
0.0410000000
0.0410000000
0.0410000000
0.0410000000
0.0410000000
0.0410000000
0.0410000000
0.0410000000
0.0410000000
0.0410000000
0.0410000000
0.0410000000
0.0410000000
0.0410000000
0.0410000000
0.0410000000
0.0410000000
0.0410000000
0.0410000000
0.0410000000
0.0410000000
0.0410000000
0.0410000000
0.0410000000
0.0410000000
0.0410000000
0.0410000000
0.0410000000
0.0410000000
0.0410000000
0.0410000000
0.0410000000
0.0410000000
0.0410000000
0.0410000000
0.0410000000
0.0410000000
0.0410000000
0.0410000000
0.0410000000
0.0410000000
0.0410000000
0.0410000000
0.0410000000
0.0410000000
0.0410000000
0.0410000000
0.0410000000
0.0410000000
0.0410000000
0.0410000000
0.0410000000
0.0410000000
0.0410000000
0.0410000000
0.0410000000
0.0410000000
0.0410000000
0.0410000000
0.0410000000
0.0410000000
0.0410000000
0.0410000000
0.0410000000
0.0410000000
0.0410000000
0.0410000000
0.0410000000
0.0410000000
0.0410000000
0.0410000000
0.0410000000
0.0410000000
0.0410000000
0.0410000000
0.0410000000
0.0410000000
0.0410000000
0.0410000000
0.0410000000
0.0410000000
0.0410000000
0.0410000000
0.0410000000
0.0410000000
0.0410000000
0.0410000000
0.0410000000
0.0410000000
0.0410000000
0.0410000000
0.0410000000
0.0410000000
0.0410000000
0.0410000000
0.0410000000
0.0410000000
0.0410000000
0.0410000000
0.0410000000
0.0410000000
0.0410000000
0.0410000000
0.0410000000
0.0410000000
0.0410000000
0.0410000000
0.0410000000
0.0410000000
0.0410000000
0.0410000000
0.0410000000
0.0410000000
0.0410000000
0.0410000000
0.0410000000
0.0410000000
0.0410000000
0.0410000000
0.0410000000
0.0410000000
0.0410000000
0.0410000000
0.0410000000
0.0410000000
0.0410000000
0.0410000000
0.0410000000
0.0410000000
0.0410000000
0.0410000000
0.0410000000
0.0410000000
0.0410000000
0.0410000000
0.0410000000
0.0410000000
0.0410000000
0.0410000000
0.0410000000
0.0410000000
0.0410000000
0.0410000000
0.0410000000
0.0410000000
0.0410000000
0.0410000000
0.0410000000
0.0410000000
0.0410000000
0.0410000000
0.0410000000
0.0410000000
0.0410000000
0.0410000000
0.0410000000
0.0410000000
0.0410000000
0.0410000000
0.0410000000
0.0410000000
0.0410000000
0.0410000000
0.0410000000
0.0410000000
0.0410000000
0.0410000000
0.0410000000
0.0410000000
0.0410000000
0.0410000000
0.0410000000
0.0410000000
0.0410000000
0.0410000000
0.0410000000
0.0410000000
0.0410000000
0.0410000000
0.0410000000
0.0410000000
0.0410000000
0.0410000000
0.0410000000
0.0410000000
0.0410000000
0.0410000000
0.0410000000
0.0410000000
0.0410000000
0.0410000000
0.0410000000
0.0410000000
0.0410000000
0.0410000000
0.0410000000
0.0410000000
0.0410000000
0.0410000000
0.0410000000
0.0410000000
0.0410000000
0.0410000000
0.0410000000
0.0410000000
0.0410000000
0.0410000000
0.0410000000
0.0410000000
0.0410000000
0.0410000000
0.0410000000
0.0410000000
0.0410000000
0.0410000000
0.0410000000
0.0410000000
0.0410000000
0.0410000000
0.0410000000
0.0410000000
0.0410000000
0.0410000000
0.0410000000
0.0410000000
0.0410000000
0.0410000000
0.0410000000
0.0410000000
0.0410000000
0.0410000000
0.0410000000
0.0410000000
0.0410000000
0.0410000000
0.0410000000
0.0410000000
0.0410000000
0.0410000000
0.0410000000
0.0410000000
0.0410000000
0.0410000000
0.0410000000
0.0410000000
0.0410000000
0.0410000000
0.0410000000
0.0410000000
0.0410000000
0.0410000000
0.0410000000
0.0410000000
0.0410000000
0.0410000000
0.0410000000
0.0410000000
0.0410000000
0.0410000000
0.0410000000
0.0410000000
0.0410000000
0.0410000000
0.0410000000
0.0410000000
0.0410000000
0.0410000000
0.0410000000
0.0410000000
0.0410000000
0.0410000000
0.0410000000
0.0410000000
0.0410000000
0.0410000000
0.0410000000
0.0410000000
0.0410000000
0.0410000000
0.0410000000
0.0410000000
0.0410000000
0.0410000000
0.0410000000
0.0410000000
0.0410000000
0.0410000000
0.0410000000
0.0410000000
0.0410000000
0.0410000000
0.0410000000
0.0410000000
0.0410000000
0.0410000000
0.0410000000
0.0410000000
0.0410000000
0.0410000000
0.0410000000
0.0410000000
0.0410000000
0.0410000000
0.0410000000
0.0410000000
0.0410000000
0.0410000000
0.0410000000
0.0410000000
0.0410000000
0.0410000000
0.0410000000
0.0410000000
0.0410000000
0.0410000000
0.0410000000
0.0410000000
0.0410000000
0.0410000000
0.0410000000
0.0410000000
0.0410000000
0.0410000000
0.0410000000
0.0410000000
0.0410000000
0.0410000000
0.0410000000
0.0410000000
0.0410000000
0.0410000000
0.0410000000
0.0410000000
0.0410000000
0.0410000000
0.0410000000
0.0410000000
0.0410000000
0.0410000000
0.0410000000
0.0410000000
0.0410000000
0.0410000000
0.0410000000
0.0410000000
0.0410000000
0.0410000000
0.0410000000
0.0410000000
0.0410000000
0.0410000000
0.0410000000
0.0410000000
0.0410000000
0.0410000000
0.0410000000
0.0410000000
0.0410000000
0.0410000000
0.0410000000
0.0410000000
0.0410000000
0.0410000000
0.0410000000
0.0410000000
0.0410000000
0.0410000000
0.0410000000
0.0410000000
0.0410000000
0.0410000000
0.0410000000
0.0410000000
0.0410000000
0.0410000000
0.0410000000
0.0410000000
0.0410000000
0.0410000000
0.0410000000
0.0410000000
0.0410000000
0.0410000000
0.0410000000
0.0410000000
0.0410000000
0.0410000000
0.0410000000
0.0410000000
0.0410000000
0.0410000000
0.0410000000
0.0410000000
0.0410000000
0.0410000000
0.0410000000
0.0410000000
0.0410000000
0.0410000000
0.0410000000
0.0410000000
0.0410000000
0.0410000000
0.0410000000
0.0410000000
0.0410000000
0.0410000000
0.0410000000
0.0410000000
0.0410000000
0.0410000000
0.0410000000
0.0410000000
0.0410000000
0.0410000000
0.0410000000
0.0410000000
0.0410000000
0.0410000000
0.0410000000
0.0410000000
0.0410000000
0.0410000000
0.0410000000
0.0410000000
0.0410000000
0.0410000000
0.0410000000
0.0410000000
0.0410000000
0.0410000000
0.0410000000
0.0410000000
0.0410000000
0.0410000000
0.0410000000
0.0410000000
0.0410000000
0.0410000000
0.0410000000
0.0410000000
0.0410000000
0.0410000000
0.0410000000
0.0410000000
0.0410000000
0.0410000000
0.0410000000
0.0410000000
0.0410000000
0.0410000000
0.0410000000
0.0410000000
0.0410000000
0.0410000000
0.0410000000
0.0410000000
0.0410000000
0.0410000000
0.0410000000
0.0410000000
0.0410000000
0.0410000000
0.0410000000
0.0410000000
0.0410000000
0.0410000000
0.0410000000
0.0410000000
0.0410000000
0.0410000000
0.0410000000
0.0410000000
0.0410000000
0.0410000000
0.0410000000
0.0410000000
0.0410000000
0.0410000000
0.0410000000
0.0410000000
0.0410000000
0.0410000000
0.0410000000
0.0410000000
0.0410000000
0.0410000000
0.0410000000
0.0410000000
0.0410000000
0.0410000000
0.0410000000
0.0410000000
0.0410000000
0.0410000000
0.0410000000
0.0410000000
0.0410000000
0.0410000000
0.0410000000
0.0410000000
0.0410000000
0.0410000000
0.0410000000
0.0410000000
0.0410000000
0.0410000000
0.0410000000
0.0410000000
0.0410000000
0.0410000000
0.0410000000
0.0410000000
0.0410000000
0.0410000000
0.0410000000
0.0410000000
0.0410000000
0.0410000000
0.0410000000
0.0410000000
0.0410000000
0.0410000000
0.0410000000
0.0410000000
0.0410000000
0.0410000000
0.0410000000
0.0410000000
0.0410000000
0.0410000000
0.0410000000
0.0410000000
0.0410000000
0.0410000000
0.0410000000
0.0410000000
0.0410000000
0.0410000000
0.0410000000
0.0410000000
0.0410000000
0.0410000000
0.0410000000
0.0410000000
0.0410000000
0.0410000000
0.0410000000
0.0410000000
0.0410000000
0.0410000000
0.0410000000
0.0410000000
0.0410000000
0.0410000000
0.0410000000
0.0410000000
0.0410000000
0.0410000000
0.0410000000
0.0410000000
0.0410000000
0.0410000000
0.0410000000
0.0410000000
0.0410000000
0.0410000000
0.0410000000
0.0410000000
0.0410000000
0.0410000000
0.0410000000
0.0410000000
0.0410000000
0.0410000000
0.0410000000
0.0410000000
0.0410000000
0.0410000000
0.0410000000
0.0410000000
0.0410000000
0.0410000000
0.0410000000
0.0410000000
0.0410000000
0.0410000000
0.0410000000
0.0410000000
0.0410000000
0.0410000000
0.0410000000
0.0410000000
0.0410000000
0.0410000000
0.0410000000
0.0410000000
0.0410000000
0.0410000000
0.0410000000
0.0410000000
0.0410000000
0.0410000000
0.0410000000
0.0410000000
0.0410000000
0.0410000000
0.0410000000
0.0410000000
0.0410000000
0.0410000000
0.0410000000
0.0410000000
0.0410000000
0.0410000000
0.0410000000
0.0410000000
0.0410000000
0.0410000000
0.0410000000
0.0410000000
0.0410000000
0.0410000000
0.0410000000
0.0410000000
0.0410000000
0.0410000000
0.0410000000
0.0410000000
0.0410000000
0.0410000000
0.0410000000
0.0410000000
0.0410000000
0.0410000000
0.0410000000
0.0410000000
0.0410000000
0.0410000000
0.0410000000
0.0410000000
0.0410000000
0.0410000000
0.0410000000
0.0410000000
0.0410000000
0.0410000000
0.0410000000
0.0410000000
0.0410000000
0.0410000000
0.0410000000
0.0410000000
0.0410000000
0.0410000000
0.0410000000
0.0410000000
0.0410000000
0.0410000000
0.0410000000
0.0410000000
0.0410000000
0.0410000000
0.0410000000
0.0410000000
0.0410000000
0.0410000000
0.0410000000
0.0410000000
0.0410000000
0.0410000000
0.0410000000
0.0410000000
0.0410000000
0.0410000000
0.0410000000
0.0410000000
0.0410000000
0.0410000000
0.0410000000
0.0410000000
0.0410000000
0.0410000000
0.0410000000
0.0410000000
0.0410000000
0.0410000000
0.0410000000
0.0410000000
0.0410000000
0.0410000000
0.0410000000
0.0410000000
0.0410000000
0.0410000000
0.0410000000
0.0410000000
0.0410000000
0.0410000000
0.0410000000
0.0410000000
0.0410000000
0.0410000000
0.0410000000
0.0410000000
0.0410000000
0.0410000000
0.0410000000
0.0410000000
0.0410000000
0.0410000000
0.0410000000
0.0410000000
0.0410000000
0.0410000000
0.0410000000
0.0410000000
0.0410000000
0.0410000000
0.0410000000
0.0410000000
0.0410000000
0.0410000000
0.0410000000
0.0410000000
0.0410000000
0.0410000000
0.0410000000
0.0410000000
0.0410000000
0.0410000000
0.0410000000
0.0410000000
0.0410000000
0.0410000000
0.0410000000
0.0410000000
0.0410000000
0.0410000000
0.0410000000
0.0410000000
0.0410000000
0.0410000000
0.0410000000
0.0410000000
0.0410000000
0.0410000000
0.0410000000
0.0410000000
0.0410000000
0.0410000000
0.0410000000
0.0410000000
0.0410000000
0.0410000000
0.0410000000
0.0410000000
0.0410000000
0.0410000000
0.0410000000
0.0410000000
0.0410000000
0.0410000000
0.0410000000
0.0410000000
0.0410000000
0.0410000000
0.0410000000
0.0410000000
0.0410000000
0.0410000000
0.0410000000
0.0410000000
0.0410000000
0.0410000000
0.0410000000
0.0410000000
0.0410000000
0.0410000000
0.0410000000
0.0410000000
0.0410000000
0.0410000000
0.0410000000
0.0410000000
0.0410000000
0.0410000000
0.0410000000
0.0410000000
0.0410000000
0.0410000000
0.0410000000
0.0410000000
0.0410000000
0.0410000000
0.0410000000
0.0410000000
0.0410000000
0.0410000000
0.0410000000
0.0410000000
0.0410000000
0.0410000000
0.0410000000
0.0410000000
0.0410000000
0.0410000000
0.0410000000
0.0410000000
0.0410000000
0.0410000000
0.0410000000
0.0410000000
0.0410000000
0.0410000000
0.0410000000
0.0410000000
0.0410000000
0.0410000000
0.0410000000
0.0410000000
0.0410000000
0.0410000000
0.0410000000
0.0410000000
0.0410000000
0.0410000000
0.0410000000
0.0410000000
0.0410000000
0.0410000000
0.0410000000
0.0410000000
0.0410000000
0.0410000000
0.0410000000
0.0410000000
0.0410000000
0.0410000000
0.0410000000
0.0410000000
0.0410000000
0.0410000000
0.0410000000
0.0410000000
0.0410000000
0.0410000000
0.0410000000
0.0410000000
0.0410000000
0.0410000000
0.0410000000
0.0410000000
0.0410000000
0.0410000000
0.0410000000
0.0410000000
0.0410000000
0.0410000000
0.0410000000
0.0410000000
0.0410000000
0.0410000000
0.0410000000
0.0410000000
0.0410000000
0.0410000000
0.0410000000
0.0410000000
0.0410000000
0.0410000000
0.0410000000
0.0410000000
0.0410000000
0.0410000000
0.0410000000
0.0410000000
0.0410000000
0.0410000000
0.0410000000
0.0410000000
0.0410000000
0.0410000000
0.0410000000
0.0410000000
0.0410000000
0.0410000000
0.0410000000
0.0410000000
0.0410000000
0.0410000000
0.0410000000
0.0410000000
0.0410000000
0.0410000000
0.0410000000
0.0410000000
0.0410000000
0.0410000000
0.0410000000
0.0410000000
0.0410000000
0.0410000000
0.0410000000
0.0410000000
0.0410000000
0.0410000000
0.0410000000
0.0410000000
0.0410000000
0.0410000000
0.0410000000
0.0410000000
0.0410000000
0.0410000000
0.0410000000
0.0410000000
0.0410000000
0.0410000000
0.0410000000
0.0410000000
0.0410000000
0.0410000000
0.0410000000
0.0410000000
0.0410000000
0.0410000000
0.0410000000
0.0410000000
0.0410000000
0.0410000000
0.0410000000
0.0410000000
0.0410000000
0.0410000000
0.0410000000
0.0410000000
0.0410000000
0.0410000000
0.0410000000
0.0410000000
0.0410000000
0.0410000000
0.0410000000
0.0410000000
0.0410000000
0.0410000000
0.0410000000
0.0410000000
0.0410000000
0.0410000000
0.0410000000
0.0410000000
0.0410000000
0.0410000000
0.0410000000
0.0410000000
0.0410000000
0.0410000000
0.0410000000
0.0410000000
0.0410000000
0.0410000000
0.0410000000
0.0410000000
0.0410000000
0.0410000000
0.0410000000
0.0410000000
0.0410000000
0.0410000000
0.0410000000
0.0410000000
0.0410000000
0.0410000000
0.0410000000
0.0410000000
0.0410000000
0.0410000000
0.0410000000
0.0410000000
0.0410000000
0.0410000000
0.0410000000
0.0410000000
0.0410000000
0.0410000000
0.0410000000
0.0410000000
0.0410000000
0.0410000000
0.0410000000
0.0410000000
0.0410000000
0.0410000000
0.0410000000
0.0410000000
0.0410000000
0.0410000000
0.0410000000
0.0410000000
0.0410000000
0.0410000000
0.0410000000
0.0410000000
0.0410000000
0.0410000000
0.0410000000
0.0410000000
0.0410000000
0.0410000000
0.0410000000
0.0410000000
0.0410000000
0.0410000000
0.0410000000
0.0410000000
0.0410000000
0.0410000000
0.0410000000
0.0410000000
0.0410000000
0.0410000000
0.0410000000
0.0410000000
0.0410000000
0.0410000000
0.0410000000
0.0410000000
0.0410000000
0.0410000000
0.0410000000
0.0410000000
0.0410000000
0.0410000000
0.0410000000
0.0410000000
0.0410000000
0.0410000000
0.0410000000
0.0410000000
0.0410000000
0.0410000000
0.0410000000
0.0410000000
0.0410000000
0.0410000000
0.0410000000
0.0410000000
0.0410000000
0.0410000000
0.0410000000
0.0410000000
0.0410000000
0.0410000000
0.0410000000
0.0410000000
0.0410000000
0.0410000000
0.0410000000
0.0410000000
0.0410000000
0.0410000000
0.0410000000
0.0410000000
0.0410000000
0.0410000000
0.0410000000
0.0410000000
0.0410000000
0.0410000000
0.0410000000
0.0410000000
0.0410000000
0.0410000000
0.0410000000
0.0410000000
0.0410000000
0.0410000000
0.0410000000
0.0410000000
0.0410000000
0.0410000000
0.0410000000
0.0410000000
0.0410000000
0.0410000000
0.0410000000
0.0410000000
0.0410000000
0.0410000000
0.0410000000
0.0410000000
0.0410000000
0.0410000000
0.0410000000
0.0410000000
0.0410000000
0.0410000000
0.0410000000
0.0410000000
0.0410000000
0.0410000000
0.0410000000
0.0410000000
0.0410000000
0.0410000000
0.0410000000
0.0410000000
0.0410000000
0.0410000000
0.0410000000
0.0410000000
0.0410000000
0.0410000000
0.0410000000
0.0410000000
0.0410000000
0.0410000000
0.0410000000
0.0410000000
0.0410000000
0.0410000000
0.0410000000
0.0410000000
0.0410000000
0.0410000000
0.0410000000
0.0410000000
0.0410000000
0.0410000000
0.0410000000
0.0410000000
0.0410000000
0.0410000000
0.0410000000
0.0410000000
0.0410000000
0.0410000000
0.0410000000
0.0410000000
0.0410000000
0.0410000000
0.0410000000
0.0410000000
0.0410000000
0.0410000000
0.0410000000
0.0410000000
0.0410000000
0.0410000000
0.0410000000
0.0410000000
0.0410000000
0.0410000000
0.0410000000
0.0410000000
0.0410000000
0.0410000000
0.0410000000
0.0410000000
0.0410000000
0.0410000000
0.0410000000
0.0410000000
0.0410000000
0.0410000000
0.0410000000
0.0410000000
0.0410000000
0.0410000000
0.0410000000
0.0410000000
0.0410000000
0.0410000000
0.0410000000
0.0410000000
0.0410000000
0.0410000000
0.0410000000
0.0410000000
0.0410000000
0.0410000000
0.0410000000
0.0410000000
0.0410000000
0.0410000000
0.0410000000
0.0410000000
0.0410000000
0.0410000000
0.0410000000
0.0410000000
0.0410000000
0.0410000000
0.0410000000
0.0410000000
0.0410000000
0.0410000000
0.0410000000
0.0410000000
0.0410000000
0.0410000000
0.0410000000
0.0410000000
0.0410000000
0.0410000000
0.0410000000
0.0410000000
0.0410000000
0.0410000000
0.0410000000
0.0410000000
0.0410000000
0.0410000000
0.0410000000
0.0410000000
0.0410000000
0.0410000000
0.0410000000
0.0410000000
0.0410000000
0.0410000000
0.0410000000
0.0410000000
0.0410000000
0.0410000000
0.0410000000
0.0410000000
0.0410000000
0.0410000000
0.0410000000
0.0410000000
0.0410000000
0.0410000000
0.0410000000
0.0410000000
0.0410000000
0.0410000000
0.0410000000
0.0410000000
0.0410000000
0.0410000000
0.0410000000
0.0410000000
0.0410000000
0.0410000000
0.0410000000
0.0410000000
0.0410000000
0.0410000000
0.0410000000
0.0410000000
0.0410000000
0.0410000000
0.0410000000
0.0410000000
0.0410000000
0.0410000000
0.0410000000
0.0410000000
0.0410000000
0.0410000000
0.0410000000
0.0410000000
0.0410000000
0.0410000000
0.0410000000
0.0410000000
0.0410000000
0.0410000000
0.0410000000
0.0410000000
0.0410000000
0.0410000000
0.0410000000
0.0410000000
0.0410000000
0.0410000000
0.0410000000
0.0410000000
0.0410000000
0.0410000000
0.0410000000
0.0410000000
0.0410000000
0.0410000000
0.0410000000
0.0410000000
0.0410000000
0.0410000000
0.0410000000
0.0410000000
0.0410000000
0.0410000000
0.0410000000
0.0410000000
0.0410000000
0.0410000000
0.0410000000
0.0410000000
0.0410000000
0.0410000000
0.0410000000
0.0410000000
0.0410000000
0.0410000000
0.0410000000
0.0410000000
0.0410000000
0.0410000000
0.0410000000
0.0410000000
0.0410000000
0.0410000000
0.0410000000
0.0410000000
0.0410000000
0.0410000000
0.0410000000
0.0410000000
0.0410000000
0.0410000000
0.0410000000
0.0410000000
0.0410000000
0.0410000000
0.0410000000
0.0410000000
0.0410000000
0.0410000000
0.0410000000
0.0410000000
0.0410000000
0.0410000000
0.0410000000
0.0410000000
0.0410000000
0.0410000000
0.0410000000
0.0410000000
0.0410000000
0.0410000000
0.0410000000
0.0410000000
0.0410000000
0.0410000000
0.0410000000
0.0410000000
0.0410000000
0.0410000000
0.0410000000
0.0410000000
0.0410000000
0.0410000000
0.0410000000
0.0410000000
0.0410000000
0.0410000000
0.0410000000
0.0410000000
0.0410000000
0.0410000000
0.0410000000
0.0410000000
0.0410000000
0.0410000000
0.0410000000
0.0410000000
0.0410000000
0.0410000000
0.0410000000
0.0410000000
0.0410000000
0.0410000000
0.0410000000
0.0410000000
0.0410000000
0.0410000000
0.0410000000
0.0410000000
0.0410000000
0.0410000000
0.0410000000
0.0410000000
0.0410000000
0.0410000000
0.0410000000
0.0410000000
0.0410000000
0.0410000000
0.0410000000
0.0410000000
0.0410000000
0.0410000000
0.0410000000
0.0410000000
0.0410000000
0.0410000000
0.0410000000
0.0410000000
0.0410000000
0.0410000000
0.0410000000
0.0410000000
0.0410000000
0.0410000000
0.0410000000
0.0410000000
0.0410000000
0.0410000000
0.0410000000
0.0410000000
0.0410000000
0.0410000000
0.0410000000
0.0410000000
0.0410000000
0.0410000000
0.0410000000
0.0410000000
0.0410000000
0.0410000000
0.0410000000
0.0410000000
0.0410000000
0.0410000000
0.0410000000
0.0410000000
0.0410000000
0.0410000000
0.0410000000
0.0410000000
0.0410000000
0.0410000000
0.0410000000
0.0410000000
0.0410000000
0.0410000000
0.0410000000
0.0410000000
0.0410000000
0.0410000000
0.0410000000
0.0410000000
0.0410000000
0.0410000000
0.0410000000
0.0410000000
0.0410000000
0.0410000000
0.0410000000
0.0410000000
0.0410000000
0.0410000000
0.0410000000
0.0410000000
0.0410000000
0.0410000000
0.0410000000
0.0410000000
0.0410000000
0.0410000000
0.0410000000
0.0410000000
0.0410000000
0.0410000000
0.0410000000
0.0410000000
0.0410000000
0.0410000000
0.0410000000
0.0410000000
0.0410000000
0.0410000000
0.0410000000
0.0410000000
0.0410000000
0.0410000000
0.0410000000
0.0410000000
0.0410000000
0.0410000000
0.0410000000
0.0410000000
0.0410000000
0.0410000000
0.0410000000
0.0410000000
0.0410000000
0.0410000000
0.0410000000
0.0410000000
0.0410000000
0.0410000000
0.0410000000
0.0410000000
0.0410000000
0.0410000000
0.0410000000
0.0410000000
0.0410000000
0.0410000000
0.0410000000
0.0410000000
0.0410000000
0.0410000000
0.0410000000
0.0410000000
0.0410000000
0.0410000000
0.0410000000
0.0410000000
0.0410000000
0.0410000000
0.0410000000
0.0410000000
0.0410000000
0.0410000000
0.0410000000
0.0410000000
0.0410000000
0.0410000000
0.0410000000
0.0410000000
0.0410000000
0.0410000000
0.0410000000
0.0410000000
0.0410000000
0.0410000000
0.0410000000
0.0410000000
0.0410000000
0.0410000000
0.0410000000
0.0410000000
0.0410000000
0.0410000000
0.0410000000
0.0410000000
0.0410000000
0.0410000000
0.0410000000
0.0410000000
0.0410000000
0.0410000000
0.0410000000
0.0410000000
0.0410000000
0.0410000000
0.0410000000
0.0410000000
0.0410000000
0.0410000000
0.0410000000
0.0410000000
0.0410000000
0.0410000000
0.0410000000
0.0410000000
0.0410000000
0.0410000000
0.0410000000
0.0410000000
0.0410000000
0.0410000000
0.0410000000
0.0410000000
0.0410000000
0.0410000000
0.0410000000
0.0410000000
0.0410000000
0.0410000000
0.0410000000
0.0410000000
0.0410000000
0.0410000000
0.0410000000
0.0410000000
0.0410000000
0.0410000000
0.0410000000
0.0410000000
0.0410000000
0.0410000000
0.0410000000
0.0410000000
0.0410000000
0.0410000000
0.0410000000
0.0410000000
0.0410000000
0.0410000000
0.0410000000
0.0410000000
0.0410000000
0.0410000000
0.0410000000
0.0410000000
0.0410000000
0.0410000000
0.0410000000
0.0410000000
0.0410000000
0.0410000000
0.0410000000
0.0410000000
0.0410000000
0.0410000000
0.0410000000
0.0410000000
0.0410000000
0.0410000000
0.0410000000
0.0410000000
0.0410000000
0.0410000000
0.0410000000
0.0410000000
0.0410000000
0.0410000000
0.0410000000
0.0410000000
0.0410000000
0.0410000000
0.0410000000
0.0410000000
0.0410000000
0.0410000000
0.0410000000
0.0410000000
0.0410000000
0.0410000000
0.0410000000
0.0410000000
0.0410000000
0.0410000000
0.0410000000
0.0410000000
0.0410000000
0.0410000000
0.0410000000
0.0410000000
0.0410000000
0.0410000000
0.0410000000
0.0410000000
0.0410000000
0.0410000000
0.0410000000
0.0410000000
0.0410000000
0.0410000000
0.0410000000
0.0410000000
0.0410000000
0.0410000000
0.0410000000
0.0410000000
0.0410000000
0.0410000000
0.0410000000
0.0410000000
0.0410000000
0.0410000000
0.0410000000
0.0410000000
0.0410000000
0.0410000000
0.0410000000
0.0410000000
0.0410000000
0.0410000000
0.0410000000
0.0410000000
0.0410000000
0.0410000000
0.0410000000
0.0410000000
0.0410000000
0.0410000000
0.0410000000
0.0410000000
0.0410000000
0.0410000000
0.0410000000
0.0410000000
0.0410000000
0.0410000000
0.0410000000
0.0410000000
0.0410000000
0.0410000000
0.0410000000
0.0410000000
0.0410000000
0.0410000000
0.0410000000
0.0410000000
0.0410000000
0.0410000000
0.0410000000
0.0410000000
0.0410000000
0.0410000000
0.0410000000
0.0410000000
0.0410000000
0.0410000000
0.0410000000
0.0410000000
0.0410000000
0.0410000000
0.0410000000
0.0410000000
0.0410000000
0.0410000000
0.0410000000
0.0410000000
0.0410000000
0.0410000000
0.0410000000
0.0410000000
0.0410000000
0.0410000000
0.0410000000
0.0410000000
0.0410000000
0.0410000000
0.0410000000
0.0410000000
0.0410000000
0.0410000000
0.0410000000
0.0410000000
0.0410000000
0.0410000000
0.0410000000
0.0410000000
0.0410000000
0.0410000000
0.0410000000
0.0410000000
0.0410000000
0.0410000000
0.0410000000
0.0410000000
0.0410000000
0.0410000000
0.0410000000
0.0410000000
0.0410000000
0.0410000000
0.0410000000
0.0410000000
0.0410000000
0.0410000000
0.0410000000
0.0410000000
0.0410000000
0.0410000000
0.0410000000
0.0410000000
0.0410000000
0.0410000000
0.0410000000
0.0410000000
0.0410000000
0.0410000000
0.0410000000
0.0410000000
0.0410000000
0.0410000000
0.0410000000
0.0410000000
0.0410000000
0.0410000000
0.0410000000
0.0410000000
0.0410000000
0.0410000000
0.0410000000
0.0410000000
0.0410000000
0.0410000000
0.0410000000
0.0410000000
0.0410000000
0.0410000000
0.0410000000
0.0410000000
0.0410000000
0.0410000000
0.0410000000
0.0410000000
0.0410000000
0.0410000000
0.0410000000
0.0410000000
0.0410000000
0.0410000000
0.0410000000
0.0410000000
0.0410000000
0.0410000000
0.0410000000
0.0410000000
0.0410000000
0.0410000000
0.0410000000
0.0410000000
0.0410000000
0.0410000000
0.0410000000
0.0410000000
0.0410000000
0.0410000000
0.0410000000
0.0410000000
0.0410000000
0.0410000000
0.0410000000
0.0410000000
0.0410000000
0.0410000000
0.0410000000
0.0410000000
0.0410000000
0.0410000000
0.0410000000
0.0410000000
0.0410000000
0.0410000000
0.0410000000
0.0410000000
0.0410000000
0.0410000000
0.0410000000
0.0410000000
0.0410000000
0.0410000000
0.0410000000
0.0410000000
0.0410000000
0.0410000000
0.0410000000
0.0410000000
0.0410000000
0.0410000000
0.0410000000
0.0410000000
0.0410000000
0.0410000000
0.0410000000
0.0410000000
0.0410000000
0.0410000000
0.0410000000
0.0410000000
0.0410000000
0.0410000000
0.0410000000
0.0410000000
0.0410000000
0.0410000000
0.0410000000
0.0410000000
0.0410000000
0.0410000000
0.0410000000
0.0410000000
0.0410000000
0.0410000000
0.0410000000
0.0410000000
0.0410000000
0.0410000000
0.0410000000
0.0410000000
0.0410000000
0.0410000000
0.0410000000
0.0410000000
0.0410000000
0.0410000000
0.0410000000
0.0410000000
0.0410000000
0.0410000000
0.0410000000
0.0410000000
0.0410000000
0.0410000000
0.0410000000
0.0410000000
0.0410000000
0.0410000000
0.0410000000
0.0410000000
0.0410000000
0.0410000000
0.0410000000
0.0410000000
0.0410000000
0.0410000000
0.0410000000
0.0410000000
0.0410000000
0.0410000000
0.0410000000
0.0410000000
0.0410000000
0.0410000000
0.0410000000
0.0410000000
0.0410000000
0.0410000000
0.0410000000
0.0410000000
0.0410000000
0.0410000000
0.0410000000
0.0410000000
0.0410000000
0.0410000000
0.0410000000
0.0410000000
0.0410000000
0.0410000000
0.0410000000
0.0410000000
0.0410000000
0.0410000000
0.0410000000
0.0410000000
0.0410000000
0.0410000000
0.0410000000
0.0410000000
0.0410000000
0.0410000000
0.0410000000
0.0410000000
0.0410000000
0.0410000000
0.0410000000
0.0410000000
0.0410000000
0.0410000000
0.0410000000
0.0410000000
0.0410000000
0.0410000000
0.0410000000
0.0410000000
0.0410000000
0.0410000000
0.0410000000
0.0410000000
0.0410000000
0.0410000000
0.0410000000
0.0410000000
0.0410000000
0.0410000000
0.0410000000
0.0410000000
0.0410000000
0.0410000000
0.0410000000
0.0410000000
0.0410000000
0.0410000000
0.0410000000
0.0410000000
0.0410000000
0.0410000000
0.0410000000
0.0410000000
0.0410000000
0.0410000000
0.0410000000
0.0410000000
0.0410000000
0.0410000000
0.0410000000
0.0410000000
0.0410000000
0.0410000000
0.0410000000
0.0410000000
0.0410000000
0.0410000000
0.0410000000
0.0410000000
0.0410000000
0.0410000000
0.0410000000
0.0410000000
0.0410000000
0.0410000000
0.0410000000
0.0410000000
0.0410000000
0.0410000000
0.0410000000
0.0410000000
0.0410000000
0.0410000000
0.0410000000
0.0410000000
0.0410000000
0.0410000000
0.0410000000
0.0410000000
0.0410000000
0.0410000000
0.0410000000
0.0410000000
0.0410000000
0.0410000000
0.0410000000
0.0410000000
0.0410000000
0.0410000000
0.0410000000
0.0410000000
0.0410000000
0.0410000000
0.0410000000
0.0410000000
0.0410000000
0.0410000000
0.0410000000
0.0410000000
0.0410000000
0.0410000000
0.0410000000
0.0410000000
0.0410000000
0.0410000000
0.0410000000
0.0410000000
0.0410000000
0.0410000000
0.0410000000
0.0410000000
0.0410000000
0.0410000000
0.0410000000
0.0410000000
0.0410000000
0.0410000000
0.0410000000
0.0410000000
0.0410000000
0.0410000000
0.0410000000
0.0410000000
0.0410000000
0.0410000000
0.0410000000
0.0410000000
0.0410000000
0.0410000000
0.0410000000
0.0410000000
0.0410000000
0.0410000000
0.0410000000
0.0410000000
0.0410000000
0.0410000000
0.0410000000
0.0410000000
0.0410000000
0.0410000000
0.0410000000
0.0410000000
0.0410000000
0.0410000000
0.0410000000
0.0410000000
0.0410000000
0.0410000000
0.0410000000
0.0410000000
0.0410000000
0.0410000000
0.0410000000
0.0410000000
0.0410000000
0.0410000000
0.0410000000
0.0410000000
0.0410000000
0.0410000000
0.0410000000
0.0410000000
0.0410000000
0.0410000000
0.0410000000
0.0410000000
0.0410000000
0.0410000000
0.0410000000
0.0410000000
0.0410000000
0.0410000000
0.0410000000
0.0410000000
0.0410000000
0.0410000000
0.0410000000
0.0410000000
0.0410000000
0.0410000000
0.0410000000
0.0410000000
0.0410000000
0.0410000000
0.0410000000
0.0410000000
0.0410000000
0.0410000000
0.0410000000
0.0410000000
0.0410000000
0.0410000000
0.0410000000
0.0410000000
0.0410000000
0.0410000000
0.0410000000
0.0410000000
0.0410000000
0.0410000000
0.0410000000
0.0410000000
0.0410000000
0.0410000000
0.0410000000
0.0410000000
0.0410000000
0.0410000000
0.0410000000
0.0410000000
0.0410000000
0.0410000000
0.0410000000
0.0410000000
0.0410000000
0.0410000000
0.0410000000
0.0410000000
0.0410000000
0.0410000000
0.0410000000
0.0410000000
0.0410000000
0.0410000000
0.0410000000
0.0410000000
0.0410000000
0.0410000000
0.0410000000
0.0410000000
0.0410000000
0.0410000000
0.0410000000
0.0410000000
0.0410000000
0.0410000000
0.0410000000
0.0410000000
0.0410000000
0.0410000000
0.0410000000
0.0410000000
0.0410000000
0.0410000000
0.0410000000
0.0410000000
0.0410000000
0.0410000000
0.0410000000
0.0410000000
0.0410000000
0.0410000000
0.0410000000
0.0410000000
0.0410000000
0.0410000000
0.0410000000
0.0410000000
0.0410000000
0.0410000000
0.0410000000
0.0410000000
0.0410000000
0.0410000000
0.0410000000
0.0410000000
0.0410000000
0.0410000000
0.0410000000
0.0410000000
0.0410000000
0.0410000000
0.0410000000
0.0410000000
0.0410000000
0.0410000000
0.0410000000
0.0410000000
0.0410000000
0.0410000000
0.0410000000
0.0410000000
0.0410000000
0.0410000000
0.0410000000
0.0410000000
0.0410000000
0.0410000000
0.0410000000
0.0410000000
0.0410000000
0.0410000000
0.0410000000
0.0410000000
0.0410000000
0.0410000000
0.0410000000
0.0410000000
0.0410000000
0.0410000000
0.0410000000
0.0410000000
0.0410000000
0.0410000000
0.0410000000
0.0410000000
0.0410000000
0.0410000000
0.0410000000
0.0410000000
0.0410000000
0.0410000000
0.0410000000
0.0410000000
0.0410000000
0.0410000000
0.0410000000
0.0410000000
0.0410000000
0.0410000000
0.0410000000
0.0410000000
0.0410000000
0.0410000000
0.0410000000
0.0410000000
0.0410000000
0.0410000000
0.0410000000
0.0410000000
0.0410000000
0.0410000000
0.0410000000
0.0410000000
0.0410000000
0.0410000000
0.0410000000
0.0410000000
0.0410000000
0.0410000000
0.0410000000
0.0410000000
0.0410000000
0.0410000000
0.0410000000
0.0410000000
0.0410000000
0.0410000000
0.0410000000
0.0410000000
0.0410000000
0.0410000000
0.0410000000
0.0410000000
0.0410000000
0.0410000000
0.0410000000
0.0410000000
0.0410000000
0.0410000000
0.0410000000
0.0410000000
0.0410000000
0.0410000000
0.0410000000
0.0410000000
0.0410000000
0.0410000000
0.0410000000
0.0410000000
0.0410000000
0.0410000000
0.0410000000
0.0410000000
0.0410000000
0.0410000000
0.0410000000
0.0410000000
0.0410000000
0.0410000000
0.0410000000
0.0410000000
0.0410000000
0.0410000000
0.0410000000
0.0410000000
0.0410000000
0.0410000000
0.0410000000
0.0410000000
0.0410000000
0.0410000000
0.0410000000
0.0410000000
0.0410000000
0.0410000000
0.0410000000
0.0410000000
0.0410000000
0.0410000000
0.0410000000
0.0410000000
0.0410000000
0.0410000000
0.0410000000
0.0410000000
0.0410000000
0.0410000000
0.0410000000
0.0410000000
0.0410000000
0.0410000000
0.0410000000
0.0410000000
0.0410000000
0.0410000000
0.0410000000
0.0410000000
0.0410000000
0.0410000000
0.0410000000
0.0410000000
0.0410000000
0.0410000000
0.0410000000
0.0410000000
0.0410000000
0.0410000000
0.0410000000
0.0410000000
0.0410000000
0.0410000000
0.0410000000
0.0410000000
0.0410000000
0.0410000000
0.0410000000
0.0410000000
0.0410000000
0.0410000000
0.0410000000
0.0410000000
0.0410000000
0.0410000000
0.0410000000
0.0410000000
0.0410000000
0.0410000000
0.0410000000
0.0410000000
0.0410000000
0.0410000000
0.0410000000
0.0410000000
0.0410000000
0.0410000000
0.0410000000
0.0410000000
0.0410000000
0.0410000000
0.0410000000
0.0410000000
0.0410000000
0.0410000000
0.0410000000
0.0410000000
0.0410000000
0.0410000000
0.0410000000
0.0410000000
0.0410000000
0.0410000000
0.0410000000
0.0410000000
0.0410000000
0.0410000000
0.0410000000
0.0410000000
0.0410000000
0.0410000000
0.0410000000
0.0410000000
0.0410000000
0.0410000000
0.0410000000
0.0410000000
0.0410000000
0.0410000000
0.0410000000
0.0410000000
0.0410000000
0.0410000000
0.0410000000
0.0410000000
0.0410000000
0.0410000000
0.0410000000
0.0410000000
0.0410000000
0.0410000000
0.0410000000
0.0410000000
0.0410000000
0.0410000000
0.0410000000
0.0410000000
