0.0905536876
0.0905536876
0.0889153109
0.0837620078
0.0837620078
0.0834557914
0.0834557914
0.0834557914
0.0834557914
0.0828670381
0.0828670381
0.0824916714
0.0824916714
0.0818150033
0.0818150033
0.0789631771
0.0789631771
0.0789631771
0.0789631771
0.0789631771
0.0787112245
0.0787112245
0.0770519676
0.0770519676
0.0769807707
0.0769807707
0.0769807707
0.0769807707
0.0768421761
0.0768421761
0.0768421761
0.0768421761
0.0768421761
0.0768421761
0.0768367829
0.0767068751
0.0767068751
0.0767068751
0.0762171007
0.0762171007
0.0761815078
0.0761720130
0.0761720130
0.0760542108
0.0760357074
0.0759755171
0.0759738103
0.0759738103
0.0748027974
0.0747521019
0.0747503951
0.0747144423
0.0746719818
0.0741668627
0.0741395423
0.0734021215
0.0729310579
0.0729211086
0.0726446343
0.0726393329
0.0726055398
0.0725964984
0.0719947187
0.0719219106
0.0718149014
0.0717864477
0.0714203726
0.0714203726
0.0713240801
0.0701555429
0.0698482958
0.0698272542
0.0698191403
0.0696984827
0.0696327605
0.0693667584
0.0691683383
0.0691683383
0.0691434420
0.0691434420
0.0690893265
0.0690874699
0.0690824802
0.0687251408
0.0686399564
0.0684732198
0.0684068383
0.0682898696
0.0682316346
0.0681658043
0.0681291449
0.0681169870
0.0678986424
0.0678587692
0.0677976653
0.0677713400
0.0677217585
0.0676000398
0.0675950254
0.0675415536
0.0672636826
0.0672290488
0.0671938852
0.0671675812
0.0670994615
0.0667392543
0.0667308036
0.0667271490
0.0667271490
0.0667216902
0.0667216902
0.0666271026
0.0666255278
0.0666206794
0.0666191241
0.0665907390
0.0664625101
0.0663545078
0.0663099832
0.0662168125
0.0662168125
0.0662092268
0.0649414663
0.0648628528
0.0648098813
0.0647609742
0.0647533885
0.0647525274
0.0646705235
0.0646620767
0.0646620767
0.0646608792
0.0645422639
0.0645410665
0.0644803049
0.0644652741
0.0643946653
0.0643189164
0.0642559361
0.0642559361
0.0642457598
0.0641903767
0.0641892345
0.0641678602
0.0641213009
0.0640755245
0.0640112064
0.0640042723
0.0639299198
0.0638992304
0.0638992304
0.0638612018
0.0638478823
0.0638175849
0.0633026154
0.0632003849
0.0630808604
0.0630192761
0.0629841602
0.0628842205
0.0628842205
0.0627945611
0.0627806652
0.0627806652
0.0627621079
0.0627337386
0.0627337386
0.0626641357
0.0626626862
0.0626493116
0.0626415244
0.0625994353
0.0625929352
0.0625776001
0.0625043857
0.0623690799
0.0623356030
0.0623332505
0.0623098724
0.0622235569
0.0621722360
0.0621455808
0.0620935748
0.0620158175
0.0619628066
0.0619433337
0.0619052783
0.0619003468
0.0618842471
0.0612580202
0.0612273638
0.0612217083
0.0611652039
0.0611069630
0.0611069630
0.0610429185
0.0610193821
0.0609963319
0.0609368519
0.0608961921
0.0608439062
0.0608115765
0.0607852835
0.0607736479
0.0607674758
0.0607674758
0.0607539949
0.0606770571
0.0606770571
0.0606431059
0.0606073773
0.0605488033
0.0605429430
0.0605413467
0.0604660304
0.0602256367
0.0600032761
0.0599756488
0.0599584344
0.0598996367
0.0598349560
0.0598018275
0.0597793268
0.0597071706
0.0596833957
0.0596349854
0.0596082716
0.0590320811
0.0590230484
0.0589844466
0.0589844466
0.0589738663
0.0589597913
0.0589489504
0.0589489504
0.0589291652
0.0589258823
0.0588321636
0.0588279249
0.0588189701
0.0588141301
0.0586483351
0.0586403803
0.0585509297
0.0585463669
0.0585065599
0.0584591424
0.0584591325
0.0584480374
0.0584378251
0.0583737455
0.0583737455
0.0583087766
0.0581225605
0.0581225605
0.0581210150
0.0580748750
0.0580176098
0.0580059321
0.0579409630
0.0578530490
0.0578346892
0.0576801532
0.0576163673
0.0576130763
0.0575648719
0.0575210408
0.0574995993
0.0574995016
0.0574596275
0.0574297891
0.0574287960
0.0573850175
0.0573527924
0.0573117070
0.0572307033
0.0572191926
0.0570265412
0.0569664507
0.0569604858
0.0568863987
0.0568709474
0.0568709474
0.0568580021
0.0568308700
0.0567927980
0.0567102716
0.0566803281
0.0566704268
0.0565682225
0.0565613440
0.0565313159
0.0565313159
0.0564623031
0.0564620836
0.0564486473
0.0563986135
0.0563291753
0.0562837190
0.0562390012
0.0561824582
0.0561773174
0.0561358543
0.0561358543
0.0561318180
0.0561149897
0.0561149897
0.0561141161
0.0561034815
0.0560986040
0.0560426277
0.0560048719
0.0560039109
0.0560039109
0.0560023508
0.0559543573
0.0559469897
0.0559059105
0.0558368410
0.0557359626
0.0557359626
0.0557340638
0.0557267509
0.0557267509
0.0557234833
0.0556577680
0.0556403364
0.0556132926
0.0555926727
0.0555780905
0.0555647408
0.0555630480
0.0554531796
0.0553664721
0.0553664721
0.0553616158
0.0553321520
0.0552656477
0.0552610667
0.0552607833
0.0552574714
0.0552548053
0.0552548053
0.0552455552
0.0549750165
0.0549475744
0.0548793336
0.0548793336
0.0548267222
0.0548110673
0.0548098567
0.0546159116
0.0545321652
0.0545321652
0.0544263931
0.0544263931
0.0543819383
0.0543232689
0.0543232689
0.0543232689
0.0542713837
0.0542350266
0.0542021737
0.0541819652
0.0541503108
0.0541429351
0.0540965119
0.0540575958
0.0540487493
0.0539936903
0.0539936903
0.0539576221
0.0539490505
0.0539490505
0.0539034713
0.0538985170
0.0538845429
0.0538845429
0.0538427170
0.0538327924
0.0538327924
0.0537638754
0.0537539508
0.0537538134
0.0537538134
0.0537511595
0.0537511595
0.0537147472
0.0536997088
0.0536997088
0.0536520150
0.0536513708
0.0536354099
0.0536333287
0.0535521109
0.0535454125
0.0535454125
0.0535394933
0.0535216287
0.0535216287
0.0534826759
0.0534826759
0.0534526345
0.0534443643
0.0534198014
0.0534120538
0.0534120538
0.0533793616
0.0533793616
0.0531971382
0.0531918750
0.0531707591
0.0531702428
0.0531702428
0.0531453002
0.0531098847
0.0530999633
0.0530994414
0.0530756826
0.0530670975
0.0530476411
0.0530325667
0.0530285956
0.0530205925
0.0529845895
0.0529636638
0.0529351598
0.0529351598
0.0529351598
0.0528814304
0.0528711376
0.0528334299
0.0528175753
0.0528003453
0.0528003453
0.0528003453
0.0527924852
0.0527557997
0.0527193534
0.0526707722
0.0526707722
0.0526707722
0.0524417385
0.0524340355
0.0524234678
0.0524002741
0.0523992258
0.0523870356
0.0522349382
0.0522348260
0.0522340459
0.0522340459
0.0522340459
0.0522340459
0.0521764894
0.0521764894
0.0520022710
0.0519866964
0.0519695343
0.0519518631
0.0519341002
0.0519105596
0.0518580571
0.0518556747
0.0518556747
0.0518467413
0.0518404882
0.0517946632
0.0517946632
0.0516919112
0.0516895288
0.0516882616
0.0516735487
0.0516712206
0.0516500272
0.0516101782
0.0516078501
0.0516078501
0.0514914910
0.0514914910
0.0514737590
0.0514059422
0.0513839396
0.0513537659
0.0513533606
0.0513473955
0.0512731556
0.0512515332
0.0512312744
0.0512312744
0.0511511594
0.0511109839
0.0511109839
0.0510886023
0.0510384109
0.0510182154
0.0510160293
0.0509452717
0.0509380657
0.0509098694
0.0509084756
0.0509020049
0.0509020049
0.0508996062
0.0508950328
0.0508926341
0.0508898535
0.0508872223
0.0508872223
0.0508802112
0.0508536549
0.0508510237
0.0508510237
0.0508509911
0.0508320118
0.0508181734
0.0508113729
0.0508010971
0.0506853120
0.0506464948
0.0506464948
0.0506436602
0.0506377377
0.0506146186
0.0505414628
0.0505414628
0.0505051360
0.0504345338
0.0504345338
0.0503755149
0.0503523958
0.0503523958
0.0503486242
0.0503485916
0.0503352173
0.0503261244
0.0502657397
0.0502523654
0.0501894039
0.0501783624
0.0501620905
0.0501599339
0.0501050018
0.0500776884
0.0500776884
0.0500743432
0.0500443607
0.0500268359
0.0500229151
0.0500160887
0.0499978651
0.0499771995
0.0499629426
0.0499629426
0.0499629426
0.0498995101
0.0498891422
0.0498631018
0.0498462505
0.0497996498
0.0497934502
0.0497846125
0.0497398635
0.0497053353
0.0496635577
0.0496417912
0.0496417912
0.0496417723
0.0496240796
0.0496114799
0.0496114799
0.0495512369
0.0494952884
0.0494533963
0.0494533963
0.0494458696
0.0494371558
0.0494361447
0.0494328300
0.0494313060
0.0494313060
0.0494236582
0.0494236582
0.0494048334
0.0493945265
0.0493935375
0.0493756126
0.0492498759
0.0492498759
0.0492498759
0.0492246382
0.0492246382
0.0492246382
0.0491887825
0.0491805175
0.0491431378
0.0491431378
0.0491204020
0.0491125108
0.0490853004
0.0490853004
0.0490853004
0.0490677014
0.0490677014
0.0490435598
0.0490388832
0.0490217042
0.0490162469
0.0490034513
0.0489906002
0.0489693762
0.0489597871
0.0489597871
0.0489578195
0.0489570753
0.0489327534
0.0489327534
0.0489255806
0.0489044425
0.0489044425
0.0489040617
0.0488336421
0.0485263439
0.0484864195
0.0484792467
0.0484236809
0.0484194962
0.0484186057
0.0483581099
0.0483463081
0.0483463081
0.0483279433
0.0483214130
0.0483189558
0.0483155270
0.0483087477
0.0483087477
0.0482685639
0.0482583558
0.0482372289
0.0482332442
0.0481955203
0.0481955203
0.0481915355
0.0481655627
0.0481654225
0.0481654225
0.0481654225
0.0481633457
0.0481630707
0.0481378599
0.0481378599
0.0481277222
0.0481277222
0.0480898576
0.0480840875
0.0480364675
0.0480364675
0.0480337304
0.0480337304
0.0479711858
0.0479711858
0.0479711858
0.0479684487
0.0479684487
0.0479614984
0.0479553697
0.0479241634
0.0479241634
0.0479042442
0.0478974579
0.0478590650
0.0478582241
0.0478270178
0.0478098894
0.0478066202
0.0478047785
0.0477909379
0.0477909379
0.0477909379
0.0477909379
0.0477667138
0.0477150929
0.0477102823
0.0477102823
0.0477102823
0.0477095652
0.0476404648
0.0476131285
0.0476131285
0.0476130879
0.0476022688
0.0476022688
0.0476022688
0.0476014113
0.0475626298
0.0475626298
0.0475508062
0.0475008747
0.0475008747
0.0474669514
0.0474669514
0.0474265734
0.0474265734
0.0474226923
0.0474194910
0.0474194910
0.0474171123
0.0474141424
0.0474141424
0.0473932186
0.0473825499
0.0473767821
0.0473767821
0.0473767821
0.0473500250
0.0473443964
0.0473432544
0.0473432544
0.0473376231
0.0472943493
0.0472940697
0.0472558864
0.0472558864
0.0472558864
0.0472496281
0.0472495135
0.0472253828
0.0472245507
0.0471446014
0.0471446014
0.0471388127
0.0471367032
0.0471297524
0.0471189015
0.0470735685
0.0470686577
0.0470686577
0.0470678256
0.0470678256
0.0470568843
0.0470500540
0.0470375532
0.0470076423
0.0469673076
0.0469582369
0.0469582369
0.0469541612
0.0469504634
0.0469470970
0.0467970017
0.0467801170
0.0467747936
0.0467272271
0.0467048950
0.0466968967
0.0466874346
0.0466850510
0.0466850510
0.0466465801
0.0466293980
0.0466293980
0.0466116821
0.0466088282
0.0466088282
0.0466088282
0.0465486029
0.0465195865
0.0465042570
0.0465006454
0.0464631962
0.0464631962
0.0464324732
0.0463438944
0.0463438944
0.0463438944
0.0463438944
0.0463392850
0.0463392850
0.0463133209
0.0463133209
0.0463133209
0.0462911292
0.0462910857
0.0462859417
0.0462587744
0.0462561137
0.0462216622
0.0461916963
0.0461810288
0.0461810288
0.0461809896
0.0461564899
0.0461564899
0.0461560403
0.0461536885
0.0461423644
0.0461420165
0.0460912669
0.0460572100
0.0460302142
0.0460274129
0.0460274129
0.0460243826
0.0460243826
0.0460239963
0.0460239963
0.0460239963
0.0460239963
0.0460211969
0.0460211969
0.0460192983
0.0460055155
0.0460024829
0.0459995623
0.0459932676
0.0459833293
0.0459760126
0.0459522697
0.0459522697
0.0459488705
0.0459471859
0.0459340310
0.0459329969
0.0459055167
0.0459024250
0.0459006215
0.0459006215
0.0459006215
0.0459006215
0.0458996612
0.0458911631
0.0458911631
0.0458911631
0.0458805471
0.0458805471
0.0458805471
0.0458662092
0.0458657925
0.0458636040
0.0458100587
0.0458046388
0.0458040014
0.0457413056
0.0457413056
0.0457413056
0.0457406209
0.0457334966
0.0457295532
0.0457168459
0.0457168459
0.0456741837
0.0456688386
0.0456647711
0.0456560960
0.0456513518
0.0456513214
0.0456505422
0.0456505422
0.0456403009
0.0456079612
0.0456079612
0.0456071605
0.0456065523
0.0456028968
0.0456028968
0.0456028968
0.0455979707
0.0455940296
0.0455940296
0.0455906868
0.0455906380
0.0455906076
0.0455905672
0.0455876338
0.0455874790
0.0455680380
0.0455679976
0.0455675214
0.0455633968
0.0455633564
0.0455633564
0.0455628306
0.0455618820
0.0455557384
0.0455557384
0.0455557384
0.0455545259
0.0455466490
0.0455463995
0.0455463995
0.0455463995
0.0455462949
0.0455440362
0.0455283937
0.0455283937
0.0455163909
0.0455163909
0.0455163909
0.0455144683
0.0453911696
0.0453898780
0.0453893969
0.0453846079
0.0453807305
0.0453793498
0.0453793498
0.0453677721
0.0453677721
0.0453470087
0.0453303934
0.0453303934
0.0453303934
0.0453303934
0.0453238555
0.0453238555
0.0453238555
0.0453124376
0.0453124376
0.0453123972
0.0452981228
0.0452438036
0.0452402685
0.0452401259
0.0452401259
0.0452328501
0.0452292746
0.0452292746
0.0452292746
0.0452043863
0.0451799587
0.0451761088
0.0451761088
0.0451605693
0.0451605693
0.0451603590
0.0451597057
0.0451262044
0.0451250189
0.0450798806
0.0450798806
0.0450798806
0.0450614857
0.0450614550
0.0450507335
0.0450417657
0.0450391834
0.0449971835
0.0449968991
0.0449960583
0.0449215929
0.0449195880
0.0449076619
0.0449069962
0.0449020404
0.0449000355
0.0449000355
0.0448741755
0.0448721706
0.0448695606
0.0448620534
0.0448620534
0.0448453843
0.0448429468
0.0447538010
0.0447411905
0.0447373214
0.0447366650
0.0447365284
0.0447020952
0.0446992656
0.0446968989
0.0446968088
0.0446869730
0.0446742399
0.0446714135
0.0446655695
0.0446632029
0.0446270968
0.0445224944
0.0445220988
0.0445136271
0.0445136271
0.0444974047
0.0444864837
0.0444864837
0.0444783008
0.0444617685
0.0443572426
0.0443572426
0.0443571906
0.0442871090
0.0442871090
0.0442871090
0.0442871090
0.0442856737
0.0442773451
0.0442768618
0.0442754218
0.0442593258
0.0442593258
0.0442578858
0.0442578858
0.0442115356
0.0441522582
0.0441271384
0.0441271384
0.0441107275
0.0441107275
0.0441092875
0.0441092875
0.0441090563
0.0440983784
0.0440982159
0.0440067172
0.0439970815
0.0439864036
0.0439864036
0.0439829141
0.0439829141
0.0439824855
0.0439786211
0.0439786081
0.0439786081
0.0439777167
0.0439738957
0.0439738957
0.0439738957
0.0439738957
0.0439664670
0.0439524947
0.0439500924
0.0438504699
0.0438491873
0.0438491873
0.0438489610
0.0438464873
0.0438409331
0.0438323191
0.0438306605
0.0438292401
0.0438279844
0.0438060827
0.0438050333
0.0438036944
0.0438036944
0.0438029049
0.0438029049
0.0437849596
0.0437803130
0.0437795845
0.0437795845
0.0437758099
0.0437742240
0.0437725030
0.0437713269
0.0437703722
0.0437546273
0.0437546273
0.0437538758
0.0437538758
0.0437376908
0.0437345857
0.0437344163
0.0437175131
0.0437074473
0.0436997888
0.0436967774
0.0436918852
0.0435862988
0.0435799406
0.0435770014
0.0435768320
0.0435746712
0.0435727009
0.0435727009
0.0435493681
0.0435493681
0.0435492902
0.0435485387
0.0435485387
0.0435423595
0.0435420383
0.0435402565
0.0434872140
0.0434856808
0.0434815326
0.0434802408
0.0434732614
0.0434332337
0.0434332337
0.0434329764
0.0434328968
0.0434144341
0.0434124317
0.0434089796
0.0433893758
0.0433870139
0.0433857974
0.0433719409
0.0433553424
0.0433521996
0.0433515804
0.0433510810
0.0433497912
0.0433480121
0.0433478110
0.0433478110
0.0433478110
0.0433473981
0.0433439965
0.0433256165
0.0433256163
0.0433090580
0.0433090580
0.0433020830
0.0432957646
0.0432957646
0.0432957646
0.0432770296
0.0432615299
0.0432613214
0.0432399718
0.0432233688
0.0432188525
0.0431973874
0.0431973874
0.0431968424
0.0431961754
0.0431958099
0.0431907310
0.0431903655
0.0431872949
0.0431862624
0.0431795983
0.0431752450
0.0431740425
0.0431722193
0.0431720868
0.0431718837
0.0431718837
0.0431565437
0.0431564572
0.0431564572
0.0431122626
0.0431118592
0.0431118592
0.0431104255
0.0431104255
0.0430479093
0.0430330407
0.0430330407
0.0430323684
0.0430322182
0.0430304664
0.0430304664
0.0430299078
0.0430284851
0.0430234644
0.0430234644
0.0430234644
0.0430227123
0.0430226258
0.0430221067
0.0430206270
0.0430193724
0.0430189491
0.0430181105
0.0430181105
0.0430141032
0.0430036175
0.0430035334
0.0430035334
0.0429771333
0.0429675024
0.0429657635
0.0429652749
0.0429652749
0.0429314123
0.0429314123
0.0429314123
0.0429296733
0.0429296733
0.0429296733
0.0429282819
0.0429197743
0.0429197743
0.0429197743
0.0429197743
0.0429087734
0.0429070459
0.0429070270
0.0428972484
0.0428965992
0.0428965992
0.0428930037
0.0428930037
0.0428930037
0.0428898042
0.0428898042
0.0428859347
0.0428859347
0.0428830602
0.0428537662
0.0428534793
0.0428533695
0.0428310473
0.0428281697
0.0428281697
0.0428045650
0.0428045650
0.0428036891
0.0428002927
0.0427974206
0.0427908324
0.0427862323
0.0427856251
0.0427828557
0.0427805821
0.0427789214
0.0427761372
0.0427757749
0.0427583612
0.0427579989
0.0427577920
0.0427301958
0.0427278373
0.0427275178
0.0427159561
0.0427149978
0.0427149978
0.0427144411
0.0427131289
0.0427131289
0.0427131289
0.0427045259
0.0427042064
0.0427032874
0.0427032062
0.0426849111
0.0426849111
0.0426844538
0.0426844538
0.0426742310
0.0426735398
0.0426735398
0.0426735398
0.0426691700
0.0426674863
0.0426674863
0.0426674863
0.0426671669
0.0426671669
0.0426651479
0.0426561712
0.0426561712
0.0426555230
0.0426026726
0.0426026076
0.0426020243
0.0426020243
0.0425931454
0.0425758618
0.0425570320
0.0425562165
0.0425551671
0.0425549998
0.0425549998
0.0424910275
0.0424904442
0.0424860759
0.0424860759
0.0424860759
0.0424860759
0.0424860759
0.0424860759
0.0424860759
0.0424860759
0.0424824726
0.0424820826
0.0424820826
0.0424820826
0.0424818179
0.0424817052
0.0424787333
0.0424785572
0.0424785572
0.0424779574
0.0424779574
0.0424778211
0.0424770411
0.0424770411
0.0424723380
0.0424723380
0.0424626626
0.0424209291
0.0424200128
0.0424200128
0.0424104064
0.0423835981
0.0423771384
0.0423721004
0.0423683064
0.0423679205
0.0423445554
0.0423434726
0.0423396786
0.0423396786
0.0423359809
0.0423348981
0.0423348722
0.0423348722
0.0422998088
0.0422907497
0.0422907497
0.0422865639
0.0422848798
0.0422832484
0.0422808772
0.0422808514
0.0422808514
0.0422729592
0.0422729592
0.0422553290
0.0422553290
0.0422474131
0.0422474131
0.0422474131
0.0422460175
0.0422417266
0.0422411824
0.0422370701
0.0422051330
0.0422051330
0.0422051330
0.0422013051
0.0422011617
0.0421989853
0.0421863770
0.0421861353
0.0421743706
0.0421716225
0.0421674646
0.0421674646
0.0421668349
0.0421532647
0.0421531213
0.0421524184
0.0421524184
0.0421519062
0.0421479142
0.0421470975
0.0421386197
0.0421384174
0.0421384174
0.0421374480
0.0421344200
0.0421332123
0.0421187587
0.0421187587
0.0420986342
0.0420930779
0.0420924793
0.0420859096
0.0420858994
0.0420819280
0.0420819280
0.0420819280
0.0420817089
0.0420772175
0.0420723233
0.0420723233
0.0420708884
0.0420708884
0.0420708884
0.0420699195
0.0420693209
0.0420693209
0.0420693209
0.0420643557
0.0420643557
0.0420618350
0.0420612364
0.0420612364
0.0420609840
0.0420589295
0.0420588023
0.0420588023
0.0420588023
0.0420527627
0.0420498244
0.0420324467
0.0420293522
0.0420293522
0.0420287425
0.0420287425
0.0420050922
0.0420050922
0.0419850828
0.0419850828
0.0419835037
0.0419835037
0.0419835037
0.0419835037
0.0419817552
0.0419817552
0.0419805144
0.0419800475
0.0419800475
0.0419787845
0.0419787845
0.0419773375
0.0419767160
0.0419767160
0.0419673098
0.0419673098
0.0419673098
0.0419666194
0.0419666194
0.0419666194
0.0419624142
0.0419619700
0.0419617049
0.0419612322
0.0419556748
0.0419490771
0.0419490771
0.0418580286
0.0418573118
0.0418565740
0.0417982097
0.0417041985
0.0417041985
0.0417041985
0.0416987940
0.0416987940
0.0416912424
0.0416912424
0.0416878665
0.0416878490
0.0416865560
0.0416864774
0.0416848868
0.0416841930
0.0416841930
0.0416733949
0.0416729165
0.0416729165
0.0416729165
0.0416499811
0.0416430067
0.0416430067
0.0416415573
0.0416415252
0.0416415252
0.0416415252
0.0416415252
0.0416415252
0.0416410225
0.0416403465
0.0416386921
0.0416359790
0.0416354763
0.0416310678
0.0416298891
0.0416298891
0.0416221154
0.0416205255
0.0416200399
0.0416200399
0.0416200399
0.0416200399
0.0416200399
0.0416200399
0.0416200167
0.0416200167
0.0416068492
0.0416056182
0.0415991847
0.0415991847
0.0415991847
0.0415991847
0.0415991847
0.0415988333
0.0415988333
0.0415988333
0.0415980451
0.0415975651
0.0415975651
0.0415971419
0.0415971419
0.0415953860
0.0415949784
0.0415932225
0.0415928360
0.0415928360
0.0415924822
0.0415924822
0.0415906048
0.0415894320
0.0415894320
0.0415894320
0.0415805423
0.0415805423
0.0415805423
0.0415754532
0.0415754532
0.0415754532
0.0415754532
0.0415754532
0.0415754532
0.0415701742
0.0415701742
0.0415694029
0.0415694029
0.0415602578
0.0415576251
0.0415548990
0.0415548990
0.0415485515
0.0415485515
0.0415478353
0.0415436565
0.0415436565
0.0415436565
0.0415436565
0.0415436565
0.0415426456
0.0415422691
0.0415418194
0.0415418194
0.0414849682
0.0414849682
0.0414849682
0.0413582657
0.0413582657
0.0413582657
0.0413582657
0.0413580567
0.0413567019
0.0413567019
0.0413567019
0.0413391094
0.0413379174
0.0413379174
0.0413379174
0.0413370144
0.0413370144
0.0413358224
0.0413358224
0.0413358224
0.0413353779
0.0413339908
0.0413339908
0.0413339908
0.0413328677
0.0413328677
0.0413328677
0.0413328677
0.0413309326
0.0413309326
0.0413199115
0.0413199115
0.0413199115
0.0413195820
0.0413192782
0.0413192782
0.0413033432
0.0413030393
0.0413030393
0.0413030393
0.0413030393
0.0413030393
0.0412967423
0.0412967423
0.0412947231
0.0412947231
0.0412947231
0.0412917768
0.0412908510
0.0412908510
0.0412899439
0.0412899439
0.0412887360
0.0412867153
0.0412355703
0.0412344567
0.0412344567
0.0412344567
0.0412178840
0.0412177839
0.0412177839
0.0412166205
0.0412051521
0.0412050287
0.0412050287
0.0412050287
0.0412032905
0.0412032905
0.0412032905
0.0411937493
0.0411935105
0.0411935105
0.0411853567
0.0411642237
0.0411639848
0.0411639848
0.0411639848
0.0411572928
0.0411572928
0.0411572896
0.0411572896
0.0411572896
0.0411572896
0.0411572896
0.0411572274
0.0411572274
0.0411572274
0.0411572274
0.0411475079
0.0411470982
0.0411469291
0.0411465194
0.0411465194
0.0411465194
0.0411418620
0.0411418620
0.0411418620
0.0411338922
0.0411338922
0.0411338922
0.0411338922
0.0411338922
0.0411337316
0.0411283480
0.0411272412
0.0411272412
0.0411267161
0.0411267161
0.0411259164
0.0411255354
0.0411235547
0.0411189640
0.0411155768
0.0411145742
0.0411067260
0.0411067260
0.0411067260
0.0411067260
0.0411050819
0.0410861926
0.0410861926
0.0410861926
0.0410861926
0.0410861926
0.0410798035
0.0410784228
0.0410784228
0.0410752584
0.0410752584
0.0410752584
0.0410752584
0.0410658837
0.0410596291
0.0410542352
0.0410496537
0.0410317425
0.0410261991
0.0410261991
0.0410261991
0.0410261991
0.0410261991
0.0410107394
0.0410106210
0.0410104729
0.0410104729
0.0410104729
0.0410102207
0.0410000000
0.0410000000
0.0410000000
0.0410000000
0.0410000000
0.0410000000
0.0410000000
0.0410000000
0.0410000000
0.0410000000
0.0410000000
0.0410000000
0.0410000000
0.0410000000
0.0410000000
0.0410000000
0.0410000000
0.0410000000
0.0410000000
0.0410000000
0.0410000000
0.0410000000
0.0410000000
0.0410000000
0.0410000000
0.0410000000
0.0410000000
0.0410000000
0.0410000000
0.0410000000
0.0410000000
0.0410000000
0.0410000000
0.0410000000
0.0410000000
0.0410000000
0.0410000000
0.0410000000
0.0410000000
0.0410000000
0.0410000000
0.0410000000
0.0410000000
0.0410000000
0.0410000000
0.0410000000
0.0410000000
0.0410000000
0.0410000000
0.0410000000
0.0410000000
0.0410000000
0.0410000000
0.0410000000
0.0410000000
0.0410000000
0.0410000000
0.0410000000
0.0410000000
0.0410000000
0.0410000000
0.0410000000
0.0410000000
0.0410000000
0.0410000000
0.0410000000
0.0410000000
0.0410000000
0.0410000000
0.0410000000
0.0410000000
0.0410000000
0.0410000000
0.0410000000
0.0410000000
0.0410000000
0.0410000000
0.0410000000
0.0410000000
0.0410000000
0.0410000000
0.0410000000
0.0410000000
0.0410000000
0.0410000000
0.0410000000
0.0410000000
0.0410000000
0.0410000000
0.0410000000
0.0410000000
0.0410000000
0.0410000000
0.0410000000
0.0410000000
0.0410000000
0.0410000000
0.0410000000
0.0410000000
0.0410000000
0.0410000000
0.0410000000
0.0410000000
0.0410000000
0.0410000000
0.0410000000
0.0410000000
0.0410000000
0.0410000000
0.0410000000
0.0410000000
0.0410000000
0.0410000000
0.0410000000
0.0410000000
0.0410000000
0.0410000000
0.0410000000
0.0410000000
0.0410000000
0.0410000000
0.0410000000
0.0410000000
0.0410000000
0.0410000000
0.0410000000
0.0410000000
0.0410000000
0.0410000000
0.0410000000
0.0410000000
0.0410000000
0.0410000000
0.0410000000
0.0410000000
0.0410000000
0.0410000000
0.0410000000
0.0410000000
0.0410000000
0.0410000000
0.0410000000
0.0410000000
0.0410000000
0.0410000000
0.0410000000
0.0410000000
0.0410000000
0.0410000000
0.0410000000
0.0410000000
0.0410000000
0.0410000000
0.0410000000
0.0410000000
0.0410000000
0.0410000000
0.0410000000
0.0410000000
0.0410000000
0.0410000000
0.0410000000
0.0410000000
0.0410000000
0.0410000000
0.0410000000
0.0410000000
0.0410000000
0.0410000000
0.0410000000
0.0410000000
0.0410000000
0.0410000000
0.0410000000
0.0410000000
0.0410000000
0.0410000000
0.0410000000
0.0410000000
0.0410000000
0.0410000000
0.0410000000
0.0410000000
0.0410000000
0.0410000000
0.0410000000
0.0410000000
0.0410000000
0.0410000000
0.0410000000
0.0410000000
0.0410000000
0.0410000000
0.0410000000
0.0410000000
0.0410000000
0.0410000000
0.0410000000
0.0410000000
0.0410000000
0.0410000000
0.0410000000
0.0410000000
0.0410000000
0.0410000000
0.0410000000
0.0410000000
0.0410000000
0.0410000000
0.0410000000
0.0410000000
0.0410000000
0.0410000000
0.0410000000
0.0410000000
0.0410000000
0.0410000000
0.0410000000
0.0410000000
0.0410000000
0.0410000000
0.0410000000
0.0410000000
0.0410000000
0.0410000000
0.0410000000
0.0410000000
0.0410000000
0.0410000000
0.0410000000
0.0410000000
0.0410000000
0.0410000000
0.0410000000
0.0410000000
0.0410000000
0.0410000000
0.0410000000
0.0410000000
0.0410000000
0.0410000000
0.0410000000
0.0410000000
0.0410000000
0.0410000000
0.0410000000
0.0410000000
0.0410000000
0.0410000000
0.0410000000
0.0410000000
0.0410000000
0.0410000000
0.0410000000
0.0410000000
0.0410000000
0.0410000000
0.0410000000
0.0410000000
0.0410000000
0.0410000000
0.0410000000
0.0410000000
0.0410000000
0.0410000000
0.0410000000
0.0410000000
0.0410000000
0.0410000000
0.0410000000
0.0410000000
0.0410000000
0.0410000000
0.0410000000
0.0410000000
0.0410000000
0.0410000000
0.0410000000
0.0410000000
0.0410000000
0.0410000000
0.0410000000
0.0410000000
0.0410000000
0.0410000000
0.0410000000
0.0410000000
0.0410000000
0.0410000000
0.0410000000
0.0410000000
0.0410000000
0.0410000000
0.0410000000
0.0410000000
0.0410000000
0.0410000000
0.0410000000
0.0410000000
0.0410000000
0.0410000000
0.0410000000
0.0410000000
0.0410000000
0.0410000000
0.0410000000
0.0410000000
0.0410000000
0.0410000000
0.0410000000
0.0410000000
0.0410000000
0.0410000000
0.0410000000
0.0410000000
0.0410000000
0.0410000000
0.0410000000
0.0410000000
0.0410000000
0.0410000000
0.0410000000
0.0410000000
0.0410000000
0.0410000000
0.0410000000
0.0410000000
0.0410000000
0.0410000000
0.0410000000
0.0410000000
0.0410000000
0.0410000000
0.0410000000
0.0410000000
0.0410000000
0.0410000000
0.0410000000
0.0410000000
0.0410000000
0.0410000000
0.0410000000
0.0410000000
0.0410000000
0.0410000000
0.0410000000
0.0410000000
0.0410000000
0.0410000000
0.0410000000
0.0410000000
0.0410000000
0.0410000000
0.0410000000
0.0410000000
0.0410000000
0.0410000000
0.0410000000
0.0410000000
0.0410000000
0.0410000000
0.0410000000
0.0410000000
0.0410000000
0.0410000000
0.0410000000
0.0410000000
0.0410000000
0.0410000000
0.0410000000
0.0410000000
0.0410000000
0.0410000000
0.0410000000
0.0410000000
0.0410000000
0.0410000000
0.0410000000
0.0410000000
0.0410000000
0.0410000000
0.0410000000
0.0410000000
0.0410000000
0.0410000000
0.0410000000
0.0410000000
0.0410000000
0.0410000000
0.0410000000
0.0410000000
0.0410000000
0.0410000000
0.0410000000
0.0410000000
0.0410000000
0.0410000000
0.0410000000
0.0410000000
0.0410000000
0.0410000000
0.0410000000
0.0410000000
0.0410000000
0.0410000000
0.0410000000
0.0410000000
0.0410000000
0.0410000000
0.0410000000
0.0410000000
0.0410000000
0.0410000000
0.0410000000
0.0410000000
0.0410000000
0.0410000000
0.0410000000
0.0410000000
0.0410000000
0.0410000000
0.0410000000
0.0410000000
0.0410000000
0.0410000000
0.0410000000
0.0410000000
0.0410000000
0.0410000000
0.0410000000
0.0410000000
0.0410000000
0.0410000000
0.0410000000
0.0410000000
0.0410000000
0.0410000000
0.0410000000
0.0410000000
0.0410000000
0.0410000000
0.0410000000
0.0410000000
0.0410000000
0.0410000000
0.0410000000
0.0410000000
0.0410000000
0.0410000000
0.0410000000
0.0410000000
0.0410000000
0.0410000000
0.0410000000
0.0410000000
0.0410000000
0.0410000000
0.0410000000
0.0410000000
0.0410000000
0.0410000000
0.0410000000
0.0410000000
0.0410000000
0.0410000000
0.0410000000
0.0410000000
0.0410000000
0.0410000000
0.0410000000
0.0410000000
0.0410000000
0.0410000000
0.0410000000
0.0410000000
0.0410000000
0.0410000000
0.0410000000
0.0410000000
0.0410000000
0.0410000000
0.0410000000
0.0410000000
0.0410000000
0.0410000000
0.0410000000
0.0410000000
0.0410000000
0.0410000000
0.0410000000
0.0410000000
0.0410000000
0.0410000000
0.0410000000
0.0410000000
0.0410000000
0.0410000000
0.0410000000
0.0410000000
0.0410000000
0.0410000000
0.0410000000
0.0410000000
0.0410000000
0.0410000000
0.0410000000
0.0410000000
0.0410000000
0.0410000000
0.0410000000
0.0410000000
0.0410000000
0.0410000000
0.0410000000
0.0410000000
0.0410000000
0.0410000000
0.0410000000
0.0410000000
0.0410000000
0.0410000000
0.0410000000
0.0410000000
0.0410000000
0.0410000000
0.0410000000
0.0410000000
0.0410000000
0.0410000000
0.0410000000
0.0410000000
0.0410000000
0.0410000000
0.0410000000
0.0410000000
0.0410000000
0.0410000000
0.0410000000
0.0410000000
0.0410000000
0.0410000000
0.0410000000
0.0410000000
0.0410000000
0.0410000000
0.0410000000
0.0410000000
0.0410000000
0.0410000000
0.0410000000
0.0410000000
0.0410000000
0.0410000000
0.0410000000
0.0410000000
0.0410000000
0.0410000000
0.0410000000
0.0410000000
0.0410000000
0.0410000000
0.0410000000
0.0410000000
0.0410000000
0.0410000000
0.0410000000
0.0410000000
0.0410000000
0.0410000000
0.0410000000
0.0410000000
0.0410000000
0.0410000000
0.0410000000
0.0410000000
0.0410000000
0.0410000000
0.0410000000
0.0410000000
0.0410000000
0.0410000000
0.0410000000
0.0410000000
0.0410000000
0.0410000000
0.0410000000
0.0410000000
0.0410000000
0.0410000000
0.0410000000
0.0410000000
0.0410000000
0.0410000000
0.0410000000
0.0410000000
0.0410000000
0.0410000000
0.0410000000
0.0410000000
0.0410000000
0.0410000000
0.0410000000
0.0410000000
0.0410000000
0.0410000000
0.0410000000
0.0410000000
0.0410000000
0.0410000000
0.0410000000
0.0410000000
0.0410000000
0.0410000000
0.0410000000
0.0410000000
0.0410000000
0.0410000000
0.0410000000
0.0410000000
0.0410000000
0.0410000000
0.0410000000
0.0410000000
0.0410000000
0.0410000000
0.0410000000
0.0410000000
0.0410000000
0.0410000000
0.0410000000
0.0410000000
0.0410000000
0.0410000000
0.0410000000
0.0410000000
0.0410000000
0.0410000000
0.0410000000
0.0410000000
0.0410000000
0.0410000000
0.0410000000
0.0410000000
0.0410000000
0.0410000000
0.0410000000
0.0410000000
0.0410000000
0.0410000000
0.0410000000
0.0410000000
0.0410000000
0.0410000000
0.0410000000
0.0410000000
0.0410000000
0.0410000000
0.0410000000
0.0410000000
0.0410000000
0.0410000000
0.0410000000
0.0410000000
0.0410000000
0.0410000000
0.0410000000
0.0410000000
0.0410000000
0.0410000000
0.0410000000
0.0410000000
0.0410000000
0.0410000000
0.0410000000
0.0410000000
0.0410000000
0.0410000000
0.0410000000
0.0410000000
0.0410000000
0.0410000000
0.0410000000
0.0410000000
0.0410000000
0.0410000000
0.0410000000
0.0410000000
0.0410000000
0.0410000000
0.0410000000
0.0410000000
0.0410000000
0.0410000000
0.0410000000
0.0410000000
0.0410000000
0.0410000000
0.0410000000
0.0410000000
0.0410000000
0.0410000000
0.0410000000
0.0410000000
0.0410000000
0.0410000000
0.0410000000
0.0410000000
0.0410000000
0.0410000000
0.0410000000
0.0410000000
0.0410000000
0.0410000000
0.0410000000
0.0410000000
0.0410000000
0.0410000000
0.0410000000
0.0410000000
0.0410000000
0.0410000000
0.0410000000
0.0410000000
0.0410000000
0.0410000000
0.0410000000
0.0410000000
0.0410000000
0.0410000000
0.0410000000
0.0410000000
0.0410000000
0.0410000000
0.0410000000
0.0410000000
0.0410000000
0.0410000000
0.0410000000
0.0410000000
0.0410000000
0.0410000000
0.0410000000
0.0410000000
0.0410000000
0.0410000000
0.0410000000
0.0410000000
0.0410000000
0.0410000000
0.0410000000
0.0410000000
0.0410000000
0.0410000000
0.0410000000
0.0410000000
0.0410000000
0.0410000000
0.0410000000
0.0410000000
0.0410000000
0.0410000000
0.0410000000
0.0410000000
0.0410000000
0.0410000000
0.0410000000
0.0410000000
0.0410000000
0.0410000000
0.0410000000
0.0410000000
0.0410000000
0.0410000000
0.0410000000
0.0410000000
0.0410000000
0.0410000000
0.0410000000
0.0410000000
0.0410000000
0.0410000000
0.0410000000
0.0410000000
0.0410000000
0.0410000000
0.0410000000
0.0410000000
0.0410000000
0.0410000000
0.0410000000
0.0410000000
0.0410000000
0.0410000000
0.0410000000
0.0410000000
0.0410000000
0.0410000000
0.0410000000
0.0410000000
0.0410000000
0.0410000000
0.0410000000
0.0410000000
0.0410000000
0.0410000000
0.0410000000
0.0410000000
0.0410000000
0.0410000000
0.0410000000
0.0410000000
0.0410000000
0.0410000000
0.0410000000
0.0410000000
0.0410000000
0.0410000000
0.0410000000
0.0410000000
0.0410000000
0.0410000000
0.0410000000
0.0410000000
0.0410000000
0.0410000000
0.0410000000
0.0410000000
0.0410000000
0.0410000000
0.0410000000
0.0410000000
0.0410000000
0.0410000000
0.0410000000
0.0410000000
0.0410000000
0.0410000000
0.0410000000
0.0410000000
0.0410000000
0.0410000000
0.0410000000
0.0410000000
0.0410000000
0.0410000000
0.0410000000
0.0410000000
0.0410000000
0.0410000000
0.0410000000
0.0410000000
0.0410000000
0.0410000000
0.0410000000
0.0410000000
0.0410000000
0.0410000000
0.0410000000
0.0410000000
0.0410000000
0.0410000000
0.0410000000
0.0410000000
0.0410000000
0.0410000000
0.0410000000
0.0410000000
0.0410000000
0.0410000000
0.0410000000
0.0410000000
0.0410000000
0.0410000000
0.0410000000
0.0410000000
0.0410000000
0.0410000000
0.0410000000
0.0410000000
0.0410000000
0.0410000000
0.0410000000
0.0410000000
0.0410000000
0.0410000000
0.0410000000
0.0410000000
0.0410000000
0.0410000000
0.0410000000
0.0410000000
0.0410000000
0.0410000000
0.0410000000
0.0410000000
0.0410000000
0.0410000000
0.0410000000
0.0410000000
0.0410000000
0.0410000000
0.0410000000
0.0410000000
0.0410000000
0.0410000000
0.0410000000
0.0410000000
0.0410000000
0.0410000000
0.0410000000
0.0410000000
0.0410000000
0.0410000000
0.0410000000
0.0410000000
0.0410000000
0.0410000000
0.0410000000
0.0410000000
0.0410000000
0.0410000000
0.0410000000
0.0410000000
0.0410000000
0.0410000000
0.0410000000
0.0410000000
0.0410000000
0.0410000000
0.0410000000
0.0410000000
0.0410000000
0.0410000000
0.0410000000
0.0410000000
0.0410000000
0.0410000000
0.0410000000
0.0410000000
0.0410000000
0.0410000000
0.0410000000
0.0410000000
0.0410000000
0.0410000000
0.0410000000
0.0410000000
0.0410000000
0.0410000000
0.0410000000
0.0410000000
0.0410000000
0.0410000000
0.0410000000
0.0410000000
0.0410000000
0.0410000000
0.0410000000
0.0410000000
0.0410000000
0.0410000000
0.0410000000
0.0410000000
0.0410000000
0.0410000000
0.0410000000
0.0410000000
0.0410000000
0.0410000000
0.0410000000
0.0410000000
0.0410000000
0.0410000000
0.0410000000
0.0410000000
0.0410000000
0.0410000000
0.0410000000
0.0410000000
0.0410000000
0.0410000000
0.0410000000
0.0410000000
0.0410000000
0.0410000000
0.0410000000
0.0410000000
0.0410000000
0.0410000000
0.0410000000
0.0410000000
0.0410000000
0.0410000000
0.0410000000
0.0410000000
0.0410000000
0.0410000000
0.0410000000
0.0410000000
0.0410000000
0.0410000000
0.0410000000
0.0410000000
0.0410000000
0.0410000000
0.0410000000
0.0410000000
0.0410000000
0.0410000000
0.0410000000
0.0410000000
0.0410000000
0.0410000000
0.0410000000
0.0410000000
0.0410000000
0.0410000000
0.0410000000
0.0410000000
0.0410000000
0.0410000000
0.0410000000
0.0410000000
0.0410000000
0.0410000000
0.0410000000
0.0410000000
0.0410000000
0.0410000000
0.0410000000
0.0410000000
0.0410000000
0.0410000000
0.0410000000
0.0410000000
0.0410000000
0.0410000000
0.0410000000
0.0410000000
0.0410000000
0.0410000000
0.0410000000
0.0410000000
0.0410000000
0.0410000000
0.0410000000
0.0410000000
0.0410000000
0.0410000000
0.0410000000
0.0410000000
0.0410000000
0.0410000000
0.0410000000
0.0410000000
0.0410000000
0.0410000000
0.0410000000
0.0410000000
0.0410000000
0.0410000000
0.0410000000
0.0410000000
0.0410000000
0.0410000000
0.0410000000
0.0410000000
0.0410000000
0.0410000000
0.0410000000
0.0410000000
0.0410000000
0.0410000000
0.0410000000
0.0410000000
0.0410000000
0.0410000000
0.0410000000
0.0410000000
0.0410000000
0.0410000000
0.0410000000
0.0410000000
0.0410000000
0.0410000000
0.0410000000
0.0410000000
0.0410000000
0.0410000000
0.0410000000
0.0410000000
0.0410000000
0.0410000000
0.0410000000
0.0410000000
0.0410000000
0.0410000000
0.0410000000
0.0410000000
0.0410000000
0.0410000000
0.0410000000
0.0410000000
0.0410000000
0.0410000000
0.0410000000
0.0410000000
0.0410000000
0.0410000000
0.0410000000
0.0410000000
0.0410000000
0.0410000000
0.0410000000
0.0410000000
0.0410000000
0.0410000000
0.0410000000
0.0410000000
0.0410000000
0.0410000000
0.0410000000
0.0410000000
0.0410000000
0.0410000000
0.0410000000
0.0410000000
0.0410000000
0.0410000000
0.0410000000
0.0410000000
0.0410000000
0.0410000000
0.0410000000
0.0410000000
0.0410000000
0.0410000000
0.0410000000
0.0410000000
0.0410000000
0.0410000000
0.0410000000
0.0410000000
0.0410000000
0.0410000000
0.0410000000
0.0410000000
0.0410000000
0.0410000000
0.0410000000
0.0410000000
0.0410000000
0.0410000000
0.0410000000
0.0410000000
0.0410000000
0.0410000000
0.0410000000
0.0410000000
0.0410000000
0.0410000000
0.0410000000
0.0410000000
0.0410000000
0.0410000000
0.0410000000
0.0410000000
0.0410000000
0.0410000000
0.0410000000
0.0410000000
0.0410000000
0.0410000000
0.0410000000
0.0410000000
0.0410000000
0.0410000000
0.0410000000
0.0410000000
0.0410000000
0.0410000000
0.0410000000
0.0410000000
0.0410000000
0.0410000000
0.0410000000
0.0410000000
0.0410000000
0.0410000000
0.0410000000
0.0410000000
0.0410000000
0.0410000000
0.0410000000
0.0410000000
0.0410000000
0.0410000000
0.0410000000
0.0410000000
0.0410000000
0.0410000000
0.0410000000
0.0410000000
0.0410000000
0.0410000000
0.0410000000
0.0410000000
0.0410000000
0.0410000000
0.0410000000
0.0410000000
0.0410000000
0.0410000000
0.0410000000
0.0410000000
0.0410000000
0.0410000000
0.0410000000
0.0410000000
0.0410000000
0.0410000000
0.0410000000
0.0410000000
0.0410000000
0.0410000000
0.0410000000
0.0410000000
0.0410000000
0.0410000000
0.0410000000
0.0410000000
0.0410000000
0.0410000000
0.0410000000
0.0410000000
0.0410000000
0.0410000000
0.0410000000
0.0410000000
0.0410000000
0.0410000000
0.0410000000
0.0410000000
0.0410000000
0.0410000000
0.0410000000
0.0410000000
0.0410000000
0.0410000000
0.0410000000
0.0410000000
0.0410000000
0.0410000000
0.0410000000
0.0410000000
0.0410000000
0.0410000000
0.0410000000
0.0410000000
0.0410000000
0.0410000000
0.0410000000
0.0410000000
0.0410000000
0.0410000000
0.0410000000
0.0410000000
0.0410000000
0.0410000000
0.0410000000
0.0410000000
0.0410000000
0.0410000000
0.0410000000
0.0410000000
0.0410000000
0.0410000000
0.0410000000
0.0410000000
0.0410000000
0.0410000000
0.0410000000
0.0410000000
0.0410000000
0.0410000000
0.0410000000
0.0410000000
0.0410000000
0.0410000000
0.0410000000
0.0410000000
0.0410000000
0.0410000000
0.0410000000
0.0410000000
0.0410000000
0.0410000000
0.0410000000
0.0410000000
0.0410000000
0.0410000000
0.0410000000
0.0410000000
0.0410000000
0.0410000000
0.0410000000
0.0410000000
0.0410000000
0.0410000000
0.0410000000
0.0410000000
0.0410000000
0.0410000000
0.0410000000
0.0410000000
0.0410000000
0.0410000000
0.0410000000
0.0410000000
0.0410000000
0.0410000000
0.0410000000
0.0410000000
0.0410000000
0.0410000000
0.0410000000
0.0410000000
0.0410000000
0.0410000000
0.0410000000
0.0410000000
0.0410000000
0.0410000000
0.0410000000
0.0410000000
0.0410000000
0.0410000000
0.0410000000
0.0410000000
0.0410000000
0.0410000000
0.0410000000
0.0410000000
0.0410000000
0.0410000000
0.0410000000
0.0410000000
0.0410000000
0.0410000000
0.0410000000
0.0410000000
0.0410000000
0.0410000000
0.0410000000
0.0410000000
0.0410000000
0.0410000000
0.0410000000
0.0410000000
0.0410000000
0.0410000000
0.0410000000
0.0410000000
0.0410000000
0.0410000000
0.0410000000
0.0410000000
0.0410000000
0.0410000000
0.0410000000
0.0410000000
0.0410000000
0.0410000000
0.0410000000
0.0410000000
0.0410000000
0.0410000000
0.0410000000
0.0410000000
0.0410000000
0.0410000000
0.0410000000
0.0410000000
0.0410000000
0.0410000000
0.0410000000
0.0410000000
0.0410000000
0.0410000000
0.0410000000
0.0410000000
0.0410000000
0.0410000000
0.0410000000
0.0410000000
0.0410000000
0.0410000000
0.0410000000
0.0410000000
0.0410000000
0.0410000000
0.0410000000
0.0410000000
0.0410000000
0.0410000000
0.0410000000
0.0410000000
0.0410000000
0.0410000000
0.0410000000
0.0410000000
0.0410000000
0.0410000000
0.0410000000
0.0410000000
0.0410000000
0.0410000000
0.0410000000
0.0410000000
0.0410000000
0.0410000000
0.0410000000
0.0410000000
0.0410000000
0.0410000000
0.0410000000
0.0410000000
0.0410000000
0.0410000000
0.0410000000
0.0410000000
0.0410000000
0.0410000000
0.0410000000
0.0410000000
0.0410000000
0.0410000000
0.0410000000
0.0410000000
0.0410000000
0.0410000000
0.0410000000
0.0410000000
0.0410000000
0.0410000000
0.0410000000
0.0410000000
0.0410000000
0.0410000000
0.0410000000
0.0410000000
0.0410000000
0.0410000000
0.0410000000
0.0410000000
0.0410000000
0.0410000000
0.0410000000
0.0410000000
0.0410000000
0.0410000000
0.0410000000
0.0410000000
0.0410000000
0.0410000000
0.0410000000
0.0410000000
0.0410000000
0.0410000000
0.0410000000
0.0410000000
0.0410000000
0.0410000000
0.0410000000
0.0410000000
0.0410000000
0.0410000000
0.0410000000
0.0410000000
0.0410000000
0.0410000000
0.0410000000
0.0410000000
0.0410000000
0.0410000000
0.0410000000
0.0410000000
0.0410000000
0.0410000000
0.0410000000
0.0410000000
0.0410000000
0.0410000000
0.0410000000
0.0410000000
0.0410000000
0.0410000000
0.0410000000
0.0410000000
0.0410000000
0.0410000000
0.0410000000
0.0410000000
0.0410000000
0.0410000000
0.0410000000
0.0410000000
0.0410000000
0.0410000000
0.0410000000
0.0410000000
0.0410000000
0.0410000000
0.0410000000
0.0410000000
0.0410000000
0.0410000000
0.0410000000
0.0410000000
0.0410000000
0.0410000000
0.0410000000
0.0410000000
0.0410000000
0.0410000000
0.0410000000
0.0410000000
0.0410000000
0.0410000000
0.0410000000
0.0410000000
0.0410000000
0.0410000000
0.0410000000
0.0410000000
0.0410000000
0.0410000000
0.0410000000
0.0410000000
0.0410000000
0.0410000000
0.0410000000
0.0410000000
0.0410000000
0.0410000000
0.0410000000
0.0410000000
0.0410000000
0.0410000000
0.0410000000
0.0410000000
0.0410000000
0.0410000000
0.0410000000
0.0410000000
0.0410000000
0.0410000000
0.0410000000
0.0410000000
0.0410000000
0.0410000000
0.0410000000
0.0410000000
0.0410000000
0.0410000000
0.0410000000
0.0410000000
0.0410000000
0.0410000000
0.0410000000
0.0410000000
0.0410000000
0.0410000000
0.0410000000
0.0410000000
0.0410000000
0.0410000000
0.0410000000
0.0410000000
0.0410000000
0.0410000000
0.0410000000
0.0410000000
0.0410000000
0.0410000000
0.0410000000
0.0410000000
0.0410000000
0.0410000000
0.0410000000
0.0410000000
0.0410000000
0.0410000000
0.0410000000
0.0410000000
0.0410000000
0.0410000000
0.0410000000
0.0410000000
0.0410000000
0.0410000000
0.0410000000
0.0410000000
0.0410000000
0.0410000000
0.0410000000
0.0410000000
0.0410000000
0.0410000000
0.0410000000
0.0410000000
0.0410000000
0.0410000000
0.0410000000
0.0410000000
0.0410000000
0.0410000000
0.0410000000
0.0410000000
0.0410000000
0.0410000000
0.0410000000
0.0410000000
0.0410000000
0.0410000000
0.0410000000
0.0410000000
0.0410000000
0.0410000000
0.0410000000
0.0410000000
0.0410000000
0.0410000000
0.0410000000
0.0410000000
0.0410000000
0.0410000000
0.0410000000
0.0410000000
0.0410000000
0.0410000000
0.0410000000
0.0410000000
0.0410000000
0.0410000000
0.0410000000
0.0410000000
0.0410000000
0.0410000000
0.0410000000
0.0410000000
0.0410000000
0.0410000000
0.0410000000
0.0410000000
0.0410000000
0.0410000000
0.0410000000
0.0410000000
0.0410000000
0.0410000000
0.0410000000
0.0410000000
0.0410000000
0.0410000000
0.0410000000
0.0410000000
0.0410000000
0.0410000000
0.0410000000
0.0410000000
0.0410000000
0.0410000000
0.0410000000
0.0410000000
0.0410000000
0.0410000000
0.0410000000
0.0410000000
0.0410000000
0.0410000000
0.0410000000
0.0410000000
0.0410000000
0.0410000000
0.0410000000
0.0410000000
0.0410000000
0.0410000000
0.0410000000
0.0410000000
0.0410000000
0.0410000000
0.0410000000
0.0410000000
0.0410000000
0.0410000000
0.0410000000
0.0410000000
0.0410000000
0.0410000000
0.0410000000
0.0410000000
0.0410000000
0.0410000000
0.0410000000
0.0410000000
0.0410000000
0.0410000000
0.0410000000
0.0410000000
0.0410000000
0.0410000000
0.0410000000
0.0410000000
0.0410000000
0.0410000000
0.0410000000
0.0410000000
0.0410000000
0.0410000000
0.0410000000
0.0410000000
0.0410000000
0.0410000000
0.0410000000
0.0410000000
0.0410000000
0.0410000000
0.0410000000
0.0410000000
0.0410000000
0.0410000000
0.0410000000
0.0410000000
0.0410000000
0.0410000000
0.0410000000
0.0410000000
0.0410000000
0.0410000000
0.0410000000
0.0410000000
0.0410000000
0.0410000000
0.0410000000
0.0410000000
0.0410000000
0.0410000000
0.0410000000
0.0410000000
0.0410000000
0.0410000000
0.0410000000
0.0410000000
0.0410000000
0.0410000000
0.0410000000
0.0410000000
0.0410000000
0.0410000000
0.0410000000
0.0410000000
0.0410000000
0.0410000000
0.0410000000
0.0410000000
0.0410000000
0.0410000000
0.0410000000
0.0410000000
0.0410000000
0.0410000000
0.0410000000
0.0410000000
0.0410000000
0.0410000000
0.0410000000
0.0410000000
0.0410000000
0.0410000000
0.0410000000
0.0410000000
0.0410000000
0.0410000000
0.0410000000
0.0410000000
0.0410000000
0.0410000000
0.0410000000
0.0410000000
0.0410000000
0.0410000000
0.0410000000
0.0410000000
0.0410000000
0.0410000000
0.0410000000
0.0410000000
0.0410000000
0.0410000000
0.0410000000
0.0410000000
0.0410000000
0.0410000000
0.0410000000
0.0410000000
0.0410000000
0.0410000000
0.0410000000
0.0410000000
0.0410000000
0.0410000000
0.0410000000
0.0410000000
0.0410000000
0.0410000000
0.0410000000
0.0410000000
0.0410000000
0.0410000000
0.0410000000
0.0410000000
0.0410000000
0.0410000000
0.0410000000
0.0410000000
0.0410000000
0.0410000000
0.0410000000
0.0410000000
0.0410000000
0.0410000000
0.0410000000
0.0410000000
0.0410000000
0.0410000000
0.0410000000
0.0410000000
0.0410000000
0.0410000000
0.0410000000
0.0410000000
0.0410000000
0.0410000000
0.0410000000
0.0410000000
0.0410000000
0.0410000000
0.0410000000
0.0410000000
0.0410000000
0.0410000000
0.0410000000
0.0410000000
0.0410000000
0.0410000000
0.0410000000
0.0410000000
0.0410000000
0.0410000000
0.0410000000
0.0410000000
0.0410000000
0.0410000000
0.0410000000
0.0410000000
0.0410000000
0.0410000000
0.0410000000
0.0410000000
0.0410000000
0.0410000000
0.0410000000
0.0410000000
0.0410000000
0.0410000000
0.0410000000
0.0410000000
0.0410000000
0.0410000000
0.0410000000
0.0410000000
0.0410000000
0.0410000000
0.0410000000
0.0410000000
0.0410000000
0.0410000000
0.0410000000
0.0410000000
0.0410000000
0.0410000000
0.0410000000
0.0410000000
0.0410000000
0.0410000000
0.0410000000
0.0410000000
0.0410000000
0.0410000000
0.0410000000
0.0410000000
0.0410000000
0.0410000000
0.0410000000
0.0410000000
0.0410000000
0.0410000000
0.0410000000
0.0410000000
0.0410000000
0.0410000000
0.0410000000
0.0410000000
0.0410000000
0.0410000000
0.0410000000
0.0410000000
0.0410000000
0.0410000000
0.0410000000
0.0410000000
0.0410000000
0.0410000000
0.0410000000
0.0410000000
0.0410000000
0.0410000000
0.0410000000
0.0410000000
0.0410000000
0.0410000000
0.0410000000
0.0410000000
0.0410000000
0.0410000000
0.0410000000
0.0410000000
0.0410000000
0.0410000000
0.0410000000
0.0410000000
0.0410000000
0.0410000000
0.0410000000
0.0410000000
0.0410000000
0.0410000000
0.0410000000
0.0410000000
0.0410000000
0.0410000000
0.0410000000
0.0410000000
0.0410000000
0.0410000000
0.0410000000
0.0410000000
0.0410000000
0.0410000000
0.0410000000
0.0410000000
0.0410000000
0.0410000000
0.0410000000
0.0410000000
0.0410000000
0.0410000000
0.0410000000
0.0410000000
0.0410000000
0.0410000000
0.0410000000
0.0410000000
0.0410000000
0.0410000000
0.0410000000
0.0410000000
0.0410000000
0.0410000000
0.0410000000
0.0410000000
0.0410000000
0.0410000000
0.0410000000
0.0410000000
0.0410000000
0.0410000000
0.0410000000
0.0410000000
0.0410000000
0.0410000000
0.0410000000
0.0410000000
0.0410000000
0.0410000000
0.0410000000
0.0410000000
0.0410000000
0.0410000000
0.0410000000
0.0410000000
0.0410000000
0.0410000000
0.0410000000
0.0410000000
0.0410000000
0.0410000000
0.0410000000
0.0410000000
0.0410000000
0.0410000000
0.0410000000
0.0410000000
0.0410000000
0.0410000000
0.0410000000
0.0410000000
0.0410000000
0.0410000000
0.0410000000
0.0410000000
0.0410000000
0.0410000000
0.0410000000
0.0410000000
0.0410000000
0.0410000000
0.0410000000
0.0410000000
0.0410000000
0.0410000000
0.0410000000
0.0410000000
0.0410000000
0.0410000000
0.0410000000
0.0410000000
0.0410000000
0.0410000000
0.0410000000
0.0410000000
0.0410000000
0.0410000000
0.0410000000
0.0410000000
0.0410000000
0.0410000000
0.0410000000
0.0410000000
0.0410000000
0.0410000000
0.0410000000
0.0410000000
0.0410000000
0.0410000000
0.0410000000
0.0410000000
0.0410000000
0.0410000000
0.0410000000
0.0410000000
0.0410000000
0.0410000000
0.0410000000
0.0410000000
0.0410000000
0.0410000000
0.0410000000
0.0410000000
0.0410000000
0.0410000000
0.0410000000
0.0410000000
0.0410000000
0.0410000000
0.0410000000
0.0410000000
0.0410000000
0.0410000000
0.0410000000
0.0410000000
0.0410000000
0.0410000000
0.0410000000
0.0410000000
0.0410000000
0.0410000000
0.0410000000
0.0410000000
0.0410000000
0.0410000000
0.0410000000
0.0410000000
0.0410000000
0.0410000000
0.0410000000
0.0410000000
0.0410000000
0.0410000000
0.0410000000
0.0410000000
0.0410000000
0.0410000000
0.0410000000
0.0410000000
0.0410000000
0.0410000000
0.0410000000
0.0410000000
0.0410000000
0.0410000000
0.0410000000
0.0410000000
0.0410000000
0.0410000000
0.0410000000
0.0410000000
0.0410000000
0.0410000000
0.0410000000
0.0410000000
0.0410000000
0.0410000000
0.0410000000
0.0410000000
0.0410000000
0.0410000000
0.0410000000
0.0410000000
0.0410000000
0.0410000000
0.0410000000
0.0410000000
0.0410000000
0.0410000000
0.0410000000
0.0410000000
0.0410000000
0.0410000000
0.0410000000
0.0410000000
0.0410000000
0.0410000000
0.0410000000
0.0410000000
0.0410000000
0.0410000000
0.0410000000
0.0410000000
0.0410000000
0.0410000000
0.0410000000
0.0410000000
0.0410000000
0.0410000000
0.0410000000
0.0410000000
0.0410000000
0.0410000000
0.0410000000
0.0410000000
0.0410000000
0.0410000000
0.0410000000
0.0410000000
0.0410000000
0.0410000000
0.0410000000
0.0410000000
0.0410000000
0.0410000000
0.0410000000
0.0410000000
0.0410000000
0.0410000000
0.0410000000
0.0410000000
0.0410000000
0.0410000000
0.0410000000
0.0410000000
0.0410000000
0.0410000000
0.0410000000
0.0410000000
0.0410000000
0.0410000000
0.0410000000
0.0410000000
0.0410000000
0.0410000000
0.0410000000
0.0410000000
0.0410000000
0.0410000000
0.0410000000
0.0410000000
0.0410000000
0.0410000000
0.0410000000
0.0410000000
0.0410000000
0.0410000000
0.0410000000
0.0410000000
0.0410000000
0.0410000000
0.0410000000
0.0410000000
0.0410000000
0.0410000000
0.0410000000
0.0410000000
0.0410000000
0.0410000000
0.0410000000
0.0410000000
0.0410000000
0.0410000000
0.0410000000
0.0410000000
0.0410000000
0.0410000000
0.0410000000
0.0410000000
0.0410000000
0.0410000000
0.0410000000
0.0410000000
0.0410000000
0.0410000000
0.0410000000
0.0410000000
0.0410000000
0.0410000000
0.0410000000
0.0410000000
0.0410000000
0.0410000000
0.0410000000
0.0410000000
0.0410000000
0.0410000000
0.0410000000
0.0410000000
0.0410000000
0.0410000000
0.0410000000
0.0410000000
0.0410000000
0.0410000000
0.0410000000
0.0410000000
0.0410000000
0.0410000000
0.0410000000
0.0410000000
0.0410000000
0.0410000000
0.0410000000
0.0410000000
0.0410000000
0.0410000000
0.0410000000
0.0410000000
0.0410000000
0.0410000000
0.0410000000
0.0410000000
0.0410000000
0.0410000000
0.0410000000
0.0410000000
0.0410000000
0.0410000000
0.0410000000
0.0410000000
0.0410000000
0.0410000000
0.0410000000
0.0410000000
0.0410000000
0.0410000000
0.0410000000
0.0410000000
0.0410000000
0.0410000000
0.0410000000
0.0410000000
0.0410000000
0.0410000000
0.0410000000
0.0410000000
0.0410000000
0.0410000000
0.0410000000
0.0410000000
0.0410000000
0.0410000000
0.0410000000
0.0410000000
0.0410000000
0.0410000000
0.0410000000
0.0410000000
0.0410000000
0.0410000000
0.0410000000
0.0410000000
0.0410000000
0.0410000000
0.0410000000
0.0410000000
0.0410000000
0.0410000000
0.0410000000
0.0410000000
0.0410000000
0.0410000000
0.0410000000
0.0410000000
0.0410000000
0.0410000000
0.0410000000
0.0410000000
0.0410000000
0.0410000000
0.0410000000
0.0410000000
0.0410000000
0.0410000000
0.0410000000
0.0410000000
0.0410000000
0.0410000000
0.0410000000
0.0410000000
0.0410000000
0.0410000000
0.0410000000
0.0410000000
0.0410000000
0.0410000000
0.0410000000
0.0410000000
0.0410000000
0.0410000000
0.0410000000
0.0410000000
0.0410000000
0.0410000000
0.0410000000
0.0410000000
0.0410000000
0.0410000000
0.0410000000
0.0410000000
0.0410000000
0.0410000000
0.0410000000
0.0410000000
0.0410000000
0.0410000000
0.0410000000
0.0410000000
0.0410000000
0.0410000000
0.0410000000
0.0410000000
0.0410000000
0.0410000000
0.0410000000
0.0410000000
0.0410000000
0.0410000000
0.0410000000
0.0410000000
0.0410000000
0.0410000000
0.0410000000
0.0410000000
0.0410000000
0.0410000000
0.0410000000
0.0410000000
0.0410000000
0.0410000000
0.0410000000
0.0410000000
0.0410000000
0.0410000000
0.0410000000
0.0410000000
0.0410000000
0.0410000000
0.0410000000
0.0410000000
0.0410000000
0.0410000000
0.0410000000
0.0410000000
0.0410000000
0.0410000000
0.0410000000
0.0410000000
0.0410000000
0.0410000000
0.0410000000
0.0410000000
0.0410000000
0.0410000000
0.0410000000
0.0410000000
0.0410000000
0.0410000000
0.0410000000
0.0410000000
0.0410000000
0.0410000000
0.0410000000
0.0410000000
0.0410000000
0.0410000000
0.0410000000
0.0410000000
0.0410000000
0.0410000000
0.0410000000
0.0410000000
0.0410000000
0.0410000000
0.0410000000
0.0410000000
0.0410000000
0.0410000000
0.0410000000
0.0410000000
0.0410000000
0.0410000000
0.0410000000
0.0410000000
0.0410000000
0.0410000000
0.0410000000
0.0410000000
0.0410000000
0.0410000000
0.0410000000
0.0410000000
0.0410000000
0.0410000000
0.0410000000
0.0410000000
0.0410000000
0.0410000000
0.0410000000
0.0410000000
0.0410000000
0.0410000000
0.0410000000
0.0410000000
0.0410000000
0.0410000000
0.0410000000
0.0410000000
0.0410000000
0.0410000000
0.0410000000
0.0410000000
0.0410000000
0.0410000000
0.0410000000
0.0410000000
0.0410000000
0.0410000000
0.0410000000
0.0410000000
0.0410000000
0.0410000000
0.0410000000
0.0410000000
0.0410000000
0.0410000000
0.0410000000
0.0410000000
0.0410000000
0.0410000000
0.0410000000
0.0410000000
0.0410000000
0.0410000000
0.0410000000
0.0410000000
0.0410000000
0.0410000000
0.0410000000
0.0410000000
0.0410000000
0.0410000000
0.0410000000
0.0410000000
0.0410000000
0.0410000000
0.0410000000
0.0410000000
0.0410000000
0.0410000000
0.0410000000
0.0410000000
0.0410000000
0.0410000000
0.0410000000
0.0410000000
0.0410000000
0.0410000000
0.0410000000
0.0410000000
0.0410000000
0.0410000000
0.0410000000
0.0410000000
0.0410000000
0.0410000000
0.0410000000
0.0410000000
0.0410000000
0.0410000000
0.0410000000
0.0410000000
0.0410000000
0.0410000000
0.0410000000
0.0410000000
0.0410000000
0.0410000000
0.0410000000
0.0410000000
0.0410000000
0.0410000000
0.0410000000
0.0410000000
0.0410000000
0.0410000000
0.0410000000
0.0410000000
0.0410000000
0.0410000000
0.0410000000
0.0410000000
0.0410000000
0.0410000000
0.0410000000
0.0410000000
0.0410000000
0.0410000000
0.0410000000
0.0410000000
0.0410000000
0.0410000000
0.0410000000
0.0410000000
0.0410000000
0.0410000000
0.0410000000
0.0410000000
0.0410000000
0.0410000000
0.0410000000
0.0410000000
0.0410000000
0.0410000000
0.0410000000
0.0410000000
0.0410000000
0.0410000000
0.0410000000
0.0410000000
0.0410000000
0.0410000000
0.0410000000
0.0410000000
0.0410000000
0.0410000000
0.0410000000
0.0410000000
0.0410000000
0.0410000000
0.0410000000
0.0410000000
0.0410000000
0.0410000000
0.0410000000
0.0410000000
0.0410000000
0.0410000000
0.0410000000
0.0410000000
0.0410000000
0.0410000000
0.0410000000
0.0410000000
0.0410000000
0.0410000000
0.0410000000
0.0410000000
0.0410000000
0.0410000000
0.0410000000
0.0410000000
0.0410000000
0.0410000000
0.0410000000
0.0410000000
0.0410000000
0.0410000000
0.0410000000
0.0410000000
0.0410000000
0.0410000000
0.0410000000
0.0410000000
0.0410000000
0.0410000000
0.0410000000
0.0410000000
0.0410000000
0.0410000000
0.0410000000
0.0410000000
0.0410000000
0.0410000000
0.0410000000
0.0410000000
0.0410000000
0.0410000000
0.0410000000
0.0410000000
0.0410000000
0.0410000000
0.0410000000
0.0410000000
0.0410000000
0.0410000000
0.0410000000
0.0410000000
0.0410000000
0.0410000000
0.0410000000
0.0410000000
0.0410000000
0.0410000000
0.0410000000
0.0410000000
0.0410000000
0.0410000000
0.0410000000
0.0410000000
0.0410000000
0.0410000000
0.0410000000
0.0410000000
0.0410000000
0.0410000000
0.0410000000
0.0410000000
0.0410000000
0.0410000000
0.0410000000
0.0410000000
0.0410000000
0.0410000000
0.0410000000
0.0410000000
0.0410000000
0.0410000000
0.0410000000
0.0410000000
0.0410000000
0.0410000000
0.0410000000
0.0410000000
0.0410000000
0.0410000000
0.0410000000
0.0410000000
0.0410000000
0.0410000000
0.0410000000
0.0410000000
0.0410000000
0.0410000000
0.0410000000
0.0410000000
0.0410000000
0.0410000000
0.0410000000
0.0410000000
0.0410000000
0.0410000000
0.0410000000
0.0410000000
0.0410000000
0.0410000000
0.0410000000
0.0410000000
0.0410000000
0.0410000000
0.0410000000
0.0410000000
0.0410000000
0.0410000000
0.0410000000
0.0410000000
0.0410000000
0.0410000000
0.0410000000
0.0410000000
0.0410000000
0.0410000000
0.0410000000
0.0410000000
0.0410000000
0.0410000000
0.0410000000
0.0410000000
0.0410000000
0.0410000000
0.0410000000
0.0410000000
0.0410000000
0.0410000000
0.0410000000
0.0410000000
0.0410000000
0.0410000000
0.0410000000
0.0410000000
0.0410000000
0.0410000000
0.0410000000
0.0410000000
0.0410000000
0.0410000000
0.0410000000
0.0410000000
0.0410000000
0.0410000000
0.0410000000
0.0410000000
0.0410000000
0.0410000000
0.0410000000
0.0410000000
0.0410000000
0.0410000000
0.0410000000
0.0410000000
0.0410000000
0.0410000000
0.0410000000
0.0410000000
0.0410000000
0.0410000000
0.0410000000
0.0410000000
0.0410000000
0.0410000000
0.0410000000
0.0410000000
0.0410000000
0.0410000000
0.0410000000
0.0410000000
0.0410000000
0.0410000000
0.0410000000
0.0410000000
0.0410000000
0.0410000000
0.0410000000
0.0410000000
0.0410000000
0.0410000000
0.0410000000
0.0410000000
0.0410000000
0.0410000000
0.0410000000
0.0410000000
0.0410000000
0.0410000000
0.0410000000
0.0410000000
0.0410000000
0.0410000000
0.0410000000
0.0410000000
0.0410000000
0.0410000000
0.0410000000
0.0410000000
0.0410000000
0.0410000000
0.0410000000
0.0410000000
0.0410000000
0.0410000000
0.0410000000
0.0410000000
0.0410000000
0.0410000000
0.0410000000
0.0410000000
0.0410000000
0.0410000000
0.0410000000
0.0410000000
0.0410000000
0.0410000000
0.0410000000
0.0410000000
0.0410000000
0.0410000000
0.0410000000
0.0410000000
0.0410000000
0.0410000000
0.0410000000
0.0410000000
0.0410000000
0.0410000000
0.0410000000
0.0410000000
0.0410000000
0.0410000000
0.0410000000
0.0410000000
0.0410000000
0.0410000000
0.0410000000
0.0410000000
0.0410000000
0.0410000000
0.0410000000
0.0410000000
0.0410000000
0.0410000000
0.0410000000
0.0410000000
0.0410000000
0.0410000000
0.0410000000
0.0410000000
0.0410000000
0.0410000000
0.0410000000
0.0410000000
0.0410000000
0.0410000000
0.0410000000
0.0410000000
0.0410000000
0.0410000000
0.0410000000
0.0410000000
0.0410000000
0.0410000000
0.0410000000
0.0410000000
0.0410000000
0.0410000000
0.0410000000
0.0410000000
0.0410000000
0.0410000000
0.0410000000
0.0410000000
0.0410000000
0.0410000000
0.0410000000
0.0410000000
0.0410000000
0.0410000000
0.0410000000
0.0410000000
0.0410000000
0.0410000000
0.0410000000
0.0410000000
0.0410000000
0.0410000000
0.0410000000
0.0410000000
0.0410000000
0.0410000000
0.0410000000
0.0410000000
0.0410000000
0.0410000000
0.0410000000
0.0410000000
0.0410000000
0.0410000000
0.0410000000
0.0410000000
0.0410000000
0.0410000000
0.0410000000
0.0410000000
0.0410000000
0.0410000000
0.0410000000
0.0410000000
0.0410000000
0.0410000000
0.0410000000
0.0410000000
0.0410000000
0.0410000000
0.0410000000
0.0410000000
0.0410000000
0.0410000000
0.0410000000
0.0410000000
0.0410000000
0.0410000000
0.0410000000
0.0410000000
0.0410000000
0.0410000000
0.0410000000
0.0410000000
0.0410000000
0.0410000000
0.0410000000
0.0410000000
0.0410000000
0.0410000000
0.0410000000
0.0410000000
0.0410000000
0.0410000000
0.0410000000
0.0410000000
0.0410000000
0.0410000000
0.0410000000
0.0410000000
0.0410000000
0.0410000000
0.0410000000
0.0410000000
0.0410000000
0.0410000000
0.0410000000
0.0410000000
0.0410000000
0.0410000000
0.0410000000
0.0410000000
0.0410000000
0.0410000000
0.0410000000
0.0410000000
0.0410000000
0.0410000000
0.0410000000
0.0410000000
0.0410000000
0.0410000000
0.0410000000
0.0410000000
0.0410000000
0.0410000000
0.0410000000
0.0410000000
0.0410000000
0.0410000000
0.0410000000
0.0410000000
0.0410000000
0.0410000000
0.0410000000
0.0410000000
0.0410000000
0.0410000000
0.0410000000
0.0410000000
0.0410000000
0.0410000000
0.0410000000
0.0410000000
0.0410000000
0.0410000000
0.0410000000
0.0410000000
0.0410000000
0.0410000000
0.0410000000
0.0410000000
0.0410000000
0.0410000000
0.0410000000
0.0410000000
0.0410000000
0.0410000000
0.0410000000
0.0410000000
0.0410000000
0.0410000000
0.0410000000
0.0410000000
0.0410000000
0.0410000000
0.0410000000
0.0410000000
0.0410000000
0.0410000000
0.0410000000
0.0410000000
0.0410000000
0.0410000000
0.0410000000
0.0410000000
0.0410000000
0.0410000000
0.0410000000
0.0410000000
0.0410000000
0.0410000000
0.0410000000
0.0410000000
0.0410000000
0.0410000000
0.0410000000
0.0410000000
0.0410000000
0.0410000000
0.0410000000
0.0410000000
0.0410000000
0.0410000000
0.0410000000
0.0410000000
0.0410000000
0.0410000000
0.0410000000
0.0410000000
0.0410000000
0.0410000000
0.0410000000
0.0410000000
0.0410000000
0.0410000000
0.0410000000
0.0410000000
0.0410000000
0.0410000000
0.0410000000
0.0410000000
0.0410000000
0.0410000000
0.0410000000
0.0410000000
0.0410000000
0.0410000000
0.0410000000
0.0410000000
0.0410000000
0.0410000000
0.0410000000
0.0410000000
0.0410000000
0.0410000000
0.0410000000
0.0410000000
0.0410000000
0.0410000000
0.0410000000
0.0410000000
0.0410000000
0.0410000000
0.0410000000
0.0410000000
0.0410000000
0.0410000000
0.0410000000
0.0410000000
0.0410000000
0.0410000000
0.0410000000
0.0410000000
0.0410000000
0.0410000000
0.0410000000
0.0410000000
0.0410000000
0.0410000000
0.0410000000
0.0410000000
0.0410000000
0.0410000000
0.0410000000
0.0410000000
0.0410000000
0.0410000000
0.0410000000
0.0410000000
0.0410000000
0.0410000000
0.0410000000
0.0410000000
0.0410000000
0.0410000000
0.0410000000
0.0410000000
0.0410000000
0.0410000000
0.0410000000
0.0410000000
0.0410000000
0.0410000000
0.0410000000
0.0410000000
0.0410000000
0.0410000000
0.0410000000
0.0410000000
0.0410000000
0.0410000000
0.0410000000
0.0410000000
0.0410000000
0.0410000000
0.0410000000
0.0410000000
0.0410000000
0.0410000000
0.0410000000
0.0410000000
0.0410000000
0.0410000000
0.0410000000
0.0410000000
0.0410000000
0.0410000000
0.0410000000
0.0410000000
0.0410000000
0.0410000000
0.0410000000
0.0410000000
0.0410000000
0.0410000000
0.0410000000
0.0410000000
0.0410000000
0.0410000000
0.0410000000
0.0410000000
0.0410000000
0.0410000000
0.0410000000
0.0410000000
0.0410000000
0.0410000000
0.0410000000
0.0410000000
0.0410000000
0.0410000000
0.0410000000
0.0410000000
0.0410000000
0.0410000000
0.0410000000
0.0410000000
0.0410000000
0.0410000000
0.0410000000
0.0410000000
0.0410000000
0.0410000000
0.0410000000
0.0410000000
0.0410000000
0.0410000000
0.0410000000
0.0410000000
0.0410000000
0.0410000000
0.0410000000
0.0410000000
0.0410000000
0.0410000000
0.0410000000
0.0410000000
0.0410000000
0.0410000000
0.0410000000
0.0410000000
0.0410000000
0.0410000000
0.0410000000
0.0410000000
0.0410000000
0.0410000000
0.0410000000
0.0410000000
0.0410000000
0.0410000000
0.0410000000
0.0410000000
0.0410000000
0.0410000000
0.0410000000
0.0410000000
0.0410000000
0.0410000000
0.0410000000
0.0410000000
0.0410000000
0.0410000000
0.0410000000
0.0410000000
0.0410000000
0.0410000000
0.0410000000
0.0410000000
0.0410000000
0.0410000000
0.0410000000
0.0410000000
0.0410000000
0.0410000000
0.0410000000
0.0410000000
0.0410000000
0.0410000000
0.0410000000
0.0410000000
0.0410000000
0.0410000000
0.0410000000
0.0410000000
0.0410000000
0.0410000000
0.0410000000
0.0410000000
0.0410000000
0.0410000000
0.0410000000
0.0410000000
0.0410000000
0.0410000000
0.0410000000
0.0410000000
0.0410000000
0.0410000000
0.0410000000
0.0410000000
0.0410000000
0.0410000000
0.0410000000
0.0410000000
0.0410000000
0.0410000000
0.0410000000
0.0410000000
0.0410000000
0.0410000000
0.0410000000
0.0410000000
0.0410000000
0.0410000000
0.0410000000
0.0410000000
0.0410000000
0.0410000000
0.0410000000
0.0410000000
0.0410000000
0.0410000000
0.0410000000
0.0410000000
0.0410000000
0.0410000000
0.0410000000
0.0410000000
0.0410000000
0.0410000000
0.0410000000
0.0410000000
0.0410000000
0.0410000000
0.0410000000
0.0410000000
0.0410000000
0.0410000000
0.0410000000
0.0410000000
0.0410000000
0.0410000000
0.0410000000
0.0410000000
0.0410000000
0.0410000000
0.0410000000
0.0410000000
0.0410000000
0.0410000000
0.0410000000
0.0410000000
0.0410000000
0.0410000000
0.0410000000
0.0410000000
0.0410000000
0.0410000000
0.0410000000
0.0410000000
0.0410000000
0.0410000000
0.0410000000
0.0410000000
0.0410000000
0.0410000000
0.0410000000
0.0410000000
0.0410000000
0.0410000000
0.0410000000
0.0410000000
0.0410000000
0.0410000000
0.0410000000
0.0410000000
0.0410000000
0.0410000000
0.0410000000
0.0410000000
0.0410000000
0.0410000000
0.0410000000
0.0410000000
0.0410000000
0.0410000000
0.0410000000
0.0410000000
0.0410000000
0.0410000000
0.0410000000
0.0410000000
0.0410000000
0.0410000000
0.0410000000
0.0410000000
0.0410000000
0.0410000000
0.0410000000
0.0410000000
0.0410000000
0.0410000000
0.0410000000
0.0410000000
0.0410000000
0.0410000000
0.0410000000
0.0410000000
0.0410000000
0.0410000000
0.0410000000
0.0410000000
0.0410000000
0.0410000000
0.0410000000
0.0410000000
0.0410000000
0.0410000000
0.0410000000
0.0410000000
0.0410000000
0.0410000000
0.0410000000
0.0410000000
0.0410000000
0.0410000000
0.0410000000
0.0410000000
0.0410000000
0.0410000000
0.0410000000
0.0410000000
0.0410000000
0.0410000000
0.0410000000
0.0410000000
0.0410000000
0.0410000000
0.0410000000
0.0410000000
0.0410000000
0.0410000000
0.0410000000
0.0410000000
0.0410000000
0.0410000000
0.0410000000
0.0410000000
0.0410000000
0.0410000000
0.0410000000
0.0410000000
0.0410000000
0.0410000000
0.0410000000
0.0410000000
0.0410000000
0.0410000000
0.0410000000
0.0410000000
0.0410000000
0.0410000000
0.0410000000
0.0410000000
0.0410000000
0.0410000000
0.0410000000
0.0410000000
0.0410000000
0.0410000000
0.0410000000
0.0410000000
0.0410000000
0.0410000000
0.0410000000
0.0410000000
0.0410000000
0.0410000000
0.0410000000
0.0410000000
0.0410000000
0.0410000000
0.0410000000
0.0410000000
0.0410000000
0.0410000000
0.0410000000
0.0410000000
0.0410000000
0.0410000000
0.0410000000
0.0410000000
0.0410000000
0.0410000000
0.0410000000
0.0410000000
0.0410000000
0.0410000000
0.0410000000
0.0410000000
0.0410000000
0.0410000000
0.0410000000
0.0410000000
0.0410000000
0.0410000000
0.0410000000
0.0410000000
0.0410000000
0.0410000000
0.0410000000
0.0410000000
0.0410000000
0.0410000000
0.0410000000
0.0410000000
0.0410000000
0.0410000000
0.0410000000
0.0410000000
0.0410000000
0.0410000000
0.0410000000
0.0410000000
0.0410000000
0.0410000000
0.0410000000
0.0410000000
0.0410000000
0.0410000000
0.0410000000
0.0410000000
0.0410000000
0.0410000000
0.0410000000
0.0410000000
0.0410000000
0.0410000000
0.0410000000
0.0410000000
0.0410000000
0.0410000000
0.0410000000
0.0410000000
0.0410000000
0.0410000000
0.0410000000
0.0410000000
0.0410000000
0.0410000000
0.0410000000
0.0410000000
0.0410000000
0.0410000000
0.0410000000
0.0410000000
0.0410000000
0.0410000000
0.0410000000
0.0410000000
0.0410000000
0.0410000000
0.0410000000
0.0410000000
0.0410000000
0.0410000000
0.0410000000
0.0410000000
0.0410000000
0.0410000000
0.0410000000
0.0410000000
0.0410000000
0.0410000000
0.0410000000
0.0410000000
0.0410000000
0.0410000000
0.0410000000
0.0410000000
0.0410000000
0.0410000000
0.0410000000
0.0410000000
0.0410000000
0.0410000000
0.0410000000
0.0410000000
0.0410000000
0.0410000000
0.0410000000
0.0410000000
0.0410000000
0.0410000000
0.0410000000
0.0410000000
0.0410000000
0.0410000000
0.0410000000
0.0410000000
0.0410000000
0.0410000000
0.0410000000
0.0410000000
0.0410000000
0.0410000000
0.0410000000
0.0410000000
0.0410000000
0.0410000000
0.0410000000
0.0410000000
0.0410000000
0.0410000000
0.0410000000
0.0410000000
0.0410000000
0.0410000000
0.0410000000
0.0410000000
0.0410000000
0.0410000000
0.0410000000
0.0410000000
0.0410000000
0.0410000000
0.0410000000
0.0410000000
0.0410000000
0.0410000000
0.0410000000
0.0410000000
0.0410000000
0.0410000000
0.0410000000
0.0410000000
0.0410000000
0.0410000000
0.0410000000
0.0410000000
0.0410000000
0.0410000000
0.0410000000
0.0410000000
0.0410000000
0.0410000000
0.0410000000
0.0410000000
0.0410000000
0.0410000000
0.0410000000
0.0410000000
0.0410000000
0.0410000000
0.0410000000
0.0410000000
0.0410000000
0.0410000000
0.0410000000
0.0410000000
0.0410000000
0.0410000000
0.0410000000
0.0410000000
0.0410000000
0.0410000000
0.0410000000
0.0410000000
0.0410000000
0.0410000000
0.0410000000
0.0410000000
0.0410000000
0.0410000000
0.0410000000
0.0410000000
0.0410000000
0.0410000000
0.0410000000
0.0410000000
0.0410000000
0.0410000000
0.0410000000
0.0410000000
0.0410000000
0.0410000000
0.0410000000
0.0410000000
0.0410000000
0.0410000000
0.0410000000
0.0410000000
0.0410000000
0.0410000000
0.0410000000
0.0410000000
0.0410000000
0.0410000000
0.0410000000
0.0410000000
0.0410000000
0.0410000000
0.0410000000
0.0410000000
0.0410000000
0.0410000000
0.0410000000
0.0410000000
0.0410000000
0.0410000000
0.0410000000
0.0410000000
0.0410000000
0.0410000000
0.0410000000
0.0410000000
0.0410000000
0.0410000000
0.0410000000
0.0410000000
0.0410000000
0.0410000000
0.0410000000
0.0410000000
0.0410000000
0.0410000000
0.0410000000
0.0410000000
0.0410000000
0.0410000000
0.0410000000
0.0410000000
0.0410000000
0.0410000000
0.0410000000
0.0410000000
0.0410000000
0.0410000000
0.0410000000
0.0410000000
0.0410000000
0.0410000000
0.0410000000
0.0410000000
0.0410000000
0.0410000000
0.0410000000
0.0410000000
0.0410000000
0.0410000000
0.0410000000
0.0410000000
0.0410000000
0.0410000000
0.0410000000
0.0410000000
0.0410000000
0.0410000000
0.0410000000
0.0410000000
0.0410000000
0.0410000000
0.0410000000
0.0410000000
0.0410000000
0.0410000000
0.0410000000
0.0410000000
0.0410000000
0.0410000000
0.0410000000
0.0410000000
0.0410000000
0.0410000000
0.0410000000
0.0410000000
0.0410000000
0.0410000000
0.0410000000
0.0410000000
0.0410000000
0.0410000000
0.0410000000
0.0410000000
0.0410000000
0.0410000000
0.0410000000
0.0410000000
0.0410000000
0.0410000000
0.0410000000
0.0410000000
0.0410000000
0.0410000000
0.0410000000
0.0410000000
0.0410000000
0.0410000000
0.0410000000
0.0410000000
0.0410000000
0.0410000000
0.0410000000
0.0410000000
0.0410000000
0.0410000000
0.0410000000
0.0410000000
0.0410000000
0.0410000000
0.0410000000
0.0410000000
0.0410000000
0.0410000000
0.0410000000
0.0410000000
0.0410000000
0.0410000000
0.0410000000
0.0410000000
0.0410000000
0.0410000000
0.0410000000
0.0410000000
0.0410000000
0.0410000000
0.0410000000
0.0410000000
0.0410000000
0.0410000000
0.0410000000
0.0410000000
0.0410000000
0.0410000000
0.0410000000
0.0410000000
0.0410000000
0.0410000000
0.0410000000
0.0410000000
0.0410000000
0.0410000000
0.0410000000
0.0410000000
0.0410000000
0.0410000000
0.0410000000
0.0410000000
0.0410000000
0.0410000000
0.0410000000
0.0410000000
0.0410000000
0.0410000000
0.0410000000
0.0410000000
0.0410000000
0.0410000000
0.0410000000
0.0410000000
0.0410000000
0.0410000000
0.0410000000
0.0410000000
0.0410000000
0.0410000000
0.0410000000
0.0410000000
0.0410000000
0.0410000000
0.0410000000
0.0410000000
0.0410000000
0.0410000000
0.0410000000
0.0410000000
0.0410000000
0.0410000000
0.0410000000
0.0410000000
0.0410000000
0.0410000000
0.0410000000
0.0410000000
0.0410000000
0.0410000000
0.0410000000
0.0410000000
0.0410000000
0.0410000000
0.0410000000
0.0410000000
0.0410000000
0.0410000000
0.0410000000
0.0410000000
0.0410000000
0.0410000000
0.0410000000
0.0410000000
0.0410000000
0.0410000000
0.0410000000
0.0410000000
0.0410000000
0.0410000000
0.0410000000
0.0410000000
0.0410000000
0.0410000000
0.0410000000
0.0410000000
0.0410000000
0.0410000000
0.0410000000
0.0410000000
0.0410000000
0.0410000000
0.0410000000
0.0410000000
0.0410000000
0.0410000000
0.0410000000
0.0410000000
0.0410000000
0.0410000000
0.0410000000
0.0410000000
0.0410000000
0.0410000000
0.0410000000
0.0410000000
0.0410000000
0.0410000000
0.0410000000
0.0410000000
0.0410000000
0.0410000000
0.0410000000
0.0410000000
0.0410000000
0.0410000000
0.0410000000
0.0410000000
0.0410000000
0.0410000000
0.0410000000
0.0410000000
0.0410000000
0.0410000000
0.0410000000
0.0410000000
0.0410000000
0.0410000000
0.0410000000
0.0410000000
0.0410000000
0.0410000000
0.0410000000
0.0410000000
0.0410000000
0.0410000000
0.0410000000
0.0410000000
0.0410000000
0.0410000000
0.0410000000
0.0410000000
0.0410000000
0.0410000000
0.0410000000
0.0410000000
0.0410000000
0.0410000000
0.0410000000
0.0410000000
0.0410000000
0.0410000000
0.0410000000
0.0410000000
0.0410000000
0.0410000000
0.0410000000
0.0410000000
0.0410000000
0.0410000000
0.0410000000
0.0410000000
0.0410000000
0.0410000000
0.0410000000
0.0410000000
0.0410000000
0.0410000000
0.0410000000
0.0410000000
0.0410000000
0.0410000000
0.0410000000
0.0410000000
0.0410000000
0.0410000000
0.0410000000
0.0410000000
0.0410000000
0.0410000000
0.0410000000
0.0410000000
0.0410000000
0.0410000000
0.0410000000
0.0410000000
0.0410000000
0.0410000000
0.0410000000
0.0410000000
0.0410000000
0.0410000000
0.0410000000
0.0410000000
0.0410000000
0.0410000000
0.0410000000
0.0410000000
0.0410000000
0.0410000000
0.0410000000
0.0410000000
0.0410000000
0.0410000000
0.0410000000
0.0410000000
0.0410000000
0.0410000000
0.0410000000
0.0410000000
0.0410000000
0.0410000000
0.0410000000
0.0410000000
0.0410000000
0.0410000000
0.0410000000
0.0410000000
0.0410000000
0.0410000000
0.0410000000
0.0410000000
0.0410000000
0.0410000000
0.0410000000
0.0410000000
0.0410000000
0.0410000000
0.0410000000
0.0410000000
0.0410000000
0.0410000000
0.0410000000
0.0410000000
0.0410000000
0.0410000000
0.0410000000
0.0410000000
0.0410000000
0.0410000000
0.0410000000
0.0410000000
0.0410000000
0.0410000000
0.0410000000
0.0410000000
0.0410000000
0.0410000000
0.0410000000
0.0410000000
0.0410000000
0.0410000000
0.0410000000
0.0410000000
0.0410000000
0.0410000000
0.0410000000
0.0410000000
0.0410000000
0.0410000000
0.0410000000
0.0410000000
0.0410000000
0.0410000000
0.0410000000
0.0410000000
0.0410000000
0.0410000000
0.0410000000
0.0410000000
0.0410000000
0.0410000000
0.0410000000
0.0410000000
0.0410000000
0.0410000000
0.0410000000
0.0410000000
0.0410000000
0.0410000000
0.0410000000
0.0410000000
0.0410000000
0.0410000000
0.0410000000
0.0410000000
0.0410000000
0.0410000000
0.0410000000
0.0410000000
0.0410000000
0.0410000000
0.0410000000
0.0410000000
0.0410000000
0.0410000000
0.0410000000
0.0410000000
0.0410000000
0.0410000000
0.0410000000
0.0410000000
0.0410000000
0.0410000000
0.0410000000
0.0410000000
0.0410000000
0.0410000000
0.0410000000
0.0410000000
0.0410000000
0.0410000000
0.0410000000
0.0410000000
0.0410000000
0.0410000000
0.0410000000
0.0410000000
0.0410000000
0.0410000000
0.0410000000
0.0410000000
0.0410000000
0.0410000000
0.0410000000
0.0410000000
0.0410000000
0.0410000000
0.0410000000
0.0410000000
0.0410000000
0.0410000000
0.0410000000
0.0410000000
0.0410000000
0.0410000000
0.0410000000
0.0410000000
0.0410000000
0.0410000000
0.0410000000
0.0410000000
0.0410000000
0.0410000000
0.0410000000
0.0410000000
0.0410000000
0.0410000000
0.0410000000
0.0410000000
0.0410000000
0.0410000000
0.0410000000
0.0410000000
0.0410000000
0.0410000000
0.0410000000
0.0410000000
0.0410000000
0.0410000000
0.0410000000
0.0410000000
0.0410000000
0.0410000000
0.0410000000
0.0410000000
0.0410000000
0.0410000000
0.0410000000
0.0410000000
0.0410000000
0.0410000000
0.0410000000
0.0410000000
0.0410000000
0.0410000000
0.0410000000
0.0410000000
0.0410000000
0.0410000000
0.0410000000
0.0410000000
0.0410000000
0.0410000000
0.0410000000
0.0410000000
0.0410000000
0.0410000000
0.0410000000
0.0410000000
0.0410000000
0.0410000000
0.0410000000
0.0410000000
0.0410000000
0.0410000000
0.0410000000
0.0410000000
0.0410000000
0.0410000000
0.0410000000
0.0410000000
0.0410000000
0.0410000000
0.0410000000
0.0410000000
0.0410000000
0.0410000000
0.0410000000
0.0410000000
0.0410000000
0.0410000000
0.0410000000
0.0410000000
0.0410000000
0.0410000000
0.0410000000
0.0410000000
0.0410000000
0.0410000000
0.0410000000
0.0410000000
0.0410000000
0.0410000000
0.0410000000
0.0410000000
0.0410000000
0.0410000000
0.0410000000
0.0410000000
0.0410000000
0.0410000000
0.0410000000
0.0410000000
0.0410000000
0.0410000000
0.0410000000
0.0410000000
0.0410000000
0.0410000000
0.0410000000
0.0410000000
0.0410000000
0.0410000000
0.0410000000
0.0410000000
0.0410000000
0.0410000000
0.0410000000
0.0410000000
0.0410000000
0.0410000000
0.0410000000
0.0410000000
0.0410000000
0.0410000000
0.0410000000
0.0410000000
0.0410000000
0.0410000000
0.0410000000
0.0410000000
0.0410000000
0.0410000000
0.0410000000
0.0410000000
0.0410000000
0.0410000000
0.0410000000
0.0410000000
0.0410000000
0.0410000000
0.0410000000
0.0410000000
0.0410000000
0.0410000000
0.0410000000
0.0410000000
0.0410000000
0.0410000000
0.0410000000
0.0410000000
0.0410000000
0.0410000000
0.0410000000
0.0410000000
0.0410000000
0.0410000000
0.0410000000
0.0410000000
0.0410000000
0.0410000000
0.0410000000
0.0410000000
0.0410000000
0.0410000000
0.0410000000
0.0410000000
0.0410000000
0.0410000000
0.0410000000
0.0410000000
0.0410000000
0.0410000000
0.0410000000
0.0410000000
0.0410000000
0.0410000000
0.0410000000
0.0410000000
0.0410000000
0.0410000000
0.0410000000
0.0410000000
0.0410000000
0.0410000000
0.0410000000
0.0410000000
0.0410000000
0.0410000000
0.0410000000
0.0410000000
0.0410000000
0.0410000000
0.0410000000
0.0410000000
0.0410000000
0.0410000000
0.0410000000
0.0410000000
0.0410000000
0.0410000000
0.0410000000
0.0410000000
0.0410000000
0.0410000000
0.0410000000
0.0410000000
0.0410000000
0.0410000000
0.0410000000
0.0410000000
0.0410000000
0.0410000000
0.0410000000
0.0410000000
0.0410000000
0.0410000000
0.0410000000
0.0410000000
0.0410000000
0.0410000000
0.0410000000
0.0410000000
0.0410000000
0.0410000000
0.0410000000
0.0410000000
0.0410000000
0.0410000000
0.0410000000
0.0410000000
0.0410000000
0.0410000000
0.0410000000
0.0410000000
0.0410000000
0.0410000000
0.0410000000
0.0410000000
0.0410000000
0.0410000000
0.0410000000
0.0410000000
0.0410000000
0.0410000000
0.0410000000
0.0410000000
0.0410000000
0.0410000000
0.0410000000
0.0410000000
0.0410000000
0.0410000000
0.0410000000
0.0410000000
0.0410000000
0.0410000000
0.0410000000
0.0410000000
0.0410000000
0.0410000000
0.0410000000
0.0410000000
0.0410000000
0.0410000000
0.0410000000
0.0410000000
0.0410000000
0.0410000000
0.0410000000
0.0410000000
0.0410000000
0.0410000000
0.0410000000
0.0410000000
0.0410000000
0.0410000000
0.0410000000
0.0410000000
0.0410000000
0.0410000000
0.0410000000
0.0410000000
0.0410000000
0.0410000000
0.0410000000
0.0410000000
0.0410000000
0.0410000000
0.0410000000
0.0410000000
0.0410000000
0.0410000000
0.0410000000
0.0410000000
0.0410000000
0.0410000000
0.0410000000
0.0410000000
0.0410000000
0.0410000000
0.0410000000
0.0410000000
0.0410000000
0.0410000000
0.0410000000
0.0410000000
0.0410000000
0.0410000000
0.0410000000
0.0410000000
0.0410000000
0.0410000000
0.0410000000
0.0410000000
0.0410000000
0.0410000000
0.0410000000
0.0410000000
0.0410000000
0.0410000000
0.0410000000
0.0410000000
0.0410000000
0.0410000000
0.0410000000
0.0410000000
0.0410000000
0.0410000000
0.0410000000
0.0410000000
0.0410000000
0.0410000000
0.0410000000
0.0410000000
0.0410000000
0.0410000000
0.0410000000
0.0410000000
0.0410000000
0.0410000000
0.0410000000
0.0410000000
0.0410000000
0.0410000000
0.0410000000
0.0410000000
0.0410000000
0.0410000000
0.0410000000
0.0410000000
0.0410000000
0.0410000000
0.0410000000
0.0410000000
0.0410000000
0.0410000000
0.0410000000
0.0410000000
0.0410000000
0.0410000000
0.0410000000
0.0410000000
0.0410000000
0.0410000000
0.0410000000
0.0410000000
0.0410000000
0.0410000000
0.0410000000
0.0410000000
0.0410000000
0.0410000000
0.0410000000
0.0410000000
0.0410000000
0.0410000000
0.0410000000
0.0410000000
0.0410000000
0.0410000000
0.0410000000
0.0410000000
0.0410000000
0.0410000000
0.0410000000
0.0410000000
0.0410000000
0.0410000000
0.0410000000
0.0410000000
0.0410000000
0.0410000000
0.0410000000
0.0410000000
0.0410000000
0.0410000000
0.0410000000
0.0410000000
0.0410000000
0.0410000000
0.0410000000
0.0410000000
0.0410000000
0.0410000000
0.0410000000
0.0410000000
0.0410000000
0.0410000000
0.0410000000
0.0410000000
0.0410000000
0.0410000000
0.0410000000
0.0410000000
0.0410000000
0.0410000000
0.0410000000
0.0410000000
0.0410000000
0.0410000000
0.0410000000
0.0410000000
0.0410000000
0.0410000000
0.0410000000
0.0410000000
0.0410000000
0.0410000000
0.0410000000
0.0410000000
0.0410000000
0.0410000000
0.0410000000
0.0410000000
0.0410000000
0.0410000000
0.0410000000
0.0410000000
0.0410000000
0.0410000000
0.0410000000
0.0410000000
0.0410000000
0.0410000000
0.0410000000
0.0410000000
0.0410000000
0.0410000000
0.0410000000
0.0410000000
0.0410000000
0.0410000000
0.0410000000
0.0410000000
0.0410000000
0.0410000000
0.0410000000
0.0410000000
0.0410000000
0.0410000000
0.0410000000
0.0410000000
0.0410000000
0.0410000000
0.0410000000
0.0410000000
0.0410000000
0.0410000000
0.0410000000
0.0410000000
0.0410000000
0.0410000000
0.0410000000
0.0410000000
0.0410000000
0.0410000000
0.0410000000
0.0410000000
0.0410000000
0.0410000000
0.0410000000
0.0410000000
0.0410000000
0.0410000000
0.0410000000
0.0410000000
0.0410000000
0.0410000000
0.0410000000
0.0410000000
0.0410000000
0.0410000000
0.0410000000
0.0410000000
0.0410000000
0.0410000000
0.0410000000
0.0410000000
0.0410000000
0.0410000000
0.0410000000
0.0410000000
0.0410000000
0.0410000000
0.0410000000
0.0410000000
0.0410000000
0.0410000000
0.0410000000
0.0410000000
0.0410000000
0.0410000000
0.0410000000
0.0410000000
0.0410000000
0.0410000000
0.0410000000
0.0410000000
0.0410000000
0.0410000000
0.0410000000
0.0410000000
0.0410000000
0.0410000000
0.0410000000
0.0410000000
0.0410000000
0.0410000000
0.0410000000
0.0410000000
0.0410000000
0.0410000000
0.0410000000
0.0410000000
0.0410000000
0.0410000000
0.0410000000
0.0410000000
0.0410000000
0.0410000000
0.0410000000
0.0410000000
0.0410000000
0.0410000000
0.0410000000
0.0410000000
0.0410000000
0.0410000000
0.0410000000
0.0410000000
0.0410000000
0.0410000000
0.0410000000
0.0410000000
0.0410000000
0.0410000000
0.0410000000
0.0410000000
0.0410000000
0.0410000000
0.0410000000
0.0410000000
0.0410000000
0.0410000000
0.0410000000
0.0410000000
0.0410000000
0.0410000000
0.0410000000
0.0410000000
0.0410000000
0.0410000000
0.0410000000
0.0410000000
0.0410000000
0.0410000000
0.0410000000
0.0410000000
0.0410000000
0.0410000000
0.0410000000
0.0410000000
0.0410000000
0.0410000000
0.0410000000
0.0410000000
0.0410000000
0.0410000000
0.0410000000
0.0410000000
0.0410000000
0.0410000000
0.0410000000
0.0410000000
0.0410000000
0.0410000000
0.0410000000
0.0410000000
0.0410000000
0.0410000000
0.0410000000
0.0410000000
0.0410000000
0.0410000000
0.0410000000
0.0410000000
0.0410000000
0.0410000000
0.0410000000
0.0410000000
0.0410000000
0.0410000000
0.0410000000
0.0410000000
0.0410000000
0.0410000000
0.0410000000
0.0410000000
0.0410000000
0.0410000000
0.0410000000
0.0410000000
0.0410000000
0.0410000000
0.0410000000
0.0410000000
0.0410000000
0.0410000000
0.0410000000
0.0410000000
0.0410000000
0.0410000000
0.0410000000
0.0410000000
0.0410000000
0.0410000000
0.0410000000
0.0410000000
0.0410000000
0.0410000000
0.0410000000
0.0410000000
0.0410000000
0.0410000000
0.0410000000
0.0410000000
0.0410000000
0.0410000000
0.0410000000
0.0410000000
0.0410000000
0.0410000000
0.0410000000
0.0410000000
0.0410000000
0.0410000000
0.0410000000
0.0410000000
0.0410000000
0.0410000000
0.0410000000
0.0410000000
0.0410000000
0.0410000000
0.0410000000
0.0410000000
0.0410000000
0.0410000000
0.0410000000
0.0410000000
0.0410000000
0.0410000000
0.0410000000
0.0410000000
0.0410000000
0.0410000000
0.0410000000
0.0410000000
0.0410000000
0.0410000000
0.0410000000
0.0410000000
0.0410000000
0.0410000000
0.0410000000
0.0410000000
0.0410000000
0.0410000000
0.0410000000
0.0410000000
0.0410000000
0.0410000000
0.0410000000
0.0410000000
0.0410000000
0.0410000000
0.0410000000
0.0410000000
0.0410000000
0.0410000000
0.0410000000
0.0410000000
0.0410000000
0.0410000000
0.0410000000
0.0410000000
0.0410000000
0.0410000000
0.0410000000
0.0410000000
0.0410000000
0.0410000000
0.0410000000
0.0410000000
0.0410000000
0.0410000000
0.0410000000
0.0410000000
0.0410000000
0.0410000000
0.0410000000
0.0410000000
0.0410000000
0.0410000000
0.0410000000
0.0410000000
0.0410000000
0.0410000000
0.0410000000
0.0410000000
0.0410000000
0.0410000000
0.0410000000
0.0410000000
0.0410000000
0.0410000000
0.0410000000
0.0410000000
0.0410000000
0.0410000000
0.0410000000
0.0410000000
0.0410000000
0.0410000000
0.0410000000
0.0410000000
0.0410000000
0.0410000000
0.0410000000
0.0410000000
0.0410000000
0.0410000000
0.0410000000
0.0410000000
0.0410000000
0.0410000000
0.0410000000
0.0410000000
0.0410000000
0.0410000000
0.0410000000
0.0410000000
0.0410000000
0.0410000000
0.0410000000
0.0410000000
0.0410000000
0.0410000000
0.0410000000
0.0410000000
0.0410000000
0.0410000000
0.0410000000
0.0410000000
0.0410000000
0.0410000000
0.0410000000
0.0410000000
0.0410000000
0.0410000000
0.0410000000
0.0410000000
0.0410000000
0.0410000000
0.0410000000
0.0410000000
0.0410000000
0.0410000000
0.0410000000
0.0410000000
0.0410000000
0.0410000000
0.0410000000
0.0410000000
0.0410000000
0.0410000000
0.0410000000
0.0410000000
0.0410000000
0.0410000000
0.0410000000
0.0410000000
0.0410000000
0.0410000000
0.0410000000
0.0410000000
0.0410000000
0.0410000000
0.0410000000
0.0410000000
0.0410000000
0.0410000000
0.0410000000
0.0410000000
0.0410000000
0.0410000000
0.0410000000
0.0410000000
0.0410000000
0.0410000000
0.0410000000
0.0410000000
0.0410000000
0.0410000000
0.0410000000
0.0410000000
0.0410000000
0.0410000000
0.0410000000
0.0410000000
0.0410000000
0.0410000000
0.0410000000
0.0410000000
0.0410000000
0.0410000000
0.0410000000
0.0410000000
0.0410000000
0.0410000000
0.0410000000
0.0410000000
0.0410000000
0.0410000000
0.0410000000
0.0410000000
0.0410000000
0.0410000000
0.0410000000
0.0410000000
0.0410000000
0.0410000000
0.0410000000
0.0410000000
0.0410000000
0.0410000000
0.0410000000
0.0410000000
0.0410000000
0.0410000000
0.0410000000
0.0410000000
0.0410000000
0.0410000000
0.0410000000
0.0410000000
0.0410000000
0.0410000000
0.0410000000
0.0410000000
0.0410000000
0.0410000000
0.0410000000
0.0410000000
0.0410000000
0.0410000000
0.0410000000
0.0410000000
0.0410000000
0.0410000000
0.0410000000
0.0410000000
0.0410000000
0.0410000000
0.0410000000
0.0410000000
0.0410000000
0.0410000000
0.0410000000
0.0410000000
0.0410000000
0.0410000000
0.0410000000
0.0410000000
0.0410000000
0.0410000000
0.0410000000
0.0410000000
0.0410000000
0.0410000000
0.0410000000
0.0410000000
0.0410000000
0.0410000000
0.0410000000
0.0410000000
0.0410000000
0.0410000000
0.0410000000
0.0410000000
0.0410000000
0.0410000000
0.0410000000
0.0410000000
0.0410000000
0.0410000000
0.0410000000
0.0410000000
0.0410000000
0.0410000000
0.0410000000
0.0410000000
0.0410000000
0.0410000000
0.0410000000
0.0410000000
0.0410000000
0.0410000000
0.0410000000
0.0410000000
0.0410000000
0.0410000000
0.0410000000
0.0410000000
0.0410000000
0.0410000000
0.0410000000
0.0410000000
0.0410000000
0.0410000000
0.0410000000
0.0410000000
0.0410000000
0.0410000000
0.0410000000
0.0410000000
0.0410000000
0.0410000000
0.0410000000
0.0410000000
0.0410000000
0.0410000000
0.0410000000
0.0410000000
0.0410000000
0.0410000000
0.0410000000
0.0410000000
0.0410000000
0.0410000000
0.0410000000
0.0410000000
0.0410000000
0.0410000000
0.0410000000
0.0410000000
0.0410000000
0.0410000000
0.0410000000
0.0410000000
0.0410000000
0.0410000000
0.0410000000
0.0410000000
0.0410000000
0.0410000000
0.0410000000
0.0410000000
0.0410000000
0.0410000000
0.0410000000
0.0410000000
0.0410000000
0.0410000000
0.0410000000
0.0410000000
0.0410000000
0.0410000000
0.0410000000
0.0410000000
0.0410000000
0.0410000000
0.0410000000
0.0410000000
0.0410000000
0.0410000000
0.0410000000
0.0410000000
0.0410000000
0.0410000000
0.0410000000
0.0410000000
0.0410000000
0.0410000000
0.0410000000
0.0410000000
0.0410000000
0.0410000000
0.0410000000
0.0410000000
0.0410000000
0.0410000000
0.0410000000
0.0410000000
0.0410000000
0.0410000000
0.0410000000
0.0410000000
0.0410000000
0.0410000000
0.0410000000
0.0410000000
0.0410000000
0.0410000000
0.0410000000
0.0410000000
0.0410000000
0.0410000000
0.0410000000
0.0410000000
0.0410000000
0.0410000000
0.0410000000
0.0410000000
0.0410000000
0.0410000000
0.0410000000
0.0410000000
0.0410000000
0.0410000000
0.0410000000
0.0410000000
0.0410000000
0.0410000000
0.0410000000
0.0410000000
0.0410000000
0.0410000000
0.0410000000
0.0410000000
0.0410000000
0.0410000000
0.0410000000
0.0410000000
0.0410000000
0.0410000000
0.0410000000
0.0410000000
0.0410000000
0.0410000000
0.0410000000
0.0410000000
0.0410000000
0.0410000000
0.0410000000
0.0410000000
0.0410000000
0.0410000000
0.0410000000
0.0410000000
0.0410000000
0.0410000000
0.0410000000
0.0410000000
0.0410000000
0.0410000000
0.0410000000
0.0410000000
0.0410000000
0.0410000000
0.0410000000
0.0410000000
0.0410000000
0.0410000000
0.0410000000
0.0410000000
0.0410000000
0.0410000000
0.0410000000
0.0410000000
0.0410000000
0.0410000000
0.0410000000
0.0410000000
0.0410000000
0.0410000000
0.0410000000
0.0410000000
0.0410000000
0.0410000000
0.0410000000
0.0410000000
0.0410000000
0.0410000000
0.0410000000
0.0410000000
0.0410000000
0.0410000000
0.0410000000
0.0410000000
0.0410000000
0.0410000000
0.0410000000
0.0410000000
0.0410000000
0.0410000000
0.0410000000
0.0410000000
0.0410000000
0.0410000000
0.0410000000
0.0410000000
0.0410000000
0.0410000000
0.0410000000
0.0410000000
0.0410000000
0.0410000000
0.0410000000
0.0410000000
0.0410000000
0.0410000000
0.0410000000
0.0410000000
0.0410000000
0.0410000000
0.0410000000
0.0410000000
0.0410000000
0.0410000000
0.0410000000
0.0410000000
0.0410000000
0.0410000000
0.0410000000
0.0410000000
0.0410000000
0.0410000000
0.0410000000
0.0410000000
0.0410000000
0.0410000000
0.0410000000
0.0410000000
0.0410000000
0.0410000000
0.0410000000
0.0410000000
0.0410000000
0.0410000000
0.0410000000
0.0410000000
0.0410000000
0.0410000000
0.0410000000
0.0410000000
0.0410000000
0.0410000000
0.0410000000
0.0410000000
0.0410000000
0.0410000000
0.0410000000
0.0410000000
0.0410000000
0.0410000000
0.0410000000
0.0410000000
0.0410000000
0.0410000000
0.0410000000
0.0410000000
0.0410000000
0.0410000000
0.0410000000
0.0410000000
0.0410000000
0.0410000000
0.0410000000
0.0410000000
0.0410000000
0.0410000000
0.0410000000
0.0410000000
0.0410000000
0.0410000000
0.0410000000
0.0410000000
0.0410000000
0.0410000000
0.0410000000
0.0410000000
0.0410000000
0.0410000000
0.0410000000
0.0410000000
0.0410000000
0.0410000000
0.0410000000
0.0410000000
0.0410000000
0.0410000000
0.0410000000
0.0410000000
0.0410000000
0.0410000000
0.0410000000
0.0410000000
0.0410000000
0.0410000000
0.0410000000
0.0410000000
0.0410000000
0.0410000000
0.0410000000
0.0410000000
0.0410000000
0.0410000000
0.0410000000
0.0410000000
0.0410000000
0.0410000000
0.0410000000
0.0410000000
0.0410000000
0.0410000000
0.0410000000
0.0410000000
0.0410000000
0.0410000000
0.0410000000
0.0410000000
0.0410000000
0.0410000000
0.0410000000
0.0410000000
0.0410000000
0.0410000000
0.0410000000
0.0410000000
0.0410000000
0.0410000000
0.0410000000
0.0410000000
0.0410000000
0.0410000000
0.0410000000
0.0410000000
0.0410000000
0.0410000000
0.0410000000
0.0410000000
0.0410000000
0.0410000000
0.0410000000
0.0410000000
0.0410000000
0.0410000000
0.0410000000
0.0410000000
0.0410000000
0.0410000000
0.0410000000
0.0410000000
0.0410000000
0.0410000000
0.0410000000
0.0410000000
0.0410000000
0.0410000000
0.0410000000
0.0410000000
0.0410000000
0.0410000000
0.0410000000
0.0410000000
0.0410000000
0.0410000000
0.0410000000
0.0410000000
0.0410000000
0.0410000000
0.0410000000
0.0410000000
0.0410000000
0.0410000000
0.0410000000
0.0410000000
0.0410000000
0.0410000000
0.0410000000
0.0410000000
0.0410000000
0.0410000000
0.0410000000
0.0410000000
0.0410000000
0.0410000000
0.0410000000
0.0410000000
0.0410000000
0.0410000000
0.0410000000
0.0410000000
0.0410000000
0.0410000000
0.0410000000
0.0410000000
0.0410000000
0.0410000000
0.0410000000
0.0410000000
0.0410000000
0.0410000000
0.0410000000
0.0410000000
0.0410000000
0.0410000000
0.0410000000
0.0410000000
0.0410000000
0.0410000000
0.0410000000
0.0410000000
0.0410000000
0.0410000000
0.0410000000
0.0410000000
0.0410000000
0.0410000000
0.0410000000
0.0410000000
0.0410000000
0.0410000000
0.0410000000
0.0410000000
0.0410000000
0.0410000000
0.0410000000
0.0410000000
0.0410000000
0.0410000000
0.0410000000
0.0410000000
0.0410000000
0.0410000000
0.0410000000
0.0410000000
0.0410000000
0.0410000000
0.0410000000
0.0410000000
0.0410000000
0.0410000000
0.0410000000
0.0410000000
0.0410000000
0.0410000000
0.0410000000
0.0410000000
0.0410000000
0.0410000000
0.0410000000
0.0410000000
0.0410000000
0.0410000000
0.0410000000
0.0410000000
0.0410000000
0.0410000000
0.0410000000
0.0410000000
0.0410000000
0.0410000000
0.0410000000
0.0410000000
0.0410000000
0.0410000000
0.0410000000
0.0410000000
0.0410000000
0.0410000000
0.0410000000
0.0410000000
0.0410000000
0.0410000000
0.0410000000
0.0410000000
0.0410000000
0.0410000000
0.0410000000
0.0410000000
0.0410000000
0.0410000000
0.0410000000
0.0410000000
0.0410000000
0.0410000000
0.0410000000
0.0410000000
0.0410000000
0.0410000000
0.0410000000
0.0410000000
0.0410000000
0.0410000000
0.0410000000
0.0410000000
0.0410000000
0.0410000000
0.0410000000
0.0410000000
0.0410000000
0.0410000000
0.0410000000
0.0410000000
0.0410000000
0.0410000000
0.0410000000
0.0410000000
0.0410000000
0.0410000000
0.0410000000
0.0410000000
0.0410000000
0.0410000000
0.0410000000
0.0410000000
0.0410000000
0.0410000000
0.0410000000
0.0410000000
0.0410000000
0.0410000000
0.0410000000
0.0410000000
0.0410000000
0.0410000000
0.0410000000
0.0410000000
0.0410000000
0.0410000000
0.0410000000
0.0410000000
0.0410000000
0.0410000000
0.0410000000
0.0410000000
0.0410000000
0.0410000000
0.0410000000
0.0410000000
0.0410000000
0.0410000000
0.0410000000
0.0410000000
0.0410000000
0.0410000000
0.0410000000
0.0410000000
0.0410000000
0.0410000000
0.0410000000
0.0410000000
0.0410000000
0.0410000000
0.0410000000
0.0410000000
0.0410000000
0.0410000000
0.0410000000
0.0410000000
0.0410000000
0.0410000000
0.0410000000
0.0410000000
0.0410000000
0.0410000000
0.0410000000
0.0410000000
0.0410000000
0.0410000000
0.0410000000
0.0410000000
0.0410000000
0.0410000000
0.0410000000
0.0410000000
0.0410000000
0.0410000000
0.0410000000
0.0410000000
0.0410000000
0.0410000000
0.0410000000
0.0410000000
0.0410000000
0.0410000000
0.0410000000
0.0410000000
0.0410000000
0.0410000000
0.0410000000
0.0410000000
0.0410000000
0.0410000000
0.0410000000
0.0410000000
0.0410000000
0.0410000000
0.0410000000
0.0410000000
0.0410000000
0.0410000000
0.0410000000
0.0410000000
0.0410000000
0.0410000000
0.0410000000
0.0410000000
0.0410000000
0.0410000000
0.0410000000
0.0410000000
0.0410000000
0.0410000000
0.0410000000
0.0410000000
0.0410000000
0.0410000000
0.0410000000
0.0410000000
0.0410000000
0.0410000000
0.0410000000
0.0410000000
0.0410000000
0.0410000000
0.0410000000
0.0410000000
0.0410000000
0.0410000000
0.0410000000
0.0410000000
0.0410000000
0.0410000000
0.0410000000
0.0410000000
0.0410000000
0.0410000000
0.0410000000
0.0410000000
0.0410000000
0.0410000000
0.0410000000
0.0410000000
0.0410000000
0.0410000000
0.0410000000
0.0410000000
0.0410000000
0.0410000000
0.0410000000
0.0410000000
0.0410000000
0.0410000000
0.0410000000
0.0410000000
0.0410000000
0.0410000000
0.0410000000
0.0410000000
0.0410000000
0.0410000000
0.0410000000
0.0410000000
0.0410000000
0.0410000000
0.0410000000
0.0410000000
0.0410000000
0.0410000000
0.0410000000
0.0410000000
0.0410000000
0.0410000000
0.0410000000
0.0410000000
0.0410000000
0.0410000000
0.0410000000
0.0410000000
0.0410000000
0.0410000000
0.0410000000
0.0410000000
0.0410000000
0.0410000000
0.0410000000
0.0410000000
0.0410000000
0.0410000000
0.0410000000
0.0410000000
0.0410000000
0.0410000000
0.0410000000
0.0410000000
0.0410000000
0.0410000000
0.0410000000
0.0410000000
0.0410000000
0.0410000000
0.0410000000
0.0410000000
0.0410000000
0.0410000000
0.0410000000
0.0410000000
0.0410000000
0.0410000000
0.0410000000
0.0410000000
0.0410000000
0.0410000000
0.0410000000
0.0410000000
0.0410000000
0.0410000000
0.0410000000
0.0410000000
0.0410000000
0.0410000000
0.0410000000
0.0410000000
0.0410000000
0.0410000000
0.0410000000
0.0410000000
0.0410000000
0.0410000000
0.0410000000
0.0410000000
0.0410000000
0.0410000000
0.0410000000
0.0410000000
0.0410000000
0.0410000000
0.0410000000
0.0410000000
0.0410000000
0.0410000000
0.0410000000
0.0410000000
0.0410000000
0.0410000000
0.0410000000
0.0410000000
0.0410000000
0.0410000000
0.0410000000
0.0410000000
0.0410000000
0.0410000000
0.0410000000
0.0410000000
0.0410000000
0.0410000000
0.0410000000
0.0410000000
0.0410000000
0.0410000000
0.0410000000
0.0410000000
0.0410000000
0.0410000000
0.0410000000
0.0410000000
0.0410000000
0.0410000000
0.0410000000
0.0410000000
0.0410000000
0.0410000000
0.0410000000
0.0410000000
0.0410000000
0.0410000000
0.0410000000
0.0410000000
0.0410000000
0.0410000000
0.0410000000
0.0410000000
0.0410000000
0.0410000000
0.0410000000
0.0410000000
0.0410000000
0.0410000000
0.0410000000
0.0410000000
0.0410000000
0.0410000000
0.0410000000
0.0410000000
0.0410000000
0.0410000000
0.0410000000
0.0410000000
0.0410000000
0.0410000000
0.0410000000
0.0410000000
0.0410000000
0.0410000000
0.0410000000
0.0410000000
0.0410000000
0.0410000000
0.0410000000
0.0410000000
0.0410000000
0.0410000000
0.0410000000
0.0410000000
0.0410000000
0.0410000000
0.0410000000
0.0410000000
0.0410000000
0.0410000000
0.0410000000
0.0410000000
0.0410000000
0.0410000000
0.0410000000
0.0410000000
0.0410000000
0.0410000000
0.0410000000
0.0410000000
0.0410000000
0.0410000000
0.0410000000
0.0410000000
0.0410000000
0.0410000000
0.0410000000
0.0410000000
0.0410000000
0.0410000000
0.0410000000
0.0410000000
0.0410000000
0.0410000000
0.0410000000
0.0410000000
0.0410000000
0.0410000000
0.0410000000
0.0410000000
0.0410000000
0.0410000000
0.0410000000
0.0410000000
0.0410000000
0.0410000000
0.0410000000
0.0410000000
0.0410000000
0.0410000000
0.0410000000
0.0410000000
0.0410000000
0.0410000000
0.0410000000
0.0410000000
0.0410000000
0.0410000000
0.0410000000
0.0410000000
0.0410000000
0.0410000000
0.0410000000
0.0410000000
0.0410000000
0.0410000000
0.0410000000
0.0410000000
0.0410000000
0.0410000000
0.0410000000
0.0410000000
0.0410000000
0.0410000000
0.0410000000
0.0410000000
0.0410000000
0.0410000000
0.0410000000
0.0410000000
0.0410000000
0.0410000000
0.0410000000
0.0410000000
0.0410000000
0.0410000000
0.0410000000
0.0410000000
0.0410000000
0.0410000000
0.0410000000
0.0410000000
0.0410000000
0.0410000000
0.0410000000
0.0410000000
0.0410000000
0.0410000000
0.0410000000
0.0410000000
0.0410000000
0.0410000000
0.0410000000
0.0410000000
0.0410000000
0.0410000000
0.0410000000
0.0410000000
0.0410000000
0.0410000000
0.0410000000
0.0410000000
0.0410000000
0.0410000000
0.0410000000
0.0410000000
0.0410000000
0.0410000000
0.0410000000
0.0410000000
0.0410000000
0.0410000000
0.0410000000
0.0410000000
0.0410000000
0.0410000000
0.0410000000
0.0410000000
0.0410000000
0.0410000000
0.0410000000
0.0410000000
0.0410000000
0.0410000000
0.0410000000
0.0410000000
0.0410000000
0.0410000000
0.0410000000
0.0410000000
0.0410000000
0.0410000000
0.0410000000
0.0410000000
0.0410000000
0.0410000000
0.0410000000
0.0410000000
0.0410000000
0.0410000000
0.0410000000
0.0410000000
0.0410000000
0.0410000000
0.0410000000
0.0410000000
0.0410000000
0.0410000000
0.0410000000
0.0410000000
0.0410000000
0.0410000000
0.0410000000
0.0410000000
0.0410000000
0.0410000000
0.0410000000
0.0410000000
0.0410000000
0.0410000000
0.0410000000
0.0410000000
0.0410000000
0.0410000000
0.0410000000
0.0410000000
0.0410000000
0.0410000000
0.0410000000
0.0410000000
0.0410000000
0.0410000000
0.0410000000
0.0410000000
0.0410000000
0.0410000000
0.0410000000
0.0410000000
0.0410000000
0.0410000000
0.0410000000
0.0410000000
0.0410000000
0.0410000000
0.0410000000
0.0410000000
0.0410000000
0.0410000000
0.0410000000
0.0410000000
0.0410000000
0.0410000000
0.0410000000
0.0410000000
0.0410000000
0.0410000000
0.0410000000
0.0410000000
0.0410000000
0.0410000000
0.0410000000
0.0410000000
0.0410000000
0.0410000000
0.0410000000
0.0410000000
0.0410000000
0.0410000000
0.0410000000
0.0410000000
0.0410000000
0.0410000000
0.0410000000
0.0410000000
0.0410000000
0.0410000000
0.0410000000
0.0410000000
0.0410000000
0.0410000000
0.0410000000
0.0410000000
0.0410000000
0.0410000000
0.0410000000
0.0410000000
0.0410000000
0.0410000000
0.0410000000
0.0410000000
0.0410000000
0.0410000000
0.0410000000
0.0410000000
0.0410000000
0.0410000000
0.0410000000
0.0410000000
0.0410000000
0.0410000000
0.0410000000
0.0410000000
0.0410000000
0.0410000000
0.0410000000
0.0410000000
0.0410000000
0.0410000000
0.0410000000
0.0410000000
0.0410000000
0.0410000000
0.0410000000
0.0410000000
0.0410000000
0.0410000000
0.0410000000
0.0410000000
0.0410000000
0.0410000000
0.0410000000
0.0410000000
0.0410000000
0.0410000000
0.0410000000
0.0410000000
0.0410000000
0.0410000000
0.0410000000
0.0410000000
0.0410000000
0.0410000000
0.0410000000
0.0410000000
0.0410000000
0.0410000000
0.0410000000
0.0410000000
0.0410000000
0.0410000000
0.0410000000
0.0410000000
0.0410000000
0.0410000000
0.0410000000
0.0410000000
0.0410000000
0.0410000000
0.0410000000
0.0410000000
0.0410000000
0.0410000000
0.0410000000
0.0410000000
0.0410000000
0.0410000000
0.0410000000
0.0410000000
0.0410000000
0.0410000000
0.0410000000
0.0410000000
0.0410000000
0.0410000000
0.0410000000
0.0410000000
0.0410000000
0.0410000000
0.0410000000
0.0410000000
0.0410000000
0.0410000000
0.0410000000
0.0410000000
0.0410000000
0.0410000000
0.0410000000
0.0410000000
0.0410000000
0.0410000000
0.0410000000
0.0410000000
0.0410000000
0.0410000000
0.0410000000
0.0410000000
0.0410000000
0.0410000000
0.0410000000
0.0410000000
0.0410000000
0.0410000000
0.0410000000
0.0410000000
0.0410000000
0.0410000000
0.0410000000
0.0410000000
0.0410000000
0.0410000000
0.0410000000
0.0410000000
0.0410000000
0.0410000000
0.0410000000
0.0410000000
0.0410000000
0.0410000000
0.0410000000
0.0410000000
0.0410000000
0.0410000000
0.0410000000
0.0410000000
0.0410000000
0.0410000000
0.0410000000
0.0410000000
0.0410000000
0.0410000000
0.0410000000
0.0410000000
0.0410000000
0.0410000000
0.0410000000
0.0410000000
0.0410000000
0.0410000000
0.0410000000
0.0410000000
0.0410000000
0.0410000000
0.0410000000
0.0410000000
0.0410000000
0.0410000000
0.0410000000
0.0410000000
0.0410000000
0.0410000000
0.0410000000
0.0410000000
0.0410000000
0.0410000000
0.0410000000
0.0410000000
0.0410000000
0.0410000000
0.0410000000
0.0410000000
0.0410000000
0.0410000000
0.0410000000
0.0410000000
0.0410000000
0.0410000000
0.0410000000
0.0410000000
0.0410000000
0.0410000000
0.0410000000
0.0410000000
0.0410000000
0.0410000000
0.0410000000
0.0410000000
0.0410000000
0.0410000000
0.0410000000
0.0410000000
0.0410000000
0.0410000000
0.0410000000
0.0410000000
0.0410000000
0.0410000000
0.0410000000
0.0410000000
0.0410000000
0.0410000000
0.0410000000
0.0410000000
0.0410000000
0.0410000000
0.0410000000
0.0410000000
0.0410000000
0.0410000000
0.0410000000
0.0410000000
0.0410000000
0.0410000000
0.0410000000
0.0410000000
0.0410000000
0.0410000000
0.0410000000
0.0410000000
0.0410000000
0.0410000000
0.0410000000
0.0410000000
0.0410000000
0.0410000000
0.0410000000
0.0410000000
0.0410000000
0.0410000000
0.0410000000
0.0410000000
0.0410000000
0.0410000000
0.0410000000
0.0410000000
0.0410000000
0.0410000000
0.0410000000
0.0410000000
0.0410000000
0.0410000000
0.0410000000
0.0410000000
0.0410000000
0.0410000000
0.0410000000
0.0410000000
0.0410000000
0.0410000000
0.0410000000
0.0410000000
0.0410000000
0.0410000000
0.0410000000
0.0410000000
0.0410000000
0.0410000000
0.0410000000
0.0410000000
0.0410000000
0.0410000000
0.0410000000
0.0410000000
0.0410000000
0.0410000000
0.0410000000
0.0410000000
0.0410000000
0.0410000000
0.0410000000
0.0410000000
0.0410000000
0.0410000000
0.0410000000
0.0410000000
0.0410000000
0.0410000000
0.0410000000
0.0410000000
0.0410000000
0.0410000000
0.0410000000
0.0410000000
0.0410000000
0.0410000000
0.0410000000
0.0410000000
0.0410000000
0.0410000000
0.0410000000
0.0410000000
0.0410000000
0.0410000000
0.0410000000
0.0410000000
0.0410000000
0.0410000000
0.0410000000
0.0410000000
0.0410000000
0.0410000000
0.0410000000
0.0410000000
0.0410000000
0.0410000000
0.0410000000
0.0410000000
0.0410000000
0.0410000000
0.0410000000
0.0410000000
0.0410000000
0.0410000000
0.0410000000
0.0410000000
0.0410000000
0.0410000000
0.0410000000
0.0410000000
0.0410000000
0.0410000000
0.0410000000
0.0410000000
0.0410000000
0.0410000000
0.0410000000
0.0410000000
0.0410000000
0.0410000000
0.0410000000
0.0410000000
0.0410000000
0.0410000000
0.0410000000
0.0410000000
0.0410000000
0.0410000000
0.0410000000
0.0410000000
0.0410000000
0.0410000000
0.0410000000
0.0410000000
0.0410000000
0.0410000000
0.0410000000
0.0410000000
0.0410000000
0.0410000000
0.0410000000
0.0410000000
0.0410000000
0.0410000000
0.0410000000
0.0410000000
0.0410000000
0.0410000000
0.0410000000
0.0410000000
0.0410000000
0.0410000000
0.0410000000
0.0410000000
0.0410000000
0.0410000000
0.0410000000
0.0410000000
0.0410000000
0.0410000000
0.0410000000
0.0410000000
0.0410000000
0.0410000000
0.0410000000
0.0410000000
0.0410000000
0.0410000000
0.0410000000
0.0410000000
0.0410000000
0.0410000000
0.0410000000
0.0410000000
0.0410000000
0.0410000000
0.0410000000
0.0410000000
0.0410000000
0.0410000000
0.0410000000
0.0410000000
0.0410000000
0.0410000000
0.0410000000
0.0410000000
0.0410000000
0.0410000000
0.0410000000
0.0410000000
0.0410000000
0.0410000000
0.0410000000
0.0410000000
0.0410000000
0.0410000000
0.0410000000
0.0410000000
0.0410000000
0.0410000000
0.0410000000
0.0410000000
0.0410000000
0.0410000000
0.0410000000
0.0410000000
0.0410000000
0.0410000000
0.0410000000
0.0410000000
0.0410000000
0.0410000000
0.0410000000
0.0410000000
0.0410000000
0.0410000000
0.0410000000
0.0410000000
0.0410000000
0.0410000000
0.0410000000
0.0410000000
0.0410000000
0.0410000000
0.0410000000
0.0410000000
0.0410000000
0.0410000000
0.0410000000
0.0410000000
0.0410000000
0.0410000000
0.0410000000
0.0410000000
0.0410000000
0.0410000000
0.0410000000
0.0410000000
0.0410000000
0.0410000000
0.0410000000
0.0410000000
0.0410000000
0.0410000000
0.0410000000
0.0410000000
0.0410000000
0.0410000000
0.0410000000
0.0410000000
0.0410000000
0.0410000000
0.0410000000
0.0410000000
0.0410000000
0.0410000000
0.0410000000
0.0410000000
0.0410000000
0.0410000000
0.0410000000
0.0410000000
0.0410000000
0.0410000000
0.0410000000
0.0410000000
0.0410000000
0.0410000000
0.0410000000
0.0410000000
0.0410000000
0.0410000000
0.0410000000
0.0410000000
0.0410000000
0.0410000000
0.0410000000
0.0410000000
0.0410000000
0.0410000000
0.0410000000
0.0410000000
0.0410000000
0.0410000000
0.0410000000
0.0410000000
0.0410000000
0.0410000000
0.0410000000
0.0410000000
0.0410000000
0.0410000000
0.0410000000
0.0410000000
0.0410000000
0.0410000000
0.0410000000
0.0410000000
0.0410000000
0.0410000000
0.0410000000
0.0410000000
0.0410000000
0.0410000000
0.0410000000
0.0410000000
0.0410000000
0.0410000000
0.0410000000
0.0410000000
0.0410000000
0.0410000000
0.0410000000
0.0410000000
0.0410000000
0.0410000000
0.0410000000
0.0410000000
0.0410000000
0.0410000000
0.0410000000
0.0410000000
0.0410000000
0.0410000000
0.0410000000
0.0410000000
0.0410000000
0.0410000000
0.0410000000
0.0410000000
0.0410000000
0.0410000000
0.0410000000
0.0410000000
0.0410000000
0.0410000000
0.0410000000
0.0410000000
0.0410000000
0.0410000000
0.0410000000
0.0410000000
0.0410000000
0.0410000000
0.0410000000
0.0410000000
0.0410000000
0.0410000000
0.0410000000
0.0410000000
0.0410000000
0.0410000000
0.0410000000
0.0410000000
0.0410000000
0.0410000000
0.0410000000
0.0410000000
0.0410000000
0.0410000000
0.0410000000
0.0410000000
0.0410000000
0.0410000000
0.0410000000
0.0410000000
0.0410000000
0.0410000000
0.0410000000
0.0410000000
0.0410000000
0.0410000000
0.0410000000
0.0410000000
0.0410000000
0.0410000000
0.0410000000
0.0410000000
0.0410000000
0.0410000000
0.0410000000
0.0410000000
0.0410000000
0.0410000000
0.0410000000
0.0410000000
0.0410000000
0.0410000000
0.0410000000
0.0410000000
0.0410000000
0.0410000000
0.0410000000
0.0410000000
0.0410000000
0.0410000000
0.0410000000
0.0410000000
0.0410000000
0.0410000000
0.0410000000
0.0410000000
0.0410000000
0.0410000000
0.0410000000
0.0410000000
0.0410000000
0.0410000000
0.0410000000
0.0410000000
0.0410000000
0.0410000000
0.0410000000
0.0410000000
0.0410000000
0.0410000000
0.0410000000
0.0410000000
0.0410000000
0.0410000000
0.0410000000
0.0410000000
0.0410000000
0.0410000000
0.0410000000
0.0410000000
0.0410000000
0.0410000000
0.0410000000
0.0410000000
0.0410000000
0.0410000000
0.0410000000
0.0410000000
0.0410000000
0.0410000000
0.0410000000
0.0410000000
0.0410000000
0.0410000000
0.0410000000
0.0410000000
0.0410000000
0.0410000000
0.0410000000
0.0410000000
0.0410000000
0.0410000000
0.0410000000
0.0410000000
0.0410000000
0.0410000000
0.0410000000
0.0410000000
0.0410000000
0.0410000000
0.0410000000
0.0410000000
0.0410000000
0.0410000000
0.0410000000
0.0410000000
0.0410000000
0.0410000000
0.0410000000
0.0410000000
0.0410000000
0.0410000000
0.0410000000
0.0410000000
0.0410000000
0.0410000000
0.0410000000
0.0410000000
0.0410000000
0.0410000000
0.0410000000
0.0410000000
0.0410000000
0.0410000000
0.0410000000
0.0410000000
0.0410000000
0.0410000000
0.0410000000
0.0410000000
0.0410000000
0.0410000000
0.0410000000
0.0410000000
0.0410000000
0.0410000000
0.0410000000
0.0410000000
0.0410000000
0.0410000000
0.0410000000
0.0410000000
0.0410000000
0.0410000000
0.0410000000
0.0410000000
0.0410000000
0.0410000000
0.0410000000
0.0410000000
0.0410000000
0.0410000000
0.0410000000
0.0410000000
0.0410000000
0.0410000000
0.0410000000
0.0410000000
0.0410000000
0.0410000000
0.0410000000
0.0410000000
0.0410000000
0.0410000000
0.0410000000
0.0410000000
0.0410000000
0.0410000000
0.0410000000
0.0410000000
0.0410000000
0.0410000000
0.0410000000
0.0410000000
0.0410000000
0.0410000000
0.0410000000
0.0410000000
0.0410000000
0.0410000000
0.0410000000
0.0410000000
0.0410000000
0.0410000000
0.0410000000
0.0410000000
0.0410000000
0.0410000000
0.0410000000
0.0410000000
0.0410000000
0.0410000000
0.0410000000
0.0410000000
0.0410000000
0.0410000000
0.0410000000
0.0410000000
0.0410000000
0.0410000000
0.0410000000
0.0410000000
0.0410000000
0.0410000000
0.0410000000
0.0410000000
0.0410000000
0.0410000000
0.0410000000
0.0410000000
0.0410000000
0.0410000000
0.0410000000
0.0410000000
0.0410000000
0.0410000000
0.0410000000
0.0410000000
0.0410000000
0.0410000000
0.0410000000
0.0410000000
0.0410000000
0.0410000000
0.0410000000
0.0410000000
0.0410000000
0.0410000000
0.0410000000
0.0410000000
0.0410000000
0.0410000000
0.0410000000
0.0410000000
0.0410000000
0.0410000000
0.0410000000
0.0410000000
0.0410000000
0.0410000000
0.0410000000
0.0410000000
0.0410000000
0.0410000000
0.0410000000
0.0410000000
0.0410000000
0.0410000000
0.0410000000
0.0410000000
0.0410000000
0.0410000000
0.0410000000
0.0410000000
0.0410000000
0.0410000000
0.0410000000
0.0410000000
0.0410000000
0.0410000000
0.0410000000
0.0410000000
0.0410000000
0.0410000000
0.0410000000
0.0410000000
0.0410000000
0.0410000000
0.0410000000
0.0410000000
0.0410000000
0.0410000000
0.0410000000
0.0410000000
0.0410000000
0.0410000000
0.0410000000
0.0410000000
0.0410000000
0.0410000000
0.0410000000
0.0410000000
0.0410000000
0.0410000000
0.0410000000
0.0410000000
0.0410000000
0.0410000000
0.0410000000
0.0410000000
0.0410000000
0.0410000000
0.0410000000
0.0410000000
0.0410000000
0.0410000000
0.0410000000
0.0410000000
0.0410000000
0.0410000000
0.0410000000
0.0410000000
0.0410000000
0.0410000000
0.0410000000
0.0410000000
0.0410000000
0.0410000000
0.0410000000
0.0410000000
0.0410000000
0.0410000000
0.0410000000
0.0410000000
0.0410000000
0.0410000000
0.0410000000
0.0410000000
0.0410000000
0.0410000000
0.0410000000
0.0410000000
0.0410000000
0.0410000000
0.0410000000
0.0410000000
0.0410000000
0.0410000000
0.0410000000
0.0410000000
0.0410000000
0.0410000000
0.0410000000
0.0410000000
0.0410000000
0.0410000000
0.0410000000
0.0410000000
0.0410000000
0.0410000000
0.0410000000
0.0410000000
0.0410000000
0.0410000000
0.0410000000
0.0410000000
0.0410000000
0.0410000000
0.0410000000
0.0410000000
0.0410000000
0.0410000000
0.0410000000
0.0410000000
0.0410000000
0.0410000000
0.0410000000
0.0410000000
0.0410000000
0.0410000000
0.0410000000
0.0410000000
0.0410000000
0.0410000000
0.0410000000
0.0410000000
0.0410000000
0.0410000000
0.0410000000
0.0410000000
0.0410000000
0.0410000000
0.0410000000
0.0410000000
0.0410000000
0.0410000000
0.0410000000
0.0410000000
0.0410000000
0.0410000000
0.0410000000
0.0410000000
0.0410000000
0.0410000000
0.0410000000
0.0410000000
0.0410000000
0.0410000000
0.0410000000
0.0410000000
0.0410000000
0.0410000000
0.0410000000
0.0410000000
0.0410000000
0.0410000000
0.0410000000
0.0410000000
0.0410000000
0.0410000000
0.0410000000
0.0410000000
0.0410000000
0.0410000000
0.0410000000
0.0410000000
0.0410000000
0.0410000000
0.0410000000
0.0410000000
0.0410000000
0.0410000000
0.0410000000
0.0410000000
0.0410000000
0.0410000000
0.0410000000
0.0410000000
0.0410000000
0.0410000000
0.0410000000
0.0410000000
0.0410000000
0.0410000000
0.0410000000
0.0410000000
0.0410000000
0.0410000000
0.0410000000
0.0410000000
0.0410000000
0.0410000000
0.0410000000
0.0410000000
0.0410000000
0.0410000000
0.0410000000
0.0410000000
0.0410000000
0.0410000000
0.0410000000
0.0410000000
0.0410000000
0.0410000000
0.0410000000
0.0410000000
0.0410000000
0.0410000000
0.0410000000
0.0410000000
0.0410000000
0.0410000000
0.0410000000
0.0410000000
0.0410000000
0.0410000000
0.0410000000
0.0410000000
0.0410000000
0.0410000000
0.0410000000
0.0410000000
0.0410000000
0.0410000000
0.0410000000
0.0410000000
0.0410000000
0.0410000000
0.0410000000
0.0410000000
0.0410000000
0.0410000000
0.0410000000
0.0410000000
0.0410000000
0.0410000000
0.0410000000
0.0410000000
0.0410000000
0.0410000000
0.0410000000
0.0410000000
0.0410000000
0.0410000000
0.0410000000
0.0410000000
0.0410000000
0.0410000000
0.0410000000
0.0410000000
0.0410000000
0.0410000000
0.0410000000
0.0410000000
0.0410000000
0.0410000000
0.0410000000
0.0410000000
0.0410000000
0.0410000000
0.0410000000
0.0410000000
0.0410000000
0.0410000000
0.0410000000
0.0410000000
0.0410000000
0.0410000000
0.0410000000
0.0410000000
0.0410000000
0.0410000000
0.0410000000
0.0410000000
0.0410000000
0.0410000000
0.0410000000
0.0410000000
0.0410000000
0.0410000000
0.0410000000
0.0410000000
0.0410000000
0.0410000000
0.0410000000
0.0410000000
0.0410000000
0.0410000000
0.0410000000
0.0410000000
0.0410000000
0.0410000000
0.0410000000
0.0410000000
0.0410000000
0.0410000000
0.0410000000
0.0410000000
0.0410000000
0.0410000000
0.0410000000
0.0410000000
0.0410000000
0.0410000000
0.0410000000
0.0410000000
0.0410000000
0.0410000000
0.0410000000
0.0410000000
0.0410000000
0.0410000000
0.0410000000
0.0410000000
0.0410000000
0.0410000000
0.0410000000
0.0410000000
0.0410000000
0.0410000000
0.0410000000
0.0410000000
0.0410000000
0.0410000000
0.0410000000
0.0410000000
0.0410000000
0.0410000000
0.0410000000
0.0410000000
0.0410000000
0.0410000000
0.0410000000
0.0410000000
0.0410000000
0.0410000000
0.0410000000
0.0410000000
0.0410000000
0.0410000000
0.0410000000
0.0410000000
0.0410000000
0.0410000000
0.0410000000
0.0410000000
0.0410000000
0.0410000000
0.0410000000
0.0410000000
0.0410000000
0.0410000000
0.0410000000
0.0410000000
0.0410000000
0.0410000000
0.0410000000
0.0410000000
0.0410000000
0.0410000000
0.0410000000
0.0410000000
0.0410000000
0.0410000000
0.0410000000
0.0410000000
0.0410000000
0.0410000000
0.0410000000
0.0410000000
0.0410000000
0.0410000000
0.0410000000
0.0410000000
0.0410000000
0.0410000000
0.0410000000
0.0410000000
0.0410000000
0.0410000000
0.0410000000
0.0410000000
0.0410000000
0.0410000000
0.0410000000
0.0410000000
0.0410000000
0.0410000000
0.0410000000
0.0410000000
0.0410000000
0.0410000000
0.0410000000
0.0410000000
0.0410000000
0.0410000000
0.0410000000
0.0410000000
0.0410000000
0.0410000000
0.0410000000
0.0410000000
0.0410000000
0.0410000000
0.0410000000
0.0410000000
0.0410000000
0.0410000000
0.0410000000
0.0410000000
0.0410000000
0.0410000000
0.0410000000
0.0410000000
0.0410000000
0.0410000000
0.0410000000
0.0410000000
0.0410000000
0.0410000000
0.0410000000
0.0410000000
0.0410000000
0.0410000000
0.0410000000
0.0410000000
0.0410000000
0.0410000000
0.0410000000
0.0410000000
0.0410000000
0.0410000000
0.0410000000
0.0410000000
0.0410000000
0.0410000000
0.0410000000
0.0410000000
0.0410000000
0.0410000000
0.0410000000
0.0410000000
0.0410000000
0.0410000000
0.0410000000
0.0410000000
0.0410000000
0.0410000000
0.0410000000
0.0410000000
0.0410000000
0.0410000000
0.0410000000
0.0410000000
0.0410000000
0.0410000000
0.0410000000
0.0410000000
0.0410000000
0.0410000000
0.0410000000
0.0410000000
0.0410000000
0.0410000000
0.0410000000
0.0410000000
0.0410000000
0.0410000000
0.0410000000
0.0410000000
0.0410000000
0.0410000000
0.0410000000
0.0410000000
0.0410000000
0.0410000000
0.0410000000
0.0410000000
0.0410000000
0.0410000000
0.0410000000
0.0410000000
0.0410000000
0.0410000000
0.0410000000
0.0410000000
0.0410000000
0.0410000000
0.0410000000
0.0410000000
0.0410000000
0.0410000000
0.0410000000
0.0410000000
0.0410000000
0.0410000000
0.0410000000
0.0410000000
0.0410000000
0.0410000000
0.0410000000
0.0410000000
0.0410000000
0.0410000000
0.0410000000
0.0410000000
0.0410000000
0.0410000000
0.0410000000
0.0410000000
0.0410000000
0.0410000000
0.0410000000
0.0410000000
0.0410000000
0.0410000000
0.0410000000
0.0410000000
0.0410000000
0.0410000000
0.0410000000
0.0410000000
0.0410000000
0.0410000000
0.0410000000
0.0410000000
0.0410000000
0.0410000000
0.0410000000
0.0410000000
0.0410000000
0.0410000000
0.0410000000
0.0410000000
0.0410000000
0.0410000000
0.0410000000
0.0410000000
0.0410000000
0.0410000000
0.0410000000
0.0410000000
0.0410000000
0.0410000000
0.0410000000
0.0410000000
0.0410000000
0.0410000000
0.0410000000
0.0410000000
0.0410000000
0.0410000000
0.0410000000
0.0410000000
0.0410000000
0.0410000000
0.0410000000
0.0410000000
0.0410000000
0.0410000000
0.0410000000
0.0410000000
0.0410000000
0.0410000000
0.0410000000
0.0410000000
0.0410000000
0.0410000000
0.0410000000
0.0410000000
0.0410000000
0.0410000000
0.0410000000
0.0410000000
0.0410000000
0.0410000000
0.0410000000
0.0410000000
0.0410000000
0.0410000000
0.0410000000
0.0410000000
0.0410000000
0.0410000000
0.0410000000
0.0410000000
0.0410000000
0.0410000000
0.0410000000
0.0410000000
0.0410000000
0.0410000000
0.0410000000
0.0410000000
0.0410000000
0.0410000000
0.0410000000
0.0410000000
0.0410000000
0.0410000000
0.0410000000
0.0410000000
0.0410000000
0.0410000000
0.0410000000
0.0410000000
0.0410000000
0.0410000000
0.0410000000
0.0410000000
0.0410000000
0.0410000000
0.0410000000
0.0410000000
0.0410000000
0.0410000000
0.0410000000
0.0410000000
0.0410000000
0.0410000000
0.0410000000
0.0410000000
0.0410000000
0.0410000000
0.0410000000
0.0410000000
0.0410000000
0.0410000000
0.0410000000
0.0410000000
0.0410000000
0.0410000000
0.0410000000
0.0410000000
0.0410000000
0.0410000000
0.0410000000
0.0410000000
0.0410000000
0.0410000000
0.0410000000
0.0410000000
0.0410000000
0.0410000000
0.0410000000
0.0410000000
0.0410000000
0.0410000000
0.0410000000
0.0410000000
0.0410000000
0.0410000000
0.0410000000
0.0410000000
0.0410000000
0.0410000000
0.0410000000
0.0410000000
0.0410000000
0.0410000000
0.0410000000
0.0410000000
0.0410000000
0.0410000000
0.0410000000
0.0410000000
0.0410000000
0.0410000000
0.0410000000
0.0410000000
0.0410000000
0.0410000000
0.0410000000
0.0410000000
0.0410000000
0.0410000000
0.0410000000
0.0410000000
0.0410000000
0.0410000000
0.0410000000
0.0410000000
0.0410000000
0.0410000000
0.0410000000
0.0410000000
0.0410000000
0.0410000000
0.0410000000
0.0410000000
0.0410000000
0.0410000000
0.0410000000
0.0410000000
0.0410000000
0.0410000000
0.0410000000
0.0410000000
0.0410000000
0.0410000000
0.0410000000
0.0410000000
0.0410000000
0.0410000000
0.0410000000
0.0410000000
0.0410000000
0.0410000000
0.0410000000
0.0410000000
0.0410000000
0.0410000000
0.0410000000
0.0410000000
0.0410000000
0.0410000000
0.0410000000
0.0410000000
0.0410000000
0.0410000000
0.0410000000
0.0410000000
0.0410000000
0.0410000000
0.0410000000
0.0410000000
0.0410000000
0.0410000000
0.0410000000
0.0410000000
0.0410000000
0.0410000000
0.0410000000
0.0410000000
0.0410000000
0.0410000000
0.0410000000
0.0410000000
0.0410000000
0.0410000000
0.0410000000
0.0410000000
0.0410000000
0.0410000000
0.0410000000
0.0410000000
0.0410000000
0.0410000000
0.0410000000
0.0410000000
0.0410000000
0.0410000000
0.0410000000
0.0410000000
0.0410000000
0.0410000000
0.0410000000
0.0410000000
0.0410000000
0.0410000000
0.0410000000
0.0410000000
0.0410000000
0.0410000000
0.0410000000
0.0410000000
0.0410000000
0.0410000000
0.0410000000
0.0410000000
0.0410000000
0.0410000000
0.0410000000
0.0410000000
0.0410000000
0.0410000000
0.0410000000
0.0410000000
0.0410000000
0.0410000000
0.0410000000
0.0410000000
0.0410000000
0.0410000000
0.0410000000
0.0410000000
0.0410000000
0.0410000000
0.0410000000
0.0410000000
0.0410000000
0.0410000000
0.0410000000
0.0410000000
0.0410000000
0.0410000000
0.0410000000
0.0410000000
0.0410000000
0.0410000000
0.0410000000
0.0410000000
0.0410000000
0.0410000000
0.0410000000
0.0410000000
0.0410000000
0.0410000000
0.0410000000
0.0410000000
0.0410000000
0.0410000000
0.0410000000
0.0410000000
0.0410000000
0.0410000000
0.0410000000
0.0410000000
0.0410000000
0.0410000000
0.0410000000
0.0410000000
0.0410000000
0.0410000000
0.0410000000
0.0410000000
0.0410000000
0.0410000000
0.0410000000
0.0410000000
0.0410000000
0.0410000000
0.0410000000
0.0410000000
0.0410000000
0.0410000000
0.0410000000
0.0410000000
0.0410000000
0.0410000000
0.0410000000
0.0410000000
0.0410000000
0.0410000000
0.0410000000
0.0410000000
0.0410000000
0.0410000000
0.0410000000
0.0410000000
0.0410000000
0.0410000000
0.0410000000
0.0410000000
0.0410000000
0.0410000000
0.0410000000
0.0410000000
0.0410000000
0.0410000000
0.0410000000
0.0410000000
0.0410000000
0.0410000000
0.0410000000
0.0410000000
0.0410000000
0.0410000000
0.0410000000
0.0410000000
0.0410000000
0.0410000000
0.0410000000
0.0410000000
0.0410000000
0.0410000000
0.0410000000
0.0410000000
0.0410000000
0.0410000000
0.0410000000
0.0410000000
0.0410000000
0.0410000000
0.0410000000
0.0410000000
0.0410000000
0.0410000000
0.0410000000
0.0410000000
0.0410000000
0.0410000000
0.0410000000
0.0410000000
0.0410000000
0.0410000000
0.0410000000
0.0410000000
0.0410000000
0.0410000000
0.0410000000
0.0410000000
0.0410000000
0.0410000000
0.0410000000
0.0410000000
0.0410000000
0.0410000000
0.0410000000
0.0410000000
0.0410000000
0.0410000000
0.0410000000
0.0410000000
0.0410000000
0.0410000000
0.0410000000
0.0410000000
0.0410000000
0.0410000000
0.0410000000
0.0410000000
0.0410000000
0.0410000000
0.0410000000
0.0410000000
0.0410000000
0.0410000000
0.0410000000
0.0410000000
0.0410000000
0.0410000000
0.0410000000
0.0410000000
0.0410000000
0.0410000000
0.0410000000
0.0410000000
0.0410000000
0.0410000000
0.0410000000
0.0410000000
0.0410000000
0.0410000000
0.0410000000
0.0410000000
0.0410000000
0.0410000000
0.0410000000
0.0410000000
0.0410000000
0.0410000000
0.0410000000
0.0410000000
0.0410000000
0.0410000000
0.0410000000
0.0410000000
0.0410000000
0.0410000000
0.0410000000
0.0410000000
0.0410000000
0.0410000000
0.0410000000
0.0410000000
0.0410000000
0.0410000000
0.0410000000
0.0410000000
0.0410000000
0.0410000000
0.0410000000
0.0410000000
0.0410000000
0.0410000000
0.0410000000
0.0410000000
0.0410000000
0.0410000000
0.0410000000
0.0410000000
0.0410000000
0.0410000000
0.0410000000
0.0410000000
0.0410000000
0.0410000000
0.0410000000
0.0410000000
0.0410000000
0.0410000000
0.0410000000
0.0410000000
0.0410000000
0.0410000000
0.0410000000
0.0410000000
0.0410000000
0.0410000000
0.0410000000
0.0410000000
0.0410000000
0.0410000000
0.0410000000
0.0410000000
0.0410000000
0.0410000000
0.0410000000
0.0410000000
0.0410000000
0.0410000000
0.0410000000
0.0410000000
0.0410000000
0.0410000000
0.0410000000
0.0410000000
0.0410000000
0.0410000000
0.0410000000
0.0410000000
0.0410000000
0.0410000000
0.0410000000
0.0410000000
0.0410000000
0.0410000000
0.0410000000
0.0410000000
0.0410000000
0.0410000000
0.0410000000
0.0410000000
0.0410000000
0.0410000000
0.0410000000
0.0410000000
0.0410000000
0.0410000000
0.0410000000
0.0410000000
0.0410000000
0.0410000000
0.0410000000
0.0410000000
0.0410000000
0.0410000000
0.0410000000
0.0410000000
0.0410000000
0.0410000000
0.0410000000
0.0410000000
0.0410000000
0.0410000000
0.0410000000
0.0410000000
0.0410000000
0.0410000000
0.0410000000
0.0410000000
0.0410000000
0.0410000000
0.0410000000
0.0410000000
0.0410000000
0.0410000000
0.0410000000
0.0410000000
0.0410000000
0.0410000000
0.0410000000
0.0410000000
0.0410000000
0.0410000000
0.0410000000
0.0410000000
0.0410000000
0.0410000000
0.0410000000
0.0410000000
0.0410000000
0.0410000000
0.0410000000
0.0410000000
0.0410000000
0.0410000000
0.0410000000
0.0410000000
0.0410000000
0.0410000000
0.0410000000
0.0410000000
0.0410000000
0.0410000000
0.0410000000
0.0410000000
0.0410000000
0.0410000000
0.0410000000
0.0410000000
0.0410000000
0.0410000000
0.0410000000
0.0410000000
0.0410000000
0.0410000000
0.0410000000
0.0410000000
0.0410000000
0.0410000000
0.0410000000
0.0410000000
0.0410000000
0.0410000000
0.0410000000
0.0410000000
0.0410000000
0.0410000000
0.0410000000
0.0410000000
0.0410000000
0.0410000000
0.0410000000
0.0410000000
0.0410000000
0.0410000000
0.0410000000
0.0410000000
0.0410000000
0.0410000000
0.0410000000
0.0410000000
0.0410000000
0.0410000000
0.0410000000
0.0410000000
0.0410000000
0.0410000000
0.0410000000
0.0410000000
0.0410000000
0.0410000000
0.0410000000
0.0410000000
0.0410000000
0.0410000000
0.0410000000
0.0410000000
0.0410000000
0.0410000000
0.0410000000
0.0410000000
0.0410000000
0.0410000000
0.0410000000
0.0410000000
0.0410000000
0.0410000000
0.0410000000
0.0410000000
0.0410000000
0.0410000000
0.0410000000
0.0410000000
0.0410000000
0.0410000000
0.0410000000
0.0410000000
0.0410000000
0.0410000000
0.0410000000
0.0410000000
0.0410000000
0.0410000000
0.0410000000
0.0410000000
0.0410000000
0.0410000000
0.0410000000
0.0410000000
0.0410000000
0.0410000000
0.0410000000
0.0410000000
0.0410000000
0.0410000000
0.0410000000
0.0410000000
0.0410000000
0.0410000000
0.0410000000
0.0410000000
0.0410000000
0.0410000000
0.0410000000
0.0410000000
0.0410000000
0.0410000000
0.0410000000
0.0410000000
0.0410000000
0.0410000000
0.0410000000
0.0410000000
0.0410000000
0.0410000000
0.0410000000
0.0410000000
0.0410000000
0.0410000000
0.0410000000
0.0410000000
0.0410000000
0.0410000000
0.0410000000
0.0410000000
0.0410000000
0.0410000000
0.0410000000
0.0410000000
0.0410000000
0.0410000000
0.0410000000
0.0410000000
0.0410000000
0.0410000000
0.0410000000
0.0410000000
0.0410000000
0.0410000000
0.0410000000
0.0410000000
0.0410000000
0.0410000000
0.0410000000
0.0410000000
0.0410000000
0.0410000000
0.0410000000
0.0410000000
0.0410000000
0.0410000000
0.0410000000
0.0410000000
0.0410000000
0.0410000000
0.0410000000
0.0410000000
0.0410000000
0.0410000000
0.0410000000
0.0410000000
0.0410000000
0.0410000000
0.0410000000
0.0410000000
0.0410000000
0.0410000000
0.0410000000
0.0410000000
0.0410000000
0.0410000000
0.0410000000
0.0410000000
0.0410000000
0.0410000000
0.0410000000
0.0410000000
0.0410000000
0.0410000000
0.0410000000
0.0410000000
0.0410000000
0.0410000000
0.0410000000
0.0410000000
0.0410000000
0.0410000000
0.0410000000
0.0410000000
0.0410000000
0.0410000000
0.0410000000
0.0410000000
0.0410000000
0.0410000000
0.0410000000
0.0410000000
0.0410000000
0.0410000000
0.0410000000
0.0410000000
0.0410000000
0.0410000000
0.0410000000
0.0410000000
0.0410000000
0.0410000000
0.0410000000
0.0410000000
0.0410000000
0.0410000000
0.0410000000
0.0410000000
0.0410000000
0.0410000000
0.0410000000
0.0410000000
0.0410000000
0.0410000000
0.0410000000
0.0410000000
0.0410000000
0.0410000000
0.0410000000
0.0410000000
0.0410000000
0.0410000000
0.0410000000
0.0410000000
0.0410000000
0.0410000000
0.0410000000
0.0410000000
0.0410000000
0.0410000000
0.0410000000
0.0410000000
0.0410000000
0.0410000000
0.0410000000
0.0410000000
0.0410000000
0.0410000000
0.0410000000
0.0410000000
0.0410000000
0.0410000000
0.0410000000
0.0410000000
0.0410000000
0.0410000000
0.0410000000
0.0410000000
0.0410000000
0.0410000000
0.0410000000
0.0410000000
0.0410000000
0.0410000000
0.0410000000
0.0410000000
0.0410000000
0.0410000000
0.0410000000
0.0410000000
0.0410000000
0.0410000000
0.0410000000
0.0410000000
0.0410000000
0.0410000000
0.0410000000
0.0410000000
0.0410000000
0.0410000000
0.0410000000
0.0410000000
0.0410000000
0.0410000000
0.0410000000
0.0410000000
0.0410000000
0.0410000000
0.0410000000
0.0410000000
0.0410000000
0.0410000000
0.0410000000
0.0410000000
0.0410000000
0.0410000000
0.0410000000
0.0410000000
0.0410000000
0.0410000000
0.0410000000
0.0410000000
0.0410000000
0.0410000000
0.0410000000
0.0410000000
0.0410000000
0.0410000000
0.0410000000
0.0410000000
0.0410000000
0.0410000000
0.0410000000
0.0410000000
0.0410000000
0.0410000000
0.0410000000
0.0410000000
0.0410000000
0.0410000000
0.0410000000
0.0410000000
0.0410000000
0.0410000000
0.0410000000
0.0410000000
0.0410000000
0.0410000000
0.0410000000
0.0410000000
0.0410000000
0.0410000000
0.0410000000
0.0410000000
0.0410000000
0.0410000000
0.0410000000
0.0410000000
0.0410000000
0.0410000000
0.0410000000
0.0410000000
0.0410000000
0.0410000000
0.0410000000
